[
    {
        "animeEng": "Himitsu Kessha Taka no Tsume Gaiden: Mukashi no Yoshida-kun",
        "animeRomaji": "Himitsu Kessha Taka no Tsume Gaiden: Mukashi no Yoshida-kun",
        "songName": "Koi no Exhaust Note",
        "artist": "FROGMAN",
        "type": "Ending 1",
        "correctCount": 5,
        "startTime": 0,
        "songDuration": 27.6,
        "songNumber": 1,
        "activePlayerCount": 174,
        "LinkVideo": "https://files.catbox.moe/1tooui.webm",
        "LinkMp3": "https://files.catbox.moe/1wrnxc.mp3",
        "annId": 19834,
        "correctPlayers": [
            "IzumiSakai",
            "aryagamis",
            "Cirquit",
            "Nippah",
            "Neutral"
        ]
    },
    {
        "animeEng": "Spirited Away",
        "animeRomaji": "Sen to Chihiro no Kamikakushi",
        "songName": "Itsumo Nando demo",
        "artist": "Yumi Kimura",
        "type": "Ending 1",
        "correctCount": 105,
        "startTime": 66,
        "songDuration": 212.808,
        "songNumber": 2,
        "activePlayerCount": 181,
        "LinkVideo": "https://files.catbox.moe/5azbnv.webm",
        "LinkMp3": "https://files.catbox.moe/q2lwec.mp3",
        "annId": 377
    },
    {
        "animeEng": "Nura: Rise of the Yokai Clan",
        "animeRomaji": "Nurarihyon no Mago",
        "songName": "Sunshine",
        "artist": "MONKEY MAJIK",
        "type": "Opening 2",
        "correctCount": 48,
        "startTime": 0,
        "songDuration": 88.392,
        "songNumber": 3,
        "activePlayerCount": 184,
        "LinkVideo": "https://files.catbox.moe/4axqz1.webm",
        "LinkMp3": "https://files.catbox.moe/zzb4z8.mp3",
        "annId": 11174
    },
    {
        "animeEng": "MM!",
        "animeRomaji": "MM!",
        "songName": "More-more LOVERS!!",
        "artist": "Natsuko Aso",
        "type": "Ending 1",
        "correctCount": 25,
        "startTime": 28,
        "songDuration": 88.248,
        "songNumber": 4,
        "activePlayerCount": 182,
        "LinkVideo": "https://files.catbox.moe/v6emjg.webm",
        "LinkMp3": "https://files.catbox.moe/4lfz0d.mp3",
        "annId": 11368
    },
    {
        "animeEng": "Geobreeders: Breakthrough",
        "animeRomaji": "Geobreeders 2: [File-XX] Ransen Toppa",
        "songName": "Rising Soul",
        "artist": "Sara Aoki",
        "type": "Opening 1",
        "correctCount": 8,
        "startTime": 54,
        "songDuration": 88.8,
        "songNumber": 5,
        "activePlayerCount": 185,
        "LinkVideo": "https://files.catbox.moe/fmbp5h.webm",
        "LinkMp3": "https://files.catbox.moe/szqbpe.mp3",
        "annId": 997
    },
    {
        "animeEng": "Mewkledreamy",
        "animeRomaji": "Mewkledreamy",
        "songName": "Mirai Kuru Kuru Yume Kururu!",
        "artist": "Maria Sawada",
        "type": "Opening 1",
        "correctCount": 24,
        "startTime": 20,
        "songDuration": 87.312,
        "songNumber": 6,
        "activePlayerCount": 185,
        "LinkVideo": "https://files.catbox.moe/pnl87l.webm",
        "LinkMp3": "https://files.catbox.moe/rr88jo.mp3",
        "annId": 22485
    },
    {
        "animeEng": "Nyanbo!",
        "animeRomaji": "Nyanbo!",
        "songName": "Uchuu kara Yattekita Nyanbo",
        "artist": "\u014chashiTrio",
        "type": "Opening 1",
        "correctCount": 143,
        "startTime": 0,
        "songDuration": 23.37919,
        "songNumber": 7,
        "activePlayerCount": 185,
        "LinkVideo": "https://files.catbox.moe/rbl30y.webm",
        "LinkMp3": "https://files.catbox.moe/4p7bdu.mp3",
        "annId": 18759
    },
    {
        "animeEng": "The Demon Girl Next Door",
        "animeRomaji": "Machikado Mazoku",
        "songName": "Machikado Tangent",
        "artist": "shami momo",
        "type": "Opening 1",
        "correctCount": 74,
        "startTime": 19,
        "songDuration": 90.168,
        "songNumber": 8,
        "activePlayerCount": 187,
        "LinkVideo": "https://files.catbox.moe/fh0qq0.webm",
        "LinkMp3": "https://files.catbox.moe/5kxs3p.mp3",
        "annId": 22008
    },
    {
        "animeEng": "The King of Braves GaoGaiGar",
        "animeRomaji": "Yuusha-Oh GaoGaiGar",
        "songName": "Yuusha-Ou Tanjou!",
        "artist": "Masaaki Endoh",
        "type": "Opening 1",
        "correctCount": 40,
        "startTime": 18,
        "songDuration": 88.848,
        "songNumber": 9,
        "activePlayerCount": 190,
        "LinkVideo": "https://files.catbox.moe/edeawz.webm",
        "LinkMp3": "https://files.catbox.moe/0j1vv5.mp3",
        "annId": 1170
    },
    {
        "animeEng": "Berserk: The Golden Age Arc III - The Advent",
        "animeRomaji": "Berserk \u014cgon Jidai-hen III: K\u014drin",
        "songName": "breakthrough",
        "artist": "Kaname Kawabata",
        "type": "Ending 1",
        "correctCount": 10,
        "startTime": 91,
        "songDuration": 274.725074,
        "songNumber": 10,
        "activePlayerCount": 192,
        "LinkVideo": "https://files.catbox.moe/wpwh1f.webm",
        "LinkMp3": "https://files.catbox.moe/q3figm.mp3",
        "annId": 13800
    },
    {
        "animeEng": "Acrobunch in Devil-Land",
        "animeRomaji": "Makyou Densetsu Acrobunch",
        "songName": "Yume no Kariudo",
        "artist": "Yukio Yamagata",
        "type": "Opening 1",
        "correctCount": 4,
        "startTime": 45,
        "songDuration": 87.336,
        "songNumber": 11,
        "activePlayerCount": 194,
        "LinkVideo": "https://files.catbox.moe/dde8ko.webm",
        "LinkMp3": "https://files.catbox.moe/panm2o.mp3",
        "annId": 1043,
        "correctPlayers": [
            "Fairy9",
            "Zylda",
            "TowaSamaTenshi",
            "Zurer"
        ]
    },
    {
        "animeEng": "Ajin: Demi-Human",
        "animeRomaji": "Ajin",
        "songName": "Yoru wa Nemureru kai?",
        "artist": "flumpool",
        "type": "Opening 1",
        "correctCount": 118,
        "startTime": 4,
        "songDuration": 89.496,
        "songNumber": 12,
        "activePlayerCount": 195,
        "LinkVideo": "https://files.catbox.moe/2l81zn.webm",
        "LinkMp3": "https://files.catbox.moe/i84lok.mp3",
        "annId": 17676
    },
    {
        "animeEng": "Antique Heart",
        "animeRomaji": "Antique Heart",
        "songName": "Hissatsu! Gakuen Benriya Boys",
        "artist": "Toshio Furukawa, Hirokazu Hiramatsu, Toshihiko Seki",
        "type": "Ending 1",
        "correctCount": 4,
        "startTime": 38,
        "songDuration": 124.0587,
        "songNumber": 13,
        "activePlayerCount": 195,
        "LinkVideo": "https://files.catbox.moe/h2vym2.webm",
        "LinkMp3": "https://files.catbox.moe/k4vhv8.mp3",
        "annId": 814,
        "correctPlayers": [
            "watashiii",
            "MKNono",
            "HonooNoViolence",
            "theyingster"
        ]
    },
    {
        "animeEng": "Jormungand Perfect Order",
        "animeRomaji": "Jormungand Perfect Order",
        "songName": "UNDER/SHAFT",
        "artist": "Maon Kurosaki",
        "type": "Opening 1",
        "correctCount": 32,
        "startTime": 19,
        "songDuration": 89.568,
        "songNumber": 14,
        "activePlayerCount": 195,
        "LinkVideo": "https://files.catbox.moe/swwarv.webm",
        "LinkMp3": "https://files.catbox.moe/g6mvdd.mp3",
        "annId": 14729
    },
    {
        "animeEng": "Sarazanmai",
        "animeRomaji": "Sarazanmai",
        "songName": "Stand By Me",
        "artist": "the peggies",
        "type": "Ending 1",
        "correctCount": 67,
        "startTime": 50,
        "songDuration": 95.112,
        "songNumber": 15,
        "activePlayerCount": 196,
        "LinkVideo": "https://files.catbox.moe/t1jjvp.webm",
        "LinkMp3": "https://files.catbox.moe/cid8gl.mp3",
        "annId": 21544
    },
    {
        "animeEng": "The Tokyo Project",
        "animeRomaji": "The Tokyo Project",
        "songName": "Kaze no Sailor",
        "artist": "Masaki Kyomoto",
        "type": "Ending 1",
        "correctCount": 0,
        "startTime": 69,
        "songDuration": 146.496,
        "songNumber": 16,
        "activePlayerCount": 197,
        "LinkVideo": "https://files.catbox.moe/b9h0ph.webm",
        "LinkMp3": "https://files.catbox.moe/csksmx.mp3",
        "annId": 331
    },
    {
        "animeEng": "Tari Tari",
        "animeRomaji": "Tari Tari",
        "songName": "Shirahamazaka K\u014dk\u014d K\u014dka (Choir version)",
        "artist": "Shirahamazaka Koukou Gasshou-bu",
        "type": "Insert Song",
        "correctCount": 61,
        "startTime": 3,
        "songDuration": 32.352,
        "songNumber": 17,
        "activePlayerCount": 197,
        "LinkVideo": "https://files.catbox.moe/8xmbhv.webm",
        "LinkMp3": "https://files.catbox.moe/rjpuuq.mp3",
        "annId": 14167
    },
    {
        "animeEng": "PriPara",
        "animeRomaji": "PriPara",
        "songName": "Dream Parade",
        "artist": "Himika Akaneya",
        "type": "Insert Song",
        "correctCount": 55,
        "startTime": 30,
        "songDuration": 136.512,
        "songNumber": 18,
        "activePlayerCount": 198,
        "LinkVideo": "https://files.catbox.moe/zpc4kb.webm",
        "LinkMp3": "https://files.catbox.moe/cwza85.mp3",
        "annId": 16674
    },
    {
        "animeEng": "The Asterisk War",
        "animeRomaji": "Gakusen Toshi Asterisk",
        "songName": "Hold you in the wind",
        "artist": "Rasmus Faber feat.Emily McEwan",
        "type": "Insert Song",
        "correctCount": 67,
        "startTime": 32,
        "songDuration": 88.992,
        "songNumber": 19,
        "activePlayerCount": 197,
        "LinkVideo": "https://files.catbox.moe/xuu2oy.webm",
        "LinkMp3": "https://files.catbox.moe/arz4uv.mp3",
        "annId": 16943
    },
    {
        "animeEng": "Attack on Titan",
        "animeRomaji": "Shingeki no Kyojin",
        "songName": "Call your name",
        "artist": "mpi & CASG",
        "type": "Insert Song",
        "correctCount": 72,
        "startTime": 21,
        "songDuration": 148.872,
        "songNumber": 20,
        "activePlayerCount": 196,
        "LinkVideo": "https://files.catbox.moe/nxv4bt.webm",
        "LinkMp3": "https://files.catbox.moe/ie5zpj.mp3",
        "annId": 14950
    },
    {
        "animeEng": "Hans Christian Andersen's The Little Mermaid",
        "animeRomaji": "Andersen D\u014dwa: Ningyo Hime",
        "songName": "Matte Ita Hito",
        "artist": "Kumiko \u014csugi & People",
        "type": "Insert Song",
        "correctCount": 1,
        "startTime": 3,
        "songDuration": 124.296,
        "songNumber": 21,
        "activePlayerCount": 196,
        "LinkVideo": "https://files.catbox.moe/l3fw2y.webm",
        "LinkMp3": "https://files.catbox.moe/yxdzfb.mp3",
        "annId": 3604,
        "correctPlayers": [
            "Cirquit"
        ]
    },
    {
        "animeEng": "Revolutionary Girl Utena",
        "animeRomaji": "Sh\u014djo Kakumei Utena",
        "songName": "Ensuikei Zettairan Arushibura",
        "artist": "Suginami Jidou Gasshou-dan, Maki Kamiya, Kunihiko Ikuhara, Shinkichi Mitsumune, Toshimichi Otsuki, Shingo Kaneko",
        "type": "Insert Song",
        "correctCount": 71,
        "startTime": 18,
        "songDuration": 92.52,
        "songNumber": 22,
        "activePlayerCount": 196,
        "LinkVideo": "https://files.catbox.moe/t6e3lr.webm",
        "LinkMp3": "https://files.catbox.moe/p64u8r.mp3",
        "annId": 207
    },
    {
        "animeEng": "Sing \"Yesterday\" For Me",
        "animeRomaji": "Yesterday o Utatte",
        "songName": "Aoibashi",
        "artist": "Sayuri",
        "type": "Ending 2",
        "correctCount": 38,
        "startTime": 22,
        "songDuration": 89.016,
        "songNumber": 23,
        "activePlayerCount": 196,
        "LinkVideo": "https://files.catbox.moe/7uoalk.webm",
        "LinkMp3": "https://files.catbox.moe/mu8hg7.mp3",
        "annId": 22975
    },
    {
        "animeEng": "ERASED",
        "animeRomaji": "Boku dake ga Inai Machi",
        "songName": "Re:Re:",
        "artist": "ASIAN KUNG-FU GENERATION",
        "type": "Opening 1",
        "correctCount": 172,
        "startTime": 1,
        "songDuration": 88.968,
        "songNumber": 24,
        "activePlayerCount": 196,
        "LinkVideo": "https://files.catbox.moe/gury3c.webm",
        "LinkMp3": "https://files.catbox.moe/zoq0ul.mp3",
        "annId": 17217
    },
    {
        "animeEng": "To Your Eternity",
        "animeRomaji": "Fumetsu no Anata e",
        "songName": "Mediator",
        "artist": "Masashi Hamauzu",
        "type": "Ending 1",
        "correctCount": 57,
        "startTime": 16,
        "songDuration": 84.36,
        "songNumber": 25,
        "activePlayerCount": 196,
        "LinkVideo": "https://files.catbox.moe/enpgua.webm",
        "LinkMp3": "https://files.catbox.moe/aed8b4.mp3",
        "annId": 23600
    },
    {
        "animeEng": "Joshiochi! 2-kai kara Onnanoko ga...Kudattekita",
        "animeRomaji": "Joshiochi! 2-kai kara Onnanoko ga...Kudattekita",
        "songName": "Koi no Ana",
        "artist": "Saki Hazuki",
        "type": "Ending 1",
        "correctCount": 5,
        "startTime": 30,
        "songDuration": 66.408,
        "songNumber": 26,
        "activePlayerCount": 196,
        "LinkVideo": "https://files.catbox.moe/hth4sb.webm",
        "LinkMp3": "https://files.catbox.moe/4esizq.mp3",
        "annId": 22153,
        "correctPlayers": [
            "KnivesXD",
            "watashiii",
            "Szafa",
            "shadowpandax",
            "KamigishiAkari"
        ]
    },
    {
        "animeEng": "Compiler",
        "animeRomaji": "Compiler",
        "songName": "I WAS BORN TO FALL IN LOVE",
        "artist": "Masami Okui",
        "type": "Opening 1",
        "correctCount": 12,
        "startTime": 42,
        "songDuration": 88.056,
        "songNumber": 27,
        "activePlayerCount": 197,
        "LinkVideo": "https://files.catbox.moe/2x23wl.webm",
        "LinkMp3": "https://files.catbox.moe/gjhghx.mp3",
        "annId": 131
    },
    {
        "animeEng": "Dream Eater Merry",
        "animeRomaji": "Yumekui Merry",
        "songName": "FB Guriccho Sanka",
        "artist": "Naoto Fuuga",
        "type": "Insert Song",
        "correctCount": 18,
        "startTime": 9,
        "songDuration": 40.464,
        "songNumber": 28,
        "activePlayerCount": 197,
        "LinkVideo": "https://files.catbox.moe/98vmmc.webm",
        "LinkMp3": "https://files.catbox.moe/0bia9b.mp3",
        "annId": 11765
    },
    {
        "animeEng": "Bakuon!!",
        "animeRomaji": "Bakuon!!",
        "songName": "Voon! Voon! Ride On",
        "artist": "Reina Ueda, Nao T\u014dyama, Yumi Uchiyama, Rikako Yamaguchi",
        "type": "Ending 1",
        "correctCount": 8,
        "startTime": 44,
        "songDuration": 88.752,
        "songNumber": 29,
        "activePlayerCount": 196,
        "LinkVideo": "https://files.catbox.moe/60uhy2.webm",
        "LinkMp3": "https://files.catbox.moe/yl6i0a.mp3",
        "annId": 17959
    },
    {
        "animeEng": "Danganronpa 3: The End of Hope's Peak High School - Despair Arc",
        "animeRomaji": "Danganronpa 3: The End of Kib\u014dgamine Gakuen - Zetsub\u014d-hen",
        "songName": "Zettai Kib\u014d Birthday",
        "artist": "Megumi Ogata",
        "type": "Ending 1",
        "correctCount": 48,
        "startTime": 24,
        "songDuration": 89.568,
        "songNumber": 30,
        "activePlayerCount": 195,
        "LinkVideo": "https://files.catbox.moe/q3umhl.webm",
        "LinkMp3": "https://files.catbox.moe/lotryu.mp3",
        "annId": 18272
    },
    {
        "animeEng": "Bodacious Space Pirates The Movie: Abyss of Hyperspace",
        "animeRomaji": "M\u014dretsu Pirates: Abyss of Hyperspace - Akuu no Shinen",
        "songName": "M\u014dretsu Uchuu K\u014dky\u014dkyoku\u30fbDainana Gakush\u014d 'Mugen no Ai'",
        "artist": "Momoiro Clover Z",
        "type": "Opening 1",
        "correctCount": 55,
        "startTime": 3,
        "songDuration": 88.872,
        "songNumber": 31,
        "activePlayerCount": 193,
        "LinkVideo": "https://files.catbox.moe/phvcsq.webm",
        "LinkMp3": "https://files.catbox.moe/ku9luw.mp3",
        "annId": 14432
    },
    {
        "animeEng": "Re:ZERO -Starting Life in Another World-",
        "animeRomaji": "Re:Zero kara Hajimeru Isekai Seikatsu",
        "songName": "Memento",
        "artist": "nonoc",
        "type": "Ending 1",
        "correctCount": 158,
        "startTime": 59,
        "songDuration": 88.56,
        "songNumber": 32,
        "activePlayerCount": 193,
        "LinkVideo": "https://files.catbox.moe/u8ve7b.webm",
        "LinkMp3": "https://files.catbox.moe/h4wlu9.mp3",
        "annId": 22005
    },
    {
        "animeEng": "Hallelujah: Unmei no Sentaku",
        "animeRomaji": "Hallelujah: Unmei no Sentaku",
        "songName": "Missing angel (rock ver.)",
        "artist": "Maica_n",
        "type": "Ending 1",
        "correctCount": 4,
        "startTime": 29,
        "songDuration": 173.856,
        "songNumber": 33,
        "activePlayerCount": 193,
        "LinkVideo": "https://files.catbox.moe/40rcsj.webm",
        "LinkMp3": "https://files.catbox.moe/o87qc9.mp3",
        "annId": 23720,
        "correctPlayers": [
            "Nippah",
            "theyingster",
            "Chemist",
            "MyAngelAmakiSari"
        ]
    },
    {
        "animeEng": "RahXephon",
        "animeRomaji": "RahXephon",
        "songName": "Hemisphere",
        "artist": "Maaya Sakamoto",
        "type": "Opening 1",
        "correctCount": 69,
        "startTime": 54,
        "songDuration": 89.544,
        "songNumber": 34,
        "activePlayerCount": 195,
        "LinkVideo": "https://files.catbox.moe/jhexhu.webm",
        "LinkMp3": "https://files.catbox.moe/ibbuk3.mp3",
        "annId": 849
    },
    {
        "animeEng": "Harukana Receive",
        "animeRomaji": "Harukana Receive",
        "songName": "Rise [Vocal version]",
        "artist": "Josefine Wassler",
        "type": "Ending 2",
        "correctCount": 23,
        "startTime": 13,
        "songDuration": 93.024,
        "songNumber": 35,
        "activePlayerCount": 194,
        "LinkVideo": "https://files.catbox.moe/cv64op.webm",
        "LinkMp3": "https://files.catbox.moe/kb8z2s.mp3",
        "annId": 20318
    },
    {
        "animeEng": "Wangan Midnight",
        "animeRomaji": "Wangan Midnight",
        "songName": "Talkin' bout good days",
        "artist": "Mother Ninja",
        "type": "Ending 1",
        "correctCount": 5,
        "startTime": 54,
        "songDuration": 119.328,
        "songNumber": 36,
        "activePlayerCount": 195,
        "LinkVideo": "https://files.catbox.moe/y9gk27.webm",
        "LinkMp3": "https://files.catbox.moe/8r3ijk.mp3",
        "annId": 7646,
        "correctPlayers": [
            "Black_Flame",
            "FrostMuwu",
            "Szafa",
            "KamigishiAkari",
            "whensidols"
        ]
    },
    {
        "animeEng": "Gekij\u014dban Aikatsu!",
        "animeRomaji": "Gekij\u014dban Aikatsu!",
        "songName": "Happy Crescendo",
        "artist": "Waka\u30fbFuuri\u30fbSunao\u30fbRemi from STAR\u2606ANIS",
        "type": "Insert Song",
        "correctCount": 100,
        "startTime": 32,
        "songDuration": 63.6,
        "songNumber": 37,
        "activePlayerCount": 195,
        "LinkVideo": "https://files.catbox.moe/dzhvd9.webm",
        "LinkMp3": "https://files.catbox.moe/ngv8wy.mp3",
        "annId": 15991
    },
    {
        "animeEng": "Lostorage conflated WIXOSS",
        "animeRomaji": "Lostorage conflated WIXOSS",
        "songName": "UNLOCK",
        "artist": "Yuka Iguchi",
        "type": "Opening 1",
        "correctCount": 41,
        "startTime": 54,
        "songDuration": 89.016,
        "songNumber": 38,
        "activePlayerCount": 195,
        "LinkVideo": "https://files.catbox.moe/ot1rsx.webm",
        "LinkMp3": "https://files.catbox.moe/usyp81.mp3",
        "annId": 20453
    },
    {
        "animeEng": "Is the Order a Rabbit?? Season 2",
        "animeRomaji": "Gochuumon wa Usagi Desu ka??",
        "songName": "No Poi!",
        "artist": "Petit Rabbit's",
        "type": "Opening 1",
        "correctCount": 59,
        "startTime": 22,
        "songDuration": 89.568,
        "songNumber": 39,
        "activePlayerCount": 195,
        "LinkVideo": "https://files.catbox.moe/3yxdd5.webm",
        "LinkMp3": "https://files.catbox.moe/6qvl18.mp3",
        "annId": 16737
    },
    {
        "animeEng": "Sword Art Online: Alicization",
        "animeRomaji": "Sword Art Online: Alicization",
        "songName": "Niji no Kanata ni",
        "artist": "ReoNa",
        "type": "Insert Song",
        "correctCount": 108,
        "startTime": 78,
        "songDuration": 108.048,
        "songNumber": 40,
        "activePlayerCount": 197,
        "LinkVideo": "https://files.catbox.moe/d39udt.webm",
        "LinkMp3": "https://files.catbox.moe/761kqv.mp3",
        "annId": 20665
    },
    {
        "animeEng": "Great Pretender",
        "animeRomaji": "Great Pretender",
        "songName": "Through The Night",
        "artist": "YVY ft. Max",
        "type": "Insert Song",
        "correctCount": 30,
        "startTime": 56,
        "songDuration": 96.192,
        "songNumber": 41,
        "activePlayerCount": 196,
        "LinkVideo": "https://files.catbox.moe/9lsbj9.webm",
        "LinkMp3": "https://files.catbox.moe/pyhtnl.mp3",
        "annId": 22317
    },
    {
        "animeEng": "Persona 5 the Animation: Dark Sun",
        "animeRomaji": "Persona 5 the Animation: Dark Sun",
        "songName": "Rivers in the Desert",
        "artist": "Lyn",
        "type": "Insert Song",
        "correctCount": 18,
        "startTime": 81,
        "songDuration": 218.352,
        "songNumber": 42,
        "activePlayerCount": 197,
        "LinkVideo": "https://files.catbox.moe/qmb5s0.webm",
        "LinkMp3": "https://files.catbox.moe/5ghfim.mp3",
        "annId": 21597
    },
    {
        "animeEng": "The Garden of Sinners Remix: Gate of Seventh Heaven",
        "animeRomaji": "Kara no Ky\u014dkai Remix -Gate of seventh heaven-",
        "songName": "interlude#1",
        "artist": "Kalafina",
        "type": "Insert Song",
        "correctCount": 12,
        "startTime": 76,
        "songDuration": 150.048,
        "songNumber": 43,
        "activePlayerCount": 198,
        "LinkVideo": "https://files.catbox.moe/0enh55.webm",
        "LinkMp3": "https://files.catbox.moe/t84m43.mp3",
        "annId": 23796
    },
    {
        "animeEng": "PriPara",
        "animeRomaji": "PriPara",
        "songName": "Kono Uta to Marei Hi",
        "artist": "Azusa Satou",
        "type": "Insert Song",
        "correctCount": 36,
        "startTime": 91,
        "songDuration": 122.04,
        "songNumber": 44,
        "activePlayerCount": 200,
        "LinkVideo": "https://files.catbox.moe/6rl6sp.webm",
        "LinkMp3": "https://files.catbox.moe/6472s8.mp3",
        "annId": 16674
    },
    {
        "animeEng": "Ben-To",
        "animeRomaji": "Ben-To",
        "songName": "LIVE for LIFE ~Ookamitachi no Yoru~",
        "artist": "Aimi",
        "type": "Opening 1",
        "correctCount": 67,
        "startTime": 3,
        "songDuration": 89.99185,
        "songNumber": 45,
        "activePlayerCount": 199,
        "LinkVideo": "https://files.catbox.moe/55v290.webm",
        "LinkMp3": "https://files.catbox.moe/u7skil.mp3",
        "annId": 12541
    },
    {
        "animeEng": "Sh\u014djo\u2606Kageki Revue Starlight: Rondo Rondo Rondo",
        "animeRomaji": "Sh\u014djo\u2606Kageki Revue Starlight: Rondo Rondo Rondo",
        "songName": "Yoi Hanasaki ka Uta",
        "artist": "Teru Ikuta & Ayasa It\u014d",
        "type": "Insert Song",
        "correctCount": 5,
        "startTime": 175,
        "songDuration": 261.936,
        "songNumber": 46,
        "activePlayerCount": 199,
        "LinkVideo": "https://files.catbox.moe/3o7k2r.webm",
        "LinkMp3": "https://files.catbox.moe/cix95f.mp3",
        "annId": 22992,
        "correctPlayers": [
            "Carlos1218",
            "ivin",
            "MusicDown",
            "IdCragEon",
            "Chemist"
        ]
    },
    {
        "animeEng": "A Whisker Away",
        "animeRomaji": "Nakitai Watashi wa Neko o Kaburu",
        "songName": "Usotsuki",
        "artist": "Yorushika",
        "type": "Ending 2",
        "correctCount": 80,
        "startTime": 106,
        "songDuration": 287.544,
        "songNumber": 47,
        "activePlayerCount": 199,
        "LinkVideo": "https://files.catbox.moe/1dgqi0.webm",
        "LinkMp3": "https://files.catbox.moe/6l9ctj.mp3",
        "annId": 23007
    },
    {
        "animeEng": "Yatterman",
        "animeRomaji": "Yatterman: Shin Yatter Mecha Daishuug\u014d! Omocha no Kuni de Daikessen da Koron!",
        "songName": "Yatterman no Uta",
        "artist": "Toshihiko Takamizawa",
        "type": "Opening 1",
        "correctCount": 17,
        "startTime": 43,
        "songDuration": 89.616,
        "songNumber": 48,
        "activePlayerCount": 197,
        "LinkVideo": "https://files.catbox.moe/9omgj9.webm",
        "LinkMp3": "https://files.catbox.moe/omfy6a.mp3",
        "annId": 10848
    },
    {
        "animeEng": "selector infected WIXOSS",
        "animeRomaji": "selector infected WIXOSS",
        "songName": "killy killy JOKER",
        "artist": "Kanon Wakeshima",
        "type": "Opening 1",
        "correctCount": 85,
        "startTime": 14,
        "songDuration": 89.568,
        "songNumber": 49,
        "activePlayerCount": 198,
        "LinkVideo": "https://files.catbox.moe/mjeupf.webm",
        "LinkMp3": "https://files.catbox.moe/c7ga3l.mp3",
        "annId": 15894
    },
    {
        "animeEng": "Black Clover",
        "animeRomaji": "Black Clover",
        "songName": "PAiNT it BLACK",
        "artist": "BiSH",
        "type": "Opening 2",
        "correctCount": 87,
        "startTime": 52,
        "songDuration": 88.896,
        "songNumber": 50,
        "activePlayerCount": 196,
        "LinkVideo": "https://files.catbox.moe/dxcour.webm",
        "LinkMp3": "https://files.catbox.moe/p5uqo0.mp3",
        "annId": 19743
    },
    {
        "animeEng": "New Kimagure Orange\u2605Road: Summer's Beginning",
        "animeRomaji": "Shin Kimagure Orange\u2605Road: Soshite, Ano Natsu no Hajimari",
        "songName": "Love is power",
        "artist": "Aki Kudo",
        "type": "Insert Song",
        "correctCount": 3,
        "startTime": 51,
        "songDuration": 93.432,
        "songNumber": 51,
        "activePlayerCount": 195,
        "LinkVideo": "https://files.catbox.moe/3nyjqu.webm",
        "LinkMp3": "https://files.catbox.moe/8vv9hb.mp3",
        "annId": 34,
        "correctPlayers": [
            "Zylda",
            "watashiii",
            "PsCid"
        ]
    },
    {
        "animeEng": "Mah\u014d Sh\u014djo? Naria\u2606Girls",
        "animeRomaji": "Mah\u014d Sh\u014djo? Naria\u2606Girls",
        "songName": "Mezase! Kokumin-teki Chara",
        "artist": "Naria\u2606Girls",
        "type": "Ending 1",
        "correctCount": 7,
        "startTime": 9,
        "songDuration": 38.064,
        "songNumber": 52,
        "activePlayerCount": 196,
        "LinkVideo": "https://files.catbox.moe/kgn2j1.webm",
        "LinkMp3": "https://files.catbox.moe/u5p475.mp3",
        "annId": 18463
    },
    {
        "animeEng": "Detective School Q",
        "animeRomaji": "Tantei Gakuen Q",
        "songName": "100% Pure",
        "artist": "Pipo\u2606Angels",
        "type": "Opening 3",
        "correctCount": 5,
        "startTime": 43,
        "songDuration": 94.56,
        "songNumber": 53,
        "activePlayerCount": 195,
        "LinkVideo": "https://files.catbox.moe/u050lo.webm",
        "LinkMp3": "https://files.catbox.moe/9mxryt.mp3",
        "annId": 2609,
        "correctPlayers": [
            "Heyko",
            "watashiii",
            "shadowpandax",
            "Cirquit",
            "TowaSamaTenshi"
        ]
    },
    {
        "animeEng": "Fushigiboshi no\u2606Futagohime Gyu!",
        "animeRomaji": "Fushigiboshi no\u2606Futagohime Gyu!",
        "songName": "Gakuen Tengoku~Fine\u2605Rein Version",
        "artist": "Fine\u2605Rein",
        "type": "Ending 2",
        "correctCount": 5,
        "startTime": 42,
        "songDuration": 89.352,
        "songNumber": 54,
        "activePlayerCount": 194,
        "LinkVideo": "https://files.catbox.moe/kbkcdc.webm",
        "LinkMp3": "https://files.catbox.moe/7ho6qy.mp3",
        "annId": 6216,
        "correctPlayers": [
            "watashiii",
            "gaaw",
            "kaghey",
            "Cirquit",
            "IdCragEon"
        ]
    },
    {
        "animeEng": "Aria the Animation",
        "animeRomaji": "Aria the Animation",
        "songName": "Undine -forest mix-",
        "artist": "Yui Makino",
        "type": "Opening 2",
        "correctCount": 55,
        "startTime": 39,
        "songDuration": 94.30042,
        "songNumber": 55,
        "activePlayerCount": 194,
        "LinkVideo": "https://files.catbox.moe/awhxgw.webm",
        "LinkMp3": "https://files.catbox.moe/rf322s.mp3",
        "annId": 5504
    },
    {
        "animeEng": "MonHun Nikki Girigiri Airuu-mura Airuu Kiki Ippatsu",
        "animeRomaji": "MonHun Nikki Girigiri Airuu-mura Airuu Kiki Ippatsu",
        "songName": "Happy Isle Life",
        "artist": "Airuu-mura Philharmonic Gassh\u014d-dan",
        "type": "Ending 1",
        "correctCount": 17,
        "startTime": 7,
        "songDuration": 59.496,
        "songNumber": 56,
        "activePlayerCount": 195,
        "LinkVideo": "https://files.catbox.moe/zb13am.webm",
        "LinkMp3": "https://files.catbox.moe/uh0gkz.mp3",
        "annId": 11585
    },
    {
        "animeEng": "Neon Genesis Evangelion",
        "animeRomaji": "Shinseiki Evangelion",
        "songName": "FACE",
        "artist": "Masami Okui",
        "type": "Insert Song",
        "correctCount": 36,
        "startTime": 4,
        "songDuration": 40.728,
        "songNumber": 57,
        "activePlayerCount": 197,
        "LinkVideo": "https://files.catbox.moe/pcfmzk.webm",
        "LinkMp3": "https://files.catbox.moe/tzc5eq.mp3",
        "annId": 49
    },
    {
        "animeEng": "Pop Team Epic",
        "animeRomaji": "Poputepipikku",
        "songName": "Bansaku neender",
        "artist": "Aya Uchida & Yuka Ozaki",
        "type": "Insert Song",
        "correctCount": 27,
        "startTime": 29,
        "songDuration": 58.632,
        "songNumber": 58,
        "activePlayerCount": 195,
        "LinkVideo": "https://files.catbox.moe/e0jsbq.webm",
        "LinkMp3": "https://files.catbox.moe/jk4hsl.mp3",
        "annId": 22476
    },
    {
        "animeEng": "Please Twins!",
        "animeRomaji": "Onegai\u2606Twins",
        "songName": "Asu e no Namida",
        "artist": "Mami Kawada",
        "type": "Ending 1",
        "correctCount": 26,
        "startTime": 46,
        "songDuration": 81.6,
        "songNumber": 59,
        "activePlayerCount": 195,
        "LinkVideo": "https://files.catbox.moe/lqn5dr.webm",
        "LinkMp3": "https://files.catbox.moe/ykhsq9.mp3",
        "annId": 3812
    },
    {
        "animeEng": "R-15",
        "animeRomaji": "R-15",
        "songName": "HIRAMEKI! Peace (\u2267\u25bd\u2266)v v)",
        "artist": "R-15",
        "type": "Ending 1",
        "correctCount": 16,
        "startTime": 55,
        "songDuration": 87.936,
        "songNumber": 60,
        "activePlayerCount": 194,
        "LinkVideo": "https://files.catbox.moe/p5luj4.webm",
        "LinkMp3": "https://files.catbox.moe/wongdo.mp3",
        "annId": 13248
    },
    {
        "animeEng": "Fate/kaleid liner Prisma\u2606Illya 2wei!",
        "animeRomaji": "Fate/kaleid liner Prisma\u2606Illya 2wei!",
        "songName": "TWO BY TWO",
        "artist": "Yumeha K\u014dda",
        "type": "Ending 1",
        "correctCount": 48,
        "startTime": 0,
        "songDuration": 25.032,
        "songNumber": 61,
        "activePlayerCount": 194,
        "LinkVideo": "https://files.catbox.moe/ohmt7u.webm",
        "LinkMp3": "https://files.catbox.moe/fyq9p1.mp3",
        "annId": 23760
    },
    {
        "animeEng": "Seirei Gensouki: Spirit Chronicles",
        "animeRomaji": "Seirei Gens\u014dki",
        "songName": "Elder Flower",
        "artist": "Aguri Oonishi",
        "type": "Ending 1",
        "correctCount": 39,
        "startTime": 33,
        "songDuration": 104.832,
        "songNumber": 62,
        "activePlayerCount": 194,
        "LinkVideo": "https://files.catbox.moe/kojld1.webm",
        "LinkMp3": "https://files.catbox.moe/3o9vcd.mp3",
        "annId": 24139
    },
    {
        "animeEng": "Sakura Taisen: Sumire",
        "animeRomaji": "Sakura Taisen: Kanzaki Sumire Intai Kinen - Su Mi Re",
        "songName": "Center Spot",
        "artist": "Michie Tomizawa",
        "type": "Ending 2",
        "correctCount": 12,
        "startTime": 0,
        "songDuration": 27.168,
        "songNumber": 63,
        "activePlayerCount": 195,
        "LinkVideo": "https://files.catbox.moe/ztbq4x.webm",
        "LinkMp3": "https://files.catbox.moe/r3u4hy.mp3",
        "annId": 2604
    },
    {
        "animeEng": "Gargantia on the Verdurous Planet",
        "animeRomaji": "Suisei no Gargantia",
        "songName": "Sora to Kimi no Message",
        "artist": "ChouCho",
        "type": "Ending 1",
        "correctCount": 36,
        "startTime": 16,
        "songDuration": 88.56,
        "songNumber": 64,
        "activePlayerCount": 195,
        "LinkVideo": "https://files.catbox.moe/jc0rbl.webm",
        "LinkMp3": "https://files.catbox.moe/junrfm.mp3",
        "annId": 14961
    },
    {
        "animeEng": "Once Upon a Time... Space",
        "animeRomaji": "Ginga Patrol PJ",
        "songName": "Ginga no Jo\u014d",
        "artist": "Tatsuya Matsuno",
        "type": "Opening 1",
        "correctCount": 12,
        "startTime": 31,
        "songDuration": 73.611796,
        "songNumber": 65,
        "activePlayerCount": 194,
        "LinkVideo": "https://files.catbox.moe/oqnvsu.webm",
        "LinkMp3": "https://files.catbox.moe/foyfqg.mp3",
        "annId": 11505
    },
    {
        "animeEng": "Hetalia The World Twinkle",
        "animeRomaji": "Hetalia The World Twinkle",
        "songName": "Hetalian Jet",
        "artist": "Daisuke Namikawa",
        "type": "Ending 1",
        "correctCount": 14,
        "startTime": 15,
        "songDuration": 44.496,
        "songNumber": 66,
        "activePlayerCount": 193,
        "LinkVideo": "https://files.catbox.moe/sj61pc.webm",
        "LinkMp3": "https://files.catbox.moe/8mqtif.mp3",
        "annId": 16636
    },
    {
        "animeEng": "Hozuki's Coolheadedness",
        "animeRomaji": "H\u014dzuki no Reitetsu",
        "songName": "Jigoku no Sata mo Kimi Shidai",
        "artist": "Jigoku no Sata All Stars",
        "type": "Ending 1",
        "correctCount": 102,
        "startTime": 10,
        "songDuration": 88.656,
        "songNumber": 67,
        "activePlayerCount": 190,
        "LinkVideo": "https://files.catbox.moe/ussyfq.webm",
        "LinkMp3": "https://files.catbox.moe/pgdj13.mp3",
        "annId": 21988
    },
    {
        "animeEng": "Reideen the Brave",
        "animeRomaji": "Yuusha Reideen",
        "songName": "Yuusha Reideen",
        "artist": "Masato Shimon & Columbia Yurikago-kai",
        "type": "Opening 1",
        "correctCount": 8,
        "startTime": 15,
        "songDuration": null,
        "songNumber": 68,
        "activePlayerCount": 190,
        "LinkVideo": "https://files.catbox.moe/kv1r7b.webm",
        "LinkMp3": "https://files.catbox.moe/boz7ey.mp3",
        "annId": 1990
    },
    {
        "animeEng": "Fruits Basket Season 2",
        "animeRomaji": "Fruits Basket 2nd Season",
        "songName": "Prism",
        "artist": "AmPm feat. Miyuna",
        "type": "Opening 1",
        "correctCount": 60,
        "startTime": 12,
        "songDuration": 89.568,
        "songNumber": 69,
        "activePlayerCount": 190,
        "LinkVideo": "https://files.catbox.moe/e5f44h.webm",
        "LinkMp3": "https://files.catbox.moe/engqem.mp3",
        "annId": 22588
    },
    {
        "animeEng": "C3 Anime",
        "animeRomaji": "C\u00b3",
        "songName": "Endless Story",
        "artist": "Yukari Tamura",
        "type": "Opening 1",
        "correctCount": 77,
        "startTime": 9,
        "songDuration": 89.568,
        "songNumber": 70,
        "activePlayerCount": 190,
        "LinkVideo": "https://files.catbox.moe/blqyfa.webm",
        "LinkMp3": "https://files.catbox.moe/rqxzbo.mp3",
        "annId": 12992
    },
    {
        "animeEng": "Daily Lives of High School Boys",
        "animeRomaji": "Danshi K\u014dk\u014dsei no Nichij\u014d",
        "songName": "Ohisama",
        "artist": "Amesaki Annainin",
        "type": "Ending 2",
        "correctCount": 83,
        "startTime": 10,
        "songDuration": 82.536,
        "songNumber": 71,
        "activePlayerCount": 190,
        "LinkVideo": "https://files.catbox.moe/g7hgrs.webm",
        "LinkMp3": "https://files.catbox.moe/gmmdjw.mp3",
        "annId": 13743
    },
    {
        "animeEng": "Arakawa Under the Bridge",
        "animeRomaji": "Arakawa Under the Bridge",
        "songName": "Title Nante Jibun de Kangaenasai na",
        "artist": "Miyuki Sawashiro",
        "type": "Opening 2",
        "correctCount": 73,
        "startTime": 45,
        "songDuration": 88.872,
        "songNumber": 72,
        "activePlayerCount": 191,
        "LinkVideo": "https://files.catbox.moe/urvee8.webm",
        "LinkMp3": "https://files.catbox.moe/dizknk.mp3",
        "annId": 11188
    },
    {
        "animeEng": "Armored Trooper Votoms: Case;Irvine",
        "animeRomaji": "S\u014dk\u014d Kihei VOTOMS: Case;Irvine",
        "songName": "Hoshi wo Motomete",
        "artist": "Aira Yuuki",
        "type": "Ending 1",
        "correctCount": 1,
        "startTime": 7,
        "songDuration": 153.754092,
        "songNumber": 73,
        "activePlayerCount": 191,
        "LinkVideo": "https://files.catbox.moe/n1y8y6.webm",
        "LinkMp3": "https://files.catbox.moe/ndtiu4.mp3",
        "annId": 11845,
        "correctPlayers": [
            "PsCid"
        ]
    },
    {
        "animeEng": "Omishi Magical Theater Risky Safety",
        "animeRomaji": "Omishi Mah\u014d Gekij\u014d: Risky/Safety",
        "songName": "Koko ni Iru kara",
        "artist": "Rie Iwatsubo",
        "type": "Insert Song",
        "correctCount": 3,
        "startTime": 297,
        "songDuration": 378.047275,
        "songNumber": 74,
        "activePlayerCount": 190,
        "LinkVideo": "https://files.catbox.moe/hlo3yt.webm",
        "LinkMp3": "https://files.catbox.moe/h19h58.mp3",
        "annId": 1168,
        "correctPlayers": [
            "watashiii",
            "Segu",
            "theyingster"
        ]
    },
    {
        "animeEng": "The Devil is a Part-Timer!",
        "animeRomaji": "Hataraku Ma\u014d-sama!",
        "songName": "Gekka",
        "artist": "nano.RIPE",
        "type": "Ending 1",
        "correctCount": 68,
        "startTime": 20,
        "songDuration": 87.048,
        "songNumber": 75,
        "activePlayerCount": 190,
        "LinkVideo": "https://files.catbox.moe/bwvwqv.webm",
        "LinkMp3": "https://files.catbox.moe/7prv0s.mp3",
        "annId": 14846
    },
    {
        "animeEng": "Honobono Log",
        "animeRomaji": "Honobono Log",
        "songName": "morning",
        "artist": "Ame no Parade",
        "type": "Opening 1",
        "correctCount": 71,
        "startTime": 0,
        "songDuration": 19.2,
        "songNumber": 76,
        "activePlayerCount": 190,
        "LinkVideo": "https://files.catbox.moe/hr31fn.webm",
        "LinkMp3": "https://files.catbox.moe/hm273m.mp3",
        "annId": 18428
    },
    {
        "animeEng": "Gatchaman Crowds",
        "animeRomaji": "Gatchaman Crowds",
        "songName": "Crowds",
        "artist": "WHITE ASH",
        "type": "Opening 1",
        "correctCount": 87,
        "startTime": 45,
        "songDuration": 77.472,
        "songNumber": 77,
        "activePlayerCount": 191,
        "LinkVideo": "https://files.catbox.moe/wa744g.webm",
        "LinkMp3": "https://files.catbox.moe/xfns7g.mp3",
        "annId": 15280
    },
    {
        "animeEng": "Penguin Highway",
        "animeRomaji": "Penguin Highway",
        "songName": "Good Night",
        "artist": "Hikaru Utada",
        "type": "Ending 1",
        "correctCount": 82,
        "startTime": 221,
        "songDuration": 249.84,
        "songNumber": 78,
        "activePlayerCount": 190,
        "LinkVideo": "https://files.catbox.moe/wcvbkw.webm",
        "LinkMp3": "https://files.catbox.moe/wbsft9.mp3",
        "annId": 20710
    },
    {
        "animeEng": "Symphogear",
        "animeRomaji": "Senki Zessh\u014d Symphogear",
        "songName": "Koi no Okehazama",
        "artist": "Nana Mizuki",
        "type": "Insert Song",
        "correctCount": 27,
        "startTime": 5,
        "songDuration": 43.571496,
        "songNumber": 79,
        "activePlayerCount": 191,
        "LinkVideo": "https://files.catbox.moe/cooakt.webm",
        "LinkMp3": "https://files.catbox.moe/vak9vh.mp3",
        "annId": 13659
    },
    {
        "animeEng": "Military!",
        "animeRomaji": "Military!",
        "songName": "Militarism! Microgun ver,",
        "artist": "Inori Minase",
        "type": "Ending 3",
        "correctCount": 39,
        "startTime": 0,
        "songDuration": 29.952,
        "songNumber": 80,
        "activePlayerCount": 190,
        "LinkVideo": "https://files.catbox.moe/emeeev.webm",
        "LinkMp3": "https://files.catbox.moe/r6q8ms.mp3",
        "annId": 16471
    },
    {
        "animeEng": "Aikatsu Stars!",
        "animeRomaji": "Aikatsu Stars!",
        "songName": "POPCORN DREAMING\u266a",
        "artist": "Sena\u30fbRie from AIKATSU\u2606STARS!",
        "type": "Insert Song",
        "correctCount": 12,
        "startTime": 5,
        "songDuration": null,
        "songNumber": 81,
        "activePlayerCount": 190,
        "LinkVideo": "https://files.catbox.moe/kla561.webm",
        "LinkMp3": "https://files.catbox.moe/8ozxit.mp3",
        "annId": 18088
    },
    {
        "animeEng": "Maison Ikkoku",
        "animeRomaji": "Maison Ikkoku",
        "songName": "GARDEN OF LOVE",
        "artist": "CINDY",
        "type": "Insert Song",
        "correctCount": 6,
        "startTime": 23,
        "songDuration": 145.68,
        "songNumber": 82,
        "activePlayerCount": 190,
        "LinkVideo": "https://files.catbox.moe/uqz5fe.webm",
        "LinkMp3": "https://files.catbox.moe/y97yds.mp3",
        "annId": 376
    },
    {
        "animeEng": "Shin Sh\u014dnan Bakus\u014dzoku Arakure Knight",
        "animeRomaji": "Shin Sh\u014dnan Bakus\u014dzoku Arakure Knight",
        "songName": "Yumemiru Koro o Sugitemo",
        "artist": "HillBilly Bops",
        "type": "Ending 1",
        "correctCount": 2,
        "startTime": 71,
        "songDuration": 125.088,
        "songNumber": 83,
        "activePlayerCount": 190,
        "LinkVideo": "https://files.catbox.moe/jsnpqa.webm",
        "LinkMp3": "https://files.catbox.moe/rcwww9.mp3",
        "annId": 6385,
        "correctPlayers": [
            "Zylda",
            "gaaw"
        ]
    },
    {
        "animeEng": "2.43: Seiin High School Boys Volleyball Team",
        "animeRomaji": "2.43: Seiin K\u014dk\u014d Danshi Volley-bu",
        "songName": "Undulation",
        "artist": "Soushi Sakiyama",
        "type": "Ending 1",
        "correctCount": 50,
        "startTime": 47,
        "songDuration": 89.352,
        "songNumber": 84,
        "activePlayerCount": 190,
        "LinkVideo": "https://files.catbox.moe/jvm91x.webm",
        "LinkMp3": "https://files.catbox.moe/yr0215.mp3",
        "annId": 23487
    },
    {
        "animeEng": "Durarara!! \u00d72 The Third Arc",
        "animeRomaji": "Durarara!!\u00d72 Ketsu",
        "songName": "Steppin' Out",
        "artist": "FLOW",
        "type": "Opening 1",
        "correctCount": 100,
        "startTime": 33,
        "songDuration": 90.768,
        "songNumber": 85,
        "activePlayerCount": 182,
        "LinkVideo": "https://files.catbox.moe/hctamt.webm",
        "LinkMp3": "https://files.catbox.moe/8pm7ji.mp3",
        "annId": 16670
    }
]