[
    {
        "animeEng": "Koihime\u2020Mus\u014d",
        "animeRomaji": "Koihime\u2020Mus\u014d",
        "songName": "flower of bravery",
        "artist": "fripSide",
        "type": "Opening 1",
        "correctCount": 21,
        "startTime": 48,
        "songDuration": 88.512,
        "songNumber": 1,
        "activePlayerCount": 112,
        "LinkVideo": "https://files.catbox.moe/co5ex7.webm",
        "LinkMp3": "https://files.catbox.moe/jsiwzg.mp3",
        "annId": 9498
    },
    {
        "animeEng": "One Pound Gospel",
        "animeRomaji": "Ichi Pound no Fukuin",
        "songName": "CALL MY LUCK",
        "artist": "Mari Hamada",
        "type": "Insert Song",
        "correctCount": 3,
        "startTime": 53,
        "songDuration": 94.728,
        "songNumber": 2,
        "activePlayerCount": 126,
        "LinkVideo": "https://files.catbox.moe/dtwd0m.webm",
        "LinkMp3": "https://files.catbox.moe/b5a4ly.mp3",
        "annId": 706,
        "correctPlayers": [
            "anomanderbaked",
            "Carmanher",
            "EruisKawaii"
        ]
    },
    {
        "animeEng": "Fullmetal Alchemist",
        "animeRomaji": "Hagane no Renkinjutsushi",
        "songName": "I Will",
        "artist": "Sowelu",
        "type": "Ending 4",
        "correctCount": 36,
        "startTime": 48,
        "songDuration": 86.904,
        "songNumber": 3,
        "activePlayerCount": 133,
        "LinkVideo": "https://files.catbox.moe/7oozbt.webm",
        "LinkMp3": "https://files.catbox.moe/rnd138.mp3",
        "annId": 2960
    },
    {
        "animeEng": "2.43: Seiin High School Boys Volleyball Team",
        "animeRomaji": "2.43: Seiin K\u014dk\u014d Danshi Volley-bu",
        "songName": "Undulation",
        "artist": "Soushi Sakiyama",
        "type": "Ending 1",
        "correctCount": 31,
        "startTime": 37,
        "songDuration": 89.352,
        "songNumber": 4,
        "activePlayerCount": 135,
        "LinkVideo": "https://files.catbox.moe/jvm91x.webm",
        "LinkMp3": "https://files.catbox.moe/yr0215.mp3",
        "annId": 23487
    },
    {
        "animeEng": "The Testament of Sister New Devil BURST",
        "animeRomaji": "Shinmai Ma\u014d no Testament BURST",
        "songName": "Over The Testament Ver.2",
        "artist": "Metamorphose featuring Kaori Oda",
        "type": "Opening 2",
        "correctCount": 49,
        "startTime": 3,
        "songDuration": 88.527458,
        "songNumber": 5,
        "activePlayerCount": 134,
        "LinkVideo": "https://files.catbox.moe/iqjhwa.webm",
        "LinkMp3": "https://files.catbox.moe/vy7umi.mp3",
        "annId": 16888
    },
    {
        "animeEng": "Sarazanmai",
        "animeRomaji": "Sarazanmai",
        "songName": "Massara",
        "artist": "KANA-BOON",
        "type": "Opening 1",
        "correctCount": 40,
        "startTime": 35,
        "songDuration": 88.968,
        "songNumber": 6,
        "activePlayerCount": 138,
        "LinkVideo": "https://files.catbox.moe/360nwx.webm",
        "LinkMp3": "https://files.catbox.moe/814whk.mp3",
        "annId": 21544
    },
    {
        "animeEng": "The Vision of Escaflowne",
        "animeRomaji": "Tenkuu no Escaflowne",
        "songName": "Yakusoku wa Iranai",
        "artist": "Maaya Sakamoto",
        "type": "Opening 1",
        "correctCount": 44,
        "startTime": 21,
        "songDuration": 88.848,
        "songNumber": 7,
        "activePlayerCount": 141,
        "LinkVideo": "https://files.catbox.moe/o56d6v.webm",
        "LinkMp3": "https://files.catbox.moe/alpp3r.mp3",
        "annId": 240
    },
    {
        "animeEng": "Shin Chan",
        "animeRomaji": "Shin Chan",
        "songName": "Yuru Yuru DE-O!",
        "artist": "Akiko Yajima",
        "type": "Opening 9",
        "correctCount": 121,
        "startTime": 14,
        "songDuration": 58.44,
        "songNumber": 8,
        "activePlayerCount": 143,
        "LinkVideo": "https://files.catbox.moe/qpqmq4.webm",
        "LinkMp3": "https://files.catbox.moe/17hrq9.mp3",
        "annId": 540
    },
    {
        "animeEng": "Hana no Asuka-gumi!",
        "animeRomaji": "Hana no Asuka-gumi!",
        "songName": "14-sai no Violence",
        "artist": "Asuka-gumi",
        "type": "Opening 1",
        "correctCount": 2,
        "startTime": 67,
        "songDuration": 122.064,
        "songNumber": 9,
        "activePlayerCount": 143,
        "LinkVideo": "https://files.catbox.moe/6ivxxs.webm",
        "LinkMp3": "https://files.catbox.moe/k5a8ju.mp3",
        "annId": 7165,
        "correctPlayers": [
            "Anwonu",
            "theyingster"
        ]
    },
    {
        "animeEng": "Teekyuu",
        "animeRomaji": "Teekyuu",
        "songName": "Menimenimanimani",
        "artist": "Ky\u014dko Narumi",
        "type": "Opening 1",
        "correctCount": 115,
        "startTime": 0,
        "songDuration": 29.808,
        "songNumber": 10,
        "activePlayerCount": 146,
        "LinkVideo": "https://files.catbox.moe/9nk4ex.webm",
        "LinkMp3": "https://files.catbox.moe/x9cs8e.mp3",
        "annId": 15377
    },
    {
        "animeEng": "Mobile Suit Gundam 0080: War in the Pocket",
        "animeRomaji": "Kid\u014d Senshi Gundam 0080: Pocket no Naka no Sens\u014d",
        "songName": "Tooi Kioku",
        "artist": "Megumi Shiina",
        "type": "Ending 1",
        "correctCount": 16,
        "startTime": 72,
        "songDuration": 114.96,
        "songNumber": 11,
        "activePlayerCount": 146,
        "LinkVideo": "https://files.catbox.moe/z6qbu0.webm",
        "LinkMp3": "https://files.catbox.moe/yyc9ao.mp3",
        "annId": 22
    },
    {
        "animeEng": "Batman Ninja",
        "animeRomaji": "Ninja Batman",
        "songName": "GAT-TAI",
        "artist": "Daisuke Hasegawa",
        "type": "Insert Song",
        "correctCount": 44,
        "startTime": 40,
        "songDuration": 69.980838,
        "songNumber": 12,
        "activePlayerCount": 144,
        "LinkVideo": "https://files.catbox.moe/uy94hc.webm",
        "LinkMp3": "https://files.catbox.moe/z20u4z.mp3",
        "annId": 20384
    },
    {
        "animeEng": "Lost Song",
        "animeRomaji": "Lost Song",
        "songName": "Daichi ni Dakare",
        "artist": "Konomi Suzuki/Yuu Serizawa",
        "type": "Insert Song",
        "correctCount": 18,
        "startTime": 13,
        "songDuration": 45.456,
        "songNumber": 13,
        "activePlayerCount": 148,
        "LinkVideo": "https://files.catbox.moe/r9c3uj.webm",
        "LinkMp3": "https://files.catbox.moe/guhyyk.mp3",
        "annId": 19988
    },
    {
        "animeEng": "Gekij\u014dban PriPara Mi~nna Atsumare! Prism\u2606Tours",
        "animeRomaji": "Gekij\u014dban PriPara Mi~nna Atsumare! Prism\u2606Tours",
        "songName": "BOY MEETS GIRL",
        "artist": "Over The Rainbow",
        "type": "Insert Song",
        "correctCount": 27,
        "startTime": 42,
        "songDuration": 74.112,
        "songNumber": 14,
        "activePlayerCount": 148,
        "LinkVideo": "https://files.catbox.moe/zvrwu9.webm",
        "LinkMp3": "https://files.catbox.moe/k0h9wo.mp3",
        "annId": 16617
    },
    {
        "animeEng": "Persona 4 The Animation",
        "animeRomaji": "Persona 4 The Animation",
        "songName": "Burn My Dread",
        "artist": "Yumi Kawamura",
        "type": "Opening 5",
        "correctCount": 80,
        "startTime": 14,
        "songDuration": 89.676826,
        "songNumber": 15,
        "activePlayerCount": 146,
        "LinkVideo": "https://files.catbox.moe/59d64x.webm",
        "LinkMp3": "https://files.catbox.moe/9wjkbv.mp3",
        "annId": 12870
    },
    {
        "animeEng": "Digimon Adventure",
        "animeRomaji": "Digimon Adventure",
        "songName": "Yuuki wo Tsubasa ni Shite",
        "artist": "Toshiko Fujita",
        "type": "Insert Song",
        "correctCount": 16,
        "startTime": 28,
        "songDuration": 71.904,
        "songNumber": 16,
        "activePlayerCount": 148,
        "LinkVideo": "https://files.catbox.moe/zv0v7z.webm",
        "LinkMp3": "https://files.catbox.moe/yly0x5.mp3",
        "annId": 794
    },
    {
        "animeEng": "Lupin III: Italian Game",
        "animeRomaji": "Lupin Sansei: Italian Game",
        "songName": "Melancholy Baby",
        "artist": "Shiori Sasaki",
        "type": "Insert Song",
        "correctCount": 10,
        "startTime": 60,
        "songDuration": 200.832,
        "songNumber": 17,
        "activePlayerCount": 149,
        "LinkVideo": "https://files.catbox.moe/inytc6.webm",
        "LinkMp3": "https://files.catbox.moe/mpbz7z.mp3",
        "annId": 18469
    },
    {
        "animeEng": "Amuri in Star Ocean",
        "animeRomaji": "Hoshi no Umi no Amuri",
        "songName": "Umidorika -Heartful Ver-",
        "artist": "Uchuu Shoujo Vanaren-tai wants Aya Hirano",
        "type": "Insert Song",
        "correctCount": 11,
        "startTime": 118,
        "songDuration": 146.136,
        "songNumber": 18,
        "activePlayerCount": 149,
        "LinkVideo": "https://files.catbox.moe/0vxdaj.webm",
        "LinkMp3": "https://files.catbox.moe/xqm7in.mp3",
        "annId": 8720
    },
    {
        "animeEng": "D4DJ First Mix",
        "animeRomaji": "D4DJ First Mix",
        "songName": "Let's do the 'Big Bang!'",
        "artist": "Peaky P-key feat. RINKU",
        "type": "Insert Song",
        "correctCount": 33,
        "startTime": 1,
        "songDuration": 117.72,
        "songNumber": 19,
        "activePlayerCount": 150,
        "LinkVideo": "https://files.catbox.moe/px6980.webm",
        "LinkMp3": "https://files.catbox.moe/0jc9wy.mp3",
        "annId": 23530
    },
    {
        "animeEng": "Aikatsu!",
        "animeRomaji": "Aikatsu!",
        "songName": "Dance in the rain",
        "artist": "Waka from STAR\u2606ANIS",
        "type": "Insert Song",
        "correctCount": 48,
        "startTime": 0,
        "songDuration": 29.328,
        "songNumber": 20,
        "activePlayerCount": 150,
        "LinkVideo": "https://files.catbox.moe/f9nrab.webm",
        "LinkMp3": "https://files.catbox.moe/x9j4hm.mp3",
        "annId": 16824
    },
    {
        "animeEng": "Yo-kai Watch",
        "animeRomaji": "Yo-kai Watch",
        "songName": "Y\u014dkai Tais\u014d Daiichi",
        "artist": "Dream5",
        "type": "Ending 1",
        "correctCount": 92,
        "startTime": 3,
        "songDuration": 83.4,
        "songNumber": 21,
        "activePlayerCount": 151,
        "LinkVideo": "https://files.catbox.moe/dggpkk.webm",
        "LinkMp3": "https://files.catbox.moe/ngnqn4.mp3",
        "annId": 13724
    },
    {
        "animeEng": "Overman King Gainer",
        "animeRomaji": "Overman King Gainer",
        "songName": "King Gainer Over!",
        "artist": "Yoshiki Fukuyama",
        "type": "Opening 1",
        "correctCount": 26,
        "startTime": 17,
        "songDuration": 87.848286,
        "songNumber": 22,
        "activePlayerCount": 151,
        "LinkVideo": "https://files.catbox.moe/henz4r.webm",
        "LinkMp3": "https://files.catbox.moe/5tdbs0.mp3",
        "annId": 1737
    },
    {
        "animeEng": "Kobato.",
        "animeRomaji": "Kobato.",
        "songName": "Ashita Kuru Hi ~Ich\u014d no Ki no Shita de~",
        "artist": "Chiwa Saito & Kana Hanazawa",
        "type": "Insert Song",
        "correctCount": 26,
        "startTime": 62,
        "songDuration": 123.048,
        "songNumber": 23,
        "activePlayerCount": 152,
        "LinkVideo": "https://files.catbox.moe/vq4rxx.webm",
        "LinkMp3": "https://files.catbox.moe/m9ald1.mp3",
        "annId": 10542
    },
    {
        "animeEng": "Eiga Precure All Stars New Stage: Mirai no Tomodachi",
        "animeRomaji": "Eiga Precure All Stars New Stage: Mirai no Tomodachi",
        "songName": "Precure ~Eien no Tomodachi~",
        "artist": "Mayu Kud\u014d",
        "type": "Opening 1",
        "correctCount": 8,
        "startTime": 50,
        "songDuration": 138.024,
        "songNumber": 24,
        "activePlayerCount": 151,
        "LinkVideo": "https://files.catbox.moe/hhgpj5.webm",
        "LinkMp3": "https://files.catbox.moe/diad9w.mp3",
        "annId": 13804
    },
    {
        "animeEng": "The Melancholy of Haruhi Suzumiya",
        "animeRomaji": "Suzumiya Haruhi no Yuuutsu",
        "songName": "Koi no Mikuru Densetsu",
        "artist": "Yuko Goto",
        "type": "Opening 1",
        "correctCount": 114,
        "startTime": 26,
        "songDuration": 89.128264,
        "songNumber": 25,
        "activePlayerCount": 151,
        "LinkVideo": "https://files.catbox.moe/oe6tzm.webm",
        "LinkMp3": "https://files.catbox.moe/d35z2j.mp3",
        "annId": 6430
    },
    {
        "animeEng": "City Hunter 3",
        "animeRomaji": "City Hunter 3",
        "songName": "Go Go Heaven",
        "artist": "Toshiyuki Ohsawa",
        "type": "Insert Song",
        "correctCount": 48,
        "startTime": 47,
        "songDuration": 83.064,
        "songNumber": 26,
        "activePlayerCount": 152,
        "LinkVideo": "https://files.catbox.moe/soq1ex.webm",
        "LinkMp3": "https://files.catbox.moe/jpf19a.mp3",
        "annId": 546
    },
    {
        "animeEng": "SUPER HXEROS",
        "animeRomaji": "Dokyuu Hentai HxEros",
        "songName": "Wake Up H\u00d7ERO!",
        "artist": "HXEROS SYNDROMES feat. Yoshitsugu Matsuoka",
        "type": "Opening 1",
        "correctCount": 52,
        "startTime": 57,
        "songDuration": 88.56,
        "songNumber": 27,
        "activePlayerCount": 156,
        "LinkVideo": "https://files.catbox.moe/affc43.webm",
        "LinkMp3": "https://files.catbox.moe/i4yvhz.mp3",
        "annId": 22606
    },
    {
        "animeEng": "Psycho-Pass 2",
        "animeRomaji": "Psycho-Pass 2",
        "songName": "Fallen",
        "artist": "EGOIST",
        "type": "Ending 1",
        "correctCount": 45,
        "startTime": 8,
        "songDuration": 89.664,
        "songNumber": 28,
        "activePlayerCount": 154,
        "LinkVideo": "https://files.catbox.moe/rnv1ff.webm",
        "LinkMp3": "https://files.catbox.moe/dfcv9u.mp3",
        "annId": 15513
    },
    {
        "animeEng": "Nisekoi",
        "animeRomaji": "Nisekoi",
        "songName": "CLICK",
        "artist": "ClariS",
        "type": "Opening 1",
        "correctCount": 102,
        "startTime": 21,
        "songDuration": 89.568,
        "songNumber": 29,
        "activePlayerCount": 154,
        "LinkVideo": "https://files.catbox.moe/388uyj.webm",
        "LinkMp3": "https://files.catbox.moe/hph8tt.mp3",
        "annId": 16607
    },
    {
        "animeEng": "Ninku the Movie",
        "animeRomaji": "Ninku the Movie",
        "songName": "Kagayaki wa Kimi no Naka ni",
        "artist": "Yume Suzuki",
        "type": "Opening 1",
        "correctCount": 3,
        "startTime": 12,
        "songDuration": 96.168,
        "songNumber": 30,
        "activePlayerCount": 154,
        "LinkVideo": "https://files.catbox.moe/wbl3id.webm",
        "LinkMp3": "https://files.catbox.moe/mqgrzk.mp3",
        "annId": 498,
        "correctPlayers": [
            "asleep",
            "ozsauce",
            "watashiii"
        ]
    },
    {
        "animeEng": "Detective Conan: Crossroad in the Ancient Capital",
        "animeRomaji": "Meitantei Conan: Meikyuu no Crossroad",
        "songName": "Kimi ga Ireba",
        "artist": "Reiko",
        "type": "Insert Song",
        "correctCount": 19,
        "startTime": 39,
        "songDuration": 80.16,
        "songNumber": 31,
        "activePlayerCount": 155,
        "LinkVideo": "https://files.catbox.moe/6iw84l.webm",
        "LinkMp3": "https://files.catbox.moe/kkt91t.mp3",
        "annId": 2678
    },
    {
        "animeEng": "To Heart 2 Dungeon Travelers",
        "animeRomaji": "To Heart 2 Dungeon Travelers",
        "songName": "Tada Hitosu no Sei",
        "artist": "Rena Uehara",
        "type": "Ending 1",
        "correctCount": 8,
        "startTime": 51,
        "songDuration": 113.064,
        "songNumber": 32,
        "activePlayerCount": 155,
        "LinkVideo": "https://files.catbox.moe/graod8.webm",
        "LinkMp3": "https://files.catbox.moe/no6onx.mp3",
        "annId": 13633
    },
    {
        "animeEng": "D-Frag!",
        "animeRomaji": "D-Frag!",
        "songName": "Stalemate!",
        "artist": "IOSYS jk Girls",
        "type": "Opening 1",
        "correctCount": 73,
        "startTime": 34,
        "songDuration": 89.16,
        "songNumber": 33,
        "activePlayerCount": 157,
        "LinkVideo": "https://files.catbox.moe/g0uohs.webm",
        "LinkMp3": "https://files.catbox.moe/m94wdh.mp3",
        "annId": 15705
    },
    {
        "animeEng": "BlazBlue Alter Memory",
        "animeRomaji": "BlazBlue Alter Memory",
        "songName": "BLUE BLAZE",
        "artist": "Faylan",
        "type": "Opening 1",
        "correctCount": 28,
        "startTime": 50,
        "songDuration": 88.992,
        "songNumber": 34,
        "activePlayerCount": 156,
        "LinkVideo": "https://files.catbox.moe/4t0sjb.webm",
        "LinkMp3": "https://files.catbox.moe/3r09u4.mp3",
        "annId": 15344
    },
    {
        "animeEng": "Ultimate Otaku Teacher",
        "animeRomaji": "Denpa Ky\u014dshi: He Is an Ultimate Teacher",
        "songName": "Kazoku no Kizuna da Famiranger (Original Ver.)",
        "artist": "Risae Matsuda",
        "type": "Insert Song",
        "correctCount": 4,
        "startTime": 0,
        "songDuration": 90.355998,
        "songNumber": 35,
        "activePlayerCount": 157,
        "LinkVideo": "https://files.catbox.moe/b9hkbu.webm",
        "LinkMp3": "https://files.catbox.moe/3rbc3c.mp3",
        "annId": 16723,
        "correctPlayers": [
            "doomchicken",
            "Jlin2",
            "SimKross",
            "konomi"
        ]
    },
    {
        "animeEng": "Legendary Armor Samurai Troopers",
        "animeRomaji": "Yoroiden Samurai Troopers",
        "songName": "Chizu no Nai Tabi e",
        "artist": "Kaori Kusakabe, Takeshi Kusao, Daiki Nakamura, Tomohiro Nishimura, Nozomu Sasaki, Shigezou Sasaoka, Norio Wakamoto",
        "type": "Insert Song",
        "correctCount": 1,
        "startTime": 2,
        "songDuration": 93.624,
        "songNumber": 36,
        "activePlayerCount": 157,
        "LinkVideo": "https://files.catbox.moe/qd5evc.webm",
        "LinkMp3": "https://files.catbox.moe/z26om5.mp3",
        "annId": 340,
        "correctPlayers": [
            "konomi"
        ]
    },
    {
        "animeEng": "Paprika",
        "animeRomaji": "Paprika",
        "songName": "Byakkoya",
        "artist": "Susumu Hirasawa",
        "type": "Ending 1",
        "correctCount": 62,
        "startTime": 104,
        "songDuration": 283.968,
        "songNumber": 37,
        "activePlayerCount": 158,
        "LinkVideo": "https://files.catbox.moe/pn3cj8.webm",
        "LinkMp3": "https://files.catbox.moe/vxlqtq.mp3",
        "annId": 6142
    },
    {
        "animeEng": "Air Gear",
        "animeRomaji": "Air Gear",
        "songName": "Chain",
        "artist": "BACK-ON",
        "type": "Opening 1",
        "correctCount": 85,
        "startTime": 24,
        "songDuration": 90.096,
        "songNumber": 38,
        "activePlayerCount": 159,
        "LinkVideo": "https://files.catbox.moe/o6drw7.webm",
        "LinkMp3": "https://files.catbox.moe/ayehyz.mp3",
        "annId": 6251
    },
    {
        "animeEng": "Mazinkaiser",
        "animeRomaji": "Mazinkaiser",
        "songName": "FIRE WARS",
        "artist": "JAM Project featuring Hironobu Kageyama",
        "type": "Opening 1",
        "correctCount": 16,
        "startTime": 0,
        "songDuration": 89.136,
        "songNumber": 39,
        "activePlayerCount": 159,
        "LinkVideo": "https://files.catbox.moe/7af0g8.webm",
        "LinkMp3": "https://files.catbox.moe/t1ike1.mp3",
        "annId": 1007
    },
    {
        "animeEng": "Zero Duel Masters",
        "animeRomaji": "Zero Duel Masters",
        "songName": "Ima! Hajimaru Yuuki",
        "artist": "Rey",
        "type": "Opening 1",
        "correctCount": 30,
        "startTime": 0,
        "songDuration": 26.424,
        "songNumber": 40,
        "activePlayerCount": 160,
        "LinkVideo": "https://files.catbox.moe/s3seca.webm",
        "LinkMp3": "https://files.catbox.moe/3wrqhh.mp3",
        "annId": 7964
    },
    {
        "animeEng": "Nazca",
        "animeRomaji": "Jikuu Tensh\u014d Nazca",
        "songName": "Ai no Fuuga",
        "artist": "The Eccentric Opera",
        "type": "Opening 1",
        "correctCount": 10,
        "startTime": 26,
        "songDuration": 83.448,
        "songNumber": 41,
        "activePlayerCount": 160,
        "LinkVideo": "https://files.catbox.moe/9piyl6.webm",
        "LinkMp3": "https://files.catbox.moe/64cv2q.mp3",
        "annId": 181
    },
    {
        "animeEng": "Owarimonogatari",
        "animeRomaji": "Owarimonogatari",
        "songName": "dark cherry mystery",
        "artist": "Kaori Mizuhashi",
        "type": "Opening 3",
        "correctCount": 79,
        "startTime": 55,
        "songDuration": 90.192,
        "songNumber": 42,
        "activePlayerCount": 159,
        "LinkVideo": "https://files.catbox.moe/nmg5ha.webm",
        "LinkMp3": "https://files.catbox.moe/grpve2.mp3",
        "annId": 19397
    },
    {
        "animeEng": "Seiyu's Life!",
        "animeRomaji": "Sore ga Seiyuu!",
        "songName": "Anata no Omimi ni Plug In!",
        "artist": "Earphones",
        "type": "Ending 1",
        "correctCount": 35,
        "startTime": 25,
        "songDuration": 87.984,
        "songNumber": 43,
        "activePlayerCount": 159,
        "LinkVideo": "https://files.catbox.moe/yf6kz5.webm",
        "LinkMp3": "https://files.catbox.moe/48pfx1.mp3",
        "annId": 16718
    },
    {
        "animeEng": "Shangri-La",
        "animeRomaji": "Shangri-La",
        "songName": "Kimi Shinitam\u014d Koto Nakare",
        "artist": "May'n",
        "type": "Opening 1",
        "correctCount": 12,
        "startTime": 14,
        "songDuration": 88.464,
        "songNumber": 44,
        "activePlayerCount": 161,
        "LinkVideo": "https://files.catbox.moe/lakm1x.webm",
        "LinkMp3": "https://files.catbox.moe/hsnpb4.mp3",
        "annId": 10246
    },
    {
        "animeEng": "Hugtto! Precure",
        "animeRomaji": "Hugtto! Precure",
        "songName": "We can!! HUGtto Precure",
        "artist": "Kanako Miyamoto",
        "type": "Opening 1",
        "correctCount": 23,
        "startTime": 37,
        "songDuration": 102.072,
        "songNumber": 45,
        "activePlayerCount": 161,
        "LinkVideo": "https://files.catbox.moe/xq7otc.webm",
        "LinkMp3": "https://files.catbox.moe/zauo8s.mp3",
        "annId": 20473
    },
    {
        "animeEng": "Prison School",
        "animeRomaji": "Prison School",
        "songName": "Tsumibukaki Oretachi no Sanka",
        "artist": "Kangoku Danshi",
        "type": "Ending 1",
        "correctCount": 88,
        "startTime": 55,
        "songDuration": 90.072,
        "songNumber": 46,
        "activePlayerCount": 160,
        "LinkVideo": "https://files.catbox.moe/o6fzg2.webm",
        "LinkMp3": "https://files.catbox.moe/q6dv42.mp3",
        "annId": 16838
    },
    {
        "animeEng": "Gonna be the Twin-Tail!!",
        "animeRomaji": "Ore, Twintail ni Narimasu.",
        "songName": "Twintail Dreamer!",
        "artist": "Twintails",
        "type": "Ending 1",
        "correctCount": 42,
        "startTime": 53,
        "songDuration": 89.064,
        "songNumber": 47,
        "activePlayerCount": 161,
        "LinkVideo": "https://files.catbox.moe/bsn0cd.webm",
        "LinkMp3": "https://files.catbox.moe/tml2om.mp3",
        "annId": 16132
    },
    {
        "animeEng": "Urusei Yatsura",
        "animeRomaji": "Urusei Yatsura",
        "songName": "Koi no Mobius",
        "artist": "Rittsu",
        "type": "Ending 6",
        "correctCount": 17,
        "startTime": 29,
        "songDuration": 86.777284,
        "songNumber": 48,
        "activePlayerCount": 162,
        "LinkVideo": "https://files.catbox.moe/gx6lzd.webm",
        "LinkMp3": "https://files.catbox.moe/i9ao0c.mp3",
        "annId": 90
    },
    {
        "animeEng": "Cardcaptor Sakura: Clear Card",
        "animeRomaji": "Cardcaptor Sakura: Clear Card-hen",
        "songName": "CLEAR",
        "artist": "Maaya Sakamoto",
        "type": "Opening 1",
        "correctCount": 41,
        "startTime": 32,
        "songDuration": 90.096,
        "songNumber": 49,
        "activePlayerCount": 163,
        "LinkVideo": "https://files.catbox.moe/okxltx.webm",
        "LinkMp3": "https://files.catbox.moe/hxt2me.mp3",
        "annId": 19487
    },
    {
        "animeEng": "Dr. Slump",
        "animeRomaji": "Dr. Slump",
        "songName": "Arale! Parale!",
        "artist": "Dr. Slump All Stars",
        "type": "Opening 3",
        "correctCount": 3,
        "startTime": 43,
        "songDuration": 113.808,
        "songNumber": 50,
        "activePlayerCount": 164,
        "LinkVideo": "https://files.catbox.moe/uqxkha.webm",
        "LinkMp3": "https://files.catbox.moe/h1pzr0.mp3",
        "annId": 972,
        "correctPlayers": [
            "ArronChu",
            "watashiii",
            "konomi"
        ]
    },
    {
        "animeEng": "Planetes",
        "animeRomaji": "Planetes",
        "songName": "A Secret Of The Moon",
        "artist": "Hitomi Kuroishi",
        "type": "Insert Song",
        "correctCount": 14,
        "startTime": 19,
        "songDuration": 53.28975,
        "songNumber": 51,
        "activePlayerCount": 164,
        "LinkVideo": "https://files.catbox.moe/i9ehi7.webm",
        "LinkMp3": "https://files.catbox.moe/mse6l4.mp3",
        "annId": 2654
    },
    {
        "animeEng": "Rage of Bahamut: Genesis",
        "animeRomaji": "Shingeki no Bahamut Genesis",
        "songName": "EXiSTENCE",
        "artist": "SiM",
        "type": "Opening 1",
        "correctCount": 60,
        "startTime": 58,
        "songDuration": 89.712,
        "songNumber": 52,
        "activePlayerCount": 165,
        "LinkVideo": "https://files.catbox.moe/kd57ng.webm",
        "LinkMp3": "https://files.catbox.moe/vz7256.mp3",
        "annId": 15791
    },
    {
        "animeEng": "Blood Blockade Battlefront & Beyond",
        "animeRomaji": "Kekkai Sensen & Beyond",
        "songName": "It's Magic",
        "artist": "Shira Z.Carmel",
        "type": "Insert Song",
        "correctCount": 39,
        "startTime": 9,
        "songDuration": 117.216,
        "songNumber": 53,
        "activePlayerCount": 165,
        "LinkVideo": "https://files.catbox.moe/430634.webm",
        "LinkMp3": "https://files.catbox.moe/j5mh7y.mp3",
        "annId": 18900
    },
    {
        "animeEng": "Angel Tales 2",
        "animeRomaji": "Tenshi no Shippo Chu!",
        "songName": "Yasashii Ai no Hane",
        "artist": "Masumi Itou",
        "type": "Opening 1",
        "correctCount": 7,
        "startTime": 20,
        "songDuration": 87.816,
        "songNumber": 54,
        "activePlayerCount": 164,
        "LinkVideo": "https://files.catbox.moe/pnm9q9.webm",
        "LinkMp3": "https://files.catbox.moe/h1kpif.mp3",
        "annId": 1970
    },
    {
        "animeEng": "Gurren Lagann the Movie: Childhood's End",
        "animeRomaji": "Tengen Toppa Gurren Lagann: Gurren-hen",
        "songName": "Rap wa Otoko no Tamashii da! Onore o Shinjite Ten o Yubisasu Dot\u014d no Otoko \u30fb Kamina-sama no Theme o Mimi no Ana Kappojitte Yo~ku Kikiyagare!!",
        "artist": "Tarantula",
        "type": "Insert Song",
        "correctCount": 22,
        "startTime": 137,
        "songDuration": 173.032128,
        "songNumber": 55,
        "activePlayerCount": 165,
        "LinkVideo": "https://files.catbox.moe/l37m51.webm",
        "LinkMp3": "https://files.catbox.moe/5rnuu9.mp3",
        "annId": 9601
    },
    {
        "animeEng": "Makura no Danshi",
        "animeRomaji": "Makura no Danshi",
        "songName": "Makura no Danshi",
        "artist": "Natsuki Hanae",
        "type": "Opening 1",
        "correctCount": 64,
        "startTime": 25,
        "songDuration": 59.4,
        "songNumber": 56,
        "activePlayerCount": 164,
        "LinkVideo": "https://files.catbox.moe/ob8l9j.webm",
        "LinkMp3": "https://files.catbox.moe/nbgnzz.mp3",
        "annId": 17031
    },
    {
        "animeEng": "Sound! Euphonium: The Movie - Welcome to the Kitauji High School Concert Band",
        "animeRomaji": "Gekij\u014dban Hibike! Euphonium: Kitauji K\u014dk\u014d Suis\u014dgaku-bu e Y\u014dkoso",
        "songName": "Abarenbou Shougun no Theme",
        "artist": "Freshman Wind Ensemble",
        "type": "Insert Song",
        "correctCount": 91,
        "startTime": 0,
        "songDuration": 22.8,
        "songNumber": 57,
        "activePlayerCount": 165,
        "LinkVideo": "https://files.catbox.moe/jingin.webm",
        "LinkMp3": "https://files.catbox.moe/hgsprz.mp3",
        "annId": 18172
    },
    {
        "animeEng": "Dragon Drive",
        "animeRomaji": "Dragon Drive",
        "songName": "Tatta, Hitotsu no",
        "artist": "Mikuni Shimokawa",
        "type": "Ending 1",
        "correctCount": 7,
        "startTime": 44,
        "songDuration": 88.896,
        "songNumber": 58,
        "activePlayerCount": 167,
        "LinkVideo": "https://files.catbox.moe/raodz9.webm",
        "LinkMp3": "https://files.catbox.moe/18rnz4.mp3",
        "annId": 1167
    },
    {
        "animeEng": "Air",
        "animeRomaji": "Air",
        "songName": "Aozora",
        "artist": "Lia",
        "type": "Insert Song",
        "correctCount": 42,
        "startTime": 20,
        "songDuration": 91.176,
        "songNumber": 59,
        "activePlayerCount": 167,
        "LinkVideo": "https://files.catbox.moe/dos0a2.webm",
        "LinkMp3": "https://files.catbox.moe/wqkh57.mp3",
        "annId": 4093
    },
    {
        "animeEng": "Detective Conan: 16 Suspects",
        "animeRomaji": "Meitantei Conan: 16-nin no Y\u014dgisha",
        "songName": "Winter Bells",
        "artist": "Mai Kuraki",
        "type": "Ending 1",
        "correctCount": 69,
        "startTime": 71,
        "songDuration": 101.424,
        "songNumber": 60,
        "activePlayerCount": 167,
        "LinkVideo": "https://files.catbox.moe/mhb4e5.webm",
        "LinkMp3": "https://files.catbox.moe/80wbgl.mp3",
        "annId": 5141
    },
    {
        "animeEng": "Hinako Note",
        "animeRomaji": "Hinako Note",
        "songName": "Curtain Call!!!!!",
        "artist": "Gekidan Hitotose",
        "type": "Ending 1",
        "correctCount": 46,
        "startTime": 11,
        "songDuration": 89.472,
        "songNumber": 61,
        "activePlayerCount": 166,
        "LinkVideo": "https://files.catbox.moe/itiw00.webm",
        "LinkMp3": "https://files.catbox.moe/mebjvk.mp3",
        "annId": 18894
    },
    {
        "animeEng": "Shin Chan",
        "animeRomaji": "Shin Chan",
        "songName": "Kyou wa Date",
        "artist": "Kamaboko",
        "type": "Ending 12",
        "correctCount": 4,
        "startTime": 0,
        "songDuration": 29.16,
        "songNumber": 62,
        "activePlayerCount": 166,
        "LinkVideo": "https://files.catbox.moe/chjmgt.webm",
        "LinkMp3": "https://files.catbox.moe/2h1njw.mp3",
        "annId": 540,
        "correctPlayers": [
            "PearI",
            "ozsauce",
            "EruisKawaii",
            "AboveAll"
        ]
    },
    {
        "animeEng": "Heybot!",
        "animeRomaji": "Heybot!",
        "songName": "Guuchoki Pantsu no Seigi-san",
        "artist": "Wa-suta",
        "type": "Ending 1",
        "correctCount": 0,
        "startTime": 32,
        "songDuration": 96.936,
        "songNumber": 63,
        "activePlayerCount": 166,
        "LinkVideo": "https://files.catbox.moe/jrd0lr.webm",
        "LinkMp3": "https://files.catbox.moe/l94tmo.mp3",
        "annId": 18695
    },
    {
        "animeEng": "Anime-Gataris",
        "animeRomaji": "Animegataris",
        "songName": "Aikotoba",
        "artist": "GARNiDELiA",
        "type": "Opening 1",
        "correctCount": 73,
        "startTime": 42,
        "songDuration": 88.536,
        "songNumber": 64,
        "activePlayerCount": 165,
        "LinkVideo": "https://files.catbox.moe/c3bd5m.webm",
        "LinkMp3": "https://files.catbox.moe/y919rc.mp3",
        "annId": 19480
    },
    {
        "animeEng": "Sayonara Zetsub\u014d Sensei",
        "animeRomaji": "Sayonara Zetsub\u014d Sensei",
        "songName": "Hito Toshite Jiku ga Bureteiru",
        "artist": "Kenji \u014ctsuki to Zetsub\u014d Sh\u014djo-tachi",
        "type": "Opening 1",
        "correctCount": 85,
        "startTime": 27,
        "songDuration": 88.464,
        "songNumber": 65,
        "activePlayerCount": 167,
        "LinkVideo": "https://files.catbox.moe/yqc5ck.webm",
        "LinkMp3": "https://files.catbox.moe/yugkmi.mp3",
        "annId": 7767
    },
    {
        "animeEng": "Sagrada Reset",
        "animeRomaji": "Sakurada Reset",
        "songName": "Tonari Au",
        "artist": "THE ORAL CIGARETTES",
        "type": "Ending 1",
        "correctCount": 28,
        "startTime": 30,
        "songDuration": 89.184,
        "songNumber": 66,
        "activePlayerCount": 167,
        "LinkVideo": "https://files.catbox.moe/6li568.webm",
        "LinkMp3": "https://files.catbox.moe/wz2ke3.mp3",
        "annId": 18950
    },
    {
        "animeEng": "Lily C.A.T.",
        "animeRomaji": "Lily C.A.T.",
        "songName": "LISTENING TO THE ANGELS",
        "artist": "Teressa Jonette",
        "type": "Ending 1",
        "correctCount": 3,
        "startTime": 40,
        "songDuration": 140.472,
        "songNumber": 67,
        "activePlayerCount": 166,
        "LinkVideo": "https://files.catbox.moe/z6lbvc.webm",
        "LinkMp3": "https://files.catbox.moe/9qsqi6.mp3",
        "annId": 2009,
        "correctPlayers": [
            "Goatonaspork",
            "theyingster",
            "watashiii"
        ]
    },
    {
        "animeEng": "Chiruran 1/2",
        "animeRomaji": "Chiruran Nibun no Ichi",
        "songName": "Boku no Te ni Fureru na",
        "artist": "Kamisama, Boku wa Kizuite Shimatta",
        "type": "Opening 1",
        "correctCount": 35,
        "startTime": 0,
        "songDuration": 29.568,
        "songNumber": 68,
        "activePlayerCount": 165,
        "LinkVideo": "https://files.catbox.moe/fsjo9b.webm",
        "LinkMp3": "https://files.catbox.moe/x7vcep.mp3",
        "annId": 18805
    },
    {
        "animeEng": "Dance in the Vampire Bund",
        "animeRomaji": "Dance in the Vampire Bund",
        "songName": "Friends",
        "artist": "Aiko Nakano",
        "type": "Opening 1",
        "correctCount": 34,
        "startTime": 44,
        "songDuration": 88.68,
        "songNumber": 69,
        "activePlayerCount": 165,
        "LinkVideo": "https://files.catbox.moe/afo6r4.webm",
        "LinkMp3": "https://files.catbox.moe/nf5rzf.mp3",
        "annId": 10948
    },
    {
        "animeEng": "Scum's Wish",
        "animeRomaji": "Kuzu no Honkai",
        "songName": "Heik\u014dsen",
        "artist": "Sayuri",
        "type": "Ending 1",
        "correctCount": 78,
        "startTime": 26,
        "songDuration": 89.568,
        "songNumber": 70,
        "activePlayerCount": 164,
        "LinkVideo": "https://files.catbox.moe/f0twhn.webm",
        "LinkMp3": "https://files.catbox.moe/hfzulu.mp3",
        "annId": 18806
    },
    {
        "animeEng": "Dual! Parallel Trouble Adventures Special",
        "animeRomaji": "Dual! Parallel Lun-Lun Monogatari Special",
        "songName": "DUAL!",
        "artist": "MITSUKI",
        "type": "Ending 1",
        "correctCount": 3,
        "startTime": 10,
        "songDuration": 178.224,
        "songNumber": 71,
        "activePlayerCount": 164,
        "LinkVideo": "https://files.catbox.moe/7balns.webm",
        "LinkMp3": "https://files.catbox.moe/4mtga9.mp3",
        "annId": 2124,
        "correctPlayers": [
            "MyBaconIsOnFire",
            "theyingster",
            "watashiii"
        ]
    },
    {
        "animeEng": "Mr. Osomatsu",
        "animeRomaji": "Osomatsu-san",
        "songName": "Kib\u014d no Hoshi",
        "artist": "Nana Kond\u014d",
        "type": "Insert Song",
        "correctCount": 9,
        "startTime": 11,
        "songDuration": 41.136,
        "songNumber": 72,
        "activePlayerCount": 166,
        "LinkVideo": "https://files.catbox.moe/doozju.webm",
        "LinkMp3": "https://files.catbox.moe/m9q4nb.mp3",
        "annId": 17323
    },
    {
        "animeEng": "Fate/kaleid liner Prisma\u2606Illya 2wei Herz!",
        "animeRomaji": "Fate/kaleid liner Prisma\u2606Illya 2wei Herz!",
        "songName": "moving soul",
        "artist": "Minami Kuribayashi",
        "type": "Insert Song",
        "correctCount": 73,
        "startTime": 14,
        "songDuration": 46.992,
        "songNumber": 73,
        "activePlayerCount": 165,
        "LinkVideo": "https://files.catbox.moe/f3892a.webm",
        "LinkMp3": "https://files.catbox.moe/vqqdw2.mp3",
        "annId": 16275
    },
    {
        "animeEng": "Cybernetics Guardian",
        "animeRomaji": "Seijuki Cyguard",
        "songName": "IT'S TOO LATE",
        "artist": "TRASH GANG",
        "type": "Insert Song",
        "correctCount": 1,
        "startTime": 22,
        "songDuration": 79.8,
        "songNumber": 74,
        "activePlayerCount": 163,
        "LinkVideo": "https://files.catbox.moe/z28zjq.webm",
        "LinkMp3": "https://files.catbox.moe/l47594.mp3",
        "annId": 568,
        "correctPlayers": [
            "Carmanher"
        ]
    },
    {
        "animeEng": "Soccer Fever",
        "animeRomaji": "Soccer Fever",
        "songName": "BOOM BOOM AMERICA",
        "artist": "Paolo Zabarone",
        "type": "Ending 1",
        "correctCount": 80,
        "startTime": 41,
        "songDuration": 103.96556,
        "songNumber": 75,
        "activePlayerCount": 166,
        "LinkVideo": "https://files.catbox.moe/c99xz2.webm",
        "LinkMp3": "https://files.catbox.moe/lj0plu.mp3",
        "annId": 2192
    },
    {
        "animeEng": "Macross 7",
        "animeRomaji": "Macross 7",
        "songName": "LIGHT THE LIGHT",
        "artist": "Fire Bomber",
        "type": "Insert Song",
        "correctCount": 13,
        "startTime": 16,
        "songDuration": 55.128,
        "songNumber": 76,
        "activePlayerCount": 167,
        "LinkVideo": "https://files.catbox.moe/wei5bt.webm",
        "LinkMp3": "https://files.catbox.moe/tx8af1.mp3",
        "annId": 940
    },
    {
        "animeEng": "Arpeggio of Blue Steel: Ars Nova - Cadenza",
        "animeRomaji": "Aoki Hagane no Arpeggio: Ars Nova Cadenza",
        "songName": "Blue Destiny",
        "artist": "Trident",
        "type": "Ending 1",
        "correctCount": 3,
        "startTime": 93,
        "songDuration": 294.891258,
        "songNumber": 77,
        "activePlayerCount": 168,
        "LinkVideo": "https://files.catbox.moe/paow9o.webm",
        "LinkMp3": "https://files.catbox.moe/gp9f0w.mp3",
        "annId": 16741,
        "correctPlayers": [
            "theyingster",
            "assassineclipse",
            "laudandusjr"
        ]
    },
    {
        "animeEng": "Miss Kobayashi's Dragon Maid",
        "animeRomaji": "Kobayashi-san Chi no Maid Dragon",
        "songName": "Ishukan Communication",
        "artist": "Choro-gonzu",
        "type": "Ending 1",
        "correctCount": 109,
        "startTime": 15,
        "songDuration": 88.992,
        "songNumber": 78,
        "activePlayerCount": 168,
        "LinkVideo": "https://files.catbox.moe/c9rteu.webm",
        "LinkMp3": "https://files.catbox.moe/jav92h.mp3",
        "annId": 18807
    },
    {
        "animeEng": "Colorful",
        "animeRomaji": "Colorful",
        "songName": "Boku no Taion wa 37.5C",
        "artist": "Yuko Miyamura",
        "type": "Opening 1",
        "correctCount": 73,
        "startTime": 9,
        "songDuration": 59.256,
        "songNumber": 79,
        "activePlayerCount": 169,
        "LinkVideo": "https://files.catbox.moe/hwffzg.webm",
        "LinkMp3": "https://files.catbox.moe/qzqin3.mp3",
        "annId": 1032
    },
    {
        "animeEng": "Hyakko",
        "animeRomaji": "Hyakko",
        "songName": "Namida NAMIDA Namida",
        "artist": "Aya Hirano",
        "type": "Ending 1",
        "correctCount": 10,
        "startTime": 45,
        "songDuration": 86.46382,
        "songNumber": 80,
        "activePlayerCount": 169,
        "LinkVideo": "https://files.catbox.moe/kf1tvv.webm",
        "LinkMp3": "https://files.catbox.moe/pd6e4o.mp3",
        "annId": 10051
    },
    {
        "animeEng": "Valvrave the Liberator",
        "animeRomaji": "Kakumeiki Valvrave",
        "songName": "Kakumei Dualism",
        "artist": "Nana Mizuki\u00d7T.M.Revolution",
        "type": "Opening 1",
        "correctCount": 98,
        "startTime": 30,
        "songDuration": 90.072,
        "songNumber": 81,
        "activePlayerCount": 168,
        "LinkVideo": "https://files.catbox.moe/x50r2v.webm",
        "LinkMp3": "https://files.catbox.moe/pnusoz.mp3",
        "annId": 15583
    },
    {
        "animeEng": "Little Battlers eXperience W",
        "animeRomaji": "Danball Senki W",
        "songName": "Do Wak Parappa",
        "artist": "Hiroki Maekawa",
        "type": "Ending 1",
        "correctCount": 3,
        "startTime": 15,
        "songDuration": 84.072,
        "songNumber": 82,
        "activePlayerCount": 169,
        "LinkVideo": "https://files.catbox.moe/opxnmw.webm",
        "LinkMp3": "https://files.catbox.moe/2nojvw.mp3",
        "annId": 13893,
        "correctPlayers": [
            "theyingster",
            "oh95",
            "ozsauce"
        ]
    },
    {
        "animeEng": "UFO Warrior Dai Apolon",
        "animeRomaji": "UFO Senshi Daiapolon",
        "songName": "UFO Senshi Daiapolon",
        "artist": "Masato Shimon",
        "type": "Opening 1",
        "correctCount": 4,
        "startTime": 7,
        "songDuration": 72.566916,
        "songNumber": 83,
        "activePlayerCount": 168,
        "LinkVideo": "https://files.catbox.moe/damzg3.webm",
        "LinkMp3": "https://files.catbox.moe/5o6thq.mp3",
        "annId": 1291,
        "correctPlayers": [
            "Shuuka",
            "theyingster",
            "oh95",
            "watashiii"
        ]
    },
    {
        "animeEng": "Lost Song",
        "animeRomaji": "Lost Song",
        "songName": "Aoku Kiyoki Mizu no Uta",
        "artist": "Yukari Tamura",
        "type": "Insert Song",
        "correctCount": 28,
        "startTime": 35,
        "songDuration": 75.544824,
        "songNumber": 84,
        "activePlayerCount": 169,
        "LinkVideo": "https://files.catbox.moe/kzzm44.webm",
        "LinkMp3": "https://files.catbox.moe/hk2yj0.mp3",
        "annId": 19988
    },
    {
        "animeEng": "Beyond the Boundary Idol Trial!: They Who Judge You Even Though They Waver",
        "animeRomaji": "Ky\u014dkai no Kanata: Idol Saiban! - Mayoi Nagara mo Kimi o Sabaku Tami",
        "songName": "Judgment Ja!",
        "artist": "Yuri Yamaoka, Risa Taneda, Minori Chihara, Moe Toyota",
        "type": "Insert Song",
        "correctCount": 54,
        "startTime": 3,
        "songDuration": 34.128,
        "songNumber": 85,
        "activePlayerCount": 160,
        "LinkVideo": "https://files.catbox.moe/cxdnsv.webm",
        "LinkMp3": "https://files.catbox.moe/9eby23.mp3",
        "annId": 15748
    }
]