[
    {
        "animeEng": "Shadows House",
        "animeRomaji": "Shadows House",
        "songName": "Nainai",
        "artist": "ReoNa",
        "type": "Ending 1",
        "correctCount": 69,
        "startTime": 9,
        "songDuration": 88.896,
        "songNumber": 1,
        "activePlayerCount": 135,
        "LinkVideo": "https://files.catbox.moe/ljuywp.webm",
        "LinkMp3": "https://files.catbox.moe/h3oyx4.mp3",
        "annId": 23751
    },
    {
        "animeEng": "Honey and Clover II",
        "animeRomaji": "Hachikuro II",
        "songName": "Je t'aime",
        "artist": "Spitz",
        "type": "Insert Song",
        "correctCount": 4,
        "startTime": 14,
        "songDuration": 121.754642,
        "songNumber": 2,
        "activePlayerCount": 137,
        "LinkVideo": "https://files.catbox.moe/qb5uug.webm",
        "LinkMp3": "https://files.catbox.moe/5v95im.mp3",
        "annId": 6440,
        "correctPlayers": [
            "shadowpandax",
            "Rukawa11",
            "asleep",
            "Zurer"
        ]
    },
    {
        "animeEng": "Natsu no Arashi!",
        "animeRomaji": "Natsu no Arashi!",
        "songName": "Akuma ga Nikui",
        "artist": "Ryoko Shiraishi & Yuuko Sanpei",
        "type": "Insert Song",
        "correctCount": 5,
        "startTime": 110,
        "songDuration": 171.912,
        "songNumber": 3,
        "activePlayerCount": 141,
        "LinkVideo": "https://files.catbox.moe/b5r8fq.webm",
        "LinkMp3": "https://files.catbox.moe/wecqwf.mp3",
        "annId": 10464,
        "correctPlayers": [
            "Carmanher",
            "revel_",
            "kimika",
            "Chemist",
            "Zurer"
        ]
    },
    {
        "animeEng": "Ky\u014ds\u014dgiga",
        "animeRomaji": "Ky\u014ds\u014dgiga",
        "songName": "Kongou Kyojin Bishamaru",
        "artist": "Nami Nakagawa, Mitsu, Eiji Takemoto",
        "type": "Insert Song",
        "correctCount": 40,
        "startTime": 2,
        "songDuration": 31.584,
        "songNumber": 4,
        "activePlayerCount": 142,
        "LinkVideo": "https://files.catbox.moe/oqa8w8.webm",
        "LinkMp3": "https://files.catbox.moe/50l7yu.mp3",
        "annId": 15509
    },
    {
        "animeEng": "Astarotte's Toy!",
        "animeRomaji": "Astarotte no Omocha!",
        "songName": "Tenshi no CLOVER",
        "artist": "Aimi",
        "type": "Opening 1",
        "correctCount": 34,
        "startTime": 6,
        "songDuration": 88.008,
        "songNumber": 5,
        "activePlayerCount": 141,
        "LinkVideo": "https://files.catbox.moe/3gl0d1.webm",
        "LinkMp3": "https://files.catbox.moe/wwo0wc.mp3",
        "annId": 13000
    },
    {
        "animeEng": "Magical Girl Lalabel: The Sea Calls for a Summer Vacation",
        "animeRomaji": "Mah\u014d Sh\u014djo Lalabel: Umi ga Yobu Natsuyatsumi",
        "songName": "Hello Lalabel",
        "artist": "Mitsuko Horie & Columbia Yurikago-kai",
        "type": "Opening 1",
        "correctCount": 65,
        "startTime": 13,
        "songDuration": 68.136,
        "songNumber": 6,
        "activePlayerCount": 144,
        "LinkVideo": "https://files.catbox.moe/g64y8p.webm",
        "LinkMp3": "https://files.catbox.moe/yr4im0.mp3",
        "annId": 3856
    },
    {
        "animeEng": "Doraemon: Nobita's Little \"Star Wars\"",
        "animeRomaji": "Doraemon: Nobita no Little Star Wars",
        "songName": "Shounenki",
        "artist": "Tetsuya Takeda",
        "type": "Ending 1",
        "correctCount": 3,
        "startTime": 43,
        "songDuration": 155.791608,
        "songNumber": 7,
        "activePlayerCount": 143,
        "LinkVideo": "https://files.catbox.moe/r45r60.webm",
        "LinkMp3": "https://files.catbox.moe/dboby5.mp3",
        "annId": 1893,
        "correctPlayers": [
            "HakoHoka",
            "Anwonu",
            "ozsauce"
        ]
    },
    {
        "animeEng": "Renkin 3-kyuu Magical? Pokaan",
        "animeRomaji": "Renkin 3-kyuu Magical? Pokaan",
        "songName": "Shichaimash\u014d sensous",
        "artist": "Momoko Saito",
        "type": "Ending 1",
        "correctCount": 22,
        "startTime": 39,
        "songDuration": 82.56,
        "songNumber": 8,
        "activePlayerCount": 145,
        "LinkVideo": "https://files.catbox.moe/nxvjih.webm",
        "LinkMp3": "https://files.catbox.moe/9ki9o6.mp3",
        "annId": 6571
    },
    {
        "animeEng": "Akame ga Kill!",
        "animeRomaji": "Akame ga Kill!",
        "songName": "Skyreach",
        "artist": "Sora Amamiya",
        "type": "Opening 1",
        "correctCount": 95,
        "startTime": 11,
        "songDuration": 89.328,
        "songNumber": 9,
        "activePlayerCount": 147,
        "LinkVideo": "https://files.catbox.moe/echrn7.webm",
        "LinkMp3": "https://files.catbox.moe/0msjzf.mp3",
        "annId": 15919
    },
    {
        "animeEng": "Stellvia",
        "animeRomaji": "Uchuu no Stellvia",
        "songName": "Asu e no brilliant road",
        "artist": "angela",
        "type": "Opening 1",
        "correctCount": 21,
        "startTime": 45,
        "songDuration": 90.072,
        "songNumber": 10,
        "activePlayerCount": 148,
        "LinkVideo": "https://files.catbox.moe/jjw0c3.webm",
        "LinkMp3": "https://files.catbox.moe/b974ql.mp3",
        "annId": 74
    },
    {
        "animeEng": "Darwin's Game",
        "animeRomaji": "Darwin's Game",
        "songName": "CHAIN",
        "artist": "ASCA",
        "type": "Opening 1",
        "correctCount": 61,
        "startTime": 54,
        "songDuration": 87.672,
        "songNumber": 11,
        "activePlayerCount": 148,
        "LinkVideo": "https://files.catbox.moe/xiz5o8.webm",
        "LinkMp3": "https://files.catbox.moe/j448uq.mp3",
        "annId": 22301
    },
    {
        "animeEng": "Dragon Ball Z Kai",
        "animeRomaji": "Dragon Ball Kai",
        "songName": "Dragon Soul",
        "artist": "Takayoshi Tanimoto",
        "type": "Insert Song",
        "correctCount": 79,
        "startTime": 71,
        "songDuration": 106.056,
        "songNumber": 12,
        "activePlayerCount": 148,
        "LinkVideo": "https://files.catbox.moe/unx8lp.webm",
        "LinkMp3": "https://files.catbox.moe/l6l1dy.mp3",
        "annId": 10877
    },
    {
        "animeEng": "The Slayers Next",
        "animeRomaji": "The Slayers Next",
        "songName": "Give a reason",
        "artist": "Megumi Hayashibara",
        "type": "Opening 1",
        "correctCount": 42,
        "startTime": 45,
        "songDuration": 89.976,
        "songNumber": 13,
        "activePlayerCount": 148,
        "LinkVideo": "https://files.catbox.moe/6tk8xr.webm",
        "LinkMp3": "https://files.catbox.moe/nksmqz.mp3",
        "annId": 220
    },
    {
        "animeEng": "Welcome to the NHK",
        "animeRomaji": "NHK ni Y\u014dkoso!",
        "songName": "Odoru Akachan Ningen",
        "artist": "Kenji \u014ctsuki to Fumihiko Kitsutaka",
        "type": "Ending 1",
        "correctCount": 40,
        "startTime": 2,
        "songDuration": 85.2,
        "songNumber": 14,
        "activePlayerCount": 148,
        "LinkVideo": "https://files.catbox.moe/m4kstx.webm",
        "LinkMp3": "https://files.catbox.moe/rh8rat.mp3",
        "annId": 6357
    },
    {
        "animeEng": "Variable Geo",
        "animeRomaji": "Variable Geo",
        "songName": "Kaze ni Naritai",
        "artist": "Erina Nakajima",
        "type": "Opening 1",
        "correctCount": 5,
        "startTime": 60,
        "songDuration": 88.944,
        "songNumber": 15,
        "activePlayerCount": 148,
        "LinkVideo": "https://files.catbox.moe/wcstkx.webm",
        "LinkMp3": "https://files.catbox.moe/dv6z1y.mp3",
        "annId": 766,
        "correctPlayers": [
            "Erza_Asiaversal",
            "Carmanher",
            "kimika",
            "Rukawa11",
            "ozsauce"
        ]
    },
    {
        "animeEng": "Mobile Fighter G Gundam",
        "animeRomaji": "Kid\u014d But\u014dden G Gundam",
        "songName": "Yume no Hazama de - In my dream",
        "artist": "Yuri Amano",
        "type": "Insert Song",
        "correctCount": 3,
        "startTime": 23,
        "songDuration": 90.072,
        "songNumber": 16,
        "activePlayerCount": 148,
        "LinkVideo": "https://files.catbox.moe/u7585w.webm",
        "LinkMp3": "https://files.catbox.moe/vs45bb.mp3",
        "annId": 299,
        "correctPlayers": [
            "anomanderbaked",
            "asleep",
            "Chocolateto"
        ]
    },
    {
        "animeEng": "Ninja Slayer",
        "animeRomaji": "Ninja Slayer From Animation",
        "songName": "BACK IN BLACK",
        "artist": "BOOM BOOM SATELLITES",
        "type": "Opening 1",
        "correctCount": 7,
        "startTime": 61,
        "songDuration": 92.262904,
        "songNumber": 17,
        "activePlayerCount": 149,
        "LinkVideo": "https://files.catbox.moe/xog9ri.webm",
        "LinkMp3": "https://files.catbox.moe/cg1ber.mp3",
        "annId": 16313
    },
    {
        "animeEng": "Cross Ange: Rondo of Angel and Dragon",
        "animeRomaji": "Cross Ange: Tenshi to Ryuu no Rondo",
        "songName": "Villkiss ~Yoch\u014d~",
        "artist": "Akiko Shikata",
        "type": "Insert Song",
        "correctCount": 12,
        "startTime": 30,
        "songDuration": 59.064,
        "songNumber": 18,
        "activePlayerCount": 150,
        "LinkVideo": "https://files.catbox.moe/mowns7.webm",
        "LinkMp3": "https://files.catbox.moe/fpxb19.mp3",
        "annId": 16177
    },
    {
        "animeEng": "Lupin III: Green vs Red",
        "animeRomaji": "Lupin Sansei: Green vs Red",
        "songName": "Honoo no Takaramono",
        "artist": "Miki Imai",
        "type": "Ending 1",
        "correctCount": 23,
        "startTime": 134,
        "songDuration": 183.048,
        "songNumber": 19,
        "activePlayerCount": 150,
        "LinkVideo": "https://files.catbox.moe/9tv07u.webm",
        "LinkMp3": "https://files.catbox.moe/agg0an.mp3",
        "annId": 8868
    },
    {
        "animeEng": "The Cosmopolitan Prayers",
        "animeRomaji": "Ch\u014d Henshin Cos\u221ePrayer",
        "songName": "Ch\u014d Henshin! Cosprayer",
        "artist": "colors",
        "type": "Opening 1",
        "correctCount": 21,
        "startTime": 43,
        "songDuration": 89.311118,
        "songNumber": 20,
        "activePlayerCount": 149,
        "LinkVideo": "https://files.catbox.moe/u3t1m3.webm",
        "LinkMp3": "https://files.catbox.moe/h3dz2h.mp3",
        "annId": 3460
    },
    {
        "animeEng": "Dr. STONE Season 2",
        "animeRomaji": "Dr. STONE: STONE WARS",
        "songName": "Sangenshoku",
        "artist": "PELICAN FANCLUB",
        "type": "Insert Song",
        "correctCount": 94,
        "startTime": 52,
        "songDuration": 89.568,
        "songNumber": 21,
        "activePlayerCount": 149,
        "LinkVideo": "https://files.catbox.moe/vigv3u.webm",
        "LinkMp3": "https://files.catbox.moe/8hsxu8.mp3",
        "annId": 22942
    },
    {
        "animeEng": "The Adventures of Gamba",
        "animeRomaji": "Gamba no B\u014dken",
        "songName": "Gamba no Uta",
        "artist": "Hiromasa Kawahara",
        "type": "Opening 1",
        "correctCount": 104,
        "startTime": 31,
        "songDuration": 73.68,
        "songNumber": 22,
        "activePlayerCount": 149,
        "LinkVideo": "https://files.catbox.moe/ncwa2y.webm",
        "LinkMp3": "https://files.catbox.moe/wkly1z.mp3",
        "annId": 1434
    },
    {
        "animeEng": "Scum's Wish",
        "animeRomaji": "Kuzu no Honkai",
        "songName": "Ai wa Takusan (LOTS OF LOVE)",
        "artist": "Natsumi Kiyoura",
        "type": "Insert Song",
        "correctCount": 41,
        "startTime": 41,
        "songDuration": 75.570946,
        "songNumber": 23,
        "activePlayerCount": 149,
        "LinkVideo": "https://files.catbox.moe/qtb6ri.webm",
        "LinkMp3": "https://files.catbox.moe/aiz1hj.mp3",
        "annId": 18806
    },
    {
        "animeEng": "Mr. Osomatsu",
        "animeRomaji": "Osomatsu-san",
        "songName": "nice to NEET you! (with you Version)",
        "artist": "A\u014cP",
        "type": "Opening 2",
        "correctCount": 16,
        "startTime": 39,
        "songDuration": 87.696,
        "songNumber": 24,
        "activePlayerCount": 149,
        "LinkVideo": "https://files.catbox.moe/o639fw.webm",
        "LinkMp3": "https://files.catbox.moe/acujiu.mp3",
        "annId": 23500
    },
    {
        "animeEng": "Cells at Work!!",
        "animeRomaji": "Hataraku Saib\u014d!!",
        "songName": "Fight!!",
        "artist": "ClariS",
        "type": "Ending 1",
        "correctCount": 67,
        "startTime": 34,
        "songDuration": 89.016,
        "songNumber": 25,
        "activePlayerCount": 151,
        "LinkVideo": "https://files.catbox.moe/35ddni.webm",
        "LinkMp3": "https://files.catbox.moe/1m34al.mp3",
        "annId": 22007
    },
    {
        "animeEng": "Twin Angel: Twinkle Paradise OVA",
        "animeRomaji": "Kait\u014d Tenshi Twin Angel: Kyun Kyun Tokimeki Paradise!! OVA",
        "songName": "Equal=Dream",
        "artist": "Tomoko Kaneda & Rie Kugimiya",
        "type": "Ending 1",
        "correctCount": 4,
        "startTime": 48,
        "songDuration": 88.848,
        "songNumber": 26,
        "activePlayerCount": 151,
        "LinkVideo": "https://files.catbox.moe/o3kyry.webm",
        "LinkMp3": "https://files.catbox.moe/aerh5b.mp3",
        "annId": 16327,
        "correctPlayers": [
            "ChineseEconomy",
            "TheOnlyOne",
            "kimika",
            "kneesoxluver"
        ]
    },
    {
        "animeEng": "IDOLiSH7 Third Beat!",
        "animeRomaji": "IDOLiSH7 Third Beat!",
        "songName": "RESTART POiNTER",
        "artist": "IDOLiSH7",
        "type": "Insert Song",
        "correctCount": 28,
        "startTime": 0,
        "songDuration": 23.496,
        "songNumber": 27,
        "activePlayerCount": 151,
        "LinkVideo": "https://files.catbox.moe/xwn5y9.webm",
        "LinkMp3": "https://files.catbox.moe/w7ddc5.mp3",
        "annId": 24195
    },
    {
        "animeEng": "Diamond Daydreams",
        "animeRomaji": "Kita e.: Diamond Dust Drops",
        "songName": "Aitai ~Love Theme from Kita e.~",
        "artist": "ALLEY:A",
        "type": "Ending 1",
        "correctCount": 2,
        "startTime": 1,
        "songDuration": 103.56,
        "songNumber": 28,
        "activePlayerCount": 152,
        "LinkVideo": "https://files.catbox.moe/959j8h.webm",
        "LinkMp3": "https://files.catbox.moe/6ls49q.mp3",
        "annId": 3210,
        "correctPlayers": [
            "kimika",
            "ozsauce"
        ]
    },
    {
        "animeEng": "Infinite Stratos 2: Long Vacation Edition",
        "animeRomaji": "Infinite Stratos 2: Long Vacation Edition",
        "songName": "True Blue Traveler",
        "artist": "Minami Kuribayashi",
        "type": "Opening 1",
        "correctCount": 44,
        "startTime": 45,
        "songDuration": 89.064,
        "songNumber": 29,
        "activePlayerCount": 153,
        "LinkVideo": "https://files.catbox.moe/hyifl3.webm",
        "LinkMp3": "https://files.catbox.moe/c6wiv3.mp3",
        "annId": 15606
    },
    {
        "animeEng": "Strike The Blood III",
        "animeRomaji": "Strike The Blood III",
        "songName": "Blood and Emotions",
        "artist": "Kishida Ky\u014ddan &THE Akeboshi Rockets",
        "type": "Opening 1",
        "correctCount": 45,
        "startTime": 52,
        "songDuration": 88.512,
        "songNumber": 30,
        "activePlayerCount": 153,
        "LinkVideo": "https://files.catbox.moe/fkow6k.webm",
        "LinkMp3": "https://files.catbox.moe/myoxmo.mp3",
        "annId": 21273
    },
    {
        "animeEng": "Fortune Arterial: Akai Yakusoku",
        "animeRomaji": "Fortune Arterial: Akai Yakusoku",
        "songName": "I miss you Gt.ver. Aoi to misuzu",
        "artist": "Veil",
        "type": "Ending 4",
        "correctCount": 26,
        "startTime": 35,
        "songDuration": 89.856,
        "songNumber": 31,
        "activePlayerCount": 153,
        "LinkVideo": "https://files.catbox.moe/gia92c.webm",
        "LinkMp3": "https://files.catbox.moe/bfkg6b.mp3",
        "annId": 11425
    },
    {
        "animeEng": "Battle Spirits: Brave",
        "animeRomaji": "Battle Spirits: Brave",
        "songName": "Netsuretsu ANSWER",
        "artist": "Daisuke Ono",
        "type": "Ending 1",
        "correctCount": 5,
        "startTime": 51,
        "songDuration": 88.527458,
        "songNumber": 32,
        "activePlayerCount": 153,
        "LinkVideo": "https://files.catbox.moe/mzxj47.webm",
        "LinkMp3": "https://files.catbox.moe/80z984.mp3",
        "annId": 11730,
        "correctPlayers": [
            "shadowpandax",
            "revel_",
            "asleep",
            "ozsauce",
            "kneesoxluver"
        ]
    },
    {
        "animeEng": "Majimoji Rurumo",
        "animeRomaji": "Magimoji Rurumo",
        "songName": "Seiippai, Tsutaetai!",
        "artist": "Suzuko Mimori",
        "type": "Opening 1",
        "correctCount": 16,
        "startTime": 59,
        "songDuration": 91.061292,
        "songNumber": 33,
        "activePlayerCount": 153,
        "LinkVideo": "https://files.catbox.moe/dyljul.webm",
        "LinkMp3": "https://files.catbox.moe/buayev.mp3",
        "annId": 16094
    },
    {
        "animeEng": "Trinity Seven: Heavens Library & Crimson Lord",
        "animeRomaji": "Gekij\u014dban Trinity Seven: Tenkuu Toshokan to Shinku no Ma\u014d",
        "songName": "BEAUTIFUL\u2252SENTENCE",
        "artist": "Magus Two",
        "type": "Insert Song",
        "correctCount": 67,
        "startTime": 23,
        "songDuration": 128.64,
        "songNumber": 34,
        "activePlayerCount": 152,
        "LinkVideo": "https://files.catbox.moe/0mnuot.webm",
        "LinkMp3": "https://files.catbox.moe/ap517z.mp3",
        "annId": 21599
    },
    {
        "animeEng": "Kirby: Right Back At Ya!",
        "animeRomaji": "Hoshi no Kirby",
        "songName": "Kirby\u2605March",
        "artist": "Shanchii",
        "type": "Opening 1",
        "correctCount": 53,
        "startTime": 61,
        "songDuration": 90.408,
        "songNumber": 35,
        "activePlayerCount": 152,
        "LinkVideo": "https://files.catbox.moe/90nf98.webm",
        "LinkMp3": "https://files.catbox.moe/v1dteu.mp3",
        "annId": 1394
    },
    {
        "animeEng": "Recorder and Randsell Mi\u2605",
        "animeRomaji": "Recorder to Randoseru Mi\u2605",
        "songName": "Teenage Nekura Pop",
        "artist": "Ishifuro",
        "type": "Ending 4",
        "correctCount": 10,
        "startTime": 50,
        "songDuration": 88.944,
        "songNumber": 36,
        "activePlayerCount": 151,
        "LinkVideo": "https://files.catbox.moe/r8iwyd.webm",
        "LinkMp3": "https://files.catbox.moe/iwks79.mp3",
        "annId": 15242
    },
    {
        "animeEng": "PriPara & Kiratto Pri\u2606Chan: Kira Kira Memorial Live",
        "animeRomaji": "PriPara & Kiratto Pri\u2606Chan: Kira Kira Memorial Live",
        "songName": "One Two Sweets",
        "artist": "Koko Hayashi",
        "type": "Insert Song",
        "correctCount": 39,
        "startTime": 56,
        "songDuration": 92.64,
        "songNumber": 37,
        "activePlayerCount": 152,
        "LinkVideo": "https://files.catbox.moe/k4ddqj.webm",
        "LinkMp3": "https://files.catbox.moe/azk7un.mp3",
        "annId": 20902
    },
    {
        "animeEng": "Tsubasa RESERVoir CHRoNiCLE",
        "animeRomaji": "Tsubasa RESERVoir CHRoNiCLE",
        "songName": "BLAZE",
        "artist": "Kinya",
        "type": "Opening 1",
        "correctCount": 23,
        "startTime": 0,
        "songDuration": 98.784,
        "songNumber": 38,
        "activePlayerCount": 152,
        "LinkVideo": "https://files.catbox.moe/qrsxtz.webm",
        "LinkMp3": "https://files.catbox.moe/8elcdp.mp3",
        "annId": 4591
    },
    {
        "animeEng": "Moe Can Change!",
        "animeRomaji": "Moe Can Change!",
        "songName": "H\u014dkago Orange",
        "artist": "Mitsuki Nakae",
        "type": "Ending 1",
        "correctCount": 5,
        "startTime": 12,
        "songDuration": 91.968,
        "songNumber": 39,
        "activePlayerCount": 152,
        "LinkVideo": "https://files.catbox.moe/2iusjl.webm",
        "LinkMp3": "https://files.catbox.moe/ajjtfr.mp3",
        "annId": 13788,
        "correctPlayers": [
            "kimika",
            "Jeziel",
            "Anwonu",
            "kneesoxluver",
            "theyingster"
        ]
    },
    {
        "animeEng": "Dog Days'",
        "animeRomaji": "Dog Days'",
        "songName": "Heart Relation",
        "artist": "Yui Horie",
        "type": "Insert Song",
        "correctCount": 23,
        "startTime": 57,
        "songDuration": 129.576,
        "songNumber": 40,
        "activePlayerCount": 152,
        "LinkVideo": "https://files.catbox.moe/ua1q06.webm",
        "LinkMp3": "https://files.catbox.moe/3d0wvw.mp3",
        "annId": 13636
    },
    {
        "animeEng": "Lazerion",
        "animeRomaji": "Video Senshi Lezarion",
        "songName": "Video Senshi Lezarion",
        "artist": "Takayuki Miyauchi",
        "type": "Opening 1",
        "correctCount": 2,
        "startTime": 3,
        "songDuration": 76.067264,
        "songNumber": 41,
        "activePlayerCount": 153,
        "LinkVideo": "https://files.catbox.moe/mugfdq.webm",
        "LinkMp3": "https://files.catbox.moe/w2r1jo.mp3",
        "annId": 1440,
        "correctPlayers": [
            "Rukawa11",
            "Zurer"
        ]
    },
    {
        "animeEng": "Macross 7 Encore",
        "animeRomaji": "Macross 7 Encore",
        "songName": "SEVENTH MOON",
        "artist": "Fire Bomber",
        "type": "Opening 1",
        "correctCount": 56,
        "startTime": 30,
        "songDuration": 88.704,
        "songNumber": 42,
        "activePlayerCount": 153,
        "LinkVideo": "https://files.catbox.moe/gnaty4.webm",
        "LinkMp3": "https://files.catbox.moe/9civk4.mp3",
        "annId": 943
    },
    {
        "animeEng": "Silver Spoon",
        "animeRomaji": "Gin no Saji",
        "songName": "kiss you",
        "artist": "miwa",
        "type": "Opening 1",
        "correctCount": 73,
        "startTime": 36,
        "songDuration": 89.064,
        "songNumber": 43,
        "activePlayerCount": 152,
        "LinkVideo": "https://files.catbox.moe/0dch62.webm",
        "LinkMp3": "https://files.catbox.moe/q6029g.mp3",
        "annId": 15017
    },
    {
        "animeEng": "Phi Brain: Puzzle of God",
        "animeRomaji": "Phi-Brain - Kami no Puzzle",
        "songName": "Brain Diver",
        "artist": "May'n",
        "type": "Opening 1",
        "correctCount": 40,
        "startTime": 12,
        "songDuration": 88.992,
        "songNumber": 44,
        "activePlayerCount": 154,
        "LinkVideo": "https://files.catbox.moe/1fonmd.webm",
        "LinkMp3": "https://files.catbox.moe/jlssml.mp3",
        "annId": 12271
    },
    {
        "animeEng": "Naruto Shippuuden",
        "animeRomaji": "Naruto Shippuuden",
        "songName": "Guren",
        "artist": "DOES",
        "type": "Opening 15",
        "correctCount": 55,
        "startTime": 34,
        "songDuration": 88.944,
        "songNumber": 45,
        "activePlayerCount": 154,
        "LinkVideo": "https://files.catbox.moe/30e80m.webm",
        "LinkMp3": "https://files.catbox.moe/vhfdor.mp3",
        "annId": 7293
    },
    {
        "animeEng": "Graveyard Kitaro",
        "animeRomaji": "Hakaba Kitar\u014d",
        "songName": "Mononoke Dance",
        "artist": "Denki Groove",
        "type": "Opening 1",
        "correctCount": 18,
        "startTime": 37,
        "songDuration": 78.864,
        "songNumber": 46,
        "activePlayerCount": 155,
        "LinkVideo": "https://files.catbox.moe/g3re0l.webm",
        "LinkMp3": "https://files.catbox.moe/kp53zs.mp3",
        "annId": 8955
    },
    {
        "animeEng": "A-Girl",
        "animeRomaji": "A-Girl",
        "songName": "OH GIRL",
        "artist": "MIKE GORERICK",
        "type": "Insert Song",
        "correctCount": 3,
        "startTime": 43,
        "songDuration": 93.528,
        "songNumber": 47,
        "activePlayerCount": 154,
        "LinkVideo": "https://files.catbox.moe/hqgati.webm",
        "LinkMp3": "https://files.catbox.moe/62t9iu.mp3",
        "annId": 7848,
        "correctPlayers": [
            "Carmanher",
            "Fairy9",
            "Zurer"
        ]
    },
    {
        "animeEng": "Blend-S",
        "animeRomaji": "Blend-S",
        "songName": "Bon App\u00e9tit \u2661 S",
        "artist": "Blend A",
        "type": "Opening 1",
        "correctCount": 126,
        "startTime": 56,
        "songDuration": 89.568,
        "songNumber": 48,
        "activePlayerCount": 153,
        "LinkVideo": "https://files.catbox.moe/4ybgf6.webm",
        "LinkMp3": "https://files.catbox.moe/8s9p68.mp3",
        "annId": 19669
    },
    {
        "animeEng": "BanG Dream! Film Live",
        "animeRomaji": "BanG Dream! Film Live",
        "songName": "Dreamers Go!",
        "artist": "Poppin'Party",
        "type": "Insert Song",
        "correctCount": 62,
        "startTime": 66,
        "songDuration": 101.457848,
        "songNumber": 49,
        "activePlayerCount": 153,
        "LinkVideo": "https://files.catbox.moe/rmnhx2.webm",
        "LinkMp3": "https://files.catbox.moe/rbzs8s.mp3",
        "annId": 22045
    },
    {
        "animeEng": "Shinkansen Henkei Robo Shinkalion: Mirai Kara Shinsoku no ALFA-X",
        "animeRomaji": "Shinkansen Henkei Robo Shinkalion: Mirai Kara Shinsoku no ALFA-X",
        "songName": "Gattan Gotton GO!",
        "artist": "BOYS AND MEN",
        "type": "Ending 1",
        "correctCount": 3,
        "startTime": 128,
        "songDuration": 235.2,
        "songNumber": 50,
        "activePlayerCount": 154,
        "LinkVideo": "https://files.catbox.moe/af6epl.webm",
        "LinkMp3": "https://files.catbox.moe/xghvuj.mp3",
        "annId": 22557,
        "correctPlayers": [
            "revel_",
            "kneesoxluver",
            "theyingster"
        ]
    },
    {
        "animeEng": "Magic Kaito 1412",
        "animeRomaji": "Magic Kaito 1412",
        "songName": "WHITE of CRIME",
        "artist": "REVALCY",
        "type": "Ending 1",
        "correctCount": 28,
        "startTime": 52,
        "songDuration": 88.224,
        "songNumber": 51,
        "activePlayerCount": 155,
        "LinkVideo": "https://files.catbox.moe/21rwx0.webm",
        "LinkMp3": "https://files.catbox.moe/kdksan.mp3",
        "annId": 16168
    },
    {
        "animeEng": "Aesthetica of a Rogue Hero",
        "animeRomaji": "Hagure Yuusha no Aesthetica",
        "songName": "Realization",
        "artist": "Faylan",
        "type": "Opening 1",
        "correctCount": 30,
        "startTime": 1,
        "songDuration": 89.208,
        "songNumber": 52,
        "activePlayerCount": 156,
        "LinkVideo": "https://files.catbox.moe/i376w0.webm",
        "LinkMp3": "https://files.catbox.moe/oq4rf1.mp3",
        "annId": 13821
    },
    {
        "animeEng": "Akira",
        "animeRomaji": "Akira",
        "songName": "Kaneda",
        "artist": "Geinoh Yamashiro-gumi",
        "type": "Ending 1",
        "correctCount": 97,
        "startTime": 135,
        "songDuration": 219.085214,
        "songNumber": 53,
        "activePlayerCount": 156,
        "LinkVideo": "https://files.catbox.moe/0s9f8v.webm",
        "LinkMp3": "https://files.catbox.moe/ps4so0.mp3",
        "annId": 375
    },
    {
        "animeEng": "C3 Anime",
        "animeRomaji": "C\u00b3",
        "songName": "Endless Story",
        "artist": "Yukari Tamura",
        "type": "Opening 1",
        "correctCount": 65,
        "startTime": 49,
        "songDuration": 89.568,
        "songNumber": 54,
        "activePlayerCount": 156,
        "LinkVideo": "https://files.catbox.moe/blqyfa.webm",
        "LinkMp3": "https://files.catbox.moe/rqxzbo.mp3",
        "annId": 12992
    },
    {
        "animeEng": "Pale Cocoon",
        "animeRomaji": "Pale Cocoon",
        "songName": "Aoi Tamago",
        "artist": "little moa",
        "type": "Insert Song",
        "correctCount": 12,
        "startTime": 34,
        "songDuration": 128.184,
        "songNumber": 55,
        "activePlayerCount": 156,
        "LinkVideo": "https://files.catbox.moe/3v00ra.webm",
        "LinkMp3": "https://files.catbox.moe/1o6zga.mp3",
        "annId": 6352
    },
    {
        "animeEng": "B-PROJECT",
        "animeRomaji": "B-PROJECT: Kod\u014d*Ambitious",
        "songName": "Magic Joker",
        "artist": "Tetsuya Kakihara",
        "type": "Insert Song",
        "correctCount": 5,
        "startTime": 16,
        "songDuration": 74.856,
        "songNumber": 56,
        "activePlayerCount": 155,
        "LinkVideo": "https://files.catbox.moe/7pojf3.webm",
        "LinkMp3": "https://files.catbox.moe/19tc63.mp3",
        "annId": 18189,
        "correctPlayers": [
            "Erza_Asiaversal",
            "chiisanatamago",
            "ozsauce",
            "kneesoxluver",
            "theyingster"
        ]
    },
    {
        "animeEng": "YAMIBO: Darkness, the Hat, and Travelers of the Books",
        "animeRomaji": "Yami to B\u014dshi to Hon no Tabibito",
        "songName": "Eien no Inori o Sasagete",
        "artist": "Sanae Kobayashi",
        "type": "Ending 1",
        "correctCount": 2,
        "startTime": 10,
        "songDuration": 124.366842,
        "songNumber": 57,
        "activePlayerCount": 156,
        "LinkVideo": "https://files.catbox.moe/64stu0.webm",
        "LinkMp3": "https://files.catbox.moe/zi3f6d.mp3",
        "annId": 2656,
        "correctPlayers": [
            "kimika",
            "Miike"
        ]
    },
    {
        "animeEng": "Bakus\u014d Ky\u014ddai Let's & Go!! WGP",
        "animeRomaji": "Bakus\u014d Ky\u014ddai Let's & Go!! WGP",
        "songName": "GROW UP POTENTIAL ~Yume ni Mukatte~",
        "artist": "GANASIA",
        "type": "Ending 1",
        "correctCount": 1,
        "startTime": 0,
        "songDuration": 74.4,
        "songNumber": 58,
        "activePlayerCount": 155,
        "LinkVideo": "https://files.catbox.moe/bylllt.webm",
        "LinkMp3": "https://files.catbox.moe/g9wn3z.mp3",
        "annId": 1203,
        "correctPlayers": [
            "theyingster"
        ]
    },
    {
        "animeEng": "You're Under Arrest",
        "animeRomaji": "Taiho Shichau zo",
        "songName": "Arittake no Joonetsu de",
        "artist": "Tokyo Policewoman Duo",
        "type": "Ending 1",
        "correctCount": 6,
        "startTime": 50,
        "songDuration": 94.824,
        "songNumber": 59,
        "activePlayerCount": 155,
        "LinkVideo": "https://files.catbox.moe/p5lcs7.webm",
        "LinkMp3": "https://files.catbox.moe/xsin75.mp3",
        "annId": 606
    },
    {
        "animeEng": "Noragami",
        "animeRomaji": "Noragami",
        "songName": "Heart Realize",
        "artist": "Tia",
        "type": "Ending 1",
        "correctCount": 65,
        "startTime": 64,
        "songDuration": 93.12,
        "songNumber": 60,
        "activePlayerCount": 155,
        "LinkVideo": "https://files.catbox.moe/x8u24s.webm",
        "LinkMp3": "https://files.catbox.moe/5m0a9l.mp3",
        "annId": 15585
    },
    {
        "animeEng": "Rin: Daughters of Mnemosyne",
        "animeRomaji": "Mnemosyne: Mnemosyne no Musume-tachi",
        "songName": "ALSATIA",
        "artist": "GALNERYUS",
        "type": "Opening 1",
        "correctCount": 21,
        "startTime": 7,
        "songDuration": 88.872,
        "songNumber": 61,
        "activePlayerCount": 156,
        "LinkVideo": "https://files.catbox.moe/r08bx3.webm",
        "LinkMp3": "https://files.catbox.moe/k3s2z1.mp3",
        "annId": 8931
    },
    {
        "animeEng": "Clannad",
        "animeRomaji": "Clannad",
        "songName": "Dango Daikazoku",
        "artist": "Chata",
        "type": "Ending 1",
        "correctCount": 137,
        "startTime": 41,
        "songDuration": 87.552,
        "songNumber": 62,
        "activePlayerCount": 156,
        "LinkVideo": "https://files.catbox.moe/pw94j1.webm",
        "LinkMp3": "https://files.catbox.moe/tmsgjy.mp3",
        "annId": 7809
    },
    {
        "animeEng": "100% Teacher Pascal",
        "animeRomaji": "100% Pascal-sensei",
        "songName": "100% Pascal-sensei",
        "artist": "Hana Sat\u014d",
        "type": "Opening 1",
        "correctCount": 62,
        "startTime": 22,
        "songDuration": 59.016,
        "songNumber": 63,
        "activePlayerCount": 156,
        "LinkVideo": "https://files.catbox.moe/a26y8y.webm",
        "LinkMp3": "https://files.catbox.moe/6zbv9v.mp3",
        "annId": 19094
    },
    {
        "animeEng": "Eiga Yo-kai Watch: Enma Daioh to Itsutsu no Monogatari da Nyan!",
        "animeRomaji": "Eiga Yo-kai Watch: Enma Daioh to Itsutsu no Monogatari da Nyan!",
        "songName": "Yoka Yoka Lullaby",
        "artist": "King Cream Soda, Etsuko Kozakura, Kotori Shigemoto",
        "type": "Ending 1",
        "correctCount": 1,
        "startTime": 25,
        "songDuration": 140.328,
        "songNumber": 64,
        "activePlayerCount": 155,
        "LinkVideo": "https://files.catbox.moe/a43ard.webm",
        "LinkMp3": "https://files.catbox.moe/cakyo4.mp3",
        "annId": 17214,
        "correctPlayers": [
            "ozsauce"
        ]
    },
    {
        "animeEng": "Love Hina",
        "animeRomaji": "Love Hina",
        "songName": "Sakura Saku",
        "artist": "Megumi Hayashibara",
        "type": "Opening 1",
        "correctCount": 95,
        "startTime": 20,
        "songDuration": 89.016,
        "songNumber": 65,
        "activePlayerCount": 157,
        "LinkVideo": "https://files.catbox.moe/hdzith.webm",
        "LinkMp3": "https://files.catbox.moe/g0fiv8.mp3",
        "annId": 168
    },
    {
        "animeEng": "Assassination Classroom",
        "animeRomaji": "Ansatsu Ky\u014dshitsu",
        "songName": "Seishun Satsubatsuron",
        "artist": "3-nen E-gumi Shuugakuryokou 4-han",
        "type": "Opening 2",
        "correctCount": 122,
        "startTime": 19,
        "songDuration": 87.888,
        "songNumber": 66,
        "activePlayerCount": 157,
        "LinkVideo": "https://files.catbox.moe/qviczi.webm",
        "LinkMp3": "https://files.catbox.moe/ufni20.mp3",
        "annId": 16142
    },
    {
        "animeEng": "Blood-C",
        "animeRomaji": "Blood-C",
        "songName": "spiral",
        "artist": "DUSTZ",
        "type": "Opening 1",
        "correctCount": 41,
        "startTime": 28,
        "songDuration": 90.288,
        "songNumber": 67,
        "activePlayerCount": 158,
        "LinkVideo": "https://files.catbox.moe/bgm307.webm",
        "LinkMp3": "https://files.catbox.moe/yenix8.mp3",
        "annId": 12857
    },
    {
        "animeEng": "Keep Your Hands Off Eizouken!",
        "animeRomaji": "Eiz\u014dken ni wa Te o Dasu na!",
        "songName": "Namae no Nai Ao",
        "artist": "Kami-sama, Boku wa Kizuite Shimatta",
        "type": "Ending 1",
        "correctCount": 62,
        "startTime": 4,
        "songDuration": 89.064,
        "songNumber": 68,
        "activePlayerCount": 158,
        "LinkVideo": "https://files.catbox.moe/ilai9r.webm",
        "LinkMp3": "https://files.catbox.moe/6p6um6.mp3",
        "annId": 22561
    },
    {
        "animeEng": "Simoun",
        "animeRomaji": "Simoun",
        "songName": "Utsukushi Kereba Sore de Ii",
        "artist": "Chiaki Ishikawa",
        "type": "Opening 1",
        "correctCount": 7,
        "startTime": 3,
        "songDuration": 89.208,
        "songNumber": 69,
        "activePlayerCount": 159,
        "LinkVideo": "https://files.catbox.moe/5qvb8q.webm",
        "LinkMp3": "https://files.catbox.moe/a9ci4x.mp3",
        "annId": 6287
    },
    {
        "animeEng": "Mekakucity Actors",
        "animeRomaji": "Mekakucity Actors",
        "songName": "Lost Time Memory",
        "artist": "Jin ft. K\u014dta Matsuyama from Byee the Round",
        "type": "Ending 3",
        "correctCount": 44,
        "startTime": 51,
        "songDuration": 153.432,
        "songNumber": 70,
        "activePlayerCount": 159,
        "LinkVideo": "https://files.catbox.moe/6erpex.webm",
        "LinkMp3": "https://files.catbox.moe/flfyma.mp3",
        "annId": 15797
    },
    {
        "animeEng": "Love, Chunibyo & Other Delusions! -Heart Throb-",
        "animeRomaji": "Chuuniby\u014d demo Koi ga Shitai! Ren",
        "songName": "VOICE",
        "artist": "ZAQ",
        "type": "Opening 1",
        "correctCount": 91,
        "startTime": 55,
        "songDuration": 90.168,
        "songNumber": 71,
        "activePlayerCount": 159,
        "LinkVideo": "https://files.catbox.moe/8nofui.webm",
        "LinkMp3": "https://files.catbox.moe/zghh2f.mp3",
        "annId": 23594
    },
    {
        "animeEng": "Time Bokan 24",
        "animeRomaji": "Time Bokan 24",
        "songName": "OVER THE TOP",
        "artist": "Hey! Say! JUMP",
        "type": "Opening 2",
        "correctCount": 7,
        "startTime": 11,
        "songDuration": 87.984,
        "songNumber": 72,
        "activePlayerCount": 159,
        "LinkVideo": "https://files.catbox.moe/lu08av.webm",
        "LinkMp3": "https://files.catbox.moe/c71xqe.mp3",
        "annId": 18180
    },
    {
        "animeEng": "Save Me! Lollipop",
        "animeRomaji": "Mamotte! Lollipop",
        "songName": "Poppin' Heart wa Hitotsu Dake?",
        "artist": "Clover",
        "type": "Opening 1",
        "correctCount": 6,
        "startTime": 23,
        "songDuration": 89.76,
        "songNumber": 73,
        "activePlayerCount": 159,
        "LinkVideo": "https://files.catbox.moe/2n24sr.webm",
        "LinkMp3": "https://files.catbox.moe/4oe5r5.mp3",
        "annId": 6564
    },
    {
        "animeEng": "Toward the Terra",
        "animeRomaji": "Chikyuu e...",
        "songName": "Terra e...",
        "artist": "Da Capo",
        "type": "Insert Song",
        "correctCount": 8,
        "startTime": 12,
        "songDuration": 58.104,
        "songNumber": 74,
        "activePlayerCount": 158,
        "LinkVideo": "https://files.catbox.moe/sjfrlf.webm",
        "LinkMp3": "https://files.catbox.moe/r2bvqa.mp3",
        "annId": 1407
    },
    {
        "animeEng": "Persona 4 The Animation",
        "animeRomaji": "Persona 4 The Animation",
        "songName": "The Way of Memories -Kizuna no Chikara-",
        "artist": "Shihoko Hirata",
        "type": "Ending 3",
        "correctCount": 26,
        "startTime": 42,
        "songDuration": 71.424,
        "songNumber": 75,
        "activePlayerCount": 158,
        "LinkVideo": "https://files.catbox.moe/3e2uep.webm",
        "LinkMp3": "https://files.catbox.moe/wdjtx3.mp3",
        "annId": 12870
    },
    {
        "animeEng": "Coicent",
        "animeRomaji": "Koi\u2606Sento",
        "songName": "metamorphose",
        "artist": "Minako Kotobuki",
        "type": "Opening 1",
        "correctCount": 14,
        "startTime": 25,
        "songDuration": 69.824106,
        "songNumber": 76,
        "activePlayerCount": 158,
        "LinkVideo": "https://files.catbox.moe/x1kf6n.webm",
        "LinkMp3": "https://files.catbox.moe/63czqp.mp3",
        "annId": 11810
    },
    {
        "animeEng": "Mobile Suit Gundam Unicorn RE:0096",
        "animeRomaji": "Kid\u014d Senshi Gundam Unicorn RE:0096",
        "songName": "RE:I AM",
        "artist": "Aimer",
        "type": "Opening 2",
        "correctCount": 53,
        "startTime": 73,
        "songDuration": 115.992,
        "songNumber": 77,
        "activePlayerCount": 158,
        "LinkVideo": "https://files.catbox.moe/6gd1ul.webm",
        "LinkMp3": "https://files.catbox.moe/s8wcps.mp3",
        "annId": 18087
    },
    {
        "animeEng": "OBSOLETE",
        "animeRomaji": "OBSOLETE",
        "songName": "obsolete",
        "artist": "Skrillex and Nik Roos",
        "type": "Opening 1",
        "correctCount": 49,
        "startTime": 8,
        "songDuration": 56.928,
        "songNumber": 78,
        "activePlayerCount": 156,
        "LinkVideo": "https://files.catbox.moe/hwb7zh.webm",
        "LinkMp3": "https://files.catbox.moe/mudlh3.mp3",
        "annId": 22540
    },
    {
        "animeEng": "Yuki Yuna is a Hero: Washio Sumi Chapter",
        "animeRomaji": "Yuuki Yuuna wa Yuusha de Aru: Washio Sumi no Sh\u014d",
        "songName": "Geranium",
        "artist": "Emi Evans",
        "type": "Insert Song",
        "correctCount": 23,
        "startTime": 73,
        "songDuration": 103.70434,
        "songNumber": 79,
        "activePlayerCount": 157,
        "LinkVideo": "https://files.catbox.moe/pv6ehd.webm",
        "LinkMp3": "https://files.catbox.moe/3jp3b9.mp3",
        "annId": 19256
    },
    {
        "animeEng": "Attack on Titan: The Roar of Awakening",
        "animeRomaji": "Shingeki no Kyojin Season 2: Kakusei no H\u014dk\u014d",
        "songName": "YouSeeBIGGIRL/T:T",
        "artist": "Gemie",
        "type": "Insert Song",
        "correctCount": 33,
        "startTime": 15,
        "songDuration": 198.58285,
        "songNumber": 80,
        "activePlayerCount": 157,
        "LinkVideo": "https://files.catbox.moe/0vte4y.webm",
        "LinkMp3": "https://files.catbox.moe/m1wgme.mp3",
        "annId": 20508
    },
    {
        "animeEng": "This Boy is a Professional Wizard",
        "animeRomaji": "Kono Danshi, Mah\u014d ga Oshigoto Desu.",
        "songName": "Kimi no Kotoba -Ballade Version-",
        "artist": "Sh\u014dta Aoi",
        "type": "Ending 2",
        "correctCount": 23,
        "startTime": 98,
        "songDuration": 149.952,
        "songNumber": 81,
        "activePlayerCount": 157,
        "LinkVideo": "https://files.catbox.moe/cvx6j8.webm",
        "LinkMp3": "https://files.catbox.moe/6v736z.mp3",
        "annId": 17910
    },
    {
        "animeEng": "The Kindly Lion",
        "animeRomaji": "Yasashii Lion",
        "songName": "Mukumuku no Ochichi",
        "artist": "Bonny Jacks",
        "type": "Insert Song",
        "correctCount": 17,
        "startTime": 18,
        "songDuration": 56.832,
        "songNumber": 82,
        "activePlayerCount": 157,
        "LinkVideo": "https://files.catbox.moe/svxhlk.webm",
        "LinkMp3": "https://files.catbox.moe/s0172u.mp3",
        "annId": 1720
    },
    {
        "animeEng": "Higehiro: After Being Rejected, I Shaved and Took in a High School Runaway",
        "animeRomaji": "Hige o Soru. Soshite Joshik\u014dsei o Hirou.",
        "songName": "Plastic Smile",
        "artist": "Kaori Ishihara",
        "type": "Ending 1",
        "correctCount": 58,
        "startTime": 54,
        "songDuration": 90.528,
        "songNumber": 83,
        "activePlayerCount": 157,
        "LinkVideo": "https://files.catbox.moe/rch1mb.webm",
        "LinkMp3": "https://files.catbox.moe/elqqg7.mp3",
        "annId": 23528
    },
    {
        "animeEng": "Asura Cryin' 2",
        "animeRomaji": "Asura Cryin' 2",
        "songName": "Kanata no delight",
        "artist": "angela",
        "type": "Ending 1",
        "correctCount": 9,
        "startTime": 19,
        "songDuration": 88.968,
        "songNumber": 84,
        "activePlayerCount": 158,
        "LinkVideo": "https://files.catbox.moe/725g1j.webm",
        "LinkMp3": "https://files.catbox.moe/pr43v7.mp3",
        "annId": 10932
    },
    {
        "animeEng": "Youngest Princess Connection",
        "animeRomaji": "Otohime Connection",
        "songName": "Uchiage Hanabi",
        "artist": "BARBEE BOYS",
        "type": "Insert Song",
        "correctCount": 1,
        "startTime": 5,
        "songDuration": 176.88,
        "songNumber": 85,
        "activePlayerCount": 158,
        "LinkVideo": "https://files.catbox.moe/fuyax8.webm",
        "LinkMp3": "https://files.catbox.moe/jwjnzx.mp3",
        "annId": 4636,
        "correctPlayers": [
            "ozsauce"
        ]
    }
]