[
    {
        "animeEng": "Pia Carrot 2 DX",
        "animeRomaji": "Pia Carrot e Youkoso! 2 DX",
        "songName": "Shizukana Shinkokyuu Shite",
        "artist": "Minami Nagasaki",
        "type": "Ending 1",
        "correctCount": 1,
        "startTime": 73,
        "songDuration": 123.576,
        "songNumber": 1,
        "activePlayerCount": 169,
        "LinkVideo": "https://files.catbox.moe/5ks0ai.webm",
        "LinkMp3": "https://files.catbox.moe/7zrh25.mp3",
        "annId": 1096,
        "correctPlayers": [
            "watashiii"
        ]
    },
    {
        "animeEng": "Gun X Sword",
        "animeRomaji": "Gun X Sword",
        "songName": "GUN\u00d7SWORD",
        "artist": "Kotaro Nakagawa",
        "type": "Opening 1",
        "correctCount": 35,
        "startTime": 47,
        "songDuration": 89.064,
        "songNumber": 2,
        "activePlayerCount": 183,
        "LinkVideo": "https://files.catbox.moe/1ne4v4.webm",
        "LinkMp3": "https://files.catbox.moe/bshvuc.mp3",
        "annId": 4920
    },
    {
        "animeEng": "Battle Spirits: Burning Soul",
        "animeRomaji": "Battle Spirits: Burning Soul",
        "songName": "MONSTERS",
        "artist": "Fo'xTails",
        "type": "Ending 2",
        "correctCount": 6,
        "startTime": 25,
        "songDuration": 79.358636,
        "songNumber": 3,
        "activePlayerCount": 186,
        "LinkVideo": "https://files.catbox.moe/32z4oo.webm",
        "LinkMp3": "https://files.catbox.moe/hk9nx3.mp3",
        "annId": 16714
    },
    {
        "animeEng": "TONIKAWA: Over The Moon For You",
        "animeRomaji": "Tonikaku Kawaii",
        "songName": "Miracle Shopping ~Don Quijote no Theme~",
        "artist": "Maimi Tanaka",
        "type": "Insert Song",
        "correctCount": 66,
        "startTime": 33,
        "songDuration": 81.096,
        "songNumber": 4,
        "activePlayerCount": 189,
        "LinkVideo": "https://files.catbox.moe/2ubcu3.webm",
        "LinkMp3": "https://files.catbox.moe/pp8ydj.mp3",
        "annId": 23503
    },
    {
        "animeEng": "Mobile Suit Gundam: Char's Counterattack",
        "animeRomaji": "Kidou Senshi Gundam: Gyakushuu no Char",
        "songName": "BEYOND THE TIME ~M\u00f6bius no Sora o Koete~",
        "artist": "TM Network",
        "type": "Ending 1",
        "correctCount": 32,
        "startTime": 62,
        "songDuration": 143.304,
        "songNumber": 5,
        "activePlayerCount": 192,
        "LinkVideo": "https://files.catbox.moe/orqunr.webm",
        "LinkMp3": "https://files.catbox.moe/2bw53u.mp3",
        "annId": 597
    },
    {
        "animeEng": "Sword Gai: The Animation Part II",
        "animeRomaji": "Sword Gai: The Animation Part II",
        "songName": "Sadamegoto",
        "artist": "Yuuto Uemura",
        "type": "Opening 1",
        "correctCount": 28,
        "startTime": 1,
        "songDuration": 58.539402,
        "songNumber": 6,
        "activePlayerCount": 191,
        "LinkVideo": "https://files.catbox.moe/g7x3mn.webm",
        "LinkMp3": "https://files.catbox.moe/dv4mik.mp3",
        "annId": 21243
    },
    {
        "animeEng": "Summer Days with Coo",
        "animeRomaji": "Kappa no Coo to Natsuyasumi",
        "songName": "Natsu no Shizuku",
        "artist": "Yurika Ouyama",
        "type": "Ending 1",
        "correctCount": 0,
        "startTime": 48,
        "songDuration": 228.552,
        "songNumber": 7,
        "activePlayerCount": 195,
        "LinkVideo": "https://files.catbox.moe/cqxhfl.webm",
        "LinkMp3": "https://files.catbox.moe/w86o5v.mp3",
        "annId": 7764
    },
    {
        "animeEng": "Digimon Adventure:",
        "animeRomaji": "Digimon Adventure:",
        "songName": "Q?",
        "artist": "Reol",
        "type": "Ending 2",
        "correctCount": 50,
        "startTime": 23,
        "songDuration": 59.112,
        "songNumber": 8,
        "activePlayerCount": 199,
        "LinkVideo": "https://files.catbox.moe/i9rtyb.webm",
        "LinkMp3": "https://files.catbox.moe/nolgtw.mp3",
        "annId": 22976
    },
    {
        "animeEng": "Haikyu!! Movie Shousha to Haisha",
        "animeRomaji": "Haikyu!! Movie Shousha to Haisha",
        "songName": "Ah Yeah!!",
        "artist": "Sukima Switch",
        "type": "Ending 1",
        "correctCount": 58,
        "startTime": 215,
        "songDuration": 297.384,
        "songNumber": 9,
        "activePlayerCount": 199,
        "LinkVideo": "https://files.catbox.moe/y083ch.webm",
        "LinkMp3": "https://files.catbox.moe/hn1h3c.mp3",
        "annId": 16891
    },
    {
        "animeEng": "Fruits Basket Season 2",
        "animeRomaji": "Fruits Basket 2nd Season",
        "songName": "Eden",
        "artist": "MONKEY MAJIK",
        "type": "Ending 3",
        "correctCount": 46,
        "startTime": 18,
        "songDuration": 90.048,
        "songNumber": 10,
        "activePlayerCount": 199,
        "LinkVideo": "https://files.catbox.moe/f9y7t6.webm",
        "LinkMp3": "https://files.catbox.moe/wntghj.mp3",
        "annId": 22588
    },
    {
        "animeEng": "Eiga Precure All Stars: Minna de Utau\u266a Kiseki no Mahou!",
        "animeRomaji": "Eiga Precure All Stars: Minna de Utau\u266a Kiseki no Mahou!",
        "songName": "Dokkin\u2662Mahoutsukai Precure!",
        "artist": "Rie Kitagawa",
        "type": "Insert Song",
        "correctCount": 96,
        "startTime": 4,
        "songDuration": 35.107968,
        "songNumber": 11,
        "activePlayerCount": 200,
        "LinkVideo": "https://files.catbox.moe/56fqqi.webm",
        "LinkMp3": "https://files.catbox.moe/rdff4j.mp3",
        "annId": 17996
    },
    {
        "animeEng": "One Punch Man",
        "animeRomaji": "One Punch Man",
        "songName": "Hoshi yori Saki ni Mitsukete Ageru",
        "artist": "Hiroko Moriguchi",
        "type": "Ending 1",
        "correctCount": 120,
        "startTime": 35,
        "songDuration": 87.648,
        "songNumber": 12,
        "activePlayerCount": 202,
        "LinkVideo": "https://files.catbox.moe/e9b1v8.webm",
        "LinkMp3": "https://files.catbox.moe/a1ps5w.mp3",
        "annId": 16840
    },
    {
        "animeEng": "Myself; Yourself",
        "animeRomaji": "Myself; Yourself",
        "songName": "Kimi to Yozora to Sakamichi to",
        "artist": "Kanako Itou",
        "type": "Ending 1",
        "correctCount": 19,
        "startTime": 16,
        "songDuration": 89.976,
        "songNumber": 13,
        "activePlayerCount": 202,
        "LinkVideo": "https://files.catbox.moe/0afou3.webm",
        "LinkMp3": "https://files.catbox.moe/5d1kp5.mp3",
        "annId": 8507
    },
    {
        "animeEng": "D.C.if: Da Capo If",
        "animeRomaji": "D.C.if: Da Capo If",
        "songName": "Ai no Sora",
        "artist": "Yui Horie",
        "type": "Insert Song",
        "correctCount": 10,
        "startTime": 112,
        "songDuration": 191.064,
        "songNumber": 14,
        "activePlayerCount": 202,
        "LinkVideo": "https://files.catbox.moe/fd09s2.webm",
        "LinkMp3": "https://files.catbox.moe/94up1c.mp3",
        "annId": 15314
    },
    {
        "animeEng": "Dropout Idol Fruit Tart",
        "animeRomaji": "Ochikobore Fruit Tart",
        "songName": "Tart na Kimochi",
        "artist": "Fruit Tart",
        "type": "Insert Song",
        "correctCount": 10,
        "startTime": 35,
        "songDuration": 97.08,
        "songNumber": 15,
        "activePlayerCount": 203,
        "LinkVideo": "https://files.catbox.moe/cbtzj6.webm",
        "LinkMp3": "https://files.catbox.moe/ahuctw.mp3",
        "annId": 22604
    },
    {
        "animeEng": "Your Light: Kase-san and Morning Glories",
        "animeRomaji": "Kimi no Hikari: Asagao to Kase-san.",
        "songName": "Kimi no Egao (album ver.)",
        "artist": "Hanako Oku",
        "type": "Insert Song",
        "correctCount": 18,
        "startTime": 32,
        "songDuration": 300.552,
        "songNumber": 16,
        "activePlayerCount": 203,
        "LinkVideo": "https://files.catbox.moe/q3ipev.webm",
        "LinkMp3": "https://files.catbox.moe/rebmn8.mp3",
        "annId": 19779
    },
    {
        "animeEng": "Amnesia",
        "animeRomaji": "Amnesia",
        "songName": "Zoetrope",
        "artist": "Nagi Yanagi",
        "type": "Opening 1",
        "correctCount": 76,
        "startTime": 60,
        "songDuration": 88.992,
        "songNumber": 17,
        "activePlayerCount": 205,
        "LinkVideo": "https://files.catbox.moe/m0vc8t.webm",
        "LinkMp3": "https://files.catbox.moe/2vjjy1.mp3",
        "annId": 14811
    },
    {
        "animeEng": "Higurashi: When They Cry - Sotsu",
        "animeRomaji": "Higurashi no Naku Koro ni Sotsu",
        "songName": "Missing Promise",
        "artist": "Konomi Suzuki",
        "type": "Ending 1",
        "correctCount": 38,
        "startTime": 17,
        "songDuration": 87.984,
        "songNumber": 18,
        "activePlayerCount": 205,
        "LinkVideo": "https://files.catbox.moe/wgfm84.webm",
        "LinkMp3": "https://files.catbox.moe/84rfsw.mp3",
        "annId": 24160
    },
    {
        "animeEng": "To Heart 2 adnext",
        "animeRomaji": "To Heart 2 adnext",
        "songName": "Tokimeki",
        "artist": "Rena Uehara",
        "type": "Opening 1",
        "correctCount": 10,
        "startTime": 6,
        "songDuration": 105.048,
        "songNumber": 19,
        "activePlayerCount": 206,
        "LinkVideo": "https://files.catbox.moe/p3tg7c.webm",
        "LinkMp3": "https://files.catbox.moe/3frh17.mp3",
        "annId": 11661
    },
    {
        "animeEng": "Metal Armor Dragonar",
        "animeRomaji": "Kikou Senki Dragonar",
        "songName": "Shiny Boy",
        "artist": "Mami Yamase",
        "type": "Ending 2",
        "correctCount": 1,
        "startTime": 2,
        "songDuration": 59.505916,
        "songNumber": 20,
        "activePlayerCount": 208,
        "LinkVideo": "https://files.catbox.moe/bzvui8.webm",
        "LinkMp3": "https://files.catbox.moe/6jkham.mp3",
        "annId": 2185,
        "correctPlayers": [
            "Zylda"
        ]
    },
    {
        "animeEng": "Yokohama Shopping Log",
        "animeRomaji": "Yokohama Kaidashi Kikou",
        "songName": "Kaze ga Fuiteita",
        "artist": "GONTITI feat. Hekiru Shiina",
        "type": "Insert Song",
        "correctCount": 15,
        "startTime": 113,
        "songDuration": 142.68,
        "songNumber": 21,
        "activePlayerCount": 208,
        "LinkVideo": "https://files.catbox.moe/apdq4f.webm",
        "LinkMp3": "https://files.catbox.moe/9gw0qr.mp3",
        "annId": 1156
    },
    {
        "animeEng": "Daitarn 3",
        "animeRomaji": "Muteki Koujin Daitarn 3",
        "songName": "Come Here! Daitarn 3",
        "artist": "Makoto Fujiwara",
        "type": "Opening 1",
        "correctCount": 95,
        "startTime": 5,
        "songDuration": 87.456456,
        "songNumber": 22,
        "activePlayerCount": 209,
        "LinkVideo": "https://files.catbox.moe/v5963j.webm",
        "LinkMp3": "https://files.catbox.moe/sd8nbk.mp3",
        "annId": 1297
    },
    {
        "animeEng": "Hozuki's Coolheadedness",
        "animeRomaji": "Hoozuki no Reitetsu",
        "songName": "Ji 7 ~HELL\u2606NANA~",
        "artist": "MakiMiki",
        "type": "Insert Song",
        "correctCount": 6,
        "startTime": 0,
        "songDuration": 26.568,
        "songNumber": 23,
        "activePlayerCount": 211,
        "LinkVideo": "https://files.catbox.moe/87u5n5.webm",
        "LinkMp3": "https://files.catbox.moe/gp6wgn.mp3",
        "annId": 20677
    },
    {
        "animeEng": "PriPara & Kiratto Pri\u2606Chan: Kira Kira Memorial Live",
        "animeRomaji": "PriPara & Kiratto Pri\u2606Chan: Kira Kira Memorial Live",
        "songName": "Suki Suki Sensor",
        "artist": "Miyu Kubota",
        "type": "Insert Song",
        "correctCount": 6,
        "startTime": 45,
        "songDuration": 100.224,
        "songNumber": 24,
        "activePlayerCount": 211,
        "LinkVideo": "https://files.catbox.moe/uv3osv.webm",
        "LinkMp3": "https://files.catbox.moe/e1wu5q.mp3",
        "annId": 20902
    },
    {
        "animeEng": "Monster Strike: A Rhapsody Called Lucy -The Very First Song-",
        "animeRomaji": "Senritsu no Lucifer: Tada Hitotsu no Hajimari no Uta",
        "songName": "Perfect Glory ~Senritsu no Kanata e~ Acoustic ver.",
        "artist": "Youko Hikasa",
        "type": "Ending 1",
        "correctCount": 9,
        "startTime": 42,
        "songDuration": 94.796738,
        "songNumber": 25,
        "activePlayerCount": 213,
        "LinkVideo": "https://files.catbox.moe/7apvpx.webm",
        "LinkMp3": "https://files.catbox.moe/yd2xjh.mp3",
        "annId": 19673
    },
    {
        "animeEng": "Fullmetal Alchemist: The Movie - Conqueror of Shamballa",
        "animeRomaji": "Gekijouban Hagane no Renkinjutsushi: Shamballa o Yuku Mono",
        "songName": "Link",
        "artist": "L'Arc~en~Ciel",
        "type": "Opening 1",
        "correctCount": 40,
        "startTime": 7,
        "songDuration": 100.728,
        "songNumber": 26,
        "activePlayerCount": 214,
        "LinkVideo": "https://files.catbox.moe/o3dxw3.webm",
        "LinkMp3": "https://files.catbox.moe/ju4lhf.mp3",
        "annId": 4176
    },
    {
        "animeEng": "Eiga Shimajirou Mahou no Shima no Daibouken",
        "animeRomaji": "Eiga Shimajirou Mahou no Shima no Daibouken",
        "songName": "Massugu na Hashi",
        "artist": "Gospellers",
        "type": "Insert Song",
        "correctCount": 3,
        "startTime": 15,
        "songDuration": 180.912,
        "songNumber": 27,
        "activePlayerCount": 212,
        "LinkVideo": "https://files.catbox.moe/iii6t9.webm",
        "LinkMp3": "https://files.catbox.moe/3z53ay.mp3",
        "annId": 23116,
        "correctPlayers": [
            "Neutral",
            "watashiii",
            "Rukawa11"
        ]
    },
    {
        "animeEng": "Overflow",
        "animeRomaji": "Overflow",
        "songName": "Renai\u2606Sensation",
        "artist": "Ringo Aoba & Ayaka Igasaki",
        "type": "Insert Song",
        "correctCount": 35,
        "startTime": 0,
        "songDuration": 27.168,
        "songNumber": 28,
        "activePlayerCount": 211,
        "LinkVideo": "https://files.catbox.moe/ian3hu.webm",
        "LinkMp3": "https://files.catbox.moe/7lnc56.mp3",
        "annId": 22921
    },
    {
        "animeEng": "Sakura Diaries",
        "animeRomaji": "Sakura Tsuushin",
        "songName": "Kimi no Mado Kara",
        "artist": "Takako Kuwata",
        "type": "Opening 1",
        "correctCount": 11,
        "startTime": 0,
        "songDuration": 86.928,
        "songNumber": 29,
        "activePlayerCount": 212,
        "LinkVideo": "https://files.catbox.moe/ytpv7q.webm",
        "LinkMp3": "https://files.catbox.moe/te352p.mp3",
        "annId": 320
    },
    {
        "animeEng": "World Trigger",
        "animeRomaji": "World Trigger",
        "songName": "Dream Trigger",
        "artist": "Pile",
        "type": "Opening 1",
        "correctCount": 62,
        "startTime": 43,
        "songDuration": 88.272,
        "songNumber": 30,
        "activePlayerCount": 213,
        "LinkVideo": "https://files.catbox.moe/f8orfz.webm",
        "LinkMp3": "https://files.catbox.moe/o8wu6x.mp3",
        "annId": 17677
    },
    {
        "animeEng": "ReLIFE",
        "animeRomaji": "ReLIFE",
        "songName": "Button (Piano Version)",
        "artist": "PENGUIN RESEARCH",
        "type": "Ending 4",
        "correctCount": 120,
        "startTime": 7,
        "songDuration": 88.488,
        "songNumber": 31,
        "activePlayerCount": 211,
        "LinkVideo": "https://files.catbox.moe/ynpcct.webm",
        "LinkMp3": "https://files.catbox.moe/4pe1nw.mp3",
        "annId": 20461
    },
    {
        "animeEng": "The Five Star Stories",
        "animeRomaji": "The Five Star Stories",
        "songName": "Hitomi no Naka no Faraway",
        "artist": "Youko Nagayama",
        "type": "Ending 1",
        "correctCount": 6,
        "startTime": 78,
        "songDuration": 127.248,
        "songNumber": 32,
        "activePlayerCount": 211,
        "LinkVideo": "https://files.catbox.moe/nb5fcw.webm",
        "LinkMp3": "https://files.catbox.moe/7p2r5x.mp3",
        "annId": 544
    },
    {
        "animeEng": "Senran Kagura: Ninja Flash!",
        "animeRomaji": "Senran Kagura",
        "songName": "Shissouron",
        "artist": "Hitomi Harada",
        "type": "Ending 3",
        "correctCount": 10,
        "startTime": 47,
        "songDuration": 90.048,
        "songNumber": 33,
        "activePlayerCount": 212,
        "LinkVideo": "https://files.catbox.moe/m92f42.webm",
        "LinkMp3": "https://files.catbox.moe/yiih62.mp3",
        "annId": 14280
    },
    {
        "animeEng": ".hack//SIGN",
        "animeRomaji": ".hack//SIGN",
        "songName": "Aura evil version",
        "artist": "Emily Bindiger",
        "type": "Insert Song",
        "correctCount": 19,
        "startTime": 6,
        "songDuration": 112.512,
        "songNumber": 34,
        "activePlayerCount": 212,
        "LinkVideo": "https://files.catbox.moe/1836pv.webm",
        "LinkMp3": "https://files.catbox.moe/gts30o.mp3",
        "annId": 605
    },
    {
        "animeEng": "Zombie Land Saga Revenge",
        "animeRomaji": "Zombie Land Saga Revenge",
        "songName": "Kaze no Tsuyoi Hi wa Kirai ka?",
        "artist": "White Ryuu",
        "type": "Insert Song",
        "correctCount": 16,
        "startTime": 55,
        "songDuration": 113.256,
        "songNumber": 35,
        "activePlayerCount": 211,
        "LinkVideo": "https://files.catbox.moe/jig0e4.webm",
        "LinkMp3": "https://files.catbox.moe/o35rsu.mp3",
        "annId": 24019
    },
    {
        "animeEng": "Don't Toy With Me, Miss Nagatoro",
        "animeRomaji": "Ijiranaide, Nagatoro-san",
        "songName": "EASY LOVE",
        "artist": "Sumire Uesaka",
        "type": "Opening 1",
        "correctCount": 106,
        "startTime": 10,
        "songDuration": 89.568,
        "songNumber": 36,
        "activePlayerCount": 209,
        "LinkVideo": "https://files.catbox.moe/i7260d.webm",
        "LinkMp3": "https://files.catbox.moe/2tztj1.mp3",
        "annId": 23755
    },
    {
        "animeEng": "Black\u2605Rock Shooter",
        "animeRomaji": "Black\u2605Rock Shooter",
        "songName": "Bokura no Ashiato Pf Ver",
        "artist": "supercell",
        "type": "Insert Song",
        "correctCount": 33,
        "startTime": 10,
        "songDuration": 97.344,
        "songNumber": 37,
        "activePlayerCount": 211,
        "LinkVideo": "https://files.catbox.moe/aa5udz.webm",
        "LinkMp3": "https://files.catbox.moe/an84ji.mp3",
        "annId": 13310
    },
    {
        "animeEng": "Tenchi Muyo! Ryo Ohki",
        "animeRomaji": "Tenchi Muyo! Ryo Ohki",
        "songName": "Washu no Komoriuta",
        "artist": "Yuuko Kobayashi",
        "type": "Insert Song",
        "correctCount": 3,
        "startTime": 14,
        "songDuration": 97.513426,
        "songNumber": 38,
        "activePlayerCount": 212,
        "LinkVideo": "https://files.catbox.moe/3x7i4j.webm",
        "LinkMp3": "https://files.catbox.moe/2lj52w.mp3",
        "annId": 921,
        "correctPlayers": [
            "Heyko",
            "Vitoas",
            "vivinvi"
        ]
    },
    {
        "animeEng": "Owarimonogatari",
        "animeRomaji": "Owarimonogatari",
        "songName": "mein schatz",
        "artist": "mito",
        "type": "Opening 4",
        "correctCount": 104,
        "startTime": 12,
        "songDuration": 60.288,
        "songNumber": 39,
        "activePlayerCount": 212,
        "LinkVideo": "https://files.catbox.moe/5t3sn8.webm",
        "LinkMp3": "https://files.catbox.moe/p4p7gf.mp3",
        "annId": 17645
    },
    {
        "animeEng": "Key the Metal Idol",
        "animeRomaji": "Key the Metal Idol",
        "songName": "Toubousha ~Run Away~",
        "artist": "Chiyako Shibahara",
        "type": "Insert Song",
        "correctCount": 1,
        "startTime": 47,
        "songDuration": 89.154386,
        "songNumber": 40,
        "activePlayerCount": 212,
        "LinkVideo": "https://files.catbox.moe/kk7eaw.webm",
        "LinkMp3": "https://files.catbox.moe/n19ius.mp3",
        "annId": 843,
        "correctPlayers": [
            "Shuuka"
        ]
    },
    {
        "animeEng": "The Empire of Corpses",
        "animeRomaji": "Shisha no Teikoku",
        "songName": "DOOR",
        "artist": "EGOIST",
        "type": "Ending 1",
        "correctCount": 19,
        "startTime": 191,
        "songDuration": 322.21487,
        "songNumber": 41,
        "activePlayerCount": 212,
        "LinkVideo": "https://files.catbox.moe/65lrsd.webm",
        "LinkMp3": "https://files.catbox.moe/yuzsyn.mp3",
        "annId": 16585
    },
    {
        "animeEng": "Sousei no Aquarion Evol",
        "animeRomaji": "Sousei no Aquarion Evol",
        "songName": "Go Tight!",
        "artist": "AKINO",
        "type": "Insert Song",
        "correctCount": 70,
        "startTime": 20,
        "songDuration": 120.6,
        "songNumber": 42,
        "activePlayerCount": 213,
        "LinkVideo": "https://files.catbox.moe/iew9am.webm",
        "LinkMp3": "https://files.catbox.moe/lb0100.mp3",
        "annId": 16903
    },
    {
        "animeEng": "Non Non Biyori Repeat",
        "animeRomaji": "Non Non Biyori Repeat",
        "songName": "Asahigaoka Bunkou Kouka",
        "artist": "Ayane Sakura, Kana Asumi, Kotori Koiwai",
        "type": "Insert Song",
        "correctCount": 49,
        "startTime": 58,
        "songDuration": 120.936,
        "songNumber": 43,
        "activePlayerCount": 212,
        "LinkVideo": "https://files.catbox.moe/t8d6tp.webm",
        "LinkMp3": "https://files.catbox.moe/l7yrh2.mp3",
        "annId": 16655
    },
    {
        "animeEng": "Battle Spirits: Brave",
        "animeRomaji": "Battle Spirits: Brave",
        "songName": "free",
        "artist": "Karasu",
        "type": "Opening 1",
        "correctCount": 11,
        "startTime": 15,
        "songDuration": 88.55358,
        "songNumber": 44,
        "activePlayerCount": 214,
        "LinkVideo": "https://files.catbox.moe/fsorbj.webm",
        "LinkMp3": "https://files.catbox.moe/6m28x5.mp3",
        "annId": 11730
    },
    {
        "animeEng": "Donyatsu",
        "animeRomaji": "Donyatsu",
        "songName": "NOVA Revolution",
        "artist": "StylipS",
        "type": "Ending 2",
        "correctCount": 3,
        "startTime": 0,
        "songDuration": 24.868144,
        "songNumber": 45,
        "activePlayerCount": 212,
        "LinkVideo": "https://files.catbox.moe/99k9yx.webm",
        "LinkMp3": "https://files.catbox.moe/qf40q1.mp3",
        "annId": 15755,
        "correctPlayers": [
            "blissfulyoshi",
            "ozsauce",
            "vivinvi"
        ]
    },
    {
        "animeEng": "Tokyo Ghoul:re",
        "animeRomaji": "Tokyo Ghoul:re",
        "songName": "unravel",
        "artist": "TK from Ling Tosite Sigure",
        "type": "Insert Song",
        "correctCount": 193,
        "startTime": 68,
        "songDuration": 156.792,
        "songNumber": 46,
        "activePlayerCount": 212,
        "LinkVideo": "https://files.catbox.moe/n90el9.webm",
        "LinkMp3": "https://files.catbox.moe/cazrg7.mp3",
        "annId": 20173
    },
    {
        "animeEng": "Blue Spring Ride",
        "animeRomaji": "Ao Haru Ride",
        "songName": "Sekai wa Koi ni Ochiteiru",
        "artist": "CHiCO with HoneyWorks",
        "type": "Opening 1",
        "correctCount": 105,
        "startTime": 23,
        "songDuration": 88.944,
        "songNumber": 47,
        "activePlayerCount": 209,
        "LinkVideo": "https://files.catbox.moe/xu80bc.webm",
        "LinkMp3": "https://files.catbox.moe/anpnj2.mp3",
        "annId": 15817
    },
    {
        "animeEng": "Valkyrie Drive: Mermaid",
        "animeRomaji": "Valkyrie Drive: Mermaid",
        "songName": "Super Ultra Hyper Miracle Romantic",
        "artist": "Mikako Izawa & Yuka Iguchi",
        "type": "Ending 1",
        "correctCount": 36,
        "startTime": 20,
        "songDuration": 89.544,
        "songNumber": 48,
        "activePlayerCount": 209,
        "LinkVideo": "https://files.catbox.moe/f2njcd.webm",
        "LinkMp3": "https://files.catbox.moe/gooia0.mp3",
        "annId": 16893
    },
    {
        "animeEng": "Spirited Away",
        "animeRomaji": "Sen to Chihiro no Kamikakushi",
        "songName": "Itsumo Nando demo",
        "artist": "Yumi Kimura",
        "type": "Ending 1",
        "correctCount": 142,
        "startTime": 85,
        "songDuration": 212.808,
        "songNumber": 49,
        "activePlayerCount": 210,
        "LinkVideo": "https://files.catbox.moe/5azbnv.webm",
        "LinkMp3": "https://files.catbox.moe/q2lwec.mp3",
        "annId": 377
    },
    {
        "animeEng": "Bungo Stray Dogs: Dead Apple",
        "animeRomaji": "Bungo Stray Dogs: Dead Apple",
        "songName": "Mein Prinz",
        "artist": "Yuri Shinada",
        "type": "Insert Song",
        "correctCount": 14,
        "startTime": 54,
        "songDuration": 94.752,
        "songNumber": 50,
        "activePlayerCount": 209,
        "LinkVideo": "https://files.catbox.moe/zk2hmz.webm",
        "LinkMp3": "https://files.catbox.moe/po68f8.mp3",
        "annId": 19773
    },
    {
        "animeEng": "Diary of Our Days at the Breakwater",
        "animeRomaji": "Houkago Teibou Nisshi",
        "songName": "SEA HORIZON",
        "artist": "Umino Koukou Teibo-bu",
        "type": "Opening 1",
        "correctCount": 53,
        "startTime": 43,
        "songDuration": 89.304,
        "songNumber": 51,
        "activePlayerCount": 207,
        "LinkVideo": "https://files.catbox.moe/kcrfjy.webm",
        "LinkMp3": "https://files.catbox.moe/x39m7l.mp3",
        "annId": 22570
    },
    {
        "animeEng": "The IDOLM@STER Cinderella Girls Theater",
        "animeRomaji": "The IDOLM@STER Cinderella Girls Theater",
        "songName": "SUN\u2661FLOWER",
        "artist": "THE IDOLM@STER CINDERELLA GIRLS LITTLE STARS!",
        "type": "Ending 4",
        "correctCount": 8,
        "startTime": 0,
        "songDuration": 28.86481,
        "songNumber": 52,
        "activePlayerCount": 205,
        "LinkVideo": "https://files.catbox.moe/odmhss.webm",
        "LinkMp3": "https://files.catbox.moe/fw0zzs.mp3",
        "annId": 19183
    },
    {
        "animeEng": "Princess Principal",
        "animeRomaji": "Princess Principal",
        "songName": "Mo Hitotsu Mawashite",
        "artist": "Nozomi Furuki",
        "type": "Insert Song",
        "correctCount": 49,
        "startTime": 4,
        "songDuration": 42.36,
        "songNumber": 53,
        "activePlayerCount": 206,
        "LinkVideo": "https://files.catbox.moe/ht7fa7.webm",
        "LinkMp3": "https://files.catbox.moe/x3yhpj.mp3",
        "annId": 19393
    },
    {
        "animeEng": "Aria the Natural",
        "animeRomaji": "Aria the Natural",
        "songName": "Euforia~Hikigatari ver~",
        "artist": "Yui Makino",
        "type": "Opening 3",
        "correctCount": 25,
        "startTime": 61,
        "songDuration": 107.570396,
        "songNumber": 54,
        "activePlayerCount": 206,
        "LinkVideo": "https://files.catbox.moe/aduzye.webm",
        "LinkMp3": "https://files.catbox.moe/6ynmdc.mp3",
        "annId": 6425
    },
    {
        "animeEng": "Iron Man",
        "animeRomaji": "Iron Man",
        "songName": "Activation",
        "artist": "Tetsuya Takahashi",
        "type": "Opening 1",
        "correctCount": 41,
        "startTime": 3,
        "songDuration": 59.112,
        "songNumber": 55,
        "activePlayerCount": 207,
        "LinkVideo": "https://files.catbox.moe/7ogvbu.webm",
        "LinkMp3": "https://files.catbox.moe/6tmn0i.mp3",
        "annId": 11786
    },
    {
        "animeEng": "Seitokai Yakuindomo",
        "animeRomaji": "Seitokai Yakuindomo",
        "songName": "Aoi Haru",
        "artist": "angela",
        "type": "Ending 1",
        "correctCount": 77,
        "startTime": 43,
        "songDuration": 87.936,
        "songNumber": 56,
        "activePlayerCount": 206,
        "LinkVideo": "https://files.catbox.moe/5n76xg.webm",
        "LinkMp3": "https://files.catbox.moe/suu7kz.mp3",
        "annId": 11476
    },
    {
        "animeEng": "Kinnikuman",
        "animeRomaji": "Kinnikuman",
        "songName": "Niku 2\u00d79-Rock 'n Roll",
        "artist": "Akira Kushida",
        "type": "Ending 1",
        "correctCount": 9,
        "startTime": 35,
        "songDuration": 68.112,
        "songNumber": 57,
        "activePlayerCount": 207,
        "LinkVideo": "https://files.catbox.moe/hewo64.webm",
        "LinkMp3": "https://files.catbox.moe/5mtxml.mp3",
        "annId": 1513
    },
    {
        "animeEng": "Digimon Adventure: Born of Koromon",
        "animeRomaji": "Digimon Adventure: Born of Koromon",
        "songName": "Butter-Fly",
        "artist": "Kouji Wada",
        "type": "Ending 1",
        "correctCount": 105,
        "startTime": 29,
        "songDuration": 61.569554,
        "songNumber": 58,
        "activePlayerCount": 208,
        "LinkVideo": "https://files.catbox.moe/hnpd5k.webm",
        "LinkMp3": "https://files.catbox.moe/frsoce.mp3",
        "annId": 2523
    },
    {
        "animeEng": "Tonari no Seki-kun: The Master of Killing Time",
        "animeRomaji": "Tonari no Seki-kun",
        "songName": "Danran! Robot Kazoku",
        "artist": "Ichiro Mizuki",
        "type": "Insert Song",
        "correctCount": 34,
        "startTime": 13,
        "songDuration": 68.83147,
        "songNumber": 59,
        "activePlayerCount": 208,
        "LinkVideo": "https://files.catbox.moe/69wxsz.webm",
        "LinkMp3": "https://files.catbox.moe/b01a5j.mp3",
        "annId": 15587
    },
    {
        "animeEng": "Baby and Me",
        "animeRomaji": "Akachan to Boku",
        "songName": "YOU",
        "artist": "Sachiko Kumagai",
        "type": "Ending 1",
        "correctCount": 0,
        "startTime": 23,
        "songDuration": 90.192,
        "songNumber": 60,
        "activePlayerCount": 208,
        "LinkVideo": "https://files.catbox.moe/05fxnd.webm",
        "LinkMp3": "https://files.catbox.moe/qdp067.mp3",
        "annId": 412
    },
    {
        "animeEng": "Grander Musashi RV",
        "animeRomaji": "Grander Musashi RV",
        "songName": "Kimi ni Makenai You ni",
        "artist": "Satoko Yamano",
        "type": "Ending 1",
        "correctCount": 2,
        "startTime": 1,
        "songDuration": 88.128,
        "songNumber": 61,
        "activePlayerCount": 209,
        "LinkVideo": "https://files.catbox.moe/vlwolt.webm",
        "LinkMp3": "https://files.catbox.moe/9exwnj.mp3",
        "annId": 2239,
        "correctPlayers": [
            "Orfey",
            "ozsauce"
        ]
    },
    {
        "animeEng": "Gleipnir",
        "animeRomaji": "Gleipnir",
        "songName": "Altern-ate-",
        "artist": "H-el-ical//",
        "type": "Opening 1",
        "correctCount": 79,
        "startTime": 57,
        "songDuration": 88.224,
        "songNumber": 62,
        "activePlayerCount": 209,
        "LinkVideo": "https://files.catbox.moe/k7i8lp.webm",
        "LinkMp3": "https://files.catbox.moe/cjffo7.mp3",
        "annId": 21888
    },
    {
        "animeEng": "Genesis Surviver Gaiarth",
        "animeRomaji": "Sousei Kishi Gaiarth",
        "songName": "Souseiki ~\"ZERO\" o Samayou Tabibito e~",
        "artist": "Yuu Asai",
        "type": "Ending 1",
        "correctCount": 2,
        "startTime": 55,
        "songDuration": 221.064,
        "songNumber": 63,
        "activePlayerCount": 210,
        "LinkVideo": "https://files.catbox.moe/gp547g.webm",
        "LinkMp3": "https://files.catbox.moe/zhkewb.mp3",
        "annId": 667,
        "correctPlayers": [
            "ozsauce",
            "Rukawa11"
        ]
    },
    {
        "animeEng": "The Aquatope on White Sand",
        "animeRomaji": "Shiroi Suna no Aquatope",
        "songName": "Gekkai no Yurikago",
        "artist": "Mia REGINA",
        "type": "Ending 1",
        "correctCount": 56,
        "startTime": 19,
        "songDuration": 89.256,
        "songNumber": 64,
        "activePlayerCount": 210,
        "LinkVideo": "https://files.catbox.moe/q5rvkl.webm",
        "LinkMp3": "https://files.catbox.moe/5jwqt6.mp3",
        "annId": 23923
    },
    {
        "animeEng": "Minna Atsumare! Falcom Gakuen",
        "animeRomaji": "Minna Atsumare! Falcom Gakuen",
        "songName": "Go Fight",
        "artist": "Falcom Sound Team jdk",
        "type": "Opening 1",
        "correctCount": 103,
        "startTime": 0,
        "songDuration": 26.568,
        "songNumber": 65,
        "activePlayerCount": 209,
        "LinkVideo": "https://files.catbox.moe/5ggnr4.webm",
        "LinkMp3": "https://files.catbox.moe/wvfcdk.mp3",
        "annId": 15747
    },
    {
        "animeEng": "Barbapapa Around the World",
        "animeRomaji": "Babapapa Sekai o Mawaru",
        "songName": "Barbapapa Sekai wo Mawaru",
        "artist": "Mami Sekiya",
        "type": "Opening 1",
        "correctCount": 30,
        "startTime": 3,
        "songDuration": 38.568,
        "songNumber": 66,
        "activePlayerCount": 209,
        "LinkVideo": "https://files.catbox.moe/yqo4sf.webm",
        "LinkMp3": "https://files.catbox.moe/m3w3rv.mp3",
        "annId": 1209
    },
    {
        "animeEng": "Bleach the Movie 4: Hell Verse",
        "animeRomaji": "Bleach: Jigoku-hen",
        "songName": "Save The One, Save The All",
        "artist": "T.M.Revolution",
        "type": "Ending 1",
        "correctCount": 23,
        "startTime": 4,
        "songDuration": 252.072,
        "songNumber": 67,
        "activePlayerCount": 210,
        "LinkVideo": "https://files.catbox.moe/09mfvr.webm",
        "LinkMp3": "https://files.catbox.moe/kpu54v.mp3",
        "annId": 11723
    },
    {
        "animeEng": "MapleStory",
        "animeRomaji": "MapleStory",
        "songName": "Scratch On The Heart",
        "artist": "Younha",
        "type": "Opening 1",
        "correctCount": 3,
        "startTime": 5,
        "songDuration": 88.848,
        "songNumber": 68,
        "activePlayerCount": 211,
        "LinkVideo": "https://files.catbox.moe/vpulvc.webm",
        "LinkMp3": "https://files.catbox.moe/07gcvk.mp3",
        "annId": 8553,
        "correctPlayers": [
            "Shuuka",
            "PsCid",
            "tekohina"
        ]
    },
    {
        "animeEng": "Cowboy Bebop",
        "animeRomaji": "Cowboy Bebop",
        "songName": "Papa Plastic",
        "artist": "Gabriela Robin",
        "type": "Insert Song",
        "correctCount": 36,
        "startTime": 18,
        "songDuration": 49.104,
        "songNumber": 69,
        "activePlayerCount": 212,
        "LinkVideo": "https://files.catbox.moe/rmfmgt.webm",
        "LinkMp3": "https://files.catbox.moe/fm0gos.mp3",
        "annId": 13
    },
    {
        "animeEng": "D.C.: Da Capo",
        "animeRomaji": "D.C.: Da Capo",
        "songName": "Sugao de Fly to You",
        "artist": "Akemi Kanda",
        "type": "Insert Song",
        "correctCount": 9,
        "startTime": 111,
        "songDuration": 238.464,
        "songNumber": 70,
        "activePlayerCount": 212,
        "LinkVideo": "https://files.catbox.moe/mtdfyd.webm",
        "LinkMp3": "https://files.catbox.moe/0f1kjl.mp3",
        "annId": 2670
    },
    {
        "animeEng": "Hypnosis Mic: Division Rap Battle - Rhyme Anima",
        "animeRomaji": "Hypnosis Mic: Division Rap Battle - Rhyme Anima",
        "songName": "Rhyme Anima's Mixtape -IKEBUKURO-",
        "artist": "Buster Bros!!!",
        "type": "Insert Song",
        "correctCount": 147,
        "startTime": 32,
        "songDuration": 67.128,
        "songNumber": 71,
        "activePlayerCount": 212,
        "LinkVideo": "https://files.catbox.moe/2vgtpx.webm",
        "LinkMp3": "https://files.catbox.moe/6zer3a.mp3",
        "annId": 22902
    },
    {
        "animeEng": "Captain Tsubasa: Europe Daikessen",
        "animeRomaji": "Captain Tsubasa: Europe Daikessen",
        "songName": "Moete Hero",
        "artist": "Takayuki Takemoto",
        "type": "Insert Song",
        "correctCount": 120,
        "startTime": 24,
        "songDuration": 53.064,
        "songNumber": 72,
        "activePlayerCount": 213,
        "LinkVideo": "https://files.catbox.moe/n8hork.webm",
        "LinkMp3": "https://files.catbox.moe/18ieda.mp3",
        "annId": 6341
    },
    {
        "animeEng": "Gekijouban Shirobako",
        "animeRomaji": "Gekijouban Shirobako",
        "songName": "Namerou March",
        "artist": "Namerou to Kodomo-tachi",
        "type": "Insert Song",
        "correctCount": 27,
        "startTime": 2,
        "songDuration": 32.088,
        "songNumber": 73,
        "activePlayerCount": 214,
        "LinkVideo": "https://files.catbox.moe/nzrk7g.webm",
        "LinkMp3": "https://files.catbox.moe/jeuetu.mp3",
        "annId": 22595
    },
    {
        "animeEng": "Megaman Star Force",
        "animeRomaji": "Ryuusei no Rockman",
        "songName": "Heart Wave",
        "artist": "Misato Fukuen",
        "type": "Opening 1",
        "correctCount": 32,
        "startTime": 17,
        "songDuration": 59.472,
        "songNumber": 74,
        "activePlayerCount": 214,
        "LinkVideo": "https://files.catbox.moe/cqz95p.webm",
        "LinkMp3": "https://files.catbox.moe/n2tlto.mp3",
        "annId": 6894
    },
    {
        "animeEng": "Mekakucity Actors",
        "animeRomaji": "Mekakucity Actors",
        "songName": "daze",
        "artist": "Jin ft. MARIA from GARNiDELiA",
        "type": "Opening 1",
        "correctCount": 113,
        "startTime": 4,
        "songDuration": 88.248,
        "songNumber": 75,
        "activePlayerCount": 214,
        "LinkVideo": "https://files.catbox.moe/r4e38c.webm",
        "LinkMp3": "https://files.catbox.moe/wbcldh.mp3",
        "annId": 15797
    },
    {
        "animeEng": "K\u00e4mpfer",
        "animeRomaji": "K\u00e4mpfer",
        "songName": "Sugao de Fall in Love",
        "artist": "Megumi Nakajima",
        "type": "Insert Song",
        "correctCount": 47,
        "startTime": 0,
        "songDuration": 20.064,
        "songNumber": 76,
        "activePlayerCount": 214,
        "LinkVideo": "https://files.catbox.moe/qzzn4r.webm",
        "LinkMp3": "https://files.catbox.moe/p3gqaf.mp3",
        "annId": 10861
    },
    {
        "animeEng": "The Thousand Musketeers",
        "animeRomaji": "Senjuushi",
        "songName": "Knightliness",
        "artist": "Taku Yashiro",
        "type": "Insert Song",
        "correctCount": 1,
        "startTime": 5,
        "songDuration": 65.16,
        "songNumber": 77,
        "activePlayerCount": 216,
        "LinkVideo": "https://files.catbox.moe/lxwj4n.webm",
        "LinkMp3": "https://files.catbox.moe/833phf.mp3",
        "annId": 20803,
        "correctPlayers": [
            "Shuuka"
        ]
    },
    {
        "animeEng": "Blade of the Phantom Master",
        "animeRomaji": "Shin Angyo Onshi",
        "songName": "My Name",
        "artist": "BoA",
        "type": "Ending 1",
        "correctCount": 8,
        "startTime": 9,
        "songDuration": 190.992,
        "songNumber": 78,
        "activePlayerCount": 216,
        "LinkVideo": "https://files.catbox.moe/66tn10.webm",
        "LinkMp3": "https://files.catbox.moe/r610mz.mp3",
        "annId": 5182
    },
    {
        "animeEng": "Code Geass: Lelouch of the Rebellion R2 Special Edition 'Zero Requiem'",
        "animeRomaji": "Code Geass: Lelouch of the Rebellion R2 Special Edition 'Zero Requiem'",
        "songName": "Continued Story",
        "artist": "Hitomi",
        "type": "Ending 1",
        "correctCount": 87,
        "startTime": 77,
        "songDuration": 173.784,
        "songNumber": 79,
        "activePlayerCount": 216,
        "LinkVideo": "https://files.catbox.moe/8nnztk.webm",
        "LinkMp3": "https://files.catbox.moe/ylkpyc.mp3",
        "annId": 15381
    },
    {
        "animeEng": "Library War",
        "animeRomaji": "Toshokan Sensou",
        "songName": "Atashi no Machi, Ashita no Machi",
        "artist": "Hitomi Takahashi",
        "type": "Opening 1",
        "correctCount": 14,
        "startTime": 34,
        "songDuration": 78.888,
        "songNumber": 80,
        "activePlayerCount": 216,
        "LinkVideo": "https://files.catbox.moe/wgghc6.webm",
        "LinkMp3": "https://files.catbox.moe/2iuytt.mp3",
        "annId": 8951
    },
    {
        "animeEng": "Ichigo 100%",
        "animeRomaji": "Ichigo 100%",
        "songName": "IKE IKE",
        "artist": "HINOI Team",
        "type": "Ending 1",
        "correctCount": 47,
        "startTime": 45,
        "songDuration": 87.76992,
        "songNumber": 81,
        "activePlayerCount": 215,
        "LinkVideo": "https://files.catbox.moe/n0p3k8.webm",
        "LinkMp3": "https://files.catbox.moe/czrh9n.mp3",
        "annId": 5079
    },
    {
        "animeEng": "Sasuke",
        "animeRomaji": "Sasuke",
        "songName": "Sasuke",
        "artist": "Honey Nights",
        "type": "Opening 1",
        "correctCount": 153,
        "startTime": 23,
        "songDuration": 75.216,
        "songNumber": 82,
        "activePlayerCount": 215,
        "LinkVideo": "https://files.catbox.moe/l0ghtj.webm",
        "LinkMp3": "https://files.catbox.moe/8jvjqg.mp3",
        "annId": 1484
    },
    {
        "animeEng": "Land of the Lustrous",
        "animeRomaji": "Houseki no Kuni",
        "songName": "Kyoumen no Nami [Orchestra Ver.]",
        "artist": "YURiKA",
        "type": "Ending 3",
        "correctCount": 110,
        "startTime": 4,
        "songDuration": 85.608,
        "songNumber": 83,
        "activePlayerCount": 215,
        "LinkVideo": "https://files.catbox.moe/tcp07s.webm",
        "LinkMp3": "https://files.catbox.moe/pik4jx.mp3",
        "annId": 19614
    },
    {
        "animeEng": "Cross Game",
        "animeRomaji": "Cross Game",
        "songName": "Summer Rain",
        "artist": "Kobukuro",
        "type": "Opening 1",
        "correctCount": 53,
        "startTime": 55,
        "songDuration": 88.032,
        "songNumber": 84,
        "activePlayerCount": 215,
        "LinkVideo": "https://files.catbox.moe/2hynfl.webm",
        "LinkMp3": "https://files.catbox.moe/bqiobs.mp3",
        "annId": 10580
    },
    {
        "animeEng": "Puella Magi Madoka Magica",
        "animeRomaji": "Mahou Shoujo Madoka\u2605Magica",
        "songName": "Magia",
        "artist": "Kalafina",
        "type": "Ending 2",
        "correctCount": 135,
        "startTime": 18,
        "songDuration": 89.04,
        "songNumber": 85,
        "activePlayerCount": 212,
        "LinkVideo": "https://files.catbox.moe/wumhq6.webm",
        "LinkMp3": "https://files.catbox.moe/oxxgq4.mp3",
        "annId": 12120
    }
]