[
    {
        "animeEng": "Futari Gurashi",
        "animeRomaji": "Futari Gurashi",
        "songName": "Futari",
        "artist": "Yukari Tamura",
        "type": "Insert Song",
        "correctCount": 1,
        "startTime": 4,
        "songDuration": 47.232,
        "songNumber": 1,
        "activePlayerCount": 106,
        "LinkVideo": "https://files.catbox.moe/caw9ml.webm",
        "LinkMp3": "https://files.catbox.moe/qymulo.mp3",
        "annId": 6318,
        "correctPlayers": [
            "deaigaatte"
        ]
    },
    {
        "animeEng": "Girls und Panzer der Film",
        "animeRomaji": "Girls und Panzer der Film",
        "songName": "Oira Boko Daze!",
        "artist": "Ayumi Fujimura",
        "type": "Insert Song",
        "correctCount": 40,
        "startTime": 19,
        "songDuration": 114.744,
        "songNumber": 2,
        "activePlayerCount": 113,
        "LinkVideo": "https://files.catbox.moe/idqgy7.webm",
        "LinkMp3": "https://files.catbox.moe/kv5xvu.mp3",
        "annId": 16864
    },
    {
        "animeEng": "Alice SOS",
        "animeRomaji": "Alice SOS",
        "songName": "S.O.S",
        "artist": "Megumi Toyoguchi, Motoko Kumai, Ayako Shiraishi, Kyousei Tsukui",
        "type": "Opening 1",
        "correctCount": 69,
        "startTime": 0,
        "songDuration": 16.704,
        "songNumber": 3,
        "activePlayerCount": 117,
        "LinkVideo": "https://files.catbox.moe/tgnd8u.webm",
        "LinkMp3": "https://files.catbox.moe/die60l.mp3",
        "annId": 1076
    },
    {
        "animeEng": "Kingsglaive: Final Fantasy XV",
        "animeRomaji": "Kingsglaive: Final Fantasy XV",
        "songName": "Calling for Rain",
        "artist": "Hiroo Nakano, Neo Liu, Tu Hua Bing",
        "type": "Insert Song",
        "correctCount": 45,
        "startTime": 10,
        "songDuration": 118.224,
        "songNumber": 4,
        "activePlayerCount": 116,
        "LinkVideo": "https://files.catbox.moe/gbgeef.webm",
        "LinkMp3": "https://files.catbox.moe/hmjo05.mp3",
        "annId": 18201
    },
    {
        "animeEng": "Cardfight!! Vanguard G GIRS Crisis-hen",
        "animeRomaji": "Cardfight!! Vanguard G GIRS Crisis-hen",
        "songName": "Don't Look Back",
        "artist": "Rummy Labyrinth",
        "type": "Ending 1",
        "correctCount": 6,
        "startTime": 21,
        "songDuration": 86.856,
        "songNumber": 5,
        "activePlayerCount": 117,
        "LinkVideo": "https://files.catbox.moe/q83sk8.webm",
        "LinkMp3": "https://files.catbox.moe/yetlt9.mp3",
        "annId": 17600
    },
    {
        "animeEng": "Mah\u014dtsukai Sally",
        "animeRomaji": "Mah\u014dtsukai Sally",
        "songName": "Mahoutsukai Sally no Uta",
        "artist": "Three Graces",
        "type": "Opening 1",
        "correctCount": 97,
        "startTime": 14,
        "songDuration": 64.296,
        "songNumber": 6,
        "activePlayerCount": 119,
        "LinkVideo": "https://files.catbox.moe/5fjrf3.webm",
        "LinkMp3": "https://files.catbox.moe/3eqoug.mp3",
        "annId": 1385
    },
    {
        "animeEng": "Cute High Earth Defense Club LOVE! LOVE! LOVE!",
        "animeRomaji": "Binan K\u014dk\u014d Chikyuu B\u014dei-bu Love! Love! Love!",
        "songName": "Eien Mirai\u2606LOVE YOU ALL",
        "artist": "Chikyuu Bouei-bu",
        "type": "Opening 1",
        "correctCount": 5,
        "startTime": 14,
        "songDuration": 89.07602,
        "songNumber": 7,
        "activePlayerCount": 122,
        "LinkVideo": "https://files.catbox.moe/n9gzav.webm",
        "LinkMp3": "https://files.catbox.moe/86bj2z.mp3",
        "annId": 19355,
        "correctPlayers": [
            "MissMcPhisto",
            "aryagamis",
            "Miki_Hoshii",
            "Shuuka",
            "yamagucci"
        ]
    },
    {
        "animeEng": "Hanasakeru Seish\u014dnen",
        "animeRomaji": "Hanasakeru Seish\u014dnen",
        "songName": "Change",
        "artist": "J-Min",
        "type": "Opening 1",
        "correctCount": 14,
        "startTime": 48,
        "songDuration": 84.072,
        "songNumber": 8,
        "activePlayerCount": 124,
        "LinkVideo": "https://files.catbox.moe/9tf4ia.webm",
        "LinkMp3": "https://files.catbox.moe/up7fl2.mp3",
        "annId": 10510
    },
    {
        "animeEng": "Dragon Ball Z",
        "animeRomaji": "Dragon Ball Z",
        "songName": "Unmei no Hi ~Tamashii vs Tamashii~",
        "artist": "Hironobu Kageyama feat. Chiho Kiy\u014dka",
        "type": "Insert Song",
        "correctCount": 36,
        "startTime": 60,
        "songDuration": 96.504,
        "songNumber": 9,
        "activePlayerCount": 125,
        "LinkVideo": "https://files.catbox.moe/hduq9e.webm",
        "LinkMp3": "https://files.catbox.moe/h6qvfo.mp3",
        "annId": 244
    },
    {
        "animeEng": "Rainbow Signal: Hi-Fi Set",
        "animeRomaji": "Rainbow Signal: Hi-Fi Set",
        "songName": "Rainbow Signal",
        "artist": "Hi-Fi Set",
        "type": "Insert Song",
        "correctCount": 0,
        "startTime": 136,
        "songDuration": 255.168,
        "songNumber": 10,
        "activePlayerCount": 125,
        "LinkVideo": "https://files.catbox.moe/7nbqkk.webm",
        "LinkMp3": "https://files.catbox.moe/nwq89m.mp3",
        "annId": 24580
    },
    {
        "animeEng": "Pretty Rhythm Aurora Dream",
        "animeRomaji": "Pretty Rhythm Aurora Dream",
        "songName": "We Will Win! -Kokoro no Baton de Po\u30fbPon no Po~n\u2606-",
        "artist": "TOKYO GIRLS' STYLE",
        "type": "Insert Song",
        "correctCount": 14,
        "startTime": 1,
        "songDuration": 108.954862,
        "songNumber": 11,
        "activePlayerCount": 125,
        "LinkVideo": "https://files.catbox.moe/9j0foj.webm",
        "LinkMp3": "https://files.catbox.moe/xsq4o9.mp3",
        "annId": 12432
    },
    {
        "animeEng": "Wind: A Breath of Heart",
        "animeRomaji": "Wind: A Breath of Heart",
        "songName": "Kagayaite",
        "artist": "Masami Nakatsukasa",
        "type": "Ending 1",
        "correctCount": 2,
        "startTime": 32,
        "songDuration": 98.04,
        "songNumber": 12,
        "activePlayerCount": 126,
        "LinkVideo": "https://files.catbox.moe/o604yy.webm",
        "LinkMp3": "https://files.catbox.moe/qgyalw.mp3",
        "annId": 2650,
        "correctPlayers": [
            "fossil",
            "gaaw"
        ]
    },
    {
        "animeEng": "Ketsuekigata-kun!",
        "animeRomaji": "Ketsuekigata-kun!",
        "songName": "A\u30fbB\u30fbO\u30fbAB",
        "artist": "NSD4",
        "type": "Ending 1",
        "correctCount": 24,
        "startTime": 0,
        "songDuration": 29.12603,
        "songNumber": 13,
        "activePlayerCount": 125,
        "LinkVideo": "https://files.catbox.moe/j1pllz.webm",
        "LinkMp3": "https://files.catbox.moe/3lc483.mp3",
        "annId": 15190
    },
    {
        "animeEng": "Paprika",
        "animeRomaji": "Paprika",
        "songName": "Byakkoya",
        "artist": "Susumu Hirasawa",
        "type": "Ending 1",
        "correctCount": 47,
        "startTime": 89,
        "songDuration": 283.968,
        "songNumber": 14,
        "activePlayerCount": 127,
        "LinkVideo": "https://files.catbox.moe/pn3cj8.webm",
        "LinkMp3": "https://files.catbox.moe/vxlqtq.mp3",
        "annId": 6142
    },
    {
        "animeEng": "Adventures on Rainbow Pond",
        "animeRomaji": "Kerokko Demetan",
        "songName": "Makeru na Demetan",
        "artist": "Mitsuko Horie",
        "type": "Ending 1",
        "correctCount": 88,
        "startTime": 1,
        "songDuration": 46.08,
        "songNumber": 15,
        "activePlayerCount": 127,
        "LinkVideo": "https://files.catbox.moe/66ywm9.webm",
        "LinkMp3": "https://files.catbox.moe/w5noaz.mp3",
        "annId": 1399
    },
    {
        "animeEng": "Persona 4 The Animation",
        "animeRomaji": "Persona 4 The Animation",
        "songName": "Time for True Revelation",
        "artist": "Yumi Kawamura & Lotus Juice",
        "type": "Insert Song",
        "correctCount": 17,
        "startTime": 25,
        "songDuration": 99.192,
        "songNumber": 16,
        "activePlayerCount": 127,
        "LinkVideo": "https://files.catbox.moe/876mb2.webm",
        "LinkMp3": "https://files.catbox.moe/vjol72.mp3",
        "annId": 12870
    },
    {
        "animeEng": "Gekij\u014dban selector destructed WIXOSS",
        "animeRomaji": "Gekij\u014dban selector destructed WIXOSS",
        "songName": "Ever After",
        "artist": "Cyua",
        "type": "Insert Song",
        "correctCount": 8,
        "startTime": 91,
        "songDuration": 139.536,
        "songNumber": 17,
        "activePlayerCount": 128,
        "LinkVideo": "https://files.catbox.moe/qk5k1b.webm",
        "LinkMp3": "https://files.catbox.moe/243l3e.mp3",
        "annId": 17349
    },
    {
        "animeEng": "Persona 3 the Movie #2 Midsummer Knight's Dream",
        "animeRomaji": "Persona 3 the Movie #2 Midsummer Knight's Dream",
        "songName": "Deep Breath Deep Breath",
        "artist": "Lotus Juice",
        "type": "Insert Song",
        "correctCount": 20,
        "startTime": 3,
        "songDuration": 33.048,
        "songNumber": 18,
        "activePlayerCount": 129,
        "LinkVideo": "https://files.catbox.moe/dsctyq.webm",
        "LinkMp3": "https://files.catbox.moe/rgcwg7.mp3",
        "annId": 15771
    },
    {
        "animeEng": "Genshiken 2",
        "animeRomaji": "Genshiken 2",
        "songName": "Kujibiki Unbalance",
        "artist": "UNDER17",
        "type": "Insert Song",
        "correctCount": 88,
        "startTime": 7,
        "songDuration": 87.848286,
        "songNumber": 19,
        "activePlayerCount": 129,
        "LinkVideo": "https://files.catbox.moe/4jn0e9.webm",
        "LinkMp3": "https://files.catbox.moe/xvoev2.mp3",
        "annId": 7985
    },
    {
        "animeEng": "The Great Jahy Will Not Be Defeated!",
        "animeRomaji": "Jahy-sama wa Kujikenai!",
        "songName": "Petals",
        "artist": "Miho Okasaki",
        "type": "Ending 2",
        "correctCount": 8,
        "startTime": 14,
        "songDuration": 89.061,
        "songNumber": 20,
        "activePlayerCount": 127,
        "LinkVideo": "https://files.catbox.moe/ktzdzc.webm",
        "annId": 24308
    },
    {
        "animeEng": "Dogtanian and the Three Muskehounds",
        "animeRomaji": "Wanwan Sanjuushi",
        "songName": "Wanwan Sanjushi",
        "artist": "Maron Kusaka",
        "type": "Opening 1",
        "correctCount": 8,
        "startTime": 20,
        "songDuration": 78.192,
        "songNumber": 21,
        "activePlayerCount": 125,
        "LinkVideo": "https://files.catbox.moe/46gjy8.webm",
        "LinkMp3": "https://files.catbox.moe/3r66te.mp3",
        "annId": 1307
    },
    {
        "animeEng": ".hack//Unison",
        "animeRomaji": ".hack//Unison",
        "songName": "Obsession",
        "artist": "See-Saw",
        "type": "Insert Song",
        "correctCount": 42,
        "startTime": 145,
        "songDuration": 266.424,
        "songNumber": 22,
        "activePlayerCount": 125,
        "LinkVideo": "https://files.catbox.moe/3nrr9s.webm",
        "LinkMp3": "https://files.catbox.moe/kmj1h6.mp3",
        "annId": 3770
    },
    {
        "animeEng": "Utawarerumono: The False Faces",
        "animeRomaji": "Utawarerumono: Itsuwari no Kamen",
        "songName": "Hoshi Furu Sora Aogimite",
        "artist": "Suara",
        "type": "Ending 2",
        "correctCount": 23,
        "startTime": 30,
        "songDuration": 89.52,
        "songNumber": 23,
        "activePlayerCount": 126,
        "LinkVideo": "https://files.catbox.moe/o4nx06.webm",
        "LinkMp3": "https://files.catbox.moe/34gtgq.mp3",
        "annId": 17186
    },
    {
        "animeEng": "Onegai My Melody Kirara",
        "animeRomaji": "Onegai My Melody Kirara",
        "songName": "Uchuu no Flamenco",
        "artist": "Izumi Kitta & Kouki Miyata & Junko Takeuchi",
        "type": "Ending 2",
        "correctCount": 1,
        "startTime": 7,
        "songDuration": 87.299724,
        "songNumber": 24,
        "activePlayerCount": 126,
        "LinkVideo": "https://files.catbox.moe/dx9dok.webm",
        "LinkMp3": "https://files.catbox.moe/jdr6xo.mp3",
        "annId": 9600,
        "correctPlayers": [
            "yamagucci"
        ]
    },
    {
        "animeEng": "UQ Holder! Magister Negi Magi! 2",
        "animeRomaji": "UQ Holder! Magister Negi Magi! 2",
        "songName": "Kagayaku Kimi e",
        "artist": "Yuka Takakura & Yuuki Hirose",
        "type": "Ending 1",
        "correctCount": 1,
        "startTime": 12,
        "songDuration": 89.568,
        "songNumber": 25,
        "activePlayerCount": 128,
        "LinkVideo": "https://files.catbox.moe/iotvir.webm",
        "LinkMp3": "https://files.catbox.moe/6w25z6.mp3",
        "annId": 23050,
        "correctPlayers": [
            "Diukes"
        ]
    },
    {
        "animeEng": "Yu-Gi-Oh!",
        "animeRomaji": "Yu-Gi-Oh!",
        "songName": "Kawaita Sakebi",
        "artist": "FIELD OF VIEW",
        "type": "Opening 1",
        "correctCount": 76,
        "startTime": 32,
        "songDuration": 69.456,
        "songNumber": 26,
        "activePlayerCount": 129,
        "LinkVideo": "https://files.catbox.moe/ydvo2p.webm",
        "LinkMp3": "https://files.catbox.moe/mq5zxi.mp3",
        "annId": 790
    },
    {
        "animeEng": "Kiratto Pri\u2606Chan",
        "animeRomaji": "Kiratto Pri\u2606Chan",
        "songName": "Heart\u2665Iro\u2665Tori Dream",
        "artist": "Emiri Kat\u014d",
        "type": "Insert Song",
        "correctCount": 15,
        "startTime": 25,
        "songDuration": 120.504,
        "songNumber": 27,
        "activePlayerCount": 129,
        "LinkVideo": "https://files.catbox.moe/9pmzcn.webm",
        "LinkMp3": "https://files.catbox.moe/ge3c83.mp3",
        "annId": 21793
    },
    {
        "animeEng": "Yuruyuri Ten",
        "animeRomaji": "Yuruyuri Ten",
        "songName": "Yuruyuri, Tenyawanya\u2606",
        "artist": "Nanamori Chuu\u2606Goraku-bu",
        "type": "Opening 1",
        "correctCount": 26,
        "startTime": 16,
        "songDuration": 88.368,
        "songNumber": 28,
        "activePlayerCount": 129,
        "LinkVideo": "https://files.catbox.moe/os58b6.webm",
        "LinkMp3": "https://files.catbox.moe/1ozd2c.mp3",
        "annId": 22486
    },
    {
        "animeEng": "Love Live! Superstar!!",
        "animeRomaji": "Love Live! Superstar!!",
        "songName": "Mirai wa Kaze no You ni",
        "artist": "Sayuri Date & Liyuu",
        "type": "Ending 3",
        "correctCount": 28,
        "startTime": 45,
        "songDuration": 101.376,
        "songNumber": 29,
        "activePlayerCount": 131,
        "LinkVideo": "https://files.catbox.moe/c34mka.webm",
        "LinkMp3": "https://files.catbox.moe/6ezwrb.mp3",
        "annId": 23844
    },
    {
        "animeEng": "Real Girl",
        "animeRomaji": "3D Kanojo Real Girl",
        "songName": "Daiji na Koto",
        "artist": "Quruli",
        "type": "Opening 1",
        "correctCount": 58,
        "startTime": 7,
        "songDuration": 89.448,
        "songNumber": 30,
        "activePlayerCount": 130,
        "LinkVideo": "https://files.catbox.moe/p4x19a.webm",
        "LinkMp3": "https://files.catbox.moe/jgbw0g.mp3",
        "annId": 20317
    },
    {
        "animeEng": "Kremlin",
        "animeRomaji": "Kremlin",
        "songName": "Boku no Suki na Hito",
        "artist": "Azuma Tani",
        "type": "Ending 4",
        "correctCount": 17,
        "startTime": 0,
        "songDuration": 18.648,
        "songNumber": 31,
        "activePlayerCount": 131,
        "LinkVideo": "https://files.catbox.moe/eq4ohx.webm",
        "LinkMp3": "https://files.catbox.moe/ofeal9.mp3",
        "annId": 23019
    },
    {
        "animeEng": "Futari wa Pretty Cure Max Heart 2: Yukizora no Tomodachi",
        "animeRomaji": "Futari wa Precure Max Heart 2: Yukizora no Tomodachi",
        "songName": "Gag 100-kaibun Aishite Kudasai",
        "artist": "Berryz Kobo",
        "type": "Ending 1",
        "correctCount": 5,
        "startTime": 70,
        "songDuration": 113.568,
        "songNumber": 32,
        "activePlayerCount": 134,
        "LinkVideo": "https://files.catbox.moe/94ck9b.webm",
        "LinkMp3": "https://files.catbox.moe/oetda7.mp3",
        "annId": 5797,
        "correctPlayers": [
            "revel_",
            "94",
            "ChineseEconomy",
            "Jlin2",
            "fossil"
        ]
    },
    {
        "animeEng": "Onegai My Melody Kirara",
        "animeRomaji": "Onegai My Melody Kirara",
        "songName": "Kirakira Kirara\u2605\u5f61",
        "artist": "Yuka Uchiyae",
        "type": "Opening 1",
        "correctCount": 6,
        "startTime": 17,
        "songDuration": 90.1209,
        "songNumber": 33,
        "activePlayerCount": 134,
        "LinkVideo": "https://files.catbox.moe/xta2vt.webm",
        "LinkMp3": "https://files.catbox.moe/j58kup.mp3",
        "annId": 9600
    },
    {
        "animeEng": "Maison Ikkoku",
        "animeRomaji": "Maison Ikkoku",
        "songName": "Hirusagari no Y\u014dsei",
        "artist": "Ry\u014d Matsuda",
        "type": "Insert Song",
        "correctCount": 5,
        "startTime": 36,
        "songDuration": 91.608,
        "songNumber": 34,
        "activePlayerCount": 134,
        "LinkVideo": "https://files.catbox.moe/bp3a9b.webm",
        "LinkMp3": "https://files.catbox.moe/et96ra.mp3",
        "annId": 376,
        "correctPlayers": [
            "Mistrals",
            "whyusohandsome",
            "tekohina",
            "bamboo",
            "RTryptophan"
        ]
    },
    {
        "animeEng": "Kira Kira 5th Anniversary Live Anime Kick Start Generation",
        "animeRomaji": "Kira Kira 5th Anniversary Live Anime Kick Start Generation",
        "songName": "Toughness",
        "artist": "DEARDROPS",
        "type": "Insert Song",
        "correctCount": 15,
        "startTime": 13,
        "songDuration": 224.568,
        "songNumber": 35,
        "activePlayerCount": 134,
        "LinkVideo": "https://files.catbox.moe/7i0pk3.webm",
        "LinkMp3": "https://files.catbox.moe/59yc0h.mp3",
        "annId": 15243
    },
    {
        "animeEng": "King of Prism: Shiny Seven Stars",
        "animeRomaji": "King of Prism: Shiny Seven Stars",
        "songName": "I know Shangri-La",
        "artist": "Sh\u014dta Aoi",
        "type": "Insert Song",
        "correctCount": 10,
        "startTime": 46,
        "songDuration": 95.952,
        "songNumber": 36,
        "activePlayerCount": 133,
        "LinkVideo": "https://files.catbox.moe/camv2j.webm",
        "LinkMp3": "https://files.catbox.moe/2d28yc.mp3",
        "annId": 21194
    },
    {
        "animeEng": "xxxHOLiC: R\u014d",
        "animeRomaji": "xxxHOLiC: R\u014d",
        "songName": "Adayume",
        "artist": "Shikao Suga",
        "type": "Opening 1",
        "correctCount": 22,
        "startTime": 39,
        "songDuration": 112.92,
        "songNumber": 37,
        "activePlayerCount": 134,
        "LinkVideo": "https://files.catbox.moe/gz7qy8.webm",
        "LinkMp3": "https://files.catbox.moe/z4n0kg.mp3",
        "annId": 11396
    },
    {
        "animeEng": "Future GPX Cyber Formula Zero",
        "animeRomaji": "Future GPX Cyber Formula Zero",
        "songName": "Get Up!",
        "artist": "Yumi Kinoshita",
        "type": "Ending 1",
        "correctCount": 4,
        "startTime": 38,
        "songDuration": 75.312,
        "songNumber": 38,
        "activePlayerCount": 132,
        "LinkVideo": "https://files.catbox.moe/6t2pqr.webm",
        "LinkMp3": "https://files.catbox.moe/qikuv3.mp3",
        "annId": 4230,
        "correctPlayers": [
            "Zylda",
            "UmiFlower",
            "Shuuka",
            "CaptainHarold"
        ]
    },
    {
        "animeEng": "Symphogear",
        "animeRomaji": "Senki Zessh\u014d Symphogear",
        "songName": "Gyakkou no Fl\u00fcgel",
        "artist": "Zwei Wing",
        "type": "Insert Song",
        "correctCount": 53,
        "startTime": 75,
        "songDuration": 125.064,
        "songNumber": 39,
        "activePlayerCount": 133,
        "LinkVideo": "https://files.catbox.moe/pbzefz.webm",
        "LinkMp3": "https://files.catbox.moe/6t81w9.mp3",
        "annId": 13659
    },
    {
        "animeEng": "Basilisk: The K\u014dga Ninja Scrolls",
        "animeRomaji": "Basilisk",
        "songName": "Hime Murasaki",
        "artist": "Nana Mizuki",
        "type": "Ending 1",
        "correctCount": 10,
        "startTime": 13,
        "songDuration": 88.176,
        "songNumber": 40,
        "activePlayerCount": 134,
        "LinkVideo": "https://files.catbox.moe/whkejr.webm",
        "LinkMp3": "https://files.catbox.moe/ssc0vd.mp3",
        "annId": 4318
    },
    {
        "animeEng": "Angie Girl",
        "animeRomaji": "Jo\u014d Heika no Petite Angie",
        "songName": "Angie ni Omakase",
        "artist": "Kazuko Hiromi",
        "type": "Opening 1",
        "correctCount": 19,
        "startTime": 33,
        "songDuration": 67.344,
        "songNumber": 41,
        "activePlayerCount": 134,
        "LinkVideo": "https://files.catbox.moe/3o2xo8.webm",
        "LinkMp3": "https://files.catbox.moe/6bievu.mp3",
        "annId": 1243
    },
    {
        "animeEng": "Shin Koihime\u2020Mus\u014d: Live Revolution",
        "animeRomaji": "Shin Koihime\u2020Mus\u014d: Live Revolution",
        "songName": "T\u014den Ketsugi ~Touen no Chikai~",
        "artist": "Nami Kurokawa & Hiroka Nishizawa",
        "type": "Insert Song",
        "correctCount": 24,
        "startTime": 102,
        "songDuration": 224.832,
        "songNumber": 42,
        "activePlayerCount": 135,
        "LinkVideo": "https://files.catbox.moe/5p500o.webm",
        "LinkMp3": "https://files.catbox.moe/5xjzma.mp3",
        "annId": 22915
    },
    {
        "animeEng": "Kiddy Grade",
        "animeRomaji": "Kiddy Grade",
        "songName": "Hikari no Umi",
        "artist": "Aya Hirano",
        "type": "Insert Song",
        "correctCount": 1,
        "startTime": 55,
        "songDuration": 146.424,
        "songNumber": 43,
        "activePlayerCount": 135,
        "LinkVideo": "https://files.catbox.moe/1eqk6z.webm",
        "LinkMp3": "https://files.catbox.moe/nq2mqs.mp3",
        "annId": 891,
        "correctPlayers": [
            "ChineseEconomy"
        ]
    },
    {
        "animeEng": "Hunter x Hunter: Phantom Rouge",
        "animeRomaji": "Hunter x Hunter: Phantom Rouge",
        "songName": "REASON",
        "artist": "Yuzu",
        "type": "Ending 1",
        "correctCount": 85,
        "startTime": 176,
        "songDuration": 299.904,
        "songNumber": 44,
        "activePlayerCount": 135,
        "LinkVideo": "https://files.catbox.moe/3j20al.webm",
        "LinkMp3": "https://files.catbox.moe/aco76u.mp3",
        "annId": 14152
    },
    {
        "animeEng": "Transformers: Cybertron",
        "animeRomaji": "Transformers: Galaxy Force",
        "songName": "Growing up!!",
        "artist": "Shinji Kakijima",
        "type": "Ending 2",
        "correctCount": 3,
        "startTime": 34,
        "songDuration": 88.944,
        "songNumber": 45,
        "activePlayerCount": 135,
        "LinkVideo": "https://files.catbox.moe/9lofxe.webm",
        "LinkMp3": "https://files.catbox.moe/h281rh.mp3",
        "annId": 4833,
        "correctPlayers": [
            "Nui_Ulus_Ponti",
            "Sonoko",
            "CaptainHarold"
        ]
    },
    {
        "animeEng": "Soul Link",
        "animeRomaji": "Soul Link",
        "songName": "screaming",
        "artist": "Miyuki Hashimoto",
        "type": "Opening 1",
        "correctCount": 10,
        "startTime": 9,
        "songDuration": 88.68,
        "songNumber": 46,
        "activePlayerCount": 137,
        "LinkVideo": "https://files.catbox.moe/8peslw.webm",
        "LinkMp3": "https://files.catbox.moe/hdbm63.mp3",
        "annId": 6469
    },
    {
        "animeEng": "Buddha: The Great Departure",
        "animeRomaji": "Tezuka Osamu no Buddha: Akai Sabaku yo! Utsukushiku",
        "songName": "SCARLET LOVE SONG",
        "artist": "X JAPAN",
        "type": "Ending 1",
        "correctCount": 10,
        "startTime": 141,
        "songDuration": 276.072,
        "songNumber": 47,
        "activePlayerCount": 136,
        "LinkVideo": "https://files.catbox.moe/bbqvu1.webm",
        "LinkMp3": "https://files.catbox.moe/rb0bp2.mp3",
        "annId": 11523
    },
    {
        "animeEng": "Anonymous Noise",
        "animeRomaji": "Fukumenkei Noise",
        "songName": "Canary [ANIME SIDE]",
        "artist": "in NO hurry to shout;",
        "type": "Opening 3",
        "correctCount": 49,
        "startTime": 8,
        "songDuration": 123.24,
        "songNumber": 48,
        "activePlayerCount": 134,
        "LinkVideo": "https://files.catbox.moe/m4vbi7.webm",
        "LinkMp3": "https://files.catbox.moe/adyaf4.mp3",
        "annId": 18232
    },
    {
        "animeEng": "Sorcerous Stabber Orphen",
        "animeRomaji": "Majutsushi Orphen Haguretabi",
        "songName": "Calling U",
        "artist": "buzz\u2605Vibes",
        "type": "Opening 1",
        "correctCount": 15,
        "startTime": 30,
        "songDuration": 88.152,
        "songNumber": 49,
        "activePlayerCount": 133,
        "LinkVideo": "https://files.catbox.moe/1v99z8.webm",
        "LinkMp3": "https://files.catbox.moe/axzw35.mp3",
        "annId": 21989
    },
    {
        "animeEng": "The Vision of Escaflowne",
        "animeRomaji": "Tenkuu no Escaflowne",
        "songName": "Yakusoku wa Iranai",
        "artist": "Maaya Sakamoto",
        "type": "Opening 1",
        "correctCount": 46,
        "startTime": 31,
        "songDuration": 88.848,
        "songNumber": 50,
        "activePlayerCount": 134,
        "LinkVideo": "https://files.catbox.moe/o56d6v.webm",
        "LinkMp3": "https://files.catbox.moe/alpp3r.mp3",
        "annId": 240
    },
    {
        "animeEng": "Encouragement of Climb Season 3",
        "animeRomaji": "Yama no Susume Third Season",
        "songName": "Irochigai no Tsubasa",
        "artist": "Yuka Iguchi & Kana Asumi",
        "type": "Ending 1",
        "correctCount": 19,
        "startTime": 55,
        "songDuration": 89.256,
        "songNumber": 51,
        "activePlayerCount": 134,
        "LinkVideo": "https://files.catbox.moe/wsa1hi.webm",
        "LinkMp3": "https://files.catbox.moe/mmzimz.mp3",
        "annId": 20513
    },
    {
        "animeEng": "Appleseed",
        "animeRomaji": "Appleseed",
        "songName": "Dive For You",
        "artist": "BOOM BOOM SATELLITES",
        "type": "Insert Song",
        "correctCount": 6,
        "startTime": 45,
        "songDuration": 113.064,
        "songNumber": 52,
        "activePlayerCount": 135,
        "LinkVideo": "https://files.catbox.moe/iljq2b.webm",
        "LinkMp3": "https://files.catbox.moe/pirwo4.mp3",
        "annId": 2532
    },
    {
        "animeEng": "Mobile Suit Gundam ZZ",
        "animeRomaji": "Kid\u014d Senshi Gundam ZZ",
        "songName": "Hoshizora no Believe",
        "artist": "Mami Ayukawa",
        "type": "Insert Song",
        "correctCount": 12,
        "startTime": 34,
        "songDuration": 84.336,
        "songNumber": 53,
        "activePlayerCount": 135,
        "LinkVideo": "https://files.catbox.moe/qdzoqh.webm",
        "LinkMp3": "https://files.catbox.moe/rmy2d1.mp3",
        "annId": 1400
    },
    {
        "animeEng": "Sugar Sugar Rune",
        "animeRomaji": "Sugar Sugar Rune",
        "songName": "Tsuki no Mukou no Sekai",
        "artist": "Karia Nomoto",
        "type": "Ending 1",
        "correctCount": 19,
        "startTime": 7,
        "songDuration": 89.4,
        "songNumber": 54,
        "activePlayerCount": 136,
        "LinkVideo": "https://files.catbox.moe/w04c7i.webm",
        "LinkMp3": "https://files.catbox.moe/23x61z.mp3",
        "annId": 5334
    },
    {
        "animeEng": "Paprika",
        "animeRomaji": "Paprika",
        "songName": "Baikai",
        "artist": "Susumu Hirasawa",
        "type": "Opening 1",
        "correctCount": 61,
        "startTime": 51,
        "songDuration": 108.816,
        "songNumber": 55,
        "activePlayerCount": 134,
        "LinkVideo": "https://files.catbox.moe/e8qaem.webm",
        "LinkMp3": "https://files.catbox.moe/m3lzkg.mp3",
        "annId": 6142
    },
    {
        "animeEng": "Deadman Wonderland",
        "animeRomaji": "Deadman Wonderland",
        "songName": "One Reason",
        "artist": "DWB feat. fade",
        "type": "Opening 1",
        "correctCount": 91,
        "startTime": 41,
        "songDuration": 89.736,
        "songNumber": 56,
        "activePlayerCount": 135,
        "LinkVideo": "https://files.catbox.moe/ooe835.webm",
        "LinkMp3": "https://files.catbox.moe/5hz692.mp3",
        "annId": 11826
    },
    {
        "animeEng": "Big X",
        "animeRomaji": "Big X",
        "songName": "Big X",
        "artist": "Kamitakada Sh\u014dnen Gassh\u014d-dan",
        "type": "Opening 1",
        "correctCount": 30,
        "startTime": 22,
        "songDuration": 69.552,
        "songNumber": 57,
        "activePlayerCount": 135,
        "LinkVideo": "https://files.catbox.moe/czmfor.webm",
        "LinkMp3": "https://files.catbox.moe/6qb6bq.mp3",
        "annId": 1217
    },
    {
        "animeEng": "The IDOLM@STER Cinderella Girls",
        "animeRomaji": "The IDOLM@STER Cinderella Girls",
        "songName": "Susume Otome ~jewel parade~",
        "artist": "CINDERELLA PROJECT",
        "type": "Insert Song",
        "correctCount": 17,
        "startTime": 10,
        "songDuration": 149.88,
        "songNumber": 58,
        "activePlayerCount": 135,
        "LinkVideo": "https://files.catbox.moe/xz11b3.webm",
        "LinkMp3": "https://files.catbox.moe/bd10ov.mp3",
        "annId": 16098
    },
    {
        "animeEng": "Mr Love: Queen's Choice",
        "animeRomaji": "Koi to Producer: EVOL\u00d7LOVE",
        "songName": "Maiorite Kita Yuki",
        "artist": "Koi to Producer featuring Konomi Suzuki",
        "type": "Ending 1",
        "correctCount": 14,
        "startTime": 50,
        "songDuration": 89.88,
        "songNumber": 59,
        "activePlayerCount": 135,
        "LinkVideo": "https://files.catbox.moe/bhpyda.webm",
        "LinkMp3": "https://files.catbox.moe/wmctfn.mp3",
        "annId": 22299
    },
    {
        "animeEng": "Bubblegum Crisis",
        "animeRomaji": "Bubblegum Crisis",
        "songName": "Konya wa Hurricane",
        "artist": "Kinuko Oomori",
        "type": "Opening 1",
        "correctCount": 12,
        "startTime": 185,
        "songDuration": 279.144,
        "songNumber": 60,
        "activePlayerCount": 136,
        "LinkVideo": "https://files.catbox.moe/al3nes.webm",
        "LinkMp3": "https://files.catbox.moe/ef883w.mp3",
        "annId": 201
    },
    {
        "animeEng": "Gunslinger Girl: Il Teatrino",
        "animeRomaji": "Gunslinger Girl: Il Teatrino",
        "songName": "human",
        "artist": "Lia",
        "type": "Ending 4",
        "correctCount": 10,
        "startTime": 138,
        "songDuration": 283.68,
        "songNumber": 61,
        "activePlayerCount": 135,
        "LinkVideo": "https://files.catbox.moe/x8vam0.webm",
        "LinkMp3": "https://files.catbox.moe/5srrbl.mp3",
        "annId": 8977
    },
    {
        "animeEng": "California Crisis: Gun Salvo",
        "animeRomaji": "California Crisis: Tsuigeki no Hibana",
        "songName": "STREETS ARE HOT",
        "artist": "Miho Fujiwara",
        "type": "Ending 1",
        "correctCount": 4,
        "startTime": 133,
        "songDuration": 215.584866,
        "songNumber": 62,
        "activePlayerCount": 136,
        "LinkVideo": "https://files.catbox.moe/5c84ot.webm",
        "LinkMp3": "https://files.catbox.moe/kw305w.mp3",
        "annId": 3306,
        "correctPlayers": [
            "ATP",
            "Zylda",
            "oneroom",
            "Shuuka"
        ]
    },
    {
        "animeEng": "Locodol",
        "animeRomaji": "Futsuu no Joshik\u014dsei ga Locodol Yattemita",
        "songName": "Mirai Sh\u014djo-tachi",
        "artist": "Miku It\u014d, Sachika Misawa, Maya Yoshioka, Inori Minase",
        "type": "Ending 3",
        "correctCount": 16,
        "startTime": 52,
        "songDuration": 89.016,
        "songNumber": 63,
        "activePlayerCount": 136,
        "LinkVideo": "https://files.catbox.moe/t5gfk7.webm",
        "LinkMp3": "https://files.catbox.moe/ntoplp.mp3",
        "annId": 15915
    },
    {
        "animeEng": "The Faraway Paladin",
        "animeRomaji": "Saihate no Paladin",
        "songName": "The Sacred Torch",
        "artist": "H-el-ical//",
        "type": "Opening 1",
        "correctCount": 10,
        "startTime": 14,
        "songDuration": 87.643,
        "songNumber": 64,
        "activePlayerCount": 137,
        "LinkVideo": "https://files.catbox.moe/v1rcjz.webm",
        "annId": 24312
    },
    {
        "animeEng": "Code Geass: Lelouch of the Rebellion R2",
        "animeRomaji": "Code Geass: Hangyaku no Lelouch R2",
        "songName": "Nunnally",
        "artist": "Hitomi",
        "type": "Insert Song",
        "correctCount": 77,
        "startTime": 4,
        "songDuration": 38.568,
        "songNumber": 65,
        "activePlayerCount": 139,
        "LinkVideo": "https://files.catbox.moe/qenzba.webm",
        "LinkMp3": "https://files.catbox.moe/cn5ayb.mp3",
        "annId": 9173
    },
    {
        "animeEng": "Sugar Sugar Rune",
        "animeRomaji": "Sugar Sugar Rune",
        "songName": "Chocolat ni Muchuu",
        "artist": "Karia Nomoto",
        "type": "Opening 1",
        "correctCount": 64,
        "startTime": 58,
        "songDuration": 86.136,
        "songNumber": 66,
        "activePlayerCount": 139,
        "LinkVideo": "https://files.catbox.moe/ni831z.webm",
        "LinkMp3": "https://files.catbox.moe/df1bmj.mp3",
        "annId": 5334
    },
    {
        "animeEng": "No Guns Life",
        "animeRomaji": "No Guns Life",
        "songName": "Game Over",
        "artist": "DATS",
        "type": "Ending 1",
        "correctCount": 21,
        "startTime": 55,
        "songDuration": 88.272,
        "songNumber": 67,
        "activePlayerCount": 139,
        "LinkVideo": "https://files.catbox.moe/wetg53.webm",
        "LinkMp3": "https://files.catbox.moe/8v5o54.mp3",
        "annId": 21978
    },
    {
        "animeEng": "Omamori Himari",
        "animeRomaji": "Omamori Himari",
        "songName": "BEAM my BEAM",
        "artist": "Asuka Oogame",
        "type": "Ending 5",
        "correctCount": 35,
        "startTime": 25,
        "songDuration": 89.52,
        "songNumber": 68,
        "activePlayerCount": 140,
        "LinkVideo": "https://files.catbox.moe/p761ba.webm",
        "LinkMp3": "https://files.catbox.moe/fmjis4.mp3",
        "annId": 10767
    },
    {
        "animeEng": "Boruto: Naruto Next Generations",
        "animeRomaji": "Boruto: Naruto Next Generations",
        "songName": "Teenage Dream",
        "artist": "miwa",
        "type": "Opening 6",
        "correctCount": 4,
        "startTime": 16,
        "songDuration": 88.224,
        "songNumber": 69,
        "activePlayerCount": 140,
        "LinkVideo": "https://files.catbox.moe/l1gi5p.webm",
        "LinkMp3": "https://files.catbox.moe/a62t6w.mp3",
        "annId": 18934,
        "correctPlayers": [
            "TowaSamaTenshi",
            "KonoDioda1",
            "HonooNoViolence",
            "HitoriBocchi"
        ]
    },
    {
        "animeEng": "Fujilog",
        "animeRomaji": "Fujilog",
        "songName": "Andante",
        "artist": "Utau Kitchen",
        "type": "Opening 1",
        "correctCount": 19,
        "startTime": 0,
        "songDuration": 29.088,
        "songNumber": 70,
        "activePlayerCount": 142,
        "LinkVideo": "https://files.catbox.moe/2xjo6o.webm",
        "LinkMp3": "https://files.catbox.moe/us4i5a.mp3",
        "annId": 12343
    },
    {
        "animeEng": "Kiratto Pri\u2606Chan",
        "animeRomaji": "Kiratto Pri\u2606Chan",
        "songName": "Dreaming\u2606Channel!",
        "artist": "Run Girls, Run!",
        "type": "Opening 3",
        "correctCount": 11,
        "startTime": 57,
        "songDuration": 89.736,
        "songNumber": 71,
        "activePlayerCount": 141,
        "LinkVideo": "https://files.catbox.moe/6dbs3r.webm",
        "LinkMp3": "https://files.catbox.moe/jun75s.mp3",
        "annId": 23131
    },
    {
        "animeEng": "Magi: The Labyrinth of Magic",
        "animeRomaji": "Magi: The Labyrinth of Magic",
        "songName": "V.I.P",
        "artist": "SID",
        "type": "Opening 1",
        "correctCount": 60,
        "startTime": 10,
        "songDuration": 89.448,
        "songNumber": 72,
        "activePlayerCount": 140,
        "LinkVideo": "https://files.catbox.moe/mvq8cx.webm",
        "LinkMp3": "https://files.catbox.moe/fjivh8.mp3",
        "annId": 14395
    },
    {
        "animeEng": "Gekij\u014dban gdgd Fairies tte Iu Eiga wa D\u014d kana\u2026?",
        "animeRomaji": "Gekij\u014dban gdgd Fairies tte Iu Eiga wa D\u014d kana\u2026?",
        "songName": "Oide yo! Yousei no Mori",
        "artist": "gdgd Fairies",
        "type": "Opening 1",
        "correctCount": 70,
        "startTime": 4,
        "songDuration": 48.84,
        "songNumber": 73,
        "activePlayerCount": 141,
        "LinkVideo": "https://files.catbox.moe/wkhuqe.webm",
        "LinkMp3": "https://files.catbox.moe/2vn6vt.mp3",
        "annId": 16274
    },
    {
        "animeEng": "New Game!",
        "animeRomaji": "New Game!",
        "songName": "Little Bitter Duet",
        "artist": "Y\u014dko Hikasa & Ai Kayano",
        "type": "Insert Song",
        "correctCount": 21,
        "startTime": 0,
        "songDuration": 22.68,
        "songNumber": 74,
        "activePlayerCount": 141,
        "LinkVideo": "https://files.catbox.moe/bq8x8t.webm",
        "LinkMp3": "https://files.catbox.moe/ubb4mi.mp3",
        "annId": 21896
    },
    {
        "animeEng": "Mob Psycho 100 II OVA",
        "animeRomaji": "Mob Psycho 100: Dai Ikkai Rei Toka S\u014ddansho Ianryok\u014d - Kokoro Mitasu Iyashi no Tabi",
        "songName": "Ikiru Hitobito",
        "artist": "sajou no hana",
        "type": "Ending 1",
        "correctCount": 68,
        "startTime": 21,
        "songDuration": 89.016,
        "songNumber": 75,
        "activePlayerCount": 141,
        "LinkVideo": "https://files.catbox.moe/krtjca.webm",
        "LinkMp3": "https://files.catbox.moe/r34n0g.mp3",
        "annId": 22493
    },
    {
        "animeEng": "Fortune Arterial: Akai Yakusoku",
        "animeRomaji": "Fortune Arterial: Akai Yakusoku",
        "songName": "I miss you misuzu solo",
        "artist": "Veil",
        "type": "Ending 5",
        "correctCount": 38,
        "startTime": 48,
        "songDuration": 89.352,
        "songNumber": 76,
        "activePlayerCount": 141,
        "LinkVideo": "https://files.catbox.moe/z1kea4.webm",
        "LinkMp3": "https://files.catbox.moe/s31sj0.mp3",
        "annId": 11425
    },
    {
        "animeEng": "Shin Chan",
        "animeRomaji": "Crayon Shin-chan",
        "songName": "Yuru Yuru DE-O!",
        "artist": "Akiko Yajima",
        "type": "Opening 9",
        "correctCount": 125,
        "startTime": 22,
        "songDuration": 58.44,
        "songNumber": 77,
        "activePlayerCount": 141,
        "LinkVideo": "https://files.catbox.moe/qpqmq4.webm",
        "LinkMp3": "https://files.catbox.moe/17hrq9.mp3",
        "annId": 540
    },
    {
        "animeEng": "Star Driver",
        "animeRomaji": "Star Driver: Kagayaki no Takuto",
        "songName": "SHINING\u2606STAR",
        "artist": "9nine",
        "type": "Opening 2",
        "correctCount": 39,
        "startTime": 40,
        "songDuration": 89.102142,
        "songNumber": 78,
        "activePlayerCount": 142,
        "LinkVideo": "https://files.catbox.moe/nx53k7.webm",
        "LinkMp3": "https://files.catbox.moe/d21gnv.mp3",
        "annId": 11607
    },
    {
        "animeEng": "Cencoroll",
        "animeRomaji": "Cencoroll",
        "songName": "LOVE & ROLL",
        "artist": "supercell",
        "type": "Ending 1",
        "correctCount": 42,
        "startTime": 21,
        "songDuration": 106.036,
        "songNumber": 79,
        "activePlayerCount": 142,
        "LinkVideo": "https://files.catbox.moe/o2xaso.webm",
        "annId": 8264
    },
    {
        "animeEng": "Garo: Crimson Moon",
        "animeRomaji": "Garo: Guren no Tsuki",
        "songName": "Guren no Tsuki ~Kakusareshi Yami Monogatari~",
        "artist": "Yoshiki Fukuyama (JAM Project)",
        "type": "Opening 4",
        "correctCount": 14,
        "startTime": 50,
        "songDuration": 88.344,
        "songNumber": 80,
        "activePlayerCount": 142,
        "LinkVideo": "https://files.catbox.moe/b4y31g.webm",
        "LinkMp3": "https://files.catbox.moe/zo66zh.mp3",
        "annId": 17526
    },
    {
        "animeEng": "Mah\u014dtsukai Sally",
        "animeRomaji": "Mah\u014dtsukai Sally",
        "songName": "Mah\u014dtsukai Sally",
        "artist": "Hiroko Asakawa",
        "type": "Opening 1",
        "correctCount": 127,
        "startTime": 47,
        "songDuration": 77.352,
        "songNumber": 81,
        "activePlayerCount": 141,
        "LinkVideo": "https://files.catbox.moe/2hn4ay.webm",
        "LinkMp3": "https://files.catbox.moe/h7n6o2.mp3",
        "annId": 3678
    },
    {
        "animeEng": "What's Michael?",
        "animeRomaji": "What's Michael?",
        "songName": "Naki Mane",
        "artist": "Shoko Minami",
        "type": "Insert Song",
        "correctCount": 1,
        "startTime": 50,
        "songDuration": 121.968,
        "songNumber": 82,
        "activePlayerCount": 141,
        "LinkVideo": "https://files.catbox.moe/62zbvp.webm",
        "LinkMp3": "https://files.catbox.moe/3pi7r6.mp3",
        "annId": 3336,
        "correctPlayers": [
            "AIuX"
        ]
    },
    {
        "animeEng": "My Hero Academia",
        "animeRomaji": "Boku no Hero Academia",
        "songName": "Make my story",
        "artist": "Lenny code fiction",
        "type": "Opening 2",
        "correctCount": 97,
        "startTime": 16,
        "songDuration": 89.568,
        "songNumber": 83,
        "activePlayerCount": 141,
        "LinkVideo": "https://files.catbox.moe/8akl3n.webm",
        "LinkMp3": "https://files.catbox.moe/k6v6rr.mp3",
        "annId": 20356
    },
    {
        "animeEng": "Ninja Collection",
        "animeRomaji": "Ninja Collection",
        "songName": "Shinobiashi de Unzaunza o Odoru",
        "artist": "Backdrop Cinderella",
        "type": "Ending 1",
        "correctCount": 24,
        "startTime": 1,
        "songDuration": 29.088,
        "songNumber": 84,
        "activePlayerCount": 140,
        "LinkVideo": "https://files.catbox.moe/juta9q.webm",
        "LinkMp3": "https://files.catbox.moe/jhvc5s.mp3",
        "annId": 23474
    },
    {
        "animeEng": "New Cutey Honey",
        "animeRomaji": "New Cutey Honey",
        "songName": "Cutey Honey (Eigo Version)",
        "artist": "Mayukiss",
        "type": "Opening 2",
        "correctCount": 35,
        "startTime": 15,
        "songDuration": 91.81883,
        "songNumber": 85,
        "activePlayerCount": 140,
        "LinkVideo": "https://files.catbox.moe/p53l6d.webm",
        "LinkMp3": "https://files.catbox.moe/eob63g.mp3",
        "annId": 566
    }
]