[
    {
        "animeEng": "Sol Bianca: The Legacy",
        "animeRomaji": "Taiy\u014d no Fune Sol Bianca",
        "songName": "To Be Free",
        "artist": "Stella Furst",
        "type": "Opening 1",
        "correctCount": 2,
        "startTime": 24,
        "songDuration": 85.416,
        "songNumber": 1,
        "activePlayerCount": 96,
        "LinkVideo": "https://files.catbox.moe/7781eb.webm",
        "LinkMp3": "https://files.catbox.moe/4g38uk.mp3",
        "annId": 742,
        "correctPlayers": [
            "Zylda",
            "TKN"
        ]
    },
    {
        "animeEng": "Witch Craft Works",
        "animeRomaji": "Witch Craft Works",
        "songName": "Witch Activity",
        "artist": "KMM-dan",
        "type": "Ending 1",
        "correctCount": 28,
        "startTime": 25,
        "songDuration": 88.56,
        "songNumber": 2,
        "activePlayerCount": 100,
        "LinkVideo": "https://files.catbox.moe/2cnkmy.webm",
        "LinkMp3": "https://files.catbox.moe/m7ls6s.mp3",
        "annId": 15708
    },
    {
        "animeEng": "King of Prism: Shiny Seven Stars",
        "animeRomaji": "King of Prism: Shiny Seven Stars",
        "songName": "Overnight Sensation ~Jidai wa Anata ni Yudane Teru ~",
        "artist": "Yuuma Uchida",
        "type": "Ending 7",
        "correctCount": 0,
        "startTime": 5,
        "songDuration": 102.696,
        "songNumber": 3,
        "activePlayerCount": 103,
        "LinkVideo": "https://files.catbox.moe/qq53ig.webm",
        "LinkMp3": "https://files.catbox.moe/umj4ve.mp3",
        "annId": 21194
    },
    {
        "animeEng": "Welcome to Demon School! Iruma-kun",
        "animeRomaji": "Mairimashita! Iruma-kun",
        "songName": "Claraland ~Kiseki no Chuchuchu~",
        "artist": "Nakayoshi Mantan! Valac Ikka",
        "type": "Insert Song",
        "correctCount": 10,
        "startTime": 32,
        "songDuration": 109.416,
        "songNumber": 4,
        "activePlayerCount": 104,
        "LinkVideo": "https://files.catbox.moe/nbxwjy.webm",
        "LinkMp3": "https://files.catbox.moe/4ocd5o.mp3",
        "annId": 21927
    },
    {
        "animeEng": "Abnormal Physiology Seminar",
        "animeRomaji": "Hen Semi",
        "songName": "Mania e Kirakira",
        "artist": "Kana Hanazawa",
        "type": "Opening 1",
        "correctCount": 10,
        "startTime": 53,
        "songDuration": 87.912,
        "songNumber": 5,
        "activePlayerCount": 105,
        "LinkVideo": "https://files.catbox.moe/39noe5.webm",
        "LinkMp3": "https://files.catbox.moe/jh8evu.mp3",
        "annId": 11370
    },
    {
        "animeEng": "Revue Starlight",
        "animeRomaji": "Sh\u014djo\u2606Kageki Revue Starlight",
        "songName": "The Star Knows",
        "artist": "Momoyo Koyama & Hinata Satou",
        "type": "Insert Song",
        "correctCount": 20,
        "startTime": 104,
        "songDuration": 365.088,
        "songNumber": 6,
        "activePlayerCount": 107,
        "LinkVideo": "https://files.catbox.moe/cvw868.webm",
        "LinkMp3": "https://files.catbox.moe/kv0nsb.mp3",
        "annId": 20891
    },
    {
        "animeEng": "The Telepathy Girl Ran",
        "animeRomaji": "Telepathy Sh\u014djo Ran",
        "songName": "Aoi Kakera",
        "artist": "Chara",
        "type": "Opening 1",
        "correctCount": 5,
        "startTime": 32,
        "songDuration": 87.76992,
        "songNumber": 7,
        "activePlayerCount": 107,
        "LinkVideo": "https://files.catbox.moe/o3cnhf.webm",
        "LinkMp3": "https://files.catbox.moe/ewpk2y.mp3",
        "annId": 9141,
        "correctPlayers": [
            "CedropGlash",
            "FairyS",
            "DHancock",
            "HDNC",
            "TKN"
        ]
    },
    {
        "animeEng": "Dragon Goes House-Hunting",
        "animeRomaji": "Dragon, Ie o Kau.",
        "songName": "Role-Playing",
        "artist": "Masayoshi \u014cishi",
        "type": "Opening 1",
        "correctCount": 37,
        "startTime": 28,
        "songDuration": 89.28,
        "songNumber": 8,
        "activePlayerCount": 109,
        "LinkVideo": "https://files.catbox.moe/s15i8v.webm",
        "LinkMp3": "https://files.catbox.moe/g427io.mp3",
        "annId": 23561
    },
    {
        "animeEng": "Devilman",
        "animeRomaji": "Devilman",
        "songName": "Kyou mo Dokoka de Devilman",
        "artist": "Keizo Toda",
        "type": "Ending 1",
        "correctCount": 89,
        "startTime": 51,
        "songDuration": 88.056,
        "songNumber": 9,
        "activePlayerCount": 111,
        "LinkVideo": "https://files.catbox.moe/pdftw0.webm",
        "LinkMp3": "https://files.catbox.moe/hopxv9.mp3",
        "annId": 578
    },
    {
        "animeEng": "Speed Racer X",
        "animeRomaji": "Mach Go Go Go",
        "songName": "Mach Go Go Go 1997",
        "artist": "Kentaro Hayami",
        "type": "Opening 2",
        "correctCount": 18,
        "startTime": 45,
        "songDuration": 88.968,
        "songNumber": 10,
        "activePlayerCount": 112,
        "LinkVideo": "https://files.catbox.moe/mbdydh.webm",
        "LinkMp3": "https://files.catbox.moe/jygumj.mp3",
        "annId": 1445
    },
    {
        "animeEng": "Btooom!",
        "animeRomaji": "Btooom!",
        "songName": "Aozora",
        "artist": "May'n",
        "type": "Ending 1",
        "correctCount": 28,
        "startTime": 3,
        "songDuration": 90.199266,
        "songNumber": 11,
        "activePlayerCount": 110,
        "LinkVideo": "https://files.catbox.moe/7u7c7d.webm",
        "LinkMp3": "https://files.catbox.moe/rhfn03.mp3",
        "annId": 14418
    },
    {
        "animeEng": "Star\u2606Twinkle Precure",
        "animeRomaji": "Star\u2606Twinkle Precure",
        "songName": "Star Color Pendant! Color Charge! (Cure Selene Version)",
        "artist": "Mikako Komatsu",
        "type": "Insert Song",
        "correctCount": 19,
        "startTime": 6,
        "songDuration": 79.32,
        "songNumber": 12,
        "activePlayerCount": 111,
        "LinkVideo": "https://files.catbox.moe/h0d0ur.webm",
        "LinkMp3": "https://files.catbox.moe/9ygpdf.mp3",
        "annId": 21719
    },
    {
        "animeEng": "Gate",
        "animeRomaji": "Gate: Jieitai Kanochi nite, Kaku Tatakaeri",
        "songName": "GATE ~Sore wa Akatsuki no Y\u014d ni",
        "artist": "Kishida Ky\u014ddan &THE Akeboshi Rockets",
        "type": "Opening 1",
        "correctCount": 74,
        "startTime": 42,
        "songDuration": 90.017975,
        "songNumber": 13,
        "activePlayerCount": 111,
        "LinkVideo": "https://files.catbox.moe/0uknlu.webm",
        "LinkMp3": "https://files.catbox.moe/ndr8fr.mp3",
        "annId": 16679
    },
    {
        "animeEng": "Ani ni Tsukeru Kusuri wa Nai! 4",
        "animeRomaji": "Ani ni Tsukeru Kusuri wa Nai! 4",
        "songName": "Come on youth",
        "artist": "Yue Wang & Hesen Mori",
        "type": "Opening 1",
        "correctCount": 60,
        "startTime": 0,
        "songDuration": 27.048,
        "songNumber": 14,
        "activePlayerCount": 113,
        "LinkVideo": "https://files.catbox.moe/gc5b5b.webm",
        "LinkMp3": "https://files.catbox.moe/kq43na.mp3",
        "annId": 23709
    },
    {
        "animeEng": "Mobile Suit Gundam Seed",
        "animeRomaji": "Kid\u014d Senshi Gundam Seed",
        "songName": "Akatsuki no Kuruma",
        "artist": "FictionJunction YUUKA",
        "type": "Insert Song",
        "correctCount": 17,
        "startTime": 43,
        "songDuration": 117.24,
        "songNumber": 15,
        "activePlayerCount": 114,
        "LinkVideo": "https://files.catbox.moe/mhtpn3.webm",
        "LinkMp3": "https://files.catbox.moe/rphslk.mp3",
        "annId": 883
    },
    {
        "animeEng": "Alice SOS",
        "animeRomaji": "Alice SOS",
        "songName": "S.O.S",
        "artist": "Megumi Toyoguchi, Motoko Kumai, Ayako Shiraishi, Kyousei Tsukui",
        "type": "Opening 1",
        "correctCount": 70,
        "startTime": 0,
        "songDuration": 16.704,
        "songNumber": 16,
        "activePlayerCount": 116,
        "LinkVideo": "https://files.catbox.moe/tgnd8u.webm",
        "LinkMp3": "https://files.catbox.moe/die60l.mp3",
        "annId": 1076
    },
    {
        "animeEng": "Zone of the Enders: Dolores, i",
        "animeRomaji": "Zone of the Enders: Dolores, i",
        "songName": "Dolores no Komoriuta",
        "artist": "Yumiko Nakanishi",
        "type": "Insert Song",
        "correctCount": 2,
        "startTime": 15,
        "songDuration": 67.488,
        "songNumber": 17,
        "activePlayerCount": 116,
        "LinkVideo": "https://files.catbox.moe/quw10b.webm",
        "LinkMp3": "https://files.catbox.moe/87rsif.mp3",
        "annId": 1177,
        "correctPlayers": [
            "likejaxirl",
            "husa"
        ]
    },
    {
        "animeEng": "Pichu Bros. in Party Panic!",
        "animeRomaji": "Boku-tachi Pichu Brothers: Party wa \u014csawagi! no Maki",
        "songName": "Bokura Pichu Pichu Brothers!",
        "artist": "Kumiko Endo",
        "type": "Opening 1",
        "correctCount": 28,
        "startTime": 44,
        "songDuration": 106.296,
        "songNumber": 18,
        "activePlayerCount": 118,
        "LinkVideo": "https://files.catbox.moe/vqcf94.webm",
        "LinkMp3": "https://files.catbox.moe/v4ugi7.mp3",
        "annId": 15664
    },
    {
        "animeEng": "Riddle Story of Devil",
        "animeRomaji": "Akuma no Riddle",
        "songName": "S\u014dsh\u014d Innocence",
        "artist": "Maaya Uchida",
        "type": "Opening 1",
        "correctCount": 52,
        "startTime": 32,
        "songDuration": 87.576,
        "songNumber": 19,
        "activePlayerCount": 121,
        "LinkVideo": "https://files.catbox.moe/a2c1us.webm",
        "LinkMp3": "https://files.catbox.moe/wk56a5.mp3",
        "annId": 15767
    },
    {
        "animeEng": "We Rent Tsukumogami",
        "animeRomaji": "Tsukumogami Kashimasu",
        "songName": "Get Into My Heart",
        "artist": "MIYAVI vs Kavka Shishido",
        "type": "Opening 1",
        "correctCount": 18,
        "startTime": 25,
        "songDuration": 86.448,
        "songNumber": 20,
        "activePlayerCount": 119,
        "LinkVideo": "https://files.catbox.moe/1byru2.webm",
        "LinkMp3": "https://files.catbox.moe/9nq43s.mp3",
        "annId": 20758
    },
    {
        "animeEng": "Aikatsu!",
        "animeRomaji": "Aikatsu!",
        "songName": "Tarte Tatin",
        "artist": "Mona from AIKATSU\u2606STARS!",
        "type": "Insert Song",
        "correctCount": 20,
        "startTime": 23,
        "songDuration": 113.064,
        "songNumber": 21,
        "activePlayerCount": 120,
        "LinkVideo": "https://files.catbox.moe/2qbak2.webm",
        "LinkMp3": "https://files.catbox.moe/w8nsip.mp3",
        "annId": 16165
    },
    {
        "animeEng": "Cells at Work!",
        "animeRomaji": "Hataraku Saib\u014d",
        "songName": "CheerS",
        "artist": "ClariS",
        "type": "Ending 1",
        "correctCount": 73,
        "startTime": 24,
        "songDuration": 88.32,
        "songNumber": 22,
        "activePlayerCount": 120,
        "LinkVideo": "https://files.catbox.moe/aaku3k.webm",
        "LinkMp3": "https://files.catbox.moe/vnnuc2.mp3",
        "annId": 20564
    },
    {
        "animeEng": "Adventures on Rainbow Pond",
        "animeRomaji": "Kerokko Demetan",
        "songName": "Makeru na Demetan",
        "artist": "Mitsuko Horie",
        "type": "Ending 1",
        "correctCount": 45,
        "startTime": 9,
        "songDuration": 46.08,
        "songNumber": 23,
        "activePlayerCount": 119,
        "LinkVideo": "https://files.catbox.moe/66ywm9.webm",
        "LinkMp3": "https://files.catbox.moe/w5noaz.mp3",
        "annId": 1399
    },
    {
        "animeEng": "Ro-Kyu-Bu! SS",
        "animeRomaji": "Ro-Kyu-Bu! SS",
        "songName": "Get goal!",
        "artist": "RO-KYU-BU!",
        "type": "Insert Song",
        "correctCount": 50,
        "startTime": 86,
        "songDuration": 254.424,
        "songNumber": 24,
        "activePlayerCount": 120,
        "LinkVideo": "https://files.catbox.moe/ca2s7n.webm",
        "LinkMp3": "https://files.catbox.moe/9ziaw6.mp3",
        "annId": 14852
    },
    {
        "animeEng": "Onsen Y\u014dsei Hakone-chan",
        "animeRomaji": "Onsen Y\u014dsei Hakone-chan",
        "songName": "Hakone Hakoiri Musume",
        "artist": "petit milady",
        "type": "Opening 1",
        "correctCount": 51,
        "startTime": 0,
        "songDuration": 28.752,
        "songNumber": 25,
        "activePlayerCount": 119,
        "LinkVideo": "https://files.catbox.moe/75xxy4.webm",
        "LinkMp3": "https://files.catbox.moe/usyhc7.mp3",
        "annId": 17255
    },
    {
        "animeEng": "Wish Upon the Pleiades",
        "animeRomaji": "H\u014dkago no Pleiades",
        "songName": "Stella-rium",
        "artist": "Kano",
        "type": "Opening 1",
        "correctCount": 35,
        "startTime": 11,
        "songDuration": 88.368,
        "songNumber": 26,
        "activePlayerCount": 118,
        "LinkVideo": "https://files.catbox.moe/omw23j.webm",
        "LinkMp3": "https://files.catbox.moe/j22q1n.mp3",
        "annId": 16641
    },
    {
        "animeEng": "Urusei Yatsura Movie 3: Remember My Love",
        "animeRomaji": "Urusei Yatsura Movie 3: Remember My Love",
        "songName": "REMEMBER MY LOVE",
        "artist": "STEFFANIE BORGES",
        "type": "Ending 1",
        "correctCount": 7,
        "startTime": 50,
        "songDuration": 171.024,
        "songNumber": 27,
        "activePlayerCount": 118,
        "LinkVideo": "https://files.catbox.moe/dtxxvv.webm",
        "LinkMp3": "https://files.catbox.moe/73hs3j.mp3",
        "annId": 649
    },
    {
        "animeEng": "We Never Learn: BOKUBEN",
        "animeRomaji": "Boku-tachi wa Benky\u014d ga Dekinai",
        "songName": "Never Give It Up!!",
        "artist": "Study",
        "type": "Ending 1",
        "correctCount": 24,
        "startTime": 8,
        "songDuration": 90.538852,
        "songNumber": 28,
        "activePlayerCount": 119,
        "LinkVideo": "https://files.catbox.moe/pdeskh.webm",
        "LinkMp3": "https://files.catbox.moe/7i90fl.mp3",
        "annId": 21294
    },
    {
        "animeEng": "Pan de Peace!",
        "animeRomaji": "Pan de Peace!",
        "songName": "Seishun wa Tabemono desu",
        "artist": "petit milady",
        "type": "Opening 1",
        "correctCount": 52,
        "startTime": 0,
        "songDuration": 28.944,
        "songNumber": 29,
        "activePlayerCount": 119,
        "LinkVideo": "https://files.catbox.moe/sticfr.webm",
        "LinkMp3": "https://files.catbox.moe/19plv3.mp3",
        "annId": 18002
    },
    {
        "animeEng": "Zoku Sayonara Zetsub\u014d Sensei",
        "animeRomaji": "Zoku Sayonara Zetsub\u014d Sensei",
        "songName": "Shujink\u014d",
        "artist": "Ry\u014dko Shintani",
        "type": "Insert Song",
        "correctCount": 3,
        "startTime": 0,
        "songDuration": 26.088,
        "songNumber": 30,
        "activePlayerCount": 118,
        "LinkVideo": "https://files.catbox.moe/8dwp6p.webm",
        "LinkMp3": "https://files.catbox.moe/nj0hy7.mp3",
        "annId": 8803,
        "correctPlayers": [
            "likejaxirl",
            "Anaruwaifu",
            "FairyS"
        ]
    },
    {
        "animeEng": "Ch\u014d Sh\u014dnen Tantei-dan NEO",
        "animeRomaji": "Ch\u014d Sh\u014dnen Tantei-dan NEO",
        "songName": "Chou Tantei Curiosity",
        "artist": "Cookie JamJam Biscuit",
        "type": "Ending 1",
        "correctCount": 2,
        "startTime": 1,
        "songDuration": 35.78714,
        "songNumber": 31,
        "activePlayerCount": 116,
        "LinkVideo": "https://files.catbox.moe/7pc8vk.webm",
        "LinkMp3": "https://files.catbox.moe/5twnwt.mp3",
        "annId": 18957,
        "correctPlayers": [
            "FairyS",
            "HDNC"
        ]
    },
    {
        "animeEng": "Mushoku Tensei: Jobless Reincarnation",
        "animeRomaji": "Mushoku Tensei: Isekai Ittara Honki Dasu",
        "songName": "Tabibito no Uta",
        "artist": "Yuiko Ohara",
        "type": "Opening 1",
        "correctCount": 80,
        "startTime": 45,
        "songDuration": 87.168,
        "songNumber": 32,
        "activePlayerCount": 116,
        "LinkVideo": "https://files.catbox.moe/257o8n.webm",
        "LinkMp3": "https://files.catbox.moe/7lpkzf.mp3",
        "annId": 22589
    },
    {
        "animeEng": "Re:ZERO -Starting Life in Another World-",
        "animeRomaji": "Re:Zero kara Hajimeru Isekai Seikatsu",
        "songName": "Realize",
        "artist": "Konomi Suzuki",
        "type": "Opening 1",
        "correctCount": 83,
        "startTime": 59,
        "songDuration": 88.056,
        "songNumber": 33,
        "activePlayerCount": 116,
        "LinkVideo": "https://files.catbox.moe/b3o2ky.webm",
        "LinkMp3": "https://files.catbox.moe/k5vt7c.mp3",
        "annId": 22005
    },
    {
        "animeEng": "Persona 5 the Animation: A Magical Valentine's Day",
        "animeRomaji": "Persona 5 the Animation: A Magical Valentine's Day",
        "songName": "Dark Sun...",
        "artist": "Lyn",
        "type": "Opening 1",
        "correctCount": 75,
        "startTime": 36,
        "songDuration": 87.613188,
        "songNumber": 34,
        "activePlayerCount": 116,
        "LinkVideo": "https://files.catbox.moe/hstkrv.webm",
        "LinkMp3": "https://files.catbox.moe/ewf3kz.mp3",
        "annId": 22985
    },
    {
        "animeEng": "Dies irae",
        "animeRomaji": "Dies irae",
        "songName": "Kadenz",
        "artist": "Yui Sakakibara",
        "type": "Opening 1",
        "correctCount": 32,
        "startTime": 7,
        "songDuration": 84.504,
        "songNumber": 35,
        "activePlayerCount": 116,
        "LinkVideo": "https://files.catbox.moe/ob7ii9.webm",
        "LinkMp3": "https://files.catbox.moe/upbsdj.mp3",
        "annId": 19395
    },
    {
        "animeEng": "Love Live! Sunshine!!",
        "animeRomaji": "Love Live! School Idol Project Sunshine!!",
        "songName": "Mitaiken HORIZON",
        "artist": "Aqours",
        "type": "Insert Song",
        "correctCount": 39,
        "startTime": 62,
        "songDuration": 313.128,
        "songNumber": 36,
        "activePlayerCount": 118,
        "LinkVideo": "https://files.catbox.moe/2gxmbk.webm",
        "LinkMp3": "https://files.catbox.moe/fqc7yg.mp3",
        "annId": 22079
    },
    {
        "animeEng": "Ketsuekigata-kun! 3",
        "animeRomaji": "Ketsuekigata-kun! 3",
        "songName": "HEARTBEAT JAM\u266a",
        "artist": "Aoi Yuuki, Yui Horie, Yu Kobayashi, Mai Nakahara",
        "type": "Opening 1",
        "correctCount": 33,
        "startTime": 0,
        "songDuration": 28.56,
        "songNumber": 37,
        "activePlayerCount": 119,
        "LinkVideo": "https://files.catbox.moe/7201ni.webm",
        "LinkMp3": "https://files.catbox.moe/oqs36h.mp3",
        "annId": 17632
    },
    {
        "animeEng": "Tsukiuta. THE ANIMATION",
        "animeRomaji": "Tsukiuta. THE ANIMATION",
        "songName": "Tooki Yama ni Hi wa Ochite (Koukyoukyoku Dai-9-ban 'Shinsekai yori')",
        "artist": "Tetsuya Kakihara, Takashi Kond\u014d",
        "type": "Insert Song",
        "correctCount": 1,
        "startTime": 6,
        "songDuration": 105.072,
        "songNumber": 38,
        "activePlayerCount": 118,
        "LinkVideo": "https://files.catbox.moe/r0kwju.webm",
        "LinkMp3": "https://files.catbox.moe/e34rrm.mp3",
        "annId": 18179,
        "correctPlayers": [
            "ArronChu"
        ]
    },
    {
        "animeEng": "Aria the Crepuscolo",
        "animeRomaji": "Aria the Crepuscolo",
        "songName": "Felicita",
        "artist": "Kiyono Yasuno",
        "type": "Opening 1",
        "correctCount": 13,
        "startTime": 38,
        "songDuration": 91.704,
        "songNumber": 39,
        "activePlayerCount": 118,
        "LinkVideo": "https://files.catbox.moe/lkrsoo.webm",
        "LinkMp3": "https://files.catbox.moe/yvy359.mp3",
        "annId": 24066
    },
    {
        "animeEng": "Magi: The Labyrinth of Magic",
        "animeRomaji": "Magi: The Labyrinth of Magic",
        "songName": "V.I.P",
        "artist": "SID",
        "type": "Opening 1",
        "correctCount": 54,
        "startTime": 33,
        "songDuration": 89.448,
        "songNumber": 40,
        "activePlayerCount": 119,
        "LinkVideo": "https://files.catbox.moe/mvq8cx.webm",
        "LinkMp3": "https://files.catbox.moe/fjivh8.mp3",
        "annId": 14395
    },
    {
        "animeEng": "Jormungand Perfect Order",
        "animeRomaji": "Jormungand Perfect Order",
        "songName": "Time to attack",
        "artist": "SANTA",
        "type": "Insert Song",
        "correctCount": 11,
        "startTime": 17,
        "songDuration": 164.184,
        "songNumber": 41,
        "activePlayerCount": 124,
        "LinkVideo": "https://files.catbox.moe/7rdf4p.webm",
        "LinkMp3": "https://files.catbox.moe/b0qbjy.mp3",
        "annId": 14729
    },
    {
        "animeEng": "Idolls!",
        "animeRomaji": "Idolls!",
        "songName": "WE ARE THE ONE!",
        "artist": "Idolls!",
        "type": "Opening 1",
        "correctCount": 11,
        "startTime": 8,
        "songDuration": 89.04,
        "songNumber": 42,
        "activePlayerCount": 124,
        "LinkVideo": "https://files.catbox.moe/ytj6bo.webm",
        "LinkMp3": "https://files.catbox.moe/4ehett.mp3",
        "annId": 23821
    },
    {
        "animeEng": "Zoku T\u014dken Ranbu: Hanamaru.",
        "animeRomaji": "Zoku T\u014dken Ranbu: Hanamaru.",
        "songName": "Hanamaru Shirushi no Hi no Moto de",
        "artist": "Mitsuhiro Ichiki & Toshiki Masuda",
        "type": "Ending 12",
        "correctCount": 33,
        "startTime": 124,
        "songDuration": 262.032,
        "songNumber": 43,
        "activePlayerCount": 123,
        "LinkVideo": "https://files.catbox.moe/o80wfa.webm",
        "LinkMp3": "https://files.catbox.moe/dor0fr.mp3",
        "annId": 20366
    },
    {
        "animeEng": "Kaitei Daisens\u014d: Ai no 20,000 Miles",
        "animeRomaji": "Kaitei Daisens\u014d: Ai no 20,000 Miles",
        "songName": "Atlantis",
        "artist": "Junichi Inoue",
        "type": "Opening 1",
        "correctCount": 2,
        "startTime": 12,
        "songDuration": 89.4,
        "songNumber": 44,
        "activePlayerCount": 122,
        "LinkVideo": "https://files.catbox.moe/ptg2ng.webm",
        "LinkMp3": "https://files.catbox.moe/e8jegs.mp3",
        "annId": 15412,
        "correctPlayers": [
            "uhhuhher",
            "ThaIeko"
        ]
    },
    {
        "animeEng": "Tokyo Majin",
        "animeRomaji": "Tokyo Majin Gakuen Kenpucho: Tou",
        "songName": "Hanafubuki",
        "artist": "ACID",
        "type": "Ending 1",
        "correctCount": 7,
        "startTime": 36,
        "songDuration": 87.648,
        "songNumber": 45,
        "activePlayerCount": 122,
        "LinkVideo": "https://files.catbox.moe/fah7zj.webm",
        "LinkMp3": "https://files.catbox.moe/mg3204.mp3",
        "annId": 7123
    },
    {
        "animeEng": "Talentless Nana",
        "animeRomaji": "Mun\u014d na Nana",
        "songName": "Bakemono to Yobarete",
        "artist": "Chiai Fujikawa",
        "type": "Ending 1",
        "correctCount": 41,
        "startTime": 1,
        "songDuration": 89.28,
        "songNumber": 46,
        "activePlayerCount": 121,
        "LinkVideo": "https://files.catbox.moe/ze5vbo.webm",
        "LinkMp3": "https://files.catbox.moe/dkomau.mp3",
        "annId": 23497
    },
    {
        "animeEng": "Dual! Parallel Trouble Adventure",
        "animeRomaji": "Dual! Parallel Lun-Lun Monogatari",
        "songName": "Real",
        "artist": "Shifo from UNIVERS\u2605L D",
        "type": "Ending 1",
        "correctCount": 1,
        "startTime": 16,
        "songDuration": 94.128,
        "songNumber": 47,
        "activePlayerCount": 121,
        "LinkVideo": "https://files.catbox.moe/koco6t.webm",
        "LinkMp3": "https://files.catbox.moe/n5l5rk.mp3",
        "annId": 141,
        "correctPlayers": [
            "dounich"
        ]
    },
    {
        "animeEng": "Time Travel Girl",
        "animeRomaji": "Time Travel Sh\u014djo: Mari Waka to 8-nin no Kagakusha-tachi",
        "songName": "Time Paradox",
        "artist": "Hitomi Kuroishi",
        "type": "Insert Song",
        "correctCount": 4,
        "startTime": 0,
        "songDuration": 22.032,
        "songNumber": 48,
        "activePlayerCount": 121,
        "LinkVideo": "https://files.catbox.moe/teb0kr.webm",
        "LinkMp3": "https://files.catbox.moe/g5hadx.mp3",
        "annId": 18455,
        "correctPlayers": [
            "AIuX",
            "MKNono",
            "Thalego",
            "HDNC"
        ]
    },
    {
        "animeEng": "Jewelpet Happiness",
        "animeRomaji": "Jewelpet Happiness",
        "songName": "Hikari no Hate ni",
        "artist": "Fairies",
        "type": "Opening 1",
        "correctCount": 7,
        "startTime": 48,
        "songDuration": 89.049898,
        "songNumber": 49,
        "activePlayerCount": 120,
        "LinkVideo": "https://files.catbox.moe/cedvcg.webm",
        "LinkMp3": "https://files.catbox.moe/oyhqtr.mp3",
        "annId": 15130
    },
    {
        "animeEng": "IDOLiSH7 Third Beat!",
        "animeRomaji": "IDOLiSH7 Third Beat!",
        "songName": "RESTART POiNTER",
        "artist": "IDOLiSH7",
        "type": "Insert Song",
        "correctCount": 23,
        "startTime": 0,
        "songDuration": 23.496,
        "songNumber": 50,
        "activePlayerCount": 120,
        "LinkVideo": "https://files.catbox.moe/xwn5y9.webm",
        "LinkMp3": "https://files.catbox.moe/w7ddc5.mp3",
        "annId": 24195
    },
    {
        "animeEng": "Ojamajo Doremi Na-i-sho",
        "animeRomaji": "Ojamajo Doremi Na-i-sho",
        "songName": "Na\u30fbi\u30fbsho YO! Ojamajo",
        "artist": "MAHO-dou",
        "type": "Opening 1",
        "correctCount": 18,
        "startTime": 35,
        "songDuration": 87.432,
        "songNumber": 51,
        "activePlayerCount": 119,
        "LinkVideo": "https://files.catbox.moe/t7dixl.webm",
        "LinkMp3": "https://files.catbox.moe/jg9emf.mp3",
        "annId": 3797
    },
    {
        "animeEng": "Brand New Animal",
        "animeRomaji": "BNA",
        "songName": "NIGHT RUNNING",
        "artist": "Maria Naganawa",
        "type": "Insert Song",
        "correctCount": 47,
        "startTime": 22,
        "songDuration": 93.552,
        "songNumber": 52,
        "activePlayerCount": 120,
        "LinkVideo": "https://files.catbox.moe/mh3khx.webm",
        "LinkMp3": "https://files.catbox.moe/79nqxz.mp3",
        "annId": 22924
    },
    {
        "animeEng": "School Days: Valentine Days",
        "animeRomaji": "School Days: Valentine Days",
        "songName": "Look at me",
        "artist": "YURIA",
        "type": "Insert Song",
        "correctCount": 21,
        "startTime": 41,
        "songDuration": 70.128,
        "songNumber": 53,
        "activePlayerCount": 119,
        "LinkVideo": "https://files.catbox.moe/21672s.webm",
        "LinkMp3": "https://files.catbox.moe/jp7fdd.mp3",
        "annId": 11322
    },
    {
        "animeEng": "The Asterisk War",
        "animeRomaji": "Gakusen Toshi Asterisk",
        "songName": "Brand-new World",
        "artist": "Shiena Nishizawa",
        "type": "Ending 2",
        "correctCount": 73,
        "startTime": 14,
        "songDuration": 87.768,
        "songNumber": 54,
        "activePlayerCount": 119,
        "LinkVideo": "https://files.catbox.moe/rypp7j.webm",
        "LinkMp3": "https://files.catbox.moe/f2r9or.mp3",
        "annId": 18068
    },
    {
        "animeEng": "Neko Ramen",
        "animeRomaji": "Neko Ramen",
        "songName": "Kimi wa Taish\u014d!!",
        "artist": "Katsumi Tanaka",
        "type": "Opening 1",
        "correctCount": 33,
        "startTime": 0,
        "songDuration": 20.064,
        "songNumber": 55,
        "activePlayerCount": 118,
        "LinkVideo": "https://files.catbox.moe/66c1ko.webm",
        "LinkMp3": "https://files.catbox.moe/ky6gkc.mp3",
        "annId": 11317
    },
    {
        "animeEng": "Project A-ko 3: Cinderella Rhapsody",
        "animeRomaji": "Project A-ko 3: Cinderella Rhapsody",
        "songName": "Cinderella Rhapsody",
        "artist": "Miki Itou, Emi Shinohara, Michie Tomizawa",
        "type": "Insert Song",
        "correctCount": 1,
        "startTime": 51,
        "songDuration": 92.084825,
        "songNumber": 56,
        "activePlayerCount": 117,
        "LinkVideo": "https://files.catbox.moe/6dmr4d.webm",
        "LinkMp3": "https://files.catbox.moe/ea42yj.mp3",
        "annId": 718,
        "correctPlayers": [
            "FairyS"
        ]
    },
    {
        "animeEng": "Grave of the Fireflies",
        "animeRomaji": "Hotaru no Haka",
        "songName": "Hanyuu no Yado",
        "artist": "Amelita Galli-Curci",
        "type": "Insert Song",
        "correctCount": 65,
        "startTime": 26,
        "songDuration": 158.64,
        "songNumber": 57,
        "activePlayerCount": 117,
        "LinkVideo": "https://files.catbox.moe/7yda6w.webm",
        "LinkMp3": "https://files.catbox.moe/73sw70.mp3",
        "annId": 152
    },
    {
        "animeEng": "Akikan!",
        "animeRomaji": "Akikan!",
        "songName": "Koisora Recycling featuring Oolong Cha [Tokkyuu]",
        "artist": "nomico",
        "type": "Ending 4",
        "correctCount": 11,
        "startTime": 58,
        "songDuration": 89.154386,
        "songNumber": 58,
        "activePlayerCount": 117,
        "LinkVideo": "https://files.catbox.moe/4azf79.webm",
        "LinkMp3": "https://files.catbox.moe/9197hg.mp3",
        "annId": 10209
    },
    {
        "animeEng": "Initial D: Battle Stage 3",
        "animeRomaji": "Initial D: Battle Stage 3",
        "songName": "COME BACK TO ME",
        "artist": "ANIKA",
        "type": "Insert Song",
        "correctCount": 10,
        "startTime": 211,
        "songDuration": 335.016,
        "songNumber": 59,
        "activePlayerCount": 116,
        "LinkVideo": "https://files.catbox.moe/59z6tg.webm",
        "LinkMp3": "https://files.catbox.moe/igkq0s.mp3",
        "annId": 24123
    },
    {
        "animeEng": "AKB0048 Next Stage",
        "animeRomaji": "AKB0048 Next Stage",
        "songName": "\u2606 no Mukogawa",
        "artist": "AKB48",
        "type": "Insert Song",
        "correctCount": 4,
        "startTime": 83,
        "songDuration": 189.48,
        "songNumber": 60,
        "activePlayerCount": 115,
        "LinkVideo": "https://files.catbox.moe/79j609.webm",
        "LinkMp3": "https://files.catbox.moe/zhe5tv.mp3",
        "annId": 14873,
        "correctPlayers": [
            "weavedheart",
            "KezzyChan",
            "MyAngelAmakiSari",
            "razorclaw"
        ]
    },
    {
        "animeEng": "Ani Ni Tsukeru Kusuri wa Nai! 2",
        "animeRomaji": "Ani Ni Tsukeru Kusuri wa Nai! 2",
        "songName": "Let Him Go!!",
        "artist": "Yuuka Neko",
        "type": "Opening 1",
        "correctCount": 61,
        "startTime": 0,
        "songDuration": 25.872,
        "songNumber": 61,
        "activePlayerCount": 115,
        "LinkVideo": "https://files.catbox.moe/gr2pwc.webm",
        "LinkMp3": "https://files.catbox.moe/5l37qm.mp3",
        "annId": 22267
    },
    {
        "animeEng": "Straight Title Robot Anime",
        "animeRomaji": "Chokkyuu Hy\u014ddai Robot Anime",
        "songName": "Jiyuu to Iu Riyuu",
        "artist": "ZAQ",
        "type": "Ending 1",
        "correctCount": 24,
        "startTime": 14,
        "songDuration": 44.448,
        "songNumber": 62,
        "activePlayerCount": 114,
        "LinkVideo": "https://files.catbox.moe/pm2plv.webm",
        "LinkMp3": "https://files.catbox.moe/35fk61.mp3",
        "annId": 15095
    },
    {
        "animeEng": "Bakuon!!",
        "animeRomaji": "Bakuon!!",
        "songName": "Bike-bu Kanyuu no Uta ~M\u014d Konna Norimono Iya da~",
        "artist": "Reina Ueda, Yumi Uchiyama, Rikako Yamaguchi",
        "type": "Ending 1",
        "correctCount": 25,
        "startTime": 42,
        "songDuration": 92.064,
        "songNumber": 63,
        "activePlayerCount": 113,
        "LinkVideo": "https://files.catbox.moe/swt4gs.webm",
        "LinkMp3": "https://files.catbox.moe/v3u3o3.mp3",
        "annId": 17745
    },
    {
        "animeEng": "CLAMP in Wonderland 2",
        "animeRomaji": "CLAMP in Wonderland 2",
        "songName": "Oh!Yeah!!",
        "artist": "ROUND TABLE featuring Nino",
        "type": "Ending 1",
        "correctCount": 9,
        "startTime": 19,
        "songDuration": 89.85968,
        "songNumber": 64,
        "activePlayerCount": 114,
        "LinkVideo": "https://files.catbox.moe/2m09m5.webm",
        "LinkMp3": "https://files.catbox.moe/4v6yll.mp3",
        "annId": 8772
    },
    {
        "animeEng": "Moegaku*5",
        "animeRomaji": "Moegaku*5",
        "songName": "Girls Be Ambitious!",
        "artist": "MAD CATZ",
        "type": "Opening 1",
        "correctCount": 7,
        "startTime": 15,
        "songDuration": 59.088,
        "songNumber": 65,
        "activePlayerCount": 114,
        "LinkVideo": "https://files.catbox.moe/fo2ihj.webm",
        "LinkMp3": "https://files.catbox.moe/li8upp.mp3",
        "annId": 9036
    },
    {
        "animeEng": "Tokyo Ghoul",
        "animeRomaji": "Tokyo Ghoul",
        "songName": "unravel",
        "artist": "TK from Ling Tosite Sigure",
        "type": "Opening 1",
        "correctCount": 104,
        "startTime": 24,
        "songDuration": 86.907894,
        "songNumber": 66,
        "activePlayerCount": 115,
        "LinkVideo": "https://files.catbox.moe/zzkjlg.webm",
        "LinkMp3": "https://files.catbox.moe/lkhvvb.mp3",
        "annId": 16087
    },
    {
        "animeEng": "Cross Ange: Rondo of Angel and Dragon",
        "animeRomaji": "Cross Ange: Tenshi to Ryuu no Rondo",
        "songName": "Zetsub\u014d to no S\u014dguu",
        "artist": "Akiko Shikata",
        "type": "Insert Song",
        "correctCount": 19,
        "startTime": 28,
        "songDuration": 102.072,
        "songNumber": 67,
        "activePlayerCount": 116,
        "LinkVideo": "https://files.catbox.moe/86bct2.webm",
        "LinkMp3": "https://files.catbox.moe/ogx1js.mp3",
        "annId": 16177
    },
    {
        "animeEng": "Himitsu no Akko-chan",
        "animeRomaji": "Himitsu no Akko-chan",
        "songName": "Himitsu no Akko-chan",
        "artist": "Mitsuko Horie",
        "type": "Opening 1",
        "correctCount": 63,
        "startTime": 6,
        "songDuration": 63.398094,
        "songNumber": 68,
        "activePlayerCount": 117,
        "LinkVideo": "https://files.catbox.moe/7r9lnh.webm",
        "LinkMp3": "https://files.catbox.moe/tt1dtg.mp3",
        "annId": 2004
    },
    {
        "animeEng": "World Trigger",
        "animeRomaji": "World Trigger",
        "songName": "Force",
        "artist": "TOMORROW X TOGETHER",
        "type": "Opening 1",
        "correctCount": 33,
        "startTime": 15,
        "songDuration": 89.976,
        "songNumber": 69,
        "activePlayerCount": 118,
        "LinkVideo": "https://files.catbox.moe/c9cypz.webm",
        "LinkMp3": "https://files.catbox.moe/g9l7n4.mp3",
        "annId": 23782
    },
    {
        "animeEng": "Love, Chunibyo & Other Delusions!",
        "animeRomaji": "Chu-2 Byo demo Koi ga Shitai!",
        "songName": "Kimi no Tonari wa",
        "artist": "ZAQ",
        "type": "Insert Song",
        "correctCount": 26,
        "startTime": 33,
        "songDuration": 133.968,
        "songNumber": 70,
        "activePlayerCount": 116,
        "LinkVideo": "https://files.catbox.moe/60h29c.webm",
        "LinkMp3": "https://files.catbox.moe/mgyobv.mp3",
        "annId": 14448
    },
    {
        "animeEng": "Lostorage conflated WIXOSS",
        "animeRomaji": "Lostorage conflated WIXOSS",
        "songName": "UNLOCK",
        "artist": "Yuka Iguchi",
        "type": "Opening 1",
        "correctCount": 31,
        "startTime": 20,
        "songDuration": 89.016,
        "songNumber": 71,
        "activePlayerCount": 118,
        "LinkVideo": "https://files.catbox.moe/ot1rsx.webm",
        "LinkMp3": "https://files.catbox.moe/usyp81.mp3",
        "annId": 20453
    },
    {
        "animeEng": "Love, Chunibyo & Other Delusions! Lite",
        "animeRomaji": "Chuuniby\u014d demo Koi ga Shitai! Lite",
        "songName": "Shikkoku ni Odoru Haou Bushi",
        "artist": "ZAQ",
        "type": "Ending 1",
        "correctCount": 21,
        "startTime": 1,
        "songDuration": 89.929,
        "songNumber": 72,
        "activePlayerCount": 119,
        "LinkVideo": "https://openings.moe/video/ChuunibyouDemoKoiGaShitai!-ED02-NCBD.webm",
        "LinkMp3": "",
        "annId": 15423
    },
    {
        "animeEng": "Magical Suite Prism Nana",
        "animeRomaji": "Magical Suite Prism Nana",
        "songName": "Hoshizora Connection",
        "artist": "Daisy\u00d7Daisy",
        "type": "Opening 1",
        "correctCount": 6,
        "startTime": 35,
        "songDuration": 113.448,
        "songNumber": 73,
        "activePlayerCount": 118,
        "LinkVideo": "https://files.catbox.moe/082ni7.webm",
        "LinkMp3": "https://files.catbox.moe/hefbwd.mp3",
        "annId": 14918
    },
    {
        "animeEng": "Muromi-san",
        "animeRomaji": "Namiuchigiwa no Muromi-san",
        "songName": "Nanatsu no Umi yori Kimi no Umi",
        "artist": "Sumire Uesaka",
        "type": "Opening 1",
        "correctCount": 32,
        "startTime": 11,
        "songDuration": 90.456,
        "songNumber": 74,
        "activePlayerCount": 118,
        "LinkVideo": "https://files.catbox.moe/vfy6ga.webm",
        "LinkMp3": "https://files.catbox.moe/bt9p0i.mp3",
        "annId": 14999
    },
    {
        "animeEng": "Jujutsu Kaisen",
        "animeRomaji": "Jujutsu Kaisen",
        "songName": "LOST IN PARADISE",
        "artist": "ALI feat. AKLO",
        "type": "Ending 1",
        "correctCount": 78,
        "startTime": 44,
        "songDuration": 87.744,
        "songNumber": 75,
        "activePlayerCount": 118,
        "LinkVideo": "https://files.catbox.moe/ttmvl5.webm",
        "LinkMp3": "https://files.catbox.moe/6d3f5m.mp3",
        "annId": 22944
    },
    {
        "animeEng": "Hypnosis Mic: Division Rap Battle - Rhyme Anima",
        "animeRomaji": "Hypnosis Mic: Division Rap Battle - Rhyme Anima",
        "songName": "Kizuna -SHIBUYA ver.-",
        "artist": "Fling Posse",
        "type": "Ending 3",
        "correctCount": 34,
        "startTime": 52,
        "songDuration": 88.272,
        "songNumber": 76,
        "activePlayerCount": 117,
        "LinkVideo": "https://files.catbox.moe/kvbjb0.webm",
        "LinkMp3": "https://files.catbox.moe/z69bfy.mp3",
        "annId": 22902
    },
    {
        "animeEng": "Tower of God",
        "animeRomaji": "Kami no T\u014d",
        "songName": "TOP -Japanese ver.-",
        "artist": "Stray Kids",
        "type": "Opening 1",
        "correctCount": 73,
        "startTime": 30,
        "songDuration": 87.408,
        "songNumber": 77,
        "activePlayerCount": 117,
        "LinkVideo": "https://files.catbox.moe/v5wu34.webm",
        "LinkMp3": "https://files.catbox.moe/oya4dn.mp3",
        "annId": 23068
    },
    {
        "animeEng": "Digimon Adventure tri. Chapter 3: Confession",
        "animeRomaji": "Digimon Adventure tri. Kokuhaku",
        "songName": "brave heart~tri.Version~",
        "artist": "Ayumi Miyazaki",
        "type": "Insert Song",
        "correctCount": 46,
        "startTime": 67,
        "songDuration": 101.064,
        "songNumber": 78,
        "activePlayerCount": 118,
        "LinkVideo": "https://files.catbox.moe/49mszr.webm",
        "LinkMp3": "https://files.catbox.moe/3p2asm.mp3",
        "annId": 18176
    },
    {
        "animeEng": "Gargantia on the Verdurous Planet",
        "animeRomaji": "Suisei no Gargantia",
        "songName": "Kono Sekai wa Bokura o Matte Ita",
        "artist": "Minori Chihara",
        "type": "Opening 1",
        "correctCount": 43,
        "startTime": 21,
        "songDuration": 88.824,
        "songNumber": 79,
        "activePlayerCount": 117,
        "LinkVideo": "https://files.catbox.moe/mfz04q.webm",
        "LinkMp3": "https://files.catbox.moe/l91u7y.mp3",
        "annId": 14961
    },
    {
        "animeEng": "Revue Starlight",
        "animeRomaji": "Sh\u014djo\u2606Kageki Revue Starlight",
        "songName": "Fly Me to the Star",
        "artist": "Suzuko Mimori",
        "type": "Ending 1",
        "correctCount": 70,
        "startTime": 31,
        "songDuration": 89.448,
        "songNumber": 80,
        "activePlayerCount": 117,
        "LinkVideo": "https://files.catbox.moe/gopnd8.webm",
        "LinkMp3": "https://files.catbox.moe/uq8ans.mp3",
        "annId": 20891
    },
    {
        "animeEng": "Kirby: Right Back At Ya!",
        "animeRomaji": "Hoshi no Kirby",
        "songName": "Kirby\u2605March",
        "artist": "Shanchii",
        "type": "Opening 1",
        "correctCount": 14,
        "startTime": 13,
        "songDuration": 90.408,
        "songNumber": 81,
        "activePlayerCount": 117,
        "LinkVideo": "https://files.catbox.moe/90nf98.webm",
        "LinkMp3": "https://files.catbox.moe/v1dteu.mp3",
        "annId": 1394
    },
    {
        "animeEng": "Tantei Opera Milky Holmes Alternative TWO: Kobayashi Opera to Kokuu no \u014cgarasu",
        "animeRomaji": "Tantei Opera Milky Holmes Alternative TWO: Kobayashi Opera to Kokuu no \u014cgarasu",
        "songName": "Ameagari no Mirai -Alternative Mix-",
        "artist": "Milky Holmes",
        "type": "Opening 1",
        "correctCount": 25,
        "startTime": 5,
        "songDuration": 42.944568,
        "songNumber": 82,
        "activePlayerCount": 117,
        "LinkVideo": "https://files.catbox.moe/d00ljp.webm",
        "LinkMp3": "https://files.catbox.moe/5eygdy.mp3",
        "annId": 14909
    },
    {
        "animeEng": "A3! Season Spring & Summer",
        "animeRomaji": "A3! Season Spring & Summer",
        "songName": "Act! Addict! Actors!",
        "artist": "A3ders!",
        "type": "Opening 1",
        "correctCount": 32,
        "startTime": 24,
        "songDuration": 88.176,
        "songNumber": 83,
        "activePlayerCount": 117,
        "LinkVideo": "https://files.catbox.moe/6e8nbu.webm",
        "LinkMp3": "https://files.catbox.moe/nc3kuf.mp3",
        "annId": 22440
    },
    {
        "animeEng": "Convenience Store Boy Friends",
        "animeRomaji": "Konbini Kareshi",
        "songName": "Milestone",
        "artist": "ORANGE POST REASON",
        "type": "Ending 1",
        "correctCount": 8,
        "startTime": 28,
        "songDuration": 86.496,
        "songNumber": 84,
        "activePlayerCount": 117,
        "LinkVideo": "https://files.catbox.moe/wbvdn1.webm",
        "LinkMp3": "https://files.catbox.moe/plx7vk.mp3",
        "annId": 19475
    },
    {
        "animeEng": "Let's Make a Mug Too",
        "animeRomaji": "Yakunara Mug Cup mo",
        "songName": "Tobira o Aketara",
        "artist": "MUG-MO",
        "type": "Opening 1",
        "correctCount": 33,
        "startTime": 57,
        "songDuration": 88.56,
        "songNumber": 85,
        "activePlayerCount": 116,
        "LinkVideo": "https://files.catbox.moe/q6yrdg.webm",
        "LinkMp3": "https://files.catbox.moe/4zut3s.mp3",
        "annId": 23544
    }
]