[
    {
        "animeEng": "Beyond the Boundary",
        "animeRomaji": "Ky\u014dkai no Kanata",
        "songName": "Yakusoku no Kizuna",
        "artist": "Risa Taneda, Minori Chihara, Yuri Yamaoka",
        "type": "Insert Song",
        "correctCount": 7,
        "startTime": 117,
        "songDuration": 171.017,
        "songNumber": 1,
        "activePlayerCount": 163,
        "LinkVideo": "https://openings.moe/video/KyoukaiNoKanata-IN01-NCOLD.webm",
        "LinkMp3": "",
        "annId": 15546
    },
    {
        "animeEng": "Food Wars! The Second Plate",
        "animeRomaji": "Shokugeki no S\u014dma: Ni no Sara",
        "songName": "Snow Drop",
        "artist": "nano.RIPE",
        "type": "Ending 1",
        "correctCount": 13,
        "songDuration": null,
        "songNumber": 2,
        "activePlayerCount": 164,
        "LinkVideo": "https://openings.moe/video/ShokugekiNoSouma%EF%BC%9ANiNoSara-ED01a-NCBD.webm",
        "LinkMp3": "",
        "annId": 18112
    },
    {
        "animeEng": "Ninja Robots",
        "animeRomaji": "Ninja Senshi Tobikage",
        "songName": "Love Survivor",
        "artist": "Hitsuto Boy",
        "type": "Opening 1",
        "correctCount": 0,
        "startTime": 40,
        "songDuration": 97.854,
        "songNumber": 3,
        "activePlayerCount": 159,
        "LinkVideo": "https://openings.moe/video/NinjaSenshiTobikage-OP01-CBD.webm",
        "LinkMp3": "",
        "annId": 1883
    },
    {
        "animeEng": "Dragonar Academy",
        "animeRomaji": "Seikoku no Dragonar",
        "songName": "MOST Ij\u014d no 'MOSTEST'",
        "artist": "Mariya Ise & Ayane Sakura & Marina Inoue",
        "type": "Ending 1",
        "correctCount": 0,
        "startTime": 50,
        "songDuration": null,
        "songNumber": 4,
        "activePlayerCount": 155,
        "LinkVideo": "https://openings.moe/video/SeikokuNoDragonar-ED01-NCBD.webm",
        "LinkMp3": "",
        "annId": 15707
    },
    {
        "animeEng": "Survival Game Club!",
        "animeRomaji": "Sabagebu!",
        "songName": "Pitty-Patty Survivored",
        "artist": "Gesukawa\u2606Girls",
        "type": "Ending 1",
        "correctCount": 0,
        "startTime": 40,
        "songDuration": null,
        "songNumber": 5,
        "activePlayerCount": 149,
        "LinkVideo": "https://openings.moe/video/Sabagebu!-ED01-NCBD.webm",
        "LinkMp3": "",
        "annId": 15600
    },
    {
        "animeEng": "The Melancholy of Haruhi Suzumiya",
        "animeRomaji": "Suzumiya Haruhi no Yuuutsu",
        "songName": "Hare Hare Yukai",
        "artist": "Aya Hirano, Minori Chihara, Yuko Goto",
        "type": "Ending 1",
        "correctCount": 12,
        "startTime": 15,
        "songDuration": 64.279,
        "songNumber": 6,
        "activePlayerCount": 152,
        "LinkVideo": "https://openings.moe/video/SuzumiyaHaruhiNoYuuutsu-ED01BD-NCBD.webm",
        "LinkMp3": "",
        "annId": 6430
    },
    {
        "animeEng": "JoJo's Bizarre Adventure: Stardust Crusaders",
        "animeRomaji": "JoJo no Kimy\u014d na B\u014dken: Stardust Crusaders",
        "songName": "JoJo Sono Chi no Kioku ~end of THE WORLD~",
        "artist": "JO\u2606STARS~TOMMY, Coda, JIN~",
        "type": "Opening 1",
        "correctCount": 12,
        "startTime": 38,
        "songDuration": null,
        "songNumber": 7,
        "activePlayerCount": 150,
        "LinkVideo": "https://openings.moe/video/JoJoNoKimyouNaBouken%EF%BC%9AStardustCrusaders-BattleInEgypt-OP01a-NCBD.webm",
        "LinkMp3": "",
        "annId": 16303
    },
    {
        "animeEng": "Eureka Seven",
        "animeRomaji": "K\u014dky\u014dshihen Eureka Seven",
        "songName": "Shounen Heart",
        "artist": "HOME MADE Kazoku",
        "type": "Opening 2",
        "correctCount": 6,
        "startTime": 15,
        "songDuration": null,
        "songNumber": 8,
        "activePlayerCount": 147,
        "LinkVideo": "https://openings.moe/video/EurekaSeven-OP02-NCBD.webm",
        "LinkMp3": "",
        "annId": 4797
    },
    {
        "animeEng": "Horizon in the Middle of Nowhere II",
        "animeRomaji": "Ky\u014dkaisenj\u014d no Horizon II",
        "songName": "ZONE//ALONE",
        "artist": "Minori Chihara",
        "type": "Opening 1",
        "correctCount": 1,
        "startTime": 13,
        "songDuration": null,
        "songNumber": 9,
        "activePlayerCount": 140,
        "LinkVideo": "https://openings.moe/video/KyoukaiSenjouNoHorizonII-OP01-NCOLD.webm",
        "LinkMp3": "",
        "annId": 14205,
        "correctPlayers": [
            "blissfulyoshi"
        ]
    },
    {
        "animeEng": "Waiting in the Summer",
        "animeRomaji": "Ano Natsu de Matteru",
        "songName": "point at infinity",
        "artist": "Nagi Yanagi",
        "type": "Ending 1",
        "correctCount": 4,
        "startTime": 11,
        "songDuration": 89.578,
        "songNumber": 10,
        "activePlayerCount": 141,
        "LinkVideo": "https://openings.moe/video/AnoNatsuDeMatteruSpecial-ED01-NCBD.webm",
        "LinkMp3": "",
        "annId": 16334,
        "correctPlayers": [
            "SpearMKW",
            "Szafa",
            "dlsite",
            "Kazso"
        ]
    },
    {
        "animeEng": "Zan Sayonara Zetsub\u014d Sensei",
        "animeRomaji": "Zan Sayonara Zetsub\u014d Sensei",
        "songName": "Private Lesson",
        "artist": "Yu Kobayashi",
        "type": "Insert Song",
        "correctCount": 2,
        "startTime": 29,
        "songDuration": 89.988,
        "songNumber": 11,
        "activePlayerCount": 139,
        "LinkVideo": "https://openings.moe/video/ZanSayonaraZetsubouSensei-ED03-NCBD.webm",
        "LinkMp3": "",
        "annId": 10805,
        "correctPlayers": [
            "DKing20",
            "Lkyda"
        ]
    },
    {
        "animeEng": "Hy\u014dka",
        "animeRomaji": "Hy\u014dka",
        "songName": "Kimi ni Matsuwaru Mystery",
        "artist": "Satomi Satou & Ai Kayano",
        "type": "Ending 2",
        "correctCount": 0,
        "startTime": 11,
        "songDuration": null,
        "songNumber": 12,
        "activePlayerCount": 140,
        "LinkVideo": "https://openings.moe/video/Hyouka-ED02-NCBD.webm",
        "LinkMp3": "",
        "annId": 13817
    },
    {
        "animeEng": "Ajin: Demi-Human",
        "animeRomaji": "Ajin",
        "songName": "HOW CLOSE YOU ARE",
        "artist": "Mamoru Miyano",
        "type": "Ending 1",
        "correctCount": 3,
        "startTime": 29,
        "songDuration": null,
        "songNumber": 13,
        "activePlayerCount": 140,
        "LinkVideo": "https://openings.moe/video/Ajin-ED01-NCBD.webm",
        "LinkMp3": "",
        "annId": 19017,
        "correctPlayers": [
            "Handre",
            "Rejax",
            "Kazso"
        ]
    },
    {
        "animeEng": "Drifters",
        "animeRomaji": "Drifters",
        "songName": "VERMILLION",
        "artist": "Maon Kurosaki",
        "type": "Ending 1",
        "correctCount": 2,
        "startTime": 50,
        "songDuration": null,
        "songNumber": 14,
        "activePlayerCount": 140,
        "LinkVideo": "https://openings.moe/video/Drifters-ED01-NCOLD.webm",
        "LinkMp3": "",
        "annId": 18181,
        "correctPlayers": [
            "Rejax",
            "AoiKiriya"
        ]
    },
    {
        "animeEng": "Unbreakable Machine-Doll",
        "animeRomaji": "Kik\u014d Sh\u014djo wa Kizutsukanai",
        "songName": "Maware! Setsugetsuka",
        "artist": "Uta-gumi Setsugetsuka",
        "type": "Ending 1",
        "correctCount": 3,
        "startTime": 28,
        "songDuration": null,
        "songNumber": 15,
        "activePlayerCount": 136,
        "LinkVideo": "https://openings.moe/video/Machine-DollWaKizutsukanai-ED01a-NCBD.webm",
        "LinkMp3": "",
        "annId": 15107,
        "correctPlayers": [
            "loriogoulevent",
            "HakRaiju",
            "Thalego"
        ]
    },
    {
        "animeEng": "Spice and Wolf II",
        "animeRomaji": "\u014ckami to K\u014dshinry\u014d II",
        "songName": "Perfect World",
        "artist": "ROCKY CHACK",
        "type": "Ending 1",
        "correctCount": 8,
        "startTime": 15,
        "songDuration": 91.014,
        "songNumber": 16,
        "activePlayerCount": 129,
        "LinkVideo": "https://openings.moe/video/OokamiToKoushinryouII-ED01-NCBD.webm",
        "LinkMp3": "",
        "annId": 10269
    },
    {
        "animeEng": "This Ugly Yet Beautiful World",
        "animeRomaji": "Kono Minikuku mo Utsukushii Sekai",
        "songName": "metamorphose",
        "artist": "Yoko Takahashi",
        "type": "Opening 1",
        "correctCount": 5,
        "startTime": 1,
        "songDuration": 90.013,
        "songNumber": 17,
        "activePlayerCount": 135,
        "LinkVideo": "https://openings.moe/video/KonoMinikukuMoUtsukushiiSekai-OP01-NCBD.webm",
        "LinkMp3": "",
        "annId": 2836,
        "correctPlayers": [
            "Neutral",
            "Deafness",
            "NijinoYume721",
            "MyAngelAmakiSari",
            "Zurer"
        ]
    },
    {
        "animeEng": "Macross Delta",
        "animeRomaji": "Macross \u0394",
        "songName": "Rune ga Pikatto Hikattara",
        "artist": "Walk\u00fcre",
        "type": "Ending 2",
        "correctCount": 17,
        "startTime": 12,
        "songDuration": 90.26,
        "songNumber": 18,
        "activePlayerCount": 134,
        "LinkVideo": "https://openings.moe/video/Macross%CE%94-ED02-NCOLD.webm",
        "LinkMp3": "",
        "annId": 17762
    },
    {
        "animeEng": "D-Frag!",
        "animeRomaji": "D-Frag!",
        "songName": "Minna no Namae o Irete Kudasai",
        "artist": "Kana Hanazawa, Shizuka Itou, Aki Toyosaki",
        "type": "Ending 1",
        "correctCount": 5,
        "startTime": 26,
        "songDuration": 89.973,
        "songNumber": 19,
        "activePlayerCount": 134,
        "LinkVideo": "https://openings.moe/video/D-Frag%21-ED01a-NCBD.webm",
        "LinkMp3": "",
        "annId": 15705,
        "correctPlayers": [
            "Handre",
            "Sulivane",
            "dlsite",
            "Premieressai",
            "AoiKiriya"
        ]
    },
    {
        "animeEng": "Muromi-san",
        "animeRomaji": "Namiuchigiwa no Muromi-san",
        "songName": "Nanatsu no Umi yori Kimi no Umi",
        "artist": "Sumire Uesaka",
        "type": "Opening 1",
        "correctCount": 10,
        "startTime": 13,
        "songDuration": 90.513,
        "songNumber": 20,
        "activePlayerCount": 137,
        "LinkVideo": "https://openings.moe/video/NamiuchigiwaNoMuromi-San-OP01-NCBD.webm",
        "LinkMp3": "",
        "annId": 14999
    },
    {
        "animeEng": "Anne-Happy",
        "animeRomaji": "Anne-Happy",
        "songName": "PUNCH\u2606MIND\u2606HAPPINESS",
        "artist": "Happy Clover",
        "type": "Opening 1",
        "correctCount": 8,
        "startTime": 42,
        "songDuration": 89.846,
        "songNumber": 21,
        "activePlayerCount": 135,
        "LinkVideo": "https://openings.moe/video/AnneHappy-OP01-NCBD.webm",
        "LinkMp3": "",
        "annId": 17372
    },
    {
        "animeEng": "KONOSUBA: God\u2019s Blessing on This Wonderful World!",
        "animeRomaji": "Kono Subarashii Sekai ni Shukufuku o!",
        "songName": "Chiisana B\u014dkensha",
        "artist": "Sora Amamiya & Rie Takahashi & Ai Kayano",
        "type": "Ending 1",
        "correctCount": 12,
        "startTime": 13,
        "songDuration": null,
        "songNumber": 22,
        "activePlayerCount": 134,
        "LinkVideo": "https://openings.moe/video/KonoSubarashiiSekaiNiShukufukuO!-ED01-NCBD.webm",
        "LinkMp3": "",
        "annId": 17123
    },
    {
        "animeEng": "Seiyu's Life!",
        "animeRomaji": "Sore ga Seiyuu!",
        "songName": "Sore ga Seiyuu!",
        "artist": "Earphones",
        "type": "Opening 1",
        "correctCount": 4,
        "startTime": 42,
        "songDuration": null,
        "songNumber": 23,
        "activePlayerCount": 132,
        "LinkVideo": "https://openings.moe/video/SoreGaSeiyuu!-OP01-NCBD.webm",
        "LinkMp3": "",
        "annId": 16718,
        "correctPlayers": [
            "nozomemee",
            "Kryuell",
            "KawaiiTendou",
            "Huntson"
        ]
    },
    {
        "animeEng": "Gangsta.",
        "animeRomaji": "Gangsta.",
        "songName": "with You",
        "artist": "Mamiko Noto",
        "type": "Insert Song",
        "correctCount": 11,
        "startTime": 53,
        "songDuration": 250.423,
        "songNumber": 24,
        "activePlayerCount": 134,
        "LinkVideo": "https://openings.moe/video/GANGSTA%EF%BC%8E-IN01-NCBD.webm",
        "LinkMp3": "",
        "annId": 16623
    },
    {
        "animeEng": "Yona of the Dawn",
        "animeRomaji": "Akatsuki no Yona",
        "songName": "Akatsuki no Hana",
        "artist": "Cyntia",
        "type": "Opening 2",
        "correctCount": 2,
        "startTime": 8,
        "songDuration": null,
        "songNumber": 25,
        "activePlayerCount": 132,
        "LinkVideo": "https://openings.moe/video/AkatsukiNoYona-OP02-NCBD.webm",
        "LinkMp3": "",
        "annId": 16154,
        "correctPlayers": [
            "Neutral",
            "Anaruwaifu"
        ]
    },
    {
        "animeEng": "Monthly Girls' Nozaki-kun",
        "animeRomaji": "Gekkan Sh\u014djo Nozaki-kun",
        "songName": "Uraomote Fortune",
        "artist": "Ari Ozawa",
        "type": "Ending 1",
        "correctCount": 36,
        "startTime": 31,
        "songDuration": 90.017,
        "songNumber": 26,
        "activePlayerCount": 132,
        "LinkVideo": "https://openings.moe/video/GekkanShoujoNozaki-Kun-ED01-NCOLD.webm",
        "LinkMp3": "",
        "annId": 16036
    },
    {
        "animeEng": "Sound of the Sky",
        "animeRomaji": "So Ra No Wo To",
        "songName": "Hikari no Senritsu",
        "artist": "Kalafina",
        "type": "Opening 1",
        "correctCount": 1,
        "startTime": 30,
        "songDuration": null,
        "songNumber": 27,
        "activePlayerCount": 131,
        "LinkVideo": "https://openings.moe/video/SoraNoWoto-OP01-NCOLD.webm",
        "LinkMp3": "",
        "annId": 11023,
        "correctPlayers": [
            "Anaruwaifu"
        ]
    },
    {
        "animeEng": "Riddle Story of Devil",
        "animeRomaji": "Akuma no Riddle",
        "songName": "S\u014dsh\u014d Innocence",
        "artist": "Maaya Uchida",
        "type": "Opening 1",
        "correctCount": 18,
        "startTime": 31,
        "songDuration": null,
        "songNumber": 28,
        "activePlayerCount": 131,
        "LinkVideo": "https://openings.moe/video/AkumaNoRiddle-OP01a-NCBD.webm",
        "LinkMp3": "",
        "annId": 15767
    },
    {
        "animeEng": "When They Cry Extra: Cat Killing Chapter",
        "animeRomaji": "Higurashi no Naku Koro ni Gaiden Nekogoroshi-hen",
        "songName": "why, or why not",
        "artist": "Rekka Katakiri",
        "type": "Ending 1",
        "correctCount": 28,
        "startTime": 61,
        "songDuration": 113.987,
        "songNumber": 29,
        "activePlayerCount": 130,
        "LinkVideo": "https://openings.moe/video/HigurashiNoNakuKoroNi-ED01-NCBD.webm",
        "LinkMp3": "",
        "annId": 8766
    },
    {
        "animeEng": "Fullmetal Alchemist",
        "animeRomaji": "Hagane no Renkinjutsushi",
        "songName": "Rewrite",
        "artist": "ASIAN KUNG-FU GENERATION",
        "type": "Opening 4",
        "correctCount": 9,
        "startTime": 61,
        "songDuration": null,
        "songNumber": 30,
        "activePlayerCount": 130,
        "LinkVideo": "https://openings.moe/video/FullmetalAlchemist-OP04-NCBD.webm",
        "LinkMp3": "",
        "annId": 2960
    },
    {
        "animeEng": "Eden of the East",
        "animeRomaji": "Higashi no Eden",
        "songName": "Falling Down",
        "artist": "Oasis",
        "type": "Opening 1",
        "correctCount": 4,
        "startTime": 61,
        "songDuration": null,
        "songNumber": 31,
        "activePlayerCount": 130,
        "LinkVideo": "https://openings.moe/video/HigashiNoEden-OP01-NCBD.webm",
        "LinkMp3": "",
        "annId": 10474,
        "correctPlayers": [
            "Neutral",
            "darksunset",
            "Kazso",
            "Anaruwaifu"
        ]
    },
    {
        "animeEng": "Fate/kaleid liner Prisma\u2606Illya",
        "animeRomaji": "Fate/kaleid liner Prisma\u2606Illya",
        "songName": "starlog",
        "artist": "ChouCho",
        "type": "Opening 1",
        "correctCount": 7,
        "startTime": 30,
        "songDuration": null,
        "songNumber": 32,
        "activePlayerCount": 129,
        "LinkVideo": "https://openings.moe/video/Fate%EF%BC%8FKaleidLinerPrismaIllya-OP01-NCBD.webm",
        "LinkMp3": "",
        "annId": 15635
    },
    {
        "animeEng": "Mysterious Girlfriend X",
        "animeRomaji": "Nazo no Kanojo X",
        "songName": "Koi no Orchestra",
        "artist": "Ayako Yoshitani",
        "type": "Opening 1",
        "correctCount": 12,
        "startTime": 12,
        "songDuration": 89.36,
        "songNumber": 33,
        "activePlayerCount": 129,
        "LinkVideo": "https://openings.moe/video/NazoNoKanojoX-OP01-NCBD.webm",
        "LinkMp3": "",
        "annId": 14430
    },
    {
        "animeEng": "Love Live! School Idol Project",
        "animeRomaji": "Love Live! School Idol Project",
        "songName": "Donna Toki mo Zutto",
        "artist": "Sora Tokui",
        "type": "Ending 3",
        "correctCount": 40,
        "startTime": 43,
        "songDuration": 91.336,
        "songNumber": 34,
        "activePlayerCount": 125,
        "LinkVideo": "https://openings.moe/video/LoveLive%21S2-ED01c-NCBD.webm",
        "LinkMp3": "",
        "annId": 15812
    },
    {
        "animeEng": "Gintama\u00b0",
        "animeRomaji": "Gintama\u00b0",
        "songName": "DAYxDAY",
        "artist": "BLUE ENCOUNT",
        "type": "Opening 1",
        "correctCount": 2,
        "startTime": 12,
        "songDuration": null,
        "songNumber": 35,
        "activePlayerCount": 122,
        "LinkVideo": "https://openings.moe/video/Gintama%C2%B0-OP01-NCOLD.webm",
        "LinkMp3": "",
        "annId": 16644,
        "correctPlayers": [
            "Hiitagi",
            "Anaruwaifu"
        ]
    },
    {
        "animeEng": "Mobile Suit Gundam Wing",
        "animeRomaji": "Shin Kid\u014d Senki Gundam Wing",
        "songName": "JUST COMMUNICATION",
        "artist": "TWO-MIX",
        "type": "Opening 1",
        "correctCount": 6,
        "startTime": 36,
        "songDuration": 80.031,
        "songNumber": 36,
        "activePlayerCount": 121,
        "LinkVideo": "https://openings.moe/video/MobileSuitGundamWing-OP01b-NCBD.webm",
        "LinkMp3": "",
        "annId": 26
    },
    {
        "animeEng": "Blood Blockade Battlefront & Beyond",
        "animeRomaji": "Kekkai Sensen & Beyond",
        "songName": "fake town baby",
        "artist": "UNISON SQUARE GARDEN",
        "type": "Opening 1",
        "correctCount": 28,
        "startTime": 30,
        "songDuration": null,
        "songNumber": 37,
        "activePlayerCount": 120,
        "LinkVideo": "https://openings.moe/video/KekkaiSensen%26Beyond-OP01-NCBD.webm",
        "LinkMp3": "",
        "annId": 18900
    },
    {
        "animeEng": "Bodacious Space Pirates",
        "animeRomaji": "M\u014dretsu Pirates",
        "songName": "M\u014dretsu Uchuu K\u014dky\u014dkyoku\u30fbDainana Gakush\u014d 'Mugen no Ai'",
        "artist": "Momoiro Clover Z",
        "type": "Opening 1",
        "correctCount": 20,
        "startTime": 36,
        "songDuration": null,
        "songNumber": 38,
        "activePlayerCount": 119,
        "LinkVideo": "https://openings.moe/video/MouretsuPirates-OP01a-NCBD.webm",
        "LinkMp3": "",
        "annId": 11399
    },
    {
        "animeEng": "Love Live! School Idol Project",
        "animeRomaji": "Love Live! School Idol Project",
        "songName": "Donna Toki mo Zutto",
        "artist": "Riho Iida",
        "type": "Ending 4",
        "correctCount": 27,
        "startTime": 55,
        "songDuration": 91.336,
        "songNumber": 39,
        "activePlayerCount": 118,
        "LinkVideo": "https://openings.moe/video/LoveLive%21S2-ED01d-NCBD.webm",
        "LinkMp3": "",
        "annId": 15812
    },
    {
        "animeEng": "Basilisk: The K\u014dga Ninja Scrolls",
        "animeRomaji": "Basilisk",
        "songName": "K\u014dga Ninp\u014dch\u014d",
        "artist": "Onmy\u014d-Za",
        "type": "Opening 1",
        "correctCount": 18,
        "startTime": 24,
        "songDuration": 90.098,
        "songNumber": 40,
        "activePlayerCount": 118,
        "LinkVideo": "https://openings.moe/video/Basilisk%EF%BC%9AKougaNinpouchou-OP01-NCBD.webm",
        "LinkMp3": "",
        "annId": 4318
    },
    {
        "animeEng": "Ping Pong The Animation",
        "animeRomaji": "Ping Pong The Animation",
        "songName": "Tada Hitori",
        "artist": "Bakudan Johnny",
        "type": "Opening 1",
        "correctCount": 13,
        "startTime": 55,
        "songDuration": null,
        "songNumber": 41,
        "activePlayerCount": 117,
        "LinkVideo": "https://openings.moe/video/PingPongTheAnimation-OP01-NCBD.webm",
        "LinkMp3": "",
        "annId": 15852
    },
    {
        "animeEng": "Toradora!",
        "animeRomaji": "Toradora!",
        "songName": "Orange",
        "artist": "Rie Kugimiya, Yui Horie, Eri Kitamura",
        "type": "Ending 2",
        "correctCount": 33,
        "startTime": 37,
        "songDuration": 103.74,
        "songNumber": 42,
        "activePlayerCount": 118,
        "LinkVideo": "https://openings.moe/video/Toradora%21-ED02a-NCBD.webm",
        "LinkMp3": "",
        "annId": 10050
    },
    {
        "animeEng": "A Certain Scientific Railgun S",
        "animeRomaji": "Toaru Kagaku no Railgun S",
        "songName": "eternal reality",
        "artist": "fripSide",
        "type": "Opening 2",
        "correctCount": 8,
        "startTime": 45,
        "songDuration": null,
        "songNumber": 43,
        "activePlayerCount": 116,
        "LinkVideo": "https://openings.moe/video/ToaruKagakuNoRailgunS-OP02-NCBD.webm",
        "LinkMp3": "",
        "annId": 14853
    },
    {
        "animeEng": "5 Centimeters Per Second",
        "animeRomaji": "By\u014dsoku 5 Centimeter - a chain of short stories about their distance",
        "songName": "One more time, One more chance",
        "artist": "Masayoshi Yamazaki",
        "type": "Insert Song",
        "correctCount": 24,
        "startTime": 37,
        "songDuration": null,
        "songNumber": 44,
        "activePlayerCount": 116,
        "LinkVideo": "https://openings.moe/video/Byousoku5Centimeter-ED01-NCBD.webm",
        "LinkMp3": "",
        "annId": 6696
    },
    {
        "animeEng": "Dragonar Academy",
        "animeRomaji": "Seikoku no Dragonar",
        "songName": "Seiken Nante Iranai",
        "artist": "Yui Sakakibara",
        "type": "Opening 1",
        "correctCount": 4,
        "startTime": 55,
        "songDuration": null,
        "songNumber": 45,
        "activePlayerCount": 117,
        "LinkVideo": "https://openings.moe/video/SeikokuNoDragonar-OP01a-NCBD.webm",
        "LinkMp3": "",
        "annId": 15707,
        "correctPlayers": [
            "loriogoulevent",
            "AoiKiriya",
            "Anaruwaifu",
            "KFCsogood"
        ]
    },
    {
        "animeEng": "JoJo's Bizarre Adventure",
        "animeRomaji": "JoJo no Kimy\u014d na B\u014dken",
        "songName": "ROUNDABOUT",
        "artist": "YES",
        "type": "Ending 1",
        "correctCount": 18,
        "startTime": 152,
        "songDuration": null,
        "songNumber": 46,
        "activePlayerCount": 117,
        "LinkVideo": "https://openings.moe/video/JoJoNoKimyouNaBouken-ED01a-NCBD.webm",
        "LinkMp3": "",
        "annId": 14445
    },
    {
        "animeEng": "Genshiken",
        "animeRomaji": "Genshiken",
        "songName": "Biidama",
        "artist": "Saori Atsumi",
        "type": "Ending 1",
        "correctCount": 1,
        "startTime": 47,
        "songDuration": null,
        "songNumber": 47,
        "activePlayerCount": 117,
        "LinkVideo": "https://openings.moe/video/GenshikenOVA-ED01a-NCBD.webm",
        "LinkMp3": "",
        "annId": 6909,
        "correctPlayers": [
            "zomg"
        ]
    },
    {
        "animeEng": "Ro-Kyu-Bu!",
        "animeRomaji": "Ro-Kyu-Bu!",
        "songName": "SHOOT!",
        "artist": "RO-KYU-BU!",
        "type": "Opening 1",
        "correctCount": 27,
        "startTime": 3,
        "songDuration": 89.846,
        "songNumber": 48,
        "activePlayerCount": 117,
        "LinkVideo": "https://openings.moe/video/Ro-Kyu-Bu%21-OP01-NCBD.webm",
        "LinkMp3": "",
        "annId": 12864
    },
    {
        "animeEng": "Wedding Peach",
        "animeRomaji": "Ai Tenshi Densetsu Wedding Peach",
        "songName": "Wedding Wars -Ai wa Hon\u014d-",
        "artist": "Erina Nakajima",
        "type": "Opening 2",
        "correctCount": 4,
        "startTime": 14,
        "songDuration": 90.013,
        "songNumber": 49,
        "activePlayerCount": 118,
        "LinkVideo": "",
        "LinkMp3": "",
        "annId": 1066,
        "correctPlayers": [
            "nozomemee",
            "wassirac",
            "AoiKiriya",
            "KFCsogood"
        ]
    },
    {
        "animeEng": "Outlaw Star",
        "animeRomaji": "Seih\u014d Buky\u014d Outlaw Star",
        "songName": "Through the Night",
        "artist": "Masahiko Arimachi",
        "type": "Opening 1",
        "correctCount": 4,
        "startTime": 3,
        "songDuration": null,
        "songNumber": 50,
        "activePlayerCount": 117,
        "LinkVideo": "https://openings.moe/video/SeihouBukyouOutlawStar-OP01a-NCBD.webm",
        "LinkMp3": "",
        "annId": 423,
        "correctPlayers": [
            "Deafness",
            "Kazso",
            "KFCsogood",
            "Nippah"
        ]
    },
    {
        "animeEng": "Gintama'",
        "animeRomaji": "Gintama'",
        "songName": "Balance Doll",
        "artist": "Prague",
        "type": "Ending 2",
        "correctCount": 5,
        "startTime": 4,
        "songDuration": 90.555,
        "songNumber": 51,
        "activePlayerCount": 118,
        "LinkVideo": "https://openings.moe/video/Gintama`-ED02-NCOLD.webm",
        "LinkMp3": "",
        "annId": 12835,
        "correctPlayers": [
            "Carmanher",
            "Huntson",
            "Kazso",
            "AoiKiriya",
            "connard"
        ]
    },
    {
        "animeEng": "Inu X Boku Secret Service",
        "animeRomaji": "Inu X Boku Secret Service",
        "songName": "Nirvana",
        "artist": "MUCC",
        "type": "Opening 1",
        "correctCount": 10,
        "startTime": 50,
        "songDuration": 93.016,
        "songNumber": 52,
        "activePlayerCount": 115,
        "LinkVideo": "https://openings.moe/video/InuXBokuSS-OP01-NCBD.webm",
        "LinkMp3": "",
        "annId": 13250
    },
    {
        "animeEng": "The IDOLM@STER Cinderella Girls",
        "animeRomaji": "The IDOLM@STER Cinderella Girls",
        "songName": "Yume-iro Harmony",
        "artist": "CINDERELLA PROJECT",
        "type": "Ending 1",
        "correctCount": 3,
        "startTime": 9,
        "songDuration": 103.234,
        "songNumber": 53,
        "activePlayerCount": 114,
        "LinkVideo": "https://openings.moe/video/THEIDOLM@STER%EF%BC%9ACinderellaGirls-ED12-NCBD.webm",
        "LinkMp3": "",
        "annId": 16946,
        "correctPlayers": [
            "zomg",
            "Carmanher",
            "AoiKiriya"
        ]
    },
    {
        "animeEng": "A Certain Magical Index",
        "animeRomaji": "Toaru Majutsu no Index",
        "songName": "PSI-missing",
        "artist": "Mami Kawada",
        "type": "Opening 1",
        "correctCount": 34,
        "startTime": 50,
        "songDuration": null,
        "songNumber": 54,
        "activePlayerCount": 114,
        "LinkVideo": "https://openings.moe/video/ToaruMajutsuNoIndex-OP01-NCOLD.webm",
        "LinkMp3": "",
        "annId": 10044
    },
    {
        "animeEng": "Hayate the Combat Butler! Cuties",
        "animeRomaji": "Hayate no Gotoku! Cuties",
        "songName": "Manmaru Kakurenbo",
        "artist": "Miyu Matsuki",
        "type": "Ending 4",
        "correctCount": 2,
        "startTime": 40,
        "songDuration": 89.971,
        "songNumber": 55,
        "activePlayerCount": 111,
        "LinkVideo": "https://openings.moe/video/HayateNoGotoku!Cuties-ED04-NCBD.webm",
        "LinkMp3": "",
        "annId": 15186,
        "correctPlayers": [
            "Rejax",
            "KFCsogood"
        ]
    },
    {
        "animeEng": "ERASED",
        "animeRomaji": "Boku dake ga Inai Machi",
        "songName": "Re:Re:",
        "artist": "ASIAN KUNG-FU GENERATION",
        "type": "Opening 1",
        "correctCount": 25,
        "startTime": 45,
        "songDuration": 90.055,
        "songNumber": 56,
        "activePlayerCount": 112,
        "LinkVideo": "https://openings.moe/video/BokuDakeGaInaiMachi(ERASED)-OP01a-NCBD.webm",
        "LinkMp3": "",
        "annId": 17217
    },
    {
        "animeEng": "Kamisama Kiss 2",
        "animeRomaji": "Kamisama Hajimemashita\u25ce",
        "songName": "Ototoi Oide",
        "artist": "Hanae",
        "type": "Ending 1",
        "correctCount": 5,
        "startTime": 64,
        "songDuration": 108.778,
        "songNumber": 57,
        "activePlayerCount": 112,
        "LinkVideo": "https://openings.moe/video/KamisamaHajimemashita%E2%97%8E-ED01-NCBD.webm",
        "LinkMp3": "",
        "annId": 16255,
        "correctPlayers": [
            "likejaxirl",
            "Padre_Jesus",
            "aryagamis",
            "KFCsogood",
            "connard"
        ]
    },
    {
        "animeEng": "Hanasaku Iroha: Blossoms for Tomorrow",
        "animeRomaji": "Hanasaku Iroha",
        "songName": "Omokage Warp",
        "artist": "nano.RIPE",
        "type": "Opening 2",
        "correctCount": 8,
        "startTime": 58,
        "songDuration": 91.139,
        "songNumber": 58,
        "activePlayerCount": 111,
        "LinkVideo": "https://openings.moe/video/HanasakuIroha-OP02-NCOLD.webm",
        "LinkMp3": "",
        "annId": 11795
    },
    {
        "animeEng": "The Rolling Girls",
        "animeRomaji": "Rolling\u2606Girls",
        "songName": "Hito ni Yasashiku",
        "artist": "THE ROLLING GIRLS",
        "type": "Opening 1",
        "correctCount": 28,
        "startTime": 45,
        "songDuration": 89.038,
        "songNumber": 59,
        "activePlayerCount": 111,
        "LinkVideo": "https://openings.moe/video/TheRollingGirls-OP01-NCBD.webm",
        "LinkMp3": "",
        "annId": 16251
    },
    {
        "animeEng": "Blood Blockade Battlefront",
        "animeRomaji": "Kekkai Sensen",
        "songName": "Hello, world!",
        "artist": "BUMP OF CHICKEN",
        "type": "Opening 1",
        "correctCount": 47,
        "startTime": 44,
        "songDuration": 90.048,
        "songNumber": 60,
        "activePlayerCount": 110,
        "LinkVideo": "https://openings.moe/video/KekkaiSensen-OP01-NCBD.webm",
        "LinkMp3": "",
        "annId": 16340
    },
    {
        "animeEng": "Aldnoah.Zero",
        "animeRomaji": "Aldnoah.Zero",
        "songName": "Harmonious",
        "artist": "Sora Amamiya",
        "type": "Ending 3",
        "correctCount": 28,
        "startTime": 56,
        "songDuration": 89.929,
        "songNumber": 61,
        "activePlayerCount": 111,
        "LinkVideo": "https://openings.moe/video/Aldnoah%EF%BC%8EZero2ndSeason-ED02-NCBD.webm",
        "LinkMp3": "",
        "annId": 16305
    },
    {
        "animeEng": "Lupin the Third: The Woman Called Fujiko Mine",
        "animeRomaji": "Lupin the Third: Mine Fujiko to Iu Onna",
        "songName": "New Wuthering Heights",
        "artist": "Naruyoshi Kikuchi y Pepe Tormento Azcarar feat. Ichiko Hashimoto",
        "type": "Opening 1",
        "correctCount": 19,
        "startTime": 44,
        "songDuration": null,
        "songNumber": 62,
        "activePlayerCount": 113,
        "LinkVideo": "https://openings.moe/video/LupinSansei%EF%BC%9AMineFujikoToIuOnna-OP01-NCBD.webm",
        "LinkMp3": "",
        "annId": 14135
    },
    {
        "animeEng": "I've Had Enough of Being a Magical Girl.",
        "animeRomaji": "Mah\u014d Sh\u014djo Nante m\u014d ii desu kara.",
        "songName": "Yume-iro Toridori Parade\u266b",
        "artist": "Earth Star Dream",
        "type": "Opening 1",
        "correctCount": 19,
        "startTime": 0,
        "songDuration": 45.053,
        "songNumber": 63,
        "activePlayerCount": 113,
        "LinkVideo": "https://openings.moe/video/MahouShoujoNanteMouIiDesuKara%EF%BC%8E-OP01-NCBD.webm",
        "LinkMp3": "",
        "annId": 17796
    },
    {
        "animeEng": "Fuuka",
        "animeRomaji": "Fuuka",
        "songName": "Climber's High!",
        "artist": "Manami Numakura",
        "type": "Opening 1",
        "correctCount": 19,
        "startTime": 61,
        "songDuration": null,
        "songNumber": 64,
        "activePlayerCount": 115,
        "LinkVideo": "https://openings.moe/video/Fuuka-OP01-NCBD.webm",
        "LinkMp3": "",
        "annId": 18879
    },
    {
        "animeEng": "The King of Braves GaoGaiGar",
        "animeRomaji": "Yuusha-Oh GaoGaiGar",
        "songName": "Yuusha-Ou Tanjou!",
        "artist": "Masaaki Endoh",
        "type": "Opening 1",
        "correctCount": 17,
        "startTime": 33,
        "songDuration": 90.555,
        "songNumber": 65,
        "activePlayerCount": 116,
        "LinkVideo": "https://openings.moe/video/YuushaOuGaoGaiGar-OP01a-NCBD.webm",
        "LinkMp3": "",
        "annId": 1170
    },
    {
        "animeEng": "Outlaw Star",
        "animeRomaji": "Seih\u014d Buky\u014d Outlaw Star",
        "songName": "Hiru no Tsuki",
        "artist": "Akino Arai",
        "type": "Ending 1",
        "correctCount": 2,
        "startTime": 42,
        "songDuration": null,
        "songNumber": 66,
        "activePlayerCount": 114,
        "LinkVideo": "https://openings.moe/video/SeihouBukyouOutlawStar-ED01-NCBD.webm",
        "LinkMp3": "",
        "annId": 423,
        "correctPlayers": [
            "thkvl",
            "KFCsogood"
        ]
    },
    {
        "animeEng": "Place to Place",
        "animeRomaji": "Acchi Kocchi",
        "songName": "Te o Gyuushite ne",
        "artist": "Rumi Ookubo",
        "type": "Ending 1",
        "correctCount": 8,
        "startTime": 27,
        "songDuration": 90.055,
        "songNumber": 67,
        "activePlayerCount": 115,
        "LinkVideo": "https://openings.moe/video/AcchiKocchi-ED01-NCBD.webm",
        "LinkMp3": "",
        "annId": 13844
    },
    {
        "animeEng": "Urusei Yatsura",
        "animeRomaji": "Urusei Yatsura",
        "songName": "Tonogata Gomen Asobase",
        "artist": "Shoko Minami",
        "type": "Opening 6",
        "correctCount": 2,
        "startTime": 28,
        "songDuration": 88.868,
        "songNumber": 68,
        "activePlayerCount": 113,
        "LinkVideo": "https://openings.moe/video/UruseiYatsura-OP06-NCOLD.webm",
        "LinkMp3": "",
        "annId": 90,
        "correctPlayers": [
            "Zurer",
            "Nippah"
        ]
    },
    {
        "animeEng": "My Bride is a Mermaid",
        "animeRomaji": "Seto no Hanayome",
        "songName": "Ashita e no Hikari",
        "artist": "Asuka Hinoi",
        "type": "Ending 1",
        "correctCount": 2,
        "startTime": 24,
        "songDuration": 89.846,
        "songNumber": 69,
        "activePlayerCount": 115,
        "LinkVideo": "https://openings.moe/video/SetoNoHanayome-ED01-NCBD.webm",
        "LinkMp3": "",
        "annId": 7460,
        "correctPlayers": [
            "AoiKiriya",
            "KFCsogood"
        ]
    },
    {
        "animeEng": "Food Wars! Shokugeki no Soma",
        "animeRomaji": "Shokugeki no S\u014dma",
        "songName": "Rising Rainbow",
        "artist": "Misokkasu",
        "type": "Opening 2",
        "correctCount": 43,
        "startTime": 5,
        "songDuration": 89.596,
        "songNumber": 70,
        "activePlayerCount": 114,
        "LinkVideo": "https://openings.moe/video/ShokugekiNoSouma-OP02a-NCBD.webm",
        "LinkMp3": "",
        "annId": 16344
    },
    {
        "animeEng": "BECK: Mongolian Chop Squad",
        "animeRomaji": "BECK: Mongolian Chop Squad",
        "songName": "HIT IN THE USA",
        "artist": "BEAT CRUSADERS",
        "type": "Opening 1",
        "correctCount": 47,
        "startTime": 24,
        "songDuration": null,
        "songNumber": 71,
        "activePlayerCount": 114,
        "LinkVideo": "https://openings.moe/video/Beck-OP01-NCBD.webm",
        "LinkMp3": "",
        "annId": 4404
    }
]