[
    {
        "animeEng": "Gokuj\u014d!! Mecha Mote Iinch\u014d Second Collection",
        "animeRomaji": "Gokuj\u014d!! Mecha Mote Iinch\u014d Second Collection",
        "songName": "Mecha Mote-tai!",
        "artist": "Mana Ogawa with MM Gakuen Gasshobu",
        "type": "Ending 2",
        "correctCount": 3,
        "startTime": 21,
        "songDuration": 88.824,
        "songNumber": 1,
        "activePlayerCount": 184,
        "LinkVideo": "https://files.catbox.moe/x7cid5.webm",
        "LinkMp3": "https://files.catbox.moe/rbnulz.mp3",
        "annId": 11648,
        "correctPlayers": [
            "IzumiSakai",
            "Black_Flame",
            "ozsauce"
        ]
    },
    {
        "animeEng": "The Tale of the Princess Kaguya",
        "animeRomaji": "Kaguya-hime no Monogatari",
        "songName": "Tennyo no Uta",
        "artist": "Nobuko Miyamoto & Aki Asakura",
        "type": "Insert Song",
        "correctCount": 48,
        "startTime": 22,
        "songDuration": 91.056,
        "songNumber": 2,
        "activePlayerCount": 190,
        "LinkVideo": "https://files.catbox.moe/5wxh7a.webm",
        "LinkMp3": "https://files.catbox.moe/3d7hyd.mp3",
        "annId": 14976
    },
    {
        "animeEng": "Spooky Kitaro",
        "animeRomaji": "Gegege no Kitar\u014d",
        "songName": "Gegege no Kitaro",
        "artist": "The 50 Kaitenz",
        "type": "Opening 2",
        "correctCount": 164,
        "startTime": 11,
        "songDuration": 58.992,
        "songNumber": 3,
        "activePlayerCount": 197,
        "LinkVideo": "https://files.catbox.moe/qy7cmi.webm",
        "LinkMp3": "https://files.catbox.moe/r45g8r.mp3",
        "annId": 7616
    },
    {
        "animeEng": "Zombie Land Saga",
        "animeRomaji": "Zombie Land Saga",
        "songName": "Adabana Necromancy",
        "artist": "FranChouChou",
        "type": "Opening 2",
        "correctCount": 119,
        "startTime": 45,
        "songDuration": 89.088,
        "songNumber": 4,
        "activePlayerCount": 200,
        "LinkVideo": "https://files.catbox.moe/dg6kn3.webm",
        "LinkMp3": "https://files.catbox.moe/efz9ij.mp3",
        "annId": 21363
    },
    {
        "animeEng": "Show By Rock!!#",
        "animeRomaji": "Show By Rock!!#",
        "songName": "My Resolution ~Mirai e no Kizuna~ (TV Special edit.)",
        "artist": "Plasmagica, SHINGANCRIMSONZ, Trichronika, Criticrista",
        "type": "Insert Song",
        "correctCount": 11,
        "startTime": 99,
        "songDuration": 157.32,
        "songNumber": 5,
        "activePlayerCount": 199,
        "LinkVideo": "https://files.catbox.moe/q6tcbp.webm",
        "LinkMp3": "https://files.catbox.moe/2c9miu.mp3",
        "annId": 18546
    },
    {
        "animeEng": "Aria the Scarlet Ammo",
        "animeRomaji": "Hidan no Aria",
        "songName": "Camellia no Hitomi",
        "artist": "Aiko Nakano",
        "type": "Ending 1",
        "correctCount": 35,
        "startTime": 31,
        "songDuration": 89.232,
        "songNumber": 6,
        "activePlayerCount": 198,
        "LinkVideo": "https://files.catbox.moe/xyq6sm.webm",
        "LinkMp3": "https://files.catbox.moe/r5auet.mp3",
        "annId": 22986
    },
    {
        "animeEng": "Inazuma Eleven",
        "animeRomaji": "Inazuma Eleven",
        "songName": "Maji de Kansha!~INAZUMA MESSAGE from KMC~",
        "artist": "KMC",
        "type": "Insert Song",
        "correctCount": 6,
        "startTime": 6,
        "songDuration": 121.493422,
        "songNumber": 7,
        "activePlayerCount": 198,
        "LinkVideo": "https://files.catbox.moe/atmowv.webm",
        "LinkMp3": "https://files.catbox.moe/o4hvhu.mp3",
        "annId": 10236
    },
    {
        "animeEng": "Waiting in the Summer",
        "animeRomaji": "Ano Natsu de Matteru",
        "songName": "Vidro Moy\u014d",
        "artist": "Nagi Yanagi",
        "type": "Ending 1",
        "correctCount": 44,
        "startTime": 36,
        "songDuration": 89.496,
        "songNumber": 8,
        "activePlayerCount": 200,
        "LinkVideo": "https://files.catbox.moe/7jijlh.webm",
        "LinkMp3": "https://files.catbox.moe/7nt62s.mp3",
        "annId": 13448
    },
    {
        "animeEng": "Sex Pistols",
        "animeRomaji": "Sex Pistols",
        "songName": "Lie of the truth",
        "artist": "Yuta (from LAZ)",
        "type": "Opening 1",
        "correctCount": 6,
        "startTime": 43,
        "songDuration": 87.11687,
        "songNumber": 9,
        "activePlayerCount": 201,
        "LinkVideo": "https://files.catbox.moe/rwf46p.webm",
        "LinkMp3": "https://files.catbox.moe/9wfhly.mp3",
        "annId": 10561
    },
    {
        "animeEng": "Dies irae",
        "animeRomaji": "Dies irae",
        "songName": "Chi no Refrain",
        "artist": "Yui Sakakibara",
        "type": "Insert Song",
        "correctCount": 53,
        "startTime": 5,
        "songDuration": 34.056,
        "songNumber": 10,
        "activePlayerCount": 201,
        "LinkVideo": "https://files.catbox.moe/a1sta8.webm",
        "LinkMp3": "https://files.catbox.moe/z9aqi6.mp3",
        "annId": 19395
    },
    {
        "animeEng": "Jaku-San-Sei Million Arthur",
        "animeRomaji": "Jaku-San-Sei Million Arthur",
        "songName": "Miri Asa Aru Aru",
        "artist": "Ayana Taketatsu",
        "type": "Ending 24",
        "correctCount": 21,
        "startTime": 1,
        "songDuration": 29.256,
        "songNumber": 11,
        "activePlayerCount": 202,
        "LinkVideo": "https://files.catbox.moe/vf2nrv.webm",
        "LinkMp3": "https://files.catbox.moe/hf0ppd.mp3",
        "annId": 17958
    },
    {
        "animeEng": "Goldfish Warning!",
        "animeRomaji": "Kingyo Chuuih\u014d!",
        "songName": "Wapiko Genki Yoh\u014d",
        "artist": "Junko Uchida",
        "type": "Opening 1",
        "correctCount": 5,
        "startTime": 22,
        "songDuration": 80.184,
        "songNumber": 12,
        "activePlayerCount": 202,
        "LinkVideo": "https://files.catbox.moe/ahom3n.webm",
        "LinkMp3": "https://files.catbox.moe/r8amw8.mp3",
        "annId": 1401,
        "correctPlayers": [
            "burabe",
            "watashiii",
            "PearI",
            "ozsauce",
            "sochie"
        ]
    },
    {
        "animeEng": "Magia Record: Puella Magi Madoka Magica Side Story Season 2 - The Eve of Awakening",
        "animeRomaji": "Magia Record: Mah\u014d Sh\u014djo Madoka\u2606Magica Gaiden 2nd Season - Kakusei Zenya",
        "songName": "Careless",
        "artist": "ClariS",
        "type": "Opening 1",
        "correctCount": 59,
        "startTime": 44,
        "songDuration": 87.72,
        "songNumber": 13,
        "activePlayerCount": 202,
        "LinkVideo": "https://files.catbox.moe/z5zsdr.webm",
        "LinkMp3": "https://files.catbox.moe/nkxoqn.mp3",
        "annId": 24441
    },
    {
        "animeEng": "Gatchaman Crowds Insight",
        "animeRomaji": "Gatchaman Crowds Insight",
        "songName": "Music goes on",
        "artist": "TAKUMI iwasky",
        "type": "Insert Song",
        "correctCount": 23,
        "startTime": 156,
        "songDuration": 216.312,
        "songNumber": 14,
        "activePlayerCount": 202,
        "LinkVideo": "https://files.catbox.moe/uy5cd3.webm",
        "LinkMp3": "https://files.catbox.moe/dmowus.mp3",
        "annId": 16697
    },
    {
        "animeEng": "Ippatsu Hicchuu!! Devander",
        "animeRomaji": "Ippatsu Hicchuu!! Devander",
        "songName": "Kimi no Devander!",
        "artist": "Kenichi Takemoto",
        "type": "Opening 1",
        "correctCount": 18,
        "startTime": 42,
        "songDuration": 88.2,
        "songNumber": 15,
        "activePlayerCount": 203,
        "LinkVideo": "https://files.catbox.moe/hfw9j6.webm",
        "LinkMp3": "https://files.catbox.moe/xyw5ex.mp3",
        "annId": 14171
    },
    {
        "animeEng": "Katte ni Kaiz\u014d",
        "animeRomaji": "Katte ni Kaiz\u014d",
        "songName": "Dokki Doki! LOVE Mail",
        "artist": "Eri Kitamura",
        "type": "Insert Song",
        "correctCount": 6,
        "startTime": 55,
        "songDuration": 110.616,
        "songNumber": 16,
        "activePlayerCount": 203,
        "LinkVideo": "https://files.catbox.moe/aa1s5r.webm",
        "LinkMp3": "https://files.catbox.moe/dd56jd.mp3",
        "annId": 12413
    },
    {
        "animeEng": "Crayon Shin-chan: Arashi o Yobu Jungle",
        "animeRomaji": "Crayon Shin-chan: Arashi o Yobu Jungle",
        "songName": "Tobe Tobe Onei-san",
        "artist": "Akiko Yajima & Tesshou Genda",
        "type": "Opening 1",
        "correctCount": 79,
        "startTime": 0,
        "songDuration": 60.864,
        "songNumber": 17,
        "activePlayerCount": 203,
        "LinkVideo": "https://files.catbox.moe/jkyz1r.webm",
        "LinkMp3": "https://files.catbox.moe/0e4vgo.mp3",
        "annId": 6747
    },
    {
        "animeEng": "D.N.Angel",
        "animeRomaji": "D.N.Angel",
        "songName": "Byakuya ~True Light~",
        "artist": "Shunichi Miyamoto",
        "type": "Opening 1",
        "correctCount": 33,
        "startTime": 1,
        "songDuration": 88.944,
        "songNumber": 18,
        "activePlayerCount": 201,
        "LinkVideo": "https://files.catbox.moe/l0bwtk.webm",
        "LinkMp3": "https://files.catbox.moe/di11to.mp3",
        "annId": 2288
    },
    {
        "animeEng": "Hayate the Combat Butler! Heaven Is a Place on Earth",
        "animeRomaji": "Hayate no Gotoku! Heaven Is a Place on Earth",
        "songName": "Heaven is a Place on Earth",
        "artist": "fripSide",
        "type": "Ending 1",
        "correctCount": 11,
        "startTime": 76,
        "songDuration": 184.512,
        "songNumber": 19,
        "activePlayerCount": 205,
        "LinkVideo": "https://files.catbox.moe/18dpd6.webm",
        "LinkMp3": "https://files.catbox.moe/6nc0o1.mp3",
        "annId": 12236
    },
    {
        "animeEng": "Les Mis\u00e9rables: Sh\u014djo Cosette",
        "animeRomaji": "Les Mis\u00e9rables: Sh\u014djo Cosette",
        "songName": "ma maman(Watashi no Okasan)",
        "artist": "Yuki Saito",
        "type": "Ending 1",
        "correctCount": 5,
        "startTime": 22,
        "songDuration": 89.424,
        "songNumber": 20,
        "activePlayerCount": 206,
        "LinkVideo": "https://files.catbox.moe/fuogcb.webm",
        "LinkMp3": "https://files.catbox.moe/liuwnx.mp3",
        "annId": 6912,
        "correctPlayers": [
            "Ufokoira",
            "KamigishiAkari",
            "ozsauce",
            "asleep",
            "Combeferre"
        ]
    },
    {
        "animeEng": "Uta no\u2606Prince-sama\u266aMaji LOVE Kingdom",
        "animeRomaji": "Uta no\u2606Prince-sama\u266aMaji LOVE Kingdom",
        "songName": "Up-Down-Up!",
        "artist": "Takuma Terashima, Sh\u014dta Aoi, Hidenori Takahashi",
        "type": "Insert Song",
        "correctCount": 3,
        "startTime": 65,
        "songDuration": 97.464,
        "songNumber": 21,
        "activePlayerCount": 209,
        "LinkVideo": "https://files.catbox.moe/nenm2e.webm",
        "LinkMp3": "https://files.catbox.moe/f7qonl.mp3",
        "annId": 20471,
        "correctPlayers": [
            "Bai",
            "IzumiSakai",
            "KonnoYuuki"
        ]
    },
    {
        "animeEng": "Scar-red Rider XechS",
        "animeRomaji": "Scar-red Rider XechS",
        "songName": "path of truth",
        "artist": "KENN",
        "type": "Ending 3",
        "correctCount": 6,
        "startTime": 50,
        "songDuration": 101.797434,
        "songNumber": 22,
        "activePlayerCount": 208,
        "LinkVideo": "https://files.catbox.moe/ha63u1.webm",
        "LinkMp3": "https://files.catbox.moe/gcidqe.mp3",
        "annId": 18214
    },
    {
        "animeEng": "Tanken Driland",
        "animeRomaji": "Tanken Driland",
        "songName": "DRAGON BOY",
        "artist": "Civilian Skunk",
        "type": "Ending 1",
        "correctCount": 1,
        "startTime": 27,
        "songDuration": 78.705586,
        "songNumber": 23,
        "activePlayerCount": 208,
        "LinkVideo": "https://files.catbox.moe/c73y3u.webm",
        "LinkMp3": "https://files.catbox.moe/5g3qfn.mp3",
        "annId": 14329,
        "correctPlayers": [
            "ozsauce"
        ]
    },
    {
        "animeEng": "Babel II",
        "animeRomaji": "Babel Nisei",
        "songName": "Sunrise ~ Akatsuki ni Idakarete",
        "artist": "Mac Kanako & Motoyoshi Iwasaki",
        "type": "Ending 4",
        "correctCount": 0,
        "startTime": 15,
        "songDuration": 148.272,
        "songNumber": 24,
        "activePlayerCount": 207,
        "LinkVideo": "https://files.catbox.moe/kyutf1.webm",
        "LinkMp3": "https://files.catbox.moe/6g22pn.mp3",
        "annId": 2113
    },
    {
        "animeEng": "Valkyria Chronicles 3: Unrecorded Chronicles",
        "animeRomaji": "Senj\u014d no Valkyria 3: Ta ga Tame no Juus\u014d",
        "songName": "Kaze wo Ou Heishi no Uta",
        "artist": "JAM Project",
        "type": "Insert Song",
        "correctCount": 0,
        "startTime": 30,
        "songDuration": 128.28,
        "songNumber": 25,
        "activePlayerCount": 209,
        "LinkVideo": "https://files.catbox.moe/4luky1.webm",
        "LinkMp3": "https://files.catbox.moe/mpn37s.mp3",
        "annId": 12156
    },
    {
        "animeEng": "The Fruit of Grisaia",
        "animeRomaji": "Grisaia no Kajitsu",
        "songName": "Anata no Aishita Sekai",
        "artist": "Yoshino Nanj\u014d",
        "type": "Ending 2",
        "correctCount": 27,
        "startTime": 12,
        "songDuration": 88.56,
        "songNumber": 26,
        "activePlayerCount": 210,
        "LinkVideo": "https://files.catbox.moe/y0t7u0.webm",
        "LinkMp3": "https://files.catbox.moe/qgy3ux.mp3",
        "annId": 16140
    },
    {
        "animeEng": "Eyeshield 21",
        "animeRomaji": "Eyeshield 21",
        "songName": "INNOCENCE",
        "artist": "20th Century",
        "type": "Opening 2",
        "correctCount": 16,
        "startTime": 44,
        "songDuration": 82.104,
        "songNumber": 27,
        "activePlayerCount": 210,
        "LinkVideo": "https://files.catbox.moe/szg2uu.webm",
        "LinkMp3": "https://files.catbox.moe/0zhcwb.mp3",
        "annId": 4778
    },
    {
        "animeEng": "Road to You: Kimi e to Tsuzuku Michi",
        "animeRomaji": "Road to You: Kimi e to Tsuzuku Michi",
        "songName": "Amador",
        "artist": "Keina Suda",
        "type": "Insert Song",
        "correctCount": 6,
        "startTime": 12,
        "songDuration": 203.020184,
        "songNumber": 28,
        "activePlayerCount": 211,
        "LinkVideo": "https://files.catbox.moe/k7mt8d.webm",
        "LinkMp3": "https://files.catbox.moe/u46g50.mp3",
        "annId": 23871
    },
    {
        "animeEng": "One Week Friends",
        "animeRomaji": "Isshuukan Friends.",
        "songName": "Kanade",
        "artist": "Sora Amamiya",
        "type": "Ending 1",
        "correctCount": 46,
        "startTime": 74,
        "songDuration": 107.664,
        "songNumber": 29,
        "activePlayerCount": 210,
        "LinkVideo": "https://files.catbox.moe/yt4lao.webm",
        "LinkMp3": "https://files.catbox.moe/gnlpf7.mp3",
        "annId": 15721
    },
    {
        "animeEng": "Aooni The Blue Monster",
        "animeRomaji": "Ao Oni: The Animation",
        "songName": "Kimi koso Ao Oni",
        "artist": "Machigerita (from Book of Magic)",
        "type": "Ending 1",
        "correctCount": 112,
        "startTime": 0,
        "songDuration": 25.704,
        "songNumber": 30,
        "activePlayerCount": 210,
        "LinkVideo": "https://files.catbox.moe/p6x6qr.webm",
        "LinkMp3": "https://files.catbox.moe/f3crso.mp3",
        "annId": 18694
    },
    {
        "animeEng": "Station of embarkation",
        "animeRomaji": "Minky Momo in Tabidachi no Eki",
        "songName": "Bon Voyage!",
        "artist": "Megumi Hayashibara",
        "type": "Ending 1",
        "correctCount": 7,
        "startTime": 76,
        "songDuration": 168.87873,
        "songNumber": 31,
        "activePlayerCount": 210,
        "LinkVideo": "https://files.catbox.moe/de15ue.webm",
        "LinkMp3": "https://files.catbox.moe/9t8krn.mp3",
        "annId": 2806
    },
    {
        "animeEng": "Gunbuster",
        "animeRomaji": "Gunbuster",
        "songName": "Otoko to Onna no Love Game",
        "artist": "Norio Wakamoto & Rei Sakuma",
        "type": "Insert Song",
        "correctCount": 44,
        "startTime": 11,
        "songDuration": 46.464,
        "songNumber": 32,
        "activePlayerCount": 210,
        "LinkVideo": "https://files.catbox.moe/lwrvz0.webm",
        "LinkMp3": "https://files.catbox.moe/joj6k8.mp3",
        "annId": 466
    },
    {
        "animeEng": "Our love has always been 10 centimeters apart.",
        "animeRomaji": "Itsudatte Bokura no Koi wa 10 cm Datta.",
        "songName": "Re:Hatsukoi no Ehon",
        "artist": "HoneyWorks feat. Aki Toyosaki",
        "type": "Ending 2",
        "correctCount": 25,
        "startTime": 134,
        "songDuration": 165,
        "songNumber": 33,
        "activePlayerCount": 211,
        "LinkVideo": "https://files.catbox.moe/jgkrdu.webm",
        "LinkMp3": "https://files.catbox.moe/twj330.mp3",
        "annId": 20055
    },
    {
        "animeEng": "Fate/stay night: Unlimited Blade Works",
        "animeRomaji": "Fate/stay night: Unlimited Blade Works",
        "songName": "believe",
        "artist": "Kalafina",
        "type": "Ending 1",
        "correctCount": 71,
        "startTime": 18,
        "songDuration": 88.56,
        "songNumber": 34,
        "activePlayerCount": 211,
        "LinkVideo": "https://files.catbox.moe/j8l5ox.webm",
        "LinkMp3": "https://files.catbox.moe/1fxcrv.mp3",
        "annId": 15843
    },
    {
        "animeEng": "Robot Girls Z+",
        "animeRomaji": "Robot Girls Z+",
        "songName": "Robot Girls Z",
        "artist": "Kikai\u2661Sh\u014djo Tai",
        "type": "Opening 1",
        "correctCount": 41,
        "startTime": 45,
        "songDuration": 83.64,
        "songNumber": 35,
        "activePlayerCount": 213,
        "LinkVideo": "https://files.catbox.moe/368fjx.webm",
        "LinkMp3": "https://files.catbox.moe/rnbpba.mp3",
        "annId": 16677
    },
    {
        "animeEng": "Black Bullet",
        "animeRomaji": "Black Bullet",
        "songName": "black bullet",
        "artist": "fripSide",
        "type": "Opening 1",
        "correctCount": 130,
        "startTime": 52,
        "songDuration": 87.90053,
        "songNumber": 36,
        "activePlayerCount": 213,
        "LinkVideo": "https://files.catbox.moe/aeppq7.webm",
        "LinkMp3": "https://files.catbox.moe/57m787.mp3",
        "annId": 15769
    },
    {
        "animeEng": "SSSS.DYNAZENON",
        "animeRomaji": "SSSS.DYNAZENON",
        "songName": "Strobe Memory",
        "artist": "Maaya Uchida",
        "type": "Ending 1",
        "correctCount": 20,
        "startTime": 49,
        "songDuration": 87.864,
        "songNumber": 37,
        "activePlayerCount": 214,
        "LinkVideo": "https://files.catbox.moe/kvtsw7.webm",
        "LinkMp3": "https://files.catbox.moe/u9j36d.mp3",
        "annId": 23822
    },
    {
        "animeEng": "The Light of a Firefly Forest",
        "animeRomaji": "Hotarubi no Mori e",
        "songName": "Natsu o Miteita",
        "artist": "Shizuru \u014ctaka",
        "type": "Ending 1",
        "correctCount": 35,
        "startTime": 131,
        "songDuration": 301.56,
        "songNumber": 38,
        "activePlayerCount": 214,
        "LinkVideo": "https://files.catbox.moe/ttg6md.webm",
        "LinkMp3": "https://files.catbox.moe/9xvl8r.mp3",
        "annId": 12543
    },
    {
        "animeEng": "Ikki Tousen: Xtreme Xecutor",
        "animeRomaji": "Ikkitousen: Xtreme Xecutor",
        "songName": "Endless Soul ~Owarinaki Senshi~",
        "artist": "Masumi Asano & Aya Endo",
        "type": "Ending 1",
        "correctCount": 6,
        "startTime": 19,
        "songDuration": 88.464,
        "songNumber": 39,
        "activePlayerCount": 215,
        "LinkVideo": "https://files.catbox.moe/lt1ahw.webm",
        "LinkMp3": "https://files.catbox.moe/9ac768.mp3",
        "annId": 11177
    },
    {
        "animeEng": "Shadows House",
        "animeRomaji": "Shadows House",
        "songName": "Nainai",
        "artist": "ReoNa",
        "type": "Ending 1",
        "correctCount": 102,
        "startTime": 41,
        "songDuration": 88.896,
        "songNumber": 40,
        "activePlayerCount": 216,
        "LinkVideo": "https://files.catbox.moe/ljuywp.webm",
        "LinkMp3": "https://files.catbox.moe/h3oyx4.mp3",
        "annId": 23751
    },
    {
        "animeEng": "Tokimeki Tonight",
        "animeRomaji": "Tokimeki Tonight",
        "songName": "Tokimeki Tonight",
        "artist": "Harumi Kamo",
        "type": "Opening 1",
        "correctCount": 23,
        "startTime": 7,
        "songDuration": 76.296,
        "songNumber": 41,
        "activePlayerCount": 217,
        "LinkVideo": "https://files.catbox.moe/pucqrq.webm",
        "LinkMp3": "https://files.catbox.moe/v02e7s.mp3",
        "annId": 1375
    },
    {
        "animeEng": "Tokyo Godfathers",
        "animeRomaji": "Tokyo Godfathers",
        "songName": "Kiyoshiko no Yoru",
        "artist": "Tokyo Godfathers Gasshou-dan",
        "type": "Insert Song",
        "correctCount": 49,
        "startTime": 3,
        "songDuration": 57.552,
        "songNumber": 42,
        "activePlayerCount": 216,
        "LinkVideo": "https://files.catbox.moe/lu7bh4.webm",
        "LinkMp3": "https://files.catbox.moe/qvh9at.mp3",
        "annId": 2018
    },
    {
        "animeEng": "Assemble Insert",
        "animeRomaji": "Assemble Insert",
        "songName": "Ama-iro no Yume no Tsubo",
        "artist": "Hiroko Kasahara",
        "type": "Ending 2",
        "correctCount": 7,
        "startTime": 23,
        "songDuration": 129.168,
        "songNumber": 43,
        "activePlayerCount": 217,
        "LinkVideo": "https://files.catbox.moe/yfsm92.webm",
        "LinkMp3": "https://files.catbox.moe/10m0xw.mp3",
        "annId": 538
    },
    {
        "animeEng": "Ringing Bell",
        "animeRomaji": "Chirin no Suzu",
        "songName": "Chirin no Suzu",
        "artist": "The Brothers Four",
        "type": "Opening 1",
        "correctCount": 49,
        "startTime": 75,
        "songDuration": 120.552,
        "songNumber": 44,
        "activePlayerCount": 219,
        "LinkVideo": "https://files.catbox.moe/f44oti.webm",
        "LinkMp3": "https://files.catbox.moe/wqxr2j.mp3",
        "annId": 1459
    },
    {
        "animeEng": "Aikatsu Planet!",
        "animeRomaji": "Aikatsu Planet!",
        "songName": "HAPPY\u221eAikatsu!",
        "artist": "Ayumi from STARRY PLANET\u2606",
        "type": "Insert Song",
        "correctCount": 25,
        "startTime": 29,
        "songDuration": 125.88,
        "songNumber": 45,
        "activePlayerCount": 220,
        "LinkVideo": "https://files.catbox.moe/ouh9jr.webm",
        "LinkMp3": "https://files.catbox.moe/ri6vx8.mp3",
        "annId": 23849
    },
    {
        "animeEng": "Yuki Yuna Is a Hero",
        "animeRomaji": "Yuuki Yuuna wa Yuusha de Aru",
        "songName": "Hoshi to Hana",
        "artist": "Sanshuu Chuugaku Yuusha-bu",
        "type": "Opening 1",
        "correctCount": 83,
        "startTime": 22,
        "songDuration": 89.568,
        "songNumber": 46,
        "activePlayerCount": 218,
        "LinkVideo": "https://files.catbox.moe/0grh9w.webm",
        "LinkMp3": "https://files.catbox.moe/2ugvn2.mp3",
        "annId": 16171
    },
    {
        "animeEng": "Shomin Sample",
        "animeRomaji": "Ore ga Oj\u014dsama Gakk\u014d ni \"Shomin Sample\" Toshite Gets-Sareta Ken",
        "songName": "Ichizu Recipe",
        "artist": "Idol College",
        "type": "Opening 1",
        "correctCount": 77,
        "startTime": 22,
        "songDuration": 89.472,
        "songNumber": 47,
        "activePlayerCount": 218,
        "LinkVideo": "https://files.catbox.moe/huf77c.webm",
        "LinkMp3": "https://files.catbox.moe/lbbilk.mp3",
        "annId": 16726
    },
    {
        "animeEng": "BanG Dream!",
        "animeRomaji": "BanG Dream!",
        "songName": "Kirakira Boshi ~Hajimari no Stage Ver.~",
        "artist": "Aimi",
        "type": "Insert Song",
        "correctCount": 45,
        "startTime": 6,
        "songDuration": 80.568,
        "songNumber": 48,
        "activePlayerCount": 217,
        "LinkVideo": "https://files.catbox.moe/8tpjum.webm",
        "LinkMp3": "https://files.catbox.moe/0ltt6j.mp3",
        "annId": 18693
    },
    {
        "animeEng": "Motto To LOVE-Ru",
        "animeRomaji": "Motto To LOVE-Ru",
        "songName": "Loop-the-Loop",
        "artist": "KOTOKO",
        "type": "Opening 1",
        "correctCount": 71,
        "startTime": 61,
        "songDuration": 89.962437,
        "songNumber": 49,
        "activePlayerCount": 220,
        "LinkVideo": "https://files.catbox.moe/txssb6.webm",
        "LinkMp3": "https://files.catbox.moe/j58n19.mp3",
        "annId": 11725
    },
    {
        "animeEng": "Seraph of the End: Vampire Reign",
        "animeRomaji": "Owari no Seraph",
        "songName": "ToBeContinued..",
        "artist": "Mika Kobayashi",
        "type": "Insert Song",
        "correctCount": 33,
        "startTime": 20,
        "songDuration": 75.768,
        "songNumber": 50,
        "activePlayerCount": 219,
        "LinkVideo": "https://files.catbox.moe/uxkajd.webm",
        "LinkMp3": "https://files.catbox.moe/apx24t.mp3",
        "annId": 17481
    },
    {
        "animeEng": "The Idaten Deities Know Only Peace",
        "animeRomaji": "Heion Sedai no Idaten-tachi",
        "songName": "Raika",
        "artist": "Akari Nanawo",
        "type": "Ending 1",
        "correctCount": 36,
        "startTime": 28,
        "songDuration": 87.984,
        "songNumber": 51,
        "activePlayerCount": 217,
        "LinkVideo": "https://files.catbox.moe/4jpkaz.webm",
        "LinkMp3": "https://files.catbox.moe/l6qg80.mp3",
        "annId": 24400
    },
    {
        "animeEng": "Tokyo Babylon 2",
        "animeRomaji": "Tokyo Babylon 2",
        "songName": "d\u00e9-j\u00e0 vu",
        "artist": "Hideaki Matsuoka",
        "type": "Ending 1",
        "correctCount": 10,
        "startTime": 60,
        "songDuration": 178.56,
        "songNumber": 52,
        "activePlayerCount": 215,
        "LinkVideo": "https://files.catbox.moe/dgfekj.webm",
        "LinkMp3": "https://files.catbox.moe/ls90hw.mp3",
        "annId": 762
    },
    {
        "animeEng": "Blue Exorcist Movie",
        "animeRomaji": "Ao no Exorcist Movie",
        "songName": "REVERSI",
        "artist": "UVERworld",
        "type": "Ending 1",
        "correctCount": 30,
        "startTime": 40,
        "songDuration": 280.132328,
        "songNumber": 53,
        "activePlayerCount": 215,
        "LinkVideo": "https://files.catbox.moe/m2c3zi.webm",
        "LinkMp3": "https://files.catbox.moe/hs0i5w.mp3",
        "annId": 13631
    },
    {
        "animeEng": "Wonder Egg Priority",
        "animeRomaji": "Wonder Egg Priority",
        "songName": "Colorful",
        "artist": "mito",
        "type": "Insert Song",
        "correctCount": 28,
        "startTime": 48,
        "songDuration": 99.168,
        "songNumber": 54,
        "activePlayerCount": 215,
        "LinkVideo": "https://files.catbox.moe/41ar5r.webm",
        "LinkMp3": "https://files.catbox.moe/mhwpz8.mp3",
        "annId": 23787
    },
    {
        "animeEng": "Soul Link",
        "animeRomaji": "Soul Link",
        "songName": "dust trail",
        "artist": "Miyuki Hashimoto",
        "type": "Ending 1",
        "correctCount": 5,
        "startTime": 43,
        "songDuration": 89.136,
        "songNumber": 55,
        "activePlayerCount": 216,
        "LinkVideo": "https://files.catbox.moe/trs14l.webm",
        "LinkMp3": "https://files.catbox.moe/81zcoa.mp3",
        "annId": 6469,
        "correctPlayers": [
            "FairyS",
            "Heyko",
            "IzumiSakai",
            "watashiii",
            "kaghey"
        ]
    },
    {
        "animeEng": "Buddy Complex: Into the Skies of Tomorrow",
        "animeRomaji": "Buddy Complex: Kanketsu-hen - Ano Sora ni Kaeru Mirai de",
        "songName": "Ano Sora ni Kaeru Mirai de",
        "artist": "ChouCho",
        "type": "Ending 1",
        "correctCount": 21,
        "startTime": 58,
        "songDuration": 87.351968,
        "songNumber": 56,
        "activePlayerCount": 215,
        "LinkVideo": "https://files.catbox.moe/dszaus.webm",
        "LinkMp3": "https://files.catbox.moe/wbtvgk.mp3",
        "annId": 16097
    },
    {
        "animeEng": "Aikatsu! Music Award: Minna de Sh\u014d o Moracchaima SHOW!",
        "animeRomaji": "Aikatsu! Music Award: Minna de Sh\u014d o Moracchaima SHOW!",
        "songName": "fashion check!",
        "artist": "Waka\u30fbFuuri\u30fbSunao\u30fbRemi\u30fbMoe from STAR\u2606ANIS",
        "type": "Insert Song",
        "correctCount": 60,
        "startTime": 44,
        "songDuration": 109.68,
        "songNumber": 57,
        "activePlayerCount": 215,
        "LinkVideo": "https://files.catbox.moe/1qwaom.webm",
        "LinkMp3": "https://files.catbox.moe/hk6gec.mp3",
        "annId": 17125
    },
    {
        "animeEng": "Mobile Suit Gundam AGE",
        "animeRomaji": "Kid\u014d Senshi Gundam AGE",
        "songName": "Kimi to Boku wa Soki ni Ita",
        "artist": "AiRI",
        "type": "Insert Song",
        "correctCount": 2,
        "startTime": 42,
        "songDuration": 97.069352,
        "songNumber": 58,
        "activePlayerCount": 215,
        "LinkVideo": "https://files.catbox.moe/79uo83.webm",
        "LinkMp3": "https://files.catbox.moe/7qzrbr.mp3",
        "annId": 13012,
        "correctPlayers": [
            "FairyS",
            "jamielee217"
        ]
    },
    {
        "animeEng": "Future GPX Cyber Formula Zero",
        "animeRomaji": "Future GPX Cyber Formula Zero",
        "songName": "BE TOUGH!",
        "artist": "Dynamite Shige",
        "type": "Insert Song",
        "correctCount": 0,
        "startTime": 24,
        "songDuration": 140.952,
        "songNumber": 59,
        "activePlayerCount": 215,
        "LinkVideo": "https://files.catbox.moe/2qoje8.webm",
        "LinkMp3": "https://files.catbox.moe/yf1udz.mp3",
        "annId": 4230
    },
    {
        "animeEng": "keroro",
        "animeRomaji": "keroro",
        "songName": "Keroro\u2606Popstar",
        "artist": "Mayumi Goj\u014d",
        "type": "Opening 1",
        "correctCount": 103,
        "startTime": 0,
        "songDuration": 24.984,
        "songNumber": 60,
        "activePlayerCount": 215,
        "LinkVideo": "https://files.catbox.moe/w2gxvl.webm",
        "LinkMp3": "https://files.catbox.moe/heke2l.mp3",
        "annId": 15768
    },
    {
        "animeEng": "Lucky Star",
        "animeRomaji": "Lucky Star",
        "songName": "Koi no Minoru Densetsu",
        "artist": "Minoru Shiraishi",
        "type": "Ending 15",
        "correctCount": 173,
        "startTime": 34,
        "songDuration": 69.048,
        "songNumber": 61,
        "activePlayerCount": 217,
        "LinkVideo": "https://files.catbox.moe/mmi7av.webm",
        "LinkMp3": "https://files.catbox.moe/62zztu.mp3",
        "annId": 7222
    },
    {
        "animeEng": "Shadows House",
        "animeRomaji": "Shadows House",
        "songName": "a hollow shadow",
        "artist": "Kenichiro Suehiro",
        "type": "Opening 1",
        "correctCount": 110,
        "startTime": 33,
        "songDuration": 88.992,
        "songNumber": 62,
        "activePlayerCount": 217,
        "LinkVideo": "https://files.catbox.moe/0bi52n.webm",
        "LinkMp3": "https://files.catbox.moe/0e7tok.mp3",
        "annId": 23751
    },
    {
        "animeEng": "Record of Ragnarok",
        "animeRomaji": "Shuumatsu no Walk\u00fcre",
        "songName": "KAMIGAMI",
        "artist": "Maximum The Hormone",
        "type": "Opening 1",
        "correctCount": 42,
        "startTime": 12,
        "songDuration": 89.856,
        "songNumber": 63,
        "activePlayerCount": 216,
        "LinkVideo": "https://files.catbox.moe/6ux3mf.webm",
        "LinkMp3": "https://files.catbox.moe/sr3sec.mp3",
        "annId": 24148
    },
    {
        "animeEng": "Elfen Lied",
        "animeRomaji": "Elfen Lied",
        "songName": "be your girl",
        "artist": "Chieko Kawabe",
        "type": "Ending 1",
        "correctCount": 91,
        "startTime": 24,
        "songDuration": 90.068656,
        "songNumber": 64,
        "activePlayerCount": 215,
        "LinkVideo": "https://files.catbox.moe/em4xv0.webm",
        "LinkMp3": "https://files.catbox.moe/vn9bxb.mp3",
        "annId": 5409
    },
    {
        "animeEng": "Pok\u00e9mon XY",
        "animeRomaji": "Pocket Monsters XY",
        "songName": "Kirakira",
        "artist": "Tomohisa Sak\u014d",
        "type": "Insert Song",
        "correctCount": 19,
        "startTime": 28,
        "songDuration": 101.712,
        "songNumber": 65,
        "activePlayerCount": 214,
        "LinkVideo": "https://files.catbox.moe/s2wsim.webm",
        "LinkMp3": "https://files.catbox.moe/wbzwck.mp3",
        "annId": 15491
    },
    {
        "animeEng": "Attack on Titan Season 3",
        "animeRomaji": "Shingeki no Kyojin Season 3",
        "songName": "Apple Seed",
        "artist": "mpi & Laco",
        "type": "Insert Song",
        "correctCount": 93,
        "startTime": 72,
        "songDuration": 132.36,
        "songNumber": 66,
        "activePlayerCount": 214,
        "LinkVideo": "https://files.catbox.moe/momukn.webm",
        "LinkMp3": "https://files.catbox.moe/4poka1.mp3",
        "annId": 21812
    },
    {
        "animeEng": "Super Shiro",
        "animeRomaji": "Super Shiro",
        "songName": "SUPER SHIRO",
        "artist": "Mewhan",
        "type": "Ending 1",
        "correctCount": 129,
        "startTime": 3,
        "songDuration": 34.56,
        "songNumber": 67,
        "activePlayerCount": 214,
        "LinkVideo": "https://files.catbox.moe/v8hhyw.webm",
        "LinkMp3": "https://files.catbox.moe/08nxwe.mp3",
        "annId": 22308
    },
    {
        "animeEng": "My First Girlfriend is a Gal",
        "animeRomaji": "My First Girlfriend is a Gal",
        "songName": "Hajimete no Season",
        "artist": "Junj\u014d no Afilia",
        "type": "Opening 1",
        "correctCount": 59,
        "startTime": 3,
        "songDuration": 89.904,
        "songNumber": 68,
        "activePlayerCount": 215,
        "LinkVideo": "https://files.catbox.moe/zlgsgk.webm",
        "LinkMp3": "https://files.catbox.moe/wc6qqx.mp3",
        "annId": 19254
    },
    {
        "animeEng": "The Case Study of Vanitas",
        "animeRomaji": "Vanitas no Karte",
        "songName": "0 (zero)",
        "artist": "LMYK",
        "type": "Ending 1",
        "correctCount": 63,
        "startTime": 55,
        "songDuration": 89.112,
        "songNumber": 69,
        "activePlayerCount": 215,
        "LinkVideo": "https://files.catbox.moe/3se3c5.webm",
        "LinkMp3": "https://files.catbox.moe/1pz7ux.mp3",
        "annId": 24207
    },
    {
        "animeEng": "Pichi Pichi Pitch",
        "animeRomaji": "Mermaid Melody: Pichi Pichi Pitch",
        "songName": "Taiyou no Rakuen ~Promised Land~",
        "artist": "Miyuki Kanbe",
        "type": "Opening 1",
        "correctCount": 31,
        "startTime": 8,
        "songDuration": 95.496,
        "songNumber": 70,
        "activePlayerCount": 215,
        "LinkVideo": "https://files.catbox.moe/znrmu5.webm",
        "LinkMp3": "https://files.catbox.moe/o5ml1q.mp3",
        "annId": 2289
    },
    {
        "animeEng": "Magical Girl Spec-Ops Asuka",
        "animeRomaji": "Mah\u014d Sh\u014djo Tokushusen Asuka",
        "songName": "KODO",
        "artist": "nonoc",
        "type": "Opening 1",
        "correctCount": 68,
        "startTime": 9,
        "songDuration": 89.568,
        "songNumber": 71,
        "activePlayerCount": 215,
        "LinkVideo": "https://files.catbox.moe/8ojg8g.webm",
        "LinkMp3": "https://files.catbox.moe/drubvq.mp3",
        "annId": 21226
    },
    {
        "animeEng": "Takamiya Nasuno Desu!",
        "animeRomaji": "Takamiya Nasuno Desu!",
        "songName": "Kogane no Kinderella ~Gozen 0-ji ni Mah\u014d wa Hodokezu~",
        "artist": "Ky\u014dko Narumi",
        "type": "Opening 1",
        "correctCount": 64,
        "startTime": 0,
        "songDuration": 29.064,
        "songNumber": 72,
        "activePlayerCount": 216,
        "LinkVideo": "https://files.catbox.moe/n0av83.webm",
        "LinkMp3": "https://files.catbox.moe/th2pnm.mp3",
        "annId": 16640
    },
    {
        "animeEng": "Fate/Grand Order Absolute Demonic Front: Babylonia",
        "animeRomaji": "Fate/Grand Order: Zettai Majuu Sensen Babylonia",
        "songName": "Shikisai",
        "artist": "Maaya Sakamoto",
        "type": "Insert Song",
        "correctCount": 67,
        "startTime": 123,
        "songDuration": 209.616,
        "songNumber": 73,
        "activePlayerCount": 216,
        "LinkVideo": "https://files.catbox.moe/6fhzra.webm",
        "LinkMp3": "https://files.catbox.moe/nzld9g.mp3",
        "annId": 23547
    },
    {
        "animeEng": "The Case Study of Vanitas",
        "animeRomaji": "Vanitas no Karte",
        "songName": "Sora to Utsuro",
        "artist": "sasanomaly",
        "type": "Opening 1",
        "correctCount": 103,
        "startTime": 10,
        "songDuration": 86.4,
        "songNumber": 74,
        "activePlayerCount": 217,
        "LinkVideo": "https://files.catbox.moe/skgisy.webm",
        "LinkMp3": "https://files.catbox.moe/7zmjlv.mp3",
        "annId": 24207
    },
    {
        "animeEng": "Hozuki's Coolheadedness",
        "animeRomaji": "H\u014dzuki no Reitetsu",
        "songName": "Dai! Jigoku Jigobushi",
        "artist": "Jigoku no Sata All Stars",
        "type": "Opening 1",
        "correctCount": 104,
        "startTime": 46,
        "songDuration": 89.016,
        "songNumber": 75,
        "activePlayerCount": 219,
        "LinkVideo": "https://files.catbox.moe/hygy55.webm",
        "LinkMp3": "https://files.catbox.moe/e9b9ep.mp3",
        "annId": 19364
    },
    {
        "animeEng": "Conan, the Boy in Future",
        "animeRomaji": "Mirai Sh\u014dnen Conan",
        "songName": "Natsukashii Asa",
        "artist": "Naoko Ken",
        "type": "Ending 1",
        "correctCount": 1,
        "startTime": 65,
        "songDuration": 103.704,
        "songNumber": 76,
        "activePlayerCount": 220,
        "LinkVideo": "https://files.catbox.moe/e3gxcz.webm",
        "LinkMp3": "https://files.catbox.moe/fi3udq.mp3",
        "annId": 20073,
        "correctPlayers": [
            "ozsauce"
        ]
    },
    {
        "animeEng": "Ai-Mai-Mi Surgical Friends",
        "animeRomaji": "Choboraunyopomi Gekij\u014d Daisanmaku Ai Mai Mi: Surgical Friends",
        "songName": "Zenin Shuug\u014d Ai Mai Mii!!!",
        "artist": "Aya Uchida, Maaya Uchida, Yuka \u014ctsubo",
        "type": "Opening 1",
        "correctCount": 17,
        "startTime": 1,
        "songDuration": 29.570104,
        "songNumber": 77,
        "activePlayerCount": 222,
        "LinkVideo": "https://files.catbox.moe/nhmvic.webm",
        "LinkMp3": "https://files.catbox.moe/dkt14c.mp3",
        "annId": 18869
    },
    {
        "animeEng": "Digimon Adventure tri. Chapter 6: Our Future",
        "animeRomaji": "Digimon Adventure tri. Bokura no Mirai",
        "songName": "Butter-Fly~tri.Version~",
        "artist": "Erabareshi Kodomo-tachi, Digimon Sinkers, Ayumi Miyazaki, AiM with Kouji Wada",
        "type": "Ending 1",
        "correctCount": 26,
        "startTime": 20,
        "songDuration": 253.096058,
        "songNumber": 78,
        "activePlayerCount": 222,
        "LinkVideo": "https://files.catbox.moe/zu01e3.webm",
        "LinkMp3": "https://files.catbox.moe/f19lzv.mp3",
        "annId": 20474
    },
    {
        "animeEng": "The Rose of Versailles",
        "animeRomaji": "Versailles no Bara",
        "songName": "Ai no Hikari to Kage",
        "artist": "Hiroko Suzuki",
        "type": "Ending 1",
        "correctCount": 29,
        "startTime": 0,
        "songDuration": 69.552,
        "songNumber": 79,
        "activePlayerCount": 222,
        "LinkVideo": "https://files.catbox.moe/dre7u4.webm",
        "LinkMp3": "https://files.catbox.moe/zedsmr.mp3",
        "annId": 451
    },
    {
        "animeEng": "Mah\u014dtsukai Sally",
        "animeRomaji": "Mah\u014dtsukai Sally",
        "songName": "Mahoutsukai Sally no Uta",
        "artist": "Three Graces",
        "type": "Opening 1",
        "correctCount": 154,
        "startTime": 10,
        "songDuration": 64.296,
        "songNumber": 80,
        "activePlayerCount": 222,
        "LinkVideo": "https://files.catbox.moe/5fjrf3.webm",
        "LinkMp3": "https://files.catbox.moe/3eqoug.mp3",
        "annId": 1385
    },
    {
        "animeEng": "Rent-a-Girlfriend",
        "animeRomaji": "Kanojo, Okarishimasu",
        "songName": "FIRST DROP",
        "artist": "halca",
        "type": "Ending 2",
        "correctCount": 84,
        "startTime": 25,
        "songDuration": 89.064,
        "songNumber": 81,
        "activePlayerCount": 222,
        "LinkVideo": "https://files.catbox.moe/rsue65.webm",
        "LinkMp3": "https://files.catbox.moe/mfx7bo.mp3",
        "annId": 22933
    },
    {
        "animeEng": "Girlish Number",
        "animeRomaji": "gi(a)rlish number",
        "songName": "Ketsui no Daiya",
        "artist": "kohaluna",
        "type": "Opening 1",
        "correctCount": 17,
        "startTime": 32,
        "songDuration": 88.368,
        "songNumber": 82,
        "activePlayerCount": 223,
        "LinkVideo": "https://files.catbox.moe/h556nl.webm",
        "LinkMp3": "https://files.catbox.moe/pxbtzd.mp3",
        "annId": 18676
    },
    {
        "animeEng": "KanColle Movie",
        "animeRomaji": "Fleet Girls Collection KanColle Movie Sequence",
        "songName": "Kikan",
        "artist": "Shiena Nishizawa",
        "type": "Ending 1",
        "correctCount": 24,
        "startTime": 221,
        "songDuration": 294.456,
        "songNumber": 83,
        "activePlayerCount": 223,
        "LinkVideo": "https://files.catbox.moe/4z56mv.webm",
        "LinkMp3": "https://files.catbox.moe/7omrta.mp3",
        "annId": 18245
    },
    {
        "animeEng": "Kannagi",
        "animeRomaji": "Kannagi",
        "songName": "Hello Daizu no Uta",
        "artist": "Haruka Tomatsu",
        "type": "Insert Song",
        "correctCount": 18,
        "startTime": 1,
        "songDuration": 32.112,
        "songNumber": 84,
        "activePlayerCount": 222,
        "LinkVideo": "https://files.catbox.moe/hu6fxw.webm",
        "LinkMp3": "https://files.catbox.moe/2i5vdg.mp3",
        "annId": 9295
    },
    {
        "animeEng": "Actually, I Am\u2026",
        "animeRomaji": "Jitsu wa Watashi wa",
        "songName": "Himitsu o Ch\u014ddai",
        "artist": "Ars Magna",
        "type": "Opening 1",
        "correctCount": 79,
        "startTime": 4,
        "songDuration": 89.568,
        "songNumber": 85,
        "activePlayerCount": 216,
        "LinkVideo": "https://files.catbox.moe/s7ja7x.webm",
        "LinkMp3": "https://files.catbox.moe/mvas6d.mp3",
        "annId": 16733
    }
]