[
    {
        "animeEng": "King of Prism: Shiny Seven Stars",
        "animeRomaji": "King of Prism: Shiny Seven Stars",
        "songName": "Over the Sunshine!",
        "artist": "Junta Terashima with Over The Rainbow",
        "type": "Insert Song",
        "correctCount": 14,
        "startTime": 0,
        "songDuration": 20.28,
        "songNumber": 1,
        "activePlayerCount": 174,
        "LinkVideo": "https://files.catbox.moe/fwje84.webm",
        "LinkMp3": "https://files.catbox.moe/12ntrb.mp3",
        "annId": 21194
    },
    {
        "animeEng": "Sailor Moon Crystal",
        "animeRomaji": "Bish\u014djo Senshi Sailor Moon Crystal",
        "songName": "MOON PRIDE!",
        "artist": "Momoiro Clover Z",
        "type": "Opening 1",
        "correctCount": 61,
        "startTime": 15,
        "songDuration": 86.016,
        "songNumber": 2,
        "activePlayerCount": 178,
        "LinkVideo": "https://files.catbox.moe/xtsqly.webm",
        "LinkMp3": "https://files.catbox.moe/eei3gq.mp3",
        "annId": 15693
    },
    {
        "animeEng": "Yutori-chan",
        "animeRomaji": "Yutori-chan",
        "songName": "MAJI-karu 10-dai\u2606Yume Otome!! ~Yume to Wakai wo Torimodose!!~",
        "artist": "ave;new project feat. Saori Sakura",
        "type": "Insert Song",
        "correctCount": 5,
        "startTime": 5,
        "songDuration": 59.688,
        "songNumber": 3,
        "activePlayerCount": 183,
        "LinkVideo": "https://files.catbox.moe/lxyizo.webm",
        "LinkMp3": "https://files.catbox.moe/72qsgo.mp3",
        "annId": 11219,
        "correctPlayers": [
            "watashiii",
            "Shuuka",
            "Hejsan",
            "theyingster",
            "LoveRiceShower"
        ]
    },
    {
        "animeEng": "Detective Conan: The Fist of Blue Sapphire",
        "animeRomaji": "Detective Conan: The Fist of Blue Sapphire",
        "songName": "BLUE SAPPHIRE",
        "artist": "HIROOMI TOSAKA",
        "type": "Ending 1",
        "correctCount": 70,
        "startTime": 28,
        "songDuration": 229.056,
        "songNumber": 4,
        "activePlayerCount": 184,
        "LinkVideo": "https://files.catbox.moe/7thn4w.webm",
        "LinkMp3": "https://files.catbox.moe/foez2i.mp3",
        "annId": 22156
    },
    {
        "animeEng": "Star\u2606Twinkle Precure: Hoshi no Uta ni Omoi o Komete",
        "animeRomaji": "Star\u2606Twinkle Precure: Hoshi no Uta ni Omoi o Komete",
        "songName": "Seiza no Chikara",
        "artist": "Chihaya Yoshitake",
        "type": "Insert Song",
        "correctCount": 3,
        "startTime": 148,
        "songDuration": 206.856,
        "songNumber": 5,
        "activePlayerCount": 185,
        "LinkVideo": "https://files.catbox.moe/emuiwg.webm",
        "LinkMp3": "https://files.catbox.moe/w930ge.mp3",
        "annId": 22254,
        "correctPlayers": [
            "Carlos1218",
            "Spitzell",
            "ShiroKuro"
        ]
    },
    {
        "animeEng": "Bounty Hunter: The Hard",
        "animeRomaji": "Bounty Hunter: The Hard",
        "songName": "Silencer",
        "artist": "Masakatsu Funaki",
        "type": "Ending 1",
        "correctCount": 1,
        "startTime": 41,
        "songDuration": 192.552,
        "songNumber": 6,
        "activePlayerCount": 187,
        "LinkVideo": "https://files.catbox.moe/wpxv62.webm",
        "LinkMp3": "https://files.catbox.moe/2onyaf.mp3",
        "annId": 3296,
        "correctPlayers": [
            "watashiii"
        ]
    },
    {
        "animeEng": "Shakugan no Shana III (Final)",
        "animeRomaji": "Shakugan no Shana III (Final)",
        "songName": "One",
        "artist": "ALTIMA",
        "type": "Ending 2",
        "correctCount": 26,
        "startTime": 44,
        "songDuration": 90.264,
        "songNumber": 7,
        "activePlayerCount": 191,
        "LinkVideo": "https://files.catbox.moe/uzl16d.webm",
        "LinkMp3": "https://files.catbox.moe/dqcioh.mp3",
        "annId": 13003
    },
    {
        "animeEng": "PriPara",
        "animeRomaji": "PriPara",
        "songName": "Dream Parade",
        "artist": "Himika Akaneya",
        "type": "Insert Song",
        "correctCount": 52,
        "startTime": 20,
        "songDuration": 136.512,
        "songNumber": 8,
        "activePlayerCount": 191,
        "LinkVideo": "https://files.catbox.moe/zpc4kb.webm",
        "LinkMp3": "https://files.catbox.moe/cwza85.mp3",
        "annId": 16674
    },
    {
        "animeEng": "The Disastrous Life of Saiki K.",
        "animeRomaji": "Saiki Kusuo no Psi Nan",
        "songName": "Kokoro",
        "artist": "Natsuki Hanae",
        "type": "Ending 2",
        "correctCount": 70,
        "startTime": 25,
        "songDuration": 89.88,
        "songNumber": 9,
        "activePlayerCount": 192,
        "LinkVideo": "https://files.catbox.moe/6nfpbk.webm",
        "LinkMp3": "https://files.catbox.moe/qrfz1h.mp3",
        "annId": 18401
    },
    {
        "animeEng": "Kuma Kuma Kuma Bear",
        "animeRomaji": "Kuma Kuma Kuma Bear",
        "songName": "Ano ne. -loved ones ver-",
        "artist": "Maki Kawase & Azumi Waki",
        "type": "Ending 2",
        "correctCount": 55,
        "startTime": 20,
        "songDuration": 104.976,
        "songNumber": 10,
        "activePlayerCount": 195,
        "LinkVideo": "https://files.catbox.moe/nesh6v.webm",
        "LinkMp3": "https://files.catbox.moe/zx9g4k.mp3",
        "annId": 23127
    },
    {
        "animeEng": "Initial D: Fourth Stage",
        "animeRomaji": "Initial D: Fourth Stage",
        "songName": "Nobody reason ~Noah no Hakobune~",
        "artist": "move",
        "type": "Ending 2",
        "correctCount": 20,
        "startTime": 11,
        "songDuration": 119.4,
        "songNumber": 11,
        "activePlayerCount": 196,
        "LinkVideo": "https://files.catbox.moe/7gwsz5.webm",
        "LinkMp3": "https://files.catbox.moe/sowfjj.mp3",
        "annId": 3396
    },
    {
        "animeEng": "How a Realist Hero Rebuilt the Kingdom",
        "animeRomaji": "Genjitsu Shugi Yuusha no \u014ckoku Saikenki",
        "songName": "Give a reason",
        "artist": "Reina Ueda",
        "type": "Insert Song",
        "correctCount": 111,
        "startTime": 15,
        "songDuration": 44.568,
        "songNumber": 12,
        "activePlayerCount": 195,
        "LinkVideo": "https://files.catbox.moe/fm2p12.webm",
        "LinkMp3": "https://files.catbox.moe/2efd7y.mp3",
        "annId": 23754
    },
    {
        "animeEng": "Love Live! Sunshine!! The School Idol Movie Over the Rainbow",
        "animeRomaji": "Love Live! Sunshine!! The School Idol Movie Over the Rainbow",
        "songName": "Tousou Meisou M\u00f6bius Loop",
        "artist": "Nanaka Suwa, Arisa Komiya, Aina Suzuki",
        "type": "Insert Song",
        "correctCount": 19,
        "startTime": 12,
        "songDuration": 116.04,
        "songNumber": 13,
        "activePlayerCount": 198,
        "LinkVideo": "https://files.catbox.moe/50sjv3.webm",
        "LinkMp3": "https://files.catbox.moe/4tqw2x.mp3",
        "annId": 21110
    },
    {
        "animeEng": "Asteroid in Love",
        "animeRomaji": "Koisuru Asteroid",
        "songName": "Aruite Ik\u014d!",
        "artist": "Nao T\u014dyama",
        "type": "Opening 1",
        "correctCount": 53,
        "startTime": 24,
        "songDuration": 88.56,
        "songNumber": 14,
        "activePlayerCount": 200,
        "LinkVideo": "https://files.catbox.moe/e2vk4s.webm",
        "LinkMp3": "https://files.catbox.moe/brc2fr.mp3",
        "annId": 22609
    },
    {
        "animeEng": "Pretty Boy Detective Club",
        "animeRomaji": "Bish\u014dnen Tanteidan",
        "songName": "Beautiful Reasoning",
        "artist": "Bish\u014dnen Tanteidan",
        "type": "Ending 1",
        "correctCount": 46,
        "startTime": 56,
        "songDuration": 89.112,
        "songNumber": 15,
        "activePlayerCount": 199,
        "LinkVideo": "https://files.catbox.moe/s0ox7y.webm",
        "LinkMp3": "https://files.catbox.moe/2o4hky.mp3",
        "annId": 23985
    },
    {
        "animeEng": "The Adventures of Mini-Goddess",
        "animeRomaji": "Aa Megami-sama: Chicchai tte Koto wa Benri da ne",
        "songName": "Denwa Shite Darling",
        "artist": "Yuki Ishii",
        "type": "Ending 1",
        "correctCount": 2,
        "startTime": 33,
        "songDuration": 90.072,
        "songNumber": 16,
        "activePlayerCount": 200,
        "LinkVideo": "https://files.catbox.moe/jfipd7.webm",
        "LinkMp3": "https://files.catbox.moe/y1gc4b.mp3",
        "annId": 266,
        "correctPlayers": [
            "Vitoas",
            "NijinoYume721"
        ]
    },
    {
        "animeEng": "Yume ga Sameru Made",
        "animeRomaji": "Yume ga Sameru Made",
        "songName": "66 G\u014dsen",
        "artist": "BUMP OF CHICKEN",
        "type": "Insert Song",
        "correctCount": 11,
        "startTime": 24,
        "songDuration": 54.888,
        "songNumber": 17,
        "activePlayerCount": 200,
        "LinkVideo": "https://files.catbox.moe/nek0xb.webm",
        "LinkMp3": "https://files.catbox.moe/fm6lsr.mp3",
        "annId": 23874
    },
    {
        "animeEng": "Ace of the Diamond Second Season",
        "animeRomaji": "Daiya no Ace: Second Season",
        "songName": "Perfect HERO",
        "artist": "Tom-H@ck featuring Masayoshi \u014cishi",
        "type": "Opening 2",
        "correctCount": 49,
        "startTime": 30,
        "songDuration": 89.049898,
        "songNumber": 18,
        "activePlayerCount": 201,
        "LinkVideo": "https://files.catbox.moe/nntiv6.webm",
        "LinkMp3": "https://files.catbox.moe/o0451i.mp3",
        "annId": 16826
    },
    {
        "animeEng": "Shin Megami Tensei Devil Children",
        "animeRomaji": "Shin Megami Tensei Devil Children",
        "songName": "IDOLL",
        "artist": "FAIRY FORE",
        "type": "Ending 2",
        "correctCount": 7,
        "startTime": 40,
        "songDuration": 89.136,
        "songNumber": 19,
        "activePlayerCount": 200,
        "LinkVideo": "https://files.catbox.moe/gsuosp.webm",
        "LinkMp3": "https://files.catbox.moe/ziglqk.mp3",
        "annId": 1847
    },
    {
        "animeEng": "Anime De Training! Ex",
        "animeRomaji": "Ani Tore! EX",
        "songName": "Vital\u2606Exercise",
        "artist": "Miku It\u014d, Azumi Waki, Miyu Komaki, Maria Naganawa, Kanon Takao",
        "type": "Ending 1",
        "correctCount": 35,
        "startTime": 0,
        "songDuration": 29.472,
        "songNumber": 20,
        "activePlayerCount": 204,
        "LinkVideo": "https://files.catbox.moe/afol49.webm",
        "LinkMp3": "https://files.catbox.moe/4zy82w.mp3",
        "annId": 17599
    },
    {
        "animeEng": "Duel Masters King",
        "animeRomaji": "Duel Masters King",
        "songName": "Kinkira KING",
        "artist": "Hayabusa",
        "type": "Opening 1",
        "correctCount": 3,
        "startTime": 24,
        "songDuration": 89.616,
        "songNumber": 21,
        "activePlayerCount": 204,
        "LinkVideo": "https://files.catbox.moe/nvsglo.webm",
        "LinkMp3": "https://files.catbox.moe/ptok9b.mp3",
        "annId": 23162,
        "correctPlayers": [
            "Shuuka",
            "Rukawa11",
            "Thalego"
        ]
    },
    {
        "animeEng": "Hinamatsuri",
        "animeRomaji": "Hinamatsuri",
        "songName": "Distance",
        "artist": "Rie Murakawa",
        "type": "Opening 1",
        "correctCount": 81,
        "startTime": 7,
        "songDuration": 88.056,
        "songNumber": 22,
        "activePlayerCount": 203,
        "LinkVideo": "https://files.catbox.moe/wrl3l8.webm",
        "LinkMp3": "https://files.catbox.moe/pztl6j.mp3",
        "annId": 20335
    },
    {
        "animeEng": "Mini Hama: Minimum Hamatora",
        "animeRomaji": "Mini Hama: Minimum Hamatora",
        "songName": "Little Crazy",
        "artist": "Hamatora - Ryota Osaka & Wataru Hatano",
        "type": "Ending 1",
        "correctCount": 3,
        "startTime": 6,
        "songDuration": 44.424,
        "songNumber": 23,
        "activePlayerCount": 201,
        "LinkVideo": "https://files.catbox.moe/g43ee3.webm",
        "LinkMp3": "https://files.catbox.moe/efjolp.mp3",
        "annId": 23017,
        "correctPlayers": [
            "Shuuka",
            "theyingster",
            "Hibari"
        ]
    },
    {
        "animeEng": "AD Police",
        "animeRomaji": "AD Police",
        "songName": "WHAT A FOOL I AM",
        "artist": "LOU BONNEVIE",
        "type": "Ending 1",
        "correctCount": 11,
        "startTime": 27,
        "songDuration": 171.696,
        "songNumber": 24,
        "activePlayerCount": 203,
        "LinkVideo": "https://files.catbox.moe/6buj6c.webm",
        "LinkMp3": "https://files.catbox.moe/rsgwa8.mp3",
        "annId": 361
    },
    {
        "animeEng": "Squid Girl",
        "animeRomaji": "Shinryaku! Ika Musume",
        "songName": "Shinryaku no Susume",
        "artist": "ULTRA-PRISM with Hisako Kanemoto",
        "type": "Opening 1",
        "correctCount": 91,
        "startTime": 55,
        "songDuration": 89.064,
        "songNumber": 25,
        "activePlayerCount": 202,
        "LinkVideo": "https://files.catbox.moe/t4exn3.webm",
        "LinkMp3": "https://files.catbox.moe/jj5la2.mp3",
        "annId": 11421
    },
    {
        "animeEng": "School Rumble: 2nd Semester",
        "animeRomaji": "School Rumble Ni Gakki",
        "songName": "Sentimental Generation",
        "artist": "Ami Tokito",
        "type": "Opening 1",
        "correctCount": 66,
        "startTime": 57,
        "songDuration": 89.568,
        "songNumber": 26,
        "activePlayerCount": 202,
        "LinkVideo": "https://files.catbox.moe/zaz3a6.webm",
        "LinkMp3": "https://files.catbox.moe/031iap.mp3",
        "annId": 6375
    },
    {
        "animeEng": "Free! Dive to the Future",
        "animeRomaji": "Free! Dive to the Future",
        "songName": "Heading to Over",
        "artist": "OLDCODEX",
        "type": "Opening 1",
        "correctCount": 31,
        "startTime": 41,
        "songDuration": 89.568,
        "songNumber": 27,
        "activePlayerCount": 202,
        "LinkVideo": "https://files.catbox.moe/ps9tjx.webm",
        "LinkMp3": "https://files.catbox.moe/7q6kvw.mp3",
        "annId": 20895
    },
    {
        "animeEng": "Case Closed The Movie: The Time Bombed Skyscraper",
        "animeRomaji": "Meitantei Conan: Tokei Jikake no Matenr\u014d",
        "songName": "Happy Birthday",
        "artist": "Kyoko",
        "type": "Ending 1",
        "correctCount": 20,
        "startTime": 124,
        "songDuration": 179.472,
        "songNumber": 28,
        "activePlayerCount": 202,
        "LinkVideo": "https://files.catbox.moe/2uvyxo.webm",
        "LinkMp3": "https://files.catbox.moe/kyz30k.mp3",
        "annId": 2679
    },
    {
        "animeEng": "Yozakura Quartet: Hana no Uta",
        "animeRomaji": "Yozakura Quartet: Hana no Uta",
        "songName": "Sakura no Ato (all quartets lead to the?)",
        "artist": "UNISON SQUARE GARDEN",
        "type": "Opening 1",
        "correctCount": 53,
        "startTime": 8,
        "songDuration": 89.04,
        "songNumber": 29,
        "activePlayerCount": 203,
        "LinkVideo": "https://files.catbox.moe/hn4ie0.webm",
        "LinkMp3": "https://files.catbox.moe/k4mjxz.mp3",
        "annId": 15287
    },
    {
        "animeEng": "Kakegurui",
        "animeRomaji": "Kakegurui",
        "songName": "Deal with the devil",
        "artist": "Tia",
        "type": "Opening 1",
        "correctCount": 190,
        "startTime": 48,
        "songDuration": 95.064,
        "songNumber": 30,
        "activePlayerCount": 201,
        "LinkVideo": "https://files.catbox.moe/d8sqk8.webm",
        "LinkMp3": "https://files.catbox.moe/90t6bx.mp3",
        "annId": 19102
    },
    {
        "animeEng": "Yoiko",
        "animeRomaji": "Yoiko",
        "songName": "Akane-iro no Omoi",
        "artist": "Juliana Schano",
        "type": "Opening 1",
        "correctCount": 11,
        "startTime": 28,
        "songDuration": 60.168,
        "songNumber": 31,
        "activePlayerCount": 201,
        "LinkVideo": "https://files.catbox.moe/modffe.webm",
        "LinkMp3": "https://files.catbox.moe/ajgxec.mp3",
        "annId": 2949
    },
    {
        "animeEng": "Dies irae",
        "animeRomaji": "Dies irae",
        "songName": "Kadenz",
        "artist": "Yui Sakakibara",
        "type": "Opening 1",
        "correctCount": 56,
        "startTime": 54,
        "songDuration": 84.504,
        "songNumber": 32,
        "activePlayerCount": 200,
        "LinkVideo": "https://files.catbox.moe/ob7ii9.webm",
        "LinkMp3": "https://files.catbox.moe/upbsdj.mp3",
        "annId": 19395
    },
    {
        "animeEng": "Teekyuu",
        "animeRomaji": "Teekyuu",
        "songName": "Botsuraku Kizoku no Tame no Teekyuu",
        "artist": "Yui Watanabe",
        "type": "Opening 1",
        "correctCount": 162,
        "startTime": 1,
        "songDuration": 29.928,
        "songNumber": 33,
        "activePlayerCount": 200,
        "LinkVideo": "https://files.catbox.moe/qmkksy.webm",
        "LinkMp3": "https://files.catbox.moe/e004i4.mp3",
        "annId": 14613
    },
    {
        "animeEng": "Hakkenden: Eight Dogs of the East",
        "animeRomaji": "Hakkenden: T\u014dh\u014d Hakken Ibun",
        "songName": "Yuki no Hitohira",
        "artist": "Hitomi Kuroishi",
        "type": "Insert Song",
        "correctCount": 10,
        "startTime": 23,
        "songDuration": 116.064,
        "songNumber": 34,
        "activePlayerCount": 201,
        "LinkVideo": "https://files.catbox.moe/a0zxmu.webm",
        "LinkMp3": "https://files.catbox.moe/zsef57.mp3",
        "annId": 14433
    },
    {
        "animeEng": "Pokemon: The Mastermind of Mirage Pokemon",
        "animeRomaji": "Senritsu no Mirage Pok\u00e9mon",
        "songName": "Pok\u00e9mon Go!",
        "artist": "Pia Toscano, Melanie Charles, Horace Michael",
        "type": "Opening 1",
        "correctCount": 14,
        "startTime": 0,
        "songDuration": 45.048,
        "songNumber": 35,
        "activePlayerCount": 202,
        "LinkVideo": "https://files.catbox.moe/enxw3w.webm",
        "LinkMp3": "https://files.catbox.moe/v63f5i.mp3",
        "annId": 6258
    },
    {
        "animeEng": "Candy Candy",
        "animeRomaji": "Candy Candy",
        "songName": "Candy Candy",
        "artist": "Mitsuko Horie & The Chirps",
        "type": "Opening 1",
        "correctCount": 40,
        "startTime": 6,
        "songDuration": 69.249422,
        "songNumber": 36,
        "activePlayerCount": 203,
        "LinkVideo": "https://files.catbox.moe/a2ja9f.webm",
        "LinkMp3": "https://files.catbox.moe/jen50t.mp3",
        "annId": 545
    },
    {
        "animeEng": "Yadamon: Magical Dreamer",
        "animeRomaji": "Yadamon",
        "songName": "Nantettatte Yadamon",
        "artist": "Issei Futamata, Mami Suzuki, Rie Iwatsubo",
        "type": "Insert Song",
        "correctCount": 133,
        "startTime": 26,
        "songDuration": 78.49661,
        "songNumber": 37,
        "activePlayerCount": 202,
        "LinkVideo": "https://files.catbox.moe/kwyozr.webm",
        "LinkMp3": "https://files.catbox.moe/7p6uf0.mp3",
        "annId": 1389
    },
    {
        "animeEng": "Aware! Meisaku-kun",
        "animeRomaji": "Aware! Meisaku-kun",
        "songName": "Ryuugu Shougakkou Kouka",
        "artist": "Akiyuki Nasu, Kensho Ono, Manabu Kaneko, Shigeki Nakanishi, Taigi Asuwa",
        "type": "Insert Song",
        "correctCount": 3,
        "startTime": 26,
        "songDuration": 82.80674,
        "songNumber": 38,
        "activePlayerCount": 203,
        "LinkVideo": "https://files.catbox.moe/rgom85.webm",
        "LinkMp3": "https://files.catbox.moe/3uqerh.mp3",
        "annId": 24132,
        "correctPlayers": [
            "Ufokoira",
            "theyingster",
            "Lone"
        ]
    },
    {
        "animeEng": "11eyes",
        "animeRomaji": "11eyes",
        "songName": "Arrival of Tears",
        "artist": "Ayane",
        "type": "Opening 1",
        "correctCount": 79,
        "startTime": 7,
        "songDuration": 86.904,
        "songNumber": 39,
        "activePlayerCount": 202,
        "LinkVideo": "https://files.catbox.moe/t5tlxs.webm",
        "LinkMp3": "https://files.catbox.moe/wlwzb6.mp3",
        "annId": 11226
    },
    {
        "animeEng": "The Fruit of Evolution: Before I Knew It, My Life Had It Made",
        "animeRomaji": "Shinka no Mi: Shiranai Uchi ni Kachigumi Jinsei",
        "songName": "Moonlight Walk",
        "artist": "Poppin'Party",
        "type": "Ending 1",
        "correctCount": 41,
        "startTime": 11,
        "songDuration": 89.616,
        "songNumber": 40,
        "activePlayerCount": 203,
        "LinkVideo": "https://files.catbox.moe/6l8ha9.webm",
        "LinkMp3": "https://files.catbox.moe/yytq8r.mp3",
        "annId": 23975
    },
    {
        "animeEng": "UzaMaid!",
        "animeRomaji": "Uchi no Maid ga Uzasugiru!",
        "songName": "Tokimeki\u2606Climax",
        "artist": "Manami Numakura & Haruka Shiraishi",
        "type": "Ending 1",
        "correctCount": 47,
        "startTime": 6,
        "songDuration": 89.496,
        "songNumber": 41,
        "activePlayerCount": 203,
        "LinkVideo": "https://files.catbox.moe/1g2zh9.webm",
        "LinkMp3": "https://files.catbox.moe/n6ahzn.mp3",
        "annId": 20845
    },
    {
        "animeEng": "Haikyu!! To the Top",
        "animeRomaji": "Haikyu!! To the Top",
        "songName": "Toppakou",
        "artist": "SUPER BEAVER",
        "type": "Opening 1",
        "correctCount": 91,
        "startTime": 17,
        "songDuration": 88.728,
        "songNumber": 42,
        "activePlayerCount": 204,
        "LinkVideo": "https://files.catbox.moe/0fwzia.webm",
        "LinkMp3": "https://files.catbox.moe/jddxqj.mp3",
        "annId": 23165
    },
    {
        "animeEng": "Josee, the Tiger and the Fish",
        "animeRomaji": "Josee to Tora to Sakana-tachi",
        "songName": "Ao no Waltz",
        "artist": "Eve",
        "type": "Ending 1",
        "correctCount": 52,
        "startTime": 87,
        "songDuration": 270.744,
        "songNumber": 43,
        "activePlayerCount": 203,
        "LinkVideo": "https://files.catbox.moe/nro3t8.webm",
        "LinkMp3": "https://files.catbox.moe/c99dni.mp3",
        "annId": 22907
    },
    {
        "animeEng": "Artiswitch",
        "animeRomaji": "Artiswitch",
        "songName": "GHOST FOOD",
        "artist": "Moe Shop (feat.TORIENA)",
        "type": "Insert Song",
        "correctCount": 4,
        "startTime": 14,
        "songDuration": 103.536,
        "songNumber": 44,
        "activePlayerCount": 203,
        "LinkVideo": "https://files.catbox.moe/evqqya.webm",
        "LinkMp3": "https://files.catbox.moe/9fktym.mp3",
        "annId": 24373,
        "correctPlayers": [
            "Handre",
            "YoshiNuber",
            "LoveRiceShower",
            "DKing20"
        ]
    },
    {
        "animeEng": "Cells at Work!!",
        "animeRomaji": "Hataraku Saib\u014d!!",
        "songName": "Banban! Babaan!",
        "artist": "Maria Naganawa, Manaka Iwami",
        "type": "Insert Song",
        "correctCount": 38,
        "startTime": 13,
        "songDuration": 51.072,
        "songNumber": 45,
        "activePlayerCount": 204,
        "LinkVideo": "https://files.catbox.moe/mf3jn5.webm",
        "LinkMp3": "https://files.catbox.moe/7yr8z7.mp3",
        "annId": 22007
    },
    {
        "animeEng": "iDOLM@STER: XENOGLOSSIA",
        "animeRomaji": "iDOLM@STER: XENOGLOSSIA",
        "songName": "Yuukyuu no Tabibito ~ Dear boy",
        "artist": "Snow*",
        "type": "Ending 1",
        "correctCount": 8,
        "startTime": 9,
        "songDuration": 103.427,
        "songNumber": 46,
        "activePlayerCount": 206,
        "LinkVideo": "https://files.catbox.moe/zwgmy8.webm",
        "annId": 7442
    },
    {
        "animeEng": "Date A Live II",
        "animeRomaji": "Date A Live II",
        "songName": "Mermaid Lovestory",
        "artist": "Minori Chihara",
        "type": "Insert Song",
        "correctCount": 40,
        "startTime": 42,
        "songDuration": 81.004322,
        "songNumber": 47,
        "activePlayerCount": 206,
        "LinkVideo": "https://files.catbox.moe/jbmhgf.webm",
        "LinkMp3": "https://files.catbox.moe/ke8tjx.mp3",
        "annId": 15790
    },
    {
        "animeEng": "Long Riders!",
        "animeRomaji": "Long Riders!",
        "songName": "Happy Ice Cream!",
        "artist": "Team Fortuna",
        "type": "Ending 1",
        "correctCount": 10,
        "startTime": 47,
        "songDuration": 100.656,
        "songNumber": 48,
        "activePlayerCount": 207,
        "LinkVideo": "https://files.catbox.moe/7zw697.webm",
        "LinkMp3": "https://files.catbox.moe/psm55w.mp3",
        "annId": 16986
    },
    {
        "animeEng": "The Pilot's Love Song",
        "animeRomaji": "Toaru Hikuushi e no Koiuta",
        "songName": "azurite",
        "artist": "petit milady",
        "type": "Opening 1",
        "correctCount": 22,
        "startTime": 32,
        "songDuration": 88.631946,
        "songNumber": 49,
        "activePlayerCount": 203,
        "LinkVideo": "https://files.catbox.moe/c3aop6.webm",
        "LinkMp3": "https://files.catbox.moe/08v6ys.mp3",
        "annId": 15397
    },
    {
        "animeEng": "Magical Angel Sweet Mint",
        "animeRomaji": "Mah\u014d no Angel Sweet Mint",
        "songName": "Paradise GOGO",
        "artist": "Hiroko Kasahara",
        "type": "Insert Song",
        "correctCount": 1,
        "startTime": 15,
        "songDuration": 94.483274,
        "songNumber": 50,
        "activePlayerCount": 201,
        "LinkVideo": "https://files.catbox.moe/n3okvj.webm",
        "LinkMp3": "https://files.catbox.moe/k8oite.mp3",
        "annId": 1393,
        "correctPlayers": [
            "munya"
        ]
    },
    {
        "animeEng": "Bakutsuri Bar Hunter",
        "animeRomaji": "Bakutsuri Bar Hunter",
        "songName": "Yuuj\u014d ZABOOOON!!",
        "artist": "Mikako Komatsu",
        "type": "Ending 1",
        "correctCount": 3,
        "startTime": 6,
        "songDuration": 87.978896,
        "songNumber": 51,
        "activePlayerCount": 200,
        "LinkVideo": "https://files.catbox.moe/mq7ae9.webm",
        "LinkMp3": "https://files.catbox.moe/l3v23p.mp3",
        "annId": 21111,
        "correctPlayers": [
            "Shuuka",
            "Rukawa11",
            "theyingster"
        ]
    },
    {
        "animeEng": "Beatless Final Stage",
        "animeRomaji": "Beatless Final Stage",
        "songName": "Truth.",
        "artist": "TrySail",
        "type": "Opening 1",
        "correctCount": 52,
        "startTime": 13,
        "songDuration": 88.8,
        "songNumber": 52,
        "activePlayerCount": 200,
        "LinkVideo": "https://files.catbox.moe/0gh3ko.webm",
        "LinkMp3": "https://files.catbox.moe/4ltg31.mp3",
        "annId": 21277
    },
    {
        "animeEng": "Puella Magi Madoka Magica the Movie Part 2: Eternal",
        "animeRomaji": "Gekij\u014dban Mah\u014d Sh\u014djo Madoka\u2605Magica K\u014dhen: Eien no Monogatari",
        "songName": "Connect",
        "artist": "ClariS",
        "type": "Insert Song",
        "correctCount": 164,
        "startTime": 8,
        "songDuration": 90.072,
        "songNumber": 53,
        "activePlayerCount": 200,
        "LinkVideo": "https://files.catbox.moe/65zt0n.webm",
        "LinkMp3": "https://files.catbox.moe/wgzrs7.mp3",
        "annId": 14364
    },
    {
        "animeEng": "KONOSUBA: God\u2019s Blessing on This Wonderful World! - Legend of Crimson",
        "animeRomaji": "Kono Subarashii Sekai ni Shukufuku o!: Kurenai Densetsu",
        "songName": "My Home Town",
        "artist": "Sora Amamiya, Rie Takahashi, Ai Kayano",
        "type": "Ending 1",
        "correctCount": 75,
        "startTime": 17,
        "songDuration": 89.616,
        "songNumber": 54,
        "activePlayerCount": 201,
        "LinkVideo": "https://files.catbox.moe/9aowj8.webm",
        "LinkMp3": "https://files.catbox.moe/vljbq4.mp3",
        "annId": 21138
    },
    {
        "animeEng": "Onara Goro",
        "animeRomaji": "Onara Goro",
        "songName": "MECHA DESOUNARA ~Subete ni Sayo Onara~",
        "artist": "AndCrazy",
        "type": "Ending 1",
        "correctCount": 25,
        "startTime": 0,
        "songDuration": 29.568,
        "songNumber": 55,
        "activePlayerCount": 203,
        "LinkVideo": "https://files.catbox.moe/m5isgo.webm",
        "LinkMp3": "https://files.catbox.moe/zyykh5.mp3",
        "annId": 20238
    },
    {
        "animeEng": "Lupin III: the Last Job",
        "animeRomaji": "Lupin Sansei: the Last Job",
        "songName": "Warau Taiyou",
        "artist": "Yuji Ohno&Lupintic Five with Friends feat. Yoshie Nakano (EGO-WRAPPIN')",
        "type": "Ending 1",
        "correctCount": 1,
        "startTime": 83,
        "songDuration": 149.064,
        "songNumber": 56,
        "activePlayerCount": 202,
        "LinkVideo": "https://files.catbox.moe/7em9i8.webm",
        "LinkMp3": "https://files.catbox.moe/1jpadm.mp3",
        "annId": 11231,
        "correctPlayers": [
            "Kaani"
        ]
    },
    {
        "animeEng": "Ping Pong The Animation",
        "animeRomaji": "Ping Pong The Animation",
        "songName": "Tada Hitori",
        "artist": "Bakudan Johnny",
        "type": "Opening 1",
        "correctCount": 86,
        "startTime": 30,
        "songDuration": 89.448,
        "songNumber": 57,
        "activePlayerCount": 202,
        "LinkVideo": "https://files.catbox.moe/9rf1as.webm",
        "LinkMp3": "https://files.catbox.moe/xm1ijc.mp3",
        "annId": 15852
    },
    {
        "animeEng": "Beyblade",
        "animeRomaji": "Bakuten Shoot Beyblade",
        "songName": "Fighting Spirits -Song for Beyblade-",
        "artist": "system-B",
        "type": "Opening 1",
        "correctCount": 29,
        "startTime": 14,
        "songDuration": 89.352,
        "songNumber": 58,
        "activePlayerCount": 203,
        "LinkVideo": "https://files.catbox.moe/3a2zie.webm",
        "LinkMp3": "https://files.catbox.moe/djzzr3.mp3",
        "annId": 931
    },
    {
        "animeEng": "Unlimited Fafnir",
        "animeRomaji": "Juu\u014d Mujin no Fafnir",
        "songName": "Ray of bullet",
        "artist": "Rina Hidaka & Manami Numakura",
        "type": "Ending 1",
        "correctCount": 24,
        "startTime": 9,
        "songDuration": 87.792,
        "songNumber": 59,
        "activePlayerCount": 203,
        "LinkVideo": "https://files.catbox.moe/4rk14m.webm",
        "LinkMp3": "https://files.catbox.moe/bbitru.mp3",
        "annId": 16302
    },
    {
        "animeEng": "given The Movie",
        "animeRomaji": "Eiga given",
        "songName": "Yoru ga Akeru",
        "artist": "Given",
        "type": "Insert Song",
        "correctCount": 30,
        "startTime": 205,
        "songDuration": 278.088,
        "songNumber": 60,
        "activePlayerCount": 202,
        "LinkVideo": "https://files.catbox.moe/gjcjau.webm",
        "LinkMp3": "https://files.catbox.moe/rl2ey3.mp3",
        "annId": 23072
    },
    {
        "animeEng": "GR -GIANT ROBO-",
        "animeRomaji": "GR -GIANT ROBO-",
        "songName": "Answer",
        "artist": "rockwell",
        "type": "Opening 1",
        "correctCount": 3,
        "startTime": 6,
        "songDuration": 88.848,
        "songNumber": 61,
        "activePlayerCount": 202,
        "LinkVideo": "https://files.catbox.moe/q1s0dw.webm",
        "LinkMp3": "https://files.catbox.moe/5md9v5.mp3",
        "annId": 6939,
        "correctPlayers": [
            "Ufokoira",
            "Rukawa11",
            "munya"
        ]
    },
    {
        "animeEng": "Space Patrol Luluco",
        "animeRomaji": "Uchuu Patrol Luluco",
        "songName": "CRYmax Doheijitsu",
        "artist": "Fujirokku (Kari)",
        "type": "Opening 1",
        "correctCount": 74,
        "startTime": 0,
        "songDuration": 28.992,
        "songNumber": 62,
        "activePlayerCount": 201,
        "LinkVideo": "https://files.catbox.moe/zfb1v0.webm",
        "LinkMp3": "https://files.catbox.moe/w046mn.mp3",
        "annId": 18054
    },
    {
        "animeEng": "Hi Score Girl II",
        "animeRomaji": "High Score Girl II",
        "songName": "flash",
        "artist": "sora tob sakana",
        "type": "Opening 1",
        "correctCount": 59,
        "startTime": 4,
        "songDuration": 89.088,
        "songNumber": 63,
        "activePlayerCount": 200,
        "LinkVideo": "https://files.catbox.moe/2sheh9.webm",
        "LinkMp3": "https://files.catbox.moe/h97572.mp3",
        "annId": 22466
    },
    {
        "animeEng": "GIBIATE",
        "animeRomaji": "GIBIATE",
        "songName": "GIBIATE",
        "artist": "Yoshida Brothers feat. SUGIZO",
        "type": "Opening 1",
        "correctCount": 76,
        "startTime": 48,
        "songDuration": 87.264,
        "songNumber": 64,
        "activePlayerCount": 200,
        "LinkVideo": "https://files.catbox.moe/u97clp.webm",
        "LinkMp3": "https://files.catbox.moe/wphcko.mp3",
        "annId": 22314
    },
    {
        "animeEng": "Love Live! Nijigasaki High School Idol Club",
        "animeRomaji": "Love Live! Nijigasaki Gakuen School Idol D\u014dk\u014dkai",
        "songName": "Muteki-kyuu*Believer",
        "artist": "Mayu Sagara",
        "type": "Insert Song",
        "correctCount": 31,
        "startTime": 152,
        "songDuration": 240.216,
        "songNumber": 65,
        "activePlayerCount": 200,
        "LinkVideo": "https://files.catbox.moe/vft9qs.webm",
        "LinkMp3": "https://files.catbox.moe/7ichcd.mp3",
        "annId": 23886
    },
    {
        "animeEng": "Patalliro!",
        "animeRomaji": "Boku Patalliro!",
        "songName": "Cock Robin Ondo",
        "artist": "Fuyumi Shiraishi & Slapstick",
        "type": "Ending 2",
        "correctCount": 5,
        "startTime": 6,
        "songDuration": 98.009744,
        "songNumber": 66,
        "activePlayerCount": 199,
        "LinkVideo": "https://files.catbox.moe/nb8cf3.webm",
        "LinkMp3": "https://files.catbox.moe/rv673t.mp3",
        "annId": 1228,
        "correctPlayers": [
            "Orfey",
            "Rukawa11",
            "theyingster",
            "CedropGlash",
            "munya"
        ]
    },
    {
        "animeEng": "Cardfight!! Vanguard overDress",
        "animeRomaji": "Cardfight!! Vanguard overDress",
        "songName": "START",
        "artist": "Sutopuri",
        "type": "Opening 1",
        "correctCount": 6,
        "startTime": 0,
        "songDuration": 89.16,
        "songNumber": 67,
        "activePlayerCount": 199,
        "LinkVideo": "https://files.catbox.moe/d2clzs.webm",
        "LinkMp3": "https://files.catbox.moe/dqaiac.mp3",
        "annId": 24723
    },
    {
        "animeEng": "Hidamari Sketch \u00d7 Hoshimittsu",
        "animeRomaji": "Hidamari Sketch \u00d7 \u2606\u2606\u2606",
        "songName": "Sakura Sakura Saku ~Ano Hi Kimi o Matsu Sora to Onaji de~",
        "artist": "marble",
        "type": "Ending 1",
        "correctCount": 18,
        "startTime": 59,
        "songDuration": 89.448,
        "songNumber": 68,
        "activePlayerCount": 197,
        "LinkVideo": "https://files.catbox.moe/zjvpa6.webm",
        "LinkMp3": "https://files.catbox.moe/n6epx4.mp3",
        "annId": 11047
    },
    {
        "animeEng": "Koisuru Tenshi Angelique: Kagayaki no Ashita",
        "animeRomaji": "Koisuru Tenshi Angelique: Kagayaki no Ashita",
        "songName": "Doukoku no Ame",
        "artist": "GRANRODEO",
        "type": "Opening 1",
        "correctCount": 6,
        "startTime": 12,
        "songDuration": 85.416,
        "songNumber": 69,
        "activePlayerCount": 196,
        "LinkVideo": "https://files.catbox.moe/oj3i71.webm",
        "LinkMp3": "https://files.catbox.moe/0yrrjk.mp3",
        "annId": 6865
    },
    {
        "animeEng": "Lupin III: The Legend of the Gold of Babylon",
        "animeRomaji": "Lupin Sansei: Babylon no \u014cgon Densetsu",
        "songName": "MANHATTAN JOKE",
        "artist": "Naoko Kawai",
        "type": "Ending 1",
        "correctCount": 16,
        "startTime": 8,
        "songDuration": 101.04,
        "songNumber": 70,
        "activePlayerCount": 196,
        "LinkVideo": "https://files.catbox.moe/riqkw9.webm",
        "LinkMp3": "https://files.catbox.moe/xv9jmt.mp3",
        "annId": 642
    },
    {
        "animeEng": "WorldEnd: What are you doing at the end of the world? Are you busy? Will you save us?",
        "animeRomaji": "Shuumatsu Nani Shitemasu ka? Isogashii Desu ka? Sukutte Moratte Ii Desu ka?",
        "songName": "Scarborough Fair",
        "artist": "Tamaru Yamada",
        "type": "Insert Song",
        "correctCount": 101,
        "startTime": 14,
        "songDuration": 147.168,
        "songNumber": 71,
        "activePlayerCount": 197,
        "LinkVideo": "https://files.catbox.moe/qts77x.webm",
        "LinkMp3": "https://files.catbox.moe/8cux3b.mp3",
        "annId": 18985
    },
    {
        "animeEng": "La Corda D'Oro: primo passo",
        "animeRomaji": "Kin-iro no Corda: Primo Passo",
        "songName": "CRESCENDO",
        "artist": "Stella Quintet",
        "type": "Ending 1",
        "correctCount": 3,
        "startTime": 0,
        "songDuration": 89.544,
        "songNumber": 72,
        "activePlayerCount": 197,
        "LinkVideo": "https://files.catbox.moe/iz50bt.webm",
        "LinkMp3": "https://files.catbox.moe/si8fy1.mp3",
        "annId": 6859,
        "correctPlayers": [
            "yamagucci",
            "theyingster",
            "MKNono"
        ]
    },
    {
        "animeEng": "Star Blazers: The Comet Empire",
        "animeRomaji": "Uchuu Senkan Yamato 2",
        "songName": "Uchuu Senkan Yamato",
        "artist": "Isao Sasaki",
        "type": "Opening 1",
        "correctCount": 96,
        "startTime": 38,
        "songDuration": 71.016,
        "songNumber": 73,
        "activePlayerCount": 197,
        "LinkVideo": "https://files.catbox.moe/zckpfh.webm",
        "LinkMp3": "https://files.catbox.moe/lxfo10.mp3",
        "annId": 1199
    },
    {
        "animeEng": "Your Lie in April",
        "animeRomaji": "KimiUso",
        "songName": "Violin & Piano Sonata No. 9 (Kreutzer Sonata)",
        "artist": "Ludwig Van Beethoven",
        "type": "Insert Song",
        "correctCount": 111,
        "startTime": 9,
        "songDuration": 119.112,
        "songNumber": 74,
        "activePlayerCount": 198,
        "LinkVideo": "https://files.catbox.moe/vdmx53.webm",
        "LinkMp3": "https://files.catbox.moe/snlq62.mp3",
        "annId": 16108
    },
    {
        "animeEng": "Dororo",
        "animeRomaji": "Dororo",
        "songName": "Dororo",
        "artist": "ASIAN KUNG-FU GENERATION",
        "type": "Opening 2",
        "correctCount": 102,
        "startTime": 53,
        "songDuration": 89.016,
        "songNumber": 75,
        "activePlayerCount": 199,
        "LinkVideo": "https://files.catbox.moe/s6ri20.webm",
        "LinkMp3": "https://files.catbox.moe/30s6tu.mp3",
        "annId": 20779
    },
    {
        "animeEng": "Nyaruko: Crawling with Love! F",
        "animeRomaji": "Haiyore! Nyaruko-san F",
        "songName": "Haiyore Once Nyagain",
        "artist": "Ushiro kara Haiyori-tai G",
        "type": "Opening 1",
        "correctCount": 39,
        "startTime": 15,
        "songDuration": 88.848,
        "songNumber": 76,
        "activePlayerCount": 200,
        "LinkVideo": "https://files.catbox.moe/octu9t.webm",
        "LinkMp3": "https://files.catbox.moe/q3omlf.mp3",
        "annId": 16604
    },
    {
        "animeEng": "Hikaru's Go",
        "animeRomaji": "Hikaru no Go",
        "songName": "Get Over ~Special Mix~",
        "artist": "dream",
        "type": "Ending 6",
        "correctCount": 43,
        "startTime": 62,
        "songDuration": 301.238904,
        "songNumber": 77,
        "activePlayerCount": 200,
        "LinkVideo": "https://files.catbox.moe/mq0tfu.webm",
        "LinkMp3": "https://files.catbox.moe/hxe6cr.mp3",
        "annId": 912
    },
    {
        "animeEng": "Sorcerous Stabber Orphen",
        "animeRomaji": "Majutsushi Orphen Haguretabi",
        "songName": "Calling U",
        "artist": "buzz\u2605Vibes",
        "type": "Opening 1",
        "correctCount": 22,
        "startTime": 16,
        "songDuration": 88.152,
        "songNumber": 78,
        "activePlayerCount": 200,
        "LinkVideo": "https://files.catbox.moe/1v99z8.webm",
        "LinkMp3": "https://files.catbox.moe/axzw35.mp3",
        "annId": 21989
    },
    {
        "animeEng": "SHIMONETA: A Boring World Where the Concept of Dirty Jokes Doesn\u2019t Exist",
        "animeRomaji": "Shimoneta to Iu Gainen ga Sonzai Shinai Taikutsu na Sekai",
        "songName": "Inner Urge",
        "artist": "Sumire Uesaka",
        "type": "Ending 1",
        "correctCount": 88,
        "startTime": 4,
        "songDuration": 88.656,
        "songNumber": 79,
        "activePlayerCount": 200,
        "LinkVideo": "https://files.catbox.moe/b54fsn.webm",
        "LinkMp3": "https://files.catbox.moe/87tgma.mp3",
        "annId": 16731
    },
    {
        "animeEng": "You and Me. Season 2",
        "animeRomaji": "Kimi to Boku. 2",
        "songName": "March",
        "artist": "Sh\u014dta Aoi",
        "type": "Insert Song",
        "correctCount": 14,
        "startTime": 21,
        "songDuration": 209.472318,
        "songNumber": 80,
        "activePlayerCount": 199,
        "LinkVideo": "https://files.catbox.moe/i2pyd0.webm",
        "LinkMp3": "https://files.catbox.moe/slbp3u.mp3",
        "annId": 13943
    },
    {
        "animeEng": "Shokugeki no S\u014dma: San no Sara - Erina no Shin Seikatsu",
        "animeRomaji": "Shokugeki no S\u014dma: San no Sara - Erina no Shin Seikatsu",
        "songName": "Kyokyojitsujitsu",
        "artist": "nano.RIPE",
        "type": "Ending 1",
        "correctCount": 82,
        "startTime": 59,
        "songDuration": 88.56,
        "songNumber": 81,
        "activePlayerCount": 200,
        "LinkVideo": "https://files.catbox.moe/1i2xjl.webm",
        "LinkMp3": "https://files.catbox.moe/ga71fu.mp3",
        "annId": 20638
    },
    {
        "animeEng": "Anima Yell!",
        "animeRomaji": "Anima Yell!",
        "songName": "Joyful",
        "artist": "YURiKA",
        "type": "Insert Song",
        "correctCount": 9,
        "startTime": 15,
        "songDuration": 113.064,
        "songNumber": 82,
        "activePlayerCount": 200,
        "LinkVideo": "https://files.catbox.moe/yrtxpo.webm",
        "LinkMp3": "https://files.catbox.moe/qwigsf.mp3",
        "annId": 21227
    },
    {
        "animeEng": "Fist of the North Star",
        "animeRomaji": "Hokuto no Ken",
        "songName": "Ai o Torimodose!!",
        "artist": "Crystal King",
        "type": "Opening 1",
        "correctCount": 101,
        "startTime": 46,
        "songDuration": 91.272,
        "songNumber": 83,
        "activePlayerCount": 200,
        "LinkVideo": "https://files.catbox.moe/6cp460.webm",
        "LinkMp3": "https://files.catbox.moe/9gz2zp.mp3",
        "annId": 204
    },
    {
        "animeEng": "Arpeggio of Blue Steel",
        "animeRomaji": "Aoki Hagane no Arpeggio: Ars Nova",
        "songName": "SAVIOR OF SONG",
        "artist": "nano feat. MY FIRST STORY",
        "type": "Opening 1",
        "correctCount": 87,
        "startTime": 22,
        "songDuration": 86.76,
        "songNumber": 84,
        "activePlayerCount": 200,
        "LinkVideo": "https://files.catbox.moe/0zkcn5.webm",
        "LinkMp3": "https://files.catbox.moe/w3ff4q.mp3",
        "annId": 15359
    },
    {
        "animeEng": "Shironeko Project ZERO Chronicle",
        "animeRomaji": "Shironeko Project ZERO Chronicle",
        "songName": "Libra",
        "artist": "Takanori Nishikawa+ASCA",
        "type": "Opening 1",
        "correctCount": 48,
        "startTime": 48,
        "songDuration": 89.568,
        "songNumber": 85,
        "activePlayerCount": 197,
        "LinkVideo": "https://files.catbox.moe/6mwzmx.webm",
        "LinkMp3": "https://files.catbox.moe/ta0d0m.mp3",
        "annId": 22323
    }
]