[
    {
        "animeEng": "The IDOLM@STER Cinderella Girls Theater",
        "animeRomaji": "The IDOLM@STER Cinderella Girls Theater",
        "songName": "Snow\uff0aLove",
        "artist": "THE IDOLM@STER CINDERELLA GIRLS LITTLE STARS!",
        "type": "Ending 8",
        "correctCount": 8,
        "startTime": 0,
        "songDuration": 29.544,
        "songNumber": 1,
        "activePlayerCount": 134,
        "LinkVideo": "https://files.catbox.moe/tdmw8n.webm",
        "LinkMp3": "https://files.catbox.moe/ssufhl.mp3",
        "annId": 19183
    },
    {
        "animeEng": "Servamp",
        "animeRomaji": "Servamp",
        "songName": "Deal with",
        "artist": "OLDCODEX",
        "type": "Opening 1",
        "correctCount": 33,
        "startTime": 29,
        "songDuration": 89.952,
        "songNumber": 2,
        "activePlayerCount": 145,
        "LinkVideo": "https://files.catbox.moe/mvvrau.webm",
        "LinkMp3": "https://files.catbox.moe/n8sqdo.mp3",
        "annId": 17328
    },
    {
        "animeEng": "To Be Hero",
        "animeRomaji": "To Be Hero",
        "songName": "Watashi no Papa ga Chikyuu o Mamoru ~Wo Die Shouhu Diqiu~",
        "artist": "Kazuyo Lin",
        "type": "Ending 1",
        "correctCount": 40,
        "startTime": 3,
        "songDuration": 59.218574,
        "songNumber": 3,
        "activePlayerCount": 147,
        "LinkVideo": "https://files.catbox.moe/be6mtk.webm",
        "LinkMp3": "https://files.catbox.moe/xy1nsc.mp3",
        "annId": 18728
    },
    {
        "animeEng": "Wangan Midnight",
        "animeRomaji": "Wangan Midnight",
        "songName": "Talkin' bout good days",
        "artist": "Mother Ninja",
        "type": "Ending 1",
        "correctCount": 6,
        "startTime": 27,
        "songDuration": 119.328,
        "songNumber": 4,
        "activePlayerCount": 149,
        "LinkVideo": "https://files.catbox.moe/y9gk27.webm",
        "LinkMp3": "https://files.catbox.moe/8r3ijk.mp3",
        "annId": 7646
    },
    {
        "animeEng": "Crayon Shin-chan: Arashi o Yobu Eik\u014d no Yakiniku Road",
        "animeRomaji": "Crayon Shin-chan: Arashi o Yobu Eik\u014d no Yakiniku Road",
        "songName": "Konna Toki Koso Yakiniku ga Aru",
        "artist": "Nohara Ie All Stars",
        "type": "Ending 1",
        "correctCount": 52,
        "startTime": 139,
        "songDuration": 171.552,
        "songNumber": 5,
        "activePlayerCount": 151,
        "LinkVideo": "https://files.catbox.moe/ypuqre.webm",
        "LinkMp3": "https://files.catbox.moe/f1zo8h.mp3",
        "annId": 6749
    },
    {
        "animeEng": "Megumi to Taiy\u014d II: Kajuu Gummi Tweet Mystery",
        "animeRomaji": "Megumi to Taiy\u014d II: Kajuu Gummi Tweet Mystery - Kieta Sapphire Roman no Nazo",
        "songName": "Jikuu Sapphire",
        "artist": "Nana Mizuki",
        "type": "Ending 1",
        "correctCount": 14,
        "startTime": 62,
        "songDuration": 90.912,
        "songNumber": 6,
        "activePlayerCount": 151,
        "LinkVideo": "https://files.catbox.moe/nmznoy.webm",
        "LinkMp3": "https://files.catbox.moe/6ilm96.mp3",
        "annId": 23877
    },
    {
        "animeEng": "Happiness!",
        "animeRomaji": "Happiness!",
        "songName": "Magical\u2605Generation",
        "artist": "Yui Sakakibara",
        "type": "Ending 1",
        "correctCount": 6,
        "startTime": 24,
        "songDuration": 89.064,
        "songNumber": 7,
        "activePlayerCount": 150,
        "LinkVideo": "https://files.catbox.moe/gq00tr.webm",
        "LinkMp3": "https://files.catbox.moe/jx0iur.mp3",
        "annId": 6800
    },
    {
        "animeEng": "Muhyo & Roji's Bureau of Supernatural Investigation",
        "animeRomaji": "Muhyo to Roji no Mah\u014dritsu S\u014ddan Jimusho",
        "songName": "Proud Days",
        "artist": "NOW ON AIR",
        "type": "Ending 1",
        "correctCount": 3,
        "startTime": 17,
        "songDuration": 88.872,
        "songNumber": 8,
        "activePlayerCount": 151,
        "LinkVideo": "https://files.catbox.moe/oa0f4q.webm",
        "LinkMp3": "https://files.catbox.moe/lk8iyj.mp3",
        "annId": 22979,
        "correctPlayers": [
            "Pabloblade",
            "HondaTohru",
            "FairyS"
        ]
    },
    {
        "animeEng": "Himitsu no Akko-chan",
        "animeRomaji": "Himitsu no Akko-chan",
        "songName": "Himitsu no Akko-chan",
        "artist": "Kyoko Okada",
        "type": "Opening 1",
        "correctCount": 110,
        "startTime": 22,
        "songDuration": 60.096,
        "songNumber": 9,
        "activePlayerCount": 153,
        "LinkVideo": "https://files.catbox.moe/c9qcc9.webm",
        "LinkMp3": "https://files.catbox.moe/mid6ns.mp3",
        "annId": 1386
    },
    {
        "animeEng": "Cardfight!! Vanguard G Stride Gate-hen",
        "animeRomaji": "Cardfight!! Vanguard G Stride Gate-hen",
        "songName": "SHOUT!",
        "artist": "Mamoru Miyano",
        "type": "Opening 1",
        "correctCount": 11,
        "startTime": 41,
        "songDuration": 88.488,
        "songNumber": 10,
        "activePlayerCount": 153,
        "LinkVideo": "https://files.catbox.moe/avkyvh.webm",
        "LinkMp3": "https://files.catbox.moe/4u78qj.mp3",
        "annId": 18086
    },
    {
        "animeEng": "IDOLiSH7 Second BEAT!",
        "animeRomaji": "IDOLiSH7 Second BEAT!",
        "songName": "Mirai Notes o Kanadete",
        "artist": "Re:vale",
        "type": "Ending 1",
        "correctCount": 6,
        "startTime": 20,
        "songDuration": 100.416,
        "songNumber": 11,
        "activePlayerCount": 153,
        "LinkVideo": "https://files.catbox.moe/ouv00t.webm",
        "LinkMp3": "https://files.catbox.moe/aaqmgb.mp3",
        "annId": 22315
    },
    {
        "animeEng": "Yurumates3Dei Plus",
        "animeRomaji": "Yurumates3Dei Plus",
        "songName": "Kyapi Natsu\u2606HIGH Tension!",
        "artist": "Haruko Momoi",
        "type": "Opening 1",
        "correctCount": 14,
        "startTime": 0,
        "songDuration": 29.448,
        "songNumber": 12,
        "activePlayerCount": 155,
        "LinkVideo": "https://files.catbox.moe/uqjlpw.webm",
        "LinkMp3": "https://files.catbox.moe/esquoy.mp3",
        "annId": 14575
    },
    {
        "animeEng": "The Seven Deadly Sins",
        "animeRomaji": "Nanatsu no Taizai",
        "songName": "7-seven-",
        "artist": "FLOW\u00d7GRANRODEO",
        "type": "Ending 2",
        "correctCount": 77,
        "startTime": 8,
        "songDuration": 88.896,
        "songNumber": 13,
        "activePlayerCount": 154,
        "LinkVideo": "https://files.catbox.moe/f85nsu.webm",
        "LinkMp3": "https://files.catbox.moe/7vytm3.mp3",
        "annId": 16867
    },
    {
        "animeEng": "Wotakoi: Love is Hard for Otaku",
        "animeRomaji": "Otaku ni Koi wa Muzukashii",
        "songName": "Kimi no Tonari",
        "artist": "halca",
        "type": "Ending 1",
        "correctCount": 50,
        "startTime": 10,
        "songDuration": 90.048,
        "songNumber": 14,
        "activePlayerCount": 155,
        "LinkVideo": "https://files.catbox.moe/p8rw84.webm",
        "LinkMp3": "https://files.catbox.moe/meag6s.mp3",
        "annId": 24089
    },
    {
        "animeEng": "BanG Dream! Asonjatta!",
        "animeRomaji": "BanG Dream! Asonjatta!",
        "songName": "Nesshoku Starmine",
        "artist": "Roselia",
        "type": "Ending 1",
        "correctCount": 18,
        "startTime": 18,
        "songDuration": 90.072,
        "songNumber": 15,
        "activePlayerCount": 155,
        "LinkVideo": "https://files.catbox.moe/1d0bk7.webm",
        "LinkMp3": "https://files.catbox.moe/u88bah.mp3",
        "annId": 22411
    },
    {
        "animeEng": "Love Live! Nijigasaki High School Idol Club",
        "animeRomaji": "Love Live! Nijigasaki Gakuen School Idol D\u014dk\u014dkai",
        "songName": "Muteki-kyuu*Believer",
        "artist": "Mayu Sagara",
        "type": "Insert Song",
        "correctCount": 27,
        "startTime": 137,
        "songDuration": 240.216,
        "songNumber": 16,
        "activePlayerCount": 157,
        "LinkVideo": "https://files.catbox.moe/vft9qs.webm",
        "LinkMp3": "https://files.catbox.moe/7ichcd.mp3",
        "annId": 23886
    },
    {
        "animeEng": "One Week Friends",
        "animeRomaji": "Isshuukan Friends.",
        "songName": "Kanade",
        "artist": "Sora Amamiya",
        "type": "Ending 1",
        "correctCount": 35,
        "startTime": 25,
        "songDuration": 107.664,
        "songNumber": 17,
        "activePlayerCount": 158,
        "LinkVideo": "https://files.catbox.moe/yt4lao.webm",
        "LinkMp3": "https://files.catbox.moe/gnlpf7.mp3",
        "annId": 15721
    },
    {
        "animeEng": "Nasu: Summer in Andalusia",
        "animeRomaji": "Nasu: Andalusia no Natsu",
        "songName": "Campo",
        "artist": "Minoru Hirano",
        "type": "Insert Song",
        "correctCount": 32,
        "startTime": 22,
        "songDuration": 79.728,
        "songNumber": 18,
        "activePlayerCount": 158,
        "LinkVideo": "https://files.catbox.moe/z6ywqc.webm",
        "LinkMp3": "https://files.catbox.moe/xsm7hb.mp3",
        "annId": 3
    },
    {
        "animeEng": "The Silver Guardian",
        "animeRomaji": "Gin no Guardian",
        "songName": "The Game",
        "artist": "RiyO",
        "type": "Ending 1",
        "correctCount": 8,
        "startTime": 34,
        "songDuration": 89.064,
        "songNumber": 19,
        "activePlayerCount": 159,
        "LinkVideo": "https://files.catbox.moe/17puy8.webm",
        "LinkMp3": "https://files.catbox.moe/zhcuod.mp3",
        "annId": 19661
    },
    {
        "animeEng": "Squid Girl",
        "animeRomaji": "Shinryaku! Ika Musume",
        "songName": "Shinryaku no Susume",
        "artist": "ULTRA-PRISM with Hisako Kanemoto",
        "type": "Opening 1",
        "correctCount": 85,
        "startTime": 57,
        "songDuration": 89.064,
        "songNumber": 20,
        "activePlayerCount": 159,
        "LinkVideo": "https://files.catbox.moe/t4exn3.webm",
        "LinkMp3": "https://files.catbox.moe/jj5la2.mp3",
        "annId": 11421
    },
    {
        "animeEng": "Cross Road",
        "animeRomaji": "Cross Road",
        "songName": "Cross Road",
        "artist": "Nagi Yanagi",
        "type": "Insert Song",
        "correctCount": 38,
        "startTime": 65,
        "songDuration": 97.272,
        "songNumber": 21,
        "activePlayerCount": 159,
        "LinkVideo": "https://files.catbox.moe/v3qi1b.webm",
        "LinkMp3": "https://files.catbox.moe/afbm7x.mp3",
        "annId": 23001
    },
    {
        "animeEng": "Oreshura",
        "animeRomaji": "Ore no Kanojo to Osananajimi ga Shuraba Sugiru",
        "songName": "Girlish Lover",
        "artist": "Mizukara o Enshutsu Suru Otome no Kai",
        "type": "Opening 1",
        "correctCount": 64,
        "startTime": 49,
        "songDuration": 91.056,
        "songNumber": 22,
        "activePlayerCount": 157,
        "LinkVideo": "https://files.catbox.moe/ztwgq1.webm",
        "LinkMp3": "https://files.catbox.moe/4q5nwm.mp3",
        "annId": 14450
    },
    {
        "animeEng": "Haruka Nogizaka's Secret",
        "animeRomaji": "Nogizaka Haruka no Himitsu",
        "songName": "Hishoku no Sora",
        "artist": "Mami Kawada",
        "type": "Insert Song",
        "correctCount": 114,
        "startTime": 0,
        "songDuration": 28.104,
        "songNumber": 23,
        "activePlayerCount": 157,
        "LinkVideo": "https://files.catbox.moe/1nhabo.webm",
        "LinkMp3": "https://files.catbox.moe/sytgga.mp3",
        "annId": 9012
    },
    {
        "animeEng": "Kino no Tabi: The Beautiful World - Nanika o Suru Tame ni -Life Goes On.-",
        "animeRomaji": "Kino no Tabi: The Beautiful World - Nanika o Suru Tame ni -Life Goes On.-",
        "songName": "all the way",
        "artist": "Mikuni Shimokawa",
        "type": "Opening 1",
        "correctCount": 65,
        "startTime": 29,
        "songDuration": 89.16,
        "songNumber": 24,
        "activePlayerCount": 158,
        "LinkVideo": "https://files.catbox.moe/hashd7.webm",
        "LinkMp3": "https://files.catbox.moe/edkisa.mp3",
        "annId": 4381
    },
    {
        "animeEng": "Beyond the Boundary: I'll Be Here - Past",
        "animeRomaji": "Gekij\u014dban Ky\u014dkai no Kanata -I'll Be Here- Kako-hen",
        "songName": "Ai Yue ni",
        "artist": "Annabel",
        "type": "Insert Song",
        "correctCount": 13,
        "startTime": 49,
        "songDuration": 93.552,
        "songNumber": 25,
        "activePlayerCount": 159,
        "LinkVideo": "https://files.catbox.moe/pepomw.webm",
        "LinkMp3": "https://files.catbox.moe/711sus.mp3",
        "annId": 16980
    },
    {
        "animeEng": "K-On! The Movie",
        "animeRomaji": "K-On! Movie",
        "songName": "Fuwa Fuwa Time (5nin Ver.)",
        "artist": "Ho-Kago Tea Time",
        "type": "Ending 2",
        "correctCount": 118,
        "startTime": 31,
        "songDuration": 80.064,
        "songNumber": 26,
        "activePlayerCount": 159,
        "LinkVideo": "https://files.catbox.moe/z7761u.webm",
        "LinkMp3": "https://files.catbox.moe/imax0c.mp3",
        "annId": 11963
    },
    {
        "animeEng": "Oniku Daisuki! Zeushi-kun",
        "animeRomaji": "Oniku Daisuki! Zeushi-kun",
        "songName": "Oniku Japanesque!",
        "artist": "Kana Hanazawa",
        "type": "Opening 1",
        "correctCount": 84,
        "startTime": 1,
        "songDuration": 41.256,
        "songNumber": 27,
        "activePlayerCount": 160,
        "LinkVideo": "https://files.catbox.moe/1s9zvg.webm",
        "LinkMp3": "https://files.catbox.moe/03oif0.mp3",
        "annId": 23266
    },
    {
        "animeEng": "Mieruko-chan",
        "animeRomaji": "Mieruko-chan",
        "songName": "Mienai kara ne!?",
        "artist": "Sora Amamiya",
        "type": "Opening 1",
        "correctCount": 59,
        "startTime": 54,
        "songDuration": 88.608,
        "songNumber": 28,
        "activePlayerCount": 159,
        "LinkVideo": "https://files.catbox.moe/rrdg9d.webm",
        "LinkMp3": "https://files.catbox.moe/xk15ra.mp3",
        "annId": 24156
    },
    {
        "animeEng": "Atashin'chi",
        "animeRomaji": "Atashin'chi",
        "songName": "Saraba",
        "artist": "Kinmokusei",
        "type": "Opening 1",
        "correctCount": 2,
        "startTime": 31,
        "songDuration": 74.016,
        "songNumber": 29,
        "activePlayerCount": 161,
        "LinkVideo": "https://files.catbox.moe/58czro.webm",
        "LinkMp3": "https://files.catbox.moe/0lmthr.mp3",
        "annId": 1185,
        "correctPlayers": [
            "AkarinIchi",
            "Anwonu"
        ]
    },
    {
        "animeEng": "Concrete Revolutio",
        "animeRomaji": "Concrete Revolutio: Ch\u014djin Gens\u014d",
        "songName": "Ano Subarashii Ai o M\u014d Ichido",
        "artist": "Makoto Kawamoto",
        "type": "Insert Song",
        "correctCount": 0,
        "startTime": 29,
        "songDuration": 72.148964,
        "songNumber": 30,
        "activePlayerCount": 162,
        "LinkVideo": "https://files.catbox.moe/gq501c.webm",
        "LinkMp3": "https://files.catbox.moe/g3x7d1.mp3",
        "annId": 17260
    },
    {
        "animeEng": "Evangelion: 2.22 You Can (Not) Advance",
        "animeRomaji": "Evangelion: 2.22 You Can (Not) Advance",
        "songName": "Ky\u014d no Hi wa Say\u014dnara",
        "artist": "Megumi Hayashibara with Special Kids",
        "type": "Insert Song",
        "correctCount": 39,
        "startTime": 20,
        "songDuration": 156.048,
        "songNumber": 31,
        "activePlayerCount": 161,
        "LinkVideo": "https://files.catbox.moe/1oclin.webm",
        "LinkMp3": "https://files.catbox.moe/5rnrqb.mp3",
        "annId": 8421
    },
    {
        "animeEng": "Chance Triangle Session",
        "animeRomaji": "Chance Pop Session",
        "songName": "Priority",
        "artist": "Mariko K\u014dda",
        "type": "Insert Song",
        "correctCount": 1,
        "startTime": 112,
        "songDuration": 151.168014,
        "songNumber": 32,
        "activePlayerCount": 160,
        "LinkVideo": "https://files.catbox.moe/8dwdwn.webm",
        "LinkMp3": "https://files.catbox.moe/sr3awg.mp3",
        "annId": 1022,
        "correctPlayers": [
            "FairyS"
        ]
    },
    {
        "animeEng": "Student Council's Discretion",
        "animeRomaji": "Seitokai no Ichizon",
        "songName": "Ue Ue Shita Shita Hidari Migi Hidari Migi B A",
        "artist": "Hekiy\u014d Gakuen Seitokai",
        "type": "Ending 2",
        "correctCount": 33,
        "startTime": 20,
        "songDuration": 90.528,
        "songNumber": 33,
        "activePlayerCount": 160,
        "LinkVideo": "https://files.catbox.moe/tu4gte.webm",
        "LinkMp3": "https://files.catbox.moe/txjfs5.mp3",
        "annId": 10587
    },
    {
        "animeEng": "Detective Conan: The Fist of Blue Sapphire",
        "animeRomaji": "Detective Conan: The Fist of Blue Sapphire",
        "songName": "BLUE SAPPHIRE",
        "artist": "HIROOMI TOSAKA",
        "type": "Ending 1",
        "correctCount": 54,
        "startTime": 193,
        "songDuration": 229.056,
        "songNumber": 34,
        "activePlayerCount": 160,
        "LinkVideo": "https://files.catbox.moe/7thn4w.webm",
        "LinkMp3": "https://files.catbox.moe/foez2i.mp3",
        "annId": 22156
    },
    {
        "animeEng": "Bloom Into You",
        "animeRomaji": "Yagate Kimi ni Naru",
        "songName": "hectopascal",
        "artist": "Yuuki Takada & Minako Kotobuki",
        "type": "Ending 1",
        "correctCount": 52,
        "startTime": 54,
        "songDuration": 89.064,
        "songNumber": 35,
        "activePlayerCount": 160,
        "LinkVideo": "https://files.catbox.moe/1rd3jd.webm",
        "LinkMp3": "https://files.catbox.moe/3ewcdh.mp3",
        "annId": 21239
    },
    {
        "animeEng": "Ghost Stories",
        "animeRomaji": "Gakk\u014d no Kaidan",
        "songName": "Sexy Sexy",
        "artist": "Cascade",
        "type": "Ending 1",
        "correctCount": 72,
        "startTime": 55,
        "songDuration": 89.568,
        "songNumber": 36,
        "activePlayerCount": 160,
        "LinkVideo": "https://files.catbox.moe/b8ck8e.webm",
        "LinkMp3": "https://files.catbox.moe/inbwm6.mp3",
        "annId": 1736
    },
    {
        "animeEng": "Case Closed The Movie: The Time Bombed Skyscraper",
        "animeRomaji": "Meitantei Conan: Tokei Jikake no Matenr\u014d",
        "songName": "Aitai yo",
        "artist": "Iori",
        "type": "Insert Song",
        "correctCount": 16,
        "startTime": 27,
        "songDuration": 85.728,
        "songNumber": 37,
        "activePlayerCount": 160,
        "LinkVideo": "https://files.catbox.moe/v7drmu.webm",
        "LinkMp3": "https://files.catbox.moe/e3p2y8.mp3",
        "annId": 2679
    },
    {
        "animeEng": "Non Non Biyori Repeat",
        "animeRomaji": "Non Non Biyori Repeat",
        "songName": "Okaeri",
        "artist": "Ayane Sakura, Kana Asumi, Kotori Koiwai, Rie Murakawa",
        "type": "Ending 1",
        "correctCount": 45,
        "startTime": 39,
        "songDuration": 93.576,
        "songNumber": 38,
        "activePlayerCount": 160,
        "LinkVideo": "https://files.catbox.moe/me1l4j.webm",
        "LinkMp3": "https://files.catbox.moe/ys61c7.mp3",
        "annId": 16655
    },
    {
        "animeEng": "Miyuki-chan in Wonderland",
        "animeRomaji": "Fushigi no Kuni no Miyuki-chan",
        "songName": "Iya yo!",
        "artist": "miyuki",
        "type": "Ending 1",
        "correctCount": 10,
        "startTime": 116,
        "songDuration": 179.797726,
        "songNumber": 39,
        "activePlayerCount": 160,
        "LinkVideo": "https://files.catbox.moe/2u73zl.webm",
        "LinkMp3": "https://files.catbox.moe/0h03ex.mp3",
        "annId": 356
    },
    {
        "animeEng": "Yowamushi Pedal: Special Ride",
        "animeRomaji": "Yowamushi Pedal: Special Ride",
        "songName": "Top of Tops!",
        "artist": "Ayaka Suwa",
        "type": "Ending 1",
        "correctCount": 4,
        "startTime": 47,
        "songDuration": 78.384,
        "songNumber": 40,
        "activePlayerCount": 162,
        "LinkVideo": "https://files.catbox.moe/zwezoq.webm",
        "LinkMp3": "https://files.catbox.moe/ggmtw3.mp3",
        "annId": 22685,
        "correctPlayers": [
            "watashiii",
            "Kazso",
            "FairyS",
            "shadowpandax"
        ]
    },
    {
        "animeEng": "Hi-sCool! Seha Girls",
        "animeRomaji": "Hi\u2606sCoool! SeHa Girls",
        "songName": "Geki! Teikoku Kageki-dan (Kai)",
        "artist": "Chisa Yokoyama & Teikoku Kageki-dan",
        "type": "Insert Song",
        "correctCount": 114,
        "startTime": 26,
        "songDuration": 72.84,
        "songNumber": 41,
        "activePlayerCount": 162,
        "LinkVideo": "https://files.catbox.moe/v6pwoq.webm",
        "LinkMp3": "https://files.catbox.moe/4e0rf6.mp3",
        "annId": 16122
    },
    {
        "animeEng": "City Hunter: The Motion Picture",
        "animeRomaji": "City Hunter: The Motion Picture",
        "songName": "GET WILD ~CITY HUNTER SPECIAL '97 VERSION~",
        "artist": "NAHO",
        "type": "Ending 1",
        "correctCount": 2,
        "startTime": 31,
        "songDuration": 152.568,
        "songNumber": 42,
        "activePlayerCount": 162,
        "LinkVideo": "https://files.catbox.moe/srxjs5.webm",
        "LinkMp3": "https://files.catbox.moe/takce8.mp3",
        "annId": 129,
        "correctPlayers": [
            "watashiii",
            "Anwonu"
        ]
    },
    {
        "animeEng": "Farewell, My Dear Cramer",
        "animeRomaji": "Sayonara Watashi no Cramer",
        "songName": "AMBITIOUS GOAL",
        "artist": "Aika Kobayashi",
        "type": "Opening 1",
        "correctCount": 37,
        "startTime": 1,
        "songDuration": 88.032,
        "songNumber": 43,
        "activePlayerCount": 162,
        "LinkVideo": "https://files.catbox.moe/6h87hk.webm",
        "LinkMp3": "https://files.catbox.moe/f03ooe.mp3",
        "annId": 23925
    },
    {
        "animeEng": "Mardock Scramble: The Third Exhaust",
        "animeRomaji": "Mardock Scramble: The Third Exhaust",
        "songName": "Tsubasa",
        "artist": "Megumi Hayashibara",
        "type": "Ending 1",
        "correctCount": 3,
        "startTime": 115,
        "songDuration": 349.776,
        "songNumber": 44,
        "activePlayerCount": 162,
        "LinkVideo": "https://files.catbox.moe/9bbf91.webm",
        "LinkMp3": "https://files.catbox.moe/few2wd.mp3",
        "annId": 14360,
        "correctPlayers": [
            "shadismith",
            "RulessR",
            "FairyS"
        ]
    },
    {
        "animeEng": "Love, Chunibyo & Other Delusions! -Heart Throb-",
        "animeRomaji": "Chu-2 Byo demo Koi ga Shitai! Ren",
        "songName": "VOICE",
        "artist": "ZAQ",
        "type": "Opening 1",
        "correctCount": 77,
        "startTime": 44,
        "songDuration": 90.168,
        "songNumber": 45,
        "activePlayerCount": 163,
        "LinkVideo": "https://files.catbox.moe/fsy78x.webm",
        "LinkMp3": "https://files.catbox.moe/zghh2f.mp3",
        "annId": 15622
    },
    {
        "animeEng": "Blend-S",
        "animeRomaji": "Blend-S",
        "songName": "Detaramena Minus to Plus ni Okeru Blend K\u014d",
        "artist": "Blend A",
        "type": "Ending 1",
        "correctCount": 53,
        "startTime": 31,
        "songDuration": 90.048,
        "songNumber": 46,
        "activePlayerCount": 162,
        "LinkVideo": "https://files.catbox.moe/eu7gkb.webm",
        "LinkMp3": "https://files.catbox.moe/nicg6n.mp3",
        "annId": 19669
    },
    {
        "animeEng": "Fate/Grand Carnival",
        "animeRomaji": "Fate/Grand Carnival",
        "songName": "Super\u2606Affection",
        "artist": "Rie Takahashi, Minami Tanaka, Rumi Ookubo, Aoi Yuuki, Nao Touyama, Ayane Sakura, Saori Hayami, Ayako Kawasumi, Kana Ueda, Sakura Tange, Mai Kadowaki",
        "type": "Opening 1",
        "correctCount": 69,
        "startTime": 48,
        "songDuration": 88.512,
        "songNumber": 47,
        "activePlayerCount": 165,
        "LinkVideo": "https://files.catbox.moe/56p6k7.webm",
        "LinkMp3": "https://files.catbox.moe/edd243.mp3",
        "annId": 24414
    },
    {
        "animeEng": "The Familiar of Zero: Rondo of Princesses",
        "animeRomaji": "Zero no Tsukaima: Princess no Rondo",
        "songName": "Tsukaima-tachi no Shirabe",
        "artist": "Mamiko Noto",
        "type": "Insert Song",
        "correctCount": 40,
        "startTime": 5,
        "songDuration": 35.784,
        "songNumber": 48,
        "activePlayerCount": 166,
        "LinkVideo": "https://files.catbox.moe/bferuh.webm",
        "LinkMp3": "https://files.catbox.moe/x37vse.mp3",
        "annId": 9200
    },
    {
        "animeEng": "Atashin'chi",
        "animeRomaji": "Atashin'chi",
        "songName": "Proline Size\u266a",
        "artist": "Morisanchu",
        "type": "Opening 3",
        "correctCount": 0,
        "startTime": 9,
        "songDuration": 63.552,
        "songNumber": 49,
        "activePlayerCount": 166,
        "LinkVideo": "https://files.catbox.moe/fftp9r.webm",
        "LinkMp3": "https://files.catbox.moe/veibzj.mp3",
        "annId": 1185
    },
    {
        "animeEng": "Chrono Crusade",
        "animeRomaji": "Chrno Crusade",
        "songName": "Tsubasa wa Pleasure Line",
        "artist": "Minami Kuribayashi",
        "type": "Opening 1",
        "correctCount": 17,
        "startTime": 3,
        "songDuration": 89.568,
        "songNumber": 50,
        "activePlayerCount": 165,
        "LinkVideo": "https://files.catbox.moe/e2yq15.webm",
        "LinkMp3": "https://files.catbox.moe/i70q4c.mp3",
        "annId": 2884
    },
    {
        "animeEng": "Nadia: The Secret of Blue Water",
        "animeRomaji": "Fushigi no Umi no Nadia",
        "songName": "Blue Water",
        "artist": "Miho Morikawa",
        "type": "Opening 1",
        "correctCount": 17,
        "startTime": 1,
        "songDuration": 81.6,
        "songNumber": 51,
        "activePlayerCount": 164,
        "LinkVideo": "https://files.catbox.moe/csin81.webm",
        "LinkMp3": "https://files.catbox.moe/p8os9j.mp3",
        "annId": 48
    },
    {
        "animeEng": "Cat Planet Cuties",
        "animeRomaji": "Asobi ni Iku yo!",
        "songName": "Now loading...SKY!!",
        "artist": "Sphere",
        "type": "Opening 1",
        "correctCount": 34,
        "startTime": 30,
        "songDuration": 88.176,
        "songNumber": 52,
        "activePlayerCount": 162,
        "LinkVideo": "https://files.catbox.moe/auodfp.webm",
        "LinkMp3": "https://files.catbox.moe/o32yez.mp3",
        "annId": 11965
    },
    {
        "animeEng": "Hell Target",
        "animeRomaji": "Hell Target",
        "songName": "Saraba Itoshiki Hito yo ~Adios Amor~",
        "artist": "Rosa Bianca",
        "type": "Ending 1",
        "correctCount": 8,
        "startTime": 68,
        "songDuration": 273.048,
        "songNumber": 53,
        "activePlayerCount": 161,
        "LinkVideo": "https://files.catbox.moe/aq362s.webm",
        "LinkMp3": "https://files.catbox.moe/p2066x.mp3",
        "annId": 22504
    },
    {
        "animeEng": "Kujibiki\u2665Unbalance",
        "animeRomaji": "Kujibiki\u2665Unbalance",
        "songName": "Ai",
        "artist": "Saori Atsumi",
        "type": "Opening 1",
        "correctCount": 4,
        "startTime": 49,
        "songDuration": 91.032,
        "songNumber": 54,
        "activePlayerCount": 161,
        "LinkVideo": "https://files.catbox.moe/bpkthh.webm",
        "LinkMp3": "https://files.catbox.moe/6v07r2.mp3",
        "annId": 6604,
        "correctPlayers": [
            "Erza_Asiaversal",
            "watashiii",
            "shadowpandax",
            "Deafness"
        ]
    },
    {
        "animeEng": "Aikatsu!",
        "animeRomaji": "Aikatsu!",
        "songName": "Du-Du-Wa DO IT!!",
        "artist": "Ruka from AIKATSU\u2606STARS!",
        "type": "Insert Song",
        "correctCount": 72,
        "startTime": 12,
        "songDuration": 101.448,
        "songNumber": 55,
        "activePlayerCount": 159,
        "LinkVideo": "https://files.catbox.moe/eeeav0.webm",
        "LinkMp3": "https://files.catbox.moe/ocsook.mp3",
        "annId": 16165
    },
    {
        "animeEng": "Maria Watches Over Us",
        "animeRomaji": "Maria-sama ga Miteru",
        "songName": "pastel pure",
        "artist": "Mikiya Katakura",
        "type": "Opening 1",
        "correctCount": 22,
        "startTime": 36,
        "songDuration": 90.068656,
        "songNumber": 56,
        "activePlayerCount": 160,
        "LinkVideo": "https://files.catbox.moe/6cwz5j.webm",
        "LinkMp3": "https://files.catbox.moe/l58a9w.mp3",
        "annId": 3150
    },
    {
        "animeEng": "Karakuri Circus",
        "animeRomaji": "Karakuri Circus",
        "songName": "Gekk\u014d",
        "artist": "BUMP OF CHICKEN",
        "type": "Opening 1",
        "correctCount": 22,
        "startTime": 12,
        "songDuration": 86.664,
        "songNumber": 57,
        "activePlayerCount": 158,
        "LinkVideo": "https://files.catbox.moe/6r5n6x.webm",
        "LinkMp3": "https://files.catbox.moe/y6uhgb.mp3",
        "annId": 20774
    },
    {
        "animeEng": "Show By Rock!! Mashumairesh!!",
        "animeRomaji": "Show By Rock!! Mashumairesh!!",
        "songName": "Yell and Response",
        "artist": "Mashumairesh!!",
        "type": "Insert Song",
        "correctCount": 8,
        "startTime": 59,
        "songDuration": 155.328,
        "songNumber": 58,
        "activePlayerCount": 159,
        "LinkVideo": "https://files.catbox.moe/2b6m7p.webm",
        "LinkMp3": "https://files.catbox.moe/xv2ke1.mp3",
        "annId": 22906
    },
    {
        "animeEng": "Hakata Tonkotsu Ramens",
        "animeRomaji": "Hakata Tonkotsu Ramens",
        "songName": "Stray",
        "artist": "Kishida Ky\u014ddan &THE Akeboshi Rockets",
        "type": "Opening 1",
        "correctCount": 56,
        "startTime": 9,
        "songDuration": 90.072,
        "songNumber": 59,
        "activePlayerCount": 159,
        "LinkVideo": "https://files.catbox.moe/u3bbgl.webm",
        "LinkMp3": "https://files.catbox.moe/crobdq.mp3",
        "annId": 20014
    },
    {
        "animeEng": "Angel Tales 2",
        "animeRomaji": "Tenshi no Shippo Chu!",
        "songName": "Nemunemu Tenshi",
        "artist": "Masumi Itou",
        "type": "Ending 1",
        "correctCount": 10,
        "startTime": 31,
        "songDuration": 59.712,
        "songNumber": 60,
        "activePlayerCount": 159,
        "LinkVideo": "https://files.catbox.moe/jqd1bp.webm",
        "LinkMp3": "https://files.catbox.moe/yx1s2m.mp3",
        "annId": 1970
    },
    {
        "animeEng": "Cardfight!! Vanguard",
        "animeRomaji": "Cardfight!! Vanguard",
        "songName": "UNSTOPPABLE",
        "artist": "RAISE A SUILEN",
        "type": "Ending 4",
        "correctCount": 13,
        "startTime": 41,
        "songDuration": 88.152,
        "songNumber": 61,
        "activePlayerCount": 160,
        "LinkVideo": "https://files.catbox.moe/ba1gqn.webm",
        "LinkMp3": "https://files.catbox.moe/uokkx0.mp3",
        "annId": 20876
    },
    {
        "animeEng": "Valvrave the Liberator",
        "animeRomaji": "Kakumeiki Valvrave",
        "songName": "Mother land",
        "artist": "Yuuka Nanri",
        "type": "Insert Song",
        "correctCount": 1,
        "startTime": 2,
        "songDuration": 103.608,
        "songNumber": 62,
        "activePlayerCount": 161,
        "LinkVideo": "https://files.catbox.moe/t6j66y.webm",
        "LinkMp3": "https://files.catbox.moe/y90brx.mp3",
        "annId": 14983,
        "correctPlayers": [
            "Yokipi"
        ]
    },
    {
        "animeEng": "When They Cry",
        "animeRomaji": "Higurashi no Naku Koro ni",
        "songName": "Higurashi no Naku Koro ni",
        "artist": "Eiko Shimamiya",
        "type": "Opening 1",
        "correctCount": 129,
        "startTime": 9,
        "songDuration": 90.12,
        "songNumber": 63,
        "activePlayerCount": 162,
        "LinkVideo": "https://files.catbox.moe/3czpgu.webm",
        "LinkMp3": "https://files.catbox.moe/50gq0p.mp3",
        "annId": 6134
    },
    {
        "animeEng": "Re:ZERO -Starting Life in Another World-",
        "animeRomaji": "Re:Zero kara Hajimeru Isekai Seikatsu",
        "songName": "STYX HELIX",
        "artist": "MYTH & ROID",
        "type": "Ending 1",
        "correctCount": 127,
        "startTime": 20,
        "songDuration": 89.568,
        "songNumber": 64,
        "activePlayerCount": 163,
        "LinkVideo": "https://files.catbox.moe/g9irj2.webm",
        "LinkMp3": "https://files.catbox.moe/6erwzz.mp3",
        "annId": 17360
    },
    {
        "animeEng": "Demon King Daimao",
        "animeRomaji": "Ichiban Ushiro no Daima\u014d",
        "songName": "Everyday sunshine line!",
        "artist": "Natsuko Aso",
        "type": "Ending 1",
        "correctCount": 24,
        "startTime": 46,
        "songDuration": 88.992,
        "songNumber": 65,
        "activePlayerCount": 163,
        "LinkVideo": "https://files.catbox.moe/u41ql5.webm",
        "LinkMp3": "https://files.catbox.moe/wyj52n.mp3",
        "annId": 11179
    },
    {
        "animeEng": "Wooser's Hand-to-Mouth Life",
        "animeRomaji": "Wooser no Sono Higurashi",
        "songName": "Love Me Gimme",
        "artist": "Tia",
        "type": "Ending 1",
        "correctCount": 35,
        "startTime": 11,
        "songDuration": 40.959296,
        "songNumber": 66,
        "activePlayerCount": 163,
        "LinkVideo": "https://files.catbox.moe/lqhlpn.webm",
        "LinkMp3": "https://files.catbox.moe/6vb2kz.mp3",
        "annId": 14730
    },
    {
        "animeEng": "Hello Kitty no Oyayubi Hime",
        "animeRomaji": "Hello Kitty no Oyayubi Hime",
        "songName": "Hello Kitty no Oyayubi Hime",
        "artist": "Ami Itabashi",
        "type": "Ending 1",
        "correctCount": 0,
        "startTime": 52,
        "songDuration": 83.064,
        "songNumber": 67,
        "activePlayerCount": 161,
        "LinkVideo": "https://files.catbox.moe/iozfoc.webm",
        "LinkMp3": "https://files.catbox.moe/n8u2b5.mp3",
        "annId": 8240
    },
    {
        "animeEng": "Monster Strike: A Rhapsody Called Lucy -The Very First Song-",
        "animeRomaji": "Senritsu no Lucifer: Tada Hitotsu no Hajimari no Uta",
        "songName": "Perfect Glory ~Senritsu no Kanata e~ Acoustic ver.",
        "artist": "Y\u014dko Hikasa",
        "type": "Ending 1",
        "correctCount": 8,
        "startTime": 7,
        "songDuration": 94.796738,
        "songNumber": 68,
        "activePlayerCount": 162,
        "LinkVideo": "https://files.catbox.moe/7apvpx.webm",
        "LinkMp3": "https://files.catbox.moe/yd2xjh.mp3",
        "annId": 19673
    },
    {
        "animeEng": "Iria: Zeiram the Animation",
        "animeRomaji": "Iria: Zeiram the Animation",
        "songName": "Yume wa Toi Keredo",
        "artist": "SAEKO",
        "type": "Ending 1",
        "correctCount": 6,
        "startTime": 54,
        "songDuration": 89.07602,
        "songNumber": 69,
        "activePlayerCount": 162,
        "LinkVideo": "https://files.catbox.moe/8shzay.webm",
        "LinkMp3": "https://files.catbox.moe/rxoizt.mp3",
        "annId": 615
    },
    {
        "animeEng": "Tottoko Hamutar\u014d Anime Dechu!",
        "animeRomaji": "Tottoko Hamutar\u014d Anime Dechu!",
        "songName": "Hamtar\u014d Tottoko Uta",
        "artist": "Juri Ihata",
        "type": "Opening 1",
        "correctCount": 9,
        "startTime": 10,
        "songDuration": 66.062538,
        "songNumber": 70,
        "activePlayerCount": 164,
        "LinkVideo": "https://files.catbox.moe/hwuihp.webm",
        "LinkMp3": "https://files.catbox.moe/q92q79.mp3",
        "annId": 22536
    },
    {
        "animeEng": "King of Prism: Shiny Seven Stars",
        "animeRomaji": "King of Prism: Shiny Seven Stars",
        "songName": "Koi no Royal Straight Flush",
        "artist": "The Shuffle",
        "type": "Insert Song",
        "correctCount": 8,
        "startTime": 0,
        "songDuration": 21.696,
        "songNumber": 71,
        "activePlayerCount": 163,
        "LinkVideo": "https://files.catbox.moe/j566ev.webm",
        "LinkMp3": "https://files.catbox.moe/70x1cx.mp3",
        "annId": 21194
    },
    {
        "animeEng": "Akane-iro ni Somaru Saka Hardcore",
        "animeRomaji": "Akane-iro ni Somaru Saka Hardcore",
        "songName": "Hatsukoi Parachute",
        "artist": "Miyuki Hashimoto",
        "type": "Opening 1",
        "correctCount": 18,
        "startTime": 50,
        "songDuration": 90.576,
        "songNumber": 72,
        "activePlayerCount": 163,
        "LinkVideo": "https://files.catbox.moe/6ewx0e.webm",
        "LinkMp3": "https://files.catbox.moe/cr03su.mp3",
        "annId": 10563
    },
    {
        "animeEng": "Natsume's Book of Friends Season 6",
        "animeRomaji": "Natsume Yuujinch\u014d Roku",
        "songName": "Floria",
        "artist": "Tomohisa Sak\u014d",
        "type": "Opening 1",
        "correctCount": 23,
        "startTime": 3,
        "songDuration": 89.064,
        "songNumber": 73,
        "activePlayerCount": 162,
        "LinkVideo": "https://files.catbox.moe/nxy9oc.webm",
        "LinkMp3": "https://files.catbox.moe/7talzf.mp3",
        "annId": 18942
    },
    {
        "animeEng": "Fist of the North Star 2",
        "animeRomaji": "Hokuto no Ken 2",
        "songName": "SILENT SURVIVOR",
        "artist": "KODOMO BAND",
        "type": "Insert Song",
        "correctCount": 18,
        "startTime": 43,
        "songDuration": 80.064,
        "songNumber": 74,
        "activePlayerCount": 163,
        "LinkVideo": "https://files.catbox.moe/ttlhpy.webm",
        "LinkMp3": "https://files.catbox.moe/4f9f7d.mp3",
        "annId": 2199
    },
    {
        "animeEng": "The Seven Deadly Sins: Revival of The Commandments",
        "animeRomaji": "Nanatsu no Taizai: Imashime no Fukkatsu",
        "songName": "Howling",
        "artist": "FLOW\u00d7GRANRODEO",
        "type": "Opening 1",
        "correctCount": 52,
        "startTime": 52,
        "songDuration": 89.232,
        "songNumber": 75,
        "activePlayerCount": 162,
        "LinkVideo": "https://files.catbox.moe/ktxdtl.webm",
        "LinkMp3": "https://files.catbox.moe/nyjkwo.mp3",
        "annId": 19885
    },
    {
        "animeEng": "5 Centimeters Per Second",
        "animeRomaji": "By\u014dsoku 5 Centimeter - a chain of short stories about their distance",
        "songName": "Kimi no Ichiban ni...",
        "artist": "LINDBERG",
        "type": "Insert Song",
        "correctCount": 75,
        "startTime": 0,
        "songDuration": 26.064,
        "songNumber": 76,
        "activePlayerCount": 162,
        "LinkVideo": "https://files.catbox.moe/2ixa0i.webm",
        "LinkMp3": "https://files.catbox.moe/mxnvqe.mp3",
        "annId": 6696
    },
    {
        "animeEng": "Di Gi Charat",
        "animeRomaji": "Di Gi Charat",
        "songName": "PARTY NIGHT (Hyper Parapara Version)",
        "artist": "Asami Sanada, Miyuki Sawashiro, Kyoko Hikami",
        "type": "Insert Song",
        "correctCount": 13,
        "startTime": 99,
        "songDuration": 176.352,
        "songNumber": 77,
        "activePlayerCount": 161,
        "LinkVideo": "https://files.catbox.moe/c5zsc6.webm",
        "LinkMp3": "https://files.catbox.moe/2o7rmv.mp3",
        "annId": 797
    },
    {
        "animeEng": "Megu the Little Witch",
        "animeRomaji": "Majokko Megu-chan",
        "songName": "Majokko Megu-chan",
        "artist": "Yoko Maekawa",
        "type": "Opening 1",
        "correctCount": 10,
        "startTime": 8,
        "songDuration": 88.152,
        "songNumber": 78,
        "activePlayerCount": 161,
        "LinkVideo": "https://files.catbox.moe/fvx1y5.webm",
        "LinkMp3": "https://files.catbox.moe/tmeh8f.mp3",
        "annId": 1384
    },
    {
        "animeEng": "Green Green",
        "animeRomaji": "Green Green",
        "songName": "Guri Guri",
        "artist": "Hiromi Satou",
        "type": "Opening 1",
        "correctCount": 19,
        "startTime": 9,
        "songDuration": 99.096,
        "songNumber": 79,
        "activePlayerCount": 161,
        "LinkVideo": "https://files.catbox.moe/jkdkwa.webm",
        "LinkMp3": "https://files.catbox.moe/tz43oj.mp3",
        "annId": 2291
    },
    {
        "animeEng": "Kakyuusei",
        "animeRomaji": "Kakyuusei",
        "songName": "Tonight",
        "artist": "Mie Sonozaki",
        "type": "Insert Song",
        "correctCount": 3,
        "startTime": 0,
        "songDuration": 44.808,
        "songNumber": 80,
        "activePlayerCount": 161,
        "LinkVideo": "https://files.catbox.moe/4len13.webm",
        "LinkMp3": "https://files.catbox.moe/2snkvn.mp3",
        "annId": 179,
        "correctPlayers": [
            "watashiii",
            "FairyS",
            "Fairy9"
        ]
    },
    {
        "animeEng": "Hugtto! Precure",
        "animeRomaji": "Hugtto! Precure",
        "songName": "H@ppy Together!!!",
        "artist": "Mizuki Moie & Momoko Hayashi",
        "type": "Insert Song",
        "correctCount": 36,
        "startTime": 19,
        "songDuration": 52.608,
        "songNumber": 81,
        "activePlayerCount": 161,
        "LinkVideo": "https://files.catbox.moe/7ug0in.webm",
        "LinkMp3": "https://files.catbox.moe/wam3ay.mp3",
        "annId": 20473
    },
    {
        "animeEng": "Invaders of the Rokujyoma!?",
        "animeRomaji": "Rokuj\u014dma no Shinryakusha!?",
        "songName": "K\u014dkan Win-Win Muj\u014dken",
        "artist": "Heart\u2661Invader",
        "type": "Opening 1",
        "correctCount": 31,
        "startTime": 40,
        "songDuration": 88.968,
        "songNumber": 82,
        "activePlayerCount": 161,
        "LinkVideo": "https://files.catbox.moe/rooyi4.webm",
        "LinkMp3": "https://files.catbox.moe/8szb95.mp3",
        "annId": 15865
    },
    {
        "animeEng": "As Miss Beelzebub likes.",
        "animeRomaji": "Beelzebub-j\u014d no Okinimesu Mama.",
        "songName": "Pink Lemonade",
        "artist": "Sangatsu no Phantasia",
        "type": "Opening 1",
        "correctCount": 43,
        "startTime": 53,
        "songDuration": 87.874408,
        "songNumber": 83,
        "activePlayerCount": 161,
        "LinkVideo": "https://files.catbox.moe/yhoqb9.webm",
        "LinkMp3": "https://files.catbox.moe/qjks0e.mp3",
        "annId": 20847
    },
    {
        "animeEng": "Blade of the Immortal",
        "animeRomaji": "Mugen no Juunin: Immortal",
        "songName": "SURVIVE OF VISION",
        "artist": "Kiyoharu",
        "type": "Opening 1",
        "correctCount": 35,
        "startTime": 36,
        "songDuration": 87.408,
        "songNumber": 84,
        "activePlayerCount": 161,
        "LinkVideo": "https://files.catbox.moe/n02enf.webm",
        "LinkMp3": "https://files.catbox.moe/rkh209.mp3",
        "annId": 22465
    },
    {
        "animeEng": "Osomatsu-kun",
        "animeRomaji": "Osomatsu-kun",
        "songName": "Osomatsu-kun Ondo",
        "artist": "Takashi Hosokawa",
        "type": "Ending 1",
        "correctCount": 34,
        "startTime": 22,
        "songDuration": 79.254148,
        "songNumber": 85,
        "activePlayerCount": 161,
        "LinkVideo": "https://files.catbox.moe/aiores.webm",
        "LinkMp3": "https://files.catbox.moe/5lm1mx.mp3",
        "annId": 1661
    }
]