[
    {
        "animeEng": "Tomorrow's Joe",
        "animeRomaji": "Ashita no Joe",
        "songName": "Joe no Komoriuta",
        "artist": "Asao Koike",
        "type": "Ending 1",
        "correctCount": 10,
        "startTime": 3,
        "songDuration": 63.264,
        "songNumber": 1,
        "activePlayerCount": 86,
        "LinkVideo": "https://files.catbox.moe/dky0j1.webm",
        "LinkMp3": "https://files.catbox.moe/unl1q0.mp3",
        "annId": 456
    },
    {
        "animeEng": "Recently, my sister is unusual.",
        "animeRomaji": "ImoCho.",
        "songName": "Charming Do!",
        "artist": "Yui Ogura",
        "type": "Ending 1",
        "correctCount": 16,
        "startTime": 6,
        "songDuration": 88.992,
        "songNumber": 2,
        "activePlayerCount": 87,
        "LinkVideo": "https://files.catbox.moe/j542xd.webm",
        "LinkMp3": "https://files.catbox.moe/pz0jvi.mp3",
        "annId": 14947
    },
    {
        "animeEng": "Gatchaman Crowds Insight",
        "animeRomaji": "Gatchaman Crowds Insight",
        "songName": "Insight",
        "artist": "WHITE ASH",
        "type": "Opening 1",
        "correctCount": 33,
        "startTime": 29,
        "songDuration": 88.704,
        "songNumber": 3,
        "activePlayerCount": 92,
        "LinkVideo": "https://files.catbox.moe/olhswd.webm",
        "LinkMp3": "https://files.catbox.moe/obtvbu.mp3",
        "annId": 16697
    },
    {
        "animeEng": "Black Cat",
        "animeRomaji": "Black Cat",
        "songName": "Daia no Hana",
        "artist": "Yoriko",
        "type": "Opening 1",
        "correctCount": 25,
        "startTime": 18,
        "songDuration": 89.4,
        "songNumber": 4,
        "activePlayerCount": 93,
        "LinkVideo": "https://files.catbox.moe/d04ner.webm",
        "LinkMp3": "https://files.catbox.moe/spqyin.mp3",
        "annId": 5245
    },
    {
        "animeEng": "Sakura Wars: Le Nouveau Paris",
        "animeRomaji": "Sakura Taisen: Le Nouveau Paris",
        "songName": "Mihata no Moto ni",
        "artist": "Noriko Hidaka, Saeko Shimazu, Etsuko Kozakura, Kikuko Inoue, Yoshino Takamori",
        "type": "Opening 1",
        "correctCount": 8,
        "startTime": 1,
        "songDuration": 102.864,
        "songNumber": 5,
        "activePlayerCount": 94,
        "LinkVideo": "https://files.catbox.moe/d9yepn.webm",
        "LinkMp3": "https://files.catbox.moe/6ssbzk.mp3",
        "annId": 4160
    },
    {
        "animeEng": "Akane Maniax",
        "animeRomaji": "Kimi ga Nozomu Eien Gaiden",
        "songName": "beginning",
        "artist": "Minami Kuribayashi",
        "type": "Opening 1",
        "correctCount": 10,
        "startTime": 18,
        "songDuration": 91.056,
        "songNumber": 6,
        "activePlayerCount": 93,
        "LinkVideo": "https://files.catbox.moe/tob99t.webm",
        "LinkMp3": "https://files.catbox.moe/u8oppd.mp3",
        "annId": 3916
    },
    {
        "animeEng": "ERASED",
        "animeRomaji": "Boku dake ga Inai Machi",
        "songName": "Re:Re:",
        "artist": "ASIAN KUNG-FU GENERATION",
        "type": "Opening 1",
        "correctCount": 83,
        "startTime": 32,
        "songDuration": 88.968,
        "songNumber": 7,
        "activePlayerCount": 95,
        "LinkVideo": "https://files.catbox.moe/gury3c.webm",
        "LinkMp3": "https://files.catbox.moe/zoq0ul.mp3",
        "annId": 17217
    },
    {
        "animeEng": "Mysterious Joker Season 3",
        "animeRomaji": "Kait\u014d Joker 3rd Season",
        "songName": "Kait\u014d Miracle Sh\u014dnen Boy 2",
        "artist": "Arukara",
        "type": "Opening 1",
        "correctCount": 24,
        "startTime": 59,
        "songDuration": 89.52,
        "songNumber": 8,
        "activePlayerCount": 94,
        "LinkVideo": "https://files.catbox.moe/8jxk2p.webm",
        "LinkMp3": "https://files.catbox.moe/x1hsm8.mp3",
        "annId": 17998
    },
    {
        "animeEng": "STARMYU",
        "animeRomaji": "K\u014dk\u014d Hoshi Kageki",
        "songName": "Warera, Ayanagi Gakuen Kaou-kai ~Next-Generation~",
        "artist": "Kaou-kai",
        "type": "Insert Song",
        "correctCount": 43,
        "startTime": 67,
        "songDuration": 100.056,
        "songNumber": 9,
        "activePlayerCount": 95,
        "LinkVideo": "https://files.catbox.moe/ahm2vj.webm",
        "LinkMp3": "https://files.catbox.moe/x955mz.mp3",
        "annId": 21981
    },
    {
        "animeEng": "Glasslip",
        "animeRomaji": "Glasslip",
        "songName": "Hashire!Hashire!RUN!RUN!RUN!",
        "artist": "yozurino*",
        "type": "Insert Song",
        "correctCount": 4,
        "startTime": 0,
        "songDuration": 30.072,
        "songNumber": 10,
        "activePlayerCount": 99,
        "LinkVideo": "https://files.catbox.moe/5k9y1v.webm",
        "LinkMp3": "https://files.catbox.moe/tsc70a.mp3",
        "annId": 15901,
        "correctPlayers": [
            "Handre",
            "MKNono",
            "Chiya",
            "HDNC"
        ]
    },
    {
        "animeEng": "Dropkick on My Devil!",
        "animeRomaji": "Jashin-chan Dropkick",
        "songName": "Home Sweet Home!",
        "artist": "Yutaro Miura",
        "type": "Ending 1",
        "correctCount": 37,
        "startTime": 25,
        "songDuration": 88.32,
        "songNumber": 11,
        "activePlayerCount": 99,
        "LinkVideo": "https://files.catbox.moe/jqpkt4.webm",
        "LinkMp3": "https://files.catbox.moe/91fcqr.mp3",
        "annId": 20484
    },
    {
        "animeEng": "Project A-Ko 2: Plot of the Daitokuji Financial Group",
        "animeRomaji": "Project A-ko 2: Daitokuji Zaibatsu no Inbou",
        "songName": "Kokoro mo JUMP Shite! Natsu no Intro",
        "artist": "Satomi Fukunaga",
        "type": "Ending 1",
        "correctCount": 0,
        "startTime": 45,
        "songDuration": 246.768,
        "songNumber": 12,
        "activePlayerCount": 99,
        "LinkVideo": "https://files.catbox.moe/lf46gs.webm",
        "LinkMp3": "https://files.catbox.moe/j6m19g.mp3",
        "annId": 717
    },
    {
        "animeEng": "Future War Year 198X",
        "animeRomaji": "Future War 198X Nen",
        "songName": "Ai Yue ni Kanashiku",
        "artist": "Poplar",
        "type": "Ending 1",
        "correctCount": 1,
        "startTime": 11,
        "songDuration": 261.072,
        "songNumber": 13,
        "activePlayerCount": 99,
        "LinkVideo": "https://files.catbox.moe/07dc9f.webm",
        "LinkMp3": "https://files.catbox.moe/nf2hzi.mp3",
        "annId": 3647,
        "correctPlayers": [
            "Zylda"
        ]
    },
    {
        "animeEng": "Aware! Meisaku-kun",
        "animeRomaji": "Aware! Meisaku-kun",
        "songName": "Meisaku! Kessaku! Masterpiece!",
        "artist": "kz (livetune) \u00d7 Hachioji-P feat. Hatsune Miku",
        "type": "Ending 1",
        "correctCount": 12,
        "startTime": 1,
        "songDuration": 31.60762,
        "songNumber": 14,
        "activePlayerCount": 99,
        "LinkVideo": "https://files.catbox.moe/el5zfu.webm",
        "LinkMp3": "https://files.catbox.moe/vvkafe.mp3",
        "annId": 24132
    },
    {
        "animeEng": "PriPara",
        "animeRomaji": "PriPara",
        "songName": "Dream Parade",
        "artist": "FriendAll",
        "type": "Insert Song",
        "correctCount": 38,
        "startTime": 55,
        "songDuration": 205.944,
        "songNumber": 15,
        "activePlayerCount": 101,
        "LinkVideo": "https://files.catbox.moe/so3kt0.webm",
        "LinkMp3": "https://files.catbox.moe/tx6lu6.mp3",
        "annId": 16674
    },
    {
        "animeEng": "Senki Zessh\u014d Symphogear G",
        "animeRomaji": "Senki Zessh\u014d Symphogear G",
        "songName": "Niji-iro no Fl\u00fcgel",
        "artist": "Aoi Yuuki \u00d7 Nana Mizuki \u00d7 Ayahi Takagaki \u00d7 Yoshino Nanj\u014d \u00d7 Ai Kayano \u00d7 Yoko Hikasa",
        "type": "Ending 4",
        "correctCount": 48,
        "startTime": 92,
        "songDuration": 124.272,
        "songNumber": 16,
        "activePlayerCount": 101,
        "LinkVideo": "https://files.catbox.moe/ubjiwv.webm",
        "LinkMp3": "https://files.catbox.moe/pyl0wi.mp3",
        "annId": 15228
    },
    {
        "animeEng": "Re: Hamatora",
        "animeRomaji": "Re:\u2423Hamatora",
        "songName": "Sen no Tsubasa",
        "artist": "livetune adding Takuro Sugawara from 9mm Parabellum Bullet",
        "type": "Opening 1",
        "correctCount": 45,
        "startTime": 4,
        "songDuration": 89.016,
        "songNumber": 17,
        "activePlayerCount": 101,
        "LinkVideo": "https://files.catbox.moe/75i89h.webm",
        "LinkMp3": "https://files.catbox.moe/bac6ga.mp3",
        "annId": 16085
    },
    {
        "animeEng": "My Hero Academia",
        "animeRomaji": "Boku no Hero Academia",
        "songName": "Hero too",
        "artist": "Chrissy Costanza",
        "type": "Insert Song",
        "correctCount": 46,
        "startTime": 90,
        "songDuration": 248.106756,
        "songNumber": 18,
        "activePlayerCount": 100,
        "LinkVideo": "https://files.catbox.moe/6bez9o.webm",
        "LinkMp3": "https://files.catbox.moe/fe92dc.mp3",
        "annId": 22265
    },
    {
        "animeEng": "Fairy gone",
        "animeRomaji": "Fairy gone",
        "songName": "Stay Gold",
        "artist": "(K)NoW_NAME:Ayaka Tachibana",
        "type": "Ending 1",
        "correctCount": 18,
        "startTime": 8,
        "songDuration": 90.264,
        "songNumber": 19,
        "activePlayerCount": 99,
        "LinkVideo": "https://files.catbox.moe/o42wo9.webm",
        "LinkMp3": "https://files.catbox.moe/73tkgi.mp3",
        "annId": 22341
    },
    {
        "animeEng": "Ik\u00e9men Sengoku: Bromances Across Time",
        "animeRomaji": "Ikemen Sengoku",
        "songName": "YES/NO",
        "artist": "Star\u2606Concerto",
        "type": "Ending 1",
        "correctCount": 23,
        "startTime": 0,
        "songDuration": 30.048,
        "songNumber": 20,
        "activePlayerCount": 99,
        "LinkVideo": "https://files.catbox.moe/c6gnaj.webm",
        "LinkMp3": "https://files.catbox.moe/1j4s56.mp3",
        "annId": 19725
    },
    {
        "animeEng": "Gift: Eternal Rainbow",
        "animeRomaji": "Gift: Eternal Rainbow",
        "songName": "Kokoro Niji o Kakete",
        "artist": "Misato Fujiya",
        "type": "Ending 1",
        "correctCount": 5,
        "startTime": 48,
        "songDuration": 89.568,
        "songNumber": 21,
        "activePlayerCount": 99,
        "LinkVideo": "https://files.catbox.moe/xuljg9.webm",
        "LinkMp3": "https://files.catbox.moe/9v2krl.mp3",
        "annId": 6824,
        "correctPlayers": [
            "Shuuka",
            "ArukasFrost",
            "Chiya",
            "gaaw",
            "Martinch"
        ]
    },
    {
        "animeEng": "Aria the Animation",
        "animeRomaji": "Aria the Animation",
        "songName": "Just For You",
        "artist": "ROUND TABLE feat. Nino",
        "type": "Insert Song",
        "correctCount": 11,
        "startTime": 23,
        "songDuration": 101.568,
        "songNumber": 22,
        "activePlayerCount": 100,
        "LinkVideo": "https://files.catbox.moe/d53uus.webm",
        "LinkMp3": "https://files.catbox.moe/onz328.mp3",
        "annId": 5504
    },
    {
        "animeEng": "Angelic Layer",
        "animeRomaji": "Kid\u014d Tenshi Angelic Layer",
        "songName": "Tenshi ni Narenai!",
        "artist": "Kana Ueda",
        "type": "Insert Song",
        "correctCount": 6,
        "startTime": 13,
        "songDuration": 63.60707,
        "songNumber": 23,
        "activePlayerCount": 100,
        "LinkVideo": "https://files.catbox.moe/1yc9kj.webm",
        "LinkMp3": "https://files.catbox.moe/h1e5uo.mp3",
        "annId": 400
    },
    {
        "animeEng": "Tsukimonogatari",
        "animeRomaji": "Tsukimonogatari",
        "songName": "Orange Mint",
        "artist": "Saori Hayami",
        "type": "Opening 1",
        "correctCount": 79,
        "startTime": 23,
        "songDuration": 90.168,
        "songNumber": 24,
        "activePlayerCount": 99,
        "LinkVideo": "https://files.catbox.moe/mcavvp.webm",
        "LinkMp3": "https://files.catbox.moe/c203lo.mp3",
        "annId": 16342
    },
    {
        "animeEng": "Eiga Precure Miracle Leap: Minna to Fushigi na 1-nichi",
        "animeRomaji": "Eiga Precure Miracle Leap: Minna to Fushigi na 1-nichi",
        "songName": "Circle Love ~Sakura~",
        "artist": "Rie Kitagawa",
        "type": "Insert Song",
        "correctCount": 5,
        "startTime": 71,
        "songDuration": 109.992,
        "songNumber": 25,
        "activePlayerCount": 99,
        "LinkVideo": "https://files.catbox.moe/u9h9zg.webm",
        "LinkMp3": "https://files.catbox.moe/k9hf2k.mp3",
        "annId": 23265,
        "correctPlayers": [
            "revel_",
            "Shuuka",
            "SakurabaRola",
            "Chiya",
            "Jiinoo"
        ]
    },
    {
        "animeEng": "My Hero Academia the Movie: Heroes: Rising",
        "animeRomaji": "Boku no Hero Academia the Movie -Heroes: Rising-",
        "songName": "Might\u207aU",
        "artist": "Makayla Phillips",
        "type": "Insert Song",
        "correctCount": 12,
        "startTime": 253,
        "songDuration": 370.032,
        "songNumber": 26,
        "activePlayerCount": 99,
        "LinkVideo": "https://files.catbox.moe/y3bmad.webm",
        "LinkMp3": "https://files.catbox.moe/65d7jm.mp3",
        "annId": 22537
    },
    {
        "animeEng": "Gintama: Shiroyasha K\u014dtan",
        "animeRomaji": "Gintama: Shiroyasha K\u014dtan",
        "songName": "We Are!",
        "artist": "Hiroshi Kitadani",
        "type": "Ending 1",
        "correctCount": 67,
        "startTime": 0,
        "songDuration": 27.696,
        "songNumber": 27,
        "activePlayerCount": 98,
        "LinkVideo": "https://files.catbox.moe/kh1pvl.webm",
        "LinkMp3": "https://files.catbox.moe/krkson.mp3",
        "annId": 23119
    },
    {
        "animeEng": "Knight's & Magic",
        "animeRomaji": "Knight's & Magic",
        "songName": "Hello!My World!!",
        "artist": "fh\u00e1na",
        "type": "Opening 1",
        "correctCount": 53,
        "startTime": 26,
        "songDuration": 88.92,
        "songNumber": 28,
        "activePlayerCount": 99,
        "LinkVideo": "https://files.catbox.moe/cnjl5t.webm",
        "LinkMp3": "https://files.catbox.moe/8ixdoz.mp3",
        "annId": 19362
    },
    {
        "animeEng": "The IDOLM@STER Cinderella Girls Theater",
        "animeRomaji": "The IDOLM@STER Cinderella Girls Theater",
        "songName": "Blooming Days",
        "artist": "THE IDOLM@STER CINDERELLA GIRLS LITTLE STARS!",
        "type": "Ending 6",
        "correctCount": 15,
        "startTime": 0,
        "songDuration": 29.376,
        "songNumber": 29,
        "activePlayerCount": 99,
        "LinkVideo": "https://files.catbox.moe/1ldio3.webm",
        "LinkMp3": "https://files.catbox.moe/u59qw3.mp3",
        "annId": 19183
    },
    {
        "animeEng": "One Piece: Stampede",
        "animeRomaji": "One Piece: Stampede",
        "songName": "GONG",
        "artist": "WANIMA",
        "type": "Ending 1",
        "correctCount": 13,
        "startTime": 143,
        "songDuration": 209.904,
        "songNumber": 30,
        "activePlayerCount": 99,
        "LinkVideo": "https://files.catbox.moe/1ojcjz.webm",
        "LinkMp3": "https://files.catbox.moe/8kvoih.mp3",
        "annId": 21732
    },
    {
        "animeEng": "March comes in like a lion",
        "animeRomaji": "3-gatsu no Lion",
        "songName": "Haru ga Kite Bokura",
        "artist": "UNISON SQUARE GARDEN",
        "type": "Opening 2",
        "correctCount": 28,
        "startTime": 38,
        "songDuration": 89.568,
        "songNumber": 31,
        "activePlayerCount": 99,
        "LinkVideo": "https://files.catbox.moe/uljxqo.webm",
        "LinkMp3": "https://files.catbox.moe/ny2p7h.mp3",
        "annId": 19356
    },
    {
        "animeEng": "2.43: Seiin High School Boys Volleyball Team",
        "animeRomaji": "2.43: Seiin K\u014dk\u014d Danshi Volley-bu",
        "songName": "Mahi",
        "artist": "yama",
        "type": "Opening 1",
        "correctCount": 44,
        "startTime": 53,
        "songDuration": 89.304,
        "songNumber": 32,
        "activePlayerCount": 100,
        "LinkVideo": "https://files.catbox.moe/24bjow.webm",
        "LinkMp3": "https://files.catbox.moe/e2kgt9.mp3",
        "annId": 23487
    },
    {
        "animeEng": "Clockwork Planet",
        "animeRomaji": "Clockwork Planet",
        "songName": "clockwork planet",
        "artist": "fripSide",
        "type": "Opening 1",
        "correctCount": 58,
        "startTime": 31,
        "songDuration": 89.184,
        "songNumber": 33,
        "activePlayerCount": 100,
        "LinkVideo": "https://files.catbox.moe/vkj29h.webm",
        "LinkMp3": "https://files.catbox.moe/qxip6g.mp3",
        "annId": 18959
    },
    {
        "animeEng": "A Certain Scientific Railgun",
        "animeRomaji": "Toaru Kagaku no Railgun",
        "songName": "LEVEL5-judgelight-",
        "artist": "fripSide",
        "type": "Opening 2",
        "correctCount": 73,
        "startTime": 0,
        "songDuration": 89.808,
        "songNumber": 34,
        "activePlayerCount": 101,
        "LinkVideo": "https://files.catbox.moe/jtkwac.webm",
        "LinkMp3": "https://files.catbox.moe/hf6t6d.mp3",
        "annId": 10706
    },
    {
        "animeEng": "Case Closed",
        "animeRomaji": "Meitantei Conan",
        "songName": "Glorious Mind",
        "artist": "ZARD",
        "type": "Opening 21",
        "correctCount": 28,
        "startTime": 26,
        "songDuration": 98.976,
        "songNumber": 35,
        "activePlayerCount": 102,
        "LinkVideo": "https://files.catbox.moe/skn2ja.webm",
        "LinkMp3": "https://files.catbox.moe/s6dpqr.mp3",
        "annId": 454
    },
    {
        "animeEng": "Mobile Suit Gundam: Iron-Blooded Orphans",
        "animeRomaji": "G-Tekketsu",
        "songName": "Sh\u014dnen no Hate",
        "artist": "GRANRODEO",
        "type": "Ending 1",
        "correctCount": 13,
        "startTime": 57,
        "songDuration": 87.984,
        "songNumber": 36,
        "activePlayerCount": 102,
        "LinkVideo": "https://files.catbox.moe/9c2q9c.webm",
        "LinkMp3": "https://files.catbox.moe/w2ravb.mp3",
        "annId": 18586
    },
    {
        "animeEng": "Ro-Kyu-Bu! SS",
        "animeRomaji": "Ro-Kyu-Bu! SS",
        "songName": "Rolling! Rolling!",
        "artist": "RO-KYU-BU!",
        "type": "Ending 1",
        "correctCount": 19,
        "startTime": 18,
        "songDuration": 89.064,
        "songNumber": 37,
        "activePlayerCount": 103,
        "LinkVideo": "https://files.catbox.moe/fglu5i.webm",
        "LinkMp3": "https://files.catbox.moe/biwxw3.mp3",
        "annId": 14852
    },
    {
        "animeEng": "Place to Place",
        "animeRomaji": "Acchi Kocchi",
        "songName": "Acchi de Kocchi de",
        "artist": "Acchi\u21d4Kocchi",
        "type": "Opening 1",
        "correctCount": 49,
        "startTime": 32,
        "songDuration": 88.632,
        "songNumber": 38,
        "activePlayerCount": 103,
        "LinkVideo": "https://files.catbox.moe/a9bg41.webm",
        "LinkMp3": "https://files.catbox.moe/pk59qb.mp3",
        "annId": 13844
    },
    {
        "animeEng": "Sol Bianca: The Legacy",
        "animeRomaji": "Taiy\u014d no Fune Sol Bianca",
        "songName": "To Be Free",
        "artist": "Stella Furst",
        "type": "Opening 1",
        "correctCount": 4,
        "startTime": 6,
        "songDuration": 85.416,
        "songNumber": 39,
        "activePlayerCount": 103,
        "LinkVideo": "https://files.catbox.moe/7781eb.webm",
        "LinkMp3": "https://files.catbox.moe/4g38uk.mp3",
        "annId": 742,
        "correctPlayers": [
            "Fairy9",
            "Rukawa11",
            "Zylda",
            "TKN"
        ]
    },
    {
        "animeEng": "Cute High Earth Defense Club LOVE!",
        "animeRomaji": "Binan K\u014dk\u014d Chikyuu B\u014dei-bu Love!",
        "songName": "Zettai Muteki Fallin' LOVE",
        "artist": "Chikyuu B\u014dei-bu",
        "type": "Opening 1",
        "correctCount": 14,
        "startTime": 22,
        "songDuration": 89.88,
        "songNumber": 40,
        "activePlayerCount": 103,
        "LinkVideo": "https://files.catbox.moe/qxvt7e.webm",
        "LinkMp3": "https://files.catbox.moe/kse524.mp3",
        "annId": 16306
    },
    {
        "animeEng": "Outburst Dreamer Boys",
        "animeRomaji": "Chuuby\u014d Gekihatsu Boy",
        "songName": "Precious Memory ~Kagayaku Kisetsu, Kimi to no Kiseki~",
        "artist": "Mina Katahira",
        "type": "Insert Song",
        "correctCount": 2,
        "startTime": 21,
        "songDuration": 58.944,
        "songNumber": 41,
        "activePlayerCount": 103,
        "LinkVideo": "https://files.catbox.moe/f20p4w.webm",
        "LinkMp3": "https://files.catbox.moe/nqvphw.mp3",
        "annId": 21982,
        "correctPlayers": [
            "Shuuka",
            "ArronChu"
        ]
    },
    {
        "animeEng": "Galaxy Express 999",
        "animeRomaji": "Ginga Tetsud\u014d 999",
        "songName": "TAKING OFF",
        "artist": "Godiego",
        "type": "Insert Song",
        "correctCount": 35,
        "startTime": 54,
        "songDuration": 138.984,
        "songNumber": 42,
        "activePlayerCount": 104,
        "LinkVideo": "https://files.catbox.moe/q0n0du.webm",
        "LinkMp3": "https://files.catbox.moe/cut3df.mp3",
        "annId": 1362
    },
    {
        "animeEng": "Yu-Gi-Oh! 5D's",
        "animeRomaji": "Yu-Gi-Oh! 5D's",
        "songName": "Clear Mind",
        "artist": "Masaaki Endoh",
        "type": "Insert Song",
        "correctCount": 17,
        "startTime": 56,
        "songDuration": 223.296,
        "songNumber": 43,
        "activePlayerCount": 105,
        "LinkVideo": "https://files.catbox.moe/qric21.webm",
        "LinkMp3": "https://files.catbox.moe/huhyoq.mp3",
        "annId": 9404
    },
    {
        "animeEng": "Robby & Kerobby",
        "animeRomaji": "Robby & Kerobby",
        "songName": "Meguru Koi no Kisetsu",
        "artist": "\u2103-ute",
        "type": "Opening 2",
        "correctCount": 1,
        "startTime": 17,
        "songDuration": 59.136,
        "songNumber": 44,
        "activePlayerCount": 105,
        "LinkVideo": "https://files.catbox.moe/eclhmm.webm",
        "LinkMp3": "https://files.catbox.moe/m4hazx.mp3",
        "annId": 7751,
        "correctPlayers": [
            "xSardine"
        ]
    },
    {
        "animeEng": "Aikatsu on Parade!",
        "animeRomaji": "Aikatsu on Parade!",
        "songName": "Calendar Girl",
        "artist": "Waka\u30fbFuuri\u30fbSunao from STAR\u2606ANIS & Ruka\u30fbMona\u30fbMiki from AIKATSU\u2606STARS!",
        "type": "Insert Song",
        "correctCount": 68,
        "startTime": 52,
        "songDuration": 105.072,
        "songNumber": 45,
        "activePlayerCount": 105,
        "LinkVideo": "https://files.catbox.moe/lz1sui.webm",
        "LinkMp3": "https://files.catbox.moe/8xn330.mp3",
        "annId": 22441
    },
    {
        "animeEng": "Yamada-kun and the Seven Witches",
        "animeRomaji": "Yamada-kun to 7-nin no Majo",
        "songName": "Kuchizuke Diamond",
        "artist": "WEAVER",
        "type": "Opening 1",
        "correctCount": 85,
        "startTime": 58,
        "songDuration": 88.56,
        "songNumber": 46,
        "activePlayerCount": 105,
        "LinkVideo": "https://files.catbox.moe/cn4qdl.webm",
        "LinkMp3": "https://files.catbox.moe/tjuiyh.mp3",
        "annId": 16583
    },
    {
        "animeEng": "Aikatsu!",
        "animeRomaji": "Aikatsu!",
        "songName": "Idol Katsud\u014d!",
        "artist": "Waka\u30fbRisuko from STAR\u2606ANIS",
        "type": "Insert Song",
        "correctCount": 69,
        "startTime": 49,
        "songDuration": 81.528,
        "songNumber": 47,
        "activePlayerCount": 107,
        "LinkVideo": "https://files.catbox.moe/0vx54x.webm",
        "LinkMp3": "https://files.catbox.moe/4feecy.mp3",
        "annId": 14566
    },
    {
        "animeEng": "Soreike! Anpanman: Yakisobaman to Black Sabotenman",
        "animeRomaji": "Soreike! Anpanman: Yakisobaman to Black Sabotenman",
        "songName": "Hashire! S L Man",
        "artist": "Dreaming",
        "type": "Opening 1",
        "correctCount": 7,
        "startTime": 46,
        "songDuration": 82.41491,
        "songNumber": 48,
        "activePlayerCount": 107,
        "LinkVideo": "https://files.catbox.moe/cu0iwf.webm",
        "LinkMp3": "https://files.catbox.moe/5epbxo.mp3",
        "annId": 20529
    },
    {
        "animeEng": "The Disastrous Life of Saiki K.",
        "animeRomaji": "Saiki Kusuo no Psi Nan",
        "songName": "\u03a8-lent Prisoner",
        "artist": "Saiki-kku Lover feat. Hiroshi Kamiya, Daisuke Ono, Nobunaga Shimazaki",
        "type": "Opening 1",
        "correctCount": 49,
        "startTime": 42,
        "songDuration": 89.208,
        "songNumber": 49,
        "activePlayerCount": 106,
        "LinkVideo": "https://files.catbox.moe/5y8raz.webm",
        "LinkMp3": "https://files.catbox.moe/q7ouuj.mp3",
        "annId": 20177
    },
    {
        "animeEng": "Senki Zessh\u014d Symphogear G",
        "animeRomaji": "Senki Zessh\u014d Symphogear G",
        "songName": "Rainbow Flower",
        "artist": "Aoi Yuuki",
        "type": "Insert Song",
        "correctCount": 25,
        "startTime": 122,
        "songDuration": 239.064,
        "songNumber": 50,
        "activePlayerCount": 106,
        "LinkVideo": "https://files.catbox.moe/s8hep6.webm",
        "LinkMp3": "https://files.catbox.moe/uw7mo9.mp3",
        "annId": 15228
    },
    {
        "animeEng": "Sonic the Hedgehog: The Movie",
        "animeRomaji": "Sonic\u2605the\u2605Hedgehog",
        "songName": "LOOK-ALIKE",
        "artist": "Riu Konaka",
        "type": "Ending 1",
        "correctCount": 3,
        "startTime": 53,
        "songDuration": 105.096,
        "songNumber": 51,
        "activePlayerCount": 106,
        "LinkVideo": "https://files.catbox.moe/723028.webm",
        "LinkMp3": "https://files.catbox.moe/h8x8sw.mp3",
        "annId": 221,
        "correctPlayers": [
            "Rukawa11",
            "bamboo",
            "Jlin2"
        ]
    },
    {
        "animeEng": "Zombie Land Saga Revenge",
        "animeRomaji": "Zombie Land Saga Revenge",
        "songName": "Little Parappo",
        "artist": "Minami Tanaka",
        "type": "Insert Song",
        "correctCount": 19,
        "startTime": 23,
        "songDuration": 81.84,
        "songNumber": 52,
        "activePlayerCount": 106,
        "LinkVideo": "https://files.catbox.moe/92mcve.webm",
        "LinkMp3": "https://files.catbox.moe/2dv9o6.mp3",
        "annId": 24019
    },
    {
        "animeEng": "Yurikuma Arashi",
        "animeRomaji": "Yuri Kuma Arashi",
        "songName": "Yuri, Shounin!",
        "artist": "Nana Condo",
        "type": "Insert Song",
        "correctCount": 17,
        "startTime": 3,
        "songDuration": 129.12,
        "songNumber": 53,
        "activePlayerCount": 108,
        "LinkVideo": "https://files.catbox.moe/afpemz.webm",
        "LinkMp3": "https://files.catbox.moe/2je3r2.mp3",
        "annId": 16301
    },
    {
        "animeEng": "Ninja Slayer",
        "animeRomaji": "Ninja Slayer From Animation",
        "songName": "RADIO",
        "artist": "6EYES",
        "type": "Ending 5",
        "correctCount": 10,
        "startTime": 30,
        "songDuration": 89.99029,
        "songNumber": 54,
        "activePlayerCount": 108,
        "LinkVideo": "https://files.catbox.moe/f4wszb.webm",
        "LinkMp3": "https://files.catbox.moe/k67xbg.mp3",
        "annId": 16313
    },
    {
        "animeEng": "Beatless Final Stage",
        "animeRomaji": "Beatless Final Stage",
        "songName": "Truth.",
        "artist": "TrySail",
        "type": "Opening 1",
        "correctCount": 54,
        "startTime": 49,
        "songDuration": 88.8,
        "songNumber": 55,
        "activePlayerCount": 108,
        "LinkVideo": "https://files.catbox.moe/0gh3ko.webm",
        "LinkMp3": "https://files.catbox.moe/4ltg31.mp3",
        "annId": 21277
    },
    {
        "animeEng": "Ky\u014d no Asuka Show",
        "animeRomaji": "Ky\u014d no Asuka Show",
        "songName": "Hobo Kenzen Shoujo Sengen",
        "artist": "Arisa Noto",
        "type": "Ending 1",
        "correctCount": 13,
        "startTime": 0,
        "songDuration": 23.064,
        "songNumber": 56,
        "activePlayerCount": 108,
        "LinkVideo": "https://files.catbox.moe/im77ap.webm",
        "LinkMp3": "https://files.catbox.moe/6rhpgc.mp3",
        "annId": 15417
    },
    {
        "animeEng": "Happy\u2606Lesson The Final",
        "animeRomaji": "Happy\u2606Lesson The Final",
        "songName": "Hikari Hitotsu Hirari",
        "artist": "Sleepin' JohnnyFish",
        "type": "Opening 1",
        "correctCount": 3,
        "startTime": 30,
        "songDuration": 93.192,
        "songNumber": 57,
        "activePlayerCount": 108,
        "LinkVideo": "https://files.catbox.moe/66pmsq.webm",
        "LinkMp3": "https://files.catbox.moe/mo33le.mp3",
        "annId": 4159,
        "correctPlayers": [
            "Rukawa11",
            "HDNC",
            "Martinch"
        ]
    },
    {
        "animeEng": "You're Under Arrest: The Motion Picture",
        "animeRomaji": "Taiho Shichau zo the MOVIE",
        "songName": "CALLING",
        "artist": "NITRO",
        "type": "Ending 1",
        "correctCount": 5,
        "startTime": 193,
        "songDuration": 256.032,
        "songNumber": 58,
        "activePlayerCount": 108,
        "LinkVideo": "https://files.catbox.moe/xz4x5x.webm",
        "LinkMp3": "https://files.catbox.moe/voxs2c.mp3",
        "annId": 622,
        "correctPlayers": [
            "Miki_Hoshii",
            "tomokarin",
            "Chiya",
            "Jiinoo",
            "Carnoiter"
        ]
    },
    {
        "animeEng": "Major 2nd",
        "animeRomaji": "Major 2nd",
        "songName": "Pride",
        "artist": "Yuu Takahashi",
        "type": "Ending 1",
        "correctCount": 10,
        "startTime": 31,
        "songDuration": 87.064626,
        "songNumber": 59,
        "activePlayerCount": 108,
        "LinkVideo": "https://files.catbox.moe/vp908v.webm",
        "LinkMp3": "https://files.catbox.moe/weiomw.mp3",
        "annId": 20204
    },
    {
        "animeEng": "Serial Experiments Lain",
        "animeRomaji": "Serial Experiments Lain",
        "songName": "Kodoku no Signal",
        "artist": "Reichi \"CHABO\" Nakaido",
        "type": "Insert Song",
        "correctCount": 25,
        "startTime": 143,
        "songDuration": 246.168,
        "songNumber": 60,
        "activePlayerCount": 108,
        "LinkVideo": "https://files.catbox.moe/tzlbvq.webm",
        "LinkMp3": "https://files.catbox.moe/h5w1i0.mp3",
        "annId": 166
    },
    {
        "animeEng": "Ketsuekigata-kun! 3",
        "animeRomaji": "Ketsuekigata-kun! 3",
        "songName": "HEARTBEAT JAM\u266a",
        "artist": "Aoi Yuuki, Yui Horie, Yu Kobayashi, Mai Nakahara",
        "type": "Opening 1",
        "correctCount": 29,
        "startTime": 0,
        "songDuration": 28.56,
        "songNumber": 61,
        "activePlayerCount": 107,
        "LinkVideo": "https://files.catbox.moe/7201ni.webm",
        "LinkMp3": "https://files.catbox.moe/oqs36h.mp3",
        "annId": 17632
    },
    {
        "animeEng": "Onigiri",
        "animeRomaji": "Onigiri",
        "songName": "Hime wa Rankiryuu\u2606Goikk\u014d-sama",
        "artist": "STARMARIE",
        "type": "Opening 1",
        "correctCount": 55,
        "startTime": 14,
        "songDuration": 44.184,
        "songNumber": 62,
        "activePlayerCount": 107,
        "LinkVideo": "https://files.catbox.moe/3s8kx8.webm",
        "LinkMp3": "https://files.catbox.moe/ik2l9r.mp3",
        "annId": 18076
    },
    {
        "animeEng": "Human Crossing",
        "animeRomaji": "Ningen Kousaten",
        "songName": "REVENGE ~Asu e no Chigai~",
        "artist": "Nana Katase",
        "type": "Opening 1",
        "correctCount": 2,
        "startTime": 38,
        "songDuration": 89.064,
        "songNumber": 63,
        "activePlayerCount": 107,
        "LinkVideo": "https://files.catbox.moe/2212ih.webm",
        "LinkMp3": "https://files.catbox.moe/cqx14s.mp3",
        "annId": 2978,
        "correctPlayers": [
            "Rukawa11",
            "Ryoga"
        ]
    },
    {
        "animeEng": "The Law of Ueki",
        "animeRomaji": "Ueki no H\u014dsoku",
        "songName": "Falco",
        "artist": "Hitomi Shimatani",
        "type": "Opening 1",
        "correctCount": 27,
        "startTime": 17,
        "songDuration": 89.755192,
        "songNumber": 64,
        "activePlayerCount": 108,
        "LinkVideo": "https://files.catbox.moe/ounkqe.webm",
        "LinkMp3": "https://files.catbox.moe/znqgot.mp3",
        "annId": 5063
    },
    {
        "animeEng": "One Piece",
        "animeRomaji": "One Piece",
        "songName": "Sogeking (Hero) no Uta",
        "artist": "Sogeking to Shounen Shoujo Gasshou-dan",
        "type": "Insert Song",
        "correctCount": 19,
        "startTime": 29,
        "songDuration": 62.065872,
        "songNumber": 65,
        "activePlayerCount": 108,
        "LinkVideo": "https://files.catbox.moe/zrul09.webm",
        "LinkMp3": "https://files.catbox.moe/5ubwoi.mp3",
        "annId": 836
    },
    {
        "animeEng": "Star Blazers: Space Battleship Yamato 2199",
        "animeRomaji": "Uchuu Senkan Yamato 2199",
        "songName": "Uchuu Senkan Yamato",
        "artist": "Isao Sasaki",
        "type": "Opening 1",
        "correctCount": 70,
        "startTime": 42,
        "songDuration": 89.04,
        "songNumber": 66,
        "activePlayerCount": 108,
        "LinkVideo": "https://files.catbox.moe/1vp5hz.webm",
        "LinkMp3": "https://files.catbox.moe/mlwrcg.mp3",
        "annId": 13776
    },
    {
        "animeEng": "Initial D",
        "animeRomaji": "Initial D",
        "songName": "I NEED YOUR LOVE",
        "artist": "DAVE SIMON",
        "type": "Insert Song",
        "correctCount": 46,
        "startTime": 95,
        "songDuration": 267.096,
        "songNumber": 67,
        "activePlayerCount": 108,
        "LinkVideo": "https://files.catbox.moe/8toe03.webm",
        "LinkMp3": "https://files.catbox.moe/rhqd7p.mp3",
        "annId": 395
    },
    {
        "animeEng": "Student Council's Discretion",
        "animeRomaji": "Seitokai no Ichizon",
        "songName": "M\u014ds\u014d Fetish - 2 Bon",
        "artist": "Heiky\u014d Gakuen Seitokai",
        "type": "Ending 4",
        "correctCount": 14,
        "startTime": 6,
        "songDuration": 90,
        "songNumber": 68,
        "activePlayerCount": 107,
        "LinkVideo": "https://files.catbox.moe/3r76zp.webm",
        "LinkMp3": "https://files.catbox.moe/drouvb.mp3",
        "annId": 10587
    },
    {
        "animeEng": "Doraemon: Nobita to Ginga Express",
        "animeRomaji": "Doraemon: Nobita to Ginga Express",
        "songName": "Watashi no Naka no Ginga",
        "artist": "Kaientai",
        "type": "Ending 1",
        "correctCount": 4,
        "startTime": 129,
        "songDuration": 160.056,
        "songNumber": 69,
        "activePlayerCount": 107,
        "LinkVideo": "https://files.catbox.moe/ska6ez.webm",
        "LinkMp3": "https://files.catbox.moe/f3mn4l.mp3",
        "annId": 1912,
        "correctPlayers": [
            "Rukawa11",
            "Chiya",
            "tekohina",
            "Jiinoo"
        ]
    },
    {
        "animeEng": "Teekyuu",
        "animeRomaji": "Teekyuu",
        "songName": "Menimenimanimani",
        "artist": "Ky\u014dko Narumi",
        "type": "Opening 1",
        "correctCount": 75,
        "startTime": 0,
        "songDuration": 29.808,
        "songNumber": 70,
        "activePlayerCount": 107,
        "LinkVideo": "https://files.catbox.moe/9nk4ex.webm",
        "LinkMp3": "https://files.catbox.moe/x9cs8e.mp3",
        "annId": 15377
    },
    {
        "animeEng": "The iDOLM@STER SideM",
        "animeRomaji": "The iDOLM@STER SideM",
        "songName": "TOMORROW DIAMOND",
        "artist": "Beit",
        "type": "Ending 4",
        "correctCount": 17,
        "startTime": 41,
        "songDuration": 77.136,
        "songNumber": 71,
        "activePlayerCount": 107,
        "LinkVideo": "https://files.catbox.moe/5z0bxp.webm",
        "LinkMp3": "https://files.catbox.moe/kpk82r.mp3",
        "annId": 19884
    },
    {
        "animeEng": "Beyond the Boundary",
        "animeRomaji": "Ky\u014dkai no Kanata",
        "songName": "Daisy",
        "artist": "STEREO DIVE FOUNDATION",
        "type": "Ending 1",
        "correctCount": 74,
        "startTime": 13,
        "songDuration": 77.688,
        "songNumber": 72,
        "activePlayerCount": 107,
        "LinkVideo": "https://files.catbox.moe/jqdrtp.webm",
        "LinkMp3": "https://files.catbox.moe/ubemc2.mp3",
        "annId": 15546
    },
    {
        "animeEng": "Shin-men",
        "animeRomaji": "Shin-men",
        "songName": "Kite Kite Shin-Men",
        "artist": "Suginami Jidou Gasshou-dan",
        "type": "Opening 1",
        "correctCount": 2,
        "startTime": 0,
        "songDuration": 53.52,
        "songNumber": 73,
        "activePlayerCount": 107,
        "LinkVideo": "https://files.catbox.moe/okjvak.webm",
        "LinkMp3": "https://files.catbox.moe/w4mdwe.mp3",
        "annId": 23060,
        "correctPlayers": [
            "Rukawa11",
            "Jiinoo"
        ]
    },
    {
        "animeEng": "Uta no\u2606Prince-sama\u266aMaji LOVE 2000%",
        "animeRomaji": "Uta no\u2606Prince-sama\u266aMaji LOVE 2000%",
        "songName": "Maji LOVE2000%",
        "artist": "ST\u2606RISH",
        "type": "Ending 1",
        "correctCount": 33,
        "startTime": 58,
        "songDuration": 90.072,
        "songNumber": 74,
        "activePlayerCount": 107,
        "LinkVideo": "https://files.catbox.moe/sgowpz.webm",
        "LinkMp3": "https://files.catbox.moe/d77kde.mp3",
        "annId": 14884
    },
    {
        "animeEng": "Space\u2606Dandy",
        "animeRomaji": "Space\u2606Dandy",
        "songName": "X Jigen e Youkoso",
        "artist": "Etsuko Yakushimaru",
        "type": "Ending 1",
        "correctCount": 22,
        "startTime": 1,
        "songDuration": 90.144,
        "songNumber": 75,
        "activePlayerCount": 106,
        "LinkVideo": "https://files.catbox.moe/9ez9gp.webm",
        "LinkMp3": "https://files.catbox.moe/o33z1k.mp3",
        "annId": 16029
    },
    {
        "animeEng": "Senki Zessh\u014d Symphogear AXZ",
        "animeRomaji": "Senki Zessh\u014d Symphogear AXZ",
        "songName": "Shit\u014d -Ewigkeit-",
        "artist": "Minako Kotobuki, Sh\u014dta Aoi, Rina Hidaka",
        "type": "Insert Song",
        "correctCount": 23,
        "startTime": 66,
        "songDuration": 230.64,
        "songNumber": 76,
        "activePlayerCount": 106,
        "LinkVideo": "https://files.catbox.moe/ghma0t.webm",
        "LinkMp3": "https://files.catbox.moe/1ihi4c.mp3",
        "annId": 19724
    },
    {
        "animeEng": "Blue Submarine No.6",
        "animeRomaji": "Ao no 6-g\u014d",
        "songName": "Minasoko ni Nemure",
        "artist": "THE THRILL feat. YUKARIE",
        "type": "Ending 1",
        "correctCount": 4,
        "startTime": 106,
        "songDuration": 185.07437,
        "songNumber": 77,
        "activePlayerCount": 106,
        "LinkVideo": "https://files.catbox.moe/21wb9z.webm",
        "LinkMp3": "https://files.catbox.moe/cjso0n.mp3",
        "annId": 121,
        "correctPlayers": [
            "Shuuka",
            "Zylda",
            "TKN",
            "Carnoiter"
        ]
    },
    {
        "animeEng": "Waiting in the Summer",
        "animeRomaji": "Ano Natsu de Matteru",
        "songName": "point at infinity",
        "artist": "Nagi Yanagi",
        "type": "Ending 1",
        "correctCount": 22,
        "startTime": 13,
        "songDuration": 87.192,
        "songNumber": 78,
        "activePlayerCount": 106,
        "LinkVideo": "https://files.catbox.moe/z3okv9.webm",
        "LinkMp3": "https://files.catbox.moe/bl8tvc.mp3",
        "annId": 16334
    },
    {
        "animeEng": "Toki wa Meguru: Tokyo Station",
        "animeRomaji": "Toki wa Meguru: Tokyo Station",
        "songName": "Toki wa Meguru",
        "artist": "Yuu Sakai",
        "type": "Insert Song",
        "correctCount": 16,
        "startTime": 64,
        "songDuration": 230.4,
        "songNumber": 79,
        "activePlayerCount": 107,
        "LinkVideo": "https://files.catbox.moe/xyyc6v.webm",
        "LinkMp3": "https://files.catbox.moe/t0x5iw.mp3",
        "annId": 23336
    },
    {
        "animeEng": "Nozomi in the Sun",
        "animeRomaji": "Sasurai no Taiy\u014d",
        "songName": "Sasurai no Taiy\u014d",
        "artist": "Vocal Shop, Three Graces",
        "type": "Opening 1",
        "correctCount": 3,
        "startTime": 48,
        "songDuration": 89.064,
        "songNumber": 80,
        "activePlayerCount": 107,
        "LinkVideo": "https://files.catbox.moe/5thufw.webm",
        "LinkMp3": "https://files.catbox.moe/59wrnd.mp3",
        "annId": 1444,
        "correctPlayers": [
            "Rukawa11",
            "Shuuka",
            "Chemist"
        ]
    },
    {
        "animeEng": "Yadamon: Magical Dreamer",
        "animeRomaji": "Yadamon",
        "songName": "Nantettatte Yadamon",
        "artist": "Issei Futamata, Mami Suzuki, Rie Iwatsubo",
        "type": "Insert Song",
        "correctCount": 86,
        "startTime": 17,
        "songDuration": 78.49661,
        "songNumber": 81,
        "activePlayerCount": 106,
        "LinkVideo": "https://files.catbox.moe/kwyozr.webm",
        "LinkMp3": "https://files.catbox.moe/7p6uf0.mp3",
        "annId": 1389
    },
    {
        "animeEng": "Obey Me!",
        "animeRomaji": "Obey Me!",
        "songName": "It's My Party",
        "artist": "Obey Me! Boys",
        "type": "Ending 1",
        "correctCount": 18,
        "startTime": 4,
        "songDuration": 39.36,
        "songNumber": 82,
        "activePlayerCount": 106,
        "LinkVideo": "https://files.catbox.moe/mxhsaz.webm",
        "LinkMp3": "https://files.catbox.moe/t8wo8d.mp3",
        "annId": 24499
    },
    {
        "animeEng": "The Rose of Versailles",
        "animeRomaji": "Versailles no Bara",
        "songName": "Ai no Hikari to Kage",
        "artist": "Hiroko Suzuki",
        "type": "Ending 1",
        "correctCount": 12,
        "startTime": 20,
        "songDuration": 69.552,
        "songNumber": 83,
        "activePlayerCount": 106,
        "LinkVideo": "https://files.catbox.moe/dre7u4.webm",
        "LinkMp3": "https://files.catbox.moe/zedsmr.mp3",
        "annId": 451
    },
    {
        "animeEng": "Ajin: Demi-Human",
        "animeRomaji": "Ajin",
        "songName": "The end of escape",
        "artist": "fripSide x angela",
        "type": "Opening 2",
        "correctCount": 56,
        "startTime": 35,
        "songDuration": 88.848,
        "songNumber": 84,
        "activePlayerCount": 106,
        "LinkVideo": "https://files.catbox.moe/o502m4.webm",
        "LinkMp3": "https://files.catbox.moe/nlrexf.mp3",
        "annId": 19017
    },
    {
        "animeEng": "Now and Then, Here and There",
        "animeRomaji": "Ima, Soko ni Iru Boku",
        "songName": "Ima, Soko ni Iru Boku",
        "artist": "Toshio Masuda",
        "type": "Opening 1",
        "correctCount": 52,
        "startTime": 9,
        "songDuration": 83.112,
        "songNumber": 85,
        "activePlayerCount": 105,
        "LinkVideo": "https://files.catbox.moe/2g9urm.webm",
        "LinkMp3": "https://files.catbox.moe/lzl16t.mp3",
        "annId": 287
    }
]