[
    {
        "animeEng": "A.I.C.O.: Incarnation",
        "animeRomaji": "A.I.C.O.: Incarnation",
        "songName": "A.I.C.O.",
        "artist": "TRUE",
        "type": "Opening 1",
        "correctCount": 22,
        "startTime": 34,
        "songDuration": 89.304,
        "songNumber": 1,
        "activePlayerCount": 140,
        "LinkVideo": "https://files.catbox.moe/4eiai5.webm",
        "LinkMp3": "https://files.catbox.moe/fgx79d.mp3",
        "annId": 19989
    },
    {
        "animeEng": "Fist of the North Star: Legend of Raoh",
        "animeRomaji": "Shin Kyuuseishu Densetsu Hokuto no Ken: Raoh-den Junai no Sh\u014d",
        "songName": "Where the lights are (Japanese Ver.)",
        "artist": "FictionJunction WAKANA",
        "type": "Insert Song",
        "correctCount": 0,
        "startTime": 102,
        "songDuration": 207.816,
        "songNumber": 2,
        "activePlayerCount": 146,
        "LinkVideo": "https://files.catbox.moe/aa8v9d.webm",
        "LinkMp3": "https://files.catbox.moe/fjqenq.mp3",
        "annId": 5025
    },
    {
        "animeEng": "Akane-iro ni Somaru Saka",
        "animeRomaji": "Akane-iro ni Somaru Saka",
        "songName": "Love Diving",
        "artist": "Marina Inoue",
        "type": "Ending 7",
        "correctCount": 6,
        "startTime": 27,
        "songDuration": 87.048,
        "songNumber": 3,
        "activePlayerCount": 152,
        "LinkVideo": "https://files.catbox.moe/dfyn8r.webm",
        "LinkMp3": "https://files.catbox.moe/j4icuy.mp3",
        "annId": 10095
    },
    {
        "animeEng": "Crayon Shin-chan: Action Kamen vs Haigure Mao",
        "animeRomaji": "Crayon Shin-chan: Action Kamen vs Haigure Mao",
        "songName": "Himawari Taisou",
        "artist": "Eri Kawai",
        "type": "Insert Song",
        "correctCount": 3,
        "startTime": 4,
        "songDuration": 65.1392,
        "songNumber": 4,
        "activePlayerCount": 154,
        "LinkVideo": "https://files.catbox.moe/jm2qpu.webm",
        "LinkMp3": "https://files.catbox.moe/58lp5y.mp3",
        "annId": 6739,
        "correctPlayers": [
            "Anwonu",
            "revel_",
            "watashiii"
        ]
    },
    {
        "animeEng": "The Kindly Lion",
        "animeRomaji": "Yasashii Lion",
        "songName": "Buru-buru no Komoriuta",
        "artist": "Chiharu Kuri & Bonny Jacks",
        "type": "Insert Song",
        "correctCount": 13,
        "startTime": 7,
        "songDuration": 72.648,
        "songNumber": 5,
        "activePlayerCount": 156,
        "LinkVideo": "https://files.catbox.moe/i912d7.webm",
        "LinkMp3": "https://files.catbox.moe/rxyzsy.mp3",
        "annId": 1720
    },
    {
        "animeEng": "D.C.: Da Capo",
        "animeRomaji": "D.C.: Da Capo",
        "songName": "Sakura Saku Mirai Koi Yume",
        "artist": "yozuca*",
        "type": "Opening 1",
        "correctCount": 51,
        "startTime": 49,
        "songDuration": 89.064,
        "songNumber": 6,
        "activePlayerCount": 158,
        "LinkVideo": "https://files.catbox.moe/z0p5my.webm",
        "LinkMp3": "https://files.catbox.moe/44zsyb.mp3",
        "annId": 2670
    },
    {
        "animeEng": "Zombie Land Saga",
        "animeRomaji": "Zombie Land Saga",
        "songName": "Mezame RETURNER",
        "artist": "FranChouChou",
        "type": "Insert Song",
        "correctCount": 77,
        "startTime": 68,
        "songDuration": 103.56,
        "songNumber": 7,
        "activePlayerCount": 162,
        "LinkVideo": "https://files.catbox.moe/drt42b.webm",
        "LinkMp3": "https://files.catbox.moe/qjs0fm.mp3",
        "annId": 21363
    },
    {
        "animeEng": "Senyuu.",
        "animeRomaji": "Senyuu.",
        "songName": "Canary",
        "artist": "GRANRODEO",
        "type": "Opening 1",
        "correctCount": 14,
        "startTime": 34,
        "songDuration": 91.08,
        "songNumber": 8,
        "activePlayerCount": 161,
        "LinkVideo": "https://files.catbox.moe/jjn7o2.webm",
        "LinkMp3": "https://files.catbox.moe/55mvna.mp3",
        "annId": 15295
    },
    {
        "animeEng": "Saiky\u014d Kamizmode!",
        "animeRomaji": "Saiky\u014d Kamizmode!",
        "songName": "RanRanRan!",
        "artist": "Sensei (Tokyo Karan Koron)",
        "type": "Insert Song",
        "correctCount": 6,
        "startTime": 0,
        "songDuration": 20.208,
        "songNumber": 9,
        "activePlayerCount": 162,
        "LinkVideo": "https://files.catbox.moe/obb3b7.webm",
        "LinkMp3": "https://files.catbox.moe/msue1a.mp3",
        "annId": 23556
    },
    {
        "animeEng": "The Melancholy of Haruhi Suzumiya",
        "animeRomaji": "Suzumiya Haruhi no Yuuutsu",
        "songName": "Koi no Mikuru Densetsu",
        "artist": "Yuko Goto",
        "type": "Opening 1",
        "correctCount": 115,
        "startTime": 53,
        "songDuration": 89.128264,
        "songNumber": 10,
        "activePlayerCount": 163,
        "LinkVideo": "https://files.catbox.moe/oe6tzm.webm",
        "LinkMp3": "https://files.catbox.moe/d35z2j.mp3",
        "annId": 6430
    },
    {
        "animeEng": "Detroit Metal City",
        "animeRomaji": "Detroit Metal City",
        "songName": "Raspberry Kiss",
        "artist": "Daisuke Kishio",
        "type": "Insert Song",
        "correctCount": 25,
        "startTime": 0,
        "songDuration": 27.024,
        "songNumber": 11,
        "activePlayerCount": 163,
        "LinkVideo": "https://files.catbox.moe/dmaq3v.webm",
        "LinkMp3": "https://files.catbox.moe/l16axq.mp3",
        "annId": 10172
    },
    {
        "animeEng": "Book Girl Memoir",
        "animeRomaji": "Bungaku Sh\u014djo Memoir",
        "songName": "Aozora no Mukou",
        "artist": "Masumi Itou",
        "type": "Ending 1",
        "correctCount": 10,
        "startTime": 20,
        "songDuration": 88.824,
        "songNumber": 12,
        "activePlayerCount": 162,
        "LinkVideo": "https://files.catbox.moe/c2bx4n.webm",
        "LinkMp3": "https://files.catbox.moe/vjser3.mp3",
        "annId": 11682
    },
    {
        "animeEng": "Kremlin",
        "animeRomaji": "Kremlin",
        "songName": "Machi o Deru Boku",
        "artist": "Azuma Tani",
        "type": "Ending 2",
        "correctCount": 18,
        "startTime": 0,
        "songDuration": 19.704,
        "songNumber": 13,
        "activePlayerCount": 163,
        "LinkVideo": "https://files.catbox.moe/eygxke.webm",
        "LinkMp3": "https://files.catbox.moe/yehn3z.mp3",
        "annId": 23019
    },
    {
        "animeEng": "Princess Tutu",
        "animeRomaji": "Princess Tutu",
        "songName": "Watashi no Ai wa Chiisaikeredo",
        "artist": "Ritsuko Okazaki",
        "type": "Ending 1",
        "correctCount": 65,
        "startTime": 14,
        "songDuration": 90.072,
        "songNumber": 14,
        "activePlayerCount": 164,
        "LinkVideo": "https://files.catbox.moe/kmqfd5.webm",
        "LinkMp3": "https://files.catbox.moe/bvv383.mp3",
        "annId": 1267
    },
    {
        "animeEng": "D.N.Angel",
        "animeRomaji": "D.N.Angel",
        "songName": "K\u014dd\u014d~Whenever~",
        "artist": "Ry\u014dtar\u014d Okiayu",
        "type": "Insert Song",
        "correctCount": 6,
        "startTime": 9,
        "songDuration": 62.28,
        "songNumber": 15,
        "activePlayerCount": 166,
        "LinkVideo": "https://files.catbox.moe/09mfvv.webm",
        "LinkMp3": "https://files.catbox.moe/j2b60h.mp3",
        "annId": 2288
    },
    {
        "animeEng": "The Promised Neverland",
        "animeRomaji": "Yakusoku no Neverland",
        "songName": "Lamp",
        "artist": "C\u00f6 shu Nie",
        "type": "Ending 2",
        "correctCount": 92,
        "startTime": 27,
        "songDuration": 89.568,
        "songNumber": 16,
        "activePlayerCount": 166,
        "LinkVideo": "https://files.catbox.moe/02v815.webm",
        "LinkMp3": "https://files.catbox.moe/1x2rh5.mp3",
        "annId": 21552
    },
    {
        "animeEng": "Pok\u00e9mon The Movie 2000",
        "animeRomaji": "Pocket Monsters: Maboroshi no Pokemon Lugia Bakutan",
        "songName": "Rival!",
        "artist": "Rica Matsumoto",
        "type": "Opening 1",
        "correctCount": 118,
        "startTime": 8,
        "songDuration": 94.464,
        "songNumber": 17,
        "activePlayerCount": 166,
        "LinkVideo": "https://files.catbox.moe/jvwfgp.webm",
        "LinkMp3": "https://files.catbox.moe/sxmhl5.mp3",
        "annId": 830
    },
    {
        "animeEng": "Skyers 5",
        "animeRomaji": "Skyers 5",
        "songName": "Skyers 5",
        "artist": "Honey Knights",
        "type": "Opening 1",
        "correctCount": 32,
        "startTime": 27,
        "songDuration": 68.753104,
        "songNumber": 18,
        "activePlayerCount": 167,
        "LinkVideo": "https://files.catbox.moe/krouhs.webm",
        "LinkMp3": "https://files.catbox.moe/9rna0t.mp3",
        "annId": 2370
    },
    {
        "animeEng": "Demon-man Bem",
        "animeRomaji": "Y\u014dkai Ningen Bem",
        "songName": "Y\u014dkai Ningen Bem",
        "artist": "Honey Knights",
        "type": "Opening 1",
        "correctCount": 30,
        "startTime": 5,
        "songDuration": 52.056,
        "songNumber": 19,
        "activePlayerCount": 167,
        "LinkVideo": "https://files.catbox.moe/fjqpfg.webm",
        "LinkMp3": "https://files.catbox.moe/my0spn.mp3",
        "annId": 1483
    },
    {
        "animeEng": "Fight! Iczer-One",
        "animeRomaji": "Tatakae! Iczer-1",
        "songName": "NEVER RUN AWAY",
        "artist": "Yuuk\u014d Kusunoki",
        "type": "Ending 2",
        "correctCount": 4,
        "startTime": 62,
        "songDuration": 128.808,
        "songNumber": 20,
        "activePlayerCount": 167,
        "LinkVideo": "https://files.catbox.moe/ykiday.webm",
        "LinkMp3": "https://files.catbox.moe/e25h7t.mp3",
        "annId": 684,
        "correctPlayers": [
            "Bai",
            "Zurer",
            "Nicoler",
            "NijinoYume721"
        ]
    },
    {
        "animeEng": "Rurouni Kenshin",
        "animeRomaji": "Rurouni Kenshin: Meiji Kenkaku Romantan",
        "songName": "HEART OF SWORD ~Yoake Mae~",
        "artist": "T.M.Revolution",
        "type": "Ending 3",
        "correctCount": 55,
        "startTime": 19,
        "songDuration": 93.528,
        "songNumber": 21,
        "activePlayerCount": 164,
        "LinkVideo": "https://files.catbox.moe/dvswau.webm",
        "LinkMp3": "https://files.catbox.moe/4ft6oi.mp3",
        "annId": 73
    },
    {
        "animeEng": "Chu-Bra!!",
        "animeRomaji": "Chu-Bra!!",
        "songName": "Choose Bright!!",
        "artist": "Minori Chihara, Minako Kotobuki, Sayuri Yahagi, Yoko Hikasa",
        "type": "Opening 1",
        "correctCount": 11,
        "startTime": 30,
        "songDuration": 86.76,
        "songNumber": 22,
        "activePlayerCount": 165,
        "LinkVideo": "https://files.catbox.moe/csmlky.webm",
        "LinkMp3": "https://files.catbox.moe/z1qspz.mp3",
        "annId": 11135
    },
    {
        "animeEng": "No-Rin",
        "animeRomaji": "No-Rin",
        "songName": "Himitsu no Tobira Kara Ai ni Kite",
        "artist": "Yukari Tamura",
        "type": "Opening 2",
        "correctCount": 37,
        "startTime": 12,
        "songDuration": 88.104,
        "songNumber": 23,
        "activePlayerCount": 166,
        "LinkVideo": "https://files.catbox.moe/i08ewe.webm",
        "LinkMp3": "https://files.catbox.moe/6juu3i.mp3",
        "annId": 15508
    },
    {
        "animeEng": "Detective Conan: The Darkest Nightmare",
        "animeRomaji": "Meitantei Conan: Junkoku no Nightmare",
        "songName": "Sekai wa Anata no Iro ni Naru",
        "artist": "B'z",
        "type": "Ending 1",
        "correctCount": 43,
        "startTime": 9,
        "songDuration": 263.26525,
        "songNumber": 24,
        "activePlayerCount": 166,
        "LinkVideo": "https://files.catbox.moe/5e1otp.webm",
        "LinkMp3": "https://files.catbox.moe/1v7yd9.mp3",
        "annId": 17873
    },
    {
        "animeEng": "Guardian Hearts",
        "animeRomaji": "Guardian Hearts",
        "songName": "Nagareboshi no Hi",
        "artist": "Sleepin' JohnnyFish",
        "type": "Opening 1",
        "correctCount": 7,
        "startTime": 3,
        "songDuration": 87.24,
        "songNumber": 25,
        "activePlayerCount": 166,
        "LinkVideo": "https://files.catbox.moe/dmm7x7.webm",
        "LinkMp3": "https://files.catbox.moe/ynu4xy.mp3",
        "annId": 2671
    },
    {
        "animeEng": "Rent-a-Girlfriend",
        "animeRomaji": "Kanojo, Okarishimasu",
        "songName": "FIRST DROP",
        "artist": "halca",
        "type": "Ending 2",
        "correctCount": 76,
        "startTime": 8,
        "songDuration": 89.064,
        "songNumber": 26,
        "activePlayerCount": 167,
        "LinkVideo": "https://files.catbox.moe/rsue65.webm",
        "LinkMp3": "https://files.catbox.moe/mfx7bo.mp3",
        "annId": 22933
    },
    {
        "animeEng": "Nisekoi",
        "animeRomaji": "Nisekoi",
        "songName": "CLICK",
        "artist": "ClariS",
        "type": "Opening 1",
        "correctCount": 115,
        "startTime": 1,
        "songDuration": 89.568,
        "songNumber": 27,
        "activePlayerCount": 166,
        "LinkVideo": "https://files.catbox.moe/388uyj.webm",
        "LinkMp3": "https://files.catbox.moe/hph8tt.mp3",
        "annId": 16607
    },
    {
        "animeEng": "Koyomimonogatari",
        "animeRomaji": "Koyomimonogatari",
        "songName": "mein schatz",
        "artist": "mito",
        "type": "Opening 9",
        "correctCount": 77,
        "startTime": 28,
        "songDuration": 59.496,
        "songNumber": 28,
        "activePlayerCount": 167,
        "LinkVideo": "https://files.catbox.moe/f4wxb1.webm",
        "LinkMp3": "https://files.catbox.moe/lhtzpi.mp3",
        "annId": 17938
    },
    {
        "animeEng": "Dorohedoro",
        "animeRomaji": "Dorohedoro",
        "songName": "Strange Meat Pie",
        "artist": "(K)NoW_NAME:Ayaka Tachibana",
        "type": "Ending 4",
        "correctCount": 67,
        "startTime": 22,
        "songDuration": 86.568,
        "songNumber": 29,
        "activePlayerCount": 168,
        "LinkVideo": "https://files.catbox.moe/bisix3.webm",
        "LinkMp3": "https://files.catbox.moe/agb117.mp3",
        "annId": 22562
    },
    {
        "animeEng": "Artiswitch",
        "animeRomaji": "Artiswitch",
        "songName": "Tobu, Saihate.",
        "artist": "yonkey feat. Kana Adachi",
        "type": "Ending 1",
        "correctCount": 20,
        "startTime": 0,
        "songDuration": 24.072,
        "songNumber": 30,
        "activePlayerCount": 170,
        "LinkVideo": "https://files.catbox.moe/p4dopj.webm",
        "LinkMp3": "https://files.catbox.moe/f5gjsx.mp3",
        "annId": 24373
    },
    {
        "animeEng": "Stop! Hibari-kun",
        "animeRomaji": "Stop! Hibari-kun",
        "songName": "Stop! Hibari-kun!",
        "artist": "Yuki Yukino",
        "type": "Opening 1",
        "correctCount": 44,
        "startTime": 25,
        "songDuration": 90.864,
        "songNumber": 31,
        "activePlayerCount": 172,
        "LinkVideo": "https://files.catbox.moe/vjymx5.webm",
        "LinkMp3": "https://files.catbox.moe/rbo9xk.mp3",
        "annId": 1524
    },
    {
        "animeEng": "Swiss Family Robinson",
        "animeRomaji": "Kazoku Robinson Hy\u014dryuuki: Fushigi na Shima no Flone",
        "songName": "Flone no Yume",
        "artist": "Keiko Han",
        "type": "Ending 1",
        "correctCount": 6,
        "startTime": 48,
        "songDuration": 83.19857,
        "songNumber": 32,
        "activePlayerCount": 172,
        "LinkVideo": "https://files.catbox.moe/aue941.webm",
        "LinkMp3": "https://files.catbox.moe/b0em8b.mp3",
        "annId": 440
    },
    {
        "animeEng": "The Tatami Galaxy",
        "animeRomaji": "Yoj\u014dhan Shinwa Taikei",
        "songName": "Maru o Sagashite",
        "artist": "Keiji Fujiwara",
        "type": "Insert Song",
        "correctCount": 47,
        "startTime": 14,
        "songDuration": 78.912,
        "songNumber": 33,
        "activePlayerCount": 171,
        "LinkVideo": "https://files.catbox.moe/ylp8lv.webm",
        "LinkMp3": "https://files.catbox.moe/h1eyz5.mp3",
        "annId": 11200
    },
    {
        "animeEng": "Fragments of Feelings",
        "animeRomaji": "Omoi no Kakera",
        "songName": "Omoi no Kakera",
        "artist": "Rico Sasaki",
        "type": "Ending 1",
        "correctCount": 11,
        "startTime": 210,
        "songDuration": 242.307672,
        "songNumber": 34,
        "activePlayerCount": 171,
        "LinkVideo": "https://files.catbox.moe/6wh6wc.webm",
        "LinkMp3": "https://files.catbox.moe/v6jmfk.mp3",
        "annId": 18199
    },
    {
        "animeEng": "Miss Kobayashi's Dragon Maid S",
        "animeRomaji": "Kobayashi-san Chi no Maid Dragon S",
        "songName": "Ai no Supreme!",
        "artist": "fh\u00e1na",
        "type": "Opening 1",
        "correctCount": 129,
        "startTime": 34,
        "songDuration": 88.056,
        "songNumber": 35,
        "activePlayerCount": 172,
        "LinkVideo": "https://files.catbox.moe/k7t1mp.webm",
        "LinkMp3": "https://files.catbox.moe/em062o.mp3",
        "annId": 23562
    },
    {
        "animeEng": "Is the Order a Rabbit? BLOOM",
        "animeRomaji": "Gochuumon wa Usagi Desu ka? Bloom",
        "songName": "Tenkuu Cafeteria",
        "artist": "Petit Rabbit's",
        "type": "Opening 1",
        "correctCount": 54,
        "startTime": 56,
        "songDuration": 89.064,
        "songNumber": 36,
        "activePlayerCount": 172,
        "LinkVideo": "https://files.catbox.moe/ajgz90.webm",
        "LinkMp3": "https://files.catbox.moe/qs2sj6.mp3",
        "annId": 23573
    },
    {
        "animeEng": "Doraemon",
        "animeRomaji": "Doraemon",
        "songName": "Moonlight Blue",
        "artist": "Wasabi Mizuta, Megumi Oohara, Subaru Kimura, Tomokazu Seki",
        "type": "Insert Song",
        "correctCount": 26,
        "startTime": 99,
        "songDuration": 175.056,
        "songNumber": 37,
        "activePlayerCount": 172,
        "LinkVideo": "https://files.catbox.moe/k6481n.webm",
        "LinkMp3": "https://files.catbox.moe/ah8p71.mp3",
        "annId": 14223
    },
    {
        "animeEng": "School Rumble San Gakki",
        "animeRomaji": "School Rumble San Gakki",
        "songName": "Onna no Ko\u2665Otoko no Ko (Tsukamoto Shimai ver.)",
        "artist": "Ami Koshimizu & Mamiko Noto",
        "type": "Ending 1",
        "correctCount": 11,
        "startTime": 49,
        "songDuration": 78.216,
        "songNumber": 38,
        "activePlayerCount": 172,
        "LinkVideo": "https://files.catbox.moe/mgt74d.webm",
        "LinkMp3": "https://files.catbox.moe/ag53ff.mp3",
        "annId": 9814
    },
    {
        "animeEng": "Kakyuusei",
        "animeRomaji": "Kakyuusei",
        "songName": "Summer Girl (a capella)",
        "artist": "Yuko Chizawa, Taro Todoroki, Yasumasa Awano",
        "type": "Insert Song",
        "correctCount": 7,
        "startTime": 24,
        "songDuration": 148.704,
        "songNumber": 39,
        "activePlayerCount": 172,
        "LinkVideo": "https://files.catbox.moe/4nq1eh.webm",
        "LinkMp3": "https://files.catbox.moe/4ej23d.mp3",
        "annId": 179
    },
    {
        "animeEng": "Wish Upon the Pleiades",
        "animeRomaji": "H\u014dkago no Pleiades",
        "songName": "Stella-rium",
        "artist": "Kano",
        "type": "Opening 1",
        "correctCount": 35,
        "startTime": 2,
        "songDuration": 88.368,
        "songNumber": 40,
        "activePlayerCount": 172,
        "LinkVideo": "https://files.catbox.moe/omw23j.webm",
        "LinkMp3": "https://files.catbox.moe/j22q1n.mp3",
        "annId": 16641
    },
    {
        "animeEng": "Saiyuki Reload: Burial",
        "animeRomaji": "Saiyuki Reload: Burial",
        "songName": "Late-show",
        "artist": "GARDEN",
        "type": "Opening 1",
        "correctCount": 6,
        "startTime": 61,
        "songDuration": 92.16,
        "songNumber": 41,
        "activePlayerCount": 171,
        "LinkVideo": "https://files.catbox.moe/9lv6vi.webm",
        "LinkMp3": "https://files.catbox.moe/os4qt3.mp3",
        "annId": 7250
    },
    {
        "animeEng": "Zillion",
        "animeRomaji": "Akai Kodan Zillion",
        "songName": "Push!",
        "artist": "Risa Yuuki",
        "type": "Ending 1",
        "correctCount": 7,
        "startTime": 7,
        "songDuration": 65.04378,
        "songNumber": 42,
        "activePlayerCount": 170,
        "LinkVideo": "https://files.catbox.moe/t2ah55.webm",
        "LinkMp3": "https://files.catbox.moe/l4mjfo.mp3",
        "annId": 805
    },
    {
        "animeEng": "Assassination Classroom Second Season",
        "animeRomaji": "Ansatsu Ky\u014dshitsu Final Season",
        "songName": "Mata Kimi ni Aeru Hi",
        "artist": "Shion Miyawaki",
        "type": "Ending 2",
        "correctCount": 17,
        "startTime": 22,
        "songDuration": 87.768,
        "songNumber": 43,
        "activePlayerCount": 166,
        "LinkVideo": "https://files.catbox.moe/iiyf2f.webm",
        "LinkMp3": "https://files.catbox.moe/qw4pca.mp3",
        "annId": 17686
    },
    {
        "animeEng": "Kaze no Sh\u014djo Emily",
        "animeRomaji": "Kaze no Sh\u014djo Emily",
        "songName": "Kaze no Sh\u014djo",
        "artist": "Mitsuko Horie",
        "type": "Opening 1",
        "correctCount": 11,
        "startTime": 48,
        "songDuration": 85.872,
        "songNumber": 44,
        "activePlayerCount": 169,
        "LinkVideo": "https://files.catbox.moe/6tth3g.webm",
        "LinkMp3": "https://files.catbox.moe/e7ox41.mp3",
        "annId": 7475
    },
    {
        "animeEng": "Pok\u00e9mon 4Ever",
        "animeRomaji": "Pocket Monsters: Celebi Toki o Koeta Deai",
        "songName": "Mezase Pokemon Master 2001",
        "artist": "Rica Matsumoto",
        "type": "Opening 1",
        "correctCount": 34,
        "startTime": 1,
        "songDuration": 138.048,
        "songNumber": 45,
        "activePlayerCount": 168,
        "LinkVideo": "https://files.catbox.moe/czd78m.webm",
        "LinkMp3": "https://files.catbox.moe/7o3jo8.mp3",
        "annId": 901
    },
    {
        "animeEng": "Libra of Nil Admirari",
        "animeRomaji": "Nil Admirari no Tenbin",
        "songName": "Honoo no Tori",
        "artist": "Suara",
        "type": "Insert Song",
        "correctCount": 2,
        "startTime": 7,
        "songDuration": 107.988348,
        "songNumber": 46,
        "activePlayerCount": 169,
        "LinkVideo": "https://files.catbox.moe/mbg39i.webm",
        "LinkMp3": "https://files.catbox.moe/nuco8i.mp3",
        "annId": 20069,
        "correctPlayers": [
            "MyAngelAmakiSari",
            "kneesoxluver"
        ]
    },
    {
        "animeEng": "King of Prism: Shiny Seven Stars",
        "animeRomaji": "King of Prism: Shiny Seven Stars",
        "songName": "cherry-picking days",
        "artist": "Yuu Serizawa & Maaya Uchida",
        "type": "Insert Song",
        "correctCount": 28,
        "startTime": 14,
        "songDuration": 52.348488,
        "songNumber": 47,
        "activePlayerCount": 168,
        "LinkVideo": "https://files.catbox.moe/377q5r.webm",
        "LinkMp3": "https://files.catbox.moe/yhao7x.mp3",
        "annId": 21194
    },
    {
        "animeEng": "Deep-Sea Legend Meremanoid",
        "animeRomaji": "Shinkai Densetsu Meremanoid",
        "songName": "Let Me Drive",
        "artist": "rhythm remedyz",
        "type": "Ending 1",
        "correctCount": 2,
        "startTime": 17,
        "songDuration": 66,
        "songNumber": 48,
        "activePlayerCount": 168,
        "LinkVideo": "https://files.catbox.moe/iziuen.webm",
        "LinkMp3": "https://files.catbox.moe/rqx967.mp3",
        "annId": 7082,
        "correctPlayers": [
            "Bai",
            "Aquarius"
        ]
    },
    {
        "animeEng": "JoJo's Bizarre Adventure: Stardust Crusaders",
        "animeRomaji": "JoJo no Kimy\u014d na B\u014dken: Stardust Crusaders",
        "songName": "STAND PROUD",
        "artist": "Jin Hashimoto",
        "type": "Opening 1",
        "correctCount": 136,
        "startTime": 57,
        "songDuration": 89.088,
        "songNumber": 49,
        "activePlayerCount": 168,
        "LinkVideo": "https://files.catbox.moe/b7m21b.webm",
        "LinkMp3": "https://files.catbox.moe/p3i01c.mp3",
        "annId": 15692
    },
    {
        "animeEng": "gdgd men's party",
        "animeRomaji": "gdgd men's party",
        "songName": "Duality",
        "artist": "BB-voice",
        "type": "Ending 1",
        "correctCount": 27,
        "startTime": 0,
        "songDuration": 33.144,
        "songNumber": 50,
        "activePlayerCount": 168,
        "LinkVideo": "https://files.catbox.moe/1exyws.webm",
        "LinkMp3": "https://files.catbox.moe/f99wjr.mp3",
        "annId": 20460
    },
    {
        "animeEng": "Initial D: Battle Stage 2",
        "animeRomaji": "Initial D: Battle Stage 2",
        "songName": "WELCOME PEOPLE",
        "artist": "MR.M",
        "type": "Insert Song",
        "correctCount": 13,
        "startTime": 161,
        "songDuration": 189.072,
        "songNumber": 51,
        "activePlayerCount": 168,
        "LinkVideo": "https://files.catbox.moe/6zonns.webm",
        "LinkMp3": "https://files.catbox.moe/hthoue.mp3",
        "annId": 7986
    },
    {
        "animeEng": "Date A Live III",
        "animeRomaji": "Date A Live III",
        "songName": "I swear",
        "artist": "sweet ARMS",
        "type": "Opening 1",
        "correctCount": 98,
        "startTime": 60,
        "songDuration": 100.368,
        "songNumber": 52,
        "activePlayerCount": 168,
        "LinkVideo": "https://files.catbox.moe/57oth8.webm",
        "LinkMp3": "https://files.catbox.moe/pmqfz0.mp3",
        "annId": 21509
    },
    {
        "animeEng": "The Idaten Deities Know Only Peace",
        "animeRomaji": "Heion Sedai no Idaten-tachi",
        "songName": "Seija no Koushin",
        "artist": "Tatsuya Kitani",
        "type": "Opening 1",
        "correctCount": 71,
        "startTime": 49,
        "songDuration": 89.808,
        "songNumber": 53,
        "activePlayerCount": 168,
        "LinkVideo": "https://files.catbox.moe/gmnoki.webm",
        "LinkMp3": "https://files.catbox.moe/uz4g1e.mp3",
        "annId": 24400
    },
    {
        "animeEng": "Norimono Man Mobile Land no Car-kun",
        "animeRomaji": "Norimono Man Mobile Land no Car-kun",
        "songName": "Kattobi Mobile Land",
        "artist": "Ayahi Takagaki",
        "type": "Opening 1",
        "correctCount": 107,
        "startTime": 0,
        "songDuration": 29.04,
        "songNumber": 54,
        "activePlayerCount": 168,
        "LinkVideo": "https://files.catbox.moe/5ojy4i.webm",
        "LinkMp3": "https://files.catbox.moe/aaad3f.mp3",
        "annId": 23161
    },
    {
        "animeEng": "Cells at Work! CODE BLACK",
        "animeRomaji": "Hataraku Saib\u014d BLACK",
        "songName": "Energy Drink",
        "artist": "Daisuke Hasegawa",
        "type": "Insert Song",
        "correctCount": 31,
        "startTime": 6,
        "songDuration": 64.944,
        "songNumber": 55,
        "activePlayerCount": 168,
        "LinkVideo": "https://files.catbox.moe/wvfg9i.webm",
        "LinkMp3": "https://files.catbox.moe/o5oz79.mp3",
        "annId": 23613
    },
    {
        "animeEng": "Strike The Blood IV",
        "animeRomaji": "Strike The Blood IV",
        "songName": "Akatsuki no Kaleido Blood",
        "artist": "Kishida Ky\u014ddan &THE Akeboshi Rockets",
        "type": "Opening 1",
        "correctCount": 51,
        "startTime": 9,
        "songDuration": 88.632,
        "songNumber": 56,
        "activePlayerCount": 168,
        "LinkVideo": "https://files.catbox.moe/dxryf8.webm",
        "LinkMp3": "https://files.catbox.moe/clalbu.mp3",
        "annId": 22932
    },
    {
        "animeEng": "IRODUKU: The World in Colors",
        "animeRomaji": "Irozuku Sekai no Ashita kara.",
        "songName": "Mimei no Kimi to Hakumei no Mah\u014d",
        "artist": "Nagi Yanagi",
        "type": "Ending 1",
        "correctCount": 45,
        "startTime": 18,
        "songDuration": 89.07602,
        "songNumber": 57,
        "activePlayerCount": 167,
        "LinkVideo": "https://files.catbox.moe/lu0any.webm",
        "LinkMp3": "https://files.catbox.moe/ha8kol.mp3",
        "annId": 20794
    },
    {
        "animeEng": "High School Fleet",
        "animeRomaji": "Haifuri",
        "songName": "High Free Spirits",
        "artist": "TrySail",
        "type": "Opening 1",
        "correctCount": 88,
        "startTime": 58,
        "songDuration": 89.064,
        "songNumber": 58,
        "activePlayerCount": 166,
        "LinkVideo": "https://files.catbox.moe/ulhub6.webm",
        "LinkMp3": "https://files.catbox.moe/zlafhw.mp3",
        "annId": 19321
    },
    {
        "animeEng": "Kase-san and Morning Glories",
        "animeRomaji": "Asagao to Kase-san.",
        "songName": "Asu e no Tobira",
        "artist": "Minami Takahashi & Ayane Sakura",
        "type": "Ending 1",
        "correctCount": 36,
        "startTime": 62,
        "songDuration": 279.072,
        "songNumber": 59,
        "activePlayerCount": 168,
        "LinkVideo": "https://files.catbox.moe/jizmgi.webm",
        "LinkMp3": "https://files.catbox.moe/iwcv2y.mp3",
        "annId": 20752
    },
    {
        "animeEng": "A Whisker Away",
        "animeRomaji": "Nakitai Watashi wa Neko o Kaburu",
        "songName": "Yako",
        "artist": "Yorushika",
        "type": "Insert Song",
        "correctCount": 86,
        "startTime": 38,
        "songDuration": 88.416,
        "songNumber": 60,
        "activePlayerCount": 168,
        "LinkVideo": "https://files.catbox.moe/kc5chr.webm",
        "LinkMp3": "https://files.catbox.moe/zy2i9w.mp3",
        "annId": 23007
    },
    {
        "animeEng": "Mobile Suit Gundam 0080: War in the Pocket",
        "animeRomaji": "Kid\u014d Senshi Gundam 0080: Pocket no Naka no Sens\u014d",
        "songName": "Itsuka Sora ni Todoite",
        "artist": "Megumi Shiina",
        "type": "Opening 1",
        "correctCount": 43,
        "startTime": 37,
        "songDuration": 100.512,
        "songNumber": 61,
        "activePlayerCount": 168,
        "LinkVideo": "https://files.catbox.moe/hva6fj.webm",
        "LinkMp3": "https://files.catbox.moe/u3y2mq.mp3",
        "annId": 22
    },
    {
        "animeEng": "Sh\u014dnen Hollywood: Holly Stage for 49",
        "animeRomaji": "Sh\u014dnen Hollywood: Holly Stage for 49",
        "songName": "Eien never ever",
        "artist": "Shintaro Asanuma, Souichiro Hoshi, Yuuto Suzuki, Kousuke Toriumi, Daisuke Sakaguchi, Daisuke Namikawa, Daisuke Kishio",
        "type": "Insert Song",
        "correctCount": 7,
        "startTime": 0,
        "songDuration": 21.768,
        "songNumber": 62,
        "activePlayerCount": 168,
        "LinkVideo": "https://files.catbox.moe/e5xmyh.webm",
        "LinkMp3": "https://files.catbox.moe/obsa76.mp3",
        "annId": 16084
    },
    {
        "animeEng": "The Dragon Dentist",
        "animeRomaji": "Ryuu no Haisha",
        "songName": "Kakurenbo",
        "artist": "DAOKO",
        "type": "Insert Song",
        "correctCount": 22,
        "startTime": 59,
        "songDuration": 97.416,
        "songNumber": 63,
        "activePlayerCount": 168,
        "LinkVideo": "https://files.catbox.moe/8e2ofy.webm",
        "LinkMp3": "https://files.catbox.moe/oe02y6.mp3",
        "annId": 18712
    },
    {
        "animeEng": "The Night is Short, Walk On Girl",
        "animeRomaji": "Yoru wa Mijikashi Aruke yo Otome",
        "songName": "K\u014dya o Aruke",
        "artist": "ASIAN KUNG-FU GENERATION",
        "type": "Ending 1",
        "correctCount": 36,
        "startTime": 138,
        "songDuration": 252.192,
        "songNumber": 64,
        "activePlayerCount": 168,
        "LinkVideo": "https://files.catbox.moe/133fxb.webm",
        "LinkMp3": "https://files.catbox.moe/pjs5jq.mp3",
        "annId": 18915
    },
    {
        "animeEng": "Psycho-Pass 2",
        "animeRomaji": "Psycho-Pass 2",
        "songName": "Enigmatic Feeling",
        "artist": "Ling Tosite Sigure",
        "type": "Opening 1",
        "correctCount": 57,
        "startTime": 50,
        "songDuration": 90.118594,
        "songNumber": 65,
        "activePlayerCount": 169,
        "LinkVideo": "https://files.catbox.moe/phwfgw.webm",
        "LinkMp3": "https://files.catbox.moe/9vxasx.mp3",
        "annId": 15513
    },
    {
        "animeEng": "The Tower of Druaga: The Aegis of Uruk",
        "animeRomaji": "Druaga no T\u014d: the Aegis of URUK",
        "songName": "SWINGING",
        "artist": "Muramasa\u2606",
        "type": "Opening 1",
        "correctCount": 38,
        "startTime": 45,
        "songDuration": 89.616,
        "songNumber": 66,
        "activePlayerCount": 169,
        "LinkVideo": "https://files.catbox.moe/kgqld9.webm",
        "LinkMp3": "https://files.catbox.moe/ri588w.mp3",
        "annId": 8746
    },
    {
        "animeEng": "Hinomaru Sumo",
        "animeRomaji": "Hinomaru Zum\u014d",
        "songName": "FIRE GROUND",
        "artist": "Official HIGE DANdism",
        "type": "Opening 1",
        "correctCount": 72,
        "startTime": 41,
        "songDuration": 89.389484,
        "songNumber": 67,
        "activePlayerCount": 168,
        "LinkVideo": "https://files.catbox.moe/575bbg.webm",
        "LinkMp3": "https://files.catbox.moe/57rvu8.mp3",
        "annId": 20760
    },
    {
        "animeEng": "Didn't I Say to Make My Abilities Average in the Next Life?!",
        "animeRomaji": "Noukin",
        "songName": "Genzai \u2191 Banzai \u2191",
        "artist": "Azumi Waki",
        "type": "Ending 1",
        "correctCount": 37,
        "startTime": 0,
        "songDuration": 88.968,
        "songNumber": 68,
        "activePlayerCount": 167,
        "LinkVideo": "https://files.catbox.moe/1ypaot.webm",
        "LinkMp3": "https://files.catbox.moe/6og272.mp3",
        "annId": 22283
    },
    {
        "animeEng": "THE IDOLM@STER Cinderella Girls Theater: Extra Stage",
        "animeRomaji": "The IDOLM@STER Cinderella Girls Gekij\u014d: Extra Stage",
        "songName": "Hatsuyume o Anata to",
        "artist": "Rana Morishita",
        "type": "Ending 12",
        "correctCount": 4,
        "startTime": 0,
        "songDuration": 29.88,
        "songNumber": 69,
        "activePlayerCount": 167,
        "LinkVideo": "https://files.catbox.moe/z8szsg.webm",
        "LinkMp3": "https://files.catbox.moe/gtjul8.mp3",
        "annId": 23167,
        "correctPlayers": [
            "Cosmoing",
            "Bai",
            "KamigishiAkari",
            "chottokininatte"
        ]
    },
    {
        "animeEng": "Azumanga Daioh",
        "animeRomaji": "Azumanga Daioh",
        "songName": "Kokoro wa Shoujo de Parachute",
        "artist": "Yuu Asakawa",
        "type": "Insert Song",
        "correctCount": 57,
        "startTime": 8,
        "songDuration": 42.624,
        "songNumber": 70,
        "activePlayerCount": 165,
        "LinkVideo": "https://files.catbox.moe/388qnz.webm",
        "LinkMp3": "https://files.catbox.moe/xassjr.mp3",
        "annId": 799
    },
    {
        "animeEng": "Sh\u014djo\u2606Kageki Revue Starlight: Rondo Rondo Rondo",
        "animeRomaji": "Sh\u014djo\u2606Kageki Revue Starlight: Rondo Rondo Rondo",
        "songName": "Star Diamond",
        "artist": "Suzuko Mimori, Maho Tomita, Momoyo Koyama, Aina Aiba",
        "type": "Insert Song",
        "correctCount": 13,
        "startTime": 96,
        "songDuration": 152.184,
        "songNumber": 71,
        "activePlayerCount": 167,
        "LinkVideo": "https://files.catbox.moe/l64zvq.webm",
        "LinkMp3": "https://files.catbox.moe/bpo1hj.mp3",
        "annId": 22992
    },
    {
        "animeEng": "Seraph of the End: Vampire Reign",
        "animeRomaji": "Owari no Seraph",
        "songName": "scaPEGoat",
        "artist": "SawanoHiroyuki[nZk]:Yosh",
        "type": "Ending 1",
        "correctCount": 68,
        "startTime": 15,
        "songDuration": 88.968,
        "songNumber": 72,
        "activePlayerCount": 167,
        "LinkVideo": "https://files.catbox.moe/t1gz25.webm",
        "LinkMp3": "https://files.catbox.moe/8neg3w.mp3",
        "annId": 16357
    },
    {
        "animeEng": "Ai-Mai-Mi",
        "animeRomaji": "Ai Mai Mi",
        "songName": "Mousou Irony",
        "artist": "Maaya Uchida",
        "type": "Insert Song",
        "correctCount": 32,
        "startTime": 0,
        "songDuration": 19.896,
        "songNumber": 73,
        "activePlayerCount": 167,
        "LinkVideo": "https://files.catbox.moe/v4upin.webm",
        "LinkMp3": "https://files.catbox.moe/x086pi.mp3",
        "annId": 14864
    },
    {
        "animeEng": "City Hunter 2",
        "animeRomaji": "City Hunter 2",
        "songName": "FOOT STEPS",
        "artist": "Momoko Kitadai",
        "type": "Insert Song",
        "correctCount": 29,
        "startTime": 9,
        "songDuration": 68.136,
        "songNumber": 74,
        "activePlayerCount": 167,
        "LinkVideo": "https://files.catbox.moe/jea0sh.webm",
        "LinkMp3": "https://files.catbox.moe/5j0az2.mp3",
        "annId": 484
    },
    {
        "animeEng": "Initial D: Battle Stage 3",
        "animeRomaji": "Initial D: Battle Stage 3",
        "songName": "EUROHERO",
        "artist": "NEO",
        "type": "Insert Song",
        "correctCount": 19,
        "startTime": 112,
        "songDuration": 295.44,
        "songNumber": 75,
        "activePlayerCount": 168,
        "LinkVideo": "https://files.catbox.moe/h1fozu.webm",
        "LinkMp3": "https://files.catbox.moe/6qeevj.mp3",
        "annId": 24123
    },
    {
        "animeEng": "Mini Toji",
        "animeRomaji": "Mini Toji",
        "songName": "Kono Bangumi wa Ura Wakaki K\u014dmuin-tachi no Teiky\u014d de Okuri Itashimasu",
        "artist": "Kaede Hondo & Himika Akaneya",
        "type": "Opening 1",
        "correctCount": 23,
        "startTime": 5,
        "songDuration": 59.7159,
        "songNumber": 76,
        "activePlayerCount": 168,
        "LinkVideo": "https://files.catbox.moe/zpbq2s.webm",
        "LinkMp3": "https://files.catbox.moe/k0072j.mp3",
        "annId": 21680
    },
    {
        "animeEng": "Etotama: Nyankyaku Banrai",
        "animeRomaji": "Etotama: Nyankyaku Banrai",
        "songName": "blue moment",
        "artist": "Rie Murakawa & Aina Suzuki",
        "type": "Ending 1",
        "correctCount": 9,
        "startTime": 2,
        "songDuration": 86.184,
        "songNumber": 77,
        "activePlayerCount": 168,
        "LinkVideo": "https://files.catbox.moe/j6ttdl.webm",
        "LinkMp3": "https://files.catbox.moe/v9a7sq.mp3",
        "annId": 23899
    },
    {
        "animeEng": "Adachi and Shimamura",
        "animeRomaji": "Adachi to Shimamura",
        "songName": "Merry-Go-Round",
        "artist": "Adachi to Shimamura",
        "type": "Insert Song",
        "correctCount": 29,
        "startTime": 13,
        "songDuration": 112.128,
        "songNumber": 78,
        "activePlayerCount": 168,
        "LinkVideo": "https://files.catbox.moe/fejvh0.webm",
        "LinkMp3": "https://files.catbox.moe/0d63by.mp3",
        "annId": 22954
    },
    {
        "animeEng": "Don't Lose, Makendo!",
        "animeRomaji": "Makeruna! Makendo",
        "songName": "Sayonara ja Nai",
        "artist": "Kotono Mitsuishi",
        "type": "Ending 1",
        "correctCount": 8,
        "startTime": 112,
        "songDuration": 149.856,
        "songNumber": 79,
        "activePlayerCount": 169,
        "LinkVideo": "https://files.catbox.moe/8w7m0s.webm",
        "LinkMp3": "https://files.catbox.moe/wmyxvv.mp3",
        "annId": 7148
    },
    {
        "animeEng": "Sin in the Rain",
        "animeRomaji": "Sin in the Rain",
        "songName": "NOBODY IN THE RAIN",
        "artist": "Daichi You",
        "type": "Ending 1",
        "correctCount": 4,
        "startTime": 17,
        "songDuration": 101.088,
        "songNumber": 80,
        "activePlayerCount": 170,
        "LinkVideo": "https://files.catbox.moe/k6wk84.webm",
        "LinkMp3": "https://files.catbox.moe/u2olvm.mp3",
        "annId": 7020,
        "correctPlayers": [
            "watashiii",
            "shadowpandax",
            "Cirquit",
            "HitoriBocchi"
        ]
    },
    {
        "animeEng": "22/7 (Nanabun no Nijyuuni)",
        "animeRomaji": "22/7",
        "songName": "Kanj\u014d Muy\u014d-ron",
        "artist": "Kanae Shirosawa",
        "type": "Ending 7",
        "correctCount": 23,
        "startTime": 47,
        "songDuration": 87.864,
        "songNumber": 81,
        "activePlayerCount": 170,
        "LinkVideo": "https://files.catbox.moe/fvos9k.webm",
        "LinkMp3": "https://files.catbox.moe/7nnkwb.mp3",
        "annId": 22353
    },
    {
        "animeEng": "Magic Kaito: Kid the Phantom Thief",
        "animeRomaji": "Magic Kaito: Kid the Phantom Thief",
        "songName": "Your Best Friend",
        "artist": "Mai Kuraki",
        "type": "Ending 2",
        "correctCount": 49,
        "startTime": 31,
        "songDuration": 79.6721,
        "songNumber": 82,
        "activePlayerCount": 169,
        "LinkVideo": "https://files.catbox.moe/aeugqn.webm",
        "LinkMp3": "https://files.catbox.moe/qa4swf.mp3",
        "annId": 11329
    },
    {
        "animeEng": "BBK/BRNK",
        "animeRomaji": "Bubuki Buranki",
        "songName": "Beat your Heart",
        "artist": "Konomi Suzuki",
        "type": "Opening 1",
        "correctCount": 60,
        "startTime": 50,
        "songDuration": 89.04,
        "songNumber": 83,
        "activePlayerCount": 168,
        "LinkVideo": "https://files.catbox.moe/85mwhy.webm",
        "LinkMp3": "https://files.catbox.moe/fsik97.mp3",
        "annId": 17790
    },
    {
        "animeEng": "School Rumble: 2nd Semester",
        "animeRomaji": "School Rumble Ni Gakki",
        "songName": "Sentimental Generation",
        "artist": "Ami Tokito",
        "type": "Opening 1",
        "correctCount": 59,
        "startTime": 37,
        "songDuration": 89.568,
        "songNumber": 84,
        "activePlayerCount": 169,
        "LinkVideo": "https://files.catbox.moe/zaz3a6.webm",
        "LinkMp3": "https://files.catbox.moe/031iap.mp3",
        "annId": 6375
    },
    {
        "animeEng": "Anonymous Noise",
        "animeRomaji": "Fukumenkei Noise",
        "songName": "High School [ANIME SIDE] -Alternative-",
        "artist": "in NO hurry to shout;",
        "type": "Opening 2",
        "correctCount": 61,
        "startTime": 25,
        "songDuration": 89.04,
        "songNumber": 85,
        "activePlayerCount": 166,
        "LinkVideo": "https://files.catbox.moe/jinxk9.webm",
        "LinkMp3": "https://files.catbox.moe/khfkbg.mp3",
        "annId": 18232
    }
]