[
    {
        "animeEng": "Tomorrow's Joe 2",
        "animeRomaji": "Ashita no Joe 2",
        "songName": "Hateshinaki Yami no Kanata ni",
        "artist": "Ichiro Araki",
        "type": "Ending 2",
        "correctCount": 8,
        "startTime": 8,
        "songDuration": 74.630554,
        "songNumber": 1,
        "activePlayerCount": 146,
        "LinkVideo": "https://files.catbox.moe/itmsjw.webm",
        "LinkMp3": "https://files.catbox.moe/4j6u75.mp3",
        "annId": 915
    },
    {
        "animeEng": "Pok\u00e9mon",
        "animeRomaji": "Pocket Monsters",
        "songName": "Mezase Pokemon Master",
        "artist": "Whiteberry",
        "type": "Opening 4",
        "correctCount": 81,
        "startTime": 10,
        "songDuration": 85.056,
        "songNumber": 2,
        "activePlayerCount": 152,
        "LinkVideo": "https://files.catbox.moe/7v2qxk.webm",
        "LinkMp3": "https://files.catbox.moe/hogu2y.mp3",
        "annId": 270
    },
    {
        "animeEng": "Katanagatari",
        "animeRomaji": "Katanagatari",
        "songName": "Bahasa Palus (jazz'n mix)",
        "artist": "Yutaka Fukuoka & Lotus Juice",
        "type": "Insert Song",
        "correctCount": 44,
        "startTime": 10,
        "songDuration": 286.845682,
        "songNumber": 3,
        "activePlayerCount": 156,
        "LinkVideo": "https://files.catbox.moe/23sgen.webm",
        "LinkMp3": "https://files.catbox.moe/x5byep.mp3",
        "annId": 10765
    },
    {
        "animeEng": "Chaika: The Coffin Princess - Avenging Battle",
        "animeRomaji": "Hitsugi no Chaika: Avenging Battle",
        "songName": "Watashi wa Omae no Naka ni Iru",
        "artist": "coffin princess",
        "type": "Ending 1",
        "correctCount": 14,
        "startTime": 4,
        "songDuration": 90.096,
        "songNumber": 4,
        "activePlayerCount": 155,
        "LinkVideo": "https://files.catbox.moe/ych9ba.webm",
        "LinkMp3": "https://files.catbox.moe/21hiya.mp3",
        "annId": 16117
    },
    {
        "animeEng": "K: Seven Stories",
        "animeRomaji": "K: Seven Stories",
        "songName": "BLAZE",
        "artist": "angela",
        "type": "Ending 1",
        "correctCount": 10,
        "startTime": 27,
        "songDuration": 86.712,
        "songNumber": 5,
        "activePlayerCount": 156,
        "LinkVideo": "https://files.catbox.moe/g7r107.webm",
        "LinkMp3": "https://files.catbox.moe/vdjo2q.mp3",
        "annId": 20818
    },
    {
        "animeEng": "Samurai Flamenco",
        "animeRomaji": "Samurai Flamenco",
        "songName": "Ima Da! Harakiri Sunshine ~Shinken Kaishaku Harakiri Sunshine no Theme~",
        "artist": "Takayuki Miyauchi",
        "type": "Insert Song",
        "correctCount": 12,
        "startTime": 5,
        "songDuration": 33.72,
        "songNumber": 6,
        "activePlayerCount": 157,
        "LinkVideo": "https://files.catbox.moe/iib62y.webm",
        "LinkMp3": "https://files.catbox.moe/cq92s3.mp3",
        "annId": 15498
    },
    {
        "animeEng": "Shin Koihime\u2020Mus\u014d",
        "animeRomaji": "Shin Koihime\u2020Mus\u014d",
        "songName": "Otome Ry\u014dran\u2606Battle PARTY",
        "artist": "T\u014den no San Shimai",
        "type": "Ending 1",
        "correctCount": 10,
        "startTime": 54,
        "songDuration": 88.057262,
        "songNumber": 7,
        "activePlayerCount": 160,
        "LinkVideo": "https://files.catbox.moe/9lujpe.webm",
        "LinkMp3": "https://files.catbox.moe/aep0t8.mp3",
        "annId": 11229
    },
    {
        "animeEng": "Caligula",
        "animeRomaji": "Caligula",
        "songName": "Distorted\u2020Happiness -Anime Re:Arrange Ver.-",
        "artist": "Reina Ueda",
        "type": "Insert Song",
        "correctCount": 12,
        "startTime": 46,
        "songDuration": 178.125918,
        "songNumber": 8,
        "activePlayerCount": 161,
        "LinkVideo": "https://files.catbox.moe/hyms6q.webm",
        "LinkMp3": "https://files.catbox.moe/jubhgx.mp3",
        "annId": 20392
    },
    {
        "animeEng": "Love, Election and Chocolate",
        "animeRomaji": "Koi to Senkyo to Chocolate",
        "songName": "Hello Mellow",
        "artist": "Annabel",
        "type": "Insert Song",
        "correctCount": 14,
        "startTime": 7,
        "songDuration": 76.328484,
        "songNumber": 9,
        "activePlayerCount": 163,
        "LinkVideo": "https://files.catbox.moe/1a3smt.webm",
        "LinkMp3": "https://files.catbox.moe/nbf9f6.mp3",
        "annId": 13810
    },
    {
        "animeEng": "Tantei Opera Milky Holmes Dai-2-Maku",
        "animeRomaji": "Tantei Opera Milky Holmes Dai-2-Maku",
        "songName": "Namako Song",
        "artist": "Milky Holmes",
        "type": "Insert Song",
        "correctCount": 22,
        "startTime": 25,
        "songDuration": 67.704,
        "songNumber": 10,
        "activePlayerCount": 165,
        "LinkVideo": "https://files.catbox.moe/u0y85m.webm",
        "LinkMp3": "https://files.catbox.moe/04wvct.mp3",
        "annId": 13314
    },
    {
        "animeEng": "A Lull in the Sea",
        "animeRomaji": "Nagi no Asukara",
        "songName": "ebb and flow",
        "artist": "Ray",
        "type": "Opening 2",
        "correctCount": 82,
        "startTime": 54,
        "songDuration": 90.024,
        "songNumber": 11,
        "activePlayerCount": 167,
        "LinkVideo": "https://files.catbox.moe/lhylm8.webm",
        "LinkMp3": "https://files.catbox.moe/1rianm.mp3",
        "annId": 14858
    },
    {
        "animeEng": "The IDOLM@STER",
        "animeRomaji": "The IDOLM@STER",
        "songName": "Aoi Tori",
        "artist": "Asami Imai",
        "type": "Insert Song",
        "correctCount": 42,
        "startTime": 13,
        "songDuration": 46.104,
        "songNumber": 12,
        "activePlayerCount": 168,
        "LinkVideo": "https://files.catbox.moe/1ii3yf.webm",
        "LinkMp3": "https://files.catbox.moe/bpbmk1.mp3",
        "annId": 12436
    },
    {
        "animeEng": "Welcome to the Ballroom",
        "animeRomaji": "Ballroom e Y\u014dkoso",
        "songName": "Brilliant",
        "artist": "Kate Beck",
        "type": "Insert Song",
        "correctCount": 24,
        "startTime": 37,
        "songDuration": 69.48,
        "songNumber": 13,
        "activePlayerCount": 168,
        "LinkVideo": "https://files.catbox.moe/ionlz4.webm",
        "LinkMp3": "https://files.catbox.moe/n1lo5b.mp3",
        "annId": 18982
    },
    {
        "animeEng": "Angelique: Shiroi Tsubasa no Memoir",
        "animeRomaji": "Angelique: Shiroi Tsubasa no Memoir",
        "songName": "HELLO",
        "artist": "JET SETS",
        "type": "Ending 1",
        "correctCount": 1,
        "startTime": 28,
        "songDuration": 104.256,
        "songNumber": 14,
        "activePlayerCount": 171,
        "LinkVideo": "https://files.catbox.moe/9xzq27.webm",
        "LinkMp3": "https://files.catbox.moe/nx25uu.mp3",
        "annId": 2310,
        "correctPlayers": [
            "yahallonyanpasu"
        ]
    },
    {
        "animeEng": "Cardfight!! Vanguard G",
        "animeRomaji": "Cardfight!! Vanguard G",
        "songName": "Dakara Genki for YOU",
        "artist": "Izumi Kitta",
        "type": "Ending 1",
        "correctCount": 5,
        "startTime": 10,
        "songDuration": 88.32,
        "songNumber": 15,
        "activePlayerCount": 169,
        "LinkVideo": "https://files.catbox.moe/mkf62w.webm",
        "LinkMp3": "https://files.catbox.moe/4ir8q6.mp3",
        "annId": 16314,
        "correctPlayers": [
            "Shuuka",
            "yahallonyanpasu",
            "kneesoxluver",
            "revel_",
            "konomi"
        ]
    },
    {
        "animeEng": "Cardfight!! Vanguard",
        "animeRomaji": "Cardfight!! Vanguard",
        "songName": "Believe in my existence",
        "artist": "JAM Project",
        "type": "Opening 2",
        "correctCount": 36,
        "startTime": 29,
        "songDuration": 88.272,
        "songNumber": 16,
        "activePlayerCount": 169,
        "LinkVideo": "https://files.catbox.moe/m939oo.webm",
        "LinkMp3": "https://files.catbox.moe/tj6gdi.mp3",
        "annId": 11763
    },
    {
        "animeEng": "Master Keaton",
        "animeRomaji": "Master Keaton",
        "songName": "Railtown",
        "artist": "Kuniaki Haishima",
        "type": "Opening 1",
        "correctCount": 17,
        "startTime": 3,
        "songDuration": 72.216,
        "songNumber": 17,
        "activePlayerCount": 169,
        "LinkVideo": "https://files.catbox.moe/61kgff.webm",
        "LinkMp3": "https://files.catbox.moe/5w5v4x.mp3",
        "annId": 1006
    },
    {
        "animeEng": "Evangelion: 3.0+1.0 Thrice Upon a Time",
        "animeRomaji": "Evangelion: 3.0+1.0 Thrice Upon a Time",
        "songName": "One Last Kiss",
        "artist": "Hikaru Utada",
        "type": "Ending 1",
        "correctCount": 40,
        "startTime": 145,
        "songDuration": 251.88,
        "songNumber": 18,
        "activePlayerCount": 169,
        "LinkVideo": "https://files.catbox.moe/9mjfru.webm",
        "LinkMp3": "https://files.catbox.moe/jyv5vn.mp3",
        "annId": 8423
    },
    {
        "animeEng": "Hime-chan's Ribbon",
        "animeRomaji": "Hime-chan no Ribbon",
        "songName": "Hajimete no Natsu",
        "artist": "SMAP",
        "type": "Ending 2",
        "correctCount": 6,
        "startTime": 35,
        "songDuration": 88.368,
        "songNumber": 19,
        "activePlayerCount": 170,
        "LinkVideo": "https://files.catbox.moe/x6vaxh.webm",
        "LinkMp3": "https://files.catbox.moe/84i290.mp3",
        "annId": 158
    },
    {
        "animeEng": "HENNEKO: The Hentai Prince and the Stony Cat",
        "animeRomaji": "Hentai \u014cji to Warawanai Neko.",
        "songName": "Fantastic Future",
        "artist": "Yukari Tamura",
        "type": "Opening 1",
        "correctCount": 91,
        "startTime": 6,
        "songDuration": 90.528,
        "songNumber": 20,
        "activePlayerCount": 171,
        "LinkVideo": "https://files.catbox.moe/vow6l4.webm",
        "LinkMp3": "https://files.catbox.moe/we72gv.mp3",
        "annId": 14549
    },
    {
        "animeEng": "Outlanders",
        "animeRomaji": "Outlanders",
        "songName": "Starry eyes -Hoshi no Hitomi-",
        "artist": "NA'MON",
        "type": "Ending 1",
        "correctCount": 4,
        "startTime": 172,
        "songDuration": 223.464,
        "songNumber": 21,
        "activePlayerCount": 172,
        "LinkVideo": "https://files.catbox.moe/zjissk.webm",
        "LinkMp3": "https://files.catbox.moe/7yigfu.mp3",
        "annId": 3718,
        "correctPlayers": [
            "watashiii",
            "yahallonyanpasu",
            "90s",
            "ozsauce"
        ]
    },
    {
        "animeEng": "Love Live! School Idol Project",
        "animeRomaji": "Love Live! School Idol Project",
        "songName": "Kitto Seishun ga Kikoeru",
        "artist": "Sora Tokui",
        "type": "Ending 5",
        "correctCount": 97,
        "startTime": 11,
        "songDuration": 98.007563,
        "songNumber": 22,
        "activePlayerCount": 173,
        "LinkVideo": "https://files.catbox.moe/pns2db.webm",
        "LinkMp3": "https://files.catbox.moe/1h7vay.mp3",
        "annId": 14062
    },
    {
        "animeEng": "Magic Kaito 1412",
        "animeRomaji": "Magic Kaito 1412",
        "songName": "KID no Theme Uhh KID",
        "artist": "Lotus Juice & Chang Jung",
        "type": "Insert Song",
        "correctCount": 55,
        "startTime": 3,
        "songDuration": 58.704,
        "songNumber": 23,
        "activePlayerCount": 173,
        "LinkVideo": "https://files.catbox.moe/j4l2pk.webm",
        "LinkMp3": "https://files.catbox.moe/l3823g.mp3",
        "annId": 16168
    },
    {
        "animeEng": "Moshi Moshi, Terumi desu",
        "animeRomaji": "Moshi Moshi, Terumi desu",
        "songName": "Kimi to,",
        "artist": "Aya Uchida",
        "type": "Opening 1",
        "correctCount": 29,
        "startTime": 0,
        "songDuration": 15.02015,
        "songNumber": 24,
        "activePlayerCount": 176,
        "LinkVideo": "https://files.catbox.moe/wohri8.webm",
        "LinkMp3": "https://files.catbox.moe/ncmi9n.mp3",
        "annId": 21100
    },
    {
        "animeEng": "Ojamajo Doremi #",
        "animeRomaji": "Ojamajo Doremi #",
        "songName": "Half Point",
        "artist": "Rumi Shishido",
        "type": "Insert Song",
        "correctCount": 0,
        "startTime": 5,
        "songDuration": 89.04,
        "songNumber": 25,
        "activePlayerCount": 177,
        "LinkVideo": "https://files.catbox.moe/2kh2oa.webm",
        "LinkMp3": "https://files.catbox.moe/xmy42u.mp3",
        "annId": 1652
    },
    {
        "animeEng": "Galaxy Angel Rune",
        "animeRomaji": "Galaxy Angel Rune",
        "songName": "Space Masquerade",
        "artist": "Runrun Angel-tai",
        "type": "Insert Song",
        "correctCount": 4,
        "startTime": 30,
        "songDuration": 58.248,
        "songNumber": 26,
        "activePlayerCount": 173,
        "LinkVideo": "https://files.catbox.moe/eu7nfg.webm",
        "LinkMp3": "https://files.catbox.moe/jm6u5j.mp3",
        "annId": 6255,
        "correctPlayers": [
            "Shuuka",
            "watashiii",
            "yahallonyanpasu",
            "ozsauce"
        ]
    },
    {
        "animeEng": "Kimagure Orange\u2605Road",
        "animeRomaji": "Kimagure Orange\u2605Road",
        "songName": "Tokidoki Blue",
        "artist": "Yuka Tachibana",
        "type": "Ending 2",
        "correctCount": 10,
        "startTime": 33,
        "songDuration": 108.327934,
        "songNumber": 27,
        "activePlayerCount": 173,
        "LinkVideo": "https://files.catbox.moe/yb2fwo.webm",
        "LinkMp3": "https://files.catbox.moe/nvglfl.mp3",
        "annId": 492
    },
    {
        "animeEng": "Augmented Reality Girls Trinary",
        "animeRomaji": "Kakuch\u014d Sh\u014djo-kei Trinary",
        "songName": "Tectra! -Yumemille feuille guruRemiX.-",
        "artist": "TRINARY",
        "type": "Opening 1",
        "correctCount": 21,
        "startTime": 51,
        "songDuration": 85.536,
        "songNumber": 28,
        "activePlayerCount": 173,
        "LinkVideo": "https://files.catbox.moe/p7aagz.webm",
        "LinkMp3": "https://files.catbox.moe/2gkk35.mp3",
        "annId": 19772
    },
    {
        "animeEng": "Scum's Wish",
        "animeRomaji": "Kuzu no Honkai",
        "songName": "Ai wa Takusan (LOTS OF LOVE)",
        "artist": "Natsumi Kiyoura",
        "type": "Insert Song",
        "correctCount": 56,
        "startTime": 14,
        "songDuration": 75.570946,
        "songNumber": 29,
        "activePlayerCount": 171,
        "LinkVideo": "https://files.catbox.moe/qtb6ri.webm",
        "LinkMp3": "https://files.catbox.moe/aiz1hj.mp3",
        "annId": 18806
    },
    {
        "animeEng": "Speed Racer X",
        "animeRomaji": "Mach Go Go Go",
        "songName": "Mach Go Go Go 1997",
        "artist": "Kentaro Hayami",
        "type": "Opening 2",
        "correctCount": 96,
        "startTime": 24,
        "songDuration": 88.968,
        "songNumber": 30,
        "activePlayerCount": 171,
        "LinkVideo": "https://files.catbox.moe/mbdydh.webm",
        "LinkMp3": "https://files.catbox.moe/jygumj.mp3",
        "annId": 1445
    },
    {
        "animeEng": "Kiki's Delivery Service",
        "animeRomaji": "Majo no Takkyuubin",
        "songName": "Yasashisa ni Tsutsumareta Nara",
        "artist": "Yumi Arai",
        "type": "Ending 1",
        "correctCount": 55,
        "startTime": 12,
        "songDuration": 185.064,
        "songNumber": 31,
        "activePlayerCount": 172,
        "LinkVideo": "https://files.catbox.moe/kf33x4.webm",
        "LinkMp3": "https://files.catbox.moe/h04cvj.mp3",
        "annId": 595
    },
    {
        "animeEng": "Demon King Daimao",
        "animeRomaji": "Ichiban Ushiro no Daima\u014d",
        "songName": "REALOVE:REALIFE",
        "artist": "Sphere",
        "type": "Opening 1",
        "correctCount": 52,
        "startTime": 14,
        "songDuration": 88.584,
        "songNumber": 32,
        "activePlayerCount": 173,
        "LinkVideo": "https://files.catbox.moe/g6pg3v.webm",
        "LinkMp3": "https://files.catbox.moe/d8ob98.mp3",
        "annId": 11179
    },
    {
        "animeEng": "Gekij\u014dban Last Exile: Ginyoku no Fam Over the wishes",
        "animeRomaji": "Gekij\u014dban Last Exile: Ginyoku no Fam Over the wishes",
        "songName": "Buddy",
        "artist": "Maaya Sakamoto",
        "type": "Insert Song",
        "correctCount": 24,
        "startTime": 62,
        "songDuration": 129.016558,
        "songNumber": 33,
        "activePlayerCount": 173,
        "LinkVideo": "https://files.catbox.moe/csmn53.webm",
        "LinkMp3": "https://files.catbox.moe/yhj2w3.mp3",
        "annId": 17789
    },
    {
        "animeEng": "Love Live! Nijigasaki High School Idol Club",
        "animeRomaji": "Love Live! Nijigasaki Gakuen School Idol D\u014dk\u014dkai",
        "songName": "Butterfly",
        "artist": "Akari Kit\u014d",
        "type": "Insert Song",
        "correctCount": 49,
        "startTime": 50,
        "songDuration": 86.064,
        "songNumber": 34,
        "activePlayerCount": 174,
        "LinkVideo": "https://files.catbox.moe/sp8ivk.webm",
        "LinkMp3": "https://files.catbox.moe/53noz6.mp3",
        "annId": 22934
    },
    {
        "animeEng": "Bartender",
        "animeRomaji": "Bartender",
        "songName": "Bartender",
        "artist": "Natural High feat. Junpei Shiina",
        "type": "Opening 1",
        "correctCount": 62,
        "startTime": 16,
        "songDuration": 79.992,
        "songNumber": 35,
        "activePlayerCount": 173,
        "LinkVideo": "https://files.catbox.moe/5bu9ww.webm",
        "LinkMp3": "https://files.catbox.moe/tpsm3b.mp3",
        "annId": 6816
    },
    {
        "animeEng": "Earl and Fairy",
        "animeRomaji": "Hakushaku to Y\u014dsei",
        "songName": "my fairy",
        "artist": "Hikaru Midorikawa",
        "type": "Ending 1",
        "correctCount": 5,
        "startTime": 58,
        "songDuration": 88.752,
        "songNumber": 36,
        "activePlayerCount": 175,
        "LinkVideo": "https://files.catbox.moe/lmfkhe.webm",
        "LinkMp3": "https://files.catbox.moe/wp7wbv.mp3",
        "annId": 9420,
        "correctPlayers": [
            "Shuuka",
            "yahallonyanpasu",
            "ozsauce",
            "Rukawa11",
            "konomi"
        ]
    },
    {
        "animeEng": "Persona 4 The Animation: The Factor of Hope",
        "animeRomaji": "Persona 4 The Animation: The Factor of Hope",
        "songName": "sky's the limit",
        "artist": "Shihoko Hirata",
        "type": "Opening 1",
        "correctCount": 99,
        "startTime": 32,
        "songDuration": 89.88,
        "songNumber": 37,
        "activePlayerCount": 175,
        "LinkVideo": "https://files.catbox.moe/r19wmn.webm",
        "LinkMp3": "https://files.catbox.moe/g4i53y.mp3",
        "annId": 14342
    },
    {
        "animeEng": "Monster Strike: Mermaid Rhapsody",
        "animeRomaji": "Monster Strike: Mermaid Rhapsody",
        "songName": "Strike",
        "artist": "WHITE ASH",
        "type": "Ending 1",
        "correctCount": 27,
        "startTime": 27,
        "songDuration": 83.136,
        "songNumber": 38,
        "activePlayerCount": 176,
        "LinkVideo": "https://files.catbox.moe/syrfj3.webm",
        "LinkMp3": "https://files.catbox.moe/xikhlw.mp3",
        "annId": 23066
    },
    {
        "animeEng": "Photon",
        "animeRomaji": "Photon",
        "songName": "Kaze no You ni Tori no You ni",
        "artist": "Junko Takeuchi",
        "type": "Insert Song",
        "correctCount": 0,
        "startTime": 200,
        "songDuration": 246.36,
        "songNumber": 39,
        "activePlayerCount": 176,
        "LinkVideo": "https://files.catbox.moe/6d43ot.webm",
        "LinkMp3": "https://files.catbox.moe/y6fq20.mp3",
        "annId": 656
    },
    {
        "animeEng": "Lime-iro Ryuukitan X",
        "animeRomaji": "Lime-iro Ryuukitan X",
        "songName": "Shijun Hana",
        "artist": "Lime-tai ARMY",
        "type": "Opening 1",
        "correctCount": 8,
        "startTime": 28,
        "songDuration": 92.544,
        "songNumber": 40,
        "activePlayerCount": 176,
        "LinkVideo": "https://files.catbox.moe/nazz9r.webm",
        "LinkMp3": "https://files.catbox.moe/rh9wdw.mp3",
        "annId": 4876
    },
    {
        "animeEng": "Batman Ninja",
        "animeRomaji": "Ninja Batman",
        "songName": "GAT-TAI",
        "artist": "Daisuke Hasegawa",
        "type": "Insert Song",
        "correctCount": 57,
        "startTime": 3,
        "songDuration": 69.980838,
        "songNumber": 41,
        "activePlayerCount": 175,
        "LinkVideo": "https://files.catbox.moe/uy94hc.webm",
        "LinkMp3": "https://files.catbox.moe/z20u4z.mp3",
        "annId": 20384
    },
    {
        "animeEng": "Space Family Carlvinson",
        "animeRomaji": "Uchuu Kazoku Carlvinson",
        "songName": "Ichiban Suteki na Love Song",
        "artist": "Miwako Saito",
        "type": "Opening 1",
        "correctCount": 5,
        "startTime": 2,
        "songDuration": 106.05532,
        "songNumber": 42,
        "activePlayerCount": 175,
        "LinkVideo": "https://files.catbox.moe/7oezf5.webm",
        "LinkMp3": "https://files.catbox.moe/ff7omf.mp3",
        "annId": 10955,
        "correctPlayers": [
            "Penguinfangirl",
            "Torradinhas",
            "90s",
            "Rukawa11",
            "AnimeroD"
        ]
    },
    {
        "animeEng": "Beastars",
        "animeRomaji": "Beastars",
        "songName": "Wild Side",
        "artist": "ALI",
        "type": "Opening 1",
        "correctCount": 134,
        "startTime": 50,
        "songDuration": 89.064,
        "songNumber": 43,
        "activePlayerCount": 176,
        "LinkVideo": "https://files.catbox.moe/gfllcw.webm",
        "LinkMp3": "https://files.catbox.moe/f71cx8.mp3",
        "annId": 21880
    },
    {
        "animeEng": "Candy Candy",
        "animeRomaji": "Candy Candy",
        "songName": "Candy Candy",
        "artist": "Mitsuko Horie & The Chirps",
        "type": "Opening 1",
        "correctCount": 96,
        "startTime": 21,
        "songDuration": 69.249422,
        "songNumber": 44,
        "activePlayerCount": 178,
        "LinkVideo": "https://files.catbox.moe/a2ja9f.webm",
        "LinkMp3": "https://files.catbox.moe/jen50t.mp3",
        "annId": 545
    },
    {
        "animeEng": "Seizei Gambare Mah\u014d Sh\u014djo Kurumi",
        "animeRomaji": "Seizei Gambare Mah\u014d Sh\u014djo Kurumi",
        "songName": "Shiritsu Egaogaoka Chuugakk\u014d K\u014dka",
        "artist": "Yuu Hayashi, Wataru Hatano, Takuma Terashima",
        "type": "Ending 1",
        "correctCount": 17,
        "startTime": 1,
        "songDuration": 31.059058,
        "songNumber": 45,
        "activePlayerCount": 179,
        "LinkVideo": "https://files.catbox.moe/ll2php.webm",
        "LinkMp3": "https://files.catbox.moe/th4kj3.mp3",
        "annId": 19882
    },
    {
        "animeEng": "Owarimonogatari",
        "animeRomaji": "Owarimonogatari",
        "songName": "decent black",
        "artist": "Kaori Mizuhashi",
        "type": "Opening 1",
        "correctCount": 99,
        "startTime": 21,
        "songDuration": 89.664,
        "songNumber": 46,
        "activePlayerCount": 178,
        "LinkVideo": "https://files.catbox.moe/t695nw.webm",
        "LinkMp3": "https://files.catbox.moe/yhhhx9.mp3",
        "annId": 17645
    },
    {
        "animeEng": "Mobile Suit Gundam Seed C.E.73: Stargazer",
        "animeRomaji": "Kid\u014d Senshi Gundam Seed C.E. 73: Stargazer",
        "songName": "Stargazer ~Hoshi no Tobira~",
        "artist": "Satori Negishi",
        "type": "Ending 1",
        "correctCount": 8,
        "startTime": 94,
        "songDuration": 135.44257,
        "songNumber": 47,
        "activePlayerCount": 179,
        "LinkVideo": "https://files.catbox.moe/t2yc5k.webm",
        "LinkMp3": "https://files.catbox.moe/39mg76.mp3",
        "annId": 6378
    },
    {
        "animeEng": "A Centaur's Life",
        "animeRomaji": "Centaur no Nayami",
        "songName": "Edelweiss (English Version)",
        "artist": "Asaka",
        "type": "Ending 2",
        "correctCount": 56,
        "startTime": 56,
        "songDuration": 88.56,
        "songNumber": 48,
        "activePlayerCount": 179,
        "LinkVideo": "https://files.catbox.moe/5pm2t4.webm",
        "LinkMp3": "https://files.catbox.moe/r1np0h.mp3",
        "annId": 19402
    },
    {
        "animeEng": "Juusenshi Gulkeeva",
        "animeRomaji": "Juusenshi Gulkeeva",
        "songName": "Aitakute Aitakute ~VOICE OF MOON~",
        "artist": "Rika Tajima",
        "type": "Ending 1",
        "correctCount": 3,
        "startTime": 32,
        "songDuration": 69.792,
        "songNumber": 49,
        "activePlayerCount": 179,
        "LinkVideo": "https://files.catbox.moe/htldkg.webm",
        "LinkMp3": "https://files.catbox.moe/ggv277.mp3",
        "annId": 145,
        "correctPlayers": [
            "ozsauce",
            "Rukawa11",
            "theyingster"
        ]
    },
    {
        "animeEng": "The IDOLM@STER",
        "animeRomaji": "The IDOLM@STER",
        "songName": "THE IDOLM@STER",
        "artist": "Eriko Nakamura & Akiko Hasegawa & Asami Imai & Mayako Nigo & Azumi Asakura & Hiromi Hirata & Asami Shimoda & Yumi Hara & Manami Numakura",
        "type": "Insert Song",
        "correctCount": 45,
        "startTime": 1,
        "songDuration": 35.064,
        "songNumber": 50,
        "activePlayerCount": 179,
        "LinkVideo": "https://files.catbox.moe/e3yvc1.webm",
        "LinkMp3": "https://files.catbox.moe/1fp0rc.mp3",
        "annId": 12436
    },
    {
        "animeEng": "MegaMan NT Warrior",
        "animeRomaji": "Rockman.EXE",
        "songName": "Kaze o Tsukinukete",
        "artist": "Jin Hashimoto",
        "type": "Opening 1",
        "correctCount": 35,
        "startTime": 55,
        "songDuration": 88.109506,
        "songNumber": 51,
        "activePlayerCount": 177,
        "LinkVideo": "https://files.catbox.moe/g2lx3u.webm",
        "LinkMp3": "https://files.catbox.moe/3jtcz2.mp3",
        "annId": 2259
    },
    {
        "animeEng": "AKB0048 Next Stage",
        "animeRomaji": "AKB0048 Next Stage",
        "songName": "Niji no Ressha",
        "artist": "NO NAME",
        "type": "Insert Song",
        "correctCount": 52,
        "startTime": 34,
        "songDuration": 82.2,
        "songNumber": 52,
        "activePlayerCount": 179,
        "LinkVideo": "https://files.catbox.moe/o2pin9.webm",
        "LinkMp3": "https://files.catbox.moe/8gu920.mp3",
        "annId": 14873
    },
    {
        "animeEng": "The God of High School",
        "animeRomaji": "The God of High School",
        "songName": "Contradiction",
        "artist": "KSUKE feat. Tyler Carter",
        "type": "Opening 1",
        "correctCount": 127,
        "startTime": 9,
        "songDuration": 89.544,
        "songNumber": 53,
        "activePlayerCount": 180,
        "LinkVideo": "https://files.catbox.moe/1ogwyb.webm",
        "LinkMp3": "https://files.catbox.moe/m6sbb9.mp3",
        "annId": 23279
    },
    {
        "animeEng": "Space Battleship Yamato: Resurrection",
        "animeRomaji": "Uchuu Senkan Yamato: Fukkatsu-hen",
        "songName": "Kono Ai o Sasagete",
        "artist": "THE ALFEE",
        "type": "Ending 1",
        "correctCount": 3,
        "startTime": 134,
        "songDuration": 297.672,
        "songNumber": 54,
        "activePlayerCount": 179,
        "LinkVideo": "https://files.catbox.moe/1bulds.webm",
        "LinkMp3": "https://files.catbox.moe/uutzs2.mp3",
        "annId": 3923,
        "correctPlayers": [
            "Nippah",
            "Karma21",
            "Rukawa11"
        ]
    },
    {
        "animeEng": "Line Town",
        "animeRomaji": "Line Town",
        "songName": "Aiueongaku\u266c",
        "artist": "GReeeeN",
        "type": "Opening 1",
        "correctCount": 30,
        "startTime": 5,
        "songDuration": 89.424,
        "songNumber": 55,
        "activePlayerCount": 180,
        "LinkVideo": "https://files.catbox.moe/cah38u.webm",
        "LinkMp3": "https://files.catbox.moe/jwat6d.mp3",
        "annId": 15209
    },
    {
        "animeEng": "Hatena Illusion",
        "animeRomaji": "Hatena Illusion",
        "songName": "Magic Words",
        "artist": "Liyuu",
        "type": "Opening 1",
        "correctCount": 48,
        "startTime": 27,
        "songDuration": 89.808,
        "songNumber": 56,
        "activePlayerCount": 181,
        "LinkVideo": "https://files.catbox.moe/tzweol.webm",
        "LinkMp3": "https://files.catbox.moe/h3z4zo.mp3",
        "annId": 22390
    },
    {
        "animeEng": "Detective Opera Milky Holmes",
        "animeRomaji": "Tantei Opera Milky Holmes",
        "songName": "Seikai wa Hitotsu! ja Nai!!",
        "artist": "Milky Holmes",
        "type": "Opening 1",
        "correctCount": 68,
        "startTime": 33,
        "songDuration": 89.572338,
        "songNumber": 57,
        "activePlayerCount": 181,
        "LinkVideo": "https://files.catbox.moe/x5m8fa.webm",
        "LinkMp3": "https://files.catbox.moe/esds0k.mp3",
        "annId": 11198
    },
    {
        "animeEng": "Bakuman.",
        "animeRomaji": "Bakuman.",
        "songName": "23-ji 40-pun",
        "artist": "Hyadain feat. Base Ball Bear",
        "type": "Opening 2",
        "correctCount": 54,
        "startTime": 25,
        "songDuration": 92.568,
        "songNumber": 58,
        "activePlayerCount": 180,
        "LinkVideo": "https://files.catbox.moe/w9v1sg.webm",
        "LinkMp3": "https://files.catbox.moe/rthufu.mp3",
        "annId": 13867
    },
    {
        "animeEng": "High School Fleet",
        "animeRomaji": "Haifuri",
        "songName": "Ripple Effect",
        "artist": "Luna Haruna",
        "type": "Ending 1",
        "correctCount": 48,
        "startTime": 60,
        "songDuration": 89.064,
        "songNumber": 59,
        "activePlayerCount": 181,
        "LinkVideo": "https://files.catbox.moe/sb71jg.webm",
        "LinkMp3": "https://files.catbox.moe/ruxalf.mp3",
        "annId": 19321
    },
    {
        "animeEng": "Code Geass: Lelouch of the Re;surrection",
        "animeRomaji": "Code Geass: Fukkatsu no Lelouch",
        "songName": "Revive",
        "artist": "UNIONE",
        "type": "Ending 1",
        "correctCount": 75,
        "startTime": 39,
        "songDuration": 187.056,
        "songNumber": 60,
        "activePlayerCount": 181,
        "LinkVideo": "https://files.catbox.moe/cjlh6g.webm",
        "LinkMp3": "https://files.catbox.moe/vne9cv.mp3",
        "annId": 21251
    },
    {
        "animeEng": "Charlotte",
        "animeRomaji": "Charlotte",
        "songName": "Sinking Ships",
        "artist": "ZHIEND",
        "type": "Insert Song",
        "correctCount": 80,
        "startTime": 6,
        "songDuration": 76.656,
        "songNumber": 61,
        "activePlayerCount": 182,
        "LinkVideo": "https://files.catbox.moe/j1pw8f.webm",
        "LinkMp3": "https://files.catbox.moe/4mey3s.mp3",
        "annId": 16649
    },
    {
        "animeEng": "Cowboy Bebop: The Movie",
        "animeRomaji": "Cowboy Bebop: Tengoku no Tobira",
        "songName": "Ask DNA",
        "artist": "Seatbelts featuring Raj Ramayya",
        "type": "Opening 1",
        "correctCount": 63,
        "startTime": 29,
        "songDuration": 99.384,
        "songNumber": 62,
        "activePlayerCount": 182,
        "LinkVideo": "https://files.catbox.moe/1ke5m1.webm",
        "LinkMp3": "https://files.catbox.moe/gm0f7d.mp3",
        "annId": 353
    },
    {
        "animeEng": "Aikatsu on Parade!",
        "animeRomaji": "Aikatsu on Parade!",
        "songName": "Pride",
        "artist": "Karen\u30fbMirai from BEST FRIENDS!",
        "type": "Insert Song",
        "correctCount": 25,
        "startTime": 13,
        "songDuration": 121.056,
        "songNumber": 63,
        "activePlayerCount": 181,
        "LinkVideo": "https://files.catbox.moe/kag5a3.webm",
        "LinkMp3": "https://files.catbox.moe/eotrvz.mp3",
        "annId": 22441
    },
    {
        "animeEng": "The King of Braves GaoGaiGar Final",
        "animeRomaji": "Yuusha-Oh GaoGaiGar Final",
        "songName": "Yuusha-Ou Tanjou! -Kyuukyoku Mythology Version-",
        "artist": "Masaaki Endoh\u30fbGGG Shoujo Uta Geki Butai",
        "type": "Opening 2",
        "correctCount": 33,
        "startTime": 1,
        "songDuration": 89.352,
        "songNumber": 64,
        "activePlayerCount": 181,
        "LinkVideo": "https://files.catbox.moe/xqr1zg.webm",
        "LinkMp3": "https://files.catbox.moe/jwqw5t.mp3",
        "annId": 2066
    },
    {
        "animeEng": "A Punk Cat in Space",
        "animeRomaji": "Tamala 2010",
        "songName": "talk to me",
        "artist": "trees of Life",
        "type": "Insert Song",
        "correctCount": 9,
        "startTime": 21,
        "songDuration": 107.76,
        "songNumber": 65,
        "activePlayerCount": 181,
        "LinkVideo": "https://files.catbox.moe/ox5lor.webm",
        "LinkMp3": "https://files.catbox.moe/u4skja.mp3",
        "annId": 2637
    },
    {
        "animeEng": "School Days",
        "animeRomaji": "School Days",
        "songName": "Usotsuki",
        "artist": "CooRie",
        "type": "Ending 1",
        "correctCount": 21,
        "startTime": 43,
        "songDuration": 88.056,
        "songNumber": 66,
        "activePlayerCount": 181,
        "LinkVideo": "https://files.catbox.moe/ubabbp.webm",
        "LinkMp3": "https://files.catbox.moe/u2ny69.mp3",
        "annId": 7815
    },
    {
        "animeEng": "Onegai My Melody Sukkiri",
        "animeRomaji": "Onegai My Melody Sukkiri",
        "songName": "Kirikirisuu",
        "artist": "Marina Kuroki",
        "type": "Opening 1",
        "correctCount": 9,
        "startTime": 9,
        "songDuration": 59.352,
        "songNumber": 67,
        "activePlayerCount": 181,
        "LinkVideo": "https://files.catbox.moe/n8ef6t.webm",
        "LinkMp3": "https://files.catbox.moe/m4q52j.mp3",
        "annId": 7866
    },
    {
        "animeEng": "Full Moon o Sagashite",
        "animeRomaji": "Full Moon o Sagashite",
        "songName": "New Future",
        "artist": "Changin' My Life",
        "type": "Ending 1",
        "correctCount": 21,
        "startTime": 31,
        "songDuration": 108.216,
        "songNumber": 68,
        "activePlayerCount": 181,
        "LinkVideo": "https://files.catbox.moe/li5lbf.webm",
        "LinkMp3": "https://files.catbox.moe/lfcrhe.mp3",
        "annId": 872
    },
    {
        "animeEng": "Magical Warfare",
        "animeRomaji": "Mah\u014d Sens\u014d",
        "songName": "Born to be",
        "artist": "nano",
        "type": "Ending 1",
        "correctCount": 41,
        "startTime": 55,
        "songDuration": 89.856,
        "songNumber": 69,
        "activePlayerCount": 180,
        "LinkVideo": "https://files.catbox.moe/oi3t2y.webm",
        "LinkMp3": "https://files.catbox.moe/ekm9h4.mp3",
        "annId": 15687
    },
    {
        "animeEng": "Attack on Titan: Ilse's Notebook",
        "animeRomaji": "Shingeki no Kyojin: Ilse no Tech\u014d - Aru Ch\u014dsa Heidan-in no Shuki",
        "songName": "Guren no Yumiya",
        "artist": "Linked Horizon",
        "type": "Opening 1",
        "correctCount": 166,
        "startTime": 27,
        "songDuration": 90.072,
        "songNumber": 70,
        "activePlayerCount": 180,
        "LinkVideo": "https://files.catbox.moe/iqxsmc.webm",
        "LinkMp3": "https://files.catbox.moe/ywp1d3.mp3",
        "annId": 17609
    },
    {
        "animeEng": "AWOL",
        "animeRomaji": "AWOL",
        "songName": "DON'T ASK ME WHY",
        "artist": "ZEPPET STORE",
        "type": "Ending 1",
        "correctCount": 1,
        "startTime": 13,
        "songDuration": 88.368,
        "songNumber": 71,
        "activePlayerCount": 179,
        "LinkVideo": "https://files.catbox.moe/yyo521.webm",
        "LinkMp3": "https://files.catbox.moe/i6042a.mp3",
        "annId": 517,
        "correctPlayers": [
            "ozsauce"
        ]
    },
    {
        "animeEng": "Peacemaker",
        "animeRomaji": "Peacemaker Kurogane",
        "songName": "HEY JIMMY",
        "artist": "HAV",
        "type": "Ending 1",
        "correctCount": 6,
        "startTime": 28,
        "songDuration": 89.441728,
        "songNumber": 72,
        "activePlayerCount": 179,
        "LinkVideo": "https://files.catbox.moe/u7donx.webm",
        "LinkMp3": "https://files.catbox.moe/v8qsyk.mp3",
        "annId": 2763
    },
    {
        "animeEng": "Digimon Universe: Appli Monsters",
        "animeRomaji": "Digimon Universe: Appli Monsters",
        "songName": "BE MY LIGHT",
        "artist": "SymaG",
        "type": "Insert Song",
        "correctCount": 11,
        "startTime": 27,
        "songDuration": 63.384,
        "songNumber": 73,
        "activePlayerCount": 180,
        "LinkVideo": "https://files.catbox.moe/cgk27s.webm",
        "LinkMp3": "https://files.catbox.moe/7oivne.mp3",
        "annId": 18636
    },
    {
        "animeEng": "Love Live! Nijigasaki High School Idol Club",
        "animeRomaji": "Love Live! Nijigasaki Gakuen School Idol D\u014dk\u014dkai",
        "songName": "Dream with You",
        "artist": "Aguri Oonishi",
        "type": "Insert Song",
        "correctCount": 36,
        "startTime": 34,
        "songDuration": 106.296,
        "songNumber": 74,
        "activePlayerCount": 180,
        "LinkVideo": "https://files.catbox.moe/l39wt9.webm",
        "LinkMp3": "https://files.catbox.moe/a2doll.mp3",
        "annId": 22934
    },
    {
        "animeEng": "8 Man After",
        "animeRomaji": "8 Man After",
        "songName": "Eightman no Theme (Version 1993)",
        "artist": "Nobuyoshi Kuwano",
        "type": "Ending 1",
        "correctCount": 3,
        "startTime": 35,
        "songDuration": 102.384,
        "songNumber": 75,
        "activePlayerCount": 180,
        "LinkVideo": "https://files.catbox.moe/9mtdz3.webm",
        "LinkMp3": "https://files.catbox.moe/6i2kmf.mp3",
        "annId": 97,
        "correctPlayers": [
            "watashiii",
            "OnlyBandMaid",
            "ozsauce"
        ]
    },
    {
        "animeEng": "Nekopara",
        "animeRomaji": "Nekopara",
        "songName": "Shiny Happy Days",
        "artist": "Yuki Yagi, Iori Saeki, Shiori Izawa, Miku It\u014d, Yuri Noguchi, Marin Mizutani",
        "type": "Opening 1",
        "correctCount": 68,
        "startTime": 53,
        "songDuration": 89.304,
        "songNumber": 76,
        "activePlayerCount": 181,
        "LinkVideo": "https://files.catbox.moe/uo7vd0.webm",
        "LinkMp3": "https://files.catbox.moe/ltfhqm.mp3",
        "annId": 22247
    },
    {
        "animeEng": "Black Bullet",
        "animeRomaji": "Black Bullet",
        "songName": "Tokohana",
        "artist": "Nagi Yanagi",
        "type": "Ending 1",
        "correctCount": 68,
        "startTime": 57,
        "songDuration": 87.72,
        "songNumber": 77,
        "activePlayerCount": 181,
        "LinkVideo": "https://files.catbox.moe/bxskcc.webm",
        "LinkMp3": "https://files.catbox.moe/oz4wz0.mp3",
        "annId": 15769
    },
    {
        "animeEng": "Mobile Suit Gundam Seed Special Edition",
        "animeRomaji": "Kid\u014d Senshi Gundam Seed Special Edition",
        "songName": "Meteor",
        "artist": "T.M.Revolution",
        "type": "Insert Song",
        "correctCount": 54,
        "startTime": 111,
        "songDuration": 157.584,
        "songNumber": 78,
        "activePlayerCount": 180,
        "LinkVideo": "https://files.catbox.moe/fr31t2.webm",
        "LinkMp3": "https://files.catbox.moe/c9tetz.mp3",
        "annId": 3565
    },
    {
        "animeEng": "Fate/Zero",
        "animeRomaji": "Fate/Zero",
        "songName": "MEMORIA",
        "artist": "Eir Aoi",
        "type": "Ending 1",
        "correctCount": 104,
        "startTime": 7,
        "songDuration": 88.176,
        "songNumber": 79,
        "activePlayerCount": 180,
        "LinkVideo": "https://files.catbox.moe/s4m2wc.webm",
        "LinkMp3": "https://files.catbox.moe/tm88oe.mp3",
        "annId": 12376
    },
    {
        "animeEng": "PriPara & Kiratto Pri\u2606Chan: Kira Kira Memorial Live",
        "animeRomaji": "PriPara & Kiratto Pri\u2606Chan: Kira Kira Memorial Live",
        "songName": "You May Dream",
        "artist": "LISP",
        "type": "Insert Song",
        "correctCount": 25,
        "startTime": 8,
        "songDuration": 91.08,
        "songNumber": 80,
        "activePlayerCount": 179,
        "LinkVideo": "https://files.catbox.moe/7cpn8y.webm",
        "LinkMp3": "https://files.catbox.moe/1mynj1.mp3",
        "annId": 20902
    },
    {
        "animeEng": "Girl Friend BETA",
        "animeRomaji": "Girlfriend (Kari)",
        "songName": "Tanoshiki Tokimeki",
        "artist": "Neuron\u2605Cream Soft",
        "type": "Opening 1",
        "correctCount": 16,
        "startTime": 59,
        "songDuration": 88.997654,
        "songNumber": 81,
        "activePlayerCount": 179,
        "LinkVideo": "https://files.catbox.moe/imeciz.webm",
        "LinkMp3": "https://files.catbox.moe/qvvhcw.mp3",
        "annId": 16127
    },
    {
        "animeEng": "Bungo Stray Dogs",
        "animeRomaji": "Bungo Stray Dogs",
        "songName": "Setsuna no Ai",
        "artist": "GRANRODEO",
        "type": "Opening 1",
        "correctCount": 69,
        "startTime": 6,
        "songDuration": 89.568,
        "songNumber": 82,
        "activePlayerCount": 179,
        "LinkVideo": "https://files.catbox.moe/6mc12q.webm",
        "LinkMp3": "https://files.catbox.moe/49hjz0.mp3",
        "annId": 21733
    },
    {
        "animeEng": "Ikki Tousen: Extravaganza Epoch",
        "animeRomaji": "Ikkitousen: Extravaganza Epoch",
        "songName": "Endless Fighter",
        "artist": "Yui Sakakibara",
        "type": "Ending 1",
        "correctCount": 10,
        "startTime": 43,
        "songDuration": 101.719068,
        "songNumber": 83,
        "activePlayerCount": 179,
        "LinkVideo": "https://files.catbox.moe/z6o2jw.webm",
        "LinkMp3": "https://files.catbox.moe/j18c5z.mp3",
        "annId": 16331
    },
    {
        "animeEng": "Matoi the Sacred Slayer",
        "animeRomaji": "S\u014dshin Sh\u014djo Matoi",
        "songName": "Ch\u014dmusubi Amulet",
        "artist": "Mia REGINA",
        "type": "Opening 1",
        "correctCount": 44,
        "startTime": 43,
        "songDuration": 89.736,
        "songNumber": 84,
        "activePlayerCount": 179,
        "LinkVideo": "https://files.catbox.moe/ck5vzq.webm",
        "LinkMp3": "https://files.catbox.moe/y7l8yr.mp3",
        "annId": 18588
    },
    {
        "animeEng": "Great Mazinger",
        "animeRomaji": "Great Mazinger",
        "songName": "Yuusha wa Mazinger",
        "artist": "Ichiro Mizuki & Columbia Yurikago-kai",
        "type": "Ending 1",
        "correctCount": 49,
        "startTime": 3,
        "songDuration": 68.496,
        "songNumber": 85,
        "activePlayerCount": 175,
        "LinkVideo": "https://files.catbox.moe/cj4sc9.webm",
        "LinkMp3": "https://files.catbox.moe/myputz.mp3",
        "annId": 1997
    }
]