[
    {
        "animeEng": "Last Exile",
        "animeRomaji": "Last Exile",
        "songName": "skywriting",
        "artist": "OKINO.SHUNTARO",
        "type": "Insert Song",
        "correctCount": 1,
        "startTime": 14,
        "songDuration": 193.584,
        "songNumber": 1,
        "activePlayerCount": 89,
        "LinkVideo": "https://files.catbox.moe/hmnvjw.webm",
        "LinkMp3": "https://files.catbox.moe/yqwhj8.mp3",
        "annId": 2294,
        "correctPlayers": [
            "MilkJiang"
        ]
    },
    {
        "animeEng": "Knights of the Zodiac: Saint Seiya",
        "animeRomaji": "Knights of the Zodiac: Saint Seiya",
        "songName": "Somebody New",
        "artist": "The Struts",
        "type": "Ending 1",
        "correctCount": 3,
        "startTime": 5,
        "songDuration": 84.768,
        "songNumber": 2,
        "activePlayerCount": 93,
        "LinkVideo": "https://files.catbox.moe/e9acve.webm",
        "LinkMp3": "https://files.catbox.moe/2lhvga.mp3",
        "annId": 19985,
        "correctPlayers": [
            "revel_",
            "Diukes",
            "TKN"
        ]
    },
    {
        "animeEng": "Macross 7",
        "animeRomaji": "Macross 7",
        "songName": "Watashi no Kare wa Pilot",
        "artist": "Mari Iijima",
        "type": "Insert Song",
        "correctCount": 31,
        "startTime": 0,
        "songDuration": 24.432,
        "songNumber": 3,
        "activePlayerCount": 94,
        "LinkVideo": "https://files.catbox.moe/v4cdh3.webm",
        "LinkMp3": "https://files.catbox.moe/cvldb8.mp3",
        "annId": 940
    },
    {
        "animeEng": "CATMAN",
        "animeRomaji": "CATMAN",
        "songName": "Goin' Out",
        "artist": "The Planet Smashers",
        "type": "Insert Song",
        "correctCount": 2,
        "startTime": 29,
        "songDuration": 74.952,
        "songNumber": 4,
        "activePlayerCount": 97,
        "LinkVideo": "https://files.catbox.moe/cqt0ru.webm",
        "LinkMp3": "https://files.catbox.moe/rv6y4i.mp3",
        "annId": 24587,
        "correctPlayers": [
            "Zylda",
            "tekohina"
        ]
    },
    {
        "animeEng": "Chronicles of the Going Home Club",
        "animeRomaji": "Kitaku-bu Katsud\u014d Kiroku",
        "songName": "2 Gakki Debut Daisakusen!!",
        "artist": "Otome Shint\u014d",
        "type": "Opening 1",
        "correctCount": 8,
        "startTime": 28,
        "songDuration": 88.944,
        "songNumber": 5,
        "activePlayerCount": 101,
        "LinkVideo": "https://files.catbox.moe/tqnh84.webm",
        "LinkMp3": "https://files.catbox.moe/1jpm33.mp3",
        "annId": 15339
    },
    {
        "animeEng": "W~Wish",
        "animeRomaji": "W~Wish",
        "songName": "GLORY DAYS",
        "artist": "Saeko Chiba",
        "type": "Insert Song",
        "correctCount": 5,
        "startTime": 0,
        "songDuration": 25.608,
        "songNumber": 6,
        "activePlayerCount": 100,
        "LinkVideo": "https://files.catbox.moe/vqg8ll.webm",
        "LinkMp3": "https://files.catbox.moe/179cby.mp3",
        "annId": 4465,
        "correctPlayers": [
            "Szafa",
            "KamigishiAkari",
            "gaaw",
            "MKNono",
            "MyAngelAmakiSari"
        ]
    },
    {
        "animeEng": "How Not to Summon a Demon Lord",
        "animeRomaji": "Isekai Ma\u014d to Sh\u014dkan Sh\u014djo no Dorei Majutsu",
        "songName": "DeCIDE",
        "artist": "SUMMONERS 2+",
        "type": "Opening 1",
        "correctCount": 54,
        "startTime": 40,
        "songDuration": 88.56,
        "songNumber": 7,
        "activePlayerCount": 102,
        "LinkVideo": "https://files.catbox.moe/yvs4w4.webm",
        "LinkMp3": "https://files.catbox.moe/pzo2c2.mp3",
        "annId": 20582
    },
    {
        "animeEng": "Magic Knight Rayearth",
        "animeRomaji": "Magic Knight Rayearth",
        "songName": "Yuzurenai Negai",
        "artist": "Naomi Tamura",
        "type": "Opening 1",
        "correctCount": 33,
        "startTime": 5,
        "songDuration": 90.264,
        "songNumber": 8,
        "activePlayerCount": 102,
        "LinkVideo": "https://files.catbox.moe/qp6p03.webm",
        "LinkMp3": "https://files.catbox.moe/pzh9gt.mp3",
        "annId": 38
    },
    {
        "animeEng": "Lord of Vermilion: The Crimson King",
        "animeRomaji": "Lord of Vermilion: Guren no \u014c",
        "songName": "Akaku, Zetsub\u014d no Hana.",
        "artist": "JUNNA",
        "type": "Ending 1",
        "correctCount": 7,
        "startTime": 30,
        "songDuration": 88.944,
        "songNumber": 9,
        "activePlayerCount": 103,
        "LinkVideo": "https://files.catbox.moe/2ni95j.webm",
        "LinkMp3": "https://files.catbox.moe/h4b31e.mp3",
        "annId": 20807
    },
    {
        "animeEng": "Shin Koihime\u2020Mus\u014d: Live Revolution",
        "animeRomaji": "Shin Koihime\u2020Mus\u014d: Live Revolution",
        "songName": "T\u014den Ketsugi ~Touen no Chikai~",
        "artist": "Nami Kurokawa & Hiroka Nishizawa",
        "type": "Insert Song",
        "correctCount": 23,
        "startTime": 129,
        "songDuration": 224.832,
        "songNumber": 10,
        "activePlayerCount": 104,
        "LinkVideo": "https://files.catbox.moe/5p500o.webm",
        "LinkMp3": "https://files.catbox.moe/5xjzma.mp3",
        "annId": 22915
    },
    {
        "animeEng": "Rosario + Vampire Capu2",
        "animeRomaji": "Rosario to Vampire Capu2",
        "songName": "Toki ni Ai wa",
        "artist": "Misato Fukuen",
        "type": "Insert Song",
        "correctCount": 2,
        "startTime": 78,
        "songDuration": 132.048,
        "songNumber": 11,
        "activePlayerCount": 107,
        "LinkVideo": "https://files.catbox.moe/lxw1ho.webm",
        "LinkMp3": "https://files.catbox.moe/12lz58.mp3",
        "annId": 9727,
        "correctPlayers": [
            "Miki_Hoshii",
            "konomi"
        ]
    },
    {
        "animeEng": "G\u014d-chan: Moco to Chinjuu no Mori no Nakama-tachi",
        "animeRomaji": "G\u014d-chan: Moco to Chinjuu no Mori no Nakama-tachi",
        "songName": "Niji wa Kakaru kara",
        "artist": "Marie Ueda",
        "type": "Ending 1",
        "correctCount": 2,
        "startTime": 35,
        "songDuration": 126.024,
        "songNumber": 12,
        "activePlayerCount": 106,
        "LinkVideo": "https://files.catbox.moe/j056vq.webm",
        "LinkMp3": "https://files.catbox.moe/rvlc6p.mp3",
        "annId": 20636,
        "correctPlayers": [
            "revel_",
            "konomi"
        ]
    },
    {
        "animeEng": "Hourglass of Summer Colours",
        "animeRomaji": "Natsu-iro no Sunadokei",
        "songName": "Hajimete no Natsu",
        "artist": "UNDER17",
        "type": "Ending 1",
        "correctCount": 7,
        "startTime": 17,
        "songDuration": 90.048,
        "songNumber": 13,
        "activePlayerCount": 107,
        "LinkVideo": "https://files.catbox.moe/2lqjb7.webm",
        "LinkMp3": "https://files.catbox.moe/6dxi0t.mp3",
        "annId": 3976
    },
    {
        "animeEng": "Zatch Bell!",
        "animeRomaji": "Konjiki no Gash Bell!!",
        "songName": "Muteki Folgore",
        "artist": "Hiroki Takahashi & Masami Kikuchi",
        "type": "Insert Song",
        "correctCount": 1,
        "startTime": 36,
        "songDuration": 87.552,
        "songNumber": 14,
        "activePlayerCount": 107,
        "LinkVideo": "https://files.catbox.moe/ibpu1p.webm",
        "LinkMp3": "https://files.catbox.moe/khrty9.mp3",
        "annId": 2290,
        "correctPlayers": [
            "MyAngelAmakiSari"
        ]
    },
    {
        "animeEng": "The Fruit of Evolution: Before I Knew It, My Life Had It Made",
        "animeRomaji": "Shinka no Mi: Shiranai Uchi ni Kachigumi Jinsei",
        "songName": "Moonlight Walk",
        "artist": "Poppin'Party",
        "type": "Ending 1",
        "correctCount": 24,
        "startTime": 26,
        "songDuration": 89.616,
        "songNumber": 15,
        "activePlayerCount": 107,
        "LinkVideo": "https://files.catbox.moe/6l8ha9.webm",
        "LinkMp3": "https://files.catbox.moe/yytq8r.mp3",
        "annId": 23975
    },
    {
        "animeEng": "Kiki's Delivery Service",
        "animeRomaji": "Majo no Takkyuubin",
        "songName": "Yasashisa ni Tsutsumareta Nara",
        "artist": "Yumi Arai",
        "type": "Ending 1",
        "correctCount": 35,
        "startTime": 69,
        "songDuration": 185.064,
        "songNumber": 16,
        "activePlayerCount": 107,
        "LinkVideo": "https://files.catbox.moe/kf33x4.webm",
        "LinkMp3": "https://files.catbox.moe/h04cvj.mp3",
        "annId": 595
    },
    {
        "animeEng": "Kochira Katsushika-ku Kamearikouen-mae Hashutsujo",
        "animeRomaji": "Kochira Katsushika-ku Kamearikouen-mae Hashutsujo",
        "songName": "Oideyo Kameari",
        "artist": "LaSalle Ishii to Kochikame Win Gash\u014d-dan",
        "type": "Opening 5",
        "correctCount": 11,
        "startTime": 11,
        "songDuration": 81.918592,
        "songNumber": 17,
        "activePlayerCount": 108,
        "LinkVideo": "https://files.catbox.moe/3mcbnz.webm",
        "LinkMp3": "https://files.catbox.moe/a342nb.mp3",
        "annId": 2027
    },
    {
        "animeEng": "A.D. Police",
        "animeRomaji": "A.D. Police",
        "songName": "Imaginary Girl",
        "artist": "Infix",
        "type": "Opening 1",
        "correctCount": 2,
        "startTime": 3,
        "songDuration": 73.008,
        "songNumber": 18,
        "activePlayerCount": 108,
        "LinkVideo": "https://files.catbox.moe/ns1rko.webm",
        "LinkMp3": "https://files.catbox.moe/9a3x47.mp3",
        "annId": 292,
        "correctPlayers": [
            "TKN",
            "CaptainHarold"
        ]
    },
    {
        "animeEng": "Initial D",
        "animeRomaji": "Initial D",
        "songName": "WINGS OF FIRE",
        "artist": "Michiko Neya & Yumi Kakazu",
        "type": "Insert Song",
        "correctCount": 27,
        "startTime": 154,
        "songDuration": 186.048,
        "songNumber": 19,
        "activePlayerCount": 108,
        "LinkVideo": "https://files.catbox.moe/jz2at1.webm",
        "LinkMp3": "https://files.catbox.moe/jxyzni.mp3",
        "annId": 395
    },
    {
        "animeEng": "Run=Dim",
        "animeRomaji": "Run=Dim",
        "songName": "Runn'Dimn'Dong Dang",
        "artist": "CHA,HO-SOK, MIKI",
        "type": "Insert Song",
        "correctCount": 5,
        "startTime": 96,
        "songDuration": 149.064,
        "songNumber": 20,
        "activePlayerCount": 109,
        "LinkVideo": "https://files.catbox.moe/37dx0c.webm",
        "LinkMp3": "https://files.catbox.moe/4qio8e.mp3",
        "annId": 726,
        "correctPlayers": [
            "ShiroKuro",
            "94",
            "aryagamis",
            "MKNono",
            "MyAngelAmakiSari"
        ]
    },
    {
        "animeEng": "Strike Witches: Road to Berlin",
        "animeRomaji": "Dai-501 T\u014dg\u014d Sent\u014d K\u014dkuu-dan Strike Witches: Road to Berlin",
        "songName": "Fly away",
        "artist": "Rie Tanaka, Sakura Nogawa, Mie Sonozaki",
        "type": "Insert Song",
        "correctCount": 6,
        "startTime": 102,
        "songDuration": 164.928,
        "songNumber": 21,
        "activePlayerCount": 109,
        "LinkVideo": "https://files.catbox.moe/1qvdrb.webm",
        "LinkMp3": "https://files.catbox.moe/1mc8is.mp3",
        "annId": 21189
    },
    {
        "animeEng": "0-sen Hayato",
        "animeRomaji": "0-sen Hayato",
        "songName": "0-sen Hayato",
        "artist": "Vocal Shop",
        "type": "Opening 1",
        "correctCount": 16,
        "startTime": 50,
        "songDuration": 83.064,
        "songNumber": 22,
        "activePlayerCount": 109,
        "LinkVideo": "https://files.catbox.moe/98r4em.webm",
        "LinkMp3": "https://files.catbox.moe/fgcbnt.mp3",
        "annId": 1626
    },
    {
        "animeEng": "Jewelpet Sunshine",
        "animeRomaji": "Jewelpet Sunshine",
        "songName": "A Hard Days Night",
        "artist": "The Beatles",
        "type": "Insert Song",
        "correctCount": 13,
        "startTime": 11,
        "songDuration": 44.982084,
        "songNumber": 23,
        "activePlayerCount": 109,
        "LinkVideo": "https://files.catbox.moe/zhxmpy.webm",
        "LinkMp3": "https://files.catbox.moe/nvcbw5.mp3",
        "annId": 12527
    },
    {
        "animeEng": "Inu X Boku Secret Service",
        "animeRomaji": "Inu X Boku Secret Service",
        "songName": "sweets parade",
        "artist": "Kana Hanazawa",
        "type": "Ending 5",
        "correctCount": 50,
        "startTime": 21,
        "songDuration": 89.904,
        "songNumber": 24,
        "activePlayerCount": 109,
        "LinkVideo": "https://files.catbox.moe/6za0py.webm",
        "LinkMp3": "https://files.catbox.moe/2u42pb.mp3",
        "annId": 13250
    },
    {
        "animeEng": "Hortensia Saga",
        "animeRomaji": "Hortensia Saga",
        "songName": "REVIVER",
        "artist": "MY FIRST STORY",
        "type": "Insert Song",
        "correctCount": 28,
        "startTime": 17,
        "songDuration": 69.048,
        "songNumber": 25,
        "activePlayerCount": 111,
        "LinkVideo": "https://files.catbox.moe/x2xu95.webm",
        "LinkMp3": "https://files.catbox.moe/dhoj9q.mp3",
        "annId": 22958
    },
    {
        "animeEng": "Tsukigakirei",
        "animeRomaji": "Tsuki ga Kirei",
        "songName": "Ima Koko",
        "artist": "Nao T\u014dyama",
        "type": "Opening 1",
        "correctCount": 69,
        "startTime": 32,
        "songDuration": 88.056,
        "songNumber": 26,
        "activePlayerCount": 114,
        "LinkVideo": "https://files.catbox.moe/t2p7vr.webm",
        "LinkMp3": "https://files.catbox.moe/d3tmna.mp3",
        "annId": 19019
    },
    {
        "animeEng": "Ninja Girl & Samurai Master 2nd",
        "animeRomaji": "Nobunaga no Shinobi: Ise Kanegasaki-hen",
        "songName": "Hana no Kage",
        "artist": "Lily's Blow",
        "type": "Opening 2",
        "correctCount": 14,
        "startTime": 9,
        "songDuration": 39.36,
        "songNumber": 27,
        "activePlayerCount": 115,
        "LinkVideo": "https://files.catbox.moe/g85qtg.webm",
        "LinkMp3": "https://files.catbox.moe/kjjbzi.mp3",
        "annId": 19927
    },
    {
        "animeEng": "Diabolik Lovers",
        "animeRomaji": "Diabolik Lovers",
        "songName": "Mr. SADISTIC NIGHT",
        "artist": "Hikaru Midorikawa & Kousuke Toriumi",
        "type": "Opening 1",
        "correctCount": 27,
        "startTime": 61,
        "songDuration": 89.448,
        "songNumber": 28,
        "activePlayerCount": 116,
        "LinkVideo": "https://files.catbox.moe/xvti2o.webm",
        "LinkMp3": "https://files.catbox.moe/nm7xs1.mp3",
        "annId": 15150
    },
    {
        "animeEng": "Tokyo Ghoul: Pinto",
        "animeRomaji": "Tokyo Ghoul: Pinto",
        "songName": "Mun\u014d",
        "artist": "\u00f6sterreich",
        "type": "Ending 1",
        "correctCount": 82,
        "startTime": 18,
        "songDuration": 136.728,
        "songNumber": 29,
        "activePlayerCount": 116,
        "LinkVideo": "https://files.catbox.moe/lnsjkg.webm",
        "LinkMp3": "https://files.catbox.moe/sq9yg6.mp3",
        "annId": 17375
    },
    {
        "animeEng": "Intrigue in the Bakumatsu: Irohanihoheto",
        "animeRomaji": "Intrigue in the Bakumatsu: Irohanihoheto",
        "songName": "K\u014dya Ruten",
        "artist": "FictionJunction YUUKA",
        "type": "Opening 1",
        "correctCount": 6,
        "startTime": 22,
        "songDuration": 88.971532,
        "songNumber": 30,
        "activePlayerCount": 116,
        "LinkVideo": "https://files.catbox.moe/gcjavm.webm",
        "LinkMp3": "https://files.catbox.moe/ogzw2m.mp3",
        "annId": 6819
    },
    {
        "animeEng": "Time Bokan Series: Gyakuten Ippatsuman",
        "animeRomaji": "Time Bokan Series: Gyakuten Ippatsuman",
        "songName": "Time Bokan",
        "artist": "Masayuki Yamamoto, Sakamoto Jid\u014d Gassh\u014d-dan",
        "type": "Insert Song",
        "correctCount": 65,
        "startTime": 10,
        "songDuration": 39.096,
        "songNumber": 31,
        "activePlayerCount": 116,
        "LinkVideo": "https://files.catbox.moe/0bdpji.webm",
        "LinkMp3": "https://files.catbox.moe/67w0bs.mp3",
        "annId": 1752
    },
    {
        "animeEng": "Magia Record: Puella Magi Madoka Magica Side Story",
        "animeRomaji": "Magia Record: Mah\u014d Sh\u014djo Madoka\u2606Magica Gaiden",
        "songName": "Uwasa Kazoe Uta",
        "artist": "Emiri Kat\u014d",
        "type": "Insert Song",
        "correctCount": 44,
        "startTime": 0,
        "songDuration": 24.072,
        "songNumber": 32,
        "activePlayerCount": 116,
        "LinkVideo": "https://files.catbox.moe/gxzlzg.webm",
        "LinkMp3": "https://files.catbox.moe/f3dxpg.mp3",
        "annId": 22009
    },
    {
        "animeEng": "Prison School",
        "animeRomaji": "Prison School",
        "songName": "Ai no Prison",
        "artist": "Kangoku Danshi",
        "type": "Opening 1",
        "correctCount": 81,
        "startTime": 39,
        "songDuration": 88.056,
        "songNumber": 33,
        "activePlayerCount": 116,
        "LinkVideo": "https://files.catbox.moe/yalaam.webm",
        "LinkMp3": "https://files.catbox.moe/nia1u5.mp3",
        "annId": 16838
    },
    {
        "animeEng": "Time Bokan Series: Zenderman",
        "animeRomaji": "Time Bokan Series: Zenderman",
        "songName": "Wasurekko Nashi yo",
        "artist": "Yuji Mitsuya, Kumiko Takizawa",
        "type": "Insert Song",
        "correctCount": 1,
        "startTime": 21,
        "songDuration": 79.728,
        "songNumber": 34,
        "activePlayerCount": 116,
        "LinkVideo": "https://files.catbox.moe/ln8dab.webm",
        "LinkMp3": "https://files.catbox.moe/nmkslr.mp3",
        "annId": 1750,
        "correctPlayers": [
            "TowaSamaTenshi"
        ]
    },
    {
        "animeEng": "Fate/Extra Last Encore",
        "animeRomaji": "Fate/Extra Last Encore",
        "songName": "Bright Burning Shout",
        "artist": "Takanori Nishikawa",
        "type": "Opening 1",
        "correctCount": 51,
        "startTime": 13,
        "songDuration": 89.352,
        "songNumber": 35,
        "activePlayerCount": 116,
        "LinkVideo": "https://files.catbox.moe/fnodl4.webm",
        "LinkMp3": "https://files.catbox.moe/j9febd.mp3",
        "annId": 18984
    },
    {
        "animeEng": "Destiny of the Shrine Maiden",
        "animeRomaji": "Kannazuki no Miko",
        "songName": "Agony",
        "artist": "KOTOKO",
        "type": "Ending 1",
        "correctCount": 33,
        "startTime": 4,
        "songDuration": 99.96,
        "songNumber": 36,
        "activePlayerCount": 116,
        "LinkVideo": "https://files.catbox.moe/brhx6t.webm",
        "LinkMp3": "https://files.catbox.moe/0el79n.mp3",
        "annId": 4548
    },
    {
        "animeEng": "Student Council's Discretion",
        "animeRomaji": "Seitokai no Ichizon",
        "songName": "Yurupa Wonderful - Kurimu & Chizuru ver.",
        "artist": "Heiky\u014d Gakuen Seitokai Kaich\u014d to Shoki",
        "type": "Ending 10",
        "correctCount": 29,
        "startTime": 35,
        "songDuration": 90.528,
        "songNumber": 37,
        "activePlayerCount": 116,
        "LinkVideo": "https://files.catbox.moe/i5167t.webm",
        "LinkMp3": "https://files.catbox.moe/ugyk9s.mp3",
        "annId": 10587
    },
    {
        "animeEng": "Sky Wizards Academy",
        "animeRomaji": "Kuusen Mad\u014dshi K\u014dhosei no Ky\u014dkan",
        "songName": "D.O.B",
        "artist": "Iori Nomizu",
        "type": "Opening 1",
        "correctCount": 31,
        "startTime": 26,
        "songDuration": 90.062,
        "songNumber": 38,
        "activePlayerCount": 116,
        "LinkVideo": "https://files.catbox.moe/cc8h0k.webm",
        "annId": 16515
    },
    {
        "animeEng": "Megazone 23 Part II",
        "animeRomaji": "Megazone 23 Part II",
        "songName": "Himitsu Kudasai",
        "artist": "Kumi Miyasato",
        "type": "Insert Song",
        "correctCount": 8,
        "startTime": 61,
        "songDuration": 283.152,
        "songNumber": 39,
        "activePlayerCount": 116,
        "LinkVideo": "https://files.catbox.moe/whz184.webm",
        "LinkMp3": "https://files.catbox.moe/530y9l.mp3",
        "annId": 2402
    },
    {
        "animeEng": "Lovely Complex",
        "animeRomaji": "LoveCom",
        "songName": "Kimi+Boku=LOVE?",
        "artist": "Tegomass",
        "type": "Opening 1",
        "correctCount": 23,
        "startTime": 21,
        "songDuration": 73.872,
        "songNumber": 40,
        "activePlayerCount": 115,
        "LinkVideo": "https://files.catbox.moe/fr5976.webm",
        "LinkMp3": "https://files.catbox.moe/60d7ov.mp3",
        "annId": 7468
    },
    {
        "animeEng": "Hamster Club",
        "animeRomaji": "Hamster Club",
        "songName": "\u2606Lucky Star\u2606",
        "artist": "Yumi Yoshino",
        "type": "Opening 1",
        "correctCount": 9,
        "startTime": 2,
        "songDuration": 44.472,
        "songNumber": 41,
        "activePlayerCount": 115,
        "LinkVideo": "https://files.catbox.moe/605zrc.webm",
        "LinkMp3": "https://files.catbox.moe/daapby.mp3",
        "annId": 22276
    },
    {
        "animeEng": "Crayon Shin-chan: Densetsu o Yobu Odore! Amigo!",
        "animeRomaji": "Crayon Shin-chan: Densetsu o Yobu Odore! Amigo!",
        "songName": "GO WAY!!",
        "artist": "Kumi Koda",
        "type": "Ending 1",
        "correctCount": 7,
        "startTime": 7,
        "songDuration": 176.064,
        "songNumber": 42,
        "activePlayerCount": 115,
        "LinkVideo": "https://files.catbox.moe/ci8p4t.webm",
        "LinkMp3": "https://files.catbox.moe/pdtpao.mp3",
        "annId": 6750
    },
    {
        "animeEng": "A Certain Magical Index III",
        "animeRomaji": "Toaru Majutsu no Index III",
        "songName": "Gravitation",
        "artist": "Maon Kurosaki",
        "type": "Opening 1",
        "correctCount": 51,
        "startTime": 1,
        "songDuration": 89.472,
        "songNumber": 43,
        "activePlayerCount": 114,
        "LinkVideo": "https://files.catbox.moe/ueqbsx.webm",
        "LinkMp3": "https://files.catbox.moe/q3duoo.mp3",
        "annId": 21108
    },
    {
        "animeEng": "Bakugan: Armored Alliance",
        "animeRomaji": "Bakugan: Armored Alliance",
        "songName": "PLANET HERO",
        "artist": "Rie Takahashi\u30fbShunsuke Takeuchi",
        "type": "Opening 1",
        "correctCount": 10,
        "startTime": 56,
        "songDuration": 88.896,
        "songNumber": 44,
        "activePlayerCount": 112,
        "LinkVideo": "https://files.catbox.moe/m16192.webm",
        "LinkMp3": "https://files.catbox.moe/pv3o39.mp3",
        "annId": 23069
    },
    {
        "animeEng": "Kengan Ashura",
        "animeRomaji": "Kengan Ashura",
        "songName": "Born This Way",
        "artist": "BAD HOP",
        "type": "Ending 1",
        "correctCount": 14,
        "startTime": 52,
        "songDuration": 84.648,
        "songNumber": 45,
        "activePlayerCount": 113,
        "LinkVideo": "https://files.catbox.moe/po0hua.webm",
        "LinkMp3": "https://files.catbox.moe/tkxgno.mp3",
        "annId": 20427
    },
    {
        "animeEng": "Clannad: The Motion Picture",
        "animeRomaji": "Clannad Film",
        "songName": "Dango Dango Dango",
        "artist": "Fukuchi Kousaka Koutou Gakkou Zaikousei",
        "type": "Ending 3",
        "correctCount": 73,
        "startTime": 0,
        "songDuration": 31.464,
        "songNumber": 46,
        "activePlayerCount": 113,
        "LinkVideo": "https://files.catbox.moe/4h91d8.webm",
        "LinkMp3": "https://files.catbox.moe/geafjg.mp3",
        "annId": 6436
    },
    {
        "animeEng": "High School Fleet",
        "animeRomaji": "Haifuri",
        "songName": "Ripple Effect",
        "artist": "Luna Haruna",
        "type": "Ending 1",
        "correctCount": 36,
        "startTime": 39,
        "songDuration": 89.064,
        "songNumber": 47,
        "activePlayerCount": 113,
        "LinkVideo": "https://files.catbox.moe/sb71jg.webm",
        "LinkMp3": "https://files.catbox.moe/ruxalf.mp3",
        "annId": 19321
    },
    {
        "animeEng": "Detective Conan: A Challenge from Agasa",
        "animeRomaji": "Meitantei Conan: Agasa kara no Ch\u014dsenj\u014d! Agasa vs. Conan & Sh\u014dnen Tanteidan",
        "songName": "Shiroi Yuki",
        "artist": "Mai Kuraki",
        "type": "Ending 1",
        "correctCount": 28,
        "startTime": 6,
        "songDuration": 83.928,
        "songNumber": 48,
        "activePlayerCount": 113,
        "LinkVideo": "https://files.catbox.moe/7ufiur.webm",
        "LinkMp3": "https://files.catbox.moe/nkklac.mp3",
        "annId": 8767
    },
    {
        "animeEng": "Gakuen Toshi Varanoir",
        "animeRomaji": "Gakuen Toshi Varanoir",
        "songName": "Bridge",
        "artist": "Chihiro Yonekura",
        "type": "Opening 1",
        "correctCount": 1,
        "startTime": 13,
        "songDuration": 90.199266,
        "songNumber": 49,
        "activePlayerCount": 114,
        "LinkVideo": "https://files.catbox.moe/45u8z0.webm",
        "LinkMp3": "https://files.catbox.moe/zt1tof.mp3",
        "annId": 15398,
        "correctPlayers": [
            "Kosaka"
        ]
    },
    {
        "animeEng": "Tibetan Dog",
        "animeRomaji": "Tibet Inu Monogatari: Kin-iro no Dao Jie",
        "songName": "ECHOES",
        "artist": "alan",
        "type": "Ending 1",
        "correctCount": 3,
        "startTime": 92,
        "songDuration": 309.384,
        "songNumber": 50,
        "activePlayerCount": 115,
        "LinkVideo": "https://files.catbox.moe/fbj5vu.webm",
        "LinkMp3": "https://files.catbox.moe/sof434.mp3",
        "annId": 13748,
        "correctPlayers": [
            "Diukes",
            "Shakira_",
            "Lone"
        ]
    },
    {
        "animeEng": "Zombie Land Saga Revenge",
        "animeRomaji": "Zombie Land Saga Revenge",
        "songName": "Mezame RETURNER (Electric Returner Type \"R\")",
        "artist": "FranChouChou",
        "type": "Ending 4",
        "correctCount": 22,
        "startTime": 33,
        "songDuration": 130.68,
        "songNumber": 51,
        "activePlayerCount": 113,
        "LinkVideo": "https://files.catbox.moe/jvi1yt.webm",
        "LinkMp3": "https://files.catbox.moe/mkc43f.mp3",
        "annId": 24019
    },
    {
        "animeEng": "Ranma 1/2",
        "animeRomaji": "Ranma 1/2",
        "songName": "Do\u30fbN\u30fbMa\u30fbI Rairai Shounen ~Don't mind lay-lay Boy~",
        "artist": "Etsuko Nishio",
        "type": "Ending 3",
        "correctCount": 16,
        "startTime": 14,
        "songDuration": 88.318482,
        "songNumber": 52,
        "activePlayerCount": 113,
        "LinkVideo": "https://files.catbox.moe/o7m7xm.webm",
        "LinkMp3": "https://files.catbox.moe/7d41yp.mp3",
        "annId": 64
    },
    {
        "animeEng": "Show By Rock!! Mashumairesh!!",
        "animeRomaji": "Show By Rock!! Mashumairesh!!",
        "songName": "Be Be Beach\u2661Be Be Be Beach!",
        "artist": "Criticrista",
        "type": "Insert Song",
        "correctCount": 12,
        "startTime": 7,
        "songDuration": 64.056,
        "songNumber": 53,
        "activePlayerCount": 114,
        "LinkVideo": "https://files.catbox.moe/1zz7bt.webm",
        "LinkMp3": "https://files.catbox.moe/2ml4wh.mp3",
        "annId": 22906
    },
    {
        "animeEng": "Super Shiro",
        "animeRomaji": "Super Shiro",
        "songName": "SUPER SHIRO",
        "artist": "Mewhan",
        "type": "Ending 1",
        "correctCount": 71,
        "startTime": 1,
        "songDuration": 34.56,
        "songNumber": 54,
        "activePlayerCount": 114,
        "LinkVideo": "https://files.catbox.moe/v8hhyw.webm",
        "LinkMp3": "https://files.catbox.moe/08nxwe.mp3",
        "annId": 22308
    },
    {
        "animeEng": "Student Council's Discretion",
        "animeRomaji": "Seitokai no Ichizon",
        "songName": "Yurupa Wonderful - 2 Bon",
        "artist": "Hekiy\u014d Gakuen Seitokai",
        "type": "Ending 12",
        "correctCount": 26,
        "startTime": 11,
        "songDuration": 90.528,
        "songNumber": 55,
        "activePlayerCount": 114,
        "LinkVideo": "https://files.catbox.moe/ta3yx1.webm",
        "LinkMp3": "https://files.catbox.moe/5pkqzs.mp3",
        "annId": 10587
    },
    {
        "animeEng": "My Hero Academia",
        "animeRomaji": "Boku no Hero Academia",
        "songName": "Polaris",
        "artist": "BLUE ENCOUNT",
        "type": "Opening 1",
        "correctCount": 57,
        "startTime": 46,
        "songDuration": 89.568,
        "songNumber": 56,
        "activePlayerCount": 116,
        "LinkVideo": "https://files.catbox.moe/ie4vzd.webm",
        "LinkMp3": "https://files.catbox.moe/xcp2q4.mp3",
        "annId": 22265
    },
    {
        "animeEng": "Cardfight!! Vanguard",
        "animeRomaji": "Cardfight!! Vanguard",
        "songName": "GIFT from THE FIGHT!!",
        "artist": "Takuya Sat\u014d & Tsubasa Yonaga",
        "type": "Ending 1",
        "correctCount": 10,
        "startTime": 52,
        "songDuration": 88.896,
        "songNumber": 57,
        "activePlayerCount": 115,
        "LinkVideo": "https://files.catbox.moe/h24gk4.webm",
        "LinkMp3": "https://files.catbox.moe/yb0fyp.mp3",
        "annId": 20876
    },
    {
        "animeEng": "Uchitama?! Have you seen my Tama?",
        "animeRomaji": "Uchi Tama!?: Uchi no Tama Shirimasen ka?",
        "songName": "UP TO DATE!",
        "artist": "Yuusuke Shirai",
        "type": "Ending 5",
        "correctCount": 1,
        "startTime": 55,
        "songDuration": 88.368,
        "songNumber": 58,
        "activePlayerCount": 116,
        "LinkVideo": "https://files.catbox.moe/axj7in.webm",
        "LinkMp3": "https://files.catbox.moe/kilj31.mp3",
        "annId": 22947,
        "correctPlayers": [
            "94"
        ]
    },
    {
        "animeEng": "Tales of the Abyss",
        "animeRomaji": "Tales of the Abyss",
        "songName": "Karma",
        "artist": "BUMP OF CHICKEN",
        "type": "Opening 1",
        "correctCount": 46,
        "startTime": 70,
        "songDuration": 128.376,
        "songNumber": 59,
        "activePlayerCount": 116,
        "LinkVideo": "https://files.catbox.moe/oed6vi.webm",
        "LinkMp3": "https://files.catbox.moe/tp8o5k.mp3",
        "annId": 10149
    },
    {
        "animeEng": "Koihime\u2020Mus\u014d",
        "animeRomaji": "Koihime\u2020Mus\u014d",
        "songName": "flower of bravery",
        "artist": "fripSide",
        "type": "Opening 1",
        "correctCount": 29,
        "startTime": 54,
        "songDuration": 88.512,
        "songNumber": 60,
        "activePlayerCount": 116,
        "LinkVideo": "https://files.catbox.moe/co5ex7.webm",
        "LinkMp3": "https://files.catbox.moe/jsiwzg.mp3",
        "annId": 9498
    },
    {
        "animeEng": "Mr. Osomatsu",
        "animeRomaji": "Osomatsu-san",
        "songName": "Kib\u014d no Hoshi",
        "artist": "Nana Kond\u014d",
        "type": "Insert Song",
        "correctCount": 3,
        "startTime": 1,
        "songDuration": 41.136,
        "songNumber": 61,
        "activePlayerCount": 116,
        "LinkVideo": "https://files.catbox.moe/doozju.webm",
        "LinkMp3": "https://files.catbox.moe/m9q4nb.mp3",
        "annId": 17323,
        "correctPlayers": [
            "MissMcPhisto",
            "MilkJiang",
            "TKN"
        ]
    },
    {
        "animeEng": "K-On!",
        "animeRomaji": "K-On!",
        "songName": "Tsubasa o Kudasai",
        "artist": "Sakurakou K-On-bu",
        "type": "Insert Song",
        "correctCount": 57,
        "startTime": 7,
        "songDuration": 44.616,
        "songNumber": 62,
        "activePlayerCount": 115,
        "LinkVideo": "https://files.catbox.moe/fw8m3q.webm",
        "LinkMp3": "https://files.catbox.moe/4w6xbd.mp3",
        "annId": 10562
    },
    {
        "animeEng": "Zombie Land Saga Revenge",
        "animeRomaji": "Zombie Land Saga Revenge",
        "songName": "Hikari e (with 7-gou ver.)",
        "artist": "FranChouChou",
        "type": "Insert Song",
        "correctCount": 36,
        "startTime": 39,
        "songDuration": 99.288,
        "songNumber": 63,
        "activePlayerCount": 114,
        "LinkVideo": "https://files.catbox.moe/rnhi1t.webm",
        "LinkMp3": "https://files.catbox.moe/8kbi7h.mp3",
        "annId": 24019
    },
    {
        "animeEng": "Genki, The Boy Champ",
        "animeRomaji": "Ganbare Genki",
        "songName": "Kaze ni Nare!",
        "artist": "Kinya Hori",
        "type": "Opening 1",
        "correctCount": 3,
        "startTime": 18,
        "songDuration": 85.008,
        "songNumber": 64,
        "activePlayerCount": 113,
        "LinkVideo": "https://files.catbox.moe/3pb2n5.webm",
        "LinkMp3": "https://files.catbox.moe/41uuga.mp3",
        "annId": 1693,
        "correctPlayers": [
            "ShiroKuro",
            "TowaSamaTenshi",
            "Shuuka"
        ]
    },
    {
        "animeEng": "Hanoka",
        "animeRomaji": "Hanoka",
        "songName": "Dual Love on the planet ~Hanoka~",
        "artist": "Sakura Nogawa",
        "type": "Opening 1",
        "correctCount": 9,
        "startTime": 4,
        "songDuration": 89.832,
        "songNumber": 65,
        "activePlayerCount": 114,
        "LinkVideo": "https://files.catbox.moe/shbt9k.webm",
        "LinkMp3": "https://files.catbox.moe/1dr70h.mp3",
        "annId": 6786
    },
    {
        "animeEng": "Baby I Love You Daze",
        "animeRomaji": "Baby I Love You Daze",
        "songName": "Shinsekai",
        "artist": "BUMP OF CHICKEN",
        "type": "Insert Song",
        "correctCount": 65,
        "startTime": 127,
        "songDuration": 157.097708,
        "songNumber": 66,
        "activePlayerCount": 114,
        "LinkVideo": "https://files.catbox.moe/zvopcd.webm",
        "LinkMp3": "https://files.catbox.moe/jl19uy.mp3",
        "annId": 22182
    },
    {
        "animeEng": "LOVE\u2665LOVE?",
        "animeRomaji": "LOVE\u2665LOVE?",
        "songName": "(LOVE)\u221e",
        "artist": "Miyu Matsuki, Sanae Kobayashi, Sayaka Ohara, Mayumi Yoshida, Kiyomi Asai",
        "type": "Opening 1",
        "correctCount": 5,
        "startTime": 21,
        "songDuration": 88.944,
        "songNumber": 67,
        "activePlayerCount": 114,
        "LinkVideo": "https://files.catbox.moe/lmi7qs.webm",
        "LinkMp3": "https://files.catbox.moe/bgviyy.mp3",
        "annId": 3798,
        "correctPlayers": [
            "millefeuillepan",
            "klusty",
            "Janoxx",
            "Kosaka",
            "MyAngelAmakiSari"
        ]
    },
    {
        "animeEng": "Ushio & Tora",
        "animeRomaji": "Ushio & Tora",
        "songName": "Mazeru na Kiken",
        "artist": "Kinniku Sh\u014djo-tai",
        "type": "Opening 1",
        "correctCount": 54,
        "startTime": 51,
        "songDuration": 88.488,
        "songNumber": 68,
        "activePlayerCount": 115,
        "LinkVideo": "https://files.catbox.moe/wsm83t.webm",
        "LinkMp3": "https://files.catbox.moe/4dbck5.mp3",
        "annId": 16754
    },
    {
        "animeEng": "Pretty Cure",
        "animeRomaji": "Futari wa Precure",
        "songName": "Get You! Love Love?!",
        "artist": "Mayumi Goj\u014d",
        "type": "Ending 1",
        "correctCount": 34,
        "startTime": 3,
        "songDuration": 89.568,
        "songNumber": 69,
        "activePlayerCount": 115,
        "LinkVideo": "https://files.catbox.moe/s67swe.webm",
        "LinkMp3": "https://files.catbox.moe/e0bgck.mp3",
        "annId": 3434
    },
    {
        "animeEng": "Initial D: Battle Stage 3",
        "animeRomaji": "Initial D: Battle Stage 3",
        "songName": "DADDY BOY",
        "artist": "SARAH",
        "type": "Insert Song",
        "correctCount": 5,
        "startTime": 119,
        "songDuration": 194.568,
        "songNumber": 70,
        "activePlayerCount": 114,
        "LinkVideo": "https://files.catbox.moe/2otmja.webm",
        "LinkMp3": "https://files.catbox.moe/zk36ha.mp3",
        "annId": 24123,
        "correctPlayers": [
            "OkaKoro",
            "KamigishiAkari",
            "Zylda",
            "OnlyLocodol",
            "Shakira_"
        ]
    },
    {
        "animeEng": "Yuruyuri Nachu Yachumi!+",
        "animeRomaji": "Yuruyuri Nachu Yachumi!+",
        "songName": "Ohirune Universe",
        "artist": "Nanamori Chu\u2606Seitokai",
        "type": "Ending 2",
        "correctCount": 13,
        "startTime": 21,
        "songDuration": 89.016,
        "songNumber": 71,
        "activePlayerCount": 115,
        "LinkVideo": "https://files.catbox.moe/w5rlq9.webm",
        "LinkMp3": "https://files.catbox.moe/k1zcoo.mp3",
        "annId": 17187
    },
    {
        "animeEng": "Macross Zero",
        "animeRomaji": "Macross Zero",
        "songName": "ARKAN",
        "artist": "Holy Raz",
        "type": "Ending 1",
        "correctCount": 2,
        "startTime": 104,
        "songDuration": 138.048,
        "songNumber": 72,
        "activePlayerCount": 115,
        "LinkVideo": "https://files.catbox.moe/0st9ph.webm",
        "LinkMp3": "https://files.catbox.moe/86wrqk.mp3",
        "annId": 939,
        "correctPlayers": [
            "MissScarlett",
            "Shakira_"
        ]
    },
    {
        "animeEng": "Taboo Tattoo",
        "animeRomaji": "Taboo Tattoo",
        "songName": "Belief",
        "artist": "May'n",
        "type": "Opening 1",
        "correctCount": 43,
        "startTime": 40,
        "songDuration": 88.704,
        "songNumber": 73,
        "activePlayerCount": 115,
        "LinkVideo": "https://files.catbox.moe/2fl2qt.webm",
        "LinkMp3": "https://files.catbox.moe/awbqko.mp3",
        "annId": 17122
    },
    {
        "animeEng": "Castle Town Dandelion",
        "animeRomaji": "J\u014dkamachi no Dandelion",
        "songName": "Honey\u2665Come!!",
        "artist": "Yui Ogura",
        "type": "Ending 1",
        "correctCount": 50,
        "startTime": 59,
        "songDuration": 88.608,
        "songNumber": 74,
        "activePlayerCount": 116,
        "LinkVideo": "https://files.catbox.moe/sp33fp.webm",
        "LinkMp3": "https://files.catbox.moe/31n521.mp3",
        "annId": 16857
    },
    {
        "animeEng": "Persona 4 the Golden Animation",
        "animeRomaji": "Persona 4 the Golden Animation",
        "songName": "Signs Of Love [Reincarnation ver.]",
        "artist": "Shihoko Hirata",
        "type": "Insert Song",
        "correctCount": 61,
        "startTime": 62,
        "songDuration": 130.512,
        "songNumber": 75,
        "activePlayerCount": 116,
        "LinkVideo": "https://files.catbox.moe/8fx59f.webm",
        "LinkMp3": "https://files.catbox.moe/ahg3x5.mp3",
        "annId": 16027
    },
    {
        "animeEng": "Is This a Zombie? of the Dead",
        "animeRomaji": "Is This a Zombie? of the Dead",
        "songName": "*** Passionate",
        "artist": "Iori Nomizu",
        "type": "Opening 1",
        "correctCount": 46,
        "startTime": 36,
        "songDuration": 107.904,
        "songNumber": 76,
        "activePlayerCount": 116,
        "LinkVideo": "https://files.catbox.moe/i4xvab.webm",
        "LinkMp3": "https://files.catbox.moe/bsnxjh.mp3",
        "annId": 13782
    },
    {
        "animeEng": "Katanagatari",
        "animeRomaji": "Katanagatari",
        "songName": "Katana to Saya",
        "artist": "ALI PROJECT",
        "type": "Opening 2",
        "correctCount": 29,
        "startTime": 37,
        "songDuration": 89.016,
        "songNumber": 77,
        "activePlayerCount": 116,
        "LinkVideo": "https://files.catbox.moe/vg0h2r.webm",
        "LinkMp3": "https://files.catbox.moe/runhbx.mp3",
        "annId": 10765
    },
    {
        "animeEng": "Blessing of the Campanella",
        "animeRomaji": "Shukufuku no Campanella",
        "songName": "AMELIA",
        "artist": "Yuuko Got\u014d",
        "type": "Ending 2",
        "correctCount": 1,
        "startTime": 4,
        "songDuration": 65.064,
        "songNumber": 78,
        "activePlayerCount": 115,
        "LinkVideo": "https://files.catbox.moe/ef5mmm.webm",
        "LinkMp3": "https://files.catbox.moe/vt8eyw.mp3",
        "annId": 11225,
        "correctPlayers": [
            "Janoxx"
        ]
    },
    {
        "animeEng": "I'm Standing on A Million Lives",
        "animeRomaji": "100-man no Inochi no Ue ni Ore wa Tatteiru",
        "songName": "Subversive",
        "artist": "Kanako Takatsuki",
        "type": "Ending 1",
        "correctCount": 11,
        "startTime": 27,
        "songDuration": 87.888,
        "songNumber": 79,
        "activePlayerCount": 116,
        "LinkVideo": "https://files.catbox.moe/9j3ct7.webm",
        "LinkMp3": "https://files.catbox.moe/4nh3c4.mp3",
        "annId": 23853
    },
    {
        "animeEng": "Venus to Mamoru",
        "animeRomaji": "Mamoru-kun ni Megami no Shukufuku o!",
        "songName": "Otomegokoro wa Sachertorte",
        "artist": "Asami Sanada",
        "type": "Insert Song",
        "correctCount": 0,
        "startTime": 12,
        "songDuration": 44.98285,
        "songNumber": 80,
        "activePlayerCount": 116,
        "LinkVideo": "https://files.catbox.moe/o86qxl.webm",
        "LinkMp3": "https://files.catbox.moe/b148if.mp3",
        "annId": 6803
    },
    {
        "animeEng": "Kill Me Baby",
        "animeRomaji": "Kill Me Baby",
        "songName": "Kill Me Baby!",
        "artist": "Mutsumi Tamura & Chinatsu Akasaki",
        "type": "Opening 1",
        "correctCount": 84,
        "startTime": 3,
        "songDuration": 88.944,
        "songNumber": 81,
        "activePlayerCount": 117,
        "LinkVideo": "https://files.catbox.moe/ubf5gn.webm",
        "LinkMp3": "https://files.catbox.moe/k3fsgp.mp3",
        "annId": 13289
    },
    {
        "animeEng": "Switch",
        "animeRomaji": "Switch",
        "songName": "Find out",
        "artist": "MIRANOSAND",
        "type": "Opening 1",
        "correctCount": 5,
        "startTime": 30,
        "songDuration": 95.232,
        "songNumber": 82,
        "activePlayerCount": 117,
        "LinkVideo": "https://files.catbox.moe/efqvcg.webm",
        "LinkMp3": "https://files.catbox.moe/xx4fgd.mp3",
        "annId": 8722,
        "correctPlayers": [
            "Diukes",
            "aryagamis",
            "Kosaka",
            "Shuuka",
            "Arkana"
        ]
    },
    {
        "animeEng": "The World God Only Knows",
        "animeRomaji": "Kami Nomi zo Shiru Sekai",
        "songName": "God only knows Daisanmaku",
        "artist": "Oratorio The World God Only Knows",
        "type": "Opening 1",
        "correctCount": 95,
        "startTime": 27,
        "songDuration": 88.728,
        "songNumber": 83,
        "activePlayerCount": 117,
        "LinkVideo": "https://files.catbox.moe/cw6v8a.webm",
        "LinkMp3": "https://files.catbox.moe/2ucsq5.mp3",
        "annId": 11571
    },
    {
        "animeEng": "One Off",
        "animeRomaji": "One Off",
        "songName": "Memories ~Poco a Poco Ver.",
        "artist": "Saori Goto, Saori Hayami, Eri Kitamura, Yuko Gibu",
        "type": "Insert Song",
        "correctCount": 16,
        "startTime": 39,
        "songDuration": 99.12,
        "songNumber": 84,
        "activePlayerCount": 117,
        "LinkVideo": "https://files.catbox.moe/7l0n5b.webm",
        "LinkMp3": "https://files.catbox.moe/f11f9y.mp3",
        "annId": 14162
    },
    {
        "animeEng": "Puella Magi Madoka Magica the Movie Part 1: Beginnings",
        "animeRomaji": "Gekij\u014dban Mah\u014d Sh\u014djo Madoka\u2605Magica Zenpen: Hajimari no Monogatari",
        "songName": "Mirai",
        "artist": "Kalafina",
        "type": "Insert Song",
        "correctCount": 23,
        "startTime": 39,
        "songDuration": 68.136,
        "songNumber": 85,
        "activePlayerCount": 117,
        "LinkVideo": "https://files.catbox.moe/74gkkx.webm",
        "LinkMp3": "https://files.catbox.moe/sdsfgb.mp3",
        "annId": 14363
    }
]