[
    {
        "animeEng": "Kinnikuman",
        "animeRomaji": "Kinnikuman",
        "songName": "Hon\u014d no Kinnikuman",
        "artist": "Akira Kushida",
        "type": "Opening 2",
        "correctCount": 18,
        "startTime": 39,
        "songDuration": 89.088,
        "songNumber": 1,
        "activePlayerCount": 202,
        "LinkVideo": "https://files.catbox.moe/29jzqu.webm",
        "LinkMp3": "https://files.catbox.moe/p1o8co.mp3",
        "annId": 1513
    },
    {
        "animeEng": "Yo-kai Watch",
        "animeRomaji": "Yo-kai Watch",
        "songName": "Matsuri Hayashi de Geragerap\u014d",
        "artist": "King Cream Soda",
        "type": "Opening 2",
        "correctCount": 14,
        "startTime": 36,
        "songDuration": 83.856,
        "songNumber": 2,
        "activePlayerCount": 210,
        "LinkVideo": "https://files.catbox.moe/qqwy8y.webm",
        "LinkMp3": "https://files.catbox.moe/e8t68i.mp3",
        "annId": 13724
    },
    {
        "animeEng": "ARP Backstage Pass",
        "animeRomaji": "ARP Backstage Pass",
        "songName": "Dahlia",
        "artist": "SHINJI",
        "type": "Insert Song",
        "correctCount": 8,
        "startTime": 0,
        "songDuration": 50.52,
        "songNumber": 3,
        "activePlayerCount": 211,
        "LinkVideo": "https://files.catbox.moe/sdo9vc.webm",
        "LinkMp3": "https://files.catbox.moe/zq9exy.mp3",
        "annId": 22347
    },
    {
        "animeEng": "Yes! Precure 5",
        "animeRomaji": "Yes! Precure 5",
        "songName": "Tobikkiri! Yuuki no Tobira",
        "artist": "Mariya Ise",
        "type": "Insert Song",
        "correctCount": 2,
        "startTime": 45,
        "songDuration": 111.514818,
        "songNumber": 4,
        "activePlayerCount": 214,
        "LinkVideo": "https://files.catbox.moe/22riu1.webm",
        "LinkMp3": "https://files.catbox.moe/b9vzru.mp3",
        "annId": 7465,
        "correctPlayers": [
            "ivin",
            "Alexismill"
        ]
    },
    {
        "animeEng": "Case Closed: The Last Magician of the Century",
        "animeRomaji": "Meitantei Conan: Seikimatsu no Majutsushi",
        "songName": "ONE",
        "artist": "B'z",
        "type": "Ending 1",
        "correctCount": 8,
        "startTime": 117,
        "songDuration": 170.06035,
        "songNumber": 5,
        "activePlayerCount": 218,
        "LinkVideo": "https://files.catbox.moe/q350u3.webm",
        "LinkMp3": "https://files.catbox.moe/ls0oea.mp3",
        "annId": 2683
    },
    {
        "animeEng": "Goblin Slayer: Goblin's Crown",
        "animeRomaji": "Goblin Slayer: Goblin's Crown",
        "songName": "Static",
        "artist": "Mili",
        "type": "Ending 1",
        "correctCount": 97,
        "startTime": 53,
        "songDuration": 207.12,
        "songNumber": 6,
        "activePlayerCount": 219,
        "LinkVideo": "https://files.catbox.moe/bbmfue.webm",
        "LinkMp3": "https://files.catbox.moe/p6vh7f.mp3",
        "annId": 22010
    },
    {
        "animeEng": "BanG Dream! 3rd Season",
        "animeRomaji": "BanG Dream! 3rd Season",
        "songName": "Step\u00d7Step",
        "artist": "Poppin'Party",
        "type": "Insert Song",
        "correctCount": 35,
        "startTime": 4,
        "songDuration": 184.056,
        "songNumber": 7,
        "activePlayerCount": 222,
        "LinkVideo": "https://files.catbox.moe/f0m917.webm",
        "LinkMp3": "https://files.catbox.moe/e1c7jy.mp3",
        "annId": 22909
    },
    {
        "animeEng": "The Rose of Versailles",
        "animeRomaji": "Versailles no Bara",
        "songName": "Bara wa Utsukushiku Chiru",
        "artist": "Hiroko Suzuki",
        "type": "Opening 1",
        "correctCount": 69,
        "startTime": 19,
        "songDuration": 89.04,
        "songNumber": 8,
        "activePlayerCount": 224,
        "LinkVideo": "https://files.catbox.moe/vbnswi.webm",
        "LinkMp3": "https://files.catbox.moe/u5lc45.mp3",
        "annId": 451
    },
    {
        "animeEng": "Ajin: Demi-Human",
        "animeRomaji": "Ajin",
        "songName": "HOW CLOSE YOU ARE",
        "artist": "Mamoru Miyano",
        "type": "Ending 1",
        "correctCount": 89,
        "startTime": 53,
        "songDuration": 89.088,
        "songNumber": 9,
        "activePlayerCount": 224,
        "LinkVideo": "https://files.catbox.moe/p6az7e.webm",
        "LinkMp3": "https://files.catbox.moe/pcaml1.mp3",
        "annId": 17676
    },
    {
        "animeEng": "Otherside Picnic",
        "animeRomaji": "Urasekai Picnic",
        "songName": "Minikui Ikimono",
        "artist": "CHiCO with HoneyWorks",
        "type": "Opening 1",
        "correctCount": 90,
        "startTime": 14,
        "songDuration": 89.112,
        "songNumber": 10,
        "activePlayerCount": 222,
        "LinkVideo": "https://files.catbox.moe/rldpr3.webm",
        "LinkMp3": "https://files.catbox.moe/h936fd.mp3",
        "annId": 23073
    },
    {
        "animeEng": "Science Fell in Love, So I Tried to Prove it",
        "animeRomaji": "Rikei ga Koi ni Ochita no de Sh\u014dmei Shitemita.",
        "songName": "PARADOX",
        "artist": "Sora Amamiya",
        "type": "Opening 1",
        "correctCount": 89,
        "startTime": 36,
        "songDuration": 86.620552,
        "songNumber": 11,
        "activePlayerCount": 222,
        "LinkVideo": "https://files.catbox.moe/baaa5i.webm",
        "LinkMp3": "https://files.catbox.moe/u5959l.mp3",
        "annId": 22312
    },
    {
        "animeEng": "Cipher",
        "animeRomaji": "Cipher",
        "songName": "Living in the Dark",
        "artist": "Army Call Up Test",
        "type": "Insert Song",
        "correctCount": 5,
        "startTime": 13,
        "songDuration": 98.114232,
        "songNumber": 12,
        "activePlayerCount": 223,
        "LinkVideo": "https://files.catbox.moe/9zjkdg.webm",
        "LinkMp3": "https://files.catbox.moe/sj2a3g.mp3",
        "annId": 856,
        "correctPlayers": [
            "watashiii",
            "FairyS",
            "GrimmNightmare",
            "Kaani",
            "NMapper"
        ]
    },
    {
        "animeEng": "With You: Mitsumeteitai",
        "animeRomaji": "With You: Mitsumeteitai",
        "songName": "I say I Love You",
        "artist": "Anii",
        "type": "Ending 1",
        "correctCount": 4,
        "startTime": 11,
        "songDuration": 113.064,
        "songNumber": 13,
        "activePlayerCount": 224,
        "LinkVideo": "https://files.catbox.moe/obt5ov.webm",
        "LinkMp3": "https://files.catbox.moe/k8kozy.mp3",
        "annId": 5815,
        "correctPlayers": [
            "watashiii",
            "FairyS",
            "Bai",
            "gaaw"
        ]
    },
    {
        "animeEng": "Yu-Gi-Oh! Zexal",
        "animeRomaji": "Yu-Gi-Oh! Zexal",
        "songName": "BRAVING!",
        "artist": "KANAN",
        "type": "Opening 2",
        "correctCount": 22,
        "startTime": 5,
        "songDuration": 88.944,
        "songNumber": 14,
        "activePlayerCount": 224,
        "LinkVideo": "https://files.catbox.moe/re5nvn.webm",
        "LinkMp3": "https://files.catbox.moe/bk6snk.mp3",
        "annId": 12303
    },
    {
        "animeEng": "The Fruit of Evolution: Before I Knew It, My Life Had It Made",
        "animeRomaji": "Shinka no Mi: Shiranai Uchi ni Kachigumi Jinsei",
        "songName": "EVOLUTiON:",
        "artist": "Yoshino Nanj\u014d",
        "type": "Opening 1",
        "correctCount": 2,
        "startTime": 3,
        "songDuration": 89.232,
        "songNumber": 15,
        "activePlayerCount": 223,
        "LinkVideo": "https://files.catbox.moe/ujv8l4.webm",
        "LinkMp3": "https://files.catbox.moe/e1c1n9.mp3",
        "annId": 23975,
        "correctPlayers": [
            "watashiii",
            "VaIaNa"
        ]
    },
    {
        "animeEng": "Honto ni Atta! Reibai-Sensei",
        "animeRomaji": "Honto ni Atta! Reibai-Sensei",
        "songName": "pair*",
        "artist": "Meaw",
        "type": "Ending 1",
        "correctCount": 2,
        "startTime": 3,
        "songDuration": 41.256,
        "songNumber": 16,
        "activePlayerCount": 221,
        "LinkVideo": "https://files.catbox.moe/vdfeiu.webm",
        "LinkMp3": "https://files.catbox.moe/9l1183.mp3",
        "annId": 12449,
        "correctPlayers": [
            "DHancock",
            "ArukasFrost"
        ]
    },
    {
        "animeEng": "White Album",
        "animeRomaji": "White Album",
        "songName": "POWDER SNOW (YUKI&RINA Ver.)",
        "artist": "Nana Mizuki & Aya Hirano",
        "type": "Insert Song",
        "correctCount": 55,
        "startTime": 2,
        "songDuration": 60.072,
        "songNumber": 17,
        "activePlayerCount": 223,
        "LinkVideo": "https://files.catbox.moe/1eaivz.webm",
        "LinkMp3": "https://files.catbox.moe/o9ktox.mp3",
        "annId": 10134
    },
    {
        "animeEng": "Magic of Stella",
        "animeRomaji": "Stella no Mah\u014d",
        "songName": "Yonaka Jikaru",
        "artist": "Maria Naganawa & Ry\u014dko Maekawa",
        "type": "Ending 1",
        "correctCount": 29,
        "startTime": 5,
        "songDuration": 87.864,
        "songNumber": 18,
        "activePlayerCount": 224,
        "LinkVideo": "https://files.catbox.moe/nk3264.webm",
        "LinkMp3": "https://files.catbox.moe/y3f7qu.mp3",
        "annId": 18155
    },
    {
        "animeEng": "Dragon Ball Z",
        "animeRomaji": "Dragon Ball Z",
        "songName": "Unmei no Hi ~Tamashii vs Tamashii~",
        "artist": "Hironobu Kageyama feat. Chiho Kiy\u014dka",
        "type": "Insert Song",
        "correctCount": 87,
        "startTime": 22,
        "songDuration": 96.504,
        "songNumber": 19,
        "activePlayerCount": 224,
        "LinkVideo": "https://files.catbox.moe/hduq9e.webm",
        "LinkMp3": "https://files.catbox.moe/h6qvfo.mp3",
        "annId": 244
    },
    {
        "animeEng": "Demon Prince Enma",
        "animeRomaji": "Kik\u014dshi Enma",
        "songName": "DECADENCE",
        "artist": "GRANRODEO",
        "type": "Ending 1",
        "correctCount": 9,
        "startTime": 51,
        "songDuration": 90.408,
        "songNumber": 20,
        "activePlayerCount": 227,
        "LinkVideo": "https://files.catbox.moe/9o2kvc.webm",
        "LinkMp3": "https://files.catbox.moe/m0b9bi.mp3",
        "annId": 6550
    },
    {
        "animeEng": "Re:ZERO -Starting Life in Another World-",
        "animeRomaji": "Re:Zero kara Hajimeru Isekai Seikatsu",
        "songName": "STRAIGHT BET",
        "artist": "MYTH & ROID",
        "type": "Ending 2",
        "correctCount": 101,
        "startTime": 138,
        "songDuration": 244.056,
        "songNumber": 21,
        "activePlayerCount": 227,
        "LinkVideo": "https://files.catbox.moe/504x7w.webm",
        "LinkMp3": "https://files.catbox.moe/1w07tx.mp3",
        "annId": 17360
    },
    {
        "animeEng": "Psycho-Pass: Sinners of the System",
        "animeRomaji": "Psycho-Pass: Sinners of the System",
        "songName": "Fallen \u2015 Remixed by MASAYUKI NAKANO",
        "artist": "EGOIST",
        "type": "Ending 1",
        "correctCount": 56,
        "startTime": 7,
        "songDuration": 88.971532,
        "songNumber": 22,
        "activePlayerCount": 225,
        "LinkVideo": "https://files.catbox.moe/gx80rc.webm",
        "LinkMp3": "https://files.catbox.moe/3swnvy.mp3",
        "annId": 21547
    },
    {
        "animeEng": "BanG Dream! Girls Band Party! Pico Fever!",
        "animeRomaji": "BanG Dream! Garupa\u2606Pico: Fever",
        "songName": "Pico Taru Mono, Fever!",
        "artist": "Aimi\u00d7Ayane Sakura\u00d7Ami Maeshima\u00d7Aina Aiba\u00d7Miku Itou\u00d7Raychell\u00d7Amane Shindou",
        "type": "Ending 1",
        "correctCount": 79,
        "startTime": 0,
        "songDuration": 29.334,
        "songNumber": 23,
        "activePlayerCount": 226,
        "LinkVideo": "https://files.catbox.moe/q8g7z1.webm",
        "annId": 24418
    },
    {
        "animeEng": "Tsukigakirei",
        "animeRomaji": "Tsuki ga Kirei",
        "songName": "Yasashii Kimochi",
        "artist": "Nao T\u014dyama",
        "type": "Insert Song",
        "correctCount": 59,
        "startTime": 7,
        "songDuration": 76.92,
        "songNumber": 24,
        "activePlayerCount": 225,
        "LinkVideo": "https://files.catbox.moe/fuurw0.webm",
        "LinkMp3": "https://files.catbox.moe/t7n7i2.mp3",
        "annId": 19019
    },
    {
        "animeEng": "Amuri in Star Ocean",
        "animeRomaji": "Hoshi no Umi no Amuri",
        "songName": "Q9 Tokusen-tai March",
        "artist": "\u203b-mai",
        "type": "Insert Song",
        "correctCount": 3,
        "startTime": 27,
        "songDuration": 56.448,
        "songNumber": 25,
        "activePlayerCount": 225,
        "LinkVideo": "https://files.catbox.moe/bxrpi2.webm",
        "LinkMp3": "https://files.catbox.moe/j626tp.mp3",
        "annId": 8720,
        "correctPlayers": [
            "loriogoulevent",
            "watashiii",
            "SakurabaRola"
        ]
    },
    {
        "animeEng": "Fukuyama Gekij\u014d: Natsu no Himitsu",
        "animeRomaji": "Fukuyama Gekij\u014d: Natsu no Himitsu",
        "songName": "KURO",
        "artist": "Jessie",
        "type": "Insert Song",
        "correctCount": 3,
        "startTime": 101,
        "songDuration": 141.504,
        "songNumber": 26,
        "activePlayerCount": 226,
        "LinkVideo": "https://files.catbox.moe/hez8jx.webm",
        "LinkMp3": "https://files.catbox.moe/kw4ezs.mp3",
        "annId": 7180,
        "correctPlayers": [
            "Nippah",
            "likejaxirl",
            "Zurer"
        ]
    },
    {
        "animeEng": "Ultraman Kids: Haha o Tazunete 3000 Man K\u014dnen",
        "animeRomaji": "Ultraman Kids: Haha o Tazunete 3000 Man K\u014dnen",
        "songName": "Cosmos Adventure",
        "artist": "Satoko Yamano",
        "type": "Opening 1",
        "correctCount": 2,
        "startTime": 19,
        "songDuration": 88.056,
        "songNumber": 27,
        "activePlayerCount": 226,
        "LinkVideo": "https://files.catbox.moe/lc706x.webm",
        "LinkMp3": "https://files.catbox.moe/c6387b.mp3",
        "annId": 11078,
        "correctPlayers": [
            "Stunar",
            "TowaSamaTenshi"
        ]
    },
    {
        "animeEng": "Saber Marionette J",
        "animeRomaji": "Saber Marionette J",
        "songName": "Sakaseruze! Dokyo-Bana",
        "artist": "Yuka Imai",
        "type": "Insert Song",
        "correctCount": 5,
        "startTime": 12,
        "songDuration": 71.939988,
        "songNumber": 28,
        "activePlayerCount": 227,
        "LinkVideo": "https://files.catbox.moe/pky2jw.webm",
        "LinkMp3": "https://files.catbox.moe/vf0qyx.mp3",
        "annId": 77,
        "correctPlayers": [
            "Miki_Hoshii",
            "watashiii",
            "Rejax",
            "TKN",
            "kaghey"
        ]
    },
    {
        "animeEng": "Sonic X",
        "animeRomaji": "Sonic X",
        "songName": "Live & Learn",
        "artist": "Crush 40",
        "type": "Insert Song",
        "correctCount": 60,
        "startTime": 54,
        "songDuration": 84.264,
        "songNumber": 29,
        "activePlayerCount": 227,
        "LinkVideo": "https://files.catbox.moe/s2c1nc.webm",
        "LinkMp3": "https://files.catbox.moe/i31gs8.mp3",
        "annId": 2266
    },
    {
        "animeEng": "Persona 5 the Animation: Proof of Justice",
        "animeRomaji": "Persona 5 the Animation: Proof of Justice",
        "songName": "No More What Ifs",
        "artist": "Lyn",
        "type": "Insert Song",
        "correctCount": 7,
        "startTime": 68,
        "songDuration": 120.264,
        "songNumber": 30,
        "activePlayerCount": 227,
        "LinkVideo": "https://files.catbox.moe/tj0i60.webm",
        "LinkMp3": "https://files.catbox.moe/aum848.mp3",
        "annId": 22984
    },
    {
        "animeEng": "Lovely Complex",
        "animeRomaji": "LoveCom",
        "songName": "Kimi+Boku=LOVE?",
        "artist": "Tegomass",
        "type": "Opening 1",
        "correctCount": 64,
        "startTime": 42,
        "songDuration": 73.872,
        "songNumber": 31,
        "activePlayerCount": 226,
        "LinkVideo": "https://files.catbox.moe/fr5976.webm",
        "LinkMp3": "https://files.catbox.moe/60d7ov.mp3",
        "annId": 7468
    },
    {
        "animeEng": "Sword Art Online: Alicization",
        "animeRomaji": "Sword Art Online: Alicization",
        "songName": "Niji no Kanata ni",
        "artist": "ReoNa",
        "type": "Ending 3",
        "correctCount": 93,
        "startTime": 20,
        "songDuration": 108.072,
        "songNumber": 32,
        "activePlayerCount": 227,
        "LinkVideo": "https://files.catbox.moe/1ehdrx.webm",
        "LinkMp3": "https://files.catbox.moe/ha7pj4.mp3",
        "annId": 20665
    },
    {
        "animeEng": "Gunsmith Cats",
        "animeRomaji": "Gunsmith Cats",
        "songName": "Gunsmith Cats Opening",
        "artist": "Peter Erskine",
        "type": "Opening 1",
        "correctCount": 67,
        "startTime": 20,
        "songDuration": 94.065322,
        "songNumber": 33,
        "activePlayerCount": 226,
        "LinkVideo": "https://files.catbox.moe/hwdsdb.webm",
        "LinkMp3": "https://files.catbox.moe/1meioc.mp3",
        "annId": 156
    },
    {
        "animeEng": "Iron Man",
        "animeRomaji": "Iron Man",
        "songName": "Activation",
        "artist": "Tetsuya Takahashi",
        "type": "Opening 1",
        "correctCount": 65,
        "startTime": 12,
        "songDuration": 59.112,
        "songNumber": 34,
        "activePlayerCount": 226,
        "LinkVideo": "https://files.catbox.moe/7ogvbu.webm",
        "LinkMp3": "https://files.catbox.moe/6tmn0i.mp3",
        "annId": 11786
    },
    {
        "animeEng": "When They Cry",
        "animeRomaji": "Higurashi no Naku Koro ni",
        "songName": "why, or why not",
        "artist": "Rekka Katakiri",
        "type": "Ending 1",
        "correctCount": 113,
        "startTime": 18,
        "songDuration": 89.736,
        "songNumber": 35,
        "activePlayerCount": 225,
        "LinkVideo": "https://files.catbox.moe/69phlq.webm",
        "LinkMp3": "https://files.catbox.moe/6f66qv.mp3",
        "annId": 6134
    },
    {
        "animeEng": "Hy\u014dka",
        "animeRomaji": "Hy\u014dka",
        "songName": "Ue o Muite Aruk\u014d",
        "artist": "Hachidai Nakamura",
        "type": "Insert Song",
        "correctCount": 95,
        "startTime": 1,
        "songDuration": 33.432,
        "songNumber": 36,
        "activePlayerCount": 223,
        "LinkVideo": "https://files.catbox.moe/h52vvl.webm",
        "LinkMp3": "https://files.catbox.moe/nki6rk.mp3",
        "annId": 13817
    },
    {
        "animeEng": "Cookin' Idol Ai! Mai! Main!",
        "animeRomaji": "Cookin' Idol Ai! Mai! Main!",
        "songName": "Main no Fruit Symphony",
        "artist": "Haruka Fukuhara",
        "type": "Insert Song",
        "correctCount": 23,
        "startTime": 36,
        "songDuration": 64.547462,
        "songNumber": 37,
        "activePlayerCount": 225,
        "LinkVideo": "https://files.catbox.moe/9rdrfa.webm",
        "LinkMp3": "https://files.catbox.moe/qs32ha.mp3",
        "annId": 10656
    },
    {
        "animeEng": "Aoi Bungaku Series",
        "animeRomaji": "Aoi Bungaku Series",
        "songName": "Sakura no Yuuwaku",
        "artist": "Nana Mizuki",
        "type": "Opening 1",
        "correctCount": 54,
        "startTime": 44,
        "songDuration": 78.96,
        "songNumber": 38,
        "activePlayerCount": 223,
        "LinkVideo": "https://files.catbox.moe/4w6krc.webm",
        "LinkMp3": "https://files.catbox.moe/o8byr3.mp3",
        "annId": 11096
    },
    {
        "animeEng": "Show By Rock!! Stars!!",
        "animeRomaji": "Show By Rock!! Stars!!",
        "songName": "Ryuusei Dreamline",
        "artist": "Plasmagica",
        "type": "Insert Song",
        "correctCount": 19,
        "startTime": 37,
        "songDuration": 90.36,
        "songNumber": 39,
        "activePlayerCount": 224,
        "LinkVideo": "https://files.catbox.moe/hizcca.webm",
        "LinkMp3": "https://files.catbox.moe/ajkekw.mp3",
        "annId": 23132
    },
    {
        "animeEng": "Pururun! Shizuku-chan",
        "animeRomaji": "Pururun! Shizuku-chan",
        "songName": "Pururun! Shizuku-chan",
        "artist": "Sister MAYO with D.D.S",
        "type": "Opening 1",
        "correctCount": 38,
        "startTime": 18,
        "songDuration": 90.048,
        "songNumber": 40,
        "activePlayerCount": 224,
        "LinkVideo": "https://files.catbox.moe/decbxy.webm",
        "LinkMp3": "https://files.catbox.moe/d5nkld.mp3",
        "annId": 8039
    },
    {
        "animeEng": "Cross Road",
        "animeRomaji": "Cross Road",
        "songName": "Cross Road",
        "artist": "Nagi Yanagi",
        "type": "Insert Song",
        "correctCount": 65,
        "startTime": 33,
        "songDuration": 97.272,
        "songNumber": 41,
        "activePlayerCount": 222,
        "LinkVideo": "https://files.catbox.moe/v3qi1b.webm",
        "LinkMp3": "https://files.catbox.moe/afbm7x.mp3",
        "annId": 23001
    },
    {
        "animeEng": "Fire Tripper",
        "animeRomaji": "Fire Tripper",
        "songName": "Yokan",
        "artist": "Kaoru Akimoto",
        "type": "Opening 1",
        "correctCount": 18,
        "startTime": 60,
        "songDuration": 112.656,
        "songNumber": 42,
        "activePlayerCount": 222,
        "LinkVideo": "https://files.catbox.moe/ewwq3p.webm",
        "LinkMp3": "https://files.catbox.moe/i3zead.mp3",
        "annId": 869
    },
    {
        "animeEng": "Ky\u014d Kara Ore wa!!",
        "animeRomaji": "Ky\u014d Kara Ore wa!!",
        "songName": "Bokura wa Family",
        "artist": "Kera",
        "type": "Ending 1",
        "correctCount": 14,
        "startTime": 98,
        "songDuration": 132.408,
        "songNumber": 43,
        "activePlayerCount": 222,
        "LinkVideo": "https://files.catbox.moe/njitic.webm",
        "LinkMp3": "https://files.catbox.moe/pk6hxa.mp3",
        "annId": 2995
    },
    {
        "animeEng": "Eiga Crayon Shin-chan Shuurai! Uchuujin Shiriri",
        "animeRomaji": "Eiga Crayon Shin-chan Shuurai! Uchuujin Shiriri",
        "songName": "Road Movie",
        "artist": "Yuu Takahashi",
        "type": "Ending 1",
        "correctCount": 0,
        "startTime": 113,
        "songDuration": 199.344,
        "songNumber": 44,
        "activePlayerCount": 221,
        "LinkVideo": "https://files.catbox.moe/so8nnc.webm",
        "LinkMp3": "https://files.catbox.moe/yztqsi.mp3",
        "annId": 19582
    },
    {
        "animeEng": "Little Goblin",
        "animeRomaji": "Kaibutsu-kun",
        "songName": "Ore wa Kaibutsu-kun Da",
        "artist": "Fuyumi Shiraishi",
        "type": "Opening 1",
        "correctCount": 29,
        "startTime": 21,
        "songDuration": 50.885656,
        "songNumber": 45,
        "activePlayerCount": 221,
        "LinkVideo": "https://files.catbox.moe/b09mxr.webm",
        "LinkMp3": "https://files.catbox.moe/f3leb8.mp3",
        "annId": 1850
    },
    {
        "animeEng": "Lostorage incited WIXOSS",
        "animeRomaji": "Lostorage incited WIXOSS",
        "songName": "Lostorage",
        "artist": "Yuka Iguchi",
        "type": "Opening 1",
        "correctCount": 57,
        "startTime": 34,
        "songDuration": 89.064,
        "songNumber": 46,
        "activePlayerCount": 221,
        "LinkVideo": "https://files.catbox.moe/1qsy26.webm",
        "LinkMp3": "https://files.catbox.moe/58347z.mp3",
        "annId": 18680
    },
    {
        "animeEng": "Devilman",
        "animeRomaji": "Devilman",
        "songName": "Devilman no Uta",
        "artist": "Keizo Toda",
        "type": "Opening 1",
        "correctCount": 161,
        "startTime": 47,
        "songDuration": 87.816,
        "songNumber": 47,
        "activePlayerCount": 222,
        "LinkVideo": "https://files.catbox.moe/l42gim.webm",
        "LinkMp3": "https://files.catbox.moe/adydk1.mp3",
        "annId": 578
    },
    {
        "animeEng": "Him\u014dto! Umaru-chan R",
        "animeRomaji": "Him\u014dto! Umaru-chan R",
        "songName": "Nimensei\u2606Uraomote Life!",
        "artist": "Aimi Tanaka",
        "type": "Opening 1",
        "correctCount": 149,
        "startTime": 31,
        "songDuration": 88.944,
        "songNumber": 48,
        "activePlayerCount": 223,
        "LinkVideo": "https://files.catbox.moe/2uy24t.webm",
        "LinkMp3": "https://files.catbox.moe/xx9vki.mp3",
        "annId": 20017
    },
    {
        "animeEng": "The King of Braves GaoGaiGar Final Grand Glorious Gathering",
        "animeRomaji": "Yuusha-Oh GaoGaiGar Final Grand Glorious Gathering",
        "songName": "Lion Reine (French Version)",
        "artist": "Lige",
        "type": "Ending 4",
        "correctCount": 4,
        "startTime": 17,
        "songDuration": 105.12,
        "songNumber": 49,
        "activePlayerCount": 221,
        "LinkVideo": "https://files.catbox.moe/xa49ux.webm",
        "LinkMp3": "https://files.catbox.moe/66xg28.mp3",
        "annId": 5086,
        "correctPlayers": [
            "Zylda",
            "watashiii",
            "FairyS",
            "kaghey"
        ]
    },
    {
        "animeEng": "Extra Olympia Kyklos",
        "animeRomaji": "Bessatsu Olympia Kyklos",
        "songName": "William Tell Jokyoku",
        "artist": "Jin Katagiri & Akihito Hayashi",
        "type": "Opening 1",
        "correctCount": 117,
        "startTime": 0,
        "songDuration": 30.048,
        "songNumber": 50,
        "activePlayerCount": 221,
        "LinkVideo": "https://files.catbox.moe/ec2a1m.webm",
        "LinkMp3": "https://files.catbox.moe/et28w9.mp3",
        "annId": 23035
    },
    {
        "animeEng": "Rozen Maiden: Rewind",
        "animeRomaji": "Rozen Maiden: Zur\u00fcckspulen",
        "songName": "Watashi no Bara wo Haminasai",
        "artist": "ALI PROJECT",
        "type": "Opening 1",
        "correctCount": 35,
        "startTime": 55,
        "songDuration": 89.976,
        "songNumber": 51,
        "activePlayerCount": 223,
        "LinkVideo": "https://files.catbox.moe/i4w3sg.webm",
        "LinkMp3": "https://files.catbox.moe/4ymc7g.mp3",
        "annId": 15072
    },
    {
        "animeEng": "Seitokai Yakuindomo*",
        "animeRomaji": "Seitokai Yakuindomo*",
        "songName": "Idol no Susume",
        "artist": "Y\u014dko Hikasa",
        "type": "Insert Song",
        "correctCount": 24,
        "startTime": 5,
        "songDuration": 35.52,
        "songNumber": 52,
        "activePlayerCount": 223,
        "LinkVideo": "https://files.catbox.moe/t33o18.webm",
        "LinkMp3": "https://files.catbox.moe/6s97un.mp3",
        "annId": 15694
    },
    {
        "animeEng": "Wake Up, Girls! New Chapter",
        "animeRomaji": "Wake Up, Girls! Shin Sh\u014d",
        "songName": "Nyaon no Theme",
        "artist": "Wake Up, Girls!",
        "type": "Insert Song",
        "correctCount": 14,
        "startTime": 0,
        "songDuration": 20.544,
        "songNumber": 53,
        "activePlayerCount": 224,
        "LinkVideo": "https://files.catbox.moe/sggoyx.webm",
        "LinkMp3": "https://files.catbox.moe/ugzojx.mp3",
        "annId": 19921
    },
    {
        "animeEng": "Rainy Cocoa, Welcome to Rainy Color",
        "animeRomaji": "Ame-iro Cocoa Rainy color e Y\u014dkoso!",
        "songName": "Rainy cocoa",
        "artist": "Rainy Color",
        "type": "Opening 1",
        "correctCount": 61,
        "startTime": 1,
        "songDuration": 29.831324,
        "songNumber": 54,
        "activePlayerCount": 226,
        "LinkVideo": "https://files.catbox.moe/9urz3x.webm",
        "LinkMp3": "https://files.catbox.moe/kku9jh.mp3",
        "annId": 17241
    },
    {
        "animeEng": "Super Atragon",
        "animeRomaji": "Shin Kaitei Gunkan",
        "songName": "Kaitei Gunkan no Theme",
        "artist": "Warsaw Philharmonic Orchestra",
        "type": "Opening 1",
        "correctCount": 6,
        "startTime": 41,
        "songDuration": 118.992,
        "songNumber": 55,
        "activePlayerCount": 226,
        "LinkVideo": "https://files.catbox.moe/7hgkjw.webm",
        "LinkMp3": "https://files.catbox.moe/tttvlb.mp3",
        "annId": 617
    },
    {
        "animeEng": "Love Live! School Idol Project",
        "animeRomaji": "Love Live! School Idol Project",
        "songName": "Kore made no Love Live! ~Musical ver.~",
        "artist": "\u03bc's, Marie Miyake, Nozomi Yamamoto, Sayuri Hara",
        "type": "Insert Song",
        "correctCount": 53,
        "startTime": 15,
        "songDuration": 51.192,
        "songNumber": 56,
        "activePlayerCount": 223,
        "LinkVideo": "https://files.catbox.moe/p0siho.webm",
        "LinkMp3": "https://files.catbox.moe/b4oy8y.mp3",
        "annId": 15812
    },
    {
        "animeEng": "Kiratto Pri\u2606Chan",
        "animeRomaji": "Kiratto Pri\u2606Chan",
        "songName": "Cutie Breakin'",
        "artist": "Sora Tokui",
        "type": "Insert Song",
        "correctCount": 7,
        "startTime": 101,
        "songDuration": 134.592,
        "songNumber": 57,
        "activePlayerCount": 223,
        "LinkVideo": "https://files.catbox.moe/qvgxmh.webm",
        "LinkMp3": "https://files.catbox.moe/x9f5py.mp3",
        "annId": 21793
    },
    {
        "animeEng": "Kaguya-sama: Love is War",
        "animeRomaji": "Kaguya-sama wa Kokurasetai: Tensai-tachi no Renai Zun\u014dsen",
        "songName": "Sentimental Crisis",
        "artist": "halca",
        "type": "Ending 1",
        "correctCount": 134,
        "startTime": 46,
        "songDuration": 88.776,
        "songNumber": 58,
        "activePlayerCount": 223,
        "LinkVideo": "https://files.catbox.moe/96clqj.webm",
        "LinkMp3": "https://files.catbox.moe/8zi2q4.mp3",
        "annId": 21401
    },
    {
        "animeEng": "Takunomi.",
        "animeRomaji": "Takunomi.",
        "songName": "Stoic ni Detox",
        "artist": "Mashinomi",
        "type": "Ending 1",
        "correctCount": 18,
        "startTime": 41,
        "songDuration": 86.832,
        "songNumber": 59,
        "activePlayerCount": 223,
        "LinkVideo": "https://files.catbox.moe/fropmx.webm",
        "LinkMp3": "https://files.catbox.moe/6do48p.mp3",
        "annId": 20394
    },
    {
        "animeEng": "Isekai Izakaya: Japanese Food From Another World",
        "animeRomaji": "Isekai Izakaya: Koto Aitheria no Izakaya Nobu",
        "songName": "Prosit!",
        "artist": "Clammbon",
        "type": "Ending 1",
        "correctCount": 16,
        "startTime": 5,
        "songDuration": 74.16,
        "songNumber": 60,
        "activePlayerCount": 223,
        "LinkVideo": "https://files.catbox.moe/orqzsi.webm",
        "LinkMp3": "https://files.catbox.moe/okjt2y.mp3",
        "annId": 20594
    },
    {
        "animeEng": "STARMYU",
        "animeRomaji": "K\u014dk\u014d Hoshi Kageki",
        "songName": "Pumpkin Mate\u266a",
        "artist": "Natsuki Hanae, Nobuhiko Okamoto, Nobunaga Shimazaki, Yuuichir\u014d Umehara",
        "type": "Insert Song",
        "correctCount": 87,
        "startTime": 10,
        "songDuration": 87.936,
        "songNumber": 61,
        "activePlayerCount": 225,
        "LinkVideo": "https://files.catbox.moe/z6mouu.webm",
        "LinkMp3": "https://files.catbox.moe/e0nj4w.mp3",
        "annId": 21486
    },
    {
        "animeEng": "Attack on Titan Season 3",
        "animeRomaji": "Shingeki no Kyojin Season 3",
        "songName": "Akatsuki no Requiem",
        "artist": "Linked Horizon",
        "type": "Ending 1",
        "correctCount": 175,
        "startTime": 50,
        "songDuration": 87.552,
        "songNumber": 62,
        "activePlayerCount": 225,
        "LinkVideo": "https://files.catbox.moe/bzdtuk.webm",
        "LinkMp3": "https://files.catbox.moe/a2sbl7.mp3",
        "annId": 19819
    },
    {
        "animeEng": "Digimon Adventure: Children's War Game",
        "animeRomaji": "Digimon Adventure: Bokura no War Game",
        "songName": "Butter-Fly",
        "artist": "Kouji Wada",
        "type": "Opening 1",
        "correctCount": 157,
        "startTime": 7,
        "songDuration": 93.672,
        "songNumber": 63,
        "activePlayerCount": 225,
        "LinkVideo": "https://files.catbox.moe/pfq79l.webm",
        "LinkMp3": "https://files.catbox.moe/b8t02u.mp3",
        "annId": 2524
    },
    {
        "animeEng": "Neon Genesis Evangelion: The End of Evangelion",
        "animeRomaji": "Shinseiki Evangelion Gekij\u014dban: The End of Evangelion - Air/Magokoro o, Kimi ni",
        "songName": "Komm, s\u00fcsser Tod",
        "artist": "ARIANNE",
        "type": "Insert Song",
        "correctCount": 107,
        "startTime": 341,
        "songDuration": 460.008,
        "songNumber": 64,
        "activePlayerCount": 225,
        "LinkVideo": "https://files.catbox.moe/odlhu7.webm",
        "LinkMp3": "https://files.catbox.moe/60k5o7.mp3",
        "annId": 419
    },
    {
        "animeEng": "Hi Score Girl II",
        "animeRomaji": "High Score Girl II",
        "songName": "Unknown World Map",
        "artist": "Etsuko Yakushimaru",
        "type": "Ending 1",
        "correctCount": 48,
        "startTime": 8,
        "songDuration": 87.504,
        "songNumber": 65,
        "activePlayerCount": 224,
        "LinkVideo": "https://files.catbox.moe/0dqbrb.webm",
        "LinkMp3": "https://files.catbox.moe/e38v6m.mp3",
        "annId": 22466
    },
    {
        "animeEng": "Hinomaru Sumo",
        "animeRomaji": "Hinomaru Zum\u014d",
        "songName": "FIRE GROUND",
        "artist": "Official HIGE DANdism",
        "type": "Opening 1",
        "correctCount": 73,
        "startTime": 10,
        "songDuration": 89.389484,
        "songNumber": 66,
        "activePlayerCount": 223,
        "LinkVideo": "https://files.catbox.moe/575bbg.webm",
        "LinkMp3": "https://files.catbox.moe/57rvu8.mp3",
        "annId": 20760
    },
    {
        "animeEng": "Cardfight!! Vanguard Gaiden if",
        "animeRomaji": "Cardfight!! Vanguard Gaiden if",
        "songName": "Gonna be right",
        "artist": "Peaky P-key",
        "type": "Ending 1",
        "correctCount": 8,
        "startTime": 36,
        "songDuration": 89.088,
        "songNumber": 67,
        "activePlayerCount": 223,
        "LinkVideo": "https://files.catbox.moe/qv2gko.webm",
        "LinkMp3": "https://files.catbox.moe/wjxtfp.mp3",
        "annId": 23028
    },
    {
        "animeEng": "Space\u2606Dandy",
        "animeRomaji": "Space\u2606Dandy",
        "songName": "Shiritai",
        "artist": "Izumi Macra x mabanua",
        "type": "Insert Song",
        "correctCount": 19,
        "startTime": 60,
        "songDuration": 105.048,
        "songNumber": 68,
        "activePlayerCount": 222,
        "LinkVideo": "https://files.catbox.moe/xpv09p.webm",
        "LinkMp3": "https://files.catbox.moe/vuc94l.mp3",
        "annId": 15555
    },
    {
        "animeEng": "PriPara",
        "animeRomaji": "PriPara",
        "songName": "Charismart GIRL\u2606Yeah!",
        "artist": "TRiANGLE",
        "type": "Insert Song",
        "correctCount": 24,
        "startTime": 66,
        "songDuration": 130.848,
        "songNumber": 69,
        "activePlayerCount": 224,
        "LinkVideo": "https://files.catbox.moe/2f3uvc.webm",
        "LinkMp3": "https://files.catbox.moe/4b2egz.mp3",
        "annId": 18090
    },
    {
        "animeEng": "Ojamajo Doremi Na-i-sho",
        "animeRomaji": "Ojamajo Doremi Na-i-sho",
        "songName": "Suteki\u221e",
        "artist": "MAHO-dou",
        "type": "Ending 1",
        "correctCount": 5,
        "startTime": 31,
        "songDuration": 88.848,
        "songNumber": 70,
        "activePlayerCount": 224,
        "LinkVideo": "https://files.catbox.moe/qyembz.webm",
        "LinkMp3": "https://files.catbox.moe/vbxk7m.mp3",
        "annId": 3797,
        "correctPlayers": [
            "chaabdu92",
            "FairyS",
            "gael",
            "KamigishiAkari",
            "Szafa"
        ]
    },
    {
        "animeEng": "Zoku Owarimonogatari",
        "animeRomaji": "Zoku Owarimonogatari",
        "songName": "07734",
        "artist": "Satoru Kosaki, mito feat. Hiroshi Kamiya",
        "type": "Opening 1",
        "correctCount": 132,
        "startTime": 25,
        "songDuration": 59.544,
        "songNumber": 71,
        "activePlayerCount": 223,
        "LinkVideo": "https://files.catbox.moe/wdwjfb.webm",
        "LinkMp3": "https://files.catbox.moe/ytpeb9.mp3",
        "annId": 21553
    },
    {
        "animeEng": "Futari wa Pretty Cure Max Heart 2: Yukizora no Tomodachi",
        "animeRomaji": "Futari wa Precure Max Heart 2: Yukizora no Tomodachi",
        "songName": "Crystal",
        "artist": "Mayumi Goj\u014d",
        "type": "Insert Song",
        "correctCount": 10,
        "startTime": 52,
        "songDuration": 109.536,
        "songNumber": 72,
        "activePlayerCount": 223,
        "LinkVideo": "https://files.catbox.moe/u18ul4.webm",
        "LinkMp3": "https://files.catbox.moe/rhhk2v.mp3",
        "annId": 5797
    },
    {
        "animeEng": "One Piece Film Z",
        "animeRomaji": "One Piece Film Z",
        "songName": "How You Remind Me",
        "artist": "AVRIL LAVIGNE",
        "type": "Ending 1",
        "correctCount": 92,
        "startTime": 6,
        "songDuration": 74.064,
        "songNumber": 73,
        "activePlayerCount": 225,
        "LinkVideo": "https://files.catbox.moe/2z02bp.webm",
        "LinkMp3": "https://files.catbox.moe/8wfr5g.mp3",
        "annId": 14258
    },
    {
        "animeEng": "Master of Torque 3",
        "animeRomaji": "Master of Torque 3",
        "songName": "Keep On Riding",
        "artist": "MNEMO",
        "type": "Ending 1",
        "correctCount": 3,
        "startTime": 46,
        "songDuration": 132.1472,
        "songNumber": 74,
        "activePlayerCount": 223,
        "LinkVideo": "https://files.catbox.moe/li2iyl.webm",
        "LinkMp3": "https://files.catbox.moe/uch4fp.mp3",
        "annId": 23252,
        "correctPlayers": [
            "FairyS",
            "KamigishiAkari",
            "Szafa"
        ]
    },
    {
        "animeEng": "Dagashi Kashi",
        "animeRomaji": "Dagashi Kashi",
        "songName": "Hey! Calorie Queen",
        "artist": "Ayana Taketatsu",
        "type": "Ending 1",
        "correctCount": 76,
        "startTime": 15,
        "songDuration": 90.144,
        "songNumber": 75,
        "activePlayerCount": 224,
        "LinkVideo": "https://files.catbox.moe/oc4x7b.webm",
        "LinkMp3": "https://files.catbox.moe/ord7mc.mp3",
        "annId": 17723
    },
    {
        "animeEng": "Dotto Koni-chan",
        "animeRomaji": "Dotto Koni-chan",
        "songName": "Kyaradamon",
        "artist": "Tomoe Shinohara & Ryudo Uzaki",
        "type": "Opening 1",
        "correctCount": 5,
        "startTime": 49,
        "songDuration": 89.991813,
        "songNumber": 76,
        "activePlayerCount": 224,
        "LinkVideo": "https://files.catbox.moe/tx7c3z.webm",
        "LinkMp3": "https://files.catbox.moe/616sts.mp3",
        "annId": 1738,
        "correctPlayers": [
            "Pabloblade",
            "Miki_Hoshii",
            "watashiii",
            "Carnoiter",
            "theyingster"
        ]
    },
    {
        "animeEng": "Bungo Stray Dogs",
        "animeRomaji": "Bungo Stray Dogs",
        "songName": "TRASH CANDY",
        "artist": "GRANRODEO",
        "type": "Opening 1",
        "correctCount": 141,
        "startTime": 42,
        "songDuration": 89.568,
        "songNumber": 77,
        "activePlayerCount": 224,
        "LinkVideo": "https://files.catbox.moe/ya38xy.webm",
        "LinkMp3": "https://files.catbox.moe/m3pxjh.mp3",
        "annId": 17693
    },
    {
        "animeEng": "Strike the Blood Second",
        "animeRomaji": "Strike The Blood II",
        "songName": "Blood on the EDGE",
        "artist": "Kishida Ky\u014ddan &THE Akeboshi Rockets",
        "type": "Opening 1",
        "correctCount": 51,
        "startTime": 32,
        "songDuration": 88.56,
        "songNumber": 78,
        "activePlayerCount": 225,
        "LinkVideo": "https://files.catbox.moe/094796.webm",
        "LinkMp3": "https://files.catbox.moe/btgqsd.mp3",
        "annId": 18696
    },
    {
        "animeEng": "Kaiba",
        "animeRomaji": "Kaiba",
        "songName": "Carry Me Away",
        "artist": "Seira Kagami",
        "type": "Ending 1",
        "correctCount": 19,
        "startTime": 10,
        "songDuration": 84.48,
        "songNumber": 79,
        "activePlayerCount": 224,
        "LinkVideo": "https://files.catbox.moe/mtzsyk.webm",
        "LinkMp3": "https://files.catbox.moe/or9o88.mp3",
        "annId": 9178
    },
    {
        "animeEng": "Baka & Test: Summon the Beasts 2",
        "animeRomaji": "Baka to Test to Sh\u014dkanjuu Ni!",
        "songName": "Baka to Koshitsu to Kodoku Meshi",
        "artist": "milktub",
        "type": "Ending 2",
        "correctCount": 25,
        "startTime": 10,
        "songDuration": 88.824,
        "songNumber": 80,
        "activePlayerCount": 225,
        "LinkVideo": "https://files.catbox.moe/yfc43y.webm",
        "LinkMp3": "https://files.catbox.moe/ffvxf3.mp3",
        "annId": 12431
    },
    {
        "animeEng": "Hunter x Hunter",
        "animeRomaji": "Hunter x Hunter",
        "songName": "Ohay\u014d",
        "artist": "Keno",
        "type": "Opening 1",
        "correctCount": 103,
        "startTime": 16,
        "songDuration": 64.872,
        "songNumber": 81,
        "activePlayerCount": 226,
        "LinkVideo": "https://files.catbox.moe/0ywzpj.webm",
        "LinkMp3": "https://files.catbox.moe/o015cm.mp3",
        "annId": 1134
    },
    {
        "animeEng": "Grisaia: Phantom Trigger the Animation",
        "animeRomaji": "Grisaia: Phantom Trigger the Animation",
        "songName": "Sayonara no Wakusei",
        "artist": "Yoshino Nanj\u014d",
        "type": "Ending 1",
        "correctCount": 28,
        "startTime": 84,
        "songDuration": 220.824,
        "songNumber": 82,
        "activePlayerCount": 224,
        "LinkVideo": "https://files.catbox.moe/f3icje.webm",
        "LinkMp3": "https://files.catbox.moe/rxtnmo.mp3",
        "annId": 21126
    },
    {
        "animeEng": "Servant \u00d7 Service",
        "animeRomaji": "Servant \u00d7 Service",
        "songName": "May I Help You?",
        "artist": "Ai Kayano & Mai Nakahara & Aki Toyosaki",
        "type": "Opening 1",
        "correctCount": 89,
        "startTime": 2,
        "songDuration": 87.264,
        "songNumber": 83,
        "activePlayerCount": 224,
        "LinkVideo": "https://files.catbox.moe/rj6svf.webm",
        "LinkMp3": "https://files.catbox.moe/jwqqim.mp3",
        "annId": 15241
    },
    {
        "animeEng": "Magical Girl Lyrical Nanoha",
        "animeRomaji": "Mah\u014d Sh\u014djo Lyrical Nanoha",
        "songName": "Little Wish ~lyrical step~",
        "artist": "Yukari Tamura",
        "type": "Ending 1",
        "correctCount": 58,
        "startTime": 42,
        "songDuration": 105.48,
        "songNumber": 84,
        "activePlayerCount": 224,
        "LinkVideo": "https://files.catbox.moe/67tt0e.webm",
        "LinkMp3": "https://files.catbox.moe/3bc58j.mp3",
        "annId": 4576
    },
    {
        "animeEng": "This Art Club Has a Problem!",
        "animeRomaji": "Kono Bijutsu-bu ni wa Mondai ga Aru!",
        "songName": "Kokoro\uff0aPalette (MIZUKI ver.)",
        "artist": "Ari Ozawa",
        "type": "Insert Song",
        "correctCount": 22,
        "startTime": 98,
        "songDuration": 156,
        "songNumber": 85,
        "activePlayerCount": 224,
        "LinkVideo": "https://files.catbox.moe/8nkxoz.webm",
        "LinkMp3": "https://files.catbox.moe/1wmq5t.mp3",
        "annId": 18003
    }
]