[
    {
        "animeEng": "Black Lagoon: Roberta's Blood Trail",
        "animeRomaji": "Black Lagoon: Roberta's Blood Trail",
        "songName": "When Johnny Comes Marching Home",
        "artist": "EDISON",
        "type": "Ending 1",
        "correctCount": 20,
        "startTime": 24,
        "songDuration": 60.864,
        "songNumber": 1,
        "activePlayerCount": 149,
        "LinkVideo": "https://files.catbox.moe/biypop.webm",
        "LinkMp3": "https://files.catbox.moe/awcfe1.mp3",
        "annId": 10166
    },
    {
        "animeEng": "Iron Man",
        "animeRomaji": "Iron Man",
        "songName": "Activation",
        "artist": "Tetsuya Takahashi",
        "type": "Opening 1",
        "correctCount": 66,
        "startTime": 23,
        "songDuration": 59.112,
        "songNumber": 2,
        "activePlayerCount": 156,
        "LinkVideo": "https://files.catbox.moe/7ogvbu.webm",
        "LinkMp3": "https://files.catbox.moe/6tmn0i.mp3",
        "annId": 11786
    },
    {
        "animeEng": "Bottom-Tier Character Tomozaki",
        "animeRomaji": "Jaku-Chara Tomozaki-kun",
        "songName": "Ayafuwa Asterisk (for Aoi Hinami)",
        "artist": "Hisako Kanemoto",
        "type": "Ending 5",
        "correctCount": 54,
        "startTime": 20,
        "songDuration": 89.688,
        "songNumber": 3,
        "activePlayerCount": 159,
        "LinkVideo": "https://files.catbox.moe/bujgif.webm",
        "LinkMp3": "https://files.catbox.moe/kouwpp.mp3",
        "annId": 23783
    },
    {
        "animeEng": "Megaton-kyuu Musashi",
        "animeRomaji": "Megaton-kyuu Musashi",
        "songName": "MUSASHI",
        "artist": "Zuma (Niji-iro Zamurai)",
        "type": "Opening 1",
        "correctCount": 9,
        "startTime": 56,
        "songDuration": 88.032,
        "songNumber": 4,
        "activePlayerCount": 159,
        "LinkVideo": "https://files.catbox.moe/5h2q3r.webm",
        "LinkMp3": "https://files.catbox.moe/13p2xp.mp3",
        "annId": 24549
    },
    {
        "animeEng": "Bakuman.",
        "animeRomaji": "Bakuman.",
        "songName": "FAKER TRICK!",
        "artist": "Mai Kotone",
        "type": "Insert Song",
        "correctCount": 7,
        "startTime": 0,
        "songDuration": 22.032,
        "songNumber": 5,
        "activePlayerCount": 160,
        "LinkVideo": "https://files.catbox.moe/0agb5l.webm",
        "LinkMp3": "https://files.catbox.moe/zvbdw6.mp3",
        "annId": 12311
    },
    {
        "animeEng": "Bludgeoning Angel Dokuro-Chan 2",
        "animeRomaji": "Bokusatsu Tenshi Dokuro-chan Second",
        "songName": "Bokusatsu Tenshi Dokuro-chan 2007",
        "artist": "Saeko Chiba",
        "type": "Opening 1",
        "correctCount": 47,
        "startTime": 36,
        "songDuration": 89.376,
        "songNumber": 6,
        "activePlayerCount": 162,
        "LinkVideo": "https://files.catbox.moe/aanoz4.webm",
        "LinkMp3": "https://files.catbox.moe/lcjbts.mp3",
        "annId": 8549
    },
    {
        "animeEng": "GinRei",
        "animeRomaji": "Giant Robo: GinRei Special",
        "songName": "Love Fight",
        "artist": "Sumi Shimamoto",
        "type": "Opening 1",
        "correctCount": 5,
        "startTime": 45,
        "songDuration": 100.968,
        "songNumber": 7,
        "activePlayerCount": 165,
        "LinkVideo": "https://files.catbox.moe/c9sikk.webm",
        "LinkMp3": "https://files.catbox.moe/08m4hy.mp3",
        "annId": 3865,
        "correctPlayers": [
            "YoshiNuber",
            "watashiii",
            "ozsauce",
            "LucieToo",
            "theyingster"
        ]
    },
    {
        "animeEng": "UFO Robo Grendizer",
        "animeRomaji": "UFO Robo Grendizer",
        "songName": "Tobe! Grendizer",
        "artist": "Isao Sasaki, Columbia Yurikago-kai, Koorogi '73",
        "type": "Opening 1",
        "correctCount": 28,
        "startTime": 33,
        "songDuration": 67.68,
        "songNumber": 8,
        "activePlayerCount": 166,
        "LinkVideo": "https://files.catbox.moe/1zixm4.webm",
        "LinkMp3": "https://files.catbox.moe/hsbzz5.mp3",
        "annId": 1198
    },
    {
        "animeEng": "The Ancient Magus' Bride",
        "animeRomaji": "Mahoutsukai no Yome",
        "songName": "The Legend of 'The Ancient Magus Bride'",
        "artist": "Jessica",
        "type": "Ending 3",
        "correctCount": 15,
        "startTime": 50,
        "songDuration": 94.117566,
        "songNumber": 9,
        "activePlayerCount": 166,
        "LinkVideo": "https://files.catbox.moe/sihxuc.webm",
        "LinkMp3": "https://files.catbox.moe/ng110r.mp3",
        "annId": 19762
    },
    {
        "animeEng": "Heavy Metal L-Gaim",
        "animeRomaji": "Juusenki L-Gaim",
        "songName": "Seiippai no Hohoemi o",
        "artist": "Jun Hiroe",
        "type": "Ending 1",
        "correctCount": 1,
        "startTime": 43,
        "songDuration": 114.048,
        "songNumber": 10,
        "activePlayerCount": 166,
        "LinkVideo": "https://files.catbox.moe/afmsqh.webm",
        "LinkMp3": "https://files.catbox.moe/2o1rh5.mp3",
        "annId": 6381,
        "correctPlayers": [
            "Fairy9"
        ]
    },
    {
        "animeEng": "Ajimu: Kaigan Monogatari",
        "animeRomaji": "Ajimu: Kaigan Monogatari",
        "songName": "Futari no Prologue",
        "artist": "Saeko Chiba",
        "type": "Opening 1",
        "correctCount": 9,
        "startTime": 7,
        "songDuration": 107.904,
        "songNumber": 11,
        "activePlayerCount": 166,
        "LinkVideo": "https://files.catbox.moe/he7ofc.webm",
        "LinkMp3": "https://files.catbox.moe/kg7g92.mp3",
        "annId": 903
    },
    {
        "animeEng": "Lupin III: The Castle of Cagliostro",
        "animeRomaji": "Lupin Sansei: Cagliostro no Shiro",
        "songName": "Honoo no Takaramono",
        "artist": "BOBBY",
        "type": "Opening 1",
        "correctCount": 47,
        "startTime": 48,
        "songDuration": 114.6,
        "songNumber": 12,
        "activePlayerCount": 166,
        "LinkVideo": "https://files.catbox.moe/gcgxao.webm",
        "LinkMp3": "https://files.catbox.moe/dkd8ps.mp3",
        "annId": 127
    },
    {
        "animeEng": "Magical Circle Guru-Guru",
        "animeRomaji": "Mahoujin Guruguru",
        "songName": "Ryuusei Dance Floor",
        "artist": "ORESAMA",
        "type": "Opening 2",
        "correctCount": 21,
        "startTime": 14,
        "songDuration": 89.736,
        "songNumber": 13,
        "activePlayerCount": 165,
        "LinkVideo": "https://files.catbox.moe/p0edvh.webm",
        "LinkMp3": "https://files.catbox.moe/n96rpl.mp3",
        "annId": 19008
    },
    {
        "animeEng": "K",
        "animeRomaji": "K",
        "songName": "Ao no Eishi Poetry Reading ver.",
        "artist": "Tomokazu Sugita",
        "type": "Insert Song",
        "correctCount": 27,
        "startTime": 7,
        "songDuration": 59.256,
        "songNumber": 14,
        "activePlayerCount": 164,
        "LinkVideo": "https://files.catbox.moe/uawj9s.webm",
        "LinkMp3": "https://files.catbox.moe/brjwlj.mp3",
        "annId": 14732
    },
    {
        "animeEng": "DC Super Heroes vs. Taka no Tsume-dan",
        "animeRomaji": "DC Super Heroes vs. Taka no Tsume-dan",
        "songName": "supernova",
        "artist": "RhymeTube\u00d7Odori Foot Works",
        "type": "Opening 1",
        "correctCount": 15,
        "startTime": 6,
        "songDuration": 35.232,
        "songNumber": 15,
        "activePlayerCount": 165,
        "LinkVideo": "https://files.catbox.moe/kua2gv.webm",
        "LinkMp3": "https://files.catbox.moe/i0y82p.mp3",
        "annId": 19832
    },
    {
        "animeEng": "Aikatsu!",
        "animeRomaji": "Aikatsu!",
        "songName": "Moonlight destiny",
        "artist": "Risuko\u30fbWaka from STAR\u2606ANIS",
        "type": "Insert Song",
        "correctCount": 14,
        "startTime": 24,
        "songDuration": 115.752,
        "songNumber": 16,
        "activePlayerCount": 166,
        "LinkVideo": "https://files.catbox.moe/gj96m2.webm",
        "LinkMp3": "https://files.catbox.moe/x6fd87.mp3",
        "annId": 14566
    },
    {
        "animeEng": "El Cazador de la Bruja",
        "animeRomaji": "El Cazador de la Bruja",
        "songName": "romanesque",
        "artist": "FictionJunction YUUKA",
        "type": "Ending 1",
        "correctCount": 13,
        "startTime": 44,
        "songDuration": 88.528,
        "songNumber": 17,
        "activePlayerCount": 166,
        "LinkVideo": "https://files.catbox.moe/ekku2u.webm",
        "annId": 7509
    },
    {
        "animeEng": "Horus: Prince of the Sun",
        "animeRomaji": "Taiyou no Ouji Horus no Daibouken",
        "songName": "Kodomo no Uta",
        "artist": "Choufu Shounen Shoujo Gasshou-tai",
        "type": "Insert Song",
        "correctCount": 6,
        "startTime": 10,
        "songDuration": 73.416,
        "songNumber": 18,
        "activePlayerCount": 166,
        "LinkVideo": "https://files.catbox.moe/bcviv8.webm",
        "LinkMp3": "https://files.catbox.moe/iveogq.mp3",
        "annId": 894
    },
    {
        "animeEng": "UraShimaSakataSen no Nichijou",
        "animeRomaji": "UraShimaSakataSen no Nichijou",
        "songName": "Calender Reminder",
        "artist": "UraShimaSakataSen",
        "type": "Opening 1",
        "correctCount": 35,
        "startTime": 30,
        "songDuration": 58.368,
        "songNumber": 19,
        "activePlayerCount": 167,
        "LinkVideo": "https://files.catbox.moe/e0nk4h.webm",
        "LinkMp3": "https://files.catbox.moe/a5huy4.mp3",
        "annId": 22386
    },
    {
        "animeEng": "Ergo Proxy",
        "animeRomaji": "Ergo Proxy",
        "songName": "kiri",
        "artist": "MONORAL",
        "type": "Opening 1",
        "correctCount": 81,
        "startTime": 23,
        "songDuration": 104.592,
        "songNumber": 20,
        "activePlayerCount": 166,
        "LinkVideo": "https://files.catbox.moe/381pvs.webm",
        "LinkMp3": "https://files.catbox.moe/tg3wsc.mp3",
        "annId": 5115
    },
    {
        "animeEng": "Eiga Precure Dream Stars!",
        "animeRomaji": "Eiga Precure Dream Stars!",
        "songName": "Precure Princess Engage!",
        "artist": "Yuka Uchiyae",
        "type": "Insert Song",
        "correctCount": 21,
        "startTime": 19,
        "songDuration": 72.528,
        "songNumber": 21,
        "activePlayerCount": 166,
        "LinkVideo": "https://files.catbox.moe/utk9b9.webm",
        "LinkMp3": "https://files.catbox.moe/3p8s60.mp3",
        "annId": 19257
    },
    {
        "animeEng": "One Piece Special: Open Upon the Great Sea! A Father's Huge, HUGE Dream!",
        "animeRomaji": "One Piece: Oounabara ni Hirake! Dekkai Dekkai Chichi no Yume!",
        "songName": "Hikari e",
        "artist": "The Babystars",
        "type": "Opening 1",
        "correctCount": 59,
        "startTime": 63,
        "songDuration": 107.88,
        "songNumber": 22,
        "activePlayerCount": 164,
        "LinkVideo": "https://files.catbox.moe/rig9qn.webm",
        "LinkMp3": "https://files.catbox.moe/efhgjv.mp3",
        "annId": 6348
    },
    {
        "animeEng": "That is the Bottleneck",
        "animeRomaji": "That is the Bottleneck",
        "songName": "Sore dake ga Neck",
        "artist": "Uchikubi Gokumon Doukoukai",
        "type": "Ending 1",
        "correctCount": 65,
        "startTime": 0,
        "songDuration": 29.184,
        "songNumber": 23,
        "activePlayerCount": 166,
        "LinkVideo": "https://files.catbox.moe/93cgpv.webm",
        "LinkMp3": "https://files.catbox.moe/uci32q.mp3",
        "annId": 23699
    },
    {
        "animeEng": "Case Closed: Captured in Her Eyes",
        "animeRomaji": "Meitantei Conan: Hitomi no Naka no Ansatsusha",
        "songName": "Anata ga Iru kara",
        "artist": "Miho Komatsu",
        "type": "Ending 1",
        "correctCount": 5,
        "startTime": 2,
        "songDuration": 164.184,
        "songNumber": 24,
        "activePlayerCount": 166,
        "LinkVideo": "https://files.catbox.moe/ja76dr.webm",
        "LinkMp3": "https://files.catbox.moe/r3kam4.mp3",
        "annId": 2682,
        "correctPlayers": [
            "Mami",
            "revel_",
            "Locogo223",
            "theyingster",
            "angelofeternity"
        ]
    },
    {
        "animeEng": "Hunter x Hunter: The Last Mission",
        "animeRomaji": "Hunter x Hunter: The Last Mission",
        "songName": "Hyouri Ittai",
        "artist": "Yuzu",
        "type": "Ending 1",
        "correctCount": 112,
        "startTime": 79,
        "songDuration": 334.56,
        "songNumber": 25,
        "activePlayerCount": 166,
        "LinkVideo": "https://files.catbox.moe/3dco6f.webm",
        "LinkMp3": "https://files.catbox.moe/zoo53v.mp3",
        "annId": 15112
    },
    {
        "animeEng": "Scum's Wish",
        "animeRomaji": "Kuzu no Honkai",
        "songName": "Seishun Kyosokyoku",
        "artist": "Chika Anzai & Nobunaga Shimazaki",
        "type": "Insert Song",
        "correctCount": 82,
        "startTime": 0,
        "songDuration": 23.904,
        "songNumber": 26,
        "activePlayerCount": 167,
        "LinkVideo": "https://files.catbox.moe/106ngg.webm",
        "LinkMp3": "https://files.catbox.moe/5vd25t.mp3",
        "annId": 18806
    },
    {
        "animeEng": "ef: a tale of memories.",
        "animeRomaji": "ef: a tale of memories.",
        "songName": "euphoric field (Japanese ver.)",
        "artist": "ELISA",
        "type": "Opening 3",
        "correctCount": 80,
        "startTime": 52,
        "songDuration": 87.456,
        "songNumber": 27,
        "activePlayerCount": 164,
        "LinkVideo": "https://files.catbox.moe/7x0qu5.webm",
        "LinkMp3": "https://files.catbox.moe/bzqluf.mp3",
        "annId": 8192
    },
    {
        "animeEng": "Mobile Suit Gundam 0080: War in the Pocket",
        "animeRomaji": "Kidou Senshi Gundam 0080: Pocket no Naka no Sensou",
        "songName": "Tooi Kioku",
        "artist": "Megumi Shiina",
        "type": "Ending 1",
        "correctCount": 11,
        "startTime": 24,
        "songDuration": 114.96,
        "songNumber": 28,
        "activePlayerCount": 166,
        "LinkVideo": "https://files.catbox.moe/z6qbu0.webm",
        "LinkMp3": "https://files.catbox.moe/yyc9ao.mp3",
        "annId": 22
    },
    {
        "animeEng": "Porco Rosso",
        "animeRomaji": "Kurenai no Buta",
        "songName": "Le temps des Cerises",
        "artist": "Tokiko Kato",
        "type": "Insert Song",
        "correctCount": 73,
        "startTime": 18,
        "songDuration": 167.088,
        "songNumber": 29,
        "activePlayerCount": 166,
        "LinkVideo": "https://files.catbox.moe/bsayo9.webm",
        "LinkMp3": "https://files.catbox.moe/q36rig.mp3",
        "annId": 855
    },
    {
        "animeEng": "Otherside Picnic",
        "animeRomaji": "Urasekai Picnic",
        "songName": "You & Me",
        "artist": "satomiki",
        "type": "Ending 1",
        "correctCount": 35,
        "startTime": 19,
        "songDuration": 90.264,
        "songNumber": 30,
        "activePlayerCount": 166,
        "LinkVideo": "https://files.catbox.moe/s3oaiq.webm",
        "LinkMp3": "https://files.catbox.moe/w0sbtt.mp3",
        "annId": 23073
    },
    {
        "animeEng": "Gall Force: The Revolution",
        "animeRomaji": "Gall Force: The Revolution",
        "songName": "Naitemo Iiyo",
        "artist": "Fumie Kusachi",
        "type": "Ending 1",
        "correctCount": 1,
        "startTime": 45,
        "songDuration": 128.064,
        "songNumber": 31,
        "activePlayerCount": 164,
        "LinkVideo": "https://files.catbox.moe/qj3p7v.webm",
        "LinkMp3": "https://files.catbox.moe/bewhd3.mp3",
        "annId": 2146,
        "correctPlayers": [
            "Zurer"
        ]
    },
    {
        "animeEng": "Karneval",
        "animeRomaji": "Karneval",
        "songName": "Henai no Rondo",
        "artist": "GRANRODEO",
        "type": "Opening 1",
        "correctCount": 23,
        "startTime": 57,
        "songDuration": 86.4,
        "songNumber": 32,
        "activePlayerCount": 166,
        "LinkVideo": "https://files.catbox.moe/0xu5pt.webm",
        "LinkMp3": "https://files.catbox.moe/u5hzde.mp3",
        "annId": 14855
    },
    {
        "animeEng": "Nyan Koi!",
        "animeRomaji": "Nyan Koi!",
        "songName": "Neko Neko Ondo",
        "artist": "Asami Imai, Yui Sakakibara, Yukari Fukui",
        "type": "Insert Song",
        "correctCount": 74,
        "startTime": 0,
        "songDuration": 26.928,
        "songNumber": 33,
        "activePlayerCount": 167,
        "LinkVideo": "https://files.catbox.moe/2x9g76.webm",
        "LinkMp3": "https://files.catbox.moe/18zdhg.mp3",
        "annId": 10686
    },
    {
        "animeEng": "Ani ni Tsukeru Kusuri wa Nai! 4",
        "animeRomaji": "Ani ni Tsukeru Kusuri wa Nai! 4",
        "songName": "Come on youth",
        "artist": "Yue Wang & Hesen Mori",
        "type": "Opening 1",
        "correctCount": 87,
        "startTime": 0,
        "songDuration": 27.048,
        "songNumber": 34,
        "activePlayerCount": 167,
        "LinkVideo": "https://files.catbox.moe/gc5b5b.webm",
        "LinkMp3": "https://files.catbox.moe/kq43na.mp3",
        "annId": 23709
    },
    {
        "animeEng": "Fate/Apocrypha",
        "animeRomaji": "Fate/Apocrypha",
        "songName": "Eiyuu Unmei no Uta",
        "artist": "EGOIST",
        "type": "Opening 1",
        "correctCount": 81,
        "startTime": 12,
        "songDuration": 95.16,
        "songNumber": 35,
        "activePlayerCount": 167,
        "LinkVideo": "https://files.catbox.moe/ty6ngc.webm",
        "LinkMp3": "https://files.catbox.moe/nifguc.mp3",
        "annId": 18983
    },
    {
        "animeEng": "Magica Wars",
        "animeRomaji": "Mahou Shoujo Taisen",
        "songName": "All Over",
        "artist": "livetune adding Anna Yano",
        "type": "Opening 1",
        "correctCount": 25,
        "startTime": 15,
        "songDuration": 45.087325,
        "songNumber": 36,
        "activePlayerCount": 168,
        "LinkVideo": "https://files.catbox.moe/w7ezbr.webm",
        "LinkMp3": "https://files.catbox.moe/5z6p0i.mp3",
        "annId": 15800
    },
    {
        "animeEng": "New Hurricane Polymar",
        "animeRomaji": "Shin Hurricane Polymar",
        "songName": "Shin Hurricane Polymar",
        "artist": "Mari Sugiyama",
        "type": "Opening 1",
        "correctCount": 2,
        "startTime": 27,
        "songDuration": 88.464,
        "songNumber": 37,
        "activePlayerCount": 166,
        "LinkVideo": "https://files.catbox.moe/pegg28.webm",
        "LinkMp3": "https://files.catbox.moe/6s87jf.mp3",
        "annId": 679,
        "correctPlayers": [
            "ozsauce",
            "theyingster"
        ]
    },
    {
        "animeEng": "Wake Up, Girls! New Chapter",
        "animeRomaji": "Wake Up, Girls! Shin Shou",
        "songName": "Glossy World",
        "artist": "Suzuko Mimori",
        "type": "Insert Song",
        "correctCount": 3,
        "startTime": 0,
        "songDuration": 22.488,
        "songNumber": 38,
        "activePlayerCount": 165,
        "LinkVideo": "https://files.catbox.moe/ymeqfu.webm",
        "LinkMp3": "https://files.catbox.moe/j9vqsz.mp3",
        "annId": 19921,
        "correctPlayers": [
            "DarkyNep",
            "kneesoxluver",
            "SakurabaRola"
        ]
    },
    {
        "animeEng": "Gravitation",
        "animeRomaji": "Gravitation",
        "songName": "Super Drive",
        "artist": "Yousuke Sakanoue",
        "type": "Opening 1",
        "correctCount": 23,
        "startTime": 41,
        "songDuration": 86.712,
        "songNumber": 39,
        "activePlayerCount": 166,
        "LinkVideo": "https://files.catbox.moe/vwye35.webm",
        "LinkMp3": "https://files.catbox.moe/dqpp9r.mp3",
        "annId": 624
    },
    {
        "animeEng": "Kamichama Karin",
        "animeRomaji": "Kamichama Karin",
        "songName": "DESIRE SHOW",
        "artist": "Tatsuhisa Suzuki",
        "type": "Insert Song",
        "correctCount": 4,
        "startTime": 3,
        "songDuration": 79.584,
        "songNumber": 40,
        "activePlayerCount": 166,
        "LinkVideo": "https://files.catbox.moe/j0din7.webm",
        "LinkMp3": "https://files.catbox.moe/r5kjmi.mp3",
        "annId": 7461,
        "correctPlayers": [
            "watashiii",
            "AnimeroD",
            "NijinoYume721",
            "Sniparook"
        ]
    },
    {
        "animeEng": "Utawarerumono: The False Faces",
        "animeRomaji": "Utawarerumono: Itsuwari no Kamen",
        "songName": "Nuedori",
        "artist": "Suara",
        "type": "Insert Song",
        "correctCount": 12,
        "startTime": 0,
        "songDuration": 93.048,
        "songNumber": 41,
        "activePlayerCount": 167,
        "LinkVideo": "https://files.catbox.moe/k5qy4k.webm",
        "LinkMp3": "https://files.catbox.moe/38cen2.mp3",
        "annId": 17186
    },
    {
        "animeEng": "Hikaru's Go",
        "animeRomaji": "Hikaru no Go",
        "songName": "Get Over",
        "artist": "dream",
        "type": "Opening 1",
        "correctCount": 51,
        "startTime": 18,
        "songDuration": 87.122375,
        "songNumber": 42,
        "activePlayerCount": 167,
        "LinkVideo": "https://files.catbox.moe/17aze2.webm",
        "LinkMp3": "https://files.catbox.moe/ii3ypc.mp3",
        "annId": 912
    },
    {
        "animeEng": "Seraph of the End: Vampire Reign",
        "animeRomaji": "Owari no Seraph",
        "songName": "X.U.",
        "artist": "SawanoHiroyuki[nZk]:Gemie",
        "type": "Opening 1",
        "correctCount": 96,
        "startTime": 32,
        "songDuration": 86.064,
        "songNumber": 43,
        "activePlayerCount": 168,
        "LinkVideo": "https://files.catbox.moe/p1wbgj.webm",
        "LinkMp3": "https://files.catbox.moe/6dn35v.mp3",
        "annId": 16357
    },
    {
        "animeEng": "Nine 2: Koibito Sengen",
        "animeRomaji": "Nine 2: Koibito Sengen",
        "songName": "Manatsu no Runner",
        "artist": "Mariko Kurata",
        "type": "Ending 1",
        "correctCount": 25,
        "startTime": 64,
        "songDuration": 128.688,
        "songNumber": 44,
        "activePlayerCount": 169,
        "LinkVideo": "https://files.catbox.moe/mbjsux.webm",
        "LinkMp3": "https://files.catbox.moe/mim6kn.mp3",
        "annId": 8961
    },
    {
        "animeEng": "Eureka Seven",
        "animeRomaji": "Koukyoushihen Eureka Seven",
        "songName": "Tip Taps Tip",
        "artist": "HALCALI",
        "type": "Ending 3",
        "correctCount": 30,
        "startTime": 30,
        "songDuration": 90.144,
        "songNumber": 45,
        "activePlayerCount": 169,
        "LinkVideo": "https://files.catbox.moe/g31ozw.webm",
        "LinkMp3": "https://files.catbox.moe/iaxiv9.mp3",
        "annId": 4797
    },
    {
        "animeEng": "Saiyuki Reload Blast",
        "animeRomaji": "Saiyuki Reload Blast",
        "songName": "move on! Ibara Michi",
        "artist": "GRANRODEO",
        "type": "Opening 1",
        "correctCount": 10,
        "startTime": 55,
        "songDuration": 89.088,
        "songNumber": 46,
        "activePlayerCount": 169,
        "LinkVideo": "https://files.catbox.moe/tadafm.webm",
        "LinkMp3": "https://files.catbox.moe/tm2af1.mp3",
        "annId": 18999
    },
    {
        "animeEng": "Chibi Maruko-chan",
        "animeRomaji": "Chibi Maruko-chan",
        "songName": "Odoru Ponpokorin",
        "artist": "B.B.Queens",
        "type": "Ending 1",
        "correctCount": 55,
        "startTime": 13,
        "songDuration": 83.976,
        "songNumber": 47,
        "activePlayerCount": 169,
        "LinkVideo": "https://files.catbox.moe/ek2utu.webm",
        "LinkMp3": "https://files.catbox.moe/djg1bm.mp3",
        "annId": 479
    },
    {
        "animeEng": "Inazuma Eleven: Choujigen Dream Match",
        "animeRomaji": "Inazuma Eleven: Choujigen Dream Match",
        "songName": "Tachiagariyo",
        "artist": "T-Pistonz",
        "type": "Opening 1",
        "correctCount": 84,
        "startTime": 26,
        "songDuration": 87.691554,
        "songNumber": 48,
        "activePlayerCount": 168,
        "LinkVideo": "https://files.catbox.moe/2x0fii.webm",
        "LinkMp3": "https://files.catbox.moe/w7k7l9.mp3",
        "annId": 17234
    },
    {
        "animeEng": "The Slayers Next",
        "animeRomaji": "The Slayers Next",
        "songName": "Otome no Inori",
        "artist": "Masami Suzuki & Megumi Hayashibara",
        "type": "Insert Song",
        "correctCount": 7,
        "startTime": 23,
        "songDuration": 59.208,
        "songNumber": 49,
        "activePlayerCount": 169,
        "LinkVideo": "https://files.catbox.moe/d9wp26.webm",
        "LinkMp3": "https://files.catbox.moe/55oujq.mp3",
        "annId": 220
    },
    {
        "animeEng": "Har\u00e9+Guu FINAL",
        "animeRomaji": "Jungle wa Itsumo Hare Nochi Guu Final",
        "songName": "Teruteru Bouzu",
        "artist": "Rikako Aikawa",
        "type": "Ending 1",
        "correctCount": 4,
        "startTime": 11,
        "songDuration": 65.952,
        "songNumber": 50,
        "activePlayerCount": 170,
        "LinkVideo": "https://files.catbox.moe/eva7fq.webm",
        "LinkMp3": "https://files.catbox.moe/dggvys.mp3",
        "annId": 3435,
        "correctPlayers": [
            "AkarinIchi",
            "asleep",
            "Perseus",
            "Sniparook"
        ]
    },
    {
        "animeEng": "One-Punch Man: Road to Hero",
        "animeRomaji": "One-Punch Man: Road to Hero",
        "songName": "Hoshi yori Saki ni Mitsukete Ageru",
        "artist": "Hiroko Moriguchi",
        "type": "Ending 1",
        "correctCount": 115,
        "startTime": 22,
        "songDuration": 87.552,
        "songNumber": 51,
        "activePlayerCount": 170,
        "LinkVideo": "https://files.catbox.moe/36ew18.webm",
        "LinkMp3": "https://files.catbox.moe/3sv0wd.mp3",
        "annId": 17989
    },
    {
        "animeEng": "Kuma Kuma Kuma Bear",
        "animeRomaji": "Kuma Kuma Kuma Bear",
        "songName": "Ano ne.",
        "artist": "Maki Kawase",
        "type": "Ending 1",
        "correctCount": 42,
        "startTime": 37,
        "songDuration": 89.064,
        "songNumber": 52,
        "activePlayerCount": 171,
        "LinkVideo": "https://files.catbox.moe/c52dav.webm",
        "LinkMp3": "https://files.catbox.moe/o6kbpo.mp3",
        "annId": 23127
    },
    {
        "animeEng": "Juni Taisen: Zodiac War",
        "animeRomaji": "Juuni Taisen",
        "songName": "Keshin no Juu",
        "artist": "Do As Infinity",
        "type": "Ending 1",
        "correctCount": 56,
        "startTime": 43,
        "songDuration": 88.992,
        "songNumber": 53,
        "activePlayerCount": 171,
        "LinkVideo": "https://files.catbox.moe/ooe2pb.webm",
        "LinkMp3": "https://files.catbox.moe/qwzdpm.mp3",
        "annId": 19335
    },
    {
        "animeEng": "Rokuhoudou Yotsuiro Biyori",
        "animeRomaji": "Rokuhoudou Yotsuiro Biyori",
        "songName": "Clover",
        "artist": "Coffee Creamers",
        "type": "Ending 1",
        "correctCount": 5,
        "startTime": 47,
        "songDuration": 88.68,
        "songNumber": 54,
        "activePlayerCount": 171,
        "LinkVideo": "https://files.catbox.moe/qhshhl.webm",
        "LinkMp3": "https://files.catbox.moe/akgtb4.mp3",
        "annId": 20408,
        "correctPlayers": [
            "traib",
            "Locogo223",
            "ozsauce",
            "kneesoxluver",
            "tingy"
        ]
    },
    {
        "animeEng": "Birdy the Mighty Decode: The Cipher",
        "animeRomaji": "Tetsuwan Birdy Decode: The Cipher",
        "songName": "Bye Bye",
        "artist": "Saeko Chiba",
        "type": "Ending 1",
        "correctCount": 2,
        "startTime": 7,
        "songDuration": 114.408,
        "songNumber": 55,
        "activePlayerCount": 171,
        "LinkVideo": "https://files.catbox.moe/c0s7db.webm",
        "LinkMp3": "https://files.catbox.moe/pey9gd.mp3",
        "annId": 13266,
        "correctPlayers": [
            "watashiii",
            "shadowpandax"
        ]
    },
    {
        "animeEng": "Digimon Frontier: Island of Lost Digimon",
        "animeRomaji": "Digimon Frontier: Kodai Digimon Fukkatsu!",
        "songName": "FIRE!!",
        "artist": "Kouji Wada",
        "type": "Ending 1",
        "correctCount": 69,
        "startTime": 26,
        "songDuration": 89.112,
        "songNumber": 56,
        "activePlayerCount": 171,
        "LinkVideo": "https://files.catbox.moe/6ws8ec.webm",
        "LinkMp3": "https://files.catbox.moe/rrzjfv.mp3",
        "annId": 1684
    },
    {
        "animeEng": "Nobunagun",
        "animeRomaji": "Nobunagun",
        "songName": "Respect for the dead man",
        "artist": "Pay money To my Pain",
        "type": "Opening 1",
        "correctCount": 36,
        "startTime": 3,
        "songDuration": 88.272,
        "songNumber": 57,
        "activePlayerCount": 171,
        "LinkVideo": "https://files.catbox.moe/aq4cht.webm",
        "LinkMp3": "https://files.catbox.moe/2p79qg.mp3",
        "annId": 15678
    },
    {
        "animeEng": "Dies irae",
        "animeRomaji": "Dies irae",
        "songName": "Chi no Refrain",
        "artist": "Yui Sakakibara",
        "type": "Insert Song",
        "correctCount": 37,
        "startTime": 4,
        "songDuration": 34.056,
        "songNumber": 58,
        "activePlayerCount": 171,
        "LinkVideo": "https://files.catbox.moe/a1sta8.webm",
        "LinkMp3": "https://files.catbox.moe/z9aqi6.mp3",
        "annId": 19395
    },
    {
        "animeEng": "Battle Spirits: Saga Brave",
        "animeRomaji": "Battle Spirits: Saga Brave",
        "songName": "Returner ~Fukkatsu no Legend~",
        "artist": "JAM Project",
        "type": "Ending 1",
        "correctCount": 6,
        "startTime": 55,
        "songDuration": 89.136,
        "songNumber": 59,
        "activePlayerCount": 172,
        "LinkVideo": "https://files.catbox.moe/2ecf6j.webm",
        "LinkMp3": "https://files.catbox.moe/bflndb.mp3",
        "annId": 22252
    },
    {
        "animeEng": "Gou-chan: Moco to Koori no Ue no Yakusoku",
        "animeRomaji": "Gou-chan: Moco to Koori no Ue no Yakusoku",
        "songName": "Tomodachi Dakara ka na",
        "artist": "Koresawa",
        "type": "Ending 1",
        "correctCount": 6,
        "startTime": 106,
        "songDuration": 138.72,
        "songNumber": 60,
        "activePlayerCount": 172,
        "LinkVideo": "https://files.catbox.moe/d0evrr.webm",
        "LinkMp3": "https://files.catbox.moe/3kc7iu.mp3",
        "annId": 20637
    },
    {
        "animeEng": "Alice in Deadly School",
        "animeRomaji": "Alice in Deadly School",
        "songName": "Kizuna",
        "artist": "Chihara Mochida",
        "type": "Insert Song",
        "correctCount": 21,
        "startTime": 3,
        "songDuration": 60.192,
        "songNumber": 61,
        "activePlayerCount": 172,
        "LinkVideo": "https://files.catbox.moe/s11yvl.webm",
        "LinkMp3": "https://files.catbox.moe/1fkc65.mp3",
        "annId": 23802
    },
    {
        "animeEng": "Mobile Suit Gundam Seed Special Edition",
        "animeRomaji": "Kidou Senshi Gundam Seed Special Edition",
        "songName": "Shizuka na Yoru ni",
        "artist": "Rie Tanaka",
        "type": "Insert Song",
        "correctCount": 12,
        "startTime": 77,
        "songDuration": 112.368,
        "songNumber": 62,
        "activePlayerCount": 173,
        "LinkVideo": "https://files.catbox.moe/im5bck.webm",
        "LinkMp3": "https://files.catbox.moe/zz6ogn.mp3",
        "annId": 3565
    },
    {
        "animeEng": "One Piece Special: Open Upon the Great Sea! A Father's Huge, HUGE Dream!",
        "animeRomaji": "One Piece: Oounabara ni Hirake! Dekkai Dekkai Chichi no Yume!",
        "songName": "Family",
        "artist": "Mugiwara Kaizoku-dan",
        "type": "Ending 1",
        "correctCount": 16,
        "startTime": 32,
        "songDuration": 89.928,
        "songNumber": 63,
        "activePlayerCount": 173,
        "LinkVideo": "https://files.catbox.moe/ddfwox.webm",
        "LinkMp3": "https://files.catbox.moe/e5ffsy.mp3",
        "annId": 6348
    },
    {
        "animeEng": "Akagi",
        "animeRomaji": "Touhai Densetsu Akagi: Yami ni Maiorita Tensai",
        "songName": "S.T.S.",
        "artist": "Animals",
        "type": "Ending 2",
        "correctCount": 16,
        "startTime": 5,
        "songDuration": 58.92,
        "songNumber": 64,
        "activePlayerCount": 172,
        "LinkVideo": "https://files.catbox.moe/5nnlkv.webm",
        "LinkMp3": "https://files.catbox.moe/6c91p6.mp3",
        "annId": 6294
    },
    {
        "animeEng": "That Time I Got Reincarnated as a Slime",
        "animeRomaji": "Tensei Shitara Slime Datta Ken",
        "songName": "Little Soldier",
        "artist": "Azusa Tadokoro",
        "type": "Ending 2",
        "correctCount": 62,
        "startTime": 26,
        "songDuration": 89.568,
        "songNumber": 65,
        "activePlayerCount": 172,
        "LinkVideo": "https://files.catbox.moe/mjfng4.webm",
        "LinkMp3": "https://files.catbox.moe/41210c.mp3",
        "annId": 20736
    },
    {
        "animeEng": "Lord Marksman and Vanadis",
        "animeRomaji": "Madan no Ou to Vanadis",
        "songName": "Ginsen no Kaze",
        "artist": "Konomi Suzuki",
        "type": "Opening 1",
        "correctCount": 52,
        "startTime": 52,
        "songDuration": 89.232,
        "songNumber": 66,
        "activePlayerCount": 171,
        "LinkVideo": "https://files.catbox.moe/5vn0yz.webm",
        "LinkMp3": "https://files.catbox.moe/d1clkd.mp3",
        "annId": 16170
    },
    {
        "animeEng": "Digimon Adventure",
        "animeRomaji": "Digimon Adventure",
        "songName": "Yuuki wo Tsubasa ni Shite",
        "artist": "Toshiko Fujita",
        "type": "Insert Song",
        "correctCount": 10,
        "startTime": 9,
        "songDuration": 71.904,
        "songNumber": 67,
        "activePlayerCount": 170,
        "LinkVideo": "https://files.catbox.moe/zv0v7z.webm",
        "LinkMp3": "https://files.catbox.moe/yly0x5.mp3",
        "annId": 794
    },
    {
        "animeEng": "Tamayura: More Aggressive",
        "animeRomaji": "Tamayura: More Aggressive",
        "songName": "Naisho no Hanashi",
        "artist": "Megumi Nakajima",
        "type": "Insert Song",
        "correctCount": 35,
        "startTime": 33,
        "songDuration": 89.064,
        "songNumber": 68,
        "activePlayerCount": 172,
        "LinkVideo": "https://files.catbox.moe/fluml6.webm",
        "LinkMp3": "https://files.catbox.moe/gpw0n2.mp3",
        "annId": 15126
    },
    {
        "animeEng": "Those Snow White Notes",
        "animeRomaji": "Mashiro no Oto",
        "songName": "BLIZZARD",
        "artist": "BURNOUT SYNDROMES",
        "type": "Opening 1",
        "correctCount": 74,
        "startTime": 43,
        "songDuration": 88.776,
        "songNumber": 69,
        "activePlayerCount": 172,
        "LinkVideo": "https://files.catbox.moe/lcluit.webm",
        "LinkMp3": "https://files.catbox.moe/0fvt70.mp3",
        "annId": 23554
    },
    {
        "animeEng": "Asura Cryin' 2",
        "animeRomaji": "Asura Cryin' 2",
        "songName": "Alternative",
        "artist": "angela",
        "type": "Opening 1",
        "correctCount": 20,
        "startTime": 53,
        "songDuration": 88.92,
        "songNumber": 70,
        "activePlayerCount": 173,
        "LinkVideo": "https://files.catbox.moe/13zia2.webm",
        "LinkMp3": "https://files.catbox.moe/wtalt7.mp3",
        "annId": 10932
    },
    {
        "animeEng": "Gigantor",
        "animeRomaji": "Tetsujin 28-go",
        "songName": "Tetsujin 28-go",
        "artist": "Roppongi Gasshou-dan",
        "type": "Opening 1",
        "correctCount": 45,
        "startTime": 61,
        "songDuration": 89.650704,
        "songNumber": 71,
        "activePlayerCount": 174,
        "LinkVideo": "https://files.catbox.moe/nwpwq5.webm",
        "LinkMp3": "https://files.catbox.moe/0nk87d.mp3",
        "annId": 3743
    },
    {
        "animeEng": "Attack on Titan Season 3",
        "animeRomaji": "Shingeki no Kyojin Season 3",
        "songName": "Akatsuki no Requiem",
        "artist": "Linked Horizon",
        "type": "Ending 1",
        "correctCount": 110,
        "startTime": 41,
        "songDuration": 87.552,
        "songNumber": 72,
        "activePlayerCount": 172,
        "LinkVideo": "https://files.catbox.moe/bzdtuk.webm",
        "LinkMp3": "https://files.catbox.moe/a2sbl7.mp3",
        "annId": 19819
    },
    {
        "animeEng": "Girlish Number",
        "animeRomaji": "gi(a)rlish number",
        "songName": "SSS",
        "artist": "Amina Satou",
        "type": "Insert Song",
        "correctCount": 26,
        "startTime": 0,
        "songDuration": 21.744,
        "songNumber": 73,
        "activePlayerCount": 171,
        "LinkVideo": "https://files.catbox.moe/zmyrir.webm",
        "LinkMp3": "https://files.catbox.moe/8elm9p.mp3",
        "annId": 18676
    },
    {
        "animeEng": "Shirobako",
        "animeRomaji": "Shirobako",
        "songName": "Alice in Blue",
        "artist": "Rita",
        "type": "Opening 2",
        "correctCount": 15,
        "startTime": 9,
        "songDuration": 89.592,
        "songNumber": 74,
        "activePlayerCount": 168,
        "LinkVideo": "https://files.catbox.moe/rjzutd.webm",
        "LinkMp3": "https://files.catbox.moe/dg6frk.mp3",
        "annId": 23402
    },
    {
        "animeEng": "End of the World",
        "animeRomaji": "End of the World",
        "songName": "Saloone",
        "artist": "Lolita No.18",
        "type": "Opening 1",
        "correctCount": 37,
        "startTime": 8,
        "songDuration": 48.696,
        "songNumber": 75,
        "activePlayerCount": 169,
        "LinkVideo": "https://files.catbox.moe/6sjrm0.webm",
        "LinkMp3": "https://files.catbox.moe/0otk73.mp3",
        "annId": 5064
    },
    {
        "animeEng": "Senki Zesshou Symphogear G",
        "animeRomaji": "Senki Zesshou Symphogear G",
        "songName": "Edge Works of Goddess ZABABA",
        "artist": "Yoshino Nanjou & Ai Kayano",
        "type": "Insert Song",
        "correctCount": 19,
        "startTime": 20,
        "songDuration": 88.475214,
        "songNumber": 76,
        "activePlayerCount": 169,
        "LinkVideo": "https://files.catbox.moe/a90eci.webm",
        "LinkMp3": "https://files.catbox.moe/ek0cfh.mp3",
        "annId": 15228
    },
    {
        "animeEng": "ClassicaLoid",
        "animeRomaji": "ClassicaLoid",
        "songName": "ClassicaLoid ~ClassicaLoid no Theme~",
        "artist": "Tomoyasu Hotei & Steve Lipson",
        "type": "Opening 1",
        "correctCount": 69,
        "startTime": 0,
        "songDuration": 88.104,
        "songNumber": 77,
        "activePlayerCount": 169,
        "LinkVideo": "https://files.catbox.moe/zyj0b7.webm",
        "LinkMp3": "https://files.catbox.moe/6q1i3z.mp3",
        "annId": 19801
    },
    {
        "animeEng": "Fairy Tail x Rave",
        "animeRomaji": "Fairy Tail x Rave",
        "songName": "Butterfly Kiss",
        "artist": "Chihiro Yonekura",
        "type": "Insert Song",
        "correctCount": 11,
        "startTime": 48,
        "songDuration": 98.232,
        "songNumber": 78,
        "activePlayerCount": 169,
        "LinkVideo": "https://files.catbox.moe/122def.webm",
        "LinkMp3": "https://files.catbox.moe/xfk1ja.mp3",
        "annId": 15504
    },
    {
        "animeEng": "Ninjala",
        "animeRomaji": "Ninjala",
        "songName": "Ninja Re Bang Bang Steve Aoki Remix",
        "artist": "Kyary Pamyu Pamyu",
        "type": "Ending 1",
        "correctCount": 44,
        "startTime": 9,
        "songDuration": 58.248,
        "songNumber": 79,
        "activePlayerCount": 169,
        "LinkVideo": "https://files.catbox.moe/8jfmk2.webm",
        "LinkMp3": "https://files.catbox.moe/00jgcf.mp3",
        "annId": 23485
    },
    {
        "animeEng": "Anime-Gataris",
        "animeRomaji": "Animegataris",
        "songName": "Aikotoba",
        "artist": "GARNiDELiA",
        "type": "Opening 1",
        "correctCount": 67,
        "startTime": 46,
        "songDuration": 88.536,
        "songNumber": 80,
        "activePlayerCount": 169,
        "LinkVideo": "https://files.catbox.moe/c3bd5m.webm",
        "LinkMp3": "https://files.catbox.moe/y919rc.mp3",
        "annId": 19480
    },
    {
        "animeEng": "Ghost in the Shell 2: Innocence",
        "animeRomaji": "Ghost in the Shell 2: Innocence",
        "songName": "Kugutsuuta Ura Mite Chiru",
        "artist": "Nishida Kazue Shachuu",
        "type": "Opening 1",
        "correctCount": 30,
        "startTime": 87,
        "songDuration": 215.140792,
        "songNumber": 81,
        "activePlayerCount": 169,
        "LinkVideo": "https://files.catbox.moe/n2gppr.webm",
        "LinkMp3": "https://files.catbox.moe/gep0cv.mp3",
        "annId": 2081
    },
    {
        "animeEng": "Cipher",
        "animeRomaji": "Cipher",
        "songName": "Kamikaze",
        "artist": "Thompson Twins",
        "type": "Insert Song",
        "correctCount": 10,
        "startTime": 88,
        "songDuration": 204.065064,
        "songNumber": 82,
        "activePlayerCount": 171,
        "LinkVideo": "https://files.catbox.moe/f3s7p1.webm",
        "LinkMp3": "https://files.catbox.moe/1o1ma3.mp3",
        "annId": 856
    },
    {
        "animeEng": "CATMAN",
        "animeRomaji": "CATMAN",
        "songName": "Life of the Party",
        "artist": "The Planet Smashers",
        "type": "Ending 7",
        "correctCount": 8,
        "startTime": 58,
        "songDuration": 142.991828,
        "songNumber": 83,
        "activePlayerCount": 171,
        "LinkVideo": "https://files.catbox.moe/suiade.webm",
        "LinkMp3": "https://files.catbox.moe/63vyx1.mp3",
        "annId": 24587
    },
    {
        "animeEng": "Katsugeki Touken Ranbu",
        "animeRomaji": "Katsugeki/Touken Ranbu",
        "songName": "Hyakka Ryouran",
        "artist": "Kalafina",
        "type": "Ending 1",
        "correctCount": 12,
        "startTime": 57,
        "songDuration": 89.448,
        "songNumber": 84,
        "activePlayerCount": 172,
        "LinkVideo": "https://files.catbox.moe/wi6sbp.webm",
        "LinkMp3": "https://files.catbox.moe/51izi2.mp3",
        "annId": 19412
    },
    {
        "animeEng": "Tokyo Ghoul: Root A",
        "animeRomaji": "Tokyo Ghoul \u221aA",
        "songName": "Alone",
        "artist": "Julia Shortreed",
        "type": "Insert Song",
        "correctCount": 23,
        "startTime": 29,
        "songDuration": 86.88,
        "songNumber": 85,
        "activePlayerCount": 169,
        "LinkVideo": "https://files.catbox.moe/najxhw.webm",
        "LinkMp3": "https://files.catbox.moe/czl215.mp3",
        "annId": 16318
    }
]