[
    {
        "animeEng": "Panpaka Pants O-NEW!",
        "animeRomaji": "Panpaka Pants O-NEW!",
        "songName": "PaPiPuPe Panpaka Pants",
        "artist": "Rica Matsumoto",
        "type": "Ending 1",
        "correctCount": 19,
        "startTime": 0,
        "songDuration": 28.488,
        "songNumber": 1,
        "activePlayerCount": 289,
        "LinkVideo": "https://files.catbox.moe/40rm2i.webm",
        "LinkMp3": "https://files.catbox.moe/1adlvv.mp3"
    },
    {
        "animeEng": "Locke the Superman: Mirror Ring",
        "animeRomaji": "Ch\u014djin Locke: Mirror Ring",
        "songName": "LOST WORLD",
        "artist": "Chikako Sawada",
        "type": "Ending 1",
        "correctCount": 2,
        "startTime": 254,
        "songDuration": 343.512,
        "songNumber": 2,
        "activePlayerCount": 292,
        "LinkVideo": "https://files.catbox.moe/icc7o2.webm",
        "LinkMp3": "https://files.catbox.moe/gn0v8q.mp3",
        "correctPlayers": [
            "FallenAngel",
            "watashiii"
        ]
    },
    {
        "animeEng": "Eiga Crayon Shin-chan Sh\u016brai! Uch\u016bjin Shiriri",
        "animeRomaji": "Eiga Crayon Shin-chan Sh\u016brai! Uch\u016bjin Shiriri",
        "songName": "Kimi ni 100 Percent",
        "artist": "Kyary Pamyu Pamyu",
        "type": "Opening 1",
        "correctCount": 135,
        "startTime": 17,
        "songDuration": 64.968,
        "songNumber": 3,
        "activePlayerCount": 292,
        "LinkVideo": "https://files.catbox.moe/u5o5ht.webm",
        "LinkMp3": "https://files.catbox.moe/10kzyd.mp3"
    },
    {
        "animeEng": "The Prince of Tennis II OVA vs. Genius 10",
        "animeRomaji": "Shin Tennis no \u014cji-sama OVA vs. Genius 10",
        "songName": "Party Time",
        "artist": "Hy\u014dtei Eternity",
        "type": "Ending 2",
        "correctCount": 7,
        "startTime": 34,
        "songDuration": 88.296,
        "songNumber": 4,
        "activePlayerCount": 291,
        "LinkVideo": "https://files.catbox.moe/bxsh57.webm",
        "LinkMp3": "https://files.catbox.moe/l0lvx3.mp3"
    },
    {
        "animeEng": "AKB0048",
        "animeRomaji": "AKB0048 First Stage",
        "songName": "Yakusoku yo",
        "artist": "AKB48",
        "type": "Insert Song",
        "correctCount": 51,
        "startTime": 4,
        "songDuration": 106.104,
        "songNumber": 5,
        "activePlayerCount": 293,
        "LinkVideo": "https://files.catbox.moe/ok04mt.webm",
        "LinkMp3": "https://files.catbox.moe/3f53cl.mp3"
    },
    {
        "animeEng": "Rowdy Sumo Wrestler Matsutaro!!",
        "animeRomaji": "Abarenb\u014d Rikishi!! Matsutar\u014d",
        "songName": "Dosukoi Jinsei",
        "artist": "Ken Matsudaira & Mika Hino",
        "type": "Opening 1",
        "correctCount": 13,
        "startTime": 62,
        "songDuration": 99.00238,
        "songNumber": 6,
        "activePlayerCount": 293,
        "LinkVideo": "https://files.catbox.moe/6bvhtm.webm",
        "LinkMp3": "https://files.catbox.moe/g3rudn.mp3"
    },
    {
        "animeEng": "D.C.if: Da Capo If",
        "animeRomaji": "D.C.if: Da Capo If",
        "songName": "Sakura Saku Mirai Koi Yume",
        "artist": "yozuca*",
        "type": "Ending 2",
        "correctCount": 24,
        "startTime": 4,
        "songDuration": 188.904,
        "songNumber": 7,
        "activePlayerCount": 292,
        "LinkVideo": "https://files.catbox.moe/lopo4m.webm",
        "LinkMp3": "https://files.catbox.moe/e39msu.mp3"
    },
    {
        "animeEng": "Space\u2606Dandy",
        "animeRomaji": "Space\u2606Dandy",
        "songName": "X Jigen e Youkoso",
        "artist": "Etsuko Yakushimaru",
        "type": "Ending 1",
        "correctCount": 54,
        "startTime": 26,
        "songDuration": 88.728,
        "songNumber": 8,
        "activePlayerCount": 293,
        "LinkVideo": "https://files.catbox.moe/9ez9gp.webm",
        "LinkMp3": "https://files.catbox.moe/6luq2u.mp3"
    },
    {
        "animeEng": "Inazuma Eleven GO: Galaxy",
        "animeRomaji": "Inazuma Eleven GO: Galaxy",
        "songName": "Chikyuu wo Mawase",
        "artist": "T-Pistonz+KMC",
        "type": "Opening 2",
        "correctCount": 41,
        "startTime": 35,
        "songDuration": 83.773254,
        "songNumber": 9,
        "activePlayerCount": 290,
        "LinkVideo": "https://files.catbox.moe/d9ryww.webm",
        "LinkMp3": "https://files.catbox.moe/2wlk5e.mp3"
    },
    {
        "animeEng": "Tower of God",
        "animeRomaji": "Kami no T\u014d",
        "songName": "TOP -Japanese ver.-",
        "artist": "Stray Kids",
        "type": "Opening 1",
        "correctCount": 221,
        "startTime": 27,
        "songDuration": 87.408,
        "songNumber": 10,
        "activePlayerCount": 290,
        "LinkVideo": "https://files.catbox.moe/v5wu34.webm",
        "LinkMp3": "https://files.catbox.moe/oya4dn.mp3"
    },
    {
        "animeEng": "GJ Club@",
        "animeRomaji": "GJ-bu@",
        "songName": "M\u014ds\u014d\u2605K\u014dkan Nikki",
        "artist": "Otome Shint\u014d",
        "type": "Opening 1",
        "correctCount": 108,
        "startTime": 28,
        "songDuration": 88.776,
        "songNumber": 11,
        "activePlayerCount": 289,
        "LinkVideo": "https://files.catbox.moe/6r2pbb.webm",
        "LinkMp3": "https://files.catbox.moe/t22hrm.mp3"
    },
    {
        "animeEng": "himitsukesshatakanotsume.jp",
        "animeRomaji": "himitsukesshatakanotsume.jp",
        "songName": "Taka no Natsu ~YES/NO Makura~",
        "artist": "i-dep feat. Minami Fujioka (PANDA \u00bd)",
        "type": "Opening 4",
        "correctCount": 18,
        "startTime": 35,
        "songDuration": 70.632,
        "songNumber": 12,
        "activePlayerCount": 287,
        "LinkVideo": "https://files.catbox.moe/3getq4.webm",
        "LinkMp3": "https://files.catbox.moe/a7cw1v.mp3"
    },
    {
        "animeEng": "The Melancholy of Haruhi Suzumiya",
        "animeRomaji": "Suzumiya Haruhi no Y\u016butsu",
        "songName": "Lost my music",
        "artist": "Aya Hirano",
        "type": "Insert Song",
        "correctCount": 118,
        "startTime": 42,
        "songDuration": 79.032,
        "songNumber": 13,
        "activePlayerCount": 287,
        "LinkVideo": "https://files.catbox.moe/ylfkie.webm",
        "LinkMp3": "https://files.catbox.moe/fl0p57.mp3"
    },
    {
        "animeEng": "Corpse Princess: Kuro",
        "animeRomaji": "Shikabane Hime: Kuro",
        "songName": "Beautiful fighter",
        "artist": "angela",
        "type": "Opening 1",
        "correctCount": 42,
        "startTime": 7,
        "songDuration": 90.048,
        "songNumber": 14,
        "activePlayerCount": 286,
        "LinkVideo": "https://files.catbox.moe/isiec7.webm",
        "LinkMp3": "https://files.catbox.moe/bc772d.mp3"
    },
    {
        "animeEng": "Touka Gettan",
        "animeRomaji": "Touka Gettan",
        "songName": "Warabeuta",
        "artist": "Kayano Masuyama",
        "type": "Insert Song",
        "correctCount": 1,
        "startTime": 19,
        "songDuration": 58.224,
        "songNumber": 15,
        "activePlayerCount": 286,
        "LinkVideo": "https://files.catbox.moe/43cemc.webm",
        "LinkMp3": "https://files.catbox.moe/nng4w2.mp3",
        "correctPlayers": [
            "eieieieie"
        ]
    },
    {
        "animeEng": "Techno Police 21C",
        "animeRomaji": "Techno Police 21C",
        "songName": "Itsuka Kurofune",
        "artist": "Makoto Fujiwara",
        "type": "Ending 1",
        "correctCount": 19,
        "startTime": 34,
        "songDuration": 109.848,
        "songNumber": 16,
        "activePlayerCount": 286,
        "LinkVideo": "https://files.catbox.moe/32c4ht.webm",
        "LinkMp3": "https://files.catbox.moe/uiab04.mp3"
    },
    {
        "animeEng": "Gurazeni",
        "animeRomaji": "Gurazeni",
        "songName": "SHADOW MONSTER",
        "artist": "Asako Toki",
        "type": "Ending 1",
        "correctCount": 18,
        "startTime": 21,
        "songDuration": 89.232,
        "songNumber": 17,
        "activePlayerCount": 282,
        "LinkVideo": "https://files.catbox.moe/vmpizm.webm",
        "LinkMp3": "https://files.catbox.moe/gquctg.mp3"
    },
    {
        "animeEng": "Pok\u00e9mon: Black and White",
        "animeRomaji": "Pok\u00e9mon: Black and White",
        "songName": "Black and White",
        "artist": "Erin Bowman and Joe Philips",
        "type": "Opening 1",
        "correctCount": 201,
        "startTime": 0,
        "songDuration": 30.36,
        "songNumber": 18,
        "activePlayerCount": 282,
        "LinkVideo": "https://files.catbox.moe/p5xdkn.webm",
        "LinkMp3": "https://files.catbox.moe/1eisap.mp3"
    },
    {
        "animeEng": "Code Geass: Lelouch of the Rebellion",
        "animeRomaji": "Code Geass: Hangyaku no Lelouch",
        "songName": "COLORS",
        "artist": "FLOW",
        "type": "Opening 1",
        "correctCount": 228,
        "startTime": 50,
        "songDuration": 90,
        "songNumber": 19,
        "activePlayerCount": 283,
        "LinkVideo": "https://animethemes.moe/video/CodeGeass-OP1.webm",
        "LinkMp3": "https://files.catbox.moe/ap6khk.mp3"
    },
    {
        "animeEng": "selector infected WIXOSS",
        "animeRomaji": "selector infected WIXOSS",
        "songName": "killy killy JOKER",
        "artist": "Kanon Wakeshima",
        "type": "Opening 1",
        "correctCount": 115,
        "startTime": 28,
        "songDuration": 89.568,
        "songNumber": 20,
        "activePlayerCount": 283,
        "LinkVideo": "https://files.catbox.moe/mjeupf.webm",
        "LinkMp3": "https://files.catbox.moe/c7ga3l.mp3"
    },
    {
        "animeEng": "TsukiPro the Animation",
        "animeRomaji": "TsukiPro the Animation",
        "songName": "Lucretia",
        "artist": "Growth",
        "type": "Insert Song",
        "correctCount": 11,
        "startTime": 16,
        "songDuration": 64.128,
        "songNumber": 21,
        "activePlayerCount": 282,
        "LinkVideo": "https://files.catbox.moe/elwpkl.webm",
        "LinkMp3": "https://files.catbox.moe/4bofzr.mp3"
    },
    {
        "animeEng": "Ninja Girl & Samurai Master 2nd",
        "animeRomaji": "Nobunaga no Shinobi: Ise Kanegasaki-hen",
        "songName": "Shirayuki",
        "artist": "Renka",
        "type": "Opening 1",
        "correctCount": 26,
        "startTime": 1,
        "songDuration": 39.48,
        "songNumber": 22,
        "activePlayerCount": 279,
        "LinkVideo": "https://files.catbox.moe/376x1z.webm",
        "LinkMp3": "https://files.catbox.moe/j0uv1h.mp3"
    },
    {
        "animeEng": "gdgd Fairies",
        "animeRomaji": "gdgd Fairies",
        "songName": "Oide yo! Yousei no Mori",
        "artist": "gdgd Fairies",
        "type": "Opening 1",
        "correctCount": 120,
        "startTime": 14,
        "songDuration": 50.376,
        "songNumber": 23,
        "activePlayerCount": 281,
        "LinkVideo": "https://files.catbox.moe/9e74dl.webm",
        "LinkMp3": "https://files.catbox.moe/1bxji1.mp3"
    },
    {
        "animeEng": "Ninja Girl & Samurai Master 3rd",
        "animeRomaji": "Nobunaga no Shinobi: Anegawa Ishiyama-hen",
        "songName": "Kingyo Namida.",
        "artist": "Renka",
        "type": "Opening 1",
        "correctCount": 42,
        "startTime": 1,
        "songDuration": 39.48,
        "songNumber": 24,
        "activePlayerCount": 279,
        "LinkVideo": "https://files.catbox.moe/411lu8.webm",
        "LinkMp3": "https://files.catbox.moe/y2wwsl.mp3"
    },
    {
        "animeEng": "Cencoroll Connect",
        "animeRomaji": "Cencoroll Connect",
        "songName": "Nanairo night",
        "artist": "supercell feat. Ann",
        "type": "Insert Song",
        "correctCount": 21,
        "startTime": 35,
        "songDuration": 105.144,
        "songNumber": 25,
        "activePlayerCount": 278,
        "LinkVideo": "https://files.catbox.moe/w7nmby.webm",
        "LinkMp3": "https://files.catbox.moe/l9a49s.mp3"
    },
    {
        "animeEng": "STARMYU",
        "animeRomaji": "K\u014dk\u014d Hoshi Kageki",
        "songName": "FACE-OFF",
        "artist": "Tomoaki Maeno, KENN, Y\u016bichir\u014d Umehara",
        "type": "Insert Song",
        "correctCount": 74,
        "startTime": 18,
        "songDuration": 82.93735,
        "songNumber": 26,
        "activePlayerCount": 274,
        "LinkVideo": "https://files.catbox.moe/ahhznv.webm",
        "LinkMp3": "https://files.catbox.moe/x5rrte.mp3"
    },
    {
        "animeEng": "After War Gundam X",
        "animeRomaji": "Kid\u014d Shin Seiki Gundam X",
        "songName": "Resolution",
        "artist": "ROmantic Mode",
        "type": "Opening 2",
        "correctCount": 46,
        "startTime": 19,
        "songDuration": 81.96,
        "songNumber": 27,
        "activePlayerCount": 274,
        "LinkVideo": "https://files.catbox.moe/kq6d03.webm",
        "LinkMp3": "https://files.catbox.moe/58twkl.mp3"
    },
    {
        "animeEng": "Fate/stay night: Heaven's Feel II. lost butterfly",
        "animeRomaji": "Fate/stay night: Heaven's Feel II. lost butterfly",
        "songName": "I beg you",
        "artist": "Aimer",
        "type": "Ending 1",
        "correctCount": 92,
        "startTime": 156,
        "songDuration": 266.184,
        "songNumber": 28,
        "activePlayerCount": 273,
        "LinkVideo": "https://files.catbox.moe/txac2j.webm",
        "LinkMp3": "https://files.catbox.moe/psedav.mp3"
    },
    {
        "animeEng": "Aikatsu Friends!",
        "animeRomaji": "Aikatsu Friends!",
        "songName": "Identity",
        "artist": "Aine\u30fbMirai from BEST FRIENDS!",
        "type": "Insert Song",
        "correctCount": 23,
        "startTime": 70,
        "songDuration": 116.976,
        "songNumber": 29,
        "activePlayerCount": 271,
        "LinkVideo": "https://files.catbox.moe/qjhwfm.webm",
        "LinkMp3": "https://files.catbox.moe/v1o1wy.mp3"
    },
    {
        "animeEng": "Dragon Ball Z: Fusion Reborn",
        "animeRomaji": "Dragon Ball Z: Fukkatsu no Fusion!! Goku to Vegeta",
        "songName": "WE GOTTA POWER",
        "artist": "Hironobu Kageyama",
        "type": "Opening 1",
        "correctCount": 194,
        "startTime": 7,
        "songDuration": 106.551638,
        "songNumber": 30,
        "activePlayerCount": 271,
        "LinkVideo": "https://files.catbox.moe/g6l594.webm",
        "LinkMp3": "https://files.catbox.moe/mpznc0.mp3"
    },
    {
        "animeEng": "Nasu: Summer in Andalusia",
        "animeRomaji": "Nasu: Andalusia no Natsu",
        "songName": "Jitensha Show Uta",
        "artist": "Kiyoshirou Imawano",
        "type": "Ending 1",
        "correctCount": 9,
        "startTime": 39,
        "songDuration": 178.176,
        "songNumber": 31,
        "activePlayerCount": 273,
        "LinkVideo": "https://files.catbox.moe/7xsb4g.webm",
        "LinkMp3": "https://files.catbox.moe/76jw0d.mp3"
    },
    {
        "animeEng": "Be-Boy Kidnapp'n Idol",
        "animeRomaji": "Be-Boy Kidnapp'n Idol",
        "songName": "A part of Me",
        "artist": "Hideyuki Nagashima",
        "type": "Ending 1",
        "correctCount": 4,
        "startTime": 128,
        "songDuration": 290.088,
        "songNumber": 32,
        "activePlayerCount": 270,
        "LinkVideo": "https://files.catbox.moe/a5aimx.webm",
        "LinkMp3": "https://files.catbox.moe/cu45tr.mp3",
        "correctPlayers": [
            "LamagaaPL",
            "Noctis_L_Caleum",
            "KAYNESENZA234",
            "Rinkari"
        ]
    },
    {
        "animeEng": "Haikyu!! Second Season",
        "animeRomaji": "Haikyu!! Second Season",
        "songName": "FLY HIGH!!",
        "artist": "BURNOUT SYNDROMES",
        "type": "Opening 2",
        "correctCount": 144,
        "startTime": 25,
        "songDuration": 88.944,
        "songNumber": 33,
        "activePlayerCount": 269,
        "LinkVideo": "https://files.catbox.moe/1fuu00.webm",
        "LinkMp3": "https://files.catbox.moe/hzdii9.mp3"
    },
    {
        "animeEng": "Durarara!! \u00d72 The Third Arc",
        "animeRomaji": "Durarara!!\u00d72 Ketsu",
        "songName": "Steppin' Out",
        "artist": "FLOW",
        "type": "Opening 1",
        "correctCount": 159,
        "startTime": 18,
        "songDuration": 90.768,
        "songNumber": 34,
        "activePlayerCount": 267,
        "LinkVideo": "https://files.catbox.moe/hctamt.webm",
        "LinkMp3": "https://files.catbox.moe/8pm7ji.mp3"
    },
    {
        "animeEng": "Little Goblin",
        "animeRomaji": "Kaibutsu-kun",
        "songName": "Ore wa Kaibutsu-kun Da",
        "artist": "Fuyumi Shiraishi",
        "type": "Opening 1",
        "correctCount": 30,
        "startTime": 10,
        "songDuration": 50.885656,
        "songNumber": 35,
        "activePlayerCount": 267,
        "LinkVideo": "https://files.catbox.moe/b09mxr.webm",
        "LinkMp3": "https://files.catbox.moe/f3leb8.mp3"
    },
    {
        "animeEng": "Granblue Fantasy the Animation",
        "animeRomaji": "Granblue Fantasy the Animation",
        "songName": "GO",
        "artist": "BUMP OF CHICKEN",
        "type": "Opening 1",
        "correctCount": 104,
        "startTime": 48,
        "songDuration": 85.128,
        "songNumber": 36,
        "activePlayerCount": 266,
        "LinkVideo": "https://files.catbox.moe/6fbhxr.webm",
        "LinkMp3": "https://files.catbox.moe/0zwcvm.mp3"
    },
    {
        "animeEng": "Muromi-san",
        "animeRomaji": "Namiuchigiwa no Muromi-san",
        "songName": "Nanatsu no Umi yori Kimi no Umi",
        "artist": "Sumire Uesaka",
        "type": "Opening 1",
        "correctCount": 91,
        "startTime": 25,
        "songDuration": 90.456,
        "songNumber": 37,
        "activePlayerCount": 266,
        "LinkVideo": "https://files.catbox.moe/vfy6ga.webm",
        "LinkMp3": "https://files.catbox.moe/bt9p0i.mp3"
    },
    {
        "animeEng": "VIRTUALSAN - LOOKING",
        "animeRomaji": "Virtual-san wa Miteiru",
        "songName": "Mirai to Mirai",
        "artist": "Akari Mirai",
        "type": "Insert Song",
        "correctCount": 37,
        "startTime": 0,
        "songDuration": 32.051694,
        "songNumber": 38,
        "activePlayerCount": 265,
        "LinkVideo": "https://files.catbox.moe/ckgxvs.webm",
        "LinkMp3": "https://files.catbox.moe/1bvmer.mp3"
    },
    {
        "animeEng": "Mobile Suit Gundam 0080: War in the Pocket",
        "animeRomaji": "Kid\u014d Senshi Gundam 0080: Pocket no Naka no Sens\u014d",
        "songName": "Itsuka Sora ni Todoite",
        "artist": "Megumi Shiina",
        "type": "Opening 1",
        "correctCount": 49,
        "startTime": 59,
        "songDuration": 100.512,
        "songNumber": 39,
        "activePlayerCount": 266,
        "LinkVideo": "https://files.catbox.moe/hva6fj.webm",
        "LinkMp3": "https://files.catbox.moe/u3y2mq.mp3"
    },
    {
        "animeEng": "Pretty Rhythm Rainbow Live",
        "animeRomaji": "Pretty Rhythm Rainbow Live",
        "songName": "ALIVE",
        "artist": "Mikako Komatsu & Saori Goto",
        "type": "Insert Song",
        "correctCount": 11,
        "startTime": 151,
        "songDuration": 207.528,
        "songNumber": 40,
        "activePlayerCount": 265,
        "LinkVideo": "https://files.catbox.moe/68p24m.webm",
        "LinkMp3": "https://files.catbox.moe/ey3027.mp3"
    },
    {
        "animeEng": "Gegege no Kitar\u014d",
        "animeRomaji": "Gegege no Kitar\u014d",
        "songName": "Gegege no Kitaro",
        "artist": "Ikuzo Yoshi",
        "type": "Opening 1",
        "correctCount": 251,
        "startTime": 10,
        "songDuration": 87.768,
        "songNumber": 41,
        "activePlayerCount": 264,
        "LinkVideo": "https://files.catbox.moe/piqgnu.webm",
        "LinkMp3": "https://files.catbox.moe/zaurv4.mp3"
    },
    {
        "animeEng": "Yu-Gi-Oh!",
        "animeRomaji": "Yu-Gi-Oh! Duel Monsters",
        "songName": "Ano Hi no Gogo",
        "artist": "Masami Okui",
        "type": "Ending 2",
        "correctCount": 13,
        "startTime": 48,
        "songDuration": 91.056,
        "songNumber": 42,
        "activePlayerCount": 263,
        "LinkVideo": "https://animethemes.moe/video/YGODuelMonsters-ED2.webm",
        "LinkMp3": "https://files.catbox.moe/b7hetd.mp3"
    },
    {
        "animeEng": ".hack//Intermezzo",
        "animeRomaji": ".hack//Intermezzo",
        "songName": "Yasashii Yoake",
        "artist": "See-Saw",
        "type": "Ending 1",
        "correctCount": 108,
        "startTime": 5,
        "songDuration": 88.56,
        "songNumber": 43,
        "activePlayerCount": 264,
        "LinkVideo": "https://files.catbox.moe/rgfgad.webm",
        "LinkMp3": "https://files.catbox.moe/hy6npj.mp3"
    },
    {
        "animeEng": "Sound! Euphonium: Chikai no Finale",
        "animeRomaji": "Hibike! Euphonium: Chikai no Finale",
        "songName": "Samba de Loves You",
        "artist": "Freshman Wind Ensemble",
        "type": "Insert Song",
        "correctCount": 31,
        "startTime": 38,
        "songDuration": 121.896,
        "songNumber": 44,
        "activePlayerCount": 264,
        "LinkVideo": "https://files.catbox.moe/695amv.webm",
        "LinkMp3": "https://files.catbox.moe/v1607p.mp3"
    },
    {
        "animeEng": "Mobile Suit Gundam 00",
        "animeRomaji": "Mobile Suit Gundam 00",
        "songName": "LOVE TODAY",
        "artist": "Taja",
        "type": "Insert Song",
        "correctCount": 14,
        "startTime": 5,
        "songDuration": 146.352,
        "songNumber": 45,
        "activePlayerCount": 264,
        "LinkVideo": "https://files.catbox.moe/r6lxwo.webm",
        "LinkMp3": "https://files.catbox.moe/uodhro.mp3"
    },
    {
        "animeEng": "Initial D: Second Stage",
        "animeRomaji": "Initial D: Second Stage",
        "songName": "DEJA VU",
        "artist": "DAVE RODGERS",
        "type": "Insert Song",
        "correctCount": 69,
        "startTime": 13,
        "songDuration": 104.76,
        "songNumber": 46,
        "activePlayerCount": 263,
        "LinkVideo": "https://files.catbox.moe/dub985.webm",
        "LinkMp3": "https://files.catbox.moe/rpe0sh.mp3"
    },
    {
        "animeEng": "Black Clover",
        "animeRomaji": "Black Clover",
        "songName": "Stories",
        "artist": "Snow Man",
        "type": "Opening 11",
        "correctCount": 69,
        "startTime": 48,
        "songDuration": 89.736,
        "songNumber": 47,
        "activePlayerCount": 261,
        "LinkVideo": "https://files.catbox.moe/onsm8q.webm",
        "LinkMp3": "https://files.catbox.moe/wig3sr.mp3"
    },
    {
        "animeEng": "Gundam Build Fighters: Battlogue",
        "animeRomaji": "Gundam Build Fighters: Battlogue",
        "songName": "Chase Me",
        "artist": "FAKY",
        "type": "Ending 1",
        "correctCount": 16,
        "startTime": 20,
        "songDuration": 84.312,
        "songNumber": 48,
        "activePlayerCount": 263,
        "LinkVideo": "https://files.catbox.moe/qrp51w.webm",
        "LinkMp3": "https://files.catbox.moe/zx3zbc.mp3"
    },
    {
        "animeEng": "Myriad Colors Phantom World",
        "animeRomaji": "Musaigen no Phantom World",
        "songName": "Naked Dive",
        "artist": "SCREEN mode",
        "type": "Opening 1",
        "correctCount": 168,
        "startTime": 24,
        "songDuration": 89.491656,
        "songNumber": 49,
        "activePlayerCount": 263,
        "LinkVideo": "https://files.catbox.moe/uxpcz0.webm",
        "LinkMp3": "https://files.catbox.moe/fkyrt3.mp3"
    },
    {
        "animeEng": "Kumamiko - Girl meets Bear",
        "animeRomaji": "Kumamiko - Girl meets Bear",
        "songName": "KUMAMIKO DANCING",
        "artist": "Natsumi Hioka & Hiroki Yasumoto feat. Kumaide-mura no Mina-san",
        "type": "Ending 1",
        "correctCount": 91,
        "startTime": 30,
        "songDuration": 88.872,
        "songNumber": 50,
        "activePlayerCount": 262,
        "LinkVideo": "https://files.catbox.moe/dju772.webm",
        "LinkMp3": "https://files.catbox.moe/vjx6oc.mp3"
    },
    {
        "animeEng": "CROSS ANGE Rondo of Angel and Dragon",
        "animeRomaji": "Cross Ange: Tenshi to Ry\u016b no Rondo",
        "songName": "Towagatari ~Hikari no Uta~",
        "artist": "Nana Mizuki",
        "type": "Insert Song",
        "correctCount": 40,
        "startTime": 20,
        "songDuration": 81.864,
        "songNumber": 51,
        "activePlayerCount": 262,
        "LinkVideo": "https://files.catbox.moe/1vaz9j.webm",
        "LinkMp3": "https://files.catbox.moe/b6wzj9.mp3"
    },
    {
        "animeEng": "You're Being Summoned, Azazel Z",
        "animeRomaji": "Yondemasu yo, Azazel-san. Z",
        "songName": "Momomomomossan no Theme",
        "artist": "Daisuke Namikawa",
        "type": "Opening 1",
        "correctCount": 8,
        "startTime": 7,
        "songDuration": 60.84,
        "songNumber": 52,
        "activePlayerCount": 261,
        "LinkVideo": "https://files.catbox.moe/ukrv4r.webm",
        "LinkMp3": "https://files.catbox.moe/rm2tvj.mp3"
    },
    {
        "animeEng": "Fairy Tail: Final Season",
        "animeRomaji": "Fairy Tail: Final Season",
        "songName": "Snow Fairy",
        "artist": "FUNKIST",
        "type": "Insert Song",
        "correctCount": 194,
        "startTime": 24,
        "songDuration": 87.691554,
        "songNumber": 53,
        "activePlayerCount": 259,
        "LinkVideo": "https://files.catbox.moe/tjbfez.webm",
        "LinkMp3": "https://files.catbox.moe/gh17f8.mp3"
    },
    {
        "animeEng": "Venus Wars",
        "animeRomaji": "Venus Senki",
        "songName": "Venus no Kaze",
        "artist": "Taku Kitahara",
        "type": "Insert Song",
        "correctCount": 1,
        "startTime": 41,
        "songDuration": 80.232,
        "songNumber": 54,
        "activePlayerCount": 260,
        "LinkVideo": "https://files.catbox.moe/ssi7t5.webm",
        "LinkMp3": "https://files.catbox.moe/pt131o.mp3",
        "correctPlayers": [
            "ppablo"
        ]
    },
    {
        "animeEng": "A Certain Scientific Railgun OVA",
        "animeRomaji": "Toaru Kagaku no Railgun OVA",
        "songName": "Special ''ONE''",
        "artist": "ELISA",
        "type": "Ending 1",
        "correctCount": 9,
        "startTime": 55,
        "songDuration": 91.92,
        "songNumber": 55,
        "activePlayerCount": 260,
        "LinkVideo": "https://files.catbox.moe/1w79y8.webm",
        "LinkMp3": "https://files.catbox.moe/odcx03.mp3"
    },
    {
        "animeEng": "Banana Fish",
        "animeRomaji": "Banana Fish",
        "songName": "RED",
        "artist": "Survive Said The Prophet",
        "type": "Ending 2",
        "correctCount": 69,
        "startTime": 50,
        "songDuration": 87.648,
        "songNumber": 56,
        "activePlayerCount": 259,
        "LinkVideo": "https://files.catbox.moe/ixt0aj.webm",
        "LinkMp3": "https://files.catbox.moe/s93khr.mp3"
    },
    {
        "animeEng": "Sengoku Basara - Samurai Kings Two",
        "animeRomaji": "Sengoku Basara Ni",
        "songName": "Ruisen",
        "artist": "Chiaki Ishikawa",
        "type": "Insert Song",
        "correctCount": 10,
        "startTime": 9,
        "songDuration": 143.472,
        "songNumber": 57,
        "activePlayerCount": 259,
        "LinkVideo": "https://files.catbox.moe/3hcz20.webm",
        "LinkMp3": "https://files.catbox.moe/y4f4xl.mp3"
    },
    {
        "animeEng": "Pop Team Epic",
        "animeRomaji": "Poputepipikku",
        "songName": "LET'S POP TOGETHER",
        "artist": "Kenji Akabane & Shunsuke Takeuchi",
        "type": "Insert Song",
        "correctCount": 81,
        "startTime": 12,
        "songDuration": 98.712,
        "songNumber": 58,
        "activePlayerCount": 258,
        "LinkVideo": "https://files.catbox.moe/v1sfz6.webm",
        "LinkMp3": "https://files.catbox.moe/fj2yev.mp3"
    },
    {
        "animeEng": "Zambot 3",
        "animeRomaji": "Muteki Ch\u014djin Zambot 3",
        "songName": "Ike! Zambot 3",
        "artist": "Ichiro Horimitsu, The Blessin' Four, The Chirps",
        "type": "Opening 1",
        "correctCount": 145,
        "startTime": 16,
        "songDuration": 89.064,
        "songNumber": 59,
        "activePlayerCount": 257,
        "LinkVideo": "https://files.catbox.moe/awikmr.webm",
        "LinkMp3": "https://files.catbox.moe/ew2npk.mp3"
    },
    {
        "animeEng": "Inazuma Eleven GO: Chrono Stone",
        "animeRomaji": "Inazuma Eleven GO: Chrono Stone",
        "songName": "Raimei! Blue Train",
        "artist": "T-Pistonz+KMC",
        "type": "Opening 4",
        "correctCount": 39,
        "startTime": 18,
        "songDuration": 84.583036,
        "songNumber": 60,
        "activePlayerCount": 258,
        "LinkVideo": "https://files.catbox.moe/72nhbd.webm",
        "LinkMp3": "https://files.catbox.moe/zqlq2i.mp3"
    },
    {
        "animeEng": "Cybersix",
        "animeRomaji": "Cybersix",
        "songName": "Deep In My Heart",
        "artist": "Coral Egan",
        "type": "Opening 1",
        "correctCount": 53,
        "startTime": 9,
        "songDuration": 59.114086,
        "songNumber": 61,
        "activePlayerCount": 259,
        "LinkVideo": "https://files.catbox.moe/cj5os5.webm",
        "LinkMp3": "https://files.catbox.moe/eapyui.mp3"
    },
    {
        "animeEng": "Monkey Turn",
        "animeRomaji": "Monkey Turn",
        "songName": "Kimi o Kazaru Hana o Sakasou",
        "artist": "GARNET CROW",
        "type": "Ending 2",
        "correctCount": 3,
        "startTime": 44,
        "songDuration": 86.496,
        "songNumber": 62,
        "activePlayerCount": 259,
        "LinkVideo": "https://files.catbox.moe/c6d86q.webm",
        "LinkMp3": "https://files.catbox.moe/ws7205.mp3",
        "correctPlayers": [
            "Kirivert",
            "nf1",
            "kaijuu"
        ]
    },
    {
        "animeEng": "Lupin III: Voyage to Danger",
        "animeRomaji": "Lupin Sansei: Lupin Ansatsu Shirei",
        "songName": "Destiny Love",
        "artist": "Eri Ohno",
        "type": "Ending 1",
        "correctCount": 1,
        "startTime": 2,
        "songDuration": 163.056,
        "songNumber": 63,
        "activePlayerCount": 258,
        "LinkVideo": "https://files.catbox.moe/ek4ine.webm",
        "LinkMp3": "https://files.catbox.moe/nlyifq.mp3",
        "correctPlayers": [
            "RainGirlz"
        ]
    },
    {
        "animeEng": "Tanaka-kun is Always Listless",
        "animeRomaji": "Tanaka-kun wa Itsumo Kedaruge",
        "songName": "Utata ne Sunshine",
        "artist": "Unlimited tone",
        "type": "Opening 1",
        "correctCount": 134,
        "startTime": 26,
        "songDuration": 100.56,
        "songNumber": 64,
        "activePlayerCount": 259,
        "LinkVideo": "https://files.catbox.moe/ojj172.webm",
        "LinkMp3": "https://files.catbox.moe/x9jcmu.mp3"
    },
    {
        "animeEng": "Zero Duel Masters",
        "animeRomaji": "Zero Duel Masters",
        "songName": "Ima! Hajimaru Yuuki",
        "artist": "Rey",
        "type": "Opening 1",
        "correctCount": 28,
        "startTime": 0,
        "songDuration": 26.424,
        "songNumber": 65,
        "activePlayerCount": 259,
        "LinkVideo": "https://files.catbox.moe/s3seca.webm",
        "LinkMp3": "https://files.catbox.moe/3wrqhh.mp3"
    },
    {
        "animeEng": "Magic Kaito 1412",
        "animeRomaji": "Magic Kaito 1412",
        "songName": "WHITE of CRIME",
        "artist": "REVALCY",
        "type": "Ending 1",
        "correctCount": 45,
        "startTime": 43,
        "songDuration": 88.318482,
        "songNumber": 66,
        "activePlayerCount": 259,
        "LinkVideo": "https://files.catbox.moe/4gk2p2.webm",
        "LinkMp3": "https://files.catbox.moe/5ylm02.mp3"
    },
    {
        "animeEng": "Hinako Note",
        "animeRomaji": "Hinako Note",
        "songName": "Curtain Call!!!!!",
        "artist": "Gekidan Hitotose",
        "type": "Ending 1",
        "correctCount": 78,
        "startTime": 13,
        "songDuration": 89.856,
        "songNumber": 67,
        "activePlayerCount": 258,
        "LinkVideo": "https://files.catbox.moe/3s2hdo.webm",
        "LinkMp3": "https://files.catbox.moe/zpqbym.mp3"
    },
    {
        "animeEng": "Are You Lost?",
        "animeRomaji": "S\u014dnan desu ka?",
        "songName": "Koko wa Doko",
        "artist": "Ahomushi",
        "type": "Opening 1",
        "correctCount": 135,
        "startTime": 2,
        "songDuration": 59.448,
        "songNumber": 68,
        "activePlayerCount": 257,
        "LinkVideo": "https://files.catbox.moe/z43r3v.webm",
        "LinkMp3": "https://files.catbox.moe/ywa35y.mp3"
    },
    {
        "animeEng": "Golden Kamuy",
        "animeRomaji": "Golden Kamuy",
        "songName": "Reimei",
        "artist": "Sayuri\u00d7MY FIRST STORY",
        "type": "Opening 1",
        "correctCount": 113,
        "startTime": 23,
        "songDuration": 89.064,
        "songNumber": 69,
        "activePlayerCount": 258,
        "LinkVideo": "https://files.catbox.moe/vwuwju.webm",
        "LinkMp3": "https://files.catbox.moe/r74ii3.mp3"
    },
    {
        "animeEng": "Slam Dunk",
        "animeRomaji": "Slam Dunk",
        "songName": "Anata Dake Mitsumeteru",
        "artist": "Maki Ooguro",
        "type": "Ending 1",
        "correctCount": 73,
        "startTime": 15,
        "songDuration": 89.064,
        "songNumber": 70,
        "activePlayerCount": 258,
        "LinkVideo": "https://files.catbox.moe/zwc6pc.webm",
        "LinkMp3": "https://files.catbox.moe/xpzmlm.mp3"
    },
    {
        "animeEng": "Doraemon the Movie: Nobita's Chronicle of the Moon Exploration",
        "animeRomaji": "Doraemon the Movie: Nobita's Chronicle of the Moon Exploration",
        "songName": "Yume o Kanaete Doraemon",
        "artist": "mao feat. Himawari Kids",
        "type": "Opening 1",
        "correctCount": 139,
        "startTime": 1,
        "songDuration": 89.064,
        "songNumber": 71,
        "activePlayerCount": 258,
        "LinkVideo": "https://files.catbox.moe/b8ch9b.webm",
        "LinkMp3": "https://files.catbox.moe/jjj0xh.mp3"
    },
    {
        "animeEng": "Tomorrow's Joe",
        "animeRomaji": "Ashita no Joe",
        "songName": "Joe no Komoriuta",
        "artist": "Asao Koike",
        "type": "Ending 1",
        "correctCount": 71,
        "startTime": 7,
        "songDuration": 63.36,
        "songNumber": 72,
        "activePlayerCount": 257,
        "LinkVideo": "https://files.catbox.moe/ug54hg.webm",
        "LinkMp3": "https://files.catbox.moe/8sqdk1.mp3"
    },
    {
        "animeEng": "Seraph of the End: Battle in Nagoya",
        "animeRomaji": "Owari no Seraph: Nagoya Kessen-hen",
        "songName": "Two souls -toward the truth-",
        "artist": "fripSide",
        "type": "Opening 1",
        "correctCount": 108,
        "startTime": 36,
        "songDuration": 90.196969,
        "songNumber": 73,
        "activePlayerCount": 257,
        "LinkVideo": "https://files.catbox.moe/ptejfr.webm",
        "LinkMp3": "https://files.catbox.moe/9h0rds.mp3"
    },
    {
        "animeEng": "Yes! Precure 5 GoGo! Okashi no Kuni no Happy Birthday",
        "animeRomaji": "Yes! Precure 5 GoGo! Okashi no Kuni no Happy Birthday",
        "songName": "Precure 5, Full Throttle GO GO!",
        "artist": "Mayu Kud\u014d with Precure 5",
        "type": "Opening 1",
        "correctCount": 121,
        "startTime": 10,
        "songDuration": 83.952,
        "songNumber": 74,
        "activePlayerCount": 257,
        "LinkVideo": "https://files.catbox.moe/39smpc.webm",
        "LinkMp3": "https://files.catbox.moe/3hw2xb.mp3"
    },
    {
        "animeEng": "Lemon Angel Project",
        "animeRomaji": "Lemon Angel Project",
        "songName": "Angel addict",
        "artist": "Ami Koshimizu",
        "type": "Opening 6",
        "correctCount": 13,
        "startTime": 45,
        "songDuration": 88.992,
        "songNumber": 75,
        "activePlayerCount": 254,
        "LinkVideo": "https://files.catbox.moe/73fzkf.webm",
        "LinkMp3": "https://files.catbox.moe/lgg2mx.mp3"
    }
]