[
    {
        "animeEng": "You and Me.",
        "animeRomaji": "Kimi to Boku.",
        "songName": "Bye Bye",
        "artist": "7!!",
        "type": "Opening 1",
        "correctCount": 34,
        "startTime": 30,
        "songDuration": 85.032,
        "songNumber": 1,
        "activePlayerCount": 255,
        "LinkVideo": "https://files.catbox.moe/gd6lan.webm",
        "LinkMp3": "https://files.catbox.moe/jzdztp.mp3"
    },
    {
        "animeEng": "Dragon Crisis!",
        "animeRomaji": "Dragon Crisis!",
        "songName": "Immoralist",
        "artist": "Yui Horie",
        "type": "Opening 1",
        "correctCount": 78,
        "startTime": 33,
        "songDuration": 88.944,
        "songNumber": 2,
        "activePlayerCount": 262,
        "LinkVideo": "https://files.catbox.moe/sfc0xx.webm",
        "LinkMp3": "https://files.catbox.moe/6flica.mp3"
    },
    {
        "animeEng": "Space Brothers",
        "animeRomaji": "Uch\u016b Ky\u014ddai",
        "songName": "New World",
        "artist": "Kasarinchu",
        "type": "Ending 7",
        "correctCount": 10,
        "startTime": 48,
        "songDuration": 88.536,
        "songNumber": 3,
        "activePlayerCount": 261,
        "LinkVideo": "https://files.catbox.moe/sdx8jc.webm",
        "LinkMp3": "https://files.catbox.moe/oo0628.mp3"
    },
    {
        "animeEng": "A Letter to Momo",
        "animeRomaji": "Momo e no Tegami",
        "songName": "Uruwashimahoroba ~Utsukushiki Basho~",
        "artist": "Yuko Hara",
        "type": "Ending 1",
        "correctCount": 6,
        "startTime": 95,
        "songDuration": 236.8,
        "songNumber": 4,
        "activePlayerCount": 264,
        "LinkVideo": "https://files.catbox.moe/5gft17.webm",
        "LinkMp3": "https://files.catbox.moe/u9vrj4.mp3"
    },
    {
        "animeEng": "Please tell me! Galko-chan",
        "animeRomaji": "Oshiete! Galko-chan",
        "songName": "YPMA\u2606GIRLS",
        "artist": "Azumi Waki, Minami Takahashi, Miyu Tomita",
        "type": "Opening 1",
        "correctCount": 69,
        "startTime": 73,
        "songDuration": 120,
        "songNumber": 5,
        "activePlayerCount": 263,
        "LinkVideo": "https://files.catbox.moe/hmj8hu.webm",
        "LinkMp3": "https://files.catbox.moe/rspt2u.mp3"
    },
    {
        "animeEng": "Princess Connect! Re:Dive",
        "animeRomaji": "Princess Connect! Re:Dive",
        "songName": "Lost Princess",
        "artist": "M\u30fbA\u30fbO, Miku It\u014d, Rika Tachibana",
        "type": "Opening 1",
        "correctCount": 97,
        "startTime": 54,
        "songDuration": 89.04,
        "songNumber": 6,
        "activePlayerCount": 265,
        "LinkVideo": "https://files.catbox.moe/etv11o.webm",
        "LinkMp3": "https://files.catbox.moe/y51sjd.mp3"
    },
    {
        "animeEng": "Kanon",
        "animeRomaji": "Kanon",
        "songName": "Last regrets (Acoustic Version)",
        "artist": "Lia",
        "type": "Insert Song",
        "correctCount": 71,
        "startTime": 110,
        "songDuration": 152.976,
        "songNumber": 7,
        "activePlayerCount": 263,
        "LinkVideo": "https://files.catbox.moe/9lo35f.webm",
        "LinkMp3": "https://files.catbox.moe/i2wg7e.mp3"
    },
    {
        "animeEng": "Zan Sayonara Zetsub\u014d Sensei",
        "animeRomaji": "Zan Sayonara Zetsub\u014d Sensei",
        "songName": "Zetsub\u014d Sensei Ekaki Uta",
        "artist": "Miyu Matsuki, Marina Inoue",
        "type": "Insert Song",
        "correctCount": 104,
        "startTime": 0,
        "songDuration": 41.232,
        "songNumber": 8,
        "activePlayerCount": 261,
        "LinkVideo": "https://files.catbox.moe/5o3lvf.webm",
        "LinkMp3": "https://files.catbox.moe/qteifs.mp3"
    },
    {
        "animeEng": "We Never Learn!: BOKUBEN Season 2",
        "animeRomaji": "Boku-tachi wa Benky\u014d ga Dekinai!",
        "songName": "H\u014dkago no Liberty",
        "artist": "halca",
        "type": "Ending 1",
        "correctCount": 90,
        "startTime": 28,
        "songDuration": 92.28,
        "songNumber": 9,
        "activePlayerCount": 263,
        "LinkVideo": "https://files.catbox.moe/kyrukz.webm",
        "LinkMp3": "https://files.catbox.moe/ld9as3.mp3"
    },
    {
        "animeEng": "The Pet Girl of Sakurasou",
        "animeRomaji": "Sakura-s\u014d no Pet na Kanojo",
        "songName": "Yume no Tsuzuki",
        "artist": "Konomi Suzuki",
        "type": "Opening 2",
        "correctCount": 132,
        "startTime": 42,
        "songDuration": 89.208,
        "songNumber": 10,
        "activePlayerCount": 263,
        "LinkVideo": "https://files.catbox.moe/78ent5.webm",
        "LinkMp3": "https://files.catbox.moe/7a5soi.mp3"
    },
    {
        "animeEng": "A Bridge to the Starry Skies",
        "animeRomaji": "Hoshizora e Kakaru Hashi",
        "songName": "Hoshikaze no Horoscope",
        "artist": "Nomico",
        "type": "Opening 1",
        "correctCount": 62,
        "startTime": 20,
        "songDuration": 89.928,
        "songNumber": 11,
        "activePlayerCount": 263,
        "LinkVideo": "https://files.catbox.moe/o1lgmq.webm",
        "LinkMp3": "https://files.catbox.moe/7t85do.mp3"
    },
    {
        "animeEng": "The Kawai Complex Guide to Manors and Hostel Behavior",
        "animeRomaji": "Bokura wa Minna Kawai-s\u014d",
        "songName": "Itsuka no, Iku Tsuka no Kimi to no Sekai",
        "artist": "fh\u00e1na",
        "type": "Opening 1",
        "correctCount": 93,
        "startTime": 17,
        "songDuration": 90.096,
        "songNumber": 12,
        "activePlayerCount": 263,
        "LinkVideo": "https://files.catbox.moe/azla00.webm",
        "LinkMp3": "https://files.catbox.moe/jppedj.mp3"
    },
    {
        "animeEng": "Ghost Hunt",
        "animeRomaji": "Ghost Hunt",
        "songName": "Main Theme",
        "artist": "Toshio Masuda",
        "type": "Opening 1",
        "correctCount": 48,
        "startTime": 16,
        "songDuration": 87.066122,
        "songNumber": 13,
        "activePlayerCount": 263,
        "LinkVideo": "https://files.catbox.moe/xh3pgc.webm",
        "LinkMp3": "https://files.catbox.moe/ito09x.mp3"
    },
    {
        "animeEng": "El-Hazard: The Magnificent World",
        "animeRomaji": "Shinpi no Sekai El Hazard",
        "songName": "Shinpi no Sekai El Hazard Main Theme",
        "artist": "Seikou Nagaoka",
        "type": "Opening 1",
        "correctCount": 6,
        "startTime": 37,
        "songDuration": 92.04,
        "songNumber": 14,
        "activePlayerCount": 264,
        "LinkVideo": "https://files.catbox.moe/l7cyf1.webm",
        "LinkMp3": "https://files.catbox.moe/12lkvg.mp3"
    },
    {
        "animeEng": "Digimon Adventure",
        "animeRomaji": "Digimon Adventure",
        "songName": "Seven",
        "artist": "Kouji Wada",
        "type": "Insert Song",
        "correctCount": 40,
        "startTime": 33,
        "songDuration": 141.024,
        "songNumber": 15,
        "activePlayerCount": 264,
        "LinkVideo": "https://files.catbox.moe/3ptwpi.webm",
        "LinkMp3": "https://files.catbox.moe/iazcxm.mp3"
    },
    {
        "animeEng": "Hyperdimension Neptunia",
        "animeRomaji": "Ch\u014djigen Game Neptune The Animation",
        "songName": "Dimension tripper!!!",
        "artist": "nao",
        "type": "Opening 1",
        "correctCount": 155,
        "startTime": 49,
        "songDuration": 88.92,
        "songNumber": 16,
        "activePlayerCount": 264,
        "LinkVideo": "https://files.catbox.moe/ak6tf9.webm",
        "LinkMp3": "https://files.catbox.moe/q4hk9a.mp3"
    },
    {
        "animeEng": "Initial D: Extra Stage",
        "animeRomaji": "Initial D: Extra Stage",
        "songName": "impact BLUE",
        "artist": "Michiko Neya & Yumi Kakazu",
        "type": "Insert Song",
        "correctCount": 20,
        "startTime": 1,
        "songDuration": 147.552,
        "songNumber": 17,
        "activePlayerCount": 264,
        "LinkVideo": "https://files.catbox.moe/usd6kr.webm",
        "LinkMp3": "https://files.catbox.moe/6gwbss.mp3"
    },
    {
        "animeEng": "PriPara & Kiratto Pri\u2606Chan ~Kira Kira Memorial Live~",
        "animeRomaji": "PriPara & Kiratto Pri\u2606Chan ~Kira Kira Memorial Live~",
        "songName": "Ring Ring\u266a GaraFaLand",
        "artist": "Asuza Satou & Tomoyo Kurosawa",
        "type": "Insert Song",
        "correctCount": 9,
        "startTime": 62,
        "songDuration": 124.56,
        "songNumber": 18,
        "activePlayerCount": 264,
        "LinkVideo": "https://files.catbox.moe/5kelo4.webm",
        "LinkMp3": "https://files.catbox.moe/wuj780.mp3"
    },
    {
        "animeEng": "My Teen Romantic Comedy SNAFU",
        "animeRomaji": "Oregairu",
        "songName": "Hello Alone",
        "artist": "Saori Hayami & Nao T\u014dyama",
        "type": "Ending 1",
        "correctCount": 123,
        "startTime": 23,
        "songDuration": 87.144,
        "songNumber": 19,
        "activePlayerCount": 263,
        "LinkVideo": "https://files.catbox.moe/mtxmfx.webm",
        "LinkMp3": "https://files.catbox.moe/tz2gfc.mp3"
    },
    {
        "animeEng": "Digimon Adventure: Born of Koromon",
        "animeRomaji": "Digimon Adventure: Born of Koromon",
        "songName": "Butter-Fly",
        "artist": "Kouji Wada",
        "type": "Ending 1",
        "correctCount": 153,
        "startTime": 8,
        "songDuration": 61.54449,
        "songNumber": 20,
        "activePlayerCount": 263,
        "LinkVideo": "https://files.catbox.moe/hnpd5k.webm",
        "LinkMp3": "https://files.catbox.moe/frsoce.mp3"
    },
    {
        "animeEng": "PERSONA5 the Animation: A Magical Valentine's Day",
        "animeRomaji": "PERSONA5 the Animation: A Magical Valentine's Day",
        "songName": "Dark Sun...",
        "artist": "Lyn",
        "type": "Opening 1",
        "correctCount": 221,
        "startTime": 1,
        "songDuration": 87.588571,
        "songNumber": 21,
        "activePlayerCount": 263,
        "LinkVideo": "https://files.catbox.moe/hstkrv.webm",
        "LinkMp3": "https://files.catbox.moe/ewf3kz.mp3"
    },
    {
        "animeEng": "OBSOLETE",
        "animeRomaji": "OBSOLETE",
        "songName": "ORB-SOLUTION #1 contact",
        "artist": "TECHNOBOYS PULCRAFT GREEN-FUND",
        "type": "Ending 1",
        "correctCount": 18,
        "startTime": 21,
        "songDuration": 58.224,
        "songNumber": 22,
        "activePlayerCount": 262,
        "LinkVideo": "https://files.catbox.moe/z1vozu.webm",
        "LinkMp3": "https://files.catbox.moe/n7wxks.mp3"
    },
    {
        "animeEng": "Queen Emeraldas",
        "animeRomaji": "Queen Emeraldas",
        "songName": "Silent Song",
        "artist": "Tamami Matsumoto",
        "type": "Ending 1",
        "correctCount": 2,
        "startTime": 47,
        "songDuration": 94.056,
        "songNumber": 23,
        "activePlayerCount": 262,
        "LinkVideo": "https://files.catbox.moe/31uoaf.webm",
        "LinkMp3": "https://files.catbox.moe/oovzjw.mp3",
        "correctPlayers": [
            "TheOnlyOne",
            "tip"
        ]
    },
    {
        "animeEng": "A Sister's All You Need",
        "animeRomaji": "Im\u014dto Sae Ireba Ii.",
        "songName": "Ashita no Kimi Sae Ireba Ii.",
        "artist": "ChouCho",
        "type": "Opening 1",
        "correctCount": 99,
        "startTime": 46,
        "songDuration": 88.476735,
        "songNumber": 24,
        "activePlayerCount": 261,
        "LinkVideo": "https://files.catbox.moe/t0vj4f.webm",
        "LinkMp3": "https://files.catbox.moe/7sbyy2.mp3"
    },
    {
        "animeEng": "Hyperdimension Neptunia",
        "animeRomaji": "Ch\u014djigen Game Neptune The Animation",
        "songName": "Dimension tripper!!!",
        "artist": "nao",
        "type": "Opening 1",
        "correctCount": 167,
        "startTime": 31,
        "songDuration": 88.728,
        "songNumber": 25,
        "activePlayerCount": 261,
        "LinkVideo": "https://files.catbox.moe/vmipot.webm",
        "LinkMp3": "https://files.catbox.moe/hcdihu.mp3"
    },
    {
        "animeEng": "Haiyoru! Nyaruani: Remember My Mr. Lovecraft",
        "animeRomaji": "Haiyoru! Nyaruani: Remember My Love (Craft-sensei)",
        "songName": "Koisuru Otome no Catharsis",
        "artist": "LISP",
        "type": "Opening 1",
        "correctCount": 18,
        "startTime": 10,
        "songDuration": 89.016,
        "songNumber": 26,
        "activePlayerCount": 260,
        "LinkVideo": "https://files.catbox.moe/6qhs8t.webm",
        "LinkMp3": "https://files.catbox.moe/m4u2az.mp3"
    },
    {
        "animeEng": "RErideD: Derrida, who leaps through time",
        "animeRomaji": "RErideD: Tokigoe no Derrida",
        "songName": "PARADOX",
        "artist": "QUADRANGLE",
        "type": "Opening 1",
        "correctCount": 21,
        "startTime": 15,
        "songDuration": 87.823673,
        "songNumber": 27,
        "activePlayerCount": 259,
        "LinkVideo": "https://files.catbox.moe/x3ahl3.webm",
        "LinkMp3": "https://files.catbox.moe/r91n5t.mp3"
    },
    {
        "animeEng": "Ky\u014d kara Ma\u014d! R",
        "animeRomaji": "Ky\u014d kara Ma\u014d! R",
        "songName": "Romantic Morning",
        "artist": "THE STAND UP",
        "type": "Opening 1",
        "correctCount": 7,
        "startTime": 37,
        "songDuration": 88.032,
        "songNumber": 28,
        "activePlayerCount": 257,
        "LinkVideo": "https://files.catbox.moe/jzmmkg.webm",
        "LinkMp3": "https://files.catbox.moe/nnkucr.mp3"
    },
    {
        "animeEng": "Gallery Fake",
        "animeRomaji": "Gallery Fake",
        "songName": "Omoisugoshi no Kounou",
        "artist": "Santara",
        "type": "Ending 1",
        "correctCount": 3,
        "startTime": 8,
        "songDuration": 89.112,
        "songNumber": 29,
        "activePlayerCount": 256,
        "LinkVideo": "https://files.catbox.moe/415uy3.webm",
        "LinkMp3": "https://files.catbox.moe/8yirdt.mp3",
        "correctPlayers": [
            "Hannan",
            "Blacky_Doll",
            "watashiii"
        ]
    },
    {
        "animeEng": "Eiga Suite Precure: Torimodose! Kokoro ga Tsunagu Kiseki no Melody",
        "animeRomaji": "Eiga Suite Precure: Torimodose! Kokoro ga Tsunagu Kiseki no Melody",
        "songName": "Kokoro no Uta",
        "artist": "Remi",
        "type": "Ending 1",
        "correctCount": 4,
        "startTime": 68,
        "songDuration": 121.752,
        "songNumber": 30,
        "activePlayerCount": 255,
        "LinkVideo": "https://files.catbox.moe/w6sz83.webm",
        "LinkMp3": "https://files.catbox.moe/817xbm.mp3",
        "correctPlayers": [
            "Whiteclone",
            "Sniparook",
            "Precure",
            "Cirquit"
        ]
    },
    {
        "animeEng": "Battle of the Planets",
        "animeRomaji": "Gatchaman",
        "songName": "Gatchaman no Uta",
        "artist": "Masato Shimon",
        "type": "Opening 2",
        "correctCount": 43,
        "startTime": 0,
        "songDuration": 86.832,
        "songNumber": 31,
        "activePlayerCount": 255,
        "LinkVideo": "https://files.catbox.moe/98sxuk.webm",
        "LinkMp3": "https://files.catbox.moe/6drd1k.mp3"
    },
    {
        "animeEng": "A Certain Scientific Railgun",
        "animeRomaji": "Toaru Kagaku no Railgun",
        "songName": "LEVEL5-judgelight-",
        "artist": "fripSide",
        "type": "Opening 2",
        "correctCount": 202,
        "startTime": 54,
        "songDuration": 89.784,
        "songNumber": 32,
        "activePlayerCount": 254,
        "LinkVideo": "https://files.catbox.moe/jtkwac.webm",
        "LinkMp3": "https://files.catbox.moe/hf6t6d.mp3"
    },
    {
        "animeEng": "Neon Genesis Evangelion: The End of Evangelion",
        "animeRomaji": "Shinseiki Evangelion Gekij\u014dban: The End of Evangelion: Air/Magokoro o, Kimi ni",
        "songName": "Komm, s\u00fcsser Tod",
        "artist": "ARIANNE",
        "type": "Insert Song",
        "correctCount": 108,
        "startTime": 153,
        "songDuration": 459.075918,
        "songNumber": 33,
        "activePlayerCount": 255,
        "LinkVideo": "https://files.catbox.moe/erfx0v.webm",
        "LinkMp3": "https://files.catbox.moe/tofn88.mp3"
    },
    {
        "animeEng": "Uma Musume: Pretty Derby - BNW no Chikai",
        "animeRomaji": "Uma Musume: Pretty Derby - BNW no Chikai",
        "songName": "Make debut!",
        "artist": "Azumi Waki, Marika K\u014dno, Machico, Ayaka Ohashi, Chisa Kimura, Hitomi Ueda, Saori \u014cnishi",
        "type": "Opening 1",
        "correctCount": 58,
        "startTime": 23,
        "songDuration": 87.504,
        "songNumber": 34,
        "activePlayerCount": 253,
        "LinkVideo": "https://files.catbox.moe/xfaucu.webm",
        "LinkMp3": "https://files.catbox.moe/i0tb1b.mp3"
    },
    {
        "animeEng": "Stand My Heroes",
        "animeRomaji": "Stand My Heroes",
        "songName": "Precious My Heroes",
        "artist": "fox capture plan feat. Issui Miyamoto",
        "type": "Ending 1",
        "correctCount": 15,
        "startTime": 46,
        "songDuration": 88.776,
        "songNumber": 35,
        "activePlayerCount": 252,
        "LinkVideo": "https://files.catbox.moe/ssj7m3.webm",
        "LinkMp3": "https://files.catbox.moe/11pzbd.mp3"
    },
    {
        "animeEng": "Detective Conan: The Crimson Love Letter",
        "animeRomaji": "Meitantei Conan: Kara Kurenai no Love Letter",
        "songName": "Togetsuky\u014d ~Kimi Omou~",
        "artist": "Mai Kuraki",
        "type": "Ending 1",
        "correctCount": 59,
        "startTime": 81,
        "songDuration": 223.271775,
        "songNumber": 36,
        "activePlayerCount": 253,
        "LinkVideo": "https://files.catbox.moe/zrtpny.webm",
        "LinkMp3": "https://files.catbox.moe/fk99ik.mp3"
    },
    {
        "animeEng": "Kirakira\u2606Precure A La Mode",
        "animeRomaji": "Kirakira\u2606Precure A La Mode",
        "songName": "Shooby Dooby\u2606Sweets Time",
        "artist": "Kanako Miyamoto",
        "type": "Ending 2",
        "correctCount": 16,
        "startTime": 51,
        "songDuration": 88.56,
        "songNumber": 37,
        "activePlayerCount": 252,
        "LinkVideo": "https://files.catbox.moe/fjgkcu.webm",
        "LinkMp3": "https://files.catbox.moe/1md5tn.mp3"
    },
    {
        "animeEng": "Medaka Box",
        "animeRomaji": "Medaka Box",
        "songName": "Ohanabatake ni Tsuretette",
        "artist": "Aki Toyosaki",
        "type": "Ending 1",
        "correctCount": 39,
        "startTime": 19,
        "songDuration": 89.928,
        "songNumber": 38,
        "activePlayerCount": 254,
        "LinkVideo": "https://files.catbox.moe/75fy42.webm",
        "LinkMp3": "https://files.catbox.moe/fif4rz.mp3"
    },
    {
        "animeEng": "Ojamajo Doremi #",
        "animeRomaji": "Ojamajo Doremi #",
        "songName": "Ojamajo wa Koko ni Iru",
        "artist": "MAHO-dou",
        "type": "Opening 1",
        "correctCount": 47,
        "startTime": 10,
        "songDuration": 87.614694,
        "songNumber": 39,
        "activePlayerCount": 254,
        "LinkVideo": "https://animethemes.moe/video/OjamajoDoremiSharp-OP1.webm",
        "LinkMp3": "https://files.catbox.moe/fwe012.mp3"
    },
    {
        "animeEng": "Wake Up, Girls! New Chapter",
        "animeRomaji": "Wake Up, Girls! Shin Sh\u014d",
        "songName": "Aoba Blues",
        "artist": "The Cashew Nut",
        "type": "Insert Song",
        "correctCount": 7,
        "startTime": 2,
        "songDuration": 39.915102,
        "songNumber": 40,
        "activePlayerCount": 254,
        "LinkVideo": "https://files.catbox.moe/p3jbca.webm",
        "LinkMp3": "https://files.catbox.moe/0kun04.mp3"
    },
    {
        "animeEng": "Case Closed",
        "animeRomaji": "Meitantei Conan",
        "songName": "Togetsuky\u014d ~Kimi Omou~",
        "artist": "Mai Kuraki",
        "type": "Ending 55",
        "correctCount": 81,
        "startTime": 11,
        "songDuration": 79.392,
        "songNumber": 41,
        "activePlayerCount": 254,
        "LinkVideo": "https://files.catbox.moe/06nxc6.webm",
        "LinkMp3": "https://files.catbox.moe/cmqnzb.mp3"
    },
    {
        "animeEng": "Granblue Fantasy the Animation Season 2",
        "animeRomaji": "Granblue Fantasy the Animation Season 2",
        "songName": "Stay With Me",
        "artist": "Seven Billion Dots",
        "type": "Opening 1",
        "correctCount": 93,
        "startTime": 19,
        "songDuration": 89.112,
        "songNumber": 42,
        "activePlayerCount": 254,
        "LinkVideo": "https://files.catbox.moe/8rn0b2.webm",
        "LinkMp3": "https://files.catbox.moe/q3j5kc.mp3"
    },
    {
        "animeEng": "Persona4 The Animation -The Factor of Hope-",
        "animeRomaji": "Persona4 The Animation -The Factor of Hope-",
        "songName": "Reach Out To The Truth",
        "artist": "Shihoko Hirata",
        "type": "Insert Song",
        "correctCount": 162,
        "startTime": 42,
        "songDuration": 76.296,
        "songNumber": 43,
        "activePlayerCount": 254,
        "LinkVideo": "https://files.catbox.moe/g8uygc.webm",
        "LinkMp3": "https://files.catbox.moe/ai8939.mp3"
    },
    {
        "animeEng": "Bakuman.",
        "animeRomaji": "Bakuman.",
        "songName": "23-ji 40-pun",
        "artist": "Hyadain feat. Base Ball Bear",
        "type": "Opening 2",
        "correctCount": 84,
        "startTime": 16,
        "songDuration": 92.16,
        "songNumber": 44,
        "activePlayerCount": 255,
        "LinkVideo": "https://files.catbox.moe/gdlo37.webm",
        "LinkMp3": "https://files.catbox.moe/vo0z5q.mp3"
    },
    {
        "animeEng": "DRAGON PILOT: Hisone & Masotan",
        "animeRomaji": "HisoMaso",
        "songName": "Le temps de la rentr\u00e9e ~Koi no Ieji (Shingakki)~",
        "artist": "Misaki Kuno\u00d7Maki Kawase feat. Kaori Nazuka\u00d7Satomi Arai",
        "type": "Ending 3",
        "correctCount": 137,
        "startTime": 19,
        "songDuration": 88.032,
        "songNumber": 45,
        "activePlayerCount": 255,
        "LinkVideo": "https://files.catbox.moe/cy81yn.webm",
        "LinkMp3": "https://files.catbox.moe/2zf78t.mp3"
    },
    {
        "animeEng": "Homeless Child Remi",
        "animeRomaji": "Ie Naki Ko Remi",
        "songName": "Ai ni Tsuite",
        "artist": "Masashi Sada",
        "type": "Opening 1",
        "correctCount": 7,
        "startTime": 43,
        "songDuration": 88.344,
        "songNumber": 46,
        "activePlayerCount": 252,
        "LinkVideo": "https://files.catbox.moe/sl4yfg.webm",
        "LinkMp3": "https://files.catbox.moe/2plqyx.mp3"
    },
    {
        "animeEng": "Assassination Classroom Second Season",
        "animeRomaji": "Ansatsu Ky\u014dshitsu Final Season",
        "songName": "QUESTION",
        "artist": "3-nen E-gumi Utatan",
        "type": "Opening 1",
        "correctCount": 191,
        "startTime": 11,
        "songDuration": 90.017959,
        "songNumber": 47,
        "activePlayerCount": 252,
        "LinkVideo": "https://files.catbox.moe/9ck8c6.webm",
        "LinkMp3": "https://files.catbox.moe/1uz4h0.mp3"
    },
    {
        "animeEng": "No Guns Life",
        "animeRomaji": "No Guns Life",
        "songName": "MOTOR CITY",
        "artist": "Kenichi Asai",
        "type": "Opening 1",
        "correctCount": 91,
        "startTime": 30,
        "songDuration": 89.76,
        "songNumber": 48,
        "activePlayerCount": 252,
        "LinkVideo": "https://files.catbox.moe/yfkowp.webm",
        "LinkMp3": "https://files.catbox.moe/ig0bzr.mp3"
    },
    {
        "animeEng": "Cardfight!! Vanguard Gaiden if",
        "animeRomaji": "Cardfight!! Vanguard Gaiden if",
        "songName": "What-if Wonderland!!",
        "artist": "Argonavis",
        "type": "Opening 1",
        "correctCount": 29,
        "startTime": 43,
        "songDuration": 87.84,
        "songNumber": 49,
        "activePlayerCount": 252,
        "LinkVideo": "https://files.catbox.moe/atjj7p.webm",
        "LinkMp3": "https://files.catbox.moe/g1zvlg.mp3"
    },
    {
        "animeEng": "Saekano: How to Raise a Boring Girlfriend Flat",
        "animeRomaji": "Saenai Heroine no Sodate-kata Flat",
        "songName": "GLISTENING\u266d",
        "artist": "Kiyono Yasuno",
        "type": "Insert Song",
        "correctCount": 53,
        "startTime": 58,
        "songDuration": 132.096,
        "songNumber": 50,
        "activePlayerCount": 252,
        "LinkVideo": "https://files.catbox.moe/kfbvd6.webm",
        "LinkMp3": "https://files.catbox.moe/ihtxhs.mp3"
    },
    {
        "animeEng": "The Familiar of Zero: Knight of the Twin Moons",
        "animeRomaji": "Zero no Tsukaima: Futatsuki no Kishi",
        "songName": "I SAY YES",
        "artist": "ICHIKO",
        "type": "Opening 1",
        "correctCount": 85,
        "startTime": 29,
        "songDuration": 90.148571,
        "songNumber": 51,
        "activePlayerCount": 251,
        "LinkVideo": "https://files.catbox.moe/1cprcv.webm",
        "LinkMp3": "https://files.catbox.moe/2cokav.mp3"
    },
    {
        "animeEng": "The Highschool Life of a Fudanshi",
        "animeRomaji": "Fudanshi K\u014dk\u014d Seikatsu",
        "songName": "SEKAI wa Boy Meets Boy\u2642",
        "artist": "Wataru Hatano",
        "type": "Ending 1",
        "correctCount": 113,
        "startTime": 0,
        "songDuration": 28.968,
        "songNumber": 52,
        "activePlayerCount": 250,
        "LinkVideo": "https://files.catbox.moe/30841p.webm",
        "LinkMp3": "https://files.catbox.moe/kmda0k.mp3"
    },
    {
        "animeEng": "Tide-Line Blue",
        "animeRomaji": "Tide-Line Blue",
        "songName": "Blue Treasure",
        "artist": "Minami Kuribayashi",
        "type": "Opening 1",
        "correctCount": 12,
        "startTime": 25,
        "songDuration": 89.496,
        "songNumber": 53,
        "activePlayerCount": 250,
        "LinkVideo": "https://files.catbox.moe/xpiqss.webm",
        "LinkMp3": "https://files.catbox.moe/a68dty.mp3"
    },
    {
        "animeEng": "Case Closed",
        "animeRomaji": "Meitantei Conan",
        "songName": "Nemuru Kimi no Yokogao ni Hohoemi wo",
        "artist": "U-ka saegusa IN db",
        "type": "Ending 19",
        "correctCount": 80,
        "startTime": 24,
        "songDuration": 84.288,
        "songNumber": 54,
        "activePlayerCount": 249,
        "LinkVideo": "https://files.catbox.moe/5q44zf.webm",
        "LinkMp3": "https://files.catbox.moe/8trf64.mp3"
    },
    {
        "animeEng": "Di Gi Charat Ohanami Special",
        "animeRomaji": "Di Gi Charat Ohanami Special",
        "songName": "see you see you",
        "artist": "Asami Sanada, Miyuki Sawashiro, Kyoko Hikami",
        "type": "Ending 1",
        "correctCount": 9,
        "startTime": 20,
        "songDuration": 59.52,
        "songNumber": 55,
        "activePlayerCount": 249,
        "LinkVideo": "https://files.catbox.moe/913m1n.webm",
        "LinkMp3": "https://files.catbox.moe/n1ra0s.mp3"
    },
    {
        "animeEng": "Hourglass of Summer Colours",
        "animeRomaji": "Natsuiro no Sunadokei",
        "songName": "Drive away dream",
        "artist": "Nana Mizuki",
        "type": "Opening 1",
        "correctCount": 11,
        "startTime": 16,
        "songDuration": 111.792,
        "songNumber": 56,
        "activePlayerCount": 247,
        "LinkVideo": "https://files.catbox.moe/x7bv6i.webm",
        "LinkMp3": "https://files.catbox.moe/qedia9.mp3"
    },
    {
        "animeEng": "The Transformers: The Movie",
        "animeRomaji": "The Transformers: The Movie",
        "songName": "INSTRUMENTS OF DESTRUCTION",
        "artist": "NRG",
        "type": "Insert Song",
        "correctCount": 9,
        "startTime": 10,
        "songDuration": 82.392,
        "songNumber": 57,
        "activePlayerCount": 248,
        "LinkVideo": "https://files.catbox.moe/pbdpxm.webm",
        "LinkMp3": "https://files.catbox.moe/u3yapw.mp3"
    },
    {
        "animeEng": "Fantastic Children",
        "animeRomaji": "Fantastic Children",
        "songName": "Voyage",
        "artist": "Inori",
        "type": "Opening 1",
        "correctCount": 11,
        "startTime": 2,
        "songDuration": 86.439184,
        "songNumber": 58,
        "activePlayerCount": 246,
        "LinkVideo": "https://files.catbox.moe/qhsewz.webm",
        "LinkMp3": "https://files.catbox.moe/kykgbk.mp3"
    },
    {
        "animeEng": "Little Witch Academia",
        "animeRomaji": "Little Witch Academia",
        "songName": "MIND CONDUCTOR",
        "artist": "YURiKA",
        "type": "Opening 2",
        "correctCount": 132,
        "startTime": 56,
        "songDuration": 89.976,
        "songNumber": 59,
        "activePlayerCount": 247,
        "LinkVideo": "https://files.catbox.moe/z3au7o.webm",
        "LinkMp3": "https://files.catbox.moe/qrltr4.mp3"
    },
    {
        "animeEng": "Blue Submarine No.6",
        "animeRomaji": "Ao no 6-g\u014d",
        "songName": "Minasoko ni Nemure",
        "artist": "THE THRILL feat. YUKARIE",
        "type": "Ending 1",
        "correctCount": 6,
        "startTime": 126,
        "songDuration": 185.051429,
        "songNumber": 60,
        "activePlayerCount": 247,
        "LinkVideo": "https://files.catbox.moe/21wb9z.webm",
        "LinkMp3": "https://files.catbox.moe/cjso0n.mp3"
    },
    {
        "animeEng": "Battle Spirits: Double Drive",
        "animeRomaji": "Battle Spirits: Double Drive",
        "songName": "FRONTIER DRIVE",
        "artist": "Kosuke Oki",
        "type": "Opening 1",
        "correctCount": 7,
        "startTime": 14,
        "songDuration": 88.058776,
        "songNumber": 61,
        "activePlayerCount": 247,
        "LinkVideo": "https://files.catbox.moe/6ryju9.webm",
        "LinkMp3": "https://files.catbox.moe/0zt173.mp3"
    },
    {
        "animeEng": "009-1",
        "animeRomaji": "009-1",
        "songName": "Destiny girl",
        "artist": "Minato",
        "type": "Opening 1",
        "correctCount": 12,
        "startTime": 28,
        "songDuration": 89.28,
        "songNumber": 62,
        "activePlayerCount": 247,
        "LinkVideo": "https://files.catbox.moe/diepkz.webm",
        "LinkMp3": "https://files.catbox.moe/qms2cm.mp3"
    },
    {
        "animeEng": "Dragon Ball Z Kai",
        "animeRomaji": "Dragon Ball Kai",
        "songName": "Tatta Hitori no Senshi",
        "artist": "Takeshi Kusao",
        "type": "Insert Song",
        "correctCount": 8,
        "startTime": 5,
        "songDuration": 107.28,
        "songNumber": 63,
        "activePlayerCount": 245,
        "LinkVideo": "https://files.catbox.moe/skqbr5.webm",
        "LinkMp3": "https://files.catbox.moe/jra4pt.mp3"
    },
    {
        "animeEng": "Mobile Suit Gundam Narrative",
        "animeRomaji": "Kid\u014d Senshi Gundam NT",
        "songName": "Vigilante",
        "artist": "mpi,Gemie",
        "type": "Insert Song",
        "correctCount": 32,
        "startTime": 75,
        "songDuration": 148.824,
        "songNumber": 64,
        "activePlayerCount": 246,
        "LinkVideo": "https://files.catbox.moe/0shzil.webm",
        "LinkMp3": "https://files.catbox.moe/034dck.mp3"
    },
    {
        "animeEng": "Fate/stay night: Unlimited Blade Works",
        "animeRomaji": "Fate/stay night: Unlimited Blade Works",
        "songName": "Voice ~Tadoritsuku Basho~",
        "artist": "Sachi Tainaka",
        "type": "Ending 1",
        "correctCount": 26,
        "startTime": 143,
        "songDuration": 177.48,
        "songNumber": 65,
        "activePlayerCount": 245,
        "LinkVideo": "https://files.catbox.moe/5hliw8.webm",
        "LinkMp3": "https://files.catbox.moe/8l3ktn.mp3"
    },
    {
        "animeEng": "Psychic Squad OVA",
        "animeRomaji": "Zettai Karen Children: Aita Z\u014dsei! Ubawareta Mirai?",
        "songName": "\u2026Out of control\u2026",
        "artist": "Karen GUY'S",
        "type": "Insert Song",
        "correctCount": 0,
        "startTime": 26,
        "songDuration": 74.184,
        "songNumber": 66,
        "activePlayerCount": 246,
        "LinkVideo": "https://files.catbox.moe/p6uf6i.webm",
        "LinkMp3": "https://files.catbox.moe/099yca.mp3"
    },
    {
        "animeEng": "BanG Dream!",
        "animeRomaji": "BanG Dream!",
        "songName": "STAR BEAT! ~Hoshi no Kodou~",
        "artist": "Poppin'Party",
        "type": "Insert Song",
        "correctCount": 105,
        "startTime": 56,
        "songDuration": 132.024,
        "songNumber": 67,
        "activePlayerCount": 245,
        "LinkVideo": "https://files.catbox.moe/86kari.webm",
        "LinkMp3": "https://files.catbox.moe/lbtu0k.mp3"
    },
    {
        "animeEng": "The Rolling Girls",
        "animeRomaji": "Rolling\u2606Girls",
        "songName": "Hito ni Yasashiku",
        "artist": "THE ROLLING GIRLS",
        "type": "Opening 1",
        "correctCount": 70,
        "startTime": 53,
        "songDuration": 87.72,
        "songNumber": 68,
        "activePlayerCount": 245,
        "LinkVideo": "https://files.catbox.moe/0uqf6e.webm",
        "LinkMp3": "https://files.catbox.moe/e40mhh.mp3"
    },
    {
        "animeEng": "Psycho Diver: Soul Siren",
        "animeRomaji": "Psycho Diver: Mash\u014d Bosatsu",
        "songName": "THE END",
        "artist": "Kate T. Vogt",
        "type": "Ending 1",
        "correctCount": 2,
        "startTime": 119,
        "songDuration": 178.8,
        "songNumber": 69,
        "activePlayerCount": 245,
        "LinkVideo": "https://files.catbox.moe/u576j7.webm",
        "LinkMp3": "https://files.catbox.moe/n933g7.mp3",
        "correctPlayers": [
            "SuperstarPearl",
            "watashiii"
        ]
    },
    {
        "animeEng": "Banana Fish",
        "animeRomaji": "Banana Fish",
        "songName": "FREEDOM",
        "artist": "BLUE ENCOUNT",
        "type": "Opening 2",
        "correctCount": 90,
        "startTime": 38,
        "songDuration": 88.293878,
        "songNumber": 70,
        "activePlayerCount": 245,
        "LinkVideo": "https://files.catbox.moe/m5xrho.webm",
        "LinkMp3": "https://files.catbox.moe/ty8hzb.mp3"
    },
    {
        "animeEng": "Full Metal Panic! The Second Raid",
        "animeRomaji": "Full Metal Panic! The Second Raid",
        "songName": "Mouichido Kimi ni Aitai",
        "artist": "Mikuni Shimokawa",
        "type": "Ending 1",
        "correctCount": 24,
        "startTime": 36,
        "songDuration": 87.96,
        "songNumber": 71,
        "activePlayerCount": 244,
        "LinkVideo": "https://animethemes.moe/video/FullMetalPanicTheSecondRaid-ED1.webm",
        "LinkMp3": "https://files.catbox.moe/ag1woi.mp3"
    },
    {
        "animeEng": "Armed Girl's Machiavellism",
        "animeRomaji": "Bus\u014d Sh\u014djo Machiavellism",
        "songName": "Shocking Blue",
        "artist": "Miku It\u014d",
        "type": "Opening 1",
        "correctCount": 108,
        "startTime": 33,
        "songDuration": 88.536,
        "songNumber": 72,
        "activePlayerCount": 244,
        "LinkVideo": "https://files.catbox.moe/8nipiy.webm",
        "LinkMp3": "https://files.catbox.moe/rmdl95.mp3"
    },
    {
        "animeEng": "Shin Strange+",
        "animeRomaji": "Shin Strange+",
        "songName": "3:30 -San Pun Han-",
        "artist": "POARO",
        "type": "Ending 1",
        "correctCount": 7,
        "startTime": 0,
        "songDuration": 18.99102,
        "songNumber": 73,
        "activePlayerCount": 243,
        "LinkVideo": "https://files.catbox.moe/cb0dxr.webm",
        "LinkMp3": "https://files.catbox.moe/ezzsyr.mp3"
    },
    {
        "animeEng": "Association Robot Goku",
        "animeRomaji": "Asobotto Senki Goku",
        "songName": "Kasumi Yuku Sora Se ni Shite",
        "artist": "Janne Da Arc",
        "type": "Ending 2",
        "correctCount": 6,
        "startTime": 0,
        "songDuration": 87.984,
        "songNumber": 74,
        "activePlayerCount": 244,
        "LinkVideo": "https://files.catbox.moe/wcguib.webm",
        "LinkMp3": "https://files.catbox.moe/q8v5r8.mp3"
    },
    {
        "animeEng": "UFO Robo Grendizer tai Great Mazinger",
        "animeRomaji": "UFO Robo Grendizer tai Great Mazinger",
        "songName": "Uchuu no Ouja Grendizer",
        "artist": "Isao Sasaki",
        "type": "Opening 1",
        "correctCount": 124,
        "startTime": 27,
        "songDuration": 68.04,
        "songNumber": 75,
        "activePlayerCount": 244,
        "LinkVideo": "https://files.catbox.moe/lb7hh7.webm",
        "LinkMp3": "https://files.catbox.moe/mpk8tc.mp3"
    }
]