[
    {
        "songNumber": 1,
        "animeEnglish": "Chitose Get You!!",
        "animeRomaji": "Chitose Get You!!",
        "songName": "Chitose Get You!! no Uta",
        "artist": "Sayaka Nakaya\u30fbSora Tokui\u30fbMAKO",
        "type": "Ending 1",
        "correctCount": 33,
        "activePlayers": 298,
        "startSample": 0,
        "videoLength": 29.3,
        "linkWebm": "https://files.catbox.moe/6oe1hx.webm",
        "linkMP3": "https://files.catbox.moe/uxelfj.mp3"
    },
    {
        "songNumber": 2,
        "animeEnglish": "Sakura Wars",
        "animeRomaji": "Sakura Wars",
        "songName": "Gekitei (Geki! Teikoku Kageki-dan)",
        "artist": "Chisa Yokoyama & Teikoku Kageki-dan",
        "type": "Opening 1",
        "correctCount": 133,
        "activePlayers": 315,
        "startSample": 45,
        "videoLength": 89.4,
        "linkWebm": "https://files.catbox.moe/5er4gq.webm",
        "linkMP3": "https://files.catbox.moe/av7nqm.mp3"
    },
    {
        "songNumber": 3,
        "animeEnglish": "Carole & Tuesday",
        "animeRomaji": "Carole & Tuesday",
        "songName": "Love Yourself",
        "artist": "J R Price",
        "type": "Insert Song",
        "correctCount": 111,
        "activePlayers": 317,
        "startSample": 55,
        "videoLength": 101.04,
        "linkWebm": "https://files.catbox.moe/3425co.webm",
        "linkMP3": "https://files.catbox.moe/c7niwn.mp3"
    },
    {
        "songNumber": 4,
        "animeEnglish": "Yuyushiki",
        "animeRomaji": "Yuyushiki",
        "songName": "Kirameki! no Hi",
        "artist": "J\u014dh\u014dshori-bu",
        "type": "Opening 1",
        "correctCount": 35,
        "activePlayers": 317,
        "startSample": 39,
        "videoLength": 89.09,
        "linkWebm": "https://files.catbox.moe/8tstk7.webm",
        "linkMP3": "https://files.catbox.moe/bsnwsv.mp3"
    },
    {
        "songNumber": 5,
        "animeEnglish": "PERSONA5 the Animation",
        "animeRomaji": "PERSONA5 the Animation",
        "songName": "Found a Light",
        "artist": "Lyn",
        "type": "Ending 2",
        "correctCount": 127,
        "activePlayers": 320,
        "startSample": 29,
        "videoLength": 87.46,
        "linkWebm": "https://files.catbox.moe/6zhoco.webm",
        "linkMP3": "https://files.catbox.moe/5obg4n.mp3"
    },
    {
        "songNumber": 6,
        "animeEnglish": "Kamisama Kiss",
        "animeRomaji": "Kamisama Kiss",
        "songName": "Kamisama Hajimemashita",
        "artist": "Hanae",
        "type": "Opening 1",
        "correctCount": 179,
        "activePlayers": 318,
        "startSample": 14,
        "videoLength": 87.17,
        "linkWebm": "https://files.catbox.moe/76lr8d.webm",
        "linkMP3": "https://files.catbox.moe/8yzl8r.mp3"
    },
    {
        "songNumber": 7,
        "animeEnglish": "Silver Spoon",
        "animeRomaji": "Gin no Saji",
        "songName": "Hello Especially",
        "artist": "Sukima Switch",
        "type": "Ending 1",
        "correctCount": 140,
        "activePlayers": 319,
        "startSample": 50,
        "videoLength": 89.06,
        "linkWebm": "https://files.catbox.moe/4jlihj.webm",
        "linkMP3": "https://files.catbox.moe/l4jxyi.mp3"
    },
    {
        "songNumber": 8,
        "animeEnglish": "Monster Strike: Rain of Memories",
        "animeRomaji": "Monster Strike: Rain of Memories",
        "songName": "Aurora",
        "artist": "WHITE ASH",
        "type": "Ending 1",
        "correctCount": 1,
        "activePlayers": 319,
        "startSample": 3,
        "videoLength": 201.22,
        "linkWebm": "https://files.catbox.moe/52872u.webm",
        "linkMP3": "https://files.catbox.moe/7qqvr2.mp3"
    },
    {
        "songNumber": 9,
        "animeEnglish": "Sunday Without God",
        "animeRomaji": "Kami-Nai",
        "songName": "Birth",
        "artist": "Eri Kitamura",
        "type": "Opening 1",
        "correctCount": 82,
        "activePlayers": 318,
        "startSample": 0,
        "videoLength": 88.06,
        "linkWebm": "https://files.catbox.moe/236vq0.webm",
        "linkMP3": "https://files.catbox.moe/2bbut7.mp3"
    },
    {
        "songNumber": 10,
        "animeEnglish": "Hellsing",
        "animeRomaji": "Hellsing",
        "songName": "Sensousuru nara Yumi, Yari, Ken de Tatakae!",
        "artist": "Yasushi Ishii",
        "type": "Insert Song",
        "correctCount": 52,
        "activePlayers": 318,
        "startSample": 66,
        "videoLength": 111.18,
        "linkWebm": "https://files.catbox.moe/0ht5a4.webm",
        "linkMP3": "https://files.catbox.moe/kvzsif.mp3"
    },
    {
        "songNumber": 11,
        "animeEnglish": "New Game!",
        "animeRomaji": "New Game!",
        "songName": "Sakura Skip",
        "artist": "fourfolium",
        "type": "Opening 1",
        "correctCount": 229,
        "activePlayers": 318,
        "startSample": 6,
        "videoLength": 89.3,
        "linkWebm": "https://files.catbox.moe/e6y3c5.webm",
        "linkMP3": "https://files.catbox.moe/0d2ohm.mp3"
    },
    {
        "songNumber": 12,
        "animeEnglish": "Dotto Koni-chan",
        "animeRomaji": "Dotto Koni-chan",
        "songName": "Kyaradamon",
        "artist": "Tomoe Shinohara & Ryudo Uzaki",
        "type": "Opening 1",
        "correctCount": 8,
        "activePlayers": 317,
        "startSample": 13,
        "videoLength": 89.99,
        "linkWebm": "https://files.catbox.moe/tx7c3z.webm",
        "linkMP3": "https://files.catbox.moe/616sts.mp3"
    },
    {
        "songNumber": 13,
        "animeEnglish": "Mushishi Zoku-Sh\u014d: Suzu no Shizuku",
        "animeRomaji": "Mushishi Zoku-Sh\u014d: Suzu no Shizuku",
        "songName": "SHIVER",
        "artist": "Lucy Rose",
        "type": "Opening 1",
        "correctCount": 148,
        "activePlayers": 316,
        "startSample": 32,
        "videoLength": 93.34,
        "linkWebm": "https://files.catbox.moe/3mxn1z.webm",
        "linkMP3": "https://files.catbox.moe/34w4ro.mp3"
    },
    {
        "songNumber": 14,
        "animeEnglish": "Keith Courage",
        "animeRomaji": "Mashin Eiy\u016bden Wataru",
        "songName": "a\u30fbchi-a\u30fbchi Adventure",
        "artist": "a\u30fbchi-a\u30fbchi",
        "type": "Ending 1",
        "correctCount": 2,
        "activePlayers": 315,
        "startSample": 31,
        "videoLength": 68.86,
        "linkWebm": "https://files.catbox.moe/hjhs4r.webm",
        "linkMP3": "https://files.catbox.moe/69i7fs.mp3"
    },
    {
        "songNumber": 15,
        "animeEnglish": "Natsume's Book of Friends Season 1",
        "animeRomaji": "Natsume Y\u016bjinch\u014d",
        "songName": "Issei no Sei",
        "artist": "Sh\u016bhei Kita",
        "type": "Opening 1",
        "correctCount": 86,
        "activePlayers": 314,
        "startSample": 32,
        "videoLength": 87.46,
        "linkWebm": "https://files.catbox.moe/s43jie.webm",
        "linkMP3": "https://files.catbox.moe/urphyn.mp3"
    },
    {
        "songNumber": 16,
        "animeEnglish": "Black Butler",
        "animeRomaji": "Kuroshitsuji",
        "songName": "Lacrimosa",
        "artist": "Kalafina",
        "type": "Ending 2",
        "correctCount": 36,
        "activePlayers": 314,
        "startSample": 1,
        "videoLength": 89.54,
        "linkWebm": "https://files.catbox.moe/squwad.webm",
        "linkMP3": "https://files.catbox.moe/xpprzi.mp3"
    },
    {
        "songNumber": 17,
        "animeEnglish": "Nichijou - My Ordinary Life",
        "animeRomaji": "Nichijou",
        "songName": "Zzz (A cappella)",
        "artist": "Sayaka Sasaki",
        "type": "Ending 2",
        "correctCount": 123,
        "activePlayers": 314,
        "startSample": 47,
        "videoLength": 88.7,
        "linkWebm": "https://files.catbox.moe/5b94rq.webm",
        "linkMP3": "https://files.catbox.moe/15c4bg.mp3"
    },
    {
        "songNumber": 18,
        "animeEnglish": "Triage X",
        "animeRomaji": "Triage X",
        "songName": "triage",
        "artist": "Saeko Z\u014dg\u014d feat. Nagareda Project",
        "type": "Opening 1",
        "correctCount": 45,
        "activePlayers": 314,
        "startSample": 29,
        "videoLength": 89.9,
        "linkWebm": "https://files.catbox.moe/yppsco.webm",
        "linkMP3": "https://files.catbox.moe/2o2luw.mp3"
    },
    {
        "songNumber": 19,
        "animeEnglish": "The Fantastic Adventures of Unico",
        "animeRomaji": "The Fantastic Adventures of Unico",
        "songName": "Unico's Theme",
        "artist": "Iruka",
        "type": "Insert Song",
        "correctCount": 22,
        "activePlayers": 314,
        "startSample": 9,
        "videoLength": 61.63,
        "linkWebm": "https://files.catbox.moe/ypr11w.webm",
        "linkMP3": "https://files.catbox.moe/uf71ui.mp3"
    },
    {
        "songNumber": 20,
        "animeEnglish": "Stellvia",
        "animeRomaji": "Uch\u016b no Stellvia",
        "songName": "The end of the world",
        "artist": "angela",
        "type": "Ending 2",
        "correctCount": 24,
        "activePlayers": 314,
        "startSample": 35,
        "videoLength": 70.11,
        "linkWebm": "https://files.catbox.moe/fedupi.webm",
        "linkMP3": "https://files.catbox.moe/3jdrtb.mp3"
    },
    {
        "songNumber": 21,
        "animeEnglish": "D.Gray-man",
        "animeRomaji": "D.Gray-man",
        "songName": "INNOCENT SORROW",
        "artist": "abingdon boys school",
        "type": "Opening 1",
        "correctCount": 93,
        "activePlayers": 314,
        "startSample": 49,
        "videoLength": 89.4,
        "linkWebm": "https://files.catbox.moe/6cpvug.webm",
        "linkMP3": "https://files.catbox.moe/2p2txk.mp3"
    },
    {
        "songNumber": 22,
        "animeEnglish": "Kokoro Connect",
        "animeRomaji": "Kokoro Connect",
        "songName": "I scream Chocolatl",
        "artist": "Team.Nekokan [Neko] featuring. Lia",
        "type": "Ending 4",
        "correctCount": 46,
        "activePlayers": 314,
        "startSample": 22,
        "videoLength": 87.86,
        "linkWebm": "https://files.catbox.moe/wcmd2j.webm",
        "linkMP3": "https://files.catbox.moe/axnar3.mp3"
    },
    {
        "songNumber": 23,
        "animeEnglish": "Mazinkaiser: Shit\u014d! Ankoku Daishogun",
        "animeRomaji": "Mazinkaiser: Shit\u014d! Ankoku Daishogun",
        "songName": "The Gate of the Hell",
        "artist": "JAM Project featuring Yoshiki Fukuyama",
        "type": "Opening 1",
        "correctCount": 16,
        "activePlayers": 313,
        "startSample": 182,
        "videoLength": 219.48,
        "linkWebm": "https://files.catbox.moe/drrl2i.webm",
        "linkMP3": "https://files.catbox.moe/l3ct1i.mp3"
    },
    {
        "songNumber": 24,
        "animeEnglish": "Wagnaria!!2",
        "animeRomaji": "Working'!!",
        "songName": "COOLISH WALK",
        "artist": "Kana Asumi, Eri Kitamura, Saki Fujita",
        "type": "Opening 1",
        "correctCount": 120,
        "activePlayers": 314,
        "startSample": 31,
        "videoLength": 89.14,
        "linkWebm": "https://files.catbox.moe/9583ep.webm",
        "linkMP3": "https://files.catbox.moe/pky40y.mp3"
    },
    {
        "songNumber": 25,
        "animeEnglish": "Bludgeoning Angel Dokuro-Chan 2",
        "animeRomaji": "Bokusatsu Tenshi Dokuro-chan Second",
        "songName": "Bokusatsu Tenshi Dokuro-chan 2007",
        "artist": "Saeko Chiba",
        "type": "Opening 1",
        "correctCount": 106,
        "activePlayers": 313,
        "startSample": 54,
        "videoLength": 89.38,
        "linkWebm": "https://files.catbox.moe/aanoz4.webm",
        "linkMP3": "https://files.catbox.moe/lcjbts.mp3"
    },
    {
        "songNumber": 26,
        "animeEnglish": "Demon-man Bem",
        "animeRomaji": "Y\u014dkai Ningen Bem",
        "songName": "Y\u014dkai Ningen Bem",
        "artist": "Honey Knights",
        "type": "Opening 1",
        "correctCount": 14,
        "activePlayers": 312,
        "startSample": 2,
        "videoLength": 52.06,
        "linkWebm": "https://files.catbox.moe/fjqpfg.webm",
        "linkMP3": "https://files.catbox.moe/my0spn.mp3"
    },
    {
        "songNumber": 27,
        "animeEnglish": "Grisaia: Phantom Trigger",
        "animeRomaji": "Grisaia: Phantom Trigger",
        "songName": "Gensou no Rondo",
        "artist": "Maon Kurosaki",
        "type": "Opening 1",
        "correctCount": 49,
        "activePlayers": 309,
        "startSample": 35,
        "videoLength": 89.15,
        "linkWebm": "https://files.catbox.moe/d081mo.webm",
        "linkMP3": "https://files.catbox.moe/tp1j6i.mp3"
    },
    {
        "songNumber": 28,
        "animeEnglish": "Yo-kai Watch: Shadowside",
        "animeRomaji": "Yo-kai Watch: Shadowside",
        "songName": "Susume Shounen! Hyui Hyu",
        "artist": "Hard Birds",
        "type": "Opening 2",
        "correctCount": 4,
        "activePlayers": 307,
        "startSample": 12,
        "videoLength": 84.03,
        "linkWebm": "https://files.catbox.moe/50wwix.webm",
        "linkMP3": "https://files.catbox.moe/0iiu64.mp3"
    },
    {
        "songNumber": 29,
        "animeEnglish": "Pok\u00e9mon: Black and White",
        "animeRomaji": "Pok\u00e9mon: Black and White",
        "songName": "Mite Mite\u2606Kotchitchi",
        "artist": "Momoiro Clover Z",
        "type": "Ending 4",
        "correctCount": 23,
        "activePlayers": 307,
        "startSample": 21,
        "videoLength": 80.06,
        "linkWebm": "https://files.catbox.moe/40bnu5.webm",
        "linkMP3": "https://files.catbox.moe/pu1qd9.mp3"
    },
    {
        "songNumber": 30,
        "animeEnglish": "The Troubled Life of Miss Kotoura",
        "animeRomaji": "Kotoura-san",
        "songName": "Sonna Koto Ura no Mata Urabanashi Desho?",
        "artist": "Megumi Nakajima",
        "type": "Opening 1",
        "correctCount": 105,
        "activePlayers": 305,
        "startSample": 7,
        "videoLength": 86.05,
        "linkWebm": "https://files.catbox.moe/d668ji.webm",
        "linkMP3": "https://files.catbox.moe/gxe1vj.mp3"
    },
    {
        "songNumber": 31,
        "animeEnglish": "Arve Rezzle: Kikai Jikake no Y\u014dsei-tachi",
        "animeRomaji": "Arve Rezzle: Kikai Jikake no Y\u014dsei-tachi",
        "songName": "Sha-le-la",
        "artist": "Eri Kitamura",
        "type": "Ending 1",
        "correctCount": 14,
        "activePlayers": 305,
        "startSample": 8,
        "videoLength": 104.06,
        "linkWebm": "https://files.catbox.moe/3kmkxm.webm",
        "linkMP3": "https://files.catbox.moe/s8cah3.mp3"
    },
    {
        "songNumber": 32,
        "animeEnglish": "Digimon Adventure 02: Revenge of Diablomon",
        "animeRomaji": "Digimon: Diablomon Strikes Back",
        "songName": "Target ~Akai Sh\u014dgeki~",
        "artist": "Kouji Wada",
        "type": "Insert Song",
        "correctCount": 94,
        "activePlayers": 304,
        "startSample": 0,
        "videoLength": 94.56,
        "linkWebm": "https://files.catbox.moe/qa29y6.webm",
        "linkMP3": "https://files.catbox.moe/ijaxfo.mp3"
    },
    {
        "songNumber": 33,
        "animeEnglish": "iDOLM@STER: XENOGLOSSIA",
        "animeRomaji": "iDOLM@STER: XENOGLOSSIA",
        "songName": "Koi da Mon\u2014Shoky\u016bhen",
        "artist": "Ami Koshimizu",
        "type": "Insert Song",
        "correctCount": 6,
        "activePlayers": 303,
        "startSample": 5,
        "videoLength": 108.67,
        "linkWebm": "https://files.catbox.moe/e29sw3.webm",
        "linkMP3": "https://files.catbox.moe/j1jkgk.mp3"
    },
    {
        "songNumber": 34,
        "animeEnglish": "Ascendance of a Bookworm",
        "animeRomaji": "Honzuki no Gekokuj\u014d",
        "songName": "Masshiro",
        "artist": "Sumire Morohoshi",
        "type": "Opening 1",
        "correctCount": 147,
        "activePlayers": 302,
        "startSample": 47,
        "videoLength": 89.28,
        "linkWebm": "https://files.catbox.moe/nft618.webm",
        "linkMP3": "https://files.catbox.moe/syyrdl.mp3"
    },
    {
        "songNumber": 35,
        "animeEnglish": "The Twelve Kingdoms",
        "animeRomaji": "12 Kokuki",
        "songName": "J\u016bni Genmukyoku",
        "artist": "Kunihiko Ryo",
        "type": "Opening 1",
        "correctCount": 78,
        "activePlayers": 303,
        "startSample": 55,
        "videoLength": 90.05,
        "linkWebm": "https://files.catbox.moe/gqtv3w.webm",
        "linkMP3": "https://files.catbox.moe/6tw0s0.mp3"
    },
    {
        "songNumber": 36,
        "animeEnglish": "Kono Oto Tomare!: Sounds of Life",
        "animeRomaji": "Kono Oto Tomare!",
        "songName": "Tone",
        "artist": "Sh\u014dta Aoi",
        "type": "Opening 1",
        "correctCount": 130,
        "activePlayers": 302,
        "startSample": 30,
        "videoLength": 90,
        "linkWebm": "https://files.catbox.moe/oyl42y.webm",
        "linkMP3": "https://files.catbox.moe/4dtmn6.mp3"
    },
    {
        "songNumber": 37,
        "animeEnglish": "Crossing Time",
        "animeRomaji": "Fumikiri Jikan",
        "songName": "Tomare no Susume",
        "artist": "Yuri Komagata",
        "type": "Opening 1",
        "correctCount": 69,
        "activePlayers": 304,
        "startSample": 0,
        "videoLength": 27.65,
        "linkWebm": "https://files.catbox.moe/j81due.webm",
        "linkMP3": "https://files.catbox.moe/wk8gm7.mp3"
    },
    {
        "songNumber": 38,
        "animeEnglish": "Great Mazinger",
        "animeRomaji": "Great Mazinger",
        "songName": "Great Mazinger",
        "artist": "Ichiro Mizuki & Columbia Yurikago-kai",
        "type": "Opening 1",
        "correctCount": 42,
        "activePlayers": 303,
        "startSample": 16,
        "videoLength": 58.06,
        "linkWebm": "https://files.catbox.moe/35q5aq.webm",
        "linkMP3": "https://files.catbox.moe/3u9ed1.mp3"
    },
    {
        "songNumber": 39,
        "animeEnglish": "Let's Nupu Nupu",
        "animeRomaji": "Let's Nupu Nupu",
        "songName": "Twister",
        "artist": "Jack & Betty",
        "type": "Insert Song",
        "correctCount": 11,
        "activePlayers": 302,
        "startSample": 2,
        "videoLength": 41.83,
        "linkWebm": "https://files.catbox.moe/pn43dh.webm",
        "linkMP3": "https://files.catbox.moe/qxnxk3.mp3"
    },
    {
        "songNumber": 40,
        "animeEnglish": "B-Daman CrossFire",
        "animeRomaji": "B-Daman CrossFire",
        "songName": "Tsubasa no Yukue",
        "artist": "Rin",
        "type": "Ending 1",
        "correctCount": 1,
        "activePlayers": 303,
        "startSample": 2,
        "videoLength": 42.53,
        "linkWebm": "https://files.catbox.moe/5xrt35.webm",
        "linkMP3": "https://files.catbox.moe/98qjvs.mp3"
    },
    {
        "songNumber": 41,
        "animeEnglish": "Aikatsu!",
        "animeRomaji": "Aikatsu!",
        "songName": "KIRA\u2606Power",
        "artist": "Waka\u30fbFuuri\u30fbSunao from STAR\u2606ANIS",
        "type": "Opening 1",
        "correctCount": 134,
        "activePlayers": 303,
        "startSample": 51,
        "videoLength": 89.86,
        "linkWebm": "https://files.catbox.moe/v454d2.webm",
        "linkMP3": "https://files.catbox.moe/qom78o.mp3"
    },
    {
        "songNumber": 42,
        "animeEnglish": "Yamishibai: Japanese Ghost Stories",
        "animeRomaji": "Yami Shibai",
        "songName": "Naa? Naa? Naa?",
        "artist": "The Mirraz",
        "type": "Ending 1",
        "correctCount": 75,
        "activePlayers": 302,
        "startSample": 0,
        "videoLength": 29.09,
        "linkWebm": "https://files.catbox.moe/vmbwtx.webm",
        "linkMP3": "https://files.catbox.moe/7g92eu.mp3"
    },
    {
        "songNumber": 43,
        "animeEnglish": "Go! Princess Pretty Cure the Movie Go! Go!! Gorgeous Triple Feature!!!",
        "animeRomaji": "Eiga Go! Princess Precure Go! Go!! G\u014dka 3-bon Date!!!",
        "songName": "Yume wa Mirai e no Michi",
        "artist": "Rie Kitagawa",
        "type": "Ending 2",
        "correctCount": 54,
        "activePlayers": 302,
        "startSample": 22,
        "videoLength": 90.07,
        "linkWebm": "https://files.catbox.moe/xkbjzg.webm",
        "linkMP3": "https://files.catbox.moe/6d9aoi.mp3"
    },
    {
        "songNumber": 44,
        "animeEnglish": "Please Take My Brother Away! 3",
        "animeRomaji": "Ani Ni Tsukeru Kusuri wa Nai! 3",
        "songName": "Jinji de Qingchun",
        "artist": "Yue Wang",
        "type": "Opening 1",
        "correctCount": 74,
        "activePlayers": 301,
        "startSample": 0,
        "videoLength": 27.36,
        "linkWebm": "https://files.catbox.moe/6iout3.webm",
        "linkMP3": "https://files.catbox.moe/pt6nd3.mp3"
    },
    {
        "songNumber": 45,
        "animeEnglish": "Beatless Final Stage",
        "animeRomaji": "Beatless Final Stage",
        "songName": "Truth.",
        "artist": "TrySail",
        "type": "Opening 1",
        "correctCount": 82,
        "activePlayers": 301,
        "startSample": 5,
        "videoLength": 88.8,
        "linkWebm": "https://files.catbox.moe/0gh3ko.webm",
        "linkMP3": "https://files.catbox.moe/4ltg31.mp3"
    },
    {
        "songNumber": 46,
        "animeEnglish": "Nichijou - My Ordinary Life",
        "animeRomaji": "Nichijou",
        "songName": "Yasei no Uma",
        "artist": "Tetsu Inada, Mami Kosuge, Kaoru Mizuhara, Takahiro Hikami, Ai Hirosaka, Kaori Sadohara, Ryouta Takeuchi",
        "type": "Ending 9",
        "correctCount": 70,
        "activePlayers": 301,
        "startSample": 5,
        "videoLength": 89.02,
        "linkWebm": "https://files.catbox.moe/dw6200.webm",
        "linkMP3": "https://files.catbox.moe/g4sctl.mp3"
    },
    {
        "songNumber": 47,
        "animeEnglish": "Trinity Seven",
        "animeRomaji": "Trinity Seven",
        "songName": "BEAUTIFUL\u2252SENTENCE",
        "artist": "Magus Two",
        "type": "Ending 1",
        "correctCount": 118,
        "activePlayers": 298,
        "startSample": 20,
        "videoLength": 89.86,
        "linkWebm": "https://files.catbox.moe/cft5km.webm",
        "linkMP3": "https://files.catbox.moe/4x3jeg.mp3"
    },
    {
        "songNumber": 48,
        "animeEnglish": "She, The Ultimate Weapon",
        "animeRomaji": "SaiKano",
        "songName": "Sayonara",
        "artist": "Yuria Yato",
        "type": "Ending 1",
        "correctCount": 11,
        "activePlayers": 298,
        "startSample": 40,
        "videoLength": 85.94,
        "linkWebm": "https://files.catbox.moe/8c69w4.webm",
        "linkMP3": "https://files.catbox.moe/b4lqal.mp3"
    },
    {
        "songNumber": 49,
        "animeEnglish": "Berserk: The Golden Age Arc I - The Egg of the King",
        "animeRomaji": "Berserk \u014cgon Jidai-Hen I: Ha\u014d no Tamago",
        "songName": "Aria",
        "artist": "Susumu Hirasawa",
        "type": "Opening 1",
        "correctCount": 196,
        "activePlayers": 299,
        "startSample": 34,
        "videoLength": 93.77,
        "linkWebm": "https://files.catbox.moe/mqf8zg.webm",
        "linkMP3": "https://files.catbox.moe/84yfak.mp3"
    },
    {
        "songNumber": 50,
        "animeEnglish": "Terraformars",
        "animeRomaji": "Terraformars",
        "songName": "AMAZING BREAK",
        "artist": "TERRASPEX",
        "type": "Opening 1",
        "correctCount": 134,
        "activePlayers": 299,
        "startSample": 6,
        "videoLength": 89.52,
        "linkWebm": "https://files.catbox.moe/xbh0lz.webm",
        "linkMP3": "https://files.catbox.moe/x8cs9n.mp3"
    },
    {
        "songNumber": 51,
        "animeEnglish": "School Days: Valentine Days",
        "animeRomaji": "School Days: Valentine Days",
        "songName": "Look at me",
        "artist": "YURIA",
        "type": "Insert Song",
        "correctCount": 53,
        "activePlayers": 299,
        "startSample": 13,
        "videoLength": 70.13,
        "linkWebm": "https://files.catbox.moe/21672s.webm",
        "linkMP3": "https://files.catbox.moe/jp7fdd.mp3"
    },
    {
        "songNumber": 52,
        "animeEnglish": "Beyblade",
        "animeRomaji": "Bakuten Shoot Beyblade",
        "songName": "Let's Beyblade",
        "artist": "Sick Kid featuring Lukas Rossi",
        "type": "Opening 1",
        "correctCount": 275,
        "activePlayers": 299,
        "startSample": 21,
        "videoLength": 59.93,
        "linkWebm": "https://files.catbox.moe/u3nle4.webm",
        "linkMP3": "https://files.catbox.moe/ckm177.mp3"
    },
    {
        "songNumber": 53,
        "animeEnglish": "Lupin III: Goodbye Partner",
        "animeRomaji": "Lupin Sansei: Goodbye Partner",
        "songName": "Kalanchoe Forever!",
        "artist": "Yuji Ohno & Lupintic Six with Friends feat. Miyuki Sawashiro",
        "type": "Ending 1",
        "correctCount": 5,
        "activePlayers": 300,
        "startSample": 14,
        "videoLength": 76.37,
        "linkWebm": "https://files.catbox.moe/9inbhx.webm",
        "linkMP3": "https://files.catbox.moe/rlw2ie.mp3"
    },
    {
        "songNumber": 54,
        "animeEnglish": "Show By Rock!! Short!!",
        "animeRomaji": "Show By Rock!! Short!!",
        "songName": "SASURAI",
        "artist": "Tsurezurenaru Ayatsuri Mugenan",
        "type": "Insert Song",
        "correctCount": 20,
        "activePlayers": 300,
        "startSample": 7,
        "videoLength": 49.94,
        "linkWebm": "https://files.catbox.moe/q0vwhc.webm",
        "linkMP3": "https://files.catbox.moe/u3q65c.mp3"
    },
    {
        "songNumber": 55,
        "animeEnglish": "Dragon Ball Z: The World's Strongest",
        "animeRomaji": "Dragon Ball Z: Kono Yo de Ichiban Tsuyoi Yatsu",
        "songName": "CHA-LA HEAD-CHA-LA",
        "artist": "Hironobu Kageyama",
        "type": "Opening 1",
        "correctCount": 275,
        "activePlayers": 299,
        "startSample": 44,
        "videoLength": 107.07,
        "linkWebm": "https://files.catbox.moe/r5o3zy.webm",
        "linkMP3": "https://files.catbox.moe/ewehoa.mp3"
    },
    {
        "songNumber": 56,
        "animeEnglish": "Manga de Wakaru! Fate/Grand Order",
        "animeRomaji": "Manga de Wakaru! Fate/Grand Order",
        "songName": "Mawaseba Wakaru! FGO",
        "artist": "Tomoko Kaneda",
        "type": "Opening 1",
        "correctCount": 126,
        "activePlayers": 300,
        "startSample": 0,
        "videoLength": 28.46,
        "linkWebm": "https://files.catbox.moe/dh9unv.webm",
        "linkMP3": "https://files.catbox.moe/tqoytk.mp3"
    },
    {
        "songNumber": 57,
        "animeEnglish": "Suite Precure\u266a",
        "animeRomaji": "Suite Precure\u266a",
        "songName": "La\u266aLa\u266aLa\u266a Suite Precure\u266a",
        "artist": "Mayu Kud\u014d",
        "type": "Opening 1",
        "correctCount": 104,
        "activePlayers": 300,
        "startSample": 42,
        "videoLength": 84.05,
        "linkWebm": "https://files.catbox.moe/a6sp2o.webm",
        "linkMP3": "https://files.catbox.moe/4ftxuu.mp3"
    },
    {
        "songNumber": 58,
        "animeEnglish": "Paranoia Agent",
        "animeRomaji": "Mousou Dairinin",
        "songName": "Yume no Shima Shinen Kouen",
        "artist": "Susumu Hirasawa",
        "type": "Opening 1",
        "correctCount": 183,
        "activePlayers": 300,
        "startSample": 27,
        "videoLength": 90.64,
        "linkWebm": "https://files.catbox.moe/77zyip.webm",
        "linkMP3": "https://files.catbox.moe/3l61ee.mp3"
    },
    {
        "songNumber": 59,
        "animeEnglish": "Hetalia World Series",
        "animeRomaji": "Hetalia World Series",
        "songName": "Marukaite Chikyuu",
        "artist": "Hiroki Takahashi",
        "type": "Ending 2",
        "correctCount": 192,
        "activePlayers": 301,
        "startSample": 0,
        "videoLength": 29.52,
        "linkWebm": "https://files.catbox.moe/i0fvyy.webm",
        "linkMP3": "https://files.catbox.moe/f5t2i4.mp3"
    },
    {
        "songNumber": 60,
        "animeEnglish": "Dragon Ball Z: The History Of Trunks",
        "animeRomaji": "Dragon Ball Z: Zetsub\u014d e no Hank\u014d!! Nokosareta Ch\u014d Senshi - Gohan to Trunks",
        "songName": "CHA-LA HEAD-CHA-LA",
        "artist": "Hironobu Kageyama",
        "type": "Opening 1",
        "correctCount": 283,
        "activePlayers": 301,
        "startSample": 38,
        "videoLength": 107.07,
        "linkWebm": "https://files.catbox.moe/al9o96.webm",
        "linkMP3": "https://files.catbox.moe/ewehoa.mp3"
    },
    {
        "songNumber": 61,
        "animeEnglish": "Kenichi",
        "animeRomaji": "Shij\u014d Saiky\u014d no Deshi Kenichi",
        "songName": "Be Strong",
        "artist": "Kana Yazumi",
        "type": "Opening 1",
        "correctCount": 79,
        "activePlayers": 301,
        "startSample": 27,
        "videoLength": 89.54,
        "linkWebm": "https://files.catbox.moe/728ozm.webm",
        "linkMP3": "https://files.catbox.moe/whknm3.mp3"
    },
    {
        "songNumber": 62,
        "animeEnglish": "Magic Boy",
        "animeRomaji": "Sh\u014dnen Sarutobi Sasuke",
        "songName": "Sarutobi Sasuke",
        "artist": "Kamitakada Sh\u014dnen Gassh\u014ddan",
        "type": "Opening 1",
        "correctCount": 21,
        "activePlayers": 301,
        "startSample": 28,
        "videoLength": 74.11,
        "linkWebm": "https://files.catbox.moe/1gf5mb.webm",
        "linkMP3": "https://files.catbox.moe/32zj98.mp3"
    },
    {
        "songNumber": 63,
        "animeEnglish": "Ensemble Stars!",
        "animeRomaji": "EnStars",
        "songName": "Gekka Muson, Kurenai no Mai",
        "artist": "AKATSUKI",
        "type": "Ending 4",
        "correctCount": 11,
        "activePlayers": 301,
        "startSample": 8,
        "videoLength": 89.28,
        "linkWebm": "https://files.catbox.moe/0poei0.webm",
        "linkMP3": "https://files.catbox.moe/c1ruj3.mp3"
    },
    {
        "songNumber": 64,
        "animeEnglish": "Reideen the Brave",
        "animeRomaji": "Yuusha Reideen",
        "songName": "Ore wa Akira da",
        "artist": "Masato Shimon & Columbia Yurikago-kai",
        "type": "Ending 1",
        "correctCount": 3,
        "activePlayers": 301,
        "startSample": 1,
        "videoLength": 38.35,
        "linkWebm": "https://files.catbox.moe/dwxy5q.webm",
        "linkMP3": "https://files.catbox.moe/zxpz3x.mp3"
    },
    {
        "songNumber": 65,
        "animeEnglish": "Magic User's Club!",
        "animeRomaji": "Mah\u014dtsukai Tai!",
        "songName": "Senobi wo Shite Follow You",
        "artist": "Mah\u014d Tsukai-tai",
        "type": "Opening 1",
        "correctCount": 5,
        "activePlayers": 301,
        "startSample": 32,
        "videoLength": 95.21,
        "linkWebm": "https://files.catbox.moe/weh9g1.webm",
        "linkMP3": "https://files.catbox.moe/zrqo89.mp3"
    },
    {
        "songNumber": 66,
        "animeEnglish": "Aikatsu Stars!",
        "animeRomaji": "Aikatsu Stars!",
        "songName": "Happy\u2606Punch",
        "artist": "Sena\u30fbMiki from AIKATSU\u2606STARS!",
        "type": "Insert Song",
        "correctCount": 24,
        "activePlayers": 301,
        "startSample": 31,
        "videoLength": 120.62,
        "linkWebm": "https://files.catbox.moe/379hk2.webm",
        "linkMP3": "https://files.catbox.moe/99ge8g.mp3"
    },
    {
        "songNumber": 67,
        "animeEnglish": "Super Robot Wars OG: Divine Wars",
        "animeRomaji": "Super Robot Taisen OG: Divine Wars",
        "songName": "RISING FORCE",
        "artist": "JAM Project",
        "type": "Opening 2",
        "correctCount": 7,
        "activePlayers": 300,
        "startSample": 4,
        "videoLength": 89,
        "linkWebm": "https://files.catbox.moe/k5mxk9.webm",
        "linkMP3": "https://files.catbox.moe/9k7aen.mp3"
    },
    {
        "songNumber": 68,
        "animeEnglish": "Haganai",
        "animeRomaji": "Boku wa Tomodachi ga Sukunai",
        "songName": "Zannenkei Rinjinbu (Hoshi Futatsu Han)",
        "artist": "Tomodachi Tsukuritai",
        "type": "Opening 1",
        "correctCount": 183,
        "activePlayers": 300,
        "startSample": 10,
        "videoLength": 89.04,
        "linkWebm": "https://files.catbox.moe/jvvudq.webm",
        "linkMP3": "https://files.catbox.moe/hnb7t6.mp3"
    },
    {
        "songNumber": 69,
        "animeEnglish": "Miss Monochrome - The Animation - 3",
        "animeRomaji": "Miss Monochrome - The Animation - 3",
        "songName": "Black or White?",
        "artist": "Miss Monochrome",
        "type": "Opening 1",
        "correctCount": 118,
        "activePlayers": 300,
        "startSample": 14,
        "videoLength": 57.7,
        "linkWebm": "https://files.catbox.moe/0qhqso.webm",
        "linkMP3": "https://files.catbox.moe/btol0d.mp3"
    },
    {
        "songNumber": 70,
        "animeEnglish": "Prince of Stride: Alternative",
        "animeRomaji": "Prince of Stride: Alternative",
        "songName": "STRIDER'S HIGH",
        "artist": "OxT",
        "type": "Opening 1",
        "correctCount": 125,
        "activePlayers": 300,
        "startSample": 3,
        "videoLength": 89.28,
        "linkWebm": "https://files.catbox.moe/erlhsl.webm",
        "linkMP3": "https://files.catbox.moe/4kpi24.mp3"
    },
    {
        "songNumber": 71,
        "animeEnglish": "Gekij\u014dban Date A Live: Mayuri Judgment",
        "animeRomaji": "Gekij\u014dban Date A Live: Mayuri Judgment",
        "songName": "Date A Live",
        "artist": "sweet ARMS",
        "type": "Insert Song",
        "correctCount": 239,
        "activePlayers": 301,
        "startSample": 109,
        "videoLength": 209.71,
        "linkWebm": "https://files.catbox.moe/kpnnvv.webm",
        "linkMP3": "https://files.catbox.moe/gzim0l.mp3"
    },
    {
        "songNumber": 72,
        "animeEnglish": "Pretty Rhythm Aurora Dream",
        "animeRomaji": "Pretty Rhythm Aurora Dream",
        "songName": "Kokoro J\u016bden!",
        "artist": "Sayuri Hara",
        "type": "Insert Song",
        "correctCount": 10,
        "activePlayers": 301,
        "startSample": 42,
        "videoLength": 89.08,
        "linkWebm": "https://files.catbox.moe/t5z0ul.webm",
        "linkMP3": "https://files.catbox.moe/qax00r.mp3"
    },
    {
        "songNumber": 73,
        "animeEnglish": "Strike The Blood III",
        "animeRomaji": "Strike The Blood III",
        "songName": "Blood and Emotions",
        "artist": "Kishida Ky\u014ddan &THE Akeboshi Rockets",
        "type": "Opening 1",
        "correctCount": 111,
        "activePlayers": 301,
        "startSample": 7,
        "videoLength": 88.51,
        "linkWebm": "https://files.catbox.moe/fkow6k.webm",
        "linkMP3": "https://files.catbox.moe/myoxmo.mp3"
    },
    {
        "songNumber": 74,
        "animeEnglish": "IyaPan",
        "animeRomaji": "Iya na Kao Sare Nagara Opantsu Misete Moraitai",
        "songName": "NEXT STAGE",
        "artist": "Akari Tsuda",
        "type": "Ending 1",
        "correctCount": 62,
        "activePlayers": 300,
        "startSample": 0,
        "videoLength": 28.78,
        "linkWebm": "https://files.catbox.moe/xqlzdp.webm",
        "linkMP3": "https://files.catbox.moe/nula8r.mp3"
    },
    {
        "songNumber": 75,
        "animeEnglish": "Tokimeki Memorial: Forever With You",
        "animeRomaji": "Tokimeki Memorial: Forever With You",
        "songName": "Ame",
        "artist": "Shiho Kikuchi",
        "type": "Insert Song",
        "correctCount": 4,
        "activePlayers": 297,
        "startSample": 93,
        "videoLength": 191.33,
        "linkWebm": "https://files.catbox.moe/6krckg.webm",
        "linkMP3": "https://files.catbox.moe/f67ehj.mp3"
    }
]