[
    {
        "animeEng": "Show By Rock!! Short!!",
        "animeRomaji": "Show By Rock!! Short!!",
        "songName": "Do Re Mi Fa PARTY",
        "artist": "Plasmagica",
        "type": "Ending 1",
        "correctCount": 13,
        "startTime": 0,
        "songDuration": 30.024,
        "songNumber": 1,
        "activePlayerCount": 244,
        "LinkVideo": "https://files.catbox.moe/5g49zs.webm",
        "LinkMp3": "https://files.catbox.moe/xc4fyv.mp3"
    },
    {
        "animeEng": "Hundred",
        "animeRomaji": "Hundred",
        "songName": "My Prayer",
        "artist": "Mayu Yoshioka & Kaya Okuno",
        "type": "Insert Song",
        "correctCount": 10,
        "startTime": 18,
        "songDuration": 121.896,
        "songNumber": 2,
        "activePlayerCount": 250,
        "LinkVideo": "https://files.catbox.moe/5zk64t.webm",
        "LinkMp3": "https://files.catbox.moe/z9oz13.mp3"
    },
    {
        "animeEng": "Shugo Chara!! Doki",
        "animeRomaji": "Shugo Chara!! Doki",
        "songName": "Saikyou LOVE POWER",
        "artist": "Kanae Itou feat. Kana Asumi, Nanae Katou, Aki Toyosaki",
        "type": "Insert Song",
        "correctCount": 6,
        "startTime": 83,
        "songDuration": 158.976,
        "songNumber": 3,
        "activePlayerCount": 249,
        "LinkVideo": "https://files.catbox.moe/3jai4f.webm",
        "LinkMp3": "https://files.catbox.moe/i3nc1z.mp3"
    },
    {
        "animeEng": "Appleseed",
        "animeRomaji": "Appleseed",
        "songName": "Good Luck",
        "artist": "Basement Jaxx (feat. Lisa Kekaula)",
        "type": "Opening 1",
        "correctCount": 24,
        "startTime": 32,
        "songDuration": 89.304,
        "songNumber": 4,
        "activePlayerCount": 248,
        "LinkVideo": "https://files.catbox.moe/xvood1.webm",
        "LinkMp3": "https://files.catbox.moe/1tzzts.mp3"
    },
    {
        "animeEng": "Digimon Adventure: Children's War Game",
        "animeRomaji": "Digimon Adventure: Bokura no War Game",
        "songName": "Butter-Fly",
        "artist": "Kouji Wada",
        "type": "Opening 1",
        "correctCount": 134,
        "startTime": 23,
        "songDuration": 93.672,
        "songNumber": 5,
        "activePlayerCount": 247,
        "LinkVideo": "https://files.catbox.moe/pfq79l.webm",
        "LinkMp3": "https://files.catbox.moe/b8t02u.mp3"
    },
    {
        "animeEng": "PriPara",
        "animeRomaji": "PriPara",
        "songName": "Kumikyoku Forever\u2606Friends~Dainigakush\u014d~LOVE IS FRIEND",
        "artist": "SoLaMi\u2661SMILE, Reina Ueda, Aki Toyosaki",
        "type": "Insert Song",
        "correctCount": 34,
        "startTime": 16,
        "songDuration": 140.28,
        "songNumber": 6,
        "activePlayerCount": 248,
        "LinkVideo": "https://files.catbox.moe/el3zvg.webm",
        "LinkMp3": "https://files.catbox.moe/wmv3y0.mp3"
    },
    {
        "animeEng": "Asobi Asobase - workshop of fun -",
        "animeRomaji": "Asobi Asobase",
        "songName": "Inkya Inplus",
        "artist": "Hina Kino, Rika Nagae, Konomi Kohara feat. Ikepy & KSKN",
        "type": "Ending 1",
        "correctCount": 145,
        "startTime": 1,
        "songDuration": 89.016,
        "songNumber": 7,
        "activePlayerCount": 249,
        "LinkVideo": "https://files.catbox.moe/wq9pc3.webm",
        "LinkMp3": "https://files.catbox.moe/730x5e.mp3"
    },
    {
        "animeEng": "Samurai Warriors: Legend of the Sanada",
        "animeRomaji": "Sengoku Musou SP: Sanada no Shou",
        "songName": "Reverb",
        "artist": "Kuroyume",
        "type": "Ending 1",
        "correctCount": 0,
        "startTime": 40,
        "songDuration": 88.658068,
        "songNumber": 8,
        "activePlayerCount": 246,
        "LinkVideo": "https://files.catbox.moe/0ru5kz.webm",
        "LinkMp3": "https://files.catbox.moe/z86yc1.mp3"
    },
    {
        "animeEng": "Granblue Fantasy the Animation",
        "animeRomaji": "Granblue Fantasy the Animation",
        "songName": "GO",
        "artist": "BUMP OF CHICKEN",
        "type": "Opening 1",
        "correctCount": 86,
        "startTime": 13,
        "songDuration": 85.128,
        "songNumber": 9,
        "activePlayerCount": 246,
        "LinkVideo": "https://files.catbox.moe/6fbhxr.webm",
        "LinkMp3": "https://files.catbox.moe/0zwcvm.mp3"
    },
    {
        "animeEng": "Reideen the Brave",
        "animeRomaji": "Yuusha Reideen",
        "songName": "Yuusha Raideen",
        "artist": "Masato Shimon & Columbia Yurikago-kai",
        "type": "Opening 1",
        "correctCount": 9,
        "startTime": 21,
        "songDuration": 68.928,
        "songNumber": 10,
        "activePlayerCount": 246,
        "LinkVideo": "https://files.catbox.moe/kv1r7b.webm",
        "LinkMp3": "https://files.catbox.moe/boz7ey.mp3"
    },
    {
        "animeEng": "Overlord II",
        "animeRomaji": "Overlord II",
        "songName": "GO CRY GO",
        "artist": "OxT",
        "type": "Opening 1",
        "correctCount": 190,
        "startTime": 50,
        "songDuration": 88.2,
        "songNumber": 11,
        "activePlayerCount": 247,
        "LinkVideo": "https://files.catbox.moe/v1psxw.webm",
        "LinkMp3": "https://files.catbox.moe/4pd16o.mp3"
    },
    {
        "animeEng": "Midnight occult civil servants",
        "animeRomaji": "Mayonaka no Occult K\u014dmuin",
        "songName": "dis-communicate",
        "artist": "Jun Fukuyama",
        "type": "Opening 1",
        "correctCount": 28,
        "startTime": 54,
        "songDuration": 87.926652,
        "songNumber": 12,
        "activePlayerCount": 244,
        "LinkVideo": "https://files.catbox.moe/6uefgt.webm",
        "LinkMp3": "https://files.catbox.moe/w5b6n3.mp3"
    },
    {
        "animeEng": "Sakura Quest",
        "animeRomaji": "Sakura Quest",
        "songName": "Morning Glory",
        "artist": "(K)NoW_NAME:NIKIIE",
        "type": "Opening 1",
        "correctCount": 78,
        "startTime": 53,
        "songDuration": 88.224,
        "songNumber": 13,
        "activePlayerCount": 243,
        "LinkVideo": "https://files.catbox.moe/rr0rdm.webm",
        "LinkMp3": "https://files.catbox.moe/da4lgq.mp3"
    },
    {
        "animeEng": "School Rumble",
        "animeRomaji": "School Rumble",
        "songName": "Onna no Ko\u2661Otoko no Ko",
        "artist": "Yuko Ogura",
        "type": "Ending 1",
        "correctCount": 48,
        "startTime": 34,
        "songDuration": 80.088,
        "songNumber": 14,
        "activePlayerCount": 245,
        "LinkVideo": "https://files.catbox.moe/t7ua4u.webm",
        "LinkMp3": "https://files.catbox.moe/6w2xxe.mp3"
    },
    {
        "animeEng": "Tactics",
        "animeRomaji": "Tactics",
        "songName": "Secret World",
        "artist": "Miki Akiyama",
        "type": "Opening 1",
        "correctCount": 11,
        "startTime": 39,
        "songDuration": 87.978896,
        "songNumber": 15,
        "activePlayerCount": 245,
        "LinkVideo": "https://files.catbox.moe/byfgnp.webm",
        "LinkMp3": "https://files.catbox.moe/yjtqdf.mp3"
    },
    {
        "animeEng": "Ai-Mai-Mi Surgical Friends",
        "animeRomaji": "Ai-Mai-Mi Surgical Friends",
        "songName": "Zenin Sh\u016bg\u014d Ai Mai Mii!!!",
        "artist": "Aya Uchida, Maaya Uchida, Yuka \u014ctsubo",
        "type": "Opening 1",
        "correctCount": 25,
        "startTime": 0,
        "songDuration": 29.570104,
        "songNumber": 16,
        "activePlayerCount": 247,
        "LinkVideo": "https://files.catbox.moe/nhmvic.webm",
        "LinkMp3": "https://files.catbox.moe/dkt14c.mp3"
    },
    {
        "animeEng": "Rainbow",
        "animeRomaji": "Rainbow: Nisha Rokub\u014d no Shichinin",
        "songName": "We're not alone",
        "artist": "coldrain",
        "type": "Opening 1",
        "correctCount": 121,
        "startTime": 13,
        "songDuration": 68.52,
        "songNumber": 17,
        "activePlayerCount": 247,
        "LinkVideo": "https://files.catbox.moe/816xrm.webm",
        "LinkMp3": "https://files.catbox.moe/e6mx5t.mp3"
    },
    {
        "animeEng": "Kujian",
        "animeRomaji": "Kujibiki\u2665Unbalance",
        "songName": "Ai",
        "artist": "Saori Atsumi",
        "type": "Opening 1",
        "correctCount": 9,
        "startTime": 15,
        "songDuration": 89.544,
        "songNumber": 18,
        "activePlayerCount": 246,
        "LinkVideo": "https://files.catbox.moe/3pjpj4.webm",
        "LinkMp3": "https://files.catbox.moe/cs55z1.mp3"
    },
    {
        "animeEng": "Angel Heart",
        "animeRomaji": "Angel Heart",
        "songName": "Serenade",
        "artist": "Kanon",
        "type": "Insert Song",
        "correctCount": 2,
        "startTime": 155,
        "songDuration": 211.8,
        "songNumber": 19,
        "activePlayerCount": 240,
        "LinkVideo": "https://files.catbox.moe/yo7d4k.webm",
        "LinkMp3": "https://files.catbox.moe/f3h07s.mp3",
        "correctPlayers": [
            "shadowpandax",
            "Hakemon"
        ]
    },
    {
        "animeEng": "Xam'd: Lost Memories",
        "animeRomaji": "B\u014dnen no Xamdou",
        "songName": "SHUT UP AND EXPLODE",
        "artist": "BOOM BOOM SATELLITES",
        "type": "Opening 1",
        "correctCount": 60,
        "startTime": 14,
        "songDuration": 89.52,
        "songNumber": 20,
        "activePlayerCount": 240,
        "LinkVideo": "https://files.catbox.moe/66f6s1.webm",
        "LinkMp3": "https://files.catbox.moe/ig4waw.mp3"
    },
    {
        "animeEng": "Attack on Titan Season 3",
        "animeRomaji": "Shingeki no Kyojin Season 3",
        "songName": "Apple Seed",
        "artist": "mpi & Laco",
        "type": "Insert Song",
        "correctCount": 109,
        "startTime": 91,
        "songDuration": 132.36,
        "songNumber": 21,
        "activePlayerCount": 240,
        "LinkVideo": "https://files.catbox.moe/momukn.webm",
        "LinkMp3": "https://files.catbox.moe/4poka1.mp3"
    },
    {
        "animeEng": "KanColle",
        "animeRomaji": "KanColle",
        "songName": "Fubuki",
        "artist": "Shiena Nishizawa",
        "type": "Ending 1",
        "correctCount": 101,
        "startTime": 19,
        "songDuration": 87.552,
        "songNumber": 22,
        "activePlayerCount": 239,
        "LinkVideo": "https://files.catbox.moe/h5kp3h.webm",
        "LinkMp3": "https://files.catbox.moe/nydbwx.mp3"
    },
    {
        "animeEng": "Shiba Inuko-san",
        "animeRomaji": "Shiba Inuko-san",
        "songName": "Shiba Inuko-san no Uta",
        "artist": "Mikoi Sasaki",
        "type": "Opening 1",
        "correctCount": 137,
        "startTime": 0,
        "songDuration": 29.674592,
        "songNumber": 23,
        "activePlayerCount": 240,
        "LinkVideo": "https://files.catbox.moe/zjs0tx.webm",
        "LinkMp3": "https://files.catbox.moe/zn96li.mp3"
    },
    {
        "animeEng": "Rainbow Fireflies",
        "animeRomaji": "Niji-Iro Hotaru ~Eien no Natsu Yasumi~",
        "songName": "Mizu no Kage",
        "artist": "Mia Inoue",
        "type": "Insert Song",
        "correctCount": 1,
        "startTime": 41,
        "songDuration": 126.552,
        "songNumber": 24,
        "activePlayerCount": 239,
        "LinkVideo": "https://files.catbox.moe/3n26vk.webm",
        "LinkMp3": "https://files.catbox.moe/iepzjh.mp3",
        "correctPlayers": [
            "asleep"
        ]
    },
    {
        "animeEng": "Tokyo Underground",
        "animeRomaji": "Tokyo Underground",
        "songName": "Jounetsu",
        "artist": "iksi:d",
        "type": "Opening 1",
        "correctCount": 12,
        "startTime": 15,
        "songDuration": 89.544,
        "songNumber": 25,
        "activePlayerCount": 239,
        "LinkVideo": "https://files.catbox.moe/uvjnqk.webm",
        "LinkMp3": "https://files.catbox.moe/m2z1z2.mp3"
    },
    {
        "animeEng": "The Disastrous Life of Saiki K.",
        "animeRomaji": "Saiki Kusuo no Psi Nan",
        "songName": "Angel Wink",
        "artist": "Ai Kayano",
        "type": "Insert Song",
        "correctCount": 77,
        "startTime": 0,
        "songDuration": 26.461586,
        "songNumber": 26,
        "activePlayerCount": 240,
        "LinkVideo": "https://files.catbox.moe/8c347u.webm",
        "LinkMp3": "https://files.catbox.moe/4hx12u.mp3"
    },
    {
        "animeEng": "No Matter How I Look at It, It\u2019s You Guys' Fault I\u2019m Not Popular!",
        "animeRomaji": "WATAMOTE",
        "songName": "Dou Kangaete mo Watashi wa Warukunai",
        "artist": "Izumi Kitta",
        "type": "Ending 1",
        "correctCount": 117,
        "startTime": 53,
        "songDuration": 88.896,
        "songNumber": 27,
        "activePlayerCount": 238,
        "LinkVideo": "https://files.catbox.moe/4itaxr.webm",
        "LinkMp3": "https://files.catbox.moe/6hu414.mp3"
    },
    {
        "animeEng": "Kashimashi: Girl Meets Girl",
        "animeRomaji": "Kashimashi: Girl Meets Girl",
        "songName": "Hanbun",
        "artist": "Yukari Tamura",
        "type": "Insert Song",
        "correctCount": 7,
        "startTime": 21,
        "songDuration": 117.168,
        "songNumber": 28,
        "activePlayerCount": 238,
        "LinkVideo": "https://files.catbox.moe/ouvz2j.webm",
        "LinkMp3": "https://files.catbox.moe/gdk2pg.mp3"
    },
    {
        "animeEng": "Genki, The Boy Champ",
        "animeRomaji": "Ganbare Genki",
        "songName": "Kaze ni Nare!",
        "artist": "Kinya Hori",
        "type": "Opening 1",
        "correctCount": 3,
        "startTime": 1,
        "songDuration": 85.008,
        "songNumber": 29,
        "activePlayerCount": 239,
        "LinkVideo": "https://files.catbox.moe/3pb2n5.webm",
        "LinkMp3": "https://files.catbox.moe/41uuga.mp3",
        "correctPlayers": [
            "doomchicken",
            "theyingster",
            "80s"
        ]
    },
    {
        "animeEng": "Popee the Performer",
        "animeRomaji": "Popee the Performer",
        "songName": "Popee the Clown (Original Version)",
        "artist": "Tsuneo Aoyagi",
        "type": "Opening 1",
        "correctCount": 53,
        "startTime": 0,
        "songDuration": 30.096,
        "songNumber": 30,
        "activePlayerCount": 239,
        "LinkVideo": "https://files.catbox.moe/gcyldf.webm",
        "LinkMp3": "https://files.catbox.moe/17dci8.mp3"
    },
    {
        "animeEng": "Tales of the Abyss",
        "animeRomaji": "Tales of the Abyss",
        "songName": "Karma",
        "artist": "BUMP OF CHICKEN",
        "type": "Opening 1",
        "correctCount": 74,
        "startTime": 52,
        "songDuration": 128.376,
        "songNumber": 31,
        "activePlayerCount": 239,
        "LinkVideo": "https://files.catbox.moe/oed6vi.webm",
        "LinkMp3": "https://files.catbox.moe/tp8o5k.mp3"
    },
    {
        "animeEng": "Uta no\u2606Prince-sama\u266aMaji LOVE 2000%",
        "animeRomaji": "Uta no\u2606Prince-sama\u266aMaji LOVE 2000%",
        "songName": "Maji LOVE2000%",
        "artist": "ST\u2606RISH",
        "type": "Ending 2",
        "correctCount": 72,
        "startTime": 36,
        "songDuration": 89.568,
        "songNumber": 32,
        "activePlayerCount": 239,
        "LinkVideo": "https://files.catbox.moe/f1w825.webm",
        "LinkMp3": "https://files.catbox.moe/twtp53.mp3"
    },
    {
        "animeEng": "The World God Only Knows: Goddesses Arc",
        "animeRomaji": "Kami nomi zo Shiru Sekai: Megami-Hen",
        "songName": "God only knows -Secrets of the Goddess-",
        "artist": "Oratorio The World God Only Knows",
        "type": "Opening 1",
        "correctCount": 112,
        "startTime": 42,
        "songDuration": 88.704,
        "songNumber": 33,
        "activePlayerCount": 240,
        "LinkVideo": "https://files.catbox.moe/sb4mov.webm",
        "LinkMp3": "https://files.catbox.moe/2ebv4x.mp3"
    },
    {
        "animeEng": "Dance with Devils: Fortuna",
        "animeRomaji": "Dance with Devils: Fortuna",
        "songName": "KING & QUEEN",
        "artist": "Wataru Hatano",
        "type": "Ending 1",
        "correctCount": 32,
        "startTime": 47,
        "songDuration": 110.064,
        "songNumber": 34,
        "activePlayerCount": 239,
        "LinkVideo": "https://files.catbox.moe/pzm1f4.webm",
        "LinkMp3": "https://files.catbox.moe/z8wua8.mp3"
    },
    {
        "animeEng": "BanG Dream! 3rd Season",
        "animeRomaji": "BanG Dream! 3rd Season",
        "songName": "Beautiful Birthday",
        "artist": "RAISE A SUILEN",
        "type": "Insert Song",
        "correctCount": 46,
        "startTime": 56,
        "songDuration": 97.032,
        "songNumber": 35,
        "activePlayerCount": 238,
        "LinkVideo": "https://files.catbox.moe/q9w7e5.webm",
        "LinkMp3": "https://files.catbox.moe/9n16wb.mp3"
    },
    {
        "animeEng": "Sh\u014dnen Tokugawa Ieyasu",
        "animeRomaji": "Sh\u014dnen Tokugawa Ieyasu",
        "songName": "Itsuka Haru ga. . .",
        "artist": "New Studio Singers",
        "type": "Ending 1",
        "correctCount": 0,
        "startTime": 22,
        "songDuration": 57.288,
        "songNumber": 36,
        "activePlayerCount": 239,
        "LinkVideo": "https://files.catbox.moe/h9ipfy.webm",
        "LinkMp3": "https://files.catbox.moe/axpv56.mp3"
    },
    {
        "animeEng": "Shokugeki no S\u014dma: San no Sara: Erina no Shin Seikatsu",
        "animeRomaji": "Shokugeki no S\u014dma: San no Sara: Erina no Shin Seikatsu",
        "songName": "Kyokyojitsujitsu",
        "artist": "nano.RIPE",
        "type": "Ending 1",
        "correctCount": 112,
        "startTime": 52,
        "songDuration": 86.976,
        "songNumber": 37,
        "activePlayerCount": 238,
        "LinkVideo": "https://files.catbox.moe/yq3p0s.webm",
        "LinkMp3": "https://files.catbox.moe/lzbrdq.mp3"
    },
    {
        "animeEng": "Case Closed",
        "animeRomaji": "Meitantei Conan",
        "songName": "Wasurezaki",
        "artist": "GARNET CROW",
        "type": "Ending 20",
        "correctCount": 75,
        "startTime": 36,
        "songDuration": 84.408,
        "songNumber": 38,
        "activePlayerCount": 235,
        "LinkVideo": "https://files.catbox.moe/edxhvt.webm",
        "LinkMp3": "https://files.catbox.moe/rpujpd.mp3"
    },
    {
        "animeEng": "Sound of the Sky",
        "animeRomaji": "So Ra No Wo To",
        "songName": "Amazing Grace",
        "artist": "Kanata Sorami",
        "type": "Insert Song",
        "correctCount": 106,
        "startTime": 42,
        "songDuration": 85.104,
        "songNumber": 39,
        "activePlayerCount": 235,
        "LinkVideo": "https://files.catbox.moe/x9uaui.webm",
        "LinkMp3": "https://files.catbox.moe/11moqi.mp3"
    },
    {
        "animeEng": "RIN-NE 2",
        "animeRomaji": "Ky\u014dkai no Rinne",
        "songName": "Ainii",
        "artist": "CreepHyp",
        "type": "Opening 2",
        "correctCount": 14,
        "startTime": 2,
        "songDuration": 88.08,
        "songNumber": 40,
        "activePlayerCount": 236,
        "LinkVideo": "https://files.catbox.moe/783faa.webm",
        "LinkMp3": "https://files.catbox.moe/r6l0c9.mp3"
    },
    {
        "animeEng": "Teasing Master Takagi-san: Season 2",
        "animeRomaji": "Karakai J\u014dzu no Takagi-san 2",
        "songName": "Zero Centimeter",
        "artist": "Yuiko Ohara",
        "type": "Opening 1",
        "correctCount": 67,
        "startTime": 11,
        "songDuration": 87.096,
        "songNumber": 41,
        "activePlayerCount": 236,
        "LinkVideo": "https://files.catbox.moe/l3px3d.webm",
        "LinkMp3": "https://files.catbox.moe/1mpr3g.mp3"
    },
    {
        "animeEng": "White Album 2",
        "animeRomaji": "White Album 2",
        "songName": "WHITE ALBUM",
        "artist": "Madoka Yonezawa",
        "type": "Insert Song",
        "correctCount": 44,
        "startTime": 62,
        "songDuration": 234.624,
        "songNumber": 42,
        "activePlayerCount": 237,
        "LinkVideo": "https://files.catbox.moe/zact97.webm",
        "LinkMp3": "https://files.catbox.moe/ucl2oz.mp3"
    },
    {
        "animeEng": "Tweeny Witches",
        "animeRomaji": "Mah\u014d Sh\u014djo Tai Arusu",
        "songName": "Arusu ~Main Theme~",
        "artist": "Tamiya Terashima (Rentrak Japan)",
        "type": "Opening 1",
        "correctCount": 10,
        "startTime": 4,
        "songDuration": 88.762556,
        "songNumber": 43,
        "activePlayerCount": 237,
        "LinkVideo": "https://files.catbox.moe/gkye8n.webm",
        "LinkMp3": "https://files.catbox.moe/wctk3l.mp3"
    },
    {
        "animeEng": "Crayon Shin-chan: Arashi o Yobu Utau Ketsu dake Bakudan!",
        "animeRomaji": "Crayon Shin-chan: Arashi o Yobu Utau Ketsu dake Bakudan!",
        "songName": "Cry Baby",
        "artist": "SEAMO",
        "type": "Ending 1",
        "correctCount": 0,
        "startTime": 88,
        "songDuration": 185.808,
        "songNumber": 44,
        "activePlayerCount": 237,
        "LinkVideo": "https://files.catbox.moe/ggg7jr.webm",
        "LinkMp3": "https://files.catbox.moe/ybloou.mp3"
    },
    {
        "animeEng": "Eiga Yo-kai Watch! Jam: Yo-kai Gakuen Y - Neko wa Hero ni Nareru ka",
        "animeRomaji": "Eiga Yo-kai Watch! Jam: Yo-kai Gakuen Y - Neko wa Hero ni Nareru ka",
        "songName": "Y Gakuen e Ikou Gakuen Dotabata-hen",
        "artist": "Riinu (Sutopuri)",
        "type": "Opening 1",
        "correctCount": 2,
        "startTime": 30,
        "songDuration": 103.44,
        "songNumber": 45,
        "activePlayerCount": 236,
        "LinkVideo": "https://files.catbox.moe/6rseji.webm",
        "LinkMp3": "https://files.catbox.moe/5f0pgm.mp3",
        "correctPlayers": [
            "theyingster",
            "Kazso"
        ]
    },
    {
        "animeEng": "Nekopara",
        "animeRomaji": "Nekopara",
        "songName": "Kimi to Witches\u2606\u5f61",
        "artist": "Miku It\u014d",
        "type": "Insert Song",
        "correctCount": 34,
        "startTime": 0,
        "songDuration": 30.552,
        "songNumber": 46,
        "activePlayerCount": 237,
        "LinkVideo": "https://files.catbox.moe/skplzv.webm",
        "LinkMp3": "https://files.catbox.moe/y06yp9.mp3"
    },
    {
        "animeEng": "Dragon Ball Z: Lord Slug",
        "animeRomaji": "Dragon Ball Z: Super Saiyajin da Son Goku",
        "songName": "CHA-LA HEAD-CHA-LA",
        "artist": "Hironobu Kageyama",
        "type": "Opening 1",
        "correctCount": 223,
        "startTime": 11,
        "songDuration": 107.074078,
        "songNumber": 47,
        "activePlayerCount": 236,
        "LinkVideo": "https://files.catbox.moe/r5o3zy.webm",
        "LinkMp3": "https://files.catbox.moe/ewehoa.mp3"
    },
    {
        "animeEng": "Hakuoki: Demon of the Fleeting Blossom",
        "animeRomaji": "Haku\u014dki",
        "songName": "Kimi no Kioku",
        "artist": "mao",
        "type": "Ending 1",
        "correctCount": 17,
        "startTime": 12,
        "songDuration": 89.592,
        "songNumber": 48,
        "activePlayerCount": 235,
        "LinkVideo": "https://files.catbox.moe/au2swd.webm",
        "LinkMp3": "https://files.catbox.moe/jhudue.mp3"
    },
    {
        "animeEng": "STARMYU",
        "animeRomaji": "K\u014dk\u014d Hoshi Kageki",
        "songName": "Pumpkin Mate\u266a",
        "artist": "Natsuki Hanae, Nobuhiko Okamoto, Nobunaga Shimazaki, Y\u016bichir\u014d Umehara",
        "type": "Insert Song",
        "correctCount": 125,
        "startTime": 46,
        "songDuration": 87.936,
        "songNumber": 49,
        "activePlayerCount": 235,
        "LinkVideo": "https://files.catbox.moe/z6mouu.webm",
        "LinkMp3": "https://files.catbox.moe/e0nj4w.mp3"
    },
    {
        "animeEng": "Moeyo Ken",
        "animeRomaji": "Kid\u014d Shinsengumi Moeyo Ken",
        "songName": "Hajimari no Kaze yo Fuke",
        "artist": "Misato Fujiya",
        "type": "Ending 1",
        "correctCount": 1,
        "startTime": 52,
        "songDuration": 89.284996,
        "songNumber": 50,
        "activePlayerCount": 236,
        "LinkVideo": "https://files.catbox.moe/yd6iff.webm",
        "LinkMp3": "https://files.catbox.moe/icpflu.mp3",
        "correctPlayers": [
            "Hakemon"
        ]
    },
    {
        "animeEng": "Princess Princess",
        "animeRomaji": "Princess Princess",
        "songName": "Kimi to Deatte Kara",
        "artist": "Atsushi Miyazawa",
        "type": "Opening 1",
        "correctCount": 21,
        "startTime": 45,
        "songDuration": 88.032,
        "songNumber": 51,
        "activePlayerCount": 235,
        "LinkVideo": "https://files.catbox.moe/vtwqr9.webm",
        "LinkMp3": "https://files.catbox.moe/8c6y2n.mp3"
    },
    {
        "animeEng": "Knights of Ramune",
        "animeRomaji": "VS Knight Lamune & 40 Fresh",
        "songName": "Miracle Body ni Goy\u014djin!",
        "artist": "Midori Kawana & Yuriko Kaida",
        "type": "Opening 1",
        "correctCount": 12,
        "startTime": 31,
        "songDuration": 90.312,
        "songNumber": 52,
        "activePlayerCount": 235,
        "LinkVideo": "https://files.catbox.moe/ybvgd1.webm",
        "LinkMp3": "https://files.catbox.moe/0ofvdr.mp3"
    },
    {
        "animeEng": "MD Geist",
        "animeRomaji": "Sokihei M.D. Geist",
        "songName": "Hijoh no Soldier",
        "artist": "Hironobu Kageyama",
        "type": "Opening 1",
        "correctCount": 15,
        "startTime": 12,
        "songDuration": 105.428392,
        "songNumber": 53,
        "activePlayerCount": 235,
        "LinkVideo": "https://files.catbox.moe/ra9hke.webm",
        "LinkMp3": "https://files.catbox.moe/qmz6ql.mp3"
    },
    {
        "animeEng": "Chrono Crusade",
        "animeRomaji": "Chrno Crusade",
        "songName": "Tsubasa wa Pleasure Line",
        "artist": "Minami Kuribayashi",
        "type": "Opening 1",
        "correctCount": 67,
        "startTime": 51,
        "songDuration": 89.568,
        "songNumber": 54,
        "activePlayerCount": 235,
        "LinkVideo": "https://files.catbox.moe/e2yq15.webm",
        "LinkMp3": "https://files.catbox.moe/i70q4c.mp3"
    },
    {
        "animeEng": "NEEDLESS",
        "animeRomaji": "NEEDLESS",
        "songName": "modern strange cowboy",
        "artist": "GRANRODEO",
        "type": "Opening 1",
        "correctCount": 58,
        "startTime": 14,
        "songDuration": 88.584,
        "songNumber": 55,
        "activePlayerCount": 235,
        "LinkVideo": "https://files.catbox.moe/64nngc.webm",
        "LinkMp3": "https://files.catbox.moe/xyxm5c.mp3"
    },
    {
        "animeEng": "Dr. Dokkiri",
        "animeRomaji": "Dokkiri Doctor",
        "songName": "Nenai, Nenai, Nenai",
        "artist": "The Castanets",
        "type": "Opening 1",
        "correctCount": 5,
        "startTime": 18,
        "songDuration": 69.96,
        "songNumber": 56,
        "activePlayerCount": 235,
        "LinkVideo": "https://files.catbox.moe/xi7z2d.webm",
        "LinkMp3": "https://files.catbox.moe/df3e47.mp3",
        "correctPlayers": [
            "tingy",
            "Fishing",
            "80s",
            "aryagamis",
            "Hakemon"
        ]
    },
    {
        "animeEng": "Libra of Nil Admirari",
        "animeRomaji": "Nil Admirari no Tenbin",
        "songName": "Tandeki Mirage-ism",
        "artist": "kradness",
        "type": "Opening 1",
        "correctCount": 31,
        "startTime": 42,
        "songDuration": 89.232,
        "songNumber": 57,
        "activePlayerCount": 236,
        "LinkVideo": "https://files.catbox.moe/e4vdx3.webm",
        "LinkMp3": "https://files.catbox.moe/uvdxis.mp3"
    },
    {
        "animeEng": "Highschool of the Dead",
        "animeRomaji": "Gakuen Mokushiroku - Highschool of the Dead",
        "songName": "HIGHSCHOOL OF THE DEAD",
        "artist": "Kishida Ky\u014ddan &THE Akeboshi Rockets",
        "type": "Opening 1",
        "correctCount": 178,
        "startTime": 18,
        "songDuration": 88.008,
        "songNumber": 58,
        "activePlayerCount": 235,
        "LinkVideo": "https://files.catbox.moe/lfamyx.webm",
        "LinkMp3": "https://files.catbox.moe/sb9ik3.mp3"
    },
    {
        "animeEng": "Last Period: the journey to the end of the despair",
        "animeRomaji": "Last Period: Owari naki Rasen no Monogatari",
        "songName": "Yokubari Dreamer",
        "artist": "Natsuki Hanae\u00d7Yukari Tamura",
        "type": "Opening 1",
        "correctCount": 31,
        "startTime": 55,
        "songDuration": 89.304,
        "songNumber": 59,
        "activePlayerCount": 235,
        "LinkVideo": "https://files.catbox.moe/e20sq1.webm",
        "LinkMp3": "https://files.catbox.moe/irrunx.mp3"
    },
    {
        "animeEng": "Kamisama Kiss",
        "animeRomaji": "Kamisama Kiss",
        "songName": "Kamisama Onegai Datenshi\u2606Mix",
        "artist": "Daisuke Kishio featuring Hanae",
        "type": "Ending 2",
        "correctCount": 77,
        "startTime": 20,
        "songDuration": 91.296,
        "songNumber": 60,
        "activePlayerCount": 234,
        "LinkVideo": "https://files.catbox.moe/ojjijh.webm",
        "LinkMp3": "https://files.catbox.moe/dzoqo4.mp3"
    },
    {
        "animeEng": "Aria the Scarlet Ammo",
        "animeRomaji": "Hidan no Aria",
        "songName": "Scarlet Ballet",
        "artist": "May'n",
        "type": "Opening 1",
        "correctCount": 157,
        "startTime": 47,
        "songDuration": 89.88735,
        "songNumber": 61,
        "activePlayerCount": 234,
        "LinkVideo": "https://files.catbox.moe/t9gma0.webm",
        "LinkMp3": "https://files.catbox.moe/pi9bmd.mp3"
    },
    {
        "animeEng": "The Tatami Galaxy",
        "animeRomaji": "Yoj\u014dhan Shinwa Taikei",
        "songName": "Maigo Inu to Ame no Beat",
        "artist": "ASIAN KUNG-FU GENERATION",
        "type": "Opening 1",
        "correctCount": 124,
        "startTime": 34,
        "songDuration": 89.064,
        "songNumber": 62,
        "activePlayerCount": 235,
        "LinkVideo": "https://files.catbox.moe/fk1fpr.webm",
        "LinkMp3": "https://files.catbox.moe/n9whbb.mp3"
    },
    {
        "animeEng": "Digimon Xros Wars: Toki o Kakeru Sh\u014dnen Hunter-tachi",
        "animeRomaji": "Digimon Xros Wars: Toki o Kakeru Sh\u014dnen Hunter-tachi",
        "songName": "STAND UP",
        "artist": "twill",
        "type": "Opening 1",
        "correctCount": 14,
        "startTime": 45,
        "songDuration": 78.984,
        "songNumber": 63,
        "activePlayerCount": 236,
        "LinkVideo": "https://files.catbox.moe/8twmew.webm",
        "LinkMp3": "https://files.catbox.moe/mw8uhk.mp3"
    },
    {
        "animeEng": "Baby I Love You Daze",
        "animeRomaji": "Baby I Love You Daze",
        "songName": "Shinsekai",
        "artist": "BUMP OF CHICKEN",
        "type": "Insert Song",
        "correctCount": 86,
        "startTime": 4,
        "songDuration": 157.097708,
        "songNumber": 64,
        "activePlayerCount": 235,
        "LinkVideo": "https://files.catbox.moe/zvopcd.webm",
        "LinkMp3": "https://files.catbox.moe/jl19uy.mp3"
    },
    {
        "animeEng": "Sakura Quest",
        "animeRomaji": "Sakura Quest",
        "songName": "Freesia",
        "artist": "(K)NoW_NAME:Ayaka Tachibana",
        "type": "Ending 1",
        "correctCount": 85,
        "startTime": 32,
        "songDuration": 87.936,
        "songNumber": 65,
        "activePlayerCount": 235,
        "LinkVideo": "https://files.catbox.moe/tgqssv.webm",
        "LinkMp3": "https://files.catbox.moe/g2x4ni.mp3"
    },
    {
        "animeEng": "Fafner EXODUS",
        "animeRomaji": "S\u014dky\u016b no Fafner: Dead Aggressor: Exodus",
        "songName": "DEAD OR ALIVE",
        "artist": "angela",
        "type": "Opening 2",
        "correctCount": 30,
        "startTime": 27,
        "songDuration": 88.896,
        "songNumber": 66,
        "activePlayerCount": 235,
        "LinkVideo": "https://files.catbox.moe/vc4d7r.webm",
        "LinkMp3": "https://files.catbox.moe/601hfm.mp3"
    },
    {
        "animeEng": "March comes in like a lion",
        "animeRomaji": "3-gatsu no Lion",
        "songName": "Flag o Tatero",
        "artist": "YUKI",
        "type": "Opening 1",
        "correctCount": 116,
        "startTime": 11,
        "songDuration": 89.568,
        "songNumber": 67,
        "activePlayerCount": 235,
        "LinkVideo": "https://files.catbox.moe/zm1bub.webm",
        "LinkMp3": "https://files.catbox.moe/nc3seg.mp3"
    },
    {
        "animeEng": "T\u014dken Ranbu: Hanamaru",
        "animeRomaji": "T\u014dken Ranbu: Hanamaru",
        "songName": "Okiraku Chin Douchu",
        "artist": "Kento Hama, Jun Oosuka, Tooru Sakurai, Kenji Hamada",
        "type": "Ending 6",
        "correctCount": 23,
        "startTime": 52,
        "songDuration": 88.632,
        "songNumber": 68,
        "activePlayerCount": 235,
        "LinkVideo": "https://files.catbox.moe/f64gkx.webm",
        "LinkMp3": "https://files.catbox.moe/81yjbj.mp3"
    },
    {
        "animeEng": "Spice and Wolf II",
        "animeRomaji": "\u014ckami to K\u014dshinry\u014d II",
        "songName": "Mitsu no Yoake",
        "artist": "Akino Arai",
        "type": "Opening 1",
        "correctCount": 123,
        "startTime": 37,
        "songDuration": 89.256,
        "songNumber": 69,
        "activePlayerCount": 235,
        "LinkVideo": "https://files.catbox.moe/sa1kdt.webm",
        "LinkMp3": "https://files.catbox.moe/ejsdir.mp3"
    },
    {
        "animeEng": "Infinite Stratos 2",
        "animeRomaji": "IS: Infinite Stratos 2",
        "songName": "BEAUTIFUL SKY",
        "artist": "Y\u014dko Hikasa, Yukana, Asami Shimoda, Kana Hanazawa, Marina Inoue, Suzuko Mimori",
        "type": "Ending 2",
        "correctCount": 76,
        "startTime": 41,
        "songDuration": 89.568,
        "songNumber": 70,
        "activePlayerCount": 234,
        "LinkVideo": "https://files.catbox.moe/8zk7uo.webm",
        "LinkMp3": "https://files.catbox.moe/z4u0q7.mp3"
    },
    {
        "animeEng": "Digimon Tamers",
        "animeRomaji": "Digimon Tamers",
        "songName": "The Biggest Dreamer",
        "artist": "Kouji Wada",
        "type": "Opening 1",
        "correctCount": 100,
        "startTime": 5,
        "songDuration": 87.216,
        "songNumber": 71,
        "activePlayerCount": 233,
        "LinkVideo": "https://files.catbox.moe/q9ct91.webm",
        "LinkMp3": "https://files.catbox.moe/ko3qin.mp3"
    },
    {
        "animeEng": "A Certain Scientific Railgun",
        "animeRomaji": "Toaru Kagaku no Railgun",
        "songName": "only my railgun",
        "artist": "fripSide",
        "type": "Opening 1",
        "correctCount": 184,
        "startTime": 44,
        "songDuration": 89.424,
        "songNumber": 72,
        "activePlayerCount": 234,
        "LinkVideo": "https://files.catbox.moe/u0km8p.webm",
        "LinkMp3": "https://files.catbox.moe/ltmul6.mp3"
    },
    {
        "animeEng": "Shuffle!",
        "animeRomaji": "Shuffle!",
        "songName": "Mirage Lullaby",
        "artist": "YURIA",
        "type": "Insert Song",
        "correctCount": 39,
        "startTime": 1,
        "songDuration": 45,
        "songNumber": 73,
        "activePlayerCount": 233,
        "LinkVideo": "https://files.catbox.moe/34oi81.webm",
        "LinkMp3": "https://files.catbox.moe/jdugwm.mp3"
    },
    {
        "animeEng": "Free! The Movie -Timeless Medley- the Promise",
        "animeRomaji": "Free! -Timeless Medley- Yakusoku",
        "songName": "Clear Blue Departure",
        "artist": "Nobunaga Shimazaki, Mamoru Miyano, Tatsuhisa Suzuki, Tsubasa Yonaga, Daisuke Hirakawa, Yoshimasa Hosoya, Kouki Miyata, Kenichi Suzumura",
        "type": "Ending 1",
        "correctCount": 17,
        "startTime": 70,
        "songDuration": 284.688,
        "songNumber": 74,
        "activePlayerCount": 233,
        "LinkVideo": "https://files.catbox.moe/8fkcrc.webm",
        "LinkMp3": "https://files.catbox.moe/hzqvsc.mp3"
    },
    {
        "animeEng": "Refrain Blue",
        "animeRomaji": "Refrain Blue",
        "songName": "Mimi wo Sumaseba",
        "artist": "Hikari Okamoto",
        "type": "Ending 1",
        "correctCount": 2,
        "startTime": 31,
        "songDuration": 157.848,
        "songNumber": 75,
        "activePlayerCount": 232,
        "LinkVideo": "https://files.catbox.moe/3etp7m.webm",
        "LinkMp3": "https://files.catbox.moe/t0u3e3.mp3",
        "correctPlayers": [
            "watashiii",
            "SuperstarPearl"
        ]
    }
]