[
    {
        "animeEng": "Black Clover",
        "animeRomaji": "Black Clover",
        "songName": "Black Catcher",
        "artist": "Vickeblanka",
        "type": "Opening 10",
        "correctCount": 141,
        "startTime": 31,
        "songDuration": 90.072,
        "songNumber": 1,
        "activePlayerCount": 212,
        "LinkVideo": "https://files.catbox.moe/4ike31.webm",
        "LinkMp3": "https://files.catbox.moe/9ia0nj.mp3"
    },
    {
        "animeEng": "Katana Maidens: Toji no Miko",
        "animeRomaji": "Toji no Miko",
        "songName": "Shinkakei Colors",
        "artist": "Kaede Hondo, Saori \u014cnishi, Azumi Waki, Hina Kino, Risae Matsuda, Eri Suzuki",
        "type": "Opening 2",
        "correctCount": 18,
        "startTime": 31,
        "songDuration": 89.807436,
        "songNumber": 2,
        "activePlayerCount": 232,
        "LinkVideo": "https://files.catbox.moe/jznamz.webm",
        "LinkMp3": "https://files.catbox.moe/12qh9o.mp3"
    },
    {
        "animeEng": "Umayon",
        "animeRomaji": "Umayon",
        "songName": "Pyoitto\u266a Hallelujah!",
        "artist": "Azumi Waki, Akari Kit\u014d, Iori Saeki, Minami Takahashi, Rena Maeda",
        "type": "Ending 1",
        "correctCount": 54,
        "startTime": 0,
        "songDuration": 28.056,
        "songNumber": 3,
        "activePlayerCount": 233,
        "LinkVideo": "https://files.catbox.moe/29kldk.webm",
        "LinkMp3": "https://files.catbox.moe/o2d1sb.mp3"
    },
    {
        "animeEng": "Negima!?",
        "animeRomaji": "Negima!?",
        "songName": "Happy\u2606Material",
        "artist": "Mahora Gakuen Chuutou-bu 2-A",
        "type": "Insert Song",
        "correctCount": 88,
        "startTime": 35,
        "songDuration": 124.776,
        "songNumber": 4,
        "activePlayerCount": 235,
        "LinkVideo": "https://files.catbox.moe/n7vszq.webm",
        "LinkMp3": "https://files.catbox.moe/j60q1d.mp3"
    },
    {
        "animeEng": "Jewelpet Sunshine",
        "animeRomaji": "Jewelpet Sunshine",
        "songName": "Sounds of Silence",
        "artist": "Simon & Garfunkel",
        "type": "Insert Song",
        "correctCount": 46,
        "startTime": 0,
        "songDuration": 36.649166,
        "songNumber": 5,
        "activePlayerCount": 235,
        "LinkVideo": "https://files.catbox.moe/9l9c3t.webm",
        "LinkMp3": "https://files.catbox.moe/06r2nt.mp3"
    },
    {
        "animeEng": "WATATEN!: an Angel Flew Down to Me",
        "animeRomaji": "Watashi ni Tenshi ga Maiorita!",
        "songName": "Tenshi no Manazashi Epilogue",
        "artist": "Maria Sashide, Rika Nagae, Akari Kit\u014d, Hitomi Ohwada, Naomi \u014czora",
        "type": "Insert Song",
        "correctCount": 99,
        "startTime": 3,
        "songDuration": 57.072,
        "songNumber": 6,
        "activePlayerCount": 234,
        "LinkVideo": "https://files.catbox.moe/ufoz57.webm",
        "LinkMp3": "https://files.catbox.moe/bn91oz.mp3"
    },
    {
        "animeEng": "Initial D",
        "animeRomaji": "Initial D",
        "songName": "LONELY LOVE",
        "artist": "SOPHIE",
        "type": "Insert Song",
        "correctCount": 96,
        "startTime": 18,
        "songDuration": 56.184,
        "songNumber": 7,
        "activePlayerCount": 234,
        "LinkVideo": "https://files.catbox.moe/c2cy5o.webm",
        "LinkMp3": "https://files.catbox.moe/g2rn4o.mp3"
    },
    {
        "animeEng": "Psychic Force",
        "animeRomaji": "Psychic Force",
        "songName": "Love Can Save the World",
        "artist": "Tomokazu Seki & Kyousei Tsukui",
        "type": "Ending 1",
        "correctCount": 1,
        "startTime": 86,
        "songDuration": 200.068398,
        "songNumber": 8,
        "activePlayerCount": 233,
        "LinkVideo": "https://files.catbox.moe/q5ch55.webm",
        "LinkMp3": "https://files.catbox.moe/qn9tm7.mp3",
        "correctPlayers": [
            "ozsauce"
        ]
    },
    {
        "animeEng": "Seiren",
        "animeRomaji": "Seiren",
        "songName": "Kimi no Hana",
        "artist": "Hanako Oku",
        "type": "Opening 1",
        "correctCount": 46,
        "startTime": 33,
        "songDuration": 89.16,
        "songNumber": 9,
        "activePlayerCount": 233,
        "LinkVideo": "https://files.catbox.moe/lnibxz.webm",
        "LinkMp3": "https://files.catbox.moe/t6ljnc.mp3"
    },
    {
        "animeEng": "Reborn!",
        "animeRomaji": "Katekyo Hitman Reborn!",
        "songName": "Sakura Addiction",
        "artist": "Takashi Kondou & Toshinobu Iida",
        "type": "Ending 5",
        "correctCount": 35,
        "startTime": 22,
        "songDuration": 88.8,
        "songNumber": 10,
        "activePlayerCount": 233,
        "LinkVideo": "https://files.catbox.moe/73e99l.webm",
        "LinkMp3": "https://files.catbox.moe/j0576a.mp3"
    },
    {
        "animeEng": "Last Period: the journey to the end of the despair",
        "animeRomaji": "Last Period: Owari naki Rasen no Monogatari",
        "songName": "Wiseman no Theme",
        "artist": "Wiseman",
        "type": "Ending 1",
        "correctCount": 34,
        "startTime": 53,
        "songDuration": 87.384,
        "songNumber": 11,
        "activePlayerCount": 232,
        "LinkVideo": "https://files.catbox.moe/ftw411.webm",
        "LinkMp3": "https://files.catbox.moe/2659kb.mp3"
    },
    {
        "animeEng": "Patlabor The Mobile Police",
        "animeRomaji": "Kid\u014d Keisatsu Patlabor",
        "songName": "Miraiha Lovers",
        "artist": "Hiroko Kasahara",
        "type": "Opening 1",
        "correctCount": 49,
        "startTime": 20,
        "songDuration": 91.16578,
        "songNumber": 12,
        "activePlayerCount": 230,
        "LinkVideo": "https://files.catbox.moe/wslza7.webm",
        "LinkMp3": "https://files.catbox.moe/kknl1l.mp3"
    },
    {
        "animeEng": "Him\u014dto! Umaru-chan",
        "animeRomaji": "Him\u014dto! Umaru-chan",
        "songName": "Kakushinteki \u2606 Metamorphose!",
        "artist": "Aimi Tanaka",
        "type": "Opening 1",
        "correctCount": 204,
        "startTime": 6,
        "songDuration": 88.032,
        "songNumber": 13,
        "activePlayerCount": 227,
        "LinkVideo": "https://files.catbox.moe/k8gn13.webm",
        "LinkMp3": "https://files.catbox.moe/cqvs1w.mp3"
    },
    {
        "animeEng": "Panty & Stocking with Garterbelt",
        "animeRomaji": "Panty & Stocking with Garterbelt",
        "songName": "D.City Rock",
        "artist": "TeddyLoid feat. Debra Zeer",
        "type": "Insert Song",
        "correctCount": 160,
        "startTime": 135,
        "songDuration": 270.792,
        "songNumber": 14,
        "activePlayerCount": 231,
        "LinkVideo": "https://files.catbox.moe/ugjrkd.webm",
        "LinkMp3": "https://files.catbox.moe/uqgyyq.mp3"
    },
    {
        "animeEng": "Cromartie High School",
        "animeRomaji": "Sakigake!! Cromartie Koukou",
        "songName": "Ningen Nante",
        "artist": "Takuro Yoshida",
        "type": "Insert Song",
        "correctCount": 15,
        "startTime": 9,
        "songDuration": 43.368,
        "songNumber": 15,
        "activePlayerCount": 230,
        "LinkVideo": "https://files.catbox.moe/akzlf7.webm",
        "LinkMp3": "https://files.catbox.moe/g4bj7d.mp3"
    },
    {
        "animeEng": "Castle in the Sky",
        "animeRomaji": "Laputa",
        "songName": "Kimi wo Nosete",
        "artist": "Azumi Inoue",
        "type": "Ending 1",
        "correctCount": 101,
        "startTime": 113,
        "songDuration": 180.792,
        "songNumber": 16,
        "activePlayerCount": 229,
        "LinkVideo": "https://files.catbox.moe/brhp9h.webm",
        "LinkMp3": "https://files.catbox.moe/iagyyj.mp3"
    },
    {
        "animeEng": "Lord of Vermilion",
        "animeRomaji": "Lord of Vermilion: Guren no \u014c",
        "songName": "Tenshi yo Kokyou o Kike",
        "artist": "May'n",
        "type": "Opening 1",
        "correctCount": 20,
        "startTime": 38,
        "songDuration": 87.744,
        "songNumber": 17,
        "activePlayerCount": 229,
        "LinkVideo": "https://files.catbox.moe/f0hvq6.webm",
        "LinkMp3": "https://files.catbox.moe/5cls54.mp3"
    },
    {
        "animeEng": "Venus Wars",
        "animeRomaji": "Venus Senki",
        "songName": "Shakunetsu no Circuit",
        "artist": "Eiko Yamane",
        "type": "Insert Song",
        "correctCount": 6,
        "startTime": 4,
        "songDuration": 81.048,
        "songNumber": 18,
        "activePlayerCount": 227,
        "LinkVideo": "https://files.catbox.moe/jjxno4.webm",
        "LinkMp3": "https://files.catbox.moe/a8hplq.mp3"
    },
    {
        "animeEng": "GTO: The Animation",
        "animeRomaji": "GTO: The Animation",
        "songName": "Driver's High",
        "artist": "L'Arc~en~Ciel",
        "type": "Opening 1",
        "correctCount": 135,
        "startTime": 20,
        "songDuration": 96.432,
        "songNumber": 19,
        "activePlayerCount": 228,
        "LinkVideo": "https://files.catbox.moe/10yyo8.webm",
        "LinkMp3": "https://files.catbox.moe/8r4nq8.mp3"
    },
    {
        "animeEng": "Inazuma Eleven: Orion no Kokuin",
        "animeRomaji": "Inazuma Eleven: Orion no Kokuin",
        "songName": "Butai wa Dekkai H\u014d ga Ii!",
        "artist": "pugcat's",
        "type": "Opening 1",
        "correctCount": 27,
        "startTime": 24,
        "songDuration": 83.85162,
        "songNumber": 20,
        "activePlayerCount": 229,
        "LinkVideo": "https://files.catbox.moe/mjwd9e.webm",
        "LinkMp3": "https://files.catbox.moe/r6mag7.mp3"
    },
    {
        "animeEng": "Project A-Ko",
        "animeRomaji": "Project A-Ko",
        "songName": "Dance Away",
        "artist": "Annie Livingston",
        "type": "Insert Song",
        "correctCount": 9,
        "startTime": 8,
        "songDuration": 63.8192,
        "songNumber": 21,
        "activePlayerCount": 229,
        "LinkVideo": "https://files.catbox.moe/zks82q.webm",
        "LinkMp3": "https://files.catbox.moe/ix0o9s.mp3"
    },
    {
        "animeEng": "Death Parade",
        "animeRomaji": "Death Parade",
        "songName": "Last Theater",
        "artist": "NoisyCell",
        "type": "Ending 1",
        "correctCount": 137,
        "startTime": 20,
        "songDuration": 69.288,
        "songNumber": 22,
        "activePlayerCount": 229,
        "LinkVideo": "https://files.catbox.moe/wifegm.webm",
        "LinkMp3": "https://files.catbox.moe/n9pmin.mp3"
    },
    {
        "animeEng": "The Rose of Versailles",
        "animeRomaji": "Versailles no Bara",
        "songName": "Bara wa Utsukushiku Chiru",
        "artist": "Hiroko Suzuki",
        "type": "Opening 1",
        "correctCount": 65,
        "startTime": 7,
        "songDuration": 89.04,
        "songNumber": 23,
        "activePlayerCount": 229,
        "LinkVideo": "https://files.catbox.moe/vbnswi.webm",
        "LinkMp3": "https://files.catbox.moe/u5lc45.mp3"
    },
    {
        "animeEng": "B-PROJECT",
        "animeRomaji": "B-PROJECT-Kodo Ambitious-",
        "songName": "Ashita wa, Kyou Yori Yumemi You",
        "artist": "Kitakore",
        "type": "Insert Song",
        "correctCount": 10,
        "startTime": 18,
        "songDuration": 58.008,
        "songNumber": 24,
        "activePlayerCount": 227,
        "LinkVideo": "https://files.catbox.moe/vuz8wk.webm",
        "LinkMp3": "https://files.catbox.moe/17kwt9.mp3"
    },
    {
        "animeEng": "Gunbuster vs Diebuster Aim for the Top! The GATTAI!! Movie",
        "animeRomaji": "Top o Nerae! & Top o Nerae 2! Gattai Gekij\u014dban!!",
        "songName": "Top o Nerae! ~Fly High~",
        "artist": "Noriko Hidaka & Rei Sakuma",
        "type": "Insert Song",
        "correctCount": 41,
        "startTime": 36,
        "songDuration": 225.768,
        "songNumber": 25,
        "activePlayerCount": 226,
        "LinkVideo": "https://files.catbox.moe/trr1c2.webm",
        "LinkMp3": "https://files.catbox.moe/z3yhs1.mp3"
    },
    {
        "animeEng": "Tekkaman Blade II",
        "animeRomaji": "Uch\u016b no Kishi Tekkaman Blade 2",
        "songName": "Live alone Sennen Tattemo",
        "artist": "Masami Okui",
        "type": "Ending 2",
        "correctCount": 3,
        "startTime": 83,
        "songDuration": 146.952,
        "songNumber": 26,
        "activePlayerCount": 227,
        "LinkVideo": "https://files.catbox.moe/59335i.webm",
        "LinkMp3": "https://files.catbox.moe/adcuda.mp3",
        "correctPlayers": [
            "80s",
            "kaijuu",
            "KaedeTakagaki"
        ]
    },
    {
        "animeEng": "Junji Ito Collection",
        "animeRomaji": "Ito Junji: Collection",
        "songName": "Shichitenbatt\u014d no Blues",
        "artist": "THE PINBALLS",
        "type": "Opening 1",
        "correctCount": 62,
        "startTime": 12,
        "songDuration": 89.688,
        "songNumber": 27,
        "activePlayerCount": 227,
        "LinkVideo": "https://files.catbox.moe/c4nun2.webm",
        "LinkMp3": "https://files.catbox.moe/8mwx1f.mp3"
    },
    {
        "animeEng": "Rascal Does Not Dream of Bunny Girl Senpai",
        "animeRomaji": "Seishun Buta Yar\u014d wa Bunny Girl-senpai no Yume o Minai",
        "songName": "Fukashigi no Karte",
        "artist": "Asami Seto, Nao T\u014dyama, Atsumi Tanezaki, Maaya Uchida, Yurika Kubo, Inori Minase",
        "type": "Ending 1",
        "correctCount": 198,
        "startTime": 24,
        "songDuration": 59.40565,
        "songNumber": 28,
        "activePlayerCount": 228,
        "LinkVideo": "https://files.catbox.moe/513btr.webm",
        "LinkMp3": "https://files.catbox.moe/i4v8kz.mp3"
    },
    {
        "animeEng": "Jinzo Konchu Kabuto Borg VxV",
        "animeRomaji": "Jinzo Konchu Kabuto Borg VxV",
        "songName": "VICTORY ROAD",
        "artist": "Pinky Piglets",
        "type": "Ending 1",
        "correctCount": 4,
        "startTime": 29,
        "songDuration": 89.328,
        "songNumber": 29,
        "activePlayerCount": 227,
        "LinkVideo": "https://files.catbox.moe/797nbx.webm",
        "LinkMp3": "https://files.catbox.moe/c7n7c3.mp3",
        "correctPlayers": [
            "Vazquez",
            "AcceleratorST",
            "Denji",
            "ozsauce"
        ]
    },
    {
        "animeEng": "Darker than Black: Gemini of the Meteor",
        "animeRomaji": "Darker than Black: Gemini of the Meteor",
        "songName": "Tsukiakari no Michishirube",
        "artist": "Stereopony",
        "type": "Opening 1",
        "correctCount": 134,
        "startTime": 51,
        "songDuration": 91.056,
        "songNumber": 30,
        "activePlayerCount": 227,
        "LinkVideo": "https://files.catbox.moe/8kezdj.webm",
        "LinkMp3": "https://files.catbox.moe/kkg29g.mp3"
    },
    {
        "animeEng": "Genocyber",
        "animeRomaji": "Genocyber: Kyokai no Maj\u016b",
        "songName": "Fairy Dreamin'",
        "artist": "Sayuri Shimizu",
        "type": "Ending 1",
        "correctCount": 4,
        "startTime": 56,
        "songDuration": 159.048,
        "songNumber": 31,
        "activePlayerCount": 227,
        "LinkVideo": "https://files.catbox.moe/a01sn1.webm",
        "LinkMp3": "https://files.catbox.moe/4xnp8p.mp3",
        "correctPlayers": [
            "Vail",
            "OnlyKeroroGunso",
            "Jinso",
            "eieieieie"
        ]
    },
    {
        "animeEng": "Blade Runner: Black Out 2022",
        "animeRomaji": "Blade Runner: Black Out 2022",
        "songName": "Almost Human",
        "artist": "Lauren Daigle",
        "type": "Ending 1",
        "correctCount": 25,
        "startTime": 67,
        "songDuration": 121.728,
        "songNumber": 32,
        "activePlayerCount": 227,
        "LinkVideo": "https://files.catbox.moe/ijvo1v.webm",
        "LinkMp3": "https://files.catbox.moe/qnb8lv.mp3"
    },
    {
        "animeEng": "Kakuriyo -Bed & Breakfast for Spirits-",
        "animeRomaji": "Kakuriyo no Yadomeshi",
        "songName": "Tomoshibi no Manimani",
        "artist": "Nao T\u014dyama",
        "type": "Opening 1",
        "correctCount": 55,
        "startTime": 33,
        "songDuration": 90.303754,
        "songNumber": 33,
        "activePlayerCount": 227,
        "LinkVideo": "https://files.catbox.moe/g7bmbx.webm",
        "LinkMp3": "https://files.catbox.moe/lsqibd.mp3"
    },
    {
        "animeEng": "Food Wars! Shokugeki no Soma",
        "animeRomaji": "Shokugeki no S\u014dma",
        "songName": "Kib\u014d no Uta",
        "artist": "ULTRA TOWER",
        "type": "Opening 1",
        "correctCount": 164,
        "startTime": 23,
        "songDuration": 88.999167,
        "songNumber": 34,
        "activePlayerCount": 227,
        "LinkVideo": "https://files.catbox.moe/myu5fk.webm",
        "LinkMp3": "https://files.catbox.moe/dtbgrd.mp3"
    },
    {
        "animeEng": "Kamigami no Ki",
        "animeRomaji": "Kamigami no Ki",
        "songName": "Kamigami wo Tataeru Uta",
        "artist": "Toshiyuki Morikawa",
        "type": "Opening 1",
        "correctCount": 13,
        "startTime": 0,
        "songDuration": 29.424,
        "songNumber": 35,
        "activePlayerCount": 227,
        "LinkVideo": "https://files.catbox.moe/q58cpa.webm",
        "LinkMp3": "https://files.catbox.moe/iqsrdj.mp3"
    },
    {
        "animeEng": "Gegege no Kitar\u014d: Jigoku-hen",
        "animeRomaji": "Gegege no Kitar\u014d: Jigoku-hen",
        "songName": "Gegege no Kitaro",
        "artist": "Ikuzo Yoshi",
        "type": "Opening 1",
        "correctCount": 209,
        "startTime": 43,
        "songDuration": 90.744,
        "songNumber": 36,
        "activePlayerCount": 226,
        "LinkVideo": "",
        "LinkMp3": "https://files.catbox.moe/hun160.mp3"
    },
    {
        "animeEng": "Futari wa Precure Max Heart 2: Yukizora no Tomodachi",
        "animeRomaji": "Futari wa Precure Max Heart 2: Yukizora no Tomodachi",
        "songName": "Crystal",
        "artist": "Mayumi Goj\u014d",
        "type": "Insert Song",
        "correctCount": 7,
        "startTime": 70,
        "songDuration": 109.536,
        "songNumber": 37,
        "activePlayerCount": 227,
        "LinkVideo": "https://files.catbox.moe/u18ul4.webm",
        "LinkMp3": "https://files.catbox.moe/rhhk2v.mp3"
    },
    {
        "animeEng": "Devil Survivor 2 The Animation",
        "animeRomaji": "Devil Survivor 2 The Animation",
        "songName": "Be",
        "artist": "Song Riders",
        "type": "Ending 1",
        "correctCount": 44,
        "startTime": 42,
        "songDuration": 87.552,
        "songNumber": 38,
        "activePlayerCount": 227,
        "LinkVideo": "https://files.catbox.moe/r94qtc.webm",
        "LinkMp3": "https://files.catbox.moe/fujv2d.mp3"
    },
    {
        "animeEng": "Dragon Ball Z: Bardock - The Father of Goku",
        "animeRomaji": "Dragon Ball Z: Tatta Hitori no Saish\u016b Kessen - Freezer ni Idonda Z Senshi Son Goku no Chichi",
        "songName": "CHA-LA HEAD-CHA-LA",
        "artist": "Hironobu Kageyama",
        "type": "Opening 1",
        "correctCount": 213,
        "startTime": 28,
        "songDuration": 107.074078,
        "songNumber": 39,
        "activePlayerCount": 226,
        "LinkVideo": "https://files.catbox.moe/r5o3zy.webm",
        "LinkMp3": "https://files.catbox.moe/ewehoa.mp3"
    },
    {
        "animeEng": "Natsume's Book of Friends Season 1",
        "animeRomaji": "Natsume Y\u016bjinch\u014d",
        "songName": "Issei no Sei",
        "artist": "Sh\u016bhei Kita",
        "type": "Opening 1",
        "correctCount": 92,
        "startTime": 13,
        "songDuration": 87.456,
        "songNumber": 40,
        "activePlayerCount": 226,
        "LinkVideo": "https://files.catbox.moe/s43jie.webm",
        "LinkMp3": "https://files.catbox.moe/urphyn.mp3"
    },
    {
        "animeEng": "The Demon Girl Next Door",
        "animeRomaji": "Machikado Mazoku",
        "songName": "Yoimachi Cantare",
        "artist": "K\u014dro Machikado",
        "type": "Ending 1",
        "correctCount": 76,
        "startTime": 18,
        "songDuration": 90.168,
        "songNumber": 41,
        "activePlayerCount": 224,
        "LinkVideo": "https://files.catbox.moe/i9b1jt.webm",
        "LinkMp3": "https://files.catbox.moe/emsd5m.mp3"
    },
    {
        "animeEng": "Don't Lose, Makendo!",
        "animeRomaji": "Makeruna! Makendo",
        "songName": "Kokoro ni Anata ga Irukara",
        "artist": "Mika Kanai",
        "type": "Opening 1",
        "correctCount": 2,
        "startTime": 1,
        "songDuration": 88.368,
        "songNumber": 42,
        "activePlayerCount": 224,
        "LinkVideo": "https://files.catbox.moe/h1vu4z.webm",
        "LinkMp3": "https://files.catbox.moe/yym35s.mp3",
        "correctPlayers": [
            "Rukawa11",
            "ozsauce"
        ]
    },
    {
        "animeEng": "Panda! Go, Panda!: Rainy Day Circus",
        "animeRomaji": "Panda-Kopanda: Amefuri Circus no Maki",
        "songName": "Mimi-chan to Panda Kopanda",
        "artist": "Ado Mizumori",
        "type": "Opening 1",
        "correctCount": 127,
        "startTime": 20,
        "songDuration": 113.832,
        "songNumber": 43,
        "activePlayerCount": 223,
        "LinkVideo": "https://files.catbox.moe/ig8lcn.webm",
        "LinkMp3": "https://files.catbox.moe/yawetr.mp3"
    },
    {
        "animeEng": "Corrector Yui",
        "animeRomaji": "Corrector Yui",
        "songName": "Eien to Iu Basho",
        "artist": "Kyouko with Masayoshi Yamazaki & Shikao Suga",
        "type": "Opening 1",
        "correctCount": 11,
        "startTime": 46,
        "songDuration": 88.416,
        "songNumber": 44,
        "activePlayerCount": 224,
        "LinkVideo": "https://files.catbox.moe/vfbp5q.webm",
        "LinkMp3": "https://files.catbox.moe/6l3dhj.mp3"
    },
    {
        "animeEng": "The Misfit of Demon King Academy",
        "animeRomaji": "Ma\u014d Gakuin no Futekig\u014dsha",
        "songName": "Seikai Fuseikai",
        "artist": "CIVILIAN feat. Tatsuhisa Suzuki",
        "type": "Opening 2",
        "correctCount": 107,
        "startTime": 31,
        "songDuration": 88.968,
        "songNumber": 45,
        "activePlayerCount": 222,
        "LinkVideo": "https://files.catbox.moe/n3409u.webm",
        "LinkMp3": "https://files.catbox.moe/axyic5.mp3"
    },
    {
        "animeEng": "Wooser's Hand-to-Mouth Life",
        "animeRomaji": "Wooser no Sono Higurashi",
        "songName": "Love Me Gimme",
        "artist": "Tia",
        "type": "Ending 1",
        "correctCount": 37,
        "startTime": 3,
        "songDuration": 40.959296,
        "songNumber": 46,
        "activePlayerCount": 222,
        "LinkVideo": "https://files.catbox.moe/lqhlpn.webm",
        "LinkMp3": "https://files.catbox.moe/6vb2kz.mp3"
    },
    {
        "animeEng": "Nerima Daikon Brothers",
        "animeRomaji": "Oroshitate Musical Nerima Daikon Brothers",
        "songName": "Ma\u30fbJi\u30fbYa\u30fbBa",
        "artist": "Nerima Daikon Brothers",
        "type": "Opening 1",
        "correctCount": 5,
        "startTime": 12,
        "songDuration": 87.864,
        "songNumber": 47,
        "activePlayerCount": 222,
        "LinkVideo": "https://files.catbox.moe/96hthq.webm",
        "LinkMp3": "https://files.catbox.moe/f9migu.mp3",
        "correctPlayers": [
            "Swords",
            "lzlucas",
            "Goatonaspork",
            "watashiii",
            "OnlyWakeUpGirls"
        ]
    },
    {
        "animeEng": "Pikaia!!",
        "animeRomaji": "Pikaia!!",
        "songName": "Nie\u00b2Bye\u00b2",
        "artist": "Hime Kyun Fruit Kan",
        "type": "Ending 1",
        "correctCount": 4,
        "startTime": 0,
        "songDuration": 28.008,
        "songNumber": 48,
        "activePlayerCount": 222,
        "LinkVideo": "https://files.catbox.moe/ccusw6.webm",
        "LinkMp3": "https://files.catbox.moe/rhu1yx.mp3",
        "correctPlayers": [
            "watashiii",
            "SuperstarPearl",
            "Cirquit",
            "ozsauce"
        ]
    },
    {
        "animeEng": "Gegege no Kitar\u014d",
        "animeRomaji": "Gegege no Kitar\u014d",
        "songName": "Ushimitsu Jamboree",
        "artist": "Stardust\u2606Revue",
        "type": "Ending 6",
        "correctCount": 141,
        "startTime": 4,
        "songDuration": 59.064,
        "songNumber": 49,
        "activePlayerCount": 220,
        "LinkVideo": "https://files.catbox.moe/pl0b7c.webm",
        "LinkMp3": "https://files.catbox.moe/pgvain.mp3"
    },
    {
        "animeEng": "RahXephon",
        "animeRomaji": "RahXephon",
        "songName": "Hemisphere",
        "artist": "Maaya Sakamoto",
        "type": "Opening 1",
        "correctCount": 42,
        "startTime": 13,
        "songDuration": 89.352,
        "songNumber": 50,
        "activePlayerCount": 221,
        "LinkVideo": "https://files.catbox.moe/yms1pb.webm",
        "LinkMp3": "https://files.catbox.moe/fl2fcv.mp3"
    },
    {
        "animeEng": "The Super Dimension Fortress Macross: Flash Back 2012",
        "animeRomaji": "The Super Dimension Fortress Macross: Flash Back 2012",
        "songName": "Tenshi no E no Gu",
        "artist": "Mari Iijima",
        "type": "Insert Song",
        "correctCount": 14,
        "startTime": 9,
        "songDuration": 191.664,
        "songNumber": 51,
        "activePlayerCount": 220,
        "LinkVideo": "https://files.catbox.moe/hh4bjv.webm",
        "LinkMp3": "https://files.catbox.moe/hbqk5x.mp3"
    },
    {
        "animeEng": "Eiga Suite Precure: Torimodose! Kokoro ga Tsunagu Kiseki no Melody",
        "animeRomaji": "Eiga Suite Precure: Torimodose! Kokoro ga Tsunagu Kiseki no Melody",
        "songName": "#Kibou Rainbow#",
        "artist": "Aya Ikeda",
        "type": "Ending 2",
        "correctCount": 96,
        "startTime": 30,
        "songDuration": 88.128,
        "songNumber": 52,
        "activePlayerCount": 220,
        "LinkVideo": "https://files.catbox.moe/o1xpks.webm",
        "LinkMp3": "https://files.catbox.moe/slrm70.mp3"
    },
    {
        "animeEng": "Rilu Rilu Fairilu: Y\u014dsei no Door",
        "animeRomaji": "Rilu Rilu Fairilu: Y\u014dsei no Door",
        "songName": "Brand New Days",
        "artist": "Apink",
        "type": "Opening 1",
        "correctCount": 23,
        "startTime": 26,
        "songDuration": 88.501336,
        "songNumber": 53,
        "activePlayerCount": 219,
        "LinkVideo": "https://files.catbox.moe/3p1sbx.webm",
        "LinkMp3": "https://files.catbox.moe/7d1ai3.mp3"
    },
    {
        "animeEng": "Magic User's Club!",
        "animeRomaji": "Mah\u014dtsukai Tai!",
        "songName": "Senobi wo Shite Follow You",
        "artist": "Mah\u014d Tsukai-tai",
        "type": "Opening 1",
        "correctCount": 6,
        "startTime": 38,
        "songDuration": 95.208,
        "songNumber": 54,
        "activePlayerCount": 219,
        "LinkVideo": "https://files.catbox.moe/weh9g1.webm",
        "LinkMp3": "https://files.catbox.moe/zrqo89.mp3"
    },
    {
        "animeEng": "Himitsu Kessha Taka no Tsume THE MOVIE II ~Watashi o Ai Shita Kuro Oolong-cha~",
        "animeRomaji": "Himitsu Kessha Taka no Tsume THE MOVIE II ~Watashi o Ai Shita Kuro Oolong-cha~",
        "songName": "Kokuhaku Time",
        "artist": "manzo",
        "type": "Insert Song",
        "correctCount": 1,
        "startTime": 12,
        "songDuration": 70.056,
        "songNumber": 55,
        "activePlayerCount": 218,
        "LinkVideo": "https://files.catbox.moe/nwjzp5.webm",
        "LinkMp3": "https://files.catbox.moe/eq980n.mp3",
        "correctPlayers": [
            "RankedTeamer1"
        ]
    },
    {
        "animeEng": "Di Gi Charat",
        "animeRomaji": "Di Gi Charat",
        "songName": "only one, No.1",
        "artist": "Masami Okui",
        "type": "Opening 1",
        "correctCount": 33,
        "startTime": 8,
        "songDuration": 44.712,
        "songNumber": 56,
        "activePlayerCount": 218,
        "LinkVideo": "https://files.catbox.moe/j6kwjt.webm",
        "LinkMp3": "https://files.catbox.moe/dwd70o.mp3"
    },
    {
        "animeEng": "Hozuki's Coolheadedness",
        "animeRomaji": "H\u014dzuki no Reitetsu",
        "songName": "Haikei, Jigoku yori",
        "artist": "Jigoku no Sata All Stars",
        "type": "Opening 1",
        "correctCount": 116,
        "startTime": 13,
        "songDuration": 88.344,
        "songNumber": 57,
        "activePlayerCount": 219,
        "LinkVideo": "https://files.catbox.moe/kwr921.webm",
        "LinkMp3": "https://files.catbox.moe/jrt68z.mp3"
    },
    {
        "animeEng": "Air",
        "animeRomaji": "Air",
        "songName": "Tori no Uta",
        "artist": "Lia",
        "type": "Opening 1",
        "correctCount": 130,
        "startTime": 47,
        "songDuration": 117.192,
        "songNumber": 58,
        "activePlayerCount": 219,
        "LinkVideo": "https://files.catbox.moe/2ip6uc.webm",
        "LinkMp3": "https://files.catbox.moe/tcaj6a.mp3"
    },
    {
        "animeEng": "Princess Principal",
        "animeRomaji": "Princess Principal",
        "songName": "The Other Side of the Wall",
        "artist": "Void_Chords feat.MARU",
        "type": "Opening 1",
        "correctCount": 133,
        "startTime": 17,
        "songDuration": 88.992,
        "songNumber": 59,
        "activePlayerCount": 219,
        "LinkVideo": "https://files.catbox.moe/ol00hv.webm",
        "LinkMp3": "https://files.catbox.moe/di8nls.mp3"
    },
    {
        "animeEng": "Hunter X Hunter: Phantom Rouge",
        "animeRomaji": "Hunter \u00d7 Hunter: Phantom Rouge",
        "songName": "REASON",
        "artist": "Yuzu",
        "type": "Ending 1",
        "correctCount": 89,
        "startTime": 153,
        "songDuration": 302.649492,
        "songNumber": 60,
        "activePlayerCount": 219,
        "LinkVideo": "https://files.catbox.moe/1dfxka.webm",
        "LinkMp3": "https://files.catbox.moe/j9jddz.mp3"
    },
    {
        "animeEng": "Mirmo Zibang!",
        "animeRomaji": "Wagamama Fairy Mirumo de Pon!",
        "songName": "Cherry Girl",
        "artist": "Sana",
        "type": "Ending 13",
        "correctCount": 9,
        "startTime": 53,
        "songDuration": 89.688,
        "songNumber": 61,
        "activePlayerCount": 221,
        "LinkVideo": "https://files.catbox.moe/4lihae.webm",
        "LinkMp3": "https://files.catbox.moe/6mf1yo.mp3"
    },
    {
        "animeEng": "Love Live! Sunshine!!",
        "animeRomaji": "Love Live! School idol project Sunshine!!",
        "songName": "Yuuki wa Doko ni? Kimi no Mune ni!",
        "artist": "Rikako Aida & Aika Kobayashi",
        "type": "Ending 4",
        "correctCount": 97,
        "startTime": 8,
        "songDuration": 98.064,
        "songNumber": 62,
        "activePlayerCount": 221,
        "LinkVideo": "https://files.catbox.moe/4xk14r.webm",
        "LinkMp3": "https://files.catbox.moe/b26a28.mp3"
    },
    {
        "animeEng": "Stars Align",
        "animeRomaji": "Hoshiai no Sora",
        "songName": "Kago no Naka no Bokura wa",
        "artist": "AIKI from bless4",
        "type": "Ending 1",
        "correctCount": 60,
        "startTime": 20,
        "songDuration": 88.104,
        "songNumber": 63,
        "activePlayerCount": 221,
        "LinkVideo": "https://files.catbox.moe/u9e069.webm",
        "LinkMp3": "https://files.catbox.moe/5hetoi.mp3"
    },
    {
        "animeEng": "Heaven's Lost Property Forte",
        "animeRomaji": "Sora no Otoshimono: Forte",
        "songName": "Soldier in the Space",
        "artist": "Soichiro Hoshi, Tatsuhisa Suzuki",
        "type": "Ending 6",
        "correctCount": 7,
        "startTime": 51,
        "songDuration": 89.064,
        "songNumber": 64,
        "activePlayerCount": 221,
        "LinkVideo": "https://files.catbox.moe/tazpog.webm",
        "LinkMp3": "https://files.catbox.moe/di36w8.mp3"
    },
    {
        "animeEng": "Hensuki: Are you willing to fall in love with a pervert, as long as she\u2019s a cutie?",
        "animeRomaji": "Kawaikereba Hentai demo Suki ni Natte Kuremasuka?",
        "songName": "Daisuki.",
        "artist": "Ayaka Ohashi",
        "type": "Opening 1",
        "correctCount": 95,
        "startTime": 38,
        "songDuration": 88.272,
        "songNumber": 65,
        "activePlayerCount": 221,
        "LinkVideo": "https://files.catbox.moe/bxtkjz.webm",
        "LinkMp3": "https://files.catbox.moe/8l3im1.mp3"
    },
    {
        "animeEng": "SUPER HXEROS",
        "animeRomaji": "Doky\u016b Hentai HxEros",
        "songName": "Wake Up H\u00d7ERO!",
        "artist": "HXEROS SYNDROMES feat. Yoshitsugu Matsuoka",
        "type": "Opening 1",
        "correctCount": 84,
        "startTime": 39,
        "songDuration": 88.536,
        "songNumber": 66,
        "activePlayerCount": 221,
        "LinkVideo": "https://files.catbox.moe/kp01mx.webm",
        "LinkMp3": "https://files.catbox.moe/j7r913.mp3"
    },
    {
        "animeEng": "Digimon Adventure tri. Chapter 3: Confession",
        "animeRomaji": "Digimon Adventure tri. Kokuhaku",
        "songName": "Butter-Fly~tri.Version~",
        "artist": "Kouji Wada",
        "type": "Opening 1",
        "correctCount": 149,
        "startTime": 1,
        "songDuration": 89.049898,
        "songNumber": 67,
        "activePlayerCount": 221,
        "LinkVideo": "https://files.catbox.moe/u4apn4.webm",
        "LinkMp3": "https://files.catbox.moe/1h70yn.mp3"
    },
    {
        "animeEng": "Kiddy Grade: Ignition",
        "animeRomaji": "Kiddy Grade: Ignition",
        "songName": "Mirai no Kioku",
        "artist": "YUKA",
        "type": "Insert Song",
        "correctCount": 9,
        "startTime": 172,
        "songDuration": 287.352,
        "songNumber": 68,
        "activePlayerCount": 220,
        "LinkVideo": "https://files.catbox.moe/mq174t.webm",
        "LinkMp3": "https://files.catbox.moe/5iqahi.mp3"
    },
    {
        "animeEng": "Himitsu no Akko-chan",
        "animeRomaji": "Himitsu no Akko-chan",
        "songName": "Himitsu no Akko-chan",
        "artist": "Kyoko Okada",
        "type": "Opening 1",
        "correctCount": 103,
        "startTime": 8,
        "songDuration": 60.168,
        "songNumber": 69,
        "activePlayerCount": 220,
        "LinkVideo": "https://files.catbox.moe/pfj8ol.webm",
        "LinkMp3": "https://files.catbox.moe/1moxf6.mp3"
    },
    {
        "animeEng": "Gegege no Kitar\u014d",
        "animeRomaji": "Gegege no Kitar\u014d",
        "songName": "Gegege no Kitar\u014d",
        "artist": "Kiyoshi Hikawa",
        "type": "Opening 1",
        "correctCount": 203,
        "startTime": 21,
        "songDuration": 81.552,
        "songNumber": 70,
        "activePlayerCount": 219,
        "LinkVideo": "https://files.catbox.moe/im1eyy.webm",
        "LinkMp3": "https://files.catbox.moe/y0hol8.mp3"
    },
    {
        "animeEng": "Lostorage conflated WIXOSS -missing link-",
        "animeRomaji": "Lostorage conflated WIXOSS -missing link-",
        "songName": "Lostorage",
        "artist": "Yuka Iguchi",
        "type": "Opening 1",
        "correctCount": 80,
        "startTime": 22,
        "songDuration": 89.064,
        "songNumber": 71,
        "activePlayerCount": 219,
        "LinkVideo": "https://files.catbox.moe/1qsy26.webm",
        "LinkMp3": "https://files.catbox.moe/58347z.mp3"
    },
    {
        "animeEng": "BBK/BRNK: The Gentle Giants of the Galaxy",
        "animeRomaji": "BBK/BRNK: Hoshi no Kyojin",
        "songName": "Reir\u014d taru Junketsu wa 'K\u014den' no Kairai o Hayarase, Gy\u014dten ni Kirameku Akashi o Kizamu",
        "artist": "Megumi Han",
        "type": "Opening 1",
        "correctCount": 13,
        "startTime": 39,
        "songDuration": 89.112,
        "songNumber": 72,
        "activePlayerCount": 219,
        "LinkVideo": "https://files.catbox.moe/99zz5a.webm",
        "LinkMp3": "https://files.catbox.moe/jx1bdp.mp3"
    },
    {
        "animeEng": "Hi Score Girl",
        "animeRomaji": "Hi Score Girl Extra Stage",
        "songName": "H\u014dkago Distraction",
        "artist": "Etsuko Yakushimaru",
        "type": "Ending 1",
        "correctCount": 115,
        "startTime": 39,
        "songDuration": 89.441728,
        "songNumber": 73,
        "activePlayerCount": 219,
        "LinkVideo": "https://files.catbox.moe/gt4kps.webm",
        "LinkMp3": "https://files.catbox.moe/smqvqy.mp3"
    },
    {
        "animeEng": "Cheer Boys!!",
        "animeRomaji": "Cheer Danshi!!",
        "songName": "Hajime no Ippo",
        "artist": "Luck Life",
        "type": "Opening 1",
        "correctCount": 34,
        "startTime": 33,
        "songDuration": 89.04,
        "songNumber": 74,
        "activePlayerCount": 219,
        "LinkVideo": "https://files.catbox.moe/hsjnr4.webm",
        "LinkMp3": "https://files.catbox.moe/0j2ykj.mp3"
    },
    {
        "animeEng": "Aria the Avvenire",
        "animeRomaji": "Aria the Avvenire",
        "songName": "Undine",
        "artist": "Yui Makino",
        "type": "Opening 1",
        "correctCount": 106,
        "startTime": 68,
        "songDuration": 105.696,
        "songNumber": 75,
        "activePlayerCount": 218,
        "LinkVideo": "https://files.catbox.moe/7wvppz.webm",
        "LinkMp3": "https://files.catbox.moe/e2egb2.mp3"
    }
]