[
    {
        "animeEng": "Pure Hearted Romantica 2",
        "animeRomaji": "Junj\u014d Romantica 2",
        "songName": "Aioi",
        "artist": "JUNED",
        "type": "Ending 1",
        "correctCount": 8,
        "startTime": 24,
        "songDuration": 89.352,
        "songNumber": 1,
        "activePlayerCount": 233,
        "LinkVideo": "https://files.catbox.moe/b2y5gy.webm",
        "LinkMp3": "https://files.catbox.moe/kmtjf0.mp3"
    },
    {
        "animeEng": "Shirobako",
        "animeRomaji": "Shirobako",
        "songName": "Yama Harinezumi Andes Chucky",
        "artist": "Miyuki Kunitake",
        "type": "Ending 3",
        "correctCount": 63,
        "startTime": 24,
        "songDuration": 90.068656,
        "songNumber": 2,
        "activePlayerCount": 231,
        "LinkVideo": "https://files.catbox.moe/k9iwqa.webm",
        "LinkMp3": "https://files.catbox.moe/vm5hjj.mp3"
    },
    {
        "animeEng": "Pok\u00e9mon: The First Movie: Mewtwo Strikes Back",
        "animeRomaji": "Pocket Monsters: Mewtwo no Gyakush\u016b",
        "songName": "Pok\u00e9mon Theme",
        "artist": "Billy Crawford",
        "type": "Opening 1",
        "correctCount": 15,
        "startTime": 59,
        "songDuration": 139.656,
        "songNumber": 3,
        "activePlayerCount": 239,
        "LinkVideo": "https://files.catbox.moe/jrus9b.webm",
        "LinkMp3": "https://files.catbox.moe/7lsjfb.mp3"
    },
    {
        "animeEng": "Fairy Tail the Movie: Phoenix Priestess",
        "animeRomaji": "Fairy Tail: H\u014d\u014d no Miko",
        "songName": "200 miles",
        "artist": "Jang Keun-Suk",
        "type": "Opening 1",
        "correctCount": 16,
        "startTime": 20,
        "songDuration": 92.968198,
        "songNumber": 4,
        "activePlayerCount": 232,
        "LinkVideo": "https://files.catbox.moe/f1ha61.webm",
        "LinkMp3": "https://files.catbox.moe/5r61sh.mp3"
    },
    {
        "animeEng": "Macron 1",
        "animeRomaji": "Sengoku Majin Gosh\u014dgun",
        "songName": "GoShogun Hasshin Se yo!",
        "artist": "Takeshi Fuji",
        "type": "Opening 1",
        "correctCount": 13,
        "startTime": 26,
        "songDuration": 87.912,
        "songNumber": 5,
        "activePlayerCount": 238,
        "LinkVideo": "https://files.catbox.moe/xh4ifv.webm",
        "LinkMp3": "https://files.catbox.moe/0ur3rl.mp3"
    },
    {
        "animeEng": "Ashita Sekai ga Owaru Toshitemo",
        "animeRomaji": "Ashita Sekai ga Owaru Toshitemo",
        "songName": "Ra, no Hanashi",
        "artist": "Aimyon",
        "type": "Insert Song",
        "correctCount": 5,
        "startTime": 126,
        "songDuration": 166.68,
        "songNumber": 6,
        "activePlayerCount": 237,
        "LinkVideo": "https://files.catbox.moe/pyh7ln.webm",
        "LinkMp3": "https://files.catbox.moe/35jw0h.mp3",
        "correctPlayers": [
            "Carlos1218",
            "bobbymeow13",
            "Kazso",
            "anstazz",
            "ozsauce"
        ]
    },
    {
        "animeEng": "MM!",
        "animeRomaji": "MM!",
        "songName": "HELP!! -Heaven side-",
        "artist": "Ayana Taketatsu & Saori Hayami",
        "type": "Opening 2",
        "correctCount": 98,
        "startTime": 16,
        "songDuration": 89.256,
        "songNumber": 7,
        "activePlayerCount": 241,
        "LinkVideo": "https://files.catbox.moe/7pqeaa.webm",
        "LinkMp3": "https://files.catbox.moe/vcn3wu.mp3"
    },
    {
        "animeEng": "Kokkoku",
        "animeRomaji": "Kokkoku",
        "songName": "Flashback",
        "artist": "MIYAVI vs KenKen",
        "type": "Opening 1",
        "correctCount": 162,
        "startTime": 52,
        "songDuration": 87.624,
        "songNumber": 8,
        "activePlayerCount": 241,
        "LinkVideo": "https://files.catbox.moe/4gdbgv.webm",
        "LinkMp3": "https://files.catbox.moe/axdce1.mp3"
    },
    {
        "animeEng": "My Three Daughters",
        "animeRomaji": "Uchi no 3 Shimai",
        "songName": "Shode! Shode! Dancing!",
        "artist": "Mayu Kud\u014d",
        "type": "Opening 1",
        "correctCount": 7,
        "startTime": 51,
        "songDuration": 90.303754,
        "songNumber": 9,
        "activePlayerCount": 242,
        "LinkVideo": "https://files.catbox.moe/3kezbg.webm",
        "LinkMp3": "https://files.catbox.moe/uzg5ks.mp3"
    },
    {
        "animeEng": "Peter Grill and the Philosopher's Time",
        "animeRomaji": "Peter Grill to Kenja no Jikan",
        "songName": "Tsuranuite Y\u016btsu",
        "artist": "Yui Ninomiya",
        "type": "Opening 1",
        "correctCount": 61,
        "startTime": 14,
        "songDuration": 89.16,
        "songNumber": 10,
        "activePlayerCount": 242,
        "LinkVideo": "https://files.catbox.moe/ni0l84.webm",
        "LinkMp3": "https://files.catbox.moe/z2ftwv.mp3"
    },
    {
        "animeEng": "Code Geass: Lelouch of the Rebellion",
        "animeRomaji": "Code Geass: Hangyaku no Lelouch",
        "songName": "Kaidoku Fun\u014d",
        "artist": "Jinn",
        "type": "Opening 2",
        "correctCount": 130,
        "startTime": 55,
        "songDuration": 89.779,
        "songNumber": 11,
        "activePlayerCount": 242,
        "LinkVideo": "https://files.catbox.moe/bzubbg.webm",
        "LinkMp3": "https://files.catbox.moe/2jhoy4.mp3"
    },
    {
        "animeEng": "Orange: Mirai",
        "animeRomaji": "Orange: Mirai",
        "songName": "Hikari no Hahen",
        "artist": "Y\u016b Takahashi",
        "type": "Ending 1",
        "correctCount": 138,
        "startTime": 173,
        "songDuration": 249.36,
        "songNumber": 12,
        "activePlayerCount": 241,
        "LinkVideo": "https://files.catbox.moe/wbuail.webm",
        "LinkMp3": "https://files.catbox.moe/sbpicn.mp3"
    },
    {
        "animeEng": "Hi Score Girl",
        "animeRomaji": "Hi Score Girl Extra Stage",
        "songName": "New Stranger",
        "artist": "sora tob sakana",
        "type": "Opening 1",
        "correctCount": 136,
        "startTime": 19,
        "songDuration": 88.536,
        "songNumber": 13,
        "activePlayerCount": 241,
        "LinkVideo": "https://files.catbox.moe/waujd8.webm",
        "LinkMp3": "https://files.catbox.moe/admx5p.mp3"
    },
    {
        "animeEng": "Kenk\u014d Zenrakei Suiei-bu Umish\u014d",
        "animeRomaji": "Kenk\u014d Zenrakei Suiei-bu Umish\u014d",
        "songName": "Splash BLUE ~Taiy\u014d to Lemonade",
        "artist": "Ayumi Murata",
        "type": "Ending 1",
        "correctCount": 11,
        "startTime": 38,
        "songDuration": 89.520094,
        "songNumber": 14,
        "activePlayerCount": 240,
        "LinkVideo": "https://files.catbox.moe/3qbdoa.webm",
        "LinkMp3": "https://files.catbox.moe/ttkuki.mp3"
    },
    {
        "animeEng": "Kuroko's Basketball the Movie Last Game",
        "animeRomaji": "Kuroko no Basuke Movie Last Game",
        "songName": "Glorious days",
        "artist": "GRANRODEO",
        "type": "Ending 1",
        "correctCount": 38,
        "startTime": 142,
        "songDuration": 178.176,
        "songNumber": 15,
        "activePlayerCount": 239,
        "LinkVideo": "https://files.catbox.moe/b946w5.webm",
        "LinkMp3": "https://files.catbox.moe/rrue9d.mp3"
    },
    {
        "animeEng": "Code Geass: Lelouch of the Rebellion Remake Movies",
        "animeRomaji": "Code Geass: Hangyaku no Lelouch Remake Movies",
        "songName": "Y\u016bky\u014d Seishunka",
        "artist": "ALI PROJECT",
        "type": "Opening 2",
        "correctCount": 98,
        "startTime": 49,
        "songDuration": 90.225388,
        "songNumber": 16,
        "activePlayerCount": 238,
        "LinkVideo": "https://files.catbox.moe/xl4ncw.webm",
        "LinkMp3": "https://files.catbox.moe/jdytby.mp3"
    },
    {
        "animeEng": "Tenbatsu Angel Rabbie",
        "animeRomaji": "Tenbatsu Angel Rabbie",
        "songName": "Tenbatsu! Angel Rabbie ~desu version~",
        "artist": "UNDER17",
        "type": "Ending 1",
        "correctCount": 6,
        "startTime": 20,
        "songDuration": 89.28,
        "songNumber": 17,
        "activePlayerCount": 239,
        "LinkVideo": "https://files.catbox.moe/zwisr8.webm",
        "LinkMp3": "https://files.catbox.moe/r8dqz9.mp3"
    },
    {
        "animeEng": "Sailor Moon R",
        "animeRomaji": "Bish\u014djo Senshi Sailor Moon R",
        "songName": "Moonlight Densetsu",
        "artist": "DALI",
        "type": "Opening 1",
        "correctCount": 174,
        "startTime": 46,
        "songDuration": 81.048,
        "songNumber": 18,
        "activePlayerCount": 240,
        "LinkVideo": "https://files.catbox.moe/3x26hk.webm",
        "LinkMp3": "https://files.catbox.moe/qej8ss.mp3"
    },
    {
        "animeEng": "When They Cry: Outbreak",
        "animeRomaji": "Higurashi no Naku Koro ni Kaku: Outbreak",
        "songName": "you -Visionen im Spiegel",
        "artist": "Yuzuki",
        "type": "Ending 1",
        "correctCount": 67,
        "startTime": 179,
        "songDuration": 228.264,
        "songNumber": 19,
        "activePlayerCount": 239,
        "LinkVideo": "https://files.catbox.moe/ijoaiq.webm",
        "LinkMp3": "https://files.catbox.moe/g5tx9e.mp3"
    },
    {
        "animeEng": "Lalabel the Magic Girl",
        "animeRomaji": "Mah\u014d Sh\u014djo Lalabel",
        "songName": "Hello Lalabel",
        "artist": "Mitsuko Horie and Columbia Yurikago-kai",
        "type": "Opening 1",
        "correctCount": 56,
        "startTime": 1,
        "songDuration": 67.995566,
        "songNumber": 20,
        "activePlayerCount": 238,
        "LinkVideo": "https://files.catbox.moe/086oy2.webm",
        "LinkMp3": "https://files.catbox.moe/49bvqr.mp3"
    },
    {
        "animeEng": "Sonic X",
        "animeRomaji": "Sonic X",
        "songName": "Gotta Go Fast",
        "artist": "Norman J. Grossfeld & Russell Vel\u00e1zquez",
        "type": "Opening 1",
        "correctCount": 207,
        "startTime": 20,
        "songDuration": 59.544,
        "songNumber": 21,
        "activePlayerCount": 239,
        "LinkVideo": "https://files.catbox.moe/zg8xcg.webm",
        "LinkMp3": "https://files.catbox.moe/xamcv6.mp3"
    },
    {
        "animeEng": "Kabaneri of the Iron Fortress",
        "animeRomaji": "K\u014dtetsuj\u014d no Kabaneri",
        "songName": "Next of Kin",
        "artist": "Benjamin Anderson",
        "type": "Insert Song",
        "correctCount": 28,
        "startTime": 42,
        "songDuration": 77.005125,
        "songNumber": 22,
        "activePlayerCount": 237,
        "LinkVideo": "https://files.catbox.moe/k54z3w.webm",
        "LinkMp3": "https://files.catbox.moe/b8uyu3.mp3"
    },
    {
        "animeEng": "RIN - Daughters of Mnemosyne",
        "animeRomaji": "Mnemosyne - Mnemosyne no Musume-tachi",
        "songName": "ALSATIA",
        "artist": "GALNERYUS",
        "type": "Opening 1",
        "correctCount": 30,
        "startTime": 18,
        "songDuration": 88.872,
        "songNumber": 23,
        "activePlayerCount": 237,
        "LinkVideo": "https://files.catbox.moe/r08bx3.webm",
        "LinkMp3": "https://files.catbox.moe/k3s2z1.mp3"
    },
    {
        "animeEng": "Embracing Love: A Cicada in Winter",
        "animeRomaji": "Fuyu no Semi",
        "songName": "Hana Hyakkei",
        "artist": "N\u039bT ALLstars",
        "type": "Opening 1",
        "correctCount": 6,
        "startTime": 14,
        "songDuration": 65.016,
        "songNumber": 24,
        "activePlayerCount": 238,
        "LinkVideo": "https://files.catbox.moe/1hpj2j.webm",
        "LinkMp3": "https://files.catbox.moe/j280bx.mp3"
    },
    {
        "animeEng": "Mad\u014d King Granzort",
        "animeRomaji": "Mad\u014d King Granzort",
        "songName": "Hikari no Senshi-tachi",
        "artist": "Kenji Suzuki",
        "type": "Opening 1",
        "correctCount": 37,
        "startTime": 49,
        "songDuration": 84.984,
        "songNumber": 25,
        "activePlayerCount": 238,
        "LinkVideo": "https://files.catbox.moe/x939rg.webm",
        "LinkMp3": "https://files.catbox.moe/4mqus2.mp3"
    },
    {
        "animeEng": "Psychic Force",
        "animeRomaji": "Psychic Force",
        "songName": "Friends",
        "artist": "Tomokazu Seki",
        "type": "Opening 1",
        "correctCount": 3,
        "startTime": 45,
        "songDuration": 84.870378,
        "songNumber": 26,
        "activePlayerCount": 238,
        "LinkVideo": "https://files.catbox.moe/bkp8f4.webm",
        "LinkMp3": "https://files.catbox.moe/h7zxpo.mp3",
        "correctPlayers": [
            "yeims",
            "evergreen",
            "ozsauce"
        ]
    },
    {
        "animeEng": "Cencoroll Connect",
        "animeRomaji": "Cencoroll Connect",
        "songName": "Nanairo night",
        "artist": "supercell feat. Ann",
        "type": "Insert Song",
        "correctCount": 15,
        "startTime": 16,
        "songDuration": 105.144,
        "songNumber": 27,
        "activePlayerCount": 238,
        "LinkVideo": "https://files.catbox.moe/w7nmby.webm",
        "LinkMp3": "https://files.catbox.moe/l9a49s.mp3"
    },
    {
        "animeEng": "Asura Cryin' 2",
        "animeRomaji": "Asura Cryin' 2",
        "songName": "Spiral",
        "artist": "angela",
        "type": "Insert Song",
        "correctCount": 32,
        "startTime": 110,
        "songDuration": 149.522328,
        "songNumber": 28,
        "activePlayerCount": 238,
        "LinkVideo": "https://files.catbox.moe/4u9pra.webm",
        "LinkMp3": "https://files.catbox.moe/vfymb2.mp3"
    },
    {
        "animeEng": "Shin Chan",
        "animeRomaji": "Shin Chan",
        "songName": "Ora wa Ninkimono",
        "artist": "Akiko Yajima",
        "type": "Opening 3",
        "correctCount": 202,
        "startTime": 26,
        "songDuration": 63.024,
        "songNumber": 29,
        "activePlayerCount": 237,
        "LinkVideo": "https://files.catbox.moe/0npzwi.webm",
        "LinkMp3": "https://files.catbox.moe/de9cb3.mp3"
    },
    {
        "animeEng": "Samurai Flamenco",
        "animeRomaji": "Samurai Flamenco",
        "songName": "Ai Ai Ai ni Utarete Bye Bye Bye",
        "artist": "FLOW",
        "type": "Opening 2",
        "correctCount": 31,
        "startTime": 31,
        "songDuration": 88.608,
        "songNumber": 30,
        "activePlayerCount": 236,
        "LinkVideo": "https://files.catbox.moe/xx2ry3.webm",
        "LinkMp3": "https://files.catbox.moe/pwa5jt.mp3"
    },
    {
        "animeEng": "GIBIATE",
        "animeRomaji": "GIBIATE",
        "songName": "GIBIATE",
        "artist": "Yoshida Brothers feat. SUGIZO",
        "type": "Opening 1",
        "correctCount": 54,
        "startTime": 23,
        "songDuration": 87.264,
        "songNumber": 31,
        "activePlayerCount": 237,
        "LinkVideo": "https://files.catbox.moe/u97clp.webm",
        "LinkMp3": "https://files.catbox.moe/wphcko.mp3"
    },
    {
        "animeEng": "Nyanpire The Animation",
        "animeRomaji": "Nyanpire The Animation",
        "songName": "Nyanpire Tais\u014d",
        "artist": "Nyatsuko Asou & Nyadain",
        "type": "Ending 1",
        "correctCount": 34,
        "startTime": 10,
        "songDuration": 88.728,
        "songNumber": 32,
        "activePlayerCount": 236,
        "LinkVideo": "https://files.catbox.moe/j7l6y3.webm",
        "LinkMp3": "https://files.catbox.moe/g85wrv.mp3"
    },
    {
        "animeEng": "Eiga Precure All Stars New Stage: Mirai no Tomodachi",
        "animeRomaji": "Eiga Precure All Stars New Stage: Mirai no Tomodachi",
        "songName": "Yay! Yay! Yay!",
        "artist": "Hitomi Yoshida",
        "type": "Ending 1",
        "correctCount": 55,
        "startTime": 40,
        "songDuration": 122.112,
        "songNumber": 33,
        "activePlayerCount": 235,
        "LinkVideo": "https://files.catbox.moe/y3scrn.webm",
        "LinkMp3": "https://files.catbox.moe/x0z4xj.mp3"
    },
    {
        "animeEng": "Blue Spring Ride",
        "animeRomaji": "Ao Haru Ride",
        "songName": "Sekai wa Koi ni Ochiteiru",
        "artist": "CHiCO with HoneyWorks",
        "type": "Opening 1",
        "correctCount": 140,
        "startTime": 22,
        "songDuration": 88.944,
        "songNumber": 34,
        "activePlayerCount": 233,
        "LinkVideo": "https://files.catbox.moe/xu80bc.webm",
        "LinkMp3": "https://files.catbox.moe/anpnj2.mp3"
    },
    {
        "animeEng": "Spice and Wolf II",
        "animeRomaji": "\u014ckami to K\u014dshinry\u014d II",
        "songName": "Mitsu no Yoake",
        "artist": "Akino Arai",
        "type": "Opening 1",
        "correctCount": 93,
        "startTime": 0,
        "songDuration": 89.256,
        "songNumber": 35,
        "activePlayerCount": 233,
        "LinkVideo": "https://files.catbox.moe/sa1kdt.webm",
        "LinkMp3": "https://files.catbox.moe/ejsdir.mp3"
    },
    {
        "animeEng": "MOBILE SUIT GUNDAM THE ORIGIN Advent of the Red Comet",
        "animeRomaji": "Kid\u014d Senshi Gundam The Origin Zenya - Akai Suisei",
        "songName": "Mizu no Hoshi e Ai wo Komete",
        "artist": "SUGIZO feat. KOM_I (Wednesday Campanella)",
        "type": "Ending 2",
        "correctCount": 14,
        "startTime": 53,
        "songDuration": 87.72,
        "songNumber": 36,
        "activePlayerCount": 233,
        "LinkVideo": "https://files.catbox.moe/4myxvi.webm",
        "LinkMp3": "https://files.catbox.moe/qk9gtw.mp3"
    },
    {
        "animeEng": "AFTERLOST",
        "animeRomaji": "Sh\u014dmetsu Toshi",
        "songName": "Kotae",
        "artist": "Mao Abe",
        "type": "Opening 1",
        "correctCount": 34,
        "startTime": 45,
        "songDuration": 89.184,
        "songNumber": 37,
        "activePlayerCount": 232,
        "LinkVideo": "https://files.catbox.moe/2calg1.webm",
        "LinkMp3": "https://files.catbox.moe/54ldbz.mp3"
    },
    {
        "animeEng": "One Piece",
        "animeRomaji": "One Piece",
        "songName": "Hikari e",
        "artist": "The Babystars",
        "type": "Opening 3",
        "correctCount": 75,
        "startTime": 60,
        "songDuration": 110.833688,
        "songNumber": 38,
        "activePlayerCount": 231,
        "LinkVideo": "https://animethemes.moe/video/OnePiece-OP3.webm",
        "LinkMp3": "https://files.catbox.moe/dkwt1w.mp3"
    },
    {
        "animeEng": "Macross Frontier",
        "animeRomaji": "Macross Frontier",
        "songName": "Diamond Crevasse",
        "artist": "May'n",
        "type": "Ending 2",
        "correctCount": 59,
        "startTime": 7,
        "songDuration": 88.56,
        "songNumber": 39,
        "activePlayerCount": 231,
        "LinkVideo": "https://files.catbox.moe/lw0mh9.webm",
        "LinkMp3": "https://files.catbox.moe/2rt6xf.mp3"
    },
    {
        "animeEng": "Beyblade: V-Force",
        "animeRomaji": "Bakuten Shoot Beyblade 2002",
        "songName": "Let's Beyblade",
        "artist": "Sick Kid featuring Lukas Rossi",
        "type": "Opening 1",
        "correctCount": 217,
        "startTime": 12,
        "songDuration": 59.928,
        "songNumber": 40,
        "activePlayerCount": 231,
        "LinkVideo": "https://files.catbox.moe/u3nle4.webm",
        "LinkMp3": "https://files.catbox.moe/ckm177.mp3"
    },
    {
        "animeEng": "Chocolate Underground",
        "animeRomaji": "Chocolate Underground",
        "songName": "I give you one more chocolate",
        "artist": "Kanata Okajima",
        "type": "Insert Song",
        "correctCount": 1,
        "startTime": 29,
        "songDuration": 106.176,
        "songNumber": 41,
        "activePlayerCount": 230,
        "LinkVideo": "https://files.catbox.moe/luzet2.webm",
        "LinkMp3": "https://files.catbox.moe/wyxfxv.mp3",
        "correctPlayers": [
            "aaronxps"
        ]
    },
    {
        "animeEng": "Majin Bone",
        "animeRomaji": "Majin Bone",
        "songName": "Sensation Signal",
        "artist": "Glutamine",
        "type": "Opening 2",
        "correctCount": 3,
        "startTime": 41,
        "songDuration": 89.016,
        "songNumber": 42,
        "activePlayerCount": 230,
        "LinkVideo": "https://files.catbox.moe/r8l5pa.webm",
        "LinkMp3": "https://files.catbox.moe/alwped.mp3",
        "correctPlayers": [
            "lzlucas",
            "dmtVS",
            "Sam"
        ]
    },
    {
        "animeEng": "Tiger & Bunny The Movie: The Rising",
        "animeRomaji": "Gekij\u014dban Tiger & Bunny -The Rising-",
        "songName": "Nemesis",
        "artist": "NOVELS",
        "type": "Opening 1",
        "correctCount": 7,
        "startTime": 45,
        "songDuration": 90.912,
        "songNumber": 43,
        "activePlayerCount": 231,
        "LinkVideo": "https://files.catbox.moe/2d6q8n.webm",
        "LinkMp3": "https://files.catbox.moe/arocgl.mp3"
    },
    {
        "animeEng": "Yuki Yuna is a Hero: Washio Sumi Chapter",
        "animeRomaji": "Y\u016bki Y\u016bna wa Y\u016bsha de Aru: Washio Sumi no Sh\u014d",
        "songName": "Ifuu Doudou",
        "artist": "Nami Nakagawa",
        "type": "Insert Song",
        "correctCount": 124,
        "startTime": 0,
        "songDuration": 31.3464,
        "songNumber": 44,
        "activePlayerCount": 231,
        "LinkVideo": "https://files.catbox.moe/enpxxo.webm",
        "LinkMp3": "https://files.catbox.moe/994rti.mp3"
    },
    {
        "animeEng": "UFO Robo Grendizer tai Great Mazinger",
        "animeRomaji": "UFO Robo Grendizer tai Great Mazinger",
        "songName": "Kimikoso Yuusha",
        "artist": "Isao Sasaki & Columbia Yuri Kago-kai",
        "type": "Insert Song",
        "correctCount": 1,
        "startTime": 4,
        "songDuration": 51.048,
        "songNumber": 45,
        "activePlayerCount": 231,
        "LinkVideo": "https://files.catbox.moe/i1p5gz.webm",
        "LinkMp3": "https://files.catbox.moe/h27hsg.mp3",
        "correctPlayers": [
            "Ouiaboo"
        ]
    },
    {
        "animeEng": "Generation of Chaos Next: Chikai no Pendant",
        "animeRomaji": "Generation of Chaos Next: Chikai no Pendant",
        "songName": "LOVE&HISTORY",
        "artist": "Nana Mizuki",
        "type": "Opening 1",
        "correctCount": 7,
        "startTime": 30,
        "songDuration": 86.52,
        "songNumber": 46,
        "activePlayerCount": 231,
        "LinkVideo": "https://files.catbox.moe/worwtx.webm",
        "LinkMp3": "https://files.catbox.moe/noynhy.mp3"
    },
    {
        "animeEng": "The Quintessential Quintuplets",
        "animeRomaji": "Got\u014dbun no Hanayome",
        "songName": "Sign",
        "artist": "Aya Uchida",
        "type": "Ending 1",
        "correctCount": 92,
        "startTime": 32,
        "songDuration": 88.893166,
        "songNumber": 47,
        "activePlayerCount": 231,
        "LinkVideo": "https://files.catbox.moe/9y1b0b.webm",
        "LinkMp3": "https://files.catbox.moe/n5cd3n.mp3"
    },
    {
        "animeEng": "Ebichu Minds the House",
        "animeRomaji": "Oruchuban Ebichu",
        "songName": "Nanda Kana",
        "artist": "Kotono Mitsuishi",
        "type": "Opening 1",
        "correctCount": 7,
        "startTime": 0,
        "songDuration": 89.328,
        "songNumber": 48,
        "activePlayerCount": 231,
        "LinkVideo": "https://files.catbox.moe/dvkh3r.webm",
        "LinkMp3": "https://files.catbox.moe/iam18r.mp3"
    },
    {
        "animeEng": "Brynhildr in the Darkness",
        "animeRomaji": "Gokukoku no Brynhildr",
        "songName": "Virtue and Vice",
        "artist": "Fear, and Loathing in Las Vegas",
        "type": "Opening 2",
        "correctCount": 85,
        "startTime": 30,
        "songDuration": 90.168,
        "songNumber": 49,
        "activePlayerCount": 229,
        "LinkVideo": "https://files.catbox.moe/oofz6h.webm",
        "LinkMp3": "https://files.catbox.moe/2xprvm.mp3"
    },
    {
        "animeEng": "African Salaryman",
        "animeRomaji": "Africa no Salaryman",
        "songName": "Soul Flag",
        "artist": "Hiro Shimono",
        "type": "Opening 1",
        "correctCount": 49,
        "startTime": 52,
        "songDuration": 87.456,
        "songNumber": 50,
        "activePlayerCount": 230,
        "LinkVideo": "https://files.catbox.moe/a21ju0.webm",
        "LinkMp3": "https://files.catbox.moe/dhblzk.mp3"
    },
    {
        "animeEng": "Futari Daka",
        "animeRomaji": "Futari Daka",
        "songName": "Heartbreak Crossin'",
        "artist": "Takanori Jinnai",
        "type": "Opening 1",
        "correctCount": 1,
        "startTime": 3,
        "songDuration": 185.76,
        "songNumber": 51,
        "activePlayerCount": 230,
        "LinkVideo": "https://files.catbox.moe/hfyygm.webm",
        "LinkMp3": "https://files.catbox.moe/71x66s.mp3",
        "correctPlayers": [
            "ozsauce"
        ]
    },
    {
        "animeEng": "ViVid Strike!",
        "animeRomaji": "ViVid Strike!",
        "songName": "Ashite e no Kaze",
        "artist": "Inori Minase",
        "type": "Insert Song",
        "correctCount": 12,
        "startTime": 16,
        "songDuration": 186.84,
        "songNumber": 52,
        "activePlayerCount": 230,
        "LinkVideo": "https://files.catbox.moe/9b1nd7.webm",
        "LinkMp3": "https://files.catbox.moe/27tg1z.mp3"
    },
    {
        "animeEng": "Magical Girl Lyrical Nanoha StrikerS",
        "animeRomaji": "Mah\u014d Sh\u014djo Lyrical Nanoha StrikerS",
        "songName": "MASSIVE WONDERS",
        "artist": "Nana Mizuki",
        "type": "Opening 2",
        "correctCount": 39,
        "startTime": 49,
        "songDuration": 107.496,
        "songNumber": 53,
        "activePlayerCount": 228,
        "LinkVideo": "https://files.catbox.moe/d89zvz.webm",
        "LinkMp3": "https://files.catbox.moe/2me9e9.mp3"
    },
    {
        "animeEng": "Mini Hama: Minimum Hamatora",
        "animeRomaji": "Mini Hama: Minimum Hamatora",
        "songName": "Little Crazy",
        "artist": "Hamatora - Ryota Osaka & Wataru Hatano",
        "type": "Ending 1",
        "correctCount": 0,
        "startTime": 11,
        "songDuration": 44.424,
        "songNumber": 54,
        "activePlayerCount": 229,
        "LinkVideo": "https://files.catbox.moe/g43ee3.webm",
        "LinkMp3": "https://files.catbox.moe/efjolp.mp3"
    },
    {
        "animeEng": "Initial D: Battle Stage",
        "animeRomaji": "Initial D: Battle Stage",
        "songName": "TAKE ME TO THE TOP",
        "artist": "D. ESSEX",
        "type": "Insert Song",
        "correctCount": 23,
        "startTime": 11,
        "songDuration": 130.992,
        "songNumber": 55,
        "activePlayerCount": 228,
        "LinkVideo": "https://files.catbox.moe/rsihqb.webm",
        "LinkMp3": "https://files.catbox.moe/ee8mns.mp3"
    },
    {
        "animeEng": "Love Live! School idol project",
        "animeRomaji": "Love Live! School idol project",
        "songName": "Kitto Seishun ga Kikoeru",
        "artist": "Aya Uchida, Emi Nitta, Pile, Riho Iida, Sora Tokui, Suzuko Mimori, Yurika Kubo",
        "type": "Ending 6",
        "correctCount": 152,
        "startTime": 50,
        "songDuration": 98.064,
        "songNumber": 56,
        "activePlayerCount": 227,
        "LinkVideo": "https://files.catbox.moe/l4ismy.webm",
        "LinkMp3": "https://files.catbox.moe/l1zw4b.mp3"
    },
    {
        "animeEng": "Battle B-Daman",
        "animeRomaji": "B-Legend! Battle B-Daman",
        "songName": "B-FIRE",
        "artist": "NAOZUMI-MASUKO",
        "type": "Opening 1",
        "correctCount": 3,
        "startTime": 36,
        "songDuration": 88.464,
        "songNumber": 57,
        "activePlayerCount": 228,
        "LinkVideo": "https://files.catbox.moe/xe8qrz.webm",
        "LinkMp3": "https://files.catbox.moe/e7gswv.mp3",
        "correctPlayers": [
            "aryagamis",
            "watashiii",
            "KoroAzu"
        ]
    },
    {
        "animeEng": "A Certain Magical Index",
        "animeRomaji": "Toaru Majutsu no Index",
        "songName": "PSI-missing",
        "artist": "Mami Kawada",
        "type": "Opening 1",
        "correctCount": 133,
        "startTime": 30,
        "songDuration": 90.072,
        "songNumber": 58,
        "activePlayerCount": 229,
        "LinkVideo": "https://files.catbox.moe/3vp4vd.webm",
        "LinkMp3": "https://files.catbox.moe/pganoa.mp3"
    },
    {
        "animeEng": "Assassination Classroom the Movie: 365 Days' Time",
        "animeRomaji": "Ansatsu Ky\u014dshitsu: 365-nichi no Jikan",
        "songName": "Mata Kimi ni Aeru Hi",
        "artist": "Shion Miyawaki",
        "type": "Insert Song",
        "correctCount": 49,
        "startTime": 58,
        "songDuration": 180.456,
        "songNumber": 59,
        "activePlayerCount": 229,
        "LinkVideo": "https://files.catbox.moe/h9u0jj.webm",
        "LinkMp3": "https://files.catbox.moe/s7b4t8.mp3"
    },
    {
        "animeEng": "Gintama",
        "animeRomaji": "Gintama",
        "songName": "Anata MAGIC",
        "artist": "monobright",
        "type": "Opening 7",
        "correctCount": 98,
        "startTime": 12,
        "songDuration": 91.488,
        "songNumber": 60,
        "activePlayerCount": 229,
        "LinkVideo": "https://files.catbox.moe/awpanw.webm",
        "LinkMp3": "https://files.catbox.moe/605snr.mp3"
    },
    {
        "animeEng": "Please Save My Earth Music Image Video: Kin-Iro no Toki Nagarete",
        "animeRomaji": "Boku no Chiky\u016b o Mamotte Music Image Video ~Kin-Iro no Toki Nasarete~",
        "songName": "Ring",
        "artist": "Gabriela Robin",
        "type": "Insert Song",
        "correctCount": 2,
        "startTime": 142,
        "songDuration": 240.072,
        "songNumber": 61,
        "activePlayerCount": 229,
        "LinkVideo": "https://files.catbox.moe/odq3oy.webm",
        "LinkMp3": "https://files.catbox.moe/hptfbi.mp3",
        "correctPlayers": [
            "watashiii",
            "Kirivert"
        ]
    },
    {
        "animeEng": "Overlord",
        "animeRomaji": "Overlord",
        "songName": "Clattanoia",
        "artist": "OxT",
        "type": "Opening 1",
        "correctCount": 198,
        "startTime": 39,
        "songDuration": 89.016,
        "songNumber": 62,
        "activePlayerCount": 229,
        "LinkVideo": "https://files.catbox.moe/gmip23.webm",
        "LinkMp3": "https://files.catbox.moe/3efzdr.mp3"
    },
    {
        "animeEng": "Case Closed: Countdown to Heaven",
        "animeRomaji": "Meitantei Conan: Tengoku e no Countdown",
        "songName": "always",
        "artist": "Mai Kuraki",
        "type": "Ending 1",
        "correctCount": 75,
        "startTime": 69,
        "songDuration": 185.064,
        "songNumber": 63,
        "activePlayerCount": 229,
        "LinkVideo": "https://files.catbox.moe/es6a5n.webm",
        "LinkMp3": "https://files.catbox.moe/i0d32z.mp3"
    },
    {
        "animeEng": "Samurai Flamenco",
        "animeRomaji": "Samurai Flamenco",
        "songName": "Love Reservation ~Anata o Senkou Yoyaku~",
        "artist": "Mineral\u2605Miracle\u2605Muse",
        "type": "Insert Song",
        "correctCount": 9,
        "startTime": 0,
        "songDuration": 26.352,
        "songNumber": 64,
        "activePlayerCount": 229,
        "LinkVideo": "https://files.catbox.moe/c4b18l.webm",
        "LinkMp3": "https://files.catbox.moe/tr1n5c.mp3"
    },
    {
        "animeEng": "Saint Beast: Ikusen no Hiru to Yoru-hen",
        "animeRomaji": "Saint Beast: Ikusen no Hiru to Yoru-hen",
        "songName": "Ikusen no Hiru to Yoru",
        "artist": "Hikaru Midorikawa, Kouki Miyata, Hiroyuki Yoshino",
        "type": "Ending 1",
        "correctCount": 2,
        "startTime": 33,
        "songDuration": 90.048,
        "songNumber": 65,
        "activePlayerCount": 229,
        "LinkVideo": "https://files.catbox.moe/5yd1cz.webm",
        "LinkMp3": "https://files.catbox.moe/wk0w6w.mp3",
        "correctPlayers": [
            "asleep",
            "anstazz"
        ]
    },
    {
        "animeEng": "Yuyushiki",
        "animeRomaji": "Yuyushiki",
        "songName": "Se-no!",
        "artist": "J\u014dh\u014dshori-bu",
        "type": "Opening 1",
        "correctCount": 51,
        "startTime": 49,
        "songDuration": 90.048,
        "songNumber": 66,
        "activePlayerCount": 229,
        "LinkVideo": "https://files.catbox.moe/lsoalq.webm",
        "LinkMp3": "https://files.catbox.moe/b613kn.mp3"
    },
    {
        "animeEng": "Berserk",
        "animeRomaji": "Berserk",
        "songName": "Ash Crow",
        "artist": "Susumu Hirasawa",
        "type": "Ending 3",
        "correctCount": 60,
        "startTime": 218,
        "songDuration": 320.177354,
        "songNumber": 67,
        "activePlayerCount": 230,
        "LinkVideo": "https://files.catbox.moe/0c8zrx.webm",
        "LinkMp3": "https://files.catbox.moe/0i0n6e.mp3"
    },
    {
        "animeEng": "Uta no\u2606Prince-sama\u266aMaji LOVE 1000%",
        "animeRomaji": "Uta no\u2606Prince-sama\u266aMaji LOVE 1000%",
        "songName": "BRAND NEW MELODY",
        "artist": "Takuma Terashima",
        "type": "Insert Song",
        "correctCount": 10,
        "startTime": 17,
        "songDuration": 87.888,
        "songNumber": 68,
        "activePlayerCount": 230,
        "LinkVideo": "https://files.catbox.moe/am6a7t.webm",
        "LinkMp3": "https://files.catbox.moe/cpvbvj.mp3"
    },
    {
        "animeEng": "Great Mazinger",
        "animeRomaji": "Great Mazinger",
        "songName": "Z no Theme",
        "artist": "Ichiro Mizuki",
        "type": "Insert Song",
        "correctCount": 83,
        "startTime": 4,
        "songDuration": 65.568,
        "songNumber": 69,
        "activePlayerCount": 230,
        "LinkVideo": "https://files.catbox.moe/87mqpa.webm",
        "LinkMp3": "https://files.catbox.moe/t8swiz.mp3"
    },
    {
        "animeEng": "Argonavis from BanG Dream!",
        "animeRomaji": "Argonavis from BanG Dream!",
        "songName": "Steady Goes!",
        "artist": "Argonavis",
        "type": "Insert Song",
        "correctCount": 31,
        "startTime": 54,
        "songDuration": 107.424,
        "songNumber": 70,
        "activePlayerCount": 230,
        "LinkVideo": "https://files.catbox.moe/ljwna0.webm",
        "LinkMp3": "https://files.catbox.moe/7bfo3a.mp3"
    },
    {
        "animeEng": "Ah My Buddha Season 2",
        "animeRomaji": "Amaenaide yo!! Katsu!!",
        "songName": "Amaenaide y\u014d!!",
        "artist": "Amae-taii!!",
        "type": "Opening 1",
        "correctCount": 15,
        "startTime": 1,
        "songDuration": 89.064,
        "songNumber": 71,
        "activePlayerCount": 229,
        "LinkVideo": "https://files.catbox.moe/siwz1k.webm",
        "LinkMp3": "https://files.catbox.moe/kmmk65.mp3"
    },
    {
        "animeEng": "Akashic Records of Bastard Magical Instructor",
        "animeRomaji": "Rokudenashi Majutsu K\u014dshi to Akashic Records",
        "songName": "Precious You\u2606",
        "artist": "Akane Fujita, Yume Miyamoto, & Ari Ozawa",
        "type": "Ending 1",
        "correctCount": 66,
        "startTime": 27,
        "songDuration": 89.352,
        "songNumber": 72,
        "activePlayerCount": 229,
        "LinkVideo": "https://files.catbox.moe/c7uito.webm",
        "LinkMp3": "https://files.catbox.moe/n7mgim.mp3"
    },
    {
        "animeEng": "ReLIFE",
        "animeRomaji": "ReLIFE",
        "songName": "Button (Piano Version)",
        "artist": "PENGUIN RESEARCH",
        "type": "Ending 4",
        "correctCount": 139,
        "startTime": 7,
        "songDuration": 89.352,
        "songNumber": 73,
        "activePlayerCount": 229,
        "LinkVideo": "https://files.catbox.moe/nqw9k0.webm",
        "LinkMp3": "https://files.catbox.moe/nnr28e.mp3"
    },
    {
        "animeEng": "Ear of the Golden Dragon",
        "animeRomaji": "K\u014dry\u016b no Mimi",
        "songName": "Tensh\u014d",
        "artist": "Toshiyuki Morikawa",
        "type": "Opening 1",
        "correctCount": 2,
        "startTime": 25,
        "songDuration": 90.068656,
        "songNumber": 74,
        "activePlayerCount": 228,
        "LinkVideo": "https://files.catbox.moe/jforsb.webm",
        "LinkMp3": "https://files.catbox.moe/xnvxea.mp3",
        "correctPlayers": [
            "Precure",
            "ozsauce"
        ]
    },
    {
        "animeEng": "Robin in the Rainbow Troops",
        "animeRomaji": "Rainbow Sentai Robin",
        "songName": "Rainbow no Uchuu Ryokou",
        "artist": "Rainbow Harmony",
        "type": "Ending 1",
        "correctCount": 8,
        "startTime": 1,
        "songDuration": 60.168,
        "songNumber": 75,
        "activePlayerCount": 228,
        "LinkVideo": "https://files.catbox.moe/3ljpkd.webm",
        "LinkMp3": "https://files.catbox.moe/ex1n8j.mp3"
    }
]