[
    {
        "animeEng": "Nobunagun",
        "animeRomaji": "Nobunagun",
        "songName": "Respect for the dead man",
        "artist": "Pay money To my Pain",
        "type": "Opening 1",
        "correctCount": 50,
        "startTime": 53,
        "songDuration": 88.272,
        "songNumber": 1,
        "activePlayerCount": 296,
        "LinkVideo": "https://files.catbox.moe/aq4cht.webm",
        "LinkMp3": "https://files.catbox.moe/2p79qg.mp3"
    },
    {
        "animeEng": "Haikyu!!",
        "animeRomaji": "Haikyu!!",
        "songName": "Imagination",
        "artist": "SPYAIR",
        "type": "Opening 1",
        "correctCount": 227,
        "startTime": 53,
        "songDuration": 88.944,
        "songNumber": 2,
        "activePlayerCount": 292,
        "LinkVideo": "https://files.catbox.moe/muea1a.webm",
        "LinkMp3": "https://files.catbox.moe/odm846.mp3"
    },
    {
        "animeEng": "A Certain Scientific Accelerator",
        "animeRomaji": "Toaru Kagaku no Accelerator",
        "songName": "Parole",
        "artist": "sajou no hana",
        "type": "Ending 1",
        "correctCount": 63,
        "startTime": 14,
        "songDuration": 86.232,
        "songNumber": 3,
        "activePlayerCount": 290,
        "LinkVideo": "https://files.catbox.moe/pxpd7n.webm",
        "LinkMp3": "https://files.catbox.moe/sfh3m6.mp3"
    },
    {
        "animeEng": "Gangsta.",
        "animeRomaji": "Gangsta.",
        "songName": "Renegade",
        "artist": "STEREO DIVE FOUNDATION",
        "type": "Opening 1",
        "correctCount": 179,
        "startTime": 0,
        "songDuration": 88.608,
        "songNumber": 4,
        "activePlayerCount": 289,
        "LinkVideo": "https://files.catbox.moe/ijulld.webm",
        "LinkMp3": "https://files.catbox.moe/6dms3q.mp3"
    },
    {
        "animeEng": "PriPara",
        "animeRomaji": "PriPara",
        "songName": "Triangle Star",
        "artist": "SoLaMi\u2661SMILE",
        "type": "Insert Song",
        "correctCount": 108,
        "startTime": 69,
        "songDuration": 138.888,
        "songNumber": 5,
        "activePlayerCount": 289,
        "LinkVideo": "https://files.catbox.moe/1mkxn8.webm",
        "LinkMp3": "https://files.catbox.moe/buhgi5.mp3"
    },
    {
        "animeEng": "Sakura Taisen: Sumire",
        "animeRomaji": "Sakura Taisen: Kanzaki Sumire Intai Kinen - Su Mi Re",
        "songName": "Center Spot",
        "artist": "Michie Tomizawa",
        "type": "Ending 2",
        "correctCount": 15,
        "startTime": 0,
        "songDuration": 27.168,
        "songNumber": 6,
        "activePlayerCount": 289,
        "LinkVideo": "https://files.catbox.moe/ztbq4x.webm",
        "LinkMp3": "https://files.catbox.moe/r3u4hy.mp3"
    },
    {
        "animeEng": "Sailor Moon",
        "animeRomaji": "Bish\u014djo Senshi Sailor Moon",
        "songName": "Hottokenai yo",
        "artist": "Aya Hisakawa & Michie Tomizawa",
        "type": "Insert Song",
        "correctCount": 8,
        "startTime": 3,
        "songDuration": 57.48,
        "songNumber": 7,
        "activePlayerCount": 289,
        "LinkVideo": "https://files.catbox.moe/yexv2n.webm",
        "LinkMp3": "https://files.catbox.moe/bqnfo9.mp3"
    },
    {
        "animeEng": "Heidi, A Girl of the Alps",
        "animeRomaji": "Alps no Sh\u014djo Heidi",
        "songName": "Oshiete",
        "artist": "Kayoko Ish\u016b",
        "type": "Opening 1",
        "correctCount": 175,
        "startTime": 12,
        "songDuration": 73.104,
        "songNumber": 8,
        "activePlayerCount": 287,
        "LinkVideo": "https://files.catbox.moe/7d30dm.webm",
        "LinkMp3": "https://files.catbox.moe/bcvp1a.mp3"
    },
    {
        "animeEng": "Pok\u00e9mon",
        "animeRomaji": "Pocket Monsters",
        "songName": "Pokemon Shiritori (Mew\u2192Zamazenta Ver.)",
        "artist": "Pokemon Ongaku Club",
        "type": "Ending 2",
        "correctCount": 181,
        "startTime": 7,
        "songDuration": 78.672,
        "songNumber": 9,
        "activePlayerCount": 287,
        "LinkVideo": "https://files.catbox.moe/k5s9aq.webm",
        "LinkMp3": "https://files.catbox.moe/jz4kri.mp3"
    },
    {
        "animeEng": "New Dominion Tank Police",
        "animeRomaji": "Tokus\u014d Sensha-tai Dominion",
        "songName": "JUST Toki o Koete",
        "artist": "Ayako Udagawa",
        "type": "Opening 1",
        "correctCount": 3,
        "startTime": 43,
        "songDuration": 107.064,
        "songNumber": 10,
        "activePlayerCount": 285,
        "LinkVideo": "https://files.catbox.moe/f2cqdf.webm",
        "LinkMp3": "https://files.catbox.moe/sn74m5.mp3",
        "correctPlayers": [
            "Rukawa11",
            "Darkonius",
            "ozsauce"
        ]
    },
    {
        "animeEng": "Tamako Love Story",
        "animeRomaji": "Tamako Love Story",
        "songName": "Koi no Uta",
        "artist": "Dynamite Beans",
        "type": "Opening 1",
        "correctCount": 110,
        "startTime": 64,
        "songDuration": 102.048,
        "songNumber": 11,
        "activePlayerCount": 286,
        "LinkVideo": "https://files.catbox.moe/hsj7x4.webm",
        "LinkMp3": "https://files.catbox.moe/aikz07.mp3"
    },
    {
        "animeEng": "SNS Police",
        "animeRomaji": "SNS Police",
        "songName": "Maugham wa Atelier nite",
        "artist": "Uso to Chameleon",
        "type": "Opening 1",
        "correctCount": 17,
        "startTime": 44,
        "songDuration": 89.496,
        "songNumber": 12,
        "activePlayerCount": 285,
        "LinkVideo": "https://files.catbox.moe/apfl2u.webm",
        "LinkMp3": "https://files.catbox.moe/hvxdmd.mp3"
    },
    {
        "animeEng": "Marginal Prince",
        "animeRomaji": "Marginal Prince: Gekkeiju no \u014cji-tachi",
        "songName": "Ai Aru Sekai",
        "artist": "Junichi Miyake",
        "type": "Insert Song",
        "correctCount": 2,
        "startTime": 120,
        "songDuration": 171.624,
        "songNumber": 13,
        "activePlayerCount": 283,
        "LinkVideo": "https://files.catbox.moe/xif4t3.webm",
        "LinkMp3": "https://files.catbox.moe/blfjpy.mp3",
        "correctPlayers": [
            "Shuuka",
            "Aleister_Crowley"
        ]
    },
    {
        "animeEng": "Show By Rock!!#",
        "animeRomaji": "Show By Rock!!#",
        "songName": "Plasmaism",
        "artist": "Plasmagica",
        "type": "Insert Song",
        "correctCount": 4,
        "startTime": 25,
        "songDuration": 95.784,
        "songNumber": 14,
        "activePlayerCount": 285,
        "LinkVideo": "https://files.catbox.moe/4np2c7.webm",
        "LinkMp3": "https://files.catbox.moe/r7fpqy.mp3",
        "correctPlayers": [
            "Buturli",
            "Hannan",
            "bubble45",
            "Tapadnom"
        ]
    },
    {
        "animeEng": "Gabriel DropOut",
        "animeRomaji": "Gabriel DropOut",
        "songName": "Gabriel Drop Kick",
        "artist": "Kana Hanazawa, Miyu Tomita, Naomi \u014czora, & Saori \u014cnishi",
        "type": "Opening 1",
        "correctCount": 210,
        "startTime": 31,
        "songDuration": 89.909875,
        "songNumber": 15,
        "activePlayerCount": 285,
        "LinkVideo": "https://files.catbox.moe/i3da26.webm",
        "LinkMp3": "https://files.catbox.moe/6dhe30.mp3"
    },
    {
        "animeEng": "Buzzer Beater",
        "animeRomaji": "Buzzer Beater",
        "songName": "Hideyoshi no Theme \"SC\"",
        "artist": "Koichiro Kameyama",
        "type": "Opening 1",
        "correctCount": 38,
        "startTime": 0,
        "songDuration": 29.208,
        "songNumber": 16,
        "activePlayerCount": 284,
        "LinkVideo": "https://files.catbox.moe/hr56cb.webm",
        "LinkMp3": "https://files.catbox.moe/uyn0ds.mp3"
    },
    {
        "animeEng": "Neon Genesis Evangelion: The End of Evangelion",
        "animeRomaji": "Shinseiki Evangelion Gekij\u014dban: The End of Evangelion: Air/Magokoro o, Kimi ni",
        "songName": "THANATOS -IF I CAN'T BE YOURS-",
        "artist": "LOREN&MASH",
        "type": "Ending 1",
        "correctCount": 73,
        "startTime": 178,
        "songDuration": 285.072,
        "songNumber": 17,
        "activePlayerCount": 282,
        "LinkVideo": "https://files.catbox.moe/rac7ys.webm",
        "LinkMp3": "https://files.catbox.moe/bcygzw.mp3"
    },
    {
        "animeEng": "Teeky\u016b",
        "animeRomaji": "Teeky\u016b",
        "songName": "Nufuttote Kyuupotoracchi",
        "artist": "Naive",
        "type": "Opening 1",
        "correctCount": 183,
        "startTime": 0,
        "songDuration": 28.488,
        "songNumber": 18,
        "activePlayerCount": 280,
        "LinkVideo": "https://files.catbox.moe/4c5vmh.webm",
        "LinkMp3": "https://files.catbox.moe/1sdj0g.mp3"
    },
    {
        "animeEng": "Kakegurui\u00d7\u00d7",
        "animeRomaji": "Kakegurui\u00d7\u00d7",
        "songName": "Two Pair no Otome",
        "artist": "Saori Hayami & Y\u016b Serizawa",
        "type": "Insert Song",
        "correctCount": 68,
        "startTime": 6,
        "songDuration": 50.472,
        "songNumber": 19,
        "activePlayerCount": 280,
        "LinkVideo": "https://files.catbox.moe/3lenzy.webm",
        "LinkMp3": "https://files.catbox.moe/z56m45.mp3"
    },
    {
        "animeEng": "Magical Angel Creamy Mami: Forever Once More",
        "animeRomaji": "Mah\u014d no Tenshi Creamy Mami: Eien no Once More",
        "songName": "Delicate ni Sukishite",
        "artist": "Takako Ohta",
        "type": "Opening 1",
        "correctCount": 25,
        "startTime": 29,
        "songDuration": 80.328,
        "songNumber": 20,
        "activePlayerCount": 280,
        "LinkVideo": "https://files.catbox.moe/1x7ny3.webm",
        "LinkMp3": "https://files.catbox.moe/mdqu8p.mp3"
    },
    {
        "animeEng": "Senki Zessh\u014d Symphogear G",
        "animeRomaji": "Senki Zessh\u014d Symphogear G",
        "songName": "Vitalization",
        "artist": "Nana Mizuki",
        "type": "Insert Song",
        "correctCount": 63,
        "startTime": 173,
        "songDuration": 219.072,
        "songNumber": 21,
        "activePlayerCount": 280,
        "LinkVideo": "https://files.catbox.moe/gmlrrs.webm",
        "LinkMp3": "https://files.catbox.moe/nwy7z3.mp3"
    },
    {
        "animeEng": "Rave Master",
        "animeRomaji": "Rave",
        "songName": "Rave-olution",
        "artist": "Reel Big Fish",
        "type": "Opening 1",
        "correctCount": 40,
        "startTime": 4,
        "songDuration": 38.592,
        "songNumber": 22,
        "activePlayerCount": 280,
        "LinkVideo": "https://files.catbox.moe/jmx7x8.webm",
        "LinkMp3": "https://files.catbox.moe/9g4sxj.mp3"
    },
    {
        "animeEng": "Moldiver",
        "animeRomaji": "Moldiver",
        "songName": "Go! Go! Moldiver",
        "artist": "Yukana Nogami",
        "type": "Opening 1",
        "correctCount": 5,
        "startTime": 49,
        "songDuration": 89.755192,
        "songNumber": 23,
        "activePlayerCount": 279,
        "LinkVideo": "https://files.catbox.moe/c7ffzs.webm",
        "LinkMp3": "https://files.catbox.moe/ms7s97.mp3",
        "correctPlayers": [
            "Rukawa11",
            "80s",
            "watashiii",
            "ozsauce",
            "Hakemon"
        ]
    },
    {
        "animeEng": "Kinnikuman",
        "animeRomaji": "Kinnikuman",
        "songName": "Kiseki no Gyakuten Fighter",
        "artist": "Akira Kamiya",
        "type": "Insert Song",
        "correctCount": 5,
        "startTime": 27,
        "songDuration": 90.216,
        "songNumber": 24,
        "activePlayerCount": 278,
        "LinkVideo": "https://files.catbox.moe/f9me3m.webm",
        "LinkMp3": "https://files.catbox.moe/f5h6pg.mp3",
        "correctPlayers": [
            "Jokobo",
            "neoburnz",
            "ZKyu",
            "MKNono",
            "Aleister_Crowley"
        ]
    },
    {
        "animeEng": "Asteroid in Love",
        "animeRomaji": "Koisuru Asteroid",
        "songName": "Aruite Ik\u014d!",
        "artist": "Nao T\u014dyama",
        "type": "Opening 1",
        "correctCount": 96,
        "startTime": 51,
        "songDuration": 88.56,
        "songNumber": 25,
        "activePlayerCount": 278,
        "LinkVideo": "https://files.catbox.moe/e2vk4s.webm",
        "LinkMp3": "https://files.catbox.moe/brc2fr.mp3"
    },
    {
        "animeEng": "Magical Girl Site",
        "animeRomaji": "Mah\u014d Sh\u014djo Site",
        "songName": "...Watashi dake Mitete\u2661",
        "artist": "Y\u016b Serizawa",
        "type": "Ending 2",
        "correctCount": 26,
        "startTime": 20,
        "songDuration": 89.064,
        "songNumber": 26,
        "activePlayerCount": 278,
        "LinkVideo": "https://files.catbox.moe/s4aowc.webm",
        "LinkMp3": "https://files.catbox.moe/ywpbph.mp3"
    },
    {
        "animeEng": "Aura Battler Dunbine",
        "animeRomaji": "Seisenshi Dunbine",
        "songName": "Mieru Darou Byston Well",
        "artist": "MIO",
        "type": "Ending 1",
        "correctCount": 6,
        "startTime": 3,
        "songDuration": 58.08,
        "songNumber": 27,
        "activePlayerCount": 278,
        "LinkVideo": "https://files.catbox.moe/8dldsd.webm",
        "LinkMp3": "https://files.catbox.moe/mgy25v.mp3"
    },
    {
        "animeEng": "Crest of the Stars",
        "animeRomaji": "Seikai no Monsh\u014d",
        "songName": "Seikai no Monshou",
        "artist": "Katsuhisa Hattori",
        "type": "Opening 1",
        "correctCount": 21,
        "startTime": 61,
        "songDuration": 98.448,
        "songNumber": 28,
        "activePlayerCount": 278,
        "LinkVideo": "https://animethemes.moe/video/SeikaiNoMonshou-OP1.webm",
        "LinkMp3": "https://files.catbox.moe/gsucoz.mp3"
    },
    {
        "animeEng": "Hades Project Zeorymer",
        "animeRomaji": "Hades Project Zeorymer",
        "songName": "Kurenai no Loneliness",
        "artist": "Yukio Yamagata",
        "type": "Ending 1",
        "correctCount": 2,
        "startTime": 78,
        "songDuration": 178.128,
        "songNumber": 29,
        "activePlayerCount": 278,
        "LinkVideo": "https://files.catbox.moe/37wnjz.webm",
        "LinkMp3": "https://files.catbox.moe/ugi6gt.mp3",
        "correctPlayers": [
            "Darkonius",
            "80s"
        ]
    },
    {
        "animeEng": "Ergo Proxy",
        "animeRomaji": "Ergo Proxy",
        "songName": "PARANOID ANDROID",
        "artist": "RADIOHEAD",
        "type": "Ending 1",
        "correctCount": 102,
        "startTime": 7,
        "songDuration": 88.728,
        "songNumber": 30,
        "activePlayerCount": 278,
        "LinkVideo": "https://files.catbox.moe/ne6kma.webm",
        "LinkMp3": "https://files.catbox.moe/630sa3.mp3"
    },
    {
        "animeEng": "DOUBLE DECKER! DOUG & KIRILL",
        "animeRomaji": "DOUBLE DECKER! DOUG & KIRILL",
        "songName": "BUDs",
        "artist": "MAT TWICE",
        "type": "Insert Song",
        "correctCount": 10,
        "startTime": 31,
        "songDuration": 114.54497,
        "songNumber": 31,
        "activePlayerCount": 278,
        "LinkVideo": "https://files.catbox.moe/rcmdpt.webm",
        "LinkMp3": "https://files.catbox.moe/objdfy.mp3"
    },
    {
        "animeEng": "Gintama.",
        "animeRomaji": "Gintama.",
        "songName": "Yorozuya Blues",
        "artist": "Hashio Hideo",
        "type": "Insert Song",
        "correctCount": 73,
        "startTime": 55,
        "songDuration": 188.52,
        "songNumber": 32,
        "activePlayerCount": 278,
        "LinkVideo": "https://files.catbox.moe/34h7so.webm",
        "LinkMp3": "https://files.catbox.moe/iub5n9.mp3"
    },
    {
        "animeEng": "Antique Bakery",
        "animeRomaji": "Seiy\u014d Kott\u014d Y\u014dgashiten ~Antique~",
        "songName": "Life goes on~side K~",
        "artist": "CHEMISTRY",
        "type": "Opening 1",
        "correctCount": 24,
        "startTime": 20,
        "songDuration": 76.772558,
        "songNumber": 33,
        "activePlayerCount": 278,
        "LinkVideo": "https://files.catbox.moe/lo0esl.webm",
        "LinkMp3": "https://files.catbox.moe/04ogal.mp3"
    },
    {
        "animeEng": "The Dagger of Kamui",
        "animeRomaji": "Kamui no Ken",
        "songName": "Kamui no Ken",
        "artist": "Noriko Watanabe",
        "type": "Ending 1",
        "correctCount": 3,
        "startTime": 81,
        "songDuration": 193.04158,
        "songNumber": 34,
        "activePlayerCount": 278,
        "LinkVideo": "https://files.catbox.moe/d2669g.webm",
        "LinkMp3": "https://files.catbox.moe/ua10bv.mp3",
        "correctPlayers": [
            "Vail",
            "SrKristiano",
            "FallenAngel"
        ]
    },
    {
        "animeEng": "K\u014dya no Kotobuki Hik\u014dtai Gaiden: \u014czora no Harukaze Hik\u014dtai",
        "animeRomaji": "K\u014dya no Kotobuki Hik\u014dtai Gaiden: \u014czora no Harukaze Hik\u014dtai",
        "songName": "Taiy\u014d ga Yonda Niji",
        "artist": "Kotobuki Hik\u014dtai",
        "type": "Ending 1",
        "correctCount": 1,
        "startTime": 2,
        "songDuration": 88.416,
        "songNumber": 35,
        "activePlayerCount": 277,
        "LinkVideo": "https://files.catbox.moe/1auap7.webm",
        "LinkMp3": "https://files.catbox.moe/s2cdg1.mp3",
        "correctPlayers": [
            "whensidols"
        ]
    },
    {
        "animeEng": "Grand Blue",
        "animeRomaji": "Grand Blue",
        "songName": "Konpeki no al Fine ~Ni Kenme ni Karaoke ni Haitta Oretachi no Tension Super MAXver.~",
        "artist": "Izu no Kaze",
        "type": "Ending 1",
        "correctCount": 122,
        "startTime": 24,
        "songDuration": 84.984,
        "songNumber": 36,
        "activePlayerCount": 276,
        "LinkVideo": "https://files.catbox.moe/w3k49a.webm",
        "LinkMp3": "https://files.catbox.moe/t162jz.mp3"
    },
    {
        "animeEng": "Comic Party Revolution",
        "animeRomaji": "Comic Party Revolution",
        "songName": "Fly",
        "artist": "Arisa Nakayama",
        "type": "Opening 1",
        "correctCount": 9,
        "startTime": 4,
        "songDuration": 97.644036,
        "songNumber": 37,
        "activePlayerCount": 275,
        "LinkVideo": "https://files.catbox.moe/7gvzct.webm",
        "LinkMp3": "https://files.catbox.moe/qmyv3h.mp3"
    },
    {
        "animeEng": "Love Tyrant",
        "animeRomaji": "Renai B\u014dkun",
        "songName": "Koi? de Ai? de B\u014dkun Desu!",
        "artist": "Wake Up, Girls!",
        "type": "Opening 1",
        "correctCount": 139,
        "startTime": 19,
        "songDuration": 88.992,
        "songNumber": 38,
        "activePlayerCount": 274,
        "LinkVideo": "https://files.catbox.moe/xxphms.webm",
        "LinkMp3": "https://files.catbox.moe/o2tdzs.mp3"
    },
    {
        "animeEng": "12-Sai: Chiccha na Mune no Tokimeki",
        "animeRomaji": "12-Sai: Chiccha na Mune no Tokimeki",
        "songName": "Cotona MODE",
        "artist": "A\u014cP",
        "type": "Ending 1",
        "correctCount": 4,
        "startTime": 46,
        "songDuration": 88.788678,
        "songNumber": 39,
        "activePlayerCount": 271,
        "LinkVideo": "https://files.catbox.moe/haj4vl.webm",
        "LinkMp3": "https://files.catbox.moe/c48s0j.mp3",
        "correctPlayers": [
            "heyhey",
            "Rinkari",
            "BitGigbits",
            "Kirivert"
        ]
    },
    {
        "animeEng": "Major: Message",
        "animeRomaji": "Major: Message",
        "songName": "Kokoro E",
        "artist": "Showtaro Morikubo",
        "type": "Ending 1",
        "correctCount": 2,
        "startTime": 90,
        "songDuration": 134.352,
        "songNumber": 40,
        "activePlayerCount": 271,
        "LinkVideo": "https://files.catbox.moe/n3mp9r.webm",
        "LinkMp3": "https://files.catbox.moe/zhgxq4.mp3",
        "correctPlayers": [
            "Akikun",
            "Dannni"
        ]
    },
    {
        "animeEng": "Eiga Crayon Shin-chan Bakumori! Kung-Fu Boys: Ramen Tairan",
        "animeRomaji": "Eiga Crayon Shin-chan Bakumori! Kung-Fu Boys: Ramen Tairan",
        "songName": "Kimi ni 100 Percent",
        "artist": "Kyary Pamyu Pamyu",
        "type": "Opening 1",
        "correctCount": 167,
        "startTime": 5,
        "songDuration": 63.816,
        "songNumber": 41,
        "activePlayerCount": 270,
        "LinkVideo": "https://files.catbox.moe/edsp72.webm",
        "LinkMp3": "https://files.catbox.moe/zxgfyk.mp3"
    },
    {
        "animeEng": "Overflow",
        "animeRomaji": "Overflow",
        "songName": "Over Love",
        "artist": "Uzuho",
        "type": "Ending 1",
        "correctCount": 52,
        "startTime": 26,
        "songDuration": 87.168,
        "songNumber": 42,
        "activePlayerCount": 267,
        "LinkVideo": "https://files.catbox.moe/p9wlcb.webm",
        "LinkMp3": "https://files.catbox.moe/ngepmy.mp3"
    },
    {
        "animeEng": "The Future Diary",
        "animeRomaji": "Mirai Nikki",
        "songName": "The Creator",
        "artist": "Yousei Teikoku",
        "type": "Ending 1",
        "correctCount": 141,
        "startTime": 21,
        "songDuration": 87.24748,
        "songNumber": 43,
        "activePlayerCount": 269,
        "LinkVideo": "https://files.catbox.moe/18a065.webm",
        "LinkMp3": "https://files.catbox.moe/nd4m2m.mp3"
    },
    {
        "animeEng": "Nyanbo!",
        "animeRomaji": "Nyanbo!",
        "songName": "Uch\u016b kara Yattekita Nyanbo",
        "artist": "\u014chashiTrio",
        "type": "Opening 1",
        "correctCount": 217,
        "startTime": 0,
        "songDuration": 23.37919,
        "songNumber": 44,
        "activePlayerCount": 269,
        "LinkVideo": "https://files.catbox.moe/rbl30y.webm",
        "LinkMp3": "https://files.catbox.moe/4p7bdu.mp3"
    },
    {
        "animeEng": "My Hero Academia",
        "animeRomaji": "Boku no Hero Academia",
        "songName": "ODD FUTURE",
        "artist": "UVERworld",
        "type": "Opening 1",
        "correctCount": 216,
        "startTime": 21,
        "songDuration": 89.568,
        "songNumber": 45,
        "activePlayerCount": 269,
        "LinkVideo": "https://files.catbox.moe/6l3a19.webm",
        "LinkMp3": "https://files.catbox.moe/0qallz.mp3"
    },
    {
        "animeEng": "Chargeman Ken!",
        "animeRomaji": "Chargeman Ken!",
        "songName": "Chargeman Ken!",
        "artist": "Hibari Jidou Gasshou-dan",
        "type": "Opening 1",
        "correctCount": 16,
        "startTime": 13,
        "songDuration": 58.296,
        "songNumber": 46,
        "activePlayerCount": 269,
        "LinkVideo": "https://files.catbox.moe/zs6b7x.webm",
        "LinkMp3": "https://files.catbox.moe/g52izj.mp3"
    },
    {
        "animeEng": "Show By Rock!!",
        "animeRomaji": "Show By Rock!!",
        "songName": "Seishun wa Non-Stop!",
        "artist": "Plasmagica",
        "type": "Insert Song",
        "correctCount": 76,
        "startTime": 73,
        "songDuration": 180.576,
        "songNumber": 47,
        "activePlayerCount": 269,
        "LinkVideo": "https://files.catbox.moe/x1ge78.webm",
        "LinkMp3": "https://files.catbox.moe/mv3egu.mp3"
    },
    {
        "animeEng": "Ace of the Diamond act II",
        "animeRomaji": "Daiya no Ace act II",
        "songName": "Golden After School",
        "artist": "OxT",
        "type": "Ending 1",
        "correctCount": 23,
        "startTime": 15,
        "songDuration": 89.023776,
        "songNumber": 48,
        "activePlayerCount": 269,
        "LinkVideo": "https://files.catbox.moe/wguh31.webm",
        "LinkMp3": "https://files.catbox.moe/i7yd2t.mp3"
    },
    {
        "animeEng": "91 Days",
        "animeRomaji": "91 Days",
        "songName": "Rain or Shine",
        "artist": "ELISA",
        "type": "Ending 1",
        "correctCount": 126,
        "startTime": 47,
        "songDuration": 86.808,
        "songNumber": 49,
        "activePlayerCount": 268,
        "LinkVideo": "https://files.catbox.moe/k9zp4c.webm",
        "LinkMp3": "https://files.catbox.moe/o5s6gc.mp3"
    },
    {
        "animeEng": "Is It Wrong to Try to Pick Up Girls in a Dungeon?",
        "animeRomaji": "DanMachi",
        "songName": "Hey World",
        "artist": "Yuka Iguchi",
        "type": "Opening 1",
        "correctCount": 201,
        "startTime": 1,
        "songDuration": 88.824,
        "songNumber": 50,
        "activePlayerCount": 268,
        "LinkVideo": "https://files.catbox.moe/7xtxig.webm",
        "LinkMp3": "https://files.catbox.moe/gklgzg.mp3"
    },
    {
        "animeEng": "Metropolis",
        "animeRomaji": "Metropolis",
        "songName": "METROPOLIS",
        "artist": "Toshiyuki Honda",
        "type": "Opening 1",
        "correctCount": 55,
        "startTime": 19,
        "songDuration": 91.55761,
        "songNumber": 51,
        "activePlayerCount": 266,
        "LinkVideo": "https://files.catbox.moe/ryi6l1.webm",
        "LinkMp3": "https://files.catbox.moe/o2yz8v.mp3"
    },
    {
        "animeEng": "Triage X",
        "animeRomaji": "Triage X",
        "songName": "triage",
        "artist": "Saeko Z\u014dg\u014d feat. Nagareda Project",
        "type": "Opening 1",
        "correctCount": 48,
        "startTime": 24,
        "songDuration": 89.904,
        "songNumber": 52,
        "activePlayerCount": 267,
        "LinkVideo": "https://files.catbox.moe/yppsco.webm",
        "LinkMp3": "https://files.catbox.moe/2o2luw.mp3"
    },
    {
        "animeEng": "BONJOUR Sweet Love Patisserie",
        "animeRomaji": "BONJOUR Sweet Love Patisserie",
        "songName": "Yasashisa o Tsutsumikonde",
        "artist": "Kaito Ishikawa & Tetsuya Kakihara",
        "type": "Ending 1",
        "correctCount": 6,
        "startTime": 0,
        "songDuration": 28.056,
        "songNumber": 53,
        "activePlayerCount": 267,
        "LinkVideo": "https://files.catbox.moe/ho7bpl.webm",
        "LinkMp3": "https://files.catbox.moe/eag0s3.mp3"
    },
    {
        "animeEng": "YAT Anshin! Uch\u016b Ryok\u014d",
        "animeRomaji": "YAT Anshin! Uch\u016b Ryok\u014d",
        "songName": "Hoshi no Funauta",
        "artist": "Kazuki Yao",
        "type": "Insert Song",
        "correctCount": 5,
        "startTime": 105,
        "songDuration": 152.064,
        "songNumber": 54,
        "activePlayerCount": 267,
        "LinkVideo": "https://files.catbox.moe/w7v5pg.webm",
        "LinkMp3": "https://files.catbox.moe/pv1igm.mp3",
        "correctPlayers": [
            "asleep",
            "Metakino",
            "techo",
            "OnlyLittleBuster",
            "ihaxpamgol"
        ]
    },
    {
        "animeEng": "MFKZ",
        "animeRomaji": "Mutafukaz",
        "songName": "DE LA CALLE MUTAFUKA'",
        "artist": "Jon de Jon",
        "type": "Insert Song",
        "correctCount": 83,
        "startTime": 11,
        "songDuration": 57.168,
        "songNumber": 55,
        "activePlayerCount": 267,
        "LinkVideo": "https://files.catbox.moe/vwb02d.webm",
        "LinkMp3": "https://files.catbox.moe/3k677t.mp3"
    },
    {
        "animeEng": "Haikyu!! Movie Concept no Tatakai",
        "animeRomaji": "Haikyu!! Movie Concept no Tatakai",
        "songName": "Hikari Are",
        "artist": "BURNOUT SYNDROMES",
        "type": "Ending 1",
        "correctCount": 211,
        "startTime": 134,
        "songDuration": 239.952,
        "songNumber": 56,
        "activePlayerCount": 266,
        "LinkVideo": "https://files.catbox.moe/tywqad.webm",
        "LinkMp3": "https://files.catbox.moe/gb071d.mp3"
    },
    {
        "animeEng": "Tenchi Muyo! Ryo Ohki",
        "animeRomaji": "Tenchi Muyo! Ryo Ohki",
        "songName": "Tsuki no TRAGEDY",
        "artist": "Ai Orikasa",
        "type": "Ending 1",
        "correctCount": 0,
        "startTime": 34,
        "songDuration": 106.296,
        "songNumber": 57,
        "activePlayerCount": 267,
        "LinkVideo": "https://files.catbox.moe/c95624.webm",
        "LinkMp3": "https://files.catbox.moe/yenyyw.mp3"
    },
    {
        "animeEng": "Maeterlinck's Blue Bird",
        "animeRomaji": "Maeterlinck no Aoi no Tori - Tyltyl Mytyl no B\u014dken Ryok\u014d",
        "songName": "Shiawase no Babira Torarira",
        "artist": "Midori Fukuhara",
        "type": "Opening 1",
        "correctCount": 8,
        "startTime": 40,
        "songDuration": 86.664,
        "songNumber": 58,
        "activePlayerCount": 266,
        "LinkVideo": "https://files.catbox.moe/uv1xel.webm",
        "LinkMp3": "https://files.catbox.moe/gkx8cn.mp3"
    },
    {
        "animeEng": "Assassination Classroom the Movie: 365 Days' Time",
        "animeRomaji": "Ansatsu Ky\u014dshitsu: 365-nichi no Jikan",
        "songName": "Tabidachi no Uta",
        "artist": "3-nen E-gumi",
        "type": "Insert Song",
        "correctCount": 122,
        "startTime": 147,
        "songDuration": 243.096,
        "songNumber": 59,
        "activePlayerCount": 267,
        "LinkVideo": "https://files.catbox.moe/b1m2ia.webm",
        "LinkMp3": "https://files.catbox.moe/6nt1wj.mp3"
    },
    {
        "animeEng": "Master of Martial Hearts",
        "animeRomaji": "Zettai Sh\u014dgeki: Platonic Heart",
        "songName": "Tatsumaki WAVE",
        "artist": "Little Non",
        "type": "Opening 1",
        "correctCount": 1,
        "startTime": 40,
        "songDuration": 86.856,
        "songNumber": 60,
        "activePlayerCount": 266,
        "LinkVideo": "https://files.catbox.moe/elqrrl.webm",
        "LinkMp3": "https://files.catbox.moe/d7r56t.mp3",
        "correctPlayers": [
            "Miki_P"
        ]
    },
    {
        "animeEng": "Infinite Stratos Encore: Sextet of Burning Love",
        "animeRomaji": "Infinite Stratos Encore: Koi ni Kogareru Rokuj\u016bs\u014d",
        "songName": "SUPER\u221eSTREAM",
        "artist": "Y\u014dko Hikasa, Yukana, Asami Shimoda, Kana Hanazawa, Marina Inoue",
        "type": "Insert Song",
        "correctCount": 88,
        "startTime": 50,
        "songDuration": 89.448,
        "songNumber": 61,
        "activePlayerCount": 266,
        "LinkVideo": "https://files.catbox.moe/tkewo8.webm",
        "LinkMp3": "https://files.catbox.moe/l4wlra.mp3"
    },
    {
        "animeEng": "Geisters - Fractions of the Earth",
        "animeRomaji": "Geisters - Fractions of the Earth",
        "songName": "True Answer",
        "artist": "Joelle",
        "type": "Ending 1",
        "correctCount": 1,
        "startTime": 35,
        "songDuration": 99.984,
        "songNumber": 62,
        "activePlayerCount": 266,
        "LinkVideo": "https://files.catbox.moe/bl6xht.webm",
        "LinkMp3": "https://files.catbox.moe/a451np.mp3",
        "correctPlayers": [
            "ozsauce"
        ]
    },
    {
        "animeEng": "ARP Backstage Pass",
        "animeRomaji": "ARP Backstage Pass",
        "songName": "Saikou no Good-bye",
        "artist": "ARP",
        "type": "Insert Song",
        "correctCount": 11,
        "startTime": 95,
        "songDuration": 143.712,
        "songNumber": 63,
        "activePlayerCount": 267,
        "LinkVideo": "https://files.catbox.moe/cl9pq7.webm",
        "LinkMp3": "https://files.catbox.moe/tdbl5q.mp3"
    },
    {
        "animeEng": "Fire Force",
        "animeRomaji": "Enen no Sh\u014db\u014dtai",
        "songName": "Inferno",
        "artist": "Mrs. GREEN APPLE",
        "type": "Opening 1",
        "correctCount": 222,
        "startTime": 1,
        "songDuration": 88.893166,
        "songNumber": 64,
        "activePlayerCount": 267,
        "LinkVideo": "https://files.catbox.moe/0ckuav.webm",
        "LinkMp3": "https://files.catbox.moe/8u4b2w.mp3"
    },
    {
        "animeEng": "Kinnikuman",
        "animeRomaji": "Kinnikuman",
        "songName": "Kinnikuman GO FIGHT!",
        "artist": "Akira Kushida",
        "type": "Opening 1",
        "correctCount": 178,
        "startTime": 52,
        "songDuration": 90.264,
        "songNumber": 65,
        "activePlayerCount": 267,
        "LinkVideo": "https://files.catbox.moe/pdidrz.webm",
        "LinkMp3": "https://files.catbox.moe/5tyl38.mp3"
    },
    {
        "animeEng": "Magia Record: Puella Magi Madoka Magica Side Story",
        "animeRomaji": "Magia Record: Mah\u014d Sh\u014djo Madoka\u2606Magica Gaiden",
        "songName": "Alicia",
        "artist": "ClariS",
        "type": "Ending 1",
        "correctCount": 102,
        "startTime": 9,
        "songDuration": 89.064,
        "songNumber": 66,
        "activePlayerCount": 266,
        "LinkVideo": "https://files.catbox.moe/axbvo8.webm",
        "LinkMp3": "https://files.catbox.moe/hc4bwj.mp3"
    },
    {
        "animeEng": "The King of Braves GaoGaiGar Final Grand Glorious Gathering",
        "animeRomaji": "Yuusha-Oh GaoGaiGar Final Grand Glorious Gathering",
        "songName": "Lion Reine -Hyper Mode-",
        "artist": "MIQ",
        "type": "Ending 4",
        "correctCount": 6,
        "startTime": 69,
        "songDuration": 105.864,
        "songNumber": 67,
        "activePlayerCount": 265,
        "LinkVideo": "https://files.catbox.moe/c3hvs4.webm",
        "LinkMp3": "https://files.catbox.moe/xsd06d.mp3"
    },
    {
        "animeEng": "The Melody of Oblivion",
        "animeRomaji": "B\u014dkyaku no Senritsu",
        "songName": "Will",
        "artist": "lisa",
        "type": "Opening 1",
        "correctCount": 7,
        "startTime": 39,
        "songDuration": 88.8,
        "songNumber": 68,
        "activePlayerCount": 265,
        "LinkVideo": "https://files.catbox.moe/bxdndj.webm",
        "LinkMp3": "https://files.catbox.moe/qm4otj.mp3"
    },
    {
        "animeEng": "UFO Robo Grendizer",
        "animeRomaji": "UFO Robo Grendizer",
        "songName": "Uchuu no Ouja Grendizer",
        "artist": "Isao Sasaki",
        "type": "Ending 1",
        "correctCount": 137,
        "startTime": 1,
        "songDuration": 67.704,
        "songNumber": 69,
        "activePlayerCount": 264,
        "LinkVideo": "https://files.catbox.moe/iai90a.webm",
        "LinkMp3": "https://files.catbox.moe/09y3xr.mp3"
    },
    {
        "animeEng": "Kaito \u00d7 Ansa",
        "animeRomaji": "Kaito \u00d7 Ansa",
        "songName": "AGAKU",
        "artist": "SuG",
        "type": "Ending 1",
        "correctCount": 2,
        "startTime": 0,
        "songDuration": 28.99542,
        "songNumber": 70,
        "activePlayerCount": 263,
        "LinkVideo": "https://files.catbox.moe/kllatr.webm",
        "LinkMp3": "https://files.catbox.moe/x9zkmv.mp3",
        "correctPlayers": [
            "Shuuka",
            "ozsauce"
        ]
    },
    {
        "animeEng": "Rizelmine",
        "animeRomaji": "Rizelmine",
        "songName": "Hajimete Shimasho!",
        "artist": "Rie Kugimiya",
        "type": "Opening 1",
        "correctCount": 21,
        "startTime": 48,
        "songDuration": 88.971532,
        "songNumber": 71,
        "activePlayerCount": 264,
        "LinkVideo": "https://files.catbox.moe/2ca9a4.webm",
        "LinkMp3": "https://files.catbox.moe/eg8ho7.mp3"
    },
    {
        "animeEng": "Angel Beats!",
        "animeRomaji": "Angel Beats!",
        "songName": "Ichiban no Takaramono",
        "artist": "Karuta",
        "type": "Ending 3",
        "correctCount": 151,
        "startTime": 40,
        "songDuration": 288.864,
        "songNumber": 72,
        "activePlayerCount": 265,
        "LinkVideo": "https://files.catbox.moe/gdv6mn.webm",
        "LinkMp3": "https://files.catbox.moe/jt84ol.mp3"
    },
    {
        "animeEng": "Yamishibai: Japanese Ghost Stories",
        "animeRomaji": "Yami Shibai",
        "songName": "Shij\u016bkunichi-me",
        "artist": "Nashimoto Ui feat. Hatsune Miku",
        "type": "Ending 1",
        "correctCount": 96,
        "startTime": 0,
        "songDuration": 29.52,
        "songNumber": 73,
        "activePlayerCount": 264,
        "LinkVideo": "https://files.catbox.moe/ry35fc.webm",
        "LinkMp3": "https://files.catbox.moe/b6v60u.mp3"
    },
    {
        "animeEng": "Attack No. 1",
        "animeRomaji": "Attack No. 1",
        "songName": "Attack No.1",
        "artist": "Kurumi Kobato",
        "type": "Opening 1",
        "correctCount": 35,
        "startTime": 27,
        "songDuration": 85.392,
        "songNumber": 74,
        "activePlayerCount": 264,
        "LinkVideo": "https://files.catbox.moe/dhasju.webm",
        "LinkMp3": "https://files.catbox.moe/q4avnr.mp3"
    },
    {
        "animeEng": "Sunday Without God",
        "animeRomaji": "Kami-Nai",
        "songName": "Birth",
        "artist": "Eri Kitamura",
        "type": "Opening 1",
        "correctCount": 82,
        "startTime": 23,
        "songDuration": 88.057262,
        "songNumber": 75,
        "activePlayerCount": 263,
        "LinkVideo": "https://files.catbox.moe/236vq0.webm",
        "LinkMp3": "https://files.catbox.moe/2bbut7.mp3"
    }
]