[
    {
        "animeEng": "Is It Wrong to Try to Pick Up Girls in a Dungeon? III",
        "animeRomaji": "Dungeon ni Deai o Motomeru no wa Machigatteiru Dar\u014d ka III",
        "songName": "over and over",
        "artist": "Yuka Iguchi",
        "type": "Opening 1",
        "correctCount": 54,
        "startTime": 41,
        "songDuration": 90.048,
        "songNumber": 1,
        "activePlayerCount": 142,
        "LinkVideo": "https://files.catbox.moe/e5txb8.webm",
        "LinkMp3": "https://files.catbox.moe/2xa0sj.mp3"
    },
    {
        "animeEng": "Princess Connect! Re:Dive",
        "animeRomaji": "Princess Connect! Re:Dive",
        "songName": "Lost Princess",
        "artist": "M\u30fbA\u30fbO, Miku It\u014d, Rika Tachibana",
        "type": "Opening 1",
        "correctCount": 81,
        "startTime": 40,
        "songDuration": 89.064,
        "songNumber": 2,
        "activePlayerCount": 140,
        "LinkVideo": "https://files.catbox.moe/etv11o.webm",
        "LinkMp3": "https://files.catbox.moe/y51sjd.mp3"
    },
    {
        "animeEng": "Tekken: The Motion Picture",
        "animeRomaji": "Tekken",
        "songName": "Hero",
        "artist": "TSUNAMI",
        "type": "Ending 1",
        "correctCount": 2,
        "startTime": 34,
        "songDuration": 97.536,
        "songNumber": 3,
        "activePlayerCount": 140,
        "LinkVideo": "https://files.catbox.moe/rhfo2z.webm",
        "LinkMp3": "https://files.catbox.moe/1jg3un.mp3",
        "correctPlayers": [
            "Hooman",
            "Keizan"
        ]
    },
    {
        "animeEng": "Cardfight!! Vanguard",
        "animeRomaji": "Cardfight!! Vanguard",
        "songName": "Legendary",
        "artist": "Roselia",
        "type": "Opening 1",
        "correctCount": 30,
        "startTime": 11,
        "songDuration": 88.632,
        "songNumber": 4,
        "activePlayerCount": 141,
        "LinkVideo": "https://files.catbox.moe/j5pa91.webm",
        "LinkMp3": "https://files.catbox.moe/lw9j3q.mp3"
    },
    {
        "animeEng": "Negima!",
        "animeRomaji": "Mahou Sensei Negima!",
        "songName": "Happy\u2606Material",
        "artist": "Kimiko Koyama, Mari Kanou, Mai Kadowaki, Yumi Shimura, Yuki Matsuoka",
        "type": "Opening 5",
        "correctCount": 45,
        "startTime": 10,
        "songDuration": 89.28,
        "songNumber": 5,
        "activePlayerCount": 142,
        "LinkVideo": "https://files.catbox.moe/a1bx6f.webm",
        "LinkMp3": "https://files.catbox.moe/f7outi.mp3"
    },
    {
        "animeEng": "Bakuman.",
        "animeRomaji": "Bakuman.",
        "songName": "FAKER TRICK!",
        "artist": "Mai Kotone",
        "type": "Insert Song",
        "correctCount": 21,
        "startTime": 0,
        "songDuration": 22.032,
        "songNumber": 6,
        "activePlayerCount": 142,
        "LinkVideo": "https://files.catbox.moe/0agb5l.webm",
        "LinkMp3": "https://files.catbox.moe/zvbdw6.mp3"
    },
    {
        "animeEng": "Sorcerer Hunters",
        "animeRomaji": "Bakuretsu Hunter",
        "songName": "What's Up Guys?",
        "artist": "Shinnosuke Furumoto & Megumi Hayashibara",
        "type": "Opening 1",
        "correctCount": 21,
        "startTime": 53,
        "songDuration": 90.094778,
        "songNumber": 7,
        "activePlayerCount": 138,
        "LinkVideo": "https://files.catbox.moe/4k4sqd.webm",
        "LinkMp3": "https://files.catbox.moe/iot06s.mp3"
    },
    {
        "animeEng": "Yattodetaman",
        "animeRomaji": "Yattodetaman",
        "songName": "Yattodetaman Boogie Woogie Ondo",
        "artist": "Masayuki Yamamoto, Victor Shounen Minyou",
        "type": "Insert Song",
        "correctCount": 86,
        "startTime": 13,
        "songDuration": 83.04,
        "songNumber": 8,
        "activePlayerCount": 137,
        "LinkVideo": "https://files.catbox.moe/vyoy2u.webm",
        "LinkMp3": "https://files.catbox.moe/3a3p79.mp3"
    },
    {
        "animeEng": "LOVE and LIES",
        "animeRomaji": "Koi to Uso",
        "songName": "Kanashii Ureshii",
        "artist": "Frederic",
        "type": "Opening 1",
        "correctCount": 105,
        "startTime": 56,
        "songDuration": 89.064,
        "songNumber": 9,
        "activePlayerCount": 134,
        "LinkVideo": "https://files.catbox.moe/i98t5p.webm",
        "LinkMp3": "https://files.catbox.moe/dhf7sq.mp3"
    },
    {
        "animeEng": "Phantasy Star Online 2 Comic",
        "animeRomaji": "Puso ni Comi",
        "songName": "Ni Co\u2606mmunication",
        "artist": "Amane + Beat Mario (COOL&CREATE)",
        "type": "Opening 1",
        "correctCount": 48,
        "startTime": 0,
        "songDuration": 20.016,
        "songNumber": 10,
        "activePlayerCount": 137,
        "LinkVideo": "https://files.catbox.moe/73h03v.webm",
        "LinkMp3": "https://files.catbox.moe/tqzwxx.mp3"
    },
    {
        "animeEng": "Paradise Kiss",
        "animeRomaji": "Paradise Kiss",
        "songName": "DO YOU WANT TO",
        "artist": "Franz Ferdinand",
        "type": "Ending 1",
        "correctCount": 23,
        "startTime": 7,
        "songDuration": 70.032,
        "songNumber": 11,
        "activePlayerCount": 137,
        "LinkVideo": "https://files.catbox.moe/dcd8zu.webm",
        "LinkMp3": "https://files.catbox.moe/hs9dks.mp3"
    },
    {
        "animeEng": "Final Approach",
        "animeRomaji": "Final Approach",
        "songName": "LOVE,FATE,LOVE",
        "artist": "Miyuki Hashimoto",
        "type": "Ending 1",
        "correctCount": 7,
        "startTime": 13,
        "songDuration": 58.043084,
        "songNumber": 12,
        "activePlayerCount": 137,
        "LinkVideo": "https://files.catbox.moe/sph0ip.webm",
        "LinkMp3": "https://files.catbox.moe/o0ypa4.mp3"
    },
    {
        "animeEng": "Battle B-Daman: Fire Spirits",
        "animeRomaji": "B-Legend! Battle B-Daman: Fire Spirits!",
        "songName": "Fire Spirits",
        "artist": "MAKiZO",
        "type": "Opening 1",
        "correctCount": 2,
        "startTime": 37,
        "songDuration": 89.07602,
        "songNumber": 13,
        "activePlayerCount": 136,
        "LinkVideo": "https://files.catbox.moe/xhnn27.webm",
        "LinkMp3": "https://files.catbox.moe/d2eyl6.mp3",
        "correctPlayers": [
            "ThiccThighs",
            "Harold"
        ]
    },
    {
        "animeEng": "Aikatsu!",
        "animeRomaji": "Aikatsu!",
        "songName": "Hello! Winter Love\u266a",
        "artist": "Ruka\u30fbMona\u30fbMiki\u30fbMiho from AIKATSU\u2606STARS! & Waka\u30fbRisuko from STAR\u2606ANIS",
        "type": "Insert Song",
        "correctCount": 38,
        "startTime": 14,
        "songDuration": 111.888,
        "songNumber": 14,
        "activePlayerCount": 135,
        "LinkVideo": "https://files.catbox.moe/xxxdvc.webm",
        "LinkMp3": "https://files.catbox.moe/r6fkty.mp3"
    },
    {
        "animeEng": "Digimon Adventure 02: Revenge of Diablomon",
        "animeRomaji": "Digimon Adventure 02: Diablomon no Gyakush\u016b",
        "songName": "Target ~Akai Sh\u014dgeki~",
        "artist": "Kouji Wada",
        "type": "Insert Song",
        "correctCount": 66,
        "startTime": 10,
        "songDuration": 94.56,
        "songNumber": 15,
        "activePlayerCount": 135,
        "LinkVideo": "https://files.catbox.moe/qa29y6.webm",
        "LinkMp3": "https://files.catbox.moe/ijaxfo.mp3"
    },
    {
        "animeEng": "Robin in the Rainbow Troops",
        "animeRomaji": "Rainbow Sentai Robin",
        "songName": "Rainbow Sentai Robin",
        "artist": "Kamitakada Sh\u014dnen Gassh\u014d-dan",
        "type": "Opening 1",
        "correctCount": 64,
        "startTime": 21,
        "songDuration": 55.08,
        "songNumber": 16,
        "activePlayerCount": 135,
        "LinkVideo": "https://files.catbox.moe/iea31r.webm",
        "LinkMp3": "https://files.catbox.moe/nrh8p7.mp3"
    },
    {
        "animeEng": "HappinessCharge Precure!",
        "animeRomaji": "HappinessCharge Precure!",
        "songName": "HappinessCharge Precure! WOW!",
        "artist": "Sayaka Nakaya",
        "type": "Opening 1",
        "correctCount": 20,
        "startTime": 52,
        "songDuration": 88.944,
        "songNumber": 17,
        "activePlayerCount": 135,
        "LinkVideo": "https://files.catbox.moe/yqym0m.webm",
        "LinkMp3": "https://files.catbox.moe/og1ylp.mp3"
    },
    {
        "animeEng": "IDOLiSH7 Vibrato",
        "animeRomaji": "IDOLiSH7 Vibrato",
        "songName": "DESTINY",
        "artist": "TRIGGER",
        "type": "Ending 1",
        "correctCount": 6,
        "startTime": 55,
        "songDuration": 135.285838,
        "songNumber": 18,
        "activePlayerCount": 135,
        "LinkVideo": "https://files.catbox.moe/8dp37m.webm",
        "LinkMp3": "https://files.catbox.moe/6slc3f.mp3"
    },
    {
        "animeEng": "Panda! Go, Panda!",
        "animeRomaji": "Panda Kopanda",
        "songName": "Mimi-chan to Panda Kopanda",
        "artist": "Ado Mizumori",
        "type": "Opening 1",
        "correctCount": 78,
        "startTime": 66,
        "songDuration": 118.128,
        "songNumber": 19,
        "activePlayerCount": 134,
        "LinkVideo": "https://files.catbox.moe/4q40ng.webm",
        "LinkMp3": "https://files.catbox.moe/2f02hs.mp3"
    },
    {
        "animeEng": "Delinquent Hamsters",
        "animeRomaji": "Yankee Hamster",
        "songName": "Yankee Hamster",
        "artist": "papalion",
        "type": "Ending 1",
        "correctCount": 2,
        "startTime": 0,
        "songDuration": 14.112,
        "songNumber": 20,
        "activePlayerCount": 133,
        "LinkVideo": "https://files.catbox.moe/z4ixle.webm",
        "LinkMp3": "https://files.catbox.moe/c7jyto.mp3",
        "correctPlayers": [
            "Diukes",
            "Catisam"
        ]
    },
    {
        "animeEng": "Pok\u00e9mon: Pikachu's PikaBoo",
        "animeRomaji": "Pikachu no Doki-Doki Kakurenbo",
        "songName": "Pikachu's Coming",
        "artist": "J.P. Hartmann",
        "type": "Opening 1",
        "correctCount": 15,
        "startTime": 26,
        "songDuration": 159.072,
        "songNumber": 21,
        "activePlayerCount": 132,
        "LinkVideo": "https://files.catbox.moe/m5hme9.webm",
        "LinkMp3": "https://files.catbox.moe/gv7bd2.mp3"
    },
    {
        "animeEng": "My Bride is a Mermaid OVA",
        "animeRomaji": "Seto no Hanayome OVA",
        "songName": "Tatakai no Uta",
        "artist": "Sakura Nogawa",
        "type": "Insert Song",
        "correctCount": 8,
        "startTime": 0,
        "songDuration": 29.136,
        "songNumber": 22,
        "activePlayerCount": 133,
        "LinkVideo": "https://files.catbox.moe/rjc71b.webm",
        "LinkMp3": "https://files.catbox.moe/tr0nu6.mp3"
    },
    {
        "animeEng": "Dr. STONE",
        "animeRomaji": "Dr. STONE",
        "songName": "Sangenshoku",
        "artist": "PELICAN FANCLUB",
        "type": "Opening 2",
        "correctCount": 80,
        "startTime": 0,
        "songDuration": 89.568,
        "songNumber": 23,
        "activePlayerCount": 133,
        "LinkVideo": "https://files.catbox.moe/841f1w.webm",
        "LinkMp3": "https://files.catbox.moe/8hsxu8.mp3"
    },
    {
        "animeEng": "Cells at Work! Kaze Sh\u014dk\u014dgun",
        "animeRomaji": "Cells at Work! Kaze Sh\u014dk\u014dgun",
        "songName": "CheerS",
        "artist": "ClariS",
        "type": "Ending 1",
        "correctCount": 98,
        "startTime": 45,
        "songDuration": 88.32,
        "songNumber": 24,
        "activePlayerCount": 132,
        "LinkVideo": "https://files.catbox.moe/aaku3k.webm",
        "LinkMp3": "https://files.catbox.moe/vnnuc2.mp3"
    },
    {
        "animeEng": "Death March to The Parallel World Rhapsody",
        "animeRomaji": "Death March Kara Hajimaru Isekai Ky\u014ds\u014dkyoku",
        "songName": "Suki no Skill",
        "artist": "Wake Up, Girls!",
        "type": "Ending 1",
        "correctCount": 61,
        "startTime": 18,
        "songDuration": 88.512,
        "songNumber": 25,
        "activePlayerCount": 132,
        "LinkVideo": "https://files.catbox.moe/pd6i9a.webm",
        "LinkMp3": "https://files.catbox.moe/yvxrc3.mp3"
    },
    {
        "animeEng": "Stella Women's Academy, High School Division Class C3",
        "animeRomaji": "Stella Jogakuin K\u014dt\u014d-ka C\u00b3-bu",
        "songName": "Hajikero! C\u00b3-bu!",
        "artist": "Stella Jogakuin K\u014dt\u014d-ka C\u00b3-bu",
        "type": "Ending 1",
        "correctCount": 15,
        "startTime": 1,
        "songDuration": 89.352,
        "songNumber": 26,
        "activePlayerCount": 133,
        "LinkVideo": "https://files.catbox.moe/wdsw65.webm",
        "LinkMp3": "https://files.catbox.moe/vbq1bt.mp3"
    },
    {
        "animeEng": "Bottle Fairy",
        "animeRomaji": "Binzume Y\u014dsei",
        "songName": "Aki Uta ~Sarara~",
        "artist": "Yui Horie",
        "type": "Ending 3",
        "correctCount": 4,
        "startTime": 6,
        "songDuration": 69.408,
        "songNumber": 27,
        "activePlayerCount": 133,
        "LinkVideo": "https://files.catbox.moe/a6d3hu.webm",
        "LinkMp3": "https://files.catbox.moe/wtnhor.mp3",
        "correctPlayers": [
            "JESSMI2",
            "SrueyaF",
            "Blacky_Doll",
            "Satorii"
        ]
    },
    {
        "animeEng": "Golden Boy",
        "animeRomaji": "Golden Boy",
        "songName": "Opening",
        "artist": "Joyo Katayanagi",
        "type": "Opening 1",
        "correctCount": 65,
        "startTime": 52,
        "songDuration": 104.208,
        "songNumber": 28,
        "activePlayerCount": 133,
        "LinkVideo": "https://files.catbox.moe/0e1hdd.webm",
        "LinkMp3": "https://files.catbox.moe/58as26.mp3"
    },
    {
        "animeEng": "No Game No Life",
        "animeRomaji": "No Game No Life",
        "songName": "Onegai\u2606Snyaiper",
        "artist": "Miyuki Sawashiro",
        "type": "Opening 2",
        "correctCount": 118,
        "startTime": 18,
        "songDuration": 88.68,
        "songNumber": 29,
        "activePlayerCount": 133,
        "LinkVideo": "https://files.catbox.moe/pm2xg1.webm",
        "LinkMp3": "https://files.catbox.moe/0fa9oc.mp3"
    },
    {
        "animeEng": "Hell Kindergarten",
        "animeRomaji": "Jigoku Youchien",
        "songName": "Zekkyou\u2605Jigocremation",
        "artist": "Kana Asumi to Sakebu Jigoku-tai",
        "type": "Opening 1",
        "correctCount": 5,
        "startTime": 0,
        "songDuration": 36.696,
        "songNumber": 30,
        "activePlayerCount": 133,
        "LinkVideo": "https://files.catbox.moe/r33zhh.webm",
        "LinkMp3": "https://files.catbox.moe/5309db.mp3",
        "correctPlayers": [
            "ThiccThighs",
            "JESSMI2",
            "YoshiNubao",
            "yahallonyanpasu",
            "Spitzell"
        ]
    },
    {
        "animeEng": "Tokyo Mew Mew",
        "animeRomaji": "Tokyo Mew Mew",
        "songName": "my sweet heart",
        "artist": "Rika Komatsu",
        "type": "Opening 1",
        "correctCount": 27,
        "startTime": 55,
        "songDuration": 89.448,
        "songNumber": 31,
        "activePlayerCount": 133,
        "LinkVideo": "https://files.catbox.moe/yucean.webm",
        "LinkMp3": "https://files.catbox.moe/doqoxs.mp3"
    },
    {
        "animeEng": "Pok\u00e9mon 4Ever",
        "animeRomaji": "Pocket Monsters: Celebi Toki o Koeta Deai",
        "songName": "CELE-B-R-A-T-E",
        "artist": "Russell Velazquez",
        "type": "Ending 1",
        "correctCount": 15,
        "startTime": 16,
        "songDuration": 274.848,
        "songNumber": 32,
        "activePlayerCount": 133,
        "LinkVideo": "https://files.catbox.moe/941p1f.webm",
        "LinkMp3": "https://files.catbox.moe/cum79g.mp3"
    },
    {
        "animeEng": "Takamiya Nasuno Desu!",
        "animeRomaji": "Takamiya Nasuno Desu!",
        "songName": "Kogane no Kinderella ~Gozen 0-ji ni Mah\u014d wa Hodokezu~",
        "artist": "Ky\u014dko Narumi",
        "type": "Opening 1",
        "correctCount": 46,
        "startTime": 0,
        "songDuration": 29.064,
        "songNumber": 33,
        "activePlayerCount": 132,
        "LinkVideo": "https://files.catbox.moe/n0av83.webm",
        "LinkMp3": "https://files.catbox.moe/th2pnm.mp3"
    },
    {
        "animeEng": "Eiga Dokidoki! Precure Mana Kekkon!!? Mirai ni Tsunagu Kib\u014d no Dress",
        "animeRomaji": "Eiga Dokidoki! Precure Mana Kekkon!!? Mirai ni Tsunagu Kib\u014d no Dress",
        "songName": "Love Link",
        "artist": "Hitomi Yoshida",
        "type": "Ending 1",
        "correctCount": 30,
        "startTime": 15,
        "songDuration": 122.424,
        "songNumber": 34,
        "activePlayerCount": 130,
        "LinkVideo": "https://files.catbox.moe/z5nu1n.webm",
        "LinkMp3": "https://files.catbox.moe/rrmsns.mp3"
    },
    {
        "animeEng": "Morita-san wa Mukuchi.",
        "animeRomaji": "Morita-san wa Mukuchi.",
        "songName": "Motto Aishiaimasho",
        "artist": "Iori Nomizu",
        "type": "Opening 1",
        "correctCount": 35,
        "startTime": 0,
        "songDuration": 28.848,
        "songNumber": 35,
        "activePlayerCount": 130,
        "LinkVideo": "https://files.catbox.moe/uwdjhp.webm",
        "LinkMp3": "https://files.catbox.moe/ad8iti.mp3"
    },
    {
        "animeEng": "BEASTARS",
        "animeRomaji": "BEASTARS",
        "songName": "Kaibutsu",
        "artist": "YOASOBI",
        "type": "Opening 1",
        "correctCount": 78,
        "startTime": 38,
        "songDuration": 87.096,
        "songNumber": 36,
        "activePlayerCount": 129,
        "LinkVideo": "https://files.catbox.moe/t3j0fc.webm",
        "LinkMp3": "https://files.catbox.moe/w7mtjf.mp3"
    },
    {
        "animeEng": "Food Wars! Shokugeki no Soma",
        "animeRomaji": "Shokugeki no S\u014dma",
        "songName": "Rising Rainbow",
        "artist": "Misokkasu",
        "type": "Opening 2",
        "correctCount": 84,
        "startTime": 15,
        "songDuration": 89.568,
        "songNumber": 37,
        "activePlayerCount": 130,
        "LinkVideo": "https://files.catbox.moe/1zpjt7.webm",
        "LinkMp3": "https://files.catbox.moe/3ly1h2.mp3"
    },
    {
        "animeEng": "Outbreak Company",
        "animeRomaji": "Outbreak Company - Moeru Shinryakusha",
        "songName": "Univer Page",
        "artist": "Suzuko Mimori",
        "type": "Opening 1",
        "correctCount": 77,
        "startTime": 48,
        "songDuration": 88.392,
        "songNumber": 38,
        "activePlayerCount": 130,
        "LinkVideo": "https://files.catbox.moe/tfuxkq.webm",
        "LinkMp3": "https://files.catbox.moe/1kqk9z.mp3"
    },
    {
        "animeEng": "Gegege no Kitar\u014d",
        "animeRomaji": "Gegege no Kitar\u014d",
        "songName": "Gegege no Kitaro",
        "artist": "Ikuzo Yoshi",
        "type": "Opening 1",
        "correctCount": 122,
        "startTime": 30,
        "songDuration": 87.768,
        "songNumber": 39,
        "activePlayerCount": 130,
        "LinkVideo": "https://files.catbox.moe/piqgnu.webm",
        "LinkMp3": "https://files.catbox.moe/zaurv4.mp3"
    },
    {
        "animeEng": "Bungo Stray Dogs Wan!",
        "animeRomaji": "Bungo Stray Dogs Wan!",
        "songName": "Namae o Yobu yo",
        "artist": "Y\u016bto Uemura",
        "type": "Ending 1",
        "correctCount": 44,
        "startTime": 53,
        "songDuration": 88.944,
        "songNumber": 40,
        "activePlayerCount": 130,
        "LinkVideo": "https://files.catbox.moe/3umuy9.webm",
        "LinkMp3": "https://files.catbox.moe/eb8esu.mp3"
    },
    {
        "animeEng": "One Piece",
        "animeRomaji": "One Piece",
        "songName": "Binks no Sake",
        "artist": "Mugiwara no Ichimi",
        "type": "Insert Song",
        "correctCount": 71,
        "startTime": 131,
        "songDuration": 187.529838,
        "songNumber": 41,
        "activePlayerCount": 129,
        "LinkVideo": "https://files.catbox.moe/64zre5.webm",
        "LinkMp3": "https://files.catbox.moe/123syi.mp3"
    },
    {
        "animeEng": "Maria\u2020Holic Alive",
        "animeRomaji": "Maria\u2020Holic Alive",
        "songName": "M\u014ds\u014d Senshi Miyamae Kanako",
        "artist": "Tomokazu Sugita feat. Amenokisaki Sisters",
        "type": "Opening 1",
        "correctCount": 3,
        "startTime": 25,
        "songDuration": 88.416,
        "songNumber": 42,
        "activePlayerCount": 129,
        "LinkVideo": "https://files.catbox.moe/2yezt5.webm",
        "LinkMp3": "https://files.catbox.moe/hxu4ag.mp3",
        "correctPlayers": [
            "pepis",
            "YoshiNubao",
            "Gianlu310"
        ]
    },
    {
        "animeEng": "Sh\u014dwa Genroku Rakugo Shinj\u016b",
        "animeRomaji": "Sh\u014dwa Genroku Rakugo Shinj\u016b",
        "songName": "Kawa, Taredoki",
        "artist": "Kana Shibue",
        "type": "Ending 1",
        "correctCount": 21,
        "startTime": 26,
        "songDuration": 89.208,
        "songNumber": 43,
        "activePlayerCount": 129,
        "LinkVideo": "https://files.catbox.moe/s0eaqz.webm",
        "LinkMp3": "https://files.catbox.moe/en8lll.mp3"
    },
    {
        "animeEng": "Kai Doh Maru",
        "animeRomaji": "Kai Doh Maru",
        "songName": "Aisuru Koto ga Boku wo Ugokasu",
        "artist": "Akira Hiro",
        "type": "Ending 1",
        "correctCount": 0,
        "startTime": 256,
        "songDuration": 321.048,
        "songNumber": 44,
        "activePlayerCount": 128,
        "LinkVideo": "https://files.catbox.moe/ugwr77.webm",
        "LinkMp3": "https://files.catbox.moe/uufbai.mp3"
    },
    {
        "animeEng": "Mah\u014dtsukai Chappy",
        "animeRomaji": "Mah\u014dtsukai Chappy",
        "songName": "Don-chan no Uta",
        "artist": "Kousei Tomita",
        "type": "Ending 1",
        "correctCount": 11,
        "startTime": 0,
        "songDuration": 27,
        "songNumber": 45,
        "activePlayerCount": 126,
        "LinkVideo": "https://files.catbox.moe/r7hqz3.webm",
        "LinkMp3": "https://files.catbox.moe/we7qa4.mp3"
    },
    {
        "animeEng": "Chi's Sweet Home",
        "animeRomaji": "Chi's Sweet Home",
        "songName": "Ouchi ga Ichiban",
        "artist": "Satomi Koorogi",
        "type": "Opening 1",
        "correctCount": 62,
        "startTime": 0,
        "songDuration": 30,
        "songNumber": 46,
        "activePlayerCount": 127,
        "LinkVideo": "https://files.catbox.moe/rwav9k.webm",
        "LinkMp3": "https://files.catbox.moe/b049fq.mp3"
    },
    {
        "animeEng": "Tsugumomo",
        "animeRomaji": "Tsugumomo",
        "songName": "METAMORISER",
        "artist": "Band Ja Naimon!",
        "type": "Opening 1",
        "correctCount": 34,
        "startTime": 29,
        "songDuration": 89.04,
        "songNumber": 47,
        "activePlayerCount": 127,
        "LinkVideo": "https://files.catbox.moe/t29h7x.webm",
        "LinkMp3": "https://files.catbox.moe/h1fa24.mp3"
    },
    {
        "animeEng": "Samurai: Hunt for the Sword",
        "animeRomaji": "Samurai: Hunt for the Sword",
        "songName": "Daisuki nano ni...",
        "artist": "Machiko Toyoshima",
        "type": "Ending 2",
        "correctCount": 1,
        "startTime": 5,
        "songDuration": 91.848,
        "songNumber": 48,
        "activePlayerCount": 127,
        "LinkVideo": "https://files.catbox.moe/f37fv1.webm",
        "LinkMp3": "https://files.catbox.moe/lbz9tz.mp3",
        "correctPlayers": [
            "yahallonyanpasu"
        ]
    },
    {
        "animeEng": "A Place Further Than the Universe",
        "animeRomaji": "Sora yori mo T\u014di Basho",
        "songName": "Haruka Tooku",
        "artist": "saya",
        "type": "Insert Song",
        "correctCount": 62,
        "startTime": 36,
        "songDuration": 138.24,
        "songNumber": 49,
        "activePlayerCount": 127,
        "LinkVideo": "https://files.catbox.moe/m0zi28.webm",
        "LinkMp3": "https://files.catbox.moe/lbndw1.mp3"
    },
    {
        "animeEng": "Lucky Star",
        "animeRomaji": "Lucky Star",
        "songName": "Ai wa Boomerang",
        "artist": "Minoru Shiraishi",
        "type": "Ending 24",
        "correctCount": 100,
        "startTime": 18,
        "songDuration": 88.997654,
        "songNumber": 50,
        "activePlayerCount": 128,
        "LinkVideo": "https://files.catbox.moe/coqzyk.webm",
        "LinkMp3": "https://files.catbox.moe/lri182.mp3"
    },
    {
        "animeEng": "Keith Courage",
        "animeRomaji": "Mashin Eiy\u016bden Wataru",
        "songName": "STEP",
        "artist": "a\u30fbchi-a\u30fbchi",
        "type": "Opening 1",
        "correctCount": 7,
        "startTime": 20,
        "songDuration": 89.712,
        "songNumber": 51,
        "activePlayerCount": 127,
        "LinkVideo": "https://files.catbox.moe/9lxkkt.webm",
        "LinkMp3": "https://files.catbox.moe/n1t8kb.mp3"
    },
    {
        "animeEng": "Bakugan Battle Brawlers",
        "animeRomaji": "Bakugan Battle Brawlers",
        "songName": "Namidaguse",
        "artist": "Yong-pil Cho",
        "type": "Insert Song",
        "correctCount": 3,
        "startTime": 16,
        "songDuration": 50.904,
        "songNumber": 52,
        "activePlayerCount": 127,
        "LinkVideo": "https://files.catbox.moe/3nhscr.webm",
        "LinkMp3": "https://files.catbox.moe/jh895b.mp3",
        "correctPlayers": [
            "Shuuka",
            "pondzaza032",
            "Gianlu310"
        ]
    },
    {
        "animeEng": "D.Gray-man",
        "animeRomaji": "D.Gray-man",
        "songName": "Antoinette Blue",
        "artist": "Nana Kitade",
        "type": "Ending 4",
        "correctCount": 11,
        "startTime": 47,
        "songDuration": 87,
        "songNumber": 53,
        "activePlayerCount": 127,
        "LinkVideo": "https://files.catbox.moe/73e03x.webm",
        "LinkMp3": "https://files.catbox.moe/sy0nss.mp3"
    },
    {
        "animeEng": "D4DJ First Mix",
        "animeRomaji": "D4DJ First Mix",
        "songName": "Denran\u2606Countdown",
        "artist": "Peaky P-Key",
        "type": "Insert Song",
        "correctCount": 61,
        "startTime": 75,
        "songDuration": 109.536,
        "songNumber": 54,
        "activePlayerCount": 127,
        "LinkVideo": "https://files.catbox.moe/sd1ew5.webm",
        "LinkMp3": "https://files.catbox.moe/qf1p1b.mp3"
    },
    {
        "animeEng": "Magi: The Labyrinth of Magic",
        "animeRomaji": "Magi: The Labyrinth of Magic",
        "songName": "V.I.P",
        "artist": "SID",
        "type": "Opening 1",
        "correctCount": 63,
        "startTime": 7,
        "songDuration": 90.12,
        "songNumber": 55,
        "activePlayerCount": 126,
        "LinkVideo": "https://files.catbox.moe/1q73ip.webm",
        "LinkMp3": "https://files.catbox.moe/ttswr8.mp3"
    },
    {
        "animeEng": "Scramble Wars",
        "animeRomaji": "Scramble Wars - Tsuppashire! Genom Trophy Rally",
        "songName": "Cinderella nanka Tsumaranai",
        "artist": "WIZ\u2022KISS",
        "type": "Opening 1",
        "correctCount": 1,
        "startTime": 116,
        "songDuration": 203.664,
        "songNumber": 56,
        "activePlayerCount": 126,
        "LinkVideo": "https://files.catbox.moe/2zm19i.webm",
        "LinkMp3": "https://files.catbox.moe/sjfbnv.mp3",
        "correctPlayers": [
            "yahallonyanpasu"
        ]
    },
    {
        "animeEng": "Steel Angel Kurumi Encore",
        "animeRomaji": "Koutetsu Tenshi Kurumi Encore",
        "songName": "Kiss Kara Hajimaru Miracle",
        "artist": "STEEL ANGELS",
        "type": "Opening 1",
        "correctCount": 17,
        "startTime": 46,
        "songDuration": 86.256,
        "songNumber": 57,
        "activePlayerCount": 125,
        "LinkVideo": "https://files.catbox.moe/krmqc2.webm",
        "LinkMp3": "https://files.catbox.moe/2qy6yu.mp3"
    },
    {
        "animeEng": "The Idolm@ster SideM",
        "animeRomaji": "The Idolm@ster SideM",
        "songName": "HIGH JUMP NO LIMIT",
        "artist": "High\u00d7Joker",
        "type": "Insert Song",
        "correctCount": 8,
        "startTime": 9,
        "songDuration": 63.24,
        "songNumber": 58,
        "activePlayerCount": 125,
        "LinkVideo": "https://files.catbox.moe/cynzp6.webm",
        "LinkMp3": "https://files.catbox.moe/1ihn5m.mp3"
    },
    {
        "animeEng": "New Legend of the Heroes of the Warring Nations - The Ten Sanada Brave Soldiers",
        "animeRomaji": "Shinshaku Sengoku Eiy\u016b Densetsu - Sanada J\u016b Y\u016bshi The Animation",
        "songName": "Setsuna",
        "artist": "Hiromitsu Agatsuma",
        "type": "Opening 1",
        "correctCount": 5,
        "startTime": 42,
        "songDuration": 109.56,
        "songNumber": 59,
        "activePlayerCount": 126,
        "LinkVideo": "https://files.catbox.moe/4r5vm7.webm",
        "LinkMp3": "https://files.catbox.moe/3oezlu.mp3",
        "correctPlayers": [
            "Hooman",
            "AIsex",
            "ThiccThighs",
            "sircurrie",
            "YumKungMaNowSod"
        ]
    },
    {
        "animeEng": "Appleseed",
        "animeRomaji": "Appleseed",
        "songName": "Dive For You",
        "artist": "BOOM BOOM SATELLITES",
        "type": "Insert Song",
        "correctCount": 6,
        "startTime": 56,
        "songDuration": 113.064,
        "songNumber": 60,
        "activePlayerCount": 124,
        "LinkVideo": "https://files.catbox.moe/iljq2b.webm",
        "LinkMp3": "https://files.catbox.moe/pirwo4.mp3"
    },
    {
        "animeEng": "Last Exile",
        "animeRomaji": "Last Exile",
        "songName": "Rays of hope",
        "artist": "Hitomi",
        "type": "Insert Song",
        "correctCount": 4,
        "startTime": 35,
        "songDuration": 88.944,
        "songNumber": 61,
        "activePlayerCount": 124,
        "LinkVideo": "https://files.catbox.moe/17x41y.webm",
        "LinkMp3": "https://files.catbox.moe/ng4bzu.mp3",
        "correctPlayers": [
            "Chimera",
            "yahallonyanpasu",
            "weavedheart",
            "TKN"
        ]
    },
    {
        "animeEng": "Actually, I Am\u2026",
        "animeRomaji": "Jitsu wa Watashi wa",
        "songName": "Himitsu o Ch\u014ddai",
        "artist": "Ars Magna",
        "type": "Opening 1",
        "correctCount": 46,
        "startTime": 18,
        "songDuration": 89.568,
        "songNumber": 62,
        "activePlayerCount": 125,
        "LinkVideo": "https://files.catbox.moe/s7ja7x.webm",
        "LinkMp3": "https://files.catbox.moe/mvas6d.mp3"
    },
    {
        "animeEng": "Kinnikuman: Scramble for the Throne",
        "animeRomaji": "Kinnikuman: Kinnikusei \u014ci S\u014ddatsu-hen",
        "songName": "Getsu! Ka! Sui! Moku! Kinnikuman!",
        "artist": "Kent Derricott",
        "type": "Ending 1",
        "correctCount": 0,
        "startTime": 15,
        "songDuration": 67.704,
        "songNumber": 63,
        "activePlayerCount": 125,
        "LinkVideo": "https://files.catbox.moe/iqqsoq.webm",
        "LinkMp3": "https://files.catbox.moe/ifk322.mp3"
    },
    {
        "animeEng": "Miss Critical Moment",
        "animeRomaji": "Ippatsu Kiki Musume",
        "songName": "Negai ga kanau youni",
        "artist": "LINDBERG",
        "type": "Opening 1",
        "correctCount": 21,
        "startTime": 10,
        "songDuration": 44.877596,
        "songNumber": 64,
        "activePlayerCount": 125,
        "LinkVideo": "https://files.catbox.moe/jx1wda.webm",
        "LinkMp3": "https://files.catbox.moe/edovxt.mp3"
    },
    {
        "animeEng": "THE IDOLM@STER MOVIE: Beyond the Brilliant Future!",
        "animeRomaji": "THE IDOLM@STER MOVIE: Kagayaki no Muk\u014dgawa e!",
        "songName": "The iDOLM@STER",
        "artist": "765PRO ALLSTARS",
        "type": "Opening 1",
        "correctCount": 63,
        "startTime": 72,
        "songDuration": 160.2,
        "songNumber": 65,
        "activePlayerCount": 125,
        "LinkVideo": "https://files.catbox.moe/hkgibf.webm",
        "LinkMp3": "https://files.catbox.moe/9ys2n3.mp3"
    },
    {
        "animeEng": "The Garden of Sinners",
        "animeRomaji": "Kara no Ky\u014dkai",
        "songName": "oblivious",
        "artist": "Kalafina",
        "type": "Ending 1",
        "correctCount": 32,
        "startTime": 22,
        "songDuration": 257.928,
        "songNumber": 66,
        "activePlayerCount": 124,
        "LinkVideo": "https://files.catbox.moe/k9uy9r.webm",
        "LinkMp3": "https://files.catbox.moe/6ocmdl.mp3"
    },
    {
        "animeEng": "Hetalia Axis Powers: Paint it, White!",
        "animeRomaji": "Hetalia Axis Powers: Paint it, White!",
        "songName": "WA! Wa!! World Ondo",
        "artist": "World 8",
        "type": "Ending 1",
        "correctCount": 4,
        "startTime": 53,
        "songDuration": 129.072,
        "songNumber": 67,
        "activePlayerCount": 124,
        "LinkVideo": "https://files.catbox.moe/kazz8i.webm",
        "LinkMp3": "https://files.catbox.moe/ga1w0a.mp3",
        "correctPlayers": [
            "AIsex",
            "TeekyuOnly",
            "Diukes",
            "ki_mera"
        ]
    },
    {
        "animeEng": "When They Cry",
        "animeRomaji": "Higurashi no Naku Koro ni",
        "songName": "why, or why not",
        "artist": "Rekka Katakiri",
        "type": "Ending 1",
        "correctCount": 67,
        "startTime": 1,
        "songDuration": 89.736,
        "songNumber": 68,
        "activePlayerCount": 124,
        "LinkVideo": "https://files.catbox.moe/69phlq.webm",
        "LinkMp3": "https://files.catbox.moe/6f66qv.mp3"
    },
    {
        "animeEng": "RahXephon",
        "animeRomaji": "RahXephon",
        "songName": "Hemisphere",
        "artist": "Maaya Sakamoto",
        "type": "Opening 1",
        "correctCount": 44,
        "startTime": 4,
        "songDuration": 89.544,
        "songNumber": 69,
        "activePlayerCount": 125,
        "LinkVideo": "https://files.catbox.moe/jhexhu.webm",
        "LinkMp3": "https://files.catbox.moe/ibbuk3.mp3"
    },
    {
        "animeEng": "Kemono Michi: Rise Up",
        "animeRomaji": "Hataage! Kemono Michi",
        "songName": "Anecdote",
        "artist": "Momosumomosu",
        "type": "Ending 1",
        "correctCount": 39,
        "startTime": 27,
        "songDuration": 88.848,
        "songNumber": 70,
        "activePlayerCount": 125,
        "LinkVideo": "https://files.catbox.moe/7xne3x.webm",
        "LinkMp3": "https://files.catbox.moe/7pp6c6.mp3"
    },
    {
        "animeEng": "Rescue Me!",
        "animeRomaji": "Rescue Me!",
        "songName": "Kyun\u2665Kyun everyday",
        "artist": "Aoki Haruko",
        "type": "Opening 1",
        "correctCount": 20,
        "startTime": 19,
        "songDuration": 61.536,
        "songNumber": 71,
        "activePlayerCount": 125,
        "LinkVideo": "https://files.catbox.moe/3e29db.webm",
        "LinkMp3": "https://files.catbox.moe/xhky2l.mp3"
    },
    {
        "animeEng": "Steel Angel Kurumi",
        "animeRomaji": "K\u014dtetsu Tenshi Kurumi",
        "songName": "Kiss Kara Hajimaru Miracle",
        "artist": "STEEL ANGELS",
        "type": "Ending 2",
        "correctCount": 44,
        "startTime": 105,
        "songDuration": 179.352,
        "songNumber": 72,
        "activePlayerCount": 125,
        "LinkVideo": "https://files.catbox.moe/a5npy8.webm",
        "LinkMp3": "https://files.catbox.moe/ovhsv4.mp3"
    },
    {
        "animeEng": "B-PROJECT-Zecch\u014d Emotion-",
        "animeRomaji": "B-PROJECT-Zecch\u014d Emotion-",
        "songName": "Hikari to Kage no Toki Musubu",
        "artist": "Kitakore",
        "type": "Ending 4",
        "correctCount": 0,
        "startTime": 29,
        "songDuration": 88.997654,
        "songNumber": 73,
        "activePlayerCount": 124,
        "LinkVideo": "https://files.catbox.moe/p15hn3.webm",
        "LinkMp3": "https://files.catbox.moe/pm2yyb.mp3"
    },
    {
        "animeEng": "THE IDOLM@STER Cinderella Girls Theater: Extra Stage",
        "animeRomaji": "The IDOLM@STER Cinderella Girls Gekij\u014d: Extra Stage",
        "songName": "Diamond Attention",
        "artist": "Rarisa Tago Takeda, Arisa Date, Chiyo Tomaru, Ikuta Teru, Misa Kayama",
        "type": "Ending 5",
        "correctCount": 7,
        "startTime": 0,
        "songDuration": 28.896,
        "songNumber": 74,
        "activePlayerCount": 123,
        "LinkVideo": "https://files.catbox.moe/cyw6s2.webm",
        "LinkMp3": "https://files.catbox.moe/fpx342.mp3"
    },
    {
        "animeEng": "Patlabor The Mobile Police",
        "animeRomaji": "Kid\u014d Keisatsu Patlabor",
        "songName": "Miraiha Lovers",
        "artist": "Hiroko Kasahara",
        "type": "Opening 1",
        "correctCount": 36,
        "startTime": 37,
        "songDuration": 91.16578,
        "songNumber": 75,
        "activePlayerCount": 121,
        "LinkVideo": "https://files.catbox.moe/wslza7.webm",
        "LinkMp3": "https://files.catbox.moe/kknl1l.mp3"
    }
]