[
    {
        "animeEng": "Forest of Piano",
        "animeRomaji": "Piano no Mori",
        "songName": "Kaeru Basho ga Aru to Iu Koto",
        "artist": "Aoi Y\u016bki",
        "type": "Ending 1",
        "correctCount": 5,
        "startTime": 26,
        "songDuration": 88.704,
        "songNumber": 1,
        "activePlayerCount": 246,
        "LinkVideo": "https://files.catbox.moe/r67yd1.webm",
        "LinkMp3": "https://files.catbox.moe/7z01lq.mp3",
        "correctPlayers": [
            "MIssMcPhisto",
            "klusty",
            "Derramao",
            "Noko916",
            "kiyozi"
        ]
    },
    {
        "animeEng": "Wonder 3",
        "animeRomaji": "Wonder 3",
        "songName": "Wonder Three",
        "artist": "Vocal Shop",
        "type": "Opening 1",
        "correctCount": 41,
        "startTime": 16,
        "songDuration": 68.064,
        "songNumber": 2,
        "activePlayerCount": 246,
        "LinkVideo": "https://files.catbox.moe/u3mlnu.webm",
        "LinkMp3": "https://files.catbox.moe/k1vyv5.mp3"
    },
    {
        "animeEng": "Hakata Mentai! Pirikarako-chan",
        "animeRomaji": "Hakata Mentai! Pirikarako-chan",
        "songName": "Hakata Mentai! Pirikarako-chan",
        "artist": "Hiyori Kouno",
        "type": "Opening 1",
        "correctCount": 22,
        "startTime": 0,
        "songDuration": 27.936,
        "songNumber": 3,
        "activePlayerCount": 246,
        "LinkVideo": "https://files.catbox.moe/14s456.webm",
        "LinkMp3": "https://files.catbox.moe/1u6l8w.mp3"
    },
    {
        "animeEng": "A Certain Scientific Railgun T",
        "animeRomaji": "Toaru Kagaku no Railgun T",
        "songName": "final phase",
        "artist": "fripSide",
        "type": "Opening 1",
        "correctCount": 121,
        "startTime": 8,
        "songDuration": 88.944,
        "songNumber": 4,
        "activePlayerCount": 244,
        "LinkVideo": "https://files.catbox.moe/4acjy1.webm",
        "LinkMp3": "https://files.catbox.moe/h5qmqc.mp3"
    },
    {
        "animeEng": "Magical Angel Creamy Mami: Forever Once More",
        "animeRomaji": "Mah\u014d no Tenshi Creamy Mami: Eien no Once More",
        "songName": "Delicate ni Sukishite",
        "artist": "Takako Ohta",
        "type": "Opening 1",
        "correctCount": 30,
        "startTime": 14,
        "songDuration": 80.328,
        "songNumber": 5,
        "activePlayerCount": 243,
        "LinkVideo": "https://files.catbox.moe/1x7ny3.webm",
        "LinkMp3": "https://files.catbox.moe/mdqu8p.mp3"
    },
    {
        "animeEng": "Owarimonogatari",
        "animeRomaji": "Owarimonogatari",
        "songName": "dark cherry mystery",
        "artist": "Kaori Mizuhashi",
        "type": "Opening 3",
        "correctCount": 114,
        "startTime": 9,
        "songDuration": 90.192,
        "songNumber": 6,
        "activePlayerCount": 242,
        "LinkVideo": "https://files.catbox.moe/nmg5ha.webm",
        "LinkMp3": "https://files.catbox.moe/grpve2.mp3"
    },
    {
        "animeEng": "All Purpose Cultural Cat Girl Nuku Nuku",
        "animeRomaji": "Bann\u014d Bunka Neko-Musume",
        "songName": "Oyasuminasai Ashita wa Ohayou",
        "artist": "Megumi Hayashibara",
        "type": "Ending 1",
        "correctCount": 6,
        "startTime": 38,
        "songDuration": 74.016,
        "songNumber": 7,
        "activePlayerCount": 242,
        "LinkVideo": "https://files.catbox.moe/mhysvs.webm",
        "LinkMp3": "https://files.catbox.moe/x5yfpk.mp3"
    },
    {
        "animeEng": "Zenki",
        "animeRomaji": "Kishin D\u014dji Zenki",
        "songName": "Kishin Douji ZENKI",
        "artist": "Hironobu Kageyama",
        "type": "Ending 4",
        "correctCount": 9,
        "startTime": 3,
        "songDuration": 81.84,
        "songNumber": 8,
        "activePlayerCount": 242,
        "LinkVideo": "https://files.catbox.moe/6so7js.webm",
        "LinkMp3": "https://files.catbox.moe/0ji4ix.mp3"
    },
    {
        "animeEng": "Monogatari Series Second Season",
        "animeRomaji": "Monogatari Series Second Season",
        "songName": "fast love",
        "artist": "Chiwa Saito",
        "type": "Opening 5",
        "correctCount": 123,
        "startTime": 26,
        "songDuration": 90.072,
        "songNumber": 9,
        "activePlayerCount": 242,
        "LinkVideo": "https://files.catbox.moe/osw3we.webm",
        "LinkMp3": "https://files.catbox.moe/p1mdt0.mp3"
    },
    {
        "animeEng": "My Hero Academia",
        "animeRomaji": "Boku no Hero Academia",
        "songName": "Make my story",
        "artist": "Lenny code fiction",
        "type": "Opening 2",
        "correctCount": 186,
        "startTime": 45,
        "songDuration": 89.568,
        "songNumber": 10,
        "activePlayerCount": 242,
        "LinkVideo": "https://files.catbox.moe/8akl3n.webm",
        "LinkMp3": "https://files.catbox.moe/k6v6rr.mp3"
    },
    {
        "animeEng": "Sindbad the Sailor",
        "animeRomaji": "Arabian Night: Sinbad no B\u014dken",
        "songName": "Sinbad no Bouken",
        "artist": "Mitsuko Horie",
        "type": "Opening 1",
        "correctCount": 59,
        "startTime": 16,
        "songDuration": 67.248,
        "songNumber": 11,
        "activePlayerCount": 242,
        "LinkVideo": "https://files.catbox.moe/pn5lga.webm",
        "LinkMp3": "https://files.catbox.moe/jku9sd.mp3"
    },
    {
        "animeEng": "You're Being Summoned, Azazel Z",
        "animeRomaji": "Yondemasu yo, Azazel-san. Z",
        "songName": "Momomomomossan no Theme",
        "artist": "Daisuke Namikawa",
        "type": "Opening 1",
        "correctCount": 4,
        "startTime": 13,
        "songDuration": 60.84,
        "songNumber": 12,
        "activePlayerCount": 241,
        "LinkVideo": "https://files.catbox.moe/ukrv4r.webm",
        "LinkMp3": "https://files.catbox.moe/rm2tvj.mp3",
        "correctPlayers": [
            "oh95",
            "watashiii",
            "fokha",
            "gaaw"
        ]
    },
    {
        "animeEng": "Mobile Suit Gundam",
        "animeRomaji": "Kid\u014d Senshi Gundam",
        "songName": "Char ga Kuru",
        "artist": "Kouichiro Hori",
        "type": "Insert Song",
        "correctCount": 25,
        "startTime": 9,
        "songDuration": 78.408,
        "songNumber": 13,
        "activePlayerCount": 240,
        "LinkVideo": "https://files.catbox.moe/krbeuj.webm",
        "LinkMp3": "https://files.catbox.moe/euqyxr.mp3"
    },
    {
        "animeEng": "Grimgar, Ashes and Illusions",
        "animeRomaji": "Hai to Gens\u014d no Grimgar",
        "songName": "Rainy Tone",
        "artist": "(K)NoW_NAME:NIKIIE",
        "type": "Insert Song",
        "correctCount": 9,
        "startTime": 104,
        "songDuration": 186.984,
        "songNumber": 14,
        "activePlayerCount": 238,
        "LinkVideo": "https://files.catbox.moe/rpk4fm.webm",
        "LinkMp3": "https://files.catbox.moe/9xmsl4.mp3"
    },
    {
        "animeEng": "Mad\u014d King Granzort: The Final Magical Battle",
        "animeRomaji": "Mad\u014d King Granzort: The Final Magical Battle",
        "songName": "Hororechuchuparero",
        "artist": "Tomoko Tokugaki",
        "type": "Ending 1",
        "correctCount": 2,
        "startTime": 6,
        "songDuration": 69.048,
        "songNumber": 15,
        "activePlayerCount": 236,
        "LinkVideo": "https://files.catbox.moe/jorrfp.webm",
        "LinkMp3": "https://files.catbox.moe/6tbgt9.mp3",
        "correctPlayers": [
            "Blacky_Doll",
            "watashiii"
        ]
    },
    {
        "animeEng": "Himitsu no Akko-chan",
        "animeRomaji": "Himitsu no Akko-chan",
        "songName": "Himitsu no Akko-chan",
        "artist": "Satoko Shimonari",
        "type": "Opening 1",
        "correctCount": 101,
        "startTime": 16,
        "songDuration": 83.904,
        "songNumber": 16,
        "activePlayerCount": 236,
        "LinkVideo": "https://files.catbox.moe/oknht4.webm",
        "LinkMp3": "https://files.catbox.moe/ofkee4.mp3"
    },
    {
        "animeEng": "Koyomimonogatari",
        "animeRomaji": "Koyomimonogatari",
        "songName": "mein schatz",
        "artist": "Mito",
        "type": "Opening 9",
        "correctCount": 113,
        "startTime": 18,
        "songDuration": 59.496,
        "songNumber": 17,
        "activePlayerCount": 236,
        "LinkVideo": "https://files.catbox.moe/f4wxb1.webm",
        "LinkMp3": "https://files.catbox.moe/lhtzpi.mp3"
    },
    {
        "animeEng": "Initial D",
        "animeRomaji": "Initial D",
        "songName": "over drive",
        "artist": "move",
        "type": "Insert Song",
        "correctCount": 41,
        "startTime": 0,
        "songDuration": 26.448,
        "songNumber": 18,
        "activePlayerCount": 234,
        "LinkVideo": "https://files.catbox.moe/rohyj4.webm",
        "LinkMp3": "https://files.catbox.moe/b4s4kt.mp3"
    },
    {
        "animeEng": "Gegege no Kitar\u014d: Daikaij\u016b",
        "animeRomaji": "Gegege no Kitar\u014d: Daikaij\u016b",
        "songName": "Gegege no Kitar\u014d",
        "artist": "Ukadan",
        "type": "Opening 1",
        "correctCount": 208,
        "startTime": 11,
        "songDuration": 93.144,
        "songNumber": 19,
        "activePlayerCount": 232,
        "LinkVideo": "https://files.catbox.moe/0whl6d.webm",
        "LinkMp3": "https://files.catbox.moe/83f6ze.mp3"
    },
    {
        "animeEng": "Natsume's Book of Friends Season 1",
        "animeRomaji": "Natsume Y\u016bjinch\u014d",
        "songName": "Issei no Sei",
        "artist": "Sh\u016bhei Kita",
        "type": "Opening 1",
        "correctCount": 79,
        "startTime": 2,
        "songDuration": 89.568,
        "songNumber": 20,
        "activePlayerCount": 232,
        "LinkVideo": "https://files.catbox.moe/4qcxgl.webm",
        "LinkMp3": "https://files.catbox.moe/s2c73z.mp3"
    },
    {
        "animeEng": "Inferno Cop",
        "animeRomaji": "Inferno Cop",
        "songName": "Die Hollen Polizei",
        "artist": "Juriano Hagiwara feat. Tsukasa Matsubara",
        "type": "Ending 1",
        "correctCount": 82,
        "startTime": 0,
        "songDuration": 29.099908,
        "songNumber": 21,
        "activePlayerCount": 232,
        "LinkVideo": "https://files.catbox.moe/312yu3.webm",
        "LinkMp3": "https://files.catbox.moe/wiqozk.mp3"
    },
    {
        "animeEng": "Harukanaru Toki no Naka de 3: Kurenai no Tsuki",
        "animeRomaji": "Harukanaru Toki no Naka de 3: Kurenai no Tsuki",
        "songName": "Unmei no Tsuki wa Kurenai",
        "artist": "Souichiro Hoshi, Kouki Miyata & Naozumi Takahashi",
        "type": "Opening 1",
        "correctCount": 1,
        "startTime": 37,
        "songDuration": 87.848286,
        "songNumber": 22,
        "activePlayerCount": 231,
        "LinkVideo": "https://files.catbox.moe/b4lws0.webm",
        "LinkMp3": "https://files.catbox.moe/6tgbnz.mp3",
        "correctPlayers": [
            "TowaSamaTenshi"
        ]
    },
    {
        "animeEng": "Domestic Girlfriend",
        "animeRomaji": "Domestic na Kanojo",
        "songName": "Lilac",
        "artist": "Minami",
        "type": "Insert Song",
        "correctCount": 86,
        "startTime": 0,
        "songDuration": 93.699614,
        "songNumber": 23,
        "activePlayerCount": 230,
        "LinkVideo": "https://files.catbox.moe/y00j5j.webm",
        "LinkMp3": "https://files.catbox.moe/qtp7mn.mp3"
    },
    {
        "animeEng": "AHO-GIRL",
        "animeRomaji": "AHO-GIRL",
        "songName": "Zenryoku\u2606Summer!",
        "artist": "angela",
        "type": "Opening 1",
        "correctCount": 151,
        "startTime": 15,
        "songDuration": 58.608,
        "songNumber": 24,
        "activePlayerCount": 230,
        "LinkVideo": "https://files.catbox.moe/i3rome.webm",
        "LinkMp3": "https://files.catbox.moe/omiscc.mp3"
    },
    {
        "animeEng": "Nora, Princess, and Stray Cat",
        "animeRomaji": "Nora to \u014cjo to Noraneko Heart",
        "songName": "Ne! Ko!",
        "artist": "Natsumi Takamori, Eri Sendai, Yuu Asakawa, Atsumi Tanezaki",
        "type": "Opening 1",
        "correctCount": 64,
        "startTime": 9,
        "songDuration": 47.448,
        "songNumber": 25,
        "activePlayerCount": 231,
        "LinkVideo": "https://files.catbox.moe/qlz67a.webm",
        "LinkMp3": "https://files.catbox.moe/zaakea.mp3"
    },
    {
        "animeEng": "Mahjong Hish\u014d-den: Naki no Ry\u016b",
        "animeRomaji": "Mahjong Hish\u014d-den: Naki no Ry\u016b",
        "songName": "Ekisha",
        "artist": "Teng Li",
        "type": "Ending 1",
        "correctCount": 6,
        "startTime": 179,
        "songDuration": 257.064,
        "songNumber": 26,
        "activePlayerCount": 232,
        "LinkVideo": "https://files.catbox.moe/glnqqn.webm",
        "LinkMp3": "https://files.catbox.moe/fch5kr.mp3"
    },
    {
        "animeEng": "Master Keaton",
        "animeRomaji": "Master Keaton",
        "songName": "Railtown",
        "artist": "Kuniaki Haishima",
        "type": "Opening 1",
        "correctCount": 30,
        "startTime": 16,
        "songDuration": 72.216,
        "songNumber": 27,
        "activePlayerCount": 230,
        "LinkVideo": "https://files.catbox.moe/61kgff.webm",
        "LinkMp3": "https://files.catbox.moe/5w5v4x.mp3"
    },
    {
        "animeEng": "Grimgar, Ashes and Illusions",
        "animeRomaji": "Hai to Gens\u014d no Grimgar",
        "songName": "Knew day",
        "artist": "(K)NoW_NAME:Ayaka Tachibana",
        "type": "Opening 1",
        "correctCount": 140,
        "startTime": 48,
        "songDuration": 86.064,
        "songNumber": 28,
        "activePlayerCount": 229,
        "LinkVideo": "https://files.catbox.moe/jbykqo.webm",
        "LinkMp3": "https://files.catbox.moe/nsocqp.mp3"
    },
    {
        "animeEng": "Giovanni's Island",
        "animeRomaji": "Giovanni no Shima",
        "songName": "Katyusha",
        "artist": "Children Choir \"VESNA\"",
        "type": "Insert Song",
        "correctCount": 16,
        "startTime": 10,
        "songDuration": 44.328,
        "songNumber": 29,
        "activePlayerCount": 228,
        "LinkVideo": "https://files.catbox.moe/10nylc.webm",
        "LinkMp3": "https://files.catbox.moe/0kh8lq.mp3"
    },
    {
        "animeEng": "Dream-Colored Pastry Chef",
        "animeRomaji": "Yumeiro P\u00e2tissi\u00e8re",
        "songName": "Ichigo no Miracle",
        "artist": "Yukina Sugihara",
        "type": "Ending 1",
        "correctCount": 8,
        "startTime": 13,
        "songDuration": 88.893166,
        "songNumber": 30,
        "activePlayerCount": 227,
        "LinkVideo": "https://files.catbox.moe/6ppdmo.webm",
        "LinkMp3": "https://files.catbox.moe/rfxmmk.mp3"
    },
    {
        "animeEng": "Show By Rock!! Stars!!",
        "animeRomaji": "Show By Rock!! Stars!!",
        "songName": "Lemon to Hachimitsu",
        "artist": "Plasmagica",
        "type": "Opening 1",
        "correctCount": 7,
        "startTime": 15,
        "songDuration": 102.168,
        "songNumber": 31,
        "activePlayerCount": 227,
        "LinkVideo": "https://files.catbox.moe/1dfcug.webm",
        "LinkMp3": "https://files.catbox.moe/ceq085.mp3"
    },
    {
        "animeEng": "The Brave Fighter Exkizer",
        "animeRomaji": "Y\u016bsha Exkaiser",
        "songName": "Kore Kara no Anata e",
        "artist": "Hidemi Miura",
        "type": "Ending 1",
        "correctCount": 1,
        "startTime": 6,
        "songDuration": 58.852866,
        "songNumber": 32,
        "activePlayerCount": 227,
        "LinkVideo": "https://files.catbox.moe/urb3eo.webm",
        "LinkMp3": "https://files.catbox.moe/ip6qix.mp3",
        "correctPlayers": [
            "Blacky_Doll"
        ]
    },
    {
        "animeEng": "Pok\u00e9mon",
        "animeRomaji": "Pocket Monsters",
        "songName": "1\u30fb2\u30fb3",
        "artist": "Nishikawa-kun to Kirisho",
        "type": "Opening 2",
        "correctCount": 103,
        "startTime": 36,
        "songDuration": 87.984,
        "songNumber": 33,
        "activePlayerCount": 227,
        "LinkVideo": "https://files.catbox.moe/sq6ff5.webm",
        "LinkMp3": "https://files.catbox.moe/tu9l2r.mp3"
    },
    {
        "animeEng": "Inazuma Eleven GO",
        "animeRomaji": "Inazuma Eleven GO",
        "songName": "Naseba Naru no sa Nanairo Tamago",
        "artist": "T-Pistonz+KMC",
        "type": "Opening 2",
        "correctCount": 76,
        "startTime": 41,
        "songDuration": 84.060596,
        "songNumber": 34,
        "activePlayerCount": 228,
        "LinkVideo": "https://files.catbox.moe/qrh3th.webm",
        "LinkMp3": "https://files.catbox.moe/cnw8r6.mp3"
    },
    {
        "animeEng": "Kannagi",
        "animeRomaji": "Kannagi",
        "songName": "Pure\u2665Love\u30fbGeneration",
        "artist": "Risa Hayamizu",
        "type": "Insert Song",
        "correctCount": 6,
        "startTime": 2,
        "songDuration": 58.584,
        "songNumber": 35,
        "activePlayerCount": 228,
        "LinkVideo": "https://files.catbox.moe/2gqqxz.webm",
        "LinkMp3": "https://files.catbox.moe/k7f3mi.mp3"
    },
    {
        "animeEng": "Slayers Premium",
        "animeRomaji": "Slayers Premium",
        "songName": "Anata wa Takogo",
        "artist": "Yuri Shiratori",
        "type": "Insert Song",
        "correctCount": 4,
        "startTime": 5,
        "songDuration": 45.504,
        "songNumber": 36,
        "activePlayerCount": 228,
        "LinkVideo": "https://files.catbox.moe/c60gbs.webm",
        "LinkMp3": "https://files.catbox.moe/ah24yi.mp3",
        "correctPlayers": [
            "Heyko",
            "likejaxirl",
            "lengend",
            "Martinch"
        ]
    },
    {
        "animeEng": "Perfect Blue",
        "animeRomaji": "Perfect Blue",
        "songName": "Omoide ni Dakarete Ima wa",
        "artist": "MISA",
        "type": "Opening 1",
        "correctCount": 73,
        "startTime": 21,
        "songDuration": 65.232,
        "songNumber": 37,
        "activePlayerCount": 229,
        "LinkVideo": "https://files.catbox.moe/ni1ssb.webm",
        "LinkMp3": "https://files.catbox.moe/j5sadk.mp3"
    },
    {
        "animeEng": "Judo Boy",
        "animeRomaji": "Kurenai Sanshiro",
        "songName": "Otoko no Kouya",
        "artist": "Katsuhiko Miki",
        "type": "Ending 1",
        "correctCount": 5,
        "startTime": 0,
        "songDuration": 35.081846,
        "songNumber": 38,
        "activePlayerCount": 228,
        "LinkVideo": "https://files.catbox.moe/5tw36n.webm",
        "LinkMp3": "https://files.catbox.moe/e4voc8.mp3",
        "correctPlayers": [
            "Hooman",
            "klusty",
            "AlterMang",
            "Cania",
            "nyamu"
        ]
    },
    {
        "animeEng": "Exper Zenon",
        "animeRomaji": "Exper Zenon",
        "songName": "Dreaming Fantasy",
        "artist": "Ammy",
        "type": "Ending 1",
        "correctCount": 1,
        "startTime": 9,
        "songDuration": 216.552,
        "songNumber": 39,
        "activePlayerCount": 228,
        "LinkVideo": "https://files.catbox.moe/t2yyl6.webm",
        "LinkMp3": "https://files.catbox.moe/fmitoe.mp3",
        "correctPlayers": [
            "ozsauce"
        ]
    },
    {
        "animeEng": "T\u014dken Ranbu: Hanamaru",
        "animeRomaji": "T\u014dken Ranbu: Hanamaru",
        "songName": "Itsu, Itsumo",
        "artist": "Toshiki Masuda & Mitsuhiro Ichiki",
        "type": "Insert Song",
        "correctCount": 5,
        "startTime": 68,
        "songDuration": 317.424,
        "songNumber": 40,
        "activePlayerCount": 225,
        "LinkVideo": "https://files.catbox.moe/8w953t.webm",
        "LinkMp3": "https://files.catbox.moe/lo1d34.mp3",
        "correctPlayers": [
            "Chimera",
            "MIssMcPhisto",
            "Ardenos",
            "Hadarios",
            "babababababa"
        ]
    },
    {
        "animeEng": "Otaku no Video",
        "animeRomaji": "Otaku no Video",
        "songName": "Tatakae! Otaking",
        "artist": "Tsujiya Kooji",
        "type": "Opening 1",
        "correctCount": 20,
        "startTime": 4,
        "songDuration": 98.856,
        "songNumber": 41,
        "activePlayerCount": 226,
        "LinkVideo": "https://files.catbox.moe/fi613m.webm",
        "LinkMp3": "https://files.catbox.moe/4k3x2c.mp3"
    },
    {
        "animeEng": "BORUTO: NARUTO NEXT GENERATIONS",
        "animeRomaji": "BORUTO: NARUTO NEXT GENERATIONS",
        "songName": "Baton Road",
        "artist": "KANA-BOON",
        "type": "Opening 1",
        "correctCount": 148,
        "startTime": 4,
        "songDuration": 89.352,
        "songNumber": 42,
        "activePlayerCount": 226,
        "LinkVideo": "https://files.catbox.moe/ftrbnw.webm",
        "LinkMp3": "https://files.catbox.moe/ctpc2m.mp3"
    },
    {
        "animeEng": "Dragon's Heaven",
        "animeRomaji": "Dragon's Heaven",
        "songName": "DANCIN' WITH A HEARTACHE",
        "artist": "Yuiko Tsubokura",
        "type": "Ending 1",
        "correctCount": 4,
        "startTime": 82,
        "songDuration": 235.296,
        "songNumber": 43,
        "activePlayerCount": 225,
        "LinkVideo": "https://files.catbox.moe/xl7nyk.webm",
        "LinkMp3": "https://files.catbox.moe/6c0lqe.mp3",
        "correctPlayers": [
            "dekinho",
            "Blacky_Doll",
            "Legend_",
            "ozsauce"
        ]
    },
    {
        "animeEng": "Lights of the Clione",
        "animeRomaji": "Clione no Akari",
        "songName": "Hyakunichi no Hana",
        "artist": "Rico Sasaki",
        "type": "Insert Song",
        "correctCount": 1,
        "startTime": 66,
        "songDuration": 109.163838,
        "songNumber": 44,
        "activePlayerCount": 224,
        "LinkVideo": "https://files.catbox.moe/h4xvjb.webm",
        "LinkMp3": "https://files.catbox.moe/35hed1.mp3",
        "correctPlayers": [
            "ozsauce"
        ]
    },
    {
        "animeEng": "Domestic Girlfriend",
        "animeRomaji": "Domestic na Kanojo",
        "songName": "Kawaki wo Ameku",
        "artist": "Minami",
        "type": "Opening 1",
        "correctCount": 172,
        "startTime": 38,
        "songDuration": 88.92,
        "songNumber": 45,
        "activePlayerCount": 224,
        "LinkVideo": "https://files.catbox.moe/390lkc.webm",
        "LinkMp3": "https://files.catbox.moe/1z9c1u.mp3"
    },
    {
        "animeEng": "Tomoe ga Yuku!",
        "animeRomaji": "Tomoe ga Yuku!",
        "songName": "Junreisha",
        "artist": "Shinichi Ishihara",
        "type": "Insert Song",
        "correctCount": 1,
        "startTime": 120,
        "songDuration": 176.568,
        "songNumber": 46,
        "activePlayerCount": 223,
        "LinkVideo": "https://files.catbox.moe/p0hk8p.webm",
        "LinkMp3": "https://files.catbox.moe/q4hefp.mp3",
        "correctPlayers": [
            "Hooman"
        ]
    },
    {
        "animeEng": "The Garden of Words",
        "animeRomaji": "Kotonoha no Niwa",
        "songName": "Rain",
        "artist": "Motohiro Hata",
        "type": "Ending 1",
        "correctCount": 66,
        "startTime": 143,
        "songDuration": 256.608,
        "songNumber": 47,
        "activePlayerCount": 222,
        "LinkVideo": "https://files.catbox.moe/m2qevq.webm",
        "LinkMp3": "https://files.catbox.moe/4t15k8.mp3"
    },
    {
        "animeEng": "Re-Kan!",
        "animeRomaji": "Re-Kan!",
        "songName": "Colorful Story",
        "artist": "every\u2665ing!",
        "type": "Opening 1",
        "correctCount": 8,
        "startTime": 12,
        "songDuration": 88.536,
        "songNumber": 48,
        "activePlayerCount": 223,
        "LinkVideo": "https://files.catbox.moe/ri27wl.webm",
        "LinkMp3": "https://files.catbox.moe/w479j7.mp3"
    },
    {
        "animeEng": "Mars Daybreak",
        "animeRomaji": "Kenran Butoh Sai: The Mars Daybreak",
        "songName": "Take\u2605Back",
        "artist": "G\u2605B Shelter",
        "type": "Opening 1",
        "correctCount": 3,
        "startTime": 44,
        "songDuration": 86.424,
        "songNumber": 49,
        "activePlayerCount": 223,
        "LinkVideo": "https://files.catbox.moe/warn1d.webm",
        "LinkMp3": "https://files.catbox.moe/j124i8.mp3",
        "correctPlayers": [
            "klusty",
            "Blacky_Doll",
            "aryagamis"
        ]
    },
    {
        "animeEng": "Tokyo Tribe 2",
        "animeRomaji": "Tokyo Tribe 2",
        "songName": "TT2 Owari no Uta",
        "artist": "Scha Dara Parr",
        "type": "Ending 1",
        "correctCount": 11,
        "startTime": 16,
        "songDuration": 90.225388,
        "songNumber": 50,
        "activePlayerCount": 222,
        "LinkVideo": "https://files.catbox.moe/nko2d0.webm",
        "LinkMp3": "https://files.catbox.moe/acojte.mp3"
    },
    {
        "animeEng": "Aikatsu Friends!",
        "animeRomaji": "Aikatsu Friends!",
        "songName": "Pride",
        "artist": "Karen\u30fbMirai from BEST FRIENDS!",
        "type": "Insert Song",
        "correctCount": 22,
        "startTime": 3,
        "songDuration": 121.032,
        "songNumber": 51,
        "activePlayerCount": 222,
        "LinkVideo": "https://files.catbox.moe/rxt0uz.webm",
        "LinkMp3": "https://files.catbox.moe/ufmfls.mp3"
    },
    {
        "animeEng": "Sound! Euphonium 2",
        "animeRomaji": "Hibike! Euphonium 2",
        "songName": "Hibike! Euphonium (Last Ver.)",
        "artist": "Freshman Wind Ensemble",
        "type": "Ending 3",
        "correctCount": 36,
        "startTime": 2,
        "songDuration": 88.584,
        "songNumber": 52,
        "activePlayerCount": 222,
        "LinkVideo": "https://files.catbox.moe/frfop0.webm",
        "LinkMp3": "https://files.catbox.moe/rzmp1h.mp3"
    },
    {
        "animeEng": "Anju and Zushiomaru",
        "animeRomaji": "Anju to Zushio Maru",
        "songName": "Anju To Zushiomaru",
        "artist": "Ch\u00fbji Kinoshita",
        "type": "Opening 1",
        "correctCount": 10,
        "startTime": 62,
        "songDuration": 97.536,
        "songNumber": 53,
        "activePlayerCount": 221,
        "LinkVideo": "https://files.catbox.moe/542ke8.webm",
        "LinkMp3": "https://files.catbox.moe/npuy0p.mp3"
    },
    {
        "animeEng": "Princess Tutu",
        "animeRomaji": "Princess Tutu",
        "songName": "Watashi no Ai wa Chiisaikeredo",
        "artist": "Ritsuko Okazaki",
        "type": "Ending 1",
        "correctCount": 51,
        "startTime": 51,
        "songDuration": 89.808,
        "songNumber": 54,
        "activePlayerCount": 222,
        "LinkVideo": "https://files.catbox.moe/ttz8aa.webm",
        "LinkMp3": "https://files.catbox.moe/lofprg.mp3"
    },
    {
        "animeEng": "Captain Tsubasa: Road to 2002",
        "animeRomaji": "Captain Tsubasa: Road to 2002",
        "songName": "Dragon Screamer",
        "artist": "DA PUMP",
        "type": "Opening 1",
        "correctCount": 86,
        "startTime": 43,
        "songDuration": 84.576,
        "songNumber": 55,
        "activePlayerCount": 222,
        "LinkVideo": "https://files.catbox.moe/qznkje.webm",
        "LinkMp3": "https://files.catbox.moe/4fq01n.mp3"
    },
    {
        "animeEng": "Kimi dake ni Motetainda.",
        "animeRomaji": "Kimi dake ni Motetainda.",
        "songName": "Ai no Kusari",
        "artist": "High School Children",
        "type": "Insert Song",
        "correctCount": 2,
        "startTime": 0,
        "songDuration": 36.624,
        "songNumber": 56,
        "activePlayerCount": 223,
        "LinkVideo": "https://files.catbox.moe/izjhzn.webm",
        "LinkMp3": "https://files.catbox.moe/jzz8jg.mp3",
        "correctPlayers": [
            "Runner",
            "ozsauce"
        ]
    },
    {
        "animeEng": "Compiler",
        "animeRomaji": "Compiler",
        "songName": "FULL UP MIND",
        "artist": "Masami Okui",
        "type": "Ending 1",
        "correctCount": 3,
        "startTime": 25,
        "songDuration": 118.848,
        "songNumber": 57,
        "activePlayerCount": 222,
        "LinkVideo": "https://files.catbox.moe/p76sxp.webm",
        "LinkMp3": "https://files.catbox.moe/46k913.mp3",
        "correctPlayers": [
            "fokha",
            "Legend_",
            "ozsauce"
        ]
    },
    {
        "animeEng": "Yozakura Quartet: Tsuki ni Naku",
        "animeRomaji": "Yozakura Quartet: Tsuki ni Naku",
        "songName": "Chandelier Waltz",
        "artist": "UNISON SQUARE GARDEN",
        "type": "Ending 1",
        "correctCount": 27,
        "startTime": 33,
        "songDuration": 96.936,
        "songNumber": 58,
        "activePlayerCount": 222,
        "LinkVideo": "https://files.catbox.moe/ajgbe9.webm",
        "LinkMp3": "https://files.catbox.moe/iai7fr.mp3"
    },
    {
        "animeEng": "Endro~!",
        "animeRomaji": "Endro~!",
        "songName": "Endro~ru!",
        "artist": "Y\u016bsha Party",
        "type": "Opening 1",
        "correctCount": 68,
        "startTime": 53,
        "songDuration": 88.392,
        "songNumber": 59,
        "activePlayerCount": 221,
        "LinkVideo": "https://files.catbox.moe/ox5t61.webm",
        "LinkMp3": "https://files.catbox.moe/gqa5nc.mp3"
    },
    {
        "animeEng": "Initial D: Battle Stage 3",
        "animeRomaji": "Initial D: Battle Stage 3",
        "songName": "LASER GUN",
        "artist": "JUNGLE BILL",
        "type": "Insert Song",
        "correctCount": 25,
        "startTime": 84,
        "songDuration": 160.56,
        "songNumber": 60,
        "activePlayerCount": 220,
        "LinkVideo": "https://files.catbox.moe/y9thdl.webm",
        "LinkMp3": "https://files.catbox.moe/c26305.mp3"
    },
    {
        "animeEng": "Kakushigoto",
        "animeRomaji": "Kakushigoto",
        "songName": "Chiisana Hibi",
        "artist": "flumpool",
        "type": "Opening 1",
        "correctCount": 106,
        "startTime": 28,
        "songDuration": 89.064,
        "songNumber": 61,
        "activePlayerCount": 220,
        "LinkVideo": "https://files.catbox.moe/oouzwx.webm",
        "LinkMp3": "https://files.catbox.moe/9i55sl.mp3"
    },
    {
        "animeEng": "Claymore",
        "animeRomaji": "Claymore",
        "songName": "Raison D'\u00eatre",
        "artist": "Nightmare",
        "type": "Opening 1",
        "correctCount": 94,
        "startTime": 5,
        "songDuration": 59.064,
        "songNumber": 62,
        "activePlayerCount": 220,
        "LinkVideo": "https://files.catbox.moe/xrj1ax.webm",
        "LinkMp3": "https://files.catbox.moe/yt5dhm.mp3"
    },
    {
        "animeEng": "Please Take My Brother Away! 3",
        "animeRomaji": "Ani Ni Tsukeru Kusuri wa Nai! 3",
        "songName": "Jinji de Qingchun",
        "artist": "Yue Wang",
        "type": "Opening 1",
        "correctCount": 100,
        "startTime": 0,
        "songDuration": 27.36,
        "songNumber": 63,
        "activePlayerCount": 220,
        "LinkVideo": "https://files.catbox.moe/6iout3.webm",
        "LinkMp3": "https://files.catbox.moe/pt6nd3.mp3"
    },
    {
        "animeEng": "Pop Team Epic",
        "animeRomaji": "Poputepipikku",
        "songName": "Jinsei",
        "artist": "Toshiki Masuda & Wataru Hatano",
        "type": "Ending 9",
        "correctCount": 19,
        "startTime": 44,
        "songDuration": 90.624,
        "songNumber": 64,
        "activePlayerCount": 220,
        "LinkVideo": "https://files.catbox.moe/0i6tkb.webm",
        "LinkMp3": "https://files.catbox.moe/vi3du3.mp3"
    },
    {
        "animeEng": "Fruits Basket 2nd Season",
        "animeRomaji": "Fruits Basket 2nd Season",
        "songName": "ad meliora",
        "artist": "THE CHARM PARK",
        "type": "Ending 1",
        "correctCount": 24,
        "startTime": 2,
        "songDuration": 87.744,
        "songNumber": 65,
        "activePlayerCount": 220,
        "LinkVideo": "https://files.catbox.moe/nl0gbg.webm",
        "LinkMp3": "https://files.catbox.moe/o64rfd.mp3"
    },
    {
        "animeEng": "Bleach",
        "animeRomaji": "Bleach",
        "songName": "Sh\u014djo S",
        "artist": "SCANDAL",
        "type": "Opening 10",
        "correctCount": 116,
        "startTime": 41,
        "songDuration": 89.553083,
        "songNumber": 66,
        "activePlayerCount": 220,
        "LinkVideo": "https://files.catbox.moe/tpms6y.webm",
        "LinkMp3": "https://files.catbox.moe/nsy6ve.mp3"
    },
    {
        "animeEng": "How Heavy Are the Dumbbells You Lift?",
        "animeRomaji": "Dumbbell Nan-Kilo Moteru?",
        "songName": "Onegai Muscle",
        "artist": "Ai Fairouz & Kaito Ishikawa",
        "type": "Opening 1",
        "correctCount": 189,
        "startTime": 20,
        "songDuration": 89.568,
        "songNumber": 67,
        "activePlayerCount": 220,
        "LinkVideo": "https://files.catbox.moe/izj713.webm",
        "LinkMp3": "https://files.catbox.moe/3sef32.mp3"
    },
    {
        "animeEng": "Uninhabited Planet Survive",
        "animeRomaji": "Mujin Wakusei Survive",
        "songName": "Bokura no Message",
        "artist": "Kiroro",
        "type": "Opening 1",
        "correctCount": 14,
        "startTime": 33,
        "songDuration": 89.064,
        "songNumber": 68,
        "activePlayerCount": 220,
        "LinkVideo": "https://files.catbox.moe/j2hfln.webm",
        "LinkMp3": "https://files.catbox.moe/3u9rku.mp3"
    },
    {
        "animeEng": "Ky\u014d kara Ma\u014d!",
        "animeRomaji": "Ky\u014d kara Ma\u014d!",
        "songName": "Suteki na Shiawase",
        "artist": "THE STAND UP",
        "type": "Ending 1",
        "correctCount": 5,
        "startTime": 26,
        "songDuration": 78.96,
        "songNumber": 69,
        "activePlayerCount": 220,
        "LinkVideo": "https://files.catbox.moe/ko0e7z.webm",
        "LinkMp3": "https://files.catbox.moe/45pk05.mp3",
        "correctPlayers": [
            "eclairJoss",
            "klusty",
            "maginpuix3",
            "Danopopo",
            "ozsauce"
        ]
    },
    {
        "animeEng": "Eight Clouds Rising",
        "animeRomaji": "Yakumo Tatsu",
        "songName": "Harukanaru Ohokoku",
        "artist": "Saori Ishizuka",
        "type": "Ending 1",
        "correctCount": 0,
        "startTime": 86,
        "songDuration": 125.352,
        "songNumber": 70,
        "activePlayerCount": 219,
        "LinkVideo": "https://files.catbox.moe/eew1m7.webm",
        "LinkMp3": "https://files.catbox.moe/xy086z.mp3"
    },
    {
        "animeEng": "7SEEDS",
        "animeRomaji": "7SEEDS",
        "songName": "From The Seeds",
        "artist": "Mone Kamishiraishi",
        "type": "Opening 1",
        "correctCount": 19,
        "startTime": 18,
        "songDuration": 85.272,
        "songNumber": 71,
        "activePlayerCount": 220,
        "LinkVideo": "https://files.catbox.moe/buowlh.webm",
        "LinkMp3": "https://files.catbox.moe/udey5e.mp3"
    },
    {
        "animeEng": "One Piece",
        "animeRomaji": "One Piece",
        "songName": "BON VOYAGE!",
        "artist": "BON-BON BLANCO",
        "type": "Opening 4",
        "correctCount": 150,
        "startTime": 70,
        "songDuration": 109.56,
        "songNumber": 72,
        "activePlayerCount": 220,
        "LinkVideo": "https://files.catbox.moe/e0cg6q.webm",
        "LinkMp3": "https://files.catbox.moe/cw59pl.mp3"
    },
    {
        "animeEng": "Encouragement of Climb",
        "animeRomaji": "Yama no Susume",
        "songName": "Staccato Days",
        "artist": "Yuka Iguchi & Kana Asumi",
        "type": "Ending 1",
        "correctCount": 74,
        "startTime": 23,
        "songDuration": 73.056,
        "songNumber": 73,
        "activePlayerCount": 220,
        "LinkVideo": "https://files.catbox.moe/cjx65u.webm",
        "LinkMp3": "https://files.catbox.moe/r48jfs.mp3"
    },
    {
        "animeEng": "Noragami",
        "animeRomaji": "Noragami",
        "songName": "Heart Realize",
        "artist": "Tia",
        "type": "Ending 1",
        "correctCount": 93,
        "startTime": 7,
        "songDuration": 93.12,
        "songNumber": 74,
        "activePlayerCount": 220,
        "LinkVideo": "https://files.catbox.moe/x8u24s.webm",
        "LinkMp3": "https://files.catbox.moe/5m0a9l.mp3"
    },
    {
        "animeEng": "RUNNIN' AWAY Gel\u00e9e",
        "animeRomaji": "Nineko Gel\u00e9e",
        "songName": "Pink Methuselah",
        "artist": "Seiko \u014cmori",
        "type": "Opening 1",
        "correctCount": 22,
        "startTime": 29,
        "songDuration": 87.648,
        "songNumber": 75,
        "activePlayerCount": 219,
        "LinkVideo": "https://files.catbox.moe/o7onzr.webm",
        "LinkMp3": "https://files.catbox.moe/b3cgl7.mp3"
    }
]