[
    {
        "animeEng": "Warlords of Sigrdrifa",
        "animeRomaji": "Senyoku no Sigrdrifa",
        "songName": "Higher's High",
        "artist": "Akari Nanawo",
        "type": "Opening 1",
        "correctCount": 25,
        "startTime": 52,
        "songDuration": 88.416,
        "songNumber": 1,
        "activePlayerCount": 114,
        "LinkVideo": "https://files.catbox.moe/3ytz26.webm",
        "LinkMp3": "https://files.catbox.moe/upbn9o.mp3"
    },
    {
        "animeEng": "Cross Road",
        "animeRomaji": "Cross Road",
        "songName": "Cross Road",
        "artist": "Nagi Yanagi",
        "type": "Insert Song",
        "correctCount": 23,
        "startTime": 60,
        "songDuration": 97.272,
        "songNumber": 2,
        "activePlayerCount": 114,
        "LinkVideo": "https://files.catbox.moe/v3qi1b.webm",
        "LinkMp3": "https://files.catbox.moe/afbm7x.mp3"
    },
    {
        "animeEng": "Ch\u014d Gekij\u014dban Keroro Guns\u014d 2: Shinkai no Princess de Arimasu!",
        "animeRomaji": "Ch\u014d Gekij\u014dban Keroro Guns\u014d 2: Shinkai no Princess de Arimasu!",
        "songName": "Yoki ni Hakarae!",
        "artist": "Keroro Shoutai",
        "type": "Insert Song",
        "correctCount": 1,
        "startTime": 5,
        "songDuration": 82.248,
        "songNumber": 3,
        "activePlayerCount": 114,
        "LinkVideo": "https://files.catbox.moe/hvvexx.webm",
        "LinkMp3": "https://files.catbox.moe/4j6rlc.mp3",
        "correctPlayers": [
            "likejaxirl"
        ]
    },
    {
        "animeEng": "The Adventures of Gamba",
        "animeRomaji": "Gamba no B\u014dken",
        "songName": "B\u014dkensha-tachi no Ballad",
        "artist": "Yoshihiro Sugiura",
        "type": "Ending 1",
        "correctCount": 26,
        "startTime": 10,
        "songDuration": 78.6,
        "songNumber": 4,
        "activePlayerCount": 113,
        "LinkVideo": "https://files.catbox.moe/klux6r.webm",
        "LinkMp3": "https://files.catbox.moe/q3v5jt.mp3"
    },
    {
        "animeEng": "Professor Layton and the Eternal Diva",
        "animeRomaji": "Layton Ky\u014dju to Eien no Utahime",
        "songName": "Eien no Utahime",
        "artist": "Nana Mizuki",
        "type": "Ending 1",
        "correctCount": 17,
        "startTime": 301,
        "songDuration": 371.784,
        "songNumber": 5,
        "activePlayerCount": 113,
        "LinkVideo": "https://files.catbox.moe/bu1e1k.webm",
        "LinkMp3": "https://files.catbox.moe/d7z4a2.mp3"
    },
    {
        "animeEng": "PriPara",
        "animeRomaji": "PriPara",
        "songName": "Shining Star",
        "artist": "i\u2606Ris",
        "type": "Opening 3",
        "correctCount": 19,
        "startTime": 47,
        "songDuration": 88.512,
        "songNumber": 6,
        "activePlayerCount": 112,
        "LinkVideo": "https://files.catbox.moe/11u0fh.webm",
        "LinkMp3": "https://files.catbox.moe/86wajm.mp3"
    },
    {
        "animeEng": "Many\u016b Hiken-ch\u014d",
        "animeRomaji": "Many\u016b Hiken-ch\u014d",
        "songName": "Futatsu no Ashiato",
        "artist": "AiRI",
        "type": "Ending 1",
        "correctCount": 2,
        "startTime": 22,
        "songDuration": 96.648,
        "songNumber": 7,
        "activePlayerCount": 112,
        "LinkVideo": "https://files.catbox.moe/jq18e8.webm",
        "LinkMp3": "https://files.catbox.moe/1xu1ni.mp3",
        "correctPlayers": [
            "ki_mera",
            "tyarooooon"
        ]
    },
    {
        "animeEng": "Beelzebub",
        "animeRomaji": "Beelzebub",
        "songName": "Answer",
        "artist": "no3b",
        "type": "Ending 1",
        "correctCount": 9,
        "startTime": 21,
        "songDuration": 89.16,
        "songNumber": 8,
        "activePlayerCount": 113,
        "LinkVideo": "https://files.catbox.moe/evdbub.webm",
        "LinkMp3": "https://files.catbox.moe/88g657.mp3"
    },
    {
        "animeEng": "as the moon, so beautiful",
        "animeRomaji": "Tsukigakirei",
        "songName": "Natsu Matsuri",
        "artist": "Nao T\u014dyama",
        "type": "Insert Song",
        "correctCount": 44,
        "startTime": 32,
        "songDuration": 96.816,
        "songNumber": 9,
        "activePlayerCount": 112,
        "LinkVideo": "https://files.catbox.moe/f3cmf9.webm",
        "LinkMp3": "https://files.catbox.moe/swc9sb.mp3"
    },
    {
        "animeEng": "Magical Angel Creamy Mami",
        "animeRomaji": "Mah\u014d no Tenshi Creamy Mami",
        "songName": "Delicate ni Sukishite",
        "artist": "Takako Ohta",
        "type": "Opening 1",
        "correctCount": 30,
        "startTime": 18,
        "songDuration": 76.296,
        "songNumber": 10,
        "activePlayerCount": 109,
        "LinkVideo": "https://files.catbox.moe/8uz1ud.webm",
        "LinkMp3": "https://files.catbox.moe/wyhqgl.mp3"
    },
    {
        "animeEng": "Mekakucity Actors",
        "animeRomaji": "Mekakucity Actors",
        "songName": "Headphone Actor",
        "artist": "Jin ft. LiSA",
        "type": "Opening 2",
        "correctCount": 57,
        "startTime": 3,
        "songDuration": 97.584,
        "songNumber": 11,
        "activePlayerCount": 109,
        "LinkVideo": "https://files.catbox.moe/7ik6nh.webm",
        "LinkMp3": "https://files.catbox.moe/yvp7sp.mp3"
    },
    {
        "animeEng": "DYNAMIC CHORD",
        "animeRomaji": "DYNAMIC CHORD",
        "songName": "deep dive",
        "artist": "KYOHSO",
        "type": "Insert Song",
        "correctCount": 1,
        "startTime": 16,
        "songDuration": 52.08,
        "songNumber": 12,
        "activePlayerCount": 108,
        "LinkVideo": "https://files.catbox.moe/e6qat2.webm",
        "LinkMp3": "https://files.catbox.moe/h4u8qn.mp3",
        "correctPlayers": [
            "Rukawa11"
        ]
    },
    {
        "animeEng": "AIURA",
        "animeRomaji": "AIURA",
        "songName": "Zutto ne",
        "artist": "Aiu\u2665Love",
        "type": "Ending 1",
        "correctCount": 16,
        "startTime": 0,
        "songDuration": 25.584,
        "songNumber": 13,
        "activePlayerCount": 108,
        "LinkVideo": "https://files.catbox.moe/mzzjky.webm",
        "LinkMp3": "https://files.catbox.moe/1uuztp.mp3"
    },
    {
        "animeEng": "The Pet Girl of Sakurasou",
        "animeRomaji": "Sakura-s\u014d no Pet na Kanojo",
        "songName": "Kimi ga Yume o Tsuretekita",
        "artist": "Pet na Kanojo-tachi",
        "type": "Opening 1",
        "correctCount": 56,
        "startTime": 29,
        "songDuration": 89.112,
        "songNumber": 14,
        "activePlayerCount": 107,
        "LinkVideo": "https://files.catbox.moe/mr5dpn.webm",
        "LinkMp3": "https://files.catbox.moe/7kr8ju.mp3"
    },
    {
        "animeEng": "Last Period: the journey to the end of the despair",
        "animeRomaji": "Last Period: Owari naki Rasen no Monogatari",
        "songName": "Wiseman no Theme",
        "artist": "Wiseman",
        "type": "Ending 1",
        "correctCount": 19,
        "startTime": 36,
        "songDuration": 87.384,
        "songNumber": 15,
        "activePlayerCount": 108,
        "LinkVideo": "https://files.catbox.moe/ftw411.webm",
        "LinkMp3": "https://files.catbox.moe/2659kb.mp3"
    },
    {
        "animeEng": "Little Lord Fauntleroy",
        "animeRomaji": "Shoukoushi Cedie",
        "songName": "Bokura no Cedie",
        "artist": "Hikaru Nishida",
        "type": "Opening 1",
        "correctCount": 9,
        "startTime": 45,
        "songDuration": 82.344,
        "songNumber": 16,
        "activePlayerCount": 107,
        "LinkVideo": "https://files.catbox.moe/bm8psb.webm",
        "LinkMp3": "https://files.catbox.moe/qtth9r.mp3"
    },
    {
        "animeEng": "Excel Saga",
        "animeRomaji": "Heppoko Jikken Animation Excel\u2665Saga",
        "songName": "Ai (Chuuseishin)",
        "artist": "Excel\u2665Girls",
        "type": "Opening 1",
        "correctCount": 36,
        "startTime": 34,
        "songDuration": 91.81883,
        "songNumber": 17,
        "activePlayerCount": 107,
        "LinkVideo": "https://files.catbox.moe/wlssvy.webm",
        "LinkMp3": "https://files.catbox.moe/3yg7gf.mp3"
    },
    {
        "animeEng": "The Eccentric Family 2",
        "animeRomaji": "Uch\u014dten Kazoku 2",
        "songName": "Naru ga mama Sawagu mama",
        "artist": "milktub",
        "type": "Opening 1",
        "correctCount": 27,
        "startTime": 28,
        "songDuration": 89.4,
        "songNumber": 18,
        "activePlayerCount": 107,
        "LinkVideo": "https://files.catbox.moe/634f6u.webm",
        "LinkMp3": "https://files.catbox.moe/dn74ji.mp3"
    },
    {
        "animeEng": "The Future Diary",
        "animeRomaji": "Mirai Nikki",
        "songName": "Blood teller",
        "artist": "Faylan",
        "type": "Ending 1",
        "correctCount": 48,
        "startTime": 15,
        "songDuration": 89.304,
        "songNumber": 19,
        "activePlayerCount": 107,
        "LinkVideo": "https://files.catbox.moe/bj3rmz.webm",
        "LinkMp3": "https://files.catbox.moe/p9x97h.mp3"
    },
    {
        "animeEng": "SHOW BY ROCK!! Mashumairesh!!",
        "animeRomaji": "SHOW BY ROCK!! Mashumairesh!!",
        "songName": "Kimi to\u2606Are You Ready?",
        "artist": "Trichronika",
        "type": "Insert Song",
        "correctCount": 10,
        "startTime": 11,
        "songDuration": 50.136,
        "songNumber": 20,
        "activePlayerCount": 107,
        "LinkVideo": "https://files.catbox.moe/gm4h5r.webm",
        "LinkMp3": "https://files.catbox.moe/gzvgho.mp3"
    },
    {
        "animeEng": "Ogre Slayer",
        "animeRomaji": "Onikirimaru",
        "songName": "Owari no Nai H\u014dk\u014d",
        "artist": "Takeshi Kusao",
        "type": "Ending 1",
        "correctCount": 1,
        "startTime": 97,
        "songDuration": 157.032,
        "songNumber": 21,
        "activePlayerCount": 105,
        "LinkVideo": "https://files.catbox.moe/jyy3jz.webm",
        "LinkMp3": "https://files.catbox.moe/c5zph3.mp3",
        "correctPlayers": [
            "Catisam"
        ]
    },
    {
        "animeEng": "Aikatsu!",
        "animeRomaji": "Aikatsu!",
        "songName": "Calendar Girl",
        "artist": "Yuna from STAR\u2606ANIS",
        "type": "Insert Song",
        "correctCount": 52,
        "startTime": 65,
        "songDuration": 104.784,
        "songNumber": 22,
        "activePlayerCount": 105,
        "LinkVideo": "https://files.catbox.moe/uz0ks9.webm",
        "LinkMp3": "https://files.catbox.moe/lhv3q9.mp3"
    },
    {
        "animeEng": "Magical Girl Raising Project",
        "animeRomaji": "Mah\u014d Sh\u014djo Ikusei Keikaku",
        "songName": "Sakebe",
        "artist": "Manami Numakura",
        "type": "Opening 1",
        "correctCount": 30,
        "startTime": 42,
        "songDuration": 88.56,
        "songNumber": 23,
        "activePlayerCount": 103,
        "LinkVideo": "https://files.catbox.moe/n9f2x2.webm",
        "LinkMp3": "https://files.catbox.moe/pdgman.mp3"
    },
    {
        "animeEng": "Monster Strike: Rain of Memories",
        "animeRomaji": "Monster Strike: Rain of Memories",
        "songName": "Aurora",
        "artist": "WHITE ASH",
        "type": "Ending 1",
        "correctCount": 4,
        "startTime": 132,
        "songDuration": 201.216,
        "songNumber": 24,
        "activePlayerCount": 102,
        "LinkVideo": "https://files.catbox.moe/52872u.webm",
        "LinkMp3": "https://files.catbox.moe/7qqvr2.mp3",
        "correctPlayers": [
            "ShiroKuro",
            "AlterMang",
            "anonimus_opinion",
            "babababababa"
        ]
    },
    {
        "animeEng": "Star Blazers",
        "animeRomaji": "Uch\u016b Senkan Yamato",
        "songName": "Uch\u016b Senkan Yamato",
        "artist": "Isao Sasaki",
        "type": "Opening 1",
        "correctCount": 72,
        "startTime": 3,
        "songDuration": 79.881076,
        "songNumber": 25,
        "activePlayerCount": 103,
        "LinkVideo": "https://files.catbox.moe/7dly23.webm",
        "LinkMp3": "https://files.catbox.moe/9w2mu4.mp3"
    },
    {
        "animeEng": "Bonobono",
        "animeRomaji": "Bonobono",
        "songName": "Bonobono Rock 'n' Roll",
        "artist": "MASOCHISTIC BONO BAND",
        "type": "Opening 1",
        "correctCount": 1,
        "startTime": 5,
        "songDuration": 52.824,
        "songNumber": 26,
        "activePlayerCount": 103,
        "LinkVideo": "https://files.catbox.moe/uaoac1.webm",
        "LinkMp3": "https://files.catbox.moe/0ky9de.mp3",
        "correctPlayers": [
            "babababababa"
        ]
    },
    {
        "animeEng": "Riding Bean",
        "animeRomaji": "Riding Bean",
        "songName": "KING OF THE ROAD",
        "artist": "Phil Perry",
        "type": "Insert Song",
        "correctCount": 13,
        "startTime": 38,
        "songDuration": 142.752,
        "songNumber": 27,
        "activePlayerCount": 102,
        "LinkVideo": "https://files.catbox.moe/6z6r3t.webm",
        "LinkMp3": "https://files.catbox.moe/2v47he.mp3"
    },
    {
        "animeEng": "Ragnarok The Animation",
        "animeRomaji": "Ragnarok The Animation",
        "songName": "We are the Stars",
        "artist": "Maimi Yamasaki",
        "type": "Opening 1",
        "correctCount": 8,
        "startTime": 31,
        "songDuration": 88.416,
        "songNumber": 28,
        "activePlayerCount": 101,
        "LinkVideo": "https://files.catbox.moe/rvx6wb.webm",
        "LinkMp3": "https://files.catbox.moe/puq5t6.mp3"
    },
    {
        "animeEng": "RIN-NE",
        "animeRomaji": "Ky\u014dkai no Rinne",
        "songName": "\u014cka Ranman",
        "artist": "KEYTALK",
        "type": "Opening 1",
        "correctCount": 12,
        "startTime": 18,
        "songDuration": 86.736,
        "songNumber": 29,
        "activePlayerCount": 101,
        "LinkVideo": "https://files.catbox.moe/vxy951.webm",
        "LinkMp3": "https://files.catbox.moe/ei1h1v.mp3"
    },
    {
        "animeEng": "Shokugeki no S\u014dma: San no Sara - Erina no Shin Seikatsu",
        "animeRomaji": "Shokugeki no S\u014dma: San no Sara - Erina no Shin Seikatsu",
        "songName": "BRAVER",
        "artist": "ZAQ",
        "type": "Opening 1",
        "correctCount": 61,
        "startTime": 1,
        "songDuration": 89.04,
        "songNumber": 30,
        "activePlayerCount": 102,
        "LinkVideo": "https://files.catbox.moe/5h4ptm.webm",
        "LinkMp3": "https://files.catbox.moe/gsj42q.mp3"
    },
    {
        "animeEng": "Sanj\u014dgattai Transformers Go!",
        "animeRomaji": "Sanj\u014dgattai Transformers Go!",
        "songName": "TRANSFORMERS-Go!",
        "artist": "Daiki Ise",
        "type": "Opening 1",
        "correctCount": 0,
        "startTime": 0,
        "songDuration": 86.376,
        "songNumber": 31,
        "activePlayerCount": 102,
        "LinkVideo": "https://files.catbox.moe/q8jxed.webm",
        "LinkMp3": "https://files.catbox.moe/mkngei.mp3"
    },
    {
        "animeEng": "Tomorrow's Nadja",
        "animeRomaji": "Ashita no Nadja",
        "songName": "Que Sera, Sera",
        "artist": "Ami Koshimizu",
        "type": "Ending 1",
        "correctCount": 14,
        "startTime": 27,
        "songDuration": 88.584,
        "songNumber": 32,
        "activePlayerCount": 101,
        "LinkVideo": "https://files.catbox.moe/mwtbtc.webm",
        "LinkMp3": "https://files.catbox.moe/kbhkep.mp3"
    },
    {
        "animeEng": "Nya-men",
        "animeRomaji": "Nya-men",
        "songName": "Nya-men Paradise",
        "artist": "Nya-mens",
        "type": "Opening 1",
        "correctCount": 6,
        "startTime": 21,
        "songDuration": 58.272,
        "songNumber": 33,
        "activePlayerCount": 102,
        "LinkVideo": "https://files.catbox.moe/r13bx7.webm",
        "LinkMp3": "https://files.catbox.moe/stiq39.mp3"
    },
    {
        "animeEng": "Bungo Stray Dogs",
        "animeRomaji": "Bungo Stray Dogs",
        "songName": "Namae o Yobu yo",
        "artist": "Luck Life",
        "type": "Ending 1",
        "correctCount": 54,
        "startTime": 32,
        "songDuration": 89.568,
        "songNumber": 34,
        "activePlayerCount": 102,
        "LinkVideo": "https://files.catbox.moe/0c71m9.webm",
        "LinkMp3": "https://files.catbox.moe/5lvkpi.mp3"
    },
    {
        "animeEng": "Grisaia: Phantom Trigger the Animation",
        "animeRomaji": "Grisaia: Phantom Trigger the Animation",
        "songName": "Gensou no Rondo",
        "artist": "Maon Kurosaki",
        "type": "Opening 1",
        "correctCount": 22,
        "startTime": 5,
        "songDuration": 89.154386,
        "songNumber": 35,
        "activePlayerCount": 102,
        "LinkVideo": "https://files.catbox.moe/d081mo.webm",
        "LinkMp3": "https://files.catbox.moe/tp1j6i.mp3"
    },
    {
        "animeEng": "Moe Can Change!",
        "animeRomaji": "Moe Can Change!",
        "songName": "NO RULE ~ Cho-Listen!",
        "artist": "Rina Hidaka",
        "type": "Opening 1",
        "correctCount": 3,
        "startTime": 57,
        "songDuration": 109.56,
        "songNumber": 36,
        "activePlayerCount": 101,
        "LinkVideo": "https://files.catbox.moe/08kyzk.webm",
        "LinkMp3": "https://files.catbox.moe/1uitna.mp3",
        "correctPlayers": [
            "TeekyuOnly",
            "Rejax",
            "anonimus_opinion"
        ]
    },
    {
        "animeEng": "Macross Frontier: Itsuwari no Utahime",
        "animeRomaji": "Macross Frontier: Itsuwari no Utahime",
        "songName": "Aimo",
        "artist": "Megumi Nakajima & May'n",
        "type": "Insert Song",
        "correctCount": 9,
        "startTime": 2,
        "songDuration": 38.88,
        "songNumber": 37,
        "activePlayerCount": 101,
        "LinkVideo": "https://files.catbox.moe/tdx2tg.webm",
        "LinkMp3": "https://files.catbox.moe/45i5db.mp3"
    },
    {
        "animeEng": "eX-Driver",
        "animeRomaji": "eX-Driver",
        "songName": "Sniper",
        "artist": "MILK",
        "type": "Ending 1",
        "correctCount": 33,
        "startTime": 53,
        "songDuration": 111.288,
        "songNumber": 38,
        "activePlayerCount": 100,
        "LinkVideo": "https://files.catbox.moe/bh5036.webm",
        "LinkMp3": "https://files.catbox.moe/l8z3ud.mp3"
    },
    {
        "animeEng": "Angel Beats!",
        "animeRomaji": "Angel Beats!",
        "songName": "Ichiban no Takaramono",
        "artist": "LiSA",
        "type": "Ending 2",
        "correctCount": 74,
        "startTime": 138,
        "songDuration": 290.04,
        "songNumber": 39,
        "activePlayerCount": 100,
        "LinkVideo": "https://files.catbox.moe/mrxgqk.webm",
        "LinkMp3": "https://files.catbox.moe/dd4xds.mp3"
    },
    {
        "animeEng": "Poco's Udon World",
        "animeRomaji": "Udon no Kuni no Kin-iro Kemari",
        "songName": "GaoGao-chan Tais\u014d",
        "artist": "GaoGao Sei-dan",
        "type": "Insert Song",
        "correctCount": 7,
        "startTime": 8,
        "songDuration": 65.17439,
        "songNumber": 40,
        "activePlayerCount": 99,
        "LinkVideo": "https://files.catbox.moe/vem6wc.webm",
        "LinkMp3": "https://files.catbox.moe/ehc3ow.mp3"
    },
    {
        "animeEng": "BORUTO: NARUTO NEXT GENERATIONS",
        "animeRomaji": "BORUTO: NARUTO NEXT GENERATIONS",
        "songName": "Baton Road",
        "artist": "KANA-BOON",
        "type": "Opening 1",
        "correctCount": 61,
        "startTime": 21,
        "songDuration": 89.352,
        "songNumber": 41,
        "activePlayerCount": 99,
        "LinkVideo": "https://files.catbox.moe/ftrbnw.webm",
        "LinkMp3": "https://files.catbox.moe/ctpc2m.mp3"
    },
    {
        "animeEng": "Lupin III: Green vs Red",
        "animeRomaji": "Lupin Sansei: Green vs Red",
        "songName": "Honoo no Takaramono",
        "artist": "Miki Imai",
        "type": "Opening 1",
        "correctCount": 17,
        "startTime": 25,
        "songDuration": 119.76,
        "songNumber": 42,
        "activePlayerCount": 99,
        "LinkVideo": "https://files.catbox.moe/tqscej.webm",
        "LinkMp3": "https://files.catbox.moe/4ts6nf.mp3"
    },
    {
        "animeEng": "Gegege no Kitar\u014d: Daikaij\u016b",
        "animeRomaji": "Gegege no Kitar\u014d: Daikaij\u016b",
        "songName": "Gegege no Kitar\u014d",
        "artist": "Ukadan",
        "type": "Opening 1",
        "correctCount": 87,
        "startTime": 29,
        "songDuration": 93.144,
        "songNumber": 43,
        "activePlayerCount": 98,
        "LinkVideo": "https://files.catbox.moe/0whl6d.webm",
        "LinkMp3": "https://files.catbox.moe/83f6ze.mp3"
    },
    {
        "animeEng": "Appare-Ranman!",
        "animeRomaji": "Appare-Ranman!",
        "songName": "I got it!",
        "artist": "Mia REGINA",
        "type": "Opening 1",
        "correctCount": 51,
        "startTime": 19,
        "songDuration": 87.984,
        "songNumber": 44,
        "activePlayerCount": 98,
        "LinkVideo": "https://files.catbox.moe/lh35zb.webm",
        "LinkMp3": "https://files.catbox.moe/37agsh.mp3"
    },
    {
        "animeEng": "Horus: Prince of the Sun",
        "animeRomaji": "Taiy\u014d no \u014cji Horus no Daib\u014dken",
        "songName": "Sh\u016bkaku no Uta",
        "artist": "Nihon Gassh\u014d Ky\u014dkai",
        "type": "Insert Song",
        "correctCount": 5,
        "startTime": 19,
        "songDuration": 120.048,
        "songNumber": 45,
        "activePlayerCount": 98,
        "LinkVideo": "https://files.catbox.moe/3rb7cx.webm",
        "LinkMp3": "https://files.catbox.moe/23iha1.mp3",
        "correctPlayers": [
            "Hooman",
            "Rukawa11",
            "Thaleko",
            "moosepi",
            "nyamu"
        ]
    },
    {
        "animeEng": "Sister Princess: Re Pure",
        "animeRomaji": "Sister Princess: Re Pure",
        "songName": "Be happy, please!",
        "artist": "Ritsuko Okazaki",
        "type": "Ending 8",
        "correctCount": 5,
        "startTime": 50,
        "songDuration": 89.448,
        "songNumber": 46,
        "activePlayerCount": 98,
        "LinkVideo": "https://files.catbox.moe/sb0q7j.webm",
        "LinkMp3": "https://files.catbox.moe/sqt4tc.mp3",
        "correctPlayers": [
            "Chimera",
            "Rukawa11",
            "anonimus_opinion",
            "babababababa",
            "SuperstarPearl"
        ]
    },
    {
        "animeEng": "Crayon Shin-chan: Bakuhatsu! Onsen Wakuwaku Daikessen",
        "animeRomaji": "Crayon Shin-chan: Bakuhatsu! Onsen Wakuwaku Daikessen",
        "songName": "Ii Yu da na",
        "artist": "Nohara Ikka & Wakuwaku Onsen '99",
        "type": "Ending 1",
        "correctCount": 3,
        "startTime": 105,
        "songDuration": 154.056,
        "songNumber": 47,
        "activePlayerCount": 98,
        "LinkVideo": "https://files.catbox.moe/ygnb3a.webm",
        "LinkMp3": "https://files.catbox.moe/fxdr0x.mp3",
        "correctPlayers": [
            "Rukawa11",
            "gaaw",
            "YuriMeguri"
        ]
    },
    {
        "animeEng": "Cute Executive Officer",
        "animeRomaji": "Y\u014djo Shach\u014d",
        "songName": "Kaisha ni Kaerou!",
        "artist": "Hisako Kanemoto feat. Kotori Koiwai",
        "type": "Ending 1",
        "correctCount": 11,
        "startTime": 20,
        "songDuration": 56.016,
        "songNumber": 48,
        "activePlayerCount": 99,
        "LinkVideo": "https://files.catbox.moe/lijn06.webm",
        "LinkMp3": "https://files.catbox.moe/hvj4se.mp3"
    },
    {
        "animeEng": "Aoharu x Machinegun",
        "animeRomaji": "Aoharu x Kikanj\u016b",
        "songName": "The Bravest Destiny",
        "artist": "Toy\u2606Gungun",
        "type": "Opening 1",
        "correctCount": 25,
        "startTime": 29,
        "songDuration": 89.064,
        "songNumber": 49,
        "activePlayerCount": 99,
        "LinkVideo": "https://files.catbox.moe/d88lse.webm",
        "LinkMp3": "https://files.catbox.moe/jkic2u.mp3"
    },
    {
        "animeEng": "Eat-Man '98",
        "animeRomaji": "Eat-Man '98",
        "songName": "Tabibito",
        "artist": "MAGIC",
        "type": "Ending 1",
        "correctCount": 0,
        "startTime": 20,
        "songDuration": 89.472,
        "songNumber": 50,
        "activePlayerCount": 99,
        "LinkVideo": "https://files.catbox.moe/6qncr2.webm",
        "LinkMp3": "https://files.catbox.moe/v5hgzu.mp3"
    },
    {
        "animeEng": "Aikatsu Friends!",
        "animeRomaji": "Aikatsu Friends!",
        "songName": "Arigat\u014d\u21c4Daij\u014dbu",
        "artist": "Aine from BEST FRIENDS!",
        "type": "Insert Song",
        "correctCount": 20,
        "startTime": 31,
        "songDuration": 111.12,
        "songNumber": 51,
        "activePlayerCount": 99,
        "LinkVideo": "https://files.catbox.moe/0clwiv.webm",
        "LinkMp3": "https://files.catbox.moe/81n8sl.mp3"
    },
    {
        "animeEng": "Ninja Hattori",
        "animeRomaji": "Ninja Hattori-kun",
        "songName": "Ninja Hattori-kun",
        "artist": "Ayako Hori & Columbia Yurikago-kai",
        "type": "Opening 1",
        "correctCount": 51,
        "startTime": 7,
        "songDuration": 68.96208,
        "songNumber": 52,
        "activePlayerCount": 99,
        "LinkVideo": "https://files.catbox.moe/ik8qqb.webm",
        "LinkMp3": "https://files.catbox.moe/18qlyk.mp3"
    },
    {
        "animeEng": "Fresh Pretty Cure",
        "animeRomaji": "Fresh Precure!",
        "songName": "Let's! Fresh Precure",
        "artist": "Mizuki Moie",
        "type": "Opening 1",
        "correctCount": 48,
        "startTime": 32,
        "songDuration": 84.024,
        "songNumber": 53,
        "activePlayerCount": 99,
        "LinkVideo": "https://files.catbox.moe/hkmyni.webm",
        "LinkMp3": "https://files.catbox.moe/yuauh9.mp3"
    },
    {
        "animeEng": "Kandagawa Jet Girls",
        "animeRomaji": "Kandagawa Jet Girls",
        "songName": "Kyoukai-sen Girls",
        "artist": "Y\u016b Sasahara & Riko Kohara",
        "type": "Ending 1",
        "correctCount": 8,
        "startTime": 12,
        "songDuration": 88.896,
        "songNumber": 54,
        "activePlayerCount": 99,
        "LinkVideo": "https://files.catbox.moe/mrzsdf.webm",
        "LinkMp3": "https://files.catbox.moe/lr3v6u.mp3"
    },
    {
        "animeEng": "5 Centimeters Per Second",
        "animeRomaji": "By\u014dsoku 5 Centimeter - a chain of short stories about their distance",
        "songName": "One more time, One more chance",
        "artist": "Masayoshi Yamazaki",
        "type": "Insert Song",
        "correctCount": 47,
        "startTime": 69,
        "songDuration": 249.216,
        "songNumber": 55,
        "activePlayerCount": 99,
        "LinkVideo": "https://files.catbox.moe/cfjflx.webm",
        "LinkMp3": "https://files.catbox.moe/nqyfn6.mp3"
    },
    {
        "animeEng": "Space Battleship Yamato: Resurrection",
        "animeRomaji": "Uch\u016b Senkan Yamato: Fukkatsu-hen",
        "songName": "Kono Ai o Sasagete",
        "artist": "THE ALFEE",
        "type": "Ending 1",
        "correctCount": 1,
        "startTime": 95,
        "songDuration": 297.672,
        "songNumber": 56,
        "activePlayerCount": 100,
        "LinkVideo": "https://files.catbox.moe/1bulds.webm",
        "LinkMp3": "https://files.catbox.moe/uutzs2.mp3",
        "correctPlayers": [
            "ki_mera"
        ]
    },
    {
        "animeEng": "Blood Blockade Battlefront & Beyond",
        "animeRomaji": "Kekkai Sensen & Beyond",
        "songName": "TORTOISE KNIGHT",
        "artist": "Ai Ninomiya",
        "type": "Insert Song",
        "correctCount": 5,
        "startTime": 93,
        "songDuration": 142.248,
        "songNumber": 57,
        "activePlayerCount": 100,
        "LinkVideo": "https://files.catbox.moe/48ncbs.webm",
        "LinkMp3": "https://files.catbox.moe/rtxiad.mp3",
        "correctPlayers": [
            "poporio",
            "Zylda",
            "Mereck",
            "anonimus_opinion",
            "Spearlouli"
        ]
    },
    {
        "animeEng": "Ghost Slayers Ayashi",
        "animeRomaji": "Tenp\u014d Ibun Ayakashi Ayashi",
        "songName": "LONE STAR",
        "artist": "Captain Straydum",
        "type": "Opening 2",
        "correctCount": 1,
        "startTime": 15,
        "songDuration": 97.069352,
        "songNumber": 58,
        "activePlayerCount": 100,
        "LinkVideo": "https://files.catbox.moe/4butfp.webm",
        "LinkMp3": "https://files.catbox.moe/qylrjm.mp3",
        "correctPlayers": [
            "llputterll"
        ]
    },
    {
        "animeEng": "Katana Maidens: Toji no Miko",
        "animeRomaji": "Toji no Miko",
        "songName": "Mirai Epilogue",
        "artist": "Kaede Hondo, Saori \u014cnishi, Azumi Waki, Hina Kino, Risae Matsuda, Eri Suzuki",
        "type": "Ending 3",
        "correctCount": 6,
        "startTime": 53,
        "songDuration": 90.048,
        "songNumber": 59,
        "activePlayerCount": 100,
        "LinkVideo": "https://files.catbox.moe/5gn4h1.webm",
        "LinkMp3": "https://files.catbox.moe/0tpsz4.mp3"
    },
    {
        "animeEng": "Chance Triangle Session",
        "animeRomaji": "Chance Pop Session",
        "songName": "Futari Dake no Moon",
        "artist": "Mayumi Iizuka, Takehito Koyasu",
        "type": "Insert Song",
        "correctCount": 0,
        "startTime": 26,
        "songDuration": 239.184,
        "songNumber": 60,
        "activePlayerCount": 100,
        "LinkVideo": "https://files.catbox.moe/wpik81.webm",
        "LinkMp3": "https://files.catbox.moe/fnz2qq.mp3"
    },
    {
        "animeEng": "Alice SOS",
        "animeRomaji": "Alice SOS",
        "songName": "S.O.S",
        "artist": "Megumi Toyoguchi, Motoko Kumai, Ayako Shiraishi, Kyousei Tsukui",
        "type": "Opening 1",
        "correctCount": 35,
        "startTime": 0,
        "songDuration": 16.704,
        "songNumber": 61,
        "activePlayerCount": 100,
        "LinkVideo": "https://files.catbox.moe/tgnd8u.webm",
        "LinkMp3": "https://files.catbox.moe/die60l.mp3"
    },
    {
        "animeEng": "Star Driver",
        "animeRomaji": "Star Driver Kagayaki no Takuto",
        "songName": "Komorebi no Contact ~ Wako avec accompagnement du piano",
        "artist": "Saori Hayami",
        "type": "Insert Song",
        "correctCount": 7,
        "startTime": 24,
        "songDuration": 61.152,
        "songNumber": 62,
        "activePlayerCount": 99,
        "LinkVideo": "https://files.catbox.moe/9e21e4.webm",
        "LinkMp3": "https://files.catbox.moe/baamvm.mp3"
    },
    {
        "animeEng": "Orange: Mirai",
        "animeRomaji": "Orange: Mirai",
        "songName": "Mirai",
        "artist": "Kobukuro",
        "type": "Opening 1",
        "correctCount": 28,
        "startTime": 138,
        "songDuration": 304.45191,
        "songNumber": 63,
        "activePlayerCount": 99,
        "LinkVideo": "https://files.catbox.moe/sacu74.webm",
        "LinkMp3": "https://files.catbox.moe/2w00z7.mp3"
    },
    {
        "animeEng": "The Numbers",
        "animeRomaji": "Nanbaka",
        "songName": "Rin! Rin! Hi! Hi!",
        "artist": "Hashiguchikanaderiya hugs The Super Ball",
        "type": "Opening 1",
        "correctCount": 56,
        "startTime": 33,
        "songDuration": 87.84,
        "songNumber": 64,
        "activePlayerCount": 99,
        "LinkVideo": "https://files.catbox.moe/iobsd5.webm",
        "LinkMp3": "https://files.catbox.moe/pyz4kz.mp3"
    },
    {
        "animeEng": "Yuruyuri Ten",
        "animeRomaji": "Yuruyuri Ten",
        "songName": "Yuruyuri, Tenyawanya\u2606",
        "artist": "Nanamori Ch\u016b\u2606Goraku-bu",
        "type": "Opening 1",
        "correctCount": 23,
        "startTime": 37,
        "songDuration": 88.368,
        "songNumber": 65,
        "activePlayerCount": 99,
        "LinkVideo": "https://files.catbox.moe/os58b6.webm",
        "LinkMp3": "https://files.catbox.moe/1ozd2c.mp3"
    },
    {
        "animeEng": "Black Bullet",
        "animeRomaji": "Black Bullet",
        "songName": "black bullet",
        "artist": "fripSide",
        "type": "Opening 1",
        "correctCount": 67,
        "startTime": 15,
        "songDuration": 87.90053,
        "songNumber": 66,
        "activePlayerCount": 99,
        "LinkVideo": "https://files.catbox.moe/aeppq7.webm",
        "LinkMp3": "https://files.catbox.moe/57m787.mp3"
    },
    {
        "animeEng": "Golden Kamuy",
        "animeRomaji": "Golden Kamuy",
        "songName": "Winding Road",
        "artist": "MAN WITH A MISSION",
        "type": "Opening 1",
        "correctCount": 49,
        "startTime": 36,
        "songDuration": 88.03265,
        "songNumber": 67,
        "activePlayerCount": 98,
        "LinkVideo": "https://files.catbox.moe/h8ylkl.webm",
        "LinkMp3": "https://files.catbox.moe/junng7.mp3"
    },
    {
        "animeEng": "as the moon, so beautiful",
        "animeRomaji": "Tsukigakirei",
        "songName": "Tsuki ga Kirei",
        "artist": "Nao T\u014dyama",
        "type": "Ending 1",
        "correctCount": 54,
        "startTime": 17,
        "songDuration": 89.491656,
        "songNumber": 68,
        "activePlayerCount": 98,
        "LinkVideo": "https://files.catbox.moe/b0hc4q.webm",
        "LinkMp3": "https://files.catbox.moe/n2zvid.mp3"
    },
    {
        "animeEng": "Sailor Moon R the Movie: Promise of the Rose",
        "animeRomaji": "Bish\u014djo Senshi Sailor Moon R: The Movie",
        "songName": "Moonlight Densetsu",
        "artist": "DALI",
        "type": "Opening 1",
        "correctCount": 47,
        "startTime": 40,
        "songDuration": 81.576,
        "songNumber": 69,
        "activePlayerCount": 98,
        "LinkVideo": "https://files.catbox.moe/n7bgqk.webm",
        "LinkMp3": "https://files.catbox.moe/2l2ggb.mp3"
    },
    {
        "animeEng": "SUPER HXEROS",
        "animeRomaji": "Doky\u016b Hentai HxEros",
        "songName": "Lost emotion",
        "artist": "Ai Kakuma",
        "type": "Ending 1",
        "correctCount": 29,
        "startTime": 27,
        "songDuration": 89.568,
        "songNumber": 70,
        "activePlayerCount": 98,
        "LinkVideo": "https://files.catbox.moe/z4cmeq.webm",
        "LinkMp3": "https://files.catbox.moe/81xnbe.mp3"
    },
    {
        "animeEng": "Tenjho Tenge",
        "animeRomaji": "Tenj\u014d Tenge",
        "songName": "Bomb A Head! V",
        "artist": "m.c.A\u00b7T",
        "type": "Opening 1",
        "correctCount": 52,
        "startTime": 18,
        "songDuration": 88.392,
        "songNumber": 71,
        "activePlayerCount": 98,
        "LinkVideo": "https://files.catbox.moe/tn1wok.webm",
        "LinkMp3": "https://files.catbox.moe/mgm6ju.mp3"
    },
    {
        "animeEng": "Re:Cutie Honey",
        "animeRomaji": "Re:Cutie Honey",
        "songName": "Cutie Honey",
        "artist": "Kumi Koda",
        "type": "Opening 1",
        "correctCount": 31,
        "startTime": 37,
        "songDuration": 88.368,
        "songNumber": 72,
        "activePlayerCount": 97,
        "LinkVideo": "https://files.catbox.moe/4e5r2f.webm",
        "LinkMp3": "https://files.catbox.moe/t2x8jt.mp3"
    },
    {
        "animeEng": "The Law of Ueki",
        "animeRomaji": "Ueki no H\u014dsoku",
        "songName": "Falco",
        "artist": "Hitomi Shimatani",
        "type": "Opening 1",
        "correctCount": 20,
        "startTime": 53,
        "songDuration": 87.864,
        "songNumber": 73,
        "activePlayerCount": 97,
        "LinkVideo": "https://files.catbox.moe/7wkoge.webm",
        "LinkMp3": "https://files.catbox.moe/8xy4y5.mp3"
    },
    {
        "animeEng": "Aria the Scarlet Ammo",
        "animeRomaji": "Hidan no Aria",
        "songName": "Deep Forest.",
        "artist": "Aiko Nakano",
        "type": "Insert Song",
        "correctCount": 7,
        "startTime": 9,
        "songDuration": 43.248,
        "songNumber": 74,
        "activePlayerCount": 97,
        "LinkVideo": "https://files.catbox.moe/4ltqlr.webm",
        "LinkMp3": "https://files.catbox.moe/n5u24f.mp3"
    },
    {
        "animeEng": "Our Last Crusade or the Rise of a New World",
        "animeRomaji": "Kimi to Boku no Saigo no Senj\u014d, Arui wa Sekai ga Hajimaru Seisen",
        "songName": "Against.",
        "artist": "Kaori Ishihara",
        "type": "Opening 1",
        "correctCount": 37,
        "startTime": 32,
        "songDuration": 88.248,
        "songNumber": 75,
        "activePlayerCount": 97,
        "LinkVideo": "https://files.catbox.moe/jef7hp.webm",
        "LinkMp3": "https://files.catbox.moe/7b3ap0.mp3"
    }
]