[
    {
        "animeEng": "Pikachu and Pichu",
        "animeRomaji": "Pichu to Pikachu",
        "songName": "Tomodachi Kinenbu",
        "artist": "Noriko Sakai & Naoto Takenaka",
        "type": "Ending 1",
        "correctCount": 7,
        "startTime": 16,
        "songDuration": 216.048,
        "songNumber": 1,
        "activePlayerCount": 196,
        "LinkVideo": "https://files.catbox.moe/msh05z.webm",
        "LinkMp3": "https://files.catbox.moe/g4d3n6.mp3"
    },
    {
        "animeEng": "Occult Academy",
        "animeRomaji": "Seikimatsu Occult Gakuin",
        "songName": "Flying Humanoid",
        "artist": "Shoko Nakagawa",
        "type": "Opening 1",
        "correctCount": 11,
        "startTime": 5,
        "songDuration": 88.704,
        "songNumber": 2,
        "activePlayerCount": 196,
        "LinkVideo": "https://files.catbox.moe/8how6h.webm",
        "LinkMp3": "https://files.catbox.moe/gq4crx.mp3"
    },
    {
        "animeEng": "Dragon Quest: Great Adventure of Dai",
        "animeRomaji": "Dragon Quest: Dai no Daib\u014dken",
        "songName": "Yuusha yo Isoge!!",
        "artist": "Jirou Dan",
        "type": "Opening 1",
        "correctCount": 6,
        "startTime": 55,
        "songDuration": 95.069333,
        "songNumber": 3,
        "activePlayerCount": 196,
        "LinkVideo": "https://files.catbox.moe/lhpg0d.webm",
        "LinkMp3": "https://files.catbox.moe/oobf5o.mp3"
    },
    {
        "animeEng": "LAST HOPE",
        "animeRomaji": "J\u016bshinki Pandora",
        "songName": "Kanashimi to Tomoni",
        "artist": "Megumi Nakajima",
        "type": "Insert Song",
        "correctCount": 2,
        "startTime": 65,
        "songDuration": 210.2821,
        "songNumber": 4,
        "activePlayerCount": 196,
        "LinkVideo": "https://files.catbox.moe/ffwknc.webm",
        "LinkMp3": "https://files.catbox.moe/yxqq1m.mp3",
        "correctPlayers": [
            "asleep",
            "fokha"
        ]
    },
    {
        "animeEng": "M3 the dark metal",
        "animeRomaji": "M3: Sono Kuroki Hagane",
        "songName": "Replica",
        "artist": "Maaya Sakamoto",
        "type": "Opening 2",
        "correctCount": 24,
        "startTime": 42,
        "songDuration": 88.512,
        "songNumber": 5,
        "activePlayerCount": 196,
        "LinkVideo": "https://files.catbox.moe/7rrv8s.webm",
        "LinkMp3": "https://files.catbox.moe/ogg5ik.mp3"
    },
    {
        "animeEng": "Re:Stage! Dream Days",
        "animeRomaji": "Re:Stage! Dream Days",
        "songName": "Kirai Kirai C\u042fY",
        "artist": "Masumi Tazawa & Yuki Sorami",
        "type": "Insert Song",
        "correctCount": 16,
        "startTime": 8,
        "songDuration": 68.592,
        "songNumber": 6,
        "activePlayerCount": 193,
        "LinkVideo": "https://files.catbox.moe/qsjlwz.webm",
        "LinkMp3": "https://files.catbox.moe/ejlhqr.mp3"
    },
    {
        "animeEng": "Dragon Ball Z: The History Of Trunks",
        "animeRomaji": "Dragon Ball Z: Zetsub\u014d e no Hank\u014d!! Nokosareta Ch\u014d Senshi - Gohan to Trunks",
        "songName": "CHA-LA HEAD-CHA-LA",
        "artist": "Hironobu Kageyama",
        "type": "Opening 1",
        "correctCount": 180,
        "startTime": 19,
        "songDuration": 107.074078,
        "songNumber": 7,
        "activePlayerCount": 191,
        "LinkVideo": "https://files.catbox.moe/al9o96.webm",
        "LinkMp3": "https://files.catbox.moe/ewehoa.mp3"
    },
    {
        "animeEng": "I've Had Enough of Being a Magical Girl. Second Season",
        "animeRomaji": "Mah\u014d Sh\u014djo Nante m\u014d ii desu kara. Second Season",
        "songName": "Kimi-iro ni Somaru ~Earth Star Dream ver.~",
        "artist": "Earth Star Dream",
        "type": "Opening 1",
        "correctCount": 62,
        "startTime": 9,
        "songDuration": 44.448,
        "songNumber": 8,
        "activePlayerCount": 191,
        "LinkVideo": "https://files.catbox.moe/19y6oa.webm",
        "LinkMp3": "https://files.catbox.moe/yi3gmt.mp3"
    },
    {
        "animeEng": "Fate/kaleid liner Prisma\u2606Illya 2wei Herz!",
        "animeRomaji": "Fate/kaleid liner Prisma\u2606Illya 2wei Herz!",
        "songName": "starlog",
        "artist": "ChouCho",
        "type": "Insert Song",
        "correctCount": 112,
        "startTime": 1,
        "songDuration": 39.024,
        "songNumber": 9,
        "activePlayerCount": 190,
        "LinkVideo": "https://files.catbox.moe/05fgbc.webm",
        "LinkMp3": "https://files.catbox.moe/lfr60g.mp3"
    },
    {
        "animeEng": "Burst Angel",
        "animeRomaji": "Burst Angel",
        "songName": "Hitoshizuku",
        "artist": "Shinji Kakijima",
        "type": "Insert Song",
        "correctCount": 5,
        "startTime": 83,
        "songDuration": 140.04,
        "songNumber": 10,
        "activePlayerCount": 190,
        "LinkVideo": "https://files.catbox.moe/6no63d.webm",
        "LinkMp3": "https://files.catbox.moe/2tgkcq.mp3",
        "correctPlayers": [
            "asleep",
            "Eaker",
            "Shuuka",
            "Pyros",
            "TKN"
        ]
    },
    {
        "animeEng": "Kirby: Right Back At Ya!",
        "animeRomaji": "Hoshi no Kirby",
        "songName": "Kirby\u2605March",
        "artist": "Shanchii",
        "type": "Opening 1",
        "correctCount": 32,
        "startTime": 47,
        "songDuration": 90.408,
        "songNumber": 11,
        "activePlayerCount": 190,
        "LinkVideo": "https://files.catbox.moe/90nf98.webm",
        "LinkMp3": "https://files.catbox.moe/v1dteu.mp3"
    },
    {
        "animeEng": "One Piece Episode of Merry: M\u014d Hitori no Nakama no Monogatari",
        "animeRomaji": "One Piece Episode of Merry: M\u014d Hitori no Nakama no Monogatari",
        "songName": "memories",
        "artist": "moumoon",
        "type": "Ending 1",
        "correctCount": 4,
        "startTime": 2,
        "songDuration": 92.064,
        "songNumber": 12,
        "activePlayerCount": 190,
        "LinkVideo": "https://files.catbox.moe/r5ugjr.webm",
        "LinkMp3": "https://files.catbox.moe/0sh3gv.mp3",
        "correctPlayers": [
            "Rukawa11",
            "yanvictor",
            "revel_",
            "kneesoxluver"
        ]
    },
    {
        "animeEng": "Cutey Honey",
        "animeRomaji": "Cutey Honey",
        "songName": "Yogiri no Honey",
        "artist": "Yoko Maekawa",
        "type": "Ending 1",
        "correctCount": 4,
        "startTime": 102,
        "songDuration": 156.648,
        "songNumber": 13,
        "activePlayerCount": 190,
        "LinkVideo": "https://files.catbox.moe/smexjz.webm",
        "LinkMp3": "https://files.catbox.moe/l5n9vk.mp3",
        "correctPlayers": [
            "Anwonu",
            "PearI",
            "Hecate",
            "yeims"
        ]
    },
    {
        "animeEng": "Pikachu's Summer Vacation",
        "animeRomaji": "Pikachu no Natsuyasumi",
        "songName": "Vacation",
        "artist": "Vitamin C",
        "type": "Opening 1",
        "correctCount": 66,
        "startTime": 17,
        "songDuration": 82.08,
        "songNumber": 14,
        "activePlayerCount": 188,
        "LinkVideo": "https://files.catbox.moe/z5pcmp.webm",
        "LinkMp3": "https://files.catbox.moe/wtojof.mp3"
    },
    {
        "animeEng": "Pok\u00e9mon: The First Movie - Mewtwo Strikes Back",
        "animeRomaji": "Pocket Monsters: Mewtwo no Gyakush\u016b",
        "songName": "Brother My Brother",
        "artist": "Blessid Union of Souls",
        "type": "Insert Song",
        "correctCount": 71,
        "startTime": 79,
        "songDuration": 117.36,
        "songNumber": 15,
        "activePlayerCount": 189,
        "LinkVideo": "https://files.catbox.moe/09fpdn.webm",
        "LinkMp3": "https://files.catbox.moe/juqsff.mp3"
    },
    {
        "animeEng": "Meganebu!",
        "animeRomaji": "Meganebu!",
        "songName": "World's End",
        "artist": "MUCC",
        "type": "Opening 1",
        "correctCount": 16,
        "startTime": 34,
        "songDuration": 87.072,
        "songNumber": 16,
        "activePlayerCount": 189,
        "LinkVideo": "https://files.catbox.moe/9e8rr5.webm",
        "LinkMp3": "https://files.catbox.moe/p1nrhg.mp3"
    },
    {
        "animeEng": "Crayon Shin-chan: Bakuhatsu! Onsen Wakuwaku Daikessen",
        "animeRomaji": "Crayon Shin-chan: Bakuhatsu! Onsen Wakuwaku Daikessen",
        "songName": "Ii Yu da na",
        "artist": "Nohara Ikka & Wakuwaku Onsen '99",
        "type": "Ending 1",
        "correctCount": 3,
        "startTime": 24,
        "songDuration": 154.056,
        "songNumber": 17,
        "activePlayerCount": 189,
        "LinkVideo": "https://files.catbox.moe/ygnb3a.webm",
        "LinkMp3": "https://files.catbox.moe/fxdr0x.mp3",
        "correctPlayers": [
            "Chriskatsurada",
            "angelofeternity",
            "YuriMeguri"
        ]
    },
    {
        "animeEng": "Nyanpire The Animation",
        "animeRomaji": "Nyanpire The Animation",
        "songName": "Nyanpire Tais\u014d",
        "artist": "Nyatsuko Asou & Nyadain",
        "type": "Ending 1",
        "correctCount": 44,
        "startTime": 41,
        "songDuration": 88.728,
        "songNumber": 18,
        "activePlayerCount": 187,
        "LinkVideo": "https://files.catbox.moe/j7l6y3.webm",
        "LinkMp3": "https://files.catbox.moe/g85wrv.mp3"
    },
    {
        "animeEng": "Sekai Ichi Hatsukoi - The World's Greatest First Love: Propose Arc",
        "animeRomaji": "Sekai-ichi Hatsukoi: Propose-hen",
        "songName": "Mirai mo Kimi no Te no Naka de",
        "artist": "Shuhei Kita",
        "type": "Ending 1",
        "correctCount": 8,
        "startTime": 51,
        "songDuration": 87.312,
        "songNumber": 19,
        "activePlayerCount": 188,
        "LinkVideo": "https://files.catbox.moe/qdhdyu.webm",
        "LinkMp3": "https://files.catbox.moe/jphpk6.mp3"
    },
    {
        "animeEng": "The Strange Tale of a Dream Sphere Dealer",
        "animeRomaji": "Yumedamaya Kidan",
        "songName": "Kaa-san no Hane",
        "artist": "Tatsuya Ishii",
        "type": "Opening 1",
        "correctCount": 0,
        "startTime": 76,
        "songDuration": 137.736,
        "songNumber": 20,
        "activePlayerCount": 187,
        "LinkVideo": "https://files.catbox.moe/tapdko.webm",
        "LinkMp3": "https://files.catbox.moe/4ynwgi.mp3"
    },
    {
        "animeEng": "Pok\u00e9mon: The Rise of Darkrai",
        "animeRomaji": "Pocket Monsters Diamond & Pearl: Dialga vs. Palkia vs. Darkrai",
        "songName": "Together2007",
        "artist": "Fumie Akiyoshi",
        "type": "Opening 1",
        "correctCount": 37,
        "startTime": 13,
        "songDuration": 143.04,
        "songNumber": 21,
        "activePlayerCount": 188,
        "LinkVideo": "https://files.catbox.moe/59ga7y.webm",
        "LinkMp3": "https://files.catbox.moe/gtx6ib.mp3"
    },
    {
        "animeEng": "Recovery of an MMO Junkie",
        "animeRomaji": "Net-j\u016b no Susume",
        "songName": "Saturday Night Question",
        "artist": "Megumi Nakajima",
        "type": "Opening 1",
        "correctCount": 117,
        "startTime": 33,
        "songDuration": 88.224,
        "songNumber": 22,
        "activePlayerCount": 188,
        "LinkVideo": "https://files.catbox.moe/exd1zi.webm",
        "LinkMp3": "https://files.catbox.moe/yt4zu2.mp3"
    },
    {
        "animeEng": "Kurozuka",
        "animeRomaji": "Kurozuka",
        "songName": "SYSTEMATIC PEOPLE",
        "artist": "WAGDUG FUTURISTIC UNITY featuring Maximum the Ryo-kun",
        "type": "Opening 1",
        "correctCount": 24,
        "startTime": 21,
        "songDuration": 80.376,
        "songNumber": 23,
        "activePlayerCount": 188,
        "LinkVideo": "https://files.catbox.moe/cyaa1k.webm",
        "LinkMp3": "https://files.catbox.moe/s869ne.mp3"
    },
    {
        "animeEng": "Eiga HappinessCharge Precure! Ningy\u014d no Kuni no Ballerina",
        "animeRomaji": "Eiga HappinessCharge Precure! Ningy\u014d no Kuni no Ballerina",
        "songName": "HappinessCharge Precure! WOW!",
        "artist": "Sayaka Nakaya",
        "type": "Opening 1",
        "correctCount": 124,
        "startTime": 12,
        "songDuration": 88.944,
        "songNumber": 24,
        "activePlayerCount": 187,
        "LinkVideo": "https://files.catbox.moe/ukomg4.webm",
        "LinkMp3": "https://files.catbox.moe/anmmsr.mp3"
    },
    {
        "animeEng": "Himitsu Kessha Taka no Tsume Gaiden: Mukashi no Yoshida-kun",
        "animeRomaji": "Himitsu Kessha Taka no Tsume Gaiden: Mukashi no Yoshida-kun",
        "songName": "Koi no Exhaust Note",
        "artist": "FROGMAN",
        "type": "Ending 1",
        "correctCount": 5,
        "startTime": 0,
        "songDuration": 27.6,
        "songNumber": 25,
        "activePlayerCount": 186,
        "LinkVideo": "https://files.catbox.moe/1tooui.webm",
        "LinkMp3": "https://files.catbox.moe/1wrnxc.mp3",
        "correctPlayers": [
            "Catisam",
            "ShiroKuro",
            "Shuuka",
            "revel_",
            "kneesoxluver"
        ]
    },
    {
        "animeEng": "Warlords of Sigrdrifa",
        "animeRomaji": "Senyoku no Sigrdrifa",
        "songName": "Higher's High",
        "artist": "Akari Nanawo",
        "type": "Opening 1",
        "correctCount": 47,
        "startTime": 54,
        "songDuration": 88.416,
        "songNumber": 26,
        "activePlayerCount": 186,
        "LinkVideo": "https://files.catbox.moe/3ytz26.webm",
        "LinkMp3": "https://files.catbox.moe/upbn9o.mp3"
    },
    {
        "animeEng": "Seven of Seven",
        "animeRomaji": "Shichinin no Nana",
        "songName": "Success, success",
        "artist": "nana\u00d7nana",
        "type": "Opening 1",
        "correctCount": 12,
        "startTime": 18,
        "songDuration": 89.496,
        "songNumber": 27,
        "activePlayerCount": 186,
        "LinkVideo": "https://files.catbox.moe/lx45nv.webm",
        "LinkMp3": "https://files.catbox.moe/9ytuwg.mp3"
    },
    {
        "animeEng": "Promare",
        "animeRomaji": "Promare",
        "songName": "Kakusei",
        "artist": "Superfly",
        "type": "Insert Song",
        "correctCount": 72,
        "startTime": 71,
        "songDuration": 175.224,
        "songNumber": 28,
        "activePlayerCount": 186,
        "LinkVideo": "https://files.catbox.moe/q5kh3a.webm",
        "LinkMp3": "https://files.catbox.moe/mpj67y.mp3"
    },
    {
        "animeEng": "Fire Tripper",
        "animeRomaji": "Fire Tripper",
        "songName": "Yokan",
        "artist": "Kaoru Akimoto",
        "type": "Opening 1",
        "correctCount": 11,
        "startTime": 32,
        "songDuration": 112.656,
        "songNumber": 29,
        "activePlayerCount": 186,
        "LinkVideo": "https://files.catbox.moe/ewwq3p.webm",
        "LinkMp3": "https://files.catbox.moe/i3zead.mp3"
    },
    {
        "animeEng": "Violet Evergarden",
        "animeRomaji": "Violet Evergarden",
        "songName": "Michishirube",
        "artist": "Minori Chihara",
        "type": "Ending 1",
        "correctCount": 144,
        "startTime": 13,
        "songDuration": 87.552,
        "songNumber": 30,
        "activePlayerCount": 186,
        "LinkVideo": "https://files.catbox.moe/cbrrdr.webm",
        "LinkMp3": "https://files.catbox.moe/q3n9ic.mp3"
    },
    {
        "animeEng": "Samurai Bride",
        "animeRomaji": "Hyakka Ry\u014dran Samurai Bride",
        "songName": "Kekka, Guuzen de Gozasourou",
        "artist": "Aoi Y\u016bki, Rie Kugimiya, Minako Kotobuki",
        "type": "Ending 1",
        "correctCount": 5,
        "startTime": 51,
        "songDuration": 89.472,
        "songNumber": 31,
        "activePlayerCount": 185,
        "LinkVideo": "https://files.catbox.moe/9y45cm.webm",
        "LinkMp3": "https://files.catbox.moe/wpf801.mp3",
        "correctPlayers": [
            "Swords",
            "iQuestGod",
            "AquaHaze",
            "kneesoxluver",
            "KaedeTakagaki"
        ]
    },
    {
        "animeEng": "DearS",
        "animeRomaji": "DearS",
        "songName": "Happy Cosmos",
        "artist": "PoppinS",
        "type": "Ending 1",
        "correctCount": 20,
        "startTime": 48,
        "songDuration": 84.072,
        "songNumber": 32,
        "activePlayerCount": 185,
        "LinkVideo": "https://files.catbox.moe/0yhsq0.webm",
        "LinkMp3": "https://files.catbox.moe/avlzad.mp3"
    },
    {
        "animeEng": "Tokimeki Tonight",
        "animeRomaji": "Tokimeki Tonight",
        "songName": "Super Love Lotion",
        "artist": "Harumi Kamo",
        "type": "Ending 1",
        "correctCount": 24,
        "startTime": 35,
        "songDuration": 72.528,
        "songNumber": 33,
        "activePlayerCount": 185,
        "LinkVideo": "https://files.catbox.moe/qgghma.webm",
        "LinkMp3": "https://files.catbox.moe/6mfjdo.mp3"
    },
    {
        "animeEng": "SK8 the Infinity",
        "animeRomaji": "SK\u221e",
        "songName": "Paradise",
        "artist": "Rude-\u03b1",
        "type": "Opening 1",
        "correctCount": 67,
        "startTime": 24,
        "songDuration": 86.4,
        "songNumber": 34,
        "activePlayerCount": 185,
        "LinkVideo": "https://files.catbox.moe/ml5ngg.webm",
        "LinkMp3": "https://files.catbox.moe/zhka64.mp3"
    },
    {
        "animeEng": "Alice Academy",
        "animeRomaji": "Gakuen Alice",
        "songName": "Pikapika no Taiy\u014d",
        "artist": "Kana Ueda",
        "type": "Opening 1",
        "correctCount": 16,
        "startTime": 59,
        "songDuration": 99.024,
        "songNumber": 35,
        "activePlayerCount": 186,
        "LinkVideo": "https://files.catbox.moe/044mj5.webm",
        "LinkMp3": "https://files.catbox.moe/qqya8y.mp3"
    },
    {
        "animeEng": "Hiiro no Kakera: The Tamayori Princess Saga",
        "animeRomaji": "Hiiro no Kakera",
        "songName": "Nee",
        "artist": "Maiko Fujita",
        "type": "Opening 1",
        "correctCount": 46,
        "startTime": 22,
        "songDuration": 89.616,
        "songNumber": 36,
        "activePlayerCount": 186,
        "LinkVideo": "https://files.catbox.moe/mtgqwc.webm",
        "LinkMp3": "https://files.catbox.moe/ldvcjo.mp3"
    },
    {
        "animeEng": "TAMAYOMI : The Baseball Girls",
        "animeRomaji": "Tamayomi",
        "songName": "Plus Minus Zero no H\u014dsoku",
        "artist": "Shin Koshigaya K\u014dk\u014d Joshi Nodama-bu",
        "type": "Ending 1",
        "correctCount": 30,
        "startTime": 5,
        "songDuration": 86.616,
        "songNumber": 37,
        "activePlayerCount": 185,
        "LinkVideo": "https://files.catbox.moe/1y0jhr.webm",
        "LinkMp3": "https://files.catbox.moe/uk1oj1.mp3"
    },
    {
        "animeEng": "Love Rice",
        "animeRomaji": "Love Kome -We Love Rice-",
        "songName": "Blend My Love",
        "artist": "LOVE RICE",
        "type": "Insert Song",
        "correctCount": 11,
        "startTime": 0,
        "songDuration": 26.568,
        "songNumber": 38,
        "activePlayerCount": 185,
        "LinkVideo": "https://files.catbox.moe/xl564b.webm",
        "LinkMp3": "https://files.catbox.moe/xk9sew.mp3"
    },
    {
        "animeEng": "Cardcaptor Sakura",
        "animeRomaji": "Cardcaptor Sakura",
        "songName": "Tobira o Akete",
        "artist": "ANZA",
        "type": "Opening 2",
        "correctCount": 79,
        "startTime": 17,
        "songDuration": 78.072,
        "songNumber": 39,
        "activePlayerCount": 184,
        "LinkVideo": "https://files.catbox.moe/xs3488.webm",
        "LinkMp3": "https://files.catbox.moe/zmyptk.mp3"
    },
    {
        "animeEng": "Kurogane Communication",
        "animeRomaji": "Kurogane Communication",
        "songName": "my best friend",
        "artist": "Yui Horie",
        "type": "Opening 1",
        "correctCount": 12,
        "startTime": 40,
        "songDuration": 89.568,
        "songNumber": 40,
        "activePlayerCount": 184,
        "LinkVideo": "https://files.catbox.moe/p237eg.webm",
        "LinkMp3": "https://files.catbox.moe/7a6913.mp3"
    },
    {
        "animeEng": "Shiohi Girls: Vongole Bianco",
        "animeRomaji": "Shiohi Girls: Vongole Bianco",
        "songName": "Kimi wa Shiohi Girl",
        "artist": "ONIGAWARA",
        "type": "Opening 1",
        "correctCount": 23,
        "startTime": 0,
        "songDuration": 31.704,
        "songNumber": 41,
        "activePlayerCount": 184,
        "LinkVideo": "https://files.catbox.moe/x8x0st.webm",
        "LinkMp3": "https://files.catbox.moe/iw8sk9.mp3"
    },
    {
        "animeEng": "Nippon-ichi no Otoko no Tamashii",
        "animeRomaji": "Nippon-ichi no Otoko no Tamashii",
        "songName": "Yurameki",
        "artist": "Dir en grey",
        "type": "Opening 1",
        "correctCount": 3,
        "startTime": 16,
        "songDuration": 63.576,
        "songNumber": 42,
        "activePlayerCount": 185,
        "LinkVideo": "https://files.catbox.moe/icvxfo.webm",
        "LinkMp3": "https://files.catbox.moe/w8dzt6.mp3",
        "correctPlayers": [
            "asleep",
            "kimika",
            "ozsauce"
        ]
    },
    {
        "animeEng": "Tokyo Majin",
        "animeRomaji": "Tokyo Majin Gakuen Kenpucho: Tou",
        "songName": "0:00A.M.",
        "artist": "ACID",
        "type": "Opening 1",
        "correctCount": 24,
        "startTime": 10,
        "songDuration": 86.544,
        "songNumber": 43,
        "activePlayerCount": 185,
        "LinkVideo": "https://files.catbox.moe/rwps4k.webm",
        "LinkMp3": "https://files.catbox.moe/f967q3.mp3"
    },
    {
        "animeEng": "Kaiju Step Wandabada",
        "animeRomaji": "Kaiju Step Wandabada",
        "songName": "Kaiju Step Wandabada",
        "artist": "Keropons",
        "type": "Opening 1",
        "correctCount": 57,
        "startTime": 0,
        "songDuration": 23.448,
        "songNumber": 44,
        "activePlayerCount": 185,
        "LinkVideo": "https://files.catbox.moe/u1okqd.webm",
        "LinkMp3": "https://files.catbox.moe/nthfgk.mp3"
    },
    {
        "animeEng": "Strike Witches: Road to Berlin",
        "animeRomaji": "Dai-501 T\u014dg\u014d Sent\u014d K\u014dk\u016b-dan Strike Witches: Road to Berlin",
        "songName": "Kimi no Tsubasa ni Akogarete",
        "artist": "Ami Koshimizu",
        "type": "Ending 4",
        "correctCount": 17,
        "startTime": 14,
        "songDuration": 88.824,
        "songNumber": 45,
        "activePlayerCount": 185,
        "LinkVideo": "https://files.catbox.moe/8z20rc.webm",
        "LinkMp3": "https://files.catbox.moe/lutzz8.mp3"
    },
    {
        "animeEng": "Tales of Zestiria the X",
        "animeRomaji": "Tales of Zestiria the X",
        "songName": "INNOSENSE",
        "artist": "FLOW",
        "type": "Ending 1",
        "correctCount": 45,
        "startTime": 38,
        "songDuration": 88.776,
        "songNumber": 46,
        "activePlayerCount": 185,
        "LinkVideo": "https://files.catbox.moe/9zja81.webm",
        "LinkMp3": "https://files.catbox.moe/1on2wr.mp3"
    },
    {
        "animeEng": "B-PROJECT-Zecch\u014d Emotion-",
        "animeRomaji": "B-PROJECT-Zecch\u014d Emotion-",
        "songName": "Hikari to Kage no Toki Musubu",
        "artist": "Kitakore",
        "type": "Ending 4",
        "correctCount": 5,
        "startTime": 53,
        "songDuration": 88.997654,
        "songNumber": 47,
        "activePlayerCount": 184,
        "LinkVideo": "https://files.catbox.moe/p15hn3.webm",
        "LinkMp3": "https://files.catbox.moe/pm2yyb.mp3",
        "correctPlayers": [
            "Shuuka",
            "asd4321",
            "kneesoxluver",
            "Tsuyura",
            "Legend_"
        ]
    },
    {
        "animeEng": "Kiba",
        "animeRomaji": "Kiba",
        "songName": "Sekai no Hate made",
        "artist": "Kozue Takada",
        "type": "Ending 4",
        "correctCount": 6,
        "startTime": 54,
        "songDuration": 88.94541,
        "songNumber": 48,
        "activePlayerCount": 184,
        "LinkVideo": "https://files.catbox.moe/uyb5y9.webm",
        "LinkMp3": "https://files.catbox.moe/x0xi05.mp3"
    },
    {
        "animeEng": "Mobile Suit Gundam 00",
        "animeRomaji": "Mobile Suit Gundam 00",
        "songName": "Wana",
        "artist": "THE BACK HORN",
        "type": "Ending 1",
        "correctCount": 40,
        "startTime": 54,
        "songDuration": 89.424,
        "songNumber": 49,
        "activePlayerCount": 184,
        "LinkVideo": "https://files.catbox.moe/zcu7v7.webm",
        "LinkMp3": "https://files.catbox.moe/w9pgvr.mp3"
    },
    {
        "animeEng": "One Piece: The Movie",
        "animeRomaji": "One Piece: The Movie",
        "songName": "We Are!",
        "artist": "Hiroshi Kitadani",
        "type": "Opening 1",
        "correctCount": 130,
        "startTime": 59,
        "songDuration": 109.704,
        "songNumber": 50,
        "activePlayerCount": 183,
        "LinkVideo": "https://files.catbox.moe/u6wbwb.webm",
        "LinkMp3": "https://files.catbox.moe/ab1vhf.mp3"
    },
    {
        "animeEng": "JoJo's Bizarre Adventure: Stardust Crusaders",
        "animeRomaji": "JoJo no Kimy\u014d na B\u014dken: Stardust Crusaders",
        "songName": "Akuyaku Ky\u014ds\u014dkyoku ~ Horu Hoosu to Boingo~",
        "artist": "Hidenobu Kiuchi & Motoko Kumai",
        "type": "Ending 3",
        "correctCount": 109,
        "startTime": 48,
        "songDuration": 89.568,
        "songNumber": 51,
        "activePlayerCount": 182,
        "LinkVideo": "https://files.catbox.moe/fsb1p9.webm",
        "LinkMp3": "https://files.catbox.moe/x6vrpj.mp3"
    },
    {
        "animeEng": "Knights of the Zodiac: Saint Seiya",
        "animeRomaji": "Knights of the Zodiac: Saint Seiya",
        "songName": "PEGASUS SEIYA",
        "artist": "The Struts",
        "type": "Opening 1",
        "correctCount": 29,
        "startTime": 46,
        "songDuration": 86.616,
        "songNumber": 52,
        "activePlayerCount": 182,
        "LinkVideo": "https://files.catbox.moe/svwqm5.webm",
        "LinkMp3": "https://files.catbox.moe/662eiz.mp3"
    },
    {
        "animeEng": "Berserk: The Golden Age Arc III - The Advent",
        "animeRomaji": "Berserk \u014cgon Jidai-Hen III: K\u014drin",
        "songName": "Aria",
        "artist": "Susumu Hirasawa",
        "type": "Opening 1",
        "correctCount": 126,
        "startTime": 24,
        "songDuration": 91.752,
        "songNumber": 53,
        "activePlayerCount": 182,
        "LinkVideo": "https://files.catbox.moe/x6cz5b.webm",
        "LinkMp3": "https://files.catbox.moe/00tgk2.mp3"
    },
    {
        "animeEng": "Robot Girls Z+",
        "animeRomaji": "Robot Girls Z+",
        "songName": "Tatakai no Uta",
        "artist": "Isao Sasaki",
        "type": "Insert Song",
        "correctCount": 7,
        "startTime": 7,
        "songDuration": 65.424,
        "songNumber": 54,
        "activePlayerCount": 181,
        "LinkVideo": "https://files.catbox.moe/rsmn5q.webm",
        "LinkMp3": "https://files.catbox.moe/eik99c.mp3"
    },
    {
        "animeEng": "Pastel Life",
        "animeRomaji": "Pastel Life",
        "songName": "Shuwarin\u2606Drea~min",
        "artist": "Pastel*Palettes",
        "type": "Opening 1",
        "correctCount": 98,
        "startTime": 0,
        "songDuration": 26.931782,
        "songNumber": 55,
        "activePlayerCount": 181,
        "LinkVideo": "https://files.catbox.moe/1or69x.webm",
        "LinkMp3": "https://files.catbox.moe/75tsvw.mp3"
    },
    {
        "animeEng": "Sword Art Online: Alicization - War of Underworld",
        "animeRomaji": "Sword Art Online: Alicization - War of Underworld",
        "songName": "Resolution",
        "artist": "Haruka Tomatsu",
        "type": "Opening 1",
        "correctCount": 90,
        "startTime": 31,
        "songDuration": 88.632,
        "songNumber": 56,
        "activePlayerCount": 182,
        "LinkVideo": "https://files.catbox.moe/m7dw7x.webm",
        "LinkMp3": "https://files.catbox.moe/9zh0w8.mp3"
    },
    {
        "animeEng": "Maid Sama!",
        "animeRomaji": "Maid Sama!",
        "songName": "Akane",
        "artist": "U\u00d7Mishi",
        "type": "Insert Song",
        "correctCount": 37,
        "startTime": 7,
        "songDuration": 59.03572,
        "songNumber": 57,
        "activePlayerCount": 180,
        "LinkVideo": "https://files.catbox.moe/wtgl2c.webm",
        "LinkMp3": "https://files.catbox.moe/thw2hd.mp3"
    },
    {
        "animeEng": "Mushishi Zoku-Sh\u014d Tokubetsu-hen: Odoro no Michi",
        "animeRomaji": "Mushishi Zoku-Sh\u014d Tokubetsu-hen: Odoro no Michi",
        "songName": "SHIVER",
        "artist": "Lucy Rose",
        "type": "Opening 1",
        "correctCount": 126,
        "startTime": 51,
        "songDuration": 93.336,
        "songNumber": 58,
        "activePlayerCount": 181,
        "LinkVideo": "https://files.catbox.moe/3mxn1z.webm",
        "LinkMp3": "https://files.catbox.moe/34w4ro.mp3"
    },
    {
        "animeEng": "Masked Rider Super-Deformed",
        "animeRomaji": "Kamen Rider SD",
        "songName": "Kamen Rider SD",
        "artist": "TOM",
        "type": "Opening 1",
        "correctCount": 6,
        "startTime": 25,
        "songDuration": 80.568,
        "songNumber": 59,
        "activePlayerCount": 182,
        "LinkVideo": "https://files.catbox.moe/o1723c.webm",
        "LinkMp3": "https://files.catbox.moe/nyvdtm.mp3"
    },
    {
        "animeEng": "Najica Blitz Tactics",
        "animeRomaji": "Najica Dengeki Sakusen",
        "songName": "BODY & MIND",
        "artist": "Natsumi Harada",
        "type": "Ending 1",
        "correctCount": 1,
        "startTime": 25,
        "songDuration": 90.068656,
        "songNumber": 60,
        "activePlayerCount": 182,
        "LinkVideo": "https://files.catbox.moe/08j2pf.webm",
        "LinkMp3": "https://files.catbox.moe/kdqp9v.mp3",
        "correctPlayers": [
            "Igg1"
        ]
    },
    {
        "animeEng": "Walkure Romanze",
        "animeRomaji": "Walkure Romanze",
        "songName": "UN-DELAYED",
        "artist": "Miyuki Hashimoto",
        "type": "Opening 1",
        "correctCount": 25,
        "startTime": 9,
        "songDuration": 90.048,
        "songNumber": 61,
        "activePlayerCount": 182,
        "LinkVideo": "https://files.catbox.moe/7wtoof.webm",
        "LinkMp3": "https://files.catbox.moe/clipsd.mp3"
    },
    {
        "animeEng": "Sekk\u014d Boys",
        "animeRomaji": "Sekk\u014d Boys",
        "songName": "Hoshizora Rendezvous",
        "artist": "Sekk\u014d Boys",
        "type": "Ending 1",
        "correctCount": 50,
        "startTime": 27,
        "songDuration": 88.608,
        "songNumber": 62,
        "activePlayerCount": 182,
        "LinkVideo": "https://files.catbox.moe/9hy5pl.webm",
        "LinkMp3": "https://files.catbox.moe/8scnoe.mp3"
    },
    {
        "animeEng": "Pok\u00e9mon Chronicles",
        "animeRomaji": "Pocket Monsters Side Story",
        "songName": "Nyarth no Party",
        "artist": "Inuko Inuyama",
        "type": "Ending 6",
        "correctCount": 89,
        "startTime": 18,
        "songDuration": 78.940684,
        "songNumber": 63,
        "activePlayerCount": 181,
        "LinkVideo": "https://files.catbox.moe/y5b5t9.webm",
        "LinkMp3": "https://files.catbox.moe/l8vral.mp3"
    },
    {
        "animeEng": "Gleipnir",
        "animeRomaji": "Gleipnir",
        "songName": "Ame to Taieki to Nioi",
        "artist": "Mili",
        "type": "Ending 1",
        "correctCount": 60,
        "startTime": 31,
        "songDuration": 86.928,
        "songNumber": 64,
        "activePlayerCount": 182,
        "LinkVideo": "https://files.catbox.moe/85wuh2.webm",
        "LinkMp3": "https://files.catbox.moe/39mk0l.mp3"
    },
    {
        "animeEng": "Aikatsu on Parade!",
        "animeRomaji": "Aikatsu on Parade!",
        "songName": "Idol Katsud\u014d!",
        "artist": "Waka\u30fbFuuri\u30fbSunao from STAR\u2606ANIS",
        "type": "Insert Song",
        "correctCount": 116,
        "startTime": 46,
        "songDuration": 81.528,
        "songNumber": 65,
        "activePlayerCount": 180,
        "LinkVideo": "https://files.catbox.moe/lw9xp8.webm",
        "LinkMp3": "https://files.catbox.moe/517lhk.mp3"
    },
    {
        "animeEng": "Tokyo Mew Mew",
        "animeRomaji": "Tokyo Mew Mew",
        "songName": "Koi wa A La Mode",
        "artist": "Tokyo Mew Mew",
        "type": "Ending 1",
        "correctCount": 18,
        "startTime": 4,
        "songDuration": 87.456,
        "songNumber": 66,
        "activePlayerCount": 179,
        "LinkVideo": "https://files.catbox.moe/wsgcii.webm",
        "LinkMp3": "https://files.catbox.moe/kx7gju.mp3"
    },
    {
        "animeEng": "Hanasaku Iroha",
        "animeRomaji": "Hanasaku Iroha - Blossoms for Tomorrow",
        "songName": "Hana no Iro",
        "artist": "nano.RIPE",
        "type": "Opening 1",
        "correctCount": 89,
        "startTime": 27,
        "songDuration": 90.068656,
        "songNumber": 67,
        "activePlayerCount": 179,
        "LinkVideo": "https://files.catbox.moe/wblw5z.webm",
        "LinkMp3": "https://files.catbox.moe/fry91u.mp3"
    },
    {
        "animeEng": "Phi Brain - Puzzle of God: The Orpheus Order",
        "animeRomaji": "Phi-Brain - Kami no Puzzle: Orpheus Order-hen",
        "songName": "Now or Never",
        "artist": "nano",
        "type": "Opening 1",
        "correctCount": 53,
        "startTime": 25,
        "songDuration": 88.56,
        "songNumber": 68,
        "activePlayerCount": 180,
        "LinkVideo": "https://files.catbox.moe/doxeb4.webm",
        "LinkMp3": "https://files.catbox.moe/95x6ba.mp3"
    },
    {
        "animeEng": "Re:CREATORS",
        "animeRomaji": "Re:CREATORS",
        "songName": "sh\u00d8ut",
        "artist": "SawanoHiroyuki[nZk]:Tielle & Gemie",
        "type": "Opening 2",
        "correctCount": 105,
        "startTime": 9,
        "songDuration": 89.472,
        "songNumber": 69,
        "activePlayerCount": 179,
        "LinkVideo": "https://files.catbox.moe/d9lbmy.webm",
        "LinkMp3": "https://files.catbox.moe/4mffdd.mp3"
    },
    {
        "animeEng": "Pichi Pichi Pitch",
        "animeRomaji": "Mermaid Melody: Pichi Pichi Pitch",
        "songName": "Kuro no Ky\u014ds\u014dkyoku ~concerto~",
        "artist": "Miki Tsuchiya & Noriko Shitaya",
        "type": "Insert Song",
        "correctCount": 7,
        "startTime": 49,
        "songDuration": 83.664,
        "songNumber": 70,
        "activePlayerCount": 180,
        "LinkVideo": "https://files.catbox.moe/pg738s.webm",
        "LinkMp3": "https://files.catbox.moe/6l39nq.mp3"
    },
    {
        "animeEng": "K: Return of Kings",
        "animeRomaji": "K: Return of Kings",
        "songName": "Circle of Friends",
        "artist": "Y\u016bki Kaji",
        "type": "Insert Song",
        "correctCount": 81,
        "startTime": 0,
        "songDuration": 29.592,
        "songNumber": 71,
        "activePlayerCount": 180,
        "LinkVideo": "https://files.catbox.moe/diuvbr.webm",
        "LinkMp3": "https://files.catbox.moe/2bgjpx.mp3"
    },
    {
        "animeEng": "Bleach the Movie 4: Hell Verse",
        "animeRomaji": "Bleach: Jigoku-hen",
        "songName": "Save The One, Save The All",
        "artist": "T.M.Revolution",
        "type": "Ending 1",
        "correctCount": 33,
        "startTime": 189,
        "songDuration": 244.032,
        "songNumber": 72,
        "activePlayerCount": 180,
        "LinkVideo": "https://files.catbox.moe/tkscya.webm",
        "LinkMp3": "https://files.catbox.moe/g3p3ko.mp3"
    },
    {
        "animeEng": "Sakura Wars",
        "animeRomaji": "Sakura Wars",
        "songName": "Stone Monkey",
        "artist": "Mayumi Tanaka & Urara Takano",
        "type": "Insert Song",
        "correctCount": 19,
        "startTime": 0,
        "songDuration": 26.856,
        "songNumber": 73,
        "activePlayerCount": 180,
        "LinkVideo": "https://files.catbox.moe/xojxry.webm",
        "LinkMp3": "https://files.catbox.moe/0kyupu.mp3"
    },
    {
        "animeEng": "IyaPan",
        "animeRomaji": "Iya na Kao Sare Nagara Opantsu Misete Moraitai",
        "songName": "NEXT STAGE",
        "artist": "Akari Tsuda",
        "type": "Ending 1",
        "correctCount": 39,
        "startTime": 0,
        "songDuration": 28.776,
        "songNumber": 74,
        "activePlayerCount": 180,
        "LinkVideo": "https://files.catbox.moe/xqlzdp.webm",
        "LinkMp3": "https://files.catbox.moe/nula8r.mp3"
    },
    {
        "animeEng": "Carole & Tuesday",
        "animeRomaji": "Carole & Tuesday",
        "songName": "Unbreakable",
        "artist": "Lauren Dyson",
        "type": "Insert Song",
        "correctCount": 98,
        "startTime": 50,
        "songDuration": 100.056,
        "songNumber": 75,
        "activePlayerCount": 178,
        "LinkVideo": "https://files.catbox.moe/ey4gbr.webm",
        "LinkMp3": "https://files.catbox.moe/bjq9d6.mp3"
    }
]