[
    {
        "animeEng": "Diebuster (Gunbuster 2)",
        "animeRomaji": "Top o Nerae 2!: Diebuster",
        "songName": "Groovin' Magic",
        "artist": "ROUND TABLE feat. Nino",
        "type": "Opening 1",
        "correctCount": 37,
        "startTime": 16,
        "songDuration": 95.352,
        "songNumber": 1,
        "activePlayerCount": 117,
        "LinkVideo": "https://files.catbox.moe/vzz2t6.webm",
        "LinkMp3": "https://files.catbox.moe/glak3s.mp3"
    },
    {
        "animeEng": "Kemono Jihen",
        "animeRomaji": "Kemono Jihen",
        "songName": "Kemono Michi",
        "artist": "Daisuke Ono",
        "type": "Opening 1",
        "correctCount": 27,
        "startTime": 15,
        "songDuration": 89.112,
        "songNumber": 2,
        "activePlayerCount": 116,
        "LinkVideo": "https://files.catbox.moe/ggb8tq.webm",
        "LinkMp3": "https://files.catbox.moe/ry8l4r.mp3"
    },
    {
        "animeEng": "Date A Live",
        "animeRomaji": "Date A Live",
        "songName": "Date A Live",
        "artist": "sweet ARMS",
        "type": "Opening 1",
        "correctCount": 71,
        "startTime": 66,
        "songDuration": 101.76,
        "songNumber": 3,
        "activePlayerCount": 112,
        "LinkVideo": "https://files.catbox.moe/zy4d2d.webm",
        "LinkMp3": "https://files.catbox.moe/5ad18s.mp3"
    },
    {
        "animeEng": "Tari Tari",
        "animeRomaji": "Tari Tari",
        "songName": "Kokoro no Senritsu (#02 ED Ver.)",
        "artist": "Asami Seto & Saori Hayami",
        "type": "Ending 2",
        "correctCount": 18,
        "startTime": 79,
        "songDuration": 147.792,
        "songNumber": 4,
        "activePlayerCount": 114,
        "LinkVideo": "https://files.catbox.moe/q4cxeh.webm",
        "LinkMp3": "https://files.catbox.moe/13fn5u.mp3"
    },
    {
        "animeEng": "Tokimeki Memorial: Forever With You",
        "animeRomaji": "Tokimeki Memorial: Forever With You",
        "songName": "Ame",
        "artist": "Shiho Kikuchi",
        "type": "Insert Song",
        "correctCount": 1,
        "startTime": 88,
        "songDuration": 191.328,
        "songNumber": 5,
        "activePlayerCount": 114,
        "LinkVideo": "https://files.catbox.moe/6krckg.webm",
        "LinkMp3": "https://files.catbox.moe/f67ehj.mp3",
        "correctPlayers": [
            "JESSMI2"
        ]
    },
    {
        "animeEng": "Food Wars! The Third Plate",
        "animeRomaji": "Shokugeki no S\u014dma: San no Sara",
        "songName": "Symbol",
        "artist": "Luck Life",
        "type": "Opening 1",
        "correctCount": 67,
        "startTime": 38,
        "songDuration": 89.5712,
        "songNumber": 6,
        "activePlayerCount": 114,
        "LinkVideo": "https://files.catbox.moe/w7qk2h.webm",
        "LinkMp3": "https://files.catbox.moe/q6la21.mp3"
    },
    {
        "animeEng": "Ame-iro Cocoa Series Ame-con!!",
        "animeRomaji": "Ame-con!!",
        "songName": "Rainy cocoa",
        "artist": "Hiro Shimono",
        "type": "Ending 1",
        "correctCount": 75,
        "startTime": 0,
        "songDuration": 29.4,
        "songNumber": 7,
        "activePlayerCount": 114,
        "LinkVideo": "https://files.catbox.moe/ns105q.webm",
        "LinkMp3": "https://files.catbox.moe/b7tjt0.mp3"
    },
    {
        "animeEng": "Ky\u014d kara Ma\u014d! R",
        "animeRomaji": "Ky\u014d kara Ma\u014d! R",
        "songName": "Romantic Morning",
        "artist": "THE STAND UP",
        "type": "Opening 1",
        "correctCount": 4,
        "startTime": 16,
        "songDuration": 88.056,
        "songNumber": 8,
        "activePlayerCount": 116,
        "LinkVideo": "https://files.catbox.moe/jzmmkg.webm",
        "LinkMp3": "https://files.catbox.moe/nnkucr.mp3",
        "correctPlayers": [
            "YuriMeguri",
            "Morgiana",
            "anonimus_opinion",
            "Alicia_Charlotte"
        ]
    },
    {
        "animeEng": "Dear Brother",
        "animeRomaji": "Onii-sama e...",
        "songName": "Kin no Utsuwa, Gin no Utsuwa",
        "artist": "Satomi Takada",
        "type": "Opening 1",
        "correctCount": 5,
        "startTime": 49,
        "songDuration": 106.344,
        "songNumber": 9,
        "activePlayerCount": 115,
        "LinkVideo": "https://files.catbox.moe/rm9j7s.webm",
        "LinkMp3": "https://files.catbox.moe/4hnz56.mp3",
        "correctPlayers": [
            "Hooman",
            "Rukawa11",
            "aryagamis",
            "Zylda",
            "KamiNoChikara"
        ]
    },
    {
        "animeEng": "Servant \u00d7 Service",
        "animeRomaji": "Servant \u00d7 Service",
        "songName": "Hachimitsu Doki",
        "artist": "Ai Kayano",
        "type": "Ending 1",
        "correctCount": 15,
        "startTime": 47,
        "songDuration": 90.552,
        "songNumber": 10,
        "activePlayerCount": 111,
        "LinkVideo": "https://files.catbox.moe/fdcrog.webm",
        "LinkMp3": "https://files.catbox.moe/5ue76c.mp3"
    },
    {
        "animeEng": "Hellhound Liner 0011, Transform!",
        "animeRomaji": "Maken Liner-0011 Henshin Seyo!!",
        "songName": "Maken Liner",
        "artist": "Toshio Oida, Columbia Yurikago-kai",
        "type": "Insert Song",
        "correctCount": 32,
        "startTime": 3,
        "songDuration": 37.955266,
        "songNumber": 11,
        "activePlayerCount": 111,
        "LinkVideo": "https://files.catbox.moe/jueazf.webm",
        "LinkMp3": "https://files.catbox.moe/kgrk4p.mp3"
    },
    {
        "animeEng": "Hinomaru Sumo",
        "animeRomaji": "Hinomaru Zum\u014d",
        "songName": "FIRE GROUND",
        "artist": "Official HIGE DANdism",
        "type": "Opening 1",
        "correctCount": 45,
        "startTime": 25,
        "songDuration": 89.389484,
        "songNumber": 12,
        "activePlayerCount": 111,
        "LinkVideo": "https://files.catbox.moe/575bbg.webm",
        "LinkMp3": "https://files.catbox.moe/57rvu8.mp3"
    },
    {
        "animeEng": "Clockwork Fighters: Hiwou's War",
        "animeRomaji": "Karakuri Kiden: Hiwou Senki",
        "songName": "Hiwou no Theme",
        "artist": "Hiroshi Yamaguchi",
        "type": "Opening 1",
        "correctCount": 7,
        "startTime": 33,
        "songDuration": 79.959442,
        "songNumber": 13,
        "activePlayerCount": 111,
        "LinkVideo": "https://files.catbox.moe/vzz8s2.webm",
        "LinkMp3": "https://files.catbox.moe/wkcyfn.mp3"
    },
    {
        "animeEng": "Eiga Crayon Shin-chan: Bakauma! B-Ky\u016b Gourmet Survival!!",
        "animeRomaji": "Eiga Crayon Shin-chan: Bakauma! B-Ky\u016b Gourmet Survival!!",
        "songName": "Kimi ni 100 Percent",
        "artist": "Kyary Pamyu Pamyu",
        "type": "Opening 1",
        "correctCount": 95,
        "startTime": 29,
        "songDuration": 64.176,
        "songNumber": 14,
        "activePlayerCount": 111,
        "LinkVideo": "https://files.catbox.moe/k6yge1.webm",
        "LinkMp3": "https://files.catbox.moe/vn4pn0.mp3"
    },
    {
        "animeEng": "Food Wars! The Fifth Plate",
        "animeRomaji": "Shokugeki no S\u014dma: G\u014d no Sara",
        "songName": "Last Chapter",
        "artist": "nano.RIPE",
        "type": "Opening 1",
        "correctCount": 56,
        "startTime": 25,
        "songDuration": 88.824,
        "songNumber": 15,
        "activePlayerCount": 111,
        "LinkVideo": "https://files.catbox.moe/8r6l6k.webm",
        "LinkMp3": "https://files.catbox.moe/0srkrs.mp3"
    },
    {
        "animeEng": "My Sister, My Writer",
        "animeRomaji": "Ore ga Suki nano wa Im\u014dto dakedo Im\u014dto ja nai",
        "songName": "Secret Story",
        "artist": "Purely Monster",
        "type": "Opening 1",
        "correctCount": 31,
        "startTime": 42,
        "songDuration": 86.568308,
        "songNumber": 16,
        "activePlayerCount": 111,
        "LinkVideo": "https://files.catbox.moe/nxprta.webm",
        "LinkMp3": "https://files.catbox.moe/q4u1ae.mp3"
    },
    {
        "animeEng": "iDOLM@STER: XENOGLOSSIA",
        "animeRomaji": "iDOLM@STER: XENOGLOSSIA",
        "songName": "Zankoku yo Kib\u014d to Nare",
        "artist": "Aira Yuuki",
        "type": "Opening 2",
        "correctCount": 9,
        "startTime": 53,
        "songDuration": 89.136,
        "songNumber": 17,
        "activePlayerCount": 111,
        "LinkVideo": "https://files.catbox.moe/ezyta6.webm",
        "LinkMp3": "https://files.catbox.moe/wa8yi7.mp3"
    },
    {
        "animeEng": "TsukiPro the Animation",
        "animeRomaji": "TsukiPro the Animation",
        "songName": "Mah\u014d no Kizuna",
        "artist": "Growth",
        "type": "Opening 4",
        "correctCount": 9,
        "startTime": 48,
        "songDuration": 88.872,
        "songNumber": 18,
        "activePlayerCount": 110,
        "LinkVideo": "https://files.catbox.moe/7yw76b.webm",
        "LinkMp3": "https://files.catbox.moe/8rcfyp.mp3"
    },
    {
        "animeEng": "PERSONA5 the Animation: A Magical Valentine's Day",
        "animeRomaji": "PERSONA5 the Animation: A Magical Valentine's Day",
        "songName": "Dark Sun...",
        "artist": "Lyn",
        "type": "Opening 1",
        "correctCount": 87,
        "startTime": 5,
        "songDuration": 87.613188,
        "songNumber": 19,
        "activePlayerCount": 110,
        "LinkVideo": "https://files.catbox.moe/hstkrv.webm",
        "LinkMp3": "https://files.catbox.moe/ewf3kz.mp3"
    },
    {
        "animeEng": "Infinite Stratos Encore: Sextet of Burning Love",
        "animeRomaji": "Infinite Stratos Encore: Koi ni Kogareru Rokuj\u016bs\u014d",
        "songName": "STRAIGHT JET",
        "artist": "Minami Kuribayashi",
        "type": "Opening 1",
        "correctCount": 59,
        "startTime": 27,
        "songDuration": 89.568,
        "songNumber": 20,
        "activePlayerCount": 110,
        "LinkVideo": "https://files.catbox.moe/1z90gp.webm",
        "LinkMp3": "https://files.catbox.moe/kc2j6u.mp3"
    },
    {
        "animeEng": "Uta no\u2606Prince-sama\u266aMaji LOVE 1000%",
        "animeRomaji": "Uta no\u2606Prince-sama\u266aMaji LOVE 1000%",
        "songName": "BELIEVE\u2606MY VOICE",
        "artist": "Mamoru Miyano",
        "type": "Insert Song",
        "correctCount": 9,
        "startTime": 18,
        "songDuration": 55.104,
        "songNumber": 21,
        "activePlayerCount": 110,
        "LinkVideo": "https://files.catbox.moe/h3y7zi.webm",
        "LinkMp3": "https://files.catbox.moe/8rairh.mp3"
    },
    {
        "animeEng": "Zatch Bell! The Movie 2: Attack of Mechavulcan",
        "animeRomaji": "Konjiki no Gash Bell!!: Mechavulcan no Raish\u016b",
        "songName": "Mienai Tsubasa",
        "artist": "Takayoshi Tanimoto",
        "type": "Opening 1",
        "correctCount": 5,
        "startTime": 25,
        "songDuration": 79.248,
        "songNumber": 22,
        "activePlayerCount": 110,
        "LinkVideo": "https://files.catbox.moe/xmbrpz.webm",
        "LinkMp3": "https://files.catbox.moe/661skf.mp3",
        "correctPlayers": [
            "Fumin99",
            "Sadist",
            "Satorii",
            "weavedheart",
            "kriceless"
        ]
    },
    {
        "animeEng": "Pok\u00e9mon Sun & Moon",
        "animeRomaji": "Pocket Monsters Sun & Moon",
        "songName": "Under the Alolan Sun",
        "artist": "Jannel Candrice and The Sad Truth",
        "type": "Opening 1",
        "correctCount": 21,
        "startTime": 0,
        "songDuration": 29.256,
        "songNumber": 23,
        "activePlayerCount": 110,
        "LinkVideo": "https://files.catbox.moe/jlkuv7.webm",
        "LinkMp3": "https://files.catbox.moe/ycvum3.mp3"
    },
    {
        "animeEng": "Uta no\u2606Prince-sama\u266aMaji LOVE 1000%",
        "animeRomaji": "Uta no\u2606Prince-sama\u266aMaji LOVE 1000%",
        "songName": "Eternity Love",
        "artist": "Kousuke Toriumi",
        "type": "Insert Song",
        "correctCount": 7,
        "startTime": 43,
        "songDuration": 88.632,
        "songNumber": 24,
        "activePlayerCount": 110,
        "LinkVideo": "https://files.catbox.moe/wo18h4.webm",
        "LinkMp3": "https://files.catbox.moe/ijxd2j.mp3"
    },
    {
        "animeEng": "Hunter X Hunter",
        "animeRomaji": "Hunter X Hunter",
        "songName": "Nagareboshi\u2606KIRARI",
        "artist": "Yuzu",
        "type": "Ending 4",
        "correctCount": 74,
        "startTime": 11,
        "songDuration": 79.056,
        "songNumber": 25,
        "activePlayerCount": 111,
        "LinkVideo": "https://files.catbox.moe/0bp729.webm",
        "LinkMp3": "https://files.catbox.moe/144qdr.mp3"
    },
    {
        "animeEng": "Bludgeoning Angel Dokuro-Chan 2",
        "animeRomaji": "Bokusatsu Tenshi Dokuro-chan Second",
        "songName": "Bokusatsu Tenshi Dokuro-chan 2007",
        "artist": "Saeko Chiba",
        "type": "Opening 1",
        "correctCount": 41,
        "startTime": 53,
        "songDuration": 89.376,
        "songNumber": 26,
        "activePlayerCount": 111,
        "LinkVideo": "https://files.catbox.moe/aanoz4.webm",
        "LinkMp3": "https://files.catbox.moe/lcjbts.mp3"
    },
    {
        "animeEng": "BONJOUR Sweet Love Patisserie",
        "animeRomaji": "BONJOUR Sweet Love Patisserie",
        "songName": "Bonjour\u266aMagic",
        "artist": "Les*Fleurirs",
        "type": "Opening 1",
        "correctCount": 67,
        "startTime": 0,
        "songDuration": 29.52,
        "songNumber": 27,
        "activePlayerCount": 111,
        "LinkVideo": "https://files.catbox.moe/8oloz0.webm",
        "LinkMp3": "https://files.catbox.moe/959z9v.mp3"
    },
    {
        "animeEng": "Attack No. 1",
        "animeRomaji": "Attack No. 1",
        "songName": "Attack No.1",
        "artist": "Kurumi Kobato",
        "type": "Opening 1",
        "correctCount": 7,
        "startTime": 24,
        "songDuration": 85.392,
        "songNumber": 28,
        "activePlayerCount": 111,
        "LinkVideo": "https://files.catbox.moe/dhasju.webm",
        "LinkMp3": "https://files.catbox.moe/q4avnr.mp3"
    },
    {
        "animeEng": "Black\u2605Rock Shooter",
        "animeRomaji": "Black\u2605Rock Shooter",
        "songName": "Bokura no Ashiato",
        "artist": "supercell",
        "type": "Ending 1",
        "correctCount": 44,
        "startTime": 16,
        "songDuration": 88.344,
        "songNumber": 29,
        "activePlayerCount": 111,
        "LinkVideo": "https://files.catbox.moe/esvcwj.webm",
        "LinkMp3": "https://files.catbox.moe/frlq4r.mp3"
    },
    {
        "animeEng": "Bungo Stray Dogs",
        "animeRomaji": "Bungo Stray Dogs",
        "songName": "Eye Of The Tiger",
        "artist": "Lotus Juice",
        "type": "Insert Song",
        "correctCount": 18,
        "startTime": 167,
        "songDuration": 262.656,
        "songNumber": 30,
        "activePlayerCount": 111,
        "LinkVideo": "https://files.catbox.moe/0ygq72.webm",
        "LinkMp3": "https://files.catbox.moe/pni2zm.mp3"
    },
    {
        "animeEng": "Record of Lodoss War: Chronicles of the Heroic Knight",
        "animeRomaji": "Lodoss-t\u014d Senki: Eiy\u016b Kishi Den",
        "songName": "Kiseki no Umi",
        "artist": "Maaya Sakamoto",
        "type": "Opening 1",
        "correctCount": 13,
        "startTime": 47,
        "songDuration": 91.464,
        "songNumber": 31,
        "activePlayerCount": 110,
        "LinkVideo": "https://files.catbox.moe/eb4d61.webm",
        "LinkMp3": "https://files.catbox.moe/i346wl.mp3"
    },
    {
        "animeEng": "Armored Trooper Votoms: Pailsen Files",
        "animeRomaji": "S\u014dk\u014d Kihei VOTOMS: Pailsen Files",
        "songName": "Tetsu no Lullaby",
        "artist": "George Yanagi",
        "type": "Opening 1",
        "correctCount": 6,
        "startTime": 31,
        "songDuration": 90.48,
        "songNumber": 32,
        "activePlayerCount": 109,
        "LinkVideo": "https://files.catbox.moe/j3j4pk.webm",
        "LinkMp3": "https://files.catbox.moe/8dqjc5.mp3"
    },
    {
        "animeEng": "Natsume's Book of Friends Season 1",
        "animeRomaji": "Natsume Y\u016bjinch\u014d",
        "songName": "Issei no Sei",
        "artist": "Sh\u016bhei Kita",
        "type": "Opening 1",
        "correctCount": 45,
        "startTime": 27,
        "songDuration": 89.568,
        "songNumber": 33,
        "activePlayerCount": 108,
        "LinkVideo": "https://files.catbox.moe/4qcxgl.webm",
        "LinkMp3": "https://files.catbox.moe/s2c73z.mp3"
    },
    {
        "animeEng": "Hiragana Danshi",
        "animeRomaji": "Hiragana Danshi",
        "songName": "DON'T LOSE YOURSELF",
        "artist": "MAN WITH A MISSION",
        "type": "Insert Song",
        "correctCount": 54,
        "startTime": 86,
        "songDuration": 127.944,
        "songNumber": 34,
        "activePlayerCount": 108,
        "LinkVideo": "https://files.catbox.moe/r1w730.webm",
        "LinkMp3": "https://files.catbox.moe/1ctqwk.mp3"
    },
    {
        "animeEng": "Angels of Death",
        "animeRomaji": "Satsuriku no Tenshi",
        "songName": "Vital",
        "artist": "Masaaki Endoh",
        "type": "Opening 1",
        "correctCount": 62,
        "startTime": 46,
        "songDuration": 89.568,
        "songNumber": 35,
        "activePlayerCount": 107,
        "LinkVideo": "https://files.catbox.moe/b0jn4l.webm",
        "LinkMp3": "https://files.catbox.moe/ubs44v.mp3"
    },
    {
        "animeEng": "Doraemon: Nobita to Midori no Kyojin Den",
        "animeRomaji": "Doraemon: Nobita to Midori no Kyojin Den",
        "songName": "Yume o Kanaete Doraemon",
        "artist": "mao feat. Himawari Kids",
        "type": "Opening 1",
        "correctCount": 85,
        "startTime": 42,
        "songDuration": 108.048,
        "songNumber": 36,
        "activePlayerCount": 106,
        "LinkVideo": "https://files.catbox.moe/pl00td.webm",
        "LinkMp3": "https://files.catbox.moe/l2r27l.mp3"
    },
    {
        "animeEng": "Futari wa Pretty Cure Max Heart",
        "animeRomaji": "Futari wa Precure Max Heart",
        "songName": "DANZEN! Futari wa Precure! (Ver.Max Heart)",
        "artist": "Mayumi Goj\u014d",
        "type": "Opening 1",
        "correctCount": 54,
        "startTime": 3,
        "songDuration": 80.064,
        "songNumber": 37,
        "activePlayerCount": 106,
        "LinkVideo": "https://files.catbox.moe/91hcgm.webm",
        "LinkMp3": "https://files.catbox.moe/mve8q0.mp3"
    },
    {
        "animeEng": "Is It Wrong to Try to Pick Up Girls in a Dungeon?: Arrow of the Orion",
        "animeRomaji": "Dungeon ni Deai o Motomeru no wa Machigatteiru Dar\u014d ka: Orion no Ya",
        "songName": "Gekkyou",
        "artist": "sana (sajou no hana)",
        "type": "Insert Song",
        "correctCount": 13,
        "startTime": 18,
        "songDuration": 110.496,
        "songNumber": 38,
        "activePlayerCount": 105,
        "LinkVideo": "https://files.catbox.moe/8jk4vl.webm",
        "LinkMp3": "https://files.catbox.moe/znfuba.mp3"
    },
    {
        "animeEng": "Slam Dunk: Zenkoku Seiha da! Sakuragi Hanamichi",
        "animeRomaji": "Slam Dunk: Zenkoku Seiha da! Sakuragi Hanamichi",
        "songName": "Kimi ga Suki da to Sakebitai",
        "artist": "BAAD",
        "type": "Opening 1",
        "correctCount": 72,
        "startTime": 31,
        "songDuration": 92.053928,
        "songNumber": 39,
        "activePlayerCount": 105,
        "LinkVideo": "https://files.catbox.moe/mqpv8d.webm",
        "LinkMp3": "https://files.catbox.moe/na7n8r.mp3"
    },
    {
        "animeEng": "Cardfight!! Vanguard G Z",
        "animeRomaji": "Cardfight!! Vanguard G Z",
        "songName": "BREAK IT!",
        "artist": "Mamoru Miyano",
        "type": "Insert Song",
        "correctCount": 28,
        "startTime": 47,
        "songDuration": 88.658068,
        "songNumber": 40,
        "activePlayerCount": 105,
        "LinkVideo": "https://files.catbox.moe/boudcm.webm",
        "LinkMp3": "https://files.catbox.moe/8l3idi.mp3"
    },
    {
        "animeEng": "Seitokai Yakuindomo",
        "animeRomaji": "Seitokai Yakuindomo",
        "songName": "Yamato Nadeshiko Education",
        "artist": "Triple Booking",
        "type": "Opening 1",
        "correctCount": 75,
        "startTime": 38,
        "songDuration": 74.809375,
        "songNumber": 41,
        "activePlayerCount": 105,
        "LinkVideo": "https://files.catbox.moe/zlhsny.webm",
        "LinkMp3": "https://files.catbox.moe/p5pei8.mp3"
    },
    {
        "animeEng": "Kids on the Slope",
        "animeRomaji": "Sakamichi no Apollon",
        "songName": "Sakamichi no Melody",
        "artist": "YUKI",
        "type": "Opening 1",
        "correctCount": 37,
        "startTime": 33,
        "songDuration": 90.048,
        "songNumber": 42,
        "activePlayerCount": 104,
        "LinkVideo": "https://files.catbox.moe/h7wzu1.webm",
        "LinkMp3": "https://files.catbox.moe/mqtubn.mp3"
    },
    {
        "animeEng": "The Irregular at Magic High School The Movie: The Girl Who Summons the Stars",
        "animeRomaji": "Gekij\u014dban Mah\u014dka K\u014dk\u014d no Rett\u014dsei: Hoshi o Yobu Sh\u014djo",
        "songName": "SPEED STAR",
        "artist": "GARNiDELiA",
        "type": "Ending 1",
        "correctCount": 33,
        "startTime": 196,
        "songDuration": 241.56,
        "songNumber": 43,
        "activePlayerCount": 105,
        "LinkVideo": "https://files.catbox.moe/bqduz4.webm",
        "LinkMp3": "https://files.catbox.moe/jbca37.mp3"
    },
    {
        "animeEng": "ViVid Strike!",
        "animeRomaji": "ViVid Strike!",
        "songName": "Shiny Sky Memories",
        "artist": "Yui Ogura",
        "type": "Insert Song",
        "correctCount": 12,
        "startTime": 34,
        "songDuration": 172.608,
        "songNumber": 44,
        "activePlayerCount": 104,
        "LinkVideo": "https://files.catbox.moe/wkbehn.webm",
        "LinkMp3": "https://files.catbox.moe/upkkar.mp3"
    },
    {
        "animeEng": "Ch\u014d Gekij\u014dban Keroro Guns\u014d",
        "animeRomaji": "Ch\u014d Gekij\u014dban Keroro Guns\u014d",
        "songName": "Keroro Dancing",
        "artist": "Ogiyahagi",
        "type": "Ending 1",
        "correctCount": 7,
        "startTime": 29,
        "songDuration": 99.080746,
        "songNumber": 45,
        "activePlayerCount": 104,
        "LinkVideo": "https://files.catbox.moe/ru34lw.webm",
        "LinkMp3": "https://files.catbox.moe/jk3r77.mp3"
    },
    {
        "animeEng": "Ehrgeiz",
        "animeRomaji": "Next Senki Ehrgeiz",
        "songName": "DREAM JACK",
        "artist": "HUMMING BIRD",
        "type": "Opening 1",
        "correctCount": 3,
        "startTime": 9,
        "songDuration": 88.536,
        "songNumber": 46,
        "activePlayerCount": 103,
        "LinkVideo": "https://files.catbox.moe/9u547n.webm",
        "LinkMp3": "https://files.catbox.moe/dludn4.mp3",
        "correctPlayers": [
            "Hooman",
            "Rukawa11",
            "DDBOT"
        ]
    },
    {
        "animeEng": "Eternity: Shinya Nurekoi Channel",
        "animeRomaji": "Eternity: Shinya Nurekoi Channel",
        "songName": "Everlasting Story",
        "artist": "Ryota Iwasaki",
        "type": "Ending 1",
        "correctCount": 6,
        "startTime": 4,
        "songDuration": 69,
        "songNumber": 47,
        "activePlayerCount": 103,
        "LinkVideo": "https://files.catbox.moe/5uiyri.webm",
        "LinkMp3": "https://files.catbox.moe/5oo7op.mp3"
    },
    {
        "animeEng": "Legend of the Condor Hero",
        "animeRomaji": "Shin Ch\u014d Ky\u014d Ryo: Condor Hero",
        "songName": "Y\u016b",
        "artist": "NoR",
        "type": "Opening 1",
        "correctCount": 8,
        "startTime": 36,
        "songDuration": 85.732404,
        "songNumber": 48,
        "activePlayerCount": 102,
        "LinkVideo": "https://files.catbox.moe/13p035.webm",
        "LinkMp3": "https://files.catbox.moe/19353j.mp3"
    },
    {
        "animeEng": "Attack on Titan: No Regrets",
        "animeRomaji": "Shingeki no Kyojin: Kuinaki Sentaku",
        "songName": "Jiyuu no Tsubasa",
        "artist": "Linked Horizon",
        "type": "Opening 1",
        "correctCount": 90,
        "startTime": 45,
        "songDuration": 88.56,
        "songNumber": 49,
        "activePlayerCount": 102,
        "LinkVideo": "https://files.catbox.moe/oaaxgi.webm",
        "LinkMp3": "https://files.catbox.moe/8yujfh.mp3"
    },
    {
        "animeEng": "Kup\u016b~!! Mamegoma!",
        "animeRomaji": "Kup\u016b~!! Mamegoma!",
        "songName": "Thank You! wa I LOVE YOU",
        "artist": "Kanako Miyamoto",
        "type": "Opening 1",
        "correctCount": 2,
        "startTime": 9,
        "songDuration": 58.56,
        "songNumber": 50,
        "activePlayerCount": 102,
        "LinkVideo": "https://files.catbox.moe/3bwe4c.webm",
        "LinkMp3": "https://files.catbox.moe/vik4e4.mp3",
        "correctPlayers": [
            "Satorii",
            "Ufokoira"
        ]
    },
    {
        "animeEng": "Mob Psycho 100 II",
        "animeRomaji": "Mob Psycho 100 Dai Ikkai Rei to ka S\u014ddansho Ianryok\u014d -Kokoro Mitasu Iyashi no Tabi-",
        "songName": "Ikiru Hitobito",
        "artist": "sajou no hana",
        "type": "Ending 1",
        "correctCount": 46,
        "startTime": 18,
        "songDuration": 89.016,
        "songNumber": 51,
        "activePlayerCount": 102,
        "LinkVideo": "https://files.catbox.moe/krtjca.webm",
        "LinkMp3": "https://files.catbox.moe/r34n0g.mp3"
    },
    {
        "animeEng": "Dragon Ball Super: Broly",
        "animeRomaji": "Dragon Ball Super: Broly",
        "songName": "Blizzard",
        "artist": "Daichi Miura",
        "type": "Ending 1",
        "correctCount": 46,
        "startTime": 89,
        "songDuration": 219.576,
        "songNumber": 52,
        "activePlayerCount": 102,
        "LinkVideo": "https://files.catbox.moe/dibbz1.webm",
        "LinkMp3": "https://files.catbox.moe/ckxx3k.mp3"
    },
    {
        "animeEng": "I, My, Me! Strawberry Eggs",
        "animeRomaji": "I, My, Me! Strawberry Eggs",
        "songName": "Dearest",
        "artist": "Hitomi Mieno",
        "type": "Opening 1",
        "correctCount": 2,
        "startTime": 42,
        "songDuration": 90.432,
        "songNumber": 53,
        "activePlayerCount": 102,
        "LinkVideo": "https://files.catbox.moe/zohd1t.webm",
        "LinkMp3": "https://files.catbox.moe/f7xsqt.mp3",
        "correctPlayers": [
            "Rukawa11",
            "aryagamis"
        ]
    },
    {
        "animeEng": "Durarara!! \u00d72 The Second Arc",
        "animeRomaji": "Durarara!!\u00d72 Ten",
        "songName": "Day you laugh",
        "artist": "Toshiyuki Toyonaga",
        "type": "Opening 1",
        "correctCount": 54,
        "startTime": 7,
        "songDuration": 87.408,
        "songNumber": 54,
        "activePlayerCount": 102,
        "LinkVideo": "https://files.catbox.moe/t45l0f.webm",
        "LinkMp3": "https://files.catbox.moe/9api3x.mp3"
    },
    {
        "animeEng": "My Roommate is a Cat",
        "animeRomaji": "D\u014dkyonin wa Hiza, Tokidoki, Atama no Ue.",
        "songName": "Unknown World",
        "artist": "Schr\u00f6dinger's Cat adding kotringo",
        "type": "Opening 1",
        "correctCount": 41,
        "startTime": 8,
        "songDuration": 89.52,
        "songNumber": 55,
        "activePlayerCount": 102,
        "LinkVideo": "https://files.catbox.moe/10vupz.webm",
        "LinkMp3": "https://files.catbox.moe/2j48zs.mp3"
    },
    {
        "animeEng": "The Wings of Rean",
        "animeRomaji": "Rean no Tsubasa",
        "songName": "MY FATE",
        "artist": "ANNA",
        "type": "Ending 1",
        "correctCount": 3,
        "startTime": 16,
        "songDuration": 117.576,
        "songNumber": 56,
        "activePlayerCount": 102,
        "LinkVideo": "https://files.catbox.moe/bh05kl.webm",
        "LinkMp3": "https://files.catbox.moe/72mcj1.mp3",
        "correctPlayers": [
            "Runner",
            "aryagamis",
            "anonimus_opinion"
        ]
    },
    {
        "animeEng": "Fairy Tail",
        "animeRomaji": "Fairy Tail",
        "songName": "R.P.G. ~Rockin' Playing Game",
        "artist": "SuG",
        "type": "Opening 4",
        "correctCount": 43,
        "startTime": 32,
        "songDuration": 90.528,
        "songNumber": 57,
        "activePlayerCount": 102,
        "LinkVideo": "https://files.catbox.moe/cdsg26.webm",
        "LinkMp3": "https://files.catbox.moe/jnp22k.mp3"
    },
    {
        "animeEng": "Crazed Family Diary",
        "animeRomaji": "Ky\u014dran Kazoku Nikki",
        "songName": "Ky\u014dran Senki~Nichij\u014d no Kamisama~",
        "artist": "Ayumi Fujimura",
        "type": "Ending 1",
        "correctCount": 1,
        "startTime": 23,
        "songDuration": 89.180508,
        "songNumber": 58,
        "activePlayerCount": 103,
        "LinkVideo": "https://files.catbox.moe/jn18bh.webm",
        "LinkMp3": "https://files.catbox.moe/siypus.mp3",
        "correctPlayers": [
            "TrySail"
        ]
    },
    {
        "animeEng": "Gall Force 2 - Destruction",
        "animeRomaji": "Gall Force 2 - Destruction",
        "songName": "COSMIC CHILD",
        "artist": "Shirai Takako &CRAZY BOYS",
        "type": "Ending 1",
        "correctCount": 5,
        "startTime": 164,
        "songDuration": 261.24,
        "songNumber": 59,
        "activePlayerCount": 103,
        "LinkVideo": "https://files.catbox.moe/244cyo.webm",
        "LinkMp3": "https://files.catbox.moe/je36gx.mp3",
        "correctPlayers": [
            "Hooman",
            "Runner",
            "MilkJiang",
            "DDBOT",
            "nyamu"
        ]
    },
    {
        "animeEng": "Casshan: Robot Hunter",
        "animeRomaji": "Casshern: Robot Hunter",
        "songName": "Casshan ~Kaze no Bohyou~",
        "artist": "Hironobu Kageyama & BROADWAY",
        "type": "Opening 1",
        "correctCount": 5,
        "startTime": 20,
        "songDuration": 91.662098,
        "songNumber": 60,
        "activePlayerCount": 101,
        "LinkVideo": "https://files.catbox.moe/knwpws.webm",
        "LinkMp3": "https://files.catbox.moe/57aap6.mp3",
        "correctPlayers": [
            "Rukawa11",
            "Zylda",
            "Catisam",
            "AlterMang",
            "KonoDioda1"
        ]
    },
    {
        "animeEng": "Sh\u014dnen Maid",
        "animeRomaji": "Sh\u014dnen Maid",
        "songName": "Kimi Sengen!",
        "artist": "Uch\u014dten BOYS",
        "type": "Insert Song",
        "correctCount": 1,
        "startTime": 0,
        "songDuration": 46.752,
        "songNumber": 61,
        "activePlayerCount": 101,
        "LinkVideo": "https://files.catbox.moe/yn6geg.webm",
        "LinkMp3": "https://files.catbox.moe/wajdc0.mp3",
        "correctPlayers": [
            "YuriMeguri"
        ]
    },
    {
        "animeEng": "Nazca",
        "animeRomaji": "Jik\u016b Tensh\u014d Nazca",
        "songName": "Condor wa Tonde Iku",
        "artist": "Nami Sagara",
        "type": "Ending 1",
        "correctCount": 0,
        "startTime": 14,
        "songDuration": 129.84,
        "songNumber": 62,
        "activePlayerCount": 101,
        "LinkVideo": "https://files.catbox.moe/13agvw.webm",
        "LinkMp3": "https://files.catbox.moe/a1h56z.mp3"
    },
    {
        "animeEng": "Arpeggio of Blue Steel -Ars Nova- Cadenza",
        "animeRomaji": "Aoki Hagane no Arpeggio: Ars Nova Cadenza",
        "songName": "Last Refrain",
        "artist": "nano",
        "type": "Insert Song",
        "correctCount": 13,
        "startTime": 39,
        "songDuration": 277.076054,
        "songNumber": 63,
        "activePlayerCount": 101,
        "LinkVideo": "https://files.catbox.moe/mp54g5.webm",
        "LinkMp3": "https://files.catbox.moe/048y2c.mp3"
    },
    {
        "animeEng": "PriPara",
        "animeRomaji": "PriPara",
        "songName": "Around the PriPara Land!",
        "artist": "FriendAll & CelePara Opera Company",
        "type": "Insert Song",
        "correctCount": 16,
        "startTime": 6,
        "songDuration": 236.304,
        "songNumber": 64,
        "activePlayerCount": 101,
        "LinkVideo": "https://files.catbox.moe/j7qjk5.webm",
        "LinkMp3": "https://files.catbox.moe/60q87a.mp3"
    },
    {
        "animeEng": "Super Mario Brothers: Great Mission to Rescue Princess Peach",
        "animeRomaji": "Super Mario Brothers: Peach-hime Kyuushutsu Daisakusen",
        "songName": "Doki Doki Do it! ~Bishi tto Bashi tto Rock'n Roll Ren'ai-hen",
        "artist": "Mirai D\u014dji",
        "type": "Insert Song",
        "correctCount": 30,
        "startTime": 14,
        "songDuration": 62.007,
        "songNumber": 65,
        "activePlayerCount": 101,
        "LinkVideo": "https://files.catbox.moe/2rlwlx.webm"
    },
    {
        "animeEng": "Perfect Blue",
        "animeRomaji": "Perfect Blue",
        "songName": "Omoide ni Dakarete Ima wa",
        "artist": "MISA",
        "type": "Opening 1",
        "correctCount": 28,
        "startTime": 7,
        "songDuration": 65.232,
        "songNumber": 66,
        "activePlayerCount": 101,
        "LinkVideo": "https://files.catbox.moe/ni1ssb.webm",
        "LinkMp3": "https://files.catbox.moe/j5sadk.mp3"
    },
    {
        "animeEng": "Aikatsu! Music Award: Minna de Sh\u014d o Moracchaima SHOW!",
        "animeRomaji": "Aikatsu! Music Award: Minna de Sh\u014d o Moracchaima SHOW!",
        "songName": "Blooming\u2661Blooming",
        "artist": "Ruka from AIKATSU\u2606STARS!",
        "type": "Insert Song",
        "correctCount": 48,
        "startTime": 35,
        "songDuration": 109.44,
        "songNumber": 67,
        "activePlayerCount": 101,
        "LinkVideo": "https://files.catbox.moe/cushoz.webm",
        "LinkMp3": "https://files.catbox.moe/zuw423.mp3"
    },
    {
        "animeEng": "Sound! Euphonium: The Movie - Welcome to the Kitauji High School Concert Band",
        "animeRomaji": "Gekij\u014dban Hibike! Euphonium: Kitauji K\u014dk\u014d Suis\u014dgaku-bu e Y\u014dkoso",
        "songName": "Abarenbou Shougun no Theme",
        "artist": "Freshman Wind Ensemble",
        "type": "Insert Song",
        "correctCount": 57,
        "startTime": 0,
        "songDuration": 22.8,
        "songNumber": 68,
        "activePlayerCount": 101,
        "LinkVideo": "https://files.catbox.moe/jingin.webm",
        "LinkMp3": "https://files.catbox.moe/hgsprz.mp3"
    },
    {
        "animeEng": "Mobile Suit Gundam Wing",
        "animeRomaji": "Shin Kid\u014d Senki Gundam W",
        "songName": "RHYTHM EMOTION",
        "artist": "TWO-MIX",
        "type": "Opening 2",
        "correctCount": 33,
        "startTime": 36,
        "songDuration": 80.208,
        "songNumber": 69,
        "activePlayerCount": 102,
        "LinkVideo": "https://files.catbox.moe/edqzt4.webm",
        "LinkMp3": "https://files.catbox.moe/uu7lvz.mp3"
    },
    {
        "animeEng": "Hybrid x Heart Magias Academy Ataraxia",
        "animeRomaji": "Mas\u014d Gakuen H\u00d7H",
        "songName": "miele paradiso",
        "artist": "Iori Nomizu",
        "type": "Opening 1",
        "correctCount": 50,
        "startTime": 20,
        "songDuration": 87.984,
        "songNumber": 70,
        "activePlayerCount": 101,
        "LinkVideo": "https://files.catbox.moe/v34115.webm",
        "LinkMp3": "https://files.catbox.moe/esjgag.mp3"
    },
    {
        "animeEng": "After War Gundam X",
        "animeRomaji": "Kid\u014d Shinseiki Gundam X",
        "songName": "Resolution",
        "artist": "ROmantic Mode",
        "type": "Opening 2",
        "correctCount": 26,
        "startTime": 14,
        "songDuration": 81.96,
        "songNumber": 71,
        "activePlayerCount": 103,
        "LinkVideo": "https://files.catbox.moe/kq6d03.webm",
        "LinkMp3": "https://files.catbox.moe/58twkl.mp3"
    },
    {
        "animeEng": "Divine Gate",
        "animeRomaji": "Divine Gate",
        "songName": "One Me Two Hearts",
        "artist": "hitorie",
        "type": "Opening 1",
        "correctCount": 34,
        "startTime": 25,
        "songDuration": 89.781314,
        "songNumber": 72,
        "activePlayerCount": 103,
        "LinkVideo": "https://files.catbox.moe/q8rhk6.webm",
        "LinkMp3": "https://files.catbox.moe/mxm8js.mp3"
    },
    {
        "animeEng": "Nekopara",
        "animeRomaji": "Nekopara",
        "songName": "Hidamari no Kaori ~Cacao mo Issho ver~",
        "artist": "Yuki Yagi, Iori Saeki, Yuka Morishima",
        "type": "Ending 3",
        "correctCount": 36,
        "startTime": 1,
        "songDuration": 87.648,
        "songNumber": 73,
        "activePlayerCount": 103,
        "LinkVideo": "https://files.catbox.moe/mon5q6.webm",
        "LinkMp3": "https://files.catbox.moe/4b5bmw.mp3"
    },
    {
        "animeEng": "Tsugu Tsugumomo",
        "animeRomaji": "Tsugu Tsugumomo",
        "songName": "Haru, Kanade",
        "artist": "Haruka T\u014dj\u014d",
        "type": "Ending 1",
        "correctCount": 16,
        "startTime": 30,
        "songDuration": 88.992,
        "songNumber": 74,
        "activePlayerCount": 103,
        "LinkVideo": "https://files.catbox.moe/i0p68r.webm",
        "LinkMp3": "https://files.catbox.moe/7dhkm8.mp3"
    },
    {
        "animeEng": "Girl-gaku.: Sei Girls Square Gakuin",
        "animeRomaji": "Girl-gaku.: Sei Girls Square Gakuin",
        "songName": "All OK!",
        "artist": "east\u00b2",
        "type": "Ending 5",
        "correctCount": 8,
        "startTime": 0,
        "songDuration": 23.376,
        "songNumber": 75,
        "activePlayerCount": 101,
        "LinkVideo": "https://files.catbox.moe/ui6274.webm",
        "LinkMp3": "https://files.catbox.moe/38t77s.mp3"
    }
]