[
    {
        "animeEng": "A Certain Magical Index: The Miracle of Endymion",
        "animeRomaji": "Toaru Majutsu no Index: Endymion no Kiseki",
        "songName": "Ashita, Hareru kana",
        "artist": "Sachika Misawa",
        "type": "Insert Song",
        "correctCount": 6,
        "startTime": 182,
        "songDuration": 222.888,
        "songNumber": 1,
        "activePlayerCount": 196,
        "LinkVideo": "https://files.catbox.moe/lypx9a.webm",
        "LinkMp3": "https://files.catbox.moe/u3gtr9.mp3"
    },
    {
        "animeEng": "Project A-Ko",
        "animeRomaji": "Project A-Ko",
        "songName": "In Your Eyes",
        "artist": "Samantha Newark",
        "type": "Insert Song",
        "correctCount": 16,
        "startTime": 48,
        "songDuration": 83.38605,
        "songNumber": 2,
        "activePlayerCount": 201,
        "LinkVideo": "https://files.catbox.moe/n5qcu8.webm",
        "LinkMp3": "https://files.catbox.moe/nkhhma.mp3"
    },
    {
        "animeEng": "If My Favorite Pop Idol Made It to the Budokan, I Would Die",
        "animeRomaji": "Oshi ga Bud\u014dkan Ittekuretara Shinu",
        "songName": "\u2661Momo-iro Kataomoi\u2661",
        "artist": "Ai Fairouz & Hina Tachibana",
        "type": "Ending 2",
        "correctCount": 38,
        "startTime": 26,
        "songDuration": 89.088,
        "songNumber": 3,
        "activePlayerCount": 201,
        "LinkVideo": "https://files.catbox.moe/eh50e3.webm",
        "LinkMp3": "https://files.catbox.moe/cerfw1.mp3"
    },
    {
        "animeEng": "From Up On Poppy Hill",
        "animeRomaji": "Coquelicot-zaka kara",
        "songName": "Asagohan no Uta",
        "artist": "Aoi Teshima",
        "type": "Opening 1",
        "correctCount": 29,
        "startTime": 31,
        "songDuration": 84.048,
        "songNumber": 4,
        "activePlayerCount": 200,
        "LinkVideo": "https://files.catbox.moe/n462u5.webm",
        "LinkMp3": "https://files.catbox.moe/urofgr.mp3"
    },
    {
        "animeEng": "M\u00c4R",
        "animeRomaji": "M\u00c4R",
        "songName": "Kaze to RAINBOW",
        "artist": "GARNET CROW",
        "type": "Opening 4",
        "correctCount": 4,
        "startTime": 14,
        "songDuration": 89.472,
        "songNumber": 5,
        "activePlayerCount": 200,
        "LinkVideo": "https://files.catbox.moe/s3irx5.webm",
        "LinkMp3": "https://files.catbox.moe/7b2d3q.mp3",
        "correctPlayers": [
            "angelofeternity",
            "Cirquit",
            "watashiii",
            "shadowpandax"
        ]
    },
    {
        "animeEng": "Granblue Fantasy the Animation Season 2",
        "animeRomaji": "Granblue Fantasy the Animation Season 2",
        "songName": "Stay With Me",
        "artist": "Seven Billion Dots",
        "type": "Opening 1",
        "correctCount": 66,
        "startTime": 26,
        "songDuration": 89.136,
        "songNumber": 6,
        "activePlayerCount": 201,
        "LinkVideo": "https://files.catbox.moe/8rn0b2.webm",
        "LinkMp3": "https://files.catbox.moe/q3j5kc.mp3"
    },
    {
        "animeEng": "Lucky Star",
        "animeRomaji": "Lucky Star OVA",
        "songName": "Ai o Torimodose!!",
        "artist": "Uchoten",
        "type": "Ending 1",
        "correctCount": 180,
        "startTime": 64,
        "songDuration": 106.824,
        "songNumber": 7,
        "activePlayerCount": 201,
        "LinkVideo": "https://files.catbox.moe/9g7uwj.webm",
        "LinkMp3": "https://files.catbox.moe/lomjyq.mp3"
    },
    {
        "animeEng": "Project A-Ko",
        "animeRomaji": "Project A-Ko",
        "songName": "Dance Away",
        "artist": "Annie Livingston",
        "type": "Insert Song",
        "correctCount": 3,
        "startTime": 0,
        "songDuration": 63.8192,
        "songNumber": 8,
        "activePlayerCount": 201,
        "LinkVideo": "https://files.catbox.moe/zks82q.webm",
        "LinkMp3": "https://files.catbox.moe/ix0o9s.mp3",
        "correctPlayers": [
            "AnimeroD",
            "watashiii",
            "PearI"
        ]
    },
    {
        "animeEng": "UFO Robo Grendizer",
        "animeRomaji": "UFO Robo Grendizer",
        "songName": "Uchuu no Ouja Grendizer",
        "artist": "Isao Sasaki",
        "type": "Ending 1",
        "correctCount": 126,
        "startTime": 6,
        "songDuration": 67.704,
        "songNumber": 9,
        "activePlayerCount": 201,
        "LinkVideo": "https://files.catbox.moe/iai90a.webm",
        "LinkMp3": "https://files.catbox.moe/09y3xr.mp3"
    },
    {
        "animeEng": "Gestalt",
        "animeRomaji": "Ch\u014dj\u016b Densetsu Gestalt",
        "songName": "Get up, Right now",
        "artist": "Yuzuru Oka",
        "type": "Ending 1",
        "correctCount": 1,
        "startTime": 63,
        "songDuration": 98.544,
        "songNumber": 10,
        "activePlayerCount": 201,
        "LinkVideo": "https://files.catbox.moe/6mtde7.webm",
        "LinkMp3": "https://files.catbox.moe/55a1qq.mp3",
        "correctPlayers": [
            "yeims"
        ]
    },
    {
        "animeEng": "Lupin the Third: Jigen's Gravestone",
        "animeRomaji": "Lupin the IIIrd: Jigen Daisuke no Bohy\u014d",
        "songName": "Revolver Fires",
        "artist": "Gary Stockdale",
        "type": "Ending 1",
        "correctCount": 16,
        "startTime": 30,
        "songDuration": 106.656,
        "songNumber": 11,
        "activePlayerCount": 201,
        "LinkVideo": "https://files.catbox.moe/d2rely.webm",
        "LinkMp3": "https://files.catbox.moe/43lfyt.mp3"
    },
    {
        "animeEng": "Owarimonogatari",
        "animeRomaji": "Owarimonogatari",
        "songName": "mein schatz",
        "artist": "Mito",
        "type": "Opening 4",
        "correctCount": 112,
        "startTime": 16,
        "songDuration": 60.288,
        "songNumber": 12,
        "activePlayerCount": 200,
        "LinkVideo": "https://files.catbox.moe/5t3sn8.webm",
        "LinkMp3": "https://files.catbox.moe/p4p7gf.mp3"
    },
    {
        "animeEng": "Legendary Armor Samurai Troopers",
        "animeRomaji": "Yoroiden Samurai Troopers",
        "songName": "Stardust Eyes",
        "artist": "Mariko Uranishi",
        "type": "Opening 1",
        "correctCount": 4,
        "startTime": 6,
        "songDuration": 89.064,
        "songNumber": 13,
        "activePlayerCount": 200,
        "LinkVideo": "https://files.catbox.moe/b1nwpz.webm",
        "LinkMp3": "https://files.catbox.moe/v91649.mp3",
        "correctPlayers": [
            "HungryLosos",
            "Rukawa11",
            "watashiii",
            "Grubbi"
        ]
    },
    {
        "animeEng": "Super Shiro",
        "animeRomaji": "Super Shiro",
        "songName": "SUPER SHIRO",
        "artist": "Mewhan",
        "type": "Ending 1",
        "correctCount": 125,
        "startTime": 0,
        "songDuration": 34.56,
        "songNumber": 14,
        "activePlayerCount": 200,
        "LinkVideo": "https://files.catbox.moe/v8hhyw.webm",
        "LinkMp3": "https://files.catbox.moe/08nxwe.mp3"
    },
    {
        "animeEng": "Golden Time",
        "animeRomaji": "Golden Time",
        "songName": "The\u2661World's\u2661End",
        "artist": "Yui Horie",
        "type": "Opening 2",
        "correctCount": 130,
        "startTime": 37,
        "songDuration": 90.072,
        "songNumber": 15,
        "activePlayerCount": 199,
        "LinkVideo": "https://files.catbox.moe/rp4t93.webm",
        "LinkMp3": "https://files.catbox.moe/nlakmy.mp3"
    },
    {
        "animeEng": "A Certain Scientific Railgun",
        "animeRomaji": "Toaru Kagaku no Railgun",
        "songName": "Dear My Friend -Mada Minu Mirai e-",
        "artist": "ELISA",
        "type": "Ending 1",
        "correctCount": 68,
        "startTime": 37,
        "songDuration": 88.728,
        "songNumber": 16,
        "activePlayerCount": 199,
        "LinkVideo": "https://files.catbox.moe/u812b4.webm",
        "LinkMp3": "https://files.catbox.moe/o9sfuf.mp3"
    },
    {
        "animeEng": "3D Magical Play",
        "animeRomaji": "3D Magical Play",
        "songName": "Catch Your Dream",
        "artist": "Ai Tokunaga",
        "type": "Ending 1",
        "correctCount": 1,
        "startTime": 43,
        "songDuration": 90.048,
        "songNumber": 17,
        "activePlayerCount": 200,
        "LinkVideo": "https://files.catbox.moe/rvwzqy.webm",
        "LinkMp3": "https://files.catbox.moe/98515e.mp3",
        "correctPlayers": [
            "watashiii"
        ]
    },
    {
        "animeEng": "K\u00e4mpfer",
        "animeRomaji": "K\u00e4mpfer",
        "songName": "Darling Darling",
        "artist": "Yui Horie",
        "type": "Insert Song",
        "correctCount": 51,
        "startTime": 0,
        "songDuration": 21.048,
        "songNumber": 18,
        "activePlayerCount": 200,
        "LinkVideo": "https://files.catbox.moe/frumjp.webm",
        "LinkMp3": "https://files.catbox.moe/zv4l87.mp3"
    },
    {
        "animeEng": "Toward the Terra",
        "animeRomaji": "Terra e...",
        "songName": "JET BOY JET GIRL",
        "artist": "Hitomi Takahashi",
        "type": "Opening 2",
        "correctCount": 5,
        "startTime": 18,
        "songDuration": 89.807436,
        "songNumber": 19,
        "activePlayerCount": 200,
        "LinkVideo": "https://files.catbox.moe/sloitq.webm",
        "LinkMp3": "https://files.catbox.moe/szsqzq.mp3",
        "correctPlayers": [
            "Neutral",
            "fwlo",
            "watashiii",
            "bluethree",
            "Torradinhas"
        ]
    },
    {
        "animeEng": "Tenchi Muyo! Ryo Ohki",
        "animeRomaji": "Tenchi Muyo! Ryo Ohki",
        "songName": "Tenchi Muy\u014d! Ryo-Ohki Dai-3-ki Theme",
        "artist": "Akifumi Tada",
        "type": "Opening 1",
        "correctCount": 8,
        "startTime": 30,
        "songDuration": 87.912,
        "songNumber": 20,
        "activePlayerCount": 198,
        "LinkVideo": "https://files.catbox.moe/ib4fmb.webm",
        "LinkMp3": "https://files.catbox.moe/48wfnt.mp3"
    },
    {
        "animeEng": "Bakugan Battle Brawlers: New Vestroia",
        "animeRomaji": "Bakugan Battle Brawlers: New Vestroia",
        "songName": "BANG!BANG!BAKUGAN",
        "artist": "Yoshifumi Ushima",
        "type": "Ending 1",
        "correctCount": 8,
        "startTime": 5,
        "songDuration": 68.904,
        "songNumber": 21,
        "activePlayerCount": 198,
        "LinkVideo": "https://files.catbox.moe/c154nf.webm",
        "LinkMp3": "https://files.catbox.moe/9xguyg.mp3"
    },
    {
        "animeEng": "Paradise Kiss",
        "animeRomaji": "Paradise Kiss",
        "songName": "\u2665Lonely in Gorgeous\u2665",
        "artist": "Tommy february\u2076",
        "type": "Opening 1",
        "correctCount": 66,
        "startTime": 8,
        "songDuration": 88.968,
        "songNumber": 22,
        "activePlayerCount": 199,
        "LinkVideo": "https://files.catbox.moe/lespo0.webm",
        "LinkMp3": "https://files.catbox.moe/hf98pk.mp3"
    },
    {
        "animeEng": "Scorching Ping Pong Girls",
        "animeRomaji": "Shakunetsu no Takky\u016b Musume",
        "songName": "Shakunetsu Switch",
        "artist": "Suzumegahara Ch\u016bgaku Takky\u016b-bu",
        "type": "Opening 1",
        "correctCount": 67,
        "startTime": 39,
        "songDuration": 90.048,
        "songNumber": 23,
        "activePlayerCount": 199,
        "LinkVideo": "https://files.catbox.moe/f7c66n.webm",
        "LinkMp3": "https://files.catbox.moe/uflupl.mp3"
    },
    {
        "animeEng": "Ani Ni Tsukeru Kusuri wa Nai!",
        "animeRomaji": "Ani Ni Tsukeru Kusuri wa Nai!",
        "songName": "Sunny side up",
        "artist": "Brian the Sun",
        "type": "Opening 1",
        "correctCount": 124,
        "startTime": 0,
        "songDuration": 24.816,
        "songNumber": 24,
        "activePlayerCount": 197,
        "LinkVideo": "https://files.catbox.moe/j2uh2b.webm",
        "LinkMp3": "https://files.catbox.moe/u0diyc.mp3"
    },
    {
        "animeEng": "Aikatsu Stars!",
        "animeRomaji": "Aikatsu Stars!",
        "songName": "So Beautiful Story",
        "artist": "Ruka from AIKATSU\u2606STARS!",
        "type": "Insert Song",
        "correctCount": 22,
        "startTime": 25,
        "songDuration": 111.744,
        "songNumber": 25,
        "activePlayerCount": 197,
        "LinkVideo": "https://files.catbox.moe/3klbj6.webm",
        "LinkMp3": "https://files.catbox.moe/uddctz.mp3"
    },
    {
        "animeEng": "Luna Varga",
        "animeRomaji": "Maj\u016b Senshi Luna Varga",
        "songName": "Maju Senshi Luna Varga",
        "artist": "Masato Shimon",
        "type": "Opening 1",
        "correctCount": 6,
        "startTime": 18,
        "songDuration": 90.552,
        "songNumber": 26,
        "activePlayerCount": 197,
        "LinkVideo": "https://files.catbox.moe/o6zi0k.webm",
        "LinkMp3": "https://files.catbox.moe/79whkt.mp3"
    },
    {
        "animeEng": "Hanasaku Iroha: Blossoms for Tomorrow",
        "animeRomaji": "Hanasaku Iroha",
        "songName": "Nagai Tabiji no Tochuu",
        "artist": "Rey",
        "type": "Insert Song",
        "correctCount": 13,
        "startTime": 17,
        "songDuration": 78.936,
        "songNumber": 27,
        "activePlayerCount": 196,
        "LinkVideo": "https://files.catbox.moe/yl8h5y.webm",
        "LinkMp3": "https://files.catbox.moe/vzrhm5.mp3"
    },
    {
        "animeEng": "Parasite Dolls",
        "animeRomaji": "Parasite Dolls",
        "songName": "off",
        "artist": "Michaelson",
        "type": "Ending 1",
        "correctCount": 3,
        "startTime": 151,
        "songDuration": 224.591,
        "songNumber": 28,
        "activePlayerCount": 195,
        "LinkVideo": "https://files.catbox.moe/jy4oc8.webm",
        "correctPlayers": [
            "Fairy9",
            "Goatonaspork",
            "fwlo"
        ]
    },
    {
        "animeEng": "Cockroach Girls",
        "animeRomaji": "Gokicha!!",
        "songName": "Gokkyun! Days",
        "artist": "Mamiko Noto",
        "type": "Opening 1",
        "correctCount": 112,
        "startTime": 0,
        "songDuration": 29.592,
        "songNumber": 29,
        "activePlayerCount": 194,
        "LinkVideo": "https://files.catbox.moe/jzo84l.webm",
        "LinkMp3": "https://files.catbox.moe/v2p3cd.mp3"
    },
    {
        "animeEng": "Panda! Go, Panda!",
        "animeRomaji": "Panda Kopanda",
        "songName": "Mimi-chan to Panda Kopanda",
        "artist": "Ado Mizumori",
        "type": "Opening 1",
        "correctCount": 151,
        "startTime": 7,
        "songDuration": 118.128,
        "songNumber": 30,
        "activePlayerCount": 194,
        "LinkVideo": "https://files.catbox.moe/4q40ng.webm",
        "LinkMp3": "https://files.catbox.moe/2f02hs.mp3"
    },
    {
        "animeEng": "Fate/Zero",
        "animeRomaji": "Fate/Zero",
        "songName": "MEMORIA",
        "artist": "Eir Aoi",
        "type": "Ending 1",
        "correctCount": 120,
        "startTime": 8,
        "songDuration": 88.176,
        "songNumber": 31,
        "activePlayerCount": 192,
        "LinkVideo": "https://files.catbox.moe/s4m2wc.webm",
        "LinkMp3": "https://files.catbox.moe/tm88oe.mp3"
    },
    {
        "animeEng": "RahXephon",
        "animeRomaji": "RahXephon",
        "songName": "Before You Know",
        "artist": "Ichiko Hashimoto",
        "type": "Ending 3",
        "correctCount": 7,
        "startTime": 21,
        "songDuration": 85.967502,
        "songNumber": 32,
        "activePlayerCount": 191,
        "LinkVideo": "https://files.catbox.moe/85pqow.webm",
        "LinkMp3": "https://files.catbox.moe/gnfa1e.mp3"
    },
    {
        "animeEng": "Overlord II",
        "animeRomaji": "Overlord II",
        "songName": "GO CRY GO",
        "artist": "OxT",
        "type": "Opening 1",
        "correctCount": 132,
        "startTime": 7,
        "songDuration": 88.2,
        "songNumber": 33,
        "activePlayerCount": 190,
        "LinkVideo": "https://files.catbox.moe/v1psxw.webm",
        "LinkMp3": "https://files.catbox.moe/4pd16o.mp3"
    },
    {
        "animeEng": "Frame Arms Girl Movie: Kyakkya Ufufu na Wonderland",
        "animeRomaji": "Frame Arms Girl Movie: Kyakkya Ufufu na Wonderland",
        "songName": "Shukufuku no Uta",
        "artist": "Hibiku Yamamura",
        "type": "Insert Song",
        "correctCount": 12,
        "startTime": 11,
        "songDuration": 68.568,
        "songNumber": 34,
        "activePlayerCount": 192,
        "LinkVideo": "https://files.catbox.moe/1loprv.webm",
        "LinkMp3": "https://files.catbox.moe/y4pg9l.mp3"
    },
    {
        "animeEng": "Shigurui: Death Frenzy",
        "animeRomaji": "Shigurui",
        "songName": "Shigurui ~Opening Theme",
        "artist": "Kiyoshi Yoshida",
        "type": "Opening 1",
        "correctCount": 47,
        "startTime": 27,
        "songDuration": 88.536,
        "songNumber": 35,
        "activePlayerCount": 192,
        "LinkVideo": "https://files.catbox.moe/zigjsp.webm",
        "LinkMp3": "https://files.catbox.moe/7jn7qt.mp3"
    },
    {
        "animeEng": "Steel Angel Kurumi 2",
        "animeRomaji": "Koutetsu Tenshi Kurumi 2 Shiki",
        "songName": "Kiss Kara Hajimaru Miracle (2 Shiki)",
        "artist": "STEEL ANGELS",
        "type": "Opening 1",
        "correctCount": 13,
        "startTime": 54,
        "songDuration": 89.352,
        "songNumber": 36,
        "activePlayerCount": 192,
        "LinkVideo": "https://files.catbox.moe/ns1bv5.webm",
        "LinkMp3": "https://files.catbox.moe/j64frr.mp3"
    },
    {
        "animeEng": "Tsubasa: Spring Thunder Chronicle",
        "animeRomaji": "Tsubasa: Shunraiki",
        "songName": "Sonic Boom",
        "artist": "Maaya Sakamoto",
        "type": "Opening 1",
        "correctCount": 13,
        "startTime": 2,
        "songDuration": 89.736,
        "songNumber": 37,
        "activePlayerCount": 192,
        "LinkVideo": "https://files.catbox.moe/rvlbov.webm",
        "LinkMp3": "https://files.catbox.moe/wivbb4.mp3"
    },
    {
        "animeEng": "Morita-san wa Mukuchi. 2",
        "animeRomaji": "Morita-san wa Mukuchi. 2",
        "songName": "Nyaa Nyaa Kibun",
        "artist": "Fuwawaka",
        "type": "Opening 1",
        "correctCount": 46,
        "startTime": 0,
        "songDuration": 28.128,
        "songNumber": 38,
        "activePlayerCount": 192,
        "LinkVideo": "https://files.catbox.moe/8iwfrm.webm",
        "LinkMp3": "https://files.catbox.moe/1p7i4h.mp3"
    },
    {
        "animeEng": "The Weathering Continent",
        "animeRomaji": "Kaze no Tairiku",
        "songName": "Kaze no Tairiku",
        "artist": "Yui Nishiwaki",
        "type": "Ending 1",
        "correctCount": 3,
        "startTime": 88,
        "songDuration": 148.216228,
        "songNumber": 39,
        "activePlayerCount": 190,
        "LinkVideo": "https://files.catbox.moe/cg13u9.webm",
        "LinkMp3": "https://files.catbox.moe/4admvn.mp3",
        "correctPlayers": [
            "Catisam",
            "yeims",
            "AnimeroD"
        ]
    },
    {
        "animeEng": "So I Can't Play H",
        "animeRomaji": "Dakara Boku wa, H ga Dekinai.",
        "songName": "Reason why XXX",
        "artist": "Sayaka Sasaki",
        "type": "Opening 1",
        "correctCount": 50,
        "startTime": 17,
        "songDuration": 88.056,
        "songNumber": 40,
        "activePlayerCount": 191,
        "LinkVideo": "https://files.catbox.moe/t2i2r8.webm",
        "LinkMp3": "https://files.catbox.moe/lsym20.mp3"
    },
    {
        "animeEng": "Di Gi Charat",
        "animeRomaji": "Di Gi Charat",
        "songName": "only one, No.1",
        "artist": "Masami Okui",
        "type": "Opening 1",
        "correctCount": 35,
        "startTime": 3,
        "songDuration": 44.712,
        "songNumber": 41,
        "activePlayerCount": 191,
        "LinkVideo": "https://files.catbox.moe/j6kwjt.webm",
        "LinkMp3": "https://files.catbox.moe/dwd70o.mp3"
    },
    {
        "animeEng": "Noiseman Sound Insect",
        "animeRomaji": "Onkyo Seimeitai Noiseman",
        "songName": "TREES MAKE SEEDS",
        "artist": "CRYSTAL WILLIAMS",
        "type": "Ending 1",
        "correctCount": 26,
        "startTime": 88,
        "songDuration": 134.064,
        "songNumber": 42,
        "activePlayerCount": 191,
        "LinkVideo": "https://files.catbox.moe/unrez5.webm",
        "LinkMp3": "https://files.catbox.moe/hjszj8.mp3"
    },
    {
        "animeEng": "Teeky\u016b",
        "animeRomaji": "Teeky\u016b",
        "songName": "Dream First Sensation!",
        "artist": "Yui Watanabe",
        "type": "Opening 1",
        "correctCount": 98,
        "startTime": 0,
        "songDuration": 29.98855,
        "songNumber": 43,
        "activePlayerCount": 190,
        "LinkVideo": "https://files.catbox.moe/c9qoek.webm",
        "LinkMp3": "https://files.catbox.moe/pzu72h.mp3"
    },
    {
        "animeEng": "Ushio & Tora",
        "animeRomaji": "Ushio & Tora",
        "songName": "Mazeru na Kiken",
        "artist": "Kinniku Sh\u014djo Tai",
        "type": "Opening 1",
        "correctCount": 82,
        "startTime": 16,
        "songDuration": 88.488,
        "songNumber": 44,
        "activePlayerCount": 190,
        "LinkVideo": "https://files.catbox.moe/wsm83t.webm",
        "LinkMp3": "https://files.catbox.moe/4dbck5.mp3"
    },
    {
        "animeEng": "Ulysses: Jeanne d'Arc and the Alchemist Knight",
        "animeRomaji": "Ulysses: Jeanne d'Arc to Renkin no Kishi",
        "songName": "Hyakunen no Melammu ~Dai-5-ka Inanna (Shouzen)~",
        "artist": "rionos",
        "type": "Ending 5",
        "correctCount": 15,
        "startTime": 54,
        "songDuration": 88.824,
        "songNumber": 45,
        "activePlayerCount": 191,
        "LinkVideo": "https://files.catbox.moe/t5z5ql.webm",
        "LinkMp3": "https://files.catbox.moe/14fcv7.mp3"
    },
    {
        "animeEng": "Gabriel DropOut",
        "animeRomaji": "Gabriel DropOut",
        "songName": "Gabriel Drop Kick",
        "artist": "Kana Hanazawa, Miyu Tomita, Naomi \u014czora, & Saori \u014cnishi",
        "type": "Opening 1",
        "correctCount": 154,
        "startTime": 29,
        "songDuration": 89.909875,
        "songNumber": 46,
        "activePlayerCount": 191,
        "LinkVideo": "https://files.catbox.moe/i3da26.webm",
        "LinkMp3": "https://files.catbox.moe/6dhe30.mp3"
    },
    {
        "animeEng": "Steel Angel Kurumi Encore",
        "animeRomaji": "Koutetsu Tenshi Kurumi Encore",
        "songName": "Kiss Kara Hajimaru Miracle",
        "artist": "STEEL ANGELS",
        "type": "Opening 1",
        "correctCount": 90,
        "startTime": 6,
        "songDuration": 86.256,
        "songNumber": 47,
        "activePlayerCount": 190,
        "LinkVideo": "https://files.catbox.moe/krmqc2.webm",
        "LinkMp3": "https://files.catbox.moe/2qy6yu.mp3"
    },
    {
        "animeEng": "Eiga Dokidoki! Precure Mana Kekkon!!? Mirai ni Tsunagu Kib\u014d no Dress",
        "animeRomaji": "Eiga Dokidoki! Precure Mana Kekkon!!? Mirai ni Tsunagu Kib\u014d no Dress",
        "songName": "Happy Go Lucky! Dokidoki! Precure",
        "artist": "Tomoyo Kurosawa",
        "type": "Opening 1",
        "correctCount": 43,
        "startTime": 44,
        "songDuration": 85.224,
        "songNumber": 48,
        "activePlayerCount": 190,
        "LinkVideo": "https://files.catbox.moe/m6olnu.webm",
        "LinkMp3": "https://files.catbox.moe/y0twdt.mp3"
    },
    {
        "animeEng": "Aquarion EVOL",
        "animeRomaji": "Aquarion EVOL",
        "songName": "ZERO",
        "artist": "AKINO from bless4",
        "type": "Insert Song",
        "correctCount": 43,
        "startTime": 159,
        "songDuration": 278.064,
        "songNumber": 49,
        "activePlayerCount": 189,
        "LinkVideo": "https://files.catbox.moe/58q4ak.webm",
        "LinkMp3": "https://files.catbox.moe/r59xwx.mp3"
    },
    {
        "animeEng": "Tokyo Ghoul:re",
        "animeRomaji": "Tokyo Ghoul:re",
        "songName": "Remembering",
        "artist": "Tate McRae",
        "type": "Insert Song",
        "correctCount": 31,
        "startTime": 120,
        "songDuration": 168.460778,
        "songNumber": 50,
        "activePlayerCount": 189,
        "LinkVideo": "https://files.catbox.moe/lgfr39.webm",
        "LinkMp3": "https://files.catbox.moe/kunl0g.mp3"
    },
    {
        "animeEng": "Music Girls",
        "animeRomaji": "Ongaku Sh\u014djo",
        "songName": "Shining Peace",
        "artist": "Ongaku Sh\u014djo",
        "type": "Ending 1",
        "correctCount": 25,
        "startTime": 52,
        "songDuration": 88.872,
        "songNumber": 51,
        "activePlayerCount": 189,
        "LinkVideo": "https://files.catbox.moe/rvfs0d.webm",
        "LinkMp3": "https://files.catbox.moe/wab62e.mp3"
    },
    {
        "animeEng": "DIABOLIK LOVERS MB",
        "animeRomaji": "Diabolik Lovers More, Blood",
        "songName": "Kindan no 666",
        "artist": "Ry\u014dhei Kimura & Daisuke Kishio",
        "type": "Opening 1",
        "correctCount": 33,
        "startTime": 9,
        "songDuration": 87.576,
        "songNumber": 52,
        "activePlayerCount": 189,
        "LinkVideo": "https://files.catbox.moe/184ugp.webm",
        "LinkMp3": "https://files.catbox.moe/v7ut6w.mp3"
    },
    {
        "animeEng": "Love, Chunibyo & Other Delusions! -Heart Throb-",
        "animeRomaji": "Ch\u016bniby\u014d demo Koi ga Shitai! Ren",
        "songName": "VOICE",
        "artist": "ZAQ",
        "type": "Opening 1",
        "correctCount": 101,
        "startTime": 52,
        "songDuration": 90.168,
        "songNumber": 53,
        "activePlayerCount": 189,
        "LinkVideo": "https://files.catbox.moe/8nofui.webm",
        "LinkMp3": "https://files.catbox.moe/zghh2f.mp3"
    },
    {
        "animeEng": "Genei T\u014dshi Bastof Lemon",
        "animeRomaji": "Genei T\u014dshi Bastof Lemon",
        "songName": "Shiroi Kakera",
        "artist": "D\u3010di:\u3011",
        "type": "Opening 1",
        "correctCount": 7,
        "startTime": 25,
        "songDuration": 75.6,
        "songNumber": 54,
        "activePlayerCount": 189,
        "LinkVideo": "https://files.catbox.moe/gzrddj.webm",
        "LinkMp3": "https://files.catbox.moe/h2lnvw.mp3"
    },
    {
        "animeEng": "Infinite Stratos Encore: Sextet of Burning Love",
        "animeRomaji": "Infinite Stratos Encore: Koi ni Kogareru Rokuj\u016bs\u014d",
        "songName": "STRAIGHT JET",
        "artist": "Minami Kuribayashi",
        "type": "Opening 1",
        "correctCount": 85,
        "startTime": 56,
        "songDuration": 89.568,
        "songNumber": 55,
        "activePlayerCount": 189,
        "LinkVideo": "https://files.catbox.moe/1z90gp.webm",
        "LinkMp3": "https://files.catbox.moe/kc2j6u.mp3"
    },
    {
        "animeEng": "Ga-Ra-Ku-Ta: Mr. Stain on Junk Alley",
        "animeRomaji": "Garakuta-dori no Stain",
        "songName": "Tandem",
        "artist": "HALCALI",
        "type": "Ending 1",
        "correctCount": 8,
        "startTime": 3,
        "songDuration": 46.2,
        "songNumber": 56,
        "activePlayerCount": 189,
        "LinkVideo": "https://files.catbox.moe/v4yfwi.webm",
        "LinkMp3": "https://files.catbox.moe/74xxml.mp3"
    },
    {
        "animeEng": "Blue Seed",
        "animeRomaji": "Blue Seed",
        "songName": "Hoshi wo Tobikoete",
        "artist": "Megumi Hayashibara & Sakiko Tamagawa",
        "type": "Insert Song",
        "correctCount": 6,
        "startTime": 16,
        "songDuration": 122.068106,
        "songNumber": 57,
        "activePlayerCount": 189,
        "LinkVideo": "https://files.catbox.moe/ujvxqt.webm",
        "LinkMp3": "https://files.catbox.moe/mds4ps.mp3"
    },
    {
        "animeEng": "Sh\u014d-chan Sora o Tobu",
        "animeRomaji": "Sh\u014d-chan Sora o Tobu",
        "songName": "Dokoka de Shiawase ga",
        "artist": "Reiko Ishikawa",
        "type": "Opening 1",
        "correctCount": 2,
        "startTime": 7,
        "songDuration": 103.32,
        "songNumber": 58,
        "activePlayerCount": 189,
        "LinkVideo": "https://files.catbox.moe/mbugy0.webm",
        "LinkMp3": "https://files.catbox.moe/qw4tf6.mp3",
        "correctPlayers": [
            "Rukawa11",
            "Catisam"
        ]
    },
    {
        "animeEng": "Durarara!! \u00d72 The Third Arc: Dufufufu!!",
        "animeRomaji": "Durarara!!\u00d72 Ketsu Gaiden!?: Dufufufu!!",
        "songName": "Steppin' Out",
        "artist": "FLOW",
        "type": "Opening 1",
        "correctCount": 107,
        "startTime": 55,
        "songDuration": 90.792,
        "songNumber": 59,
        "activePlayerCount": 189,
        "LinkVideo": "https://files.catbox.moe/hctamt.webm",
        "LinkMp3": "https://files.catbox.moe/wyjr5v.mp3"
    },
    {
        "animeEng": "Library War",
        "animeRomaji": "Toshokan Sens\u014d",
        "songName": "Atashi no Machi, Ashita no Machi",
        "artist": "Hitomi Takahashi",
        "type": "Opening 1",
        "correctCount": 12,
        "startTime": 34,
        "songDuration": 78.888,
        "songNumber": 60,
        "activePlayerCount": 189,
        "LinkVideo": "https://files.catbox.moe/wgghc6.webm",
        "LinkMp3": "https://files.catbox.moe/2iuytt.mp3"
    },
    {
        "animeEng": "Love Live! Nijigasaki High School Idol Club",
        "animeRomaji": "Love Live! Nijigasaki Gakuen School Idol D\u014dk\u014dkai",
        "songName": "Awakening Promise",
        "artist": "Aguri Oonishi",
        "type": "Insert Song",
        "correctCount": 54,
        "startTime": 52,
        "songDuration": 104.064,
        "songNumber": 61,
        "activePlayerCount": 189,
        "LinkVideo": "https://files.catbox.moe/wdrpiv.webm",
        "LinkMp3": "https://files.catbox.moe/yu2zv5.mp3"
    },
    {
        "animeEng": "So I'm a Spider, So What?",
        "animeRomaji": "Kumo desu ga, Nani ka?",
        "songName": "keep weaving your spider way",
        "artist": "Riko Azuna",
        "type": "Opening 1",
        "correctCount": 79,
        "startTime": 29,
        "songDuration": 89.952,
        "songNumber": 62,
        "activePlayerCount": 189,
        "LinkVideo": "https://files.catbox.moe/u0bxba.webm",
        "LinkMp3": "https://files.catbox.moe/5aydd8.mp3"
    },
    {
        "animeEng": "Idol Memories",
        "animeRomaji": "Idol Memories",
        "songName": "Yume ni Mukatte High Jump",
        "artist": "StarRing",
        "type": "Insert Song",
        "correctCount": 4,
        "startTime": 10,
        "songDuration": 46.368,
        "songNumber": 63,
        "activePlayerCount": 189,
        "LinkVideo": "https://files.catbox.moe/7ckts9.webm",
        "LinkMp3": "https://files.catbox.moe/93x7uh.mp3",
        "correctPlayers": [
            "towana",
            "Meowvin",
            "kneesoxluver",
            "EruisKawaii"
        ]
    },
    {
        "animeEng": "Clannad: The Motion Picture",
        "animeRomaji": "Clannad Film",
        "songName": "Mag Mell",
        "artist": "eufonius",
        "type": "Opening 1",
        "correctCount": 72,
        "startTime": 60,
        "songDuration": 121.656,
        "songNumber": 64,
        "activePlayerCount": 189,
        "LinkVideo": "https://files.catbox.moe/bkcbdj.webm",
        "LinkMp3": "https://files.catbox.moe/2duly4.mp3"
    },
    {
        "animeEng": "RIN: Daughters of Mnemosyne",
        "animeRomaji": "Mnemosyne: Mnemosyne no Musume-tachi",
        "songName": "CAUSE DISARRAY",
        "artist": "GALNERYUS",
        "type": "Ending 1",
        "correctCount": 23,
        "startTime": 34,
        "songDuration": 89.376,
        "songNumber": 65,
        "activePlayerCount": 189,
        "LinkVideo": "https://files.catbox.moe/eidn7s.webm",
        "LinkMp3": "https://files.catbox.moe/c5mez1.mp3"
    },
    {
        "animeEng": "Is This a Zombie?",
        "animeRomaji": "Kore wa Zombie Desu ka?",
        "songName": "Kirakira Diamond",
        "artist": "Aya G\u014dda",
        "type": "Insert Song",
        "correctCount": 48,
        "startTime": 34,
        "songDuration": 95.28,
        "songNumber": 66,
        "activePlayerCount": 189,
        "LinkVideo": "https://files.catbox.moe/0d1lvc.webm",
        "LinkMp3": "https://files.catbox.moe/vehw1o.mp3"
    },
    {
        "animeEng": "Sailor Moon Sailor Stars",
        "animeRomaji": "Bish\u014djo Senshi Sailor Moon Sailor Stars",
        "songName": "Moonlight Densetsu",
        "artist": "Sakurakko Club Sakura-gumi",
        "type": "Ending 2",
        "correctCount": 131,
        "startTime": 2,
        "songDuration": 80.064,
        "songNumber": 67,
        "activePlayerCount": 189,
        "LinkVideo": "https://files.catbox.moe/it90vc.webm",
        "LinkMp3": "https://files.catbox.moe/vyt4qd.mp3"
    },
    {
        "animeEng": "Mobile Suit Gundam: The 08th MS Team",
        "animeRomaji": "Kid\u014d Senshi Gundam: Dai 08 MS Sh\u014dtai",
        "songName": "Arashi no Naka de Kagayaite",
        "artist": "Chihiro Yonekura",
        "type": "Opening 1",
        "correctCount": 27,
        "startTime": 17,
        "songDuration": 89.808,
        "songNumber": 68,
        "activePlayerCount": 188,
        "LinkVideo": "https://files.catbox.moe/5tixyn.webm",
        "LinkMp3": "https://files.catbox.moe/loi7wy.mp3"
    },
    {
        "animeEng": "Onyankopon",
        "animeRomaji": "Onyankopon",
        "songName": "Papayapayapa",
        "artist": "Silent Siren",
        "type": "Ending 1",
        "correctCount": 17,
        "startTime": 4,
        "songDuration": 43.8,
        "songNumber": 69,
        "activePlayerCount": 188,
        "LinkVideo": "https://files.catbox.moe/mpln29.webm",
        "LinkMp3": "https://files.catbox.moe/u82w02.mp3"
    },
    {
        "animeEng": "Aikatsu Stars!",
        "animeRomaji": "Aikatsu Stars!",
        "songName": "STARDOM!",
        "artist": "Sena from AIKATSU\u2606STARS!",
        "type": "Insert Song",
        "correctCount": 52,
        "startTime": 54,
        "songDuration": 116.928,
        "songNumber": 70,
        "activePlayerCount": 188,
        "LinkVideo": "https://files.catbox.moe/365jue.webm",
        "LinkMp3": "https://files.catbox.moe/af8gk7.mp3"
    },
    {
        "animeEng": "Shokugeki no S\u014dma: San no Sara - Erina no Shin Seikatsu",
        "animeRomaji": "Shokugeki no S\u014dma: San no Sara - Erina no Shin Seikatsu",
        "songName": "BRAVER",
        "artist": "ZAQ",
        "type": "Opening 1",
        "correctCount": 104,
        "startTime": 41,
        "songDuration": 89.04,
        "songNumber": 71,
        "activePlayerCount": 188,
        "LinkVideo": "https://files.catbox.moe/5h4ptm.webm",
        "LinkMp3": "https://files.catbox.moe/gsj42q.mp3"
    },
    {
        "animeEng": "Y\u016bna and the Haunted Hot Springs",
        "animeRomaji": "Yuragi-s\u014d no Y\u016bna-san",
        "songName": "Momo-iro Typhoon",
        "artist": "Luna Haruna",
        "type": "Opening 1",
        "correctCount": 80,
        "startTime": 16,
        "songDuration": 88.92,
        "songNumber": 72,
        "activePlayerCount": 188,
        "LinkVideo": "https://files.catbox.moe/ecwi48.webm",
        "LinkMp3": "https://files.catbox.moe/e1walm.mp3"
    },
    {
        "animeEng": "Japan Sinks: 2020",
        "animeRomaji": "Nihon Chinbotsu 2020",
        "songName": "a life",
        "artist": "Ryuichi Sakamoto & Taeko Ohnuki",
        "type": "Opening 1",
        "correctCount": 61,
        "startTime": 26,
        "songDuration": 77.184,
        "songNumber": 73,
        "activePlayerCount": 188,
        "LinkVideo": "https://files.catbox.moe/ztff19.webm",
        "LinkMp3": "https://files.catbox.moe/encyah.mp3"
    },
    {
        "animeEng": "Cyborg 009",
        "animeRomaji": "Cyborg 009",
        "songName": "Cyborg 009",
        "artist": "Meistersinger",
        "type": "Opening 1",
        "correctCount": 146,
        "startTime": 2,
        "songDuration": 58.992,
        "songNumber": 74,
        "activePlayerCount": 188,
        "LinkVideo": "https://files.catbox.moe/kf9yp6.webm",
        "LinkMp3": "https://files.catbox.moe/unr14f.mp3"
    },
    {
        "animeEng": "Holy Knight",
        "animeRomaji": "Holy Knight",
        "songName": "Nobodyknows",
        "artist": "16th Labo",
        "type": "Ending 1",
        "correctCount": 3,
        "startTime": 19,
        "songDuration": 91.656,
        "songNumber": 75,
        "activePlayerCount": 187,
        "LinkVideo": "https://files.catbox.moe/pca5zz.webm",
        "LinkMp3": "https://files.catbox.moe/pnuxr3.mp3",
        "correctPlayers": [
            "anonimus_opinion",
            "kneesoxluver",
            "AquaHaze"
        ]
    }
]