[
    {
        "animeEng": "Brain Powered",
        "animeRomaji": "Brain Powerd",
        "songName": "Flow",
        "artist": "Seika Iwashita",
        "type": "Insert Song",
        "correctCount": 2,
        "startTime": 6,
        "songDuration": 120.432,
        "songNumber": 1,
        "activePlayerCount": 281,
        "LinkVideo": "https://files.catbox.moe/nz8tdb.webm",
        "LinkMp3": "https://files.catbox.moe/xpjzoq.mp3",
        "correctPlayers": [
            "Megapachi",
            "Effectus707"
        ]
    },
    {
        "animeEng": "Galvion",
        "animeRomaji": "Ch\u014d Kosoku Galvion",
        "songName": "Lonely Chaser",
        "artist": "Riyuko Tanaka",
        "type": "Opening 1",
        "correctCount": 5,
        "startTime": 3,
        "songDuration": 78.096,
        "songNumber": 2,
        "activePlayerCount": 281,
        "LinkVideo": "https://files.catbox.moe/pcdel5.webm",
        "LinkMp3": "https://files.catbox.moe/0iw5z7.mp3",
        "correctPlayers": [
            "MIssMcPhisto",
            "Blacky_Doll",
            "YoshiNubao",
            "Catisam",
            "SrueyaF"
        ]
    },
    {
        "animeEng": "Kirara",
        "animeRomaji": "Kirara",
        "songName": "Smile Again~Acc.ver.",
        "artist": "elika",
        "type": "Insert Song",
        "correctCount": 3,
        "startTime": 23,
        "songDuration": 109.704,
        "songNumber": 3,
        "activePlayerCount": 279,
        "LinkVideo": "https://files.catbox.moe/j3dj6x.webm",
        "LinkMp3": "https://files.catbox.moe/cwil1k.mp3",
        "correctPlayers": [
            "SrueyaF",
            "yahallonyanpasu",
            "Kirran58"
        ]
    },
    {
        "animeEng": "Cinderella Nine",
        "animeRomaji": "Hachigatsu no Cinderella Nine",
        "songName": "\u00c9tude",
        "artist": "Mewhan",
        "type": "Opening 1",
        "correctCount": 52,
        "startTime": 15,
        "songDuration": 86.16,
        "songNumber": 4,
        "activePlayerCount": 280,
        "LinkVideo": "https://files.catbox.moe/k6mi9v.webm",
        "LinkMp3": "https://files.catbox.moe/16a0r8.mp3"
    },
    {
        "animeEng": "Takamiya Nasuno Desu!",
        "animeRomaji": "Takamiya Nasuno Desu!",
        "songName": "Kogane no Kinderella ~Gozen 0-ji ni Mah\u014d wa Hodokezu~",
        "artist": "Ky\u014dko Narumi",
        "type": "Opening 1",
        "correctCount": 76,
        "startTime": 0,
        "songDuration": 29.064,
        "songNumber": 5,
        "activePlayerCount": 278,
        "LinkVideo": "https://files.catbox.moe/n0av83.webm",
        "LinkMp3": "https://files.catbox.moe/th2pnm.mp3"
    },
    {
        "animeEng": "Go-Go Tamagotchi!",
        "animeRomaji": "Go-Go Tamagotchi!",
        "songName": "GO-GO Tamagotchi!",
        "artist": "hitomi",
        "type": "Opening 1",
        "correctCount": 13,
        "startTime": 22,
        "songDuration": 89.624582,
        "songNumber": 6,
        "activePlayerCount": 279,
        "LinkVideo": "https://files.catbox.moe/an81el.webm",
        "LinkMp3": "https://files.catbox.moe/b2cj2e.mp3"
    },
    {
        "animeEng": "BanG Dream! 2nd Season",
        "animeRomaji": "BanG Dream! 2nd Season",
        "songName": "Jumpin'",
        "artist": "Poppin'Party",
        "type": "Ending 2",
        "correctCount": 66,
        "startTime": 45,
        "songDuration": 89.99029,
        "songNumber": 7,
        "activePlayerCount": 278,
        "LinkVideo": "https://files.catbox.moe/cdv9sk.webm",
        "LinkMp3": "https://files.catbox.moe/3b7eov.mp3"
    },
    {
        "animeEng": "Quartet of Cherry Blossoms in the Night",
        "animeRomaji": "Yozakura Quartet",
        "songName": "TELL ME I'M ALIVE",
        "artist": "Ivan Kral",
        "type": "Insert Song",
        "correctCount": 7,
        "startTime": 24,
        "songDuration": 103.96556,
        "songNumber": 8,
        "activePlayerCount": 275,
        "LinkVideo": "https://files.catbox.moe/hy6htd.webm",
        "LinkMp3": "https://files.catbox.moe/pb1aas.mp3"
    },
    {
        "animeEng": "Spice and Wolf II",
        "animeRomaji": "\u014ckami to K\u014dshinry\u014d II",
        "songName": "Mitsu no Yoake",
        "artist": "Akino Arai",
        "type": "Opening 1",
        "correctCount": 100,
        "startTime": 25,
        "songDuration": 89.256,
        "songNumber": 9,
        "activePlayerCount": 277,
        "LinkVideo": "https://files.catbox.moe/sa1kdt.webm",
        "LinkMp3": "https://files.catbox.moe/ejsdir.mp3"
    },
    {
        "animeEng": "Yu-Gi-Oh! 5D's",
        "animeRomaji": "Yu-Gi-Oh! 5D's",
        "songName": "Mirai Iro",
        "artist": "Plastic Tree",
        "type": "Ending 5",
        "correctCount": 16,
        "startTime": 17,
        "songDuration": 86.664,
        "songNumber": 10,
        "activePlayerCount": 277,
        "LinkVideo": "https://files.catbox.moe/tigjzj.webm",
        "LinkMp3": "https://files.catbox.moe/jdu0ct.mp3"
    },
    {
        "animeEng": "Shakugan no Shana III (Final)",
        "animeRomaji": "Shakugan no Shana III (Final)",
        "songName": "Hishoku no Sora",
        "artist": "Mami Kawada",
        "type": "Insert Song",
        "correctCount": 152,
        "startTime": 26,
        "songDuration": 197.664,
        "songNumber": 11,
        "activePlayerCount": 274,
        "LinkVideo": "https://files.catbox.moe/755yc8.webm",
        "LinkMp3": "https://files.catbox.moe/hn3but.mp3"
    },
    {
        "animeEng": "Natsume's Book of Friends Season 1",
        "animeRomaji": "Natsume Y\u016bjinch\u014d",
        "songName": "Issei no Sei",
        "artist": "Sh\u016bhei Kita",
        "type": "Opening 1",
        "correctCount": 71,
        "startTime": 35,
        "songDuration": 89.568,
        "songNumber": 12,
        "activePlayerCount": 272,
        "LinkVideo": "https://files.catbox.moe/4qcxgl.webm",
        "LinkMp3": "https://files.catbox.moe/s2c73z.mp3"
    },
    {
        "animeEng": "Sorcerer Hunters OVA",
        "animeRomaji": "Ganso Bakuretsu Hunter",
        "songName": "SHOOT! LOVE HUNTER",
        "artist": "Mari Sasaki",
        "type": "Opening 1",
        "correctCount": 2,
        "startTime": 20,
        "songDuration": 89.856,
        "songNumber": 13,
        "activePlayerCount": 272,
        "LinkVideo": "https://files.catbox.moe/3zjooi.webm",
        "LinkMp3": "https://files.catbox.moe/0tmswh.mp3",
        "correctPlayers": [
            "Eaker",
            "Diopatra"
        ]
    },
    {
        "animeEng": "Eiga Precure All Stars New Stage 2: Kokoro no Tomodachi",
        "animeRomaji": "Eiga Precure All Stars New Stage 2: Kokoro no Tomodachi",
        "songName": "Precure ~Eien no Tomodachi~ (2013 Version)",
        "artist": "Mayu Kud\u014d & Tomoyo Kurosawa & Hitomi Yoshida",
        "type": "Opening 1",
        "correctCount": 6,
        "startTime": 6,
        "songDuration": 138.024,
        "songNumber": 14,
        "activePlayerCount": 272,
        "LinkVideo": "https://files.catbox.moe/49z2i4.webm",
        "LinkMp3": "https://files.catbox.moe/s028f0.mp3"
    },
    {
        "animeEng": "H\u014dkago no Shokuinshitsu",
        "animeRomaji": "H\u014dkago no Shokuinshitsu",
        "songName": "Out of a Delusion",
        "artist": "Mitsuru Sat\u014d",
        "type": "Ending 1",
        "correctCount": 9,
        "startTime": 51,
        "songDuration": 266.418278,
        "songNumber": 15,
        "activePlayerCount": 272,
        "LinkVideo": "https://files.catbox.moe/dcyh21.webm",
        "LinkMp3": "https://files.catbox.moe/k80yfq.mp3"
    },
    {
        "animeEng": "Abnormal Physiology Seminar",
        "animeRomaji": "Abnormal Physiology Seminar",
        "songName": "Punctuation!",
        "artist": "Kana Hanazawa",
        "type": "Ending 1",
        "correctCount": 18,
        "startTime": 6,
        "songDuration": 57.984,
        "songNumber": 16,
        "activePlayerCount": 272,
        "LinkVideo": "https://files.catbox.moe/r3mns0.webm",
        "LinkMp3": "https://files.catbox.moe/5l0hhf.mp3"
    },
    {
        "animeEng": "Student Council's Discretion",
        "animeRomaji": "Seitokai no Ichizon",
        "songName": "Yurupa Wonderful",
        "artist": "Hekiy\u014d Gakuen Seitokai",
        "type": "Ending 9",
        "correctCount": 18,
        "startTime": 2,
        "songDuration": 90.528,
        "songNumber": 17,
        "activePlayerCount": 271,
        "LinkVideo": "https://files.catbox.moe/6fdse1.webm",
        "LinkMp3": "https://files.catbox.moe/g210ah.mp3"
    },
    {
        "animeEng": "Idol Memories",
        "animeRomaji": "Idol Memories",
        "songName": "Ta\u30fbChi\u30fbA\u30fbGa\u30fbRe",
        "artist": "Shadow",
        "type": "Insert Song",
        "correctCount": 5,
        "startTime": 52,
        "songDuration": 90.168,
        "songNumber": 18,
        "activePlayerCount": 271,
        "LinkVideo": "https://files.catbox.moe/c0huhi.webm",
        "LinkMp3": "https://files.catbox.moe/7hp9po.mp3",
        "correctPlayers": [
            "Megapachi",
            "Meowvin",
            "blissfulyoshi",
            "AmaterasuZ",
            "Effectus707"
        ]
    },
    {
        "animeEng": "Skull-face Bookseller Honda-san",
        "animeRomaji": "Gaikotsu Shotenin Honda-san",
        "songName": "ISBN ~Inner Sound & Book's Narrative~",
        "artist": "TECHNOBOYS PULCRAFT GREEN-FUND feat. Souma Saitou",
        "type": "Opening 1",
        "correctCount": 116,
        "startTime": 8,
        "songDuration": 58.800622,
        "songNumber": 19,
        "activePlayerCount": 272,
        "LinkVideo": "https://files.catbox.moe/7wlrjk.webm",
        "LinkMp3": "https://files.catbox.moe/04w6j4.mp3"
    },
    {
        "animeEng": "The Wind Rises",
        "animeRomaji": "Kaze Tachinu",
        "songName": "Hik\u014dki Gumo",
        "artist": "Yumi Arai",
        "type": "Ending 1",
        "correctCount": 36,
        "startTime": 83,
        "songDuration": 199.056,
        "songNumber": 20,
        "activePlayerCount": 272,
        "LinkVideo": "https://files.catbox.moe/23z7la.webm",
        "LinkMp3": "https://files.catbox.moe/3zq38b.mp3"
    },
    {
        "animeEng": "Death Parade",
        "animeRomaji": "Death Parade",
        "songName": "Flyers",
        "artist": "BRADIO",
        "type": "Opening 1",
        "correctCount": 254,
        "startTime": 43,
        "songDuration": 78.984,
        "songNumber": 21,
        "activePlayerCount": 271,
        "LinkVideo": "https://files.catbox.moe/t9g3xl.webm",
        "LinkMp3": "https://files.catbox.moe/3rr4oz.mp3"
    },
    {
        "animeEng": "Magician's Academy",
        "animeRomaji": "Macademi Wasshoi!",
        "songName": "M\u2606O\u2606S\u2606O Ranbu",
        "artist": "MA\u2661chu\u2661RI",
        "type": "Opening 1",
        "correctCount": 7,
        "startTime": 33,
        "songDuration": 86.904,
        "songNumber": 22,
        "activePlayerCount": 270,
        "LinkVideo": "https://files.catbox.moe/0wkmrv.webm",
        "LinkMp3": "https://files.catbox.moe/6qcuu9.mp3"
    },
    {
        "animeEng": "Gabriel DropOut",
        "animeRomaji": "Gabriel DropOut",
        "songName": "Gabriel Drop Kick",
        "artist": "Kana Hanazawa, Miyu Tomita, Naomi \u014czora, & Saori \u014cnishi",
        "type": "Opening 1",
        "correctCount": 193,
        "startTime": 42,
        "songDuration": 89.909875,
        "songNumber": 23,
        "activePlayerCount": 270,
        "LinkVideo": "https://files.catbox.moe/i3da26.webm",
        "LinkMp3": "https://files.catbox.moe/6dhe30.mp3"
    },
    {
        "animeEng": "Dominion Tank Police",
        "animeRomaji": "Dominion Tank Police",
        "songName": "Cherry Moon de Odorasete",
        "artist": "Sh\u014djo-tai",
        "type": "Opening 1",
        "correctCount": 6,
        "startTime": 34,
        "songDuration": 96.528,
        "songNumber": 24,
        "activePlayerCount": 268,
        "LinkVideo": "https://files.catbox.moe/ndfl8f.webm",
        "LinkMp3": "https://files.catbox.moe/fyvlmd.mp3"
    },
    {
        "animeEng": "ATASHIn'CHI",
        "animeRomaji": "ATASHIn'CHI",
        "songName": "Saraba",
        "artist": "Kinmokusei",
        "type": "Opening 1",
        "correctCount": 17,
        "startTime": 38,
        "songDuration": 74.016,
        "songNumber": 25,
        "activePlayerCount": 268,
        "LinkVideo": "https://files.catbox.moe/58czro.webm",
        "LinkMp3": "https://files.catbox.moe/0lmthr.mp3"
    },
    {
        "animeEng": "I'm Gonna Be An Angel",
        "animeRomaji": "Tenshi ni Narumon",
        "songName": "Ai wa Umi",
        "artist": "Shizuru Ootaka",
        "type": "Ending 1",
        "correctCount": 2,
        "startTime": 22,
        "songDuration": 84.336,
        "songNumber": 26,
        "activePlayerCount": 268,
        "LinkVideo": "https://files.catbox.moe/bq5l24.webm",
        "LinkMp3": "https://files.catbox.moe/x2e3z4.mp3",
        "correctPlayers": [
            "Heyko",
            "Catisam"
        ]
    },
    {
        "animeEng": "IDOLiSH7",
        "animeRomaji": "IDOLiSH7",
        "songName": "NATSU\u2606Shiyouze!",
        "artist": "TRIGGER",
        "type": "Insert Song",
        "correctCount": 46,
        "startTime": 7,
        "songDuration": 42.048,
        "songNumber": 27,
        "activePlayerCount": 267,
        "LinkVideo": "https://files.catbox.moe/0mebdm.webm",
        "LinkMp3": "https://files.catbox.moe/60wli9.mp3"
    },
    {
        "animeEng": "Girl Friend BETA",
        "animeRomaji": "Girlfriend (Kari)",
        "songName": "Tanoshiki Tokimeki",
        "artist": "Neuron\u2605Cream Soft",
        "type": "Opening 1",
        "correctCount": 23,
        "startTime": 37,
        "songDuration": 88.997654,
        "songNumber": 28,
        "activePlayerCount": 266,
        "LinkVideo": "https://files.catbox.moe/imeciz.webm",
        "LinkMp3": "https://files.catbox.moe/qvvhcw.mp3"
    },
    {
        "animeEng": "Natsume's Book of Friends Season 1",
        "animeRomaji": "Natsume Y\u016bjinch\u014d",
        "songName": "Natsu Y\u016bzora",
        "artist": "K\u014dsuke Atari",
        "type": "Ending 1",
        "correctCount": 83,
        "startTime": 40,
        "songDuration": 89.568,
        "songNumber": 29,
        "activePlayerCount": 265,
        "LinkVideo": "https://files.catbox.moe/s7wgy3.webm",
        "LinkMp3": "https://files.catbox.moe/kxwvfo.mp3"
    },
    {
        "animeEng": "Eiga Dokidoki! Precure Mana Kekkon!!? Mirai ni Tsunagu Kib\u014d no Dress",
        "animeRomaji": "Eiga Dokidoki! Precure Mana Kekkon!!? Mirai ni Tsunagu Kib\u014d no Dress",
        "songName": "Happy Go Lucky! Dokidoki! Precure",
        "artist": "Tomoyo Kurosawa",
        "type": "Opening 1",
        "correctCount": 46,
        "startTime": 15,
        "songDuration": 85.224,
        "songNumber": 30,
        "activePlayerCount": 264,
        "LinkVideo": "https://files.catbox.moe/m6olnu.webm",
        "LinkMp3": "https://files.catbox.moe/y0twdt.mp3"
    },
    {
        "animeEng": "When They Cry Kira",
        "animeRomaji": "Higurashi no Naku Koro ni Kira",
        "songName": "Happy! Lucky! Dochy!",
        "artist": "Yukari Tamura, Mika Kanai, Yui Horie",
        "type": "Opening 1",
        "correctCount": 100,
        "startTime": 10,
        "songDuration": 88.944,
        "songNumber": 31,
        "activePlayerCount": 263,
        "LinkVideo": "https://files.catbox.moe/fnyapr.webm",
        "LinkMp3": "https://files.catbox.moe/l328j6.mp3"
    },
    {
        "animeEng": "The Super Dimension Fortress Macross: Flash Back 2012",
        "animeRomaji": "The Super Dimension Fortress Macross: Flash Back 2012",
        "songName": "Sunset Beach",
        "artist": "Mari Iijima",
        "type": "Insert Song",
        "correctCount": 33,
        "startTime": 28,
        "songDuration": 184.536,
        "songNumber": 32,
        "activePlayerCount": 261,
        "LinkVideo": "https://files.catbox.moe/pnmz50.webm",
        "LinkMp3": "https://files.catbox.moe/riw260.mp3"
    },
    {
        "animeEng": "Aikatsu on Parade!",
        "animeRomaji": "Aikatsu on Parade!",
        "songName": "Aratanaru Stage e",
        "artist": "Hibiki\u30fbAlicia from BEST FRIENDS!",
        "type": "Insert Song",
        "correctCount": 15,
        "startTime": 30,
        "songDuration": 126.504,
        "songNumber": 33,
        "activePlayerCount": 260,
        "LinkVideo": "https://files.catbox.moe/jfrgvo.webm",
        "LinkMp3": "https://files.catbox.moe/cbl8y7.mp3"
    },
    {
        "animeEng": "Psychic Detective Yakumo",
        "animeRomaji": "Shinrei Tantei Yakumo",
        "songName": "Key -Phase3-",
        "artist": "Daisuke Ono",
        "type": "Opening 3",
        "correctCount": 43,
        "startTime": 14,
        "songDuration": 72.36,
        "songNumber": 34,
        "activePlayerCount": 261,
        "LinkVideo": "https://files.catbox.moe/jhnnld.webm",
        "LinkMp3": "https://files.catbox.moe/08ka41.mp3"
    },
    {
        "animeEng": "Bounty Dog",
        "animeRomaji": "Bounty Dog",
        "songName": "Yoru o Buttobase",
        "artist": "KASUMI",
        "type": "Opening 1",
        "correctCount": 11,
        "startTime": 24,
        "songDuration": 117.672,
        "songNumber": 35,
        "activePlayerCount": 261,
        "LinkVideo": "https://files.catbox.moe/kikjav.webm",
        "LinkMp3": "https://files.catbox.moe/xyvisa.mp3"
    },
    {
        "animeEng": "Pretty Cure",
        "animeRomaji": "Futari wa Precure",
        "songName": "Get You! Love Love?!",
        "artist": "Mayumi Goj\u014d",
        "type": "Insert Song",
        "correctCount": 70,
        "startTime": 0,
        "songDuration": 36.30958,
        "songNumber": 36,
        "activePlayerCount": 261,
        "LinkVideo": "https://files.catbox.moe/wk3281.webm",
        "LinkMp3": "https://files.catbox.moe/4b0tid.mp3"
    },
    {
        "animeEng": "B'T X",
        "animeRomaji": "B'T X",
        "songName": "Haruka ~SAILING FOR MY DREAM~",
        "artist": "FENCE OF DEFENSE",
        "type": "Opening 1",
        "correctCount": 9,
        "startTime": 23,
        "songDuration": 88.368,
        "songNumber": 37,
        "activePlayerCount": 261,
        "LinkVideo": "https://files.catbox.moe/c8t2dx.webm",
        "LinkMp3": "https://files.catbox.moe/mkcox5.mp3"
    },
    {
        "animeEng": "Air",
        "animeRomaji": "Air",
        "songName": "Farewell song",
        "artist": "Lia",
        "type": "Ending 1",
        "correctCount": 88,
        "startTime": 37,
        "songDuration": 89.16,
        "songNumber": 38,
        "activePlayerCount": 260,
        "LinkVideo": "https://files.catbox.moe/wbq715.webm",
        "LinkMp3": "https://files.catbox.moe/8xzzrg.mp3"
    },
    {
        "animeEng": "Hetalia Axis Powers",
        "animeRomaji": "Hetalia Axis Powers",
        "songName": "Marukaite Chikyuu",
        "artist": "Noriaki Sugiyama",
        "type": "Ending 5",
        "correctCount": 156,
        "startTime": 0,
        "songDuration": 29.448,
        "songNumber": 39,
        "activePlayerCount": 258,
        "LinkVideo": "https://files.catbox.moe/76yv5v.webm",
        "LinkMp3": "https://files.catbox.moe/wswhgk.mp3"
    },
    {
        "animeEng": "Dragon Ball Z: Bojack Unbound",
        "animeRomaji": "Dragon Ball Z: Ginga Girigiri!! Bucchigiri no Sugoi Yatsu",
        "songName": "CHA-LA HEAD-CHA-LA",
        "artist": "Hironobu Kageyama",
        "type": "Opening 1",
        "correctCount": 247,
        "startTime": 54,
        "songDuration": 107.074078,
        "songNumber": 40,
        "activePlayerCount": 257,
        "LinkVideo": "https://files.catbox.moe/al9o96.webm",
        "LinkMp3": "https://files.catbox.moe/ewehoa.mp3"
    },
    {
        "animeEng": "Rilu Rilu Fairilu: Mah\u014d no Kagami",
        "animeRomaji": "Rilu Rilu Fairilu: Mah\u014d no Kagami",
        "songName": "Sakura Saku Aoi Haru",
        "artist": "SILENT SIREN",
        "type": "Opening 2",
        "correctCount": 8,
        "startTime": 40,
        "songDuration": 88.579702,
        "songNumber": 41,
        "activePlayerCount": 256,
        "LinkVideo": "https://files.catbox.moe/sveupf.webm",
        "LinkMp3": "https://files.catbox.moe/ga8bkx.mp3"
    },
    {
        "animeEng": "Licca: the Mystery Tale of Mysterious Yunia",
        "animeRomaji": "Licca-chan Fushigi na Fushigi na Yunia Monogatari",
        "songName": "Yume no Shizuku",
        "artist": "Mika Kanai",
        "type": "Ending 1",
        "correctCount": 3,
        "startTime": 60,
        "songDuration": 131.784,
        "songNumber": 42,
        "activePlayerCount": 256,
        "LinkVideo": "https://files.catbox.moe/i2d7ah.webm",
        "LinkMp3": "https://files.catbox.moe/pn8e3m.mp3",
        "correctPlayers": [
            "Catisam",
            "Jlin2",
            "ryser"
        ]
    },
    {
        "animeEng": "Love, Chunibyo & Other Delusions! -Heart Throb-",
        "animeRomaji": "Ch\u016bniby\u014d demo Koi ga Shitai! Ren",
        "songName": "VOICE",
        "artist": "ZAQ",
        "type": "Opening 1",
        "correctCount": 130,
        "startTime": 13,
        "songDuration": 90.168,
        "songNumber": 43,
        "activePlayerCount": 255,
        "LinkVideo": "https://files.catbox.moe/8nofui.webm",
        "LinkMp3": "https://files.catbox.moe/zghh2f.mp3"
    },
    {
        "animeEng": "Spooky Kitaro",
        "animeRomaji": "Gegege no Kitar\u014d",
        "songName": "Gegege no Kitaro",
        "artist": "Ikuzo Yoshi",
        "type": "Opening 1",
        "correctCount": 249,
        "startTime": 32,
        "songDuration": 88.464,
        "songNumber": 44,
        "activePlayerCount": 254,
        "LinkVideo": "https://files.catbox.moe/ictdru.webm",
        "LinkMp3": "https://files.catbox.moe/wkmfm4.mp3"
    },
    {
        "animeEng": "Negima!?",
        "animeRomaji": "Negima!?",
        "songName": "A-LY-YA!",
        "artist": "Madoka Kimura, Kotomi Yamakawa, Azumi Asakura, Ai Bandou",
        "type": "Ending 6",
        "correctCount": 21,
        "startTime": 18,
        "songDuration": 89.496,
        "songNumber": 45,
        "activePlayerCount": 254,
        "LinkVideo": "https://files.catbox.moe/vx0ukk.webm",
        "LinkMp3": "https://files.catbox.moe/anpl6z.mp3"
    },
    {
        "animeEng": "Black Butler: Book of Circus",
        "animeRomaji": "Kuroshitsuji: Book of Circus",
        "songName": "ENAMEL",
        "artist": "SID",
        "type": "Opening 1",
        "correctCount": 108,
        "startTime": 42,
        "songDuration": 87.576,
        "songNumber": 46,
        "activePlayerCount": 254,
        "LinkVideo": "https://files.catbox.moe/czw10c.webm",
        "LinkMp3": "https://files.catbox.moe/7rpbhf.mp3"
    },
    {
        "animeEng": "Chi's New Address",
        "animeRomaji": "Chi's Sweet Home: Atarashii Ouchi",
        "songName": "Chiisana Dai Bouken",
        "artist": "Rica Matsumoto",
        "type": "Opening 1",
        "correctCount": 50,
        "startTime": 0,
        "songDuration": 29.016,
        "songNumber": 47,
        "activePlayerCount": 255,
        "LinkVideo": "https://files.catbox.moe/cgwxqi.webm",
        "LinkMp3": "https://files.catbox.moe/uo6sam.mp3"
    },
    {
        "animeEng": "Love Hina X'mas Special - Silent Eve",
        "animeRomaji": "Love Hina X'mas Special - Silent Eve",
        "songName": "Sakura Saku",
        "artist": "Megumi Hayashibara",
        "type": "Opening 1",
        "correctCount": 161,
        "startTime": 40,
        "songDuration": 88.608,
        "songNumber": 48,
        "activePlayerCount": 254,
        "LinkVideo": "https://files.catbox.moe/9240x9.webm",
        "LinkMp3": "https://files.catbox.moe/kny4t9.mp3"
    },
    {
        "animeEng": "Kimi ni Todoke - From Me to You",
        "animeRomaji": "Kimi ni Todoke",
        "songName": "Kataomoi",
        "artist": "Chara",
        "type": "Ending 1",
        "correctCount": 52,
        "startTime": 20,
        "songDuration": 66.576,
        "songNumber": 49,
        "activePlayerCount": 254,
        "LinkVideo": "https://files.catbox.moe/ts5u6p.webm",
        "LinkMp3": "https://files.catbox.moe/wcyw0b.mp3"
    },
    {
        "animeEng": "Noir",
        "animeRomaji": "Noir",
        "songName": "indio",
        "artist": "See-Saw",
        "type": "Insert Song",
        "correctCount": 5,
        "startTime": 59,
        "songDuration": 92.928,
        "songNumber": 50,
        "activePlayerCount": 254,
        "LinkVideo": "https://files.catbox.moe/ngv5q3.webm",
        "LinkMp3": "https://files.catbox.moe/u76ql2.mp3",
        "correctPlayers": [
            "HungryLosos",
            "JinAxel",
            "Eaker",
            "Megapachi",
            "AmaterasuZ"
        ]
    },
    {
        "animeEng": "G-On Riders",
        "animeRomaji": "G-On Riders",
        "songName": "Miracle\u2606Pajama",
        "artist": "Lolivaders Z",
        "type": "Ending 1",
        "correctCount": 1,
        "startTime": 2,
        "songDuration": 89.088,
        "songNumber": 51,
        "activePlayerCount": 253,
        "LinkVideo": "https://files.catbox.moe/7ls64t.webm",
        "LinkMp3": "https://files.catbox.moe/jh5zl4.mp3",
        "correctPlayers": [
            "Heyko"
        ]
    },
    {
        "animeEng": "PriPara & Kiratto Pri\u2606Chan ~Kira Kira Memorial Live~",
        "animeRomaji": "PriPara & Kiratto Pri\u2606Chan ~Kira Kira Memorial Live~",
        "songName": "gift",
        "artist": "Ayane Sakura",
        "type": "Insert Song",
        "correctCount": 12,
        "startTime": 13,
        "songDuration": 96.576,
        "songNumber": 52,
        "activePlayerCount": 252,
        "LinkVideo": "https://files.catbox.moe/plnwfm.webm",
        "LinkMp3": "https://files.catbox.moe/8pyqs8.mp3"
    },
    {
        "animeEng": "Twin Signal",
        "animeRomaji": "Twin Signal",
        "songName": "Nantoka Naru yo",
        "artist": "Fumie Kusachi",
        "type": "Ending 1",
        "correctCount": 0,
        "startTime": 42,
        "songDuration": 98.664,
        "songNumber": 53,
        "activePlayerCount": 251,
        "LinkVideo": "https://files.catbox.moe/x7fxmw.webm",
        "LinkMp3": "https://files.catbox.moe/7d3lcs.mp3"
    },
    {
        "animeEng": "Xam'd: Lost Memories",
        "animeRomaji": "B\u014dnen no Xamdo",
        "songName": "BACK ON MY FEET",
        "artist": "BOOM BOOM SATELLITES",
        "type": "Opening 2",
        "correctCount": 38,
        "startTime": 8,
        "songDuration": 89.136,
        "songNumber": 54,
        "activePlayerCount": 252,
        "LinkVideo": "https://files.catbox.moe/5mzviq.webm",
        "LinkMp3": "https://files.catbox.moe/66h8xj.mp3"
    },
    {
        "animeEng": "Conception",
        "animeRomaji": "Conception",
        "songName": "Star light, Star bright",
        "artist": "nano",
        "type": "Opening 1",
        "correctCount": 61,
        "startTime": 8,
        "songDuration": 89.33724,
        "songNumber": 55,
        "activePlayerCount": 251,
        "LinkVideo": "https://files.catbox.moe/omqz8e.webm",
        "LinkMp3": "https://files.catbox.moe/jfd20p.mp3"
    },
    {
        "animeEng": "Toradora!",
        "animeRomaji": "Toradora!",
        "songName": "Orange",
        "artist": "Rie Kugimiya, Yui Horie, Eri Kitamura",
        "type": "Ending 2",
        "correctCount": 114,
        "startTime": 11,
        "songDuration": 102.936,
        "songNumber": 56,
        "activePlayerCount": 253,
        "LinkVideo": "https://files.catbox.moe/yo116g.webm",
        "LinkMp3": "https://files.catbox.moe/ofeaab.mp3"
    },
    {
        "animeEng": "Time Fighters",
        "animeRomaji": "Time Bokan",
        "songName": "Time Bokan no Uta",
        "artist": "Masayuki Yamamoto",
        "type": "Opening 1",
        "correctCount": 20,
        "startTime": 30,
        "songDuration": 80.448,
        "songNumber": 57,
        "activePlayerCount": 253,
        "LinkVideo": "https://files.catbox.moe/4srr4x.webm",
        "LinkMp3": "https://files.catbox.moe/9xw3di.mp3"
    },
    {
        "animeEng": "African Salaryman",
        "animeRomaji": "Africa no Salaryman",
        "songName": "Soul Flag",
        "artist": "Hiro Shimono",
        "type": "Opening 1",
        "correctCount": 56,
        "startTime": 11,
        "songDuration": 87.456,
        "songNumber": 58,
        "activePlayerCount": 253,
        "LinkVideo": "https://files.catbox.moe/a21ju0.webm",
        "LinkMp3": "https://files.catbox.moe/dhblzk.mp3"
    },
    {
        "animeEng": "Loups=Garous: The Motion Picture",
        "animeRomaji": "Loups=Garous: The Motion Picture",
        "songName": "KOSHI-TANTAN",
        "artist": "SCANDAL",
        "type": "Insert Song",
        "correctCount": 6,
        "startTime": 51,
        "songDuration": 86.46382,
        "songNumber": 59,
        "activePlayerCount": 253,
        "LinkVideo": "https://files.catbox.moe/mn896e.webm",
        "LinkMp3": "https://files.catbox.moe/tbbvzr.mp3"
    },
    {
        "animeEng": "Lupin III: Sweet Lost Night",
        "animeRomaji": "Lupin Sansei: Sweet Lost Night - Mah\u014d no Lamp wa Akumu no Yokan",
        "songName": "Yasukyoku",
        "artist": "Tomoyo Harada",
        "type": "Ending 1",
        "correctCount": 3,
        "startTime": 72,
        "songDuration": 159.912,
        "songNumber": 60,
        "activePlayerCount": 252,
        "LinkVideo": "https://files.catbox.moe/57sjun.webm",
        "LinkMp3": "https://files.catbox.moe/24brgx.mp3",
        "correctPlayers": [
            "ShiroKuro",
            "SrueyaF",
            "TheChump"
        ]
    },
    {
        "animeEng": ".hack//Liminality",
        "animeRomaji": ".hack//Liminality",
        "songName": "Liminality",
        "artist": "Yuri Kasahara",
        "type": "Insert Song",
        "correctCount": 10,
        "startTime": 28,
        "songDuration": 63.024,
        "songNumber": 61,
        "activePlayerCount": 251,
        "LinkVideo": "https://files.catbox.moe/4cr9ve.webm",
        "LinkMp3": "https://files.catbox.moe/qn1p9n.mp3"
    },
    {
        "animeEng": "STARMYU",
        "animeRomaji": "K\u014dk\u014d Hoshi Kageki",
        "songName": "DREAM TOGETHER!!!",
        "artist": "Kota Shinzato",
        "type": "Opening 1",
        "correctCount": 79,
        "startTime": 25,
        "songDuration": 89.049898,
        "songNumber": 62,
        "activePlayerCount": 250,
        "LinkVideo": "https://files.catbox.moe/zun9kb.webm",
        "LinkMp3": "https://files.catbox.moe/z707ef.mp3"
    },
    {
        "animeEng": "Pok\u00e9mon: Pikachu's PikaBoo",
        "animeRomaji": "Pikachu no Doki-Doki Kakurenbo",
        "songName": "Pikachu's Coming",
        "artist": "J.P. Hartmann",
        "type": "Opening 1",
        "correctCount": 19,
        "startTime": 97,
        "songDuration": 159.072,
        "songNumber": 63,
        "activePlayerCount": 251,
        "LinkVideo": "https://files.catbox.moe/m5hme9.webm",
        "LinkMp3": "https://files.catbox.moe/gv7bd2.mp3"
    },
    {
        "animeEng": "Marvel Disk Wars: The Avengers",
        "animeRomaji": "Marvel Disk Wars: The Avengers",
        "songName": "Tsuki Yabureru -Time to SMASH!",
        "artist": "T.M.Revolution",
        "type": "Opening 1",
        "correctCount": 12,
        "startTime": 16,
        "songDuration": 58.565524,
        "songNumber": 64,
        "activePlayerCount": 252,
        "LinkVideo": "https://files.catbox.moe/272qif.webm",
        "LinkMp3": "https://files.catbox.moe/v14mc9.mp3"
    },
    {
        "animeEng": "Kuroko's Basketball",
        "animeRomaji": "Kuroko no Basuke",
        "songName": "Memories",
        "artist": "GRANRODEO",
        "type": "Opening 3",
        "correctCount": 121,
        "startTime": 38,
        "songDuration": 89.16,
        "songNumber": 65,
        "activePlayerCount": 252,
        "LinkVideo": "https://files.catbox.moe/zyq952.webm",
        "LinkMp3": "https://files.catbox.moe/svbybh.mp3"
    },
    {
        "animeEng": "UFO Ultramaiden Valkyrie",
        "animeRomaji": "UFO Ultramaiden Valkyrie",
        "songName": "Itoshii Kakera",
        "artist": "Melocure",
        "type": "Opening 1",
        "correctCount": 21,
        "startTime": 4,
        "songDuration": 89.4,
        "songNumber": 66,
        "activePlayerCount": 251,
        "LinkVideo": "https://files.catbox.moe/ocn9q5.webm",
        "LinkMp3": "https://files.catbox.moe/damgr9.mp3"
    },
    {
        "animeEng": "Hidamari Sketch",
        "animeRomaji": "Hidamari Sketch",
        "songName": "Okashi K\u014dj\u014d",
        "artist": "Y\u016bko Got\u014d",
        "type": "Insert Song",
        "correctCount": 23,
        "startTime": 0,
        "songDuration": 28.992,
        "songNumber": 67,
        "activePlayerCount": 251,
        "LinkVideo": "https://files.catbox.moe/yqhme5.webm",
        "LinkMp3": "https://files.catbox.moe/uxne87.mp3"
    },
    {
        "animeEng": "Princess Mononoke",
        "animeRomaji": "Mononoke Hime",
        "songName": "Mononoke Hime",
        "artist": "Yoshikazu Mera",
        "type": "Ending 1",
        "correctCount": 88,
        "startTime": 17,
        "songDuration": 80.376,
        "songNumber": 68,
        "activePlayerCount": 251,
        "LinkVideo": "https://files.catbox.moe/pbjtbd.webm",
        "LinkMp3": "https://files.catbox.moe/d4pijw.mp3"
    },
    {
        "animeEng": "Pok\u00e9mon Sun & Moon",
        "animeRomaji": "Pocket Monsters Sun & Moon",
        "songName": "Mirai Connection",
        "artist": "\u042feaL",
        "type": "Opening 3",
        "correctCount": 38,
        "startTime": 51,
        "songDuration": 84.312,
        "songNumber": 69,
        "activePlayerCount": 251,
        "LinkVideo": "https://files.catbox.moe/kgwz7z.webm",
        "LinkMp3": "https://files.catbox.moe/7mv5th.mp3"
    },
    {
        "animeEng": "Ninja Collection",
        "animeRomaji": "Ninja Collection",
        "songName": "Shinobiashi de Unzaunza o Odoru",
        "artist": "Backdrop Cinderella",
        "type": "Ending 1",
        "correctCount": 24,
        "startTime": 0,
        "songDuration": 29.088,
        "songNumber": 70,
        "activePlayerCount": 251,
        "LinkVideo": "https://files.catbox.moe/juta9q.webm",
        "LinkMp3": "https://files.catbox.moe/jhvc5s.mp3"
    },
    {
        "animeEng": "B-PROJECT",
        "animeRomaji": "B-PROJECT-Kodo Ambitious-",
        "songName": "Hoshi to Tsuki no Sentence",
        "artist": "Kitakore",
        "type": "Ending 1",
        "correctCount": 14,
        "startTime": 12,
        "songDuration": 89.016,
        "songNumber": 71,
        "activePlayerCount": 251,
        "LinkVideo": "https://files.catbox.moe/uzxq08.webm",
        "LinkMp3": "https://files.catbox.moe/2488h3.mp3"
    },
    {
        "animeEng": "To the Abandoned Sacred Beasts",
        "animeRomaji": "Katsute Kami Datta Kemono-tachi e",
        "songName": "Sacrifice",
        "artist": "Mafumafu",
        "type": "Opening 1",
        "correctCount": 67,
        "startTime": 0,
        "songDuration": 88.56,
        "songNumber": 72,
        "activePlayerCount": 251,
        "LinkVideo": "https://files.catbox.moe/g7cldy.webm",
        "LinkMp3": "https://files.catbox.moe/l0xqu4.mp3"
    },
    {
        "animeEng": "She, The Ultimate Weapon",
        "animeRomaji": "SaiKano",
        "songName": "Koisuru Kimochi",
        "artist": "Yuria Yato",
        "type": "Opening 1",
        "correctCount": 12,
        "startTime": 38,
        "songDuration": 89.376,
        "songNumber": 73,
        "activePlayerCount": 251,
        "LinkVideo": "https://files.catbox.moe/hj56sn.webm",
        "LinkMp3": "https://files.catbox.moe/ogwkf4.mp3"
    },
    {
        "animeEng": "Demon Prince Enma",
        "animeRomaji": "Kik\u014dshi Enma",
        "songName": "DECADENCE",
        "artist": "GRANRODEO",
        "type": "Ending 1",
        "correctCount": 7,
        "startTime": 12,
        "songDuration": 90.408,
        "songNumber": 74,
        "activePlayerCount": 251,
        "LinkVideo": "https://files.catbox.moe/9o2kvc.webm",
        "LinkMp3": "https://files.catbox.moe/m0b9bi.mp3"
    },
    {
        "animeEng": "Attack on Titan: Junior High",
        "animeRomaji": "Shingeki! Kyojin Ch\u016bgakk\u014d",
        "songName": "Hizamazuke Butadomo ga",
        "artist": "Hiroshi Kamiya from No Name",
        "type": "Insert Song",
        "correctCount": 66,
        "startTime": 0,
        "songDuration": 32.352,
        "songNumber": 75,
        "activePlayerCount": 248,
        "LinkVideo": "https://files.catbox.moe/eip28h.webm",
        "LinkMp3": "https://files.catbox.moe/2uznab.mp3"
    }
]