[
    {
        "animeEng": "Black Butler II",
        "animeRomaji": "Kuroshitsuji II",
        "songName": "Kagayaku Sora no Shijima ni wa",
        "artist": "Kalafina",
        "type": "Insert Song",
        "correctCount": 30,
        "startTime": 49,
        "songDuration": 87.48,
        "songNumber": 1,
        "activePlayerCount": 200,
        "LinkVideo": "https://files.catbox.moe/hf9z5a.webm",
        "LinkMp3": "https://files.catbox.moe/fzgxcu.mp3"
    },
    {
        "animeEng": "Mahoromatic: I'm Home!",
        "animeRomaji": "Mahoromatic: Tadaima Okaeri",
        "songName": "Tadaima no Kaze",
        "artist": "Ayako Kawasumi",
        "type": "Opening 1",
        "correctCount": 7,
        "startTime": 50,
        "songDuration": 89.568,
        "songNumber": 2,
        "activePlayerCount": 201,
        "LinkVideo": "https://files.catbox.moe/8lc8i6.webm",
        "LinkMp3": "https://files.catbox.moe/cx1kmx.mp3"
    },
    {
        "animeEng": "Allison & Lillia",
        "animeRomaji": "Allison to Lillia",
        "songName": "Sayonara no Omajinai",
        "artist": "Kuricorder Quartet and Sou Matsumoto",
        "type": "Ending 1",
        "correctCount": 6,
        "startTime": 5,
        "songDuration": 74.064,
        "songNumber": 3,
        "activePlayerCount": 199,
        "LinkVideo": "https://files.catbox.moe/xhf77h.webm",
        "LinkMp3": "https://files.catbox.moe/fgsgh4.mp3"
    },
    {
        "animeEng": "Burst Angel",
        "animeRomaji": "Burst Angel",
        "songName": "Loosey",
        "artist": "THE STRiPES",
        "type": "Opening 1",
        "correctCount": 31,
        "startTime": 19,
        "songDuration": 86.568,
        "songNumber": 4,
        "activePlayerCount": 199,
        "LinkVideo": "https://files.catbox.moe/x532yz.webm",
        "LinkMp3": "https://files.catbox.moe/b7xp91.mp3"
    },
    {
        "animeEng": "Pikachu and Pichu",
        "animeRomaji": "Pichu to Pikachu",
        "songName": "Pichu Pika\u266aSwing!",
        "artist": "Neo\u2605Pockets",
        "type": "Opening 1",
        "correctCount": 93,
        "startTime": 7,
        "songDuration": 97.056,
        "songNumber": 5,
        "activePlayerCount": 198,
        "LinkVideo": "https://files.catbox.moe/0c8qak.webm",
        "LinkMp3": "https://files.catbox.moe/mho240.mp3"
    },
    {
        "animeEng": "Bungo and Alchemist -Gears of Judgement-",
        "animeRomaji": "Bung\u014d to Alchemist: Shinpan no Haguruma",
        "songName": "Yabu no Naka no Synthese",
        "artist": "Yoshino Nanj\u014d",
        "type": "Ending 1",
        "correctCount": 13,
        "startTime": 6,
        "songDuration": 88.8,
        "songNumber": 6,
        "activePlayerCount": 199,
        "LinkVideo": "https://files.catbox.moe/zaeew6.webm",
        "LinkMp3": "https://files.catbox.moe/j203es.mp3"
    },
    {
        "animeEng": "Black Cat",
        "animeRomaji": "Black Cat",
        "songName": "Daia no Hana",
        "artist": "Yoriko",
        "type": "Opening 1",
        "correctCount": 55,
        "startTime": 52,
        "songDuration": 89.4,
        "songNumber": 7,
        "activePlayerCount": 199,
        "LinkVideo": "https://files.catbox.moe/d04ner.webm",
        "LinkMp3": "https://files.catbox.moe/spqyin.mp3"
    },
    {
        "animeEng": "Dinosaur King",
        "animeRomaji": "Kodai \u014cja Ky\u014dry\u016b King D-Kids Adventure",
        "songName": "Chiisana Bokura no Ookina Heart",
        "artist": "ICHIKO",
        "type": "Opening 1",
        "correctCount": 31,
        "startTime": 35,
        "songDuration": 88.293875,
        "songNumber": 8,
        "activePlayerCount": 199,
        "LinkVideo": "https://files.catbox.moe/2rpq1f.webm",
        "LinkMp3": "https://files.catbox.moe/x69tp7.mp3"
    },
    {
        "animeEng": "Rewrite",
        "animeRomaji": "Rewrite",
        "songName": "Sasayaka na Hajimari",
        "artist": "Runa Mizutani (NanosizeMir)",
        "type": "Insert Song",
        "correctCount": 30,
        "startTime": 27,
        "songDuration": 114.768,
        "songNumber": 9,
        "activePlayerCount": 198,
        "LinkVideo": "https://files.catbox.moe/l25dwv.webm",
        "LinkMp3": "https://files.catbox.moe/6ri5om.mp3"
    },
    {
        "animeEng": "Sakura Wars the Animation",
        "animeRomaji": "Shin Sakura Taisen the Animation",
        "songName": "Geki! Teikoku Kagekidan <Shinsh\u043e\u0304>",
        "artist": "Teikoku Kageki-dan\u30fbHana-gumi",
        "type": "Opening 1",
        "correctCount": 69,
        "startTime": 43,
        "songDuration": 89.064,
        "songNumber": 10,
        "activePlayerCount": 199,
        "LinkVideo": "https://files.catbox.moe/k6n8p1.webm",
        "LinkMp3": "https://files.catbox.moe/sy8vi7.mp3"
    },
    {
        "animeEng": "Godannar",
        "animeRomaji": "Shinkon Gattai Godannar!!",
        "songName": "ENGAGE!!! Godanner",
        "artist": "Mitsuko Horie & Ichiro Mizuki",
        "type": "Opening 2",
        "correctCount": 24,
        "startTime": 47,
        "songDuration": 87.743798,
        "songNumber": 11,
        "activePlayerCount": 199,
        "LinkVideo": "https://files.catbox.moe/fylz35.webm",
        "LinkMp3": "https://files.catbox.moe/q13t2n.mp3"
    },
    {
        "animeEng": "Fairy Tail",
        "animeRomaji": "Fairy Tail",
        "songName": "Ashita o Narase",
        "artist": "Kavka Shishido",
        "type": "Opening 8",
        "correctCount": 74,
        "startTime": 40,
        "songDuration": 88.68,
        "songNumber": 12,
        "activePlayerCount": 199,
        "LinkVideo": "https://files.catbox.moe/umvfgw.webm",
        "LinkMp3": "https://files.catbox.moe/fztt6c.mp3"
    },
    {
        "animeEng": "Super Dimension Fortress Macross",
        "animeRomaji": "Ch\u014djik\u016b Y\u014dsai Macross",
        "songName": "Xiao Bai Long",
        "artist": "Mari Iijima",
        "type": "Insert Song",
        "correctCount": 44,
        "startTime": 0,
        "songDuration": 66.12,
        "songNumber": 13,
        "activePlayerCount": 198,
        "LinkVideo": "https://files.catbox.moe/sjxn0a.webm",
        "LinkMp3": "https://files.catbox.moe/f7j5md.mp3"
    },
    {
        "animeEng": "BEASTARS",
        "animeRomaji": "BEASTARS",
        "songName": "Yasashii Suisei",
        "artist": "YOASOBI",
        "type": "Ending 1",
        "correctCount": 69,
        "startTime": 15,
        "songDuration": 86.976,
        "songNumber": 14,
        "activePlayerCount": 197,
        "LinkVideo": "https://files.catbox.moe/c1eusr.webm",
        "LinkMp3": "https://files.catbox.moe/v17ka9.mp3"
    },
    {
        "animeEng": "Magical Princess Minky Momo",
        "animeRomaji": "Mah\u014d no Princess Minky Momo",
        "songName": "love love Minky Momo",
        "artist": "Mami Koyama",
        "type": "Opening 1",
        "correctCount": 7,
        "startTime": 35,
        "songDuration": 72.024,
        "songNumber": 15,
        "activePlayerCount": 198,
        "LinkVideo": "https://files.catbox.moe/6o8oe3.webm",
        "LinkMp3": "https://files.catbox.moe/xqwslf.mp3"
    },
    {
        "animeEng": "Flowers of Evil",
        "animeRomaji": "Aku no Hana",
        "songName": "Aku no Hana -Gunma Ken Kiryu Shi-",
        "artist": "Uchujin",
        "type": "Opening 4",
        "correctCount": 23,
        "startTime": 41,
        "songDuration": 88.512,
        "songNumber": 16,
        "activePlayerCount": 198,
        "LinkVideo": "https://files.catbox.moe/5vwxrp.webm",
        "LinkMp3": "https://files.catbox.moe/7tw57g.mp3"
    },
    {
        "animeEng": "White Album",
        "animeRomaji": "White Album",
        "songName": "Mugen",
        "artist": "Nana Mizuki",
        "type": "Ending 4",
        "correctCount": 32,
        "startTime": 56,
        "songDuration": 118.776,
        "songNumber": 17,
        "activePlayerCount": 198,
        "LinkVideo": "https://files.catbox.moe/f94vfs.webm",
        "LinkMp3": "https://files.catbox.moe/deqjk9.mp3"
    },
    {
        "animeEng": "Tsubasa RESERVoir CHRoNiCLE",
        "animeRomaji": "Tsubasa RESERVoir CHRoNiCLE",
        "songName": "Tsubasa",
        "artist": "FictionJunction KAORI",
        "type": "Insert Song",
        "correctCount": 14,
        "startTime": 26,
        "songDuration": 103.488,
        "songNumber": 18,
        "activePlayerCount": 198,
        "LinkVideo": "https://files.catbox.moe/mpw1x8.webm",
        "LinkMp3": "https://files.catbox.moe/4i16wu.mp3"
    },
    {
        "animeEng": "Tsurune: Kazemai K\u014dk\u014d Ky\u016bd\u014d-bu",
        "animeRomaji": "Tsurune: Kazemai K\u014dk\u014d Ky\u016bd\u014d-bu",
        "songName": "Naru",
        "artist": "Luck Life",
        "type": "Opening 1",
        "correctCount": 56,
        "startTime": 28,
        "songDuration": 89.064,
        "songNumber": 19,
        "activePlayerCount": 197,
        "LinkVideo": "https://files.catbox.moe/tsm12k.webm",
        "LinkMp3": "https://files.catbox.moe/gxh7ti.mp3"
    },
    {
        "animeEng": "Rinshi!! Ekoda-chan",
        "animeRomaji": "Rinshi!! Ekoda-chan",
        "songName": "Tokyo Shinobi Saki",
        "artist": "Piko",
        "type": "Ending 11",
        "correctCount": 3,
        "startTime": 0,
        "songDuration": 28.760322,
        "songNumber": 20,
        "activePlayerCount": 196,
        "LinkVideo": "https://files.catbox.moe/d11gkl.webm",
        "LinkMp3": "https://files.catbox.moe/p0kwvf.mp3",
        "correctPlayers": [
            "Shuuka",
            "Cirquit",
            "kneesoxluver"
        ]
    },
    {
        "animeEng": "Monster High: Kowa-ike Girls",
        "animeRomaji": "Monster High: Kowa-ike Girls",
        "songName": "Monster High",
        "artist": "amorecarina feat.Chu-Z KAEDE",
        "type": "Opening 1",
        "correctCount": 158,
        "startTime": 0,
        "songDuration": 29.688,
        "songNumber": 21,
        "activePlayerCount": 195,
        "LinkVideo": "https://files.catbox.moe/qt385k.webm",
        "LinkMp3": "https://files.catbox.moe/437ren.mp3"
    },
    {
        "animeEng": "Triton of the Sea",
        "animeRomaji": "Umi no Triton",
        "songName": "Umi no Triton",
        "artist": "Rika Sudou, Kaguyahime",
        "type": "Opening 1",
        "correctCount": 4,
        "startTime": 4,
        "songDuration": 93.384,
        "songNumber": 22,
        "activePlayerCount": 194,
        "LinkVideo": "https://files.catbox.moe/f9c5xt.webm",
        "LinkMp3": "https://files.catbox.moe/6qxhbk.mp3",
        "correctPlayers": [
            "AnimeLovers69",
            "NougatMonster",
            "TheChump",
            "kimika"
        ]
    },
    {
        "animeEng": "Demon Lord, Retry!",
        "animeRomaji": "Ma\u014d-sama, Retry!",
        "songName": "TEMPEST",
        "artist": "Kaori Ishihara",
        "type": "Opening 1",
        "correctCount": 72,
        "startTime": 43,
        "songDuration": 88.56,
        "songNumber": 23,
        "activePlayerCount": 192,
        "LinkVideo": "https://files.catbox.moe/d605h4.webm",
        "LinkMp3": "https://files.catbox.moe/f1y6it.mp3"
    },
    {
        "animeEng": "Hyouge Mono",
        "animeRomaji": "Hyouge Mono",
        "songName": "Ebi Sukui",
        "artist": "\u2606Taku Takahashi of m-flo",
        "type": "Opening 3",
        "correctCount": 9,
        "startTime": 15,
        "songDuration": 87.587066,
        "songNumber": 24,
        "activePlayerCount": 192,
        "LinkVideo": "https://files.catbox.moe/pkibgd.webm",
        "LinkMp3": "https://files.catbox.moe/zou9li.mp3"
    },
    {
        "animeEng": "Naruto Shipp\u016bden",
        "animeRomaji": "Naruto Shipp\u016bden",
        "songName": "LINE",
        "artist": "Sukima Switch",
        "type": "Opening 18",
        "correctCount": 46,
        "startTime": 14,
        "songDuration": 88.944,
        "songNumber": 25,
        "activePlayerCount": 191,
        "LinkVideo": "https://files.catbox.moe/u1wg1h.webm",
        "LinkMp3": "https://files.catbox.moe/xc31jl.mp3"
    },
    {
        "animeEng": "The iDOLM@STER Shiny Festa",
        "animeRomaji": "The iDOLM@STER Shiny Festa",
        "songName": "Brand New Day!",
        "artist": "Rie Kugimiya, Mayako Nigo, Manami Numakura, Asami Shimoda",
        "type": "Insert Song",
        "correctCount": 10,
        "startTime": 16,
        "songDuration": 49.56,
        "songNumber": 26,
        "activePlayerCount": 189,
        "LinkVideo": "https://files.catbox.moe/okunsd.webm",
        "LinkMp3": "https://files.catbox.moe/7xnn3u.mp3"
    },
    {
        "animeEng": "Kumamiko - Girl meets Bear",
        "animeRomaji": "Kumamiko - Girl meets Bear",
        "songName": "KUMAMIKO DANCING",
        "artist": "Natsumi Hioka & Hiroki Yasumoto feat. Kumaide-mura no Mina-san",
        "type": "Ending 1",
        "correctCount": 80,
        "startTime": 30,
        "songDuration": 88.872,
        "songNumber": 27,
        "activePlayerCount": 189,
        "LinkVideo": "https://files.catbox.moe/dju772.webm",
        "LinkMp3": "https://files.catbox.moe/vjx6oc.mp3"
    },
    {
        "animeEng": "Rampo Kitan: Game of Laplace",
        "animeRomaji": "Rampo Kitan: Game of Laplace",
        "songName": "Speed to Masatsu",
        "artist": "amazarashi",
        "type": "Opening 1",
        "correctCount": 78,
        "startTime": 23,
        "songDuration": 88.056,
        "songNumber": 28,
        "activePlayerCount": 189,
        "LinkVideo": "https://files.catbox.moe/pmtla0.webm",
        "LinkMp3": "https://files.catbox.moe/knt0bv.mp3"
    },
    {
        "animeEng": "Tamayura: More Aggressive",
        "animeRomaji": "Tamayura: More Aggressive",
        "songName": "Tsutsumarete",
        "artist": "marble",
        "type": "Insert Song",
        "correctCount": 0,
        "startTime": 180,
        "songDuration": 271.056,
        "songNumber": 29,
        "activePlayerCount": 188,
        "LinkVideo": "https://files.catbox.moe/w9jxbc.webm",
        "LinkMp3": "https://files.catbox.moe/9cbhzf.mp3"
    },
    {
        "animeEng": "Kiddy Grade",
        "animeRomaji": "Kiddy Grade",
        "songName": "Hikari no Umi",
        "artist": "Aya Hirano",
        "type": "Insert Song",
        "correctCount": 0,
        "startTime": 100,
        "songDuration": 146.424,
        "songNumber": 30,
        "activePlayerCount": 188,
        "LinkVideo": "https://files.catbox.moe/1eqk6z.webm",
        "LinkMp3": "https://files.catbox.moe/nq2mqs.mp3"
    },
    {
        "animeEng": "Isabelle of Paris",
        "animeRomaji": "Paris no Isabelle",
        "songName": "Fantaisie-Impromptu in C minor",
        "artist": "Fr\u00e9d\u00e9ric Chopin",
        "type": "Opening 2",
        "correctCount": 47,
        "startTime": 32,
        "songDuration": 70.032,
        "songNumber": 31,
        "activePlayerCount": 188,
        "LinkVideo": "https://files.catbox.moe/vufi0l.webm",
        "LinkMp3": "https://files.catbox.moe/qdnigx.mp3"
    },
    {
        "animeEng": "Date A Live III",
        "animeRomaji": "Date A Live III",
        "songName": "Nagisa no Perfume",
        "artist": "Minori Chihara",
        "type": "Insert Song",
        "correctCount": 32,
        "startTime": 20,
        "songDuration": 67.056,
        "songNumber": 32,
        "activePlayerCount": 187,
        "LinkVideo": "https://files.catbox.moe/lg6m2j.webm",
        "LinkMp3": "https://files.catbox.moe/cv5l37.mp3"
    },
    {
        "animeEng": "SD Gundam World Sangoku S\u014dketsuden",
        "animeRomaji": "SD Gundam World Sangoku S\u014dketsuden",
        "songName": "Tri-Alive",
        "artist": "K\u00edR\u00edS\u00e1M\u00e9 UNDERTAKER",
        "type": "Ending 1",
        "correctCount": 1,
        "startTime": 17,
        "songDuration": 88.44,
        "songNumber": 33,
        "activePlayerCount": 187,
        "LinkVideo": "https://files.catbox.moe/73an3t.webm",
        "LinkMp3": "https://files.catbox.moe/p8hdtx.mp3",
        "correctPlayers": [
            "Kirivert"
        ]
    },
    {
        "animeEng": "Digimon Adventure",
        "animeRomaji": "Digimon Adventure",
        "songName": "Seven",
        "artist": "Kouji Wada",
        "type": "Insert Song",
        "correctCount": 44,
        "startTime": 68,
        "songDuration": 141.048,
        "songNumber": 34,
        "activePlayerCount": 187,
        "LinkVideo": "https://files.catbox.moe/3ptwpi.webm",
        "LinkMp3": "https://files.catbox.moe/iazcxm.mp3"
    },
    {
        "animeEng": "The Seven Deadly Sins the Movie: Prisoners of the Sky",
        "animeRomaji": "Nanatsu no Taizai: Tenk\u016b no Torawarebito",
        "songName": "Perfect Time",
        "artist": "Mika Kobayashi & mpi",
        "type": "Insert Song",
        "correctCount": 122,
        "startTime": 93,
        "songDuration": 160.824,
        "songNumber": 35,
        "activePlayerCount": 187,
        "LinkVideo": "https://files.catbox.moe/glxjsc.webm",
        "LinkMp3": "https://files.catbox.moe/e8lke4.mp3"
    },
    {
        "animeEng": "Yowamushi Pedal",
        "animeRomaji": "Yowamushi Pedal",
        "songName": "Yowamushi na Honoo",
        "artist": "DIRTY OLD MEN",
        "type": "Opening 2",
        "correctCount": 23,
        "startTime": 10,
        "songDuration": 87.848286,
        "songNumber": 36,
        "activePlayerCount": 187,
        "LinkVideo": "https://files.catbox.moe/rsrp4s.webm",
        "LinkMp3": "https://files.catbox.moe/8a1ozf.mp3"
    },
    {
        "animeEng": "ReLIFE",
        "animeRomaji": "ReLIFE",
        "songName": "Button (Piano Version)",
        "artist": "PENGUIN RESEARCH",
        "type": "Ending 4",
        "correctCount": 122,
        "startTime": 6,
        "songDuration": 89.352,
        "songNumber": 37,
        "activePlayerCount": 186,
        "LinkVideo": "https://files.catbox.moe/nqw9k0.webm",
        "LinkMp3": "https://files.catbox.moe/nnr28e.mp3"
    },
    {
        "animeEng": "Karuizawa Syndrome",
        "animeRomaji": "Karuizawa Syndrome",
        "songName": "Ballad ga Kikoenai",
        "artist": "Ry\u014d Matsuda",
        "type": "Ending 1",
        "correctCount": 3,
        "startTime": 95,
        "songDuration": 216.912,
        "songNumber": 38,
        "activePlayerCount": 187,
        "LinkVideo": "https://files.catbox.moe/uvgvil.webm",
        "LinkMp3": "https://files.catbox.moe/7eg2it.mp3",
        "correctPlayers": [
            "Catisam",
            "80s",
            "kimika"
        ]
    },
    {
        "animeEng": "Shimajir\u014d to Ehon no Kuni",
        "animeRomaji": "Shimajir\u014d to Ehon no Kuni",
        "songName": "Tomodachi no Wow!",
        "artist": "PUFFY",
        "type": "Ending 1",
        "correctCount": 79,
        "startTime": 58,
        "songDuration": 267.168,
        "songNumber": 39,
        "activePlayerCount": 187,
        "LinkVideo": "https://files.catbox.moe/8qkhlo.webm",
        "LinkMp3": "https://files.catbox.moe/j5zl40.mp3"
    },
    {
        "animeEng": "Monthly Girls' Nozaki-kun",
        "animeRomaji": "Gekkan Sh\u014djo Nozaki-kun",
        "songName": "Uraomote Fortune",
        "artist": "Ari Ozawa",
        "type": "Ending 1",
        "correctCount": 95,
        "startTime": 20,
        "songDuration": 87.528,
        "songNumber": 40,
        "activePlayerCount": 186,
        "LinkVideo": "https://files.catbox.moe/qra34z.webm",
        "LinkMp3": "https://files.catbox.moe/8l8rzw.mp3"
    },
    {
        "animeEng": "She, The Ultimate Weapon",
        "animeRomaji": "SaiKano",
        "songName": "Sayonara",
        "artist": "Yuria Yato",
        "type": "Ending 1",
        "correctCount": 9,
        "startTime": 6,
        "songDuration": 85.944,
        "songNumber": 41,
        "activePlayerCount": 186,
        "LinkVideo": "https://files.catbox.moe/8c69w4.webm",
        "LinkMp3": "https://files.catbox.moe/b4lqal.mp3"
    },
    {
        "animeEng": "Bokura ga Ita",
        "animeRomaji": "Bokura ga Ita",
        "songName": "Suki da kara",
        "artist": "Izumi Katou",
        "type": "Ending 4",
        "correctCount": 2,
        "startTime": 101,
        "songDuration": 148.776,
        "songNumber": 42,
        "activePlayerCount": 187,
        "LinkVideo": "https://files.catbox.moe/v9ns1f.webm",
        "LinkMp3": "https://files.catbox.moe/5ayqkq.mp3",
        "correctPlayers": [
            "Jlin2",
            "towana"
        ]
    },
    {
        "animeEng": "Mah\u014dtsukai Sally",
        "animeRomaji": "Mah\u014dtsukai Sally",
        "songName": "Wake up!",
        "artist": "Hiroko Asakawa",
        "type": "Insert Song",
        "correctCount": 0,
        "startTime": 4,
        "songDuration": 57.552,
        "songNumber": 43,
        "activePlayerCount": 186,
        "LinkVideo": "https://files.catbox.moe/gkdeqf.webm",
        "LinkMp3": "https://files.catbox.moe/utbdzu.mp3"
    },
    {
        "animeEng": "Katsugeki TOUKEN RANBU",
        "animeRomaji": "Katsugeki/T\u014dken Ranbu",
        "songName": "Hyakka Ry\u014dran",
        "artist": "Kalafina",
        "type": "Ending 1",
        "correctCount": 14,
        "startTime": 51,
        "songDuration": 89.448,
        "songNumber": 44,
        "activePlayerCount": 186,
        "LinkVideo": "https://files.catbox.moe/wi6sbp.webm",
        "LinkMp3": "https://files.catbox.moe/51izi2.mp3"
    },
    {
        "animeEng": "Yu Yu Hakusho The Movie",
        "animeRomaji": "Yu Yu Hakusho The Movie",
        "songName": "Sayonara bye bye",
        "artist": "Matsuko Mawatari",
        "type": "Ending 1",
        "correctCount": 74,
        "startTime": 32,
        "songDuration": 81.864,
        "songNumber": 45,
        "activePlayerCount": 184,
        "LinkVideo": "https://files.catbox.moe/3vv1v9.webm",
        "LinkMp3": "https://files.catbox.moe/md2hv8.mp3"
    },
    {
        "animeEng": "Beyond the Boundary -I'LL BE HERE- Future",
        "animeRomaji": "Gekij\u014dban Ky\u014dkai no Kanata -I'll Be Here- Mirai-hen",
        "songName": "Aitakatta Sora",
        "artist": "Minori Chihara",
        "type": "Ending 1",
        "correctCount": 32,
        "startTime": 91,
        "songDuration": 250.872,
        "songNumber": 46,
        "activePlayerCount": 185,
        "LinkVideo": "https://files.catbox.moe/xl7ez9.webm",
        "LinkMp3": "https://files.catbox.moe/1nq3bj.mp3"
    },
    {
        "animeEng": "Sayonara, Zetsubou-Sensei",
        "animeRomaji": "Sayonara, Zetsubou-Sensei",
        "songName": "Hito Toshite Jiku ga Bureteiru",
        "artist": "Kenji Ohtsuki to Zetsubou-tachi",
        "type": "Opening 1",
        "correctCount": 79,
        "startTime": 40,
        "songDuration": 88.464,
        "songNumber": 47,
        "activePlayerCount": 185,
        "LinkVideo": "https://files.catbox.moe/yqc5ck.webm",
        "LinkMp3": "https://files.catbox.moe/yugkmi.mp3"
    },
    {
        "animeEng": "Pani Poni Dash!",
        "animeRomaji": "Pani Poni Dash!",
        "songName": "Kiiroi Vacances",
        "artist": "Momotsuki Gakuen 1 Nen C Gumi",
        "type": "Opening 4",
        "correctCount": 41,
        "startTime": 31,
        "songDuration": 89.496,
        "songNumber": 48,
        "activePlayerCount": 184,
        "LinkVideo": "https://files.catbox.moe/2srxjl.webm",
        "LinkMp3": "https://files.catbox.moe/gmw1m2.mp3"
    },
    {
        "animeEng": "Infinite Stratos 2: World Purge",
        "animeRomaji": "Infinite Stratos 2: World Purge-hen",
        "songName": "BEAUTIFUL SKY",
        "artist": "Y\u014dko Hikasa, Yukana, Asami Shimoda, Kana Hanazawa, Marina Inoue, Suzuko Mimori, Chiwa Saito",
        "type": "Ending 1",
        "correctCount": 90,
        "startTime": 53,
        "songDuration": 89.064,
        "songNumber": 49,
        "activePlayerCount": 183,
        "LinkVideo": "https://files.catbox.moe/orrspz.webm",
        "LinkMp3": "https://files.catbox.moe/0nkzu4.mp3"
    },
    {
        "animeEng": "Astra Lost in Space",
        "animeRomaji": "Kanata no Astra",
        "songName": "star*frost",
        "artist": "nonoc",
        "type": "Opening 1",
        "correctCount": 69,
        "startTime": 10,
        "songDuration": 88.632,
        "songNumber": 50,
        "activePlayerCount": 183,
        "LinkVideo": "https://files.catbox.moe/5qkrmp.webm",
        "LinkMp3": "https://files.catbox.moe/d9k02b.mp3"
    },
    {
        "animeEng": "Naruto",
        "animeRomaji": "Naruto",
        "songName": "Re:member",
        "artist": "FLOW",
        "type": "Opening 8",
        "correctCount": 105,
        "startTime": 9,
        "songDuration": 88.056,
        "songNumber": 51,
        "activePlayerCount": 183,
        "LinkVideo": "https://files.catbox.moe/4dhoyt.webm",
        "LinkMp3": "https://files.catbox.moe/ej55rl.mp3"
    },
    {
        "animeEng": "Gatchaman",
        "animeRomaji": "Gatchaman",
        "songName": "GATCHAMAN '94",
        "artist": "Ichir\u014d Mizuki",
        "type": "Insert Song",
        "correctCount": 108,
        "startTime": 0,
        "songDuration": 29.424,
        "songNumber": 52,
        "activePlayerCount": 183,
        "LinkVideo": "https://files.catbox.moe/ou6pd6.webm",
        "LinkMp3": "https://files.catbox.moe/orqdro.mp3"
    },
    {
        "animeEng": "Rent-a-Girlfriend",
        "animeRomaji": "Kanojo, Okarishimasu",
        "songName": "FIRST DROP",
        "artist": "halca",
        "type": "Ending 2",
        "correctCount": 69,
        "startTime": 34,
        "songDuration": 88.896,
        "songNumber": 53,
        "activePlayerCount": 182,
        "LinkVideo": "https://files.catbox.moe/mpj0xa.webm",
        "LinkMp3": "https://files.catbox.moe/9qpjc1.mp3"
    },
    {
        "animeEng": "Gintama'",
        "animeRomaji": "Gintama'",
        "songName": "Sakura Mitsutsuki",
        "artist": "SPYAIR",
        "type": "Opening 2",
        "correctCount": 73,
        "startTime": 39,
        "songDuration": 89.568,
        "songNumber": 54,
        "activePlayerCount": 182,
        "LinkVideo": "https://files.catbox.moe/dzdpkz.webm",
        "LinkMp3": "https://files.catbox.moe/godez1.mp3"
    },
    {
        "animeEng": "Last Exile",
        "animeRomaji": "Last Exile",
        "songName": "Cloud Age Symphony",
        "artist": "OKINO.SHUNTARO",
        "type": "Opening 1",
        "correctCount": 41,
        "startTime": 5,
        "songDuration": 91.344,
        "songNumber": 55,
        "activePlayerCount": 182,
        "LinkVideo": "https://files.catbox.moe/4rjvgr.webm",
        "LinkMp3": "https://files.catbox.moe/q1pk0g.mp3"
    },
    {
        "animeEng": "Food Wars! The Third Plate",
        "animeRomaji": "Shokugeki no S\u014dma: San no Sara",
        "songName": "Symbol",
        "artist": "Luck Life",
        "type": "Opening 1",
        "correctCount": 89,
        "startTime": 44,
        "songDuration": 89.5712,
        "songNumber": 56,
        "activePlayerCount": 182,
        "LinkVideo": "https://files.catbox.moe/w7qk2h.webm",
        "LinkMp3": "https://files.catbox.moe/q6la21.mp3"
    },
    {
        "animeEng": "Re: Hamatora",
        "animeRomaji": "Re:\u2423Hamatora",
        "songName": "Sen no Tsubasa",
        "artist": "livetune adding Takuro Sugawara from 9mm Parabellum Bullet",
        "type": "Opening 1",
        "correctCount": 104,
        "startTime": 2,
        "songDuration": 89.016,
        "songNumber": 57,
        "activePlayerCount": 181,
        "LinkVideo": "https://files.catbox.moe/75i89h.webm",
        "LinkMp3": "https://files.catbox.moe/bac6ga.mp3"
    },
    {
        "animeEng": "xxxHOLiC",
        "animeRomaji": "xxxHOLiC",
        "songName": "19sai",
        "artist": "Shikao Suga",
        "type": "Opening 1",
        "correctCount": 93,
        "startTime": 46,
        "songDuration": 88.488,
        "songNumber": 58,
        "activePlayerCount": 182,
        "LinkVideo": "https://files.catbox.moe/7lbvc8.webm",
        "LinkMp3": "https://files.catbox.moe/pl9ybn.mp3"
    },
    {
        "animeEng": "Mazinger Z: Infinity",
        "animeRomaji": "Mazinger Z: Infinity",
        "songName": "Mazinger Z Infinity Version",
        "artist": "Ichiro Mizuki",
        "type": "Opening 1",
        "correctCount": 38,
        "startTime": 24,
        "songDuration": 59.616,
        "songNumber": 59,
        "activePlayerCount": 181,
        "LinkVideo": "https://files.catbox.moe/s5o501.webm",
        "LinkMp3": "https://files.catbox.moe/dkcr9w.mp3"
    },
    {
        "animeEng": "Seitokai Yakuindomo Movie",
        "animeRomaji": "Seitokai Yakuindomo Movie",
        "songName": "Hana Saku\u2606Saikyou Legend Days",
        "artist": "Triple Booking",
        "type": "Opening 1",
        "correctCount": 71,
        "startTime": 22,
        "songDuration": 87.408,
        "songNumber": 60,
        "activePlayerCount": 182,
        "LinkVideo": "https://files.catbox.moe/i5jxc3.webm",
        "LinkMp3": "https://files.catbox.moe/qvf1b2.mp3"
    },
    {
        "animeEng": "Noragami",
        "animeRomaji": "Noragami",
        "songName": "Heart Realize",
        "artist": "Tia",
        "type": "Ending 1",
        "correctCount": 86,
        "startTime": 15,
        "songDuration": 93.12,
        "songNumber": 61,
        "activePlayerCount": 182,
        "LinkVideo": "https://files.catbox.moe/x8u24s.webm",
        "LinkMp3": "https://files.catbox.moe/5m0a9l.mp3"
    },
    {
        "animeEng": "Tsurezure Children",
        "animeRomaji": "Tsuredure Children",
        "songName": "Dear",
        "artist": "Yui Ogura",
        "type": "Ending 1",
        "correctCount": 79,
        "startTime": 18,
        "songDuration": 59.662648,
        "songNumber": 62,
        "activePlayerCount": 181,
        "LinkVideo": "https://files.catbox.moe/gr0gc6.webm",
        "LinkMp3": "https://files.catbox.moe/308i36.mp3"
    },
    {
        "animeEng": "Tomorrow's Joe Movie",
        "animeRomaji": "Ashita no Joe Movie",
        "songName": "Ashita no Joe ~Utsukushiki Okami Tachi~",
        "artist": "Takeshi Obo",
        "type": "Opening 1",
        "correctCount": 7,
        "startTime": 11,
        "songDuration": 99.504,
        "songNumber": 63,
        "activePlayerCount": 182,
        "LinkVideo": "https://files.catbox.moe/38phar.webm",
        "LinkMp3": "https://files.catbox.moe/9q46yk.mp3"
    },
    {
        "animeEng": "Uta no\u2606Prince-sama\u266aMaji LOVE Legend Star",
        "animeRomaji": "Uta no\u2606Prince-sama\u266aMaji LOVE Legend Star",
        "songName": "Mighty Aura",
        "artist": "Miyano Mamoru & Y\u016bma Uchida",
        "type": "Insert Song",
        "correctCount": 14,
        "startTime": 32,
        "songDuration": 84.792,
        "songNumber": 64,
        "activePlayerCount": 182,
        "LinkVideo": "https://files.catbox.moe/2wllmc.webm",
        "LinkMp3": "https://files.catbox.moe/ljff4p.mp3"
    },
    {
        "animeEng": "Ultraman Kids: Haha o Tazunete 3000 Man K\u014dnen",
        "animeRomaji": "Ultraman Kids: Haha o Tazunete 3000 Man K\u014dnen",
        "songName": "Cosmos Adventure",
        "artist": "Satoko Yamano",
        "type": "Opening 1",
        "correctCount": 3,
        "startTime": 32,
        "songDuration": 88.056,
        "songNumber": 65,
        "activePlayerCount": 182,
        "LinkVideo": "https://files.catbox.moe/lc706x.webm",
        "LinkMp3": "https://files.catbox.moe/c6387b.mp3",
        "correctPlayers": [
            "Ouiaboo",
            "nunchi",
            "Catisam"
        ]
    },
    {
        "animeEng": "Macross Frontier: Itsuwari no Utahime",
        "animeRomaji": "Macross Frontier: Itsuwari no Utahime",
        "songName": "Welcome To My Fan Club's Night!",
        "artist": "May'n",
        "type": "Insert Song",
        "correctCount": 52,
        "startTime": 19,
        "songDuration": 182.712,
        "songNumber": 66,
        "activePlayerCount": 182,
        "LinkVideo": "https://files.catbox.moe/ngdvy0.webm",
        "LinkMp3": "https://files.catbox.moe/f77e3y.mp3"
    },
    {
        "animeEng": "Himitsu no Akko-chan",
        "animeRomaji": "Himitsu no Akko-chan",
        "songName": "Sukisuki Song",
        "artist": "Ado Mizumori",
        "type": "Ending 1",
        "correctCount": 116,
        "startTime": 10,
        "songDuration": 56.832,
        "songNumber": 67,
        "activePlayerCount": 181,
        "LinkVideo": "https://files.catbox.moe/5cslwv.webm",
        "LinkMp3": "https://files.catbox.moe/bcg8xl.mp3"
    },
    {
        "animeEng": "Mangirl!",
        "animeRomaji": "Mangirl!",
        "songName": "girl meets DEADLINE",
        "artist": "M\uff20N\u2606GIRL!",
        "type": "Opening 1",
        "correctCount": 55,
        "startTime": 0,
        "songDuration": 28.512,
        "songNumber": 68,
        "activePlayerCount": 181,
        "LinkVideo": "https://files.catbox.moe/qwnbil.webm",
        "LinkMp3": "https://files.catbox.moe/v606a1.mp3"
    },
    {
        "animeEng": "A Dark Rabbit Has Seven Lives",
        "animeRomaji": "Itsuka Tenma no Kuro Usagi",
        "songName": "Once",
        "artist": "Hitomi Harada",
        "type": "Opening 1",
        "correctCount": 37,
        "startTime": 43,
        "songDuration": 88.872,
        "songNumber": 69,
        "activePlayerCount": 180,
        "LinkVideo": "https://files.catbox.moe/5czg5t.webm",
        "LinkMp3": "https://files.catbox.moe/h2m3x6.mp3"
    },
    {
        "animeEng": "Alpen Rose",
        "animeRomaji": "Honoo no Alpen Rose: Judy & Randy",
        "songName": "Yume no Tsubasa Alpen Rose",
        "artist": "Konii",
        "type": "Opening 1",
        "correctCount": 2,
        "startTime": 20,
        "songDuration": 76.8,
        "songNumber": 70,
        "activePlayerCount": 182,
        "LinkVideo": "https://files.catbox.moe/vj9n4d.webm",
        "LinkMp3": "https://files.catbox.moe/r3atez.mp3",
        "correctPlayers": [
            "anomanderbaked",
            "Legend_"
        ]
    },
    {
        "animeEng": "Bakuky\u016b Renpatsu!! Super B-Daman",
        "animeRomaji": "Bakuky\u016b Renpatsu!! Super B-Daman",
        "songName": "Hajikero! Max Shot",
        "artist": "Mizuking",
        "type": "Ending 1",
        "correctCount": 2,
        "startTime": 2,
        "songDuration": 74.64,
        "songNumber": 71,
        "activePlayerCount": 182,
        "LinkVideo": "https://files.catbox.moe/9w68zy.webm",
        "LinkMp3": "https://files.catbox.moe/v9tkj5.mp3",
        "correctPlayers": [
            "TheChump",
            "kimika"
        ]
    },
    {
        "animeEng": "Shirobako",
        "animeRomaji": "Shirobako",
        "songName": "I'm Sorry EXODUS",
        "artist": "TRACY",
        "type": "Opening 1",
        "correctCount": 60,
        "startTime": 42,
        "songDuration": 88.272,
        "songNumber": 72,
        "activePlayerCount": 182,
        "LinkVideo": "https://files.catbox.moe/a692yj.webm",
        "LinkMp3": "https://files.catbox.moe/pztmyh.mp3"
    },
    {
        "animeEng": "Fate/Apocrypha",
        "animeRomaji": "Fate/Apocrypha",
        "songName": "Eiy\u016b Unmei no Uta",
        "artist": "EGOIST",
        "type": "Opening 1",
        "correctCount": 111,
        "startTime": 51,
        "songDuration": 95.16,
        "songNumber": 73,
        "activePlayerCount": 182,
        "LinkVideo": "https://files.catbox.moe/ty6ngc.webm",
        "LinkMp3": "https://files.catbox.moe/nifguc.mp3"
    },
    {
        "animeEng": "Ani Ni Tsukeru Kusuri wa Nai!",
        "animeRomaji": "Ani Ni Tsukeru Kusuri wa Nai!",
        "songName": "Sunny side up",
        "artist": "Brian the Sun",
        "type": "Opening 1",
        "correctCount": 121,
        "startTime": 0,
        "songDuration": 24.816,
        "songNumber": 74,
        "activePlayerCount": 182,
        "LinkVideo": "https://files.catbox.moe/j2uh2b.webm",
        "LinkMp3": "https://files.catbox.moe/u0diyc.mp3"
    },
    {
        "animeEng": "Dream Dimension Hunter Fandora",
        "animeRomaji": "Yume Jigen Hunter Fandora",
        "songName": "Aku no Mama de",
        "artist": "Ushio Hashimoto",
        "type": "Insert Song",
        "correctCount": 2,
        "startTime": 12,
        "songDuration": 87.024,
        "songNumber": 75,
        "activePlayerCount": 180,
        "LinkVideo": "https://files.catbox.moe/63gp14.webm",
        "LinkMp3": "https://files.catbox.moe/9m85ui.mp3",
        "correctPlayers": [
            "Kirivert",
            "Legend_"
        ]
    }
]