[
    {
        "animeEng": "Ace of the Diamond Second Season",
        "animeRomaji": "Daiya no Ace: Second Season",
        "songName": "Go EXCEED!!",
        "artist": "Tom-H@ck featuring Masayoshi \u014cishi",
        "type": "Opening 1",
        "correctCount": 65,
        "startTime": 54,
        "songDuration": 89.049898,
        "songNumber": 1,
        "activePlayerCount": 124,
        "LinkVideo": "https://files.catbox.moe/1hbf8g.webm",
        "LinkMp3": "https://files.catbox.moe/5jfisq.mp3",
        "annId": 16826
    },
    {
        "animeEng": "Gauche the Cellist",
        "animeRomaji": "Cello-hiki no Gauche",
        "songName": "Hoshi Meguri no Uta",
        "artist": "Jidou Gasshou-dan Tomato",
        "type": "Opening 1",
        "correctCount": 11,
        "startTime": 23,
        "songDuration": 57.072,
        "songNumber": 2,
        "activePlayerCount": 123,
        "LinkVideo": "https://files.catbox.moe/5zhi4b.webm",
        "LinkMp3": "https://files.catbox.moe/y87f22.mp3",
        "annId": 898
    },
    {
        "animeEng": "I Can't Understand What My Husband is Saying: 2nd Thread",
        "animeRomaji": "Danna ga Nani o Itteiru ka Wakaranai Ken 2-sure-me",
        "songName": "Okusama no Blues",
        "artist": "Yukari Tamura, Rie Kugimiya, Ryoko Shintani",
        "type": "Ending 2",
        "correctCount": 52,
        "startTime": 0,
        "songDuration": 28.392,
        "songNumber": 3,
        "activePlayerCount": 124,
        "LinkVideo": "https://files.catbox.moe/htnu3g.webm",
        "LinkMp3": "https://files.catbox.moe/kaz1oq.mp3",
        "annId": 16654
    },
    {
        "animeEng": "Save Me! Lollipop",
        "animeRomaji": "Mamotte! Lollipop",
        "songName": "Poppin' Heart wa Hitotsu Dake?",
        "artist": "Clover",
        "type": "Opening 1",
        "correctCount": 8,
        "startTime": 30,
        "songDuration": 89.76,
        "songNumber": 4,
        "activePlayerCount": 124,
        "LinkVideo": "https://files.catbox.moe/2n24sr.webm",
        "LinkMp3": "https://files.catbox.moe/4oe5r5.mp3",
        "annId": 6564
    },
    {
        "animeEng": "Perman",
        "animeRomaji": "Perman",
        "songName": "Kite yo Perman",
        "artist": "Katsue Miwa",
        "type": "Opening 1",
        "correctCount": 79,
        "startTime": 20,
        "songDuration": 60.576,
        "songNumber": 5,
        "activePlayerCount": 124,
        "LinkVideo": "https://files.catbox.moe/iu9df1.webm",
        "LinkMp3": "https://files.catbox.moe/2z2rud.mp3",
        "annId": 2008
    },
    {
        "animeEng": "Doraemon",
        "animeRomaji": "Doraemon",
        "songName": "Doraemon Ondo",
        "artist": "Nobuyo Oyama, Koorogi '73",
        "type": "Insert Song",
        "correctCount": 50,
        "startTime": 25,
        "songDuration": 59.584282,
        "songNumber": 6,
        "activePlayerCount": 124,
        "LinkVideo": "https://files.catbox.moe/0p7tjq.webm",
        "LinkMp3": "https://files.catbox.moe/kmv9er.mp3",
        "annId": 1318
    },
    {
        "animeEng": "Magical Play",
        "animeRomaji": "Mah\u014d Y\u016bgi",
        "songName": "Mata Ashita",
        "artist": "Ai Tokunaga",
        "type": "Ending 1",
        "correctCount": 2,
        "startTime": 64,
        "songDuration": 107.701006,
        "songNumber": 7,
        "activePlayerCount": 121,
        "LinkVideo": "https://files.catbox.moe/2ug3cu.webm",
        "LinkMp3": "https://files.catbox.moe/10thaq.mp3",
        "annId": 305,
        "correctPlayers": [
            "Neutral",
            "RemiliaScarlet"
        ]
    },
    {
        "animeEng": "Docchi mo Maid",
        "animeRomaji": "Docchi mo Maid",
        "songName": "Docchi mo Daisuki!",
        "artist": "Yura Naruse",
        "type": "Opening 1",
        "correctCount": 12,
        "startTime": 76,
        "songDuration": 126.672,
        "songNumber": 8,
        "activePlayerCount": 121,
        "LinkVideo": "https://files.catbox.moe/salaqk.webm",
        "LinkMp3": "https://files.catbox.moe/4vg69i.mp3",
        "annId": 23271
    },
    {
        "animeEng": "Attack on Titan: Ilse's Notebook",
        "animeRomaji": "Shingeki no Kyojin: Ilse no Tech\u014d - Aru Ch\u014dsa Heidan-in no Shuki",
        "songName": "Guren no Yumiya",
        "artist": "Linked Horizon",
        "type": "Opening 1",
        "correctCount": 113,
        "startTime": 55,
        "songDuration": 90.072,
        "songNumber": 9,
        "activePlayerCount": 121,
        "LinkVideo": "https://files.catbox.moe/iqxsmc.webm",
        "LinkMp3": "https://files.catbox.moe/ywp1d3.mp3",
        "annId": 17609
    },
    {
        "animeEng": "Burning Kabaddi",
        "animeRomaji": "Shakunetsu Kabaddi",
        "songName": "FIRE BIRD",
        "artist": "Shunya \u014chira",
        "type": "Opening 1",
        "correctCount": 42,
        "startTime": 34,
        "songDuration": 88.992,
        "songNumber": 10,
        "activePlayerCount": 121,
        "LinkVideo": "https://files.catbox.moe/sdtehr.webm",
        "LinkMp3": "https://files.catbox.moe/gdejwk.mp3",
        "annId": 23757
    },
    {
        "animeEng": "Magical Taruruuto-kun",
        "animeRomaji": "Magical Taruruuto-kun",
        "songName": "Kimi to Sekai Seifuku!?",
        "artist": "Midori Akiyama",
        "type": "Ending 1",
        "correctCount": 2,
        "startTime": 35,
        "songDuration": 76.896,
        "songNumber": 11,
        "activePlayerCount": 120,
        "LinkVideo": "https://files.catbox.moe/24i27u.webm",
        "LinkMp3": "https://files.catbox.moe/0gq6kv.mp3",
        "annId": 1529,
        "correctPlayers": [
            "Higgabottom",
            "Catisam"
        ]
    },
    {
        "animeEng": "Endro~!",
        "animeRomaji": "Endro~!",
        "songName": "Endro~ru!",
        "artist": "Y\u016bsha Party",
        "type": "Opening 1",
        "correctCount": 45,
        "startTime": 41,
        "songDuration": 88.392,
        "songNumber": 12,
        "activePlayerCount": 120,
        "LinkVideo": "https://files.catbox.moe/ox5t61.webm",
        "LinkMp3": "https://files.catbox.moe/gqa5nc.mp3",
        "annId": 21228
    },
    {
        "animeEng": "Girls und Panzer: This is the Real Anzio Battle!",
        "animeRomaji": "Girls und Panzer: Kore ga Hont\u014d no Anzio-sen Desu!",
        "songName": "Enter Enter MISSION!",
        "artist": "Ankou Team",
        "type": "Ending 1",
        "correctCount": 52,
        "startTime": 22,
        "songDuration": 89.376,
        "songNumber": 13,
        "activePlayerCount": 119,
        "LinkVideo": "https://files.catbox.moe/s1czpj.webm",
        "LinkMp3": "https://files.catbox.moe/eezr2m.mp3",
        "annId": 16863
    },
    {
        "animeEng": "Sisters of Wellber",
        "animeRomaji": "Wellber no Monogatari",
        "songName": "Theme of Wellber",
        "artist": "Akio Dobashi",
        "type": "Opening 1",
        "correctCount": 10,
        "startTime": 6,
        "songDuration": 89.52,
        "songNumber": 14,
        "activePlayerCount": 119,
        "LinkVideo": "https://files.catbox.moe/8le6kf.webm",
        "LinkMp3": "https://files.catbox.moe/oxm6nm.mp3",
        "annId": 7108
    },
    {
        "animeEng": "Strike Witches 2",
        "animeRomaji": "Strike Witches 2",
        "songName": "Over Sky",
        "artist": "Misato Fukuen, Kaori Nazuka, Miyuki Sawashiro",
        "type": "Ending 3",
        "correctCount": 31,
        "startTime": 6,
        "songDuration": 89.976,
        "songNumber": 15,
        "activePlayerCount": 120,
        "LinkVideo": "https://files.catbox.moe/e1qjhs.webm",
        "LinkMp3": "https://files.catbox.moe/7v1dig.mp3",
        "annId": 11313
    },
    {
        "animeEng": "Guilty Crown: Lost Christmas",
        "animeRomaji": "Guilty Crown: Lost Christmas",
        "songName": "Planetes",
        "artist": "EGOIST",
        "type": "Ending 1",
        "correctCount": 22,
        "startTime": 117,
        "songDuration": 172.632,
        "songNumber": 16,
        "activePlayerCount": 120,
        "LinkVideo": "https://files.catbox.moe/e0trwk.webm",
        "LinkMp3": "https://files.catbox.moe/qtck64.mp3",
        "annId": 15217
    },
    {
        "animeEng": "B: The Beginning",
        "animeRomaji": "B: The Beginning",
        "songName": "The Perfect World",
        "artist": "Marty Friedman feat. Jean-Ken Johnny, KenKen",
        "type": "Ending 1",
        "correctCount": 34,
        "startTime": 34,
        "songDuration": 110.053875,
        "songNumber": 17,
        "activePlayerCount": 120,
        "LinkVideo": "https://files.catbox.moe/54wod0.webm",
        "LinkMp3": "https://files.catbox.moe/8uje2j.mp3",
        "annId": 19987
    },
    {
        "animeEng": "Yowamushi Pedal Movie",
        "animeRomaji": "Yowamushi Pedal Movie",
        "songName": "Koi no Hime Hime\u2606Pettanko",
        "artist": "Team S\u014dhoku",
        "type": "Insert Song",
        "correctCount": 54,
        "startTime": 23,
        "songDuration": 91.766586,
        "songNumber": 18,
        "activePlayerCount": 120,
        "LinkVideo": "https://files.catbox.moe/jobu3u.webm",
        "LinkMp3": "https://files.catbox.moe/aws7ql.mp3",
        "annId": 16896
    },
    {
        "animeEng": "Umayon",
        "animeRomaji": "Umayon",
        "songName": "Nigekiri! Fallin' Love",
        "artist": "Marika Kouno, Hitomi Ohwada, Ikumi Hasegawa, Lynn, Tomomi Mineuchi",
        "type": "Ending 3",
        "correctCount": 17,
        "startTime": 0,
        "songDuration": 29.088,
        "songNumber": 19,
        "activePlayerCount": 120,
        "LinkVideo": "https://files.catbox.moe/58qm66.webm",
        "LinkMp3": "https://files.catbox.moe/8ir09n.mp3",
        "annId": 23494
    },
    {
        "animeEng": "Getbackers",
        "animeRomaji": "Getbackers",
        "songName": "Yuragu Koto Nai Ai",
        "artist": "Naomi Tamura",
        "type": "Opening 1",
        "correctCount": 21,
        "startTime": 48,
        "songDuration": 89.256,
        "songNumber": 20,
        "activePlayerCount": 120,
        "LinkVideo": "https://files.catbox.moe/72cvfv.webm",
        "LinkMp3": "https://files.catbox.moe/4gimv3.mp3",
        "annId": 1840
    },
    {
        "animeEng": "Talentless Nana",
        "animeRomaji": "Mun\u014d na Nana",
        "songName": "Bakemono to Yobarete",
        "artist": "Chiai Fujikawa",
        "type": "Ending 1",
        "correctCount": 67,
        "startTime": 28,
        "songDuration": 89.28,
        "songNumber": 21,
        "activePlayerCount": 120,
        "LinkVideo": "https://files.catbox.moe/ze5vbo.webm",
        "LinkMp3": "https://files.catbox.moe/dkomau.mp3",
        "annId": 23497
    },
    {
        "animeEng": "Crayon Shin-chan: Buriburi \u014ckoku no Hih\u014d",
        "animeRomaji": "Crayon Shin-chan: Buriburi \u014ckoku no Hih\u014d",
        "songName": "Ora wa Ninkimono",
        "artist": "Akiko Yajima",
        "type": "Opening 1",
        "correctCount": 112,
        "startTime": 0,
        "songDuration": 62.448,
        "songNumber": 22,
        "activePlayerCount": 120,
        "LinkVideo": "https://files.catbox.moe/wdi0ob.webm",
        "LinkMp3": "https://files.catbox.moe/3var2k.mp3",
        "annId": 6740
    },
    {
        "animeEng": "Apo Mekhanes Theos Gigantic Formula",
        "animeRomaji": "Kishin Taisen Gigantic Formula",
        "songName": "United Force",
        "artist": "Minami Kuribayashi",
        "type": "Opening 1",
        "correctCount": 12,
        "startTime": 17,
        "songDuration": 89.904,
        "songNumber": 23,
        "activePlayerCount": 120,
        "LinkVideo": "https://files.catbox.moe/0lp3zd.webm",
        "LinkMp3": "https://files.catbox.moe/9fujx9.mp3",
        "annId": 7488
    },
    {
        "animeEng": "Keith Courage 2",
        "animeRomaji": "Mashin Eiy\u016bden Wataru 2",
        "songName": "Niji no Kanata ni",
        "artist": "Yumiko Takahashi",
        "type": "Ending 2",
        "correctCount": 1,
        "startTime": 30,
        "songDuration": 68.016,
        "songNumber": 24,
        "activePlayerCount": 120,
        "LinkVideo": "https://files.catbox.moe/zwdsdl.webm",
        "LinkMp3": "https://files.catbox.moe/srrwww.mp3",
        "annId": 2356,
        "correctPlayers": [
            "Neutral"
        ]
    },
    {
        "animeEng": "Glitter Force",
        "animeRomaji": "Glitter Force",
        "songName": "Mankai*Smile",
        "artist": "Hitomi Yoshida",
        "type": "Ending 2",
        "correctCount": 21,
        "startTime": 47,
        "songDuration": 87.744,
        "songNumber": 25,
        "activePlayerCount": 120,
        "LinkVideo": "https://files.catbox.moe/24gjt5.webm",
        "LinkMp3": "https://files.catbox.moe/cfbjjh.mp3",
        "annId": 13809
    },
    {
        "animeEng": "I\u2605CHU: Halfway Through The Idol",
        "animeRomaji": "I\u2605CHU: Halfway Through The Idol",
        "songName": "Rainbow\u2606Harmony",
        "artist": "I Chu Leaders",
        "type": "Opening 2",
        "correctCount": 11,
        "startTime": 13,
        "songDuration": 88.824,
        "songNumber": 26,
        "activePlayerCount": 119,
        "LinkVideo": "https://files.catbox.moe/tngbmx.webm",
        "LinkMp3": "https://files.catbox.moe/ct7tkq.mp3",
        "annId": 23791
    },
    {
        "animeEng": "Queen's Blade: The Wandering Warrior",
        "animeRomaji": "Queen's Blade: Rur\u014d no Senshi",
        "songName": "Get the Door",
        "artist": "Rie Ohashi",
        "type": "Opening 1",
        "correctCount": 12,
        "startTime": 48,
        "songDuration": 89.232,
        "songNumber": 27,
        "activePlayerCount": 119,
        "LinkVideo": "https://files.catbox.moe/6xt173.webm",
        "LinkMp3": "https://files.catbox.moe/hn6mdk.mp3",
        "annId": 10086
    },
    {
        "animeEng": "Gilgamesh",
        "animeRomaji": "Gilgamesh",
        "songName": "Crazy 4U",
        "artist": "Kumi Koda",
        "type": "Opening 1",
        "correctCount": 12,
        "startTime": 56,
        "songDuration": 99.185234,
        "songNumber": 28,
        "activePlayerCount": 118,
        "LinkVideo": "https://files.catbox.moe/50we3v.webm",
        "LinkMp3": "https://files.catbox.moe/7fmf1c.mp3",
        "annId": 3083
    },
    {
        "animeEng": "PriPara",
        "animeRomaji": "PriPara",
        "songName": "Pretty Prism Paradise!!!",
        "artist": "SoLaMi\u2661SMILE",
        "type": "Insert Song",
        "correctCount": 43,
        "startTime": 50,
        "songDuration": 93.456,
        "songNumber": 29,
        "activePlayerCount": 119,
        "LinkVideo": "https://files.catbox.moe/wgd84f.webm",
        "LinkMp3": "https://files.catbox.moe/zc3bdw.mp3",
        "annId": 16674
    },
    {
        "animeEng": "Tamayura",
        "animeRomaji": "Tamayura",
        "songName": "Naisho no Hanashi",
        "artist": "Megumi Nakajima",
        "type": "Insert Song",
        "correctCount": 30,
        "startTime": 29,
        "songDuration": 91.632,
        "songNumber": 30,
        "activePlayerCount": 119,
        "LinkVideo": "https://files.catbox.moe/an8ywx.webm",
        "LinkMp3": "https://files.catbox.moe/xut2l3.mp3",
        "annId": 11375
    },
    {
        "animeEng": "Kakuriyo -Bed & Breakfast for Spirits-",
        "animeRomaji": "Kakuriyo no Yadomeshi",
        "songName": "Negai Hana",
        "artist": "Katsuyuki Konishi",
        "type": "Ending 2",
        "correctCount": 32,
        "startTime": 45,
        "songDuration": 88.728,
        "songNumber": 31,
        "activePlayerCount": 119,
        "LinkVideo": "https://files.catbox.moe/3waxlf.webm",
        "LinkMp3": "https://files.catbox.moe/mthtfg.mp3",
        "annId": 20241
    },
    {
        "animeEng": "BanG Dream! Asonjatta!",
        "animeRomaji": "BanG Dream! Asonjatta!",
        "songName": "Tokimeki Experience!",
        "artist": "Poppin'Party",
        "type": "Opening 1",
        "correctCount": 70,
        "startTime": 35,
        "songDuration": 89.049898,
        "songNumber": 32,
        "activePlayerCount": 121,
        "LinkVideo": "https://files.catbox.moe/ss3q6y.webm",
        "LinkMp3": "https://files.catbox.moe/1hqfjp.mp3",
        "annId": 22411
    },
    {
        "animeEng": "Tactics",
        "animeRomaji": "Tactics",
        "songName": "Mienai Chikara",
        "artist": "Miki Akiyama",
        "type": "Ending 1",
        "correctCount": 3,
        "startTime": 15,
        "songDuration": 85.967502,
        "songNumber": 33,
        "activePlayerCount": 121,
        "LinkVideo": "https://files.catbox.moe/4pcny3.webm",
        "LinkMp3": "https://files.catbox.moe/bf1svx.mp3",
        "annId": 4100,
        "correctPlayers": [
            "IzumiSakai",
            "Shuuka",
            "klusty"
        ]
    },
    {
        "animeEng": "SOS TV Walpurgis Night Fever",
        "animeRomaji": "SOS TV Walpurgis Night Fever",
        "songName": "Warunai Fever",
        "artist": "Tomoko Kaneda",
        "type": "Opening 1",
        "correctCount": 38,
        "startTime": 0,
        "songDuration": 32.704744,
        "songNumber": 34,
        "activePlayerCount": 121,
        "LinkVideo": "https://files.catbox.moe/tx1845.webm",
        "LinkMp3": "https://files.catbox.moe/1fawth.mp3",
        "annId": 23052
    },
    {
        "animeEng": "Strike The Blood",
        "animeRomaji": "Strike The Blood",
        "songName": "Strike the Blood",
        "artist": "Kishida Ky\u014ddan &THE Akeboshi Rockets",
        "type": "Opening 1",
        "correctCount": 67,
        "startTime": 11,
        "songDuration": 89.424,
        "songNumber": 35,
        "activePlayerCount": 121,
        "LinkVideo": "https://files.catbox.moe/5b6t9k.webm",
        "LinkMp3": "https://files.catbox.moe/zsp2yd.mp3",
        "annId": 15501
    },
    {
        "animeEng": "The Ambition of Oda Nobuna",
        "animeRomaji": "Oda Nobuna no Yab\u014d",
        "songName": "Link",
        "artist": "Aimi",
        "type": "Opening 1",
        "correctCount": 70,
        "startTime": 25,
        "songDuration": 88.536,
        "songNumber": 36,
        "activePlayerCount": 120,
        "LinkVideo": "https://files.catbox.moe/ivs56e.webm",
        "LinkMp3": "https://files.catbox.moe/k64jni.mp3",
        "annId": 13761
    },
    {
        "animeEng": "Phantasy Star Online 2 Comic: Okawari",
        "animeRomaji": "Puso Ni Comi: Okawari",
        "songName": "Ni Co\u2606mmunication",
        "artist": "Amane + Beat Mario (COOL&CREATE)",
        "type": "Opening 1",
        "correctCount": 59,
        "startTime": 0,
        "songDuration": 17.064,
        "songNumber": 37,
        "activePlayerCount": 121,
        "LinkVideo": "https://files.catbox.moe/lzne0l.webm",
        "LinkMp3": "https://files.catbox.moe/s3of6l.mp3",
        "annId": 23177
    },
    {
        "animeEng": "If It's for My Daughter, I'd Even Defeat a Demon Lord",
        "animeRomaji": "Uchi no Ko no Tame naraba, Ore wa Moshikashitara Ma\u014d mo Taoseru kamo Shirenai.",
        "songName": "I'm with you",
        "artist": "Kanon Takao",
        "type": "Opening 1",
        "correctCount": 47,
        "startTime": 21,
        "songDuration": 89.112,
        "songNumber": 38,
        "activePlayerCount": 121,
        "LinkVideo": "https://files.catbox.moe/9mas7i.webm",
        "LinkMp3": "https://files.catbox.moe/ww7vxx.mp3",
        "annId": 22006
    },
    {
        "animeEng": "Iron Leaguer",
        "animeRomaji": "Shippu! Iron Leaguer",
        "songName": "Tomo yo Tomo ni",
        "artist": "Norihiko Tanimoto",
        "type": "Ending 3",
        "correctCount": 2,
        "startTime": 43,
        "songDuration": 118.056,
        "songNumber": 39,
        "activePlayerCount": 121,
        "LinkVideo": "https://files.catbox.moe/rvayg7.webm",
        "LinkMp3": "https://files.catbox.moe/ig4lq8.mp3",
        "annId": 113,
        "correctPlayers": [
            "Akikun",
            "Catisam"
        ]
    },
    {
        "animeEng": "Perman",
        "animeRomaji": "Perman",
        "songName": "Bokura no Perman",
        "artist": "Katsue Miwa & Susumu Ishikawa",
        "type": "Opening 1",
        "correctCount": 72,
        "startTime": 8,
        "songDuration": 43.032,
        "songNumber": 40,
        "activePlayerCount": 119,
        "LinkVideo": "https://files.catbox.moe/23zudw.webm",
        "LinkMp3": "https://files.catbox.moe/o90r9l.mp3",
        "annId": 1438
    },
    {
        "animeEng": "Macross 7",
        "animeRomaji": "Macross 7",
        "songName": "Totsugeki Love Heart ~Acoustic Version~",
        "artist": "Yoshiki Fukuyama",
        "type": "Ending 3",
        "correctCount": 26,
        "startTime": 32,
        "songDuration": 85.056,
        "songNumber": 41,
        "activePlayerCount": 119,
        "LinkVideo": "https://files.catbox.moe/tf3pwi.webm",
        "LinkMp3": "https://files.catbox.moe/sqqy4m.mp3",
        "annId": 940
    },
    {
        "animeEng": "Hulaing Babies",
        "animeRomaji": "Hulaing Babies",
        "songName": "Hulaing Babies",
        "artist": "A\u014cP",
        "type": "Opening 1",
        "correctCount": 12,
        "startTime": 17,
        "songDuration": 58.968,
        "songNumber": 42,
        "activePlayerCount": 119,
        "LinkVideo": "https://files.catbox.moe/sn8ahl.webm",
        "LinkMp3": "https://files.catbox.moe/m1m37d.mp3",
        "annId": 22244
    },
    {
        "animeEng": "Wonder 3",
        "animeRomaji": "Wonder 3",
        "songName": "Wonder Three",
        "artist": "Vocal Shop",
        "type": "Opening 1",
        "correctCount": 40,
        "startTime": 19,
        "songDuration": 68.064,
        "songNumber": 43,
        "activePlayerCount": 119,
        "LinkVideo": "https://files.catbox.moe/u3mlnu.webm",
        "LinkMp3": "https://files.catbox.moe/k1vyv5.mp3",
        "annId": 626
    },
    {
        "animeEng": "Embracing Love: A Cicada in Winter",
        "animeRomaji": "Fuyu no Semi",
        "songName": "Fuyu no Semi",
        "artist": "Toshiyuki Morikawa",
        "type": "Ending 1",
        "correctCount": 2,
        "startTime": 77,
        "songDuration": 122.592,
        "songNumber": 44,
        "activePlayerCount": 118,
        "LinkVideo": "https://files.catbox.moe/2ff2sm.webm",
        "LinkMp3": "https://files.catbox.moe/yuzyh7.mp3",
        "annId": 7146,
        "correctPlayers": [
            "Saiyuki",
            "weavedheart"
        ]
    },
    {
        "animeEng": "Cardfight!! Vanguard Movie: Neon Messiah",
        "animeRomaji": "Cardfight!! Vanguard Movie: Neon Messiah",
        "songName": "V-ROAD (symphony ver.)",
        "artist": "BUSHI\u26057",
        "type": "Opening 1",
        "correctCount": 26,
        "startTime": 35,
        "songDuration": 76.008,
        "songNumber": 45,
        "activePlayerCount": 118,
        "LinkVideo": "https://files.catbox.moe/rwjgvl.webm",
        "LinkMp3": "https://files.catbox.moe/tsqc2l.mp3",
        "annId": 15809
    },
    {
        "animeEng": "Tomica Hyper Rescue Drive Head: Kid\u014d Ky\u016bky\u016b Keisatsu",
        "animeRomaji": "Tomica Hyper Rescue Drive Head: Kid\u014d Ky\u016bky\u016b Keisatsu",
        "songName": "Wacha-Gacha!",
        "artist": "SUPER\u2605DRAGON",
        "type": "Opening 1",
        "correctCount": 15,
        "startTime": 25,
        "songDuration": 89.064,
        "songNumber": 46,
        "activePlayerCount": 117,
        "LinkVideo": "https://files.catbox.moe/r1shcj.webm",
        "LinkMp3": "https://files.catbox.moe/az6v8d.mp3",
        "annId": 20568
    },
    {
        "animeEng": "Ch\u014djik\u016b Romanesque Samy - Missing 99",
        "animeRomaji": "Ch\u014djik\u016b Romanesque Samy - Missing 99",
        "songName": "Kaze ni Dakarete",
        "artist": "Megumi Shiina",
        "type": "Ending 1",
        "correctCount": 2,
        "startTime": 84,
        "songDuration": 216.048,
        "songNumber": 47,
        "activePlayerCount": 117,
        "LinkVideo": "https://files.catbox.moe/u26lzv.webm",
        "LinkMp3": "https://files.catbox.moe/m67jlz.mp3",
        "annId": 11086,
        "correctPlayers": [
            "Hooman",
            "Catisam"
        ]
    },
    {
        "animeEng": "WWW.WAGNARIA!!",
        "animeRomaji": "WWW.WORKING!!",
        "songName": "Eyecatch! Too much!",
        "artist": "Haruka Tomatsu, Y\u014dko Hikasa, Sora Amamiya",
        "type": "Opening 1",
        "correctCount": 44,
        "startTime": 50,
        "songDuration": 89.016,
        "songNumber": 48,
        "activePlayerCount": 117,
        "LinkVideo": "https://files.catbox.moe/6tqgqb.webm",
        "LinkMp3": "https://files.catbox.moe/scg64t.mp3",
        "annId": 18412
    },
    {
        "animeEng": "Skull-face Bookseller Honda-san",
        "animeRomaji": "Gaikotsu Shotenin Honda-san",
        "songName": "ISBN ~Inner Sound & Book's Narrative~",
        "artist": "TECHNOBOYS PULCRAFT GREEN-FUND feat. Souma Saitou",
        "type": "Opening 1",
        "correctCount": 44,
        "startTime": 10,
        "songDuration": 58.800622,
        "songNumber": 49,
        "activePlayerCount": 117,
        "LinkVideo": "https://files.catbox.moe/7wlrjk.webm",
        "LinkMp3": "https://files.catbox.moe/04w6j4.mp3",
        "annId": 21115
    },
    {
        "animeEng": "Maison Ikkoku",
        "animeRomaji": "Maison Ikkoku",
        "songName": "Suki sa",
        "artist": "Anzen Chitai",
        "type": "Opening 3",
        "correctCount": 16,
        "startTime": 45,
        "songDuration": 88.368,
        "songNumber": 50,
        "activePlayerCount": 116,
        "LinkVideo": "https://files.catbox.moe/65qs2x.webm",
        "LinkMp3": "https://files.catbox.moe/g0edqn.mp3",
        "annId": 376
    },
    {
        "animeEng": "Basilisk: The K\u014dga Ninja Scrolls",
        "animeRomaji": "Basilisk",
        "songName": "K\u014dga Ninp\u014dch\u014d",
        "artist": "Onmy\u014d-Za",
        "type": "Opening 1",
        "correctCount": 30,
        "startTime": 20,
        "songDuration": 89.064,
        "songNumber": 51,
        "activePlayerCount": 117,
        "LinkVideo": "https://files.catbox.moe/3uqhp1.webm",
        "LinkMp3": "https://files.catbox.moe/lxal5f.mp3",
        "annId": 4318
    },
    {
        "animeEng": "Generation of Chaos Next: Chikai no Pendant",
        "animeRomaji": "Generation of Chaos Next: Chikai no Pendant",
        "songName": "LOVE&HISTORY",
        "artist": "Nana Mizuki",
        "type": "Opening 1",
        "correctCount": 15,
        "startTime": 44,
        "songDuration": 87.024,
        "songNumber": 52,
        "activePlayerCount": 117,
        "LinkVideo": "https://files.catbox.moe/zr2oko.webm",
        "LinkMp3": "https://files.catbox.moe/sk0qi5.mp3",
        "annId": 5722
    },
    {
        "animeEng": "Code: Realize ~Guardian Of Rebirth~",
        "animeRomaji": "Code:Realize: S\u014dsei no Himegimi",
        "songName": "twinkle",
        "artist": "Saori Hayami",
        "type": "Ending 1",
        "correctCount": 16,
        "startTime": 30,
        "songDuration": 87.216,
        "songNumber": 53,
        "activePlayerCount": 117,
        "LinkVideo": "https://files.catbox.moe/zxuovm.webm",
        "LinkMp3": "https://files.catbox.moe/vehb9q.mp3",
        "annId": 19464
    },
    {
        "animeEng": "The Vision of Escaflowne",
        "animeRomaji": "Tenk\u016b no Escaflowne",
        "songName": "Perfect World",
        "artist": "Masayoshi Furukawa",
        "type": "Insert Song",
        "correctCount": 6,
        "startTime": 36,
        "songDuration": 167.468142,
        "songNumber": 54,
        "activePlayerCount": 116,
        "LinkVideo": "https://files.catbox.moe/ifo2ba.webm",
        "LinkMp3": "https://files.catbox.moe/6swo2o.mp3",
        "annId": 240
    },
    {
        "animeEng": "The World God Only Knows Season Two",
        "animeRomaji": "Kami Nomi zo Shiru Sekai II",
        "songName": "A Whole New World God Only Knows",
        "artist": "Oratorio The World God Only Knows",
        "type": "Opening 1",
        "correctCount": 68,
        "startTime": 7,
        "songDuration": 87.672,
        "songNumber": 55,
        "activePlayerCount": 115,
        "LinkVideo": "https://files.catbox.moe/3yru4k.webm",
        "LinkMp3": "https://files.catbox.moe/bge6gt.mp3",
        "annId": 12375
    },
    {
        "animeEng": "Sky Wizards Academy",
        "animeRomaji": "K\u016bsen Mad\u014dshi K\u014dhosei no Ky\u014dkan",
        "songName": "Hallelujah",
        "artist": "la la larks",
        "type": "Ending 1",
        "correctCount": 14,
        "startTime": 24,
        "songDuration": 83.016,
        "songNumber": 56,
        "activePlayerCount": 113,
        "LinkVideo": "https://files.catbox.moe/1ni5r7.webm",
        "LinkMp3": "https://files.catbox.moe/jjxp6w.mp3",
        "annId": 16515
    },
    {
        "animeEng": "Ame-iro Cocoa Series Ame-con!!",
        "animeRomaji": "Ame-con!!",
        "songName": "Rainy cocoa",
        "artist": "Hiro Shimono",
        "type": "Ending 1",
        "correctCount": 82,
        "startTime": 0,
        "songDuration": 29.4,
        "songNumber": 57,
        "activePlayerCount": 113,
        "LinkVideo": "https://files.catbox.moe/ns105q.webm",
        "LinkMp3": "https://files.catbox.moe/b7tjt0.mp3",
        "annId": 20054
    },
    {
        "animeEng": "Twin Star Exorcists",
        "animeRomaji": "S\u014dsei no Onmy\u014dji",
        "songName": "Gekioko\u2606Guilty",
        "artist": "Y\u016bki Wakai",
        "type": "Insert Song",
        "correctCount": 12,
        "startTime": 15,
        "songDuration": 58.944,
        "songNumber": 58,
        "activePlayerCount": 114,
        "LinkVideo": "https://files.catbox.moe/1gxd13.webm",
        "LinkMp3": "https://files.catbox.moe/59gu6e.mp3",
        "annId": 17890
    },
    {
        "animeEng": "Macross 7",
        "animeRomaji": "Macross 7",
        "songName": "...Dakedo Baby!!",
        "artist": "Chie Kajiura",
        "type": "Ending 2",
        "correctCount": 7,
        "startTime": 33,
        "songDuration": 83.496,
        "songNumber": 59,
        "activePlayerCount": 114,
        "LinkVideo": "https://files.catbox.moe/h45qum.webm",
        "LinkMp3": "https://files.catbox.moe/r9cl2e.mp3",
        "annId": 940
    },
    {
        "animeEng": "Banana Fish",
        "animeRomaji": "Banana Fish",
        "songName": "found & lost",
        "artist": "Survive Said The Prophet",
        "type": "Opening 1",
        "correctCount": 44,
        "startTime": 29,
        "songDuration": 87.90053,
        "songNumber": 60,
        "activePlayerCount": 114,
        "LinkVideo": "https://files.catbox.moe/wuxr36.webm",
        "LinkMp3": "https://files.catbox.moe/5iikl2.mp3",
        "annId": 20197
    },
    {
        "animeEng": "Sugar Bunnies",
        "animeRomaji": "Sugar Bunnies",
        "songName": "Youkoso Bunnies Field e",
        "artist": "Hitomi Yoshida",
        "type": "Ending 1",
        "correctCount": 3,
        "startTime": 49,
        "songDuration": 89.064,
        "songNumber": 61,
        "activePlayerCount": 114,
        "LinkVideo": "https://files.catbox.moe/8pf572.webm",
        "LinkMp3": "https://files.catbox.moe/7abbgc.mp3",
        "annId": 9127,
        "correctPlayers": [
            "MahiruKasumi",
            "gaaw",
            "Runner"
        ]
    },
    {
        "animeEng": "Donten ni Warau Gaiden: Ketsubetsu, Yamainu no Chikai",
        "animeRomaji": "Donten ni Warau Gaiden: Ketsubetsu, Yamainu no Chikai",
        "songName": "YAMAINU",
        "artist": "John Fox",
        "type": "Insert Song",
        "correctCount": 6,
        "startTime": 73,
        "songDuration": 116.136,
        "songNumber": 62,
        "activePlayerCount": 109,
        "LinkVideo": "https://files.catbox.moe/tog6pw.webm",
        "LinkMp3": "https://files.catbox.moe/flt016.mp3",
        "annId": 19805
    },
    {
        "animeEng": "In Another World With My Smartphone",
        "animeRomaji": "Isekai wa Smartphone to Tomo ni.",
        "songName": "Another World",
        "artist": "A\u014cP",
        "type": "Opening 1",
        "correctCount": 59,
        "startTime": 47,
        "songDuration": 89.352,
        "songNumber": 63,
        "activePlayerCount": 109,
        "LinkVideo": "https://files.catbox.moe/y7s9y1.webm",
        "LinkMp3": "https://files.catbox.moe/44j7sd.mp3",
        "annId": 19380
    },
    {
        "animeEng": "Wise Man's Grandchild",
        "animeRomaji": "Kenja no Mago",
        "songName": "Ultimate\u2606MAGIC",
        "artist": "i\u2606Ris",
        "type": "Opening 1",
        "correctCount": 62,
        "startTime": 48,
        "songDuration": 88.2,
        "songNumber": 64,
        "activePlayerCount": 112,
        "LinkVideo": "https://files.catbox.moe/2mi9bb.webm",
        "LinkMp3": "https://files.catbox.moe/nyxin2.mp3",
        "annId": 21419
    },
    {
        "animeEng": "Ky\u014d kara Ma\u014d! 3rd Series",
        "animeRomaji": "Ky\u014d kara Ma\u014d! 3rd Series",
        "songName": "Taisetsu na Mono",
        "artist": "Jungo Yoshida",
        "type": "Insert Song",
        "correctCount": 1,
        "startTime": 27,
        "songDuration": 130.44,
        "songNumber": 65,
        "activePlayerCount": 112,
        "LinkVideo": "https://files.catbox.moe/l2wjd5.webm",
        "LinkMp3": "https://files.catbox.moe/dghmun.mp3",
        "annId": 10056,
        "correctPlayers": [
            "Shuuka"
        ]
    },
    {
        "animeEng": "UraShimaSakataSen no Nichij\u014d",
        "animeRomaji": "UraShimaSakataSen no Nichij\u014d",
        "songName": "Calender Reminder",
        "artist": "UraShimaSakataSen",
        "type": "Opening 1",
        "correctCount": 27,
        "startTime": 16,
        "songDuration": 58.368,
        "songNumber": 66,
        "activePlayerCount": 112,
        "LinkVideo": "https://files.catbox.moe/e0nk4h.webm",
        "LinkMp3": "https://files.catbox.moe/a5huy4.mp3",
        "annId": 22386
    },
    {
        "animeEng": "Hinomaru Sumo",
        "animeRomaji": "Hinomaru Zum\u014d",
        "songName": "FIRE GROUND",
        "artist": "Official HIGE DANdism",
        "type": "Opening 1",
        "correctCount": 46,
        "startTime": 17,
        "songDuration": 89.389484,
        "songNumber": 67,
        "activePlayerCount": 112,
        "LinkVideo": "https://files.catbox.moe/575bbg.webm",
        "LinkMp3": "https://files.catbox.moe/57rvu8.mp3",
        "annId": 20760
    },
    {
        "animeEng": "Inazuma Eleven GO",
        "animeRomaji": "Inazuma Eleven GO",
        "songName": "HAJIKE-YO!!",
        "artist": "Sayaka Kitahara",
        "type": "Ending 3",
        "correctCount": 14,
        "startTime": 40,
        "songDuration": 83.903864,
        "songNumber": 68,
        "activePlayerCount": 112,
        "LinkVideo": "https://files.catbox.moe/u5yjmm.webm",
        "LinkMp3": "https://files.catbox.moe/baa7z8.mp3",
        "annId": 12877
    },
    {
        "animeEng": "Harukanaru Toki no Naka de 3: Kurenai no Tsuki",
        "animeRomaji": "Harukanaru Toki no Naka de 3: Kurenai no Tsuki",
        "songName": "Unmei no Tsuki wa Kurenai",
        "artist": "Souichiro Hoshi, Kouki Miyata & Naozumi Takahashi",
        "type": "Opening 1",
        "correctCount": 0,
        "startTime": 24,
        "songDuration": 87.848286,
        "songNumber": 69,
        "activePlayerCount": 112,
        "LinkVideo": "https://files.catbox.moe/b4lws0.webm",
        "LinkMp3": "https://files.catbox.moe/6tgbnz.mp3",
        "annId": 8724
    },
    {
        "animeEng": "Shakugan no Shana Movie",
        "animeRomaji": "Shakugan no Shana Movie",
        "songName": "Tenj\u014d o Kakeru Mono-tachi",
        "artist": "Love Planet Five ~I've special unit~",
        "type": "Ending 1",
        "correctCount": 24,
        "startTime": 235,
        "songDuration": 278.064,
        "songNumber": 70,
        "activePlayerCount": 113,
        "LinkVideo": "https://files.catbox.moe/kocc9x.webm",
        "LinkMp3": "https://files.catbox.moe/h6zmci.mp3",
        "annId": 6428
    },
    {
        "animeEng": "Mai, Magic and Family Day",
        "animeRomaji": "Mai no Mah\u014d to Katei no Hi",
        "songName": "Kirari Kururi",
        "artist": "eufonius",
        "type": "Insert Song",
        "correctCount": 2,
        "startTime": 45,
        "songDuration": 114.0538,
        "songNumber": 71,
        "activePlayerCount": 113,
        "LinkVideo": "https://files.catbox.moe/n60rzi.webm",
        "LinkMp3": "https://files.catbox.moe/chwuxf.mp3",
        "annId": 12164,
        "correctPlayers": [
            "IzumiSakai",
            "Hooman"
        ]
    },
    {
        "animeEng": "Pretear",
        "animeRomaji": "Shin Shirayuki Hime Densetsu Pretear",
        "songName": "Looking through you",
        "artist": "Makoto Naruse",
        "type": "Insert Song",
        "correctCount": 4,
        "startTime": 10,
        "songDuration": 48.264,
        "songNumber": 72,
        "activePlayerCount": 113,
        "LinkVideo": "https://files.catbox.moe/svuk40.webm",
        "LinkMp3": "https://files.catbox.moe/e1vijy.mp3",
        "annId": 905,
        "correctPlayers": [
            "IzumiSakai",
            "Shuuka",
            "Deafness",
            "Runner"
        ]
    },
    {
        "animeEng": "Noragami",
        "animeRomaji": "Noragami",
        "songName": "Goya no Machiawase",
        "artist": "Hello Sleepwalkers",
        "type": "Opening 1",
        "correctCount": 99,
        "startTime": 52,
        "songDuration": 89.568,
        "songNumber": 73,
        "activePlayerCount": 113,
        "LinkVideo": "https://files.catbox.moe/cnduhh.webm",
        "LinkMp3": "https://files.catbox.moe/4xappz.mp3",
        "annId": 15837
    },
    {
        "animeEng": "A Certain Scientific Railgun S",
        "animeRomaji": "Toaru Kagaku no Railgun S",
        "songName": "eternal reality",
        "artist": "fripSide",
        "type": "Insert Song",
        "correctCount": 85,
        "startTime": 93,
        "songDuration": 181.872,
        "songNumber": 74,
        "activePlayerCount": 113,
        "LinkVideo": "https://files.catbox.moe/z104ix.webm",
        "LinkMp3": "https://files.catbox.moe/uc6rem.mp3",
        "annId": 14853
    },
    {
        "animeEng": "Goal Field Hunter",
        "animeRomaji": "Goal FH",
        "songName": "Sunrise Itsuka wa",
        "artist": "Dog Fight",
        "type": "Opening 1",
        "correctCount": 8,
        "startTime": 0,
        "songDuration": 56.057812,
        "songNumber": 75,
        "activePlayerCount": 111,
        "LinkVideo": "https://files.catbox.moe/hnt95v.webm",
        "LinkMp3": "https://files.catbox.moe/s5kn4q.mp3",
        "annId": 1771
    }
]