[
    {
        "animeEng": "A Certain Scientific Railgun T",
        "animeRomaji": "Toaru Kagaku no Railgun T",
        "songName": "final phase",
        "artist": "fripSide",
        "type": "Opening 1",
        "correctCount": 73,
        "startTime": 30,
        "songDuration": 88.944,
        "songNumber": 1,
        "activePlayerCount": 226,
        "LinkVideo": "https://files.catbox.moe/4acjy1.webm",
        "LinkMp3": "https://files.catbox.moe/h5qmqc.mp3",
        "annId": 21484
    },
    {
        "animeEng": "Miracle\u2606Girls",
        "animeRomaji": "Miracle\u2606Girls",
        "songName": "Futari ja Nakya Dame nano",
        "artist": "Dio",
        "type": "Ending 1",
        "correctCount": 0,
        "startTime": 33,
        "songDuration": 94.776,
        "songNumber": 2,
        "activePlayerCount": 223,
        "LinkVideo": "https://files.catbox.moe/xjievj.webm",
        "LinkMp3": "https://files.catbox.moe/z90ytg.mp3",
        "annId": 808
    },
    {
        "animeEng": "Pok\u00e9mon the Series: XYZ",
        "animeRomaji": "Pok\u00e9mon XY&Z",
        "songName": "XY&Z",
        "artist": "Rica Matsumoto",
        "type": "Opening 1",
        "correctCount": 107,
        "startTime": 21,
        "songDuration": 87.169114,
        "songNumber": 3,
        "activePlayerCount": 221,
        "LinkVideo": "https://files.catbox.moe/4cytu2.webm",
        "LinkMp3": "https://files.catbox.moe/a5szzh.mp3",
        "annId": 17650
    },
    {
        "animeEng": "Starzinger",
        "animeRomaji": "Science Fiction Saiyuki Starzinger",
        "songName": "Hoshi ni Negai o",
        "artist": "Mitsuko Horie",
        "type": "Ending 1",
        "correctCount": 5,
        "startTime": 39,
        "songDuration": 84.84,
        "songNumber": 4,
        "activePlayerCount": 220,
        "LinkVideo": "https://files.catbox.moe/7x5gml.webm",
        "LinkMp3": "https://files.catbox.moe/2dmgh7.mp3",
        "annId": 3629,
        "correctPlayers": [
            "KamiNoChikara",
            "Hooman",
            "Venti",
            "Rukawa11",
            "ozsauce"
        ]
    },
    {
        "animeEng": "AKB0048 next stage",
        "animeRomaji": "AKB0048 Second Stage",
        "songName": "Pioneer",
        "artist": "AKB48",
        "type": "Insert Song",
        "correctCount": 74,
        "startTime": 48,
        "songDuration": 174.672,
        "songNumber": 5,
        "activePlayerCount": 221,
        "LinkVideo": "https://files.catbox.moe/cuo0wn.webm",
        "LinkMp3": "https://files.catbox.moe/muzame.mp3",
        "annId": 14873
    },
    {
        "animeEng": "Di Gi Charat Summer Special",
        "animeRomaji": "Di Gi Charat Summer Special",
        "songName": "Powerful Summer",
        "artist": "Asami Sanada, Miyuki Sawashiro, Kyoko Hikami",
        "type": "Ending 1",
        "correctCount": 12,
        "startTime": 21,
        "songDuration": 91.08,
        "songNumber": 6,
        "activePlayerCount": 220,
        "LinkVideo": "https://files.catbox.moe/4bg688.webm",
        "LinkMp3": "https://files.catbox.moe/pkj3h9.mp3",
        "annId": 2932
    },
    {
        "animeEng": "Kimikiss pure rouge",
        "animeRomaji": "Kimikiss pure rouge",
        "songName": "Aozora loop",
        "artist": "marble",
        "type": "Opening 1",
        "correctCount": 27,
        "startTime": 47,
        "songDuration": 89.112,
        "songNumber": 7,
        "activePlayerCount": 219,
        "LinkVideo": "https://files.catbox.moe/ppderv.webm",
        "LinkMp3": "https://files.catbox.moe/kzs882.mp3",
        "annId": 8210
    },
    {
        "animeEng": "Bludgeoning Angel Dokuro-chan",
        "animeRomaji": "Bokusatsu Tenshi Dokuro-chan",
        "songName": "Bokusatsu Tenshi Dokuro-chan",
        "artist": "Saeko Chiba",
        "type": "Opening 1",
        "correctCount": 96,
        "startTime": 10,
        "songDuration": 89.712,
        "songNumber": 8,
        "activePlayerCount": 220,
        "LinkVideo": "https://files.catbox.moe/9rjm94.webm",
        "LinkMp3": "https://files.catbox.moe/fuy28e.mp3",
        "annId": 5094
    },
    {
        "animeEng": "Recorder and Randsell Re\u266a",
        "animeRomaji": "Recorder to Randoseru Re\u266a",
        "songName": "Stare",
        "artist": "Paprika G",
        "type": "Ending 2",
        "correctCount": 2,
        "startTime": 0,
        "songDuration": 29.52,
        "songNumber": 9,
        "activePlayerCount": 220,
        "LinkVideo": "https://files.catbox.moe/6tb2ne.webm",
        "LinkMp3": "https://files.catbox.moe/tl5yuf.mp3",
        "annId": 14490,
        "correctPlayers": [
            "watashiii",
            "klusty"
        ]
    },
    {
        "animeEng": "Tesagure! Bukatsu-mono: Spin-off Puru Purun Sharumu to Asob\u014d",
        "animeRomaji": "Tesagure! Bukatsu-mono: Spin-off Puru Purun Sharumu to Asob\u014d",
        "songName": "Momonari K\u014dk\u014d K\u014dka",
        "artist": "Asuka Nishi, Satomi Akesaka, Karin Ogino, Ayaka Ohashi",
        "type": "Ending 2",
        "correctCount": 1,
        "startTime": 0,
        "songDuration": 67.872,
        "songNumber": 10,
        "activePlayerCount": 220,
        "LinkVideo": "https://files.catbox.moe/fzgcm3.webm",
        "LinkMp3": "https://files.catbox.moe/6d0afs.mp3",
        "annId": 16637,
        "correctPlayers": [
            "ozsauce"
        ]
    },
    {
        "animeEng": "Drifters",
        "animeRomaji": "Drifters",
        "songName": "Gospel of the Throttle (Kyouhon REMIX ver.)",
        "artist": "Minutes Til Midnight",
        "type": "Opening 1",
        "correctCount": 170,
        "startTime": 33,
        "songDuration": 90.024,
        "songNumber": 11,
        "activePlayerCount": 219,
        "LinkVideo": "https://files.catbox.moe/ge98d6.webm",
        "LinkMp3": "https://files.catbox.moe/rghtcc.mp3",
        "annId": 23664
    },
    {
        "animeEng": "Kyoro-chan",
        "animeRomaji": "Kyoro-chan",
        "songName": "Kyoro-chan deshu",
        "artist": "Chacha",
        "type": "Opening 2",
        "correctCount": 6,
        "startTime": 39,
        "songDuration": 95.946106,
        "songNumber": 12,
        "activePlayerCount": 219,
        "LinkVideo": "https://files.catbox.moe/wodta4.webm",
        "LinkMp3": "https://files.catbox.moe/q6pdg8.mp3",
        "annId": 1739
    },
    {
        "animeEng": "Fullmetal Alchemist",
        "animeRomaji": "Hagane no Renkinjutsushi",
        "songName": "Undo",
        "artist": "COOL JOKE",
        "type": "Opening 3",
        "correctCount": 90,
        "startTime": 14,
        "songDuration": 89.52,
        "songNumber": 13,
        "activePlayerCount": 220,
        "LinkVideo": "https://files.catbox.moe/3p6nw2.webm",
        "LinkMp3": "https://files.catbox.moe/wfycxz.mp3",
        "annId": 2960
    },
    {
        "animeEng": "Berserk: The Golden Age Arc III - The Advent",
        "animeRomaji": "Berserk \u014cgon Jidai-Hen III: K\u014drin",
        "songName": "Aria",
        "artist": "Susumu Hirasawa",
        "type": "Opening 1",
        "correctCount": 146,
        "startTime": 47,
        "songDuration": 91.752,
        "songNumber": 14,
        "activePlayerCount": 220,
        "LinkVideo": "https://files.catbox.moe/x6cz5b.webm",
        "LinkMp3": "https://files.catbox.moe/00tgk2.mp3",
        "annId": 13800
    },
    {
        "animeEng": "Alakazam the Great",
        "animeRomaji": "Saiy\u016bki",
        "songName": "Ore wa Songoku",
        "artist": "Akiko Santou",
        "type": "Opening 1",
        "correctCount": 44,
        "startTime": 26,
        "songDuration": 77.688,
        "songNumber": 15,
        "activePlayerCount": 220,
        "LinkVideo": "https://files.catbox.moe/9nuw5c.webm",
        "LinkMp3": "https://files.catbox.moe/9mg84z.mp3",
        "annId": 631
    },
    {
        "animeEng": "Hundred",
        "animeRomaji": "Hundred",
        "songName": "Hold me Bite me",
        "artist": "Mayu Yoshioka",
        "type": "Insert Song",
        "correctCount": 22,
        "startTime": 0,
        "songDuration": 21.106576,
        "songNumber": 16,
        "activePlayerCount": 219,
        "LinkVideo": "https://files.catbox.moe/aawf5l.webm",
        "LinkMp3": "https://files.catbox.moe/97vg18.mp3",
        "annId": 17063
    },
    {
        "animeEng": "Marvel Disk Wars: The Avengers",
        "animeRomaji": "Marvel Disk Wars: The Avengers",
        "songName": "Tsuki Yabureru -Time to SMASH!",
        "artist": "T.M.Revolution",
        "type": "Opening 1",
        "correctCount": 17,
        "startTime": 6,
        "songDuration": 58.565524,
        "songNumber": 17,
        "activePlayerCount": 220,
        "LinkVideo": "https://files.catbox.moe/272qif.webm",
        "LinkMp3": "https://files.catbox.moe/v14mc9.mp3",
        "annId": 15811
    },
    {
        "animeEng": "Amon - Apocalypse of Devilman",
        "animeRomaji": "Amon - Devilman Mokushiroku",
        "songName": "Me no Mae no Tsuzuki",
        "artist": "Mangahead",
        "type": "Ending 1",
        "correctCount": 1,
        "startTime": 41,
        "songDuration": 249.048,
        "songNumber": 18,
        "activePlayerCount": 220,
        "LinkVideo": "https://files.catbox.moe/owxhkq.webm",
        "LinkMp3": "https://files.catbox.moe/9x61fb.mp3",
        "annId": 3769,
        "correctPlayers": [
            "watashiii"
        ]
    },
    {
        "animeEng": "KONOSUBA -God\u2019s blessing on this wonderful world!- Legend of Crimson",
        "animeRomaji": "Kono Subarashii Sekai ni Shukufuku o!: Kurenai Densetsu",
        "songName": "1 Milli Symphony",
        "artist": "Machico",
        "type": "Ending 2",
        "correctCount": 92,
        "startTime": 25,
        "songDuration": 90.168,
        "songNumber": 19,
        "activePlayerCount": 220,
        "LinkVideo": "https://files.catbox.moe/vp3jck.webm",
        "LinkMp3": "https://files.catbox.moe/e7ivv2.mp3",
        "annId": 21138
    },
    {
        "animeEng": "Seraph of the End: Vampire Reign",
        "animeRomaji": "Owari no Seraph",
        "songName": "Orarion",
        "artist": "Nagi Yanagi",
        "type": "Ending 1",
        "correctCount": 66,
        "startTime": 29,
        "songDuration": 89.568,
        "songNumber": 20,
        "activePlayerCount": 220,
        "LinkVideo": "https://files.catbox.moe/d671od.webm",
        "LinkMp3": "https://files.catbox.moe/b1s3qa.mp3",
        "annId": 17481
    },
    {
        "animeEng": "Angel's 3Piece!",
        "animeRomaji": "Tenshi no 3P!",
        "songName": "Taisetsu ga Kikoeru (Vocal Soft Piano Arrange)",
        "artist": "Yui Ogura",
        "type": "Insert Song",
        "correctCount": 11,
        "startTime": 1,
        "songDuration": 37.776,
        "songNumber": 21,
        "activePlayerCount": 219,
        "LinkVideo": "https://files.catbox.moe/5qc9da.webm",
        "LinkMp3": "https://files.catbox.moe/0zsyst.mp3",
        "annId": 18908
    },
    {
        "animeEng": "Teeky\u016b",
        "animeRomaji": "Teeky\u016b",
        "songName": "Tsuppari-kun vs. Sekitori-man",
        "artist": "Yui Watanabe, Suzuko Mimori, Ky\u014dko Narumi, Kana Hanazawa",
        "type": "Opening 1",
        "correctCount": 144,
        "startTime": 0,
        "songDuration": 30.118666,
        "songNumber": 22,
        "activePlayerCount": 219,
        "LinkVideo": "https://files.catbox.moe/rq6tgp.webm",
        "LinkMp3": "https://files.catbox.moe/zu1d5j.mp3",
        "annId": 17896
    },
    {
        "animeEng": "Nyaruko: Crawling with Love!",
        "animeRomaji": "Haiyore! Nyaruko-san",
        "songName": "Taiyou Iwaku Moeyo Chaos",
        "artist": "Ushiro kara Haiyori-tai G",
        "type": "Opening 1",
        "correctCount": 129,
        "startTime": 35,
        "songDuration": 89.88,
        "songNumber": 23,
        "activePlayerCount": 219,
        "LinkVideo": "https://files.catbox.moe/ps5txz.webm",
        "LinkMp3": "https://files.catbox.moe/8xbtfh.mp3",
        "annId": 13719
    },
    {
        "animeEng": "Comic Girls",
        "animeRomaji": "Comic Girls",
        "songName": "Memories",
        "artist": "Comic Girls",
        "type": "Opening 1",
        "correctCount": 56,
        "startTime": 15,
        "songDuration": 87.822164,
        "songNumber": 24,
        "activePlayerCount": 218,
        "LinkVideo": "https://files.catbox.moe/mvqgoy.webm",
        "LinkMp3": "https://files.catbox.moe/4ye573.mp3",
        "annId": 20048
    },
    {
        "animeEng": "Guilty Crown",
        "animeRomaji": "Guilty Crown",
        "songName": "Departures~Blessing~",
        "artist": "EGOIST",
        "type": "Insert Song",
        "correctCount": 105,
        "startTime": 65,
        "songDuration": 121.416,
        "songNumber": 25,
        "activePlayerCount": 219,
        "LinkVideo": "https://files.catbox.moe/kr791m.webm",
        "LinkMp3": "https://files.catbox.moe/j4cpwl.mp3",
        "annId": 13001
    },
    {
        "animeEng": "Clannad After Story",
        "animeRomaji": "Clannad After Story",
        "songName": "Chiisana Tenohira",
        "artist": "riya",
        "type": "Insert Song",
        "correctCount": 38,
        "startTime": 34,
        "songDuration": 276.936,
        "songNumber": 26,
        "activePlayerCount": 219,
        "LinkVideo": "https://files.catbox.moe/nft2jx.webm",
        "LinkMp3": "https://files.catbox.moe/p2rie0.mp3",
        "annId": 9701
    },
    {
        "animeEng": "Gokiburi-chan",
        "animeRomaji": "Gokiburi-chan",
        "songName": "Kiss Kiss Kiss no Arashi.",
        "artist": "Chu!\u2606Lips",
        "type": "Opening 1",
        "correctCount": 4,
        "startTime": 23,
        "songDuration": 116.352,
        "songNumber": 27,
        "activePlayerCount": 219,
        "LinkVideo": "https://files.catbox.moe/c05kdu.webm",
        "LinkMp3": "https://files.catbox.moe/0iswsd.mp3",
        "annId": 11522,
        "correctPlayers": [
            "watashiii",
            "Rukawa11",
            "ozsauce",
            "aryagamis"
        ]
    },
    {
        "animeEng": "Hello Spank!",
        "animeRomaji": "Ohay\u014d! Spank",
        "songName": "Ohay\u014d! Spank",
        "artist": "Nozomu Inoue",
        "type": "Opening 1",
        "correctCount": 158,
        "startTime": 39,
        "songDuration": 76.176,
        "songNumber": 28,
        "activePlayerCount": 218,
        "LinkVideo": "https://files.catbox.moe/bggqgp.webm",
        "LinkMp3": "https://files.catbox.moe/xz6qkt.mp3",
        "annId": 1418
    },
    {
        "animeEng": "Abnormal Physiology Seminar",
        "animeRomaji": "Hen Semi",
        "songName": "Mania e Kirakira",
        "artist": "Kana Hanazawa",
        "type": "Opening 1",
        "correctCount": 13,
        "startTime": 54,
        "songDuration": 87.912,
        "songNumber": 29,
        "activePlayerCount": 219,
        "LinkVideo": "https://files.catbox.moe/39noe5.webm",
        "LinkMp3": "https://files.catbox.moe/jh8evu.mp3",
        "annId": 11370
    },
    {
        "animeEng": "Taro the Space Alien",
        "animeRomaji": "Uchuujin Tanaka Taro",
        "songName": "Tanaka Taro no Uta",
        "artist": "Gutch Yuzo",
        "type": "Ending 1",
        "correctCount": 45,
        "startTime": 0,
        "songDuration": 29.712,
        "songNumber": 30,
        "activePlayerCount": 218,
        "LinkVideo": "https://files.catbox.moe/5yk6ir.webm",
        "LinkMp3": "https://files.catbox.moe/5y8381.mp3",
        "annId": 4073
    },
    {
        "animeEng": "Mononoke",
        "animeRomaji": "Mononoke",
        "songName": "Natsu no Hana",
        "artist": "JUJU",
        "type": "Ending 1",
        "correctCount": 26,
        "startTime": 16,
        "songDuration": 78.048,
        "songNumber": 31,
        "activePlayerCount": 217,
        "LinkVideo": "https://files.catbox.moe/puin7c.webm",
        "LinkMp3": "https://files.catbox.moe/ul2crp.mp3",
        "annId": 7890
    },
    {
        "animeEng": "UzaMaid!",
        "animeRomaji": "Uchi no Maid ga Uzasugiru!",
        "songName": "Tokimeki\u2606Climax",
        "artist": "Manami Numakura & Haruka Shiraishi",
        "type": "Ending 1",
        "correctCount": 37,
        "startTime": 22,
        "songDuration": 89.99029,
        "songNumber": 32,
        "activePlayerCount": 218,
        "LinkVideo": "https://files.catbox.moe/dvbanz.webm",
        "LinkMp3": "https://files.catbox.moe/khgapn.mp3",
        "annId": 20845
    },
    {
        "animeEng": "Monarch: The Big Bear of Tallac",
        "animeRomaji": "Seton Doubutsuki: Kuma no Ko Jacky",
        "songName": "Oki na Kuma ni Nattara",
        "artist": "Kumiko \u014csugi",
        "type": "Opening 1",
        "correctCount": 15,
        "startTime": 23,
        "songDuration": 80.448,
        "songNumber": 33,
        "activePlayerCount": 217,
        "LinkVideo": "https://files.catbox.moe/dblh5x.webm",
        "LinkMp3": "https://files.catbox.moe/my9a9j.mp3",
        "annId": 1944
    },
    {
        "animeEng": "Comic Party Revolution",
        "animeRomaji": "Comic Party Revolution",
        "songName": "Issho ni Kuras\u014d",
        "artist": "Emi Motoda",
        "type": "Ending 1",
        "correctCount": 4,
        "startTime": 52,
        "songDuration": 111.070744,
        "songNumber": 34,
        "activePlayerCount": 217,
        "LinkVideo": "https://files.catbox.moe/e5pj3s.webm",
        "LinkMp3": "https://files.catbox.moe/0cljp5.mp3",
        "annId": 2998,
        "correctPlayers": [
            "watashiii",
            "KamiNoChikara",
            "Venti",
            "ozsauce"
        ]
    },
    {
        "animeEng": "Pilot Candidate",
        "animeRomaji": "Megami K\u014dhosei",
        "songName": "Kagayaki",
        "artist": "Kohei Koizumi",
        "type": "Ending 2",
        "correctCount": 2,
        "startTime": 38,
        "songDuration": 125.064,
        "songNumber": 35,
        "activePlayerCount": 217,
        "LinkVideo": "https://files.catbox.moe/gqt7ku.webm",
        "LinkMp3": "https://files.catbox.moe/lljoet.mp3",
        "annId": 194,
        "correctPlayers": [
            "watashiii",
            "klusty"
        ]
    },
    {
        "animeEng": "Eiga Kirakira\u2606Precure A La Mode: Paris to! Omoide no Mille-Feuille!",
        "animeRomaji": "Eiga Kirakira\u2606Precure A La Mode: Paris to! Omoide no Mille-Feuille!",
        "songName": "Tres Bien-semble!!",
        "artist": "Kanako Miyamoto",
        "type": "Ending 1",
        "correctCount": 21,
        "startTime": 91,
        "songDuration": 150.648,
        "songNumber": 36,
        "activePlayerCount": 218,
        "LinkVideo": "https://files.catbox.moe/3h59jq.webm",
        "LinkMp3": "https://files.catbox.moe/5hqnm5.mp3",
        "annId": 19883
    },
    {
        "animeEng": "Ergo Proxy",
        "animeRomaji": "Ergo Proxy",
        "songName": "PARANOID ANDROID",
        "artist": "RADIOHEAD",
        "type": "Ending 1",
        "correctCount": 89,
        "startTime": 42,
        "songDuration": 88.728,
        "songNumber": 37,
        "activePlayerCount": 218,
        "LinkVideo": "https://files.catbox.moe/ne6kma.webm",
        "LinkMp3": "https://files.catbox.moe/630sa3.mp3",
        "annId": 5115
    },
    {
        "animeEng": "Eiga Smile Precure: Ehon no Naka wa Minna Chiguhagu!",
        "animeRomaji": "Eiga Smile Precure: Ehon no Naka wa Minna Chiguhagu!",
        "songName": "Let's go! Smile Precure!",
        "artist": "Aya Ikeda",
        "type": "Opening 1",
        "correctCount": 165,
        "startTime": 45,
        "songDuration": 83.544,
        "songNumber": 38,
        "activePlayerCount": 216,
        "LinkVideo": "https://files.catbox.moe/f6wxc0.webm",
        "LinkMp3": "https://files.catbox.moe/cazq55.mp3",
        "annId": 14431
    },
    {
        "animeEng": "New Game!",
        "animeRomaji": "New Game!",
        "songName": "Now Loading!!!!",
        "artist": "fourfolium",
        "type": "Ending 1",
        "correctCount": 90,
        "startTime": 9,
        "songDuration": 89.184,
        "songNumber": 39,
        "activePlayerCount": 217,
        "LinkVideo": "https://files.catbox.moe/cyg6b0.webm",
        "LinkMp3": "https://files.catbox.moe/gb3tpb.mp3",
        "annId": 21896
    },
    {
        "animeEng": "Skyers 5",
        "animeRomaji": "Skyers 5",
        "songName": "Skyers 5",
        "artist": "Honey Knights",
        "type": "Opening 1",
        "correctCount": 129,
        "startTime": 2,
        "songDuration": 68.753104,
        "songNumber": 40,
        "activePlayerCount": 216,
        "LinkVideo": "https://files.catbox.moe/krouhs.webm",
        "LinkMp3": "https://files.catbox.moe/9rna0t.mp3",
        "annId": 2370
    },
    {
        "animeEng": "Gintama'",
        "animeRomaji": "Gintama'",
        "songName": "Wonderland",
        "artist": "FLiP",
        "type": "Opening 3",
        "correctCount": 40,
        "startTime": 28,
        "songDuration": 90.096,
        "songNumber": 41,
        "activePlayerCount": 215,
        "LinkVideo": "https://files.catbox.moe/ycskld.webm",
        "LinkMp3": "https://files.catbox.moe/f20vh4.mp3",
        "annId": 12835
    },
    {
        "animeEng": "Pan de Peace!",
        "animeRomaji": "Pan de Peace!",
        "songName": "Seishun wa Tabemono desu",
        "artist": "petit milady",
        "type": "Opening 1",
        "correctCount": 73,
        "startTime": 0,
        "songDuration": 28.944,
        "songNumber": 42,
        "activePlayerCount": 215,
        "LinkVideo": "https://files.catbox.moe/sticfr.webm",
        "LinkMp3": "https://files.catbox.moe/19plv3.mp3",
        "annId": 18002
    },
    {
        "animeEng": "Tesagure! Bukatsu-mono: Spin-off Puru Purun Sharumu to Asob\u014d",
        "animeRomaji": "Tesagure! Bukatsu-mono: Spin-off Puru Purun Sharumu to Asob\u014d",
        "songName": "Green M\u014ds\u014d Monster",
        "artist": "Ayaka Ohashi & Natsumi Takamori",
        "type": "Ending 7",
        "correctCount": 0,
        "startTime": 26,
        "songDuration": 94.728,
        "songNumber": 43,
        "activePlayerCount": 215,
        "LinkVideo": "https://files.catbox.moe/62tbjc.webm",
        "LinkMp3": "https://files.catbox.moe/56ukmy.mp3",
        "annId": 16637
    },
    {
        "animeEng": "Call Me Tonight",
        "animeRomaji": "Call Me Tonight",
        "songName": "My Little Girl",
        "artist": "Hiroyuki Watanabe",
        "type": "Insert Song",
        "correctCount": 4,
        "startTime": 3,
        "songDuration": 80.688,
        "songNumber": 44,
        "activePlayerCount": 213,
        "LinkVideo": "https://files.catbox.moe/0ss7x2.webm",
        "LinkMp3": "https://files.catbox.moe/kiv9hy.mp3",
        "annId": 815,
        "correctPlayers": [
            "AnbuKakashi",
            "Beokros",
            "Sulivane",
            "Thaleko"
        ]
    },
    {
        "animeEng": "22/7 (Nanabun no Nijy\u016bni)",
        "animeRomaji": "22/7",
        "songName": "Muzui",
        "artist": "22/7",
        "type": "Opening 1",
        "correctCount": 84,
        "startTime": 44,
        "songDuration": 90.648,
        "songNumber": 45,
        "activePlayerCount": 213,
        "LinkVideo": "https://files.catbox.moe/f8h4wx.webm",
        "LinkMp3": "https://files.catbox.moe/arrpgj.mp3",
        "annId": 23687
    },
    {
        "animeEng": "Samurai Jam -Bakumatsu Rock-",
        "animeRomaji": "Bakumatsu Rock",
        "songName": "Rolling Thunder (Sakamoto Ryouma ver.)",
        "artist": "Kish\u014d Taniyama",
        "type": "Insert Song",
        "correctCount": 7,
        "startTime": 5,
        "songDuration": 40.933174,
        "songNumber": 46,
        "activePlayerCount": 214,
        "LinkVideo": "https://files.catbox.moe/fm5a2r.webm",
        "LinkMp3": "https://files.catbox.moe/hne6wk.mp3",
        "annId": 15992
    },
    {
        "animeEng": "Manga: Aesop's Tale",
        "animeRomaji": "Manga Aesop Monogatari",
        "songName": "Itazura no Tanemaki",
        "artist": "Shinji Maki, Sakura Kobayashi, Koorogi '73, The Champs",
        "type": "Opening 1",
        "correctCount": 2,
        "startTime": 52,
        "songDuration": 102.552,
        "songNumber": 47,
        "activePlayerCount": 213,
        "LinkVideo": "https://files.catbox.moe/wlgo5s.webm",
        "LinkMp3": "https://files.catbox.moe/ku6lhe.mp3",
        "annId": 3646,
        "correctPlayers": [
            "Shuuka",
            "Hooman"
        ]
    },
    {
        "animeEng": "Araiso Private High School Student Council Executive Committee",
        "animeRomaji": "Shiritsu Araiso Koutougakkou Seitokai Shikkoubu",
        "songName": "Heaven's door",
        "artist": "Toshiyuki Morikawa\u30fbHideo Ishikawa",
        "type": "Opening 1",
        "correctCount": 9,
        "startTime": 18,
        "songDuration": 88.584,
        "songNumber": 48,
        "activePlayerCount": 212,
        "LinkVideo": "https://files.catbox.moe/ck5hnv.webm",
        "LinkMp3": "https://files.catbox.moe/z25pnn.mp3",
        "annId": 1165
    },
    {
        "animeEng": "One Piece Episode of Sorajima",
        "animeRomaji": "One Piece Episode of Sorajima",
        "songName": "Hope",
        "artist": "Namie Amuro",
        "type": "Ending 1",
        "correctCount": 121,
        "startTime": 65,
        "songDuration": 117.731854,
        "songNumber": 49,
        "activePlayerCount": 211,
        "LinkVideo": "https://files.catbox.moe/7n5a0z.webm",
        "LinkMp3": "https://files.catbox.moe/iwgcm7.mp3",
        "annId": 20960
    },
    {
        "animeEng": "The Perfect Insider",
        "animeRomaji": "Subete ga F ni Naru",
        "songName": "Nana Hitsuji",
        "artist": "Scenarioart",
        "type": "Ending 1",
        "correctCount": 44,
        "startTime": 33,
        "songDuration": 88.512,
        "songNumber": 50,
        "activePlayerCount": 211,
        "LinkVideo": "https://files.catbox.moe/6t47bz.webm",
        "LinkMp3": "https://files.catbox.moe/c9yueq.mp3",
        "annId": 16594
    },
    {
        "animeEng": "Midori no Hibi",
        "animeRomaji": "Midori Days",
        "songName": "Hitoshizuku",
        "artist": "Mai Nakahara",
        "type": "Insert Song",
        "correctCount": 1,
        "startTime": 31,
        "songDuration": 66.048,
        "songNumber": 51,
        "activePlayerCount": 210,
        "LinkVideo": "https://files.catbox.moe/c4w9oy.webm",
        "LinkMp3": "https://files.catbox.moe/uxjt3j.mp3",
        "annId": 3592,
        "correctPlayers": [
            "ozsauce"
        ]
    },
    {
        "animeEng": "Natsume's Book of Friends Season 5",
        "animeRomaji": "Natsume Y\u016bjinch\u014d Go",
        "songName": "Takarabako",
        "artist": "sasanomaly",
        "type": "Opening 1",
        "correctCount": 37,
        "startTime": 27,
        "songDuration": 90,
        "songNumber": 52,
        "activePlayerCount": 210,
        "LinkVideo": "https://files.catbox.moe/kwid4g.webm",
        "LinkMp3": "https://files.catbox.moe/1wm5zj.mp3",
        "annId": 18168
    },
    {
        "animeEng": "Skate-Leading Stars",
        "animeRomaji": "Skate-Leading Stars",
        "songName": "JUMP",
        "artist": "Shuugo Nakamura",
        "type": "Ending 1",
        "correctCount": 16,
        "startTime": 13,
        "songDuration": 89.568,
        "songNumber": 53,
        "activePlayerCount": 209,
        "LinkVideo": "https://files.catbox.moe/n3np7t.webm",
        "LinkMp3": "https://files.catbox.moe/v39npm.mp3",
        "annId": 22908
    },
    {
        "animeEng": "Yasuke",
        "animeRomaji": "Yasuke",
        "songName": "Black Gold",
        "artist": "Flying Lotus ft. Thundercat",
        "type": "Opening 1",
        "correctCount": 46,
        "startTime": 37,
        "songDuration": 95.856,
        "songNumber": 54,
        "activePlayerCount": 209,
        "LinkVideo": "https://files.catbox.moe/p84nkv.webm",
        "LinkMp3": "https://files.catbox.moe/sqqehq.mp3",
        "annId": 24121
    },
    {
        "animeEng": "Star Blazers: The Comet Empire",
        "animeRomaji": "Uch\u016b Senkan Yamato 2",
        "songName": "Uch\u016b Senkan Yamato",
        "artist": "Isao Sasaki",
        "type": "Opening 1",
        "correctCount": 158,
        "startTime": 9,
        "songDuration": 71.016,
        "songNumber": 55,
        "activePlayerCount": 209,
        "LinkVideo": "https://files.catbox.moe/zckpfh.webm",
        "LinkMp3": "https://files.catbox.moe/lxfo10.mp3",
        "annId": 1199
    },
    {
        "animeEng": "Hero Mask",
        "animeRomaji": "Hero Mask",
        "songName": "End Credits",
        "artist": "Hisaki Kat\u014d",
        "type": "Ending 1",
        "correctCount": 9,
        "startTime": 32,
        "songDuration": 85.54955,
        "songNumber": 56,
        "activePlayerCount": 210,
        "LinkVideo": "https://files.catbox.moe/ebbkzq.webm",
        "LinkMp3": "https://files.catbox.moe/zhtsh2.mp3",
        "annId": 21551
    },
    {
        "animeEng": "K.O. Beast",
        "animeRomaji": "KO Seiki Beast Sanjushi",
        "songName": "Koi wa B\u30fbO\u30fbM\u30fbB\u30fbE\u30fbR",
        "artist": "Scanch",
        "type": "Opening 2",
        "correctCount": 16,
        "startTime": 44,
        "songDuration": 91.272,
        "songNumber": 57,
        "activePlayerCount": 210,
        "LinkVideo": "https://files.catbox.moe/3e3x8u.webm",
        "LinkMp3": "https://files.catbox.moe/g3rksw.mp3",
        "annId": 884
    },
    {
        "animeEng": "Psycho-Pass Movie",
        "animeRomaji": "Gekij\u014dban Psycho-Pass",
        "songName": "Who What Who What",
        "artist": "Ling Tosite Sigure",
        "type": "Opening 1",
        "correctCount": 56,
        "startTime": 47,
        "songDuration": 90.327563,
        "songNumber": 58,
        "activePlayerCount": 211,
        "LinkVideo": "https://files.catbox.moe/4ecrxv.webm",
        "LinkMp3": "https://files.catbox.moe/ihic5n.mp3",
        "annId": 15670
    },
    {
        "animeEng": "Doraemon",
        "animeRomaji": "Doraemon",
        "songName": "Doraemon no Uta",
        "artist": "AJI",
        "type": "Opening 6",
        "correctCount": 71,
        "startTime": 0,
        "songDuration": 66.245392,
        "songNumber": 59,
        "activePlayerCount": 211,
        "LinkVideo": "https://files.catbox.moe/5sejl4.webm",
        "LinkMp3": "https://files.catbox.moe/73xmjn.mp3",
        "annId": 1318
    },
    {
        "animeEng": "your name.",
        "animeRomaji": "Kimi no Na wa.",
        "songName": "Yume Tourou",
        "artist": "RADWIMPS",
        "type": "Opening 1",
        "correctCount": 186,
        "startTime": 11,
        "songDuration": 91.056,
        "songNumber": 60,
        "activePlayerCount": 211,
        "LinkVideo": "https://files.catbox.moe/r7wzsx.webm",
        "LinkMp3": "https://files.catbox.moe/idgh34.mp3",
        "annId": 18171
    },
    {
        "animeEng": "Hallelujah: Unmei no Sentaku",
        "animeRomaji": "Hallelujah: Unmei no Sentaku",
        "songName": "Missing angel (acoustic ver.)",
        "artist": "Maica_n",
        "type": "Ending 1",
        "correctCount": 1,
        "startTime": 0,
        "songDuration": 185.28,
        "songNumber": 61,
        "activePlayerCount": 211,
        "LinkVideo": "https://files.catbox.moe/7rdzy4.webm",
        "LinkMp3": "https://files.catbox.moe/jbxg6o.mp3",
        "annId": 23720,
        "correctPlayers": [
            "Anaruwaifu"
        ]
    },
    {
        "animeEng": "Wagnaria!!",
        "animeRomaji": "Working!!",
        "songName": "SOMEONE ELSE",
        "artist": "Kana Asumi, Saki Fujita, Eri Kitamura",
        "type": "Opening 1",
        "correctCount": 129,
        "startTime": 6,
        "songDuration": 89.184,
        "songNumber": 62,
        "activePlayerCount": 210,
        "LinkVideo": "https://files.catbox.moe/eqarbk.webm",
        "LinkMp3": "https://files.catbox.moe/y7ghkw.mp3",
        "annId": 11017
    },
    {
        "animeEng": "The Piano Forest",
        "animeRomaji": "Piano no Mori",
        "songName": "Moonshine ~Tsukiakari~",
        "artist": "Nao Matsushita",
        "type": "Ending 1",
        "correctCount": 4,
        "startTime": 89,
        "songDuration": 257.952,
        "songNumber": 63,
        "activePlayerCount": 210,
        "LinkVideo": "https://files.catbox.moe/0f8c8e.webm",
        "LinkMp3": "https://files.catbox.moe/46g1i0.mp3",
        "annId": 7466,
        "correctPlayers": [
            "AnbuKakashi",
            "Haruhi",
            "MKNono",
            "Black_Flame"
        ]
    },
    {
        "animeEng": "Tenchi Muyo! GXP",
        "animeRomaji": "Tenchi Muyo! GXP",
        "songName": "Mayonaka no Taiy\u014d",
        "artist": "Kayoko Kuroda",
        "type": "Opening 1",
        "correctCount": 4,
        "startTime": 21,
        "songDuration": 78.984,
        "songNumber": 64,
        "activePlayerCount": 210,
        "LinkVideo": "https://files.catbox.moe/3r95sk.webm",
        "LinkMp3": "https://files.catbox.moe/8majcy.mp3",
        "annId": 312,
        "correctPlayers": [
            "watashiii",
            "klusty",
            "Dr_Woland",
            "Black_Flame"
        ]
    },
    {
        "animeEng": "Food Wars! Shokugeki no Soma",
        "animeRomaji": "Shokugeki no S\u014dma",
        "songName": "Spice",
        "artist": "Tokyo Karan Koron",
        "type": "Ending 1",
        "correctCount": 127,
        "startTime": 33,
        "songDuration": 89.568,
        "songNumber": 65,
        "activePlayerCount": 210,
        "LinkVideo": "https://files.catbox.moe/roo4h1.webm",
        "LinkMp3": "https://files.catbox.moe/0j2e4l.mp3",
        "annId": 16344
    },
    {
        "animeEng": "Sh\u014djo\u2606Kageki Revue Starlight: Rondo Rondo Rondo",
        "animeRomaji": "Sh\u014djo\u2606Kageki Revue Starlight: Rondo Rondo Rondo",
        "songName": "Starlight",
        "artist": "Momoyo Koyama & Suzuko Mimori",
        "type": "Insert Song",
        "correctCount": 21,
        "startTime": 88,
        "songDuration": 415.656,
        "songNumber": 66,
        "activePlayerCount": 210,
        "LinkVideo": "https://files.catbox.moe/qbcalg.webm",
        "LinkMp3": "https://files.catbox.moe/mkpit2.mp3",
        "annId": 22992
    },
    {
        "animeEng": "Star of the Giants",
        "animeRomaji": "Kyojin no Hoshi",
        "songName": "Yuke Yuke Hyuuma",
        "artist": "Ensemble Bokka",
        "type": "Opening 1",
        "correctCount": 11,
        "startTime": 5,
        "songDuration": 65.136,
        "songNumber": 67,
        "activePlayerCount": 210,
        "LinkVideo": "https://files.catbox.moe/04wf4b.webm",
        "LinkMp3": "https://files.catbox.moe/3dex0b.mp3",
        "annId": 1446
    },
    {
        "animeEng": "Futari wa Pretty Cure Max Heart",
        "animeRomaji": "Futari wa Precure Max Heart",
        "songName": "DANZEN! Futari wa Precure! (Ver.Max Heart)",
        "artist": "Mayumi Goj\u014d",
        "type": "Opening 1",
        "correctCount": 80,
        "startTime": 45,
        "songDuration": 80.064,
        "songNumber": 68,
        "activePlayerCount": 210,
        "LinkVideo": "https://files.catbox.moe/91hcgm.webm",
        "LinkMp3": "https://files.catbox.moe/mve8q0.mp3",
        "annId": 4751
    },
    {
        "animeEng": "The Garden of Sinners",
        "animeRomaji": "Kara no Ky\u014dkai",
        "songName": "snow is falling",
        "artist": "Kalafina",
        "type": "Ending 1",
        "correctCount": 56,
        "startTime": 44,
        "songDuration": 161.256,
        "songNumber": 69,
        "activePlayerCount": 209,
        "LinkVideo": "https://files.catbox.moe/8wohdc.webm",
        "LinkMp3": "https://files.catbox.moe/fiisdu.mp3",
        "annId": 23255
    },
    {
        "animeEng": "Earwig and the Witch",
        "animeRomaji": "Aya to Majo",
        "songName": "Don't disturb me",
        "artist": "Sherina Munaf",
        "type": "Insert Song",
        "correctCount": 13,
        "startTime": 107,
        "songDuration": 158.568,
        "songNumber": 70,
        "activePlayerCount": 209,
        "LinkVideo": "https://files.catbox.moe/kyrubf.webm",
        "LinkMp3": "https://files.catbox.moe/yok2ht.mp3",
        "annId": 23478
    },
    {
        "animeEng": "Gekij\u014dban PriPara Mi~nna Atsumare! Prism\u2606Tours",
        "animeRomaji": "Gekij\u014dban PriPara Mi~nna Atsumare! Prism\u2606Tours",
        "songName": "BOY MEETS GIRL",
        "artist": "Over The Rainbow",
        "type": "Insert Song",
        "correctCount": 29,
        "startTime": 16,
        "songDuration": 74.112,
        "songNumber": 71,
        "activePlayerCount": 209,
        "LinkVideo": "https://files.catbox.moe/zvrwu9.webm",
        "LinkMp3": "https://files.catbox.moe/k0h9wo.mp3",
        "annId": 16617
    },
    {
        "animeEng": "Arakawa Under the Bridge \u00d7 Bridge",
        "animeRomaji": "Arakawa Under the Bridge \u00d7 Bridge",
        "songName": "COSMOS vs ALIEN",
        "artist": "Etsuko Yakushimaru",
        "type": "Opening 1",
        "correctCount": 35,
        "startTime": 31,
        "songDuration": 88.584,
        "songNumber": 72,
        "activePlayerCount": 209,
        "LinkVideo": "https://files.catbox.moe/6vbdzd.webm",
        "LinkMp3": "https://files.catbox.moe/fdzai3.mp3",
        "annId": 11827
    },
    {
        "animeEng": "High School DxD BorN",
        "animeRomaji": "High School DxD BorN",
        "songName": "BLESS YoUr NAME",
        "artist": "ChouCho",
        "type": "Opening 1",
        "correctCount": 103,
        "startTime": 39,
        "songDuration": 90.072,
        "songNumber": 73,
        "activePlayerCount": 209,
        "LinkVideo": "https://files.catbox.moe/a1r7rz.webm",
        "LinkMp3": "https://files.catbox.moe/jdiwvv.mp3",
        "annId": 16620
    },
    {
        "animeEng": "Myriad Colors Phantom World",
        "animeRomaji": "Musaigen no Phantom World",
        "songName": "Naked Dive",
        "artist": "SCREEN mode",
        "type": "Opening 1",
        "correctCount": 136,
        "startTime": 16,
        "songDuration": 88.56,
        "songNumber": 74,
        "activePlayerCount": 209,
        "LinkVideo": "https://files.catbox.moe/uxpcz0.webm",
        "LinkMp3": "https://files.catbox.moe/b94zoo.mp3",
        "annId": 17731
    },
    {
        "animeEng": "Ah My Buddha",
        "animeRomaji": "Amaenaide yo!!",
        "songName": "Afurete Yuku no wa Kono Kimochi",
        "artist": "Amae-taii!!",
        "type": "Opening 1",
        "correctCount": 7,
        "startTime": 40,
        "songDuration": 86.544,
        "songNumber": 75,
        "activePlayerCount": 207,
        "LinkVideo": "https://files.catbox.moe/3eu0f5.webm",
        "LinkMp3": "https://files.catbox.moe/h3w4aa.mp3",
        "annId": 5381
    }
]