[
    {
        "animeEng": "Pok\u00e9mon: Heroes - The Movie",
        "animeRomaji": "Pocket Monsters: Mizu no Miyako no Mamorigami - Latias to Latios",
        "songName": "I Believe",
        "artist": "David Rolfe",
        "type": "Opening 1",
        "correctCount": 87,
        "startTime": 115,
        "songDuration": 158.784,
        "songNumber": 1,
        "activePlayerCount": 162,
        "LinkVideo": "https://files.catbox.moe/xwzn0m.webm",
        "LinkMp3": "https://files.catbox.moe/03gll3.mp3",
        "annId": 911
    },
    {
        "animeEng": "My First Girlfriend is a Gal",
        "animeRomaji": "My First Girlfriend is a Gal",
        "songName": "Hajimete no Season",
        "artist": "Junj\u014d no Afilia",
        "type": "Opening 1",
        "correctCount": 48,
        "startTime": 52,
        "songDuration": 89.904,
        "songNumber": 2,
        "activePlayerCount": 161,
        "LinkVideo": "https://files.catbox.moe/zlgsgk.webm",
        "LinkMp3": "https://files.catbox.moe/wc6qqx.mp3",
        "annId": 19254
    },
    {
        "animeEng": "From Up On Poppy Hill",
        "animeRomaji": "Coquelicot-zaka kara",
        "songName": "Shiroi Hana no Saku Koro",
        "artist": "Kounan Koukou Seito Ichidou",
        "type": "Insert Song",
        "correctCount": 13,
        "startTime": 9,
        "songDuration": 50.664,
        "songNumber": 3,
        "activePlayerCount": 162,
        "LinkVideo": "https://files.catbox.moe/ty7gck.webm",
        "LinkMp3": "https://files.catbox.moe/9i4esj.mp3",
        "annId": 12307
    },
    {
        "animeEng": "Golgo 13: Queen Bee",
        "animeRomaji": "Golgo 13: Queen Bee",
        "songName": "Turquoise Blue",
        "artist": "Fujimaru Yoshino & Hitomi Ono",
        "type": "Ending 1",
        "correctCount": 12,
        "startTime": 123,
        "songDuration": 209.304,
        "songNumber": 4,
        "activePlayerCount": 161,
        "LinkVideo": "https://files.catbox.moe/xi79f9.webm",
        "LinkMp3": "https://files.catbox.moe/ql3up1.mp3",
        "annId": 319
    },
    {
        "animeEng": "Captain Tsubasa: World Great Battle! Jr. World Cup",
        "animeRomaji": "Captain Tsubasa: Sekai Daikessen!! Jr. World Cup",
        "songName": "Longest Dream",
        "artist": "Chika Sakamoto",
        "type": "Ending 1",
        "correctCount": 4,
        "startTime": 9,
        "songDuration": 122.088,
        "songNumber": 5,
        "activePlayerCount": 160,
        "LinkVideo": "https://files.catbox.moe/nit18s.webm",
        "LinkMp3": "https://files.catbox.moe/m7bufp.mp3",
        "annId": 6343,
        "correctPlayers": [
            "kimika",
            "ROBK34c",
            "Jlin2",
            "oh95"
        ]
    },
    {
        "animeEng": "Blade",
        "animeRomaji": "Blade",
        "songName": "Slashing Through the Night",
        "artist": "Shogo \u014cnishi & Tetsuya Takahashi",
        "type": "Opening 1",
        "correctCount": 14,
        "startTime": 7,
        "songDuration": 58.92,
        "songNumber": 6,
        "activePlayerCount": 161,
        "LinkVideo": "https://files.catbox.moe/8j6hji.webm",
        "LinkMp3": "https://files.catbox.moe/gf67yj.mp3",
        "annId": 12367
    },
    {
        "animeEng": "Wicked City",
        "animeRomaji": "Y\u014dj\u016b Toshi",
        "songName": "IT'S NOT EASY",
        "artist": "Hitomi T\u014dyama",
        "type": "Insert Song",
        "correctCount": 6,
        "startTime": 44,
        "songDuration": 95.112,
        "songNumber": 7,
        "activePlayerCount": 161,
        "LinkVideo": "https://files.catbox.moe/2d1tja.webm",
        "LinkMp3": "https://files.catbox.moe/eg3iq3.mp3",
        "annId": 959
    },
    {
        "animeEng": "Sweet Blue Flowers",
        "animeRomaji": "Aoi Hana",
        "songName": "Centifolia",
        "artist": "Ceui",
        "type": "Ending 1",
        "correctCount": 11,
        "startTime": 0,
        "songDuration": 77.568,
        "songNumber": 8,
        "activePlayerCount": 161,
        "LinkVideo": "https://files.catbox.moe/jipaa2.webm",
        "LinkMp3": "https://files.catbox.moe/vr001i.mp3",
        "annId": 10672
    },
    {
        "animeEng": "Moomin",
        "animeRomaji": "Muumin",
        "songName": "Nee! Moomin",
        "artist": "Toshiko Fujita",
        "type": "Opening 1",
        "correctCount": 36,
        "startTime": 14,
        "songDuration": 67.824,
        "songNumber": 9,
        "activePlayerCount": 162,
        "LinkVideo": "https://files.catbox.moe/kbeo7r.webm",
        "LinkMp3": "https://files.catbox.moe/5roe1z.mp3",
        "annId": 431
    },
    {
        "animeEng": "ESPer Mami",
        "animeRomaji": "ESPer Mami",
        "songName": "Teleportation -Koi no Mikakunin-",
        "artist": "Ushio Hashimoto",
        "type": "Opening 1",
        "correctCount": 11,
        "startTime": 17,
        "songDuration": 60.24,
        "songNumber": 10,
        "activePlayerCount": 161,
        "LinkVideo": "https://files.catbox.moe/5vnjtt.webm",
        "LinkMp3": "https://files.catbox.moe/su9nmf.mp3",
        "annId": 1037
    },
    {
        "animeEng": "Kamichama Karin",
        "animeRomaji": "Kamichama Karin",
        "songName": "Ankoku Tengoku",
        "artist": "ALI PROJECT",
        "type": "Opening 1",
        "correctCount": 53,
        "startTime": 3,
        "songDuration": 88.92,
        "songNumber": 11,
        "activePlayerCount": 160,
        "LinkVideo": "https://files.catbox.moe/h0ke3b.webm",
        "LinkMp3": "https://files.catbox.moe/pqppcg.mp3",
        "annId": 7461
    },
    {
        "animeEng": "Pupa",
        "animeRomaji": "Pupa",
        "songName": "Dare yori Suki na no ni",
        "artist": "Kusuma San Shimai",
        "type": "Ending 1",
        "correctCount": 56,
        "startTime": 0,
        "songDuration": 28.896,
        "songNumber": 12,
        "activePlayerCount": 160,
        "LinkVideo": "https://files.catbox.moe/lbxasi.webm",
        "LinkMp3": "https://files.catbox.moe/i3bitc.mp3",
        "annId": 15248
    },
    {
        "animeEng": "Room Camp",
        "animeRomaji": "Heya Camp\u25b3",
        "songName": "The Sunshower",
        "artist": "Asaka",
        "type": "Ending 1",
        "correctCount": 113,
        "startTime": 0,
        "songDuration": 29.448,
        "songNumber": 13,
        "activePlayerCount": 161,
        "LinkVideo": "https://files.catbox.moe/z63om0.webm",
        "LinkMp3": "https://files.catbox.moe/mwkvzl.mp3",
        "annId": 22482
    },
    {
        "animeEng": "Yamato Takeru: After War",
        "animeRomaji": "Yamato Takeru: After War",
        "songName": "Flower of Desert",
        "artist": "Naoko Hamasaki",
        "type": "Opening 1",
        "correctCount": 10,
        "startTime": 27,
        "songDuration": 86.568,
        "songNumber": 14,
        "activePlayerCount": 160,
        "LinkVideo": "https://files.catbox.moe/t7qxw4.webm",
        "LinkMp3": "https://files.catbox.moe/cjwli3.mp3",
        "annId": 3171
    },
    {
        "animeEng": "Battle B-Daman",
        "animeRomaji": "B-Legend! Battle B-Daman",
        "songName": "B-FIRE",
        "artist": "NAOZUMI-MASUKO",
        "type": "Opening 1",
        "correctCount": 3,
        "startTime": 28,
        "songDuration": 88.464,
        "songNumber": 15,
        "activePlayerCount": 160,
        "LinkVideo": "https://files.catbox.moe/xe8qrz.webm",
        "LinkMp3": "https://files.catbox.moe/e7gswv.mp3",
        "annId": 3464,
        "correctPlayers": [
            "Rukawa11",
            "kimika",
            "Nippah"
        ]
    },
    {
        "animeEng": "To Be Hero",
        "animeRomaji": "To Be Hero",
        "songName": "Ai ni Koiyo",
        "artist": "BRATS",
        "type": "Opening 1",
        "correctCount": 38,
        "startTime": 0,
        "songDuration": 57.408,
        "songNumber": 16,
        "activePlayerCount": 159,
        "LinkVideo": "https://files.catbox.moe/ajsbs9.webm",
        "LinkMp3": "https://files.catbox.moe/yf4hd6.mp3",
        "annId": 18728
    },
    {
        "animeEng": "Angel's 3Piece!",
        "animeRomaji": "Tenshi no 3P!",
        "songName": "Shinkai Prisoner Vocal Soft Arrange",
        "artist": "Yui Ogura",
        "type": "Insert Song",
        "correctCount": 18,
        "startTime": 0,
        "songDuration": 32.568,
        "songNumber": 17,
        "activePlayerCount": 158,
        "LinkVideo": "https://files.catbox.moe/4ktlzw.webm",
        "LinkMp3": "https://files.catbox.moe/bf6qj0.mp3",
        "annId": 18908
    },
    {
        "animeEng": "Ghost in the Shell: Stand Alone Complex - Solid State Society",
        "animeRomaji": "K\u014dkaku Kid\u014dtai S.A.C. Solid State Society",
        "songName": "player",
        "artist": "Origa with Heartsdales",
        "type": "Opening 1",
        "correctCount": 21,
        "startTime": 30,
        "songDuration": 83.825498,
        "songNumber": 18,
        "activePlayerCount": 157,
        "LinkVideo": "https://files.catbox.moe/dy0spi.webm",
        "LinkMp3": "https://files.catbox.moe/0ddh0j.mp3",
        "annId": 6717
    },
    {
        "animeEng": "Nisemonogatari",
        "animeRomaji": "Nisemonogatari",
        "songName": "Platinum Disco",
        "artist": "Yuka Iguchi",
        "type": "Opening 3",
        "correctCount": 135,
        "startTime": 2,
        "songDuration": 89.064,
        "songNumber": 19,
        "activePlayerCount": 157,
        "LinkVideo": "https://files.catbox.moe/hk2h3z.webm",
        "LinkMp3": "https://files.catbox.moe/svj5f4.mp3",
        "annId": 13556
    },
    {
        "animeEng": "Wagnaria!!2",
        "animeRomaji": "Working'!!",
        "songName": "COOLISH WALK",
        "artist": "Kana Asumi, Eri Kitamura, Saki Fujita",
        "type": "Opening 1",
        "correctCount": 28,
        "startTime": 46,
        "songDuration": 89.136,
        "songNumber": 20,
        "activePlayerCount": 157,
        "LinkVideo": "https://files.catbox.moe/9583ep.webm",
        "LinkMp3": "https://files.catbox.moe/pky40y.mp3",
        "annId": 12841
    },
    {
        "animeEng": "GIVEN The Movie",
        "animeRomaji": "Eiga given",
        "songName": "Yoru ga Akeru",
        "artist": "Given",
        "type": "Insert Song",
        "correctCount": 34,
        "startTime": 166,
        "songDuration": 278.088,
        "songNumber": 21,
        "activePlayerCount": 157,
        "LinkVideo": "https://files.catbox.moe/gjcjau.webm",
        "LinkMp3": "https://files.catbox.moe/rl2ey3.mp3",
        "annId": 23072
    },
    {
        "animeEng": "Tokyo Majin Gakuen Kenpucho: Tou 2nd Act",
        "animeRomaji": "Tokyo Majin Gakuen Kenpucho: Tou Dai Ni Maku",
        "songName": "0:00A.M.",
        "artist": "ACID",
        "type": "Opening 1",
        "correctCount": 23,
        "startTime": 30,
        "songDuration": 88.656,
        "songNumber": 22,
        "activePlayerCount": 157,
        "LinkVideo": "https://files.catbox.moe/xzb87r.webm",
        "LinkMp3": "https://files.catbox.moe/n73vh2.mp3",
        "annId": 8209
    },
    {
        "animeEng": "Jack and the Beanstalk",
        "animeRomaji": "Jack to Mame no Ki",
        "songName": "Kyojin-san Kochira",
        "artist": "Masachika Ichimura",
        "type": "Insert Song",
        "correctCount": 0,
        "startTime": 20,
        "songDuration": 123.12,
        "songNumber": 23,
        "activePlayerCount": 158,
        "LinkVideo": "https://files.catbox.moe/b2w71u.webm",
        "LinkMp3": "https://files.catbox.moe/dqsm9c.mp3",
        "annId": 3257
    },
    {
        "animeEng": "Corpse Princess: Kuro",
        "animeRomaji": "Shikabane Hime: Kuro",
        "songName": "Beginning",
        "artist": "angela",
        "type": "Ending 1",
        "correctCount": 10,
        "startTime": 57,
        "songDuration": 113.064,
        "songNumber": 24,
        "activePlayerCount": 158,
        "LinkVideo": "https://files.catbox.moe/zgtq9g.webm",
        "LinkMp3": "https://files.catbox.moe/zwc01y.mp3",
        "annId": 10417
    },
    {
        "animeEng": "Hell Girl: Fourth Twilight",
        "animeRomaji": "Jigoku Sh\u014djo: Yoi no Togi",
        "songName": "Noise",
        "artist": "Mio Yamazaki",
        "type": "Opening 1",
        "correctCount": 39,
        "startTime": 20,
        "songDuration": 89.304,
        "songNumber": 25,
        "activePlayerCount": 158,
        "LinkVideo": "https://files.catbox.moe/5f326d.webm",
        "LinkMp3": "https://files.catbox.moe/s1trtk.mp3",
        "annId": 19416
    },
    {
        "animeEng": "Occultic;Nine",
        "animeRomaji": "Occultic;Nine",
        "songName": "Open your eyes",
        "artist": "Asaka",
        "type": "Ending 1",
        "correctCount": 53,
        "startTime": 10,
        "songDuration": 99.576,
        "songNumber": 26,
        "activePlayerCount": 156,
        "LinkVideo": "https://files.catbox.moe/fnwh8f.webm",
        "LinkMp3": "https://files.catbox.moe/3ilaqc.mp3",
        "annId": 18156
    },
    {
        "animeEng": "5 Centimeters Per Second",
        "animeRomaji": "By\u014dsoku 5 Centimeter - a chain of short stories about their distance",
        "songName": "Kimi no Ichiban ni...",
        "artist": "LINDBERG",
        "type": "Insert Song",
        "correctCount": 58,
        "startTime": 0,
        "songDuration": 26.064,
        "songNumber": 27,
        "activePlayerCount": 156,
        "LinkVideo": "https://files.catbox.moe/2ixa0i.webm",
        "LinkMp3": "https://files.catbox.moe/mxnvqe.mp3",
        "annId": 6696
    },
    {
        "animeEng": "Nyanko Days",
        "animeRomaji": "Nyanko Days",
        "songName": "Nyanko is L\u2665VE",
        "artist": "every\u2665ing!",
        "type": "Ending 1",
        "correctCount": 122,
        "startTime": 0,
        "songDuration": 29.496,
        "songNumber": 28,
        "activePlayerCount": 156,
        "LinkVideo": "https://files.catbox.moe/q47ykg.webm",
        "LinkMp3": "https://files.catbox.moe/b5vp0v.mp3",
        "annId": 18832
    },
    {
        "animeEng": "Isekai Cheat Magician",
        "animeRomaji": "Isekai Cheat Magician",
        "songName": "PANTA RHEI",
        "artist": "MYTH & ROID",
        "type": "Opening 1",
        "correctCount": 76,
        "startTime": 51,
        "songDuration": 89.52,
        "songNumber": 29,
        "activePlayerCount": 156,
        "LinkVideo": "https://files.catbox.moe/aysvui.webm",
        "LinkMp3": "https://files.catbox.moe/3fizpn.mp3",
        "annId": 21891
    },
    {
        "animeEng": "Tamayura",
        "animeRomaji": "Tamayura",
        "songName": "Yasashisa ni Tsutsumareta Nara",
        "artist": "Maaya Sakamoto",
        "type": "Opening 1",
        "correctCount": 31,
        "startTime": 13,
        "songDuration": 81.72,
        "songNumber": 30,
        "activePlayerCount": 155,
        "LinkVideo": "https://files.catbox.moe/29gfy6.webm",
        "LinkMp3": "https://files.catbox.moe/81itfl.mp3",
        "annId": 11375
    },
    {
        "animeEng": "Patema Inverted",
        "animeRomaji": "Sakasama no Patema",
        "songName": "Patema Inverse",
        "artist": "Estelle Micheau",
        "type": "Ending 1",
        "correctCount": 31,
        "startTime": 65,
        "songDuration": 176.064,
        "songNumber": 31,
        "activePlayerCount": 155,
        "LinkVideo": "https://files.catbox.moe/1xhchj.webm",
        "LinkMp3": "https://files.catbox.moe/ewd04b.mp3",
        "annId": 13906
    },
    {
        "animeEng": "Lucky Star",
        "animeRomaji": "Lucky Star",
        "songName": "Gravity",
        "artist": "m.o.e.v",
        "type": "Insert Song",
        "correctCount": 53,
        "startTime": 45,
        "songDuration": 85.752,
        "songNumber": 32,
        "activePlayerCount": 155,
        "LinkVideo": "https://files.catbox.moe/7tcohu.webm",
        "LinkMp3": "https://files.catbox.moe/p8a08j.mp3",
        "annId": 7222
    },
    {
        "animeEng": "City Hunter: Shinjuku Private Eyes",
        "animeRomaji": "City Hunter: Shinjuku Private Eyes",
        "songName": "You are my hero",
        "artist": "AMAZONS",
        "type": "Insert Song",
        "correctCount": 2,
        "startTime": 33,
        "songDuration": 79.656,
        "songNumber": 33,
        "activePlayerCount": 152,
        "LinkVideo": "https://files.catbox.moe/f9yuwr.webm",
        "LinkMp3": "https://files.catbox.moe/veh9b2.mp3",
        "annId": 21247,
        "correctPlayers": [
            "Shuuka",
            "Zurer"
        ]
    },
    {
        "animeEng": "Good Luck! Ninomiya-kun",
        "animeRomaji": "Gosh\u016bsh\u014d-sama Ninomiya-kun",
        "songName": "Yubikiri",
        "artist": "Mai Kadowaki & Miyuki Sawashiro",
        "type": "Opening 1",
        "correctCount": 27,
        "startTime": 29,
        "songDuration": 89.311118,
        "songNumber": 34,
        "activePlayerCount": 152,
        "LinkVideo": "https://files.catbox.moe/8kyqrz.webm",
        "LinkMp3": "https://files.catbox.moe/13lnuv.mp3",
        "annId": 8032
    },
    {
        "animeEng": "The Vision of Escaflowne",
        "animeRomaji": "Tenk\u016b no Escaflowne",
        "songName": "Yakusoku wa Iranai",
        "artist": "Maaya Sakamoto",
        "type": "Opening 1",
        "correctCount": 58,
        "startTime": 33,
        "songDuration": 88.848,
        "songNumber": 35,
        "activePlayerCount": 150,
        "LinkVideo": "https://files.catbox.moe/o56d6v.webm",
        "LinkMp3": "https://files.catbox.moe/alpp3r.mp3",
        "annId": 240
    },
    {
        "animeEng": "El-Hazard: The Alternative World",
        "animeRomaji": "Ijigen no Sekai El Hazard",
        "songName": "Love Mania!",
        "artist": "Maaya Sakamoto, Rio Natsuki, Etsuko Kozukura, Kyoko Tsuruno",
        "type": "Ending 2",
        "correctCount": 1,
        "startTime": 89,
        "songDuration": 165.048,
        "songNumber": 36,
        "activePlayerCount": 151,
        "LinkVideo": "https://files.catbox.moe/g92six.webm",
        "LinkMp3": "https://files.catbox.moe/1p7r5k.mp3",
        "annId": 598,
        "correctPlayers": [
            "yeims"
        ]
    },
    {
        "animeEng": "Kuroko's Basketball",
        "animeRomaji": "Kuroko no Basuke",
        "songName": "Catal Rhythm",
        "artist": "OLDCODEX",
        "type": "Ending 2",
        "correctCount": 46,
        "startTime": 52,
        "songDuration": 87.792,
        "songNumber": 37,
        "activePlayerCount": 152,
        "LinkVideo": "https://files.catbox.moe/4e6kmy.webm",
        "LinkMp3": "https://files.catbox.moe/zxp7k9.mp3",
        "annId": 13616
    },
    {
        "animeEng": "Ani Ni Tsukeru Kusuri wa Nai!",
        "animeRomaji": "Ani Ni Tsukeru Kusuri wa Nai!",
        "songName": "Sunny side up",
        "artist": "Brian the Sun",
        "type": "Opening 1",
        "correctCount": 97,
        "startTime": 0,
        "songDuration": 24.816,
        "songNumber": 38,
        "activePlayerCount": 151,
        "LinkVideo": "https://files.catbox.moe/j2uh2b.webm",
        "LinkMp3": "https://files.catbox.moe/u0diyc.mp3",
        "annId": 22086
    },
    {
        "animeEng": "Brand New Animal",
        "animeRomaji": "BNA",
        "songName": "Ready to",
        "artist": "Sumire Morohoshi",
        "type": "Opening 1",
        "correctCount": 116,
        "startTime": 1,
        "songDuration": 60.024,
        "songNumber": 39,
        "activePlayerCount": 151,
        "LinkVideo": "https://files.catbox.moe/l31bti.webm",
        "LinkMp3": "https://files.catbox.moe/3rvq5p.mp3",
        "annId": 22924
    },
    {
        "animeEng": "Welcome to Demon School! Iruma-kun",
        "animeRomaji": "Mairimashita! Iruma-kun",
        "songName": "No! No! Satisfaction!",
        "artist": "DA PUMP",
        "type": "Opening 1",
        "correctCount": 60,
        "startTime": 47,
        "songDuration": 89.016,
        "songNumber": 40,
        "activePlayerCount": 151,
        "LinkVideo": "https://files.catbox.moe/rnt2be.webm",
        "LinkMp3": "https://files.catbox.moe/fv6y9p.mp3",
        "annId": 24018
    },
    {
        "animeEng": "Triton of the Sea",
        "animeRomaji": "Umi no Triton",
        "songName": "GO! GO! Triton",
        "artist": "Yuuki Hide, Suginami Jidou Gasshou-dan",
        "type": "Ending 1",
        "correctCount": 10,
        "startTime": 16,
        "songDuration": 92.64,
        "songNumber": 41,
        "activePlayerCount": 150,
        "LinkVideo": "https://files.catbox.moe/z9itfk.webm",
        "LinkMp3": "https://files.catbox.moe/i7f2ns.mp3",
        "annId": 1409
    },
    {
        "animeEng": "Brave Witches",
        "animeRomaji": "World Witches Series: Dai 502 T\u014dg\u014d Sent\u014d K\u014dk\u016b-dan Brave Witches",
        "songName": "LITTLE WING ~Spirit of LINDBERG~",
        "artist": "Ai Kakuma, Mai Kadowaki, Ayuru Ohashi",
        "type": "Ending 1",
        "correctCount": 27,
        "startTime": 1,
        "songDuration": 89.352,
        "songNumber": 42,
        "activePlayerCount": 150,
        "LinkVideo": "https://files.catbox.moe/otin2l.webm",
        "LinkMp3": "https://files.catbox.moe/csjbbx.mp3",
        "annId": 23240
    },
    {
        "animeEng": "Mikagura School Suite",
        "animeRomaji": "Mikagura Gakuen Kumikyoku",
        "songName": "Rakuen Fanfare",
        "artist": "H\u014dkago Rakuen-bu",
        "type": "Ending 2",
        "correctCount": 14,
        "startTime": 28,
        "songDuration": 88.56,
        "songNumber": 43,
        "activePlayerCount": 150,
        "LinkVideo": "https://files.catbox.moe/bg7b7g.webm",
        "LinkMp3": "https://files.catbox.moe/6o1rf1.mp3",
        "annId": 16634
    },
    {
        "animeEng": "Goku: Midnight Eye",
        "animeRomaji": "Goku: Midnight Eye",
        "songName": "Fighting In The Danger",
        "artist": "Yuki Katsuragi",
        "type": "Ending 1",
        "correctCount": 21,
        "startTime": 67,
        "songDuration": 141.648,
        "songNumber": 44,
        "activePlayerCount": 150,
        "LinkVideo": "https://files.catbox.moe/20at73.webm",
        "LinkMp3": "https://files.catbox.moe/imim1y.mp3",
        "annId": 3488
    },
    {
        "animeEng": "Yu-Gi-Oh! VRAINS",
        "animeRomaji": "Yu-Gi-Oh! VRAINS",
        "songName": "BOY",
        "artist": "uchuu;",
        "type": "Ending 3",
        "correctCount": 9,
        "startTime": 25,
        "songDuration": 89.04,
        "songNumber": 45,
        "activePlayerCount": 150,
        "LinkVideo": "https://files.catbox.moe/nx9g5q.webm",
        "LinkMp3": "https://files.catbox.moe/yn7bps.mp3",
        "annId": 19180
    },
    {
        "animeEng": "ef: a tale of memories.",
        "animeRomaji": "ef: a tale of memories.",
        "songName": "euphoric field (Japanese ver.)",
        "artist": "ELISA",
        "type": "Opening 3",
        "correctCount": 69,
        "startTime": 26,
        "songDuration": 87.456,
        "songNumber": 46,
        "activePlayerCount": 149,
        "LinkVideo": "https://files.catbox.moe/7x0qu5.webm",
        "LinkMp3": "https://files.catbox.moe/bzqluf.mp3",
        "annId": 8192
    },
    {
        "animeEng": "Ai Monogatari",
        "animeRomaji": "Ai Monogatari",
        "songName": "Uragiri no Machikado",
        "artist": "Kai Band",
        "type": "Insert Song",
        "correctCount": 1,
        "startTime": 18,
        "songDuration": 76.176,
        "songNumber": 47,
        "activePlayerCount": 149,
        "LinkVideo": "https://files.catbox.moe/pwz00o.webm",
        "LinkMp3": "https://files.catbox.moe/0mfuwo.mp3",
        "annId": 4880,
        "correctPlayers": [
            "Keiko"
        ]
    },
    {
        "animeEng": "The Knight in the Area",
        "animeRomaji": "Area no Kishi",
        "songName": "Higher Ground",
        "artist": "S.R.S",
        "type": "Opening 1",
        "correctCount": 23,
        "startTime": 3,
        "songDuration": 87.064626,
        "songNumber": 48,
        "activePlayerCount": 150,
        "LinkVideo": "https://files.catbox.moe/yrqb2j.webm",
        "LinkMp3": "https://files.catbox.moe/xakhxo.mp3",
        "annId": 13559
    },
    {
        "animeEng": "My Teen Romantic Comedy SNAFU TOO!",
        "animeRomaji": "Oregairu Zoku",
        "songName": "Yukitoki",
        "artist": "Nagi Yanagi",
        "type": "Insert Song",
        "correctCount": 114,
        "startTime": 5,
        "songDuration": 162.12,
        "songNumber": 49,
        "activePlayerCount": 150,
        "LinkVideo": "https://files.catbox.moe/ax756s.webm",
        "LinkMp3": "https://files.catbox.moe/z8t7ci.mp3",
        "annId": 16329
    },
    {
        "animeEng": "Is It Wrong to Try to Pick Up Girls in a Dungeon? III",
        "animeRomaji": "Dungeon ni Deai o Motomeru no wa Machigatteiru Dar\u014d ka III",
        "songName": "over and over",
        "artist": "Yuka Iguchi",
        "type": "Opening 1",
        "correctCount": 58,
        "startTime": 53,
        "songDuration": 90.048,
        "songNumber": 50,
        "activePlayerCount": 149,
        "LinkVideo": "https://files.catbox.moe/e5txb8.webm",
        "LinkMp3": "https://files.catbox.moe/2xa0sj.mp3",
        "annId": 22545
    },
    {
        "animeEng": "Idol Angel Welcome Yoko",
        "animeRomaji": "Idol Tenshi Y\u014dkoso Y\u014dko",
        "songName": "Youshun no Passage",
        "artist": "Youko Tanaka",
        "type": "Opening 1",
        "correctCount": 5,
        "startTime": 8,
        "songDuration": 77.007656,
        "songNumber": 51,
        "activePlayerCount": 150,
        "LinkVideo": "https://files.catbox.moe/o6cok5.webm",
        "LinkMp3": "https://files.catbox.moe/h4yegj.mp3",
        "annId": 1779,
        "correctPlayers": [
            "Rukawa11",
            "kimika",
            "ROBK34c",
            "ozsauce",
            "ChelIy"
        ]
    },
    {
        "animeEng": "Gundam Build Divers Re:RISE",
        "animeRomaji": "Gundam Build Divers Re:RISE",
        "songName": "ReRise",
        "artist": "Spira Spica",
        "type": "Opening 1",
        "correctCount": 20,
        "startTime": 24,
        "songDuration": 89.04,
        "songNumber": 52,
        "activePlayerCount": 149,
        "LinkVideo": "https://files.catbox.moe/pj7730.webm",
        "LinkMp3": "https://files.catbox.moe/nb15pd.mp3",
        "annId": 22300
    },
    {
        "animeEng": "Tottemo! Luckyman",
        "animeRomaji": "Tottemo! Luckyman",
        "songName": "Luckyman no Uta",
        "artist": "Aki Yashiro",
        "type": "Opening 1",
        "correctCount": 18,
        "startTime": 38,
        "songDuration": 88.536,
        "songNumber": 53,
        "activePlayerCount": 149,
        "LinkVideo": "https://files.catbox.moe/x6x34i.webm",
        "LinkMp3": "https://files.catbox.moe/pffduy.mp3",
        "annId": 4625
    },
    {
        "animeEng": "Mysteria Friends",
        "animeRomaji": "Manaria Friends",
        "songName": "Rendan",
        "artist": "Takashi Watanabe",
        "type": "Ending 2",
        "correctCount": 19,
        "startTime": 21,
        "songDuration": 75.072,
        "songNumber": 54,
        "activePlayerCount": 149,
        "LinkVideo": "https://files.catbox.moe/j924nu.webm",
        "LinkMp3": "https://files.catbox.moe/5ydt8j.mp3",
        "annId": 17601
    },
    {
        "animeEng": "The Disastrous Life of Saiki K.",
        "animeRomaji": "Saiki Kusuo no Psi Nan",
        "songName": "\u03a8 Hakkenden",
        "artist": "Dempagumi.inc",
        "type": "Ending 1",
        "correctCount": 74,
        "startTime": 55,
        "songDuration": 89.112,
        "songNumber": 55,
        "activePlayerCount": 148,
        "LinkVideo": "https://files.catbox.moe/p58oad.webm",
        "LinkMp3": "https://files.catbox.moe/xh7d6y.mp3",
        "annId": 20177
    },
    {
        "animeEng": "Seizei Gambare Mah\u014d Sh\u014djo Kurumi",
        "animeRomaji": "Seizei Gambare Mah\u014d Sh\u014djo Kurumi",
        "songName": "Mah\u014d Sh\u014djo wa Tomaranai",
        "artist": "Mia REGINA",
        "type": "Opening 1",
        "correctCount": 11,
        "startTime": 0,
        "songDuration": 50.67668,
        "songNumber": 56,
        "activePlayerCount": 149,
        "LinkVideo": "https://files.catbox.moe/e0u1n5.webm",
        "LinkMp3": "https://files.catbox.moe/9jq5ef.mp3",
        "annId": 21369
    },
    {
        "animeEng": "Hyperdimension Neptunia Hi\u2606Light",
        "animeRomaji": "Ch\u014djigen Game Neptune Hi\u2606Light",
        "songName": "Dimension tripper!!!",
        "artist": "nao",
        "type": "Opening 1",
        "correctCount": 83,
        "startTime": 95,
        "songDuration": 251.04,
        "songNumber": 57,
        "activePlayerCount": 150,
        "LinkVideo": "https://files.catbox.moe/5cb9tq.webm",
        "LinkMp3": "https://files.catbox.moe/18y17w.mp3",
        "annId": 23800
    },
    {
        "animeEng": "My Girlfriend is Shobitch",
        "animeRomaji": "Boku no Kanojo ga Majime Sugiru Shobitch na Ken",
        "songName": "Eien Labyrinth",
        "artist": "Aoi Y\u016bki",
        "type": "Opening 1",
        "correctCount": 44,
        "startTime": 50,
        "songDuration": 88.056,
        "songNumber": 58,
        "activePlayerCount": 150,
        "LinkVideo": "https://files.catbox.moe/sxi2wf.webm",
        "LinkMp3": "https://files.catbox.moe/mgukzw.mp3",
        "annId": 19919
    },
    {
        "animeEng": "Cardfight!! Vanguard: Asia Circuit-hen",
        "animeRomaji": "Cardfight!! Vanguard: Asia Circuit-hen",
        "songName": "Vanguard",
        "artist": "JAM Project",
        "type": "Insert Song",
        "correctCount": 85,
        "startTime": 55,
        "songDuration": 191.76,
        "songNumber": 59,
        "activePlayerCount": 149,
        "LinkVideo": "https://files.catbox.moe/30g2ip.webm",
        "LinkMp3": "https://files.catbox.moe/nf12ru.mp3",
        "annId": 14090
    },
    {
        "animeEng": "Pikaia!",
        "animeRomaji": "Pikaia!",
        "songName": "Buriburi Cambria",
        "artist": "elfin'",
        "type": "Ending 1",
        "correctCount": 10,
        "startTime": 0,
        "songDuration": 27.024,
        "songNumber": 60,
        "activePlayerCount": 149,
        "LinkVideo": "https://files.catbox.moe/hifsn2.webm",
        "LinkMp3": "https://files.catbox.moe/tv7ko4.mp3",
        "annId": 16902
    },
    {
        "animeEng": "Mission-E",
        "animeRomaji": "Mission-E",
        "songName": "E\u2606Secrets",
        "artist": "Caoli Cano",
        "type": "Opening 1",
        "correctCount": 8,
        "startTime": 19,
        "songDuration": 88.824,
        "songNumber": 61,
        "activePlayerCount": 149,
        "LinkVideo": "https://files.catbox.moe/ps21zl.webm",
        "LinkMp3": "https://files.catbox.moe/kpg140.mp3",
        "annId": 9686
    },
    {
        "animeEng": "Tokyo Ghoul: Root A",
        "animeRomaji": "Tokyo Ghoul \u221aA",
        "songName": "Mun\u014d",
        "artist": "\u00f6sterreich",
        "type": "Opening 1",
        "correctCount": 112,
        "startTime": 48,
        "songDuration": 88.128,
        "songNumber": 62,
        "activePlayerCount": 149,
        "LinkVideo": "https://files.catbox.moe/6yplnp.webm",
        "LinkMp3": "https://files.catbox.moe/l9ph1f.mp3",
        "annId": 16318
    },
    {
        "animeEng": "Girls' Last Tour",
        "animeRomaji": "Sh\u014djo Sh\u016bmatsu Ryok\u014d",
        "songName": "More One Night",
        "artist": "Inori Minase & Yurika Kubo",
        "type": "Ending 2",
        "correctCount": 78,
        "startTime": 39,
        "songDuration": 89.04,
        "songNumber": 63,
        "activePlayerCount": 149,
        "LinkVideo": "https://files.catbox.moe/u5rffg.webm",
        "LinkMp3": "https://files.catbox.moe/5wa1g6.mp3",
        "annId": 19827
    },
    {
        "animeEng": "One Punch Man",
        "animeRomaji": "One Punch Man",
        "songName": "Seijaku no Apostle",
        "artist": "JAM Project",
        "type": "Opening 1",
        "correctCount": 140,
        "startTime": 29,
        "songDuration": 89.904,
        "songNumber": 64,
        "activePlayerCount": 149,
        "LinkVideo": "https://files.catbox.moe/8qewe6.webm",
        "LinkMp3": "https://files.catbox.moe/3zyt9g.mp3",
        "annId": 21282
    },
    {
        "animeEng": "Gegege no Kitar\u014d: Jigoku-hen",
        "animeRomaji": "Gegege no Kitar\u014d: Jigoku-hen",
        "songName": "Gegege no Kitaro",
        "artist": "Ikuzo Yoshi",
        "type": "Opening 1",
        "correctCount": 146,
        "startTime": 10,
        "songDuration": 90.744,
        "songNumber": 65,
        "activePlayerCount": 149,
        "LinkVideo": "https://files.catbox.moe/ictdru.webm",
        "LinkMp3": "https://files.catbox.moe/hun160.mp3",
        "annId": 2215
    },
    {
        "animeEng": "K: Missing Kings",
        "animeRomaji": "K: Missing Kings",
        "songName": "-Flame of Red-",
        "artist": "Yui Horie",
        "type": "Insert Song",
        "correctCount": 16,
        "startTime": 178,
        "songDuration": 303.433152,
        "songNumber": 66,
        "activePlayerCount": 148,
        "LinkVideo": "https://files.catbox.moe/pga7fh.webm",
        "LinkMp3": "https://files.catbox.moe/fb8i9x.mp3",
        "annId": 15350
    },
    {
        "animeEng": "Burst Angel",
        "animeRomaji": "Bakuretsu Tenshi",
        "songName": "Loosey",
        "artist": "THE STRiPES",
        "type": "Opening 1",
        "correctCount": 33,
        "startTime": 11,
        "songDuration": 86.568,
        "songNumber": 67,
        "activePlayerCount": 147,
        "LinkVideo": "https://files.catbox.moe/x532yz.webm",
        "LinkMp3": "https://files.catbox.moe/b7xp91.mp3",
        "annId": 3560
    },
    {
        "animeEng": "Dragon Ball Z Kai",
        "animeRomaji": "Dragon Ball Kai",
        "songName": "Tada Kogoeru Elegy ~The Theme Of FREEZER~",
        "artist": "Demon Kakka",
        "type": "Insert Song",
        "correctCount": 7,
        "startTime": 38,
        "songDuration": 129.512876,
        "songNumber": 68,
        "activePlayerCount": 149,
        "LinkVideo": "https://files.catbox.moe/r9oq2t.webm",
        "LinkMp3": "https://files.catbox.moe/lph534.mp3",
        "annId": 10877
    },
    {
        "animeEng": "Hunter x Hunter",
        "animeRomaji": "Hunter x Hunter",
        "songName": "Ohay\u014d",
        "artist": "Keno",
        "type": "Opening 1",
        "correctCount": 61,
        "startTime": 25,
        "songDuration": 64.872,
        "songNumber": 69,
        "activePlayerCount": 148,
        "LinkVideo": "https://files.catbox.moe/0ywzpj.webm",
        "LinkMp3": "https://files.catbox.moe/o015cm.mp3",
        "annId": 1134
    },
    {
        "animeEng": "Tama and Friends",
        "animeRomaji": "Sanchome no Tama: Uchi no Tama Shirimasenka?",
        "songName": "Bokura wa Nakamada Tama Ondo",
        "artist": "Hiroko Kasahara",
        "type": "Insert Song",
        "correctCount": 3,
        "startTime": 178,
        "songDuration": 278.064,
        "songNumber": 70,
        "activePlayerCount": 148,
        "LinkVideo": "https://files.catbox.moe/vgje9n.webm",
        "LinkMp3": "https://files.catbox.moe/21ni5w.mp3",
        "annId": 1426,
        "correctPlayers": [
            "Keiko",
            "Sapoleto",
            "Kanna1412"
        ]
    },
    {
        "animeEng": "Persona 4 The Animation",
        "animeRomaji": "Persona 4 The Animation",
        "songName": "Mass Destruction",
        "artist": "Lotus Juice & Yumi Kawamura",
        "type": "Insert Song",
        "correctCount": 79,
        "startTime": 17,
        "songDuration": 59.616,
        "songNumber": 71,
        "activePlayerCount": 149,
        "LinkVideo": "https://files.catbox.moe/w5zc8t.webm",
        "LinkMp3": "https://files.catbox.moe/tgw7e8.mp3",
        "annId": 12870
    },
    {
        "animeEng": "Ajin: Demi-Human",
        "animeRomaji": "Ajin",
        "songName": "The end of escape",
        "artist": "fripSide x angela",
        "type": "Opening 2",
        "correctCount": 58,
        "startTime": 10,
        "songDuration": 88.848,
        "songNumber": 72,
        "activePlayerCount": 149,
        "LinkVideo": "https://files.catbox.moe/o502m4.webm",
        "LinkMp3": "https://files.catbox.moe/nlrexf.mp3",
        "annId": 19017
    },
    {
        "animeEng": "B: The Beginning",
        "animeRomaji": "B: The Beginning",
        "songName": "The Perfect World",
        "artist": "Marty Friedman feat. Jean-Ken Johnny, KenKen",
        "type": "Ending 1",
        "correctCount": 54,
        "startTime": 52,
        "songDuration": 110.053875,
        "songNumber": 73,
        "activePlayerCount": 148,
        "LinkVideo": "https://files.catbox.moe/54wod0.webm",
        "LinkMp3": "https://files.catbox.moe/8uje2j.mp3",
        "annId": 19987
    },
    {
        "animeEng": "Hora, Mimi ga Mieteru yo!",
        "animeRomaji": "Hora, Mimi ga Mieteru yo!",
        "songName": "Mimimimi\u2606Puwappu",
        "artist": "Tsukino Amasato",
        "type": "Opening 1",
        "correctCount": 108,
        "startTime": 0,
        "songDuration": 9.92636,
        "songNumber": 74,
        "activePlayerCount": 149,
        "LinkVideo": "https://files.catbox.moe/2akzcu.webm",
        "LinkMp3": "https://files.catbox.moe/5hyr6o.mp3",
        "annId": 22046
    },
    {
        "animeEng": "The King of Braves GaoGaiGar",
        "animeRomaji": "Yuusha-Oh GaoGaiGar",
        "songName": "Yuusha-Ou Tanjou!",
        "artist": "Masaaki Endoh",
        "type": "Opening 1",
        "correctCount": 44,
        "startTime": 12,
        "songDuration": 88.848,
        "songNumber": 75,
        "activePlayerCount": 149,
        "LinkVideo": "https://files.catbox.moe/edeawz.webm",
        "LinkMp3": "https://files.catbox.moe/0j1vv5.mp3",
        "annId": 1170
    }
]