[
    {
        "animeEng": "The Girl Who Leapt Through Time",
        "animeRomaji": "Toki o Kakeru Sh\u014djo",
        "songName": "Kawaranai Mono",
        "artist": "Hanako Oku",
        "type": "Insert Song",
        "correctCount": 32,
        "startTime": 35,
        "songDuration": 114.216,
        "songNumber": 1,
        "activePlayerCount": 168,
        "LinkVideo": "https://files.catbox.moe/tbo46m.webm",
        "LinkMp3": "https://files.catbox.moe/cmnwd5.mp3",
        "annId": 6733
    },
    {
        "animeEng": "Servant \u00d7 Service",
        "animeRomaji": "Servant \u00d7 Service",
        "songName": "May I Help You?",
        "artist": "Ai Kayano & Mai Nakahara & Aki Toyosaki",
        "type": "Opening 1",
        "correctCount": 72,
        "startTime": 23,
        "songDuration": 87.264,
        "songNumber": 2,
        "activePlayerCount": 167,
        "LinkVideo": "https://files.catbox.moe/rj6svf.webm",
        "LinkMp3": "https://files.catbox.moe/jwqqim.mp3",
        "annId": 15241
    },
    {
        "animeEng": "Eromanga Sensei",
        "animeRomaji": "Eromanga Sensei",
        "songName": "Watashi no Shiawase ~Falling In Love With You~",
        "artist": "Minami Takahashi",
        "type": "Insert Song",
        "correctCount": 15,
        "startTime": 122,
        "songDuration": 251.232,
        "songNumber": 3,
        "activePlayerCount": 165,
        "LinkVideo": "https://files.catbox.moe/2uhs4c.webm",
        "LinkMp3": "https://files.catbox.moe/9ijxla.mp3",
        "annId": 23239
    },
    {
        "animeEng": "Glasslip",
        "animeRomaji": "Glasslip",
        "songName": "Natsu no Hi to Kimi no Koe",
        "artist": "ChouCho",
        "type": "Ending 2",
        "correctCount": 62,
        "startTime": 50,
        "songDuration": 84.552,
        "songNumber": 4,
        "activePlayerCount": 165,
        "LinkVideo": "https://files.catbox.moe/89of3y.webm",
        "LinkMp3": "https://files.catbox.moe/t1nij0.mp3",
        "annId": 15901
    },
    {
        "animeEng": "Magical Circle Guru-Guru",
        "animeRomaji": "Mah\u014djin Guruguru",
        "songName": "Den\u30fbSetsu SILVER LOVE",
        "artist": "TECHNOBOYS PULCRAFT GREEN-FUND feat. G-Fantasy",
        "type": "Insert Song",
        "correctCount": 18,
        "startTime": 0,
        "songDuration": 32.424,
        "songNumber": 5,
        "activePlayerCount": 165,
        "LinkVideo": "https://files.catbox.moe/5flq5b.webm",
        "LinkMp3": "https://files.catbox.moe/owjtfg.mp3",
        "annId": 19008
    },
    {
        "animeEng": "Hulaing Babies Aratame: Staying Babies",
        "animeRomaji": "Hulaing Babies Aratame: Staying Babies",
        "songName": "Sekken WOW!",
        "artist": "A\u014cP",
        "type": "Opening 1",
        "correctCount": 43,
        "startTime": 0,
        "songDuration": 29.448,
        "songNumber": 6,
        "activePlayerCount": 166,
        "LinkVideo": "https://files.catbox.moe/41zh29.webm",
        "LinkMp3": "https://files.catbox.moe/jf6xps.mp3",
        "annId": 23452
    },
    {
        "animeEng": "UzaMaid!",
        "animeRomaji": "Uchi no Maid ga Uzasugiru!",
        "songName": "Uzauza\u2606Wows!",
        "artist": "Haruka Shiraishi & Manami Numakura",
        "type": "Opening 1",
        "correctCount": 85,
        "startTime": 15,
        "songDuration": 87.482578,
        "songNumber": 7,
        "activePlayerCount": 166,
        "LinkVideo": "https://files.catbox.moe/8d2k1s.webm",
        "LinkMp3": "https://files.catbox.moe/m3lyxz.mp3",
        "annId": 20845
    },
    {
        "animeEng": "Tokyo Ghoul: Root A",
        "animeRomaji": "Tokyo Ghoul \u221aA",
        "songName": "Mun\u014d",
        "artist": "\u00f6sterreich",
        "type": "Opening 1",
        "correctCount": 115,
        "startTime": 40,
        "songDuration": 88.128,
        "songNumber": 8,
        "activePlayerCount": 164,
        "LinkVideo": "https://files.catbox.moe/6yplnp.webm",
        "LinkMp3": "https://files.catbox.moe/l9ph1f.mp3",
        "annId": 16318
    },
    {
        "animeEng": "Ken the Wolf Boy",
        "animeRomaji": "\u014ckami Sh\u014dnen Ken",
        "songName": "\u014ckami Sh\u014dnen Ken",
        "artist": "Nishirokug\u014d Sh\u014dnen Sh\u014djo Gassh\u014d-dan",
        "type": "Opening 1",
        "correctCount": 41,
        "startTime": 7,
        "songDuration": 90.456,
        "songNumber": 9,
        "activePlayerCount": 163,
        "LinkVideo": "https://files.catbox.moe/0dexps.webm",
        "LinkMp3": "https://files.catbox.moe/tezzlg.mp3",
        "annId": 1405
    },
    {
        "animeEng": "Future GPX Cyber Formula Saga",
        "animeRomaji": "Future GPX Cyber Formula Saga",
        "songName": "Glorious",
        "artist": "Kazuya Daimon",
        "type": "Insert Song",
        "correctCount": 0,
        "startTime": 69,
        "songDuration": 143.952,
        "songNumber": 10,
        "activePlayerCount": 162,
        "LinkVideo": "https://files.catbox.moe/4ebzv8.webm",
        "LinkMp3": "https://files.catbox.moe/5qw822.mp3",
        "annId": 4231
    },
    {
        "animeEng": "F\u016bsen Inu Tinny",
        "animeRomaji": "F\u016bsen Inu Tinny",
        "songName": "Tinny no Uta",
        "artist": "Sumire Morohoshi",
        "type": "Opening 1",
        "correctCount": 136,
        "startTime": 0,
        "songDuration": 24.048,
        "songNumber": 11,
        "activePlayerCount": 161,
        "LinkVideo": "https://files.catbox.moe/foe7sz.webm",
        "LinkMp3": "https://files.catbox.moe/aeazq6.mp3",
        "annId": 23055
    },
    {
        "animeEng": "Nabari no Ou",
        "animeRomaji": "Nabari no Ou",
        "songName": "CRAWL",
        "artist": "VELTPUNCH",
        "type": "Opening 1",
        "correctCount": 30,
        "startTime": 19,
        "songDuration": 89.736,
        "songNumber": 12,
        "activePlayerCount": 160,
        "LinkVideo": "https://files.catbox.moe/0jvbiq.webm",
        "LinkMp3": "https://files.catbox.moe/8112rv.mp3",
        "annId": 9102
    },
    {
        "animeEng": "Shimajir\u014d to Niji no Oasis",
        "animeRomaji": "Shimajir\u014d to Niji no Oasis",
        "songName": "Bouken no Dadada",
        "artist": "PUFFY",
        "type": "Insert Song",
        "correctCount": 8,
        "startTime": 125,
        "songDuration": 235.392,
        "songNumber": 13,
        "activePlayerCount": 160,
        "LinkVideo": "https://files.catbox.moe/c7e3bt.webm",
        "LinkMp3": "https://files.catbox.moe/4gus6o.mp3",
        "annId": 23115
    },
    {
        "animeEng": "Sailor Moon R the Movie: Promise of the Rose",
        "animeRomaji": "Bish\u014djo Senshi Sailor Moon R: The Movie",
        "songName": "Moonlight Densetsu",
        "artist": "DALI",
        "type": "Opening 1",
        "correctCount": 106,
        "startTime": 22,
        "songDuration": 81.576,
        "songNumber": 14,
        "activePlayerCount": 159,
        "LinkVideo": "https://files.catbox.moe/n7bgqk.webm",
        "LinkMp3": "https://files.catbox.moe/2l2ggb.mp3",
        "annId": 811
    },
    {
        "animeEng": "Kino's Journey",
        "animeRomaji": "Kino no Tabi -the Beautiful World-",
        "songName": "all the way",
        "artist": "Mikuni Shimokawa",
        "type": "Opening 1",
        "correctCount": 88,
        "startTime": 42,
        "songDuration": 89.568,
        "songNumber": 15,
        "activePlayerCount": 159,
        "LinkVideo": "https://files.catbox.moe/pk83lg.webm",
        "LinkMp3": "https://files.catbox.moe/3tzkba.mp3",
        "annId": 1965
    },
    {
        "animeEng": "Cackling Kitarou",
        "animeRomaji": "Gegege no Kitar\u014d",
        "songName": "Kitaro Nainai Ontou",
        "artist": "Kazuo Kumakura",
        "type": "Ending 2",
        "correctCount": 124,
        "startTime": 18,
        "songDuration": 58.92,
        "songNumber": 16,
        "activePlayerCount": 159,
        "LinkVideo": "https://files.catbox.moe/pn3bfk.webm",
        "LinkMp3": "https://files.catbox.moe/s0gc6u.mp3",
        "annId": 1328
    },
    {
        "animeEng": "Scramble Wars",
        "animeRomaji": "Scramble Wars - Tsuppashire! Genom Trophy Rally",
        "songName": "Cinderella nanka Tsumaranai",
        "artist": "WIZ\u2022KISS",
        "type": "Opening 1",
        "correctCount": 6,
        "startTime": 167,
        "songDuration": 203.664,
        "songNumber": 17,
        "activePlayerCount": 159,
        "LinkVideo": "https://files.catbox.moe/2zm19i.webm",
        "LinkMp3": "https://files.catbox.moe/sjfbnv.mp3",
        "annId": 958
    },
    {
        "animeEng": "Detective Conan Episode One: The Great Detective Turned Small",
        "animeRomaji": "Meitantei Conan Episode One: Chiisaku Natta Meitantei",
        "songName": "Mune ga Dokidoki",
        "artist": "the High-Lows",
        "type": "Opening 1",
        "correctCount": 58,
        "startTime": 9,
        "songDuration": 88.152,
        "songNumber": 18,
        "activePlayerCount": 159,
        "LinkVideo": "https://files.catbox.moe/owxyt9.webm",
        "LinkMp3": "https://files.catbox.moe/8oivrm.mp3",
        "annId": 22487
    },
    {
        "animeEng": "Hellsing Ultimate",
        "animeRomaji": "Hellsing Ultimate",
        "songName": "Akuma Stocking",
        "artist": "Tokusatsu",
        "type": "Insert Song",
        "correctCount": 7,
        "startTime": 128,
        "songDuration": 173.84191,
        "songNumber": 19,
        "activePlayerCount": 158,
        "LinkVideo": "https://files.catbox.moe/lozfqh.webm",
        "LinkMp3": "https://files.catbox.moe/mjp3os.mp3",
        "annId": 5114
    },
    {
        "animeEng": "Steins;Gate",
        "animeRomaji": "Steins;Gate",
        "songName": "Toki Tsukasadoru Juuni no Meiyaku",
        "artist": "Phantasm",
        "type": "Ending 1",
        "correctCount": 76,
        "startTime": 0,
        "songDuration": 88.392,
        "songNumber": 20,
        "activePlayerCount": 158,
        "LinkVideo": "https://files.catbox.moe/7gbd9e.webm",
        "LinkMp3": "https://files.catbox.moe/gwjlke.mp3",
        "annId": 11770
    },
    {
        "animeEng": "Girls und Panzer: This is the Real Anzio Battle!",
        "animeRomaji": "Girls und Panzer: Kore ga Hont\u014d no Anzio-sen Desu!",
        "songName": "DreamRiser",
        "artist": "ChouCho",
        "type": "Opening 1",
        "correctCount": 82,
        "startTime": 20,
        "songDuration": 88.968,
        "songNumber": 21,
        "activePlayerCount": 159,
        "LinkVideo": "https://files.catbox.moe/cd04gs.webm",
        "LinkMp3": "https://files.catbox.moe/dclay4.mp3",
        "annId": 16863
    },
    {
        "animeEng": "Aikatsu Friends!",
        "animeRomaji": "Aikatsu Friends!",
        "songName": "6cm Ue no Keshiki",
        "artist": "Mio from BEST FRIENDS!",
        "type": "Insert Song",
        "correctCount": 20,
        "startTime": 61,
        "songDuration": 109.776,
        "songNumber": 22,
        "activePlayerCount": 158,
        "LinkVideo": "https://files.catbox.moe/jh8883.webm",
        "LinkMp3": "https://files.catbox.moe/qlqe9b.mp3",
        "annId": 20586
    },
    {
        "animeEng": "Negima!?",
        "animeRomaji": "Negima!?",
        "songName": "Hoshizora Letter",
        "artist": "Akemi Kanda",
        "type": "Ending 1",
        "correctCount": 5,
        "startTime": 47,
        "songDuration": 86.184,
        "songNumber": 23,
        "activePlayerCount": 158,
        "LinkVideo": "https://files.catbox.moe/emih4z.webm",
        "LinkMp3": "https://files.catbox.moe/ffr9cm.mp3",
        "annId": 6708,
        "correctPlayers": [
            "Jlin2",
            "AleisterCrowley",
            "DudeWeedLmao",
            "initiald",
            "Hanleco"
        ]
    },
    {
        "animeEng": "Release the Spyce",
        "animeRomaji": "Release the Spyce",
        "songName": "Spatto! Spy & Spyce",
        "artist": "Tsukikage",
        "type": "Opening 1",
        "correctCount": 118,
        "startTime": 11,
        "songDuration": 89.352,
        "songNumber": 24,
        "activePlayerCount": 157,
        "LinkVideo": "https://files.catbox.moe/knvm6e.webm",
        "LinkMp3": "https://files.catbox.moe/m0to4z.mp3",
        "annId": 20595
    },
    {
        "animeEng": "Attack No. 1",
        "animeRomaji": "Attack No. 1",
        "songName": "Attack No.1",
        "artist": "Kurumi Kobato",
        "type": "Opening 1",
        "correctCount": 19,
        "startTime": 45,
        "songDuration": 85.392,
        "songNumber": 25,
        "activePlayerCount": 156,
        "LinkVideo": "https://files.catbox.moe/dhasju.webm",
        "LinkMp3": "https://files.catbox.moe/q4avnr.mp3",
        "annId": 1186
    },
    {
        "animeEng": "Nisekoi",
        "animeRomaji": "Nisekoi",
        "songName": "CLICK",
        "artist": "ClariS",
        "type": "Opening 1",
        "correctCount": 113,
        "startTime": 20,
        "songDuration": 88.056,
        "songNumber": 26,
        "activePlayerCount": 156,
        "LinkVideo": "https://files.catbox.moe/ljdrmd.webm",
        "LinkMp3": "https://files.catbox.moe/aanevi.mp3",
        "annId": 16607
    },
    {
        "animeEng": "Pok\u00e9mon Chronicles",
        "animeRomaji": "Pocket Monsters Side Story",
        "songName": "Maemuki Rocket-dan!",
        "artist": "Rocket-dan",
        "type": "Ending 3",
        "correctCount": 98,
        "startTime": 37,
        "songDuration": 79.567612,
        "songNumber": 27,
        "activePlayerCount": 155,
        "LinkVideo": "https://files.catbox.moe/krqezx.webm",
        "LinkMp3": "https://files.catbox.moe/jfvqdi.mp3",
        "annId": 15668
    },
    {
        "animeEng": "School Babysitters",
        "animeRomaji": "Gakuen Babysitters",
        "songName": "Endless happy world",
        "artist": "Daisuke Ono",
        "type": "Opening 1",
        "correctCount": 37,
        "startTime": 1,
        "songDuration": 87.432,
        "songNumber": 28,
        "activePlayerCount": 155,
        "LinkVideo": "https://files.catbox.moe/6s6ko3.webm",
        "LinkMp3": "https://files.catbox.moe/lbt6uc.mp3",
        "annId": 19400
    },
    {
        "animeEng": "Psycho Armor Govarian",
        "animeRomaji": "Psychoarmor Gobarian",
        "songName": "Kodoku no Tabiji",
        "artist": "Neverland",
        "type": "Opening 1",
        "correctCount": 8,
        "startTime": 38,
        "songDuration": 87.696,
        "songNumber": 29,
        "activePlayerCount": 155,
        "LinkVideo": "https://files.catbox.moe/gv1wjf.webm",
        "LinkMp3": "https://files.catbox.moe/37d00g.mp3",
        "annId": 2700
    },
    {
        "animeEng": "Sorcerous Stabber Orphen: Battle of Kimluck",
        "animeRomaji": "Majutsushi Orphen Haguretabi: Kimluck-hen",
        "songName": "Marionette Coup d'\u00c9tat",
        "artist": "Mai Fuchigami",
        "type": "Ending 1",
        "correctCount": 6,
        "startTime": 22,
        "songDuration": 90.024,
        "songNumber": 30,
        "activePlayerCount": 155,
        "LinkVideo": "https://files.catbox.moe/uuezcw.webm",
        "LinkMp3": "https://files.catbox.moe/674fth.mp3",
        "annId": 23574
    },
    {
        "animeEng": "The Dagger of Kamui",
        "animeRomaji": "Kamui no Ken",
        "songName": "Kamui no Ken",
        "artist": "Noriko Watanabe",
        "type": "Ending 1",
        "correctCount": 2,
        "startTime": 89,
        "songDuration": 193.04158,
        "songNumber": 31,
        "activePlayerCount": 153,
        "LinkVideo": "https://files.catbox.moe/d2669g.webm",
        "LinkMp3": "https://files.catbox.moe/ua10bv.mp3",
        "annId": 569,
        "correctPlayers": [
            "yeims",
            "ozsauce"
        ]
    },
    {
        "animeEng": "anohana: The Flower We Saw That Day",
        "animeRomaji": "Ano Hi Mita Hana no Namae o Boku-tachi wa Mada Shiranai.",
        "songName": "Circle Game",
        "artist": "Galileo Galilei",
        "type": "Ending 1",
        "correctCount": 94,
        "startTime": 105,
        "songDuration": 278.568,
        "songNumber": 32,
        "activePlayerCount": 152,
        "LinkVideo": "https://files.catbox.moe/qh0ug8.webm",
        "LinkMp3": "https://files.catbox.moe/iw7w2e.mp3",
        "annId": 15154
    },
    {
        "animeEng": "God Eater",
        "animeRomaji": "God Eater",
        "songName": "Have you ever seen...",
        "artist": "GHOST ORACLE DRIVE",
        "type": "Insert Song",
        "correctCount": 16,
        "startTime": 4,
        "songDuration": 104.976,
        "songNumber": 33,
        "activePlayerCount": 151,
        "LinkVideo": "https://files.catbox.moe/gsjrb7.webm",
        "LinkMp3": "https://files.catbox.moe/w85e0x.mp3",
        "annId": 16370
    },
    {
        "animeEng": "Free! Dive to the Future",
        "animeRomaji": "Free! Dive to the Future",
        "songName": "GOLD EVOLUTION",
        "artist": "STYLE FIVE",
        "type": "Ending 1",
        "correctCount": 17,
        "startTime": 33,
        "songDuration": 95.568,
        "songNumber": 34,
        "activePlayerCount": 151,
        "LinkVideo": "https://files.catbox.moe/wdscz2.webm",
        "LinkMp3": "https://files.catbox.moe/3rg3ly.mp3",
        "annId": 20895
    },
    {
        "animeEng": "Gate",
        "animeRomaji": "Gate: Jieitai Kanochi nite, Kaku Tatakaeri",
        "songName": "GATE II ~Sekai o Koete~",
        "artist": "Kishida Ky\u014ddan &THE Akeboshi Rockets",
        "type": "Opening 1",
        "correctCount": 103,
        "startTime": 44,
        "songDuration": 89.64,
        "songNumber": 35,
        "activePlayerCount": 150,
        "LinkVideo": "https://files.catbox.moe/ip2efc.webm",
        "LinkMp3": "https://files.catbox.moe/plqsq8.mp3",
        "annId": 17831
    },
    {
        "animeEng": "Pastel Memories",
        "animeRomaji": "Pastel Memories",
        "songName": "Believe in Sky",
        "artist": "Asami Imai",
        "type": "Opening 1",
        "correctCount": 20,
        "startTime": 46,
        "songDuration": 89.85968,
        "songNumber": 36,
        "activePlayerCount": 150,
        "LinkVideo": "https://files.catbox.moe/hr75mf.webm",
        "LinkMp3": "https://files.catbox.moe/ixmcet.mp3",
        "annId": 20804
    },
    {
        "animeEng": "The Ten Little Gall Force",
        "animeRomaji": "The Ten Little Gall Force",
        "songName": "Sugao no Spy-tachi",
        "artist": "GALL FORCE ETERNAL BAND",
        "type": "Ending 1",
        "correctCount": 3,
        "startTime": 35,
        "songDuration": 102.048,
        "songNumber": 37,
        "activePlayerCount": 150,
        "LinkVideo": "https://files.catbox.moe/g2fa4g.webm",
        "LinkMp3": "https://files.catbox.moe/awrt1m.mp3",
        "annId": 19332,
        "correctPlayers": [
            "asleep",
            "Zurer",
            "watashiii"
        ]
    },
    {
        "animeEng": "Monster Strike: Rain of Memories",
        "animeRomaji": "Monster Strike: Rain of Memories",
        "songName": "Aurora",
        "artist": "WHITE ASH",
        "type": "Ending 1",
        "correctCount": 5,
        "startTime": 65,
        "songDuration": 201.216,
        "songNumber": 38,
        "activePlayerCount": 150,
        "LinkVideo": "https://files.catbox.moe/52872u.webm",
        "LinkMp3": "https://files.catbox.moe/7qqvr2.mp3",
        "annId": 23065,
        "correctPlayers": [
            "Carmanher",
            "asleep",
            "watashiii",
            "Nippah",
            "oh95"
        ]
    },
    {
        "animeEng": "ESPer Mami",
        "animeRomaji": "ESPer Mami",
        "songName": "S.O.S",
        "artist": "Ushio Hashimoto",
        "type": "Opening 2",
        "correctCount": 10,
        "startTime": 2,
        "songDuration": 60.648,
        "songNumber": 39,
        "activePlayerCount": 150,
        "LinkVideo": "https://files.catbox.moe/dw8j5l.webm",
        "LinkMp3": "https://files.catbox.moe/ymzu9z.mp3",
        "annId": 1037
    },
    {
        "animeEng": "Mushishi Zoku-Sh\u014d: Suzu no Shizuku",
        "animeRomaji": "Mushishi Zoku-Sh\u014d: Suzu no Shizuku",
        "songName": "SHIVER",
        "artist": "Lucy Rose",
        "type": "Opening 1",
        "correctCount": 131,
        "startTime": 11,
        "songDuration": 91.128,
        "songNumber": 40,
        "activePlayerCount": 150,
        "LinkVideo": "https://files.catbox.moe/3uq64m.webm",
        "LinkMp3": "https://files.catbox.moe/i78kh7.mp3",
        "annId": 17020
    },
    {
        "animeEng": "Gegege no Kitar\u014d: Y\u014dkai Daisens\u014d",
        "animeRomaji": "Gegege no Kitar\u014d: Y\u014dkai Daisens\u014d",
        "songName": "Gegege no Kitaro",
        "artist": "Ikuzo Yoshi",
        "type": "Opening 1",
        "correctCount": 147,
        "startTime": 25,
        "songDuration": 87.984,
        "songNumber": 41,
        "activePlayerCount": 151,
        "LinkVideo": "https://files.catbox.moe/jt1a2u.webm",
        "LinkMp3": "https://files.catbox.moe/t0ob8y.mp3",
        "annId": 3857
    },
    {
        "animeEng": "Ani \u00d7 Para: Anata no Hero wa Dare Desu ka",
        "animeRomaji": "Ani \u00d7 Para: Anata no Hero wa Dare Desu ka",
        "songName": "Harebutai",
        "artist": "LiSA",
        "type": "Ending 7",
        "correctCount": 14,
        "startTime": 15,
        "songDuration": 49.56,
        "songNumber": 42,
        "activePlayerCount": 150,
        "LinkVideo": "https://files.catbox.moe/qsqmp3.webm",
        "LinkMp3": "https://files.catbox.moe/pm60r0.mp3",
        "annId": 22409
    },
    {
        "animeEng": "Tweeny Witches The Adventures",
        "animeRomaji": "Mah\u014d Sh\u014djo Tai Arusu: The Adventure",
        "songName": "DuDiDuWa*lalala",
        "artist": "KOTOKO",
        "type": "Ending 1",
        "correctCount": 15,
        "startTime": 23,
        "songDuration": 88.512,
        "songNumber": 43,
        "activePlayerCount": 150,
        "LinkVideo": "https://files.catbox.moe/sfezm1.webm",
        "LinkMp3": "https://files.catbox.moe/g87xbk.mp3",
        "annId": 6191
    },
    {
        "animeEng": "Rozen Maiden: Rewind",
        "animeRomaji": "Rozen Maiden: Zur\u00fcckspulen",
        "songName": "Makimasuka Makimasenka",
        "artist": "Mayumi Sudo",
        "type": "Insert Song",
        "correctCount": 3,
        "startTime": 43,
        "songDuration": 80.090052,
        "songNumber": 44,
        "activePlayerCount": 149,
        "LinkVideo": "https://files.catbox.moe/3jfgy4.webm",
        "LinkMp3": "https://files.catbox.moe/qxz6x4.mp3",
        "annId": 15072,
        "correctPlayers": [
            "Carmanher",
            "YoshiNuber",
            "shadowpandax"
        ]
    },
    {
        "animeEng": "Yuruyuri Nachu Yachumi!",
        "animeRomaji": "Yuruyuri Nachu Yachumi!",
        "songName": "Yuru Yurin Rinrin Rinrin",
        "artist": "Nanamori Ch\u016b\u2606Goraku-bu",
        "type": "Opening 1",
        "correctCount": 52,
        "startTime": 44,
        "songDuration": 90.048,
        "songNumber": 45,
        "activePlayerCount": 149,
        "LinkVideo": "https://files.catbox.moe/ufssnv.webm",
        "LinkMp3": "https://files.catbox.moe/s9xfvc.mp3",
        "annId": 16339
    },
    {
        "animeEng": "Dragon Ball Z: The History Of Trunks",
        "animeRomaji": "Dragon Ball Z: Zetsub\u014d e no Hank\u014d!! Nokosareta Ch\u014d Senshi - Gohan to Trunks",
        "songName": "CHA-LA HEAD-CHA-LA",
        "artist": "Hironobu Kageyama",
        "type": "Opening 1",
        "correctCount": 140,
        "startTime": 32,
        "songDuration": 107.074078,
        "songNumber": 46,
        "activePlayerCount": 148,
        "LinkVideo": "https://files.catbox.moe/al9o96.webm",
        "LinkMp3": "https://files.catbox.moe/ewehoa.mp3",
        "annId": 133
    },
    {
        "animeEng": "Turn A Gundam",
        "animeRomaji": "Turn A Gundam",
        "songName": "Turn A Turn",
        "artist": "Hideki Saijou",
        "type": "Opening 1",
        "correctCount": 29,
        "startTime": 19,
        "songDuration": 79.824,
        "songNumber": 47,
        "activePlayerCount": 149,
        "LinkVideo": "https://files.catbox.moe/p8mxyo.webm",
        "LinkMp3": "https://files.catbox.moe/aqf4n8.mp3",
        "annId": 917
    },
    {
        "animeEng": "Generation of Chaos Next: Chikai no Pendant",
        "animeRomaji": "Generation of Chaos Next: Chikai no Pendant",
        "songName": "LOVE&HISTORY",
        "artist": "Nana Mizuki",
        "type": "Opening 1",
        "correctCount": 20,
        "startTime": 52,
        "songDuration": 87.024,
        "songNumber": 48,
        "activePlayerCount": 149,
        "LinkVideo": "https://files.catbox.moe/zr2oko.webm",
        "LinkMp3": "https://files.catbox.moe/sk0qi5.mp3",
        "annId": 5722
    },
    {
        "animeEng": "My Dread is School!",
        "animeRomaji": "Gakk\u014d ga Kowai! Inuki Kanako Zekky\u014d Collection",
        "songName": "Yours",
        "artist": "east cloud",
        "type": "Ending 1",
        "correctCount": 0,
        "startTime": 12,
        "songDuration": 100.056,
        "songNumber": 49,
        "activePlayerCount": 149,
        "LinkVideo": "https://files.catbox.moe/fs689c.webm",
        "LinkMp3": "https://files.catbox.moe/p1bt2b.mp3",
        "annId": 3507
    },
    {
        "animeEng": "Sherlock Hound",
        "animeRomaji": "Meitantei Holmes: Aoi Ruby no Maki / Kaitei no Zaih\u014d no Maki",
        "songName": "B\u014dken no Alibi",
        "artist": "Haruko Kuwana",
        "type": "Ending 1",
        "correctCount": 3,
        "startTime": 8,
        "songDuration": 99.624,
        "songNumber": 50,
        "activePlayerCount": 148,
        "LinkVideo": "https://files.catbox.moe/t8dl14.webm",
        "LinkMp3": "https://files.catbox.moe/vfo7i0.mp3",
        "annId": 11776,
        "correctPlayers": [
            "Nippah",
            "ChelIy",
            "ozsauce"
        ]
    },
    {
        "animeEng": "Bobobo-bo Bo-bobo",
        "animeRomaji": "Bobobo-bo Bo-bobo",
        "songName": "Shiawase",
        "artist": "Mani\u2606Laba",
        "type": "Ending 1",
        "correctCount": 6,
        "startTime": 20,
        "songDuration": 79.584,
        "songNumber": 51,
        "activePlayerCount": 148,
        "LinkVideo": "https://files.catbox.moe/x4y8dr.webm",
        "LinkMp3": "https://files.catbox.moe/7tnx2e.mp3",
        "annId": 3085
    },
    {
        "animeEng": "Infinite Stratos",
        "animeRomaji": "IS: Infinite Stratos",
        "songName": "SUPER\u221eSTREAM",
        "artist": "Y\u014dko Hikasa, Yukana, Asami Shimoda",
        "type": "Ending 3",
        "correctCount": 65,
        "startTime": 6,
        "songDuration": 89.064,
        "songNumber": 52,
        "activePlayerCount": 148,
        "LinkVideo": "https://files.catbox.moe/5v3orb.webm",
        "LinkMp3": "https://files.catbox.moe/uq51je.mp3",
        "annId": 11769
    },
    {
        "animeEng": "All Purpose Cultural Cat Girl Nuku Nuku",
        "animeRomaji": "Bann\u014d Bunka Neko-Musume",
        "songName": "Harikitte Trying!",
        "artist": "Megumi Hayashibara",
        "type": "Ending 2",
        "correctCount": 6,
        "startTime": 68,
        "songDuration": 156.72,
        "songNumber": 53,
        "activePlayerCount": 147,
        "LinkVideo": "https://files.catbox.moe/zegpwt.webm",
        "LinkMp3": "https://files.catbox.moe/04b7yg.mp3",
        "annId": 556
    },
    {
        "animeEng": "The God of High School",
        "animeRomaji": "The God of High School",
        "songName": "WIN",
        "artist": "CIX",
        "type": "Ending 1",
        "correctCount": 104,
        "startTime": 2,
        "songDuration": 87.48,
        "songNumber": 54,
        "activePlayerCount": 146,
        "LinkVideo": "https://files.catbox.moe/tj2nm4.webm",
        "LinkMp3": "https://files.catbox.moe/csya8w.mp3",
        "annId": 23279
    },
    {
        "animeEng": "Wagnaria!!3",
        "animeRomaji": "Working!!!",
        "songName": "Matsuge ni LOCK",
        "artist": "Jun Fukuyama, Daisuke Ono, Hiroshi Kamiya",
        "type": "Ending 1",
        "correctCount": 31,
        "startTime": 12,
        "songDuration": 89.833558,
        "songNumber": 55,
        "activePlayerCount": 146,
        "LinkVideo": "https://files.catbox.moe/2mq86m.webm",
        "LinkMp3": "https://files.catbox.moe/mghkvi.mp3",
        "annId": 16648
    },
    {
        "animeEng": "Raccoon Rascal",
        "animeRomaji": "Araiguma Rascal",
        "songName": "Oide Rascal",
        "artist": "Kumiko \u014csugi",
        "type": "Ending 1",
        "correctCount": 3,
        "startTime": 14,
        "songDuration": 75.792,
        "songNumber": 56,
        "activePlayerCount": 146,
        "LinkVideo": "https://files.catbox.moe/ko0jqo.webm",
        "LinkMp3": "https://files.catbox.moe/f6aymd.mp3",
        "annId": 437,
        "correctPlayers": [
            "gaaw",
            "Rukawa11",
            "ozsauce"
        ]
    },
    {
        "animeEng": "Ah My Buddha Season 2",
        "animeRomaji": "Amaenaide yo!! Katsu!!",
        "songName": "Amaenaide y\u014d!!",
        "artist": "Amae-taii!!",
        "type": "Opening 1",
        "correctCount": 18,
        "startTime": 4,
        "songDuration": 89.064,
        "songNumber": 57,
        "activePlayerCount": 145,
        "LinkVideo": "https://files.catbox.moe/siwz1k.webm",
        "LinkMp3": "https://files.catbox.moe/kmmk65.mp3",
        "annId": 6204
    },
    {
        "animeEng": "Samurai Warriors",
        "animeRomaji": "Sengoku Musou",
        "songName": "Ikusa",
        "artist": "Wagakki Band",
        "type": "Opening 1",
        "correctCount": 16,
        "startTime": 29,
        "songDuration": 89.04,
        "songNumber": 58,
        "activePlayerCount": 145,
        "LinkVideo": "https://files.catbox.moe/aic0iq.webm",
        "LinkMp3": "https://files.catbox.moe/1bzl7k.mp3",
        "annId": 16428
    },
    {
        "animeEng": "GR -GIANT ROBO-",
        "animeRomaji": "GR -GIANT ROBO-",
        "songName": "Answer",
        "artist": "rockwell",
        "type": "Opening 1",
        "correctCount": 2,
        "startTime": 6,
        "songDuration": 88.848,
        "songNumber": 59,
        "activePlayerCount": 145,
        "LinkVideo": "https://files.catbox.moe/q1s0dw.webm",
        "LinkMp3": "https://files.catbox.moe/5md9v5.mp3",
        "annId": 6939,
        "correctPlayers": [
            "Carmanher",
            "Rukawa11"
        ]
    },
    {
        "animeEng": "Princess Knight",
        "animeRomaji": "Ribbon no Kishi",
        "songName": "Ribbon no Kishi",
        "artist": "Isao Tomita",
        "type": "Opening 1",
        "correctCount": 18,
        "startTime": 51,
        "songDuration": 102.12,
        "songNumber": 60,
        "activePlayerCount": 146,
        "LinkVideo": "https://files.catbox.moe/dap8l6.webm",
        "LinkMp3": "https://files.catbox.moe/l47q2s.mp3",
        "annId": 452
    },
    {
        "animeEng": "Gekij\u014dban gdgd Fairies tte Iu Eiga wa D\u014d kana\u2026?",
        "animeRomaji": "Gekij\u014dban gdgd Fairies tte Iu Eiga wa D\u014d kana\u2026?",
        "songName": "DenDen Passion",
        "artist": "Dempagumi.inc",
        "type": "Insert Song",
        "correctCount": 17,
        "startTime": 1,
        "songDuration": 36.072,
        "songNumber": 61,
        "activePlayerCount": 145,
        "LinkVideo": "https://files.catbox.moe/ehpeg6.webm",
        "LinkMp3": "https://files.catbox.moe/lj2l4l.mp3",
        "annId": 16274
    },
    {
        "animeEng": "Monkey Turn",
        "animeRomaji": "Monkey Turn",
        "songName": "Hikari to Kaze to Kimi no Naka de",
        "artist": "Ai Takaoka",
        "type": "Ending 1",
        "correctCount": 2,
        "startTime": 11,
        "songDuration": 89.568,
        "songNumber": 62,
        "activePlayerCount": 145,
        "LinkVideo": "https://files.catbox.moe/k3rofc.webm",
        "LinkMp3": "https://files.catbox.moe/uecbfu.mp3",
        "annId": 3209,
        "correctPlayers": [
            "yeims",
            "Jlin2"
        ]
    },
    {
        "animeEng": "Shachibato! President, It's Time for Battle!",
        "animeRomaji": "Shach\u014d, Battle no Jikan Desu!",
        "songName": "Hurry Love",
        "artist": "Azumi Waki",
        "type": "Opening 1",
        "correctCount": 32,
        "startTime": 7,
        "songDuration": 89.016,
        "songNumber": 63,
        "activePlayerCount": 145,
        "LinkVideo": "https://files.catbox.moe/o0aplb.webm",
        "LinkMp3": "https://files.catbox.moe/ltipe1.mp3",
        "annId": 22910
    },
    {
        "animeEng": "Mobile Suit Gundam AGE",
        "animeRomaji": "Kid\u014d Senshi Gundam AGE",
        "songName": "Asu e",
        "artist": "Galileo Galilei",
        "type": "Opening 1",
        "correctCount": 21,
        "startTime": 2,
        "songDuration": 88.656,
        "songNumber": 64,
        "activePlayerCount": 145,
        "LinkVideo": "https://files.catbox.moe/brw1lf.webm",
        "LinkMp3": "https://files.catbox.moe/ov829t.mp3",
        "annId": 13012
    },
    {
        "animeEng": "Ah! My Goddess: Fighting Wings",
        "animeRomaji": "Aa Megami-sama: Tatakau Tsubasa",
        "songName": "Ai no Hoshi",
        "artist": "Jyukai",
        "type": "Opening 1",
        "correctCount": 5,
        "startTime": 4,
        "songDuration": 88.512,
        "songNumber": 65,
        "activePlayerCount": 145,
        "LinkVideo": "https://files.catbox.moe/ftc411.webm",
        "LinkMp3": "https://files.catbox.moe/k8v9pl.mp3",
        "annId": 8679,
        "correctPlayers": [
            "Carmanher",
            "AquaHaze",
            "watashiii",
            "Rukawa11",
            "shadowpandax"
        ]
    },
    {
        "animeEng": "Rizelmine",
        "animeRomaji": "Rizelmine",
        "songName": "Honki Power no Dash!",
        "artist": "Rie Kugimiya",
        "type": "Ending 1",
        "correctCount": 13,
        "startTime": 15,
        "songDuration": 89.650704,
        "songNumber": 66,
        "activePlayerCount": 145,
        "LinkVideo": "https://files.catbox.moe/gmte3w.webm",
        "LinkMp3": "https://files.catbox.moe/liobzo.mp3",
        "annId": 841
    },
    {
        "animeEng": "SING \"YESTERDAY\" FOR ME",
        "animeRomaji": "Yesterday o Utatte",
        "songName": "Yesterday o Utatte",
        "artist": "agehasprings feat. Annyyy (TaNaBaTa)",
        "type": "Ending 3",
        "correctCount": 98,
        "startTime": 45,
        "songDuration": 89.616,
        "songNumber": 67,
        "activePlayerCount": 145,
        "LinkVideo": "https://files.catbox.moe/g55znm.webm",
        "LinkMp3": "https://files.catbox.moe/g0s4uo.mp3",
        "annId": 22975
    },
    {
        "animeEng": "Dragon Ball GT",
        "animeRomaji": "Dragon Ball GT",
        "songName": "Step Into the Grand Tour",
        "artist": "Shorty the Man",
        "type": "Opening 1",
        "correctCount": 119,
        "startTime": 23,
        "songDuration": 60.072,
        "songNumber": 68,
        "activePlayerCount": 145,
        "LinkVideo": "https://files.catbox.moe/cbi9kc.webm",
        "LinkMp3": "https://files.catbox.moe/ajplrl.mp3",
        "annId": 616
    },
    {
        "animeEng": "Future GPX Cyber Formula",
        "animeRomaji": "Future GPX Cyber Formula",
        "songName": "I'll Come",
        "artist": "G\u30fbGRIP",
        "type": "Opening 1",
        "correctCount": 9,
        "startTime": 37,
        "songDuration": 92.232,
        "songNumber": 69,
        "activePlayerCount": 145,
        "LinkVideo": "https://files.catbox.moe/q7w4eu.webm",
        "LinkMp3": "https://files.catbox.moe/kisjqq.mp3",
        "annId": 1979
    },
    {
        "animeEng": "Yarichin Bitch-bu",
        "animeRomaji": "Yarichin Bitch-bu",
        "songName": "Touch you",
        "artist": "Shiritsu Morimouri Gakuen-sei Haru\u2661Danshis",
        "type": "Ending 1",
        "correctCount": 67,
        "startTime": 29,
        "songDuration": 89.064,
        "songNumber": 70,
        "activePlayerCount": 145,
        "LinkVideo": "https://files.catbox.moe/1baim9.webm",
        "LinkMp3": "https://files.catbox.moe/1mndsk.mp3",
        "annId": 21142
    },
    {
        "animeEng": "Joe vs. Joe",
        "animeRomaji": "Futari no Joe",
        "songName": "Tomo yo",
        "artist": "Yuji Ohya",
        "type": "Opening 1",
        "correctCount": 7,
        "startTime": 19,
        "songDuration": 88.512,
        "songNumber": 71,
        "activePlayerCount": 145,
        "LinkVideo": "https://files.catbox.moe/94qd0k.webm",
        "LinkMp3": "https://files.catbox.moe/qqq3pa.mp3",
        "annId": 9423
    },
    {
        "animeEng": "Cells at Work! Kaze Sh\u014dk\u014dgun",
        "animeRomaji": "Cells at Work! Kaze Sh\u014dk\u014dgun",
        "songName": "Mission! Ken - K\u014d - Dai - Ichi",
        "artist": "Kana Hanazawa, Tomoaki Maeno, Daisuke Ono, Kikuko Inoue",
        "type": "Opening 1",
        "correctCount": 132,
        "startTime": 11,
        "songDuration": 90.048,
        "songNumber": 72,
        "activePlayerCount": 145,
        "LinkVideo": "https://files.catbox.moe/m5icuc.webm",
        "LinkMp3": "https://files.catbox.moe/p9hyfr.mp3",
        "annId": 21586
    },
    {
        "animeEng": "The Disappearance of Conan Edogawa: The Worst Two Days in History",
        "animeRomaji": "Meitantei Conan: Edogawa Conan Shiss\u014d Jiken - Chij\u014d Saiaku no Futsukakan",
        "songName": "Bokura no Yume sa Kamen Yaiba",
        "artist": "Wataru Takagi",
        "type": "Insert Song",
        "correctCount": 74,
        "startTime": 8,
        "songDuration": 53.832,
        "songNumber": 73,
        "activePlayerCount": 144,
        "LinkVideo": "https://files.catbox.moe/s460vs.webm",
        "LinkMp3": "https://files.catbox.moe/15n3l3.mp3",
        "annId": 17874
    },
    {
        "animeEng": "Episode of Sabo: The Three Brothers' Bond - The Miraculous Reunion",
        "animeRomaji": "One Piece Episode of Sabo",
        "songName": "Liberator",
        "artist": "Goodbye holiday",
        "type": "Ending 1",
        "correctCount": 4,
        "startTime": 33,
        "songDuration": 82.179812,
        "songNumber": 74,
        "activePlayerCount": 144,
        "LinkVideo": "https://files.catbox.moe/kyx3ok.webm",
        "LinkMp3": "https://files.catbox.moe/hjnvey.mp3",
        "annId": 17212,
        "correctPlayers": [
            "revel_",
            "kneesoxluver",
            "theyingster",
            "Jlin2"
        ]
    },
    {
        "animeEng": "Starry Tales: Seiza wa Toki wo Koete",
        "animeRomaji": "Starry Tales: Seiza wa Toki wo Koete",
        "songName": "Starry Tales",
        "artist": "ORIGA",
        "type": "Insert Song",
        "correctCount": 1,
        "startTime": 81,
        "songDuration": 200.088,
        "songNumber": 75,
        "activePlayerCount": 144,
        "LinkVideo": "https://files.catbox.moe/sbfpjw.webm",
        "LinkMp3": "https://files.catbox.moe/5qsbxg.mp3",
        "annId": 24122,
        "correctPlayers": [
            "anomanderbaked"
        ]
    }
]