[
    {
        "animeEng": "I'm Standing on A Million Lives",
        "animeRomaji": "100-man no Inochi no Ue ni Ore wa Tatteiru",
        "songName": "Carpe Diem",
        "artist": "Liyuu",
        "type": "Ending 1",
        "correctCount": 46,
        "startTime": 16,
        "songDuration": 88.488,
        "songNumber": 1,
        "activePlayerCount": 241,
        "LinkVideo": "https://files.catbox.moe/b0ma24.webm",
        "LinkMp3": "https://files.catbox.moe/1o1zh9.mp3",
        "annId": 23492
    },
    {
        "animeEng": "True Tears",
        "animeRomaji": "True Tears",
        "songName": "Sekai no Namida",
        "artist": "Aira Yuuki",
        "type": "Ending 1",
        "correctCount": 30,
        "startTime": 16,
        "songDuration": 88.248,
        "songNumber": 2,
        "activePlayerCount": 237,
        "LinkVideo": "https://files.catbox.moe/ro2bne.webm",
        "LinkMp3": "https://files.catbox.moe/amtbij.mp3",
        "annId": 6257
    },
    {
        "animeEng": "The Prince of Tennis: A Gift from Atobe",
        "animeRomaji": "Tennis no \u014cji-sama: Atobe Kara no Okurimono",
        "songName": "Departures",
        "artist": "the Seigaku Regulars",
        "type": "Ending 1",
        "correctCount": 4,
        "startTime": 17,
        "songDuration": 99.168,
        "songNumber": 3,
        "activePlayerCount": 237,
        "LinkVideo": "https://files.catbox.moe/bqd9zx.webm",
        "LinkMp3": "https://files.catbox.moe/2fx4mf.mp3",
        "annId": 6468,
        "correctPlayers": [
            "ewic",
            "theyingster",
            "watashiii",
            "shadowpandax"
        ]
    },
    {
        "animeEng": "Mushi-Shi",
        "animeRomaji": "Mushishi",
        "songName": "The Sore Feet Song",
        "artist": "Ally Kerr",
        "type": "Opening 1",
        "correctCount": 140,
        "startTime": 7,
        "songDuration": 97.056,
        "songNumber": 4,
        "activePlayerCount": 237,
        "LinkVideo": "https://files.catbox.moe/hi322l.webm",
        "LinkMp3": "https://files.catbox.moe/ws88l8.mp3",
        "annId": 5923
    },
    {
        "animeEng": "Hanasaku Iroha: Blossoms for Tomorrow",
        "animeRomaji": "Hanasaku Iroha",
        "songName": "Nagai Tabiji no Tochuu",
        "artist": "Rey",
        "type": "Insert Song",
        "correctCount": 7,
        "startTime": 7,
        "songDuration": 78.936,
        "songNumber": 5,
        "activePlayerCount": 236,
        "LinkVideo": "https://files.catbox.moe/yl8h5y.webm",
        "LinkMp3": "https://files.catbox.moe/vzrhm5.mp3",
        "annId": 11795
    },
    {
        "animeEng": "Glass no Kamen",
        "animeRomaji": "Glass Mask: The Girl of a Thousand Masks",
        "songName": "Hikari ni Naritai",
        "artist": "Mahoro Hoshino",
        "type": "Opening 1",
        "correctCount": 7,
        "startTime": 44,
        "songDuration": 109.032,
        "songNumber": 6,
        "activePlayerCount": 237,
        "LinkVideo": "https://files.catbox.moe/aek1yl.webm",
        "LinkMp3": "https://files.catbox.moe/vgbe2p.mp3",
        "annId": 4583
    },
    {
        "animeEng": "Dogtanian and the Three Muskehounds",
        "animeRomaji": "Wanwan Sanj\u016bshi",
        "songName": "Sou Iu Onushi wa?",
        "artist": "Maron Kusaka",
        "type": "Ending 1",
        "correctCount": 3,
        "startTime": 25,
        "songDuration": 79.128,
        "songNumber": 7,
        "activePlayerCount": 237,
        "LinkVideo": "https://files.catbox.moe/fgjnon.webm",
        "LinkMp3": "https://files.catbox.moe/9cmehu.mp3",
        "annId": 1307,
        "correctPlayers": [
            "theyingster",
            "Thaleko",
            "nyamu"
        ]
    },
    {
        "animeEng": "Gunslinger Girl",
        "animeRomaji": "Gunslinger Girl",
        "songName": "DOPO IL SOGNO ~Yume no Ato ni~",
        "artist": "op.",
        "type": "Ending 1",
        "correctCount": 34,
        "startTime": 21,
        "songDuration": 68.784,
        "songNumber": 8,
        "activePlayerCount": 235,
        "LinkVideo": "https://files.catbox.moe/wdh67o.webm",
        "LinkMp3": "https://files.catbox.moe/7o5e6x.mp3",
        "annId": 2947
    },
    {
        "animeEng": "Mazinger Z tai Devilman",
        "animeRomaji": "Mazinger Z tai Devilman",
        "songName": "Devilman no Uta",
        "artist": "Keizo Toda",
        "type": "Insert Song",
        "correctCount": 169,
        "startTime": 0,
        "songDuration": 41.328,
        "songNumber": 9,
        "activePlayerCount": 236,
        "LinkVideo": "https://files.catbox.moe/zdudu6.webm",
        "LinkMp3": "https://files.catbox.moe/zppy3i.mp3",
        "annId": 3556
    },
    {
        "animeEng": "Yuyushiki",
        "animeRomaji": "Yuyushiki",
        "songName": "Se-no!",
        "artist": "J\u014dh\u014dshori-bu",
        "type": "Opening 1",
        "correctCount": 36,
        "startTime": 7,
        "songDuration": 90.048,
        "songNumber": 10,
        "activePlayerCount": 237,
        "LinkVideo": "https://files.catbox.moe/lsoalq.webm",
        "LinkMp3": "https://files.catbox.moe/b613kn.mp3",
        "annId": 14576
    },
    {
        "animeEng": "Initial D: Battle Stage 3",
        "animeRomaji": "Initial D: Battle Stage 3",
        "songName": "POWERNIGHT",
        "artist": "ANNIE",
        "type": "Insert Song",
        "correctCount": 16,
        "startTime": 81,
        "songDuration": 136.416,
        "songNumber": 11,
        "activePlayerCount": 236,
        "LinkVideo": "https://files.catbox.moe/nn2qzd.webm",
        "LinkMp3": "https://files.catbox.moe/qailgy.mp3",
        "annId": 24123
    },
    {
        "animeEng": "Gundam Build Divers",
        "animeRomaji": "Gundam Build Divers",
        "songName": "Diver's High",
        "artist": "SKY-HI",
        "type": "Opening 1",
        "correctCount": 25,
        "startTime": 13,
        "songDuration": 89.8351,
        "songNumber": 12,
        "activePlayerCount": 236,
        "LinkVideo": "https://files.catbox.moe/48mg9o.webm",
        "LinkMp3": "https://files.catbox.moe/hkzohm.mp3",
        "annId": 20601
    },
    {
        "animeEng": "Your Lie in April",
        "animeRomaji": "KimiUso",
        "songName": "\u00c9tude Op. 25 No. 5",
        "artist": "Fr\u00e9d\u00e9ric Chopin",
        "type": "Insert Song",
        "correctCount": 178,
        "startTime": 3,
        "songDuration": 39.648,
        "songNumber": 13,
        "activePlayerCount": 236,
        "LinkVideo": "https://files.catbox.moe/v4psxf.webm",
        "LinkMp3": "https://files.catbox.moe/xqep3g.mp3",
        "annId": 16108
    },
    {
        "animeEng": "Towanoquon",
        "animeRomaji": "Towanoquon",
        "songName": "Mah\u014d no Utagoe",
        "artist": "Saori Hayami",
        "type": "Insert Song",
        "correctCount": 4,
        "startTime": 36,
        "songDuration": 104.136,
        "songNumber": 14,
        "activePlayerCount": 236,
        "LinkVideo": "https://files.catbox.moe/bn5fz7.webm",
        "LinkMp3": "https://files.catbox.moe/33zz6j.mp3",
        "annId": 12428,
        "correctPlayers": [
            "likejaxirl",
            "Carmanher",
            "watashiii",
            "shadowpandax"
        ]
    },
    {
        "animeEng": "Cardfight!! Vanguard G Z",
        "animeRomaji": "Cardfight!! Vanguard G Z",
        "songName": "J\u014d no Hana",
        "artist": "Kiryu",
        "type": "Opening 1",
        "correctCount": 22,
        "startTime": 52,
        "songDuration": 88.728,
        "songNumber": 15,
        "activePlayerCount": 237,
        "LinkVideo": "https://files.catbox.moe/t0bki0.webm",
        "LinkMp3": "https://files.catbox.moe/4zxw00.mp3",
        "annId": 20072
    },
    {
        "animeEng": "Kill la Kill",
        "animeRomaji": "Kill la Kill",
        "songName": "ambiguous",
        "artist": "GARNiDELiA",
        "type": "Opening 1",
        "correctCount": 164,
        "startTime": 27,
        "songDuration": 89.112,
        "songNumber": 16,
        "activePlayerCount": 237,
        "LinkVideo": "https://files.catbox.moe/ccs8dz.webm",
        "LinkMp3": "https://files.catbox.moe/vdoqai.mp3",
        "annId": 23879
    },
    {
        "animeEng": "Maid in Hanaukyo",
        "animeRomaji": "Hanaukyo Maid-tai",
        "songName": "Zankai no Jikan",
        "artist": "Hanaukyo Maid-tai",
        "type": "Ending 1",
        "correctCount": 9,
        "startTime": 20,
        "songDuration": 89.328,
        "songNumber": 17,
        "activePlayerCount": 236,
        "LinkVideo": "https://files.catbox.moe/actb5s.webm",
        "LinkMp3": "https://files.catbox.moe/j1y7g6.mp3",
        "annId": 2347
    },
    {
        "animeEng": "Hakuoki: Demon of the Fleeting Blossom - Dawn of the Shinsengumi",
        "animeRomaji": "Haku\u014dki Reimeiroku",
        "songName": "Hana no Atosaki",
        "artist": "mao",
        "type": "Ending 1",
        "correctCount": 13,
        "startTime": 7,
        "songDuration": 88.44,
        "songNumber": 18,
        "activePlayerCount": 234,
        "LinkVideo": "https://files.catbox.moe/t8ygjs.webm",
        "LinkMp3": "https://files.catbox.moe/o3piw0.mp3",
        "annId": 14088
    },
    {
        "animeEng": "Kiddy Girl-AND",
        "animeRomaji": "Kiddy Girl-AND",
        "songName": "Yume demo Ii sa",
        "artist": "Norio Wakamoto",
        "type": "Ending 4",
        "correctCount": 5,
        "startTime": 30,
        "songDuration": 87.336,
        "songNumber": 19,
        "activePlayerCount": 233,
        "LinkVideo": "https://files.catbox.moe/ymykj1.webm",
        "LinkMp3": "https://files.catbox.moe/jx81ql.mp3",
        "annId": 7612,
        "correctPlayers": [
            "klusty",
            "Carmanher",
            "blissfulyoshi",
            "ozsauce",
            "watashiii"
        ]
    },
    {
        "animeEng": "Doraemon",
        "animeRomaji": "Doraemon",
        "songName": "Doraemon Ekaki Uta",
        "artist": "Nobuyo Oyama",
        "type": "Insert Song",
        "correctCount": 155,
        "startTime": 16,
        "songDuration": 58.487158,
        "songNumber": 20,
        "activePlayerCount": 234,
        "LinkVideo": "https://files.catbox.moe/cqhhp7.webm",
        "LinkMp3": "https://files.catbox.moe/zu6tsx.mp3",
        "annId": 1318
    },
    {
        "animeEng": "Nanana's Buried Treasure",
        "animeRomaji": "Ry\u016bgaj\u014d Nanana no Maiz\u014dkin",
        "songName": "Butterfly Effect",
        "artist": "Shiritsu Ebisu Chuugaku",
        "type": "Opening 1",
        "correctCount": 83,
        "startTime": 36,
        "songDuration": 88.08,
        "songNumber": 21,
        "activePlayerCount": 234,
        "LinkVideo": "https://files.catbox.moe/hqu78r.webm",
        "LinkMp3": "https://files.catbox.moe/mdvu5f.mp3",
        "annId": 15759
    },
    {
        "animeEng": "Urara Meirocho",
        "animeRomaji": "Urara Meirocho",
        "songName": "Yumeji Labyrinth",
        "artist": "Labyrinths",
        "type": "Opening 1",
        "correctCount": 76,
        "startTime": 40,
        "songDuration": 89.088,
        "songNumber": 22,
        "activePlayerCount": 234,
        "LinkVideo": "https://files.catbox.moe/6snykt.webm",
        "LinkMp3": "https://files.catbox.moe/xoevdz.mp3",
        "annId": 18880
    },
    {
        "animeEng": "You're Being Summoned, Azazel",
        "animeRomaji": "Yondemasu yo, Azazel-san.",
        "songName": "Miracle Trouble New Face!",
        "artist": "Team.Nekokan [Neko] featuring. Chihiro Yonekura",
        "type": "Opening 1",
        "correctCount": 23,
        "startTime": 14,
        "songDuration": 59.664,
        "songNumber": 23,
        "activePlayerCount": 234,
        "LinkVideo": "https://files.catbox.moe/pkm59e.webm",
        "LinkMp3": "https://files.catbox.moe/ndzm3b.mp3",
        "annId": 11216
    },
    {
        "animeEng": "Geobreeders: Breakthrough",
        "animeRomaji": "Geobreeders 2: [File-XX] Ransen Toppa",
        "songName": "Rising Soul",
        "artist": "Sara Aoki",
        "type": "Opening 1",
        "correctCount": 15,
        "startTime": 4,
        "songDuration": 88.8,
        "songNumber": 24,
        "activePlayerCount": 233,
        "LinkVideo": "https://files.catbox.moe/fmbp5h.webm",
        "LinkMp3": "https://files.catbox.moe/szqbpe.mp3",
        "annId": 997
    },
    {
        "animeEng": "Kaguya-sama: Love is War",
        "animeRomaji": "Kaguya-sama wa Kokurasetai: Tensai-tachi no Renai Zun\u014dsen",
        "songName": "Love Dramatic",
        "artist": "Masayuki Suzuki feat. Rikka Ihara",
        "type": "Opening 1",
        "correctCount": 216,
        "startTime": 12,
        "songDuration": 91.272,
        "songNumber": 25,
        "activePlayerCount": 234,
        "LinkVideo": "https://files.catbox.moe/2f1f2y.webm",
        "LinkMp3": "https://files.catbox.moe/9czxwm.mp3",
        "annId": 21401
    },
    {
        "animeEng": "Aggretsuko: We Wish You a Metal Christmas",
        "animeRomaji": "Aggretsuko: We Wish You a Metal Christmas",
        "songName": "Jingle Bells",
        "artist": "Tim Timebomb and the Interrupters",
        "type": "Ending 1",
        "correctCount": 153,
        "startTime": 2,
        "songDuration": 51.381974,
        "songNumber": 26,
        "activePlayerCount": 234,
        "LinkVideo": "https://files.catbox.moe/jy3eix.webm",
        "LinkMp3": "https://files.catbox.moe/fh4fym.mp3",
        "annId": 21677
    },
    {
        "animeEng": "Tamayura: Hitotose",
        "animeRomaji": "Tamayura: Hitotose",
        "songName": "Kib\u014d no Katachi",
        "artist": "Kana Asumi",
        "type": "Insert Song",
        "correctCount": 11,
        "startTime": 106,
        "songDuration": 215.832,
        "songNumber": 27,
        "activePlayerCount": 234,
        "LinkVideo": "https://files.catbox.moe/awvfrf.webm",
        "LinkMp3": "https://files.catbox.moe/47d0mq.mp3",
        "annId": 12427
    },
    {
        "animeEng": "Lord El-Melloi II's Case Files {Rail Zeppelin} Grace note",
        "animeRomaji": "Lord El-Melloi II-sei no Jikenbo: Rail Zeppelin Grace note",
        "songName": "starting the case: Rail Zeppelin",
        "artist": "Yuki Kajiura",
        "type": "Opening 1",
        "correctCount": 142,
        "startTime": 22,
        "songDuration": 86.928,
        "songNumber": 28,
        "activePlayerCount": 233,
        "LinkVideo": "https://files.catbox.moe/0ku6t5.webm",
        "LinkMp3": "https://files.catbox.moe/0wvtei.mp3",
        "annId": 21727
    },
    {
        "animeEng": "Time Bokan Series: Time Patrol-tai Otasukeman",
        "animeRomaji": "Time Bokan Series: Time Patrol-tai Otasukeman",
        "songName": "Otasukeman Kazoeuta",
        "artist": "Masayuki Yamamoto, Noriko Ohara, J\u014dji Yanami, Kazuya Tatekabe, Mizuumi Boys & Girls Chorus",
        "type": "Insert Song",
        "correctCount": 9,
        "startTime": 0,
        "songDuration": 33.912,
        "songNumber": 29,
        "activePlayerCount": 234,
        "LinkVideo": "https://files.catbox.moe/sl9rga.webm",
        "LinkMp3": "https://files.catbox.moe/tt4lki.mp3",
        "annId": 1748
    },
    {
        "animeEng": "Macross Delta",
        "animeRomaji": "Macross \u0394",
        "songName": "Hametsu no Junj\u014d",
        "artist": "Walk\u00fcre",
        "type": "Ending 5",
        "correctCount": 79,
        "startTime": 37,
        "songDuration": 88.8,
        "songNumber": 30,
        "activePlayerCount": 234,
        "LinkVideo": "https://files.catbox.moe/mivzs3.webm",
        "LinkMp3": "https://files.catbox.moe/xq4hlw.mp3",
        "annId": 17762
    },
    {
        "animeEng": "Hyperdimension Neptunia",
        "animeRomaji": "Ch\u014djigen Game Neptune The Animation",
        "songName": "Neptune\u2606Sagashite",
        "artist": "Afilia Saga",
        "type": "Ending 1",
        "correctCount": 104,
        "startTime": 28,
        "songDuration": 89.088,
        "songNumber": 31,
        "activePlayerCount": 234,
        "LinkVideo": "https://files.catbox.moe/5ctl2v.webm",
        "LinkMp3": "https://files.catbox.moe/jumbyb.mp3",
        "annId": 15000
    },
    {
        "animeEng": "Umayon",
        "animeRomaji": "Umayon",
        "songName": "Pyoitto\u266a Hallelujah!",
        "artist": "Azumi Waki, Akari Kit\u014d, Iori Saeki, Minami Takahashi, Rena Maeda",
        "type": "Ending 1",
        "correctCount": 41,
        "startTime": 0,
        "songDuration": 28.056,
        "songNumber": 32,
        "activePlayerCount": 233,
        "LinkVideo": "https://files.catbox.moe/29kldk.webm",
        "LinkMp3": "https://files.catbox.moe/o2d1sb.mp3",
        "annId": 23494
    },
    {
        "animeEng": "Re:Cutie Honey",
        "animeRomaji": "Re:Cutie Honey",
        "songName": "Cutie Honey",
        "artist": "Kumi Koda",
        "type": "Opening 1",
        "correctCount": 101,
        "startTime": 29,
        "songDuration": 88.368,
        "songNumber": 33,
        "activePlayerCount": 233,
        "LinkVideo": "https://files.catbox.moe/4e5r2f.webm",
        "LinkMp3": "https://files.catbox.moe/t2x8jt.mp3",
        "annId": 3455
    },
    {
        "animeEng": "Duel Masters Flash",
        "animeRomaji": "Shinseiki Duel Masters Flash",
        "songName": "Kagayaku Toki",
        "artist": "Masanosuke",
        "type": "Opening 1",
        "correctCount": 81,
        "startTime": 0,
        "songDuration": 15.504,
        "songNumber": 34,
        "activePlayerCount": 234,
        "LinkVideo": "https://files.catbox.moe/zr37ac.webm",
        "LinkMp3": "https://files.catbox.moe/8e76dg.mp3",
        "annId": 7966
    },
    {
        "animeEng": "Nayuta",
        "animeRomaji": "Nayuta",
        "songName": "Mabayui Josh\u014d",
        "artist": "Minako Fujishiro",
        "type": "Opening 1",
        "correctCount": 6,
        "startTime": 46,
        "songDuration": 91.272,
        "songNumber": 35,
        "activePlayerCount": 233,
        "LinkVideo": "https://files.catbox.moe/wrp5oq.webm",
        "LinkMp3": "https://files.catbox.moe/7r7ngh.mp3",
        "annId": 1669
    },
    {
        "animeEng": "Rascal Does Not Dream of Bunny Girl Senpai",
        "animeRomaji": "Seishun Buta Yar\u014d wa Bunny Girl-senpai no Yume o Minai",
        "songName": "BABY!",
        "artist": "Sweet Bullet",
        "type": "Insert Song",
        "correctCount": 92,
        "startTime": 16,
        "songDuration": 68.809725,
        "songNumber": 36,
        "activePlayerCount": 234,
        "LinkVideo": "https://files.catbox.moe/5ty5ef.webm",
        "LinkMp3": "https://files.catbox.moe/zp3w8z.mp3",
        "annId": 20848
    },
    {
        "animeEng": "Saki Biyori",
        "animeRomaji": "Saki Biyori",
        "songName": "Koromo Biyori",
        "artist": "Minori Chihara, Kaori Fukuhara, Ai Shimizu, Yuko Kaida, Ayuru \u014chashi",
        "type": "Ending 1",
        "correctCount": 7,
        "startTime": 34,
        "songDuration": 91.032,
        "songNumber": 37,
        "activePlayerCount": 234,
        "LinkVideo": "https://files.catbox.moe/s5u2cc.webm",
        "LinkMp3": "https://files.catbox.moe/cdsfz4.mp3",
        "annId": 17029
    },
    {
        "animeEng": "Tokimeki Tonight",
        "animeRomaji": "Tokimeki Tonight",
        "songName": "Tokimeki Tonight",
        "artist": "Harumi Kamo",
        "type": "Opening 1",
        "correctCount": 66,
        "startTime": 40,
        "songDuration": 76.302362,
        "songNumber": 38,
        "activePlayerCount": 235,
        "LinkVideo": "https://files.catbox.moe/g7mrzv.webm",
        "LinkMp3": "https://files.catbox.moe/65yddf.mp3",
        "annId": 1375
    },
    {
        "animeEng": "Nura: Rise of the Yokai Clan",
        "animeRomaji": "Nurarihyon no Mago",
        "songName": "Sunshine",
        "artist": "MONKEY MAJIK",
        "type": "Opening 2",
        "correctCount": 50,
        "startTime": 24,
        "songDuration": 88.392,
        "songNumber": 39,
        "activePlayerCount": 235,
        "LinkVideo": "https://files.catbox.moe/4axqz1.webm",
        "LinkMp3": "https://files.catbox.moe/zzb4z8.mp3",
        "annId": 11174
    },
    {
        "animeEng": "Gall Force: New Era",
        "animeRomaji": "Gall Force: Shinseiki-hen",
        "songName": "Toki no Fune",
        "artist": "Naoko Watanabe",
        "type": "Ending 2",
        "correctCount": 2,
        "startTime": 160,
        "songDuration": 215.064,
        "songNumber": 40,
        "activePlayerCount": 234,
        "LinkVideo": "https://files.catbox.moe/zif086.webm",
        "LinkMp3": "https://files.catbox.moe/eho0v6.mp3",
        "annId": 950,
        "correctPlayers": [
            "Zurer",
            "Legend_"
        ]
    },
    {
        "animeEng": "Zoku T\u014dken Ranbu: Hanamaru.",
        "animeRomaji": "Zoku T\u014dken Ranbu: Hanamaru.",
        "songName": "Hanamaru Shirushi no Hi no Moto de ver.3",
        "artist": "Mitsuhiro Ichiki & Toshiki Masuda feat. Soma Saito, Kaito Ishikawa, Yuuki Tai, Seiichirou Yamashita, Takuya Satou, Yuuta Kasuya",
        "type": "Opening 3",
        "correctCount": 31,
        "startTime": 16,
        "songDuration": 89.572338,
        "songNumber": 41,
        "activePlayerCount": 234,
        "LinkVideo": "https://files.catbox.moe/pyf6jr.webm",
        "LinkMp3": "https://files.catbox.moe/9h7cyn.mp3",
        "annId": 20366
    },
    {
        "animeEng": "Gigant Shooter Tsukasa",
        "animeRomaji": "Ch\u014d Bakuretsu I-Jigen Menko Battle Gigant Shooter Tsukasa",
        "songName": "Gigant Shooter Dacch\u016b no!",
        "artist": "Psychic Lover",
        "type": "Opening 1",
        "correctCount": 10,
        "startTime": 1,
        "songDuration": 58.008,
        "songNumber": 42,
        "activePlayerCount": 234,
        "LinkVideo": "https://files.catbox.moe/2xlmfw.webm",
        "LinkMp3": "https://files.catbox.moe/zcuyx6.mp3",
        "annId": 15905
    },
    {
        "animeEng": "Sekai Ichi Hatsukoi - The World's Greatest First Love: Propose Arc",
        "animeRomaji": "Sekai-ichi Hatsukoi: Propose-hen",
        "songName": "Mirai mo Kimi no Te no Naka de",
        "artist": "Shuhei Kita",
        "type": "Ending 1",
        "correctCount": 4,
        "startTime": 0,
        "songDuration": 87.312,
        "songNumber": 43,
        "activePlayerCount": 234,
        "LinkVideo": "https://files.catbox.moe/qdhdyu.webm",
        "LinkMp3": "https://files.catbox.moe/jphpk6.mp3",
        "annId": 23546,
        "correctPlayers": [
            "Baguett",
            "Shinxx",
            "watashiii",
            "Amel"
        ]
    },
    {
        "animeEng": "Slayers Excellent",
        "animeRomaji": "Slayers Excellent",
        "songName": "Never die",
        "artist": "Masami Okui",
        "type": "Ending 1",
        "correctCount": 4,
        "startTime": 46,
        "songDuration": 93.288,
        "songNumber": 44,
        "activePlayerCount": 233,
        "LinkVideo": "https://files.catbox.moe/u96vn9.webm",
        "LinkMp3": "https://files.catbox.moe/ytdrxm.mp3",
        "annId": 737,
        "correctPlayers": [
            "Hooman",
            "Carmanher",
            "EruisKawaii",
            "DieuEstMort"
        ]
    },
    {
        "animeEng": "Redline",
        "animeRomaji": "Redline",
        "songName": "REDLINE DAY",
        "artist": "James Shimoji feat.Rob Laufer",
        "type": "Ending 1",
        "correctCount": 66,
        "startTime": 165,
        "songDuration": 245.256,
        "songNumber": 45,
        "activePlayerCount": 233,
        "LinkVideo": "https://files.catbox.moe/g4jub1.webm",
        "LinkMp3": "https://files.catbox.moe/g1fdog.mp3",
        "annId": 6456
    },
    {
        "animeEng": "Looking Up at the Half-Moon",
        "animeRomaji": "Hanbun no Tsuki ga Noboru Sora",
        "songName": "Aoi Koufuku",
        "artist": "nobuko",
        "type": "Opening 1",
        "correctCount": 63,
        "startTime": 52,
        "songDuration": 90.040219,
        "songNumber": 46,
        "activePlayerCount": 232,
        "LinkVideo": "https://files.catbox.moe/dca99i.webm",
        "LinkMp3": "https://files.catbox.moe/czgid7.mp3",
        "annId": 6300
    },
    {
        "animeEng": "Minami-ke",
        "animeRomaji": "Minami-ke",
        "songName": "Keikenchi J\u014dsh\u014dch\u016b",
        "artist": "Rina Satou, Marina Inoue, Minori Chihara",
        "type": "Opening 1",
        "correctCount": 51,
        "startTime": 45,
        "songDuration": 89.304,
        "songNumber": 47,
        "activePlayerCount": 232,
        "LinkVideo": "https://files.catbox.moe/qunpva.webm",
        "LinkMp3": "https://files.catbox.moe/ij13dd.mp3",
        "annId": 8536
    },
    {
        "animeEng": "The Irregular at Magic High School",
        "animeRomaji": "Mah\u014dka K\u014dk\u014d no Rett\u014dsei",
        "songName": "Millenario",
        "artist": "ELISA",
        "type": "Ending 1",
        "correctCount": 45,
        "startTime": 24,
        "songDuration": 88.342313,
        "songNumber": 48,
        "activePlayerCount": 232,
        "LinkVideo": "https://files.catbox.moe/3laebh.webm",
        "LinkMp3": "https://files.catbox.moe/o18ape.mp3",
        "annId": 15763
    },
    {
        "animeEng": "Vivy -Fluorite Eye's Song-",
        "animeRomaji": "Vivy -Fluorite Eye's Song-",
        "songName": "Sing My Pleasure",
        "artist": "Kairi Yagi",
        "type": "Opening 3",
        "correctCount": 92,
        "startTime": 1,
        "songDuration": 89.352,
        "songNumber": 49,
        "activePlayerCount": 232,
        "LinkVideo": "https://files.catbox.moe/0cyw97.webm",
        "LinkMp3": "https://files.catbox.moe/o0v49j.mp3",
        "annId": 23935
    },
    {
        "animeEng": "SHOW BY ROCK!! Mashumairesh!!",
        "animeRomaji": "SHOW BY ROCK!! Mashumairesh!!",
        "songName": "Parallelism Crown",
        "artist": "REIJINGSIGNAL",
        "type": "Insert Song",
        "correctCount": 10,
        "startTime": 0,
        "songDuration": 90.048,
        "songNumber": 50,
        "activePlayerCount": 232,
        "LinkVideo": "https://files.catbox.moe/alog7p.webm",
        "LinkMp3": "https://files.catbox.moe/h7til3.mp3",
        "annId": 22906
    },
    {
        "animeEng": "Haitai Nanafa",
        "animeRomaji": "Haitai Nanafa",
        "songName": "Yuimaru\u2606World",
        "artist": "Rie Ayase",
        "type": "Ending 1",
        "correctCount": 108,
        "startTime": 9,
        "songDuration": 43.056,
        "songNumber": 51,
        "activePlayerCount": 232,
        "LinkVideo": "https://files.catbox.moe/h5tfcl.webm",
        "LinkMp3": "https://files.catbox.moe/1uoemh.mp3",
        "annId": 14638
    },
    {
        "animeEng": "Digimon Adventure 02",
        "animeRomaji": "Digimon Adventure 02",
        "songName": "Beat Hit!",
        "artist": "Ayumi Miyazaki",
        "type": "Insert Song",
        "correctCount": 40,
        "startTime": 15,
        "songDuration": 133.104,
        "songNumber": 52,
        "activePlayerCount": 232,
        "LinkVideo": "https://files.catbox.moe/k1a1vw.webm",
        "LinkMp3": "https://files.catbox.moe/vbtpqp.mp3",
        "annId": 2170
    },
    {
        "animeEng": "ID: INVADED",
        "animeRomaji": "ID: INVADED",
        "songName": "Mr. Fixer",
        "artist": "Sou",
        "type": "Opening 1",
        "correctCount": 110,
        "startTime": 36,
        "songDuration": 89.04,
        "songNumber": 53,
        "activePlayerCount": 230,
        "LinkVideo": "https://files.catbox.moe/jtb9av.webm",
        "LinkMp3": "https://files.catbox.moe/thn1q8.mp3",
        "annId": 22509
    },
    {
        "animeEng": "Seizei Gambare Mah\u014d Sh\u014djo Kurumi",
        "animeRomaji": "Seizei Gambare Mah\u014d Sh\u014djo Kurumi",
        "songName": "Shiritsu Egaogaoka Ch\u016bgakk\u014d K\u014dka",
        "artist": "Yuu Hayashi, Wataru Hatano, Takuma Terashima",
        "type": "Ending 1",
        "correctCount": 7,
        "startTime": 0,
        "songDuration": 31.059058,
        "songNumber": 54,
        "activePlayerCount": 231,
        "LinkVideo": "https://files.catbox.moe/ll2php.webm",
        "LinkMp3": "https://files.catbox.moe/th4kj3.mp3",
        "annId": 19882
    },
    {
        "animeEng": "Love Live! School Idol Project",
        "animeRomaji": "Love Live! School Idol Project",
        "songName": "Mogyutto \"love\" de Sekkinchuu!",
        "artist": "\u03bc's",
        "type": "Insert Song",
        "correctCount": 74,
        "startTime": 51,
        "songDuration": 334.8,
        "songNumber": 55,
        "activePlayerCount": 231,
        "LinkVideo": "https://files.catbox.moe/opwgqs.webm",
        "LinkMp3": "https://files.catbox.moe/jykhzt.mp3",
        "annId": 22080
    },
    {
        "animeEng": "Slow Start",
        "animeRomaji": "Slow Start",
        "songName": "Kaze no Koe o Kikinagara",
        "artist": "Sangatsu no Phantasia",
        "type": "Ending 1",
        "correctCount": 31,
        "startTime": 9,
        "songDuration": 84.936,
        "songNumber": 56,
        "activePlayerCount": 232,
        "LinkVideo": "https://files.catbox.moe/yz6b7x.webm",
        "LinkMp3": "https://files.catbox.moe/96dhgf.mp3",
        "annId": 19972
    },
    {
        "animeEng": "Coji-Coji",
        "animeRomaji": "Sakura Momoko Gekij\u014d: Cojicoji",
        "songName": "Coji-Coji Ginza",
        "artist": "Hoff Dylan",
        "type": "Opening 1",
        "correctCount": 9,
        "startTime": 32,
        "songDuration": 88.44,
        "songNumber": 57,
        "activePlayerCount": 231,
        "LinkVideo": "https://files.catbox.moe/ppnjnf.webm",
        "LinkMp3": "https://files.catbox.moe/kaizph.mp3",
        "annId": 3160
    },
    {
        "animeEng": "Kemono Friends 2",
        "animeRomaji": "Kemono Friends 2",
        "songName": "Kimi wa Kaerubasho",
        "artist": "Gothic\u00d7Luck",
        "type": "Ending 2",
        "correctCount": 2,
        "startTime": 38,
        "songDuration": 90.792,
        "songNumber": 58,
        "activePlayerCount": 232,
        "LinkVideo": "https://files.catbox.moe/1m38q6.webm",
        "LinkMp3": "https://files.catbox.moe/kfqc89.mp3",
        "annId": 21589,
        "correctPlayers": [
            "DieuEstMort",
            "NekoBaka"
        ]
    },
    {
        "animeEng": "Senki Zessh\u014d Symphogear XV",
        "animeRomaji": "Senki Zessh\u014d Symphogear XV",
        "songName": "METANOIA -Aufwachen Form-",
        "artist": "Nana Mizuki",
        "type": "Insert Song",
        "correctCount": 45,
        "startTime": 11,
        "songDuration": 145.872,
        "songNumber": 59,
        "activePlayerCount": 232,
        "LinkVideo": "https://files.catbox.moe/ditavi.webm",
        "LinkMp3": "https://files.catbox.moe/wyulva.mp3",
        "annId": 22019
    },
    {
        "animeEng": "Darwin's Game",
        "animeRomaji": "Darwin's Game",
        "songName": "CHAIN",
        "artist": "ASCA",
        "type": "Opening 1",
        "correctCount": 134,
        "startTime": 14,
        "songDuration": 87.672,
        "songNumber": 60,
        "activePlayerCount": 232,
        "LinkVideo": "https://files.catbox.moe/xiz5o8.webm",
        "LinkMp3": "https://files.catbox.moe/j448uq.mp3",
        "annId": 22301
    },
    {
        "animeEng": "Spo-chan Taiketsu! ~Y\u014dkai Daikessen~",
        "animeRomaji": "Spo-chan Taiketsu! ~Y\u014dkai Daikessen~",
        "songName": "Smile Again",
        "artist": "Yui Horie",
        "type": "Ending 1",
        "correctCount": 0,
        "startTime": 10,
        "songDuration": 141.24,
        "songNumber": 61,
        "activePlayerCount": 231,
        "LinkVideo": "https://files.catbox.moe/ayc5mr.webm",
        "LinkMp3": "https://files.catbox.moe/83wbng.mp3",
        "annId": 16191
    },
    {
        "animeEng": "Eiga Crayon Shin-chan: Ora no Hikkoshi Monogatari ~Saboten Daish\u016bgeki",
        "animeRomaji": "Eiga Crayon Shin-chan: Ora no Hikkoshi Monogatari ~Saboten Daish\u016bgeki",
        "songName": "Kimi ni 100 Percent",
        "artist": "Kyary Pamyu Pamyu",
        "type": "Opening 1",
        "correctCount": 177,
        "startTime": 5,
        "songDuration": 65.04,
        "songNumber": 62,
        "activePlayerCount": 231,
        "LinkVideo": "https://files.catbox.moe/7ztney.webm",
        "LinkMp3": "https://files.catbox.moe/cqvr3q.mp3",
        "annId": 16755
    },
    {
        "animeEng": "High School Fleet",
        "animeRomaji": "Haifuri",
        "songName": "High Free Spirits",
        "artist": "TrySail",
        "type": "Opening 1",
        "correctCount": 124,
        "startTime": 54,
        "songDuration": 89.064,
        "songNumber": 63,
        "activePlayerCount": 231,
        "LinkVideo": "https://files.catbox.moe/ulhub6.webm",
        "LinkMp3": "https://files.catbox.moe/zlafhw.mp3",
        "annId": 19321
    },
    {
        "animeEng": "Strawberry Panic!",
        "animeRomaji": "Strawberry Panic!",
        "songName": "Sh\u014djo Meiro de Tsukamaete",
        "artist": "Aki Misato",
        "type": "Ending 3",
        "correctCount": 14,
        "startTime": 43,
        "songDuration": 82.056,
        "songNumber": 64,
        "activePlayerCount": 230,
        "LinkVideo": "https://files.catbox.moe/1in4hn.webm",
        "LinkMp3": "https://files.catbox.moe/ze9vrm.mp3",
        "annId": 6176
    },
    {
        "animeEng": "ToHeart2 adplus",
        "animeRomaji": "ToHeart2 adplus",
        "songName": "Kimi ga Nokoshita Mono",
        "artist": "Rena Uehara",
        "type": "Ending 1",
        "correctCount": 9,
        "startTime": 57,
        "songDuration": 95.064,
        "songNumber": 65,
        "activePlayerCount": 230,
        "LinkVideo": "https://files.catbox.moe/uou7bv.webm",
        "LinkMp3": "https://files.catbox.moe/2ncs2q.mp3",
        "annId": 10129
    },
    {
        "animeEng": "Katsugeki TOUKEN RANBU",
        "animeRomaji": "Katsugeki/T\u014dken Ranbu",
        "songName": "Hikari Tatsu Ame",
        "artist": "S\u014dma Sait\u014d",
        "type": "Opening 1",
        "correctCount": 37,
        "startTime": 3,
        "songDuration": 89.736,
        "songNumber": 66,
        "activePlayerCount": 229,
        "LinkVideo": "https://files.catbox.moe/dredie.webm",
        "LinkMp3": "https://files.catbox.moe/2essjc.mp3",
        "annId": 19412
    },
    {
        "animeEng": "Hakuoki: Demon of the Fleeting Blossom",
        "animeRomaji": "Haku\u014dki",
        "songName": "Izayoi Namida",
        "artist": "Aika Yoshioka",
        "type": "Opening 1",
        "correctCount": 48,
        "startTime": 11,
        "songDuration": 87,
        "songNumber": 67,
        "activePlayerCount": 230,
        "LinkVideo": "https://files.catbox.moe/vmptwq.webm",
        "LinkMp3": "https://files.catbox.moe/k4y6m7.mp3",
        "annId": 11286
    },
    {
        "animeEng": "Pastel Life",
        "animeRomaji": "Pastel Life",
        "songName": "Shuwarin\u2606Drea~min",
        "artist": "Pastel*Palettes",
        "type": "Opening 1",
        "correctCount": 107,
        "startTime": 0,
        "songDuration": 26.931782,
        "songNumber": 68,
        "activePlayerCount": 231,
        "LinkVideo": "https://files.catbox.moe/1or69x.webm",
        "LinkMp3": "https://files.catbox.moe/75tsvw.mp3",
        "annId": 21291
    },
    {
        "animeEng": "Spiritpact",
        "animeRomaji": "Spiritpact",
        "songName": "AWAKE",
        "artist": "RiyO",
        "type": "Ending 2",
        "correctCount": 6,
        "startTime": 44,
        "songDuration": 89.99029,
        "songNumber": 69,
        "activePlayerCount": 231,
        "LinkVideo": "https://files.catbox.moe/wwxnhj.webm",
        "LinkMp3": "https://files.catbox.moe/h5wmkc.mp3",
        "annId": 18963
    },
    {
        "animeEng": "Claymore",
        "animeRomaji": "Claymore",
        "songName": "Danzai no Hana~Guilty Sky",
        "artist": "Riyu Kosaka",
        "type": "Ending 1",
        "correctCount": 47,
        "startTime": 15,
        "songDuration": 68.064,
        "songNumber": 70,
        "activePlayerCount": 231,
        "LinkVideo": "https://files.catbox.moe/3i8vzu.webm",
        "LinkMp3": "https://files.catbox.moe/oc7mcl.mp3",
        "annId": 7028
    },
    {
        "animeEng": "Sengoku Night Blood",
        "animeRomaji": "Sengoku Night Blood",
        "songName": "Kakuran Romantist",
        "artist": "Y\u016bichir\u014d Umehara",
        "type": "Ending 5",
        "correctCount": 6,
        "startTime": 54,
        "songDuration": 89.616,
        "songNumber": 71,
        "activePlayerCount": 231,
        "LinkVideo": "https://files.catbox.moe/uyb72h.webm",
        "LinkMp3": "https://files.catbox.moe/3bycb9.mp3",
        "annId": 20057
    },
    {
        "animeEng": "Heybot!",
        "animeRomaji": "Heybot!",
        "songName": "H\u014dkago Nejimaki Dance",
        "artist": "Misokkasu",
        "type": "Opening 1",
        "correctCount": 8,
        "startTime": 41,
        "songDuration": 89.28,
        "songNumber": 72,
        "activePlayerCount": 231,
        "LinkVideo": "https://files.catbox.moe/ch1ld8.webm",
        "LinkMp3": "https://files.catbox.moe/vh3i8b.mp3",
        "annId": 18695
    },
    {
        "animeEng": "Cencoroll Connect",
        "animeRomaji": "Cencoroll Connect",
        "songName": "#Love",
        "artist": "supercell feat. Ann, gaku",
        "type": "Ending 1",
        "correctCount": 27,
        "startTime": 194,
        "songDuration": 253.992,
        "songNumber": 73,
        "activePlayerCount": 231,
        "LinkVideo": "https://files.catbox.moe/0d8cbq.webm",
        "LinkMp3": "https://files.catbox.moe/jhd2gk.mp3",
        "annId": 16260
    },
    {
        "animeEng": "Joker: Marginal City",
        "animeRomaji": "Joker: Marginal City",
        "songName": "Itsu no Hi mo",
        "artist": "Michie Tomizawa",
        "type": "Ending 1",
        "correctCount": 2,
        "startTime": 74,
        "songDuration": 175.872,
        "songNumber": 74,
        "activePlayerCount": 230,
        "LinkVideo": "https://files.catbox.moe/z0nrwv.webm",
        "LinkMp3": "https://files.catbox.moe/5djan6.mp3",
        "annId": 7164,
        "correctPlayers": [
            "ewic",
            "Hooman"
        ]
    },
    {
        "animeEng": "Re:ZERO -Starting Life in Another World-",
        "animeRomaji": "Re:Zero kara Hajimeru Isekai Seikatsu",
        "songName": "STRAIGHT BET",
        "artist": "MYTH & ROID",
        "type": "Insert Song",
        "correctCount": 113,
        "startTime": 184,
        "songDuration": 223.056,
        "songNumber": 75,
        "activePlayerCount": 227,
        "LinkVideo": "https://files.catbox.moe/zktlez.webm",
        "LinkMp3": "https://files.catbox.moe/zb3kw1.mp3",
        "annId": 23779
    }
]