[
    {
        "animeEng": "Noragami",
        "animeRomaji": "Noragami",
        "songName": "Goya no Machiawase",
        "artist": "Hello Sleepwalkers",
        "type": "Opening 1",
        "correctCount": 85,
        "startTime": 47,
        "songDuration": 89.568,
        "songNumber": 1,
        "activePlayerCount": 108,
        "LinkVideo": "https://files.catbox.moe/cnduhh.webm",
        "LinkMp3": "https://files.catbox.moe/4xappz.mp3",
        "annId": 15585
    },
    {
        "animeEng": "KanColle Movie",
        "animeRomaji": "Fleet Girls Collection KanColle Movie Sequence",
        "songName": "Kikan",
        "artist": "Shiena Nishizawa",
        "type": "Ending 1",
        "correctCount": 20,
        "startTime": 205,
        "songDuration": 294.456,
        "songNumber": 2,
        "activePlayerCount": 112,
        "LinkVideo": "https://files.catbox.moe/4z56mv.webm",
        "LinkMp3": "https://files.catbox.moe/7omrta.mp3",
        "annId": 18245
    },
    {
        "animeEng": "Initial D",
        "animeRomaji": "Initial D",
        "songName": "DON'T STAND SO CLOSE",
        "artist": "DR.LOVE",
        "type": "Insert Song",
        "correctCount": 35,
        "startTime": 254,
        "songDuration": 301.248,
        "songNumber": 3,
        "activePlayerCount": 113,
        "LinkVideo": "https://files.catbox.moe/7u050b.webm",
        "LinkMp3": "https://files.catbox.moe/sqnk0u.mp3",
        "annId": 395
    },
    {
        "animeEng": "Rampo Kitan: Game of Laplace",
        "animeRomaji": "Rampo Kitan: Game of Laplace",
        "songName": "Mikazuki",
        "artist": "Sayuri",
        "type": "Ending 1",
        "correctCount": 41,
        "startTime": 53,
        "songDuration": 89.064,
        "songNumber": 4,
        "activePlayerCount": 114,
        "LinkVideo": "https://files.catbox.moe/w1go1d.webm",
        "LinkMp3": "https://files.catbox.moe/mimecu.mp3",
        "annId": 16593
    },
    {
        "animeEng": "King's Game The Animation",
        "animeRomaji": "\u014csama Game The Animation",
        "songName": "FEED THE FIRE",
        "artist": "coldrain",
        "type": "Opening 1",
        "correctCount": 57,
        "startTime": 28,
        "songDuration": 89.016,
        "songNumber": 5,
        "activePlayerCount": 115,
        "LinkVideo": "https://files.catbox.moe/cjk8bn.webm",
        "LinkMp3": "https://files.catbox.moe/6nifv2.mp3",
        "annId": 19973
    },
    {
        "animeEng": "FLCL",
        "animeRomaji": "Furi Kuri",
        "songName": "Hybrid Rainbow",
        "artist": "the pillows",
        "type": "Insert Song",
        "correctCount": 34,
        "startTime": 59,
        "songDuration": 137.036012,
        "songNumber": 6,
        "activePlayerCount": 116,
        "LinkVideo": "https://files.catbox.moe/19aqfl.webm",
        "LinkMp3": "https://files.catbox.moe/qqhp7x.mp3",
        "annId": 277
    },
    {
        "animeEng": "Princess Tutu",
        "animeRomaji": "Princess Tutu",
        "songName": "Watashi no Ai wa Chiisaikeredo",
        "artist": "Ritsuko Okazaki",
        "type": "Ending 1",
        "correctCount": 26,
        "startTime": 29,
        "songDuration": 89.808,
        "songNumber": 7,
        "activePlayerCount": 118,
        "LinkVideo": "https://files.catbox.moe/ttz8aa.webm",
        "LinkMp3": "https://files.catbox.moe/lofprg.mp3",
        "annId": 1267
    },
    {
        "animeEng": "Senyuu.",
        "animeRomaji": "Senyuu.",
        "songName": "Believe -Eien no Link-",
        "artist": "JAM Project",
        "type": "Ending 1",
        "correctCount": 22,
        "startTime": 14,
        "songDuration": 57.84,
        "songNumber": 8,
        "activePlayerCount": 121,
        "LinkVideo": "https://files.catbox.moe/27b3vb.webm",
        "LinkMp3": "https://files.catbox.moe/pgz92y.mp3",
        "annId": 14841
    },
    {
        "animeEng": "Xuan Yuan Sword Luminary",
        "animeRomaji": "Ken En Ken: Aoki Kagayaki",
        "songName": "Negai no Hana",
        "artist": "9nine",
        "type": "Ending 1",
        "correctCount": 8,
        "startTime": 24,
        "songDuration": 88.997654,
        "songNumber": 9,
        "activePlayerCount": 121,
        "LinkVideo": "https://files.catbox.moe/38c255.webm",
        "LinkMp3": "https://files.catbox.moe/pd3uld.mp3",
        "annId": 21250
    },
    {
        "animeEng": "Anima Yell!",
        "animeRomaji": "Anima Yell!",
        "songName": "LOVE&JOY",
        "artist": "XAI",
        "type": "Insert Song",
        "correctCount": 19,
        "startTime": 53,
        "songDuration": 110.736,
        "songNumber": 10,
        "activePlayerCount": 122,
        "LinkVideo": "https://files.catbox.moe/ob0zbn.webm",
        "LinkMp3": "https://files.catbox.moe/2spsk2.mp3",
        "annId": 21227
    },
    {
        "animeEng": "New Kimagure Orange\u2605Road: Summer's Beginning",
        "animeRomaji": "Shin Kimagure Orange\u2605Road: Soshite, Ano Natsu no Hajimari",
        "songName": "DON'T BE AFRAID",
        "artist": "Agua",
        "type": "Insert Song",
        "correctCount": 1,
        "startTime": 67,
        "songDuration": 118.104,
        "songNumber": 11,
        "activePlayerCount": 122,
        "LinkVideo": "https://files.catbox.moe/w3nz77.webm",
        "LinkMp3": "https://files.catbox.moe/9jo79l.mp3",
        "annId": 34,
        "correctPlayers": [
            "FairyS"
        ]
    },
    {
        "animeEng": "Karakuri Circus",
        "animeRomaji": "Karakuri Circus",
        "songName": "Gekk\u014d",
        "artist": "BUMP OF CHICKEN",
        "type": "Ending 3",
        "correctCount": 27,
        "startTime": 40,
        "songDuration": 86.76,
        "songNumber": 12,
        "activePlayerCount": 123,
        "LinkVideo": "https://files.catbox.moe/vcfh8i.webm",
        "LinkMp3": "https://files.catbox.moe/f3b5ig.mp3",
        "annId": 20774
    },
    {
        "animeEng": "Galaxy Angel A",
        "animeRomaji": "Galaxy Angel A",
        "songName": "Galaxy\u2606Baban ga Bang!",
        "artist": "Angel-tai",
        "type": "Opening 1",
        "correctCount": 8,
        "startTime": 61,
        "songDuration": 90.048,
        "songNumber": 13,
        "activePlayerCount": 123,
        "LinkVideo": "https://files.catbox.moe/hxhb4x.webm",
        "LinkMp3": "https://files.catbox.moe/j21g39.mp3",
        "annId": 2142
    },
    {
        "animeEng": "Macross Frontier",
        "animeRomaji": "Macross Frontier",
        "songName": "Aimo",
        "artist": "Megumi Nakajima",
        "type": "Ending 3",
        "correctCount": 42,
        "startTime": 16,
        "songDuration": 80.064,
        "songNumber": 14,
        "activePlayerCount": 124,
        "LinkVideo": "https://files.catbox.moe/oyab4u.webm",
        "LinkMp3": "https://files.catbox.moe/fjk4tj.mp3",
        "annId": 8586
    },
    {
        "animeEng": "Typhoon Noruda",
        "animeRomaji": "Taifuu no Noruda",
        "songName": "Arashi no Ato de",
        "artist": "Galileo Galilei",
        "type": "Ending 1",
        "correctCount": 15,
        "startTime": 116,
        "songDuration": 189.280012,
        "songNumber": 15,
        "activePlayerCount": 124,
        "LinkVideo": "https://files.catbox.moe/0q2kc8.webm",
        "LinkMp3": "https://files.catbox.moe/7hh2kl.mp3",
        "annId": 16989
    },
    {
        "animeEng": "Initial D: Fourth Stage",
        "animeRomaji": "Initial D: Fourth Stage",
        "songName": "Rage your dream",
        "artist": "move",
        "type": "Insert Song",
        "correctCount": 63,
        "startTime": 132,
        "songDuration": 197.976,
        "songNumber": 16,
        "activePlayerCount": 124,
        "LinkVideo": "https://files.catbox.moe/4pdvs2.webm",
        "LinkMp3": "https://files.catbox.moe/kynsk8.mp3",
        "annId": 3396
    },
    {
        "animeEng": "Fate/kaleid liner Prisma\u2606Illya 2wei!",
        "animeRomaji": "Fate/kaleid liner Prisma\u2606Illya 2wei!",
        "songName": "TWO BY TWO",
        "artist": "Yumeha K\u014dda",
        "type": "Ending 1",
        "correctCount": 37,
        "startTime": 0,
        "songDuration": 25.032,
        "songNumber": 17,
        "activePlayerCount": 125,
        "LinkVideo": "https://files.catbox.moe/ohmt7u.webm",
        "LinkMp3": "https://files.catbox.moe/fyq9p1.mp3",
        "annId": 23760
    },
    {
        "animeEng": "Metropolis",
        "animeRomaji": "Metropolis",
        "songName": "ST. JAMES INFIRMARY",
        "artist": "Kimura Atsuki",
        "type": "Insert Song",
        "correctCount": 18,
        "startTime": 0,
        "songDuration": 99.759918,
        "songNumber": 18,
        "activePlayerCount": 124,
        "LinkVideo": "https://files.catbox.moe/gr4il3.webm",
        "LinkMp3": "https://files.catbox.moe/r4cqp3.mp3",
        "annId": 176
    },
    {
        "animeEng": "The Asterisk War",
        "animeRomaji": "Gakusen Toshi Asterisk",
        "songName": "Hold you in the wind",
        "artist": "Rasmus Faber feat.Emily McEwan",
        "type": "Insert Song",
        "correctCount": 46,
        "startTime": 7,
        "songDuration": 90.552,
        "songNumber": 19,
        "activePlayerCount": 125,
        "LinkVideo": "https://files.catbox.moe/189q4j.webm",
        "LinkMp3": "https://files.catbox.moe/jzdax1.mp3",
        "annId": 18068
    },
    {
        "animeEng": "Mitsudomoe",
        "animeRomaji": "Mitsudomoe",
        "songName": "Mittsu Kazoete Daish\u016bg\u014d!",
        "artist": "Ayahi Takagaki, Satomi Akesaka, Haruka Tomatsu",
        "type": "Opening 1",
        "correctCount": 25,
        "startTime": 24,
        "songDuration": 87.168,
        "songNumber": 20,
        "activePlayerCount": 125,
        "LinkVideo": "https://files.catbox.moe/my7zu3.webm",
        "LinkMp3": "https://files.catbox.moe/7r8elp.mp3",
        "annId": 11180
    },
    {
        "animeEng": "Case Closed",
        "animeRomaji": "Meitantei Conan",
        "songName": "Step by Step",
        "artist": "ZIGGY",
        "type": "Ending 1",
        "correctCount": 17,
        "startTime": 29,
        "songDuration": 90.168,
        "songNumber": 21,
        "activePlayerCount": 126,
        "LinkVideo": "https://files.catbox.moe/fme653.webm",
        "LinkMp3": "https://files.catbox.moe/lmvcp7.mp3",
        "annId": 454
    },
    {
        "animeEng": "Spooky Kitaro",
        "animeRomaji": "Gegege no Kitar\u014d",
        "songName": "Karan Koron no Uta",
        "artist": "Ukadan",
        "type": "Ending 1",
        "correctCount": 118,
        "startTime": 54,
        "songDuration": 90.648,
        "songNumber": 22,
        "activePlayerCount": 126,
        "LinkVideo": "https://files.catbox.moe/5txqmf.webm",
        "LinkMp3": "https://files.catbox.moe/edu0gv.mp3",
        "annId": 2214
    },
    {
        "animeEng": "Dogeza de Tanondemita",
        "animeRomaji": "Dogeza de Tanondemita",
        "songName": "DOGEZA! Do get that!",
        "artist": "Dogeza-tai",
        "type": "Ending 1",
        "correctCount": 72,
        "startTime": 22,
        "songDuration": 57.36,
        "songNumber": 23,
        "activePlayerCount": 128,
        "LinkVideo": "https://files.catbox.moe/ewjdfc.webm",
        "LinkMp3": "https://files.catbox.moe/g41rkr.mp3",
        "annId": 23542
    },
    {
        "animeEng": "Science Ninja Team Gatchaman Fighter",
        "animeRomaji": "Kagaku Ninja-tai Gatchaman F",
        "songName": "Gatchaman Fighter",
        "artist": "Isao Sasaki & Columbia Yurikago-kai",
        "type": "Opening 1",
        "correctCount": 9,
        "startTime": 7,
        "songDuration": 78.408,
        "songNumber": 24,
        "activePlayerCount": 128,
        "LinkVideo": "https://files.catbox.moe/gb8g9r.webm",
        "LinkMp3": "https://files.catbox.moe/uzxqmv.mp3",
        "annId": 1220
    },
    {
        "animeEng": "Case Closed",
        "animeRomaji": "Meitantei Conan",
        "songName": "Bloody Venus",
        "artist": "Misumi Kosaka",
        "type": "Insert Song",
        "correctCount": 22,
        "startTime": 6,
        "songDuration": 42.336,
        "songNumber": 25,
        "activePlayerCount": 129,
        "LinkVideo": "https://files.catbox.moe/blovgg.webm",
        "LinkMp3": "https://files.catbox.moe/q2o1an.mp3",
        "annId": 454
    },
    {
        "animeEng": "Eiga Yo-kai Watch: Forever Friends",
        "animeRomaji": "Eiga Yo-kai Watch: Forever Friends",
        "songName": "Daisuki Datta",
        "artist": "Tohoshinki",
        "type": "Ending 1",
        "correctCount": 3,
        "startTime": 234,
        "songDuration": 276.96,
        "songNumber": 26,
        "activePlayerCount": 129,
        "LinkVideo": "https://files.catbox.moe/9nxq8h.webm",
        "LinkMp3": "https://files.catbox.moe/yydqgw.mp3",
        "annId": 21120,
        "correctPlayers": [
            "Jiinoo",
            "yahallonyanpasu",
            "Rukawa11"
        ]
    },
    {
        "animeEng": "Yurumates3Dei",
        "animeRomaji": "Yurumates3Dei",
        "songName": "Tobidase!3D",
        "artist": "Haruko Momoi",
        "type": "Opening 1",
        "correctCount": 27,
        "startTime": 0,
        "songDuration": 28.917054,
        "songNumber": 27,
        "activePlayerCount": 128,
        "LinkVideo": "https://files.catbox.moe/9zlkji.webm",
        "LinkMp3": "https://files.catbox.moe/38q9p1.mp3",
        "annId": 13801
    },
    {
        "animeEng": "Romeo \u00d7 Juliet",
        "animeRomaji": "Romeo \u00d7 Juliet",
        "songName": "You Raise Me Up",
        "artist": "LENA PARK",
        "type": "Ending 3",
        "correctCount": 56,
        "startTime": 140,
        "songDuration": 278.592,
        "songNumber": 28,
        "activePlayerCount": 126,
        "LinkVideo": "https://files.catbox.moe/9vlvu1.webm",
        "LinkMp3": "https://files.catbox.moe/swi0f6.mp3",
        "annId": 7087
    },
    {
        "animeEng": "Black Butler II",
        "animeRomaji": "Kuroshitsuji II",
        "songName": "SHIVER",
        "artist": "the GazettE",
        "type": "Opening 1",
        "correctCount": 58,
        "startTime": 7,
        "songDuration": 89.808,
        "songNumber": 29,
        "activePlayerCount": 125,
        "LinkVideo": "https://files.catbox.moe/cfjktu.webm",
        "LinkMp3": "https://files.catbox.moe/vsahln.mp3",
        "annId": 11265
    },
    {
        "animeEng": "Hinata no Aoshigure",
        "animeRomaji": "Hinata no Aoshigure",
        "songName": "Fushigi",
        "artist": "Spitz",
        "type": "Insert Song",
        "correctCount": 21,
        "startTime": 127,
        "songDuration": 278.408276,
        "songNumber": 30,
        "activePlayerCount": 124,
        "LinkVideo": "https://files.catbox.moe/yhn8tv.webm",
        "LinkMp3": "https://files.catbox.moe/e4f3cl.mp3",
        "annId": 19756
    },
    {
        "animeEng": "Actually, I Am\u2026",
        "animeRomaji": "Jitsu wa Watashi wa",
        "songName": "Himitsu o Ch\u014ddai",
        "artist": "Ars Magna",
        "type": "Opening 1",
        "correctCount": 50,
        "startTime": 26,
        "songDuration": 89.568,
        "songNumber": 31,
        "activePlayerCount": 125,
        "LinkVideo": "https://files.catbox.moe/s7ja7x.webm",
        "LinkMp3": "https://files.catbox.moe/mvas6d.mp3",
        "annId": 16733
    },
    {
        "animeEng": "Nora, Princess, and Stray Cat",
        "animeRomaji": "Nora to \u014cjo to Noraneko Heart",
        "songName": "Ne! Ko!",
        "artist": "Natsumi Takamori, Eri Sendai, Yuu Asakawa, Atsumi Tanezaki",
        "type": "Opening 1",
        "correctCount": 49,
        "startTime": 8,
        "songDuration": 47.448,
        "songNumber": 32,
        "activePlayerCount": 124,
        "LinkVideo": "https://files.catbox.moe/qlz67a.webm",
        "LinkMp3": "https://files.catbox.moe/zaakea.mp3",
        "annId": 19749
    },
    {
        "animeEng": "Senki Zessh\u014d Symphogear GX",
        "animeRomaji": "Senki Zessh\u014d Symphogear GX",
        "songName": "Rebirth-day",
        "artist": "Ayahi Takagaki",
        "type": "Ending 2",
        "correctCount": 13,
        "startTime": 28,
        "songDuration": 89.472,
        "songNumber": 33,
        "activePlayerCount": 124,
        "LinkVideo": "https://files.catbox.moe/6ugy37.webm",
        "LinkMp3": "https://files.catbox.moe/15o163.mp3",
        "annId": 16312
    },
    {
        "animeEng": "Babylon",
        "animeRomaji": "Babylon",
        "songName": "Echoing",
        "artist": "Yutaka Yamada ft. Sysha",
        "type": "Opening 1",
        "correctCount": 52,
        "startTime": 0,
        "songDuration": 28.68,
        "songNumber": 34,
        "activePlayerCount": 124,
        "LinkVideo": "https://files.catbox.moe/2e5cmj.webm",
        "LinkMp3": "https://files.catbox.moe/car51s.mp3",
        "annId": 20775
    },
    {
        "animeEng": "Belle and Sebastian",
        "animeRomaji": "Meiken Jolie",
        "songName": "Futari de Hanbunko",
        "artist": "Mitsuko Horie, Mori no Ki Jidou Gasshou-dan, Tea Tea Ne & Children's Chorus",
        "type": "Ending 1",
        "correctCount": 5,
        "startTime": 24,
        "songDuration": 83.064,
        "songNumber": 35,
        "activePlayerCount": 124,
        "LinkVideo": "https://files.catbox.moe/a4e01f.webm",
        "LinkMp3": "https://files.catbox.moe/3mza99.mp3",
        "annId": 1215,
        "correctPlayers": [
            "FairyS",
            "gaaw",
            "TeekyuOnly",
            "TKN",
            "Rukawa11"
        ]
    },
    {
        "animeEng": "Mazinkaiser: Shit\u014d! Ankoku Daish\u014dgun",
        "animeRomaji": "Mazinkaiser: Shit\u014d! Ankoku Daish\u014dgun",
        "songName": "The Gate of the Hell",
        "artist": "JAM Project featuring Yoshiki Fukuyama",
        "type": "Opening 1",
        "correctCount": 12,
        "startTime": 166,
        "songDuration": 219.4808,
        "songNumber": 36,
        "activePlayerCount": 124,
        "LinkVideo": "https://files.catbox.moe/drrl2i.webm",
        "LinkMp3": "https://files.catbox.moe/l3ct1i.mp3",
        "annId": 2862
    },
    {
        "animeEng": "Lupin III: From Siberia with Love",
        "animeRomaji": "Lupin Sansei: Russia yori Ai o Komete",
        "songName": "Golden Game",
        "artist": "Hatsumi Shibata",
        "type": "Ending 1",
        "correctCount": 3,
        "startTime": 105,
        "songDuration": 167.04,
        "songNumber": 37,
        "activePlayerCount": 124,
        "LinkVideo": "https://files.catbox.moe/wjbe2s.webm",
        "LinkMp3": "https://files.catbox.moe/59wnh7.mp3",
        "annId": 2091,
        "correctPlayers": [
            "FairyS",
            "Pratasz",
            "TheChump"
        ]
    },
    {
        "animeEng": "Baby I Love You Daze",
        "animeRomaji": "Baby I Love You Daze",
        "songName": "Shinsekai",
        "artist": "BUMP OF CHICKEN",
        "type": "Insert Song",
        "correctCount": 69,
        "startTime": 105,
        "songDuration": 157.097708,
        "songNumber": 38,
        "activePlayerCount": 125,
        "LinkVideo": "https://files.catbox.moe/zvopcd.webm",
        "LinkMp3": "https://files.catbox.moe/jl19uy.mp3",
        "annId": 22182
    },
    {
        "animeEng": "Working Buddies!",
        "animeRomaji": "Hataraku Onii-san!",
        "songName": "KEEP YOUR HOPE ALIVE",
        "artist": "DearDream",
        "type": "Ending 1",
        "correctCount": 9,
        "startTime": 12,
        "songDuration": 43.728,
        "songNumber": 39,
        "activePlayerCount": 125,
        "LinkVideo": "https://files.catbox.moe/fcip6s.webm",
        "LinkMp3": "https://files.catbox.moe/greqwc.mp3",
        "annId": 20505
    },
    {
        "animeEng": "Hello World",
        "animeRomaji": "Hello World",
        "songName": "Lost Game (Movie ver.)",
        "artist": "Nulbarich",
        "type": "Insert Song",
        "correctCount": 25,
        "startTime": 18,
        "songDuration": 142.512,
        "songNumber": 40,
        "activePlayerCount": 125,
        "LinkVideo": "https://files.catbox.moe/szsaf6.webm",
        "LinkMp3": "https://files.catbox.moe/dkbgj7.mp3",
        "annId": 22139
    },
    {
        "animeEng": "Major 2nd",
        "animeRomaji": "Major 2nd",
        "songName": "SAIREN",
        "artist": "Reol",
        "type": "Ending 2",
        "correctCount": 15,
        "startTime": 52,
        "songDuration": 88.03114,
        "songNumber": 41,
        "activePlayerCount": 126,
        "LinkVideo": "https://files.catbox.moe/0z2usy.webm",
        "LinkMp3": "https://files.catbox.moe/2qu0ly.mp3",
        "annId": 20204
    },
    {
        "animeEng": "Go! Princess Pretty Cure the Movie Go! Go!! Gorgeous Triple Feature!!!",
        "animeRomaji": "Eiga Go! Princess Precure Go! Go!! G\u014dka 3-bon Date!!!",
        "songName": "Miracle Go! Princess Precure",
        "artist": "Karin Isobe",
        "type": "Opening 1",
        "correctCount": 26,
        "startTime": 41,
        "songDuration": 101.568,
        "songNumber": 42,
        "activePlayerCount": 126,
        "LinkVideo": "https://files.catbox.moe/4ilxys.webm",
        "LinkMp3": "https://files.catbox.moe/m0nhwy.mp3",
        "annId": 17361
    },
    {
        "animeEng": "Rage of Bahamut: Genesis",
        "animeRomaji": "Shingeki no Bahamut Genesis",
        "songName": "EXiSTENCE",
        "artist": "SiM",
        "type": "Opening 1",
        "correctCount": 43,
        "startTime": 59,
        "songDuration": 89.712,
        "songNumber": 43,
        "activePlayerCount": 125,
        "LinkVideo": "https://files.catbox.moe/kd57ng.webm",
        "LinkMp3": "https://files.catbox.moe/vz7256.mp3",
        "annId": 15791
    },
    {
        "animeEng": "Galaxy Angel",
        "animeRomaji": "Galaxy Angel",
        "songName": "Koisuru Recipe",
        "artist": "Miyuki Sawashiro",
        "type": "Insert Song",
        "correctCount": 4,
        "startTime": 46,
        "songDuration": 144.36,
        "songNumber": 44,
        "activePlayerCount": 125,
        "LinkVideo": "https://files.catbox.moe/x99h7w.webm",
        "LinkMp3": "https://files.catbox.moe/qq7vsi.mp3",
        "annId": 837,
        "correctPlayers": [
            "weavedheart",
            "yahallonyanpasu",
            "gaaw",
            "gro42"
        ]
    },
    {
        "animeEng": "Love Live! School Idol Project",
        "animeRomaji": "Love Live! School Idol Project",
        "songName": "Wonderful Rush",
        "artist": "\u03bc's",
        "type": "Insert Song",
        "correctCount": 28,
        "startTime": 169,
        "songDuration": 274.056,
        "songNumber": 45,
        "activePlayerCount": 126,
        "LinkVideo": "https://files.catbox.moe/36qivx.webm",
        "LinkMp3": "https://files.catbox.moe/h2wznk.mp3",
        "annId": 22080
    },
    {
        "animeEng": "Duel Masters Cross Shock",
        "animeRomaji": "Duel Masters Cross Shock",
        "songName": "Yuuki no Chikara",
        "artist": "everset",
        "type": "Opening 1",
        "correctCount": 15,
        "startTime": 1,
        "songDuration": 39.432,
        "songNumber": 46,
        "activePlayerCount": 125,
        "LinkVideo": "https://files.catbox.moe/l1bu88.webm",
        "LinkMp3": "https://files.catbox.moe/itjnj9.mp3",
        "annId": 11493
    },
    {
        "animeEng": "Fushigi Dagashiya Zenitend\u014d",
        "animeRomaji": "Fushigi Dagashiya Zenitend\u014d",
        "songName": "Kis\u014dtengai Fushigi o D\u014dzo",
        "artist": "Emi Noda",
        "type": "Opening 1",
        "correctCount": 16,
        "startTime": 2,
        "songDuration": 59.664,
        "songNumber": 47,
        "activePlayerCount": 125,
        "LinkVideo": "https://files.catbox.moe/e0sdxw.webm",
        "LinkMp3": "https://files.catbox.moe/6z5ze7.mp3",
        "annId": 23665
    },
    {
        "animeEng": "Renkin 3-kyuu Magical? Pokaan",
        "animeRomaji": "Renkin 3-kyuu Magical? Pokaan",
        "songName": "Senketsu no Chikai",
        "artist": "Yousei Teikoku",
        "type": "Opening 1",
        "correctCount": 20,
        "startTime": 0,
        "songDuration": 89.352,
        "songNumber": 48,
        "activePlayerCount": 126,
        "LinkVideo": "https://openings.moe/video/RenkinSan-KyuuMagical%EF%BC%9FPokaan-OP01-CDVD.webm",
        "LinkMp3": "https://files.catbox.moe/dbm6ap.mp3",
        "annId": 6571
    },
    {
        "animeEng": "Vampire Hunter D: Bloodlust",
        "animeRomaji": "Vampire Hunter D: Bloodlust",
        "songName": "Tooku made",
        "artist": "Do As Infinity",
        "type": "Ending 1",
        "correctCount": 10,
        "startTime": 187,
        "songDuration": 251.04,
        "songNumber": 49,
        "activePlayerCount": 126,
        "LinkVideo": "https://files.catbox.moe/ni849v.webm",
        "LinkMp3": "https://files.catbox.moe/os83fo.mp3",
        "annId": 238
    },
    {
        "animeEng": "Diabolik Lovers II: More,Blood",
        "animeRomaji": "Diabolik Lovers More,Blood",
        "songName": "Kindan no 666",
        "artist": "Ry\u014dhei Kimura & Daisuke Kishio",
        "type": "Opening 1",
        "correctCount": 10,
        "startTime": 41,
        "songDuration": 87.576,
        "songNumber": 50,
        "activePlayerCount": 125,
        "LinkVideo": "https://files.catbox.moe/184ugp.webm",
        "LinkMp3": "https://files.catbox.moe/v7ut6w.mp3",
        "annId": 16782
    },
    {
        "animeEng": "The Cat Returns",
        "animeRomaji": "Neko no Ongaeshi",
        "songName": "Kaze ni Naru",
        "artist": "Ayano Tsuji",
        "type": "Ending 1",
        "correctCount": 38,
        "startTime": 81,
        "songDuration": 243.168,
        "songNumber": 51,
        "activePlayerCount": 126,
        "LinkVideo": "https://files.catbox.moe/64phnu.webm",
        "LinkMp3": "https://files.catbox.moe/vquif6.mp3",
        "annId": 868
    },
    {
        "animeEng": "Hatena Illusion",
        "animeRomaji": "Hatena Illusion",
        "songName": "Magic Words",
        "artist": "Liyuu",
        "type": "Opening 1",
        "correctCount": 35,
        "startTime": 16,
        "songDuration": 89.808,
        "songNumber": 52,
        "activePlayerCount": 126,
        "LinkVideo": "https://files.catbox.moe/tzweol.webm",
        "LinkMp3": "https://files.catbox.moe/h3z4zo.mp3",
        "annId": 22390
    },
    {
        "animeEng": "Dagashi Kashi 2",
        "animeRomaji": "Dagashi Kashi 2",
        "songName": "Oh My Sugar Feeling!!",
        "artist": "Ayana Taketatsu",
        "type": "Opening 1",
        "correctCount": 48,
        "startTime": 9,
        "songDuration": 88.416,
        "songNumber": 53,
        "activePlayerCount": 126,
        "LinkVideo": "https://files.catbox.moe/diac5m.webm",
        "LinkMp3": "https://files.catbox.moe/fdfupq.mp3",
        "annId": 20012
    },
    {
        "animeEng": "Tsugu Tsugumomo",
        "animeRomaji": "Tsugu Tsugumomo",
        "songName": "Kaze Fukeba Tsukiyo no Hate ni",
        "artist": "A\u014cP",
        "type": "Opening 1",
        "correctCount": 25,
        "startTime": 26,
        "songDuration": 88.752,
        "songNumber": 54,
        "activePlayerCount": 125,
        "LinkVideo": "https://files.catbox.moe/3fre3t.webm",
        "LinkMp3": "https://files.catbox.moe/1rm5yh.mp3",
        "annId": 22978
    },
    {
        "animeEng": "Gegege no Kitar\u014d: Obake Nighter",
        "animeRomaji": "Gegege no Kitar\u014d: Obake Nighter",
        "songName": "Gegege no Kitar\u014d",
        "artist": "Ukadan",
        "type": "Opening 1",
        "correctCount": 112,
        "startTime": 24,
        "songDuration": 93.552,
        "songNumber": 55,
        "activePlayerCount": 125,
        "LinkVideo": "https://files.catbox.moe/70819d.webm",
        "LinkMp3": "https://files.catbox.moe/uzpupd.mp3",
        "annId": 3699
    },
    {
        "animeEng": "Yozakura Quartet: Tsuki ni Naku",
        "animeRomaji": "Yozakura Quartet: Tsuki ni Naku",
        "songName": "Chandelier Waltz",
        "artist": "UNISON SQUARE GARDEN",
        "type": "Ending 1",
        "correctCount": 14,
        "startTime": 36,
        "songDuration": 96.936,
        "songNumber": 56,
        "activePlayerCount": 125,
        "LinkVideo": "https://files.catbox.moe/ajgbe9.webm",
        "LinkMp3": "https://files.catbox.moe/iai7fr.mp3",
        "annId": 15279
    },
    {
        "animeEng": "Umi Monogatari",
        "animeRomaji": "Umi Monogatari: Anata ga Ite Kureta Koto",
        "songName": "Tidanuhikyari",
        "artist": "Nami Miyahara",
        "type": "Insert Song",
        "correctCount": 10,
        "startTime": 0,
        "songDuration": 24.072,
        "songNumber": 57,
        "activePlayerCount": 124,
        "LinkVideo": "https://files.catbox.moe/k1uxle.webm",
        "LinkMp3": "https://files.catbox.moe/uj2jwj.mp3",
        "annId": 10658
    },
    {
        "animeEng": "Kodomo no Jikan",
        "animeRomaji": "Kodomo no Jikan",
        "songName": "Hanamaru\u2606Sensation",
        "artist": "Little Non",
        "type": "Ending 1",
        "correctCount": 9,
        "startTime": 3,
        "songDuration": 89.28,
        "songNumber": 58,
        "activePlayerCount": 125,
        "LinkVideo": "https://files.catbox.moe/ozzt89.webm",
        "LinkMp3": "https://files.catbox.moe/x3n525.mp3",
        "annId": 7688
    },
    {
        "animeEng": "Hidamari Sketch",
        "animeRomaji": "Hidamari Sketch",
        "songName": "Yume Glider",
        "artist": "Kana Asumi",
        "type": "Insert Song",
        "correctCount": 24,
        "startTime": 0,
        "songDuration": 23.424,
        "songNumber": 59,
        "activePlayerCount": 125,
        "LinkVideo": "https://files.catbox.moe/yzlanr.webm",
        "LinkMp3": "https://files.catbox.moe/a42nzh.mp3",
        "annId": 6811
    },
    {
        "animeEng": "Pingu in the City",
        "animeRomaji": "Pingu in the City",
        "songName": "PINGU A GO! GO!",
        "artist": "Ken Arai",
        "type": "Opening 1",
        "correctCount": 91,
        "startTime": 0,
        "songDuration": 24.450192,
        "songNumber": 60,
        "activePlayerCount": 125,
        "LinkVideo": "https://files.catbox.moe/rmjchp.webm",
        "LinkMp3": "https://files.catbox.moe/8hw5iu.mp3",
        "annId": 21191
    },
    {
        "animeEng": "Magical Girl Lyrical Nanoha",
        "animeRomaji": "Mah\u014d Sh\u014djo Lyrical Nanoha",
        "songName": "Little Wish ~lyrical step~",
        "artist": "Yukari Tamura",
        "type": "Ending 1",
        "correctCount": 41,
        "startTime": 70,
        "songDuration": 105.48,
        "songNumber": 61,
        "activePlayerCount": 125,
        "LinkVideo": "https://files.catbox.moe/67tt0e.webm",
        "LinkMp3": "https://files.catbox.moe/3bc58j.mp3",
        "annId": 4576
    },
    {
        "animeEng": "Bungo Stray Dogs",
        "animeRomaji": "Bungo Stray Dogs",
        "songName": "Good For Nothing",
        "artist": "Lotus Juice",
        "type": "Insert Song",
        "correctCount": 32,
        "startTime": 28,
        "songDuration": 168.528,
        "songNumber": 62,
        "activePlayerCount": 125,
        "LinkVideo": "https://files.catbox.moe/ll2yid.webm",
        "LinkMp3": "https://files.catbox.moe/s5cfv5.mp3",
        "annId": 17693
    },
    {
        "animeEng": "Room Mate",
        "animeRomaji": "Room Mate",
        "songName": "Kimi-iro Smile",
        "artist": "Kousuke Toriumi, Tomoaki Maeno",
        "type": "Ending 2",
        "correctCount": 25,
        "startTime": 0,
        "songDuration": 28.608,
        "songNumber": 63,
        "activePlayerCount": 126,
        "LinkVideo": "https://files.catbox.moe/0aci03.webm",
        "LinkMp3": "https://files.catbox.moe/eakck8.mp3",
        "annId": 19158
    },
    {
        "animeEng": "Phi Brain: Puzzle of God",
        "animeRomaji": "Phi-Brain - Kami no Puzzle",
        "songName": "Koi no Puzzle o Toite",
        "artist": "Megumi Nakajima",
        "type": "Insert Song",
        "correctCount": 13,
        "startTime": 53,
        "songDuration": 85.08,
        "songNumber": 64,
        "activePlayerCount": 126,
        "LinkVideo": "https://files.catbox.moe/h0sl35.webm",
        "LinkMp3": "https://files.catbox.moe/eyy1pg.mp3",
        "annId": 12271
    },
    {
        "animeEng": "Pretty Rhythm All Star Selection: Prism Show Best Ten",
        "animeRomaji": "Pretty Rhythm All Star Selection: Prism Show Best Ten",
        "songName": "my Transform",
        "artist": "Prizmmy\u2606",
        "type": "Insert Song",
        "correctCount": 18,
        "startTime": 0,
        "songDuration": 43.36252,
        "songNumber": 65,
        "activePlayerCount": 128,
        "LinkVideo": "https://files.catbox.moe/0hfxzy.webm",
        "LinkMp3": "https://files.catbox.moe/uetcw0.mp3",
        "annId": 15887
    },
    {
        "animeEng": "Mobile Suit Gundam 00",
        "animeRomaji": "Mobile Suit Gundam 00",
        "songName": "DAYBREAK'S BELL",
        "artist": "L'Arc~en~Ciel",
        "type": "Opening 1",
        "correctCount": 42,
        "startTime": 6,
        "songDuration": 92.352,
        "songNumber": 66,
        "activePlayerCount": 128,
        "LinkVideo": "https://files.catbox.moe/sidmjw.webm",
        "LinkMp3": "https://files.catbox.moe/r11ehs.mp3",
        "annId": 8190
    },
    {
        "animeEng": "I want to eat your pancreas",
        "animeRomaji": "Kimi no Suiz\u014d o Tabetai",
        "songName": "Shunkash\u016bt\u014d",
        "artist": "sumika",
        "type": "Ending 1",
        "correctCount": 80,
        "startTime": 182,
        "songDuration": 267.576,
        "songNumber": 67,
        "activePlayerCount": 128,
        "LinkVideo": "https://files.catbox.moe/lndxcu.webm",
        "LinkMp3": "https://files.catbox.moe/7qtkj3.mp3",
        "annId": 20388
    },
    {
        "animeEng": "CHOYOYU!: High School Prodigies Have It Easy Even in Another World!",
        "animeRomaji": "Ch\u014djin K\u014dk\u014dsei-tachi wa Isekai demo Yoyuu de Ikinuku Y\u014ddesu!",
        "songName": "dear my distance",
        "artist": "Akari Kit\u014d",
        "type": "Ending 1",
        "correctCount": 19,
        "startTime": 23,
        "songDuration": 88.68,
        "songNumber": 68,
        "activePlayerCount": 128,
        "LinkVideo": "https://files.catbox.moe/o2te22.webm",
        "LinkMp3": "https://files.catbox.moe/ijoc3f.mp3",
        "annId": 22498
    },
    {
        "animeEng": "Metropolis",
        "animeRomaji": "Metropolis",
        "songName": "I CAN'T STOP LOVING YOU",
        "artist": "Ray Charles",
        "type": "Insert Song",
        "correctCount": 17,
        "startTime": 74,
        "songDuration": 253.12218,
        "songNumber": 69,
        "activePlayerCount": 129,
        "LinkVideo": "https://files.catbox.moe/6nr9ld.webm",
        "LinkMp3": "https://files.catbox.moe/0s689d.mp3",
        "annId": 176
    },
    {
        "animeEng": "Digimon Adventure tri. Chapter 4: Loss",
        "animeRomaji": "Digimon Adventure tri. S\u014dshitsu",
        "songName": "brave heart~tri.Version~",
        "artist": "Ayumi Miyazaki",
        "type": "Insert Song",
        "correctCount": 22,
        "startTime": 175,
        "songDuration": 250.008,
        "songNumber": 70,
        "activePlayerCount": 129,
        "LinkVideo": "https://files.catbox.moe/4kqlm3.webm",
        "LinkMp3": "https://files.catbox.moe/s4jri7.mp3",
        "annId": 18898
    },
    {
        "animeEng": "Galaxy Railway 999: Eternal Traveller Emeraldas",
        "animeRomaji": "Ginga Tetsud\u014d 999: Eien no Tabibito Emeraldas",
        "songName": "THE GALAXY EXPRESS 999",
        "artist": "Godiego",
        "type": "Opening 1",
        "correctCount": 40,
        "startTime": 65,
        "songDuration": 154.608,
        "songNumber": 71,
        "activePlayerCount": 128,
        "LinkVideo": "https://files.catbox.moe/xgk83c.webm",
        "LinkMp3": "https://files.catbox.moe/s588d4.mp3",
        "annId": 3808
    },
    {
        "animeEng": "Hikari no Densetsu",
        "animeRomaji": "Hikari no Densetsu",
        "songName": "Heart no Kisetsu",
        "artist": "Tsukasa Itoh",
        "type": "Opening 1",
        "correctCount": 3,
        "startTime": 6,
        "songDuration": 88.104,
        "songNumber": 72,
        "activePlayerCount": 128,
        "LinkVideo": "https://files.catbox.moe/toosmo.webm",
        "LinkMp3": "https://files.catbox.moe/ll1zl3.mp3",
        "annId": 1491,
        "correctPlayers": [
            "yahallonyanpasu",
            "Rukawa11",
            "oneroom"
        ]
    },
    {
        "animeEng": "Junji Ito Collection",
        "animeRomaji": "Ito Junji: Collection",
        "songName": "Tagai no Uch\u016b",
        "artist": "JYOCHO",
        "type": "Ending 1",
        "correctCount": 18,
        "startTime": 0,
        "songDuration": 89.76,
        "songNumber": 73,
        "activePlayerCount": 129,
        "LinkVideo": "https://files.catbox.moe/ajfpp9.webm",
        "LinkMp3": "https://files.catbox.moe/c8wjkl.mp3",
        "annId": 20207
    },
    {
        "animeEng": "D.C.II: Da Capo II",
        "animeRomaji": "D.C.II: Da Capo II",
        "songName": "Sakura Emi Kimi Omou",
        "artist": "Minori Chihara",
        "type": "Insert Song",
        "correctCount": 9,
        "startTime": 50,
        "songDuration": 91.56,
        "songNumber": 74,
        "activePlayerCount": 130,
        "LinkVideo": "https://files.catbox.moe/3jxown.webm",
        "LinkMp3": "https://files.catbox.moe/6dnnne.mp3",
        "annId": 8092
    },
    {
        "animeEng": "One: Kagayaku Kisetsu e",
        "animeRomaji": "One: Kagayaku Kisetsu e",
        "songName": "Eternity",
        "artist": "millio",
        "type": "Opening 1",
        "correctCount": 5,
        "startTime": 3,
        "songDuration": 88.008,
        "songNumber": 75,
        "activePlayerCount": 131,
        "LinkVideo": "https://files.catbox.moe/h9xuan.webm",
        "LinkMp3": "https://files.catbox.moe/ulrn3s.mp3",
        "annId": 56,
        "correctPlayers": [
            "weavedheart",
            "FairyS",
            "gaaw",
            "PearI",
            "Rukawa11"
        ]
    },
    {
        "animeEng": "Soul Eater",
        "animeRomaji": "Soul Eater",
        "songName": "PAPERMOON",
        "artist": "Tommy heavenly\u2076",
        "type": "Opening 2",
        "correctCount": 64,
        "startTime": 15,
        "songDuration": 88.992,
        "songNumber": 76,
        "activePlayerCount": 131,
        "LinkVideo": "https://files.catbox.moe/s1lotg.webm",
        "LinkMp3": "https://files.catbox.moe/csz22e.mp3",
        "annId": 9070
    },
    {
        "animeEng": "One Piece Film Strong World",
        "animeRomaji": "One Piece Film Strong World",
        "songName": "fanfare",
        "artist": "Mr.Children",
        "type": "Ending 1",
        "correctCount": 10,
        "startTime": 89,
        "songDuration": 211.056,
        "songNumber": 77,
        "activePlayerCount": 131,
        "LinkVideo": "https://files.catbox.moe/av5m8e.webm",
        "LinkMp3": "https://files.catbox.moe/2o5b9e.mp3",
        "annId": 10855
    },
    {
        "animeEng": "Kaguya-sama: Love is War Season 2",
        "animeRomaji": "Kaguya-sama wa Kokurasetai?: Tensai-tachi no Renai Zun\u014dsen",
        "songName": "Kaze ni Fukarete",
        "artist": "Haruka Fukuhara",
        "type": "Ending 1",
        "correctCount": 66,
        "startTime": 35,
        "songDuration": 88.728,
        "songNumber": 78,
        "activePlayerCount": 131,
        "LinkVideo": "https://files.catbox.moe/4yo23m.webm",
        "LinkMp3": "https://files.catbox.moe/4a2i1g.mp3",
        "annId": 22587
    },
    {
        "animeEng": "Case Closed",
        "animeRomaji": "Meitantei Conan",
        "songName": "Sekai wa Mawaru to Iu Keredo",
        "artist": "GARNET CROW",
        "type": "Ending 28",
        "correctCount": 35,
        "startTime": 17,
        "songDuration": 80.904,
        "songNumber": 79,
        "activePlayerCount": 131,
        "LinkVideo": "https://files.catbox.moe/4jbyhj.webm",
        "LinkMp3": "https://files.catbox.moe/c17yup.mp3",
        "annId": 454
    },
    {
        "animeEng": "Charlotte",
        "animeRomaji": "Charlotte",
        "songName": "Blood Colour",
        "artist": "ZHIEND",
        "type": "Insert Song",
        "correctCount": 57,
        "startTime": 4,
        "songDuration": 38.088,
        "songNumber": 80,
        "activePlayerCount": 131,
        "LinkVideo": "https://files.catbox.moe/je30b1.webm",
        "LinkMp3": "https://files.catbox.moe/ewhexn.mp3",
        "annId": 16649
    },
    {
        "animeEng": "Detective Opera Milky Holmes",
        "animeRomaji": "Tantei Opera Milky Holmes",
        "songName": "Honn\u014d no Doubt",
        "artist": "Faylan",
        "type": "Ending 1",
        "correctCount": 8,
        "startTime": 5,
        "songDuration": 89.256,
        "songNumber": 81,
        "activePlayerCount": 131,
        "LinkVideo": "https://files.catbox.moe/0xj2e7.webm",
        "LinkMp3": "https://files.catbox.moe/kd4kfz.mp3",
        "annId": 11198
    },
    {
        "animeEng": "Dino Adventure Jurassic Tripper",
        "animeRomaji": "Ky\u014dryuu B\u014dkenki Jura Tripper",
        "songName": "Boku-tachi no Start",
        "artist": "Hironobu Kageyama",
        "type": "Opening 1",
        "correctCount": 3,
        "startTime": 25,
        "songDuration": 68.832,
        "songNumber": 82,
        "activePlayerCount": 132,
        "LinkVideo": "https://files.catbox.moe/x7h3m8.webm",
        "LinkMp3": "https://files.catbox.moe/v506e5.mp3",
        "annId": 1767,
        "correctPlayers": [
            "Rukawa11",
            "TowaSamaTenshi",
            "Riyll"
        ]
    },
    {
        "animeEng": "You and Me. Season 2",
        "animeRomaji": "Kimi to Boku. 2",
        "songName": "Candy",
        "artist": "Sh\u014dta Aoi",
        "type": "Insert Song",
        "correctCount": 20,
        "startTime": 62,
        "songDuration": 193.128,
        "songNumber": 83,
        "activePlayerCount": 132,
        "LinkVideo": "https://files.catbox.moe/xxsej2.webm",
        "LinkMp3": "https://files.catbox.moe/cbb7qm.mp3",
        "annId": 13943
    },
    {
        "animeEng": "Angel Heart",
        "animeRomaji": "Angel Heart",
        "songName": "Rebirth",
        "artist": "kitago-yama",
        "type": "Insert Song",
        "correctCount": 3,
        "startTime": 10,
        "songDuration": 91.752,
        "songNumber": 84,
        "activePlayerCount": 132,
        "LinkVideo": "https://files.catbox.moe/o9db3s.webm",
        "LinkMp3": "https://files.catbox.moe/hlg14b.mp3",
        "annId": 5487,
        "correctPlayers": [
            "FairyS",
            "yahallonyanpasu",
            "yotsuyaiba"
        ]
    },
    {
        "animeEng": "Paradise Kiss",
        "animeRomaji": "Paradise Kiss",
        "songName": "Sh\u014dnen Knife",
        "artist": "THE BABYS",
        "type": "Insert Song",
        "correctCount": 1,
        "startTime": 14,
        "songDuration": 42.984,
        "songNumber": 85,
        "activePlayerCount": 130,
        "LinkVideo": "https://files.catbox.moe/vnjfxh.webm",
        "LinkMp3": "https://files.catbox.moe/eua5x2.mp3",
        "annId": 5081,
        "correctPlayers": [
            "Zylda"
        ]
    }
]