[
    {
        "animeEng": "ALL OUT!!",
        "animeRomaji": "ALL OUT!!",
        "songName": "Flower",
        "artist": "Lenny code fiction",
        "type": "Opening 1",
        "correctCount": 23,
        "startTime": 29,
        "songDuration": 88.8,
        "songNumber": 1,
        "activePlayerCount": 178,
        "LinkVideo": "https://files.catbox.moe/phsi03.webm",
        "LinkMp3": "https://files.catbox.moe/1lekbm.mp3",
        "annId": 17826
    },
    {
        "animeEng": "Pichi Pichi Pitch",
        "animeRomaji": "Mermaid Melody: Pichi Pichi Pitch",
        "songName": "Legend of Mermaid ~Piano Version~",
        "artist": "Kana Ueda",
        "type": "Insert Song",
        "correctCount": 9,
        "startTime": 33,
        "songDuration": 96.936,
        "songNumber": 2,
        "activePlayerCount": 185,
        "LinkVideo": "https://files.catbox.moe/83vlkg.webm",
        "LinkMp3": "https://files.catbox.moe/siinse.mp3",
        "annId": 2289
    },
    {
        "animeEng": "Magical Girl Lyrical Nanoha Detonation",
        "animeRomaji": "Mah\u014d Sh\u014djo Lyrical Nanoha Detonation",
        "songName": "Daylight on Brave",
        "artist": "Satomi Sato",
        "type": "Insert Song",
        "correctCount": 5,
        "startTime": 43,
        "songDuration": 86.568,
        "songNumber": 3,
        "activePlayerCount": 189,
        "LinkVideo": "https://files.catbox.moe/gwnt7o.webm",
        "LinkMp3": "https://files.catbox.moe/p965qn.mp3",
        "annId": 20480,
        "correctPlayers": [
            "watashiii",
            "gaaw",
            "loriogoulevent",
            "kurizu",
            "Mistrals"
        ]
    },
    {
        "animeEng": "Welcome to Demon School! Iruma-kun",
        "animeRomaji": "Mairimashita! Iruma-kun",
        "songName": "Kokoro Showtime",
        "artist": "Amatsuki",
        "type": "Ending 1",
        "correctCount": 40,
        "startTime": 58,
        "songDuration": 88.992,
        "songNumber": 4,
        "activePlayerCount": 191,
        "LinkVideo": "https://files.catbox.moe/kw00ud.webm",
        "LinkMp3": "https://files.catbox.moe/lsmdhy.mp3",
        "annId": 24018
    },
    {
        "animeEng": "Is It Wrong to Try to Pick Up Girls in a Dungeon?",
        "animeRomaji": "DanMachi",
        "songName": "Kimi to Boku no 1-nichi",
        "artist": "Inori Minase",
        "type": "Ending 1",
        "correctCount": 12,
        "startTime": 40,
        "songDuration": 89.568,
        "songNumber": 5,
        "activePlayerCount": 192,
        "LinkVideo": "https://files.catbox.moe/qr4ueg.webm",
        "LinkMp3": "https://files.catbox.moe/3ln76y.mp3",
        "annId": 19317
    },
    {
        "animeEng": "Corpse Princess: Kuro",
        "animeRomaji": "Shikabane Hime: Kuro",
        "songName": "Hikari, Sagase Naku Tomo",
        "artist": "angela",
        "type": "Ending 3",
        "correctCount": 4,
        "startTime": 40,
        "songDuration": 86.568,
        "songNumber": 6,
        "activePlayerCount": 192,
        "LinkVideo": "https://files.catbox.moe/exu87u.webm",
        "LinkMp3": "https://files.catbox.moe/n1ykqn.mp3",
        "annId": 10417,
        "correctPlayers": [
            "pitagor2",
            "Janoxx",
            "qeo",
            "Shuuka"
        ]
    },
    {
        "animeEng": "Massugu ni Ik\u014d",
        "animeRomaji": "Massugu ni Ik\u014d",
        "songName": "Hanabi",
        "artist": "aiko",
        "type": "Ending 1",
        "correctCount": 7,
        "startTime": 35,
        "songDuration": 90.147022,
        "songNumber": 7,
        "activePlayerCount": 191,
        "LinkVideo": "https://files.catbox.moe/0veu7o.webm",
        "LinkMp3": "https://files.catbox.moe/gfjxrn.mp3",
        "annId": 2931
    },
    {
        "animeEng": "The IDOLM@STER Cinderella Girls",
        "animeRomaji": "The IDOLM@STER Cinderella Girls",
        "songName": "Orange Sapphire",
        "artist": "Dekoration",
        "type": "Insert Song",
        "correctCount": 10,
        "startTime": 85,
        "songDuration": 118.176,
        "songNumber": 8,
        "activePlayerCount": 190,
        "LinkVideo": "https://files.catbox.moe/hb8h8x.webm",
        "LinkMp3": "https://files.catbox.moe/rthllj.mp3",
        "annId": 16098
    },
    {
        "animeEng": "InuYasha: The Final Act",
        "animeRomaji": "Inuyasha: Kanketsu-hen",
        "songName": "Kimi ga Inai Mirai",
        "artist": "Do As Infinity",
        "type": "Ending 4",
        "correctCount": 37,
        "startTime": 58,
        "songDuration": 205.109944,
        "songNumber": 9,
        "activePlayerCount": 190,
        "LinkVideo": "https://files.catbox.moe/ecl7nb.webm",
        "LinkMp3": "https://files.catbox.moe/1b5rxh.mp3",
        "annId": 10970
    },
    {
        "animeEng": "Future GPX Cyber Formula",
        "animeRomaji": "Future GPX Cyber Formula",
        "songName": "Atarimae no Kiseki",
        "artist": " G\u30fbGRIP",
        "type": "Insert Song",
        "correctCount": 3,
        "startTime": 82,
        "songDuration": 127.128,
        "songNumber": 10,
        "activePlayerCount": 190,
        "LinkVideo": "https://files.catbox.moe/zo3dx4.webm",
        "LinkMp3": "https://files.catbox.moe/r1d1qf.mp3",
        "annId": 1979,
        "correctPlayers": [
            "vsai",
            "Shuuka",
            "Pratasz"
        ]
    },
    {
        "animeEng": "Danganronpa 3: The End of Hope's Peak High School - Future Arc",
        "animeRomaji": "Danganronpa 3: The End of Kib\u014dgamine Gakuen - Mirai-hen",
        "songName": "Recall THE END",
        "artist": "TRUSTRICK",
        "type": "Ending 1",
        "correctCount": 30,
        "startTime": 1,
        "songDuration": 89.568,
        "songNumber": 11,
        "activePlayerCount": 191,
        "LinkVideo": "https://files.catbox.moe/577rp9.webm",
        "LinkMp3": "https://files.catbox.moe/wtlj9v.mp3",
        "annId": 18159
    },
    {
        "animeEng": "Astarotte's Toy!",
        "animeRomaji": "Astarotte no Omocha!",
        "songName": "Fuwatoro\u2606W Strawberry",
        "artist": "Rie Kugimiya & Yukari Tamura",
        "type": "Insert Song",
        "correctCount": 7,
        "startTime": 3,
        "songDuration": 51.312,
        "songNumber": 12,
        "activePlayerCount": 193,
        "LinkVideo": "https://files.catbox.moe/54rahf.webm",
        "LinkMp3": "https://files.catbox.moe/fo259t.mp3",
        "annId": 12104
    },
    {
        "animeEng": "Uta no\u2606Prince-sama\u266aMaji LOVE 1000%",
        "animeRomaji": "Uta no\u2606Prince-sama\u266aMaji LOVE 1000%",
        "songName": "Eternity Love",
        "artist": "Kousuke Toriumi",
        "type": "Insert Song",
        "correctCount": 7,
        "startTime": 52,
        "songDuration": 88.632,
        "songNumber": 13,
        "activePlayerCount": 191,
        "LinkVideo": "https://files.catbox.moe/wo18h4.webm",
        "LinkMp3": "https://files.catbox.moe/ijxd2j.mp3",
        "annId": 12509
    },
    {
        "animeEng": "Akira",
        "animeRomaji": "Akira",
        "songName": "Kaneda",
        "artist": "Geinoh Yamashiro-gumi",
        "type": "Ending 1",
        "correctCount": 127,
        "startTime": 135,
        "songDuration": 219.085214,
        "songNumber": 14,
        "activePlayerCount": 191,
        "LinkVideo": "https://files.catbox.moe/0s9f8v.webm",
        "LinkMp3": "https://files.catbox.moe/ps4so0.mp3",
        "annId": 375
    },
    {
        "animeEng": "Hyperdimension Neptunia Hi\u2606Light",
        "animeRomaji": "Ch\u014djigen Game Neptune Hi\u2606Light",
        "songName": "Miracle! Portable\u2606Mission",
        "artist": "nao",
        "type": "Insert Song",
        "correctCount": 15,
        "startTime": 1,
        "songDuration": 89.424,
        "songNumber": 15,
        "activePlayerCount": 191,
        "LinkVideo": "https://files.catbox.moe/val539.webm",
        "LinkMp3": "https://files.catbox.moe/ttzyt2.mp3",
        "annId": 23800
    },
    {
        "animeEng": "A Town Where You Live",
        "animeRomaji": "Kimi no Iru Machi",
        "songName": "Mr.Darling",
        "artist": "MimimemeMIMI",
        "type": "Insert Song",
        "correctCount": 32,
        "startTime": 9,
        "songDuration": 44.856,
        "songNumber": 16,
        "activePlayerCount": 191,
        "LinkVideo": "https://files.catbox.moe/livagg.webm",
        "LinkMp3": "https://files.catbox.moe/afti6o.mp3",
        "annId": 15195
    },
    {
        "animeEng": "Fist of the North Star",
        "animeRomaji": "Hokuto no Ken",
        "songName": "Ai o Torimodose!!",
        "artist": "Crystal King",
        "type": "Opening 1",
        "correctCount": 124,
        "startTime": 29,
        "songDuration": 91.272,
        "songNumber": 17,
        "activePlayerCount": 192,
        "LinkVideo": "https://files.catbox.moe/6cp460.webm",
        "LinkMp3": "https://files.catbox.moe/9gz2zp.mp3",
        "annId": 204
    },
    {
        "animeEng": "Fate/Extra Last Encore",
        "animeRomaji": "Fate/Extra Last Encore",
        "songName": "Tsuki to Hanataba",
        "artist": "Sayuri",
        "type": "Ending 1",
        "correctCount": 73,
        "startTime": 33,
        "songDuration": 86.496,
        "songNumber": 18,
        "activePlayerCount": 192,
        "LinkVideo": "https://files.catbox.moe/rvqtxd.webm",
        "LinkMp3": "https://files.catbox.moe/sodoq7.mp3",
        "annId": 18984
    },
    {
        "animeEng": "Black Lagoon",
        "animeRomaji": "Black Lagoon",
        "songName": "Preach Headz Addiction",
        "artist": "breath frequency",
        "type": "Insert Song",
        "correctCount": 43,
        "startTime": 2,
        "songDuration": 113.4,
        "songNumber": 19,
        "activePlayerCount": 191,
        "LinkVideo": "https://files.catbox.moe/jegj48.webm",
        "LinkMp3": "https://files.catbox.moe/iok0nt.mp3",
        "annId": 6159
    },
    {
        "animeEng": "Dr. STONE Season 2",
        "animeRomaji": "Dr. STONE: STONE WARS",
        "songName": "The Plan",
        "artist": "Chica",
        "type": "Insert Song",
        "correctCount": 20,
        "startTime": 40,
        "songDuration": 210.072,
        "songNumber": 20,
        "activePlayerCount": 193,
        "LinkVideo": "https://files.catbox.moe/r76jcd.webm",
        "LinkMp3": "https://files.catbox.moe/corym2.mp3",
        "annId": 22942
    },
    {
        "animeEng": "on-chan Yume Power Daib\u014dken",
        "animeRomaji": "on-chan Yume Power Daib\u014dken",
        "songName": "Takarajima",
        "artist": "Kobukuro",
        "type": "Ending 1",
        "correctCount": 1,
        "startTime": 52,
        "songDuration": 90.047275,
        "songNumber": 21,
        "activePlayerCount": 194,
        "LinkVideo": "https://files.catbox.moe/pxiuyu.webm",
        "LinkMp3": "https://files.catbox.moe/hsxgbo.mp3",
        "annId": 2571,
        "correctPlayers": [
            "Stunar"
        ]
    },
    {
        "animeEng": "One Piece Film: Gold",
        "animeRomaji": "One Piece Film: Gold",
        "songName": "GOLD & JIVE ~ SILVER OCEAN",
        "artist": "Hikari Mitsushima & Kazuhiro Yamaji",
        "type": "Opening 1",
        "correctCount": 15,
        "startTime": 121,
        "songDuration": 667.056,
        "songNumber": 22,
        "activePlayerCount": 194,
        "LinkVideo": "https://files.catbox.moe/d2xwam.webm",
        "LinkMp3": "https://files.catbox.moe/nlxgh8.mp3",
        "annId": 18113
    },
    {
        "animeEng": "Future GPX Cyber Formula Sin",
        "animeRomaji": "Future GPX Cyber Formula Sin",
        "songName": "POWER of LOVE",
        "artist": "Hironobu Kageyama",
        "type": "Ending 1",
        "correctCount": 2,
        "startTime": 62,
        "songDuration": 145.272,
        "songNumber": 23,
        "activePlayerCount": 194,
        "LinkVideo": "https://files.catbox.moe/gtifso.webm",
        "LinkMp3": "https://files.catbox.moe/ra3vpa.mp3",
        "annId": 4232,
        "correctPlayers": [
            "Hejsan",
            "vsai"
        ]
    },
    {
        "animeEng": "JoJo's Bizarre Adventure",
        "animeRomaji": "JoJo no Kimy\u014d na B\u014dken",
        "songName": "Overdrive",
        "artist": "Lotus Juice",
        "type": "Insert Song",
        "correctCount": 73,
        "startTime": 24,
        "songDuration": 76.68,
        "songNumber": 24,
        "activePlayerCount": 194,
        "LinkVideo": "https://files.catbox.moe/5tnk6q.webm",
        "LinkMp3": "https://files.catbox.moe/yb9gvz.mp3",
        "annId": 14445
    },
    {
        "animeEng": "Appleseed Alpha",
        "animeRomaji": "Appleseed Alpha",
        "songName": "Tokyo City Underground",
        "artist": "PASSEPIED",
        "type": "Insert Song",
        "correctCount": 2,
        "startTime": 1,
        "songDuration": 47.616,
        "songNumber": 25,
        "activePlayerCount": 194,
        "LinkVideo": "https://files.catbox.moe/9n6j23.webm",
        "LinkMp3": "https://files.catbox.moe/ywzdno.mp3",
        "annId": 16163,
        "correctPlayers": [
            "Beokros",
            "Janoxx"
        ]
    },
    {
        "animeEng": "Natsu no Arashi!",
        "animeRomaji": "Natsu no Arashi!",
        "songName": "Kuro Neko no Tango",
        "artist": "Ai Nonaka",
        "type": "Insert Song",
        "correctCount": 11,
        "startTime": 35,
        "songDuration": 76.584,
        "songNumber": 26,
        "activePlayerCount": 195,
        "LinkVideo": "https://files.catbox.moe/swz1r9.webm",
        "LinkMp3": "https://files.catbox.moe/gpoy6p.mp3",
        "annId": 10464
    },
    {
        "animeEng": "Beyblade: Metal Masters",
        "animeRomaji": "Metal Fight Beyblade Baku",
        "songName": "SPINNING THE WORLD",
        "artist": "Noa",
        "type": "Opening 2",
        "correctCount": 36,
        "startTime": 45,
        "songDuration": 87.456456,
        "songNumber": 27,
        "activePlayerCount": 196,
        "LinkVideo": "https://files.catbox.moe/432ml5.webm",
        "LinkMp3": "https://files.catbox.moe/zegq65.mp3",
        "annId": 12917
    },
    {
        "animeEng": "The Wonderful Adventures of Nils",
        "animeRomaji": "Nils no Fushigi na Tabi",
        "songName": "Nils no Fushigi na Tabi",
        "artist": "Katsumi Kahashi",
        "type": "Opening 1",
        "correctCount": 32,
        "startTime": 73,
        "songDuration": 109.536,
        "songNumber": 28,
        "activePlayerCount": 197,
        "LinkVideo": "https://files.catbox.moe/g9i0po.webm",
        "LinkMp3": "https://files.catbox.moe/qalzc7.mp3",
        "annId": 1417
    },
    {
        "animeEng": "Negima!",
        "animeRomaji": "Mahou Sensei Negima!",
        "songName": "Happy\u2606Material",
        "artist": "Hazuki Tanaka, Ai Nonaka, Sawa Ishige, Yu Kobayashi, Yui Horie",
        "type": "Opening 3",
        "correctCount": 43,
        "startTime": 60,
        "songDuration": 89.28,
        "songNumber": 29,
        "activePlayerCount": 199,
        "LinkVideo": "https://files.catbox.moe/k7is8n.webm",
        "LinkMp3": "https://files.catbox.moe/sx5dbo.mp3",
        "annId": 4380
    },
    {
        "animeEng": "A Certain Magical Index",
        "animeRomaji": "Toaru Majutsu no Index",
        "songName": "PSI-missing",
        "artist": "Mami Kawada",
        "type": "Opening 1",
        "correctCount": 93,
        "startTime": 19,
        "songDuration": 90.072,
        "songNumber": 30,
        "activePlayerCount": 199,
        "LinkVideo": "https://files.catbox.moe/3vp4vd.webm",
        "LinkMp3": "https://files.catbox.moe/pganoa.mp3",
        "annId": 10044
    },
    {
        "animeEng": "Beatless Final Stage",
        "animeRomaji": "Beatless Final Stage",
        "songName": "Shapeless",
        "artist": "Tokyo Performance Doll",
        "type": "Ending 1",
        "correctCount": 15,
        "startTime": 6,
        "songDuration": 89.088,
        "songNumber": 31,
        "activePlayerCount": 200,
        "LinkVideo": "https://files.catbox.moe/2l5fuk.webm",
        "LinkMp3": "https://files.catbox.moe/51x0yq.mp3",
        "annId": 21277
    },
    {
        "animeEng": "Haganai Next",
        "animeRomaji": "Boku wa Tomodachi ga Sukunai Next",
        "songName": "Be My Friend",
        "artist": "Rinjin-bu",
        "type": "Opening 1",
        "correctCount": 126,
        "startTime": 9,
        "songDuration": 89.904,
        "songNumber": 32,
        "activePlayerCount": 202,
        "LinkVideo": "https://files.catbox.moe/dbruze.webm",
        "LinkMp3": "https://files.catbox.moe/si7vim.mp3",
        "annId": 14827
    },
    {
        "animeEng": "KanColle",
        "animeRomaji": "KanColle",
        "songName": "Mi-iro",
        "artist": "AKINO from bless4",
        "type": "Opening 1",
        "correctCount": 98,
        "startTime": 12,
        "songDuration": 89.568,
        "songNumber": 33,
        "activePlayerCount": 202,
        "LinkVideo": "https://files.catbox.moe/2tez6l.webm",
        "LinkMp3": "https://files.catbox.moe/kls9m6.mp3",
        "annId": 15814
    },
    {
        "animeEng": "Cardfight!! Vanguard: Asia Circuit-hen",
        "animeRomaji": "Cardfight!! Vanguard: Asia Circuit-hen",
        "songName": "Vanguard",
        "artist": "JAM Project",
        "type": "Insert Song",
        "correctCount": 73,
        "startTime": 111,
        "songDuration": 191.76,
        "songNumber": 34,
        "activePlayerCount": 202,
        "LinkVideo": "https://files.catbox.moe/30g2ip.webm",
        "LinkMp3": "https://files.catbox.moe/nf12ru.mp3",
        "annId": 14090
    },
    {
        "animeEng": "Candy Candy",
        "animeRomaji": "Candy Candy",
        "songName": "Candy Candy",
        "artist": "Mitsuko Horie & The Chirps",
        "type": "Opening 1",
        "correctCount": 24,
        "startTime": 37,
        "songDuration": 69.249422,
        "songNumber": 35,
        "activePlayerCount": 203,
        "LinkVideo": "https://files.catbox.moe/a2ja9f.webm",
        "LinkMp3": "https://files.catbox.moe/jen50t.mp3",
        "annId": 545
    },
    {
        "animeEng": "Nora, Princess, and Stray Cat",
        "animeRomaji": "Nora to \u014cjo to Noraneko Heart",
        "songName": "Ne! Ko!",
        "artist": "Natsumi Takamori, Eri Sendai, Yuu Asakawa, Atsumi Tanezaki",
        "type": "Opening 1",
        "correctCount": 59,
        "startTime": 4,
        "songDuration": 47.448,
        "songNumber": 36,
        "activePlayerCount": 202,
        "LinkVideo": "https://files.catbox.moe/qlz67a.webm",
        "LinkMp3": "https://files.catbox.moe/zaakea.mp3",
        "annId": 19749
    },
    {
        "animeEng": "Monster High: Kowa-ike Girls",
        "animeRomaji": "Monster High: Kowa-ike Girls",
        "songName": "Monster High",
        "artist": "amorecarina feat.Chu-Z KAEDE",
        "type": "Opening 1",
        "correctCount": 161,
        "startTime": 0,
        "songDuration": 29.688,
        "songNumber": 37,
        "activePlayerCount": 203,
        "LinkVideo": "https://files.catbox.moe/qt385k.webm",
        "LinkMp3": "https://files.catbox.moe/437ren.mp3",
        "annId": 16416
    },
    {
        "animeEng": "Food Wars! The Third Plate",
        "animeRomaji": "Shokugeki no S\u014dma: San no Sara",
        "songName": "Symbol",
        "artist": "Luck Life",
        "type": "Opening 1",
        "correctCount": 116,
        "startTime": 29,
        "songDuration": 89.5712,
        "songNumber": 38,
        "activePlayerCount": 203,
        "LinkVideo": "https://files.catbox.moe/w7qk2h.webm",
        "LinkMp3": "https://files.catbox.moe/q6la21.mp3",
        "annId": 20599
    },
    {
        "animeEng": "Crayon Shin-chan: Henderland no Daib\u014dken",
        "animeRomaji": "Crayon Shin-chan: Henderland no Daib\u014dken",
        "songName": "Pakappo de GO!",
        "artist": "Akiko Yajima",
        "type": "Opening 1",
        "correctCount": 149,
        "startTime": 23,
        "songDuration": 63.432,
        "songNumber": 39,
        "activePlayerCount": 205,
        "LinkVideo": "https://files.catbox.moe/2dwbul.webm",
        "LinkMp3": "https://files.catbox.moe/qtjhok.mp3",
        "annId": 6744
    },
    {
        "animeEng": "Seraph of the End: Battle in Nagoya",
        "animeRomaji": "Owari no Seraph: Nagoya Kessen-hen",
        "songName": "Two souls -toward the truth-",
        "artist": "fripSide",
        "type": "Opening 1",
        "correctCount": 84,
        "startTime": 59,
        "songDuration": 89.568,
        "songNumber": 40,
        "activePlayerCount": 207,
        "LinkVideo": "https://files.catbox.moe/s86snr.webm",
        "LinkMp3": "https://files.catbox.moe/d28cod.mp3",
        "annId": 17482
    },
    {
        "animeEng": "Maria Watches Over Us Season 2: Printemps",
        "animeRomaji": "Maria Watches Over Us Season 2: Printemps",
        "songName": "pastel pure",
        "artist": "ALI PROJECT",
        "type": "Opening 1",
        "correctCount": 17,
        "startTime": 4,
        "songDuration": 89.568,
        "songNumber": 41,
        "activePlayerCount": 208,
        "LinkVideo": "https://files.catbox.moe/thq9lp.webm",
        "LinkMp3": "https://files.catbox.moe/t3j6qi.mp3",
        "annId": 4175
    },
    {
        "animeEng": "Senki Zessh\u014d Symphogear G",
        "animeRomaji": "Senki Zessh\u014d Symphogear G",
        "songName": "Seigi wo Shinjite, Nigiri Shimete",
        "artist": "Aoi Y\u016bki",
        "type": "Insert Song",
        "correctCount": 35,
        "startTime": 61,
        "songDuration": 92.28,
        "songNumber": 42,
        "activePlayerCount": 208,
        "LinkVideo": "https://files.catbox.moe/wpb7or.webm",
        "LinkMp3": "https://files.catbox.moe/vlczk3.mp3",
        "annId": 15228
    },
    {
        "animeEng": "Eiga Dokidoki! Precure Mana Kekkon!!? Mirai ni Tsunagu Kib\u014d no Dress",
        "animeRomaji": "Eiga Dokidoki! Precure Mana Kekkon!!? Mirai ni Tsunagu Kib\u014d no Dress",
        "songName": "Happy Go Lucky! Dokidoki! Precure",
        "artist": "Tomoyo Kurosawa",
        "type": "Opening 1",
        "correctCount": 96,
        "startTime": 6,
        "songDuration": 85.224,
        "songNumber": 43,
        "activePlayerCount": 208,
        "LinkVideo": "https://files.catbox.moe/m6olnu.webm",
        "LinkMp3": "https://files.catbox.moe/y0twdt.mp3",
        "annId": 15403
    },
    {
        "animeEng": "Princess Princess",
        "animeRomaji": "Princess Princess",
        "songName": "Hohoemi wo Agetai",
        "artist": "team-F",
        "type": "Ending 1",
        "correctCount": 8,
        "startTime": 8,
        "songDuration": 89.04,
        "songNumber": 44,
        "activePlayerCount": 209,
        "LinkVideo": "https://files.catbox.moe/1rch0n.webm",
        "LinkMp3": "https://files.catbox.moe/ueq7bb.mp3",
        "annId": 6467
    },
    {
        "animeEng": "Cardfight!! Vanguard: Shinemon-hen",
        "animeRomaji": "Cardfight!! Vanguard: Shinemon-hen",
        "songName": "Lead the way",
        "artist": "Aina Aiba",
        "type": "Opening 1",
        "correctCount": 18,
        "startTime": 49,
        "songDuration": 87.936,
        "songNumber": 45,
        "activePlayerCount": 210,
        "LinkVideo": "https://files.catbox.moe/mc1zft.webm",
        "LinkMp3": "https://files.catbox.moe/0jebcf.mp3",
        "annId": 22336
    },
    {
        "animeEng": "Hypnosis Mic: Division Rap Battle - Rhyme Anima",
        "animeRomaji": "Hypnosis Mic: Division Rap Battle - Rhyme Anima",
        "songName": "Rhyme Anima's Mixtape",
        "artist": "Division All Stars",
        "type": "Ending 5",
        "correctCount": 92,
        "startTime": 11,
        "songDuration": 86.064,
        "songNumber": 46,
        "activePlayerCount": 209,
        "LinkVideo": "https://files.catbox.moe/m43kte.webm",
        "LinkMp3": "https://files.catbox.moe/2cidbl.mp3",
        "annId": 22902
    },
    {
        "animeEng": "Seton Academy: Join the Pack!",
        "animeRomaji": "Murenase! Seton Gakuen",
        "songName": "Ookami Blues",
        "artist": "Hina Kino",
        "type": "Ending 1",
        "correctCount": 61,
        "startTime": 49,
        "songDuration": 88.968,
        "songNumber": 47,
        "activePlayerCount": 209,
        "LinkVideo": "https://files.catbox.moe/lmeuak.webm",
        "LinkMp3": "https://files.catbox.moe/a2jebf.mp3",
        "annId": 22904
    },
    {
        "animeEng": "Yugo the Negotiator",
        "animeRomaji": "Yuugo: K\u014dsh\u014dnin",
        "songName": "Kitty",
        "artist": "Eiichiro Taruki",
        "type": "Ending 1",
        "correctCount": 4,
        "startTime": 50,
        "songDuration": 86.59443,
        "songNumber": 48,
        "activePlayerCount": 210,
        "LinkVideo": "https://files.catbox.moe/cn4x37.webm",
        "LinkMp3": "https://files.catbox.moe/4e7zmu.mp3",
        "annId": 3568,
        "correctPlayers": [
            "Kiriverter",
            "Beokros",
            "watashiii",
            "90s"
        ]
    },
    {
        "animeEng": "Phantasy Star Online 2: Episode Oracle",
        "animeRomaji": "Phantasy Star Online 2: Episode Oracle",
        "songName": "Destiny",
        "artist": "Aimee Blackschleger",
        "type": "Opening 1",
        "correctCount": 21,
        "startTime": 12,
        "songDuration": 88.8,
        "songNumber": 49,
        "activePlayerCount": 211,
        "LinkVideo": "https://files.catbox.moe/rz4udv.webm",
        "LinkMp3": "https://files.catbox.moe/rehk7p.mp3",
        "annId": 22344
    },
    {
        "animeEng": "Juni Taisen: Zodiac War",
        "animeRomaji": "Juuni Taisen",
        "songName": "Rapture",
        "artist": "Panorama Panama Town",
        "type": "Opening 1",
        "correctCount": 91,
        "startTime": 0,
        "songDuration": 88.704,
        "songNumber": 50,
        "activePlayerCount": 212,
        "LinkVideo": "https://files.catbox.moe/pjiqao.webm",
        "LinkMp3": "https://files.catbox.moe/ipktc0.mp3",
        "annId": 19335
    },
    {
        "animeEng": "Samurai Gun",
        "animeRomaji": "Samurai Gun",
        "songName": "Zutto... Issho",
        "artist": "Minori Chihara",
        "type": "Ending 2",
        "correctCount": 1,
        "startTime": 8,
        "songDuration": 91.248,
        "songNumber": 51,
        "activePlayerCount": 211,
        "LinkVideo": "https://files.catbox.moe/dmik1c.webm",
        "LinkMp3": "https://files.catbox.moe/vehhmi.mp3",
        "annId": 4500,
        "correctPlayers": [
            "shadowpandax"
        ]
    },
    {
        "animeEng": "Wake Up, Girls! Beyond the Bottom",
        "animeRomaji": "Wake Up, Girls! Beyond the Bottom",
        "songName": "Beyond the Bottom",
        "artist": "Wake Up, Girls!",
        "type": "Ending 1",
        "correctCount": 7,
        "startTime": 151,
        "songDuration": 320.088,
        "songNumber": 52,
        "activePlayerCount": 211,
        "LinkVideo": "https://files.catbox.moe/v5kiu2.webm",
        "LinkMp3": "https://files.catbox.moe/av5adk.mp3",
        "annId": 17367
    },
    {
        "animeEng": "That is the Bottleneck",
        "animeRomaji": "That is the Bottleneck",
        "songName": "Sore dake ga Neck",
        "artist": "Uchikubi Gokumon Doukoukai",
        "type": "Ending 1",
        "correctCount": 36,
        "startTime": 0,
        "songDuration": 29.184,
        "songNumber": 53,
        "activePlayerCount": 212,
        "LinkVideo": "https://files.catbox.moe/93cgpv.webm",
        "LinkMp3": "https://files.catbox.moe/uci32q.mp3",
        "annId": 23699
    },
    {
        "animeEng": "Black Lagoon: Roberta's Blood Trail",
        "animeRomaji": "Black Lagoon: Roberta's Blood Trail",
        "songName": "When Johnny Comes Marching Home",
        "artist": "EDISON",
        "type": "Ending 1",
        "correctCount": 26,
        "startTime": 7,
        "songDuration": 60.864,
        "songNumber": 54,
        "activePlayerCount": 214,
        "LinkVideo": "https://files.catbox.moe/biypop.webm",
        "LinkMp3": "https://files.catbox.moe/awcfe1.mp3",
        "annId": 10166
    },
    {
        "animeEng": "Kirarin Revolution",
        "animeRomaji": "Kirarin Revolution",
        "songName": "Koi\u2606Kana",
        "artist": "Koharu Kusumi",
        "type": "Opening 1",
        "correctCount": 6,
        "startTime": 37,
        "songDuration": 89.232752,
        "songNumber": 55,
        "activePlayerCount": 213,
        "LinkVideo": "https://files.catbox.moe/bceriw.webm",
        "LinkMp3": "https://files.catbox.moe/pflmxt.mp3",
        "annId": 6178
    },
    {
        "animeEng": "Ch\u014d Gekij\u014dban Keroro Guns\u014d 2: Shinkai no Princess de Arimasu!",
        "animeRomaji": "Ch\u014d Gekij\u014dban Keroro Guns\u014d 2: Shinkai no Princess de Arimasu!",
        "songName": "KERO'T MARCH~Soramimin Gurishuu de Arimasu!~",
        "artist": "Nobuaki Kakuda",
        "type": "Opening 1",
        "correctCount": 6,
        "startTime": 54,
        "songDuration": 136.330718,
        "songNumber": 56,
        "activePlayerCount": 211,
        "LinkVideo": "https://files.catbox.moe/p00yzh.webm",
        "LinkMp3": "https://files.catbox.moe/f9hl5b.mp3",
        "annId": 7484
    },
    {
        "animeEng": "Urusei Yatsura OVA",
        "animeRomaji": "Urusei Yatsura OVA",
        "songName": "Urusei Yatsura STARS ON",
        "artist": "Satomi",
        "type": "Opening 2",
        "correctCount": 7,
        "startTime": 26,
        "songDuration": 75.96,
        "songNumber": 57,
        "activePlayerCount": 210,
        "LinkVideo": "https://files.catbox.moe/be4vmr.webm",
        "LinkMp3": "https://files.catbox.moe/dg7kyg.mp3",
        "annId": 653
    },
    {
        "animeEng": "It's My Life",
        "animeRomaji": "It's My Life",
        "songName": "Turn the Page",
        "artist": "Blind Guardian",
        "type": "Ending 1",
        "correctCount": 29,
        "startTime": 54,
        "songDuration": 253.728,
        "songNumber": 58,
        "activePlayerCount": 210,
        "LinkVideo": "https://files.catbox.moe/a56430.webm",
        "LinkMp3": "https://files.catbox.moe/o0m5nk.mp3",
        "annId": 22970
    },
    {
        "animeEng": "JoJo's Bizarre Adventure: Diamond Is Unbreakable",
        "animeRomaji": "JoJo no Kimy\u014d na B\u014dken: Diamond wa Kudakenai",
        "songName": "Great Days",
        "artist": "Karen Aoki & Daisuke Hasegawa",
        "type": "Opening 4",
        "correctCount": 137,
        "startTime": 47,
        "songDuration": 81.10881,
        "songNumber": 59,
        "activePlayerCount": 206,
        "LinkVideo": "https://files.catbox.moe/10b99w.webm",
        "LinkMp3": "https://files.catbox.moe/3vyc2y.mp3",
        "annId": 17832
    },
    {
        "animeEng": "Hanebado!",
        "animeRomaji": "Hanebado!",
        "songName": "Your Flight",
        "artist": "Yuiko Ohara",
        "type": "Insert Song",
        "correctCount": 24,
        "startTime": 23,
        "songDuration": 70.372668,
        "songNumber": 60,
        "activePlayerCount": 206,
        "LinkVideo": "https://files.catbox.moe/awx8jn.webm",
        "LinkMp3": "https://files.catbox.moe/o8qziv.mp3",
        "annId": 20613
    },
    {
        "animeEng": "Ajin: Demi-Human",
        "animeRomaji": "Ajin",
        "songName": "Yoru wa Nemureru kai?",
        "artist": "flumpool",
        "type": "Opening 1",
        "correctCount": 115,
        "startTime": 42,
        "songDuration": 89.496,
        "songNumber": 61,
        "activePlayerCount": 206,
        "LinkVideo": "https://files.catbox.moe/2l81zn.webm",
        "LinkMp3": "https://files.catbox.moe/i84lok.mp3",
        "annId": 17676
    },
    {
        "animeEng": "Gosick",
        "animeRomaji": "Gosick",
        "songName": "unity",
        "artist": "Lisa Komine",
        "type": "Ending 2",
        "correctCount": 47,
        "startTime": 55,
        "songDuration": 88.370726,
        "songNumber": 62,
        "activePlayerCount": 204,
        "LinkVideo": "https://files.catbox.moe/1i9fwi.webm",
        "LinkMp3": "https://files.catbox.moe/xokmft.mp3",
        "annId": 11759
    },
    {
        "animeEng": "Leave it to Kero! Theatrical Version",
        "animeRomaji": "Kero-chan ni Omakase!",
        "songName": "Okashi no Uta",
        "artist": "Aya Hisakawa & Yumi Touma",
        "type": "Ending 1",
        "correctCount": 19,
        "startTime": 38,
        "songDuration": 71.568,
        "songNumber": 63,
        "activePlayerCount": 204,
        "LinkVideo": "https://files.catbox.moe/g6ynpb.webm",
        "LinkMp3": "https://files.catbox.moe/s9ohb4.mp3",
        "annId": 3720
    },
    {
        "animeEng": "Attack on Titan: Chronicle",
        "animeRomaji": "Shingeki no Kyojin: Chronicle",
        "songName": "\u0259t\u02c8\u00e6k 0N t\u03ac\u026atn <WMId>",
        "artist": "Eliana",
        "type": "Insert Song",
        "correctCount": 49,
        "startTime": 64,
        "songDuration": 202.512,
        "songNumber": 64,
        "activePlayerCount": 203,
        "LinkVideo": "https://files.catbox.moe/fdtyp4.webm",
        "LinkMp3": "https://files.catbox.moe/fn1x3y.mp3",
        "annId": 23718
    },
    {
        "animeEng": "Cookin' Idol Ai! Mai! Main!",
        "animeRomaji": "Cookin' Idol Ai! Mai! Main!",
        "songName": "Pari Pari Parisienne",
        "artist": "Haruka Fukuhara",
        "type": "Insert Song",
        "correctCount": 15,
        "startTime": 11,
        "songDuration": 48.273456,
        "songNumber": 65,
        "activePlayerCount": 203,
        "LinkVideo": "https://files.catbox.moe/2j1h9r.webm",
        "LinkMp3": "https://files.catbox.moe/oez1he.mp3",
        "annId": 10656
    },
    {
        "animeEng": "To Heart 2 ad",
        "animeRomaji": "To Heart 2 ad",
        "songName": "Kimi ga Nokoshita Mono",
        "artist": "Rena Uehara",
        "type": "Ending 1",
        "correctCount": 11,
        "startTime": 14,
        "songDuration": 95.064,
        "songNumber": 66,
        "activePlayerCount": 203,
        "LinkVideo": "https://files.catbox.moe/av3baw.webm",
        "LinkMp3": "https://files.catbox.moe/cd9zgt.mp3",
        "annId": 9406
    },
    {
        "animeEng": "Kaguya-sama: Love is War Season 2",
        "animeRomaji": "Kaguya-sama wa Kokurasetai?: Tensai-tachi no Renai Zun\u014dsen",
        "songName": "Kaze ni Fukarete",
        "artist": "Haruka Fukuhara",
        "type": "Ending 1",
        "correctCount": 93,
        "startTime": 49,
        "songDuration": 88.728,
        "songNumber": 67,
        "activePlayerCount": 203,
        "LinkVideo": "https://files.catbox.moe/4yo23m.webm",
        "LinkMp3": "https://files.catbox.moe/4a2i1g.mp3",
        "annId": 22587
    },
    {
        "animeEng": "Summer Wars",
        "animeRomaji": "Summer Wars",
        "songName": "Bokura no Natsu no Yume",
        "artist": "Tatsuro Yamashita",
        "type": "Ending 1",
        "correctCount": 63,
        "startTime": 202,
        "songDuration": 298.608,
        "songNumber": 68,
        "activePlayerCount": 203,
        "LinkVideo": "https://files.catbox.moe/1t200o.webm",
        "LinkMp3": "https://files.catbox.moe/nun0rx.mp3",
        "annId": 10544
    },
    {
        "animeEng": "Medaka Box Abnormal",
        "animeRomaji": "Medaka Box Abnormal",
        "songName": "Want to Be Winner!",
        "artist": "Megumi Ogata",
        "type": "Opening 2",
        "correctCount": 35,
        "startTime": 2,
        "songDuration": 44.928,
        "songNumber": 69,
        "activePlayerCount": 204,
        "LinkVideo": "https://files.catbox.moe/tx01r7.webm",
        "LinkMp3": "https://files.catbox.moe/1jryif.mp3",
        "annId": 14726
    },
    {
        "animeEng": "Mouse",
        "animeRomaji": "Mouse",
        "songName": "IntelliMOUSE",
        "artist": "UNDER17",
        "type": "Ending 1",
        "correctCount": 56,
        "startTime": 26,
        "songDuration": 56.784,
        "songNumber": 70,
        "activePlayerCount": 205,
        "LinkVideo": "https://files.catbox.moe/3gin13.webm",
        "LinkMp3": "https://files.catbox.moe/cxnyi8.mp3",
        "annId": 1964
    },
    {
        "animeEng": "Cockroach Girls",
        "animeRomaji": "Gokicha!!",
        "songName": "Gokkyun! Days",
        "artist": "Mamiko Noto",
        "type": "Opening 1",
        "correctCount": 65,
        "startTime": 0,
        "songDuration": 29.592,
        "songNumber": 71,
        "activePlayerCount": 207,
        "LinkVideo": "https://files.catbox.moe/jzo84l.webm",
        "LinkMp3": "https://files.catbox.moe/v2p3cd.mp3",
        "annId": 15571
    },
    {
        "animeEng": "Copihan",
        "animeRomaji": "Copihan",
        "songName": "Loop",
        "artist": "Yayuyu",
        "type": "Opening 1",
        "correctCount": 7,
        "startTime": 5,
        "songDuration": 58.632,
        "songNumber": 72,
        "activePlayerCount": 207,
        "LinkVideo": "https://files.catbox.moe/8nmkfp.webm",
        "LinkMp3": "https://files.catbox.moe/mez62y.mp3",
        "annId": 12989
    },
    {
        "animeEng": "Military!",
        "animeRomaji": "Military!",
        "songName": "Militarism! M870 ver,",
        "artist": "Nao T\u014dyama",
        "type": "Ending 1",
        "correctCount": 42,
        "startTime": 0,
        "songDuration": 29.928,
        "songNumber": 73,
        "activePlayerCount": 207,
        "LinkVideo": "https://files.catbox.moe/h0h0gd.webm",
        "LinkMp3": "https://files.catbox.moe/1rzo2m.mp3",
        "annId": 16471
    },
    {
        "animeEng": "Bakugan: Gundalian Invaders",
        "animeRomaji": "Bakugan Battle Brawlers: Gundalian Invaders",
        "songName": "Mega Meta",
        "artist": "Yu Kobayashi",
        "type": "Opening 2",
        "correctCount": 10,
        "startTime": 12,
        "songDuration": 75.048506,
        "songNumber": 74,
        "activePlayerCount": 207,
        "LinkVideo": "https://files.catbox.moe/dwoh1o.webm",
        "LinkMp3": "https://files.catbox.moe/rbz6i2.mp3",
        "annId": 11457
    },
    {
        "animeEng": "Sorcerous Stabber Orphen",
        "animeRomaji": "Majutsushi Orphen",
        "songName": "Ai Just on my Love",
        "artist": "Sharan Q",
        "type": "Opening 1",
        "correctCount": 12,
        "startTime": 9,
        "songDuration": 86.59443,
        "songNumber": 75,
        "activePlayerCount": 208,
        "LinkVideo": "https://files.catbox.moe/oaae9z.webm",
        "LinkMp3": "https://files.catbox.moe/iikig2.mp3",
        "annId": 58
    },
    {
        "animeEng": "Himitsu no Akko-chan",
        "animeRomaji": "Himitsu no Akko-chan",
        "songName": "Himitsu no Akko-chan",
        "artist": "Mitsuko Horie",
        "type": "Opening 1",
        "correctCount": 123,
        "startTime": 21,
        "songDuration": 63.398094,
        "songNumber": 76,
        "activePlayerCount": 208,
        "LinkVideo": "https://files.catbox.moe/7r9lnh.webm",
        "LinkMp3": "https://files.catbox.moe/tt1dtg.mp3",
        "annId": 2004
    },
    {
        "animeEng": "Macross Delta Movie: Gekij\u014d no Walk\u00fcre",
        "animeRomaji": "Macross Delta Movie: Gekij\u014d no Walk\u00fcre",
        "songName": "Koi! Halation THE WAR",
        "artist": "Walk\u00fcre",
        "type": "Insert Song",
        "correctCount": 14,
        "startTime": 41,
        "songDuration": 146.064,
        "songNumber": 77,
        "activePlayerCount": 208,
        "LinkVideo": "https://files.catbox.moe/wvsjb9.webm",
        "LinkMp3": "https://files.catbox.moe/8i7amm.mp3",
        "annId": 20180
    },
    {
        "animeEng": "Heidi, A Girl of the Alps",
        "animeRomaji": "Alps no Sh\u014djo Heidi",
        "songName": "Alm no Komoriuta",
        "artist": "Kayoko Ish\u016b",
        "type": "Insert Song",
        "correctCount": 14,
        "startTime": 16,
        "songDuration": 73.728,
        "songNumber": 78,
        "activePlayerCount": 207,
        "LinkVideo": "https://files.catbox.moe/j5lsr2.webm",
        "LinkMp3": "https://files.catbox.moe/dnp9ux.mp3",
        "annId": 433
    },
    {
        "animeEng": "You Are Umasou",
        "animeRomaji": "Omae Umasou da na",
        "songName": "Heart no Komoriuta",
        "artist": "Maki Kimura",
        "type": "Insert Song",
        "correctCount": 11,
        "startTime": 8,
        "songDuration": 82.632,
        "songNumber": 79,
        "activePlayerCount": 209,
        "LinkVideo": "https://files.catbox.moe/vfouh8.webm",
        "LinkMp3": "https://files.catbox.moe/giwm3d.mp3",
        "annId": 11715
    },
    {
        "animeEng": "Tantei Opera Milky Holmes Dai-2-Maku",
        "animeRomaji": "Tantei Opera Milky Holmes Dai-2-Maku",
        "songName": "Watashi ga Anata wo Michibiite Yuku",
        "artist": "NICO",
        "type": "Insert Song",
        "correctCount": 4,
        "startTime": 46,
        "songDuration": 76.08,
        "songNumber": 80,
        "activePlayerCount": 209,
        "LinkVideo": "https://files.catbox.moe/vlwqcu.webm",
        "LinkMp3": "https://files.catbox.moe/n1kok6.mp3",
        "annId": 13314,
        "correctPlayers": [
            "Hejsan",
            "watashiii",
            "vsai",
            "DKing20"
        ]
    },
    {
        "animeEng": "Green Green",
        "animeRomaji": "Green Green",
        "songName": "Green Green",
        "artist": "NANA",
        "type": "Opening 1",
        "correctCount": 25,
        "startTime": 35,
        "songDuration": 80.208,
        "songNumber": 81,
        "activePlayerCount": 209,
        "LinkVideo": "https://files.catbox.moe/4e46lk.webm",
        "LinkMp3": "https://files.catbox.moe/3ocgax.mp3",
        "annId": 2292
    },
    {
        "animeEng": "Magical Idol Pastel Yumi",
        "animeRomaji": "Mah\u014d no Idol Pastel Yumi",
        "songName": "Stop! Usotsuki Shounen",
        "artist": "Miina Tominaga",
        "type": "Insert Song",
        "correctCount": 0,
        "startTime": 72,
        "songDuration": 102.072,
        "songNumber": 82,
        "activePlayerCount": 208,
        "LinkVideo": "https://files.catbox.moe/g27kkd.webm",
        "LinkMp3": "https://files.catbox.moe/vgyk59.mp3",
        "annId": 1691
    },
    {
        "animeEng": "Tamako Market",
        "animeRomaji": "Tamako Market",
        "songName": "Koi no Uta",
        "artist": "Dynamite Beans",
        "type": "Insert Song",
        "correctCount": 65,
        "startTime": 0,
        "songDuration": 26.04,
        "songNumber": 83,
        "activePlayerCount": 208,
        "LinkVideo": "https://files.catbox.moe/yhtwck.webm",
        "LinkMp3": "https://files.catbox.moe/3mk2kg.mp3",
        "annId": 14908
    },
    {
        "animeEng": "Sword Art Online: Alicization - War of Underworld",
        "animeRomaji": "Sword Art Online: Alicization - War of Underworld",
        "songName": "ANIMA",
        "artist": "ReoNa",
        "type": "Opening 1",
        "correctCount": 120,
        "startTime": 37,
        "songDuration": 89.568,
        "songNumber": 84,
        "activePlayerCount": 207,
        "LinkVideo": "https://files.catbox.moe/h0rqd7.webm",
        "LinkMp3": "https://files.catbox.moe/1yuwm1.mp3",
        "annId": 23030
    },
    {
        "animeEng": "Hi-sCool! Seha Girls",
        "animeRomaji": "Hi\u2606sCoool! SeHa Girls",
        "songName": "Seha Gagaganbacchau!!",
        "artist": "M\u30fbA\u30fbO, Minami Takahashi, Shiori Izawa",
        "type": "Opening 1",
        "correctCount": 10,
        "startTime": 18,
        "songDuration": 58.957354,
        "songNumber": 85,
        "activePlayerCount": 205,
        "LinkVideo": "https://files.catbox.moe/dzrjgi.webm",
        "LinkMp3": "https://files.catbox.moe/opwg27.mp3",
        "annId": 16122
    }
]