[
    {
        "animeEng": "Kagerou Daze -in a day's-",
        "animeRomaji": "Kagerou Daze -in a day's-",
        "songName": "RED",
        "artist": "GOUACHE",
        "type": "Ending 1",
        "correctCount": 17,
        "startTime": 22,
        "songDuration": 111.096,
        "songNumber": 1,
        "activePlayerCount": 142,
        "LinkVideo": "https://files.catbox.moe/kqnsj8.webm",
        "LinkMp3": "https://files.catbox.moe/8u2xbz.mp3",
        "annId": 18748
    },
    {
        "animeEng": "Arcade Gamer Fubuki",
        "animeRomaji": "Arcade Gamer Fubuki",
        "songName": "Flowers ~Kokoro ni Sakasete~",
        "artist": "Sakura Nogawa",
        "type": "Ending 1",
        "correctCount": 6,
        "startTime": 18,
        "songDuration": 97.344,
        "songNumber": 2,
        "activePlayerCount": 146,
        "LinkVideo": "https://files.catbox.moe/fnxnhb.webm",
        "LinkMp3": "https://files.catbox.moe/g66z5f.mp3",
        "annId": 846
    },
    {
        "animeEng": "Ikki Tousen: Xtreme Xecutor",
        "animeRomaji": "Ikkitousen: Xtreme Xecutor",
        "songName": "Stargazer",
        "artist": "Yuka Masuda",
        "type": "Opening 1",
        "correctCount": 13,
        "startTime": 48,
        "songDuration": 88.488,
        "songNumber": 3,
        "activePlayerCount": 148,
        "LinkVideo": "https://files.catbox.moe/ynwk92.webm",
        "LinkMp3": "https://files.catbox.moe/0catzu.mp3",
        "annId": 11177
    },
    {
        "animeEng": "FLCL Progressive",
        "animeRomaji": "FLCL Progressive",
        "songName": "LITTLE BUSTERS (Fool on cool version)",
        "artist": "the pillows",
        "type": "Insert Song",
        "correctCount": 15,
        "startTime": 18,
        "songDuration": 49.292214,
        "songNumber": 4,
        "activePlayerCount": 150,
        "LinkVideo": "https://files.catbox.moe/7bnj7t.webm",
        "LinkMp3": "https://files.catbox.moe/fsagqu.mp3",
        "annId": 20791
    },
    {
        "animeEng": "Aggretsuko: We Wish You a Metal Christmas",
        "animeRomaji": "Aggretsuko: We Wish You a Metal Christmas",
        "songName": "Jingle Bells",
        "artist": "Tim Timebomb and the Interrupters",
        "type": "Opening 1",
        "correctCount": 98,
        "startTime": 4,
        "songDuration": 44.041692,
        "songNumber": 5,
        "activePlayerCount": 152,
        "LinkVideo": "https://files.catbox.moe/xksa0l.webm",
        "LinkMp3": "https://files.catbox.moe/uu5x2c.mp3",
        "annId": 21677
    },
    {
        "animeEng": "Pure Hearted Romantica 2",
        "animeRomaji": "Junj\u014d Romantica 2",
        "songName": "Sh\u014dd\u014d",
        "artist": "Pigstar",
        "type": "Opening 1",
        "correctCount": 20,
        "startTime": 40,
        "songDuration": 88.32,
        "songNumber": 6,
        "activePlayerCount": 153,
        "LinkVideo": "https://files.catbox.moe/27kgmx.webm",
        "LinkMp3": "https://files.catbox.moe/i119eo.mp3",
        "annId": 10183
    },
    {
        "animeEng": "The Asterisk War",
        "animeRomaji": "Gakusen Toshi Asterisk",
        "songName": "Brand-new World",
        "artist": "Shiena Nishizawa",
        "type": "Opening 1",
        "correctCount": 83,
        "startTime": 16,
        "songDuration": 87.552,
        "songNumber": 7,
        "activePlayerCount": 155,
        "LinkVideo": "https://files.catbox.moe/kkp6d2.webm",
        "LinkMp3": "https://files.catbox.moe/jquoqc.mp3",
        "annId": 16943
    },
    {
        "animeEng": "Sacred Seven",
        "animeRomaji": "Sacred Seven",
        "songName": "stone cold",
        "artist": "FictionJunction",
        "type": "Opening 1",
        "correctCount": 24,
        "startTime": 44,
        "songDuration": 89.064,
        "songNumber": 8,
        "activePlayerCount": 157,
        "LinkVideo": "https://files.catbox.moe/pc9tfe.webm",
        "LinkMp3": "https://files.catbox.moe/s4eunz.mp3",
        "annId": 12393
    },
    {
        "animeEng": "Sweetness & Lightning",
        "animeRomaji": "Amaama to Inazuma",
        "songName": "Same no Uta",
        "artist": "Rina End\u014d",
        "type": "Insert Song",
        "correctCount": 83,
        "startTime": 11,
        "songDuration": 44.136,
        "songNumber": 9,
        "activePlayerCount": 159,
        "LinkVideo": "https://files.catbox.moe/fzxknb.webm",
        "LinkMp3": "https://files.catbox.moe/fnsj9y.mp3",
        "annId": 18122
    },
    {
        "animeEng": "Gigantor",
        "animeRomaji": "Tetsujin 28-go",
        "songName": "Tetsujin 28-gou",
        "artist": "Duke Aces",
        "type": "Opening 1",
        "correctCount": 13,
        "startTime": 2,
        "songDuration": 72.044476,
        "songNumber": 10,
        "activePlayerCount": 161,
        "LinkVideo": "https://files.catbox.moe/xxhdy0.webm",
        "LinkMp3": "https://files.catbox.moe/xcyia4.mp3",
        "annId": 1293
    },
    {
        "animeEng": "Mazinkaiser SKL",
        "animeRomaji": "Mazinkaiser SKL",
        "songName": "Juggernaut",
        "artist": "Sadie",
        "type": "Ending 1",
        "correctCount": 9,
        "startTime": 27,
        "songDuration": 96.792,
        "songNumber": 11,
        "activePlayerCount": 161,
        "LinkVideo": "https://files.catbox.moe/aaeowh.webm",
        "LinkMp3": "https://files.catbox.moe/4fzx60.mp3",
        "annId": 11479
    },
    {
        "animeEng": "Omamori Himari",
        "animeRomaji": "Omamori Himari",
        "songName": "BEAM my BEAM",
        "artist": "Asuka Oogame",
        "type": "Ending 5",
        "correctCount": 55,
        "startTime": 58,
        "songDuration": 89.52,
        "songNumber": 12,
        "activePlayerCount": 161,
        "LinkVideo": "https://files.catbox.moe/p761ba.webm",
        "LinkMp3": "https://files.catbox.moe/fmjis4.mp3",
        "annId": 10767
    },
    {
        "animeEng": "Dogeza de Tanondemita",
        "animeRomaji": "Dogeza de Tanondemita",
        "songName": "DOGEZA! Do get that!",
        "artist": "Dogeza-tai",
        "type": "Ending 1",
        "correctCount": 86,
        "startTime": 28,
        "songDuration": 57.36,
        "songNumber": 13,
        "activePlayerCount": 161,
        "LinkVideo": "https://files.catbox.moe/ewjdfc.webm",
        "LinkMp3": "https://files.catbox.moe/g41rkr.mp3",
        "annId": 23542
    },
    {
        "animeEng": "Aikatsu Planet!",
        "animeRomaji": "Aikatsu Planet!",
        "songName": "HAPPY\u221eAikatsu!",
        "artist": "Mao\u30fbAnn from STARRY PLANET\u2606",
        "type": "Insert Song",
        "correctCount": 18,
        "startTime": 18,
        "songDuration": 125.904,
        "songNumber": 14,
        "activePlayerCount": 162,
        "LinkVideo": "https://files.catbox.moe/jj39cu.webm",
        "LinkMp3": "https://files.catbox.moe/kte2t1.mp3",
        "annId": 23849
    },
    {
        "animeEng": "Chihayafuru",
        "animeRomaji": "Chihayafuru",
        "songName": "YOUTHFUL",
        "artist": "99RadioService",
        "type": "Opening 1",
        "correctCount": 102,
        "startTime": 22,
        "songDuration": 69.792,
        "songNumber": 15,
        "activePlayerCount": 163,
        "LinkVideo": "https://files.catbox.moe/g3dt77.webm",
        "LinkMp3": "https://files.catbox.moe/rt3mrf.mp3",
        "annId": 12991
    },
    {
        "animeEng": "Persona 3 the Movie #1 Spring of Birth",
        "animeRomaji": "Persona 3 the Movie #1 Spring of Birth",
        "songName": "Deep Breath Deep Breath",
        "artist": "Lotus Juice",
        "type": "Insert Song",
        "correctCount": 35,
        "startTime": 12,
        "songDuration": 99.072,
        "songNumber": 16,
        "activePlayerCount": 167,
        "LinkVideo": "https://files.catbox.moe/g7dl8m.webm",
        "LinkMp3": "https://files.catbox.moe/nf6wbi.mp3",
        "annId": 14449
    },
    {
        "animeEng": "Yu Yu Hakusho The Movie",
        "animeRomaji": "Yu Yu Hakusho The Movie",
        "songName": "Hohoemi no Bakudan",
        "artist": "Matsuko Mawatari",
        "type": "Opening 1",
        "correctCount": 128,
        "startTime": 17,
        "songDuration": 82.56,
        "songNumber": 17,
        "activePlayerCount": 168,
        "LinkVideo": "https://files.catbox.moe/rgjhkr.webm",
        "LinkMp3": "https://files.catbox.moe/88qfzp.mp3",
        "annId": 607
    },
    {
        "animeEng": "Speed Grapher",
        "animeRomaji": "Speed Grapher",
        "songName": "Break the Cocoon",
        "artist": "Yoriko",
        "type": "Ending 2",
        "correctCount": 5,
        "startTime": 12,
        "songDuration": 91.032,
        "songNumber": 18,
        "activePlayerCount": 168,
        "LinkVideo": "https://files.catbox.moe/ddmpmf.webm",
        "LinkMp3": "https://files.catbox.moe/6tsluz.mp3",
        "annId": 4579,
        "correctPlayers": [
            "klusty",
            "Juum",
            "shadowpandax",
            "SIVLEOL",
            "ozsauce"
        ]
    },
    {
        "animeEng": "The Girl Who Leapt Through Time",
        "animeRomaji": "Toki o Kakeru Sh\u014djo",
        "songName": "Kawaranai Mono",
        "artist": "Hanako Oku",
        "type": "Insert Song",
        "correctCount": 47,
        "startTime": 57,
        "songDuration": 114.216,
        "songNumber": 19,
        "activePlayerCount": 169,
        "LinkVideo": "https://files.catbox.moe/tbo46m.webm",
        "LinkMp3": "https://files.catbox.moe/cmnwd5.mp3",
        "annId": 6733
    },
    {
        "animeEng": "Classroom\u2606Crisis",
        "animeRomaji": "Classroom\u2606Crisis",
        "songName": "Cobalt",
        "artist": "TrySail",
        "type": "Opening 1",
        "correctCount": 37,
        "startTime": 44,
        "songDuration": 88.56,
        "songNumber": 20,
        "activePlayerCount": 169,
        "LinkVideo": "https://files.catbox.moe/zpc5g8.webm",
        "LinkMp3": "https://files.catbox.moe/408sbq.mp3",
        "annId": 17055
    },
    {
        "animeEng": "Kirarin Revolution",
        "animeRomaji": "Kirarin Revolution",
        "songName": "SUGAO-flavor",
        "artist": "Koharu Kusumi",
        "type": "Ending 1",
        "correctCount": 2,
        "startTime": 21,
        "songDuration": 87.482578,
        "songNumber": 21,
        "activePlayerCount": 172,
        "LinkVideo": "https://files.catbox.moe/y0dihy.webm",
        "LinkMp3": "https://files.catbox.moe/nn15nl.mp3",
        "annId": 6178,
        "correctPlayers": [
            "klusty",
            "doomchicken"
        ]
    },
    {
        "animeEng": "The Relative Worlds",
        "animeRomaji": "S\u014dtai Sekai",
        "songName": "ChiruChiru",
        "artist": "REOL",
        "type": "Ending 1",
        "correctCount": 59,
        "startTime": 3,
        "songDuration": 69.072,
        "songNumber": 22,
        "activePlayerCount": 173,
        "LinkVideo": "https://files.catbox.moe/s6a064.webm",
        "LinkMp3": "https://files.catbox.moe/374qpj.mp3",
        "annId": 19419
    },
    {
        "animeEng": "The Rising of the Shield Hero",
        "animeRomaji": "Tate no Yuusha no Nariagari",
        "songName": "FAITH",
        "artist": "MADKID",
        "type": "Opening 2",
        "correctCount": 137,
        "startTime": 44,
        "songDuration": 89.712,
        "songNumber": 23,
        "activePlayerCount": 174,
        "LinkVideo": "https://files.catbox.moe/y0siec.webm",
        "LinkMp3": "https://files.catbox.moe/i7cfjq.mp3",
        "annId": 19826
    },
    {
        "animeEng": "Neon Genesis Evangelion: Death & Rebirth",
        "animeRomaji": "Shinseiki Evangelion Gekij\u014dban: Shi to Shinsei",
        "songName": "Bay side love story -from Tokyo-",
        "artist": "Masami Okui",
        "type": "Insert Song",
        "correctCount": 41,
        "startTime": 0,
        "songDuration": 29.472,
        "songNumber": 24,
        "activePlayerCount": 176,
        "LinkVideo": "https://files.catbox.moe/cex2gf.webm",
        "LinkMp3": "https://files.catbox.moe/8w6x5g.mp3",
        "annId": 418
    },
    {
        "animeEng": "Uta no\u2606Prince-sama\u266aMaji LOVE 1000%",
        "animeRomaji": "Uta no\u2606Prince-sama\u266aMaji LOVE 1000%",
        "songName": "Maji LOVE1000\uff05",
        "artist": "ST\u2606RISH",
        "type": "Ending 1",
        "correctCount": 60,
        "startTime": 29,
        "songDuration": 101.4,
        "songNumber": 25,
        "activePlayerCount": 176,
        "LinkVideo": "https://files.catbox.moe/psw9ah.webm",
        "LinkMp3": "https://files.catbox.moe/sg5k4l.mp3",
        "annId": 12509
    },
    {
        "animeEng": "Theatre of Darkness: Yamishibai",
        "animeRomaji": "Yami Shibai",
        "songName": "Twilight",
        "artist": "imai feat.Pecori",
        "type": "Ending 1",
        "correctCount": 38,
        "startTime": 0,
        "songDuration": 30,
        "songNumber": 26,
        "activePlayerCount": 177,
        "LinkVideo": "https://files.catbox.moe/2jynd8.webm",
        "LinkMp3": "https://files.catbox.moe/yl67xo.mp3",
        "annId": 23857
    },
    {
        "animeEng": "Shin-men",
        "animeRomaji": "Shin-men",
        "songName": "Kite Kite Shin-Men",
        "artist": "Suginami Jidou Gasshou-dan",
        "type": "Opening 1",
        "correctCount": 8,
        "startTime": 15,
        "songDuration": 53.52,
        "songNumber": 27,
        "activePlayerCount": 178,
        "LinkVideo": "https://files.catbox.moe/okjvak.webm",
        "LinkMp3": "https://files.catbox.moe/w4mdwe.mp3",
        "annId": 23060
    },
    {
        "animeEng": "Iron Man 28 FX",
        "animeRomaji": "Tetsujin 28-go FX",
        "songName": "GET YOUR DREAM",
        "artist": "Satoko Shimizu",
        "type": "Ending 2",
        "correctCount": 4,
        "startTime": 25,
        "songDuration": 80.232,
        "songNumber": 28,
        "activePlayerCount": 179,
        "LinkVideo": "https://files.catbox.moe/xqnbad.webm",
        "LinkMp3": "https://files.catbox.moe/342gn8.mp3",
        "annId": 2456,
        "correctPlayers": [
            "90s",
            "ozsauce",
            "TheChump",
            "theyingster"
        ]
    },
    {
        "animeEng": "One Piece Special: Open Upon the Great Sea! A Father's Huge, HUGE Dream!",
        "animeRomaji": "One Piece: O\u014dnabara ni Hirake! Dekkai Dekkai Chichi no Yume!",
        "songName": "Hikari e",
        "artist": "The Babystars",
        "type": "Opening 1",
        "correctCount": 42,
        "startTime": 11,
        "songDuration": 107.88,
        "songNumber": 29,
        "activePlayerCount": 179,
        "LinkVideo": "https://files.catbox.moe/rig9qn.webm",
        "LinkMp3": "https://files.catbox.moe/efhgjv.mp3",
        "annId": 6348
    },
    {
        "animeEng": "Dangaioh",
        "animeRomaji": "Hajataisei Dangaioh",
        "songName": "Cross Fight",
        "artist": "Mitsuko Horie & Ichiro Mizuki",
        "type": "Opening 1",
        "correctCount": 11,
        "startTime": 46,
        "songDuration": 88.867044,
        "songNumber": 30,
        "activePlayerCount": 180,
        "LinkVideo": "https://files.catbox.moe/tprjsk.webm",
        "LinkMp3": "https://files.catbox.moe/gsfndu.mp3",
        "annId": 571
    },
    {
        "animeEng": "Himitsu Kessha Taka no Tsume The Movie II: Watashi o Aishita Kuro Oolong-cha",
        "animeRomaji": "Himitsu Kessha Taka no Tsume The Movie II: Watashi o Aishita Kuro Oolong-cha",
        "songName": "Goodbye Mr. A",
        "artist": "the HOOSiERS",
        "type": "Ending 1",
        "correctCount": 14,
        "startTime": 184,
        "songDuration": 264.744,
        "songNumber": 31,
        "activePlayerCount": 179,
        "LinkVideo": "https://files.catbox.moe/z8pfof.webm",
        "LinkMp3": "https://files.catbox.moe/xnh9me.mp3",
        "annId": 11035
    },
    {
        "animeEng": "Brothers Conflict",
        "animeRomaji": "Brothers Conflict",
        "songName": "MY SWEET HEAVEN\u2642\u2640",
        "artist": "Gero",
        "type": "Opening 1",
        "correctCount": 16,
        "startTime": 2,
        "songDuration": 88.248,
        "songNumber": 32,
        "activePlayerCount": 180,
        "LinkVideo": "https://files.catbox.moe/q41jnr.webm",
        "LinkMp3": "https://files.catbox.moe/ocynyl.mp3",
        "annId": 16452
    },
    {
        "animeEng": "The World God Only Knows Season Two",
        "animeRomaji": "Kami Nomi zo Shiru Sekai II",
        "songName": "A Whole New World God Only Knows",
        "artist": "Oratorio The World God Only Knows",
        "type": "Opening 1",
        "correctCount": 73,
        "startTime": 2,
        "songDuration": 87.672,
        "songNumber": 33,
        "activePlayerCount": 180,
        "LinkVideo": "https://files.catbox.moe/3yru4k.webm",
        "LinkMp3": "https://files.catbox.moe/bge6gt.mp3",
        "annId": 12375
    },
    {
        "animeEng": "The Slime Diaries",
        "animeRomaji": "Tensura Nikki: Tensei Shitara Slime Datta Ken",
        "songName": "Kamona Tempest!",
        "artist": "Miho Okasaki, Megumi Toyoguchi, Tomoaki Maeno, Sayaka Senbongi, M\u30fbA\u30fbO, Chikahiro Kobayashi, Asuna Tomari",
        "type": "Ending 1",
        "correctCount": 39,
        "startTime": 41,
        "songDuration": 86.304,
        "songNumber": 34,
        "activePlayerCount": 180,
        "LinkVideo": "https://files.catbox.moe/hbdev4.webm",
        "LinkMp3": "https://files.catbox.moe/j6oadk.mp3",
        "annId": 23359
    },
    {
        "animeEng": "Extra Olympia Kyklos",
        "animeRomaji": "Bessatsu Olympia Kyklos",
        "songName": "Kimi wa Helenes",
        "artist": "Akihito Hayashi",
        "type": "Ending 1",
        "correctCount": 62,
        "startTime": 10,
        "songDuration": 54.6,
        "songNumber": 35,
        "activePlayerCount": 179,
        "LinkVideo": "https://files.catbox.moe/wfhsvy.webm",
        "LinkMp3": "https://files.catbox.moe/zp0uhj.mp3",
        "annId": 23035
    },
    {
        "animeEng": "Gamers!",
        "animeRomaji": "Gamers!",
        "songName": "Koi no prologue*",
        "artist": "Luce Twinkle Wink\u2606",
        "type": "Ending 2",
        "correctCount": 22,
        "startTime": 1,
        "songDuration": 88.584,
        "songNumber": 36,
        "activePlayerCount": 180,
        "LinkVideo": "https://files.catbox.moe/2iyuns.webm",
        "LinkMp3": "https://files.catbox.moe/7luga5.mp3",
        "annId": 19399
    },
    {
        "animeEng": "Fruits Basket Season 2",
        "animeRomaji": "Fruits Basket 2nd Season",
        "songName": "Haseru Mirai",
        "artist": "Uta Arii",
        "type": "Insert Song",
        "correctCount": 24,
        "startTime": 12,
        "songDuration": 117.096,
        "songNumber": 37,
        "activePlayerCount": 180,
        "LinkVideo": "https://files.catbox.moe/z33u40.webm",
        "LinkMp3": "https://files.catbox.moe/o3c6yp.mp3",
        "annId": 22588
    },
    {
        "animeEng": "PePePePengiin",
        "animeRomaji": "PePePePengiin",
        "songName": "Docchi mo Docchi",
        "artist": "Usotsuki Tomato",
        "type": "Ending 1",
        "correctCount": 32,
        "startTime": 0,
        "songDuration": 18.886206,
        "songNumber": 38,
        "activePlayerCount": 179,
        "LinkVideo": "https://files.catbox.moe/akuemv.webm",
        "LinkMp3": "https://files.catbox.moe/aa79os.mp3",
        "annId": 18787
    },
    {
        "animeEng": "Moriarty the Patriot",
        "animeRomaji": "Yuukoku no Moriarty",
        "songName": "OMEGA",
        "artist": "STEREO DIVE FOUNDATION",
        "type": "Ending 1",
        "correctCount": 72,
        "startTime": 57,
        "songDuration": 89.4,
        "songNumber": 39,
        "activePlayerCount": 179,
        "LinkVideo": "https://files.catbox.moe/zmh4sh.webm",
        "LinkMp3": "https://files.catbox.moe/viamwb.mp3",
        "annId": 23976
    },
    {
        "animeEng": "Fractale",
        "animeRomaji": "Fractale",
        "songName": "Down By The Salley Gardens",
        "artist": "AZUMA HITOMI",
        "type": "Ending 1",
        "correctCount": 10,
        "startTime": 32,
        "songDuration": 87.312,
        "songNumber": 40,
        "activePlayerCount": 180,
        "LinkVideo": "https://files.catbox.moe/hjac8g.webm",
        "LinkMp3": "https://files.catbox.moe/mg1rk8.mp3",
        "annId": 11796
    },
    {
        "animeEng": "Twin Star Exorcists",
        "animeRomaji": "S\u014dsei no Onmy\u014dji",
        "songName": "Gekioko\u2606Guilty",
        "artist": "Yuuki Wakai",
        "type": "Insert Song",
        "correctCount": 20,
        "startTime": 22,
        "songDuration": 58.944,
        "songNumber": 41,
        "activePlayerCount": 180,
        "LinkVideo": "https://files.catbox.moe/1gxd13.webm",
        "LinkMp3": "https://files.catbox.moe/59gu6e.mp3",
        "annId": 17890
    },
    {
        "animeEng": "Dragon Ball Super",
        "animeRomaji": "Dragon Ball Super",
        "songName": "Yoka Yoka Dance",
        "artist": "Batten Shoujo-tai",
        "type": "Ending 5",
        "correctCount": 22,
        "startTime": 11,
        "songDuration": 59.568,
        "songNumber": 42,
        "activePlayerCount": 180,
        "LinkVideo": "https://files.catbox.moe/icxrj4.webm",
        "LinkMp3": "https://files.catbox.moe/q1n2xa.mp3",
        "annId": 17006
    },
    {
        "animeEng": "Tantei Opera Milky Holmes: Psycho no Aisatsu",
        "animeRomaji": "Tantei Opera Milky Holmes: Psycho no Aisatsu",
        "songName": "Milky Holmes ga Yatte Kuru Yay! Yay! Yay!",
        "artist": "Milky Holmes",
        "type": "Insert Song",
        "correctCount": 17,
        "startTime": 16,
        "songDuration": 79.68,
        "songNumber": 43,
        "activePlayerCount": 178,
        "LinkVideo": "https://files.catbox.moe/krd937.webm",
        "LinkMp3": "https://files.catbox.moe/yjah7u.mp3",
        "annId": 22320
    },
    {
        "animeEng": "Road to You: Kioku ni Mau Konayuki",
        "animeRomaji": "Road to You: Kioku ni Mau Konayuki",
        "songName": "Konayuki (Reimieron Cover)",
        "artist": "KAF",
        "type": "Insert Song",
        "correctCount": 28,
        "startTime": 99,
        "songDuration": 131.952,
        "songNumber": 44,
        "activePlayerCount": 179,
        "LinkVideo": "https://files.catbox.moe/8azsfk.webm",
        "LinkMp3": "https://files.catbox.moe/att8iv.mp3",
        "annId": 23873
    },
    {
        "animeEng": "Charlotte",
        "animeRomaji": "Charlotte",
        "songName": "Blood Colour",
        "artist": "ZHIEND",
        "type": "Insert Song",
        "correctCount": 90,
        "startTime": 8,
        "songDuration": 38.088,
        "songNumber": 45,
        "activePlayerCount": 179,
        "LinkVideo": "https://files.catbox.moe/je30b1.webm",
        "LinkMp3": "https://files.catbox.moe/ewhexn.mp3",
        "annId": 16649
    },
    {
        "animeEng": "Angelique: Twin Collection",
        "animeRomaji": "Angelique: Twin Collection",
        "songName": "Resolution~Zutto Hanasanai~",
        "artist": "Kenyuu Horiuchi",
        "type": "Insert Song",
        "correctCount": 4,
        "startTime": 110,
        "songDuration": 142.728,
        "songNumber": 46,
        "activePlayerCount": 179,
        "LinkVideo": "https://files.catbox.moe/wihrrf.webm",
        "LinkMp3": "https://files.catbox.moe/h1wdzk.mp3",
        "annId": 4469,
        "correctPlayers": [
            "redruner",
            "yahallonyanpasu",
            "Kolea",
            "Mami"
        ]
    },
    {
        "animeEng": "Digimon Tamers: The Adventurers' Battle",
        "animeRomaji": "Digimon Tamers: B\u014dkensha-tachi no Tatakai",
        "songName": "EVO",
        "artist": "WILD CHILD BOUND",
        "type": "Insert Song",
        "correctCount": 47,
        "startTime": 44,
        "songDuration": 87.12,
        "songNumber": 47,
        "activePlayerCount": 179,
        "LinkVideo": "https://files.catbox.moe/ebi4vc.webm",
        "LinkMp3": "https://files.catbox.moe/dykbr5.mp3",
        "annId": 2271
    },
    {
        "animeEng": "Magic User's Club!",
        "animeRomaji": "Mah\u014dtsukai Tai!",
        "songName": "Seiya ~Kin no Soup~",
        "artist": "Ami Ozaki",
        "type": "Insert Song",
        "correctCount": 1,
        "startTime": 49,
        "songDuration": 263.362004,
        "songNumber": 48,
        "activePlayerCount": 179,
        "LinkVideo": "https://files.catbox.moe/jtzbqi.webm",
        "LinkMp3": "https://files.catbox.moe/kyctgi.mp3",
        "annId": 41,
        "correctPlayers": [
            "FairyS"
        ]
    },
    {
        "animeEng": "Gangsta.",
        "animeRomaji": "Gangsta.",
        "songName": "Renegade",
        "artist": "STEREO DIVE FOUNDATION",
        "type": "Opening 1",
        "correctCount": 99,
        "startTime": 9,
        "songDuration": 88.608,
        "songNumber": 49,
        "activePlayerCount": 178,
        "LinkVideo": "https://files.catbox.moe/ijulld.webm",
        "LinkMp3": "https://files.catbox.moe/6dms3q.mp3",
        "annId": 16623
    },
    {
        "animeEng": "Mazica Party",
        "animeRomaji": "Mazica Party",
        "songName": "MAZICA PARTY",
        "artist": "Seven Billion Dots",
        "type": "Ending 1",
        "correctCount": 31,
        "startTime": 14,
        "songDuration": 88.896,
        "songNumber": 50,
        "activePlayerCount": 178,
        "LinkVideo": "https://files.catbox.moe/tmxhej.webm",
        "LinkMp3": "https://files.catbox.moe/2qfgxp.mp3",
        "annId": 24099
    },
    {
        "animeEng": "Serial Experiments Lain",
        "animeRomaji": "Serial Experiments Lain",
        "songName": "Kodoku no Signal",
        "artist": "Reichi \"CHABO\" Nakaido",
        "type": "Insert Song",
        "correctCount": 41,
        "startTime": 135,
        "songDuration": 246.168,
        "songNumber": 51,
        "activePlayerCount": 178,
        "LinkVideo": "https://files.catbox.moe/tzlbvq.webm",
        "LinkMp3": "https://files.catbox.moe/h5w1i0.mp3",
        "annId": 166
    },
    {
        "animeEng": "Blade & Soul",
        "animeRomaji": "Blade & Soul",
        "songName": "Sayonara Usotsuki",
        "artist": "MimimemeMIMI",
        "type": "Opening 1",
        "correctCount": 45,
        "startTime": 39,
        "songDuration": 87.552,
        "songNumber": 52,
        "activePlayerCount": 177,
        "LinkVideo": "https://files.catbox.moe/2p5fm5.webm",
        "LinkMp3": "https://files.catbox.moe/kcogi8.mp3",
        "annId": 15893
    },
    {
        "animeEng": "Real Girl",
        "animeRomaji": "3D Kanojo Real Girl",
        "songName": "Daiji na Koto",
        "artist": "Quruli",
        "type": "Ending 2",
        "correctCount": 63,
        "startTime": 60,
        "songDuration": 88.968,
        "songNumber": 53,
        "activePlayerCount": 177,
        "LinkVideo": "https://files.catbox.moe/zu3yc9.webm",
        "LinkMp3": "https://files.catbox.moe/g8p7gk.mp3",
        "annId": 21480
    },
    {
        "animeEng": "Genocyber",
        "animeRomaji": "Genocyber: Kyokai no Majuu",
        "songName": "Fairy Dreamin'",
        "artist": "WIZ-KISS",
        "type": "Ending 1",
        "correctCount": 1,
        "startTime": 93,
        "songDuration": 207.199704,
        "songNumber": 54,
        "activePlayerCount": 178,
        "LinkVideo": "https://files.catbox.moe/m1u9un.webm",
        "LinkMp3": "https://files.catbox.moe/delaka.mp3",
        "annId": 149,
        "correctPlayers": [
            "RulessR"
        ]
    },
    {
        "animeEng": "Zan Sayonara Zetsub\u014d Sensei",
        "animeRomaji": "Zan Sayonara Zetsub\u014d Sensei",
        "songName": "Zetsub\u014d Sensei Ekaki Uta",
        "artist": "Ayahi Takagaki, Kikuko Inoue",
        "type": "Insert Song",
        "correctCount": 80,
        "startTime": 7,
        "songDuration": 41.448,
        "songNumber": 55,
        "activePlayerCount": 179,
        "LinkVideo": "https://files.catbox.moe/6picmh.webm",
        "LinkMp3": "https://files.catbox.moe/oik7yd.mp3",
        "annId": 10805
    },
    {
        "animeEng": "Ishida and Asakura",
        "animeRomaji": "Ishida to Asakura",
        "songName": "Doki Doki Doku",
        "artist": "Rayli",
        "type": "Opening 1",
        "correctCount": 35,
        "startTime": 0,
        "songDuration": 28.838688,
        "songNumber": 56,
        "activePlayerCount": 178,
        "LinkVideo": "https://files.catbox.moe/dyal48.webm",
        "LinkMp3": "https://files.catbox.moe/wygdld.mp3",
        "annId": 14928
    },
    {
        "animeEng": "Aquarian Age: Sign for Evolution",
        "animeRomaji": "Aquarian Age: Sign for Evolution",
        "songName": "Awake",
        "artist": "Kaori Nishina",
        "type": "Insert Song",
        "correctCount": 3,
        "startTime": 9,
        "songDuration": 78.6,
        "songNumber": 57,
        "activePlayerCount": 178,
        "LinkVideo": "https://files.catbox.moe/61suh5.webm",
        "LinkMp3": "https://files.catbox.moe/93z893.mp3",
        "annId": 1147,
        "correctPlayers": [
            "Lionheart",
            "watashiii",
            "theyingster"
        ]
    },
    {
        "animeEng": "Mobile Suit Gundam Narrative",
        "animeRomaji": "Kid\u014d Senshi Gundam NT",
        "songName": "Vigilante <ver0.5+@>",
        "artist": "mpi,Gemie",
        "type": "Insert Song",
        "correctCount": 7,
        "startTime": 8,
        "songDuration": 89.832,
        "songNumber": 58,
        "activePlayerCount": 177,
        "LinkVideo": "https://files.catbox.moe/1qr9uw.webm",
        "LinkMp3": "https://files.catbox.moe/41r0lg.mp3",
        "annId": 20852
    },
    {
        "animeEng": "Guilty Crown",
        "animeRomaji": "Guilty Crown",
        "songName": "The Everlasting Guilty Crown",
        "artist": "EGOIST",
        "type": "Opening 3",
        "correctCount": 131,
        "startTime": 53,
        "songDuration": 88.56,
        "songNumber": 59,
        "activePlayerCount": 176,
        "LinkVideo": "https://files.catbox.moe/6e58xw.webm",
        "LinkMp3": "https://files.catbox.moe/b66951.mp3",
        "annId": 13001
    },
    {
        "animeEng": "The Devil is a Part-Timer!",
        "animeRomaji": "Hataraku Ma\u014d-sama!",
        "songName": "ZERO!!",
        "artist": "Minami Kuribayashi",
        "type": "Opening 1",
        "correctCount": 116,
        "startTime": 28,
        "songDuration": 89.064,
        "songNumber": 60,
        "activePlayerCount": 178,
        "LinkVideo": "https://files.catbox.moe/pmjolm.webm",
        "LinkMp3": "https://files.catbox.moe/pz1eik.mp3",
        "annId": 14846
    },
    {
        "animeEng": "Kuruneko",
        "animeRomaji": "Kuruneko",
        "songName": "Beautiful Day",
        "artist": "Vivian Hsu",
        "type": "Opening 1",
        "correctCount": 51,
        "startTime": 0,
        "songDuration": 19.44,
        "songNumber": 61,
        "activePlayerCount": 180,
        "LinkVideo": "https://files.catbox.moe/nikqma.webm",
        "LinkMp3": "https://files.catbox.moe/nt2rur.mp3",
        "annId": 10914
    },
    {
        "animeEng": "Meiji Tokyo Renka",
        "animeRomaji": "Meiji Tokyo Renka",
        "songName": "Electric Show",
        "artist": "Electric Show Dancers",
        "type": "Insert Song",
        "correctCount": 15,
        "startTime": 84,
        "songDuration": 114.048,
        "songNumber": 62,
        "activePlayerCount": 180,
        "LinkVideo": "https://files.catbox.moe/a23lp9.webm",
        "LinkMp3": "https://files.catbox.moe/r3nvk0.mp3",
        "annId": 20572
    },
    {
        "animeEng": "Digimon Adventure tri. Chapter 6: Our Future",
        "animeRomaji": "Digimon Adventure tri. Bokura no Mirai",
        "songName": "Butter-Fly~tri.Version~",
        "artist": "Erabareshi Kodomo-tachi, Digimon Sinkers, Ayumi Miyazaki, AiM with Kouji Wada",
        "type": "Ending 1",
        "correctCount": 17,
        "startTime": 22,
        "songDuration": 253.096058,
        "songNumber": 63,
        "activePlayerCount": 182,
        "LinkVideo": "https://files.catbox.moe/zu01e3.webm",
        "LinkMp3": "https://files.catbox.moe/f19lzv.mp3",
        "annId": 20474
    },
    {
        "animeEng": "Those Snow White Notes",
        "animeRomaji": "Mashiro no Oto",
        "songName": "Kono Yume ga Sameru made",
        "artist": "Miliyah Kato feat. Yoshida Brothers",
        "type": "Ending 1",
        "correctCount": 28,
        "startTime": 12,
        "songDuration": 88.512,
        "songNumber": 64,
        "activePlayerCount": 181,
        "LinkVideo": "https://files.catbox.moe/uckk84.webm",
        "LinkMp3": "https://files.catbox.moe/y84m39.mp3",
        "annId": 23554
    },
    {
        "animeEng": "BECK: Mongolian Chop Squad",
        "animeRomaji": "BECK: Mongolian Chop Squad",
        "songName": "JOURNEY",
        "artist": "miya38",
        "type": "Insert Song",
        "correctCount": 50,
        "startTime": 0,
        "songDuration": 48.769774,
        "songNumber": 65,
        "activePlayerCount": 180,
        "LinkVideo": "https://files.catbox.moe/p94rfr.webm",
        "LinkMp3": "https://files.catbox.moe/5unqd6.mp3",
        "annId": 4404
    },
    {
        "animeEng": "Hans Christian Andersen Stories",
        "animeRomaji": "Andersen Monogatari",
        "songName": "Chianti no Uta",
        "artist": "Eiko Masuyama with Young Fresh",
        "type": "Ending 1",
        "correctCount": 2,
        "startTime": 35,
        "songDuration": 75.072,
        "songNumber": 66,
        "activePlayerCount": 179,
        "LinkVideo": "https://files.catbox.moe/7zhyv7.webm",
        "LinkMp3": "https://files.catbox.moe/ifpa3e.mp3",
        "annId": 434,
        "correctPlayers": [
            "Cirquit",
            "theyingster"
        ]
    },
    {
        "animeEng": "Fairy Ranmaru: Anata no Kokoro Otasuke Shimasu",
        "animeRomaji": "Fairy Ranmaru: Anata no Kokoro Otasuke Shimasu",
        "songName": "Homura no Hana",
        "artist": "K\u014dsuke Tanabe",
        "type": "Insert Song",
        "correctCount": 14,
        "startTime": 21,
        "songDuration": 76.92,
        "songNumber": 67,
        "activePlayerCount": 177,
        "LinkVideo": "https://files.catbox.moe/1qayjf.webm",
        "LinkMp3": "https://files.catbox.moe/msp58r.mp3",
        "annId": 23933
    },
    {
        "animeEng": "Carino Coni",
        "animeRomaji": "Carino Coni",
        "songName": "Pizza Pasta Pizza",
        "artist": "Nikkos Bifaro Vincanz",
        "type": "Ending 3",
        "correctCount": 85,
        "startTime": 0,
        "songDuration": 19.416,
        "songNumber": 68,
        "activePlayerCount": 177,
        "LinkVideo": "https://files.catbox.moe/ox0uzp.webm",
        "LinkMp3": "https://files.catbox.moe/k67m34.mp3",
        "annId": 16147
    },
    {
        "animeEng": "Hitohira",
        "animeRomaji": "Hitohira",
        "songName": "Yume, Hitohira",
        "artist": "Yuuko Asami",
        "type": "Opening 1",
        "correctCount": 12,
        "startTime": 28,
        "songDuration": 87.984,
        "songNumber": 69,
        "activePlayerCount": 179,
        "LinkVideo": "https://files.catbox.moe/sp7ab6.webm",
        "LinkMp3": "https://files.catbox.moe/0x309m.mp3",
        "annId": 7305
    },
    {
        "animeEng": "Tokyo Ghoul",
        "animeRomaji": "Tokyo Ghoul",
        "songName": "unravel",
        "artist": "TK from Ling Tosite Sigure",
        "type": "Opening 1",
        "correctCount": 168,
        "startTime": 40,
        "songDuration": 86.907894,
        "songNumber": 70,
        "activePlayerCount": 180,
        "LinkVideo": "https://files.catbox.moe/zzkjlg.webm",
        "LinkMp3": "https://files.catbox.moe/lkhvvb.mp3",
        "annId": 16087
    },
    {
        "animeEng": "Dies irae",
        "animeRomaji": "Dies irae",
        "songName": "Opera",
        "artist": "Phero\u2606Men",
        "type": "Ending 1",
        "correctCount": 22,
        "startTime": 59,
        "songDuration": 117.048,
        "songNumber": 71,
        "activePlayerCount": 180,
        "LinkVideo": "https://files.catbox.moe/lf6zb1.webm",
        "LinkMp3": "https://files.catbox.moe/x8tspf.mp3",
        "annId": 19395
    },
    {
        "animeEng": "Legendary Idol Eriko",
        "animeRomaji": "Idol Densetsu Eriko",
        "songName": "Blue Moon ni Terasarete",
        "artist": "Satoshi Katayama",
        "type": "Insert Song",
        "correctCount": 2,
        "startTime": 34,
        "songDuration": 92.928,
        "songNumber": 72,
        "activePlayerCount": 182,
        "LinkVideo": "https://files.catbox.moe/qns3x5.webm",
        "LinkMp3": "https://files.catbox.moe/dhck7m.mp3",
        "annId": 1766,
        "correctPlayers": [
            "watashiii",
            "Cirquit"
        ]
    },
    {
        "animeEng": "Scorching Ping Pong Girls",
        "animeRomaji": "Shakunetsu no Takkyuu Musume",
        "songName": "V Ji Joushou Victory",
        "artist": "Suzumegahara Chuugaku Takkyuu-bu",
        "type": "Insert Song",
        "correctCount": 56,
        "startTime": 6,
        "songDuration": 93.576,
        "songNumber": 73,
        "activePlayerCount": 181,
        "LinkVideo": "https://files.catbox.moe/avxbj3.webm",
        "LinkMp3": "https://files.catbox.moe/8k2wr8.mp3",
        "annId": 18557
    },
    {
        "animeEng": "ItaKiss",
        "animeRomaji": "Itazura na Kiss",
        "songName": "Kimi, Meguru, Boku",
        "artist": "Motohiro Hata",
        "type": "Opening 1",
        "correctCount": 48,
        "startTime": 24,
        "songDuration": 90.024,
        "songNumber": 74,
        "activePlayerCount": 181,
        "LinkVideo": "https://files.catbox.moe/s4ivmu.webm",
        "LinkMp3": "https://files.catbox.moe/yjebs9.mp3",
        "annId": 9193
    },
    {
        "animeEng": "L/R: Licensed by Royalty",
        "animeRomaji": "L/R: Licensed by Royalty",
        "songName": "Tell me something true",
        "artist": "Shinji Kakijima",
        "type": "Insert Song",
        "correctCount": 1,
        "startTime": 19,
        "songDuration": 166.128,
        "songNumber": 75,
        "activePlayerCount": 181,
        "LinkVideo": "https://files.catbox.moe/l8qq7c.webm",
        "LinkMp3": "https://files.catbox.moe/g94owh.mp3",
        "annId": 2152,
        "correctPlayers": [
            "revel_"
        ]
    },
    {
        "animeEng": "Mobile Suit Gundam: Hathaway's Flash",
        "animeRomaji": "Kid\u014d Senshi Gundam Senk\u014d no Hathaway",
        "songName": "TRACER",
        "artist": "Benjamin",
        "type": "Insert Song",
        "correctCount": 17,
        "startTime": 9,
        "songDuration": 106.8,
        "songNumber": 76,
        "activePlayerCount": 179,
        "LinkVideo": "https://files.catbox.moe/59wvmm.webm",
        "LinkMp3": "https://files.catbox.moe/6uiwoe.mp3",
        "annId": 22960
    },
    {
        "animeEng": "Uta no\u2606Prince-sama\u266aMaji LOVE 2000%",
        "animeRomaji": "Uta no\u2606Prince-sama\u266aMaji LOVE 2000%",
        "songName": "Smile Magic",
        "artist": "Takuma Terashima",
        "type": "Insert Song",
        "correctCount": 11,
        "startTime": 31,
        "songDuration": 86.424,
        "songNumber": 77,
        "activePlayerCount": 178,
        "LinkVideo": "https://files.catbox.moe/6j7g61.webm",
        "LinkMp3": "https://files.catbox.moe/e2zpi2.mp3",
        "annId": 14884
    },
    {
        "animeEng": "Clockwork Planet",
        "animeRomaji": "Clockwork Planet",
        "songName": "clockwork planet",
        "artist": "fripSide",
        "type": "Opening 1",
        "correctCount": 53,
        "startTime": 55,
        "songDuration": 89.184,
        "songNumber": 78,
        "activePlayerCount": 178,
        "LinkVideo": "https://files.catbox.moe/vkj29h.webm",
        "LinkMp3": "https://files.catbox.moe/qxip6g.mp3",
        "annId": 18959
    },
    {
        "animeEng": "Major: Message",
        "animeRomaji": "Major: Message",
        "songName": "Kokoro E",
        "artist": "Showtaro Morikubo",
        "type": "Ending 1",
        "correctCount": 22,
        "startTime": 15,
        "songDuration": 134.352,
        "songNumber": 79,
        "activePlayerCount": 179,
        "LinkVideo": "https://files.catbox.moe/n3mp9r.webm",
        "LinkMp3": "https://files.catbox.moe/zhgxq4.mp3",
        "annId": 13859
    },
    {
        "animeEng": "Fist of the Blue Sky Regenesis",
        "animeRomaji": "Souten no Ken REGENESIS",
        "songName": "S\u014dten no Hate ni",
        "artist": "AK-69",
        "type": "Opening 1",
        "correctCount": 17,
        "startTime": 28,
        "songDuration": 87.456,
        "songNumber": 80,
        "activePlayerCount": 179,
        "LinkVideo": "https://files.catbox.moe/2621hg.webm",
        "LinkMp3": "https://files.catbox.moe/evc193.mp3",
        "annId": 20470
    },
    {
        "animeEng": "Fruits Basket",
        "animeRomaji": "Fruits Basket",
        "songName": "Chiisana Inori",
        "artist": "Ritsuko Okazaki",
        "type": "Ending 1",
        "correctCount": 55,
        "startTime": 26,
        "songDuration": 80.04,
        "songNumber": 81,
        "activePlayerCount": 181,
        "LinkVideo": "https://files.catbox.moe/a7amax.webm",
        "LinkMp3": "https://files.catbox.moe/wqqqql.mp3",
        "annId": 348
    },
    {
        "animeEng": "All Purpose Cultural Cat Girl Nuku Nuku",
        "animeRomaji": "Bann\u014d Bunka Neko-Musume",
        "songName": "Harikitte Trying!",
        "artist": "Megumi Hayashibara",
        "type": "Ending 2",
        "correctCount": 22,
        "startTime": 106,
        "songDuration": 156.72,
        "songNumber": 82,
        "activePlayerCount": 181,
        "LinkVideo": "https://files.catbox.moe/zegpwt.webm",
        "LinkMp3": "https://files.catbox.moe/04b7yg.mp3",
        "annId": 556
    },
    {
        "animeEng": "Pikachu's Summer Vacation",
        "animeRomaji": "Pikachu no Natsuyasumi",
        "songName": "Natsuyasumi Fan Club",
        "artist": "Pokemon Kids (+Ikue Ootani)",
        "type": "Opening 1",
        "correctCount": 24,
        "startTime": 46,
        "songDuration": 87.048,
        "songNumber": 83,
        "activePlayerCount": 181,
        "LinkVideo": "https://files.catbox.moe/alln5r.webm",
        "LinkMp3": "https://files.catbox.moe/hdl68c.mp3",
        "annId": 4618
    },
    {
        "animeEng": "Akagi",
        "animeRomaji": "T\u014dhai Densetsu Akagi: Yami ni Maiorita Tensai",
        "songName": "Akagi",
        "artist": "MAXIMUM THE HORMONE",
        "type": "Ending 1",
        "correctCount": 29,
        "startTime": 6,
        "songDuration": 59.352,
        "songNumber": 84,
        "activePlayerCount": 181,
        "LinkVideo": "https://files.catbox.moe/ds2pp2.webm",
        "LinkMp3": "https://files.catbox.moe/05ezcp.mp3",
        "annId": 6294
    },
    {
        "animeEng": "The Prince of Tennis",
        "animeRomaji": "Tennis no \u014cji-sama",
        "songName": "Make You Free",
        "artist": "Kimeru",
        "type": "Opening 3",
        "correctCount": 12,
        "startTime": 6,
        "songDuration": 74.064,
        "songNumber": 85,
        "activePlayerCount": 180,
        "LinkVideo": "https://files.catbox.moe/e0pmo4.webm",
        "LinkMp3": "https://files.catbox.moe/3hijct.mp3",
        "annId": 876
    }
]