[
    {
        "animeEng": "The Legend of Heroes: Trails in the Sky",
        "animeRomaji": "Eiyuu Densetsu: Sora no Kiseki The Animation",
        "songName": "Gin no Ishi Kin no Tsubasa ~THE ANIMATION EDIT~",
        "artist": "Kanako Kotera",
        "type": "Opening 1",
        "correctCount": 9,
        "startTime": 13,
        "songDuration": 90.486608,
        "songNumber": 1,
        "activePlayerCount": 112,
        "LinkVideo": "https://files.catbox.moe/wsqhqk.webm",
        "LinkMp3": "https://files.catbox.moe/x2rx4f.mp3",
        "annId": 12990
    },
    {
        "animeEng": "Ascendance of a Bookworm",
        "animeRomaji": "Honzuki no Gekokuj\u014d",
        "songName": "Natsu no Midori",
        "artist": "Sh\u014d Hayami",
        "type": "Insert Song",
        "correctCount": 26,
        "startTime": 6,
        "songDuration": 58.032,
        "songNumber": 2,
        "activePlayerCount": 119,
        "LinkVideo": "https://files.catbox.moe/lpmst0.webm",
        "LinkMp3": "https://files.catbox.moe/d89mcq.mp3",
        "annId": 23026
    },
    {
        "animeEng": "PriPara",
        "animeRomaji": "PriPara",
        "songName": "Rainbow Melody\u266a",
        "artist": "PriPara Dream\u2606All Stars",
        "type": "Insert Song",
        "correctCount": 86,
        "startTime": 14,
        "songDuration": 47.904,
        "songNumber": 3,
        "activePlayerCount": 124,
        "LinkVideo": "https://files.catbox.moe/al49ws.webm",
        "LinkMp3": "https://files.catbox.moe/4xm8we.mp3",
        "annId": 18090
    },
    {
        "animeEng": "WWW.WAGNARIA!!",
        "animeRomaji": "WWW.WORKING!!",
        "songName": "Mujuuryoku Fever",
        "artist": "Kensho Ono, Kouki Uchiyama, Yuuichi Nakamura",
        "type": "Ending 1",
        "correctCount": 19,
        "startTime": 33,
        "songDuration": 88.608,
        "songNumber": 4,
        "activePlayerCount": 126,
        "LinkVideo": "https://files.catbox.moe/r7vvy7.webm",
        "LinkMp3": "https://files.catbox.moe/d6mwwp.mp3",
        "annId": 18412
    },
    {
        "animeEng": "Mekakucity Actors",
        "animeRomaji": "Mekakucity Actors",
        "songName": "Days",
        "artist": "Jin ft. Lia",
        "type": "Ending 1",
        "correctCount": 24,
        "startTime": 12,
        "songDuration": 89.376,
        "songNumber": 5,
        "activePlayerCount": 126,
        "LinkVideo": "https://files.catbox.moe/txcaqz.webm",
        "LinkMp3": "https://files.catbox.moe/9zb0z8.mp3",
        "annId": 15797
    },
    {
        "animeEng": "Digimon Adventure",
        "animeRomaji": "Digimon Adventure",
        "songName": "Seven",
        "artist": "Kouji Wada",
        "type": "Insert Song",
        "correctCount": 28,
        "startTime": 67,
        "songDuration": 124.584,
        "songNumber": 6,
        "activePlayerCount": 124,
        "LinkVideo": "https://files.catbox.moe/l9idwi.webm",
        "LinkMp3": "https://files.catbox.moe/lowtc3.mp3",
        "annId": 794
    },
    {
        "animeEng": "When They Cry: Outbreak",
        "animeRomaji": "Higurashi no Naku Koro ni Kaku: Outbreak",
        "songName": "you -Visionen im Spiegel",
        "artist": "Yuzuki",
        "type": "Ending 1",
        "correctCount": 51,
        "startTime": 72,
        "songDuration": 228.264,
        "songNumber": 7,
        "activePlayerCount": 124,
        "LinkVideo": "https://files.catbox.moe/ijoaiq.webm",
        "LinkMp3": "https://files.catbox.moe/g5tx9e.mp3",
        "annId": 15268
    },
    {
        "animeEng": "Fullmetal Alchemist: The Sacred Star of Milos",
        "animeRomaji": "Hagane no Renkinjutsushi: Milos no Seinaru Hoshi",
        "songName": "Chasing hearts",
        "artist": "miwa",
        "type": "Opening 1",
        "correctCount": 16,
        "startTime": 50,
        "songDuration": 108.144,
        "songNumber": 8,
        "activePlayerCount": 125,
        "LinkVideo": "https://files.catbox.moe/9ke4q9.webm",
        "LinkMp3": "https://files.catbox.moe/ucj4zo.mp3",
        "annId": 12180
    },
    {
        "animeEng": "Tales of Zestiria the X",
        "animeRomaji": "Tales of Zestiria the X",
        "songName": "White Light",
        "artist": "Superfly",
        "type": "Insert Song",
        "correctCount": 39,
        "startTime": 62,
        "songDuration": 129.72,
        "songNumber": 9,
        "activePlayerCount": 125,
        "LinkVideo": "https://files.catbox.moe/vmcvey.webm",
        "LinkMp3": "https://files.catbox.moe/1c76fa.mp3",
        "annId": 18072
    },
    {
        "animeEng": "Outlaw Star",
        "animeRomaji": "Seih\u014d Buky\u014d Outlaw Star",
        "songName": "Through the Night",
        "artist": "Masahiko Arimachi",
        "type": "Opening 1",
        "correctCount": 23,
        "startTime": 40,
        "songDuration": 90.048,
        "songNumber": 10,
        "activePlayerCount": 125,
        "LinkVideo": "https://files.catbox.moe/bnavl8.webm",
        "LinkMp3": "https://files.catbox.moe/ts4uio.mp3",
        "annId": 423
    },
    {
        "animeEng": "Kase-san and Morning Glories",
        "animeRomaji": "Asagao to Kase-san.",
        "songName": "Asu e no Tobira",
        "artist": "Minami Takahashi & Ayane Sakura",
        "type": "Ending 1",
        "correctCount": 16,
        "startTime": 12,
        "songDuration": 279.072,
        "songNumber": 11,
        "activePlayerCount": 127,
        "LinkVideo": "https://files.catbox.moe/jizmgi.webm",
        "LinkMp3": "https://files.catbox.moe/iwcv2y.mp3",
        "annId": 20752
    },
    {
        "animeEng": "Magical Girl Spec-Ops Asuka",
        "animeRomaji": "Mah\u014d Sh\u014djo Tokushusen Asuka",
        "songName": "KODO",
        "artist": "nonoc",
        "type": "Opening 1",
        "correctCount": 35,
        "startTime": 48,
        "songDuration": 89.568,
        "songNumber": 12,
        "activePlayerCount": 128,
        "LinkVideo": "https://files.catbox.moe/8ojg8g.webm",
        "LinkMp3": "https://files.catbox.moe/drubvq.mp3",
        "annId": 21226
    },
    {
        "animeEng": "Ensemble Stars!",
        "animeRomaji": "EnStars",
        "songName": "Miwaku Geki",
        "artist": "Valkyrie",
        "type": "Insert Song",
        "correctCount": 5,
        "startTime": 5,
        "songDuration": 106.776,
        "songNumber": 13,
        "activePlayerCount": 128,
        "LinkVideo": "https://files.catbox.moe/ijibso.webm",
        "LinkMp3": "https://files.catbox.moe/ba91gg.mp3",
        "annId": 22259,
        "correctPlayers": [
            "MissMcPhisto",
            "hitoshiki",
            "VineRosy",
            "Shuuka",
            "Mikan_Tsumiki"
        ]
    },
    {
        "animeEng": "Detective Conan: Conan vs Kid vs Yaiba",
        "animeRomaji": "Meitantei Conan: Conan VS Kid VS Yaiba",
        "songName": "Natsu no Maboroshi",
        "artist": "GARNET CROW",
        "type": "Ending 1",
        "correctCount": 55,
        "startTime": 37,
        "songDuration": 83.064,
        "songNumber": 14,
        "activePlayerCount": 130,
        "LinkVideo": "https://files.catbox.moe/bdrxh3.webm",
        "LinkMp3": "https://files.catbox.moe/v9126z.mp3",
        "annId": 5140
    },
    {
        "animeEng": "Teenage Mutant Ninja Turtles: Superman Legend",
        "animeRomaji": "Mutant Turtles: Ch\u014djin Densetsu-hen",
        "songName": "Power-Up Turtles",
        "artist": "Hironobu Kageyama",
        "type": "Opening 1",
        "correctCount": 16,
        "startTime": 37,
        "songDuration": 122.112,
        "songNumber": 15,
        "activePlayerCount": 134,
        "LinkVideo": "https://files.catbox.moe/bnekvb.webm",
        "LinkMp3": "https://files.catbox.moe/lbxwad.mp3",
        "annId": 4107
    },
    {
        "animeEng": "B: The Beginning Succession",
        "animeRomaji": "B: The Beginning Succession",
        "songName": "Be Down",
        "artist": "ACCAMER",
        "type": "Ending 1",
        "correctCount": 7,
        "startTime": 30,
        "songDuration": 108.072,
        "songNumber": 16,
        "activePlayerCount": 135,
        "LinkVideo": "https://files.catbox.moe/lk38t2.webm",
        "LinkMp3": "https://files.catbox.moe/93ljit.mp3",
        "annId": 24059
    },
    {
        "animeEng": "Claymore",
        "animeRomaji": "Claymore",
        "songName": "Raison D'\u00eatre",
        "artist": "Nightmare",
        "type": "Opening 1",
        "correctCount": 39,
        "startTime": 30,
        "songDuration": 59.064,
        "songNumber": 17,
        "activePlayerCount": 134,
        "LinkVideo": "https://files.catbox.moe/xrj1ax.webm",
        "LinkMp3": "https://files.catbox.moe/yt5dhm.mp3",
        "annId": 7028
    },
    {
        "animeEng": "Clannad: The Motion Picture",
        "animeRomaji": "Clannad Film",
        "songName": "Dango Dango Dango",
        "artist": "Fukuchi Kousaka Koutou Gakkou Zaikousei",
        "type": "Ending 3",
        "correctCount": 83,
        "startTime": 1,
        "songDuration": 31.464,
        "songNumber": 18,
        "activePlayerCount": 135,
        "LinkVideo": "https://files.catbox.moe/4h91d8.webm",
        "LinkMp3": "https://files.catbox.moe/geafjg.mp3",
        "annId": 6436
    },
    {
        "animeEng": "Zegapain",
        "animeRomaji": "Zegapain",
        "songName": "Last Blue",
        "artist": "ROCKY CHACK",
        "type": "Ending 3",
        "correctCount": 3,
        "startTime": 54,
        "songDuration": 98.427696,
        "songNumber": 19,
        "activePlayerCount": 134,
        "LinkVideo": "https://files.catbox.moe/f70fiv.webm",
        "LinkMp3": "https://files.catbox.moe/uyl737.mp3",
        "annId": 6145,
        "correctPlayers": [
            "Impognagrift",
            "yotsuyaiba",
            "asleep"
        ]
    },
    {
        "animeEng": "Yu-Gi-Oh!",
        "animeRomaji": "Yu-Gi-Oh! Duel Monsters",
        "songName": "EYE'S",
        "artist": "Yuuichi Ikusawa",
        "type": "Ending 5",
        "correctCount": 21,
        "startTime": 55,
        "songDuration": 90.288,
        "songNumber": 20,
        "activePlayerCount": 134,
        "LinkVideo": "https://files.catbox.moe/gd9bqi.webm",
        "LinkMp3": "https://files.catbox.moe/iqopj5.mp3",
        "annId": 5074
    },
    {
        "animeEng": "Inazuma Eleven GO: Chrono Stone",
        "animeRomaji": "Inazuma Eleven GO: Chrono Stone",
        "songName": "Boku-tachi no Shiro",
        "artist": "Inazuma Eleven GO All-Stars",
        "type": "Ending 3",
        "correctCount": 3,
        "startTime": 38,
        "songDuration": 82.67613,
        "songNumber": 21,
        "activePlayerCount": 133,
        "LinkVideo": "https://files.catbox.moe/4jkps6.webm",
        "LinkMp3": "https://files.catbox.moe/fhgvnm.mp3",
        "annId": 14151,
        "correctPlayers": [
            "Carmanher",
            "MoreOften",
            "Anaruwaifu"
        ]
    },
    {
        "animeEng": "Bakuman.",
        "animeRomaji": "Bakuman.",
        "songName": "Moshimo no Hanashi",
        "artist": "nano.RIPE",
        "type": "Opening 1",
        "correctCount": 18,
        "startTime": 13,
        "songDuration": 94.056,
        "songNumber": 22,
        "activePlayerCount": 134,
        "LinkVideo": "https://files.catbox.moe/707rzp.webm",
        "LinkMp3": "https://files.catbox.moe/jk1uhj.mp3",
        "annId": 13867
    },
    {
        "animeEng": "Gankutsuou",
        "animeRomaji": "Gankutsuou: The Count of Monte Cristo",
        "songName": "Waltz (waltz in blue)",
        "artist": "Jean-Jacques Burnel",
        "type": "Insert Song",
        "correctCount": 24,
        "startTime": 7,
        "songDuration": 63.12,
        "songNumber": 23,
        "activePlayerCount": 135,
        "LinkVideo": "https://files.catbox.moe/asio1e.webm",
        "LinkMp3": "https://files.catbox.moe/nw5yv2.mp3",
        "annId": 4194
    },
    {
        "animeEng": "Ring ni Kakero 1: Shadow",
        "animeRomaji": "Ring ni Kakero 1: Shadow",
        "songName": "Asu e no T\u014dshi",
        "artist": "Marina del ray",
        "type": "Opening 1",
        "correctCount": 13,
        "startTime": 20,
        "songDuration": 91.176,
        "songNumber": 24,
        "activePlayerCount": 136,
        "LinkVideo": "https://files.catbox.moe/3s2t3q.webm",
        "LinkMp3": "https://files.catbox.moe/0nd8j7.mp3",
        "annId": 11218
    },
    {
        "animeEng": "D.C.: Da Capo",
        "animeRomaji": "D.C.: Da Capo",
        "songName": "Seihitsu naru Koruda",
        "artist": "Yoshiki Minami",
        "type": "Ending 3",
        "correctCount": 13,
        "startTime": 13,
        "songDuration": 43.224,
        "songNumber": 25,
        "activePlayerCount": 138,
        "LinkVideo": "https://files.catbox.moe/b5qj80.webm",
        "LinkMp3": "https://files.catbox.moe/ecvffy.mp3",
        "annId": 2670
    },
    {
        "animeEng": "Summer Wars",
        "animeRomaji": "Summer Wars",
        "songName": "Bokura no Natsu no Yume",
        "artist": "Tatsuro Yamashita",
        "type": "Ending 1",
        "correctCount": 41,
        "startTime": 124,
        "songDuration": 298.608,
        "songNumber": 26,
        "activePlayerCount": 138,
        "LinkVideo": "https://files.catbox.moe/1t200o.webm",
        "LinkMp3": "https://files.catbox.moe/nun0rx.mp3",
        "annId": 10544
    },
    {
        "animeEng": "Baki",
        "animeRomaji": "Baki: Dai Raitaisai-hen",
        "songName": "Jounetsu wa Oboete Iru",
        "artist": "GRANRODEO",
        "type": "Opening 1",
        "correctCount": 28,
        "startTime": 31,
        "songDuration": 88.8,
        "songNumber": 27,
        "activePlayerCount": 135,
        "LinkVideo": "https://files.catbox.moe/tkj4d6.webm",
        "LinkMp3": "https://files.catbox.moe/em1ckz.mp3",
        "annId": 21976
    },
    {
        "animeEng": "Mobile Fighter G Gundam",
        "animeRomaji": "Kid\u014d But\u014dden G Gundam",
        "songName": "Kimi no Naka no Eien",
        "artist": "Takehide Inoue",
        "type": "Ending 2",
        "correctCount": 5,
        "startTime": 23,
        "songDuration": 67.92,
        "songNumber": 28,
        "activePlayerCount": 134,
        "LinkVideo": "https://files.catbox.moe/7yx875.webm",
        "LinkMp3": "https://files.catbox.moe/7bxob1.mp3",
        "annId": 299,
        "correctPlayers": [
            "Lone",
            "LostAlpaca",
            "Zylda",
            "asleep",
            "SynchronS"
        ]
    },
    {
        "animeEng": "Seven Days War",
        "animeRomaji": "Bokura no Nanokakan Sens\u014d",
        "songName": "Spirit",
        "artist": "Sano ibuki",
        "type": "Ending 1",
        "correctCount": 4,
        "startTime": 210,
        "songDuration": 240.672,
        "songNumber": 29,
        "activePlayerCount": 133,
        "LinkVideo": "https://files.catbox.moe/0ulql7.webm",
        "LinkMp3": "https://files.catbox.moe/xsh42m.mp3",
        "annId": 22539,
        "correctPlayers": [
            "Shuuka",
            "Mikan_Tsumiki",
            "theyangster",
            "MyAngelAmakiSari"
        ]
    },
    {
        "animeEng": "Ace Attorney",
        "animeRomaji": "Gyakuten Saiban: Sono \"Shinjitsu\", Igi Ari!",
        "songName": "Message",
        "artist": "Rei Yasuda",
        "type": "Ending 1",
        "correctCount": 15,
        "startTime": 31,
        "songDuration": 89.568,
        "songNumber": 30,
        "activePlayerCount": 133,
        "LinkVideo": "https://files.catbox.moe/ytf4z8.webm",
        "LinkMp3": "https://files.catbox.moe/t9ihki.mp3",
        "annId": 17948
    },
    {
        "animeEng": "Persona 4 The Animation",
        "animeRomaji": "Persona 4 The Animation",
        "songName": "Never More",
        "artist": "Shihoko Hirata",
        "type": "Ending 5",
        "correctCount": 49,
        "startTime": 17,
        "songDuration": 82.056,
        "songNumber": 31,
        "activePlayerCount": 133,
        "LinkVideo": "https://files.catbox.moe/4qvxzn.webm",
        "LinkMp3": "https://files.catbox.moe/q1nxf3.mp3",
        "annId": 12870
    },
    {
        "animeEng": "Psychic Detective Yakumo",
        "animeRomaji": "Shinrei Tantei Yakumo",
        "songName": "Key -Phase2-",
        "artist": "Daisuke Ono",
        "type": "Opening 2",
        "correctCount": 15,
        "startTime": 4,
        "songDuration": 72.552,
        "songNumber": 32,
        "activePlayerCount": 132,
        "LinkVideo": "https://files.catbox.moe/nyexuf.webm",
        "LinkMp3": "https://files.catbox.moe/gqyh4u.mp3",
        "annId": 11191
    },
    {
        "animeEng": "Tokimeki Tonight",
        "animeRomaji": "Tokimeki Tonight",
        "songName": "Super Love Lotion",
        "artist": "Harumi Kamo",
        "type": "Ending 1",
        "correctCount": 6,
        "startTime": 35,
        "songDuration": 72.336,
        "songNumber": 33,
        "activePlayerCount": 131,
        "LinkVideo": "https://files.catbox.moe/onrb6h.webm",
        "LinkMp3": "https://files.catbox.moe/q3ghjv.mp3",
        "annId": 1375
    },
    {
        "animeEng": "Initial D: Battle Stage 3",
        "animeRomaji": "Initial D: Battle Stage 3",
        "songName": "POWERNIGHT",
        "artist": "ANNIE",
        "type": "Insert Song",
        "correctCount": 17,
        "startTime": 63,
        "songDuration": 136.416,
        "songNumber": 34,
        "activePlayerCount": 131,
        "LinkVideo": "https://files.catbox.moe/nn2qzd.webm",
        "LinkMp3": "https://files.catbox.moe/qailgy.mp3",
        "annId": 24123
    },
    {
        "animeEng": "Strike Witches: Road to Berlin",
        "animeRomaji": "Dai-501 T\u014dg\u014d Sent\u014d K\u014dkuu-dan Strike Witches: Road to Berlin",
        "songName": "Kimi no Tsubasa ni Akogarete",
        "artist": "Ami Koshimizu",
        "type": "Ending 4",
        "correctCount": 8,
        "startTime": 25,
        "songDuration": 88.824,
        "songNumber": 35,
        "activePlayerCount": 129,
        "LinkVideo": "https://files.catbox.moe/8z20rc.webm",
        "LinkMp3": "https://files.catbox.moe/lutzz8.mp3",
        "annId": 21189
    },
    {
        "animeEng": "Precure All Stars DX: Minna Tomodachi\u2606Kiseki no Zenin Daishuug\u014d",
        "animeRomaji": "Precure All Stars DX: Minna Tomodachi\u2606Kiseki no Zenin Daishuug\u014d",
        "songName": "DANZEN! Futari wa Precure! (Ver.Max Heart)",
        "artist": "Mayumi Goj\u014d",
        "type": "Insert Song",
        "correctCount": 78,
        "startTime": 29,
        "songDuration": 79.368,
        "songNumber": 36,
        "activePlayerCount": 129,
        "LinkVideo": "https://files.catbox.moe/717o0q.webm",
        "LinkMp3": "https://files.catbox.moe/pp6b8u.mp3",
        "annId": 10689
    },
    {
        "animeEng": "Stitch!",
        "animeRomaji": "Stitch!",
        "songName": "Stitch is Coming",
        "artist": "bless4",
        "type": "Ending 2",
        "correctCount": 30,
        "startTime": 0,
        "songDuration": 29.544,
        "songNumber": 37,
        "activePlayerCount": 127,
        "LinkVideo": "https://files.catbox.moe/rqyjli.webm",
        "LinkMp3": "https://files.catbox.moe/24q8jy.mp3",
        "annId": 10252
    },
    {
        "animeEng": "Doraemon the Movie: Nobita and the Space Heroes",
        "animeRomaji": "Doraemon: Nobita no Space Heroes",
        "songName": "Yume o Kanaete Doraemon",
        "artist": "Suginami Jid\u014d Gassh\u014d-dan",
        "type": "Insert Song",
        "correctCount": 6,
        "startTime": 0,
        "songDuration": 30.096,
        "songNumber": 38,
        "activePlayerCount": 126,
        "LinkVideo": "https://files.catbox.moe/hlib73.webm",
        "LinkMp3": "https://files.catbox.moe/byqmoi.mp3",
        "annId": 16522
    },
    {
        "animeEng": "Negima!?",
        "animeRomaji": "Negima!?",
        "songName": "A-LY-YA!",
        "artist": "Hazuki, Yui Horie, Junko Minagawa",
        "type": "Ending 3",
        "correctCount": 11,
        "startTime": 2,
        "songDuration": 89.304,
        "songNumber": 39,
        "activePlayerCount": 125,
        "LinkVideo": "https://files.catbox.moe/5gev1h.webm",
        "LinkMp3": "https://files.catbox.moe/ne29v9.mp3",
        "annId": 6708
    },
    {
        "animeEng": "Hakumei and Mikochi: Tiny Little Life in the Woods",
        "animeRomaji": "Hakumei to Mikochi",
        "songName": "Minasoko no Rhythm",
        "artist": "Aoi Yuuki",
        "type": "Ending 2",
        "correctCount": 8,
        "startTime": 48,
        "songDuration": 77.064,
        "songNumber": 40,
        "activePlayerCount": 125,
        "LinkVideo": "https://files.catbox.moe/1m59qd.webm",
        "LinkMp3": "https://files.catbox.moe/yl5eix.mp3",
        "annId": 20186
    },
    {
        "animeEng": "Kiss Him, Not Me",
        "animeRomaji": "Watashi ga Motete D\u014dsunda",
        "songName": "Prince\u00d7Prince",
        "artist": "From4to7",
        "type": "Opening 1",
        "correctCount": 40,
        "startTime": 38,
        "songDuration": 89.064,
        "songNumber": 41,
        "activePlayerCount": 123,
        "LinkVideo": "https://files.catbox.moe/6kggg7.webm",
        "LinkMp3": "https://files.catbox.moe/kbhi4f.mp3",
        "annId": 18135
    },
    {
        "animeEng": "Vexille: 2077 Isolation of Japan",
        "animeRomaji": "Vexille: 2077 Nippon Sakoku",
        "songName": "Target Practice",
        "artist": "Asian Dub Foundation",
        "type": "Insert Song",
        "correctCount": 1,
        "startTime": 15,
        "songDuration": 64.612125,
        "songNumber": 42,
        "activePlayerCount": 123,
        "LinkVideo": "https://files.catbox.moe/u8z4ce.webm",
        "LinkMp3": "https://files.catbox.moe/dyu4we.mp3",
        "annId": 7812,
        "correctPlayers": [
            "Carmanher"
        ]
    },
    {
        "animeEng": "Ch\u014d Gekij\u014dban Keroro Guns\u014d 5: Tanj\u014d! Kyuukyoku Keroro Kiseki no Jikuujima de Arimasu!!",
        "animeRomaji": "Ch\u014d Gekij\u014dban Keroro Guns\u014d 5: Tanj\u014d! Kyuukyoku Keroro Kiseki no Jikuujima de Arimasu!!",
        "songName": "Keropack",
        "artist": "Ayaka Hirahara",
        "type": "Ending 1",
        "correctCount": 2,
        "startTime": 45,
        "songDuration": 142.077558,
        "songNumber": 43,
        "activePlayerCount": 123,
        "LinkVideo": "https://files.catbox.moe/rw2p55.webm",
        "LinkMp3": "https://files.catbox.moe/ueguj9.mp3",
        "annId": 11209,
        "correctPlayers": [
            "TowaSamaTenshi",
            "asleep"
        ]
    },
    {
        "animeEng": "The Tatami Galaxy",
        "animeRomaji": "Yoj\u014dhan Shinwa Taikei",
        "songName": "Maru o Sagashite",
        "artist": "Keiji Fujiwara",
        "type": "Insert Song",
        "correctCount": 19,
        "startTime": 31,
        "songDuration": 78.912,
        "songNumber": 44,
        "activePlayerCount": 124,
        "LinkVideo": "https://files.catbox.moe/ylp8lv.webm",
        "LinkMp3": "https://files.catbox.moe/h1eyz5.mp3",
        "annId": 11200
    },
    {
        "animeEng": "Ensemble Stars!",
        "animeRomaji": "EnStars",
        "songName": "Promise Swords",
        "artist": "Knights",
        "type": "Ending 11",
        "correctCount": 8,
        "startTime": 25,
        "songDuration": 89.904,
        "songNumber": 45,
        "activePlayerCount": 123,
        "LinkVideo": "https://files.catbox.moe/z59ihp.webm",
        "LinkMp3": "https://files.catbox.moe/psin75.mp3",
        "annId": 22259
    },
    {
        "animeEng": "Flip Flappers",
        "animeRomaji": "Flip Flappers",
        "songName": "FLIP FLAP FLIP FLAP",
        "artist": "TO-MAS feat. Chima",
        "type": "Ending 1",
        "correctCount": 45,
        "startTime": 12,
        "songDuration": 89.712,
        "songNumber": 46,
        "activePlayerCount": 123,
        "LinkVideo": "https://files.catbox.moe/rupzst.webm",
        "LinkMp3": "https://files.catbox.moe/83i0cx.mp3",
        "annId": 18177
    },
    {
        "animeEng": "Kanon",
        "animeRomaji": "Kanon",
        "songName": "Last regrets (Acoustic Version)",
        "artist": "Lia",
        "type": "Insert Song",
        "correctCount": 24,
        "startTime": 40,
        "songDuration": 153,
        "songNumber": 47,
        "activePlayerCount": 122,
        "LinkVideo": "https://files.catbox.moe/9lo35f.webm",
        "LinkMp3": "https://files.catbox.moe/i2wg7e.mp3",
        "annId": 6431
    },
    {
        "animeEng": "The Brave of Gold Goldran",
        "animeRomaji": "\u014cgon Yuusha Goldran",
        "songName": "Bokura no Adventure",
        "artist": "A-mi",
        "type": "Opening 1",
        "correctCount": 1,
        "startTime": 37,
        "songDuration": 87.12,
        "songNumber": 48,
        "activePlayerCount": 123,
        "LinkVideo": "https://files.catbox.moe/sr2yyf.webm",
        "LinkMp3": "https://files.catbox.moe/wlrrkg.mp3",
        "annId": 1959,
        "correctPlayers": [
            "Lone"
        ]
    },
    {
        "animeEng": "Night Raid 1931",
        "animeRomaji": "Senk\u014d no Night Raid",
        "songName": "Yakusoku",
        "artist": "MUCC",
        "type": "Opening 1",
        "correctCount": 11,
        "startTime": 45,
        "songDuration": 89.088,
        "songNumber": 49,
        "activePlayerCount": 123,
        "LinkVideo": "https://files.catbox.moe/hgi1lc.webm",
        "LinkMp3": "https://files.catbox.moe/3l5p53.mp3",
        "annId": 11228
    },
    {
        "animeEng": "Godzilla: Planet of the Monsters",
        "animeRomaji": "Godzilla: Kaijuu Wakusei",
        "songName": "WHITE OUT",
        "artist": "XAI",
        "type": "Ending 1",
        "correctCount": 8,
        "startTime": 135,
        "songDuration": 253.08,
        "songNumber": 50,
        "activePlayerCount": 123,
        "LinkVideo": "https://files.catbox.moe/8sbs6u.webm",
        "LinkMp3": "https://files.catbox.moe/zljp9r.mp3",
        "annId": 19389
    },
    {
        "animeEng": "Hi Score Girl II",
        "animeRomaji": "High Score Girl II",
        "songName": "Unknown World Map",
        "artist": "Etsuko Yakushimaru",
        "type": "Ending 1",
        "correctCount": 27,
        "startTime": 29,
        "songDuration": 87.504,
        "songNumber": 51,
        "activePlayerCount": 123,
        "LinkVideo": "https://files.catbox.moe/0dqbrb.webm",
        "LinkMp3": "https://files.catbox.moe/e38v6m.mp3",
        "annId": 22466
    },
    {
        "animeEng": "Eureka Seven AO",
        "animeRomaji": "Eureka Seven Astral Ocean",
        "songName": "Escape",
        "artist": "Hemenway",
        "type": "Opening 1",
        "correctCount": 18,
        "startTime": 25,
        "songDuration": 87.864,
        "songNumber": 52,
        "activePlayerCount": 125,
        "LinkVideo": "https://files.catbox.moe/mdkehe.webm",
        "LinkMp3": "https://files.catbox.moe/sdrkvx.mp3",
        "annId": 14220
    },
    {
        "animeEng": "FLCL Progressive",
        "animeRomaji": "FLCL Progressive",
        "songName": "Shiroi Natsu to Midori no Jitensha Akai Kami to Kuroi Guitar (Fool on cool version)",
        "artist": "the pillows",
        "type": "Insert Song",
        "correctCount": 2,
        "startTime": 18,
        "songDuration": 64.92,
        "songNumber": 53,
        "activePlayerCount": 125,
        "LinkVideo": "https://files.catbox.moe/x2mn43.webm",
        "LinkMp3": "https://files.catbox.moe/jwom6w.mp3",
        "annId": 20791,
        "correctPlayers": [
            "Zedi",
            "Carmanher"
        ]
    },
    {
        "animeEng": "Nintama Rantaro",
        "animeRomaji": "Nintama Rantaro",
        "songName": "Yuuki 100%",
        "artist": "Hikari GENJI",
        "type": "Opening 1",
        "correctCount": 25,
        "startTime": 25,
        "songDuration": 80.712,
        "songNumber": 54,
        "activePlayerCount": 125,
        "LinkVideo": "https://files.catbox.moe/j74yy3.webm",
        "LinkMp3": "https://files.catbox.moe/18m9nl.mp3",
        "annId": 3465
    },
    {
        "animeEng": "Encouragement of Climb Omoide Present",
        "animeRomaji": "Yama no Susume Omoide Present",
        "songName": "Omoide Creators",
        "artist": "Yuka Iguchi & Kana Asumi",
        "type": "Ending 1",
        "correctCount": 24,
        "startTime": 56,
        "songDuration": 84.72,
        "songNumber": 55,
        "activePlayerCount": 125,
        "LinkVideo": "https://files.catbox.moe/ctz98x.webm",
        "LinkMp3": "https://files.catbox.moe/mamg7i.mp3",
        "annId": 19877
    },
    {
        "animeEng": "Akuei to Gacchinpo",
        "animeRomaji": "Akuei to Gacchinpo",
        "songName": "Ura Gacchinpo no Theme",
        "artist": "UNCO\u2605STAR",
        "type": "Opening 1",
        "correctCount": 9,
        "startTime": 0,
        "songDuration": 79.92,
        "songNumber": 56,
        "activePlayerCount": 125,
        "LinkVideo": "https://files.catbox.moe/54jrvm.webm",
        "LinkMp3": "https://files.catbox.moe/53r8b9.mp3",
        "annId": 23201
    },
    {
        "animeEng": "Lemon Angel Project",
        "animeRomaji": "Lemon Angel Project",
        "songName": "Angel addict",
        "artist": "Ryou Shihono",
        "type": "Opening 4",
        "correctCount": 20,
        "startTime": 57,
        "songDuration": 88.848,
        "songNumber": 57,
        "activePlayerCount": 125,
        "LinkVideo": "https://files.catbox.moe/spkber.webm",
        "LinkMp3": "https://files.catbox.moe/n365w8.mp3",
        "annId": 6095
    },
    {
        "animeEng": "Kubikiri Cycle: Ao-iro Savant to Zaregoto Tsukai",
        "animeRomaji": "Kubikiri Cycle: Ao-iro Savant to Zaregoto Tsukai",
        "songName": "old fashioned fairy tale",
        "artist": "Kalafina",
        "type": "Insert Song",
        "correctCount": 33,
        "startTime": 33,
        "songDuration": 63,
        "songNumber": 58,
        "activePlayerCount": 124,
        "LinkVideo": "https://files.catbox.moe/i7jyet.webm",
        "LinkMp3": "https://files.catbox.moe/bhqf26.mp3",
        "annId": 18704
    },
    {
        "animeEng": "Prison School",
        "animeRomaji": "Prison School",
        "songName": "Ai no Prison",
        "artist": "Kangoku Danshi",
        "type": "Opening 1",
        "correctCount": 85,
        "startTime": 3,
        "songDuration": 87.504,
        "songNumber": 59,
        "activePlayerCount": 125,
        "LinkVideo": "https://files.catbox.moe/yalaam.webm",
        "LinkMp3": "https://files.catbox.moe/owurjg.mp3",
        "annId": 17891
    },
    {
        "animeEng": "Nyaruko: Crawling with Love! W",
        "animeRomaji": "Haiyore! Nyaruko-san W",
        "songName": "Koi wa Chaos no Shimobe Nari",
        "artist": "Ushiro kara Haiyori-tai G",
        "type": "Opening 1",
        "correctCount": 85,
        "startTime": 22,
        "songDuration": 90.048,
        "songNumber": 60,
        "activePlayerCount": 122,
        "LinkVideo": "https://files.catbox.moe/9wdn77.webm",
        "LinkMp3": "https://files.catbox.moe/jwwrba.mp3",
        "annId": 14989
    },
    {
        "animeEng": "Bartender",
        "animeRomaji": "Bartender",
        "songName": "Bartender",
        "artist": "Natural High feat. Junpei Shiina",
        "type": "Opening 1",
        "correctCount": 22,
        "startTime": 7,
        "songDuration": 79.992,
        "songNumber": 61,
        "activePlayerCount": 123,
        "LinkVideo": "https://files.catbox.moe/5bu9ww.webm",
        "LinkMp3": "https://files.catbox.moe/tpsm3b.mp3",
        "annId": 6816
    },
    {
        "animeEng": "Nekopara",
        "animeRomaji": "Nekopara",
        "songName": "Shiny Happy Days",
        "artist": "Yuki Yagi, Iori Saeki, Shiori Izawa, Miku It\u014d, Yuri Noguchi, Marin Mizutani",
        "type": "Opening 1",
        "correctCount": 53,
        "startTime": 26,
        "songDuration": 89.304,
        "songNumber": 62,
        "activePlayerCount": 122,
        "LinkVideo": "https://files.catbox.moe/uo7vd0.webm",
        "LinkMp3": "https://files.catbox.moe/ltfhqm.mp3",
        "annId": 22247
    },
    {
        "animeEng": "Castle Town Dandelion",
        "animeRomaji": "J\u014dkamachi no Dandelion",
        "songName": "Honey\u2665Come!!",
        "artist": "Yui Ogura",
        "type": "Ending 1",
        "correctCount": 51,
        "startTime": 11,
        "songDuration": 88.608,
        "songNumber": 63,
        "activePlayerCount": 123,
        "LinkVideo": "https://files.catbox.moe/sp33fp.webm",
        "LinkMp3": "https://files.catbox.moe/31n521.mp3",
        "annId": 16857
    },
    {
        "animeEng": "Evangelion: 3.0+1.0 Thrice Upon a Time",
        "animeRomaji": "Evangelion: 3.0+1.0 Thrice Upon a Time",
        "songName": "One Last Kiss",
        "artist": "Hikaru Utada",
        "type": "Ending 1",
        "correctCount": 31,
        "startTime": 76,
        "songDuration": 251.88,
        "songNumber": 64,
        "activePlayerCount": 122,
        "LinkVideo": "https://files.catbox.moe/9mjfru.webm",
        "LinkMp3": "https://files.catbox.moe/jyv5vn.mp3",
        "annId": 8423
    },
    {
        "animeEng": "Someone's Gaze",
        "animeRomaji": "Dareka no Manazashi",
        "songName": "Sore de Ii yo",
        "artist": "Kazusa",
        "type": "Ending 1",
        "correctCount": 13,
        "startTime": 42,
        "songDuration": 113.928,
        "songNumber": 65,
        "activePlayerCount": 121,
        "LinkVideo": "https://files.catbox.moe/fdixvi.webm",
        "LinkMp3": "https://files.catbox.moe/usf6h9.mp3",
        "annId": 15115
    },
    {
        "animeEng": "Alibaba and the Forty Thieves",
        "animeRomaji": "Alibaba to 40-piki no T\u014dzoku",
        "songName": "Kono Hi no Tame ni",
        "artist": "Nobuyo Oyama, Junpei Takiguchi, Vocal Shop",
        "type": "Insert Song",
        "correctCount": 77,
        "startTime": 36,
        "songDuration": 129.264,
        "songNumber": 66,
        "activePlayerCount": 122,
        "LinkVideo": "https://files.catbox.moe/ax5rj8.webm",
        "LinkMp3": "https://files.catbox.moe/i0ctuk.mp3",
        "annId": 3529
    },
    {
        "animeEng": "Digimon Adventure 02",
        "animeRomaji": "Digimon Adventure 02",
        "songName": "Break Up!",
        "artist": "Ayumi Miyazaki",
        "type": "Insert Song",
        "correctCount": 34,
        "startTime": 70,
        "songDuration": 116.088,
        "songNumber": 67,
        "activePlayerCount": 123,
        "LinkVideo": "https://files.catbox.moe/e1u9yo.webm",
        "LinkMp3": "https://files.catbox.moe/zjwcwh.mp3",
        "annId": 2170
    },
    {
        "animeEng": "Rainy Cocoa",
        "animeRomaji": "Ame-iro Cocoa",
        "songName": "Rainy cocoa",
        "artist": "Hiro Shimono",
        "type": "Opening 1",
        "correctCount": 65,
        "startTime": 0,
        "songDuration": 29.4,
        "songNumber": 68,
        "activePlayerCount": 124,
        "LinkVideo": "https://files.catbox.moe/np1p5l.webm",
        "LinkMp3": "https://files.catbox.moe/cf8b8q.mp3",
        "annId": 16647
    },
    {
        "animeEng": "Be Forever Yamato",
        "animeRomaji": "Yamato yo Towa ni",
        "songName": "Ai no Seimei",
        "artist": "Hiromi Iwasaki",
        "type": "Insert Song",
        "correctCount": 1,
        "startTime": 15,
        "songDuration": 86.069333,
        "songNumber": 69,
        "activePlayerCount": 124,
        "LinkVideo": "https://files.catbox.moe/0f5gpe.webm",
        "LinkMp3": "https://files.catbox.moe/gbbolg.mp3",
        "annId": 3654,
        "correctPlayers": [
            "Anaruwaifu"
        ]
    },
    {
        "animeEng": "Nyaruko: Crawling with Love! F",
        "animeRomaji": "Haiyore! Nyaruko-san F",
        "songName": "Taiyou Iwaku Moeyo Chaos",
        "artist": "Ushiro kara Haiyori-tai G",
        "type": "Insert Song",
        "correctCount": 93,
        "startTime": 29,
        "songDuration": 66.144,
        "songNumber": 70,
        "activePlayerCount": 124,
        "LinkVideo": "https://files.catbox.moe/gi662c.webm",
        "LinkMp3": "https://files.catbox.moe/wq10yw.mp3",
        "annId": 16604
    },
    {
        "animeEng": "The Sacred Blacksmith",
        "animeRomaji": "Seiken no Blacksmith",
        "songName": "JUSTICE of LIGHT",
        "artist": "Mayumi Goj\u014d",
        "type": "Opening 1",
        "correctCount": 13,
        "startTime": 23,
        "songDuration": 88.056,
        "songNumber": 71,
        "activePlayerCount": 123,
        "LinkVideo": "https://files.catbox.moe/7i87dy.webm",
        "LinkMp3": "https://files.catbox.moe/20bc1y.mp3",
        "annId": 10874
    },
    {
        "animeEng": "Tokyo Ghoul: Root A",
        "animeRomaji": "Tokyo Ghoul \u221aA",
        "songName": "Alone",
        "artist": "Julia Shortreed",
        "type": "Insert Song",
        "correctCount": 23,
        "startTime": 40,
        "songDuration": 86.88,
        "songNumber": 72,
        "activePlayerCount": 123,
        "LinkVideo": "https://files.catbox.moe/najxhw.webm",
        "LinkMp3": "https://files.catbox.moe/czl215.mp3",
        "annId": 16318
    },
    {
        "animeEng": "Earl and Fairy",
        "animeRomaji": "Hakushaku to Y\u014dsei",
        "songName": "my fairy",
        "artist": "Hikaru Midorikawa",
        "type": "Ending 1",
        "correctCount": 0,
        "startTime": 25,
        "songDuration": 88.752,
        "songNumber": 73,
        "activePlayerCount": 123,
        "LinkVideo": "https://files.catbox.moe/lmfkhe.webm",
        "LinkMp3": "https://files.catbox.moe/wp7wbv.mp3",
        "annId": 9420
    },
    {
        "animeEng": "Manga de Wakaru! Fate/Grand Order",
        "animeRomaji": "Manga de Wakaru! Fate/Grand Order",
        "songName": "Mawaseba Wakaru! FGO",
        "artist": "Tomoko Kaneda",
        "type": "Opening 1",
        "correctCount": 77,
        "startTime": 0,
        "songDuration": 28.464,
        "songNumber": 74,
        "activePlayerCount": 121,
        "LinkVideo": "https://files.catbox.moe/dh9unv.webm",
        "LinkMp3": "https://files.catbox.moe/tqoytk.mp3",
        "annId": 21942
    },
    {
        "animeEng": "Tantei Kageki Milky Holmes TD",
        "animeRomaji": "Tantei Kageki Milky Holmes TD",
        "songName": "Mi Taiken World!",
        "artist": "Milky Holmes",
        "type": "Insert Song",
        "correctCount": 10,
        "startTime": 133,
        "songDuration": 233.304,
        "songNumber": 75,
        "activePlayerCount": 122,
        "LinkVideo": "https://files.catbox.moe/zheo6y.webm",
        "LinkMp3": "https://files.catbox.moe/tisccq.mp3",
        "annId": 16300
    },
    {
        "animeEng": "Land of the Lustrous",
        "animeRomaji": "H\u014dseki no Kuni",
        "songName": "Kirameku Hamabe",
        "artist": "Yuiko Ohara",
        "type": "Ending 1",
        "correctCount": 33,
        "startTime": 0,
        "songDuration": 89.04,
        "songNumber": 76,
        "activePlayerCount": 122,
        "LinkVideo": "https://files.catbox.moe/vsina2.webm",
        "LinkMp3": "https://files.catbox.moe/aca9v9.mp3",
        "annId": 19614
    },
    {
        "animeEng": "Ace Attorney Season 2",
        "animeRomaji": "Gyakuten Saiban: Sono \"Shinjitsu\", Igi Ari! Season 2",
        "songName": "Reason",
        "artist": "Tomohisa Yamashita",
        "type": "Opening 2",
        "correctCount": 19,
        "startTime": 56,
        "songDuration": 88.42297,
        "songNumber": 77,
        "activePlayerCount": 123,
        "LinkVideo": "https://files.catbox.moe/bqozt8.webm",
        "LinkMp3": "https://files.catbox.moe/fsp1rq.mp3",
        "annId": 21192
    },
    {
        "animeEng": "A.D. Police",
        "animeRomaji": "A.D. Police",
        "songName": "Imaginary Girl",
        "artist": "Infix",
        "type": "Opening 1",
        "correctCount": 2,
        "startTime": 8,
        "songDuration": 73.008,
        "songNumber": 78,
        "activePlayerCount": 123,
        "LinkVideo": "https://files.catbox.moe/ns1rko.webm",
        "LinkMp3": "https://files.catbox.moe/9a3x47.mp3",
        "annId": 292,
        "correctPlayers": [
            "TKN",
            "LesPatissieres"
        ]
    },
    {
        "animeEng": "Silver Spoon",
        "animeRomaji": "Gin no Saji",
        "songName": "kiss you",
        "artist": "miwa",
        "type": "Opening 1",
        "correctCount": 62,
        "startTime": 6,
        "songDuration": 89.064,
        "songNumber": 79,
        "activePlayerCount": 124,
        "LinkVideo": "https://files.catbox.moe/0dch62.webm",
        "LinkMp3": "https://files.catbox.moe/q6029g.mp3",
        "annId": 15017
    },
    {
        "animeEng": "Junji Ito Collection",
        "animeRomaji": "Ito Junji: Collection",
        "songName": "Shichitenbatt\u014d no Blues",
        "artist": "THE PINBALLS",
        "type": "Opening 1",
        "correctCount": 30,
        "startTime": 22,
        "songDuration": 89.688,
        "songNumber": 80,
        "activePlayerCount": 124,
        "LinkVideo": "https://files.catbox.moe/c4nun2.webm",
        "LinkMp3": "https://files.catbox.moe/8mwx1f.mp3",
        "annId": 20207
    },
    {
        "animeEng": "Yuruyuri - Happy Go Lily",
        "animeRomaji": "Yuru Yuri",
        "songName": "Majokko Mirakurun\u266a",
        "artist": "Ayana Taketatsu",
        "type": "Insert Song",
        "correctCount": 57,
        "startTime": 0,
        "songDuration": 42.432,
        "songNumber": 81,
        "activePlayerCount": 122,
        "LinkVideo": "https://files.catbox.moe/uksyhs.webm",
        "LinkMp3": "https://files.catbox.moe/51zwic.mp3",
        "annId": 12828
    },
    {
        "animeEng": "Umineko: When They Cry",
        "animeRomaji": "Umineko no Naku Koro ni",
        "songName": "Dokkyun Heart",
        "artist": "Marina Inoue",
        "type": "Insert Song",
        "correctCount": 40,
        "startTime": 2,
        "songDuration": 45.112694,
        "songNumber": 82,
        "activePlayerCount": 123,
        "LinkVideo": "https://files.catbox.moe/reixnc.webm",
        "LinkMp3": "https://files.catbox.moe/ftz58s.mp3",
        "annId": 10168
    },
    {
        "animeEng": "Wake Up, Girls! Seishun no Kage",
        "animeRomaji": "Wake Up, Girls! Seishun no Kage",
        "songName": "Tachiagare!",
        "artist": "Wake Up, Girls!",
        "type": "Insert Song",
        "correctCount": 73,
        "startTime": 0,
        "songDuration": 40.410734,
        "songNumber": 83,
        "activePlayerCount": 123,
        "LinkVideo": "https://files.catbox.moe/pttts0.webm",
        "LinkMp3": "https://files.catbox.moe/b9n01n.mp3",
        "annId": 16635
    },
    {
        "animeEng": "Jing: King of Bandits",
        "animeRomaji": "King of Bandit Jing",
        "songName": "GOOD BYE X'MAS DAY",
        "artist": "Scudelia Electro",
        "type": "Insert Song",
        "correctCount": 1,
        "startTime": 25,
        "songDuration": 63.267484,
        "songNumber": 84,
        "activePlayerCount": 124,
        "LinkVideo": "https://files.catbox.moe/w46g23.webm",
        "LinkMp3": "https://files.catbox.moe/k6ssi8.mp3",
        "annId": 864,
        "correctPlayers": [
            "LesPatissieres"
        ]
    },
    {
        "animeEng": "Magi: The Kingdom of Magic",
        "animeRomaji": "Magi: The Kingdom of Magic",
        "songName": "HIKARI",
        "artist": "ViViD",
        "type": "Opening 2",
        "correctCount": 38,
        "startTime": 13,
        "songDuration": 90.36,
        "songNumber": 85,
        "activePlayerCount": 123,
        "LinkVideo": "https://files.catbox.moe/0f292l.webm",
        "LinkMp3": "https://files.catbox.moe/9rcowp.mp3",
        "annId": 15543
    }
]