[
    {
        "animeEng": "Apocalypse Zero",
        "animeRomaji": "Kakugo no Susume",
        "songName": "Kakugo Kanry\u014d!",
        "artist": "Hironobu Kageyama",
        "type": "Ending 1",
        "correctCount": 4,
        "startTime": 168,
        "songDuration": 243.768,
        "songNumber": 1,
        "activePlayerCount": 191,
        "LinkVideo": "https://files.catbox.moe/kkziy5.webm",
        "LinkMp3": "https://files.catbox.moe/u419gd.mp3",
        "annId": 2,
        "correctPlayers": [
            "KonoDioda1",
            "HonooNoViolence",
            "Zurer",
            "Fairy9"
        ]
    },
    {
        "animeEng": "Saint Seiya: The Heated Battle of the Gods",
        "animeRomaji": "Saint Seiya: Kamigami no Atsuki Tatakai",
        "songName": "Pegasus Fantasy",
        "artist": "MAKE-UP",
        "type": "Opening 1",
        "correctCount": 167,
        "startTime": 42,
        "songDuration": 82.968,
        "songNumber": 2,
        "activePlayerCount": 199,
        "LinkVideo": "https://files.catbox.moe/w7t8yo.webm",
        "LinkMp3": "https://files.catbox.moe/pqfrcp.mp3",
        "annId": 3330
    },
    {
        "animeEng": "Be-Bop-Highschool",
        "animeRomaji": "Be-Bop-Highschool",
        "songName": "Ikashita Good Motion",
        "artist": "COOLS",
        "type": "Ending 2",
        "correctCount": 10,
        "startTime": 96,
        "songDuration": 134.04,
        "songNumber": 3,
        "activePlayerCount": 206,
        "LinkVideo": "https://files.catbox.moe/ft5vbi.webm",
        "LinkMp3": "https://files.catbox.moe/f0xro2.mp3",
        "annId": 3294
    },
    {
        "animeEng": "First Love Monster",
        "animeRomaji": "Hatsukoi Monster",
        "songName": "LOVE Song TO Kaho",
        "artist": "Takahiro Sakurai",
        "type": "Insert Song",
        "correctCount": 9,
        "startTime": 26,
        "songDuration": 66.96,
        "songNumber": 4,
        "activePlayerCount": 209,
        "LinkVideo": "https://files.catbox.moe/auyv1m.webm",
        "LinkMp3": "https://files.catbox.moe/6zekmu.mp3",
        "annId": 17236
    },
    {
        "animeEng": "Mashiro-iro Symphony: The color of lovers",
        "animeRomaji": "Mashiro-iro Symphony: The color of lovers",
        "songName": "Authentic symphony",
        "artist": "ChouCho",
        "type": "Opening 1",
        "correctCount": 37,
        "startTime": 19,
        "songDuration": 89.064,
        "songNumber": 5,
        "activePlayerCount": 205,
        "LinkVideo": "https://files.catbox.moe/j9n4a6.webm",
        "LinkMp3": "https://files.catbox.moe/z7ngrr.mp3",
        "annId": 12570
    },
    {
        "animeEng": "One Piece: Defeat The Pirate Ganzak!",
        "animeRomaji": "One Piece: Taose! Kaizoku Ganzak",
        "songName": "Grand Line",
        "artist": "Chie & Mar-kun",
        "type": "Ending 1",
        "correctCount": 10,
        "startTime": 41,
        "songDuration": 158.424,
        "songNumber": 6,
        "activePlayerCount": 204,
        "LinkVideo": "https://files.catbox.moe/8f2pzj.webm",
        "LinkMp3": "https://files.catbox.moe/smf467.mp3",
        "annId": 6358
    },
    {
        "animeEng": "Fate/kaleid liner Prisma\u2606Illya 2wei!",
        "animeRomaji": "Fate/kaleid liner Prisma\u2606Illya 2wei!",
        "songName": "moving soul",
        "artist": "Minami Kuribayashi",
        "type": "Opening 1",
        "correctCount": 80,
        "startTime": 44,
        "songDuration": 87.504,
        "songNumber": 7,
        "activePlayerCount": 206,
        "LinkVideo": "https://files.catbox.moe/f5ny75.webm",
        "LinkMp3": "https://files.catbox.moe/2acsys.mp3",
        "annId": 15630
    },
    {
        "animeEng": "Two Car",
        "animeRomaji": "Two Car",
        "songName": "Heart to Heart",
        "artist": "Sphere",
        "type": "Opening 1",
        "correctCount": 12,
        "startTime": 55,
        "songDuration": 89.064,
        "songNumber": 8,
        "activePlayerCount": 206,
        "LinkVideo": "https://files.catbox.moe/d1d2ps.webm",
        "LinkMp3": "https://files.catbox.moe/9krdjr.mp3",
        "annId": 19974
    },
    {
        "animeEng": "Pyu to Fuku! Jaguar: Ima, Fuki ni Yukimasu",
        "animeRomaji": "Pyu to Fuku! Jaguar: Ima, Fuki ni Yukimasu",
        "songName": "Katherine ~Girls Never Know~",
        "artist": "Franz Ferdinand",
        "type": "Ending 1",
        "correctCount": 5,
        "startTime": 3,
        "songDuration": 218.352,
        "songNumber": 9,
        "activePlayerCount": 209,
        "LinkVideo": "https://files.catbox.moe/cc8g09.webm",
        "LinkMp3": "https://files.catbox.moe/6kff8j.mp3",
        "annId": 10284,
        "correctPlayers": [
            "mistercake",
            "Kaani",
            "Stunar",
            "ozsauce",
            "watashiii"
        ]
    },
    {
        "animeEng": "Fantasista Stella",
        "animeRomaji": "Fantasista Stella",
        "songName": "Goin' on",
        "artist": "GOLD RUSH",
        "type": "Opening 1",
        "correctCount": 11,
        "startTime": 0,
        "songDuration": 26.64,
        "songNumber": 10,
        "activePlayerCount": 210,
        "LinkVideo": "https://files.catbox.moe/coka7y.webm",
        "LinkMp3": "https://files.catbox.moe/x8lz04.mp3",
        "annId": 16489
    },
    {
        "animeEng": "Detective Conan: A Challenge from Agasa",
        "animeRomaji": "Meitantei Conan: Agasa kara no Ch\u014dsenj\u014d! Agasa vs. Conan & Sh\u014dnen Tanteidan",
        "songName": "Shiroi Yuki",
        "artist": "Mai Kuraki",
        "type": "Ending 1",
        "correctCount": 58,
        "startTime": 29,
        "songDuration": 83.928,
        "songNumber": 11,
        "activePlayerCount": 211,
        "LinkVideo": "https://files.catbox.moe/7ufiur.webm",
        "LinkMp3": "https://files.catbox.moe/nkklac.mp3",
        "annId": 8767
    },
    {
        "animeEng": "MegaMan NT Warrior",
        "animeRomaji": "Rockman.EXE",
        "songName": "Kaze o Tsukinukete",
        "artist": "Jin Hashimoto",
        "type": "Opening 1",
        "correctCount": 21,
        "startTime": 48,
        "songDuration": 88.109506,
        "songNumber": 12,
        "activePlayerCount": 213,
        "LinkVideo": "https://files.catbox.moe/g2lx3u.webm",
        "LinkMp3": "https://files.catbox.moe/3jtcz2.mp3",
        "annId": 2259
    },
    {
        "animeEng": "Magia Record: Puella Magi Madoka Magica Side Story",
        "animeRomaji": "Magia Record: Mah\u014d Sh\u014djo Madoka\u2606Magica Gaiden",
        "songName": "Point 10-bai",
        "artist": "Point Girls",
        "type": "Insert Song",
        "correctCount": 38,
        "startTime": 26,
        "songDuration": 60.072,
        "songNumber": 13,
        "activePlayerCount": 212,
        "LinkVideo": "https://files.catbox.moe/32y4b0.webm",
        "LinkMp3": "https://files.catbox.moe/ur8fne.mp3",
        "annId": 22009
    },
    {
        "animeEng": "Don't Lose, Makendo!",
        "animeRomaji": "Makeruna! Makendo",
        "songName": "Sayonara ja Nai",
        "artist": "Kotono Mitsuishi",
        "type": "Ending 1",
        "correctCount": 1,
        "startTime": 104,
        "songDuration": 149.856,
        "songNumber": 14,
        "activePlayerCount": 211,
        "LinkVideo": "https://files.catbox.moe/8w7m0s.webm",
        "LinkMp3": "https://files.catbox.moe/wmyxvv.mp3",
        "annId": 7148,
        "correctPlayers": [
            "ozsauce"
        ]
    },
    {
        "animeEng": "Kuroko's Basketball",
        "animeRomaji": "Kuroko no Basuke",
        "songName": "Catal Rhythm",
        "artist": "OLDCODEX",
        "type": "Ending 2",
        "correctCount": 46,
        "startTime": 5,
        "songDuration": 87.792,
        "songNumber": 15,
        "activePlayerCount": 212,
        "LinkVideo": "https://files.catbox.moe/4e6kmy.webm",
        "LinkMp3": "https://files.catbox.moe/zxp7k9.mp3",
        "annId": 13616
    },
    {
        "animeEng": "When They Cry Rei",
        "animeRomaji": "Higurashi no Naku Koro ni Rei",
        "songName": "Super scription of data",
        "artist": "Eiko Shimamiya",
        "type": "Opening 1",
        "correctCount": 112,
        "startTime": 48,
        "songDuration": 91.536,
        "songNumber": 16,
        "activePlayerCount": 216,
        "LinkVideo": "https://files.catbox.moe/a04x4b.webm",
        "LinkMp3": "https://files.catbox.moe/swvx6q.mp3",
        "annId": 9199
    },
    {
        "animeEng": "Ikki Tousen in Kyoto",
        "animeRomaji": "Ikkitousen in Kyoto",
        "songName": "FATE ~on the way~",
        "artist": "MAI-AMI",
        "type": "Ending 1",
        "correctCount": 9,
        "startTime": 134,
        "songDuration": 292.152,
        "songNumber": 17,
        "activePlayerCount": 217,
        "LinkVideo": "https://files.catbox.moe/tvzf35.webm",
        "LinkMp3": "https://files.catbox.moe/ao6hh5.mp3",
        "annId": 13286
    },
    {
        "animeEng": "Demon Fighter Kocho",
        "animeRomaji": "Yakusai Kocho",
        "songName": "Yakusai Kochou",
        "artist": "Hiroko Asakawa",
        "type": "Ending 1",
        "correctCount": 3,
        "startTime": 29,
        "songDuration": 210.672,
        "songNumber": 18,
        "activePlayerCount": 217,
        "LinkVideo": "https://files.catbox.moe/q3wv4w.webm",
        "LinkMp3": "https://files.catbox.moe/nfcj3u.mp3",
        "annId": 1124,
        "correctPlayers": [
            "Zurer",
            "Fairy9",
            "ozsauce"
        ]
    },
    {
        "animeEng": "Pok\u00e9mon: Advanced",
        "animeRomaji": "Pocket Monsters: Advanced Generation",
        "songName": "Mezase Pokemon Master 2001",
        "artist": "Rica Matsumoto",
        "type": "Insert Song",
        "correctCount": 46,
        "startTime": 67,
        "songDuration": 98.064,
        "songNumber": 19,
        "activePlayerCount": 217,
        "LinkVideo": "https://files.catbox.moe/0sceh7.webm",
        "LinkMp3": "https://files.catbox.moe/qy6558.mp3",
        "annId": 1873
    },
    {
        "animeEng": "City Hunter: Million Dollar Conspiracy",
        "animeRomaji": "City Hunter: Hyakuman Dollar no Inbou",
        "songName": "ONLY IN MY DREAMS",
        "artist": "Yurie Kokubu",
        "type": "Insert Song",
        "correctCount": 2,
        "startTime": 55,
        "songDuration": 83.472,
        "songNumber": 20,
        "activePlayerCount": 216,
        "LinkVideo": "https://files.catbox.moe/9y25be.webm",
        "LinkMp3": "https://files.catbox.moe/xs7umf.mp3",
        "annId": 550,
        "correctPlayers": [
            "Zurer",
            "Yuwuzu"
        ]
    },
    {
        "animeEng": "Tales of Zestiria the X",
        "animeRomaji": "Tales of Zestiria the X",
        "songName": "White Light",
        "artist": "Superfly",
        "type": "Insert Song",
        "correctCount": 85,
        "startTime": 70,
        "songDuration": 129.72,
        "songNumber": 21,
        "activePlayerCount": 216,
        "LinkVideo": "https://files.catbox.moe/vmcvey.webm",
        "LinkMp3": "https://files.catbox.moe/1c76fa.mp3",
        "annId": 18072
    },
    {
        "animeEng": "Upotte!!",
        "animeRomaji": "Upotte!!",
        "songName": "Motto Motto Motto",
        "artist": "Kaori Sadohara",
        "type": "Insert Song",
        "correctCount": 3,
        "startTime": 19,
        "songDuration": 92.856,
        "songNumber": 22,
        "activePlayerCount": 216,
        "LinkVideo": "https://files.catbox.moe/l9qc8q.webm",
        "LinkMp3": "https://files.catbox.moe/66pq6i.mp3",
        "annId": 14100,
        "correctPlayers": [
            "HakRaiju",
            "Shuuka",
            "ozsauce"
        ]
    },
    {
        "animeEng": "Gundam Reconguista in G",
        "animeRomaji": "Gundam G no Reconguista",
        "songName": "BLAZING",
        "artist": "GARNiDELiA",
        "type": "Opening 1",
        "correctCount": 55,
        "startTime": 57,
        "songDuration": 88.68,
        "songNumber": 23,
        "activePlayerCount": 216,
        "LinkVideo": "https://files.catbox.moe/tfl545.webm",
        "LinkMp3": "https://files.catbox.moe/f2eql2.mp3",
        "annId": 16104
    },
    {
        "animeEng": "Wild Arms: Twilight Venom",
        "animeRomaji": "Wild Arms: Twilight Venom",
        "songName": "Main Theme",
        "artist": "Sho Wada",
        "type": "Opening 1",
        "correctCount": 5,
        "startTime": 20,
        "songDuration": 59.448,
        "songNumber": 24,
        "activePlayerCount": 217,
        "LinkVideo": "https://files.catbox.moe/cpi3qs.webm",
        "LinkMp3": "https://files.catbox.moe/rriefi.mp3",
        "annId": 1025,
        "correctPlayers": [
            "Rukawa11",
            "klusty",
            "ThaIeko",
            "ozsauce",
            "watashiii"
        ]
    },
    {
        "animeEng": "Kengan Ashura",
        "animeRomaji": "Kengan Ashura",
        "songName": "KING & ASHLEY",
        "artist": "MY FIRST STORY",
        "type": "Opening 1",
        "correctCount": 31,
        "startTime": 38,
        "songDuration": 88.656,
        "songNumber": 25,
        "activePlayerCount": 219,
        "LinkVideo": "https://files.catbox.moe/55m1qm.webm",
        "LinkMp3": "https://files.catbox.moe/46o8x3.mp3",
        "annId": 20427
    },
    {
        "animeEng": "Attack on Titan Season 3",
        "animeRomaji": "Shingeki no Kyojin Season 3",
        "songName": "Akatsuki no Requiem",
        "artist": "Linked Horizon",
        "type": "Ending 1",
        "correctCount": 124,
        "startTime": 14,
        "songDuration": 87.552,
        "songNumber": 26,
        "activePlayerCount": 220,
        "LinkVideo": "https://files.catbox.moe/bzdtuk.webm",
        "LinkMp3": "https://files.catbox.moe/a2sbl7.mp3",
        "annId": 19819
    },
    {
        "animeEng": "Concrete Revolutio",
        "animeRomaji": "Concrete Revolutio: Ch\u014djin Gens\u014d",
        "songName": "Gens\u014d Revolution",
        "artist": "Mountain Horse",
        "type": "Insert Song",
        "correctCount": 6,
        "startTime": 3,
        "songDuration": 31.2,
        "songNumber": 27,
        "activePlayerCount": 220,
        "LinkVideo": "https://files.catbox.moe/exlxee.webm",
        "LinkMp3": "https://files.catbox.moe/98eyse.mp3",
        "annId": 17260
    },
    {
        "animeEng": "Wake Up, Girls! Seishun no Kage",
        "animeRomaji": "Wake Up, Girls! Seishun no Kage",
        "songName": "Sh\u014djo K\u014dky\u014dkyoku",
        "artist": "Wake Up, Girls!",
        "type": "Ending 1",
        "correctCount": 18,
        "startTime": 34,
        "songDuration": 319.608,
        "songNumber": 28,
        "activePlayerCount": 220,
        "LinkVideo": "https://files.catbox.moe/wt3kq1.webm",
        "LinkMp3": "https://files.catbox.moe/fo20cw.mp3",
        "annId": 16635
    },
    {
        "animeEng": "Strike Witches: Road to Berlin",
        "animeRomaji": "Dai-501 T\u014dg\u014d Sent\u014d K\u014dkuu-dan Strike Witches: Road to Berlin",
        "songName": "Yuuki no Tsubasa",
        "artist": "Yoko Ishida",
        "type": "Opening 1",
        "correctCount": 12,
        "startTime": 9,
        "songDuration": 88.272,
        "songNumber": 29,
        "activePlayerCount": 220,
        "LinkVideo": "https://files.catbox.moe/2jqctu.webm",
        "LinkMp3": "https://files.catbox.moe/xb2epa.mp3",
        "annId": 21189
    },
    {
        "animeEng": "Hidamari Sketch",
        "animeRomaji": "Hidamari Sketch",
        "songName": "Okashi K\u014dj\u014d",
        "artist": "Yuuko Got\u014d",
        "type": "Insert Song",
        "correctCount": 21,
        "startTime": 0,
        "songDuration": 28.992,
        "songNumber": 30,
        "activePlayerCount": 220,
        "LinkVideo": "https://files.catbox.moe/yqhme5.webm",
        "LinkMp3": "https://files.catbox.moe/uxne87.mp3",
        "annId": 6811
    },
    {
        "animeEng": "Barefoot Gen 2",
        "animeRomaji": "Hadashi no Gen 2",
        "songName": "Hadashi no Gen 2 Opening Theme",
        "artist": "Nobuaki Takahashi",
        "type": "Opening 1",
        "correctCount": 14,
        "startTime": 16,
        "songDuration": 111.144,
        "songNumber": 31,
        "activePlayerCount": 219,
        "LinkVideo": "https://files.catbox.moe/1ntikc.webm",
        "LinkMp3": "https://files.catbox.moe/zy3hta.mp3",
        "annId": 4180
    },
    {
        "animeEng": "Handa-kun",
        "animeRomaji": "Handa-kun",
        "songName": "The LiBERTY",
        "artist": "Fo'xTails",
        "type": "Opening 1",
        "correctCount": 50,
        "startTime": 3,
        "songDuration": 89.328,
        "songNumber": 32,
        "activePlayerCount": 218,
        "LinkVideo": "https://files.catbox.moe/jqaca1.webm",
        "LinkMp3": "https://files.catbox.moe/kochih.mp3",
        "annId": 18139
    },
    {
        "animeEng": "Made in Abyss: Dawn of the Deep Soul",
        "animeRomaji": "Made in Abyss: Fukaki Tamashii no Reimei",
        "songName": "Transcendance and Hanezeve",
        "artist": "Kevin Penkin ft. Takeshi Saito",
        "type": "Insert Song",
        "correctCount": 46,
        "startTime": 383,
        "songDuration": 440.04,
        "songNumber": 33,
        "activePlayerCount": 218,
        "LinkVideo": "https://files.catbox.moe/huaqk2.webm",
        "LinkMp3": "https://files.catbox.moe/hbl279.mp3",
        "annId": 21731
    },
    {
        "animeEng": "Macross Frontier: Sayonara no Tsubasa",
        "animeRomaji": "Macross Frontier: Sayonara no Tsubasa",
        "songName": "Diamond Crevasse",
        "artist": "May'n",
        "type": "Insert Song",
        "correctCount": 62,
        "startTime": 47,
        "songDuration": 117.504,
        "songNumber": 34,
        "activePlayerCount": 217,
        "LinkVideo": "https://files.catbox.moe/z1g54x.webm",
        "LinkMp3": "https://files.catbox.moe/439oaq.mp3",
        "annId": 11821
    },
    {
        "animeEng": "The Relative Worlds",
        "animeRomaji": "S\u014dtai Sekai",
        "songName": "ChiruChiru",
        "artist": "REOL",
        "type": "Ending 1",
        "correctCount": 63,
        "startTime": 13,
        "songDuration": 69.072,
        "songNumber": 35,
        "activePlayerCount": 216,
        "LinkVideo": "https://files.catbox.moe/s6a064.webm",
        "LinkMp3": "https://files.catbox.moe/374qpj.mp3",
        "annId": 19419
    },
    {
        "animeEng": "Active Raid Second",
        "animeRomaji": "Active Raid: Kid\u014d Ky\u014dshuushitsu Dai-Hakkei 2nd",
        "songName": "Mivv\u2661Dream",
        "artist": "Maaya Uchida",
        "type": "Insert Song",
        "correctCount": 9,
        "startTime": 31,
        "songDuration": 81.6,
        "songNumber": 36,
        "activePlayerCount": 215,
        "LinkVideo": "https://files.catbox.moe/gyxoo8.webm",
        "LinkMp3": "https://files.catbox.moe/r60rsp.mp3",
        "annId": 18458
    },
    {
        "animeEng": "Nurse Witch Komugi",
        "animeRomaji": "Nurse Witch Komugi-chan Magikarte",
        "songName": "Komugi Kibun de Rock 'n' Roll",
        "artist": "Haruko Momoi",
        "type": "Insert Song",
        "correctCount": 68,
        "startTime": 13,
        "songDuration": 42.6,
        "songNumber": 37,
        "activePlayerCount": 215,
        "LinkVideo": "https://files.catbox.moe/c2gpsx.webm",
        "LinkMp3": "https://files.catbox.moe/mu621b.mp3",
        "annId": 2660
    },
    {
        "animeEng": "Junji Ito Collection",
        "animeRomaji": "Ito Junji: Collection",
        "songName": "Shichitenbatt\u014d no Blues",
        "artist": "THE PINBALLS",
        "type": "Opening 1",
        "correctCount": 58,
        "startTime": 24,
        "songDuration": 89.688,
        "songNumber": 38,
        "activePlayerCount": 215,
        "LinkVideo": "https://files.catbox.moe/c4nun2.webm",
        "LinkMp3": "https://files.catbox.moe/8mwx1f.mp3",
        "annId": 20207
    },
    {
        "animeEng": "Tamayura: More Aggressive",
        "animeRomaji": "Tamayura: More Aggressive",
        "songName": "Arigat\u014d",
        "artist": "Megumi Nakajima",
        "type": "Ending 1",
        "correctCount": 9,
        "startTime": 60,
        "songDuration": 98.952,
        "songNumber": 39,
        "activePlayerCount": 216,
        "LinkVideo": "https://files.catbox.moe/pcye93.webm",
        "LinkMp3": "https://files.catbox.moe/cltjga.mp3",
        "annId": 15126
    },
    {
        "animeEng": "Ai-Mai-Mi M\u014ds\u014d Catastrophe",
        "animeRomaji": "Choboraunyopomi Gekij\u014d Dainimaku Ai Mai Mi: M\u014ds\u014d Catastrophe",
        "songName": "Hyakka Ryuurei",
        "artist": "Aya Uchida, Maaya Uchida, Yuka \u014ctsubo",
        "type": "Insert Song",
        "correctCount": 11,
        "startTime": 15,
        "songDuration": 58.92,
        "songNumber": 40,
        "activePlayerCount": 215,
        "LinkVideo": "https://files.catbox.moe/7bocsp.webm",
        "LinkMp3": "https://files.catbox.moe/874qvx.mp3",
        "annId": 16093
    },
    {
        "animeEng": "Non Non Biyori Nonstop",
        "animeRomaji": "Non Non Biyori Nonstop",
        "songName": "Tadaima",
        "artist": "Kotori Koiwai, Rie Murakawa, Ayane Sakura, Kana Asumi",
        "type": "Ending 1",
        "correctCount": 24,
        "startTime": 12,
        "songDuration": 89.064,
        "songNumber": 41,
        "activePlayerCount": 215,
        "LinkVideo": "https://files.catbox.moe/atpojy.webm",
        "LinkMp3": "https://files.catbox.moe/q23sx7.mp3",
        "annId": 22215
    },
    {
        "animeEng": "Love Live! Sunshine!!",
        "animeRomaji": "Love Live! School Idol Project Sunshine!!",
        "songName": "Mijuku Dreamer",
        "artist": "Aqours",
        "type": "Insert Song",
        "correctCount": 41,
        "startTime": 45,
        "songDuration": 189.048,
        "songNumber": 42,
        "activePlayerCount": 216,
        "LinkVideo": "https://files.catbox.moe/xjn5d2.webm",
        "LinkMp3": "https://files.catbox.moe/q0vqfd.mp3",
        "annId": 17985
    },
    {
        "animeEng": "anohana: The Flower We Saw That Day",
        "animeRomaji": "Ano Hi Mita Hana no Namae o Boku-tachi wa Mada Shiranai.",
        "songName": "Aoi Shiori",
        "artist": "Galileo Galilei",
        "type": "Opening 1",
        "correctCount": 178,
        "startTime": 6,
        "songDuration": 88.128,
        "songNumber": 43,
        "activePlayerCount": 216,
        "LinkVideo": "https://files.catbox.moe/vkay2g.webm",
        "LinkMp3": "https://files.catbox.moe/1iu7vv.mp3",
        "annId": 12368
    },
    {
        "animeEng": "JoJo's Bizarre Adventure",
        "animeRomaji": "JoJo no Kimy\u014d na B\u014dken",
        "songName": "Il mare eterno nella mia anima",
        "artist": "Kohei Yamamoto",
        "type": "Insert Song",
        "correctCount": 29,
        "startTime": 34,
        "songDuration": 221.566804,
        "songNumber": 44,
        "activePlayerCount": 216,
        "LinkVideo": "https://files.catbox.moe/uwc5v2.webm",
        "LinkMp3": "https://files.catbox.moe/fw4ea6.mp3",
        "annId": 14445
    },
    {
        "animeEng": "Tamagotchi!",
        "animeRomaji": "Tamagotchi!",
        "songName": "GO-GO Tamagotchi!",
        "artist": "Yuko Gibu, Satomi Koorogi, Rie Kugimiya feat. Young Fresh",
        "type": "Opening 4",
        "correctCount": 22,
        "startTime": 28,
        "songDuration": 87.96,
        "songNumber": 45,
        "activePlayerCount": 215,
        "LinkVideo": "https://files.catbox.moe/snpr19.webm",
        "LinkMp3": "https://files.catbox.moe/fmrdkx.mp3",
        "annId": 10958
    },
    {
        "animeEng": "A Certain Scientific Accelerator",
        "animeRomaji": "Toaru Kagaku no Accelerator",
        "songName": "Shadow is the Light",
        "artist": "THE SIXTH LIE",
        "type": "Opening 1",
        "correctCount": 126,
        "startTime": 36,
        "songDuration": 87.552,
        "songNumber": 46,
        "activePlayerCount": 213,
        "LinkVideo": "https://files.catbox.moe/rj28m5.webm",
        "LinkMp3": "https://files.catbox.moe/cmijaj.mp3",
        "annId": 21485
    },
    {
        "animeEng": "Sherlock Hound",
        "animeRomaji": "Meitantei Holmes",
        "songName": "Sora Kara Koboreta Story",
        "artist": "Da Capo",
        "type": "Opening 1",
        "correctCount": 11,
        "startTime": 27,
        "songDuration": 93.312,
        "songNumber": 47,
        "activePlayerCount": 212,
        "LinkVideo": "https://files.catbox.moe/pg64mt.webm",
        "LinkMp3": "https://files.catbox.moe/rfgcta.mp3",
        "annId": 290
    },
    {
        "animeEng": "Salad Juu Yuushi Tomatoman",
        "animeRomaji": "Salad Juu Yuushi Tomatoman",
        "songName": "Vegetable My Love",
        "artist": "Saori Hareyama",
        "type": "Opening 1",
        "correctCount": 7,
        "startTime": 40,
        "songDuration": 82.368,
        "songNumber": 48,
        "activePlayerCount": 210,
        "LinkVideo": "https://files.catbox.moe/2m6c0w.webm",
        "LinkMp3": "https://files.catbox.moe/3a1swl.mp3",
        "annId": 1727
    },
    {
        "animeEng": "My Next Life as a Villainess: All Routes Lead to Doom! X",
        "animeRomaji": "Hamefura X",
        "songName": "Otome no Route wa Hitotsu ja Nai!",
        "artist": "angela",
        "type": "Ending 2",
        "correctCount": 146,
        "startTime": 5,
        "songDuration": 101.163,
        "songNumber": 49,
        "activePlayerCount": 210,
        "LinkVideo": "https://files.catbox.moe/5il96o.webm",
        "annId": 23895
    },
    {
        "animeEng": "Macross Dynamite 7",
        "animeRomaji": "Macross Dynamite 7",
        "songName": "Dynamite Explosion",
        "artist": "FIRE BOMBER",
        "type": "Opening 1",
        "correctCount": 79,
        "startTime": 34,
        "songDuration": 122.544,
        "songNumber": 50,
        "activePlayerCount": 211,
        "LinkVideo": "https://files.catbox.moe/716u18.webm",
        "LinkMp3": "https://files.catbox.moe/t7ddg0.mp3",
        "annId": 944
    },
    {
        "animeEng": "Yowamushi Pedal",
        "animeRomaji": "Yowamushi Pedal",
        "songName": "Reclimb",
        "artist": "ROOKIEZ is PUNK'D",
        "type": "Opening 1",
        "correctCount": 50,
        "startTime": 6,
        "songDuration": 88.176,
        "songNumber": 51,
        "activePlayerCount": 211,
        "LinkVideo": "https://files.catbox.moe/ddkyv6.webm",
        "LinkMp3": "https://files.catbox.moe/s2auf5.mp3",
        "annId": 15004
    },
    {
        "animeEng": "Force Five: Spaceketeers",
        "animeRomaji": "Science Fiction Saiyuuki Starzinger",
        "songName": "Hime no Tame Nara",
        "artist": "Koorogi '73",
        "type": "Ending 1",
        "correctCount": 0,
        "startTime": 7,
        "songDuration": 68.596372,
        "songNumber": 52,
        "activePlayerCount": 211,
        "LinkVideo": "https://files.catbox.moe/v9cbyv.webm",
        "LinkMp3": "https://files.catbox.moe/28h42k.mp3",
        "annId": 2612
    },
    {
        "animeEng": "KenIchi: The Mightiest Disciple",
        "animeRomaji": "Shij\u014d Saiky\u014d no Deshi Kenichi",
        "songName": "Catch Your Dream",
        "artist": "Joanna Koike",
        "type": "Ending 2",
        "correctCount": 7,
        "startTime": 30,
        "songDuration": 81.144,
        "songNumber": 53,
        "activePlayerCount": 210,
        "LinkVideo": "https://files.catbox.moe/2z5i0s.webm",
        "LinkMp3": "https://files.catbox.moe/q0u7pb.mp3",
        "annId": 6864
    },
    {
        "animeEng": "Fairy Ranmaru: Anata no Kokoro Otasuke Shimasu",
        "animeRomaji": "Fairy Ranmaru: Anata no Kokoro Otasuke Shimasu",
        "songName": "Ore no Kokoro wa Amamoyou",
        "artist": "Yutaka Balletta",
        "type": "Insert Song",
        "correctCount": 9,
        "startTime": 23,
        "songDuration": 71.52,
        "songNumber": 54,
        "activePlayerCount": 210,
        "LinkVideo": "https://files.catbox.moe/bk6956.webm",
        "LinkMp3": "https://files.catbox.moe/8ux7cn.mp3",
        "annId": 23933
    },
    {
        "animeEng": "Gokujyo.",
        "animeRomaji": "Gokujo. Gokurakuin Joshik\u014d Ry\u014d Monogatari",
        "songName": "Gokujo. no Jouken?",
        "artist": "Y\u014dko Hikasa, Maaya Uchida, Ayana Taketatsu, Satomi Akesaka",
        "type": "Opening 1",
        "correctCount": 48,
        "startTime": 1,
        "songDuration": 29.928,
        "songNumber": 55,
        "activePlayerCount": 210,
        "LinkVideo": "https://files.catbox.moe/a45u1m.webm",
        "LinkMp3": "https://files.catbox.moe/otmpo0.mp3",
        "annId": 13614
    },
    {
        "animeEng": "Katanagatari",
        "animeRomaji": "Katanagatari",
        "songName": "Toki Sude ni Hajimari o Kizamu",
        "artist": "Minami Kuribayashi",
        "type": "Ending 12",
        "correctCount": 23,
        "startTime": 9,
        "songDuration": 86.544,
        "songNumber": 56,
        "activePlayerCount": 210,
        "LinkVideo": "https://files.catbox.moe/ybghvp.webm",
        "LinkMp3": "https://files.catbox.moe/qtf7ib.mp3",
        "annId": 10765
    },
    {
        "animeEng": "LBX: Little Battlers eXperience",
        "animeRomaji": "Danball Senki",
        "songName": "Himitsu Kichi",
        "artist": "Hiroki Maekawa",
        "type": "Ending 2",
        "correctCount": 4,
        "startTime": 51,
        "songDuration": 84,
        "songNumber": 57,
        "activePlayerCount": 210,
        "LinkVideo": "https://files.catbox.moe/i7kovi.webm",
        "LinkMp3": "https://files.catbox.moe/o99cp9.mp3",
        "annId": 11038,
        "correctPlayers": [
            "Senapoppo",
            "burabe",
            "Ciala",
            "Kryuell"
        ]
    },
    {
        "animeEng": "Ajin: Demi-Human",
        "animeRomaji": "Ajin: Sh\u014dd\u014d",
        "songName": "Yoru wa Nemureru kai?",
        "artist": "flumpool",
        "type": "Ending 1",
        "correctCount": 116,
        "startTime": 130,
        "songDuration": 222.312,
        "songNumber": 58,
        "activePlayerCount": 208,
        "LinkVideo": "https://files.catbox.moe/hgiaaj.webm",
        "LinkMp3": "https://files.catbox.moe/0myo3t.mp3",
        "annId": 17176
    },
    {
        "animeEng": "Tales of the Abyss",
        "animeRomaji": "Tales of the Abyss",
        "songName": "Fuka",
        "artist": "Yukana",
        "type": "Insert Song",
        "correctCount": 6,
        "startTime": 19,
        "songDuration": 87.456,
        "songNumber": 59,
        "activePlayerCount": 208,
        "LinkVideo": "https://files.catbox.moe/7fd85h.webm",
        "LinkMp3": "https://files.catbox.moe/5sf5kt.mp3",
        "annId": 10149
    },
    {
        "animeEng": "High School Fleet: The Movie",
        "animeRomaji": "Haifuri Gekij\u014dban",
        "songName": "High Free Spirits",
        "artist": "TrySail",
        "type": "Insert Song",
        "correctCount": 98,
        "startTime": 16,
        "songDuration": 90.936,
        "songNumber": 60,
        "activePlayerCount": 208,
        "LinkVideo": "https://files.catbox.moe/9mkkl4.webm",
        "LinkMp3": "https://files.catbox.moe/lcmp9j.mp3",
        "annId": 22556
    },
    {
        "animeEng": "Tekkaman Blade",
        "animeRomaji": "Uchuu no Kishi Tekkaman Blade",
        "songName": "Gozen 0-ji",
        "artist": "Yumiko Kosaka",
        "type": "Insert Song",
        "correctCount": 3,
        "startTime": 110,
        "songDuration": 178.944,
        "songNumber": 61,
        "activePlayerCount": 208,
        "LinkVideo": "https://files.catbox.moe/2651zr.webm",
        "LinkMp3": "https://files.catbox.moe/yqe68a.mp3",
        "annId": 755,
        "correctPlayers": [
            "AlterMang",
            "Shuuka",
            "DHancock"
        ]
    },
    {
        "animeEng": "Air in Summer",
        "animeRomaji": "Air in Summer",
        "songName": "Farewell song",
        "artist": "Lia",
        "type": "Ending 1",
        "correctCount": 81,
        "startTime": 28,
        "songDuration": 89.616,
        "songNumber": 62,
        "activePlayerCount": 208,
        "LinkVideo": "https://files.catbox.moe/p07upb.webm",
        "LinkMp3": "https://files.catbox.moe/wc94xb.mp3",
        "annId": 5428
    },
    {
        "animeEng": "Megaman Star Force",
        "animeRomaji": "Ryuusei no Rockman",
        "songName": "Heart Wave",
        "artist": "Misato Fukuen",
        "type": "Opening 1",
        "correctCount": 24,
        "startTime": 6,
        "songDuration": 59.472,
        "songNumber": 63,
        "activePlayerCount": 208,
        "LinkVideo": "https://files.catbox.moe/cqz95p.webm",
        "LinkMp3": "https://files.catbox.moe/n2tlto.mp3",
        "annId": 6894
    },
    {
        "animeEng": "Kill la Kill",
        "animeRomaji": "Kill la Kill",
        "songName": "Blumenkranz",
        "artist": "Cyua",
        "type": "Insert Song",
        "correctCount": 88,
        "startTime": 6,
        "songDuration": 96.24,
        "songNumber": 64,
        "activePlayerCount": 209,
        "LinkVideo": "https://files.catbox.moe/0g5r6v.webm",
        "LinkMp3": "https://files.catbox.moe/798zbz.mp3",
        "annId": 15336
    },
    {
        "animeEng": "Kamisama Kiss",
        "animeRomaji": "Kamisama Kiss",
        "songName": "Datenshi DA\u2606TEN\u2606DIE",
        "artist": "Daisuke Kishio",
        "type": "Insert Song",
        "correctCount": 28,
        "startTime": 23,
        "songDuration": 53.236636,
        "songNumber": 65,
        "activePlayerCount": 210,
        "LinkVideo": "https://files.catbox.moe/d7ggyy.webm",
        "LinkMp3": "https://files.catbox.moe/3qfjvi.mp3",
        "annId": 14441
    },
    {
        "animeEng": "Ms. Vampire who lives in my neighborhood.",
        "animeRomaji": "Tonari no Kyuuketsuki-san",
        "songName": "HAPPY!! Strange Friends",
        "artist": "Miyu Tomita, Yuu Sasahara, Lynn, Azumi Waki",
        "type": "Ending 1",
        "correctCount": 39,
        "startTime": 6,
        "songDuration": 88.992,
        "songNumber": 66,
        "activePlayerCount": 210,
        "LinkVideo": "https://files.catbox.moe/7x4cgo.webm",
        "LinkMp3": "https://files.catbox.moe/nu7ab6.mp3",
        "annId": 21135
    },
    {
        "animeEng": "Xenosaga: The Animation",
        "animeRomaji": "Xenosaga: The Animation",
        "songName": "Xenosaga Main Title",
        "artist": "Kosuke Yamashita",
        "type": "Opening 1",
        "correctCount": 15,
        "startTime": 1,
        "songDuration": 88.872,
        "songNumber": 67,
        "activePlayerCount": 211,
        "LinkVideo": "https://files.catbox.moe/5vomsx.webm",
        "LinkMp3": "https://files.catbox.moe/u864tk.mp3",
        "annId": 4569
    },
    {
        "animeEng": "My Neighbor Totoro",
        "animeRomaji": "Tonari no Totoro",
        "songName": "Tonari no Totoro",
        "artist": "Azumi Inoue",
        "type": "Ending 1",
        "correctCount": 193,
        "startTime": 124,
        "songDuration": 174.648,
        "songNumber": 68,
        "activePlayerCount": 211,
        "LinkVideo": "https://files.catbox.moe/nj67fv.webm",
        "LinkMp3": "https://files.catbox.moe/5exv3y.mp3",
        "annId": 534
    },
    {
        "animeEng": "HIMOTE HOUSE: A share house of super psychic girls",
        "animeRomaji": "Himote House",
        "songName": "Motetai nou",
        "artist": "Himote House Juunin Ichidou",
        "type": "Opening 1",
        "correctCount": 23,
        "startTime": 17,
        "songDuration": 46.026964,
        "songNumber": 69,
        "activePlayerCount": 212,
        "LinkVideo": "https://files.catbox.moe/et0dm9.webm",
        "LinkMp3": "https://files.catbox.moe/4fwckx.mp3",
        "annId": 21409
    },
    {
        "animeEng": "Blue Legend Shoot!",
        "animeRomaji": "Aoki Densetsu Shoot!",
        "songName": "Yell",
        "artist": "WENDY",
        "type": "Opening 1",
        "correctCount": 2,
        "startTime": 33,
        "songDuration": 93.096,
        "songNumber": 70,
        "activePlayerCount": 212,
        "LinkVideo": "https://files.catbox.moe/1musg7.webm",
        "LinkMp3": "https://files.catbox.moe/bfkbbf.mp3",
        "annId": 930,
        "correctPlayers": [
            "Rukawa11",
            "klusty"
        ]
    },
    {
        "animeEng": "Dashing Warrior Muteking",
        "animeRomaji": "Tondemo Senshi Muteking",
        "songName": "Oretacha Kurodako Brothers",
        "artist": "Koorogi '73",
        "type": "Ending 1",
        "correctCount": 1,
        "startTime": 4,
        "songDuration": 53.496,
        "songNumber": 71,
        "activePlayerCount": 212,
        "LinkVideo": "https://files.catbox.moe/sr46kb.webm",
        "LinkMp3": "https://files.catbox.moe/hsmrqw.mp3",
        "annId": 3054,
        "correctPlayers": [
            "AlterMang"
        ]
    },
    {
        "animeEng": "Sakura Taisen: Sumire",
        "animeRomaji": "Sakura Taisen: Kanzaki Sumire Intai Kinen - Su Mi Re",
        "songName": "Sumire Cha-Cha-Cha",
        "artist": "Michie Tomizawa",
        "type": "Insert Song",
        "correctCount": 47,
        "startTime": 59,
        "songDuration": 152.52,
        "songNumber": 72,
        "activePlayerCount": 213,
        "LinkVideo": "https://files.catbox.moe/da6zmb.webm",
        "LinkMp3": "https://files.catbox.moe/mzzicy.mp3",
        "annId": 2604
    },
    {
        "animeEng": "Oban Star-Racers",
        "animeRomaji": "Oban Star-Racers",
        "songName": "Chance to Shine",
        "artist": "Akino",
        "type": "Opening 1",
        "correctCount": 48,
        "startTime": 31,
        "songDuration": 59.448,
        "songNumber": 73,
        "activePlayerCount": 213,
        "LinkVideo": "https://files.catbox.moe/5j9tl5.webm",
        "LinkMp3": "https://files.catbox.moe/e6qyhg.mp3",
        "annId": 3633
    },
    {
        "animeEng": "Maken-Ki! Battling Venus",
        "animeRomaji": "Maken-Ki!",
        "songName": "Baby! Baby!",
        "artist": "Mariya Ise & Rie Tanaka",
        "type": "Ending 8",
        "correctCount": 52,
        "startTime": 47,
        "songDuration": 86.112,
        "songNumber": 74,
        "activePlayerCount": 214,
        "LinkVideo": "https://files.catbox.moe/ns5vag.webm",
        "LinkMp3": "https://files.catbox.moe/3ey7hh.mp3",
        "annId": 12925
    },
    {
        "animeEng": "anohana: The Flower We Saw That Day",
        "animeRomaji": "Ano Hi Mita Hana no Namae o Boku-tachi wa Mada Shiranai.",
        "songName": "secret base ~Kimi ga Kureta Mono~ (10 years after ver.)",
        "artist": "Ai Kayano, Haruka Tomatsu, Saori Hayami",
        "type": "Ending 2",
        "correctCount": 153,
        "startTime": 25,
        "songDuration": 89.184,
        "songNumber": 75,
        "activePlayerCount": 214,
        "LinkVideo": "https://files.catbox.moe/qoewvg.webm",
        "LinkMp3": "https://files.catbox.moe/pzj7kj.mp3",
        "annId": 12368
    },
    {
        "animeEng": "Gate",
        "animeRomaji": "Gate: Jieitai Kanochi nite, Kaku Tatakaeri",
        "songName": "Prism Communicate",
        "artist": "Nao T\u014dyama, Hisako Kanemoto, Risa Taneda",
        "type": "Ending 1",
        "correctCount": 53,
        "startTime": 41,
        "songDuration": 89.52,
        "songNumber": 76,
        "activePlayerCount": 216,
        "LinkVideo": "https://files.catbox.moe/0du2xc.webm",
        "LinkMp3": "https://files.catbox.moe/n1n0mb.mp3",
        "annId": 16679
    },
    {
        "animeEng": "Rage of Bahamut: Genesis",
        "animeRomaji": "Shingeki no Bahamut Genesis",
        "songName": "EXiSTENCE",
        "artist": "SiM",
        "type": "Opening 1",
        "correctCount": 107,
        "startTime": 43,
        "songDuration": 89.712,
        "songNumber": 77,
        "activePlayerCount": 215,
        "LinkVideo": "https://files.catbox.moe/kd57ng.webm",
        "LinkMp3": "https://files.catbox.moe/vz7256.mp3",
        "annId": 15791
    },
    {
        "animeEng": "Granbelm",
        "animeRomaji": "Granbelm",
        "songName": "Negai",
        "artist": "Uru",
        "type": "Ending 1",
        "correctCount": 21,
        "startTime": 60,
        "songDuration": 88.92,
        "songNumber": 78,
        "activePlayerCount": 215,
        "LinkVideo": "https://files.catbox.moe/o97sy4.webm",
        "LinkMp3": "https://files.catbox.moe/qcv9li.mp3",
        "annId": 21873
    },
    {
        "animeEng": "The Morose Mononokean II",
        "animeRomaji": "Fukigen na Mononokean Tsuzuki",
        "songName": "Long Time Traveler",
        "artist": "mono palette.",
        "type": "Opening 1",
        "correctCount": 17,
        "startTime": 15,
        "songDuration": 88.536,
        "songNumber": 79,
        "activePlayerCount": 215,
        "LinkVideo": "https://files.catbox.moe/jyx2rq.webm",
        "LinkMp3": "https://files.catbox.moe/r2ii29.mp3",
        "annId": 21128
    },
    {
        "animeEng": "World Conquest Zvezda Plot",
        "animeRomaji": "Sekai Seifuku - B\u014dryaku no Zvezda",
        "songName": "Be mine!",
        "artist": "Maaya Sakamoto",
        "type": "Opening 1",
        "correctCount": 36,
        "startTime": 42,
        "songDuration": 90.048,
        "songNumber": 80,
        "activePlayerCount": 212,
        "LinkVideo": "https://files.catbox.moe/2vzxwc.webm",
        "LinkMp3": "https://files.catbox.moe/cdrw2z.mp3",
        "annId": 15703
    },
    {
        "animeEng": "Rascal Does Not Dream of Bunny Girl Senpai",
        "animeRomaji": "Seishun Buta Yar\u014d wa Bunny Girl Senpai no Yume o Minai",
        "songName": "BABY!",
        "artist": "Sweet Bullet",
        "type": "Insert Song",
        "correctCount": 59,
        "startTime": 9,
        "songDuration": 68.809725,
        "songNumber": 81,
        "activePlayerCount": 212,
        "LinkVideo": "https://files.catbox.moe/5ty5ef.webm",
        "LinkMp3": "https://files.catbox.moe/zp3w8z.mp3",
        "annId": 20848
    },
    {
        "animeEng": "Mobile Suit Gundam Seed Special Edition",
        "animeRomaji": "Kid\u014d Senshi Gundam Seed Special Edition",
        "songName": "Shizuka na Yoru ni",
        "artist": "Rie Tanaka",
        "type": "Insert Song",
        "correctCount": 5,
        "startTime": 22,
        "songDuration": 112.368,
        "songNumber": 82,
        "activePlayerCount": 212,
        "LinkVideo": "https://files.catbox.moe/im5bck.webm",
        "LinkMp3": "https://files.catbox.moe/zz6ogn.mp3",
        "annId": 3565,
        "correctPlayers": [
            "tamir71",
            "tombombadil25",
            "CornWalaaa",
            "ozsauce",
            "Lkyda"
        ]
    },
    {
        "animeEng": "Strike Witches: 501st JOINT FIGHTER WING Take Off!",
        "animeRomaji": "Strike Witches 501 Butai Hasshin Shimasu!",
        "songName": "Treasure of life",
        "artist": "Miyuki Sawashiro",
        "type": "Ending 11",
        "correctCount": 11,
        "startTime": 47,
        "songDuration": 88.368,
        "songNumber": 83,
        "activePlayerCount": 213,
        "LinkVideo": "https://files.catbox.moe/znihxz.webm",
        "LinkMp3": "https://files.catbox.moe/do1iza.mp3",
        "annId": 21876
    },
    {
        "animeEng": "Natsuiro Kiseki",
        "animeRomaji": "Natsu-iro Kiseki",
        "songName": "Non stop road",
        "artist": "Sphere",
        "type": "Opening 1",
        "correctCount": 26,
        "startTime": 34,
        "songDuration": 91.032,
        "songNumber": 84,
        "activePlayerCount": 212,
        "LinkVideo": "https://files.catbox.moe/wzsdu8.webm",
        "LinkMp3": "https://files.catbox.moe/yt6kjp.mp3",
        "annId": 13562
    },
    {
        "animeEng": "Gargantia on the Verdurous Planet",
        "animeRomaji": "Suisei no Gargantia",
        "songName": "Kono Sekai wa Bokura o Matte Ita",
        "artist": "Minori Chihara",
        "type": "Opening 1",
        "correctCount": 64,
        "startTime": 50,
        "songDuration": 88.824,
        "songNumber": 85,
        "activePlayerCount": 210,
        "LinkVideo": "https://files.catbox.moe/mfz04q.webm",
        "LinkMp3": "https://files.catbox.moe/l91u7y.mp3",
        "annId": 14961
    }
]