[
    {
        "animeEng": "AKB0048",
        "animeRomaji": "AKB0048 First Stage",
        "songName": "Kibou ni Tsuite",
        "artist": "NO NAME",
        "type": "Opening 1",
        "correctCount": 30,
        "startTime": 7,
        "songDuration": 82.08,
        "songNumber": 1,
        "activePlayerCount": 122,
        "LinkVideo": "https://files.catbox.moe/6xakvk.webm",
        "LinkMp3": "https://files.catbox.moe/3ni9by.mp3",
        "annId": 13805
    },
    {
        "animeEng": "Show By Rock!! Short!!",
        "animeRomaji": "Show By Rock!! Short!!",
        "songName": "Do Re Mi Fa PARTY",
        "artist": "Plasmagica",
        "type": "Ending 1",
        "correctCount": 17,
        "startTime": 0,
        "songDuration": 29.664,
        "songNumber": 2,
        "activePlayerCount": 123,
        "LinkVideo": "https://files.catbox.moe/sf5sil.webm",
        "LinkMp3": "https://files.catbox.moe/hr9xgg.mp3",
        "annId": 18447
    },
    {
        "animeEng": "Puella Magi Madoka Magica The Movie Part 3: Rebellion",
        "animeRomaji": "Gekij\u014dban Mah\u014d Sh\u014djo Madoka\u2605Magica Shinpen: Hangyaku no Monogatari",
        "songName": "Mada dame yo",
        "artist": "FictionJunction ASUKA",
        "type": "Insert Song",
        "correctCount": 54,
        "startTime": 10,
        "songDuration": 50.856,
        "songNumber": 3,
        "activePlayerCount": 125,
        "LinkVideo": "https://files.catbox.moe/6mqtd5.webm",
        "LinkMp3": "https://files.catbox.moe/1cfrmy.mp3",
        "annId": 14850
    },
    {
        "animeEng": "New Maple Town Stories",
        "animeRomaji": "Shin Maple Town Monogatari: Palm Town-hen",
        "songName": "Minami no Kuni no Palm Town",
        "artist": "Satoko Yamano",
        "type": "Opening 1",
        "correctCount": 3,
        "startTime": 33,
        "songDuration": 75.864,
        "songNumber": 4,
        "activePlayerCount": 126,
        "LinkVideo": "https://files.catbox.moe/fq8vqo.webm",
        "LinkMp3": "https://files.catbox.moe/b9y3xx.mp3",
        "annId": 1377,
        "correctPlayers": [
            "watashiii",
            "Shuuka",
            "yamagucci"
        ]
    },
    {
        "animeEng": "Space Boy Soran",
        "animeRomaji": "Uchuu Sh\u014dnen Soran",
        "songName": "Uchuu Sh\u014dnen Soran",
        "artist": "Kamitakada Shounen Gasshou-dan",
        "type": "Opening 1",
        "correctCount": 1,
        "startTime": 29,
        "songDuration": 60.576,
        "songNumber": 5,
        "activePlayerCount": 126,
        "LinkVideo": "https://files.catbox.moe/23u4vh.webm",
        "LinkMp3": "https://files.catbox.moe/xvlffy.mp3",
        "annId": 11499,
        "correctPlayers": [
            "Passcode4854"
        ]
    },
    {
        "animeEng": "Kira Kira 5th Anniversary Live Anime Kick Start Generation",
        "animeRomaji": "Kira Kira 5th Anniversary Live Anime Kick Start Generation",
        "songName": "BOW Peep!!",
        "artist": "CaS",
        "type": "Insert Song",
        "correctCount": 4,
        "startTime": 36,
        "songDuration": 179.088,
        "songNumber": 6,
        "activePlayerCount": 128,
        "LinkVideo": "https://files.catbox.moe/63vu0l.webm",
        "LinkMp3": "https://files.catbox.moe/4mlvnz.mp3",
        "annId": 15243,
        "correctPlayers": [
            "likejaxirl",
            "watashiii",
            "kneesoxluver",
            "SakurabaRola"
        ]
    },
    {
        "animeEng": "Penguin Highway",
        "animeRomaji": "Penguin Highway",
        "songName": "Good Night",
        "artist": "Hikaru Utada",
        "type": "Ending 1",
        "correctCount": 32,
        "startTime": 173,
        "songDuration": 249.84,
        "songNumber": 7,
        "activePlayerCount": 130,
        "LinkVideo": "https://files.catbox.moe/wcvbkw.webm",
        "LinkMp3": "https://files.catbox.moe/wbsft9.mp3",
        "annId": 20710
    },
    {
        "animeEng": "Mushishi Zoku-Sh\u014d: Suzu no Shizuku",
        "animeRomaji": "Mushishi Zoku-Sh\u014d: Suzu no Shizuku",
        "songName": "SHIVER",
        "artist": "Lucy Rose",
        "type": "Opening 1",
        "correctCount": 96,
        "startTime": 29,
        "songDuration": 91.128,
        "songNumber": 8,
        "activePlayerCount": 134,
        "LinkVideo": "https://files.catbox.moe/3uq64m.webm",
        "LinkMp3": "https://files.catbox.moe/i78kh7.mp3",
        "annId": 17020
    },
    {
        "animeEng": "Big Windup!",
        "animeRomaji": "\u014ckiku Furikabutte",
        "songName": "Seishun Line",
        "artist": "Ikimono-gakari",
        "type": "Opening 2",
        "correctCount": 18,
        "startTime": 61,
        "songDuration": 90.888,
        "songNumber": 9,
        "activePlayerCount": 134,
        "LinkVideo": "https://files.catbox.moe/xb7sz8.webm",
        "LinkMp3": "https://files.catbox.moe/rf1y3u.mp3",
        "annId": 7421
    },
    {
        "animeEng": "The Night is Short, Walk On Girl",
        "animeRomaji": "Yoru wa Mijikashi Aruke yo Otome",
        "songName": "K\u014dya o Aruke",
        "artist": "ASIAN KUNG-FU GENERATION",
        "type": "Ending 1",
        "correctCount": 37,
        "startTime": 109,
        "songDuration": 252.192,
        "songNumber": 10,
        "activePlayerCount": 135,
        "LinkVideo": "https://files.catbox.moe/133fxb.webm",
        "LinkMp3": "https://files.catbox.moe/pjs5jq.mp3",
        "annId": 18915
    },
    {
        "animeEng": "Durarara!! \u00d72 The Third Arc: Dufufufu!!",
        "animeRomaji": "Durarara!!\u00d72 Ketsu Gaiden!?: Dufufufu!!",
        "songName": "Steppin' Out",
        "artist": "FLOW",
        "type": "Opening 1",
        "correctCount": 69,
        "startTime": 10,
        "songDuration": 90.792,
        "songNumber": 11,
        "activePlayerCount": 136,
        "LinkVideo": "https://files.catbox.moe/hctamt.webm",
        "LinkMp3": "https://files.catbox.moe/wyjr5v.mp3",
        "annId": 22238
    },
    {
        "animeEng": "Persona 4 The Animation",
        "animeRomaji": "Persona 4 The Animation",
        "songName": "Reach Out To The Truth",
        "artist": "Shihoko Hirata",
        "type": "Insert Song",
        "correctCount": 74,
        "startTime": 5,
        "songDuration": 89.256,
        "songNumber": 12,
        "activePlayerCount": 135,
        "LinkVideo": "https://files.catbox.moe/40kxus.webm",
        "LinkMp3": "https://files.catbox.moe/l65w8l.mp3",
        "annId": 12870
    },
    {
        "animeEng": "Cardfight!! Vanguard",
        "animeRomaji": "Cardfight!! Vanguard",
        "songName": "Legendary",
        "artist": "Roselia",
        "type": "Opening 1",
        "correctCount": 29,
        "startTime": 40,
        "songDuration": 88.632,
        "songNumber": 13,
        "activePlayerCount": 135,
        "LinkVideo": "https://files.catbox.moe/j5pa91.webm",
        "LinkMp3": "https://files.catbox.moe/lw9j3q.mp3",
        "annId": 20876
    },
    {
        "animeEng": "Mobile Suit Gundam 00",
        "animeRomaji": "Kid\u014d Senshi Gundam 00",
        "songName": "Namida no Mukou",
        "artist": "Stereopony",
        "type": "Opening 2",
        "correctCount": 24,
        "startTime": 24,
        "songDuration": 90.024,
        "songNumber": 14,
        "activePlayerCount": 134,
        "LinkVideo": "https://files.catbox.moe/fu4fa5.webm",
        "LinkMp3": "https://files.catbox.moe/9kuhl5.mp3",
        "annId": 10157
    },
    {
        "animeEng": "Kemurikusa",
        "animeRomaji": "Kemurikusa",
        "songName": "INDETERMINATE UNIVERSE",
        "artist": "Yuuyu feat. Kemurikusa",
        "type": "Ending 1",
        "correctCount": 21,
        "startTime": 3,
        "songDuration": 87.792,
        "songNumber": 15,
        "activePlayerCount": 134,
        "LinkVideo": "https://files.catbox.moe/iorgsd.webm",
        "LinkMp3": "https://files.catbox.moe/6hlwrr.mp3",
        "annId": 21280
    },
    {
        "animeEng": "Ai Yori Aoshi",
        "animeRomaji": "Ai Yori Aoshi",
        "songName": "Yuunagi",
        "artist": "Ayako Kawasumi",
        "type": "Insert Song",
        "correctCount": 3,
        "startTime": 82,
        "songDuration": 223.608,
        "songNumber": 16,
        "activePlayerCount": 134,
        "LinkVideo": "https://files.catbox.moe/c0023x.webm",
        "LinkMp3": "https://files.catbox.moe/5aci3q.mp3",
        "annId": 833,
        "correctPlayers": [
            "shadowpandax",
            "KamigishiAkari",
            "Carmanher"
        ]
    },
    {
        "animeEng": "School Rumble",
        "animeRomaji": "School Rumble",
        "songName": "Koi no Kimochi",
        "artist": "Mio Saeki",
        "type": "Insert Song",
        "correctCount": 11,
        "startTime": 14,
        "songDuration": 78.6,
        "songNumber": 17,
        "activePlayerCount": 134,
        "LinkVideo": "https://files.catbox.moe/ilo4iu.webm",
        "LinkMp3": "https://files.catbox.moe/4x9cie.mp3",
        "annId": 4114
    },
    {
        "animeEng": "Baby Grandma",
        "animeRomaji": "Baby Baachan",
        "songName": "Everybody Dance",
        "artist": "Hideki Saijo",
        "type": "Ending 1",
        "correctCount": 0,
        "startTime": 5,
        "songDuration": 67.56,
        "songNumber": 18,
        "activePlayerCount": 134,
        "LinkVideo": "https://files.catbox.moe/n7ow2y.webm",
        "LinkMp3": "https://files.catbox.moe/is44ak.mp3",
        "annId": 4744
    },
    {
        "animeEng": "Your Lie in April: Moments",
        "animeRomaji": "Shigatsu wa Kimi no Uso: Moments",
        "songName": "Senobi ~Nemureru Mori no Bijo no Adagio",
        "artist": "ENA",
        "type": "Insert Song",
        "correctCount": 5,
        "startTime": 3,
        "songDuration": 138.936,
        "songNumber": 19,
        "activePlayerCount": 137,
        "LinkVideo": "https://files.catbox.moe/rrxz8f.webm",
        "LinkMp3": "https://files.catbox.moe/m2j3xc.mp3",
        "annId": 21943,
        "correctPlayers": [
            "iQuestGod",
            "kneesoxluver",
            "Carmanher",
            "Mistrals",
            "MusicDown"
        ]
    },
    {
        "animeEng": "Forest Fairy Five",
        "animeRomaji": "Forest Fairy Five",
        "songName": "HERO",
        "artist": "Fairies",
        "type": "Ending 1",
        "correctCount": 8,
        "startTime": 21,
        "songDuration": 54.144,
        "songNumber": 20,
        "activePlayerCount": 138,
        "LinkVideo": "https://files.catbox.moe/6kl2lg.webm",
        "LinkMp3": "https://files.catbox.moe/b1ffht.mp3",
        "annId": 21582
    },
    {
        "animeEng": "Persona 4 The Animation",
        "animeRomaji": "Persona 4 The Animation",
        "songName": "The Way of Memories -Kizuna no Chikara-",
        "artist": "Shihoko Hirata",
        "type": "Ending 3",
        "correctCount": 32,
        "startTime": 25,
        "songDuration": 71.424,
        "songNumber": 21,
        "activePlayerCount": 138,
        "LinkVideo": "https://files.catbox.moe/3e2uep.webm",
        "LinkMp3": "https://files.catbox.moe/wdjtx3.mp3",
        "annId": 12870
    },
    {
        "animeEng": "Heaven's Lost Property: Project Pink",
        "animeRomaji": "Sora no Otoshimono",
        "songName": "Haru Ichiban",
        "artist": "Saori Hayami, Iori Nomizu, Mina",
        "type": "Ending 1",
        "correctCount": 10,
        "startTime": 41,
        "songDuration": 88.608,
        "songNumber": 22,
        "activePlayerCount": 138,
        "LinkVideo": "https://files.catbox.moe/wqhans.webm",
        "LinkMp3": "https://files.catbox.moe/7hacbh.mp3",
        "annId": 12146
    },
    {
        "animeEng": "Mushibugy\u014d",
        "animeRomaji": "Mushibugy\u014d",
        "songName": "Tomo yo",
        "artist": "Gagaga SP",
        "type": "Opening 1",
        "correctCount": 24,
        "startTime": 35,
        "songDuration": 89.016,
        "songNumber": 23,
        "activePlayerCount": 137,
        "LinkVideo": "https://files.catbox.moe/3thqm4.webm",
        "LinkMp3": "https://files.catbox.moe/m6mp8t.mp3",
        "annId": 15109
    },
    {
        "animeEng": "Lord El-Melloi II's Case Files {Rail Zeppelin} Grace note",
        "animeRomaji": "Lord El-Melloi II-sei no Jikenbo: Rail Zeppelin Grace note",
        "songName": "Hibari",
        "artist": "ASCA",
        "type": "Ending 1",
        "correctCount": 46,
        "startTime": 34,
        "songDuration": 87.984,
        "songNumber": 24,
        "activePlayerCount": 138,
        "LinkVideo": "https://files.catbox.moe/trk1pt.webm",
        "LinkMp3": "https://files.catbox.moe/blo0q6.mp3",
        "annId": 21727
    },
    {
        "animeEng": "Fastest Finger First",
        "animeRomaji": "Nana Maru San Batsu",
        "songName": "\u25cb\u25cb\u25cb\u25cb\u25cb",
        "artist": "Babyraids Japan",
        "type": "Ending 1",
        "correctCount": 15,
        "startTime": 13,
        "songDuration": 88.416,
        "songNumber": 25,
        "activePlayerCount": 138,
        "LinkVideo": "https://files.catbox.moe/ud0ozv.webm",
        "LinkMp3": "https://files.catbox.moe/4tx3pw.mp3",
        "annId": 18946
    },
    {
        "animeEng": "Meganebu!",
        "animeRomaji": "Meganebu!",
        "songName": "World's End",
        "artist": "MUCC",
        "type": "Opening 1",
        "correctCount": 15,
        "startTime": 50,
        "songDuration": 87.072,
        "songNumber": 26,
        "activePlayerCount": 140,
        "LinkVideo": "https://files.catbox.moe/9e8rr5.webm",
        "LinkMp3": "https://files.catbox.moe/p1nrhg.mp3",
        "annId": 15479
    },
    {
        "animeEng": "The Ancient Magus' Bride",
        "animeRomaji": "Mah\u014dtsukai no Yome",
        "songName": "Here",
        "artist": "JUNNA",
        "type": "Opening 1",
        "correctCount": 90,
        "startTime": 31,
        "songDuration": 89.424,
        "songNumber": 27,
        "activePlayerCount": 142,
        "LinkVideo": "https://files.catbox.moe/tpp75d.webm",
        "LinkMp3": "https://files.catbox.moe/8bwnuz.mp3",
        "annId": 19762
    },
    {
        "animeEng": "Fafner EXODUS",
        "animeRomaji": "S\u014dkyuu no Fafner: Dead Aggressor - Exodus",
        "songName": "Horizon",
        "artist": "angela",
        "type": "Ending 3",
        "correctCount": 24,
        "startTime": 14,
        "songDuration": 89.016,
        "songNumber": 28,
        "activePlayerCount": 143,
        "LinkVideo": "https://files.catbox.moe/b0su03.webm",
        "LinkMp3": "https://files.catbox.moe/kh9f3r.mp3",
        "annId": 17124
    },
    {
        "animeEng": "Pretty Rhythm Rainbow Live",
        "animeRomaji": "Pretty Rhythm Rainbow Live",
        "songName": "EZ DO DANCE",
        "artist": "Prizmmy\u2606",
        "type": "Opening 2",
        "correctCount": 29,
        "startTime": 15,
        "songDuration": 87.672,
        "songNumber": 29,
        "activePlayerCount": 144,
        "LinkVideo": "https://files.catbox.moe/tjer5b.webm",
        "LinkMp3": "https://files.catbox.moe/02zgbv.mp3",
        "annId": 15094
    },
    {
        "animeEng": "Saga of Tanya the Evil: The Movie",
        "animeRomaji": "Gekij\u014dban Y\u014djo Senki",
        "songName": "Imperial Anthem",
        "artist": "Dai Ni Rei San Koukuu Madou Dai-tai",
        "type": "Insert Song",
        "correctCount": 49,
        "startTime": 32,
        "songDuration": 97.513426,
        "songNumber": 30,
        "activePlayerCount": 145,
        "LinkVideo": "https://files.catbox.moe/4c914a.webm",
        "LinkMp3": "https://files.catbox.moe/dtkvhz.mp3",
        "annId": 20509
    },
    {
        "animeEng": "One Piece Special: Adventure in the Ocean's Navel",
        "animeRomaji": "One Piece Special: Adventure in the Ocean's Navel",
        "songName": "Believe",
        "artist": "Folder5",
        "type": "Opening 1",
        "correctCount": 82,
        "startTime": 21,
        "songDuration": 110.112,
        "songNumber": 31,
        "activePlayerCount": 144,
        "LinkVideo": "https://files.catbox.moe/0f9m3c.webm",
        "LinkMp3": "https://files.catbox.moe/g6qds9.mp3",
        "annId": 3709
    },
    {
        "animeEng": "Idoly Pride",
        "animeRomaji": "Idoly Pride",
        "songName": "Gekka Hakanabi",
        "artist": "Tsuki no Tempest",
        "type": "Insert Song",
        "correctCount": 13,
        "startTime": 25,
        "songDuration": 102.072,
        "songNumber": 32,
        "activePlayerCount": 146,
        "LinkVideo": "https://files.catbox.moe/n6i82y.webm",
        "LinkMp3": "https://files.catbox.moe/xbqmr7.mp3",
        "annId": 22923
    },
    {
        "animeEng": "Lovely Complex",
        "animeRomaji": "LoveCom",
        "songName": "Kimi+Boku=LOVE?",
        "artist": "Tegomass",
        "type": "Opening 1",
        "correctCount": 56,
        "startTime": 27,
        "songDuration": 73.872,
        "songNumber": 33,
        "activePlayerCount": 146,
        "LinkVideo": "https://files.catbox.moe/fr5976.webm",
        "LinkMp3": "https://files.catbox.moe/60d7ov.mp3",
        "annId": 7468
    },
    {
        "animeEng": "Kite Liberator",
        "animeRomaji": "Kite Liberator",
        "songName": "Hello my star",
        "artist": "Marina Inoue",
        "type": "Insert Song",
        "correctCount": 15,
        "startTime": 0,
        "songDuration": 28.248,
        "songNumber": 34,
        "activePlayerCount": 145,
        "LinkVideo": "https://files.catbox.moe/5uhb96.webm",
        "LinkMp3": "https://files.catbox.moe/09o01o.mp3",
        "annId": 7867
    },
    {
        "animeEng": "Lupin III: The Secret of Mamo",
        "animeRomaji": "Lupin Sansei: Lupin vs Fukusei-ningen",
        "songName": "Lupin Ondo",
        "artist": "Haruo Minami",
        "type": "Ending 1",
        "correctCount": 9,
        "startTime": 65,
        "songDuration": 105.024,
        "songNumber": 35,
        "activePlayerCount": 145,
        "LinkVideo": "https://files.catbox.moe/ofeiur.webm",
        "LinkMp3": "https://files.catbox.moe/tu24ha.mp3",
        "annId": 1040
    },
    {
        "animeEng": "Summer Wars",
        "animeRomaji": "Summer Wars",
        "songName": "Bokura no Natsu no Yume",
        "artist": "Tatsuro Yamashita",
        "type": "Ending 1",
        "correctCount": 62,
        "startTime": 27,
        "songDuration": 298.608,
        "songNumber": 36,
        "activePlayerCount": 147,
        "LinkVideo": "https://files.catbox.moe/1t200o.webm",
        "LinkMp3": "https://files.catbox.moe/nun0rx.mp3",
        "annId": 10544
    },
    {
        "animeEng": "Wish Upon the Pleiades",
        "animeRomaji": "H\u014dkago no Pleiades",
        "songName": "Stella-rium",
        "artist": "Kano",
        "type": "Opening 1",
        "correctCount": 44,
        "startTime": 18,
        "songDuration": 88.368,
        "songNumber": 37,
        "activePlayerCount": 144,
        "LinkVideo": "https://files.catbox.moe/omw23j.webm",
        "LinkMp3": "https://files.catbox.moe/j22q1n.mp3",
        "annId": 16641
    },
    {
        "animeEng": "Birth",
        "animeRomaji": "Birth",
        "songName": "Zacks no Senshi",
        "artist": "Shabana",
        "type": "Ending 1",
        "correctCount": 6,
        "startTime": 23,
        "songDuration": 210,
        "songNumber": 38,
        "activePlayerCount": 144,
        "LinkVideo": "https://files.catbox.moe/q6tm52.webm",
        "LinkMp3": "https://files.catbox.moe/94xns6.mp3",
        "annId": 2662
    },
    {
        "animeEng": "Animal 1",
        "animeRomaji": "Animal 1",
        "songName": "Animal 1 no Uta",
        "artist": "Eiko Shuri",
        "type": "Opening 1",
        "correctCount": 98,
        "startTime": 10,
        "songDuration": 96.6514,
        "songNumber": 39,
        "activePlayerCount": 143,
        "LinkVideo": "https://files.catbox.moe/07z19u.webm",
        "LinkMp3": "https://files.catbox.moe/177qsk.mp3",
        "annId": 1080
    },
    {
        "animeEng": "Karakuri Circus",
        "animeRomaji": "Karakuri Circus",
        "songName": "Gekk\u014d",
        "artist": "BUMP OF CHICKEN",
        "type": "Opening 1",
        "correctCount": 29,
        "startTime": 35,
        "songDuration": 86.664,
        "songNumber": 40,
        "activePlayerCount": 141,
        "LinkVideo": "https://files.catbox.moe/6r5n6x.webm",
        "LinkMp3": "https://files.catbox.moe/y6uhgb.mp3",
        "annId": 20774
    },
    {
        "animeEng": "Welcome to Demon School! Iruma-kun",
        "animeRomaji": "Mairimashita! Iruma-kun",
        "songName": "Kokoro Showtime",
        "artist": "Amatsuki",
        "type": "Ending 1",
        "correctCount": 37,
        "startTime": 53,
        "songDuration": 88.992,
        "songNumber": 41,
        "activePlayerCount": 143,
        "LinkVideo": "https://files.catbox.moe/kw00ud.webm",
        "LinkMp3": "https://files.catbox.moe/lsmdhy.mp3",
        "annId": 24018
    },
    {
        "animeEng": "Toilet-Bound Hanako-kun",
        "animeRomaji": "Jibaku Sh\u014dnen Hanako-kun",
        "songName": "No.7",
        "artist": "Jibaku Sh\u014dnen Band",
        "type": "Opening 1",
        "correctCount": 74,
        "startTime": 20,
        "songDuration": 89.352,
        "songNumber": 42,
        "activePlayerCount": 144,
        "LinkVideo": "https://files.catbox.moe/w6e3ic.webm",
        "LinkMp3": "https://files.catbox.moe/v2g1dd.mp3",
        "annId": 21983
    },
    {
        "animeEng": "Pikachu and Pichu",
        "animeRomaji": "Pichu to Pikachu",
        "songName": "Pichu Pika\u266aSwing!",
        "artist": "Neo\u2605Pockets",
        "type": "Opening 1",
        "correctCount": 59,
        "startTime": 0,
        "songDuration": 97.056,
        "songNumber": 43,
        "activePlayerCount": 142,
        "LinkVideo": "https://files.catbox.moe/0c8qak.webm",
        "LinkMp3": "https://files.catbox.moe/mho240.mp3",
        "annId": 4621
    },
    {
        "animeEng": "Initial D: Battle Stage 2",
        "animeRomaji": "Initial D: Battle Stage 2",
        "songName": "PRIDE",
        "artist": "DAVE",
        "type": "Insert Song",
        "correctCount": 12,
        "startTime": 34,
        "songDuration": 140.832,
        "songNumber": 44,
        "activePlayerCount": 143,
        "LinkVideo": "https://files.catbox.moe/3w4ys0.webm",
        "LinkMp3": "https://files.catbox.moe/1jx83j.mp3",
        "annId": 7986
    },
    {
        "animeEng": "Book Girl Memoir",
        "animeRomaji": "Bungaku Sh\u014djo Memoir",
        "songName": "Hidamari Hakusho",
        "artist": "CooRie",
        "type": "Ending 1",
        "correctCount": 8,
        "startTime": 54,
        "songDuration": 88.992,
        "songNumber": 45,
        "activePlayerCount": 143,
        "LinkVideo": "https://files.catbox.moe/brsvgj.webm",
        "LinkMp3": "https://files.catbox.moe/hk3afu.mp3",
        "annId": 11683
    },
    {
        "animeEng": "Mobile Suit Gundam Seed Special Edition",
        "animeRomaji": "Kid\u014d Senshi Gundam Seed Special Edition",
        "songName": "Akatsuki no Kuruma",
        "artist": "FictionJunction YUUKA",
        "type": "Ending 2",
        "correctCount": 14,
        "startTime": 252,
        "songDuration": 297.096,
        "songNumber": 46,
        "activePlayerCount": 143,
        "LinkVideo": "https://files.catbox.moe/2cw8ka.webm",
        "LinkMp3": "https://files.catbox.moe/t3yj0j.mp3",
        "annId": 3565
    },
    {
        "animeEng": "ICE",
        "animeRomaji": "ICE",
        "songName": "Aisareru to Iu Koto",
        "artist": "ICE from AKB48",
        "type": "Ending 1",
        "correctCount": 7,
        "startTime": 42,
        "songDuration": 138.864,
        "songNumber": 47,
        "activePlayerCount": 144,
        "LinkVideo": "https://files.catbox.moe/sprssc.webm",
        "LinkMp3": "https://files.catbox.moe/32vp3h.mp3",
        "annId": 7528
    },
    {
        "animeEng": "Harlock: Space Pirate",
        "animeRomaji": "Harlock: Space Pirate",
        "songName": "Be the light",
        "artist": "ONE OK ROCK",
        "type": "Ending 1",
        "correctCount": 19,
        "startTime": 195,
        "songDuration": 332.928,
        "songNumber": 48,
        "activePlayerCount": 144,
        "LinkVideo": "https://files.catbox.moe/52z0e9.webm",
        "LinkMp3": "https://files.catbox.moe/2v8yr3.mp3",
        "annId": 15170
    },
    {
        "animeEng": "Fate/Zero",
        "animeRomaji": "Fate/Zero",
        "songName": "Manten",
        "artist": "Kalafina",
        "type": "Ending 2",
        "correctCount": 47,
        "startTime": 75,
        "songDuration": 131.064,
        "songNumber": 49,
        "activePlayerCount": 146,
        "LinkVideo": "https://files.catbox.moe/4oke3e.webm",
        "LinkMp3": "https://files.catbox.moe/cnj527.mp3",
        "annId": 14122
    },
    {
        "animeEng": "Panyo Panyo Di Gi Charat",
        "animeRomaji": "Panyo Panyo Di Gi Charat",
        "songName": "Happy! Smile! Hello!",
        "artist": "Atsuko Enomoto",
        "type": "Opening 1",
        "correctCount": 9,
        "startTime": 33,
        "songDuration": 89.808,
        "songNumber": 50,
        "activePlayerCount": 145,
        "LinkVideo": "https://files.catbox.moe/gugano.webm",
        "LinkMp3": "https://files.catbox.moe/9mols1.mp3",
        "annId": 838
    },
    {
        "animeEng": "Hyper Police",
        "animeRomaji": "Hyper Police",
        "songName": "That's Hypertension!!",
        "artist": "aya",
        "type": "Opening 1",
        "correctCount": 4,
        "startTime": 52,
        "songDuration": 89.544,
        "songNumber": 51,
        "activePlayerCount": 146,
        "LinkVideo": "https://files.catbox.moe/jldhhk.webm",
        "LinkMp3": "https://files.catbox.moe/sjnvj7.mp3",
        "annId": 603,
        "correctPlayers": [
            "anomanderbaked",
            "likejaxirl",
            "watashiii",
            "theyingster"
        ]
    },
    {
        "animeEng": "Backflip!!",
        "animeRomaji": "Bakuten!!",
        "songName": "Anata ga Iru",
        "artist": "wacci",
        "type": "Ending 1",
        "correctCount": 13,
        "startTime": 25,
        "songDuration": 91.2,
        "songNumber": 52,
        "activePlayerCount": 146,
        "LinkVideo": "https://files.catbox.moe/zw87zj.webm",
        "LinkMp3": "https://files.catbox.moe/8ouiip.mp3",
        "annId": 23955
    },
    {
        "animeEng": "Gurren Lagann the Movie: The Lights in the Sky Are Stars",
        "animeRomaji": "Tengen Toppa Gurren Lagann: Lagann-hen",
        "songName": "Sora-iro Days -Tengen Toppa EDITION-",
        "artist": "Shoko Nakagawa",
        "type": "Insert Song",
        "correctCount": 26,
        "startTime": 94,
        "songDuration": 331.8,
        "songNumber": 53,
        "activePlayerCount": 145,
        "LinkVideo": "https://files.catbox.moe/adn8sp.webm",
        "LinkMp3": "https://files.catbox.moe/231bg3.mp3",
        "annId": 10576
    },
    {
        "animeEng": "Hantsu x Trash",
        "animeRomaji": "Hantsu x Trash",
        "songName": "Hachamecha\u00d7Strike",
        "artist": "i\u2606Ris",
        "type": "Ending 1",
        "correctCount": 2,
        "startTime": 43,
        "songDuration": 131.568,
        "songNumber": 54,
        "activePlayerCount": 145,
        "LinkVideo": "https://files.catbox.moe/4areyw.webm",
        "LinkMp3": "https://files.catbox.moe/uq9x25.mp3",
        "annId": 17579,
        "correctPlayers": [
            "watashiii",
            "theyingster"
        ]
    },
    {
        "animeEng": "Yatogame-chan Kansatsu Nikki",
        "animeRomaji": "Yatogame-chan Kansatsu Nikki",
        "songName": "Moeyo Dragons ~Kyuujou Gasshou-hen~",
        "artist": "Haruka Tomatsu",
        "type": "Ending 2",
        "correctCount": 12,
        "startTime": 0,
        "songDuration": 29.544,
        "songNumber": 55,
        "activePlayerCount": 144,
        "LinkVideo": "https://files.catbox.moe/h6h9w2.webm",
        "LinkMp3": "https://files.catbox.moe/ohbr5b.mp3",
        "annId": 21593
    },
    {
        "animeEng": "Lord El-Melloi II's Case Files {Rail Zeppelin} Grace note",
        "animeRomaji": "Lord El-Melloi II-sei no Jikenbo: Rail Zeppelin Grace note",
        "songName": "starting the case: Rail Zeppelin",
        "artist": "Yuki Kajiura",
        "type": "Opening 1",
        "correctCount": 73,
        "startTime": 53,
        "songDuration": 86.928,
        "songNumber": 56,
        "activePlayerCount": 142,
        "LinkVideo": "https://files.catbox.moe/0ku6t5.webm",
        "LinkMp3": "https://files.catbox.moe/0wvtei.mp3",
        "annId": 21727
    },
    {
        "animeEng": "Honey and Clover II",
        "animeRomaji": "Hachikuro II",
        "songName": "Ringo Juice",
        "artist": "Shikao Suga",
        "type": "Insert Song",
        "correctCount": 4,
        "startTime": 18,
        "songDuration": 108.615276,
        "songNumber": 57,
        "activePlayerCount": 141,
        "LinkVideo": "https://files.catbox.moe/1spl3h.webm",
        "LinkMp3": "https://files.catbox.moe/njk0pd.mp3",
        "annId": 6440,
        "correctPlayers": [
            "Shuuka",
            "hitoshiki",
            "shadowpandax",
            "Kazso"
        ]
    },
    {
        "animeEng": "Gargantia on the Verdurous Planet",
        "animeRomaji": "Suisei no Gargantia",
        "songName": "Sora to Kimi no Message",
        "artist": "ChouCho",
        "type": "Ending 1",
        "correctCount": 41,
        "startTime": 19,
        "songDuration": 88.56,
        "songNumber": 58,
        "activePlayerCount": 141,
        "LinkVideo": "https://files.catbox.moe/jc0rbl.webm",
        "annId": 14961
    },
    {
        "animeEng": "Blue Exorcist",
        "animeRomaji": "Ao no Exorcist",
        "songName": "IN MY WORLD",
        "artist": "ROOKiEZ is PUNK'D",
        "type": "Opening 2",
        "correctCount": 83,
        "startTime": 45,
        "songDuration": 89.472,
        "songNumber": 59,
        "activePlayerCount": 141,
        "LinkVideo": "https://files.catbox.moe/l0yogp.webm",
        "LinkMp3": "https://files.catbox.moe/r37jt9.mp3",
        "annId": 12210
    },
    {
        "animeEng": "Nurse Witch Komugi R",
        "animeRomaji": "Nurse Witch Komugi R",
        "songName": "AGAIN!",
        "artist": "Yasuaki Takumi",
        "type": "Insert Song",
        "correctCount": 1,
        "startTime": 1,
        "songDuration": 33.723502,
        "songNumber": 60,
        "activePlayerCount": 141,
        "LinkVideo": "https://files.catbox.moe/2r0uy0.webm",
        "LinkMp3": "https://files.catbox.moe/c17r1h.mp3",
        "annId": 17743,
        "correctPlayers": [
            "TheOnlyOne"
        ]
    },
    {
        "animeEng": "The Familiar of Zero",
        "animeRomaji": "Zero no Tsukaima",
        "songName": "First kiss",
        "artist": "ICHIKO",
        "type": "Opening 1",
        "correctCount": 92,
        "startTime": 39,
        "songDuration": 89.304,
        "songNumber": 61,
        "activePlayerCount": 141,
        "LinkVideo": "https://files.catbox.moe/7cyhnq.webm",
        "LinkMp3": "https://files.catbox.moe/55lo2g.mp3",
        "annId": 6660
    },
    {
        "animeEng": "The Miyakawa Family's Hunger",
        "animeRomaji": "Miyakawa-ke no Kuufuku",
        "songName": "MAKEGUMI",
        "artist": "Maina Shimagata & Makoto Kawasaki",
        "type": "Ending 1",
        "correctCount": 23,
        "startTime": 41,
        "songDuration": 82.056,
        "songNumber": 62,
        "activePlayerCount": 140,
        "LinkVideo": "https://files.catbox.moe/m27i7h.webm",
        "LinkMp3": "https://files.catbox.moe/36e177.mp3",
        "annId": 15276
    },
    {
        "animeEng": "Shaman King",
        "animeRomaji": "Shaman King",
        "songName": "Over Soul",
        "artist": "Megumi Hayashibara",
        "type": "Opening 1",
        "correctCount": 65,
        "startTime": 6,
        "songDuration": 89.72907,
        "songNumber": 63,
        "activePlayerCount": 140,
        "LinkVideo": "https://files.catbox.moe/wsc6sx.webm",
        "LinkMp3": "https://files.catbox.moe/ut6623.mp3",
        "annId": 3557
    },
    {
        "animeEng": "Muteki Robo Trider G7",
        "animeRomaji": "Muteki Robo Trider G7",
        "songName": "Trider G7",
        "artist": "Isao Taira",
        "type": "Opening 1",
        "correctCount": 54,
        "startTime": 50,
        "songDuration": 88.608,
        "songNumber": 64,
        "activePlayerCount": 140,
        "LinkVideo": "https://files.catbox.moe/oqgqso.webm",
        "LinkMp3": "https://files.catbox.moe/mwddkw.mp3",
        "annId": 2460
    },
    {
        "animeEng": "Idoly Pride",
        "animeRomaji": "Idoly Pride",
        "songName": "song for you (Kotono ver.)",
        "artist": "Mirai Tachibana",
        "type": "Insert Song",
        "correctCount": 22,
        "startTime": 175,
        "songDuration": 245.064,
        "songNumber": 65,
        "activePlayerCount": 140,
        "LinkVideo": "https://files.catbox.moe/mkyvb4.webm",
        "LinkMp3": "https://files.catbox.moe/3ech7y.mp3",
        "annId": 22923
    },
    {
        "animeEng": "Uta no\u2606Prince-sama\u266aMaji LOVE Revolutions",
        "animeRomaji": "Uta no\u2606Prince-sama\u266aMaji LOVE Revolutions",
        "songName": "NEVER...",
        "artist": "Showtaro Morikubo",
        "type": "Insert Song",
        "correctCount": 10,
        "startTime": 56,
        "songDuration": 86.52,
        "songNumber": 66,
        "activePlayerCount": 140,
        "LinkVideo": "https://files.catbox.moe/m5v8ja.webm",
        "LinkMp3": "https://files.catbox.moe/99gm63.mp3",
        "annId": 16143
    },
    {
        "animeEng": "Aikatsu!",
        "animeRomaji": "Aikatsu!",
        "songName": "Wake up my music",
        "artist": "Risa\u30fbEimi",
        "type": "Insert Song",
        "correctCount": 25,
        "startTime": 41,
        "songDuration": 108.312,
        "songNumber": 67,
        "activePlayerCount": 140,
        "LinkVideo": "https://files.catbox.moe/la4x6b.webm",
        "LinkMp3": "https://files.catbox.moe/0yr96h.mp3",
        "annId": 14566
    },
    {
        "animeEng": "Patlabor The Mobile Police: The New Files",
        "animeRomaji": "Kid\u014d Keisatsu Patlabor",
        "songName": "Condition Green ~Kinkyou Hasshin~",
        "artist": "Hiroko Kasahara",
        "type": "Opening 1",
        "correctCount": 15,
        "startTime": 14,
        "songDuration": 84.6,
        "songNumber": 68,
        "activePlayerCount": 140,
        "LinkVideo": "https://files.catbox.moe/ua332k.webm",
        "LinkMp3": "https://files.catbox.moe/u3fspd.mp3",
        "annId": 409
    },
    {
        "animeEng": "Oedo wa Nemurenai!",
        "animeRomaji": "Oedo wa Nemurenai!",
        "songName": "Tokyo Ondo (Heisei Mix)",
        "artist": "Akiko Kanazawa to Soichi Terada",
        "type": "Ending 1",
        "correctCount": 8,
        "startTime": 27,
        "songDuration": 142.248,
        "songNumber": 69,
        "activePlayerCount": 139,
        "LinkVideo": "https://files.catbox.moe/txfc7v.webm",
        "LinkMp3": "https://files.catbox.moe/tac7ag.mp3",
        "annId": 4603
    },
    {
        "animeEng": "Black\u2605Rock Shooter",
        "animeRomaji": "Black\u2605Rock Shooter",
        "songName": "Bokura no Ashiato Pf Ver",
        "artist": "supercell",
        "type": "Insert Song",
        "correctCount": 50,
        "startTime": 16,
        "songDuration": 97.344,
        "songNumber": 70,
        "activePlayerCount": 139,
        "LinkVideo": "https://files.catbox.moe/aa5udz.webm",
        "LinkMp3": "https://files.catbox.moe/an84ji.mp3",
        "annId": 13310
    },
    {
        "animeEng": "Someday's Dreamers",
        "animeRomaji": "Mah\u014dtsukai ni Taisetsu na Koto",
        "songName": "Clear",
        "artist": "the Indigo",
        "type": "Insert Song",
        "correctCount": 2,
        "startTime": 5,
        "songDuration": 37.08,
        "songNumber": 71,
        "activePlayerCount": 140,
        "LinkVideo": "https://files.catbox.moe/j7xhpf.webm",
        "LinkMp3": "https://files.catbox.moe/b4gtut.mp3",
        "annId": 1372,
        "correctPlayers": [
            "shadowpandax",
            "Carmanher"
        ]
    },
    {
        "animeEng": "Tamayura: More Aggressive",
        "animeRomaji": "Tamayura: More Aggressive",
        "songName": "Kib\u014d no Katachi",
        "artist": "marble",
        "type": "Insert Song",
        "correctCount": 17,
        "startTime": 63,
        "songDuration": 131.928,
        "songNumber": 72,
        "activePlayerCount": 140,
        "LinkVideo": "https://files.catbox.moe/1rug6d.webm",
        "LinkMp3": "https://files.catbox.moe/fm2wih.mp3",
        "annId": 15126
    },
    {
        "animeEng": "Initial D: Battle Stage 2",
        "animeRomaji": "Initial D: Battle Stage 2",
        "songName": "DON'T STOP THE MUSIC 2006",
        "artist": "LOU GRANT",
        "type": "Insert Song",
        "correctCount": 8,
        "startTime": 45,
        "songDuration": 151.272,
        "songNumber": 73,
        "activePlayerCount": 140,
        "LinkVideo": "https://files.catbox.moe/palivk.webm",
        "LinkMp3": "https://files.catbox.moe/o9c6kd.mp3",
        "annId": 7986
    },
    {
        "animeEng": "Boogiepop Phantom",
        "animeRomaji": "Boogiepop wa Warawanai",
        "songName": "Yuudachi",
        "artist": "Shikao Suga",
        "type": "Opening 1",
        "correctCount": 32,
        "startTime": 27,
        "songDuration": 88.475214,
        "songNumber": 74,
        "activePlayerCount": 139,
        "LinkVideo": "https://files.catbox.moe/a1x5qo.webm",
        "LinkMp3": "https://files.catbox.moe/377qwp.mp3",
        "annId": 247
    },
    {
        "animeEng": "Satsujin Kippu wa Heart-iro",
        "animeRomaji": "Satsujin Kippu wa Heart-iro",
        "songName": "MAGICIAN ~in the midnight~",
        "artist": "Takako Oota",
        "type": "Ending 1",
        "correctCount": 7,
        "startTime": 21,
        "songDuration": 111.408,
        "songNumber": 75,
        "activePlayerCount": 140,
        "LinkVideo": "https://files.catbox.moe/rtu6wp.webm",
        "LinkMp3": "https://files.catbox.moe/wlv8w0.mp3",
        "annId": 7186
    },
    {
        "animeEng": "Code Geass: Lelouch of the Rebellion Remake Movies",
        "animeRomaji": "Code Geass: Hangyaku no Lelouch Remake Movies",
        "songName": "COLORS",
        "artist": "FLOW",
        "type": "Opening 1",
        "correctCount": 109,
        "startTime": 5,
        "songDuration": 87.874408,
        "songNumber": 76,
        "activePlayerCount": 140,
        "LinkVideo": "https://files.catbox.moe/jtpum8.webm",
        "LinkMp3": "https://files.catbox.moe/fxwss0.mp3",
        "annId": 20158
    },
    {
        "animeEng": "Daitarn 3",
        "animeRomaji": "Muteki K\u014djin Daitarn 3",
        "songName": "Toppo de Tango",
        "artist": "Koorogi '73",
        "type": "Ending 1",
        "correctCount": 86,
        "startTime": 14,
        "songDuration": 58.539402,
        "songNumber": 77,
        "activePlayerCount": 140,
        "LinkVideo": "https://files.catbox.moe/st8x9p.webm",
        "LinkMp3": "https://files.catbox.moe/0rmjfv.mp3",
        "annId": 1297
    },
    {
        "animeEng": "Rozen Maiden: Introduction",
        "animeRomaji": "Rozen Maiden: Ouvert\u00fcre",
        "songName": "Baragoku Otome",
        "artist": "ALI PROJECT",
        "type": "Opening 1",
        "correctCount": 18,
        "startTime": 49,
        "songDuration": 89.352,
        "songNumber": 78,
        "activePlayerCount": 140,
        "LinkVideo": "https://files.catbox.moe/89pvs6.webm",
        "LinkMp3": "https://files.catbox.moe/g42lbd.mp3",
        "annId": 7031
    },
    {
        "animeEng": "Pretty Rhythm Rainbow Live",
        "animeRomaji": "Pretty Rhythm Rainbow Live",
        "songName": "RainBow\u00d7RainBow",
        "artist": "Prism\u2606Box",
        "type": "Insert Song",
        "correctCount": 51,
        "startTime": 0,
        "songDuration": 28.464,
        "songNumber": 79,
        "activePlayerCount": 140,
        "LinkVideo": "https://files.catbox.moe/03ny1n.webm",
        "LinkMp3": "https://files.catbox.moe/n9jysc.mp3",
        "annId": 15094
    },
    {
        "animeEng": "Tea Dogs",
        "animeRomaji": "Ocha-ken: Chokotto Monogatari",
        "songName": "Ochaccha Ocha-ken ~Monbushou Shouka 'Chatsumi' Melody yori~",
        "artist": "Ocha-ken Singers",
        "type": "Ending 1",
        "correctCount": 48,
        "startTime": 1,
        "songDuration": 30.118666,
        "songNumber": 80,
        "activePlayerCount": 140,
        "LinkVideo": "https://files.catbox.moe/412t1a.webm",
        "LinkMp3": "https://files.catbox.moe/op5cvr.mp3",
        "annId": 3015
    },
    {
        "animeEng": "Saekano: How to Raise a Boring Girlfriend",
        "animeRomaji": "Saenai Heroine no Sodate-kata",
        "songName": "M\u266d",
        "artist": "Kiyono Yasuno",
        "type": "Insert Song",
        "correctCount": 37,
        "startTime": 10,
        "songDuration": 85.008,
        "songNumber": 81,
        "activePlayerCount": 140,
        "LinkVideo": "https://files.catbox.moe/491jhc.webm",
        "LinkMp3": "https://files.catbox.moe/9jijbv.mp3",
        "annId": 16141
    },
    {
        "animeEng": "Lupin III: Green vs Red",
        "animeRomaji": "Lupin Sansei: Green vs Red",
        "songName": "Honoo no Takaramono",
        "artist": "BOBBY",
        "type": "Insert Song",
        "correctCount": 44,
        "startTime": 54,
        "songDuration": 85.128,
        "songNumber": 82,
        "activePlayerCount": 141,
        "LinkVideo": "https://files.catbox.moe/hr15te.webm",
        "LinkMp3": "https://files.catbox.moe/1wvyi6.mp3",
        "annId": 8868
    },
    {
        "animeEng": "K-On! Season 2",
        "animeRomaji": "K-On!!",
        "songName": "Pure Pure Heart",
        "artist": "Ho-Kago Tea Time - HTT",
        "type": "Insert Song",
        "correctCount": 35,
        "startTime": 53,
        "songDuration": 152.52,
        "songNumber": 83,
        "activePlayerCount": 141,
        "LinkVideo": "https://files.catbox.moe/vasi6z.webm",
        "LinkMp3": "https://files.catbox.moe/3da7po.mp3",
        "annId": 11262
    },
    {
        "animeEng": "Time Bokan 2000: Kait\u014d Kiramekiman",
        "animeRomaji": "Time Bokan 2000: Kait\u014d Kiramekiman",
        "songName": "Kaitou Kiramekiman no Uta",
        "artist": "Masayuki Yamamoto & Pink Piggies",
        "type": "Opening 1",
        "correctCount": 3,
        "startTime": 25,
        "songDuration": 83.064,
        "songNumber": 84,
        "activePlayerCount": 141,
        "LinkVideo": "https://files.catbox.moe/4fg9qz.webm",
        "LinkMp3": "https://files.catbox.moe/9hbdmw.mp3",
        "annId": 170,
        "correctPlayers": [
            "watashiii",
            "theyingster",
            "MEGA_RNG_MAN"
        ]
    },
    {
        "animeEng": "Aquarion",
        "animeRomaji": "Aquarion",
        "songName": "S\u014dsei no Aquarion",
        "artist": "AKINO",
        "type": "Ending 1",
        "correctCount": 79,
        "startTime": 66,
        "songDuration": 193.56,
        "songNumber": 85,
        "activePlayerCount": 141,
        "LinkVideo": "https://files.catbox.moe/h31880.webm",
        "LinkMp3": "https://files.catbox.moe/z3oukq.mp3",
        "annId": 8370
    }
]