[
    {
        "animeEng": "Only Yesterday",
        "animeRomaji": "Omoide Poroporo",
        "songName": "Sayonara wa Dance no Ato ni",
        "artist": "Chieko Baisho",
        "type": "Insert Song",
        "correctCount": 3,
        "startTime": 8,
        "songDuration": 85.056,
        "songNumber": 1,
        "activePlayerCount": 97,
        "LinkVideo": "https://files.catbox.moe/l100xq.webm",
        "LinkMp3": "https://files.catbox.moe/0irwps.mp3",
        "annId": 810,
        "correctPlayers": [
            "gro42",
            "Mika_tw",
            "milkmilk"
        ]
    },
    {
        "animeEng": "Anime-Gataris",
        "animeRomaji": "Animegataris",
        "songName": "Aikotoba",
        "artist": "GARNiDELiA",
        "type": "Opening 1",
        "correctCount": 30,
        "startTime": 9,
        "songDuration": 88.536,
        "songNumber": 2,
        "activePlayerCount": 98,
        "LinkVideo": "https://files.catbox.moe/c3bd5m.webm",
        "LinkMp3": "https://files.catbox.moe/y919rc.mp3",
        "annId": 19480
    },
    {
        "animeEng": "Astro Boy",
        "animeRomaji": "Astro Boy Tetsuwan Atom",
        "songName": "Tetsuwan Atom",
        "artist": "ZONE",
        "type": "Ending 2",
        "correctCount": 17,
        "startTime": 26,
        "songDuration": 73.728,
        "songNumber": 3,
        "activePlayerCount": 98,
        "LinkVideo": "https://files.catbox.moe/n7svad.webm",
        "LinkMp3": "https://files.catbox.moe/gcoh4h.mp3",
        "annId": 1962
    },
    {
        "animeEng": "Pok\u00e9mon: Mega Evolution Special I",
        "animeRomaji": "Pocket Monsters XY Tokubetsu-hen: Saiky\u014d Mega Shinka Act I",
        "songName": "Mega V (Volt)",
        "artist": "Yusuke",
        "type": "Ending 1",
        "correctCount": 65,
        "startTime": 4,
        "songDuration": 55.104,
        "songNumber": 4,
        "activePlayerCount": 99,
        "LinkVideo": "https://files.catbox.moe/2nsuyo.webm",
        "LinkMp3": "https://files.catbox.moe/1rkgfc.mp3",
        "annId": 17651
    },
    {
        "animeEng": "Mobile Suit Gundam 0080: War in the Pocket",
        "animeRomaji": "Kid\u014d Senshi Gundam 0080: Pocket no Naka no Sens\u014d",
        "songName": "Itsuka Sora ni Todoite",
        "artist": "Megumi Shiina",
        "type": "Opening 1",
        "correctCount": 26,
        "startTime": 65,
        "songDuration": 100.512,
        "songNumber": 5,
        "activePlayerCount": 100,
        "LinkVideo": "https://files.catbox.moe/hva6fj.webm",
        "LinkMp3": "https://files.catbox.moe/u3y2mq.mp3",
        "annId": 22
    },
    {
        "animeEng": "Initial D: Battle Stage 3",
        "animeRomaji": "Initial D: Battle Stage 3",
        "songName": "MAYA",
        "artist": "PAUL HARRIS & CHERRY",
        "type": "Insert Song",
        "correctCount": 6,
        "startTime": 62,
        "songDuration": 123.456,
        "songNumber": 6,
        "activePlayerCount": 101,
        "LinkVideo": "https://files.catbox.moe/thrwr9.webm",
        "LinkMp3": "https://files.catbox.moe/la5b8y.mp3",
        "annId": 24123
    },
    {
        "animeEng": "7SEEDS",
        "animeRomaji": "7SEEDS",
        "songName": "From The Seeds",
        "artist": "Mone Kamishiraishi",
        "type": "Opening 1",
        "correctCount": 17,
        "startTime": 45,
        "songDuration": 84.864,
        "songNumber": 7,
        "activePlayerCount": 105,
        "LinkVideo": "https://files.catbox.moe/2ch1ua.webm",
        "LinkMp3": "https://files.catbox.moe/m8v1cs.mp3",
        "annId": 22953
    },
    {
        "animeEng": "A Bridge to the Starry Skies",
        "animeRomaji": "Hoshizora e Kakaru Hashi",
        "songName": "Mighty Girl Power de\u2606",
        "artist": "Aiko \u014ckubo",
        "type": "Insert Song",
        "correctCount": 13,
        "startTime": 1,
        "songDuration": 30.048,
        "songNumber": 8,
        "activePlayerCount": 107,
        "LinkVideo": "https://files.catbox.moe/nxzhiv.webm",
        "LinkMp3": "https://files.catbox.moe/csntme.mp3",
        "annId": 12339
    },
    {
        "animeEng": "Don't Toy With Me, Miss Nagatoro",
        "animeRomaji": "Ijiranaide, Nagatoro-san",
        "songName": "Colorful Canvas",
        "artist": "Gin (BUSTED ROSE)",
        "type": "Ending 2",
        "correctCount": 35,
        "startTime": 43,
        "songDuration": 89.513,
        "songNumber": 9,
        "activePlayerCount": 107,
        "LinkVideo": "https://files.catbox.moe/zlur2t.webm",
        "annId": 23755
    },
    {
        "animeEng": "Upotte!!",
        "animeRomaji": "Upotte!!",
        "songName": "I.N.G.",
        "artist": "sweet ARMS",
        "type": "Opening 1",
        "correctCount": 9,
        "startTime": 19,
        "songDuration": 88.512,
        "songNumber": 10,
        "activePlayerCount": 109,
        "LinkVideo": "https://files.catbox.moe/b11wi4.webm",
        "LinkMp3": "https://files.catbox.moe/vm5kyo.mp3",
        "annId": 13808
    },
    {
        "animeEng": "Lovely Muuuuuuuco!",
        "animeRomaji": "Itoshi no Muco",
        "songName": "SUKI!SUKI!SUKI!",
        "artist": "Hitomi Yoshida",
        "type": "Opening 1",
        "correctCount": 1,
        "startTime": 11,
        "songDuration": 89.264,
        "songNumber": 11,
        "activePlayerCount": 109,
        "LinkVideo": "https://files.catbox.moe/lgenly.webm",
        "annId": 17043,
        "correctPlayers": [
            "Mikan_Tsumiki"
        ]
    },
    {
        "animeEng": "Yatterman",
        "animeRomaji": "Yatterman: Shin Yatter Mecha Daishuug\u014d! Omocha no Kuni de Daikessen da Koron!",
        "songName": "Tensai Doronbou Gekijou Anime-ban",
        "artist": "Noriko Ohara/Jouji Yanami/Kazuya Tatekabe",
        "type": "Insert Song",
        "correctCount": 6,
        "startTime": 38,
        "songDuration": 78,
        "songNumber": 12,
        "activePlayerCount": 111,
        "LinkVideo": "https://files.catbox.moe/zwf5ih.webm",
        "LinkMp3": "https://files.catbox.moe/curyiq.mp3",
        "annId": 10848
    },
    {
        "animeEng": "Bad Boys",
        "animeRomaji": "Bad Boys",
        "songName": "Ai no Kakera",
        "artist": "REPLICA",
        "type": "Insert Song",
        "correctCount": 0,
        "startTime": 23,
        "songDuration": 72.36,
        "songNumber": 13,
        "activePlayerCount": 112,
        "LinkVideo": "https://files.catbox.moe/br077u.webm",
        "LinkMp3": "https://files.catbox.moe/2ex7sd.mp3",
        "annId": 3260
    },
    {
        "animeEng": "Alice or Alice",
        "animeRomaji": "Alice or Alice",
        "songName": "A or A!?",
        "artist": "petit milady",
        "type": "Opening 1",
        "correctCount": 51,
        "startTime": 1,
        "songDuration": 30.096,
        "songNumber": 14,
        "activePlayerCount": 112,
        "LinkVideo": "https://files.catbox.moe/toaol0.webm",
        "LinkMp3": "https://files.catbox.moe/m3vmcu.mp3",
        "annId": 19934
    },
    {
        "animeEng": "Tokyo Ghoul: Root A",
        "animeRomaji": "Tokyo Ghoul \u221aA",
        "songName": "unravel (Acoustic Version)",
        "artist": "TK from Ling Tosite Sigure",
        "type": "Insert Song",
        "correctCount": 59,
        "startTime": 25,
        "songDuration": 224.472,
        "songNumber": 15,
        "activePlayerCount": 112,
        "LinkVideo": "https://files.catbox.moe/ktrg83.webm",
        "LinkMp3": "https://files.catbox.moe/dhmq5j.mp3",
        "annId": 16318
    },
    {
        "animeEng": "Diabolik Lovers",
        "animeRomaji": "Diabolik Lovers",
        "songName": "Mr. SADISTIC NIGHT",
        "artist": "Hikaru Midorikawa & Kousuke Toriumi",
        "type": "Opening 1",
        "correctCount": 26,
        "startTime": 48,
        "songDuration": 89.448,
        "songNumber": 16,
        "activePlayerCount": 113,
        "LinkVideo": "https://files.catbox.moe/xvti2o.webm",
        "LinkMp3": "https://files.catbox.moe/nm7xs1.mp3",
        "annId": 15150
    },
    {
        "animeEng": "Zonmi-chan: Meat Pie of the Dead",
        "animeRomaji": "Zonmi-chan: Meat Pie of the Dead",
        "songName": "dreamer",
        "artist": "1er cru",
        "type": "Ending 1",
        "correctCount": 17,
        "startTime": 5,
        "songDuration": 38.304,
        "songNumber": 17,
        "activePlayerCount": 113,
        "LinkVideo": "https://files.catbox.moe/oqk2m6.webm",
        "LinkMp3": "https://files.catbox.moe/monnjm.mp3",
        "annId": 23248
    },
    {
        "animeEng": "Granbelm",
        "animeRomaji": "Granbelm",
        "songName": "Negai",
        "artist": "Uru",
        "type": "Ending 1",
        "correctCount": 16,
        "startTime": 26,
        "songDuration": 88.92,
        "songNumber": 18,
        "activePlayerCount": 113,
        "LinkVideo": "https://files.catbox.moe/o97sy4.webm",
        "LinkMp3": "https://files.catbox.moe/qcv9li.mp3",
        "annId": 21873
    },
    {
        "animeEng": "BanG Dream! Asonjatta!",
        "animeRomaji": "BanG Dream! Asonjatta!",
        "songName": "Tokimeki Experience!",
        "artist": "Poppin'Party",
        "type": "Opening 1",
        "correctCount": 67,
        "startTime": 58,
        "songDuration": 89.52,
        "songNumber": 19,
        "activePlayerCount": 113,
        "LinkVideo": "https://files.catbox.moe/x7cq1w.webm",
        "LinkMp3": "https://files.catbox.moe/r4179y.mp3",
        "annId": 22411
    },
    {
        "animeEng": "Hinamatsuri",
        "animeRomaji": "Hinamatsuri",
        "songName": "Distance",
        "artist": "Rie Murakawa",
        "type": "Opening 1",
        "correctCount": 46,
        "startTime": 31,
        "songDuration": 88.056,
        "songNumber": 20,
        "activePlayerCount": 113,
        "LinkVideo": "https://files.catbox.moe/wrl3l8.webm",
        "LinkMp3": "https://files.catbox.moe/pztl6j.mp3",
        "annId": 20335
    },
    {
        "animeEng": "Tesagure! Bukatsu-mono",
        "animeRomaji": "Tesagure! Bukatsu-mono",
        "songName": "Stand Up!!!!",
        "artist": "Asuka Nishi, Satomi Akesaka, Karin Ogino, Ayaka Ohashi",
        "type": "Opening 1",
        "correctCount": 18,
        "startTime": 6,
        "songDuration": 51.696,
        "songNumber": 21,
        "activePlayerCount": 114,
        "LinkVideo": "https://files.catbox.moe/xnmv1k.webm",
        "LinkMp3": "https://files.catbox.moe/1jwa50.mp3",
        "annId": 15549
    },
    {
        "animeEng": "The Disappearance of Nagato Yuki-chan",
        "animeRomaji": "Nagato Yuki-chan no Sh\u014dshitsu",
        "songName": "Arigat\u014d, Daisuki",
        "artist": "Minori Chihara",
        "type": "Ending 2",
        "correctCount": 13,
        "startTime": 13,
        "songDuration": 87.96,
        "songNumber": 22,
        "activePlayerCount": 115,
        "LinkVideo": "https://files.catbox.moe/lqahf1.webm",
        "LinkMp3": "https://files.catbox.moe/gfg955.mp3",
        "annId": 16250
    },
    {
        "animeEng": "Kanon",
        "animeRomaji": "Kanon",
        "songName": "Kaze no Tadori Tsuku Basho",
        "artist": "Ayana",
        "type": "Ending 1",
        "correctCount": 29,
        "startTime": 23,
        "songDuration": 89.256,
        "songNumber": 23,
        "activePlayerCount": 114,
        "LinkVideo": "https://files.catbox.moe/gujhr3.webm",
        "LinkMp3": "https://files.catbox.moe/p6ycpy.mp3",
        "annId": 6431
    },
    {
        "animeEng": "God Mars",
        "animeRomaji": "Rokushin Gattai God Mars",
        "songName": "Ai no Kinjitou God Mars",
        "artist": "Ippo Hiura",
        "type": "Ending 1",
        "correctCount": 6,
        "startTime": 27,
        "songDuration": 66.672,
        "songNumber": 24,
        "activePlayerCount": 116,
        "LinkVideo": "https://files.catbox.moe/bvhfsi.webm",
        "LinkMp3": "https://files.catbox.moe/v432fh.mp3",
        "annId": 2033
    },
    {
        "animeEng": "Togainu no Chi",
        "animeRomaji": "Togainu no Chi",
        "songName": "Don't Stare Me",
        "artist": "VERTUEUX",
        "type": "Ending 3",
        "correctCount": 1,
        "startTime": 27,
        "songDuration": 97.872,
        "songNumber": 25,
        "activePlayerCount": 115,
        "LinkVideo": "https://files.catbox.moe/ceklrr.webm",
        "LinkMp3": "https://files.catbox.moe/kh27of.mp3",
        "annId": 11371,
        "correctPlayers": [
            "ArronChu"
        ]
    },
    {
        "animeEng": "DRAGON PILOT: Hisone & Masotan",
        "animeRomaji": "Hisone to Masotan",
        "songName": "Le temps de la rentr\u00e9e ~Koi no Ieji (Shingakki)~",
        "artist": "Misaki Kuno\u00d7Tomoyo Kurosawa\u00d7Maki Kawase\u00d7Kaori Nazuka\u00d7Satomi Arai",
        "type": "Ending 8",
        "correctCount": 50,
        "startTime": 60,
        "songDuration": 88.057262,
        "songNumber": 26,
        "activePlayerCount": 113,
        "LinkVideo": "https://files.catbox.moe/u52mom.webm",
        "LinkMp3": "https://files.catbox.moe/3n02ap.mp3",
        "annId": 20625
    },
    {
        "animeEng": "Living for the Day After Tomorrow",
        "animeRomaji": "Asatte no H\u014dk\u014d.",
        "songName": "Sweet Home Song",
        "artist": "Yuumao",
        "type": "Ending 1",
        "correctCount": 2,
        "startTime": 13,
        "songDuration": 87.952774,
        "songNumber": 27,
        "activePlayerCount": 114,
        "LinkVideo": "https://files.catbox.moe/v5m22s.webm",
        "LinkMp3": "https://files.catbox.moe/hurq02.mp3",
        "annId": 6547,
        "correctPlayers": [
            "yahallonyanpasu",
            "milkmilk"
        ]
    },
    {
        "animeEng": "K-On! Season 2",
        "animeRomaji": "K-On!!",
        "songName": "Gohan wa Okazu",
        "artist": "Ho-Kago Tea Time",
        "type": "Insert Song",
        "correctCount": 75,
        "startTime": 21,
        "songDuration": 98.76,
        "songNumber": 28,
        "activePlayerCount": 114,
        "LinkVideo": "https://files.catbox.moe/kvvkmt.webm",
        "LinkMp3": "https://files.catbox.moe/zfx1nu.mp3",
        "annId": 11262
    },
    {
        "animeEng": "Afro Samurai",
        "animeRomaji": "Afro Samurai",
        "songName": "THE WALK",
        "artist": "Stone Mecca",
        "type": "Insert Song",
        "correctCount": 4,
        "startTime": 14,
        "songDuration": 89.832,
        "songNumber": 29,
        "activePlayerCount": 113,
        "LinkVideo": "https://files.catbox.moe/x47lhu.webm",
        "LinkMp3": "https://files.catbox.moe/mb83bz.mp3",
        "annId": 5275,
        "correctPlayers": [
            "gro42",
            "Rukawa11",
            "Shuuka",
            "HonooNoViolence"
        ]
    },
    {
        "animeEng": "Fist of the Blue Sky Regenesis",
        "animeRomaji": "Souten no Ken REGENESIS",
        "songName": "Soul Seeker",
        "artist": "Crossfaith",
        "type": "Opening 1",
        "correctCount": 7,
        "startTime": 0,
        "songDuration": 85.053232,
        "songNumber": 30,
        "activePlayerCount": 113,
        "LinkVideo": "https://files.catbox.moe/robyfd.webm",
        "LinkMp3": "https://files.catbox.moe/oc3hpr.mp3",
        "annId": 21133
    },
    {
        "animeEng": "Case Closed",
        "animeRomaji": "Meitantei Conan",
        "songName": "Everlasting Luv",
        "artist": "BREAKERZ",
        "type": "Opening 26",
        "correctCount": 20,
        "startTime": 22,
        "songDuration": 112.752,
        "songNumber": 31,
        "activePlayerCount": 113,
        "LinkVideo": "https://files.catbox.moe/a0o87i.webm",
        "LinkMp3": "https://files.catbox.moe/1iv2ly.mp3",
        "annId": 454
    },
    {
        "animeEng": "Hypnosis Mic: Division Rap Battle - Rhyme Anima",
        "animeRomaji": "Hypnosis Mic: Division Rap Battle - Rhyme Anima",
        "songName": "Kizuna -SHIBUYA ver.-",
        "artist": "Fling Posse",
        "type": "Ending 3",
        "correctCount": 64,
        "startTime": 3,
        "songDuration": 88.272,
        "songNumber": 32,
        "activePlayerCount": 112,
        "LinkVideo": "https://files.catbox.moe/kvbjb0.webm",
        "LinkMp3": "https://files.catbox.moe/z69bfy.mp3",
        "annId": 22902
    },
    {
        "animeEng": "The Disastrous Life of Saiki K.",
        "animeRomaji": "Saiki Kusuo no Psi Nan",
        "songName": "Oteage Psychics",
        "artist": "Shiggy Jr.",
        "type": "Opening 1",
        "correctCount": 73,
        "startTime": 29,
        "songDuration": 87.744,
        "songNumber": 33,
        "activePlayerCount": 113,
        "LinkVideo": "https://files.catbox.moe/rmhlw0.webm",
        "LinkMp3": "https://files.catbox.moe/ht2oo4.mp3",
        "annId": 21649
    },
    {
        "animeEng": "BECK: Mongolian Chop Squad",
        "animeRomaji": "BECK: Mongolian Chop Squad",
        "songName": "Genki o Dashite",
        "artist": "Mio Saeki",
        "type": "Insert Song",
        "correctCount": 3,
        "startTime": 0,
        "songDuration": 29.491738,
        "songNumber": 34,
        "activePlayerCount": 112,
        "LinkVideo": "https://files.catbox.moe/l2zw1q.webm",
        "LinkMp3": "https://files.catbox.moe/n3qzk8.mp3",
        "annId": 4404,
        "correctPlayers": [
            "Sirius777",
            "ChelIy",
            "nicoliie"
        ]
    },
    {
        "animeEng": "Senki Zessh\u014d Symphogear AXZ",
        "animeRomaji": "Senki Zessh\u014d Symphogear AXZ",
        "songName": "Senritsu Sorority(IGNITED arrangement)",
        "artist": "Y\u014dko Hikasa, Yoshino Nanj\u014d, Ai Kayano",
        "type": "Insert Song",
        "correctCount": 24,
        "startTime": 9,
        "songDuration": 53.04,
        "songNumber": 35,
        "activePlayerCount": 111,
        "LinkVideo": "https://files.catbox.moe/n4kpt5.webm",
        "LinkMp3": "https://files.catbox.moe/tfnluk.mp3",
        "annId": 19724
    },
    {
        "animeEng": "Mazinkaiser",
        "animeRomaji": "Mazinkaiser",
        "songName": "FIRE WARS",
        "artist": "JAM Project featuring Hironobu Kageyama",
        "type": "Opening 1",
        "correctCount": 14,
        "startTime": 12,
        "songDuration": 89.136,
        "songNumber": 36,
        "activePlayerCount": 111,
        "LinkVideo": "https://files.catbox.moe/7af0g8.webm",
        "LinkMp3": "https://files.catbox.moe/t1ike1.mp3",
        "annId": 1007
    },
    {
        "animeEng": "Magical Star Kanon 100%",
        "animeRomaji": "Magical Star Kanon 100%",
        "songName": "Happy Crescent",
        "artist": "Nao T\u014dyama",
        "type": "Insert Song",
        "correctCount": 51,
        "startTime": 28,
        "songDuration": 90.48,
        "songNumber": 37,
        "activePlayerCount": 110,
        "LinkVideo": "https://files.catbox.moe/ac5n26.webm",
        "LinkMp3": "https://files.catbox.moe/gzrq7x.mp3",
        "annId": 15378
    },
    {
        "animeEng": "Island",
        "animeRomaji": "Island",
        "songName": "Lasting Memories",
        "artist": "Yukari Tamura",
        "type": "Insert Song",
        "correctCount": 37,
        "startTime": 18,
        "songDuration": 56.736,
        "songNumber": 38,
        "activePlayerCount": 110,
        "LinkVideo": "https://files.catbox.moe/u0egok.webm",
        "LinkMp3": "https://files.catbox.moe/3sb7wy.mp3",
        "annId": 18175
    },
    {
        "animeEng": "BECK: Mongolian Chop Squad",
        "animeRomaji": "BECK: Mongolian Chop Squad",
        "songName": "like a Foojin",
        "artist": "Kazuya Hirabayashi & TATSUZO",
        "type": "Insert Song",
        "correctCount": 22,
        "startTime": 4,
        "songDuration": 74.212602,
        "songNumber": 39,
        "activePlayerCount": 109,
        "LinkVideo": "https://files.catbox.moe/3hfq94.webm",
        "LinkMp3": "https://files.catbox.moe/1v9ohe.mp3",
        "annId": 4404
    },
    {
        "animeEng": "Kuma Kuma Kuma Bear",
        "animeRomaji": "Kuma Kuma Kuma Bear",
        "songName": "Ano ne.",
        "artist": "Maki Kawase",
        "type": "Ending 1",
        "correctCount": 41,
        "startTime": 16,
        "songDuration": 88.056,
        "songNumber": 40,
        "activePlayerCount": 109,
        "LinkVideo": "https://files.catbox.moe/32v5h4.webm",
        "LinkMp3": "https://files.catbox.moe/xp7sw9.mp3",
        "annId": 23127
    },
    {
        "animeEng": "Peter Grill and the Philosopher's Time",
        "animeRomaji": "Peter Grill to Kenja no Jikan",
        "songName": "Yoridokoro",
        "artist": "Hilcrhyme",
        "type": "Ending 1",
        "correctCount": 31,
        "startTime": 26,
        "songDuration": 58.992,
        "songNumber": 41,
        "activePlayerCount": 110,
        "LinkVideo": "https://files.catbox.moe/xlzlvz.webm",
        "LinkMp3": "https://files.catbox.moe/7z2cwe.mp3",
        "annId": 22963
    },
    {
        "animeEng": "Santa Company: Christmas no Himitsu",
        "animeRomaji": "Santa Company: Christmas no Himitsu",
        "songName": "Christmas Night",
        "artist": "Minori Chihara",
        "type": "Ending 1",
        "correctCount": 9,
        "startTime": 149,
        "songDuration": 242.064,
        "songNumber": 42,
        "activePlayerCount": 110,
        "LinkVideo": "https://files.catbox.moe/dfbcj5.webm",
        "LinkMp3": "https://files.catbox.moe/bfz5t7.mp3",
        "annId": 22542
    },
    {
        "animeEng": "The Disastrous Life of Saiki K.",
        "animeRomaji": "Saiki Kusuo no Psi Nan",
        "songName": "Sai \u03a8 Sai K\u014dch\u014d!",
        "artist": "Dempagumi.inc",
        "type": "Opening 2",
        "correctCount": 51,
        "startTime": 46,
        "songDuration": 88.872,
        "songNumber": 43,
        "activePlayerCount": 110,
        "LinkVideo": "https://files.catbox.moe/i4zj7t.webm",
        "LinkMp3": "https://files.catbox.moe/d5rlfy.mp3",
        "annId": 18401
    },
    {
        "animeEng": "Chobits",
        "animeRomaji": "Chobits",
        "songName": "Let Me Be With You",
        "artist": "ROUND TABLE featuring Nino",
        "type": "Opening 1",
        "correctCount": 79,
        "startTime": 10,
        "songDuration": 89.064,
        "songNumber": 44,
        "activePlayerCount": 110,
        "LinkVideo": "https://files.catbox.moe/0dz49k.webm",
        "LinkMp3": "https://files.catbox.moe/5venr9.mp3",
        "annId": 6098
    },
    {
        "animeEng": "Brynhildr in the Darkness",
        "animeRomaji": "Gokukoku no Brynhildr",
        "songName": "Virtue and Vice",
        "artist": "Fear, and Loathing in Las Vegas",
        "type": "Opening 2",
        "correctCount": 58,
        "startTime": 48,
        "songDuration": 91.056,
        "songNumber": 45,
        "activePlayerCount": 110,
        "LinkVideo": "https://files.catbox.moe/oofz6h.webm",
        "LinkMp3": "https://files.catbox.moe/2w277f.mp3",
        "annId": 15757
    },
    {
        "animeEng": "B-PROJECT",
        "animeRomaji": "B-PROJECT: Kod\u014d*Ambitious",
        "songName": "Eikyuu Paradise",
        "artist": "B-PROJECT",
        "type": "Insert Song",
        "correctCount": 7,
        "startTime": 9,
        "songDuration": 38.208,
        "songNumber": 46,
        "activePlayerCount": 111,
        "LinkVideo": "https://files.catbox.moe/e26jpx.webm",
        "LinkMp3": "https://files.catbox.moe/1az3l4.mp3",
        "annId": 18189
    },
    {
        "animeEng": "Seraph of the End: Vampire Reign",
        "animeRomaji": "Owari no Seraph",
        "songName": "X.U.",
        "artist": "SawanoHiroyuki[nZk]:Gemie",
        "type": "Opening 1",
        "correctCount": 79,
        "startTime": 11,
        "songDuration": 86.064,
        "songNumber": 47,
        "activePlayerCount": 112,
        "LinkVideo": "https://files.catbox.moe/p1wbgj.webm",
        "LinkMp3": "https://files.catbox.moe/6dn35v.mp3",
        "annId": 16357
    },
    {
        "animeEng": "Hakata Tonkotsu Ramens",
        "animeRomaji": "Hakata Tonkotsu Ramens",
        "songName": "Stray",
        "artist": "Kishida Ky\u014ddan &THE Akeboshi Rockets",
        "type": "Opening 1",
        "correctCount": 57,
        "startTime": 3,
        "songDuration": 90.072,
        "songNumber": 48,
        "activePlayerCount": 112,
        "LinkVideo": "https://files.catbox.moe/u3bbgl.webm",
        "LinkMp3": "https://files.catbox.moe/crobdq.mp3",
        "annId": 20014
    },
    {
        "animeEng": "Mobile Suit Gundam: The 08th MS Team",
        "animeRomaji": "Kid\u014d Senshi Gundam: Dai 08 MS Sh\u014dtai",
        "songName": "TEN YEARS AFTER",
        "artist": "Chihiro Yonekura",
        "type": "Ending 1",
        "correctCount": 20,
        "startTime": 52,
        "songDuration": 90.144,
        "songNumber": 49,
        "activePlayerCount": 113,
        "LinkVideo": "https://files.catbox.moe/jteg0x.webm",
        "LinkMp3": "https://files.catbox.moe/sm5een.mp3",
        "annId": 24
    },
    {
        "animeEng": "Vampire Hunter D: Bloodlust",
        "animeRomaji": "Vampire Hunter D: Bloodlust",
        "songName": "Tooku made",
        "artist": "Do As Infinity",
        "type": "Ending 1",
        "correctCount": 10,
        "startTime": 209,
        "songDuration": 251.04,
        "songNumber": 50,
        "activePlayerCount": 113,
        "LinkVideo": "https://files.catbox.moe/ni849v.webm",
        "LinkMp3": "https://files.catbox.moe/os83fo.mp3",
        "annId": 238
    },
    {
        "animeEng": "Theatre of Darkness: Yamishibai",
        "animeRomaji": "Yami Shibai",
        "songName": "Naa? Naa? Naa?",
        "artist": "The Mirraz",
        "type": "Ending 1",
        "correctCount": 33,
        "startTime": 0,
        "songDuration": 29.088,
        "songNumber": 51,
        "activePlayerCount": 113,
        "LinkVideo": "https://files.catbox.moe/vmbwtx.webm",
        "LinkMp3": "https://files.catbox.moe/7g92eu.mp3",
        "annId": 17778
    },
    {
        "animeEng": "Getbackers",
        "animeRomaji": "Getbackers",
        "songName": "Yuragu Koto Nai Ai",
        "artist": "Naomi Tamura",
        "type": "Opening 1",
        "correctCount": 8,
        "startTime": 14,
        "songDuration": 89.256,
        "songNumber": 52,
        "activePlayerCount": 114,
        "LinkVideo": "https://files.catbox.moe/72cvfv.webm",
        "LinkMp3": "https://files.catbox.moe/4gimv3.mp3",
        "annId": 1840
    },
    {
        "animeEng": "Parappa the Rapper",
        "animeRomaji": "PaRappa Rappa",
        "songName": "LOVE TOGETHER ~Parappa Rapper MIX~",
        "artist": "NONA REEVES",
        "type": "Opening 1",
        "correctCount": 6,
        "startTime": 31,
        "songDuration": 97.848,
        "songNumber": 53,
        "activePlayerCount": 115,
        "LinkVideo": "https://files.catbox.moe/bvzw24.webm",
        "LinkMp3": "https://files.catbox.moe/ehyyjv.mp3",
        "annId": 1950
    },
    {
        "animeEng": "Code Geass: Lelouch of the Rebellion R2 Special Edition 'Zero Requiem'",
        "animeRomaji": "Code Geass: Lelouch of the Rebellion R2 Special Edition 'Zero Requiem'",
        "songName": "Continued Story",
        "artist": "Hitomi",
        "type": "Ending 1",
        "correctCount": 78,
        "startTime": 116,
        "songDuration": 173.784,
        "songNumber": 54,
        "activePlayerCount": 116,
        "LinkVideo": "https://files.catbox.moe/8nnztk.webm",
        "LinkMp3": "https://files.catbox.moe/ylkpyc.mp3",
        "annId": 15381
    },
    {
        "animeEng": "Digimon Adventure tri. Chapter 1: Reunion",
        "animeRomaji": "Digimon Adventure tri. Saikai",
        "songName": "I wish~tri.Version~",
        "artist": "AiM",
        "type": "Ending 1",
        "correctCount": 8,
        "startTime": 3,
        "songDuration": 220.056,
        "songNumber": 55,
        "activePlayerCount": 116,
        "LinkVideo": "https://files.catbox.moe/9amjpe.webm",
        "LinkMp3": "https://files.catbox.moe/7qdeyq.mp3",
        "annId": 16310
    },
    {
        "animeEng": "Love Hina Spring Special: I Wish Your Dream",
        "animeRomaji": "Love Hina Haru Special: Kimi Sakura Chiru Nakare!!",
        "songName": "Sakura Saku",
        "artist": "Megumi Hayashibara",
        "type": "Ending 1",
        "correctCount": 81,
        "startTime": 30,
        "songDuration": 90.12,
        "songNumber": 56,
        "activePlayerCount": 116,
        "LinkVideo": "https://files.catbox.moe/9y26ih.webm",
        "LinkMp3": "https://files.catbox.moe/gu8ymt.mp3",
        "annId": 866
    },
    {
        "animeEng": "Princess Resurrection",
        "animeRomaji": "Kaibutsu \u014cjo",
        "songName": "Outeki Ketsuzoku",
        "artist": "ALI PROJECT",
        "type": "Insert Song",
        "correctCount": 6,
        "startTime": 8,
        "songDuration": 53.016,
        "songNumber": 57,
        "activePlayerCount": 116,
        "LinkVideo": "https://files.catbox.moe/9ixbwx.webm",
        "LinkMp3": "https://files.catbox.moe/1hjarn.mp3",
        "annId": 7420
    },
    {
        "animeEng": "Tamako Market",
        "animeRomaji": "Tamako Market",
        "songName": "My Love's Like",
        "artist": "Cage North",
        "type": "Insert Song",
        "correctCount": 12,
        "startTime": 0,
        "songDuration": 98.304,
        "songNumber": 58,
        "activePlayerCount": 114,
        "LinkVideo": "https://files.catbox.moe/ui4lr6.webm",
        "LinkMp3": "https://files.catbox.moe/fbse6d.mp3",
        "annId": 14908
    },
    {
        "animeEng": "Pop Team Epic",
        "animeRomaji": "Poputepipikku",
        "songName": "Uretai Monkeys (Danshi ver.)",
        "artist": "Orikou Monkeys",
        "type": "Insert Song",
        "correctCount": 40,
        "startTime": 5,
        "songDuration": 39.048,
        "songNumber": 59,
        "activePlayerCount": 114,
        "LinkVideo": "https://files.catbox.moe/zxg159.webm",
        "LinkMp3": "https://files.catbox.moe/8nr191.mp3",
        "annId": 20287
    },
    {
        "animeEng": "Hanamonogatari",
        "animeRomaji": "Hanamonogatari",
        "songName": "shirushi",
        "artist": "Marina Kawano",
        "type": "Ending 1",
        "correctCount": 27,
        "startTime": 4,
        "songDuration": 89.568,
        "songNumber": 60,
        "activePlayerCount": 113,
        "LinkVideo": "https://files.catbox.moe/bz8luk.webm",
        "LinkMp3": "https://files.catbox.moe/p528xj.mp3",
        "annId": 15973
    },
    {
        "animeEng": "The IDOLM@STER Cinderella Girls",
        "animeRomaji": "The IDOLM@STER Cinderella Girls",
        "songName": "Yuubae Present",
        "artist": "CINDERELLA PROJECT",
        "type": "Ending 2",
        "correctCount": 38,
        "startTime": 6,
        "songDuration": 89.064,
        "songNumber": 61,
        "activePlayerCount": 114,
        "LinkVideo": "https://files.catbox.moe/liwvtj.webm",
        "LinkMp3": "https://files.catbox.moe/xxeqlj.mp3",
        "annId": 16098
    },
    {
        "animeEng": "Heaven's Memo Pad",
        "animeRomaji": "Kamisama no Memoch\u014d",
        "songName": "Kawaru Mirai",
        "artist": "ChouCho",
        "type": "Opening 1",
        "correctCount": 47,
        "startTime": 35,
        "songDuration": 88.416,
        "songNumber": 62,
        "activePlayerCount": 114,
        "LinkVideo": "https://files.catbox.moe/kbximg.webm",
        "LinkMp3": "https://files.catbox.moe/bh1elv.mp3",
        "annId": 12865
    },
    {
        "animeEng": "Ch\u014d Tanpen Precure All Stars GoGo Dream Live!",
        "animeRomaji": "Ch\u014d Tanpen Precure All Stars GoGo Dream Live!",
        "songName": "DANZEN! Makasete\u2606Full Throttle GoGo!!",
        "artist": "Mayumi Goj\u014d, Yuka Uchiyae, Mayu Kud\u014d",
        "type": "Ending 1",
        "correctCount": 8,
        "startTime": 49,
        "songDuration": 91.656,
        "songNumber": 63,
        "activePlayerCount": 114,
        "LinkVideo": "https://files.catbox.moe/0c1pm0.webm",
        "LinkMp3": "https://files.catbox.moe/ryt09s.mp3",
        "annId": 17027
    },
    {
        "animeEng": "Strike Witches Operation Victory Arrow",
        "animeRomaji": "Strike Witches Operation Victory Arrow",
        "songName": "Fly Chronicle",
        "artist": "Kaori Nazuka & Miyuki Sawashiro",
        "type": "Ending 3",
        "correctCount": 4,
        "startTime": 45,
        "songDuration": 88.464,
        "songNumber": 64,
        "activePlayerCount": 114,
        "LinkVideo": "https://files.catbox.moe/ctda8z.webm",
        "LinkMp3": "https://files.catbox.moe/yookic.mp3",
        "annId": 16102,
        "correctPlayers": [
            "gro42",
            "Lone",
            "channina",
            "ArukasFrost"
        ]
    },
    {
        "animeEng": "Dropkick on My Devil!! Dash",
        "animeRomaji": "Jashin-chan Dropkick'",
        "songName": "Tokitoshite Violence",
        "artist": "halca",
        "type": "Opening 1",
        "correctCount": 20,
        "startTime": 58,
        "songDuration": 88.656,
        "songNumber": 65,
        "activePlayerCount": 114,
        "LinkVideo": "https://files.catbox.moe/ccr3j7.webm",
        "LinkMp3": "https://files.catbox.moe/tqavwu.mp3",
        "annId": 22563
    },
    {
        "animeEng": "Lime-iro Senkitan",
        "animeRomaji": "Lime-iro Senkitan",
        "songName": "Rinka",
        "artist": "Lime-tai",
        "type": "Opening 1",
        "correctCount": 12,
        "startTime": 21,
        "songDuration": 85.56,
        "songNumber": 66,
        "activePlayerCount": 114,
        "LinkVideo": "https://files.catbox.moe/nk38hd.webm",
        "LinkMp3": "https://files.catbox.moe/7c2nrg.mp3",
        "annId": 2151
    },
    {
        "animeEng": "Final Yamato",
        "animeRomaji": "Uchuu Senkan Yamato: Kanketsu-hen",
        "songName": "Ashita ni Kakeru Niji",
        "artist": "Tranzam & Tomoko Kuwae",
        "type": "Ending 2",
        "correctCount": 0,
        "startTime": 52,
        "songDuration": 151.848,
        "songNumber": 67,
        "activePlayerCount": 114,
        "LinkVideo": "https://files.catbox.moe/bjqvfx.webm",
        "LinkMp3": "https://files.catbox.moe/2oh84y.mp3",
        "annId": 3645
    },
    {
        "animeEng": "Beast Fighter: The Apocalypse",
        "animeRomaji": "Maju Sensen THE APOCALYPSE",
        "songName": "Kaigenrei no Yoru",
        "artist": "03",
        "type": "Opening 1",
        "correctCount": 2,
        "startTime": 33,
        "songDuration": 89.546216,
        "songNumber": 68,
        "activePlayerCount": 115,
        "LinkVideo": "https://files.catbox.moe/n4b6lm.webm",
        "LinkMp3": "https://files.catbox.moe/fzhyn0.mp3",
        "annId": 7013,
        "correctPlayers": [
            "Rukawa11",
            "Arkana"
        ]
    },
    {
        "animeEng": "The Melancholy of Haruhi Suzumiya",
        "animeRomaji": "Suzumiya Haruhi no Yuuutsu",
        "songName": "Tomare!",
        "artist": "Yuko Goto, Minori Chihara, Aya Hirano",
        "type": "Ending 1",
        "correctCount": 52,
        "startTime": 34,
        "songDuration": 65.064,
        "songNumber": 69,
        "activePlayerCount": 114,
        "LinkVideo": "https://files.catbox.moe/9smc25.webm",
        "LinkMp3": "https://files.catbox.moe/6fn3ot.mp3",
        "annId": 10924
    },
    {
        "animeEng": "Waiting in the Summer",
        "animeRomaji": "Ano Natsu de Matteru",
        "songName": "sign",
        "artist": "Ray",
        "type": "Opening 1",
        "correctCount": 63,
        "startTime": 3,
        "songDuration": 89.736,
        "songNumber": 70,
        "activePlayerCount": 116,
        "LinkVideo": "https://files.catbox.moe/w154wi.webm",
        "LinkMp3": "https://files.catbox.moe/kqn3ua.mp3",
        "annId": 13448
    },
    {
        "animeEng": "A Lull in the Sea",
        "animeRomaji": "Nagi no Asukara",
        "songName": "lull ~Soshite Bokura wa~",
        "artist": "Ray",
        "type": "Opening 1",
        "correctCount": 60,
        "startTime": 44,
        "songDuration": 88.92,
        "songNumber": 71,
        "activePlayerCount": 116,
        "LinkVideo": "https://files.catbox.moe/sxqhr5.webm",
        "LinkMp3": "https://files.catbox.moe/y0heyu.mp3",
        "annId": 14858
    },
    {
        "animeEng": "Petshop of Horrors",
        "animeRomaji": "Petshop of Horrors",
        "songName": "Jikkou Ryoukou",
        "artist": "LEGOLGEL",
        "type": "Opening 1",
        "correctCount": 27,
        "startTime": 21,
        "songDuration": 60.504,
        "songNumber": 72,
        "activePlayerCount": 116,
        "LinkVideo": "https://files.catbox.moe/45pgre.webm",
        "LinkMp3": "https://files.catbox.moe/06nads.mp3",
        "annId": 712
    },
    {
        "animeEng": "MAN WITH A MISSION THE ANIMATION",
        "animeRomaji": "MAN WITH A MISSION THE ANIMATION",
        "songName": "ROCK IN THE HOUSE",
        "artist": "MAN WITH A MISSION",
        "type": "Insert Song",
        "correctCount": 27,
        "startTime": 32,
        "songDuration": 63.984,
        "songNumber": 73,
        "activePlayerCount": 116,
        "LinkVideo": "https://files.catbox.moe/a26bnm.webm",
        "LinkMp3": "https://files.catbox.moe/85okti.mp3",
        "annId": 23193
    },
    {
        "animeEng": "Fist of the North Star",
        "animeRomaji": "Hokuto no Ken",
        "songName": "Heart of Madness",
        "artist": "KODOMO BAND",
        "type": "Insert Song",
        "correctCount": 14,
        "startTime": 22,
        "songDuration": 127.032,
        "songNumber": 74,
        "activePlayerCount": 116,
        "LinkVideo": "https://files.catbox.moe/r43421.webm",
        "LinkMp3": "https://files.catbox.moe/2notha.mp3",
        "annId": 2135
    },
    {
        "animeEng": "Detective Conan: The Raven Chaser",
        "animeRomaji": "Meitantei Conan: Shikkoku no Chaser",
        "songName": "PUZZLE",
        "artist": "Mai Kuraki",
        "type": "Ending 1",
        "correctCount": 17,
        "startTime": 63,
        "songDuration": 227.04,
        "songNumber": 75,
        "activePlayerCount": 116,
        "LinkVideo": "https://files.catbox.moe/nq4eps.webm",
        "LinkMp3": "https://files.catbox.moe/ynoccu.mp3",
        "annId": 10522
    },
    {
        "animeEng": "Made in Abyss",
        "animeRomaji": "Made in Abyss",
        "songName": "Underground River (opening version)",
        "artist": "Kevin Penkin ft.Raj Ramayya",
        "type": "Opening 1",
        "correctCount": 77,
        "startTime": 38,
        "songDuration": 109.032,
        "songNumber": 76,
        "activePlayerCount": 116,
        "LinkVideo": "https://files.catbox.moe/8l4w6h.webm",
        "LinkMp3": "https://files.catbox.moe/6pflou.mp3",
        "annId": 18952
    },
    {
        "animeEng": "Tawawa on Monday",
        "animeRomaji": "Getsuy\u014dbi no Tawawa",
        "songName": "Otome no Tawawa",
        "artist": "Sayaka Harada",
        "type": "Ending 1",
        "correctCount": 29,
        "startTime": 16,
        "songDuration": 60.0806,
        "songNumber": 77,
        "activePlayerCount": 116,
        "LinkVideo": "https://files.catbox.moe/095ye6.webm",
        "LinkMp3": "https://files.catbox.moe/tojnzl.mp3",
        "annId": 18786
    },
    {
        "animeEng": "The Seven Deadly Sins",
        "animeRomaji": "Nanatsu no Taizai",
        "songName": "Perfect Time",
        "artist": "Mika Kobayashi & mpi",
        "type": "Insert Song",
        "correctCount": 54,
        "startTime": 163,
        "songDuration": 196.2,
        "songNumber": 78,
        "activePlayerCount": 116,
        "LinkVideo": "https://files.catbox.moe/u90ef2.webm",
        "LinkMp3": "https://files.catbox.moe/pmr8ax.mp3",
        "annId": 16167
    },
    {
        "animeEng": "Demon Slayer: Kimetsu no Yaiba The Movie - Mugen Train",
        "animeRomaji": "Kimetsu no Yaiba: Mugen Ressha-Hen",
        "songName": "Homura",
        "artist": "LiSA",
        "type": "Ending 1",
        "correctCount": 71,
        "startTime": 168,
        "songDuration": 269.232,
        "songNumber": 79,
        "activePlayerCount": 116,
        "LinkVideo": "https://files.catbox.moe/w0f6i5.webm",
        "LinkMp3": "https://files.catbox.moe/ebodlo.mp3",
        "annId": 23040
    },
    {
        "animeEng": "Mankatsu",
        "animeRomaji": "Mankatsu",
        "songName": "I GET LOST IN YOUR EYES",
        "artist": "TOKU",
        "type": "Opening 1",
        "correctCount": 9,
        "startTime": 4,
        "songDuration": 58.565524,
        "songNumber": 80,
        "activePlayerCount": 116,
        "LinkVideo": "https://files.catbox.moe/hk6l3s.webm",
        "LinkMp3": "https://files.catbox.moe/gwih0t.mp3",
        "annId": 4196
    },
    {
        "animeEng": "Sweetness & Lightning",
        "animeRomaji": "Amaama to Inazuma",
        "songName": "Harebare Fanfare",
        "artist": "MimimemeMIMI",
        "type": "Opening 1",
        "correctCount": 60,
        "startTime": 16,
        "songDuration": 88.344,
        "songNumber": 81,
        "activePlayerCount": 116,
        "LinkVideo": "https://files.catbox.moe/j498uk.webm",
        "LinkMp3": "https://files.catbox.moe/e2yrgq.mp3",
        "annId": 18122
    },
    {
        "animeEng": "Kita e.: Pure Session",
        "animeRomaji": "Kita e.: Pure Session",
        "songName": "Taikutsu to Yuuutsu",
        "artist": "Maaya Sakamoto",
        "type": "Insert Song",
        "correctCount": 4,
        "startTime": 36,
        "songDuration": 291.768,
        "songNumber": 82,
        "activePlayerCount": 116,
        "LinkVideo": "https://files.catbox.moe/7wbr3g.webm",
        "LinkMp3": "https://files.catbox.moe/a66rr3.mp3",
        "annId": 23405,
        "correctPlayers": [
            "yahallonyanpasu",
            "gaaw",
            "anonimus_opinion",
            "Arkana"
        ]
    },
    {
        "animeEng": "Robotics;Notes",
        "animeRomaji": "Robotics;Notes",
        "songName": "Junj\u014d Spectra",
        "artist": "Zwei",
        "type": "Opening 1",
        "correctCount": 35,
        "startTime": 9,
        "songDuration": 88.416,
        "songNumber": 83,
        "activePlayerCount": 116,
        "LinkVideo": "https://files.catbox.moe/eoe1pl.webm",
        "LinkMp3": "https://files.catbox.moe/lx3srr.mp3",
        "annId": 14196
    },
    {
        "animeEng": "Soul Buster",
        "animeRomaji": "Soul Buster: Sh\u014dseiran",
        "songName": "MY OWN LIFE",
        "artist": "Zwei",
        "type": "Ending 1",
        "correctCount": 6,
        "startTime": 24,
        "songDuration": 88.056,
        "songNumber": 84,
        "activePlayerCount": 116,
        "LinkVideo": "https://files.catbox.moe/7hlwhv.webm",
        "LinkMp3": "https://files.catbox.moe/rc5ist.mp3",
        "annId": 18708
    },
    {
        "animeEng": "Free! - Iwatobi Swim Club",
        "animeRomaji": "Free! - Iwatobi Swim Club",
        "songName": "SPLASH FREE",
        "artist": "STYLE FIVE",
        "type": "Ending 1",
        "correctCount": 46,
        "startTime": 45,
        "songDuration": 88.584,
        "songNumber": 85,
        "activePlayerCount": 115,
        "LinkVideo": "https://files.catbox.moe/s8ai71.webm",
        "LinkMp3": "https://files.catbox.moe/etzlwc.mp3",
        "annId": 15291
    }
]