[
    {
        "animeEng": "Kemeko DX",
        "animeRomaji": "Kemeko Deluxe!",
        "songName": "Kemeko no Uta",
        "artist": "Chiwa Saito",
        "type": "Insert Song",
        "correctCount": 3,
        "startTime": 9,
        "songDuration": 72.74977,
        "songNumber": 1,
        "activePlayerCount": 106,
        "LinkVideo": "https://files.catbox.moe/46bte4.webm",
        "LinkMp3": "https://files.catbox.moe/w829mx.mp3",
        "annId": 9011,
        "correctPlayers": [
            "Lone",
            "MyAngelAmakiSari",
            "KohakuNoCat"
        ]
    },
    {
        "animeEng": "Date A Live II",
        "animeRomaji": "Date A Live II",
        "songName": "Q&A",
        "artist": "Marina Inoue & Saeko Z\u014dg\u014d",
        "type": "Insert Song",
        "correctCount": 29,
        "startTime": 9,
        "songDuration": 74.081992,
        "songNumber": 2,
        "activePlayerCount": 107,
        "LinkVideo": "https://files.catbox.moe/jmx7fa.webm",
        "LinkMp3": "https://files.catbox.moe/7qq9m2.mp3",
        "annId": 15790
    },
    {
        "animeEng": "Detective Conan: 16 Suspects",
        "animeRomaji": "Meitantei Conan: 16-nin no Y\u014dgisha",
        "songName": "Winter Bells",
        "artist": "Mai Kuraki",
        "type": "Ending 1",
        "correctCount": 52,
        "startTime": 58,
        "songDuration": 101.424,
        "songNumber": 3,
        "activePlayerCount": 113,
        "LinkVideo": "https://files.catbox.moe/mhb4e5.webm",
        "LinkMp3": "https://files.catbox.moe/80wbgl.mp3",
        "annId": 5141
    },
    {
        "animeEng": "Sword Art Online Alternative: Gun Gale Online",
        "animeRomaji": "Sword Art Online Alternative: Gun Gale Online",
        "songName": "Pilgrim",
        "artist": "ReoNa",
        "type": "Insert Song",
        "correctCount": 53,
        "startTime": 21,
        "songDuration": 107.047956,
        "songNumber": 4,
        "activePlayerCount": 114,
        "LinkVideo": "https://files.catbox.moe/jbomd4.webm",
        "LinkMp3": "https://files.catbox.moe/ye2bxe.mp3",
        "annId": 20514
    },
    {
        "animeEng": "Ch\u00e4oS;HEAd",
        "animeRomaji": "Ch\u00e4oS;HEAd",
        "songName": "Super Special",
        "artist": "Seira Kagami",
        "type": "Ending 1",
        "correctCount": 20,
        "startTime": 56,
        "songDuration": 89.232,
        "songNumber": 5,
        "activePlayerCount": 115,
        "LinkVideo": "https://files.catbox.moe/5s3m91.webm",
        "LinkMp3": "https://files.catbox.moe/0n7mb7.mp3",
        "annId": 10182
    },
    {
        "animeEng": "Manga de Wakaru! Fate/Grand Order",
        "animeRomaji": "Manga de Wakaru! Fate/Grand Order",
        "songName": "Mawaseba Wakaru! FGO",
        "artist": "Tomoko Kaneda",
        "type": "Opening 1",
        "correctCount": 67,
        "startTime": 0,
        "songDuration": 28.464,
        "songNumber": 6,
        "activePlayerCount": 117,
        "LinkVideo": "https://files.catbox.moe/dh9unv.webm",
        "LinkMp3": "https://files.catbox.moe/tqoytk.mp3",
        "annId": 21942
    },
    {
        "animeEng": "Attack on Titan: Ilse's Notebook",
        "animeRomaji": "Shingeki no Kyojin: Ilse no Tech\u014d - Aru Ch\u014dsa Heidan-in no Shuki",
        "songName": "Utsukushiki Zankoku na Sekai",
        "artist": "Y\u014dko Hikasa",
        "type": "Ending 1",
        "correctCount": 62,
        "startTime": 32,
        "songDuration": 88.896,
        "songNumber": 7,
        "activePlayerCount": 118,
        "LinkVideo": "https://files.catbox.moe/jx06mk.webm",
        "LinkMp3": "https://files.catbox.moe/y2aynz.mp3",
        "annId": 17609
    },
    {
        "animeEng": "Alice in Deadly School",
        "animeRomaji": "Alice in Deadly School",
        "songName": "Kizuna",
        "artist": "Chihara Mochida",
        "type": "Insert Song",
        "correctCount": 20,
        "startTime": 22,
        "songDuration": 60.192,
        "songNumber": 8,
        "activePlayerCount": 118,
        "LinkVideo": "https://files.catbox.moe/s11yvl.webm",
        "LinkMp3": "https://files.catbox.moe/1fkc65.mp3",
        "annId": 23802
    },
    {
        "animeEng": "Carole & Tuesday",
        "animeRomaji": "Carole & Tuesday",
        "songName": "Endless",
        "artist": "Alisa",
        "type": "Ending 3",
        "correctCount": 66,
        "startTime": 18,
        "songDuration": 179.808,
        "songNumber": 9,
        "activePlayerCount": 118,
        "LinkVideo": "https://files.catbox.moe/z1723z.webm",
        "LinkMp3": "https://files.catbox.moe/eshb42.mp3",
        "annId": 21557
    },
    {
        "animeEng": "Love Live! School Idol Project",
        "animeRomaji": "Love Live! School Idol Project",
        "songName": "Love wing bell",
        "artist": "\u03bc's",
        "type": "Insert Song",
        "correctCount": 49,
        "startTime": 68,
        "songDuration": 98.352,
        "songNumber": 10,
        "activePlayerCount": 117,
        "LinkVideo": "https://files.catbox.moe/k02pil.webm",
        "LinkMp3": "https://files.catbox.moe/d9aipj.mp3",
        "annId": 15812
    },
    {
        "animeEng": "You're Under Arrest",
        "animeRomaji": "Taiho Shichau zo",
        "songName": "Running with my DREAM",
        "artist": "Yusuke Nakamura",
        "type": "Insert Song",
        "correctCount": 0,
        "startTime": 27,
        "songDuration": 106.056,
        "songNumber": 11,
        "activePlayerCount": 118,
        "LinkVideo": "https://files.catbox.moe/pxfyio.webm",
        "LinkMp3": "https://files.catbox.moe/ju13mb.mp3",
        "annId": 620
    },
    {
        "animeEng": "Kuromukuro",
        "animeRomaji": "Kuromukuro",
        "songName": "Eien Loop",
        "artist": "Ami Wajima",
        "type": "Ending 2",
        "correctCount": 4,
        "startTime": 36,
        "songDuration": 87.36,
        "songNumber": 12,
        "activePlayerCount": 118,
        "LinkVideo": "https://files.catbox.moe/skkn24.webm",
        "LinkMp3": "https://files.catbox.moe/izdipn.mp3",
        "annId": 17947,
        "correctPlayers": [
            "weavedheart",
            "monkegear",
            "Jiinoo",
            "Shuuka"
        ]
    },
    {
        "animeEng": "Captain",
        "animeRomaji": "Captain",
        "songName": "Kimi wa Nanika ga Dekiru",
        "artist": "99Harmony",
        "type": "Opening 1",
        "correctCount": 10,
        "startTime": 66,
        "songDuration": 94.68,
        "songNumber": 13,
        "activePlayerCount": 119,
        "LinkVideo": "https://files.catbox.moe/5t8dk1.webm",
        "LinkMp3": "https://files.catbox.moe/qask1h.mp3",
        "annId": 1236
    },
    {
        "animeEng": "Bakutsuri Bar Hunter",
        "animeRomaji": "Bakutsuri Bar Hunter",
        "songName": "Bakutsuri Soul",
        "artist": "SymaG",
        "type": "Opening 1",
        "correctCount": 10,
        "startTime": 24,
        "songDuration": 89.616,
        "songNumber": 14,
        "activePlayerCount": 119,
        "LinkVideo": "https://files.catbox.moe/r0ypy1.webm",
        "LinkMp3": "https://files.catbox.moe/1nywwe.mp3",
        "annId": 21111
    },
    {
        "animeEng": "Megaman Star Force Tribe",
        "animeRomaji": "Ryuusei no Rockman Tribe",
        "songName": "Kizuna Wave",
        "artist": "Misato Fukuen",
        "type": "Opening 1",
        "correctCount": 11,
        "startTime": 22,
        "songDuration": 60.024,
        "songNumber": 15,
        "activePlayerCount": 118,
        "LinkVideo": "https://files.catbox.moe/6ek3z3.webm",
        "LinkMp3": "https://files.catbox.moe/ad2nhy.mp3",
        "annId": 8865
    },
    {
        "animeEng": "The Rolling Girls",
        "animeRomaji": "Rolling\u2606Girls",
        "songName": "1000 no Violin",
        "artist": "THE ROLLING GIRLS",
        "type": "Insert Song",
        "correctCount": 6,
        "startTime": 21,
        "songDuration": 263.496,
        "songNumber": 16,
        "activePlayerCount": 119,
        "LinkVideo": "https://files.catbox.moe/rly7x9.webm",
        "LinkMp3": "https://files.catbox.moe/ukfz91.mp3",
        "annId": 16251
    },
    {
        "animeEng": "Ninja Collection",
        "animeRomaji": "Ninja Collection",
        "songName": "Shinobiashi de Unzaunza o Odoru",
        "artist": "Backdrop Cinderella",
        "type": "Ending 1",
        "correctCount": 19,
        "startTime": 0,
        "songDuration": 29.088,
        "songNumber": 17,
        "activePlayerCount": 119,
        "LinkVideo": "https://files.catbox.moe/juta9q.webm",
        "LinkMp3": "https://files.catbox.moe/jhvc5s.mp3",
        "annId": 23474
    },
    {
        "animeEng": "Alakazam the Great",
        "animeRomaji": "Saiyuuki",
        "songName": "Ore wa Son Goku",
        "artist": "Akiko Santou",
        "type": "Opening 1",
        "correctCount": 19,
        "startTime": 3,
        "songDuration": 77.688,
        "songNumber": 18,
        "activePlayerCount": 119,
        "LinkVideo": "https://files.catbox.moe/9nuw5c.webm",
        "LinkMp3": "https://files.catbox.moe/9mg84z.mp3",
        "annId": 631
    },
    {
        "animeEng": "Gambler Densetsu Tetsuya",
        "animeRomaji": "Gambler Densetsu Tetsuya",
        "songName": "REACH OUT",
        "artist": "Akiko Wada",
        "type": "Opening 1",
        "correctCount": 4,
        "startTime": 32,
        "songDuration": 89.712,
        "songNumber": 19,
        "activePlayerCount": 119,
        "LinkVideo": "https://files.catbox.moe/ba3yl3.webm",
        "LinkMp3": "https://files.catbox.moe/mugi7x.mp3",
        "annId": 2143,
        "correctPlayers": [
            "aryagamis",
            "munya",
            "PearI",
            "Rukawa11"
        ]
    },
    {
        "animeEng": "Beyblade G Revolution",
        "animeRomaji": "Bakuten Shoot Beyblade G-Revolution",
        "songName": "KIRA\u2606KIRA\u2606REVOLUTION",
        "artist": "Aya Hirano from Springs",
        "type": "Insert Song",
        "correctCount": 4,
        "startTime": 50,
        "songDuration": 189.912,
        "songNumber": 20,
        "activePlayerCount": 118,
        "LinkVideo": "https://files.catbox.moe/wypqnq.webm",
        "LinkMp3": "https://files.catbox.moe/m5tc9y.mp3",
        "annId": 2085,
        "correctPlayers": [
            "AngryRabbit72",
            "PileOfBodies",
            "TKN",
            "Shuuka"
        ]
    },
    {
        "animeEng": "Lupin III: Part V",
        "animeRomaji": "Lupin III: PART5",
        "songName": "LUPIN TROIS 2018",
        "artist": "Yuji Ohno & Lupintic Six",
        "type": "Opening 1",
        "correctCount": 21,
        "startTime": 37,
        "songDuration": 78.624,
        "songNumber": 21,
        "activePlayerCount": 117,
        "LinkVideo": "https://files.catbox.moe/7ns0pi.webm",
        "LinkMp3": "https://files.catbox.moe/fbh9xx.mp3",
        "annId": 20555
    },
    {
        "animeEng": "Lapis Re:LiGHTs",
        "animeRomaji": "Lapis Re:LiGHTs",
        "songName": "Planetarium",
        "artist": "LiGHTs",
        "type": "Ending 1",
        "correctCount": 20,
        "startTime": 37,
        "songDuration": 88.68,
        "songNumber": 22,
        "activePlayerCount": 117,
        "LinkVideo": "https://files.catbox.moe/0ev5gn.webm",
        "LinkMp3": "https://files.catbox.moe/0tlgf7.mp3",
        "annId": 22935
    },
    {
        "animeEng": "Mobile Suit Gundam: Iron-Blooded Orphans",
        "animeRomaji": "G-Tekketsu",
        "songName": "Fighter",
        "artist": "KANA-BOON",
        "type": "Opening 2",
        "correctCount": 55,
        "startTime": 35,
        "songDuration": 88.632,
        "songNumber": 23,
        "activePlayerCount": 118,
        "LinkVideo": "https://files.catbox.moe/2pnt6v.webm",
        "LinkMp3": "https://files.catbox.moe/t7kcfp.mp3",
        "annId": 18586
    },
    {
        "animeEng": "Mori no And\u014d",
        "animeRomaji": "Mori no And\u014d",
        "songName": "Kusai Kuse ni I LOVE YOU",
        "artist": "Takashi Taniguchi",
        "type": "Ending 1",
        "correctCount": 3,
        "startTime": 3,
        "songDuration": 58.248,
        "songNumber": 24,
        "activePlayerCount": 117,
        "LinkVideo": "https://files.catbox.moe/57ei64.webm",
        "LinkMp3": "https://files.catbox.moe/nsbta5.mp3",
        "annId": 24334,
        "correctPlayers": [
            "Drakogy",
            "aryagamis",
            "Jiinoo"
        ]
    },
    {
        "animeEng": "Drifting Dragons",
        "animeRomaji": "Kuutei Dragons",
        "songName": "Zettai Reido",
        "artist": "Akai K\u014d-en",
        "type": "Ending 1",
        "correctCount": 6,
        "startTime": 25,
        "songDuration": 89.16,
        "songNumber": 25,
        "activePlayerCount": 117,
        "LinkVideo": "https://files.catbox.moe/0sf7f7.webm",
        "LinkMp3": "https://files.catbox.moe/403825.mp3",
        "annId": 21954
    },
    {
        "animeEng": "Naruto: Hidden Leaf Village Grand Sports Festival!",
        "animeRomaji": "Naruto: Konoha no Sato no Dai Und\u014dkai",
        "songName": "GYU-RU-RU",
        "artist": "Junko Takeuchi",
        "type": "Ending 1",
        "correctCount": 11,
        "startTime": 15,
        "songDuration": 59.568,
        "songNumber": 26,
        "activePlayerCount": 116,
        "LinkVideo": "https://files.catbox.moe/ditsub.webm",
        "LinkMp3": "https://files.catbox.moe/2mw0ut.mp3",
        "annId": 7837
    },
    {
        "animeEng": "O Maidens in Your Savage Season",
        "animeRomaji": "Araburu Kisetsu no Otome-domo yo.",
        "songName": "TRAIN-TRAIN",
        "artist": "THE BLUE HEARTS",
        "type": "Insert Song",
        "correctCount": 39,
        "startTime": 58,
        "songDuration": 130.56,
        "songNumber": 27,
        "activePlayerCount": 116,
        "LinkVideo": "https://files.catbox.moe/hd4mrt.webm",
        "LinkMp3": "https://files.catbox.moe/g21n2q.mp3",
        "annId": 21874
    },
    {
        "animeEng": "Kud Wafter",
        "animeRomaji": "Kud Wafter",
        "songName": "Light a Way",
        "artist": "Suzuyu",
        "type": "Insert Song",
        "correctCount": 6,
        "startTime": 3,
        "songDuration": 92.064,
        "songNumber": 28,
        "activePlayerCount": 115,
        "LinkVideo": "https://files.catbox.moe/hqpit7.webm",
        "LinkMp3": "https://files.catbox.moe/alxsuw.mp3",
        "annId": 23859
    },
    {
        "animeEng": "Maid Sama!",
        "animeRomaji": "Maid Sama!",
        "songName": "Yokan",
        "artist": "heidi.",
        "type": "Ending 1",
        "correctCount": 25,
        "startTime": 44,
        "songDuration": 87.552,
        "songNumber": 29,
        "activePlayerCount": 115,
        "LinkVideo": "https://files.catbox.moe/kje0cy.webm",
        "LinkMp3": "https://files.catbox.moe/ef3xky.mp3",
        "annId": 11037
    },
    {
        "animeEng": "JoJo's Bizarre Adventure",
        "animeRomaji": "JoJo no Kimy\u014d na B\u014dken",
        "songName": "JoJo ~Sono Chi no Sadame~",
        "artist": "Hiroaki TOMMY Tominaga",
        "type": "Opening 1",
        "correctCount": 90,
        "startTime": 12,
        "songDuration": 87.96,
        "songNumber": 30,
        "activePlayerCount": 116,
        "LinkVideo": "https://files.catbox.moe/g9fq1a.webm",
        "LinkMp3": "https://files.catbox.moe/2fvazd.mp3",
        "annId": 14445
    },
    {
        "animeEng": "Time Travel Tondekeman!",
        "animeRomaji": "Time Travel Tondekeman!",
        "songName": "Tomodachi ni Modorenai",
        "artist": "JAG-TOY",
        "type": "Ending 1",
        "correctCount": 4,
        "startTime": 29,
        "songDuration": 59.04,
        "songNumber": 31,
        "activePlayerCount": 117,
        "LinkVideo": "https://files.catbox.moe/nv8qxa.webm",
        "LinkMp3": "https://files.catbox.moe/gbhbzo.mp3",
        "annId": 1753,
        "correctPlayers": [
            "Sonoko",
            "TowaSamaTenshi",
            "Loppa",
            "asleep"
        ]
    },
    {
        "animeEng": "Flowers of Evil",
        "animeRomaji": "Aku no Hana",
        "songName": "Hana -a last flower- Ver.X",
        "artist": "ASA-CHANG & Junray",
        "type": "Ending 4",
        "correctCount": 57,
        "startTime": 88,
        "songDuration": 122.52,
        "songNumber": 32,
        "activePlayerCount": 118,
        "LinkVideo": "https://files.catbox.moe/esyd2h.webm",
        "LinkMp3": "https://files.catbox.moe/hn13tb.mp3",
        "annId": 14570
    },
    {
        "animeEng": "Horus: Prince of the Sun",
        "animeRomaji": "Taiy\u014d no \u014cji Horus no Daib\u014dken",
        "songName": "Kodomo no Uta",
        "artist": "Ch\u014dfu Sh\u014dnen Sh\u014djo Gassh\u014d-tai",
        "type": "Insert Song",
        "correctCount": 13,
        "startTime": 24,
        "songDuration": 73.416,
        "songNumber": 33,
        "activePlayerCount": 118,
        "LinkVideo": "https://files.catbox.moe/bcviv8.webm",
        "LinkMp3": "https://files.catbox.moe/iveogq.mp3",
        "annId": 894
    },
    {
        "animeEng": "Gunparade Orchestra",
        "animeRomaji": "Gunparade Orchestra",
        "songName": "Faze to love",
        "artist": "Miyuki Hashimoto",
        "type": "Opening 1",
        "correctCount": 7,
        "startTime": 33,
        "songDuration": 89.46785,
        "songNumber": 34,
        "activePlayerCount": 119,
        "LinkVideo": "https://files.catbox.moe/owr1cr.webm",
        "LinkMp3": "https://files.catbox.moe/d32k9p.mp3",
        "annId": 5822
    },
    {
        "animeEng": "Paranoia Agent",
        "animeRomaji": "M\u014ds\u014d Dairinin",
        "songName": "Yume no Shima Shinen Kouen",
        "artist": "Susumu Hirasawa",
        "type": "Opening 1",
        "correctCount": 51,
        "startTime": 30,
        "songDuration": 88.56,
        "songNumber": 35,
        "activePlayerCount": 120,
        "LinkVideo": "https://files.catbox.moe/89u48t.webm",
        "LinkMp3": "https://files.catbox.moe/7uejru.mp3",
        "annId": 3169
    },
    {
        "animeEng": "Initial D",
        "animeRomaji": "Initial D",
        "songName": "ROCK IT DOWN",
        "artist": "move",
        "type": "Insert Song",
        "correctCount": 23,
        "startTime": 95,
        "songDuration": 180.12,
        "songNumber": 36,
        "activePlayerCount": 121,
        "LinkVideo": "https://files.catbox.moe/28009a.webm",
        "LinkMp3": "https://files.catbox.moe/bdjf5g.mp3",
        "annId": 395
    },
    {
        "animeEng": "Patlabor the Mobile Police",
        "animeRomaji": "Kid\u014d Keisatsu Patlabor",
        "songName": "Sono Mama no Kimi de Ite",
        "artist": "Yuuko Nitou",
        "type": "Opening 1",
        "correctCount": 8,
        "startTime": 46,
        "songDuration": 84.816,
        "songNumber": 37,
        "activePlayerCount": 121,
        "LinkVideo": "https://files.catbox.moe/s4op36.webm",
        "LinkMp3": "https://files.catbox.moe/j08law.mp3",
        "annId": 59
    },
    {
        "animeEng": "Go! Princess Precure",
        "animeRomaji": "Go! Princess Precure",
        "songName": "Yume wa Mirai e no Michi",
        "artist": "Rie Kitagawa",
        "type": "Ending 2",
        "correctCount": 61,
        "startTime": 1,
        "songDuration": 88.968,
        "songNumber": 38,
        "activePlayerCount": 121,
        "LinkVideo": "https://files.catbox.moe/cpvl18.webm",
        "LinkMp3": "https://files.catbox.moe/wzdtdk.mp3",
        "annId": 16590
    },
    {
        "animeEng": "Princess Resurrection",
        "animeRomaji": "Kaibutsu \u014cjo",
        "songName": "Hizamazuite Ashi o Oname",
        "artist": "ALI PROJECT",
        "type": "Ending 1",
        "correctCount": 7,
        "startTime": 53,
        "songDuration": 89.128264,
        "songNumber": 39,
        "activePlayerCount": 121,
        "LinkVideo": "https://files.catbox.moe/6j24th.webm",
        "LinkMp3": "https://files.catbox.moe/lgzog8.mp3",
        "annId": 7420
    },
    {
        "animeEng": "Bodacious Space Pirates",
        "animeRomaji": "M\u014dretsu Pirates",
        "songName": "T\u014dmei na Yozora ~Matataku Hoshi ni Tsutsumarete~",
        "artist": "Mikako Komatsu",
        "type": "Insert Song",
        "correctCount": 8,
        "startTime": 15,
        "songDuration": 202.032,
        "songNumber": 40,
        "activePlayerCount": 121,
        "LinkVideo": "https://files.catbox.moe/1xs18j.webm",
        "LinkMp3": "https://files.catbox.moe/w8mwmq.mp3",
        "annId": 11399
    },
    {
        "animeEng": "Bungo Stray Dogs",
        "animeRomaji": "Bungo Stray Dogs",
        "songName": "Kaze ga Fuku Machi",
        "artist": "Luck Life",
        "type": "Ending 1",
        "correctCount": 58,
        "startTime": 1,
        "songDuration": 89.568,
        "songNumber": 41,
        "activePlayerCount": 122,
        "LinkVideo": "https://files.catbox.moe/txfh4g.webm",
        "LinkMp3": "https://files.catbox.moe/23x68x.mp3",
        "annId": 18709
    },
    {
        "animeEng": "Golden Time",
        "animeRomaji": "Golden Time",
        "songName": "Golden Time",
        "artist": "Yui Horie",
        "type": "Opening 1",
        "correctCount": 78,
        "startTime": 51,
        "songDuration": 89.136,
        "songNumber": 42,
        "activePlayerCount": 122,
        "LinkVideo": "https://files.catbox.moe/d97n16.webm",
        "LinkMp3": "https://files.catbox.moe/get2gp.mp3",
        "annId": 15548
    },
    {
        "animeEng": "Slam Dunk: Zenkoku Seiha da! Sakuragi Hanamichi",
        "animeRomaji": "Slam Dunk: Zenkoku Seiha da! Sakuragi Hanamichi",
        "songName": "Kimi ga Suki da to Sakebitai",
        "artist": "BAAD",
        "type": "Opening 1",
        "correctCount": 72,
        "startTime": 49,
        "songDuration": 92.053928,
        "songNumber": 43,
        "activePlayerCount": 122,
        "LinkVideo": "https://files.catbox.moe/mqpv8d.webm",
        "LinkMp3": "https://files.catbox.moe/na7n8r.mp3",
        "annId": 1142
    },
    {
        "animeEng": "Maria\u2020Holic",
        "animeRomaji": "Maria\u2020Holic",
        "songName": "Kimi ni, Mune Kyun",
        "artist": "Ame no Kisaki Sh\u014djo Gassh\u014d-dan",
        "type": "Ending 1",
        "correctCount": 37,
        "startTime": 5,
        "songDuration": 87.48,
        "songNumber": 44,
        "activePlayerCount": 121,
        "LinkVideo": "https://files.catbox.moe/ln96it.webm",
        "LinkMp3": "https://files.catbox.moe/cdk6b2.mp3",
        "annId": 10200
    },
    {
        "animeEng": "Sasami: Magical Girls Club Season 2",
        "animeRomaji": "Sasami: Mah\u014d Sh\u014djo Club Season 2",
        "songName": "Yuyake no Solitude",
        "artist": "Magical Sweets",
        "type": "Ending 1",
        "correctCount": 0,
        "startTime": 35,
        "songDuration": 88.056,
        "songNumber": 45,
        "activePlayerCount": 121,
        "LinkVideo": "https://files.catbox.moe/b7brmg.webm",
        "LinkMp3": "https://files.catbox.moe/ky8ye5.mp3",
        "annId": 7659
    },
    {
        "animeEng": "Carole & Tuesday",
        "animeRomaji": "Carole & Tuesday",
        "songName": "Round & Laundry",
        "artist": "Nai Br.XX&Celeina Ann",
        "type": "Insert Song",
        "correctCount": 79,
        "startTime": 39,
        "songDuration": 111.072,
        "songNumber": 46,
        "activePlayerCount": 121,
        "LinkVideo": "https://files.catbox.moe/bx9ner.webm",
        "LinkMp3": "https://files.catbox.moe/xpdf2v.mp3",
        "annId": 21557
    },
    {
        "animeEng": "IDOLiSH7",
        "animeRomaji": "IDOLiSH7",
        "songName": "SECRET NIGHT",
        "artist": "TRIGGER",
        "type": "Insert Song",
        "correctCount": 16,
        "startTime": 66,
        "songDuration": 107.976,
        "songNumber": 47,
        "activePlayerCount": 121,
        "LinkVideo": "https://files.catbox.moe/h3sslq.webm",
        "LinkMp3": "https://files.catbox.moe/s6sado.mp3",
        "annId": 20122
    },
    {
        "animeEng": "Hyakko Extra",
        "animeRomaji": "Hyakko Extra",
        "songName": "Gakuen Seikatsu",
        "artist": "Mana Ogawa\u30fbFumiko Orikasa",
        "type": "Ending 1",
        "correctCount": 8,
        "startTime": 1,
        "songDuration": 72.216,
        "songNumber": 48,
        "activePlayerCount": 120,
        "LinkVideo": "https://files.catbox.moe/byd5nn.webm",
        "LinkMp3": "https://files.catbox.moe/aaqtue.mp3",
        "annId": 13789
    },
    {
        "animeEng": "My Wife is the Student Council President",
        "animeRomaji": "Okusama ga Seitokaich\u014d!",
        "songName": "Re\u00d7nai = Equation",
        "artist": "Ayana Taketatsu",
        "type": "Ending 1",
        "correctCount": 26,
        "startTime": 0,
        "songDuration": 23.208,
        "songNumber": 49,
        "activePlayerCount": 119,
        "LinkVideo": "https://files.catbox.moe/123qd2.webm",
        "LinkMp3": "https://files.catbox.moe/u9yskm.mp3",
        "annId": 16812
    },
    {
        "animeEng": "Aikatsu!",
        "animeRomaji": "Aikatsu!",
        "songName": "Calendar Girl",
        "artist": "Yuna from STAR\u2606ANIS",
        "type": "Insert Song",
        "correctCount": 58,
        "startTime": 19,
        "songDuration": 104.784,
        "songNumber": 50,
        "activePlayerCount": 119,
        "LinkVideo": "https://files.catbox.moe/uz0ks9.webm",
        "LinkMp3": "https://files.catbox.moe/lhv3q9.mp3",
        "annId": 15597
    },
    {
        "animeEng": "Natsume's Book of Friends Season 1",
        "animeRomaji": "Natsume Yuujinch\u014d",
        "songName": "Natsu Yuuzora",
        "artist": "K\u014dsuke Atari",
        "type": "Ending 1",
        "correctCount": 43,
        "startTime": 38,
        "songDuration": 89.568,
        "songNumber": 51,
        "activePlayerCount": 119,
        "LinkVideo": "https://files.catbox.moe/s7wgy3.webm",
        "LinkMp3": "https://files.catbox.moe/kxwvfo.mp3",
        "annId": 9419
    },
    {
        "animeEng": "Mysteria Friends",
        "animeRomaji": "Manaria Friends",
        "songName": "Minna no Omoide",
        "artist": "Takashi Watanabe",
        "type": "Ending 1",
        "correctCount": 25,
        "startTime": 2,
        "songDuration": 39.864,
        "songNumber": 52,
        "activePlayerCount": 118,
        "LinkVideo": "https://files.catbox.moe/2lgeto.webm",
        "LinkMp3": "https://files.catbox.moe/2mncvx.mp3",
        "annId": 17601
    },
    {
        "animeEng": "Cardfight!! Vanguard: Asia Circuit-hen",
        "animeRomaji": "Cardfight!! Vanguard: Asia Circuit-hen",
        "songName": "LIMIT BREAK",
        "artist": "JAM Project",
        "type": "Opening 1",
        "correctCount": 10,
        "startTime": 1,
        "songDuration": 88.632,
        "songNumber": 53,
        "activePlayerCount": 117,
        "LinkVideo": "https://files.catbox.moe/8mzvmt.webm",
        "LinkMp3": "https://files.catbox.moe/moi11f.mp3",
        "annId": 14090
    },
    {
        "animeEng": "Lovely Complex",
        "animeRomaji": "LoveCom",
        "songName": "Kiss ~Kaerimichi no Love Song~",
        "artist": "Tegomass",
        "type": "Ending 1",
        "correctCount": 13,
        "startTime": 15,
        "songDuration": 90.984,
        "songNumber": 54,
        "activePlayerCount": 116,
        "LinkVideo": "https://files.catbox.moe/26k0jv.webm",
        "LinkMp3": "https://files.catbox.moe/js2fro.mp3",
        "annId": 7468
    },
    {
        "animeEng": "Akudama Drive",
        "animeRomaji": "Akudama Drive",
        "songName": "Ready",
        "artist": "UraShimaSakataSen",
        "type": "Ending 1",
        "correctCount": 25,
        "startTime": 10,
        "songDuration": 87.24,
        "songNumber": 55,
        "activePlayerCount": 118,
        "LinkVideo": "https://files.catbox.moe/rq4w0i.webm",
        "LinkMp3": "https://files.catbox.moe/vxt4as.mp3",
        "annId": 23366
    },
    {
        "animeEng": "Regalia: The Three Sacred Stars",
        "animeRomaji": "Regalia: The Three Sacred Stars",
        "songName": "Divine Spell",
        "artist": "TRUE",
        "type": "Opening 1",
        "correctCount": 43,
        "startTime": 46,
        "songDuration": 88.536,
        "songNumber": 56,
        "activePlayerCount": 118,
        "LinkVideo": "https://files.catbox.moe/r2m6z9.webm",
        "LinkMp3": "https://files.catbox.moe/otuu6t.mp3",
        "annId": 18243
    },
    {
        "animeEng": "King of Prism: PRIDE the HERO",
        "animeRomaji": "King of Prism: PRIDE the HERO",
        "songName": "pride",
        "artist": "Sh\u014dta Aoi",
        "type": "Opening 1",
        "correctCount": 22,
        "startTime": 14,
        "songDuration": 133.656,
        "songNumber": 57,
        "activePlayerCount": 118,
        "LinkVideo": "https://files.catbox.moe/3m47p6.webm",
        "LinkMp3": "https://files.catbox.moe/di2v9l.mp3",
        "annId": 18731
    },
    {
        "animeEng": "Case Closed The Movie: The Time Bombed Skyscraper",
        "animeRomaji": "Meitantei Conan: Tokei Jikake no Matenr\u014d",
        "songName": "Kimi ga Ireba",
        "artist": "Iori",
        "type": "Insert Song",
        "correctCount": 84,
        "startTime": 10,
        "songDuration": 80.304,
        "songNumber": 58,
        "activePlayerCount": 118,
        "LinkVideo": "https://files.catbox.moe/o4diqh.webm",
        "LinkMp3": "https://files.catbox.moe/4ocyt0.mp3",
        "annId": 2679
    },
    {
        "animeEng": "Anonymous Noise",
        "animeRomaji": "Fukumenkei Noise",
        "songName": "High School [ANIME SIDE] -Bootleg-",
        "artist": "in NO hurry to shout;",
        "type": "Opening 1",
        "correctCount": 39,
        "startTime": 17,
        "songDuration": 89.4,
        "songNumber": 59,
        "activePlayerCount": 119,
        "LinkVideo": "https://files.catbox.moe/c884n8.webm",
        "LinkMp3": "https://files.catbox.moe/y9xw37.mp3",
        "annId": 18232
    },
    {
        "animeEng": "Yumeria",
        "animeRomaji": "Yumeria",
        "songName": "precious treasure",
        "artist": "Masumi Asano",
        "type": "Ending 1",
        "correctCount": 0,
        "startTime": 35,
        "songDuration": 86.829528,
        "songNumber": 60,
        "activePlayerCount": 118,
        "LinkVideo": "https://files.catbox.moe/0n3v4b.webm",
        "LinkMp3": "https://files.catbox.moe/ffw3gk.mp3",
        "annId": 3217
    },
    {
        "animeEng": "Uchitama?! Have you seen my Tama?",
        "animeRomaji": "Uchi Tama!?: Uchi no Tama Shirimasen ka?",
        "songName": "Rainy Bull",
        "artist": "Tomoaki Maeno",
        "type": "Ending 2",
        "correctCount": 2,
        "startTime": 10,
        "songDuration": 87.408,
        "songNumber": 61,
        "activePlayerCount": 117,
        "LinkVideo": "https://files.catbox.moe/n19osj.webm",
        "LinkMp3": "https://files.catbox.moe/7r0yut.mp3",
        "annId": 22947,
        "correctPlayers": [
            "Shuuka",
            "Rukawa11"
        ]
    },
    {
        "animeEng": "Stratos 4 Advance",
        "animeRomaji": "Stratos 4 Advance",
        "songName": "1st Priority",
        "artist": "Melocure",
        "type": "Opening 1",
        "correctCount": 16,
        "startTime": 47,
        "songDuration": 91.056,
        "songNumber": 62,
        "activePlayerCount": 117,
        "LinkVideo": "https://files.catbox.moe/edrq7h.webm",
        "LinkMp3": "https://files.catbox.moe/b14e3v.mp3",
        "annId": 4914
    },
    {
        "animeEng": "Sparrow's Hotel",
        "animeRomaji": "Sparrow's Hotel",
        "songName": "Welcome to Sparrow's Hotel",
        "artist": "Minori Chihara & Haruka Nagashima",
        "type": "Opening 1",
        "correctCount": 47,
        "startTime": 0,
        "songDuration": 28.577468,
        "songNumber": 63,
        "activePlayerCount": 117,
        "LinkVideo": "https://files.catbox.moe/0uj0ba.webm",
        "LinkMp3": "https://files.catbox.moe/dfm5cm.mp3",
        "annId": 15153
    },
    {
        "animeEng": "Initial D: Battle Stage 3",
        "animeRomaji": "Initial D: Battle Stage 3",
        "songName": "MUSIC IN YOU",
        "artist": "DJ FORCE",
        "type": "Insert Song",
        "correctCount": 7,
        "startTime": 24,
        "songDuration": 162.336,
        "songNumber": 64,
        "activePlayerCount": 117,
        "LinkVideo": "https://files.catbox.moe/gv6wa8.webm",
        "LinkMp3": "https://files.catbox.moe/wdu4yf.mp3",
        "annId": 24123
    },
    {
        "animeEng": "I've Been Killing Slimes For 300 Years And Maxed Out My Level",
        "animeRomaji": "Slime Taoshite 300-nen, Shiranai Uchi ni Level Max ni Nattemashita",
        "songName": "Arigatou",
        "artist": "Kotori Koiwai",
        "type": "Insert Song",
        "correctCount": 3,
        "startTime": 8,
        "songDuration": 147.24,
        "songNumber": 65,
        "activePlayerCount": 117,
        "LinkVideo": "https://files.catbox.moe/ve0yyy.webm",
        "LinkMp3": "https://files.catbox.moe/1z1ve6.mp3",
        "annId": 22583,
        "correctPlayers": [
            "Hejsan",
            "KiiN",
            "MyAngelAmakiSari"
        ]
    },
    {
        "animeEng": "TONIKAWA: Over The Moon For You",
        "animeRomaji": "Tonikaku Kawaii",
        "songName": "Tsuki to Hoshizora",
        "artist": "KanoeRana",
        "type": "Ending 1",
        "correctCount": 42,
        "startTime": 0,
        "songDuration": 89.808,
        "songNumber": 66,
        "activePlayerCount": 119,
        "LinkVideo": "https://files.catbox.moe/s339za.webm",
        "LinkMp3": "https://files.catbox.moe/rncov9.mp3",
        "annId": 23503
    },
    {
        "animeEng": "Detective Conan: Conan and Kid and Crystal Mother",
        "animeRomaji": "Meitantei Conan: Conan to Kid to Crystal Mother",
        "songName": "Nemuru Kimi no Yokogao ni Hohoemi o",
        "artist": "U-ka saegusa IN db",
        "type": "Ending 1",
        "correctCount": 24,
        "startTime": 38,
        "songDuration": 84.048,
        "songNumber": 67,
        "activePlayerCount": 119,
        "LinkVideo": "https://files.catbox.moe/o41946.webm",
        "LinkMp3": "https://files.catbox.moe/rmf31s.mp3",
        "annId": 5143
    },
    {
        "animeEng": "How Heavy Are the Dumbbells You Lift?",
        "animeRomaji": "Dumbbell Nan-Kilo Moteru?",
        "songName": "Ikusa",
        "artist": "Yusuke Saeki",
        "type": "Insert Song",
        "correctCount": 51,
        "startTime": 0,
        "songDuration": 26.496,
        "songNumber": 68,
        "activePlayerCount": 119,
        "LinkVideo": "https://files.catbox.moe/igz924.webm",
        "LinkMp3": "https://files.catbox.moe/igpald.mp3",
        "annId": 21764
    },
    {
        "animeEng": "Dog Days'",
        "animeRomaji": "Dog Days'",
        "songName": "Shiny Heart, Shiny Smile",
        "artist": "Yui Horie",
        "type": "Insert Song",
        "correctCount": 27,
        "startTime": 75,
        "songDuration": 120.048,
        "songNumber": 69,
        "activePlayerCount": 120,
        "LinkVideo": "https://files.catbox.moe/r6ag08.webm",
        "LinkMp3": "https://files.catbox.moe/7p651j.mp3",
        "annId": 13636
    },
    {
        "animeEng": "Iron Man",
        "animeRomaji": "Iron Man",
        "songName": "The Fight Never Ends",
        "artist": "Tetsuya Takahashi",
        "type": "Ending 1",
        "correctCount": 1,
        "startTime": 43,
        "songDuration": 88.944,
        "songNumber": 70,
        "activePlayerCount": 121,
        "LinkVideo": "https://files.catbox.moe/c7elhh.webm",
        "LinkMp3": "https://files.catbox.moe/qqoma8.mp3",
        "annId": 11786,
        "correctPlayers": [
            "Thalego"
        ]
    },
    {
        "animeEng": "Mirmo Zibang!",
        "animeRomaji": "Wagamama Fairy Mirumo de Pon!",
        "songName": "Pretty Cake Magic",
        "artist": "Kaede+Cheek Fairy",
        "type": "Opening 1",
        "correctCount": 18,
        "startTime": 52,
        "songDuration": 88.896,
        "songNumber": 71,
        "activePlayerCount": 121,
        "LinkVideo": "https://files.catbox.moe/dn9uzi.webm",
        "LinkMp3": "https://files.catbox.moe/phcz2c.mp3",
        "annId": 935
    },
    {
        "animeEng": "Fighting Foodons",
        "animeRomaji": "Kakuto Ryori Densetsu Bistro Recipe",
        "songName": "Pride+Honoo",
        "artist": "Yuta Yamazaki",
        "type": "Opening 1",
        "correctCount": 6,
        "startTime": 40,
        "songDuration": 83.856,
        "songNumber": 72,
        "activePlayerCount": 121,
        "LinkVideo": "https://files.catbox.moe/96j9pn.webm",
        "LinkMp3": "https://files.catbox.moe/el28ke.mp3",
        "annId": 1371
    },
    {
        "animeEng": "Dream Team",
        "animeRomaji": "Whistle!",
        "songName": "DOUBLE WIND",
        "artist": "Yushio",
        "type": "Opening 1",
        "correctCount": 5,
        "startTime": 34,
        "songDuration": 89.952,
        "songNumber": 73,
        "activePlayerCount": 121,
        "LinkVideo": "https://files.catbox.moe/fevmap.webm",
        "LinkMp3": "https://files.catbox.moe/66rrna.mp3",
        "annId": 858,
        "correctPlayers": [
            "AngryRabbit72",
            "weavedheart",
            "aryagamis",
            "Rukawa11",
            "asleep"
        ]
    },
    {
        "animeEng": "One Piece",
        "animeRomaji": "One Piece",
        "songName": "Fight Together",
        "artist": "Namie Amuro",
        "type": "Opening 14",
        "correctCount": 55,
        "startTime": 86,
        "songDuration": 147.576,
        "songNumber": 74,
        "activePlayerCount": 121,
        "LinkVideo": "https://files.catbox.moe/qqnmz1.webm",
        "LinkMp3": "https://files.catbox.moe/o099mx.mp3",
        "annId": 836
    },
    {
        "animeEng": "Uma Musume: Pretty Derby Season 2",
        "animeRomaji": "Uma Musume: Pretty Derby Season 2",
        "songName": "Koi wa Derby\u2606",
        "artist": "Machico",
        "type": "Insert Song",
        "correctCount": 26,
        "startTime": 41,
        "songDuration": 71.616,
        "songNumber": 75,
        "activePlayerCount": 120,
        "LinkVideo": "https://files.catbox.moe/kw1ei5.webm",
        "LinkMp3": "https://files.catbox.moe/8wa1ya.mp3",
        "annId": 23863
    },
    {
        "animeEng": "Toki wa Meguru: Tokyo Station",
        "animeRomaji": "Toki wa Meguru: Tokyo Station",
        "songName": "Toki wa Meguru",
        "artist": "Yuu Sakai",
        "type": "Insert Song",
        "correctCount": 9,
        "startTime": 188,
        "songDuration": 230.4,
        "songNumber": 76,
        "activePlayerCount": 120,
        "LinkVideo": "https://files.catbox.moe/xyyc6v.webm",
        "LinkMp3": "https://files.catbox.moe/t0x5iw.mp3",
        "annId": 23336
    },
    {
        "animeEng": "Fafner EXODUS",
        "animeRomaji": "S\u014dkyuu no Fafner: Dead Aggressor - Exodus",
        "songName": "Anya K\u014dro",
        "artist": "angela",
        "type": "Ending 1",
        "correctCount": 29,
        "startTime": 18,
        "songDuration": 88.056,
        "songNumber": 77,
        "activePlayerCount": 119,
        "LinkVideo": "https://files.catbox.moe/tdsj6l.webm",
        "LinkMp3": "https://files.catbox.moe/yy7j8q.mp3",
        "annId": 17124
    },
    {
        "animeEng": "Ky\u014ds\u014dgiga Dainidan",
        "animeRomaji": "Ky\u014ds\u014dgiga Dainidan",
        "songName": "Kongou Kyojin Bishamaru",
        "artist": "Nami Nakagawa, Mitsu, Eiji Takemoto",
        "type": "Insert Song",
        "correctCount": 32,
        "startTime": 0,
        "songDuration": 31.584,
        "songNumber": 78,
        "activePlayerCount": 120,
        "LinkVideo": "https://files.catbox.moe/oqa8w8.webm",
        "LinkMp3": "https://files.catbox.moe/50l7yu.mp3",
        "annId": 14964
    },
    {
        "animeEng": "Shirobako",
        "animeRomaji": "Shirobako",
        "songName": "COLORFUL BOX",
        "artist": "Yoko Ishida",
        "type": "Opening 2",
        "correctCount": 61,
        "startTime": 46,
        "songDuration": 89.568,
        "songNumber": 79,
        "activePlayerCount": 120,
        "LinkVideo": "https://files.catbox.moe/f7sft5.webm",
        "LinkMp3": "https://files.catbox.moe/x395gb.mp3",
        "annId": 16189
    },
    {
        "animeEng": "Princess Nine",
        "animeRomaji": "Princess Nine: Kisaragi Joshik\u014d Yakyuu-bu",
        "songName": "Princess Nine",
        "artist": "Miki Nagasawa & Mami Kingetsu",
        "type": "Opening 1",
        "correctCount": 5,
        "startTime": 47,
        "songDuration": 96.912,
        "songNumber": 80,
        "activePlayerCount": 119,
        "LinkVideo": "https://files.catbox.moe/u34u0t.webm",
        "LinkMp3": "https://files.catbox.moe/yhtwb0.mp3",
        "annId": 298,
        "correctPlayers": [
            "Drakogy",
            "Zylda",
            "tomokarin",
            "Rukawa11",
            "asleep"
        ]
    },
    {
        "animeEng": "The Melancholy of Haruhi Suzumiya",
        "animeRomaji": "Suzumiya Haruhi no Yuuutsu",
        "songName": "Lost my music",
        "artist": "Aya Hirano",
        "type": "Insert Song",
        "correctCount": 57,
        "startTime": 42,
        "songDuration": 79.032,
        "songNumber": 81,
        "activePlayerCount": 119,
        "LinkVideo": "https://files.catbox.moe/ylfkie.webm",
        "LinkMp3": "https://files.catbox.moe/fl0p57.mp3",
        "annId": 6430
    },
    {
        "animeEng": "Adventures on Rainbow Pond",
        "animeRomaji": "Kerokko Demetan",
        "songName": "Makeru na Demetan",
        "artist": "Mitsuko Horie",
        "type": "Ending 1",
        "correctCount": 39,
        "startTime": 8,
        "songDuration": 46.08,
        "songNumber": 82,
        "activePlayerCount": 120,
        "LinkVideo": "https://files.catbox.moe/66ywm9.webm",
        "LinkMp3": "https://files.catbox.moe/w5noaz.mp3",
        "annId": 1399
    },
    {
        "animeEng": "Mushoku Tensei: Jobless Reincarnation",
        "animeRomaji": "Mushoku Tensei: Isekai Ittara Honki Dasu",
        "songName": "Tabibito no Uta",
        "artist": "Yuiko Ohara",
        "type": "Opening 1",
        "correctCount": 77,
        "startTime": 33,
        "songDuration": 87.168,
        "songNumber": 83,
        "activePlayerCount": 120,
        "LinkVideo": "https://files.catbox.moe/257o8n.webm",
        "LinkMp3": "https://files.catbox.moe/7lpkzf.mp3",
        "annId": 22589
    },
    {
        "animeEng": "Encouragement of Climb",
        "animeRomaji": "Yama no Susume",
        "songName": "Staccato Days",
        "artist": "Yuka Iguchi & Kana Asumi",
        "type": "Ending 1",
        "correctCount": 35,
        "startTime": 12,
        "songDuration": 73.056,
        "songNumber": 84,
        "activePlayerCount": 119,
        "LinkVideo": "https://files.catbox.moe/cjx65u.webm",
        "LinkMp3": "https://files.catbox.moe/r48jfs.mp3",
        "annId": 14777
    },
    {
        "animeEng": "Please Take My Brother Away! 3",
        "animeRomaji": "Ani Ni Tsukeru Kusuri wa Nai! 3",
        "songName": "Jinji de Qingchun",
        "artist": "Yue Wang",
        "type": "Opening 1",
        "correctCount": 71,
        "startTime": 0,
        "songDuration": 27.36,
        "songNumber": 85,
        "activePlayerCount": 118,
        "LinkVideo": "https://files.catbox.moe/6iout3.webm",
        "LinkMp3": "https://files.catbox.moe/pt6nd3.mp3",
        "annId": 22546
    }
]