[
    {
        "animeEng": "Tantei Opera Milky Holmes Alternative ONE -Kobayashi Opera to 5-mai no Kaiga-",
        "animeRomaji": "Tantei Opera Milky Holmes Alternative ONE -Kobayashi Opera to 5-mai no Kaiga-",
        "songName": "Kimi no Naka no Watashi",
        "artist": "Milky Holmes & SV Tribe",
        "type": "Ending 1",
        "correctCount": 11,
        "startTime": 22,
        "songDuration": 88.992,
        "songNumber": 1,
        "activePlayerCount": 248,
        "LinkVideo": "https://files.catbox.moe/hhy2h0.webm",
        "LinkMp3": "https://files.catbox.moe/gu3kvo.mp3"
    },
    {
        "animeEng": "12-Sai: Chiccha na Mune no Tokimeki",
        "animeRomaji": "12-Sai: Chiccha na Mune no Tokimeki",
        "songName": "Sweet Sensation",
        "artist": "Rie Murakawa",
        "type": "Opening 1",
        "correctCount": 14,
        "startTime": 22,
        "songDuration": 89.04,
        "songNumber": 2,
        "activePlayerCount": 250,
        "LinkVideo": "https://files.catbox.moe/65s44l.webm",
        "LinkMp3": "https://files.catbox.moe/stvet2.mp3"
    },
    {
        "animeEng": "Fairy Tail",
        "animeRomaji": "Fairy Tail",
        "songName": "Mysterious Magic",
        "artist": "Do As Infinity",
        "type": "Opening 3",
        "correctCount": 86,
        "startTime": 11,
        "songDuration": 88.968,
        "songNumber": 3,
        "activePlayerCount": 253,
        "LinkVideo": "https://files.catbox.moe/ogihiy.webm",
        "LinkMp3": "https://files.catbox.moe/auiiqy.mp3"
    },
    {
        "animeEng": "Knight's & Magic",
        "animeRomaji": "Knight's & Magic",
        "songName": "Hello!My World!!",
        "artist": "fh\u00e1na",
        "type": "Opening 1",
        "correctCount": 101,
        "startTime": 40,
        "songDuration": 88.92,
        "songNumber": 4,
        "activePlayerCount": 249,
        "LinkVideo": "https://files.catbox.moe/cnjl5t.webm",
        "LinkMp3": "https://files.catbox.moe/8ixdoz.mp3"
    },
    {
        "animeEng": "In the Night of the Storm",
        "animeRomaji": "Arashi no Yoru ni",
        "songName": "Star",
        "artist": "aiko",
        "type": "Ending 1",
        "correctCount": 6,
        "startTime": 29,
        "songDuration": 199.176,
        "songNumber": 5,
        "activePlayerCount": 250,
        "LinkVideo": "https://files.catbox.moe/63d2ey.webm",
        "LinkMp3": "https://files.catbox.moe/l5bx6c.mp3"
    },
    {
        "animeEng": "Song of Baseball Enthusiasts",
        "animeRomaji": "Yaky\u016bky\u014d no Uta",
        "songName": "Yakukyou no Uta",
        "artist": "Mitsuko Horie & Columbia Dansei Gasshou-dan",
        "type": "Opening 1",
        "correctCount": 5,
        "startTime": 27,
        "songDuration": 70.764498,
        "songNumber": 6,
        "activePlayerCount": 250,
        "LinkVideo": "https://files.catbox.moe/1riebd.webm",
        "LinkMp3": "https://files.catbox.moe/yyzi55.mp3",
        "correctPlayers": [
            "Kisidy",
            "xxxTuMyPxxx",
            "Rukawa11",
            "Effectus707",
            "asleep"
        ]
    },
    {
        "animeEng": "Moyashimon Returns",
        "animeRomaji": "Moyashimon Returns",
        "songName": "Wake Up",
        "artist": "ClariS",
        "type": "Opening 1",
        "correctCount": 39,
        "startTime": 14,
        "songDuration": 89.184,
        "songNumber": 7,
        "activePlayerCount": 250,
        "LinkVideo": "https://files.catbox.moe/rcnncl.webm",
        "LinkMp3": "https://files.catbox.moe/jm4gjc.mp3"
    },
    {
        "animeEng": "Last Period: the journey to the end of the despair",
        "animeRomaji": "Last Period: Owari naki Rasen no Monogatari",
        "songName": "Shining!",
        "artist": "Juukiseki featuring Misaki Kuno",
        "type": "Insert Song",
        "correctCount": 6,
        "startTime": 84,
        "songDuration": 118.656,
        "songNumber": 8,
        "activePlayerCount": 249,
        "LinkVideo": "https://files.catbox.moe/swo5cr.webm",
        "LinkMp3": "https://files.catbox.moe/5rlaeq.mp3"
    },
    {
        "animeEng": "Cencoroll",
        "animeRomaji": "Cencoroll",
        "songName": "LOVE & ROLL",
        "artist": "supercell",
        "type": "Ending 1",
        "correctCount": 53,
        "startTime": 29,
        "songDuration": 105.816,
        "songNumber": 9,
        "activePlayerCount": 249,
        "LinkVideo": "https://files.catbox.moe/1f167n.webm",
        "LinkMp3": "https://files.catbox.moe/w4mlq2.mp3"
    },
    {
        "animeEng": "The Familiar of Zero",
        "animeRomaji": "Zero no Tsukaima",
        "songName": "First kiss",
        "artist": "ICHIKO",
        "type": "Opening 1",
        "correctCount": 144,
        "startTime": 36,
        "songDuration": 89.304,
        "songNumber": 10,
        "activePlayerCount": 246,
        "LinkVideo": "https://openings.moe/video/ZeroNoTsukaima-OP01-NCBD.webm",
        "LinkMp3": "https://files.catbox.moe/55lo2g.mp3"
    },
    {
        "animeEng": "Gurazeni",
        "animeRomaji": "Gurazeni",
        "songName": "Merigo",
        "artist": "Cypress Ueno & Roberto Yoshino feat. SKY-HI",
        "type": "Opening 1",
        "correctCount": 49,
        "startTime": 18,
        "songDuration": 89.861188,
        "songNumber": 11,
        "activePlayerCount": 245,
        "LinkVideo": "https://files.catbox.moe/iqem1m.webm",
        "LinkMp3": "https://files.catbox.moe/3dt525.mp3"
    },
    {
        "animeEng": "Kakushigoto",
        "animeRomaji": "Kakushigoto",
        "songName": "Chiisana Hibi",
        "artist": "flumpool",
        "type": "Opening 1",
        "correctCount": 144,
        "startTime": 32,
        "songDuration": 89.064,
        "songNumber": 12,
        "activePlayerCount": 245,
        "LinkVideo": "https://files.catbox.moe/oouzwx.webm",
        "LinkMp3": "https://files.catbox.moe/9i55sl.mp3"
    },
    {
        "animeEng": "Teeky\u016b",
        "animeRomaji": "Teeky\u016b",
        "songName": "Menimenimanimani",
        "artist": "Ky\u014dko Narumi",
        "type": "Opening 1",
        "correctCount": 196,
        "startTime": 0,
        "songDuration": 29.808,
        "songNumber": 13,
        "activePlayerCount": 243,
        "LinkVideo": "https://files.catbox.moe/9nk4ex.webm",
        "LinkMp3": "https://files.catbox.moe/x9cs8e.mp3"
    },
    {
        "animeEng": "Umayon",
        "animeRomaji": "Umayon",
        "songName": "Pyoitto\u266a Hallelujah!",
        "artist": "Azumi Waki, Akari Kit\u014d, Iori Saeki, Minami Takahashi, Rena Maeda",
        "type": "Ending 1",
        "correctCount": 54,
        "startTime": 0,
        "songDuration": 28.056,
        "songNumber": 14,
        "activePlayerCount": 241,
        "LinkVideo": "https://files.catbox.moe/29kldk.webm",
        "LinkMp3": "https://files.catbox.moe/o2d1sb.mp3"
    },
    {
        "animeEng": "Rideback",
        "animeRomaji": "Rideback",
        "songName": "RIDEBACK",
        "artist": "MELL",
        "type": "Opening 1",
        "correctCount": 44,
        "startTime": 47,
        "songDuration": 86.496,
        "songNumber": 15,
        "activePlayerCount": 242,
        "LinkVideo": "https://openings.moe/video/RideBack-OP01-NCBD.webm",
        "LinkMp3": "https://files.catbox.moe/2d30mq.mp3"
    },
    {
        "animeEng": "The Asterisk War",
        "animeRomaji": "Gakusen Toshi Asterisk",
        "songName": "Ai no Uta -words of love-",
        "artist": "Haruka Chisuga",
        "type": "Ending 1",
        "correctCount": 67,
        "startTime": 3,
        "songDuration": 89.136,
        "songNumber": 16,
        "activePlayerCount": 241,
        "LinkVideo": "https://files.catbox.moe/js4bvm.webm",
        "LinkMp3": "https://files.catbox.moe/wr9rtj.mp3"
    },
    {
        "animeEng": "One Punch Man",
        "animeRomaji": "One Punch Man",
        "songName": "Sonic no One-Punch Ondo",
        "artist": "Y\u016bki Kaji",
        "type": "Ending 3",
        "correctCount": 178,
        "startTime": 19,
        "songDuration": 92.928,
        "songNumber": 17,
        "activePlayerCount": 242,
        "LinkVideo": "https://files.catbox.moe/jguh3g.webm",
        "LinkMp3": "https://files.catbox.moe/cmgmb8.mp3"
    },
    {
        "animeEng": "Aikatsu on Parade!",
        "animeRomaji": "Aikatsu on Parade!",
        "songName": "Egao no Suncatcher",
        "artist": "Risuko\u30fbMona from STAR\u2606ANIS",
        "type": "Insert Song",
        "correctCount": 87,
        "startTime": 33,
        "songDuration": 108.192,
        "songNumber": 18,
        "activePlayerCount": 242,
        "LinkVideo": "https://files.catbox.moe/ttnkph.webm",
        "LinkMp3": "https://files.catbox.moe/wahz13.mp3"
    },
    {
        "animeEng": "The Secret Garden",
        "animeRomaji": "Anime Himitsu no Hanazono",
        "songName": "Gyakuten Typhoon",
        "artist": "Yoshie Hayasaka",
        "type": "Opening 1",
        "correctCount": 6,
        "startTime": 34,
        "songDuration": 85.28833,
        "songNumber": 19,
        "activePlayerCount": 241,
        "LinkVideo": "https://files.catbox.moe/fkvd32.webm",
        "LinkMp3": "https://files.catbox.moe/obbael.mp3"
    },
    {
        "animeEng": "Revolutionary Girl Utena",
        "animeRomaji": "Sh\u014djo Kakumei Utena",
        "songName": "Nanibito mo Kataru Koto Nashi",
        "artist": "Suginami Jidou Gasshou-dan, Maki Kamiya, Kunihiko Ikuhara, Shinkichi Mitsumune",
        "type": "Insert Song",
        "correctCount": 61,
        "startTime": 29,
        "songDuration": 166.992,
        "songNumber": 20,
        "activePlayerCount": 240,
        "LinkVideo": "https://files.catbox.moe/l3y0rj.webm",
        "LinkMp3": "https://files.catbox.moe/kh24fk.mp3"
    },
    {
        "animeEng": "Doraemon: Nobita's Dinosaur",
        "animeRomaji": "Doraemon: Nobita no Kyoryu",
        "songName": "Pocket no Naka ni",
        "artist": "Nobuyo Ooyama with Young Fresh",
        "type": "Ending 1",
        "correctCount": 3,
        "startTime": 36,
        "songDuration": 125.016,
        "songNumber": 21,
        "activePlayerCount": 241,
        "LinkVideo": "https://files.catbox.moe/qtym3q.webm",
        "LinkMp3": "https://files.catbox.moe/5o84fo.mp3",
        "correctPlayers": [
            "watashiii",
            "Rukawa11",
            "asleep"
        ]
    },
    {
        "animeEng": "Tales of Gekij\u014d",
        "animeRomaji": "Tales of Gekij\u014d",
        "songName": "Omotte Iru Zutto...",
        "artist": "Shouko Miyata",
        "type": "Ending 1",
        "correctCount": 3,
        "startTime": 28,
        "songDuration": 67.2,
        "songNumber": 22,
        "activePlayerCount": 240,
        "LinkVideo": "https://files.catbox.moe/t3803u.webm",
        "LinkMp3": "https://files.catbox.moe/748h93.mp3",
        "correctPlayers": [
            "MangoSS",
            "neulztan",
            "shubakasan"
        ]
    },
    {
        "animeEng": "Kiki's Delivery Service",
        "animeRomaji": "Majo no Takky\u016bbin",
        "songName": "Rouge no Dengon",
        "artist": "Yumi Arai",
        "type": "Opening 1",
        "correctCount": 95,
        "startTime": 62,
        "songDuration": 97.056,
        "songNumber": 23,
        "activePlayerCount": 240,
        "LinkVideo": "https://files.catbox.moe/vogi9g.webm",
        "LinkMp3": "https://files.catbox.moe/tkgfpl.mp3"
    },
    {
        "animeEng": "tada never falls in LOVE",
        "animeRomaji": "Tada-kun wa Koi o Shinai",
        "songName": "Love Song",
        "artist": "Y\u016bichi Nakamura",
        "type": "Insert Song",
        "correctCount": 56,
        "startTime": 35,
        "songDuration": 163.056,
        "songNumber": 24,
        "activePlayerCount": 240,
        "LinkVideo": "https://files.catbox.moe/bxq119.webm",
        "LinkMp3": "https://files.catbox.moe/ddjcbh.mp3"
    },
    {
        "animeEng": "Case Closed",
        "animeRomaji": "Meitantei Conan",
        "songName": "Sukoshi Zutsu Sukoshi Zutsu",
        "artist": "SARD UNDERGROUND",
        "type": "Ending 61",
        "correctCount": 35,
        "startTime": 22,
        "songDuration": 79.128,
        "songNumber": 25,
        "activePlayerCount": 240,
        "LinkVideo": "https://files.catbox.moe/9aq3o4.webm",
        "LinkMp3": "https://files.catbox.moe/ua4elz.mp3"
    },
    {
        "animeEng": "Dragon Ball Z: The Return of Cooler",
        "animeRomaji": "Dragon Ball Z: Gekitotsu!! 100-oku Power no Senshi-tachi",
        "songName": "CHA-LA HEAD-CHA-LA",
        "artist": "Hironobu Kageyama",
        "type": "Opening 1",
        "correctCount": 225,
        "startTime": 72,
        "songDuration": 107.074078,
        "songNumber": 26,
        "activePlayerCount": 240,
        "LinkVideo": "https://files.catbox.moe/al9o96.webm",
        "LinkMp3": "https://files.catbox.moe/ewehoa.mp3"
    },
    {
        "animeEng": "Legend of Basara",
        "animeRomaji": "Legend of Basara",
        "songName": "endless loop",
        "artist": "ROUAGE",
        "type": "Opening 1",
        "correctCount": 13,
        "startTime": 29,
        "songDuration": 86.961625,
        "songNumber": 27,
        "activePlayerCount": 239,
        "LinkVideo": "https://files.catbox.moe/sdo4fv.webm",
        "LinkMp3": "https://files.catbox.moe/gx0uz3.mp3"
    },
    {
        "animeEng": "Non Non Biyori",
        "animeRomaji": "Non Non Biyori",
        "songName": "Non Non Biyori",
        "artist": "Ayane Sakura, Kana Asumi, Kotori Koiwai, Rie Murakawa",
        "type": "Ending 1",
        "correctCount": 71,
        "startTime": 46,
        "songDuration": 88.776,
        "songNumber": 28,
        "activePlayerCount": 239,
        "LinkVideo": "https://files.catbox.moe/hyruzj.webm",
        "LinkMp3": "https://files.catbox.moe/ov8lso.mp3"
    },
    {
        "animeEng": "Love Stage!!",
        "animeRomaji": "Love Stage!!",
        "songName": "L\u03a6VEST",
        "artist": "SCREEN mode",
        "type": "Opening 1",
        "correctCount": 178,
        "startTime": 15,
        "songDuration": 86.568,
        "songNumber": 29,
        "activePlayerCount": 239,
        "LinkVideo": "https://files.catbox.moe/5b0g02.webm",
        "LinkMp3": "https://files.catbox.moe/7pvivw.mp3"
    },
    {
        "animeEng": "Dream Hunter Rem",
        "animeRomaji": "Dream Hunter Rem",
        "songName": "Yasashii Koi Dorobou",
        "artist": "Naoko Matsui",
        "type": "Insert Song",
        "correctCount": 2,
        "startTime": 34,
        "songDuration": 72.122842,
        "songNumber": 30,
        "activePlayerCount": 239,
        "LinkVideo": "https://files.catbox.moe/hhstfl.webm",
        "LinkMp3": "https://files.catbox.moe/cjh0na.mp3",
        "correctPlayers": [
            "80s",
            "Effectus707"
        ]
    },
    {
        "animeEng": "Natsume's Book of Friends Season 5",
        "animeRomaji": "Natsume Y\u016bjinch\u014d Go",
        "songName": "Takarabako",
        "artist": "sasanomaly",
        "type": "Opening 1",
        "correctCount": 52,
        "startTime": 16,
        "songDuration": 90,
        "songNumber": 31,
        "activePlayerCount": 238,
        "LinkVideo": "https://files.catbox.moe/kwid4g.webm",
        "LinkMp3": "https://files.catbox.moe/1wm5zj.mp3"
    },
    {
        "animeEng": "Detective Conan: 16 Suspects",
        "animeRomaji": "Detective Conan: 16 Suspects",
        "songName": "Winter Bells",
        "artist": "Mai Kuraki",
        "type": "Ending 1",
        "correctCount": 97,
        "startTime": 49,
        "songDuration": 101.424,
        "songNumber": 32,
        "activePlayerCount": 238,
        "LinkVideo": "https://files.catbox.moe/mhb4e5.webm",
        "LinkMp3": "https://files.catbox.moe/80wbgl.mp3"
    },
    {
        "animeEng": "Is the order a rabbit?",
        "animeRomaji": "GochiUsa?",
        "songName": "Poppin jump \u266a",
        "artist": "Chimame-tai",
        "type": "Ending 1",
        "correctCount": 68,
        "startTime": 20,
        "songDuration": 89.352,
        "songNumber": 33,
        "activePlayerCount": 238,
        "LinkVideo": "https://files.catbox.moe/tfzd40.webm",
        "LinkMp3": "https://files.catbox.moe/0dubg8.mp3"
    },
    {
        "animeEng": "Land of the Lustrous",
        "animeRomaji": "H\u014dseki no Kuni",
        "songName": "Kyoumen no Nami",
        "artist": "YURiKA",
        "type": "Opening 1",
        "correctCount": 152,
        "startTime": 26,
        "songDuration": 89.064,
        "songNumber": 34,
        "activePlayerCount": 237,
        "LinkVideo": "https://files.catbox.moe/xsz1st.webm",
        "LinkMp3": "https://files.catbox.moe/jh7et0.mp3"
    },
    {
        "animeEng": "Time Bokan: The Villains Strike Back",
        "animeRomaji": "Time Bokan: Gyakush\u016b no San-Okunin",
        "songName": "DESTINY",
        "artist": "KinKi Kids",
        "type": "Opening 3",
        "correctCount": 1,
        "startTime": 15,
        "songDuration": 89.180508,
        "songNumber": 35,
        "activePlayerCount": 237,
        "LinkVideo": "https://files.catbox.moe/slimjk.webm",
        "LinkMp3": "https://files.catbox.moe/5lmqfe.mp3",
        "correctPlayers": [
            "Rukawa11"
        ]
    },
    {
        "animeEng": "Black Butler: Book of Circus",
        "animeRomaji": "Kuroshitsuji: Book of Circus",
        "songName": "ENAMEL",
        "artist": "SID",
        "type": "Opening 1",
        "correctCount": 105,
        "startTime": 27,
        "songDuration": 87.576,
        "songNumber": 36,
        "activePlayerCount": 237,
        "LinkVideo": "https://files.catbox.moe/czw10c.webm",
        "LinkMp3": "https://files.catbox.moe/7rpbhf.mp3"
    },
    {
        "animeEng": "Kanamemo",
        "animeRomaji": "Kanamemo",
        "songName": "Natsu wa Yappari Pool Desho\u266a",
        "artist": "Ry\u014d Hirohashi, Aya End\u014d, Eri Kitamura",
        "type": "Insert Song",
        "correctCount": 20,
        "startTime": 1,
        "songDuration": 39.36,
        "songNumber": 37,
        "activePlayerCount": 238,
        "LinkVideo": "https://files.catbox.moe/aonanm.webm",
        "LinkMp3": "https://files.catbox.moe/jeal8b.mp3"
    },
    {
        "animeEng": "No. 6",
        "animeRomaji": "No. 6",
        "songName": "Spell",
        "artist": "Lama",
        "type": "Opening 1",
        "correctCount": 88,
        "startTime": 43,
        "songDuration": 88.997654,
        "songNumber": 38,
        "activePlayerCount": 236,
        "LinkVideo": "https://files.catbox.moe/3sowfr.webm",
        "LinkMp3": "https://files.catbox.moe/kh9log.mp3"
    },
    {
        "animeEng": "Nazotokine",
        "animeRomaji": "Nazotokine",
        "songName": "Dragon\u2606Onsen\u2606Paradise",
        "artist": "SENGOKU Girls",
        "type": "Insert Song",
        "correctCount": 3,
        "startTime": 0,
        "songDuration": 34.9028,
        "songNumber": 39,
        "activePlayerCount": 236,
        "LinkVideo": "https://files.catbox.moe/370o6h.webm",
        "LinkMp3": "https://files.catbox.moe/roidpq.mp3",
        "correctPlayers": [
            "watashiii",
            "Rukawa11",
            "asleep"
        ]
    },
    {
        "animeEng": "Dragon Ball: Yo! The Return of Son Goku and Friends!!",
        "animeRomaji": "Dragon Ball: Ossu! Kaette Kita Son Goku to Nakamatachi!!",
        "songName": "CHA-LA HEAD-CHA-LA",
        "artist": "Hironobu Kageyama",
        "type": "Opening 1",
        "correctCount": 214,
        "startTime": 25,
        "songDuration": 106.872,
        "songNumber": 40,
        "activePlayerCount": 235,
        "LinkVideo": "https://files.catbox.moe/399exj.webm",
        "LinkMp3": "https://files.catbox.moe/dsdjoz.mp3"
    },
    {
        "animeEng": "L/R: Licensed by Royalty",
        "animeRomaji": "L/R: Licensed by Royalty",
        "songName": "Go Where No Ones Gone Before",
        "artist": "Billy Preston",
        "type": "Opening 1",
        "correctCount": 13,
        "startTime": 39,
        "songDuration": 90.669462,
        "songNumber": 41,
        "activePlayerCount": 235,
        "LinkVideo": "https://files.catbox.moe/j3qj1o.webm",
        "LinkMp3": "https://files.catbox.moe/nh0wwm.mp3"
    },
    {
        "animeEng": "Gurren Lagann the Movie: The Lights in the Sky Are Stars",
        "animeRomaji": "Tengen Toppa Gurren Lagann: Lagann-hen",
        "songName": "Sora-iro Days -Tengen Toppa EDITION-",
        "artist": "Shoko Nakagawa",
        "type": "Insert Song",
        "correctCount": 37,
        "startTime": 128,
        "songDuration": 331.8,
        "songNumber": 42,
        "activePlayerCount": 235,
        "LinkVideo": "https://files.catbox.moe/5hbnps.webm",
        "LinkMp3": "https://files.catbox.moe/231bg3.mp3"
    },
    {
        "animeEng": "Sgt. Frog",
        "animeRomaji": "Keroro Guns\u014d",
        "songName": "Daijoubu Suponpon Friend",
        "artist": "Yoshio Kojima",
        "type": "Ending 15",
        "correctCount": 84,
        "startTime": 35,
        "songDuration": 88.032,
        "songNumber": 43,
        "activePlayerCount": 235,
        "LinkVideo": "https://files.catbox.moe/3b60b8.webm",
        "LinkMp3": "https://files.catbox.moe/kn3rx8.mp3"
    },
    {
        "animeEng": "Blue Comet SPT Layzner",
        "animeRomaji": "Aoki Ry\u016bsei SPT Layzner",
        "songName": "Go-Fun dake no Wagamama",
        "artist": "Seiko Tomizawa",
        "type": "Ending 1",
        "correctCount": 8,
        "startTime": 11,
        "songDuration": 57.456,
        "songNumber": 44,
        "activePlayerCount": 235,
        "LinkVideo": "https://files.catbox.moe/ldrv7z.webm",
        "LinkMp3": "https://files.catbox.moe/yhwr4v.mp3"
    },
    {
        "animeEng": "Kingdom",
        "animeRomaji": "Kingdom",
        "songName": "Exit",
        "artist": "The Sketchbook",
        "type": "Ending 2",
        "correctCount": 26,
        "startTime": 54,
        "songDuration": 89.895,
        "songNumber": 45,
        "activePlayerCount": 234,
        "LinkVideo": "https://files.catbox.moe/kb864l.webm"
    },
    {
        "animeEng": "Shiki",
        "animeRomaji": "Shiki",
        "songName": "Kuchizuke",
        "artist": "BUCK-TICK",
        "type": "Opening 1",
        "correctCount": 117,
        "startTime": 34,
        "songDuration": 88.128,
        "songNumber": 46,
        "activePlayerCount": 235,
        "LinkVideo": "https://files.catbox.moe/w1nsn2.webm",
        "LinkMp3": "https://files.catbox.moe/t8iguy.mp3"
    },
    {
        "animeEng": "The Melancholy of Haruhi-chan Suzumiya",
        "animeRomaji": "Suzumiya Haruhi-chan no Y\u016butsu",
        "songName": "Ima made no Arasuji",
        "artist": "SOS-dan",
        "type": "Opening 1",
        "correctCount": 74,
        "startTime": 23,
        "songDuration": 60.0806,
        "songNumber": 47,
        "activePlayerCount": 237,
        "LinkVideo": "https://files.catbox.moe/klkq9u.webm",
        "LinkMp3": "https://files.catbox.moe/5sq0ij.mp3"
    },
    {
        "animeEng": "High School Agent",
        "animeRomaji": "High School Agent",
        "songName": "NA\u30fbNA\u30fbNA",
        "artist": "TOM\u2605CAT",
        "type": "Opening 2",
        "correctCount": 7,
        "startTime": 9,
        "songDuration": 61.944,
        "songNumber": 48,
        "activePlayerCount": 233,
        "LinkVideo": "https://files.catbox.moe/sd5zym.webm",
        "LinkMp3": "https://files.catbox.moe/dt7utf.mp3"
    },
    {
        "animeEng": "Koe de Oshigoto!",
        "animeRomaji": "Koe de Oshigoto!",
        "songName": "Koi no Mah\u014d",
        "artist": "Orange blossom",
        "type": "Opening 1",
        "correctCount": 27,
        "startTime": 10,
        "songDuration": 95.808,
        "songNumber": 49,
        "activePlayerCount": 234,
        "LinkVideo": "https://files.catbox.moe/vp1ef5.webm",
        "LinkMp3": "https://files.catbox.moe/itw0le.mp3"
    },
    {
        "animeEng": "Case Closed: Countdown to Heaven",
        "animeRomaji": "Meitantei Conan: Tengoku e no Countdown",
        "songName": "always",
        "artist": "Mai Kuraki",
        "type": "Ending 1",
        "correctCount": 112,
        "startTime": 86,
        "songDuration": 185.064,
        "songNumber": 50,
        "activePlayerCount": 234,
        "LinkVideo": "https://files.catbox.moe/es6a5n.webm",
        "LinkMp3": "https://files.catbox.moe/i0d32z.mp3"
    },
    {
        "animeEng": "Aiura",
        "animeRomaji": "Aiura",
        "songName": "Kani\u2606Do-Luck!",
        "artist": "Aiu\u2665Love",
        "type": "Opening 1",
        "correctCount": 107,
        "startTime": 25,
        "songDuration": 59.064,
        "songNumber": 51,
        "activePlayerCount": 233,
        "LinkVideo": "https://files.catbox.moe/nmrzyh.webm",
        "LinkMp3": "https://files.catbox.moe/bsqwmx.mp3"
    },
    {
        "animeEng": "Senki Zessh\u014d Symphogear GX",
        "animeRomaji": "Senki Zessh\u014d Symphogear GX",
        "songName": "Niji-iro no Fl\u00fcgel",
        "artist": "Aoi Y\u016bki \u00d7 Nana Mizuki \u00d7 Ayahi Takagaki \u00d7 Yoshino Nanj\u014d \u00d7 Ai Kayano \u00d7 Yoko Hikasa \u00d7 Minami Takayama",
        "type": "Ending 4",
        "correctCount": 90,
        "startTime": 34,
        "songDuration": 85.056,
        "songNumber": 52,
        "activePlayerCount": 233,
        "LinkVideo": "https://files.catbox.moe/7sdltq.webm",
        "LinkMp3": "https://files.catbox.moe/fff3ex.mp3"
    },
    {
        "animeEng": "Astra Lost in Space",
        "animeRomaji": "Kanata no Astra",
        "songName": "Star of Hope",
        "artist": "Saori Hayami",
        "type": "Ending 2",
        "correctCount": 33,
        "startTime": 69,
        "songDuration": 120.624,
        "songNumber": 53,
        "activePlayerCount": 231,
        "LinkVideo": "https://files.catbox.moe/t25r20.webm",
        "LinkMp3": "https://files.catbox.moe/6m3ulf.mp3"
    },
    {
        "animeEng": "Tsurezure Children",
        "animeRomaji": "Tsuredure Children",
        "songName": "Dear",
        "artist": "Yui Ogura",
        "type": "Ending 1",
        "correctCount": 81,
        "startTime": 14,
        "songDuration": 59.662648,
        "songNumber": 54,
        "activePlayerCount": 231,
        "LinkVideo": "https://files.catbox.moe/gr0gc6.webm",
        "LinkMp3": "https://files.catbox.moe/308i36.mp3"
    },
    {
        "animeEng": "A Certain Scientific Railgun",
        "animeRomaji": "Toaru Kagaku no Railgun",
        "songName": "LEVEL5-judgelight-",
        "artist": "fripSide",
        "type": "Opening 2",
        "correctCount": 164,
        "startTime": 9,
        "songDuration": 89.808,
        "songNumber": 55,
        "activePlayerCount": 231,
        "LinkVideo": "https://files.catbox.moe/jtkwac.webm",
        "LinkMp3": "https://files.catbox.moe/hf6t6d.mp3"
    },
    {
        "animeEng": "Lagrange - The Flower of Rin-ne",
        "animeRomaji": "Lag-Rin",
        "songName": "TRY UNITE!",
        "artist": "Megumi Nakajima",
        "type": "Opening 1",
        "correctCount": 69,
        "startTime": 43,
        "songDuration": 85.464,
        "songNumber": 56,
        "activePlayerCount": 231,
        "LinkVideo": "https://files.catbox.moe/rrg2zk.webm",
        "LinkMp3": "https://files.catbox.moe/w0iv3r.mp3"
    },
    {
        "animeEng": "Ouran High School Host Club",
        "animeRomaji": "\u014cran K\u014dk\u014d Host Club",
        "songName": "Shissou",
        "artist": "LAST ALLIANCE",
        "type": "Ending 1",
        "correctCount": 64,
        "startTime": 14,
        "songDuration": 67.56,
        "songNumber": 57,
        "activePlayerCount": 231,
        "LinkVideo": "https://files.catbox.moe/zzauw4.webm",
        "LinkMp3": "https://files.catbox.moe/7pndk2.mp3"
    },
    {
        "animeEng": "Show By Rock!!#",
        "animeRomaji": "Show By Rock!!#",
        "songName": "Heart wo ROCK!!",
        "artist": "Plasmagica",
        "type": "Opening 2",
        "correctCount": 21,
        "startTime": 21,
        "songDuration": 88.896,
        "songNumber": 58,
        "activePlayerCount": 231,
        "LinkVideo": "https://files.catbox.moe/yn9u0j.webm",
        "LinkMp3": "https://files.catbox.moe/92o5qw.mp3"
    },
    {
        "animeEng": "Nyanbo!",
        "animeRomaji": "Nyanbo!",
        "songName": "Uch\u016b kara Yattekita Nyanbo",
        "artist": "\u014chashiTrio",
        "type": "Opening 1",
        "correctCount": 194,
        "startTime": 0,
        "songDuration": 23.37919,
        "songNumber": 59,
        "activePlayerCount": 229,
        "LinkVideo": "https://files.catbox.moe/rbl30y.webm",
        "LinkMp3": "https://files.catbox.moe/4p7bdu.mp3"
    },
    {
        "animeEng": "The World's Greatest First Love",
        "animeRomaji": "Sekai Ichi Hatsukoi - The World's Greatest First Love",
        "songName": "Aikotoba",
        "artist": "Sakura Merry-Men",
        "type": "Ending 1",
        "correctCount": 12,
        "startTime": 23,
        "songDuration": 88.128,
        "songNumber": 60,
        "activePlayerCount": 230,
        "LinkVideo": "https://files.catbox.moe/3eaqg3.webm",
        "LinkMp3": "https://files.catbox.moe/wkb5gy.mp3"
    },
    {
        "animeEng": "Little Women in Love",
        "animeRomaji": "Ai no Wakakusayama Monogatari",
        "songName": "Princess Lipp",
        "artist": "24COLORS",
        "type": "Opening 1",
        "correctCount": 2,
        "startTime": 6,
        "songDuration": 44.184,
        "songNumber": 61,
        "activePlayerCount": 229,
        "LinkVideo": "https://files.catbox.moe/e68355.webm",
        "LinkMp3": "https://files.catbox.moe/nx9ygy.mp3",
        "correctPlayers": [
            "frisco",
            "asleep"
        ]
    },
    {
        "animeEng": "Aggretsuko: We Wish You a Metal Christmas",
        "animeRomaji": "Aggretsuko: We Wish You a Metal Christmas",
        "songName": "Jingle Bells",
        "artist": "Tim Timebomb and the Interrupters",
        "type": "Opening 1",
        "correctCount": 121,
        "startTime": 8,
        "songDuration": 44.041692,
        "songNumber": 62,
        "activePlayerCount": 230,
        "LinkVideo": "https://files.catbox.moe/xksa0l.webm",
        "LinkMp3": "https://files.catbox.moe/uu5x2c.mp3"
    },
    {
        "animeEng": "Boys Over Flowers",
        "animeRomaji": "Hana Yori Dango",
        "songName": "Futsuu no Nichiyoubi ni",
        "artist": "Tomohiko Kikuta",
        "type": "Opening 1",
        "correctCount": 24,
        "startTime": 25,
        "songDuration": 104.784,
        "songNumber": 63,
        "activePlayerCount": 230,
        "LinkVideo": "https://files.catbox.moe/ek4xxn.webm",
        "LinkMp3": "https://files.catbox.moe/56a78m.mp3"
    },
    {
        "animeEng": "City Hunter: Bay City Wars",
        "animeRomaji": "City Hunter: Bay City Wars",
        "songName": "Rock My Love",
        "artist": "Yoko Oginome",
        "type": "Ending 1",
        "correctCount": 10,
        "startTime": 80,
        "songDuration": 140.568,
        "songNumber": 64,
        "activePlayerCount": 230,
        "LinkVideo": "https://files.catbox.moe/ah2zi3.webm",
        "LinkMp3": "https://files.catbox.moe/0g91lf.mp3"
    },
    {
        "animeEng": "Bloom Into You",
        "animeRomaji": "Yagate Kimi ni Naru",
        "songName": "Kimi ni Furete",
        "artist": "Riko Azuna",
        "type": "Opening 1",
        "correctCount": 92,
        "startTime": 20,
        "songDuration": 89.781314,
        "songNumber": 65,
        "activePlayerCount": 230,
        "LinkVideo": "https://files.catbox.moe/istzrn.webm",
        "LinkMp3": "https://files.catbox.moe/uzi553.mp3"
    },
    {
        "animeEng": "Di Gi Charat: Winter Garden",
        "animeRomaji": "Winter Garden",
        "songName": "le petit jardin",
        "artist": "Miyuki Sawashiro",
        "type": "Insert Song",
        "correctCount": 13,
        "startTime": 25,
        "songDuration": 127.32,
        "songNumber": 66,
        "activePlayerCount": 230,
        "LinkVideo": "https://files.catbox.moe/ek6xrs.webm",
        "LinkMp3": "https://files.catbox.moe/x91o4t.mp3"
    },
    {
        "animeEng": "Sasami-san@Ganbaranai",
        "animeRomaji": "Sasami-san@Ganbaranai",
        "songName": "Alteration",
        "artist": "ZAQ",
        "type": "Opening 1",
        "correctCount": 58,
        "startTime": 45,
        "songDuration": 87.064626,
        "songNumber": 67,
        "activePlayerCount": 229,
        "LinkVideo": "https://files.catbox.moe/awr6r3.webm",
        "LinkMp3": "https://files.catbox.moe/r65z9n.mp3"
    },
    {
        "animeEng": "Sky Girls",
        "animeRomaji": "Sky Girls",
        "songName": "Virgin's high",
        "artist": "MELL",
        "type": "Opening 1",
        "correctCount": 40,
        "startTime": 37,
        "songDuration": 90.072,
        "songNumber": 68,
        "activePlayerCount": 229,
        "LinkVideo": "https://files.catbox.moe/pjgfxu.webm",
        "LinkMp3": "https://files.catbox.moe/cq5q7v.mp3"
    },
    {
        "animeEng": "Fighting Fantasy Girl Rescue Me: Mave-chan",
        "animeRomaji": "Sent\u014d Y\u014dsei Sh\u014djo Tasukete! Mave-chan",
        "songName": "Tokimeki wa Itsumo",
        "artist": "Satoko Sumino",
        "type": "Insert Song",
        "correctCount": 8,
        "startTime": 6,
        "songDuration": 40.056,
        "songNumber": 69,
        "activePlayerCount": 229,
        "LinkVideo": "https://files.catbox.moe/hzmcs3.webm",
        "LinkMp3": "https://files.catbox.moe/f1qdij.mp3"
    },
    {
        "animeEng": "Fate/Grand Order: First Order",
        "animeRomaji": "Fate/Grand Order: First Order",
        "songName": "Shikisai",
        "artist": "Maaya Sakamoto",
        "type": "Ending 1",
        "correctCount": 72,
        "startTime": 31,
        "songDuration": 87.048,
        "songNumber": 70,
        "activePlayerCount": 230,
        "LinkVideo": "https://files.catbox.moe/zssru6.webm",
        "LinkMp3": "https://files.catbox.moe/acwqjp.mp3"
    },
    {
        "animeEng": "The Adventures of Gamba",
        "animeRomaji": "Gamba no B\u014dken",
        "songName": "Gamba no Uta",
        "artist": "Hiromasa Kawahara",
        "type": "Opening 1",
        "correctCount": 109,
        "startTime": 18,
        "songDuration": 73.68,
        "songNumber": 71,
        "activePlayerCount": 230,
        "LinkVideo": "https://files.catbox.moe/ncwa2y.webm",
        "LinkMp3": "https://files.catbox.moe/wkly1z.mp3"
    },
    {
        "animeEng": "Cannon Busters",
        "animeRomaji": "Cannon Busters",
        "songName": "Showdown",
        "artist": "Marty Grimes and BJRNCK",
        "type": "Opening 1",
        "correctCount": 50,
        "startTime": 21,
        "songDuration": 89.856,
        "songNumber": 72,
        "activePlayerCount": 229,
        "LinkVideo": "https://files.catbox.moe/34uoc7.webm",
        "LinkMp3": "https://files.catbox.moe/h9q990.mp3"
    },
    {
        "animeEng": "Magical Circle Guru-Guru",
        "animeRomaji": "Mah\u014djin Guruguru",
        "songName": "Den\u30fbSetsu SILVER LOVE",
        "artist": "TECHNOBOYS PULCRAFT GREEN-FUND feat. G-Fantasy",
        "type": "Insert Song",
        "correctCount": 22,
        "startTime": 0,
        "songDuration": 32.424,
        "songNumber": 73,
        "activePlayerCount": 230,
        "LinkVideo": "https://files.catbox.moe/5flq5b.webm",
        "LinkMp3": "https://files.catbox.moe/owjtfg.mp3"
    },
    {
        "animeEng": "Kemono Friends",
        "animeRomaji": "Kemono Friends",
        "songName": "Y\u014dkoso Japari Park e",
        "artist": "D\u014dbutsu Biscuit x PPP",
        "type": "Opening 1",
        "correctCount": 117,
        "startTime": 15,
        "songDuration": 89.952,
        "songNumber": 74,
        "activePlayerCount": 230,
        "LinkVideo": "https://files.catbox.moe/mr4y70.webm",
        "LinkMp3": "https://files.catbox.moe/qcag9v.mp3"
    },
    {
        "animeEng": "BORUTO: NARUTO NEXT GENERATIONS",
        "animeRomaji": "BORUTO: NARUTO NEXT GENERATIONS",
        "songName": "Teenage Dream",
        "artist": "miwa",
        "type": "Opening 6",
        "correctCount": 24,
        "startTime": 17,
        "songDuration": 86.472,
        "songNumber": 75,
        "activePlayerCount": 231,
        "LinkVideo": "https://files.catbox.moe/kmu1f0.webm",
        "LinkMp3": "https://files.catbox.moe/4iuscy.mp3"
    }
]