[
    {
        "animeEng": "Gekij\u014dban selector destructed WIXOSS",
        "animeRomaji": "Gekij\u014dban selector destructed WIXOSS",
        "songName": "Ever After",
        "artist": "Cyua",
        "type": "Insert Song",
        "correctCount": 19,
        "startTime": 27,
        "songDuration": 130.872,
        "songNumber": 1,
        "activePlayerCount": 256,
        "LinkVideo": "https://files.catbox.moe/30c5to.webm",
        "LinkMp3": "https://files.catbox.moe/pnl5yr.mp3"
    },
    {
        "animeEng": "Hidamari Sketch \u00d7 365",
        "animeRomaji": "Hidamari Sketch \u00d7 365",
        "songName": "Ry\u016bsei Record",
        "artist": "marble",
        "type": "Ending 1",
        "correctCount": 25,
        "startTime": 15,
        "songDuration": 89.472,
        "songNumber": 2,
        "activePlayerCount": 260,
        "LinkVideo": "https://files.catbox.moe/ubb16u.webm",
        "LinkMp3": "https://files.catbox.moe/z3hrve.mp3"
    },
    {
        "animeEng": "Lupin III: Part III",
        "animeRomaji": "Lupin Sansei: Part III",
        "songName": "Sexy Adventure",
        "artist": "Yuusuke Nakamura",
        "type": "Opening 1",
        "correctCount": 8,
        "startTime": 17,
        "songDuration": 89.33724,
        "songNumber": 3,
        "activePlayerCount": 263,
        "LinkVideo": "https://files.catbox.moe/mz2lfs.webm",
        "LinkMp3": "https://files.catbox.moe/bdv6fn.mp3"
    },
    {
        "animeEng": "DRRR!!",
        "animeRomaji": "Durarara!!",
        "songName": "rain tears",
        "artist": "Saki Fujita",
        "type": "Insert Song",
        "correctCount": 123,
        "startTime": 0,
        "songDuration": 35.064,
        "songNumber": 4,
        "activePlayerCount": 262,
        "LinkVideo": "https://files.catbox.moe/7dgogz.webm",
        "LinkMp3": "https://files.catbox.moe/rdrist.mp3"
    },
    {
        "animeEng": "Kamichama Karin",
        "animeRomaji": "Kamichama Karin",
        "songName": "Ankoku Tengoku",
        "artist": "ALI PROJECT",
        "type": "Opening 1",
        "correctCount": 30,
        "startTime": 30,
        "songDuration": 88.92,
        "songNumber": 5,
        "activePlayerCount": 261,
        "LinkVideo": "https://files.catbox.moe/h0ke3b.webm",
        "LinkMp3": "https://files.catbox.moe/pqppcg.mp3"
    },
    {
        "animeEng": "Parasite Dolls",
        "animeRomaji": "Parasite Dolls",
        "songName": "Get On the Beat",
        "artist": "Michaelson",
        "type": "Opening 1",
        "correctCount": 7,
        "startTime": 15,
        "songDuration": 86.736,
        "songNumber": 6,
        "activePlayerCount": 260,
        "LinkVideo": "https://files.catbox.moe/itw9me.webm",
        "LinkMp3": "https://files.catbox.moe/3bnf4g.mp3"
    },
    {
        "animeEng": "Inazuma Eleven: Saiky\u014d Gundan Ogre Sh\u016brai",
        "animeRomaji": "Inazuma Eleven: Saiky\u014d Gundan Ogre Sh\u016brai",
        "songName": "Super Tachiagariyo!",
        "artist": "T-Pistonz+KMC",
        "type": "Opening 1",
        "correctCount": 38,
        "startTime": 5,
        "songDuration": 86.045868,
        "songNumber": 7,
        "activePlayerCount": 259,
        "LinkVideo": "https://files.catbox.moe/1ortm3.webm",
        "LinkMp3": "https://files.catbox.moe/r9vn6f.mp3"
    },
    {
        "animeEng": "Big Windup!",
        "animeRomaji": "\u014ckiku Furikabutte",
        "songName": "Dramatic",
        "artist": "Base Ball Bear",
        "type": "Opening 1",
        "correctCount": 21,
        "startTime": 43,
        "songDuration": 89.064,
        "songNumber": 8,
        "activePlayerCount": 258,
        "LinkVideo": "https://files.catbox.moe/czem5l.webm",
        "LinkMp3": "https://files.catbox.moe/q86lvv.mp3"
    },
    {
        "animeEng": "The God of High School",
        "animeRomaji": "The God of High School",
        "songName": "WIN",
        "artist": "CIX",
        "type": "Ending 1",
        "correctCount": 154,
        "startTime": 12,
        "songDuration": 87.48,
        "songNumber": 9,
        "activePlayerCount": 259,
        "LinkVideo": "https://files.catbox.moe/tj2nm4.webm",
        "LinkMp3": "https://files.catbox.moe/csya8w.mp3"
    },
    {
        "animeEng": "Ro-Kyu-Bu! SS",
        "animeRomaji": "Ro-Kyu-Bu! SS",
        "songName": "Get goal!",
        "artist": "RO-KYU-BU!",
        "type": "Insert Song",
        "correctCount": 31,
        "startTime": 181,
        "songDuration": 254.424,
        "songNumber": 10,
        "activePlayerCount": 257,
        "LinkVideo": "https://files.catbox.moe/ca2s7n.webm",
        "LinkMp3": "https://files.catbox.moe/9ziaw6.mp3"
    },
    {
        "animeEng": "City Hunter '91",
        "animeRomaji": "City Hunter '91",
        "songName": "Smile & Smile",
        "artist": "AURA",
        "type": "Ending 1",
        "correctCount": 16,
        "startTime": 0,
        "songDuration": 81.864,
        "songNumber": 11,
        "activePlayerCount": 254,
        "LinkVideo": "https://files.catbox.moe/h9ueno.webm",
        "LinkMp3": "https://files.catbox.moe/biucds.mp3"
    },
    {
        "animeEng": "Mr. Osomatsu",
        "animeRomaji": "Osomatsu-san",
        "songName": "Iyami Ondo",
        "artist": "Kenichi Suzumura",
        "type": "Ending 2",
        "correctCount": 54,
        "startTime": 15,
        "songDuration": 88.896,
        "songNumber": 12,
        "activePlayerCount": 254,
        "LinkVideo": "https://files.catbox.moe/aohv0m.webm",
        "LinkMp3": "https://files.catbox.moe/atf47e.mp3"
    },
    {
        "animeEng": "Hell Teacher Nube",
        "animeRomaji": "Jigoku Sensei Nube",
        "songName": "Bari Bari Saikyou NO.1",
        "artist": "FEEL SO BAD",
        "type": "Opening 1",
        "correctCount": 31,
        "startTime": 44,
        "songDuration": 81.768,
        "songNumber": 13,
        "activePlayerCount": 253,
        "LinkVideo": "https://files.catbox.moe/xp0sl3.webm",
        "LinkMp3": "https://files.catbox.moe/y0zln6.mp3"
    },
    {
        "animeEng": "Saint Seiya",
        "animeRomaji": "Saint Seiya",
        "songName": "Sayonara no Kawari ni -CAN'T SAY GOOD-BYE-",
        "artist": "MAKE-UP",
        "type": "Insert Song",
        "correctCount": 37,
        "startTime": 5,
        "songDuration": 115.056,
        "songNumber": 14,
        "activePlayerCount": 253,
        "LinkVideo": "https://files.catbox.moe/o3w76f.webm",
        "LinkMp3": "https://files.catbox.moe/e37hp5.mp3"
    },
    {
        "animeEng": "KAIJU GIRLS",
        "animeRomaji": "Kaij\u016b Girls: Ultra Kaij\u016b Gijinka Keikaku",
        "songName": "Joujou \u2191\u2191 GAO !!",
        "artist": "Capsule Girls",
        "type": "Opening 1",
        "correctCount": 75,
        "startTime": 0,
        "songDuration": 27.888,
        "songNumber": 15,
        "activePlayerCount": 252,
        "LinkVideo": "https://files.catbox.moe/kftmv2.webm",
        "LinkMp3": "https://files.catbox.moe/cf2oby.mp3"
    },
    {
        "animeEng": "Happiness!",
        "animeRomaji": "Happiness!",
        "songName": "Happiness!",
        "artist": "Ayumi Murata",
        "type": "Opening 1",
        "correctCount": 16,
        "startTime": 40,
        "songDuration": 89.448,
        "songNumber": 16,
        "activePlayerCount": 252,
        "LinkVideo": "https://files.catbox.moe/cic54v.webm",
        "LinkMp3": "https://files.catbox.moe/pc848x.mp3"
    },
    {
        "animeEng": "The Relative Worlds",
        "animeRomaji": "S\u014dtai Sekai",
        "songName": "VIP KID",
        "artist": "REOL",
        "type": "Opening 1",
        "correctCount": 113,
        "startTime": 42,
        "songDuration": 93.816,
        "songNumber": 17,
        "activePlayerCount": 253,
        "LinkVideo": "https://files.catbox.moe/fnoh0e.webm",
        "LinkMp3": "https://files.catbox.moe/nygcrv.mp3"
    },
    {
        "animeEng": "Eternal Filena",
        "animeRomaji": "Eien no Filena",
        "songName": "OCEAN",
        "artist": "Azumi Inoue",
        "type": "Ending 1",
        "correctCount": 1,
        "startTime": 70,
        "songDuration": 147.192,
        "songNumber": 18,
        "activePlayerCount": 254,
        "LinkVideo": "https://files.catbox.moe/ndea1e.webm",
        "LinkMp3": "https://files.catbox.moe/91adkc.mp3",
        "correctPlayers": [
            "watashiii"
        ]
    },
    {
        "animeEng": "Nichijou Episode 0",
        "animeRomaji": "Nichij\u014d no 0-wa",
        "songName": "Nichij\u014d no 0-wa",
        "artist": "Sayaka Sasaki",
        "type": "Ending 1",
        "correctCount": 27,
        "startTime": 27,
        "songDuration": 142.848,
        "songNumber": 19,
        "activePlayerCount": 253,
        "LinkVideo": "https://files.catbox.moe/mclpxt.webm",
        "LinkMp3": "https://files.catbox.moe/dkt39s.mp3"
    },
    {
        "animeEng": "Project ARMS: The 2nd Chapter",
        "animeRomaji": "Project ARMS: The 2nd Chapter",
        "songName": "TIME WAITS FOR NO ONE",
        "artist": "WAG",
        "type": "Opening 1",
        "correctCount": 0,
        "startTime": 10,
        "songDuration": 89.6192,
        "songNumber": 20,
        "activePlayerCount": 252,
        "LinkVideo": "https://files.catbox.moe/7aa8fn.webm",
        "LinkMp3": "https://files.catbox.moe/rd8gf6.mp3"
    },
    {
        "animeEng": "Sound! Euphonium",
        "animeRomaji": "Hibike! Euphonium",
        "songName": "Dream Solister (Wind Orchestra Ver.)",
        "artist": "Freshman Wind Ensemble",
        "type": "Ending 3",
        "correctCount": 163,
        "startTime": 1,
        "songDuration": 88.608,
        "songNumber": 21,
        "activePlayerCount": 253,
        "LinkVideo": "https://files.catbox.moe/ab6tkx.webm",
        "LinkMp3": "https://files.catbox.moe/euy1gz.mp3"
    },
    {
        "animeEng": "Seiyu's Life!",
        "animeRomaji": "Sore ga Seiy\u016b!",
        "songName": "Sore ga Seiy\u016b!",
        "artist": "Earphones",
        "type": "Opening 1",
        "correctCount": 44,
        "startTime": 7,
        "songDuration": 88.2,
        "songNumber": 22,
        "activePlayerCount": 250,
        "LinkVideo": "https://files.catbox.moe/ubnvz9.webm",
        "LinkMp3": "https://files.catbox.moe/ju2ogi.mp3"
    },
    {
        "animeEng": "Ace of the Diamond",
        "animeRomaji": "Daiya no Ace",
        "songName": "Go EXCEED!!",
        "artist": "Tom-H@ck featuring Masayoshi \u014cishi",
        "type": "Opening 1",
        "correctCount": 127,
        "startTime": 47,
        "songDuration": 89.049898,
        "songNumber": 23,
        "activePlayerCount": 251,
        "LinkVideo": "https://files.catbox.moe/1hbf8g.webm",
        "LinkMp3": "https://files.catbox.moe/5jfisq.mp3"
    },
    {
        "animeEng": "The Cat Returns",
        "animeRomaji": "Neko no Ongaeshi",
        "songName": "Kaze ni Naru",
        "artist": "Ayano Tsuji",
        "type": "Ending 1",
        "correctCount": 72,
        "startTime": 35,
        "songDuration": 239.592,
        "songNumber": 24,
        "activePlayerCount": 251,
        "LinkVideo": "https://files.catbox.moe/2k7k5c.webm",
        "LinkMp3": "https://files.catbox.moe/uay2ur.mp3"
    },
    {
        "animeEng": "Encouragement of Climb Season 2",
        "animeRomaji": "Yama no Susume Second Season",
        "songName": "Staccato Days",
        "artist": "Yuka Iguchi & Kana Asumi",
        "type": "Insert Song",
        "correctCount": 102,
        "startTime": 21,
        "songDuration": 101.88,
        "songNumber": 25,
        "activePlayerCount": 251,
        "LinkVideo": "https://files.catbox.moe/2dgibv.webm",
        "LinkMp3": "https://files.catbox.moe/tbezsx.mp3"
    },
    {
        "animeEng": "Non Non Biyori Vacation",
        "animeRomaji": "Non Non Biyori Vacation",
        "songName": "Ao no Rakugaki",
        "artist": "nano.RIPE",
        "type": "Opening 1",
        "correctCount": 63,
        "startTime": 44,
        "songDuration": 100.224,
        "songNumber": 26,
        "activePlayerCount": 251,
        "LinkVideo": "https://files.catbox.moe/sj57yq.webm",
        "LinkMp3": "https://files.catbox.moe/5xm928.mp3"
    },
    {
        "animeEng": "Arifureta: From Commonplace to World's Strongest",
        "animeRomaji": "Arifureta Shokugy\u014d de Sekaisaiky\u014d",
        "songName": "FLARE",
        "artist": "Void_Chords feat. LIO",
        "type": "Opening 1",
        "correctCount": 156,
        "startTime": 44,
        "songDuration": 89.808,
        "songNumber": 27,
        "activePlayerCount": 250,
        "LinkVideo": "https://files.catbox.moe/ipv9nr.webm",
        "LinkMp3": "https://files.catbox.moe/s04zpe.mp3"
    },
    {
        "animeEng": "Pok\u00e9mon: Black and White: Rival Destinies",
        "animeRomaji": "Pokemon Best Wishes! Season 2: Decolora Adventure",
        "songName": "Yajirushi ni Natte!",
        "artist": "Rica Matsumoto",
        "type": "Opening 1",
        "correctCount": 36,
        "startTime": 39,
        "songDuration": 88.008,
        "songNumber": 28,
        "activePlayerCount": 249,
        "LinkVideo": "https://files.catbox.moe/xmce82.webm",
        "LinkMp3": "https://files.catbox.moe/42q9dh.mp3"
    },
    {
        "animeEng": "Eiga Suite Precure: Torimodose! Kokoro ga Tsunagu Kiseki no Melody",
        "animeRomaji": "Eiga Suite Precure: Torimodose! Kokoro ga Tsunagu Kiseki no Melody",
        "songName": "#Kibou Rainbow#",
        "artist": "Aya Ikeda",
        "type": "Ending 2",
        "correctCount": 35,
        "startTime": 3,
        "songDuration": 88.128,
        "songNumber": 29,
        "activePlayerCount": 249,
        "LinkVideo": "https://files.catbox.moe/o1xpks.webm",
        "LinkMp3": "https://files.catbox.moe/slrm70.mp3"
    },
    {
        "animeEng": "Kare Baka: Wagahai no Kare wa Baka de R",
        "animeRomaji": "Kare Baka: Wagahai no Kare wa Baka de R",
        "songName": "Grande Valse Brillante",
        "artist": "Fr\u00e9d\u00e9ric Chopin",
        "type": "Ending 1",
        "correctCount": 17,
        "startTime": 0,
        "songDuration": 29.25664,
        "songNumber": 30,
        "activePlayerCount": 249,
        "LinkVideo": "https://files.catbox.moe/wyfrub.webm",
        "LinkMp3": "https://files.catbox.moe/a24o3a.mp3"
    },
    {
        "animeEng": "Kanon",
        "animeRomaji": "Kanon",
        "songName": "Last regrets (Acoustic Version)",
        "artist": "Lia",
        "type": "Insert Song",
        "correctCount": 41,
        "startTime": 116,
        "songDuration": 153,
        "songNumber": 31,
        "activePlayerCount": 250,
        "LinkVideo": "https://files.catbox.moe/9lo35f.webm",
        "LinkMp3": "https://files.catbox.moe/i2wg7e.mp3"
    },
    {
        "animeEng": "Haikyu!! Movie Sain\u014d to Sense",
        "animeRomaji": "Haikyu!! Movie Sain\u014d to Sense",
        "songName": "I'm a Believer",
        "artist": "SPYAIR",
        "type": "Ending 1",
        "correctCount": 145,
        "startTime": 57,
        "songDuration": 212.016,
        "songNumber": 32,
        "activePlayerCount": 249,
        "LinkVideo": "https://files.catbox.moe/7hnvvc.webm",
        "LinkMp3": "https://files.catbox.moe/ubew1t.mp3"
    },
    {
        "animeEng": "Seizei Gambare Mah\u014d Sh\u014djo Kurumi",
        "animeRomaji": "Seizei Gambare Mah\u014d Sh\u014djo Kurumi",
        "songName": "Oideyo Egaogaoka-shi ~Egaogaoka-shi ni Furuku kara Tsutawaru Warabe Uta~",
        "artist": "Yuu Hayashi, Wataru Hatano, Takuma Terashima",
        "type": "Ending 1",
        "correctCount": 12,
        "startTime": 0,
        "songDuration": 31.163546,
        "songNumber": 33,
        "activePlayerCount": 249,
        "LinkVideo": "https://files.catbox.moe/8h59ic.webm",
        "LinkMp3": "https://files.catbox.moe/6kpzvi.mp3"
    },
    {
        "animeEng": "BanG Dream! Girls Band Party! Pico",
        "animeRomaji": "BanG Dream! Garupa\u2606Pico",
        "songName": "Egao no Orchestra!",
        "artist": "Hello, Happy World!",
        "type": "Insert Song",
        "correctCount": 108,
        "startTime": 0,
        "songDuration": 21.864114,
        "songNumber": 34,
        "activePlayerCount": 249,
        "LinkVideo": "https://files.catbox.moe/h4xocu.webm",
        "LinkMp3": "https://files.catbox.moe/104ucm.mp3"
    },
    {
        "animeEng": "ID: INVADED",
        "animeRomaji": "ID: INVADED",
        "songName": "Mr. Fixer",
        "artist": "Sou",
        "type": "Opening 1",
        "correctCount": 122,
        "startTime": 20,
        "songDuration": 89.04,
        "songNumber": 35,
        "activePlayerCount": 249,
        "LinkVideo": "https://files.catbox.moe/jtb9av.webm",
        "LinkMp3": "https://files.catbox.moe/thn1q8.mp3"
    },
    {
        "animeEng": "Nobunaga The Fool",
        "animeRomaji": "Nobunaga The Fool",
        "songName": "FOOL THE WORLD",
        "artist": "Minori Chihara",
        "type": "Opening 1",
        "correctCount": 33,
        "startTime": 24,
        "songDuration": 86.568308,
        "songNumber": 36,
        "activePlayerCount": 249,
        "LinkVideo": "https://files.catbox.moe/q5i6rr.webm",
        "LinkMp3": "https://files.catbox.moe/sk2hsz.mp3"
    },
    {
        "animeEng": "Azur Lane",
        "animeRomaji": "Azur Lane",
        "songName": "Hikari no Michishirube",
        "artist": "Kano",
        "type": "Ending 1",
        "correctCount": 58,
        "startTime": 33,
        "songDuration": 88.512,
        "songNumber": 37,
        "activePlayerCount": 249,
        "LinkVideo": "https://files.catbox.moe/k6wd6t.webm",
        "LinkMp3": "https://files.catbox.moe/7du781.mp3"
    },
    {
        "animeEng": "Blue Exorcist Movie",
        "animeRomaji": "Ao no Exorcist Movie",
        "songName": "REVERSI",
        "artist": "UVERworld",
        "type": "Ending 1",
        "correctCount": 37,
        "startTime": 32,
        "songDuration": 280.132328,
        "songNumber": 38,
        "activePlayerCount": 248,
        "LinkVideo": "https://files.catbox.moe/m2c3zi.webm",
        "LinkMp3": "https://files.catbox.moe/hs0i5w.mp3"
    },
    {
        "animeEng": "Saint Seiya: The Hades Chapter - Elysion",
        "animeRomaji": "Saint Seiya: Mei\u014d Hades Elysion-hen",
        "songName": "Kami no En ~Del regno~",
        "artist": "Y\u016bko Ishibashi",
        "type": "Ending 1",
        "correctCount": 2,
        "startTime": 43,
        "songDuration": 89.064,
        "songNumber": 39,
        "activePlayerCount": 247,
        "LinkVideo": "https://animethemes.moe/video/SaintSeiyaHadesElysionHen-ED1.webm",
        "LinkMp3": "https://files.catbox.moe/pjjm05.mp3",
        "correctPlayers": [
            "Kisidy",
            "KonoDioda1"
        ]
    },
    {
        "animeEng": "Senki Zessh\u014d Symphogear G",
        "animeRomaji": "Senki Zessh\u014d Symphogear G",
        "songName": "Next Destination",
        "artist": "Ayahi Takagaki",
        "type": "Ending 2",
        "correctCount": 51,
        "startTime": 38,
        "songDuration": 89.424,
        "songNumber": 40,
        "activePlayerCount": 245,
        "LinkVideo": "https://files.catbox.moe/bugxs0.webm",
        "LinkMp3": "https://files.catbox.moe/n67s0l.mp3"
    },
    {
        "animeEng": "Rosario + Vampire Capu2",
        "animeRomaji": "Rosario to Vampire Capu2",
        "songName": "SAY YES!",
        "artist": "Rie Kugimiya",
        "type": "Insert Song",
        "correctCount": 19,
        "startTime": 93,
        "songDuration": 144.888,
        "songNumber": 41,
        "activePlayerCount": 247,
        "LinkVideo": "https://files.catbox.moe/ip9d5v.webm",
        "LinkMp3": "https://files.catbox.moe/qvm2gh.mp3"
    },
    {
        "animeEng": "Why the Hell Are You Here, Teacher!?",
        "animeRomaji": "Nande Koko ni Sensei ga!?",
        "songName": "Bon\u2661Kyuu\u2661Bon wa Kare no Mono\u2661",
        "artist": "Sumire Uesaka",
        "type": "Opening 1",
        "correctCount": 117,
        "startTime": 39,
        "songDuration": 86.280966,
        "songNumber": 42,
        "activePlayerCount": 245,
        "LinkVideo": "https://files.catbox.moe/0hro0z.webm",
        "LinkMp3": "https://files.catbox.moe/0krutd.mp3"
    },
    {
        "animeEng": "Abnormal Physiology Seminar",
        "animeRomaji": "Hen Semi",
        "songName": "Hen \u30fb Rin \u30fb Sham ~Hen da yo. Rinse no ato ni Shampoo te~",
        "artist": "Kana Hanazawa, Minoru Shiraishi, Norihisa Mori & Takashi Matsuyama",
        "type": "Ending 1",
        "correctCount": 17,
        "startTime": 11,
        "songDuration": 59.52,
        "songNumber": 43,
        "activePlayerCount": 244,
        "LinkVideo": "https://files.catbox.moe/ybqhyw.webm",
        "LinkMp3": "https://files.catbox.moe/fmwumw.mp3"
    },
    {
        "animeEng": "Mini Toji",
        "animeRomaji": "Mini Toji",
        "songName": "Kono Bangumi wa Ura Wakaki K\u014dmuin-tachi no Teiky\u014d de Okuri Itashimasu",
        "artist": "Kaede Hondo & Himika Akaneya",
        "type": "Opening 1",
        "correctCount": 40,
        "startTime": 5,
        "songDuration": 59.7159,
        "songNumber": 44,
        "activePlayerCount": 244,
        "LinkVideo": "https://files.catbox.moe/zpbq2s.webm",
        "LinkMp3": "https://files.catbox.moe/k0072j.mp3"
    },
    {
        "animeEng": "Bludgeoning Angel Dokuro-chan",
        "animeRomaji": "Bokusatsu Tenshi Dokuro-chan",
        "songName": "Bokusatsu Tenshi Dokuro-chan",
        "artist": "Saeko Chiba",
        "type": "Opening 1",
        "correctCount": 98,
        "startTime": 6,
        "songDuration": 89.712,
        "songNumber": 45,
        "activePlayerCount": 243,
        "LinkVideo": "https://files.catbox.moe/9rjm94.webm",
        "LinkMp3": "https://files.catbox.moe/fuy28e.mp3"
    },
    {
        "animeEng": "Pugyuru",
        "animeRomaji": "Pugyuru",
        "songName": "Rolling Maid-san da",
        "artist": "Sakura Nogawa and Ai Tokunaga",
        "type": "Ending 1",
        "correctCount": 21,
        "startTime": 10,
        "songDuration": 44.27679,
        "songNumber": 46,
        "activePlayerCount": 243,
        "LinkVideo": "https://files.catbox.moe/tdp7s4.webm",
        "LinkMp3": "https://files.catbox.moe/wm7nel.mp3"
    },
    {
        "animeEng": "Shadowverse",
        "animeRomaji": "Shadowverse",
        "songName": "Kirifuda",
        "artist": "PENGUIN RESEARCH",
        "type": "Opening 1",
        "correctCount": 84,
        "startTime": 8,
        "songDuration": 87.528,
        "songNumber": 47,
        "activePlayerCount": 243,
        "LinkVideo": "https://files.catbox.moe/uq6suz.webm",
        "LinkMp3": "https://files.catbox.moe/2jdhti.mp3"
    },
    {
        "animeEng": "Eiga Precure All Stars New Stage 3: Eien no Tomodachi",
        "animeRomaji": "Eiga Precure All Stars New Stage 3: Eien no Tomodachi",
        "songName": "Precure ~Eien no Tomodachi~ (2014Version)",
        "artist": "Mayu Kudou, Hitomi Nabatame, Megumi Nakajima",
        "type": "Opening 1",
        "correctCount": 11,
        "startTime": 45,
        "songDuration": 124.032,
        "songNumber": 48,
        "activePlayerCount": 243,
        "LinkVideo": "https://files.catbox.moe/5ndxi6.webm",
        "LinkMp3": "https://files.catbox.moe/wc25yz.mp3"
    },
    {
        "animeEng": "Flip Flappers",
        "animeRomaji": "Flip Flappers",
        "songName": "Over the Rainbow",
        "artist": "TO-MAS feat. M\u30fbA\u30fbO and Minami Takahashi",
        "type": "Insert Song",
        "correctCount": 31,
        "startTime": 34,
        "songDuration": 113.904,
        "songNumber": 49,
        "activePlayerCount": 243,
        "LinkVideo": "https://files.catbox.moe/j1ty2b.webm",
        "LinkMp3": "https://files.catbox.moe/gngpj1.mp3"
    },
    {
        "animeEng": "Combattler V",
        "animeRomaji": "Ch\u014d Denji Robo Combattler V",
        "songName": "Combattler V no Theme",
        "artist": "Ichir\u014d Mizuki and The Blessen Four",
        "type": "Opening 1",
        "correctCount": 77,
        "startTime": 18,
        "songDuration": 72.672,
        "songNumber": 50,
        "activePlayerCount": 243,
        "LinkVideo": "https://files.catbox.moe/evaz11.webm",
        "LinkMp3": "https://files.catbox.moe/4cnxvl.mp3"
    },
    {
        "animeEng": "Manga de Wakaru! Fate/Grand Order",
        "animeRomaji": "Manga de Wakaru! Fate/Grand Order",
        "songName": "Mawaseba Wakaru! FGO",
        "artist": "Tomoko Kaneda",
        "type": "Opening 1",
        "correctCount": 141,
        "startTime": 0,
        "songDuration": 28.464,
        "songNumber": 51,
        "activePlayerCount": 243,
        "LinkVideo": "https://files.catbox.moe/dh9unv.webm",
        "LinkMp3": "https://files.catbox.moe/tqoytk.mp3"
    },
    {
        "animeEng": "Love Tyrant",
        "animeRomaji": "Renai B\u014dkun",
        "songName": "Koi? de Ai? de B\u014dkun Desu!",
        "artist": "Wake Up, Girls!",
        "type": "Opening 1",
        "correctCount": 122,
        "startTime": 3,
        "songDuration": 88.992,
        "songNumber": 52,
        "activePlayerCount": 244,
        "LinkVideo": "https://files.catbox.moe/xxphms.webm",
        "LinkMp3": "https://files.catbox.moe/o2tdzs.mp3"
    },
    {
        "animeEng": "Battle Spirits: Sword Eyes",
        "animeRomaji": "Battle Spirits: Sword Eyes",
        "songName": "Billy Billy",
        "artist": "CLUTCHO",
        "type": "Opening 2",
        "correctCount": 14,
        "startTime": 31,
        "songDuration": 89.415606,
        "songNumber": 53,
        "activePlayerCount": 241,
        "LinkVideo": "https://files.catbox.moe/ce1sp4.webm",
        "LinkMp3": "https://files.catbox.moe/zue4uk.mp3"
    },
    {
        "animeEng": "City Hunter 2",
        "animeRomaji": "City Hunter 2",
        "songName": "SARA",
        "artist": "FENCE OF DEFENSE",
        "type": "Opening 2",
        "correctCount": 38,
        "startTime": 30,
        "songDuration": 89.448,
        "songNumber": 54,
        "activePlayerCount": 241,
        "LinkVideo": "https://files.catbox.moe/u6fd79.webm",
        "LinkMp3": "https://files.catbox.moe/6ig9li.mp3"
    },
    {
        "animeEng": "Sengoku Basara - Samurai Kings: The Last Party",
        "animeRomaji": "Sengoku Basara - Samurai Kings: The Movie",
        "songName": "FLAGS",
        "artist": "T.M.Revolution",
        "type": "Opening 1",
        "correctCount": 14,
        "startTime": 0,
        "songDuration": 116.76534,
        "songNumber": 55,
        "activePlayerCount": 242,
        "LinkVideo": "https://files.catbox.moe/6ooo91.webm",
        "LinkMp3": "https://files.catbox.moe/suqzkc.mp3"
    },
    {
        "animeEng": "Symphogear",
        "animeRomaji": "Senki Zessh\u014d Symphogear",
        "songName": "Shiritsu Lydian Ongakuin K\u014dka",
        "artist": "Shiritsu Lydian Ongakuin Seito Ichid\u014d",
        "type": "Insert Song",
        "correctCount": 37,
        "startTime": 0,
        "songDuration": 27.024,
        "songNumber": 56,
        "activePlayerCount": 241,
        "LinkVideo": "https://files.catbox.moe/9u1s91.webm",
        "LinkMp3": "https://files.catbox.moe/izf06d.mp3"
    },
    {
        "animeEng": "Har\u00e9+Guu Deluxe",
        "animeRomaji": "Jungle wa Itsumo Hale Nochi Guu Deluxe",
        "songName": "LOVE\u2606Tropicana Deluxe",
        "artist": "Sister MAYO",
        "type": "Opening 1",
        "correctCount": 31,
        "startTime": 43,
        "songDuration": 81.264,
        "songNumber": 57,
        "activePlayerCount": 241,
        "LinkVideo": "https://files.catbox.moe/o8gv6p.webm",
        "LinkMp3": "https://files.catbox.moe/b556c3.mp3"
    },
    {
        "animeEng": "Peacemaker",
        "animeRomaji": "Peacemaker Kurogane",
        "songName": "YOU GONNA FEEL",
        "artist": "HAV",
        "type": "Opening 1",
        "correctCount": 12,
        "startTime": 20,
        "songDuration": 87.456,
        "songNumber": 58,
        "activePlayerCount": 241,
        "LinkVideo": "https://files.catbox.moe/vejbs6.webm",
        "LinkMp3": "https://files.catbox.moe/eftng8.mp3"
    },
    {
        "animeEng": "Detective Conan: The Crimson Love Letter",
        "animeRomaji": "Meitantei Conan: Kara Kurenai no Love Letter",
        "songName": "Togetsuky\u014d ~Kimi Omou~",
        "artist": "Mai Kuraki",
        "type": "Ending 1",
        "correctCount": 54,
        "startTime": 142,
        "songDuration": 223.271775,
        "songNumber": 59,
        "activePlayerCount": 241,
        "LinkVideo": "https://files.catbox.moe/zrtpny.webm",
        "LinkMp3": "https://files.catbox.moe/fk99ik.mp3"
    },
    {
        "animeEng": "Mobile Suit Gundam Twilight AXIS: Akaki Zan'ei",
        "animeRomaji": "Mobile Suit Gundam Twilight AXIS: Akaki Zan'ei",
        "songName": "Let go",
        "artist": "Mayu Wakisaka",
        "type": "Insert Song",
        "correctCount": 22,
        "startTime": 34,
        "songDuration": 82.752,
        "songNumber": 60,
        "activePlayerCount": 241,
        "LinkVideo": "https://files.catbox.moe/cb733s.webm",
        "LinkMp3": "https://files.catbox.moe/870hex.mp3"
    },
    {
        "animeEng": "Wandering Clouds",
        "animeRomaji": "Haguregumo",
        "songName": "Itoshi no Funny",
        "artist": "Hideko Yoshida",
        "type": "Opening 1",
        "correctCount": 0,
        "startTime": 53,
        "songDuration": 135.8344,
        "songNumber": 61,
        "activePlayerCount": 241,
        "LinkVideo": "https://files.catbox.moe/k9koop.webm",
        "LinkMp3": "https://files.catbox.moe/qyz8n8.mp3"
    },
    {
        "animeEng": "Aooni The Blue Monster",
        "animeRomaji": "Ao Oni: The Animation",
        "songName": "Kimi koso Ao Oni",
        "artist": "Machigerita (from Book of Magic)",
        "type": "Ending 1",
        "correctCount": 135,
        "startTime": 0,
        "songDuration": 25.704,
        "songNumber": 62,
        "activePlayerCount": 241,
        "LinkVideo": "https://files.catbox.moe/p6x6qr.webm",
        "LinkMp3": "https://files.catbox.moe/f3crso.mp3"
    },
    {
        "animeEng": "Hoop Days",
        "animeRomaji": "Hoop Days",
        "songName": "BABYFACE",
        "artist": "PAMSY",
        "type": "Insert Song",
        "correctCount": 15,
        "startTime": 147,
        "songDuration": 191.904,
        "songNumber": 63,
        "activePlayerCount": 240,
        "LinkVideo": "https://files.catbox.moe/i8i2qu.webm",
        "LinkMp3": "https://files.catbox.moe/a5rk4x.mp3"
    },
    {
        "animeEng": "Dragonaut - The Resonance",
        "animeRomaji": "Dragonaut - The Resonance",
        "songName": "perfect blue",
        "artist": "ATSUMI",
        "type": "Opening 1",
        "correctCount": 11,
        "startTime": 8,
        "songDuration": 88.42297,
        "songNumber": 64,
        "activePlayerCount": 240,
        "LinkVideo": "https://files.catbox.moe/d3arwp.webm",
        "LinkMp3": "https://files.catbox.moe/28nqr2.mp3"
    },
    {
        "animeEng": "Hanamonogatari",
        "animeRomaji": "Hanamonogatari",
        "songName": "the last day of my adolescence",
        "artist": "Miyuki Sawashiro",
        "type": "Opening 1",
        "correctCount": 138,
        "startTime": 17,
        "songDuration": 88.944,
        "songNumber": 65,
        "activePlayerCount": 239,
        "LinkVideo": "https://files.catbox.moe/grmsvm.webm",
        "LinkMp3": "https://files.catbox.moe/67nuic.mp3"
    },
    {
        "animeEng": "Black Clover",
        "animeRomaji": "Black Clover",
        "songName": "Tenj\u014d Tenge",
        "artist": "Miyuna",
        "type": "Ending 6",
        "correctCount": 75,
        "startTime": 4,
        "songDuration": 89.54775,
        "songNumber": 66,
        "activePlayerCount": 239,
        "LinkVideo": "https://files.catbox.moe/ig763r.webm",
        "LinkMp3": "https://files.catbox.moe/7vukir.mp3"
    },
    {
        "animeEng": "Tegami Bachi: Letter Bee",
        "animeRomaji": "Tegami Bachi",
        "songName": "Hajimari no Hi",
        "artist": "Shikao Suga feat. Mummy-D",
        "type": "Opening 1",
        "correctCount": 45,
        "startTime": 52,
        "songDuration": 89.568,
        "songNumber": 67,
        "activePlayerCount": 238,
        "LinkVideo": "https://files.catbox.moe/q5zjz1.webm",
        "LinkMp3": "https://files.catbox.moe/ymato5.mp3"
    },
    {
        "animeEng": "Animal Tantei Kiruminzoo",
        "animeRomaji": "Anyamaru Tantei Kiruminz\u016b",
        "songName": "Poo",
        "artist": "Neko Jump",
        "type": "Opening 1",
        "correctCount": 34,
        "startTime": 47,
        "songDuration": 89.04,
        "songNumber": 68,
        "activePlayerCount": 237,
        "LinkVideo": "https://files.catbox.moe/p4jsjb.webm",
        "LinkMp3": "https://files.catbox.moe/bakyn4.mp3"
    },
    {
        "animeEng": "Fighting Beauty Wulong",
        "animeRomaji": "Kakutou Bijin Wulong",
        "songName": "Kimi no Ai ni Tsuzumarete Itai",
        "artist": "U-ka saegusa IN db",
        "type": "Opening 1",
        "correctCount": 1,
        "startTime": 23,
        "songDuration": 90.747828,
        "songNumber": 69,
        "activePlayerCount": 237,
        "LinkVideo": "https://files.catbox.moe/ph2fj2.webm",
        "LinkMp3": "https://files.catbox.moe/u2wbzv.mp3",
        "correctPlayers": [
            "watashiii"
        ]
    },
    {
        "animeEng": "Space Ace",
        "animeRomaji": "Uch\u016b Ace",
        "songName": "Hoshi no Honoo ni",
        "artist": "Tokyo Konsei Gassh\u014d-dan",
        "type": "Opening 1",
        "correctCount": 18,
        "startTime": 12,
        "songDuration": 56.28,
        "songNumber": 70,
        "activePlayerCount": 235,
        "LinkVideo": "https://files.catbox.moe/e1yt40.webm",
        "LinkMp3": "https://files.catbox.moe/j9edb4.mp3"
    },
    {
        "animeEng": "Aikatsu!",
        "animeRomaji": "Aikatsu!",
        "songName": "Usubeni Day Tripper",
        "artist": "Remi\u30fbEri from STAR\u2606ANIS",
        "type": "Insert Song",
        "correctCount": 84,
        "startTime": 70,
        "songDuration": 112.608,
        "songNumber": 71,
        "activePlayerCount": 235,
        "LinkVideo": "https://files.catbox.moe/xqe9s0.webm",
        "LinkMp3": "https://files.catbox.moe/ehkq4n.mp3"
    },
    {
        "animeEng": "Revolutionary Girl Utena: The Movie",
        "animeRomaji": "Shoujo Kakumei Utena: Adolescence Mokushiroku",
        "songName": "Rondo -revolution",
        "artist": "Masami Okui",
        "type": "Insert Song",
        "correctCount": 75,
        "startTime": 23,
        "songDuration": 88.032,
        "songNumber": 72,
        "activePlayerCount": 236,
        "LinkVideo": "https://files.catbox.moe/1r0m40.webm",
        "LinkMp3": "https://files.catbox.moe/y33j55.mp3"
    },
    {
        "animeEng": "Fantastic Detective Labyrinth",
        "animeRomaji": "Suteki Tantei Labyrinth",
        "songName": "Monochrome",
        "artist": "kannivalism",
        "type": "Opening 1",
        "correctCount": 2,
        "startTime": 7,
        "songDuration": 87.072,
        "songNumber": 73,
        "activePlayerCount": 237,
        "LinkVideo": "https://files.catbox.moe/k0vcr6.webm",
        "LinkMp3": "https://files.catbox.moe/48c7hy.mp3",
        "correctPlayers": [
            "Nazemeiyue",
            "konomi"
        ]
    },
    {
        "animeEng": "Digimon Adventure 02",
        "animeRomaji": "Digimon Adventure 02",
        "songName": "brave heart",
        "artist": "Ayumi Miyazaki",
        "type": "Insert Song",
        "correctCount": 98,
        "startTime": 15,
        "songDuration": 108.096,
        "songNumber": 74,
        "activePlayerCount": 237,
        "LinkVideo": "https://files.catbox.moe/mqxnv5.webm",
        "LinkMp3": "https://files.catbox.moe/z8sed2.mp3"
    },
    {
        "animeEng": "Tweeny Witches",
        "animeRomaji": "Mah\u014d Sh\u014djo Tai Arusu",
        "songName": "DuDiDuWa*lalala",
        "artist": "KOTOKO",
        "type": "Ending 1",
        "correctCount": 12,
        "startTime": 46,
        "songDuration": 88.968,
        "songNumber": 75,
        "activePlayerCount": 236,
        "LinkVideo": "https://files.catbox.moe/sfezm1.webm",
        "LinkMp3": "https://files.catbox.moe/buy1hb.mp3"
    }
]