[
    {
        "animeEng": "Motto! Ojamajo Doremi",
        "animeRomaji": "Motto! Ojamajo Doremi",
        "songName": "Dokidoki no Mahou",
        "artist": "Yuki Matsuura",
        "type": "Insert Song",
        "correctCount": 15,
        "startTime": 8,
        "songDuration": 123.048,
        "songNumber": 1,
        "activePlayerCount": 203,
        "LinkVideo": "https://files.catbox.moe/e1ns1f.webm",
        "LinkMp3": "https://files.catbox.moe/3o39fc.mp3"
    },
    {
        "animeEng": "Magic Tree House",
        "animeRomaji": "Magic Tree House",
        "songName": "Message",
        "artist": "Kana Uemura",
        "type": "Ending 1",
        "correctCount": 6,
        "startTime": 19,
        "songDuration": 253.032,
        "songNumber": 2,
        "activePlayerCount": 208,
        "LinkVideo": "https://files.catbox.moe/n7i84g.webm",
        "LinkMp3": "https://files.catbox.moe/ddtd3n.mp3"
    },
    {
        "animeEng": "Skip Beat!",
        "animeRomaji": "Skip Beat!",
        "songName": "Renaissance",
        "artist": "the generous",
        "type": "Opening 2",
        "correctCount": 20,
        "startTime": 49,
        "songDuration": 86.568,
        "songNumber": 3,
        "activePlayerCount": 209,
        "LinkVideo": "https://files.catbox.moe/m6qiop.webm",
        "LinkMp3": "https://files.catbox.moe/h1tmj0.mp3"
    },
    {
        "animeEng": "Attack on Titan: Lost Girls",
        "animeRomaji": "Shingeki no Kyojin: Lost Girls",
        "songName": "Utsukushiki Zankoku na Sekai",
        "artist": "Y\u014dko Hikasa",
        "type": "Ending 2",
        "correctCount": 103,
        "startTime": 2,
        "songDuration": 88.896,
        "songNumber": 4,
        "activePlayerCount": 209,
        "LinkVideo": "https://files.catbox.moe/ffzbka.webm",
        "LinkMp3": "https://files.catbox.moe/p6rxj3.mp3"
    },
    {
        "animeEng": "Je T'aime",
        "animeRomaji": "Je T'aime",
        "songName": "Satellite of love",
        "artist": "GLAY",
        "type": "Ending 1",
        "correctCount": 1,
        "startTime": 34,
        "songDuration": 161.088,
        "songNumber": 5,
        "activePlayerCount": 208,
        "LinkVideo": "https://files.catbox.moe/6hoa5c.webm",
        "LinkMp3": "https://files.catbox.moe/m2v5fy.mp3",
        "correctPlayers": [
            "ozsauce"
        ]
    },
    {
        "animeEng": "Kanamemo",
        "animeRomaji": "Kanamemo",
        "songName": "YAHHO!! Kanamemo Saish\u016bkai Ver.",
        "artist": "Yui Horie",
        "type": "Ending 2",
        "correctCount": 17,
        "startTime": 171,
        "songDuration": 234.653926,
        "songNumber": 6,
        "activePlayerCount": 208,
        "LinkVideo": "https://files.catbox.moe/xrlz1z.webm",
        "LinkMp3": "https://files.catbox.moe/7qyvlx.mp3"
    },
    {
        "animeEng": "Magical DoReMi",
        "animeRomaji": "Ojamajo Doremi",
        "songName": "Ojamajo Carnival!!",
        "artist": "MAHO-dou",
        "type": "Opening 1",
        "correctCount": 76,
        "startTime": 4,
        "songDuration": 88.656,
        "songNumber": 7,
        "activePlayerCount": 206,
        "LinkVideo": "https://files.catbox.moe/c54tja.webm",
        "LinkMp3": "https://files.catbox.moe/jfveew.mp3"
    },
    {
        "animeEng": "My Bride is a Mermaid",
        "animeRomaji": "Seto no Hanayome",
        "songName": "Romantic summer",
        "artist": "SUN&LUNAR",
        "type": "Opening 1",
        "correctCount": 82,
        "startTime": 41,
        "songDuration": 90.068656,
        "songNumber": 8,
        "activePlayerCount": 206,
        "LinkVideo": "https://files.catbox.moe/eoc0mb.webm",
        "LinkMp3": "https://files.catbox.moe/rylaxa.mp3"
    },
    {
        "animeEng": "Pretty Rhythm All Star Selection",
        "animeRomaji": "Pretty Rhythm All Star Selection",
        "songName": "gift",
        "artist": "Ayane Sakura",
        "type": "Insert Song",
        "correctCount": 17,
        "startTime": 21,
        "songDuration": 146.064,
        "songNumber": 9,
        "activePlayerCount": 206,
        "LinkVideo": "https://files.catbox.moe/czewf9.webm",
        "LinkMp3": "https://files.catbox.moe/0iu6ue.mp3"
    },
    {
        "animeEng": "The Highschool Life of a Fudanshi",
        "animeRomaji": "Fudanshi K\u014dk\u014d Seikatsu",
        "songName": "SEKAI wa Boy Meets Boy\u2642",
        "artist": "Wataru Hatano",
        "type": "Ending 1",
        "correctCount": 136,
        "startTime": 0,
        "songDuration": 28.992,
        "songNumber": 10,
        "activePlayerCount": 206,
        "LinkVideo": "https://files.catbox.moe/30841p.webm",
        "LinkMp3": "https://files.catbox.moe/kmda0k.mp3"
    },
    {
        "animeEng": "Utawarerumono",
        "animeRomaji": "Utawarerumono",
        "songName": "Musouka",
        "artist": "Suara",
        "type": "Opening 1",
        "correctCount": 77,
        "startTime": 35,
        "songDuration": 89.544,
        "songNumber": 11,
        "activePlayerCount": 205,
        "LinkVideo": "https://files.catbox.moe/t5bzh7.webm",
        "LinkMp3": "https://files.catbox.moe/kksj9x.mp3"
    },
    {
        "animeEng": "Fortune Arterial: Akai Yakusoku",
        "animeRomaji": "Fortune Arterial: Akai Yakusoku",
        "songName": "I miss you Gt.ver. misuzu to Aoi",
        "artist": "Veil",
        "type": "Ending 3",
        "correctCount": 51,
        "startTime": 40,
        "songDuration": 89.328,
        "songNumber": 12,
        "activePlayerCount": 206,
        "LinkVideo": "https://files.catbox.moe/ebgcl7.webm",
        "LinkMp3": "https://files.catbox.moe/zpfopq.mp3"
    },
    {
        "animeEng": "Pan de Peace!",
        "animeRomaji": "Pan de Peace!",
        "songName": "Seishun wa Tabemono desu",
        "artist": "petit milady",
        "type": "Opening 1",
        "correctCount": 68,
        "startTime": 0,
        "songDuration": 28.944,
        "songNumber": 13,
        "activePlayerCount": 207,
        "LinkVideo": "https://files.catbox.moe/sticfr.webm",
        "LinkMp3": "https://files.catbox.moe/19plv3.mp3"
    },
    {
        "animeEng": "Star of the Seine",
        "animeRomaji": "La Seine no Hoshi",
        "songName": "La Seine no Hoshi",
        "artist": "Arl\u00e8ne Tempier and Columbia Yurikago Kai",
        "type": "Opening 2",
        "correctCount": 15,
        "startTime": 20,
        "songDuration": 62.448,
        "songNumber": 14,
        "activePlayerCount": 207,
        "LinkVideo": "https://files.catbox.moe/5z548n.webm",
        "LinkMp3": "https://files.catbox.moe/waur1o.mp3"
    },
    {
        "animeEng": "G-On Riders",
        "animeRomaji": "G-On Riders",
        "songName": "Tokimeite, G-on G!",
        "artist": "G-on Riders",
        "type": "Opening 1",
        "correctCount": 3,
        "startTime": 14,
        "songDuration": 87.048,
        "songNumber": 15,
        "activePlayerCount": 206,
        "LinkVideo": "https://files.catbox.moe/0912x2.webm",
        "LinkMp3": "https://files.catbox.moe/3t0n06.mp3",
        "correctPlayers": [
            "watashiii",
            "Kirivert",
            "speedfreek16"
        ]
    },
    {
        "animeEng": "Is It Wrong to Try to Pick Up Girls in a Dungeon? II",
        "animeRomaji": "DanMachi II",
        "songName": "HELLO to DREAM",
        "artist": "Yuka Iguchi",
        "type": "Opening 1",
        "correctCount": 124,
        "startTime": 14,
        "songDuration": 88.344,
        "songNumber": 16,
        "activePlayerCount": 205,
        "LinkVideo": "https://files.catbox.moe/yx4gqh.webm",
        "LinkMp3": "https://files.catbox.moe/hc8mi1.mp3"
    },
    {
        "animeEng": "Hensuki: Are you willing to fall in love with a pervert, as long as she\u2019s a cutie?",
        "animeRomaji": "Kawaikereba Hentai demo Suki ni Natte Kuremasuka?",
        "songName": "Daisuki.",
        "artist": "Ayaka Ohashi",
        "type": "Opening 1",
        "correctCount": 80,
        "startTime": 19,
        "songDuration": 88.272,
        "songNumber": 17,
        "activePlayerCount": 203,
        "LinkVideo": "https://files.catbox.moe/bxtkjz.webm",
        "LinkMp3": "https://files.catbox.moe/8l3im1.mp3"
    },
    {
        "animeEng": "Gintama",
        "animeRomaji": "Gintama",
        "songName": "Asa ANSWER",
        "artist": "PENGIN",
        "type": "Ending 15",
        "correctCount": 54,
        "startTime": 42,
        "songDuration": 88.056,
        "songNumber": 18,
        "activePlayerCount": 202,
        "LinkVideo": "https://files.catbox.moe/dm5oxd.webm",
        "LinkMp3": "https://files.catbox.moe/sx9864.mp3"
    },
    {
        "animeEng": "Engaged to the Unidentified",
        "animeRomaji": "Mikakunin de Shink\u014dkei",
        "songName": "Masshiro World",
        "artist": "Mikakuning!",
        "type": "Ending 1",
        "correctCount": 115,
        "startTime": 4,
        "songDuration": 88.248,
        "songNumber": 19,
        "activePlayerCount": 203,
        "LinkVideo": "https://files.catbox.moe/hvpezc.webm",
        "LinkMp3": "https://files.catbox.moe/5x74kl.mp3"
    },
    {
        "animeEng": "Robin in the Rainbow Troops",
        "animeRomaji": "Rainbow Sentai Robin",
        "songName": "Rainbow Sentai Robin",
        "artist": "Kamitakada Sh\u014dnen Gassh\u014d-dan",
        "type": "Opening 1",
        "correctCount": 36,
        "startTime": 1,
        "songDuration": 55.08,
        "songNumber": 20,
        "activePlayerCount": 203,
        "LinkVideo": "https://files.catbox.moe/iea31r.webm",
        "LinkMp3": "https://files.catbox.moe/nrh8p7.mp3"
    },
    {
        "animeEng": "When Supernatural Battles Became Commonplace",
        "animeRomaji": "In\u014d-Battle wa Nichij\u014d-kei no Naka de",
        "songName": "OVERLAPPERS",
        "artist": "Qverktett:||",
        "type": "Opening 1",
        "correctCount": 79,
        "startTime": 33,
        "songDuration": 88.008,
        "songNumber": 21,
        "activePlayerCount": 203,
        "LinkVideo": "https://files.catbox.moe/johctj.webm",
        "LinkMp3": "https://files.catbox.moe/sz0fqj.mp3"
    },
    {
        "animeEng": "Astra Lost in Space",
        "animeRomaji": "Kanata no Astra",
        "songName": "Astra-gou no Bouken",
        "artist": "Saori Hayami",
        "type": "Insert Song",
        "correctCount": 32,
        "startTime": 138,
        "songDuration": 220.272,
        "songNumber": 22,
        "activePlayerCount": 202,
        "LinkVideo": "https://files.catbox.moe/0p0817.webm",
        "LinkMp3": "https://files.catbox.moe/podrmg.mp3"
    },
    {
        "animeEng": "The Eccentric Family",
        "animeRomaji": "Uch\u014dten Kazoku",
        "songName": "Uch\u014dten Jinsei",
        "artist": "milktub",
        "type": "Opening 1",
        "correctCount": 72,
        "startTime": 29,
        "songDuration": 88.872,
        "songNumber": 23,
        "activePlayerCount": 203,
        "LinkVideo": "https://files.catbox.moe/5tbys2.webm",
        "LinkMp3": "https://files.catbox.moe/ft9lua.mp3"
    },
    {
        "animeEng": "Revue Starlight",
        "animeRomaji": "Sh\u014djo\u2606Kageki Revue Starlight",
        "songName": "Hanasaka Uta",
        "artist": "Teru Ikuta & Ayasa Itou",
        "type": "Insert Song",
        "correctCount": 42,
        "startTime": 139,
        "songDuration": 296.04,
        "songNumber": 24,
        "activePlayerCount": 202,
        "LinkVideo": "https://files.catbox.moe/dvl8vb.webm",
        "LinkMp3": "https://files.catbox.moe/zkyczl.mp3"
    },
    {
        "animeEng": "Oreshura",
        "animeRomaji": "Oreshura",
        "songName": "W:Wonder tale",
        "artist": "Yukari Tamura",
        "type": "Ending 1",
        "correctCount": 60,
        "startTime": 43,
        "songDuration": 90.552,
        "songNumber": 25,
        "activePlayerCount": 203,
        "LinkVideo": "https://files.catbox.moe/01ni8a.webm",
        "LinkMp3": "https://files.catbox.moe/2rflj8.mp3"
    },
    {
        "animeEng": "Girls und Panzer: This is the Real Anzio Battle!",
        "animeRomaji": "Girls und Panzer: Kore ga Hont\u014d no Anzio-sen Desu!",
        "songName": "Enter Enter MISSION!",
        "artist": "Ankou Team",
        "type": "Ending 1",
        "correctCount": 85,
        "startTime": 41,
        "songDuration": 89.376,
        "songNumber": 26,
        "activePlayerCount": 202,
        "LinkVideo": "https://files.catbox.moe/s1czpj.webm",
        "LinkMp3": "https://files.catbox.moe/eezr2m.mp3"
    },
    {
        "animeEng": "Dragon Collection",
        "animeRomaji": "Dragon Collection",
        "songName": "Kibou no Hikari",
        "artist": "Nagareda Project",
        "type": "Insert Song",
        "correctCount": 2,
        "startTime": 32,
        "songDuration": 65.736,
        "songNumber": 27,
        "activePlayerCount": 202,
        "LinkVideo": "https://files.catbox.moe/xs1hta.webm",
        "LinkMp3": "https://files.catbox.moe/n9amjo.mp3",
        "correctPlayers": [
            "Avassalador",
            "anstazz"
        ]
    },
    {
        "animeEng": "Onigiri",
        "animeRomaji": "Onigiri",
        "songName": "Hime wa Rankiry\u016b\u2606Goikk\u014d-sama",
        "artist": "STARMARIE",
        "type": "Opening 1",
        "correctCount": 30,
        "startTime": 1,
        "songDuration": 44.184,
        "songNumber": 28,
        "activePlayerCount": 203,
        "LinkVideo": "https://files.catbox.moe/3s8kx8.webm",
        "LinkMp3": "https://files.catbox.moe/ik2l9r.mp3"
    },
    {
        "animeEng": "Sekai-ichi Hatsukoi: Yokozawa Takafumi no Baai",
        "animeRomaji": "Sekai-ichi Hatsukoi: Yokozawa Takafumi no Baai",
        "songName": "Yasashii Kiseki",
        "artist": "Shuhei Kita",
        "type": "Ending 1",
        "correctCount": 5,
        "startTime": 210,
        "songDuration": 245.832,
        "songNumber": 29,
        "activePlayerCount": 202,
        "LinkVideo": "https://files.catbox.moe/ddrsbe.webm",
        "LinkMp3": "https://files.catbox.moe/3k4cn7.mp3",
        "correctPlayers": [
            "Avassalador",
            "BrosephWin",
            "NotJulie",
            "Nazemeiyue",
            "KurisuZ"
        ]
    },
    {
        "animeEng": "Di Gi Charat Kuchi Kara Bazooka",
        "animeRomaji": "Di Gi Charat Kuchi Kara Bazooka",
        "songName": "see you see you",
        "artist": "Asami Sanada, Miyuki Sawashiro, Kyoko Hikami",
        "type": "Ending 1",
        "correctCount": 7,
        "startTime": 44,
        "songDuration": 87.936,
        "songNumber": 30,
        "activePlayerCount": 201,
        "LinkVideo": "https://files.catbox.moe/4x4b4r.webm",
        "LinkMp3": "https://files.catbox.moe/5auiqo.mp3"
    },
    {
        "animeEng": "Onegai My Melody",
        "animeRomaji": "Onegai My Melody",
        "songName": "Oto Melody",
        "artist": "Mikako Takahashi",
        "type": "Opening 1",
        "correctCount": 54,
        "startTime": 28,
        "songDuration": 89.16,
        "songNumber": 31,
        "activePlayerCount": 201,
        "LinkVideo": "https://files.catbox.moe/l9h3vx.webm",
        "LinkMp3": "https://files.catbox.moe/on2an9.mp3"
    },
    {
        "animeEng": "Hamatora",
        "animeRomaji": "Hamatora",
        "songName": "FLAT",
        "artist": "livetune adding Y\u016bki Ozaki",
        "type": "Opening 1",
        "correctCount": 88,
        "startTime": 51,
        "songDuration": 88.728,
        "songNumber": 32,
        "activePlayerCount": 201,
        "LinkVideo": "https://files.catbox.moe/36ed2g.webm",
        "LinkMp3": "https://files.catbox.moe/c7znrt.mp3"
    },
    {
        "animeEng": "Juden Chan",
        "animeRomaji": "Fight Ippatsu! J\u016bden-chan!!",
        "songName": "BouNce\u2665BaCk",
        "artist": "Kaori Fukuhara",
        "type": "Opening 1",
        "correctCount": 5,
        "startTime": 12,
        "songDuration": 90.016412,
        "songNumber": 33,
        "activePlayerCount": 201,
        "LinkVideo": "https://files.catbox.moe/7p5wln.webm",
        "LinkMp3": "https://files.catbox.moe/q7qtpt.mp3",
        "correctPlayers": [
            "Jlin2",
            "lzlucas",
            "konomi",
            "ozsauce",
            "eieieieie"
        ]
    },
    {
        "animeEng": "Dragon Ball: Curse of the Blood Rubies",
        "animeRomaji": "Dragon Ball: Shenlong no Densetsu",
        "songName": "Makafushigi Adventure!",
        "artist": "Hiroki Takahashi",
        "type": "Opening 1",
        "correctCount": 182,
        "startTime": 19,
        "songDuration": 107.688,
        "songNumber": 34,
        "activePlayerCount": 201,
        "LinkVideo": "https://files.catbox.moe/cw29xd.webm",
        "LinkMp3": "https://files.catbox.moe/i66y68.mp3"
    },
    {
        "animeEng": "Howl's Moving Castle",
        "animeRomaji": "Howl no Ugoku Shiro",
        "songName": "Sekai no Yakusoku",
        "artist": "Chieko Baisho",
        "type": "Ending 1",
        "correctCount": 78,
        "startTime": 159,
        "songDuration": 253.887275,
        "songNumber": 35,
        "activePlayerCount": 200,
        "LinkVideo": "https://files.catbox.moe/do2atn.webm",
        "LinkMp3": "https://files.catbox.moe/42izbr.mp3"
    },
    {
        "animeEng": "PriPara",
        "animeRomaji": "PriPara",
        "songName": "Kumikyoku Forever\u2606Friends~Interlude~Memories Medley",
        "artist": "DressingPaf\u00e9, NonSugar, Tricolore, Gaarmageddon, UCCHARI BIG-BANGS",
        "type": "Insert Song",
        "correctCount": 19,
        "startTime": 1,
        "songDuration": 79.56,
        "songNumber": 36,
        "activePlayerCount": 201,
        "LinkVideo": "https://files.catbox.moe/s41slc.webm",
        "LinkMp3": "https://files.catbox.moe/cbz3z3.mp3"
    },
    {
        "animeEng": "The Secret Garden",
        "animeRomaji": "Anime Himitsu no Hanazono",
        "songName": "Gyakuten Typhoon",
        "artist": "Yoshie Hayasaka",
        "type": "Opening 1",
        "correctCount": 5,
        "startTime": 30,
        "songDuration": 85.28833,
        "songNumber": 37,
        "activePlayerCount": 200,
        "LinkVideo": "https://files.catbox.moe/fkvd32.webm",
        "LinkMp3": "https://files.catbox.moe/obbael.mp3",
        "correctPlayers": [
            "lzlucas",
            "Rukawa11",
            "doomchicken",
            "ozsauce",
            "KurisuZ"
        ]
    },
    {
        "animeEng": "Case Closed: Countdown to Heaven",
        "animeRomaji": "Meitantei Conan: Tengoku e no Countdown",
        "songName": "always",
        "artist": "Mai Kuraki",
        "type": "Ending 1",
        "correctCount": 93,
        "startTime": 30,
        "songDuration": 185.064,
        "songNumber": 38,
        "activePlayerCount": 199,
        "LinkVideo": "https://files.catbox.moe/es6a5n.webm",
        "LinkMp3": "https://files.catbox.moe/i0d32z.mp3"
    },
    {
        "animeEng": "Real Girl",
        "animeRomaji": "3D Kanojo Real Girl",
        "songName": "Daiji na Koto",
        "artist": "Quruli",
        "type": "Ending 2",
        "correctCount": 73,
        "startTime": 49,
        "songDuration": 88.968,
        "songNumber": 39,
        "activePlayerCount": 199,
        "LinkVideo": "https://files.catbox.moe/zu3yc9.webm",
        "LinkMp3": "https://files.catbox.moe/g8p7gk.mp3"
    },
    {
        "animeEng": "NEEDLESS",
        "animeRomaji": "NEEDLESS",
        "songName": "modern strange cowboy",
        "artist": "GRANRODEO",
        "type": "Opening 1",
        "correctCount": 52,
        "startTime": 40,
        "songDuration": 88.584,
        "songNumber": 40,
        "activePlayerCount": 198,
        "LinkVideo": "https://files.catbox.moe/64nngc.webm",
        "LinkMp3": "https://files.catbox.moe/xyxm5c.mp3"
    },
    {
        "animeEng": "Psycho-Pass 2",
        "animeRomaji": "Psycho-Pass 2",
        "songName": "Enigmatic Feeling",
        "artist": "Ling Tosite Sigure",
        "type": "Opening 1",
        "correctCount": 116,
        "startTime": 41,
        "songDuration": 90.118594,
        "songNumber": 41,
        "activePlayerCount": 198,
        "LinkVideo": "https://files.catbox.moe/phwfgw.webm",
        "LinkMp3": "https://files.catbox.moe/9vxasx.mp3"
    },
    {
        "animeEng": "The Numbers",
        "animeRomaji": "Nanbaka",
        "songName": "Rin! Rin! Hi! Hi!",
        "artist": "Hashiguchikanaderiya",
        "type": "Opening 1",
        "correctCount": 135,
        "startTime": 31,
        "songDuration": 86.76,
        "songNumber": 42,
        "activePlayerCount": 198,
        "LinkVideo": "https://files.catbox.moe/hg0ij6.webm",
        "LinkMp3": "https://files.catbox.moe/jsgekx.mp3"
    },
    {
        "animeEng": "The Disastrous Life of Saiki K.",
        "animeRomaji": "Saiki Kusuo no Psi Nan",
        "songName": "Sai \u03a8 Sai K\u014dch\u014d!",
        "artist": "Dempagumi.inc",
        "type": "Opening 2",
        "correctCount": 82,
        "startTime": 39,
        "songDuration": 88.872,
        "songNumber": 43,
        "activePlayerCount": 198,
        "LinkVideo": "https://files.catbox.moe/i4zj7t.webm",
        "LinkMp3": "https://files.catbox.moe/d5rlfy.mp3"
    },
    {
        "animeEng": "Air Master",
        "animeRomaji": "Air Master",
        "songName": "Retsu no Matataki",
        "artist": "Japaharinet",
        "type": "Opening 1",
        "correctCount": 15,
        "startTime": 49,
        "songDuration": 89.136,
        "songNumber": 44,
        "activePlayerCount": 198,
        "LinkVideo": "https://files.catbox.moe/2aa6ol.webm",
        "LinkMp3": "https://files.catbox.moe/05v1gq.mp3"
    },
    {
        "animeEng": "Les Mis\u00e9rables: Sh\u014djo Cosette",
        "animeRomaji": "Les Mis\u00e9rables: Sh\u014djo Cosette",
        "songName": "ma maman(Watashi no Okasan)",
        "artist": "Yuki Saito",
        "type": "Ending 1",
        "correctCount": 7,
        "startTime": 50,
        "songDuration": 89.424,
        "songNumber": 45,
        "activePlayerCount": 198,
        "LinkVideo": "https://files.catbox.moe/fuogcb.webm",
        "LinkMp3": "https://files.catbox.moe/liuwnx.mp3"
    },
    {
        "animeEng": "Eto Ranger",
        "animeRomaji": "Juuni Senshi Bakuretsu Eto Ranger",
        "songName": "Seiza no Yane no Shita de",
        "artist": "Jun Yoneya",
        "type": "Ending 2",
        "correctCount": 0,
        "startTime": 14,
        "songDuration": 89.328,
        "songNumber": 46,
        "activePlayerCount": 197,
        "LinkVideo": "https://files.catbox.moe/sx9qoo.webm",
        "LinkMp3": "https://files.catbox.moe/1qg8k3.mp3"
    },
    {
        "animeEng": "Yowamushi Pedal Re:Generation",
        "animeRomaji": "Yowamushi Pedal Re:Generation",
        "songName": "Tsuyosa Yowasa",
        "artist": "Yusuke Saeki",
        "type": "Ending 1",
        "correctCount": 4,
        "startTime": 22,
        "songDuration": 192.96,
        "songNumber": 47,
        "activePlayerCount": 197,
        "LinkVideo": "https://files.catbox.moe/dyutvy.webm",
        "LinkMp3": "https://files.catbox.moe/xl214h.mp3",
        "correctPlayers": [
            "shadowpandax",
            "Rukawa11",
            "anstazz",
            "Igg1"
        ]
    },
    {
        "animeEng": "Akagi",
        "animeRomaji": "T\u014dhai Densetsu Akagi -Yami ni Maiorita Tensai-",
        "songName": "Akagi",
        "artist": "MAXIMUM THE HORMONE",
        "type": "Ending 1",
        "correctCount": 35,
        "startTime": 26,
        "songDuration": 59.352,
        "songNumber": 48,
        "activePlayerCount": 198,
        "LinkVideo": "https://files.catbox.moe/ds2pp2.webm",
        "LinkMp3": "https://files.catbox.moe/05ezcp.mp3"
    },
    {
        "animeEng": "Tenchi Muyo! Ryo Ohki",
        "animeRomaji": "Tenchi Muyo! Ryo Ohki",
        "songName": "I'm a Pioneer (English)",
        "artist": "Sharyn Scott",
        "type": "Opening 1",
        "correctCount": 15,
        "startTime": 8,
        "songDuration": 91.348634,
        "songNumber": 49,
        "activePlayerCount": 197,
        "LinkVideo": "https://files.catbox.moe/l8omal.webm",
        "LinkMp3": "https://files.catbox.moe/1wlgwl.mp3"
    },
    {
        "animeEng": "Gakuen Utopia Manabi Straight!",
        "animeRomaji": "Gakuen Utopia Manabi Straight!",
        "songName": "A Happy Life",
        "artist": "Megumi Hayashibara",
        "type": "Opening 1",
        "correctCount": 31,
        "startTime": 14,
        "songDuration": 89.952,
        "songNumber": 50,
        "activePlayerCount": 196,
        "LinkVideo": "https://files.catbox.moe/z2ecfm.webm",
        "LinkMp3": "https://files.catbox.moe/lpee6u.mp3"
    },
    {
        "animeEng": "Coji-Coji",
        "animeRomaji": "Sakura Momoko Gekij\u014d: Cojicoji",
        "songName": "Pocket Cowboy",
        "artist": "Denki Groove",
        "type": "Ending 1",
        "correctCount": 8,
        "startTime": 55,
        "songDuration": 88.728,
        "songNumber": 51,
        "activePlayerCount": 196,
        "LinkVideo": "https://files.catbox.moe/pclx4s.webm",
        "LinkMp3": "https://files.catbox.moe/4odmvo.mp3"
    },
    {
        "animeEng": "Princess Resurrection",
        "animeRomaji": "Kaibutsu \u014cjo",
        "songName": "Outeki Ketsuzoku",
        "artist": "ALI PROJECT",
        "type": "Insert Song",
        "correctCount": 3,
        "startTime": 11,
        "songDuration": 53.016,
        "songNumber": 52,
        "activePlayerCount": 196,
        "LinkVideo": "https://files.catbox.moe/9ixbwx.webm",
        "LinkMp3": "https://files.catbox.moe/1hjarn.mp3",
        "correctPlayers": [
            "ShiroKuro",
            "eieieieie",
            "DarkMaster17"
        ]
    },
    {
        "animeEng": "Haven't You Heard? I'm Sakamoto",
        "animeRomaji": "Sakamoto desu ga?",
        "songName": "COOLEST",
        "artist": "CustomiZ",
        "type": "Opening 1",
        "correctCount": 159,
        "startTime": 4,
        "songDuration": 88.893166,
        "songNumber": 53,
        "activePlayerCount": 197,
        "LinkVideo": "https://files.catbox.moe/oup1nv.webm",
        "LinkMp3": "https://files.catbox.moe/j54hgo.mp3"
    },
    {
        "animeEng": "Glass Mask",
        "animeRomaji": "Glass Mask",
        "songName": "zero",
        "artist": "Aiko Ikuta",
        "type": "Opening 2",
        "correctCount": 12,
        "startTime": 52,
        "songDuration": 90.984,
        "songNumber": 54,
        "activePlayerCount": 196,
        "LinkVideo": "https://files.catbox.moe/ngykd6.webm",
        "LinkMp3": "https://files.catbox.moe/unzuhv.mp3"
    },
    {
        "animeEng": "Planetes",
        "animeRomaji": "Planetes",
        "songName": "Dive in the Sky",
        "artist": "Mikio Sakai",
        "type": "Opening 1",
        "correctCount": 55,
        "startTime": 12,
        "songDuration": 89.064,
        "songNumber": 55,
        "activePlayerCount": 196,
        "LinkVideo": "https://files.catbox.moe/tztmcf.webm",
        "LinkMp3": "https://files.catbox.moe/sieuy6.mp3"
    },
    {
        "animeEng": "Persona3 the Movie #1 Spring of Birth",
        "animeRomaji": "Persona3 the Movie #1 Spring of Birth",
        "songName": "Want To Be Close",
        "artist": "Yumi Kawamura",
        "type": "Insert Song",
        "correctCount": 50,
        "startTime": 7,
        "songDuration": 46.44,
        "songNumber": 56,
        "activePlayerCount": 195,
        "LinkVideo": "https://files.catbox.moe/99rx00.webm",
        "LinkMp3": "https://files.catbox.moe/jd2vvm.mp3"
    },
    {
        "animeEng": "Bottle Fairy",
        "animeRomaji": "Binzume Y\u014dsei",
        "songName": "Oshiete Sensei-san",
        "artist": "Binzume Yousei",
        "type": "Opening 1",
        "correctCount": 17,
        "startTime": 31,
        "songDuration": 70.08,
        "songNumber": 57,
        "activePlayerCount": 196,
        "LinkVideo": "https://files.catbox.moe/qowzpe.webm",
        "LinkMp3": "https://files.catbox.moe/3o91hs.mp3"
    },
    {
        "animeEng": "Mob Psycho 100",
        "animeRomaji": "Mob Psycho 100",
        "songName": "Refrain Boy",
        "artist": "ALL OFF",
        "type": "Ending 1",
        "correctCount": 98,
        "startTime": 52,
        "songDuration": 89.572338,
        "songNumber": 58,
        "activePlayerCount": 196,
        "LinkVideo": "https://files.catbox.moe/rcxs96.webm",
        "LinkMp3": "https://files.catbox.moe/zucq52.mp3"
    },
    {
        "animeEng": "Revolutionary Girl Utena",
        "animeRomaji": "Sh\u014djo Kakumei Utena",
        "songName": "Rondo -revolution",
        "artist": "Masami Okui",
        "type": "Opening 1",
        "correctCount": 67,
        "startTime": 29,
        "songDuration": 90.12,
        "songNumber": 59,
        "activePlayerCount": 195,
        "LinkVideo": "https://files.catbox.moe/vxotr2.webm",
        "LinkMp3": "https://files.catbox.moe/fji9pr.mp3"
    },
    {
        "animeEng": "Solty Rei",
        "animeRomaji": "Solty Rei",
        "songName": "take you there",
        "artist": "R\u30fbO\u30fbN featuring Takuto Maeda from count lost",
        "type": "Insert Song",
        "correctCount": 0,
        "startTime": 13,
        "songDuration": 66.96,
        "songNumber": 60,
        "activePlayerCount": 195,
        "LinkVideo": "https://files.catbox.moe/tnesfr.webm",
        "LinkMp3": "https://files.catbox.moe/autky2.mp3"
    },
    {
        "animeEng": "Bungo and Alchemist -Gears of Judgement-",
        "animeRomaji": "Bung\u014d to Alchemist: Shinpan no Haguruma",
        "songName": "Good-bye",
        "artist": "UraShimaSakataSen",
        "type": "Opening 1",
        "correctCount": 44,
        "startTime": 32,
        "songDuration": 88.896,
        "songNumber": 61,
        "activePlayerCount": 195,
        "LinkVideo": "https://files.catbox.moe/0w9gss.webm",
        "LinkMp3": "https://files.catbox.moe/e0a1hc.mp3"
    },
    {
        "animeEng": "Cheeky Angel",
        "animeRomaji": "Tenshi na Konamaiki",
        "songName": "Secret & Lies",
        "artist": "U-ka saegusa IN db",
        "type": "Ending 4",
        "correctCount": 3,
        "startTime": 0,
        "songDuration": 89.136,
        "songNumber": 62,
        "activePlayerCount": 195,
        "LinkVideo": "https://files.catbox.moe/npi7l4.webm",
        "LinkMp3": "https://files.catbox.moe/gqjdq2.mp3",
        "correctPlayers": [
            "Woonoo",
            "Kirivert",
            "RRZoro"
        ]
    },
    {
        "animeEng": "Concrete Revolutio: The Last Song",
        "animeRomaji": "Concrete Revolutio: Ch\u014djin Gens\u014d - The Last Song",
        "songName": "Oyoge! Taiyaki-kun",
        "artist": "Yohito Teraoka",
        "type": "Insert Song",
        "correctCount": 0,
        "startTime": 2,
        "songDuration": 37.296,
        "songNumber": 63,
        "activePlayerCount": 195,
        "LinkVideo": "https://files.catbox.moe/tbokuc.webm",
        "LinkMp3": "https://files.catbox.moe/iod0b9.mp3"
    },
    {
        "animeEng": "Shigurui: Death Frenzy",
        "animeRomaji": "Shigurui",
        "songName": "Shigurui ~Opening Theme",
        "artist": "Kiyoshi Yoshida",
        "type": "Opening 1",
        "correctCount": 26,
        "startTime": 49,
        "songDuration": 88.536,
        "songNumber": 64,
        "activePlayerCount": 195,
        "LinkVideo": "https://files.catbox.moe/zigjsp.webm",
        "LinkMp3": "https://files.catbox.moe/7jn7qt.mp3"
    },
    {
        "animeEng": "Prism Magical: Prism Generations!",
        "animeRomaji": "Prism Magical: Prism Generations!",
        "songName": "Prism\u2606Magical",
        "artist": "Rin",
        "type": "Opening 1",
        "correctCount": 10,
        "startTime": 22,
        "songDuration": 88.056,
        "songNumber": 65,
        "activePlayerCount": 195,
        "LinkVideo": "https://files.catbox.moe/5b89ll.webm",
        "LinkMp3": "https://files.catbox.moe/stmb6f.mp3"
    },
    {
        "animeEng": "Gunslinger Girl",
        "animeRomaji": "Gunslinger Girl",
        "songName": "DOPO IL SOGNO ~Yume no Ato ni~",
        "artist": "op.",
        "type": "Ending 1",
        "correctCount": 35,
        "startTime": 29,
        "songDuration": 69.408,
        "songNumber": 66,
        "activePlayerCount": 195,
        "LinkVideo": "https://files.catbox.moe/pik74h.webm",
        "LinkMp3": "https://files.catbox.moe/nma9ns.mp3"
    },
    {
        "animeEng": "Active Raid Second",
        "animeRomaji": "Active Raid: Kid\u014d Ky\u014dsh\u016bshitsu Dai-Hakkei 2nd",
        "songName": "Cerulean Squash",
        "artist": "Yuka Aisaka",
        "type": "Opening 1",
        "correctCount": 3,
        "startTime": 22,
        "songDuration": 89.472,
        "songNumber": 67,
        "activePlayerCount": 195,
        "LinkVideo": "https://files.catbox.moe/cj40uv.webm",
        "LinkMp3": "https://files.catbox.moe/xu8w5x.mp3",
        "correctPlayers": [
            "BakaOtakuFish",
            "konomi",
            "kneesoxluver"
        ]
    },
    {
        "animeEng": "Magical Girl Lyrical Nanoha Reflection",
        "animeRomaji": "Magical Girl Lyrical Nanoha Reflection",
        "songName": "Invisible Heat",
        "artist": "Nana Mizuki",
        "type": "Insert Song",
        "correctCount": 13,
        "startTime": 8,
        "songDuration": 150.750062,
        "songNumber": 68,
        "activePlayerCount": 195,
        "LinkVideo": "https://files.catbox.moe/loo7yt.webm",
        "LinkMp3": "https://files.catbox.moe/wbf52b.mp3"
    },
    {
        "animeEng": "Ojisan and Marshmallow",
        "animeRomaji": "Ojisan to Marshmallow",
        "songName": "marshmallow factory",
        "artist": "Chika Yoshitomi & Nozomi Furuki",
        "type": "Ending 7",
        "correctCount": 22,
        "startTime": 0,
        "songDuration": 28.896,
        "songNumber": 69,
        "activePlayerCount": 195,
        "LinkVideo": "https://files.catbox.moe/46r2vm.webm",
        "LinkMp3": "https://files.catbox.moe/60209l.mp3"
    },
    {
        "animeEng": "PriPara & Kiratto Pri\u2606Chan ~Kira Kira Memorial Live~",
        "animeRomaji": "PriPara & Kiratto Pri\u2606Chan ~Kira Kira Memorial Live~",
        "songName": "Girl's Fantasy",
        "artist": "Reina Ueda & Aki Toyosaki",
        "type": "Insert Song",
        "correctCount": 14,
        "startTime": 109,
        "songDuration": 164.712,
        "songNumber": 70,
        "activePlayerCount": 194,
        "LinkVideo": "https://files.catbox.moe/zu2sh9.webm",
        "LinkMp3": "https://files.catbox.moe/ekxy12.mp3"
    },
    {
        "animeEng": "Carole & Tuesday",
        "animeRomaji": "Carole & Tuesday",
        "songName": "Dance Tonight",
        "artist": "J R Price",
        "type": "Insert Song",
        "correctCount": 74,
        "startTime": 59,
        "songDuration": 96.048,
        "songNumber": 71,
        "activePlayerCount": 193,
        "LinkVideo": "https://files.catbox.moe/i8f3cu.webm",
        "LinkMp3": "https://files.catbox.moe/ye1bve.mp3"
    },
    {
        "animeEng": "The Rose of Versailles",
        "animeRomaji": "Versailles no Bara",
        "songName": "Bara wa Utsukushiku Chiru",
        "artist": "Hiroko Suzuki",
        "type": "Opening 1",
        "correctCount": 64,
        "startTime": 24,
        "songDuration": 89.04,
        "songNumber": 72,
        "activePlayerCount": 193,
        "LinkVideo": "https://files.catbox.moe/vbnswi.webm",
        "LinkMp3": "https://files.catbox.moe/u5lc45.mp3"
    },
    {
        "animeEng": "DIABOLIK LOVERS MB",
        "animeRomaji": "Diabolik Lovers More, Blood",
        "songName": "Kindan no 666",
        "artist": "Ryohei Kimura & Daisuke Kishio",
        "type": "Opening 1",
        "correctCount": 39,
        "startTime": 21,
        "songDuration": 87.576,
        "songNumber": 73,
        "activePlayerCount": 194,
        "LinkVideo": "https://files.catbox.moe/184ugp.webm",
        "LinkMp3": "https://files.catbox.moe/v7ut6w.mp3"
    },
    {
        "animeEng": "Cardcaptor Sakura: Clear Card",
        "animeRomaji": "Cardcaptor Sakura: Clear Card-hen",
        "songName": "CLEAR",
        "artist": "Maaya Sakamoto",
        "type": "Opening 1",
        "correctCount": 96,
        "startTime": 54,
        "songDuration": 90.096,
        "songNumber": 74,
        "activePlayerCount": 193,
        "LinkVideo": "https://files.catbox.moe/okxltx.webm",
        "LinkMp3": "https://files.catbox.moe/hxt2me.mp3"
    },
    {
        "animeEng": "Koyomimonogatari",
        "animeRomaji": "Koyomimonogatari",
        "songName": "Platinum Disco",
        "artist": "Yuka Iguchi",
        "type": "Opening 7",
        "correctCount": 163,
        "startTime": 10,
        "songDuration": 88.608,
        "songNumber": 75,
        "activePlayerCount": 191,
        "LinkVideo": "https://files.catbox.moe/fz83qp.webm",
        "LinkMp3": "https://files.catbox.moe/qj4b4u.mp3"
    }
]