[
    {
        "animeEng": "Rurouni Kenshin: The Motion Picture",
        "animeRomaji": "Rurouni Kenshin: Ishin Shishi no Requiem",
        "songName": "Towa no Mirai",
        "artist": "Animetal",
        "type": "Ending 1",
        "correctCount": 4,
        "startTime": 76,
        "songDuration": 203.150794,
        "songNumber": 1,
        "activePlayerCount": 211,
        "LinkVideo": "https://files.catbox.moe/zanwjj.webm",
        "LinkMp3": "https://files.catbox.moe/x84d19.mp3",
        "annId": 217,
        "correctPlayers": [
            "pepis",
            "Rukawa11",
            "Catisam",
            "RulessR"
        ]
    },
    {
        "animeEng": "Hell Girl",
        "animeRomaji": "Jigoku Sh\u014djo",
        "songName": "Sakasama no Ch\u014d",
        "artist": "SNoW",
        "type": "Opening 1",
        "correctCount": 79,
        "startTime": 25,
        "songDuration": 90.30525,
        "songNumber": 2,
        "activePlayerCount": 211,
        "LinkVideo": "https://files.catbox.moe/ynfj11.webm",
        "LinkMp3": "https://files.catbox.moe/xse0sx.mp3",
        "annId": 5577
    },
    {
        "animeEng": "Kiratto Pri\u2606Chan",
        "animeRomaji": "Kiratto Pri\u2606Chan",
        "songName": "One Two Sweets",
        "artist": "Koko Hayashi",
        "type": "Insert Song",
        "correctCount": 17,
        "startTime": 44,
        "songDuration": 92.112,
        "songNumber": 3,
        "activePlayerCount": 209,
        "LinkVideo": "https://files.catbox.moe/c20w25.webm",
        "LinkMp3": "https://files.catbox.moe/6h7fgk.mp3",
        "annId": 20580
    },
    {
        "animeEng": "Ajin: Demi-Human",
        "animeRomaji": "Ajin",
        "songName": "The end of escape",
        "artist": "fripSide x angela",
        "type": "Opening 2",
        "correctCount": 84,
        "startTime": 39,
        "songDuration": 88.872,
        "songNumber": 4,
        "activePlayerCount": 209,
        "LinkVideo": "https://files.catbox.moe/rz5w42.webm",
        "LinkMp3": "https://files.catbox.moe/17dbr1.mp3",
        "annId": 18466
    },
    {
        "animeEng": "Doraemon the Movie: Nobita and the Space Heroes",
        "animeRomaji": "Doraemon: Nobita no Space Heroes",
        "songName": "Miracle Ginga Bouei-tai no Theme",
        "artist": "Suginami Jidou Gasshou-dan",
        "type": "Insert Song",
        "correctCount": 1,
        "startTime": 12,
        "songDuration": 49.056,
        "songNumber": 5,
        "activePlayerCount": 208,
        "LinkVideo": "https://files.catbox.moe/yv9853.webm",
        "LinkMp3": "https://files.catbox.moe/qghjgz.mp3",
        "annId": 16522,
        "correctPlayers": [
            "esteban9876"
        ]
    },
    {
        "animeEng": "Devilman Crybaby",
        "animeRomaji": "Devilman Crybaby",
        "songName": "Devilman no Uta",
        "artist": "Avu-chan",
        "type": "Insert Song",
        "correctCount": 126,
        "startTime": 16,
        "songDuration": 64.704,
        "songNumber": 6,
        "activePlayerCount": 208,
        "LinkVideo": "https://files.catbox.moe/mvt8g3.webm",
        "LinkMp3": "https://files.catbox.moe/1d9lk1.mp3",
        "annId": 19982
    },
    {
        "animeEng": "D4 Princess",
        "animeRomaji": "D4 Princess",
        "songName": "Theme of D4",
        "artist": "Kenji Kawai",
        "type": "Opening 1",
        "correctCount": 12,
        "startTime": 0,
        "songDuration": 30.048,
        "songNumber": 7,
        "activePlayerCount": 208,
        "LinkVideo": "https://files.catbox.moe/oh8zz5.webm",
        "LinkMp3": "https://files.catbox.moe/278iwt.mp3",
        "annId": 414
    },
    {
        "animeEng": "Galvion",
        "animeRomaji": "Ch\u014d Kosoku Galvion",
        "songName": "Lonely Chaser",
        "artist": "Riyuko Tanaka",
        "type": "Opening 1",
        "correctCount": 7,
        "startTime": 8,
        "songDuration": 78.10478,
        "songNumber": 8,
        "activePlayerCount": 208,
        "LinkVideo": "https://files.catbox.moe/e5t1vu.webm",
        "LinkMp3": "https://files.catbox.moe/5vioxg.mp3",
        "annId": 1274
    },
    {
        "animeEng": "Galilei Donna",
        "animeRomaji": "Galilei Donna",
        "songName": "Synchromanica",
        "artist": "Negoto",
        "type": "Opening 1",
        "correctCount": 27,
        "startTime": 48,
        "songDuration": 88.896,
        "songNumber": 9,
        "activePlayerCount": 207,
        "LinkVideo": "https://files.catbox.moe/tfgjzw.webm",
        "LinkMp3": "https://files.catbox.moe/5iea51.mp3",
        "annId": 15497
    },
    {
        "animeEng": "Afro Samurai",
        "animeRomaji": "Afro Samurai",
        "songName": "FURY IN MY EYES/REVENGE",
        "artist": "The RZA Feat. Thea",
        "type": "Insert Song",
        "correctCount": 16,
        "startTime": 23,
        "songDuration": 104.779,
        "songNumber": 10,
        "activePlayerCount": 206,
        "LinkVideo": "https://files.catbox.moe/abb3lt.webm",
        "annId": 5275
    },
    {
        "animeEng": "The Cosmopolitan Prayers",
        "animeRomaji": "Ch\u014d Henshin Cos\u221ePrayer",
        "songName": "Mirai e no Promise",
        "artist": "Ayano Ahane",
        "type": "Ending 1",
        "correctCount": 5,
        "startTime": 6,
        "songDuration": 88.396848,
        "songNumber": 11,
        "activePlayerCount": 202,
        "LinkVideo": "https://files.catbox.moe/a059e2.webm",
        "LinkMp3": "https://files.catbox.moe/5vj23u.mp3",
        "annId": 3460,
        "correctPlayers": [
            "Hyorittai",
            "Spitzell",
            "watashiii",
            "Premieressai",
            "ozsauce"
        ]
    },
    {
        "animeEng": "Space Battleship Tiramisu",
        "animeRomaji": "Uch\u016b Senkan Tiramisu",
        "songName": "DURANDAL",
        "artist": "Kaito Ishikawa",
        "type": "Ending 1",
        "correctCount": 88,
        "startTime": 0,
        "songDuration": 14.184,
        "songNumber": 12,
        "activePlayerCount": 203,
        "LinkVideo": "https://files.catbox.moe/19iho9.webm",
        "LinkMp3": "https://files.catbox.moe/0c021t.mp3",
        "annId": 20679
    },
    {
        "animeEng": "Thunder Jet",
        "animeRomaji": "Ginga Sengoku Guny\u016bden Rai",
        "songName": "Yume Keshou",
        "artist": "Mari Sasaki",
        "type": "Ending 1",
        "correctCount": 2,
        "startTime": 27,
        "songDuration": 72.432,
        "songNumber": 13,
        "activePlayerCount": 203,
        "LinkVideo": "https://files.catbox.moe/nz7b5c.webm",
        "LinkMp3": "https://files.catbox.moe/ochcfj.mp3",
        "annId": 2225,
        "correctPlayers": [
            "Neutral",
            "Catisam"
        ]
    },
    {
        "animeEng": "The Future Diary",
        "animeRomaji": "Mirai Nikki",
        "songName": "Blood teller",
        "artist": "Faylan",
        "type": "Ending 1",
        "correctCount": 78,
        "startTime": 0,
        "songDuration": 89.304,
        "songNumber": 14,
        "activePlayerCount": 205,
        "LinkVideo": "https://files.catbox.moe/bj3rmz.webm",
        "LinkMp3": "https://files.catbox.moe/p9x97h.mp3",
        "annId": 12896
    },
    {
        "animeEng": "My Daddy Long Legs",
        "animeRomaji": "Watashi no Ashinaga Ojisan",
        "songName": "Kimi no Kaze",
        "artist": "Mitsuko Horie, SHINES",
        "type": "Ending 1",
        "correctCount": 4,
        "startTime": 22,
        "songDuration": 84.6,
        "songNumber": 15,
        "activePlayerCount": 204,
        "LinkVideo": "https://files.catbox.moe/eu8o1o.webm",
        "LinkMp3": "https://files.catbox.moe/ec71h2.mp3",
        "annId": 2020,
        "correctPlayers": [
            "Rukawa11",
            "Catisam",
            "messb",
            "ozsauce"
        ]
    },
    {
        "animeEng": "ef: a tale of memories.",
        "animeRomaji": "ef: a tale of memories.",
        "songName": "euphoric field",
        "artist": "ELISA",
        "type": "Opening 2",
        "correctCount": 61,
        "startTime": 31,
        "songDuration": 87.408,
        "songNumber": 16,
        "activePlayerCount": 204,
        "LinkVideo": "https://files.catbox.moe/ct4ett.webm",
        "LinkMp3": "https://files.catbox.moe/cdcaxk.mp3",
        "annId": 8192
    },
    {
        "animeEng": "Shrine of the Morning Mist",
        "animeRomaji": "Asagiri no Miko",
        "songName": "faint love",
        "artist": "Megumi Hayashibara",
        "type": "Opening 1",
        "correctCount": 11,
        "startTime": 36,
        "songDuration": 75.12,
        "songNumber": 17,
        "activePlayerCount": 204,
        "LinkVideo": "https://files.catbox.moe/ogqyx6.webm",
        "LinkMp3": "https://files.catbox.moe/krbdm2.mp3",
        "annId": 1128
    },
    {
        "animeEng": "Speed Racer",
        "animeRomaji": "Mach Go Go Go",
        "songName": "Mach Go Go Go",
        "artist": "Vocal Shop",
        "type": "Opening 1",
        "correctCount": 102,
        "startTime": 77,
        "songDuration": 121.944,
        "songNumber": 18,
        "activePlayerCount": 202,
        "LinkVideo": "https://files.catbox.moe/gi3338.webm",
        "LinkMp3": "https://files.catbox.moe/x5o15o.mp3",
        "annId": 776
    },
    {
        "animeEng": "Phi Brain - Puzzle of God",
        "animeRomaji": "Phi-Brain - Kami no Puzzle",
        "songName": "Brain Diver",
        "artist": "May'n",
        "type": "Opening 1",
        "correctCount": 64,
        "startTime": 49,
        "songDuration": 88.992,
        "songNumber": 19,
        "activePlayerCount": 202,
        "LinkVideo": "https://files.catbox.moe/1fonmd.webm",
        "LinkMp3": "https://files.catbox.moe/jlssml.mp3",
        "annId": 12271
    },
    {
        "animeEng": "Fate/kaleid liner Prisma\u2606Illya 3rei!!",
        "animeRomaji": "Fate/kaleid liner Prisma\u2606Illya 3rei!!",
        "songName": "Asterism",
        "artist": "ChouCho",
        "type": "Opening 1",
        "correctCount": 64,
        "startTime": 10,
        "songDuration": 88.608,
        "songNumber": 20,
        "activePlayerCount": 202,
        "LinkVideo": "https://files.catbox.moe/kj41e7.webm",
        "LinkMp3": "https://files.catbox.moe/nx943q.mp3",
        "annId": 17690
    },
    {
        "animeEng": "Gundam Reconguista in G",
        "animeRomaji": "Gundam G no Reconguista",
        "songName": "BLAZING",
        "artist": "GARNiDELiA",
        "type": "Opening 1",
        "correctCount": 52,
        "startTime": 20,
        "songDuration": 88.416,
        "songNumber": 21,
        "activePlayerCount": 202,
        "LinkVideo": "https://files.catbox.moe/tfl545.webm",
        "LinkMp3": "https://files.catbox.moe/190704.mp3",
        "annId": 22302
    },
    {
        "animeEng": "Null & Peta",
        "animeRomaji": "Null Peta",
        "songName": "#NULL!*Peta",
        "artist": "Azumi Waki & Reina Ueda",
        "type": "Opening 1",
        "correctCount": 77,
        "startTime": 7,
        "songDuration": 60.408,
        "songNumber": 22,
        "activePlayerCount": 201,
        "LinkVideo": "https://files.catbox.moe/7tmstg.webm",
        "LinkMp3": "https://files.catbox.moe/1nqod8.mp3",
        "annId": 22507
    },
    {
        "animeEng": "Tiger Mask II",
        "animeRomaji": "Tiger Mask II",
        "songName": "Tiger Mask Nisei",
        "artist": "Ichirou Mizuki & Columubia Yurikago-kai",
        "type": "Opening 1",
        "correctCount": 54,
        "startTime": 16,
        "songDuration": 68.664,
        "songNumber": 23,
        "activePlayerCount": 201,
        "LinkVideo": "https://files.catbox.moe/213bk7.webm",
        "LinkMp3": "https://files.catbox.moe/3vxb2g.mp3",
        "annId": 1523
    },
    {
        "animeEng": "Strike the Blood OVA",
        "animeRomaji": "Strike the Blood: Valkyria no \u014ckoku-hen",
        "songName": "Little Charm Fang",
        "artist": "Yuka Iguchi",
        "type": "Opening 1",
        "correctCount": 29,
        "startTime": 29,
        "songDuration": 89.16,
        "songNumber": 24,
        "activePlayerCount": 199,
        "LinkVideo": "https://files.catbox.moe/yaif1q.webm",
        "LinkMp3": "https://files.catbox.moe/1891po.mp3",
        "annId": 17540
    },
    {
        "animeEng": "Attack on Titan Season 3",
        "animeRomaji": "Shingeki no Kyojin Season 3",
        "songName": "Name of Love",
        "artist": "cinema staff",
        "type": "Ending 1",
        "correctCount": 74,
        "startTime": 25,
        "songDuration": 89.496,
        "songNumber": 25,
        "activePlayerCount": 199,
        "LinkVideo": "https://files.catbox.moe/4vgknr.webm",
        "LinkMp3": "https://files.catbox.moe/e95ij5.mp3",
        "annId": 21812
    },
    {
        "animeEng": "Granbelm",
        "animeRomaji": "Granbelm",
        "songName": "Utakata",
        "artist": "Yukari Tamura",
        "type": "Insert Song",
        "correctCount": 21,
        "startTime": 34,
        "songDuration": 70.8,
        "songNumber": 26,
        "activePlayerCount": 199,
        "LinkVideo": "https://files.catbox.moe/zv5ame.webm",
        "LinkMp3": "https://files.catbox.moe/zn1mo5.mp3",
        "annId": 21873
    },
    {
        "animeEng": "Mobile Suit Gundam-san",
        "animeRomaji": "Kid\u014d Senshi Gundam-san",
        "songName": "Gundam-san Ondo",
        "artist": "Katsuyuki Konishi, Tsubasa Yonaga, Ryotaro Okiayu, Kazuyuki Okitsu",
        "type": "Ending 1",
        "correctCount": 74,
        "startTime": 0,
        "songDuration": 29.784,
        "songNumber": 27,
        "activePlayerCount": 199,
        "LinkVideo": "https://files.catbox.moe/pmyrd5.webm",
        "LinkMp3": "https://files.catbox.moe/j3r5i4.mp3",
        "annId": 16106
    },
    {
        "animeEng": "Linebarrels of Iron",
        "animeRomaji": "Kurogane no Linebarrels",
        "songName": "Kokoro no Mama ni",
        "artist": "Lisa Komine",
        "type": "Insert Song",
        "correctCount": 6,
        "startTime": 49,
        "songDuration": 105.312,
        "songNumber": 28,
        "activePlayerCount": 198,
        "LinkVideo": "https://files.catbox.moe/mckv8b.webm",
        "LinkMp3": "https://files.catbox.moe/t4tg8w.mp3",
        "annId": 9089
    },
    {
        "animeEng": "Surfside High School",
        "animeRomaji": "Surfside High School",
        "songName": "She's so lovely",
        "artist": "ALL I NEED",
        "type": "Opening 1",
        "correctCount": 4,
        "startTime": 24,
        "songDuration": 59.52,
        "songNumber": 29,
        "activePlayerCount": 197,
        "LinkVideo": "https://files.catbox.moe/xl2yc5.webm",
        "LinkMp3": "https://files.catbox.moe/qm3524.mp3",
        "annId": 6317,
        "correctPlayers": [
            "pepis",
            "JUNNA",
            "Rukawa11",
            "TowaSamaTenshi"
        ]
    },
    {
        "animeEng": "Fist of the North Star 2",
        "animeRomaji": "Hokuto no Ken 2",
        "songName": "SILENT SURVIVOR",
        "artist": "KODOMO BAND",
        "type": "Insert Song",
        "correctCount": 35,
        "startTime": 14,
        "songDuration": 80.064,
        "songNumber": 30,
        "activePlayerCount": 197,
        "LinkVideo": "https://files.catbox.moe/ttlhpy.webm",
        "LinkMp3": "https://files.catbox.moe/4f9f7d.mp3",
        "annId": 2199
    },
    {
        "animeEng": "Hunter x Hunter",
        "animeRomaji": "Hunter x Hunter",
        "songName": "Ohay\u014d",
        "artist": "Keno",
        "type": "Opening 1",
        "correctCount": 74,
        "startTime": 19,
        "songDuration": 64.872,
        "songNumber": 31,
        "activePlayerCount": 197,
        "LinkVideo": "https://files.catbox.moe/0ywzpj.webm",
        "LinkMp3": "https://files.catbox.moe/o015cm.mp3",
        "annId": 1134
    },
    {
        "animeEng": "Gallery Fake",
        "animeRomaji": "Gallery Fake",
        "songName": "Dakara, Watashi wa Utau",
        "artist": "Natural High",
        "type": "Ending 2",
        "correctCount": 1,
        "startTime": 27,
        "songDuration": 87.6,
        "songNumber": 32,
        "activePlayerCount": 197,
        "LinkVideo": "https://files.catbox.moe/uj99n1.webm",
        "LinkMp3": "https://files.catbox.moe/zpf3le.mp3",
        "annId": 4661,
        "correctPlayers": [
            "ozsauce"
        ]
    },
    {
        "animeEng": "Yamada-kun and the Seven Witches",
        "animeRomaji": "Yamada-kun to 7-nin no Majo",
        "songName": "Oddloop",
        "artist": "Frederic",
        "type": "Ending 1",
        "correctCount": 44,
        "startTime": 54,
        "songDuration": 89.088,
        "songNumber": 33,
        "activePlayerCount": 197,
        "LinkVideo": "https://files.catbox.moe/i1591s.webm",
        "LinkMp3": "https://files.catbox.moe/gltygy.mp3",
        "annId": 16279
    },
    {
        "animeEng": "Gensei Shugoshin P-hyoro Ikka",
        "animeRomaji": "Gensei Shugoshin P-hyoro Ikka",
        "songName": "Gensei Shugoshin P-hyoro Ikka",
        "artist": "Norimasa Yamanaka",
        "type": "Opening 1",
        "correctCount": 3,
        "startTime": 25,
        "songDuration": 76.032,
        "songNumber": 34,
        "activePlayerCount": 197,
        "LinkVideo": "https://files.catbox.moe/zh43oq.webm",
        "LinkMp3": "https://files.catbox.moe/vtc5ez.mp3",
        "annId": 7118,
        "correctPlayers": [
            "Rukawa11",
            "Neutral",
            "ozsauce"
        ]
    },
    {
        "animeEng": "Gekito! Crush Gear Turbo",
        "animeRomaji": "Gekito! Crush Gear Turbo",
        "songName": "CRUSH GEAR FIGHT!!",
        "artist": "JAM Project",
        "type": "Opening 1",
        "correctCount": 11,
        "startTime": 27,
        "songDuration": 89.832,
        "songNumber": 35,
        "activePlayerCount": 197,
        "LinkVideo": "https://files.catbox.moe/tmwtli.webm",
        "LinkMp3": "https://files.catbox.moe/8ts1qk.mp3",
        "annId": 2169
    },
    {
        "animeEng": "Anonymous Noise",
        "animeRomaji": "Fukumenkei Noise",
        "songName": "Allegro",
        "artist": "in NO hurry to shout;",
        "type": "Ending 1",
        "correctCount": 20,
        "startTime": 21,
        "songDuration": 89.376,
        "songNumber": 36,
        "activePlayerCount": 196,
        "LinkVideo": "https://files.catbox.moe/ux4i05.webm",
        "LinkMp3": "https://files.catbox.moe/54bt0t.mp3",
        "annId": 18232
    },
    {
        "animeEng": "Pok\u00e9mon: Diamond and Pearl",
        "animeRomaji": "Pocket Monsters Diamond & Pearl",
        "songName": "Kimi no Soba de ~Hikari no Theme~",
        "artist": "Megumi Toyoguchi",
        "type": "Insert Song",
        "correctCount": 10,
        "startTime": 64,
        "songDuration": 99.072,
        "songNumber": 37,
        "activePlayerCount": 196,
        "LinkVideo": "https://files.catbox.moe/nwssdo.webm",
        "LinkMp3": "https://files.catbox.moe/ipm22k.mp3",
        "annId": 6836
    },
    {
        "animeEng": "Pretty Rhythm All Star Selection",
        "animeRomaji": "Pretty Rhythm All Star Selection",
        "songName": "CRAZY GONNA CRAZY",
        "artist": "Prizmmy\u2606",
        "type": "Opening 6",
        "correctCount": 19,
        "startTime": 12,
        "songDuration": 88.584,
        "songNumber": 38,
        "activePlayerCount": 196,
        "LinkVideo": "https://files.catbox.moe/i0qnq2.webm",
        "LinkMp3": "https://files.catbox.moe/qq6k1c.mp3",
        "annId": 15888
    },
    {
        "animeEng": "Birdy the Mighty",
        "animeRomaji": "Tetsuwan Birdy",
        "songName": "future shock",
        "artist": "Cherry",
        "type": "Ending 1",
        "correctCount": 4,
        "startTime": 27,
        "songDuration": 87.12,
        "songNumber": 39,
        "activePlayerCount": 196,
        "LinkVideo": "https://files.catbox.moe/3p64mh.webm",
        "LinkMp3": "https://files.catbox.moe/rb1ueo.mp3",
        "annId": 105,
        "correctPlayers": [
            "Dr_Woland",
            "Nandus",
            "TKN",
            "ozsauce"
        ]
    },
    {
        "animeEng": "Pilot Candidate",
        "animeRomaji": "Megami K\u014dhosei",
        "songName": "ZION Kibou no Hoshi o Mezase!",
        "artist": "Tomoyuki Asakawa",
        "type": "Opening 1",
        "correctCount": 22,
        "startTime": 39,
        "songDuration": 90.072,
        "songNumber": 40,
        "activePlayerCount": 194,
        "LinkVideo": "https://files.catbox.moe/ghfk1y.webm",
        "LinkMp3": "https://files.catbox.moe/yhn3g2.mp3",
        "annId": 2359
    },
    {
        "animeEng": "Amagami SS",
        "animeRomaji": "Amagami SS",
        "songName": "Kimi no Hitomi ni Koishiteru",
        "artist": "Shizuka Itou",
        "type": "Ending 1",
        "correctCount": 7,
        "startTime": 4,
        "songDuration": 88.944,
        "songNumber": 41,
        "activePlayerCount": 194,
        "LinkVideo": "https://files.catbox.moe/bsuc2e.webm",
        "LinkMp3": "https://files.catbox.moe/bfwxzp.mp3",
        "annId": 11474
    },
    {
        "animeEng": "Eternal Alice",
        "animeRomaji": "Kagihime Monogatari - Eiky\u016b Alice Rondo",
        "songName": "Kioku Baraen",
        "artist": "Ai Shimizu",
        "type": "Ending 1",
        "correctCount": 4,
        "startTime": 7,
        "songDuration": 98.832,
        "songNumber": 42,
        "activePlayerCount": 194,
        "LinkVideo": "https://files.catbox.moe/4f21xf.webm",
        "LinkMp3": "https://files.catbox.moe/rqfax6.mp3",
        "annId": 6027,
        "correctPlayers": [
            "pepis",
            "likejaxirl",
            "Heyko",
            "Melty"
        ]
    },
    {
        "animeEng": "Yu-Gi-Oh!",
        "animeRomaji": "Yu-Gi-Oh! Duel Monsters",
        "songName": "No Matter What",
        "artist": "Mike Pasternack",
        "type": "Insert Song",
        "correctCount": 19,
        "startTime": 14,
        "songDuration": 86.952,
        "songNumber": 43,
        "activePlayerCount": 193,
        "LinkVideo": "https://files.catbox.moe/lhug29.webm",
        "LinkMp3": "https://files.catbox.moe/uk4a34.mp3",
        "annId": 5074
    },
    {
        "animeEng": "Chi's New Address",
        "animeRomaji": "Chi's Sweet Home: Atarashii Ouchi",
        "songName": "Chiisana Daibouken",
        "artist": "Rica Matsumoto",
        "type": "Opening 1",
        "correctCount": 72,
        "startTime": 0,
        "songDuration": 29.016,
        "songNumber": 44,
        "activePlayerCount": 194,
        "LinkVideo": "https://files.catbox.moe/cgwxqi.webm",
        "LinkMp3": "https://files.catbox.moe/uo6sam.mp3",
        "annId": 10707
    },
    {
        "animeEng": "Blood+",
        "animeRomaji": "Blood+",
        "songName": "Colors of the Heart",
        "artist": "UVERworld",
        "type": "Opening 3",
        "correctCount": 56,
        "startTime": 9,
        "songDuration": 87.978896,
        "songNumber": 45,
        "activePlayerCount": 192,
        "LinkVideo": "https://files.catbox.moe/stv0c1.webm",
        "LinkMp3": "https://files.catbox.moe/cnb921.mp3",
        "annId": 5088
    },
    {
        "animeEng": "Dream Festival!",
        "animeRomaji": "DreFes!!!!!!",
        "songName": "Dream Greeting!",
        "artist": "DearDream",
        "type": "Insert Song",
        "correctCount": 1,
        "startTime": 42,
        "songDuration": 91.872,
        "songNumber": 46,
        "activePlayerCount": 192,
        "LinkVideo": "https://files.catbox.moe/4r6iti.webm",
        "LinkMp3": "https://files.catbox.moe/kfh2p9.mp3",
        "annId": 18665,
        "correctPlayers": [
            "xyzdragon111"
        ]
    },
    {
        "animeEng": "Buddy Complex",
        "animeRomaji": "Buddy Complex",
        "songName": "UNISONIA",
        "artist": "TRUE",
        "type": "Opening 1",
        "correctCount": 35,
        "startTime": 56,
        "songDuration": 89.568,
        "songNumber": 47,
        "activePlayerCount": 190,
        "LinkVideo": "https://files.catbox.moe/6bid0m.webm",
        "LinkMp3": "https://files.catbox.moe/fn32wd.mp3",
        "annId": 15749
    },
    {
        "animeEng": "Beast Wars II Ch\u014d Seimeitai Transformers: Lio Convoy Kiki Ippatsu! Movie",
        "animeRomaji": "Beast Wars II Ch\u014d Seimeitai Transformers: Lio Convoy Kiki Ippatsu! Movie",
        "songName": "My Shooting Star",
        "artist": "Current of Air",
        "type": "Ending 1",
        "correctCount": 3,
        "startTime": 60,
        "songDuration": 120.216,
        "songNumber": 48,
        "activePlayerCount": 191,
        "LinkVideo": "https://files.catbox.moe/eszlox.webm",
        "LinkMp3": "https://files.catbox.moe/v10le5.mp3",
        "annId": 2595,
        "correctPlayers": [
            "Hooman",
            "Zurer",
            "Catisam"
        ]
    },
    {
        "animeEng": "Doraemon",
        "animeRomaji": "Doraemon",
        "songName": "Doraemon no Uta 40th",
        "artist": "Wasabi Mizuta, Megumi Oohara, Yumi Kakazu, Subaru Kimura, Tomokazu Seki",
        "type": "Opening 4",
        "correctCount": 132,
        "startTime": 7,
        "songDuration": 62.28,
        "songNumber": 49,
        "activePlayerCount": 189,
        "LinkVideo": "https://files.catbox.moe/jno0cu.webm",
        "LinkMp3": "https://files.catbox.moe/4mjagr.mp3",
        "annId": 14223
    },
    {
        "animeEng": "Emma: A Victorian Romance",
        "animeRomaji": "Eikoku Koi Monogatari Emma",
        "songName": "Silhouette of a Breeze",
        "artist": "Kunihiko Ryo",
        "type": "Opening 1",
        "correctCount": 21,
        "startTime": 37,
        "songDuration": 86.448,
        "songNumber": 50,
        "activePlayerCount": 190,
        "LinkVideo": "https://files.catbox.moe/pehczp.webm",
        "LinkMp3": "https://files.catbox.moe/0cqgc3.mp3",
        "annId": 4506
    },
    {
        "animeEng": "Time Bokan 2000: Kait\u014d Kiramekiman",
        "animeRomaji": "Time Bokan 2000: Kait\u014d Kiramekiman",
        "songName": "Kaitou Kiramekiman no Uta",
        "artist": "Masayuki Yamamoto & Pink Piggies",
        "type": "Opening 1",
        "correctCount": 5,
        "startTime": 44,
        "songDuration": 83.064,
        "songNumber": 51,
        "activePlayerCount": 190,
        "LinkVideo": "https://files.catbox.moe/4fg9qz.webm",
        "LinkMp3": "https://files.catbox.moe/9hbdmw.mp3",
        "annId": 170,
        "correctPlayers": [
            "Rukawa11",
            "Zurer",
            "TowaSamaTenshi",
            "ozsauce",
            "munya"
        ]
    },
    {
        "animeEng": "Barom One",
        "animeRomaji": "Barom One",
        "songName": "Natsu no Yuuhi",
        "artist": "Jeni-Jeni",
        "type": "Ending 1",
        "correctCount": 2,
        "startTime": 38,
        "songDuration": 88.704,
        "songNumber": 52,
        "activePlayerCount": 190,
        "LinkVideo": "https://files.catbox.moe/rh4ki1.webm",
        "LinkMp3": "https://files.catbox.moe/woy261.mp3",
        "annId": 1968,
        "correctPlayers": [
            "Zurer",
            "Catisam"
        ]
    },
    {
        "animeEng": "Bayonetta: Bloody Fate",
        "animeRomaji": "Bayonetta: Bloody Fate",
        "songName": "Night, I stand",
        "artist": "Mai",
        "type": "Ending 1",
        "correctCount": 11,
        "startTime": 114,
        "songDuration": 186.145372,
        "songNumber": 53,
        "activePlayerCount": 190,
        "LinkVideo": "https://files.catbox.moe/98qwf7.webm",
        "LinkMp3": "https://files.catbox.moe/i4bc4t.mp3",
        "annId": 15609
    },
    {
        "animeEng": "Ninja Hattori",
        "animeRomaji": "Ninja Hattori-kun",
        "songName": "Ninja Hattori-kun",
        "artist": "Ayako Hori & Columbia Yurikago-kai",
        "type": "Opening 1",
        "correctCount": 70,
        "startTime": 20,
        "songDuration": 68.96208,
        "songNumber": 54,
        "activePlayerCount": 189,
        "LinkVideo": "https://files.catbox.moe/ik8qqb.webm",
        "LinkMp3": "https://files.catbox.moe/18qlyk.mp3",
        "annId": 4313
    },
    {
        "animeEng": "Dropkick on My Devil!",
        "animeRomaji": "Jashin-chan Dropkick",
        "songName": "Home Sweet Home!",
        "artist": "Yutaro Miura",
        "type": "Ending 1",
        "correctCount": 48,
        "startTime": 11,
        "songDuration": 88.32,
        "songNumber": 55,
        "activePlayerCount": 189,
        "LinkVideo": "https://files.catbox.moe/jqpkt4.webm",
        "LinkMp3": "https://files.catbox.moe/91fcqr.mp3",
        "annId": 20484
    },
    {
        "animeEng": "Qualidea Code",
        "animeRomaji": "Qualidea Code",
        "songName": "Brave Freak Out",
        "artist": "LiSA",
        "type": "Opening 1",
        "correctCount": 80,
        "startTime": 45,
        "songDuration": 89.976,
        "songNumber": 56,
        "activePlayerCount": 189,
        "LinkVideo": "https://files.catbox.moe/43e7c6.webm",
        "LinkMp3": "https://files.catbox.moe/t1ty5u.mp3",
        "annId": 17937
    },
    {
        "animeEng": "Kaitei Daisens\u014d: Ai no 20,000 Miles",
        "animeRomaji": "Kaitei Daisens\u014d: Ai no 20,000 Miles",
        "songName": "Atlantis",
        "artist": "Junichi Inoue",
        "type": "Opening 1",
        "correctCount": 1,
        "startTime": 48,
        "songDuration": 89.4,
        "songNumber": 57,
        "activePlayerCount": 189,
        "LinkVideo": "https://files.catbox.moe/ptg2ng.webm",
        "LinkMp3": "https://files.catbox.moe/e8jegs.mp3",
        "annId": 15412,
        "correctPlayers": [
            "Hooman"
        ]
    },
    {
        "animeEng": "Comet Lucifer",
        "animeRomaji": "Comet Lucifer",
        "songName": "Comet Lucifer ~The Seed and the Sower~",
        "artist": "fh\u00e1na",
        "type": "Opening 1",
        "correctCount": 49,
        "startTime": 52,
        "songDuration": 89.472,
        "songNumber": 58,
        "activePlayerCount": 189,
        "LinkVideo": "https://files.catbox.moe/atxgue.webm",
        "LinkMp3": "https://files.catbox.moe/rgusd8.mp3",
        "annId": 17386
    },
    {
        "animeEng": "Himawari!",
        "animeRomaji": "Himawari!",
        "songName": "Taiy\u014d no Kakera",
        "artist": "Ryoko Shiraishi",
        "type": "Opening 1",
        "correctCount": 7,
        "startTime": 43,
        "songDuration": 90.528,
        "songNumber": 59,
        "activePlayerCount": 188,
        "LinkVideo": "https://files.catbox.moe/yrv4kh.webm",
        "LinkMp3": "https://files.catbox.moe/cpvnra.mp3",
        "annId": 6160
    },
    {
        "animeEng": "Hatenk\u014d Y\u016bgi",
        "animeRomaji": "Hatenk\u014d Y\u016bgi",
        "songName": "Heartbreaking Romance",
        "artist": "Kanako It\u014d",
        "type": "Opening 1",
        "correctCount": 35,
        "startTime": 26,
        "songDuration": 89.52,
        "songNumber": 60,
        "activePlayerCount": 189,
        "LinkVideo": "https://files.catbox.moe/geptwi.webm",
        "LinkMp3": "https://files.catbox.moe/z18z73.mp3",
        "annId": 7820
    },
    {
        "animeEng": "Isamu the Wilderness Boy",
        "animeRomaji": "K\u014dya no Sh\u014dnen Isamu",
        "songName": "K\u014dya no Sh\u014dnen Isamu",
        "artist": "Vocal Shop",
        "type": "Opening 1",
        "correctCount": 24,
        "startTime": 24,
        "songDuration": 78.88844,
        "songNumber": 61,
        "activePlayerCount": 188,
        "LinkVideo": "https://files.catbox.moe/560dxc.webm",
        "LinkMp3": "https://files.catbox.moe/3u91e2.mp3",
        "annId": 236
    },
    {
        "animeEng": "Trick or Alice",
        "animeRomaji": "Trick or Alice",
        "songName": "Dear Alice,",
        "artist": "actuo",
        "type": "Ending 1",
        "correctCount": 2,
        "startTime": 65,
        "songDuration": 114.456,
        "songNumber": 62,
        "activePlayerCount": 188,
        "LinkVideo": "https://files.catbox.moe/v3i9hl.webm",
        "LinkMp3": "https://files.catbox.moe/hq34sw.mp3",
        "annId": 16463,
        "correctPlayers": [
            "Ignir11",
            "ozsauce"
        ]
    },
    {
        "animeEng": "Armored Police Metal Jack",
        "animeRomaji": "Kikou Keisatsu Metal Jack",
        "songName": "JUST DREAM ON",
        "artist": "JACK BITES",
        "type": "Opening 1",
        "correctCount": 5,
        "startTime": 7,
        "songDuration": 87.36,
        "songNumber": 63,
        "activePlayerCount": 188,
        "LinkVideo": "https://files.catbox.moe/1mms5o.webm",
        "LinkMp3": "https://files.catbox.moe/uamlyt.mp3",
        "annId": 209,
        "correctPlayers": [
            "Rukawa11",
            "watashiii",
            "Fairy9",
            "Zurer",
            "ozsauce"
        ]
    },
    {
        "animeEng": "The Numbers",
        "animeRomaji": "Nanbaka",
        "songName": "Rin! Rin! Hi! Hi!",
        "artist": "Hashiguchikanaderiya hugs The Super Ball",
        "type": "Opening 1",
        "correctCount": 93,
        "startTime": 46,
        "songDuration": 87.84,
        "songNumber": 64,
        "activePlayerCount": 188,
        "LinkVideo": "https://files.catbox.moe/iobsd5.webm",
        "LinkMp3": "https://files.catbox.moe/pyz4kz.mp3",
        "annId": 18196
    },
    {
        "animeEng": "Strike Witches: 501st JOINT FIGHTER WING Take Off!",
        "animeRomaji": "Strike Witches 501 Butai Hasshin Shimasu!",
        "songName": "Treasure of life",
        "artist": "Sakura Nogawa",
        "type": "Ending 2",
        "correctCount": 11,
        "startTime": 50,
        "songDuration": 89.04,
        "songNumber": 65,
        "activePlayerCount": 188,
        "LinkVideo": "https://files.catbox.moe/8gzq8p.webm",
        "LinkMp3": "https://files.catbox.moe/72e4r4.mp3",
        "annId": 21876
    },
    {
        "animeEng": "Duel Masters Flash",
        "animeRomaji": "Shinseiki Duel Masters Flash",
        "songName": "Kagayaku Toki",
        "artist": "Masanosuke",
        "type": "Opening 1",
        "correctCount": 76,
        "startTime": 0,
        "songDuration": 15.504,
        "songNumber": 66,
        "activePlayerCount": 187,
        "LinkVideo": "https://files.catbox.moe/zr37ac.webm",
        "LinkMp3": "https://files.catbox.moe/8e76dg.mp3",
        "annId": 7966
    },
    {
        "animeEng": "Nadia - The Secret of Blue Water",
        "animeRomaji": "Fushigi no Umi no Nadia",
        "songName": "Yes! I will...",
        "artist": "Miho Morikawa",
        "type": "Ending 1",
        "correctCount": 12,
        "startTime": 28,
        "songDuration": 68.448,
        "songNumber": 67,
        "activePlayerCount": 186,
        "LinkVideo": "https://files.catbox.moe/anl83k.webm",
        "LinkMp3": "https://files.catbox.moe/xlo0ck.mp3",
        "annId": 48
    },
    {
        "animeEng": "Black Lagoon",
        "animeRomaji": "Black Lagoon",
        "songName": "Preach Headz Addiction",
        "artist": "breath frequency",
        "type": "Insert Song",
        "correctCount": 43,
        "startTime": 9,
        "songDuration": 113.4,
        "songNumber": 68,
        "activePlayerCount": 186,
        "LinkVideo": "https://files.catbox.moe/jegj48.webm",
        "LinkMp3": "https://files.catbox.moe/iok0nt.mp3",
        "annId": 6159
    },
    {
        "animeEng": "Candy Candy",
        "animeRomaji": "Candy Candy",
        "songName": "Candy Candy",
        "artist": "Mitsuko Horie & The Chirps",
        "type": "Opening 1",
        "correctCount": 26,
        "startTime": 11,
        "songDuration": 69.249422,
        "songNumber": 69,
        "activePlayerCount": 186,
        "LinkVideo": "https://files.catbox.moe/a2ja9f.webm",
        "LinkMp3": "https://files.catbox.moe/jen50t.mp3",
        "annId": 545
    },
    {
        "animeEng": "Doraemon the Movie: Nobita and the Birth of Japan 2016",
        "animeRomaji": "Doraemon Shin Nobita no Nihon Tanj\u014d",
        "songName": "Sora e",
        "artist": "Masayoshi Yamazaki",
        "type": "Ending 1",
        "correctCount": 0,
        "startTime": 160,
        "songDuration": 193.032,
        "songNumber": 70,
        "activePlayerCount": 186,
        "LinkVideo": "https://files.catbox.moe/1epj8r.webm",
        "LinkMp3": "https://files.catbox.moe/4lb02p.mp3",
        "annId": 18475
    },
    {
        "animeEng": "100 Sleeping Princes and the Kingdom of Dreams: The Animation",
        "animeRomaji": "Yume \u014ckoku to Nemureru 100-Nin no \u014cji-sama",
        "songName": "Secret Dreams",
        "artist": "Kenichi Suzumura & Yuu Miyazaki",
        "type": "Ending 1",
        "correctCount": 2,
        "startTime": 51,
        "songDuration": 88.464,
        "songNumber": 71,
        "activePlayerCount": 186,
        "LinkVideo": "https://files.catbox.moe/c0nl9p.webm",
        "LinkMp3": "https://files.catbox.moe/sbtbix.mp3",
        "annId": 21052,
        "correctPlayers": [
            "BigDip123",
            "ozsauce"
        ]
    },
    {
        "animeEng": "In\u014d no AICis",
        "animeRomaji": "In\u014d no AICis",
        "songName": "limit",
        "artist": "AliA",
        "type": "Opening 1",
        "correctCount": 17,
        "startTime": 0,
        "songDuration": 32.232,
        "songNumber": 72,
        "activePlayerCount": 186,
        "LinkVideo": "https://files.catbox.moe/9nqlxn.webm",
        "LinkMp3": "https://files.catbox.moe/hv9c6i.mp3",
        "annId": 23969
    },
    {
        "animeEng": "IDOLiSH7 Third Beat!",
        "animeRomaji": "IDOLiSH7 Third Beat!",
        "songName": "Dis one.",
        "artist": "Re:vale",
        "type": "Insert Song",
        "correctCount": 13,
        "startTime": 0,
        "songDuration": 22.176,
        "songNumber": 73,
        "activePlayerCount": 187,
        "LinkVideo": "https://files.catbox.moe/9suqzs.webm",
        "LinkMp3": "https://files.catbox.moe/4wfdrs.mp3",
        "annId": 24195
    },
    {
        "animeEng": "Battle B-Daman",
        "animeRomaji": "B-Legend! Battle B-Daman",
        "songName": "B-FIRE",
        "artist": "NAOZUMI-MASUKO",
        "type": "Opening 1",
        "correctCount": 8,
        "startTime": 18,
        "songDuration": 88.464,
        "songNumber": 74,
        "activePlayerCount": 186,
        "LinkVideo": "https://files.catbox.moe/xe8qrz.webm",
        "LinkMp3": "https://files.catbox.moe/e7gswv.mp3",
        "annId": 3464
    },
    {
        "animeEng": "The Case Files of Jeweler Richard",
        "animeRomaji": "H\u014dsekisho Richard-shi no Nazo Kantei",
        "songName": "Only for you",
        "artist": "Da-iCE",
        "type": "Ending 1",
        "correctCount": 8,
        "startTime": 6,
        "songDuration": 84.864,
        "songNumber": 75,
        "activePlayerCount": 184,
        "LinkVideo": "https://files.catbox.moe/6otiqa.webm",
        "LinkMp3": "https://files.catbox.moe/bccyk1.mp3",
        "annId": 22488
    }
]