[
    {
        "animeEng": "Princess Mononoke",
        "animeRomaji": "Mononoke Hime",
        "songName": "Mononoke Hime",
        "artist": "Yoshikazu Mera",
        "type": "Ending 1",
        "correctCount": 36,
        "startTime": 24,
        "songDuration": 80.376,
        "songNumber": 1,
        "activePlayerCount": 112,
        "LinkVideo": "https://files.catbox.moe/pbjtbd.webm",
        "LinkMp3": "https://files.catbox.moe/d4pijw.mp3",
        "annId": 197
    },
    {
        "animeEng": "Matchless Raijin-Oh",
        "animeRomaji": "Zettai Muteki Raijin-Oh",
        "songName": "Chikyuu Bouei-gumi Ouenka",
        "artist": "Chikyuu Bouei-gumi Gasshou-tai",
        "type": "Ending 1",
        "correctCount": 5,
        "startTime": 26,
        "songDuration": 84.36,
        "songNumber": 2,
        "activePlayerCount": 108,
        "LinkVideo": "https://files.catbox.moe/y86ky1.webm",
        "LinkMp3": "https://files.catbox.moe/o7rrfj.mp3",
        "annId": 2459,
        "correctPlayers": [
            "yahallonyanpasu",
            "HaNaNa",
            "Zylda",
            "QuillV",
            "ZuiSAMA"
        ]
    },
    {
        "animeEng": "Yurumates wa?",
        "animeRomaji": "Yurumates wa?",
        "songName": "Loosey Goosey",
        "artist": "Haruko Momoi",
        "type": "Opening 1",
        "correctCount": 43,
        "startTime": 0,
        "songDuration": 27.384,
        "songNumber": 3,
        "activePlayerCount": 106,
        "LinkVideo": "https://files.catbox.moe/1h3hdf.webm",
        "LinkMp3": "https://files.catbox.moe/7xtpt2.mp3",
        "annId": 13201
    },
    {
        "animeEng": "Servant \u00d7 Service",
        "animeRomaji": "Servant \u00d7 Service",
        "songName": "May I Help You?",
        "artist": "Ai Kayano & Mai Nakahara & Aki Toyosaki",
        "type": "Opening 1",
        "correctCount": 39,
        "startTime": 45,
        "songDuration": 87.264,
        "songNumber": 4,
        "activePlayerCount": 108,
        "LinkVideo": "https://files.catbox.moe/rj6svf.webm",
        "LinkMp3": "https://files.catbox.moe/jwqqim.mp3",
        "annId": 15241
    },
    {
        "animeEng": "Earthian",
        "animeRomaji": "Earthian",
        "songName": "the Destinies",
        "artist": "Maki Ichihara",
        "type": "Ending 4",
        "correctCount": 1,
        "startTime": 65,
        "songDuration": 154.704,
        "songNumber": 5,
        "activePlayerCount": 110,
        "LinkVideo": "https://files.catbox.moe/u01uzh.webm",
        "LinkMp3": "https://files.catbox.moe/6yl9rr.mp3",
        "annId": 142,
        "correctPlayers": [
            "QuillV"
        ]
    },
    {
        "animeEng": "Uchuusen Sagittarius",
        "animeRomaji": "Uchuusen Sagittarius",
        "songName": "Stardust Boys",
        "artist": "Hironobu Kageyama",
        "type": "Opening 1",
        "correctCount": 8,
        "startTime": 5,
        "songDuration": 74.376,
        "songNumber": 6,
        "activePlayerCount": 110,
        "LinkVideo": "https://files.catbox.moe/b9fgqe.webm",
        "LinkMp3": "https://files.catbox.moe/r7n6j2.mp3",
        "annId": 1721
    },
    {
        "animeEng": "ARGEVOLLEN",
        "animeRomaji": "Shirogane no Ishi Argevollen",
        "songName": "ZoNE-iT",
        "artist": "KOTOKO",
        "type": "Opening 2",
        "correctCount": 10,
        "startTime": 28,
        "songDuration": 87.048,
        "songNumber": 7,
        "activePlayerCount": 108,
        "LinkVideo": "https://files.catbox.moe/30nqeb.webm",
        "LinkMp3": "https://files.catbox.moe/lao8zd.mp3",
        "annId": 16100
    },
    {
        "animeEng": "Inazuma Eleven GO vs. Danball Senki W",
        "animeRomaji": "Inazuma Eleven GO vs. Danball Senki W",
        "songName": "Tenohira no Nukumori",
        "artist": "T-Pistonz+KMZ with Little Blue boX",
        "type": "Ending 1",
        "correctCount": 11,
        "startTime": 215,
        "songDuration": 272.808,
        "songNumber": 8,
        "activePlayerCount": 109,
        "LinkVideo": "https://files.catbox.moe/jxuwgt.webm",
        "LinkMp3": "https://files.catbox.moe/3hwk9y.mp3",
        "annId": 14487
    },
    {
        "animeEng": "Hajime no Ippo: Rising",
        "animeRomaji": "Hajime no Ippo: Rising",
        "songName": "Yakan Hikou",
        "artist": "Wasureranneyo",
        "type": "Opening 1",
        "correctCount": 23,
        "startTime": 9,
        "songDuration": 78.648,
        "songNumber": 9,
        "activePlayerCount": 109,
        "LinkVideo": "https://files.catbox.moe/hg1wgk.webm",
        "LinkMp3": "https://files.catbox.moe/djge4l.mp3",
        "annId": 15542
    },
    {
        "animeEng": "Attack on Titan",
        "animeRomaji": "Shingeki no Kyojin",
        "songName": "Call your name",
        "artist": "mpi & CASG",
        "type": "Insert Song",
        "correctCount": 41,
        "startTime": 25,
        "songDuration": 148.872,
        "songNumber": 10,
        "activePlayerCount": 107,
        "LinkVideo": "https://files.catbox.moe/nxv4bt.webm",
        "LinkMp3": "https://files.catbox.moe/ie5zpj.mp3",
        "annId": 14950
    },
    {
        "animeEng": "Armored Trooper Votoms",
        "animeRomaji": "S\u014dk\u014d Kihei VOTOMS",
        "songName": "Hon\u014d no Sadame",
        "artist": "TETSU",
        "type": "Opening 1",
        "correctCount": 36,
        "startTime": 5,
        "songDuration": 87.384,
        "songNumber": 11,
        "activePlayerCount": 106,
        "LinkVideo": "https://files.catbox.moe/cqui8i.webm",
        "LinkMp3": "https://files.catbox.moe/81d2kg.mp3",
        "annId": 94
    },
    {
        "animeEng": "Golden Boy",
        "animeRomaji": "Golden Boy",
        "songName": "Opening",
        "artist": "Joyo Katayanagi",
        "type": "Opening 1",
        "correctCount": 55,
        "startTime": 37,
        "songDuration": 104.208,
        "songNumber": 12,
        "activePlayerCount": 104,
        "LinkVideo": "https://files.catbox.moe/0e1hdd.webm",
        "LinkMp3": "https://files.catbox.moe/58as26.mp3",
        "annId": 373
    },
    {
        "animeEng": "Gekij\u014dban PriPara Mi~nna Atsumare! Prism\u2606Tours",
        "animeRomaji": "Gekij\u014dban PriPara Mi~nna Atsumare! Prism\u2606Tours",
        "songName": "Rosette Nebula",
        "artist": "Bell Rose",
        "type": "Insert Song",
        "correctCount": 16,
        "startTime": 0,
        "songDuration": 33.201625,
        "songNumber": 13,
        "activePlayerCount": 105,
        "LinkVideo": "https://files.catbox.moe/f1plhp.webm",
        "LinkMp3": "https://files.catbox.moe/yx8ey2.mp3",
        "annId": 16617
    },
    {
        "animeEng": "Gamers!",
        "animeRomaji": "Gamers!",
        "songName": "GAMERS!",
        "artist": "Hisako Kanemoto, Manaka Iwami, Rumi Ookubo",
        "type": "Opening 1",
        "correctCount": 87,
        "startTime": 1,
        "songDuration": 89.83125,
        "songNumber": 14,
        "activePlayerCount": 104,
        "LinkVideo": "https://files.catbox.moe/jruegx.webm",
        "LinkMp3": "https://files.catbox.moe/tednuz.mp3",
        "annId": 19399
    },
    {
        "animeEng": "Agent Aika",
        "animeRomaji": "AIKa",
        "songName": "Manatsu no Seiza",
        "artist": "Mink",
        "type": "Opening 2",
        "correctCount": 7,
        "startTime": 39,
        "songDuration": 87.648,
        "songNumber": 15,
        "activePlayerCount": 103,
        "LinkVideo": "https://files.catbox.moe/cnaac4.webm",
        "LinkMp3": "https://files.catbox.moe/yukln2.mp3",
        "annId": 102
    },
    {
        "animeEng": "THE IDOLM@STER Cinderella Girls",
        "animeRomaji": "THE IDOLM@STER Cinderella Girls",
        "songName": "\u00d8\u03c9\u00d8ver!! -Heart Beat Version-",
        "artist": "* with IMAJO",
        "type": "Insert Song",
        "correctCount": 26,
        "startTime": 17,
        "songDuration": 56.352,
        "songNumber": 16,
        "activePlayerCount": 104,
        "LinkVideo": "https://files.catbox.moe/ub3k8a.webm",
        "LinkMp3": "https://files.catbox.moe/gqha1l.mp3",
        "annId": 16946
    },
    {
        "animeEng": "One Piece Special: Adventure in the Ocean's Navel",
        "animeRomaji": "One Piece Special: Adventure in the Ocean's Navel",
        "songName": "RUN! RUN! RUN!",
        "artist": "Maki Otsuki",
        "type": "Ending 1",
        "correctCount": 37,
        "startTime": 25,
        "songDuration": 69.984,
        "songNumber": 17,
        "activePlayerCount": 103,
        "LinkVideo": "https://files.catbox.moe/e4656d.webm",
        "LinkMp3": "https://files.catbox.moe/q4d193.mp3",
        "annId": 3709
    },
    {
        "animeEng": "Hyakko",
        "animeRomaji": "Hyakko",
        "songName": "Suppin Rock",
        "artist": "Mana Ogawa",
        "type": "Opening 1",
        "correctCount": 6,
        "startTime": 27,
        "songDuration": 84.583036,
        "songNumber": 18,
        "activePlayerCount": 104,
        "LinkVideo": "https://files.catbox.moe/2qmncl.webm",
        "LinkMp3": "https://files.catbox.moe/yomcys.mp3",
        "annId": 10051
    },
    {
        "animeEng": "High-Rise Invasion",
        "animeRomaji": "Tenkuu Shinpan",
        "songName": "HON-NO",
        "artist": "EMPiRE",
        "type": "Opening 1",
        "correctCount": 19,
        "startTime": 23,
        "songDuration": 88.44,
        "songNumber": 19,
        "activePlayerCount": 103,
        "LinkVideo": "https://files.catbox.moe/r3k4e1.webm",
        "LinkMp3": "https://files.catbox.moe/t767cg.mp3",
        "annId": 23916
    },
    {
        "animeEng": "Odd Taxi",
        "animeRomaji": "Odd Taxi",
        "songName": "Kabe no Mukou ni Waraigoe o Kikimashita ka",
        "artist": "Tony Frank",
        "type": "Ending 2",
        "correctCount": 9,
        "startTime": 45,
        "songDuration": 108.264,
        "songNumber": 20,
        "activePlayerCount": 103,
        "LinkVideo": "https://files.catbox.moe/k9ssar.webm",
        "LinkMp3": "https://files.catbox.moe/85h5bv.mp3",
        "annId": 23921
    },
    {
        "animeEng": "Eden",
        "animeRomaji": "Eden",
        "songName": "In the Garden of Eden",
        "artist": "Elspeth Bawden and Amelia Jones",
        "type": "Ending 1",
        "correctCount": 1,
        "startTime": 44,
        "songDuration": 131.184,
        "songNumber": 21,
        "activePlayerCount": 103,
        "LinkVideo": "https://files.catbox.moe/q7crzy.webm",
        "LinkMp3": "https://files.catbox.moe/ckrhuy.mp3",
        "annId": 22602,
        "correctPlayers": [
            "konomi"
        ]
    },
    {
        "animeEng": "Heaven's Lost Property: Project Pink",
        "animeRomaji": "Sora no Otoshimono",
        "songName": "Ring My Bell",
        "artist": "blue drops",
        "type": "Opening 1",
        "correctCount": 58,
        "startTime": 14,
        "songDuration": 88.56,
        "songNumber": 22,
        "activePlayerCount": 102,
        "LinkVideo": "https://files.catbox.moe/ztv4br.webm",
        "LinkMp3": "https://files.catbox.moe/ooen19.mp3",
        "annId": 12146
    },
    {
        "animeEng": "Dragon Ball Z: Lord Slug",
        "animeRomaji": "Dragon Ball Z: Super Saiyajin da Son Goku",
        "songName": "Elite",
        "artist": "Deftones",
        "type": "Insert Song",
        "correctCount": 4,
        "startTime": 112,
        "songDuration": 206.136,
        "songNumber": 23,
        "activePlayerCount": 102,
        "LinkVideo": "https://files.catbox.moe/iziv81.webm",
        "LinkMp3": "https://files.catbox.moe/xg2tu3.mp3",
        "annId": 248,
        "correctPlayers": [
            "KonoDioda1",
            "ChelIy",
            "Stunar",
            "Rubikson"
        ]
    },
    {
        "animeEng": "Quiz Magic Academy",
        "animeRomaji": "Quiz Magic Academy",
        "songName": "Mirai no Minna",
        "artist": "Masumi Asano",
        "type": "Ending 1",
        "correctCount": 2,
        "startTime": 11,
        "songDuration": 74.592,
        "songNumber": 24,
        "activePlayerCount": 102,
        "LinkVideo": "https://files.catbox.moe/x545o8.webm",
        "LinkMp3": "https://files.catbox.moe/pje8h6.mp3",
        "annId": 9560,
        "correctPlayers": [
            "Deafness",
            "ArukasFrost"
        ]
    },
    {
        "animeEng": "Pikachin-Kit",
        "animeRomaji": "Pochitto Hatsumei: Pikachin-Kit",
        "songName": "bring back",
        "artist": "lol",
        "type": "Opening 2",
        "correctCount": 3,
        "startTime": 13,
        "songDuration": 81.312,
        "songNumber": 25,
        "activePlayerCount": 101,
        "LinkVideo": "https://files.catbox.moe/20m6zs.webm",
        "LinkMp3": "https://files.catbox.moe/pgys6t.mp3",
        "annId": 22451,
        "correctPlayers": [
            "yotsuyaiba",
            "Shuuka",
            "Rukawa11"
        ]
    },
    {
        "animeEng": "Angel",
        "animeRomaji": "Hana no Ko Lunlun",
        "songName": "Hana no Ko Lunlun",
        "artist": "Mitsuko Horie",
        "type": "Opening 1",
        "correctCount": 27,
        "startTime": 4,
        "songDuration": 69.336,
        "songNumber": 26,
        "activePlayerCount": 100,
        "LinkVideo": "https://files.catbox.moe/5wqvrv.webm",
        "LinkMp3": "https://files.catbox.moe/bru863.mp3",
        "annId": 1390
    },
    {
        "animeEng": "Dragon Quest Saga: Emblem of Roto",
        "animeRomaji": "Dragon Quest Retsuden: Roto no Monsh\u014d",
        "songName": "Sh\u014dnen no Hane",
        "artist": "Akino Arai",
        "type": "Opening 1",
        "correctCount": 2,
        "startTime": 34,
        "songDuration": 118.824,
        "songNumber": 27,
        "activePlayerCount": 101,
        "LinkVideo": "https://files.catbox.moe/j1sw4j.webm",
        "LinkMp3": "https://files.catbox.moe/nrhwdb.mp3",
        "annId": 3363,
        "correctPlayers": [
            "Arkana",
            "Rukawa11"
        ]
    },
    {
        "animeEng": "Higurashi: When They Cry - Gou",
        "animeRomaji": "Higurashi no Naku Koro ni G\u014d",
        "songName": "Fukisokusei Entropy",
        "artist": "Ayane",
        "type": "Ending 3",
        "correctCount": 42,
        "startTime": 43,
        "songDuration": 89.513,
        "songNumber": 28,
        "activePlayerCount": 102,
        "LinkVideo": "https://files.catbox.moe/1q7tpk.webm",
        "annId": 23297
    },
    {
        "animeEng": "Katte ni Kaiz\u014d",
        "animeRomaji": "Katte ni Kaiz\u014d",
        "songName": "Katte ni Kaizou Shitemo Iize",
        "artist": "Ichirou Mizuki to Tokusatsu",
        "type": "Opening 1",
        "correctCount": 20,
        "startTime": 13,
        "songDuration": 95.28,
        "songNumber": 29,
        "activePlayerCount": 101,
        "LinkVideo": "https://files.catbox.moe/15ms2l.webm",
        "LinkMp3": "https://files.catbox.moe/xnc3bo.mp3",
        "annId": 12413
    },
    {
        "animeEng": "Pan de Peace!",
        "animeRomaji": "Pan de Peace!",
        "songName": "Seishun wa Tabemono desu",
        "artist": "petit milady",
        "type": "Opening 1",
        "correctCount": 56,
        "startTime": 0,
        "songDuration": 28.944,
        "songNumber": 30,
        "activePlayerCount": 101,
        "LinkVideo": "https://files.catbox.moe/sticfr.webm",
        "LinkMp3": "https://files.catbox.moe/19plv3.mp3",
        "annId": 18002
    },
    {
        "animeEng": "The World Yamizukan",
        "animeRomaji": "The World Yamizukan",
        "songName": "me to me",
        "artist": "MONO NO AWARE",
        "type": "Ending 1",
        "correctCount": 11,
        "startTime": 0,
        "songDuration": 29.352,
        "songNumber": 31,
        "activePlayerCount": 101,
        "LinkVideo": "https://files.catbox.moe/8b7pjk.webm",
        "LinkMp3": "https://files.catbox.moe/uquoun.mp3",
        "annId": 19334
    },
    {
        "animeEng": "Pretty Rhythm All Star Selection",
        "animeRomaji": "Pretty Rhythm All Star Selection",
        "songName": "Sweet time Cooking magic ~Hara Peko Nan Desu Watashi tte~",
        "artist": "Y\u016b Serizawa",
        "type": "Insert Song",
        "correctCount": 8,
        "startTime": 24,
        "songDuration": 96.84,
        "songNumber": 32,
        "activePlayerCount": 101,
        "LinkVideo": "https://files.catbox.moe/ucyuqh.webm",
        "LinkMp3": "https://files.catbox.moe/lowq51.mp3",
        "annId": 15888
    },
    {
        "animeEng": "Elementhunters",
        "animeRomaji": "Elementhunters",
        "songName": "Suihe Liebe ~Mahou no Jumon~",
        "artist": "Kakki & Ash Potato",
        "type": "Ending 1",
        "correctCount": 9,
        "startTime": 41,
        "songDuration": 88.475214,
        "songNumber": 33,
        "activePlayerCount": 101,
        "LinkVideo": "https://files.catbox.moe/8fqas3.webm",
        "LinkMp3": "https://files.catbox.moe/5y8rom.mp3",
        "annId": 10590
    },
    {
        "animeEng": "Argonavis from BanG Dream!",
        "animeRomaji": "Argonavis from BanG Dream!",
        "songName": "Steady Goes!",
        "artist": "Argonavis",
        "type": "Insert Song",
        "correctCount": 21,
        "startTime": 14,
        "songDuration": 107.424,
        "songNumber": 34,
        "activePlayerCount": 100,
        "LinkVideo": "https://files.catbox.moe/ljwna0.webm",
        "LinkMp3": "https://files.catbox.moe/7bfo3a.mp3",
        "annId": 23027
    },
    {
        "animeEng": "Kekko Kamen",
        "animeRomaji": "Kekko Kamen",
        "songName": "Morodashi Heroine Kekko Kamen",
        "artist": "Emi Shinohara",
        "type": "Ending 2",
        "correctCount": 1,
        "startTime": 48,
        "songDuration": 143.64,
        "songNumber": 35,
        "activePlayerCount": 100,
        "LinkVideo": "https://files.catbox.moe/38p8e6.webm",
        "LinkMp3": "https://files.catbox.moe/2ywmlb.mp3",
        "annId": 688,
        "correctPlayers": [
            "munya"
        ]
    },
    {
        "animeEng": "Maid Sama!",
        "animeRomaji": "Maid Sama!",
        "songName": "My Secret",
        "artist": "Saaya Mizuno",
        "type": "Opening 1",
        "correctCount": 52,
        "startTime": 46,
        "songDuration": 88.848,
        "songNumber": 36,
        "activePlayerCount": 100,
        "LinkVideo": "https://files.catbox.moe/79ag0a.webm",
        "LinkMp3": "https://files.catbox.moe/3uznkf.mp3",
        "annId": 11037
    },
    {
        "animeEng": "The Bush Baby",
        "animeRomaji": "Daisougen no Chiisana Tenshi Bush Baby",
        "songName": "Hohoemi de Prologue",
        "artist": "Satoko Yamano",
        "type": "Opening 2",
        "correctCount": 2,
        "startTime": 17,
        "songDuration": 86.184,
        "songNumber": 37,
        "activePlayerCount": 100,
        "LinkVideo": "https://files.catbox.moe/z9sc5w.webm",
        "LinkMp3": "https://files.catbox.moe/x7x9y2.mp3",
        "annId": 2075,
        "correctPlayers": [
            "Hanagasakumichi",
            "Rukawa11"
        ]
    },
    {
        "animeEng": "Precure Miracle Universe",
        "animeRomaji": "Precure Miracle Universe",
        "songName": "Precure! Kana Yell\u2606Miracle",
        "artist": "Kanako Miyamoto",
        "type": "Opening 1",
        "correctCount": 41,
        "startTime": 0,
        "songDuration": 22.752,
        "songNumber": 38,
        "activePlayerCount": 100,
        "LinkVideo": "https://files.catbox.moe/w0efbm.webm",
        "LinkMp3": "https://files.catbox.moe/puzngj.mp3",
        "annId": 21747
    },
    {
        "animeEng": "Duel Masters Victory",
        "animeRomaji": "Duel Masters Victory",
        "songName": "Sh\u014dkan Saiky\u014d V!",
        "artist": "Duel Hero Yuu & Atsuto",
        "type": "Ending 1",
        "correctCount": 4,
        "startTime": 2,
        "songDuration": 89.064,
        "songNumber": 39,
        "activePlayerCount": 100,
        "LinkVideo": "https://files.catbox.moe/9b1xrg.webm",
        "LinkMp3": "https://files.catbox.moe/hg9nxv.mp3",
        "annId": 12840,
        "correctPlayers": [
            "yahallonyanpasu",
            "Shuuka",
            "Rukawa11",
            "revel_"
        ]
    },
    {
        "animeEng": "DRIFTING DRAGONS",
        "animeRomaji": "Kuutei Dragons",
        "songName": "Gunjou",
        "artist": "Yoh Kamiyama",
        "type": "Opening 1",
        "correctCount": 8,
        "startTime": 29,
        "songDuration": 88.68,
        "songNumber": 40,
        "activePlayerCount": 99,
        "LinkVideo": "https://files.catbox.moe/5rib60.webm",
        "LinkMp3": "https://files.catbox.moe/ihgpg7.mp3",
        "annId": 21954
    },
    {
        "animeEng": "Crayon Shin-chan: Ankoku Tamatama Daitsuiseki",
        "animeRomaji": "Crayon Shin-chan: Ankoku Tamatama Daitsuiseki",
        "songName": "Nenjuu Muchuu ~I Want You~",
        "artist": "Puppy",
        "type": "Opening 1",
        "correctCount": 20,
        "startTime": 5,
        "songDuration": 62.904,
        "songNumber": 41,
        "activePlayerCount": 101,
        "LinkVideo": "https://files.catbox.moe/jdqt2c.webm",
        "LinkMp3": "https://files.catbox.moe/p6mpdo.mp3",
        "annId": 6741
    },
    {
        "animeEng": "Love Live! Sunshine!!",
        "animeRomaji": "Love Live! School Idol Project Sunshine!!",
        "songName": "Sora mo Kokoro mo Hareru kara",
        "artist": "Aqours",
        "type": "Insert Song",
        "correctCount": 28,
        "startTime": 51,
        "songDuration": 115.056,
        "songNumber": 42,
        "activePlayerCount": 102,
        "LinkVideo": "https://files.catbox.moe/etpfbr.webm",
        "LinkMp3": "https://files.catbox.moe/hv1x2e.mp3",
        "annId": 20000
    },
    {
        "animeEng": "Mobile Suit Gundam 0083: Stardust Memory",
        "animeRomaji": "Kid\u014d Senshi Gundam 0083: Stardust Memory",
        "songName": "THE WINNER",
        "artist": "Miki Matsubara",
        "type": "Opening 1",
        "correctCount": 16,
        "startTime": 24,
        "songDuration": 112.392,
        "songNumber": 43,
        "activePlayerCount": 101,
        "LinkVideo": "https://files.catbox.moe/hu0xgu.webm",
        "LinkMp3": "https://files.catbox.moe/hwhy4g.mp3",
        "annId": 23
    },
    {
        "animeEng": "Kamigami no Asobi",
        "animeRomaji": "Kamigami no Asobi",
        "songName": "Reason For...",
        "artist": "Miyu Irino, Daisuke Ono, Y\u016bto Uemura, Toshiyuki Toyonaga, Hiroshi Kamiya, Yoshimasa Hosoya",
        "type": "Ending 1",
        "correctCount": 4,
        "startTime": 39,
        "songDuration": 88.392,
        "songNumber": 44,
        "activePlayerCount": 101,
        "LinkVideo": "https://files.catbox.moe/42wdzi.webm",
        "LinkMp3": "https://files.catbox.moe/dych05.mp3",
        "annId": 15828,
        "correctPlayers": [
            "Hanagasakumichi",
            "Thaleko",
            "klusty",
            "Shuuka"
        ]
    },
    {
        "animeEng": "Pretty Boy Detective Club",
        "animeRomaji": "Bish\u014dnen Tanteidan",
        "songName": "Shake & Shake",
        "artist": "sumika",
        "type": "Opening 1",
        "correctCount": 36,
        "startTime": 6,
        "songDuration": 89.4,
        "songNumber": 45,
        "activePlayerCount": 101,
        "LinkVideo": "https://files.catbox.moe/86qja3.webm",
        "LinkMp3": "https://files.catbox.moe/h3ynhd.mp3",
        "annId": 23985
    },
    {
        "animeEng": "Venus Project: Climax",
        "animeRomaji": "VENUS PROJECT -CLIMAX-",
        "songName": "Yume no Tsubasa CLIMAX Final Version",
        "artist": "Sawako Hata VS Riho Iida VS Marika Hayase",
        "type": "Ending 2",
        "correctCount": 10,
        "startTime": 53,
        "songDuration": 89.16,
        "songNumber": 46,
        "activePlayerCount": 101,
        "LinkVideo": "https://files.catbox.moe/c6dwk7.webm",
        "LinkMp3": "https://files.catbox.moe/xss0ib.mp3",
        "annId": 17153
    },
    {
        "animeEng": "Cardfight!! Vanguard: Legion Mate-hen",
        "animeRomaji": "Cardfight!! Vanguard: Legion Mate-hen",
        "songName": "KNOCK ON YOUR GATE!",
        "artist": "Masatoshi Ono",
        "type": "Opening 2",
        "correctCount": 17,
        "startTime": 25,
        "songDuration": 88.776,
        "songNumber": 47,
        "activePlayerCount": 101,
        "LinkVideo": "https://files.catbox.moe/nozb6p.webm",
        "LinkMp3": "https://files.catbox.moe/nql8di.mp3",
        "annId": 15808
    },
    {
        "animeEng": "Seitokai Yakuindomo",
        "animeRomaji": "Seitokai Yakuindomo",
        "songName": "Yamato Nadeshiko Education",
        "artist": "Triple Booking",
        "type": "Opening 1",
        "correctCount": 62,
        "startTime": 33,
        "songDuration": 74.809375,
        "songNumber": 48,
        "activePlayerCount": 101,
        "LinkVideo": "https://files.catbox.moe/zlhsny.webm",
        "LinkMp3": "https://files.catbox.moe/p5pei8.mp3",
        "annId": 12391
    },
    {
        "animeEng": "At The Mercy of The Sky",
        "animeRomaji": "Sora no Manimani",
        "songName": "Hoshikuzu no Surround",
        "artist": "CooRie",
        "type": "Ending 1",
        "correctCount": 6,
        "startTime": 2,
        "songDuration": 89.064,
        "songNumber": 49,
        "activePlayerCount": 100,
        "LinkVideo": "https://files.catbox.moe/idbfzk.webm",
        "LinkMp3": "https://files.catbox.moe/abacdg.mp3",
        "annId": 10652
    },
    {
        "animeEng": "BanG Dream! Girls Band Party! Pico",
        "animeRomaji": "BanG Dream! Garupa\u2606Pico",
        "songName": "Egao no Orchestra!",
        "artist": "Hello, Happy World!",
        "type": "Insert Song",
        "correctCount": 54,
        "startTime": 0,
        "songDuration": 21.864114,
        "songNumber": 50,
        "activePlayerCount": 100,
        "LinkVideo": "https://files.catbox.moe/h4xocu.webm",
        "LinkMp3": "https://files.catbox.moe/104ucm.mp3",
        "annId": 21290
    },
    {
        "animeEng": "Samurai Jam -Bakumatsu Rock-",
        "animeRomaji": "Bakumatsu Rock",
        "songName": "What's this?",
        "artist": "Ultra-Souls",
        "type": "Ending 2",
        "correctCount": 2,
        "startTime": 69,
        "songDuration": 118.646124,
        "songNumber": 51,
        "activePlayerCount": 100,
        "LinkVideo": "https://files.catbox.moe/79khew.webm",
        "LinkMp3": "https://files.catbox.moe/4jikan.mp3",
        "annId": 15992,
        "correctPlayers": [
            "Shuuka",
            "konomi"
        ]
    },
    {
        "animeEng": "GoShogun: The Time \u00c9tranger",
        "animeRomaji": "Sengoku Majin G\u014dsh\u014dgun: Toki no \u00c9tranger",
        "songName": "Mayonaka no Merry-Go-Round",
        "artist": "Haruko Kuwana",
        "type": "Insert Song",
        "correctCount": 1,
        "startTime": 36,
        "songDuration": 126.384,
        "songNumber": 52,
        "activePlayerCount": 100,
        "LinkVideo": "https://files.catbox.moe/q6ad36.webm",
        "LinkMp3": "https://files.catbox.moe/pah0si.mp3",
        "annId": 670,
        "correctPlayers": [
            "Zylda"
        ]
    },
    {
        "animeEng": "Emergency Departure Rescue Kids",
        "animeRomaji": "Kinkyuu Hasshin Saver Kids",
        "songName": "Dancing Beat",
        "artist": "Lovers",
        "type": "Opening 1",
        "correctCount": 2,
        "startTime": 7,
        "songDuration": 87.672,
        "songNumber": 53,
        "activePlayerCount": 99,
        "LinkVideo": "https://files.catbox.moe/vwpqal.webm",
        "LinkMp3": "https://files.catbox.moe/t0by1f.mp3",
        "annId": 218,
        "correctPlayers": [
            "Rukawa11",
            "TKN"
        ]
    },
    {
        "animeEng": "ABCiee Working Diary",
        "animeRomaji": "Abciee Shuugy\u014d Nikki",
        "songName": "Happy Boshuu-chuu (Abciee ver.)",
        "artist": "Fumiya Fujii",
        "type": "Opening 1",
        "correctCount": 33,
        "startTime": 0,
        "songDuration": 27.696,
        "songNumber": 54,
        "activePlayerCount": 101,
        "LinkVideo": "https://files.catbox.moe/injk28.webm",
        "LinkMp3": "https://files.catbox.moe/1u8dlt.mp3",
        "annId": 23908
    },
    {
        "animeEng": "Ringing Bell",
        "animeRomaji": "Chirin no Suzu",
        "songName": "Chirin no Suzu",
        "artist": "The Brothers Four",
        "type": "Opening 1",
        "correctCount": 39,
        "startTime": 23,
        "songDuration": 120.552,
        "songNumber": 55,
        "activePlayerCount": 100,
        "LinkVideo": "https://files.catbox.moe/f44oti.webm",
        "LinkMp3": "https://files.catbox.moe/wqxr2j.mp3",
        "annId": 1459
    },
    {
        "animeEng": "Princess Resurrection",
        "animeRomaji": "Kaibutsu \u014cjo",
        "songName": "Hizamazuite Ashi o Oname",
        "artist": "ALI PROJECT",
        "type": "Ending 1",
        "correctCount": 12,
        "startTime": 31,
        "songDuration": 89.128264,
        "songNumber": 56,
        "activePlayerCount": 101,
        "LinkVideo": "https://files.catbox.moe/6j24th.webm",
        "LinkMp3": "https://files.catbox.moe/lgzog8.mp3",
        "annId": 7420
    },
    {
        "animeEng": "Maid Sama!",
        "animeRomaji": "Maid Sama!",
        "songName": "Natsu Koi Monogatari",
        "artist": "U\u00d7Mishi",
        "type": "Insert Song",
        "correctCount": 20,
        "startTime": 8,
        "songDuration": 57.912,
        "songNumber": 57,
        "activePlayerCount": 101,
        "LinkVideo": "https://files.catbox.moe/r2j5k1.webm",
        "LinkMp3": "https://files.catbox.moe/86822n.mp3",
        "annId": 11037
    },
    {
        "animeEng": "Fate/stay night",
        "animeRomaji": "Fate/stay night",
        "songName": "disillusion",
        "artist": "Sachi Tainaka",
        "type": "Opening 1",
        "correctCount": 64,
        "startTime": 39,
        "songDuration": 90.048,
        "songNumber": 58,
        "activePlayerCount": 101,
        "LinkVideo": "https://files.catbox.moe/j7twby.webm",
        "LinkMp3": "https://files.catbox.moe/w5mz70.mp3",
        "annId": 5394
    },
    {
        "animeEng": "Revolutionary Girl Utena: The Movie",
        "animeRomaji": "Sh\u014djo Kakumei Utena: Adolescence Mokushiroku",
        "songName": "Toki ni Ai wa",
        "artist": "Masami Okui",
        "type": "Insert Song",
        "correctCount": 6,
        "startTime": 60,
        "songDuration": 103.512,
        "songNumber": 59,
        "activePlayerCount": 101,
        "LinkVideo": "https://files.catbox.moe/b93hme.webm",
        "LinkMp3": "https://files.catbox.moe/xx1thb.mp3",
        "annId": 91
    },
    {
        "animeEng": "Purple Eyes in the Dark",
        "animeRomaji": "Yami no Purple Eye",
        "songName": "MYSTERIOUS PURPLE",
        "artist": "Yoshiko Yamagiwa",
        "type": "Insert Song",
        "correctCount": 3,
        "startTime": 34,
        "songDuration": 246.456,
        "songNumber": 60,
        "activePlayerCount": 100,
        "LinkVideo": "https://files.catbox.moe/r6miv1.webm",
        "LinkMp3": "https://files.catbox.moe/zlv00c.mp3",
        "annId": 7167,
        "correctPlayers": [
            "yahallonyanpasu",
            "Zylda",
            "MKNono"
        ]
    },
    {
        "animeEng": "Cowboy Bebop",
        "animeRomaji": "Cowboy Bebop",
        "songName": "Tank!",
        "artist": "Seatbelts",
        "type": "Opening 1",
        "correctCount": 79,
        "startTime": 21,
        "songDuration": 89.592,
        "songNumber": 61,
        "activePlayerCount": 100,
        "LinkVideo": "https://files.catbox.moe/byvisp.webm",
        "LinkMp3": "https://files.catbox.moe/qi299l.mp3",
        "annId": 13
    },
    {
        "animeEng": "Hinamatsuri",
        "animeRomaji": "Hinamatsuri",
        "songName": "Distance",
        "artist": "Rie Murakawa",
        "type": "Opening 1",
        "correctCount": 55,
        "startTime": 9,
        "songDuration": 88.056,
        "songNumber": 62,
        "activePlayerCount": 100,
        "LinkVideo": "https://files.catbox.moe/wrl3l8.webm",
        "LinkMp3": "https://files.catbox.moe/pztl6j.mp3",
        "annId": 20335
    },
    {
        "animeEng": "Tales of the Abyss",
        "animeRomaji": "Tales of the Abyss",
        "songName": "Karma",
        "artist": "BUMP OF CHICKEN",
        "type": "Opening 1",
        "correctCount": 50,
        "startTime": 70,
        "songDuration": 128.376,
        "songNumber": 63,
        "activePlayerCount": 100,
        "LinkVideo": "https://files.catbox.moe/oed6vi.webm",
        "LinkMp3": "https://files.catbox.moe/tp8o5k.mp3",
        "annId": 10149
    },
    {
        "animeEng": "Legend of Crystania: The Motion Picture",
        "animeRomaji": "Hajimari no B\u014dkensha-tachi - Legend of Crystania",
        "songName": "Haruka na Inori",
        "artist": "Hitomi Mieno",
        "type": "Opening 1",
        "correctCount": 6,
        "startTime": 13,
        "songDuration": 142.368,
        "songNumber": 64,
        "activePlayerCount": 100,
        "LinkVideo": "https://files.catbox.moe/9divqz.webm",
        "LinkMp3": "https://files.catbox.moe/b7owex.mp3",
        "annId": 482
    },
    {
        "animeEng": "Free! Dive to the Future",
        "animeRomaji": "Free! Dive to the Future",
        "songName": "GOLD EVOLUTION",
        "artist": "STYLE FIVE",
        "type": "Ending 1",
        "correctCount": 5,
        "startTime": 60,
        "songDuration": 95.568,
        "songNumber": 65,
        "activePlayerCount": 99,
        "LinkVideo": "https://files.catbox.moe/wdscz2.webm",
        "LinkMp3": "https://files.catbox.moe/3rg3ly.mp3",
        "annId": 20895,
        "correctPlayers": [
            "yahallonyanpasu",
            "Shuuka",
            "konomi",
            "setsunatton",
            "Loppa"
        ]
    },
    {
        "animeEng": "Kimi dake ni Motetainda.",
        "animeRomaji": "Kimi dake ni Motetainda.",
        "songName": "Ai no Kusari",
        "artist": "High School Children",
        "type": "Insert Song",
        "correctCount": 7,
        "startTime": 1,
        "songDuration": 36.624,
        "songNumber": 66,
        "activePlayerCount": 99,
        "LinkVideo": "https://files.catbox.moe/izjhzn.webm",
        "LinkMp3": "https://files.catbox.moe/jzz8jg.mp3",
        "annId": 22479
    },
    {
        "animeEng": "Jyu-Oh-Sei",
        "animeRomaji": "Jyu-Oh-Sei",
        "songName": "Te o Tsunaide",
        "artist": "Younha",
        "type": "Ending 1",
        "correctCount": 9,
        "startTime": 30,
        "songDuration": 78.552,
        "songNumber": 67,
        "activePlayerCount": 98,
        "LinkVideo": "https://files.catbox.moe/gb6rtf.webm",
        "LinkMp3": "https://files.catbox.moe/mht597.mp3",
        "annId": 6177
    },
    {
        "animeEng": "Mah\u014dtsukai no Yome: Gakuin-hen",
        "animeRomaji": "Mah\u014dtsukai no Yome: Gakuin-hen",
        "songName": "Sky",
        "artist": "JUNNA",
        "type": "Insert Song",
        "correctCount": 11,
        "startTime": 46,
        "songDuration": 84.192,
        "songNumber": 68,
        "activePlayerCount": 98,
        "LinkVideo": "https://files.catbox.moe/khj50y.webm",
        "LinkMp3": "https://files.catbox.moe/trwp0s.mp3",
        "annId": 23599
    },
    {
        "animeEng": "Zonmi-chan: Meat Pie of the Dead",
        "animeRomaji": "Zonmi-chan: Meat Pie of the Dead",
        "songName": "dreamer",
        "artist": "1er cru",
        "type": "Ending 1",
        "correctCount": 15,
        "startTime": 4,
        "songDuration": 38.304,
        "songNumber": 69,
        "activePlayerCount": 98,
        "LinkVideo": "https://files.catbox.moe/oqk2m6.webm",
        "LinkMp3": "https://files.catbox.moe/monnjm.mp3",
        "annId": 23248
    },
    {
        "animeEng": "Vivy: Fluorite Eye's Song",
        "animeRomaji": "Vivy: Fluorite Eye's Song",
        "songName": "Harmony of One's Heart",
        "artist": "Kairi Yagi",
        "type": "Insert Song",
        "correctCount": 33,
        "startTime": 42,
        "songDuration": 169.608,
        "songNumber": 70,
        "activePlayerCount": 97,
        "LinkVideo": "https://files.catbox.moe/77sims.webm",
        "LinkMp3": "https://files.catbox.moe/jdwj26.mp3",
        "annId": 23935
    },
    {
        "animeEng": "Jim Button",
        "animeRomaji": "Jim Botan",
        "songName": "Pokko-chan ga Suki",
        "artist": "Mitsuko Horie",
        "type": "Ending 1",
        "correctCount": 1,
        "startTime": 0,
        "songDuration": 59.381,
        "songNumber": 71,
        "activePlayerCount": 97,
        "LinkVideo": "https://files.catbox.moe/9otnt0.webm",
        "annId": 116,
        "correctPlayers": [
            "Pratasz"
        ]
    },
    {
        "animeEng": "Tari Tari",
        "animeRomaji": "Tari Tari",
        "songName": "Dreamer",
        "artist": "AiRI",
        "type": "Opening 1",
        "correctCount": 38,
        "startTime": 21,
        "songDuration": 89.064,
        "songNumber": 72,
        "activePlayerCount": 98,
        "LinkVideo": "https://files.catbox.moe/58jwca.webm",
        "LinkMp3": "https://files.catbox.moe/h0smn8.mp3",
        "annId": 14167
    },
    {
        "animeEng": "Yotsunoha",
        "animeRomaji": "Yotsunoha",
        "songName": "Koisuru Kioku",
        "artist": "Yui Sakakibara",
        "type": "Opening 1",
        "correctCount": 9,
        "startTime": 12,
        "songDuration": 102.984,
        "songNumber": 73,
        "activePlayerCount": 98,
        "LinkVideo": "https://files.catbox.moe/btm7hk.webm",
        "LinkMp3": "https://files.catbox.moe/gtsm1u.mp3",
        "annId": 8194
    },
    {
        "animeEng": "Digimon Adventure 02",
        "animeRomaji": "Digimon Adventure 02",
        "songName": "Minna no Christmas",
        "artist": "Kouji Wada",
        "type": "Insert Song",
        "correctCount": 11,
        "startTime": 21,
        "songDuration": 177.36,
        "songNumber": 74,
        "activePlayerCount": 98,
        "LinkVideo": "https://files.catbox.moe/cth4yn.webm",
        "LinkMp3": "https://files.catbox.moe/t4x8gn.mp3",
        "annId": 2170
    },
    {
        "animeEng": "Demonbane",
        "animeRomaji": "Kishin Houkou Demonbane",
        "songName": "Modern Rose",
        "artist": "Kanako It\u014d",
        "type": "Ending 1",
        "correctCount": 14,
        "startTime": 42,
        "songDuration": 94.224,
        "songNumber": 75,
        "activePlayerCount": 96,
        "LinkVideo": "https://files.catbox.moe/64z9t6.webm",
        "LinkMp3": "https://files.catbox.moe/37hxis.mp3",
        "annId": 6512
    }
]