[
    {
        "animeEng": "Pok\u00e9mon Chronicles",
        "animeRomaji": "Pocket Monsters Side Story",
        "songName": "Ready, Go!",
        "artist": "Naomi Tamura",
        "type": "Insert Song",
        "correctCount": 30,
        "startTime": 34,
        "songDuration": 114.648,
        "songNumber": 1,
        "activePlayerCount": 118,
        "LinkVideo": "https://files.catbox.moe/oa0jep.webm",
        "LinkMp3": "https://files.catbox.moe/doqskg.mp3",
        "annId": 15668
    },
    {
        "animeEng": "Aura Battler Dunbine",
        "animeRomaji": "Seisenshi Dunbine",
        "songName": "Dunbine Tobu",
        "artist": "MIO",
        "type": "Opening 1",
        "correctCount": 19,
        "startTime": 23,
        "songDuration": 87.888,
        "songNumber": 2,
        "activePlayerCount": 118,
        "LinkVideo": "https://files.catbox.moe/916unq.webm",
        "LinkMp3": "https://files.catbox.moe/jytfi6.mp3",
        "annId": 1188
    },
    {
        "animeEng": "Silver Spoon",
        "animeRomaji": "Gin no Saji",
        "songName": "Oto no Naru H\u014d e",
        "artist": "Goose house",
        "type": "Ending 1",
        "correctCount": 39,
        "startTime": 32,
        "songDuration": 88.224,
        "songNumber": 3,
        "activePlayerCount": 118,
        "LinkVideo": "https://files.catbox.moe/u3t0ru.webm",
        "LinkMp3": "https://files.catbox.moe/2nlzvc.mp3",
        "annId": 15751
    },
    {
        "animeEng": "Hakata Mentai! Pirikarako-chan",
        "animeRomaji": "Hakata Mentai! Pirikarako-chan",
        "songName": "Piritto Daisuki\u2661",
        "artist": "fumika",
        "type": "Ending 2",
        "correctCount": 20,
        "startTime": 0,
        "songDuration": 14.544,
        "songNumber": 4,
        "activePlayerCount": 118,
        "LinkVideo": "https://files.catbox.moe/pex51w.webm",
        "LinkMp3": "https://files.catbox.moe/90dgoe.mp3",
        "annId": 22257
    },
    {
        "animeEng": "Kujibiki Unbalance",
        "animeRomaji": "Kujibiki Unbalance",
        "songName": "Kujibiki Unbalance",
        "artist": "UNDER17",
        "type": "Opening 1",
        "correctCount": 60,
        "startTime": 44,
        "songDuration": 90.173144,
        "songNumber": 5,
        "activePlayerCount": 118,
        "LinkVideo": "https://files.catbox.moe/59ue9l.webm",
        "LinkMp3": "https://files.catbox.moe/i69f4n.mp3",
        "annId": 4239
    },
    {
        "animeEng": "ARP Backstage Pass",
        "animeRomaji": "ARP Backstage Pass",
        "songName": "Burn it up",
        "artist": "ARP",
        "type": "Opening 1",
        "correctCount": 19,
        "startTime": 11,
        "songDuration": 89.52,
        "songNumber": 6,
        "activePlayerCount": 118,
        "LinkVideo": "https://files.catbox.moe/0o9dum.webm",
        "LinkMp3": "https://files.catbox.moe/as94gq.mp3",
        "annId": 22347
    },
    {
        "animeEng": "Jewelpet Kira\u2606Deco!",
        "animeRomaji": "Jewelpet Kira\u2606Deco!",
        "songName": "Happy Lucky\u2606Go!",
        "artist": "Mana Ashida",
        "type": "Opening 1",
        "correctCount": 14,
        "startTime": 12,
        "songDuration": 88.109506,
        "songNumber": 7,
        "activePlayerCount": 118,
        "LinkVideo": "https://files.catbox.moe/ui2iqy.webm",
        "LinkMp3": "https://files.catbox.moe/76bl07.mp3",
        "annId": 14061
    },
    {
        "animeEng": "Hayate the Combat Butler! Heaven Is a Place on Earth",
        "animeRomaji": "Hayate no Gotoku! Heaven Is a Place on Earth",
        "songName": "Heaven is a Place on Earth",
        "artist": "fripSide",
        "type": "Ending 1",
        "correctCount": 33,
        "startTime": 151,
        "songDuration": 184.512,
        "songNumber": 8,
        "activePlayerCount": 118,
        "LinkVideo": "https://files.catbox.moe/18dpd6.webm",
        "LinkMp3": "https://files.catbox.moe/6nc0o1.mp3",
        "annId": 12236
    },
    {
        "animeEng": "Yatterman",
        "animeRomaji": "Yatterman",
        "songName": "Gatchaman no Uta",
        "artist": "Masato Shimon",
        "type": "Insert Song",
        "correctCount": 98,
        "startTime": 13,
        "songDuration": 57.84,
        "songNumber": 9,
        "activePlayerCount": 118,
        "LinkVideo": "https://files.catbox.moe/135dk1.webm",
        "LinkMp3": "https://files.catbox.moe/hvizys.mp3",
        "annId": 8783
    },
    {
        "animeEng": "Tsuyoshi Shikkari Shinasai",
        "animeRomaji": "Tsuyoshi Shikkari Shinasai",
        "songName": "LOVE YOU ONLY",
        "artist": "TOKIO",
        "type": "Opening 3",
        "correctCount": 1,
        "startTime": 35,
        "songDuration": 85.248,
        "songNumber": 10,
        "activePlayerCount": 118,
        "LinkVideo": "https://files.catbox.moe/sr6vlh.webm",
        "LinkMp3": "https://files.catbox.moe/tikbib.mp3",
        "annId": 2940,
        "correctPlayers": [
            "Catisam"
        ]
    },
    {
        "animeEng": "Phantom: Requiem for the Phantom",
        "animeRomaji": "Phantom: Requiem for the Phantom",
        "songName": "Senritsu no Kodomo-tachi",
        "artist": "ALI PROJECT",
        "type": "Opening 2",
        "correctCount": 22,
        "startTime": 20,
        "songDuration": 88.824,
        "songNumber": 11,
        "activePlayerCount": 117,
        "LinkVideo": "https://files.catbox.moe/ihfr9j.webm",
        "LinkMp3": "https://files.catbox.moe/s20nol.mp3",
        "annId": 10541
    },
    {
        "animeEng": "Doraemon: Nobita's Space Story",
        "animeRomaji": "Doraemon: Nobita no Uch\u016b Kaitakushi",
        "songName": "Boku Doraemon",
        "artist": "Nobuyo Oyama, Koorogi '73",
        "type": "Opening 1",
        "correctCount": 109,
        "startTime": 8,
        "songDuration": 44.712,
        "songNumber": 12,
        "activePlayerCount": 118,
        "LinkVideo": "https://files.catbox.moe/bfmgn6.webm",
        "LinkMp3": "https://files.catbox.moe/xtfkut.mp3",
        "annId": 1894
    },
    {
        "animeEng": "Aikatsu!",
        "animeRomaji": "Aikatsu!",
        "songName": "Diamond Happy",
        "artist": "Waka\u30fbFuuri\u30fbSunao from STAR\u2606ANIS",
        "type": "Insert Song",
        "correctCount": 53,
        "startTime": 6,
        "songDuration": 54.096,
        "songNumber": 13,
        "activePlayerCount": 118,
        "LinkVideo": "https://files.catbox.moe/1hjzdw.webm",
        "LinkMp3": "https://files.catbox.moe/iyhoo4.mp3",
        "annId": 15991
    },
    {
        "animeEng": "PriPara",
        "animeRomaji": "PriPara",
        "songName": "HAPPY Pa LUCKY",
        "artist": "SoLaMi\u2661SMILE",
        "type": "Insert Song",
        "correctCount": 37,
        "startTime": 13,
        "songDuration": 180.024,
        "songNumber": 14,
        "activePlayerCount": 118,
        "LinkVideo": "https://files.catbox.moe/nijizv.webm",
        "LinkMp3": "https://files.catbox.moe/bewyex.mp3",
        "annId": 18090
    },
    {
        "animeEng": "Doraemon: Nobita and the Dragon Rider",
        "animeRomaji": "Doraemon: Nobita to Ry\u016b no Kishi",
        "songName": "Doraemon no Uta",
        "artist": "Kumiko \u014csugi, Nobuyo Oyama",
        "type": "Opening 1",
        "correctCount": 109,
        "startTime": 14,
        "songDuration": 71.976,
        "songNumber": 15,
        "activePlayerCount": 118,
        "LinkVideo": "https://files.catbox.moe/x176tz.webm",
        "LinkMp3": "https://files.catbox.moe/5im20u.mp3",
        "annId": 1890
    },
    {
        "animeEng": "Wakaba*Girl",
        "animeRomaji": "Wakaba*Girl",
        "songName": "Hajimete Girls!",
        "artist": "Ichinen Fuji-gumi",
        "type": "Opening 2",
        "correctCount": 56,
        "startTime": 20,
        "songDuration": 88.536,
        "songNumber": 16,
        "activePlayerCount": 118,
        "LinkVideo": "https://files.catbox.moe/x2aui0.webm",
        "LinkMp3": "https://files.catbox.moe/4w4f8k.mp3",
        "annId": 16870
    },
    {
        "animeEng": "Mirmo Zibang!",
        "animeRomaji": "Wagamama Fairy Mirumo de Pon!",
        "songName": "Asunaro no Uta",
        "artist": "Kaoru Kondou",
        "type": "Ending 3",
        "correctCount": 1,
        "startTime": 11,
        "songDuration": 88.896,
        "songNumber": 17,
        "activePlayerCount": 118,
        "LinkVideo": "https://files.catbox.moe/qm4kxy.webm",
        "LinkMp3": "https://files.catbox.moe/syqu3d.mp3",
        "annId": 935,
        "correctPlayers": [
            "IzumiSakai"
        ]
    },
    {
        "animeEng": "Kiss\u00d7sis",
        "animeRomaji": "Kiss\u00d7sis",
        "songName": "Futari no\u2665Honey Boy",
        "artist": "Ayana Taketatsu & Yuiko Tatsumi",
        "type": "Opening 1",
        "correctCount": 55,
        "startTime": 35,
        "songDuration": 89.712,
        "songNumber": 18,
        "activePlayerCount": 117,
        "LinkVideo": "https://files.catbox.moe/ht1ah1.webm",
        "LinkMp3": "https://files.catbox.moe/dyz4dc.mp3",
        "annId": 10194
    },
    {
        "animeEng": "Abnormal Physiology Seminar",
        "animeRomaji": "Abnormal Physiology Seminar",
        "songName": "Hen Zemi Hajimaru yo!",
        "artist": "Masaru Yokoyama",
        "type": "Opening 1",
        "correctCount": 20,
        "startTime": 0,
        "songDuration": 29.232,
        "songNumber": 19,
        "activePlayerCount": 117,
        "LinkVideo": "https://files.catbox.moe/9u5bc6.webm",
        "LinkMp3": "https://files.catbox.moe/yx2ihn.mp3",
        "annId": 12333
    },
    {
        "animeEng": "Sekai Ichi Hatsukoi - The World's Greatest First Love",
        "animeRomaji": "Sekai-ichi Hatsukoi",
        "songName": "Ashita, Boku wa Kimi ni Ai ni Yuku",
        "artist": "Wakaba",
        "type": "Ending 1",
        "correctCount": 5,
        "startTime": 35,
        "songDuration": 92.568,
        "songNumber": 20,
        "activePlayerCount": 116,
        "LinkVideo": "https://files.catbox.moe/zdx19h.webm",
        "LinkMp3": "https://files.catbox.moe/wba989.mp3",
        "annId": 12218,
        "correctPlayers": [
            "weavedheart",
            "Nekto",
            "Shuuka",
            "SrueyaF",
            "Hanagasakumichi"
        ]
    },
    {
        "animeEng": "Aldnoah.Zero",
        "animeRomaji": "Aldnoah.Zero",
        "songName": "aLIEz",
        "artist": "SawanoHiroyuki[nZk]:mizuki",
        "type": "Ending 2",
        "correctCount": 72,
        "startTime": 12,
        "songDuration": 87.888,
        "songNumber": 21,
        "activePlayerCount": 115,
        "LinkVideo": "https://files.catbox.moe/nmp4km.webm",
        "LinkMp3": "https://files.catbox.moe/u6n2vs.mp3",
        "annId": 16028
    },
    {
        "animeEng": "Hayate the Combat Butler",
        "animeRomaji": "Hayate no Gotoku!",
        "songName": "Shichiten Hakki*Shij\u014d Shugi!",
        "artist": "KOTOKO",
        "type": "Opening 2",
        "correctCount": 57,
        "startTime": 50,
        "songDuration": 93.648,
        "songNumber": 22,
        "activePlayerCount": 115,
        "LinkVideo": "https://files.catbox.moe/gtrgji.webm",
        "LinkMp3": "https://files.catbox.moe/v3mt27.mp3",
        "annId": 7490
    },
    {
        "animeEng": "Future Card Buddyfight Ace",
        "animeRomaji": "Future Card Shin Buddyfight",
        "songName": "Saa Ik\u014d!",
        "artist": "Poppin'Party",
        "type": "Opening 1",
        "correctCount": 17,
        "startTime": 53,
        "songDuration": 88.475214,
        "songNumber": 23,
        "activePlayerCount": 115,
        "LinkVideo": "https://files.catbox.moe/m8f9rk.webm",
        "LinkMp3": "https://files.catbox.moe/iyc9fj.mp3",
        "annId": 20833
    },
    {
        "animeEng": "Fairy Tail",
        "animeRomaji": "Fairy Tail",
        "songName": "Fairy Tail ~Yakusoku no Hi~",
        "artist": "Chihiro Yonekura",
        "type": "Opening 14",
        "correctCount": 32,
        "startTime": 23,
        "songDuration": 88.848,
        "songNumber": 24,
        "activePlayerCount": 115,
        "LinkVideo": "https://files.catbox.moe/9fkoug.webm",
        "LinkMp3": "https://files.catbox.moe/c85pae.mp3",
        "annId": 10942
    },
    {
        "animeEng": "Magic-kyun! Renaissance",
        "animeRomaji": "Magic-kyun! Renaissance",
        "songName": "Sweets \u00e0 la mode",
        "artist": "Yuuki Ono",
        "type": "Insert Song",
        "correctCount": 4,
        "startTime": 8,
        "songDuration": 104.76,
        "songNumber": 25,
        "activePlayerCount": 115,
        "LinkVideo": "https://files.catbox.moe/lmcjs8.webm",
        "LinkMp3": "https://files.catbox.moe/vl3iay.mp3",
        "annId": 18467,
        "correctPlayers": [
            "Hikaru56",
            "Shuuka",
            "anomanderbaked",
            "LondonChocoroll"
        ]
    },
    {
        "animeEng": "Polar Bear's Caf\u00e9",
        "animeRomaji": "Shirokuma Caf\u00e9",
        "songName": "PANDAHOLIC!!",
        "artist": "Tokuyoshi Kawashima",
        "type": "Ending 11",
        "correctCount": 1,
        "startTime": 14,
        "songDuration": 87.456456,
        "songNumber": 26,
        "activePlayerCount": 115,
        "LinkVideo": "https://files.catbox.moe/u0e1ns.webm",
        "LinkMp3": "https://files.catbox.moe/hhqbaf.mp3",
        "annId": 13985,
        "correctPlayers": [
            "klusty"
        ]
    },
    {
        "animeEng": "Cobra The Animation",
        "animeRomaji": "Cobra The Animation",
        "songName": "Silent Night",
        "artist": "Sasja Antheunis",
        "type": "Insert Song",
        "correctCount": 1,
        "startTime": 9,
        "songDuration": 109.477302,
        "songNumber": 27,
        "activePlayerCount": 114,
        "LinkVideo": "https://files.catbox.moe/tmh5t2.webm",
        "LinkMp3": "https://files.catbox.moe/wozmnj.mp3",
        "annId": 9203,
        "correctPlayers": [
            "Zylda"
        ]
    },
    {
        "animeEng": "Cop Craft",
        "animeRomaji": "Cop Craft",
        "songName": "Rakuen Toshi",
        "artist": "Masayoshi \u014cishi",
        "type": "Opening 1",
        "correctCount": 62,
        "startTime": 3,
        "songDuration": 88.848,
        "songNumber": 28,
        "activePlayerCount": 114,
        "LinkVideo": "https://files.catbox.moe/q8s3pg.webm",
        "LinkMp3": "https://files.catbox.moe/s0vhlm.mp3",
        "annId": 22012
    },
    {
        "animeEng": "T\u014dken Ranbu: Hanamaru",
        "animeRomaji": "T\u014dken Ranbu: Hanamaru",
        "songName": "Hanamaru\u25ceBiyori!",
        "artist": "Mitsuhiro Ichiki & Toshiki Masuda",
        "type": "Opening 1",
        "correctCount": 18,
        "startTime": 49,
        "songDuration": 89.064,
        "songNumber": 29,
        "activePlayerCount": 114,
        "LinkVideo": "https://files.catbox.moe/3cem3o.webm",
        "LinkMp3": "https://files.catbox.moe/3dy5vr.mp3",
        "annId": 18182
    },
    {
        "animeEng": "Karura Mau",
        "animeRomaji": "Karura Mau",
        "songName": "Maitobe Karura!",
        "artist": "Shinichi Ishihara",
        "type": "Opening 1",
        "correctCount": 3,
        "startTime": 11,
        "songDuration": 76.0592,
        "songNumber": 30,
        "activePlayerCount": 114,
        "LinkVideo": "https://files.catbox.moe/kaj2vd.webm",
        "LinkMp3": "https://files.catbox.moe/oiwqp5.mp3",
        "annId": 1355,
        "correctPlayers": [
            "Catisam",
            "Rukawa11",
            "PearI"
        ]
    },
    {
        "animeEng": "Demon of Steel: Battle of the Great Demon Beasts",
        "animeRomaji": "Daimaju Gekito Hagane no Oni",
        "songName": "JUST BECAUSE",
        "artist": "J-WALK",
        "type": "Ending 1",
        "correctCount": 1,
        "startTime": 58,
        "songDuration": 223.152,
        "songNumber": 31,
        "activePlayerCount": 114,
        "LinkVideo": "https://files.catbox.moe/vbzrjj.webm",
        "LinkMp3": "https://files.catbox.moe/ieggwl.mp3",
        "annId": 3361,
        "correctPlayers": [
            "Catisam"
        ]
    },
    {
        "animeEng": "Code Geass: Lelouch of the Rebellion Remake Movies",
        "animeRomaji": "Code Geass: Hangyaku no Lelouch Remake Movies",
        "songName": "Sensibility",
        "artist": "Hitomi",
        "type": "Insert Song",
        "correctCount": 8,
        "startTime": 155,
        "songDuration": 238.032,
        "songNumber": 32,
        "activePlayerCount": 114,
        "LinkVideo": "https://files.catbox.moe/hpwbl4.webm",
        "LinkMp3": "https://files.catbox.moe/l59ekj.mp3",
        "annId": 20158
    },
    {
        "animeEng": "Nyaruko: Crawling with Love!",
        "animeRomaji": "Haiyore! Nyaruko-san",
        "songName": "Taiyou Iwaku Moeyo Chaos",
        "artist": "Ushiro kara Haiyori-tai G",
        "type": "Opening 1",
        "correctCount": 84,
        "startTime": 9,
        "songDuration": 89.88,
        "songNumber": 33,
        "activePlayerCount": 114,
        "LinkVideo": "https://files.catbox.moe/ps5txz.webm",
        "LinkMp3": "https://files.catbox.moe/8xbtfh.mp3",
        "annId": 13719
    },
    {
        "animeEng": "Berserk",
        "animeRomaji": "Berserk",
        "songName": "Sacrifice",
        "artist": "9mm Parabellum Bullet",
        "type": "Opening 1",
        "correctCount": 42,
        "startTime": 2,
        "songDuration": 89.64,
        "songNumber": 34,
        "activePlayerCount": 114,
        "LinkVideo": "https://files.catbox.moe/594v2e.webm",
        "LinkMp3": "https://files.catbox.moe/8p1e2j.mp3",
        "annId": 19015
    },
    {
        "animeEng": "Haikyu!! To the Top",
        "animeRomaji": "Haikyu!! To the Top",
        "songName": "PHOENIX",
        "artist": "BURNOUT SYNDROMES",
        "type": "Opening 1",
        "correctCount": 79,
        "startTime": 13,
        "songDuration": 88.68,
        "songNumber": 35,
        "activePlayerCount": 114,
        "LinkVideo": "https://files.catbox.moe/v00aa9.webm",
        "LinkMp3": "https://files.catbox.moe/nwazon.mp3",
        "annId": 22438
    },
    {
        "animeEng": "Fairy Tail",
        "animeRomaji": "Fairy Tail",
        "songName": "5-moji no Koi no Yukue",
        "artist": "Chihiro Yonekura",
        "type": "Ending 1",
        "correctCount": 6,
        "startTime": 19,
        "songDuration": 88.392,
        "songNumber": 36,
        "activePlayerCount": 114,
        "LinkVideo": "https://files.catbox.moe/fapvls.webm",
        "LinkMp3": "https://files.catbox.moe/r72u88.mp3",
        "annId": 23400
    },
    {
        "animeEng": "Dead Leaves",
        "animeRomaji": "Dead Leaves",
        "songName": "The Moon",
        "artist": "DJ SHINKAWA vs Future Breeze",
        "type": "Ending 1",
        "correctCount": 1,
        "startTime": 203,
        "songDuration": 361.248,
        "songNumber": 37,
        "activePlayerCount": 114,
        "LinkVideo": "https://files.catbox.moe/o0hybc.webm",
        "LinkMp3": "https://files.catbox.moe/psueu5.mp3",
        "annId": 2021,
        "correctPlayers": [
            "husa"
        ]
    },
    {
        "animeEng": "Ple Ple Pleiades - Clementine T\u014db\u014d-hen",
        "animeRomaji": "Ple Ple Pleiades - Clementine T\u014db\u014d-hen",
        "songName": "Party Out!!",
        "artist": "OxT",
        "type": "Opening 1",
        "correctCount": 13,
        "startTime": 15,
        "songDuration": 89.448,
        "songNumber": 38,
        "activePlayerCount": 114,
        "LinkVideo": "https://files.catbox.moe/v5py5v.webm",
        "LinkMp3": "https://files.catbox.moe/vvx4sv.mp3",
        "annId": 23246
    },
    {
        "animeEng": "AOKANA: Four Rhythm Across the Blue",
        "animeRomaji": "Ao no Kanata no Four Rhythm",
        "songName": "Kimi to Ita Sora",
        "artist": "Ray",
        "type": "Ending 2",
        "correctCount": 45,
        "startTime": 8,
        "songDuration": 105.408,
        "songNumber": 39,
        "activePlayerCount": 113,
        "LinkVideo": "https://files.catbox.moe/lm3x74.webm",
        "LinkMp3": "https://files.catbox.moe/fa3wpa.mp3",
        "annId": 16555
    },
    {
        "animeEng": "Meshimase Lodoss-t\u014d Senki Sorette Oishii no?",
        "animeRomaji": "Meshimase Lodoss-t\u014d Senki Sorette Oishii no?",
        "songName": "Kibou no Hikari",
        "artist": "Ibuki Kido & Erii Yamazaki",
        "type": "Ending 1",
        "correctCount": 4,
        "startTime": 0,
        "songDuration": 29.544,
        "songNumber": 40,
        "activePlayerCount": 114,
        "LinkVideo": "https://files.catbox.moe/t1e7n5.webm",
        "LinkMp3": "https://files.catbox.moe/gei6xz.mp3",
        "annId": 15999,
        "correctPlayers": [
            "anonimus_opinion",
            "Catisam",
            "Rukawa11",
            "PearI"
        ]
    },
    {
        "animeEng": "Carried by the Wind: Tsukikage Ran",
        "animeRomaji": "Kazemakase Tsukikage Ran",
        "songName": "Kazemakase 2",
        "artist": "Reiko Yasuhara",
        "type": "Ending 1",
        "correctCount": 6,
        "startTime": 8,
        "songDuration": 43.963326,
        "songNumber": 41,
        "activePlayerCount": 113,
        "LinkVideo": "https://files.catbox.moe/73edag.webm",
        "LinkMp3": "https://files.catbox.moe/kkh7ig.mp3",
        "annId": 789
    },
    {
        "animeEng": "Alice in Wonderland",
        "animeRomaji": "Fushigi no Kuni no Alice",
        "songName": "Yumemiru Wonderland",
        "artist": "TARAKO",
        "type": "Opening 1",
        "correctCount": 4,
        "startTime": 13,
        "songDuration": 57.125333,
        "songNumber": 42,
        "activePlayerCount": 114,
        "LinkVideo": "https://files.catbox.moe/j0z7w3.webm",
        "LinkMp3": "https://files.catbox.moe/i0pk82.mp3",
        "annId": 476,
        "correctPlayers": [
            "klusty",
            "Rukawa11",
            "Shuuka",
            "Thaleko"
        ]
    },
    {
        "animeEng": "Mazica Party",
        "animeRomaji": "Mazica Party",
        "songName": "Mazi-ka",
        "artist": "Yusuke",
        "type": "Opening 1",
        "correctCount": 24,
        "startTime": 53,
        "songDuration": 87.504,
        "songNumber": 43,
        "activePlayerCount": 114,
        "LinkVideo": "https://files.catbox.moe/r49bzy.webm",
        "LinkMp3": "https://files.catbox.moe/xizgop.mp3",
        "annId": 24099
    },
    {
        "animeEng": "Hatsukoi Limited.",
        "animeRomaji": "Hatsukoi Limited.",
        "songName": "Gens\u014d no Basho, Sorezore no Michi no Ue",
        "artist": "marble",
        "type": "Ending 2",
        "correctCount": 9,
        "startTime": 32,
        "songDuration": 114.888,
        "songNumber": 44,
        "activePlayerCount": 114,
        "LinkVideo": "https://files.catbox.moe/xebhwv.webm",
        "LinkMp3": "https://files.catbox.moe/eyvcc6.mp3",
        "annId": 10286
    },
    {
        "animeEng": "The Royal Tutor",
        "animeRomaji": "\u014cshitsu Ky\u014dshi Heine",
        "songName": "Shoppai Namida",
        "artist": "Sh\u014dgo Sakamoto",
        "type": "Opening 1",
        "correctCount": 36,
        "startTime": 19,
        "songDuration": 88.944,
        "songNumber": 45,
        "activePlayerCount": 114,
        "LinkVideo": "https://files.catbox.moe/n2a8i7.webm",
        "LinkMp3": "https://files.catbox.moe/411qoy.mp3",
        "annId": 18919
    },
    {
        "animeEng": "GR -GIANT ROBO-",
        "animeRomaji": "GR -GIANT ROBO-",
        "songName": "Answer",
        "artist": "rockwell",
        "type": "Opening 1",
        "correctCount": 3,
        "startTime": 21,
        "songDuration": 88.848,
        "songNumber": 46,
        "activePlayerCount": 114,
        "LinkVideo": "https://files.catbox.moe/q1s0dw.webm",
        "LinkMp3": "https://files.catbox.moe/5md9v5.mp3",
        "annId": 6939,
        "correctPlayers": [
            "TowaSamaTenshi",
            "klusty",
            "Rukawa11"
        ]
    },
    {
        "animeEng": "GJ Club@",
        "animeRomaji": "GJ-bu@",
        "songName": "Hashiridasou!",
        "artist": "Maaya Uchida, Yume Miyamoto, Suzuko Mimori, Chika Arakawa",
        "type": "Insert Song",
        "correctCount": 10,
        "startTime": 153,
        "songDuration": 211.632,
        "songNumber": 47,
        "activePlayerCount": 114,
        "LinkVideo": "https://files.catbox.moe/m6gcxx.webm",
        "LinkMp3": "https://files.catbox.moe/dh344o.mp3",
        "annId": 15810
    },
    {
        "animeEng": "Tenk\u016b Senki Shurato",
        "animeRomaji": "Tenk\u016b Senki Shurato",
        "songName": "Truth",
        "artist": "Satoko Shimizu",
        "type": "Opening 2",
        "correctCount": 8,
        "startTime": 8,
        "songDuration": 89.023776,
        "songNumber": 48,
        "activePlayerCount": 114,
        "LinkVideo": "https://files.catbox.moe/b5b071.webm",
        "LinkMp3": "https://files.catbox.moe/gso2du.mp3",
        "annId": 2038
    },
    {
        "animeEng": "Seny\u016b.",
        "animeRomaji": "Seny\u016b.",
        "songName": "THE MONSTERS",
        "artist": "JAM Project",
        "type": "Opening 1",
        "correctCount": 26,
        "startTime": 10,
        "songDuration": 88.396848,
        "songNumber": 49,
        "activePlayerCount": 114,
        "LinkVideo": "https://files.catbox.moe/okcllg.webm",
        "LinkMp3": "https://files.catbox.moe/mbeuu2.mp3",
        "annId": 14841
    },
    {
        "animeEng": "Yuruyuri Ten",
        "animeRomaji": "Yuruyuri Ten",
        "songName": "Ripitte Chime\u266a",
        "artist": "Nanamori Ch\u016b\u2606Goraku-bu",
        "type": "Ending 1",
        "correctCount": 18,
        "startTime": 59,
        "songDuration": 220.104,
        "songNumber": 50,
        "activePlayerCount": 114,
        "LinkVideo": "https://files.catbox.moe/v3pf9p.webm",
        "LinkMp3": "https://files.catbox.moe/mclqty.mp3",
        "annId": 22486
    },
    {
        "animeEng": "AM Driver",
        "animeRomaji": "Get Ride! AMDriver",
        "songName": "RIDE ON MIND",
        "artist": "Kouji Yusa",
        "type": "Insert Song",
        "correctCount": 0,
        "startTime": 7,
        "songDuration": 103.728,
        "songNumber": 51,
        "activePlayerCount": 114,
        "LinkVideo": "https://files.catbox.moe/vme0pu.webm",
        "LinkMp3": "https://files.catbox.moe/320i89.mp3",
        "annId": 3748
    },
    {
        "animeEng": "Alice or Alice",
        "animeRomaji": "Alice or Alice",
        "songName": "LONELY ALICE",
        "artist": "Pyxis",
        "type": "Ending 1",
        "correctCount": 25,
        "startTime": 0,
        "songDuration": 30,
        "songNumber": 52,
        "activePlayerCount": 114,
        "LinkVideo": "https://files.catbox.moe/dhzogi.webm",
        "LinkMp3": "https://files.catbox.moe/i4q26h.mp3",
        "annId": 19934
    },
    {
        "animeEng": "Shin Koihime\u2020Mus\u014d: Otome Tairan",
        "animeRomaji": "Shin Koihime\u2020Mus\u014d: Otome Tairan",
        "songName": "Y\u016bki Rinrin",
        "artist": "T\u014den no San Shimai",
        "type": "Ending 1",
        "correctCount": 3,
        "startTime": 54,
        "songDuration": 89.07602,
        "songNumber": 53,
        "activePlayerCount": 113,
        "LinkVideo": "https://files.catbox.moe/91tgcl.webm",
        "LinkMp3": "https://files.catbox.moe/xy03hu.mp3",
        "annId": 15899,
        "correctPlayers": [
            "klusty",
            "Shuuka",
            "Jube"
        ]
    },
    {
        "animeEng": "Trickster",
        "animeRomaji": "Trickster: Edogawa Rampo 'Sh\u014dnen Tantei-dan' yori",
        "songName": "Kimi dake no Boku de Iru kara",
        "artist": "GACKT",
        "type": "Opening 1",
        "correctCount": 17,
        "startTime": 42,
        "songDuration": 89.568,
        "songNumber": 54,
        "activePlayerCount": 114,
        "LinkVideo": "https://files.catbox.moe/03vn8c.webm",
        "LinkMp3": "https://files.catbox.moe/788xp0.mp3",
        "annId": 18456
    },
    {
        "animeEng": "Candy Candy",
        "animeRomaji": "Candy Candy",
        "songName": "Candy Candy",
        "artist": "Mitsuko Horie & The Chirps",
        "type": "Opening 1",
        "correctCount": 55,
        "startTime": 18,
        "songDuration": 69.249422,
        "songNumber": 55,
        "activePlayerCount": 113,
        "LinkVideo": "https://files.catbox.moe/a2ja9f.webm",
        "LinkMp3": "https://files.catbox.moe/jen50t.mp3",
        "annId": 545
    },
    {
        "animeEng": "Gatchaman",
        "animeRomaji": "Gatchaman",
        "songName": "GATCHAMAN '94",
        "artist": "Ichir\u014d Mizuki",
        "type": "Insert Song",
        "correctCount": 68,
        "startTime": 0,
        "songDuration": 29.424,
        "songNumber": 56,
        "activePlayerCount": 112,
        "LinkVideo": "https://files.catbox.moe/ou6pd6.webm",
        "LinkMp3": "https://files.catbox.moe/orqdro.mp3",
        "annId": 318
    },
    {
        "animeEng": "Kuroko's Basketball",
        "animeRomaji": "Kuroko no Basuke",
        "songName": "Memories",
        "artist": "GRANRODEO",
        "type": "Opening 3",
        "correctCount": 70,
        "startTime": 47,
        "songDuration": 89.16,
        "songNumber": 57,
        "activePlayerCount": 112,
        "LinkVideo": "https://files.catbox.moe/zyq952.webm",
        "LinkMp3": "https://files.catbox.moe/svbybh.mp3",
        "annId": 16343
    },
    {
        "animeEng": "Nodame Cantabile: Finale",
        "animeRomaji": "Nodame Cantabile: Finale",
        "songName": "Manazashi Daydream",
        "artist": "Yuu Sakai",
        "type": "Opening 1",
        "correctCount": 30,
        "startTime": 39,
        "songDuration": 76.896,
        "songNumber": 58,
        "activePlayerCount": 111,
        "LinkVideo": "https://files.catbox.moe/vp6g8x.webm",
        "LinkMp3": "https://files.catbox.moe/ku5upd.mp3",
        "annId": 10950
    },
    {
        "animeEng": "Little Witch Academia: The Enchanted Parade",
        "animeRomaji": "Little Witch Academia: Mah\u014djikake no Parade",
        "songName": "Lotte's Song Of The Spirits",
        "artist": "Fumiko Orikasa",
        "type": "Insert Song",
        "correctCount": 22,
        "startTime": 9,
        "songDuration": 44.064,
        "songNumber": 59,
        "activePlayerCount": 111,
        "LinkVideo": "https://files.catbox.moe/zbijy0.webm",
        "LinkMp3": "https://files.catbox.moe/ju003n.mp3",
        "annId": 15632
    },
    {
        "animeEng": "Little Goblin",
        "animeRomaji": "Kaibutsu-kun",
        "songName": "Ore wa Kaibutsu-kun Da",
        "artist": "Fuyumi Shiraishi",
        "type": "Opening 1",
        "correctCount": 69,
        "startTime": 4,
        "songDuration": 50.885656,
        "songNumber": 60,
        "activePlayerCount": 110,
        "LinkVideo": "https://files.catbox.moe/b09mxr.webm",
        "LinkMp3": "https://files.catbox.moe/f3leb8.mp3",
        "annId": 1850
    },
    {
        "animeEng": "BLEND-S",
        "animeRomaji": "Blend S",
        "songName": "Bon App\u00e9tit\u2661S -All Staff ver.-",
        "artist": "Anzu Haruno, Akari Kitou, Tomoaki Maeno, Tatsuhisa Suzuki, Atsumi Tanezaki, Sora Tokui, Azumi Waki",
        "type": "Ending 2",
        "correctCount": 95,
        "startTime": 27,
        "songDuration": 88.776,
        "songNumber": 61,
        "activePlayerCount": 110,
        "LinkVideo": "https://files.catbox.moe/hd68im.webm",
        "LinkMp3": "https://files.catbox.moe/0wexpm.mp3",
        "annId": 19669
    },
    {
        "animeEng": "Shura no Toki: Age of Chaos",
        "animeRomaji": "Mutsu Enmei Ryu Gaiden: Shura no Toki",
        "songName": "identity",
        "artist": "sacra",
        "type": "Opening 1",
        "correctCount": 7,
        "startTime": 29,
        "songDuration": 85.008,
        "songNumber": 62,
        "activePlayerCount": 108,
        "LinkVideo": "https://files.catbox.moe/xgi7j0.webm",
        "LinkMp3": "https://files.catbox.moe/s4qz4y.mp3",
        "annId": 3768
    },
    {
        "animeEng": "Moriarty the Patriot",
        "animeRomaji": "Y\u016bkoku no Moriarty",
        "songName": "TWISTED HEARTS",
        "artist": "Tasuku Hatanaka",
        "type": "Opening 1",
        "correctCount": 46,
        "startTime": 18,
        "songDuration": 89.472,
        "songNumber": 63,
        "activePlayerCount": 108,
        "LinkVideo": "https://files.catbox.moe/cz67hk.webm",
        "LinkMp3": "https://files.catbox.moe/fopufy.mp3",
        "annId": 23976
    },
    {
        "animeEng": "Tawawa on Monday",
        "animeRomaji": "Getsuy\u014dbi no Tawawa",
        "songName": "Otome no Tawawa",
        "artist": "Sayaka Harada",
        "type": "Ending 1",
        "correctCount": 21,
        "startTime": 0,
        "songDuration": 60.0806,
        "songNumber": 64,
        "activePlayerCount": 109,
        "LinkVideo": "https://files.catbox.moe/095ye6.webm",
        "LinkMp3": "https://files.catbox.moe/tojnzl.mp3",
        "annId": 18786
    },
    {
        "animeEng": "Winter Sonata",
        "animeRomaji": "Fuyu no Sonata",
        "songName": "Saisho kara Ima made",
        "artist": "RYU",
        "type": "Opening 1",
        "correctCount": 33,
        "startTime": 22,
        "songDuration": 72.775892,
        "songNumber": 65,
        "activePlayerCount": 108,
        "LinkVideo": "https://files.catbox.moe/8oae95.webm",
        "LinkMp3": "https://files.catbox.moe/1lfkul.mp3",
        "annId": 9706
    },
    {
        "animeEng": "Minna Atsumare! Falcom Gakuen",
        "animeRomaji": "Minna Atsumare! Falcom Gakuen",
        "songName": "Go Fight",
        "artist": "Falcom Sound Team jdk",
        "type": "Opening 1",
        "correctCount": 53,
        "startTime": 0,
        "songDuration": 26.568,
        "songNumber": 66,
        "activePlayerCount": 108,
        "LinkVideo": "https://files.catbox.moe/5ggnr4.webm",
        "LinkMp3": "https://files.catbox.moe/wvfcdk.mp3",
        "annId": 15747
    },
    {
        "animeEng": "Mushoku Tensei: Jobless Reincarnation",
        "animeRomaji": "Mushoku Tensei: Isekai Ittara Honki Dasu",
        "songName": "Only",
        "artist": "Yuiko Ohara",
        "type": "Ending 1",
        "correctCount": 51,
        "startTime": 42,
        "songDuration": 89.304,
        "songNumber": 67,
        "activePlayerCount": 108,
        "LinkVideo": "https://files.catbox.moe/pcopap.webm",
        "LinkMp3": "https://files.catbox.moe/j645ll.mp3",
        "annId": 22589
    },
    {
        "animeEng": "Case Closed The Movie: The Time Bombed Skyscraper",
        "animeRomaji": "Meitantei Conan: Tokei Jikake no Matenr\u014d",
        "songName": "Kimi ga Ireba",
        "artist": "Iori",
        "type": "Insert Song",
        "correctCount": 79,
        "startTime": 46,
        "songDuration": 80.304,
        "songNumber": 68,
        "activePlayerCount": 108,
        "LinkVideo": "https://files.catbox.moe/o4diqh.webm",
        "LinkMp3": "https://files.catbox.moe/4ocyt0.mp3",
        "annId": 2679
    },
    {
        "animeEng": "Romeo \u00d7 Juliet",
        "animeRomaji": "Romeo \u00d7 Juliet",
        "songName": "Inori ~You Raise Me Up~",
        "artist": "LENA PARK",
        "type": "Opening 1",
        "correctCount": 44,
        "startTime": 33,
        "songDuration": 85.056,
        "songNumber": 69,
        "activePlayerCount": 108,
        "LinkVideo": "https://files.catbox.moe/6tikcb.webm",
        "LinkMp3": "https://files.catbox.moe/z97us7.mp3",
        "annId": 7087
    },
    {
        "animeEng": "LayereD Stories 0",
        "animeRomaji": "LayereD Stories 0",
        "songName": "The One Melody",
        "artist": "Yuiko Tatsumi",
        "type": "Insert Song",
        "correctCount": 4,
        "startTime": 10,
        "songDuration": 74.928,
        "songNumber": 70,
        "activePlayerCount": 108,
        "LinkVideo": "https://files.catbox.moe/0w9287.webm",
        "LinkMp3": "https://files.catbox.moe/e6qxla.mp3",
        "annId": 23199,
        "correctPlayers": [
            "anonimus_opinion",
            "Satorii",
            "Martinch",
            "husa"
        ]
    },
    {
        "animeEng": "NITABOH, the Shamisen Master",
        "animeRomaji": "Nitaboh: Tsugaru Shamisen Shiso Gaibun",
        "songName": "Tamana no Theme",
        "artist": "Yukiko Kishida",
        "type": "Insert Song",
        "correctCount": 0,
        "startTime": 40,
        "songDuration": 121.608,
        "songNumber": 71,
        "activePlayerCount": 108,
        "LinkVideo": "https://files.catbox.moe/uzjlq7.webm",
        "LinkMp3": "https://files.catbox.moe/nloczw.mp3",
        "annId": 6591
    },
    {
        "animeEng": "Dream 9 Toriko & One Piece & Dragon Ball Z Super Collaboration Special!!",
        "animeRomaji": "Dream 9 Toriko & One Piece & Dragon Ball Z Super Collaboration Special!!",
        "songName": "We Go!",
        "artist": "Hiroshi Kitadani",
        "type": "Ending 1",
        "correctCount": 62,
        "startTime": 36,
        "songDuration": 148.416,
        "songNumber": 72,
        "activePlayerCount": 108,
        "LinkVideo": "https://files.catbox.moe/vqdfrp.webm",
        "LinkMp3": "https://files.catbox.moe/dcgo1i.mp3",
        "annId": 15122
    },
    {
        "animeEng": "The Future Diary",
        "animeRomaji": "Mirai Nikki",
        "songName": "Blood teller",
        "artist": "Faylan",
        "type": "Ending 1",
        "correctCount": 59,
        "startTime": 44,
        "songDuration": 89.304,
        "songNumber": 73,
        "activePlayerCount": 107,
        "LinkVideo": "https://files.catbox.moe/bj3rmz.webm",
        "LinkMp3": "https://files.catbox.moe/p9x97h.mp3",
        "annId": 12896
    },
    {
        "animeEng": "Power Stone",
        "animeRomaji": "Power Stone",
        "songName": "Rise in my Heart",
        "artist": "Aya & Chika",
        "type": "Opening 1",
        "correctCount": 14,
        "startTime": 36,
        "songDuration": 89.415606,
        "songNumber": 74,
        "activePlayerCount": 108,
        "LinkVideo": "https://files.catbox.moe/yagaok.webm",
        "LinkMp3": "https://files.catbox.moe/yshdv2.mp3",
        "annId": 300
    },
    {
        "animeEng": "The Millionaire Detective - Balance: Unlimited",
        "animeRomaji": "Fug\u014d Keiji Balance: Unlimited",
        "songName": "Fu\u30fbg\u014d\u30fbKei\u30fbji!",
        "artist": "Daisuke Hasegawa",
        "type": "Insert Song",
        "correctCount": 21,
        "startTime": 34,
        "songDuration": 82.205934,
        "songNumber": 75,
        "activePlayerCount": 107,
        "LinkVideo": "https://files.catbox.moe/gheqtx.webm",
        "LinkMp3": "https://files.catbox.moe/q122ca.mp3",
        "annId": 22980
    }
]