[
    {
        "animeEng": "Blood-C: The Last Dark",
        "animeRomaji": "Blood-C: The Last Dark",
        "songName": "METRO BAROQUE",
        "artist": "Nana Mizuki",
        "type": "Ending 1",
        "correctCount": 10,
        "startTime": 161,
        "songDuration": 267.35867,
        "songNumber": 1,
        "activePlayerCount": 186,
        "LinkVideo": "https://files.catbox.moe/xc7tgs.webm",
        "LinkMp3": "https://files.catbox.moe/izoynf.mp3",
        "annId": 13228
    },
    {
        "animeEng": "IGPX: Immortal Grand Prix",
        "animeRomaji": "IGPX: Immortal Grand Prix",
        "songName": "Go For It !",
        "artist": "GRAN RODEO",
        "type": "Opening 1",
        "correctCount": 11,
        "startTime": 39,
        "songDuration": 89.568,
        "songNumber": 2,
        "activePlayerCount": 185,
        "LinkVideo": "https://files.catbox.moe/oaf355.webm",
        "LinkMp3": "https://files.catbox.moe/3rhgr8.mp3",
        "annId": 5862
    },
    {
        "animeEng": "Dragonar",
        "animeRomaji": "Kiko Senki Dragonar",
        "songName": "Starlight Serenade",
        "artist": "Mami Yamase",
        "type": "Opening 2",
        "correctCount": 3,
        "startTime": 20,
        "songDuration": 89.807436,
        "songNumber": 3,
        "activePlayerCount": 183,
        "LinkVideo": "https://files.catbox.moe/9t7r9m.webm",
        "LinkMp3": "https://files.catbox.moe/x3xybl.mp3",
        "annId": 2185,
        "correctPlayers": [
            "pepis",
            "HungryLosos",
            "Shuuka"
        ]
    },
    {
        "animeEng": "Mr. Osomatsu",
        "animeRomaji": "Osomatsu-san",
        "songName": "Maboroshi Wink",
        "artist": "A\u014cP",
        "type": "Opening 2",
        "correctCount": 23,
        "startTime": 4,
        "songDuration": 88.992,
        "songNumber": 4,
        "activePlayerCount": 185,
        "LinkVideo": "https://files.catbox.moe/y3g7c8.webm",
        "LinkMp3": "https://files.catbox.moe/ctyxfv.mp3",
        "annId": 19741
    },
    {
        "animeEng": "Di Gi Charat Nyo",
        "animeRomaji": "Di Gi Charat Nyo",
        "songName": "Dynamite I.N.G",
        "artist": "Asami Sanada, Miyuki Sawashiro, Kyoko Hikami",
        "type": "Opening 2",
        "correctCount": 10,
        "startTime": 17,
        "songDuration": 91.2,
        "songNumber": 5,
        "activePlayerCount": 185,
        "LinkVideo": "https://files.catbox.moe/ebwndi.webm",
        "LinkMp3": "https://files.catbox.moe/8z3sho.mp3",
        "annId": 2545
    },
    {
        "animeEng": "Bakugan Battle Brawlers",
        "animeRomaji": "Bakugan Battle Brawlers",
        "songName": "Number One Battle Brawlers",
        "artist": "Psychic Lover",
        "type": "Opening 1",
        "correctCount": 63,
        "startTime": 24,
        "songDuration": 88.944,
        "songNumber": 6,
        "activePlayerCount": 185,
        "LinkVideo": "https://files.catbox.moe/wc4vy3.webm",
        "LinkMp3": "https://files.catbox.moe/x7dx85.mp3",
        "annId": 7738
    },
    {
        "animeEng": "Riding Bean",
        "animeRomaji": "Riding Bean",
        "songName": "ROAD BUSTER",
        "artist": "Phil Perry",
        "type": "Opening 1",
        "correctCount": 35,
        "startTime": 92,
        "songDuration": 194.661144,
        "songNumber": 7,
        "activePlayerCount": 185,
        "LinkVideo": "https://files.catbox.moe/86zdg0.webm",
        "LinkMp3": "https://files.catbox.moe/vax325.mp3",
        "annId": 360
    },
    {
        "animeEng": "Disgaea",
        "animeRomaji": "Makai Senki Disgaea",
        "songName": "Aishitageru",
        "artist": "LOVERIN TAMBURIN",
        "type": "Opening 1",
        "correctCount": 13,
        "startTime": 18,
        "songDuration": 88.8,
        "songNumber": 8,
        "activePlayerCount": 183,
        "LinkVideo": "https://files.catbox.moe/z7gok1.webm",
        "LinkMp3": "https://files.catbox.moe/fqn6qr.mp3",
        "annId": 6094
    },
    {
        "animeEng": "Aikatsu!",
        "animeRomaji": "Aikatsu!",
        "songName": "Magical Time",
        "artist": "Yuna from STAR\u2606ANIS",
        "type": "Insert Song",
        "correctCount": 53,
        "startTime": 3,
        "songDuration": 39.768,
        "songNumber": 9,
        "activePlayerCount": 182,
        "LinkVideo": "https://files.catbox.moe/isnfls.webm",
        "LinkMp3": "https://files.catbox.moe/js496v.mp3",
        "annId": 16824
    },
    {
        "animeEng": "Hanasakeru Seish\u014dnen",
        "animeRomaji": "Hanasakeru Seish\u014dnen",
        "songName": "Change",
        "artist": "J-Min",
        "type": "Opening 1",
        "correctCount": 19,
        "startTime": 17,
        "songDuration": 84.072,
        "songNumber": 10,
        "activePlayerCount": 181,
        "LinkVideo": "https://files.catbox.moe/9tf4ia.webm",
        "LinkMp3": "https://files.catbox.moe/up7fl2.mp3",
        "annId": 10510
    },
    {
        "animeEng": "Augmented Reality Girls Trinary",
        "animeRomaji": "Kakuch\u014d Sh\u014djo-kei Trinary",
        "songName": "Tectra! -Yumemille feuille guruRemiX.-",
        "artist": "TRINARY",
        "type": "Opening 1",
        "correctCount": 24,
        "startTime": 28,
        "songDuration": 85.536,
        "songNumber": 11,
        "activePlayerCount": 180,
        "LinkVideo": "https://files.catbox.moe/p7aagz.webm",
        "LinkMp3": "https://files.catbox.moe/2gkk35.mp3",
        "annId": 19772
    },
    {
        "animeEng": "JoJo's Bizarre Adventure: Diamond Is Unbreakable",
        "animeRomaji": "JoJo no Kimy\u014d na B\u014dken: Diamond wa Kudakenai",
        "songName": "Great Days -Units Ver.-",
        "artist": "JO\u2606UNITED",
        "type": "Ending 2",
        "correctCount": 121,
        "startTime": 76,
        "songDuration": 235.08,
        "songNumber": 12,
        "activePlayerCount": 179,
        "LinkVideo": "https://files.catbox.moe/see5s1.webm",
        "LinkMp3": "https://files.catbox.moe/oh865f.mp3",
        "annId": 17832
    },
    {
        "animeEng": "R-15",
        "animeRomaji": "R-15",
        "songName": "Shiny Memories",
        "artist": "Nanami Kashiyama",
        "type": "Insert Song",
        "correctCount": 8,
        "startTime": 3,
        "songDuration": 37.19835,
        "songNumber": 13,
        "activePlayerCount": 180,
        "LinkVideo": "https://files.catbox.moe/6sjsyw.webm",
        "LinkMp3": "https://files.catbox.moe/xstoh1.mp3",
        "annId": 12895
    },
    {
        "animeEng": "Princess Jellyfish",
        "animeRomaji": "Kuragehime",
        "songName": "Koko dake no Hanashi",
        "artist": "Chatmonchy",
        "type": "Opening 1",
        "correctCount": 56,
        "startTime": 6,
        "songDuration": 90.072,
        "songNumber": 14,
        "activePlayerCount": 180,
        "LinkVideo": "https://files.catbox.moe/nnum19.webm",
        "LinkMp3": "https://files.catbox.moe/94ped6.mp3",
        "annId": 11282
    },
    {
        "animeEng": "Lupin III: Italian Game",
        "animeRomaji": "Lupin Sansei: Italian Game",
        "songName": "Melancholy Baby",
        "artist": "Shiori Sasaki",
        "type": "Insert Song",
        "correctCount": 6,
        "startTime": 147,
        "songDuration": 200.832,
        "songNumber": 15,
        "activePlayerCount": 179,
        "LinkVideo": "https://files.catbox.moe/inytc6.webm",
        "LinkMp3": "https://files.catbox.moe/mpbz7z.mp3",
        "annId": 18469
    },
    {
        "animeEng": "Saiyuki Reload",
        "animeRomaji": "Saiyuki Reload",
        "songName": "ID",
        "artist": "flow-war",
        "type": "Ending 1",
        "correctCount": 4,
        "startTime": 53,
        "songDuration": 87.744,
        "songNumber": 16,
        "activePlayerCount": 179,
        "LinkVideo": "https://files.catbox.moe/do7v1n.webm",
        "LinkMp3": "https://files.catbox.moe/45gm6h.mp3",
        "annId": 2693,
        "correctPlayers": [
            "Stormross",
            "TowaSamaTenshi",
            "gro42",
            "theyingster"
        ]
    },
    {
        "animeEng": "Miami Guns",
        "animeRomaji": "Miami Guns",
        "songName": "SEEDS",
        "artist": "Lastier",
        "type": "Opening 1",
        "correctCount": 2,
        "startTime": 4,
        "songDuration": 94.152,
        "songNumber": 17,
        "activePlayerCount": 180,
        "LinkVideo": "https://files.catbox.moe/ktin5z.webm",
        "LinkMp3": "https://files.catbox.moe/i672a9.mp3",
        "annId": 2596,
        "correctPlayers": [
            "watashiii",
            "shadowpandax"
        ]
    },
    {
        "animeEng": "Black Jack",
        "animeRomaji": "Black Jack",
        "songName": "San Merida no Komoriuta",
        "artist": "Y\u016bko Mizutani & T\u014dru Furuya",
        "type": "Insert Song",
        "correctCount": 2,
        "startTime": 0,
        "songDuration": 36.504,
        "songNumber": 18,
        "activePlayerCount": 178,
        "LinkVideo": "https://files.catbox.moe/sknobr.webm",
        "LinkMp3": "https://files.catbox.moe/o16xm3.mp3",
        "annId": 525,
        "correctPlayers": [
            "theyingster",
            "Beokros"
        ]
    },
    {
        "animeEng": "Urusei Yatsura",
        "animeRomaji": "Urusei Yatsura",
        "songName": "I, I, You & Ai",
        "artist": "Izumi Kobayashi",
        "type": "Ending 4",
        "correctCount": 36,
        "startTime": 51,
        "songDuration": 86.88,
        "songNumber": 19,
        "activePlayerCount": 179,
        "LinkVideo": "https://files.catbox.moe/rl1d71.webm",
        "LinkMp3": "https://files.catbox.moe/cxadqx.mp3",
        "annId": 90
    },
    {
        "animeEng": "Mikeneko Holmes no Yurei Joshu",
        "animeRomaji": "Mikeneko Holmes no Yurei Joshu",
        "songName": "Anata ni Deaete Yokatta",
        "artist": "Eri Hiramatsu",
        "type": "Ending 1",
        "correctCount": 1,
        "startTime": 110,
        "songDuration": 211.056,
        "songNumber": 20,
        "activePlayerCount": 179,
        "LinkVideo": "https://files.catbox.moe/ldobv4.webm",
        "LinkMp3": "https://files.catbox.moe/2655jm.mp3",
        "annId": 7353,
        "correctPlayers": [
            "Catisam"
        ]
    },
    {
        "animeEng": "Carole & Tuesday",
        "animeRomaji": "Carole & Tuesday",
        "songName": "Round & Laundry",
        "artist": "Nai Br.XX&Celeina Ann",
        "type": "Insert Song",
        "correctCount": 113,
        "startTime": 37,
        "songDuration": 111.072,
        "songNumber": 21,
        "activePlayerCount": 177,
        "LinkVideo": "https://files.catbox.moe/bx9ner.webm",
        "LinkMp3": "https://files.catbox.moe/xpdf2v.mp3",
        "annId": 21557
    },
    {
        "animeEng": "Box of Goblins",
        "animeRomaji": "M\u014dry\u014d no Hako",
        "songName": "Lost in Blue",
        "artist": "Nightmare",
        "type": "Opening 1",
        "correctCount": 39,
        "startTime": 20,
        "songDuration": 73.056,
        "songNumber": 22,
        "activePlayerCount": 178,
        "LinkVideo": "https://files.catbox.moe/9nhfax.webm",
        "LinkMp3": "https://files.catbox.moe/a6evo1.mp3",
        "annId": 10153
    },
    {
        "animeEng": "Haikyu!! Second Season",
        "animeRomaji": "Haikyu!! Second Season",
        "songName": "Hatsunetsu",
        "artist": "tacica",
        "type": "Ending 2",
        "correctCount": 54,
        "startTime": 14,
        "songDuration": 89.568,
        "songNumber": 23,
        "activePlayerCount": 178,
        "LinkVideo": "https://files.catbox.moe/2n0kmp.webm",
        "LinkMp3": "https://files.catbox.moe/yz69hp.mp3",
        "annId": 16660
    },
    {
        "animeEng": "Case Closed",
        "animeRomaji": "Meitantei Conan",
        "songName": "Futari no Byoushin",
        "artist": "Takuto",
        "type": "Ending 51",
        "correctCount": 13,
        "startTime": 38,
        "songDuration": 78.96,
        "songNumber": 24,
        "activePlayerCount": 176,
        "LinkVideo": "https://files.catbox.moe/2ykf23.webm",
        "LinkMp3": "https://files.catbox.moe/mmche2.mp3",
        "annId": 454
    },
    {
        "animeEng": "Ponyo on the Cliff by the Sea",
        "animeRomaji": "Gake no Ue no Ponyo",
        "songName": "Umi no Okaa-san",
        "artist": "Masako Hayashi",
        "type": "Opening 1",
        "correctCount": 59,
        "startTime": 14,
        "songDuration": 133.704,
        "songNumber": 25,
        "activePlayerCount": 176,
        "LinkVideo": "https://files.catbox.moe/ybsb5y.webm",
        "LinkMp3": "https://files.catbox.moe/2qsndn.mp3",
        "annId": 7814
    },
    {
        "animeEng": "number24",
        "animeRomaji": "number24",
        "songName": "COMICAL TRY!!",
        "artist": "Kengo Kawanishi & Junichi Yanagita",
        "type": "Ending 2",
        "correctCount": 10,
        "startTime": 43,
        "songDuration": 87.048,
        "songNumber": 26,
        "activePlayerCount": 176,
        "LinkVideo": "https://files.catbox.moe/2jxqz1.webm",
        "LinkMp3": "https://files.catbox.moe/m3zk8d.mp3",
        "annId": 22011
    },
    {
        "animeEng": "Samurai Jam -Bakumatsu Rock-",
        "animeRomaji": "Bakumatsu Rock",
        "songName": "Jack",
        "artist": "vistlip",
        "type": "Opening 1",
        "correctCount": 12,
        "startTime": 27,
        "songDuration": 88.272,
        "songNumber": 27,
        "activePlayerCount": 175,
        "LinkVideo": "https://files.catbox.moe/8ym95b.webm",
        "LinkMp3": "https://files.catbox.moe/xsk459.mp3",
        "annId": 15992
    },
    {
        "animeEng": "Super Jetter",
        "animeRomaji": "Mirai kara Kita Sh\u014dnen Super Jetter",
        "songName": "Super Jetter",
        "artist": "Kamitakada Shounen Gassh\u014d-dan",
        "type": "Opening 1",
        "correctCount": 5,
        "startTime": 1,
        "songDuration": 65.064,
        "songNumber": 28,
        "activePlayerCount": 174,
        "LinkVideo": "https://files.catbox.moe/g37m6c.webm",
        "LinkMp3": "https://files.catbox.moe/ezt76q.mp3",
        "annId": 2364,
        "correctPlayers": [
            "Akaze",
            "Nippah",
            "asleep",
            "Shuuka",
            "Baguett"
        ]
    },
    {
        "animeEng": "Crayon Shin-chan: Unkokusai no Yab\u014d",
        "animeRomaji": "Crayon Shin-chan: Unkokusai no Yab\u014d",
        "songName": "Ora wa Ninkimono",
        "artist": "Akiko Yajima",
        "type": "Opening 1",
        "correctCount": 149,
        "startTime": 10,
        "songDuration": 62.52,
        "songNumber": 29,
        "activePlayerCount": 175,
        "LinkVideo": "https://files.catbox.moe/cr0oxo.webm",
        "LinkMp3": "https://files.catbox.moe/ybif6y.mp3",
        "annId": 6743
    },
    {
        "animeEng": "Tsukigakirei",
        "animeRomaji": "Tsukigakirei",
        "songName": "Mirai e",
        "artist": "Nao T\u014dyama",
        "type": "Insert Song",
        "correctCount": 61,
        "startTime": 73,
        "songDuration": 144.576,
        "songNumber": 30,
        "activePlayerCount": 175,
        "LinkVideo": "https://files.catbox.moe/md5ks7.webm",
        "LinkMp3": "https://files.catbox.moe/jbdac6.mp3",
        "annId": 19019
    },
    {
        "animeEng": "Inazuma Eleven: Ares Kickoff",
        "animeRomaji": "Inazuma Eleven: Ares no Tenbin",
        "songName": "Teppen e Dash!",
        "artist": "pugcat's",
        "type": "Opening 1",
        "correctCount": 41,
        "startTime": 18,
        "songDuration": 84.008352,
        "songNumber": 31,
        "activePlayerCount": 174,
        "LinkVideo": "https://files.catbox.moe/mgz7z9.webm",
        "LinkMp3": "https://files.catbox.moe/s0xh5e.mp3",
        "annId": 19384
    },
    {
        "animeEng": "Kuttsukiboshi",
        "animeRomaji": "Kuttsukiboshi",
        "songName": "Hatsukoi Kasoku K\u016bkan",
        "artist": "Asami Imai",
        "type": "Ending 1",
        "correctCount": 8,
        "startTime": 47,
        "songDuration": 94.992,
        "songNumber": 32,
        "activePlayerCount": 173,
        "LinkVideo": "https://files.catbox.moe/jokgbh.webm",
        "LinkMp3": "https://files.catbox.moe/n50m2b.mp3",
        "annId": 11634
    },
    {
        "animeEng": "Genius Bakabon",
        "animeRomaji": "Tensai Bakabon",
        "songName": "Tensai Bakabon",
        "artist": "Idol Four",
        "type": "Opening 1",
        "correctCount": 3,
        "startTime": 1,
        "songDuration": 68.064,
        "songNumber": 33,
        "activePlayerCount": 172,
        "LinkVideo": "https://files.catbox.moe/4b3knh.webm",
        "LinkMp3": "https://files.catbox.moe/naspa6.mp3",
        "annId": 1482,
        "correctPlayers": [
            "as880103",
            "theyingster",
            "HDNC"
        ]
    },
    {
        "animeEng": "Mobile Suit Gundam-san",
        "animeRomaji": "Kid\u014d Senshi Gundam-san",
        "songName": "Gundam-san Ondo",
        "artist": "Katsuyuki Konishi, Tsubasa Yonaga, Ryotaro Okiayu, Kazuyuki Okitsu",
        "type": "Ending 1",
        "correctCount": 74,
        "startTime": 0,
        "songDuration": 29.784,
        "songNumber": 34,
        "activePlayerCount": 172,
        "LinkVideo": "https://files.catbox.moe/pmyrd5.webm",
        "LinkMp3": "https://files.catbox.moe/j3r5i4.mp3",
        "annId": 16106
    },
    {
        "animeEng": "Tetsuko no Tabi",
        "animeRomaji": "Tetsuko no Tabi",
        "songName": "Tetsuro ni Sayonara o ~Kurihara Denen Tetsud\u014d~",
        "artist": "SUPER BELL\"Z",
        "type": "Insert Song",
        "correctCount": 0,
        "startTime": 43,
        "songDuration": 80.256,
        "songNumber": 35,
        "activePlayerCount": 172,
        "LinkVideo": "https://files.catbox.moe/inmgw2.webm",
        "LinkMp3": "https://files.catbox.moe/fo5qwv.mp3",
        "annId": 7543
    },
    {
        "animeEng": "Psycho-Pass",
        "animeRomaji": "Psycho-Pass",
        "songName": "Out of Control",
        "artist": "Nothing's Carved in Stone",
        "type": "Opening 2",
        "correctCount": 123,
        "startTime": 21,
        "songDuration": 90.048,
        "songNumber": 36,
        "activePlayerCount": 172,
        "LinkVideo": "https://files.catbox.moe/ioelcx.webm",
        "LinkMp3": "https://files.catbox.moe/17o4c0.mp3",
        "annId": 14195
    },
    {
        "animeEng": "Cute High Earth Defense Club LOVE! LOVE!",
        "animeRomaji": "Binan K\u014dk\u014d Chikyuu B\u014dei-bu Love! Love!",
        "songName": "Just going now!!",
        "artist": "Chiky\u016b B\u014dei-bu",
        "type": "Insert Song",
        "correctCount": 12,
        "startTime": 14,
        "songDuration": 53.664,
        "songNumber": 37,
        "activePlayerCount": 172,
        "LinkVideo": "https://files.catbox.moe/jgcfeg.webm",
        "LinkMp3": "https://files.catbox.moe/h2m5qy.mp3",
        "annId": 18235
    },
    {
        "animeEng": "Life Lessons with Uramichi Oniisan",
        "animeRomaji": "Uramichi Onii-san",
        "songName": "ABC Taisou",
        "artist": "Mamoru Miyano & Nana Mizuki",
        "type": "Opening 1",
        "correctCount": 72,
        "startTime": 53,
        "songDuration": 89.304,
        "songNumber": 38,
        "activePlayerCount": 172,
        "LinkVideo": "https://files.catbox.moe/965wbu.webm",
        "LinkMp3": "https://files.catbox.moe/1vf3dt.mp3",
        "annId": 22938
    },
    {
        "animeEng": "Kodomo no Jikan: Anata ga Watashi ni Kureta Mono",
        "animeRomaji": "Kodomo no Jikan: Anata ga Watashi ni Kureta Mono",
        "songName": "Aijou\u25ceEducation",
        "artist": "Little Non",
        "type": "Ending 1",
        "correctCount": 5,
        "startTime": 51,
        "songDuration": 89.16,
        "songNumber": 39,
        "activePlayerCount": 170,
        "LinkVideo": "https://files.catbox.moe/oe6976.webm",
        "LinkMp3": "https://files.catbox.moe/dq5ar5.mp3",
        "annId": 9748,
        "correctPlayers": [
            "theyingster",
            "uy5gf",
            "bang463",
            "Janoxx",
            "HDNC"
        ]
    },
    {
        "animeEng": "Stop! Hibari-kun",
        "animeRomaji": "Stop! Hibari-kun",
        "songName": "Stop! Hibari-kun!",
        "artist": "Yuki Yukino",
        "type": "Opening 1",
        "correctCount": 110,
        "startTime": 53,
        "songDuration": 90.864,
        "songNumber": 40,
        "activePlayerCount": 171,
        "LinkVideo": "https://files.catbox.moe/vjymx5.webm",
        "LinkMp3": "https://files.catbox.moe/rbo9xk.mp3",
        "annId": 1524
    },
    {
        "animeEng": "Moomin",
        "animeRomaji": "Muumin",
        "songName": "Nee! Moomin",
        "artist": "Toshiko Fujita",
        "type": "Opening 1",
        "correctCount": 22,
        "startTime": 13,
        "songDuration": 67.824,
        "songNumber": 41,
        "activePlayerCount": 170,
        "LinkVideo": "https://files.catbox.moe/kbeo7r.webm",
        "LinkMp3": "https://files.catbox.moe/5roe1z.mp3",
        "annId": 431
    },
    {
        "animeEng": "Yuruyuri San Hai!",
        "animeRomaji": "Yuruyuri San Hai!",
        "songName": "Acchu~ma Seishun!",
        "artist": "Nanamori Ch\u016b\u2606Goraku-bu",
        "type": "Ending 1",
        "correctCount": 48,
        "startTime": 51,
        "songDuration": 89.496,
        "songNumber": 42,
        "activePlayerCount": 170,
        "LinkVideo": "https://files.catbox.moe/zerekn.webm",
        "LinkMp3": "https://files.catbox.moe/g0tlde.mp3",
        "annId": 16843
    },
    {
        "animeEng": "Theatre of Darkness: Yamishibai",
        "animeRomaji": "Yami Shibai",
        "songName": "Yawarakai Kamen",
        "artist": "Ai Higuchi",
        "type": "Ending 1",
        "correctCount": 23,
        "startTime": 4,
        "songDuration": 39.36,
        "songNumber": 43,
        "activePlayerCount": 170,
        "LinkVideo": "https://files.catbox.moe/9ozbkt.webm",
        "LinkMp3": "https://files.catbox.moe/kr7r2o.mp3",
        "annId": 19761
    },
    {
        "animeEng": "Nakoruru: Ano Hito kara no Okurimono",
        "animeRomaji": "Nakoruru: Ano Hito kara no Okurimono",
        "songName": "Fujo no Denshoubai",
        "artist": "Harumi Ikoma",
        "type": "Ending 1",
        "correctCount": 4,
        "startTime": 83,
        "songDuration": 123.288,
        "songNumber": 44,
        "activePlayerCount": 169,
        "LinkVideo": "https://files.catbox.moe/fx2zac.webm",
        "LinkMp3": "https://files.catbox.moe/xya74o.mp3",
        "annId": 2147,
        "correctPlayers": [
            "Nippah",
            "Freira_Jesus",
            "watashiii",
            "yotsuyaiba"
        ]
    },
    {
        "animeEng": "Cutie Honey Universe",
        "animeRomaji": "Cutie Honey Universe",
        "songName": "Ai ga Nakucha Tatakaenai",
        "artist": "A\u014cP",
        "type": "Opening 1",
        "correctCount": 9,
        "startTime": 10,
        "songDuration": 88.896,
        "songNumber": 45,
        "activePlayerCount": 170,
        "LinkVideo": "https://files.catbox.moe/qhj8dx.webm",
        "LinkMp3": "https://files.catbox.moe/bjw6tf.mp3",
        "annId": 20543
    },
    {
        "animeEng": "The Quintessential Quintuplets 2",
        "animeRomaji": "Got\u014dbun no Hanayome \u222c",
        "songName": "Got\u014dbun no Kimochi",
        "artist": "Nakano-ke no Itsutsugo",
        "type": "Ending 2",
        "correctCount": 114,
        "startTime": 26,
        "songDuration": 89.64,
        "songNumber": 46,
        "activePlayerCount": 170,
        "LinkVideo": "https://files.catbox.moe/uvqani.webm",
        "LinkMp3": "https://files.catbox.moe/nhgbqc.mp3",
        "annId": 22925
    },
    {
        "animeEng": "Mewkledreamy Mix!",
        "animeRomaji": "Mewkledreamy Mix!",
        "songName": "Fure! Fure! Dreamy Jump!",
        "artist": "Icchi & Naru",
        "type": "Opening 1",
        "correctCount": 13,
        "startTime": 56,
        "songDuration": 89.208,
        "songNumber": 47,
        "activePlayerCount": 169,
        "LinkVideo": "https://files.catbox.moe/uf9o91.webm",
        "LinkMp3": "https://files.catbox.moe/uct1qk.mp3",
        "annId": 24065
    },
    {
        "animeEng": "Her Blue Sky",
        "animeRomaji": "Sora no Aosa o Shiru Hito yo",
        "songName": "Gandhara (Aoi Version)",
        "artist": "Shion Wakayama",
        "type": "Insert Song",
        "correctCount": 23,
        "startTime": 20,
        "songDuration": 65.52,
        "songNumber": 48,
        "activePlayerCount": 170,
        "LinkVideo": "https://files.catbox.moe/38b9ja.webm",
        "LinkMp3": "https://files.catbox.moe/vna35d.mp3",
        "annId": 22015
    },
    {
        "animeEng": "Rage of Bahamut: Genesis",
        "animeRomaji": "Shingeki no Bahamut Genesis",
        "songName": "EXiSTENCE",
        "artist": "SiM",
        "type": "Opening 1",
        "correctCount": 91,
        "startTime": 10,
        "songDuration": 89.712,
        "songNumber": 49,
        "activePlayerCount": 169,
        "LinkVideo": "https://files.catbox.moe/kd57ng.webm",
        "LinkMp3": "https://files.catbox.moe/vz7256.mp3",
        "annId": 15791
    },
    {
        "animeEng": "Kizuna: Much Ado About Nothing",
        "animeRomaji": "Kizuna: Koi no Kara Sawagi",
        "songName": "Aisuru dake ja Tarinai yo",
        "artist": "Masayuki Okano",
        "type": "Opening 1",
        "correctCount": 2,
        "startTime": 45,
        "songDuration": 90.264,
        "songNumber": 50,
        "activePlayerCount": 169,
        "LinkVideo": "https://files.catbox.moe/mvv0r2.webm",
        "LinkMp3": "https://files.catbox.moe/8v1qs5.mp3",
        "annId": 2986,
        "correctPlayers": [
            "TowaSamaTenshi",
            "DHancock"
        ]
    },
    {
        "animeEng": "Tari Tari",
        "animeRomaji": "Tari Tari",
        "songName": "Itsumademo Kagayaki wo",
        "artist": "Shirahamazaka High School Chorus Club",
        "type": "Ending 1",
        "correctCount": 13,
        "startTime": 90,
        "songDuration": 230.352,
        "songNumber": 51,
        "activePlayerCount": 169,
        "LinkVideo": "https://files.catbox.moe/xnb2us.webm",
        "LinkMp3": "https://files.catbox.moe/xmg5bn.mp3",
        "annId": 23330
    },
    {
        "animeEng": "Leave it to Piyoko!",
        "animeRomaji": "Piyoko ni Omakase pyo!",
        "songName": "We are THE ONE!",
        "artist": "P.K.O",
        "type": "Opening 1",
        "correctCount": 5,
        "startTime": 35,
        "songDuration": 90.432,
        "songNumber": 52,
        "activePlayerCount": 170,
        "LinkVideo": "https://files.catbox.moe/693djw.webm",
        "LinkMp3": "https://files.catbox.moe/chqvhd.mp3",
        "annId": 1971,
        "correctPlayers": [
            "theyingster",
            "Freira_Jesus",
            "uy5gf",
            "Shuuka",
            "watashiii"
        ]
    },
    {
        "animeEng": "Har\u00e9+Guu Deluxe",
        "animeRomaji": "Jungle wa Itsumo Hare Nochi Guu Deluxe",
        "songName": "LOVE\u2606Tropicana Deluxe",
        "artist": "Sister MAYO",
        "type": "Opening 1",
        "correctCount": 47,
        "startTime": 45,
        "songDuration": 81.264,
        "songNumber": 53,
        "activePlayerCount": 170,
        "LinkVideo": "https://files.catbox.moe/o8gv6p.webm",
        "LinkMp3": "https://files.catbox.moe/b556c3.mp3",
        "annId": 2024
    },
    {
        "animeEng": "Dash! Yonkur\u014d",
        "animeRomaji": "Dash! Yonkur\u014d",
        "songName": "Be Top",
        "artist": "Taku Kitahara",
        "type": "Opening 1",
        "correctCount": 3,
        "startTime": 6,
        "songDuration": 64.656,
        "songNumber": 54,
        "activePlayerCount": 170,
        "LinkVideo": "https://files.catbox.moe/fwh7eu.webm",
        "LinkMp3": "https://files.catbox.moe/84qtwp.mp3",
        "annId": 2177,
        "correctPlayers": [
            "Catisam",
            "theyingster",
            "watashiii"
        ]
    },
    {
        "animeEng": "Tristia of the Deep Blue Sea",
        "animeRomaji": "Aoi Umi no Tristia",
        "songName": "DO your dream",
        "artist": "Sakura Nogawa",
        "type": "Opening 1",
        "correctCount": 6,
        "startTime": 27,
        "songDuration": 89.650704,
        "songNumber": 55,
        "activePlayerCount": 170,
        "LinkVideo": "https://files.catbox.moe/u2p6i5.webm",
        "LinkMp3": "https://files.catbox.moe/h0vnmx.mp3",
        "annId": 3431
    },
    {
        "animeEng": "Snow White with the Red Hair: Nandemonai Takaramono, Kono Page",
        "animeRomaji": "Akagami no Shirayuki-hime: Nandemonai Takaramono, Kono Page",
        "songName": "Yasashii Kib\u014d",
        "artist": "Saori Hayami",
        "type": "Opening 1",
        "correctCount": 94,
        "startTime": 11,
        "songDuration": 89.112,
        "songNumber": 56,
        "activePlayerCount": 168,
        "LinkVideo": "https://files.catbox.moe/p4859c.webm",
        "LinkMp3": "https://files.catbox.moe/io8oex.mp3",
        "annId": 23351
    },
    {
        "animeEng": "The Ones Within",
        "animeRomaji": "Naka no Hito Genome [Jikky\u014dchuu]",
        "songName": "Shunmin ~Bokura no Sakura~",
        "artist": "Takuma Terashima",
        "type": "Insert Song",
        "correctCount": 4,
        "startTime": 55,
        "songDuration": 88.776,
        "songNumber": 57,
        "activePlayerCount": 168,
        "LinkVideo": "https://files.catbox.moe/2bau3f.webm",
        "LinkMp3": "https://files.catbox.moe/7uxxe0.mp3",
        "annId": 23076,
        "correctPlayers": [
            "neoburnz",
            "Freira_Jesus",
            "ewic",
            "Shuuka"
        ]
    },
    {
        "animeEng": "One Piece",
        "animeRomaji": "One Piece",
        "songName": "Souchi no Suke",
        "artist": "Suitei Shoujo",
        "type": "Ending 4",
        "correctCount": 11,
        "startTime": 15,
        "songDuration": 70.842864,
        "songNumber": 58,
        "activePlayerCount": 168,
        "LinkVideo": "https://files.catbox.moe/y5gbi5.webm",
        "LinkMp3": "https://files.catbox.moe/cornlq.mp3",
        "annId": 836
    },
    {
        "animeEng": "Asura Cryin'",
        "animeRomaji": "Asura Cryin'",
        "songName": "Spiral",
        "artist": "angela",
        "type": "Opening 1",
        "correctCount": 43,
        "startTime": 15,
        "songDuration": 88.848,
        "songNumber": 59,
        "activePlayerCount": 168,
        "LinkVideo": "https://files.catbox.moe/nahpna.webm",
        "LinkMp3": "https://files.catbox.moe/76q1y5.mp3",
        "annId": 10380
    },
    {
        "animeEng": "Boruto: Naruto the Movie",
        "animeRomaji": "Boruto: Naruto the Movie",
        "songName": "Diver",
        "artist": "KANA-BOON",
        "type": "Ending 1",
        "correctCount": 57,
        "startTime": 61,
        "songDuration": 269.568,
        "songNumber": 60,
        "activePlayerCount": 169,
        "LinkVideo": "https://files.catbox.moe/khwago.webm",
        "LinkMp3": "https://files.catbox.moe/of2xnw.mp3",
        "annId": 16924
    },
    {
        "animeEng": "Waresho! Warera! Sh\u014dd\u014dbutsu Aigo Iinkai",
        "animeRomaji": "Waresho! Warera! Sh\u014dd\u014dbutsu Aigo Iinkai",
        "songName": "Suki yo",
        "artist": "Waresho",
        "type": "Opening 1",
        "correctCount": 7,
        "startTime": 0,
        "songDuration": 29.568,
        "songNumber": 61,
        "activePlayerCount": 169,
        "LinkVideo": "https://files.catbox.moe/7j9hou.webm",
        "LinkMp3": "https://files.catbox.moe/csgsdz.mp3",
        "annId": 22275
    },
    {
        "animeEng": "Mitchiri Neko",
        "animeRomaji": "Mitchiri Neko",
        "songName": "Mitchiri Neko March 2",
        "artist": "Tetsuya Kobayashi",
        "type": "Ending 1",
        "correctCount": 33,
        "startTime": 23,
        "songDuration": 61.752408,
        "songNumber": 62,
        "activePlayerCount": 170,
        "LinkVideo": "https://files.catbox.moe/n0m7e7.webm",
        "LinkMp3": "https://files.catbox.moe/ybbarp.mp3",
        "annId": 20462
    },
    {
        "animeEng": "Cross Game",
        "animeRomaji": "Cross Game",
        "songName": "Koi Kogarete Mita Yume",
        "artist": "Ayaka",
        "type": "Ending 1",
        "correctCount": 9,
        "startTime": 50,
        "songDuration": 91.008,
        "songNumber": 63,
        "activePlayerCount": 170,
        "LinkVideo": "https://files.catbox.moe/6e63kc.webm",
        "LinkMp3": "https://files.catbox.moe/5if6se.mp3",
        "annId": 10580
    },
    {
        "animeEng": "He Is My Master",
        "animeRomaji": "Kore ga Watashi no Goshujin-sama",
        "songName": "Aijou no Katamari",
        "artist": "Masumi Asano, Ai Shimizu, Kana Ueda",
        "type": "Ending 1",
        "correctCount": 11,
        "startTime": 30,
        "songDuration": 87.912,
        "songNumber": 64,
        "activePlayerCount": 170,
        "LinkVideo": "https://files.catbox.moe/yekqx6.webm",
        "LinkMp3": "https://files.catbox.moe/9wfvfp.mp3",
        "annId": 4672
    },
    {
        "animeEng": "RIN-NE 2",
        "animeRomaji": "Ky\u014dkai no Rinne",
        "songName": "Ainii",
        "artist": "CreepHyp",
        "type": "Opening 2",
        "correctCount": 21,
        "startTime": 44,
        "songDuration": 88.08,
        "songNumber": 65,
        "activePlayerCount": 170,
        "LinkVideo": "https://files.catbox.moe/783faa.webm",
        "LinkMp3": "https://files.catbox.moe/r6l0c9.mp3",
        "annId": 17656
    },
    {
        "animeEng": "Macross 7 the Movie: The Galaxy's Calling Me!",
        "animeRomaji": "Gekij\u014dban Macross 7: Ginga ga Ore o Yondeiru!",
        "songName": "FLASH IN THE DARK",
        "artist": "Mica Okudoi",
        "type": "Insert Song",
        "correctCount": 2,
        "startTime": 22,
        "songDuration": 68.256786,
        "songNumber": 66,
        "activePlayerCount": 170,
        "LinkVideo": "https://files.catbox.moe/z0r8kt.webm",
        "LinkMp3": "https://files.catbox.moe/rc2p53.mp3",
        "annId": 941,
        "correctPlayers": [
            "Beokros",
            "TKN"
        ]
    },
    {
        "animeEng": "M.D. Geist II: Death Force",
        "animeRomaji": "S\u014dkihei M.D. Geist 2",
        "songName": "Tsuki ga Naiteru",
        "artist": "Yoshiaki Ohuchi",
        "type": "Opening 1",
        "correctCount": 6,
        "startTime": 6,
        "songDuration": 118.92,
        "songNumber": 67,
        "activePlayerCount": 170,
        "LinkVideo": "https://files.catbox.moe/p5xqp2.webm",
        "LinkMp3": "https://files.catbox.moe/f1sx03.mp3",
        "annId": 957
    },
    {
        "animeEng": "Eiga Precure Dream Stars!",
        "animeRomaji": "Eiga Precure Dream Stars!",
        "songName": "Kimi o Yobu Basho",
        "artist": "Yoshino Kimura",
        "type": "Ending 1",
        "correctCount": 1,
        "startTime": 70,
        "songDuration": 134.544,
        "songNumber": 68,
        "activePlayerCount": 169,
        "LinkVideo": "https://files.catbox.moe/m2omxf.webm",
        "LinkMp3": "https://files.catbox.moe/m92qvg.mp3",
        "annId": 19257,
        "correctPlayers": [
            "Haruka_Luka"
        ]
    },
    {
        "animeEng": "Bounty Hunter: The Hard",
        "animeRomaji": "Bounty Hunter: The Hard",
        "songName": "Silencer",
        "artist": "Masakatsu Funaki",
        "type": "Ending 1",
        "correctCount": 2,
        "startTime": 143,
        "songDuration": 192.552,
        "songNumber": 69,
        "activePlayerCount": 169,
        "LinkVideo": "https://files.catbox.moe/wpxv62.webm",
        "LinkMp3": "https://files.catbox.moe/2onyaf.mp3",
        "annId": 3296,
        "correctPlayers": [
            "neoburnz",
            "Catisam"
        ]
    },
    {
        "animeEng": "Kemono Friends 2",
        "animeRomaji": "Kemono Friends 2",
        "songName": "Notteke! Japaribeat",
        "artist": "D\u014dbutsu Biscuits\u00d7PPP",
        "type": "Opening 1",
        "correctCount": 79,
        "startTime": 6,
        "songDuration": 90.072,
        "songNumber": 70,
        "activePlayerCount": 169,
        "LinkVideo": "https://files.catbox.moe/cfm4vw.webm",
        "LinkMp3": "https://files.catbox.moe/1eo9z2.mp3",
        "annId": 21589
    },
    {
        "animeEng": "Gasshin Sentai Mechander Robo",
        "animeRomaji": "Gasshin Sentai Mechander Robo",
        "songName": "Tri-Attack! Mechander Robo",
        "artist": "Ichiro Mizuki & Columbia Yurikago-kai",
        "type": "Opening 1",
        "correctCount": 49,
        "startTime": 30,
        "songDuration": 82.056,
        "songNumber": 71,
        "activePlayerCount": 169,
        "LinkVideo": "https://files.catbox.moe/dpvfr8.webm",
        "LinkMp3": "https://files.catbox.moe/lzhrn3.mp3",
        "annId": 2210
    },
    {
        "animeEng": "Coji-Coji",
        "animeRomaji": "Sakura Momoko Gekij\u014d: Cojicoji",
        "songName": "Shinu Hodo Koishite ~Johnny, Johnny~",
        "artist": "Hideki Kaji",
        "type": "Ending 2",
        "correctCount": 1,
        "startTime": 47,
        "songDuration": 88.68,
        "songNumber": 72,
        "activePlayerCount": 168,
        "LinkVideo": "https://files.catbox.moe/ivy7rs.webm",
        "LinkMp3": "https://files.catbox.moe/dsl9k4.mp3",
        "annId": 3160,
        "correctPlayers": [
            "Catisam"
        ]
    },
    {
        "animeEng": "+Tic Elder Sister",
        "animeRomaji": "Plastic Nee-san",
        "songName": "Plastic\u2606Shikou",
        "artist": "ULTRA-PRISM",
        "type": "Opening 1",
        "correctCount": 67,
        "startTime": 12,
        "songDuration": 89.256,
        "songNumber": 73,
        "activePlayerCount": 169,
        "LinkVideo": "https://files.catbox.moe/feq6os.webm",
        "LinkMp3": "https://files.catbox.moe/dr6grx.mp3",
        "annId": 13019
    },
    {
        "animeEng": "The Quintessential Quintuplets",
        "animeRomaji": "Got\u014dbun no Hanayome",
        "songName": "Got\u014dbun no Kimochi",
        "artist": "Nakano-ke no Itsutsugo",
        "type": "Opening 1",
        "correctCount": 132,
        "startTime": 0,
        "songDuration": 89.064,
        "songNumber": 74,
        "activePlayerCount": 169,
        "LinkVideo": "https://files.catbox.moe/uctz6h.webm",
        "LinkMp3": "https://files.catbox.moe/p6wnbe.mp3",
        "annId": 21514
    },
    {
        "animeEng": "Lupin III vs. Detective Conan The Movie",
        "animeRomaji": "Lupin Sansei vs Meitantei Conan The Movie",
        "songName": "wonderland",
        "artist": "99RadioService",
        "type": "Insert Song",
        "correctCount": 13,
        "startTime": 57,
        "songDuration": 98.952,
        "songNumber": 75,
        "activePlayerCount": 167,
        "LinkVideo": "https://files.catbox.moe/8jhqkv.webm",
        "LinkMp3": "https://files.catbox.moe/ha080j.mp3",
        "annId": 15284
    }
]