[
    {
        "animeEng": "Iron Man 28 FX",
        "animeRomaji": "Tetsujin 28-go FX",
        "songName": "Future Hero",
        "artist": "Satoko Shimizu",
        "type": "Opening 2",
        "correctCount": 3,
        "startTime": 37,
        "songDuration": 103.08,
        "songNumber": 1,
        "activePlayerCount": 221,
        "LinkVideo": "https://files.catbox.moe/ytgtol.webm",
        "LinkMp3": "https://files.catbox.moe/3uiun3.mp3",
        "annId": 2456,
        "correctPlayers": [
            "Catisam",
            "Zurer",
            "ozsauce"
        ]
    },
    {
        "animeEng": "Maze: The Mega-Burst Space",
        "animeRomaji": "Maze\u2606Bakunetsu Jik\u016b",
        "songName": "JUNK BOY",
        "artist": "KAORI 2 LUV",
        "type": "Ending 1",
        "correctCount": 6,
        "startTime": 41,
        "songDuration": 112.08,
        "songNumber": 2,
        "activePlayerCount": 221,
        "LinkVideo": "https://files.catbox.moe/f730tk.webm",
        "LinkMp3": "https://files.catbox.moe/s5j501.mp3",
        "annId": 44
    },
    {
        "animeEng": "number24",
        "animeRomaji": "number24",
        "songName": "Kimi to Iru nara",
        "artist": "Kengo Kawanishi & Ry\u014dta Suzuki",
        "type": "Ending 1",
        "correctCount": 8,
        "startTime": 1,
        "songDuration": 89.736,
        "songNumber": 3,
        "activePlayerCount": 221,
        "LinkVideo": "https://files.catbox.moe/ed9geu.webm",
        "LinkMp3": "https://files.catbox.moe/e3ymel.mp3",
        "annId": 22011
    },
    {
        "animeEng": "Generator Gawl",
        "animeRomaji": "Generator Gawl",
        "songName": "I WANT OUT",
        "artist": "Yuki Saga",
        "type": "Opening 1",
        "correctCount": 15,
        "startTime": 59,
        "songDuration": 97.056,
        "songNumber": 4,
        "activePlayerCount": 220,
        "LinkVideo": "https://files.catbox.moe/k9mkv1.webm",
        "LinkMp3": "https://files.catbox.moe/21nw0r.mp3",
        "annId": 265
    },
    {
        "animeEng": "Guilty Crown: Lost Christmas",
        "animeRomaji": "Guilty Crown: Lost Christmas",
        "songName": "Planetes",
        "artist": "EGOIST",
        "type": "Ending 1",
        "correctCount": 20,
        "startTime": 4,
        "songDuration": 172.632,
        "songNumber": 5,
        "activePlayerCount": 221,
        "LinkVideo": "https://files.catbox.moe/e0trwk.webm",
        "LinkMp3": "https://files.catbox.moe/qtck64.mp3",
        "annId": 15217
    },
    {
        "animeEng": "Dance with Devils",
        "animeRomaji": "Dance with Devils",
        "songName": "Yoru wa Akenai",
        "artist": "Grimoire ensemble",
        "type": "Insert Song",
        "correctCount": 2,
        "startTime": 0,
        "songDuration": 27.384,
        "songNumber": 6,
        "activePlayerCount": 218,
        "LinkVideo": "https://files.catbox.moe/3q1t5g.webm",
        "LinkMp3": "https://files.catbox.moe/p8hrn1.mp3",
        "annId": 16781,
        "correctPlayers": [
            "nikkou",
            "Shuuka"
        ]
    },
    {
        "animeEng": "Nanatsu-iro\u2605Drops",
        "animeRomaji": "Nanatsu-iro\u2605Drops",
        "songName": "Koisuru\u2605Fluorite",
        "artist": "Akira",
        "type": "Ending 2",
        "correctCount": 7,
        "startTime": 133,
        "songDuration": 249.048,
        "songNumber": 7,
        "activePlayerCount": 218,
        "LinkVideo": "https://files.catbox.moe/9l0v5r.webm",
        "LinkMp3": "https://files.catbox.moe/6jdqyz.mp3",
        "annId": 7645
    },
    {
        "animeEng": "Detective Conan: Conan and Kid and Crystal Mother",
        "animeRomaji": "Meitantei Conan: Conan to Kid to Crystal Mother",
        "songName": "Nemuru Kimi no Yokogao ni Hohoemi o",
        "artist": "U-ka saegusa IN db",
        "type": "Ending 1",
        "correctCount": 53,
        "startTime": 29,
        "songDuration": 84.048,
        "songNumber": 8,
        "activePlayerCount": 217,
        "LinkVideo": "https://files.catbox.moe/o41946.webm",
        "LinkMp3": "https://files.catbox.moe/rmf31s.mp3",
        "annId": 5143
    },
    {
        "animeEng": "Kik\u014d Sennyo Rouran",
        "animeRomaji": "Kik\u014d Sennyo Rouran",
        "songName": "Iroha Uta",
        "artist": "Myca Motomiya",
        "type": "Ending 1",
        "correctCount": 6,
        "startTime": 1,
        "songDuration": 60.0806,
        "songNumber": 9,
        "activePlayerCount": 216,
        "LinkVideo": "https://files.catbox.moe/9k0ktq.webm",
        "LinkMp3": "https://files.catbox.moe/evu6y9.mp3",
        "annId": 2164
    },
    {
        "animeEng": "Princess Comet",
        "animeRomaji": "Cosmic Baton Girl Comet-san",
        "songName": "Miracle Power ~Stardust Vesion~",
        "artist": "Shizuka Nakayama",
        "type": "Opening 2",
        "correctCount": 7,
        "startTime": 35,
        "songDuration": 88.608,
        "songNumber": 10,
        "activePlayerCount": 215,
        "LinkVideo": "https://files.catbox.moe/h097on.webm",
        "LinkMp3": "https://files.catbox.moe/04kkr3.mp3",
        "annId": 1195
    },
    {
        "animeEng": "Super Jetter",
        "animeRomaji": "Mirai kara Kita Sh\u014dnen Super Jetter",
        "songName": "Super Jetter",
        "artist": "Kamitakada Shounen Gassh\u014d-dan",
        "type": "Opening 1",
        "correctCount": 23,
        "startTime": 31,
        "songDuration": 65.064,
        "songNumber": 11,
        "activePlayerCount": 215,
        "LinkVideo": "https://files.catbox.moe/g37m6c.webm",
        "LinkMp3": "https://files.catbox.moe/ezt76q.mp3",
        "annId": 2364
    },
    {
        "animeEng": "Code Geass: Lelouch of the Rebellion Remake Movies",
        "animeRomaji": "Code Geass: Hangyaku no Lelouch Remake Movies",
        "songName": "Mosaic Kakera",
        "artist": "SunSet Swish",
        "type": "Insert Song",
        "correctCount": 75,
        "startTime": 0,
        "songDuration": 94.656,
        "songNumber": 12,
        "activePlayerCount": 214,
        "LinkVideo": "https://files.catbox.moe/wd09hs.webm",
        "LinkMp3": "https://files.catbox.moe/wtxwew.mp3",
        "annId": 20158
    },
    {
        "animeEng": "Gasshin Sentai Mechander Robo",
        "animeRomaji": "Gasshin Sentai Mechander Robo",
        "songName": "Tri-Attack! Mechander Robo",
        "artist": "Ichiro Mizuki & Columbia Yurikago-kai",
        "type": "Opening 1",
        "correctCount": 61,
        "startTime": 46,
        "songDuration": 82.056,
        "songNumber": 13,
        "activePlayerCount": 213,
        "LinkVideo": "https://files.catbox.moe/dpvfr8.webm",
        "LinkMp3": "https://files.catbox.moe/lzhrn3.mp3",
        "annId": 2210
    },
    {
        "animeEng": "Nagareboshi Lens",
        "animeRomaji": "Nagareboshi Lens",
        "songName": "Hitokuchi Me no Koi",
        "artist": "Another Infinity feat. Mayumi Morinaga",
        "type": "Ending 1",
        "correctCount": 14,
        "startTime": 25,
        "songDuration": 92.544,
        "songNumber": 14,
        "activePlayerCount": 211,
        "LinkVideo": "https://files.catbox.moe/uhexi1.webm",
        "LinkMp3": "https://files.catbox.moe/w9lbim.mp3",
        "annId": 14283
    },
    {
        "animeEng": "New Game!",
        "animeRomaji": "New Game!",
        "songName": "Little Bitter Duet",
        "artist": "Y\u014dko Hikasa & Ai Kayano",
        "type": "Insert Song",
        "correctCount": 29,
        "startTime": 0,
        "songDuration": 22.68,
        "songNumber": 15,
        "activePlayerCount": 211,
        "LinkVideo": "https://files.catbox.moe/bq8x8t.webm",
        "LinkMp3": "https://files.catbox.moe/ubb4mi.mp3",
        "annId": 21896
    },
    {
        "animeEng": "R-15",
        "animeRomaji": "R-15",
        "songName": "HIRAMEKI!! Otsu",
        "artist": "R-15 Otsu",
        "type": "Ending 2",
        "correctCount": 39,
        "startTime": 19,
        "songDuration": 88.224,
        "songNumber": 16,
        "activePlayerCount": 210,
        "LinkVideo": "https://files.catbox.moe/klug6o.webm",
        "LinkMp3": "https://files.catbox.moe/lruioh.mp3",
        "annId": 12895
    },
    {
        "animeEng": "Holy Knight",
        "animeRomaji": "Holy Knight",
        "songName": "Holy Knight",
        "artist": "Maaya Uchida",
        "type": "Opening 1",
        "correctCount": 12,
        "startTime": 5,
        "songDuration": 90.044075,
        "songNumber": 17,
        "activePlayerCount": 210,
        "LinkVideo": "https://files.catbox.moe/ehyljh.webm",
        "LinkMp3": "https://files.catbox.moe/45by9e.mp3",
        "annId": 13225
    },
    {
        "animeEng": "Mysteria Friends",
        "animeRomaji": "Manaria Friends",
        "songName": "Minna no Omoide",
        "artist": "Takashi Watanabe",
        "type": "Ending 1",
        "correctCount": 34,
        "startTime": 4,
        "songDuration": 39.864,
        "songNumber": 18,
        "activePlayerCount": 210,
        "LinkVideo": "https://files.catbox.moe/2lgeto.webm",
        "LinkMp3": "https://files.catbox.moe/2mncvx.mp3",
        "annId": 17601
    },
    {
        "animeEng": "Kira Kira Happy Hirake! Cocotama",
        "animeRomaji": "Kira Kira Happy Hirake! Cocotama",
        "songName": "Cocotama Town de Nikkoniko\u2605",
        "artist": "ERIKA, Kaoru Masaki",
        "type": "Ending 2",
        "correctCount": 2,
        "startTime": 42,
        "songDuration": 88.704,
        "songNumber": 19,
        "activePlayerCount": 210,
        "LinkVideo": "https://files.catbox.moe/i24peo.webm",
        "LinkMp3": "https://files.catbox.moe/zzql6t.mp3",
        "annId": 21368,
        "correctPlayers": [
            "Nekto",
            "shadowpandax"
        ]
    },
    {
        "animeEng": "The New Adventures of Hutch the Honeybee",
        "animeRomaji": "Konch\u016b Monogatari Shin Minashigo Hutch",
        "songName": "Utsukushi no Oka",
        "artist": "Yuri Shimazaki",
        "type": "Ending 1",
        "correctCount": 1,
        "startTime": 1,
        "songDuration": 58.296,
        "songNumber": 20,
        "activePlayerCount": 209,
        "LinkVideo": "https://files.catbox.moe/kl4r5l.webm",
        "LinkMp3": "https://files.catbox.moe/7sczve.mp3",
        "annId": 1742,
        "correctPlayers": [
            "Hooman"
        ]
    },
    {
        "animeEng": "Magic Kaito: Kid the Phantom Thief",
        "animeRomaji": "Magic Kaito: Kid the Phantom Thief",
        "songName": "Misty Mystery",
        "artist": "GARNET CROW",
        "type": "Opening 1",
        "correctCount": 98,
        "startTime": 73,
        "songDuration": 115.041288,
        "songNumber": 21,
        "activePlayerCount": 209,
        "LinkVideo": "https://files.catbox.moe/x3lmqr.webm",
        "LinkMp3": "https://files.catbox.moe/z8vmoc.mp3",
        "annId": 11329
    },
    {
        "animeEng": "Moshi Moshi, Terumi desu",
        "animeRomaji": "Moshi Moshi, Terumi desu",
        "songName": "Kimi to,",
        "artist": "Aya Uchida",
        "type": "Opening 1",
        "correctCount": 59,
        "startTime": 0,
        "songDuration": 15.02015,
        "songNumber": 22,
        "activePlayerCount": 209,
        "LinkVideo": "https://files.catbox.moe/wohri8.webm",
        "LinkMp3": "https://files.catbox.moe/ncmi9n.mp3",
        "annId": 21100
    },
    {
        "animeEng": "Black Blood Brothers",
        "animeRomaji": "Black Blood Brothers",
        "songName": "Ashita no Kioku",
        "artist": "Naozumi Takahashi",
        "type": "Opening 1",
        "correctCount": 13,
        "startTime": 6,
        "songDuration": 88.42297,
        "songNumber": 23,
        "activePlayerCount": 207,
        "LinkVideo": "https://files.catbox.moe/hww7xj.webm",
        "LinkMp3": "https://files.catbox.moe/699336.mp3",
        "annId": 6449
    },
    {
        "animeEng": "Ixion Saga DT",
        "animeRomaji": "Ixion Saga DT",
        "songName": "Docchitsukazu no Dynamite",
        "artist": "Jun Fukuyama",
        "type": "Insert Song",
        "correctCount": 11,
        "startTime": 2,
        "songDuration": 59.856,
        "songNumber": 24,
        "activePlayerCount": 208,
        "LinkVideo": "https://files.catbox.moe/vmzivf.webm",
        "LinkMp3": "https://files.catbox.moe/wyuz53.mp3",
        "annId": 14401
    },
    {
        "animeEng": "CHOYOYU!: High School Prodigies Have It Easy Even in Another World!",
        "animeRomaji": "Ch\u014djin K\u014dk\u014dsei-tachi wa Isekai demo Yoy\u016b de Ikinuku Y\u014ddesu!",
        "songName": "Hajimete no Kakumei!",
        "artist": "DIALOGUE+",
        "type": "Opening 1",
        "correctCount": 67,
        "startTime": 51,
        "songDuration": 89.016,
        "songNumber": 25,
        "activePlayerCount": 207,
        "LinkVideo": "https://files.catbox.moe/ef4ip8.webm",
        "LinkMp3": "https://files.catbox.moe/3gxvgh.mp3",
        "annId": 22498
    },
    {
        "animeEng": "Senran Kagura Shinovi Master: Tokyo Y\u014dma-hen",
        "animeRomaji": "Senran Kagura Shinovi Master: Tokyo Y\u014dma-hen",
        "songName": "SCARLET MASTER",
        "artist": "Sayaka Sasaki",
        "type": "Opening 1",
        "correctCount": 23,
        "startTime": 44,
        "songDuration": 86.620552,
        "songNumber": 26,
        "activePlayerCount": 207,
        "LinkVideo": "https://files.catbox.moe/ykp9b3.webm",
        "LinkMp3": "https://files.catbox.moe/mi4398.mp3",
        "annId": 21370
    },
    {
        "animeEng": "Pupa",
        "animeRomaji": "Pupa",
        "songName": "pupa",
        "artist": "Ibuki Kido & Erii Yamazaki",
        "type": "Opening 1",
        "correctCount": 150,
        "startTime": 0,
        "songDuration": 29.328,
        "songNumber": 27,
        "activePlayerCount": 208,
        "LinkVideo": "https://files.catbox.moe/r2o8vw.webm",
        "LinkMp3": "https://files.catbox.moe/9yr0la.mp3",
        "annId": 15248
    },
    {
        "animeEng": "Chaos Dragon",
        "animeRomaji": "Chaos Dragon: Sekiry\u016b Seneki",
        "songName": "Sleep without a memory",
        "artist": "Natsumi Kon",
        "type": "Ending 2",
        "correctCount": 13,
        "startTime": 78,
        "songDuration": 141.624,
        "songNumber": 28,
        "activePlayerCount": 208,
        "LinkVideo": "https://files.catbox.moe/frcgk3.webm",
        "LinkMp3": "https://files.catbox.moe/5sgoay.mp3",
        "annId": 16889
    },
    {
        "animeEng": "Mobile Suit Gundam 00",
        "animeRomaji": "Mobile Suit Gundam 00",
        "songName": "Ash Like Snow",
        "artist": "the brilliant green",
        "type": "Opening 2",
        "correctCount": 84,
        "startTime": 33,
        "songDuration": 90.456,
        "songNumber": 29,
        "activePlayerCount": 208,
        "LinkVideo": "https://files.catbox.moe/vhku1l.webm",
        "LinkMp3": "https://files.catbox.moe/ckhtv6.mp3",
        "annId": 8190
    },
    {
        "animeEng": "F-Zero: GP Legend",
        "animeRomaji": "F-Zero Falcon Densetsu",
        "songName": "THE MEANING OF TRUTH",
        "artist": "HIRO-X",
        "type": "Opening 1",
        "correctCount": 21,
        "startTime": 53,
        "songDuration": 87.96,
        "songNumber": 30,
        "activePlayerCount": 207,
        "LinkVideo": "https://files.catbox.moe/f4yyk1.webm",
        "LinkMp3": "https://files.catbox.moe/1tyead.mp3",
        "annId": 2875
    },
    {
        "animeEng": "Afro Samurai",
        "animeRomaji": "Afro Samurai",
        "songName": "AFRO THEME",
        "artist": "THE RZA",
        "type": "Opening 1",
        "correctCount": 127,
        "startTime": 0,
        "songDuration": 29.568,
        "songNumber": 31,
        "activePlayerCount": 208,
        "LinkVideo": "https://files.catbox.moe/9o3hj5.webm",
        "LinkMp3": "https://files.catbox.moe/6nloxy.mp3",
        "annId": 5275
    },
    {
        "animeEng": "Non Non Biyori Nonstop",
        "animeRomaji": "Non Non Biyori Nonstop",
        "songName": "Tsugihagi Moy\u014d",
        "artist": "nano.RIPE",
        "type": "Opening 1",
        "correctCount": 88,
        "startTime": 50,
        "songDuration": 89.064,
        "songNumber": 32,
        "activePlayerCount": 207,
        "LinkVideo": "https://files.catbox.moe/emaucu.webm",
        "LinkMp3": "https://files.catbox.moe/yd4jg4.mp3",
        "annId": 22215
    },
    {
        "animeEng": "Ore-sama Kingdom: Gel\u00e4nde de Love Choco no Maki",
        "animeRomaji": "Ore-sama Kingdom: Gel\u00e4nde de Love Choco no Maki",
        "songName": "Heartful Line",
        "artist": "Kanako Miyamoto",
        "type": "Ending 2",
        "correctCount": 3,
        "startTime": 42,
        "songDuration": 88.272,
        "songNumber": 33,
        "activePlayerCount": 206,
        "LinkVideo": "https://files.catbox.moe/ughg88.webm",
        "LinkMp3": "https://files.catbox.moe/vw3ls2.mp3",
        "annId": 12247,
        "correctPlayers": [
            "Heyko",
            "Catisam",
            "ozsauce"
        ]
    },
    {
        "animeEng": "Kamen no Maid Guy",
        "animeRomaji": "Kamen no Maid Guy",
        "songName": "Special Life!",
        "artist": "KOTOKO",
        "type": "Opening 1",
        "correctCount": 53,
        "startTime": 35,
        "songDuration": 87.168,
        "songNumber": 34,
        "activePlayerCount": 206,
        "LinkVideo": "https://files.catbox.moe/59yq28.webm",
        "LinkMp3": "https://files.catbox.moe/ycyuv1.mp3",
        "annId": 8193
    },
    {
        "animeEng": "Pok\u00e9mon the Movie: Volcanion and the Mechanical Marvel",
        "animeRomaji": "Gekij\u014dban Pocket Monsters XY&Z: Volcanion to Karakuri no Magearna",
        "songName": "XY&Z -movie ver.-",
        "artist": "Rica Matsumoto",
        "type": "Opening 1",
        "correctCount": 64,
        "startTime": 74,
        "songDuration": 115.056,
        "songNumber": 35,
        "activePlayerCount": 206,
        "LinkVideo": "https://files.catbox.moe/0rsa9h.webm",
        "LinkMp3": "https://files.catbox.moe/f0axzk.mp3",
        "annId": 18227
    },
    {
        "animeEng": "Digimon Xros Wars: Toki o Kakeru Sh\u014dnen Hunter-tachi",
        "animeRomaji": "Digimon Xros Wars: Toki o Kakeru Sh\u014dnen Hunter-tachi",
        "songName": "Tagiru Chikara!",
        "artist": "Psychic Lover",
        "type": "Insert Song",
        "correctCount": 4,
        "startTime": 64,
        "songDuration": 116.76,
        "songNumber": 36,
        "activePlayerCount": 205,
        "LinkVideo": "https://files.catbox.moe/b7yket.webm",
        "LinkMp3": "https://files.catbox.moe/c7mkdj.mp3",
        "annId": 13419,
        "correctPlayers": [
            "Achird",
            "OnlySaekano",
            "Kiriverter",
            "Shuuka"
        ]
    },
    {
        "animeEng": "B: The Beginning",
        "animeRomaji": "B: The Beginning",
        "songName": "The Perfect World",
        "artist": "Marty Friedman feat. Jean-Ken Johnny, KenKen",
        "type": "Ending 1",
        "correctCount": 71,
        "startTime": 69,
        "songDuration": 110.592,
        "songNumber": 37,
        "activePlayerCount": 205,
        "LinkVideo": "https://files.catbox.moe/im9b8e.webm",
        "LinkMp3": "https://files.catbox.moe/plxoaq.mp3",
        "annId": 19987
    },
    {
        "animeEng": "K-On! Season 2",
        "animeRomaji": "K-On!!",
        "songName": "Ame Furi",
        "artist": "Aki Toyosaki & Madoka Yonezawa",
        "type": "Insert Song",
        "correctCount": 57,
        "startTime": 4,
        "songDuration": 41.04,
        "songNumber": 38,
        "activePlayerCount": 205,
        "LinkVideo": "https://files.catbox.moe/ms6wwo.webm",
        "LinkMp3": "https://files.catbox.moe/61cfw7.mp3",
        "annId": 11262
    },
    {
        "animeEng": "Devil May Cry",
        "animeRomaji": "Devil May Cry",
        "songName": "d.m.c",
        "artist": "rungran",
        "type": "Opening 1",
        "correctCount": 82,
        "startTime": 48,
        "songDuration": 89.064,
        "songNumber": 39,
        "activePlayerCount": 205,
        "LinkVideo": "https://files.catbox.moe/ngfiev.webm",
        "LinkMp3": "https://files.catbox.moe/cm5xm6.mp3",
        "annId": 6905
    },
    {
        "animeEng": "Food Wars! Shokugeki no Soma",
        "animeRomaji": "Shokugeki no S\u014dma",
        "songName": "Rising Rainbow",
        "artist": "Misokkasu",
        "type": "Opening 2",
        "correctCount": 129,
        "startTime": 2,
        "songDuration": 89.568,
        "songNumber": 40,
        "activePlayerCount": 205,
        "LinkVideo": "https://files.catbox.moe/1zpjt7.webm",
        "LinkMp3": "https://files.catbox.moe/3ly1h2.mp3",
        "annId": 16344
    },
    {
        "animeEng": "Hajime no Ippo: New Challenger",
        "animeRomaji": "Hajime no Ippo: New Challenger",
        "songName": "HEKIREKI",
        "artist": "LAST ALLIANCE",
        "type": "Opening 1",
        "correctCount": 83,
        "startTime": 7,
        "songDuration": 69.048,
        "songNumber": 41,
        "activePlayerCount": 205,
        "LinkVideo": "https://files.catbox.moe/qszlrf.webm",
        "LinkMp3": "https://files.catbox.moe/2q9a93.mp3",
        "annId": 10387
    },
    {
        "animeEng": "Komachi to Dangor\u014d",
        "animeRomaji": "Komachi to Dangor\u014d",
        "songName": "Akane no Sora ni",
        "artist": "Yoko Ishida",
        "type": "Ending 1",
        "correctCount": 5,
        "startTime": 2,
        "songDuration": 89.568,
        "songNumber": 42,
        "activePlayerCount": 205,
        "LinkVideo": "https://files.catbox.moe/ejy79g.webm",
        "LinkMp3": "https://files.catbox.moe/ttefta.mp3",
        "annId": 22574,
        "correctPlayers": [
            "watashiii",
            "towana",
            "ozsauce",
            "shadowpandax",
            "Rukawa11"
        ]
    },
    {
        "animeEng": "Love Hina Spring Special: I Wish Your Dream",
        "animeRomaji": "Love Hina Haru Special: Kimi Sakura Chiru Nakare!!",
        "songName": "Yakusoku",
        "artist": "Yui Horie",
        "type": "Insert Song",
        "correctCount": 5,
        "startTime": 44,
        "songDuration": 118.728,
        "songNumber": 43,
        "activePlayerCount": 205,
        "LinkVideo": "https://files.catbox.moe/cts4pb.webm",
        "LinkMp3": "https://files.catbox.moe/4gz6fg.mp3",
        "annId": 866,
        "correctPlayers": [
            "watashiii",
            "Diukes",
            "towana",
            "Jlin2",
            "shadowpandax"
        ]
    },
    {
        "animeEng": "BanG Dream! 2nd Season",
        "animeRomaji": "BanG Dream! 2nd Season",
        "songName": "Yura Yura Ring-Dong-Dance",
        "artist": "Pastel*Palettes",
        "type": "Insert Song",
        "correctCount": 47,
        "startTime": 53,
        "songDuration": 101.379482,
        "songNumber": 44,
        "activePlayerCount": 205,
        "LinkVideo": "https://files.catbox.moe/5rnmki.webm",
        "LinkMp3": "https://files.catbox.moe/zybwsc.mp3",
        "annId": 21289
    },
    {
        "animeEng": "Adachi and Shimamura",
        "animeRomaji": "Adachi to Shimamura",
        "songName": "Kimi ni Aeta Hi",
        "artist": "Adachi to Shimamura",
        "type": "Opening 1",
        "correctCount": 84,
        "startTime": 35,
        "songDuration": 87.648,
        "songNumber": 45,
        "activePlayerCount": 205,
        "LinkVideo": "https://files.catbox.moe/dnjl2d.webm",
        "LinkMp3": "https://files.catbox.moe/1vu70l.mp3",
        "annId": 22954
    },
    {
        "animeEng": "Pollyanna",
        "animeRomaji": "Ai Sh\u014djo Pollyanna Monogatari",
        "songName": "Hohoemu Anata ni Aitai",
        "artist": "Youki Kudoh",
        "type": "Opening 2",
        "correctCount": 2,
        "startTime": 47,
        "songDuration": 83.112,
        "songNumber": 46,
        "activePlayerCount": 204,
        "LinkVideo": "https://files.catbox.moe/ozazjz.webm",
        "LinkMp3": "https://files.catbox.moe/4f05e3.mp3",
        "annId": 1057,
        "correctPlayers": [
            "Nekto",
            "Rukawa11"
        ]
    },
    {
        "animeEng": "Starship Girl Yamamoto Yohko",
        "animeRomaji": "Soreyuke! Uch\u016b Senkan Yamamoto Yohko",
        "songName": "Shake it",
        "artist": "Masami Okui",
        "type": "Ending 1",
        "correctCount": 7,
        "startTime": 52,
        "songDuration": 147.072,
        "songNumber": 47,
        "activePlayerCount": 204,
        "LinkVideo": "https://files.catbox.moe/qgopsn.webm",
        "LinkMp3": "https://files.catbox.moe/qz1ns4.mp3",
        "annId": 2927
    },
    {
        "animeEng": "Getter Robo: Armageddon",
        "animeRomaji": "Change!! Getter Robo: Sekai Saish\u016b no Hi",
        "songName": "Yakusoku no Oka",
        "artist": "Satomi Nakase & Chiemi Chiba",
        "type": "Ending 1",
        "correctCount": 2,
        "startTime": 109,
        "songDuration": 238.6808,
        "songNumber": 48,
        "activePlayerCount": 203,
        "LinkVideo": "https://files.catbox.moe/i1xd3w.webm",
        "LinkMp3": "https://files.catbox.moe/fqdnuu.mp3",
        "annId": 20,
        "correctPlayers": [
            "Carmanher",
            "Zurer"
        ]
    },
    {
        "animeEng": "Arcadia of My Youth: Endless Orbit SSX",
        "animeRomaji": "Waga Seishun no Arcadia: Mugen Kid\u014d SSX",
        "songName": "Oretachi no Funade",
        "artist": "Ichiro Mizuki",
        "type": "Opening 1",
        "correctCount": 5,
        "startTime": 19,
        "songDuration": 77.904,
        "songNumber": 49,
        "activePlayerCount": 203,
        "LinkVideo": "https://files.catbox.moe/g7ubjv.webm",
        "LinkMp3": "https://files.catbox.moe/mbvnvv.mp3",
        "annId": 3452,
        "correctPlayers": [
            "Hooman",
            "uhhuhher",
            "Shuuka",
            "munya",
            "oh95"
        ]
    },
    {
        "animeEng": "Strike Witches: Road to Berlin",
        "animeRomaji": "Dai-501 T\u014dg\u014d Sent\u014d K\u014dk\u016b-dan Strike Witches: Road to Berlin",
        "songName": "Negai no Tomoshibi",
        "artist": "Rie Tanaka",
        "type": "Insert Song",
        "correctCount": 3,
        "startTime": 13,
        "songDuration": 129.24,
        "songNumber": 50,
        "activePlayerCount": 204,
        "LinkVideo": "https://files.catbox.moe/n27eq5.webm",
        "LinkMp3": "https://files.catbox.moe/ur00b3.mp3",
        "annId": 21189,
        "correctPlayers": [
            "Carmanher",
            "watashiii",
            "Akaze"
        ]
    },
    {
        "animeEng": "Moeyo Ken",
        "animeRomaji": "Kid\u014d Shinsengumi Moeyo Ken",
        "songName": "Hajimari no Kaze yo Fuke",
        "artist": "Misato Fujiya",
        "type": "Ending 1",
        "correctCount": 3,
        "startTime": 32,
        "songDuration": 89.284996,
        "songNumber": 51,
        "activePlayerCount": 205,
        "LinkVideo": "https://files.catbox.moe/yd6iff.webm",
        "LinkMp3": "https://files.catbox.moe/icpflu.mp3",
        "annId": 5465,
        "correctPlayers": [
            "Carmanher",
            "Kiriverter",
            "Rukawa11"
        ]
    },
    {
        "animeEng": "Dance with Devils: Fortuna",
        "animeRomaji": "Dance with Devils: Fortuna",
        "songName": "Sweet Grimoire!",
        "artist": "Souma Saitou, Wataru Hatano, Takashi Kondou, Subaru Kimura, Daisuke Hirakawa, Yuto Suzuki, Toshiyuki Toyonaga",
        "type": "Opening 1",
        "correctCount": 24,
        "startTime": 19,
        "songDuration": 125.064,
        "songNumber": 52,
        "activePlayerCount": 205,
        "LinkVideo": "https://files.catbox.moe/iymxkw.webm",
        "LinkMp3": "https://files.catbox.moe/sqfzu8.mp3",
        "annId": 19742
    },
    {
        "animeEng": "Baka & Test: Summon the Beasts 2",
        "animeRomaji": "Baka to Test to Sh\u014dkanj\u016b Ni!",
        "songName": "Kimi + Nazo + Watashi de JUMP!!",
        "artist": "Larval Stage Planning",
        "type": "Opening 1",
        "correctCount": 87,
        "startTime": 33,
        "songDuration": 88.056,
        "songNumber": 53,
        "activePlayerCount": 205,
        "LinkVideo": "https://files.catbox.moe/xnszz7.webm",
        "LinkMp3": "https://files.catbox.moe/col2ia.mp3",
        "annId": 12431
    },
    {
        "animeEng": "Teeky\u016b",
        "animeRomaji": "Teeky\u016b",
        "songName": "Dream First Sensation!",
        "artist": "Yui Watanabe",
        "type": "Opening 1",
        "correctCount": 103,
        "startTime": 0,
        "songDuration": 29.98855,
        "songNumber": 54,
        "activePlayerCount": 205,
        "LinkVideo": "https://files.catbox.moe/c9qoek.webm",
        "LinkMp3": "https://files.catbox.moe/pzu72h.mp3",
        "annId": 19543
    },
    {
        "animeEng": "Chargeman Ken!",
        "animeRomaji": "Chargeman Ken!",
        "songName": "Ken to Caron no Uta",
        "artist": "Osamu Miyagawa & Hibari Jid\u014d Gassh\u014d-dan",
        "type": "Insert Song",
        "correctCount": 9,
        "startTime": 13,
        "songDuration": 49.128,
        "songNumber": 55,
        "activePlayerCount": 205,
        "LinkVideo": "https://files.catbox.moe/td9y1s.webm",
        "LinkMp3": "https://files.catbox.moe/qctplt.mp3",
        "annId": 1242
    },
    {
        "animeEng": "Ippon B\u014dch\u014d Mantar\u014d",
        "animeRomaji": "Ippon B\u014dch\u014d Mantar\u014d",
        "songName": "Rolling Stone",
        "artist": "George Yamamoto",
        "type": "Ending 1",
        "correctCount": 1,
        "startTime": 127,
        "songDuration": 164.088,
        "songNumber": 56,
        "activePlayerCount": 205,
        "LinkVideo": "https://files.catbox.moe/pn9yg2.webm",
        "LinkMp3": "https://files.catbox.moe/eteaf3.mp3",
        "annId": 7274,
        "correctPlayers": [
            "Catisam"
        ]
    },
    {
        "animeEng": "Love and Berry: Dress Up and Dance - Magic of Happiness",
        "animeRomaji": "Oshare Majo Love and Berry: Shiawase no Mah\u014d",
        "songName": "Re-Born",
        "artist": "Akiko Yajima",
        "type": "Insert Song",
        "correctCount": 23,
        "startTime": 22,
        "songDuration": 68.256,
        "songNumber": 57,
        "activePlayerCount": 205,
        "LinkVideo": "https://files.catbox.moe/0pkp37.webm",
        "LinkMp3": "https://files.catbox.moe/5u7y18.mp3",
        "annId": 7613
    },
    {
        "animeEng": "To the Abandoned Sacred Beasts",
        "animeRomaji": "Katsute Kami Datta Kemono-tachi e",
        "songName": "Beatrice's Lullaby",
        "artist": "Saori Hayami",
        "type": "Insert Song",
        "correctCount": 10,
        "startTime": 19,
        "songDuration": 67.128,
        "songNumber": 58,
        "activePlayerCount": 205,
        "LinkVideo": "https://files.catbox.moe/mqsfid.webm",
        "LinkMp3": "https://files.catbox.moe/ftbpha.mp3",
        "annId": 21778
    },
    {
        "animeEng": "Actually, I Am\u2026",
        "animeRomaji": "Jitsu wa Watashi wa",
        "songName": "Ienai Ienai",
        "artist": "Hilcrhyme",
        "type": "Ending 1",
        "correctCount": 46,
        "startTime": 40,
        "songDuration": 89.568,
        "songNumber": 59,
        "activePlayerCount": 204,
        "LinkVideo": "https://files.catbox.moe/ub8gv4.webm",
        "LinkMp3": "https://files.catbox.moe/t8t9h8.mp3",
        "annId": 16733
    },
    {
        "animeEng": "The Asterisk War",
        "animeRomaji": "Gakusen Toshi Asterisk",
        "songName": "Waiting for the rain",
        "artist": "Maaya Sakamoto",
        "type": "Ending 1",
        "correctCount": 81,
        "startTime": 50,
        "songDuration": 100.056,
        "songNumber": 60,
        "activePlayerCount": 203,
        "LinkVideo": "https://files.catbox.moe/2aif5r.webm",
        "LinkMp3": "https://files.catbox.moe/mqh5fn.mp3",
        "annId": 16943
    },
    {
        "animeEng": "Cencoroll",
        "animeRomaji": "Cencoroll",
        "songName": "LOVE & ROLL",
        "artist": "supercell",
        "type": "Ending 1",
        "correctCount": 58,
        "startTime": 31,
        "songDuration": 108.048,
        "songNumber": 61,
        "activePlayerCount": 203,
        "LinkVideo": "https://files.catbox.moe/6hf9py.webm",
        "LinkMp3": "https://files.catbox.moe/7wka6g.mp3",
        "annId": 8264
    },
    {
        "animeEng": "Amon Saga",
        "animeRomaji": "Amon Saga",
        "songName": "Kaze no Take a Chance",
        "artist": "Shigeaki Saegusa",
        "type": "Ending 1",
        "correctCount": 6,
        "startTime": 112,
        "songDuration": 261.624,
        "songNumber": 62,
        "activePlayerCount": 203,
        "LinkVideo": "https://files.catbox.moe/cro75e.webm",
        "LinkMp3": "https://files.catbox.moe/zlrzn9.mp3",
        "annId": 510
    },
    {
        "animeEng": "Massugu ni Ik\u014d",
        "animeRomaji": "Massugu ni Ik\u014d",
        "songName": "Dorob\u014d",
        "artist": "aiko",
        "type": "Opening 1",
        "correctCount": 15,
        "startTime": 25,
        "songDuration": 86.208,
        "songNumber": 63,
        "activePlayerCount": 203,
        "LinkVideo": "https://files.catbox.moe/i93jln.webm",
        "LinkMp3": "https://files.catbox.moe/4rkai5.mp3",
        "annId": 2931
    },
    {
        "animeEng": "Asteroid in Love",
        "animeRomaji": "Koisuru Asteroid",
        "songName": "Yozora",
        "artist": "Minori Suzuki",
        "type": "Ending 1",
        "correctCount": 33,
        "startTime": 15,
        "songDuration": 93.048,
        "songNumber": 64,
        "activePlayerCount": 204,
        "LinkVideo": "https://files.catbox.moe/r6aule.webm",
        "LinkMp3": "https://files.catbox.moe/8jx48t.mp3",
        "annId": 22609
    },
    {
        "animeEng": "Di Gi Charat Natsuyasumi Special",
        "animeRomaji": "Di Gi Charat Natsuyasumi Special",
        "songName": "see you see you",
        "artist": "Asami Sanada, Miyuki Sawashiro, Kyoko Hikami",
        "type": "Ending 1",
        "correctCount": 16,
        "startTime": 33,
        "songDuration": 87.792,
        "songNumber": 65,
        "activePlayerCount": 204,
        "LinkVideo": "https://files.catbox.moe/dnmry9.webm",
        "LinkMp3": "https://files.catbox.moe/mrxp1u.mp3",
        "annId": 2934
    },
    {
        "animeEng": "Mini Vanguard",
        "animeRomaji": "Mini Van",
        "songName": "Mirai SKETCH!",
        "artist": "Ultra Rare",
        "type": "Ending 1",
        "correctCount": 13,
        "startTime": 0,
        "songDuration": 26.544,
        "songNumber": 66,
        "activePlayerCount": 203,
        "LinkVideo": "https://files.catbox.moe/eim6ra.webm",
        "LinkMp3": "https://files.catbox.moe/9hcyeu.mp3",
        "annId": 22406
    },
    {
        "animeEng": "Dark Cat",
        "animeRomaji": "Dark Cat",
        "songName": "Keep On Burning",
        "artist": "Naoki Takao",
        "type": "Ending 1",
        "correctCount": 5,
        "startTime": 122,
        "songDuration": 187.56,
        "songNumber": 67,
        "activePlayerCount": 203,
        "LinkVideo": "https://files.catbox.moe/9k6h02.webm",
        "LinkMp3": "https://files.catbox.moe/jbakx9.mp3",
        "annId": 1880,
        "correctPlayers": [
            "Martinch",
            "Vasserman",
            "Carlos1218",
            "uy5gf",
            "oh95"
        ]
    },
    {
        "animeEng": "Welcome to Demon School! Iruma-kun",
        "animeRomaji": "Mairimashita! Iruma-kun",
        "songName": "No! No! Satisfaction!",
        "artist": "DA PUMP",
        "type": "Opening 1",
        "correctCount": 76,
        "startTime": 3,
        "songDuration": 89.016,
        "songNumber": 68,
        "activePlayerCount": 202,
        "LinkVideo": "https://files.catbox.moe/rnt2be.webm",
        "LinkMp3": "https://files.catbox.moe/fv6y9p.mp3",
        "annId": 24018
    },
    {
        "animeEng": "Di Gi Charat Summer Special",
        "animeRomaji": "Di Gi Charat Summer Special",
        "songName": "CUTIE",
        "artist": "Masami Okui",
        "type": "Opening 1",
        "correctCount": 7,
        "startTime": 51,
        "songDuration": 89.592,
        "songNumber": 69,
        "activePlayerCount": 202,
        "LinkVideo": "https://files.catbox.moe/345vb2.webm",
        "LinkMp3": "https://files.catbox.moe/rwr3zf.mp3",
        "annId": 2932
    },
    {
        "animeEng": "Moriarty the Patriot",
        "animeRomaji": "Y\u016bkoku no Moriarty",
        "songName": "DYING WISH",
        "artist": "Tasuku Hatanaka",
        "type": "Opening 1",
        "correctCount": 104,
        "startTime": 42,
        "songDuration": 87.264,
        "songNumber": 70,
        "activePlayerCount": 201,
        "LinkVideo": "https://files.catbox.moe/itqhc1.webm",
        "LinkMp3": "https://files.catbox.moe/7rl5d4.mp3",
        "annId": 23515
    },
    {
        "animeEng": "Fire Force",
        "animeRomaji": "Enen no Sh\u014db\u014dtai",
        "songName": "Inferno",
        "artist": "Mrs. GREEN APPLE",
        "type": "Opening 1",
        "correctCount": 171,
        "startTime": 27,
        "songDuration": 88.893166,
        "songNumber": 71,
        "activePlayerCount": 201,
        "LinkVideo": "https://files.catbox.moe/0ckuav.webm",
        "LinkMp3": "https://files.catbox.moe/8u4b2w.mp3",
        "annId": 21852
    },
    {
        "animeEng": "Asura Cryin' 2",
        "animeRomaji": "Asura Cryin' 2",
        "songName": "Spiral",
        "artist": "angela",
        "type": "Insert Song",
        "correctCount": 35,
        "startTime": 85,
        "songDuration": 149.522328,
        "songNumber": 72,
        "activePlayerCount": 201,
        "LinkVideo": "https://files.catbox.moe/4u9pra.webm",
        "LinkMp3": "https://files.catbox.moe/vfymb2.mp3",
        "annId": 10932
    },
    {
        "animeEng": "Sengoku Night Blood",
        "animeRomaji": "Sengoku Night Blood",
        "songName": "HEN-GEN-JI-ZAI",
        "artist": "Natsuki Hanae",
        "type": "Ending 1",
        "correctCount": 2,
        "startTime": 15,
        "songDuration": 89.208,
        "songNumber": 73,
        "activePlayerCount": 201,
        "LinkVideo": "https://files.catbox.moe/w7exso.webm",
        "LinkMp3": "https://files.catbox.moe/chcjxx.mp3",
        "annId": 20057,
        "correctPlayers": [
            "nikkou",
            "Shuuka"
        ]
    },
    {
        "animeEng": "Dagashi Kashi",
        "animeRomaji": "Dagashi Kashi",
        "songName": "Hey! Calorie Queen",
        "artist": "Ayana Taketatsu",
        "type": "Ending 1",
        "correctCount": 61,
        "startTime": 44,
        "songDuration": 90.144,
        "songNumber": 74,
        "activePlayerCount": 201,
        "LinkVideo": "https://files.catbox.moe/oc4x7b.webm",
        "LinkMp3": "https://files.catbox.moe/ord7mc.mp3",
        "annId": 17723
    },
    {
        "animeEng": "Mushi-Shi",
        "animeRomaji": "Mushishi",
        "songName": "The Sore Feet Song",
        "artist": "Ally Kerr",
        "type": "Opening 1",
        "correctCount": 151,
        "startTime": 35,
        "songDuration": 97.056,
        "songNumber": 75,
        "activePlayerCount": 197,
        "LinkVideo": "https://files.catbox.moe/hi322l.webm",
        "LinkMp3": "https://files.catbox.moe/ws88l8.mp3",
        "annId": 5923
    }
]