[
    {
        "animeEng": "Karuizawa Syndrome",
        "animeRomaji": "Karuizawa Syndrome",
        "songName": "Ballad ga Kikoenai",
        "artist": "Ry\u014d Matsuda",
        "type": "Ending 1",
        "correctCount": 4,
        "startTime": 104,
        "songDuration": 216.912,
        "songNumber": 1,
        "activePlayerCount": 132,
        "LinkVideo": "https://files.catbox.moe/uvgvil.webm",
        "LinkMp3": "https://files.catbox.moe/7eg2it.mp3",
        "annId": 7088,
        "correctPlayers": [
            "konomi",
            "Catisam",
            "SaroArsten",
            "HonooNoViolence"
        ]
    },
    {
        "animeEng": "Kiratto Pri\u2606Chan",
        "animeRomaji": "Kiratto Pri\u2606Chan",
        "songName": "Illuminage Land",
        "artist": "Run Girls, Run!",
        "type": "Opening 1",
        "correctCount": 16,
        "startTime": 31,
        "songDuration": 88.464,
        "songNumber": 2,
        "activePlayerCount": 133,
        "LinkVideo": "https://files.catbox.moe/1in2kc.webm",
        "LinkMp3": "https://files.catbox.moe/lbg3v7.mp3",
        "annId": 23131
    },
    {
        "animeEng": "SD Gundam Force",
        "animeRomaji": "SD Gundam Force",
        "songName": "Taiyou ni Kogarete",
        "artist": "Harebare",
        "type": "Opening 3",
        "correctCount": 4,
        "startTime": 36,
        "songDuration": 87.288,
        "songNumber": 3,
        "activePlayerCount": 133,
        "LinkVideo": "https://files.catbox.moe/cytxb5.webm",
        "LinkMp3": "https://files.catbox.moe/jgmuul.mp3",
        "annId": 2922,
        "correctPlayers": [
            "Rukawa11",
            "ponytailsud2",
            "Shuuka",
            "afkriceless"
        ]
    },
    {
        "animeEng": "Onigiri",
        "animeRomaji": "Onigiri",
        "songName": "Hime wa Rankiry\u016b\u2606Goikk\u014d-sama",
        "artist": "STARMARIE",
        "type": "Opening 1",
        "correctCount": 42,
        "startTime": 1,
        "songDuration": 44.184,
        "songNumber": 4,
        "activePlayerCount": 133,
        "LinkVideo": "https://files.catbox.moe/3s8kx8.webm",
        "LinkMp3": "https://files.catbox.moe/ik2l9r.mp3",
        "annId": 18076
    },
    {
        "animeEng": "Patema Inverted",
        "animeRomaji": "Sakasama no Patema",
        "songName": "Patema Inverse",
        "artist": "Estelle Micheau",
        "type": "Ending 1",
        "correctCount": 26,
        "startTime": 110,
        "songDuration": 176.064,
        "songNumber": 5,
        "activePlayerCount": 133,
        "LinkVideo": "https://files.catbox.moe/1xhchj.webm",
        "LinkMp3": "https://files.catbox.moe/ewd04b.mp3",
        "annId": 13906
    },
    {
        "animeEng": "For Whom the Alchemist Exists The Movie",
        "animeRomaji": "Ta ga Tame no Alchemist",
        "songName": "Koi no Y\u014dsei no Sei",
        "artist": "Inori Minase",
        "type": "Insert Song",
        "correctCount": 6,
        "startTime": 34,
        "songDuration": 117.192,
        "songNumber": 6,
        "activePlayerCount": 133,
        "LinkVideo": "https://files.catbox.moe/hqgpxc.webm",
        "LinkMp3": "https://files.catbox.moe/7pjtwk.mp3",
        "annId": 21765
    },
    {
        "animeEng": "Yatterman Night",
        "animeRomaji": "Yoru no Yatterman",
        "songName": "Kyokugen Dreamer",
        "artist": "SCREEN mode",
        "type": "Opening 1",
        "correctCount": 25,
        "startTime": 42,
        "songDuration": 88.896,
        "songNumber": 7,
        "activePlayerCount": 132,
        "LinkVideo": "https://files.catbox.moe/xbrg89.webm",
        "LinkMp3": "https://files.catbox.moe/e3c6cg.mp3",
        "annId": 16345
    },
    {
        "animeEng": "Geobreeders: Breakthrough",
        "animeRomaji": "Geobreeders 2: [File-XX] Ransen Toppa",
        "songName": "Rising Soul",
        "artist": "Sara Aoki",
        "type": "Opening 1",
        "correctCount": 11,
        "startTime": 24,
        "songDuration": 88.8,
        "songNumber": 8,
        "activePlayerCount": 132,
        "LinkVideo": "https://files.catbox.moe/fmbp5h.webm",
        "LinkMp3": "https://files.catbox.moe/szqbpe.mp3",
        "annId": 997
    },
    {
        "animeEng": "Tales of the Abyss",
        "animeRomaji": "Tales of the Abyss",
        "songName": "Karma",
        "artist": "BUMP OF CHICKEN",
        "type": "Opening 1",
        "correctCount": 38,
        "startTime": 59,
        "songDuration": 128.376,
        "songNumber": 9,
        "activePlayerCount": 131,
        "LinkVideo": "https://files.catbox.moe/oed6vi.webm",
        "LinkMp3": "https://files.catbox.moe/tp8o5k.mp3",
        "annId": 10149
    },
    {
        "animeEng": "Mobile Suit Gundam 00",
        "animeRomaji": "Mobile Suit Gundam 00",
        "songName": "DAYBREAK'S BELL",
        "artist": "L'Arc~en~Ciel",
        "type": "Opening 1",
        "correctCount": 48,
        "startTime": 51,
        "songDuration": 92.352,
        "songNumber": 10,
        "activePlayerCount": 131,
        "LinkVideo": "https://files.catbox.moe/sidmjw.webm",
        "LinkMp3": "https://files.catbox.moe/r11ehs.mp3",
        "annId": 8190
    },
    {
        "animeEng": "Magical Girl Raising Project",
        "animeRomaji": "Mah\u014d Sh\u014djo Ikusei Keikaku",
        "songName": "DREAMCATCHER",
        "artist": "nano",
        "type": "Ending 1",
        "correctCount": 49,
        "startTime": 11,
        "songDuration": 88.56,
        "songNumber": 11,
        "activePlayerCount": 130,
        "LinkVideo": "https://files.catbox.moe/uz99kx.webm",
        "LinkMp3": "https://files.catbox.moe/6jlvi1.mp3",
        "annId": 18167
    },
    {
        "animeEng": "Digimon Adventure tri. Chapter 2: Determination",
        "animeRomaji": "Digimon Adventure tri. Ketsui",
        "songName": "Butter-Fly~tri.Version~",
        "artist": "Kouji Wada",
        "type": "Opening 1",
        "correctCount": 75,
        "startTime": 69,
        "songDuration": 222.089244,
        "songNumber": 12,
        "activePlayerCount": 130,
        "LinkVideo": "https://files.catbox.moe/yi8v0n.webm",
        "LinkMp3": "https://files.catbox.moe/v1s7qc.mp3",
        "annId": 17848
    },
    {
        "animeEng": "Mewkledreamy Mix!",
        "animeRomaji": "Mewkledreamy Mix!",
        "songName": "Fure! Fure! Dreamy Jump!",
        "artist": "Icchi & Naru",
        "type": "Opening 1",
        "correctCount": 8,
        "startTime": 12,
        "songDuration": 89.208,
        "songNumber": 13,
        "activePlayerCount": 130,
        "LinkVideo": "https://files.catbox.moe/uf9o91.webm",
        "LinkMp3": "https://files.catbox.moe/uct1qk.mp3",
        "annId": 24065
    },
    {
        "animeEng": "To LOVE-Ru Darkness 2nd",
        "animeRomaji": "To LOVE-Ru Darkness 2nd",
        "songName": "secret arms",
        "artist": "Ray",
        "type": "Opening 1",
        "correctCount": 66,
        "startTime": 24,
        "songDuration": 88.56,
        "songNumber": 14,
        "activePlayerCount": 130,
        "LinkVideo": "https://files.catbox.moe/cja3oc.webm",
        "LinkMp3": "https://files.catbox.moe/9tz1ok.mp3",
        "annId": 16646
    },
    {
        "animeEng": "Doraemon: Nobita's Dinosaur",
        "animeRomaji": "Doraemon: Nobita no Ky\u014dryuu",
        "songName": "Doraemon no Uta",
        "artist": "Kumiko \u014csugi, Nobuyo Oyama",
        "type": "Insert Song",
        "correctCount": 107,
        "startTime": 15,
        "songDuration": 71.208,
        "songNumber": 15,
        "activePlayerCount": 129,
        "LinkVideo": "https://files.catbox.moe/1xnuhf.webm",
        "LinkMp3": "https://files.catbox.moe/e9owgi.mp3",
        "annId": 1887
    },
    {
        "animeEng": "Mai Mai Miracle",
        "animeRomaji": "Mai Mai Shinko to Sennen no Mah\u014d",
        "songName": "Kodomo no Sekai",
        "artist": "kotringo",
        "type": "Ending 1",
        "correctCount": 1,
        "startTime": 105,
        "songDuration": 240.36,
        "songNumber": 16,
        "activePlayerCount": 128,
        "LinkVideo": "https://files.catbox.moe/dq2lig.webm",
        "LinkMp3": "https://files.catbox.moe/8xyp6j.mp3",
        "annId": 10975,
        "correctPlayers": [
            "Sniparook"
        ]
    },
    {
        "animeEng": "Arjuna",
        "animeRomaji": "Chikyuu Sh\u014djo Arjuna",
        "songName": "Mameshiba",
        "artist": "Maaya Sakamoto",
        "type": "Ending 1",
        "correctCount": 7,
        "startTime": 9,
        "songDuration": 79.416,
        "songNumber": 17,
        "activePlayerCount": 127,
        "LinkVideo": "https://files.catbox.moe/iyhv7k.webm",
        "LinkMp3": "https://files.catbox.moe/hecuj2.mp3",
        "annId": 602
    },
    {
        "animeEng": "Megalobox",
        "animeRomaji": "Megalobox",
        "songName": "The Beast",
        "artist": "COMA-CHI",
        "type": "Insert Song",
        "correctCount": 6,
        "startTime": 0,
        "songDuration": 108.768,
        "songNumber": 18,
        "activePlayerCount": 127,
        "LinkVideo": "https://files.catbox.moe/21y8u0.webm",
        "LinkMp3": "https://files.catbox.moe/m23x1o.mp3",
        "annId": 20565
    },
    {
        "animeEng": "Dancougar: Blazing Epilogue",
        "animeRomaji": "Ch\u014djuu Kishin Dancougar: Hakunetsu no Shuush\u014d",
        "songName": "Burning Love",
        "artist": "J\u016bsenki-tai",
        "type": "Ending 2",
        "correctCount": 3,
        "startTime": 43,
        "songDuration": 195.048,
        "songNumber": 19,
        "activePlayerCount": 124,
        "LinkVideo": "https://files.catbox.moe/79qzcl.webm",
        "LinkMp3": "https://files.catbox.moe/wwkun9.mp3",
        "annId": 6956,
        "correctPlayers": [
            "Catisam",
            "Rukawa11",
            "Loppa"
        ]
    },
    {
        "animeEng": "Dragon Ball Z: Dead Zone",
        "animeRomaji": "Dragon Ball Z: Ora no Gohan o Kaese!!",
        "songName": "Tenkaichi Gohan",
        "artist": "Masako Nozawa",
        "type": "Insert Song",
        "correctCount": 17,
        "startTime": 19,
        "songDuration": 113.568,
        "songNumber": 20,
        "activePlayerCount": 125,
        "LinkVideo": "https://files.catbox.moe/yai2b5.webm",
        "LinkMp3": "https://files.catbox.moe/7i75z9.mp3",
        "annId": 139
    },
    {
        "animeEng": "Lagrange: The Flower of Rin-ne",
        "animeRomaji": "Rinne no Lagrange",
        "songName": "Marble",
        "artist": "Megumi Nakajima",
        "type": "Opening 1",
        "correctCount": 25,
        "startTime": 23,
        "songDuration": 88.368,
        "songNumber": 21,
        "activePlayerCount": 125,
        "LinkVideo": "https://files.catbox.moe/9dmnyt.webm",
        "LinkMp3": "https://files.catbox.moe/3tlgbe.mp3",
        "annId": 14456
    },
    {
        "animeEng": "Hanayamata",
        "animeRomaji": "Hanayamata",
        "songName": "Hanayuki",
        "artist": "smileY inc.",
        "type": "Ending 1",
        "correctCount": 49,
        "startTime": 18,
        "songDuration": 87.144,
        "songNumber": 22,
        "activePlayerCount": 125,
        "LinkVideo": "https://files.catbox.moe/i8gqov.webm",
        "LinkMp3": "https://files.catbox.moe/u441z1.mp3",
        "annId": 15775
    },
    {
        "animeEng": "Tantei Opera Milky Holmes: Fun Fun Party Night - Ken to Janet no Okurimono",
        "animeRomaji": "Tantei Opera Milky Holmes: Fun Fun Party Night - Ken to Janet no Okurimono",
        "songName": "Fun Fun Party Night\u266a",
        "artist": "Milky Holmes",
        "type": "Ending 1",
        "correctCount": 12,
        "startTime": 40,
        "songDuration": 102.408,
        "songNumber": 23,
        "activePlayerCount": 126,
        "LinkVideo": "https://files.catbox.moe/vptdvk.webm",
        "LinkMp3": "https://files.catbox.moe/n8rkm8.mp3",
        "annId": 18945
    },
    {
        "animeEng": "Time Bokan: The Villains Strike Back",
        "animeRomaji": "Time Bokan: Gyakushuu no San Akunin",
        "songName": "DESTINY",
        "artist": "KinKi Kids (Tsuyoshi Domoto)",
        "type": "Opening 2",
        "correctCount": 6,
        "startTime": 22,
        "songDuration": 88.728,
        "songNumber": 24,
        "activePlayerCount": 126,
        "LinkVideo": "https://files.catbox.moe/m290oi.webm",
        "LinkMp3": "https://files.catbox.moe/4q616e.mp3",
        "annId": 20001
    },
    {
        "animeEng": "Battle Girls: Time Paradox",
        "animeRomaji": "Sengoku Otome - Momoiro Paradox",
        "songName": "Kagerou",
        "artist": "Tenka Tori-tai",
        "type": "Opening 1",
        "correctCount": 10,
        "startTime": 31,
        "songDuration": 87,
        "songNumber": 25,
        "activePlayerCount": 126,
        "LinkVideo": "https://files.catbox.moe/xpy4s5.webm",
        "LinkMp3": "https://files.catbox.moe/eugmcf.mp3",
        "annId": 12506
    },
    {
        "animeEng": "Rayearth",
        "animeRomaji": "Rayearth",
        "songName": "All You Need Is Love",
        "artist": "Naomi Tamura",
        "type": "Ending 1",
        "correctCount": 3,
        "startTime": 135,
        "songDuration": 221.592,
        "songNumber": 26,
        "activePlayerCount": 126,
        "LinkVideo": "https://files.catbox.moe/i9a80j.webm",
        "LinkMp3": "https://files.catbox.moe/hu8uz2.mp3",
        "annId": 321,
        "correctPlayers": [
            "SakuraMitsutsuki",
            "Catisam",
            "SaroArsten"
        ]
    },
    {
        "animeEng": "Happy Happy Clover",
        "animeRomaji": "Happy Happy Clover",
        "songName": "Shiawase no Kakera",
        "artist": "Marimomi",
        "type": "Opening 1",
        "correctCount": 3,
        "startTime": 55,
        "songDuration": 89.258874,
        "songNumber": 27,
        "activePlayerCount": 125,
        "LinkVideo": "https://files.catbox.moe/cchhxx.webm",
        "LinkMp3": "https://files.catbox.moe/3sbmf3.mp3",
        "annId": 8045,
        "correctPlayers": [
            "SaroArsten",
            "Sniparook",
            "Rukawa11"
        ]
    },
    {
        "animeEng": "IT'S MY LIFE",
        "animeRomaji": "IT'S MY LIFE",
        "songName": "Turn the Page",
        "artist": "Blind Guardian",
        "type": "Ending 1",
        "correctCount": 24,
        "startTime": 205,
        "songDuration": 253.728,
        "songNumber": 28,
        "activePlayerCount": 125,
        "LinkVideo": "https://files.catbox.moe/a56430.webm",
        "LinkMp3": "https://files.catbox.moe/o0m5nk.mp3",
        "annId": 22970
    },
    {
        "animeEng": "Figure 17",
        "animeRomaji": "Figure 17",
        "songName": "Fairy Dance",
        "artist": "THE ALFEE",
        "type": "Ending 1",
        "correctCount": 3,
        "startTime": 44,
        "songDuration": 119.168564,
        "songNumber": 29,
        "activePlayerCount": 125,
        "LinkVideo": "https://files.catbox.moe/6ay8mh.webm",
        "LinkMp3": "https://files.catbox.moe/avizzb.mp3",
        "annId": 1116,
        "correctPlayers": [
            "SaroArsten",
            "Rukawa11",
            "Shuuka"
        ]
    },
    {
        "animeEng": "Soccer Fever",
        "animeRomaji": "Soccer Fever",
        "songName": "BOOM BOOM AMERICA",
        "artist": "Paolo Zabarone",
        "type": "Opening 1",
        "correctCount": 46,
        "startTime": 5,
        "songDuration": 55.953324,
        "songNumber": 30,
        "activePlayerCount": 125,
        "LinkVideo": "https://files.catbox.moe/9wn4v0.webm",
        "LinkMp3": "https://files.catbox.moe/0v7qvi.mp3",
        "annId": 2192
    },
    {
        "animeEng": "Cardfight!! Vanguard: Link Joker-hen",
        "animeRomaji": "Cardfight!! Vanguard: Link Joker-hen",
        "songName": "Mugen\u221eREBIRTH",
        "artist": "DAIGO",
        "type": "Opening 2",
        "correctCount": 20,
        "startTime": 31,
        "songDuration": 89.736,
        "songNumber": 31,
        "activePlayerCount": 125,
        "LinkVideo": "https://files.catbox.moe/chm8je.webm",
        "LinkMp3": "https://files.catbox.moe/q36qhc.mp3",
        "annId": 14949
    },
    {
        "animeEng": "BAKUMATSU CRISIS",
        "animeRomaji": "BAKUMATSU CRISIS",
        "songName": "Aoki Homura",
        "artist": "Zwei",
        "type": "Ending 1",
        "correctCount": 5,
        "startTime": 6,
        "songDuration": 87.952774,
        "songNumber": 32,
        "activePlayerCount": 125,
        "LinkVideo": "https://files.catbox.moe/3gg0yq.webm",
        "LinkMp3": "https://files.catbox.moe/x1l3vw.mp3",
        "annId": 21930,
        "correctPlayers": [
            "TeekyuOnly",
            "konomi",
            "Mami",
            "Solo",
            "Shuuka"
        ]
    },
    {
        "animeEng": "Zoku T\u014dken Ranbu: Hanamaru.",
        "animeRomaji": "Zoku T\u014dken Ranbu: Hanamaru.",
        "songName": "Himotoku Inochi",
        "artist": "Toshiki Masuda & Mitsuhiro Ichiki",
        "type": "Insert Song",
        "correctCount": 10,
        "startTime": 45,
        "songDuration": 190.056,
        "songNumber": 33,
        "activePlayerCount": 123,
        "LinkVideo": "https://files.catbox.moe/rfocpa.webm",
        "LinkMp3": "https://files.catbox.moe/vyor0s.mp3",
        "annId": 20366
    },
    {
        "animeEng": "Skate-Leading Stars",
        "animeRomaji": "Skate-Leading Stars",
        "songName": "Chase the core",
        "artist": "Takao Sakuma",
        "type": "Opening 1",
        "correctCount": 21,
        "startTime": 50,
        "songDuration": 89.232,
        "songNumber": 34,
        "activePlayerCount": 122,
        "LinkVideo": "https://files.catbox.moe/d8f5pw.webm",
        "LinkMp3": "https://files.catbox.moe/kg0z0a.mp3",
        "annId": 22908
    },
    {
        "animeEng": "Shuffle!",
        "animeRomaji": "Shuffle!",
        "songName": "YOU",
        "artist": "YURIA",
        "type": "Opening 1",
        "correctCount": 48,
        "startTime": 1,
        "songDuration": 90.144,
        "songNumber": 35,
        "activePlayerCount": 121,
        "LinkVideo": "https://files.catbox.moe/8sxb1b.webm",
        "LinkMp3": "https://files.catbox.moe/cj21p7.mp3",
        "annId": 5375
    },
    {
        "animeEng": "Night at High Noon and the Wonder Gate",
        "animeRomaji": "Sinbad: Mahiru no Yoru to Fushigi no Mon",
        "songName": "Wataridori",
        "artist": "Hiroko Yakushimaru",
        "type": "Insert Song",
        "correctCount": 3,
        "startTime": 82,
        "songDuration": 238.702836,
        "songNumber": 36,
        "activePlayerCount": 122,
        "LinkVideo": "https://files.catbox.moe/dd1sq4.webm",
        "LinkMp3": "https://files.catbox.moe/8kayws.mp3",
        "annId": 19420,
        "correctPlayers": [
            "konomi",
            "Gianlu310",
            "Rejax"
        ]
    },
    {
        "animeEng": "Bodyguard of the Wind",
        "animeRomaji": "Kaze no Yojimbo",
        "songName": "Tokyo",
        "artist": "Escargot",
        "type": "Opening 1",
        "correctCount": 6,
        "startTime": 15,
        "songDuration": 84.739768,
        "songNumber": 37,
        "activePlayerCount": 122,
        "LinkVideo": "https://files.catbox.moe/ix3q6i.webm",
        "LinkMp3": "https://files.catbox.moe/nhcqf0.mp3",
        "annId": 1809
    },
    {
        "animeEng": "Gunslinger Girl: Il Teatrino",
        "animeRomaji": "Gunslinger Girl: Il Teatrino",
        "songName": "Tatta Hitotsu no Omoi",
        "artist": "KOKIA",
        "type": "Opening 1",
        "correctCount": 24,
        "startTime": 8,
        "songDuration": 88.2,
        "songNumber": 38,
        "activePlayerCount": 121,
        "LinkVideo": "https://files.catbox.moe/qh46hx.webm",
        "LinkMp3": "https://files.catbox.moe/g3icxs.mp3",
        "annId": 8977
    },
    {
        "animeEng": "Bobby's Girl",
        "animeRomaji": "Bobby ni Kubittake",
        "songName": "Bobby's Girl",
        "artist": "Mayumi Shimizu",
        "type": "Ending 1",
        "correctCount": 70,
        "startTime": 30,
        "songDuration": 132.048,
        "songNumber": 39,
        "activePlayerCount": 121,
        "LinkVideo": "https://files.catbox.moe/24jasz.webm",
        "LinkMp3": "https://files.catbox.moe/ivqubi.mp3",
        "annId": 5339
    },
    {
        "animeEng": "Shin Koihime\u2020Mus\u014d",
        "animeRomaji": "Shin Koihime\u2020Mus\u014d",
        "songName": "T\u014den Ketsugi ~T\u014den no Chikai~",
        "artist": "Rekka Katakiri",
        "type": "Opening 1",
        "correctCount": 11,
        "startTime": 14,
        "songDuration": 87.96,
        "songNumber": 40,
        "activePlayerCount": 121,
        "LinkVideo": "https://files.catbox.moe/lgdj0r.webm",
        "LinkMp3": "https://files.catbox.moe/kh4h4s.mp3",
        "annId": 10655
    },
    {
        "animeEng": "Gintama",
        "animeRomaji": "Gintama",
        "songName": "Tooi Nioi Indians Version",
        "artist": "YO-KING",
        "type": "Ending 5",
        "correctCount": 36,
        "startTime": 94,
        "songDuration": 138.888,
        "songNumber": 41,
        "activePlayerCount": 119,
        "LinkVideo": "https://files.catbox.moe/3kfiv5.webm",
        "LinkMp3": "https://files.catbox.moe/rs4ol9.mp3",
        "annId": 6236
    },
    {
        "animeEng": "Legendary Armor Samurai Troopers",
        "animeRomaji": "Yoroiden Samurai Troopers",
        "songName": "Chizu no Nai Tabi e",
        "artist": "Kaori Kusakabe, Takeshi Kusao, Daiki Nakamura, Tomohiro Nishimura, Nozomu Sasaki, Shigezou Sasaoka, Norio Wakamoto",
        "type": "Insert Song",
        "correctCount": 2,
        "startTime": 36,
        "songDuration": 93.624,
        "songNumber": 42,
        "activePlayerCount": 117,
        "LinkVideo": "https://files.catbox.moe/qd5evc.webm",
        "LinkMp3": "https://files.catbox.moe/z26om5.mp3",
        "annId": 340,
        "correctPlayers": [
            "DudeWeedLmao",
            "RemiliaScarlet"
        ]
    },
    {
        "animeEng": "The Disappearance of Haruhi Suzumiya",
        "animeRomaji": "Suzumiya Haruhi no Sh\u014dshitsu",
        "songName": "All I can do is singing for you",
        "artist": "Faylan",
        "type": "Insert Song",
        "correctCount": 35,
        "startTime": 0,
        "songDuration": 32.976,
        "songNumber": 43,
        "activePlayerCount": 117,
        "LinkVideo": "https://files.catbox.moe/u4fzu8.webm",
        "LinkMp3": "https://files.catbox.moe/ch5bju.mp3",
        "annId": 11120
    },
    {
        "animeEng": "AKB0048 Next Stage",
        "animeRomaji": "AKB0048 Next Stage",
        "songName": "Ue kara Mariko",
        "artist": "AKB48",
        "type": "Insert Song",
        "correctCount": 37,
        "startTime": 11,
        "songDuration": 127.416,
        "songNumber": 44,
        "activePlayerCount": 117,
        "LinkVideo": "https://files.catbox.moe/shvvab.webm",
        "LinkMp3": "https://files.catbox.moe/0uc15f.mp3",
        "annId": 14873
    },
    {
        "animeEng": "Zombie Land Saga",
        "animeRomaji": "Zombie Land Saga",
        "songName": "Atsuku Nare",
        "artist": "FranChouChou",
        "type": "Insert Song",
        "correctCount": 18,
        "startTime": 0,
        "songDuration": 131.208,
        "songNumber": 45,
        "activePlayerCount": 117,
        "LinkVideo": "https://files.catbox.moe/mtaqrz.webm",
        "LinkMp3": "https://files.catbox.moe/lytr6q.mp3",
        "annId": 21363
    },
    {
        "animeEng": "Kill la Kill",
        "animeRomaji": "Kill la Kill",
        "songName": "Suck your blood",
        "artist": "Benjamin Anderson & mpi",
        "type": "Insert Song",
        "correctCount": 39,
        "startTime": 0,
        "songDuration": 20.448,
        "songNumber": 46,
        "activePlayerCount": 116,
        "LinkVideo": "https://files.catbox.moe/ko5jsg.webm",
        "LinkMp3": "https://files.catbox.moe/o9irwo.mp3",
        "annId": 15336
    },
    {
        "animeEng": "My Teen Romantic Comedy SNAFU",
        "animeRomaji": "Oregairu",
        "songName": "Hello Alone -Band arrange-",
        "artist": "Saori Hayami & Nao T\u014dyama",
        "type": "Ending 3",
        "correctCount": 64,
        "startTime": 52,
        "songDuration": 88.536,
        "songNumber": 47,
        "activePlayerCount": 115,
        "LinkVideo": "https://files.catbox.moe/6f13pd.webm",
        "LinkMp3": "https://files.catbox.moe/26d5fn.mp3",
        "annId": 14888
    },
    {
        "animeEng": "Manga de Wakaru! Fate/Grand Order",
        "animeRomaji": "Manga de Wakaru! Fate/Grand Order",
        "songName": "Mawaseba Wakaru! FGO",
        "artist": "Tomoko Kaneda",
        "type": "Opening 1",
        "correctCount": 64,
        "startTime": 0,
        "songDuration": 28.464,
        "songNumber": 48,
        "activePlayerCount": 117,
        "LinkVideo": "https://files.catbox.moe/dh9unv.webm",
        "LinkMp3": "https://files.catbox.moe/tqoytk.mp3",
        "annId": 21942
    },
    {
        "animeEng": "Aqua Age",
        "animeRomaji": "Mizu-iro Jidai",
        "songName": "Yakusoku wa Alright!",
        "artist": "YAG PD",
        "type": "Ending 2",
        "correctCount": 3,
        "startTime": 38,
        "songDuration": 76.248,
        "songNumber": 49,
        "activePlayerCount": 117,
        "LinkVideo": "https://files.catbox.moe/cx8x14.webm",
        "LinkMp3": "https://files.catbox.moe/cpr6je.mp3",
        "annId": 1162,
        "correctPlayers": [
            "ArronChu",
            "bossandy",
            "Heylululu"
        ]
    },
    {
        "animeEng": "Mobile Fighter G Gundam",
        "animeRomaji": "Kid\u014d But\u014dden G Gundam",
        "songName": "Zoi Ngo Dik Mung Leoi",
        "artist": "Zung Wai-ling",
        "type": "Insert Song",
        "correctCount": 10,
        "startTime": 18,
        "songDuration": 66.6,
        "songNumber": 50,
        "activePlayerCount": 117,
        "LinkVideo": "https://files.catbox.moe/kq8zqu.webm",
        "LinkMp3": "https://files.catbox.moe/0m3rrv.mp3",
        "annId": 299
    },
    {
        "animeEng": "Cardfight!! Vanguard G",
        "animeRomaji": "Cardfight!! Vanguard G",
        "songName": "Mekurumeku Y\u016bki!",
        "artist": "STARMARIE",
        "type": "Ending 4",
        "correctCount": 4,
        "startTime": 19,
        "songDuration": 88.056,
        "songNumber": 51,
        "activePlayerCount": 117,
        "LinkVideo": "https://files.catbox.moe/tlqa8i.webm",
        "LinkMp3": "https://files.catbox.moe/925f1g.mp3",
        "annId": 16314,
        "correctPlayers": [
            "revel_",
            "konomi",
            "SaroArsten",
            "Shuuka"
        ]
    },
    {
        "animeEng": "Gate",
        "animeRomaji": "Gate: Jieitai Kanochi nite, Kaku Tatakaeri",
        "songName": "Harete\u2606Kirari",
        "artist": "Haruko Momoi",
        "type": "Insert Song",
        "correctCount": 42,
        "startTime": 17,
        "songDuration": 77.088,
        "songNumber": 52,
        "activePlayerCount": 117,
        "LinkVideo": "https://files.catbox.moe/vhcr9d.webm",
        "LinkMp3": "https://files.catbox.moe/9z58b7.mp3",
        "annId": 16679
    },
    {
        "animeEng": "Senki Zessh\u014d Symphogear GX",
        "animeRomaji": "Senki Zessh\u014d Symphogear GX",
        "songName": "BAYONET CHARGE",
        "artist": "Nana Mizuki\u00d7Ayahi Takagaki",
        "type": "Ending 3",
        "correctCount": 23,
        "startTime": 7,
        "songDuration": 99.080746,
        "songNumber": 53,
        "activePlayerCount": 117,
        "LinkVideo": "https://files.catbox.moe/3b7vgn.webm",
        "LinkMp3": "https://files.catbox.moe/c0nb19.mp3",
        "annId": 16312
    },
    {
        "animeEng": "Case Closed",
        "animeRomaji": "Meitantei Conan",
        "songName": "Sekai Tomete",
        "artist": "Shiori Takei",
        "type": "Ending 22",
        "correctCount": 24,
        "startTime": 12,
        "songDuration": 84.264,
        "songNumber": 54,
        "activePlayerCount": 117,
        "LinkVideo": "https://files.catbox.moe/gpid0x.webm",
        "LinkMp3": "https://files.catbox.moe/0n8fv8.mp3",
        "annId": 454
    },
    {
        "animeEng": "Sgt. Frog",
        "animeRomaji": "Keroro Guns\u014d",
        "songName": "Zenkoku Musekinin Jidai",
        "artist": "GagagaSP",
        "type": "Opening 2",
        "correctCount": 15,
        "startTime": 1,
        "songDuration": 87.48,
        "songNumber": 55,
        "activePlayerCount": 117,
        "LinkVideo": "https://files.catbox.moe/33fy7y.webm",
        "LinkMp3": "https://files.catbox.moe/npshkc.mp3",
        "annId": 3711
    },
    {
        "animeEng": "Super Short Comics",
        "animeRomaji": "Super Short Comics",
        "songName": "Emily no Inai Yoru",
        "artist": "Ichiro Mizuki",
        "type": "Ending 1",
        "correctCount": 6,
        "startTime": 0,
        "songDuration": 28.368,
        "songNumber": 56,
        "activePlayerCount": 116,
        "LinkVideo": "https://files.catbox.moe/mfgjo0.webm",
        "LinkMp3": "https://files.catbox.moe/ulxmhu.mp3",
        "annId": 16787
    },
    {
        "animeEng": "ATASHIn'CHI",
        "animeRomaji": "ATASHIn'CHI",
        "songName": "Saraba",
        "artist": "Kumiko Watanabe & Fumiko Orikasa",
        "type": "Opening 1",
        "correctCount": 22,
        "startTime": 24,
        "songDuration": 68.232,
        "songNumber": 57,
        "activePlayerCount": 117,
        "LinkVideo": "https://files.catbox.moe/ladww0.webm",
        "LinkMp3": "https://files.catbox.moe/dr3xjn.mp3",
        "annId": 4950
    },
    {
        "animeEng": "Stray Cats Overrun!",
        "animeRomaji": "Mayoi Neko Overrun!",
        "songName": "Kanadete Hoshi Uta",
        "artist": "Hitomi Mieno",
        "type": "Ending 3",
        "correctCount": 1,
        "startTime": 2,
        "songDuration": 89.938046,
        "songNumber": 58,
        "activePlayerCount": 116,
        "LinkVideo": "https://files.catbox.moe/ki6y05.webm",
        "LinkMp3": "https://files.catbox.moe/3kcrwb.mp3",
        "annId": 11175,
        "correctPlayers": [
            "touhoubanzai"
        ]
    },
    {
        "animeEng": "Gunslinger Girl: Il Teatrino",
        "animeRomaji": "Gunslinger Girl: Il Teatrino",
        "songName": "human",
        "artist": "Lia",
        "type": "Ending 4",
        "correctCount": 3,
        "startTime": 130,
        "songDuration": 283.68,
        "songNumber": 59,
        "activePlayerCount": 117,
        "LinkVideo": "https://files.catbox.moe/x8vam0.webm",
        "LinkMp3": "https://files.catbox.moe/5srrbl.mp3",
        "annId": 8977,
        "correctPlayers": [
            "tornberryz",
            "Ufokoira",
            "likejaxirl"
        ]
    },
    {
        "animeEng": "The Royal Tutor",
        "animeRomaji": "\u014cshitsu Ky\u014dshi Heine",
        "songName": "Parallel na Kankei",
        "artist": "Sh\u014dgo Sakamoto",
        "type": "Opening 1",
        "correctCount": 13,
        "startTime": 17,
        "songDuration": 87.696,
        "songNumber": 60,
        "activePlayerCount": 117,
        "LinkVideo": "https://files.catbox.moe/hi11mp.webm",
        "LinkMp3": "https://files.catbox.moe/5a160n.mp3",
        "annId": 21403
    },
    {
        "animeEng": "Food Wars! The Fifth Plate",
        "animeRomaji": "Shokugeki no S\u014dma: G\u014d no Sara",
        "songName": "Last Chapter",
        "artist": "nano.RIPE",
        "type": "Opening 1",
        "correctCount": 67,
        "startTime": 30,
        "songDuration": 88.824,
        "songNumber": 61,
        "activePlayerCount": 117,
        "LinkVideo": "https://files.catbox.moe/8r6l6k.webm",
        "LinkMp3": "https://files.catbox.moe/0srkrs.mp3",
        "annId": 23036
    },
    {
        "animeEng": "Ippatsu Hicchuu!! Devander",
        "animeRomaji": "Ippatsu Hicchuu!! Devander",
        "songName": "Kimi no Devander!",
        "artist": "Kenichi Takemoto",
        "type": "Opening 1",
        "correctCount": 7,
        "startTime": 32,
        "songDuration": 88.2,
        "songNumber": 62,
        "activePlayerCount": 117,
        "LinkVideo": "https://files.catbox.moe/hfw9j6.webm",
        "LinkMp3": "https://files.catbox.moe/xyw5ex.mp3",
        "annId": 14171
    },
    {
        "animeEng": "Speed Racer X",
        "animeRomaji": "Mach Go Go Go",
        "songName": "Junbaku no Energy",
        "artist": "Kentaro Hayami",
        "type": "Opening 1",
        "correctCount": 1,
        "startTime": 17,
        "songDuration": 87.456,
        "songNumber": 63,
        "activePlayerCount": 116,
        "LinkVideo": "https://files.catbox.moe/81s8fb.webm",
        "LinkMp3": "https://files.catbox.moe/ynbm47.mp3",
        "annId": 1445,
        "correctPlayers": [
            "Rukawa11"
        ]
    },
    {
        "animeEng": "Battle Athletes",
        "animeRomaji": "Battle Athletess Daiund\u014dkai",
        "songName": "Mune o Har\u014d!",
        "artist": "Rio Natsuki",
        "type": "Ending 1",
        "correctCount": 2,
        "startTime": 8,
        "songDuration": 89.64,
        "songNumber": 64,
        "activePlayerCount": 117,
        "LinkVideo": "https://files.catbox.moe/9ti4qr.webm",
        "LinkMp3": "https://files.catbox.moe/3tdgg8.mp3",
        "annId": 459,
        "correctPlayers": [
            "Catisam",
            "SaroArsten"
        ]
    },
    {
        "animeEng": "Kodomo no Jikan: Kodomo no Natsu Jikan",
        "animeRomaji": "Kodomo no Jikan: Kodomo no Natsu Jikan",
        "songName": "Rettsu! Ohime-sama Dakko",
        "artist": "Eri Kitamura, Kei Shindou, Mai Kadowaki",
        "type": "Opening 1",
        "correctCount": 18,
        "startTime": 43,
        "songDuration": 88.824,
        "songNumber": 65,
        "activePlayerCount": 116,
        "LinkVideo": "https://files.catbox.moe/sib97r.webm",
        "LinkMp3": "https://files.catbox.moe/pp51go.mp3",
        "annId": 12415
    },
    {
        "animeEng": "D.C.: Da Capo",
        "animeRomaji": "D.C.: Da Capo",
        "songName": "Gin no H\u014dmatsu",
        "artist": "Yukari Tamura",
        "type": "Opening 2",
        "correctCount": 9,
        "startTime": 4,
        "songDuration": 90.048,
        "songNumber": 66,
        "activePlayerCount": 117,
        "LinkVideo": "https://files.catbox.moe/vab5cc.webm",
        "LinkMp3": "https://files.catbox.moe/5e7v6d.mp3",
        "annId": 2670
    },
    {
        "animeEng": "If I See You in My Dreams",
        "animeRomaji": "Yume de Aetara",
        "songName": "Kaze no You na Kimi de Ite",
        "artist": "HaLo",
        "type": "Ending 1",
        "correctCount": 3,
        "startTime": 15,
        "songDuration": 59.832,
        "songNumber": 67,
        "activePlayerCount": 117,
        "LinkVideo": "https://files.catbox.moe/gealyr.webm",
        "LinkMp3": "https://files.catbox.moe/cxw8mc.mp3",
        "annId": 2280,
        "correctPlayers": [
            "Hooman",
            "konomi",
            "SuerkruB"
        ]
    },
    {
        "animeEng": "Ah! My Goddess: Flights of Fancy",
        "animeRomaji": "Aa Megami-sama: Sorezore no Tsubasa",
        "songName": "Koibito Doshi",
        "artist": "Jyukai",
        "type": "Ending 2",
        "correctCount": 2,
        "startTime": 34,
        "songDuration": 87.984,
        "songNumber": 68,
        "activePlayerCount": 116,
        "LinkVideo": "https://files.catbox.moe/4zltjq.webm",
        "LinkMp3": "https://files.catbox.moe/zz6mei.mp3",
        "annId": 6426,
        "correctPlayers": [
            "konomi",
            "SaroArsten"
        ]
    },
    {
        "animeEng": "Sisters of Wellber Zwei",
        "animeRomaji": "Wellber no Monogatari Dainimaku",
        "songName": "Theme of Wellber",
        "artist": "Akio Dobashi",
        "type": "Opening 1",
        "correctCount": 6,
        "startTime": 38,
        "songDuration": 90.072,
        "songNumber": 69,
        "activePlayerCount": 115,
        "LinkVideo": "https://files.catbox.moe/bxrq6v.webm",
        "LinkMp3": "https://files.catbox.moe/hjoshg.mp3",
        "annId": 8963
    },
    {
        "animeEng": "Cyborg 009: Legend of the Super Galaxy",
        "animeRomaji": "Cyborg 009: Ch\u014d Ginga Densetsu",
        "songName": "Saraba to wa Iwanai",
        "artist": "Yoshito Machida",
        "type": "Insert Song",
        "correctCount": 1,
        "startTime": 13,
        "songDuration": 223.917784,
        "songNumber": 70,
        "activePlayerCount": 115,
        "LinkVideo": "https://files.catbox.moe/agub8o.webm",
        "LinkMp3": "https://files.catbox.moe/k1uvtd.mp3",
        "annId": 1839,
        "correctPlayers": [
            "Hooman"
        ]
    },
    {
        "animeEng": "Last Exile",
        "animeRomaji": "Last Exile",
        "songName": "skywriting",
        "artist": "OKINO.SHUNTARO",
        "type": "Insert Song",
        "correctCount": 4,
        "startTime": 122,
        "songDuration": 193.584,
        "songNumber": 71,
        "activePlayerCount": 115,
        "LinkVideo": "https://files.catbox.moe/hmnvjw.webm",
        "LinkMp3": "https://files.catbox.moe/yqwhj8.mp3",
        "annId": 2294,
        "correctPlayers": [
            "DudeWeedLmao",
            "SaroArsten",
            "likejaxirl",
            "Rukawa11"
        ]
    },
    {
        "animeEng": "I'll Make a Habit of It",
        "animeRomaji": "Ch\u014d Kuseninaris\u014d",
        "songName": "Third Love",
        "artist": "Junko Inoue",
        "type": "Opening 1",
        "correctCount": 4,
        "startTime": 46,
        "songDuration": 86.784,
        "songNumber": 72,
        "activePlayerCount": 115,
        "LinkVideo": "https://files.catbox.moe/6ehhyw.webm",
        "LinkMp3": "https://files.catbox.moe/i0afiu.mp3",
        "annId": 1279,
        "correctPlayers": [
            "Catisam",
            "ChelIy",
            "Rukawa11",
            "Loppa"
        ]
    },
    {
        "animeEng": "Masamune Datenicle",
        "animeRomaji": "Masamune Datenicle",
        "songName": "Mikazuki Resize",
        "artist": "Amatsuki",
        "type": "Opening 1",
        "correctCount": 8,
        "startTime": 26,
        "songDuration": 87.144,
        "songNumber": 73,
        "activePlayerCount": 115,
        "LinkVideo": "https://files.catbox.moe/2hq643.webm",
        "LinkMp3": "https://files.catbox.moe/gbtuwm.mp3",
        "annId": 22445
    },
    {
        "animeEng": "Plastic Little",
        "animeRomaji": "Plastic Little",
        "songName": "You're Everything",
        "artist": "Keiko Toge",
        "type": "Ending 1",
        "correctCount": 1,
        "startTime": 48,
        "songDuration": 221.208,
        "songNumber": 74,
        "activePlayerCount": 114,
        "LinkVideo": "https://files.catbox.moe/hudoqk.webm",
        "LinkMp3": "https://files.catbox.moe/4aoxmw.mp3",
        "annId": 289,
        "correctPlayers": [
            "Hooman"
        ]
    },
    {
        "animeEng": "Magical Princess Minky Momo: Hold on to Your Dreams",
        "animeRomaji": "Mah\u014d no Princess Minky Momo: Yume o Dakishimete",
        "songName": "Yumemiru Heart",
        "artist": "Manami Komori",
        "type": "Opening 1",
        "correctCount": 4,
        "startTime": 6,
        "songDuration": 92.28,
        "songNumber": 75,
        "activePlayerCount": 109,
        "LinkVideo": "https://files.catbox.moe/6v6dfj.webm",
        "LinkMp3": "https://files.catbox.moe/gyymi5.mp3",
        "annId": 1763,
        "correctPlayers": [
            "revel_",
            "Catisam",
            "SaroArsten",
            "Rukawa11"
        ]
    }
]