[
    {
        "animeEng": "King of Prism: Shiny Seven Stars",
        "animeRomaji": "King of Prism: Shiny Seven Stars",
        "songName": "EZ DO DANCE -K.O.P. REMIX-",
        "artist": "Toshiki Masuda vs Shunsuke Takeuchi",
        "type": "Insert Song",
        "correctCount": 29,
        "startTime": 0,
        "songDuration": 20.28,
        "songNumber": 1,
        "activePlayerCount": 121,
        "LinkVideo": "https://files.catbox.moe/w8t11j.webm",
        "LinkMp3": "https://files.catbox.moe/ifubo7.mp3",
        "annId": 21194
    },
    {
        "animeEng": "Cyborg 009: Legend of the Super Galaxy",
        "animeRomaji": "Cyborg 009: Ch\u014d Ginga Densetsu",
        "songName": "Ai wa Maboroshi",
        "artist": "Yuriko Yamamoto",
        "type": "Insert Song",
        "correctCount": 0,
        "startTime": 56,
        "songDuration": 103.56,
        "songNumber": 2,
        "activePlayerCount": 120,
        "LinkVideo": "https://files.catbox.moe/jyivwu.webm",
        "LinkMp3": "https://files.catbox.moe/uodw6o.mp3",
        "annId": 1839
    },
    {
        "animeEng": "Your Lie in April: Moments",
        "animeRomaji": "Shigatsu wa Kimi no Uso: Moments",
        "songName": "Senobi ~Nemureru Mori no Bijo no Adagio",
        "artist": "ENA",
        "type": "Insert Song",
        "correctCount": 14,
        "startTime": 80,
        "songDuration": 138.936,
        "songNumber": 3,
        "activePlayerCount": 120,
        "LinkVideo": "https://files.catbox.moe/rrxz8f.webm",
        "LinkMp3": "https://files.catbox.moe/m2j3xc.mp3",
        "annId": 21943
    },
    {
        "animeEng": "The Slayers Try",
        "animeRomaji": "The Slayers Try",
        "songName": "don't be discouraged",
        "artist": "Megumi Hayashibara",
        "type": "Ending 1",
        "correctCount": 23,
        "startTime": 35,
        "songDuration": 74.472,
        "songNumber": 4,
        "activePlayerCount": 120,
        "LinkVideo": "https://files.catbox.moe/4lh5dk.webm",
        "LinkMp3": "https://files.catbox.moe/54iw8l.mp3",
        "annId": 658
    },
    {
        "animeEng": "Aikatsu Stars!",
        "animeRomaji": "Aikatsu Stars!",
        "songName": "Kouya no Kiseki",
        "artist": "Nanase from AIKATSU\u2606STARS!",
        "type": "Insert Song",
        "correctCount": 8,
        "startTime": 4,
        "songDuration": 117.552,
        "songNumber": 5,
        "activePlayerCount": 118,
        "LinkVideo": "https://files.catbox.moe/zrojm4.webm",
        "LinkMp3": "https://files.catbox.moe/1yz05f.mp3",
        "annId": 18088
    },
    {
        "animeEng": "Nobunagun",
        "animeRomaji": "Nobunagun",
        "songName": "Respect for the dead man",
        "artist": "Pay money To my Pain",
        "type": "Opening 1",
        "correctCount": 26,
        "startTime": 6,
        "songDuration": 88.272,
        "songNumber": 6,
        "activePlayerCount": 117,
        "LinkVideo": "https://files.catbox.moe/aq4cht.webm",
        "LinkMp3": "https://files.catbox.moe/2p79qg.mp3",
        "annId": 15678
    },
    {
        "animeEng": "Natsuiro Kiseki",
        "animeRomaji": "Natsu-iro Kiseki",
        "songName": "Non stop road",
        "artist": "Sphere",
        "type": "Opening 1",
        "correctCount": 30,
        "startTime": 44,
        "songDuration": 91.032,
        "songNumber": 7,
        "activePlayerCount": 117,
        "LinkVideo": "https://files.catbox.moe/wzsdu8.webm",
        "LinkMp3": "https://files.catbox.moe/yt6kjp.mp3",
        "annId": 13562
    },
    {
        "animeEng": "Skull-face Bookseller Honda-san",
        "animeRomaji": "Gaikotsu Shotenin Honda-san",
        "songName": "Book-end, Happy-end",
        "artist": "TECHNOBOYS PULCRAFT GREEN-FUND feat. Hiroshi Takano",
        "type": "Ending 1",
        "correctCount": 24,
        "startTime": 12,
        "songDuration": 58.748378,
        "songNumber": 8,
        "activePlayerCount": 117,
        "LinkVideo": "https://files.catbox.moe/00og1o.webm",
        "LinkMp3": "https://files.catbox.moe/ipo41j.mp3",
        "annId": 21115
    },
    {
        "animeEng": "Meiji Tokyo Renka Movie: Yumihari no Serenade",
        "animeRomaji": "Gekij\u014dban Meiji Tokyo Renka: Yumihari no Serenade",
        "songName": "Dance in the Light",
        "artist": "KENN",
        "type": "Ending 1",
        "correctCount": 6,
        "startTime": 49,
        "songDuration": 87.36,
        "songNumber": 9,
        "activePlayerCount": 116,
        "LinkVideo": "https://files.catbox.moe/jogk5b.webm",
        "LinkMp3": "https://files.catbox.moe/i2dho3.mp3",
        "annId": 16753
    },
    {
        "animeEng": "M\u00c4R",
        "animeRomaji": "M\u00c4R",
        "songName": "Kimi no Omoi Egaita Yume Atsumeru HEAVEN",
        "artist": "GARNET CROW",
        "type": "Opening 1",
        "correctCount": 14,
        "startTime": 33,
        "songDuration": 85.632,
        "songNumber": 10,
        "activePlayerCount": 116,
        "LinkVideo": "https://files.catbox.moe/0qakxz.webm",
        "LinkMp3": "https://files.catbox.moe/qbg1tt.mp3",
        "annId": 4882
    },
    {
        "animeEng": "Fate/stay night: Unlimited Blade Works",
        "animeRomaji": "Fate/stay night: Unlimited Blade Works",
        "songName": "ideal white",
        "artist": "Mashiro Ayano",
        "type": "Opening 1",
        "correctCount": 85,
        "startTime": 11,
        "songDuration": 90.014094,
        "songNumber": 11,
        "activePlayerCount": 117,
        "LinkVideo": "https://files.catbox.moe/w6waoz.webm",
        "LinkMp3": "https://files.catbox.moe/r78sdn.mp3",
        "annId": 15843
    },
    {
        "animeEng": "How Heavy Are the Dumbbells You Lift?",
        "animeRomaji": "Dumbbell Nan-Kilo Moteru?",
        "songName": "Onegai Muscle",
        "artist": "Ai Fairouz & Kaito Ishikawa",
        "type": "Opening 1",
        "correctCount": 106,
        "startTime": 1,
        "songDuration": 89.568,
        "songNumber": 12,
        "activePlayerCount": 116,
        "LinkVideo": "https://files.catbox.moe/izj713.webm",
        "LinkMp3": "https://files.catbox.moe/3sef32.mp3",
        "annId": 21764
    },
    {
        "animeEng": "Dragon Goes House-Hunting",
        "animeRomaji": "Dragon, Ie o Kau.",
        "songName": "Role-Playing",
        "artist": "Masayoshi \u014cishi",
        "type": "Opening 1",
        "correctCount": 49,
        "startTime": 7,
        "songDuration": 89.28,
        "songNumber": 13,
        "activePlayerCount": 116,
        "LinkVideo": "https://files.catbox.moe/s15i8v.webm",
        "LinkMp3": "https://files.catbox.moe/g427io.mp3",
        "annId": 23561
    },
    {
        "animeEng": "Mobile Fighter G Gundam",
        "animeRomaji": "Kid\u014d But\u014dden G Gundam",
        "songName": "Yume no Hazama de - In my dream",
        "artist": "Yuri Amano",
        "type": "Insert Song",
        "correctCount": 3,
        "startTime": 40,
        "songDuration": 90.072,
        "songNumber": 14,
        "activePlayerCount": 116,
        "LinkVideo": "https://files.catbox.moe/u7585w.webm",
        "LinkMp3": "https://files.catbox.moe/vs45bb.mp3",
        "annId": 299,
        "correctPlayers": [
            "pepis",
            "Lefafel",
            "Paokun190"
        ]
    },
    {
        "animeEng": "IRODUKU: The World in Colors",
        "animeRomaji": "Irozuku Sekai no Ashita kara.",
        "songName": "Mimei no Kimi to Hakumei no Mah\u014d",
        "artist": "Nagi Yanagi",
        "type": "Ending 1",
        "correctCount": 60,
        "startTime": 26,
        "songDuration": 89.07602,
        "songNumber": 15,
        "activePlayerCount": 116,
        "LinkVideo": "https://files.catbox.moe/lu0any.webm",
        "LinkMp3": "https://files.catbox.moe/ha8kol.mp3",
        "annId": 20794
    },
    {
        "animeEng": "Trigun",
        "animeRomaji": "Trigun",
        "songName": "Sound Life ~ REM",
        "artist": "AJA",
        "type": "Insert Song",
        "correctCount": 16,
        "startTime": 31,
        "songDuration": 70.128,
        "songNumber": 16,
        "activePlayerCount": 116,
        "LinkVideo": "https://files.catbox.moe/4pjwrm.webm",
        "LinkMp3": "https://files.catbox.moe/z5hx9r.mp3",
        "annId": 88
    },
    {
        "animeEng": "Slam Dunk",
        "animeRomaji": "Slam Dunk",
        "songName": "Zettai ni Dare mo",
        "artist": "ZYYG",
        "type": "Opening 2",
        "correctCount": 42,
        "startTime": 46,
        "songDuration": 103.756584,
        "songNumber": 17,
        "activePlayerCount": 116,
        "LinkVideo": "https://files.catbox.moe/2xrjn3.webm",
        "LinkMp3": "https://files.catbox.moe/kpgsbu.mp3",
        "annId": 659
    },
    {
        "animeEng": "Kino's Journey -the Beautiful World- the Animated Series",
        "animeRomaji": "Kino no Tabi -the Beautiful World- the Animated Series",
        "songName": "here and there",
        "artist": "Nagi Yanagi",
        "type": "Opening 1",
        "correctCount": 46,
        "startTime": 26,
        "songDuration": 90.068656,
        "songNumber": 18,
        "activePlayerCount": 116,
        "LinkVideo": "https://files.catbox.moe/0bf7m1.webm",
        "LinkMp3": "https://files.catbox.moe/klc24a.mp3",
        "annId": 19997
    },
    {
        "animeEng": "STARMYU",
        "animeRomaji": "K\u014dk\u014d Hoshi Kageki",
        "songName": "Gift ~team Otori Ver.",
        "artist": "team \u014ctori",
        "type": "Ending 1",
        "correctCount": 52,
        "startTime": 25,
        "songDuration": 88.968,
        "songNumber": 19,
        "activePlayerCount": 116,
        "LinkVideo": "https://files.catbox.moe/jnv20g.webm",
        "LinkMp3": "https://files.catbox.moe/diibws.mp3",
        "annId": 19260
    },
    {
        "animeEng": "A Little Snow Fairy Sugar",
        "animeRomaji": "Chicchana Yukitsukai Sugar",
        "songName": "Sugar Baby Love",
        "artist": "Yoko Ishida",
        "type": "Opening 1",
        "correctCount": 23,
        "startTime": 56,
        "songDuration": 90.072,
        "songNumber": 20,
        "activePlayerCount": 116,
        "LinkVideo": "https://files.catbox.moe/hsw6dg.webm",
        "LinkMp3": "https://files.catbox.moe/jfwy34.mp3",
        "annId": 1018
    },
    {
        "animeEng": "Megaman Star Force",
        "animeRomaji": "Ry\u016bsei no Rockman",
        "songName": "Heart Wave",
        "artist": "Misato Fukuen",
        "type": "Opening 1",
        "correctCount": 25,
        "startTime": 17,
        "songDuration": 59.472,
        "songNumber": 21,
        "activePlayerCount": 116,
        "LinkVideo": "https://files.catbox.moe/cqz95p.webm",
        "LinkMp3": "https://files.catbox.moe/n2tlto.mp3",
        "annId": 6894
    },
    {
        "animeEng": "Great Mazinger",
        "animeRomaji": "Great Mazinger",
        "songName": "Kate Great Mazinger",
        "artist": "Ichiro Mizuki & Columbia Yurikago-kai",
        "type": "Insert Song",
        "correctCount": 9,
        "startTime": 49,
        "songDuration": 93.048,
        "songNumber": 22,
        "activePlayerCount": 116,
        "LinkVideo": "https://files.catbox.moe/ohzpo8.webm",
        "LinkMp3": "https://files.catbox.moe/phn1g8.mp3",
        "annId": 1997
    },
    {
        "animeEng": "The God of High School",
        "animeRomaji": "The God of High School",
        "songName": "Contradiction",
        "artist": "KSUKE feat. Tyler Carter",
        "type": "Opening 1",
        "correctCount": 86,
        "startTime": 9,
        "songDuration": 89.544,
        "songNumber": 23,
        "activePlayerCount": 116,
        "LinkVideo": "https://files.catbox.moe/1ogwyb.webm",
        "LinkMp3": "https://files.catbox.moe/m6sbb9.mp3",
        "annId": 23279
    },
    {
        "animeEng": "I've Always Liked You",
        "animeRomaji": "Zutto Mae kara Suki Deshita: Kokuhaku Jikk\u014d Iinkai",
        "songName": "Kokuhaku Yokou Renshuu",
        "artist": "HoneyWorks with Haruka Tomatsu",
        "type": "Insert Song",
        "correctCount": 45,
        "startTime": 7,
        "songDuration": 132.6,
        "songNumber": 24,
        "activePlayerCount": 116,
        "LinkVideo": "https://files.catbox.moe/dll9bw.webm",
        "LinkMp3": "https://files.catbox.moe/3syibf.mp3",
        "annId": 17342
    },
    {
        "animeEng": "The World Ends with You the Animation",
        "animeRomaji": "Subarashiki Kono Sekai The Animation",
        "songName": "Twister -Animation OP ver.-",
        "artist": "MJR",
        "type": "Opening 2",
        "correctCount": 32,
        "startTime": 4,
        "songDuration": 89.184,
        "songNumber": 25,
        "activePlayerCount": 116,
        "LinkVideo": "https://files.catbox.moe/twby1h.webm",
        "LinkMp3": "https://files.catbox.moe/5qadey.mp3",
        "annId": 23510
    },
    {
        "animeEng": "Teeky\u016b",
        "animeRomaji": "Teeky\u016b",
        "songName": "Tsuppari-kun vs. Sekitori-man",
        "artist": "Yui Watanabe, Suzuko Mimori, Ky\u014dko Narumi, Kana Hanazawa",
        "type": "Opening 1",
        "correctCount": 94,
        "startTime": 0,
        "songDuration": 30.118666,
        "songNumber": 26,
        "activePlayerCount": 115,
        "LinkVideo": "https://files.catbox.moe/rq6tgp.webm",
        "LinkMp3": "https://files.catbox.moe/zu1d5j.mp3",
        "annId": 17896
    },
    {
        "animeEng": "The File of Young Kindaichi Returns",
        "animeRomaji": "Kindaichi Sh\u014dnen no Jikenbo Returns",
        "songName": "BRAND NEW STORY",
        "artist": "Tokyo Performance Doll",
        "type": "Opening 1",
        "correctCount": 14,
        "startTime": 53,
        "songDuration": 89.568,
        "songNumber": 27,
        "activePlayerCount": 115,
        "LinkVideo": "https://files.catbox.moe/qmbhjw.webm",
        "LinkMp3": "https://files.catbox.moe/90nbqy.mp3",
        "annId": 15889
    },
    {
        "animeEng": "Dream Team",
        "animeRomaji": "Whistle!",
        "songName": "DOUBLE WIND",
        "artist": "Minako Komukai",
        "type": "Opening 1",
        "correctCount": 7,
        "startTime": 17,
        "songDuration": 90.852316,
        "songNumber": 28,
        "activePlayerCount": 115,
        "LinkVideo": "https://files.catbox.moe/lkab69.webm",
        "LinkMp3": "https://files.catbox.moe/zr8hwv.mp3",
        "annId": 858
    },
    {
        "animeEng": "Teeky\u016b",
        "animeRomaji": "Teeky\u016b",
        "songName": "Koyoi Festival",
        "artist": "Ky\u014dko Narumi",
        "type": "Opening 1",
        "correctCount": 58,
        "startTime": 0,
        "songDuration": 29.016,
        "songNumber": 29,
        "activePlayerCount": 115,
        "LinkVideo": "https://files.catbox.moe/804znu.webm",
        "LinkMp3": "https://files.catbox.moe/ryz14q.mp3",
        "annId": 14613
    },
    {
        "animeEng": "Cerberus",
        "animeRomaji": "Seisen Cerberus: Ry\u016bkoku no Fatalite",
        "songName": "Xenotopia",
        "artist": "Suzuko Mimori",
        "type": "Ending 1",
        "correctCount": 8,
        "startTime": 35,
        "songDuration": 88.2,
        "songNumber": 30,
        "activePlayerCount": 115,
        "LinkVideo": "https://files.catbox.moe/mmmbdj.webm",
        "LinkMp3": "https://files.catbox.moe/z08pop.mp3",
        "annId": 18001
    },
    {
        "animeEng": "Banj\u014d no Carmel-san",
        "animeRomaji": "Banj\u014d no Carmel-san",
        "songName": "Tenj\u014d o Kakeru Mono-tachi",
        "artist": "Love Planet Five ~I've special unit~",
        "type": "Opening 1",
        "correctCount": 39,
        "startTime": 1,
        "songDuration": 36.192,
        "songNumber": 31,
        "activePlayerCount": 115,
        "LinkVideo": "https://files.catbox.moe/i1avnt.webm",
        "LinkMp3": "https://files.catbox.moe/1vp5bu.mp3",
        "annId": 8336
    },
    {
        "animeEng": "Magical Project S",
        "animeRomaji": "Mah\u014d Sh\u014djo Pretty Sammy",
        "songName": "Mah\u014d Sh\u014djo Pixy Misa Shouka",
        "artist": "Rumi Kasahara",
        "type": "Insert Song",
        "correctCount": 0,
        "startTime": 13,
        "songDuration": 55.56,
        "songNumber": 32,
        "activePlayerCount": 115,
        "LinkVideo": "https://files.catbox.moe/jte1b4.webm",
        "LinkMp3": "https://files.catbox.moe/1pom2q.mp3",
        "annId": 923
    },
    {
        "animeEng": "Ronin Warriors: Gaiden",
        "animeRomaji": "Yoroiden Samurai Troopers: Gaiden",
        "songName": "Stardust Eyes",
        "artist": "Mariko Uranishi",
        "type": "Opening 1",
        "correctCount": 4,
        "startTime": 39,
        "songDuration": 89.064,
        "songNumber": 33,
        "activePlayerCount": 114,
        "LinkVideo": "https://files.catbox.moe/iiacrs.webm",
        "LinkMp3": "https://files.catbox.moe/p01vq4.mp3",
        "annId": 1879,
        "correctPlayers": [
            "klusty",
            "Basiliskos",
            "Deilless",
            "LoliconRa"
        ]
    },
    {
        "animeEng": "Flip Flappers",
        "animeRomaji": "Flip Flappers",
        "songName": "Serendipity",
        "artist": "ZAQ",
        "type": "Opening 1",
        "correctCount": 61,
        "startTime": 24,
        "songDuration": 90.068656,
        "songNumber": 34,
        "activePlayerCount": 115,
        "LinkVideo": "https://files.catbox.moe/qr7dp1.webm",
        "LinkMp3": "https://files.catbox.moe/c3jlyl.mp3",
        "annId": 18177
    },
    {
        "animeEng": "Aikatsu Stars!",
        "animeRomaji": "Aikatsu Stars!",
        "songName": "episode Solo",
        "artist": "Sena\u30fbMiki\u30fbKana from AIKATSU\u2606STARS!",
        "type": "Insert Song",
        "correctCount": 31,
        "startTime": 2,
        "songDuration": 101.28,
        "songNumber": 35,
        "activePlayerCount": 115,
        "LinkVideo": "https://files.catbox.moe/dk531n.webm",
        "LinkMp3": "https://files.catbox.moe/tmg08p.mp3",
        "annId": 18088
    },
    {
        "animeEng": "ViVid Strike!",
        "animeRomaji": "ViVid Strike!",
        "songName": "Future Strike",
        "artist": "Yui Ogura",
        "type": "Opening 1",
        "correctCount": 61,
        "startTime": 24,
        "songDuration": 89.064,
        "songNumber": 36,
        "activePlayerCount": 116,
        "LinkVideo": "https://files.catbox.moe/8ueqex.webm",
        "LinkMp3": "https://files.catbox.moe/8eqv28.mp3",
        "annId": 22452
    },
    {
        "animeEng": "Saint Seiya: The Lost Canvas",
        "animeRomaji": "Saint Seiya: The Lost Canvas - Mei\u014d Shinwa Dai-Ni-Sh\u014d",
        "songName": "The Realm of Athena",
        "artist": "EUROX",
        "type": "Opening 1",
        "correctCount": 59,
        "startTime": 51,
        "songDuration": 88.0849,
        "songNumber": 37,
        "activePlayerCount": 116,
        "LinkVideo": "https://files.catbox.moe/mpsc3u.webm",
        "LinkMp3": "https://files.catbox.moe/f5kayu.mp3",
        "annId": 12276
    },
    {
        "animeEng": "Adventures of Pepero the Andes Boy",
        "animeRomaji": "Andes Sh\u014dnen Pepero no B\u014dken",
        "songName": "Pepero no Bouken",
        "artist": "Mitsuko Horie",
        "type": "Opening 1",
        "correctCount": 18,
        "startTime": 40,
        "songDuration": 76.176,
        "songNumber": 38,
        "activePlayerCount": 116,
        "LinkVideo": "https://files.catbox.moe/ali5gs.webm",
        "LinkMp3": "https://files.catbox.moe/t7zia3.mp3",
        "annId": 1079
    },
    {
        "animeEng": "Gintama",
        "animeRomaji": "Gintama",
        "songName": "Pray",
        "artist": "Tommy heavenly\u2076",
        "type": "Opening 1",
        "correctCount": 74,
        "startTime": 37,
        "songDuration": 88.056,
        "songNumber": 39,
        "activePlayerCount": 116,
        "LinkVideo": "https://files.catbox.moe/ee6j24.webm",
        "LinkMp3": "https://files.catbox.moe/ftvkr9.mp3",
        "annId": 6236
    },
    {
        "animeEng": "Laid-Back Camp",
        "animeRomaji": "Yuru Camp\u25b3",
        "songName": "Fuyu Biyori",
        "artist": "Eri Sasaki",
        "type": "Ending 1",
        "correctCount": 72,
        "startTime": 52,
        "songDuration": 88.512,
        "songNumber": 40,
        "activePlayerCount": 114,
        "LinkVideo": "https://files.catbox.moe/0n1yhg.webm",
        "LinkMp3": "https://files.catbox.moe/xtzsny.mp3",
        "annId": 20010
    },
    {
        "animeEng": "Birdy the Mighty",
        "animeRomaji": "Tetsuwan Birdy",
        "songName": "Sayonara Kara Hajimeyou",
        "artist": "The s.h.e",
        "type": "Ending 2",
        "correctCount": 1,
        "startTime": 78,
        "songDuration": 174.048,
        "songNumber": 41,
        "activePlayerCount": 114,
        "LinkVideo": "https://files.catbox.moe/peorzd.webm",
        "LinkMp3": "https://files.catbox.moe/0lc7xq.mp3",
        "annId": 105,
        "correctPlayers": [
            "saloed"
        ]
    },
    {
        "animeEng": "Hai Akko Desu",
        "animeRomaji": "Hai Akko Desu",
        "songName": "Hare Nochi Hare",
        "artist": "Akiko Kosaka",
        "type": "Opening 1",
        "correctCount": 1,
        "startTime": 62,
        "songDuration": 99.048,
        "songNumber": 42,
        "activePlayerCount": 115,
        "LinkVideo": "https://files.catbox.moe/6w1doz.webm",
        "LinkMp3": "https://files.catbox.moe/57w1c6.mp3",
        "annId": 1442,
        "correctPlayers": [
            "Rukawa11"
        ]
    },
    {
        "animeEng": "Nora",
        "animeRomaji": "Nora",
        "songName": "Yumehik\u014d",
        "artist": "Yuriko Yamamoto",
        "type": "Ending 1",
        "correctCount": 4,
        "startTime": 44,
        "songDuration": 210.408,
        "songNumber": 43,
        "activePlayerCount": 115,
        "LinkVideo": "https://files.catbox.moe/jqxw48.webm",
        "LinkMp3": "https://files.catbox.moe/3b6cfm.mp3",
        "annId": 1704,
        "correctPlayers": [
            "NMapper",
            "Rejax",
            "Hooman",
            "Handre"
        ]
    },
    {
        "animeEng": "Destiny of the Shrine Maiden",
        "animeRomaji": "Kannazuki no Miko",
        "songName": "Suppuration-core-",
        "artist": "KOTOKO",
        "type": "Insert Song",
        "correctCount": 29,
        "startTime": 92,
        "songDuration": 178.056,
        "songNumber": 44,
        "activePlayerCount": 115,
        "LinkVideo": "https://files.catbox.moe/uwkdf7.webm",
        "LinkMp3": "https://files.catbox.moe/5cjuqd.mp3",
        "annId": 4548
    },
    {
        "animeEng": "Natsu no Arashi! Season 2",
        "animeRomaji": "Natsu no Arashi! Season 2",
        "songName": "Amagigoe",
        "artist": "Kaori Nazuka",
        "type": "Insert Song",
        "correctCount": 1,
        "startTime": 98,
        "songDuration": 139.632,
        "songNumber": 45,
        "activePlayerCount": 115,
        "LinkVideo": "https://files.catbox.moe/3u9xm8.webm",
        "LinkMp3": "https://files.catbox.moe/nfag4j.mp3",
        "annId": 10944,
        "correctPlayers": [
            "Mizukino"
        ]
    },
    {
        "animeEng": "Onee-chan ga Kita",
        "animeRomaji": "Onee-chan ga Kita",
        "songName": "Piece",
        "artist": "Misuzu Togashi",
        "type": "Ending 1",
        "correctCount": 26,
        "startTime": 0,
        "songDuration": 28.128,
        "songNumber": 46,
        "activePlayerCount": 115,
        "LinkVideo": "https://files.catbox.moe/dhxt6c.webm",
        "LinkMp3": "https://files.catbox.moe/ol28os.mp3",
        "annId": 15696
    },
    {
        "animeEng": "Argonavis from BanG Dream!",
        "animeRomaji": "Argonavis from BanG Dream!",
        "songName": "Ch\u014d Much\u016b Sentai <Star Five> yori Ai wo Komete",
        "artist": "Argonavis",
        "type": "Insert Song",
        "correctCount": 21,
        "startTime": 21,
        "songDuration": 81.552,
        "songNumber": 47,
        "activePlayerCount": 115,
        "LinkVideo": "https://files.catbox.moe/n6vplx.webm",
        "LinkMp3": "https://files.catbox.moe/o3o68i.mp3",
        "annId": 23027
    },
    {
        "animeEng": "Bakemonogatari",
        "animeRomaji": "Bakemonogatari",
        "songName": "sugar sweet nightmare",
        "artist": "Yui Horie",
        "type": "Opening 5",
        "correctCount": 82,
        "startTime": 31,
        "songDuration": 89.568,
        "songNumber": 48,
        "activePlayerCount": 114,
        "LinkVideo": "https://files.catbox.moe/xumczq.webm",
        "LinkMp3": "https://files.catbox.moe/zqv61z.mp3",
        "annId": 10196
    },
    {
        "animeEng": "Active Raid Second",
        "animeRomaji": "Active Raid: Kid\u014d Ky\u014dsh\u016bshitsu Dai-Hakkei 2nd",
        "songName": "Golden Life",
        "artist": "AKINO with bless4",
        "type": "Insert Song",
        "correctCount": 26,
        "startTime": 15,
        "songDuration": 131.52,
        "songNumber": 49,
        "activePlayerCount": 113,
        "LinkVideo": "https://files.catbox.moe/waxfkm.webm",
        "LinkMp3": "https://files.catbox.moe/whza1z.mp3",
        "annId": 18458
    },
    {
        "animeEng": "Uta no\u2606Prince-sama\u266aMaji LOVE Legend Star",
        "animeRomaji": "Uta no\u2606Prince-sama\u266aMaji LOVE Legend Star",
        "songName": "Lovely Eyes",
        "artist": "Junichi Suwabe & Hidenori Takahashi",
        "type": "Insert Song",
        "correctCount": 1,
        "startTime": 1,
        "songDuration": 83.208,
        "songNumber": 50,
        "activePlayerCount": 113,
        "LinkVideo": "https://files.catbox.moe/51fo6i.webm",
        "LinkMp3": "https://files.catbox.moe/3sn7ry.mp3",
        "annId": 18173,
        "correctPlayers": [
            "Shuuka"
        ]
    },
    {
        "animeEng": "Power Stone",
        "animeRomaji": "Power Stone",
        "songName": "Rise in my Heart",
        "artist": "Aya & Chika",
        "type": "Opening 1",
        "correctCount": 13,
        "startTime": 33,
        "songDuration": 89.415606,
        "songNumber": 51,
        "activePlayerCount": 113,
        "LinkVideo": "https://files.catbox.moe/yagaok.webm",
        "LinkMp3": "https://files.catbox.moe/yshdv2.mp3",
        "annId": 300
    },
    {
        "animeEng": "Nisemonogatari",
        "animeRomaji": "Nisemonogatari",
        "songName": "Futakotome",
        "artist": "Chiwa Saito",
        "type": "Opening 1",
        "correctCount": 80,
        "startTime": 48,
        "songDuration": 89.064,
        "songNumber": 52,
        "activePlayerCount": 113,
        "LinkVideo": "https://files.catbox.moe/ukp39u.webm",
        "LinkMp3": "https://files.catbox.moe/dp0sfh.mp3",
        "annId": 13556
    },
    {
        "animeEng": "Cosmo Warrior Zero",
        "animeRomaji": "Cosmo Warrior Zero",
        "songName": "Jidai",
        "artist": "Geminiart High Quality",
        "type": "Opening 1",
        "correctCount": 4,
        "startTime": 51,
        "songDuration": 88.92,
        "songNumber": 53,
        "activePlayerCount": 113,
        "LinkVideo": "https://files.catbox.moe/cqv36v.webm",
        "LinkMp3": "https://files.catbox.moe/r993qo.mp3",
        "annId": 1283,
        "correctPlayers": [
            "aryagamis",
            "NijinoYume721",
            "Xesla",
            "Rukawa11"
        ]
    },
    {
        "animeEng": "Is the Order a Rabbit?? Dear My Sister",
        "animeRomaji": "Goch\u016bmon wa Usagi Desu ka?? Dear My Sister",
        "songName": "Happiness Encore",
        "artist": "Petit Rabbit's",
        "type": "Opening 1",
        "correctCount": 46,
        "startTime": 50,
        "songDuration": 91.728,
        "songNumber": 54,
        "activePlayerCount": 113,
        "LinkVideo": "https://files.catbox.moe/txxczj.webm",
        "LinkMp3": "https://files.catbox.moe/ngz4y0.mp3",
        "annId": 18757
    },
    {
        "animeEng": "Supernatural: The Anime Series",
        "animeRomaji": "Supernatural: The Anime Series",
        "songName": "Carry On Wayward Son",
        "artist": "Naoki Takao & Goro Oshima",
        "type": "Ending 1",
        "correctCount": 11,
        "startTime": 26,
        "songDuration": 63.408,
        "songNumber": 55,
        "activePlayerCount": 113,
        "LinkVideo": "https://files.catbox.moe/avvuiw.webm",
        "LinkMp3": "https://files.catbox.moe/o2nlnh.mp3",
        "annId": 12032
    },
    {
        "animeEng": "Psychic Academy",
        "animeRomaji": "Psychic Academy Aurabansho",
        "songName": "Say Over",
        "artist": "Rie Tanaka & Tsugumi Higasayama",
        "type": "Opening 1",
        "correctCount": 4,
        "startTime": 54,
        "songDuration": 90.048,
        "songNumber": 56,
        "activePlayerCount": 113,
        "LinkVideo": "https://files.catbox.moe/qvr46k.webm",
        "LinkMp3": "https://files.catbox.moe/6c6l8k.mp3",
        "annId": 880,
        "correctPlayers": [
            "pepis",
            "Hooman",
            "klusty",
            "SrueyaF"
        ]
    },
    {
        "animeEng": "A Good Librarian Like a Good Shepherd",
        "animeRomaji": "Daitoshokan no Hitsujikai",
        "songName": "Yozora no Stairs",
        "artist": "Nozomi Yamamoto",
        "type": "Insert Song",
        "correctCount": 9,
        "startTime": 3,
        "songDuration": 165.288,
        "songNumber": 57,
        "activePlayerCount": 113,
        "LinkVideo": "https://files.catbox.moe/3h541k.webm",
        "LinkMp3": "https://files.catbox.moe/npl7er.mp3",
        "annId": 16121
    },
    {
        "animeEng": "Castle Town Dandelion",
        "animeRomaji": "J\u014dkamachi no Dandelion",
        "songName": "Ring Ring Rainbow!!",
        "artist": "YuiKaori",
        "type": "Opening 1",
        "correctCount": 62,
        "startTime": 40,
        "songDuration": 88.992,
        "songNumber": 58,
        "activePlayerCount": 113,
        "LinkVideo": "https://files.catbox.moe/0qx3gc.webm",
        "LinkMp3": "https://files.catbox.moe/23am8f.mp3",
        "annId": 16857
    },
    {
        "animeEng": "Time Fighters",
        "animeRomaji": "Time Bokan",
        "songName": "Soreyuke Gaikotsu",
        "artist": "Royal Knights",
        "type": "Ending 1",
        "correctCount": 2,
        "startTime": 6,
        "songDuration": 50.808,
        "songNumber": 59,
        "activePlayerCount": 113,
        "LinkVideo": "https://files.catbox.moe/7tgwkx.webm",
        "LinkMp3": "https://files.catbox.moe/sgszhe.mp3",
        "annId": 1472,
        "correctPlayers": [
            "Hooman",
            "Rukawa11"
        ]
    },
    {
        "animeEng": "After the Rain",
        "animeRomaji": "Koi wa Ameagari no You ni",
        "songName": "Ref:rain",
        "artist": "Aimer",
        "type": "Ending 1",
        "correctCount": 56,
        "startTime": 12,
        "songDuration": 86.857125,
        "songNumber": 60,
        "activePlayerCount": 113,
        "LinkVideo": "https://files.catbox.moe/s4hrgg.webm",
        "LinkMp3": "https://files.catbox.moe/yi6jyr.mp3",
        "annId": 20226
    },
    {
        "animeEng": "Hetalia World Series",
        "animeRomaji": "Hetalia World Series",
        "songName": "Marukaite Chikyuu",
        "artist": "Masaya Onosaka",
        "type": "Ending 4",
        "correctCount": 79,
        "startTime": 0,
        "songDuration": 30.048,
        "songNumber": 61,
        "activePlayerCount": 112,
        "LinkVideo": "https://files.catbox.moe/jkahhz.webm",
        "LinkMp3": "https://files.catbox.moe/f5h3c4.mp3",
        "annId": 11720
    },
    {
        "animeEng": "Tomica Hyper Rescue Drive Head: Kid\u014d Ky\u016bky\u016b Keisatsu",
        "animeRomaji": "Tomica Hyper Rescue Drive Head: Kid\u014d Ky\u016bky\u016b Keisatsu",
        "songName": "Wacha-Gacha!",
        "artist": "SUPER\u2605DRAGON",
        "type": "Opening 1",
        "correctCount": 16,
        "startTime": 12,
        "songDuration": 89.064,
        "songNumber": 62,
        "activePlayerCount": 112,
        "LinkVideo": "https://files.catbox.moe/r1shcj.webm",
        "LinkMp3": "https://files.catbox.moe/az6v8d.mp3",
        "annId": 20568
    },
    {
        "animeEng": "The Seven Deadly Sins",
        "animeRomaji": "Nanatsu no Taizai",
        "songName": "Netsuj\u014d no Spectrum",
        "artist": "Ikimono-gakari",
        "type": "Opening 1",
        "correctCount": 74,
        "startTime": 38,
        "songDuration": 90.072,
        "songNumber": 63,
        "activePlayerCount": 112,
        "LinkVideo": "https://files.catbox.moe/ln6qbo.webm",
        "LinkMp3": "https://files.catbox.moe/xw7mdt.mp3",
        "annId": 16167
    },
    {
        "animeEng": "Sword Art Online Alternative: Gun Gale Online",
        "animeRomaji": "Sword Art Online Alternative: Gun Gale Online",
        "songName": "Independence",
        "artist": "ReoNa",
        "type": "Insert Song",
        "correctCount": 63,
        "startTime": 35,
        "songDuration": 96.84,
        "songNumber": 64,
        "activePlayerCount": 112,
        "LinkVideo": "https://files.catbox.moe/ps7iql.webm",
        "LinkMp3": "https://files.catbox.moe/rkwpnf.mp3",
        "annId": 20514
    },
    {
        "animeEng": "To LOVE-Ru",
        "animeRomaji": "To LOVE-Ru",
        "songName": "Yattekoi! Daisuki\u2665",
        "artist": "Haruka Tomatsu & Sayuri Yahagi",
        "type": "Opening 1",
        "correctCount": 21,
        "startTime": 37,
        "songDuration": 90.072,
        "songNumber": 65,
        "activePlayerCount": 112,
        "LinkVideo": "https://files.catbox.moe/jtymd4.webm",
        "LinkMp3": "https://files.catbox.moe/fmsm1d.mp3",
        "annId": 10556
    },
    {
        "animeEng": "Abnormal Physiology Seminar",
        "animeRomaji": "Abnormal Physiology Seminar",
        "songName": "Hen Zemi Hajimaru yo!",
        "artist": "Masaru Yokoyama",
        "type": "Opening 1",
        "correctCount": 27,
        "startTime": 0,
        "songDuration": 29.232,
        "songNumber": 66,
        "activePlayerCount": 112,
        "LinkVideo": "https://files.catbox.moe/9u5bc6.webm",
        "LinkMp3": "https://files.catbox.moe/yx2ihn.mp3",
        "annId": 12333
    },
    {
        "animeEng": "Theatre of Darkness: Yamishibai",
        "animeRomaji": "Yami Shibai",
        "songName": "Kaifuu Emaki",
        "artist": "AVtechNO! feat. Hatsune Miku",
        "type": "Ending 1",
        "correctCount": 90,
        "startTime": 0,
        "songDuration": 24.864,
        "songNumber": 67,
        "activePlayerCount": 112,
        "LinkVideo": "https://files.catbox.moe/2albpr.webm",
        "LinkMp3": "https://files.catbox.moe/f2avk6.mp3",
        "annId": 15493
    },
    {
        "animeEng": "Puzzle & Dragons",
        "animeRomaji": "PazuDora",
        "songName": "Friendship No.1",
        "artist": "Misaki Kurea from Girls\u00b2",
        "type": "Ending 5",
        "correctCount": 4,
        "startTime": 35,
        "songDuration": 88.824,
        "songNumber": 68,
        "activePlayerCount": 112,
        "LinkVideo": "https://files.catbox.moe/lidh5i.webm",
        "LinkMp3": "https://files.catbox.moe/lkk5pl.mp3",
        "annId": 20881,
        "correctPlayers": [
            "ArukasFrost",
            "Shuuka",
            "Thaleko",
            "konomi"
        ]
    },
    {
        "animeEng": "Rumbling Hearts",
        "animeRomaji": "Kimi ga Nozomu Eien",
        "songName": "Precious Memories",
        "artist": "Minami Kuribayashi",
        "type": "Opening 1",
        "correctCount": 18,
        "startTime": 34,
        "songDuration": 87.816,
        "songNumber": 69,
        "activePlayerCount": 112,
        "LinkVideo": "https://files.catbox.moe/1cy0w7.webm",
        "LinkMp3": "https://files.catbox.moe/pbq7l3.mp3",
        "annId": 2570
    },
    {
        "animeEng": "Perman",
        "animeRomaji": "Perman",
        "songName": "Bokura no Perman",
        "artist": "Katsue Miwa & Susumu Ishikawa",
        "type": "Opening 1",
        "correctCount": 77,
        "startTime": 7,
        "songDuration": 43.032,
        "songNumber": 70,
        "activePlayerCount": 112,
        "LinkVideo": "https://files.catbox.moe/23zudw.webm",
        "LinkMp3": "https://files.catbox.moe/o90r9l.mp3",
        "annId": 1438
    },
    {
        "animeEng": "HIMOTE HOUSE: A share house of super psychic girls",
        "animeRomaji": "Himote House",
        "songName": "Ouchi ni Kaer\u014d",
        "artist": "Hajime",
        "type": "Ending 1",
        "correctCount": 4,
        "startTime": 1,
        "songDuration": 48.06448,
        "songNumber": 71,
        "activePlayerCount": 112,
        "LinkVideo": "https://files.catbox.moe/rpr5be.webm",
        "LinkMp3": "https://files.catbox.moe/f4yhws.mp3",
        "annId": 21409,
        "correctPlayers": [
            "revel_",
            "Rukawa11",
            "e56123",
            "konomi"
        ]
    },
    {
        "animeEng": "Baki",
        "animeRomaji": "Baki",
        "songName": "The Gong of Knockout",
        "artist": "Fear, and Loathing in Las Vegas",
        "type": "Opening 2",
        "correctCount": 29,
        "startTime": 15,
        "songDuration": 89.04,
        "songNumber": 72,
        "activePlayerCount": 112,
        "LinkVideo": "https://files.catbox.moe/vzv99k.webm",
        "LinkMp3": "https://files.catbox.moe/vudsih.mp3",
        "annId": 19981
    },
    {
        "animeEng": "Fang of the Sun Dougram",
        "animeRomaji": "Taiy\u014d no Kiba Dougram",
        "songName": "Saraba Yasashiki Hibi yo",
        "artist": "Mamoru Asada",
        "type": "Opening 1",
        "correctCount": 5,
        "startTime": 7,
        "songDuration": 90.068656,
        "songNumber": 73,
        "activePlayerCount": 111,
        "LinkVideo": "https://files.catbox.moe/c8u7ox.webm",
        "LinkMp3": "https://files.catbox.moe/6ptatf.mp3",
        "annId": 873,
        "correctPlayers": [
            "Hooman",
            "Rukawa11",
            "Shuuka",
            "duoduoPOI",
            "Zylda"
        ]
    },
    {
        "animeEng": "Pani Poni Dash!",
        "animeRomaji": "Pani Poni Dash!",
        "songName": "Iyashikei Mahou Shoujo Behoimi",
        "artist": "Mai Kadowaki",
        "type": "Ending 2",
        "correctCount": 8,
        "startTime": 44,
        "songDuration": 88.608,
        "songNumber": 74,
        "activePlayerCount": 111,
        "LinkVideo": "https://files.catbox.moe/5bn59r.webm",
        "LinkMp3": "https://files.catbox.moe/p2nkme.mp3",
        "annId": 5556
    },
    {
        "animeEng": "Re:ZERO -Starting Life in Another World-",
        "animeRomaji": "Re:Zero kara Hajimeru Isekai Seikatsu",
        "songName": "Long shot",
        "artist": "Mayu Maeshima",
        "type": "Opening 1",
        "correctCount": 77,
        "startTime": 50,
        "songDuration": 87.984,
        "songNumber": 75,
        "activePlayerCount": 109,
        "LinkVideo": "https://files.catbox.moe/7qkf1x.webm",
        "LinkMp3": "https://files.catbox.moe/2ppl0s.mp3",
        "annId": 23779
    }
]