[
    {
        "animeEng": "Master of Mosquiton",
        "animeRomaji": "Master Mosquiton",
        "songName": "Master Mosquiton no Theme",
        "artist": "Osamu Tezuka",
        "type": "Opening 1",
        "correctCount": 6,
        "startTime": 56,
        "songDuration": 92.328,
        "songNumber": 1,
        "activePlayerCount": 191,
        "LinkVideo": "https://files.catbox.moe/vbe762.webm",
        "LinkMp3": "https://files.catbox.moe/55zs5a.mp3",
        "annId": 174
    },
    {
        "animeEng": "Oishinbo",
        "animeRomaji": "Oishinbo",
        "songName": "Dang Dang Kininaru",
        "artist": "Yuma Nakamura",
        "type": "Opening 2",
        "correctCount": 6,
        "startTime": 43,
        "songDuration": 78.744,
        "songNumber": 2,
        "activePlayerCount": 191,
        "LinkVideo": "https://files.catbox.moe/77mjva.webm",
        "LinkMp3": "https://files.catbox.moe/t51bcm.mp3",
        "annId": 1804
    },
    {
        "animeEng": "Fairy Tail",
        "animeRomaji": "Fairy Tail",
        "songName": "Mysterious Magic",
        "artist": "Do As Infinity",
        "type": "Opening 3",
        "correctCount": 66,
        "startTime": 12,
        "songDuration": 88.968,
        "songNumber": 3,
        "activePlayerCount": 191,
        "LinkVideo": "https://files.catbox.moe/ogihiy.webm",
        "LinkMp3": "https://files.catbox.moe/auiiqy.mp3",
        "annId": 15799
    },
    {
        "animeEng": "Case Closed",
        "animeRomaji": "Meitantei Conan",
        "songName": "Kanashii Hodo Anata ga Suki",
        "artist": "ZARD",
        "type": "Ending 24",
        "correctCount": 53,
        "startTime": 30,
        "songDuration": 84.312,
        "songNumber": 4,
        "activePlayerCount": 191,
        "LinkVideo": "https://files.catbox.moe/lwcx5l.webm",
        "LinkMp3": "https://files.catbox.moe/gkudoq.mp3",
        "annId": 454
    },
    {
        "animeEng": "O Maidens in Your Savage Season",
        "animeRomaji": "Araburu Kisetsu no Otome-domo yo.",
        "songName": "TRAIN-TRAIN",
        "artist": "THE BLUE HEARTS",
        "type": "Insert Song",
        "correctCount": 34,
        "startTime": 77,
        "songDuration": 132.504,
        "songNumber": 5,
        "activePlayerCount": 191,
        "LinkVideo": "https://files.catbox.moe/vkul29.webm",
        "LinkMp3": "https://files.catbox.moe/x9nb1t.mp3",
        "annId": 21874
    },
    {
        "animeEng": "Kamisama Kiss",
        "animeRomaji": "Kamisama Kiss",
        "songName": "Kamisama Onegai Datenshi\u2606Mix",
        "artist": "Daisuke Kishio featuring Hanae",
        "type": "Ending 2",
        "correctCount": 46,
        "startTime": 34,
        "songDuration": 91.296,
        "songNumber": 6,
        "activePlayerCount": 191,
        "LinkVideo": "https://files.catbox.moe/ojjijh.webm",
        "LinkMp3": "https://files.catbox.moe/dzoqo4.mp3",
        "annId": 14441
    },
    {
        "animeEng": "Boogiepop and Others",
        "animeRomaji": "Boogiepop wa Warawanai",
        "songName": "shadowgraph",
        "artist": "MYTH & ROID",
        "type": "Opening 1",
        "correctCount": 81,
        "startTime": 29,
        "songDuration": 89.064,
        "songNumber": 7,
        "activePlayerCount": 190,
        "LinkVideo": "https://files.catbox.moe/vikz0t.webm",
        "LinkMp3": "https://files.catbox.moe/kg1lvb.mp3",
        "annId": 21201
    },
    {
        "animeEng": "Hell Girl: Fourth Twilight",
        "animeRomaji": "Jigoku Sh\u014djo: Yoi no Togi",
        "songName": "Noise",
        "artist": "Mio Yamazaki",
        "type": "Opening 1",
        "correctCount": 32,
        "startTime": 9,
        "songDuration": 89.304,
        "songNumber": 8,
        "activePlayerCount": 191,
        "LinkVideo": "https://files.catbox.moe/5f326d.webm",
        "LinkMp3": "https://files.catbox.moe/s1trtk.mp3",
        "annId": 19416
    },
    {
        "animeEng": "Mameneko",
        "animeRomaji": "Mameneko",
        "songName": "MIKE",
        "artist": "Ayaka Segawa",
        "type": "Ending 1",
        "correctCount": 7,
        "startTime": 0,
        "songDuration": 28.536,
        "songNumber": 9,
        "activePlayerCount": 191,
        "LinkVideo": "https://files.catbox.moe/rhdxl2.webm",
        "LinkMp3": "https://files.catbox.moe/mmglzj.mp3",
        "annId": 20243
    },
    {
        "animeEng": "Teeky\u016b",
        "animeRomaji": "Teeky\u016b",
        "songName": "Tsuppari-kun vs. Sekitori-man",
        "artist": "Yui Watanabe, Suzuko Mimori, Ky\u014dko Narumi, Kana Hanazawa",
        "type": "Opening 1",
        "correctCount": 120,
        "startTime": 0,
        "songDuration": 30.118666,
        "songNumber": 10,
        "activePlayerCount": 191,
        "LinkVideo": "https://files.catbox.moe/rq6tgp.webm",
        "LinkMp3": "https://files.catbox.moe/zu1d5j.mp3",
        "annId": 17896
    },
    {
        "animeEng": "Toward the Terra",
        "animeRomaji": "Chiky\u016b e...",
        "songName": "Ai no Planet",
        "artist": "Da Capo",
        "type": "Ending 1",
        "correctCount": 6,
        "startTime": 74,
        "songDuration": 240.048,
        "songNumber": 11,
        "activePlayerCount": 190,
        "LinkVideo": "https://files.catbox.moe/ck8oli.webm",
        "LinkMp3": "https://files.catbox.moe/i3umcm.mp3",
        "annId": 1407
    },
    {
        "animeEng": "The Numbers",
        "animeRomaji": "Nanbaka",
        "songName": "Nanbaka Datsugoku Riron\u266a!",
        "artist": "Y\u016bto Uemura, Tetsuya Kakihara, Airu Shiozaki, Daiki Kobayashi, Tomokazu Seki",
        "type": "Ending 1",
        "correctCount": 54,
        "startTime": 11,
        "songDuration": 91.104,
        "songNumber": 12,
        "activePlayerCount": 189,
        "LinkVideo": "https://files.catbox.moe/y4mbzg.webm",
        "LinkMp3": "https://files.catbox.moe/01v2vi.mp3",
        "annId": 18956
    },
    {
        "animeEng": "Saiyuki Reload: Burial",
        "animeRomaji": "Saiyuki Reload: Burial",
        "songName": "Late-show",
        "artist": "GARDEN",
        "type": "Opening 1",
        "correctCount": 3,
        "startTime": 5,
        "songDuration": 92.16,
        "songNumber": 13,
        "activePlayerCount": 188,
        "LinkVideo": "https://files.catbox.moe/9lv6vi.webm",
        "LinkMp3": "https://files.catbox.moe/os4qt3.mp3",
        "annId": 7250,
        "correctPlayers": [
            "Nekto",
            "Catisam",
            "TowaSamaTenshi"
        ]
    },
    {
        "animeEng": "Monster Strike the Animation",
        "animeRomaji": "Monster Strike the Animation",
        "songName": "BRAVE OUT",
        "artist": "KNOCK OUT MONKEY",
        "type": "Opening 2",
        "correctCount": 8,
        "startTime": 0,
        "songDuration": 18.048,
        "songNumber": 14,
        "activePlayerCount": 188,
        "LinkVideo": "https://files.catbox.moe/j6hzr9.webm",
        "LinkMp3": "https://files.catbox.moe/fw2k9v.mp3",
        "annId": 22264
    },
    {
        "animeEng": "Black Jack",
        "animeRomaji": "Black Jack",
        "songName": "Gekkouka",
        "artist": "Janne Da Arc",
        "type": "Opening 1",
        "correctCount": 21,
        "startTime": 8,
        "songDuration": 84.456,
        "songNumber": 15,
        "activePlayerCount": 188,
        "LinkVideo": "https://files.catbox.moe/22j6h0.webm",
        "LinkMp3": "https://files.catbox.moe/fd74on.mp3",
        "annId": 4408
    },
    {
        "animeEng": "Peach Girl",
        "animeRomaji": "Peach Girl",
        "songName": "Baby Low Tension",
        "artist": "meg rock",
        "type": "Opening 1",
        "correctCount": 14,
        "startTime": 18,
        "songDuration": 88.056,
        "songNumber": 16,
        "activePlayerCount": 188,
        "LinkVideo": "https://files.catbox.moe/rtgdtn.webm",
        "LinkMp3": "https://files.catbox.moe/qyadae.mp3",
        "annId": 4592
    },
    {
        "animeEng": "Magical Girl Lalabel: The Sea Calls for a Summer Vacation",
        "animeRomaji": "Mah\u014d Sh\u014djo Lalabel: Umi ga Yobu Natsuyatsumi",
        "songName": "Hello Lalabel",
        "artist": "Mitsuko Horie & Columbia Yurikago-kai",
        "type": "Opening 1",
        "correctCount": 82,
        "startTime": 2,
        "songDuration": 68.136,
        "songNumber": 17,
        "activePlayerCount": 186,
        "LinkVideo": "https://files.catbox.moe/g64y8p.webm",
        "LinkMp3": "https://files.catbox.moe/yr4im0.mp3",
        "annId": 3856
    },
    {
        "animeEng": "Deliver Police: Nishitokyo-shi Deliver Keisatsutai",
        "animeRomaji": "Deliver Police: Nishitokyo-shi Deliver Keisatsutai",
        "songName": "The Final Gate",
        "artist": "Rio",
        "type": "Ending 1",
        "correctCount": 4,
        "startTime": 1,
        "songDuration": 46.824,
        "songNumber": 18,
        "activePlayerCount": 185,
        "LinkVideo": "https://files.catbox.moe/lxvt7d.webm",
        "LinkMp3": "https://files.catbox.moe/cy6gcj.mp3",
        "annId": 24204,
        "correctPlayers": [
            "Catisam",
            "Runner",
            "Skele",
            "konomi"
        ]
    },
    {
        "animeEng": "The Melancholy of Haruhi Suzumiya",
        "animeRomaji": "Suzumiya Haruhi no Y\u016butsu",
        "songName": "Koi no Mikuru Densetsu",
        "artist": "Yuko Goto",
        "type": "Opening 1",
        "correctCount": 108,
        "startTime": 0,
        "songDuration": 89.128264,
        "songNumber": 19,
        "activePlayerCount": 184,
        "LinkVideo": "https://files.catbox.moe/oe6tzm.webm",
        "LinkMp3": "https://files.catbox.moe/d35z2j.mp3",
        "annId": 6430
    },
    {
        "animeEng": "Momokyun Sword",
        "animeRomaji": "Momo Kyun Sword",
        "songName": "Mission Complete!",
        "artist": "Tennyo-tai",
        "type": "Insert Song",
        "correctCount": 0,
        "startTime": 1,
        "songDuration": 121.176,
        "songNumber": 20,
        "activePlayerCount": 183,
        "LinkVideo": "https://files.catbox.moe/m76nz0.webm",
        "LinkMp3": "https://files.catbox.moe/tb6iua.mp3",
        "annId": 15997
    },
    {
        "animeEng": "Amagami SS",
        "animeRomaji": "Amagami SS",
        "songName": "i Love",
        "artist": "azusa",
        "type": "Opening 1",
        "correctCount": 52,
        "startTime": 2,
        "songDuration": 89.52,
        "songNumber": 21,
        "activePlayerCount": 182,
        "LinkVideo": "https://files.catbox.moe/26yvsn.webm",
        "LinkMp3": "https://files.catbox.moe/rbpq8w.mp3",
        "annId": 11474
    },
    {
        "animeEng": "UFO Robo Grendizer tai Great Mazinger",
        "animeRomaji": "UFO Robo Grendizer tai Great Mazinger",
        "songName": "Uchuu no Ouja Grendizer",
        "artist": "Isao Sasaki",
        "type": "Opening 1",
        "correctCount": 126,
        "startTime": 16,
        "songDuration": 68.04,
        "songNumber": 22,
        "activePlayerCount": 182,
        "LinkVideo": "https://files.catbox.moe/lb7hh7.webm",
        "LinkMp3": "https://files.catbox.moe/mpk8tc.mp3",
        "annId": 3609
    },
    {
        "animeEng": "My My Mai",
        "animeRomaji": "Sono Ki ni Sasete yo My Mai Mai",
        "songName": "Ikenai Situation",
        "artist": "Akiko Yajima",
        "type": "Opening 1",
        "correctCount": 3,
        "startTime": 45,
        "songDuration": 97.536,
        "songNumber": 23,
        "activePlayerCount": 182,
        "LinkVideo": "https://files.catbox.moe/aos98d.webm",
        "LinkMp3": "https://files.catbox.moe/p8agbh.mp3",
        "annId": 47,
        "correctPlayers": [
            "Nekto",
            "TowaSamaTenshi",
            "watashiii"
        ]
    },
    {
        "animeEng": "Shimajir\u014d to Niji no Oasis",
        "animeRomaji": "Shimajir\u014d to Niji no Oasis",
        "songName": "Bouken no Dadada",
        "artist": "PUFFY",
        "type": "Insert Song",
        "correctCount": 5,
        "startTime": 198,
        "songDuration": 235.392,
        "songNumber": 24,
        "activePlayerCount": 182,
        "LinkVideo": "https://files.catbox.moe/c7e3bt.webm",
        "LinkMp3": "https://files.catbox.moe/4gus6o.mp3",
        "annId": 23115,
        "correctPlayers": [
            "Catisam",
            "Runner",
            "Zurer",
            "ozsauce",
            "watashiii"
        ]
    },
    {
        "animeEng": "Himitsu no Akko-chan",
        "animeRomaji": "Himitsu no Akko-chan",
        "songName": "Himitsu no Akko-chan",
        "artist": "Satoko Shimonari",
        "type": "Opening 1",
        "correctCount": 86,
        "startTime": 11,
        "songDuration": 83.904,
        "songNumber": 25,
        "activePlayerCount": 181,
        "LinkVideo": "https://files.catbox.moe/oknht4.webm",
        "LinkMp3": "https://files.catbox.moe/ofkee4.mp3",
        "annId": 2005
    },
    {
        "animeEng": "Scryed Alteration II Quan",
        "animeRomaji": "Scryed Alteration II Quan",
        "songName": "SPIRITS",
        "artist": "Mikio Sakai",
        "type": "Ending 1",
        "correctCount": 2,
        "startTime": 139,
        "songDuration": 207.12,
        "songNumber": 26,
        "activePlayerCount": 181,
        "LinkVideo": "https://files.catbox.moe/w6eigp.webm",
        "LinkMp3": "https://files.catbox.moe/3yuawn.mp3",
        "annId": 13819,
        "correctPlayers": [
            "SrueyaF",
            "watashiii"
        ]
    },
    {
        "animeEng": "Flame of Recca",
        "animeRomaji": "Recca no Honoo",
        "songName": "Nanka Shiawase",
        "artist": "the OYSTARS",
        "type": "Opening 1",
        "correctCount": 23,
        "startTime": 40,
        "songDuration": 82.992,
        "songNumber": 27,
        "activePlayerCount": 181,
        "LinkVideo": "https://files.catbox.moe/sis5r9.webm",
        "LinkMp3": "https://files.catbox.moe/swb7pf.mp3",
        "annId": 662
    },
    {
        "animeEng": "Magister Negi Magi: Ala Alba",
        "animeRomaji": "Mahou Sensei Negima!: Shiroki Tsubasa Ala Alba",
        "songName": "Kagayaku Kimi e",
        "artist": "Mahora Gakuen Chuutoubu 3-A",
        "type": "Ending 1",
        "correctCount": 3,
        "startTime": 23,
        "songDuration": 89.04,
        "songNumber": 28,
        "activePlayerCount": 181,
        "LinkVideo": "https://files.catbox.moe/kv62rw.webm",
        "LinkMp3": "https://files.catbox.moe/lmtydq.mp3",
        "annId": 9721,
        "correctPlayers": [
            "AoiKiriya",
            "nekomeiji",
            "Zurer"
        ]
    },
    {
        "animeEng": "Rumbling Heart OVA",
        "animeRomaji": "Kimi ga Nozomu Eien: Next Season",
        "songName": "Next Season",
        "artist": "Minami Kuribayashi",
        "type": "Opening 1",
        "correctCount": 6,
        "startTime": 32,
        "songDuration": 100.056,
        "songNumber": 29,
        "activePlayerCount": 183,
        "LinkVideo": "https://files.catbox.moe/zhzlmf.webm",
        "LinkMp3": "https://files.catbox.moe/sxvc3z.mp3",
        "annId": 8754
    },
    {
        "animeEng": "Useless Animals",
        "animeRomaji": "Damekko D\u014dbutsu",
        "songName": "Life is Free",
        "artist": "Ryoko Shintani",
        "type": "Ending 1",
        "correctCount": 5,
        "startTime": 11,
        "songDuration": 84.912,
        "songNumber": 30,
        "activePlayerCount": 182,
        "LinkVideo": "https://files.catbox.moe/814z6s.webm",
        "LinkMp3": "https://files.catbox.moe/2sj3c3.mp3",
        "annId": 4994,
        "correctPlayers": [
            "Nekto",
            "gaaw",
            "SrueyaF",
            "ozsauce",
            "watashiii"
        ]
    },
    {
        "animeEng": "Saga of Tanya the Evil",
        "animeRomaji": "Y\u014djo Senki",
        "songName": "JINGO JUNGLE",
        "artist": "MYTH & ROID",
        "type": "Opening 1",
        "correctCount": 150,
        "startTime": 29,
        "songDuration": 89.256,
        "songNumber": 31,
        "activePlayerCount": 180,
        "LinkVideo": "https://files.catbox.moe/m8falc.webm",
        "LinkMp3": "https://files.catbox.moe/zuy7tt.mp3",
        "annId": 18692
    },
    {
        "animeEng": "In\u014d no AICis",
        "animeRomaji": "In\u014d no AICis",
        "songName": "limit",
        "artist": "AliA",
        "type": "Opening 1",
        "correctCount": 10,
        "startTime": 0,
        "songDuration": 32.232,
        "songNumber": 32,
        "activePlayerCount": 180,
        "LinkVideo": "https://files.catbox.moe/9nqlxn.webm",
        "LinkMp3": "https://files.catbox.moe/hv9c6i.mp3",
        "annId": 23969
    },
    {
        "animeEng": "Sakura Wars: The Movie",
        "animeRomaji": "Sakura Taisen: Katsudou Shashin",
        "songName": "Gekijouban\u30fbSubete wa Umi e",
        "artist": "Akiko Kuno & Chisa Yokoyama",
        "type": "Insert Song",
        "correctCount": 3,
        "startTime": 9,
        "songDuration": 171.216,
        "songNumber": 33,
        "activePlayerCount": 178,
        "LinkVideo": "https://files.catbox.moe/ngd3hl.webm",
        "LinkMp3": "https://files.catbox.moe/qw7sem.mp3",
        "annId": 296,
        "correctPlayers": [
            "HungryLosos",
            "Zurer",
            "Tsubarun"
        ]
    },
    {
        "animeEng": "Baka & Test: Summon the Beasts 2",
        "animeRomaji": "Baka to Test to Sh\u014dkanj\u016b Ni!",
        "songName": "Kimi + Nazo + Watashi de JUMP!!",
        "artist": "Larval Stage Planning",
        "type": "Opening 1",
        "correctCount": 74,
        "startTime": 45,
        "songDuration": 88.056,
        "songNumber": 34,
        "activePlayerCount": 177,
        "LinkVideo": "https://files.catbox.moe/xnszz7.webm",
        "LinkMp3": "https://files.catbox.moe/col2ia.mp3",
        "annId": 12431
    },
    {
        "animeEng": "Here Is Greenwood",
        "animeRomaji": "Koko wa Greenwood",
        "songName": "Mezase Barcelona~Ai wa Kyakuriki",
        "artist": "Hiroshi Sakamoto",
        "type": "Insert Song",
        "correctCount": 1,
        "startTime": 48,
        "songDuration": 94.152,
        "songNumber": 35,
        "activePlayerCount": 177,
        "LinkVideo": "https://files.catbox.moe/7x727y.webm",
        "LinkMp3": "https://files.catbox.moe/nle9r8.mp3",
        "annId": 504,
        "correctPlayers": [
            "Heyko"
        ]
    },
    {
        "animeEng": "Tenchi Muyo! The Night Before The Carnival",
        "animeRomaji": "Tenchi Muyo! Omatsuri Zenjitsu no Yoru!",
        "songName": "Renai no Sain\u014d",
        "artist": "Chisa Yokoyama",
        "type": "Ending 1",
        "correctCount": 6,
        "startTime": 79,
        "songDuration": 124.92,
        "songNumber": 36,
        "activePlayerCount": 177,
        "LinkVideo": "https://files.catbox.moe/6qpn5t.webm",
        "LinkMp3": "https://files.catbox.moe/2sugml.mp3",
        "annId": 920
    },
    {
        "animeEng": "Sh\u014djo\u2606Conto All Starlight",
        "animeRomaji": "Sh\u014djo\u2606Conto All Starlight",
        "songName": "Butai Shoujo Taisou",
        "artist": "Starlight Kuku-gumi",
        "type": "Ending 1",
        "correctCount": 26,
        "startTime": 0,
        "songDuration": 29.352,
        "songNumber": 37,
        "activePlayerCount": 177,
        "LinkVideo": "https://files.catbox.moe/dqldv9.webm",
        "LinkMp3": "https://files.catbox.moe/a79oxr.mp3",
        "annId": 22447
    },
    {
        "animeEng": "Stitch!: Itazura Alien no Daib\u014dken",
        "animeRomaji": "Stitch!: Itazura Alien no Daib\u014dken",
        "songName": "Rodeo star mate",
        "artist": "the pillows",
        "type": "Opening 2",
        "correctCount": 9,
        "startTime": 22,
        "songDuration": 59.68877,
        "songNumber": 38,
        "activePlayerCount": 177,
        "LinkVideo": "https://files.catbox.moe/ojm8ha.webm",
        "LinkMp3": "https://files.catbox.moe/ocr051.mp3",
        "annId": 11486
    },
    {
        "animeEng": "Kai Doh Maru",
        "animeRomaji": "Kai Doh Maru",
        "songName": "Aisuru Koto ga Boku wo Ugokasu",
        "artist": "Akira Hiro",
        "type": "Ending 1",
        "correctCount": 2,
        "startTime": 178,
        "songDuration": 321.048,
        "songNumber": 39,
        "activePlayerCount": 177,
        "LinkVideo": "https://files.catbox.moe/ugwr77.webm",
        "LinkMp3": "https://files.catbox.moe/uufbai.mp3",
        "annId": 306,
        "correctPlayers": [
            "Runner",
            "konomi"
        ]
    },
    {
        "animeEng": "A Place Further Than the Universe",
        "animeRomaji": "Sora yori mo T\u014di Basho",
        "songName": "Mata ne",
        "artist": "saya",
        "type": "Ending 2",
        "correctCount": 53,
        "startTime": 28,
        "songDuration": 192.414652,
        "songNumber": 40,
        "activePlayerCount": 176,
        "LinkVideo": "https://files.catbox.moe/4b7tjq.webm",
        "LinkMp3": "https://files.catbox.moe/7jsh40.mp3",
        "annId": 19828
    },
    {
        "animeEng": ".hack//The Movie",
        "animeRomaji": ".hack//Sekai no Muk\u014d ni",
        "songName": "Tsunagaru Sekai",
        "artist": "Tomoyo Mitani (LieN)",
        "type": "Insert Song",
        "correctCount": 8,
        "startTime": 37,
        "songDuration": 230.13482,
        "songNumber": 41,
        "activePlayerCount": 176,
        "LinkVideo": "https://files.catbox.moe/to0ny2.webm",
        "LinkMp3": "https://files.catbox.moe/a3n17e.mp3",
        "annId": 13373
    },
    {
        "animeEng": "Tobidasu PriPara Mi~nna de Mezase! Idol\u2606Grand Prix",
        "animeRomaji": "Tobidasu PriPara Mi~nna de Mezase! Idol\u2606Grand Prix",
        "songName": "Kono Uta to Marei Hi",
        "artist": "Azusa Satou",
        "type": "Insert Song",
        "correctCount": 27,
        "startTime": 71,
        "songDuration": 121.752,
        "songNumber": 42,
        "activePlayerCount": 176,
        "LinkVideo": "https://files.catbox.moe/5jkr20.webm",
        "LinkMp3": "https://files.catbox.moe/c4zsq6.mp3",
        "annId": 17553
    },
    {
        "animeEng": "Lupin III: Alcatraz Connection",
        "animeRomaji": "Lupin Sansei: Alcatraz Connection",
        "songName": "What's the Worry?",
        "artist": "Yuji Ohno Trio featuring Akiko",
        "type": "Ending 1",
        "correctCount": 1,
        "startTime": 11,
        "songDuration": 145.056,
        "songNumber": 43,
        "activePlayerCount": 176,
        "LinkVideo": "https://files.catbox.moe/26jqvu.webm",
        "LinkMp3": "https://files.catbox.moe/9tgehq.mp3",
        "annId": 2022,
        "correctPlayers": [
            "ozsauce"
        ]
    },
    {
        "animeEng": "Haru no Ashioto The Movie: Ourin Dakkan",
        "animeRomaji": "Haru no Ashioto The Movie: Ourin Dakkan",
        "songName": "Todokete, My Heart!",
        "artist": "Hitomi Harada with Ourin Sisters",
        "type": "Opening 1",
        "correctCount": 2,
        "startTime": 65,
        "songDuration": 99.528,
        "songNumber": 44,
        "activePlayerCount": 176,
        "LinkVideo": "https://files.catbox.moe/1nrajz.webm",
        "LinkMp3": "https://files.catbox.moe/x909r9.mp3",
        "annId": 7230,
        "correctPlayers": [
            "gaaw",
            "Akaze"
        ]
    },
    {
        "animeEng": "Gigantor",
        "animeRomaji": "Tetsujin 28-go",
        "songName": "Tetsujin 28-gou",
        "artist": "Duke Aces",
        "type": "Opening 1",
        "correctCount": 32,
        "startTime": 8,
        "songDuration": 72.044476,
        "songNumber": 45,
        "activePlayerCount": 176,
        "LinkVideo": "https://files.catbox.moe/xxhdy0.webm",
        "LinkMp3": "https://files.catbox.moe/xcyia4.mp3",
        "annId": 1293
    },
    {
        "animeEng": "The Disappearance of Conan Edogawa: The Worst Two Days in History",
        "animeRomaji": "Meitantei Conan: Edogawa Conan Shiss\u014d Jiken - Chij\u014d Saiaku no Futsukakan",
        "songName": "Bokura no Yume sa Kamen Yaiba",
        "artist": "Wataru Takagi",
        "type": "Insert Song",
        "correctCount": 65,
        "startTime": 2,
        "songDuration": 53.832,
        "songNumber": 46,
        "activePlayerCount": 176,
        "LinkVideo": "https://files.catbox.moe/s460vs.webm",
        "LinkMp3": "https://files.catbox.moe/15n3l3.mp3",
        "annId": 17874
    },
    {
        "animeEng": "Sadamitsu the Destroyer",
        "animeRomaji": "Hakaima Sadamitsu",
        "songName": "Otoko no Michi wa Kenkamichi",
        "artist": "Yuji Ueda",
        "type": "Opening 2",
        "correctCount": 16,
        "startTime": 44,
        "songDuration": 89.72907,
        "songNumber": 47,
        "activePlayerCount": 176,
        "LinkVideo": "https://files.catbox.moe/wl7brq.webm",
        "LinkMp3": "https://files.catbox.moe/j0x6fs.mp3",
        "annId": 977
    },
    {
        "animeEng": "Shakugan no Shana Special: Off-Campus Class on Love and Onsen!",
        "animeRomaji": "Shakugan no Shana Tokubetsu-hen: Koi to Onsen no Kougai Gakushuu!",
        "songName": "Yoake Umarekuru Shoujo",
        "artist": "Yoko Takahashi",
        "type": "Ending 1",
        "correctCount": 65,
        "startTime": 2,
        "songDuration": 89.736,
        "songNumber": 48,
        "activePlayerCount": 175,
        "LinkVideo": "https://files.catbox.moe/qh68t6.webm",
        "LinkMp3": "https://files.catbox.moe/34uxcz.mp3",
        "annId": 6821
    },
    {
        "animeEng": "The Tower of Druaga: the Sword of Uruk",
        "animeRomaji": "Druaga no T\u014d: the Sword of URUK",
        "songName": "Questions?",
        "artist": "Yu Nakamura",
        "type": "Opening 1",
        "correctCount": 10,
        "startTime": 40,
        "songDuration": 88.944,
        "songNumber": 49,
        "activePlayerCount": 177,
        "LinkVideo": "https://files.catbox.moe/6097rv.webm",
        "LinkMp3": "https://files.catbox.moe/uwc59t.mp3",
        "annId": 10274
    },
    {
        "animeEng": "Mobile Suit Gundam Seed Destiny Special Edition",
        "animeRomaji": "Kid\u014d Senshi Gundam Seed Destiny Special Edition",
        "songName": "vestige",
        "artist": "T.M.Revolution",
        "type": "Insert Song",
        "correctCount": 44,
        "startTime": 35,
        "songDuration": 158.496,
        "songNumber": 50,
        "activePlayerCount": 177,
        "LinkVideo": "https://files.catbox.moe/bldpqd.webm",
        "LinkMp3": "https://files.catbox.moe/y8g26z.mp3",
        "annId": 6303
    },
    {
        "animeEng": "Onyankopon",
        "animeRomaji": "Onyankopon",
        "songName": "Onyankopon no Theme",
        "artist": "Onyanko Ponpons",
        "type": "Insert Song",
        "correctCount": 74,
        "startTime": 29,
        "songDuration": 63.888,
        "songNumber": 51,
        "activePlayerCount": 177,
        "LinkVideo": "https://files.catbox.moe/a6hqy7.webm",
        "LinkMp3": "https://files.catbox.moe/w3k82k.mp3",
        "annId": 22918
    },
    {
        "animeEng": "Doraemon: Nobita's Fantastical Three Musketeers",
        "animeRomaji": "Doraemon: Nobita to Mugen Sankenshi",
        "songName": "Doraemon no Uta",
        "artist": "Satoko Yamano & Nobuyo Oyama",
        "type": "Opening 1",
        "correctCount": 148,
        "startTime": 10,
        "songDuration": 72.048,
        "songNumber": 52,
        "activePlayerCount": 177,
        "LinkVideo": "https://files.catbox.moe/1w1rle.webm",
        "LinkMp3": "https://files.catbox.moe/w0uvu1.mp3",
        "annId": 1909
    },
    {
        "animeEng": "Sangokushi: Dai-Ichi-Bu Eiy\u016b-tachi no Yoake",
        "animeRomaji": "Sangokushi: Dai-Ichi-Bu Eiy\u016b-tachi no Yoake",
        "songName": "F\u016bshika-den",
        "artist": "Shinji Tanimura",
        "type": "Ending 1",
        "correctCount": 1,
        "startTime": 94,
        "songDuration": 338.04,
        "songNumber": 53,
        "activePlayerCount": 177,
        "LinkVideo": "https://files.catbox.moe/wqrlmf.webm",
        "LinkMp3": "https://files.catbox.moe/gs8a4r.mp3",
        "annId": 3844,
        "correctPlayers": [
            "Catisam"
        ]
    },
    {
        "animeEng": "Ex-Arm",
        "animeRomaji": "Ex-Arm",
        "songName": "Rise Again",
        "artist": "AIRFLIP",
        "type": "Opening 1",
        "correctCount": 81,
        "startTime": 30,
        "songDuration": 89.64,
        "songNumber": 54,
        "activePlayerCount": 177,
        "LinkVideo": "https://files.catbox.moe/oip3cb.webm",
        "LinkMp3": "https://files.catbox.moe/0dr2ht.mp3",
        "annId": 23365
    },
    {
        "animeEng": "Digimon Tamers",
        "animeRomaji": "Digimon Tamers",
        "songName": "SLASH!!",
        "artist": "Michihiko Ohta",
        "type": "Insert Song",
        "correctCount": 34,
        "startTime": 37,
        "songDuration": 79.992,
        "songNumber": 55,
        "activePlayerCount": 177,
        "LinkVideo": "https://files.catbox.moe/hzuy0k.webm",
        "LinkMp3": "https://files.catbox.moe/xfnein.mp3",
        "annId": 2171
    },
    {
        "animeEng": "On a Lustful Night Mingling with a Priest",
        "animeRomaji": "S\u014dryo to Majiwaru Shikiyoku no Yoru ni...",
        "songName": "Meaning of Life",
        "artist": "Confetti Smile",
        "type": "Ending 1",
        "correctCount": 16,
        "startTime": 0,
        "songDuration": 19.536,
        "songNumber": 56,
        "activePlayerCount": 178,
        "LinkVideo": "https://files.catbox.moe/fbkkog.webm",
        "LinkMp3": "https://files.catbox.moe/hw4ffu.mp3",
        "annId": 19311
    },
    {
        "animeEng": "BBK/BRNK",
        "animeRomaji": "Bubuki Buranki",
        "songName": "Beat your Heart",
        "artist": "Konomi Suzuki",
        "type": "Opening 1",
        "correctCount": 70,
        "startTime": 21,
        "songDuration": 89.04,
        "songNumber": 57,
        "activePlayerCount": 178,
        "LinkVideo": "https://files.catbox.moe/85mwhy.webm",
        "LinkMp3": "https://files.catbox.moe/fsik97.mp3",
        "annId": 17790
    },
    {
        "animeEng": "SSSS.GRIDMAN",
        "animeRomaji": "SSSS.GRIDMAN",
        "songName": "UNION",
        "artist": "OxT",
        "type": "Opening 1",
        "correctCount": 106,
        "startTime": 45,
        "songDuration": 89.112,
        "songNumber": 58,
        "activePlayerCount": 178,
        "LinkVideo": "https://files.catbox.moe/asik7t.webm",
        "LinkMp3": "https://files.catbox.moe/xo9p3v.mp3",
        "annId": 20369
    },
    {
        "animeEng": "The World Ends with You the Animation",
        "animeRomaji": "Subarashiki Kono Sekai The Animation",
        "songName": "Carpe Diem",
        "artist": "ASCA",
        "type": "Ending 1",
        "correctCount": 23,
        "startTime": 36,
        "songDuration": 88.992,
        "songNumber": 59,
        "activePlayerCount": 178,
        "LinkVideo": "https://files.catbox.moe/y43rud.webm",
        "LinkMp3": "https://files.catbox.moe/gxzxtq.mp3",
        "annId": 23510
    },
    {
        "animeEng": "Fire Force Season 2",
        "animeRomaji": "Enen no Sh\u014db\u014dtai: Ni no Sh\u014d",
        "songName": "SPARK-AGAIN",
        "artist": "Aimer",
        "type": "Opening 1",
        "correctCount": 86,
        "startTime": 18,
        "songDuration": 89.064,
        "songNumber": 60,
        "activePlayerCount": 177,
        "LinkVideo": "https://files.catbox.moe/qnmfeb.webm",
        "LinkMp3": "https://files.catbox.moe/2ewndw.mp3",
        "annId": 22952
    },
    {
        "animeEng": "Just Because!",
        "animeRomaji": "Just Because!",
        "songName": "behind",
        "artist": "Karin Isobe, Yuna Yoshino, Lynn",
        "type": "Ending 1",
        "correctCount": 50,
        "startTime": 43,
        "songDuration": 88.176,
        "songNumber": 61,
        "activePlayerCount": 177,
        "LinkVideo": "https://files.catbox.moe/5oreec.webm",
        "LinkMp3": "https://files.catbox.moe/u60vht.mp3",
        "annId": 19945
    },
    {
        "animeEng": "Poyopoyo",
        "animeRomaji": "Poyopoyo",
        "songName": "Maru Kaite Poyon",
        "artist": "Suzuko Mimori",
        "type": "Opening 1",
        "correctCount": 84,
        "startTime": 0,
        "songDuration": 29.492225,
        "songNumber": 62,
        "activePlayerCount": 177,
        "LinkVideo": "https://files.catbox.moe/oe057v.webm",
        "LinkMp3": "https://files.catbox.moe/bqn7qw.mp3",
        "annId": 13427
    },
    {
        "animeEng": "Buzzer Beater",
        "animeRomaji": "Buzzer Beater",
        "songName": "Hideyoshi no Theme \"SC\"",
        "artist": "Koichiro Kameyama",
        "type": "Opening 1",
        "correctCount": 22,
        "startTime": 0,
        "songDuration": 29.208,
        "songNumber": 63,
        "activePlayerCount": 177,
        "LinkVideo": "https://files.catbox.moe/hr56cb.webm",
        "LinkMp3": "https://files.catbox.moe/uyn0ds.mp3",
        "annId": 8137
    },
    {
        "animeEng": "Higurashi: When They Cry - Sotsu",
        "animeRomaji": "Higurashi no Naku Koro ni Sotsu",
        "songName": "Analogy",
        "artist": "Ayane",
        "type": "Opening 1",
        "correctCount": 43,
        "startTime": 31,
        "songDuration": 89.519,
        "songNumber": 64,
        "activePlayerCount": 177,
        "LinkVideo": "https://files.catbox.moe/lih9jq.webm",
        "annId": 24160
    },
    {
        "animeEng": "Myself; Yourself",
        "animeRomaji": "Myself; Yourself",
        "songName": "Tears Infection",
        "artist": "KAORI",
        "type": "Opening 1",
        "correctCount": 34,
        "startTime": 13,
        "songDuration": 89.736,
        "songNumber": 65,
        "activePlayerCount": 177,
        "LinkVideo": "https://files.catbox.moe/r50ozv.webm",
        "LinkMp3": "https://files.catbox.moe/88886e.mp3",
        "annId": 8507
    },
    {
        "animeEng": "BONJOUR Sweet Love Patisserie",
        "animeRomaji": "BONJOUR Sweet Love Patisserie",
        "songName": "Dochira ni Suru no?",
        "artist": "Ry\u014dhei Kimura & Hikaru Midorikawa",
        "type": "Ending 2",
        "correctCount": 4,
        "startTime": 0,
        "songDuration": 28.392,
        "songNumber": 66,
        "activePlayerCount": 176,
        "LinkVideo": "https://files.catbox.moe/cozqco.webm",
        "LinkMp3": "https://files.catbox.moe/fxanep.mp3",
        "annId": 16245,
        "correctPlayers": [
            "Runner",
            "alal47",
            "SrueyaF",
            "Tsubarun"
        ]
    },
    {
        "animeEng": "Dr. Slump",
        "animeRomaji": "Dr. Slump & Arale-chan",
        "songName": "Waiwai World",
        "artist": "Ado Mizumori feat. Koorogi '73",
        "type": "Opening 1",
        "correctCount": 45,
        "startTime": 29,
        "songDuration": 69.276688,
        "songNumber": 67,
        "activePlayerCount": 175,
        "LinkVideo": "https://files.catbox.moe/seohvl.webm",
        "LinkMp3": "https://files.catbox.moe/9ci9da.mp3",
        "annId": 971
    },
    {
        "animeEng": "Dream Festival! R",
        "animeRomaji": "Dream Festival! R",
        "songName": "Scenario ~Yuto solo ver.~",
        "artist": "Hideaki Kabumoto",
        "type": "Insert Song",
        "correctCount": 2,
        "startTime": 7,
        "songDuration": 42.768,
        "songNumber": 68,
        "activePlayerCount": 176,
        "LinkVideo": "https://files.catbox.moe/ap16b4.webm",
        "LinkMp3": "https://files.catbox.moe/hnv2du.mp3",
        "annId": 19878,
        "correctPlayers": [
            "Runner",
            "ozsauce"
        ]
    },
    {
        "animeEng": "The Ancient Magus' Bride: Those Awaiting a Star",
        "animeRomaji": "Mah\u014dtsukai no Yome: Hoshi Matsu Hito",
        "songName": "Clockwork Quick and Lightning Slow",
        "artist": "Julia Shortreed",
        "type": "Ending 1",
        "correctCount": 31,
        "startTime": 13,
        "songDuration": 52.032,
        "songNumber": 69,
        "activePlayerCount": 177,
        "LinkVideo": "https://files.catbox.moe/jo7ssx.webm",
        "LinkMp3": "https://files.catbox.moe/1fxv2g.mp3",
        "annId": 18136
    },
    {
        "animeEng": "School-Live!",
        "animeRomaji": "Gakk\u014d Gurashi!",
        "songName": "F\u30fbrie\u30fbn\u30fbd\u30fbShi\u30fbta\u30fbi",
        "artist": "Gakuen Seikatsu-bu",
        "type": "Ending 4",
        "correctCount": 101,
        "startTime": 30,
        "songDuration": 101.304,
        "songNumber": 70,
        "activePlayerCount": 177,
        "LinkVideo": "https://files.catbox.moe/lfpw5v.webm",
        "LinkMp3": "https://files.catbox.moe/2jvugg.mp3",
        "annId": 16603
    },
    {
        "animeEng": "Detective Conan: The Darkest Nightmare",
        "animeRomaji": "Meitantei Conan: Junkoku no Nightmare",
        "songName": "Sekai wa Anata no Iro ni Naru",
        "artist": "B'z",
        "type": "Ending 1",
        "correctCount": 70,
        "startTime": 62,
        "songDuration": 263.26525,
        "songNumber": 71,
        "activePlayerCount": 177,
        "LinkVideo": "https://files.catbox.moe/5e1otp.webm",
        "LinkMp3": "https://files.catbox.moe/1v7yd9.mp3",
        "annId": 17873
    },
    {
        "animeEng": "Cardfight!! Vanguard: High School Arc Cont.",
        "animeRomaji": "Cardfight!! Vanguard: Zoku K\u014dk\u014dsei-hen",
        "songName": "Invincible Fighter",
        "artist": "RAISE A SUILEN",
        "type": "Opening 1",
        "correctCount": 14,
        "startTime": 10,
        "songDuration": 88.584,
        "songNumber": 72,
        "activePlayerCount": 177,
        "LinkVideo": "https://files.catbox.moe/lot4ig.webm",
        "LinkMp3": "https://files.catbox.moe/ey1h6b.mp3",
        "annId": 21796
    },
    {
        "animeEng": "Eiga Doraemon: Nobita no Takarajima",
        "animeRomaji": "Eiga Doraemon: Nobita no Takarajima",
        "songName": "Koko ni Inai Anata e",
        "artist": "Gen Hoshino",
        "type": "Insert Song",
        "correctCount": 1,
        "startTime": 111,
        "songDuration": 265.8,
        "songNumber": 73,
        "activePlayerCount": 177,
        "LinkVideo": "https://files.catbox.moe/1ebn5a.webm",
        "LinkMp3": "https://files.catbox.moe/7rgxdp.mp3",
        "annId": 20361,
        "correctPlayers": [
            "Pratasz"
        ]
    },
    {
        "animeEng": "Ziggy Soreyuke! R&R Band",
        "animeRomaji": "Ziggy Soreyuke! R&R Band",
        "songName": "LONG AND WINDING ROAD",
        "artist": "ZIGGY",
        "type": "Insert Song",
        "correctCount": 1,
        "startTime": 93,
        "songDuration": 216.096,
        "songNumber": 74,
        "activePlayerCount": 177,
        "LinkVideo": "https://files.catbox.moe/39j0mf.webm",
        "LinkMp3": "https://files.catbox.moe/ghz9yj.mp3",
        "annId": 7342,
        "correctPlayers": [
            "Zurer"
        ]
    },
    {
        "animeEng": "Senki Zessh\u014d Symphogear AXZ",
        "animeRomaji": "Senki Zessh\u014d Symphogear AXZ",
        "songName": "Shit\u014d -Ewigkeit-",
        "artist": "Minako Kotobuki, Sh\u014dta Aoi, Rina Hidaka",
        "type": "Insert Song",
        "correctCount": 40,
        "startTime": 191,
        "songDuration": 230.64,
        "songNumber": 75,
        "activePlayerCount": 177,
        "LinkVideo": "https://files.catbox.moe/ghma0t.webm",
        "LinkMp3": "https://files.catbox.moe/1ihi4c.mp3",
        "annId": 19724
    }
]