[
    {
        "animeEng": "Aikatsu Stars!",
        "animeRomaji": "Aikatsu Stars!",
        "songName": "1,2,Sing for You!",
        "artist": "Sena\u30fbRie\u30fbMiki\u30fbKana from AIKATSU\u2606STARS!",
        "type": "Opening 2",
        "correctCount": 23,
        "startTime": 37,
        "songDuration": 88.056,
        "songNumber": 1,
        "activePlayerCount": 176,
        "LinkVideo": "https://files.catbox.moe/3ff63i.webm",
        "LinkMp3": "https://files.catbox.moe/juxeiy.mp3",
        "annId": 18088
    },
    {
        "animeEng": "Welcome to Irabu's Office",
        "animeRomaji": "Kuuchuu Buranko",
        "songName": "Shangri-La (Y.Sunahara 2009 Remodel)",
        "artist": "Denki Groove",
        "type": "Ending 1",
        "correctCount": 23,
        "startTime": 50,
        "songDuration": 107.064,
        "songNumber": 2,
        "activePlayerCount": 175,
        "LinkVideo": "https://files.catbox.moe/tybh5x.webm",
        "LinkMp3": "https://files.catbox.moe/b7pijh.mp3",
        "annId": 10953
    },
    {
        "animeEng": "The Flowers of Hard Blood",
        "animeRomaji": "Shion no \u014c",
        "songName": "LADY LOVE",
        "artist": "RIZE",
        "type": "Opening 1",
        "correctCount": 19,
        "startTime": 13,
        "songDuration": 77.086022,
        "songNumber": 3,
        "activePlayerCount": 175,
        "LinkVideo": "https://files.catbox.moe/ewd4ky.webm",
        "LinkMp3": "https://files.catbox.moe/t5guf9.mp3",
        "annId": 8138
    },
    {
        "animeEng": "Kochira Katsushika-ku Kamearikouen-mae Hashutsujo",
        "animeRomaji": "Kochira Katsushika-ku Kamearikouen-mae Hashutsujo",
        "songName": "Katsushika Rhapsody",
        "artist": "K\u014dhei D\u014djima",
        "type": "Opening 3",
        "correctCount": 8,
        "startTime": 30,
        "songDuration": 82.858984,
        "songNumber": 4,
        "activePlayerCount": 174,
        "LinkVideo": "https://files.catbox.moe/c3ze7w.webm",
        "LinkMp3": "https://files.catbox.moe/tym88r.mp3",
        "annId": 2027
    },
    {
        "animeEng": "ToHeart: Remember my memories",
        "animeRomaji": "ToHeart: Remember my memories",
        "songName": "Daisuki da yo (Into Your Heart)",
        "artist": "Naomi Tanisaki",
        "type": "Opening 1",
        "correctCount": 7,
        "startTime": 56,
        "songDuration": 89.736,
        "songNumber": 5,
        "activePlayerCount": 174,
        "LinkVideo": "https://files.catbox.moe/l2x741.webm",
        "LinkMp3": "https://files.catbox.moe/676hxi.mp3",
        "annId": 4455
    },
    {
        "animeEng": "Hell Girl: Three Vessels",
        "animeRomaji": "Jigoku Sh\u014djo Mitsuganae",
        "songName": "tsukihana",
        "artist": "Nana Kitade",
        "type": "Opening 1",
        "correctCount": 29,
        "startTime": 33,
        "songDuration": 89.064,
        "songNumber": 6,
        "activePlayerCount": 173,
        "LinkVideo": "https://files.catbox.moe/1dked9.webm",
        "LinkMp3": "https://files.catbox.moe/qkh3y4.mp3",
        "annId": 9678
    },
    {
        "animeEng": "Dance in the Vampire Bund",
        "animeRomaji": "Dance in the Vampire Bund",
        "songName": "Friends",
        "artist": "Aiko Nakano",
        "type": "Opening 1",
        "correctCount": 38,
        "startTime": 39,
        "songDuration": 88.68,
        "songNumber": 7,
        "activePlayerCount": 173,
        "LinkVideo": "https://files.catbox.moe/afo6r4.webm",
        "LinkMp3": "https://files.catbox.moe/nf5rzf.mp3",
        "annId": 10948
    },
    {
        "animeEng": "Le Chevalier D'Eon",
        "animeRomaji": "Le Chevalier D'Eon",
        "songName": "OVER NIGHT",
        "artist": "Aya",
        "type": "Ending 1",
        "correctCount": 6,
        "startTime": 17,
        "songDuration": 88.94541,
        "songNumber": 8,
        "activePlayerCount": 172,
        "LinkVideo": "https://files.catbox.moe/vaei1u.webm",
        "LinkMp3": "https://files.catbox.moe/dn0ozw.mp3",
        "annId": 6536
    },
    {
        "animeEng": "Please Take My Brother Away! 3",
        "animeRomaji": "Ani Ni Tsukeru Kusuri wa Nai! 3",
        "songName": "Jinji de Qingchun",
        "artist": "Yue Wang",
        "type": "Opening 1",
        "correctCount": 93,
        "startTime": 0,
        "songDuration": 27.36,
        "songNumber": 9,
        "activePlayerCount": 171,
        "LinkVideo": "https://files.catbox.moe/6iout3.webm",
        "LinkMp3": "https://files.catbox.moe/pt6nd3.mp3",
        "annId": 22546
    },
    {
        "animeEng": "Majin Bone",
        "animeRomaji": "Majin Bone",
        "songName": "Sensation Signal",
        "artist": "Glutamine",
        "type": "Opening 2",
        "correctCount": 3,
        "startTime": 1,
        "songDuration": 89.016,
        "songNumber": 10,
        "activePlayerCount": 170,
        "LinkVideo": "https://files.catbox.moe/r8l5pa.webm",
        "LinkMp3": "https://files.catbox.moe/alwped.mp3",
        "annId": 15785,
        "correctPlayers": [
            "redruner",
            "yahallonyanpasu",
            "Catisam"
        ]
    },
    {
        "animeEng": "Bungo Stray Dogs",
        "animeRomaji": "Bungo Stray Dogs",
        "songName": "Leaping Wings",
        "artist": "LaLa Gassh\u014d-dan",
        "type": "Insert Song",
        "correctCount": 53,
        "startTime": 19,
        "songDuration": 93.072,
        "songNumber": 11,
        "activePlayerCount": 170,
        "LinkVideo": "https://files.catbox.moe/mkr4tj.webm",
        "LinkMp3": "https://files.catbox.moe/cwblvo.mp3",
        "annId": 17693
    },
    {
        "animeEng": "STARMYU",
        "animeRomaji": "K\u014dk\u014d Hoshi Kageki",
        "songName": "GLORY+HOLLY+STORY",
        "artist": "team Hiiragi",
        "type": "Insert Song",
        "correctCount": 46,
        "startTime": 5,
        "songDuration": 99.48,
        "songNumber": 12,
        "activePlayerCount": 170,
        "LinkVideo": "https://files.catbox.moe/pzcqcq.webm",
        "LinkMp3": "https://files.catbox.moe/yl4agp.mp3",
        "annId": 21981
    },
    {
        "animeEng": "Pok\u00e9mon",
        "animeRomaji": "Pocket Monsters",
        "songName": "Born to be a Winner",
        "artist": "David Rolfe",
        "type": "Opening 4",
        "correctCount": 109,
        "startTime": 1,
        "songDuration": 45.048,
        "songNumber": 13,
        "activePlayerCount": 169,
        "LinkVideo": "https://files.catbox.moe/28b86c.webm",
        "LinkMp3": "https://files.catbox.moe/742umx.mp3",
        "annId": 270
    },
    {
        "animeEng": "Majestic Prince: Genetic Awakening",
        "animeRomaji": "Ginga Kik\u014dtai Majestic Prince Movie",
        "songName": "Kokoro wa Hitotsu ja Nai",
        "artist": "Natsumi Kon",
        "type": "Insert Song",
        "correctCount": 6,
        "startTime": 28,
        "songDuration": 177.144,
        "songNumber": 14,
        "activePlayerCount": 170,
        "LinkVideo": "https://files.catbox.moe/1115kt.webm",
        "LinkMp3": "https://files.catbox.moe/wddwm3.mp3",
        "annId": 18198
    },
    {
        "animeEng": "100 Sleeping Princes and the Kingdom of Dreams: The Animation",
        "animeRomaji": "Yume \u014ckoku to Nemureru 100-Nin no \u014cji-sama",
        "songName": "Secret Dreams Unplugged MIX",
        "artist": "Kenichi Suzumura & Yuu Miyazaki",
        "type": "Ending 2",
        "correctCount": 10,
        "startTime": 0,
        "songDuration": 86.751162,
        "songNumber": 15,
        "activePlayerCount": 170,
        "LinkVideo": "https://files.catbox.moe/zbbxl2.webm",
        "LinkMp3": "https://files.catbox.moe/4vrysb.mp3",
        "annId": 21052
    },
    {
        "animeEng": "Macross Delta Movie: Gekij\u014d no Walk\u00fcre",
        "animeRomaji": "Macross Delta Movie: Gekij\u014d no Walk\u00fcre",
        "songName": "God Bless You",
        "artist": "Walk\u00fcre",
        "type": "Insert Song",
        "correctCount": 25,
        "startTime": 59,
        "songDuration": 197.064,
        "songNumber": 16,
        "activePlayerCount": 170,
        "LinkVideo": "https://files.catbox.moe/ualsr5.webm",
        "LinkMp3": "https://files.catbox.moe/dxwm94.mp3",
        "annId": 20180
    },
    {
        "animeEng": "One Piece",
        "animeRomaji": "One Piece",
        "songName": "Hope",
        "artist": "Namie Amuro",
        "type": "Opening 20",
        "correctCount": 77,
        "startTime": 62,
        "songDuration": 148.368,
        "songNumber": 17,
        "activePlayerCount": 170,
        "LinkVideo": "https://files.catbox.moe/8z0xet.webm",
        "LinkMp3": "https://files.catbox.moe/dgxrh7.mp3",
        "annId": 836
    },
    {
        "animeEng": "Ky\u014ds\u014dgiga Dainidan",
        "animeRomaji": "Ky\u014ds\u014dgiga Dainidan",
        "songName": "Kongou Kyojin Bishamaru",
        "artist": "Nami Nakagawa, Mitsu, Eiji Takemoto",
        "type": "Insert Song",
        "correctCount": 46,
        "startTime": 0,
        "songDuration": 31.584,
        "songNumber": 18,
        "activePlayerCount": 170,
        "LinkVideo": "https://files.catbox.moe/oqa8w8.webm",
        "LinkMp3": "https://files.catbox.moe/50l7yu.mp3",
        "annId": 14964
    },
    {
        "animeEng": "Major",
        "animeRomaji": "Major",
        "songName": "PLAY THE GAME",
        "artist": "Road of Major",
        "type": "Opening 3",
        "correctCount": 20,
        "startTime": 10,
        "songDuration": 86.960138,
        "songNumber": 19,
        "activePlayerCount": 170,
        "LinkVideo": "https://files.catbox.moe/9gudtp.webm",
        "LinkMp3": "https://files.catbox.moe/u1n2y9.mp3",
        "annId": 4115
    },
    {
        "animeEng": "Battle Girl High School",
        "animeRomaji": "Battle Girl High School",
        "songName": "Hoshi no Kizuna",
        "artist": "Shinjugamine Jogakuen Hoshimori Class",
        "type": "Opening 1",
        "correctCount": 14,
        "startTime": 54,
        "songDuration": 87.978896,
        "songNumber": 20,
        "activePlayerCount": 170,
        "LinkVideo": "https://files.catbox.moe/zu7f53.webm",
        "LinkMp3": "https://files.catbox.moe/vzi27c.mp3",
        "annId": 19376
    },
    {
        "animeEng": "Kemono Jihen",
        "animeRomaji": "Kemono Jihen",
        "songName": "Kemono Michi",
        "artist": "Daisuke Ono",
        "type": "Opening 1",
        "correctCount": 43,
        "startTime": 29,
        "songDuration": 89.112,
        "songNumber": 21,
        "activePlayerCount": 170,
        "LinkVideo": "https://files.catbox.moe/ggb8tq.webm",
        "LinkMp3": "https://files.catbox.moe/ry8l4r.mp3",
        "annId": 23514
    },
    {
        "animeEng": "Yobarete Tobidete Akubi-chan",
        "animeRomaji": "Yobarete Tobidete Akubi-chan",
        "songName": "Miracle DAYS",
        "artist": "C.E.O.",
        "type": "Opening 1",
        "correctCount": 4,
        "startTime": 11,
        "songDuration": 89.284996,
        "songNumber": 22,
        "activePlayerCount": 170,
        "LinkVideo": "https://files.catbox.moe/8s5vj9.webm",
        "LinkMp3": "https://files.catbox.moe/bpsly6.mp3",
        "annId": 2080,
        "correctPlayers": [
            "watashiii",
            "SrueyaF",
            "Catisam",
            "Fairy9"
        ]
    },
    {
        "animeEng": "Engage Planet Kiss Dum",
        "animeRomaji": "Kiss Dum: Engage Planet",
        "songName": "A Runner at Daybreak",
        "artist": "II MIX\u22bfDELTA",
        "type": "Opening 2",
        "correctCount": 5,
        "startTime": 10,
        "songDuration": 79.071294,
        "songNumber": 23,
        "activePlayerCount": 170,
        "LinkVideo": "https://files.catbox.moe/ue8eik.webm",
        "LinkMp3": "https://files.catbox.moe/ezjdij.mp3",
        "annId": 7450,
        "correctPlayers": [
            "watashiii",
            "Jlin2",
            "oh95",
            "shadowpandax",
            "Nippah"
        ]
    },
    {
        "animeEng": "Alice or Alice",
        "animeRomaji": "Alice or Alice",
        "songName": "LONELY ALICE",
        "artist": "Pyxis",
        "type": "Ending 1",
        "correctCount": 41,
        "startTime": 0,
        "songDuration": 30,
        "songNumber": 24,
        "activePlayerCount": 170,
        "LinkVideo": "https://files.catbox.moe/dhzogi.webm",
        "LinkMp3": "https://files.catbox.moe/i4q26h.mp3",
        "annId": 19934
    },
    {
        "animeEng": "Major: World Series-hen - Yume no Shunkan e",
        "animeRomaji": "Major: World Series-hen - Yume no Shunkan e",
        "songName": "JUST DO IT",
        "artist": "CLUTCHO",
        "type": "Opening 1",
        "correctCount": 16,
        "startTime": 33,
        "songDuration": 85.68,
        "songNumber": 25,
        "activePlayerCount": 170,
        "LinkVideo": "https://files.catbox.moe/dzab0u.webm",
        "LinkMp3": "https://files.catbox.moe/q23s3d.mp3",
        "annId": 13860
    },
    {
        "animeEng": "The Everyday Tales of a Cat God",
        "animeRomaji": "Nekogami Yaoyorozu",
        "songName": "Yaoyorozu Ondo",
        "artist": "Haruka Tomatsu & Yuuko Sanpei",
        "type": "Ending 2",
        "correctCount": 8,
        "startTime": 1,
        "songDuration": 89.064,
        "songNumber": 26,
        "activePlayerCount": 170,
        "LinkVideo": "https://files.catbox.moe/lutatw.webm",
        "LinkMp3": "https://files.catbox.moe/igjrc5.mp3",
        "annId": 12223
    },
    {
        "animeEng": "Cleopatra D.C.",
        "animeRomaji": "Cleopatra D.C.",
        "songName": "One Very Special Girl",
        "artist": "Norinobu Sugai",
        "type": "Ending 1",
        "correctCount": 4,
        "startTime": 10,
        "songDuration": 95.688,
        "songNumber": 27,
        "activePlayerCount": 170,
        "LinkVideo": "https://files.catbox.moe/8n5yuv.webm",
        "LinkMp3": "https://files.catbox.moe/wngga7.mp3",
        "annId": 267,
        "correctPlayers": [
            "Neutroll",
            "Jlin2",
            "doomchicken",
            "Catisam"
        ]
    },
    {
        "animeEng": "I'm glad I could keep running.",
        "animeRomaji": "Hashiri Tsuzukete Yokattatte.",
        "songName": "Aikatsu Happy End",
        "artist": "=LOVE",
        "type": "Ending 1",
        "correctCount": 10,
        "startTime": 5,
        "songDuration": 89.07602,
        "songNumber": 28,
        "activePlayerCount": 170,
        "LinkVideo": "https://files.catbox.moe/6rjt6x.webm",
        "LinkMp3": "https://files.catbox.moe/5u399r.mp3",
        "annId": 21362
    },
    {
        "animeEng": "Uta no\u2606Prince-sama\u266aMaji LOVE Kingdom",
        "animeRomaji": "Uta no\u2606Prince-sama\u266aMaji LOVE Kingdom",
        "songName": "GIRA\u00d72\u2605SEVEN",
        "artist": "HE\u2605VENS",
        "type": "Insert Song",
        "correctCount": 10,
        "startTime": 111,
        "songDuration": 196.944,
        "songNumber": 29,
        "activePlayerCount": 170,
        "LinkVideo": "https://files.catbox.moe/9pe4t7.webm",
        "LinkMp3": "https://files.catbox.moe/t16rcl.mp3",
        "annId": 20471
    },
    {
        "animeEng": "Kengan Ashura",
        "animeRomaji": "Kengan Ashura",
        "songName": "The Opera House of Illusions",
        "artist": "Emille's Moonlight Serenade",
        "type": "Insert Song",
        "correctCount": 16,
        "startTime": 14,
        "songDuration": 48.6,
        "songNumber": 30,
        "activePlayerCount": 170,
        "LinkVideo": "https://files.catbox.moe/kspbze.webm",
        "LinkMp3": "https://files.catbox.moe/yholt6.mp3",
        "annId": 20427
    },
    {
        "animeEng": "Ah! My Goddess",
        "animeRomaji": "Aa Megami-sama",
        "songName": "OPEN YOUR MIND ~Chiisana Hane Hirogete~",
        "artist": "Yoko Ishida",
        "type": "Opening 1",
        "correctCount": 21,
        "startTime": 54,
        "songDuration": 88.128,
        "songNumber": 31,
        "activePlayerCount": 170,
        "LinkVideo": "https://files.catbox.moe/6uvxwd.webm",
        "LinkMp3": "https://files.catbox.moe/3v8hux.mp3",
        "annId": 3639
    },
    {
        "animeEng": "Gintama'",
        "animeRomaji": "Gintama'",
        "songName": "Donten",
        "artist": "DOES",
        "type": "Insert Song",
        "correctCount": 88,
        "startTime": 4,
        "songDuration": 86.16,
        "songNumber": 32,
        "activePlayerCount": 169,
        "LinkVideo": "https://files.catbox.moe/mdl4u0.webm",
        "LinkMp3": "https://files.catbox.moe/ub05xs.mp3",
        "annId": 12835
    },
    {
        "animeEng": "Galaxy Angel A",
        "animeRomaji": "Galaxy Angel A",
        "songName": "In the Chaos",
        "artist": "JAM Project Featuring Masami Okui",
        "type": "Ending 3",
        "correctCount": 1,
        "startTime": 115,
        "songDuration": 203.22916,
        "songNumber": 33,
        "activePlayerCount": 169,
        "LinkVideo": "https://files.catbox.moe/jz9ip9.webm",
        "LinkMp3": "https://files.catbox.moe/ame9po.mp3",
        "annId": 2142,
        "correctPlayers": [
            "yahallonyanpasu"
        ]
    },
    {
        "animeEng": "Miss Bernard said.",
        "animeRomaji": "Bernard-j\u014d Iwaku.",
        "songName": "Love! Library!",
        "artist": "Sh\u014djo Fractal",
        "type": "Ending 1",
        "correctCount": 18,
        "startTime": 0,
        "songDuration": 29.376,
        "songNumber": 34,
        "activePlayerCount": 169,
        "LinkVideo": "https://files.catbox.moe/lvj81g.webm",
        "LinkMp3": "https://files.catbox.moe/d76v21.mp3",
        "annId": 18697
    },
    {
        "animeEng": "St. Luminous Mission High School",
        "animeRomaji": "Saint Luminous Jogakuin",
        "songName": "LABYRINTH",
        "artist": "ALI PROJECT",
        "type": "Ending 1",
        "correctCount": 7,
        "startTime": 0,
        "songDuration": 112.968,
        "songNumber": 35,
        "activePlayerCount": 167,
        "LinkVideo": "https://files.catbox.moe/bytyq2.webm",
        "LinkMp3": "https://files.catbox.moe/4vsbkh.mp3",
        "annId": 1115
    },
    {
        "animeEng": "Interviews with Monster Girls",
        "animeRomaji": "Demi-chan wa Kataritai",
        "songName": "Original.",
        "artist": "TrySail",
        "type": "Opening 1",
        "correctCount": 99,
        "startTime": 0,
        "songDuration": 88.896,
        "songNumber": 36,
        "activePlayerCount": 166,
        "LinkVideo": "https://files.catbox.moe/rb7vlv.webm",
        "LinkMp3": "https://files.catbox.moe/0228wx.mp3",
        "annId": 18724
    },
    {
        "animeEng": "When They Cry Kai",
        "animeRomaji": "Higurashi no Naku Koro ni Kai",
        "songName": "Naraku no Hana",
        "artist": "Eiko Shimamiya",
        "type": "Opening 1",
        "correctCount": 90,
        "startTime": 57,
        "songDuration": 95.64,
        "songNumber": 37,
        "activePlayerCount": 166,
        "LinkVideo": "https://files.catbox.moe/6gww6w.webm",
        "LinkMp3": "https://files.catbox.moe/81991h.mp3",
        "annId": 7454
    },
    {
        "animeEng": "Tokimeki Memorial: Only Love",
        "animeRomaji": "Tokimeki Memorial: Only Love",
        "songName": "Futatsuboshi",
        "artist": "Saki Fujita",
        "type": "Insert Song",
        "correctCount": 2,
        "startTime": 39,
        "songDuration": 110.304,
        "songNumber": 38,
        "activePlayerCount": 166,
        "LinkVideo": "https://files.catbox.moe/1zg4qy.webm",
        "LinkMp3": "https://files.catbox.moe/u2piy3.mp3",
        "annId": 6825,
        "correctPlayers": [
            "yahallonyanpasu",
            "SrueyaF"
        ]
    },
    {
        "animeEng": "Akane-iro ni Somaru Saka",
        "animeRomaji": "Akane-iro ni Somaru Saka",
        "songName": "Confusion...",
        "artist": "Ryou Hirohashi",
        "type": "Ending 2",
        "correctCount": 5,
        "startTime": 34,
        "songDuration": 90.024,
        "songNumber": 39,
        "activePlayerCount": 167,
        "LinkVideo": "https://files.catbox.moe/muvvml.webm",
        "LinkMp3": "https://files.catbox.moe/xfgz6p.mp3",
        "annId": 10095,
        "correctPlayers": [
            "iQuestGod",
            "watashiii",
            "Jlin2",
            "Zeal_Kido",
            "SrueyaF"
        ]
    },
    {
        "animeEng": "The Disastrous Life of Saiki K.",
        "animeRomaji": "Saiki Kusuo no Psi Nan",
        "songName": "Duet\u2661Shitekuda-\u03a8",
        "artist": "Saiki-kku Lover feat. Hiroshi Kamiya, Ai Kayano, Eri Kitamura",
        "type": "Ending 2",
        "correctCount": 95,
        "startTime": 9,
        "songDuration": 89.4,
        "songNumber": 40,
        "activePlayerCount": 168,
        "LinkVideo": "https://files.catbox.moe/6zw932.webm",
        "LinkMp3": "https://files.catbox.moe/qg6bza.mp3",
        "annId": 20177
    },
    {
        "animeEng": "Jewelpet Kira\u2606Deco!",
        "animeRomaji": "Jewelpet Kira\u2606Deco!",
        "songName": "Zutto Zutto Tomodachi",
        "artist": "Mana Ashida",
        "type": "Ending 1",
        "correctCount": 12,
        "startTime": 18,
        "songDuration": 88.266238,
        "songNumber": 41,
        "activePlayerCount": 167,
        "LinkVideo": "https://files.catbox.moe/4oc9b5.webm",
        "LinkMp3": "https://files.catbox.moe/h3eti1.mp3",
        "annId": 14061
    },
    {
        "animeEng": "G-9",
        "animeRomaji": "G-9",
        "songName": "Missing",
        "artist": "DUSTZ",
        "type": "Ending 1",
        "correctCount": 2,
        "startTime": 40,
        "songDuration": 125.664,
        "songNumber": 42,
        "activePlayerCount": 166,
        "LinkVideo": "https://files.catbox.moe/8y86ng.webm",
        "LinkMp3": "https://files.catbox.moe/dm9b4l.mp3",
        "annId": 7153,
        "correctPlayers": [
            "Zurer",
            "yahallonyanpasu"
        ]
    },
    {
        "animeEng": "Please Teacher!",
        "animeRomaji": "Please Teacher!",
        "songName": "Sora no Mori de",
        "artist": "Mami Kawada",
        "type": "Ending 1",
        "correctCount": 16,
        "startTime": 16,
        "songDuration": 79.608,
        "songNumber": 43,
        "activePlayerCount": 165,
        "LinkVideo": "https://files.catbox.moe/9sflcy.webm",
        "LinkMp3": "https://files.catbox.moe/qmd7ru.mp3",
        "annId": 2046
    },
    {
        "animeEng": "Samurai Flamenco",
        "animeRomaji": "Samurai Flamenco",
        "songName": "Namidaboshi",
        "artist": "Haruka Tomatsu",
        "type": "Ending 2",
        "correctCount": 8,
        "startTime": 40,
        "songDuration": 88.344,
        "songNumber": 44,
        "activePlayerCount": 164,
        "LinkVideo": "https://files.catbox.moe/lvti6o.webm",
        "LinkMp3": "https://files.catbox.moe/69qk3i.mp3",
        "annId": 15498
    },
    {
        "animeEng": "Japan Animator Expo",
        "animeRomaji": "Nihon Animator Mihonichi",
        "songName": "ME!ME!ME!",
        "artist": "TeddyLoid feat. daoko",
        "type": "Insert Song",
        "correctCount": 26,
        "startTime": 250,
        "songDuration": 327.491514,
        "songNumber": 45,
        "activePlayerCount": 165,
        "LinkVideo": "https://files.catbox.moe/0bbbe0.webm",
        "LinkMp3": "https://files.catbox.moe/ua0m5e.mp3",
        "annId": 16839
    },
    {
        "animeEng": "Wake Up, Girls! Seishun no Kage",
        "animeRomaji": "Wake Up, Girls! Seishun no Kage",
        "songName": "Sh\u014djo K\u014dky\u014dkyoku",
        "artist": "Wake Up, Girls!",
        "type": "Ending 1",
        "correctCount": 20,
        "startTime": 88,
        "songDuration": 319.608,
        "songNumber": 46,
        "activePlayerCount": 165,
        "LinkVideo": "https://files.catbox.moe/wt3kq1.webm",
        "LinkMp3": "https://files.catbox.moe/fo20cw.mp3",
        "annId": 16635
    },
    {
        "animeEng": "L/R: Licensed by Royalty",
        "animeRomaji": "L/R: Licensed by Royalty",
        "songName": "Go Where No Ones Gone Before",
        "artist": "Billy Preston",
        "type": "Opening 1",
        "correctCount": 10,
        "startTime": 33,
        "songDuration": 91.061292,
        "songNumber": 47,
        "activePlayerCount": 165,
        "LinkVideo": "https://files.catbox.moe/7mvfcv.webm",
        "LinkMp3": "https://files.catbox.moe/jp5tyu.mp3",
        "annId": 2152
    },
    {
        "animeEng": "Bad Teacher's Equation",
        "animeRomaji": "Kusatta Ky\u014dshi no H\u014dteishiki",
        "songName": "SOMEBODY'S REFLECTION",
        "artist": "Toshifumi Koike",
        "type": "Ending 1",
        "correctCount": 2,
        "startTime": 26,
        "songDuration": 157.776,
        "songNumber": 48,
        "activePlayerCount": 166,
        "LinkVideo": "https://files.catbox.moe/e61fcu.webm",
        "LinkMp3": "https://files.catbox.moe/6jm99a.mp3",
        "annId": 5396,
        "correctPlayers": [
            "redruner",
            "yahallonyanpasu"
        ]
    },
    {
        "animeEng": "Yuyushiki",
        "animeRomaji": "Yuyushiki",
        "songName": "Kirameki! no Hi",
        "artist": "J\u014dh\u014dshori-bu",
        "type": "Opening 1",
        "correctCount": 26,
        "startTime": 51,
        "songDuration": 89.088,
        "songNumber": 49,
        "activePlayerCount": 165,
        "LinkVideo": "https://files.catbox.moe/8tstk7.webm",
        "LinkMp3": "https://files.catbox.moe/bsnwsv.mp3",
        "annId": 18897
    },
    {
        "animeEng": "Tanoshii Moomin Ikka: B\u014dken Nikki",
        "animeRomaji": "Tanoshii Moomin Ikka: B\u014dken Nikki",
        "songName": "Hesomagarincho",
        "artist": "Ado Mizumori & Tyrone Hashimoto",
        "type": "Opening 1",
        "correctCount": 3,
        "startTime": 31,
        "songDuration": 89.702948,
        "songNumber": 50,
        "activePlayerCount": 165,
        "LinkVideo": "https://files.catbox.moe/xgbnwa.webm",
        "LinkMp3": "https://files.catbox.moe/x23wad.mp3",
        "annId": 6339,
        "correctPlayers": [
            "watashiii",
            "Chemist",
            "Hunered"
        ]
    },
    {
        "animeEng": "Letter Bee: Reverse",
        "animeRomaji": "Tegami Bachi: Reverse",
        "songName": "Perseus",
        "artist": "Yamazaru",
        "type": "Ending 2",
        "correctCount": 9,
        "startTime": 47,
        "songDuration": 88.056,
        "songNumber": 51,
        "activePlayerCount": 164,
        "LinkVideo": "https://files.catbox.moe/263w1a.webm",
        "LinkMp3": "https://files.catbox.moe/pchzgo.mp3",
        "annId": 11600
    },
    {
        "animeEng": "Re:ZERO -Starting Life in Another World-",
        "animeRomaji": "Re:Zero kara Hajimeru Isekai Seikatsu",
        "songName": "STRAIGHT BET",
        "artist": "MYTH & ROID",
        "type": "Ending 2",
        "correctCount": 106,
        "startTime": 109,
        "songDuration": 244.056,
        "songNumber": 52,
        "activePlayerCount": 165,
        "LinkVideo": "https://files.catbox.moe/504x7w.webm",
        "LinkMp3": "https://files.catbox.moe/1w07tx.mp3",
        "annId": 17360
    },
    {
        "animeEng": "Balatack",
        "animeRomaji": "Ch\u014djin Sentai Barattack",
        "songName": "Chojin Sentai Baratack",
        "artist": "Ichiro Mizuki",
        "type": "Opening 1",
        "correctCount": 26,
        "startTime": 38,
        "songDuration": 118.872,
        "songNumber": 53,
        "activePlayerCount": 165,
        "LinkVideo": "https://files.catbox.moe/gj93l9.webm",
        "LinkMp3": "https://files.catbox.moe/94gywl.mp3",
        "annId": 927
    },
    {
        "animeEng": "The Wonderful Adventures of Nils",
        "animeRomaji": "Nils no Fushigi na Tabi",
        "songName": "Itsumademo Tomodachi",
        "artist": "Katsumi Kahashi",
        "type": "Ending 1",
        "correctCount": 9,
        "startTime": 25,
        "songDuration": 97.272,
        "songNumber": 54,
        "activePlayerCount": 164,
        "LinkVideo": "https://files.catbox.moe/pc6jjo.webm",
        "LinkMp3": "https://files.catbox.moe/rgnzbj.mp3",
        "annId": 1417
    },
    {
        "animeEng": "Agent Aika",
        "animeRomaji": "AIKa",
        "songName": "Silent City",
        "artist": "Mari Sasaki",
        "type": "Opening 1",
        "correctCount": 5,
        "startTime": 47,
        "songDuration": 90.816,
        "songNumber": 55,
        "activePlayerCount": 164,
        "LinkVideo": "https://files.catbox.moe/8jd3p3.webm",
        "LinkMp3": "https://files.catbox.moe/ywz69q.mp3",
        "annId": 102,
        "correctPlayers": [
            "watashiii",
            "ChizuruSawamura",
            "Zeal_Kido",
            "Nippah",
            "munya"
        ]
    },
    {
        "animeEng": "Detective Conan: Magician of the Silver Sky",
        "animeRomaji": "Meitantei Conan: Ginyoku no Magician",
        "songName": "Boku ga Iru",
        "artist": "Minami Takayama",
        "type": "Insert Song",
        "correctCount": 14,
        "startTime": 91,
        "songDuration": 131.352,
        "songNumber": 56,
        "activePlayerCount": 164,
        "LinkVideo": "https://files.catbox.moe/x14h36.webm",
        "LinkMp3": "https://files.catbox.moe/lm8f1f.mp3",
        "annId": 3758
    },
    {
        "animeEng": "Full Metal Panic!",
        "animeRomaji": "Full Metal Panic!",
        "songName": "tomorrow",
        "artist": "Mikuni Shimokawa",
        "type": "Opening 1",
        "correctCount": 59,
        "startTime": 10,
        "songDuration": 90.072,
        "songNumber": 57,
        "activePlayerCount": 164,
        "LinkVideo": "https://files.catbox.moe/3ngrsr.webm",
        "LinkMp3": "https://files.catbox.moe/u2kngn.mp3",
        "annId": 844
    },
    {
        "animeEng": "Sound! Euphonium: The Movie - Welcome to the Kitauji High School Concert Band",
        "animeRomaji": "Gekij\u014dban Hibike! Euphonium: Kitauji K\u014dk\u014d Suis\u014dgaku-bu e Y\u014dkoso",
        "songName": "Provence no Kaze",
        "artist": "Freshman Wind Ensemble",
        "type": "Insert Song",
        "correctCount": 98,
        "startTime": 16,
        "songDuration": 88.08,
        "songNumber": 58,
        "activePlayerCount": 164,
        "LinkVideo": "https://files.catbox.moe/vdbuqd.webm",
        "LinkMp3": "https://files.catbox.moe/6b1y2e.mp3",
        "annId": 18172
    },
    {
        "animeEng": "Lemon Angel YJ Ban",
        "animeRomaji": "Lemon Angel YJ Ban",
        "songName": "Love Story",
        "artist": "Rogue",
        "type": "Insert Song",
        "correctCount": 1,
        "startTime": 5,
        "songDuration": 106.056,
        "songNumber": 59,
        "activePlayerCount": 164,
        "LinkVideo": "https://files.catbox.moe/2c0eri.webm",
        "LinkMp3": "https://files.catbox.moe/g9c0jk.mp3",
        "annId": 8510,
        "correctPlayers": [
            "yahallonyanpasu"
        ]
    },
    {
        "animeEng": "Alakazam the Great",
        "animeRomaji": "Saiyuuki",
        "songName": "Ore wa Son Goku",
        "artist": "Akiko Santou",
        "type": "Opening 1",
        "correctCount": 33,
        "startTime": 17,
        "songDuration": 77.688,
        "songNumber": 60,
        "activePlayerCount": 164,
        "LinkVideo": "https://files.catbox.moe/9nuw5c.webm",
        "LinkMp3": "https://files.catbox.moe/9mg84z.mp3",
        "annId": 631
    },
    {
        "animeEng": "Tenchi Universe",
        "animeRomaji": "Tenchi Muyo!",
        "songName": "Ginga de Chokuritsu Hokou",
        "artist": "Yumi Takada",
        "type": "Ending 2",
        "correctCount": 10,
        "startTime": 68,
        "songDuration": 103.872,
        "songNumber": 61,
        "activePlayerCount": 164,
        "LinkVideo": "https://files.catbox.moe/iba723.webm",
        "LinkMp3": "https://files.catbox.moe/u20z55.mp3",
        "annId": 272
    },
    {
        "animeEng": "Pok\u00e9mon XY",
        "animeRomaji": "Pocket Monsters XY",
        "songName": "X Kaikyou Y Keshiki",
        "artist": "J\u2606Dee'Z",
        "type": "Ending 1",
        "correctCount": 18,
        "startTime": 8,
        "songDuration": 79.416,
        "songNumber": 62,
        "activePlayerCount": 163,
        "LinkVideo": "https://files.catbox.moe/wx2s5l.webm",
        "LinkMp3": "https://files.catbox.moe/w7v6gd.mp3",
        "annId": 15491
    },
    {
        "animeEng": "The Cherry Tree",
        "animeRomaji": "Sh\u014dnen to Sakura",
        "songName": "Ringo no Uta",
        "artist": "Namiko Michiki",
        "type": "Insert Song",
        "correctCount": 0,
        "startTime": 0,
        "songDuration": 24.921,
        "songNumber": 63,
        "activePlayerCount": 163,
        "LinkVideo": "https://files.catbox.moe/nstmgl.webm",
        "annId": 19954
    },
    {
        "animeEng": "Shugo Chara! Party!",
        "animeRomaji": "Shugo Chara! Party!",
        "songName": "Watashi no Tamago",
        "artist": "Shugo Chara Egg!",
        "type": "Opening 2",
        "correctCount": 20,
        "startTime": 52,
        "songDuration": 88.776,
        "songNumber": 64,
        "activePlayerCount": 163,
        "LinkVideo": "https://files.catbox.moe/yaxbzp.webm",
        "LinkMp3": "https://files.catbox.moe/dwt0zn.mp3",
        "annId": 11104
    },
    {
        "animeEng": "Demon-man Bem",
        "animeRomaji": "Y\u014dkai Ningen Bem",
        "songName": "Bero wa Tomodachi",
        "artist": "Yoshiko Yamada, Columbia Yurikago-kai, Gekidan Komadori",
        "type": "Ending 1",
        "correctCount": 2,
        "startTime": 7,
        "songDuration": 43.056,
        "songNumber": 65,
        "activePlayerCount": 163,
        "LinkVideo": "https://files.catbox.moe/r8zuje.webm",
        "LinkMp3": "https://files.catbox.moe/b5i4u2.mp3",
        "annId": 1483,
        "correctPlayers": [
            "watashiii",
            "Chemist"
        ]
    },
    {
        "animeEng": "Blue Sonnet",
        "animeRomaji": "Akai Kiba Blue Sonnet",
        "songName": "WHAT IS LOVE",
        "artist": "GO!",
        "type": "Opening 1",
        "correctCount": 2,
        "startTime": 38,
        "songDuration": 90.888,
        "songNumber": 66,
        "activePlayerCount": 163,
        "LinkVideo": "https://files.catbox.moe/56et6q.webm",
        "LinkMp3": "https://files.catbox.moe/wtg1h4.mp3",
        "annId": 528,
        "correctPlayers": [
            "Zurer",
            "watashiii"
        ]
    },
    {
        "animeEng": "Kaleido Star: It's Good! Goood!!",
        "animeRomaji": "Kaleido Star: Good dayo! Goood!!",
        "songName": "Yakusoku no Basho e",
        "artist": "Chihiro Yonekura with Kaleido Stars",
        "type": "Opening 1",
        "correctCount": 16,
        "startTime": 248,
        "songDuration": 288.936,
        "songNumber": 67,
        "activePlayerCount": 163,
        "LinkVideo": "https://files.catbox.moe/2mduim.webm",
        "LinkMp3": "https://files.catbox.moe/w8mqs4.mp3",
        "annId": 5659
    },
    {
        "animeEng": "Vampire Hunter D",
        "animeRomaji": "Vampire Hunter D",
        "songName": "YOUR SONG",
        "artist": "TM NETWORK",
        "type": "Ending 1",
        "correctCount": 5,
        "startTime": 98,
        "songDuration": 200.22513,
        "songNumber": 68,
        "activePlayerCount": 163,
        "LinkVideo": "https://files.catbox.moe/7gsu04.webm",
        "LinkMp3": "https://files.catbox.moe/xsfdvx.mp3",
        "annId": 654,
        "correctPlayers": [
            "Neutroll",
            "Zurer",
            "watashiii",
            "xSkyrus",
            "Qscxz5"
        ]
    },
    {
        "animeEng": "Copihan",
        "animeRomaji": "Copihan",
        "songName": "Loop",
        "artist": "Yayuyu",
        "type": "Opening 1",
        "correctCount": 19,
        "startTime": 4,
        "songDuration": 58.632,
        "songNumber": 69,
        "activePlayerCount": 163,
        "LinkVideo": "https://files.catbox.moe/8nmkfp.webm",
        "LinkMp3": "https://files.catbox.moe/mez62y.mp3",
        "annId": 12989
    },
    {
        "animeEng": "Overlord II",
        "animeRomaji": "Overlord II",
        "songName": "GO CRY GO",
        "artist": "OxT",
        "type": "Opening 1",
        "correctCount": 124,
        "startTime": 50,
        "songDuration": 88.2,
        "songNumber": 70,
        "activePlayerCount": 163,
        "LinkVideo": "https://files.catbox.moe/v1psxw.webm",
        "LinkMp3": "https://files.catbox.moe/4pd16o.mp3",
        "annId": 20397
    },
    {
        "animeEng": "Hell Girl: Two Mirrors",
        "animeRomaji": "Jigoku Sh\u014djo Futakomori",
        "songName": "NightmaRe",
        "artist": "SNoW",
        "type": "Opening 1",
        "correctCount": 35,
        "startTime": 2,
        "songDuration": 89.472,
        "songNumber": 71,
        "activePlayerCount": 163,
        "LinkVideo": "https://files.catbox.moe/mdnted.webm",
        "LinkMp3": "https://files.catbox.moe/j82fcs.mp3",
        "annId": 6827
    },
    {
        "animeEng": "Di Gi Charat Nyo",
        "animeRomaji": "Di Gi Charat Nyo",
        "songName": "Daisuki",
        "artist": "Asami Sanada, Miyuki Sawashiro, Kyoko Hikami",
        "type": "Ending 5",
        "correctCount": 2,
        "startTime": 9,
        "songDuration": 90.048,
        "songNumber": 72,
        "activePlayerCount": 163,
        "LinkVideo": "https://files.catbox.moe/pzwhue.webm",
        "LinkMp3": "https://files.catbox.moe/ye3ekv.mp3",
        "annId": 2545,
        "correctPlayers": [
            "watashiii",
            "SrueyaF"
        ]
    },
    {
        "animeEng": "The Numbers",
        "animeRomaji": "Nanbaka",
        "songName": "Rin! Rin! Hi! Hi!",
        "artist": "Hashiguchikanaderiya hugs The Super Ball",
        "type": "Opening 1",
        "correctCount": 85,
        "startTime": 6,
        "songDuration": 87.84,
        "songNumber": 73,
        "activePlayerCount": 163,
        "LinkVideo": "https://files.catbox.moe/iobsd5.webm",
        "LinkMp3": "https://files.catbox.moe/pyz4kz.mp3",
        "annId": 18196
    },
    {
        "animeEng": "Welcome, Chitose",
        "animeRomaji": "Okoshiyasu, Chitose-chan",
        "songName": "Nakuko mo Warau",
        "artist": "Nyanzonudeshi",
        "type": "Ending 1",
        "correctCount": 11,
        "startTime": 0,
        "songDuration": 29.335006,
        "songNumber": 74,
        "activePlayerCount": 163,
        "LinkVideo": "https://files.catbox.moe/cchogp.webm",
        "LinkMp3": "https://files.catbox.moe/ih4ep9.mp3",
        "annId": 21242
    },
    {
        "animeEng": "Ushio & Tora: Comically Deformed Theater",
        "animeRomaji": "Ushio to Tora: Comical D\u00e9former Gekij\u014d",
        "songName": "Y\u016bki no Fighter",
        "artist": "Yasu",
        "type": "Opening 1",
        "correctCount": 3,
        "startTime": 37,
        "songDuration": 72.024,
        "songNumber": 75,
        "activePlayerCount": 160,
        "LinkVideo": "https://files.catbox.moe/yyx2d0.webm",
        "LinkMp3": "https://files.catbox.moe/5kf88n.mp3",
        "annId": 3519,
        "correctPlayers": [
            "watashiii",
            "Jlin2",
            "yahallonyanpasu"
        ]
    }
]