[
    {
        "animeEng": "Ghost in the Shell: SAC_2045",
        "animeRomaji": "K\u014dkaku Kid\u014dtai: SAC_2045",
        "songName": "Fly with me",
        "artist": "millennium parade \u00d7 ghost in the shell: SAC_2045",
        "type": "Opening 1",
        "correctCount": 17,
        "startTime": 45,
        "songDuration": 85.224,
        "songNumber": 1,
        "activePlayerCount": 135,
        "LinkVideo": "https://files.catbox.moe/n79uvn.webm",
        "LinkMp3": "https://files.catbox.moe/dyxblc.mp3",
        "annId": 21672
    },
    {
        "animeEng": "Tokyo Godfathers",
        "animeRomaji": "Tokyo Godfathers",
        "songName": "Kiyoshiko no Yoru",
        "artist": "Tokyo Godfathers Gasshou-dan",
        "type": "Insert Song",
        "correctCount": 45,
        "startTime": 21,
        "songDuration": 57.552,
        "songNumber": 2,
        "activePlayerCount": 136,
        "LinkVideo": "https://files.catbox.moe/lu7bh4.webm",
        "LinkMp3": "https://files.catbox.moe/qvh9at.mp3",
        "annId": 2018
    },
    {
        "animeEng": "Sword Art Online Alternative: Gun Gale Online",
        "animeRomaji": "Sword Art Online Alternative: Gun Gale Online",
        "songName": "Pilgrim",
        "artist": "ReoNa",
        "type": "Insert Song",
        "correctCount": 58,
        "startTime": 57,
        "songDuration": 107.047956,
        "songNumber": 3,
        "activePlayerCount": 136,
        "LinkVideo": "https://files.catbox.moe/jbomd4.webm",
        "LinkMp3": "https://files.catbox.moe/ye2bxe.mp3",
        "annId": 20514
    },
    {
        "animeEng": "Getter Robo Arc",
        "animeRomaji": "Getter Robo Arc",
        "songName": "DRAGON 2021",
        "artist": "JAM Project",
        "type": "Ending 1",
        "correctCount": 8,
        "startTime": 1,
        "songDuration": 88.848,
        "songNumber": 4,
        "activePlayerCount": 135,
        "LinkVideo": "https://files.catbox.moe/i85hpl.webm",
        "LinkMp3": "https://files.catbox.moe/ly4wyw.mp3",
        "annId": 24291
    },
    {
        "animeEng": "Champion Gordian",
        "animeRomaji": "T\u014dshi Gordian",
        "songName": "T\u014dshi Gordian",
        "artist": "Daijir\u014d Shiomi",
        "type": "Opening 1",
        "correctCount": 34,
        "startTime": 35,
        "songDuration": 78.048,
        "songNumber": 5,
        "activePlayerCount": 134,
        "LinkVideo": "https://files.catbox.moe/ez8kts.webm",
        "LinkMp3": "https://files.catbox.moe/xjtm45.mp3",
        "annId": 2234
    },
    {
        "animeEng": "Iron Leaguer: Silver no Hata no Moto ni",
        "animeRomaji": "Shippu! Iron Leaguer: Silver no Hata no Moto ni",
        "songName": "Iron Leaguer -Kagirinaki Shimei-",
        "artist": "Norihiko Tanimoto",
        "type": "Opening 1",
        "correctCount": 12,
        "startTime": 3,
        "songDuration": 81.552,
        "songNumber": 6,
        "activePlayerCount": 134,
        "LinkVideo": "https://files.catbox.moe/mmyqkc.webm",
        "LinkMp3": "https://files.catbox.moe/dyo6m8.mp3",
        "annId": 23022
    },
    {
        "animeEng": "Music Girls",
        "animeRomaji": "Ongaku Sh\u014djo",
        "songName": "ON STAGE LIFE",
        "artist": "Ongaku Sh\u014djo",
        "type": "Insert Song",
        "correctCount": 11,
        "startTime": 7,
        "songDuration": 62.174625,
        "songNumber": 7,
        "activePlayerCount": 132,
        "LinkVideo": "https://files.catbox.moe/tji64p.webm",
        "LinkMp3": "https://files.catbox.moe/1rhbrj.mp3",
        "annId": 20918
    },
    {
        "animeEng": "Song of the Ladybug",
        "animeRomaji": "Tent\u014d Mushi no Uta",
        "songName": "Bokura Ky\u014ddai Tent\u014d Mushi",
        "artist": "Mitsuko Horie, Koorogi '73, Young Fresh",
        "type": "Opening 1",
        "correctCount": 18,
        "startTime": 44,
        "songDuration": 83.694888,
        "songNumber": 8,
        "activePlayerCount": 134,
        "LinkVideo": "https://files.catbox.moe/ezyzgt.webm",
        "LinkMp3": "https://files.catbox.moe/75vvct.mp3",
        "annId": 1411
    },
    {
        "animeEng": "Barbapapa Around the World",
        "animeRomaji": "Babapapa Sekai o Mawaru",
        "songName": "Daisuki! Barbapapa",
        "artist": "Mami Sekiya",
        "type": "Ending 1",
        "correctCount": 13,
        "startTime": 0,
        "songDuration": 15.696,
        "songNumber": 9,
        "activePlayerCount": 134,
        "LinkVideo": "https://files.catbox.moe/bn9tiw.webm",
        "LinkMp3": "https://files.catbox.moe/zt9ba9.mp3",
        "annId": 1209
    },
    {
        "animeEng": "Green Makibao, The Incredible Race Horse",
        "animeRomaji": "Midori no Makibao",
        "songName": "Tottemo Uma Nami",
        "artist": "MEN'S 5",
        "type": "Ending 1",
        "correctCount": 11,
        "startTime": 43,
        "songDuration": 90.048,
        "songNumber": 10,
        "activePlayerCount": 133,
        "LinkVideo": "https://files.catbox.moe/7g7cec.webm",
        "LinkMp3": "https://files.catbox.moe/twoxgo.mp3",
        "annId": 2070
    },
    {
        "animeEng": "Macross 7",
        "animeRomaji": "Macross 7",
        "songName": "PLANET DANCE",
        "artist": "Fire Bomber",
        "type": "Insert Song",
        "correctCount": 33,
        "startTime": 107,
        "songDuration": 208.56,
        "songNumber": 11,
        "activePlayerCount": 133,
        "LinkVideo": "https://files.catbox.moe/1ynmln.webm",
        "LinkMp3": "https://files.catbox.moe/m379jg.mp3",
        "annId": 940
    },
    {
        "animeEng": "Wise Man's Grandchild",
        "animeRomaji": "Kenja no Mago",
        "songName": "Ultimate\u2606MAGIC",
        "artist": "i\u2606Ris",
        "type": "Opening 1",
        "correctCount": 69,
        "startTime": 41,
        "songDuration": 88.2,
        "songNumber": 12,
        "activePlayerCount": 133,
        "LinkVideo": "https://files.catbox.moe/2mi9bb.webm",
        "LinkMp3": "https://files.catbox.moe/nyxin2.mp3",
        "annId": 21419
    },
    {
        "animeEng": "Astra Lost in Space",
        "animeRomaji": "Kanata no Astra",
        "songName": "Star of Hope",
        "artist": "Saori Hayami",
        "type": "Ending 2",
        "correctCount": 44,
        "startTime": 42,
        "songDuration": 120.624,
        "songNumber": 13,
        "activePlayerCount": 133,
        "LinkVideo": "https://files.catbox.moe/t25r20.webm",
        "LinkMp3": "https://files.catbox.moe/6m3ulf.mp3",
        "annId": 21779
    },
    {
        "animeEng": "Captain Tsubasa J",
        "animeRomaji": "Captain Tsubasa J",
        "songName": "Fighting!",
        "artist": "FACE FREE",
        "type": "Opening 1",
        "correctCount": 13,
        "startTime": 26,
        "songDuration": 78.052536,
        "songNumber": 14,
        "activePlayerCount": 132,
        "LinkVideo": "https://files.catbox.moe/tggxtw.webm",
        "LinkMp3": "https://files.catbox.moe/sbxdo1.mp3",
        "annId": 1782
    },
    {
        "animeEng": "Blade of the Immortal",
        "animeRomaji": "Mugen no J\u016bnin: Immortal",
        "songName": "Wants",
        "artist": "GRAPEVINE",
        "type": "Ending 1",
        "correctCount": 7,
        "startTime": 37,
        "songDuration": 88.872,
        "songNumber": 15,
        "activePlayerCount": 131,
        "LinkVideo": "https://files.catbox.moe/22wczq.webm",
        "LinkMp3": "https://files.catbox.moe/o8el7g.mp3",
        "annId": 9691
    },
    {
        "animeEng": "STARMYU",
        "animeRomaji": "K\u014dk\u014d Hoshi Kageki",
        "songName": "Warera, Ayanagi Gakuen Kaou-kai ~NEXT STAGE Ver.~",
        "artist": "Almost The Entire Fucking Cast",
        "type": "Ending 2",
        "correctCount": 53,
        "startTime": 50,
        "songDuration": 95.808,
        "songNumber": 16,
        "activePlayerCount": 132,
        "LinkVideo": "https://files.catbox.moe/dtf50z.webm",
        "LinkMp3": "https://files.catbox.moe/on0g2f.mp3",
        "annId": 21981
    },
    {
        "animeEng": "Wicked City",
        "animeRomaji": "Y\u014dj\u016b Toshi",
        "songName": "HOLD ME IN THE SHADOW",
        "artist": "Hitomi T\u014dyama",
        "type": "Ending 1",
        "correctCount": 2,
        "startTime": 15,
        "songDuration": 163.008,
        "songNumber": 17,
        "activePlayerCount": 132,
        "LinkVideo": "https://files.catbox.moe/gjruxw.webm",
        "LinkMp3": "https://files.catbox.moe/vtd4k6.mp3",
        "annId": 959,
        "correctPlayers": [
            "Rukawa11",
            "munya"
        ]
    },
    {
        "animeEng": "Baby Steps",
        "animeRomaji": "Baby Steps",
        "songName": "Believe in yourself",
        "artist": "Mao Abe",
        "type": "Opening 1",
        "correctCount": 85,
        "startTime": 31,
        "songDuration": 87.528,
        "songNumber": 18,
        "activePlayerCount": 133,
        "LinkVideo": "https://files.catbox.moe/cis2hm.webm",
        "LinkMp3": "https://files.catbox.moe/hz5fcp.mp3",
        "annId": 16309
    },
    {
        "animeEng": "Beyond the Boundary",
        "animeRomaji": "Ky\u014dkai no Kanata",
        "songName": "Ky\u014dkai no Kanata",
        "artist": "Minori Chihara",
        "type": "Opening 1",
        "correctCount": 107,
        "startTime": 40,
        "songDuration": 87.984,
        "songNumber": 19,
        "activePlayerCount": 133,
        "LinkVideo": "https://files.catbox.moe/917i9b.webm",
        "LinkMp3": "https://files.catbox.moe/ogqmzn.mp3",
        "annId": 15546
    },
    {
        "animeEng": "Glasslip",
        "animeRomaji": "Glasslip",
        "songName": "Natsu no Hi to Kimi no Koe",
        "artist": "ChouCho",
        "type": "Opening 1",
        "correctCount": 63,
        "startTime": 33,
        "songDuration": 88.296,
        "songNumber": 20,
        "activePlayerCount": 132,
        "LinkVideo": "https://files.catbox.moe/1fdgdp.webm",
        "LinkMp3": "https://files.catbox.moe/qsqnwj.mp3",
        "annId": 15901
    },
    {
        "animeEng": "The Voyages of Doctor Dolittle",
        "animeRomaji": "Dolittle-sensei Monogatari",
        "songName": "Dolittle-sensei no Uta",
        "artist": "Jun Ichikawa\u30fbAiko Saitou",
        "type": "Opening 1",
        "correctCount": 25,
        "startTime": 6,
        "songDuration": 120.696,
        "songNumber": 21,
        "activePlayerCount": 131,
        "LinkVideo": "https://files.catbox.moe/twcb15.webm",
        "LinkMp3": "https://files.catbox.moe/uv06rm.mp3",
        "annId": 23100
    },
    {
        "animeEng": "Norn9",
        "animeRomaji": "Norn9",
        "songName": "Kazakiri",
        "artist": "Nagi Yanagi",
        "type": "Opening 1",
        "correctCount": 27,
        "startTime": 43,
        "songDuration": 88.872,
        "songNumber": 22,
        "activePlayerCount": 131,
        "LinkVideo": "https://files.catbox.moe/v7h1q7.webm",
        "LinkMp3": "https://files.catbox.moe/ud0o0y.mp3",
        "annId": 17552
    },
    {
        "animeEng": "Senki Zessh\u014d Symphogear AXZ",
        "animeRomaji": "Senki Zessh\u014d Symphogear AXZ",
        "songName": "TESTAMENT",
        "artist": "Nana Mizuki",
        "type": "Opening 1",
        "correctCount": 43,
        "startTime": 26,
        "songDuration": 99.648,
        "songNumber": 23,
        "activePlayerCount": 131,
        "LinkVideo": "https://files.catbox.moe/mkh87b.webm",
        "LinkMp3": "https://files.catbox.moe/txa4ww.mp3",
        "annId": 19724
    },
    {
        "animeEng": "AKB0048 Next Stage",
        "animeRomaji": "AKB0048 Next Stage",
        "songName": "Sh\u014djo-tachi Yo",
        "artist": "AKB48",
        "type": "Insert Song",
        "correctCount": 35,
        "startTime": 56,
        "songDuration": 114.216,
        "songNumber": 24,
        "activePlayerCount": 131,
        "LinkVideo": "https://files.catbox.moe/md0k8k.webm",
        "LinkMp3": "https://files.catbox.moe/ryglfo.mp3",
        "annId": 14873
    },
    {
        "animeEng": "Rokudenashi Blues 1993",
        "animeRomaji": "Rokudenashi Blues 1993",
        "songName": "WILD SIDE OF ROCK'N ROLL",
        "artist": "D.YUKAI",
        "type": "Opening 1",
        "correctCount": 4,
        "startTime": 36,
        "songDuration": 93.528,
        "songNumber": 25,
        "activePlayerCount": 129,
        "LinkVideo": "https://files.catbox.moe/dsmkrv.webm",
        "LinkMp3": "https://files.catbox.moe/8vi7wr.mp3",
        "annId": 3688,
        "correctPlayers": [
            "yahallonyanpasu",
            "Zylda",
            "Catisam",
            "TowaSamaTenshi"
        ]
    },
    {
        "animeEng": "Nine 2: Koibito Sengen",
        "animeRomaji": "Nine 2: Koibito Sengen",
        "songName": "Koibito Sengen",
        "artist": "Mariko Kurata",
        "type": "Opening 1",
        "correctCount": 18,
        "startTime": 61,
        "songDuration": 103.872,
        "songNumber": 26,
        "activePlayerCount": 128,
        "LinkVideo": "https://files.catbox.moe/7zf912.webm",
        "LinkMp3": "https://files.catbox.moe/q1sjct.mp3",
        "annId": 8961
    },
    {
        "animeEng": "Stand My Heroes: Piece of Truth",
        "animeRomaji": "Stand My Heroes: Piece of Truth",
        "songName": "Thought I Knew",
        "artist": "YVY ft.ra'z, Hayes",
        "type": "Opening 1",
        "correctCount": 27,
        "startTime": 9,
        "songDuration": 88.464,
        "songNumber": 27,
        "activePlayerCount": 129,
        "LinkVideo": "https://files.catbox.moe/5r3p5f.webm",
        "LinkMp3": "https://files.catbox.moe/rrfoo3.mp3",
        "annId": 21405
    },
    {
        "animeEng": "Macross Dynamite 7",
        "animeRomaji": "Macross Dynamite 7",
        "songName": "New Frontier",
        "artist": "FIRE BOMBER",
        "type": "Insert Song",
        "correctCount": 5,
        "startTime": 36,
        "songDuration": 89.20663,
        "songNumber": 28,
        "activePlayerCount": 129,
        "LinkVideo": "https://files.catbox.moe/felg0h.webm",
        "LinkMp3": "https://files.catbox.moe/mo3hbu.mp3",
        "annId": 944,
        "correctPlayers": [
            "yahallonyanpasu",
            "KonBepo",
            "SuerkruB",
            "BarbatosLupusRex",
            "TKN"
        ]
    },
    {
        "animeEng": "Cockroach Girls",
        "animeRomaji": "Gokicha!!",
        "songName": "Gokkyun! Days",
        "artist": "Mamiko Noto",
        "type": "Opening 1",
        "correctCount": 56,
        "startTime": 0,
        "songDuration": 29.592,
        "songNumber": 29,
        "activePlayerCount": 129,
        "LinkVideo": "https://files.catbox.moe/jzo84l.webm",
        "LinkMp3": "https://files.catbox.moe/v2p3cd.mp3",
        "annId": 15571
    },
    {
        "animeEng": "Future Card Buddyfight Battsu",
        "animeRomaji": "Future Card Buddyfight Battsu",
        "songName": "Brave Soul Fight!",
        "artist": "Sora Tokui & Shuuta Morishima",
        "type": "Opening 1",
        "correctCount": 12,
        "startTime": 49,
        "songDuration": 88.867044,
        "songNumber": 30,
        "activePlayerCount": 128,
        "LinkVideo": "https://files.catbox.moe/3pwxpk.webm",
        "LinkMp3": "https://files.catbox.moe/79turo.mp3",
        "annId": 19092
    },
    {
        "animeEng": "Anoyo no Subete wa, Obakegumi!",
        "animeRomaji": "Anoyo no Subete wa, Obakegumi!",
        "songName": "Minerva",
        "artist": "sanaco",
        "type": "Ending 1",
        "correctCount": 4,
        "startTime": 0,
        "songDuration": 28.488,
        "songNumber": 31,
        "activePlayerCount": 128,
        "LinkVideo": "https://files.catbox.moe/axfil0.webm",
        "LinkMp3": "https://files.catbox.moe/r2t4n3.mp3",
        "annId": 23152,
        "correctPlayers": [
            "XieYao",
            "Rukawa11",
            "konomi",
            "SrueyaF"
        ]
    },
    {
        "animeEng": "Arcadia of My Youth",
        "animeRomaji": "Waga Seishun no Arcadia",
        "songName": "Waga Seishun no Arcadia",
        "artist": "Teppei Shibuya",
        "type": "Ending 1",
        "correctCount": 3,
        "startTime": 169,
        "songDuration": 229.824,
        "songNumber": 32,
        "activePlayerCount": 128,
        "LinkVideo": "https://files.catbox.moe/4ed48w.webm",
        "LinkMp3": "https://files.catbox.moe/ct3lce.mp3",
        "annId": 507,
        "correctPlayers": [
            "aryagamis",
            "yahallonyanpasu",
            "Zylda"
        ]
    },
    {
        "animeEng": "King of Prism: Shiny Seven Stars",
        "animeRomaji": "King of Prism: Shiny Seven Stars",
        "songName": "athletic core",
        "artist": "Over The Rainbow",
        "type": "Insert Song",
        "correctCount": 12,
        "startTime": 0,
        "songDuration": 22.368,
        "songNumber": 33,
        "activePlayerCount": 127,
        "LinkVideo": "https://files.catbox.moe/fqrdhd.webm",
        "LinkMp3": "https://files.catbox.moe/unlncm.mp3",
        "annId": 21194
    },
    {
        "animeEng": "Mirai Sh\u014dnen Conan II: Taiga Adventure",
        "animeRomaji": "Mirai Sh\u014dnen Conan II: Taiga Adventure",
        "songName": "Bokura no Shinz\u014d",
        "artist": "Kaita \u014ckubo",
        "type": "Ending 1",
        "correctCount": 1,
        "startTime": 46,
        "songDuration": 89.16,
        "songNumber": 34,
        "activePlayerCount": 128,
        "LinkVideo": "https://files.catbox.moe/7wwtqg.webm",
        "LinkMp3": "https://files.catbox.moe/9atdem.mp3",
        "annId": 2622,
        "correctPlayers": [
            "Catisam"
        ]
    },
    {
        "animeEng": "Shin ATASHIn'CHI",
        "animeRomaji": "Shin ATASHIn'CHI",
        "songName": "Rock-a-bye My Baby",
        "artist": "Haruomi Hosono",
        "type": "Ending 1",
        "correctCount": 4,
        "startTime": 8,
        "songDuration": 59.688,
        "songNumber": 35,
        "activePlayerCount": 128,
        "LinkVideo": "https://files.catbox.moe/i8bw0a.webm",
        "LinkMp3": "https://files.catbox.moe/vb7yx0.mp3",
        "annId": 17691,
        "correctPlayers": [
            "Sanzad",
            "milkmilk",
            "TowaSamaTenshi",
            "LakerNation"
        ]
    },
    {
        "animeEng": "Ai-Mai-Mi",
        "animeRomaji": "Ai Mai Mi",
        "songName": "Mousou Irony",
        "artist": "Maaya Uchida",
        "type": "Insert Song",
        "correctCount": 16,
        "startTime": 0,
        "songDuration": 19.896,
        "songNumber": 36,
        "activePlayerCount": 128,
        "LinkVideo": "https://files.catbox.moe/v4upin.webm",
        "LinkMp3": "https://files.catbox.moe/x086pi.mp3",
        "annId": 14864
    },
    {
        "animeEng": "Naruto Shipp\u016bden",
        "animeRomaji": "Naruto Shipp\u016bden",
        "songName": "Bacchikoi!!!",
        "artist": "DEV PARADE",
        "type": "Ending 8",
        "correctCount": 22,
        "startTime": 11,
        "songDuration": 91.797475,
        "songNumber": 37,
        "activePlayerCount": 128,
        "LinkVideo": "https://files.catbox.moe/0als1q.webm",
        "LinkMp3": "https://files.catbox.moe/ltoup0.mp3",
        "annId": 7293
    },
    {
        "animeEng": "Chain Chronicle: Short Animation",
        "animeRomaji": "Chain Chronicle: Short Animation",
        "songName": "REASON",
        "artist": "The Sketchbook",
        "type": "Opening 1",
        "correctCount": 6,
        "startTime": 5,
        "songDuration": 89.568,
        "songNumber": 38,
        "activePlayerCount": 128,
        "LinkVideo": "https://files.catbox.moe/c2yqvr.webm",
        "LinkMp3": "https://files.catbox.moe/2vsuja.mp3",
        "annId": 16638
    },
    {
        "animeEng": "Fight League: Gear Gadget Generators",
        "animeRomaji": "Fight League: Gear Gadget Generators",
        "songName": "N.U.L.L. (Ver.GGG)",
        "artist": "TeddyLoid feat. kradness",
        "type": "Ending 1",
        "correctCount": 17,
        "startTime": 12,
        "songDuration": 57.050448,
        "songNumber": 39,
        "activePlayerCount": 128,
        "LinkVideo": "https://files.catbox.moe/vpctmp.webm",
        "LinkMp3": "https://files.catbox.moe/pg6r02.mp3",
        "annId": 21592
    },
    {
        "animeEng": "Fairy Tail",
        "animeRomaji": "Fairy Tail",
        "songName": "Mysterious Magic",
        "artist": "Do As Infinity",
        "type": "Opening 3",
        "correctCount": 57,
        "startTime": 46,
        "songDuration": 88.968,
        "songNumber": 40,
        "activePlayerCount": 128,
        "LinkVideo": "https://files.catbox.moe/ogihiy.webm",
        "LinkMp3": "https://files.catbox.moe/auiiqy.mp3",
        "annId": 15799
    },
    {
        "animeEng": "Eden of the East: Paradise Lost",
        "animeRomaji": "Higashi no Eden Gekij\u014dban II: Paradise Lost",
        "songName": "Reveal the World",
        "artist": "BRENDA VAUGHN",
        "type": "Insert Song",
        "correctCount": 33,
        "startTime": 104,
        "songDuration": 238.337128,
        "songNumber": 41,
        "activePlayerCount": 128,
        "LinkVideo": "https://files.catbox.moe/yuxm78.webm",
        "LinkMp3": "https://files.catbox.moe/a5ul64.mp3",
        "annId": 10919
    },
    {
        "animeEng": "Gintama.",
        "animeRomaji": "Gintama.",
        "songName": "Kager\u014d",
        "artist": "\u042feaL",
        "type": "Opening 1",
        "correctCount": 53,
        "startTime": 13,
        "songDuration": 88.824,
        "songNumber": 42,
        "activePlayerCount": 127,
        "LinkVideo": "https://files.catbox.moe/e8i7x3.webm",
        "LinkMp3": "https://files.catbox.moe/lo0mbb.mp3",
        "annId": 18901
    },
    {
        "animeEng": "Hello!! KINMOZA!",
        "animeRomaji": "Hello!! kin-iro mosaic",
        "songName": "Kirameki-iro Summer Rainbow",
        "artist": "Rhodanthe*",
        "type": "Opening 2",
        "correctCount": 30,
        "startTime": 190,
        "songDuration": 247.008,
        "songNumber": 43,
        "activePlayerCount": 127,
        "LinkVideo": "https://files.catbox.moe/j2dmec.webm",
        "LinkMp3": "https://files.catbox.moe/7n7upy.mp3",
        "annId": 16364
    },
    {
        "animeEng": "Grendizer, Getter Robo G, Great Mazinger: Kessen! Daikaij\u016b",
        "animeRomaji": "Grendizer, Getter Robo G, Great Mazinger: Kessen! Daikaij\u016b",
        "songName": "Iza Yuke! Robot Gundan",
        "artist": "Isao Sasaki & Columbia Yurikago-kai",
        "type": "Opening 1",
        "correctCount": 23,
        "startTime": 20,
        "songDuration": 72.672,
        "songNumber": 44,
        "activePlayerCount": 128,
        "LinkVideo": "https://files.catbox.moe/pq5quc.webm",
        "LinkMp3": "https://files.catbox.moe/mmvudb.mp3",
        "annId": 3616
    },
    {
        "animeEng": "The Third: The Girl with the Blue Eye",
        "animeRomaji": "The Third: Aoi Hitomi no Sh\u014djo",
        "songName": "Sajou no Yume",
        "artist": "Yuko Sasaki",
        "type": "Opening 1",
        "correctCount": 7,
        "startTime": 27,
        "songDuration": 89.448,
        "songNumber": 45,
        "activePlayerCount": 128,
        "LinkVideo": "https://files.catbox.moe/0j5swf.webm",
        "LinkMp3": "https://files.catbox.moe/18pr6c.mp3",
        "annId": 6466
    },
    {
        "animeEng": "Ghost Sweeper Mikami",
        "animeRomaji": "GS Mikami - Gokuraku Daisuken!",
        "songName": "My Jolly Days",
        "artist": "Masami Okui",
        "type": "Ending 1",
        "correctCount": 2,
        "startTime": 71,
        "songDuration": 163.752,
        "songNumber": 46,
        "activePlayerCount": 128,
        "LinkVideo": "https://files.catbox.moe/otfyu7.webm",
        "LinkMp3": "https://files.catbox.moe/pyjr4z.mp3",
        "annId": 416,
        "correctPlayers": [
            "MKNono",
            "Shuuka"
        ]
    },
    {
        "animeEng": "The Ping Pong Club",
        "animeRomaji": "Ike! Ina-ch\u016b Takky\u016b-bu",
        "songName": "Man-in Densha Hitomebore",
        "artist": "SWITCH",
        "type": "Opening 2",
        "correctCount": 8,
        "startTime": 45,
        "songDuration": 89.568,
        "songNumber": 47,
        "activePlayerCount": 127,
        "LinkVideo": "https://files.catbox.moe/c2ydf6.webm",
        "LinkMp3": "https://files.catbox.moe/tko0p0.mp3",
        "annId": 60
    },
    {
        "animeEng": "Saint Seiya: The Heated Battle of the Gods",
        "animeRomaji": "Saint Seiya: Kamigami no Atsuki Tatakai",
        "songName": "Pegasus Fantasy",
        "artist": "MAKE-UP",
        "type": "Opening 1",
        "correctCount": 101,
        "startTime": 30,
        "songDuration": 82.968,
        "songNumber": 48,
        "activePlayerCount": 127,
        "LinkVideo": "https://files.catbox.moe/w7t8yo.webm",
        "LinkMp3": "https://files.catbox.moe/pqfrcp.mp3",
        "annId": 3330
    },
    {
        "animeEng": "New Fist of the North Star",
        "animeRomaji": "Shin Hokuto no Ken",
        "songName": "OASIS",
        "artist": "Gackt",
        "type": "Ending 1",
        "correctCount": 4,
        "startTime": 59,
        "songDuration": 179.04,
        "songNumber": 49,
        "activePlayerCount": 125,
        "LinkVideo": "https://files.catbox.moe/fbg6o6.webm",
        "LinkMp3": "https://files.catbox.moe/4zyvxr.mp3",
        "annId": 2778,
        "correctPlayers": [
            "yahallonyanpasu",
            "PieroS",
            "asleep",
            "SrueyaF"
        ]
    },
    {
        "animeEng": "Macross Frontier",
        "animeRomaji": "Macross Frontier",
        "songName": "Aimo",
        "artist": "Maaya Sakamoto & Megumi Nakajima",
        "type": "Insert Song",
        "correctCount": 52,
        "startTime": 30,
        "songDuration": 120.648,
        "songNumber": 50,
        "activePlayerCount": 124,
        "LinkVideo": "https://files.catbox.moe/d4tg2z.webm",
        "LinkMp3": "https://files.catbox.moe/ab5qho.mp3",
        "annId": 8586
    },
    {
        "animeEng": "Cogimyun",
        "animeRomaji": "Cogimyun",
        "songName": "First Date",
        "artist": "Sonoko Inoue",
        "type": "Ending 1",
        "correctCount": 3,
        "startTime": 0,
        "songDuration": 19.968,
        "songNumber": 51,
        "activePlayerCount": 123,
        "LinkVideo": "https://files.catbox.moe/13fcrv.webm",
        "LinkMp3": "https://files.catbox.moe/x5pf9d.mp3",
        "annId": 23211,
        "correctPlayers": [
            "Catisam",
            "Rukawa11",
            "konomi"
        ]
    },
    {
        "animeEng": "Miru Tights",
        "animeRomaji": "Miru Tights",
        "songName": "True Days",
        "artist": "Aya Suzaki",
        "type": "Ending 3",
        "correctCount": 40,
        "startTime": 3,
        "songDuration": 49.840776,
        "songNumber": 52,
        "activePlayerCount": 123,
        "LinkVideo": "https://files.catbox.moe/4584tk.webm",
        "LinkMp3": "https://files.catbox.moe/ntbj2f.mp3",
        "annId": 22030
    },
    {
        "animeEng": "Fairy Musketeers",
        "animeRomaji": "Otogi-Jushi Akazukin",
        "songName": "Ever-Never-Land",
        "artist": "Yukari Tamura",
        "type": "Opening 1",
        "correctCount": 21,
        "startTime": 55,
        "songDuration": 92.664,
        "songNumber": 53,
        "activePlayerCount": 123,
        "LinkVideo": "https://files.catbox.moe/a56gmu.webm",
        "LinkMp3": "https://files.catbox.moe/9fzlei.mp3",
        "annId": 4872
    },
    {
        "animeEng": "Bakugan: Battle Planet",
        "animeRomaji": "Bakugan: Battle Planet",
        "songName": "Jounetsu Jamboree",
        "artist": "HiHi Jets",
        "type": "Opening 1",
        "correctCount": 7,
        "startTime": 25,
        "songDuration": 89.232,
        "songNumber": 54,
        "activePlayerCount": 124,
        "LinkVideo": "https://files.catbox.moe/9s516y.webm",
        "LinkMp3": "https://files.catbox.moe/5kdbw0.mp3",
        "annId": 21868
    },
    {
        "animeEng": "Monster Kid",
        "animeRomaji": "Kaibutsu-kun",
        "songName": "Yukai Tsuukai Kaibutsu-kun",
        "artist": "Masako Nozawa",
        "type": "Opening 1",
        "correctCount": 80,
        "startTime": 8,
        "songDuration": 59.136,
        "songNumber": 55,
        "activePlayerCount": 124,
        "LinkVideo": "https://files.catbox.moe/gs76kf.webm",
        "LinkMp3": "https://files.catbox.moe/dpbkzb.mp3",
        "annId": 1851
    },
    {
        "animeEng": "Duel Masters Cross Shock",
        "animeRomaji": "Duel Masters Cross Shock",
        "songName": "My Only Dream",
        "artist": "Honey L Days",
        "type": "Opening 2",
        "correctCount": 9,
        "startTime": 6,
        "songDuration": 39.6,
        "songNumber": 56,
        "activePlayerCount": 123,
        "LinkVideo": "https://files.catbox.moe/vsst75.webm",
        "LinkMp3": "https://files.catbox.moe/lh8ung.mp3",
        "annId": 11493
    },
    {
        "animeEng": "Sh\u014djo Fight: Nora Inu-tachi no Odekake",
        "animeRomaji": "Sh\u014djo Fight: Nora Inu-tachi no Odekake",
        "songName": "Oh my friend",
        "artist": "BLiSTAR",
        "type": "Ending 1",
        "correctCount": 0,
        "startTime": 36,
        "songDuration": 85.464,
        "songNumber": 57,
        "activePlayerCount": 124,
        "LinkVideo": "https://files.catbox.moe/ycqd0w.webm",
        "LinkMp3": "https://files.catbox.moe/bxx0tl.mp3",
        "annId": 11039
    },
    {
        "animeEng": "Devil Lady",
        "animeRomaji": "Devil Lady",
        "songName": "Devilman Lady Main Theme",
        "artist": "Tokyo Philharmonic Chorus",
        "type": "Opening 1",
        "correctCount": 24,
        "startTime": 19,
        "songDuration": 59.616,
        "songNumber": 58,
        "activePlayerCount": 124,
        "LinkVideo": "https://files.catbox.moe/d96wzx.webm",
        "LinkMp3": "https://files.catbox.moe/275ytp.mp3",
        "annId": 579
    },
    {
        "animeEng": "Owarimonogatari",
        "animeRomaji": "Owarimonogatari",
        "songName": "Y\u016bdachi H\u014dteishiki",
        "artist": "Marina Inoue",
        "type": "Opening 3",
        "correctCount": 58,
        "startTime": 8,
        "songDuration": 88.536,
        "songNumber": 59,
        "activePlayerCount": 124,
        "LinkVideo": "https://files.catbox.moe/my1lg6.webm",
        "LinkMp3": "https://files.catbox.moe/6i1ov1.mp3",
        "annId": 17645
    },
    {
        "animeEng": "Aikatsu Planet!",
        "animeRomaji": "Aikatsu Planet!",
        "songName": "FLYING TIPS",
        "artist": "Ayumi\u30fbRuli from STARRY PLANET\u2606",
        "type": "Insert Song",
        "correctCount": 24,
        "startTime": 51,
        "songDuration": 122.688,
        "songNumber": 60,
        "activePlayerCount": 125,
        "LinkVideo": "https://files.catbox.moe/15w9f8.webm",
        "LinkMp3": "https://files.catbox.moe/m86pv5.mp3",
        "annId": 23849
    },
    {
        "animeEng": "Bomberman B-Daman Bakugaiden V",
        "animeRomaji": "Bomberman B-Daman Bakugaiden V",
        "songName": "GOGO!Bakugaiden ~Ver.Victory~",
        "artist": "Rinko Maki (with Dynamite You)",
        "type": "Opening 1",
        "correctCount": 2,
        "startTime": 30,
        "songDuration": 84.864,
        "songNumber": 61,
        "activePlayerCount": 124,
        "LinkVideo": "https://files.catbox.moe/3gs1ox.webm",
        "LinkMp3": "https://files.catbox.moe/7qf7vc.mp3",
        "annId": 1210,
        "correctPlayers": [
            "Rukawa11",
            "TowaSamaTenshi"
        ]
    },
    {
        "animeEng": "Futakoi",
        "animeRomaji": "Futakoi",
        "songName": "Habataku Mirai",
        "artist": "eufonius",
        "type": "Opening 1",
        "correctCount": 18,
        "startTime": 27,
        "songDuration": 87.384,
        "songNumber": 62,
        "activePlayerCount": 123,
        "LinkVideo": "https://files.catbox.moe/o0e8tz.webm",
        "LinkMp3": "https://files.catbox.moe/msoi6u.mp3",
        "annId": 4501
    },
    {
        "animeEng": "Atelier Escha & Logy: Alchemists of the Dusk Sky",
        "animeRomaji": "Escha & Logy no Atelier: Tasogare no Sora no Renkinjutsushi",
        "songName": "Asuiro",
        "artist": "Rie Murakawa",
        "type": "Insert Song",
        "correctCount": 26,
        "startTime": 40,
        "songDuration": 193.381166,
        "songNumber": 63,
        "activePlayerCount": 123,
        "LinkVideo": "https://files.catbox.moe/2ep32s.webm",
        "LinkMp3": "https://files.catbox.moe/g9nsh3.mp3",
        "annId": 15842
    },
    {
        "animeEng": "The Gymnastics Samurai",
        "animeRomaji": "Taiso Samurai",
        "songName": "Shanghai Honey",
        "artist": "Daisuke Namikawa, Kensho Ono, Yuki Kaji",
        "type": "Opening 1",
        "correctCount": 32,
        "startTime": 1,
        "songDuration": 88.488,
        "songNumber": 64,
        "activePlayerCount": 123,
        "LinkVideo": "https://files.catbox.moe/0ujmrz.webm",
        "LinkMp3": "https://files.catbox.moe/vodox0.mp3",
        "annId": 23566
    },
    {
        "animeEng": "Shiba Inuko-san",
        "animeRomaji": "Shiba Inuko-san",
        "songName": "Shiba Inuko-san no Uta",
        "artist": "Misaki Suzuki & Mikuru Sugimoto",
        "type": "Ending 1",
        "correctCount": 94,
        "startTime": 0,
        "songDuration": 29.136,
        "songNumber": 65,
        "activePlayerCount": 123,
        "LinkVideo": "https://files.catbox.moe/dgcxh6.webm",
        "LinkMp3": "https://files.catbox.moe/mhh7vt.mp3",
        "annId": 14051
    },
    {
        "animeEng": "Wotakoi: Love is Hard for Otaku",
        "animeRomaji": "Otaku ni Koi wa Muzukashii",
        "songName": "Fiction",
        "artist": "sumika",
        "type": "Opening 1",
        "correctCount": 96,
        "startTime": 23,
        "songDuration": 87.072,
        "songNumber": 66,
        "activePlayerCount": 123,
        "LinkVideo": "https://files.catbox.moe/rehox3.webm",
        "LinkMp3": "https://files.catbox.moe/l37nxf.mp3",
        "annId": 20478
    },
    {
        "animeEng": "MUSASHI Gun-d\u014d",
        "animeRomaji": "Gun-d\u014d Musashi",
        "songName": "Enshoku no Hikari",
        "artist": "Ai Aoyama",
        "type": "Ending 2",
        "correctCount": 2,
        "startTime": 38,
        "songDuration": 89.136,
        "songNumber": 67,
        "activePlayerCount": 123,
        "LinkVideo": "https://files.catbox.moe/2rw9ki.webm",
        "LinkMp3": "https://files.catbox.moe/yyq731.mp3",
        "annId": 6452,
        "correctPlayers": [
            "Catisam",
            "asleep"
        ]
    },
    {
        "animeEng": "Caligula",
        "animeRomaji": "Caligula",
        "songName": "Orbit -Anime Re:Arrange Ver.-",
        "artist": "Reina Ueda",
        "type": "Insert Song",
        "correctCount": 11,
        "startTime": 18,
        "songDuration": 119.011832,
        "songNumber": 68,
        "activePlayerCount": 123,
        "LinkVideo": "https://files.catbox.moe/5pjq0j.webm",
        "LinkMp3": "https://files.catbox.moe/ot0n4g.mp3",
        "annId": 20392
    },
    {
        "animeEng": "The Third: The Girl with the Blue Eye",
        "animeRomaji": "The Third: Aoi Hitomi no Sh\u014djo",
        "songName": "Late Show",
        "artist": "Super Flying Boy",
        "type": "Ending 2",
        "correctCount": 4,
        "startTime": 14,
        "songDuration": 87.37809,
        "songNumber": 69,
        "activePlayerCount": 123,
        "LinkVideo": "https://files.catbox.moe/qstsyb.webm",
        "LinkMp3": "https://files.catbox.moe/3dbe1f.mp3",
        "annId": 6466,
        "correctPlayers": [
            "Deafness",
            "yahallonyanpasu",
            "Shuuka",
            "konomi"
        ]
    },
    {
        "animeEng": "Bludgeoning Angel Dokuro-Chan 2",
        "animeRomaji": "Bokusatsu Tenshi Dokuro-chan Second",
        "songName": "Bokusatsu Ondo de Dokuro-chan",
        "artist": "Saeko Chiba",
        "type": "Ending 1",
        "correctCount": 23,
        "startTime": 2,
        "songDuration": 89.28,
        "songNumber": 70,
        "activePlayerCount": 123,
        "LinkVideo": "https://files.catbox.moe/hjszgc.webm",
        "LinkMp3": "https://files.catbox.moe/b3sflb.mp3",
        "annId": 8549
    },
    {
        "animeEng": "Scar-red Rider XechS",
        "animeRomaji": "Scar-red Rider XechS",
        "songName": "old revelation",
        "artist": "KENN",
        "type": "Ending 1",
        "correctCount": 5,
        "startTime": 5,
        "songDuration": 89.112,
        "songNumber": 71,
        "activePlayerCount": 123,
        "LinkVideo": "https://files.catbox.moe/wvumec.webm",
        "LinkMp3": "https://files.catbox.moe/j5bsz0.mp3",
        "annId": 18214,
        "correctPlayers": [
            "Rejax",
            "Hikaru56",
            "yahallonyanpasu",
            "Shakana",
            "SrueyaF"
        ]
    },
    {
        "animeEng": "What's Michael?",
        "animeRomaji": "What's Michael?",
        "songName": "SoPPo!",
        "artist": "P.J.",
        "type": "Insert Song",
        "correctCount": 3,
        "startTime": 136,
        "songDuration": 178.08,
        "songNumber": 72,
        "activePlayerCount": 123,
        "LinkVideo": "https://files.catbox.moe/2td5ud.webm",
        "LinkMp3": "https://files.catbox.moe/o34gz9.mp3",
        "annId": 3336,
        "correctPlayers": [
            "Bobocan",
            "Rukawa11",
            "SrueyaF"
        ]
    },
    {
        "animeEng": "UraShimaSakataSen no Nichij\u014d",
        "animeRomaji": "UraShimaSakataSen no Nichij\u014d",
        "songName": "Calender Reminder",
        "artist": "UraShimaSakataSen",
        "type": "Opening 1",
        "correctCount": 29,
        "startTime": 21,
        "songDuration": 58.368,
        "songNumber": 73,
        "activePlayerCount": 121,
        "LinkVideo": "https://files.catbox.moe/e0nk4h.webm",
        "LinkMp3": "https://files.catbox.moe/a5huy4.mp3",
        "annId": 22386
    },
    {
        "animeEng": "House of Five Leaves",
        "animeRomaji": "Sarai-ya Goy\u014d",
        "songName": "Sign of Love",
        "artist": "immi",
        "type": "Opening 1",
        "correctCount": 15,
        "startTime": 38,
        "songDuration": 90.072,
        "songNumber": 74,
        "activePlayerCount": 121,
        "LinkVideo": "https://files.catbox.moe/bhzp1x.webm",
        "LinkMp3": "https://files.catbox.moe/8wtra0.mp3",
        "annId": 11176
    },
    {
        "animeEng": "Nurse Witch Komugi",
        "animeRomaji": "Nurse Witch Komugi-chan Magikarte",
        "songName": "Anata ga Daikirai",
        "artist": "Haruko Momoi",
        "type": "Insert Song",
        "correctCount": 13,
        "startTime": 90,
        "songDuration": 197.832,
        "songNumber": 75,
        "activePlayerCount": 118,
        "LinkVideo": "https://files.catbox.moe/h05mem.webm",
        "LinkMp3": "https://files.catbox.moe/j5ds2r.mp3",
        "annId": 1169
    }
]