[
    {
        "animeEng": "\u014cya-san wa Shishunki!",
        "animeRomaji": "\u014cya-san wa Shishunki!",
        "songName": "Shining Sky",
        "artist": "every\u2665ing!",
        "type": "Opening 1",
        "correctCount": 59,
        "startTime": 0,
        "songDuration": 26.568,
        "songNumber": 1,
        "activePlayerCount": 205,
        "LinkVideo": "https://files.catbox.moe/vw57q3.webm",
        "LinkMp3": "https://files.catbox.moe/hdji5r.mp3",
        "annId": 17795
    },
    {
        "animeEng": "Pok\u00e9mon: Pikachu's Winter Vacation",
        "animeRomaji": "Pocket Monsters: Pikachu no Fuyuyasumi",
        "songName": "Pikachu's Winter Vacation",
        "artist": "Russell Vel\u00e1zquez",
        "type": "Opening 1",
        "correctCount": 106,
        "startTime": 26,
        "songDuration": 84.456,
        "songNumber": 2,
        "activePlayerCount": 205,
        "LinkVideo": "https://files.catbox.moe/pl24wp.webm",
        "LinkMp3": "https://files.catbox.moe/uu361g.mp3",
        "annId": 7823
    },
    {
        "animeEng": "Kaiketsu Zorori: ZZ no Himitsu",
        "animeRomaji": "Kaiketsu Zorori: ZZ no Himitsu",
        "songName": "Yume wa Kokoro no Tsubasa",
        "artist": "K\u014dichi Yamadera with Kanako Momota",
        "type": "Ending 1",
        "correctCount": 1,
        "startTime": 63,
        "songDuration": 276.912,
        "songNumber": 3,
        "activePlayerCount": 205,
        "LinkVideo": "https://files.catbox.moe/79kg37.webm",
        "LinkMp3": "https://files.catbox.moe/z763o7.mp3",
        "annId": 23172,
        "correctPlayers": [
            "Kamishiro"
        ]
    },
    {
        "animeEng": "Chihayafuru",
        "animeRomaji": "Chihayafuru",
        "songName": "YOUTHFUL",
        "artist": "99RadioService",
        "type": "Opening 1",
        "correctCount": 122,
        "startTime": 5,
        "songDuration": 69.792,
        "songNumber": 4,
        "activePlayerCount": 203,
        "LinkVideo": "https://files.catbox.moe/g3dt77.webm",
        "LinkMp3": "https://files.catbox.moe/rt3mrf.mp3",
        "annId": 12991
    },
    {
        "animeEng": "Kotetsu Zieg",
        "animeRomaji": "Kotetsu Zieg",
        "songName": "Hiroshi no Theme",
        "artist": "Ichiro Mizuki & Koorogi '73",
        "type": "Ending 1",
        "correctCount": 2,
        "startTime": 29,
        "songDuration": 161.146618,
        "songNumber": 5,
        "activePlayerCount": 201,
        "LinkVideo": "https://files.catbox.moe/r7rbff.webm",
        "LinkMp3": "https://files.catbox.moe/uji9oe.mp3",
        "annId": 1462,
        "correctPlayers": [
            "pepis",
            "JUNNA"
        ]
    },
    {
        "animeEng": "KimiKiss Pure Rouge",
        "animeRomaji": "KimiKiss Pure Rouge",
        "songName": "Wasurenaide",
        "artist": "Suara",
        "type": "Ending 2",
        "correctCount": 11,
        "startTime": 61,
        "songDuration": 101.208,
        "songNumber": 6,
        "activePlayerCount": 199,
        "LinkVideo": "https://files.catbox.moe/ahiv9b.webm",
        "LinkMp3": "https://files.catbox.moe/cg8a69.mp3",
        "annId": 8210
    },
    {
        "animeEng": "Sasuke",
        "animeRomaji": "Sasuke",
        "songName": "Sasuke",
        "artist": "Honey Nights",
        "type": "Opening 1",
        "correctCount": 142,
        "startTime": 33,
        "songDuration": 75.216,
        "songNumber": 7,
        "activePlayerCount": 199,
        "LinkVideo": "https://files.catbox.moe/l0ghtj.webm",
        "LinkMp3": "https://files.catbox.moe/8jvjqg.mp3",
        "annId": 1484
    },
    {
        "animeEng": "Persona 4 The Animation",
        "animeRomaji": "Persona 4 The Animation",
        "songName": "Signs Of Love [Reincarnation ver.]",
        "artist": "Shihoko Hirata",
        "type": "Insert Song",
        "correctCount": 138,
        "startTime": 17,
        "songDuration": 62.064,
        "songNumber": 8,
        "activePlayerCount": 200,
        "LinkVideo": "https://files.catbox.moe/0hux0t.webm",
        "LinkMp3": "https://files.catbox.moe/2gznwm.mp3",
        "annId": 12870
    },
    {
        "animeEng": "Crying Freeman",
        "animeRomaji": "Crying Freeman",
        "songName": "GRAY OR BLUE? Nanimo Mienai",
        "artist": "Akira Asakura",
        "type": "Ending 5",
        "correctCount": 0,
        "startTime": 59,
        "songDuration": 181.152,
        "songNumber": 9,
        "activePlayerCount": 200,
        "LinkVideo": "https://files.catbox.moe/jlyjk1.webm",
        "LinkMp3": "https://files.catbox.moe/pxq8ky.mp3",
        "annId": 1023
    },
    {
        "animeEng": "INTERSTELLA 5555: The 5tory of the 5ecret 5tar 5ystem",
        "animeRomaji": "INTERSTELLA 5555: The 5tory of the 5ecret 5tar 5ystem",
        "songName": "Too Long",
        "artist": "Daft Punk feat. Romanthony",
        "type": "Insert Song",
        "correctCount": 78,
        "startTime": 355,
        "songDuration": 571.32,
        "songNumber": 10,
        "activePlayerCount": 199,
        "LinkVideo": "https://files.catbox.moe/cs9qqv.webm",
        "LinkMp3": "https://files.catbox.moe/b1ad2p.mp3",
        "annId": 2391
    },
    {
        "animeEng": "The IDOLM@STER Cinderella Girls",
        "animeRomaji": "The IDOLM@STER Cinderella Girls: Anytime, Anywhere with Cinderella.",
        "songName": "Yume-iro Harmony",
        "artist": "CINDERELLA PROJECT",
        "type": "Ending 1",
        "correctCount": 36,
        "startTime": 43,
        "songDuration": 110.64,
        "songNumber": 11,
        "activePlayerCount": 197,
        "LinkVideo": "https://files.catbox.moe/5opk2a.webm",
        "LinkMp3": "https://files.catbox.moe/26je4e.mp3",
        "annId": 23881
    },
    {
        "animeEng": "Macross Plus",
        "animeRomaji": "Macross Plus",
        "songName": "After, in the dark",
        "artist": "Mai Yamane",
        "type": "Ending 1",
        "correctCount": 15,
        "startTime": 32,
        "songDuration": 168.072,
        "songNumber": 12,
        "activePlayerCount": 197,
        "LinkVideo": "https://files.catbox.moe/w8plpb.webm",
        "LinkMp3": "https://files.catbox.moe/mzkvwo.mp3",
        "annId": 501
    },
    {
        "animeEng": "Infinite Stratos Encore: Sextet of Burning Love",
        "animeRomaji": "Infinite Stratos Encore: Koi ni Kogareru Rokuj\u016bs\u014d",
        "songName": "SUPER\u221eSTREAM",
        "artist": "Y\u014dko Hikasa, Yukana, Asami Shimoda, Kana Hanazawa, Marina Inoue",
        "type": "Insert Song",
        "correctCount": 69,
        "startTime": 14,
        "songDuration": 89.448,
        "songNumber": 13,
        "activePlayerCount": 196,
        "LinkVideo": "https://files.catbox.moe/tkewo8.webm",
        "LinkMp3": "https://files.catbox.moe/l4wlra.mp3",
        "annId": 13298
    },
    {
        "animeEng": "Love Hina Christmas Special",
        "animeRomaji": "Love Hina X'mas Special: Silent Eve",
        "songName": "WINTER WISH",
        "artist": "Chihiro Yonekura",
        "type": "Insert Song",
        "correctCount": 5,
        "startTime": 36,
        "songDuration": 107.28,
        "songNumber": 14,
        "activePlayerCount": 197,
        "LinkVideo": "https://files.catbox.moe/nco0eu.webm",
        "LinkMp3": "https://files.catbox.moe/a6k262.mp3",
        "annId": 860,
        "correctPlayers": [
            "Jlin2",
            "KurisuZ",
            "Megapachi",
            "Kamishiro",
            "shadowpandax"
        ]
    },
    {
        "animeEng": "Laid-Back Camp",
        "animeRomaji": "Yuru Camp\u25b3",
        "songName": "SHINY DAYS",
        "artist": "Asaka",
        "type": "Opening 1",
        "correctCount": 157,
        "startTime": 11,
        "songDuration": 89.904,
        "songNumber": 15,
        "activePlayerCount": 196,
        "LinkVideo": "https://files.catbox.moe/gocl8e.webm",
        "LinkMp3": "https://files.catbox.moe/zr84eu.mp3",
        "annId": 20010
    },
    {
        "animeEng": "Shakugan no Shana Movie",
        "animeRomaji": "Shakugan no Shana Movie",
        "songName": "Tenj\u014d o Kakeru Mono-tachi",
        "artist": "Love Planet Five ~I've special unit~",
        "type": "Ending 1",
        "correctCount": 26,
        "startTime": 36,
        "songDuration": 278.064,
        "songNumber": 16,
        "activePlayerCount": 197,
        "LinkVideo": "https://files.catbox.moe/kocc9x.webm",
        "LinkMp3": "https://files.catbox.moe/h6zmci.mp3",
        "annId": 6428
    },
    {
        "animeEng": "Saint Seiya: Saintia Sh\u014d",
        "animeRomaji": "Saint Seiya: Saintia Sh\u014d",
        "songName": "The Beautiful Brave",
        "artist": "Aina Suzuki, M\u30fbA\u30fbO, Inori Minase, Megumi Nakajima",
        "type": "Opening 1",
        "correctCount": 9,
        "startTime": 2,
        "songDuration": 87.534822,
        "songNumber": 17,
        "activePlayerCount": 196,
        "LinkVideo": "https://files.catbox.moe/48pdq3.webm",
        "LinkMp3": "https://files.catbox.moe/zyod3s.mp3",
        "annId": 21285
    },
    {
        "animeEng": "Aqua Age",
        "animeRomaji": "Mizu-iro Jidai",
        "songName": "Mizuiro Jidai",
        "artist": "Jun Yoneya",
        "type": "Opening 1",
        "correctCount": 7,
        "startTime": 13,
        "songDuration": 99.864406,
        "songNumber": 18,
        "activePlayerCount": 196,
        "LinkVideo": "https://files.catbox.moe/jb24a5.webm",
        "LinkMp3": "https://files.catbox.moe/ib3qd0.mp3",
        "annId": 1162
    },
    {
        "animeEng": "MapleStory",
        "animeRomaji": "MapleStory",
        "songName": "Scratch On The Heart",
        "artist": "Younha",
        "type": "Opening 1",
        "correctCount": 10,
        "startTime": 30,
        "songDuration": 88.56,
        "songNumber": 19,
        "activePlayerCount": 196,
        "LinkVideo": "https://files.catbox.moe/6n74ws.webm",
        "LinkMp3": "https://files.catbox.moe/acpj4b.mp3",
        "annId": 8553
    },
    {
        "animeEng": "Re-Main",
        "animeRomaji": "Re-Main",
        "songName": "Forget Me Not",
        "artist": "ENHYPEN",
        "type": "Opening 1",
        "correctCount": 14,
        "startTime": 0,
        "songDuration": 89.64,
        "songNumber": 20,
        "activePlayerCount": 195,
        "LinkVideo": "https://files.catbox.moe/yjrqrw.webm",
        "LinkMp3": "https://files.catbox.moe/s82k8a.mp3",
        "annId": 24104
    },
    {
        "animeEng": "A3! Season Spring & Summer",
        "animeRomaji": "A3! Season Spring & Summer",
        "songName": "Home",
        "artist": "Haru-gumi",
        "type": "Ending 1",
        "correctCount": 12,
        "startTime": 36,
        "songDuration": 87.144,
        "songNumber": 21,
        "activePlayerCount": 196,
        "LinkVideo": "https://files.catbox.moe/u29boj.webm",
        "LinkMp3": "https://files.catbox.moe/0k12mg.mp3",
        "annId": 22440
    },
    {
        "animeEng": "Hyper Doll",
        "animeRomaji": "Rakush\u014d! Hyper Doll",
        "songName": "Hyper-Doll",
        "artist": "Yukana Nogami & Mayumi Iizuka",
        "type": "Opening 1",
        "correctCount": 5,
        "startTime": 35,
        "songDuration": 107.832,
        "songNumber": 22,
        "activePlayerCount": 195,
        "LinkVideo": "https://files.catbox.moe/7wpubb.webm",
        "LinkMp3": "https://files.catbox.moe/yt42hr.mp3",
        "annId": 681,
        "correctPlayers": [
            "Carmanher",
            "kimika",
            "JUNNA",
            "Zurer",
            "ozsauce"
        ]
    },
    {
        "animeEng": "Lord Marksman and Vanadis",
        "animeRomaji": "Madan no \u014c to Vanadis",
        "songName": "Ry\u016bsei Chinkonka",
        "artist": "Konomi Suzuki",
        "type": "Ending 2",
        "correctCount": 19,
        "startTime": 5,
        "songDuration": 88.710312,
        "songNumber": 23,
        "activePlayerCount": 195,
        "LinkVideo": "https://files.catbox.moe/jz6nky.webm",
        "LinkMp3": "https://files.catbox.moe/zjnk79.mp3",
        "annId": 16170
    },
    {
        "animeEng": "Revolutionary Girl Utena",
        "animeRomaji": "Sh\u014djo Kakumei Utena",
        "songName": "Rose & release",
        "artist": "Masami Okui",
        "type": "Ending 3",
        "correctCount": 30,
        "startTime": 27,
        "songDuration": 90.024,
        "songNumber": 24,
        "activePlayerCount": 195,
        "LinkVideo": "https://files.catbox.moe/qgitqm.webm",
        "LinkMp3": "https://files.catbox.moe/mnbike.mp3",
        "annId": 207
    },
    {
        "animeEng": "Yu-Gi-Oh! GX",
        "animeRomaji": "Yu-Gi-Oh! Duel Monsters GX",
        "songName": "Precious Time, Glory Days",
        "artist": "Psychic Lover",
        "type": "Opening 4",
        "correctCount": 48,
        "startTime": 18,
        "songDuration": 90.048,
        "songNumber": 25,
        "activePlayerCount": 195,
        "LinkVideo": "https://files.catbox.moe/pwej26.webm",
        "LinkMp3": "https://files.catbox.moe/wslwli.mp3",
        "annId": 4481
    },
    {
        "animeEng": "UQ Holder! Magister Negi Magi! 2",
        "animeRomaji": "UQ Holder! Magister Negi Magi! 2",
        "songName": "Happy Material",
        "artist": "Yuka Takakura, Y\u016bki Hirose, Ai Kayano, Yui Ogura, Sayaka Harada, Akari Kit\u014d",
        "type": "Opening 1",
        "correctCount": 44,
        "startTime": 27,
        "songDuration": 89.376,
        "songNumber": 26,
        "activePlayerCount": 192,
        "LinkVideo": "https://files.catbox.moe/ye5ici.webm",
        "LinkMp3": "https://files.catbox.moe/5lkz34.mp3",
        "annId": 19357
    },
    {
        "animeEng": "Show By Rock!! Stars!!",
        "animeRomaji": "Show By Rock!! Stars!!",
        "songName": "Lemon to Hachimitsu",
        "artist": "Plasmagica",
        "type": "Opening 1",
        "correctCount": 7,
        "startTime": 38,
        "songDuration": 102.168,
        "songNumber": 27,
        "activePlayerCount": 191,
        "LinkVideo": "https://files.catbox.moe/1dfcug.webm",
        "LinkMp3": "https://files.catbox.moe/ceq085.mp3",
        "annId": 23132
    },
    {
        "animeEng": "The Eccentric Family",
        "animeRomaji": "Uch\u014dten Kazoku",
        "songName": "Uch\u014dten Jinsei",
        "artist": "milktub",
        "type": "Opening 1",
        "correctCount": 90,
        "startTime": 50,
        "songDuration": 87.463,
        "songNumber": 28,
        "activePlayerCount": 191,
        "LinkVideo": "https://files.catbox.moe/5tbys2.webm",
        "annId": 15205
    },
    {
        "animeEng": "Doraemon: Nobita's Monstrous Underwater Castle",
        "animeRomaji": "Doraemon: Nobita no Kaitei Kiganjou",
        "songName": "Umi wa Bokura to",
        "artist": "Makoto Iwabuchi",
        "type": "Ending 1",
        "correctCount": 4,
        "startTime": 85,
        "songDuration": 149.496,
        "songNumber": 29,
        "activePlayerCount": 191,
        "LinkVideo": "https://files.catbox.moe/q9ripq.webm",
        "LinkMp3": "https://files.catbox.moe/xfak58.mp3",
        "annId": 1889,
        "correctPlayers": [
            "Carmanher",
            "kimika",
            "Zurer",
            "angelofeternity"
        ]
    },
    {
        "animeEng": "Our Home's Fox Deity",
        "animeRomaji": "Wagaya no Oinari-sama",
        "songName": "Process",
        "artist": "Shizuka It\u014d",
        "type": "Insert Song",
        "correctCount": 2,
        "startTime": 13,
        "songDuration": 84.624,
        "songNumber": 30,
        "activePlayerCount": 190,
        "LinkVideo": "https://files.catbox.moe/momf6a.webm",
        "LinkMp3": "https://files.catbox.moe/vq2frh.mp3",
        "annId": 8774,
        "correctPlayers": [
            "doomchicken",
            "Kamishiro"
        ]
    },
    {
        "animeEng": "Love Live! School Idol Project",
        "animeRomaji": "Love Live! School Idol Project",
        "songName": "Natsu-iro Egao de 1, 2, Jump!",
        "artist": "\u03bc's",
        "type": "Insert Song",
        "correctCount": 62,
        "startTime": 40,
        "songDuration": 269.256,
        "songNumber": 31,
        "activePlayerCount": 190,
        "LinkVideo": "https://files.catbox.moe/dbzjo7.webm",
        "LinkMp3": "https://files.catbox.moe/5ty9ce.mp3",
        "annId": 22080
    },
    {
        "animeEng": "Gintama",
        "animeRomaji": "Gintama",
        "songName": "Omae no Kaa-chan XX da!",
        "artist": "kazmy with Necromancers",
        "type": "Ending 1",
        "correctCount": 40,
        "startTime": 73,
        "songDuration": 122.76,
        "songNumber": 32,
        "activePlayerCount": 189,
        "LinkVideo": "https://files.catbox.moe/6fq2ou.webm",
        "LinkMp3": "https://files.catbox.moe/7i6idc.mp3",
        "annId": 6072
    },
    {
        "animeEng": "Magic Boy",
        "animeRomaji": "Sh\u014dnen Sarutobi Sasuke",
        "songName": "Oy\u016b no Uta",
        "artist": "Keiko Kuj\u014d",
        "type": "Insert Song",
        "correctCount": 1,
        "startTime": 1,
        "songDuration": 50.184,
        "songNumber": 33,
        "activePlayerCount": 189,
        "LinkVideo": "https://files.catbox.moe/519d3i.webm",
        "LinkMp3": "https://files.catbox.moe/239o21.mp3",
        "annId": 1501,
        "correctPlayers": [
            "Hooman"
        ]
    },
    {
        "animeEng": "My Hero Academia",
        "animeRomaji": "Boku no Hero Academia",
        "songName": "Each Goal",
        "artist": "Chrissy Costanza",
        "type": "Insert Song",
        "correctCount": 67,
        "startTime": 0,
        "songDuration": 35.04,
        "songNumber": 34,
        "activePlayerCount": 190,
        "LinkVideo": "https://files.catbox.moe/ifmjqu.webm",
        "LinkMp3": "https://files.catbox.moe/bhvb4f.mp3",
        "annId": 22265
    },
    {
        "animeEng": "Sh\u014djo\u2606Conto All Starlight",
        "animeRomaji": "Sh\u014djo\u2606Conto All Starlight",
        "songName": "Butai Shoujo Taisou",
        "artist": "Starlight Kuku-gumi",
        "type": "Ending 1",
        "correctCount": 53,
        "startTime": 0,
        "songDuration": 29.352,
        "songNumber": 35,
        "activePlayerCount": 190,
        "LinkVideo": "https://files.catbox.moe/dqldv9.webm",
        "LinkMp3": "https://files.catbox.moe/a79oxr.mp3",
        "annId": 22447
    },
    {
        "animeEng": "Monster High: Kowa-ike Girls",
        "animeRomaji": "Monster High: Kowa-ike Girls",
        "songName": "Monster High",
        "artist": "amorecarina feat.Chu-Z KAEDE",
        "type": "Opening 1",
        "correctCount": 171,
        "startTime": 0,
        "songDuration": 29.688,
        "songNumber": 36,
        "activePlayerCount": 190,
        "LinkVideo": "https://files.catbox.moe/qt385k.webm",
        "LinkMp3": "https://files.catbox.moe/437ren.mp3",
        "annId": 16416
    },
    {
        "animeEng": "Place to Place",
        "animeRomaji": "Acchi Kocchi",
        "songName": "Acchi de Kocchi de",
        "artist": "Acchi\u21d4Kocchi",
        "type": "Opening 1",
        "correctCount": 94,
        "startTime": 20,
        "songDuration": 88.632,
        "songNumber": 37,
        "activePlayerCount": 190,
        "LinkVideo": "https://files.catbox.moe/a9bg41.webm",
        "LinkMp3": "https://files.catbox.moe/pk59qb.mp3",
        "annId": 13844
    },
    {
        "animeEng": "Yumeiro P\u00e2tissi\u00e8re SP Professional",
        "animeRomaji": "Yumeiro P\u00e2tissi\u00e8re SP Professional",
        "songName": "HOME MADE HAPPY",
        "artist": "Primavera",
        "type": "Ending 1",
        "correctCount": 17,
        "startTime": 38,
        "songDuration": 87.576,
        "songNumber": 38,
        "activePlayerCount": 190,
        "LinkVideo": "https://files.catbox.moe/cyqupk.webm",
        "LinkMp3": "https://files.catbox.moe/q3e0dl.mp3",
        "annId": 11852
    },
    {
        "animeEng": "Nora, Princess, and Stray Cat",
        "animeRomaji": "Nora to \u014cjo to Noraneko Heart",
        "songName": "Ne! Ko!",
        "artist": "Natsumi Takamori, Eri Sendai, Yuu Asakawa, Atsumi Tanezaki",
        "type": "Opening 1",
        "correctCount": 77,
        "startTime": 4,
        "songDuration": 47.448,
        "songNumber": 39,
        "activePlayerCount": 190,
        "LinkVideo": "https://files.catbox.moe/qlz67a.webm",
        "LinkMp3": "https://files.catbox.moe/zaakea.mp3",
        "annId": 19749
    },
    {
        "animeEng": "Concrete Revolutio",
        "animeRomaji": "Concrete Revolutio: Ch\u014djin Gens\u014d",
        "songName": "Time Slipper",
        "artist": "Sh\u014dkichi Ishida",
        "type": "Insert Song",
        "correctCount": 15,
        "startTime": 15,
        "songDuration": 52.728,
        "songNumber": 40,
        "activePlayerCount": 190,
        "LinkVideo": "https://files.catbox.moe/bvyv6u.webm",
        "LinkMp3": "https://files.catbox.moe/nt82bk.mp3",
        "annId": 17260
    },
    {
        "animeEng": "Honey and Clover II",
        "animeRomaji": "Hachikuro II",
        "songName": "Pool",
        "artist": "Spitz",
        "type": "Insert Song",
        "correctCount": 5,
        "startTime": 49,
        "songDuration": 118.620002,
        "songNumber": 41,
        "activePlayerCount": 190,
        "LinkVideo": "https://files.catbox.moe/3346ap.webm",
        "LinkMp3": "https://files.catbox.moe/vpeaoi.mp3",
        "annId": 6440,
        "correctPlayers": [
            "Sniparook",
            "Kamishiro",
            "shadowpandax",
            "AleisterCrowley",
            "ozsauce"
        ]
    },
    {
        "animeEng": "R-15",
        "animeRomaji": "R-15",
        "songName": "Maji Yaba Mousou Otsu",
        "artist": "R-15 Otsu",
        "type": "Opening 2",
        "correctCount": 38,
        "startTime": 45,
        "songDuration": 88.632,
        "songNumber": 42,
        "activePlayerCount": 189,
        "LinkVideo": "https://files.catbox.moe/874b55.webm",
        "LinkMp3": "https://files.catbox.moe/abedvr.mp3",
        "annId": 12895
    },
    {
        "animeEng": "The Melancholy of Haruhi Suzumiya",
        "animeRomaji": "Suzumiya Haruhi no Y\u016butsu",
        "songName": "Super Driver",
        "artist": "Aya Hirano",
        "type": "Opening 1",
        "correctCount": 144,
        "startTime": 7,
        "songDuration": 89.064,
        "songNumber": 43,
        "activePlayerCount": 188,
        "LinkVideo": "https://files.catbox.moe/4n7ki9.webm",
        "LinkMp3": "https://files.catbox.moe/zvwxy0.mp3",
        "annId": 10924
    },
    {
        "animeEng": "Free! Dive to the Future",
        "animeRomaji": "Free! Dive to the Future",
        "songName": "GOLD EVOLUTION",
        "artist": "STYLE FIVE",
        "type": "Ending 1",
        "correctCount": 51,
        "startTime": 11,
        "songDuration": 95.568,
        "songNumber": 44,
        "activePlayerCount": 189,
        "LinkVideo": "https://files.catbox.moe/wdscz2.webm",
        "LinkMp3": "https://files.catbox.moe/3rg3ly.mp3",
        "annId": 20895
    },
    {
        "animeEng": "Future Cop Urashiman",
        "animeRomaji": "Urashiman",
        "songName": "Midnight Submarine",
        "artist": "HARRY",
        "type": "Opening 1",
        "correctCount": 6,
        "startTime": 2,
        "songDuration": 78.648,
        "songNumber": 45,
        "activePlayerCount": 189,
        "LinkVideo": "https://files.catbox.moe/ewoqgf.webm",
        "LinkMp3": "https://files.catbox.moe/25lfd9.mp3",
        "annId": 2620
    },
    {
        "animeEng": "Chaos Dragon",
        "animeRomaji": "Chaos Dragon: Sekiry\u016b Seneki",
        "songName": "Delta Decision",
        "artist": "Miyuki Sawashiro, Haruka Terui, Maaya Uchida",
        "type": "Ending 1",
        "correctCount": 19,
        "startTime": 38,
        "songDuration": 89.064,
        "songNumber": 46,
        "activePlayerCount": 189,
        "LinkVideo": "https://files.catbox.moe/t2gpd5.webm",
        "LinkMp3": "https://files.catbox.moe/uy37fs.mp3",
        "annId": 16889
    },
    {
        "animeEng": "Sumiko",
        "animeRomaji": "Sumiko",
        "songName": "Sumiko Forever (New version)",
        "artist": "Ayumi Aizawa",
        "type": "Ending 1",
        "correctCount": 130,
        "startTime": 35,
        "songDuration": 84.336,
        "songNumber": 47,
        "activePlayerCount": 189,
        "LinkVideo": "https://files.catbox.moe/yb8nv2.webm",
        "LinkMp3": "https://files.catbox.moe/ppqt8f.mp3",
        "annId": 23275
    },
    {
        "animeEng": "Please Teacher!",
        "animeRomaji": "Please Teacher!",
        "songName": "Shooting Star",
        "artist": "KOTOKO",
        "type": "Opening 1",
        "correctCount": 52,
        "startTime": 34,
        "songDuration": 99.216,
        "songNumber": 48,
        "activePlayerCount": 189,
        "LinkVideo": "https://files.catbox.moe/yxl1hn.webm",
        "LinkMp3": "https://files.catbox.moe/1zs826.mp3",
        "annId": 2046
    },
    {
        "animeEng": "Little Battlers eXperience W",
        "animeRomaji": "Danball Senki W",
        "songName": "BRAVE HERO",
        "artist": "Little Blue boX",
        "type": "Opening 1",
        "correctCount": 10,
        "startTime": 42,
        "songDuration": 96.144,
        "songNumber": 49,
        "activePlayerCount": 189,
        "LinkVideo": "https://files.catbox.moe/w4q9pe.webm",
        "LinkMp3": "https://files.catbox.moe/a0t7rh.mp3",
        "annId": 13893
    },
    {
        "animeEng": "Demon King Daimao",
        "animeRomaji": "Ichiban Ushiro no Daima\u014d",
        "songName": "REALOVE:REALIFE",
        "artist": "Sphere",
        "type": "Opening 1",
        "correctCount": 74,
        "startTime": 3,
        "songDuration": 88.584,
        "songNumber": 50,
        "activePlayerCount": 188,
        "LinkVideo": "https://files.catbox.moe/g6pg3v.webm",
        "LinkMp3": "https://files.catbox.moe/d8ob98.mp3",
        "annId": 11179
    },
    {
        "animeEng": "Crayon Shin-chan: Buriburi \u014ckoku no Hih\u014d",
        "animeRomaji": "Crayon Shin-chan: Buriburi \u014ckoku no Hih\u014d",
        "songName": "Aa Hate Shinai Jungle no Naka de",
        "artist": "Keiji Fujiwara & Miki Narahashi",
        "type": "Insert Song",
        "correctCount": 2,
        "startTime": 40,
        "songDuration": 78.432,
        "songNumber": 51,
        "activePlayerCount": 187,
        "LinkVideo": "https://files.catbox.moe/olc27t.webm",
        "LinkMp3": "https://files.catbox.moe/rpeyrx.mp3",
        "annId": 6740,
        "correctPlayers": [
            "Cirquit",
            "angelofeternity"
        ]
    },
    {
        "animeEng": "In This Corner of the World",
        "animeRomaji": "Kono Sekai no Katasumi ni",
        "songName": "Migite no Uta",
        "artist": "kotringo",
        "type": "Insert Song",
        "correctCount": 39,
        "startTime": 115,
        "songDuration": 182.409926,
        "songNumber": 52,
        "activePlayerCount": 188,
        "LinkVideo": "https://files.catbox.moe/uek8au.webm",
        "LinkMp3": "https://files.catbox.moe/wv6hab.mp3",
        "annId": 17177
    },
    {
        "animeEng": "Mobile Suit Gundam Wing: Endless Waltz Special Edition",
        "animeRomaji": "Shin Kid\u014d Senki Gundam Wing: Endless Waltz Tokubetsu-hen",
        "songName": "LAST IMPRESSION",
        "artist": "TWO-MIX",
        "type": "Ending 1",
        "correctCount": 23,
        "startTime": 313,
        "songDuration": 370.248,
        "songNumber": 53,
        "activePlayerCount": 188,
        "LinkVideo": "https://files.catbox.moe/5556mm.webm",
        "LinkMp3": "https://files.catbox.moe/ex7ipx.mp3",
        "annId": 2358
    },
    {
        "animeEng": "Cybernetics Guardian",
        "animeRomaji": "Seijuki Cyguard",
        "songName": "IT'S TOO LATE",
        "artist": "TRASH GANG",
        "type": "Insert Song",
        "correctCount": 5,
        "startTime": 9,
        "songDuration": 79.8,
        "songNumber": 54,
        "activePlayerCount": 187,
        "LinkVideo": "https://files.catbox.moe/z28zjq.webm",
        "LinkMp3": "https://files.catbox.moe/l47594.mp3",
        "annId": 568,
        "correctPlayers": [
            "Gimmicks",
            "Sniparook",
            "Zurer",
            "angelofeternity",
            "Steelrocket"
        ]
    },
    {
        "animeEng": "LBX Girls",
        "animeRomaji": "S\u014dk\u014d Musume Senki",
        "songName": "Dream hopper",
        "artist": "Rikako Aida",
        "type": "Opening 1",
        "correctCount": 25,
        "startTime": 34,
        "songDuration": 88.32,
        "songNumber": 55,
        "activePlayerCount": 187,
        "LinkVideo": "https://files.catbox.moe/myoamj.webm",
        "LinkMp3": "https://files.catbox.moe/kiwy6s.mp3",
        "annId": 22023
    },
    {
        "animeEng": "Hamatora",
        "animeRomaji": "Hamatora",
        "songName": "FLAT",
        "artist": "livetune adding Y\u016bki Ozaki",
        "type": "Opening 1",
        "correctCount": 74,
        "startTime": 47,
        "songDuration": 88.944,
        "songNumber": 56,
        "activePlayerCount": 187,
        "LinkVideo": "https://files.catbox.moe/mmfxj1.webm",
        "LinkMp3": "https://files.catbox.moe/yfli89.mp3",
        "annId": 15752
    },
    {
        "animeEng": "One Piece",
        "animeRomaji": "One Piece",
        "songName": "We Are!~7-nin no Mugiwara Kaizoku-danpen",
        "artist": "7-nin no Mugiwara Kaizoku-dan",
        "type": "Opening 7",
        "correctCount": 105,
        "startTime": 48,
        "songDuration": 109.752,
        "songNumber": 57,
        "activePlayerCount": 187,
        "LinkVideo": "https://files.catbox.moe/zjypxh.webm",
        "LinkMp3": "https://files.catbox.moe/xf8skp.mp3",
        "annId": 836
    },
    {
        "animeEng": "Schwarzes Marken",
        "animeRomaji": "Schwarzesmarken",
        "songName": "white forces",
        "artist": "fripSide",
        "type": "Opening 1",
        "correctCount": 34,
        "startTime": 46,
        "songDuration": 84.048,
        "songNumber": 58,
        "activePlayerCount": 186,
        "LinkVideo": "https://files.catbox.moe/sd2knz.webm",
        "LinkMp3": "https://files.catbox.moe/rlkpu7.mp3",
        "annId": 17670
    },
    {
        "animeEng": "Cockroach Girls",
        "animeRomaji": "Gokicha!!",
        "songName": "Gokkyun! Days",
        "artist": "Mamiko Noto",
        "type": "Opening 1",
        "correctCount": 99,
        "startTime": 0,
        "songDuration": 29.592,
        "songNumber": 59,
        "activePlayerCount": 186,
        "LinkVideo": "https://files.catbox.moe/jzo84l.webm",
        "LinkMp3": "https://files.catbox.moe/v2p3cd.mp3",
        "annId": 15571
    },
    {
        "animeEng": "The World God Only Knows",
        "animeRomaji": "Kami Nomi zo Shiru Sekai",
        "songName": "Happy Crescent",
        "artist": "Nao T\u014dyama",
        "type": "Ending 4",
        "correctCount": 93,
        "startTime": 179,
        "songDuration": 215.688,
        "songNumber": 60,
        "activePlayerCount": 184,
        "LinkVideo": "https://files.catbox.moe/ttfi1x.webm",
        "LinkMp3": "https://files.catbox.moe/cymp38.mp3",
        "annId": 11571
    },
    {
        "animeEng": "18if",
        "animeRomaji": "18if",
        "songName": "Red Doors",
        "artist": "TeddyLoid feat. Yoshikazu Mera",
        "type": "Opening 1",
        "correctCount": 57,
        "startTime": 29,
        "songDuration": 90,
        "songNumber": 61,
        "activePlayerCount": 186,
        "LinkVideo": "https://files.catbox.moe/teqdfc.webm",
        "LinkMp3": "https://files.catbox.moe/du46aj.mp3",
        "annId": 19410
    },
    {
        "animeEng": "Kanon",
        "animeRomaji": "Kanon",
        "songName": "Last regrets",
        "artist": "Ayana",
        "type": "Opening 1",
        "correctCount": 100,
        "startTime": 5,
        "songDuration": 88.488,
        "songNumber": 62,
        "activePlayerCount": 185,
        "LinkVideo": "https://files.catbox.moe/y2vdxw.webm",
        "LinkMp3": "https://files.catbox.moe/f0kvx8.mp3",
        "annId": 6431
    },
    {
        "animeEng": "Beyblade G Revolution",
        "animeRomaji": "Bakuten Shoot Beyblade G-Revolution",
        "songName": "OH YES!!",
        "artist": "SISTA with YUKA",
        "type": "Ending 1",
        "correctCount": 3,
        "startTime": 4,
        "songDuration": 79.056,
        "songNumber": 63,
        "activePlayerCount": 185,
        "LinkVideo": "https://files.catbox.moe/9gj7fj.webm",
        "LinkMp3": "https://files.catbox.moe/08moup.mp3",
        "annId": 2085,
        "correctPlayers": [
            "Jlin2",
            "oh95",
            "Ipn"
        ]
    },
    {
        "animeEng": "Pucchimiku\u266a D4DJ Petit Mix",
        "animeRomaji": "Pucchimiku\u266a D4DJ Petit Mix",
        "songName": "Pucchimiku Parchy Ni!",
        "artist": "Photon Maiden",
        "type": "Ending 3",
        "correctCount": 110,
        "startTime": 0,
        "songDuration": 29.616,
        "songNumber": 64,
        "activePlayerCount": 185,
        "LinkVideo": "https://files.catbox.moe/owb7gy.webm",
        "LinkMp3": "https://files.catbox.moe/72whg1.mp3",
        "annId": 23993
    },
    {
        "animeEng": "Tenchi Muyo! Ryo Ohki",
        "animeRomaji": "Tenchi Muyo! Ryo Ohki",
        "songName": "Brand New Door",
        "artist": "Ayuka Watanabe",
        "type": "Opening 4",
        "correctCount": 1,
        "startTime": 15,
        "songDuration": 88.872,
        "songNumber": 65,
        "activePlayerCount": 183,
        "LinkVideo": "https://files.catbox.moe/jhjiqr.webm",
        "LinkMp3": "https://files.catbox.moe/dfbtak.mp3",
        "annId": 18688,
        "correctPlayers": [
            "kneesoxluver"
        ]
    },
    {
        "animeEng": "Room Mate",
        "animeRomaji": "Room Mate",
        "songName": "Kimi-iro Smile",
        "artist": "Kousuke Toriumi, Tomoaki Maeno",
        "type": "Ending 2",
        "correctCount": 33,
        "startTime": 0,
        "songDuration": 28.608,
        "songNumber": 66,
        "activePlayerCount": 183,
        "LinkVideo": "https://files.catbox.moe/0aci03.webm",
        "LinkMp3": "https://files.catbox.moe/eakck8.mp3",
        "annId": 19158
    },
    {
        "animeEng": "Mind Game",
        "animeRomaji": "Mind Game",
        "songName": "Como Esta",
        "artist": "HACO",
        "type": "Insert Song",
        "correctCount": 12,
        "startTime": 13,
        "songDuration": 94.56164,
        "songNumber": 67,
        "activePlayerCount": 183,
        "LinkVideo": "https://files.catbox.moe/k5bquw.webm",
        "LinkMp3": "https://files.catbox.moe/03ualg.mp3",
        "annId": 4363
    },
    {
        "animeEng": "Assassination Classroom",
        "animeRomaji": "Ansatsu Ky\u014dshitsu",
        "songName": "Seishun Satsubatsuron",
        "artist": "3-nen E-gumi Shuugakuryokou 4-han",
        "type": "Opening 2",
        "correctCount": 145,
        "startTime": 7,
        "songDuration": 87.888,
        "songNumber": 68,
        "activePlayerCount": 183,
        "LinkVideo": "https://files.catbox.moe/qviczi.webm",
        "LinkMp3": "https://files.catbox.moe/ufni20.mp3",
        "annId": 16142
    },
    {
        "animeEng": "Mojacko",
        "animeRomaji": "Mojak\u014d",
        "songName": "CHU-CHU-CHU",
        "artist": "CRIPTON",
        "type": "Opening 1",
        "correctCount": 5,
        "startTime": 16,
        "songDuration": 78.072,
        "songNumber": 69,
        "activePlayerCount": 183,
        "LinkVideo": "https://files.catbox.moe/nxaf2w.webm",
        "LinkMp3": "https://files.catbox.moe/c5e8vi.mp3",
        "annId": 2627,
        "correctPlayers": [
            "Catisam",
            "Aquarius",
            "colapso",
            "Hooman",
            "CerchuPy"
        ]
    },
    {
        "animeEng": "The World Reflected in the Eyes of the Girl Looking at the Sky",
        "animeRomaji": "Sora o Miageru Sh\u014djo no Hitomi ni Utsuru Sekai",
        "songName": "Anemoi",
        "artist": "eufonius",
        "type": "Opening 1",
        "correctCount": 14,
        "startTime": 52,
        "songDuration": 89.688,
        "songNumber": 70,
        "activePlayerCount": 182,
        "LinkVideo": "https://files.catbox.moe/j00oni.webm",
        "LinkMp3": "https://files.catbox.moe/5ixv8s.mp3",
        "annId": 10404
    },
    {
        "animeEng": "Blue Dragon: Trials of the Seven Shadows",
        "animeRomaji": "Blue Dragon: Tenkai no Shichi Ry\u016b",
        "songName": "Iija Nai?",
        "artist": "Mikuni Shimokawa",
        "type": "Ending 3",
        "correctCount": 1,
        "startTime": 8,
        "songDuration": 89.568,
        "songNumber": 71,
        "activePlayerCount": 183,
        "LinkVideo": "https://files.catbox.moe/bv1zsb.webm",
        "LinkMp3": "https://files.catbox.moe/qbpj92.mp3",
        "annId": 9815,
        "correctPlayers": [
            "Megapachi"
        ]
    },
    {
        "animeEng": "Nisemonogatari",
        "animeRomaji": "Nisemonogatari",
        "songName": "Futakotome",
        "artist": "Chiwa Saito",
        "type": "Opening 1",
        "correctCount": 108,
        "startTime": 7,
        "songDuration": 89.064,
        "songNumber": 72,
        "activePlayerCount": 183,
        "LinkVideo": "https://files.catbox.moe/ukp39u.webm",
        "LinkMp3": "https://files.catbox.moe/dp0sfh.mp3",
        "annId": 13556
    },
    {
        "animeEng": "Hitoribocchi no Marumaruseikatsu",
        "animeRomaji": "Hitoribocchi no Marumaruseikatsu",
        "songName": "Makeruna Aru Kagayake Aru",
        "artist": "Akari Kit\u014d",
        "type": "Insert Song",
        "correctCount": 90,
        "startTime": 21,
        "songDuration": 93.912,
        "songNumber": 73,
        "activePlayerCount": 182,
        "LinkVideo": "https://files.catbox.moe/rdi86m.webm",
        "LinkMp3": "https://files.catbox.moe/y1dqf1.mp3",
        "annId": 20806
    },
    {
        "animeEng": "Recovery of an MMO Junkie",
        "animeRomaji": "Net-j\u016b no Susume",
        "songName": "Saturday Night Question",
        "artist": "Megumi Nakajima",
        "type": "Opening 1",
        "correctCount": 99,
        "startTime": 45,
        "songDuration": 89.064,
        "songNumber": 74,
        "activePlayerCount": 180,
        "LinkVideo": "https://files.catbox.moe/4wy3u6.webm",
        "LinkMp3": "https://files.catbox.moe/z82yk3.mp3",
        "annId": 19980
    },
    {
        "animeEng": "Tantei Kageki Milky Holmes TD",
        "animeRomaji": "Tantei Kageki Milky Holmes TD",
        "songName": "Lucky*Full Throttle",
        "artist": "Suzuko Mimori",
        "type": "Insert Song",
        "correctCount": 18,
        "startTime": 39,
        "songDuration": 231.096,
        "songNumber": 75,
        "activePlayerCount": 180,
        "LinkVideo": "https://files.catbox.moe/i0blmw.webm",
        "LinkMp3": "https://files.catbox.moe/6r9f98.mp3",
        "annId": 16300
    }
]