[
    {
        "animeEng": "One Piece Episode of Merry: M\u014d Hitori no Nakama no Monogatari",
        "animeRomaji": "One Piece Episode of Merry: M\u014d Hitori no Nakama no Monogatari",
        "songName": "memories",
        "artist": "moumoon",
        "type": "Ending 1",
        "correctCount": 3,
        "startTime": 4,
        "songDuration": 42.552,
        "songNumber": 1,
        "activePlayerCount": 364,
        "LinkVideo": "https://files.catbox.moe/r5ugjr.webm",
        "LinkMp3": "https://files.catbox.moe/0sh3gv.mp3",
        "correctPlayers": [
            "HayatoKurokami",
            "Aleister_Crowley",
            "Kirran58"
        ]
    },
    {
        "animeEng": "Digimon Adventure: Born of Koromon",
        "animeRomaji": "Digimon Adventure: Born of Koromon",
        "songName": "Butter-Fly",
        "artist": "Kouji Wada",
        "type": "Ending 1",
        "correctCount": 199,
        "startTime": 23,
        "songDuration": 61.569554,
        "songNumber": 2,
        "activePlayerCount": 362,
        "LinkVideo": "https://files.catbox.moe/hnpd5k.webm",
        "LinkMp3": "https://files.catbox.moe/frsoce.mp3"
    },
    {
        "animeEng": "Paranoia Agent",
        "animeRomaji": "Mousou Dairinin",
        "songName": "Maromi no Theme",
        "artist": "Susumu Hirasawa",
        "type": "Ending 1",
        "correctCount": 101,
        "startTime": 21,
        "songDuration": 87.504,
        "songNumber": 3,
        "activePlayerCount": 361,
        "LinkVideo": "https://files.catbox.moe/qonvxn.webm",
        "LinkMp3": "https://files.catbox.moe/jfk10c.mp3"
    },
    {
        "animeEng": "Kabaneri of the Iron Fortress",
        "animeRomaji": "K\u014dtetsuj\u014d no Kabaneri",
        "songName": "Through My Blood \uff1cAM\uff1e",
        "artist": "Aimer",
        "type": "Ending 2",
        "correctCount": 184,
        "startTime": 92,
        "songDuration": 163.464,
        "songNumber": 4,
        "activePlayerCount": 361,
        "LinkVideo": "https://files.catbox.moe/6w78z6.webm",
        "LinkMp3": "https://files.catbox.moe/8k0na8.mp3"
    },
    {
        "animeEng": "Working Buddies! 2!",
        "animeRomaji": "Hataraku Oniisan! no 2!",
        "songName": "Hataraku Onii-san",
        "artist": "DearDream",
        "type": "Opening 1",
        "correctCount": 236,
        "startTime": 0,
        "songDuration": 14.136,
        "songNumber": 5,
        "activePlayerCount": 361,
        "LinkVideo": "https://files.catbox.moe/ias0ei.webm",
        "LinkMp3": "https://files.catbox.moe/7w70er.mp3"
    },
    {
        "animeEng": "Tenchi Muyo! The Night Before The Carnival",
        "animeRomaji": "Tenchi Muyo! Omatsuri Zenjitsu no Yoru!",
        "songName": "Tenchi Muy\u014d! Ryo-Ohki no Theme",
        "artist": "Seikou Nagaoka",
        "type": "Opening 1",
        "correctCount": 16,
        "startTime": 43,
        "songDuration": 93.816,
        "songNumber": 6,
        "activePlayerCount": 361,
        "LinkVideo": "https://files.catbox.moe/nq3osf.webm",
        "LinkMp3": "https://files.catbox.moe/zphs05.mp3"
    },
    {
        "animeEng": "Gundam Reconguista in G",
        "animeRomaji": "Gundam G no Reconguista",
        "songName": "BLAZING",
        "artist": "GARNiDELiA",
        "type": "Opening 1",
        "correctCount": 50,
        "startTime": 28,
        "songDuration": 86.784,
        "songNumber": 7,
        "activePlayerCount": 362,
        "LinkVideo": "https://files.catbox.moe/o727zu.webm",
        "LinkMp3": "https://files.catbox.moe/342q9b.mp3"
    },
    {
        "animeEng": "Ojisan Kaiz\u014d K\u014dza",
        "animeRomaji": "Ojisan Kaiz\u014d K\u014dza",
        "songName": "Alps no Salaryman",
        "artist": "SHINE'S",
        "type": "Opening 1",
        "correctCount": 0,
        "startTime": 39,
        "songDuration": 81.528,
        "songNumber": 8,
        "activePlayerCount": 358,
        "LinkVideo": "https://files.catbox.moe/j63198.webm",
        "LinkMp3": "https://files.catbox.moe/ozl8uc.mp3"
    },
    {
        "animeEng": "Happy Sugar Life",
        "animeRomaji": "Happy Sugar Life",
        "songName": "One Room Sugar Life",
        "artist": "Akari Nanawo",
        "type": "Opening 1",
        "correctCount": 237,
        "startTime": 3,
        "songDuration": 88.128,
        "songNumber": 9,
        "activePlayerCount": 360,
        "LinkVideo": "https://files.catbox.moe/1gb9f9.webm",
        "LinkMp3": "https://files.catbox.moe/iadtj0.mp3"
    },
    {
        "animeEng": "Seitokai Yakuindomo*",
        "animeRomaji": "Seitokai Yakuindomo*",
        "songName": "Hana Saku\u2606Saikyou Legend Days",
        "artist": "Triple Booking",
        "type": "Opening 1",
        "correctCount": 105,
        "startTime": 47,
        "songDuration": 87.408,
        "songNumber": 10,
        "activePlayerCount": 360,
        "LinkVideo": "https://files.catbox.moe/gohdbw.webm",
        "LinkMp3": "https://files.catbox.moe/as2033.mp3"
    },
    {
        "animeEng": "Beyond the Boundary",
        "animeRomaji": "Ky\u014dkai no Kanata",
        "songName": "Yakusoku no Kizuna",
        "artist": "Risa Taneda, Minori Chihara, Yuri Yamaoka",
        "type": "Insert Song",
        "correctCount": 142,
        "startTime": 4,
        "songDuration": 169.087706,
        "songNumber": 11,
        "activePlayerCount": 359,
        "LinkVideo": "https://files.catbox.moe/xot8ff.webm",
        "LinkMp3": "https://files.catbox.moe/16v9yw.mp3"
    },
    {
        "animeEng": "Hinomaru Sumo",
        "animeRomaji": "Hinomaru Zum\u014d",
        "songName": "FIRE GROUND",
        "artist": "Official HIGE DANdism",
        "type": "Opening 1",
        "correctCount": 118,
        "startTime": 47,
        "songDuration": 89.389484,
        "songNumber": 12,
        "activePlayerCount": 357,
        "LinkVideo": "https://files.catbox.moe/575bbg.webm",
        "LinkMp3": "https://files.catbox.moe/57rvu8.mp3"
    },
    {
        "animeEng": "Wedding Peach",
        "animeRomaji": "Ai Tenshi Densetsu Wedding Peach",
        "songName": "21-seiki no Juliette",
        "artist": "FURIL",
        "type": "Ending 1",
        "correctCount": 10,
        "startTime": 31,
        "songDuration": 68.856,
        "songNumber": 13,
        "activePlayerCount": 357,
        "LinkVideo": "https://files.catbox.moe/yer6vw.webm",
        "LinkMp3": "https://files.catbox.moe/qivqw3.mp3"
    },
    {
        "animeEng": "Dirty Pair: Project Eden",
        "animeRomaji": "Dirty Pair Gekij\u014dban",
        "songName": "Safari Eyes",
        "artist": "Miki Matsubara",
        "type": "Opening 1",
        "correctCount": 7,
        "startTime": 36,
        "songDuration": 103.68,
        "songNumber": 14,
        "activePlayerCount": 355,
        "LinkVideo": "https://files.catbox.moe/1mog5d.webm",
        "LinkMp3": "https://files.catbox.moe/5n1d0y.mp3"
    },
    {
        "animeEng": "City Hunter: The Secret Service",
        "animeRomaji": "City Hunter: The Secret Service",
        "songName": "WOMAN",
        "artist": "Ann Louis",
        "type": "Ending 1",
        "correctCount": 2,
        "startTime": 17,
        "songDuration": 175.56,
        "songNumber": 15,
        "activePlayerCount": 356,
        "LinkVideo": "https://files.catbox.moe/9u1hpc.webm",
        "LinkMp3": "https://files.catbox.moe/witr1a.mp3",
        "correctPlayers": [
            "aaronxps",
            "80s"
        ]
    },
    {
        "animeEng": "Overlord II",
        "animeRomaji": "Overlord II",
        "songName": "HYDRA",
        "artist": "MYTH & ROID",
        "type": "Ending 1",
        "correctCount": 211,
        "startTime": 28,
        "songDuration": 86.664,
        "songNumber": 16,
        "activePlayerCount": 356,
        "LinkVideo": "https://files.catbox.moe/tkzkd9.webm",
        "LinkMp3": "https://files.catbox.moe/umrxs2.mp3"
    },
    {
        "animeEng": "Eden of the East: Paradise Lost",
        "animeRomaji": "Higashi no Eden Gekij\u014dban II: Paradise Lost",
        "songName": "future nova",
        "artist": "school food punishment",
        "type": "Opening 1",
        "correctCount": 17,
        "startTime": 37,
        "songDuration": 119.472,
        "songNumber": 17,
        "activePlayerCount": 356,
        "LinkVideo": "https://files.catbox.moe/wsvi8y.webm",
        "LinkMp3": "https://files.catbox.moe/dsk256.mp3"
    },
    {
        "animeEng": "Liz and the Blue Bird",
        "animeRomaji": "Liz to Aoi Tori",
        "songName": "Liz to Aoi Tori",
        "artist": "Freshman Wind Ensemble",
        "type": "Insert Song",
        "correctCount": 93,
        "startTime": 47,
        "songDuration": 203.904,
        "songNumber": 18,
        "activePlayerCount": 355,
        "LinkVideo": "https://files.catbox.moe/0etykm.webm",
        "LinkMp3": "https://files.catbox.moe/ax9kol.mp3"
    },
    {
        "animeEng": "Uta no\u2606Prince-sama\u266aMaji LOVE 1000%",
        "animeRomaji": "Uta no\u2606Prince-sama\u266aMaji LOVE 1000%",
        "songName": "Eternity Love",
        "artist": "Kousuke Toriumi",
        "type": "Insert Song",
        "correctCount": 23,
        "startTime": 33,
        "songDuration": 88.632,
        "songNumber": 19,
        "activePlayerCount": 354,
        "LinkVideo": "https://files.catbox.moe/wo18h4.webm",
        "LinkMp3": "https://files.catbox.moe/ijxd2j.mp3"
    },
    {
        "animeEng": "Sailor Moon",
        "animeRomaji": "Bish\u014djo Senshi Sailor Moon",
        "songName": "Sailor Moon Theme",
        "artist": "Nicole Price and Bynne Price",
        "type": "Opening 1",
        "correctCount": 292,
        "startTime": 33,
        "songDuration": 82.056,
        "songNumber": 20,
        "activePlayerCount": 353,
        "LinkVideo": "https://files.catbox.moe/hnrnl3.webm",
        "LinkMp3": "https://files.catbox.moe/h316q1.mp3"
    },
    {
        "animeEng": "Magical Sempai",
        "animeRomaji": "Tejina Senpai",
        "songName": "FANTASTIC ILLUSION",
        "artist": "i\u2606Ris",
        "type": "Opening 1",
        "correctCount": 193,
        "startTime": 17,
        "songDuration": 59.04,
        "songNumber": 21,
        "activePlayerCount": 352,
        "LinkVideo": "https://files.catbox.moe/m1s7l7.webm",
        "LinkMp3": "https://files.catbox.moe/q4jgbs.mp3"
    },
    {
        "animeEng": "Black Clover",
        "animeRomaji": "Black Clover",
        "songName": "Dream on",
        "artist": "angela",
        "type": "Ending 1",
        "correctCount": 15,
        "startTime": 28,
        "songDuration": 90.068656,
        "songNumber": 22,
        "activePlayerCount": 351,
        "LinkVideo": "https://files.catbox.moe/o3g3zw.webm",
        "LinkMp3": "https://files.catbox.moe/ewopgs.mp3"
    },
    {
        "animeEng": "Chibits",
        "animeRomaji": "Chibits",
        "songName": "Let Me Be With You",
        "artist": "ROUND TABLE featuring Nino",
        "type": "Opening 1",
        "correctCount": 254,
        "startTime": 0,
        "songDuration": 16.368,
        "songNumber": 23,
        "activePlayerCount": 351,
        "LinkVideo": "https://files.catbox.moe/yuzpfx.webm",
        "LinkMp3": "https://files.catbox.moe/x0w350.mp3"
    },
    {
        "animeEng": "Pac-World",
        "animeRomaji": "Pac-World",
        "songName": "PAC THIS WORLD!!!",
        "artist": "Hyadain",
        "type": "Opening 1",
        "correctCount": 74,
        "startTime": 21,
        "songDuration": 57.336,
        "songNumber": 24,
        "activePlayerCount": 351,
        "LinkVideo": "https://files.catbox.moe/srtx9x.webm",
        "LinkMp3": "https://files.catbox.moe/ftalm4.mp3"
    },
    {
        "animeEng": "Fruits Basket 2nd Season",
        "animeRomaji": "Fruits Basket 2nd Season",
        "songName": "Prism",
        "artist": "AmPm feat. Miyuna",
        "type": "Opening 1",
        "correctCount": 85,
        "startTime": 50,
        "songDuration": 88.344,
        "songNumber": 25,
        "activePlayerCount": 351,
        "LinkVideo": "https://files.catbox.moe/iibjze.webm",
        "LinkMp3": "https://files.catbox.moe/qnglti.mp3"
    },
    {
        "animeEng": "Baki",
        "animeRomaji": "Baki",
        "songName": "RESOLVE",
        "artist": "Azusa Tadokoro",
        "type": "Ending 1",
        "correctCount": 47,
        "startTime": 8,
        "songDuration": 85.706282,
        "songNumber": 26,
        "activePlayerCount": 351,
        "LinkVideo": "https://files.catbox.moe/pbpokp.webm",
        "LinkMp3": "https://files.catbox.moe/339uiq.mp3"
    },
    {
        "animeEng": "MoonPhase",
        "animeRomaji": "Tsukuyomi -Moon Phase-",
        "songName": "Tsuku Yomi Mode",
        "artist": "Dimitri From Paris Voice Chiwa Saito",
        "type": "Opening 2",
        "correctCount": 121,
        "startTime": 15,
        "songDuration": 88.824,
        "songNumber": 27,
        "activePlayerCount": 350,
        "LinkVideo": "https://files.catbox.moe/7jpr2w.webm",
        "LinkMp3": "https://files.catbox.moe/czckgb.mp3"
    },
    {
        "animeEng": "Nobunaga teacher's young bride",
        "animeRomaji": "Nobunaga Sensei no Osanazuma",
        "songName": "Returner Butterfly",
        "artist": "Rika Tachibana",
        "type": "Ending 1",
        "correctCount": 56,
        "startTime": 0,
        "songDuration": 29.465616,
        "songNumber": 28,
        "activePlayerCount": 349,
        "LinkVideo": "https://files.catbox.moe/64zdv3.webm",
        "LinkMp3": "https://files.catbox.moe/898nc9.mp3"
    },
    {
        "animeEng": "Battle Spirits: Burning Soul",
        "animeRomaji": "Battle Spirits: Burning Soul",
        "songName": "DREAMLESS DIVER",
        "artist": "Sayaka Sasaki",
        "type": "Ending 1",
        "correctCount": 2,
        "startTime": 20,
        "songDuration": 78.940684,
        "songNumber": 29,
        "activePlayerCount": 348,
        "LinkVideo": "https://files.catbox.moe/2mndx5.webm",
        "LinkMp3": "https://files.catbox.moe/kzb11j.mp3",
        "correctPlayers": [
            "PedroMartinez",
            "80s"
        ]
    },
    {
        "animeEng": "Sengoku Basara - Samurai Kings",
        "animeRomaji": "Sengoku Basara - Samurai Kings",
        "songName": "dear sunshine",
        "artist": "DAIGO\u2606STARDUST",
        "type": "Ending 1",
        "correctCount": 0,
        "startTime": 15,
        "songDuration": 78.528,
        "songNumber": 30,
        "activePlayerCount": 348,
        "LinkVideo": "https://files.catbox.moe/be1p59.webm",
        "LinkMp3": "https://files.catbox.moe/r6cqsw.mp3"
    },
    {
        "animeEng": "March comes in like a lion",
        "animeRomaji": "3-gatsu no Lion",
        "songName": "Nyaa Shougi Ondo",
        "artist": "Kana Hanazawa, Ai Kayano, Misaki Kuno",
        "type": "Insert Song",
        "correctCount": 171,
        "startTime": 31,
        "songDuration": 88.992,
        "songNumber": 31,
        "activePlayerCount": 347,
        "LinkVideo": "https://files.catbox.moe/khh1j8.webm",
        "LinkMp3": "https://files.catbox.moe/i9y4sz.mp3"
    },
    {
        "animeEng": "Hi Score Girl",
        "animeRomaji": "High Score Girl",
        "songName": "H\u014dkago Distraction",
        "artist": "Etsuko Yakushimaru",
        "type": "Ending 1",
        "correctCount": 143,
        "startTime": 23,
        "songDuration": 89.4,
        "songNumber": 32,
        "activePlayerCount": 347,
        "LinkVideo": "https://files.catbox.moe/gt4kps.webm",
        "LinkMp3": "https://files.catbox.moe/xn6rzt.mp3"
    },
    {
        "animeEng": "Galaxy Express 999: Eternal Fantasy",
        "animeRomaji": "Ginga Tetsud\u014d 999: Eternal Fantasy",
        "songName": "Brave Love ~ Galaxy Express 999",
        "artist": "THE ALFEE",
        "type": "Ending 1",
        "correctCount": 1,
        "startTime": 67,
        "songDuration": 196.896,
        "songNumber": 33,
        "activePlayerCount": 347,
        "LinkVideo": "https://files.catbox.moe/dttzfv.webm",
        "LinkMp3": "https://files.catbox.moe/eh3nd5.mp3",
        "correctPlayers": [
            "kiiro127"
        ]
    },
    {
        "animeEng": "Pastel Life",
        "animeRomaji": "Pastel Life",
        "songName": "Shuwarin\u2606Drea~min",
        "artist": "Pastel*Palettes",
        "type": "Opening 1",
        "correctCount": 161,
        "startTime": 0,
        "songDuration": 26.931782,
        "songNumber": 34,
        "activePlayerCount": 347,
        "LinkVideo": "https://files.catbox.moe/1or69x.webm",
        "LinkMp3": "https://files.catbox.moe/75tsvw.mp3"
    },
    {
        "animeEng": "Love Live! School idol project",
        "animeRomaji": "Love Live! School idol project",
        "songName": "Music S.T.A.R.T!!",
        "artist": "\u03bc's",
        "type": "Insert Song",
        "correctCount": 141,
        "startTime": 118,
        "songDuration": 290.04,
        "songNumber": 35,
        "activePlayerCount": 345,
        "LinkVideo": "https://files.catbox.moe/m4mdcr.webm",
        "LinkMp3": "https://files.catbox.moe/bsrnbw.mp3"
    },
    {
        "animeEng": "Knights of Sidonia",
        "animeRomaji": "Sidonia no Kishi",
        "songName": "Sidonia",
        "artist": "angela",
        "type": "Opening 1",
        "correctCount": 197,
        "startTime": 34,
        "songDuration": 89.928,
        "songNumber": 36,
        "activePlayerCount": 343,
        "LinkVideo": "https://files.catbox.moe/rzexx0.webm",
        "LinkMp3": "https://files.catbox.moe/jj7f49.mp3"
    },
    {
        "animeEng": "Mobile Suit Gundam Narrative",
        "animeRomaji": "Kid\u014d Senshi Gundam NT",
        "songName": "narrative",
        "artist": "SawanoHiroyuki[nZk]:LiSA",
        "type": "Ending 1",
        "correctCount": 89,
        "startTime": 44,
        "songDuration": 255.408,
        "songNumber": 37,
        "activePlayerCount": 343,
        "LinkVideo": "https://files.catbox.moe/dng7dm.webm",
        "LinkMp3": "https://files.catbox.moe/qjy3v2.mp3"
    },
    {
        "animeEng": "In a Distant Time 2 ~Priestess of the White Dragon~",
        "animeRomaji": "Harukanaru Toki no Naka de 2: Shiroki Ry\u016b no Miko",
        "songName": "Joushou Kiryuu",
        "artist": "DASEIN",
        "type": "Opening 1",
        "correctCount": 0,
        "startTime": 13,
        "songDuration": 101.457848,
        "songNumber": 38,
        "activePlayerCount": 343,
        "LinkVideo": "https://files.catbox.moe/cl2gl7.webm",
        "LinkMp3": "https://files.catbox.moe/55qnab.mp3"
    },
    {
        "animeEng": "Durarara!! \u00d72 The Second Arc: Onoroke Chakapoko",
        "animeRomaji": "Durarara!!\u00d72 Ten: Onoroke Chakapoko",
        "songName": "Day you laugh",
        "artist": "Toshiyuki Toyonaga",
        "type": "Opening 1",
        "correctCount": 173,
        "startTime": 23,
        "songDuration": 87.432,
        "songNumber": 39,
        "activePlayerCount": 341,
        "LinkVideo": "https://files.catbox.moe/t45l0f.webm",
        "LinkMp3": "https://files.catbox.moe/qk0pq6.mp3"
    },
    {
        "animeEng": "How Heavy Are the Dumbbells You Lift?",
        "animeRomaji": "Dumbbell Nan-Kilo Moteru?",
        "songName": "Onegai Muscle",
        "artist": "Ai Fairouz & Kaito Ishikawa",
        "type": "Opening 1",
        "correctCount": 305,
        "startTime": 8,
        "songDuration": 88.608,
        "songNumber": 40,
        "activePlayerCount": 343,
        "LinkVideo": "https://files.catbox.moe/lvq3qc.webm",
        "LinkMp3": "https://files.catbox.moe/qmdj9r.mp3"
    },
    {
        "animeEng": "Alfred J. Quack",
        "animeRomaji": "Ahiru no Quack",
        "songName": "Yakusoku da yo \"KWAK'S SONG\"",
        "artist": "Megumi Hayashibara",
        "type": "Opening 1",
        "correctCount": 38,
        "startTime": 26,
        "songDuration": 88.824,
        "songNumber": 41,
        "activePlayerCount": 343,
        "LinkVideo": "https://files.catbox.moe/2p062c.webm",
        "LinkMp3": "https://files.catbox.moe/u1s4oc.mp3"
    },
    {
        "animeEng": "Yosuga no Sora: In solitude where we are least alone",
        "animeRomaji": "Yosuga no Sora",
        "songName": "Hiyoku no Hane",
        "artist": "eufonius",
        "type": "Opening 1",
        "correctCount": 102,
        "startTime": 1,
        "songDuration": 90.072,
        "songNumber": 42,
        "activePlayerCount": 343,
        "LinkVideo": "https://files.catbox.moe/auhhnh.webm",
        "LinkMp3": "https://files.catbox.moe/weku46.mp3"
    },
    {
        "animeEng": "Argonavis from BanG Dream!",
        "animeRomaji": "Argonavis from BanG Dream!",
        "songName": "Hoshi ga Hajimaru",
        "artist": "Argonavis",
        "type": "Opening 1",
        "correctCount": 55,
        "startTime": 35,
        "songDuration": 88.656,
        "songNumber": 43,
        "activePlayerCount": 343,
        "LinkVideo": "https://files.catbox.moe/luvdan.webm",
        "LinkMp3": "https://files.catbox.moe/jiz12x.mp3"
    },
    {
        "animeEng": "Noragami",
        "animeRomaji": "Noragami",
        "songName": "Heart Realize",
        "artist": "Tia",
        "type": "Ending 1",
        "correctCount": 194,
        "startTime": 55,
        "songDuration": 92.352,
        "songNumber": 44,
        "activePlayerCount": 344,
        "LinkVideo": "https://files.catbox.moe/x8u24s.webm",
        "LinkMp3": "https://files.catbox.moe/jlgtcq.mp3"
    },
    {
        "animeEng": "Slam Dunk: Sh\u014dhoku Saidai no Kiki! Moero Sakuragi Hanamichi",
        "animeRomaji": "Slam Dunk: Sh\u014dhoku Saidai no Kiki! Moero Sakuragi Hanamichi",
        "songName": "Kirameku Toki ni Torawarete",
        "artist": "Manish",
        "type": "Ending 1",
        "correctCount": 37,
        "startTime": 46,
        "songDuration": 101.952,
        "songNumber": 45,
        "activePlayerCount": 343,
        "LinkVideo": "https://files.catbox.moe/n5x0yo.webm",
        "LinkMp3": "https://files.catbox.moe/nug6tv.mp3"
    },
    {
        "animeEng": "Kakegurui",
        "animeRomaji": "Kakegurui",
        "songName": "LAYon-theLINE",
        "artist": "D-selections",
        "type": "Ending 1",
        "correctCount": 166,
        "startTime": 15,
        "songDuration": 88.944,
        "songNumber": 46,
        "activePlayerCount": 342,
        "LinkVideo": "https://files.catbox.moe/spyrfk.webm",
        "LinkMp3": "https://files.catbox.moe/ratl9u.mp3"
    },
    {
        "animeEng": "Kiratto Pri\u2606Chan",
        "animeRomaji": "Kiratto Pri\u2606Chan",
        "songName": "SUPER CUTIE SUPER GIRL",
        "artist": "Miracle\u2606Kiratts",
        "type": "Insert Song",
        "correctCount": 37,
        "startTime": 31,
        "songDuration": 98.856,
        "songNumber": 47,
        "activePlayerCount": 344,
        "LinkVideo": "https://files.catbox.moe/ekz3o5.webm",
        "LinkMp3": "https://files.catbox.moe/g6z36f.mp3"
    },
    {
        "animeEng": "Music Girls",
        "animeRomaji": "Ongaku Sh\u014djo",
        "songName": "Oasis",
        "artist": "Nako Eguchi",
        "type": "Insert Song",
        "correctCount": 5,
        "startTime": 30,
        "songDuration": 83.046475,
        "songNumber": 48,
        "activePlayerCount": 342,
        "LinkVideo": "https://files.catbox.moe/7kx1hs.webm",
        "LinkMp3": "https://files.catbox.moe/fh8oq7.mp3",
        "correctPlayers": [
            "Mongo2005",
            "aryagamis",
            "Goblerino",
            "devankeros",
            "Cirquit"
        ]
    },
    {
        "animeEng": "DEVILMAN crybaby",
        "animeRomaji": "DEVILMAN crybaby",
        "songName": "Judgement",
        "artist": "Kensuke Ushio",
        "type": "Ending 2",
        "correctCount": 217,
        "startTime": 10,
        "songDuration": 70.368,
        "songNumber": 49,
        "activePlayerCount": 344,
        "LinkVideo": "https://files.catbox.moe/q1n8zw.webm",
        "LinkMp3": "https://files.catbox.moe/w87c4f.mp3"
    },
    {
        "animeEng": "Chibi Devi!",
        "animeRomaji": "Chibi Devi!",
        "songName": "Chibi\u2606Devi! Aif!",
        "artist": "Noriko Shitaya",
        "type": "Opening 1",
        "correctCount": 305,
        "startTime": 0,
        "songDuration": 17.088,
        "songNumber": 50,
        "activePlayerCount": 344,
        "LinkVideo": "https://files.catbox.moe/x61k9p.webm",
        "LinkMp3": "https://files.catbox.moe/2m0fkh.mp3"
    },
    {
        "animeEng": "Arpeggio of Blue Steel -Ars Nova-",
        "animeRomaji": "Aoki Hagane no Arpeggio: Ars Nova",
        "songName": "SAVIOR OF SONG",
        "artist": "nano feat. MY FIRST STORY",
        "type": "Opening 1",
        "correctCount": 185,
        "startTime": 47,
        "songDuration": 86.76,
        "songNumber": 51,
        "activePlayerCount": 345,
        "LinkVideo": "https://files.catbox.moe/7ivpir.webm",
        "LinkMp3": "https://files.catbox.moe/w3ff4q.mp3"
    },
    {
        "animeEng": "Dragon Ball: Yo! The Return of Son Goku and Friends!!",
        "animeRomaji": "Dragon Ball: Ossu! Kaette Kita Son Goku to Nakamatachi!!",
        "songName": "CHA-LA HEAD-CHA-LA",
        "artist": "Hironobu Kageyama",
        "type": "Opening 1",
        "correctCount": 317,
        "startTime": 54,
        "songDuration": 106.872,
        "songNumber": 52,
        "activePlayerCount": 345,
        "LinkVideo": "https://files.catbox.moe/399exj.webm",
        "LinkMp3": "https://files.catbox.moe/dsdjoz.mp3"
    },
    {
        "animeEng": "Duel Masters!!",
        "animeRomaji": "Duel Masters!!",
        "songName": "Curtain Call\u200b o Yurashite",
        "artist": "Rico Sasaki",
        "type": "Ending 3",
        "correctCount": 1,
        "startTime": 11,
        "songDuration": 88.752,
        "songNumber": 53,
        "activePlayerCount": 344,
        "LinkVideo": "https://files.catbox.moe/rk4kbl.webm",
        "LinkMp3": "https://files.catbox.moe/n1rtjm.mp3",
        "correctPlayers": [
            "shadowpandax"
        ]
    },
    {
        "animeEng": "Shin ATASHIn'CHI",
        "animeRomaji": "Shin ATASHIn'CHI",
        "songName": "Let's Go! ATASHIn'CHI",
        "artist": "The Tachibanas",
        "type": "Opening 1",
        "correctCount": 6,
        "startTime": 1,
        "songDuration": 50.112,
        "songNumber": 54,
        "activePlayerCount": 343,
        "LinkVideo": "https://files.catbox.moe/9a9xq4.webm",
        "LinkMp3": "https://files.catbox.moe/88kerl.mp3"
    },
    {
        "animeEng": "Overlord: Fushisha no \u014c",
        "animeRomaji": "Overlord: Fushisha no \u014c",
        "songName": "Crazy Scary Holy Fantasy",
        "artist": "MYTH & ROID",
        "type": "Ending 1",
        "correctCount": 139,
        "startTime": 89,
        "songDuration": 195.072,
        "songNumber": 55,
        "activePlayerCount": 342,
        "LinkVideo": "https://files.catbox.moe/lmx1qh.webm",
        "LinkMp3": "https://files.catbox.moe/kmaw4l.mp3"
    },
    {
        "animeEng": "The Millionaire Detective - Balance: UNLIMITED",
        "animeRomaji": "Fug\u014d Keiji Balance: Unlimited",
        "songName": "Welcome My Friend",
        "artist": "OKAMOTO'S",
        "type": "Ending 1",
        "correctCount": 67,
        "startTime": 42,
        "songDuration": 89.256,
        "songNumber": 56,
        "activePlayerCount": 342,
        "LinkVideo": "https://files.catbox.moe/qj12cw.webm",
        "LinkMp3": "https://files.catbox.moe/mwd2jp.mp3"
    },
    {
        "animeEng": "Devil Lady",
        "animeRomaji": "Devil Lady",
        "songName": "REBIRTH ~Megami Tensei~",
        "artist": "Yukari Tamura",
        "type": "Ending 1",
        "correctCount": 4,
        "startTime": 53,
        "songDuration": 109.752,
        "songNumber": 57,
        "activePlayerCount": 342,
        "LinkVideo": "https://files.catbox.moe/0az2m2.webm",
        "LinkMp3": "https://files.catbox.moe/06l4z2.mp3",
        "correctPlayers": [
            "Kaani",
            "Rukawa11",
            "lengend",
            "watashiii"
        ]
    },
    {
        "animeEng": "Ascendance of a Bookworm",
        "animeRomaji": "Honzuki no Gekokuj\u014d",
        "songName": "Ephemera o Atsumete",
        "artist": "Minori Suzuki",
        "type": "Ending 1",
        "correctCount": 35,
        "startTime": 46,
        "songDuration": 88.392,
        "songNumber": 58,
        "activePlayerCount": 341,
        "LinkVideo": "https://files.catbox.moe/tlyfhm.webm",
        "LinkMp3": "https://files.catbox.moe/eqg5tv.mp3"
    },
    {
        "animeEng": "Honobono Log",
        "animeRomaji": "Honobono Log",
        "songName": "morning",
        "artist": "Ame no Parade",
        "type": "Opening 1",
        "correctCount": 144,
        "startTime": 0,
        "songDuration": 19.2,
        "songNumber": 59,
        "activePlayerCount": 341,
        "LinkVideo": "https://files.catbox.moe/hr31fn.webm",
        "LinkMp3": "https://files.catbox.moe/hm273m.mp3"
    },
    {
        "animeEng": "Legend of the Galactic Heroes Gaiden",
        "animeRomaji": "Ginga Eiy\u016b Densetsu Gaiden",
        "songName": "Story of Time",
        "artist": "AKEMI",
        "type": "Opening 1",
        "correctCount": 7,
        "startTime": 32,
        "songDuration": 120.288,
        "songNumber": 60,
        "activePlayerCount": 343,
        "LinkVideo": "https://files.catbox.moe/kc7alh.webm",
        "LinkMp3": "https://files.catbox.moe/9afkdn.mp3"
    },
    {
        "animeEng": "Arpeggio of Blue Steel -Ars Nova- Cadenza",
        "animeRomaji": "Aoki Hagane no Arpeggio: Ars Nova Cadenza",
        "songName": "Last Refrain",
        "artist": "nano",
        "type": "Insert Song",
        "correctCount": 28,
        "startTime": 165,
        "songDuration": 277.076054,
        "songNumber": 61,
        "activePlayerCount": 343,
        "LinkVideo": "https://files.catbox.moe/mp54g5.webm",
        "LinkMp3": "https://files.catbox.moe/048y2c.mp3"
    },
    {
        "animeEng": "Final Fantasy: Unlimited",
        "animeRomaji": "Final Fantasy: Unlimited",
        "songName": "Over the Fantasy",
        "artist": "Kana Ueda",
        "type": "Opening 1",
        "correctCount": 15,
        "startTime": 14,
        "songDuration": 89.88,
        "songNumber": 62,
        "activePlayerCount": 343,
        "LinkVideo": "https://files.catbox.moe/fwg181.webm",
        "LinkMp3": "https://files.catbox.moe/itlvex.mp3"
    },
    {
        "animeEng": "Lunar Legend Tsukihime",
        "animeRomaji": "Shingetsutan Tsukihime",
        "songName": "The Sacred Moon",
        "artist": "Toshiyuki Omori",
        "type": "Opening 1",
        "correctCount": 106,
        "startTime": 53,
        "songDuration": 88.968,
        "songNumber": 63,
        "activePlayerCount": 343,
        "LinkVideo": "https://files.catbox.moe/yqc0yf.webm",
        "LinkMp3": "https://files.catbox.moe/ifr7qh.mp3"
    },
    {
        "animeEng": "KAIJU GIRLS",
        "animeRomaji": "Kaij\u016b Girls: Ultra Kaij\u016b Gijinka Keikaku",
        "songName": "KAIJU Heart",
        "artist": "Capsule Girls",
        "type": "Ending 1",
        "correctCount": 31,
        "startTime": 0,
        "songDuration": 27.12,
        "songNumber": 64,
        "activePlayerCount": 341,
        "LinkVideo": "https://animethemes.moe/video/KaijuuGirls-ED1.webm",
        "LinkMp3": "https://files.catbox.moe/dciuon.mp3"
    },
    {
        "animeEng": "B-PROJECT",
        "animeRomaji": "B-PROJECT-Kodo Ambitious-",
        "songName": "Run and Gun",
        "artist": "Toshiyuki Toyonaga",
        "type": "Insert Song",
        "correctCount": 6,
        "startTime": 0,
        "songDuration": 26.616,
        "songNumber": 65,
        "activePlayerCount": 343,
        "LinkVideo": "https://files.catbox.moe/swjhhh.webm",
        "LinkMp3": "https://files.catbox.moe/3gs6yy.mp3"
    },
    {
        "animeEng": "Gegege no Kitar\u014d",
        "animeRomaji": "Gegege no Kitar\u014d",
        "songName": "Gegege no Kitaro",
        "artist": "Ikuzo Yoshi",
        "type": "Opening 1",
        "correctCount": 309,
        "startTime": 34,
        "songDuration": 87.768,
        "songNumber": 66,
        "activePlayerCount": 343,
        "LinkVideo": "https://files.catbox.moe/piqgnu.webm",
        "LinkMp3": "https://files.catbox.moe/zaurv4.mp3"
    },
    {
        "animeEng": "Cannon Busters",
        "animeRomaji": "Cannon Busters",
        "songName": "Showdown",
        "artist": "Marty Grimes and BJRNCK",
        "type": "Opening 1",
        "correctCount": 73,
        "startTime": 31,
        "songDuration": 89.856,
        "songNumber": 67,
        "activePlayerCount": 343,
        "LinkVideo": "https://files.catbox.moe/34uoc7.webm",
        "LinkMp3": "https://files.catbox.moe/h9q990.mp3"
    },
    {
        "animeEng": "As Miss Beelzebub likes.",
        "animeRomaji": "Beelzebub-j\u014d no Okinimesu Mama.",
        "songName": "Pink Lemonade",
        "artist": "Sangatsu no Phantasia",
        "type": "Opening 1",
        "correctCount": 78,
        "startTime": 11,
        "songDuration": 87.874408,
        "songNumber": 68,
        "activePlayerCount": 344,
        "LinkVideo": "https://files.catbox.moe/yhoqb9.webm",
        "LinkMp3": "https://files.catbox.moe/qjks0e.mp3"
    },
    {
        "animeEng": "City Hunter: Shinjuku Private Eyes",
        "animeRomaji": "City Hunter: Shinjuku Private Eyes",
        "songName": "Go Go Heaven",
        "artist": "Toshiyuki Ohsawa",
        "type": "Insert Song",
        "correctCount": 63,
        "startTime": 0,
        "songDuration": 20.424,
        "songNumber": 69,
        "activePlayerCount": 343,
        "LinkVideo": "https://files.catbox.moe/b41g4v.webm",
        "LinkMp3": "https://files.catbox.moe/qihwm3.mp3"
    },
    {
        "animeEng": "Run with the Wind",
        "animeRomaji": "Kaze ga Tsuyoku Fuiteiru",
        "songName": "Kaze Tsuyoku, Kimi Atsuku.",
        "artist": "Q-MHz feat. Mitsuhiro Hidaka a.k.a. SKY-HI",
        "type": "Opening 2",
        "correctCount": 103,
        "startTime": 49,
        "songDuration": 87.064626,
        "songNumber": 70,
        "activePlayerCount": 343,
        "LinkVideo": "https://files.catbox.moe/fpamg8.webm",
        "LinkMp3": "https://files.catbox.moe/yrkjfa.mp3"
    },
    {
        "animeEng": "Symphogear",
        "animeRomaji": "Senki Zessh\u014d Symphogear",
        "songName": "Gyakkou no Fl\u00fcgel",
        "artist": "Zwei Wing",
        "type": "Insert Song",
        "correctCount": 89,
        "startTime": 64,
        "songDuration": 125.064,
        "songNumber": 71,
        "activePlayerCount": 343,
        "LinkVideo": "https://files.catbox.moe/pbzefz.webm",
        "LinkMp3": "https://files.catbox.moe/6t81w9.mp3"
    },
    {
        "animeEng": "Ms. Vampire who lives in my neighborhood.",
        "animeRomaji": "Tonari no Ky\u016bketsuki-san",
        "songName": "\u2020Ky\u016btie Ladies\u2020",
        "artist": "Miyu Tomita, Y\u016b Sasahara, Lynn, Azumi Waki",
        "type": "Opening 1",
        "correctCount": 99,
        "startTime": 15,
        "songDuration": 87.96,
        "songNumber": 72,
        "activePlayerCount": 344,
        "LinkVideo": "https://files.catbox.moe/crrpnb.webm",
        "LinkMp3": "https://files.catbox.moe/rapwom.mp3"
    },
    {
        "animeEng": "CROSS ANGE Rondo of Angel and Dragon",
        "animeRomaji": "Cross Ange: Tenshi to Ry\u016b no Rondo",
        "songName": "Sh\u016bmatsu no Love Song",
        "artist": "Nana Mizuki",
        "type": "Ending 2",
        "correctCount": 42,
        "startTime": 1,
        "songDuration": 157.512,
        "songNumber": 73,
        "activePlayerCount": 343,
        "LinkVideo": "https://files.catbox.moe/ge2u1f.webm",
        "LinkMp3": "https://files.catbox.moe/trybto.mp3"
    },
    {
        "animeEng": "Occultic;Nine",
        "animeRomaji": "Occultic;Nine",
        "songName": "Seis\u016b 3 no Nij\u014d",
        "artist": "Kanako It\u014d",
        "type": "Opening 1",
        "correctCount": 141,
        "startTime": 9,
        "songDuration": 90.12,
        "songNumber": 74,
        "activePlayerCount": 342,
        "LinkVideo": "https://files.catbox.moe/zqbedq.webm",
        "LinkMp3": "https://files.catbox.moe/q71obq.mp3"
    },
    {
        "animeEng": "Arc the Lad",
        "animeRomaji": "Arc the Lad",
        "songName": "Rest in Peace",
        "artist": "NiNa",
        "type": "Ending 2",
        "correctCount": 3,
        "startTime": 29,
        "songDuration": 113.88,
        "songNumber": 75,
        "activePlayerCount": 338,
        "LinkVideo": "https://files.catbox.moe/pmr3pg.webm",
        "LinkMp3": "https://files.catbox.moe/fa8xvd.mp3",
        "correctPlayers": [
            "Mongo2005",
            "Rukawa11",
            "RadicalM1nd"
        ]
    }
]