[
    {
        "songNumber": 1,
        "animeEnglish": "Zetsuai 1989",
        "animeRomaji": "Zetsuai 1989",
        "songName": "Dousurebaii",
        "artist": "Shou Hayami",
        "type": "Insert Song",
        "correctCount": 3,
        "activePlayers": 341,
        "startSample": 86,
        "videoLength": 144.48,
        "linkWebm": "https://files.catbox.moe/gwyj8c.webm",
        "linkMP3": "https://files.catbox.moe/2oejx7.mp3"
    },
    {
        "songNumber": 2,
        "animeEnglish": "High School Fleet",
        "animeRomaji": "Haifuri",
        "songName": "High Free Spirits",
        "artist": "TrySail",
        "type": "Opening 1",
        "correctCount": 188,
        "activePlayers": 341,
        "startSample": 43,
        "videoLength": 89.06,
        "linkWebm": "https://files.catbox.moe/ulhub6.webm",
        "linkMP3": "https://files.catbox.moe/zlafhw.mp3"
    },
    {
        "songNumber": 3,
        "animeEnglish": "Kyoro-chan",
        "animeRomaji": "Kyoro-chan",
        "songName": "Kyoro-chan deshu",
        "artist": "Chacha",
        "type": "Opening 2",
        "correctCount": 6,
        "activePlayers": 340,
        "startSample": 25,
        "videoLength": 95.95,
        "linkWebm": "https://files.catbox.moe/wodta4.webm",
        "linkMP3": "https://files.catbox.moe/q6pdg8.mp3"
    },
    {
        "songNumber": 4,
        "animeEnglish": "Detective Conan: Crossroad in the Ancient Capital",
        "animeRomaji": "Meitantei Conan: Meikyuu no Crossroad",
        "songName": "Time after time ~Hana Mau Machi de~",
        "artist": "Mai Kuraki",
        "type": "Ending 1",
        "correctCount": 8,
        "activePlayers": 343,
        "startSample": 68,
        "videoLength": 247.22,
        "linkWebm": "https://files.catbox.moe/enuno8.webm",
        "linkMP3": "https://files.catbox.moe/v1ex1p.mp3"
    },
    {
        "songNumber": 5,
        "animeEnglish": "Fate/kaleid liner Prisma\u2606Illya",
        "animeRomaji": "Fate/kaleid liner Prisma\u2606Illya",
        "songName": "starlog",
        "artist": "ChouCho",
        "type": "Insert Song",
        "correctCount": 210,
        "activePlayers": 342,
        "startSample": 37,
        "videoLength": 117,
        "linkWebm": "https://files.catbox.moe/s9um7t.webm",
        "linkMP3": "https://files.catbox.moe/ywnhom.mp3"
    },
    {
        "songNumber": 6,
        "animeEnglish": "Tamako Love Story",
        "animeRomaji": "Tamako Love Story",
        "songName": "Koi no Uta",
        "artist": "Dynamite Beans",
        "type": "Opening 1",
        "correctCount": 121,
        "activePlayers": 339,
        "startSample": 13,
        "videoLength": 102.05,
        "linkWebm": "https://files.catbox.moe/hsj7x4.webm",
        "linkMP3": "https://files.catbox.moe/aikz07.mp3"
    },
    {
        "songNumber": 7,
        "animeEnglish": "Yugo the Negotiator",
        "animeRomaji": "Y\u016bgo - K\u014dsh\u014dnin",
        "songName": "Modern Size",
        "artist": "Eiichiro Taruki",
        "type": "Opening 1",
        "correctCount": 10,
        "activePlayers": 338,
        "startSample": 44,
        "videoLength": 88.84,
        "linkWebm": "https://files.catbox.moe/ebchh1.webm",
        "linkMP3": "https://files.catbox.moe/ffasqq.mp3"
    },
    {
        "songNumber": 8,
        "animeEnglish": "Arc the Lad",
        "animeRomaji": "Arc the Lad",
        "songName": "Happy Tomorrow",
        "artist": "NiNa",
        "type": "Ending 1",
        "correctCount": 9,
        "activePlayers": 338,
        "startSample": 77,
        "videoLength": 116.02,
        "linkWebm": "https://files.catbox.moe/s5h4sp.webm",
        "linkMP3": "https://files.catbox.moe/jid29b.mp3"
    },
    {
        "songNumber": 9,
        "animeEnglish": "Assassination Classroom Second Season",
        "animeRomaji": "Ansatsu Ky\u014dshitsu Final Season",
        "songName": "QUESTION",
        "artist": "3-nen E-gumi Utatan",
        "type": "Opening 1",
        "correctCount": 250,
        "activePlayers": 336,
        "startSample": 14,
        "videoLength": 90.04,
        "linkWebm": "https://files.catbox.moe/9ck8c6.webm",
        "linkMP3": "https://files.catbox.moe/1uz4h0.mp3"
    },
    {
        "songNumber": 10,
        "animeEnglish": "To LOVE-Ru",
        "animeRomaji": "To LOVE-Ru -Trouble-",
        "songName": "Skirt no Hajikko",
        "artist": "Sayuri Yahagi",
        "type": "Insert Song",
        "correctCount": 49,
        "activePlayers": 335,
        "startSample": 0,
        "videoLength": 30.41,
        "linkWebm": "https://files.catbox.moe/1qdxyn.webm",
        "linkMP3": "https://files.catbox.moe/5x8et3.mp3"
    },
    {
        "songNumber": 11,
        "animeEnglish": "Aikatsu on Parade!",
        "animeRomaji": "Aikatsu on Parade!",
        "songName": "Lovely Party Collection",
        "artist": "Ruka\u30fbMona\u30fbMiki from AIKATSU\u2606STARS!",
        "type": "Insert Song",
        "correctCount": 146,
        "activePlayers": 334,
        "startSample": 38,
        "videoLength": 107.57,
        "linkWebm": "https://files.catbox.moe/0gdvrd.webm",
        "linkMP3": "https://files.catbox.moe/rqfxt5.mp3"
    },
    {
        "songNumber": 12,
        "animeEnglish": "Wooser's Hand-to-Mouth Life: Phantasmagoric Arc",
        "animeRomaji": "Wooser no Sono Higurashi Mugen-hen",
        "songName": "THE\u2606Uchouten Summer!!",
        "artist": "Niji no Conquistador",
        "type": "Insert Song",
        "correctCount": 8,
        "activePlayers": 333,
        "startSample": 46,
        "videoLength": 90.85,
        "linkWebm": "https://files.catbox.moe/zwx4ur.webm",
        "linkMP3": "https://files.catbox.moe/e2mahk.mp3"
    },
    {
        "songNumber": 13,
        "animeEnglish": "Space Emperor God Sigma",
        "animeRomaji": "Uch\u016b Taitei God Sigma",
        "songName": "Ganbare! Uch\u016b no Senshi",
        "artist": "Isao Sasaki, Koorogi '73, and Columbia Yurikago-Kai",
        "type": "Opening 1",
        "correctCount": 2,
        "activePlayers": 334,
        "startSample": 32,
        "videoLength": 79.39,
        "linkWebm": "https://files.catbox.moe/8g33je.webm",
        "linkMP3": "https://files.catbox.moe/4sce8q.mp3"
    },
    {
        "songNumber": 14,
        "animeEnglish": "Strike The Blood III",
        "animeRomaji": "Strike The Blood III",
        "songName": "Blood and Emotions",
        "artist": "Kishida Ky\u014ddan &THE Akeboshi Rockets",
        "type": "Opening 1",
        "correctCount": 97,
        "activePlayers": 334,
        "startSample": 1,
        "videoLength": 88.51,
        "linkWebm": "https://files.catbox.moe/fkow6k.webm",
        "linkMP3": "https://files.catbox.moe/myoxmo.mp3"
    },
    {
        "songNumber": 15,
        "animeEnglish": "Detective Conan - Episode One: The Great Detective Turned Small",
        "animeRomaji": "Meitantei Conan Episode One: Chiisaku Natta Meitantei",
        "songName": "Mune ga Dokidoki",
        "artist": "the High-Lows",
        "type": "Opening 1",
        "correctCount": 135,
        "activePlayers": 334,
        "startSample": 31,
        "videoLength": 88.15,
        "linkWebm": "https://files.catbox.moe/owxyt9.webm",
        "linkMP3": "https://files.catbox.moe/8oivrm.mp3"
    },
    {
        "songNumber": 16,
        "animeEnglish": "CROSS ANGE Rondo of Angel and Dragon",
        "animeRomaji": "Cross Ange: Tenshi to Ry\u016b no Rondo",
        "songName": "Towagatari ~Hikari no Uta~",
        "artist": "Nana Mizuki",
        "type": "Insert Song",
        "correctCount": 27,
        "activePlayers": 333,
        "startSample": 21,
        "videoLength": 81.86,
        "linkWebm": "https://files.catbox.moe/1vaz9j.webm",
        "linkMP3": "https://files.catbox.moe/b6wzj9.mp3"
    },
    {
        "songNumber": 17,
        "animeEnglish": "Saekano: How to Raise a Boring Girlfriend Flat",
        "animeRomaji": "Saenai Heroine no Sodate-kata Flat",
        "songName": "GLISTENING\u266d",
        "artist": "Kiyono Yasuno",
        "type": "Insert Song",
        "correctCount": 65,
        "activePlayers": 333,
        "startSample": 11,
        "videoLength": 132.12,
        "linkWebm": "https://files.catbox.moe/kfbvd6.webm",
        "linkMP3": "https://files.catbox.moe/ihtxhs.mp3"
    },
    {
        "songNumber": 18,
        "animeEnglish": "Magical Warfare",
        "animeRomaji": "Mah\u014d Sens\u014d",
        "songName": "Born to be",
        "artist": "nano",
        "type": "Ending 1",
        "correctCount": 97,
        "activePlayers": 333,
        "startSample": 32,
        "videoLength": 89.86,
        "linkWebm": "https://files.catbox.moe/oi3t2y.webm",
        "linkMP3": "https://files.catbox.moe/ekm9h4.mp3"
    },
    {
        "songNumber": 19,
        "animeEnglish": "Phi Brain - Puzzle of God: The Orpheus Order",
        "animeRomaji": "Phi-Brain - Kami no Puzzle: Orpheus Order-hen",
        "songName": "Now or Never",
        "artist": "nano",
        "type": "Opening 1",
        "correctCount": 73,
        "activePlayers": 333,
        "startSample": 33,
        "videoLength": 88.56,
        "linkWebm": "https://files.catbox.moe/doxeb4.webm",
        "linkMP3": "https://files.catbox.moe/95x6ba.mp3"
    },
    {
        "songNumber": 20,
        "animeEnglish": "The Wonderful Adventures of Nils",
        "animeRomaji": "Nils no Fushigi na Tabi",
        "songName": "Itsumademo Tomodachi",
        "artist": "Katsumi Kahashi",
        "type": "Ending 1",
        "correctCount": 6,
        "activePlayers": 332,
        "startSample": 30,
        "videoLength": 97.27,
        "linkWebm": "https://files.catbox.moe/pc6jjo.webm",
        "linkMP3": "https://files.catbox.moe/rgnzbj.mp3"
    },
    {
        "songNumber": 21,
        "animeEnglish": "Yuri!!! on ICE",
        "animeRomaji": "Yuri!!! on ICE",
        "songName": "Serenade for Two",
        "artist": "Tarou Umebayashi & Taku Matsushiba feat. Wouter Hamel",
        "type": "Insert Song",
        "correctCount": 45,
        "activePlayers": 331,
        "startSample": 6,
        "videoLength": 146.26,
        "linkWebm": "https://files.catbox.moe/oag5ou.webm",
        "linkMP3": "https://files.catbox.moe/i2cv0l.mp3"
    },
    {
        "songNumber": 22,
        "animeEnglish": "Million Arthur",
        "animeRomaji": "Operation Han-Gyaku-Sei Million Arthur",
        "songName": "Highlight",
        "artist": "Ayaka Ohashi",
        "type": "Opening 1",
        "correctCount": 23,
        "activePlayers": 331,
        "startSample": 34,
        "videoLength": 88.06,
        "linkWebm": "https://files.catbox.moe/lzz4jy.webm",
        "linkMP3": "https://files.catbox.moe/urqn18.mp3"
    },
    {
        "songNumber": 23,
        "animeEnglish": "Cockroach Girls",
        "animeRomaji": "Gokicha!!",
        "songName": "Gokkyun! Days",
        "artist": "Mamiko Noto",
        "type": "Opening 1",
        "correctCount": 68,
        "activePlayers": 331,
        "startSample": 0,
        "videoLength": 29.59,
        "linkWebm": "https://files.catbox.moe/jzo84l.webm",
        "linkMP3": "https://files.catbox.moe/v2p3cd.mp3"
    },
    {
        "songNumber": 24,
        "animeEnglish": "The Pilot's Love Song",
        "animeRomaji": "Toaru Hik\u016bshi e no Koiuta",
        "songName": "azurite",
        "artist": "petit milady",
        "type": "Opening 1",
        "correctCount": 54,
        "activePlayers": 331,
        "startSample": 50,
        "videoLength": 88.63,
        "linkWebm": "https://files.catbox.moe/c3aop6.webm",
        "linkMP3": "https://files.catbox.moe/08v6ys.mp3"
    },
    {
        "songNumber": 25,
        "animeEnglish": "Aquarion",
        "animeRomaji": "S\u014dsei no Aquarion",
        "songName": "S\u014dsei no Aquarion",
        "artist": "AKINO",
        "type": "Opening 1",
        "correctCount": 130,
        "activePlayers": 331,
        "startSample": 42,
        "videoLength": 89.11,
        "linkWebm": "https://files.catbox.moe/z7y122.webm",
        "linkMP3": "https://files.catbox.moe/cq3mlo.mp3"
    },
    {
        "songNumber": 26,
        "animeEnglish": "Bleach the Movie 4: Hell Verse",
        "animeRomaji": "Bleach: Jigoku-hen",
        "songName": "Save The One, Save The All",
        "artist": "T.M.Revolution",
        "type": "Ending 1",
        "correctCount": 42,
        "activePlayers": 331,
        "startSample": 206,
        "videoLength": 244.03,
        "linkWebm": "https://files.catbox.moe/tkscya.webm",
        "linkMP3": "https://files.catbox.moe/g3p3ko.mp3"
    },
    {
        "songNumber": 27,
        "animeEnglish": "TsukiPro the Animation",
        "animeRomaji": "TsukiPro the Animation",
        "songName": "Burny!!!",
        "artist": "SolidS",
        "type": "Opening 1",
        "correctCount": 43,
        "activePlayers": 328,
        "startSample": 48,
        "videoLength": 89.42,
        "linkWebm": "https://files.catbox.moe/07ntvs.webm",
        "linkMP3": "https://files.catbox.moe/gbdder.mp3"
    },
    {
        "songNumber": 28,
        "animeEnglish": "Love, Chunibyo & Other Delusions!",
        "animeRomaji": "Chu-2 Byo demo Koi ga Shitai!",
        "songName": "Sparkling Daydream",
        "artist": "ZAQ",
        "type": "Opening 1",
        "correctCount": 242,
        "activePlayers": 328,
        "startSample": 36,
        "videoLength": 88.99,
        "linkWebm": "https://files.catbox.moe/ri6tl6.webm",
        "linkMP3": "https://files.catbox.moe/ofy3iq.mp3"
    },
    {
        "songNumber": 29,
        "animeEnglish": "Twin Angels BREAK",
        "animeRomaji": "Twin Angel BREAK",
        "songName": "Love-tte\u2665Jewelry\u266aAngel\u2606Break!!",
        "artist": "Avenue Project feat. M\u30fbA\u30fbO & Ai Kayano",
        "type": "Opening 1",
        "correctCount": 25,
        "activePlayers": 327,
        "startSample": 49,
        "videoLength": 90.05,
        "linkWebm": "https://animethemes.moe/video/KaitouTenshiTwinAngelTV-OP1.webm",
        "linkMP3": "https://files.catbox.moe/ux9ehw.mp3"
    },
    {
        "songNumber": 30,
        "animeEnglish": "Sword Art Online: Alicization",
        "animeRomaji": "Sword Art Online: Alicization",
        "songName": "Iris",
        "artist": "Eir Aoi",
        "type": "Ending 1",
        "correctCount": 138,
        "activePlayers": 327,
        "startSample": 39,
        "videoLength": 89.09,
        "linkWebm": "https://files.catbox.moe/o2snyi.webm",
        "linkMP3": "https://files.catbox.moe/tghx3c.mp3"
    },
    {
        "songNumber": 31,
        "animeEnglish": "The World God Only Knows: Magical Star Kanon 100%",
        "animeRomaji": "The World God Only Knows: Magical Star Kanon 100%",
        "songName": "Kanon 100%",
        "artist": "Nao T\u014dyama",
        "type": "Opening 1",
        "correctCount": 62,
        "activePlayers": 327,
        "startSample": 32,
        "videoLength": 88.46,
        "linkWebm": "https://files.catbox.moe/vutcl1.webm",
        "linkMP3": "https://files.catbox.moe/djjsrc.mp3"
    },
    {
        "songNumber": 32,
        "animeEnglish": "Perman",
        "animeRomaji": "Perman",
        "songName": "Kite yo Perman",
        "artist": "Katsue Miwa",
        "type": "Opening 1",
        "correctCount": 208,
        "activePlayers": 327,
        "startSample": 9,
        "videoLength": 60.58,
        "linkWebm": "https://files.catbox.moe/iu9df1.webm",
        "linkMP3": "https://files.catbox.moe/2z2rud.mp3"
    },
    {
        "songNumber": 33,
        "animeEnglish": "Saint Seiya: The Lost Canvas",
        "animeRomaji": "Saint Seiya: The Lost Canvas - Mei\u014d Shinwa",
        "songName": "The Realm of Athena",
        "artist": "EUROX",
        "type": "Opening 1",
        "correctCount": 68,
        "activePlayers": 328,
        "startSample": 15,
        "videoLength": 88.08,
        "linkWebm": "https://files.catbox.moe/mpsc3u.webm",
        "linkMP3": "https://files.catbox.moe/v6bgrl.mp3"
    },
    {
        "songNumber": 34,
        "animeEnglish": "The Future Diary",
        "animeRomaji": "Mirai Nikki",
        "songName": "Dead END",
        "artist": "Faylan",
        "type": "Opening 2",
        "correctCount": 231,
        "activePlayers": 328,
        "startSample": 25,
        "videoLength": 90.33,
        "linkWebm": "https://files.catbox.moe/otxik3.webm",
        "linkMP3": "https://files.catbox.moe/kdjoaf.mp3"
    },
    {
        "songNumber": 35,
        "animeEnglish": "Ensemble Stars!",
        "animeRomaji": "EnStars",
        "songName": "WONDER WONDER TOY LAND",
        "artist": "2wink",
        "type": "Insert Song",
        "correctCount": 43,
        "activePlayers": 328,
        "startSample": 0,
        "videoLength": 20.38,
        "linkWebm": "https://files.catbox.moe/5ojrbi.webm",
        "linkMP3": "https://files.catbox.moe/3oa8iy.mp3"
    },
    {
        "songNumber": 36,
        "animeEnglish": "Katanagatari",
        "animeRomaji": "Katanagatari",
        "songName": "Ai to Makoto",
        "artist": "Yukari Tamura",
        "type": "Ending 5",
        "correctCount": 29,
        "activePlayers": 328,
        "startSample": 51,
        "videoLength": 88.82,
        "linkWebm": "https://files.catbox.moe/bs07tf.webm",
        "linkMP3": "https://files.catbox.moe/alamme.mp3"
    },
    {
        "songNumber": 37,
        "animeEnglish": "anohana: The Flower We Saw That Day",
        "animeRomaji": "Ano Hi Mita Hana no Namae o Boku-tachi wa Mada Shiranai.",
        "songName": "Circle Game",
        "artist": "Galileo Galilei",
        "type": "Ending 1",
        "correctCount": 90,
        "activePlayers": 328,
        "startSample": 144,
        "videoLength": 278.57,
        "linkWebm": "https://files.catbox.moe/qh0ug8.webm",
        "linkMP3": "https://files.catbox.moe/iw7w2e.mp3"
    },
    {
        "songNumber": 38,
        "animeEnglish": "Love Rice 2",
        "animeRomaji": "Love Kome -WE LOVE RICE- Nikisaku",
        "songName": "LOVE & BRAVE",
        "artist": "Yuuto Suzuki, Junya Enoki, Genki Okawa",
        "type": "Insert Song",
        "correctCount": 20,
        "activePlayers": 329,
        "startSample": 0,
        "videoLength": 34.78,
        "linkWebm": "https://files.catbox.moe/qahg4l.webm",
        "linkMP3": "https://files.catbox.moe/7mq9lg.mp3"
    },
    {
        "songNumber": 39,
        "animeEnglish": "D.Gray-man",
        "animeRomaji": "D.Gray-man",
        "songName": "INNOCENT SORROW",
        "artist": "abingdon boys school",
        "type": "Opening 1",
        "correctCount": 111,
        "activePlayers": 329,
        "startSample": 45,
        "videoLength": 89.4,
        "linkWebm": "https://files.catbox.moe/6cpvug.webm",
        "linkMP3": "https://files.catbox.moe/2p2txk.mp3"
    },
    {
        "songNumber": 40,
        "animeEnglish": "Kiratto Pri\u2606Chan",
        "animeRomaji": "Kiratto Pri\u2606Chan",
        "songName": "One Two Sweets",
        "artist": "Koko Hayashi",
        "type": "Insert Song",
        "correctCount": 28,
        "activePlayers": 328,
        "startSample": 50,
        "videoLength": 92.11,
        "linkWebm": "https://files.catbox.moe/c20w25.webm",
        "linkMP3": "https://files.catbox.moe/6h7fgk.mp3"
    },
    {
        "songNumber": 41,
        "animeEnglish": "Garzey's Wing",
        "animeRomaji": "Byston Well Monogatari: Garzey no Tsubasa",
        "songName": "Wings of my heart",
        "artist": "MAJESTY",
        "type": "Ending 1",
        "correctCount": 3,
        "activePlayers": 328,
        "startSample": 67,
        "videoLength": 112.06,
        "linkWebm": "https://files.catbox.moe/1ae1hu.webm",
        "linkMP3": "https://files.catbox.moe/ss59nn.mp3"
    },
    {
        "songNumber": 42,
        "animeEnglish": "Grimoire of Zero",
        "animeRomaji": "Zero Kara Hajimeru Mah\u014d no Sho",
        "songName": "Hakkensha wa Watashi",
        "artist": "Tapimiru",
        "type": "Opening 1",
        "correctCount": 115,
        "activePlayers": 328,
        "startSample": 10,
        "videoLength": 88.58,
        "linkWebm": "https://openings.moe/video/ZeroKaraHajimeruMahouNoSho-OP01-NCOLD.webm",
        "linkMP3": "https://files.catbox.moe/8xlnzh.mp3"
    },
    {
        "songNumber": 43,
        "animeEnglish": "This Boy Can Fight Aliens!",
        "animeRomaji": "Kono Danshi, Uch\u016b-jin to Tatakaemasu.",
        "songName": "Toumei Nostalgia",
        "artist": "Akiko Shikata",
        "type": "Ending 1",
        "correctCount": 8,
        "activePlayers": 328,
        "startSample": 203,
        "videoLength": 281.14,
        "linkWebm": "https://files.catbox.moe/7meb0x.webm",
        "linkMP3": "https://files.catbox.moe/ma43im.mp3"
    },
    {
        "songNumber": 44,
        "animeEnglish": "Generation of Chaos",
        "animeRomaji": "Generation of Chaos",
        "songName": "The place of happiness",
        "artist": "Nana Mizuki",
        "type": "Opening 1",
        "correctCount": 17,
        "activePlayers": 326,
        "startSample": 28,
        "videoLength": 91.15,
        "linkWebm": "https://files.catbox.moe/3tlx37.webm",
        "linkMP3": "https://files.catbox.moe/p0xcci.mp3"
    },
    {
        "songNumber": 45,
        "animeEnglish": "Inuboku Secret Service",
        "animeRomaji": "Inu X Boku Secret Service",
        "songName": "Nirvana",
        "artist": "MUCC",
        "type": "Opening 1",
        "correctCount": 120,
        "activePlayers": 326,
        "startSample": 57,
        "videoLength": 93.54,
        "linkWebm": "https://files.catbox.moe/2macz9.webm",
        "linkMP3": "https://files.catbox.moe/k5zw07.mp3"
    },
    {
        "songNumber": 46,
        "animeEnglish": "Mah\u014dtsukai Sally",
        "animeRomaji": "Mah\u014dtsukai Sally",
        "songName": "Mahoutsukai Sally no Uta",
        "artist": "Three Graces",
        "type": "Opening 1",
        "correctCount": 210,
        "activePlayers": 325,
        "startSample": 1,
        "videoLength": 64.3,
        "linkWebm": "https://files.catbox.moe/5fjrf3.webm",
        "linkMP3": "https://files.catbox.moe/3eqoug.mp3"
    },
    {
        "songNumber": 47,
        "animeEnglish": "Blue Exorcist",
        "animeRomaji": "Ao no Exorcist",
        "songName": "CORE PRIDE",
        "artist": "UVERworld",
        "type": "Opening 1",
        "correctCount": 256,
        "activePlayers": 326,
        "startSample": 19,
        "videoLength": 89.64,
        "linkWebm": "https://files.catbox.moe/fvdhr5.webm",
        "linkMP3": "https://files.catbox.moe/8vb055.mp3"
    },
    {
        "songNumber": 48,
        "animeEnglish": "ItaKiss",
        "animeRomaji": "Itakisu",
        "songName": "Kimi, Meguru, Boku",
        "artist": "Motohiro Hata",
        "type": "Opening 1",
        "correctCount": 82,
        "activePlayers": 326,
        "startSample": 49,
        "videoLength": 90.02,
        "linkWebm": "https://files.catbox.moe/s4ivmu.webm",
        "linkMP3": "https://files.catbox.moe/yjebs9.mp3"
    },
    {
        "songNumber": 49,
        "animeEnglish": "Is It Wrong to Try to Pick Up Girls in a Dungeon? II",
        "animeRomaji": "DanMachi II",
        "songName": "HELLO to DREAM",
        "artist": "Yuka Iguchi",
        "type": "Opening 1",
        "correctCount": 177,
        "activePlayers": 326,
        "startSample": 17,
        "videoLength": 88.34,
        "linkWebm": "https://files.catbox.moe/yx4gqh.webm",
        "linkMP3": "https://files.catbox.moe/hc8mi1.mp3"
    },
    {
        "songNumber": 50,
        "animeEnglish": "Marie & Gali",
        "animeRomaji": "Marie & Gali",
        "songName": "Galihabara!",
        "artist": "Swing Mates K",
        "type": "Opening 1",
        "correctCount": 16,
        "activePlayers": 326,
        "startSample": 0,
        "videoLength": 19.51,
        "linkWebm": "https://files.catbox.moe/5f14rt.webm",
        "linkMP3": "https://files.catbox.moe/ruv0b7.mp3"
    },
    {
        "songNumber": 51,
        "animeEnglish": "Winter Sonata",
        "animeRomaji": "Fuyu no Sonata",
        "songName": "Itsudemo Tada Kimi wo",
        "artist": "Lee Se-Jun",
        "type": "Ending 1",
        "correctCount": 29,
        "activePlayers": 324,
        "startSample": 42,
        "videoLength": 76.75,
        "linkWebm": "https://files.catbox.moe/ot47ui.webm",
        "linkMP3": "https://files.catbox.moe/co5kky.mp3"
    },
    {
        "songNumber": 52,
        "animeEnglish": "Haikyu!! Movie Owari to Hajimari",
        "animeRomaji": "Haikyu!! Movie Owari to Hajimari",
        "songName": "Imagination",
        "artist": "SPYAIR",
        "type": "Ending 1",
        "correctCount": 255,
        "activePlayers": 325,
        "startSample": 2,
        "videoLength": 172.2,
        "linkWebm": "https://files.catbox.moe/ebat9n.webm",
        "linkMP3": "https://files.catbox.moe/mcisx6.mp3"
    },
    {
        "songNumber": 53,
        "animeEnglish": "Persona3 the Movie #1 Spring of Birth",
        "animeRomaji": "Persona3 the Movie #1 Spring of Birth",
        "songName": "More Than One Heart",
        "artist": "Yumi Kawamura",
        "type": "Ending 1",
        "correctCount": 35,
        "activePlayers": 325,
        "startSample": 71,
        "videoLength": 195.58,
        "linkWebm": "https://files.catbox.moe/d4d83m.webm",
        "linkMP3": null
    },
    {
        "songNumber": 54,
        "animeEnglish": "Inuboku Secret Service",
        "animeRomaji": "Inu X Boku Secret Service",
        "songName": "sweets parade",
        "artist": "Kana Hanazawa",
        "type": "Ending 5",
        "correctCount": 141,
        "activePlayers": 325,
        "startSample": 35,
        "videoLength": 89.83,
        "linkWebm": "https://files.catbox.moe/ir13bd.webm",
        "linkMP3": "https://files.catbox.moe/jf7wv4.mp3"
    },
    {
        "songNumber": 55,
        "animeEnglish": "Senki Zessh\u014d Symphogear AXZ",
        "animeRomaji": "Senki Zessh\u014d Symphogear AXZ",
        "songName": "Stand up! Ready!!",
        "artist": "Y\u014dko Hikasa",
        "type": "Insert Song",
        "correctCount": 34,
        "activePlayers": 325,
        "startSample": 45,
        "videoLength": 125.06,
        "linkWebm": "https://files.catbox.moe/zlzivo.webm",
        "linkMP3": "https://files.catbox.moe/ic912p.mp3"
    },
    {
        "songNumber": 56,
        "animeEnglish": "Pico: Boku no Chiisana Natsu Monogatari",
        "animeRomaji": "Pico: Boku no Chiisana Natsu Monogatari",
        "songName": "Koi o Shiy\u014d yo",
        "artist": "Pico",
        "type": "Ending 1",
        "correctCount": 72,
        "activePlayers": 325,
        "startSample": 18,
        "videoLength": 300.58,
        "linkWebm": "https://files.catbox.moe/0u05j5.webm",
        "linkMP3": "https://files.catbox.moe/tlo1ni.mp3"
    },
    {
        "songNumber": 57,
        "animeEnglish": "HappinessCharge Precure!",
        "animeRomaji": "HappinessCharge Precure!",
        "songName": "Precure Memory",
        "artist": "Hitomi Yoshida",
        "type": "Ending 1",
        "correctCount": 12,
        "activePlayers": 325,
        "startSample": 4,
        "videoLength": 89.02,
        "linkWebm": "https://files.catbox.moe/my39pp.webm",
        "linkMP3": "https://files.catbox.moe/xkjt0h.mp3"
    },
    {
        "songNumber": 58,
        "animeEnglish": "Fairy Tail",
        "animeRomaji": "Fairy Tail",
        "songName": "R.P.G. ~Rockin' Playing Game",
        "artist": "SuG",
        "type": "Opening 4",
        "correctCount": 130,
        "activePlayers": 325,
        "startSample": 56,
        "videoLength": 90.53,
        "linkWebm": "https://files.catbox.moe/cdsg26.webm",
        "linkMP3": "https://files.catbox.moe/jnp22k.mp3"
    },
    {
        "songNumber": 59,
        "animeEnglish": "Shigurui: Death Frenzy",
        "animeRomaji": "Shigurui",
        "songName": "Shigurui ~Opening Theme",
        "artist": "Kiyoshi Yoshida",
        "type": "Opening 1",
        "correctCount": 34,
        "activePlayers": 325,
        "startSample": 45,
        "videoLength": 88.54,
        "linkWebm": "https://files.catbox.moe/zigjsp.webm",
        "linkMP3": "https://files.catbox.moe/7jn7qt.mp3"
    },
    {
        "songNumber": 60,
        "animeEnglish": "Cowboy Bebop",
        "animeRomaji": "Cowboy Bebop",
        "songName": "THE REAL FOLK BLUES",
        "artist": "Mai Yamane",
        "type": "Ending 1",
        "correctCount": 151,
        "activePlayers": 323,
        "startSample": 17,
        "videoLength": 94.01,
        "linkWebm": "https://files.catbox.moe/ffr7rh.webm",
        "linkMP3": "https://files.catbox.moe/je3987.mp3"
    },
    {
        "songNumber": 61,
        "animeEnglish": "Dororo",
        "animeRomaji": "Dororo",
        "songName": "Dororo",
        "artist": "ASIAN KUNG-FU GENERATION",
        "type": "Opening 2",
        "correctCount": 196,
        "activePlayers": 322,
        "startSample": 0,
        "videoLength": 88.99,
        "linkWebm": "https://files.catbox.moe/1xy8z5.webm",
        "linkMP3": "https://files.catbox.moe/xt79z1.mp3"
    },
    {
        "songNumber": 62,
        "animeEnglish": "Kamisama Kiss",
        "animeRomaji": "Kamisama Hajimemashita",
        "songName": "Kamisama no Kamisama",
        "artist": "Hanae",
        "type": "Opening 2",
        "correctCount": 154,
        "activePlayers": 322,
        "startSample": 38,
        "videoLength": 88.46,
        "linkWebm": "https://animethemes.moe/video/KamisamaHajimemashitaS2-OP1.webm",
        "linkMP3": "https://files.catbox.moe/ichm7m.mp3"
    },
    {
        "songNumber": 63,
        "animeEnglish": "Memories Off",
        "animeRomaji": "Memories Off",
        "songName": "Y\u016bki no Tsubasa",
        "artist": "Maria Yamamoto",
        "type": "Opening 1",
        "correctCount": 17,
        "activePlayers": 322,
        "startSample": 29,
        "videoLength": 98.09,
        "linkWebm": "https://files.catbox.moe/d7amxg.webm",
        "linkMP3": "https://files.catbox.moe/t99ya7.mp3"
    },
    {
        "songNumber": 64,
        "animeEnglish": "Pretty Rhythm Aurora Dream",
        "animeRomaji": "Pretty Rhythm Aurora Dream",
        "songName": "Dream Goes On",
        "artist": "Kana Asumi",
        "type": "Insert Song",
        "correctCount": 34,
        "activePlayers": 322,
        "startSample": 5,
        "videoLength": 78.05,
        "linkWebm": "https://files.catbox.moe/m03pqz.webm",
        "linkMP3": "https://files.catbox.moe/o15n3i.mp3"
    },
    {
        "songNumber": 65,
        "animeEnglish": "Sasami-san@Ganbaranai",
        "animeRomaji": "Sasami-san@Ganbaranai",
        "songName": "Alteration",
        "artist": "ZAQ",
        "type": "Opening 1",
        "correctCount": 56,
        "activePlayers": 322,
        "startSample": 14,
        "videoLength": 87.06,
        "linkWebm": "https://files.catbox.moe/awr6r3.webm",
        "linkMP3": "https://files.catbox.moe/r65z9n.mp3"
    },
    {
        "songNumber": 66,
        "animeEnglish": "Saint Seiya The Heavens-Overture-",
        "animeRomaji": "Saint Seiya Tenkai-hen",
        "songName": "Never -Seitoushi Seiya no Theme-",
        "artist": "MAKE-UP",
        "type": "Ending 1",
        "correctCount": 10,
        "activePlayers": 322,
        "startSample": 96,
        "videoLength": 133.61,
        "linkWebm": "https://files.catbox.moe/ty6egr.webm",
        "linkMP3": "https://files.catbox.moe/1ksvnw.mp3"
    },
    {
        "songNumber": 67,
        "animeEnglish": "Revolutionary Girl Utena",
        "animeRomaji": "Sh\u014djo Kakumei Utena",
        "songName": "Zettai Unmei Mokushiroku",
        "artist": "Kunihiko Ikuhara, Maki Kamiya, Shinkichi Mitsumune, Suginami Jidou Gasshou-dan",
        "type": "Insert Song",
        "correctCount": 78,
        "activePlayers": 322,
        "startSample": 44,
        "videoLength": 113.35,
        "linkWebm": "https://files.catbox.moe/jwbhzv.webm",
        "linkMP3": "https://files.catbox.moe/56xv6e.mp3"
    },
    {
        "songNumber": 68,
        "animeEnglish": "Today's Menu for Emiya Family",
        "animeRomaji": "Emiya-sanchi no Ky\u014d no Gohan",
        "songName": "Apron Boy",
        "artist": "DJ Misoshiru to MC Gohan",
        "type": "Opening 1",
        "correctCount": 167,
        "activePlayers": 323,
        "startSample": 1,
        "videoLength": 58.8,
        "linkWebm": "https://files.catbox.moe/h6jdbc.webm",
        "linkMP3": "https://files.catbox.moe/yy5b84.mp3"
    },
    {
        "songNumber": 69,
        "animeEnglish": "PriPara",
        "animeRomaji": "PriPara",
        "songName": "I Just Wanna Be With You ~Virtual to Real no Hazama de~",
        "artist": "Prizmmy\u2606",
        "type": "Insert Song",
        "correctCount": 32,
        "activePlayers": 323,
        "startSample": 12,
        "videoLength": 85.37,
        "linkWebm": "https://files.catbox.moe/5551ki.webm",
        "linkMP3": "https://files.catbox.moe/7n18mt.mp3"
    },
    {
        "songNumber": 70,
        "animeEnglish": "Buso Renkin",
        "animeRomaji": "Buso Renkin",
        "songName": "Makka na Chikai",
        "artist": "Yoshiki Fukuyama",
        "type": "Opening 1",
        "correctCount": 143,
        "activePlayers": 323,
        "startSample": 31,
        "videoLength": 91.79,
        "linkWebm": "https://files.catbox.moe/idc2sp.webm",
        "linkMP3": "https://files.catbox.moe/qwyxzb.mp3"
    },
    {
        "songNumber": 71,
        "animeEnglish": "Haikyu!! Movie Concept no Tatakai",
        "animeRomaji": "Haikyu!! Movie Concept no Tatakai",
        "songName": "Hikari Are",
        "artist": "BURNOUT SYNDROMES",
        "type": "Ending 1",
        "correctCount": 228,
        "activePlayers": 323,
        "startSample": 91,
        "videoLength": 239.95,
        "linkWebm": "https://files.catbox.moe/tywqad.webm",
        "linkMP3": "https://files.catbox.moe/gb071d.mp3"
    },
    {
        "songNumber": 72,
        "animeEnglish": "Ah My Buddha",
        "animeRomaji": "Amaenaide yo!!",
        "songName": "Happy Days",
        "artist": "Mai Nakahara",
        "type": "Ending 1",
        "correctCount": 8,
        "activePlayers": 323,
        "startSample": 36,
        "videoLength": 88.85,
        "linkWebm": "https://files.catbox.moe/nywf7d.webm",
        "linkMP3": "https://files.catbox.moe/x8k21g.mp3"
    },
    {
        "songNumber": 73,
        "animeEnglish": "M.U.S.C.L.E.",
        "animeRomaji": "Kinnikuman",
        "songName": "Kinnikuman GO FIGHT!",
        "artist": "Akira Kushida",
        "type": "Opening 1",
        "correctCount": 90,
        "activePlayers": 323,
        "startSample": 10,
        "videoLength": 89.83,
        "linkWebm": "https://files.catbox.moe/fcswmq.webm",
        "linkMP3": "https://files.catbox.moe/u4yuib.mp3"
    },
    {
        "songNumber": 74,
        "animeEnglish": "Aim for the Ace! Final Stage",
        "animeRomaji": "Ace o Nerae! Final Stage",
        "songName": "Manatsu no Arisu",
        "artist": "Hiroko Moriguchi",
        "type": "Ending 1",
        "correctCount": 1,
        "activePlayers": 323,
        "startSample": 3,
        "videoLength": 80.3,
        "linkWebm": "https://files.catbox.moe/etd26c.webm",
        "linkMP3": "https://files.catbox.moe/nco759.mp3"
    },
    {
        "songNumber": 75,
        "animeEnglish": "Girls und Panzer das Finale",
        "animeRomaji": "Girls und Panzer das Finale",
        "songName": "La Chanson de I'oignon",
        "artist": "BC Jiyuu Gakuen",
        "type": "Insert Song",
        "correctCount": 71,
        "activePlayers": 321,
        "startSample": 10,
        "videoLength": 59.57,
        "linkWebm": "https://files.catbox.moe/k5sj3h.webm",
        "linkMP3": "https://files.catbox.moe/zbc00l.mp3"
    }
]