[
    {
        "songNumber": 1,
        "animeEnglish": "Peeping Life TV Season 1??",
        "animeRomaji": "Peeping Life TV Season 1??",
        "songName": "HOTEL Alien",
        "artist": "BRADIO",
        "type": "Opening 1",
        "correctCount": 89,
        "activePlayers": 375,
        "startSample": 33,
        "videoLength": 88.27,
        "linkWebm": "https://files.catbox.moe/bxqjpv.webm",
        "linkMP3": "https://files.catbox.moe/dza6su.mp3"
    },
    {
        "songNumber": 2,
        "animeEnglish": "Beautiful Bones: Sakurako\u2019s Investigation",
        "animeRomaji": "Sakurako-san no Ashimoto ni wa Shitai ga Umatteiru",
        "songName": "Dear answer",
        "artist": "TRUE",
        "type": "Opening 1",
        "correctCount": 76,
        "activePlayers": 376,
        "startSample": 34,
        "videoLength": 89.81,
        "linkWebm": "https://files.catbox.moe/f93ur4.webm",
        "linkMP3": "https://files.catbox.moe/e1g8h1.mp3"
    },
    {
        "songNumber": 3,
        "animeEnglish": "Moe Can Change!",
        "animeRomaji": "Moe Can Change!",
        "songName": "NO RULE ~ Cho-Listen!",
        "artist": "Rina Hidaka",
        "type": "Opening 1",
        "correctCount": 3,
        "activePlayers": 374,
        "startSample": 22,
        "videoLength": 109.54,
        "linkWebm": "https://files.catbox.moe/08kyzk.webm",
        "linkMP3": "https://files.catbox.moe/1uitna.mp3"
    },
    {
        "songNumber": 4,
        "animeEnglish": "Dog Gods!",
        "animeRomaji": "Inukami!",
        "songName": "Yuujou Monogatari",
        "artist": "Aice5",
        "type": "Ending 1",
        "correctCount": 7,
        "activePlayers": 374,
        "startSample": 0,
        "videoLength": 89.47,
        "linkWebm": "https://files.catbox.moe/zeujx8.webm",
        "linkMP3": "https://files.catbox.moe/9c2v6m.mp3"
    },
    {
        "songNumber": 5,
        "animeEnglish": "Kiki's Delivery Service",
        "animeRomaji": "Majo no Takky\u016bbin",
        "songName": "I'm Gonna Fly",
        "artist": "Sydney Forest",
        "type": "Ending 1",
        "correctCount": 44,
        "activePlayers": 373,
        "startSample": 115,
        "videoLength": 173.79,
        "linkWebm": "https://files.catbox.moe/gzvkwm.webm",
        "linkMP3": "https://files.catbox.moe/3f5p3k.mp3"
    },
    {
        "songNumber": 6,
        "animeEnglish": "Yarichin Bitch-bu",
        "animeRomaji": "Yarichin Bitch-bu",
        "songName": "Touch you",
        "artist": "Shiritsu Morimouri Gakuen-sei Haru\u2661Danshis",
        "type": "Ending 1",
        "correctCount": 35,
        "activePlayers": 373,
        "startSample": 48,
        "videoLength": 89.04,
        "linkWebm": "https://files.catbox.moe/1baim9.webm",
        "linkMP3": "https://files.catbox.moe/1mndsk.mp3"
    },
    {
        "songNumber": 7,
        "animeEnglish": "Paradise Kiss",
        "animeRomaji": "Paradise Kiss",
        "songName": "\u2665Lonely in Gorgeous\u2665",
        "artist": "Tommy february\u2076",
        "type": "Opening 1",
        "correctCount": 134,
        "activePlayers": 372,
        "startSample": 22,
        "videoLength": 88.94,
        "linkWebm": "https://files.catbox.moe/jnygko.webm",
        "linkMP3": "https://files.catbox.moe/hf98pk.mp3"
    },
    {
        "songNumber": 8,
        "animeEnglish": "Himitsu Kessha Taka no Tsume GT",
        "animeRomaji": "Himitsu Kessha Taka no Tsume GT",
        "songName": "Yoake no Fork",
        "artist": "GLIM SPANKY",
        "type": "Ending 1",
        "correctCount": 1,
        "activePlayers": 372,
        "startSample": 8,
        "videoLength": 47.06,
        "linkWebm": "https://files.catbox.moe/6df5fq.webm",
        "linkMP3": "https://files.catbox.moe/fu6h8l.mp3"
    },
    {
        "songNumber": 9,
        "animeEnglish": "Saint Seiya",
        "animeRomaji": "Saint Seiya",
        "songName": "Soldier Dream",
        "artist": "Hironobu Kageyama & BROADWAY",
        "type": "Opening 2",
        "correctCount": 211,
        "activePlayers": 370,
        "startSample": 4,
        "videoLength": 78.24,
        "linkWebm": "https://files.catbox.moe/g7cbkx.webm",
        "linkMP3": "https://files.catbox.moe/wsqrqi.mp3"
    },
    {
        "songNumber": 10,
        "animeEnglish": "Crane Game Girls Galaxy",
        "animeRomaji": "Bish\u014djo Y\u016bgi Unit Crane Garl Galaxy",
        "songName": "Omakase Crane Garl",
        "artist": "Chikyuu Bouei-tai",
        "type": "Insert Song",
        "correctCount": 38,
        "activePlayers": 370,
        "startSample": 0,
        "videoLength": 30.15,
        "linkWebm": "https://files.catbox.moe/zwa2p6.webm",
        "linkMP3": "https://files.catbox.moe/youzaa.mp3"
    },
    {
        "songNumber": 11,
        "animeEnglish": "Valvrave the Liberator",
        "animeRomaji": "Kakumeiki Valvrave",
        "songName": "Kakumei Dualism",
        "artist": "Nana Mizuki\u00d7T.M.Revolution",
        "type": "Opening 1",
        "correctCount": 174,
        "activePlayers": 367,
        "startSample": 4,
        "videoLength": 90.05,
        "linkWebm": "https://animethemes.moe/video/KakumeikiValvraveS2-OP1.webm",
        "linkMP3": "https://files.catbox.moe/pnusoz.mp3"
    },
    {
        "songNumber": 12,
        "animeEnglish": "The World God Only Knows: Goddesses Arc",
        "animeRomaji": "The World God Only Knows: Goddesses Arc",
        "songName": "God only knows -Secrets of the Goddess-",
        "artist": "Oratorio The World God Only Knows",
        "type": "Opening 1",
        "correctCount": 121,
        "activePlayers": 368,
        "startSample": 42,
        "videoLength": 88.68,
        "linkWebm": "https://files.catbox.moe/sb4mov.webm",
        "linkMP3": "https://files.catbox.moe/2ebv4x.mp3"
    },
    {
        "songNumber": 13,
        "animeEnglish": "Super GALS!",
        "animeRomaji": "Super GALS! Kotobuki Ran",
        "songName": "A-I-TSU",
        "artist": "Dicot",
        "type": "Opening 1",
        "correctCount": 41,
        "activePlayers": 368,
        "startSample": 32,
        "videoLength": 91.9,
        "linkWebm": "https://files.catbox.moe/pxf0ek.webm",
        "linkMP3": "https://files.catbox.moe/a2lafu.mp3"
    },
    {
        "songNumber": 14,
        "animeEnglish": "Live On Cardliver Kakeru",
        "animeRomaji": "Live On Cardliver Kakeru",
        "songName": "Live Change Shiy\u014d!",
        "artist": "Akira Kushida",
        "type": "Ending 1",
        "correctCount": 4,
        "activePlayers": 366,
        "startSample": 39,
        "videoLength": 80.5,
        "linkWebm": "https://files.catbox.moe/gy81xp.webm",
        "linkMP3": "https://files.catbox.moe/b7mxiy.mp3"
    },
    {
        "songNumber": 15,
        "animeEnglish": "Strike Witches",
        "animeRomaji": "Strike Witches",
        "songName": "Bookmark A Head",
        "artist": "Misato Fukuen & Mie Sonozaki",
        "type": "Ending 3",
        "correctCount": 45,
        "activePlayers": 366,
        "startSample": 31,
        "videoLength": 89.5,
        "linkWebm": "https://animethemes.moe/video/StrikeWitches-ED3.webm",
        "linkMP3": "https://files.catbox.moe/u85n9d.mp3"
    },
    {
        "songNumber": 16,
        "animeEnglish": "Yugo the Negotiator",
        "animeRomaji": "Y\u016bgo - K\u014dsh\u014dnin",
        "songName": "Modern Size",
        "artist": "Eiichiro Taruki",
        "type": "Opening 1",
        "correctCount": 16,
        "activePlayers": 365,
        "startSample": 1,
        "videoLength": 88.82,
        "linkWebm": "https://files.catbox.moe/ebchh1.webm",
        "linkMP3": "https://files.catbox.moe/ffasqq.mp3"
    },
    {
        "songNumber": 17,
        "animeEnglish": "Jewelpet: Magical Change",
        "animeRomaji": "Jewelpet: Magical Change",
        "songName": "Magical Change",
        "artist": "Magical\u2606Dreamin'",
        "type": "Opening 1",
        "correctCount": 23,
        "activePlayers": 362,
        "startSample": 39,
        "videoLength": 88.61,
        "linkWebm": "https://files.catbox.moe/ne91cr.webm",
        "linkMP3": "https://files.catbox.moe/z3v55c.mp3"
    },
    {
        "songNumber": 18,
        "animeEnglish": "Made in Abyss",
        "animeRomaji": "Made in Abyss",
        "songName": "Hanezeve Caradhina",
        "artist": "Kevin Penkin ft. Takeshi Saito",
        "type": "Insert Song",
        "correctCount": 231,
        "activePlayers": 362,
        "startSample": 16,
        "videoLength": 147.79,
        "linkWebm": "https://files.catbox.moe/ktmapz.webm",
        "linkMP3": "https://files.catbox.moe/ls9yix.mp3"
    },
    {
        "songNumber": 19,
        "animeEnglish": "Macross 7",
        "animeRomaji": "Macross 7",
        "songName": "After, in the dark~Torch song",
        "artist": "Gabriela Robin & Mai Yamane",
        "type": "Insert Song",
        "correctCount": 6,
        "activePlayers": 361,
        "startSample": 57,
        "videoLength": 105.79,
        "linkWebm": "https://files.catbox.moe/77xtp5.webm",
        "linkMP3": "https://files.catbox.moe/bxfn8k.mp3"
    },
    {
        "songNumber": 20,
        "animeEnglish": "Durarara!! \u00d72 The Third Arc",
        "animeRomaji": "Durarara!!\u00d72 Ketsu",
        "songName": "Steppin' Out",
        "artist": "FLOW",
        "type": "Opening 1",
        "correctCount": 187,
        "activePlayers": 361,
        "startSample": 50,
        "videoLength": 90.74,
        "linkWebm": "https://files.catbox.moe/hctamt.webm",
        "linkMP3": "https://files.catbox.moe/8pm7ji.mp3"
    },
    {
        "songNumber": 21,
        "animeEnglish": "Aikatsu Friends!",
        "animeRomaji": "Aikatsu Friends!",
        "songName": "Arigato\u21c4Daijoubu",
        "artist": "Aine from BEST FRIENDS!",
        "type": "Insert Song",
        "correctCount": 42,
        "activePlayers": 360,
        "startSample": 14,
        "videoLength": 111.1,
        "linkWebm": "https://files.catbox.moe/0clwiv.webm",
        "linkMP3": "https://files.catbox.moe/81n8sl.mp3"
    },
    {
        "songNumber": 22,
        "animeEnglish": "Interspecies Reviewers",
        "animeRomaji": "Ishuzoku Reviewers",
        "songName": "Ik\u014dze\u2606Paradise",
        "artist": "Junji Majima, Y\u016bsuke Kobayashi, Miyu Tomita",
        "type": "Opening 1",
        "correctCount": 290,
        "activePlayers": 360,
        "startSample": 14,
        "videoLength": 89.16,
        "linkWebm": "https://files.catbox.moe/mc2316.webm",
        "linkMP3": "https://files.catbox.moe/n7sg4d.mp3"
    },
    {
        "songNumber": 23,
        "animeEnglish": "Working Buddies!",
        "animeRomaji": "Hataraku Oniisan!",
        "songName": "Hataraku Onii-san",
        "artist": "DearDream",
        "type": "Opening 1",
        "correctCount": 278,
        "activePlayers": 360,
        "startSample": 0,
        "videoLength": 14.11,
        "linkWebm": "https://files.catbox.moe/ul6oce.webm",
        "linkMP3": "https://files.catbox.moe/xghk5u.mp3"
    },
    {
        "songNumber": 24,
        "animeEnglish": "Toilet-Bound Hanako-kun",
        "animeRomaji": "Jibaku Sh\u014dnen Hanako-kun",
        "songName": "No.7",
        "artist": "Jibaku Sh\u014dnen Band",
        "type": "Opening 1",
        "correctCount": 136,
        "activePlayers": 360,
        "startSample": 18,
        "videoLength": 89.33,
        "linkWebm": "https://files.catbox.moe/w6e3ic.webm",
        "linkMP3": "https://files.catbox.moe/v2g1dd.mp3"
    },
    {
        "songNumber": 25,
        "animeEnglish": "Doraemon",
        "animeRomaji": "Doraemon",
        "songName": "Odore Dore Dora Doraemon Ondo",
        "artist": "Wasabi Mizuta",
        "type": "Ending 1",
        "correctCount": 100,
        "activePlayers": 357,
        "startSample": 3,
        "videoLength": 44.02,
        "linkWebm": "https://files.catbox.moe/rthycf.webm",
        "linkMP3": "https://files.catbox.moe/a05oqc.mp3"
    },
    {
        "songNumber": 26,
        "animeEnglish": "Love Rice",
        "animeRomaji": "Love Kome -We Love Rice-",
        "songName": "Roman Hik\u014d ~Love Rice ver.~",
        "artist": "LOVE RICE",
        "type": "Ending 1",
        "correctCount": 13,
        "activePlayers": 356,
        "startSample": 0,
        "videoLength": 29.52,
        "linkWebm": "https://files.catbox.moe/bnz30j.webm",
        "linkMP3": "https://files.catbox.moe/yhum9j.mp3"
    },
    {
        "songNumber": 27,
        "animeEnglish": "Castle in the Sky",
        "animeRomaji": "Laputa",
        "songName": "Kimi wo Nosete",
        "artist": "Azumi Inoue",
        "type": "Ending 1",
        "correctCount": 109,
        "activePlayers": 355,
        "startSample": 144,
        "videoLength": 180.77,
        "linkWebm": "https://files.catbox.moe/brhp9h.webm",
        "linkMP3": "https://files.catbox.moe/iagyyj.mp3"
    },
    {
        "songNumber": 28,
        "animeEnglish": "Metal Fight Beyblade VS The Sun: Sol Blaze, the Scorching Hot Invader",
        "animeRomaji": "Metal Fight Beyblade VS Taiy\u014d Shakunetsu no Shinryakusha",
        "songName": "SPINNING THE WORLD",
        "artist": "Noa",
        "type": "Ending 1",
        "correctCount": 27,
        "activePlayers": 354,
        "startSample": 72,
        "videoLength": 206.16,
        "linkWebm": "https://files.catbox.moe/gnccfz.webm",
        "linkMP3": "https://files.catbox.moe/ry6j8x.mp3"
    },
    {
        "songNumber": 29,
        "animeEnglish": "Generation of Chaos Next: Chikai no Pendant",
        "animeRomaji": "Generation of Chaos Next: Chikai no Pendant",
        "songName": "LOVE&HISTORY",
        "artist": "Nana Mizuki",
        "type": "Opening 1",
        "correctCount": 6,
        "activePlayers": 353,
        "startSample": 27,
        "videoLength": 86.5,
        "linkWebm": "https://files.catbox.moe/worwtx.webm",
        "linkMP3": "https://files.catbox.moe/noynhy.mp3"
    },
    {
        "songNumber": 30,
        "animeEnglish": "Gegege no Kitar\u014d: Obake Nighter",
        "animeRomaji": "Gegege no Kitar\u014d: Obake Nighter",
        "songName": "Gegege no Kitar\u014d",
        "artist": "Ukadan",
        "type": "Opening 1",
        "correctCount": 330,
        "activePlayers": 352,
        "startSample": 26,
        "videoLength": 93.55,
        "linkWebm": "https://files.catbox.moe/70819d.webm",
        "linkMP3": "https://files.catbox.moe/uzpupd.mp3"
    },
    {
        "songNumber": 31,
        "animeEnglish": "Dragon Ball Z Kai",
        "animeRomaji": "Dragon Ball Kai",
        "songName": "CURE ~Boku ga Koko ni Iru yo~",
        "artist": "Aya Hirano",
        "type": "Insert Song",
        "correctCount": 5,
        "activePlayers": 352,
        "startSample": 17,
        "videoLength": 60.02,
        "linkWebm": "https://files.catbox.moe/qtg49v.webm",
        "linkMP3": "https://files.catbox.moe/x456xy.mp3"
    },
    {
        "songNumber": 32,
        "animeEnglish": "Digimon Adventure 02: Revenge of Diablomon",
        "animeRomaji": "Digimon: Diablomon Strikes Back",
        "songName": "Friend ~Itsumademo Wasurenai~",
        "artist": "AiM",
        "type": "Ending 1",
        "correctCount": 4,
        "activePlayers": 353,
        "startSample": 23,
        "videoLength": 101.09,
        "linkWebm": "https://files.catbox.moe/4w1cmf.webm",
        "linkMP3": "https://files.catbox.moe/9s080o.mp3"
    },
    {
        "songNumber": 33,
        "animeEnglish": "Wasteful Days of High School Girls",
        "animeRomaji": "Joshik\u014dsei no Mudazukai",
        "songName": "Wa! Moon! dass! cry!",
        "artist": "Chinatsu Akasaki, Haruka Tomatsu, Aki Toyosaki",
        "type": "Opening 1",
        "correctCount": 146,
        "activePlayers": 352,
        "startSample": 20,
        "videoLength": 89.11,
        "linkWebm": "https://files.catbox.moe/0h39y0.webm",
        "linkMP3": "https://files.catbox.moe/55607h.mp3"
    },
    {
        "songNumber": 34,
        "animeEnglish": "Miss Monochrome - The Animation - 2",
        "animeRomaji": "Miss Monochrome - The Animation - 2",
        "songName": "M-WAVE",
        "artist": "Miss Monochrome",
        "type": "Insert Song",
        "correctCount": 89,
        "activePlayers": 352,
        "startSample": 0,
        "videoLength": 31.34,
        "linkWebm": "https://files.catbox.moe/h9q6ax.webm",
        "linkMP3": "https://files.catbox.moe/dc21s0.mp3"
    },
    {
        "songNumber": 35,
        "animeEnglish": "Aikatsu Friends!",
        "animeRomaji": "Aikatsu Friends!",
        "songName": "Aikatsu Friends!",
        "artist": "Aine\u30fbMio from BEST FRIENDS!",
        "type": "Insert Song",
        "correctCount": 55,
        "activePlayers": 351,
        "startSample": 69,
        "videoLength": 111,
        "linkWebm": "https://files.catbox.moe/tpq39j.webm",
        "linkMP3": "https://files.catbox.moe/0dlhet.mp3"
    },
    {
        "songNumber": 36,
        "animeEnglish": "Ninja Slayer",
        "animeRomaji": "Ninja Slayer From Animation",
        "songName": "Ninja Slayer",
        "artist": "ELECTRIC EEL SHOCK",
        "type": "Ending 6",
        "correctCount": 94,
        "activePlayers": 350,
        "startSample": 10,
        "videoLength": 90.1,
        "linkWebm": "https://files.catbox.moe/03vpje.webm",
        "linkMP3": "https://files.catbox.moe/zg9skn.mp3"
    },
    {
        "songNumber": 37,
        "animeEnglish": "Cells at Work!",
        "animeRomaji": "Hataraku Saib\u014d",
        "songName": "CheerS",
        "artist": "ClariS",
        "type": "Ending 1",
        "correctCount": 183,
        "activePlayers": 349,
        "startSample": 8,
        "videoLength": 88.3,
        "linkWebm": "https://files.catbox.moe/aaku3k.webm",
        "linkMP3": "https://files.catbox.moe/vnnuc2.mp3"
    },
    {
        "songNumber": 38,
        "animeEnglish": "Angel Tales 2",
        "animeRomaji": "Tenshi no Shippo Chu!",
        "songName": "Yasashii Ai no Hane",
        "artist": "Masumi Itou",
        "type": "Opening 1",
        "correctCount": 0,
        "activePlayers": 349,
        "startSample": 2,
        "videoLength": 87.79,
        "linkWebm": "https://files.catbox.moe/pnm9q9.webm",
        "linkMP3": "https://files.catbox.moe/h1kpif.mp3"
    },
    {
        "songNumber": 39,
        "animeEnglish": "New Dominion Tank Police",
        "animeRomaji": "Tokus\u014d Sensha-tai Dominion",
        "songName": "JUST Toki wo Koete",
        "artist": "Ayako Udagawa",
        "type": "Opening 1",
        "correctCount": 2,
        "activePlayers": 348,
        "startSample": 48,
        "videoLength": 107.04,
        "linkWebm": "https://files.catbox.moe/f2cqdf.webm",
        "linkMP3": "https://files.catbox.moe/sn74m5.mp3"
    },
    {
        "songNumber": 40,
        "animeEnglish": "Aria the Scarlet Ammo",
        "animeRomaji": "Hidan no Aria",
        "songName": "Scarlet Ballet",
        "artist": "May'n",
        "type": "Opening 1",
        "correctCount": 195,
        "activePlayers": 350,
        "startSample": 47,
        "videoLength": 89.89,
        "linkWebm": "https://files.catbox.moe/t9gma0.webm",
        "linkMP3": "https://files.catbox.moe/pi9bmd.mp3"
    },
    {
        "songNumber": 41,
        "animeEnglish": "I''s Pure",
        "animeRomaji": "I''s Pure",
        "songName": "Futari no I''s(eyes)~i will follow you~",
        "artist": "Mizuho",
        "type": "Opening 1",
        "correctCount": 5,
        "activePlayers": 346,
        "startSample": 55,
        "videoLength": 89.93,
        "linkWebm": "https://files.catbox.moe/zq7gmv.webm",
        "linkMP3": "https://files.catbox.moe/kkgn7i.mp3"
    },
    {
        "songNumber": 42,
        "animeEnglish": "Tamayura: Hitotose",
        "animeRomaji": "Tamayura: Hitotose",
        "songName": "Yume no Kizashi",
        "artist": "Yuka Iguchi & Y\u016bko Gibu",
        "type": "Insert Song",
        "correctCount": 5,
        "activePlayers": 347,
        "startSample": 40,
        "videoLength": 100.54,
        "linkWebm": "https://files.catbox.moe/47a2qh.webm",
        "linkMP3": "https://files.catbox.moe/b7uhs9.mp3"
    },
    {
        "songNumber": 43,
        "animeEnglish": "SHIMONETA: A Boring World Where the Concept of Dirty Jokes Doesn\u2019t Exist",
        "animeRomaji": "Shimoneta to Iu Gainen ga Sonzai Shinai Taikutsu na Sekai",
        "songName": "B Chiku Sentai SOX",
        "artist": "SOX",
        "type": "Opening 1",
        "correctCount": 216,
        "activePlayers": 345,
        "startSample": 21,
        "videoLength": 90.07,
        "linkWebm": "https://files.catbox.moe/lie38r.webm",
        "linkMP3": "https://files.catbox.moe/xqn7nw.mp3"
    },
    {
        "songNumber": 44,
        "animeEnglish": "Me-gumi no Daigo",
        "animeRomaji": "Me-gumi no Daigo",
        "songName": "Red Darkness",
        "artist": "Hiroshi Kitadani",
        "type": "Ending 1",
        "correctCount": 1,
        "activePlayers": 344,
        "startSample": 73,
        "videoLength": 278.3,
        "linkWebm": "https://files.catbox.moe/ga7ng0.webm",
        "linkMP3": "https://files.catbox.moe/qg11ej.mp3"
    },
    {
        "songNumber": 45,
        "animeEnglish": "Lucky Star",
        "animeRomaji": "Lucky Star",
        "songName": "Mikuru Henshin! Soshite Sentou",
        "artist": "Minoru Shiraishi",
        "type": "Ending 23",
        "correctCount": 234,
        "activePlayers": 342,
        "startSample": 38,
        "videoLength": 89.09,
        "linkWebm": "https://files.catbox.moe/iftcef.webm",
        "linkMP3": "https://files.catbox.moe/uzxpt6.mp3"
    },
    {
        "songNumber": 46,
        "animeEnglish": "Absolute Duo",
        "animeRomaji": "Absolute Duo",
        "songName": "Absolute Soul",
        "artist": "Konomi Suzuki",
        "type": "Opening 1",
        "correctCount": 248,
        "activePlayers": 342,
        "startSample": 15,
        "videoLength": 88.66,
        "linkWebm": "https://files.catbox.moe/53r5ha.webm",
        "linkMP3": "https://files.catbox.moe/47821n.mp3"
    },
    {
        "songNumber": 47,
        "animeEnglish": "Natsume's Book of Friends Season 5",
        "animeRomaji": "Natsume Y\u016bjinch\u014d Go",
        "songName": "Takarabako",
        "artist": "sasanomaly",
        "type": "Opening 1",
        "correctCount": 55,
        "activePlayers": 345,
        "startSample": 13,
        "videoLength": 89.98,
        "linkWebm": "https://files.catbox.moe/kwid4g.webm",
        "linkMP3": "https://files.catbox.moe/1wm5zj.mp3"
    },
    {
        "songNumber": 48,
        "animeEnglish": "After War Gundam X",
        "animeRomaji": "Kid\u014d Shin Seiki Gundam X",
        "songName": "Resolution",
        "artist": "ROmantic Mode",
        "type": "Opening 2",
        "correctCount": 45,
        "activePlayers": 344,
        "startSample": 36,
        "videoLength": 81.94,
        "linkWebm": "https://files.catbox.moe/kq6d03.webm",
        "linkMP3": "https://files.catbox.moe/58twkl.mp3"
    },
    {
        "songNumber": 49,
        "animeEnglish": "Bakemonogatari",
        "animeRomaji": "Bakemonogatari",
        "songName": "staple stable",
        "artist": "Chiwa Saito",
        "type": "Opening 1",
        "correctCount": 246,
        "activePlayers": 344,
        "startSample": 31,
        "videoLength": 88.78,
        "linkWebm": "https://files.catbox.moe/qgfewq.webm",
        "linkMP3": "https://files.catbox.moe/xmbpp1.mp3"
    },
    {
        "songNumber": 50,
        "animeEnglish": "Desert Punk",
        "animeRomaji": "Sunabozu",
        "songName": "DESTINY OF THE DESERT",
        "artist": "YUKA",
        "type": "Opening 2",
        "correctCount": 7,
        "activePlayers": 344,
        "startSample": 35,
        "videoLength": 89.45,
        "linkWebm": "https://files.catbox.moe/zcr2j2.webm",
        "linkMP3": "https://files.catbox.moe/p9ihhf.mp3"
    },
    {
        "songNumber": 51,
        "animeEnglish": "Battle Fairy Yukikaze",
        "animeRomaji": "Yukikaze",
        "songName": "RTB",
        "artist": "Monsieur Kamayatsu",
        "type": "Ending 1",
        "correctCount": 10,
        "activePlayers": 343,
        "startSample": 19,
        "videoLength": 148.75,
        "linkWebm": "https://openings.moe/video/Yukikaze-ED01-NCOLD.webm",
        "linkMP3": "https://files.catbox.moe/tezww7.mp3"
    },
    {
        "songNumber": 52,
        "animeEnglish": "Sexy Commando Side Story: You're Great! Masaru",
        "animeRomaji": "Sexy Commando Gaiden: Sugoi yo!! Masaru-san",
        "songName": "Romance",
        "artist": "PENICILLIN",
        "type": "Opening 1",
        "correctCount": 46,
        "activePlayers": 343,
        "startSample": 6,
        "videoLength": 55.2,
        "linkWebm": "https://files.catbox.moe/kb50pd.webm",
        "linkMP3": "https://files.catbox.moe/6e0v32.mp3"
    },
    {
        "songNumber": 53,
        "animeEnglish": "Black Magic M-66",
        "animeRomaji": "Black Magic M-66",
        "songName": "FINALLY",
        "artist": "Yuki Kitahara",
        "type": "Ending 1",
        "correctCount": 5,
        "activePlayers": 341,
        "startSample": 56,
        "videoLength": 121.7,
        "linkWebm": "https://files.catbox.moe/tqosbu.webm",
        "linkMP3": "https://files.catbox.moe/l6zn8d.mp3"
    },
    {
        "songNumber": 54,
        "animeEnglish": "Log Horizon",
        "animeRomaji": "Log Horizon",
        "songName": "Birthday Song",
        "artist": "Eriko Matsui",
        "type": "Insert Song",
        "correctCount": 37,
        "activePlayers": 342,
        "startSample": 48,
        "videoLength": 93.17,
        "linkWebm": "https://files.catbox.moe/j1vtvo.webm",
        "linkMP3": "https://files.catbox.moe/rqm9z1.mp3"
    },
    {
        "songNumber": 55,
        "animeEnglish": "Nekopara OVA",
        "animeRomaji": "Nekopara OVA",
        "songName": "Baby\u2192Lady LOVE",
        "artist": "Ray",
        "type": "Opening 1",
        "correctCount": 101,
        "activePlayers": 342,
        "startSample": 6,
        "videoLength": 90.07,
        "linkWebm": "https://files.catbox.moe/fvyyt5.webm",
        "linkMP3": "https://files.catbox.moe/n5udk9.mp3"
    },
    {
        "songNumber": 56,
        "animeEnglish": "Our love has always been 10 centimeters apart.",
        "animeRomaji": "Itsudatte Bokura no Koi wa 10 cm Datta.",
        "songName": "Hitsuyou Fukaketsu",
        "artist": "LIP\u00d7LIP",
        "type": "Insert Song",
        "correctCount": 30,
        "activePlayers": 342,
        "startSample": 17,
        "videoLength": 68.5,
        "linkWebm": "https://files.catbox.moe/jj27vb.webm",
        "linkMP3": "https://files.catbox.moe/8k17jx.mp3"
    },
    {
        "songNumber": 57,
        "animeEnglish": "Magical Sempai",
        "animeRomaji": "Tejina Senpai",
        "songName": "FANTASTIC ILLUSION",
        "artist": "i\u2606Ris",
        "type": "Opening 1",
        "correctCount": 193,
        "activePlayers": 341,
        "startSample": 4,
        "videoLength": 59.02,
        "linkWebm": "https://files.catbox.moe/m1s7l7.webm",
        "linkMP3": "https://files.catbox.moe/q4jgbs.mp3"
    },
    {
        "songNumber": 58,
        "animeEnglish": "Isuca",
        "animeRomaji": "Isuca",
        "songName": "Never say Never",
        "artist": "Afilia Saga",
        "type": "Opening 1",
        "correctCount": 41,
        "activePlayers": 341,
        "startSample": 8,
        "videoLength": 89.21,
        "linkWebm": "https://files.catbox.moe/xg92fw.webm",
        "linkMP3": "https://files.catbox.moe/j11kgq.mp3"
    },
    {
        "songNumber": 59,
        "animeEnglish": "Vandread Integral",
        "animeRomaji": "Vandread Taidouhen",
        "songName": "Himegoto",
        "artist": "SiLC",
        "type": "Ending 1",
        "correctCount": 27,
        "activePlayers": 340,
        "startSample": 6,
        "videoLength": 88.1,
        "linkWebm": "https://files.catbox.moe/f6c9vs.webm",
        "linkMP3": "https://files.catbox.moe/cy8wuk.mp3"
    },
    {
        "songNumber": 60,
        "animeEnglish": "Gintama\u00b0",
        "animeRomaji": "Gintama\u00b0",
        "songName": "Pride Kakumei",
        "artist": "CHiCO with HoneyWorks",
        "type": "Opening 2",
        "correctCount": 150,
        "activePlayers": 341,
        "startSample": 50,
        "videoLength": 90.12,
        "linkWebm": "https://files.catbox.moe/pmvtbf.webm",
        "linkMP3": "https://files.catbox.moe/dcwpr5.mp3"
    },
    {
        "songNumber": 61,
        "animeEnglish": "Galaxy Angel Rune",
        "animeRomaji": "Galaxy Angel Rune",
        "songName": "Happy Flight",
        "artist": "Maho Tomita",
        "type": "Ending 1",
        "correctCount": 5,
        "activePlayers": 340,
        "startSample": 19,
        "videoLength": 89.04,
        "linkWebm": "https://files.catbox.moe/959huy.webm",
        "linkMP3": "https://files.catbox.moe/efo0eu.mp3"
    },
    {
        "songNumber": 62,
        "animeEnglish": "My Roommate is a Cat",
        "animeRomaji": "D\u014dkyonin wa Hiza, Tokidoki, Atama no Ue.",
        "songName": "Kimi no Tonari Watashi no Basho",
        "artist": "Yoshino Nanj\u014d",
        "type": "Ending 1",
        "correctCount": 40,
        "activePlayers": 340,
        "startSample": 9,
        "videoLength": 89.5,
        "linkWebm": "https://files.catbox.moe/c290g1.webm",
        "linkMP3": "https://files.catbox.moe/wh9ylx.mp3"
    },
    {
        "songNumber": 63,
        "animeEnglish": "Spooky Kitaro",
        "animeRomaji": "Gegege no Kitar\u014d",
        "songName": "Urameshi Ya",
        "artist": "Hidekazu Nagai",
        "type": "Ending 1",
        "correctCount": 75,
        "activePlayers": 340,
        "startSample": 25,
        "videoLength": 59.75,
        "linkWebm": "https://files.catbox.moe/bauy0p.webm",
        "linkMP3": null
    },
    {
        "songNumber": 64,
        "animeEnglish": "Boogiepop and Others",
        "animeRomaji": "Boogiepop wa Warawanai",
        "songName": "Whiteout",
        "artist": "Riko Azuna",
        "type": "Ending 1",
        "correctCount": 111,
        "activePlayers": 339,
        "startSample": 26,
        "videoLength": 90.02,
        "linkWebm": "https://files.catbox.moe/54idyi.webm",
        "linkMP3": "https://files.catbox.moe/cj7iz2.mp3"
    },
    {
        "songNumber": 65,
        "animeEnglish": "Mobile Suit Gundam",
        "animeRomaji": "Kid\u014d Senshi Gundam",
        "songName": "Char ga Kuru",
        "artist": "Kouichiro Hori",
        "type": "Insert Song",
        "correctCount": 61,
        "activePlayers": 339,
        "startSample": 1,
        "videoLength": 78.38,
        "linkWebm": "https://files.catbox.moe/krbeuj.webm",
        "linkMP3": "https://files.catbox.moe/euqyxr.mp3"
    },
    {
        "songNumber": 66,
        "animeEnglish": "Aoharu x Machinegun",
        "animeRomaji": "Aoharu x Kikanj\u016b",
        "songName": "The Bravest Destiny",
        "artist": "Toy\u2606Gungun",
        "type": "Opening 1",
        "correctCount": 95,
        "activePlayers": 339,
        "startSample": 23,
        "videoLength": 89.04,
        "linkWebm": "https://files.catbox.moe/h6vbyl.webm",
        "linkMP3": "https://files.catbox.moe/jkic2u.mp3"
    },
    {
        "songNumber": 67,
        "animeEnglish": "Bladedance of the Elementalers",
        "animeRomaji": "Seirei Tsukai no Blade Dance",
        "songName": "Ky\u014dmei no True Force",
        "artist": "Hitomi Harada",
        "type": "Opening 1",
        "correctCount": 156,
        "activePlayers": 339,
        "startSample": 34,
        "videoLength": 89.38,
        "linkWebm": "https://files.catbox.moe/afuqdj.webm",
        "linkMP3": "https://files.catbox.moe/8gsay7.mp3"
    },
    {
        "songNumber": 68,
        "animeEnglish": "Hidamari Sketch \u00d7 Honeycomb",
        "animeRomaji": "Hidamari Sketch \u00d7 Honeycomb",
        "songName": "Open Canvas",
        "artist": "Kana Asumi, Kaori Mizuhashi, Yuko Goto, Ryoko Shintani, Chiaki Omigawa, Hitomi Harada",
        "type": "Opening 1",
        "correctCount": 30,
        "activePlayers": 339,
        "startSample": 6,
        "videoLength": 89.38,
        "linkWebm": "https://files.catbox.moe/ypj2l4.webm",
        "linkMP3": "https://files.catbox.moe/6zbifj.mp3"
    },
    {
        "songNumber": 69,
        "animeEnglish": "Food Wars! The Third Plate",
        "animeRomaji": "Shokugeki no S\u014dma: San no Sara",
        "songName": "BRAVER",
        "artist": "ZAQ",
        "type": "Opening 1",
        "correctCount": 211,
        "activePlayers": 339,
        "startSample": 15,
        "videoLength": 89.57,
        "linkWebm": "https://files.catbox.moe/9v7vej.webm",
        "linkMP3": "https://files.catbox.moe/4fo170.mp3"
    },
    {
        "songNumber": 70,
        "animeEnglish": "Dragon Ball Z: Bojack Unbound",
        "animeRomaji": "Dragon Ball Z: Ginga Girigiri!! Bucchigiri no Sugoi Yatsu",
        "songName": "CHA-LA HEAD-CHA-LA",
        "artist": "Hironobu Kageyama",
        "type": "Opening 1",
        "correctCount": 318,
        "activePlayers": 339,
        "startSample": 71,
        "videoLength": 107.05,
        "linkWebm": "https://files.catbox.moe/al9o96.webm",
        "linkMP3": "https://files.catbox.moe/ewehoa.mp3"
    },
    {
        "songNumber": 71,
        "animeEnglish": "Rainbow",
        "animeRomaji": "Rainbow: Nisha Rokub\u014d no Shichinin",
        "songName": "We're not alone",
        "artist": "coldrain",
        "type": "Opening 1",
        "correctCount": 199,
        "activePlayers": 338,
        "startSample": 6,
        "videoLength": 68.5,
        "linkWebm": "https://files.catbox.moe/816xrm.webm",
        "linkMP3": "https://files.catbox.moe/e6mx5t.mp3"
    },
    {
        "songNumber": 72,
        "animeEnglish": "Uta no\u2606Prince-sama\u266aMaji LOVE 2000%: Shining Star Xmas",
        "animeRomaji": "Uta no\u2606Prince-sama\u266aMaji LOVE 2000%: Shining Star Xmas",
        "songName": "Shining Star Xmas",
        "artist": "Golden Stars",
        "type": "Insert Song",
        "correctCount": 7,
        "activePlayers": 338,
        "startSample": 13,
        "videoLength": 127.99,
        "linkWebm": "https://files.catbox.moe/o09o2l.webm",
        "linkMP3": "https://files.catbox.moe/9d2vo5.mp3"
    },
    {
        "songNumber": 73,
        "animeEnglish": "Senki Zessh\u014d Symphogear GX",
        "animeRomaji": "Senki Zessh\u014d Symphogear GX",
        "songName": "Niji-iro no Fl\u00fcgel",
        "artist": "Aoi Y\u016bki \u00d7 Nana Mizuki \u00d7 Ayahi Takagaki \u00d7 Yoshino Nanj\u014d \u00d7 Ai Kayano \u00d7 Yoko Hikasa \u00d7 Minami Takayama",
        "type": "Ending 4",
        "correctCount": 101,
        "activePlayers": 338,
        "startSample": 34,
        "videoLength": 85.03,
        "linkWebm": "https://files.catbox.moe/7sdltq.webm",
        "linkMP3": "https://files.catbox.moe/fff3ex.mp3"
    },
    {
        "songNumber": 74,
        "animeEnglish": "Trinity Seven: Heavens Library & Crimson Lord",
        "animeRomaji": "Gekij\u014dban Trinity Seven - Tenk\u016b Toshokan to Shinku no Ma\u014d",
        "songName": "ConTrast\u21d4Trust",
        "artist": "Lightning Shadows",
        "type": "Insert Song",
        "correctCount": 25,
        "activePlayers": 337,
        "startSample": 11,
        "videoLength": 81.79,
        "linkWebm": "https://files.catbox.moe/5h6pko.webm",
        "linkMP3": "https://files.catbox.moe/tt8915.mp3"
    },
    {
        "songNumber": 75,
        "animeEnglish": "So I Can't Play H",
        "animeRomaji": "Dakara Boku wa, H ga Dekinai.",
        "songName": "Platinum 17",
        "artist": "yozuca*",
        "type": "Ending 1",
        "correctCount": 43,
        "activePlayers": 334,
        "startSample": 4,
        "videoLength": 86.06,
        "linkWebm": "https://files.catbox.moe/i3isdr.webm",
        "linkMP3": "https://files.catbox.moe/ruuekx.mp3"
    }
]