[
    {
        "songNumber": 1,
        "animeEnglish": "Elfen Lied",
        "animeRomaji": "Elfen Lied",
        "songName": "Be Your Girl",
        "artist": "Chieko Kawabe",
        "type": "Ending 1",
        "correctCount": 111,
        "activePlayers": 368,
        "startSample": 34,
        "videoLength": 89.3,
        "linkWebm": "https://openings.moe/video/ElfenLied-ED01-NCBD.webm",
        "linkMP3": "https://files.catbox.moe/woabfg.mp3"
    },
    {
        "songNumber": 2,
        "animeEnglish": "Yuki Yuna is a Hero: The Hero Chapter",
        "animeRomaji": "Y\u016bki Y\u016bna wa Y\u016bsha de Aru: Y\u016bsha no Sh\u014d",
        "songName": "Kakan",
        "artist": "Emi Evans",
        "type": "Insert Song",
        "correctCount": 8,
        "activePlayers": 368,
        "startSample": 221,
        "videoLength": 395.62,
        "linkWebm": "https://files.catbox.moe/cc55mb.webm",
        "linkMP3": "https://files.catbox.moe/7b9rfo.mp3"
    },
    {
        "songNumber": 3,
        "animeEnglish": "Hunter X Hunter OVA",
        "animeRomaji": "Hunter \u00d7 Hunter OVA",
        "songName": "Pale Ale",
        "artist": "Kenichi Kurosawa",
        "type": "Opening 1",
        "correctCount": 19,
        "activePlayers": 364,
        "startSample": 17,
        "videoLength": 64.9,
        "linkWebm": "https://files.catbox.moe/1lzgwl.webm",
        "linkMP3": "https://files.catbox.moe/w7gpuq.mp3"
    },
    {
        "songNumber": 4,
        "animeEnglish": "Kuroko's Basketball",
        "animeRomaji": "Kuroko no Basuke",
        "songName": "RIMFIRE",
        "artist": "GRANRODEO",
        "type": "Opening 2",
        "correctCount": 271,
        "activePlayers": 364,
        "startSample": 39,
        "videoLength": 88.94,
        "linkWebm": "https://files.catbox.moe/qqlyod.webm",
        "linkMP3": "https://files.catbox.moe/hmvk3x.mp3"
    },
    {
        "songNumber": 5,
        "animeEnglish": "Gate Keepers",
        "animeRomaji": "Gate Keepers",
        "songName": "Asu no Egao no Tame ni",
        "artist": "Yumi Matsuzawa",
        "type": "Opening 1",
        "correctCount": 27,
        "activePlayers": 363,
        "startSample": 31,
        "videoLength": 87.38,
        "linkWebm": "https://files.catbox.moe/m24jup.webm",
        "linkMP3": "https://files.catbox.moe/zxw6h6.mp3"
    },
    {
        "songNumber": 6,
        "animeEnglish": "Duel Masters Victory V",
        "animeRomaji": "Duel Masters Victory V",
        "songName": "Miracle\u2606Victory",
        "artist": "Duel Hero Yuu & Atsuto",
        "type": "Ending 1",
        "correctCount": 2,
        "activePlayers": 362,
        "startSample": 24,
        "videoLength": 58.94,
        "linkWebm": "https://files.catbox.moe/xvf963.webm",
        "linkMP3": "https://files.catbox.moe/jpcu9u.mp3"
    },
    {
        "songNumber": 7,
        "animeEnglish": "Durarara!! \u00d72 The Third Arc: Dufufufu!!",
        "animeRomaji": "Durarara!!\u00d72 Ketsu Gaiden!?: Dufufufu!!",
        "songName": "Steppin' Out",
        "artist": "FLOW",
        "type": "Opening 1",
        "correctCount": 178,
        "activePlayers": 360,
        "startSample": 2,
        "videoLength": 90.77,
        "linkWebm": "https://files.catbox.moe/hctamt.webm",
        "linkMP3": "https://files.catbox.moe/wyjr5v.mp3"
    },
    {
        "songNumber": 8,
        "animeEnglish": "Haibane Renmei",
        "animeRomaji": "Haibane Renmei",
        "songName": "Free Bird",
        "artist": "Kou Otani",
        "type": "Opening 1",
        "correctCount": 83,
        "activePlayers": 361,
        "startSample": 26,
        "videoLength": 70.87,
        "linkWebm": "https://openings.moe/video/HaibaneRenmei-OP01-NCBD.webm",
        "linkMP3": "https://files.catbox.moe/ex5cei.mp3"
    },
    {
        "songNumber": 9,
        "animeEnglish": "Iriya no Sora, UFO no Natsu",
        "animeRomaji": "Iriya no Sora, UFO no Natsu",
        "songName": "Forever Blue",
        "artist": "Chihiro Imai",
        "type": "Opening 1",
        "correctCount": 7,
        "activePlayers": 363,
        "startSample": 75,
        "videoLength": 111.02,
        "linkWebm": "https://files.catbox.moe/kziny8.webm",
        "linkMP3": "https://files.catbox.moe/lp1218.mp3"
    },
    {
        "songNumber": 10,
        "animeEnglish": "The Garden of Words",
        "animeRomaji": "Kotonoha no Niwa",
        "songName": "Rain",
        "artist": "Motohiro Hata",
        "type": "Ending 1",
        "correctCount": 107,
        "activePlayers": 362,
        "startSample": 58,
        "videoLength": 256.58,
        "linkWebm": "https://files.catbox.moe/m2qevq.webm",
        "linkMP3": "https://files.catbox.moe/4t15k8.mp3"
    },
    {
        "songNumber": 11,
        "animeEnglish": "Kashimashi: Girl Meets Girl",
        "animeRomaji": "Kashimashi: Girl Meets Girl",
        "songName": "Michishirube",
        "artist": "Yuumao",
        "type": "Ending 1",
        "correctCount": 14,
        "activePlayers": 359,
        "startSample": 40,
        "videoLength": 85.05,
        "linkWebm": "https://files.catbox.moe/ckfzno.webm",
        "linkMP3": "https://files.catbox.moe/4gdk8i.mp3"
    },
    {
        "songNumber": 12,
        "animeEnglish": "Bobobo-bo Bo-bobo",
        "animeRomaji": "Bobobo-bo Bo-bobo",
        "songName": "Baka Survivor",
        "artist": "Ulfuls",
        "type": "Opening 2",
        "correctCount": 189,
        "activePlayers": 357,
        "startSample": 11,
        "videoLength": 89.86,
        "linkWebm": "https://files.catbox.moe/evnwmg.webm",
        "linkMP3": "https://files.catbox.moe/pinsuj.mp3"
    },
    {
        "songNumber": 13,
        "animeEnglish": "Code Geass: Lelouch of the Rebellion Remake Movies",
        "animeRomaji": "Code Geass: Hangyaku no Lelouch Remake Movies",
        "songName": "Continued Story",
        "artist": "Hitomi",
        "type": "Insert Song",
        "correctCount": 133,
        "activePlayers": 357,
        "startSample": 67,
        "videoLength": 155.93,
        "linkWebm": "https://files.catbox.moe/jda7vm.webm",
        "linkMP3": "https://files.catbox.moe/5xwr9d.mp3"
    },
    {
        "songNumber": 14,
        "animeEnglish": "SHOW BY ROCK!! Mashumairesh!!",
        "animeRomaji": "SHOW BY ROCK!! Mashumairesh!!",
        "songName": "Tabiji Yoiyoi wi Yume Hanabi",
        "artist": "Tsurezurenaru Ayatsuri Mugenan",
        "type": "Insert Song",
        "correctCount": 26,
        "activePlayers": 358,
        "startSample": 0,
        "videoLength": 32.04,
        "linkWebm": "https://files.catbox.moe/vk6m1e.webm",
        "linkMP3": "https://files.catbox.moe/0k9go0.mp3"
    },
    {
        "songNumber": 15,
        "animeEnglish": "March comes in like a lion",
        "animeRomaji": "3-gatsu no Lion",
        "songName": "Fighter",
        "artist": "BUMP OF CHICKEN",
        "type": "Ending 1",
        "correctCount": 156,
        "activePlayers": 357,
        "startSample": 5,
        "videoLength": 89.93,
        "linkWebm": "https://files.catbox.moe/9oyjqq.webm",
        "linkMP3": "https://files.catbox.moe/rrf987.mp3"
    },
    {
        "songNumber": 16,
        "animeEnglish": "Monster Strike The Movie: Sora no Kanata",
        "animeRomaji": "Monster Strike The Movie: Sora no Kanata",
        "songName": "Kizunami",
        "artist": "Kyary Pamyu Pamyu",
        "type": "Ending 1",
        "correctCount": 1,
        "activePlayers": 357,
        "startSample": 63,
        "videoLength": 287.38,
        "linkWebm": "https://files.catbox.moe/5oabkq.webm",
        "linkMP3": "https://files.catbox.moe/t4dtnz.mp3"
    },
    {
        "songNumber": 17,
        "animeEnglish": "Gekij\u014dban Date A Live: Mayuri Judgment",
        "animeRomaji": "Gekij\u014dban Date A Live: Mayuri Judgment",
        "songName": "Go\u2606Summer Girl",
        "artist": "Minori Chihara",
        "type": "Insert Song",
        "correctCount": 32,
        "activePlayers": 357,
        "startSample": 56,
        "videoLength": 119.04,
        "linkWebm": "https://files.catbox.moe/wmtxsp.webm",
        "linkMP3": "https://files.catbox.moe/pl4qo8.mp3"
    },
    {
        "songNumber": 18,
        "animeEnglish": "Sankarea: Undying Love",
        "animeRomaji": "Sankarea",
        "songName": "Esoragoto",
        "artist": "nano.RIPE",
        "type": "Opening 1",
        "correctCount": 204,
        "activePlayers": 357,
        "startSample": 23,
        "videoLength": 88.73,
        "linkWebm": "https://files.catbox.moe/ag7r05.webm",
        "linkMP3": "https://files.catbox.moe/15yh2t.mp3"
    },
    {
        "songNumber": 19,
        "animeEnglish": "Kaikan Phrase",
        "animeRomaji": "Kaikan Phrase",
        "songName": "Datenshi BLUE",
        "artist": "\u039bucifer",
        "type": "Opening 2",
        "correctCount": 4,
        "activePlayers": 356,
        "startSample": 34,
        "videoLength": 88.06,
        "linkWebm": "https://files.catbox.moe/l9tblq.webm",
        "linkMP3": "https://files.catbox.moe/rnjtw8.mp3"
    },
    {
        "songNumber": 20,
        "animeEnglish": "Trider G7",
        "animeRomaji": "Muteki Robo Trider G7",
        "songName": "Tryder G7",
        "artist": "Isao Taira",
        "type": "Opening 1",
        "correctCount": 57,
        "activePlayers": 356,
        "startSample": 26,
        "videoLength": 88.58,
        "linkWebm": "https://files.catbox.moe/oqgqso.webm",
        "linkMP3": "https://files.catbox.moe/mwddkw.mp3"
    },
    {
        "songNumber": 21,
        "animeEnglish": "Elfen Lied",
        "animeRomaji": "Elfen Lied",
        "songName": "Lilium",
        "artist": "Kumiko Noma",
        "type": "Opening 1",
        "correctCount": 319,
        "activePlayers": 355,
        "startSample": 29,
        "videoLength": 89.57,
        "linkWebm": "https://files.catbox.moe/7sxgan.webm",
        "linkMP3": "https://files.catbox.moe/h44u8k.mp3"
    },
    {
        "songNumber": 22,
        "animeEnglish": "Danganronpa 3: The End of Hope's Peak High School: Despair Arc",
        "animeRomaji": "Danganronpa 3: The End of Kib\u014dgamine Gakuen: Zetsub\u014d-hen",
        "songName": "Kami-iro Awase",
        "artist": "binaria",
        "type": "Opening 1",
        "correctCount": 202,
        "activePlayers": 355,
        "startSample": 52,
        "videoLength": 87.98,
        "linkWebm": "https://files.catbox.moe/seiae9.webm",
        "linkMP3": "https://files.catbox.moe/5zj670.mp3"
    },
    {
        "songNumber": 23,
        "animeEnglish": "Twin Angel: Twinkle Paradise",
        "animeRomaji": "Kait\u014d Tenshi Twin Angel: Kyun Kyun Tokimeki Paradise!!",
        "songName": "Lovely\u2606Angel!!",
        "artist": "ave;new feat. ave;new project",
        "type": "Insert Song",
        "correctCount": 5,
        "activePlayers": 354,
        "startSample": 16,
        "videoLength": 71.03,
        "linkWebm": "https://files.catbox.moe/vhx4mx.webm",
        "linkMP3": "https://files.catbox.moe/w1lge4.mp3"
    },
    {
        "songNumber": 24,
        "animeEnglish": "Shakugan no Shana S",
        "animeRomaji": "Shakugan no Shana S",
        "songName": "Prophecy",
        "artist": "Mami Kawada",
        "type": "Opening 1",
        "correctCount": 106,
        "activePlayers": 354,
        "startSample": 52,
        "videoLength": 96.36,
        "linkWebm": "https://files.catbox.moe/98ctce.webm",
        "linkMP3": "https://files.catbox.moe/vwnahj.mp3"
    },
    {
        "songNumber": 25,
        "animeEnglish": "Di Gi Charat Natsuyasumi Special",
        "animeRomaji": "Di Gi Charat Natsuyasumi Special",
        "songName": "Megami ni Naritai ~for a yours~",
        "artist": "Masami Okui",
        "type": "Opening 1",
        "correctCount": 4,
        "activePlayers": 354,
        "startSample": 49,
        "videoLength": 88.94,
        "linkWebm": "https://files.catbox.moe/xufydq.webm",
        "linkMP3": "https://files.catbox.moe/a3ij0u.mp3"
    },
    {
        "songNumber": 26,
        "animeEnglish": "Shachibato! President, It's Time for Battle!",
        "animeRomaji": "Shach\u014d, Battle no Jikan Desu!",
        "songName": "Oyasumi",
        "artist": "Kana Ichinose",
        "type": "Ending 1",
        "correctCount": 5,
        "activePlayers": 354,
        "startSample": 24,
        "videoLength": 87.24,
        "linkWebm": "https://files.catbox.moe/wj0t02.webm",
        "linkMP3": "https://files.catbox.moe/avrt96.mp3"
    },
    {
        "songNumber": 27,
        "animeEnglish": "Lupin III: Part II",
        "animeRomaji": "Lupin Sansei: Part II",
        "songName": "LOVE SQUALL",
        "artist": "Sandi A.Hohn",
        "type": "Ending 3",
        "correctCount": 2,
        "activePlayers": 353,
        "startSample": 19,
        "videoLength": 70.03,
        "linkWebm": "https://animethemes.moe/video/LupinIIIPartII-ED3.webm",
        "linkMP3": "https://files.catbox.moe/wmdk9b.mp3"
    },
    {
        "songNumber": 28,
        "animeEnglish": "Kamisama Kiss",
        "animeRomaji": "Kamisama Hajimemashita",
        "songName": "Kamisama Hajimemashita",
        "artist": "Hanae",
        "type": "Opening 1",
        "correctCount": 227,
        "activePlayers": 353,
        "startSample": 42,
        "videoLength": 87.28,
        "linkWebm": "https://files.catbox.moe/xnjxt2.webm",
        "linkMP3": "https://files.catbox.moe/o13h48.mp3"
    },
    {
        "songNumber": 29,
        "animeEnglish": "Assemble Insert",
        "animeRomaji": "Assemble Insert",
        "songName": "Koi no Gang-tachi",
        "artist": "Maria Kawamura",
        "type": "Insert Song",
        "correctCount": 1,
        "activePlayers": 350,
        "startSample": 0,
        "videoLength": 33.02,
        "linkWebm": "https://files.catbox.moe/fnvbe0.webm",
        "linkMP3": "https://files.catbox.moe/l7blwq.mp3"
    },
    {
        "songNumber": 30,
        "animeEnglish": "Precure All Stars DX2: Kib\u014d no Hikari\u2014Rainbow Jewel o Mamore!",
        "animeRomaji": "Precure All Stars DX2: Kib\u014d no Hikari\u2014Rainbow Jewel o Mamore!",
        "songName": "Kirakira kawaii Precure Daishuugou\u266a~Kibou no Hikari~",
        "artist": "Aya Ikeda",
        "type": "Opening 1",
        "correctCount": 12,
        "activePlayers": 351,
        "startSample": 58,
        "videoLength": 105.69,
        "linkWebm": "https://files.catbox.moe/0hpmlu.webm",
        "linkMP3": "https://files.catbox.moe/9g6mdu.mp3"
    },
    {
        "songNumber": 31,
        "animeEnglish": "Gundam Build Divers Re:RISE",
        "animeRomaji": "Gundam Build Divers Re:RISE",
        "songName": "ReRise",
        "artist": "Spira Spica",
        "type": "Opening 1",
        "correctCount": 41,
        "activePlayers": 351,
        "startSample": 29,
        "videoLength": 89.02,
        "linkWebm": "https://files.catbox.moe/pj7730.webm",
        "linkMP3": "https://files.catbox.moe/nb15pd.mp3"
    },
    {
        "songNumber": 32,
        "animeEnglish": "DRRR!!",
        "animeRomaji": "Durarara!!",
        "songName": "rain tears",
        "artist": "Saki Fujita",
        "type": "Insert Song",
        "correctCount": 140,
        "activePlayers": 351,
        "startSample": 1,
        "videoLength": 35.04,
        "linkWebm": "https://files.catbox.moe/7dgogz.webm",
        "linkMP3": "https://files.catbox.moe/rdrist.mp3"
    },
    {
        "songNumber": 33,
        "animeEnglish": "Sakura Trick",
        "animeRomaji": "Sakura Trick",
        "songName": "Won\uff08*3*\uff09Chu KissMe!",
        "artist": "SAKURA*TRICK",
        "type": "Opening 1",
        "correctCount": 204,
        "activePlayers": 347,
        "startSample": 19,
        "videoLength": 88.85,
        "linkWebm": "https://files.catbox.moe/8h5py0.webm",
        "linkMP3": "https://files.catbox.moe/pixefw.mp3"
    },
    {
        "songNumber": 34,
        "animeEnglish": "Valvrave the Liberator",
        "animeRomaji": "Kakumeiki Valvrave",
        "songName": "Preserved Roses",
        "artist": "T.M.Revolution\u00d7Nana Mizuki",
        "type": "Opening 1",
        "correctCount": 186,
        "activePlayers": 347,
        "startSample": 30,
        "videoLength": 89.98,
        "linkWebm": "https://files.catbox.moe/5jxqqd.webm",
        "linkMP3": "https://files.catbox.moe/gu8ndj.mp3"
    },
    {
        "songNumber": 35,
        "animeEnglish": "Texhnolyze",
        "animeRomaji": "Texhnolyze",
        "songName": "Tsuki no Uta",
        "artist": "GACKT",
        "type": "Ending 1",
        "correctCount": 23,
        "activePlayers": 348,
        "startSample": 69,
        "videoLength": 104.38,
        "linkWebm": "https://files.catbox.moe/0eqo0d.webm",
        "linkMP3": "https://files.catbox.moe/obnepf.mp3"
    },
    {
        "songNumber": 36,
        "animeEnglish": "Aquarion EVOL",
        "animeRomaji": "Aquarion EVOL",
        "songName": "Genesis of Aquarion",
        "artist": "AKINO featuring bless4",
        "type": "Ending 4",
        "correctCount": 47,
        "activePlayers": 347,
        "startSample": 36,
        "videoLength": 155.04,
        "linkWebm": "https://files.catbox.moe/r2tdvq.webm",
        "linkMP3": "https://files.catbox.moe/t8an6z.mp3"
    },
    {
        "songNumber": 37,
        "animeEnglish": "Majo demo Steady",
        "animeRomaji": "Majo demo Steady",
        "songName": "Natsu-iro Inspiration",
        "artist": "Miki Takahashi",
        "type": "Insert Song",
        "correctCount": 0,
        "activePlayers": 346,
        "startSample": 6,
        "videoLength": 49.1,
        "linkWebm": "https://files.catbox.moe/ruufj9.webm",
        "linkMP3": "https://files.catbox.moe/k90tsl.mp3"
    },
    {
        "songNumber": 38,
        "animeEnglish": "Gunsmith Cats",
        "animeRomaji": "Gunsmith Cats",
        "songName": "Gunsmith Cats Theme",
        "artist": "Peter Erskine",
        "type": "Opening 1",
        "correctCount": 61,
        "activePlayers": 347,
        "startSample": 49,
        "videoLength": 94.04,
        "linkWebm": "https://files.catbox.moe/w38b5t.webm",
        "linkMP3": "https://files.catbox.moe/1meioc.mp3"
    },
    {
        "songNumber": 39,
        "animeEnglish": "Nyaruko: Crawling with Love! W",
        "animeRomaji": "Haiyore! Nyaruko-san W",
        "songName": "Koi wa Chaos no Shimobe Nari",
        "artist": "Ushiro Kara Hai Yori Tai G",
        "type": "Opening 1",
        "correctCount": 130,
        "activePlayers": 347,
        "startSample": 50,
        "videoLength": 90.02,
        "linkWebm": "https://files.catbox.moe/9wdn77.webm",
        "linkMP3": "https://files.catbox.moe/jwwrba.mp3"
    },
    {
        "songNumber": 40,
        "animeEnglish": "A Certain Scientific Accelerator",
        "animeRomaji": "Toaru Kagaku no Accelerator",
        "songName": "Parole",
        "artist": "sajou no hana",
        "type": "Ending 1",
        "correctCount": 100,
        "activePlayers": 347,
        "startSample": 1,
        "videoLength": 86.21,
        "linkWebm": "https://files.catbox.moe/pxpd7n.webm",
        "linkMP3": "https://files.catbox.moe/sfh3m6.mp3"
    },
    {
        "songNumber": 41,
        "animeEnglish": "Hellsing Ultimate",
        "animeRomaji": "Hellsing Ultimate",
        "songName": "Magnolia (Ver. HVI)",
        "artist": "Suilen",
        "type": "Ending 6",
        "correctCount": 19,
        "activePlayers": 345,
        "startSample": 135,
        "videoLength": 177.37,
        "linkWebm": "https://files.catbox.moe/7qeoge.webm",
        "linkMP3": "https://files.catbox.moe/e2vu8a.mp3"
    },
    {
        "songNumber": 42,
        "animeEnglish": "Darwin's Game",
        "animeRomaji": "Darwin's Game",
        "songName": "Alive",
        "artist": "Mashiro Ayano",
        "type": "Ending 1",
        "correctCount": 131,
        "activePlayers": 344,
        "startSample": 55,
        "videoLength": 89.95,
        "linkWebm": "https://files.catbox.moe/2jn8v0.webm",
        "linkMP3": "https://files.catbox.moe/i3cwxq.mp3"
    },
    {
        "songNumber": 43,
        "animeEnglish": "Tantei Opera Milky Holmes Alternative ONE -Kobayashi Opera to 5-mai no Kaiga-",
        "animeRomaji": "Tantei Opera Milky Holmes Alternative ONE -Kobayashi Opera to 5-mai no Kaiga-",
        "songName": "Ameagari no Mirai -Alternative Mix-",
        "artist": "Milky Holmes",
        "type": "Opening 1",
        "correctCount": 24,
        "activePlayers": 344,
        "startSample": 1,
        "videoLength": 42.92,
        "linkWebm": "https://files.catbox.moe/tag2ej.webm",
        "linkMP3": "https://files.catbox.moe/5eygdy.mp3"
    },
    {
        "songNumber": 44,
        "animeEnglish": "The Asterisk War",
        "animeRomaji": "Gakusen Toshi Asterisk",
        "songName": "Brand-new World",
        "artist": "Shiena Nishizawa",
        "type": "Opening 1",
        "correctCount": 239,
        "activePlayers": 342,
        "startSample": 30,
        "videoLength": 85.73,
        "linkWebm": "https://files.catbox.moe/c4bsk6.webm",
        "linkMP3": "https://files.catbox.moe/cv5y45.mp3"
    },
    {
        "songNumber": 45,
        "animeEnglish": "The Reflection",
        "animeRomaji": "The Reflection",
        "songName": "Main Theme",
        "artist": "Trevor Horn",
        "type": "Opening 1",
        "correctCount": 15,
        "activePlayers": 344,
        "startSample": 46,
        "videoLength": 86.65,
        "linkWebm": "https://files.catbox.moe/s2h8ee.webm",
        "linkMP3": "https://files.catbox.moe/dekf32.mp3"
    },
    {
        "songNumber": 46,
        "animeEnglish": "Hutch the Honeybee",
        "animeRomaji": "Konch\u016b Monogatari Mitsubachi Hutch: Y\u016bki no Melody",
        "songName": "WALK",
        "artist": "Yui Aragaki",
        "type": "Ending 1",
        "correctCount": 1,
        "activePlayers": 343,
        "startSample": 117,
        "videoLength": 273.65,
        "linkWebm": "https://files.catbox.moe/ny3ex5.webm",
        "linkMP3": "https://files.catbox.moe/m355vy.mp3"
    },
    {
        "songNumber": 47,
        "animeEnglish": "Minna Atsumare! Falcom Gakuen",
        "animeRomaji": "Minna Atsumare! Falcom Gakuen",
        "songName": "Go Fight",
        "artist": "Falcom Sound Team jdk",
        "type": "Opening 1",
        "correctCount": 22,
        "activePlayers": 342,
        "startSample": 0,
        "videoLength": 26.57,
        "linkWebm": "https://files.catbox.moe/5ggnr4.webm",
        "linkMP3": "https://files.catbox.moe/wvfcdk.mp3"
    },
    {
        "songNumber": 48,
        "animeEnglish": "Star Blazers",
        "animeRomaji": "Uch\u016b Senkan Yamato",
        "songName": "Uch\u016b Senkan Yamato",
        "artist": "Isao Sasaki",
        "type": "Opening 1",
        "correctCount": 122,
        "activePlayers": 341,
        "startSample": 44,
        "videoLength": 79.86,
        "linkWebm": "https://files.catbox.moe/7dly23.webm",
        "linkMP3": "https://files.catbox.moe/9w2mu4.mp3"
    },
    {
        "songNumber": 49,
        "animeEnglish": "Attack on Titan Season 3",
        "animeRomaji": "Shingeki no Kyojin Season 3",
        "songName": "Zero Eclipse",
        "artist": "Laco",
        "type": "Insert Song",
        "correctCount": 122,
        "activePlayers": 341,
        "startSample": 0,
        "videoLength": 96.55,
        "linkWebm": "https://files.catbox.moe/xpu6dc.webm",
        "linkMP3": "https://files.catbox.moe/hi9k3s.mp3"
    },
    {
        "songNumber": 50,
        "animeEnglish": "To Love-Ru Darkness",
        "animeRomaji": "To Love-Ru Darkness",
        "songName": "Rakuen PROJECT",
        "artist": "Ray",
        "type": "Opening 1",
        "correctCount": 152,
        "activePlayers": 341,
        "startSample": 34,
        "videoLength": 90.12,
        "linkWebm": "https://files.catbox.moe/r706tc.webm",
        "linkMP3": "https://files.catbox.moe/jwvtnc.mp3"
    },
    {
        "songNumber": 51,
        "animeEnglish": "Cosmos Pink Shock",
        "animeRomaji": "Cosmos Pink Shock",
        "songName": "Cockpit wo Nozokanaide",
        "artist": "Chika Sakamoto, Mayumi Tanaka",
        "type": "Insert Song",
        "correctCount": 0,
        "activePlayers": 342,
        "startSample": 3,
        "videoLength": 36.53,
        "linkWebm": "https://files.catbox.moe/63fp9j.webm",
        "linkMP3": "https://files.catbox.moe/8jhrd2.mp3"
    },
    {
        "songNumber": 52,
        "animeEnglish": "Shomin Sample",
        "animeRomaji": "Ore ga Oj\u014dsama Gakk\u014d ni \"Shomin Sample\" Toshite Gets-Sareta Ken",
        "songName": "Ichizu Recipe",
        "artist": "Idol College",
        "type": "Opening 1",
        "correctCount": 133,
        "activePlayers": 341,
        "startSample": 45,
        "videoLength": 89.45,
        "linkWebm": "https://animethemes.moe/video/ShominSample-OP1.webm",
        "linkMP3": "https://files.catbox.moe/lbbilk.mp3"
    },
    {
        "songNumber": 53,
        "animeEnglish": "Aquarian Age - Sign for Evolution",
        "animeRomaji": "Aquarian Age - Sign for Evolution",
        "songName": "Everlasting Love",
        "artist": "SeYUN",
        "type": "Opening 1",
        "correctCount": 2,
        "activePlayers": 341,
        "startSample": 5,
        "videoLength": 89.42,
        "linkWebm": "https://files.catbox.moe/y1jqsa.webm",
        "linkMP3": "https://files.catbox.moe/vtnu19.mp3"
    },
    {
        "songNumber": 54,
        "animeEnglish": "Junjou Romantica: Pure Romance",
        "animeRomaji": "Junj\u014d Romantica",
        "songName": "Kimi = Hana",
        "artist": "pigstar",
        "type": "Opening 1",
        "correctCount": 83,
        "activePlayers": 341,
        "startSample": 1,
        "videoLength": 88.73,
        "linkWebm": "https://files.catbox.moe/69c1r2.webm",
        "linkMP3": "https://files.catbox.moe/s5yeb6.mp3"
    },
    {
        "songNumber": 55,
        "animeEnglish": "Happy Lesson The Final",
        "animeRomaji": "Happy Lesson The Final",
        "songName": "Hikari Hitotsu Hirari",
        "artist": "Sleepin' JohnnyFish",
        "type": "Opening 1",
        "correctCount": 3,
        "activePlayers": 340,
        "startSample": 52,
        "videoLength": 93.17,
        "linkWebm": "https://files.catbox.moe/66pmsq.webm",
        "linkMP3": "https://files.catbox.moe/mo33le.mp3"
    },
    {
        "songNumber": 56,
        "animeEnglish": "Touch",
        "animeRomaji": "Touch",
        "songName": "Kimi wo Tobashita Gogo",
        "artist": "Yume Koujou",
        "type": "Ending 4",
        "correctCount": 12,
        "activePlayers": 338,
        "startSample": 44,
        "videoLength": 119.8,
        "linkWebm": "https://files.catbox.moe/ab47cy.webm",
        "linkMP3": "https://files.catbox.moe/a5wdux.mp3"
    },
    {
        "songNumber": 57,
        "animeEnglish": "Is This a Zombie?",
        "animeRomaji": "Kore wa Zombie Desu ka?",
        "songName": "Ma\u30fbKa\u30fbSe\u30fbTe Tonight",
        "artist": "Iori Nomizu",
        "type": "Opening 1",
        "correctCount": 198,
        "activePlayers": 337,
        "startSample": 29,
        "videoLength": 90.02,
        "linkWebm": "https://files.catbox.moe/dhhthb.webm",
        "linkMP3": "https://files.catbox.moe/lmavlr.mp3"
    },
    {
        "songNumber": 58,
        "animeEnglish": "KAIJU GIRLS",
        "animeRomaji": "Kaij\u016b Girls: Ultra Kaij\u016b Gijinka Keikaku",
        "songName": "Joujou \u2191\u2191 GAO !!",
        "artist": "Capsule Girls",
        "type": "Opening 1",
        "correctCount": 56,
        "activePlayers": 337,
        "startSample": 0,
        "videoLength": 27.86,
        "linkWebm": "https://files.catbox.moe/kftmv2.webm",
        "linkMP3": "https://files.catbox.moe/cf2oby.mp3"
    },
    {
        "songNumber": 59,
        "animeEnglish": "Bamboo Blade",
        "animeRomaji": "Bamboo Blade",
        "songName": "BAMBOO BEAT",
        "artist": "Ryou Hirohashi, Megumi Toyoguchi, Sachiko Kojima, Houko Kuwashima, Rina Satou",
        "type": "Ending 2",
        "correctCount": 38,
        "activePlayers": 338,
        "startSample": 29,
        "videoLength": 89.11,
        "linkWebm": "https://files.catbox.moe/ftopvb.webm",
        "linkMP3": "https://files.catbox.moe/k73bgo.mp3"
    },
    {
        "songNumber": 60,
        "animeEnglish": "Yes! Precure 5 GoGo!",
        "animeRomaji": "Yes! Precure 5 GoGo!",
        "songName": "Precure 5, Full Throttle GO GO!",
        "artist": "Mayu Kud\u014d with Precure 5",
        "type": "Opening 1",
        "correctCount": 124,
        "activePlayers": 339,
        "startSample": 22,
        "videoLength": 83.88,
        "linkWebm": "https://files.catbox.moe/rlhopk.webm",
        "linkMP3": "https://files.catbox.moe/gshi17.mp3"
    },
    {
        "songNumber": 61,
        "animeEnglish": "My Neighbor Totoro",
        "animeRomaji": "Tonari no Totoro",
        "songName": "My Neighbor Totoro",
        "artist": "Sonya Isaacs",
        "type": "Ending 1",
        "correctCount": 212,
        "activePlayers": 339,
        "startSample": 114,
        "videoLength": 169.82,
        "linkWebm": "https://files.catbox.moe/o4u8y0.webm",
        "linkMP3": "https://files.catbox.moe/zvgli0.mp3"
    },
    {
        "songNumber": 62,
        "animeEnglish": "Otaku no Video",
        "animeRomaji": "Otaku no Video",
        "songName": "Tatakae! Otaking",
        "artist": "Tsujiya Kooji",
        "type": "Opening 1",
        "correctCount": 18,
        "activePlayers": 339,
        "startSample": 50,
        "videoLength": 98.83,
        "linkWebm": "https://files.catbox.moe/fi613m.webm",
        "linkMP3": "https://files.catbox.moe/4k3x2c.mp3"
    },
    {
        "songNumber": 63,
        "animeEnglish": "Gravitation: Lyrics of Love",
        "animeRomaji": "Gravitation: Lyrics of Love",
        "songName": "in the moonlight",
        "artist": "BAD LUCK",
        "type": "Insert Song",
        "correctCount": 45,
        "activePlayers": 337,
        "startSample": 80,
        "videoLength": 171.7,
        "linkWebm": "https://files.catbox.moe/zossd3.webm",
        "linkMP3": "https://files.catbox.moe/j8pe8r.mp3"
    },
    {
        "songNumber": 64,
        "animeEnglish": "Fuuka",
        "animeRomaji": "Fuuka",
        "songName": "Climber's High!",
        "artist": "Manami Numakura",
        "type": "Opening 1",
        "correctCount": 185,
        "activePlayers": 338,
        "startSample": 36,
        "videoLength": 88.54,
        "linkWebm": "https://openings.moe/video/Fuuka-OP01-NCBD.webm",
        "linkMP3": "https://files.catbox.moe/8rdgrp.mp3"
    },
    {
        "songNumber": 65,
        "animeEnglish": "BanG Dream! 2nd Season",
        "animeRomaji": "BanG Dream! 2nd Season",
        "songName": "Dreamers Go!",
        "artist": "Poppin'Party",
        "type": "Insert Song",
        "correctCount": 85,
        "activePlayers": 339,
        "startSample": 10,
        "videoLength": 101.64,
        "linkWebm": "https://files.catbox.moe/ehxoa6.webm",
        "linkMP3": "https://files.catbox.moe/c666ei.mp3"
    },
    {
        "songNumber": 66,
        "animeEnglish": "The Garden of Sinners",
        "animeRomaji": "Kara no Ky\u014dkai",
        "songName": "sprinter",
        "artist": "Kalafina",
        "type": "Ending 5",
        "correctCount": 76,
        "activePlayers": 338,
        "startSample": 140,
        "videoLength": 298.51,
        "linkWebm": "https://animethemes.moe/video/KaraNoKyoukai5-ED1.webm",
        "linkMP3": "https://files.catbox.moe/tryne0.mp3"
    },
    {
        "songNumber": 67,
        "animeEnglish": "Bloodivores",
        "animeRomaji": "Bloodivores",
        "songName": "Yogaky\u014dmei -NENTEN-",
        "artist": "Mili",
        "type": "Opening 1",
        "correctCount": 96,
        "activePlayers": 339,
        "startSample": 19,
        "videoLength": 85.3,
        "linkWebm": "https://files.catbox.moe/t7d761.webm",
        "linkMP3": "https://files.catbox.moe/u90bdc.mp3"
    },
    {
        "songNumber": 68,
        "animeEnglish": "Go! Princess Precure",
        "animeRomaji": "Go! Princess Precure",
        "songName": "Miracle Go! Princess Precure",
        "artist": "Karin Isobe",
        "type": "Opening 1",
        "correctCount": 204,
        "activePlayers": 336,
        "startSample": 22,
        "videoLength": 102.55,
        "linkWebm": "https://files.catbox.moe/4iaien.webm",
        "linkMP3": "https://files.catbox.moe/6cyoru.mp3"
    },
    {
        "songNumber": 69,
        "animeEnglish": "Mobile Fighter G Gundam",
        "animeRomaji": "Kid\u014d But\u014dden G Gundam",
        "songName": "Xiang Gang Guan Guang Ge",
        "artist": "Chen Yi, Li Chongwen, Huang Wenguang, Zhong Weiling",
        "type": "Insert Song",
        "correctCount": 23,
        "activePlayers": 334,
        "startSample": 0,
        "videoLength": 38.57,
        "linkWebm": "https://files.catbox.moe/r8hjgw.webm",
        "linkMP3": "https://files.catbox.moe/ddkhh7.mp3"
    },
    {
        "songNumber": 70,
        "animeEnglish": "Abnormal Physiology Seminar",
        "animeRomaji": "Abnormal Physiology Seminar",
        "songName": "Hen Zemi Hajimaru yo!",
        "artist": "Masaru Yokoyama",
        "type": "Opening 1",
        "correctCount": 18,
        "activePlayers": 336,
        "startSample": 0,
        "videoLength": 29.21,
        "linkWebm": "https://files.catbox.moe/9u5bc6.webm",
        "linkMP3": "https://files.catbox.moe/yx2ihn.mp3"
    },
    {
        "songNumber": 71,
        "animeEnglish": "Psychic Squad OVA",
        "animeRomaji": "Zettai Karen Children: Aita Z\u014dsei! Ubawareta Mirai?",
        "songName": "\u2606Seventh\u2605Heaven\u2606",
        "artist": "The Children",
        "type": "Ending 1",
        "correctCount": 0,
        "activePlayers": 335,
        "startSample": 2,
        "videoLength": 89.09,
        "linkWebm": "https://files.catbox.moe/6t6llc.webm",
        "linkMP3": "https://files.catbox.moe/pfhd4l.mp3"
    },
    {
        "songNumber": 72,
        "animeEnglish": "Dragon Ball Z: Broly - The Legendary Super Saiyan",
        "animeRomaji": "Dragon Ball Z: Moetsukiro!! Nessen, Ressen, Ch\u014dgekisen",
        "songName": "Burning Fight -Nessen Ressen Chougekisen-",
        "artist": "Hironobu Kageyama & YUKA",
        "type": "Ending 1",
        "correctCount": 16,
        "activePlayers": 335,
        "startSample": 21,
        "videoLength": 91.44,
        "linkWebm": "https://files.catbox.moe/w37vb8.webm",
        "linkMP3": "https://files.catbox.moe/ldpo8v.mp3"
    },
    {
        "songNumber": 73,
        "animeEnglish": "Nisekoi",
        "animeRomaji": "Nisekoi",
        "songName": "CLICK",
        "artist": "ClariS",
        "type": "Opening 1",
        "correctCount": 233,
        "activePlayers": 334,
        "startSample": 17,
        "videoLength": 88.18,
        "linkWebm": "https://files.catbox.moe/ljdrmd.webm",
        "linkMP3": "https://files.catbox.moe/3jspnf.mp3"
    },
    {
        "songNumber": 74,
        "animeEnglish": "Tiger x Dragon",
        "animeRomaji": "Toradora!",
        "songName": "Orange",
        "artist": "Rie Kugimiya, Yui Horie, Eri Kitamura",
        "type": "Ending 2",
        "correctCount": 174,
        "activePlayers": 335,
        "startSample": 16,
        "videoLength": 102.91,
        "linkWebm": "https://files.catbox.moe/yo116g.webm",
        "linkMP3": "https://files.catbox.moe/ofeaab.mp3"
    },
    {
        "songNumber": 75,
        "animeEnglish": "Madonna",
        "animeRomaji": "Madonna",
        "songName": "DO YOU REMEMBER ?",
        "artist": "Minako Honda",
        "type": "Insert Song",
        "correctCount": 1,
        "activePlayers": 334,
        "startSample": 96,
        "videoLength": 139.28,
        "linkWebm": "https://files.catbox.moe/f9rqcc.webm",
        "linkMP3": "https://files.catbox.moe/gsptqh.mp3"
    }
]