[
    {
        "songNumber": 1,
        "animeEnglish": "Dropkick on My Devil!! Dash",
        "animeRomaji": "Jashin-chan Dropkick'",
        "songName": "Jinb\u014dch\u014d Aika",
        "artist": "Aina Suzuki",
        "type": "Insert Song",
        "correctCount": 0,
        "activePlayers": 319,
        "startSample": 319,
        "videoLength": 547.9,
        "linkWebm": "https://files.catbox.moe/4t8cgs.webm",
        "linkMP3": "https://files.catbox.moe/v1yfwn.mp3"
    },
    {
        "songNumber": 2,
        "animeEnglish": "Dog Gods!",
        "animeRomaji": "Inukami!",
        "songName": "Yuujou Monogatari\u30fbDanshi (?) Version",
        "artist": "Super Zou-sans & Rice5",
        "type": "Ending 3",
        "correctCount": 9,
        "activePlayers": 320,
        "startSample": 34,
        "videoLength": 88.66,
        "linkWebm": "https://files.catbox.moe/koi1o3.webm",
        "linkMP3": "https://files.catbox.moe/8ql0mo.mp3"
    },
    {
        "songNumber": 3,
        "animeEnglish": "Valkyrie Drive: Mermaid",
        "animeRomaji": "Valkyrie Drive: Mermaid",
        "songName": "Overdrive",
        "artist": "Hitomi Harada",
        "type": "Opening 1",
        "correctCount": 133,
        "activePlayers": 318,
        "startSample": 17,
        "videoLength": 90.58,
        "linkWebm": "https://files.catbox.moe/63rwe2.webm",
        "linkMP3": "https://files.catbox.moe/a0k3y7.mp3"
    },
    {
        "songNumber": 4,
        "animeEnglish": "To Be Heroine",
        "animeRomaji": "To Be Heroine",
        "songName": "Ray",
        "artist": "PassCode",
        "type": "Opening 1",
        "correctCount": 38,
        "activePlayers": 317,
        "startSample": 45,
        "videoLength": 88.99,
        "linkWebm": "https://animethemes.moe/video/ToBeHeroine-OP1.webm",
        "linkMP3": "https://files.catbox.moe/u88hty.mp3"
    },
    {
        "songNumber": 5,
        "animeEnglish": "Everyday Life with Monster Girls",
        "animeRomaji": "Monster Musume",
        "songName": "Saik\u014dsoku Fall in Love",
        "artist": "Ari Ozawa, Natsuki Aikawa, Sora Amamiya, Haruka Yamazaki, & Mayuka Nomura",
        "type": "Opening 1",
        "correctCount": 185,
        "activePlayers": 316,
        "startSample": 36,
        "videoLength": 89.52,
        "linkWebm": "https://files.catbox.moe/47i25i.webm",
        "linkMP3": "https://files.catbox.moe/g2x3xp.mp3"
    },
    {
        "songNumber": 6,
        "animeEnglish": "Stella Women's Academy, High School Division Class C3",
        "animeRomaji": "Stella Jogakuin K\u014dt\u014d-ka C\u00b3-bu",
        "songName": "Shape My Story",
        "artist": "Anna Yano",
        "type": "Opening 1",
        "correctCount": 22,
        "activePlayers": 316,
        "startSample": 13,
        "videoLength": 90.05,
        "linkWebm": "https://files.catbox.moe/7wj7zx.webm",
        "linkMP3": "https://files.catbox.moe/e2n4kx.mp3"
    },
    {
        "songNumber": 7,
        "animeEnglish": "Galaxy Fraulein Yuna Returns",
        "animeRomaji": "Ginga Ojousama Densetsu Yuna: Shin'en no Fairy",
        "songName": "LIGHTNING HEART!",
        "artist": "Chisa Yokoyama",
        "type": "Opening 1",
        "correctCount": 1,
        "activePlayers": 311,
        "startSample": 29,
        "videoLength": 89.16,
        "linkWebm": "https://files.catbox.moe/zppstw.webm",
        "linkMP3": "https://files.catbox.moe/2q70a2.mp3"
    },
    {
        "songNumber": 8,
        "animeEnglish": "Anime-Gataris",
        "animeRomaji": "Animegataris",
        "songName": "Aikotoba",
        "artist": "GARNiDELiA",
        "type": "Opening 1",
        "correctCount": 123,
        "activePlayers": 309,
        "startSample": 31,
        "videoLength": 88.54,
        "linkWebm": "https://files.catbox.moe/c3bd5m.webm",
        "linkMP3": "https://files.catbox.moe/y919rc.mp3"
    },
    {
        "songNumber": 9,
        "animeEnglish": "Fire Force",
        "animeRomaji": "Enen no Sh\u014db\u014dtai",
        "songName": "Inferno",
        "artist": "Mrs. GREEN APPLE",
        "type": "Opening 1",
        "correctCount": 256,
        "activePlayers": 310,
        "startSample": 7,
        "videoLength": 88.89,
        "linkWebm": "https://files.catbox.moe/0ckuav.webm",
        "linkMP3": "https://files.catbox.moe/8u4b2w.mp3"
    },
    {
        "songNumber": 10,
        "animeEnglish": "Captain Tsubasa J",
        "animeRomaji": "Captain Tsubasa J",
        "songName": "Fighting!",
        "artist": "FACE FREE",
        "type": "Opening 1",
        "correctCount": 18,
        "activePlayers": 307,
        "startSample": 34,
        "videoLength": 78.05,
        "linkWebm": "https://files.catbox.moe/tggxtw.webm",
        "linkMP3": "https://files.catbox.moe/sbxdo1.mp3"
    },
    {
        "songNumber": 11,
        "animeEnglish": "Goku Sayonara Zetsub\u014d Sensei",
        "animeRomaji": "Goku Sayonara Zetsub\u014d Sensei",
        "songName": "K\u016bs\u014d Rumba",
        "artist": "Kenji \u014ctsuki to Zetsub\u014d Sh\u014djo-tachi",
        "type": "Opening 1",
        "correctCount": 126,
        "activePlayers": 308,
        "startSample": 19,
        "videoLength": 89.04,
        "linkWebm": "https://openings.moe/video/GokuSayonaraZetsubouSensei-OP01-NCOLD.webm",
        "linkMP3": "https://files.catbox.moe/0rdifs.mp3"
    },
    {
        "songNumber": 12,
        "animeEnglish": "OBSOLETE",
        "animeRomaji": "OBSOLETE",
        "songName": "ORB-SOLUTION #2 confusion",
        "artist": "TECHNOBOYS PULCRAFT GREEN-FUND",
        "type": "Ending 2",
        "correctCount": 29,
        "activePlayers": 306,
        "startSample": 18,
        "videoLength": 58.87,
        "linkWebm": "https://files.catbox.moe/6srivk.webm",
        "linkMP3": "https://files.catbox.moe/2wbuos.mp3"
    },
    {
        "songNumber": 13,
        "animeEnglish": "Yumeiro P\u00e2tissi\u00e8re SP Professional",
        "animeRomaji": "Yumeiro P\u00e2tissi\u00e8re SP Professional",
        "songName": "HOME MADE HAPPY",
        "artist": "Primavera",
        "type": "Ending 1",
        "correctCount": 19,
        "activePlayers": 308,
        "startSample": 33,
        "videoLength": 87.58,
        "linkWebm": "https://files.catbox.moe/cyqupk.webm",
        "linkMP3": "https://files.catbox.moe/q3e0dl.mp3"
    },
    {
        "songNumber": 14,
        "animeEnglish": "Is This a Zombie?",
        "animeRomaji": "Kore wa Zombie Desu ka?",
        "songName": "Ma\u30fbKa\u30fbSe\u30fbTe Tonight",
        "artist": "Iori Nomizu",
        "type": "Opening 1",
        "correctCount": 137,
        "activePlayers": 305,
        "startSample": 47,
        "videoLength": 90.04,
        "linkWebm": "https://files.catbox.moe/dhhthb.webm",
        "linkMP3": "https://files.catbox.moe/lmavlr.mp3"
    },
    {
        "songNumber": 15,
        "animeEnglish": "Aikatsu!",
        "animeRomaji": "Aikatsu!",
        "songName": "stranger alien",
        "artist": "Fuuri from STAR\u2606ANIS",
        "type": "Insert Song",
        "correctCount": 102,
        "activePlayers": 304,
        "startSample": 0,
        "videoLength": 21.77,
        "linkWebm": "https://files.catbox.moe/icusii.webm",
        "linkMP3": "https://files.catbox.moe/06oado.mp3"
    },
    {
        "songNumber": 16,
        "animeEnglish": "Fukuyama Treater: Summer Show",
        "animeRomaji": "Fukuyama Gekij\u014d - Natsu no Himitsu",
        "songName": "Ninjin Boogie",
        "artist": "Singers Three",
        "type": "Insert Song",
        "correctCount": 0,
        "activePlayers": 305,
        "startSample": 125,
        "videoLength": 196.3,
        "linkWebm": "https://files.catbox.moe/5ctsrg.webm",
        "linkMP3": "https://files.catbox.moe/gfq8r8.mp3"
    },
    {
        "songNumber": 17,
        "animeEnglish": "Ky\u014dto Teramachi Sanj\u014d no Holmes",
        "animeRomaji": "Ky\u014dto Teramachi Sanj\u014d no Holmes",
        "songName": "Sasameyuki",
        "artist": "Wagakki Band",
        "type": "Ending 1",
        "correctCount": 8,
        "activePlayers": 305,
        "startSample": 17,
        "videoLength": 89.81,
        "linkWebm": "https://files.catbox.moe/31trrx.webm",
        "linkMP3": "https://files.catbox.moe/ytfzt9.mp3"
    },
    {
        "songNumber": 18,
        "animeEnglish": "Teeky\u016b",
        "animeRomaji": "Teeky\u016b",
        "songName": "Botsuraku Kizoku no Tame no Teeky\u016b",
        "artist": "Yui Watanabe",
        "type": "Opening 1",
        "correctCount": 227,
        "activePlayers": 304,
        "startSample": 0,
        "videoLength": 29.93,
        "linkWebm": "https://files.catbox.moe/qmkksy.webm",
        "linkMP3": "https://files.catbox.moe/e004i4.mp3"
    },
    {
        "songNumber": 19,
        "animeEnglish": "Sakura Wars",
        "animeRomaji": "Sakura Wars",
        "songName": "Gekitei (Geki! Teikoku Kageki-dan)",
        "artist": "Chisa Yokoyama & Teikoku Kageki-dan",
        "type": "Opening 1",
        "correctCount": 97,
        "activePlayers": 303,
        "startSample": 53,
        "videoLength": 89.4,
        "linkWebm": "https://files.catbox.moe/5er4gq.webm",
        "linkMP3": "https://files.catbox.moe/av7nqm.mp3"
    },
    {
        "songNumber": 20,
        "animeEnglish": "Battle Spirits: Brave",
        "animeRomaji": "Battle Spirits: Brave",
        "songName": "free",
        "artist": "Karasu",
        "type": "Opening 1",
        "correctCount": 9,
        "activePlayers": 303,
        "startSample": 1,
        "videoLength": 88.55,
        "linkWebm": "https://files.catbox.moe/fsorbj.webm",
        "linkMP3": "https://files.catbox.moe/6m28x5.mp3"
    },
    {
        "songNumber": 21,
        "animeEnglish": "Love, Chunibyo & Other Delusions! - Take On Me",
        "animeRomaji": "Ch\u016bniby\u014d demo Koi ga Shitai! Movie: Take On Me",
        "songName": "Sparkling Daydream",
        "artist": "ZAQ",
        "type": "Insert Song",
        "correctCount": 235,
        "activePlayers": 303,
        "startSample": 52,
        "videoLength": 161.86,
        "linkWebm": "https://files.catbox.moe/y4hy7k.webm",
        "linkMP3": "https://files.catbox.moe/4vbs40.mp3"
    },
    {
        "songNumber": 22,
        "animeEnglish": "A Certain Scientific Railgun OVA",
        "animeRomaji": "Toaru Kagaku no Railgun OVA",
        "songName": "future gazer",
        "artist": "fripSide",
        "type": "Opening 1",
        "correctCount": 138,
        "activePlayers": 303,
        "startSample": 49,
        "videoLength": 95.06,
        "linkWebm": "https://files.catbox.moe/ho58px.webm",
        "linkMP3": "https://files.catbox.moe/op3ni7.mp3"
    },
    {
        "songNumber": 23,
        "animeEnglish": "Gintama: Shiroyasha K\u014dtan",
        "animeRomaji": "Gintama: Shiroyasha K\u014dtan",
        "songName": "We Are!",
        "artist": "Hiroshi Kitadani",
        "type": "Ending 1",
        "correctCount": 250,
        "activePlayers": 303,
        "startSample": 0,
        "videoLength": 27.7,
        "linkWebm": "https://files.catbox.moe/kh1pvl.webm",
        "linkMP3": "https://files.catbox.moe/krkson.mp3"
    },
    {
        "songNumber": 24,
        "animeEnglish": "Steins;Gate",
        "animeRomaji": "Steins;Gate",
        "songName": "Hacking to the Gate",
        "artist": "Kanako It\u014d",
        "type": "Opening 1",
        "correctCount": 274,
        "activePlayers": 301,
        "startSample": 2,
        "videoLength": 93.07,
        "linkWebm": "https://files.catbox.moe/20js6m.webm",
        "linkMP3": "https://files.catbox.moe/r2e3qb.mp3"
    },
    {
        "songNumber": 25,
        "animeEnglish": "Yona of the Dawn",
        "animeRomaji": "Akatsuki no Yona",
        "songName": "Akatsuki",
        "artist": "Akiko Shikata",
        "type": "Ending 2",
        "correctCount": 104,
        "activePlayers": 301,
        "startSample": 45,
        "videoLength": 89.06,
        "linkWebm": "https://files.catbox.moe/5mcc58.webm",
        "linkMP3": "https://files.catbox.moe/hc2fna.mp3"
    },
    {
        "songNumber": 26,
        "animeEnglish": "22/7",
        "animeRomaji": "22/7 (nanabun no nijy\u016bni)",
        "songName": "Rikaisha",
        "artist": "22/7",
        "type": "Insert Song",
        "correctCount": 119,
        "activePlayers": 302,
        "startSample": 73,
        "videoLength": 116.93,
        "linkWebm": "https://files.catbox.moe/gulybb.webm",
        "linkMP3": "https://files.catbox.moe/pc9e3m.mp3"
    },
    {
        "songNumber": 27,
        "animeEnglish": "Knights of Sidonia",
        "animeRomaji": "Sidonia no Kishi",
        "songName": "Ai, Hito Kakera",
        "artist": "angela",
        "type": "Ending 1",
        "correctCount": 20,
        "activePlayers": 301,
        "startSample": 129,
        "videoLength": 303.05,
        "linkWebm": "https://files.catbox.moe/j6b7ix.webm",
        "linkMP3": "https://files.catbox.moe/j3qyu9.mp3"
    },
    {
        "songNumber": 28,
        "animeEnglish": "Strike The Blood: Kingdom of the Valkyria",
        "animeRomaji": "Strike the Blood: Valkyria no \u014ckoku-hen",
        "songName": "Little Charm Fang",
        "artist": "Yuka Iguchi",
        "type": "Opening 1",
        "correctCount": 46,
        "activePlayers": 302,
        "startSample": 53,
        "videoLength": 89.16,
        "linkWebm": "https://files.catbox.moe/yaif1q.webm",
        "linkMP3": "https://files.catbox.moe/1891po.mp3"
    },
    {
        "songNumber": 29,
        "animeEnglish": "Love Live! Sunshine!!",
        "animeRomaji": "Love Live! School idol project Sunshine!!",
        "songName": "Yume Kataru yori Yume Utaou",
        "artist": "Aika Kobayashi, Kanako Takatsuki, Ai Furihata",
        "type": "Ending 6",
        "correctCount": 155,
        "activePlayers": 302,
        "startSample": 53,
        "videoLength": 97.01,
        "linkWebm": "https://files.catbox.moe/yh0irq.webm",
        "linkMP3": "https://files.catbox.moe/j1mahj.mp3"
    },
    {
        "songNumber": 30,
        "animeEnglish": "J\u016bni Taisen: Zodiac War",
        "animeRomaji": "J\u016bni Taisen: Zodiac War",
        "songName": "Rapture",
        "artist": "Panorama Panama Town",
        "type": "Opening 1",
        "correctCount": 162,
        "activePlayers": 302,
        "startSample": 53,
        "videoLength": 88.7,
        "linkWebm": "https://files.catbox.moe/pjiqao.webm",
        "linkMP3": "https://files.catbox.moe/ipktc0.mp3"
    },
    {
        "songNumber": 31,
        "animeEnglish": "Tales of Zestiria the X",
        "animeRomaji": "Tales of Zestiria the X",
        "songName": "Kaze no Uta",
        "artist": "FLOW",
        "type": "Insert Song",
        "correctCount": 195,
        "activePlayers": 301,
        "startSample": 1,
        "videoLength": 41.5,
        "linkWebm": "https://files.catbox.moe/sz50sj.webm",
        "linkMP3": "https://files.catbox.moe/9c9shg.mp3"
    },
    {
        "songNumber": 32,
        "animeEnglish": "Nabari",
        "animeRomaji": "Nabari no Ou",
        "songName": "Hikari",
        "artist": "ELISA",
        "type": "Ending 1",
        "correctCount": 17,
        "activePlayers": 300,
        "startSample": 48,
        "videoLength": 88.56,
        "linkWebm": "https://files.catbox.moe/0eagrr.webm",
        "linkMP3": "https://files.catbox.moe/06j7b1.mp3"
    },
    {
        "songNumber": 33,
        "animeEnglish": "Blue Comet SPT Layzner",
        "animeRomaji": "Aoki Ry\u016bsei SPT Layzner",
        "songName": "Melos no You ni -LONELY WAY-",
        "artist": "AIRMAIL from NAGASAKI",
        "type": "Opening 1",
        "correctCount": 26,
        "activePlayers": 299,
        "startSample": 41,
        "videoLength": 97.3,
        "linkWebm": "https://files.catbox.moe/85zx2b.webm",
        "linkMP3": "https://files.catbox.moe/lpz081.mp3"
    },
    {
        "songNumber": 34,
        "animeEnglish": "The Disastrous Life of Saiki K.",
        "animeRomaji": "Saiki Kusuo no Psi Nan",
        "songName": "\u03a8-lent Prisoner",
        "artist": "Saiki-kku Lover feat. Hiroshi Kamiya, Daisuke Ono, Nobunaga Shimazaki",
        "type": "Opening 1",
        "correctCount": 152,
        "activePlayers": 299,
        "startSample": 6,
        "videoLength": 89.21,
        "linkWebm": "https://files.catbox.moe/5y8raz.webm",
        "linkMP3": "https://files.catbox.moe/q7ouuj.mp3"
    },
    {
        "songNumber": 35,
        "animeEnglish": "Neko Neko Fantasia",
        "animeRomaji": "Neko Neko Fantasia",
        "songName": "Neko Neko Gensoukyoku",
        "artist": "Mika Ikeuchi",
        "type": "Ending 1",
        "correctCount": 5,
        "activePlayers": 299,
        "startSample": 50,
        "videoLength": 178.06,
        "linkWebm": "https://files.catbox.moe/c4u2a7.webm",
        "linkMP3": "https://files.catbox.moe/43uvo7.mp3"
    },
    {
        "songNumber": 36,
        "animeEnglish": "Arcadia of My Youth: Endless Orbit SSX",
        "animeRomaji": "Waga Seishun no Arcadia: Mugen Kid\u014d SSX",
        "songName": "Harlock no Ballad",
        "artist": "Ichirou Mizuki",
        "type": "Ending 1",
        "correctCount": 16,
        "activePlayers": 299,
        "startSample": 14,
        "videoLength": 67.94,
        "linkWebm": "https://files.catbox.moe/i6qylo.webm",
        "linkMP3": "https://files.catbox.moe/2gln8p.mp3"
    },
    {
        "songNumber": 37,
        "animeEnglish": "Anima Yell!",
        "animeRomaji": "Anima Yell!",
        "songName": "Here We Are",
        "artist": "Kimber-Lee Jacobsen",
        "type": "Insert Song",
        "correctCount": 48,
        "activePlayers": 300,
        "startSample": 0,
        "videoLength": 28.87,
        "linkWebm": "https://files.catbox.moe/xqxva8.webm",
        "linkMP3": "https://files.catbox.moe/ijhuzk.mp3"
    },
    {
        "songNumber": 38,
        "animeEnglish": "Restaurant to Another World",
        "animeRomaji": "Isekai Shokud\u014d",
        "songName": "One In A Billion",
        "artist": "Wake Up, May'n!",
        "type": "Opening 1",
        "correctCount": 113,
        "activePlayers": 299,
        "startSample": 19,
        "videoLength": 88.78,
        "linkWebm": "https://files.catbox.moe/zp2c7s.webm",
        "linkMP3": "https://files.catbox.moe/iypwzc.mp3"
    },
    {
        "songNumber": 39,
        "animeEnglish": "Neo Angelique Abyss",
        "animeRomaji": "Neo Angelique Abyss",
        "songName": "JOY TO THE WORLD",
        "artist": "Orb Hunter 4",
        "type": "Opening 1",
        "correctCount": 9,
        "activePlayers": 299,
        "startSample": 1,
        "videoLength": 89.76,
        "linkWebm": "https://files.catbox.moe/obf4nr.webm",
        "linkMP3": "https://files.catbox.moe/jcxcs7.mp3"
    },
    {
        "songNumber": 40,
        "animeEnglish": "PriPara",
        "animeRomaji": "PriPara",
        "songName": "Girl's Fantasy",
        "artist": "Reina Ueda & Aki Toyosaki",
        "type": "Insert Song",
        "correctCount": 14,
        "activePlayers": 299,
        "startSample": 17,
        "videoLength": 169.73,
        "linkWebm": "https://files.catbox.moe/l05jen.webm",
        "linkMP3": "https://files.catbox.moe/ask56w.mp3"
    },
    {
        "songNumber": 41,
        "animeEnglish": "Miss Monochrome - The Animation",
        "animeRomaji": "Miss Monochrome - The Animation",
        "songName": "Poker Face",
        "artist": "Miss Monochrome",
        "type": "Insert Song",
        "correctCount": 106,
        "activePlayers": 299,
        "startSample": 17,
        "videoLength": 59.57,
        "linkWebm": "https://files.catbox.moe/gzt9at.webm",
        "linkMP3": "https://files.catbox.moe/ck0n4p.mp3"
    },
    {
        "songNumber": 42,
        "animeEnglish": "Fist of the Blue Sky Regenesis",
        "animeRomaji": "Souten no Ken REGENESIS",
        "songName": "Soul Seeker",
        "artist": "Crossfaith",
        "type": "Opening 1",
        "correctCount": 17,
        "activePlayers": 299,
        "startSample": 27,
        "videoLength": 85.05,
        "linkWebm": "https://files.catbox.moe/robyfd.webm",
        "linkMP3": "https://files.catbox.moe/oc3hpr.mp3"
    },
    {
        "songNumber": 43,
        "animeEnglish": "Hora, Mimi ga Mieteru yo!",
        "animeRomaji": "Hora, Mimi ga Mieteru yo!",
        "songName": "Mimimimi\u2606Puwappu",
        "artist": "Tsukino Amasato",
        "type": "Opening 1",
        "correctCount": 111,
        "activePlayers": 299,
        "startSample": 0,
        "videoLength": 9.93,
        "linkWebm": "https://files.catbox.moe/2akzcu.webm",
        "linkMP3": "https://files.catbox.moe/5hyr6o.mp3"
    },
    {
        "songNumber": 44,
        "animeEnglish": "Haruchika: Haruta & Chika",
        "animeRomaji": "HaruChika: Haruta to Chika wa Seishun Suru",
        "songName": "Niji wo Ametara",
        "artist": "fh\u00e1na",
        "type": "Opening 1",
        "correctCount": 132,
        "activePlayers": 299,
        "startSample": 22,
        "videoLength": 89.95,
        "linkWebm": "https://files.catbox.moe/2qtsfd.webm",
        "linkMP3": "https://files.catbox.moe/lbrvwa.mp3"
    },
    {
        "songNumber": 45,
        "animeEnglish": "Book Girl Memoir",
        "animeRomaji": "Bungaku Sh\u014djo Memoir",
        "songName": "Aozora no Mukou",
        "artist": "Masumi Itou",
        "type": "Ending 1",
        "correctCount": 20,
        "activePlayers": 298,
        "startSample": 50,
        "videoLength": 88.61,
        "linkWebm": "https://files.catbox.moe/c2bx4n.webm",
        "linkMP3": "https://files.catbox.moe/8lxfhk.mp3"
    },
    {
        "songNumber": 46,
        "animeEnglish": "Dragon Ball Z: Resurrection 'F'",
        "animeRomaji": "Dragon Ball Z: Fukkatsu no 'F'",
        "songName": "F",
        "artist": "Maximum the Hormone",
        "type": "Insert Song",
        "correctCount": 56,
        "activePlayers": 297,
        "startSample": 51,
        "videoLength": 88.9,
        "linkWebm": "https://files.catbox.moe/99o1ts.webm",
        "linkMP3": "https://files.catbox.moe/ncu6i3.mp3"
    },
    {
        "songNumber": 47,
        "animeEnglish": "Galactic Whirlwind Sasuraiger",
        "animeRomaji": "Ginga Shipp\u016b Sasuraiger",
        "songName": "Ginga Shippu Sasuraiger",
        "artist": "MOTCHIN",
        "type": "Opening 1",
        "correctCount": 86,
        "activePlayers": 297,
        "startSample": 36,
        "videoLength": 77.64,
        "linkWebm": "https://files.catbox.moe/izh46p.webm",
        "linkMP3": "https://files.catbox.moe/opw4ye.mp3"
    },
    {
        "songNumber": 48,
        "animeEnglish": "Rizelmine",
        "animeRomaji": "Rizelmine",
        "songName": "Hajimete Shimasho!",
        "artist": "Rie Kugimiya",
        "type": "Opening 1",
        "correctCount": 19,
        "activePlayers": 297,
        "startSample": 40,
        "videoLength": 88.97,
        "linkWebm": "https://files.catbox.moe/2ca9a4.webm",
        "linkMP3": "https://files.catbox.moe/eg8ho7.mp3"
    },
    {
        "songNumber": 49,
        "animeEnglish": "Seitokai Yakuindomo",
        "animeRomaji": "Seitokai Yakuindomo",
        "songName": "Yamato Nadeshiko Education",
        "artist": "Triple Booking",
        "type": "Opening 1",
        "correctCount": 137,
        "activePlayers": 295,
        "startSample": 24,
        "videoLength": 74.47,
        "linkWebm": "https://openings.moe/video/SeitokaiYakuindomo-OP01-NCOLD.webm",
        "linkMP3": "https://files.catbox.moe/d10fkt.mp3"
    },
    {
        "songNumber": 50,
        "animeEnglish": "Skilled Teaser Takagi-san 2",
        "animeRomaji": "Karakai J\u014dzu no Takagi-san 2",
        "songName": "Arigatou",
        "artist": "Rie Takahashi",
        "type": "Ending 4",
        "correctCount": 75,
        "activePlayers": 295,
        "startSample": 12,
        "videoLength": 88.06,
        "linkWebm": "https://files.catbox.moe/ebcmx4.webm",
        "linkMP3": "https://files.catbox.moe/sbqzu6.mp3"
    },
    {
        "songNumber": 51,
        "animeEnglish": "Psycho Diver: Soul Siren",
        "animeRomaji": "Psycho Diver: Mash\u014d Bosatsu",
        "songName": "WARFARE-BEWARE",
        "artist": "Junko Iwao",
        "type": "Opening 1",
        "correctCount": 14,
        "activePlayers": 295,
        "startSample": 132,
        "videoLength": 187.03,
        "linkWebm": "https://files.catbox.moe/92lp7f.webm",
        "linkMP3": "https://files.catbox.moe/s9je4k.mp3"
    },
    {
        "songNumber": 52,
        "animeEnglish": "X",
        "animeRomaji": "X",
        "songName": "eX Dream",
        "artist": "Myuji",
        "type": "Opening 1",
        "correctCount": 44,
        "activePlayers": 295,
        "startSample": 3,
        "videoLength": 82.3,
        "linkWebm": "https://files.catbox.moe/kkt140.webm",
        "linkMP3": "https://files.catbox.moe/rvqsf9.mp3"
    },
    {
        "songNumber": 53,
        "animeEnglish": "Moldiver",
        "animeRomaji": "Moldiver",
        "songName": "Time Limit",
        "artist": "Yukana Nogami",
        "type": "Ending 1",
        "correctCount": 12,
        "activePlayers": 295,
        "startSample": 15,
        "videoLength": 86.07,
        "linkWebm": "https://files.catbox.moe/mukfn1.webm",
        "linkMP3": "https://files.catbox.moe/sr3ezd.mp3"
    },
    {
        "songNumber": 54,
        "animeEnglish": "The Relative Worlds",
        "animeRomaji": "S\u014dtai Sekai",
        "songName": "VIP KID",
        "artist": "REOL",
        "type": "Opening 1",
        "correctCount": 88,
        "activePlayers": 294,
        "startSample": 49,
        "videoLength": 93.82,
        "linkWebm": "https://files.catbox.moe/fnoh0e.webm",
        "linkMP3": "https://files.catbox.moe/nygcrv.mp3"
    },
    {
        "songNumber": 55,
        "animeEnglish": "Government Crime Investigation Agent Zaizen Jotaro",
        "animeRomaji": "Naikaku Kenryoku Hanzai Kyosei Torishimarikan Zaizen Jotaro",
        "songName": "Zero no Kimochi",
        "artist": "doa",
        "type": "Opening 1",
        "correctCount": 3,
        "activePlayers": 293,
        "startSample": 49,
        "videoLength": 89.95,
        "linkWebm": "https://files.catbox.moe/bhj4sj.webm",
        "linkMP3": "https://files.catbox.moe/39ogoj.mp3"
    },
    {
        "songNumber": 56,
        "animeEnglish": "My Neighbor Totoro",
        "animeRomaji": "Tonari no Totoro",
        "songName": "My Neighbor Totoro",
        "artist": "Sonya Isaacs",
        "type": "Ending 1",
        "correctCount": 104,
        "activePlayers": 292,
        "startSample": 80,
        "videoLength": 169.85,
        "linkWebm": "https://files.catbox.moe/o4u8y0.webm",
        "linkMP3": "https://files.catbox.moe/zvgli0.mp3"
    },
    {
        "songNumber": 57,
        "animeEnglish": "Pok\u00e9mon the Movie: White - Victini and Zekrom",
        "animeRomaji": "Gekij\u014dban Pocket Monsters Best Wishes! Victini to Kuroki Eiy\u016b Zekrom",
        "songName": "Black and White",
        "artist": "Erin Bowman and Joe Philips",
        "type": "Opening 1",
        "correctCount": 188,
        "activePlayers": 292,
        "startSample": 46,
        "videoLength": 177.17,
        "linkWebm": "https://files.catbox.moe/i243xx.webm",
        "linkMP3": "https://files.catbox.moe/hrr327.mp3"
    },
    {
        "songNumber": 58,
        "animeEnglish": "Wolf's Rain",
        "animeRomaji": "Wolf's Rain",
        "songName": "stray",
        "artist": "steve conte",
        "type": "Opening 1",
        "correctCount": 155,
        "activePlayers": 292,
        "startSample": 12,
        "videoLength": 88.06,
        "linkWebm": "https://files.catbox.moe/8zolio.webm",
        "linkMP3": "https://files.catbox.moe/b6g66q.mp3"
    },
    {
        "songNumber": 59,
        "animeEnglish": "Rascal Does Not Dream of Bunny Girl Senpai",
        "animeRomaji": "Seishun Buta Yar\u014d wa Bunny Girl-senpai no Yume o Minai",
        "songName": "Fukashigi no Karte",
        "artist": "Asami Seto",
        "type": "Ending 2",
        "correctCount": 211,
        "activePlayers": 292,
        "startSample": 2,
        "videoLength": 59.64,
        "linkWebm": "https://files.catbox.moe/jacr7b.webm",
        "linkMP3": "https://files.catbox.moe/m49m2s.mp3"
    },
    {
        "songNumber": 60,
        "animeEnglish": "Yuruyuri Ten",
        "animeRomaji": "Yuruyuri Ten",
        "songName": "Yuyuyuri, Tenyawanya\u2606",
        "artist": "Nanamori Ch\u016b\u2606Goraku-bu",
        "type": "Opening 1",
        "correctCount": 40,
        "activePlayers": 292,
        "startSample": 32,
        "videoLength": 88.37,
        "linkWebm": "https://files.catbox.moe/os58b6.webm",
        "linkMP3": "https://files.catbox.moe/1ozd2c.mp3"
    },
    {
        "songNumber": 61,
        "animeEnglish": "Love Lab",
        "animeRomaji": "Love Lab",
        "songName": "Nete mo Samete mo Lingerie",
        "artist": "Taiten Kusunoki",
        "type": "Insert Song",
        "correctCount": 100,
        "activePlayers": 292,
        "startSample": 0,
        "videoLength": 32.35,
        "linkWebm": "https://files.catbox.moe/0who38.webm",
        "linkMP3": "https://files.catbox.moe/y56r1v.mp3"
    },
    {
        "songNumber": 62,
        "animeEnglish": "Love Bullet: Yurikuma Arashi",
        "animeRomaji": "Yurikuma Arashi",
        "songName": "Ano Mori de Matteru",
        "artist": "Bonjour Suzuki",
        "type": "Opening 1",
        "correctCount": 116,
        "activePlayers": 292,
        "startSample": 2,
        "videoLength": 88.82,
        "linkWebm": "https://animethemes.moe/video/YurikumaArashi-OP1.webm",
        "linkMP3": "https://files.catbox.moe/hewjbo.mp3"
    },
    {
        "songNumber": 63,
        "animeEnglish": "Gleipnir",
        "animeRomaji": "Gleipnir",
        "songName": "Ame to Taieki to Nioi",
        "artist": "Mili",
        "type": "Ending 1",
        "correctCount": 82,
        "activePlayers": 292,
        "startSample": 23,
        "videoLength": 86.93,
        "linkWebm": "https://files.catbox.moe/85wuh2.webm",
        "linkMP3": "https://files.catbox.moe/39mk0l.mp3"
    },
    {
        "songNumber": 64,
        "animeEnglish": "Aikatsu!",
        "animeRomaji": "Aikatsu!",
        "songName": "lucky train!",
        "artist": "Ruka\u30fbMona\u30fbMiki from AIKATSU\u2606STARS\uff01",
        "type": "Ending 1",
        "correctCount": 119,
        "activePlayers": 291,
        "startSample": 38,
        "videoLength": 87.79,
        "linkWebm": "https://files.catbox.moe/nwsqgg.webm",
        "linkMP3": "https://files.catbox.moe/g2hulg.mp3"
    },
    {
        "songNumber": 65,
        "animeEnglish": "The Numbers",
        "animeRomaji": "Nanbaka",
        "songName": "Rin! Rin! Hi! Hi!",
        "artist": "Hashiguchikanaderiya",
        "type": "Opening 1",
        "correctCount": 161,
        "activePlayers": 291,
        "startSample": 22,
        "videoLength": 86.76,
        "linkWebm": "https://files.catbox.moe/hg0ij6.webm",
        "linkMP3": "https://files.catbox.moe/jsgekx.mp3"
    },
    {
        "songNumber": 66,
        "animeEnglish": "Hi Score Girl",
        "animeRomaji": "High Score Girl",
        "songName": "H\u014dkago Distraction",
        "artist": "Etsuko Yakushimaru",
        "type": "Ending 1",
        "correctCount": 111,
        "activePlayers": 291,
        "startSample": 4,
        "videoLength": 89.4,
        "linkWebm": "https://files.catbox.moe/gt4kps.webm",
        "linkMP3": "https://files.catbox.moe/xn6rzt.mp3"
    },
    {
        "songNumber": 67,
        "animeEnglish": "Witch Craft Works",
        "animeRomaji": "Witch Craft Works",
        "songName": "divine intervention",
        "artist": "fh\u00e1na",
        "type": "Opening 1",
        "correctCount": 65,
        "activePlayers": 291,
        "startSample": 35,
        "videoLength": 89.02,
        "linkWebm": "https://openings.moe/video/WitchCraftWorks-OP01-NCBD.webm",
        "linkMP3": "https://files.catbox.moe/sag9ad.mp3"
    },
    {
        "songNumber": 68,
        "animeEnglish": "PERSONA5 the Animation",
        "animeRomaji": "PERSONA5 the Animation",
        "songName": "Life Will Change",
        "artist": "Lyn",
        "type": "Insert Song",
        "correctCount": 221,
        "activePlayers": 291,
        "startSample": 30,
        "videoLength": 76.46,
        "linkWebm": "https://files.catbox.moe/aeu32k.webm",
        "linkMP3": "https://files.catbox.moe/ci2geb.mp3"
    },
    {
        "songNumber": 69,
        "animeEnglish": "Heartcatch Precure!",
        "animeRomaji": "Heartcatch Precure!",
        "songName": "Heartcatch\u2606Paradise!",
        "artist": "Mayu Kud\u014d",
        "type": "Ending 1",
        "correctCount": 129,
        "activePlayers": 291,
        "startSample": 14,
        "videoLength": 89.09,
        "linkWebm": "https://files.catbox.moe/gxl45t.webm",
        "linkMP3": "https://files.catbox.moe/hgixhv.mp3"
    },
    {
        "songNumber": 70,
        "animeEnglish": "Magia Record: Puella Magi Madoka Magica Side Story",
        "animeRomaji": "Magia Record: Mah\u014d Sh\u014djo Madoka\u2606Magica Gaiden",
        "songName": "Point 10-bai",
        "artist": "Point Girls",
        "type": "Insert Song",
        "correctCount": 29,
        "activePlayers": 291,
        "startSample": 19,
        "videoLength": 60.07,
        "linkWebm": "https://files.catbox.moe/32y4b0.webm",
        "linkMP3": "https://files.catbox.moe/ur8fne.mp3"
    },
    {
        "songNumber": 71,
        "animeEnglish": "Aikatsu!",
        "animeRomaji": "Aikatsu!",
        "songName": "Hello! Winter Love\u266a",
        "artist": "Miki\u30fbRuka\u30fbMona from AIKATSU\u2606STARS!",
        "type": "Insert Song",
        "correctCount": 90,
        "activePlayers": 292,
        "startSample": 3,
        "videoLength": 111.24,
        "linkWebm": "https://files.catbox.moe/67g0ax.webm",
        "linkMP3": "https://files.catbox.moe/b5cag5.mp3"
    },
    {
        "songNumber": 72,
        "animeEnglish": "Eyeshield 21",
        "animeRomaji": "Eyeshield 21",
        "songName": "Dang Dang",
        "artist": "ZZ",
        "type": "Ending 5",
        "correctCount": 61,
        "activePlayers": 292,
        "startSample": 36,
        "videoLength": 81.79,
        "linkWebm": "https://files.catbox.moe/gyjm07.webm",
        "linkMP3": "https://files.catbox.moe/3r2596.mp3"
    },
    {
        "songNumber": 73,
        "animeEnglish": "Your Lie in April: Moments",
        "animeRomaji": "Shigatsu wa Kimi no Uso: Moments",
        "songName": "Kirameki",
        "artist": "wacci",
        "type": "Ending 1",
        "correctCount": 126,
        "activePlayers": 292,
        "startSample": 41,
        "videoLength": 85.34,
        "linkWebm": "https://files.catbox.moe/gumw14.webm",
        "linkMP3": "https://files.catbox.moe/n8jd2a.mp3"
    },
    {
        "songNumber": 74,
        "animeEnglish": "Wake Up, Girls!: The Movie",
        "animeRomaji": "Wake Up, Girls!: The Movie",
        "songName": "Tachiagare!",
        "artist": "Wake Up, Girls!",
        "type": "Ending 1",
        "correctCount": 98,
        "activePlayers": 292,
        "startSample": 43,
        "videoLength": 288.07,
        "linkWebm": "https://files.catbox.moe/8z3gon.webm",
        "linkMP3": "https://files.catbox.moe/39buca.mp3"
    },
    {
        "songNumber": 75,
        "animeEnglish": "Lady Jewelpet",
        "animeRomaji": "Lady Jewelpet",
        "songName": "Run With U",
        "artist": "Fairies",
        "type": "Ending 1",
        "correctCount": 25,
        "activePlayers": 288,
        "startSample": 40,
        "videoLength": 87.9,
        "linkWebm": "https://files.catbox.moe/oe6o4z.webm",
        "linkMP3": "https://files.catbox.moe/aa0qll.mp3"
    }
]