[
    {
        "songNumber": 1,
        "animeEnglish": "Is It Wrong to Try to Pick Up Girls in a Dungeon?",
        "animeRomaji": "DanMachi",
        "songName": "Hey World",
        "artist": "Yuka Iguchi",
        "type": "Opening 1",
        "correctCount": 271,
        "activePlayers": 400,
        "startSample": 55,
        "videoLength": 88.82,
        "linkWebm": "https://files.catbox.moe/7xtxig.webm",
        "linkMP3": "https://files.catbox.moe/gklgzg.mp3"
    },
    {
        "songNumber": 2,
        "animeEnglish": "Aikatsu Stars!",
        "animeRomaji": "Aikatsu Stars!",
        "songName": "Star Jet!",
        "artist": "Sena from AIKATSU\u2606STARS!",
        "type": "Insert Song",
        "correctCount": 34,
        "activePlayers": 400,
        "startSample": 79,
        "videoLength": 113.5,
        "linkWebm": "https://files.catbox.moe/jv6emj.webm",
        "linkMP3": "https://files.catbox.moe/0hvtng.mp3"
    },
    {
        "songNumber": 3,
        "animeEnglish": "Nekomonogatari (Black)",
        "animeRomaji": "Nekomonogatari (Black)",
        "songName": "perfect slumbers",
        "artist": "Yui Horie",
        "type": "Opening 1",
        "correctCount": 250,
        "activePlayers": 400,
        "startSample": 28,
        "videoLength": 88.06,
        "linkWebm": "https://files.catbox.moe/hgkt35.webm",
        "linkMP3": "https://files.catbox.moe/8aie0n.mp3"
    },
    {
        "songNumber": 4,
        "animeEnglish": "BanG Dream! 2nd Season",
        "animeRomaji": "BanG Dream! 2nd Season",
        "songName": "Dreamers Go!",
        "artist": "Poppin'Party",
        "type": "Insert Song",
        "correctCount": 121,
        "activePlayers": 399,
        "startSample": 54,
        "videoLength": 101.67,
        "linkWebm": "https://files.catbox.moe/ehxoa6.webm",
        "linkMP3": "https://files.catbox.moe/c666ei.mp3"
    },
    {
        "songNumber": 5,
        "animeEnglish": "DARLING in the FRANXX",
        "animeRomaji": "DARLING in the FRANXX",
        "songName": "FUSE",
        "artist": "Claudia Vazquez",
        "type": "Insert Song",
        "correctCount": 46,
        "activePlayers": 398,
        "startSample": 50,
        "videoLength": 144.64,
        "linkWebm": "https://files.catbox.moe/tn925e.webm",
        "linkMP3": "https://files.catbox.moe/20r8jr.mp3"
    },
    {
        "songNumber": 6,
        "animeEnglish": "Reign: The Conqueror",
        "animeRomaji": "Alexander Senki",
        "songName": "Worthy of Your Soul",
        "artist": "DJ Milky and b-nCHANt-d featuring Rachel Pollack",
        "type": "Opening 1",
        "correctCount": 7,
        "activePlayers": 399,
        "startSample": 123,
        "videoLength": 217.57,
        "linkWebm": "https://files.catbox.moe/5r6pgw.webm",
        "linkMP3": "https://files.catbox.moe/hzomd0.mp3"
    },
    {
        "songNumber": 7,
        "animeEnglish": "Granbelm",
        "animeRomaji": "Granbelm",
        "songName": "Scenery",
        "artist": "Uru",
        "type": "Ending 2",
        "correctCount": 59,
        "activePlayers": 399,
        "startSample": 55,
        "videoLength": 93.84,
        "linkWebm": "https://files.catbox.moe/c36bqh.webm",
        "linkMP3": "https://files.catbox.moe/qyx0qd.mp3"
    },
    {
        "songNumber": 8,
        "animeEnglish": "Kiznaiver",
        "animeRomaji": "Kiznaiver",
        "songName": "LAY YOUR HANDS ON ME",
        "artist": "BOOM BOOM SATELLITES",
        "type": "Opening 1",
        "correctCount": 340,
        "activePlayers": 397,
        "startSample": 18,
        "videoLength": 89.97,
        "linkWebm": "https://files.catbox.moe/y9vdhg.webm",
        "linkMP3": "https://files.catbox.moe/ebpr7u.mp3"
    },
    {
        "songNumber": 9,
        "animeEnglish": "Shugo Chara!! Doki",
        "animeRomaji": "Shugo Chara!! Doki",
        "songName": "Meiky\u016b Butterfly",
        "artist": "Nana Mizuki",
        "type": "Insert Song",
        "correctCount": 46,
        "activePlayers": 397,
        "startSample": 17,
        "videoLength": 81.94,
        "linkWebm": "https://files.catbox.moe/df0bj6.webm",
        "linkMP3": "https://files.catbox.moe/jxbvpz.mp3"
    },
    {
        "songNumber": 10,
        "animeEnglish": "VitaminX Addiction",
        "animeRomaji": "VitaminX Addiction",
        "songName": "ULTI\u221eMATE VOLCANO",
        "artist": "Kousuke Toriumi & Hiroyuki Yoshino",
        "type": "Ending 2",
        "correctCount": 3,
        "activePlayers": 395,
        "startSample": 8,
        "videoLength": 85.46,
        "linkWebm": "https://files.catbox.moe/7n2i6n.webm",
        "linkMP3": "https://files.catbox.moe/qplq8g.mp3"
    },
    {
        "songNumber": 11,
        "animeEnglish": "Hunter X Hunter",
        "animeRomaji": "Hunter \u00d7 Hunter",
        "songName": "Ohay\u014d",
        "artist": "Keno",
        "type": "Opening 1",
        "correctCount": 146,
        "activePlayers": 394,
        "startSample": 5,
        "videoLength": 64.87,
        "linkWebm": "https://files.catbox.moe/0ywzpj.webm",
        "linkMP3": "https://files.catbox.moe/o015cm.mp3"
    },
    {
        "songNumber": 12,
        "animeEnglish": "New Dream Hunter Rem: Massacre in the Phantasmic Labyrinth",
        "animeRomaji": "New Dream Hunter Rem: Satsuriku no Mugen Meiky\u016b",
        "songName": "Yasashiki Montmartre",
        "artist": "Naoko Matsui",
        "type": "Insert Song",
        "correctCount": 2,
        "activePlayers": 393,
        "startSample": 0,
        "videoLength": 33.12,
        "linkWebm": "https://files.catbox.moe/9ehlu2.webm",
        "linkMP3": "https://files.catbox.moe/buy01k.mp3"
    },
    {
        "songNumber": 13,
        "animeEnglish": "ClassicaLoid",
        "animeRomaji": "ClassicaLoid",
        "songName": "How to Win! ~Toccata to Fugue yori~",
        "artist": "Tsunku\u2642 feat. Yukoh Kusunoki",
        "type": "Ending 12",
        "correctCount": 8,
        "activePlayers": 393,
        "startSample": 5,
        "videoLength": 88.44,
        "linkWebm": "https://files.catbox.moe/0gxdq3.webm",
        "linkMP3": "https://files.catbox.moe/q0q29p.mp3"
    },
    {
        "songNumber": 14,
        "animeEnglish": "Joshiraku",
        "animeRomaji": "Joshiraku",
        "songName": "Nippon Egao Hyakkei",
        "artist": "Momokurotei Ichimon",
        "type": "Ending 1",
        "correctCount": 185,
        "activePlayers": 393,
        "startSample": 4,
        "videoLength": 88.15,
        "linkWebm": "https://openings.moe/video/Joshiraku-ED01-NCOLD.webm",
        "linkMP3": "https://files.catbox.moe/6d8zoc.mp3"
    },
    {
        "songNumber": 15,
        "animeEnglish": "The Melancholy of Haruhi-chan Suzumiya",
        "animeRomaji": "Suzumiya Haruhi-chan no Y\u016butsu",
        "songName": "Ima made no Arasuji",
        "artist": "SOS-dan",
        "type": "Opening 1",
        "correctCount": 78,
        "activePlayers": 391,
        "startSample": 11,
        "videoLength": 60.08,
        "linkWebm": "https://files.catbox.moe/klkq9u.webm",
        "linkMP3": "https://files.catbox.moe/5sq0ij.mp3"
    },
    {
        "songNumber": 16,
        "animeEnglish": "The Slayers Try",
        "animeRomaji": "The Slayers Try",
        "songName": "somewhere",
        "artist": "Houko Kuwashima",
        "type": "Ending 2",
        "correctCount": 0,
        "activePlayers": 390,
        "startSample": 59,
        "videoLength": 152.16,
        "linkWebm": "https://files.catbox.moe/1kte0y.webm",
        "linkMP3": "https://files.catbox.moe/u6lo6f.mp3"
    },
    {
        "songNumber": 17,
        "animeEnglish": "School Rumble",
        "animeRomaji": "School Rumble",
        "songName": "Scramble",
        "artist": "Yui Horie with UNSCANDAL",
        "type": "Opening 1",
        "correctCount": 214,
        "activePlayers": 391,
        "startSample": 39,
        "videoLength": 89.97,
        "linkWebm": "https://files.catbox.moe/exoogc.webm",
        "linkMP3": "https://files.catbox.moe/zzjmxp.mp3"
    },
    {
        "songNumber": 18,
        "animeEnglish": "Someday's Dreamers",
        "animeRomaji": "Mah\u014dtsukai ni Taisetsu na Koto",
        "songName": "Kaze no Hana",
        "artist": "HANA HANA",
        "type": "Opening 1",
        "correctCount": 25,
        "activePlayers": 390,
        "startSample": 32,
        "videoLength": 87.61,
        "linkWebm": "https://files.catbox.moe/fdcv77.webm",
        "linkMP3": "https://files.catbox.moe/ym47iz.mp3"
    },
    {
        "songNumber": 19,
        "animeEnglish": "Idol Time PriPara",
        "animeRomaji": "Idol Time PriPara",
        "songName": "Marble Make up a-ha-ha!",
        "artist": "Himika Akaneya & Y\u016b Serizawa",
        "type": "Insert Song",
        "correctCount": 117,
        "activePlayers": 389,
        "startSample": 35,
        "videoLength": 120.96,
        "linkWebm": "https://files.catbox.moe/v2ssg7.webm",
        "linkMP3": "https://files.catbox.moe/517vzc.mp3"
    },
    {
        "songNumber": 20,
        "animeEnglish": "Aria the Scarlet Ammo",
        "animeRomaji": "Hidan no Aria",
        "songName": "Scarlet Ballet",
        "artist": "May'n",
        "type": "Opening 1",
        "correctCount": 164,
        "activePlayers": 387,
        "startSample": 24,
        "videoLength": 89.28,
        "linkWebm": "https://files.catbox.moe/v5ufgv.webm",
        "linkMP3": "https://files.catbox.moe/gr3k52.mp3"
    },
    {
        "songNumber": 21,
        "animeEnglish": "Lost Universe",
        "animeRomaji": "Lost Universe",
        "songName": "Infinity",
        "artist": "Megumi Hayashibara",
        "type": "Opening 1",
        "correctCount": 10,
        "activePlayers": 385,
        "startSample": 47,
        "videoLength": 94.04,
        "linkWebm": "https://files.catbox.moe/bxr66c.webm",
        "linkMP3": "https://files.catbox.moe/wp7zrh.mp3"
    },
    {
        "songNumber": 22,
        "animeEnglish": "Kino's Journey - Life Goes On",
        "animeRomaji": "Kino no Tabi - Nanika o Suru Tame ni - Life Goes On.",
        "songName": "all the way",
        "artist": "Mikuni Shimokawa",
        "type": "Opening 1",
        "correctCount": 173,
        "activePlayers": 384,
        "startSample": 40,
        "videoLength": 89.06,
        "linkWebm": "https://files.catbox.moe/v5b9it.webm",
        "linkMP3": "https://files.catbox.moe/ltt4je.mp3"
    },
    {
        "songNumber": 23,
        "animeEnglish": "Hatena Illusion",
        "animeRomaji": "Hatena Illusion",
        "songName": "Magic Words",
        "artist": "Liyuu",
        "type": "Opening 1",
        "correctCount": 94,
        "activePlayers": 385,
        "startSample": 18,
        "videoLength": 89.81,
        "linkWebm": "https://files.catbox.moe/tzweol.webm",
        "linkMP3": "https://files.catbox.moe/h3z4zo.mp3"
    },
    {
        "songNumber": 24,
        "animeEnglish": "Beyblade: Shogun Steel",
        "animeRomaji": "Metal Fight Beyblade Zero-G",
        "songName": "ZEROG Bey! Go!",
        "artist": "YU+KI",
        "type": "Opening 1",
        "correctCount": 10,
        "activePlayers": 385,
        "startSample": 24,
        "videoLength": 58.23,
        "linkWebm": "https://files.catbox.moe/lksv6r.webm",
        "linkMP3": "https://files.catbox.moe/yzj4z5.mp3"
    },
    {
        "songNumber": 25,
        "animeEnglish": "Mononoke",
        "animeRomaji": "Mononoke",
        "songName": "Natsu no Hana",
        "artist": "JUJU",
        "type": "Ending 1",
        "correctCount": 61,
        "activePlayers": 385,
        "startSample": 36,
        "videoLength": 78.05,
        "linkWebm": "https://files.catbox.moe/puin7c.webm",
        "linkMP3": "https://files.catbox.moe/ul2crp.mp3"
    },
    {
        "songNumber": 26,
        "animeEnglish": "Fullmetal Alchemist: The Movie - Conqueror of Shamballa",
        "animeRomaji": "Gekij\u014dban Hagane no Renkinjutsushi: Shamballa o Yuku Mono",
        "songName": "KELAS (Let's Dance)",
        "artist": "Tayo Awosusi",
        "type": "Insert Song",
        "correctCount": 24,
        "activePlayers": 385,
        "startSample": 7,
        "videoLength": 69.24,
        "linkWebm": "https://files.catbox.moe/bh6ba5.webm",
        "linkMP3": "https://files.catbox.moe/gnwh5b.mp3"
    },
    {
        "songNumber": 27,
        "animeEnglish": "Seitokai Yakuindomo",
        "animeRomaji": "Seitokai Yakuindomo",
        "songName": "Aoi Haru",
        "artist": "angela",
        "type": "Ending 1",
        "correctCount": 142,
        "activePlayers": 384,
        "startSample": 31,
        "videoLength": 88.2,
        "linkWebm": "https://files.catbox.moe/lregjj.webm",
        "linkMP3": "https://files.catbox.moe/20xgqq.mp3"
    },
    {
        "songNumber": 28,
        "animeEnglish": "Stratos 4 Advance",
        "animeRomaji": "Stratos 4 Advance",
        "songName": "1st Priority",
        "artist": "Melocure",
        "type": "Opening 1",
        "correctCount": 37,
        "activePlayers": 378,
        "startSample": 27,
        "videoLength": 91.06,
        "linkWebm": "https://files.catbox.moe/edrq7h.webm",
        "linkMP3": "https://files.catbox.moe/b14e3v.mp3"
    },
    {
        "songNumber": 29,
        "animeEnglish": "Please Save My Earth Music Image Video: Kin-Iro no Toki Nagarete",
        "animeRomaji": "Boku no Chiky\u016b o Mamotte Music Image Video ~Kin-Iro no Toki Nasarete~",
        "songName": "Yume no Sumika",
        "artist": "Rie Hamada",
        "type": "Insert Song",
        "correctCount": 1,
        "activePlayers": 376,
        "startSample": 76,
        "videoLength": 185.57,
        "linkWebm": "https://files.catbox.moe/vg1ity.webm",
        "linkMP3": "https://files.catbox.moe/j1sch3.mp3"
    },
    {
        "songNumber": 30,
        "animeEnglish": "Yattodetaman",
        "animeRomaji": "Yattodetaman",
        "songName": "Yattodetaman no uta",
        "artist": "Tosshu",
        "type": "Opening 1",
        "correctCount": 11,
        "activePlayers": 373,
        "startSample": 18,
        "videoLength": 74.3,
        "linkWebm": "https://files.catbox.moe/6tu72t.webm",
        "linkMP3": "https://files.catbox.moe/w0kjyj.mp3"
    },
    {
        "songNumber": 31,
        "animeEnglish": "Dragon Ball Z Kai",
        "animeRomaji": "Dragon Ball Kai",
        "songName": "Dragon Soul",
        "artist": "Takayoshi Tanimoto",
        "type": "Opening 1",
        "correctCount": 155,
        "activePlayers": 372,
        "startSample": 28,
        "videoLength": 84,
        "linkWebm": "https://files.catbox.moe/1re7yl.webm",
        "linkMP3": "https://files.catbox.moe/vp182q.mp3"
    },
    {
        "songNumber": 32,
        "animeEnglish": "Golgo 13: The Professional",
        "animeRomaji": "Golgo 13: The Professional",
        "songName": "Pray for You",
        "artist": "Cindy Wood",
        "type": "Opening 1",
        "correctCount": 2,
        "activePlayers": 374,
        "startSample": 121,
        "videoLength": 166.87,
        "linkWebm": "https://files.catbox.moe/7v6spm.webm",
        "linkMP3": "https://files.catbox.moe/76dhc4.mp3"
    },
    {
        "songNumber": 33,
        "animeEnglish": "Tomorrow's Joe 2",
        "animeRomaji": "Ashita no Joe 2",
        "songName": "MIDNIGHT BLUES",
        "artist": "Ichiro Araki",
        "type": "Opening 2",
        "correctCount": 46,
        "activePlayers": 373,
        "startSample": 42,
        "videoLength": 88.08,
        "linkWebm": "https://files.catbox.moe/5ylr1o.webm",
        "linkMP3": "https://files.catbox.moe/z51zfz.mp3"
    },
    {
        "songNumber": 34,
        "animeEnglish": "SHOW BY ROCK!! Mashumairesh!!",
        "animeRomaji": "SHOW BY ROCK!! Mashumairesh!!",
        "songName": "Colorful Snow Drop",
        "artist": "Criticrista",
        "type": "Insert Song",
        "correctCount": 7,
        "activePlayers": 371,
        "startSample": 0,
        "videoLength": 28.06,
        "linkWebm": "https://files.catbox.moe/4yofvy.webm",
        "linkMP3": "https://files.catbox.moe/9se5wy.mp3"
    },
    {
        "songNumber": 35,
        "animeEnglish": "Canvas 2: Niji-iro no Sketch",
        "animeRomaji": "Canvas 2: Niji-iro no Sketch",
        "songName": "Plastic Smile(Niji-iro Guitar VERSION)",
        "artist": "Honey Bee(YURIA)",
        "type": "Opening 1",
        "correctCount": 16,
        "activePlayers": 369,
        "startSample": 52,
        "videoLength": 89.95,
        "linkWebm": "https://files.catbox.moe/ib5afp.webm",
        "linkMP3": "https://files.catbox.moe/83zysf.mp3"
    },
    {
        "songNumber": 36,
        "animeEnglish": "Saint Young Men",
        "animeRomaji": "Saint\u2606Oniisan",
        "songName": "Dare mo Inai ne",
        "artist": "Keiichi Suzuki & Ryoumei Shirai",
        "type": "Insert Song",
        "correctCount": 10,
        "activePlayers": 368,
        "startSample": 53,
        "videoLength": 132.07,
        "linkWebm": "https://files.catbox.moe/o6fy8h.webm",
        "linkMP3": "https://files.catbox.moe/sfyt65.mp3"
    },
    {
        "songNumber": 37,
        "animeEnglish": "Skilled Teaser Takagi-san",
        "animeRomaji": "Karakai J\u014dzu no Takagi-san",
        "songName": "Chiisana Koi no Uta",
        "artist": "Rie Takahashi",
        "type": "Ending 5",
        "correctCount": 146,
        "activePlayers": 368,
        "startSample": 6,
        "videoLength": 88.19,
        "linkWebm": "https://files.catbox.moe/qneknm.webm",
        "linkMP3": "https://files.catbox.moe/l39vko.mp3"
    },
    {
        "songNumber": 38,
        "animeEnglish": "One Piece Film Z",
        "animeRomaji": "One Piece Film Z",
        "songName": "How You Remind Me",
        "artist": "AVRIL LAVIGNE",
        "type": "Ending 1",
        "correctCount": 131,
        "activePlayers": 368,
        "startSample": 12,
        "videoLength": 74.06,
        "linkWebm": "https://files.catbox.moe/2z02bp.webm",
        "linkMP3": "https://files.catbox.moe/8wfr5g.mp3"
    },
    {
        "songNumber": 39,
        "animeEnglish": "Lupin Sansei: Part IV",
        "animeRomaji": "Lupin Sansei",
        "songName": "THEME FROM LUPIN III 2015",
        "artist": "You & Explosion Band",
        "type": "Opening 1",
        "correctCount": 108,
        "activePlayers": 368,
        "startSample": 2,
        "videoLength": 78.91,
        "linkWebm": "https://files.catbox.moe/5m22h3.webm",
        "linkMP3": "https://files.catbox.moe/9e9han.mp3"
    },
    {
        "songNumber": 40,
        "animeEnglish": "GJ Club@",
        "animeRomaji": "GJ-bu@",
        "songName": "M\u014ds\u014d\u2605K\u014dkan Nikki",
        "artist": "Otome Shint\u014d",
        "type": "Opening 1",
        "correctCount": 109,
        "activePlayers": 368,
        "startSample": 41,
        "videoLength": 88.78,
        "linkWebm": "https://files.catbox.moe/6r2pbb.webm",
        "linkMP3": "https://files.catbox.moe/t22hrm.mp3"
    },
    {
        "songNumber": 41,
        "animeEnglish": "PERSONA5 the Animation",
        "animeRomaji": "PERSONA5 the Animation",
        "songName": "IT'S TOO LATE",
        "artist": "Lyn",
        "type": "Insert Song",
        "correctCount": 106,
        "activePlayers": 368,
        "startSample": 40,
        "videoLength": 116.09,
        "linkWebm": "https://files.catbox.moe/723qxw.webm",
        "linkMP3": "https://files.catbox.moe/tz9okq.mp3"
    },
    {
        "songNumber": 42,
        "animeEnglish": "K\u00e4mpfer",
        "animeRomaji": "K\u00e4mpfer",
        "songName": "Darling Darling",
        "artist": "Yui Horie",
        "type": "Insert Song",
        "correctCount": 81,
        "activePlayers": 367,
        "startSample": 0,
        "videoLength": 21.05,
        "linkWebm": "https://files.catbox.moe/frumjp.webm",
        "linkMP3": "https://files.catbox.moe/zv4l87.mp3"
    },
    {
        "songNumber": 43,
        "animeEnglish": "Eromanga Sensei",
        "animeRomaji": "Eromanga Sensei",
        "songName": "adrenaline!!!",
        "artist": "TrySail",
        "type": "Ending 1",
        "correctCount": 206,
        "activePlayers": 367,
        "startSample": 3,
        "videoLength": 87.38,
        "linkWebm": "https://files.catbox.moe/w2y5s2.webm",
        "linkMP3": "https://files.catbox.moe/6j2hkp.mp3"
    },
    {
        "songNumber": 44,
        "animeEnglish": "Michiko & Hatchin",
        "animeRomaji": "Michiko to Hatchin",
        "songName": "Paraiso",
        "artist": "SOIL & \"PIMP\" SESSIONS",
        "type": "Opening 1",
        "correctCount": 92,
        "activePlayers": 367,
        "startSample": 30,
        "videoLength": 78.91,
        "linkWebm": "https://files.catbox.moe/a1xufs.webm",
        "linkMP3": "https://files.catbox.moe/rhma9u.mp3"
    },
    {
        "songNumber": 45,
        "animeEnglish": "Recovery of an MMO Junkie",
        "animeRomaji": "Net-j\u016b no Susume",
        "songName": "Saturday Night Question",
        "artist": "Megumi Nakajima",
        "type": "Opening 1",
        "correctCount": 164,
        "activePlayers": 367,
        "startSample": 44,
        "videoLength": 88.22,
        "linkWebm": "https://files.catbox.moe/exd1zi.webm",
        "linkMP3": "https://files.catbox.moe/yt4zu2.mp3"
    },
    {
        "songNumber": 46,
        "animeEnglish": "YAT Anshin! Uch\u016b Ryok\u014d 2",
        "animeRomaji": "YAT Anshin! Uch\u016b Ryok\u014d 2",
        "songName": "Everlasting Loop",
        "artist": "Supersonic Float",
        "type": "Opening 1",
        "correctCount": 2,
        "activePlayers": 365,
        "startSample": 42,
        "videoLength": 91.37,
        "linkWebm": "https://files.catbox.moe/1dasgj.webm",
        "linkMP3": "https://files.catbox.moe/h63qui.mp3"
    },
    {
        "songNumber": 47,
        "animeEnglish": "Baby Steps",
        "animeRomaji": "Baby Steps",
        "songName": "Believe in yourself",
        "artist": "Mao Abe",
        "type": "Opening 1",
        "correctCount": 167,
        "activePlayers": 367,
        "startSample": 7,
        "videoLength": 86.71,
        "linkWebm": "https://files.catbox.moe/cis2hm.webm",
        "linkMP3": "https://files.catbox.moe/wbjpp4.mp3"
    },
    {
        "songNumber": 48,
        "animeEnglish": "Eden of the East: Paradise Lost",
        "animeRomaji": "Higashi no Eden Gekij\u014dban II: Paradise Lost",
        "songName": "Reveal the World",
        "artist": "BRENDA VAUGHN",
        "type": "Insert Song",
        "correctCount": 66,
        "activePlayers": 367,
        "startSample": 45,
        "videoLength": 238.34,
        "linkWebm": "https://files.catbox.moe/yuxm78.webm",
        "linkMP3": "https://files.catbox.moe/a5ul64.mp3"
    },
    {
        "songNumber": 49,
        "animeEnglish": "Hyouge Mono",
        "animeRomaji": "Hyouge Mono",
        "songName": "Ebi Sukui",
        "artist": "\u2606Taku Takahashi of m-flo",
        "type": "Opening 3",
        "correctCount": 17,
        "activePlayers": 366,
        "startSample": 27,
        "videoLength": 87.59,
        "linkWebm": "https://files.catbox.moe/pkibgd.webm",
        "linkMP3": "https://files.catbox.moe/zou9li.mp3"
    },
    {
        "songNumber": 50,
        "animeEnglish": "Tantei Opera Milky Holmes Summer Special",
        "animeRomaji": "Tantei Opera Milky Holmes SS (Summer Special)",
        "songName": "Seikai wa Hitotsu! Janai!!",
        "artist": "Milky Holmes",
        "type": "Opening 1",
        "correctCount": 81,
        "activePlayers": 365,
        "startSample": 9,
        "videoLength": 89.57,
        "linkWebm": "https://files.catbox.moe/x5m8fa.webm",
        "linkMP3": "https://files.catbox.moe/esds0k.mp3"
    },
    {
        "songNumber": 51,
        "animeEnglish": "The Numbers",
        "animeRomaji": "Nanbaka",
        "songName": "Rin! Rin! Hi! Hi!",
        "artist": "Hashiguchikanaderiya",
        "type": "Opening 1",
        "correctCount": 227,
        "activePlayers": 365,
        "startSample": 40,
        "videoLength": 86.76,
        "linkWebm": "https://files.catbox.moe/hg0ij6.webm",
        "linkMP3": "https://files.catbox.moe/jsgekx.mp3"
    },
    {
        "songNumber": 52,
        "animeEnglish": "Is It Wrong to Try to Pick Up Girls in a Dungeon?: Arrow of the Orion",
        "animeRomaji": "Dungeon ni Deai o Motomeru no wa Machigatteiru Dar\u014d ka: Orion no Ya",
        "songName": "Onaji Sora no Shita de",
        "artist": "Yuka Iguchi",
        "type": "Ending 1",
        "correctCount": 5,
        "activePlayers": 365,
        "startSample": 2,
        "videoLength": 271.99,
        "linkWebm": "https://files.catbox.moe/rdzawc.webm",
        "linkMP3": "https://files.catbox.moe/fnehl2.mp3"
    },
    {
        "songNumber": 53,
        "animeEnglish": "Armored Trooper Votoms Case;Irvine",
        "animeRomaji": "S\u014dk\u014d Kihei Votoms Case;Irvine",
        "songName": "Hoshi wo Motomete",
        "artist": "Aira Yuuki",
        "type": "Ending 1",
        "correctCount": 3,
        "activePlayers": 364,
        "startSample": 50,
        "videoLength": 153.75,
        "linkWebm": "https://files.catbox.moe/n1y8y6.webm",
        "linkMP3": "https://files.catbox.moe/ndtiu4.mp3"
    },
    {
        "songNumber": 54,
        "animeEnglish": "Magical Girl Lyrical Nanoha StrikerS",
        "animeRomaji": "Mah\u014d Sh\u014djo Lyrical Nanoha StrikerS",
        "songName": "Sora-iro no Yakusoku",
        "artist": "Chiwa Sait\u014d",
        "type": "Insert Song",
        "correctCount": 17,
        "activePlayers": 363,
        "startSample": 52,
        "videoLength": 87.05,
        "linkWebm": "https://files.catbox.moe/o8pzka.webm",
        "linkMP3": "https://files.catbox.moe/lyxim6.mp3"
    },
    {
        "songNumber": 55,
        "animeEnglish": "22/7",
        "animeRomaji": "22/7 (nanabun no nijy\u016bni)",
        "songName": "Rikaisha",
        "artist": "22/7",
        "type": "Insert Song",
        "correctCount": 86,
        "activePlayers": 363,
        "startSample": 41,
        "videoLength": 116.93,
        "linkWebm": "https://files.catbox.moe/gulybb.webm",
        "linkMP3": "https://files.catbox.moe/pc9e3m.mp3"
    },
    {
        "songNumber": 56,
        "animeEnglish": "Shin Chan",
        "animeRomaji": "Shin Chan",
        "songName": "Happy Happy",
        "artist": "Becky\u266a#",
        "type": "Opening 28",
        "correctCount": 12,
        "activePlayers": 361,
        "startSample": 23,
        "videoLength": 80.04,
        "linkWebm": "https://files.catbox.moe/0oq5zt.webm",
        "linkMP3": "https://files.catbox.moe/9y7u7u.mp3"
    },
    {
        "songNumber": 57,
        "animeEnglish": "07-Ghost",
        "animeRomaji": "07-Ghost",
        "songName": "Rags no Chinkonka",
        "artist": "Noria",
        "type": "Insert Song",
        "correctCount": 33,
        "activePlayers": 361,
        "startSample": 18,
        "videoLength": 97.73,
        "linkWebm": "https://files.catbox.moe/4cqgzg.webm",
        "linkMP3": "https://files.catbox.moe/w0lamx.mp3"
    },
    {
        "songNumber": 58,
        "animeEnglish": "Kuroko's Basketball",
        "animeRomaji": "Kuroko no Basuke",
        "songName": "Can Do",
        "artist": "GRANRODEO",
        "type": "Opening 1",
        "correctCount": 293,
        "activePlayers": 357,
        "startSample": 49,
        "videoLength": 90.38,
        "linkWebm": "https://files.catbox.moe/mgemk8.webm",
        "linkMP3": "https://files.catbox.moe/w9xigc.mp3"
    },
    {
        "songNumber": 59,
        "animeEnglish": "Barom One",
        "animeRomaji": "Barom One",
        "songName": "Ki-Mi-Da-Ke",
        "artist": "DASEIN",
        "type": "Opening 1",
        "correctCount": 15,
        "activePlayers": 357,
        "startSample": 38,
        "videoLength": 89.52,
        "linkWebm": "https://files.catbox.moe/hn2ajc.webm",
        "linkMP3": "https://files.catbox.moe/vxjqi9.mp3"
    },
    {
        "songNumber": 60,
        "animeEnglish": "ID: INVADED",
        "animeRomaji": "ID: INVADED",
        "songName": "Other Side",
        "artist": "MIYAVI",
        "type": "Ending 1",
        "correctCount": 156,
        "activePlayers": 357,
        "startSample": 19,
        "videoLength": 88.73,
        "linkWebm": "https://files.catbox.moe/t0hj72.webm",
        "linkMP3": "https://files.catbox.moe/9dyhhg.mp3"
    },
    {
        "songNumber": 61,
        "animeEnglish": "Speed Racer",
        "animeRomaji": "Mach Go Go Go",
        "songName": "Mach Go Go Go",
        "artist": "Vocal Shop",
        "type": "Opening 1",
        "correctCount": 119,
        "activePlayers": 357,
        "startSample": 67,
        "videoLength": 121.94,
        "linkWebm": "https://files.catbox.moe/gi3338.webm",
        "linkMP3": "https://files.catbox.moe/x5o15o.mp3"
    },
    {
        "songNumber": 62,
        "animeEnglish": "Gintama\u00b0",
        "animeRomaji": "Gintama\u00b0",
        "songName": "Acchi Muite",
        "artist": "Swimy",
        "type": "Ending 4",
        "correctCount": 100,
        "activePlayers": 356,
        "startSample": 4,
        "videoLength": 87.43,
        "linkWebm": "https://files.catbox.moe/a9fq3i.webm",
        "linkMP3": "https://files.catbox.moe/4nrkky.mp3"
    },
    {
        "songNumber": 63,
        "animeEnglish": "Pop Team Epic",
        "animeRomaji": "Poputepipikku",
        "songName": "POPPY PAPPY DAY",
        "artist": "Toshiki Masuda & Wataru Hatano",
        "type": "Ending 7",
        "correctCount": 149,
        "activePlayers": 355,
        "startSample": 7,
        "videoLength": 57.84,
        "linkWebm": "https://files.catbox.moe/d80kq5.webm",
        "linkMP3": "https://files.catbox.moe/57ys8f.mp3"
    },
    {
        "songNumber": 64,
        "animeEnglish": "Monster Strike the Animation",
        "animeRomaji": "Monster Strike the Animation",
        "songName": "WHAT YOU WANT",
        "artist": "Nana Mizuki",
        "type": "Ending 5",
        "correctCount": 6,
        "activePlayers": 353,
        "startSample": 27,
        "videoLength": 87.36,
        "linkWebm": "https://files.catbox.moe/pvtk6t.webm",
        "linkMP3": "https://files.catbox.moe/i1c1d2.mp3"
    },
    {
        "songNumber": 65,
        "animeEnglish": "Love Live! School idol project",
        "animeRomaji": "Love Live! School idol project",
        "songName": "Bokura wa Ima no Naka de",
        "artist": "\u03bc's",
        "type": "Opening 1",
        "correctCount": 271,
        "activePlayers": 353,
        "startSample": 22,
        "videoLength": 89.55,
        "linkWebm": "https://animethemes.moe/video/LoveLive-OP1.webm",
        "linkMP3": "https://files.catbox.moe/chzfsk.mp3"
    },
    {
        "songNumber": 66,
        "animeEnglish": "Blue Sonnet",
        "animeRomaji": "Akai Kiba Blue Sonnet",
        "songName": "WHAT IS LOVE",
        "artist": "GO!",
        "type": "Opening 1",
        "correctCount": 4,
        "activePlayers": 352,
        "startSample": 57,
        "videoLength": 90.89,
        "linkWebm": "https://files.catbox.moe/56et6q.webm",
        "linkMP3": "https://files.catbox.moe/wtg1h4.mp3"
    },
    {
        "songNumber": 67,
        "animeEnglish": "Darker than Black",
        "animeRomaji": "Darker than Black: Kuro no Keiyakusha",
        "songName": "HOWLING",
        "artist": "abingdon boys school",
        "type": "Opening 1",
        "correctCount": 194,
        "activePlayers": 352,
        "startSample": 21,
        "videoLength": 89.18,
        "linkWebm": "https://files.catbox.moe/1siw79.webm",
        "linkMP3": "https://files.catbox.moe/dudcm3.mp3"
    },
    {
        "songNumber": 68,
        "animeEnglish": "Sister Princess: Re Pure",
        "animeRomaji": "Sister Princess: Re Pure",
        "songName": "reminiscence",
        "artist": "Ritsuko Okazaki",
        "type": "Ending 6",
        "correctCount": 9,
        "activePlayers": 354,
        "startSample": 52,
        "videoLength": 102.74,
        "linkWebm": "https://files.catbox.moe/0hkcxw.webm",
        "linkMP3": "https://files.catbox.moe/4o0ngg.mp3"
    },
    {
        "songNumber": 69,
        "animeEnglish": "Pok\u00e9mon: Diamond and Pearl",
        "animeRomaji": "Pocket Monsters Diamond & Pearl",
        "songName": "We Will Carry On",
        "artist": "Adam Elk",
        "type": "Opening 4",
        "correctCount": 68,
        "activePlayers": 354,
        "startSample": 0,
        "videoLength": 38.26,
        "linkWebm": "https://animethemes.moe/video/PokemonDiamondAndPearlDub-OP4.webm",
        "linkMP3": "https://files.catbox.moe/mvsrz0.mp3"
    },
    {
        "songNumber": 70,
        "animeEnglish": "Wind: A Breath of Heart",
        "animeRomaji": "Wind: A Breath of Heart",
        "songName": "Feel on the wind",
        "artist": "Hiroko Kasahara",
        "type": "Opening 1",
        "correctCount": 8,
        "activePlayers": 354,
        "startSample": 4,
        "videoLength": 84.02,
        "linkWebm": "https://files.catbox.moe/qlugmw.webm",
        "linkMP3": "https://files.catbox.moe/n4njwp.mp3"
    },
    {
        "songNumber": 71,
        "animeEnglish": "The Heroic Legend of Arslan",
        "animeRomaji": "Arslan Senki",
        "songName": "Boku no Kotoba de wa Nai Kore wa Boku-tachi no Kotoba",
        "artist": "UVERworld",
        "type": "Opening 1",
        "correctCount": 123,
        "activePlayers": 354,
        "startSample": 7,
        "videoLength": 89.4,
        "linkWebm": "https://files.catbox.moe/vf7ulv.webm",
        "linkMP3": "https://files.catbox.moe/jobu9x.mp3"
    },
    {
        "songNumber": 72,
        "animeEnglish": "Bakugan: Armored Alliance",
        "animeRomaji": "Bakugan: Armored Alliance",
        "songName": "Go! Bakugan Blow!",
        "artist": "Shunsuke Takeuchi\u30fbRie Takahashi",
        "type": "Ending 1",
        "correctCount": 10,
        "activePlayers": 353,
        "startSample": 9,
        "videoLength": 78.1,
        "linkWebm": "https://files.catbox.moe/rnrzu7.webm",
        "linkMP3": "https://files.catbox.moe/d2euwt.mp3"
    },
    {
        "songNumber": 73,
        "animeEnglish": "Bloom Into You",
        "animeRomaji": "Yagate Kimi ni Naru",
        "songName": "hectopascal",
        "artist": "Y\u016bki Takada & Minako Kotobuki",
        "type": "Ending 1",
        "correctCount": 117,
        "activePlayers": 353,
        "startSample": 37,
        "videoLength": 87.72,
        "linkWebm": "https://files.catbox.moe/syueyw.webm",
        "linkMP3": "https://files.catbox.moe/owfz8q.mp3"
    },
    {
        "songNumber": 74,
        "animeEnglish": "Zillion",
        "animeRomaji": "Akai Kodan Zillion",
        "songName": "Rock Candy",
        "artist": "Risa Yuuki",
        "type": "Ending 2",
        "correctCount": 5,
        "activePlayers": 353,
        "startSample": 1,
        "videoLength": 65.17,
        "linkWebm": "https://files.catbox.moe/53fi5u.webm",
        "linkMP3": "https://files.catbox.moe/7bubho.mp3"
    },
    {
        "songNumber": 75,
        "animeEnglish": "Pocket Monsters Side Story",
        "animeRomaji": "Pocket Monsters Side Story",
        "songName": "Maemuki Rocket-dan!",
        "artist": "Rocket-dan",
        "type": "Ending 3",
        "correctCount": 149,
        "activePlayers": 352,
        "startSample": 37,
        "videoLength": 79.57,
        "linkWebm": "https://files.catbox.moe/krqezx.webm",
        "linkMP3": "https://files.catbox.moe/jfvqdi.mp3"
    }
]