[
    {
        "animeEng": "RIN-NE",
        "animeRomaji": "Ky\u014dkai no Rinne",
        "songName": "Ura no Ura",
        "artist": "Passepied",
        "type": "Opening 2",
        "correctCount": 21,
        "startTime": 25,
        "songDuration": 89.676826,
        "songNumber": 1,
        "activePlayerCount": 296,
        "LinkVideo": "https://files.catbox.moe/mmi40o.webm",
        "LinkMp3": "https://files.catbox.moe/vl21mo.mp3"
    },
    {
        "animeEng": "Dragon Ball: Yo! The Return of Son Goku and Friends!!",
        "animeRomaji": "Dragon Ball: Ossu! Kaette Kita Son Goku to Nakamatachi!!",
        "songName": "CHA-LA HEAD-CHA-LA",
        "artist": "Hironobu Kageyama",
        "type": "Opening 1",
        "correctCount": 271,
        "startTime": 33,
        "songDuration": 106.872,
        "songNumber": 2,
        "activePlayerCount": 294,
        "LinkVideo": "https://files.catbox.moe/399exj.webm",
        "LinkMp3": "https://files.catbox.moe/dsdjoz.mp3"
    },
    {
        "animeEng": "Psychic Force",
        "animeRomaji": "Psychic Force",
        "songName": "Friends",
        "artist": "Tomokazu Seki",
        "type": "Opening 1",
        "correctCount": 8,
        "startTime": 16,
        "songDuration": 84.870378,
        "songNumber": 3,
        "activePlayerCount": 292,
        "LinkVideo": "https://files.catbox.moe/bkp8f4.webm",
        "LinkMp3": "https://files.catbox.moe/h7zxpo.mp3"
    },
    {
        "animeEng": "Armored Fleet Dairugger XV",
        "animeRomaji": "Kikou Kantai Dairugger XV",
        "songName": "Ginga no Seishun",
        "artist": "Tsuneichi Kawazu",
        "type": "Opening 1",
        "correctCount": 66,
        "startTime": 29,
        "songDuration": 76.704,
        "songNumber": 4,
        "activePlayerCount": 291,
        "LinkVideo": "https://files.catbox.moe/l0c5dz.webm",
        "LinkMp3": "https://files.catbox.moe/vilzwa.mp3"
    },
    {
        "animeEng": "Saekano: How to Raise a Boring Girlfriend Flat",
        "animeRomaji": "Saenai Heroine no Sodate-kata Flat",
        "songName": "GLISTENING\u266d",
        "artist": "Kiyono Yasuno",
        "type": "Insert Song",
        "correctCount": 64,
        "startTime": 7,
        "songDuration": 132.12,
        "songNumber": 5,
        "activePlayerCount": 292,
        "LinkVideo": "https://files.catbox.moe/kfbvd6.webm",
        "LinkMp3": "https://files.catbox.moe/ihtxhs.mp3"
    },
    {
        "animeEng": "New Captain Tsubasa",
        "animeRomaji": "Shin Captain Tsubasa",
        "songName": "Saigo no First Kiss",
        "artist": "Shoko Suzuki",
        "type": "Ending 1",
        "correctCount": 2,
        "startTime": 44,
        "songDuration": 77.688,
        "songNumber": 6,
        "activePlayerCount": 291,
        "LinkVideo": "https://files.catbox.moe/jof21g.webm",
        "LinkMp3": "https://files.catbox.moe/6gv37m.mp3",
        "correctPlayers": [
            "Hidekihitsugaya",
            "Kamishiro"
        ]
    },
    {
        "animeEng": "Mao-chan",
        "animeRomaji": "Rikuj\u014d B\u014deitai Mao-chan",
        "songName": "It's my style",
        "artist": "Yui Horie",
        "type": "Ending 1",
        "correctCount": 6,
        "startTime": 6,
        "songDuration": 59.328,
        "songNumber": 7,
        "activePlayerCount": 291,
        "LinkVideo": "https://files.catbox.moe/2gzsdj.webm",
        "LinkMp3": "https://files.catbox.moe/etvx4t.mp3"
    },
    {
        "animeEng": "Dear Brother",
        "animeRomaji": "Onii-sama e...",
        "songName": "Kin no Utsuwa, Gin no Utsuwa",
        "artist": "Satomi Takada",
        "type": "Opening 1",
        "correctCount": 12,
        "startTime": 2,
        "songDuration": 106.344,
        "songNumber": 8,
        "activePlayerCount": 290,
        "LinkVideo": "https://files.catbox.moe/rm9j7s.webm",
        "LinkMp3": "https://files.catbox.moe/4hnz56.mp3"
    },
    {
        "animeEng": "Pollyanna",
        "animeRomaji": "Ai Sh\u014djo Pollyanna Monogatari",
        "songName": "Shiawase",
        "artist": "Youki Kudoh",
        "type": "Ending 2",
        "correctCount": 4,
        "startTime": 31,
        "songDuration": 82.392,
        "songNumber": 9,
        "activePlayerCount": 289,
        "LinkVideo": "https://files.catbox.moe/ig4a5g.webm",
        "LinkMp3": "https://files.catbox.moe/ed1bhd.mp3",
        "correctPlayers": [
            "80s",
            "UnstoppableSnail",
            "Hakemon",
            "OgawaModernNinja"
        ]
    },
    {
        "animeEng": "Someone's Gaze",
        "animeRomaji": "Dareka no Manazashi",
        "songName": "Sore de Ii yo",
        "artist": "Kazusa",
        "type": "Ending 1",
        "correctCount": 13,
        "startTime": 4,
        "songDuration": 113.928,
        "songNumber": 10,
        "activePlayerCount": 289,
        "LinkVideo": "https://files.catbox.moe/fdixvi.webm",
        "LinkMp3": "https://files.catbox.moe/usf6h9.mp3"
    },
    {
        "animeEng": "Gakusaver",
        "animeRomaji": "Ryuseiki Gakusaver",
        "songName": "Yozora no Hoshi ga Mite Iru",
        "artist": "Megumi Hayashibara, Yuko Mizutani, Sakiko Tamagawa, Ai Orikasa",
        "type": "Ending 1",
        "correctCount": 4,
        "startTime": 43,
        "songDuration": 89.833558,
        "songNumber": 11,
        "activePlayerCount": 289,
        "LinkVideo": "https://files.catbox.moe/c5zy3e.webm",
        "LinkMp3": "https://files.catbox.moe/8gkrdt.mp3",
        "correctPlayers": [
            "80s",
            "playfortnite",
            "Radhamantes",
            "LRschell"
        ]
    },
    {
        "animeEng": "Attack on Titan Season 2",
        "animeRomaji": "Shingeki no Kyojin Season 2",
        "songName": "Shinz\u014d wo Sasageyo!",
        "artist": "Linked Horizon",
        "type": "Opening 1",
        "correctCount": 254,
        "startTime": 44,
        "songDuration": 86.712,
        "songNumber": 12,
        "activePlayerCount": 288,
        "LinkVideo": "https://files.catbox.moe/ixq69m.webm",
        "LinkMp3": "https://files.catbox.moe/4qpohs.mp3"
    },
    {
        "animeEng": "Kaguya-sama: Love is War",
        "animeRomaji": "Kaguya-sama wa Kokurasetai: Tensai-tachi no Renai Zun\u014dsen",
        "songName": "Sentimental Crisis",
        "artist": "halca",
        "type": "Ending 1",
        "correctCount": 145,
        "startTime": 8,
        "songDuration": 88.776,
        "songNumber": 13,
        "activePlayerCount": 288,
        "LinkVideo": "https://files.catbox.moe/96clqj.webm",
        "LinkMp3": "https://files.catbox.moe/8zi2q4.mp3"
    },
    {
        "animeEng": "Maid Sama!",
        "animeRomaji": "Maid Sama!",
        "songName": "Akane",
        "artist": "U\u00d7Mishi",
        "type": "Insert Song",
        "correctCount": 50,
        "startTime": 25,
        "songDuration": 59.03572,
        "songNumber": 14,
        "activePlayerCount": 287,
        "LinkVideo": "https://files.catbox.moe/wtgl2c.webm",
        "LinkMp3": "https://files.catbox.moe/thw2hd.mp3"
    },
    {
        "animeEng": "Granblue Fantasy the Animation Season 2",
        "animeRomaji": "Granblue Fantasy the Animation Season 2",
        "songName": "Ao",
        "artist": "adieu",
        "type": "Ending 1",
        "correctCount": 40,
        "startTime": 22,
        "songDuration": 89.064,
        "songNumber": 15,
        "activePlayerCount": 287,
        "LinkVideo": "https://files.catbox.moe/2u3flg.webm",
        "LinkMp3": "https://files.catbox.moe/hx6xts.mp3"
    },
    {
        "animeEng": "Gugure! Kokkuri-san",
        "animeRomaji": "Gugure! Kokkuri-san",
        "songName": "Welcome!! DISCO Kemokemoke",
        "artist": "Daisuke Ono, Takahiro Sakurai, Jouji Nakata",
        "type": "Opening 1",
        "correctCount": 104,
        "startTime": 40,
        "songDuration": 87.792,
        "songNumber": 16,
        "activePlayerCount": 288,
        "LinkVideo": "https://files.catbox.moe/tr3d4j.webm",
        "LinkMp3": "https://files.catbox.moe/kb281d.mp3"
    },
    {
        "animeEng": "Gauche the Cellist",
        "animeRomaji": "Serohiki no Goshu",
        "songName": "Hoshimeguri no Uta",
        "artist": "Jidou Gasshou-dan Tomato",
        "type": "Opening 1",
        "correctCount": 18,
        "startTime": 9,
        "songDuration": 57.072,
        "songNumber": 17,
        "activePlayerCount": 288,
        "LinkVideo": "https://files.catbox.moe/5zhi4b.webm",
        "LinkMp3": "https://files.catbox.moe/y87f22.mp3"
    },
    {
        "animeEng": "When They Cry Kai",
        "animeRomaji": "Higurashi no Naku Koroni Kai",
        "songName": "Naraku no Hana",
        "artist": "Eiko Shimamiya",
        "type": "Opening 1",
        "correctCount": 139,
        "startTime": 34,
        "songDuration": 95.64,
        "songNumber": 18,
        "activePlayerCount": 286,
        "LinkVideo": "https://animethemes.moe/video/HigurashiKai-OP1.webm",
        "LinkMp3": "https://files.catbox.moe/81991h.mp3"
    },
    {
        "animeEng": "Love Live! Sunshine!!",
        "animeRomaji": "Love Live! School idol project Sunshine!!",
        "songName": "Yume Kataru yori Yume Utaou",
        "artist": "Anju Inami, Rikako Aida, Shuka Saitou, Aika Kobayashi, Kanako Takatsuki, Ai Furihata",
        "type": "Ending 7",
        "correctCount": 164,
        "startTime": 56,
        "songDuration": 96.984,
        "songNumber": 19,
        "activePlayerCount": 287,
        "LinkVideo": "https://files.catbox.moe/7ze3c2.webm",
        "LinkMp3": "https://files.catbox.moe/annkyz.mp3"
    },
    {
        "animeEng": "Planetes",
        "animeRomaji": "Planetes",
        "songName": "Dive in the Sky",
        "artist": "Mikio Sakai",
        "type": "Opening 1",
        "correctCount": 59,
        "startTime": 15,
        "songDuration": 89.049898,
        "songNumber": 20,
        "activePlayerCount": 286,
        "LinkVideo": "https://files.catbox.moe/tz35p2.webm",
        "LinkMp3": "https://files.catbox.moe/rc4cj0.mp3"
    },
    {
        "animeEng": "Stop! Hibari-kun",
        "animeRomaji": "Stop! Hibari-kun",
        "songName": "Stop! Hibari-kun!",
        "artist": "Yuki Yukino",
        "type": "Opening 1",
        "correctCount": 177,
        "startTime": 8,
        "songDuration": 90.864,
        "songNumber": 21,
        "activePlayerCount": 284,
        "LinkVideo": "https://files.catbox.moe/66b0rs.webm",
        "LinkMp3": "https://files.catbox.moe/rbo9xk.mp3"
    },
    {
        "animeEng": "Destiny Child",
        "animeRomaji": "Destiny Child",
        "songName": "Kizuna no Hate",
        "artist": "ESTi feat. Shihoko Hirata",
        "type": "Ending 1",
        "correctCount": 0,
        "startTime": 35,
        "songDuration": 108.744,
        "songNumber": 22,
        "activePlayerCount": 283,
        "LinkVideo": "https://files.catbox.moe/jotfbt.webm",
        "LinkMp3": "https://files.catbox.moe/smvcx7.mp3"
    },
    {
        "animeEng": "Battle Athletes Victory",
        "animeRomaji": "Battle Athletes Daiund\u014dkai",
        "songName": "Honey Bee",
        "artist": "Jamic Spoon",
        "type": "Ending 1",
        "correctCount": 1,
        "startTime": 12,
        "songDuration": 78.888,
        "songNumber": 23,
        "activePlayerCount": 283,
        "LinkVideo": "https://files.catbox.moe/26u525.webm",
        "LinkMp3": "https://files.catbox.moe/6gutn0.mp3",
        "correctPlayers": [
            "Celia_Chan"
        ]
    },
    {
        "animeEng": "Mizu-iro",
        "animeRomaji": "Mizu-iro",
        "songName": "Yasashisa no Hajimaru Basho",
        "artist": "Hiromi Satou",
        "type": "Ending 1",
        "correctCount": 11,
        "startTime": 62,
        "songDuration": 122.04,
        "songNumber": 24,
        "activePlayerCount": 282,
        "LinkVideo": "https://files.catbox.moe/fu5dei.webm",
        "LinkMp3": "https://files.catbox.moe/9f3ds5.mp3"
    },
    {
        "animeEng": "Quiz Magic Academy - The Original Animation 2",
        "animeRomaji": "Quiz Magic Academy - The Original Animation 2",
        "songName": "Up Beat Communication",
        "artist": "foo",
        "type": "Opening 1",
        "correctCount": 6,
        "startTime": 36,
        "songDuration": 75.264,
        "songNumber": 25,
        "activePlayerCount": 283,
        "LinkVideo": "https://files.catbox.moe/0vmqsm.webm",
        "LinkMp3": "https://files.catbox.moe/xblblp.mp3"
    },
    {
        "animeEng": "Onara Goro",
        "animeRomaji": "Onara Goro",
        "songName": "MECHA DESOUNARA ~Subete ni Sayo Onara~",
        "artist": "AndCrazy",
        "type": "Ending 1",
        "correctCount": 12,
        "startTime": 0,
        "songDuration": 29.568,
        "songNumber": 26,
        "activePlayerCount": 283,
        "LinkVideo": "https://files.catbox.moe/m5isgo.webm",
        "LinkMp3": "https://files.catbox.moe/zyykh5.mp3"
    },
    {
        "animeEng": "Kuroko's Basketball",
        "animeRomaji": "Kuroko no Basuke",
        "songName": "Catal Rhythm",
        "artist": "OLDCODEX",
        "type": "Ending 2",
        "correctCount": 94,
        "startTime": 23,
        "songDuration": 87.792,
        "songNumber": 27,
        "activePlayerCount": 283,
        "LinkVideo": "https://files.catbox.moe/kodquz.webm",
        "LinkMp3": "https://files.catbox.moe/zxp7k9.mp3"
    },
    {
        "animeEng": "Please Take My Brother Away! 2",
        "animeRomaji": "Ani Ni Tsukeru Kusuri wa Nai! 2",
        "songName": "Let Him Go!!",
        "artist": "Yuuka Neko",
        "type": "Opening 1",
        "correctCount": 88,
        "startTime": 0,
        "songDuration": 25.872,
        "songNumber": 28,
        "activePlayerCount": 284,
        "LinkVideo": "https://files.catbox.moe/gr2pwc.webm",
        "LinkMp3": "https://files.catbox.moe/5l37qm.mp3"
    },
    {
        "animeEng": "Tamako Market",
        "animeRomaji": "Tamako Market",
        "songName": "Koi no Uta",
        "artist": "Dynamite Beans",
        "type": "Insert Song",
        "correctCount": 96,
        "startTime": 0,
        "songDuration": 26.04,
        "songNumber": 29,
        "activePlayerCount": 284,
        "LinkVideo": "https://files.catbox.moe/yhtwck.webm",
        "LinkMp3": "https://files.catbox.moe/3mk2kg.mp3"
    },
    {
        "animeEng": "Wotakoi: Love is Hard for Otaku",
        "animeRomaji": "Otaku ni Koi wa Muzukashii",
        "songName": "Kimi no Tonari",
        "artist": "halca",
        "type": "Ending 1",
        "correctCount": 118,
        "startTime": 14,
        "songDuration": 89.16,
        "songNumber": 30,
        "activePlayerCount": 284,
        "LinkVideo": "https://files.catbox.moe/djejz2.webm",
        "LinkMp3": "https://files.catbox.moe/iwh4pu.mp3"
    },
    {
        "animeEng": "The Silver Guardian",
        "animeRomaji": "Gin no Guardian",
        "songName": "Mamori Tsunagu",
        "artist": "Rin Akatsuki",
        "type": "Opening 1",
        "correctCount": 43,
        "startTime": 42,
        "songDuration": 88.512,
        "songNumber": 31,
        "activePlayerCount": 283,
        "LinkVideo": "https://openings.moe/video/GinNoGuardian-OP01-NCOLD.webm",
        "LinkMp3": "https://files.catbox.moe/h18m5m.mp3"
    },
    {
        "animeEng": "PriPara",
        "animeRomaji": "PriPara",
        "songName": "Ready Smile!!",
        "artist": "i\u2606Ris",
        "type": "Insert Song",
        "correctCount": 75,
        "startTime": 7,
        "songDuration": 42.312,
        "songNumber": 32,
        "activePlayerCount": 282,
        "LinkVideo": "https://files.catbox.moe/dan5hs.webm",
        "LinkMp3": "https://files.catbox.moe/p98cvn.mp3"
    },
    {
        "animeEng": "Canvas: Sepia-iro no Motif",
        "animeRomaji": "Canvas: Sepia-iro no Motif",
        "songName": "Omoide",
        "artist": "Miyuki Kunitake",
        "type": "Insert Song",
        "correctCount": 5,
        "startTime": 146,
        "songDuration": 209.064,
        "songNumber": 33,
        "activePlayerCount": 281,
        "LinkVideo": "https://files.catbox.moe/abbt43.webm",
        "LinkMp3": "https://files.catbox.moe/opitqf.mp3",
        "correctPlayers": [
            "watashiii",
            "Radhamantes",
            "SuperstarPearl",
            "oh95",
            "LRschell"
        ]
    },
    {
        "animeEng": "Dororo",
        "animeRomaji": "Dororo",
        "songName": "Dororo",
        "artist": "ASIAN KUNG-FU GENERATION",
        "type": "Opening 2",
        "correctCount": 159,
        "startTime": 35,
        "songDuration": 88.992,
        "songNumber": 34,
        "activePlayerCount": 280,
        "LinkVideo": "https://files.catbox.moe/1xy8z5.webm",
        "LinkMp3": "https://files.catbox.moe/xt79z1.mp3"
    },
    {
        "animeEng": "City Hunter: Shinjuku Private Eyes",
        "animeRomaji": "City Hunter: Shinjuku Private Eyes",
        "songName": "Go Go Heaven",
        "artist": "Toshiyuki Ohsawa",
        "type": "Insert Song",
        "correctCount": 76,
        "startTime": 0,
        "songDuration": 20.424,
        "songNumber": 35,
        "activePlayerCount": 279,
        "LinkVideo": "https://files.catbox.moe/b41g4v.webm",
        "LinkMp3": "https://files.catbox.moe/qihwm3.mp3"
    },
    {
        "animeEng": "Chio's School Road",
        "animeRomaji": "Chio-chan no Ts\u016bgakuro",
        "songName": "Danger in my Ts\u016bgakuro",
        "artist": "Naomi \u014czora, Chiaki Omigawa, Kaede Hondo",
        "type": "Opening 1",
        "correctCount": 86,
        "startTime": 24,
        "songDuration": 88.848,
        "songNumber": 36,
        "activePlayerCount": 277,
        "LinkVideo": "https://files.catbox.moe/kos8ug.webm",
        "LinkMp3": "https://files.catbox.moe/8a5s2q.mp3"
    },
    {
        "animeEng": "The Asterisk War",
        "animeRomaji": "Gakusen Toshi Asterisk",
        "songName": "Brand-new World",
        "artist": "Shiena Nishizawa",
        "type": "Ending 2",
        "correctCount": 179,
        "startTime": 40,
        "songDuration": 87.768,
        "songNumber": 37,
        "activePlayerCount": 278,
        "LinkVideo": "https://files.catbox.moe/rypp7j.webm",
        "LinkMp3": "https://files.catbox.moe/f2r9or.mp3"
    },
    {
        "animeEng": "Overlord II",
        "animeRomaji": "Overlord II",
        "songName": "HYDRA",
        "artist": "MYTH & ROID",
        "type": "Ending 1",
        "correctCount": 161,
        "startTime": 15,
        "songDuration": 86.664,
        "songNumber": 38,
        "activePlayerCount": 278,
        "LinkVideo": "https://files.catbox.moe/tkzkd9.webm",
        "LinkMp3": "https://files.catbox.moe/umrxs2.mp3"
    },
    {
        "animeEng": "Bomberman B-Daman Bakugaiden V",
        "animeRomaji": "Bomberman B-Daman Bakugaiden V",
        "songName": "Tomodachi ga Takaramono ~Fantasy Version~",
        "artist": "Rinko Maki",
        "type": "Ending 1",
        "correctCount": 2,
        "startTime": 17,
        "songDuration": 60.096,
        "songNumber": 39,
        "activePlayerCount": 278,
        "LinkVideo": "https://files.catbox.moe/mutng3.webm",
        "LinkMp3": "https://files.catbox.moe/bn9wv8.mp3",
        "correctPlayers": [
            "asleep",
            "Foxkou"
        ]
    },
    {
        "animeEng": "Yatogame-chan Kansatsu Nikki 2",
        "animeRomaji": "Yatogame-chan Kansatsu Nikki Nisatsume",
        "songName": "Imaginary Love",
        "artist": "+\u03b1/Alfakyun",
        "type": "Ending 1",
        "correctCount": 32,
        "startTime": 0,
        "songDuration": 28.848,
        "songNumber": 40,
        "activePlayerCount": 276,
        "LinkVideo": "https://files.catbox.moe/sdyvg5.webm",
        "LinkMp3": "https://files.catbox.moe/uh9j3w.mp3"
    },
    {
        "animeEng": "Initial D: Fifth Stage",
        "animeRomaji": "Initial D: Fifth Stage",
        "songName": "THE RACE OF THE NIGHT",
        "artist": "DAVE RODGERS",
        "type": "Insert Song",
        "correctCount": 27,
        "startTime": 103,
        "songDuration": 178.439382,
        "songNumber": 41,
        "activePlayerCount": 276,
        "LinkVideo": "https://files.catbox.moe/lva7di.webm",
        "LinkMp3": "https://files.catbox.moe/klna1v.mp3"
    },
    {
        "animeEng": "Sankarea: Undying Love",
        "animeRomaji": "Sankarea",
        "songName": "Esoragoto",
        "artist": "nano.RIPE",
        "type": "Opening 1",
        "correctCount": 140,
        "startTime": 12,
        "songDuration": 88.752,
        "songNumber": 42,
        "activePlayerCount": 276,
        "LinkVideo": "https://files.catbox.moe/ag7r05.webm",
        "LinkMp3": "https://files.catbox.moe/15yh2t.mp3"
    },
    {
        "animeEng": "IyaPan",
        "animeRomaji": "Iya na Kao Sare Nagara Opantsu Misete Moraitai",
        "songName": "NEXT STAGE",
        "artist": "Akari Tsuda",
        "type": "Ending 1",
        "correctCount": 44,
        "startTime": 0,
        "songDuration": 28.776,
        "songNumber": 43,
        "activePlayerCount": 273,
        "LinkVideo": "https://files.catbox.moe/xqlzdp.webm",
        "LinkMp3": "https://files.catbox.moe/nula8r.mp3"
    },
    {
        "animeEng": "True Tears",
        "animeRomaji": "True Tears",
        "songName": "Reflectia",
        "artist": "eufonius",
        "type": "Ending 2",
        "correctCount": 117,
        "startTime": 49,
        "songDuration": 89.28,
        "songNumber": 44,
        "activePlayerCount": 273,
        "LinkVideo": "https://files.catbox.moe/4qadpg.webm",
        "LinkMp3": "https://files.catbox.moe/18d6ul.mp3"
    },
    {
        "animeEng": "Real Girl",
        "animeRomaji": "3D Kanojo Real Girl",
        "songName": "Daiji na Koto",
        "artist": "Quruli",
        "type": "Opening 1",
        "correctCount": 92,
        "startTime": 11,
        "songDuration": 89.448,
        "songNumber": 45,
        "activePlayerCount": 272,
        "LinkVideo": "https://files.catbox.moe/p4x19a.webm",
        "LinkMp3": "https://files.catbox.moe/jgbw0g.mp3"
    },
    {
        "animeEng": "Geneshaft",
        "animeRomaji": "Geneshaft",
        "songName": "Broken Camera",
        "artist": "JI-ZO",
        "type": "Ending 1",
        "correctCount": 4,
        "startTime": 22,
        "songDuration": 77.0599,
        "songNumber": 46,
        "activePlayerCount": 273,
        "LinkVideo": "https://files.catbox.moe/rfttwt.webm",
        "LinkMp3": "https://files.catbox.moe/u1fjan.mp3",
        "correctPlayers": [
            "LinoSenpai",
            "80s",
            "Romalllka",
            "Hakemon"
        ]
    },
    {
        "animeEng": "Macross Plus",
        "animeRomaji": "Macross Plus",
        "songName": "The Borderline",
        "artist": "Akino Arai",
        "type": "Insert Song",
        "correctCount": 18,
        "startTime": 68,
        "songDuration": 102.072,
        "songNumber": 47,
        "activePlayerCount": 273,
        "LinkVideo": "https://files.catbox.moe/yrb7lv.webm",
        "LinkMp3": "https://files.catbox.moe/zlgziv.mp3"
    },
    {
        "animeEng": "Samurai Pizza Cats",
        "animeRomaji": "Kyatto-Ninden Teyandee",
        "songName": "Otto Dokkoi Nihon Bare",
        "artist": "Rena Yazawa",
        "type": "Opening 1",
        "correctCount": 7,
        "startTime": 42,
        "songDuration": 87.792,
        "songNumber": 48,
        "activePlayerCount": 273,
        "LinkVideo": "https://files.catbox.moe/bv6zzb.webm",
        "LinkMp3": "https://files.catbox.moe/78z4ll.mp3"
    },
    {
        "animeEng": "World Trigger",
        "animeRomaji": "World Trigger",
        "songName": "GIRIGIRI",
        "artist": "Sonar Pocket",
        "type": "Opening 1",
        "correctCount": 95,
        "startTime": 10,
        "songDuration": 87.456,
        "songNumber": 49,
        "activePlayerCount": 273,
        "LinkVideo": "https://files.catbox.moe/fqdzdx.webm",
        "LinkMp3": "https://files.catbox.moe/o5lesh.mp3"
    },
    {
        "animeEng": "Smile Down the Runway",
        "animeRomaji": "Runway de Waratte",
        "songName": "LION",
        "artist": "Ami Sakaguchi",
        "type": "Opening 1",
        "correctCount": 64,
        "startTime": 38,
        "songDuration": 88.992,
        "songNumber": 50,
        "activePlayerCount": 274,
        "LinkVideo": "https://files.catbox.moe/7cwxuj.webm",
        "LinkMp3": "https://files.catbox.moe/i3qvfk.mp3"
    },
    {
        "animeEng": "Love, Chunibyo & Other Delusions! -Heart Throb-",
        "animeRomaji": "Chu-2 Byo demo Koi ga Shitai! Ren",
        "songName": "VOICE",
        "artist": "ZAQ",
        "type": "Opening 1",
        "correctCount": 143,
        "startTime": 28,
        "songDuration": 90.168,
        "songNumber": 51,
        "activePlayerCount": 274,
        "LinkVideo": "https://files.catbox.moe/fsy78x.webm",
        "LinkMp3": "https://files.catbox.moe/zghh2f.mp3"
    },
    {
        "animeEng": "Teeky\u016b",
        "animeRomaji": "Teeky\u016b",
        "songName": "Tottemo Safari",
        "artist": "Earth Star Dream",
        "type": "Opening 1",
        "correctCount": 197,
        "startTime": 0,
        "songDuration": 29.664,
        "songNumber": 52,
        "activePlayerCount": 274,
        "LinkVideo": "https://files.catbox.moe/zi4nv1.webm",
        "LinkMp3": "https://files.catbox.moe/goujze.mp3"
    },
    {
        "animeEng": "Scan2Go",
        "animeRomaji": "Scan2Go",
        "songName": "NEVER GIVE UP",
        "artist": "Kenji Kawami",
        "type": "Opening 1",
        "correctCount": 9,
        "startTime": 0,
        "songDuration": 90.042534,
        "songNumber": 53,
        "activePlayerCount": 272,
        "LinkVideo": "https://files.catbox.moe/iuiam0.webm",
        "LinkMp3": "https://files.catbox.moe/yve80n.mp3"
    },
    {
        "animeEng": "Jewelpet Kira\u2606Deco\u2014!",
        "animeRomaji": "Jewelpet Kira\u2606Deco\u2014!",
        "songName": "Zutto Zutto Tomodachi",
        "artist": "Mana Ashida",
        "type": "Ending 1",
        "correctCount": 9,
        "startTime": 33,
        "songDuration": 88.266238,
        "songNumber": 54,
        "activePlayerCount": 274,
        "LinkVideo": "https://files.catbox.moe/4oc9b5.webm",
        "LinkMp3": "https://files.catbox.moe/h3eti1.mp3"
    },
    {
        "animeEng": "Detective Conan: Conan vs Kid vs Yaiba",
        "animeRomaji": "Detective Conan: Conan vs Kid vs Yaiba",
        "songName": "Natsu no Maboroshi",
        "artist": "GARNET CROW",
        "type": "Ending 1",
        "correctCount": 95,
        "startTime": 36,
        "songDuration": 83.064,
        "songNumber": 55,
        "activePlayerCount": 274,
        "LinkVideo": "https://files.catbox.moe/bdrxh3.webm",
        "LinkMp3": "https://files.catbox.moe/v9126z.mp3"
    },
    {
        "animeEng": "Inazuma Eleven GO",
        "animeRomaji": "Inazuma Eleven GO",
        "songName": "Ten Made Todoke!",
        "artist": "T-Pistonz+KMC",
        "type": "Opening 1",
        "correctCount": 72,
        "startTime": 43,
        "songDuration": 83.877742,
        "songNumber": 56,
        "activePlayerCount": 275,
        "LinkVideo": "https://files.catbox.moe/ynad51.webm",
        "LinkMp3": "https://files.catbox.moe/reu135.mp3"
    },
    {
        "animeEng": "Mars Daybreak",
        "animeRomaji": "Kenran Butoh Sai: The Mars Daybreak",
        "songName": "Take\u2605Back",
        "artist": "G\u2605B Shelter",
        "type": "Opening 1",
        "correctCount": 11,
        "startTime": 24,
        "songDuration": 86.424,
        "songNumber": 57,
        "activePlayerCount": 275,
        "LinkVideo": "https://files.catbox.moe/warn1d.webm",
        "LinkMp3": "https://files.catbox.moe/j124i8.mp3"
    },
    {
        "animeEng": "PERSONA5 the Animation: Dark Sun",
        "animeRomaji": "PERSONA5 the Animation: Dark Sun",
        "songName": "Dark Sun...",
        "artist": "Lyn",
        "type": "Opening 1",
        "correctCount": 222,
        "startTime": 15,
        "songDuration": 87.613188,
        "songNumber": 58,
        "activePlayerCount": 275,
        "LinkVideo": "https://files.catbox.moe/ekxxf7.webm",
        "LinkMp3": "https://files.catbox.moe/ewf3kz.mp3"
    },
    {
        "animeEng": "PERSONA5 the Animation: Stars and Ours",
        "animeRomaji": "PERSONA5 the Animation: Stars and Ours",
        "songName": "Dark Sun...",
        "artist": "Lyn",
        "type": "Opening 1",
        "correctCount": 236,
        "startTime": 2,
        "songDuration": 87.613188,
        "songNumber": 59,
        "activePlayerCount": 274,
        "LinkVideo": "https://files.catbox.moe/ekxxf7.webm",
        "LinkMp3": "https://files.catbox.moe/ewf3kz.mp3"
    },
    {
        "animeEng": "BanG Dream! FILM LIVE",
        "animeRomaji": "BanG Dream! FILM LIVE",
        "songName": "Y.O.L.O ! ! ! ! !",
        "artist": "Afterglow",
        "type": "Insert Song",
        "correctCount": 98,
        "startTime": 70,
        "songDuration": 108.589154,
        "songNumber": 60,
        "activePlayerCount": 275,
        "LinkVideo": "https://files.catbox.moe/j9nt7y.webm",
        "LinkMp3": "https://files.catbox.moe/btt7m5.mp3"
    },
    {
        "animeEng": "Yuki Yuna is a Hero: Washio Sumi Chapter",
        "animeRomaji": "Y\u016bki Y\u016bna wa Y\u016bsha de Aru: Washio Sumi no Sh\u014d",
        "songName": "Jukai no Nakae",
        "artist": "Natsuki Nakamoto & Mao Takeda",
        "type": "Insert Song",
        "correctCount": 98,
        "startTime": 5,
        "songDuration": 38.503828,
        "songNumber": 61,
        "activePlayerCount": 275,
        "LinkVideo": "https://files.catbox.moe/3ozc7b.webm",
        "LinkMp3": "https://files.catbox.moe/aqyfyn.mp3"
    },
    {
        "animeEng": "Detroit Metal City",
        "animeRomaji": "Detroit Metal City",
        "songName": "Mad Monster",
        "artist": "Yuji Ueda",
        "type": "Insert Song",
        "correctCount": 114,
        "startTime": 56,
        "songDuration": 121.536,
        "songNumber": 62,
        "activePlayerCount": 275,
        "LinkVideo": "https://files.catbox.moe/ahqgpo.webm",
        "LinkMp3": "https://files.catbox.moe/xj1vwv.mp3"
    },
    {
        "animeEng": "Beelzebub: Hirotta Akachan wa Daima\u014d!?",
        "animeRomaji": "Beelzebub: Hirotta Akachan wa Daima\u014d!?",
        "songName": "Appare\u2606Banch\u014dsanj\u014d! Beelzebub!",
        "artist": "Hiroaki Takeuchi",
        "type": "Opening 1",
        "correctCount": 29,
        "startTime": 49,
        "songDuration": 89.023776,
        "songNumber": 63,
        "activePlayerCount": 275,
        "LinkVideo": "https://files.catbox.moe/bo427a.webm",
        "LinkMp3": "https://files.catbox.moe/yqgw3i.mp3"
    },
    {
        "animeEng": "Assassination Classroom the Movie: 365 Days' Time",
        "animeRomaji": "Ansatsu Ky\u014dshitsu: 365-nichi no Jikan",
        "songName": "Tabidachi no Uta",
        "artist": "3-nen E-gumi",
        "type": "Insert Song",
        "correctCount": 97,
        "startTime": 71,
        "songDuration": 243.096,
        "songNumber": 64,
        "activePlayerCount": 275,
        "LinkVideo": "https://files.catbox.moe/b1m2ia.webm",
        "LinkMp3": "https://files.catbox.moe/6nt1wj.mp3"
    },
    {
        "animeEng": "UFO Robo Grendizer",
        "animeRomaji": "UFO Robo Grendizer",
        "songName": "Uchuu no Ouja Grendizer",
        "artist": "Isao Sasaki",
        "type": "Ending 1",
        "correctCount": 42,
        "startTime": 34,
        "songDuration": 67.704,
        "songNumber": 65,
        "activePlayerCount": 275,
        "LinkVideo": "https://files.catbox.moe/iai90a.webm",
        "LinkMp3": "https://files.catbox.moe/09y3xr.mp3"
    },
    {
        "animeEng": "Durarara!! \u00d72 The Second Arc",
        "animeRomaji": "Durarara!!\u00d72 Ten",
        "songName": "Day you laugh",
        "artist": "Toshiyuki Toyonaga",
        "type": "Opening 1",
        "correctCount": 149,
        "startTime": 27,
        "songDuration": 87.408,
        "songNumber": 66,
        "activePlayerCount": 275,
        "LinkVideo": "https://files.catbox.moe/t45l0f.webm",
        "LinkMp3": "https://files.catbox.moe/9api3x.mp3"
    },
    {
        "animeEng": "Arifureta: From Commonplace to World's Strongest",
        "animeRomaji": "Arifureta Shokugy\u014d de Sekaisaiky\u014d",
        "songName": "FLARE",
        "artist": "Void_Chords feat. LIO",
        "type": "Opening 1",
        "correctCount": 145,
        "startTime": 26,
        "songDuration": 89.808,
        "songNumber": 67,
        "activePlayerCount": 275,
        "LinkVideo": "https://files.catbox.moe/ipv9nr.webm",
        "LinkMp3": "https://files.catbox.moe/s04zpe.mp3"
    },
    {
        "animeEng": "Sailor Moon R",
        "animeRomaji": "Bish\u014djo Senshi Sailor Moon R",
        "songName": "Moonlight Densetsu",
        "artist": "DALI",
        "type": "Opening 1",
        "correctCount": 241,
        "startTime": 15,
        "songDuration": 81.048,
        "songNumber": 68,
        "activePlayerCount": 275,
        "LinkVideo": "https://files.catbox.moe/3x26hk.webm",
        "LinkMp3": "https://files.catbox.moe/qej8ss.mp3"
    },
    {
        "animeEng": "Fate/Grand Order Absolute Demonic Front: Babylonia",
        "animeRomaji": "Fate/Grand Order: Zettai Maj\u016b Sensen Babylonia",
        "songName": "Prover",
        "artist": "milet",
        "type": "Ending 2",
        "correctCount": 144,
        "startTime": 25,
        "songDuration": 89.184,
        "songNumber": 69,
        "activePlayerCount": 275,
        "LinkVideo": "https://files.catbox.moe/5ofcut.webm",
        "LinkMp3": "https://files.catbox.moe/ipeor1.mp3"
    },
    {
        "animeEng": "Astro Boy",
        "animeRomaji": "Astro Boy Tetsuwan Atom",
        "songName": "Now or Never",
        "artist": "CHEMISTRY meets m-flo",
        "type": "Opening 2",
        "correctCount": 15,
        "startTime": 23,
        "songDuration": 89.256,
        "songNumber": 70,
        "activePlayerCount": 275,
        "LinkVideo": "https://files.catbox.moe/ed6kjg.webm",
        "LinkMp3": "https://files.catbox.moe/dm49vh.mp3"
    },
    {
        "animeEng": "Astro Boy",
        "animeRomaji": "Tetsuwan Atom",
        "songName": "Tetsuwan Atom",
        "artist": "Kamitakada Shounen Gasshoudan",
        "type": "Opening 1",
        "correctCount": 142,
        "startTime": 27,
        "songDuration": 73.089356,
        "songNumber": 71,
        "activePlayerCount": 275,
        "LinkVideo": "https://files.catbox.moe/9qvinm.webm",
        "LinkMp3": "https://files.catbox.moe/cjvk0z.mp3"
    },
    {
        "animeEng": "Dance with Devils: Fortuna",
        "animeRomaji": "Dance with Devils: Fortuna",
        "songName": "Watakushi wa Ch\u016bjitsuna Inu Desu",
        "artist": "Tatsuhisa Suzuki",
        "type": "Insert Song",
        "correctCount": 50,
        "startTime": 34,
        "songDuration": 89.184,
        "songNumber": 72,
        "activePlayerCount": 274,
        "LinkVideo": "https://files.catbox.moe/7smphb.webm",
        "LinkMp3": "https://files.catbox.moe/p42u66.mp3"
    },
    {
        "animeEng": "Papillon Rose",
        "animeRomaji": "Lingerie Senshi Papillon Rose",
        "songName": "Rosetta",
        "artist": "Yuki Masuda",
        "type": "Opening 1",
        "correctCount": 13,
        "startTime": 18,
        "songDuration": 87.888,
        "songNumber": 73,
        "activePlayerCount": 275,
        "LinkVideo": "https://files.catbox.moe/y6equj.webm",
        "LinkMp3": "https://files.catbox.moe/06tehz.mp3"
    },
    {
        "animeEng": "Elfen Lied",
        "animeRomaji": "Elfen Lied",
        "songName": "Lilium",
        "artist": "Kumiko Noma",
        "type": "Opening 1",
        "correctCount": 225,
        "startTime": 52,
        "songDuration": 88.872,
        "songNumber": 74,
        "activePlayerCount": 274,
        "LinkVideo": "https://files.catbox.moe/7sxgan.webm",
        "LinkMp3": "https://files.catbox.moe/xhm3pk.mp3"
    },
    {
        "animeEng": "Pok\u00e9mon the Movie: Kyurem VS. The Sword of Justice",
        "animeRomaji": "Gekij\u014dban Pocket Monsters Best Wishes! Kyurem Vs Seikenshi Keldeo",
        "songName": "Yajirushi ni Natte!",
        "artist": "Rica Matsumoto",
        "type": "Opening 1",
        "correctCount": 56,
        "startTime": 44,
        "songDuration": 150.048,
        "songNumber": 75,
        "activePlayerCount": 274,
        "LinkVideo": "https://files.catbox.moe/4u7w3y.webm",
        "LinkMp3": "https://files.catbox.moe/41xg4a.mp3"
    }
]