[
    {
        "animeEng": "Case Closed",
        "animeRomaji": "Meitantei Conan",
        "songName": "LIVING DAYLIGHTS",
        "artist": "TWO-MIX",
        "type": "Insert Song",
        "correctCount": 32,
        "startTime": 0,
        "songDuration": 27.384,
        "songNumber": 1,
        "activePlayerCount": 299,
        "LinkVideo": "https://files.catbox.moe/qhyb54.webm",
        "LinkMp3": "https://files.catbox.moe/sexwqw.mp3"
    },
    {
        "animeEng": "Transformers: Cybertron",
        "animeRomaji": "Transformers: Cybertron",
        "songName": "Itsumo",
        "artist": "Tomoka Issei",
        "type": "Ending 1",
        "correctCount": 4,
        "startTime": 41,
        "songDuration": 88.92,
        "songNumber": 2,
        "activePlayerCount": 297,
        "LinkVideo": "https://files.catbox.moe/u91m6t.webm",
        "LinkMp3": "https://files.catbox.moe/59sqtw.mp3",
        "correctPlayers": [
            "80s",
            "Salamander",
            "arrow",
            "Google"
        ]
    },
    {
        "animeEng": "Symphony in August",
        "animeRomaji": "8-gatsu no Symphony: Shibuya 2002\u20132003",
        "songName": "Shigure",
        "artist": "Ai Kawashima",
        "type": "Insert Song",
        "correctCount": 1,
        "startTime": 9,
        "songDuration": 91.368,
        "songNumber": 3,
        "activePlayerCount": 296,
        "LinkVideo": "https://files.catbox.moe/0efbf9.webm",
        "LinkMp3": "https://files.catbox.moe/x8p8w7.mp3",
        "correctPlayers": [
            "Celia_Chan"
        ]
    },
    {
        "animeEng": "Dies irae: To the Ring Reincarnation",
        "animeRomaji": "Dies irae: To the Ring Reincarnation",
        "songName": "Opera",
        "artist": "Phero\u2606Men",
        "type": "Ending 1",
        "correctCount": 41,
        "startTime": 43,
        "songDuration": 117.48,
        "songNumber": 4,
        "activePlayerCount": 294,
        "LinkVideo": "https://files.catbox.moe/c342me.webm",
        "LinkMp3": "https://files.catbox.moe/ehe3dj.mp3"
    },
    {
        "animeEng": "Symphony in August",
        "animeRomaji": "8-gatsu no Symphony: Shibuya 2002\u20132003",
        "songName": "Tenshi-tachi no Melody",
        "artist": "Ai Kawashima",
        "type": "Insert Song",
        "correctCount": 7,
        "startTime": 108,
        "songDuration": 177.36,
        "songNumber": 5,
        "activePlayerCount": 293,
        "LinkVideo": "https://files.catbox.moe/6wzctc.webm",
        "LinkMp3": "https://files.catbox.moe/tvepc8.mp3"
    },
    {
        "animeEng": "Soul Eater NOT!",
        "animeRomaji": "Soul Eater NOT!",
        "songName": "monochrome",
        "artist": "Dancing Dolls",
        "type": "Opening 1",
        "correctCount": 70,
        "startTime": 14,
        "songDuration": 87.912,
        "songNumber": 6,
        "activePlayerCount": 294,
        "LinkVideo": "https://files.catbox.moe/6dmsaf.webm",
        "LinkMp3": "https://files.catbox.moe/wxnd6f.mp3"
    },
    {
        "animeEng": "Ch\u00e4oS;HEAd",
        "animeRomaji": "Ch\u00e4oS;HEAd",
        "songName": "F.D.D.",
        "artist": "Kanako It\u014d",
        "type": "Opening 1",
        "correctCount": 132,
        "startTime": 49,
        "songDuration": 89.04,
        "songNumber": 7,
        "activePlayerCount": 293,
        "LinkVideo": "https://files.catbox.moe/c2fdlc.webm",
        "LinkMp3": "https://files.catbox.moe/b62mov.mp3"
    },
    {
        "animeEng": "Magician's Academy",
        "animeRomaji": "Macademi Wasshoi!",
        "songName": "Kimi no Hikoukigumo",
        "artist": "Ayako Kawasumi",
        "type": "Insert Song",
        "correctCount": 0,
        "startTime": 183,
        "songDuration": 257.328,
        "songNumber": 8,
        "activePlayerCount": 292,
        "LinkVideo": "https://files.catbox.moe/v6gf4l.webm",
        "LinkMp3": "https://files.catbox.moe/dv4ig5.mp3"
    },
    {
        "animeEng": "Hunter X Hunter",
        "animeRomaji": "Hunter X Hunter",
        "songName": "departure!",
        "artist": "Masatoshi Ono",
        "type": "Opening 1",
        "correctCount": 249,
        "startTime": 41,
        "songDuration": 78.528,
        "songNumber": 9,
        "activePlayerCount": 290,
        "LinkVideo": "https://files.catbox.moe/9nf5k2.webm",
        "LinkMp3": "https://files.catbox.moe/nnuuj0.mp3"
    },
    {
        "animeEng": "Shaman King",
        "animeRomaji": "Shaman King",
        "songName": "Hana Hoshi Sora",
        "artist": "Nana Mizuki",
        "type": "Insert Song",
        "correctCount": 17,
        "startTime": 18,
        "songDuration": 105.648,
        "songNumber": 10,
        "activePlayerCount": 291,
        "LinkVideo": "https://files.catbox.moe/3xvxq0.webm",
        "LinkMp3": "https://files.catbox.moe/q71i1h.mp3"
    },
    {
        "animeEng": "F\u016bsen Inu Tinny",
        "animeRomaji": "F\u016bsen Inu Tinny",
        "songName": "Tinny no Uta",
        "artist": "Sumire Morohoshi",
        "type": "Opening 1",
        "correctCount": 56,
        "startTime": 0,
        "songDuration": 24.192,
        "songNumber": 11,
        "activePlayerCount": 291,
        "LinkVideo": "https://files.catbox.moe/orntju.webm",
        "LinkMp3": "https://files.catbox.moe/4d259s.mp3"
    },
    {
        "animeEng": "Blue Drop",
        "animeRomaji": "Blue Drop - Tenshi-tachi no Gikyoku",
        "songName": "Tsubomi - Blue Dreams",
        "artist": "Suara",
        "type": "Ending 1",
        "correctCount": 10,
        "startTime": 31,
        "songDuration": 98.04,
        "songNumber": 12,
        "activePlayerCount": 290,
        "LinkVideo": "https://files.catbox.moe/67s9d7.webm",
        "LinkMp3": "https://files.catbox.moe/0pceg9.mp3"
    },
    {
        "animeEng": "PERSONA5 the Animation",
        "animeRomaji": "PERSONA5 the Animation",
        "songName": "Found a Light",
        "artist": "Lyn",
        "type": "Ending 2",
        "correctCount": 115,
        "startTime": 36,
        "songDuration": 87.456,
        "songNumber": 13,
        "activePlayerCount": 289,
        "LinkVideo": "https://files.catbox.moe/6zhoco.webm",
        "LinkMp3": "https://files.catbox.moe/5obg4n.mp3"
    },
    {
        "animeEng": "Takamiya Nasuno Desu!",
        "animeRomaji": "Takamiya Nasuno Desu!",
        "songName": "Kogane no Kinderella ~Gozen 0-ji ni Mah\u014d wa Hodokezu~",
        "artist": "Ky\u014dko Narumi",
        "type": "Opening 1",
        "correctCount": 51,
        "startTime": 0,
        "songDuration": 29.064,
        "songNumber": 14,
        "activePlayerCount": 290,
        "LinkVideo": "https://files.catbox.moe/n0av83.webm",
        "LinkMp3": "https://files.catbox.moe/th2pnm.mp3"
    },
    {
        "animeEng": "Zombie-Loan",
        "animeRomaji": "Zombie-Loan",
        "songName": "Chain Ring",
        "artist": "MUCC",
        "type": "Ending 1",
        "correctCount": 14,
        "startTime": 37,
        "songDuration": 88.248,
        "songNumber": 15,
        "activePlayerCount": 286,
        "LinkVideo": "https://files.catbox.moe/h56twu.webm",
        "LinkMp3": "https://files.catbox.moe/jcerr0.mp3"
    },
    {
        "animeEng": "Samurai Jam -Bakumatsu Rock-",
        "animeRomaji": "Bakumatsu Rock",
        "songName": "Over Mirage",
        "artist": "Justice",
        "type": "Insert Song",
        "correctCount": 2,
        "startTime": 1,
        "songDuration": 34.533284,
        "songNumber": 16,
        "activePlayerCount": 287,
        "LinkVideo": "https://files.catbox.moe/tf2k9r.webm",
        "LinkMp3": "https://files.catbox.moe/bshb8v.mp3",
        "correctPlayers": [
            "asleep",
            "Sniparook"
        ]
    },
    {
        "animeEng": "Jinryoku Senkan!? Shiokaze Sawakaze",
        "animeRomaji": "Jinryoku Senkan!? Shiokaze Sawakaze",
        "songName": "help!!",
        "artist": "BiSH",
        "type": "Opening 1",
        "correctCount": 11,
        "startTime": 46,
        "songDuration": 90,
        "songNumber": 17,
        "activePlayerCount": 288,
        "LinkVideo": "https://files.catbox.moe/3q17ml.webm",
        "LinkMp3": "https://files.catbox.moe/j6296n.mp3"
    },
    {
        "animeEng": "Soul Eater",
        "animeRomaji": "Soul Eater",
        "songName": "Counter Identity",
        "artist": "UNISON SQUARE GARDEN",
        "type": "Opening 1",
        "correctCount": 80,
        "startTime": 25,
        "songDuration": 90.042534,
        "songNumber": 18,
        "activePlayerCount": 289,
        "LinkVideo": "https://files.catbox.moe/34jvnd.webm",
        "LinkMp3": "https://files.catbox.moe/5vbbxa.mp3"
    },
    {
        "animeEng": "Magic Knight Rayearth",
        "animeRomaji": "Magic Knight Rayearth",
        "songName": "Yuzurenai Negai\uff1cUnplugged Version\uff1e",
        "artist": "Naomi Tamura",
        "type": "Insert Song",
        "correctCount": 8,
        "startTime": 1,
        "songDuration": 216.72,
        "songNumber": 19,
        "activePlayerCount": 289,
        "LinkVideo": "https://files.catbox.moe/f0s99r.webm",
        "LinkMp3": "https://files.catbox.moe/5pte98.mp3"
    },
    {
        "animeEng": "Kemono Friends",
        "animeRomaji": "Kemono Friends",
        "songName": "Y\u014dkoso Japari Park e",
        "artist": "D\u014dbutsu Biscuit x PPP",
        "type": "Opening 1",
        "correctCount": 172,
        "startTime": 17,
        "songDuration": 89.952,
        "songNumber": 20,
        "activePlayerCount": 289,
        "LinkVideo": "https://files.catbox.moe/mr4y70.webm",
        "LinkMp3": "https://files.catbox.moe/qcag9v.mp3"
    },
    {
        "animeEng": "El-Hazard: The Wanderers",
        "animeRomaji": "Shinpi no Sekai El Hazard",
        "songName": "ILLUSION",
        "artist": "INVOICE",
        "type": "Ending 2",
        "correctCount": 9,
        "startTime": 10,
        "songDuration": 106.752,
        "songNumber": 21,
        "activePlayerCount": 289,
        "LinkVideo": "https://files.catbox.moe/o006i7.webm",
        "LinkMp3": "https://files.catbox.moe/re5txe.mp3"
    },
    {
        "animeEng": "Put It All in the Ring 1: Japan vs. USA Chapter",
        "animeRomaji": "Ring ni Kakero 1: Nichibei Kessen-hen",
        "songName": "Asu e no T\u014dshi",
        "artist": "Marina del ray",
        "type": "Opening 1",
        "correctCount": 28,
        "startTime": 45,
        "songDuration": 90.036,
        "songNumber": 22,
        "activePlayerCount": 288,
        "LinkVideo": "https://files.catbox.moe/sloour.webm",
        "LinkMp3": "https://files.catbox.moe/eoz7ty.mp3"
    },
    {
        "animeEng": "Accel World: Infinite Burst",
        "animeRomaji": "Accel World: Infinite Burst",
        "songName": "PLASMIC FIRE",
        "artist": "KOTOKO\u00d7ALTIMA",
        "type": "Ending 1",
        "correctCount": 55,
        "startTime": 4,
        "songDuration": 101.616,
        "songNumber": 23,
        "activePlayerCount": 288,
        "LinkVideo": "https://files.catbox.moe/f5te8g.webm",
        "LinkMp3": "https://files.catbox.moe/mayrdt.mp3"
    },
    {
        "animeEng": "Pandora Hearts",
        "animeRomaji": "Pandora Hearts",
        "songName": "Parallel Hearts",
        "artist": "FictionJunction",
        "type": "Opening 1",
        "correctCount": 107,
        "startTime": 27,
        "songDuration": 90.888,
        "songNumber": 24,
        "activePlayerCount": 286,
        "LinkVideo": "https://files.catbox.moe/dutftf.webm",
        "LinkMp3": "https://files.catbox.moe/mej27w.mp3"
    },
    {
        "animeEng": "IDOLiSH7 Second BEAT!",
        "animeRomaji": "IDOLiSH7 Second BEAT!",
        "songName": "Dancing\u221eBEAT!!",
        "artist": "S\u014dma Sait\u014d, Toshiki Masuda, Y\u016bsuke Shirai, Tsubasa Yonaga, KENN, Atsushi Abe, Takuya Eguchi",
        "type": "Insert Song",
        "correctCount": 14,
        "startTime": 0,
        "songDuration": 28.992,
        "songNumber": 25,
        "activePlayerCount": 287,
        "LinkVideo": "https://files.catbox.moe/5jyws7.webm",
        "LinkMp3": "https://files.catbox.moe/4zg2il.mp3"
    },
    {
        "animeEng": "Forest of Piano",
        "animeRomaji": "Piano no Mori",
        "songName": "Umi e",
        "artist": "Kai Ichinose",
        "type": "Opening 1",
        "correctCount": 231,
        "startTime": 37,
        "songDuration": 89.544,
        "songNumber": 26,
        "activePlayerCount": 286,
        "LinkVideo": "https://files.catbox.moe/lczge7.webm",
        "LinkMp3": "https://files.catbox.moe/1jhtu6.mp3"
    },
    {
        "animeEng": "J\u016bni Taisen: Zodiac War",
        "animeRomaji": "J\u016bni Taisen: Zodiac War",
        "songName": "Silver Moon",
        "artist": "Do As Infinity",
        "type": "Insert Song",
        "correctCount": 53,
        "startTime": 22,
        "songDuration": 87.624,
        "songNumber": 27,
        "activePlayerCount": 286,
        "LinkVideo": "https://files.catbox.moe/akgofk.webm",
        "LinkMp3": "https://files.catbox.moe/4zmno4.mp3"
    },
    {
        "animeEng": "Strike The Blood III",
        "animeRomaji": "Strike The Blood III",
        "songName": "Blood and Emotions",
        "artist": "Kishida Ky\u014ddan &THE Akeboshi Rockets",
        "type": "Opening 1",
        "correctCount": 82,
        "startTime": 27,
        "songDuration": 88.512,
        "songNumber": 28,
        "activePlayerCount": 286,
        "LinkVideo": "https://files.catbox.moe/fkow6k.webm",
        "LinkMp3": "https://files.catbox.moe/myoxmo.mp3"
    },
    {
        "animeEng": "This Boy is a Professional Wizard",
        "animeRomaji": "Kono Danshi, Mah\u014d ga Oshigoto Desu.",
        "songName": "Kimi no Kotoba",
        "artist": "Sh\u014dta Aoi",
        "type": "Opening 1",
        "correctCount": 25,
        "startTime": 0,
        "songDuration": 31.464,
        "songNumber": 29,
        "activePlayerCount": 286,
        "LinkVideo": "https://files.catbox.moe/4midrj.webm",
        "LinkMp3": "https://files.catbox.moe/hzbflo.mp3"
    },
    {
        "animeEng": "iDOLM@STER: Live For You!",
        "animeRomaji": "iDOLM@STER: Live For You!",
        "songName": "The iDOLM@STER",
        "artist": "765PRO ALLSTARS",
        "type": "Ending 1",
        "correctCount": 114,
        "startTime": 67,
        "songDuration": 119.976,
        "songNumber": 30,
        "activePlayerCount": 284,
        "LinkVideo": "https://files.catbox.moe/cx1u4i.webm",
        "LinkMp3": "https://files.catbox.moe/xui9va.mp3"
    },
    {
        "animeEng": "Zombieland Saga",
        "animeRomaji": "Zombieland Saga",
        "songName": "Atsuku Nare",
        "artist": "FranChouChou",
        "type": "Insert Song",
        "correctCount": 71,
        "startTime": 65,
        "songDuration": 131.16,
        "songNumber": 31,
        "activePlayerCount": 285,
        "LinkVideo": "https://files.catbox.moe/xzimxu.webm",
        "LinkMp3": "https://files.catbox.moe/lnku4y.mp3"
    },
    {
        "animeEng": "Saint Seiya: The Lost Canvas",
        "animeRomaji": "Saint Seiya: The Lost Canvas - Mei\u014d Shinwa 2nd Chapter",
        "songName": "The Realm of Athena",
        "artist": "EUROX",
        "type": "Opening 1",
        "correctCount": 82,
        "startTime": 8,
        "songDuration": 88.0849,
        "songNumber": 32,
        "activePlayerCount": 281,
        "LinkVideo": "https://files.catbox.moe/mpsc3u.webm",
        "LinkMp3": "https://files.catbox.moe/f5kayu.mp3"
    },
    {
        "animeEng": "Honey and Clover II",
        "animeRomaji": "Hachikuro II",
        "songName": "Fugainaiya",
        "artist": "YUKI",
        "type": "Opening 1",
        "correctCount": 68,
        "startTime": 48,
        "songDuration": 89.702948,
        "songNumber": 33,
        "activePlayerCount": 281,
        "LinkVideo": "https://files.catbox.moe/8g648o.webm",
        "LinkMp3": "https://files.catbox.moe/lk7yde.mp3"
    },
    {
        "animeEng": "Lucky Star",
        "animeRomaji": "Lucky Star OVA",
        "songName": "Ai o Torimodose!!",
        "artist": "Uchoten",
        "type": "Ending 1",
        "correctCount": 238,
        "startTime": 14,
        "songDuration": 106.824,
        "songNumber": 34,
        "activePlayerCount": 280,
        "LinkVideo": "https://files.catbox.moe/9g7uwj.webm",
        "LinkMp3": "https://files.catbox.moe/lomjyq.mp3"
    },
    {
        "animeEng": "Haikyu!!",
        "animeRomaji": "Haikyu!!",
        "songName": "Tenchi Gaeshi",
        "artist": "NICO Touches the Walls",
        "type": "Ending 1",
        "correctCount": 108,
        "startTime": 38,
        "songDuration": 88.658068,
        "songNumber": 35,
        "activePlayerCount": 278,
        "LinkVideo": "https://files.catbox.moe/8sfuoo.webm",
        "LinkMp3": "https://files.catbox.moe/xuxju0.mp3"
    },
    {
        "animeEng": "Terraformars Revenge",
        "animeRomaji": "Terraformars Revenge",
        "songName": "PLANET / THE HELL",
        "artist": "Seikima-II",
        "type": "Opening 2",
        "correctCount": 54,
        "startTime": 19,
        "songDuration": 76.728,
        "songNumber": 36,
        "activePlayerCount": 280,
        "LinkVideo": "https://files.catbox.moe/ms827s.webm",
        "LinkMp3": "https://files.catbox.moe/ufhjav.mp3"
    },
    {
        "animeEng": "Eiga Yo-kai Watch: Forever Friends",
        "animeRomaji": "Eiga Yo-kai Watch: Forever Friends",
        "songName": "Daisuki Datta",
        "artist": "Tohoshinki",
        "type": "Ending 1",
        "correctCount": 3,
        "startTime": 141,
        "songDuration": 276.96,
        "songNumber": 37,
        "activePlayerCount": 277,
        "LinkVideo": "https://files.catbox.moe/9nxq8h.webm",
        "LinkMp3": "https://files.catbox.moe/yydqgw.mp3",
        "correctPlayers": [
            "raisinmuffins",
            "asleep",
            "arrow"
        ]
    },
    {
        "animeEng": "Sky Wizards Academy",
        "animeRomaji": "K\u016bsen Mad\u014dshi K\u014dhosei no Ky\u014dkan",
        "songName": "Hallelujah",
        "artist": "la la larks",
        "type": "Ending 1",
        "correctCount": 29,
        "startTime": 35,
        "songDuration": 83.016,
        "songNumber": 38,
        "activePlayerCount": 278,
        "LinkVideo": "https://files.catbox.moe/1ni5r7.webm",
        "LinkMp3": "https://files.catbox.moe/jjxp6w.mp3"
    },
    {
        "animeEng": "Doraemon: Nobita in Dorabian Nights",
        "animeRomaji": "Doraemon: Nobita in Dorabian Nights",
        "songName": "Doraemon no Uta",
        "artist": "Satoko Yamano",
        "type": "Opening 1",
        "correctCount": 179,
        "startTime": 4,
        "songDuration": 71.286938,
        "songNumber": 39,
        "activePlayerCount": 279,
        "LinkVideo": "https://files.catbox.moe/5yb025.webm",
        "LinkMp3": "https://files.catbox.moe/qdyvq3.mp3"
    },
    {
        "animeEng": "Soul Eater NOT!",
        "animeRomaji": "Soul Eater NOT!",
        "songName": "Kimi ga Ireba",
        "artist": "Haruka Chisuga & Aoi Y\u016bki & Saori Hayami",
        "type": "Insert Song",
        "correctCount": 21,
        "startTime": 20,
        "songDuration": 72.384,
        "songNumber": 40,
        "activePlayerCount": 278,
        "LinkVideo": "https://files.catbox.moe/t96mpt.webm",
        "LinkMp3": "https://files.catbox.moe/5udai8.mp3"
    },
    {
        "animeEng": "Dream Festival! R",
        "animeRomaji": "Dream Festival! R",
        "songName": "ALL FOR SMILE!",
        "artist": "KUROFUNE",
        "type": "Ending 2",
        "correctCount": 4,
        "startTime": 24,
        "songDuration": 89.807436,
        "songNumber": 41,
        "activePlayerCount": 278,
        "LinkVideo": "https://files.catbox.moe/wl3zhb.webm",
        "LinkMp3": "https://files.catbox.moe/jb7sxn.mp3",
        "correctPlayers": [
            "anonimus_opinion",
            "Rukawa11",
            "bobbymeow13",
            "SuperstarPearl"
        ]
    },
    {
        "animeEng": "Dragon Collection",
        "animeRomaji": "Dragon Collection",
        "songName": "Bucchigiri Fantastic",
        "artist": "Nagareda Project",
        "type": "Insert Song",
        "correctCount": 1,
        "startTime": 1,
        "songDuration": 71.328,
        "songNumber": 42,
        "activePlayerCount": 278,
        "LinkVideo": "https://files.catbox.moe/ja5o2c.webm",
        "LinkMp3": "https://files.catbox.moe/h4kqll.mp3",
        "correctPlayers": [
            "Sherkhan"
        ]
    },
    {
        "animeEng": "Noragami Aragoto",
        "animeRomaji": "Noragami Aragoto",
        "songName": "Ky\u014dran Hey Kids!!",
        "artist": "THE ORAL CIGARETTES",
        "type": "Opening 1",
        "correctCount": 232,
        "startTime": 20,
        "songDuration": 90.12,
        "songNumber": 43,
        "activePlayerCount": 277,
        "LinkVideo": "https://files.catbox.moe/dlvkgy.webm",
        "LinkMp3": "https://files.catbox.moe/z0hzhp.mp3"
    },
    {
        "animeEng": "Outbreak Company",
        "animeRomaji": "Outbreak Company - Moeru Shinryakusha",
        "songName": "Univer Page",
        "artist": "Suzuko Mimori",
        "type": "Opening 1",
        "correctCount": 129,
        "startTime": 30,
        "songDuration": 88.392,
        "songNumber": 44,
        "activePlayerCount": 277,
        "LinkVideo": "https://openings.moe/video/OutbreakCompany-OP01-NCBD.webm",
        "LinkMp3": "https://files.catbox.moe/1kqk9z.mp3"
    },
    {
        "animeEng": "BOFURI: I Don\u2019t Want to Get Hurt, so I\u2019ll Max Out My Defense",
        "animeRomaji": "Itai no wa Iya nano de B\u014dgyoryoku ni Kyokufuri Shitai to Omoimasu.",
        "songName": "Play the world",
        "artist": "Rico Sasaki",
        "type": "Ending 1",
        "correctCount": 79,
        "startTime": 1,
        "songDuration": 88.824,
        "songNumber": 45,
        "activePlayerCount": 278,
        "LinkVideo": "https://files.catbox.moe/fcydfc.webm",
        "LinkMp3": "https://files.catbox.moe/7h0nvg.mp3"
    },
    {
        "animeEng": "Heaven's Lost Property Forte",
        "animeRomaji": "Sora no Otoshimono: Forte",
        "songName": "Kaerazaru Hi no Tame ni",
        "artist": "Soichiro Hoshi, Saori Hayami, Mina, Tatsuhisa Suzuki, Ayahi Takagaki, Iori Nomizu, Kaori Fukuhara",
        "type": "Ending 7",
        "correctCount": 12,
        "startTime": 23,
        "songDuration": 88.056,
        "songNumber": 46,
        "activePlayerCount": 278,
        "LinkVideo": "https://files.catbox.moe/7jnyki.webm",
        "LinkMp3": "https://files.catbox.moe/6x3hnm.mp3"
    },
    {
        "animeEng": "Gintama. Silver Soul Arc",
        "animeRomaji": "Gintama. Shirogane no Tamashii-hen",
        "songName": "I Wanna Be...",
        "artist": "SPYAIR",
        "type": "Opening 2",
        "correctCount": 90,
        "startTime": 10,
        "songDuration": 89.712,
        "songNumber": 47,
        "activePlayerCount": 277,
        "LinkVideo": "https://files.catbox.moe/6wua9v.webm",
        "LinkMp3": "https://files.catbox.moe/yr5jq0.mp3"
    },
    {
        "animeEng": "Bobobo-bo Bo-bobo",
        "animeRomaji": "Bobobo-bo Bo-bobo",
        "songName": "Baka Survivor",
        "artist": "Ulfuls",
        "type": "Opening 2",
        "correctCount": 154,
        "startTime": 11,
        "songDuration": 89.88,
        "songNumber": 48,
        "activePlayerCount": 277,
        "LinkVideo": "https://files.catbox.moe/evnwmg.webm",
        "LinkMp3": "https://files.catbox.moe/pinsuj.mp3"
    },
    {
        "animeEng": "Chaika - The Coffin Princess",
        "animeRomaji": "Hitsugi no Chaika",
        "songName": "DARAKENA",
        "artist": "Iori Nomizu",
        "type": "Opening 1",
        "correctCount": 140,
        "startTime": 3,
        "songDuration": 89.07602,
        "songNumber": 49,
        "activePlayerCount": 277,
        "LinkVideo": "https://openings.moe/video/HitsugiNoChaika-OP01-NCBD.webm",
        "LinkMp3": "https://files.catbox.moe/1wered.mp3"
    },
    {
        "animeEng": "Servant \u00d7 Service",
        "animeRomaji": "Servant \u00d7 Service",
        "songName": "Hachimitsu Doki",
        "artist": "Aki Toyosaki",
        "type": "Ending 3",
        "correctCount": 50,
        "startTime": 14,
        "songDuration": 89.184,
        "songNumber": 50,
        "activePlayerCount": 278,
        "LinkVideo": "https://files.catbox.moe/wnossx.webm",
        "LinkMp3": "https://files.catbox.moe/zmcvv5.mp3"
    },
    {
        "animeEng": "Day Break Illusion",
        "animeRomaji": "Genei o Kakeru Taiy\u014d",
        "songName": "tr\u00e4umerei",
        "artist": "LiSA",
        "type": "Insert Song",
        "correctCount": 107,
        "startTime": 49,
        "songDuration": 109.008,
        "songNumber": 51,
        "activePlayerCount": 278,
        "LinkVideo": "https://files.catbox.moe/sytjb1.webm",
        "LinkMp3": "https://files.catbox.moe/51ull3.mp3"
    },
    {
        "animeEng": "Goldfish Warning!",
        "animeRomaji": "Kingyo Ch\u016bih\u014d!",
        "songName": "Super Kingyo",
        "artist": "Junko Uchida",
        "type": "Ending 1",
        "correctCount": 8,
        "startTime": 16,
        "songDuration": 83.303058,
        "songNumber": 52,
        "activePlayerCount": 278,
        "LinkVideo": "https://files.catbox.moe/y551ba.webm",
        "LinkMp3": "https://files.catbox.moe/eo8p1r.mp3"
    },
    {
        "animeEng": "Food Wars! The Fifth Plate",
        "animeRomaji": "Shokugeki no S\u014dma: G\u014d no Sara",
        "songName": "Last Chapter",
        "artist": "nano.RIPE",
        "type": "Opening 1",
        "correctCount": 117,
        "startTime": 47,
        "songDuration": 88.824,
        "songNumber": 53,
        "activePlayerCount": 278,
        "LinkVideo": "https://files.catbox.moe/8r6l6k.webm",
        "LinkMp3": "https://files.catbox.moe/0srkrs.mp3"
    },
    {
        "animeEng": "Demon Slayer: Kimetsu no Yaiba",
        "animeRomaji": "Kimetsu no Yaiba",
        "songName": "Gurenge",
        "artist": "LiSA",
        "type": "Opening 1",
        "correctCount": 243,
        "startTime": 16,
        "songDuration": 88.736434,
        "songNumber": 54,
        "activePlayerCount": 278,
        "LinkVideo": "https://files.catbox.moe/sbjkc0.webm",
        "LinkMp3": "https://files.catbox.moe/u68gkz.mp3"
    },
    {
        "animeEng": "Morita-san wa Mukuchi",
        "animeRomaji": "Morita-san wa Mukuchi",
        "songName": "Morita-san wa Mukuchi",
        "artist": "MM first",
        "type": "Opening 1",
        "correctCount": 13,
        "startTime": 10,
        "songDuration": 58.776,
        "songNumber": 55,
        "activePlayerCount": 277,
        "LinkVideo": "https://files.catbox.moe/65rlg8.webm",
        "LinkMp3": "https://files.catbox.moe/2cxjxw.mp3"
    },
    {
        "animeEng": "Yu Yu Hakusho",
        "animeRomaji": "Yu Yu Hakusho",
        "songName": "Hohoemi no Bakudan",
        "artist": "Matsuko Mawatari",
        "type": "Ending 1",
        "correctCount": 218,
        "startTime": 32,
        "songDuration": 83.04,
        "songNumber": 56,
        "activePlayerCount": 277,
        "LinkVideo": "https://files.catbox.moe/33czdb.webm",
        "LinkMp3": "https://files.catbox.moe/t6opi6.mp3"
    },
    {
        "animeEng": "Ryokunohara Labyrinth - Sparkling Phantom",
        "animeRomaji": "Ryokunohara Meiky\u016b",
        "songName": "Ryokunohara-za Flight Planet",
        "artist": "Naoko Sugimoto",
        "type": "Opening 1",
        "correctCount": 1,
        "startTime": 5,
        "songDuration": 130.008,
        "songNumber": 57,
        "activePlayerCount": 276,
        "LinkVideo": "https://files.catbox.moe/hdtweo.webm",
        "LinkMp3": "https://files.catbox.moe/qdyyp2.mp3",
        "correctPlayers": [
            "Celia_Chan"
        ]
    },
    {
        "animeEng": "Campus Special Investigator Hikaruon",
        "animeRomaji": "Gakuen Tokus\u014d Hikaruon",
        "songName": "Rekkuu! Gakuen Tokus\u014d Hikaruon",
        "artist": "Kumi Kaneko & Akira Kushida",
        "type": "Opening 1",
        "correctCount": 8,
        "startTime": 7,
        "songDuration": 80.976,
        "songNumber": 58,
        "activePlayerCount": 275,
        "LinkVideo": "https://files.catbox.moe/kkpn8v.webm",
        "LinkMp3": "https://files.catbox.moe/u34htc.mp3"
    },
    {
        "animeEng": "PriPara & Kiratto Pri\u2606Chan ~Kira Kira Memorial Live~",
        "animeRomaji": "PriPara & Kiratto Pri\u2606Chan ~Kira Kira Memorial Live~",
        "songName": "Kokoro J\u016bden!",
        "artist": "Sayuri Hara",
        "type": "Insert Song",
        "correctCount": 14,
        "startTime": 27,
        "songDuration": 70.704,
        "songNumber": 59,
        "activePlayerCount": 275,
        "LinkVideo": "https://files.catbox.moe/327rru.webm",
        "LinkMp3": "https://files.catbox.moe/f1emku.mp3"
    },
    {
        "animeEng": "My Teen Romantic Comedy SNAFU",
        "animeRomaji": "Oregairu",
        "songName": "Yukitoki",
        "artist": "Nagi Yanagi",
        "type": "Opening 1",
        "correctCount": 214,
        "startTime": 42,
        "songDuration": 89.544,
        "songNumber": 60,
        "activePlayerCount": 276,
        "LinkVideo": "https://files.catbox.moe/b5g7em.webm",
        "LinkMp3": "https://files.catbox.moe/i48cex.mp3"
    },
    {
        "animeEng": "Steamboy",
        "animeRomaji": "Steamboy",
        "songName": "Ray's Theme",
        "artist": "Steve Jablonsky",
        "type": "Ending 1",
        "correctCount": 1,
        "startTime": 272,
        "songDuration": 353.688,
        "songNumber": 61,
        "activePlayerCount": 277,
        "LinkVideo": "https://files.catbox.moe/oqazmh.webm",
        "LinkMp3": "https://files.catbox.moe/uh8qr4.mp3",
        "correctPlayers": [
            "kageyamah"
        ]
    },
    {
        "animeEng": "Persona4 the Golden ANIMATION",
        "animeRomaji": "Persona4 the Golden ANIMATION",
        "songName": "key plus words",
        "artist": "Shihoko Hirata feat. Yumi Kawamura",
        "type": "Opening 3",
        "correctCount": 125,
        "startTime": 6,
        "songDuration": 89.088,
        "songNumber": 62,
        "activePlayerCount": 276,
        "LinkVideo": "https://files.catbox.moe/xnr533.webm",
        "LinkMp3": "https://files.catbox.moe/jsyap9.mp3"
    },
    {
        "animeEng": "The Great Passage",
        "animeRomaji": "Fune o Amu",
        "songName": "Shiokaze",
        "artist": "Taiiku Okazaki",
        "type": "Opening 1",
        "correctCount": 82,
        "startTime": 13,
        "songDuration": 88.776,
        "songNumber": 63,
        "activePlayerCount": 275,
        "LinkVideo": "https://openings.moe/video/FuneWoAmu-OP01-NCBD.webm",
        "LinkMp3": "https://files.catbox.moe/s3uzuy.mp3"
    },
    {
        "animeEng": "Lupin III: Part II",
        "animeRomaji": "Lupin Sansei: Part II",
        "songName": "LUPIN III '79 (Non-vocal)",
        "artist": "Yuji Ohno",
        "type": "Opening 3",
        "correctCount": 35,
        "startTime": 43,
        "songDuration": 79.32,
        "songNumber": 64,
        "activePlayerCount": 275,
        "LinkVideo": "https://files.catbox.moe/x3h87s.webm",
        "LinkMp3": "https://files.catbox.moe/9unrkh.mp3"
    },
    {
        "animeEng": "O Maidens in Your Savage Season",
        "animeRomaji": "Araburu Kisetsu no Otome-domo yo.",
        "songName": "Otome Domo yo.",
        "artist": "CHiCO with HoneyWorks",
        "type": "Opening 1",
        "correctCount": 144,
        "startTime": 29,
        "songDuration": 89.064,
        "songNumber": 65,
        "activePlayerCount": 274,
        "LinkVideo": "https://files.catbox.moe/u6qpu5.webm",
        "LinkMp3": "https://files.catbox.moe/rftngr.mp3"
    },
    {
        "animeEng": "Free! Eternal Summer",
        "animeRomaji": "Free! Eternal Summer",
        "songName": "FUTURE FISH",
        "artist": "STYLE FIVE",
        "type": "Ending 1",
        "correctCount": 59,
        "startTime": 52,
        "songDuration": 88.368,
        "songNumber": 66,
        "activePlayerCount": 275,
        "LinkVideo": "https://files.catbox.moe/kf8xc0.webm",
        "LinkMp3": "https://files.catbox.moe/wp9n7p.mp3"
    },
    {
        "animeEng": "Ushio & Tora: Comically Deformed Theater",
        "animeRomaji": "Ushio to Tora: Comical D\u00e9former Gekij\u014d",
        "songName": "Y\u016bki no Fighter",
        "artist": "Yasu",
        "type": "Opening 1",
        "correctCount": 8,
        "startTime": 5,
        "songDuration": 72.024,
        "songNumber": 67,
        "activePlayerCount": 276,
        "LinkVideo": "https://files.catbox.moe/yyx2d0.webm",
        "LinkMp3": "https://files.catbox.moe/5kf88n.mp3"
    },
    {
        "animeEng": "Soul Eater",
        "animeRomaji": "Soul Eater",
        "songName": "PAPERMOON",
        "artist": "Tommy heavenly\u2076",
        "type": "Opening 2",
        "correctCount": 195,
        "startTime": 34,
        "songDuration": 88.992,
        "songNumber": 68,
        "activePlayerCount": 276,
        "LinkVideo": "https://files.catbox.moe/s1lotg.webm",
        "LinkMp3": "https://files.catbox.moe/csz22e.mp3"
    },
    {
        "animeEng": "Assassination Classroom the Movie: 365 Days' Time",
        "animeRomaji": "Ansatsu Ky\u014dshitsu: 365-nichi no Jikan",
        "songName": "Tabidachi no Uta",
        "artist": "3-nen E-gumi",
        "type": "Insert Song",
        "correctCount": 46,
        "startTime": 18,
        "songDuration": 243.096,
        "songNumber": 69,
        "activePlayerCount": 275,
        "LinkVideo": "https://files.catbox.moe/b1m2ia.webm",
        "LinkMp3": "https://files.catbox.moe/6nt1wj.mp3"
    },
    {
        "animeEng": "Happy Lesson",
        "animeRomaji": "Happy Lesson",
        "songName": "Yume no Miyako TOKYO LIFE",
        "artist": "Akiko Nakagawa",
        "type": "Ending 1",
        "correctCount": 5,
        "startTime": 12,
        "songDuration": 114,
        "songNumber": 70,
        "activePlayerCount": 275,
        "LinkVideo": "https://files.catbox.moe/q0efh6.webm",
        "LinkMp3": "https://files.catbox.moe/f5t9cx.mp3",
        "correctPlayers": [
            "SymBios",
            "KurooWX",
            "Odayakajanai",
            "Kxzumas",
            "Sherkhan"
        ]
    },
    {
        "animeEng": "Dusk maiden of Amnesia",
        "animeRomaji": "Tasogare Otome\u00d7Amnesia",
        "songName": "CHOIR JAIL",
        "artist": "Konomi Suzuki",
        "type": "Opening 1",
        "correctCount": 115,
        "startTime": 30,
        "songDuration": 88.584,
        "songNumber": 71,
        "activePlayerCount": 275,
        "LinkVideo": "https://files.catbox.moe/f0uo2g.webm",
        "LinkMp3": "https://files.catbox.moe/cz9lyb.mp3"
    },
    {
        "animeEng": "Dororo",
        "animeRomaji": "Dororo",
        "songName": "Dororo",
        "artist": "ASIAN KUNG-FU GENERATION",
        "type": "Opening 2",
        "correctCount": 161,
        "startTime": 7,
        "songDuration": 88.992,
        "songNumber": 72,
        "activePlayerCount": 276,
        "LinkVideo": "https://files.catbox.moe/1xy8z5.webm",
        "LinkMp3": "https://files.catbox.moe/xt79z1.mp3"
    },
    {
        "animeEng": "Fist of the North Star",
        "animeRomaji": "Hokuto no Ken",
        "songName": "Ai o Torimodose!!",
        "artist": "Crystal King",
        "type": "Opening 1",
        "correctCount": 179,
        "startTime": 9,
        "songDuration": 91.272,
        "songNumber": 73,
        "activePlayerCount": 276,
        "LinkVideo": "https://files.catbox.moe/6cp460.webm",
        "LinkMp3": "https://files.catbox.moe/9gz2zp.mp3"
    },
    {
        "animeEng": "RIN-NE 2",
        "animeRomaji": "Ky\u014dkai no Rinne",
        "songName": "Beautiful Life",
        "artist": "Shiggy Jr.",
        "type": "Ending 2",
        "correctCount": 10,
        "startTime": 0,
        "songDuration": 88.605824,
        "songNumber": 74,
        "activePlayerCount": 274,
        "LinkVideo": "https://files.catbox.moe/1kqvm0.webm",
        "LinkMp3": "https://files.catbox.moe/sm5rx7.mp3"
    },
    {
        "animeEng": "Hell Girl",
        "animeRomaji": "Jigoku Sh\u014djo",
        "songName": "Sakasama no Ch\u014d",
        "artist": "SNoW",
        "type": "Opening 1",
        "correctCount": 106,
        "startTime": 14,
        "songDuration": 90.30525,
        "songNumber": 75,
        "activePlayerCount": 274,
        "LinkVideo": "https://files.catbox.moe/ynfj11.webm",
        "LinkMp3": "https://files.catbox.moe/xse0sx.mp3"
    }
]