[
    {
        "animeEng": "Patema Inverted",
        "animeRomaji": "Sakasama no Patema",
        "songName": "Patema Inverse",
        "artist": "Estelle Micheau",
        "type": "Ending 1",
        "correctCount": 27,
        "startTime": 125,
        "songDuration": 176.064,
        "songNumber": 1,
        "activePlayerCount": 186,
        "LinkVideo": "https://files.catbox.moe/1xhchj.webm",
        "LinkMp3": "https://files.catbox.moe/ewd04b.mp3",
        "annId": 13906
    },
    {
        "animeEng": "Pok\u00e9mon Chronicles",
        "animeRomaji": "Pocket Monsters Side Story",
        "songName": "Nyarth no Party",
        "artist": "Inuko Inuyama",
        "type": "Ending 6",
        "correctCount": 121,
        "startTime": 43,
        "songDuration": 78.940684,
        "songNumber": 2,
        "activePlayerCount": 195,
        "LinkVideo": "https://files.catbox.moe/y5b5t9.webm",
        "LinkMp3": "https://files.catbox.moe/l8vral.mp3",
        "annId": 15668
    },
    {
        "animeEng": "All Purpose Cultural Cat Girl Nuku Nuku",
        "animeRomaji": "Bannou Bunka Neko-Musume",
        "songName": "Oshiete Happiness",
        "artist": "Megumi Hayashibara",
        "type": "Ending 1",
        "correctCount": 13,
        "startTime": 55,
        "songDuration": 170.688,
        "songNumber": 3,
        "activePlayerCount": 201,
        "LinkVideo": "https://files.catbox.moe/xrqw5b.webm",
        "LinkMp3": "https://files.catbox.moe/fxn35u.mp3",
        "annId": 556
    },
    {
        "animeEng": "Yu-Gi-Oh! VRAINS",
        "animeRomaji": "Yu-Gi-Oh! VRAINS",
        "songName": "With The Wind",
        "artist": "Hiroaki TOMMY Tominaga",
        "type": "Opening 1",
        "correctCount": 37,
        "startTime": 49,
        "songDuration": 88.368,
        "songNumber": 4,
        "activePlayerCount": 205,
        "LinkVideo": "https://files.catbox.moe/79zo3o.webm",
        "LinkMp3": "https://files.catbox.moe/5uwxp6.mp3",
        "annId": 19180
    },
    {
        "animeEng": "Nyaruko: Crawling with Love! W",
        "animeRomaji": "Haiyore! Nyaruko-san W",
        "songName": "Kirai na Wake Lychee",
        "artist": "RAMM ni Haiyoru Tamao-san",
        "type": "Ending 3",
        "correctCount": 5,
        "startTime": 27,
        "songDuration": 89.016,
        "songNumber": 5,
        "activePlayerCount": 207,
        "LinkVideo": "https://files.catbox.moe/4wmgdh.webm",
        "LinkMp3": "https://files.catbox.moe/vo9x9b.mp3",
        "annId": 14989,
        "correctPlayers": [
            "theyingster",
            "Carlos1218",
            "ozsauce",
            "Solo",
            "Iye"
        ]
    },
    {
        "animeEng": "Serial Experiments Lain",
        "animeRomaji": "Serial Experiments Lain",
        "songName": "DUVET",
        "artist": "BOA",
        "type": "Opening 1",
        "correctCount": 144,
        "startTime": 59,
        "songDuration": 101.568,
        "songNumber": 6,
        "activePlayerCount": 209,
        "LinkVideo": "https://files.catbox.moe/z6dcvb.webm",
        "LinkMp3": "https://files.catbox.moe/ujxg8c.mp3",
        "annId": 166
    },
    {
        "animeEng": "22/7 (Nanabun no Nijyuuni)",
        "animeRomaji": "22/7",
        "songName": "One of them",
        "artist": "Nagomi Saijou",
        "type": "Ending 2",
        "correctCount": 27,
        "startTime": 5,
        "songDuration": 86.52,
        "songNumber": 7,
        "activePlayerCount": 210,
        "LinkVideo": "https://files.catbox.moe/jgiszs.webm",
        "LinkMp3": "https://files.catbox.moe/29jscx.mp3",
        "annId": 22353
    },
    {
        "animeEng": "Legend of the Galactic Heroes Gaiden",
        "animeRomaji": "Ginga Eiyuu Densetsu Gaiden",
        "songName": "Story of Time",
        "artist": "AKEMI",
        "type": "Opening 1",
        "correctCount": 3,
        "startTime": 0,
        "songDuration": 120.288,
        "songNumber": 8,
        "activePlayerCount": 210,
        "LinkVideo": "https://files.catbox.moe/kc7alh.webm",
        "LinkMp3": "https://files.catbox.moe/9afkdn.mp3",
        "annId": 6488,
        "correctPlayers": [
            "Lord_Binary",
            "theyingster",
            "Namihater69"
        ]
    },
    {
        "animeEng": "Uzaki-chan Wants to Hang Out!",
        "animeRomaji": "Uzaki-chan wa Asobitai!",
        "songName": "Nadamesukashi Negotiation",
        "artist": "Kano to Uzaki-chan",
        "type": "Opening 1",
        "correctCount": 74,
        "startTime": 0,
        "songDuration": 87.792,
        "songNumber": 9,
        "activePlayerCount": 212,
        "LinkVideo": "https://files.catbox.moe/w7dtuf.webm",
        "LinkMp3": "https://files.catbox.moe/6z9bu6.mp3",
        "annId": 23371
    },
    {
        "animeEng": "Yu-Gi-Oh! Zexal II",
        "animeRomaji": "Yu-Gi-Oh! Zexal II",
        "songName": "Challenge the GAME",
        "artist": "REDMAN",
        "type": "Ending 3",
        "correctCount": 4,
        "startTime": 18,
        "songDuration": 87.351968,
        "songNumber": 10,
        "activePlayerCount": 212,
        "LinkVideo": "https://files.catbox.moe/r7i36g.webm",
        "LinkMp3": "https://files.catbox.moe/9l9krn.mp3",
        "annId": 14736,
        "correctPlayers": [
            "Tweebasa",
            "Aventgard",
            "Emirya",
            "ozsauce"
        ]
    },
    {
        "animeEng": "Matoi the Sacred Slayer",
        "animeRomaji": "Matoi the Sacred Slayer",
        "songName": "Waraukami ni wa Fukuraitaru!",
        "artist": "Ayaka Suwa & Naomi Oozora",
        "type": "Insert Song",
        "correctCount": 6,
        "startTime": 5,
        "songDuration": 78.768,
        "songNumber": 11,
        "activePlayerCount": 215,
        "LinkVideo": "https://files.catbox.moe/8g8m4w.webm",
        "LinkMp3": "https://files.catbox.moe/13g0ht.mp3",
        "annId": 23092
    },
    {
        "animeEng": "Platinum End",
        "animeRomaji": "Platinum End",
        "songName": "Sense",
        "artist": "BAND-MAID",
        "type": "Opening 1",
        "correctCount": 68,
        "startTime": 31,
        "songDuration": 85.008,
        "songNumber": 12,
        "activePlayerCount": 216,
        "LinkVideo": "https://files.catbox.moe/u2qey0.webm",
        "LinkMp3": "https://files.catbox.moe/dignsx.mp3",
        "annId": 23861
    },
    {
        "animeEng": "The iDOLM@STER SideM",
        "animeRomaji": "The iDOLM@STER SideM",
        "songName": "Ryuusei PARADE",
        "artist": "DRAMATIC STARS, S.E.M, Jupiter",
        "type": "Ending 8",
        "correctCount": 19,
        "startTime": 6,
        "songDuration": 89.52,
        "songNumber": 13,
        "activePlayerCount": 216,
        "LinkVideo": "https://files.catbox.moe/0jpz34.webm",
        "LinkMp3": "https://files.catbox.moe/xtnpb8.mp3",
        "annId": 19884
    },
    {
        "animeEng": "Nurse Witch Komugi Z",
        "animeRomaji": "Nurse Witch Komugi-chan Magikarte Z",
        "songName": "Nurse Witch Komugi-chan Magikarte -Ai no Medicine-",
        "artist": "Haruko Momoi",
        "type": "Insert Song",
        "correctCount": 67,
        "startTime": 0,
        "songDuration": 55.776,
        "songNumber": 14,
        "activePlayerCount": 215,
        "LinkVideo": "https://files.catbox.moe/31juth.webm",
        "LinkMp3": "https://files.catbox.moe/a8xywi.mp3",
        "annId": 5824
    },
    {
        "animeEng": "Senki Zesshou Shinai Symphogear AXZ",
        "animeRomaji": "Senki Zesshou Shinai Symphogear AXZ",
        "songName": "Itsuka no Niji, Hana no Omoide",
        "artist": "Aoi Yuuki & Yuka Iguchi",
        "type": "Ending 1",
        "correctCount": 68,
        "startTime": 0,
        "songDuration": 29.282762,
        "songNumber": 15,
        "activePlayerCount": 215,
        "LinkVideo": "https://files.catbox.moe/14bj8t.webm",
        "LinkMp3": "https://files.catbox.moe/wjplo7.mp3",
        "annId": 22568
    },
    {
        "animeEng": "Arpeggio of Blue Steel",
        "animeRomaji": "Aoki Hagane no Arpeggio: Ars Nova",
        "songName": "SAVIOR OF SONG",
        "artist": "nano feat. MY FIRST STORY",
        "type": "Opening 1",
        "correctCount": 89,
        "startTime": 56,
        "songDuration": 86.76,
        "songNumber": 16,
        "activePlayerCount": 214,
        "LinkVideo": "https://files.catbox.moe/0zkcn5.webm",
        "LinkMp3": "https://files.catbox.moe/w3ff4q.mp3",
        "annId": 15359
    },
    {
        "animeEng": "Digimon: Data Squad",
        "animeRomaji": "Digimon Savers",
        "songName": "Gou-ing! Going! My Soul!!",
        "artist": "Dynamite SHU",
        "type": "Ending 3",
        "correctCount": 38,
        "startTime": 21,
        "songDuration": 60.12,
        "songNumber": 17,
        "activePlayerCount": 215,
        "LinkVideo": "https://files.catbox.moe/okyfoh.webm",
        "LinkMp3": "https://files.catbox.moe/jw7gy6.mp3",
        "annId": 6230
    },
    {
        "animeEng": "FireStorm",
        "animeRomaji": "FireStorm",
        "songName": "RE-SET",
        "artist": "TAKUI",
        "type": "Ending 2",
        "correctCount": 1,
        "startTime": 30,
        "songDuration": 78.984,
        "songNumber": 18,
        "activePlayerCount": 217,
        "LinkVideo": "https://files.catbox.moe/vba4kd.webm",
        "LinkMp3": "https://files.catbox.moe/k3ky3e.mp3",
        "annId": 2546,
        "correctPlayers": [
            "Iye"
        ]
    },
    {
        "animeEng": "Legend of the Galactic Heroes",
        "animeRomaji": "Ginga Eiyuu Densetsu",
        "songName": "Uchuu no Kakehashi",
        "artist": "Kei Ogura",
        "type": "Ending 5",
        "correctCount": 37,
        "startTime": 49,
        "songDuration": 90.072,
        "songNumber": 19,
        "activePlayerCount": 217,
        "LinkVideo": "https://files.catbox.moe/t86nt3.webm",
        "LinkMp3": "https://files.catbox.moe/45ntbs.mp3",
        "annId": 1786
    },
    {
        "animeEng": "Glitter Force",
        "animeRomaji": "Smile Precure!",
        "songName": "Mankai*Smile",
        "artist": "Hitomi Yoshida",
        "type": "Ending 2",
        "correctCount": 120,
        "startTime": 28,
        "songDuration": 87.744,
        "songNumber": 20,
        "activePlayerCount": 218,
        "LinkVideo": "https://files.catbox.moe/24gjt5.webm",
        "LinkMp3": "https://files.catbox.moe/cfbjjh.mp3",
        "annId": 13809
    },
    {
        "animeEng": "You're Under Arrest: Full Throttle",
        "animeRomaji": "Taiho Shichau zo: Full Throttle",
        "songName": "Hayaku Koikoi Wrecker-sha",
        "artist": "AA-CHINO",
        "type": "Insert Song",
        "correctCount": 2,
        "startTime": 29,
        "songDuration": 67.536,
        "songNumber": 21,
        "activePlayerCount": 221,
        "LinkVideo": "https://files.catbox.moe/rqbxjs.webm",
        "LinkMp3": "https://files.catbox.moe/kmlrzh.mp3",
        "annId": 8152,
        "correctPlayers": [
            "Hyonoka",
            "Heyko"
        ]
    },
    {
        "animeEng": "Pop Team Epic",
        "animeRomaji": "Poputepipikku",
        "songName": "Twinkling star",
        "artist": "Dropstars",
        "type": "Opening 1",
        "correctCount": 43,
        "startTime": 30,
        "songDuration": 60.6,
        "songNumber": 22,
        "activePlayerCount": 222,
        "LinkVideo": "https://files.catbox.moe/pym0om.webm",
        "LinkMp3": "https://files.catbox.moe/uh9l75.mp3",
        "annId": 20287
    },
    {
        "animeEng": "Megalobox",
        "animeRomaji": "Megalobox",
        "songName": "We are Bangaichi",
        "artist": "Michiyo Murase",
        "type": "Insert Song",
        "correctCount": 102,
        "startTime": 2,
        "songDuration": 55.248,
        "songNumber": 23,
        "activePlayerCount": 225,
        "LinkVideo": "https://files.catbox.moe/uw2ec8.webm",
        "LinkMp3": "https://files.catbox.moe/vlb4ea.mp3",
        "annId": 20565
    },
    {
        "animeEng": "Eiga HappinessCharge Precure! Ningyou no Kuni no Ballerina",
        "animeRomaji": "Eiga HappinessCharge Precure! Ningyou no Kuni no Ballerina",
        "songName": "HappinessCharge Precure! WOW!",
        "artist": "Sayaka Nakaya",
        "type": "Opening 1",
        "correctCount": 18,
        "startTime": 57,
        "songDuration": 88.944,
        "songNumber": 24,
        "activePlayerCount": 224,
        "LinkVideo": "https://files.catbox.moe/ukomg4.webm",
        "LinkMp3": "https://files.catbox.moe/anmmsr.mp3",
        "annId": 16253
    },
    {
        "animeEng": "Rozen Maiden: Tr\u00e4umend",
        "animeRomaji": "Rozen Maiden: Tr\u00e4umend",
        "songName": "Atem",
        "artist": "kukui",
        "type": "Insert Song",
        "correctCount": 13,
        "startTime": 18,
        "songDuration": 100.386846,
        "songNumber": 25,
        "activePlayerCount": 223,
        "LinkVideo": "https://files.catbox.moe/94gvbw.webm",
        "LinkMp3": "https://files.catbox.moe/d1hsxp.mp3",
        "annId": 5087
    },
    {
        "animeEng": "Puella Magi Madoka Magica the Movie Part 1: Beginnings",
        "animeRomaji": "Gekijouban Mahou Shoujo Madoka\u2605Magica Zenpen: Hajimari no Monogatari",
        "songName": "Credens justitiam",
        "artist": "Eri Itou",
        "type": "Insert Song",
        "correctCount": 134,
        "startTime": 21,
        "songDuration": 57.048,
        "songNumber": 26,
        "activePlayerCount": 223,
        "LinkVideo": "https://files.catbox.moe/ei6l1r.webm",
        "LinkMp3": "https://files.catbox.moe/hgkbia.mp3",
        "annId": 14363
    },
    {
        "animeEng": "Pichi Pichi Pitch",
        "animeRomaji": "Mermaid Melody: Pichi Pichi Pitch",
        "songName": "Kodou ~Perfect Harmony~",
        "artist": "Asumi Nakata, Hitomi Terakado, Mayumi Asano, Ema Kogure, Satomi Arai, Ryoko Nagata, Kana Ueda",
        "type": "Insert Song",
        "correctCount": 21,
        "startTime": 6,
        "songDuration": 97.728,
        "songNumber": 27,
        "activePlayerCount": 225,
        "LinkVideo": "https://files.catbox.moe/u55c8w.webm",
        "LinkMp3": "https://files.catbox.moe/bf5d4s.mp3",
        "annId": 2289
    },
    {
        "animeEng": "BanG Dream! 2nd Season",
        "animeRomaji": "BanG Dream! 2nd Season",
        "songName": "Gouka! Goukai!? Phantom Thief!",
        "artist": "Hello, Happy World!",
        "type": "Insert Song",
        "correctCount": 45,
        "startTime": 44,
        "songDuration": 98.270964,
        "songNumber": 28,
        "activePlayerCount": 225,
        "LinkVideo": "https://files.catbox.moe/5d9bl3.webm",
        "LinkMp3": "https://files.catbox.moe/hijmxp.mp3",
        "annId": 21289
    },
    {
        "animeEng": "Gugure! Kokkuri-san",
        "animeRomaji": "Gugure! Kokkuri-san",
        "songName": "Welcome!! DISCO Kemokemoke",
        "artist": "Daisuke Ono, Takahiro Sakurai, Jouji Nakata",
        "type": "Opening 1",
        "correctCount": 72,
        "startTime": 56,
        "songDuration": 87.792,
        "songNumber": 29,
        "activePlayerCount": 225,
        "LinkVideo": "https://files.catbox.moe/tr3d4j.webm",
        "LinkMp3": "https://files.catbox.moe/kb281d.mp3",
        "annId": 16123
    },
    {
        "animeEng": "Kaiji: Ultimate Survivor",
        "animeRomaji": "Kaiji: Ultimate Survivor",
        "songName": "Makeinu-tachi no Requiem",
        "artist": "Hakuryuu",
        "type": "Ending 1",
        "correctCount": 56,
        "startTime": 32,
        "songDuration": 70.368,
        "songNumber": 30,
        "activePlayerCount": 227,
        "LinkVideo": "https://files.catbox.moe/x1g7ii.webm",
        "LinkMp3": "https://files.catbox.moe/x0dgx0.mp3",
        "annId": 8550
    },
    {
        "animeEng": "Samurai Jam -Bakumatsu Rock-",
        "animeRomaji": "Bakumatsu Rock",
        "songName": "Zetchou DAYBREAK",
        "artist": "Ultra-Souls",
        "type": "Ending 1",
        "correctCount": 27,
        "startTime": 8,
        "songDuration": 89.064,
        "songNumber": 31,
        "activePlayerCount": 226,
        "LinkVideo": "https://files.catbox.moe/8r0wv6.webm",
        "LinkMp3": "https://files.catbox.moe/0zpedd.mp3",
        "annId": 15992
    },
    {
        "animeEng": "Sorcerous Stabber Orphen",
        "animeRomaji": "Majutsushi Orphen",
        "songName": "Kimi wa Majutsushi",
        "artist": "Sharan Q",
        "type": "Opening 2",
        "correctCount": 4,
        "startTime": 20,
        "songDuration": 88.8148,
        "songNumber": 32,
        "activePlayerCount": 223,
        "LinkVideo": "https://files.catbox.moe/qk9kp8.webm",
        "LinkMp3": "https://files.catbox.moe/5pdv9c.mp3",
        "annId": 58,
        "correctPlayers": [
            "Heyko",
            "watashiii",
            "thecumdumpster",
            "SmartHardyz"
        ]
    },
    {
        "animeEng": "Gintama",
        "animeRomaji": "Gintama",
        "songName": "Chome Kou Nanza Kuso Kurae!",
        "artist": "Mikako Takahashi",
        "type": "Insert Song",
        "correctCount": 12,
        "startTime": 2,
        "songDuration": 144.048,
        "songNumber": 33,
        "activePlayerCount": 225,
        "LinkVideo": "https://files.catbox.moe/biw3bz.webm",
        "LinkMp3": "https://files.catbox.moe/9mdl2w.mp3",
        "annId": 6236
    },
    {
        "animeEng": "Mahou Shoujo? Naria\u2606Girls",
        "animeRomaji": "Mahou Shoujo? Naria\u2606Girls",
        "songName": "Mezase! Kokumin-teki Chara",
        "artist": "Naria\u2606Girls",
        "type": "Ending 1",
        "correctCount": 18,
        "startTime": 8,
        "songDuration": 38.064,
        "songNumber": 34,
        "activePlayerCount": 225,
        "LinkVideo": "https://files.catbox.moe/kgn2j1.webm",
        "LinkMp3": "https://files.catbox.moe/u5p475.mp3",
        "annId": 18463
    },
    {
        "animeEng": "The Wonderland",
        "animeRomaji": "Birthday Wonderland",
        "songName": "Wonderland",
        "artist": "milet",
        "type": "Insert Song",
        "correctCount": 42,
        "startTime": 19,
        "songDuration": 112.152,
        "songNumber": 35,
        "activePlayerCount": 225,
        "LinkVideo": "https://files.catbox.moe/91vzgm.webm",
        "LinkMp3": "https://files.catbox.moe/mx8d4i.mp3",
        "annId": 21869
    },
    {
        "animeEng": "Jewelpet Twinkle\u2606: Hohoemi no Niji ni Dokki\u2606Doki!",
        "animeRomaji": "Jewelpet Twinkle\u2606: Hohoemi no Niji ni Dokki\u2606Doki!",
        "songName": "Hohoemi no Jumon ~Minna Egao ni Naare~",
        "artist": "Azusa Kataoka, Natsumi Takamori, Ayana Taketatsu, Megumi Takamoto",
        "type": "Ending 1",
        "correctCount": 0,
        "startTime": 139,
        "songDuration": 233.064,
        "songNumber": 36,
        "activePlayerCount": 223,
        "LinkVideo": "https://files.catbox.moe/93q5r3.webm",
        "LinkMp3": "https://files.catbox.moe/iicse9.mp3",
        "annId": 22996
    },
    {
        "animeEng": "The Prince of Tennis",
        "animeRomaji": "Tennis no Ouji-sama",
        "songName": "KEEP YOUR STYLE",
        "artist": "Masataka Fujishige",
        "type": "Ending 2",
        "correctCount": 14,
        "startTime": 8,
        "songDuration": 68.76,
        "songNumber": 37,
        "activePlayerCount": 222,
        "LinkVideo": "https://files.catbox.moe/d4l37m.webm",
        "LinkMp3": "https://files.catbox.moe/77nw3u.mp3",
        "annId": 876
    },
    {
        "animeEng": "Fate/stay night: Heaven's Feel III. spring song",
        "animeRomaji": "Fate/stay night: Heaven's Feel III. spring song",
        "songName": "Haru wa Yuku",
        "artist": "Aimer",
        "type": "Ending 1",
        "correctCount": 70,
        "startTime": 88,
        "songDuration": 296.064,
        "songNumber": 38,
        "activePlayerCount": 223,
        "LinkVideo": "https://files.catbox.moe/e51r9z.webm",
        "LinkMp3": "https://files.catbox.moe/05ibjn.mp3",
        "annId": 22382
    },
    {
        "animeEng": "Love Live! Sunshine!!",
        "animeRomaji": "Love Live! School Idol Project Sunshine!!",
        "songName": "Yume Kataru yori Yume Utaou",
        "artist": "Anju Inami & Rikako Aida",
        "type": "Ending 8",
        "correctCount": 93,
        "startTime": 38,
        "songDuration": 98.61055,
        "songNumber": 39,
        "activePlayerCount": 224,
        "LinkVideo": "https://files.catbox.moe/o90u5l.webm",
        "LinkMp3": "https://files.catbox.moe/qkgik3.mp3",
        "annId": 17985
    },
    {
        "animeEng": "Space Battleship Yamato 2199: Odyssey of the Celestial Ark",
        "animeRomaji": "Uchuu Senkan Yamato 2199: Hoshimeguru Hakobune",
        "songName": "Great Harmony ~for yamato2199",
        "artist": "Akira Miyagawa feat.Ayaka Hirahara",
        "type": "Ending 1",
        "correctCount": 3,
        "startTime": 58,
        "songDuration": 321.024,
        "songNumber": 40,
        "activePlayerCount": 224,
        "LinkVideo": "https://files.catbox.moe/ct9s3u.webm",
        "LinkMp3": "https://files.catbox.moe/qmxte0.mp3",
        "annId": 16186,
        "correctPlayers": [
            "Zylda",
            "ozsauce",
            "Cirquit"
        ]
    },
    {
        "animeEng": "Macross 7",
        "animeRomaji": "Macross 7",
        "songName": "POWER TO THE DREAM",
        "artist": "Fire Bomber",
        "type": "Insert Song",
        "correctCount": 43,
        "startTime": 44,
        "songDuration": 123.192,
        "songNumber": 41,
        "activePlayerCount": 223,
        "LinkVideo": "https://files.catbox.moe/t3wqxw.webm",
        "LinkMp3": "https://files.catbox.moe/hb1e7p.mp3",
        "annId": 940
    },
    {
        "animeEng": "Fairy Tail",
        "animeRomaji": "Fairy Tail",
        "songName": "BLOW AWAY",
        "artist": "Tetsuya Kakihara & Yuuichi Nakamura",
        "type": "Opening 2",
        "correctCount": 45,
        "startTime": 20,
        "songDuration": 88.728,
        "songNumber": 42,
        "activePlayerCount": 220,
        "LinkVideo": "https://files.catbox.moe/knyf5w.webm",
        "LinkMp3": "https://files.catbox.moe/ffk833.mp3",
        "annId": 12322
    },
    {
        "animeEng": "Kakegurui",
        "animeRomaji": "Kakegurui",
        "songName": "Deal with the devil",
        "artist": "Tia",
        "type": "Opening 1",
        "correctCount": 207,
        "startTime": 42,
        "songDuration": 95.064,
        "songNumber": 43,
        "activePlayerCount": 220,
        "LinkVideo": "https://files.catbox.moe/d8sqk8.webm",
        "LinkMp3": "https://files.catbox.moe/90t6bx.mp3",
        "annId": 19102
    },
    {
        "animeEng": "Samurai Champloo",
        "animeRomaji": "Samurai Champloo",
        "songName": "Shiki no Uta",
        "artist": "MINMI",
        "type": "Ending 1",
        "correctCount": 97,
        "startTime": 14,
        "songDuration": 104.544,
        "songNumber": 44,
        "activePlayerCount": 220,
        "LinkVideo": "https://files.catbox.moe/agr31q.webm",
        "LinkMp3": "https://files.catbox.moe/u3o41v.mp3",
        "annId": 2636
    },
    {
        "animeEng": "Vlad Love",
        "animeRomaji": "Vlad Love",
        "songName": "Winds Of Transylvania",
        "artist": "LOVEBITES",
        "type": "Opening 2",
        "correctCount": 23,
        "startTime": 28,
        "songDuration": 88.392,
        "songNumber": 45,
        "activePlayerCount": 219,
        "LinkVideo": "https://files.catbox.moe/1jh9xn.webm",
        "LinkMp3": "https://files.catbox.moe/chft2u.mp3",
        "annId": 23260
    },
    {
        "animeEng": "The Anthem of the Heart",
        "animeRomaji": "Kokoro ga Sakebitagatterun Da.",
        "songName": "Watashi no Koe",
        "artist": "Inori Minase",
        "type": "Insert Song",
        "correctCount": 41,
        "startTime": 123,
        "songDuration": 157.488,
        "songNumber": 46,
        "activePlayerCount": 220,
        "LinkVideo": "https://files.catbox.moe/tmk75y.webm",
        "LinkMp3": "https://files.catbox.moe/9bb9jd.mp3",
        "annId": 16728
    },
    {
        "animeEng": "Yuukan Club",
        "animeRomaji": "Yuukan Club",
        "songName": "PSYCHEDELIC BEAT",
        "artist": "TOY BOYS",
        "type": "Insert Song",
        "correctCount": 1,
        "startTime": 14,
        "songDuration": 78.057075,
        "songNumber": 47,
        "activePlayerCount": 218,
        "LinkVideo": "https://files.catbox.moe/lrot67.webm",
        "LinkMp3": "https://files.catbox.moe/o97oxv.mp3",
        "annId": 6007,
        "correctPlayers": [
            "ozsauce"
        ]
    },
    {
        "animeEng": "Needless",
        "animeRomaji": "Needless",
        "songName": "Aggressive zone",
        "artist": "Needless\u2605Girls+",
        "type": "Ending 1",
        "correctCount": 11,
        "startTime": 33,
        "songDuration": 89.784,
        "songNumber": 48,
        "activePlayerCount": 218,
        "LinkVideo": "https://files.catbox.moe/k98h0o.webm",
        "LinkMp3": "https://files.catbox.moe/4zcsik.mp3",
        "annId": 10709
    },
    {
        "animeEng": "Rebirth",
        "animeRomaji": "Rebirth",
        "songName": "Rebirth GO!",
        "artist": "twinkle\u2661way",
        "type": "Ending 6",
        "correctCount": 52,
        "startTime": 0,
        "songDuration": 29.544,
        "songNumber": 49,
        "activePlayerCount": 218,
        "LinkVideo": "https://files.catbox.moe/u2d6nh.webm",
        "LinkMp3": "https://files.catbox.moe/qyd99i.mp3",
        "annId": 22340
    },
    {
        "animeEng": "Strike Witches: 501st JOINT FIGHTER WING Take Off! OVA",
        "animeRomaji": "Gekijouban Strike Witches 501 Butai Hasshin Shimasu!",
        "songName": "Sora ga Yobu Hou e",
        "artist": "Yoko Ishida",
        "type": "Opening 1",
        "correctCount": 14,
        "startTime": 4,
        "songDuration": 88.608,
        "songNumber": 50,
        "activePlayerCount": 218,
        "LinkVideo": "https://files.catbox.moe/62a4mr.webm",
        "LinkMp3": "https://files.catbox.moe/7t6v9p.mp3",
        "annId": 22342
    },
    {
        "animeEng": "ANNA (kidnapper)",
        "animeRomaji": "Yuukai Anna",
        "songName": "Motorgirl",
        "artist": "Emi Necozawa & Momus",
        "type": "Ending 1",
        "correctCount": 6,
        "startTime": 9,
        "songDuration": 93.096,
        "songNumber": 51,
        "activePlayerCount": 217,
        "LinkVideo": "https://files.catbox.moe/ke0mmz.webm",
        "LinkMp3": "https://files.catbox.moe/98okoo.mp3",
        "annId": 23289
    },
    {
        "animeEng": "Aikatsu!",
        "animeRomaji": "Aikatsu!",
        "songName": "Good morning my dream",
        "artist": "Waka\u30fbFuuri\u30fbYuna from STAR\u2606ANIS",
        "type": "Insert Song",
        "correctCount": 98,
        "startTime": 220,
        "songDuration": 251.136,
        "songNumber": 52,
        "activePlayerCount": 216,
        "LinkVideo": "https://files.catbox.moe/ogrxz3.webm",
        "LinkMp3": "https://files.catbox.moe/4jfy94.mp3",
        "annId": 16165
    },
    {
        "animeEng": "Soccer Fever",
        "animeRomaji": "Soccer Fever",
        "songName": "BOOM BOOM AMERICA",
        "artist": "Paolo Zavallone",
        "type": "Opening 1",
        "correctCount": 107,
        "startTime": 12,
        "songDuration": 55.953324,
        "songNumber": 53,
        "activePlayerCount": 216,
        "LinkVideo": "https://files.catbox.moe/9wn4v0.webm",
        "LinkMp3": "https://files.catbox.moe/0v7qvi.mp3",
        "annId": 2192
    },
    {
        "animeEng": "Kuroko's Basketball",
        "animeRomaji": "Kuroko no Basuke",
        "songName": "Punky Funky Love",
        "artist": "GRANRODEO",
        "type": "Opening 1",
        "correctCount": 143,
        "startTime": 54,
        "songDuration": 86.88,
        "songNumber": 54,
        "activePlayerCount": 215,
        "LinkVideo": "https://files.catbox.moe/5gf7id.webm",
        "LinkMp3": "https://files.catbox.moe/zxhoc4.mp3",
        "annId": 16343
    },
    {
        "animeEng": "Ghost in the Shell: Stand Alone Complex",
        "animeRomaji": "Koukaku Kidoutai: Stand Alone Complex",
        "songName": "inner universe",
        "artist": "Origa",
        "type": "Opening 1",
        "correctCount": 80,
        "startTime": 3,
        "songDuration": 90.264,
        "songNumber": 55,
        "activePlayerCount": 215,
        "LinkVideo": "https://files.catbox.moe/zyqioh.webm",
        "LinkMp3": "https://files.catbox.moe/pnishg.mp3",
        "annId": 910
    },
    {
        "animeEng": "R.O.D: Read or Die",
        "animeRomaji": "R.O.D: Read or Die",
        "songName": "R.O.D no Theme",
        "artist": "Taku Iwasaki",
        "type": "Opening 1",
        "correctCount": 48,
        "startTime": 7,
        "songDuration": 90.168,
        "songNumber": 56,
        "activePlayerCount": 215,
        "LinkVideo": "https://files.catbox.moe/9ktl1f.webm",
        "LinkMp3": "https://files.catbox.moe/rcs403.mp3",
        "annId": 819
    },
    {
        "animeEng": "Bungo Stray Dogs",
        "animeRomaji": "Bungo Stray Dogs",
        "songName": "Kaze ga Fuku Machi",
        "artist": "Luck Life",
        "type": "Ending 1",
        "correctCount": 116,
        "startTime": 51,
        "songDuration": 89.568,
        "songNumber": 57,
        "activePlayerCount": 215,
        "LinkVideo": "https://files.catbox.moe/txfh4g.webm",
        "LinkMp3": "https://files.catbox.moe/23x68x.mp3",
        "annId": 18709
    },
    {
        "animeEng": "Strange+",
        "animeRomaji": "Strange+",
        "songName": "Beauty Boy",
        "artist": "Jun Fukuyama",
        "type": "Opening 1",
        "correctCount": 44,
        "startTime": 0,
        "songDuration": 24.912,
        "songNumber": 58,
        "activePlayerCount": 215,
        "LinkVideo": "https://files.catbox.moe/bhzyit.webm",
        "LinkMp3": "https://files.catbox.moe/wazrpp.mp3",
        "annId": 15731
    },
    {
        "animeEng": "PriPara & Kiratto Pri\u2606Chan: Kira Kira Memorial Live",
        "animeRomaji": "PriPara & Kiratto Pri\u2606Chan: Kira Kira Memorial Live",
        "songName": "Run\u266a for Jumpin!",
        "artist": "DressingPaf\u00e9",
        "type": "Insert Song",
        "correctCount": 58,
        "startTime": 50,
        "songDuration": 85.152,
        "songNumber": 59,
        "activePlayerCount": 215,
        "LinkVideo": "https://files.catbox.moe/ftifpg.webm",
        "LinkMp3": "https://files.catbox.moe/85kebe.mp3",
        "annId": 20902
    },
    {
        "animeEng": "Precure All Stars DX: Minna Tomodachi\u2606Kiseki no Zenin Daishuugou",
        "animeRomaji": "Precure All Stars DX: Minna Tomodachi\u2606Kiseki no Zenin Daishuugou",
        "songName": "DANZEN! Futari wa Precure! (Ver.Max Heart)",
        "artist": "Mayumi Gojou",
        "type": "Insert Song",
        "correctCount": 55,
        "startTime": 46,
        "songDuration": 79.368,
        "songNumber": 60,
        "activePlayerCount": 215,
        "LinkVideo": "https://files.catbox.moe/717o0q.webm",
        "LinkMp3": "https://files.catbox.moe/pp6b8u.mp3",
        "annId": 10689
    },
    {
        "animeEng": "Batman Ninja",
        "animeRomaji": "Ninja Batman",
        "songName": "GAT-TAI",
        "artist": "Daisuke Hasegawa",
        "type": "Insert Song",
        "correctCount": 69,
        "startTime": 18,
        "songDuration": 69.980838,
        "songNumber": 61,
        "activePlayerCount": 216,
        "LinkVideo": "https://files.catbox.moe/uy94hc.webm",
        "LinkMp3": "https://files.catbox.moe/z20u4z.mp3",
        "annId": 20384
    },
    {
        "animeEng": "Akane-iro ni Somaru Saka Hardcore",
        "animeRomaji": "Akane-iro ni Somaru Saka Hardcore",
        "songName": "Watashi to Kare no Jijou",
        "artist": "Ryou Hirohashi",
        "type": "Ending 1",
        "correctCount": 11,
        "startTime": 7,
        "songDuration": 88.032,
        "songNumber": 62,
        "activePlayerCount": 216,
        "LinkVideo": "https://files.catbox.moe/68dn79.webm",
        "LinkMp3": "https://files.catbox.moe/8ku9w5.mp3",
        "annId": 10563
    },
    {
        "animeEng": "Moero! Top Striker",
        "animeRomaji": "Moero! Top Striker",
        "songName": "ANNA",
        "artist": "Kumiko Nishihara",
        "type": "Insert Song",
        "correctCount": 0,
        "startTime": 59,
        "songDuration": 156.418536,
        "songNumber": 63,
        "activePlayerCount": 217,
        "LinkVideo": "https://files.catbox.moe/16c78c.webm",
        "LinkMp3": "https://files.catbox.moe/sgkic3.mp3",
        "annId": 531
    },
    {
        "animeEng": "Mission Outer Space Srungle",
        "animeRomaji": "Akuu Daisakusen Srungle",
        "songName": "FIGHTING ON",
        "artist": "Motohiro Hase",
        "type": "Opening 2",
        "correctCount": 5,
        "startTime": 24,
        "songDuration": 78.384,
        "songNumber": 64,
        "activePlayerCount": 217,
        "LinkVideo": "https://files.catbox.moe/kv0ut8.webm",
        "LinkMp3": "https://files.catbox.moe/7id483.mp3",
        "annId": 1073,
        "correctPlayers": [
            "Zylda",
            "ozsauce",
            "Chemist",
            "Zurer",
            "watashiii"
        ]
    },
    {
        "animeEng": "Banished from the Hero's Party, I Decided to Live a Quiet Life in the Countryside",
        "animeRomaji": "Shin no Nakama ja Nai to Yuusha no Party o Oidasareta node, Henkyou de Slow Life Suru Koto ni Shimashita",
        "songName": "Iki wo Suu Koko de Suu Ikiteku",
        "artist": "Yui Nishio",
        "type": "Opening 1",
        "correctCount": 62,
        "startTime": 45,
        "songDuration": 89.448,
        "songNumber": 65,
        "activePlayerCount": 217,
        "LinkVideo": "https://files.catbox.moe/5ggajt.webm",
        "LinkMp3": "https://files.catbox.moe/vsp8zh.mp3",
        "annId": 23947
    },
    {
        "animeEng": "Megazone 23 Part II",
        "animeRomaji": "Megazone 23 Part II",
        "songName": "Lonely Sunset",
        "artist": "Kumi Miyasato",
        "type": "Ending 1",
        "correctCount": 18,
        "startTime": 3,
        "songDuration": 221.16,
        "songNumber": 66,
        "activePlayerCount": 217,
        "LinkVideo": "https://files.catbox.moe/rmdc3y.webm",
        "LinkMp3": "https://files.catbox.moe/nrm5xc.mp3",
        "annId": 2402
    },
    {
        "animeEng": "Kougyou Aika Volley Boys",
        "animeRomaji": "Kougyou Aika Volley Boys",
        "songName": "Monku Aru no ka!",
        "artist": "Kouji Yoshida",
        "type": "Opening 1",
        "correctCount": 9,
        "startTime": 35,
        "songDuration": 99.816,
        "songNumber": 67,
        "activePlayerCount": 216,
        "LinkVideo": "https://files.catbox.moe/f6dto8.webm",
        "LinkMp3": "https://files.catbox.moe/j3t74k.mp3",
        "annId": 7433
    },
    {
        "animeEng": "Amnesia",
        "animeRomaji": "Amnesia",
        "songName": "Zoetrope",
        "artist": "Nagi Yanagi",
        "type": "Opening 1",
        "correctCount": 99,
        "startTime": 58,
        "songDuration": 88.992,
        "songNumber": 68,
        "activePlayerCount": 217,
        "LinkVideo": "https://files.catbox.moe/m0vc8t.webm",
        "LinkMp3": "https://files.catbox.moe/2vjjy1.mp3",
        "annId": 14811
    },
    {
        "animeEng": "Jormungand",
        "animeRomaji": "Jormungand",
        "songName": "Borderland",
        "artist": "Mami Kawada",
        "type": "Opening 1",
        "correctCount": 104,
        "startTime": 60,
        "songDuration": 89.568,
        "songNumber": 69,
        "activePlayerCount": 217,
        "LinkVideo": "https://files.catbox.moe/1qkah0.webm",
        "LinkMp3": "https://files.catbox.moe/59qkhv.mp3",
        "annId": 13888
    },
    {
        "animeEng": "Initial D: Battle Stage 2",
        "animeRomaji": "Initial D: Battle Stage 2",
        "songName": "BACK ON THE ROCKS",
        "artist": "MEGA NRG MAN",
        "type": "Insert Song",
        "correctCount": 140,
        "startTime": 47,
        "songDuration": 100.56,
        "songNumber": 70,
        "activePlayerCount": 217,
        "LinkVideo": "https://files.catbox.moe/ixvl52.webm",
        "LinkMp3": "https://files.catbox.moe/hbywb8.mp3",
        "annId": 7986
    },
    {
        "animeEng": "Trickster",
        "animeRomaji": "Trickster: Edogawa Rampo 'Shounen Tantei-dan' Yori",
        "songName": "Bright Star (Waltz Version)",
        "artist": "meg",
        "type": "Ending 1",
        "correctCount": 4,
        "startTime": 4,
        "songDuration": 98.616,
        "songNumber": 71,
        "activePlayerCount": 217,
        "LinkVideo": "https://files.catbox.moe/qy6btu.webm",
        "LinkMp3": "https://files.catbox.moe/kb271q.mp3",
        "annId": 23927,
        "correctPlayers": [
            "Chatmonchy",
            "AverageEnjoer",
            "MKNono",
            "Kyrch"
        ]
    },
    {
        "animeEng": "Crash!",
        "animeRomaji": "Crash!",
        "songName": "Kimi to Eien ni Onaji Yume o Miru",
        "artist": "Iori Nomizu",
        "type": "Insert Song",
        "correctCount": 5,
        "startTime": 19,
        "songDuration": 89.904,
        "songNumber": 72,
        "activePlayerCount": 217,
        "LinkVideo": "https://files.catbox.moe/gzpue7.webm",
        "LinkMp3": "https://files.catbox.moe/hirt0g.mp3",
        "annId": 24068,
        "correctPlayers": [
            "MKNono",
            "KoTo",
            "sochie",
            "watashiii",
            "Nippah"
        ]
    },
    {
        "animeEng": "Wake Up, Girls!",
        "animeRomaji": "Wake Up, Girls!",
        "songName": "7 Girls' War",
        "artist": "Wake Up, Girls!",
        "type": "Insert Song",
        "correctCount": 33,
        "startTime": 9,
        "songDuration": 217.536,
        "songNumber": 73,
        "activePlayerCount": 217,
        "LinkVideo": "https://files.catbox.moe/t20sg5.webm",
        "LinkMp3": "https://files.catbox.moe/35xpcd.mp3",
        "annId": 15510
    },
    {
        "animeEng": "Maris the Chojo",
        "animeRomaji": "Rumic World 2: The Supergal",
        "songName": "Midori no Lullaby",
        "artist": "Shouko Yamagiwa",
        "type": "Insert Song",
        "correctCount": 2,
        "startTime": 14,
        "songDuration": 108.552,
        "songNumber": 74,
        "activePlayerCount": 216,
        "LinkVideo": "https://files.catbox.moe/xjumqp.webm",
        "LinkMp3": "https://files.catbox.moe/2g5qms.mp3",
        "annId": 2279,
        "correctPlayers": [
            "Solo",
            "Zurer"
        ]
    },
    {
        "animeEng": "El-Hazard 2: The Magnificent World",
        "animeRomaji": "Shinpi no Sekai El Hazard 2",
        "songName": "El Hazard 2 no Theme",
        "artist": "Maria Kawamura",
        "type": "Opening 1",
        "correctCount": 5,
        "startTime": 36,
        "songDuration": 103.752,
        "songNumber": 75,
        "activePlayerCount": 216,
        "LinkVideo": "https://files.catbox.moe/g2p8m7.webm",
        "LinkMp3": "https://files.catbox.moe/c4amvl.mp3",
        "annId": 599,
        "correctPlayers": [
            "KnivesXD",
            "shadismith",
            "Thaleko",
            "watashiii",
            "SmartHardyz"
        ]
    },
    {
        "animeEng": "Bodacious Space Pirates",
        "animeRomaji": "Mouretsu Pirates",
        "songName": "Mouretsu Uchuu Koukyoukyoku\u30fbDainana Gakushou 'Mugen no Ai'",
        "artist": "Momoiro Clover Z",
        "type": "Opening 1",
        "correctCount": 76,
        "startTime": 29,
        "songDuration": 89.16,
        "songNumber": 76,
        "activePlayerCount": 213,
        "LinkVideo": "https://files.catbox.moe/id71d6.webm",
        "LinkMp3": "https://files.catbox.moe/ba98eb.mp3",
        "annId": 11399
    },
    {
        "animeEng": "Maken-Ki! Battling Venus",
        "animeRomaji": "Maken-Ki!",
        "songName": "Renai Chuudoku",
        "artist": "Mariya Ise",
        "type": "Insert Song",
        "correctCount": 7,
        "startTime": 1,
        "songDuration": 33.048,
        "songNumber": 77,
        "activePlayerCount": 212,
        "LinkVideo": "https://files.catbox.moe/gmtrk1.webm",
        "LinkMp3": "https://files.catbox.moe/qi4egt.mp3",
        "annId": 12925
    },
    {
        "animeEng": "Darker than Black: Kuro no Keiyakusha Gaiden",
        "animeRomaji": "Darker than Black: Kuro no Keiyakusha Gaiden",
        "songName": "DARKER THAN BLACK",
        "artist": "Yasushi Ishii",
        "type": "Ending 1",
        "correctCount": 14,
        "startTime": 0,
        "songDuration": 88.584,
        "songNumber": 78,
        "activePlayerCount": 212,
        "LinkVideo": "https://files.catbox.moe/0kkmh5.webm",
        "LinkMp3": "https://files.catbox.moe/7wzk0n.mp3",
        "annId": 11420
    },
    {
        "animeEng": "Peter Grill and the Philosopher's Time",
        "animeRomaji": "Peter Grill to Kenja no Jikan",
        "songName": "Yoridokoro",
        "artist": "Hilcrhyme",
        "type": "Ending 1",
        "correctCount": 44,
        "startTime": 30,
        "songDuration": 58.992,
        "songNumber": 79,
        "activePlayerCount": 213,
        "LinkVideo": "https://files.catbox.moe/xlzlvz.webm",
        "LinkMp3": "https://files.catbox.moe/7z2cwe.mp3",
        "annId": 22963
    },
    {
        "animeEng": "Genma Wars",
        "animeRomaji": "Genma Taisen: Shinwa Zenya no Shou",
        "songName": "Setsunai Uta",
        "artist": "JILS",
        "type": "Opening 1",
        "correctCount": 1,
        "startTime": 22,
        "songDuration": 89.064,
        "songNumber": 80,
        "activePlayerCount": 212,
        "LinkVideo": "https://files.catbox.moe/mxnt4c.webm",
        "LinkMp3": "https://files.catbox.moe/ry4s6a.mp3",
        "annId": 2220,
        "correctPlayers": [
            "watashiii"
        ]
    },
    {
        "animeEng": "Dragon Ball: Mystical Adventure",
        "animeRomaji": "Dragon Ball: Makafushigi Daibouken",
        "songName": "Dragon Ball Densetsu",
        "artist": "Hiroki Takahashi",
        "type": "Ending 1",
        "correctCount": 48,
        "startTime": 25,
        "songDuration": 106.056,
        "songNumber": 81,
        "activePlayerCount": 212,
        "LinkVideo": "https://files.catbox.moe/mwuc8n.webm",
        "LinkMp3": "https://files.catbox.moe/ai3s69.mp3",
        "annId": 2138
    },
    {
        "animeEng": "Angel's 3Piece!",
        "animeRomaji": "Tenshi no 3P!",
        "songName": "Taisetsu ga Kikoeru Piano Arrange",
        "artist": "Yuka Iguchi",
        "type": "Insert Song",
        "correctCount": 18,
        "startTime": 24,
        "songDuration": 99.072,
        "songNumber": 82,
        "activePlayerCount": 211,
        "LinkVideo": "https://files.catbox.moe/nhx4jc.webm",
        "LinkMp3": "https://files.catbox.moe/mki78w.mp3",
        "annId": 18908
    },
    {
        "animeEng": "Tentai Senshi Sunred",
        "animeRomaji": "Tentai Senshi Sunred",
        "songName": "Zoku Mizonokuchi Taiyouzoku",
        "artist": "manzo",
        "type": "Opening 2",
        "correctCount": 13,
        "startTime": 50,
        "songDuration": 89.128264,
        "songNumber": 83,
        "activePlayerCount": 212,
        "LinkVideo": "https://files.catbox.moe/z7wedr.webm",
        "LinkMp3": "https://files.catbox.moe/r338po.mp3",
        "annId": 10997
    },
    {
        "animeEng": "Heidi, A Girl of the Alps",
        "animeRomaji": "Alps no Shoujo Heidi",
        "songName": "Mattete Goran",
        "artist": "Kumiko Oosugi",
        "type": "Ending 1",
        "correctCount": 33,
        "startTime": 4,
        "songDuration": 73.392,
        "songNumber": 84,
        "activePlayerCount": 212,
        "LinkVideo": "https://files.catbox.moe/ack9oz.webm",
        "LinkMp3": "https://files.catbox.moe/robe5i.mp3",
        "annId": 433
    },
    {
        "animeEng": "City Hunter '91",
        "animeRomaji": "City Hunter '91",
        "songName": "Downtown Game",
        "artist": "GWINKO",
        "type": "Opening 1",
        "correctCount": 10,
        "startTime": 17,
        "songDuration": 86.928,
        "songNumber": 85,
        "activePlayerCount": 208,
        "LinkVideo": "https://files.catbox.moe/xpl4yb.webm",
        "LinkMp3": "https://files.catbox.moe/4ih5vq.mp3",
        "annId": 547
    }
]