[
    {
        "animeEng": "Ougon Bat",
        "animeRomaji": "Ougon Bat",
        "songName": "Ougon Bat no Uta",
        "artist": "Vocal Shop",
        "type": "Opening 1",
        "correctCount": 23,
        "startTime": 7,
        "songDuration": 90.144,
        "songNumber": 1,
        "activePlayerCount": 115,
        "LinkVideo": "https://files.catbox.moe/b98847.webm",
        "LinkMp3": "https://files.catbox.moe/yhxntu.mp3",
        "annId": 1492
    },
    {
        "animeEng": "Persona: Trinity Soul",
        "animeRomaji": "Persona: Trinity Soul",
        "songName": "Somewhere",
        "artist": "Nataliya Gudziy",
        "type": "Insert Song",
        "correctCount": 2,
        "startTime": 8,
        "songDuration": 95.808,
        "songNumber": 2,
        "activePlayerCount": 120,
        "LinkVideo": "https://files.catbox.moe/uel15g.webm",
        "LinkMp3": "https://files.catbox.moe/qfbsyz.mp3",
        "annId": 8950,
        "correctPlayers": [
            "Shuuka",
            "ariellemikk"
        ]
    },
    {
        "animeEng": "Cookin' Idol Ai! Mai! Main!",
        "animeRomaji": "Cookin' Idol Ai! Mai! Main!",
        "songName": "Surisuri Thrill",
        "artist": "Haruka Fukuhara",
        "type": "Insert Song",
        "correctCount": 22,
        "startTime": 14,
        "songDuration": 49.945264,
        "songNumber": 3,
        "activePlayerCount": 121,
        "LinkVideo": "https://files.catbox.moe/lzftny.webm",
        "LinkMp3": "https://files.catbox.moe/0t1upt.mp3",
        "annId": 10656
    },
    {
        "animeEng": "Gintama: The Movie",
        "animeRomaji": "Gintama: Shinyaku Benizakura-hen",
        "songName": "Boku-tachi no Kisetsu",
        "artist": "DOES",
        "type": "Insert Song",
        "correctCount": 16,
        "startTime": 6,
        "songDuration": 143.618756,
        "songNumber": 4,
        "activePlayerCount": 124,
        "LinkVideo": "https://files.catbox.moe/y7cbvv.webm",
        "LinkMp3": "https://files.catbox.moe/id3r2e.mp3",
        "annId": 11152
    },
    {
        "animeEng": "Akikan!",
        "animeRomaji": "Akikan!",
        "songName": "Koisora Recycling featuring Recycling",
        "artist": "nomico",
        "type": "Ending 1",
        "correctCount": 16,
        "startTime": 44,
        "songDuration": 104.256,
        "songNumber": 5,
        "activePlayerCount": 125,
        "LinkVideo": "https://files.catbox.moe/p3u3yl.webm",
        "LinkMp3": "https://files.catbox.moe/583j6a.mp3",
        "annId": 10743
    },
    {
        "animeEng": "Captain Tsubasa J",
        "animeRomaji": "Captain Tsubasa J",
        "songName": "Fighting!",
        "artist": "FACE FREE",
        "type": "Opening 1",
        "correctCount": 7,
        "startTime": 49,
        "songDuration": 78.052536,
        "songNumber": 6,
        "activePlayerCount": 125,
        "LinkVideo": "https://files.catbox.moe/tggxtw.webm",
        "LinkMp3": "https://files.catbox.moe/sbxdo1.mp3",
        "annId": 1782
    },
    {
        "animeEng": "Endro~!",
        "animeRomaji": "Endro~!",
        "songName": "Wonder Caravan!",
        "artist": "Inori Minase",
        "type": "Ending 1",
        "correctCount": 39,
        "startTime": 41,
        "songDuration": 88.824,
        "songNumber": 7,
        "activePlayerCount": 127,
        "LinkVideo": "https://files.catbox.moe/8o4sck.webm",
        "LinkMp3": "https://files.catbox.moe/8aio1c.mp3",
        "annId": 21228
    },
    {
        "animeEng": "Pretty Rhythm Rainbow Live",
        "animeRomaji": "Pretty Rhythm Rainbow Live",
        "songName": "Blowin' in the Mind",
        "artist": "Maaya Uchida",
        "type": "Insert Song",
        "correctCount": 5,
        "startTime": 131,
        "songDuration": 197.2211,
        "songNumber": 8,
        "activePlayerCount": 127,
        "LinkVideo": "https://files.catbox.moe/uqir0g.webm",
        "LinkMp3": "https://files.catbox.moe/9c6m88.mp3",
        "annId": 15094,
        "correctPlayers": [
            "Cosmoing",
            "darknessjudai",
            "KurisuZ",
            "ozsauce",
            "kaghey"
        ]
    },
    {
        "animeEng": "Lord Marksman and Vanadis",
        "animeRomaji": "Madan no Ou to Vanadis",
        "songName": "Ginsen no Kaze",
        "artist": "Konomi Suzuki",
        "type": "Opening 1",
        "correctCount": 67,
        "startTime": 17,
        "songDuration": 89.232,
        "songNumber": 9,
        "activePlayerCount": 128,
        "LinkVideo": "https://files.catbox.moe/5vn0yz.webm",
        "LinkMp3": "https://files.catbox.moe/d1clkd.mp3",
        "annId": 16170
    },
    {
        "animeEng": "Tezuka Osamu Story: I Am Son-Goku",
        "animeRomaji": "Tezuka Osamu Monogatari: Boku wa Son Goku",
        "songName": "Tetsuwan Atom",
        "artist": "Kamitakada Shounen Gasshou-dan",
        "type": "Insert Song",
        "correctCount": 95,
        "startTime": 6,
        "songDuration": 36.24,
        "songNumber": 10,
        "activePlayerCount": 128,
        "LinkVideo": "https://files.catbox.moe/lj84oo.webm",
        "LinkMp3": "https://files.catbox.moe/qpqc65.mp3",
        "annId": 3322
    },
    {
        "animeEng": "Kekko Kamen",
        "animeRomaji": "Kekko Kamen",
        "songName": "Kekko Kamen no Uta",
        "artist": "Emi Shinohara",
        "type": "Ending 1",
        "correctCount": 5,
        "startTime": 57,
        "songDuration": 168.528,
        "songNumber": 11,
        "activePlayerCount": 129,
        "LinkVideo": "https://files.catbox.moe/s3fdxm.webm",
        "LinkMp3": "https://files.catbox.moe/o52dqb.mp3",
        "annId": 688,
        "correctPlayers": [
            "NijinoYume721",
            "remake",
            "watashiii",
            "mkby",
            "ozsauce"
        ]
    },
    {
        "animeEng": "Vandread",
        "animeRomaji": "Vandread",
        "songName": "TRUST",
        "artist": "Salia",
        "type": "Opening 1",
        "correctCount": 37,
        "startTime": 16,
        "songDuration": 82.848,
        "songNumber": 12,
        "activePlayerCount": 129,
        "LinkVideo": "https://files.catbox.moe/hxojwp.webm",
        "LinkMp3": "https://files.catbox.moe/xlae1r.mp3",
        "annId": 269
    },
    {
        "animeEng": "Initial D",
        "animeRomaji": "Initial D",
        "songName": "Wanna fly to be wild",
        "artist": "move",
        "type": "Insert Song",
        "correctCount": 5,
        "startTime": 4,
        "songDuration": 230.88,
        "songNumber": 13,
        "activePlayerCount": 129,
        "LinkVideo": "https://files.catbox.moe/99oxh4.webm",
        "LinkMp3": "https://files.catbox.moe/3g0s5e.mp3",
        "annId": 395,
        "correctPlayers": [
            "KamigishiAkari",
            "linkviii",
            "KurisuZ",
            "Shuuka",
            "mkby"
        ]
    },
    {
        "animeEng": "Magical Girl Lyrical Nanoha A's",
        "animeRomaji": "Mahou Shoujo Lyrical Nanoha A's",
        "songName": "Snow Rain",
        "artist": "Kana Ueda",
        "type": "Insert Song",
        "correctCount": 10,
        "startTime": 11,
        "songDuration": 262.584,
        "songNumber": 14,
        "activePlayerCount": 128,
        "LinkVideo": "https://files.catbox.moe/r69kfs.webm",
        "LinkMp3": "https://files.catbox.moe/elrfsz.mp3",
        "annId": 5770
    },
    {
        "animeEng": "Twin Angel: Twinkle Paradise",
        "animeRomaji": "Kaitou Tenshi Twin Angel: Kyun Kyun Tokimeki Paradise!!",
        "songName": "Iinaa\u2606FEVER Time!!",
        "artist": "ave;new project feat Saori Sakura\u00d7Dorechu",
        "type": "Insert Song",
        "correctCount": 14,
        "startTime": 0,
        "songDuration": 27.4281,
        "songNumber": 15,
        "activePlayerCount": 130,
        "LinkVideo": "https://files.catbox.moe/ttwkub.webm",
        "LinkMp3": "https://files.catbox.moe/bctxb8.mp3",
        "annId": 12382
    },
    {
        "animeEng": "Doraemon: Nobita and the Legend of the Sun King",
        "animeRomaji": "Doraemon: Nobita no Taiyou Ou Densetsu",
        "songName": "Doraemon no Uta",
        "artist": "Wien Shounen Gasshou-dan",
        "type": "Opening 1",
        "correctCount": 5,
        "startTime": 12,
        "songDuration": 76.56,
        "songNumber": 16,
        "activePlayerCount": 130,
        "LinkVideo": "https://files.catbox.moe/oh1os3.webm",
        "LinkMp3": "https://files.catbox.moe/djn0kj.mp3",
        "annId": 1917,
        "correctPlayers": [
            "Anwonu",
            "watashiii",
            "tekohina",
            "Akaze",
            "amehaneyuki"
        ]
    },
    {
        "animeEng": "Story of the Alps: My Annette",
        "animeRomaji": "Alps Monogatari: Watashi no Annette",
        "songName": "Edelweiss no Shiroi Hana",
        "artist": "Keiko Han",
        "type": "Ending 1",
        "correctCount": 2,
        "startTime": 45,
        "songDuration": 77.45173,
        "songNumber": 17,
        "activePlayerCount": 131,
        "LinkVideo": "https://files.catbox.moe/yyefm5.webm",
        "LinkMp3": "https://files.catbox.moe/79ykpx.mp3",
        "annId": 442,
        "correctPlayers": [
            "Nippah",
            "Torradinhas"
        ]
    },
    {
        "animeEng": "Silver Spoon",
        "animeRomaji": "Gin no Saji",
        "songName": "Hello Especially",
        "artist": "Sukima Switch",
        "type": "Ending 1",
        "correctCount": 82,
        "startTime": 53,
        "songDuration": 89.064,
        "songNumber": 18,
        "activePlayerCount": 131,
        "LinkVideo": "https://files.catbox.moe/4jlihj.webm",
        "LinkMp3": "https://files.catbox.moe/l4jxyi.mp3",
        "annId": 15017
    },
    {
        "animeEng": "Inazuma Eleven GO: Kyuukyoku no Kizuna Gryphon",
        "animeRomaji": "Inazuma Eleven GO: Kyuukyoku no Kizuna Gryphon",
        "songName": "Niji o Koete Ten made Todoke",
        "artist": "T-Pistonz+KMC",
        "type": "Opening 1",
        "correctCount": 4,
        "startTime": 6,
        "songDuration": 129.068802,
        "songNumber": 19,
        "activePlayerCount": 132,
        "LinkVideo": "https://files.catbox.moe/4mln97.webm",
        "LinkMp3": "https://files.catbox.moe/bgrk0b.mp3",
        "annId": 13199,
        "correctPlayers": [
            "Sonoko",
            "revel_",
            "oh95",
            "Jlin2"
        ]
    },
    {
        "animeEng": "Night Wizard The Animation",
        "animeRomaji": "Night Wizard The Animation",
        "songName": "Erinyes",
        "artist": "BETTA FLASH",
        "type": "Ending 1",
        "correctCount": 4,
        "startTime": 12,
        "songDuration": 88.392,
        "songNumber": 20,
        "activePlayerCount": 133,
        "LinkVideo": "https://files.catbox.moe/0z1asw.webm",
        "LinkMp3": "https://files.catbox.moe/r3b96m.mp3",
        "annId": 8274,
        "correctPlayers": [
            "KurisuZ",
            "remake",
            "watashiii",
            "ozsauce"
        ]
    },
    {
        "animeEng": "First Love Monster",
        "animeRomaji": "Hatsukoi Monster",
        "songName": "LOVE Song TO Kaho",
        "artist": "Takahiro Sakurai",
        "type": "Insert Song",
        "correctCount": 6,
        "startTime": 10,
        "songDuration": 66.96,
        "songNumber": 21,
        "activePlayerCount": 133,
        "LinkVideo": "https://files.catbox.moe/auyv1m.webm",
        "LinkMp3": "https://files.catbox.moe/6zekmu.mp3",
        "annId": 17236
    },
    {
        "animeEng": "MAN WITH A MISSION THE ANIMATION",
        "animeRomaji": "MAN WITH A MISSION THE ANIMATION",
        "songName": "FLY AGAIN 2019",
        "artist": "MAN WITH A MISSION",
        "type": "Insert Song",
        "correctCount": 38,
        "startTime": 31,
        "songDuration": 75.168,
        "songNumber": 22,
        "activePlayerCount": 133,
        "LinkVideo": "https://files.catbox.moe/hyzv44.webm",
        "LinkMp3": "https://files.catbox.moe/w55w3y.mp3",
        "annId": 23193
    },
    {
        "animeEng": "No Need for Tenchi!",
        "animeRomaji": "Tenchi Muyo! Ryo Ohki",
        "songName": "Tenchi Muyou! Ryo-Ohki no Theme",
        "artist": "Seikou Nagaoka",
        "type": "Opening 1",
        "correctCount": 13,
        "startTime": 65,
        "songDuration": 93.816,
        "songNumber": 23,
        "activePlayerCount": 135,
        "LinkVideo": "https://files.catbox.moe/nq3osf.webm",
        "LinkMp3": "https://files.catbox.moe/zphs05.mp3",
        "annId": 919
    },
    {
        "animeEng": "Wooser's Hand-to-Mouth Life: Phantasmagoric Arc",
        "animeRomaji": "Wooser no Sono Higurashi: Mugen-hen",
        "songName": "Love Me Gimme",
        "artist": "Tia",
        "type": "Insert Song",
        "correctCount": 65,
        "startTime": 0,
        "songDuration": 23.592,
        "songNumber": 24,
        "activePlayerCount": 135,
        "LinkVideo": "https://files.catbox.moe/lpx0z4.webm",
        "LinkMp3": "https://files.catbox.moe/iqgzwl.mp3",
        "annId": 16680
    },
    {
        "animeEng": "The Familiar of Zero F",
        "animeRomaji": "Zero no Tsukaima F",
        "songName": "First kiss",
        "artist": "ICHIKO",
        "type": "Insert Song",
        "correctCount": 104,
        "startTime": 38,
        "songDuration": 79.056,
        "songNumber": 25,
        "activePlayerCount": 137,
        "LinkVideo": "https://files.catbox.moe/pzfdp1.webm",
        "LinkMp3": "https://files.catbox.moe/6k07az.mp3",
        "annId": 13615
    },
    {
        "animeEng": "Crayon Shin-chan: Unkokusai no Yabou",
        "animeRomaji": "Crayon Shin-chan: Unkokusai no Yabou",
        "songName": "Ora wa Ninkimono",
        "artist": "Akiko Yajima",
        "type": "Opening 1",
        "correctCount": 107,
        "startTime": 8,
        "songDuration": 62.52,
        "songNumber": 26,
        "activePlayerCount": 136,
        "LinkVideo": "https://files.catbox.moe/cr0oxo.webm",
        "LinkMp3": "https://files.catbox.moe/ybif6y.mp3",
        "annId": 6743
    },
    {
        "animeEng": "Crayon Shin-chan: Arashi o Yobu! Yuuhi no Kasukabe Boys",
        "animeRomaji": "Crayon Shin-chan: Arashi o Yobu! Yuuhi no Kasukabe Boys",
        "songName": "\u25cbAgeyou",
        "artist": "NO PLAN",
        "type": "Ending 1",
        "correctCount": 4,
        "startTime": 45,
        "songDuration": 165.048,
        "songNumber": 27,
        "activePlayerCount": 137,
        "LinkVideo": "https://files.catbox.moe/wdyk29.webm",
        "LinkMp3": "https://files.catbox.moe/jx7odt.mp3",
        "annId": 4384,
        "correctPlayers": [
            "ozsauce",
            "oh95",
            "amehaneyuki",
            "Cirquit"
        ]
    },
    {
        "animeEng": "De:vadasy",
        "animeRomaji": "Sousei Seiki Devadasy",
        "songName": "Kako wa Anata no Mirai",
        "artist": "YOKO",
        "type": "Ending 1",
        "correctCount": 1,
        "startTime": 26,
        "songDuration": 99,
        "songNumber": 28,
        "activePlayerCount": 138,
        "LinkVideo": "https://files.catbox.moe/x2yevz.webm",
        "LinkMp3": "https://files.catbox.moe/lfkh82.mp3",
        "annId": 380,
        "correctPlayers": [
            "watashiii"
        ]
    },
    {
        "animeEng": "Ikemen Kyuugo-tai Nurse Angels",
        "animeRomaji": "Ikemen Kyuugo-tai Nurse Angels",
        "songName": "Liberta",
        "artist": "Maiko Nakamura",
        "type": "Ending 1",
        "correctCount": 3,
        "startTime": 0,
        "songDuration": 24.864,
        "songNumber": 29,
        "activePlayerCount": 139,
        "LinkVideo": "https://files.catbox.moe/zeeydt.webm",
        "LinkMp3": "https://files.catbox.moe/uvvbaj.mp3",
        "annId": 23686,
        "correctPlayers": [
            "watashiii",
            "amehaneyuki",
            "Cirquit"
        ]
    },
    {
        "animeEng": "Crush Gear Nitro",
        "animeRomaji": "Crush Gear Nitro",
        "songName": "Kaze no Tsubasa",
        "artist": "loop",
        "type": "Opening 1",
        "correctCount": 1,
        "startTime": 39,
        "songDuration": 89.16,
        "songNumber": 30,
        "activePlayerCount": 139,
        "LinkVideo": "https://files.catbox.moe/kvjtm7.webm",
        "LinkMp3": "https://files.catbox.moe/lijer6.mp3",
        "annId": 40,
        "correctPlayers": [
            "ozsauce"
        ]
    },
    {
        "animeEng": "Persona 5 the Animation: Dark Sun",
        "animeRomaji": "Persona 5 the Animation: Dark Sun",
        "songName": "Dark Sun...",
        "artist": "Lyn",
        "type": "Opening 1",
        "correctCount": 111,
        "startTime": 13,
        "songDuration": 87.613188,
        "songNumber": 31,
        "activePlayerCount": 139,
        "LinkVideo": "https://files.catbox.moe/ekxxf7.webm",
        "LinkMp3": "https://files.catbox.moe/ewf3kz.mp3",
        "annId": 21597
    },
    {
        "animeEng": "Sound of the Sky",
        "animeRomaji": "So Ra No Wo To",
        "songName": "Hikari no Senritsu",
        "artist": "Kalafina",
        "type": "Opening 1",
        "correctCount": 57,
        "startTime": 26,
        "songDuration": 90.048,
        "songNumber": 32,
        "activePlayerCount": 140,
        "LinkVideo": "https://files.catbox.moe/wqlsmt.webm",
        "LinkMp3": "https://files.catbox.moe/mbif4g.mp3",
        "annId": 11023
    },
    {
        "animeEng": "Metropolis",
        "animeRomaji": "Metropolis",
        "songName": "THERE'LL NEVER BE GOOD-BYE \u2011\u2011\u2011\u2011THE THEME OF METROPOLIS\u2011\u2011\u2011\u2011",
        "artist": "Minako\"mooki\"Obata",
        "type": "Ending 1",
        "correctCount": 6,
        "startTime": 204,
        "songDuration": 265.739106,
        "songNumber": 33,
        "activePlayerCount": 141,
        "LinkVideo": "https://files.catbox.moe/k2c81y.webm",
        "LinkMp3": "https://files.catbox.moe/xft0fl.mp3",
        "annId": 176
    },
    {
        "animeEng": "Digimon Adventure 02: Revenge of Diablomon",
        "animeRomaji": "Digimon Adventure 02: Diablomon no Gyakushuu",
        "songName": "Target ~Akai Shougeki~",
        "artist": "Kouji Wada",
        "type": "Insert Song",
        "correctCount": 55,
        "startTime": 27,
        "songDuration": 94.56,
        "songNumber": 34,
        "activePlayerCount": 140,
        "LinkVideo": "https://files.catbox.moe/qa29y6.webm",
        "LinkMp3": "https://files.catbox.moe/ijaxfo.mp3",
        "annId": 1986
    },
    {
        "animeEng": "Please Teacher!",
        "animeRomaji": "Onegai\u2606Teacher",
        "songName": "Love a Riddle",
        "artist": "KOTOKO",
        "type": "Ending 2",
        "correctCount": 19,
        "startTime": 131,
        "songDuration": 163.848,
        "songNumber": 35,
        "activePlayerCount": 140,
        "LinkVideo": "https://files.catbox.moe/cf827y.webm",
        "LinkMp3": "https://files.catbox.moe/7vki1i.mp3",
        "annId": 386
    },
    {
        "animeEng": "Camp Pikachu",
        "animeRomaji": "Pika Pika Hoshizora Camp",
        "songName": "Ano Oka o Mezashite",
        "artist": "Pokemon 5",
        "type": "Opening 1",
        "correctCount": 22,
        "startTime": 46,
        "songDuration": 82.968,
        "songNumber": 36,
        "activePlayerCount": 142,
        "LinkVideo": "https://files.catbox.moe/q13owr.webm",
        "LinkMp3": "https://files.catbox.moe/j61mmo.mp3",
        "annId": 4617
    },
    {
        "animeEng": "Fight! Iczer-One",
        "animeRomaji": "Tatakae! Iczer-1",
        "songName": "Tatakae!! Iczer-1",
        "artist": "Miki Kakizawa",
        "type": "Ending 1",
        "correctCount": 3,
        "startTime": 65,
        "songDuration": 112.704,
        "songNumber": 37,
        "activePlayerCount": 142,
        "LinkVideo": "https://files.catbox.moe/dexqdg.webm",
        "LinkMp3": "https://files.catbox.moe/bs204d.mp3",
        "annId": 684,
        "correctPlayers": [
            "NijinoYume721",
            "Nicoler",
            "Legend_"
        ]
    },
    {
        "animeEng": "Student Council's Discretion",
        "animeRomaji": "Seitokai no Ichizon",
        "songName": "Ue Ue Shita Shita Hidari Migi Hidari Migi B A - Ganbare Kurimu ver.",
        "artist": "Hekiyou Gakuen Seitokai Kaichou to Shoki",
        "type": "Ending 5",
        "correctCount": 38,
        "startTime": 53,
        "songDuration": 90.528,
        "songNumber": 38,
        "activePlayerCount": 142,
        "LinkVideo": "https://files.catbox.moe/y7p5vm.webm",
        "LinkMp3": "https://files.catbox.moe/ncx2pd.mp3",
        "annId": 10587
    },
    {
        "animeEng": "Saikyou Kamizmode!",
        "animeRomaji": "Saikyou Kamizmode!",
        "songName": "RanRanRan! (Ver. Yokoshima)",
        "artist": "Sensei (Tokyo Karan Koron)",
        "type": "Insert Song",
        "correctCount": 10,
        "startTime": 20,
        "songDuration": 82.536,
        "songNumber": 39,
        "activePlayerCount": 143,
        "LinkVideo": "https://files.catbox.moe/c0puk3.webm",
        "LinkMp3": "https://files.catbox.moe/rpgpek.mp3",
        "annId": 23556
    },
    {
        "animeEng": "Spiral",
        "animeRomaji": "Spiral: Suiri no Kizuna",
        "songName": "Kibouhou",
        "artist": "Strawberry Jam",
        "type": "Opening 1",
        "correctCount": 13,
        "startTime": 30,
        "songDuration": 102.144,
        "songNumber": 40,
        "activePlayerCount": 143,
        "LinkVideo": "https://files.catbox.moe/cxsz6p.webm",
        "LinkMp3": "https://files.catbox.moe/ok1mc0.mp3",
        "annId": 1819
    },
    {
        "animeEng": "Rinne no Lagrange: Kamogawa Days",
        "animeRomaji": "Rinne no Lagrange: Kamogawa Days",
        "songName": "Jersey-bu no Uta",
        "artist": "Kaori Ishihara",
        "type": "Insert Song",
        "correctCount": 5,
        "startTime": 3,
        "songDuration": 110.88,
        "songNumber": 41,
        "activePlayerCount": 142,
        "LinkVideo": "https://files.catbox.moe/x7pjt7.webm",
        "LinkMp3": "https://files.catbox.moe/3yscdv.mp3",
        "annId": 14181,
        "correctPlayers": [
            "Shuuka",
            "watashiii",
            "doomchicken",
            "ozsauce",
            "Hachrt"
        ]
    },
    {
        "animeEng": "Nichijou: My Ordinary Life",
        "animeRomaji": "Nichijou",
        "songName": "Hyadain no Kakakata\u2606Kataomoi-C",
        "artist": "Hyadain",
        "type": "Opening 1",
        "correctCount": 104,
        "startTime": 7,
        "songDuration": 87.84,
        "songNumber": 42,
        "activePlayerCount": 145,
        "LinkVideo": "https://files.catbox.moe/c89iop.webm",
        "LinkMp3": "https://files.catbox.moe/kc47c4.mp3",
        "annId": 12142
    },
    {
        "animeEng": "Aikatsu Friends!",
        "animeRomaji": "Aikatsu Friends!",
        "songName": "Ai de Afureteiru",
        "artist": "Karen from BEST FRIENDS!",
        "type": "Insert Song",
        "correctCount": 13,
        "startTime": 47,
        "songDuration": 118.824,
        "songNumber": 43,
        "activePlayerCount": 146,
        "LinkVideo": "https://files.catbox.moe/6xk6em.webm",
        "LinkMp3": "https://files.catbox.moe/41t4ec.mp3",
        "annId": 20586
    },
    {
        "animeEng": "Pok\u00e9mon",
        "animeRomaji": "Pocket Monsters",
        "songName": "TYPE:WILD -English Ver.-",
        "artist": "ROBBIE DANZIE",
        "type": "Ending 1",
        "correctCount": 41,
        "startTime": 48,
        "songDuration": 80.688,
        "songNumber": 44,
        "activePlayerCount": 146,
        "LinkVideo": "https://files.catbox.moe/3rhnzj.webm",
        "LinkMp3": "https://files.catbox.moe/2btv3x.mp3",
        "annId": 270
    },
    {
        "animeEng": "Master of Torque 2",
        "animeRomaji": "Master of Torque 2",
        "songName": "Rinne no Perihelion",
        "artist": "Megumi Nishibayashi",
        "type": "Ending 1",
        "correctCount": 6,
        "startTime": 33,
        "songDuration": 141.9392,
        "songNumber": 45,
        "activePlayerCount": 146,
        "LinkVideo": "https://files.catbox.moe/3mo86i.webm",
        "LinkMp3": "https://files.catbox.moe/4px4td.mp3",
        "annId": 23251
    },
    {
        "animeEng": "Sound! Euphonium",
        "animeRomaji": "Hibike! Euphonium",
        "songName": "Dream Solister (Wind Orchestra Ver.)",
        "artist": "Freshman Wind Ensemble",
        "type": "Ending 3",
        "correctCount": 82,
        "startTime": 54,
        "songDuration": 88.608,
        "songNumber": 46,
        "activePlayerCount": 147,
        "LinkVideo": "https://files.catbox.moe/ab6tkx.webm",
        "LinkMp3": "https://files.catbox.moe/euy1gz.mp3",
        "annId": 16657
    },
    {
        "animeEng": "Himawari!",
        "animeRomaji": "Himawari!",
        "songName": "Taiyou no Kakera",
        "artist": "Ryoko Shiraishi",
        "type": "Opening 1",
        "correctCount": 5,
        "startTime": 56,
        "songDuration": 90.528,
        "songNumber": 47,
        "activePlayerCount": 147,
        "LinkVideo": "https://files.catbox.moe/yrv4kh.webm",
        "LinkMp3": "https://files.catbox.moe/cpvnra.mp3",
        "annId": 6160,
        "correctPlayers": [
            "watashiii",
            "ozsauce",
            "sochie",
            "Erza_Asiaversal",
            "Bai"
        ]
    },
    {
        "animeEng": "Boys Over Flowers",
        "animeRomaji": "Hana yori Dango",
        "songName": "Futsuu no Nichiyoubi ni",
        "artist": "Tomohiko Kikuta",
        "type": "Opening 1",
        "correctCount": 22,
        "startTime": 69,
        "songDuration": 104.784,
        "songNumber": 48,
        "activePlayerCount": 146,
        "LinkVideo": "https://files.catbox.moe/ek4xxn.webm",
        "LinkMp3": "https://files.catbox.moe/56a78m.mp3",
        "annId": 1136
    },
    {
        "animeEng": "Area 88",
        "animeRomaji": "Area 88",
        "songName": "Dog Fight Blues",
        "artist": "Shouko Yamagiwa",
        "type": "Insert Song",
        "correctCount": 6,
        "startTime": 13,
        "songDuration": 58.128,
        "songNumber": 49,
        "activePlayerCount": 146,
        "LinkVideo": "https://files.catbox.moe/66eb9w.webm",
        "LinkMp3": "https://files.catbox.moe/rfcktz.mp3",
        "annId": 513
    },
    {
        "animeEng": "Beelzebub",
        "animeRomaji": "Beelzebub",
        "songName": "Dadada",
        "artist": "Group Tamashii",
        "type": "Opening 1",
        "correctCount": 76,
        "startTime": 49,
        "songDuration": 86.616,
        "songNumber": 50,
        "activePlayerCount": 145,
        "LinkVideo": "https://files.catbox.moe/gokdpq.webm",
        "LinkMp3": "https://files.catbox.moe/fpiny6.mp3",
        "annId": 11858
    },
    {
        "animeEng": "Inferno Cop",
        "animeRomaji": "Inferno Cop",
        "songName": "Die Hollen Polizei",
        "artist": "Juriano Hagiwara feat. Tsukasa Matsubara",
        "type": "Ending 1",
        "correctCount": 87,
        "startTime": 0,
        "songDuration": 29.099908,
        "songNumber": 51,
        "activePlayerCount": 145,
        "LinkVideo": "https://files.catbox.moe/312yu3.webm",
        "LinkMp3": "https://files.catbox.moe/wiqozk.mp3",
        "annId": 15419
    },
    {
        "animeEng": "Gintama",
        "animeRomaji": "Gintama",
        "songName": "Omae no Kaa-chan XX da!",
        "artist": "kazmy with Necromancers",
        "type": "Ending 1",
        "correctCount": 26,
        "startTime": 10,
        "songDuration": 122.76,
        "songNumber": 52,
        "activePlayerCount": 145,
        "LinkVideo": "https://files.catbox.moe/6fq2ou.webm",
        "LinkMp3": "https://files.catbox.moe/7i6idc.mp3",
        "annId": 6072
    },
    {
        "animeEng": "Xuan Yuan Sword Luminary",
        "animeRomaji": "Ken En Ken: Aoki Kagayaki",
        "songName": "Nageki no Hana",
        "artist": "Nana Mizuki",
        "type": "Opening 1",
        "correctCount": 24,
        "startTime": 50,
        "songDuration": 88.579702,
        "songNumber": 53,
        "activePlayerCount": 146,
        "LinkVideo": "https://files.catbox.moe/7ushyi.webm",
        "LinkMp3": "https://files.catbox.moe/f2x200.mp3",
        "annId": 21250
    },
    {
        "animeEng": "Snow White with the Red Hair: Nandemonai Takaramono, Kono Page",
        "animeRomaji": "Akagami no Shirayuki-hime: Nandemonai Takaramono, Kono Page",
        "songName": "Yasashii Kibou",
        "artist": "Saori Hayami",
        "type": "Opening 1",
        "correctCount": 85,
        "startTime": 59,
        "songDuration": 89.112,
        "songNumber": 54,
        "activePlayerCount": 146,
        "LinkVideo": "https://files.catbox.moe/p4859c.webm",
        "LinkMp3": "https://files.catbox.moe/io8oex.mp3",
        "annId": 23351
    },
    {
        "animeEng": "UFO Robo Grendizer tai Great Mazinger",
        "animeRomaji": "UFO Robo Grendizer tai Great Mazinger",
        "songName": "Uchuu no Ouja Grendizer",
        "artist": "Isao Sasaki",
        "type": "Opening 1",
        "correctCount": 95,
        "startTime": 22,
        "songDuration": 68.04,
        "songNumber": 55,
        "activePlayerCount": 147,
        "LinkVideo": "https://files.catbox.moe/lb7hh7.webm",
        "LinkMp3": "https://files.catbox.moe/mpk8tc.mp3",
        "annId": 3609
    },
    {
        "animeEng": "Mobile Suit Gundam: Char's Counterattack",
        "animeRomaji": "Kidou Senshi Gundam: Gyakushuu no Char",
        "songName": "BEYOND THE TIME ~M\u00f6bius no Sora o Koete~",
        "artist": "TM Network",
        "type": "Ending 1",
        "correctCount": 33,
        "startTime": 71,
        "songDuration": 143.304,
        "songNumber": 56,
        "activePlayerCount": 147,
        "LinkVideo": "https://files.catbox.moe/orqunr.webm",
        "LinkMp3": "https://files.catbox.moe/2bw53u.mp3",
        "annId": 597
    },
    {
        "animeEng": "TONIKAWA: Over The Moon For You",
        "animeRomaji": "Tonikaku Kawaii",
        "songName": "Koi no Uta (feat. Tsukasa Yuzaki)",
        "artist": "Yunomi feat. Akari Kitou",
        "type": "Opening 1",
        "correctCount": 111,
        "startTime": 16,
        "songDuration": 88.56,
        "songNumber": 57,
        "activePlayerCount": 147,
        "LinkVideo": "https://files.catbox.moe/8uqyus.webm",
        "LinkMp3": "https://files.catbox.moe/zr7dtb.mp3",
        "annId": 23503
    },
    {
        "animeEng": "Don't Toy With Me, Miss Nagatoro",
        "animeRomaji": "Ijiranaide, Nagatoro-san",
        "songName": "Colorful Canvas",
        "artist": "Gin (BUSTED ROSE)",
        "type": "Ending 2",
        "correctCount": 71,
        "startTime": 14,
        "songDuration": 89.568,
        "songNumber": 58,
        "activePlayerCount": 146,
        "LinkVideo": "https://files.catbox.moe/zlur2t.webm",
        "LinkMp3": "https://files.catbox.moe/pcbnnu.mp3",
        "annId": 23755
    },
    {
        "animeEng": "Beyond the Boundary",
        "animeRomaji": "Kyoukai no Kanata",
        "songName": "Kyoukai no Kanata",
        "artist": "Minori Chihara",
        "type": "Opening 1",
        "correctCount": 107,
        "startTime": 28,
        "songDuration": 87.984,
        "songNumber": 59,
        "activePlayerCount": 146,
        "LinkVideo": "https://files.catbox.moe/917i9b.webm",
        "LinkMp3": "https://files.catbox.moe/ogqmzn.mp3",
        "annId": 15546
    },
    {
        "animeEng": "SSSS.DYNAZENON",
        "animeRomaji": "SSSS.DYNAZENON",
        "songName": "The Day I Knew I Needed You",
        "artist": "MARLOE.",
        "type": "Insert Song",
        "correctCount": 11,
        "startTime": 0,
        "songDuration": 21.792,
        "songNumber": 60,
        "activePlayerCount": 146,
        "LinkVideo": "https://files.catbox.moe/s70sty.webm",
        "LinkMp3": "https://files.catbox.moe/8mqbjq.mp3",
        "annId": 23822
    },
    {
        "animeEng": "Spooky Kitaro",
        "animeRomaji": "Gegege no Kitarou",
        "songName": "Karan Koron no Uta",
        "artist": "Ukadan",
        "type": "Ending 1",
        "correctCount": 97,
        "startTime": 3,
        "songDuration": 90.648,
        "songNumber": 61,
        "activePlayerCount": 148,
        "LinkVideo": "https://files.catbox.moe/5txqmf.webm",
        "LinkMp3": "https://files.catbox.moe/edu0gv.mp3",
        "annId": 2214
    },
    {
        "animeEng": "Doraemon the Movie: Nobita in the New Haunts of Evil - Peko and the Five Explorers",
        "animeRomaji": "Doraemon Shin Nobita no Daimakyo: Peko to 5-nin no Tankentai",
        "songName": "Yume o Kanaete Doraemon",
        "artist": "Hibari Jidou Gasshou-dan",
        "type": "Insert Song",
        "correctCount": 82,
        "startTime": 59,
        "songDuration": 91.08,
        "songNumber": 62,
        "activePlayerCount": 149,
        "LinkVideo": "https://files.catbox.moe/ojf0jr.webm",
        "LinkMp3": "https://files.catbox.moe/6qi7ee.mp3",
        "annId": 15502
    },
    {
        "animeEng": "Shiki",
        "animeRomaji": "Shiki",
        "songName": "Kuchizuke",
        "artist": "BUCK-TICK",
        "type": "Opening 1",
        "correctCount": 60,
        "startTime": 12,
        "songDuration": 88.128,
        "songNumber": 63,
        "activePlayerCount": 149,
        "LinkVideo": "https://files.catbox.moe/w1nsn2.webm",
        "LinkMp3": "https://files.catbox.moe/nilp4x.mp3",
        "annId": 11302
    },
    {
        "animeEng": "Kabaneri of the Iron Fortress: The Battle of Unato",
        "animeRomaji": "Koutetsujou no Kabaneri: Unato Kessen",
        "songName": "ninelie",
        "artist": "Aimer with chelly(EGOIST)",
        "type": "Ending 1",
        "correctCount": 71,
        "startTime": 10,
        "songDuration": 89.064,
        "songNumber": 64,
        "activePlayerCount": 149,
        "LinkVideo": "https://files.catbox.moe/ufe6xx.webm",
        "LinkMp3": "https://files.catbox.moe/co2r4r.mp3",
        "annId": 21512
    },
    {
        "animeEng": "Pok\u00e9mon: Diamond and Pearl",
        "animeRomaji": "Pocket Monsters Diamond & Pearl",
        "songName": "Mezase Pokemon Master 2001",
        "artist": "Rica Matsumoto",
        "type": "Insert Song",
        "correctCount": 44,
        "startTime": 37,
        "songDuration": 94.056,
        "songNumber": 65,
        "activePlayerCount": 149,
        "LinkVideo": "https://files.catbox.moe/vzjrf5.webm",
        "LinkMp3": "https://files.catbox.moe/20711p.mp3",
        "annId": 6836
    },
    {
        "animeEng": "Hypnosis Mic: Division Rap Battle - Rhyme Anima",
        "animeRomaji": "Hypnosis Mic: Division Rap Battle - Rhyme Anima",
        "songName": "Bayside-Suicide",
        "artist": "MAD TRIGGER CREW",
        "type": "Insert Song",
        "correctCount": 106,
        "startTime": 54,
        "songDuration": 109.872,
        "songNumber": 66,
        "activePlayerCount": 148,
        "LinkVideo": "https://files.catbox.moe/s9trpr.webm",
        "LinkMp3": "https://files.catbox.moe/fl3zer.mp3",
        "annId": 22902
    },
    {
        "animeEng": "Leave it to Piyoko!",
        "animeRomaji": "Piyoko ni Omakase pyo!",
        "songName": "We are THE ONE!",
        "artist": "P.K.O",
        "type": "Opening 1",
        "correctCount": 8,
        "startTime": 36,
        "songDuration": 90.432,
        "songNumber": 67,
        "activePlayerCount": 149,
        "LinkVideo": "https://files.catbox.moe/693djw.webm",
        "LinkMp3": "https://files.catbox.moe/chqvhd.mp3",
        "annId": 1971
    },
    {
        "animeEng": "Love Live! Superstar!!",
        "animeRomaji": "Love Live! Superstar!!",
        "songName": "Mirai wa Kaze no You ni",
        "artist": "Nako Misaki",
        "type": "Ending 5",
        "correctCount": 51,
        "startTime": 2,
        "songDuration": 101.472,
        "songNumber": 68,
        "activePlayerCount": 149,
        "LinkVideo": "https://files.catbox.moe/vse88b.webm",
        "LinkMp3": "https://files.catbox.moe/u5ufuv.mp3",
        "annId": 23844
    },
    {
        "animeEng": "Elfen Lied",
        "animeRomaji": "Elfen Lied",
        "songName": "be your girl",
        "artist": "Chieko Kawabe",
        "type": "Ending 1",
        "correctCount": 92,
        "startTime": 3,
        "songDuration": 90.068656,
        "songNumber": 69,
        "activePlayerCount": 148,
        "LinkVideo": "https://files.catbox.moe/em4xv0.webm",
        "LinkMp3": "https://files.catbox.moe/vn9bxb.mp3",
        "annId": 5409
    },
    {
        "animeEng": "Kimi ni Todoke - From Me to You",
        "animeRomaji": "Kimi ni Todoke",
        "songName": "Kimi ni Todoke",
        "artist": "Tomofumi Tanizawa",
        "type": "Opening 1",
        "correctCount": 96,
        "startTime": 13,
        "songDuration": 58.752,
        "songNumber": 70,
        "activePlayerCount": 148,
        "LinkVideo": "https://files.catbox.moe/bzak9g.webm",
        "LinkMp3": "https://files.catbox.moe/54vgxm.mp3",
        "annId": 10625
    },
    {
        "animeEng": "Princess Mononoke",
        "animeRomaji": "Mononoke Hime",
        "songName": "Mononoke Hime",
        "artist": "Yoshikazu Mera",
        "type": "Ending 1",
        "correctCount": 72,
        "startTime": 32,
        "songDuration": 80.376,
        "songNumber": 71,
        "activePlayerCount": 149,
        "LinkVideo": "https://files.catbox.moe/pbjtbd.webm",
        "LinkMp3": "https://files.catbox.moe/d4pijw.mp3",
        "annId": 197
    },
    {
        "animeEng": "RIN-NE",
        "animeRomaji": "Kyoukai no Rinne",
        "songName": "Futatsu no Sekai",
        "artist": "Quruli",
        "type": "Ending 2",
        "correctCount": 6,
        "startTime": 26,
        "songDuration": 88.579702,
        "songNumber": 72,
        "activePlayerCount": 150,
        "LinkVideo": "https://files.catbox.moe/qwpn1i.webm",
        "LinkMp3": "https://files.catbox.moe/3qbwc3.mp3",
        "annId": 16546
    },
    {
        "animeEng": "Yu-Gi-Oh!: The Movie",
        "animeRomaji": "Yu-Gi-Oh! Duel Monsters: Hikari no Pyramid",
        "songName": "FIRE",
        "artist": "BLAZE",
        "type": "Ending 1",
        "correctCount": 16,
        "startTime": 71,
        "songDuration": 284.352,
        "songNumber": 73,
        "activePlayerCount": 150,
        "LinkVideo": "https://files.catbox.moe/asle0w.webm",
        "LinkMp3": "https://files.catbox.moe/w90i93.mp3",
        "annId": 2761
    },
    {
        "animeEng": "Getter Robo Go",
        "animeRomaji": "Getter Robo Go",
        "songName": "21 Seiki Shounen (21st century boy)",
        "artist": "Hiroyuki Takami",
        "type": "Opening 1",
        "correctCount": 2,
        "startTime": 39,
        "songDuration": 77.97417,
        "songNumber": 74,
        "activePlayerCount": 149,
        "LinkVideo": "https://files.catbox.moe/c84937.webm",
        "LinkMp3": "https://files.catbox.moe/fh7298.mp3",
        "annId": 1994,
        "correctPlayers": [
            "watashiii",
            "ozsauce"
        ]
    },
    {
        "animeEng": "One Piece: Django's Dance Carnival",
        "animeRomaji": "One Piece: Jango no Dance Carnival",
        "songName": "Ready!",
        "artist": "Folder5",
        "type": "Insert Song",
        "correctCount": 62,
        "startTime": 13,
        "songDuration": 87.408,
        "songNumber": 75,
        "activePlayerCount": 150,
        "LinkVideo": "https://files.catbox.moe/bk6uf3.webm",
        "LinkMp3": "https://files.catbox.moe/tlom48.mp3",
        "annId": 6527
    },
    {
        "animeEng": "Chikkun Takkun",
        "animeRomaji": "Chikkun Takkun",
        "songName": "Sukishite Chikkun",
        "artist": "Fumi Hirano",
        "type": "Opening 1",
        "correctCount": 23,
        "startTime": 55,
        "songDuration": 83.064,
        "songNumber": 76,
        "activePlayerCount": 150,
        "LinkVideo": "https://files.catbox.moe/5i2706.webm",
        "LinkMp3": "https://files.catbox.moe/pl0zo2.mp3",
        "annId": 1247
    },
    {
        "animeEng": "Mobile Suit Gundam Unicorn RE:0096",
        "animeRomaji": "Kidou Senshi Gundam Unicorn RE:0096",
        "songName": "Next 2U -eUC-",
        "artist": "SawanoHiroyuki[nZk]:naNami",
        "type": "Ending 1",
        "correctCount": 17,
        "startTime": 30,
        "songDuration": 89.688,
        "songNumber": 77,
        "activePlayerCount": 149,
        "LinkVideo": "https://files.catbox.moe/ppmwbr.webm",
        "LinkMp3": "https://files.catbox.moe/kas434.mp3",
        "annId": 18087
    },
    {
        "animeEng": "Train Heroes",
        "animeRomaji": "Train Heroes",
        "songName": "DREAM EXPRESS ~Yumeutsutsu Kuukan Choutokkyuu~",
        "artist": "alan",
        "type": "Opening 1",
        "correctCount": 14,
        "startTime": 54,
        "songDuration": 88.2,
        "songNumber": 78,
        "activePlayerCount": 148,
        "LinkVideo": "https://files.catbox.moe/m8hiah.webm",
        "LinkMp3": "https://files.catbox.moe/2tiwe0.mp3",
        "annId": 15272
    },
    {
        "animeEng": "Hozuki's Coolheadedness",
        "animeRomaji": "Hoozuki no Reitetsu",
        "songName": "Dai! Jigoku Jigobushi",
        "artist": "Jigoku no Sata All Stars",
        "type": "Opening 1",
        "correctCount": 89,
        "startTime": 58,
        "songDuration": 89.016,
        "songNumber": 79,
        "activePlayerCount": 148,
        "LinkVideo": "https://files.catbox.moe/hygy55.webm",
        "LinkMp3": "https://files.catbox.moe/e9b9ep.mp3",
        "annId": 19364
    },
    {
        "animeEng": "Marvelous Melmo",
        "animeRomaji": "Fushigi na Melmo",
        "songName": "Fushigi na Melmo",
        "artist": "Yuuki Mashima",
        "type": "Opening 1",
        "correctCount": 26,
        "startTime": 24,
        "songDuration": 65.808,
        "songNumber": 80,
        "activePlayerCount": 149,
        "LinkVideo": "https://files.catbox.moe/7jo7zx.webm",
        "LinkMp3": "https://files.catbox.moe/8accmn.mp3",
        "annId": 1517
    },
    {
        "animeEng": "Gekijouban selector destructed WIXOSS",
        "animeRomaji": "Gekijouban selector destructed WIXOSS",
        "songName": "Love your enemies",
        "artist": "Kanon Wakeshima",
        "type": "Ending 1",
        "correctCount": 33,
        "startTime": 89,
        "songDuration": 247.08,
        "songNumber": 81,
        "activePlayerCount": 149,
        "LinkVideo": "https://files.catbox.moe/dop9br.webm",
        "LinkMp3": "https://files.catbox.moe/z4b63s.mp3",
        "annId": 17349
    },
    {
        "animeEng": "Gekidol",
        "animeRomaji": "Gekidol",
        "songName": "Seifuku DOLL",
        "artist": "M\u30fbA\u30fbO",
        "type": "Ending 2",
        "correctCount": 8,
        "startTime": 14,
        "songDuration": 88.56,
        "songNumber": 82,
        "activePlayerCount": 148,
        "LinkVideo": "https://files.catbox.moe/yvi6m9.webm",
        "LinkMp3": "https://files.catbox.moe/wuzb8f.mp3",
        "annId": 23790
    },
    {
        "animeEng": "Music Girls",
        "animeRomaji": "Ongaku Shoujo",
        "songName": "Think the Future",
        "artist": "Electro.muster",
        "type": "Insert Song",
        "correctCount": 16,
        "startTime": 3,
        "songDuration": 35.04,
        "songNumber": 83,
        "activePlayerCount": 148,
        "LinkVideo": "https://files.catbox.moe/6lnn2q.webm",
        "LinkMp3": "https://files.catbox.moe/8pq3eq.mp3",
        "annId": 16807
    },
    {
        "animeEng": "Senki Zesshou Symphogear GX",
        "animeRomaji": "Senki Zesshou Symphogear GX",
        "songName": "Seiten Galaxy Cross",
        "artist": "Nana Mizuki & Yoko Hikasa",
        "type": "Insert Song",
        "correctCount": 28,
        "startTime": 83,
        "songDuration": 126.979042,
        "songNumber": 84,
        "activePlayerCount": 149,
        "LinkVideo": "https://files.catbox.moe/pwrnn1.webm",
        "LinkMp3": "https://files.catbox.moe/pbgke7.mp3",
        "annId": 16312
    },
    {
        "animeEng": "Plastic Memories",
        "animeRomaji": "Plastic Memories",
        "songName": "Ring of Fortune",
        "artist": "Eri Sasaki",
        "type": "Opening 1",
        "correctCount": 83,
        "startTime": 11,
        "songDuration": 89.568,
        "songNumber": 85,
        "activePlayerCount": 141,
        "LinkVideo": "https://files.catbox.moe/ns1cww.webm",
        "LinkMp3": "https://files.catbox.moe/3mf3p5.mp3",
        "annId": 16377
    }
]