[
    {
        "animeEng": "Blood-C: The Last Dark",
        "animeRomaji": "Blood-C: The Last Dark",
        "songName": "METRO BAROQUE",
        "artist": "Nana Mizuki",
        "type": "Ending 1",
        "correctCount": 7,
        "startTime": 43,
        "songDuration": 267.35867,
        "songNumber": 1,
        "activePlayerCount": 80,
        "LinkVideo": "https://files.catbox.moe/xc7tgs.webm",
        "LinkMp3": "https://files.catbox.moe/izoynf.mp3",
        "annId": 13228
    },
    {
        "animeEng": "My Hero Academia",
        "animeRomaji": "Boku no Hero Academia",
        "songName": "HEROES",
        "artist": "Brian The Sun",
        "type": "Ending 1",
        "correctCount": 51,
        "startTime": 11,
        "songDuration": 89.568,
        "songNumber": 2,
        "activePlayerCount": 83,
        "LinkVideo": "https://files.catbox.moe/54efex.webm",
        "LinkMp3": "https://files.catbox.moe/szti5q.mp3",
        "annId": 17786
    },
    {
        "animeEng": "JoJo's Bizarre Adventure: Golden Wind",
        "animeRomaji": "JoJo no Kimyou na Bouken: Ougon no Kaze",
        "songName": "Fighting Gold",
        "artist": "Coda",
        "type": "Opening 1",
        "correctCount": 57,
        "startTime": 61,
        "songDuration": 89.568,
        "songNumber": 3,
        "activePlayerCount": 86,
        "LinkVideo": "https://files.catbox.moe/tadu65.webm",
        "LinkMp3": "https://files.catbox.moe/iu8sec.mp3",
        "annId": 21131
    },
    {
        "animeEng": "Kuroko's Basketball",
        "animeRomaji": "Kuroko no Basuke",
        "songName": "Hengenjizai no Magical Star",
        "artist": "GRANRODEO",
        "type": "Opening 2",
        "correctCount": 58,
        "startTime": 13,
        "songDuration": 88.848,
        "songNumber": 4,
        "activePlayerCount": 91,
        "LinkVideo": "https://files.catbox.moe/qr1wbl.webm",
        "LinkMp3": "https://files.catbox.moe/9mideg.mp3",
        "annId": 15002
    },
    {
        "animeEng": "Dimension W",
        "animeRomaji": "Dimension W",
        "songName": "Genesis",
        "artist": "STEREO DIVE FOUNDATION",
        "type": "Opening 1",
        "correctCount": 51,
        "startTime": 10,
        "songDuration": 90.072,
        "songNumber": 5,
        "activePlayerCount": 93,
        "LinkVideo": "https://files.catbox.moe/t1j3kl.webm",
        "LinkMp3": "https://files.catbox.moe/gl8vdc.mp3",
        "annId": 17285
    },
    {
        "animeEng": "La Corda D'Oro: secondo passo",
        "animeRomaji": "Kin-iro no Corda: Secondo Passo",
        "songName": "You're in my heart",
        "artist": "Mamoru Miyano",
        "type": "Insert Song",
        "correctCount": 4,
        "startTime": 14,
        "songDuration": 80.088,
        "songNumber": 6,
        "activePlayerCount": 93,
        "LinkVideo": "https://files.catbox.moe/5b8nhf.webm",
        "LinkMp3": "https://files.catbox.moe/6ulpw7.mp3",
        "annId": 10592,
        "correctPlayers": [
            "Nicoler",
            "revel_",
            "yamagucci",
            "MKNono"
        ]
    },
    {
        "animeEng": "Crayon Shin-chan: Arashi o Yobu Ougon no Spy Daisakusen",
        "animeRomaji": "Crayon Shin-chan: Arashi o Yobu Ougon no Spy Daisakusen",
        "songName": "Yellow Pansy Street",
        "artist": "Kanjani\u221e",
        "type": "Ending 1",
        "correctCount": 2,
        "startTime": 159,
        "songDuration": 207.048,
        "songNumber": 7,
        "activePlayerCount": 94,
        "LinkVideo": "https://files.catbox.moe/5q442o.webm",
        "LinkMp3": "https://files.catbox.moe/dkj29i.mp3",
        "annId": 12225,
        "correctPlayers": [
            "Pratasz",
            "tekohina"
        ]
    },
    {
        "animeEng": "Hetalia World Series",
        "animeRomaji": "Hetalia World Series",
        "songName": "Marukaite Chikyuu",
        "artist": "Yasuhiro Takato",
        "type": "Ending 3",
        "correctCount": 60,
        "startTime": 0,
        "songDuration": 30.024,
        "songNumber": 8,
        "activePlayerCount": 94,
        "LinkVideo": "https://files.catbox.moe/z3oqhk.webm",
        "LinkMp3": "https://files.catbox.moe/jetjsc.mp3",
        "annId": 11720
    },
    {
        "animeEng": "Zipang",
        "animeRomaji": "Zipang",
        "songName": "Kimi wo Miteiru",
        "artist": "BEGIN",
        "type": "Ending 1",
        "correctCount": 1,
        "startTime": 0,
        "songDuration": 87.63931,
        "songNumber": 9,
        "activePlayerCount": 96,
        "LinkVideo": "https://files.catbox.moe/yuhgzp.webm",
        "LinkMp3": "https://files.catbox.moe/viywiq.mp3",
        "annId": 4649,
        "correctPlayers": [
            "revel_"
        ]
    },
    {
        "animeEng": "Love Live! Sunshine!!",
        "animeRomaji": "Love Live! School Idol Project Sunshine!!",
        "songName": "Daisuki Dattara Daijoubu!",
        "artist": "Anju Inami, Rikako Aida, Shuka Saito",
        "type": "Insert Song",
        "correctCount": 36,
        "startTime": 11,
        "songDuration": 95.424,
        "songNumber": 10,
        "activePlayerCount": 96,
        "LinkVideo": "https://files.catbox.moe/6e734m.webm",
        "LinkMp3": "https://files.catbox.moe/ygdh7n.mp3",
        "annId": 17985
    },
    {
        "animeEng": "Golgo 13: Queen Bee",
        "animeRomaji": "Golgo 13: Queen Bee",
        "songName": "Turquoise Blue",
        "artist": "Fujimaru Yoshino & Hitomi Ono",
        "type": "Opening 1",
        "correctCount": 6,
        "startTime": 36,
        "songDuration": 100.83092,
        "songNumber": 11,
        "activePlayerCount": 96,
        "LinkVideo": "https://files.catbox.moe/en9pya.webm",
        "LinkMp3": "https://files.catbox.moe/6rfgl5.mp3",
        "annId": 319
    },
    {
        "animeEng": "Uma Musume: Pretty Derby - BNW no Chikai",
        "animeRomaji": "Uma Musume: Pretty Derby - BNW no Chikai",
        "songName": "Make debut!",
        "artist": "Azumi Waki, Marika Kouno, Machico, Ayaka Ohashi, Chisa Kimura, Hitomi Ueda, Saori Oonishi",
        "type": "Opening 1",
        "correctCount": 29,
        "startTime": 26,
        "songDuration": 87.528,
        "songNumber": 12,
        "activePlayerCount": 97,
        "LinkVideo": "https://files.catbox.moe/xfaucu.webm",
        "LinkMp3": "https://files.catbox.moe/i0tb1b.mp3",
        "annId": 22478
    },
    {
        "animeEng": "The iDOLM@STER SideM",
        "animeRomaji": "The iDOLM@STER SideM",
        "songName": "BRAND NEW FIELD",
        "artist": "Jupiter",
        "type": "Insert Song",
        "correctCount": 10,
        "startTime": 7,
        "songDuration": 124.92,
        "songNumber": 13,
        "activePlayerCount": 96,
        "LinkVideo": "https://files.catbox.moe/s0az3n.webm",
        "LinkMp3": "https://files.catbox.moe/wj89q5.mp3",
        "annId": 19884
    },
    {
        "animeEng": "Motto! Ojamajo Doremi",
        "animeRomaji": "Motto! Ojamajo Doremi",
        "songName": "Sweet Song ABC",
        "artist": "Chiemi Chiba, Tomoko Akiya, Yuki Matsuoka, Rumi Shishido, Nami Miyahara",
        "type": "Insert Song",
        "correctCount": 6,
        "startTime": 11,
        "songDuration": 79.071294,
        "songNumber": 14,
        "activePlayerCount": 97,
        "LinkVideo": "https://files.catbox.moe/2g654y.webm",
        "LinkMp3": "https://files.catbox.moe/856okl.mp3",
        "annId": 1650
    },
    {
        "animeEng": "STARMYU",
        "animeRomaji": "Koukou Hoshi Kageki",
        "songName": "\u2606\u2606Eien\u2605STAGE\u2606\u2606",
        "artist": "team Ootori",
        "type": "Insert Song",
        "correctCount": 54,
        "startTime": 60,
        "songDuration": 89.52,
        "songNumber": 15,
        "activePlayerCount": 99,
        "LinkVideo": "https://files.catbox.moe/k3rlw3.webm",
        "LinkMp3": "https://files.catbox.moe/t78kp0.mp3",
        "annId": 18192
    },
    {
        "animeEng": "Doraemon",
        "animeRomaji": "Doraemon",
        "songName": "Moonlight Blue",
        "artist": "Wasabi Mizuta, Megumi Oohara, Subaru Kimura, Tomokazu Seki",
        "type": "Insert Song",
        "correctCount": 24,
        "startTime": 44,
        "songDuration": 175.056,
        "songNumber": 16,
        "activePlayerCount": 99,
        "LinkVideo": "https://files.catbox.moe/k6481n.webm",
        "LinkMp3": "https://files.catbox.moe/ah8p71.mp3",
        "annId": 14223
    },
    {
        "animeEng": "Extra Olympia Kyklos",
        "animeRomaji": "Bessatsu Olympia Kyklos",
        "songName": "ZE.N.RA",
        "artist": "Akihito Hayashi",
        "type": "Ending 2",
        "correctCount": 61,
        "startTime": 11,
        "songDuration": 44.808,
        "songNumber": 17,
        "activePlayerCount": 98,
        "LinkVideo": "https://files.catbox.moe/bzejwt.webm",
        "LinkMp3": "https://files.catbox.moe/51i6jk.mp3",
        "annId": 23035
    },
    {
        "animeEng": "The Beast Player Erin",
        "animeRomaji": "Kemono no Souja Erin",
        "songName": "After the rain",
        "artist": "cossami",
        "type": "Ending 1",
        "correctCount": 2,
        "startTime": 29,
        "songDuration": 89.76,
        "songNumber": 18,
        "activePlayerCount": 98,
        "LinkVideo": "https://files.catbox.moe/4k8umf.webm",
        "LinkMp3": "https://files.catbox.moe/j1n5br.mp3",
        "annId": 10291,
        "correctPlayers": [
            "Kirox",
            "Deafness"
        ]
    },
    {
        "animeEng": "Black Lagoon: The Second Barrage",
        "animeRomaji": "Black Lagoon: The Second Barrage",
        "songName": "Don't Look Behind",
        "artist": "EDISON",
        "type": "Ending 1",
        "correctCount": 41,
        "startTime": 42,
        "songDuration": 87.024,
        "songNumber": 19,
        "activePlayerCount": 100,
        "LinkVideo": "https://files.catbox.moe/yi453l.webm",
        "LinkMp3": "https://files.catbox.moe/yf3qfs.mp3",
        "annId": 6832
    },
    {
        "animeEng": "Hyperdimension Neptunia: Nep no Natsuyasumi",
        "animeRomaji": "Choujigen Game Neptune The Animation: Nep no Natsuyasumi",
        "songName": "Neptune\u2606Sagashite",
        "artist": "Afilia Saga",
        "type": "Insert Song",
        "correctCount": 62,
        "startTime": 39,
        "songDuration": 77.184,
        "songNumber": 20,
        "activePlayerCount": 101,
        "LinkVideo": "https://files.catbox.moe/t2bkk3.webm",
        "LinkMp3": "https://files.catbox.moe/n3xuu1.mp3",
        "annId": 22316
    },
    {
        "animeEng": "Terror in Resonance",
        "animeRomaji": "Zankyou no Terror",
        "songName": "von",
        "artist": "Yoko Kanno feat. Arn\u00f3r Dan",
        "type": "Insert Song",
        "correctCount": 37,
        "startTime": 7,
        "songDuration": 160.2,
        "songNumber": 21,
        "activePlayerCount": 104,
        "LinkVideo": "https://files.catbox.moe/yeyvcc.webm",
        "LinkMp3": "https://files.catbox.moe/ojo0h9.mp3",
        "annId": 15974
    },
    {
        "animeEng": "Tentai Senshi Sunred",
        "animeRomaji": "Tentai Senshi Sunred",
        "songName": "Mizonokuchi Taiyouzoku",
        "artist": "manzo",
        "type": "Opening 1",
        "correctCount": 21,
        "startTime": 24,
        "songDuration": 89.208,
        "songNumber": 22,
        "activePlayerCount": 105,
        "LinkVideo": "https://files.catbox.moe/yjd04d.webm",
        "LinkMp3": "https://files.catbox.moe/v3334t.mp3",
        "annId": 10193
    },
    {
        "animeEng": "Inazuma Eleven GO: Galaxy",
        "animeRomaji": "Inazuma Eleven GO: Galaxy",
        "songName": "Fashion Uchuu Senshi",
        "artist": "Colors",
        "type": "Ending 2",
        "correctCount": 2,
        "startTime": 51,
        "songDuration": 84.321816,
        "songNumber": 23,
        "activePlayerCount": 104,
        "LinkVideo": "https://files.catbox.moe/v8qvdc.webm",
        "LinkMp3": "https://files.catbox.moe/b0n53c.mp3",
        "annId": 15331,
        "correctPlayers": [
            "Hiitagi",
            "IzumiSakai"
        ]
    },
    {
        "animeEng": "Psychic Squad",
        "animeRomaji": "Zettai Karen Children",
        "songName": "I'm Here",
        "artist": "Yuuichi Nakamura",
        "type": "Insert Song",
        "correctCount": 1,
        "startTime": 2,
        "songDuration": 43.08,
        "songNumber": 24,
        "activePlayerCount": 106,
        "LinkVideo": "https://files.catbox.moe/mqgkg6.webm",
        "LinkMp3": "https://files.catbox.moe/54ip0j.mp3",
        "annId": 9177,
        "correctPlayers": [
            "ArukasFrost"
        ]
    },
    {
        "animeEng": "Digimon Adventure:",
        "animeRomaji": "Digimon Adventure:",
        "songName": "Kuyashi-sa wa Tane",
        "artist": "Chiai Fujikawa",
        "type": "Ending 1",
        "correctCount": 9,
        "startTime": 3,
        "songDuration": 59.784,
        "songNumber": 25,
        "activePlayerCount": 107,
        "LinkVideo": "https://files.catbox.moe/odf07q.webm",
        "LinkMp3": "https://files.catbox.moe/p3167r.mp3",
        "annId": 22976
    },
    {
        "animeEng": "Heartcatch Pretty Cure!",
        "animeRomaji": "Heartcatch Precure!",
        "songName": "Alright! Heartcatch Precure!",
        "artist": "Aya Ikeda",
        "type": "Opening 1",
        "correctCount": 40,
        "startTime": 27,
        "songDuration": 83.472,
        "songNumber": 26,
        "activePlayerCount": 107,
        "LinkVideo": "https://files.catbox.moe/ly9to9.webm",
        "LinkMp3": "https://files.catbox.moe/419hcf.mp3",
        "annId": 11195
    },
    {
        "animeEng": "High School DxD New",
        "animeRomaji": "High School DxD New",
        "songName": "Sympathy",
        "artist": "Larval Stage Planning",
        "type": "Opening 1",
        "correctCount": 42,
        "startTime": 59,
        "songDuration": 88.056,
        "songNumber": 27,
        "activePlayerCount": 108,
        "LinkVideo": "https://files.catbox.moe/ui07s5.webm",
        "LinkMp3": "https://files.catbox.moe/163p1j.mp3",
        "annId": 15204
    },
    {
        "animeEng": "Record of Grancrest War",
        "animeRomaji": "Grancrest Senki",
        "songName": "Rin",
        "artist": "ASCA",
        "type": "Opening 2",
        "correctCount": 19,
        "startTime": 5,
        "songDuration": 86.688,
        "songNumber": 28,
        "activePlayerCount": 108,
        "LinkVideo": "https://files.catbox.moe/1t6tvg.webm",
        "LinkMp3": "https://files.catbox.moe/sqb55x.mp3",
        "annId": 19711
    },
    {
        "animeEng": "Is It Wrong to Try to Pick Up Girls in a Dungeon?",
        "animeRomaji": "DanMachi",
        "songName": "Hey World",
        "artist": "Yuka Iguchi",
        "type": "Opening 1",
        "correctCount": 73,
        "startTime": 36,
        "songDuration": 88.896,
        "songNumber": 29,
        "activePlayerCount": 106,
        "LinkVideo": "https://files.catbox.moe/vgsmaz.webm",
        "LinkMp3": "https://files.catbox.moe/pf42wo.mp3",
        "annId": 16443
    },
    {
        "animeEng": "Blade Runner: Black Lotus",
        "animeRomaji": "Blade Runner: Black Lotus",
        "songName": "Water",
        "artist": "X-Ambassadors",
        "type": "Ending 1",
        "correctCount": 6,
        "startTime": 9,
        "songDuration": 53.352,
        "songNumber": 30,
        "activePlayerCount": 106,
        "LinkVideo": "https://files.catbox.moe/u60deo.webm",
        "LinkMp3": "https://files.catbox.moe/s0q9tm.mp3",
        "annId": 24422
    },
    {
        "animeEng": "Gugure! Kokkuri-san",
        "animeRomaji": "Gugure! Kokkuri-san",
        "songName": "Welcome!! DISCO Kemokemoke",
        "artist": "Daisuke Ono, Takahiro Sakurai, Jouji Nakata",
        "type": "Opening 1",
        "correctCount": 45,
        "startTime": 21,
        "songDuration": 87.792,
        "songNumber": 31,
        "activePlayerCount": 108,
        "LinkVideo": "https://files.catbox.moe/tr3d4j.webm",
        "LinkMp3": "https://files.catbox.moe/kb281d.mp3",
        "annId": 16123
    },
    {
        "animeEng": "Chocolate Underground",
        "animeRomaji": "Chocolate Underground",
        "songName": "Kenzen Kenkou Tou Tou Uta",
        "artist": "Kenzen Kenkou Tou Gasshou-dan",
        "type": "Opening 1",
        "correctCount": 3,
        "startTime": 57,
        "songDuration": 93.84,
        "songNumber": 32,
        "activePlayerCount": 108,
        "LinkVideo": "https://files.catbox.moe/v3ximt.webm",
        "LinkMp3": "https://files.catbox.moe/6hqp4c.mp3",
        "annId": 23063,
        "correctPlayers": [
            "revel_",
            "traintrain",
            "Runner"
        ]
    },
    {
        "animeEng": "Initial D: Final Stage",
        "animeRomaji": "Initial D: Final Stage",
        "songName": "Gamble Rumble",
        "artist": "move",
        "type": "Ending 1",
        "correctCount": 34,
        "startTime": 20,
        "songDuration": 117.792,
        "songNumber": 33,
        "activePlayerCount": 108,
        "LinkVideo": "https://files.catbox.moe/c34w7m.webm",
        "LinkMp3": "https://files.catbox.moe/ub5mhk.mp3",
        "annId": 16073
    },
    {
        "animeEng": "Kamisama Kiss",
        "animeRomaji": "Kamisama Hajimemashita",
        "songName": "Kamisama no Kamisama",
        "artist": "Hanae",
        "type": "Opening 2",
        "correctCount": 65,
        "startTime": 19,
        "songDuration": 88.083384,
        "songNumber": 34,
        "activePlayerCount": 108,
        "LinkVideo": "https://files.catbox.moe/1sc3fi.webm",
        "LinkMp3": "https://files.catbox.moe/0juam4.mp3",
        "annId": 16346
    },
    {
        "animeEng": "IDOLiSH7 Second BEAT!",
        "animeRomaji": "IDOLiSH7 Second BEAT!",
        "songName": "RESTART POiNTER",
        "artist": "IDOLiSH7",
        "type": "Insert Song",
        "correctCount": 28,
        "startTime": 57,
        "songDuration": 117.648,
        "songNumber": 35,
        "activePlayerCount": 108,
        "LinkVideo": "https://files.catbox.moe/ja8dxq.webm",
        "LinkMp3": "https://files.catbox.moe/dzm3n5.mp3",
        "annId": 22315
    },
    {
        "animeEng": "Crayon Shin-chan: Arashi o Yobu Mouretsu! Otona Teikoku no Gyakushuu",
        "animeRomaji": "Crayon Shin-chan: Arashi o Yobu Mouretsu! Otona Teikoku no Gyakushuu",
        "songName": "Shiroi Iro wa Koibito no Iro",
        "artist": "Betsy & Chris",
        "type": "Insert Song",
        "correctCount": 5,
        "startTime": 83,
        "songDuration": 114.72,
        "songNumber": 36,
        "activePlayerCount": 108,
        "LinkVideo": "https://files.catbox.moe/pwaw9n.webm",
        "LinkMp3": "https://files.catbox.moe/w76li4.mp3",
        "annId": 2684,
        "correctPlayers": [
            "revel_",
            "yamagucci",
            "Pratasz",
            "amehaneyuki",
            "likejaxirl"
        ]
    },
    {
        "animeEng": "High School of the Dead: Drifters of the Dead OVA",
        "animeRomaji": "Gakuen Mokushiroku: Highschool of the Dead - Drifters of the Dead",
        "songName": "HIGHSCHOOL OF THE DEAD",
        "artist": "Kishida Kyoudan &THE Akeboshi Rockets",
        "type": "Opening 1",
        "correctCount": 69,
        "startTime": 27,
        "songDuration": 89.76,
        "songNumber": 37,
        "activePlayerCount": 108,
        "LinkVideo": "https://files.catbox.moe/63q21z.webm",
        "LinkMp3": "https://files.catbox.moe/b43um0.mp3",
        "annId": 13942
    },
    {
        "animeEng": "Zenonzard The Animation",
        "animeRomaji": "Zenonzard The Animation",
        "songName": "WakeUp",
        "artist": "Nanase Matsuoka",
        "type": "Insert Song",
        "correctCount": 10,
        "startTime": 78,
        "songDuration": 110.184,
        "songNumber": 38,
        "activePlayerCount": 109,
        "LinkVideo": "https://files.catbox.moe/gqtv9l.webm",
        "LinkMp3": "https://files.catbox.moe/glm5vo.mp3",
        "annId": 23044
    },
    {
        "animeEng": "Love Live! Sunshine!!",
        "animeRomaji": "Love Live! School Idol Project Sunshine!!",
        "songName": "SELF CONTROL!!",
        "artist": "Saint Snow",
        "type": "Insert Song",
        "correctCount": 37,
        "startTime": 55,
        "songDuration": 87.072,
        "songNumber": 39,
        "activePlayerCount": 109,
        "LinkVideo": "https://files.catbox.moe/y3ujgx.webm",
        "LinkMp3": "https://files.catbox.moe/xisa5f.mp3",
        "annId": 17985
    },
    {
        "animeEng": "Yuruyuri - Happy Go Lily",
        "animeRomaji": "Yuru Yuri",
        "songName": "Majokko Mirakurun\u266a",
        "artist": "Ayana Taketatsu",
        "type": "Insert Song",
        "correctCount": 50,
        "startTime": 10,
        "songDuration": 42.432,
        "songNumber": 40,
        "activePlayerCount": 108,
        "LinkVideo": "https://files.catbox.moe/uksyhs.webm",
        "LinkMp3": "https://files.catbox.moe/51zwic.mp3",
        "annId": 12828
    },
    {
        "animeEng": "Nintama Rantaro",
        "animeRomaji": "Nintama Rantaro",
        "songName": "DON'T MIND Namida",
        "artist": "GENJI Super 5",
        "type": "Ending 2",
        "correctCount": 7,
        "startTime": 19,
        "songDuration": 62.544,
        "songNumber": 41,
        "activePlayerCount": 109,
        "LinkVideo": "https://files.catbox.moe/1j8u3z.webm",
        "LinkMp3": "https://files.catbox.moe/p0n5tq.mp3",
        "annId": 3465
    },
    {
        "animeEng": "WIXOSS Diva(A)Live",
        "animeRomaji": "WIXOSS Diva(A)Live",
        "songName": "D-(A)LIVE!!",
        "artist": "Mugen Shoujo",
        "type": "Ending 6",
        "correctCount": 14,
        "startTime": 45,
        "songDuration": 89.064,
        "songNumber": 42,
        "activePlayerCount": 108,
        "LinkVideo": "https://files.catbox.moe/ftcytu.webm",
        "LinkMp3": "https://files.catbox.moe/vxnj31.mp3",
        "annId": 23792
    },
    {
        "animeEng": "Extra Olympia Kyklos",
        "animeRomaji": "Bessatsu Olympia Kyklos",
        "songName": "William Tell Jokyoku",
        "artist": "Jin Katagiri & Akihito Hayashi",
        "type": "Opening 1",
        "correctCount": 70,
        "startTime": 1,
        "songDuration": 30.048,
        "songNumber": 43,
        "activePlayerCount": 108,
        "LinkVideo": "https://files.catbox.moe/ec2a1m.webm",
        "LinkMp3": "https://files.catbox.moe/et28w9.mp3",
        "annId": 23035
    },
    {
        "animeEng": "The Great Jahy Will Not Be Defeated!",
        "animeRomaji": "Jahy-sama wa Kujikenai!",
        "songName": "Seikatsu Konkyuu Dame Dinero",
        "artist": "Sumire Uesaka",
        "type": "Opening 2",
        "correctCount": 16,
        "startTime": 23,
        "songDuration": 88.488,
        "songNumber": 44,
        "activePlayerCount": 108,
        "LinkVideo": "https://files.catbox.moe/6uy7uu.webm",
        "LinkMp3": "https://files.catbox.moe/64zfcb.mp3",
        "annId": 24308
    },
    {
        "animeEng": "The World God Only Knows Season Two",
        "animeRomaji": "Kami Nomi zo Shiru Sekai II",
        "songName": "God only knows Daisanmaku",
        "artist": "Oratorio The World God Only Knows",
        "type": "Ending 3",
        "correctCount": 91,
        "startTime": 52,
        "songDuration": 89.256,
        "songNumber": 45,
        "activePlayerCount": 108,
        "LinkVideo": "https://files.catbox.moe/7q4d23.webm",
        "LinkMp3": "https://files.catbox.moe/5qtgo9.mp3",
        "annId": 12375
    },
    {
        "animeEng": "Ga-Ra-Ku-Ta: Mr. Stain on Junk Alley",
        "animeRomaji": "Garakuta-doori no Stain",
        "songName": "Tandem",
        "artist": "HALCALI",
        "type": "Ending 1",
        "correctCount": 4,
        "startTime": 12,
        "songDuration": 46.2,
        "songNumber": 46,
        "activePlayerCount": 107,
        "LinkVideo": "https://files.catbox.moe/v4yfwi.webm",
        "LinkMp3": "https://files.catbox.moe/74xxml.mp3",
        "annId": 54,
        "correctPlayers": [
            "traintrain",
            "gaaw",
            "TRASH_GANG",
            "anonimus_opinion"
        ]
    },
    {
        "animeEng": "Eiga Precure All Stars: Minna de Utau\u266a Kiseki no Mahou!",
        "animeRomaji": "Eiga Precure All Stars: Minna de Utau\u266a Kiseki no Mahou!",
        "songName": "Dokkin\u2662Mahoutsukai Precure!",
        "artist": "Rie Kitagawa",
        "type": "Insert Song",
        "correctCount": 66,
        "startTime": 4,
        "songDuration": 35.107968,
        "songNumber": 47,
        "activePlayerCount": 107,
        "LinkVideo": "https://files.catbox.moe/56fqqi.webm",
        "LinkMp3": "https://files.catbox.moe/rdff4j.mp3",
        "annId": 17996
    },
    {
        "animeEng": "Owarimonogatari",
        "animeRomaji": "Owarimonogatari",
        "songName": "mathemagics",
        "artist": "Marina Inoue",
        "type": "Opening 2",
        "correctCount": 61,
        "startTime": 27,
        "songDuration": 90.192,
        "songNumber": 48,
        "activePlayerCount": 108,
        "LinkVideo": "https://files.catbox.moe/ac8nam.webm",
        "LinkMp3": "https://files.catbox.moe/74aq4g.mp3",
        "annId": 17645
    },
    {
        "animeEng": "Naruto: The Cross Roads",
        "animeRomaji": "Naruto: The Cross Roads",
        "songName": "Haruka Kanata",
        "artist": "ASIAN KUNG-FU GENERATION",
        "type": "Ending 1",
        "correctCount": 81,
        "startTime": 22,
        "songDuration": 86.856,
        "songNumber": 49,
        "activePlayerCount": 107,
        "LinkVideo": "https://files.catbox.moe/37gdb0.webm",
        "LinkMp3": "https://files.catbox.moe/lv3xbm.mp3",
        "annId": 14834
    },
    {
        "animeEng": "Daisougen to Hakuba",
        "animeRomaji": "Daisougen to Hakuba",
        "songName": "Hakuba no Ouji",
        "artist": "Hidetoshi Nakamura",
        "type": "Insert Song",
        "correctCount": 3,
        "startTime": 3,
        "songDuration": 60.048,
        "songNumber": 50,
        "activePlayerCount": 107,
        "LinkVideo": "https://files.catbox.moe/sez1vg.webm",
        "LinkMp3": "https://files.catbox.moe/egrgbc.mp3",
        "annId": 19968,
        "correctPlayers": [
            "TRASH_GANG",
            "Chemist",
            "amehaneyuki"
        ]
    },
    {
        "animeEng": "Legend of the Galactic Heroes: Die Neue These Second",
        "animeRomaji": "Ginga Eiyuu Densetsu: Die Neue These Seiran",
        "songName": "Binary Star",
        "artist": "SawanoHiroyuki[nZk]:Uru",
        "type": "Opening 1",
        "correctCount": 42,
        "startTime": 20,
        "songDuration": 88.968,
        "songNumber": 51,
        "activePlayerCount": 107,
        "LinkVideo": "https://files.catbox.moe/o2pwjj.webm",
        "LinkMp3": "https://files.catbox.moe/xw283v.mp3",
        "annId": 20145
    },
    {
        "animeEng": "Wandering Son",
        "animeRomaji": "Hourou Musuko",
        "songName": "For You",
        "artist": "Rie fu",
        "type": "Ending 1",
        "correctCount": 15,
        "startTime": 29,
        "songDuration": 88.057262,
        "songNumber": 52,
        "activePlayerCount": 106,
        "LinkVideo": "https://files.catbox.moe/bqxe76.webm",
        "LinkMp3": "https://files.catbox.moe/62hz5r.mp3",
        "annId": 11875
    },
    {
        "animeEng": "AKB0048",
        "animeRomaji": "AKB0048 First Stage",
        "songName": "Anti!",
        "artist": "AKB48",
        "type": "Insert Song",
        "correctCount": 8,
        "startTime": 5,
        "songDuration": 167.568,
        "songNumber": 53,
        "activePlayerCount": 107,
        "LinkVideo": "https://files.catbox.moe/slat7u.webm",
        "LinkMp3": "https://files.catbox.moe/vpjv4k.mp3",
        "annId": 13805
    },
    {
        "animeEng": "Touka Gettan",
        "animeRomaji": "Touka Gettan",
        "songName": "Kono Sekai ga Itsuka wa",
        "artist": "Saori Hayami",
        "type": "Ending 1",
        "correctCount": 13,
        "startTime": 36,
        "songDuration": 89.493972,
        "songNumber": 54,
        "activePlayerCount": 107,
        "LinkVideo": "https://files.catbox.moe/kcjzpx.webm",
        "LinkMp3": "https://files.catbox.moe/87ksy6.mp3",
        "annId": 7508
    },
    {
        "animeEng": "Akame ga Kill!",
        "animeRomaji": "Akame ga Kill!",
        "songName": "Skyreach",
        "artist": "Sora Amamiya",
        "type": "Opening 1",
        "correctCount": 60,
        "startTime": 59,
        "songDuration": 89.328,
        "songNumber": 55,
        "activePlayerCount": 109,
        "LinkVideo": "https://files.catbox.moe/echrn7.webm",
        "LinkMp3": "https://files.catbox.moe/0msjzf.mp3",
        "annId": 15919
    },
    {
        "animeEng": "Mobile Suit SD Gundam Mk V",
        "animeRomaji": "Kidou Senshi SD Gundam Mk V",
        "songName": "Hold You",
        "artist": "Megumi Hayashibara",
        "type": "Insert Song",
        "correctCount": 4,
        "startTime": 1,
        "songDuration": 34.08,
        "songNumber": 56,
        "activePlayerCount": 108,
        "LinkVideo": "https://files.catbox.moe/bkcnhg.webm",
        "LinkMp3": "https://files.catbox.moe/jnjsnu.mp3",
        "annId": 3968,
        "correctPlayers": [
            "Nicoler",
            "Lone",
            "amehaneyuki",
            "eniaK"
        ]
    },
    {
        "animeEng": "Crayon Shin-chan: Chou Arashi o Yobu Kinpoko no Yuusha",
        "animeRomaji": "Crayon Shin-chan: Chou Arashi o Yobu Kinpoko no Yuusha",
        "songName": "Chiisana Tori no Miru Yume wa",
        "artist": "Yui Horie",
        "type": "Insert Song",
        "correctCount": 2,
        "startTime": 47,
        "songDuration": 79.627,
        "songNumber": 57,
        "activePlayerCount": 108,
        "LinkVideo": "https://files.catbox.moe/rnrtkb.webm",
        "annId": 9061,
        "correctPlayers": [
            "MKNono",
            "eniaK"
        ]
    },
    {
        "animeEng": "Sword Art Online: Alicization",
        "animeRomaji": "Sword Art Online: Alicization",
        "songName": "RESISTER",
        "artist": "ASCA",
        "type": "Opening 2",
        "correctCount": 53,
        "startTime": 30,
        "songDuration": 90.048,
        "songNumber": 58,
        "activePlayerCount": 109,
        "LinkVideo": "https://files.catbox.moe/ndlgin.webm",
        "LinkMp3": "https://files.catbox.moe/19mrns.mp3",
        "annId": 20665
    },
    {
        "animeEng": "Hensuki: Are You Willing to Fall in Love With a Pervert, As Long As She\u2019s a Cutie?",
        "animeRomaji": "Kawaikereba Hentai demo Suki ni Natte Kuremasuka?",
        "songName": "Daisuki.",
        "artist": "Ayaka Ohashi",
        "type": "Opening 1",
        "correctCount": 42,
        "startTime": 43,
        "songDuration": 88.512,
        "songNumber": 59,
        "activePlayerCount": 109,
        "LinkVideo": "https://files.catbox.moe/s9fkfo.webm",
        "LinkMp3": "https://files.catbox.moe/5zya6p.mp3",
        "annId": 22018
    },
    {
        "animeEng": "Kikou Heidan J-Phoenix: PF Lips Shoutai",
        "animeRomaji": "Kikou Heidan J-Phoenix: PF Lips Shoutai",
        "songName": "Momo",
        "artist": "Yui",
        "type": "Ending 1",
        "correctCount": 1,
        "startTime": 128,
        "songDuration": 177.048,
        "songNumber": 60,
        "activePlayerCount": 108,
        "LinkVideo": "https://files.catbox.moe/kdrwjk.webm",
        "LinkMp3": "https://files.catbox.moe/9woxgz.mp3",
        "annId": 23389,
        "correctPlayers": [
            "Lone"
        ]
    },
    {
        "animeEng": "Barakamon",
        "animeRomaji": "Barakamon",
        "songName": "Rashisa",
        "artist": "SUPER BEAVER",
        "type": "Opening 1",
        "correctCount": 80,
        "startTime": 34,
        "songDuration": 90.072,
        "songNumber": 61,
        "activePlayerCount": 108,
        "LinkVideo": "https://files.catbox.moe/dyxtxj.webm",
        "LinkMp3": "https://files.catbox.moe/0rkce2.mp3",
        "annId": 16083
    },
    {
        "animeEng": "One Room",
        "animeRomaji": "One Room",
        "songName": "Harumachi Clover",
        "artist": "M\u30fbA\u30fbO",
        "type": "Ending 1",
        "correctCount": 52,
        "startTime": 1,
        "songDuration": 29.568,
        "songNumber": 62,
        "activePlayerCount": 108,
        "LinkVideo": "https://files.catbox.moe/l1itf2.webm",
        "LinkMp3": "https://files.catbox.moe/wb3kvj.mp3",
        "annId": 18889
    },
    {
        "animeEng": "Maquia: When the Promised Flower Blooms",
        "animeRomaji": "Sayoasa",
        "songName": "Vi\u0101tor",
        "artist": "rionos",
        "type": "Ending 1",
        "correctCount": 37,
        "startTime": 183,
        "songDuration": 263.064,
        "songNumber": 63,
        "activePlayerCount": 110,
        "LinkVideo": "https://files.catbox.moe/2vht5x.webm",
        "LinkMp3": "https://files.catbox.moe/ooo2fw.mp3",
        "annId": 19848
    },
    {
        "animeEng": "Tsubasa RESERVoir CHRoNiCLE",
        "animeRomaji": "Tsubasa RESERVoir CHRoNiCLE",
        "songName": "I Talk to the Rain",
        "artist": "Eri Itou",
        "type": "Insert Song",
        "correctCount": 17,
        "startTime": 58,
        "songDuration": 96.84,
        "songNumber": 64,
        "activePlayerCount": 110,
        "LinkVideo": "https://files.catbox.moe/sjl4aj.webm",
        "LinkMp3": "https://files.catbox.moe/u23y7y.mp3",
        "annId": 4591
    },
    {
        "animeEng": "Armored Trooper Votoms",
        "animeRomaji": "Soukou Kihei VOTOMS",
        "songName": "Honoo no Sadame",
        "artist": "TETSU",
        "type": "Opening 1",
        "correctCount": 38,
        "startTime": 33,
        "songDuration": 87.384,
        "songNumber": 65,
        "activePlayerCount": 110,
        "LinkVideo": "https://files.catbox.moe/cqui8i.webm",
        "LinkMp3": "https://files.catbox.moe/81d2kg.mp3",
        "annId": 94
    },
    {
        "animeEng": "Psychic Wars",
        "animeRomaji": "Soju Senshi Psychic Wars",
        "songName": "Kizuna",
        "artist": "Masatoshi Nakamura",
        "type": "Ending 1",
        "correctCount": 1,
        "startTime": 75,
        "songDuration": 171.048,
        "songNumber": 66,
        "activePlayerCount": 112,
        "LinkVideo": "https://files.catbox.moe/tyv28l.webm",
        "LinkMp3": "https://files.catbox.moe/ofsqsh.mp3",
        "annId": 721,
        "correctPlayers": [
            "eniaK"
        ]
    },
    {
        "animeEng": "Bunny Drop",
        "animeRomaji": "Usagi Drop",
        "songName": "Sweet Drops",
        "artist": "PUFFY",
        "type": "Opening 1",
        "correctCount": 58,
        "startTime": 50,
        "songDuration": 88.752,
        "songNumber": 67,
        "activePlayerCount": 112,
        "LinkVideo": "https://files.catbox.moe/8fyp2q.webm",
        "LinkMp3": "https://files.catbox.moe/cgj9z5.mp3",
        "annId": 12398
    },
    {
        "animeEng": "Star Driver the Movie",
        "animeRomaji": "Star Driver the Movie",
        "songName": "Aki-iro no Aria ~ version de l'apprivoiser",
        "artist": "Ami Koshimizu",
        "type": "Insert Song",
        "correctCount": 8,
        "startTime": 0,
        "songDuration": 20.352,
        "songNumber": 68,
        "activePlayerCount": 112,
        "LinkVideo": "https://files.catbox.moe/rvxv2t.webm",
        "LinkMp3": "https://files.catbox.moe/5ni2vt.mp3",
        "annId": 14756
    },
    {
        "animeEng": "Remake Our Life!",
        "animeRomaji": "Boku-tachi no Remake",
        "songName": "God knows...",
        "artist": "Aimi",
        "type": "Insert Song",
        "correctCount": 50,
        "startTime": 19,
        "songDuration": 159.336,
        "songNumber": 69,
        "activePlayerCount": 112,
        "LinkVideo": "https://files.catbox.moe/q7l5xb.webm",
        "LinkMp3": "https://files.catbox.moe/8w5n37.mp3",
        "annId": 24090
    },
    {
        "animeEng": "Fairy Tail",
        "animeRomaji": "Fairy Tail",
        "songName": "The Rock City Boy",
        "artist": "JAMIL",
        "type": "Opening 8",
        "correctCount": 45,
        "startTime": 43,
        "songDuration": 87.24,
        "songNumber": 70,
        "activePlayerCount": 112,
        "LinkVideo": "https://files.catbox.moe/dqk4u4.webm",
        "LinkMp3": "https://files.catbox.moe/ubugay.mp3",
        "annId": 10942
    },
    {
        "animeEng": "Kiddy Grade",
        "animeRomaji": "Kiddy Grade",
        "songName": "Mirai no Kioku",
        "artist": "YUKA",
        "type": "Opening 1",
        "correctCount": 13,
        "startTime": 45,
        "songDuration": 88.848,
        "songNumber": 71,
        "activePlayerCount": 112,
        "LinkVideo": "https://files.catbox.moe/p6w3rq.webm",
        "LinkMp3": "https://files.catbox.moe/is9jgj.mp3",
        "annId": 891
    },
    {
        "animeEng": "Megalobox",
        "animeRomaji": "Megalobox",
        "songName": "We are Bangaichi",
        "artist": "Michiyo Murase",
        "type": "Insert Song",
        "correctCount": 49,
        "startTime": 3,
        "songDuration": 55.248,
        "songNumber": 72,
        "activePlayerCount": 112,
        "LinkVideo": "https://files.catbox.moe/uw2ec8.webm",
        "LinkMp3": "https://files.catbox.moe/vlb4ea.mp3",
        "annId": 20565
    },
    {
        "animeEng": "Kimagure Orange\u2605Road",
        "animeRomaji": "Kimagure Orange\u2605Road",
        "songName": "Salvia no Hana no You ni",
        "artist": "Kanako Wada",
        "type": "Insert Song",
        "correctCount": 14,
        "startTime": 65,
        "songDuration": 232.329068,
        "songNumber": 73,
        "activePlayerCount": 112,
        "LinkVideo": "https://files.catbox.moe/0srcm5.webm",
        "LinkMp3": "https://files.catbox.moe/u4pf5n.mp3",
        "annId": 327
    },
    {
        "animeEng": "Show By Rock!! Stars!!",
        "animeRomaji": "Show By Rock!! Stars!!",
        "songName": "Idou Shudan wa Bike Desu",
        "artist": "DOKONJOFINGER",
        "type": "Insert Song",
        "correctCount": 11,
        "startTime": 2,
        "songDuration": 43.656,
        "songNumber": 74,
        "activePlayerCount": 113,
        "LinkVideo": "https://files.catbox.moe/omgtrz.webm",
        "LinkMp3": "https://files.catbox.moe/oybxji.mp3",
        "annId": 23132
    },
    {
        "animeEng": "Hunter x Hunter",
        "animeRomaji": "Hunter x Hunter",
        "songName": "HUNTING FOR YOUR DREAM",
        "artist": "GALNERYUS",
        "type": "Ending 2",
        "correctCount": 65,
        "startTime": 30,
        "songDuration": 69.048,
        "songNumber": 75,
        "activePlayerCount": 113,
        "LinkVideo": "https://files.catbox.moe/j306h8.webm",
        "LinkMp3": "https://files.catbox.moe/x21er9.mp3",
        "annId": 13262
    },
    {
        "animeEng": "Macross Zero",
        "animeRomaji": "Macross Zero",
        "songName": "ARKAN",
        "artist": "Holy Raz",
        "type": "Ending 1",
        "correctCount": 1,
        "startTime": 91,
        "songDuration": 138.048,
        "songNumber": 76,
        "activePlayerCount": 113,
        "LinkVideo": "https://files.catbox.moe/0st9ph.webm",
        "LinkMp3": "https://files.catbox.moe/86wrqk.mp3",
        "annId": 939,
        "correctPlayers": [
            "TKN"
        ]
    },
    {
        "animeEng": "Arad Senki",
        "animeRomaji": "Arad Senki",
        "songName": "ORATIO",
        "artist": "Emi Nitta",
        "type": "Opening 1",
        "correctCount": 2,
        "startTime": 13,
        "songDuration": 88.728,
        "songNumber": 77,
        "activePlayerCount": 113,
        "LinkVideo": "https://files.catbox.moe/30lgmi.webm",
        "LinkMp3": "https://files.catbox.moe/3hs5kb.mp3",
        "annId": 23477,
        "correctPlayers": [
            "MyAngelAmakiSari",
            "Lone"
        ]
    },
    {
        "animeEng": "Alakazam the Great",
        "animeRomaji": "Saiyuuki",
        "songName": "Ore wa Son Goku",
        "artist": "Akiko Santou",
        "type": "Opening 1",
        "correctCount": 20,
        "startTime": 40,
        "songDuration": 77.688,
        "songNumber": 78,
        "activePlayerCount": 113,
        "LinkVideo": "https://files.catbox.moe/9nuw5c.webm",
        "LinkMp3": "https://files.catbox.moe/9mg84z.mp3",
        "annId": 631
    },
    {
        "animeEng": "Binan Koukou Chikyuu Bouei-bu Happy Kiss!",
        "animeRomaji": "Binan Koukou Chikyuu Bouei-bu Happy Kiss!",
        "songName": "HAPPY READY?????",
        "artist": "Chikyuu Bouei-bu HK",
        "type": "Insert Song",
        "correctCount": 9,
        "startTime": 88,
        "songDuration": 185.832,
        "songNumber": 79,
        "activePlayerCount": 113,
        "LinkVideo": "https://files.catbox.moe/htp8ue.webm",
        "LinkMp3": "https://files.catbox.moe/3feo0k.mp3",
        "annId": 20563
    },
    {
        "animeEng": "Bloom Into You",
        "animeRomaji": "Yagate Kimi ni Naru",
        "songName": "hectopascal",
        "artist": "Yuuki Takada & Minako Kotobuki",
        "type": "Ending 1",
        "correctCount": 48,
        "startTime": 15,
        "songDuration": 89.064,
        "songNumber": 80,
        "activePlayerCount": 112,
        "LinkVideo": "https://files.catbox.moe/1rd3jd.webm",
        "LinkMp3": "https://files.catbox.moe/3ewcdh.mp3",
        "annId": 21239
    },
    {
        "animeEng": "Hetalia World Stars",
        "animeRomaji": "Hetalia World Stars",
        "songName": "Chikyuu Marugoto Hug Shitainda",
        "artist": "Daisuke Namikawa",
        "type": "Ending 1",
        "correctCount": 25,
        "startTime": 15,
        "songDuration": 44.616,
        "songNumber": 81,
        "activePlayerCount": 113,
        "LinkVideo": "https://files.catbox.moe/dguwsm.webm",
        "LinkMp3": "https://files.catbox.moe/8f8d9i.mp3",
        "annId": 23864
    },
    {
        "animeEng": "Fire Force",
        "animeRomaji": "Enen no Shouboutai",
        "songName": "veil",
        "artist": "Keina Suda",
        "type": "Ending 1",
        "correctCount": 66,
        "startTime": 28,
        "songDuration": 87.6,
        "songNumber": 82,
        "activePlayerCount": 113,
        "LinkVideo": "https://files.catbox.moe/k8x1yl.webm",
        "LinkMp3": "https://files.catbox.moe/07lm4v.mp3",
        "annId": 21852
    },
    {
        "animeEng": "Mob Psycho 100 II",
        "animeRomaji": "Mob Psycho 100 II",
        "songName": "99.9",
        "artist": "MOB CHOIR feat. sajou no hana",
        "type": "Opening 1",
        "correctCount": 84,
        "startTime": 4,
        "songDuration": 89.16,
        "songNumber": 83,
        "activePlayerCount": 112,
        "LinkVideo": "https://files.catbox.moe/vs0gea.webm",
        "LinkMp3": "https://files.catbox.moe/x378lz.mp3",
        "annId": 21204
    },
    {
        "animeEng": "Beastars",
        "animeRomaji": "Beastars",
        "songName": "Kaibutsu",
        "artist": "YOASOBI",
        "type": "Opening 1",
        "correctCount": 77,
        "startTime": 50,
        "songDuration": 87.096,
        "songNumber": 84,
        "activePlayerCount": 112,
        "LinkVideo": "https://files.catbox.moe/t3j0fc.webm",
        "LinkMp3": "https://files.catbox.moe/w7mtjf.mp3",
        "annId": 23749
    },
    {
        "animeEng": "Cool Couple",
        "animeRomaji": "Iketeru Futari",
        "songName": "Fall In YOU",
        "artist": "Yuki Kimura",
        "type": "Opening 1",
        "correctCount": 25,
        "startTime": 18,
        "songDuration": 61.512,
        "songNumber": 85,
        "activePlayerCount": 109,
        "LinkVideo": "https://files.catbox.moe/inrisr.webm",
        "LinkMp3": "https://files.catbox.moe/3bjwzv.mp3",
        "annId": 1098
    }
]