[
    {
        "animeEng": "Shin Chan",
        "animeRomaji": "Crayon Shin-chan",
        "songName": "Yume no END wa Itsumo Mezamashi!",
        "artist": "B.B.Queens",
        "type": "Opening 2",
        "correctCount": 6,
        "startTime": 0,
        "songDuration": 63.264,
        "songNumber": 1,
        "activePlayerCount": 122,
        "LinkVideo": "https://files.catbox.moe/qzgo06.webm",
        "LinkMp3": "https://files.catbox.moe/2i38la.mp3",
        "annId": 540
    },
    {
        "animeEng": "Blade of the Immortal",
        "animeRomaji": "Mugen no Juunin: Immortal",
        "songName": "Akai Usagi",
        "artist": "Makura no Soushi",
        "type": "Opening 1",
        "correctCount": 6,
        "startTime": 1,
        "songDuration": 90.068656,
        "songNumber": 2,
        "activePlayerCount": 129,
        "LinkVideo": "https://files.catbox.moe/m35tim.webm",
        "LinkMp3": "https://files.catbox.moe/0xiutq.mp3",
        "annId": 9691
    },
    {
        "animeEng": "Princess Principal",
        "animeRomaji": "Princess Principal",
        "songName": "Mo Hitotsu Mawashite",
        "artist": "Nozomi Furuki",
        "type": "Insert Song",
        "correctCount": 41,
        "startTime": 6,
        "songDuration": 42.36,
        "songNumber": 3,
        "activePlayerCount": 134,
        "LinkVideo": "https://files.catbox.moe/ht7fa7.webm",
        "LinkMp3": "https://files.catbox.moe/x3yhpj.mp3",
        "annId": 19393
    },
    {
        "animeEng": "Yawara! Special - Zutto Kimi no Koto ga",
        "animeRomaji": "Yawara! Special - Zutto Kimi no Koto ga",
        "songName": "Mitsumete Itai ne",
        "artist": "ZARD",
        "type": "Insert Song",
        "correctCount": 4,
        "startTime": 45,
        "songDuration": 153.054625,
        "songNumber": 4,
        "activePlayerCount": 134,
        "LinkVideo": "https://files.catbox.moe/bc54dm.webm",
        "LinkMp3": "https://files.catbox.moe/x6v2nh.mp3",
        "annId": 7389,
        "correctPlayers": [
            "revel_",
            "Bai",
            "ozsauce",
            "watashiii"
        ]
    },
    {
        "animeEng": "Naruto Shippuuden",
        "animeRomaji": "Naruto Shippuuden",
        "songName": "Totsugeki Rock",
        "artist": "THE CRO-MAGNONS",
        "type": "Opening 11",
        "correctCount": 44,
        "startTime": 47,
        "songDuration": 89.016,
        "songNumber": 5,
        "activePlayerCount": 134,
        "LinkVideo": "https://files.catbox.moe/iq9tt9.webm",
        "LinkMp3": "https://files.catbox.moe/icvrmb.mp3",
        "annId": 7293
    },
    {
        "animeEng": "Vampire Princess Miyu",
        "animeRomaji": "Vampire Princess Miyu",
        "songName": "Shinma no Kodoh",
        "artist": "Kagura",
        "type": "Opening 1",
        "correctCount": 11,
        "startTime": 9,
        "songDuration": 95.496,
        "songNumber": 6,
        "activePlayerCount": 135,
        "LinkVideo": "https://files.catbox.moe/ntwoym.webm",
        "LinkMp3": "https://files.catbox.moe/akec44.mp3",
        "annId": 336
    },
    {
        "animeEng": "Revue Starlight",
        "animeRomaji": "Shoujo\u2606Kageki Revue Starlight",
        "songName": "-Star Divine- Finale",
        "artist": "Momoyo Koyama, Mimori Suzuko, Aina Aiba, Maho Tomita",
        "type": "Insert Song",
        "correctCount": 20,
        "startTime": 72,
        "songDuration": 242.064,
        "songNumber": 7,
        "activePlayerCount": 136,
        "LinkVideo": "https://files.catbox.moe/lu3ddy.webm",
        "LinkMp3": "https://files.catbox.moe/34zwo8.mp3",
        "annId": 20891
    },
    {
        "animeEng": "Star\u2606Twinkle Precure: Hoshi no Uta ni Omoi o Komete",
        "animeRomaji": "Star\u2606Twinkle Precure: Hoshi no Uta ni Omoi o Komete",
        "songName": "Twinkle Stars",
        "artist": "Rina Chinen",
        "type": "Ending 1",
        "correctCount": 9,
        "startTime": 73,
        "songDuration": 116.304,
        "songNumber": 8,
        "activePlayerCount": 137,
        "LinkVideo": "https://files.catbox.moe/t5govr.webm",
        "LinkMp3": "https://files.catbox.moe/i7m7jt.mp3",
        "annId": 22254
    },
    {
        "animeEng": "Hatsukoi Limited.",
        "animeRomaji": "Hatsukoi Limited.",
        "songName": "Hatsukoi Limited",
        "artist": "marble",
        "type": "Ending 1",
        "correctCount": 16,
        "startTime": 57,
        "songDuration": 88.512,
        "songNumber": 9,
        "activePlayerCount": 137,
        "LinkVideo": "https://files.catbox.moe/aki6ed.webm",
        "LinkMp3": "https://files.catbox.moe/ei1lbc.mp3",
        "annId": 10286
    },
    {
        "animeEng": "Skull-face Bookseller Honda-san",
        "animeRomaji": "Gaikotsu Shotenin Honda-san",
        "songName": "ISBN ~Inner Sound & Book's Narrative~",
        "artist": "TECHNOBOYS PULCRAFT GREEN-FUND feat. Souma Saitou",
        "type": "Opening 1",
        "correctCount": 48,
        "startTime": 18,
        "songDuration": 58.800622,
        "songNumber": 10,
        "activePlayerCount": 137,
        "LinkVideo": "https://files.catbox.moe/7wlrjk.webm",
        "LinkMp3": "https://files.catbox.moe/04w6j4.mp3",
        "annId": 21115
    },
    {
        "animeEng": "180-Byou de Kimi no Mimi o Shiawase ni Dekiru ka?",
        "animeRomaji": "180-Byou de Kimi no Mimi o Shiawase ni Dekiru ka?",
        "songName": "Chuchoter",
        "artist": "Ayumi.",
        "type": "Ending 1",
        "correctCount": 37,
        "startTime": 0,
        "songDuration": 28.416,
        "songNumber": 11,
        "activePlayerCount": 136,
        "LinkVideo": "https://files.catbox.moe/wrqdev.webm",
        "LinkMp3": "https://files.catbox.moe/f1yhx1.mp3",
        "annId": 24351
    },
    {
        "animeEng": "Mini Van 2",
        "animeRomaji": "Mini Van 2",
        "songName": "Friends",
        "artist": "Rummy Labyrinth",
        "type": "Ending 1",
        "correctCount": 8,
        "startTime": 0,
        "songDuration": 25.224,
        "songNumber": 12,
        "activePlayerCount": 137,
        "LinkVideo": "https://files.catbox.moe/t9sllm.webm",
        "LinkMp3": "https://files.catbox.moe/c17dps.mp3",
        "annId": 22408
    },
    {
        "animeEng": "Tada Never Falls In Love",
        "animeRomaji": "Tada-kun wa Koi o Shinai",
        "songName": "Love Song",
        "artist": "Yuuichi Nakamura",
        "type": "Insert Song",
        "correctCount": 36,
        "startTime": 89,
        "songDuration": 163.056,
        "songNumber": 13,
        "activePlayerCount": 137,
        "LinkVideo": "https://files.catbox.moe/bxq119.webm",
        "LinkMp3": "https://files.catbox.moe/ddjcbh.mp3",
        "annId": 20225
    },
    {
        "animeEng": "Working Buddies!",
        "animeRomaji": "Hataraku Onii-san!",
        "songName": "Hataraku Onii-san",
        "artist": "DearDream",
        "type": "Opening 1",
        "correctCount": 102,
        "startTime": 0,
        "songDuration": 14.136,
        "songNumber": 14,
        "activePlayerCount": 137,
        "LinkVideo": "https://files.catbox.moe/ul6oce.webm",
        "LinkMp3": "https://files.catbox.moe/xghk5u.mp3",
        "annId": 20505
    },
    {
        "animeEng": "Rescue Me!",
        "animeRomaji": "Rescue Me!",
        "songName": "Kyun\u2665Kyun everyday",
        "artist": "Aoki Haruko",
        "type": "Opening 1",
        "correctCount": 22,
        "startTime": 18,
        "songDuration": 61.536,
        "songNumber": 15,
        "activePlayerCount": 137,
        "LinkVideo": "https://files.catbox.moe/3e29db.webm",
        "LinkMp3": "https://files.catbox.moe/xhky2l.mp3",
        "annId": 15128
    },
    {
        "animeEng": "Gosick",
        "animeRomaji": "Gosick",
        "songName": "unity",
        "artist": "Lisa Komine",
        "type": "Ending 2",
        "correctCount": 59,
        "startTime": 34,
        "songDuration": 88.370726,
        "songNumber": 16,
        "activePlayerCount": 137,
        "LinkVideo": "https://files.catbox.moe/1i9fwi.webm",
        "LinkMp3": "https://files.catbox.moe/xokmft.mp3",
        "annId": 11759
    },
    {
        "animeEng": "Meshimase Lodoss-tou Senki Sorette Oishii no?",
        "animeRomaji": "Meshimase Lodoss-tou Senki Sorette Oishii no?",
        "songName": "Kibou no Hikari",
        "artist": "Ibuki Kido & Erii Yamazaki",
        "type": "Ending 1",
        "correctCount": 5,
        "startTime": 0,
        "songDuration": 29.544,
        "songNumber": 17,
        "activePlayerCount": 135,
        "LinkVideo": "https://files.catbox.moe/t1e7n5.webm",
        "LinkMp3": "https://files.catbox.moe/gei6xz.mp3",
        "annId": 15999,
        "correctPlayers": [
            "Cirquit",
            "shadowpandax",
            "Bai",
            "ozsauce",
            "watashiii"
        ]
    },
    {
        "animeEng": "Before Green Gables",
        "animeRomaji": "Konnichiwa Anne",
        "songName": "Hikari no Tane",
        "artist": "Azumi Inoue",
        "type": "Opening 1",
        "correctCount": 3,
        "startTime": 20,
        "songDuration": 89.064,
        "songNumber": 18,
        "activePlayerCount": 135,
        "LinkVideo": "https://files.catbox.moe/k2fyg3.webm",
        "LinkMp3": "https://files.catbox.moe/obbghc.mp3",
        "annId": 10550,
        "correctPlayers": [
            "Chatmonchy",
            "Cirquit",
            "watashiii"
        ]
    },
    {
        "animeEng": "Aikatsu!",
        "animeRomaji": "Aikatsu!",
        "songName": "Hey! little girl",
        "artist": "Ruka\u30fbMona from AIKATSU\u2606STARS!",
        "type": "Insert Song",
        "correctCount": 46,
        "startTime": 45,
        "songDuration": 113.064,
        "songNumber": 19,
        "activePlayerCount": 135,
        "LinkVideo": "https://files.catbox.moe/si25um.webm",
        "LinkMp3": "https://files.catbox.moe/edv2b1.mp3",
        "annId": 16165
    },
    {
        "animeEng": "Concrete Revolutio",
        "animeRomaji": "Concrete Revolutio: Choujin Gensou",
        "songName": "Jiyuu ni Aruite Aishite",
        "artist": "Angel Stars",
        "type": "Insert Song",
        "correctCount": 6,
        "startTime": 9,
        "songDuration": 41.52,
        "songNumber": 20,
        "activePlayerCount": 133,
        "LinkVideo": "https://files.catbox.moe/i6ot2l.webm",
        "LinkMp3": "https://files.catbox.moe/u5zgjx.mp3",
        "annId": 17260
    },
    {
        "animeEng": "Tokyo Ghoul: Pinto",
        "animeRomaji": "Tokyo Ghoul: Pinto",
        "songName": "Munou",
        "artist": "\u00f6sterreich",
        "type": "Ending 1",
        "correctCount": 93,
        "startTime": 20,
        "songDuration": 136.728,
        "songNumber": 21,
        "activePlayerCount": 134,
        "LinkVideo": "https://files.catbox.moe/lnsjkg.webm",
        "LinkMp3": "https://files.catbox.moe/sq9yg6.mp3",
        "annId": 17375
    },
    {
        "animeEng": "Ensemble Stars!",
        "animeRomaji": "EnStars",
        "songName": "ONLY YOUR STARS!",
        "artist": "Trickstar",
        "type": "Insert Song",
        "correctCount": 12,
        "startTime": 115,
        "songDuration": 157.344,
        "songNumber": 22,
        "activePlayerCount": 137,
        "LinkVideo": "https://files.catbox.moe/6h8g36.webm",
        "LinkMp3": "https://files.catbox.moe/fmhtxz.mp3",
        "annId": 22259
    },
    {
        "animeEng": "12-Sai: Chiccha na Mune no Tokimeki",
        "animeRomaji": "12-Sai: Chiccha na Mune no Tokimeki",
        "songName": "Sweet Sensation",
        "artist": "Rie Murakawa",
        "type": "Opening 1",
        "correctCount": 16,
        "startTime": 24,
        "songDuration": 89.04,
        "songNumber": 23,
        "activePlayerCount": 136,
        "LinkVideo": "https://files.catbox.moe/65s44l.webm",
        "LinkMp3": "https://files.catbox.moe/stvet2.mp3",
        "annId": 18049
    },
    {
        "animeEng": "Tawawa on Monday Two",
        "animeRomaji": "Getsuyoubi no Tawawa 2",
        "songName": "Ai no Katachi",
        "artist": "Sayaka Harada",
        "type": "Ending 1",
        "correctCount": 12,
        "startTime": 1,
        "songDuration": 58.56,
        "songNumber": 24,
        "activePlayerCount": 134,
        "LinkVideo": "https://files.catbox.moe/x42wxo.webm",
        "LinkMp3": "https://files.catbox.moe/ludbxv.mp3",
        "annId": 24750
    },
    {
        "animeEng": "Monster Girl Doctor",
        "animeRomaji": "Monster Musume no Oisha-san",
        "songName": "Water flows down passages",
        "artist": "Shaylee",
        "type": "Insert Song",
        "correctCount": 19,
        "startTime": 4,
        "songDuration": 32.939842,
        "songNumber": 25,
        "activePlayerCount": 134,
        "LinkVideo": "https://files.catbox.moe/5oa2r9.webm",
        "LinkMp3": "https://files.catbox.moe/7jkwr0.mp3",
        "annId": 23370
    },
    {
        "animeEng": "Higurashi: When They Cry - Sotsu",
        "animeRomaji": "Higurashi no Naku Koro ni Sotsu",
        "songName": "Analogy",
        "artist": "Ayane",
        "type": "Opening 1",
        "correctCount": 50,
        "startTime": 12,
        "songDuration": 90.02,
        "songNumber": 26,
        "activePlayerCount": 134,
        "LinkVideo": "https://files.catbox.moe/n1zba6.webm",
        "annId": 24160
    },
    {
        "animeEng": "BanG Dream! Film Live",
        "animeRomaji": "BanG Dream! Film Live",
        "songName": "Kizuna Music \u266a",
        "artist": "Poppin'Party",
        "type": "Insert Song",
        "correctCount": 59,
        "startTime": 130,
        "songDuration": 310.904044,
        "songNumber": 27,
        "activePlayerCount": 134,
        "LinkVideo": "https://files.catbox.moe/gjpvsu.webm",
        "LinkMp3": "https://files.catbox.moe/5ixb8m.mp3",
        "annId": 22045
    },
    {
        "animeEng": "Love Hina Spring Special: I Wish Your Dream",
        "animeRomaji": "Love Hina Haru Special: Kimi Sakura Chiru Nakare!!",
        "songName": "Sakura Saku",
        "artist": "Megumi Hayashibara",
        "type": "Ending 1",
        "correctCount": 92,
        "startTime": 57,
        "songDuration": 90.12,
        "songNumber": 28,
        "activePlayerCount": 133,
        "LinkVideo": "https://files.catbox.moe/9y26ih.webm",
        "LinkMp3": "https://files.catbox.moe/gu8ymt.mp3",
        "annId": 866
    },
    {
        "animeEng": "Rozen Maiden: Tr\u00e4umend",
        "animeRomaji": "Rozen Maiden: Tr\u00e4umend",
        "songName": "Sei Shoujo Ryouiki",
        "artist": "ALI PROJECT",
        "type": "Opening 1",
        "correctCount": 35,
        "startTime": 60,
        "songDuration": 89.616,
        "songNumber": 29,
        "activePlayerCount": 133,
        "LinkVideo": "https://files.catbox.moe/lloqzo.webm",
        "LinkMp3": "https://files.catbox.moe/cmnaha.mp3",
        "annId": 5087
    },
    {
        "animeEng": "Frame Arms Girl",
        "animeRomaji": "Frame Arms Girl",
        "songName": "FULLSCRATCH LOVE",
        "artist": "FA Girls #10",
        "type": "Ending 10",
        "correctCount": 13,
        "startTime": 6,
        "songDuration": 88.92,
        "songNumber": 30,
        "activePlayerCount": 133,
        "LinkVideo": "https://files.catbox.moe/s3p0wp.webm",
        "LinkMp3": "https://files.catbox.moe/95fs4g.mp3",
        "annId": 19010
    },
    {
        "animeEng": "Genei Toushi Bastof Lemon",
        "animeRomaji": "Genei Toushi Bastof Lemon",
        "songName": "Shiroi Kakera",
        "artist": "D\u3010di:\u3011",
        "type": "Opening 1",
        "correctCount": 7,
        "startTime": 40,
        "songDuration": 75.6,
        "songNumber": 31,
        "activePlayerCount": 133,
        "LinkVideo": "https://files.catbox.moe/gzrddj.webm",
        "LinkMp3": "https://files.catbox.moe/h2lnvw.mp3",
        "annId": 3951
    },
    {
        "animeEng": "AKB0048",
        "animeRomaji": "AKB0048 First Stage",
        "songName": "Yakusoku yo",
        "artist": "AKB48",
        "type": "Insert Song",
        "correctCount": 39,
        "startTime": 14,
        "songDuration": 106.104,
        "songNumber": 32,
        "activePlayerCount": 133,
        "LinkVideo": "https://files.catbox.moe/ok04mt.webm",
        "LinkMp3": "https://files.catbox.moe/3f53cl.mp3",
        "annId": 13805
    },
    {
        "animeEng": "Boogiepop and Others",
        "animeRomaji": "Boogiepop wa Warawanai",
        "songName": "shadowgraph",
        "artist": "MYTH & ROID",
        "type": "Opening 1",
        "correctCount": 66,
        "startTime": 4,
        "songDuration": 89.064,
        "songNumber": 33,
        "activePlayerCount": 133,
        "LinkVideo": "https://files.catbox.moe/vikz0t.webm",
        "LinkMp3": "https://files.catbox.moe/kg1lvb.mp3",
        "annId": 21201
    },
    {
        "animeEng": "Ringing Bell",
        "animeRomaji": "Chirin no Suzu",
        "songName": "Chirin no Suzu",
        "artist": "The Brothers Four",
        "type": "Opening 1",
        "correctCount": 52,
        "startTime": 78,
        "songDuration": 120.552,
        "songNumber": 34,
        "activePlayerCount": 133,
        "LinkVideo": "https://files.catbox.moe/f44oti.webm",
        "LinkMp3": "https://files.catbox.moe/wqxr2j.mp3",
        "annId": 1459
    },
    {
        "animeEng": "FLCL Progressive",
        "animeRomaji": "FLCL Progressive",
        "songName": "spiky seeds",
        "artist": "the pillows",
        "type": "Ending 1",
        "correctCount": 17,
        "startTime": 100,
        "songDuration": 179.664,
        "songNumber": 35,
        "activePlayerCount": 134,
        "LinkVideo": "https://files.catbox.moe/czfn8y.webm",
        "LinkMp3": "https://files.catbox.moe/5ayfww.mp3",
        "annId": 20791
    },
    {
        "animeEng": "Science Fell in Love, So I Tried to Prove it",
        "animeRomaji": "Rikei ga Koi ni Ochita no de Shoumei Shitemita.",
        "songName": "Turing Love",
        "artist": "Akari Nanawo feat. Sou",
        "type": "Ending 1",
        "correctCount": 67,
        "startTime": 35,
        "songDuration": 88.55358,
        "songNumber": 36,
        "activePlayerCount": 134,
        "LinkVideo": "https://files.catbox.moe/k9xvfr.webm",
        "LinkMp3": "https://files.catbox.moe/gclmje.mp3",
        "annId": 22312
    },
    {
        "animeEng": "Hyper Police",
        "animeRomaji": "Hyper Police",
        "songName": "HOLD UP!",
        "artist": "Yuko Miyamura & Chiyako Shibahara",
        "type": "Ending 1",
        "correctCount": 0,
        "startTime": 8,
        "songDuration": 61.104,
        "songNumber": 37,
        "activePlayerCount": 134,
        "LinkVideo": "https://files.catbox.moe/5pwcem.webm",
        "LinkMp3": "https://files.catbox.moe/rh61li.mp3",
        "annId": 603
    },
    {
        "animeEng": "Graveyard Kitaro",
        "animeRomaji": "Hakaba Kitarou",
        "songName": "Mononoke Dance",
        "artist": "Denki Groove",
        "type": "Opening 1",
        "correctCount": 15,
        "startTime": 26,
        "songDuration": 78.864,
        "songNumber": 38,
        "activePlayerCount": 135,
        "LinkVideo": "https://files.catbox.moe/g3re0l.webm",
        "LinkMp3": "https://files.catbox.moe/kp53zs.mp3",
        "annId": 8955
    },
    {
        "animeEng": "Aquarion",
        "animeRomaji": "Sousei no Aquarion",
        "songName": "Sousei no Aquarion",
        "artist": "AKINO",
        "type": "Ending 2",
        "correctCount": 82,
        "startTime": 45,
        "songDuration": 130.824,
        "songNumber": 39,
        "activePlayerCount": 136,
        "LinkVideo": "https://files.catbox.moe/hhctvb.webm",
        "LinkMp3": "https://files.catbox.moe/dkhdr4.mp3",
        "annId": 7520
    },
    {
        "animeEng": "Teekyuu",
        "animeRomaji": "Teekyuu",
        "songName": "Fattoshite Tougenkyou",
        "artist": "Suzuko Mimori",
        "type": "Opening 1",
        "correctCount": 105,
        "startTime": 0,
        "songDuration": 28.56,
        "songNumber": 40,
        "activePlayerCount": 136,
        "LinkVideo": "https://files.catbox.moe/5sbrgt.webm",
        "LinkMp3": "https://files.catbox.moe/r4lbwd.mp3",
        "annId": 16639
    },
    {
        "animeEng": "MFKZ",
        "animeRomaji": "Mutafukaz",
        "songName": "DE LA CALLE MUTAFUKA'",
        "artist": "Jon de Jon",
        "type": "Insert Song",
        "correctCount": 91,
        "startTime": 13,
        "songDuration": 57.168,
        "songNumber": 41,
        "activePlayerCount": 137,
        "LinkVideo": "https://files.catbox.moe/vwb02d.webm",
        "LinkMp3": "https://files.catbox.moe/3k677t.mp3",
        "annId": 22356
    },
    {
        "animeEng": "Love in Rock 'n Roll",
        "animeRomaji": "Aishite Knight",
        "songName": "Koi wa Totsuzen",
        "artist": "Mitsuko Horie",
        "type": "Opening 1",
        "correctCount": 4,
        "startTime": 23,
        "songDuration": 77.817438,
        "songNumber": 42,
        "activePlayerCount": 137,
        "LinkVideo": "https://files.catbox.moe/s1x95q.webm",
        "LinkMp3": "https://files.catbox.moe/jie8ej.mp3",
        "annId": 1065,
        "correctPlayers": [
            "Erza_Asiaversal",
            "Cirquit",
            "tekohina",
            "ozsauce"
        ]
    },
    {
        "animeEng": "Lupin III: The Secret of Mamo",
        "animeRomaji": "Lupin Sansei: Lupin vs Fukusei-ningen",
        "songName": "Lupin Ondo",
        "artist": "Haruo Minami",
        "type": "Ending 1",
        "correctCount": 6,
        "startTime": 8,
        "songDuration": 105.024,
        "songNumber": 43,
        "activePlayerCount": 137,
        "LinkVideo": "https://files.catbox.moe/ofeiur.webm",
        "LinkMp3": "https://files.catbox.moe/tu24ha.mp3",
        "annId": 1040
    },
    {
        "animeEng": "Kuma Kuma Kuma Bear",
        "animeRomaji": "Kuma Kuma Kuma Bear",
        "songName": "Ano ne. -loved ones ver-",
        "artist": "Maki Kawase & Azumi Waki",
        "type": "Ending 2",
        "correctCount": 54,
        "startTime": 9,
        "songDuration": 104.976,
        "songNumber": 44,
        "activePlayerCount": 137,
        "LinkVideo": "https://files.catbox.moe/nesh6v.webm",
        "LinkMp3": "https://files.catbox.moe/zx9g4k.mp3",
        "annId": 23127
    },
    {
        "animeEng": "Anata ga Furikaeru Toki",
        "animeRomaji": "Anata ga Furikaeru Toki",
        "songName": "Niji o Oikakete",
        "artist": "Reepi Cheep",
        "type": "Ending 1",
        "correctCount": 0,
        "startTime": 13,
        "songDuration": 90.168,
        "songNumber": 45,
        "activePlayerCount": 137,
        "LinkVideo": "https://files.catbox.moe/clublc.webm",
        "LinkMp3": "https://files.catbox.moe/4ml6f2.mp3",
        "annId": 23393
    },
    {
        "animeEng": "Kono Oto Tomare!: Sounds of Life",
        "animeRomaji": "Kono Oto Tomare!",
        "songName": "Tone",
        "artist": "Shouta Aoi",
        "type": "Ending 2",
        "correctCount": 83,
        "startTime": 34,
        "songDuration": 88.968,
        "songNumber": 46,
        "activePlayerCount": 137,
        "LinkVideo": "https://files.catbox.moe/icc163.webm",
        "LinkMp3": "https://files.catbox.moe/p595x3.mp3",
        "annId": 22389
    },
    {
        "animeEng": "Orange",
        "animeRomaji": "Orange",
        "songName": "Hikari no Hahen",
        "artist": "Yuu Takahashi",
        "type": "Opening 1",
        "correctCount": 70,
        "startTime": 17,
        "songDuration": 89.18525,
        "songNumber": 47,
        "activePlayerCount": 137,
        "LinkVideo": "https://files.catbox.moe/8cm625.webm",
        "LinkMp3": "https://files.catbox.moe/78c3oy.mp3",
        "annId": 18075
    },
    {
        "animeEng": "Yuri!!! on Ice",
        "animeRomaji": "Yuri!!! on Ice",
        "songName": "Terra Incognita",
        "artist": "Taku Matsushiba feat. U-Zhaan",
        "type": "Insert Song",
        "correctCount": 4,
        "startTime": 81,
        "songDuration": 119.064,
        "songNumber": 48,
        "activePlayerCount": 137,
        "LinkVideo": "https://files.catbox.moe/k7smih.webm",
        "LinkMp3": "https://files.catbox.moe/nlunle.mp3",
        "annId": 18191,
        "correctPlayers": [
            "KurisuZ",
            "ChyYuna",
            "Amel",
            "Elly"
        ]
    },
    {
        "animeEng": "Sacred Seven",
        "animeRomaji": "Sacred Seven",
        "songName": "stone cold",
        "artist": "FictionJunction",
        "type": "Opening 1",
        "correctCount": 20,
        "startTime": 54,
        "songDuration": 89.064,
        "songNumber": 49,
        "activePlayerCount": 135,
        "LinkVideo": "https://files.catbox.moe/pc9tfe.webm",
        "LinkMp3": "https://files.catbox.moe/s4eunz.mp3",
        "annId": 12393
    },
    {
        "animeEng": "One Piece",
        "animeRomaji": "One Piece",
        "songName": "Kokoro no Chizu",
        "artist": "BOYSTYLE",
        "type": "Opening 5",
        "correctCount": 52,
        "startTime": 41,
        "songDuration": 106.992,
        "songNumber": 50,
        "activePlayerCount": 136,
        "LinkVideo": "https://files.catbox.moe/a0g48o.webm",
        "LinkMp3": "https://files.catbox.moe/ifyi6p.mp3",
        "annId": 836
    },
    {
        "animeEng": "Ninja Box",
        "animeRomaji": "Ninja Box",
        "songName": "Himitsu Kichuuba",
        "artist": "Emiri Katou, Megumi Han, Yuuichi Nakamura, Ayumu Murase",
        "type": "Ending 1",
        "correctCount": 1,
        "startTime": 10,
        "songDuration": 72,
        "songNumber": 51,
        "activePlayerCount": 136,
        "LinkVideo": "https://files.catbox.moe/nw20q4.webm",
        "LinkMp3": "https://files.catbox.moe/gqgyq4.mp3",
        "annId": 22433,
        "correctPlayers": [
            "Cirquit"
        ]
    },
    {
        "animeEng": "Mobile Suit Gundam Thunderbolt: December Sky",
        "animeRomaji": "Kidou Senshi Gundam Thunderbolt: December Sky",
        "songName": "Tada Naku dake ~Oh god, I'm alone~",
        "artist": "Nobuyoshi Nakazawa",
        "type": "Insert Song",
        "correctCount": 32,
        "startTime": 16,
        "songDuration": 83.668766,
        "songNumber": 52,
        "activePlayerCount": 137,
        "LinkVideo": "https://files.catbox.moe/c73km8.webm",
        "LinkMp3": "https://files.catbox.moe/urw53j.mp3",
        "annId": 18494
    },
    {
        "animeEng": "Kiratto Pri\u2606Chan",
        "animeRomaji": "Kiratto Pri\u2606Chan",
        "songName": "Otome Attention Please",
        "artist": "Miracle\u2606Kiratts",
        "type": "Insert Song",
        "correctCount": 12,
        "startTime": 106,
        "songDuration": 134.214836,
        "songNumber": 53,
        "activePlayerCount": 137,
        "LinkVideo": "https://files.catbox.moe/c57xuo.webm",
        "LinkMp3": "https://files.catbox.moe/6zbdap.mp3",
        "annId": 20580
    },
    {
        "animeEng": "Senki Zesshou Symphogear G",
        "animeRomaji": "Senki Zesshou Symphogear G",
        "songName": "Waikyou - Shenshoujin",
        "artist": "Yuka Iguchi",
        "type": "Insert Song",
        "correctCount": 25,
        "startTime": 64,
        "songDuration": 144.480782,
        "songNumber": 54,
        "activePlayerCount": 138,
        "LinkVideo": "https://files.catbox.moe/prvjqb.webm",
        "LinkMp3": "https://files.catbox.moe/qmwk2x.mp3",
        "annId": 15228
    },
    {
        "animeEng": "NAKAIMO: My Little Sister Is Among Them!",
        "animeRomaji": "Kono Naka ni Hitori, Imouto ga Iru!",
        "songName": "Unmei wa 2 Do Bell o Narasun desu",
        "artist": "Kaori Ishihara",
        "type": "Insert Song",
        "correctCount": 6,
        "startTime": 12,
        "songDuration": 83.564278,
        "songNumber": 55,
        "activePlayerCount": 138,
        "LinkVideo": "https://files.catbox.moe/8c6utm.webm",
        "LinkMp3": "https://files.catbox.moe/bhjp39.mp3",
        "annId": 14812
    },
    {
        "animeEng": "Triton of the Sea",
        "animeRomaji": "Umi no Triton",
        "songName": "GO! GO! Triton",
        "artist": "Yuuki Hide, Suginami Jidou Gasshou-dan",
        "type": "Ending 1",
        "correctCount": 15,
        "startTime": 42,
        "songDuration": 92.64,
        "songNumber": 56,
        "activePlayerCount": 137,
        "LinkVideo": "https://files.catbox.moe/z9itfk.webm",
        "LinkMp3": "https://files.catbox.moe/i7f2ns.mp3",
        "annId": 1409
    },
    {
        "animeEng": "Pok\u00e9mon Chronicles",
        "animeRomaji": "Pocket Monsters Side Story",
        "songName": "Maemuki Rocket-dan!",
        "artist": "Rocket-dan",
        "type": "Ending 3",
        "correctCount": 91,
        "startTime": 43,
        "songDuration": 79.567612,
        "songNumber": 57,
        "activePlayerCount": 136,
        "LinkVideo": "https://files.catbox.moe/krqezx.webm",
        "LinkMp3": "https://files.catbox.moe/jfvqdi.mp3",
        "annId": 15668
    },
    {
        "animeEng": "Legend of Basara",
        "animeRomaji": "Legend of Basara",
        "songName": "Plumeria no Saku Basho e",
        "artist": "Kanako Nakayama",
        "type": "Ending 1",
        "correctCount": 0,
        "startTime": 33,
        "songDuration": 89.808,
        "songNumber": 58,
        "activePlayerCount": 135,
        "LinkVideo": "https://files.catbox.moe/40xb9r.webm",
        "LinkMp3": "https://files.catbox.moe/jjetw1.mp3",
        "annId": 925
    },
    {
        "animeEng": "Cowboy Bebop: The Movie",
        "animeRomaji": "Cowboy Bebop: Tengoku no Tobira",
        "songName": "Gotta Knock a Little Harder",
        "artist": "Seatbelts featuring Mai Yamane",
        "type": "Ending 1",
        "correctCount": 47,
        "startTime": 158,
        "songDuration": 301.97032,
        "songNumber": 59,
        "activePlayerCount": 135,
        "LinkVideo": "https://files.catbox.moe/p0c41j.webm",
        "LinkMp3": "https://files.catbox.moe/5fpw40.mp3",
        "annId": 353
    },
    {
        "animeEng": "Aikatsu!",
        "animeRomaji": "Aikatsu!",
        "songName": "Blooming\u2661Blooming",
        "artist": "Ruka from AIKATSU\u2606STARS!",
        "type": "Insert Song",
        "correctCount": 69,
        "startTime": 32,
        "songDuration": 109.632,
        "songNumber": 60,
        "activePlayerCount": 133,
        "LinkVideo": "https://files.catbox.moe/ukyp9h.webm",
        "LinkMp3": "https://files.catbox.moe/7b3w89.mp3",
        "annId": 16824
    },
    {
        "animeEng": "Jewelpet the Movie: Sweets Dance Princess",
        "animeRomaji": "Eiga Jewelpet Sweets Dance Princess",
        "songName": "Yume no Mahou",
        "artist": "Mana Ashida",
        "type": "Opening 1",
        "correctCount": 5,
        "startTime": 16,
        "songDuration": 88.968,
        "songNumber": 61,
        "activePlayerCount": 133,
        "LinkVideo": "https://files.catbox.moe/biudji.webm",
        "LinkMp3": "https://files.catbox.moe/cwith0.mp3",
        "annId": 14015,
        "correctPlayers": [
            "Deafness",
            "Cirquit",
            "ozsauce",
            "watashiii",
            "theyingster"
        ]
    },
    {
        "animeEng": "Kira Kira\u2606Pretty Cure A La Mode",
        "animeRomaji": "Kirakira\u2606Precure A La Mode",
        "songName": "Let's La Cooking\u2606Showtime",
        "artist": "Kanako Miyamoto",
        "type": "Ending 1",
        "correctCount": 15,
        "startTime": 56,
        "songDuration": 89.04,
        "songNumber": 62,
        "activePlayerCount": 132,
        "LinkVideo": "https://files.catbox.moe/pw10y7.webm",
        "LinkMp3": "https://files.catbox.moe/9h9iyc.mp3",
        "annId": 18962
    },
    {
        "animeEng": "Saint Seiya: The Hades Chapter - Inferno",
        "animeRomaji": "Saint Seiya: The Hades Chapter - Inferno",
        "songName": "Takusu Mono e ~MyDear~",
        "artist": "Yumi Matsuzawa",
        "type": "Ending 1",
        "correctCount": 0,
        "startTime": 23,
        "songDuration": 88.16175,
        "songNumber": 63,
        "activePlayerCount": 133,
        "LinkVideo": "https://files.catbox.moe/14zhh2.webm",
        "LinkMp3": "https://files.catbox.moe/x52xj1.mp3",
        "annId": 5964
    },
    {
        "animeEng": "Eiga Precure All Stars: Haru no Carnival",
        "animeRomaji": "Eiga Precure All Stars: Haru no Carnival",
        "songName": "Dreaming\u2606Princess Precure",
        "artist": "Rie Kitagawa",
        "type": "Insert Song",
        "correctCount": 19,
        "startTime": 26,
        "songDuration": 88.344,
        "songNumber": 64,
        "activePlayerCount": 133,
        "LinkVideo": "https://files.catbox.moe/spwgag.webm",
        "LinkMp3": "https://files.catbox.moe/fangm4.mp3",
        "annId": 16727
    },
    {
        "animeEng": "Bungo Stray Dogs: Dead Apple",
        "animeRomaji": "Bungo Stray Dogs: Dead Apple",
        "songName": "Reason Living",
        "artist": "SCREEN mode",
        "type": "Insert Song",
        "correctCount": 58,
        "startTime": 104,
        "songDuration": 214.056,
        "songNumber": 65,
        "activePlayerCount": 134,
        "LinkVideo": "https://files.catbox.moe/3fwsce.webm",
        "LinkMp3": "https://files.catbox.moe/llop6c.mp3",
        "annId": 19773
    },
    {
        "animeEng": "The Seven Deadly Sins",
        "animeRomaji": "Nanatsu no Taizai",
        "songName": "7-seven-",
        "artist": "FLOW\u00d7GRANRODEO",
        "type": "Ending 2",
        "correctCount": 67,
        "startTime": 45,
        "songDuration": 88.896,
        "songNumber": 66,
        "activePlayerCount": 134,
        "LinkVideo": "https://files.catbox.moe/f85nsu.webm",
        "LinkMp3": "https://files.catbox.moe/7vytm3.mp3",
        "annId": 16867
    },
    {
        "animeEng": "The Wonderful Adventures of Nils",
        "animeRomaji": "Nils no Fushigi na Tabi",
        "songName": "Nils no Fushigi na Tabi",
        "artist": "Katsumi Kahashi",
        "type": "Opening 1",
        "correctCount": 35,
        "startTime": 52,
        "songDuration": 109.536,
        "songNumber": 67,
        "activePlayerCount": 133,
        "LinkVideo": "https://files.catbox.moe/g9i0po.webm",
        "LinkMp3": "https://files.catbox.moe/qalzc7.mp3",
        "annId": 1417
    },
    {
        "animeEng": "Sword Art Online Alternative: Gun Gale Online",
        "animeRomaji": "Sword Art Online Alternative: Gun Gale Online",
        "songName": "Rea(s)oN",
        "artist": "ReoNa",
        "type": "Insert Song",
        "correctCount": 57,
        "startTime": 43,
        "songDuration": 81.576,
        "songNumber": 68,
        "activePlayerCount": 133,
        "LinkVideo": "https://files.catbox.moe/9f9za9.webm",
        "LinkMp3": "https://files.catbox.moe/4b45zo.mp3",
        "annId": 20514
    },
    {
        "animeEng": "ViVid Strike!",
        "animeRomaji": "ViVid Strike!",
        "songName": "Shiny Sky Memories",
        "artist": "Yui Ogura",
        "type": "Insert Song",
        "correctCount": 7,
        "startTime": 23,
        "songDuration": 172.608,
        "songNumber": 69,
        "activePlayerCount": 133,
        "LinkVideo": "https://files.catbox.moe/wkbehn.webm",
        "LinkMp3": "https://files.catbox.moe/upkkar.mp3",
        "annId": 22452
    },
    {
        "animeEng": "Macross 7 Encore",
        "animeRomaji": "Macross 7 Encore",
        "songName": "SEVENTH MOON",
        "artist": "Fire Bomber",
        "type": "Opening 1",
        "correctCount": 58,
        "startTime": 32,
        "songDuration": 88.704,
        "songNumber": 70,
        "activePlayerCount": 133,
        "LinkVideo": "https://files.catbox.moe/gnaty4.webm",
        "LinkMp3": "https://files.catbox.moe/9civk4.mp3",
        "annId": 943
    },
    {
        "animeEng": "Blood Blockade Battlefront & Beyond",
        "animeRomaji": "Kekkai Sensen & Beyond",
        "songName": "In the City",
        "artist": "Saucy Lady",
        "type": "Insert Song",
        "correctCount": 52,
        "startTime": 6,
        "songDuration": 38.112,
        "songNumber": 71,
        "activePlayerCount": 133,
        "LinkVideo": "https://files.catbox.moe/cso3bz.webm",
        "LinkMp3": "https://files.catbox.moe/r6vhxm.mp3",
        "annId": 18900
    },
    {
        "animeEng": "Aria the Origination",
        "animeRomaji": "Aria the Origination",
        "songName": "Undine",
        "artist": "Yui Makino",
        "type": "Ending 3",
        "correctCount": 76,
        "startTime": 71,
        "songDuration": 216.055062,
        "songNumber": 72,
        "activePlayerCount": 132,
        "LinkVideo": "https://files.catbox.moe/k6xhfi.webm",
        "LinkMp3": "https://files.catbox.moe/94whmu.mp3",
        "annId": 8657
    },
    {
        "animeEng": "JoJo's Bizarre Adventure",
        "animeRomaji": "JoJo no Kimyou na Bouken",
        "songName": "Il mare eterno nella mia anima",
        "artist": "Kohei Yamamoto",
        "type": "Insert Song",
        "correctCount": 4,
        "startTime": 7,
        "songDuration": 221.566804,
        "songNumber": 73,
        "activePlayerCount": 132,
        "LinkVideo": "https://files.catbox.moe/uwc5v2.webm",
        "LinkMp3": "https://files.catbox.moe/fw4ea6.mp3",
        "annId": 14445,
        "correctPlayers": [
            "Hirohit0s",
            "believe_in_yours",
            "dejaino",
            "shadowpandax"
        ]
    },
    {
        "animeEng": "Pok\u00e9mon the Movie: Genesect and the Legend Awakened",
        "animeRomaji": "Gekijouban Pocket Monsters: Best Wishes! Shinsoku no Genesect - Mewtwo Kakusei",
        "songName": "Natsumeku Sakamichi",
        "artist": "Daisuke",
        "type": "Opening 1",
        "correctCount": 14,
        "startTime": 94,
        "songDuration": 148.056,
        "songNumber": 74,
        "activePlayerCount": 132,
        "LinkVideo": "https://files.catbox.moe/ekg44m.webm",
        "LinkMp3": "https://files.catbox.moe/pneecy.mp3",
        "annId": 14974
    },
    {
        "animeEng": "Master Keaton",
        "animeRomaji": "Master Keaton",
        "songName": "Railtown",
        "artist": "Kuniaki Haishima",
        "type": "Opening 1",
        "correctCount": 20,
        "startTime": 24,
        "songDuration": 72.331818,
        "songNumber": 75,
        "activePlayerCount": 132,
        "LinkVideo": "https://files.catbox.moe/61kgff.webm",
        "LinkMp3": "https://files.catbox.moe/0njd17.mp3",
        "annId": 7081
    },
    {
        "animeEng": "ItaKiss",
        "animeRomaji": "Itazura na Kiss",
        "songName": "Kataomoi Fighter",
        "artist": "GO!GO!7188",
        "type": "Ending 1",
        "correctCount": 5,
        "startTime": 38,
        "songDuration": 89.472,
        "songNumber": 76,
        "activePlayerCount": 132,
        "LinkVideo": "https://files.catbox.moe/3awrbe.webm",
        "LinkMp3": "https://files.catbox.moe/9vuxxo.mp3",
        "annId": 9193,
        "correctPlayers": [
            "KurisuZ",
            "JamelOtaku",
            "Deafness",
            "shadowpandax",
            "ozsauce"
        ]
    },
    {
        "animeEng": "Pikachu and Pichu",
        "animeRomaji": "Pichu to Pikachu",
        "songName": "Pichu Pika\u266aSwing!",
        "artist": "Neo\u2605Pockets",
        "type": "Opening 1",
        "correctCount": 62,
        "startTime": 37,
        "songDuration": 97.056,
        "songNumber": 77,
        "activePlayerCount": 131,
        "LinkVideo": "https://files.catbox.moe/0c8qak.webm",
        "LinkMp3": "https://files.catbox.moe/mho240.mp3",
        "annId": 4621
    },
    {
        "animeEng": "Aria the Animation",
        "animeRomaji": "Aria the Animation",
        "songName": "Undine",
        "artist": "Yui Makino",
        "type": "Opening 1",
        "correctCount": 86,
        "startTime": 65,
        "songDuration": 103.608,
        "songNumber": 78,
        "activePlayerCount": 131,
        "LinkVideo": "https://files.catbox.moe/qfqhzq.webm",
        "LinkMp3": "https://files.catbox.moe/xtcff4.mp3",
        "annId": 5504
    },
    {
        "animeEng": "Tiger Mask II",
        "animeRomaji": "Tiger Mask II",
        "songName": "Tiger Mask Nisei",
        "artist": "Ichirou Mizuki & Columubia Yurikago-kai",
        "type": "Opening 1",
        "correctCount": 10,
        "startTime": 10,
        "songDuration": 68.664,
        "songNumber": 79,
        "activePlayerCount": 131,
        "LinkVideo": "https://files.catbox.moe/213bk7.webm",
        "LinkMp3": "https://files.catbox.moe/3vxb2g.mp3",
        "annId": 1523
    },
    {
        "animeEng": "Dragon Ball Z: Battle of Gods",
        "animeRomaji": "Dragon Ball Z: Kami to Kami",
        "songName": "CHA-LA HEAD-CHA-LA",
        "artist": "FLOW",
        "type": "Ending 1",
        "correctCount": 60,
        "startTime": 122,
        "songDuration": 196.071732,
        "songNumber": 80,
        "activePlayerCount": 131,
        "LinkVideo": "https://files.catbox.moe/ak3326.webm",
        "LinkMp3": "https://files.catbox.moe/w4eh31.mp3",
        "annId": 14887
    },
    {
        "animeEng": "Million Arthur",
        "animeRomaji": "Operation Han-Gyaku-Sei Million Arthur",
        "songName": "Falsetto My Heart",
        "artist": "Maaya Uchida",
        "type": "Insert Song",
        "correctCount": 5,
        "startTime": 0,
        "songDuration": 28.446858,
        "songNumber": 81,
        "activePlayerCount": 131,
        "LinkVideo": "https://files.catbox.moe/p1xm5m.webm",
        "LinkMp3": "https://files.catbox.moe/8tmkzt.mp3",
        "annId": 20788,
        "correctPlayers": [
            "NijinoYume721",
            "Deafness",
            "sometimes",
            "Bai",
            "oh95"
        ]
    },
    {
        "animeEng": "Fighter Gordian",
        "animeRomaji": "Toushi Gordian",
        "songName": "Toushi Gordian",
        "artist": "Daijirou Shiomi",
        "type": "Opening 1",
        "correctCount": 2,
        "startTime": 14,
        "songDuration": 78.072,
        "songNumber": 82,
        "activePlayerCount": 131,
        "LinkVideo": "https://files.catbox.moe/70zmwd.webm",
        "LinkMp3": "https://files.catbox.moe/t4sdfp.mp3",
        "annId": 2234,
        "correctPlayers": [
            "ozsauce",
            "watashiii"
        ]
    },
    {
        "animeEng": "Space Warrior Baldios",
        "animeRomaji": "Uchuu Senshi Baldios",
        "songName": "Omoide Blue Dream",
        "artist": "Keiko Toda",
        "type": "Insert Song",
        "correctCount": 0,
        "startTime": 70,
        "songDuration": 112.056,
        "songNumber": 83,
        "activePlayerCount": 131,
        "LinkVideo": "https://files.catbox.moe/m4dkw3.webm",
        "LinkMp3": "https://files.catbox.moe/iyig1b.mp3",
        "annId": 748
    },
    {
        "animeEng": "Dragon Age: Dawn of the Seeker",
        "animeRomaji": "Dragon Age: Blood Mage no Seisen",
        "songName": "Inside out",
        "artist": "Nothing's Carved In Stone",
        "type": "Insert Song",
        "correctCount": 10,
        "startTime": 8,
        "songDuration": 41.304,
        "songNumber": 84,
        "activePlayerCount": 131,
        "LinkVideo": "https://files.catbox.moe/ggorc1.webm",
        "LinkMp3": "https://files.catbox.moe/tmtty1.mp3",
        "annId": 13604
    },
    {
        "animeEng": "Tari Tari",
        "animeRomaji": "Tari Tari",
        "songName": "Shirahamazaka Koukou Kouka (Latin ver.)",
        "artist": "Asami Seto, Saori Hayami, Nobunaga Shimazaki",
        "type": "Insert Song",
        "correctCount": 51,
        "startTime": 4,
        "songDuration": 37.32,
        "songNumber": 85,
        "activePlayerCount": 130,
        "LinkVideo": "https://files.catbox.moe/ma8sdm.webm",
        "LinkMp3": "https://files.catbox.moe/4qabyt.mp3",
        "annId": 14167
    }
]