[
    {
        "animeEng": "Yu Yu Hakusho: Ghost Files",
        "animeRomaji": "Yuu\u2606Yuu\u2606Hakusho",
        "songName": "Daydream Generation",
        "artist": "Matsuko Mawatari",
        "type": "Ending 5",
        "correctCount": 34,
        "startTime": 55,
        "songDuration": 85.032,
        "songNumber": 1,
        "activePlayerCount": 82,
        "LinkVideo": "https://files.catbox.moe/iu9uf2.webm",
        "LinkMp3": "https://files.catbox.moe/ufvz4y.mp3",
        "annId": 311
    },
    {
        "animeEng": "Gintama'",
        "animeRomaji": "Gintama'",
        "songName": "Tobe! Gundam",
        "artist": "Koh Ikeda",
        "type": "Insert Song",
        "correctCount": 40,
        "startTime": 20,
        "songDuration": 49.152,
        "songNumber": 2,
        "activePlayerCount": 87,
        "LinkVideo": "https://files.catbox.moe/odnrrh.webm",
        "LinkMp3": "https://files.catbox.moe/x1ytqd.mp3",
        "annId": 12835
    },
    {
        "animeEng": "Air",
        "animeRomaji": "Air",
        "songName": "Farewell song",
        "artist": "Lia",
        "type": "Ending 1",
        "correctCount": 34,
        "startTime": 3,
        "songDuration": 89.16,
        "songNumber": 3,
        "activePlayerCount": 91,
        "LinkVideo": "https://files.catbox.moe/wbq715.webm",
        "LinkMp3": "https://files.catbox.moe/8xzzrg.mp3",
        "annId": 2480
    },
    {
        "animeEng": "Dances with the Dragons",
        "animeRomaji": "Saredo Tsumibito wa Ryuu to Odoru",
        "songName": "divine criminal",
        "artist": "fripSide",
        "type": "Opening 1",
        "correctCount": 13,
        "startTime": 46,
        "songDuration": 86.712,
        "songNumber": 4,
        "activePlayerCount": 90,
        "LinkVideo": "https://files.catbox.moe/7sr5z2.webm",
        "LinkMp3": "https://files.catbox.moe/0t5dn9.mp3",
        "annId": 19908
    },
    {
        "animeEng": "Nagasarete Airantou",
        "animeRomaji": "Nagasarete Airantou",
        "songName": "Say Cheese!",
        "artist": "Yui Horie",
        "type": "Ending 1",
        "correctCount": 10,
        "startTime": 5,
        "songDuration": 88.992,
        "songNumber": 5,
        "activePlayerCount": 90,
        "LinkVideo": "https://files.catbox.moe/71kzep.webm",
        "LinkMp3": "https://files.catbox.moe/8tlqof.mp3",
        "annId": 7303
    },
    {
        "animeEng": "Mobile Suit Gundam Seed Destiny",
        "animeRomaji": "Kidou Senshi Gundam Seed Destiny",
        "songName": "Life Goes On",
        "artist": "Mika Arisaka",
        "type": "Ending 2",
        "correctCount": 9,
        "startTime": 30,
        "songDuration": 101.664,
        "songNumber": 6,
        "activePlayerCount": 89,
        "LinkVideo": "https://files.catbox.moe/9voix8.webm",
        "LinkMp3": "https://files.catbox.moe/roct9j.mp3",
        "annId": 2669
    },
    {
        "animeEng": "Aikatsu!",
        "animeRomaji": "Aikatsu!",
        "songName": "Idol Katsudou!",
        "artist": "Waka\u30fbRuka from STAR\u2606ANIS",
        "type": "Insert Song",
        "correctCount": 74,
        "startTime": 44,
        "songDuration": 81.432,
        "songNumber": 7,
        "activePlayerCount": 92,
        "LinkVideo": "https://files.catbox.moe/bpvcfi.webm",
        "LinkMp3": "https://files.catbox.moe/8q38qf.mp3",
        "annId": 15597
    },
    {
        "animeEng": "Saga of Tanya the Evil: The Movie",
        "animeRomaji": "Gekijouban Youjo Senki",
        "songName": "Los! Los! Los!",
        "artist": "Aoi Yuuki",
        "type": "Ending 1",
        "correctCount": 81,
        "startTime": 3,
        "songDuration": 88.44,
        "songNumber": 8,
        "activePlayerCount": 93,
        "LinkVideo": "https://files.catbox.moe/l2tasp.webm",
        "LinkMp3": "https://files.catbox.moe/09qyq2.mp3",
        "annId": 20509
    },
    {
        "animeEng": "Madlax",
        "animeRomaji": "Madlax",
        "songName": "Margaret",
        "artist": "Yuuka Nanri",
        "type": "Insert Song",
        "correctCount": 16,
        "startTime": 13,
        "songDuration": 101.568,
        "songNumber": 9,
        "activePlayerCount": 97,
        "LinkVideo": "https://files.catbox.moe/s9v3b8.webm",
        "LinkMp3": "https://files.catbox.moe/61h637.mp3",
        "annId": 3714
    },
    {
        "animeEng": "Ojamajo Doremi Na-i-sho",
        "animeRomaji": "Ojamajo Doremi Na-i-sho",
        "songName": "10-byou Kazoete",
        "artist": "Mayumi Gojou",
        "type": "Insert Song",
        "correctCount": 11,
        "startTime": 50,
        "songDuration": 89.064,
        "songNumber": 10,
        "activePlayerCount": 98,
        "LinkVideo": "https://files.catbox.moe/87p0er.webm",
        "LinkMp3": "https://files.catbox.moe/t60chv.mp3",
        "annId": 3797
    },
    {
        "animeEng": "Senki Zesshou Symphogear GX",
        "animeRomaji": "Senki Zesshou Symphogear GX",
        "songName": "Overkill Scythe Hell",
        "artist": "Ai Kayano",
        "type": "Insert Song",
        "correctCount": 23,
        "startTime": 21,
        "songDuration": 90.624,
        "songNumber": 11,
        "activePlayerCount": 98,
        "LinkVideo": "https://files.catbox.moe/amvy5k.webm",
        "LinkMp3": "https://files.catbox.moe/4q22ws.mp3",
        "annId": 16312
    },
    {
        "animeEng": "Macross Frontier",
        "animeRomaji": "Macross Frontier",
        "songName": "Aimo",
        "artist": "Megumi Nakajima",
        "type": "Insert Song",
        "correctCount": 34,
        "startTime": 44,
        "songDuration": 87.24,
        "songNumber": 12,
        "activePlayerCount": 99,
        "LinkVideo": "https://files.catbox.moe/4lbfpj.webm",
        "LinkMp3": "https://files.catbox.moe/bnhdgx.mp3",
        "annId": 8586
    },
    {
        "animeEng": "The Kindly Lion",
        "animeRomaji": "Yasashii Lion",
        "songName": "Hitoribocchi no Akachan",
        "artist": "Bonny Jacks",
        "type": "Insert Song",
        "correctCount": 20,
        "startTime": 13,
        "songDuration": 49.824,
        "songNumber": 13,
        "activePlayerCount": 99,
        "LinkVideo": "https://files.catbox.moe/zmzc7n.webm",
        "LinkMp3": "https://files.catbox.moe/johw95.mp3",
        "annId": 1720
    },
    {
        "animeEng": "Sonic X",
        "animeRomaji": "Sonic X",
        "songName": "Live & Learn",
        "artist": "Crush 40",
        "type": "Insert Song",
        "correctCount": 19,
        "startTime": 46,
        "songDuration": 84.264,
        "songNumber": 14,
        "activePlayerCount": 99,
        "LinkVideo": "https://files.catbox.moe/s2c1nc.webm",
        "LinkMp3": "https://files.catbox.moe/i31gs8.mp3",
        "annId": 2266
    },
    {
        "animeEng": "Persona: Trinity Soul",
        "animeRomaji": "Persona: Trinity Soul",
        "songName": "Burn My Dread",
        "artist": "Yumi Kawamura",
        "type": "Insert Song",
        "correctCount": 74,
        "startTime": 0,
        "songDuration": 24.24,
        "songNumber": 15,
        "activePlayerCount": 100,
        "LinkVideo": "https://files.catbox.moe/iekzw1.webm",
        "LinkMp3": "https://files.catbox.moe/5oye09.mp3",
        "annId": 8950
    },
    {
        "animeEng": "Final Fantasy: Unlimited",
        "animeRomaji": "Final Fantasy: Unlimited",
        "songName": "Romancing Train",
        "artist": "move",
        "type": "Ending 2",
        "correctCount": 6,
        "startTime": 37,
        "songDuration": 100.704,
        "songNumber": 16,
        "activePlayerCount": 103,
        "LinkVideo": "https://files.catbox.moe/3tz2qi.webm",
        "LinkMp3": "https://files.catbox.moe/9eg8rd.mp3",
        "annId": 639
    },
    {
        "animeEng": "Riding Bean",
        "animeRomaji": "Riding Bean",
        "songName": "KING OF THE ROAD",
        "artist": "Phil Perry",
        "type": "Insert Song",
        "correctCount": 36,
        "startTime": 96,
        "songDuration": 142.752,
        "songNumber": 17,
        "activePlayerCount": 104,
        "LinkVideo": "https://files.catbox.moe/6z6r3t.webm",
        "LinkMp3": "https://files.catbox.moe/2v47he.mp3",
        "annId": 360
    },
    {
        "animeEng": "To LOVE-Ru",
        "animeRomaji": "To LOVE-Ru",
        "songName": "Koi to Bikini to Ame Yohou",
        "artist": "Sayuri Yahagi",
        "type": "Insert Song",
        "correctCount": 7,
        "startTime": 7,
        "songDuration": 62.16,
        "songNumber": 18,
        "activePlayerCount": 105,
        "LinkVideo": "https://files.catbox.moe/e2dc1i.webm",
        "LinkMp3": "https://files.catbox.moe/yat40q.mp3",
        "annId": 10556
    },
    {
        "animeEng": "Ai Tenchi Muyo!",
        "animeRomaji": "Ai Tenchi Muyo!",
        "songName": "Momo Namiki",
        "artist": "Nao Touyama",
        "type": "Ending 8",
        "correctCount": 5,
        "startTime": 0,
        "songDuration": 25.248,
        "songNumber": 19,
        "activePlayerCount": 106,
        "LinkVideo": "https://files.catbox.moe/hqssiy.webm",
        "LinkMp3": "https://files.catbox.moe/rzbkfb.mp3",
        "annId": 16109,
        "correctPlayers": [
            "AverageEnjoer",
            "Jube",
            "Diukes",
            "husa",
            "Grubbi"
        ]
    },
    {
        "animeEng": "Panty & Stocking with Garterbelt",
        "animeRomaji": "Panty & Stocking with Garterbelt",
        "songName": "Theme for Scanty & Knee Socks",
        "artist": "TeddyLoid",
        "type": "Insert Song",
        "correctCount": 16,
        "startTime": 9,
        "songDuration": 60,
        "songNumber": 20,
        "activePlayerCount": 105,
        "LinkVideo": "https://files.catbox.moe/o4pkq8.webm",
        "LinkMp3": "https://files.catbox.moe/z58t6o.mp3",
        "annId": 11605
    },
    {
        "animeEng": "Brand New Animal",
        "animeRomaji": "BNA",
        "songName": "NIGHT RUNNING",
        "artist": "AAAMYYY",
        "type": "Ending 1",
        "correctCount": 49,
        "startTime": 15,
        "songDuration": 59.16,
        "songNumber": 21,
        "activePlayerCount": 104,
        "LinkVideo": "https://files.catbox.moe/6jqtwn.webm",
        "LinkMp3": "https://files.catbox.moe/v05sz1.mp3",
        "annId": 22924
    },
    {
        "animeEng": "Gintama: The Movie",
        "animeRomaji": "Gintama: Shinyaku Benizakura-hen",
        "songName": "Bakuchi Dancer",
        "artist": "DOES",
        "type": "Ending 1",
        "correctCount": 37,
        "startTime": 2,
        "songDuration": 173.064,
        "songNumber": 22,
        "activePlayerCount": 104,
        "LinkVideo": "https://files.catbox.moe/lgsky5.webm",
        "LinkMp3": "https://files.catbox.moe/7vtjrs.mp3",
        "annId": 11152
    },
    {
        "animeEng": "Kodomo no Jikan: Anata ga Watashi ni Kureta Mono",
        "animeRomaji": "Kodomo no Jikan: Anata ga Watashi ni Kureta Mono",
        "songName": "Aijou\u25ceEducation",
        "artist": "Little Non",
        "type": "Ending 1",
        "correctCount": 3,
        "startTime": 44,
        "songDuration": 89.16,
        "songNumber": 23,
        "activePlayerCount": 106,
        "LinkVideo": "https://files.catbox.moe/oe6976.webm",
        "LinkMp3": "https://files.catbox.moe/dq5ar5.mp3",
        "annId": 9748,
        "correctPlayers": [
            "ChineseEconomy",
            "HDNC",
            "Rejax"
        ]
    },
    {
        "animeEng": "Mobile Suit Gundam Seed",
        "animeRomaji": "Kidou Senshi Gundam Seed",
        "songName": "Shizuka na Yoru ni ~ReTracks",
        "artist": "Rie Tanaka",
        "type": "Insert Song",
        "correctCount": 8,
        "startTime": 79,
        "songDuration": 138.96,
        "songNumber": 24,
        "activePlayerCount": 107,
        "LinkVideo": "https://files.catbox.moe/ltz381.webm",
        "LinkMp3": "https://files.catbox.moe/pujk38.mp3",
        "annId": 883
    },
    {
        "animeEng": "Kobayashi ga Kawai Sugite Tsurai!!",
        "animeRomaji": "Kobayashi ga Kawai Sugite Tsurai!!",
        "songName": "You are My Miracle",
        "artist": "palet",
        "type": "Ending 1",
        "correctCount": 3,
        "startTime": 33,
        "songDuration": 88.104,
        "songNumber": 25,
        "activePlayerCount": 107,
        "LinkVideo": "https://files.catbox.moe/aea01y.webm",
        "LinkMp3": "https://files.catbox.moe/sbrkht.mp3",
        "annId": 16320,
        "correctPlayers": [
            "husa",
            "Solo",
            "Martinch"
        ]
    },
    {
        "animeEng": "Gakuen Handsome",
        "animeRomaji": "Gakuen Handsome",
        "songName": "Shin Handsome Taisou de Zundokohoi",
        "artist": "10Re;",
        "type": "Ending 1",
        "correctCount": 28,
        "startTime": 0,
        "songDuration": 28.133394,
        "songNumber": 26,
        "activePlayerCount": 108,
        "LinkVideo": "https://files.catbox.moe/vh74ap.webm",
        "LinkMp3": "https://files.catbox.moe/rxawcw.mp3",
        "annId": 18667
    },
    {
        "animeEng": "Clannad: The Motion Picture",
        "animeRomaji": "Clannad Film",
        "songName": "Dango Dango Dango",
        "artist": "Fukuchi Kousaka Koutou Gakkou Zaikousei",
        "type": "Ending 3",
        "correctCount": 68,
        "startTime": 1,
        "songDuration": 31.464,
        "songNumber": 27,
        "activePlayerCount": 108,
        "LinkVideo": "https://files.catbox.moe/4h91d8.webm",
        "LinkMp3": "https://files.catbox.moe/geafjg.mp3",
        "annId": 6436
    },
    {
        "animeEng": "Unbreakable Machine-Doll",
        "animeRomaji": "Kikou Shoujo wa Kizutsukanai",
        "songName": "Maware! Setsugetsuka",
        "artist": "Uta-gumi Setsugetsuka",
        "type": "Ending 1",
        "correctCount": 69,
        "startTime": 20,
        "songDuration": 89.016,
        "songNumber": 28,
        "activePlayerCount": 108,
        "LinkVideo": "https://files.catbox.moe/xbca20.webm",
        "LinkMp3": "https://files.catbox.moe/rvrlbd.mp3",
        "annId": 15107
    },
    {
        "animeEng": "Eiga Precure All Stars New Stage 2: Kokoro no Tomodachi",
        "animeRomaji": "Eiga Precure All Stars New Stage 2: Kokoro no Tomodachi",
        "songName": "Kono Sora no Mukou",
        "artist": "Hitomi Yoshida",
        "type": "Ending 1",
        "correctCount": 18,
        "startTime": 75,
        "songDuration": 118.92,
        "songNumber": 29,
        "activePlayerCount": 109,
        "LinkVideo": "https://files.catbox.moe/ng321o.webm",
        "LinkMp3": "https://files.catbox.moe/gzor5f.mp3",
        "annId": 14939
    },
    {
        "animeEng": "Love Live! Sunshine!!",
        "animeRomaji": "Love Live! School Idol Project Sunshine!!",
        "songName": "Kimi no Kokoro wa Kagayaiteru kai?",
        "artist": "Aqours",
        "type": "Insert Song",
        "correctCount": 52,
        "startTime": 209,
        "songDuration": 280.176,
        "songNumber": 30,
        "activePlayerCount": 111,
        "LinkVideo": "https://files.catbox.moe/sl8fu8.webm",
        "LinkMp3": "https://files.catbox.moe/hbwstu.mp3",
        "annId": 22079
    },
    {
        "animeEng": "Karneval",
        "animeRomaji": "Karneval",
        "songName": "Henai no Rondo",
        "artist": "GRANRODEO",
        "type": "Opening 1",
        "correctCount": 13,
        "startTime": 13,
        "songDuration": 86.4,
        "songNumber": 31,
        "activePlayerCount": 112,
        "LinkVideo": "https://files.catbox.moe/0xu5pt.webm",
        "LinkMp3": "https://files.catbox.moe/u5hzde.mp3",
        "annId": 14855
    },
    {
        "animeEng": "D4DJ First Mix",
        "animeRomaji": "D4DJ First Mix",
        "songName": "HONEST-conflict01-",
        "artist": "Yuuka Nishio & Haruka Mimura",
        "type": "Insert Song",
        "correctCount": 23,
        "startTime": 32,
        "songDuration": 124.464,
        "songNumber": 32,
        "activePlayerCount": 113,
        "LinkVideo": "https://files.catbox.moe/v6k464.webm",
        "LinkMp3": "https://files.catbox.moe/ydngaq.mp3",
        "annId": 23530
    },
    {
        "animeEng": "Terraformars",
        "animeRomaji": "Terraformars",
        "songName": "AMAZING BREAK",
        "artist": "TERRASPEX",
        "type": "Opening 1",
        "correctCount": 53,
        "startTime": 38,
        "songDuration": 89.520094,
        "songNumber": 33,
        "activePlayerCount": 113,
        "LinkVideo": "https://files.catbox.moe/xbh0lz.webm",
        "LinkMp3": "https://files.catbox.moe/x8cs9n.mp3",
        "annId": 16090
    },
    {
        "animeEng": "Burst Angel",
        "animeRomaji": "Bakuretsu Tenshi",
        "songName": "Loosey",
        "artist": "THE STRiPES",
        "type": "Opening 1",
        "correctCount": 19,
        "startTime": 21,
        "songDuration": 86.568,
        "songNumber": 34,
        "activePlayerCount": 112,
        "LinkVideo": "https://files.catbox.moe/x532yz.webm",
        "LinkMp3": "https://files.catbox.moe/b7xp91.mp3",
        "annId": 3560
    },
    {
        "animeEng": "Ani Ni Tsukeru Kusuri wa Nai!",
        "animeRomaji": "Ani Ni Tsukeru Kusuri wa Nai!",
        "songName": "Sunny side up",
        "artist": "Brian the Sun",
        "type": "Opening 1",
        "correctCount": 70,
        "startTime": 0,
        "songDuration": 24.816,
        "songNumber": 35,
        "activePlayerCount": 112,
        "LinkVideo": "https://files.catbox.moe/j2uh2b.webm",
        "LinkMp3": "https://files.catbox.moe/u0diyc.mp3",
        "annId": 22086
    },
    {
        "animeEng": "Ao-chan Can't Study!",
        "animeRomaji": "Midara na Ao-chan wa Benkyou ga Dekinai",
        "songName": "WONDERFUL WONDER",
        "artist": "EDOGA-SULLIVAN",
        "type": "Opening 1",
        "correctCount": 74,
        "startTime": 2,
        "songDuration": 58.56,
        "songNumber": 36,
        "activePlayerCount": 112,
        "LinkVideo": "https://files.catbox.moe/8tuk2e.webm",
        "LinkMp3": "https://files.catbox.moe/mpxpza.mp3",
        "annId": 21814
    },
    {
        "animeEng": "The Burning Wild Man",
        "animeRomaji": "Moeru! Oniisan",
        "songName": "Dreamy Dreamer",
        "artist": "Yuko Ishikawa",
        "type": "Opening 1",
        "correctCount": 4,
        "startTime": 11,
        "songDuration": 87.936,
        "songNumber": 37,
        "activePlayerCount": 114,
        "LinkVideo": "https://files.catbox.moe/cmhecb.webm",
        "LinkMp3": "https://files.catbox.moe/snyje7.mp3",
        "annId": 2626,
        "correctPlayers": [
            "Zylda",
            "Solo",
            "SmartHardyz",
            "Grubbi"
        ]
    },
    {
        "animeEng": "Aikatsu!",
        "animeRomaji": "Aikatsu!",
        "songName": "Hello New World",
        "artist": "Kana from AIKATSU\u2606STARS!",
        "type": "Insert Song",
        "correctCount": 64,
        "startTime": 73,
        "songDuration": 115.728,
        "songNumber": 38,
        "activePlayerCount": 114,
        "LinkVideo": "https://files.catbox.moe/ihvhdu.webm",
        "LinkMp3": "https://files.catbox.moe/cpb6kq.mp3",
        "annId": 16165
    },
    {
        "animeEng": "Angel Heart",
        "animeRomaji": "Angel Heart",
        "songName": "Fri Day!",
        "artist": "LiL'G",
        "type": "Insert Song",
        "correctCount": 0,
        "startTime": 16,
        "songDuration": 95.136,
        "songNumber": 39,
        "activePlayerCount": 114,
        "LinkVideo": "https://files.catbox.moe/7itn45.webm",
        "LinkMp3": "https://files.catbox.moe/ofwi11.mp3",
        "annId": 5487
    },
    {
        "animeEng": "Zan Sayonara Zetsubou Sensei",
        "animeRomaji": "Zan Sayonara Zetsubou Sensei",
        "songName": "Zetsubou Sensei Ekaki Uta",
        "artist": "Ayahi Takagaki, Kikuko Inoue",
        "type": "Insert Song",
        "correctCount": 66,
        "startTime": 4,
        "songDuration": 41.448,
        "songNumber": 40,
        "activePlayerCount": 114,
        "LinkVideo": "https://files.catbox.moe/6picmh.webm",
        "LinkMp3": "https://files.catbox.moe/oik7yd.mp3",
        "annId": 10805
    },
    {
        "animeEng": "Haikyu!! Movie Concept no Tatakai",
        "animeRomaji": "Haikyu!! Movie Concept no Tatakai",
        "songName": "Hikari Are",
        "artist": "BURNOUT SYNDROMES",
        "type": "Ending 1",
        "correctCount": 85,
        "startTime": 139,
        "songDuration": 239.952,
        "songNumber": 41,
        "activePlayerCount": 114,
        "LinkVideo": "https://files.catbox.moe/tywqad.webm",
        "LinkMp3": "https://files.catbox.moe/gb071d.mp3",
        "annId": 19746
    },
    {
        "animeEng": "Urusei Yatsura Movie 6: Always, My Darling",
        "animeRomaji": "Urusei Yatsura: Itsudatte My Darling",
        "songName": "BEGIN THE Kirei",
        "artist": "UL-SAYS [from T.P.D]",
        "type": "Ending 1",
        "correctCount": 2,
        "startTime": 152,
        "songDuration": 189.792,
        "songNumber": 42,
        "activePlayerCount": 115,
        "LinkVideo": "https://files.catbox.moe/zthrt6.webm",
        "LinkMp3": "https://files.catbox.moe/4ejv4d.mp3",
        "annId": 652,
        "correctPlayers": [
            "Orfey",
            "Chemist"
        ]
    },
    {
        "animeEng": "Bungo Stray Dogs",
        "animeRomaji": "Bungo Stray Dogs",
        "songName": "Setsuna no Ai",
        "artist": "GRANRODEO",
        "type": "Opening 1",
        "correctCount": 62,
        "startTime": 8,
        "songDuration": 89.568,
        "songNumber": 43,
        "activePlayerCount": 116,
        "LinkVideo": "https://files.catbox.moe/6mc12q.webm",
        "LinkMp3": "https://files.catbox.moe/49hjz0.mp3",
        "annId": 21733
    },
    {
        "animeEng": "Initial D: Third Stage",
        "animeRomaji": "Initial D: Third Stage",
        "songName": "Gamble Rumble",
        "artist": "move",
        "type": "Opening 1",
        "correctCount": 39,
        "startTime": 48,
        "songDuration": 104.208,
        "songNumber": 44,
        "activePlayerCount": 116,
        "LinkVideo": "https://files.catbox.moe/elfd8p.webm",
        "LinkMp3": "https://files.catbox.moe/xhkwwm.mp3",
        "annId": 1154
    },
    {
        "animeEng": "Cutey Honey",
        "animeRomaji": "Cutey Honey",
        "songName": "Cutey Honey",
        "artist": "Yoko Maekawa",
        "type": "Opening 1",
        "correctCount": 70,
        "startTime": 11,
        "songDuration": 88.8,
        "songNumber": 45,
        "activePlayerCount": 115,
        "LinkVideo": "https://files.catbox.moe/o3qdvi.webm",
        "LinkMp3": "https://files.catbox.moe/hy5o4d.mp3",
        "annId": 564
    },
    {
        "animeEng": "Moshidora",
        "animeRomaji": "Moshidora",
        "songName": "Yume Note",
        "artist": "azusa",
        "type": "Opening 1",
        "correctCount": 13,
        "startTime": 8,
        "songDuration": 86.568,
        "songNumber": 46,
        "activePlayerCount": 114,
        "LinkVideo": "https://files.catbox.moe/fff92p.webm",
        "LinkMp3": "https://files.catbox.moe/4s4fnp.mp3",
        "annId": 12059
    },
    {
        "animeEng": "The Empire of Corpses",
        "animeRomaji": "Shisha no Teikoku",
        "songName": "DOOR",
        "artist": "EGOIST",
        "type": "Ending 1",
        "correctCount": 26,
        "startTime": 129,
        "songDuration": 322.21487,
        "songNumber": 47,
        "activePlayerCount": 114,
        "LinkVideo": "https://files.catbox.moe/65lrsd.webm",
        "LinkMp3": "https://files.catbox.moe/yuzsyn.mp3",
        "annId": 16585
    },
    {
        "animeEng": "Non Non Biyori",
        "animeRomaji": "Non Non Biyori",
        "songName": "Nana-iro Biyori",
        "artist": "nano.RIPE",
        "type": "Opening 1",
        "correctCount": 71,
        "startTime": 43,
        "songDuration": 90.096,
        "songNumber": 48,
        "activePlayerCount": 111,
        "LinkVideo": "https://files.catbox.moe/xw4dif.webm",
        "LinkMp3": "https://files.catbox.moe/ftc0wv.mp3",
        "annId": 15149
    },
    {
        "animeEng": "Lupin the 3rd: Part 6",
        "animeRomaji": "Lupin Sansei: Part VI",
        "songName": "THEME FROM LUPIN III 2021",
        "artist": "Yuji Ohno & Lupintic Six with Friends",
        "type": "Opening 1",
        "correctCount": 37,
        "startTime": 51,
        "songDuration": 79.608,
        "songNumber": 49,
        "activePlayerCount": 111,
        "LinkVideo": "https://files.catbox.moe/a22vze.webm",
        "LinkMp3": "https://files.catbox.moe/yqkrxr.mp3",
        "annId": 24385
    },
    {
        "animeEng": "Maoyu",
        "animeRomaji": "Maoyuu Maou Yuusha",
        "songName": "Unknown Vision",
        "artist": "Akino Arai",
        "type": "Ending 1",
        "correctCount": 17,
        "startTime": 42,
        "songDuration": 89.064,
        "songNumber": 50,
        "activePlayerCount": 111,
        "LinkVideo": "https://files.catbox.moe/5soyaa.webm",
        "LinkMp3": "https://files.catbox.moe/1qhvjp.mp3",
        "annId": 14425
    },
    {
        "animeEng": "The God of High School",
        "animeRomaji": "The God of High School",
        "songName": "WIN",
        "artist": "CIX",
        "type": "Ending 1",
        "correctCount": 55,
        "startTime": 44,
        "songDuration": 87.48,
        "songNumber": 51,
        "activePlayerCount": 112,
        "LinkVideo": "https://files.catbox.moe/tj2nm4.webm",
        "LinkMp3": "https://files.catbox.moe/csya8w.mp3",
        "annId": 23279
    },
    {
        "animeEng": "Mobile Suit Gundam Unicorn RE:0096",
        "animeRomaji": "Kidou Senshi Gundam Unicorn RE:0096",
        "songName": "StarRingChild",
        "artist": "Aimer",
        "type": "Ending 4",
        "correctCount": 50,
        "startTime": 126,
        "songDuration": 194.568,
        "songNumber": 52,
        "activePlayerCount": 112,
        "LinkVideo": "https://files.catbox.moe/ywyhy1.webm",
        "LinkMp3": "https://files.catbox.moe/r1rzl8.mp3",
        "annId": 18087
    },
    {
        "animeEng": "Strike Witches: Road to Berlin",
        "animeRomaji": "Dai-501 Tougou Sentou Koukuu-dan Strike Witches: Road to Berlin",
        "songName": "Yuuki no Tsubasa",
        "artist": "Yoko Ishida",
        "type": "Opening 1",
        "correctCount": 8,
        "startTime": 13,
        "songDuration": 88.272,
        "songNumber": 53,
        "activePlayerCount": 111,
        "LinkVideo": "https://files.catbox.moe/2jqctu.webm",
        "LinkMp3": "https://files.catbox.moe/xb2epa.mp3",
        "annId": 21189
    },
    {
        "animeEng": "Claymore",
        "animeRomaji": "Claymore",
        "songName": "Raison D'\u00eatre",
        "artist": "Nightmare",
        "type": "Opening 1",
        "correctCount": 54,
        "startTime": 14,
        "songDuration": 59.064,
        "songNumber": 54,
        "activePlayerCount": 112,
        "LinkVideo": "https://files.catbox.moe/xrj1ax.webm",
        "LinkMp3": "https://files.catbox.moe/yt5dhm.mp3",
        "annId": 7028
    },
    {
        "animeEng": "Kero Kero Chime",
        "animeRomaji": "Kero Kero Chime",
        "songName": "YOU'RE THE ONLY ONE",
        "artist": "Love Connection",
        "type": "Opening 1",
        "correctCount": 0,
        "startTime": 44,
        "songDuration": 96.144,
        "songNumber": 55,
        "activePlayerCount": 112,
        "LinkVideo": "https://files.catbox.moe/x7rbfn.webm",
        "LinkMp3": "https://files.catbox.moe/0uc1ya.mp3",
        "annId": 1433
    },
    {
        "animeEng": "Shiba Inuko-san",
        "animeRomaji": "Shiba Inuko-san",
        "songName": "Shiba Inuko-san no Uta",
        "artist": "Mikoi Sasaki",
        "type": "Opening 1",
        "correctCount": 92,
        "startTime": 0,
        "songDuration": 29.674592,
        "songNumber": 56,
        "activePlayerCount": 113,
        "LinkVideo": "https://files.catbox.moe/zjs0tx.webm",
        "LinkMp3": "https://files.catbox.moe/zn96li.mp3",
        "annId": 14051
    },
    {
        "animeEng": "Combatants Will Be Dispatched!",
        "animeRomaji": "Sentouin, Hakenshimasu!",
        "songName": "No.6",
        "artist": "Miku Itou",
        "type": "Opening 1",
        "correctCount": 63,
        "startTime": 22,
        "songDuration": 90.072,
        "songNumber": 57,
        "activePlayerCount": 113,
        "LinkVideo": "https://files.catbox.moe/4s7d3a.webm",
        "LinkMp3": "https://files.catbox.moe/va1oau.mp3",
        "annId": 23090
    },
    {
        "animeEng": "Pichu Bros. in Party Panic!",
        "animeRomaji": "Boku-tachi Pichu Brothers: Party wa Oosawagi! no Maki",
        "songName": "Bokura Pichu Pichu Brothers!",
        "artist": "Kumiko Endo",
        "type": "Opening 1",
        "correctCount": 43,
        "startTime": 8,
        "songDuration": 106.296,
        "songNumber": 58,
        "activePlayerCount": 114,
        "LinkVideo": "https://files.catbox.moe/vqcf94.webm",
        "LinkMp3": "https://files.catbox.moe/v4ugi7.mp3",
        "annId": 15664
    },
    {
        "animeEng": "Ghost in the Shell: Stand Alone Complex",
        "animeRomaji": "Koukaku Kidoutai: Stand Alone Complex",
        "songName": "Lithium Flower",
        "artist": "Scott Matthew",
        "type": "Ending 1",
        "correctCount": 16,
        "startTime": 2,
        "songDuration": 90.264,
        "songNumber": 59,
        "activePlayerCount": 114,
        "LinkVideo": "https://files.catbox.moe/ogprku.webm",
        "LinkMp3": "https://files.catbox.moe/xfwf1u.mp3",
        "annId": 910
    },
    {
        "animeEng": "The World's Finest Assassin Gets Reincarnated in a Different World as an Aristocrat",
        "animeRomaji": "Ansatsu Kizoku",
        "songName": "A Promise",
        "artist": "Reina Ueda",
        "type": "Ending 2",
        "correctCount": 15,
        "startTime": 46,
        "songDuration": 88.644,
        "songNumber": 60,
        "activePlayerCount": 114,
        "LinkVideo": "https://files.catbox.moe/rietiu.webm",
        "annId": 24046
    },
    {
        "animeEng": "Monster Musume no Iru Nichijou SP",
        "animeRomaji": "Monster Musume no Iru Nichijou SP",
        "songName": "Hey! Smith!!",
        "artist": "Smith with MON",
        "type": "Ending 1",
        "correctCount": 62,
        "startTime": 30,
        "songDuration": 88.057262,
        "songNumber": 61,
        "activePlayerCount": 115,
        "LinkVideo": "https://files.catbox.moe/o3z2sh.webm",
        "LinkMp3": "https://files.catbox.moe/7hfqzb.mp3",
        "annId": 19964
    },
    {
        "animeEng": "Texhnolyze",
        "animeRomaji": "Texhnolyze",
        "songName": "GUARDIAN ANGEL(XAVIER'S EDIT)",
        "artist": "JUNO REACTOR",
        "type": "Opening 1",
        "correctCount": 53,
        "startTime": 33,
        "songDuration": 79.368,
        "songNumber": 62,
        "activePlayerCount": 114,
        "LinkVideo": "https://files.catbox.moe/j2mvov.webm",
        "LinkMp3": "https://files.catbox.moe/pb7y5l.mp3",
        "annId": 2304
    },
    {
        "animeEng": "Ojamajo Doremi Dokkaan",
        "animeRomaji": "Ojamajo Doremi Dokkaan",
        "songName": "Honjama Ojamajo Daishuugou!!",
        "artist": "MAHO-dou",
        "type": "Insert Song",
        "correctCount": 14,
        "startTime": 17,
        "songDuration": 68.064,
        "songNumber": 63,
        "activePlayerCount": 115,
        "LinkVideo": "https://files.catbox.moe/m689a7.webm",
        "LinkMp3": "https://files.catbox.moe/gdszcj.mp3",
        "annId": 1649
    },
    {
        "animeEng": "Blood Blockade Battlefront",
        "animeRomaji": "Kekkai Sensen",
        "songName": "Sugar Song to Bitter Step",
        "artist": "UNISON SQUARE GARDEN",
        "type": "Ending 1",
        "correctCount": 89,
        "startTime": 10,
        "songDuration": 88.056,
        "songNumber": 64,
        "activePlayerCount": 116,
        "LinkVideo": "https://files.catbox.moe/wi8uwx.webm",
        "LinkMp3": "https://files.catbox.moe/0qhz4q.mp3",
        "annId": 16340
    },
    {
        "animeEng": "Tower of God",
        "animeRomaji": "Kami no Tou",
        "songName": "SLUMP -Japanese ver.-",
        "artist": "Stray Kids",
        "type": "Ending 1",
        "correctCount": 66,
        "startTime": 50,
        "songDuration": 85.104,
        "songNumber": 65,
        "activePlayerCount": 116,
        "LinkVideo": "https://files.catbox.moe/5rav4j.webm",
        "LinkMp3": "https://files.catbox.moe/gsaqnq.mp3",
        "annId": 23068
    },
    {
        "animeEng": "Guilty Crown",
        "animeRomaji": "Guilty Crown",
        "songName": "\u03b2\u03af\u03bf\u03c2-\u03b4",
        "artist": "Mika Kobayashi",
        "type": "Insert Song",
        "correctCount": 56,
        "startTime": 25,
        "songDuration": 90.696,
        "songNumber": 66,
        "activePlayerCount": 116,
        "LinkVideo": "https://files.catbox.moe/la23ww.webm",
        "LinkMp3": "https://files.catbox.moe/f6lmio.mp3",
        "annId": 13001
    },
    {
        "animeEng": "Phi Brain: Puzzle of God",
        "animeRomaji": "Phi-Brain - Kami no Puzzle",
        "songName": "Brain Diver",
        "artist": "May'n",
        "type": "Opening 1",
        "correctCount": 32,
        "startTime": 0,
        "songDuration": 88.992,
        "songNumber": 67,
        "activePlayerCount": 116,
        "LinkVideo": "https://files.catbox.moe/1fonmd.webm",
        "LinkMp3": "https://files.catbox.moe/jlssml.mp3",
        "annId": 12271
    },
    {
        "animeEng": "The World God Only Knows Season Two",
        "animeRomaji": "Kami Nomi zo Shiru Sekai II",
        "songName": "God only knows Daisanmaku",
        "artist": "Oratorio The World God Only Knows",
        "type": "Ending 3",
        "correctCount": 97,
        "startTime": 3,
        "songDuration": 89.256,
        "songNumber": 68,
        "activePlayerCount": 116,
        "LinkVideo": "https://files.catbox.moe/7q4d23.webm",
        "LinkMp3": "https://files.catbox.moe/5qtgo9.mp3",
        "annId": 12375
    },
    {
        "animeEng": "Love Live! School Idol Project",
        "animeRomaji": "Love Live! School Idol Project",
        "songName": "Music S.T.A.R.T!!",
        "artist": "\u03bc's",
        "type": "Insert Song",
        "correctCount": 31,
        "startTime": 196,
        "songDuration": 290.04,
        "songNumber": 69,
        "activePlayerCount": 116,
        "LinkVideo": "https://files.catbox.moe/m4mdcr.webm",
        "LinkMp3": "https://files.catbox.moe/bsrnbw.mp3",
        "annId": 21894
    },
    {
        "animeEng": "Sword Art Online: Alicization",
        "animeRomaji": "Sword Art Online: Alicization",
        "songName": "ADAMAS",
        "artist": "LiSA",
        "type": "Opening 1",
        "correctCount": 84,
        "startTime": 51,
        "songDuration": 88.776,
        "songNumber": 70,
        "activePlayerCount": 116,
        "LinkVideo": "https://files.catbox.moe/pqcd4f.webm",
        "LinkMp3": "https://files.catbox.moe/dtpobu.mp3",
        "annId": 20665
    },
    {
        "animeEng": "Zan Sayonara Zetsubou Sensei",
        "animeRomaji": "Zan Sayonara Zetsubou Sensei",
        "songName": "Zetsubou Sensei Ekaki Uta",
        "artist": "Takehito Koyasu, Youji Ueda",
        "type": "Insert Song",
        "correctCount": 70,
        "startTime": 11,
        "songDuration": 41.4,
        "songNumber": 71,
        "activePlayerCount": 116,
        "LinkVideo": "https://files.catbox.moe/rjjdt0.webm",
        "LinkMp3": "https://files.catbox.moe/aek4rr.mp3",
        "annId": 10805
    },
    {
        "animeEng": "Kamisama Kiss",
        "animeRomaji": "Kamisama Hajimemashita",
        "songName": "Kamisama Onegai",
        "artist": "Hanae",
        "type": "Ending 1",
        "correctCount": 58,
        "startTime": 2,
        "songDuration": 91.104,
        "songNumber": 72,
        "activePlayerCount": 116,
        "LinkVideo": "https://files.catbox.moe/91b5j9.webm",
        "LinkMp3": "https://files.catbox.moe/db3394.mp3",
        "annId": 16346
    },
    {
        "animeEng": "Eiga Smile Precure: Ehon no Naka wa Minna Chiguhagu!",
        "animeRomaji": "Eiga Smile Precure: Ehon no Naka wa Minna Chiguhagu!",
        "songName": "Let's go! Smile Precure!",
        "artist": "Aya Ikeda",
        "type": "Opening 1",
        "correctCount": 93,
        "startTime": 49,
        "songDuration": 83.4,
        "songNumber": 73,
        "activePlayerCount": 116,
        "LinkVideo": "https://files.catbox.moe/5bj2vo.webm",
        "LinkMp3": "https://files.catbox.moe/vftd5x.mp3",
        "annId": 14431
    },
    {
        "animeEng": "Nekopara",
        "animeRomaji": "Nekopara",
        "songName": "Shiny Happy Days",
        "artist": "Yuki Yagi, Iori Saeki, Shiori Izawa, Miku Itou, Yuri Noguchi, Marin Mizutani",
        "type": "Opening 1",
        "correctCount": 36,
        "startTime": 12,
        "songDuration": 89.304,
        "songNumber": 74,
        "activePlayerCount": 118,
        "LinkVideo": "https://files.catbox.moe/uo7vd0.webm",
        "LinkMp3": "https://files.catbox.moe/ltfhqm.mp3",
        "annId": 22247
    },
    {
        "animeEng": "The Numbers",
        "animeRomaji": "Nanbaka",
        "songName": "Rin! Rin! Hi! Hi!",
        "artist": "Hashiguchikanaderiya",
        "type": "Opening 1",
        "correctCount": 72,
        "startTime": 19,
        "songDuration": 86.76,
        "songNumber": 75,
        "activePlayerCount": 118,
        "LinkVideo": "https://files.catbox.moe/hg0ij6.webm",
        "LinkMp3": "https://files.catbox.moe/jsgekx.mp3",
        "annId": 18956
    },
    {
        "animeEng": "Mushishi Zoku-Shou Tokubetsu-hen: Odoro no Michi",
        "animeRomaji": "Mushishi Zoku-Shou Tokubetsu-hen: Odoro no Michi",
        "songName": "SHIVER",
        "artist": "Lucy Rose",
        "type": "Opening 1",
        "correctCount": 74,
        "startTime": 51,
        "songDuration": 91.128,
        "songNumber": 76,
        "activePlayerCount": 118,
        "LinkVideo": "https://files.catbox.moe/3uq64m.webm",
        "LinkMp3": "https://files.catbox.moe/i78kh7.mp3",
        "annId": 17219
    },
    {
        "animeEng": "Kaiji: Ultimate Survivor",
        "animeRomaji": "Kaiji: Ultimate Survivor",
        "songName": "Mirai wa Bokura no Te no Naka",
        "artist": "Masato Hagiwara with Red Bonchiris",
        "type": "Opening 1",
        "correctCount": 74,
        "startTime": 14,
        "songDuration": 48.96,
        "songNumber": 77,
        "activePlayerCount": 119,
        "LinkVideo": "https://files.catbox.moe/z093wa.webm",
        "LinkMp3": "https://files.catbox.moe/0ak740.mp3",
        "annId": 8550
    },
    {
        "animeEng": "Nisekoi",
        "animeRomaji": "Nisekoi",
        "songName": "STEP",
        "artist": "ClariS",
        "type": "Opening 2",
        "correctCount": 73,
        "startTime": 58,
        "songDuration": 88.896,
        "songNumber": 78,
        "activePlayerCount": 119,
        "LinkVideo": "https://files.catbox.moe/7ns2te.webm",
        "LinkMp3": "https://files.catbox.moe/bainco.mp3",
        "annId": 16607
    },
    {
        "animeEng": "Belfy & Lillibit",
        "animeRomaji": "Mori no Youki na Kobito-tachi: Belfy to Lillibit",
        "songName": "Mori e Oide yo",
        "artist": "Kumiko Oosugi & Koorogi '73",
        "type": "Opening 1",
        "correctCount": 4,
        "startTime": 9,
        "songDuration": 90.24,
        "songNumber": 79,
        "activePlayerCount": 119,
        "LinkVideo": "https://files.catbox.moe/yhapo6.webm",
        "LinkMp3": "https://files.catbox.moe/lxlm98.mp3",
        "annId": 1451,
        "correctPlayers": [
            "Nippah",
            "munya",
            "Chemist",
            "tomokarin"
        ]
    },
    {
        "animeEng": "Gangsta.",
        "animeRomaji": "Gangsta.",
        "songName": "Renegade",
        "artist": "STEREO DIVE FOUNDATION",
        "type": "Opening 1",
        "correctCount": 58,
        "startTime": 51,
        "songDuration": 88.608,
        "songNumber": 80,
        "activePlayerCount": 119,
        "LinkVideo": "https://files.catbox.moe/ijulld.webm",
        "LinkMp3": "https://files.catbox.moe/6dms3q.mp3",
        "annId": 16623
    },
    {
        "animeEng": "Naruto",
        "animeRomaji": "Naruto",
        "songName": "wind",
        "artist": "Akeboshi",
        "type": "Ending 1",
        "correctCount": 52,
        "startTime": 31,
        "songDuration": 88.056,
        "songNumber": 81,
        "activePlayerCount": 119,
        "LinkVideo": "https://files.catbox.moe/lccbbk.webm",
        "LinkMp3": "https://files.catbox.moe/fywkve.mp3",
        "annId": 1825
    },
    {
        "animeEng": "Hypnosis Mic: Division Rap Battle - Rhyme Anima",
        "animeRomaji": "Hypnosis Mic: Division Rap Battle - Rhyme Anima",
        "songName": "3 Seconds Killer",
        "artist": "Buster Bros!!!",
        "type": "Insert Song",
        "correctCount": 96,
        "startTime": 28,
        "songDuration": 61.872,
        "songNumber": 82,
        "activePlayerCount": 119,
        "LinkVideo": "https://files.catbox.moe/p1ykak.webm",
        "LinkMp3": "https://files.catbox.moe/9rqhc4.mp3",
        "annId": 22902
    },
    {
        "animeEng": "Sailor Moon",
        "animeRomaji": "Bishoujo Senshi Sailor Moon",
        "songName": "Tsuki ni Kawatte Oshioki Yo",
        "artist": "Kotono Mitsuishi, Aya Hisakawa, Michie Tomizawa",
        "type": "Insert Song",
        "correctCount": 9,
        "startTime": 117,
        "songDuration": 149.41784,
        "songNumber": 83,
        "activePlayerCount": 119,
        "LinkVideo": "https://files.catbox.moe/6xf3zj.webm",
        "LinkMp3": "https://files.catbox.moe/jju8bh.mp3",
        "annId": 363
    },
    {
        "animeEng": "91 Days",
        "animeRomaji": "91 Days",
        "songName": "Signal",
        "artist": "TK from Ling Tosite Sigure",
        "type": "Opening 1",
        "correctCount": 71,
        "startTime": 29,
        "songDuration": 89.448,
        "songNumber": 84,
        "activePlayerCount": 119,
        "LinkVideo": "https://files.catbox.moe/5do44c.webm",
        "LinkMp3": "https://files.catbox.moe/cxj0xx.mp3",
        "annId": 18169
    },
    {
        "animeEng": "St. Luminous Mission High School",
        "animeRomaji": "Saint Luminous Jogakuin",
        "songName": "LABYRINTH",
        "artist": "ALI PROJECT",
        "type": "Ending 1",
        "correctCount": 8,
        "startTime": 28,
        "songDuration": 112.968,
        "songNumber": 85,
        "activePlayerCount": 118,
        "LinkVideo": "https://files.catbox.moe/bytyq2.webm",
        "LinkMp3": "https://files.catbox.moe/4vsbkh.mp3",
        "annId": 1115
    }
]