[
    {
        "animeEng": "Adventure on the Gaboten Island",
        "animeRomaji": "Bouken Gabotenjima",
        "songName": "Bouken Gabotenjima",
        "artist": "Mie Azuma, Kazuko Sugiyama, Yoshiko Ohta, Chieko Kitagawa, Masako Nozawa, Makiko Ihara, Toku Nishio",
        "type": "Opening 1",
        "correctCount": 29,
        "startTime": 6,
        "songDuration": 86.184,
        "songNumber": 1,
        "activePlayerCount": 142,
        "LinkVideo": "https://files.catbox.moe/tswn3y.webm",
        "LinkMp3": "https://files.catbox.moe/erepm7.mp3",
        "annId": 1225
    },
    {
        "animeEng": "Gunsmith Cats",
        "animeRomaji": "Gunsmith Cats",
        "songName": "Gunsmith Cats Opening",
        "artist": "Peter Erskine",
        "type": "Opening 1",
        "correctCount": 44,
        "startTime": 7,
        "songDuration": 94.065322,
        "songNumber": 2,
        "activePlayerCount": 147,
        "LinkVideo": "https://files.catbox.moe/hwdsdb.webm",
        "LinkMp3": "https://files.catbox.moe/1meioc.mp3",
        "annId": 156
    },
    {
        "animeEng": "Hanma Baki: Son of Ogre",
        "animeRomaji": "Hanma Baki: Son of Ogre",
        "songName": "Treasure Pleasure",
        "artist": "GRANRODEO",
        "type": "Opening 1",
        "correctCount": 17,
        "startTime": 55,
        "songDuration": 85.944,
        "songNumber": 3,
        "activePlayerCount": 155,
        "LinkVideo": "https://files.catbox.moe/zalha3.webm",
        "LinkMp3": "https://files.catbox.moe/fdut4j.mp3",
        "annId": 24512
    },
    {
        "animeEng": "Muromi-san",
        "animeRomaji": "Namiuchigiwa no Muromi-san",
        "songName": "Nanatsu no Umi yori Kimi no Umi",
        "artist": "Sumire Uesaka",
        "type": "Opening 1",
        "correctCount": 42,
        "startTime": 51,
        "songDuration": 90.456,
        "songNumber": 4,
        "activePlayerCount": 157,
        "LinkVideo": "https://files.catbox.moe/vfy6ga.webm",
        "LinkMp3": "https://files.catbox.moe/bt9p0i.mp3",
        "annId": 14999
    },
    {
        "animeEng": "Black\u2605Rock Shooter",
        "animeRomaji": "Black\u2605Rock Shooter",
        "songName": "Bokura no Ashiato Pf Ver",
        "artist": "supercell",
        "type": "Insert Song",
        "correctCount": 43,
        "startTime": 58,
        "songDuration": 97.344,
        "songNumber": 5,
        "activePlayerCount": 157,
        "LinkVideo": "https://files.catbox.moe/aa5udz.webm",
        "LinkMp3": "https://files.catbox.moe/an84ji.mp3",
        "annId": 13310
    },
    {
        "animeEng": "Minarai Diva",
        "animeRomaji": "Minarai Diva",
        "songName": "Yoi Houkoku ga Dekinakute\u2026",
        "artist": "Minarai Diva",
        "type": "Ending 4",
        "correctCount": 2,
        "startTime": 16,
        "songDuration": 83.376,
        "songNumber": 6,
        "activePlayerCount": 162,
        "LinkVideo": "https://files.catbox.moe/0656rt.webm",
        "LinkMp3": "https://files.catbox.moe/ka1bql.mp3",
        "annId": 16099,
        "correctPlayers": [
            "KamigishiAkari",
            "BakaYoru"
        ]
    },
    {
        "animeEng": "BanG Dream! Girls Band Party! Pico",
        "animeRomaji": "BanG Dream! Garupa\u2606Pico",
        "songName": "Picotto! Papitto!! Garupa\u2606Pico!!!",
        "artist": "Aimi\u00d7Ayane Sakura\u00d7Ami Maeshima\u00d7Aina Aiba\u00d7Miku Itou",
        "type": "Ending 1",
        "correctCount": 89,
        "startTime": 1,
        "songDuration": 29.12603,
        "songNumber": 7,
        "activePlayerCount": 162,
        "LinkVideo": "https://files.catbox.moe/cjletb.webm",
        "LinkMp3": "https://files.catbox.moe/4n7p4g.mp3",
        "annId": 21290
    },
    {
        "animeEng": "Fate/stay night: Unlimited Blade Works",
        "animeRomaji": "Fate/stay night: Unlimited Blade Works",
        "songName": "ideal white",
        "artist": "Mashiro Ayano",
        "type": "Opening 1",
        "correctCount": 75,
        "startTime": 60,
        "songDuration": 89.568,
        "songNumber": 8,
        "activePlayerCount": 164,
        "LinkVideo": "https://files.catbox.moe/eecywy.webm",
        "LinkMp3": "https://files.catbox.moe/vsf3fi.mp3",
        "annId": 15843
    },
    {
        "animeEng": "High School Fleet",
        "animeRomaji": "Haifuri",
        "songName": "Ripple Effect",
        "artist": "Luna Haruna",
        "type": "Ending 1",
        "correctCount": 45,
        "startTime": 7,
        "songDuration": 89.208,
        "songNumber": 9,
        "activePlayerCount": 163,
        "LinkVideo": "https://files.catbox.moe/552n35.webm",
        "LinkMp3": "https://files.catbox.moe/2fzwc3.mp3",
        "annId": 17584
    },
    {
        "animeEng": "Nura: Rise of the Yokai Clan - Demon Capital",
        "animeRomaji": "Nurarihyon no Mago: Sennen Makyou",
        "songName": "The LOVE SONG",
        "artist": "LM.C",
        "type": "Opening 2",
        "correctCount": 11,
        "startTime": 7,
        "songDuration": 88.56,
        "songNumber": 10,
        "activePlayerCount": 163,
        "LinkVideo": "https://files.catbox.moe/nxlzm6.webm",
        "LinkMp3": "https://files.catbox.moe/prstts.mp3",
        "annId": 12357
    },
    {
        "animeEng": "Symphogear",
        "animeRomaji": "Senki Zesshou Symphogear",
        "songName": "Kimi to Iu Oto Kanade Tsukiru Made",
        "artist": "Minami Takayama",
        "type": "Insert Song",
        "correctCount": 28,
        "startTime": 47,
        "songDuration": 90.264,
        "songNumber": 11,
        "activePlayerCount": 162,
        "LinkVideo": "https://files.catbox.moe/2pdw1s.webm",
        "LinkMp3": "https://files.catbox.moe/ns8xq8.mp3",
        "annId": 13659
    },
    {
        "animeEng": "BECK: Mongolian Chop Squad",
        "animeRomaji": "BECK: Mongolian Chop Squad",
        "songName": "I've Got A Feeling",
        "artist": "BEAT CRUSADERS",
        "type": "Insert Song",
        "correctCount": 47,
        "startTime": 23,
        "songDuration": 151.76882,
        "songNumber": 12,
        "activePlayerCount": 162,
        "LinkVideo": "https://files.catbox.moe/byonqt.webm",
        "LinkMp3": "https://files.catbox.moe/orcgww.mp3",
        "annId": 4404
    },
    {
        "animeEng": "The Slayers",
        "animeRomaji": "The Slayers",
        "songName": "KUJIKENAIKARA!",
        "artist": "Masami Okui & Megumi Hayashibara",
        "type": "Ending 1",
        "correctCount": 28,
        "startTime": 36,
        "songDuration": 73.32,
        "songNumber": 13,
        "activePlayerCount": 162,
        "LinkVideo": "https://files.catbox.moe/jjyos7.webm",
        "LinkMp3": "https://files.catbox.moe/ntxuow.mp3",
        "annId": 657
    },
    {
        "animeEng": "Black Jack The Movie",
        "animeRomaji": "Black Jack The Movie",
        "songName": "Invisible Love",
        "artist": "Mai Yamane",
        "type": "Opening 1",
        "correctCount": 13,
        "startTime": 10,
        "songDuration": 90.648,
        "songNumber": 14,
        "activePlayerCount": 161,
        "LinkVideo": "https://files.catbox.moe/s3hn1b.webm",
        "LinkMp3": "https://files.catbox.moe/twoess.mp3",
        "annId": 107
    },
    {
        "animeEng": "Somali and the Forest Spirit",
        "animeRomaji": "Somali to Mori no Kamisama",
        "songName": "Warabe Uta ~Kotonaru Katachi~",
        "artist": "Rie Shibata",
        "type": "Insert Song",
        "correctCount": 15,
        "startTime": 30,
        "songDuration": 82.056,
        "songNumber": 15,
        "activePlayerCount": 162,
        "LinkVideo": "https://files.catbox.moe/fpt6mm.webm",
        "LinkMp3": "https://files.catbox.moe/c4hsf6.mp3",
        "annId": 22014
    },
    {
        "animeEng": "Gigantor",
        "animeRomaji": "Tetsujin 28-go",
        "songName": "Tetsujin 28-gou",
        "artist": "Duke Aces",
        "type": "Opening 1",
        "correctCount": 88,
        "startTime": 30,
        "songDuration": 72.044476,
        "songNumber": 16,
        "activePlayerCount": 163,
        "LinkVideo": "https://files.catbox.moe/xxhdy0.webm",
        "LinkMp3": "https://files.catbox.moe/xcyia4.mp3",
        "annId": 1293
    },
    {
        "animeEng": "Love Live! Sunshine!!",
        "animeRomaji": "Love Live! School Idol Project Sunshine!!",
        "songName": "Awaken the power",
        "artist": "Saint Aqours Snow",
        "type": "Insert Song",
        "correctCount": 32,
        "startTime": 72,
        "songDuration": 186.048,
        "songNumber": 17,
        "activePlayerCount": 164,
        "LinkVideo": "https://files.catbox.moe/4y0yks.webm",
        "LinkMp3": "https://files.catbox.moe/u5rkkt.mp3",
        "annId": 20000
    },
    {
        "animeEng": "One Off",
        "animeRomaji": "One Off",
        "songName": "Yakusoku no Basho",
        "artist": "ROUND TABLE featuring Nino",
        "type": "Opening 1",
        "correctCount": 28,
        "startTime": 4,
        "songDuration": 87.36,
        "songNumber": 18,
        "activePlayerCount": 165,
        "LinkVideo": "https://files.catbox.moe/pag5k8.webm",
        "LinkMp3": "https://files.catbox.moe/cinb5u.mp3",
        "annId": 14162
    },
    {
        "animeEng": "Baka & Test: Summon the Beasts 2",
        "animeRomaji": "Baka to Test to Shoukanjuu Ni!",
        "songName": "Eureka Baby",
        "artist": "Natsuko Aso",
        "type": "Ending 1",
        "correctCount": 47,
        "startTime": 24,
        "songDuration": 88.012,
        "songNumber": 19,
        "activePlayerCount": 165,
        "LinkVideo": "https://files.catbox.moe/ecplge.webm",
        "annId": 12431
    },
    {
        "animeEng": "NANA",
        "animeRomaji": "NANA",
        "songName": "Recorded Butterflies",
        "artist": "OLIVIA inspi' REIRA(TRAPNEST)",
        "type": "Insert Song",
        "correctCount": 45,
        "startTime": 49,
        "songDuration": 83.88,
        "songNumber": 20,
        "activePlayerCount": 165,
        "LinkVideo": "https://files.catbox.moe/cx4pgn.webm",
        "LinkMp3": "https://files.catbox.moe/4p3xvt.mp3",
        "annId": 6115
    },
    {
        "animeEng": "Theatre of Darkness: Yamishibai",
        "animeRomaji": "Yami Shibai",
        "songName": "Yume Oibito (acoustic version)",
        "artist": "Takuto",
        "type": "Ending 1",
        "correctCount": 9,
        "startTime": 10,
        "songDuration": 39.552,
        "songNumber": 21,
        "activePlayerCount": 165,
        "LinkVideo": "https://files.catbox.moe/tnhlu9.webm",
        "LinkMp3": "https://files.catbox.moe/fmzkes.mp3",
        "annId": 18960
    },
    {
        "animeEng": "Super Cub",
        "animeRomaji": "Super Cub",
        "songName": "Haru e no Dengon",
        "artist": "Yuki Yomichi, Ayaka Nanase, Natsumi Hioka",
        "type": "Ending 1",
        "correctCount": 28,
        "startTime": 58,
        "songDuration": 88.944,
        "songNumber": 22,
        "activePlayerCount": 165,
        "LinkVideo": "https://files.catbox.moe/o0snwc.webm",
        "LinkMp3": "https://files.catbox.moe/ufb5s8.mp3",
        "annId": 23261
    },
    {
        "animeEng": "Overlord",
        "animeRomaji": "Overlord",
        "songName": "Clattanoia",
        "artist": "OxT",
        "type": "Opening 1",
        "correctCount": 130,
        "startTime": 35,
        "songDuration": 89.016,
        "songNumber": 23,
        "activePlayerCount": 165,
        "LinkVideo": "https://files.catbox.moe/gmip23.webm",
        "LinkMp3": "https://files.catbox.moe/3efzdr.mp3",
        "annId": 16729
    },
    {
        "animeEng": "Why the Hell are You Here, Teacher!?",
        "animeRomaji": "Nande Koko ni Sensei ga!?",
        "songName": "Ringo-iro Memories",
        "artist": "Sumire Uesaka, Yuuko Gotou, Shizuka Ishigami, Nozomi Yamamoto",
        "type": "Ending 1",
        "correctCount": 72,
        "startTime": 29,
        "songDuration": 59.472,
        "songNumber": 24,
        "activePlayerCount": 164,
        "LinkVideo": "https://files.catbox.moe/kkqzlb.webm",
        "LinkMp3": "https://files.catbox.moe/k0a85j.mp3",
        "annId": 23080
    },
    {
        "animeEng": "Tokyo Babylon",
        "animeRomaji": "Tokyo Babylon",
        "songName": "STRAWBERRY KISS KISS",
        "artist": "Hideaki Matsuoka",
        "type": "Insert Song",
        "correctCount": 11,
        "startTime": 35,
        "songDuration": 88.032,
        "songNumber": 25,
        "activePlayerCount": 165,
        "LinkVideo": "https://files.catbox.moe/bs3xvf.webm",
        "LinkMp3": "https://files.catbox.moe/577ggg.mp3",
        "annId": 761
    },
    {
        "animeEng": "Extra Olympia Kyklos",
        "animeRomaji": "Bessatsu Olympia Kyklos",
        "songName": "Sayonara Sparta",
        "artist": "Akihito Hayashi",
        "type": "Ending 12",
        "correctCount": 52,
        "startTime": 2,
        "songDuration": 46.224,
        "songNumber": 26,
        "activePlayerCount": 164,
        "LinkVideo": "https://files.catbox.moe/7thbjd.webm",
        "LinkMp3": "https://files.catbox.moe/ph7gqb.mp3",
        "annId": 23035
    },
    {
        "animeEng": "Code Geass: Lelouch of the Rebellion",
        "animeRomaji": "Code Geass: Hangyaku no Lelouch",
        "songName": "Yuukyou Seishunka",
        "artist": "ALI PROJECT",
        "type": "Ending 1",
        "correctCount": 57,
        "startTime": 47,
        "songDuration": 88.992,
        "songNumber": 27,
        "activePlayerCount": 165,
        "LinkVideo": "https://files.catbox.moe/gatvaa.webm",
        "LinkMp3": "https://files.catbox.moe/p68lp5.mp3",
        "annId": 6704
    },
    {
        "animeEng": "Ultimate Otaku Teacher",
        "animeRomaji": "Denpa Kyoushi: He Is an Ultimate Teacher",
        "songName": "MY ONLY ONE",
        "artist": "9nine",
        "type": "Ending 2",
        "correctCount": 5,
        "startTime": 12,
        "songDuration": 88.056,
        "songNumber": 28,
        "activePlayerCount": 164,
        "LinkVideo": "https://files.catbox.moe/w1ylza.webm",
        "LinkMp3": "https://files.catbox.moe/9opina.mp3",
        "annId": 16723,
        "correctPlayers": [
            "Cosmoing",
            "Huntson",
            "Rumidadu",
            "peepis",
            "Chatmonchy"
        ]
    },
    {
        "animeEng": "Ace of the Diamond",
        "animeRomaji": "Daiya no Ace",
        "songName": "Perfect HERO",
        "artist": "Tom-H@ck featuring Masayoshi Ooishi",
        "type": "Opening 2",
        "correctCount": 42,
        "startTime": 60,
        "songDuration": 89.049898,
        "songNumber": 29,
        "activePlayerCount": 164,
        "LinkVideo": "https://files.catbox.moe/nntiv6.webm",
        "LinkMp3": "https://files.catbox.moe/o0451i.mp3",
        "annId": 15337
    },
    {
        "animeEng": "Sakugan",
        "animeRomaji": "Sakugan",
        "songName": "Koukotsu Labyrinth",
        "artist": "Masaaki Endoh",
        "type": "Opening 1",
        "correctCount": 26,
        "startTime": 5,
        "songDuration": 89.064,
        "songNumber": 30,
        "activePlayerCount": 165,
        "LinkVideo": "https://files.catbox.moe/cf8bnr.webm",
        "LinkMp3": "https://files.catbox.moe/wjrk27.mp3",
        "annId": 22383
    },
    {
        "animeEng": "The Honor at Magic High School",
        "animeRomaji": "Mahouka Koukou no Yuutousei",
        "songName": "Small Rendezvous",
        "artist": "KOCHO",
        "type": "Insert Song",
        "correctCount": 10,
        "startTime": 15,
        "songDuration": 98.856,
        "songNumber": 31,
        "activePlayerCount": 165,
        "LinkVideo": "https://files.catbox.moe/7bc7lh.webm",
        "LinkMp3": "https://files.catbox.moe/vh6fge.mp3",
        "annId": 23898
    },
    {
        "animeEng": "King of Prism All Stars: Prism Show\u2605Best Ten",
        "animeRomaji": "King of Prism All Stars: Prism Show\u2605Best Ten",
        "songName": "BOY MEETS GIRL",
        "artist": "Over The Rainbow",
        "type": "Insert Song",
        "correctCount": 29,
        "startTime": 0,
        "songDuration": 43.128,
        "songNumber": 32,
        "activePlayerCount": 167,
        "LinkVideo": "https://files.catbox.moe/4z99a5.webm",
        "LinkMp3": "https://files.catbox.moe/dv9aik.mp3",
        "annId": 22936
    },
    {
        "animeEng": "The Quintessential Quintuplets",
        "animeRomaji": "Gotoubun no Hanayome",
        "songName": "Sign",
        "artist": "Aya Uchida",
        "type": "Ending 1",
        "correctCount": 72,
        "startTime": 44,
        "songDuration": 89.568,
        "songNumber": 33,
        "activePlayerCount": 168,
        "LinkVideo": "https://files.catbox.moe/hwksih.webm",
        "LinkMp3": "https://files.catbox.moe/thz6y4.mp3",
        "annId": 21514
    },
    {
        "animeEng": "A.I.C.O.: Incarnation",
        "animeRomaji": "A.I.C.O.: Incarnation",
        "songName": "A.I.C.O.",
        "artist": "TRUE",
        "type": "Opening 1",
        "correctCount": 33,
        "startTime": 3,
        "songDuration": 89.304,
        "songNumber": 34,
        "activePlayerCount": 168,
        "LinkVideo": "https://files.catbox.moe/4eiai5.webm",
        "LinkMp3": "https://files.catbox.moe/fgx79d.mp3",
        "annId": 19989
    },
    {
        "animeEng": "Cannon Busters",
        "animeRomaji": "Cannon Busters",
        "songName": "Regardless",
        "artist": "Mansa Imani",
        "type": "Ending 1",
        "correctCount": 31,
        "startTime": 31,
        "songDuration": 89.472,
        "songNumber": 35,
        "activePlayerCount": 168,
        "LinkVideo": "https://files.catbox.moe/2ai4sk.webm",
        "LinkMp3": "https://files.catbox.moe/fwwc5r.mp3",
        "annId": 22448
    },
    {
        "animeEng": "Date A Live III",
        "animeRomaji": "Date A Live III",
        "songName": "I swear",
        "artist": "sweet ARMS",
        "type": "Opening 1",
        "correctCount": 45,
        "startTime": 0,
        "songDuration": 100.368,
        "songNumber": 36,
        "activePlayerCount": 168,
        "LinkVideo": "https://files.catbox.moe/57oth8.webm",
        "LinkMp3": "https://files.catbox.moe/pmqfz0.mp3",
        "annId": 21509
    },
    {
        "animeEng": "Wowser",
        "animeRomaji": "Don-Don Domel to Ron",
        "songName": "Fly away ~Yume no Hikouki~",
        "artist": "Mitsuko Horie",
        "type": "Opening 1",
        "correctCount": 7,
        "startTime": 30,
        "songDuration": 73.776,
        "songNumber": 37,
        "activePlayerCount": 170,
        "LinkVideo": "https://files.catbox.moe/yxx7vi.webm",
        "LinkMp3": "https://files.catbox.moe/tnv7lq.mp3",
        "annId": 1313
    },
    {
        "animeEng": "Initial D: Fourth Stage",
        "animeRomaji": "Initial D: Fourth Stage",
        "songName": "DON'T GO BABY",
        "artist": "maiko",
        "type": "Insert Song",
        "correctCount": 8,
        "startTime": 39,
        "songDuration": 80.112,
        "songNumber": 38,
        "activePlayerCount": 169,
        "LinkVideo": "https://files.catbox.moe/fqeuwk.webm",
        "LinkMp3": "https://files.catbox.moe/h9jcnh.mp3",
        "annId": 3396
    },
    {
        "animeEng": "Love Hina Spring Special: I Wish Your Dream",
        "animeRomaji": "Love Hina Haru Special: Kimi Sakura Chiru Nakare!!",
        "songName": "Sakura Saku",
        "artist": "Megumi Hayashibara",
        "type": "Ending 1",
        "correctCount": 105,
        "startTime": 60,
        "songDuration": 90.12,
        "songNumber": 39,
        "activePlayerCount": 169,
        "LinkVideo": "https://files.catbox.moe/9y26ih.webm",
        "LinkMp3": "https://files.catbox.moe/gu8ymt.mp3",
        "annId": 866
    },
    {
        "animeEng": "SK8 the Infinity",
        "animeRomaji": "SK\u221e",
        "songName": "Seize the Moment!!",
        "artist": "Yuusuke (ex. HIGH and MIGHTY COLOR)",
        "type": "Insert Song",
        "correctCount": 39,
        "startTime": 51,
        "songDuration": 82.128,
        "songNumber": 40,
        "activePlayerCount": 169,
        "LinkVideo": "https://files.catbox.moe/7jms4l.webm",
        "LinkMp3": "https://files.catbox.moe/bstjrb.mp3",
        "annId": 23777
    },
    {
        "animeEng": "Maken-Ki! Battling Venus",
        "animeRomaji": "Maken-Ki!",
        "songName": "Baby! Baby!",
        "artist": "Noriko Shitaya & Iori Nomizu",
        "type": "Ending 1",
        "correctCount": 47,
        "startTime": 9,
        "songDuration": 86.112,
        "songNumber": 41,
        "activePlayerCount": 168,
        "LinkVideo": "https://files.catbox.moe/seiq53.webm",
        "LinkMp3": "https://files.catbox.moe/ho6qjm.mp3",
        "annId": 12925
    },
    {
        "animeEng": "Mirai Koushi Harima SACLA",
        "animeRomaji": "Mirai Koushi Harima SACLA",
        "songName": "pico scope -SACLA-",
        "artist": "fripSide",
        "type": "Opening 1",
        "correctCount": 10,
        "startTime": 14,
        "songDuration": 64.26012,
        "songNumber": 42,
        "activePlayerCount": 167,
        "LinkVideo": "https://files.catbox.moe/wj7vue.webm",
        "LinkMp3": "https://files.catbox.moe/b3xeui.mp3",
        "annId": 24824
    },
    {
        "animeEng": "Fruits Basket Season 2",
        "animeRomaji": "Fruits Basket 2nd Season",
        "songName": "Prism",
        "artist": "AmPm feat. Miyuna",
        "type": "Opening 1",
        "correctCount": 61,
        "startTime": 39,
        "songDuration": 89.568,
        "songNumber": 43,
        "activePlayerCount": 168,
        "LinkVideo": "https://files.catbox.moe/e5f44h.webm",
        "LinkMp3": "https://files.catbox.moe/engqem.mp3",
        "annId": 22588
    },
    {
        "animeEng": "Mobile Suit Gundam Thunderbolt: December Sky",
        "animeRomaji": "Kidou Senshi Gundam Thunderbolt: December Sky",
        "songName": "Anata no o Aite ~I'm Your Baby~",
        "artist": "I.C.I. a.k.a. Ai Ichikawa",
        "type": "Insert Song",
        "correctCount": 6,
        "startTime": 18,
        "songDuration": 172.056,
        "songNumber": 44,
        "activePlayerCount": 168,
        "LinkVideo": "https://files.catbox.moe/4kluq6.webm",
        "LinkMp3": "https://files.catbox.moe/x52qyr.mp3",
        "annId": 18494
    },
    {
        "animeEng": "Grand Blues!",
        "animeRomaji": "Guraburu!",
        "songName": "Koujitsu",
        "artist": "Nobuo Uematsu",
        "type": "Ending 1",
        "correctCount": 30,
        "startTime": 0,
        "songDuration": 29.304,
        "songNumber": 45,
        "activePlayerCount": 168,
        "LinkVideo": "https://files.catbox.moe/m3bkc4.webm",
        "LinkMp3": "https://files.catbox.moe/7af3cz.mp3",
        "annId": 23704
    },
    {
        "animeEng": "Shomin Sample",
        "animeRomaji": "Ore ga Ojousama Gakkou ni \"Shomin Sample\" Toshite Gets-Sareta Ken",
        "songName": "Ichizu Recipe",
        "artist": "Idol College",
        "type": "Opening 1",
        "correctCount": 63,
        "startTime": 22,
        "songDuration": 89.472,
        "songNumber": 46,
        "activePlayerCount": 168,
        "LinkVideo": "https://files.catbox.moe/huf77c.webm",
        "LinkMp3": "https://files.catbox.moe/lbbilk.mp3",
        "annId": 16726
    },
    {
        "animeEng": "Speed Racer X",
        "animeRomaji": "Mach Go Go Go",
        "songName": "Junbaku no Energy",
        "artist": "Kentaro Hayami",
        "type": "Opening 1",
        "correctCount": 32,
        "startTime": 57,
        "songDuration": 87.456,
        "songNumber": 47,
        "activePlayerCount": 166,
        "LinkVideo": "https://files.catbox.moe/81s8fb.webm",
        "LinkMp3": "https://files.catbox.moe/ynbm47.mp3",
        "annId": 1445
    },
    {
        "animeEng": "The Guyver: Out of Control",
        "animeRomaji": "Kyoushoku Soukou Guyver",
        "songName": "Kyoushoku Soukou Guyver",
        "artist": "Iwao Yamaguchi",
        "type": "Insert Song",
        "correctCount": 4,
        "startTime": 26,
        "songDuration": 82.176,
        "songNumber": 48,
        "activePlayerCount": 165,
        "LinkVideo": "https://files.catbox.moe/go18t4.webm",
        "LinkMp3": "https://files.catbox.moe/y9kpkk.mp3",
        "annId": 676,
        "correctPlayers": [
            "NijinoYume721",
            "Locogo223",
            "watashiii",
            "ozsauce"
        ]
    },
    {
        "animeEng": "Rail Romanesque",
        "animeRomaji": "Rail Romanesque",
        "songName": "Singing Wheel",
        "artist": "Megu Sakuragawa",
        "type": "Ending 2",
        "correctCount": 35,
        "startTime": 1,
        "songDuration": 29.64,
        "songNumber": 49,
        "activePlayerCount": 165,
        "LinkVideo": "https://files.catbox.moe/g2x587.webm",
        "LinkMp3": "https://files.catbox.moe/7w3jn2.mp3",
        "annId": 23523
    },
    {
        "animeEng": "Song of Baseball Enthusiasts",
        "animeRomaji": "Yakyuukyou no Uta",
        "songName": "Yuuki no Theme",
        "artist": "Mitsuko Horie",
        "type": "Ending 1",
        "correctCount": 1,
        "startTime": 38,
        "songDuration": 133.326688,
        "songNumber": 50,
        "activePlayerCount": 165,
        "LinkVideo": "https://files.catbox.moe/frcaep.webm",
        "LinkMp3": "https://files.catbox.moe/yayg98.mp3",
        "annId": 1692,
        "correctPlayers": [
            "ozsauce"
        ]
    },
    {
        "animeEng": "Lupin the Third: Jigen's Gravestone",
        "animeRomaji": "Lupin the IIIrd: Jigen Daisuke no Bohyou",
        "songName": "Revolver Fires",
        "artist": "Gary Stockdale",
        "type": "Ending 1",
        "correctCount": 8,
        "startTime": 7,
        "songDuration": 106.656,
        "songNumber": 51,
        "activePlayerCount": 165,
        "LinkVideo": "https://files.catbox.moe/d2rely.webm",
        "LinkMp3": "https://files.catbox.moe/43lfyt.mp3",
        "annId": 16148
    },
    {
        "animeEng": "Just Because!",
        "animeRomaji": "Just Because!",
        "songName": "over and over",
        "artist": "Nagi Yanagi",
        "type": "Opening 1",
        "correctCount": 56,
        "startTime": 37,
        "songDuration": 90.072,
        "songNumber": 52,
        "activePlayerCount": 165,
        "LinkVideo": "https://files.catbox.moe/ltgv8m.webm",
        "LinkMp3": "https://files.catbox.moe/ls1b5r.mp3",
        "annId": 19945
    },
    {
        "animeEng": "Lovely Complex",
        "animeRomaji": "LoveCom",
        "songName": "Kimi+Boku=LOVE?",
        "artist": "Tegomass",
        "type": "Opening 1",
        "correctCount": 64,
        "startTime": 8,
        "songDuration": 73.872,
        "songNumber": 53,
        "activePlayerCount": 165,
        "LinkVideo": "https://files.catbox.moe/fr5976.webm",
        "LinkMp3": "https://files.catbox.moe/60d7ov.mp3",
        "annId": 7468
    },
    {
        "animeEng": "My Neighbor Totoro",
        "animeRomaji": "Tonari no Totoro",
        "songName": "Tonari no Totoro",
        "artist": "Azumi Inoue",
        "type": "Ending 1",
        "correctCount": 37,
        "startTime": 96,
        "songDuration": 174.648,
        "songNumber": 54,
        "activePlayerCount": 165,
        "LinkVideo": "https://files.catbox.moe/nj67fv.webm",
        "LinkMp3": "https://files.catbox.moe/5exv3y.mp3",
        "annId": 534
    },
    {
        "animeEng": "Josee, the Tiger and the Fish",
        "animeRomaji": "Josee to Tora to Sakana-tachi",
        "songName": "Shinkai",
        "artist": "Eve",
        "type": "Insert Song",
        "correctCount": 22,
        "startTime": 60,
        "songDuration": 136.44,
        "songNumber": 55,
        "activePlayerCount": 166,
        "LinkVideo": "https://files.catbox.moe/aj7jy2.webm",
        "LinkMp3": "https://files.catbox.moe/if0f9y.mp3",
        "annId": 22907
    },
    {
        "animeEng": "Armored Police Metal Jack",
        "animeRomaji": "Kikou Keisatsu Metal Jack",
        "songName": "HOLD ON",
        "artist": "JACK BITES",
        "type": "Ending 1",
        "correctCount": 3,
        "startTime": 20,
        "songDuration": 66.84,
        "songNumber": 56,
        "activePlayerCount": 164,
        "LinkVideo": "https://files.catbox.moe/8l53ek.webm",
        "LinkMp3": "https://files.catbox.moe/ihi09y.mp3",
        "annId": 209,
        "correctPlayers": [
            "Locogo223",
            "watashiii",
            "Prikatsu"
        ]
    },
    {
        "animeEng": "Hortensia Saga",
        "animeRomaji": "Hortensia Saga",
        "songName": "Yasou to Hakuchuumu",
        "artist": "Mafumafu",
        "type": "Ending 1",
        "correctCount": 23,
        "startTime": 44,
        "songDuration": 86.688,
        "songNumber": 57,
        "activePlayerCount": 164,
        "LinkVideo": "https://files.catbox.moe/m4u1ei.webm",
        "LinkMp3": "https://files.catbox.moe/mknbch.mp3",
        "annId": 22958
    },
    {
        "animeEng": "Okko's Inn",
        "animeRomaji": "Wakaokami wa Shougakusei!",
        "songName": "Jinkan Bungee Jumping!",
        "artist": "Seiran Kobayashi",
        "type": "Insert Song",
        "correctCount": 7,
        "startTime": 99,
        "songDuration": 147.024,
        "songNumber": 58,
        "activePlayerCount": 164,
        "LinkVideo": "https://files.catbox.moe/zqil78.webm",
        "LinkMp3": "https://files.catbox.moe/eqrbbq.mp3",
        "annId": 21112
    },
    {
        "animeEng": "Hi-sCool! Seha Girls",
        "animeRomaji": "Hi\u2606sCoool! SeHa Girls",
        "songName": "Geki! Teikoku Kageki-dan (Kai)",
        "artist": "Chisa Yokoyama & Teikoku Kageki-dan",
        "type": "Insert Song",
        "correctCount": 105,
        "startTime": 42,
        "songDuration": 72.84,
        "songNumber": 59,
        "activePlayerCount": 165,
        "LinkVideo": "https://files.catbox.moe/v6pwoq.webm",
        "LinkMp3": "https://files.catbox.moe/4e0rf6.mp3",
        "annId": 16122
    },
    {
        "animeEng": "Mahoutsukai Sally",
        "animeRomaji": "Mahoutsukai Sally",
        "songName": "Itazura no Uta",
        "artist": "Yukari Asai, Masako Nozawa, Midori Kato, Michiko Hirai",
        "type": "Ending 2",
        "correctCount": 2,
        "startTime": 3,
        "songDuration": 61.047114,
        "songNumber": 60,
        "activePlayerCount": 165,
        "LinkVideo": "https://files.catbox.moe/21ok1g.webm",
        "LinkMp3": "https://files.catbox.moe/1d38dj.mp3",
        "annId": 1385,
        "correctPlayers": [
            "ok1na",
            "Rumidadu"
        ]
    },
    {
        "animeEng": "K-On!",
        "animeRomaji": "K-On!",
        "songName": "Fude Pen Bouru Pen",
        "artist": "Ho-Kago Tea Time - HTT",
        "type": "Insert Song",
        "correctCount": 63,
        "startTime": 9,
        "songDuration": 133.992,
        "songNumber": 61,
        "activePlayerCount": 165,
        "LinkVideo": "https://files.catbox.moe/o09aon.webm",
        "LinkMp3": "https://files.catbox.moe/4t1y88.mp3",
        "annId": 10562
    },
    {
        "animeEng": "Kiss\u00d7sis",
        "animeRomaji": "Kiss\u00d7sis",
        "songName": "Balance KISS",
        "artist": "AkoRiko",
        "type": "Opening 1",
        "correctCount": 86,
        "startTime": 8,
        "songDuration": 90.144,
        "songNumber": 62,
        "activePlayerCount": 166,
        "LinkVideo": "https://files.catbox.moe/qjnzwm.webm",
        "LinkMp3": "https://files.catbox.moe/qu4x7y.mp3",
        "annId": 11169
    },
    {
        "animeEng": "Anmitsu Hime",
        "animeRomaji": "Anmitsu Hime",
        "songName": "Koi wa Question",
        "artist": "Onyanko Club",
        "type": "Opening 1",
        "correctCount": 7,
        "startTime": 7,
        "songDuration": 105.528,
        "songNumber": 63,
        "activePlayerCount": 167,
        "LinkVideo": "https://files.catbox.moe/hk691c.webm",
        "LinkMp3": "https://files.catbox.moe/wsxj8f.mp3",
        "annId": 1132
    },
    {
        "animeEng": "Laid-Back Camp",
        "animeRomaji": "Yuru Camp\u25b3",
        "songName": "SHINY DAYS",
        "artist": "Asaka",
        "type": "Opening 1",
        "correctCount": 107,
        "startTime": 1,
        "songDuration": 89.904,
        "songNumber": 64,
        "activePlayerCount": 166,
        "LinkVideo": "https://files.catbox.moe/1pj273.webm",
        "LinkMp3": "https://files.catbox.moe/zr84eu.mp3",
        "annId": 20010
    },
    {
        "animeEng": "KING OF PRISM by PrettyRhythm",
        "animeRomaji": "KING OF PRISM by PrettyRhythm",
        "songName": "pride",
        "artist": "Shouta Aoi",
        "type": "Insert Song",
        "correctCount": 22,
        "startTime": 31,
        "songDuration": 66.144,
        "songNumber": 65,
        "activePlayerCount": 166,
        "LinkVideo": "https://files.catbox.moe/08pe54.webm",
        "LinkMp3": "https://files.catbox.moe/ocqtql.mp3",
        "annId": 17699
    },
    {
        "animeEng": "Aikatsu!",
        "animeRomaji": "Aikatsu!",
        "songName": "Usubeni Day Tripper",
        "artist": "Remi from STAR\u2606ANIS",
        "type": "Insert Song",
        "correctCount": 14,
        "startTime": 7,
        "songDuration": 112.92,
        "songNumber": 66,
        "activePlayerCount": 166,
        "LinkVideo": "https://files.catbox.moe/5cy3a8.webm",
        "LinkMp3": "https://files.catbox.moe/kvwutv.mp3",
        "annId": 16165
    },
    {
        "animeEng": "G-On Riders",
        "animeRomaji": "G-On Riders",
        "songName": "reflection love",
        "artist": "Cutie Pai",
        "type": "Insert Song",
        "correctCount": 0,
        "startTime": 86,
        "songDuration": 193.772996,
        "songNumber": 67,
        "activePlayerCount": 166,
        "LinkVideo": "https://files.catbox.moe/t3gjox.webm",
        "LinkMp3": "https://files.catbox.moe/2bojqr.mp3",
        "annId": 1118
    },
    {
        "animeEng": "Scarlet Nexus",
        "animeRomaji": "Scarlet Nexus",
        "songName": "MACHINEGUN",
        "artist": "THE ORAL CIGARETTES",
        "type": "Opening 2",
        "correctCount": 39,
        "startTime": 48,
        "songDuration": 88.776,
        "songNumber": 68,
        "activePlayerCount": 165,
        "LinkVideo": "https://files.catbox.moe/659a0w.webm",
        "LinkMp3": "https://files.catbox.moe/8pvw73.mp3",
        "annId": 24159
    },
    {
        "animeEng": "Big X",
        "animeRomaji": "Big X",
        "songName": "Big X",
        "artist": "Kamitakada Shounen Gasshou-dan",
        "type": "Opening 1",
        "correctCount": 53,
        "startTime": 22,
        "songDuration": 69.552,
        "songNumber": 69,
        "activePlayerCount": 166,
        "LinkVideo": "https://files.catbox.moe/czmfor.webm",
        "LinkMp3": "https://files.catbox.moe/6qb6bq.mp3",
        "annId": 1217
    },
    {
        "animeEng": "ClassicaLoid",
        "animeRomaji": "ClassicaLoid",
        "songName": "Yatterannai Kibun",
        "artist": "CLASKEY:KLASKY",
        "type": "Ending 6",
        "correctCount": 4,
        "startTime": 39,
        "songDuration": 88.8148,
        "songNumber": 70,
        "activePlayerCount": 166,
        "LinkVideo": "https://files.catbox.moe/851grs.webm",
        "LinkMp3": "https://files.catbox.moe/wk2tol.mp3",
        "annId": 17269,
        "correctPlayers": [
            "Elly",
            "bamboo",
            "DannyKno",
            "ozsauce"
        ]
    },
    {
        "animeEng": "Gekijouban Tantei Opera Milky Holmes: Gyakushuu no Milky Holmes",
        "animeRomaji": "Gekijouban Tantei Opera Milky Holmes: Gyakushuu no Milky Holmes",
        "songName": "Kodou no Kanata",
        "artist": "Milky Holmes",
        "type": "Insert Song",
        "correctCount": 6,
        "startTime": 104,
        "songDuration": 240.96,
        "songNumber": 71,
        "activePlayerCount": 166,
        "LinkVideo": "https://files.catbox.moe/xwi9yr.webm",
        "LinkMp3": "https://files.catbox.moe/fzjyhg.mp3",
        "annId": 17666
    },
    {
        "animeEng": "Hidamari Sketch",
        "animeRomaji": "Hidamari Sketch",
        "songName": "Mebae Drive",
        "artist": "marble",
        "type": "Ending 1",
        "correctCount": 32,
        "startTime": 21,
        "songDuration": 89.952,
        "songNumber": 72,
        "activePlayerCount": 166,
        "LinkVideo": "https://files.catbox.moe/ds0z1m.webm",
        "LinkMp3": "https://files.catbox.moe/vgiv2z.mp3",
        "annId": 8695
    },
    {
        "animeEng": "Mob Psycho 100 II",
        "animeRomaji": "Mob Psycho 100 II",
        "songName": "99.9",
        "artist": "MOB CHOIR feat. sajou no hana",
        "type": "Opening 1",
        "correctCount": 131,
        "startTime": 26,
        "songDuration": 89.16,
        "songNumber": 73,
        "activePlayerCount": 166,
        "LinkVideo": "https://files.catbox.moe/vs0gea.webm",
        "LinkMp3": "https://files.catbox.moe/x378lz.mp3",
        "annId": 21204
    },
    {
        "animeEng": "Genesis Climber Mospeada",
        "animeRomaji": "Kiko Soseiki Mospeada",
        "songName": "Dream Eaters",
        "artist": "Mine Matsuki",
        "type": "Insert Song",
        "correctCount": 1,
        "startTime": 17,
        "songDuration": 61.700164,
        "songNumber": 74,
        "activePlayerCount": 166,
        "LinkVideo": "https://files.catbox.moe/r1fwla.webm",
        "LinkMp3": "https://files.catbox.moe/3uujwn.mp3",
        "annId": 449,
        "correctPlayers": [
            "PsCid"
        ]
    },
    {
        "animeEng": "Kodomo no Jikan: Anata ga Watashi ni Kureta Mono",
        "animeRomaji": "Kodomo no Jikan: Anata ga Watashi ni Kureta Mono",
        "songName": "Otome Chikku Shoshinsha desu",
        "artist": "Eri Kitamura, Kei Shindou, Mai Kadowaki",
        "type": "Opening 1",
        "correctCount": 6,
        "startTime": 27,
        "songDuration": 89.52,
        "songNumber": 75,
        "activePlayerCount": 166,
        "LinkVideo": "https://files.catbox.moe/v6w8uf.webm",
        "LinkMp3": "https://files.catbox.moe/eyb5y0.mp3",
        "annId": 9748
    },
    {
        "animeEng": "Magia Record: Puella Magi Madoka Magica Side Story Season 2 - The Eve of Awakening",
        "animeRomaji": "Magia Record: Mahou Shoujo Madoka\u2606Magica Gaiden 2nd Season - Kakusei Zenya",
        "songName": "Lapis",
        "artist": "TrySail",
        "type": "Ending 1",
        "correctCount": 23,
        "startTime": 55,
        "songDuration": 87.696,
        "songNumber": 76,
        "activePlayerCount": 166,
        "LinkVideo": "https://files.catbox.moe/ki9s5f.webm",
        "LinkMp3": "https://files.catbox.moe/zrgozd.mp3",
        "annId": 24441
    },
    {
        "animeEng": "Code Geass: Lelouch of the Re;surrection",
        "animeRomaji": "Code Geass: Fukkatsu no Lelouch",
        "songName": "Revive",
        "artist": "UNIONE",
        "type": "Ending 1",
        "correctCount": 70,
        "startTime": 87,
        "songDuration": 187.056,
        "songNumber": 77,
        "activePlayerCount": 168,
        "LinkVideo": "https://files.catbox.moe/cjlh6g.webm",
        "LinkMp3": "https://files.catbox.moe/vne9cv.mp3",
        "annId": 21251
    },
    {
        "animeEng": "Carole & Tuesday",
        "animeRomaji": "Carole & Tuesday",
        "songName": "Give You The World C&T ver.",
        "artist": "Nai Br.XX&Celeina Ann",
        "type": "Insert Song",
        "correctCount": 76,
        "startTime": 12,
        "songDuration": 130.536,
        "songNumber": 78,
        "activePlayerCount": 169,
        "LinkVideo": "https://files.catbox.moe/ybk0fj.webm",
        "LinkMp3": "https://files.catbox.moe/27dtke.mp3",
        "annId": 21557
    },
    {
        "animeEng": "Alice SOS",
        "animeRomaji": "Alice SOS",
        "songName": "S.O.S",
        "artist": "Megumi Toyoguchi, Motoko Kumai, Ayako Shiraishi, Kyousei Tsukui",
        "type": "Opening 1",
        "correctCount": 100,
        "startTime": 0,
        "songDuration": 16.704,
        "songNumber": 79,
        "activePlayerCount": 169,
        "LinkVideo": "https://files.catbox.moe/tgnd8u.webm",
        "LinkMp3": "https://files.catbox.moe/die60l.mp3",
        "annId": 1076
    },
    {
        "animeEng": "Code Geass: Lelouch of the Rebellion R2 Special Edition 'Zero Requiem'",
        "animeRomaji": "Code Geass: Lelouch of the Rebellion R2 Special Edition 'Zero Requiem'",
        "songName": "Continued Story",
        "artist": "Hitomi",
        "type": "Ending 1",
        "correctCount": 85,
        "startTime": 30,
        "songDuration": 173.784,
        "songNumber": 80,
        "activePlayerCount": 169,
        "LinkVideo": "https://files.catbox.moe/8nnztk.webm",
        "LinkMp3": "https://files.catbox.moe/ylkpyc.mp3",
        "annId": 15381
    },
    {
        "animeEng": "Chi's Sweet Home",
        "animeRomaji": "Chi's Sweet Home",
        "songName": "Ouchi ga Ichiban",
        "artist": "Satomi Koorogi",
        "type": "Opening 1",
        "correctCount": 66,
        "startTime": 0,
        "songDuration": 30,
        "songNumber": 81,
        "activePlayerCount": 169,
        "LinkVideo": "https://files.catbox.moe/rwav9k.webm",
        "LinkMp3": "https://files.catbox.moe/b049fq.mp3",
        "annId": 9234
    },
    {
        "animeEng": "The Master of Ragnarok & Blesser of Einherjar",
        "animeRomaji": "Hyakuren no Haou to Seiyaku no Valkyria",
        "songName": "Sekaijuu ga Koi wo Suru Yoru",
        "artist": "petit milady",
        "type": "Ending 1",
        "correctCount": 5,
        "startTime": 9,
        "songDuration": 89.736,
        "songNumber": 82,
        "activePlayerCount": 169,
        "LinkVideo": "https://files.catbox.moe/m0tylm.webm",
        "LinkMp3": "https://files.catbox.moe/gz6gqa.mp3",
        "annId": 20735,
        "correctPlayers": [
            "Tempura",
            "LoliconX",
            "shadowpandax",
            "looooo",
            "pecku"
        ]
    },
    {
        "animeEng": "Mazinger Z tai Devilman",
        "animeRomaji": "Mazinger Z tai Devilman",
        "songName": "Devilman no Uta",
        "artist": "Keizo Toda",
        "type": "Insert Song",
        "correctCount": 125,
        "startTime": 4,
        "songDuration": 41.328,
        "songNumber": 83,
        "activePlayerCount": 169,
        "LinkVideo": "https://files.catbox.moe/zdudu6.webm",
        "LinkMp3": "https://files.catbox.moe/zppy3i.mp3",
        "annId": 3556
    },
    {
        "animeEng": "Reborn!",
        "animeRomaji": "Katekyo Hitman Reborn!",
        "songName": "Listen to the Stereo",
        "artist": "GOING UNDER GROUND",
        "type": "Opening 8",
        "correctCount": 56,
        "startTime": 3,
        "songDuration": 88.68,
        "songNumber": 84,
        "activePlayerCount": 169,
        "LinkVideo": "https://files.catbox.moe/xbrned.webm",
        "LinkMp3": "https://files.catbox.moe/ax9pjp.mp3",
        "annId": 6843
    },
    {
        "animeEng": "Pok\u00e9mon",
        "animeRomaji": "Pocket Monsters",
        "songName": "Mezase Pokemon Master",
        "artist": "Whiteberry",
        "type": "Opening 4",
        "correctCount": 95,
        "startTime": 9,
        "songDuration": 85.056,
        "songNumber": 85,
        "activePlayerCount": 162,
        "LinkVideo": "https://files.catbox.moe/7v2qxk.webm",
        "LinkMp3": "https://files.catbox.moe/hogu2y.mp3",
        "annId": 270
    }
]