[
    {
        "animeEng": "Ojisan Kaizou Kouza",
        "animeRomaji": "Ojisan Kaizou Kouza",
        "songName": "OL Hakusho",
        "artist": "SHINE'S",
        "type": "Ending 1",
        "correctCount": 0,
        "startTime": 66,
        "songDuration": 190.848,
        "songNumber": 1,
        "activePlayerCount": 166,
        "LinkVideo": "https://files.catbox.moe/m854by.webm",
        "LinkMp3": "https://files.catbox.moe/x9umu8.mp3",
        "annId": 15461
    },
    {
        "animeEng": "Burning Kabaddi",
        "animeRomaji": "Shakunetsu Kabaddi",
        "songName": "FIRE BIRD",
        "artist": "Shunya Ohira",
        "type": "Opening 1",
        "correctCount": 36,
        "startTime": 25,
        "songDuration": 88.992,
        "songNumber": 2,
        "activePlayerCount": 172,
        "LinkVideo": "https://files.catbox.moe/sdtehr.webm",
        "LinkMp3": "https://files.catbox.moe/gdejwk.mp3",
        "annId": 23757
    },
    {
        "animeEng": "Sonic X",
        "animeRomaji": "Sonic X",
        "songName": "Midori no Hibi",
        "artist": "OFF COURSE",
        "type": "Insert Song",
        "correctCount": 2,
        "startTime": 63,
        "songDuration": 166.752,
        "songNumber": 3,
        "activePlayerCount": 176,
        "LinkVideo": "https://files.catbox.moe/dnkm9c.webm",
        "LinkMp3": "https://files.catbox.moe/pbd0r9.mp3",
        "annId": 2266,
        "correctPlayers": [
            "Kaani",
            "shadowpandax"
        ]
    },
    {
        "animeEng": "Gurren Lagann",
        "animeRomaji": "Tengen Toppa Gurren Lagann",
        "songName": "Rap wa Otoko no Tamashii da! Muri o Tooshite Douri o Kettobasu! Ore-tachi Dai Gurren Dan no Theme o Mimi no Ana Kappojitte Yooku Kikiyagare!! (Short Start Edit)",
        "artist": "Tarantula",
        "type": "Insert Song",
        "correctCount": 116,
        "startTime": 125,
        "songDuration": 157.019342,
        "songNumber": 4,
        "activePlayerCount": 178,
        "LinkVideo": "https://files.catbox.moe/8zzz7q.webm",
        "LinkMp3": "https://files.catbox.moe/ru7w60.mp3",
        "annId": 6698
    },
    {
        "animeEng": "Detroit Metal City",
        "animeRomaji": "Detroit Metal City",
        "songName": "Death Penis",
        "artist": "Yuji Ueda",
        "type": "Insert Song",
        "correctCount": 53,
        "startTime": 0,
        "songDuration": 27.528,
        "songNumber": 5,
        "activePlayerCount": 179,
        "LinkVideo": "https://files.catbox.moe/n90li0.webm",
        "LinkMp3": "https://files.catbox.moe/3ib4ny.mp3",
        "annId": 10172
    },
    {
        "animeEng": "Neon Genesis Evangelion: Death & Rebirth",
        "animeRomaji": "Shinseiki Evangelion Gekijouban: Shi to Shinsei",
        "songName": "Bay side love story -from Tokyo-",
        "artist": "Masami Okui",
        "type": "Insert Song",
        "correctCount": 57,
        "startTime": 0,
        "songDuration": 29.472,
        "songNumber": 6,
        "activePlayerCount": 182,
        "LinkVideo": "https://files.catbox.moe/cex2gf.webm",
        "LinkMp3": "https://files.catbox.moe/8w6x5g.mp3",
        "annId": 418
    },
    {
        "animeEng": "Chibi Maruko-chan",
        "animeRomaji": "Chibi Maruko-chan",
        "songName": "Yume Ippai",
        "artist": "Yumiko Seki",
        "type": "Opening 1",
        "correctCount": 4,
        "startTime": 52,
        "songDuration": 88.728,
        "songNumber": 7,
        "activePlayerCount": 185,
        "LinkVideo": "https://files.catbox.moe/0dhdsq.webm",
        "LinkMp3": "https://files.catbox.moe/rf090w.mp3",
        "annId": 479,
        "correctPlayers": [
            "watashiii",
            "HDNC",
            "gaaw",
            "aryagamis"
        ]
    },
    {
        "animeEng": "Kochira Katsushika-ku Kamearikouen-mae Hashutsujo The Movie 2: UFO Shuurai! Tornado Daisakusen!!",
        "animeRomaji": "Kochira Katsushika-ku Kamearikouen-mae Hashutsujo The Movie 2: UFO Shuurai! Tornado Daisakusen!!",
        "songName": "Katare! Namida!",
        "artist": "SEX MACHINEGUN",
        "type": "Ending 1",
        "correctCount": 3,
        "startTime": 96,
        "songDuration": 155.03407,
        "songNumber": 8,
        "activePlayerCount": 185,
        "LinkVideo": "https://files.catbox.moe/3i2rlz.webm",
        "LinkMp3": "https://files.catbox.moe/8qit3a.mp3",
        "annId": 9704,
        "correctPlayers": [
            "watashiii",
            "fossil",
            "kaghey"
        ]
    },
    {
        "animeEng": "Koro Teacher Quest!",
        "animeRomaji": "Koro Sensei Quest!",
        "songName": "Re:QUEST!",
        "artist": "Aya Suzaki",
        "type": "Opening 1",
        "correctCount": 27,
        "startTime": 7,
        "songDuration": 59.009598,
        "songNumber": 9,
        "activePlayerCount": 188,
        "LinkVideo": "https://files.catbox.moe/gjlf5f.webm",
        "LinkMp3": "https://files.catbox.moe/zkk92y.mp3",
        "annId": 18899
    },
    {
        "animeEng": "Hakyuu Houshin Engi",
        "animeRomaji": "Hakyuu Houshin Engi",
        "songName": "Madoui Mirai",
        "artist": "Nagi Yanagi",
        "type": "Ending 1",
        "correctCount": 6,
        "startTime": 16,
        "songDuration": 88.03114,
        "songNumber": 10,
        "activePlayerCount": 190,
        "LinkVideo": "https://files.catbox.moe/8i3tyd.webm",
        "LinkMp3": "https://files.catbox.moe/fnhu7o.mp3",
        "annId": 19986
    },
    {
        "animeEng": "Kono Aozora ni Yakusoku o: Youkoso Tsugumi-ryou e",
        "animeRomaji": "Kono Aozora ni Yakusoku o: Youkoso Tsugumi-ryou e",
        "songName": "Aozora no Fantasia",
        "artist": "Ayumi Murata",
        "type": "Ending 1",
        "correctCount": 3,
        "startTime": 54,
        "songDuration": 87.552,
        "songNumber": 11,
        "activePlayerCount": 191,
        "LinkVideo": "https://files.catbox.moe/vmuzep.webm",
        "LinkMp3": "https://files.catbox.moe/uq3omq.mp3",
        "annId": 7687,
        "correctPlayers": [
            "watashiii",
            "shadowpandax",
            "fossil"
        ]
    },
    {
        "animeEng": "KICK&SLIDE",
        "animeRomaji": "KICK&SLIDE",
        "songName": "KICK&SLIDE",
        "artist": "Sandaime J SOUL BROTHERS from EXILE TRIBE",
        "type": "Insert Song",
        "correctCount": 17,
        "startTime": 0,
        "songDuration": 26.424,
        "songNumber": 12,
        "activePlayerCount": 192,
        "LinkVideo": "https://files.catbox.moe/qcgwas.webm",
        "LinkMp3": "https://files.catbox.moe/xntfco.mp3",
        "annId": 24459
    },
    {
        "animeEng": "Avenger",
        "animeRomaji": "Avenger",
        "songName": "Mayu",
        "artist": "ALI PROJECT",
        "type": "Insert Song",
        "correctCount": 3,
        "startTime": 142,
        "songDuration": 226.104,
        "songNumber": 13,
        "activePlayerCount": 193,
        "LinkVideo": "https://files.catbox.moe/4latm5.webm",
        "LinkMp3": "https://files.catbox.moe/7bbtyx.mp3",
        "annId": 2655,
        "correctPlayers": [
            "GnipNaij",
            "MKNono",
            "Janoxx"
        ]
    },
    {
        "animeEng": "Ring ni Kakero 1",
        "animeRomaji": "Ring ni Kakero 1",
        "songName": "TAKE MY SOUL FOREVER",
        "artist": "Psychic Lover",
        "type": "Ending 1",
        "correctCount": 6,
        "startTime": 45,
        "songDuration": 89.064,
        "songNumber": 14,
        "activePlayerCount": 194,
        "LinkVideo": "https://files.catbox.moe/r44fir.webm",
        "LinkMp3": "https://files.catbox.moe/89injo.mp3",
        "annId": 4420
    },
    {
        "animeEng": "Makoto-chan",
        "animeRomaji": "Makoto-chan",
        "songName": "Papa & Mama Rock",
        "artist": "Kazuo Umezu",
        "type": "Opening 1",
        "correctCount": 4,
        "startTime": 17,
        "songDuration": 90.048,
        "songNumber": 15,
        "activePlayerCount": 193,
        "LinkVideo": "https://files.catbox.moe/u5fqrx.webm",
        "LinkMp3": "https://files.catbox.moe/zwh0l9.mp3",
        "annId": 4483,
        "correctPlayers": [
            "watashiii",
            "Nippah",
            "Fairy9",
            "Premieressai"
        ]
    },
    {
        "animeEng": "Aikatsu Planet!",
        "animeRomaji": "Aikatsu Planet!",
        "songName": "Inner Voice",
        "artist": "Ruli\u30fbKyouko from STARRY PLANET\u2606",
        "type": "Insert Song",
        "correctCount": 19,
        "startTime": 69,
        "songDuration": 125.784,
        "songNumber": 16,
        "activePlayerCount": 194,
        "LinkVideo": "https://files.catbox.moe/c6uqym.webm",
        "LinkMp3": "https://files.catbox.moe/y4z1sr.mp3",
        "annId": 23849
    },
    {
        "animeEng": "Xam'd: Lost Memories",
        "animeRomaji": "Bounen no Xamdo",
        "songName": "SHUT UP AND EXPLODE",
        "artist": "BOOM BOOM SATELLITES",
        "type": "Opening 1",
        "correctCount": 42,
        "startTime": 36,
        "songDuration": 90.192,
        "songNumber": 17,
        "activePlayerCount": 195,
        "LinkVideo": "https://files.catbox.moe/fmoggv.webm",
        "LinkMp3": "https://files.catbox.moe/pem1oh.mp3",
        "annId": 9747
    },
    {
        "animeEng": "Kujibiki Unbalance",
        "animeRomaji": "Kujibiki Unbalance",
        "songName": "Kujibiki Unbalance",
        "artist": "UNDER17",
        "type": "Opening 1",
        "correctCount": 106,
        "startTime": 11,
        "songDuration": 90.173144,
        "songNumber": 18,
        "activePlayerCount": 194,
        "LinkVideo": "https://files.catbox.moe/59ue9l.webm",
        "LinkMp3": "https://files.catbox.moe/i69f4n.mp3",
        "annId": 4239
    },
    {
        "animeEng": "The Wind Rises",
        "animeRomaji": "Kaze Tachinu",
        "songName": "Das gibt's nur einmal",
        "artist": "Hideaki Anno & Morio Kazama & Stephen Alpert",
        "type": "Insert Song",
        "correctCount": 70,
        "startTime": 0,
        "songDuration": 53.088,
        "songNumber": 19,
        "activePlayerCount": 194,
        "LinkVideo": "https://files.catbox.moe/umt4s9.webm",
        "LinkMp3": "https://files.catbox.moe/q4c23n.mp3",
        "annId": 14975
    },
    {
        "animeEng": "Wake Up, Girls!",
        "animeRomaji": "Wake Up, Girls!",
        "songName": "Kotonoha Aoba",
        "artist": "Wake Up, Girls!",
        "type": "Ending 1",
        "correctCount": 9,
        "startTime": 4,
        "songDuration": 87.168,
        "songNumber": 20,
        "activePlayerCount": 194,
        "LinkVideo": "https://files.catbox.moe/pucl6a.webm",
        "LinkMp3": "https://files.catbox.moe/rvbbhs.mp3",
        "annId": 15510
    },
    {
        "animeEng": "Hayate the Combat Butler",
        "animeRomaji": "Hayate no Gotoku!",
        "songName": "CAN'T TAKE MY EYES OFF YOU",
        "artist": "eyelis",
        "type": "Ending 3",
        "correctCount": 19,
        "startTime": 53,
        "songDuration": 89.064,
        "songNumber": 21,
        "activePlayerCount": 194,
        "LinkVideo": "https://files.catbox.moe/8gh4x1.webm",
        "LinkMp3": "https://files.catbox.moe/6ur2qq.mp3",
        "annId": 17119
    },
    {
        "animeEng": "KONOSUBA: God\u2019s Blessing on This Wonderful World!",
        "animeRomaji": "Kono Subarashii Sekai ni Shukufuku o!",
        "songName": "fantastic dreamer",
        "artist": "Machico",
        "type": "Opening 1",
        "correctCount": 149,
        "startTime": 10,
        "songDuration": 90.48,
        "songNumber": 22,
        "activePlayerCount": 194,
        "LinkVideo": "https://files.catbox.moe/rt7xoy.webm",
        "LinkMp3": "https://files.catbox.moe/o24uwx.mp3",
        "annId": 17123
    },
    {
        "animeEng": "Rosario + Vampire",
        "animeRomaji": "Rosario to Vampire",
        "songName": "COSMIC LOVE",
        "artist": "Nana Mizuki",
        "type": "Opening 1",
        "correctCount": 93,
        "startTime": 11,
        "songDuration": 90.624,
        "songNumber": 23,
        "activePlayerCount": 192,
        "LinkVideo": "https://files.catbox.moe/3hn8vd.webm",
        "LinkMp3": "https://files.catbox.moe/v7t3l2.mp3",
        "annId": 8517
    },
    {
        "animeEng": "Gravitation: Lyrics of Love",
        "animeRomaji": "Gravitation: Lyrics of Love",
        "songName": "Shining Collection",
        "artist": "Iceman",
        "type": "Insert Song",
        "correctCount": 8,
        "startTime": 104,
        "songDuration": 141.84,
        "songNumber": 24,
        "activePlayerCount": 193,
        "LinkVideo": "https://files.catbox.moe/b3yilq.webm",
        "LinkMp3": "https://files.catbox.moe/2lfih2.mp3",
        "annId": 625
    },
    {
        "animeEng": "Don't Call Us A JUNK GAME!",
        "animeRomaji": "Kusoge tte Iuna! Animation",
        "songName": "Kusoge tte Iuna!",
        "artist": "Otaya",
        "type": "Ending 1",
        "correctCount": 26,
        "startTime": 0,
        "songDuration": 29.434,
        "songNumber": 25,
        "activePlayerCount": 194,
        "LinkVideo": "https://files.catbox.moe/0qj56o.webm",
        "annId": 23707
    },
    {
        "animeEng": "A Certain Scientific Railgun OVA",
        "animeRomaji": "Toaru Kagaku no Railgun OVA",
        "songName": "future gazer",
        "artist": "fripSide",
        "type": "Opening 1",
        "correctCount": 79,
        "startTime": 36,
        "songDuration": 96.72,
        "songNumber": 26,
        "activePlayerCount": 195,
        "LinkVideo": "https://files.catbox.moe/e9du6l.webm",
        "LinkMp3": "https://files.catbox.moe/8w5avv.mp3",
        "annId": 11657
    },
    {
        "animeEng": "Release the Spyce",
        "animeRomaji": "Release the Spyce",
        "songName": "Tsukimusubi Hikigatari ver.",
        "artist": "Aya Suzaki",
        "type": "Insert Song",
        "correctCount": 26,
        "startTime": 3,
        "songDuration": 55.152,
        "songNumber": 27,
        "activePlayerCount": 195,
        "LinkVideo": "https://files.catbox.moe/gm27uw.webm",
        "LinkMp3": "https://files.catbox.moe/82m1r6.mp3",
        "annId": 20595
    },
    {
        "animeEng": "The Misfit of Demon King Academy",
        "animeRomaji": "Maou Gakuin no Futekigousha",
        "songName": "Seikai Fuseikai",
        "artist": "CIVILIAN feat. Tatsuhisa Suzuki",
        "type": "Opening 2",
        "correctCount": 105,
        "startTime": 39,
        "songDuration": 88.968,
        "songNumber": 28,
        "activePlayerCount": 196,
        "LinkVideo": "https://files.catbox.moe/n3409u.webm",
        "LinkMp3": "https://files.catbox.moe/axyic5.mp3",
        "annId": 22555
    },
    {
        "animeEng": "Bananya",
        "animeRomaji": "Bananya",
        "songName": "Lucky Holiday",
        "artist": "AXELL with Yuuki Kaji",
        "type": "Ending 1",
        "correctCount": 109,
        "startTime": 0,
        "songDuration": 25.86078,
        "songNumber": 29,
        "activePlayerCount": 198,
        "LinkVideo": "https://files.catbox.moe/oriv84.webm",
        "LinkMp3": "https://files.catbox.moe/h3turi.mp3",
        "annId": 18457
    },
    {
        "animeEng": "Selection Project",
        "animeRomaji": "Selection Project",
        "songName": "B.B.",
        "artist": "Suzu\u2606Rena",
        "type": "Insert Song",
        "correctCount": 28,
        "startTime": 55,
        "songDuration": 129.192,
        "songNumber": 30,
        "activePlayerCount": 197,
        "LinkVideo": "https://files.catbox.moe/g5t3fl.webm",
        "LinkMp3": "https://files.catbox.moe/u8ycej.mp3",
        "annId": 24509
    },
    {
        "animeEng": "So I'm a Spider, So What?",
        "animeRomaji": "Kumo desu ga, Nani ka?",
        "songName": "Bursty Greedy Spider",
        "artist": "Konomi Suzuki",
        "type": "Opening 2",
        "correctCount": 85,
        "startTime": 20,
        "songDuration": 89.728,
        "songNumber": 31,
        "activePlayerCount": 198,
        "LinkVideo": "https://files.catbox.moe/0dr6di.webm",
        "annId": 21180
    },
    {
        "animeEng": "Senki Zesshou Symphogear GX",
        "animeRomaji": "Senki Zesshou Symphogear GX",
        "songName": "Beef Stroganoff no Uta",
        "artist": "Nao Touyama\u00d7Chinatsu Akasaki\u00d7Mikako Komatsu\u00d7Aoi Yuuki\u00d7Yuka Iguchi",
        "type": "Insert Song",
        "correctCount": 23,
        "startTime": 37,
        "songDuration": 69.288,
        "songNumber": 32,
        "activePlayerCount": 199,
        "LinkVideo": "https://files.catbox.moe/qp6e00.webm",
        "LinkMp3": "https://files.catbox.moe/wduk5h.mp3",
        "annId": 16312
    },
    {
        "animeEng": "Bodacious Space Pirates",
        "animeRomaji": "Mouretsu Pirates",
        "songName": "Mouretsu Uchuu Koukyoukyoku\u30fbDainana Gakushou 'Mugen no Ai'",
        "artist": "Momoiro Clover Z",
        "type": "Opening 1",
        "correctCount": 45,
        "startTime": 55,
        "songDuration": 89.16,
        "songNumber": 33,
        "activePlayerCount": 197,
        "LinkVideo": "https://files.catbox.moe/id71d6.webm",
        "LinkMp3": "https://files.catbox.moe/ba98eb.mp3",
        "annId": 11399
    },
    {
        "animeEng": "Refrain Blue",
        "animeRomaji": "Refrain Blue",
        "songName": "Mimi wo Sumaseba",
        "artist": "Hikari Okamoto",
        "type": "Ending 1",
        "correctCount": 1,
        "startTime": 123,
        "songDuration": 157.848,
        "songNumber": 34,
        "activePlayerCount": 199,
        "LinkVideo": "https://files.catbox.moe/3etp7m.webm",
        "LinkMp3": "https://files.catbox.moe/t0u3e3.mp3",
        "annId": 1129,
        "correctPlayers": [
            "watashiii"
        ]
    },
    {
        "animeEng": "Jinsei: Life Consulting",
        "animeRomaji": "Jinsei",
        "songName": "Outotsu Kaiketsu Sensation",
        "artist": "Ayame to Yurika from Otome Shinto",
        "type": "Opening 1",
        "correctCount": 24,
        "startTime": 40,
        "songDuration": 89.568,
        "songNumber": 35,
        "activePlayerCount": 200,
        "LinkVideo": "https://files.catbox.moe/djd16n.webm",
        "LinkMp3": "https://files.catbox.moe/fk7nzw.mp3",
        "annId": 16035
    },
    {
        "animeEng": "Love Live! Sunshine!!",
        "animeRomaji": "Love Live! School Idol Project Sunshine!!",
        "songName": "Yume Kataru yori Yume Utaou",
        "artist": "Aika Kobayashi",
        "type": "Ending 4",
        "correctCount": 76,
        "startTime": 58,
        "songDuration": 98.112,
        "songNumber": 36,
        "activePlayerCount": 201,
        "LinkVideo": "https://files.catbox.moe/ne6ayj.webm",
        "LinkMp3": "https://files.catbox.moe/jtpvdr.mp3",
        "annId": 17985
    },
    {
        "animeEng": "New Game!!",
        "animeRomaji": "New Game!!",
        "songName": "Miracle\u2606Magical\u2606Moonranger -Special Edition.-",
        "artist": "Hibiku Yamamura & Akane Fujita",
        "type": "Insert Song",
        "correctCount": 50,
        "startTime": 0,
        "songDuration": 23.448,
        "songNumber": 37,
        "activePlayerCount": 199,
        "LinkVideo": "https://files.catbox.moe/ovgn6f.webm",
        "LinkMp3": "https://files.catbox.moe/e9epqu.mp3",
        "annId": 19593
    },
    {
        "animeEng": "Fullmetal Alchemist",
        "animeRomaji": "Hagane no Renkinjutsushi",
        "songName": "READY STEADY GO",
        "artist": "L'Arc~en~Ciel",
        "type": "Opening 2",
        "correctCount": 101,
        "startTime": 7,
        "songDuration": 87.528,
        "songNumber": 38,
        "activePlayerCount": 199,
        "LinkVideo": "https://files.catbox.moe/68l30h.webm",
        "LinkMp3": "https://files.catbox.moe/ug4235.mp3",
        "annId": 2960
    },
    {
        "animeEng": "I've Had Enough of Being a Magical Girl.",
        "animeRomaji": "Mahou Shoujo Nante mou ii desu kara.",
        "songName": "Yume-iro Toridori Parade\u266b",
        "artist": "Earth Star Dream",
        "type": "Opening 1",
        "correctCount": 43,
        "startTime": 3,
        "songDuration": 45.096,
        "songNumber": 39,
        "activePlayerCount": 198,
        "LinkVideo": "https://files.catbox.moe/jqmzps.webm",
        "LinkMp3": "https://files.catbox.moe/53hvhy.mp3",
        "annId": 17796
    },
    {
        "animeEng": "Fate/kaleid liner Prisma\u2606Illya 2wei Herz!",
        "animeRomaji": "Fate/kaleid liner Prisma\u2606Illya 2wei Herz!",
        "songName": "Wonder Stella",
        "artist": "fh\u00e1na",
        "type": "Opening 1",
        "correctCount": 61,
        "startTime": 4,
        "songDuration": 90.048,
        "songNumber": 40,
        "activePlayerCount": 199,
        "LinkVideo": "https://files.catbox.moe/eqwdnt.webm",
        "LinkMp3": "https://files.catbox.moe/run9u5.mp3",
        "annId": 16275
    },
    {
        "animeEng": "Deep Blue Song",
        "animeRomaji": "Deep Blue Song",
        "songName": "DEEP BLUE SONG",
        "artist": "Aya Uchida",
        "type": "Insert Song",
        "correctCount": 15,
        "startTime": 125,
        "songDuration": 233.112,
        "songNumber": 41,
        "activePlayerCount": 198,
        "LinkVideo": "https://files.catbox.moe/6f3k52.webm",
        "LinkMp3": "https://files.catbox.moe/onsnz4.mp3",
        "annId": 23764
    },
    {
        "animeEng": "KimiKiss Pure Rouge",
        "animeRomaji": "KimiKiss Pure Rouge",
        "songName": "U - don't leave me alone!",
        "artist": "Kaori Mizuhashi & Sakura Nogawa",
        "type": "Insert Song",
        "correctCount": 9,
        "startTime": 6,
        "songDuration": 35.064,
        "songNumber": 42,
        "activePlayerCount": 197,
        "LinkVideo": "https://files.catbox.moe/uq5lv4.webm",
        "LinkMp3": "https://files.catbox.moe/n72cf3.mp3",
        "annId": 8210
    },
    {
        "animeEng": "Student Council's Discretion",
        "animeRomaji": "Seitokai no Ichizon",
        "songName": "Ue Ue Shita Shita Hidari Migi Hidari Migi B A - Ganbare Kurimu ver.",
        "artist": "Heikyou Gakuen Seitokai Kaichou to Shoki",
        "type": "Ending 5",
        "correctCount": 30,
        "startTime": 40,
        "songDuration": 90.528,
        "songNumber": 43,
        "activePlayerCount": 198,
        "LinkVideo": "https://files.catbox.moe/y7p5vm.webm",
        "LinkMp3": "https://files.catbox.moe/ncx2pd.mp3",
        "annId": 10587
    },
    {
        "animeEng": "The Beast Claw",
        "animeRomaji": "Kemonozume",
        "songName": "Auvers Blue",
        "artist": "Katteni Shiyagare",
        "type": "Opening 1",
        "correctCount": 23,
        "startTime": 43,
        "songDuration": 90.552,
        "songNumber": 44,
        "activePlayerCount": 197,
        "LinkVideo": "https://files.catbox.moe/nsema7.webm",
        "LinkMp3": "https://files.catbox.moe/ed8fle.mp3",
        "annId": 6722
    },
    {
        "animeEng": "Ambassador Magma",
        "animeRomaji": "Magma Taishi",
        "songName": "Ai ga Aru Hoshi",
        "artist": "Maybe",
        "type": "Opening 1",
        "correctCount": 2,
        "startTime": 26,
        "songDuration": 88.56,
        "songNumber": 45,
        "activePlayerCount": 198,
        "LinkVideo": "https://files.catbox.moe/l0d6id.webm",
        "LinkMp3": "https://files.catbox.moe/493p8f.mp3",
        "annId": 929,
        "correctPlayers": [
            "watashiii",
            "Orfey"
        ]
    },
    {
        "animeEng": "Yamada's First Time: B Gata H Kei",
        "animeRomaji": "B Gata H Kei",
        "songName": "Oshiete A to Z",
        "artist": "Yukari Tamura",
        "type": "Opening 1",
        "correctCount": 52,
        "startTime": 39,
        "songDuration": 90,
        "songNumber": 46,
        "activePlayerCount": 198,
        "LinkVideo": "https://files.catbox.moe/jpqvtp.webm",
        "LinkMp3": "https://files.catbox.moe/g5b9gy.mp3",
        "annId": 11199
    },
    {
        "animeEng": "Recorder and Randsell Do\u266a",
        "animeRomaji": "Recorder to Randoseru Do\u266a",
        "songName": "Glitter",
        "artist": "Aoi Tada feat. Sister 773",
        "type": "Ending 1",
        "correctCount": 7,
        "startTime": 1,
        "songDuration": 30.024,
        "songNumber": 47,
        "activePlayerCount": 197,
        "LinkVideo": "https://files.catbox.moe/zk1rx9.webm",
        "LinkMp3": "https://files.catbox.moe/4im9oq.mp3",
        "annId": 13499
    },
    {
        "animeEng": "Infinite Stratos 2: Long Vacation Edition",
        "animeRomaji": "Infinite Stratos 2: Long Vacation Edition",
        "songName": "BEAUTIFUL SKY",
        "artist": "Yoko Hikasa, Yukana, Asami Shimoda, Kana Hanazawa, Marina Inoue",
        "type": "Ending 1",
        "correctCount": 70,
        "startTime": 118,
        "songDuration": 232.56,
        "songNumber": 48,
        "activePlayerCount": 195,
        "LinkVideo": "https://files.catbox.moe/8iivkm.webm",
        "LinkMp3": "https://files.catbox.moe/glfgbp.mp3",
        "annId": 15606
    },
    {
        "animeEng": "Needless+: Saint Lily Gakuen no Himitsu",
        "animeRomaji": "Needless+: Saint Lily Gakuen no Himitsu",
        "songName": "Watashi wa Juice de Coconut",
        "artist": "KILLER GIRLS",
        "type": "Ending 7",
        "correctCount": 8,
        "startTime": 0,
        "songDuration": 12.072,
        "songNumber": 49,
        "activePlayerCount": 195,
        "LinkVideo": "https://files.catbox.moe/s73gag.webm",
        "LinkMp3": "https://files.catbox.moe/o3ck5p.mp3",
        "annId": 24779
    },
    {
        "animeEng": "Ebiten: Ebisugawa Public High School's Tenmonbu",
        "animeRomaji": "Ebiten: Kouritsu Ebisugawa Koukou Tenmon-Bu",
        "songName": "Ai wo Torimodose!!!",
        "artist": "Midori Tsukimiya & Risako Murai",
        "type": "Ending 5",
        "correctCount": 15,
        "startTime": 48,
        "songDuration": 88.848,
        "songNumber": 50,
        "activePlayerCount": 194,
        "LinkVideo": "https://files.catbox.moe/7k8em7.webm",
        "LinkMp3": "https://files.catbox.moe/pzr2uv.mp3",
        "annId": 14081
    },
    {
        "animeEng": "Wolf's Rain",
        "animeRomaji": "Wolf's Rain",
        "songName": "heaven's not enough",
        "artist": "steve conte",
        "type": "Insert Song",
        "correctCount": 12,
        "startTime": 37,
        "songDuration": 154.056,
        "songNumber": 51,
        "activePlayerCount": 194,
        "LinkVideo": "https://files.catbox.moe/r682kn.webm",
        "LinkMp3": "https://files.catbox.moe/9ypg85.mp3",
        "annId": 3521
    },
    {
        "animeEng": "Sleepy Princess in the Demon Castle",
        "animeRomaji": "Maou-jou de Oyasumi",
        "songName": "Kaimin! Anmin! Syalist Seikatsu",
        "artist": "Inori Minase",
        "type": "Opening 1",
        "correctCount": 97,
        "startTime": 39,
        "songDuration": 88.56,
        "songNumber": 52,
        "activePlayerCount": 191,
        "LinkVideo": "https://files.catbox.moe/dm0c1i.webm",
        "LinkMp3": "https://files.catbox.moe/ywsp3z.mp3",
        "annId": 23362
    },
    {
        "animeEng": "Maken-Ki! It's Summer! It's Swimsuits! It's Training Camp!",
        "animeRomaji": "Maken-Ki! Natsu da! Mizugi da! Gasshuku da!",
        "songName": "Baby! Baby!",
        "artist": "Mina & Hitomi Harada",
        "type": "Ending 1",
        "correctCount": 1,
        "startTime": 10,
        "songDuration": 85.752,
        "songNumber": 53,
        "activePlayerCount": 194,
        "LinkVideo": "https://files.catbox.moe/otyu77.webm",
        "LinkMp3": "https://files.catbox.moe/x4mtnf.mp3",
        "annId": 18228,
        "correctPlayers": [
            "GAOOO"
        ]
    },
    {
        "animeEng": "Overman King Gainer",
        "animeRomaji": "Overman King Gainer",
        "songName": "King Gainer Over!",
        "artist": "Yoshiki Fukuyama",
        "type": "Opening 1",
        "correctCount": 23,
        "startTime": 26,
        "songDuration": 87.848286,
        "songNumber": 54,
        "activePlayerCount": 194,
        "LinkVideo": "https://files.catbox.moe/henz4r.webm",
        "LinkMp3": "https://files.catbox.moe/5tdbs0.mp3",
        "annId": 1737
    },
    {
        "animeEng": "Cross Ange: Rondo of Angel and Dragon",
        "animeRomaji": "Cross Ange: Tenshi to Ryuu no Rondo",
        "songName": "Crisi",
        "artist": "Akiko Shikata",
        "type": "Insert Song",
        "correctCount": 7,
        "startTime": 6,
        "songDuration": 114.216,
        "songNumber": 55,
        "activePlayerCount": 194,
        "LinkVideo": "https://files.catbox.moe/d3qumy.webm",
        "LinkMp3": "https://files.catbox.moe/4pmerf.mp3",
        "annId": 16177
    },
    {
        "animeEng": "Big X",
        "animeRomaji": "Big X",
        "songName": "Big X",
        "artist": "Kamitakada Shounen Gasshou-dan",
        "type": "Opening 1",
        "correctCount": 101,
        "startTime": 34,
        "songDuration": 69.552,
        "songNumber": 56,
        "activePlayerCount": 194,
        "LinkVideo": "https://files.catbox.moe/czmfor.webm",
        "LinkMp3": "https://files.catbox.moe/6qb6bq.mp3",
        "annId": 1217
    },
    {
        "animeEng": "Ghost in the Shell: SAC_2045",
        "animeRomaji": "Koukaku Kidoutai: SAC_2045",
        "songName": "Fly with me",
        "artist": "millennium parade \u00d7 ghost in the shell: SAC_2045",
        "type": "Opening 1",
        "correctCount": 30,
        "startTime": 46,
        "songDuration": 85.224,
        "songNumber": 57,
        "activePlayerCount": 197,
        "LinkVideo": "https://files.catbox.moe/n79uvn.webm",
        "LinkMp3": "https://files.catbox.moe/dyxblc.mp3",
        "annId": 21672
    },
    {
        "animeEng": "Strike Witches: 501st JOINT FIGHTER WING Take Off!",
        "animeRomaji": "Strike Witches 501 Butai Hasshin Shimasu!",
        "songName": "Treasure of life",
        "artist": "Saori Seto",
        "type": "Ending 5",
        "correctCount": 9,
        "startTime": 1,
        "songDuration": 89.4,
        "songNumber": 58,
        "activePlayerCount": 198,
        "LinkVideo": "https://files.catbox.moe/gsqh2d.webm",
        "LinkMp3": "https://files.catbox.moe/ep1f0b.mp3",
        "annId": 21876
    },
    {
        "animeEng": "Remi, Nobody's Girl",
        "animeRomaji": "Ie Naki Ko Remi",
        "songName": "Ai ni Tsuite",
        "artist": "Masashi Sada",
        "type": "Opening 1",
        "correctCount": 5,
        "startTime": 36,
        "songDuration": 88.368,
        "songNumber": 59,
        "activePlayerCount": 196,
        "LinkVideo": "https://files.catbox.moe/sl4yfg.webm",
        "LinkMp3": "https://files.catbox.moe/2plqyx.mp3",
        "annId": 1101,
        "correctPlayers": [
            "watashiii",
            "Kaani",
            "Nippah",
            "Torradinhas",
            "Vitoas"
        ]
    },
    {
        "animeEng": "Gekijouban Aikatsu!",
        "animeRomaji": "Gekijouban Aikatsu!",
        "songName": "Happy Crescendo",
        "artist": "Waka\u30fbFuuri\u30fbSunao\u30fbRemi from STAR\u2606ANIS",
        "type": "Insert Song",
        "correctCount": 82,
        "startTime": 29,
        "songDuration": 63.6,
        "songNumber": 60,
        "activePlayerCount": 196,
        "LinkVideo": "https://files.catbox.moe/dzhvd9.webm",
        "LinkMp3": "https://files.catbox.moe/ngv8wy.mp3",
        "annId": 15991
    },
    {
        "animeEng": "Fairy gone",
        "animeRomaji": "Fairy gone",
        "songName": "KNOCK on the CORE",
        "artist": "(K)NoW_NAME:Ayaka Tachibana & AIJ",
        "type": "Insert Song",
        "correctCount": 77,
        "startTime": 39,
        "songDuration": 132.384,
        "songNumber": 61,
        "activePlayerCount": 199,
        "LinkVideo": "https://files.catbox.moe/posp35.webm",
        "LinkMp3": "https://files.catbox.moe/p5tass.mp3",
        "annId": 22341
    },
    {
        "animeEng": "Blue Period",
        "animeRomaji": "Blue Period",
        "songName": "EVERBLUE",
        "artist": "Omoinotake",
        "type": "Opening 1",
        "correctCount": 61,
        "startTime": 18,
        "songDuration": 88.992,
        "songNumber": 62,
        "activePlayerCount": 201,
        "LinkVideo": "https://files.catbox.moe/v5xwd8.webm",
        "LinkMp3": "https://files.catbox.moe/coaj7u.mp3",
        "annId": 23936
    },
    {
        "animeEng": "Business Fish",
        "animeRomaji": "Business Fish",
        "songName": "Don't Stop Moving",
        "artist": "Sarah Kelly",
        "type": "Ending 1",
        "correctCount": 15,
        "startTime": 59,
        "songDuration": 89.568,
        "songNumber": 63,
        "activePlayerCount": 201,
        "LinkVideo": "https://files.catbox.moe/0l99nv.webm",
        "LinkMp3": "https://files.catbox.moe/c4udht.mp3",
        "annId": 22289
    },
    {
        "animeEng": "Flower Angel",
        "animeRomaji": "Hana no Ko Lunlun",
        "songName": "Hana no Ko Lunlun",
        "artist": "Mitsuko Horie",
        "type": "Opening 1",
        "correctCount": 11,
        "startTime": 14,
        "songDuration": 69.336,
        "songNumber": 64,
        "activePlayerCount": 200,
        "LinkVideo": "https://files.catbox.moe/5wqvrv.webm",
        "LinkMp3": "https://files.catbox.moe/bru863.mp3",
        "annId": 1390
    },
    {
        "animeEng": "Pale Cocoon",
        "animeRomaji": "Pale Cocoon",
        "songName": "Aoi Tamago",
        "artist": "little moa",
        "type": "Insert Song",
        "correctCount": 13,
        "startTime": 92,
        "songDuration": 128.184,
        "songNumber": 65,
        "activePlayerCount": 200,
        "LinkVideo": "https://files.catbox.moe/3v00ra.webm",
        "LinkMp3": "https://files.catbox.moe/1o6zga.mp3",
        "annId": 6352
    },
    {
        "animeEng": "Shugo Chara!! Doki",
        "animeRomaji": "Shugo Chara!! Doki",
        "songName": "School Days",
        "artist": "Guardians4",
        "type": "Opening 4",
        "correctCount": 15,
        "startTime": 28,
        "songDuration": 88.944,
        "songNumber": 66,
        "activePlayerCount": 200,
        "LinkVideo": "https://files.catbox.moe/ue9i95.webm",
        "LinkMp3": "https://files.catbox.moe/iavw4w.mp3",
        "annId": 10247
    },
    {
        "animeEng": "Wake Up, Girls!: The Movie",
        "animeRomaji": "Wake Up, Girls!: The Movie",
        "songName": "Tachiagare!",
        "artist": "Wake Up, Girls!",
        "type": "Ending 1",
        "correctCount": 68,
        "startTime": 80,
        "songDuration": 288.072,
        "songNumber": 67,
        "activePlayerCount": 200,
        "LinkVideo": "https://files.catbox.moe/8z3gon.webm",
        "LinkMp3": "https://files.catbox.moe/39buca.mp3",
        "annId": 15713
    },
    {
        "animeEng": "Seitokai Yakuindomo",
        "animeRomaji": "Seitokai Yakuindomo",
        "songName": "Jounetsu no Hana",
        "artist": "Triple Booking",
        "type": "Insert Song",
        "correctCount": 38,
        "startTime": 5,
        "songDuration": 35.736,
        "songNumber": 68,
        "activePlayerCount": 200,
        "LinkVideo": "https://files.catbox.moe/nhjj11.webm",
        "LinkMp3": "https://files.catbox.moe/40t8j9.mp3",
        "annId": 11476
    },
    {
        "animeEng": "Teekyuu",
        "animeRomaji": "Teekyuu",
        "songName": "Fattoshite Tougenkyou",
        "artist": "Suzuko Mimori",
        "type": "Opening 1",
        "correctCount": 131,
        "startTime": 0,
        "songDuration": 28.56,
        "songNumber": 69,
        "activePlayerCount": 200,
        "LinkVideo": "https://files.catbox.moe/5sbrgt.webm",
        "LinkMp3": "https://files.catbox.moe/r4lbwd.mp3",
        "annId": 16639
    },
    {
        "animeEng": "Gekijouban PriPara Mi~nna Atsumare! Prism\u2606Tours",
        "animeRomaji": "Gekijouban PriPara Mi~nna Atsumare! Prism\u2606Tours",
        "songName": "Realize!",
        "artist": "SoLaMiDressing",
        "type": "Insert Song",
        "correctCount": 32,
        "startTime": 26,
        "songDuration": 120.168,
        "songNumber": 70,
        "activePlayerCount": 199,
        "LinkVideo": "https://files.catbox.moe/bl1cu5.webm",
        "LinkMp3": "https://files.catbox.moe/h1vyns.mp3",
        "annId": 16617
    },
    {
        "animeEng": "Sword Gai: The Animation",
        "animeRomaji": "Sword Gai: The Animation",
        "songName": "Sadamegoto",
        "artist": "Yuuto Uemura",
        "type": "Opening 1",
        "correctCount": 44,
        "startTime": 21,
        "songDuration": 58.539402,
        "songNumber": 71,
        "activePlayerCount": 199,
        "LinkVideo": "https://files.catbox.moe/g7x3mn.webm",
        "LinkMp3": "https://files.catbox.moe/dv4mik.mp3",
        "annId": 19984
    },
    {
        "animeEng": "Shin Chou Bakumatsu Shounen Seiki Takamaru",
        "animeRomaji": "Shin Chou Bakumatsu Shounen Seiki Takamaru",
        "songName": "Neppu Shounen Roku ~ Come on Chanpon Tengoku",
        "artist": "Hiroko Kasahara",
        "type": "Opening 1",
        "correctCount": 3,
        "startTime": 46,
        "songDuration": 103.656,
        "songNumber": 72,
        "activePlayerCount": 197,
        "LinkVideo": "https://files.catbox.moe/lyco9t.webm",
        "LinkMp3": "https://files.catbox.moe/rntbmk.mp3",
        "annId": 7265,
        "correctPlayers": [
            "Szafa",
            "KamigishiAkari",
            "fossil"
        ]
    },
    {
        "animeEng": "Cowboy Bebop",
        "animeRomaji": "Cowboy Bebop",
        "songName": "Tank!",
        "artist": "Seatbelts",
        "type": "Opening 1",
        "correctCount": 172,
        "startTime": 40,
        "songDuration": 89.592,
        "songNumber": 73,
        "activePlayerCount": 198,
        "LinkVideo": "https://files.catbox.moe/byvisp.webm",
        "LinkMp3": "https://files.catbox.moe/qi299l.mp3",
        "annId": 13
    },
    {
        "animeEng": "Lucky Star",
        "animeRomaji": "Lucky Star",
        "songName": "Motteke! Sailor Fuku (Aimai Sunshine ver.)",
        "artist": "Minoru Shiraishi",
        "type": "Ending 17",
        "correctCount": 172,
        "startTime": 40,
        "songDuration": 79.056,
        "songNumber": 74,
        "activePlayerCount": 198,
        "LinkVideo": "https://files.catbox.moe/r5p79z.webm",
        "LinkMp3": "https://files.catbox.moe/2wbjek.mp3",
        "annId": 7222
    },
    {
        "animeEng": "D.C.II S.S.: Da Capo II Second Season",
        "animeRomaji": "D.C.II S.S.: Da Capo II Second Season",
        "songName": "Sakura Maichiru Kokoro no Naka e",
        "artist": "CooRie",
        "type": "Insert Song",
        "correctCount": 6,
        "startTime": 99,
        "songDuration": 159,
        "songNumber": 75,
        "activePlayerCount": 197,
        "LinkVideo": "https://files.catbox.moe/6oe0ap.webm",
        "LinkMp3": "https://files.catbox.moe/c1x7zl.mp3",
        "annId": 9137
    },
    {
        "animeEng": "Crayon Shin-chan: Arashi o Yobu Eikou no Yakiniku Road",
        "animeRomaji": "Crayon Shin-chan: Arashi o Yobu Eikou no Yakiniku Road",
        "songName": "Konna Toki Koso Yakiniku ga Aru",
        "artist": "Nohara Ie All Stars",
        "type": "Ending 1",
        "correctCount": 8,
        "startTime": 51,
        "songDuration": 171.552,
        "songNumber": 76,
        "activePlayerCount": 198,
        "LinkVideo": "https://files.catbox.moe/ypuqre.webm",
        "LinkMp3": "https://files.catbox.moe/f1zo8h.mp3",
        "annId": 6749
    },
    {
        "animeEng": "K-On! Season 2",
        "animeRomaji": "K-On!!",
        "songName": "Listen!!",
        "artist": "Ho-Kago Tea Time - HTT",
        "type": "Ending 1",
        "correctCount": 82,
        "startTime": 25,
        "songDuration": 88.944,
        "songNumber": 77,
        "activePlayerCount": 199,
        "LinkVideo": "https://files.catbox.moe/hw45p0.webm",
        "LinkMp3": "https://files.catbox.moe/t0ohbv.mp3",
        "annId": 11262
    },
    {
        "animeEng": "Fate/Extra Last Encore",
        "animeRomaji": "Fate/Extra Last Encore",
        "songName": "Tsuki to Hanataba",
        "artist": "Sayuri",
        "type": "Ending 1",
        "correctCount": 63,
        "startTime": 7,
        "songDuration": 86.516,
        "songNumber": 78,
        "activePlayerCount": 199,
        "LinkVideo": "https://files.catbox.moe/oxtemd.webm",
        "annId": 18984
    },
    {
        "animeEng": "One Piece: Romance Dawn Story",
        "animeRomaji": "One Piece: Romance Dawn Story",
        "songName": "A THOUSAND DREAMERS ~9-nin no Mugiwara Kaizoku-dan-hen~",
        "artist": "9-nin no Mugiwara Kaizoku-dan-hen",
        "type": "Ending 1",
        "correctCount": 3,
        "startTime": 39,
        "songDuration": 102.312,
        "songNumber": 79,
        "activePlayerCount": 199,
        "LinkVideo": "https://files.catbox.moe/zinzsl.webm",
        "LinkMp3": "https://files.catbox.moe/lflvvj.mp3",
        "annId": 14938,
        "correctPlayers": [
            "Shakira_",
            "kimimarux",
            "asleep"
        ]
    },
    {
        "animeEng": "The Numbers",
        "animeRomaji": "Nanbaka",
        "songName": "Rin! Rin! Hi! Hi!",
        "artist": "Hashiguchikanaderiya",
        "type": "Opening 1",
        "correctCount": 95,
        "startTime": 0,
        "songDuration": 86.76,
        "songNumber": 80,
        "activePlayerCount": 199,
        "LinkVideo": "https://files.catbox.moe/hg0ij6.webm",
        "LinkMp3": "https://files.catbox.moe/jsgekx.mp3",
        "annId": 18956
    },
    {
        "animeEng": "Maria Watches Over Us Season 2: Printemps",
        "animeRomaji": "Maria Watches Over Us Season 2: Printemps",
        "songName": "Sonata Blue",
        "artist": "Mikiya Katakura",
        "type": "Ending 1",
        "correctCount": 30,
        "startTime": 9,
        "songDuration": 64.656,
        "songNumber": 81,
        "activePlayerCount": 197,
        "LinkVideo": "https://files.catbox.moe/esa23f.webm",
        "LinkMp3": "https://files.catbox.moe/dlgf5z.mp3",
        "annId": 4175
    },
    {
        "animeEng": "Motto! Ojamajo Doremi",
        "animeRomaji": "Motto! Ojamajo Doremi",
        "songName": "caramel",
        "artist": "Yuki Matsuura",
        "type": "Insert Song",
        "correctCount": 0,
        "startTime": 53,
        "songDuration": 127.056,
        "songNumber": 82,
        "activePlayerCount": 199,
        "LinkVideo": "https://files.catbox.moe/b9zigp.webm",
        "LinkMp3": "https://files.catbox.moe/pzs1sh.mp3",
        "annId": 1650
    },
    {
        "animeEng": "Kobato.",
        "animeRomaji": "Kobato.",
        "songName": "Jellyfish no Kokuhaku",
        "artist": "Megumi Nakajima",
        "type": "Ending 1",
        "correctCount": 11,
        "startTime": 52,
        "songDuration": 87.456,
        "songNumber": 83,
        "activePlayerCount": 201,
        "LinkVideo": "https://files.catbox.moe/0mxahb.webm",
        "LinkMp3": "https://files.catbox.moe/0ghmb3.mp3",
        "annId": 10542
    },
    {
        "animeEng": "Senki Zesshou Symphogear XV",
        "animeRomaji": "Senki Zesshou Symphogear XV",
        "songName": "Cutting Edge\u00d72 Ready go!",
        "artist": "Yoshino Nanjou \u00d7 Ai Kayano",
        "type": "Insert Song",
        "correctCount": 19,
        "startTime": 114,
        "songDuration": 147.072,
        "songNumber": 84,
        "activePlayerCount": 200,
        "LinkVideo": "https://files.catbox.moe/dk5ngg.webm",
        "LinkMp3": "https://files.catbox.moe/9585kb.mp3",
        "annId": 22019
    },
    {
        "animeEng": "Re:Stage! Dream Days",
        "animeRomaji": "Re:Stage! Dream Days",
        "songName": "For you! For Mii!",
        "artist": "Yuki Sorami",
        "type": "Insert Song",
        "correctCount": 7,
        "startTime": 21,
        "songDuration": 81.312,
        "songNumber": 85,
        "activePlayerCount": 196,
        "LinkVideo": "https://files.catbox.moe/w44n6u.webm",
        "LinkMp3": "https://files.catbox.moe/mktole.mp3",
        "annId": 21866
    }
]