[
    {
        "animeEng": "Kabaneri of the Iron Fortress",
        "animeRomaji": "Koutetsujou no Kabaneri",
        "songName": "Icon",
        "artist": "Eliana",
        "type": "Insert Song",
        "correctCount": 82,
        "startTime": 124,
        "songDuration": 159.984,
        "songNumber": 1,
        "activePlayerCount": 183,
        "LinkVideo": "https://files.catbox.moe/p0tzzn.webm",
        "LinkMp3": "https://files.catbox.moe/6kthwl.mp3",
        "annId": 16595
    },
    {
        "animeEng": "Magical Girl Lyrical Nanoha A's",
        "animeRomaji": "Mahou Shoujo Lyrical Nanoha A's",
        "songName": "Spiritual Garden",
        "artist": "Yukari Tamura",
        "type": "Ending 1",
        "correctCount": 34,
        "startTime": 57,
        "songDuration": 89.472,
        "songNumber": 2,
        "activePlayerCount": 192,
        "LinkVideo": "https://files.catbox.moe/ncl775.webm",
        "LinkMp3": "https://files.catbox.moe/6zggdw.mp3",
        "annId": 5770
    },
    {
        "animeEng": "At The Mercy of The Sky",
        "animeRomaji": "Sora no Manimani",
        "songName": "Yami ni Saku Hoshi no You ni",
        "artist": "CooRie",
        "type": "Insert Song",
        "correctCount": 3,
        "startTime": 4,
        "songDuration": 99.080746,
        "songNumber": 3,
        "activePlayerCount": 198,
        "LinkVideo": "https://files.catbox.moe/zkvk7b.webm",
        "LinkMp3": "https://files.catbox.moe/4y9g86.mp3",
        "annId": 10652,
        "correctPlayers": [
            "Bai",
            "watashiii",
            "Diukes"
        ]
    },
    {
        "animeEng": "Elemental Gelade",
        "animeRomaji": "Erementar Gerad",
        "songName": "Forever...",
        "artist": "savage genius",
        "type": "Opening 1",
        "correctCount": 41,
        "startTime": 31,
        "songDuration": 87.072,
        "songNumber": 4,
        "activePlayerCount": 200,
        "LinkVideo": "https://files.catbox.moe/p9uhx2.webm",
        "LinkMp3": "https://files.catbox.moe/hhmi2r.mp3",
        "annId": 4165
    },
    {
        "animeEng": "Five Numbers!",
        "animeRomaji": "Norageki!",
        "songName": "Volevo un Gatto Nero",
        "artist": "MEG",
        "type": "Ending 1",
        "correctCount": 21,
        "startTime": 6,
        "songDuration": 149.256,
        "songNumber": 5,
        "activePlayerCount": 202,
        "LinkVideo": "https://files.catbox.moe/wxkq1k.webm",
        "LinkMp3": "https://files.catbox.moe/yiw8bb.mp3",
        "annId": 12148
    },
    {
        "animeEng": "The Magical World of Gigi",
        "animeRomaji": "Mahou no Princess Minky Momo",
        "songName": "love love Minky Momo",
        "artist": "Mami Koyama",
        "type": "Opening 1",
        "correctCount": 8,
        "startTime": 27,
        "songDuration": 72.024,
        "songNumber": 6,
        "activePlayerCount": 204,
        "LinkVideo": "https://files.catbox.moe/6o8oe3.webm",
        "LinkMp3": "https://files.catbox.moe/xqwslf.mp3",
        "annId": 1450
    },
    {
        "animeEng": "Arcadia of My Youth",
        "animeRomaji": "Waga Seishun no Arcadia",
        "songName": "Taiyou wa Shinanai",
        "artist": "Maria Asahina",
        "type": "Insert Song",
        "correctCount": 1,
        "startTime": 43,
        "songDuration": 119.808,
        "songNumber": 7,
        "activePlayerCount": 206,
        "LinkVideo": "https://files.catbox.moe/4wg9iu.webm",
        "LinkMp3": "https://files.catbox.moe/hhguuv.mp3",
        "annId": 507,
        "correctPlayers": [
            "Zylda"
        ]
    },
    {
        "animeEng": "Blood Blockade Battlefront",
        "animeRomaji": "Kekkai Sensen",
        "songName": "It's Magic",
        "artist": "Shira Z.Carmel",
        "type": "Insert Song",
        "correctCount": 54,
        "startTime": 1,
        "songDuration": 70.56,
        "songNumber": 8,
        "activePlayerCount": 209,
        "LinkVideo": "https://files.catbox.moe/jzo2tm.webm",
        "LinkMp3": "https://files.catbox.moe/5nr9r1.mp3",
        "annId": 16340
    },
    {
        "animeEng": "Bodyguard of the Wind",
        "animeRomaji": "Kaze no Yojimbo",
        "songName": "Tokyo",
        "artist": "Escargot",
        "type": "Opening 1",
        "correctCount": 6,
        "startTime": 26,
        "songDuration": 84.739768,
        "songNumber": 9,
        "activePlayerCount": 209,
        "LinkVideo": "https://files.catbox.moe/ix3q6i.webm",
        "LinkMp3": "https://files.catbox.moe/nhcqf0.mp3",
        "annId": 1809
    },
    {
        "animeEng": "Wooser's Hand-to-Mouth Life: Awakening Arc",
        "animeRomaji": "Wooser no Sono Higurashi: Kakusei-hen",
        "songName": "Chotto Dekakete Kimasu",
        "artist": "Tia",
        "type": "Ending 2",
        "correctCount": 7,
        "startTime": 41,
        "songDuration": 194.448,
        "songNumber": 10,
        "activePlayerCount": 210,
        "LinkVideo": "https://files.catbox.moe/ojd6w3.webm",
        "LinkMp3": "https://files.catbox.moe/ebnslw.mp3",
        "annId": 15750
    },
    {
        "animeEng": "Steins;Gate: The Movie - Load Region of D\u00e9j\u00e0 Vu",
        "animeRomaji": "Steins;Gate: Fuka Ryouiki no D\u00e9j\u00e0 vu",
        "songName": "Anata no Eranda Kono Toki wo",
        "artist": "Kanako Itou",
        "type": "Opening 1",
        "correctCount": 122,
        "startTime": 64,
        "songDuration": 119.904,
        "songNumber": 11,
        "activePlayerCount": 213,
        "LinkVideo": "https://files.catbox.moe/pwekrb.webm",
        "LinkMp3": "https://files.catbox.moe/le0nc6.mp3",
        "annId": 13542
    },
    {
        "animeEng": "Cardfight!! Vanguard Gaiden if",
        "animeRomaji": "Cardfight!! Vanguard Gaiden if",
        "songName": "Gonna be right",
        "artist": "Peaky P-key",
        "type": "Ending 1",
        "correctCount": 7,
        "startTime": 50,
        "songDuration": 89.088,
        "songNumber": 12,
        "activePlayerCount": 217,
        "LinkVideo": "https://files.catbox.moe/qv2gko.webm",
        "LinkMp3": "https://files.catbox.moe/wjxtfp.mp3",
        "annId": 23028
    },
    {
        "animeEng": "Taka no Tsume GO: Utsukushiki Elleair Shoushuu Plus",
        "animeRomaji": "Taka no Tsume GO: Utsukushiki Elleair Shoushuu Plus",
        "songName": "IRONY",
        "artist": "m-flo+daoko",
        "type": "Ending 1",
        "correctCount": 4,
        "startTime": 104,
        "songDuration": 288.816,
        "songNumber": 13,
        "activePlayerCount": 217,
        "LinkVideo": "https://files.catbox.moe/gbwqjb.webm",
        "LinkMp3": "https://files.catbox.moe/2nrktg.mp3",
        "annId": 15787,
        "correctPlayers": [
            "Nippah",
            "PoolNoodle",
            "theyingster",
            "Hyonoka"
        ]
    },
    {
        "animeEng": "Flip Flappers",
        "animeRomaji": "Flip Flappers",
        "songName": "LET's FLIP FLAPING!",
        "artist": "TO-MAS feat. Yumi Kawamura",
        "type": "Insert Song",
        "correctCount": 37,
        "startTime": 18,
        "songDuration": 87.192,
        "songNumber": 14,
        "activePlayerCount": 219,
        "LinkVideo": "https://files.catbox.moe/ey4w8b.webm",
        "LinkMp3": "https://files.catbox.moe/o45vgz.mp3",
        "annId": 18177
    },
    {
        "animeEng": "Case Closed: Captured in Her Eyes",
        "animeRomaji": "Meitantei Conan: Hitomi no Naka no Ansatsusha",
        "songName": "Bloody Venus",
        "artist": "Kiyoshi Hayami",
        "type": "Insert Song",
        "correctCount": 45,
        "startTime": 4,
        "songDuration": 35.016,
        "songNumber": 15,
        "activePlayerCount": 218,
        "LinkVideo": "https://files.catbox.moe/l4xfna.webm",
        "LinkMp3": "https://files.catbox.moe/1raac6.mp3",
        "annId": 2682
    },
    {
        "animeEng": "Shakugan no Shana S",
        "animeRomaji": "Shakugan no Shana S",
        "songName": "Prophecy",
        "artist": "Mami Kawada",
        "type": "Opening 1",
        "correctCount": 42,
        "startTime": 8,
        "songDuration": 94.824,
        "songNumber": 16,
        "activePlayerCount": 217,
        "LinkVideo": "https://files.catbox.moe/nu49r5.webm",
        "LinkMp3": "https://files.catbox.moe/kjiey0.mp3",
        "annId": 10956
    },
    {
        "animeEng": "Black Butler",
        "animeRomaji": "Kuroshitsuji",
        "songName": "Si deus me relinquit",
        "artist": "Suzi Kim",
        "type": "Insert Song",
        "correctCount": 9,
        "startTime": 57,
        "songDuration": 131.236928,
        "songNumber": 17,
        "activePlayerCount": 217,
        "LinkVideo": "https://files.catbox.moe/g5pcwj.webm",
        "LinkMp3": "https://files.catbox.moe/vjw5rj.mp3",
        "annId": 10160
    },
    {
        "animeEng": "Great Mazinger tai Getter Robo",
        "animeRomaji": "Great Mazinger tai Getter Robo",
        "songName": "Ore wa Great Mazinger",
        "artist": "Ichirou Mizuki",
        "type": "Opening 1",
        "correctCount": 15,
        "startTime": 5,
        "songDuration": 58.032,
        "songNumber": 18,
        "activePlayerCount": 217,
        "LinkVideo": "https://files.catbox.moe/vnisz1.webm",
        "LinkMp3": "https://files.catbox.moe/772l8l.mp3",
        "annId": 3594
    },
    {
        "animeEng": "Neko Ramen",
        "animeRomaji": "Neko Ramen",
        "songName": "Kimi wa Taishou!!",
        "artist": "Katsumi Tanaka",
        "type": "Opening 1",
        "correctCount": 44,
        "startTime": 0,
        "songDuration": 20.064,
        "songNumber": 19,
        "activePlayerCount": 217,
        "LinkVideo": "https://files.catbox.moe/66c1ko.webm",
        "LinkMp3": "https://files.catbox.moe/ky6gkc.mp3",
        "annId": 11317
    },
    {
        "animeEng": "Welcome to the NHK",
        "animeRomaji": "NHK ni Youkoso!",
        "songName": "Youkoso! Hitoribocchi",
        "artist": "Pearl Kyoudai",
        "type": "Insert Song",
        "correctCount": 25,
        "startTime": 89,
        "songDuration": 144.428538,
        "songNumber": 20,
        "activePlayerCount": 218,
        "LinkVideo": "https://files.catbox.moe/fscxwb.webm",
        "LinkMp3": "https://files.catbox.moe/17xseu.mp3",
        "annId": 6357
    },
    {
        "animeEng": "The Story of Saiunkoku",
        "animeRomaji": "Saiunkoku Monogatari",
        "songName": "Saikou no Kataomoi",
        "artist": "Sachi Tainaka",
        "type": "Ending 1",
        "correctCount": 9,
        "startTime": 34,
        "songDuration": 74.016,
        "songNumber": 21,
        "activePlayerCount": 219,
        "LinkVideo": "https://files.catbox.moe/k1h7jc.webm",
        "LinkMp3": "https://files.catbox.moe/7h0ig0.mp3",
        "annId": 6200
    },
    {
        "animeEng": "The Case Files of Jeweler Richard",
        "animeRomaji": "Housekisho Richard-shi no Nazo Kantei",
        "songName": "Houseki no Umareru Toki",
        "artist": "Nagi Yanagi",
        "type": "Opening 1",
        "correctCount": 39,
        "startTime": 51,
        "songDuration": 88.944,
        "songNumber": 22,
        "activePlayerCount": 218,
        "LinkVideo": "https://files.catbox.moe/l5b3w2.webm",
        "LinkMp3": "https://files.catbox.moe/i6208c.mp3",
        "annId": 22488
    },
    {
        "animeEng": "Love, Chunibyo & Other Delusions! -Heart Throb-",
        "animeRomaji": "Chuunibyou demo Koi ga Shitai! Ren",
        "songName": "Van!shment Th!s World",
        "artist": "Black Raison d'\u00eatre",
        "type": "Ending 1",
        "correctCount": 73,
        "startTime": 13,
        "songDuration": 88.8,
        "songNumber": 23,
        "activePlayerCount": 218,
        "LinkVideo": "https://files.catbox.moe/zq1ux6.webm",
        "LinkMp3": "https://files.catbox.moe/pfqwb7.mp3",
        "annId": 23594
    },
    {
        "animeEng": "Pollyanna",
        "animeRomaji": "Ai Shoujo Pollyanna Monogatari",
        "songName": "Hohoemu Anata ni Aitai",
        "artist": "Youki Kudoh",
        "type": "Opening 2",
        "correctCount": 4,
        "startTime": 46,
        "songDuration": 83.112,
        "songNumber": 24,
        "activePlayerCount": 216,
        "LinkVideo": "https://files.catbox.moe/ozazjz.webm",
        "LinkMp3": "https://files.catbox.moe/4f05e3.mp3",
        "annId": 1057,
        "correctPlayers": [
            "Orfey",
            "watashiii",
            "Torradinhas",
            "Black_Flame"
        ]
    },
    {
        "animeEng": "Beautiful Bones: Sakurako\u2019s Investigation",
        "animeRomaji": "Sakurako-san no Ashimoto ni wa Shitai ga Umatteiru",
        "songName": "Uchiyoserareta Boukyaku no Zankyou ni",
        "artist": "TECHNOBOYS PULCRAFT GREEN-FUND featuring Yuki Otake",
        "type": "Ending 1",
        "correctCount": 29,
        "startTime": 16,
        "songDuration": 90.072,
        "songNumber": 25,
        "activePlayerCount": 218,
        "LinkVideo": "https://files.catbox.moe/1my13r.webm",
        "LinkMp3": "https://files.catbox.moe/fqj4xw.mp3",
        "annId": 17083
    },
    {
        "animeEng": "The World Yamizukan",
        "animeRomaji": "The World Yamizukan",
        "songName": "me to me",
        "artist": "MONO NO AWARE",
        "type": "Ending 1",
        "correctCount": 13,
        "startTime": 0,
        "songDuration": 29.352,
        "songNumber": 26,
        "activePlayerCount": 215,
        "LinkVideo": "https://files.catbox.moe/8b7pjk.webm",
        "LinkMp3": "https://files.catbox.moe/uquoun.mp3",
        "annId": 19334
    },
    {
        "animeEng": "The Testament of Sister New Devil BURST",
        "animeRomaji": "Shinmai Maou no Testament BURST",
        "songName": "Over The Testament Ver.3",
        "artist": "Metamorphose featuring Aki Misato",
        "type": "Opening 3",
        "correctCount": 98,
        "startTime": 7,
        "songDuration": 88.104,
        "songNumber": 27,
        "activePlayerCount": 219,
        "LinkVideo": "https://files.catbox.moe/rpe1ny.webm",
        "LinkMp3": "https://files.catbox.moe/rjer0d.mp3",
        "annId": 16888
    },
    {
        "animeEng": "After the Rain",
        "animeRomaji": "Koi wa Ameagari no You ni",
        "songName": "Nostalgic Rainfall",
        "artist": "CHiCO with HoneyWorks",
        "type": "Opening 1",
        "correctCount": 87,
        "startTime": 11,
        "songDuration": 88.272,
        "songNumber": 28,
        "activePlayerCount": 217,
        "LinkVideo": "https://files.catbox.moe/exvgif.webm",
        "LinkMp3": "https://files.catbox.moe/vpz5l1.mp3",
        "annId": 20226
    },
    {
        "animeEng": "Pok\u00e9mon: Diamond and Pearl",
        "animeRomaji": "Pocket Monsters Diamond & Pearl",
        "songName": "Type:Wild",
        "artist": "Rica Matsumoto",
        "type": "Insert Song",
        "correctCount": 126,
        "startTime": 7,
        "songDuration": 102.072,
        "songNumber": 29,
        "activePlayerCount": 218,
        "LinkVideo": "https://files.catbox.moe/1o8chg.webm",
        "LinkMp3": "https://files.catbox.moe/26tlas.mp3",
        "annId": 6836
    },
    {
        "animeEng": "Fafner EXODUS",
        "animeRomaji": "Soukyuu no Fafner: Dead Aggressor - Exodus",
        "songName": "DEAD OR ALIVE",
        "artist": "angela",
        "type": "Opening 2",
        "correctCount": 49,
        "startTime": 28,
        "songDuration": 88.896,
        "songNumber": 30,
        "activePlayerCount": 218,
        "LinkVideo": "https://files.catbox.moe/vc4d7r.webm",
        "LinkMp3": "https://files.catbox.moe/601hfm.mp3",
        "annId": 17124
    },
    {
        "animeEng": "Carole & Tuesday",
        "animeRomaji": "Carole & Tuesday",
        "songName": "Lost My Way",
        "artist": "Nai Br.XX&Celeina Ann",
        "type": "Insert Song",
        "correctCount": 127,
        "startTime": 43,
        "songDuration": 146.04,
        "songNumber": 31,
        "activePlayerCount": 217,
        "LinkVideo": "https://files.catbox.moe/rtkr8p.webm",
        "LinkMp3": "https://files.catbox.moe/jtwlen.mp3",
        "annId": 21557
    },
    {
        "animeEng": "Hitoribocchi no Marumaruseikatsu",
        "animeRomaji": "Hitoribocchi no Marumaruseikatsu",
        "songName": "Nee, Issho ni Kaerou",
        "artist": "Chisaki Morishita",
        "type": "Ending 1",
        "correctCount": 55,
        "startTime": 36,
        "songDuration": 89.064,
        "songNumber": 32,
        "activePlayerCount": 218,
        "LinkVideo": "https://files.catbox.moe/jvxeqy.webm",
        "LinkMp3": "https://files.catbox.moe/nlz24n.mp3",
        "annId": 20806
    },
    {
        "animeEng": "Problem children are coming from another world, aren't they?",
        "animeRomaji": "Mondaiji-tachi ga Isekai kara Kuru-sou desu yo?",
        "songName": "Scarlet",
        "artist": "Sarah Emi Bridcutt",
        "type": "Insert Song",
        "correctCount": 44,
        "startTime": 21,
        "songDuration": 55.608,
        "songNumber": 33,
        "activePlayerCount": 217,
        "LinkVideo": "https://files.catbox.moe/ycxb0c.webm",
        "LinkMp3": "https://files.catbox.moe/vr9pcz.mp3",
        "annId": 14835
    },
    {
        "animeEng": "Scorching Ping Pong Girls",
        "animeRomaji": "Shakunetsu no Takkyuu Musume",
        "songName": "V Ji Joushou Victory",
        "artist": "Suzumegahara Chuugaku Takkyuu-bu",
        "type": "Insert Song",
        "correctCount": 39,
        "startTime": 45,
        "songDuration": 93.576,
        "songNumber": 34,
        "activePlayerCount": 217,
        "LinkVideo": "https://files.catbox.moe/avxbj3.webm",
        "LinkMp3": "https://files.catbox.moe/8k2wr8.mp3",
        "annId": 18557
    },
    {
        "animeEng": "Okamikakushi: Masque of the Wolf",
        "animeRomaji": "Ookami Kakushi",
        "songName": "Jouga no Hassaku",
        "artist": "Masashi Ooyama",
        "type": "Insert Song",
        "correctCount": 29,
        "startTime": 0,
        "songDuration": 44.544,
        "songNumber": 35,
        "activePlayerCount": 218,
        "LinkVideo": "https://files.catbox.moe/i9s2g9.webm",
        "LinkMp3": "https://files.catbox.moe/sazc7d.mp3",
        "annId": 11045
    },
    {
        "animeEng": "Kakegurui\u00d7\u00d7",
        "animeRomaji": "Kakegurui\u00d7\u00d7",
        "songName": "Kono Yubi Tomare",
        "artist": "JUNNA",
        "type": "Opening 1",
        "correctCount": 134,
        "startTime": 60,
        "songDuration": 89.856,
        "songNumber": 36,
        "activePlayerCount": 217,
        "LinkVideo": "https://files.catbox.moe/9zfc33.webm",
        "LinkMp3": "https://files.catbox.moe/ox1mx4.mp3",
        "annId": 21292
    },
    {
        "animeEng": "Ore no Sora Keiji-hen",
        "animeRomaji": "Ore no Sora Keiji-hen",
        "songName": "Taiyou to Hokori no Naka de",
        "artist": "CHAGE&ASKA",
        "type": "Ending 1",
        "correctCount": 5,
        "startTime": 91,
        "songDuration": 188.712,
        "songNumber": 37,
        "activePlayerCount": 218,
        "LinkVideo": "https://files.catbox.moe/21i7jv.webm",
        "LinkMp3": "https://files.catbox.moe/qx2ta4.mp3",
        "annId": 7316,
        "correctPlayers": [
            "Zylda",
            "Nwaz",
            "Erel",
            "theyingster",
            "Hyonoka"
        ]
    },
    {
        "animeEng": "Air",
        "animeRomaji": "Air",
        "songName": "Farewell song",
        "artist": "Lia",
        "type": "Ending 1",
        "correctCount": 99,
        "startTime": 18,
        "songDuration": 89.16,
        "songNumber": 38,
        "activePlayerCount": 217,
        "LinkVideo": "https://files.catbox.moe/wbq715.webm",
        "LinkMp3": "https://files.catbox.moe/8xzzrg.mp3",
        "annId": 2480
    },
    {
        "animeEng": "Argonavis from BanG Dream!",
        "animeRomaji": "Argonavis from BanG Dream!",
        "songName": "Goal Line",
        "artist": "Argonavis",
        "type": "Ending 2",
        "correctCount": 32,
        "startTime": 54,
        "songDuration": 96.432,
        "songNumber": 39,
        "activePlayerCount": 219,
        "LinkVideo": "https://files.catbox.moe/3mdsm4.webm",
        "LinkMp3": "https://files.catbox.moe/4vruer.mp3",
        "annId": 23027
    },
    {
        "animeEng": "Dororon Enma-kun",
        "animeRomaji": "Dororon Enma-kun",
        "songName": "Dororon Enma-kun",
        "artist": "Chika Nakayama",
        "type": "Opening 1",
        "correctCount": 73,
        "startTime": 6,
        "songDuration": 63.216,
        "songNumber": 40,
        "activePlayerCount": 221,
        "LinkVideo": "https://files.catbox.moe/bc7q3p.webm",
        "LinkMp3": "https://files.catbox.moe/6c9kr3.mp3",
        "annId": 1321
    },
    {
        "animeEng": "A Little Snow Fairy Sugar",
        "animeRomaji": "Chicchana Yukitsukai Sugar",
        "songName": "Sugar Baby Love",
        "artist": "Yoko Ishida",
        "type": "Opening 1",
        "correctCount": 25,
        "startTime": 29,
        "songDuration": 90.072,
        "songNumber": 41,
        "activePlayerCount": 221,
        "LinkVideo": "https://files.catbox.moe/hsw6dg.webm",
        "LinkMp3": "https://files.catbox.moe/jfwy34.mp3",
        "annId": 1018
    },
    {
        "animeEng": "Buddy Complex: Into the Skies of Tomorrow",
        "animeRomaji": "Buddy Complex: Kanketsu-hen - Ano Sora ni Kaeru Mirai de",
        "songName": "UNISONIA",
        "artist": "TRUE",
        "type": "Opening 1",
        "correctCount": 44,
        "startTime": 13,
        "songDuration": 89.52,
        "songNumber": 42,
        "activePlayerCount": 222,
        "LinkVideo": "https://files.catbox.moe/1jifho.webm",
        "LinkMp3": "https://files.catbox.moe/sgp04f.mp3",
        "annId": 16097
    },
    {
        "animeEng": "Magic Tree House",
        "animeRomaji": "Magic Tree House",
        "songName": "Message",
        "artist": "Kana Uemura",
        "type": "Ending 1",
        "correctCount": 3,
        "startTime": 85,
        "songDuration": 253.032,
        "songNumber": 43,
        "activePlayerCount": 221,
        "LinkVideo": "https://files.catbox.moe/n7i84g.webm",
        "LinkMp3": "https://files.catbox.moe/ddtd3n.mp3",
        "annId": 12584,
        "correctPlayers": [
            "Orfey",
            "watashiii",
            "theyingster"
        ]
    },
    {
        "animeEng": "Rave Master",
        "animeRomaji": "Rave",
        "songName": "Higher and Higher",
        "artist": "Ayako Kawasumi",
        "type": "Opening 3",
        "correctCount": 17,
        "startTime": 49,
        "songDuration": 88.776,
        "songNumber": 44,
        "activePlayerCount": 221,
        "LinkVideo": "https://files.catbox.moe/vsps5j.webm",
        "LinkMp3": "https://files.catbox.moe/63n4q5.mp3",
        "annId": 1784
    },
    {
        "animeEng": "Vividred Operation",
        "animeRomaji": "Vividred Operation",
        "songName": "Energy",
        "artist": "earthmind",
        "type": "Opening 1",
        "correctCount": 22,
        "startTime": 22,
        "songDuration": 90.072,
        "songNumber": 45,
        "activePlayerCount": 221,
        "LinkVideo": "https://files.catbox.moe/alhfcv.webm",
        "LinkMp3": "https://files.catbox.moe/yl7ch0.mp3",
        "annId": 14723
    },
    {
        "animeEng": "Kumamiko: Girl Meets Bear",
        "animeRomaji": "Kuma Miko",
        "songName": "KUMAMIKO DANCING",
        "artist": "Natsumi Hioka & Hiroki Yasumoto feat. Kumaide-mura no Mina-san",
        "type": "Ending 1",
        "correctCount": 77,
        "startTime": 28,
        "songDuration": 88.872,
        "songNumber": 46,
        "activePlayerCount": 217,
        "LinkVideo": "https://files.catbox.moe/dju772.webm",
        "LinkMp3": "https://files.catbox.moe/vjx6oc.mp3",
        "annId": 17714
    },
    {
        "animeEng": "Future Cop Urashiman",
        "animeRomaji": "Urashiman",
        "songName": "Midnight Submarine",
        "artist": "HARRY",
        "type": "Opening 1",
        "correctCount": 3,
        "startTime": 14,
        "songDuration": 78.648,
        "songNumber": 47,
        "activePlayerCount": 214,
        "LinkVideo": "https://files.catbox.moe/ewoqgf.webm",
        "LinkMp3": "https://files.catbox.moe/25lfd9.mp3",
        "annId": 2620,
        "correctPlayers": [
            "watashiii",
            "Zylda",
            "Black_Flame"
        ]
    },
    {
        "animeEng": "Bodacious Space Pirates",
        "animeRomaji": "Mouretsu Pirates",
        "songName": "Toumei na Yozora ~Matataku Hoshi ni Tsutsumarete~",
        "artist": "Mikako Komatsu",
        "type": "Insert Song",
        "correctCount": 3,
        "startTime": 48,
        "songDuration": 202.032,
        "songNumber": 48,
        "activePlayerCount": 216,
        "LinkVideo": "https://files.catbox.moe/1xs18j.webm",
        "LinkMp3": "https://files.catbox.moe/w8mwmq.mp3",
        "annId": 11399,
        "correctPlayers": [
            "Hejsan",
            "Emilyy",
            "HDNC"
        ]
    },
    {
        "animeEng": "Fresh Pretty Cure",
        "animeRomaji": "Fresh Precure!",
        "songName": "Let's! Fresh Precure! ~Hybrid Version~",
        "artist": "Mizuki Moie",
        "type": "Opening 2",
        "correctCount": 92,
        "startTime": 40,
        "songDuration": 84.024,
        "songNumber": 49,
        "activePlayerCount": 216,
        "LinkVideo": "https://files.catbox.moe/jpu3s6.webm",
        "LinkMp3": "https://files.catbox.moe/1ml3ki.mp3",
        "annId": 10499
    },
    {
        "animeEng": "Ebiten: Ebisugawa Public High School's Tenmonbu",
        "animeRomaji": "Ebiten: Kouritsu Ebisugawa Koukou Tenmon-Bu",
        "songName": "Himitsu Ku-da-sa-i",
        "artist": "Satomi Satou",
        "type": "Insert Song",
        "correctCount": 7,
        "startTime": 52,
        "songDuration": 291.456,
        "songNumber": 50,
        "activePlayerCount": 215,
        "LinkVideo": "https://files.catbox.moe/tbn8ep.webm",
        "LinkMp3": "https://files.catbox.moe/k6d073.mp3",
        "annId": 23867
    },
    {
        "animeEng": "11eyes",
        "animeRomaji": "11eyes",
        "songName": "Arrival of Tears",
        "artist": "Ayane",
        "type": "Opening 1",
        "correctCount": 97,
        "startTime": 34,
        "songDuration": 87.672,
        "songNumber": 51,
        "activePlayerCount": 214,
        "LinkVideo": "https://files.catbox.moe/t5tlxs.webm",
        "LinkMp3": "https://files.catbox.moe/cn69f1.mp3",
        "annId": 10935
    },
    {
        "animeEng": "Shadows House",
        "animeRomaji": "Shadows House",
        "songName": "Nainai",
        "artist": "ReoNa",
        "type": "Ending 1",
        "correctCount": 102,
        "startTime": 26,
        "songDuration": 88.896,
        "songNumber": 52,
        "activePlayerCount": 216,
        "LinkVideo": "https://files.catbox.moe/ljuywp.webm",
        "LinkMp3": "https://files.catbox.moe/h3oyx4.mp3",
        "annId": 23751
    },
    {
        "animeEng": "Haruka Nogizaka's Secret Purezza",
        "animeRomaji": "Nogizaka Haruka no Himitsu: Purezza",
        "songName": "Le Secret",
        "artist": "Mamiko Noto",
        "type": "Insert Song",
        "correctCount": 51,
        "startTime": 0,
        "songDuration": 24.624,
        "songNumber": 53,
        "activePlayerCount": 217,
        "LinkVideo": "https://files.catbox.moe/i5knk3.webm",
        "LinkMp3": "https://files.catbox.moe/uo8acb.mp3",
        "annId": 10619
    },
    {
        "animeEng": "Dimension W",
        "animeRomaji": "Dimension W",
        "songName": "Genesis",
        "artist": "STEREO DIVE FOUNDATION",
        "type": "Opening 1",
        "correctCount": 123,
        "startTime": 55,
        "songDuration": 90.072,
        "songNumber": 54,
        "activePlayerCount": 220,
        "LinkVideo": "https://files.catbox.moe/t1j3kl.webm",
        "LinkMp3": "https://files.catbox.moe/gl8vdc.mp3",
        "annId": 17285
    },
    {
        "animeEng": "Idol Time PriPara",
        "animeRomaji": "Idol Time PriPara",
        "songName": "Puritto Perfect",
        "artist": "Yuu Serizawa",
        "type": "Insert Song",
        "correctCount": 69,
        "startTime": 4,
        "songDuration": 89.856,
        "songNumber": 55,
        "activePlayerCount": 221,
        "LinkVideo": "https://files.catbox.moe/aqmnrk.webm",
        "LinkMp3": "https://files.catbox.moe/umodww.mp3",
        "annId": 19329
    },
    {
        "animeEng": "The Asterisk War",
        "animeRomaji": "Gakusen Toshi Asterisk",
        "songName": "Ai no Taiyou",
        "artist": "Haruka Chisuga",
        "type": "Insert Song",
        "correctCount": 59,
        "startTime": 33,
        "songDuration": 82.464,
        "songNumber": 56,
        "activePlayerCount": 220,
        "LinkVideo": "https://files.catbox.moe/wd0a2f.webm",
        "LinkMp3": "https://files.catbox.moe/bqmqzu.mp3",
        "annId": 16943
    },
    {
        "animeEng": "ReLIFE",
        "animeRomaji": "ReLIFE",
        "songName": "Button",
        "artist": "PENGUIN RESEARCH",
        "type": "Opening 1",
        "correctCount": 147,
        "startTime": 32,
        "songDuration": 88.2,
        "songNumber": 57,
        "activePlayerCount": 219,
        "LinkVideo": "https://files.catbox.moe/ylphx6.webm",
        "LinkMp3": "https://files.catbox.moe/rrtp9b.mp3",
        "annId": 20461
    },
    {
        "animeEng": "PriPri Chii-chan!!",
        "animeRomaji": "PuriPuri Chi-chan!!",
        "songName": "Tokubetsu Ichiban!!",
        "artist": "Momo Asakura",
        "type": "Opening 1",
        "correctCount": 7,
        "startTime": 21,
        "songDuration": 59.376,
        "songNumber": 58,
        "activePlayerCount": 221,
        "LinkVideo": "https://files.catbox.moe/hevzmx.webm",
        "LinkMp3": "https://files.catbox.moe/ydywi7.mp3",
        "annId": 19325
    },
    {
        "animeEng": "Saki Episode of Side A",
        "animeRomaji": "Saki Achiga-hen Episode of Side-A",
        "songName": "Miracle Rush",
        "artist": "StylipS",
        "type": "Opening 1",
        "correctCount": 23,
        "startTime": 54,
        "songDuration": 89.52,
        "songNumber": 59,
        "activePlayerCount": 220,
        "LinkVideo": "https://files.catbox.moe/1yj5w6.webm",
        "LinkMp3": "https://files.catbox.moe/x90ig0.mp3",
        "annId": 13661
    },
    {
        "animeEng": "Aikatsu Planet!",
        "animeRomaji": "Aikatsu Planet!",
        "songName": "HAPPY\u221eAikatsu!",
        "artist": "Mao\u30fbAyumi from STARRY PLANET\u2606",
        "type": "Insert Song",
        "correctCount": 21,
        "startTime": 45,
        "songDuration": 126.408,
        "songNumber": 60,
        "activePlayerCount": 220,
        "LinkVideo": "https://files.catbox.moe/wdmk7o.webm",
        "LinkMp3": "https://files.catbox.moe/0topr4.mp3",
        "annId": 23849
    },
    {
        "animeEng": "Elfen Lied",
        "animeRomaji": "Elfen Lied",
        "songName": "be your girl",
        "artist": "Chieko Kawabe",
        "type": "Ending 1",
        "correctCount": 116,
        "startTime": 57,
        "songDuration": 90.068656,
        "songNumber": 61,
        "activePlayerCount": 220,
        "LinkVideo": "https://files.catbox.moe/em4xv0.webm",
        "LinkMp3": "https://files.catbox.moe/vn9bxb.mp3",
        "annId": 5409
    },
    {
        "animeEng": "One Piece Episode of Sorajima",
        "animeRomaji": "One Piece Episode of Sorajima",
        "songName": "Hope",
        "artist": "Namie Amuro",
        "type": "Ending 1",
        "correctCount": 89,
        "startTime": 21,
        "songDuration": 117.731854,
        "songNumber": 62,
        "activePlayerCount": 220,
        "LinkVideo": "https://files.catbox.moe/7n5a0z.webm",
        "LinkMp3": "https://files.catbox.moe/iwgcm7.mp3",
        "annId": 20960
    },
    {
        "animeEng": "RahXephon",
        "animeRomaji": "RahXephon",
        "songName": "Hemisphere",
        "artist": "Maaya Sakamoto",
        "type": "Opening 1",
        "correctCount": 59,
        "startTime": 57,
        "songDuration": 89.544,
        "songNumber": 63,
        "activePlayerCount": 221,
        "LinkVideo": "https://files.catbox.moe/jhexhu.webm",
        "LinkMp3": "https://files.catbox.moe/uhgs28.mp3",
        "annId": 3064
    },
    {
        "animeEng": "Afro Samurai",
        "animeRomaji": "Afro Samurai",
        "songName": "AFRO THEME",
        "artist": "THE RZA",
        "type": "Opening 1",
        "correctCount": 100,
        "startTime": 0,
        "songDuration": 29.568,
        "songNumber": 64,
        "activePlayerCount": 221,
        "LinkVideo": "https://files.catbox.moe/9o3hj5.webm",
        "LinkMp3": "https://files.catbox.moe/6nloxy.mp3",
        "annId": 5275
    },
    {
        "animeEng": "Lovedol: Lovely Idol",
        "animeRomaji": "Lovedol: Lovely Idol",
        "songName": "HAPPY CLOVER",
        "artist": "Sakura Nogawa & Mai Nakahara & Haruko Momoi & Yuuko Gotou & Minori Chihara & Kanako Sakai",
        "type": "Insert Song",
        "correctCount": 3,
        "startTime": 49,
        "songDuration": 96.834254,
        "songNumber": 65,
        "activePlayerCount": 222,
        "LinkVideo": "https://files.catbox.moe/d79txl.webm",
        "LinkMp3": "https://files.catbox.moe/ok6475.mp3",
        "annId": 6807,
        "correctPlayers": [
            "Heyko",
            "gaaw",
            "watashiii"
        ]
    },
    {
        "animeEng": "Phi Brain: Puzzle of God - The Orpheus Order",
        "animeRomaji": "Phi-Brain - Kami no Puzzle: Orpheus Order-hen",
        "songName": "Now or Never",
        "artist": "nano",
        "type": "Opening 1",
        "correctCount": 40,
        "startTime": 18,
        "songDuration": 88.56,
        "songNumber": 66,
        "activePlayerCount": 221,
        "LinkVideo": "https://files.catbox.moe/doxeb4.webm",
        "LinkMp3": "https://files.catbox.moe/95x6ba.mp3",
        "annId": 14121
    },
    {
        "animeEng": "Carole & Tuesday",
        "animeRomaji": "Carole & Tuesday",
        "songName": "After the Fire",
        "artist": "Nai Br.XX&Celeina Ann feat. Lauren Dyson",
        "type": "Insert Song",
        "correctCount": 127,
        "startTime": 114,
        "songDuration": 152.04,
        "songNumber": 67,
        "activePlayerCount": 222,
        "LinkVideo": "https://files.catbox.moe/fgzhoe.webm",
        "LinkMp3": "https://files.catbox.moe/7zoqep.mp3",
        "annId": 21557
    },
    {
        "animeEng": "Keep Your Hands Off Eizouken!",
        "animeRomaji": "Eizouken ni wa Te o Dasu na!",
        "songName": "Namae no Nai Ao",
        "artist": "Kami-sama, Boku wa Kizuite Shimatta",
        "type": "Ending 1",
        "correctCount": 67,
        "startTime": 13,
        "songDuration": 89.064,
        "songNumber": 68,
        "activePlayerCount": 222,
        "LinkVideo": "https://files.catbox.moe/ilai9r.webm",
        "LinkMp3": "https://files.catbox.moe/6p6um6.mp3",
        "annId": 22561
    },
    {
        "animeEng": "100 Sleeping Princes and the Kingdom of Dreams: The Animation",
        "animeRomaji": "Yume Oukoku to Nemureru 100-Nin no Ouji-sama",
        "songName": "Secret Dreams",
        "artist": "Kenichi Suzumura & Yuu Miyazaki",
        "type": "Ending 1",
        "correctCount": 2,
        "startTime": 18,
        "songDuration": 88.464,
        "songNumber": 69,
        "activePlayerCount": 219,
        "LinkVideo": "https://files.catbox.moe/c0nl9p.webm",
        "LinkMp3": "https://files.catbox.moe/sbtbix.mp3",
        "annId": 21052,
        "correctPlayers": [
            "PileOfBodies",
            "HDNC"
        ]
    },
    {
        "animeEng": "My Hero Academia",
        "animeRomaji": "Boku no Hero Academia",
        "songName": "Might",
        "artist": "Makayla Phillips",
        "type": "Insert Song",
        "correctCount": 66,
        "startTime": 39,
        "songDuration": 98.88,
        "songNumber": 70,
        "activePlayerCount": 219,
        "LinkVideo": "https://files.catbox.moe/f527w3.webm",
        "LinkMp3": "https://files.catbox.moe/ktgne8.mp3",
        "annId": 22265
    },
    {
        "animeEng": "Persona 4 the Golden Animation",
        "animeRomaji": "Persona 4 the Golden Animation",
        "songName": "Never More",
        "artist": "Shihoko Hirata",
        "type": "Ending 4",
        "correctCount": 69,
        "startTime": 67,
        "songDuration": 160.344,
        "songNumber": 71,
        "activePlayerCount": 219,
        "LinkVideo": "https://files.catbox.moe/cvuxyy.webm",
        "LinkMp3": "https://files.catbox.moe/phbs0u.mp3",
        "annId": 16027
    },
    {
        "animeEng": "Sherlock Hound",
        "animeRomaji": "Meitantei Holmes",
        "songName": "Thames Gawa no Dance",
        "artist": "Da Capo",
        "type": "Ending 1",
        "correctCount": 5,
        "startTime": 45,
        "songDuration": 77.064,
        "songNumber": 72,
        "activePlayerCount": 220,
        "LinkVideo": "https://files.catbox.moe/rua2l0.webm",
        "LinkMp3": "https://files.catbox.moe/cleseu.mp3",
        "annId": 290,
        "correctPlayers": [
            "Megu29",
            "Ignir11",
            "Nwaz",
            "Erel",
            "Curdy"
        ]
    },
    {
        "animeEng": "Gintama'",
        "animeRomaji": "Gintama'",
        "songName": "Sakura Mitsutsuki",
        "artist": "SPYAIR",
        "type": "Opening 1",
        "correctCount": 68,
        "startTime": 11,
        "songDuration": 89.568,
        "songNumber": 73,
        "activePlayerCount": 222,
        "LinkVideo": "https://files.catbox.moe/dzdpkz.webm",
        "LinkMp3": "https://files.catbox.moe/godez1.mp3",
        "annId": 12835
    },
    {
        "animeEng": "Tawawa on Monday",
        "animeRomaji": "Getsuyoubi no Tawawa",
        "songName": "Otome no Tawawa",
        "artist": "Sayaka Harada",
        "type": "Ending 1",
        "correctCount": 33,
        "startTime": 15,
        "songDuration": 60.0806,
        "songNumber": 74,
        "activePlayerCount": 223,
        "LinkVideo": "https://files.catbox.moe/095ye6.webm",
        "LinkMp3": "https://files.catbox.moe/tojnzl.mp3",
        "annId": 18786
    },
    {
        "animeEng": "Pok\u00e9mon XY",
        "animeRomaji": "Pocket Monsters XY",
        "songName": "Mega V (Volt)",
        "artist": "Yusuke",
        "type": "Opening 2",
        "correctCount": 129,
        "startTime": 4,
        "songDuration": 88.056,
        "songNumber": 75,
        "activePlayerCount": 223,
        "LinkVideo": "https://files.catbox.moe/sysi2h.webm",
        "LinkMp3": "https://files.catbox.moe/zvgrif.mp3",
        "annId": 15491
    },
    {
        "animeEng": "Aqua Age",
        "animeRomaji": "Mizu-iro Jidai",
        "songName": "Kimi ga Iru kara",
        "artist": "Kouichi Nakajima",
        "type": "Insert Song",
        "correctCount": 2,
        "startTime": 20,
        "songDuration": 110.914012,
        "songNumber": 76,
        "activePlayerCount": 221,
        "LinkVideo": "https://files.catbox.moe/wib27t.webm",
        "LinkMp3": "https://files.catbox.moe/v8ul8h.mp3",
        "annId": 1162,
        "correctPlayers": [
            "gaaw",
            "NijinoYume721"
        ]
    },
    {
        "animeEng": "gdgd Fairies",
        "animeRomaji": "gdgd Fairies",
        "songName": "Gudaguda Ittenjanee!",
        "artist": "gdgd Fairies",
        "type": "Opening 3",
        "correctCount": 33,
        "startTime": 17,
        "songDuration": 51.36,
        "songNumber": 77,
        "activePlayerCount": 220,
        "LinkVideo": "https://files.catbox.moe/yws1gw.webm",
        "LinkMp3": "https://files.catbox.moe/t74zlk.mp3",
        "annId": 14973
    },
    {
        "animeEng": "Gankutsuou",
        "animeRomaji": "Gankutsuou: The Count of Monte Cristo",
        "songName": "We Were Lovers",
        "artist": "Jean-Jacques Burnel",
        "type": "Opening 1",
        "correctCount": 84,
        "startTime": 7,
        "songDuration": 87.648,
        "songNumber": 78,
        "activePlayerCount": 219,
        "LinkVideo": "https://files.catbox.moe/cvpu9z.webm",
        "LinkMp3": "https://files.catbox.moe/7gjhiv.mp3",
        "annId": 4194
    },
    {
        "animeEng": "Rascal Does Not Dream of Bunny Girl Senpai",
        "animeRomaji": "Seishun Buta Yarou wa Bunny Girl Senpai no Yume o Minai",
        "songName": "BABY!",
        "artist": "Sweet Bullet",
        "type": "Insert Song",
        "correctCount": 89,
        "startTime": 19,
        "songDuration": 68.809725,
        "songNumber": 79,
        "activePlayerCount": 221,
        "LinkVideo": "https://files.catbox.moe/5ty5ef.webm",
        "LinkMp3": "https://files.catbox.moe/zp3w8z.mp3",
        "annId": 20848
    },
    {
        "animeEng": "AOKANA: Four Rhythm Across the Blue",
        "animeRomaji": "Ao no Kanata no Four Rhythm",
        "songName": "Contrail~Kiseki~",
        "artist": "Mami Kawada",
        "type": "Opening 1",
        "correctCount": 73,
        "startTime": 24,
        "songDuration": 89.064,
        "songNumber": 80,
        "activePlayerCount": 221,
        "LinkVideo": "https://files.catbox.moe/v8r4gj.webm",
        "LinkMp3": "https://files.catbox.moe/reod9s.mp3",
        "annId": 16555
    },
    {
        "animeEng": "Undefeated Bahamut Chronicle",
        "animeRomaji": "Saijaku Muhai no Bahamut",
        "songName": "Lime Tree",
        "artist": "nano.RIPE",
        "type": "Ending 1",
        "correctCount": 44,
        "startTime": 9,
        "songDuration": 88.104,
        "songNumber": 81,
        "activePlayerCount": 222,
        "LinkVideo": "https://files.catbox.moe/unphpj.webm",
        "LinkMp3": "https://files.catbox.moe/dpzd5k.mp3",
        "annId": 17064
    },
    {
        "animeEng": "I Can't Understand What My Husband is Saying: 2nd Thread",
        "animeRomaji": "Danna ga Nani o Itteiru ka Wakaranai Ken 2-sure-me",
        "songName": "Yuruganu Futari ~Ai no Sanka~",
        "artist": "Kaoru to Hajime",
        "type": "Ending 1",
        "correctCount": 80,
        "startTime": 3,
        "songDuration": 32.016,
        "songNumber": 82,
        "activePlayerCount": 222,
        "LinkVideo": "https://files.catbox.moe/jpzosf.webm",
        "LinkMp3": "https://files.catbox.moe/o7pn8e.mp3",
        "annId": 16654
    },
    {
        "animeEng": "Attack on Titan Season 2",
        "animeRomaji": "Shingeki no Kyojin Season 2",
        "songName": "Shinzou wo Sasageyo!",
        "artist": "Linked Horizon",
        "type": "Opening 1",
        "correctCount": 191,
        "startTime": 56,
        "songDuration": 88.992,
        "songNumber": 83,
        "activePlayerCount": 222,
        "LinkVideo": "https://files.catbox.moe/cdf1hm.webm",
        "LinkMp3": "https://files.catbox.moe/t5hq9m.mp3",
        "annId": 16681
    },
    {
        "animeEng": "Tales of the Abyss",
        "animeRomaji": "Tales of the Abyss",
        "songName": "Karma",
        "artist": "BUMP OF CHICKEN",
        "type": "Opening 1",
        "correctCount": 72,
        "startTime": 83,
        "songDuration": 128.376,
        "songNumber": 84,
        "activePlayerCount": 222,
        "LinkVideo": "https://files.catbox.moe/oed6vi.webm",
        "LinkMp3": "https://files.catbox.moe/tp8o5k.mp3",
        "annId": 10149
    },
    {
        "animeEng": "planetarian: Snow Globe",
        "animeRomaji": "planetarian: Snow Globe",
        "songName": "Snow Globe",
        "artist": "Riko Azuna",
        "type": "Ending 1",
        "correctCount": 8,
        "startTime": 26,
        "songDuration": 324.552,
        "songNumber": 85,
        "activePlayerCount": 213,
        "LinkVideo": "https://files.catbox.moe/kghurw.webm",
        "LinkMp3": "https://files.catbox.moe/i0x1js.mp3",
        "annId": 24071
    }
]