[
    {
        "animeEng": "Crazy Over His Fingers",
        "animeRomaji": "Ore no Yubi de Midarero. Heiten-go Futarikiri no Salon de...",
        "songName": "Yubisaki no Mahou",
        "artist": "Wataru Komada",
        "type": "Ending 1",
        "correctCount": 7,
        "startTime": 0,
        "songDuration": 20.064,
        "songNumber": 1,
        "activePlayerCount": 87,
        "LinkVideo": "https://files.catbox.moe/6tg1zf.webm",
        "LinkMp3": "https://files.catbox.moe/jtxg9m.mp3",
        "annId": 23047
    },
    {
        "animeEng": "Galaxy Express 999",
        "animeRomaji": "Ginga Tetsudou 999",
        "songName": "Ginga Tetsudou 999",
        "artist": "Isao Sasaki & Suginami Jidou Gasshou-dan",
        "type": "Opening 1",
        "correctCount": 19,
        "startTime": 34,
        "songDuration": 65.592,
        "songNumber": 2,
        "activePlayerCount": 91,
        "LinkVideo": "https://files.catbox.moe/2recbd.webm",
        "LinkMp3": "https://files.catbox.moe/qkglm9.mp3",
        "annId": 1361
    },
    {
        "animeEng": "KenIchi: The Mightiest Disciple",
        "animeRomaji": "Shijou Saikyou no Deshi Kenichi",
        "songName": "Be Strong",
        "artist": "Kana Yazumi",
        "type": "Opening 1",
        "correctCount": 11,
        "startTime": 50,
        "songDuration": 89.544,
        "songNumber": 3,
        "activePlayerCount": 94,
        "LinkVideo": "https://files.catbox.moe/728ozm.webm",
        "LinkMp3": "https://files.catbox.moe/whknm3.mp3",
        "annId": 6864
    },
    {
        "animeEng": "A Destructive God Sits Next to Me",
        "animeRomaji": "Boku no Tonari ni Ankoku Hakaishin ga Imasu.",
        "songName": "Take mo' Chance",
        "artist": "all at once",
        "type": "Opening 1",
        "correctCount": 21,
        "startTime": 37,
        "songDuration": 87.888,
        "songNumber": 4,
        "activePlayerCount": 96,
        "LinkVideo": "https://files.catbox.moe/wyqi8h.webm",
        "LinkMp3": "https://files.catbox.moe/7i17ye.mp3",
        "annId": 22530
    },
    {
        "animeEng": "Maison Ikkoku",
        "animeRomaji": "Maison Ikkoku",
        "songName": "Hidamari",
        "artist": "Kouzou Murashita",
        "type": "Opening 5",
        "correctCount": 10,
        "startTime": 12,
        "songDuration": 88.656,
        "songNumber": 5,
        "activePlayerCount": 95,
        "LinkVideo": "https://files.catbox.moe/7y380m.webm",
        "LinkMp3": "https://files.catbox.moe/sq0pp8.mp3",
        "annId": 376
    },
    {
        "animeEng": "Mobile Suit Gundam ZZ",
        "animeRomaji": "Kidou Senshi Gundam ZZ",
        "songName": "Silent Voice",
        "artist": "Jun Hiroe",
        "type": "Opening 2",
        "correctCount": 13,
        "startTime": 9,
        "songDuration": 90.216,
        "songNumber": 6,
        "activePlayerCount": 94,
        "LinkVideo": "https://files.catbox.moe/0au2pg.webm",
        "LinkMp3": "https://files.catbox.moe/3bzcs7.mp3",
        "annId": 1400
    },
    {
        "animeEng": "One Piece: Romance Dawn Story",
        "animeRomaji": "One Piece: Romance Dawn Story",
        "songName": "We Are!",
        "artist": "Hiroshi Kitadani",
        "type": "Insert Song",
        "correctCount": 56,
        "startTime": 46,
        "songDuration": 89.664,
        "songNumber": 7,
        "activePlayerCount": 96,
        "LinkVideo": "https://files.catbox.moe/u17lqt.webm",
        "LinkMp3": "https://files.catbox.moe/7egb4d.mp3",
        "annId": 14938
    },
    {
        "animeEng": "Parallel World Samurai",
        "animeRomaji": "Sengoku Collection",
        "songName": "Misty Moon",
        "artist": "Yuka Terasaki",
        "type": "Insert Song",
        "correctCount": 1,
        "startTime": 2,
        "songDuration": 40.2,
        "songNumber": 8,
        "activePlayerCount": 94,
        "LinkVideo": "https://files.catbox.moe/4mppqn.webm",
        "LinkMp3": "https://files.catbox.moe/ftiki8.mp3",
        "annId": 13895,
        "correctPlayers": [
            "ArukasFrost"
        ]
    },
    {
        "animeEng": "Accel World: Infinite Burst",
        "animeRomaji": "Accel World: Infinite Burst",
        "songName": "PLASMIC FIRE",
        "artist": "KOTOKO\u00d7ALTIMA",
        "type": "Ending 1",
        "correctCount": 34,
        "startTime": 66,
        "songDuration": 101.616,
        "songNumber": 9,
        "activePlayerCount": 94,
        "LinkVideo": "https://files.catbox.moe/f5te8g.webm",
        "LinkMp3": "https://files.catbox.moe/mayrdt.mp3",
        "annId": 18063
    },
    {
        "animeEng": "Grave of the Fireflies",
        "animeRomaji": "Hotaru no Haka",
        "songName": "Hanyuu no Yado",
        "artist": "Amelita Galli-Curci",
        "type": "Insert Song",
        "correctCount": 47,
        "startTime": 124,
        "songDuration": 158.64,
        "songNumber": 10,
        "activePlayerCount": 95,
        "LinkVideo": "https://files.catbox.moe/7yda6w.webm",
        "LinkMp3": "https://files.catbox.moe/73sw70.mp3",
        "annId": 152
    },
    {
        "animeEng": "ViVid Strike!",
        "animeRomaji": "ViVid Strike!",
        "songName": "Future Strike",
        "artist": "Yui Ogura",
        "type": "Opening 1",
        "correctCount": 41,
        "startTime": 34,
        "songDuration": 89.064,
        "songNumber": 11,
        "activePlayerCount": 98,
        "LinkVideo": "https://files.catbox.moe/tszg3u.webm",
        "LinkMp3": "https://files.catbox.moe/8eqv28.mp3",
        "annId": 18664
    },
    {
        "animeEng": "Ah! My Goddess: Flights of Fancy",
        "animeRomaji": "Aa Megami-sama: Sorezore no Tsubasa",
        "songName": "OPEN YOUR MIND ~Chiisana Hane Hirogete~",
        "artist": "Kikuko Inoue",
        "type": "Insert Song",
        "correctCount": 4,
        "startTime": 1,
        "songDuration": 32.064,
        "songNumber": 12,
        "activePlayerCount": 99,
        "LinkVideo": "https://files.catbox.moe/4g9kn5.webm",
        "LinkMp3": "https://files.catbox.moe/mxrkv1.mp3",
        "annId": 6426,
        "correctPlayers": [
            "IzumiSakai",
            "Arkana",
            "MKNono",
            "MilkJiang"
        ]
    },
    {
        "animeEng": "Haikyu!! Movie Owari to Hajimari",
        "animeRomaji": "Haikyu!! Movie Owari to Hajimari",
        "songName": "Imagination",
        "artist": "SPYAIR",
        "type": "Ending 1",
        "correctCount": 68,
        "startTime": 49,
        "songDuration": 172.2,
        "songNumber": 13,
        "activePlayerCount": 98,
        "LinkVideo": "https://files.catbox.moe/ebat9n.webm",
        "LinkMp3": "https://files.catbox.moe/mcisx6.mp3",
        "annId": 16890
    },
    {
        "animeEng": "Seven Mortal Sins",
        "animeRomaji": "Sin: Nanatsu no Taizai",
        "songName": "Levi no Recipe",
        "artist": "Akane Fujita",
        "type": "Insert Song",
        "correctCount": 4,
        "startTime": 9,
        "songDuration": 71.232,
        "songNumber": 14,
        "activePlayerCount": 98,
        "LinkVideo": "https://files.catbox.moe/6p7awu.webm",
        "LinkMp3": "https://files.catbox.moe/jh8zqv.mp3",
        "annId": 18689,
        "correctPlayers": [
            "AverageEnjoer",
            "husa",
            "KamigishiAkari",
            "Chatmonchy"
        ]
    },
    {
        "animeEng": "The Tale of the Princess Kaguya",
        "animeRomaji": "Kaguya-hime no Monogatari",
        "songName": "Inochi no Kioku",
        "artist": "Kazumi Nikaido",
        "type": "Ending 1",
        "correctCount": 5,
        "startTime": 139,
        "songDuration": 331.056,
        "songNumber": 15,
        "activePlayerCount": 97,
        "LinkVideo": "https://files.catbox.moe/6jfm1a.webm",
        "LinkMp3": "https://files.catbox.moe/1l7oss.mp3",
        "annId": 14976,
        "correctPlayers": [
            "revel_",
            "Arkana",
            "tomokarin",
            "Mavintino",
            "KamigishiAkari"
        ]
    },
    {
        "animeEng": "Space Battleship Yamato: The New Voyage",
        "animeRomaji": "Uchuu Senkan Yamato: Aratanaru Tabidachi",
        "songName": "Yamato!! Aratanaru Tabidachi",
        "artist": "Isao Sasaki",
        "type": "Insert Song",
        "correctCount": 5,
        "startTime": 42,
        "songDuration": 89.088,
        "songNumber": 16,
        "activePlayerCount": 98,
        "LinkVideo": "https://files.catbox.moe/tdm2rn.webm",
        "LinkMp3": "https://files.catbox.moe/yh5o0o.mp3",
        "annId": 3752,
        "correctPlayers": [
            "revel_",
            "Arkana",
            "MKNono",
            "Zylda",
            "tomokarin"
        ]
    },
    {
        "animeEng": "The Super Dimension Fortress Macross: Flash Back 2012",
        "animeRomaji": "The Super Dimension Fortress Macross: Flash Back 2012",
        "songName": "0-G LOVE",
        "artist": "Mari Iijima",
        "type": "Insert Song",
        "correctCount": 29,
        "startTime": 19,
        "songDuration": 64.104,
        "songNumber": 17,
        "activePlayerCount": 101,
        "LinkVideo": "https://files.catbox.moe/yyvogl.webm",
        "LinkMp3": "https://files.catbox.moe/s6vnrk.mp3",
        "annId": 945
    },
    {
        "animeEng": "Himitsu Kessha Taka no Tsume Countdown",
        "animeRomaji": "Himitsu Kessha Taka no Tsume Countdown",
        "songName": "Rock'n Roll Refugee",
        "artist": "manzo",
        "type": "Insert Song",
        "correctCount": 13,
        "startTime": 5,
        "songDuration": 50.064,
        "songNumber": 18,
        "activePlayerCount": 101,
        "LinkVideo": "https://files.catbox.moe/bh34tn.webm",
        "LinkMp3": "https://files.catbox.moe/oid6ro.mp3",
        "annId": 11060
    },
    {
        "animeEng": "Fairy Tail",
        "animeRomaji": "Fairy Tail",
        "songName": "Don't let me down",
        "artist": "Mariya Nishiuchi",
        "type": "Ending 4",
        "correctCount": 16,
        "startTime": 56,
        "songDuration": 88.296,
        "songNumber": 19,
        "activePlayerCount": 100,
        "LinkVideo": "https://files.catbox.moe/abl5qe.webm",
        "LinkMp3": "https://files.catbox.moe/a9bgjl.mp3",
        "annId": 15799
    },
    {
        "animeEng": "Heaven's Design Team",
        "animeRomaji": "Tenchi Souzou Design-bu",
        "songName": "DESIGNED BY HEAVEN!",
        "artist": "Paraiso\u2606Shain Stars",
        "type": "Ending 1",
        "correctCount": 19,
        "startTime": 3,
        "songDuration": 88.824,
        "songNumber": 20,
        "activePlayerCount": 100,
        "LinkVideo": "https://files.catbox.moe/3mo2j5.webm",
        "LinkMp3": "https://files.catbox.moe/rqhk07.mp3",
        "annId": 23475
    },
    {
        "animeEng": "Dear Brother",
        "animeRomaji": "Onii-sama e...",
        "songName": "Kin no Utsuwa, Gin no Utsuwa",
        "artist": "Satomi Takada",
        "type": "Opening 1",
        "correctCount": 7,
        "startTime": 60,
        "songDuration": 106.344,
        "songNumber": 21,
        "activePlayerCount": 101,
        "LinkVideo": "https://files.catbox.moe/rm9j7s.webm",
        "LinkMp3": "https://files.catbox.moe/4hnz56.mp3",
        "annId": 1149
    },
    {
        "animeEng": "Star\u2606Twinkle Precure",
        "animeRomaji": "Star\u2606Twinkle Precure",
        "songName": "Cosmic\u2606Mystery\u2606Girl",
        "artist": "Sumire Uesaka",
        "type": "Insert Song",
        "correctCount": 3,
        "startTime": 45,
        "songDuration": 89.76,
        "songNumber": 22,
        "activePlayerCount": 101,
        "LinkVideo": "https://files.catbox.moe/c64553.webm",
        "LinkMp3": "https://files.catbox.moe/37na4o.mp3",
        "annId": 21719,
        "correctPlayers": [
            "revel_",
            "husa",
            "weavedheart"
        ]
    },
    {
        "animeEng": "The Demon Girl Next Door",
        "animeRomaji": "Machikado Mazoku",
        "songName": "Yoimachi Cantare",
        "artist": "Kouro Machikado",
        "type": "Ending 1",
        "correctCount": 32,
        "startTime": 4,
        "songDuration": 90.168,
        "songNumber": 23,
        "activePlayerCount": 103,
        "LinkVideo": "https://files.catbox.moe/i9b1jt.webm",
        "LinkMp3": "https://files.catbox.moe/emsd5m.mp3",
        "annId": 22008
    },
    {
        "animeEng": "Blade & Soul",
        "animeRomaji": "Blade & Soul",
        "songName": "Sayonara Usotsuki",
        "artist": "MimimemeMIMI",
        "type": "Opening 1",
        "correctCount": 28,
        "startTime": 36,
        "songDuration": 87.552,
        "songNumber": 24,
        "activePlayerCount": 103,
        "LinkVideo": "https://files.catbox.moe/2p5fm5.webm",
        "LinkMp3": "https://files.catbox.moe/kcogi8.mp3",
        "annId": 15893
    },
    {
        "animeEng": "Maria\u2020Holic",
        "animeRomaji": "Maria\u2020Holic",
        "songName": "HANAJI",
        "artist": "Yu Kobayashi",
        "type": "Opening 1",
        "correctCount": 60,
        "startTime": 45,
        "songDuration": 86.856,
        "songNumber": 25,
        "activePlayerCount": 104,
        "LinkVideo": "https://files.catbox.moe/fme10u.webm",
        "LinkMp3": "https://files.catbox.moe/bw2xch.mp3",
        "annId": 10200
    },
    {
        "animeEng": "xxxHOLiC: Rou",
        "animeRomaji": "xxxHOLiC: Rou",
        "songName": "Adayume",
        "artist": "Shikao Suga",
        "type": "Opening 1",
        "correctCount": 8,
        "startTime": 22,
        "songDuration": 112.92,
        "songNumber": 26,
        "activePlayerCount": 104,
        "LinkVideo": "https://files.catbox.moe/gz7qy8.webm",
        "LinkMp3": "https://files.catbox.moe/z4n0kg.mp3",
        "annId": 11396
    },
    {
        "animeEng": "Please Teacher!",
        "animeRomaji": "Please Teacher!",
        "songName": "Shooting Star",
        "artist": "KOTOKO",
        "type": "Opening 1",
        "correctCount": 32,
        "startTime": 53,
        "songDuration": 99.216,
        "songNumber": 27,
        "activePlayerCount": 104,
        "LinkVideo": "https://files.catbox.moe/yxl1hn.webm",
        "LinkMp3": "https://files.catbox.moe/1zs826.mp3",
        "annId": 2046
    },
    {
        "animeEng": "Onsen Yousei Hakone-chan",
        "animeRomaji": "Onsen Yousei Hakone-chan",
        "songName": "Hakone Hakoiri Musume",
        "artist": "petit milady",
        "type": "Opening 1",
        "correctCount": 47,
        "startTime": 0,
        "songDuration": 28.752,
        "songNumber": 28,
        "activePlayerCount": 105,
        "LinkVideo": "https://files.catbox.moe/75xxy4.webm",
        "LinkMp3": "https://files.catbox.moe/usyhc7.mp3",
        "annId": 17255
    },
    {
        "animeEng": "Case Closed",
        "animeRomaji": "Meitantei Conan",
        "songName": "Nazo",
        "artist": "Miho Komatsu",
        "type": "Opening 3",
        "correctCount": 30,
        "startTime": 5,
        "songDuration": 93.24,
        "songNumber": 29,
        "activePlayerCount": 106,
        "LinkVideo": "https://files.catbox.moe/66tme3.webm",
        "LinkMp3": "https://files.catbox.moe/dz3gxj.mp3",
        "annId": 454
    },
    {
        "animeEng": "DearS",
        "animeRomaji": "DearS",
        "songName": "Love Slave",
        "artist": "UNDER17",
        "type": "Ending 2",
        "correctCount": 32,
        "startTime": 53,
        "songDuration": 108.312,
        "songNumber": 30,
        "activePlayerCount": 106,
        "LinkVideo": "https://files.catbox.moe/5if9e0.webm",
        "LinkMp3": "https://files.catbox.moe/8c1jz2.mp3",
        "annId": 4080
    },
    {
        "animeEng": "Magical Girl Site",
        "animeRomaji": "Mahou Shoujo Site",
        "songName": "Changing point",
        "artist": "Ryuusei Nakao",
        "type": "Opening 2",
        "correctCount": 34,
        "startTime": 36,
        "songDuration": 88.344,
        "songNumber": 31,
        "activePlayerCount": 107,
        "LinkVideo": "https://files.catbox.moe/khzme6.webm",
        "LinkMp3": "https://files.catbox.moe/vpspql.mp3",
        "annId": 20511
    },
    {
        "animeEng": "Strike Witches: 501st JOINT FIGHTER WING Take Off! OVA",
        "animeRomaji": "Gekijouban Strike Witches 501 Butai Hasshin Shimasu!",
        "songName": "Treasure of life",
        "artist": "Dai 501 Tougou Sentou Koukuu-dan + Aya Uchida",
        "type": "Ending 1",
        "correctCount": 3,
        "startTime": 21,
        "songDuration": 88.32,
        "songNumber": 32,
        "activePlayerCount": 108,
        "LinkVideo": "https://files.catbox.moe/7c8hcf.webm",
        "LinkMp3": "https://files.catbox.moe/lw4rp6.mp3",
        "annId": 22342,
        "correctPlayers": [
            "revel_",
            "TsuyokiTwintails",
            "IzumiSakai"
        ]
    },
    {
        "animeEng": "PriPara",
        "animeRomaji": "PriPara",
        "songName": "Love-Week-Old",
        "artist": "Chinatsu Akasaki",
        "type": "Insert Song",
        "correctCount": 20,
        "startTime": 34,
        "songDuration": 155.04,
        "songNumber": 33,
        "activePlayerCount": 107,
        "LinkVideo": "https://files.catbox.moe/hytp4o.webm",
        "LinkMp3": "https://files.catbox.moe/ep6izj.mp3",
        "annId": 16674
    },
    {
        "animeEng": "The Samurai",
        "animeRomaji": "The Samurai",
        "songName": "HOLLY NIGHT",
        "artist": "Yoshi Sawamuki",
        "type": "Ending 1",
        "correctCount": 0,
        "startTime": 42,
        "songDuration": 110.064,
        "songNumber": 34,
        "activePlayerCount": 107,
        "LinkVideo": "https://files.catbox.moe/jgo4b6.webm",
        "LinkMp3": "https://files.catbox.moe/wdk9m4.mp3",
        "annId": 2317
    },
    {
        "animeEng": "Ensemble Stars!",
        "animeRomaji": "EnStars",
        "songName": "Blooming World",
        "artist": "MaM",
        "type": "Insert Song",
        "correctCount": 2,
        "startTime": 12,
        "songDuration": 49.2,
        "songNumber": 35,
        "activePlayerCount": 107,
        "LinkVideo": "https://files.catbox.moe/9zpf7p.webm",
        "LinkMp3": "https://files.catbox.moe/w0z2js.mp3",
        "annId": 22259,
        "correctPlayers": [
            "asahiii",
            "veeylilie"
        ]
    },
    {
        "animeEng": "Your Lie in April",
        "animeRomaji": "KimiUso",
        "songName": "Orange (Acoustic Ver.)",
        "artist": "7!!",
        "type": "Ending 3",
        "correctCount": 68,
        "startTime": 56,
        "songDuration": 87.048,
        "songNumber": 36,
        "activePlayerCount": 108,
        "LinkVideo": "https://files.catbox.moe/5s1uop.webm",
        "LinkMp3": "https://files.catbox.moe/50y47n.mp3",
        "annId": 16108
    },
    {
        "animeEng": "STARMYU",
        "animeRomaji": "Koukou Hoshi Kageki",
        "songName": "Kimi ga Soko ni Iru kara",
        "artist": "Natsuki Hanae, Nobuhiko Okamoto",
        "type": "Insert Song",
        "correctCount": 49,
        "startTime": 38,
        "songDuration": 78.552,
        "songNumber": 37,
        "activePlayerCount": 109,
        "LinkVideo": "https://files.catbox.moe/ovhp5g.webm",
        "LinkMp3": "https://files.catbox.moe/7fmttj.mp3",
        "annId": 18192
    },
    {
        "animeEng": "That is the Bottleneck",
        "animeRomaji": "That is the Bottleneck",
        "songName": "Tsukiakari no Selenite",
        "artist": "MoeMi",
        "type": "Insert Song",
        "correctCount": 6,
        "startTime": 9,
        "songDuration": 48.048,
        "songNumber": 38,
        "activePlayerCount": 109,
        "LinkVideo": "https://files.catbox.moe/6wnx1s.webm",
        "LinkMp3": "https://files.catbox.moe/n1c12r.mp3",
        "annId": 23699
    },
    {
        "animeEng": "Teasing Master Takagi-san: Season 2",
        "animeRomaji": "Karakai Jouzu no Takagi-san 2",
        "songName": "Zero Centimeter",
        "artist": "Yuiko Ohara",
        "type": "Opening 1",
        "correctCount": 50,
        "startTime": 0,
        "songDuration": 87.072,
        "songNumber": 39,
        "activePlayerCount": 109,
        "LinkVideo": "https://files.catbox.moe/yxafri.webm",
        "LinkMp3": "https://files.catbox.moe/xvm3vb.mp3",
        "annId": 22274
    },
    {
        "animeEng": "Doraemon",
        "animeRomaji": "Doraemon",
        "songName": "Boku-tachi Chikyuu-jin",
        "artist": "Mitsuko Horie",
        "type": "Ending 4",
        "correctCount": 57,
        "startTime": 14,
        "songDuration": 57.807986,
        "songNumber": 40,
        "activePlayerCount": 111,
        "LinkVideo": "https://files.catbox.moe/3543c9.webm",
        "LinkMp3": "https://files.catbox.moe/ogibix.mp3",
        "annId": 1318
    },
    {
        "animeEng": "Love Stage!!",
        "animeRomaji": "Love Stage!!",
        "songName": "L\u03a6VEST",
        "artist": "SCREEN mode",
        "type": "Opening 1",
        "correctCount": 32,
        "startTime": 21,
        "songDuration": 86.568,
        "songNumber": 41,
        "activePlayerCount": 109,
        "LinkVideo": "https://files.catbox.moe/5b0g02.webm",
        "LinkMp3": "https://files.catbox.moe/7pvivw.mp3",
        "annId": 16280
    },
    {
        "animeEng": "Re:Cutie Honey",
        "animeRomaji": "Re:Cutie Honey",
        "songName": "Cutie Honey",
        "artist": "Kumi Koda",
        "type": "Opening 1",
        "correctCount": 43,
        "startTime": 13,
        "songDuration": 88.368,
        "songNumber": 42,
        "activePlayerCount": 108,
        "LinkVideo": "https://files.catbox.moe/4e5r2f.webm",
        "LinkMp3": "https://files.catbox.moe/t2x8jt.mp3",
        "annId": 3455
    },
    {
        "animeEng": "Ace of the Diamond Second Season",
        "animeRomaji": "Daiya no Ace: Second Season",
        "songName": "BRAND NEW BLUE",
        "artist": "Ryota Ohsaka with Masayoshi Ooishi",
        "type": "Ending 7",
        "correctCount": 3,
        "startTime": 36,
        "songDuration": 88.32,
        "songNumber": 43,
        "activePlayerCount": 106,
        "LinkVideo": "https://files.catbox.moe/807say.webm",
        "LinkMp3": "https://files.catbox.moe/f8b3ht.mp3",
        "annId": 16826,
        "correctPlayers": [
            "black_white_bear",
            "IzumiSakai",
            "VaIaNa"
        ]
    },
    {
        "animeEng": "Fruits Basket Season 2",
        "animeRomaji": "Fruits Basket 2nd Season",
        "songName": "Prism",
        "artist": "AmPm feat. Miyuna",
        "type": "Opening 1",
        "correctCount": 22,
        "startTime": 8,
        "songDuration": 89.568,
        "songNumber": 44,
        "activePlayerCount": 107,
        "LinkVideo": "https://files.catbox.moe/e5f44h.webm",
        "LinkMp3": "https://files.catbox.moe/engqem.mp3",
        "annId": 22588
    },
    {
        "animeEng": "Aikatsu!",
        "animeRomaji": "Aikatsu!",
        "songName": "Idol Katsudou!",
        "artist": "Ruka from STAR\u2606ANIS",
        "type": "Insert Song",
        "correctCount": 60,
        "startTime": 46,
        "songDuration": 81.384,
        "songNumber": 45,
        "activePlayerCount": 106,
        "LinkVideo": "https://files.catbox.moe/j75kxd.webm",
        "LinkMp3": "https://files.catbox.moe/e18u1q.mp3",
        "annId": 15597
    },
    {
        "animeEng": "FLCL",
        "animeRomaji": "Furi Kuri",
        "songName": "Advice",
        "artist": "the pillows",
        "type": "Insert Song",
        "correctCount": 10,
        "startTime": 29,
        "songDuration": 61.961384,
        "songNumber": 46,
        "activePlayerCount": 103,
        "LinkVideo": "https://files.catbox.moe/wzj1lj.webm",
        "LinkMp3": "https://files.catbox.moe/zwo69i.mp3",
        "annId": 277
    },
    {
        "animeEng": "Saga of Tanya the Evil: The Movie",
        "animeRomaji": "Gekijouban Youjo Senki",
        "songName": "Remembrance",
        "artist": "MYTH & ROID",
        "type": "Ending 2",
        "correctCount": 20,
        "startTime": 10,
        "songDuration": 180.912,
        "songNumber": 47,
        "activePlayerCount": 103,
        "LinkVideo": "https://files.catbox.moe/jqa22f.webm",
        "LinkMp3": "https://files.catbox.moe/tpamxw.mp3",
        "annId": 20509
    },
    {
        "animeEng": "Triangle Heart: Sweet Songs Forever",
        "animeRomaji": "Triangle Heart: Sweet Songs Forever",
        "songName": "inside of a wilderness",
        "artist": "KOTOKO",
        "type": "Ending 1",
        "correctCount": 9,
        "startTime": 54,
        "songDuration": 93.912,
        "songNumber": 48,
        "activePlayerCount": 104,
        "LinkVideo": "https://files.catbox.moe/gum4rg.webm",
        "LinkMp3": "https://files.catbox.moe/t3tn4o.mp3",
        "annId": 2648
    },
    {
        "animeEng": "Girly Air Force",
        "animeRomaji": "Girly Air Force",
        "songName": "Colorful\u2606Wing",
        "artist": "Yuuka Morishima, Hitomi Ohwada, Shiori Izawa",
        "type": "Ending 1",
        "correctCount": 8,
        "startTime": 24,
        "songDuration": 88.475214,
        "songNumber": 49,
        "activePlayerCount": 106,
        "LinkVideo": "https://files.catbox.moe/q9i9ht.webm",
        "LinkMp3": "https://files.catbox.moe/jd6019.mp3",
        "annId": 21099
    },
    {
        "animeEng": "Parappa the Rapper",
        "animeRomaji": "PaRappa Rappa",
        "songName": "SCHOOL GIRL",
        "artist": "BENNIE K",
        "type": "Ending 1",
        "correctCount": 1,
        "startTime": 3,
        "songDuration": 88.128,
        "songNumber": 50,
        "activePlayerCount": 103,
        "LinkVideo": "https://files.catbox.moe/cei61x.webm",
        "LinkMp3": "https://files.catbox.moe/kxs565.mp3",
        "annId": 1950,
        "correctPlayers": [
            "alal47"
        ]
    },
    {
        "animeEng": "When Marnie Was There",
        "animeRomaji": "Omoide no Marnie",
        "songName": "Fine on the Outside",
        "artist": "Priscilla Ahn",
        "type": "Ending 1",
        "correctCount": 19,
        "startTime": 157,
        "songDuration": 241.392,
        "songNumber": 51,
        "activePlayerCount": 103,
        "LinkVideo": "https://files.catbox.moe/2hm7cm.webm",
        "LinkMp3": "https://files.catbox.moe/iuobvr.mp3",
        "annId": 15761
    },
    {
        "animeEng": "Food Wars! Shokugeki no Soma",
        "animeRomaji": "Shokugeki no Souma",
        "songName": "Kibou no Uta",
        "artist": "ULTRA TOWER",
        "type": "Opening 1",
        "correctCount": 74,
        "startTime": 52,
        "songDuration": 88.999167,
        "songNumber": 52,
        "activePlayerCount": 105,
        "LinkVideo": "https://files.catbox.moe/myu5fk.webm",
        "LinkMp3": "https://files.catbox.moe/dtbgrd.mp3",
        "annId": 16344
    },
    {
        "animeEng": "Fruits Basket Season 2",
        "animeRomaji": "Fruits Basket 2nd Season",
        "songName": "HOME",
        "artist": "Asako Toki",
        "type": "Opening 2",
        "correctCount": 16,
        "startTime": 49,
        "songDuration": 89.568,
        "songNumber": 53,
        "activePlayerCount": 105,
        "LinkVideo": "https://files.catbox.moe/jbgwfd.webm",
        "LinkMp3": "https://files.catbox.moe/nnqvf0.mp3",
        "annId": 22588
    },
    {
        "animeEng": "Love, Chunibyo & Other Delusions! -Heart Throb-",
        "animeRomaji": "Chuunibyou demo Koi ga Shitai! Ren",
        "songName": "VOICE",
        "artist": "ZAQ",
        "type": "Opening 1",
        "correctCount": 69,
        "startTime": 60,
        "songDuration": 90.168,
        "songNumber": 54,
        "activePlayerCount": 105,
        "LinkVideo": "https://files.catbox.moe/8nofui.webm",
        "LinkMp3": "https://files.catbox.moe/zghh2f.mp3",
        "annId": 23594
    },
    {
        "animeEng": "Twilight Q",
        "animeRomaji": "Twilight Q",
        "songName": "Reflection",
        "artist": "Mako Hyoudou",
        "type": "Ending 1",
        "correctCount": 1,
        "startTime": 42,
        "songDuration": 98.232,
        "songNumber": 55,
        "activePlayerCount": 105,
        "LinkVideo": "https://files.catbox.moe/lyjj7u.webm",
        "LinkMp3": "https://files.catbox.moe/pfszzh.mp3",
        "annId": 4747,
        "correctPlayers": [
            "Arkana"
        ]
    },
    {
        "animeEng": "Dragon Ball Super",
        "animeRomaji": "Dragon Ball Super",
        "songName": "Chouzetsu Dynamic!",
        "artist": "Kazuya Yoshii",
        "type": "Opening 1",
        "correctCount": 25,
        "startTime": 5,
        "songDuration": 84.072,
        "songNumber": 56,
        "activePlayerCount": 105,
        "LinkVideo": "https://files.catbox.moe/v9acyq.webm",
        "LinkMp3": "https://files.catbox.moe/csvg6p.mp3",
        "annId": 17006
    },
    {
        "animeEng": "Touch: Ace Without A Number On His Back",
        "animeRomaji": "Touch: Sebangou no Nai Ace",
        "songName": "Sebangou no Nai Ace",
        "artist": "Rough & Ready",
        "type": "Opening 1",
        "correctCount": 10,
        "startTime": 18,
        "songDuration": 110.313206,
        "songNumber": 57,
        "activePlayerCount": 107,
        "LinkVideo": "https://files.catbox.moe/udoeu5.webm",
        "LinkMp3": "https://files.catbox.moe/6sf8vb.mp3",
        "annId": 3267
    },
    {
        "animeEng": "Space Battleship Yamato: Resurrection",
        "animeRomaji": "Uchuu Senkan Yamato: Fukkatsu-hen",
        "songName": "Uchuu Senkan Yamato 2009",
        "artist": "THE ALFEE with Symphonic Orchestra",
        "type": "Insert Song",
        "correctCount": 10,
        "startTime": 30,
        "songDuration": 68.232,
        "songNumber": 58,
        "activePlayerCount": 108,
        "LinkVideo": "https://files.catbox.moe/pg12yu.webm",
        "LinkMp3": "https://files.catbox.moe/jbzl4y.mp3",
        "annId": 3923
    },
    {
        "animeEng": "Love Live! The School Idol Movie",
        "animeRomaji": "Love Live! The School Idol Movie",
        "songName": "?\u2190HEARTBEAT",
        "artist": "Yoshino Nanjou, Aina Kusuda, Sora Tokui",
        "type": "Insert Song",
        "correctCount": 25,
        "startTime": 20,
        "songDuration": 79.056,
        "songNumber": 59,
        "activePlayerCount": 110,
        "LinkVideo": "https://files.catbox.moe/l5wuch.webm",
        "LinkMp3": "https://files.catbox.moe/x8aikd.mp3",
        "annId": 16742
    },
    {
        "animeEng": "ef: a tale of melodies.",
        "animeRomaji": "ef: a tale of melodies.",
        "songName": "ebullient future (English)",
        "artist": "ELISA",
        "type": "Opening 1",
        "correctCount": 32,
        "startTime": 18,
        "songDuration": 89.208,
        "songNumber": 60,
        "activePlayerCount": 109,
        "LinkVideo": "https://files.catbox.moe/t5wjt8.webm",
        "LinkMp3": "https://files.catbox.moe/pn7xih.mp3",
        "annId": 10128
    },
    {
        "animeEng": "Pro Golfer Saru",
        "animeRomaji": "Pro Golfer Saru",
        "songName": "Yume o Kachitorou",
        "artist": "Ichiro Mizuki",
        "type": "Opening 1",
        "correctCount": 6,
        "startTime": 4,
        "songDuration": 58.056,
        "songNumber": 61,
        "activePlayerCount": 106,
        "LinkVideo": "https://files.catbox.moe/yx0c2t.webm",
        "LinkMp3": "https://files.catbox.moe/ie62lu.mp3",
        "annId": 1783
    },
    {
        "animeEng": "Dangaioh",
        "animeRomaji": "Hajataisei Dangaioh",
        "songName": "Cross Fight",
        "artist": "Mitsuko Horie & Ichiro Mizuki",
        "type": "Opening 1",
        "correctCount": 7,
        "startTime": 3,
        "songDuration": 88.867044,
        "songNumber": 62,
        "activePlayerCount": 106,
        "LinkVideo": "https://files.catbox.moe/tprjsk.webm",
        "LinkMp3": "https://files.catbox.moe/gsfndu.mp3",
        "annId": 571
    },
    {
        "animeEng": "New Cutey Honey",
        "animeRomaji": "New Cutey Honey",
        "songName": "Sayonara no Densetsu",
        "artist": "Mayuki Hiramatsu",
        "type": "Ending 3",
        "correctCount": 1,
        "startTime": 48,
        "songDuration": 90.016412,
        "songNumber": 63,
        "activePlayerCount": 107,
        "LinkVideo": "https://files.catbox.moe/plg3hv.webm",
        "LinkMp3": "https://files.catbox.moe/z7sebq.mp3",
        "annId": 566,
        "correctPlayers": [
            "Arkana"
        ]
    },
    {
        "animeEng": "The Skull Man",
        "animeRomaji": "The Skull Man",
        "songName": "Joshou (PV Theme)",
        "artist": "Shiro Sagisu",
        "type": "Opening 1",
        "correctCount": 4,
        "startTime": 22,
        "songDuration": 61.987506,
        "songNumber": 64,
        "activePlayerCount": 108,
        "LinkVideo": "https://files.catbox.moe/e1yhj1.webm",
        "LinkMp3": "https://files.catbox.moe/3bwdxt.mp3",
        "annId": 7467,
        "correctPlayers": [
            "Chemist",
            "Beokros",
            "Arkana",
            "Neutral"
        ]
    },
    {
        "animeEng": "Koyomimonogatari",
        "animeRomaji": "Koyomimonogatari",
        "songName": "mein schatz",
        "artist": "mito",
        "type": "Opening 9",
        "correctCount": 42,
        "startTime": 28,
        "songDuration": 59.496,
        "songNumber": 65,
        "activePlayerCount": 106,
        "LinkVideo": "https://files.catbox.moe/f4wxb1.webm",
        "LinkMp3": "https://files.catbox.moe/lhtzpi.mp3",
        "annId": 17938
    },
    {
        "animeEng": "Cutey Honey Flash",
        "animeRomaji": "Cutey Honey F",
        "songName": "Cutey Honey",
        "artist": "SALIA",
        "type": "Opening 1",
        "correctCount": 23,
        "startTime": 9,
        "songDuration": 87.090748,
        "songNumber": 66,
        "activePlayerCount": 106,
        "LinkVideo": "https://files.catbox.moe/ohudz4.webm",
        "LinkMp3": "https://files.catbox.moe/nelgdv.mp3",
        "annId": 565
    },
    {
        "animeEng": "Weathering With You",
        "animeRomaji": "Tenki no Ko",
        "songName": "Grand Escape (Movie edit)",
        "artist": "RADWIMPS feat. Touko Miura",
        "type": "Insert Song",
        "correctCount": 37,
        "startTime": 9,
        "songDuration": 181.488,
        "songNumber": 67,
        "activePlayerCount": 109,
        "LinkVideo": "https://files.catbox.moe/i54nyf.webm",
        "LinkMp3": "https://files.catbox.moe/78549r.mp3",
        "annId": 22137
    },
    {
        "animeEng": "Ame-iro Cocoa Series Ame-con!!",
        "animeRomaji": "Ame-con!!",
        "songName": "Rainy cocoa",
        "artist": "Hiro Shimono",
        "type": "Ending 1",
        "correctCount": 71,
        "startTime": 0,
        "songDuration": 29.4,
        "songNumber": 68,
        "activePlayerCount": 107,
        "LinkVideo": "https://files.catbox.moe/ns105q.webm",
        "LinkMp3": "https://files.catbox.moe/b7tjt0.mp3",
        "annId": 20054
    },
    {
        "animeEng": "Macross Delta",
        "animeRomaji": "Macross \u0394",
        "songName": "Kurage Ondo",
        "artist": "Minori Suzuki, Nao Touyama, Nozomi Nishida",
        "type": "Insert Song",
        "correctCount": 17,
        "startTime": 2,
        "songDuration": 31.056,
        "songNumber": 69,
        "activePlayerCount": 109,
        "LinkVideo": "https://files.catbox.moe/lw1hid.webm",
        "LinkMp3": "https://files.catbox.moe/om74oj.mp3",
        "annId": 17762
    },
    {
        "animeEng": "Fullmetal Alchemist: Brotherhood",
        "animeRomaji": "Hagane no Renkinjutsushi: Brotherhood",
        "songName": "Rain",
        "artist": "SID",
        "type": "Opening 5",
        "correctCount": 52,
        "startTime": 6,
        "songDuration": 89.16,
        "songNumber": 70,
        "activePlayerCount": 109,
        "LinkVideo": "https://files.catbox.moe/lasmre.webm",
        "LinkMp3": "https://files.catbox.moe/0ch17i.mp3",
        "annId": 10216
    },
    {
        "animeEng": "Saga of Tanya the Evil: The Movie",
        "animeRomaji": "Gekijouban Youjo Senki",
        "songName": "Imperial Anthem",
        "artist": "Dai Ni Rei San Koukuu Madou Dai-tai",
        "type": "Insert Song",
        "correctCount": 31,
        "startTime": 0,
        "songDuration": 97.513426,
        "songNumber": 71,
        "activePlayerCount": 109,
        "LinkVideo": "https://files.catbox.moe/4c914a.webm",
        "LinkMp3": "https://files.catbox.moe/dtkvhz.mp3",
        "annId": 20509
    },
    {
        "animeEng": "Super Dimension Fortress Macross",
        "animeRomaji": "Choujikuu Yousai Macross",
        "songName": "Runner",
        "artist": "Mari Iijima",
        "type": "Ending 2",
        "correctCount": 20,
        "startTime": 22,
        "songDuration": 72.648,
        "songNumber": 72,
        "activePlayerCount": 110,
        "LinkVideo": "https://files.catbox.moe/r84ljj.webm",
        "LinkMp3": "https://files.catbox.moe/06bvar.mp3",
        "annId": 355
    },
    {
        "animeEng": "Farewell, My Dear Cramer",
        "animeRomaji": "Sayonara Watashi no Cramer",
        "songName": "Kuyashii Koto wa Kettobase",
        "artist": "Mikako Komatsu",
        "type": "Ending 1",
        "correctCount": 9,
        "startTime": 5,
        "songDuration": 89.112,
        "songNumber": 73,
        "activePlayerCount": 109,
        "LinkVideo": "https://files.catbox.moe/olukx6.webm",
        "LinkMp3": "https://files.catbox.moe/g5zwtk.mp3",
        "annId": 23925
    },
    {
        "animeEng": "Maoyu",
        "animeRomaji": "Maoyuu Maou Yuusha",
        "songName": "Eramoreseramoru",
        "artist": "Tokyo Shounen Shoujo Gasshou-tai",
        "type": "Ending 2",
        "correctCount": 5,
        "startTime": 64,
        "songDuration": 119.928,
        "songNumber": 74,
        "activePlayerCount": 110,
        "LinkVideo": "https://files.catbox.moe/4c63re.webm",
        "LinkMp3": "https://files.catbox.moe/d7fn6o.mp3",
        "annId": 14425,
        "correctPlayers": [
            "AIuX",
            "revel_",
            "weavedheart",
            "Lannis",
            "Neutral"
        ]
    },
    {
        "animeEng": "The Miyakawa Family's Hunger",
        "animeRomaji": "Miyakawa-ke no Kuufuku",
        "songName": "KACHIGUMI",
        "artist": "Aya Hirano & Emiri Katou",
        "type": "Opening 1",
        "correctCount": 12,
        "startTime": 18,
        "songDuration": 90.24,
        "songNumber": 75,
        "activePlayerCount": 109,
        "LinkVideo": "https://files.catbox.moe/irzmoe.webm",
        "LinkMp3": "https://files.catbox.moe/fk4mye.mp3",
        "annId": 15276
    },
    {
        "animeEng": "Engaged to the Unidentified",
        "animeRomaji": "Mikakunin de Shinkoukei",
        "songName": "Masshiro World",
        "artist": "Mikakuning!",
        "type": "Ending 1",
        "correctCount": 57,
        "startTime": 35,
        "songDuration": 88.248,
        "songNumber": 76,
        "activePlayerCount": 109,
        "LinkVideo": "https://files.catbox.moe/hvpezc.webm",
        "LinkMp3": "https://files.catbox.moe/5x74kl.mp3",
        "annId": 15618
    },
    {
        "animeEng": "Code Geass: Lelouch of the Rebellion R2 Special Edition 'Zero Requiem'",
        "animeRomaji": "Code Geass: Lelouch of the Rebellion R2 Special Edition 'Zero Requiem'",
        "songName": "Continued Story",
        "artist": "Hitomi",
        "type": "Ending 1",
        "correctCount": 70,
        "startTime": 69,
        "songDuration": 173.784,
        "songNumber": 77,
        "activePlayerCount": 108,
        "LinkVideo": "https://files.catbox.moe/8nnztk.webm",
        "LinkMp3": "https://files.catbox.moe/ylkpyc.mp3",
        "annId": 15381
    },
    {
        "animeEng": "Dororon Enma-kun",
        "animeRomaji": "Dororon Enma-kun",
        "songName": "Dororon Enma-kun",
        "artist": "Chika Nakayama",
        "type": "Opening 1",
        "correctCount": 15,
        "startTime": 29,
        "songDuration": 63.216,
        "songNumber": 78,
        "activePlayerCount": 107,
        "LinkVideo": "https://files.catbox.moe/bc7q3p.webm",
        "LinkMp3": "https://files.catbox.moe/6c9kr3.mp3",
        "annId": 1321
    },
    {
        "animeEng": "Naruto",
        "animeRomaji": "Naruto",
        "songName": "GO!!!",
        "artist": "FLOW",
        "type": "Opening 4",
        "correctCount": 72,
        "startTime": 11,
        "songDuration": 89.85968,
        "songNumber": 79,
        "activePlayerCount": 108,
        "LinkVideo": "https://files.catbox.moe/0v7oq4.webm",
        "LinkMp3": "https://files.catbox.moe/eatyo9.mp3",
        "annId": 1825
    },
    {
        "animeEng": "Love, Chunibyo, & Other Delusions: Rikka Takanashi Version",
        "animeRomaji": "Takanashi Rikka Kai: Gekijouban Chuunibyou demo Koi ga Shitai!",
        "songName": "INSIDE IDENTITY",
        "artist": "Black Raison d'\u00eatre",
        "type": "Ending 2",
        "correctCount": 68,
        "startTime": 1,
        "songDuration": 88.92,
        "songNumber": 80,
        "activePlayerCount": 107,
        "LinkVideo": "https://files.catbox.moe/ymk6qt.webm",
        "LinkMp3": "https://files.catbox.moe/usqxvq.mp3",
        "annId": 15391
    },
    {
        "animeEng": "Yes! Precure 5 GoGo!",
        "animeRomaji": "Yes! Precure 5 GoGo!",
        "songName": "Ganbalance de Dance ~Kibou no Relay~",
        "artist": "Precure Quartet",
        "type": "Ending 2",
        "correctCount": 30,
        "startTime": 16,
        "songDuration": 89.52,
        "songNumber": 81,
        "activePlayerCount": 106,
        "LinkVideo": "https://files.catbox.moe/1ouc8y.webm",
        "LinkMp3": "https://files.catbox.moe/z619ec.mp3",
        "annId": 9026
    },
    {
        "animeEng": "Vandread",
        "animeRomaji": "Vandread",
        "songName": "WHAT A WONDERFUL WORLD",
        "artist": "Donna Burke",
        "type": "Insert Song",
        "correctCount": 6,
        "startTime": 22,
        "songDuration": 128.703094,
        "songNumber": 82,
        "activePlayerCount": 107,
        "LinkVideo": "https://files.catbox.moe/wtxvk4.webm",
        "LinkMp3": "https://files.catbox.moe/ws3ov1.mp3",
        "annId": 269
    },
    {
        "animeEng": "Ahiru no Sora",
        "animeRomaji": "Ahiru no Sora",
        "songName": "Happy Go Ducky!",
        "artist": "the pillows",
        "type": "Opening 1",
        "correctCount": 19,
        "startTime": 52,
        "songDuration": 89.232,
        "songNumber": 83,
        "activePlayerCount": 107,
        "LinkVideo": "https://files.catbox.moe/4bvfva.webm",
        "LinkMp3": "https://files.catbox.moe/htl1b2.mp3",
        "annId": 22207
    },
    {
        "animeEng": "Bobby's Girl",
        "animeRomaji": "Bobby ni Kubittake",
        "songName": "Bobby's Girl",
        "artist": "Mayumi Shimizu",
        "type": "Ending 1",
        "correctCount": 23,
        "startTime": 23,
        "songDuration": 132.048,
        "songNumber": 84,
        "activePlayerCount": 107,
        "LinkVideo": "https://files.catbox.moe/24jasz.webm",
        "LinkMp3": "https://files.catbox.moe/ivqubi.mp3",
        "annId": 5339
    },
    {
        "animeEng": "Haikyu!! Second Season",
        "animeRomaji": "Haikyu!! Second Season",
        "songName": "I'm a Believer",
        "artist": "SPYAIR",
        "type": "Opening 1",
        "correctCount": 52,
        "startTime": 28,
        "songDuration": 90.072,
        "songNumber": 85,
        "activePlayerCount": 104,
        "LinkVideo": "https://files.catbox.moe/2f4860.webm",
        "LinkMp3": "https://files.catbox.moe/pcrp2w.mp3",
        "annId": 16660
    }
]