[
    {
        "animeEng": "Inu X Boku Secret Service",
        "animeRomaji": "Inu X Boku Secret Service",
        "songName": "Nirvana",
        "artist": "MUCC",
        "type": "Opening 1",
        "correctCount": 22,
        "startTime": 17,
        "songDuration": 92.712,
        "songNumber": 1,
        "activePlayerCount": 91,
        "LinkVideo": "https://files.catbox.moe/1jnrs6.webm",
        "LinkMp3": "https://files.catbox.moe/jdrtgz.mp3",
        "annId": 13250
    },
    {
        "animeEng": "Run with the Wind",
        "animeRomaji": "Kaze ga Tsuyoku Fuiteiru",
        "songName": "Michi",
        "artist": "Taichi Mukai",
        "type": "Ending 2",
        "correctCount": 21,
        "startTime": 16,
        "songDuration": 89.568,
        "songNumber": 2,
        "activePlayerCount": 95,
        "LinkVideo": "https://files.catbox.moe/o1y6gi.webm",
        "LinkMp3": "https://files.catbox.moe/y37ovl.mp3",
        "annId": 21078
    },
    {
        "animeEng": "Kawa no Hikari",
        "animeRomaji": "Kawa no Hikari",
        "songName": "I\u2019m here with you",
        "artist": "Mimori Yusa",
        "type": "Ending 1",
        "correctCount": 0,
        "startTime": 53,
        "songDuration": 127.632,
        "songNumber": 3,
        "activePlayerCount": 96,
        "LinkVideo": "https://files.catbox.moe/kqx0ru.webm",
        "LinkMp3": "https://files.catbox.moe/t2sd11.mp3",
        "annId": 10819
    },
    {
        "animeEng": "Ebichu Minds the House",
        "animeRomaji": "Oruchuban Ebichu",
        "songName": "Nanda Kana",
        "artist": "Kotono Mitsuishi",
        "type": "Opening 1",
        "correctCount": 10,
        "startTime": 27,
        "songDuration": 89.328,
        "songNumber": 4,
        "activePlayerCount": 99,
        "LinkVideo": "https://files.catbox.moe/dvkh3r.webm",
        "LinkMp3": "https://files.catbox.moe/iam18r.mp3",
        "annId": 859
    },
    {
        "animeEng": "Sailor Moon Crystal",
        "animeRomaji": "Bishoujo Senshi Sailor Moon Crystal",
        "songName": "MOON PRIDE!",
        "artist": "Momoiro Clover Z",
        "type": "Opening 1",
        "correctCount": 37,
        "startTime": 49,
        "songDuration": 87.48,
        "songNumber": 5,
        "activePlayerCount": 99,
        "LinkVideo": "https://files.catbox.moe/xtsqly.webm",
        "LinkMp3": "https://files.catbox.moe/ggzsvq.mp3",
        "annId": 16591
    },
    {
        "animeEng": "Negibouzu no Asatarou",
        "animeRomaji": "Negibouzu no Asatarou",
        "songName": "Sanjou! Pyurutto Asatarou",
        "artist": "Tsuyoshi Matsubara",
        "type": "Opening 1",
        "correctCount": 0,
        "startTime": 43,
        "songDuration": 89.064,
        "songNumber": 6,
        "activePlayerCount": 100,
        "LinkVideo": "https://files.catbox.moe/1telsg.webm",
        "LinkMp3": "https://files.catbox.moe/fkuv4l.mp3",
        "annId": 10230
    },
    {
        "animeEng": "Kaiba",
        "animeRomaji": "Kaiba",
        "songName": "Never",
        "artist": "Seira Kagami",
        "type": "Opening 1",
        "correctCount": 19,
        "startTime": 46,
        "songDuration": 88.344,
        "songNumber": 7,
        "activePlayerCount": 99,
        "LinkVideo": "https://files.catbox.moe/idgww8.webm",
        "LinkMp3": "https://files.catbox.moe/xw3d8l.mp3",
        "annId": 9178
    },
    {
        "animeEng": "Pop Team Epic",
        "animeRomaji": "Poputepipikku",
        "songName": "Pretty candle star (Dansei ver.)",
        "artist": "Dropstars",
        "type": "Opening 3",
        "correctCount": 17,
        "startTime": 29,
        "songDuration": 61.152,
        "songNumber": 8,
        "activePlayerCount": 103,
        "LinkVideo": "https://files.catbox.moe/c0lqui.webm",
        "LinkMp3": "https://files.catbox.moe/wa16qe.mp3",
        "annId": 22476
    },
    {
        "animeEng": "InuYasha: The Final Act",
        "animeRomaji": "Inuyasha: Kanketsu-hen",
        "songName": "Kimi ga Inai Mirai",
        "artist": "Do As Infinity",
        "type": "Ending 4",
        "correctCount": 33,
        "startTime": 136,
        "songDuration": 205.109944,
        "songNumber": 9,
        "activePlayerCount": 104,
        "LinkVideo": "https://files.catbox.moe/ecl7nb.webm",
        "LinkMp3": "https://files.catbox.moe/1b5rxh.mp3",
        "annId": 10970
    },
    {
        "animeEng": "Black Jack",
        "animeRomaji": "Black Jack",
        "songName": "Just Before The Sunrise",
        "artist": "RHODES",
        "type": "Opening 1",
        "correctCount": 6,
        "startTime": 20,
        "songDuration": 166.416,
        "songNumber": 10,
        "activePlayerCount": 107,
        "LinkVideo": "https://files.catbox.moe/7syu5e.webm",
        "LinkMp3": "https://files.catbox.moe/z5f923.mp3",
        "annId": 525
    },
    {
        "animeEng": "Ano Hi no Kokoro o Toraete",
        "animeRomaji": "Ano Hi no Kokoro o Toraete",
        "songName": "Little Miss Sunshine",
        "artist": "Tokyo Karan Koron",
        "type": "Ending 1",
        "correctCount": 8,
        "startTime": 33,
        "songDuration": 127.488,
        "songNumber": 11,
        "activePlayerCount": 108,
        "LinkVideo": "https://files.catbox.moe/3tqjgj.webm",
        "LinkMp3": "https://files.catbox.moe/31r8ob.mp3",
        "annId": 22684
    },
    {
        "animeEng": "Re:Creators",
        "animeRomaji": "Re:Creators",
        "songName": "HERE I AM",
        "artist": "Gemie",
        "type": "Insert Song",
        "correctCount": 40,
        "startTime": 0,
        "songDuration": 22.488,
        "songNumber": 12,
        "activePlayerCount": 108,
        "LinkVideo": "https://files.catbox.moe/kgq3pk.webm",
        "LinkMp3": "https://files.catbox.moe/ek8vep.mp3",
        "annId": 18943
    },
    {
        "animeEng": "Gundam Reconguista in G",
        "animeRomaji": "Gundam G no Reconguista",
        "songName": "BLAZING",
        "artist": "GARNiDELiA",
        "type": "Opening 1",
        "correctCount": 39,
        "startTime": 51,
        "songDuration": 88.416,
        "songNumber": 13,
        "activePlayerCount": 109,
        "LinkVideo": "https://files.catbox.moe/tfl545.webm",
        "LinkMp3": "https://files.catbox.moe/190704.mp3",
        "annId": 22302
    },
    {
        "animeEng": "Fairy Tail",
        "animeRomaji": "Fairy Tail",
        "songName": "Give me five!",
        "artist": "Chihiro Yonekura",
        "type": "Opening 1",
        "correctCount": 9,
        "startTime": 23,
        "songDuration": 89.712,
        "songNumber": 14,
        "activePlayerCount": 110,
        "LinkVideo": "https://files.catbox.moe/xbmg3t.webm",
        "LinkMp3": "https://files.catbox.moe/5gqse0.mp3",
        "annId": 23400
    },
    {
        "animeEng": "Idoly Pride",
        "animeRomaji": "Idoly Pride",
        "songName": "Gekka Hakanabi",
        "artist": "Tsuki no Tempest",
        "type": "Insert Song",
        "correctCount": 15,
        "startTime": 12,
        "songDuration": 102.072,
        "songNumber": 15,
        "activePlayerCount": 112,
        "LinkVideo": "https://files.catbox.moe/n6i82y.webm",
        "LinkMp3": "https://files.catbox.moe/xbqmr7.mp3",
        "annId": 22923
    },
    {
        "animeEng": "Love & Berry: Dress Up and Dance - Magic of Happiness",
        "animeRomaji": "Oshare Majo Love and Berry: Shiawase no Mahou",
        "songName": "LOVE no Theme",
        "artist": "LOVE",
        "type": "Ending 1",
        "correctCount": 3,
        "startTime": 119,
        "songDuration": 182.736,
        "songNumber": 16,
        "activePlayerCount": 112,
        "LinkVideo": "https://files.catbox.moe/mkuslu.webm",
        "LinkMp3": "https://files.catbox.moe/dnyqxg.mp3",
        "annId": 7613,
        "correctPlayers": [
            "revel_",
            "OnlyCum",
            "Shuuka"
        ]
    },
    {
        "animeEng": "Lupin III: Angel Tactics",
        "animeRomaji": "Lupin Sansei: Tenshi no Tactics - Yume no Kakera wa Koroshi no Kaori",
        "songName": "Yume no Kakera",
        "artist": "DOUBLE",
        "type": "Ending 1",
        "correctCount": 2,
        "startTime": 13,
        "songDuration": 197.088,
        "songNumber": 17,
        "activePlayerCount": 113,
        "LinkVideo": "https://files.catbox.moe/nwanhs.webm",
        "LinkMp3": "https://files.catbox.moe/tqgglr.mp3",
        "annId": 5560,
        "correctPlayers": [
            "Zylda",
            "Chatmonchy"
        ]
    },
    {
        "animeEng": "Great Mazinger",
        "animeRomaji": "Great Mazinger",
        "songName": "Z no Theme",
        "artist": "Ichiro Mizuki",
        "type": "Insert Song",
        "correctCount": 96,
        "startTime": 22,
        "songDuration": 65.568,
        "songNumber": 18,
        "activePlayerCount": 113,
        "LinkVideo": "https://files.catbox.moe/87mqpa.webm",
        "LinkMp3": "https://files.catbox.moe/t8swiz.mp3",
        "annId": 1997
    },
    {
        "animeEng": "Go! Princess Pretty Cure the Movie Go! Go!! Gorgeous Triple Feature!!!",
        "animeRomaji": "Eiga Go! Princess Precure Go! Go!! Gouka 3-bon Date!!!",
        "songName": "Yume wa Mirai e no Michi",
        "artist": "Rie Kitagawa",
        "type": "Ending 2",
        "correctCount": 15,
        "startTime": 9,
        "songDuration": 90.072,
        "songNumber": 19,
        "activePlayerCount": 114,
        "LinkVideo": "https://files.catbox.moe/xkbjzg.webm",
        "LinkMp3": "https://files.catbox.moe/6d9aoi.mp3",
        "annId": 17361
    },
    {
        "animeEng": "Galvion",
        "animeRomaji": "Chou Kosoku Galvion",
        "songName": "BE A HERO",
        "artist": "Shouko Yamagiwa",
        "type": "Insert Song",
        "correctCount": 2,
        "startTime": 54,
        "songDuration": 84.072,
        "songNumber": 20,
        "activePlayerCount": 114,
        "LinkVideo": "https://files.catbox.moe/6xp6tu.webm",
        "LinkMp3": "https://files.catbox.moe/b7igbm.mp3",
        "annId": 1274,
        "correctPlayers": [
            "Deafness",
            "Rukawa11"
        ]
    },
    {
        "animeEng": "Patema Inverted",
        "animeRomaji": "Sakasama no Patema",
        "songName": "Patema Inverse",
        "artist": "Estelle Micheau",
        "type": "Ending 1",
        "correctCount": 22,
        "startTime": 112,
        "songDuration": 176.064,
        "songNumber": 21,
        "activePlayerCount": 116,
        "LinkVideo": "https://files.catbox.moe/1xhchj.webm",
        "LinkMp3": "https://files.catbox.moe/ewd04b.mp3",
        "annId": 13906
    },
    {
        "animeEng": "Alice & Zoroku",
        "animeRomaji": "Alice to Zouroku",
        "songName": "Wonder Drive",
        "artist": "ORESAMA",
        "type": "Opening 1",
        "correctCount": 30,
        "startTime": 48,
        "songDuration": 90.016412,
        "songNumber": 22,
        "activePlayerCount": 116,
        "LinkVideo": "https://files.catbox.moe/kl3z4w.webm",
        "LinkMp3": "https://files.catbox.moe/p4orxg.mp3",
        "annId": 19024
    },
    {
        "animeEng": "Fruits Basket Season 2",
        "animeRomaji": "Fruits Basket 2nd Season",
        "songName": "HOME",
        "artist": "Asako Toki",
        "type": "Opening 2",
        "correctCount": 25,
        "startTime": 16,
        "songDuration": 89.568,
        "songNumber": 23,
        "activePlayerCount": 118,
        "LinkVideo": "https://files.catbox.moe/jbgwfd.webm",
        "LinkMp3": "https://files.catbox.moe/nnqvf0.mp3",
        "annId": 22588
    },
    {
        "animeEng": "Shina Dark: Kuroki Tsuki no Ou to Souheki no Tsuki no Himegimi",
        "animeRomaji": "Shina Dark: Kuroki Tsuki no Ou to Souheki no Tsuki no Himegimi",
        "songName": "Oukoku March wa Tantakat\u0101n",
        "artist": "Daisuke Ono, Hiroki Yasumoto, Kana Hanazawa, Ayako Kawasumi",
        "type": "Insert Song",
        "correctCount": 7,
        "startTime": 48,
        "songDuration": 101.088,
        "songNumber": 24,
        "activePlayerCount": 118,
        "LinkVideo": "https://files.catbox.moe/mok9qj.webm",
        "LinkMp3": "https://files.catbox.moe/86sn17.mp3",
        "annId": 9013
    },
    {
        "animeEng": "Mazinger Z tai Devilman",
        "animeRomaji": "Mazinger Z tai Devilman",
        "songName": "Devilman no Uta",
        "artist": "Keizo Toda",
        "type": "Insert Song",
        "correctCount": 91,
        "startTime": 5,
        "songDuration": 41.328,
        "songNumber": 25,
        "activePlayerCount": 117,
        "LinkVideo": "https://files.catbox.moe/zdudu6.webm",
        "LinkMp3": "https://files.catbox.moe/zppy3i.mp3",
        "annId": 3556
    },
    {
        "animeEng": "Zombie Land Saga",
        "animeRomaji": "Zombie Land Saga",
        "songName": "Saga Arcade Rap",
        "artist": "Saga Arcade Rappers",
        "type": "Insert Song",
        "correctCount": 55,
        "startTime": 13,
        "songDuration": 53.136,
        "songNumber": 26,
        "activePlayerCount": 116,
        "LinkVideo": "https://files.catbox.moe/m9798f.webm",
        "LinkMp3": "https://files.catbox.moe/o4b65y.mp3",
        "annId": 21363
    },
    {
        "animeEng": "Escha Chron",
        "animeRomaji": "Escha Chron",
        "songName": "Me Sameta Natsu",
        "artist": "May Queen feat. Kiyono Yasuno & Chika Anzai",
        "type": "Insert Song",
        "correctCount": 14,
        "startTime": 0,
        "songDuration": 24.72,
        "songNumber": 27,
        "activePlayerCount": 116,
        "LinkVideo": "https://files.catbox.moe/b04qrp.webm",
        "LinkMp3": "https://files.catbox.moe/fanpa8.mp3",
        "annId": 19474
    },
    {
        "animeEng": "Pok\u00e9mon: Diamond and Pearl",
        "animeRomaji": "Pocket Monsters Diamond & Pearl",
        "songName": "Rocket-dan yo Eien ni",
        "artist": "Rocket-dan",
        "type": "Insert Song",
        "correctCount": 16,
        "startTime": 3,
        "songDuration": 33.072,
        "songNumber": 28,
        "activePlayerCount": 117,
        "LinkVideo": "https://files.catbox.moe/sjg1rc.webm",
        "LinkMp3": "https://files.catbox.moe/q3ws6f.mp3",
        "annId": 6836
    },
    {
        "animeEng": "Pretty Cure",
        "animeRomaji": "Futari wa Precure",
        "songName": "DANZEN! Futari wa Precure",
        "artist": "Mayumi Gojou",
        "type": "Opening 1",
        "correctCount": 71,
        "startTime": 6,
        "songDuration": 74.568,
        "songNumber": 29,
        "activePlayerCount": 118,
        "LinkVideo": "https://files.catbox.moe/0beh7t.webm",
        "LinkMp3": "https://files.catbox.moe/dn1xo1.mp3",
        "annId": 3434
    },
    {
        "animeEng": "NieA under 7: Domestic Poor @nimation",
        "animeRomaji": "NieA_7",
        "songName": "Koko made Oide",
        "artist": "SION",
        "type": "Opening 1",
        "correctCount": 37,
        "startTime": 37,
        "songDuration": 94.68,
        "songNumber": 30,
        "activePlayerCount": 119,
        "LinkVideo": "https://files.catbox.moe/v8etg3.webm",
        "LinkMp3": "https://files.catbox.moe/ie9xst.mp3",
        "annId": 50
    },
    {
        "animeEng": "Chou Gekijouban Keroro Gunsou 3: Keroro Tai Keroro - Tenkuu Daikessen de Arimasu!",
        "animeRomaji": "Chou Gekijouban Keroro Gunsou 3: Keroro Tai Keroro - Tenkuu Daikessen de Arimasu!",
        "songName": "Moero! Keroro",
        "artist": "Teruyuki Tsuchida",
        "type": "Insert Song",
        "correctCount": 6,
        "startTime": 18,
        "songDuration": 67.296,
        "songNumber": 31,
        "activePlayerCount": 119,
        "LinkVideo": "https://files.catbox.moe/vjboiq.webm",
        "LinkMp3": "https://files.catbox.moe/xdhilm.mp3",
        "annId": 8867
    },
    {
        "animeEng": "Digimon Frontier",
        "animeRomaji": "Digimon Frontier",
        "songName": "With The Will",
        "artist": "Spirit Singers",
        "type": "Insert Song",
        "correctCount": 9,
        "startTime": 11,
        "songDuration": 81.6,
        "songNumber": 32,
        "activePlayerCount": 118,
        "LinkVideo": "https://files.catbox.moe/ju4hr4.webm",
        "LinkMp3": "https://files.catbox.moe/bcpkpl.mp3",
        "annId": 2172
    },
    {
        "animeEng": "Zenonzard The Animation",
        "animeRomaji": "Zenonzard The Animation",
        "songName": "Da La Doubt",
        "artist": "Nanase Matsuoka\u00d7Kirisame Undertaker",
        "type": "Ending 1",
        "correctCount": 22,
        "startTime": 52,
        "songDuration": 88.776,
        "songNumber": 33,
        "activePlayerCount": 119,
        "LinkVideo": "https://files.catbox.moe/fiss32.webm",
        "LinkMp3": "https://files.catbox.moe/3s2p8h.mp3",
        "annId": 23044
    },
    {
        "animeEng": "La Corda D'Oro: secondo passo",
        "animeRomaji": "Kin-iro no Corda: Secondo Passo",
        "songName": "Soukyuu no Score ~The score in blue~",
        "artist": "stella quintet+",
        "type": "Ending 1",
        "correctCount": 2,
        "startTime": 22,
        "songDuration": 89.304,
        "songNumber": 34,
        "activePlayerCount": 120,
        "LinkVideo": "https://files.catbox.moe/9eqe2p.webm",
        "LinkMp3": "https://files.catbox.moe/u6kl70.mp3",
        "annId": 10592,
        "correctPlayers": [
            "MKNono",
            "Shuuka"
        ]
    },
    {
        "animeEng": "KINMOZA!",
        "animeRomaji": "Kin-iro Mosaic",
        "songName": "Jumping!!",
        "artist": "Rhodanthe*",
        "type": "Opening 1",
        "correctCount": 62,
        "startTime": 59,
        "songDuration": 89.28,
        "songNumber": 35,
        "activePlayerCount": 120,
        "LinkVideo": "https://files.catbox.moe/51jxj6.webm",
        "LinkMp3": "https://files.catbox.moe/7xc1n7.mp3",
        "annId": 14991
    },
    {
        "animeEng": "How to Breed Kappas",
        "animeRomaji": "Kappa no Kaikata",
        "songName": "Brilliant Destiny",
        "artist": "Ayumi Murata",
        "type": "Ending 1",
        "correctCount": 0,
        "startTime": 20,
        "songDuration": 121.272,
        "songNumber": 36,
        "activePlayerCount": 122,
        "LinkVideo": "https://files.catbox.moe/jngi4x.webm",
        "LinkMp3": "https://files.catbox.moe/8fzj7p.mp3",
        "annId": 4492
    },
    {
        "animeEng": "Needless",
        "animeRomaji": "Needless",
        "songName": "modern strange cowboy",
        "artist": "GRANRODEO",
        "type": "Opening 1",
        "correctCount": 15,
        "startTime": 33,
        "songDuration": 88.584,
        "songNumber": 37,
        "activePlayerCount": 122,
        "LinkVideo": "https://files.catbox.moe/64nngc.webm",
        "LinkMp3": "https://files.catbox.moe/xyxm5c.mp3",
        "annId": 10709
    },
    {
        "animeEng": "Haruchika: Haruta & Chika",
        "animeRomaji": "HaruChika: Haruta to Chika wa Seishun Suru",
        "songName": "Niji o Ametara",
        "artist": "fh\u00e1na",
        "type": "Opening 1",
        "correctCount": 43,
        "startTime": 46,
        "songDuration": 89.568,
        "songNumber": 38,
        "activePlayerCount": 122,
        "LinkVideo": "https://files.catbox.moe/hd7ael.webm",
        "LinkMp3": "https://files.catbox.moe/3gruid.mp3",
        "annId": 17185
    },
    {
        "animeEng": "Haikyu!!",
        "animeRomaji": "Haikyu!!",
        "songName": "Imagination",
        "artist": "SPYAIR",
        "type": "Opening 1",
        "correctCount": 92,
        "startTime": 20,
        "songDuration": 89.568,
        "songNumber": 39,
        "activePlayerCount": 122,
        "LinkVideo": "https://files.catbox.moe/bittzk.webm",
        "LinkMp3": "https://files.catbox.moe/fqwcd3.mp3",
        "annId": 15683
    },
    {
        "animeEng": "Pichi Pichi Pitch",
        "animeRomaji": "Mermaid Melody: Pichi Pichi Pitch",
        "songName": "Nanatsu no Umi no Monogatari ~Pearls of Mermaid~",
        "artist": "Asumi Nakata, Hitomi Terakado, Mayumi Asano",
        "type": "Insert Song",
        "correctCount": 4,
        "startTime": 27,
        "songDuration": 90.36,
        "songNumber": 40,
        "activePlayerCount": 122,
        "LinkVideo": "https://files.catbox.moe/9hi87e.webm",
        "LinkMp3": "https://files.catbox.moe/6xuuro.mp3",
        "annId": 2289,
        "correctPlayers": [
            "Sidirodromos",
            "YamiKami",
            "loriogoulevent",
            "Nou"
        ]
    },
    {
        "animeEng": "Run with the Wind",
        "animeRomaji": "Kaze ga Tsuyoku Fuiteiru",
        "songName": "Kaze Tsuyoku, Kimi Atsuku.",
        "artist": "Q-MHz feat. Mitsuhiro Hidaka a.k.a. SKY-HI",
        "type": "Opening 2",
        "correctCount": 24,
        "startTime": 31,
        "songDuration": 88.056,
        "songNumber": 41,
        "activePlayerCount": 122,
        "LinkVideo": "https://files.catbox.moe/9djuu2.webm",
        "LinkMp3": "https://files.catbox.moe/gojiun.mp3",
        "annId": 21078
    },
    {
        "animeEng": "The Anthem of the Heart",
        "animeRomaji": "Kokoro ga Sakebitagatterun Da.",
        "songName": "Tamago no Naka ni wa Nani ga Aru",
        "artist": "Kouki Uchiyama",
        "type": "Insert Song",
        "correctCount": 18,
        "startTime": 6,
        "songDuration": 49.368,
        "songNumber": 42,
        "activePlayerCount": 121,
        "LinkVideo": "https://files.catbox.moe/xik1gz.webm",
        "LinkMp3": "https://files.catbox.moe/wcjk2g.mp3",
        "annId": 16728
    },
    {
        "animeEng": "BanG Dream! Film Live",
        "animeRomaji": "BanG Dream! Film Live",
        "songName": "LOUDER",
        "artist": "Roselia",
        "type": "Insert Song",
        "correctCount": 49,
        "startTime": 37,
        "songDuration": 104.070048,
        "songNumber": 43,
        "activePlayerCount": 120,
        "LinkVideo": "https://files.catbox.moe/xk9b1j.webm",
        "LinkMp3": "https://files.catbox.moe/c4gcht.mp3",
        "annId": 22045
    },
    {
        "animeEng": "Aikatsu! Music Award: Minna de Shou o Moracchaima SHOW!",
        "animeRomaji": "Aikatsu! Music Award: Minna de Shou o Moracchaima SHOW!",
        "songName": "Usubeni Day Tripper",
        "artist": "Remi\u30fbEri from STAR\u2606ANIS",
        "type": "Insert Song",
        "correctCount": 33,
        "startTime": 42,
        "songDuration": 112.896,
        "songNumber": 44,
        "activePlayerCount": 121,
        "LinkVideo": "https://files.catbox.moe/h149qy.webm",
        "LinkMp3": "https://files.catbox.moe/zwecga.mp3",
        "annId": 17125
    },
    {
        "animeEng": "Mobile Suit Gundam Unicorn",
        "animeRomaji": "Kidou Senshi Gundam UC",
        "songName": "B-Bird",
        "artist": "earthmind",
        "type": "Ending 4",
        "correctCount": 3,
        "startTime": 92,
        "songDuration": 192.552,
        "songNumber": 45,
        "activePlayerCount": 121,
        "LinkVideo": "https://files.catbox.moe/9yoqc3.webm",
        "LinkMp3": "https://files.catbox.moe/4cg4se.mp3",
        "annId": 10806,
        "correctPlayers": [
            "Kazaseno",
            "Lone",
            "LesPatissieres"
        ]
    },
    {
        "animeEng": "Wakako-zake",
        "animeRomaji": "Wakako-zake",
        "songName": "Shiawase no Kaerimichi",
        "artist": "Yuuka Ueno",
        "type": "Opening 1",
        "correctCount": 40,
        "startTime": 0,
        "songDuration": 29.232,
        "songNumber": 46,
        "activePlayerCount": 122,
        "LinkVideo": "https://files.catbox.moe/7nuxy6.webm",
        "LinkMp3": "https://files.catbox.moe/4u5iph.mp3",
        "annId": 16900
    },
    {
        "animeEng": "Stratos 4 Advance",
        "animeRomaji": "Stratos 4 Advance",
        "songName": "1st Priority",
        "artist": "Melocure",
        "type": "Opening 1",
        "correctCount": 11,
        "startTime": 49,
        "songDuration": 91.056,
        "songNumber": 47,
        "activePlayerCount": 123,
        "LinkVideo": "https://files.catbox.moe/edrq7h.webm",
        "LinkMp3": "https://files.catbox.moe/b14e3v.mp3",
        "annId": 4914
    },
    {
        "animeEng": "Har\u00e9+Guu",
        "animeRomaji": "Jungle wa Itsumo Hare Nochi Guu",
        "songName": "LOVE\u2606Tropicana",
        "artist": "Sister MAYO",
        "type": "Opening 1",
        "correctCount": 23,
        "startTime": 32,
        "songDuration": 80.712,
        "songNumber": 48,
        "activePlayerCount": 123,
        "LinkVideo": "https://files.catbox.moe/c1dqss.webm",
        "LinkMp3": "https://files.catbox.moe/0f1irc.mp3",
        "annId": 1140
    },
    {
        "animeEng": "BanG Dream! Girls Band Party! Pico Fever!",
        "animeRomaji": "BanG Dream! Garupa\u2606Pico: Fever",
        "songName": "Pico Taru Mono, Fever!",
        "artist": "Aimi\u00d7Ayane Sakura\u00d7Ami Maeshima\u00d7Aina Aiba\u00d7Miku Itou\u00d7Raychell\u00d7Amane Shindou",
        "type": "Ending 1",
        "correctCount": 71,
        "startTime": 0,
        "songDuration": 29.328,
        "songNumber": 49,
        "activePlayerCount": 125,
        "LinkVideo": "https://files.catbox.moe/q8g7z1.webm",
        "LinkMp3": "https://files.catbox.moe/l36bn1.mp3",
        "annId": 24418
    },
    {
        "animeEng": "Digimon Adventure tri. Chapter 6: Our Future",
        "animeRomaji": "Digimon Adventure tri. Bokura no Mirai",
        "songName": "Butter-Fly~tri.Version~",
        "artist": "Erabareshi Kodomo-tachi, Digimon Sinkers, Ayumi Miyazaki, AiM with Kouji Wada",
        "type": "Ending 1",
        "correctCount": 56,
        "startTime": 218,
        "songDuration": 253.096058,
        "songNumber": 50,
        "activePlayerCount": 124,
        "LinkVideo": "https://files.catbox.moe/zu01e3.webm",
        "LinkMp3": "https://files.catbox.moe/f19lzv.mp3",
        "annId": 20474
    },
    {
        "animeEng": "Ninja Girl & Samurai Master 3rd",
        "animeRomaji": "Nobunaga no Shinobi: Anegawa Ishiyama-hen",
        "songName": "Kingyo Namida.",
        "artist": "Renka",
        "type": "Opening 1",
        "correctCount": 22,
        "startTime": 8,
        "songDuration": 39.48,
        "songNumber": 51,
        "activePlayerCount": 124,
        "LinkVideo": "https://files.catbox.moe/411lu8.webm",
        "LinkMp3": "https://files.catbox.moe/y2wwsl.mp3",
        "annId": 20566
    },
    {
        "animeEng": "Yamada's First Time: B Gata H Kei",
        "animeRomaji": "B Gata H Kei",
        "songName": "Oshiete A to Z",
        "artist": "Yukari Tamura",
        "type": "Opening 1",
        "correctCount": 45,
        "startTime": 3,
        "songDuration": 90,
        "songNumber": 52,
        "activePlayerCount": 125,
        "LinkVideo": "https://files.catbox.moe/jpqvtp.webm",
        "LinkMp3": "https://files.catbox.moe/g5b9gy.mp3",
        "annId": 11199
    },
    {
        "animeEng": "Gintama. Silver Soul Arc",
        "animeRomaji": "Gintama. Shirogane no Tamashii-hen",
        "songName": "Hana Ichi Monme",
        "artist": "BURNOUT SYNDROMES",
        "type": "Ending 1",
        "correctCount": 13,
        "startTime": 39,
        "songDuration": 89.52,
        "songNumber": 53,
        "activePlayerCount": 125,
        "LinkVideo": "https://files.catbox.moe/hh0ujv.webm",
        "LinkMp3": "https://files.catbox.moe/0dihb6.mp3",
        "annId": 20917
    },
    {
        "animeEng": "Seitokai Yakuindomo Movie 2",
        "animeRomaji": "Seitokai Yakuindomo Movie 2",
        "songName": "Hana Saku\u2606Saikyou Legend Days",
        "artist": "Triple Booking",
        "type": "Opening 1",
        "correctCount": 49,
        "startTime": 17,
        "songDuration": 87.456,
        "songNumber": 54,
        "activePlayerCount": 123,
        "LinkVideo": "https://files.catbox.moe/gohdbw.webm",
        "LinkMp3": "https://files.catbox.moe/qh2q2d.mp3",
        "annId": 23501
    },
    {
        "animeEng": "Great Pretender",
        "animeRomaji": "Great Pretender",
        "songName": "G.P.",
        "artist": "Yutaka Yamada",
        "type": "Opening 1",
        "correctCount": 47,
        "startTime": 12,
        "songDuration": 63.96,
        "songNumber": 55,
        "activePlayerCount": 122,
        "LinkVideo": "https://files.catbox.moe/z9hw89.webm",
        "LinkMp3": "https://files.catbox.moe/j433hj.mp3",
        "annId": 22317
    },
    {
        "animeEng": "SSSS.GRIDMAN",
        "animeRomaji": "SSSS.GRIDMAN",
        "songName": "UNION",
        "artist": "OxT",
        "type": "Opening 1",
        "correctCount": 82,
        "startTime": 58,
        "songDuration": 89.112,
        "songNumber": 56,
        "activePlayerCount": 122,
        "LinkVideo": "https://files.catbox.moe/asik7t.webm",
        "LinkMp3": "https://files.catbox.moe/xo9p3v.mp3",
        "annId": 20369
    },
    {
        "animeEng": "Bio Armor Ryger",
        "animeRomaji": "Jushin Liger",
        "songName": "THE FIRE",
        "artist": "Yumi Hiroki",
        "type": "Ending 1",
        "correctCount": 1,
        "startTime": 25,
        "songDuration": 58.304304,
        "songNumber": 57,
        "activePlayerCount": 122,
        "LinkVideo": "https://files.catbox.moe/pdq3xe.webm",
        "LinkMp3": "https://files.catbox.moe/j86yti.mp3",
        "annId": 138,
        "correctPlayers": [
            "Rukawa11"
        ]
    },
    {
        "animeEng": "Detective Conan: Crossroad in the Ancient Capital",
        "animeRomaji": "Meitantei Conan: Meikyuu no Crossroad",
        "songName": "Kimi ga Ireba",
        "artist": "Reiko",
        "type": "Insert Song",
        "correctCount": 27,
        "startTime": 31,
        "songDuration": 80.16,
        "songNumber": 58,
        "activePlayerCount": 122,
        "LinkVideo": "https://files.catbox.moe/6iw84l.webm",
        "LinkMp3": "https://files.catbox.moe/kkt91t.mp3",
        "annId": 2678
    },
    {
        "animeEng": "The World God Only Knows",
        "animeRomaji": "Kami Nomi zo Shiru Sekai",
        "songName": "God only knows Daisanmaku",
        "artist": "Oratorio The World God Only Knows",
        "type": "Opening 1",
        "correctCount": 95,
        "startTime": 19,
        "songDuration": 88.728,
        "songNumber": 59,
        "activePlayerCount": 121,
        "LinkVideo": "https://files.catbox.moe/cw6v8a.webm",
        "LinkMp3": "https://files.catbox.moe/2ucsq5.mp3",
        "annId": 11571
    },
    {
        "animeEng": "Mobile Suit Gundam 0083: Stardust Memory",
        "animeRomaji": "Kidou Senshi Gundam 0083: Stardust Memory",
        "songName": "MAGIC",
        "artist": "Jacob Wheeler",
        "type": "Insert Song",
        "correctCount": 10,
        "startTime": 35,
        "songDuration": 134.112,
        "songNumber": 60,
        "activePlayerCount": 122,
        "LinkVideo": "https://files.catbox.moe/cltnus.webm",
        "LinkMp3": "https://files.catbox.moe/xziilv.mp3",
        "annId": 23
    },
    {
        "animeEng": "Star\u2606Twinkle Precure: Hoshi no Uta ni Omoi o Komete",
        "animeRomaji": "Star\u2606Twinkle Precure: Hoshi no Uta ni Omoi o Komete",
        "songName": "Kirari\u2606 \u5f61Star\u2606Twinkle Precure",
        "artist": "Rie Kitagawa",
        "type": "Opening 1",
        "correctCount": 64,
        "startTime": 83,
        "songDuration": 151.128,
        "songNumber": 61,
        "activePlayerCount": 121,
        "LinkVideo": "https://files.catbox.moe/5efh3f.webm",
        "LinkMp3": "https://files.catbox.moe/i11odg.mp3",
        "annId": 22254
    },
    {
        "animeEng": "Neo Angelique Abyss: Second Age",
        "animeRomaji": "Neo Angelique Abyss: Second Age",
        "songName": "Eternal Green ~Kimi to Iu Eien",
        "artist": "Orb Hunter 4",
        "type": "Insert Song",
        "correctCount": 0,
        "startTime": 147,
        "songDuration": 238.128,
        "songNumber": 62,
        "activePlayerCount": 121,
        "LinkVideo": "https://files.catbox.moe/2if1mt.webm",
        "LinkMp3": "https://files.catbox.moe/spjzsa.mp3",
        "annId": 10054
    },
    {
        "animeEng": "The Legend of Koizumi",
        "animeRomaji": "Mudazumo Naki Kaikaku",
        "songName": "Mudazumo Naki Kaikaku ~Shouri no Koizumi Junichirou~",
        "artist": "Toshiyuki Morikawa",
        "type": "Ending 1",
        "correctCount": 18,
        "startTime": 77,
        "songDuration": 151.656,
        "songNumber": 63,
        "activePlayerCount": 121,
        "LinkVideo": "https://files.catbox.moe/nworav.webm",
        "LinkMp3": "https://files.catbox.moe/d66y6j.mp3",
        "annId": 11031
    },
    {
        "animeEng": "Vivy: Fluorite Eye's Song",
        "animeRomaji": "Vivy: Fluorite Eye's Song",
        "songName": "Sing My Pleasure (Grace Ver.)",
        "artist": "Hikari Codama",
        "type": "Insert Song",
        "correctCount": 45,
        "startTime": 11,
        "songDuration": 215.184,
        "songNumber": 64,
        "activePlayerCount": 121,
        "LinkVideo": "https://files.catbox.moe/5o9niq.webm",
        "LinkMp3": "https://files.catbox.moe/p34h9f.mp3",
        "annId": 23935
    },
    {
        "animeEng": "The Great Jahy Will Not Be Defeated!",
        "animeRomaji": "Jahy-sama wa Kujikenai!",
        "songName": "Tsumari wa Itsumo Kujikenai!",
        "artist": "NEGI\u2606U",
        "type": "Ending 1",
        "correctCount": 40,
        "startTime": 1,
        "songDuration": 87.192,
        "songNumber": 65,
        "activePlayerCount": 123,
        "LinkVideo": "https://files.catbox.moe/1l90w9.webm",
        "LinkMp3": "https://files.catbox.moe/kva1l3.mp3",
        "annId": 24308
    },
    {
        "animeEng": "Aikatsu!",
        "animeRomaji": "Aikatsu!",
        "songName": "Let's Aikatsu!",
        "artist": "Ruka\u30fbMona\u30fbMiki from AIKATSU\u2606STARS!",
        "type": "Insert Song",
        "correctCount": 60,
        "startTime": 67,
        "songDuration": 110.616,
        "songNumber": 66,
        "activePlayerCount": 123,
        "LinkVideo": "https://files.catbox.moe/gm2ocb.webm",
        "LinkMp3": "https://files.catbox.moe/7msr4c.mp3",
        "annId": 16824
    },
    {
        "animeEng": "AKB0048",
        "animeRomaji": "AKB0048 First Stage",
        "songName": "Sasae",
        "artist": "AKB48",
        "type": "Ending 2",
        "correctCount": 34,
        "startTime": 69,
        "songDuration": 105.552,
        "songNumber": 67,
        "activePlayerCount": 122,
        "LinkVideo": "https://files.catbox.moe/ajcfcy.webm",
        "LinkMp3": "https://files.catbox.moe/d07x01.mp3",
        "annId": 13805
    },
    {
        "animeEng": "The Testament of Sister New Devil",
        "animeRomaji": "Shinmai Maou no Testament",
        "songName": "Blade of Hope",
        "artist": "sweet ARMS",
        "type": "Opening 1",
        "correctCount": 68,
        "startTime": 49,
        "songDuration": 89.232752,
        "songNumber": 68,
        "activePlayerCount": 123,
        "LinkVideo": "https://files.catbox.moe/wp9qof.webm",
        "LinkMp3": "https://files.catbox.moe/6h7zy5.mp3",
        "annId": 16252
    },
    {
        "animeEng": "JoJo's Bizarre Adventure: Stardust Crusaders",
        "animeRomaji": "JoJo no Kimyou na Bouken: Stardust Crusaders",
        "songName": "STAND PROUD",
        "artist": "Jin Hashimoto",
        "type": "Insert Song",
        "correctCount": 96,
        "startTime": 76,
        "songDuration": 114.456,
        "songNumber": 69,
        "activePlayerCount": 123,
        "LinkVideo": "https://files.catbox.moe/ak782h.webm",
        "LinkMp3": "https://files.catbox.moe/z89nwt.mp3",
        "annId": 16303
    },
    {
        "animeEng": "Sunday Without God",
        "animeRomaji": "Kami-Nai",
        "songName": "Owaranai Melody wo Utaidashimashita.",
        "artist": "Mikako Komatsu",
        "type": "Ending 1",
        "correctCount": 31,
        "startTime": 10,
        "songDuration": 115.224,
        "songNumber": 70,
        "activePlayerCount": 123,
        "LinkVideo": "https://files.catbox.moe/wgxvqp.webm",
        "LinkMp3": "https://files.catbox.moe/k2zo0u.mp3",
        "annId": 15105
    },
    {
        "animeEng": "One Outs",
        "animeRomaji": "One Outs",
        "songName": "Moment",
        "artist": "TRIBAL CHAIR",
        "type": "Ending 1",
        "correctCount": 24,
        "startTime": 33,
        "songDuration": 67.44,
        "songNumber": 71,
        "activePlayerCount": 123,
        "LinkVideo": "https://files.catbox.moe/833fxk.webm",
        "LinkMp3": "https://files.catbox.moe/c38lhe.mp3",
        "annId": 10199
    },
    {
        "animeEng": "Virago in Dungeon",
        "animeRomaji": "Ozanari Dungeon: Kaze no Tou",
        "songName": "Motto Be Myself",
        "artist": "Hidemi Miura",
        "type": "Opening 1",
        "correctCount": 1,
        "startTime": 5,
        "songDuration": 99.336,
        "songNumber": 72,
        "activePlayerCount": 123,
        "LinkVideo": "https://files.catbox.moe/3nb890.webm",
        "LinkMp3": "https://files.catbox.moe/o440zi.mp3",
        "annId": 7320,
        "correctPlayers": [
            "Rukawa11"
        ]
    },
    {
        "animeEng": "Aikatsu!",
        "animeRomaji": "Aikatsu!",
        "songName": "Trap of Love",
        "artist": "Sunao\u30fbWaka\u30fbFuuri from STAR\u2606ANIS",
        "type": "Insert Song",
        "correctCount": 56,
        "startTime": 23,
        "songDuration": 89.712,
        "songNumber": 73,
        "activePlayerCount": 122,
        "LinkVideo": "https://files.catbox.moe/wuo601.webm",
        "LinkMp3": "https://files.catbox.moe/a2itna.mp3",
        "annId": 15597
    },
    {
        "animeEng": "Tales of the Abyss",
        "animeRomaji": "Tales of the Abyss",
        "songName": "Karma",
        "artist": "BUMP OF CHICKEN",
        "type": "Opening 1",
        "correctCount": 63,
        "startTime": 95,
        "songDuration": 128.376,
        "songNumber": 74,
        "activePlayerCount": 122,
        "LinkVideo": "https://files.catbox.moe/oed6vi.webm",
        "LinkMp3": "https://files.catbox.moe/tp8o5k.mp3",
        "annId": 10149
    },
    {
        "animeEng": "Asa made Jugyou Chu!",
        "animeRomaji": "Asa made Jugyou Chu!",
        "songName": "happy\u2606lucky",
        "artist": "Asami Shimoda, Azumi Asakura, Suzuko Mimori",
        "type": "Ending 1",
        "correctCount": 14,
        "startTime": 35,
        "songDuration": 86.904,
        "songNumber": 75,
        "activePlayerCount": 122,
        "LinkVideo": "https://files.catbox.moe/220don.webm",
        "LinkMp3": "https://files.catbox.moe/foib0h.mp3",
        "annId": 13946
    },
    {
        "animeEng": "Aikatsu on Parade!",
        "animeRomaji": "Aikatsu on Parade!",
        "songName": "Good morning my dream",
        "artist": "Ruka\u30fbMona\u30fbMiki from AIKATSU\u2606STARS!",
        "type": "Ending 3",
        "correctCount": 67,
        "startTime": 62,
        "songDuration": 92.616,
        "songNumber": 76,
        "activePlayerCount": 122,
        "LinkVideo": "https://files.catbox.moe/r7hzfc.webm",
        "LinkMp3": "https://files.catbox.moe/zunxzj.mp3",
        "annId": 22441
    },
    {
        "animeEng": "Charlotte",
        "animeRomaji": "Charlotte",
        "songName": "Fallin'",
        "artist": "marina",
        "type": "Insert Song",
        "correctCount": 65,
        "startTime": 2,
        "songDuration": 36,
        "songNumber": 77,
        "activePlayerCount": 123,
        "LinkVideo": "https://files.catbox.moe/ga002e.webm",
        "LinkMp3": "https://files.catbox.moe/81u5ps.mp3",
        "annId": 16649
    },
    {
        "animeEng": "In/Spectre",
        "animeRomaji": "Kyokou Suiri",
        "songName": "LAST DANCE",
        "artist": "Mamoru Miyano",
        "type": "Ending 1",
        "correctCount": 62,
        "startTime": 19,
        "songDuration": 89.568,
        "songNumber": 78,
        "activePlayerCount": 123,
        "LinkVideo": "https://files.catbox.moe/azll8p.webm",
        "LinkMp3": "https://files.catbox.moe/r3dh8q.mp3",
        "annId": 22256
    },
    {
        "animeEng": "Croket!",
        "animeRomaji": "Croket!",
        "songName": "Miracle High tension!",
        "artist": "Psycho Croket",
        "type": "Opening 1",
        "correctCount": 6,
        "startTime": 23,
        "songDuration": 89.20663,
        "songNumber": 79,
        "activePlayerCount": 124,
        "LinkVideo": "https://files.catbox.moe/a2ndfv.webm",
        "LinkMp3": "https://files.catbox.moe/38l68g.mp3",
        "annId": 2544
    },
    {
        "animeEng": "Rinne no Lagrange: Kamogawa Days",
        "animeRomaji": "Rinne no Lagrange: Kamogawa Days",
        "songName": "Hello!",
        "artist": "Megumi Nakajima",
        "type": "Ending 1",
        "correctCount": 20,
        "startTime": 55,
        "songDuration": 88.632,
        "songNumber": 80,
        "activePlayerCount": 124,
        "LinkVideo": "https://files.catbox.moe/id7idr.webm",
        "LinkMp3": "https://files.catbox.moe/q7i6xr.mp3",
        "annId": 14181
    },
    {
        "animeEng": "Yokohama Shopping Log",
        "animeRomaji": "Yokohama Kaidashi Kikou",
        "songName": "Heiten Jikan",
        "artist": "GONTITI",
        "type": "Ending 1",
        "correctCount": 46,
        "startTime": 38,
        "songDuration": 80.424,
        "songNumber": 81,
        "activePlayerCount": 124,
        "LinkVideo": "https://files.catbox.moe/hqohkt.webm",
        "LinkMp3": "https://files.catbox.moe/rujw75.mp3",
        "annId": 1156
    },
    {
        "animeEng": "Azusa Will Help!",
        "animeRomaji": "Azusa, Otetsudai Shimasu!",
        "songName": "Pallhkari ~Yuusha-tachi~",
        "artist": "Naomi Amagata",
        "type": "Ending 1",
        "correctCount": 2,
        "startTime": 70,
        "songDuration": 119.0432,
        "songNumber": 82,
        "activePlayerCount": 124,
        "LinkVideo": "https://files.catbox.moe/zzh2pm.webm",
        "LinkMp3": "https://files.catbox.moe/16fuba.mp3",
        "annId": 4581,
        "correctPlayers": [
            "bamboo",
            "SmallRabbit56"
        ]
    },
    {
        "animeEng": "Little Women",
        "animeRomaji": "Ai no Wakakusa Monogatari",
        "songName": "Otousama eno Lullaby",
        "artist": "Satoko Shimonari",
        "type": "Ending 2",
        "correctCount": 2,
        "startTime": 10,
        "songDuration": 94.536,
        "songNumber": 83,
        "activePlayerCount": 124,
        "LinkVideo": "https://files.catbox.moe/iy7lnb.webm",
        "LinkMp3": "https://files.catbox.moe/ncsylo.mp3",
        "annId": 801,
        "correctPlayers": [
            "Rukawa11",
            "TeikokuKagekidan"
        ]
    },
    {
        "animeEng": "SSSS.DYNAZENON",
        "animeRomaji": "SSSS.DYNAZENON",
        "songName": "Imperfect",
        "artist": "Masayoshi Ooishi",
        "type": "Opening 1",
        "correctCount": 86,
        "startTime": 46,
        "songDuration": 88.512,
        "songNumber": 84,
        "activePlayerCount": 123,
        "LinkVideo": "https://files.catbox.moe/1zktr6.webm",
        "LinkMp3": "https://files.catbox.moe/gaekby.mp3",
        "annId": 23822
    },
    {
        "animeEng": "Beyblade Burst Dynamite Battle",
        "animeRomaji": "Beyblade Burst DB",
        "songName": "Butsukare! Dynamite Battle",
        "artist": "NORISTRY",
        "type": "Opening 1",
        "correctCount": 10,
        "startTime": 5,
        "songDuration": 42.792,
        "songNumber": 85,
        "activePlayerCount": 122,
        "LinkVideo": "https://files.catbox.moe/cv7kvs.webm",
        "LinkMp3": "https://files.catbox.moe/1i68e6.mp3",
        "annId": 24144
    }
]