[
    {
        "animeEng": "Senki Zesshou Symphogear AXZ",
        "animeRomaji": "Senki Zesshou Symphogear AXZ",
        "songName": "Shitou -Ewigkeit- (German ver.)",
        "artist": "Minako Kotobuki, Shouta Aoi, Rina Hidaka",
        "type": "Insert Song",
        "correctCount": 15,
        "startTime": 4,
        "songDuration": 42.816,
        "songNumber": 1,
        "activePlayerCount": 80,
        "LinkVideo": "https://files.catbox.moe/20lgre.webm",
        "LinkMp3": "https://files.catbox.moe/z693gc.mp3",
        "annId": 19724
    },
    {
        "animeEng": "Seraph of the End: Battle in Nagoya",
        "animeRomaji": "Owari no Seraph: Nagoya Kessen-hen",
        "songName": "Orarion",
        "artist": "Nagi Yanagi",
        "type": "Ending 1",
        "correctCount": 28,
        "startTime": 18,
        "songDuration": 89.256,
        "songNumber": 2,
        "activePlayerCount": 88,
        "LinkVideo": "https://files.catbox.moe/wcngtt.webm",
        "LinkMp3": "https://files.catbox.moe/o2nz26.mp3",
        "annId": 17482
    },
    {
        "animeEng": "Days: Touin Gakuen-sen",
        "animeRomaji": "Days: Touin Gakuen-sen",
        "songName": "Higher Climber",
        "artist": "HOWL BE QUIET",
        "type": "Opening 1",
        "correctCount": 17,
        "startTime": 0,
        "songDuration": 88.032,
        "songNumber": 3,
        "activePlayerCount": 90,
        "LinkVideo": "https://files.catbox.moe/nqplff.webm",
        "LinkMp3": "https://files.catbox.moe/crmav1.mp3",
        "annId": 23325
    },
    {
        "animeEng": "Carole & Tuesday",
        "animeRomaji": "Carole & Tuesday",
        "songName": "Someday I'll Find My Way Home",
        "artist": "Nai Br.XX&Celeina Ann",
        "type": "Insert Song",
        "correctCount": 47,
        "startTime": 29,
        "songDuration": 160.032,
        "songNumber": 4,
        "activePlayerCount": 91,
        "LinkVideo": "https://files.catbox.moe/5x1i19.webm",
        "LinkMp3": "https://files.catbox.moe/4cyktw.mp3",
        "annId": 21557
    },
    {
        "animeEng": "Nekketsu Saikyou Gosaurer",
        "animeRomaji": "Nekketsu Saikyou Gosaurer",
        "songName": "KEEP ON DREAMING",
        "artist": "SAURERS",
        "type": "Opening 2",
        "correctCount": 3,
        "startTime": 39,
        "songDuration": 88.584,
        "songNumber": 5,
        "activePlayerCount": 93,
        "LinkVideo": "https://files.catbox.moe/zzhwaf.webm",
        "LinkMp3": "https://files.catbox.moe/p57ych.mp3",
        "annId": 2236,
        "correctPlayers": [
            "Rukawa11",
            "Zylda",
            "Loppa"
        ]
    },
    {
        "animeEng": "Anne of Green Gables",
        "animeRomaji": "Akage no Anne",
        "songName": "Samenai Yume",
        "artist": "Ritsuko Ohwada",
        "type": "Ending 1",
        "correctCount": 12,
        "startTime": 16,
        "songDuration": 71.64,
        "songNumber": 6,
        "activePlayerCount": 93,
        "LinkVideo": "https://files.catbox.moe/d141qr.webm",
        "LinkMp3": "https://files.catbox.moe/u24ifd.mp3",
        "annId": 421
    },
    {
        "animeEng": "Amagami SS",
        "animeRomaji": "Amagami SS",
        "songName": "i Love",
        "artist": "azusa",
        "type": "Opening 1",
        "correctCount": 35,
        "startTime": 39,
        "songDuration": 89.52,
        "songNumber": 7,
        "activePlayerCount": 94,
        "LinkVideo": "https://files.catbox.moe/26yvsn.webm",
        "LinkMp3": "https://files.catbox.moe/rbpq8w.mp3",
        "annId": 11474
    },
    {
        "animeEng": "Speed Grapher",
        "animeRomaji": "Speed Grapher",
        "songName": "Break the Cocoon",
        "artist": "Yoriko",
        "type": "Ending 2",
        "correctCount": 4,
        "startTime": 44,
        "songDuration": 91.032,
        "songNumber": 8,
        "activePlayerCount": 96,
        "LinkVideo": "https://files.catbox.moe/ddmpmf.webm",
        "LinkMp3": "https://files.catbox.moe/6tsluz.mp3",
        "annId": 4579,
        "correctPlayers": [
            "Zabr",
            "TrueXC",
            "scrambled",
            "HDNC"
        ]
    },
    {
        "animeEng": "Koitabi: True Tours Nanto",
        "animeRomaji": "Koitabi: True Tours Nanto",
        "songName": "Kimi no Inryoku",
        "artist": "eufonius",
        "type": "Ending 2",
        "correctCount": 11,
        "startTime": 23,
        "songDuration": 88.14035,
        "songNumber": 9,
        "activePlayerCount": 97,
        "LinkVideo": "https://files.catbox.moe/czzfef.webm",
        "LinkMp3": "https://files.catbox.moe/so3ks4.mp3",
        "annId": 15189
    },
    {
        "animeEng": "A Hot Night With My Boss in a Capsule Hotel",
        "animeRomaji": "Shuudengo, Capsule Hotel de, Joushi ni Binetsu Tsutawaru Yoru.",
        "songName": "Sweet Jail",
        "artist": "EIGHT OF TRIANGLE",
        "type": "Ending 1",
        "correctCount": 16,
        "startTime": 0,
        "songDuration": 16.430738,
        "songNumber": 10,
        "activePlayerCount": 98,
        "LinkVideo": "https://files.catbox.moe/8nits7.webm",
        "LinkMp3": "https://files.catbox.moe/iem8ai.mp3",
        "annId": 21372
    },
    {
        "animeEng": "Captain Tsubasa",
        "animeRomaji": "Captain Tsubasa",
        "songName": "Moete Hero",
        "artist": "Yuuko Sanpei & Ayaka Fukuhara",
        "type": "Ending 6",
        "correctCount": 72,
        "startTime": 32,
        "songDuration": 88.008,
        "songNumber": 11,
        "activePlayerCount": 99,
        "LinkVideo": "https://files.catbox.moe/no2ibf.webm",
        "LinkMp3": "https://files.catbox.moe/zhhobk.mp3",
        "annId": 20614
    },
    {
        "animeEng": "Gunslinger Girl: Il Teatrino",
        "animeRomaji": "Gunslinger Girl: Il Teatrino",
        "songName": "doll",
        "artist": "Aoi Tada",
        "type": "Ending 1",
        "correctCount": 17,
        "startTime": 53,
        "songDuration": 90.096,
        "songNumber": 12,
        "activePlayerCount": 98,
        "LinkVideo": "https://files.catbox.moe/x60kks.webm",
        "LinkMp3": "https://files.catbox.moe/focq1s.mp3",
        "annId": 10121
    },
    {
        "animeEng": "I've Always Liked You",
        "animeRomaji": "Zutto Mae kara Suki Deshita: Kokuhaku Jikkou Iinkai",
        "songName": "Kokuhaku Yokou Renshuu",
        "artist": "HoneyWorks with Haruka Tomatsu",
        "type": "Insert Song",
        "correctCount": 25,
        "startTime": 52,
        "songDuration": 132.6,
        "songNumber": 13,
        "activePlayerCount": 97,
        "LinkVideo": "https://files.catbox.moe/dll9bw.webm",
        "LinkMp3": "https://files.catbox.moe/3syibf.mp3",
        "annId": 17342
    },
    {
        "animeEng": "Magia Record: Puella Magi Madoka Magica Side Story",
        "animeRomaji": "Magia Record: Mahou Shoujo Madoka\u2606Magica Gaiden",
        "songName": "Sis puella magica!",
        "artist": "Eri Itou & Yuriko Kaida",
        "type": "Opening 1",
        "correctCount": 79,
        "startTime": 14,
        "songDuration": 46.056,
        "songNumber": 14,
        "activePlayerCount": 97,
        "LinkVideo": "https://files.catbox.moe/1h5o5v.webm",
        "LinkMp3": "https://files.catbox.moe/lzg0a6.mp3",
        "annId": 22009
    },
    {
        "animeEng": "Beyond the Boundary: I'll Be Here - Future",
        "animeRomaji": "Gekijouban Kyoukai no Kanata -I'll Be Here- Mirai-hen",
        "songName": "Aitakatta Sora",
        "artist": "Minori Chihara",
        "type": "Ending 1",
        "correctCount": 35,
        "startTime": 131,
        "songDuration": 250.872,
        "songNumber": 15,
        "activePlayerCount": 98,
        "LinkVideo": "https://files.catbox.moe/xl7ez9.webm",
        "LinkMp3": "https://files.catbox.moe/1nq3bj.mp3",
        "annId": 16584
    },
    {
        "animeEng": "Slam Dunk",
        "animeRomaji": "Slam Dunk",
        "songName": "ENDLESS CHAIN",
        "artist": "BAAD",
        "type": "Insert Song",
        "correctCount": 39,
        "startTime": 7,
        "songDuration": 122.616668,
        "songNumber": 16,
        "activePlayerCount": 99,
        "LinkVideo": "https://files.catbox.moe/260x72.webm",
        "LinkMp3": "https://files.catbox.moe/z03xk0.mp3",
        "annId": 659
    },
    {
        "animeEng": "Fate/stay night: Heaven's Feel I. presage flower",
        "animeRomaji": "Fate/stay night: Heaven's Feel I. presage flower",
        "songName": "the flower will bloom",
        "artist": "Yuri Kasahara",
        "type": "Opening 1",
        "correctCount": 32,
        "startTime": 107,
        "songDuration": 193.248,
        "songNumber": 17,
        "activePlayerCount": 101,
        "LinkVideo": "https://files.catbox.moe/eqo2vh.webm",
        "LinkMp3": "https://files.catbox.moe/s90adh.mp3",
        "annId": 16166
    },
    {
        "animeEng": "Absolute Boy",
        "animeRomaji": "Zettai Shounen",
        "songName": "Hikari no Silhouette",
        "artist": "CooRie",
        "type": "Opening 1",
        "correctCount": 5,
        "startTime": 35,
        "songDuration": 109.764644,
        "songNumber": 18,
        "activePlayerCount": 102,
        "LinkVideo": "https://files.catbox.moe/p9cfpg.webm",
        "LinkMp3": "https://files.catbox.moe/dzfu0m.mp3",
        "annId": 5093,
        "correctPlayers": [
            "Rukawa11",
            "HDNC",
            "TatoH",
            "OnlyEcchi",
            "likejaxirl"
        ]
    },
    {
        "animeEng": "Gokujou!! Mecha Mote Iinchou",
        "animeRomaji": "Gokujou!! Mecha Mote Iinchou",
        "songName": "Kirei ni Naritai",
        "artist": "MM Gakuen Gasshou-bu",
        "type": "Ending 1",
        "correctCount": 3,
        "startTime": 29,
        "songDuration": 88.896,
        "songNumber": 19,
        "activePlayerCount": 101,
        "LinkVideo": "https://files.catbox.moe/sm6l70.webm",
        "LinkMp3": "https://files.catbox.moe/r40y0x.mp3",
        "annId": 10617,
        "correctPlayers": [
            "Rukawa11",
            "Nou",
            "OnlyEcchi"
        ]
    },
    {
        "animeEng": "Gintama",
        "animeRomaji": "Gintama",
        "songName": "Dynamite Saikai ~Hirusagari no Sengyoushufu~",
        "artist": "Mikako Takahashi & Erika Sudou",
        "type": "Insert Song",
        "correctCount": 5,
        "startTime": 5,
        "songDuration": 57.192,
        "songNumber": 20,
        "activePlayerCount": 103,
        "LinkVideo": "https://files.catbox.moe/yxxxbb.webm",
        "LinkMp3": "https://files.catbox.moe/wdquhk.mp3",
        "annId": 6236,
        "correctPlayers": [
            "noon",
            "Hestia",
            "Reiniblue",
            "thjalago",
            "likejaxirl"
        ]
    },
    {
        "animeEng": "Arei's Mirror",
        "animeRomaji": "Arei no Kagami",
        "songName": "We will be one someday",
        "artist": "Satoko Shimonari",
        "type": "Insert Song",
        "correctCount": 1,
        "startTime": 87,
        "songDuration": 183.552,
        "songNumber": 21,
        "activePlayerCount": 105,
        "LinkVideo": "https://files.catbox.moe/pqtiwb.webm",
        "LinkMp3": "https://files.catbox.moe/0joczi.mp3",
        "annId": 3955,
        "correctPlayers": [
            "IzumiSakai"
        ]
    },
    {
        "animeEng": "Hugtto! Precure",
        "animeRomaji": "Hugtto! Precure",
        "songName": "HUGtto! YELL FOR YOU",
        "artist": "Rie Hikisaka, Rina Honnizumi, Yui Ogura, Yukari Tamura, Nao Tamura",
        "type": "Ending 4",
        "correctCount": 7,
        "startTime": 37,
        "songDuration": 87.456,
        "songNumber": 22,
        "activePlayerCount": 107,
        "LinkVideo": "https://files.catbox.moe/6bbehd.webm",
        "LinkMp3": "https://files.catbox.moe/g7x014.mp3",
        "annId": 20473
    },
    {
        "animeEng": "Japan Sinks: 2020",
        "animeRomaji": "Nihon Chinbotsu 2020",
        "songName": "a life",
        "artist": "Ryuichi Sakamoto & Taeko Ohnuki",
        "type": "Opening 1",
        "correctCount": 40,
        "startTime": 21,
        "songDuration": 77.016,
        "songNumber": 23,
        "activePlayerCount": 106,
        "LinkVideo": "https://files.catbox.moe/c1hy3d.webm",
        "LinkMp3": "https://files.catbox.moe/pxs8ie.mp3",
        "annId": 23133
    },
    {
        "animeEng": "AKB0048 Next Stage",
        "animeRomaji": "AKB0048 Next Stage",
        "songName": "Kono Namida wo Kimi ni Sasagu",
        "artist": "NO NAME",
        "type": "Insert Song",
        "correctCount": 66,
        "startTime": 84,
        "songDuration": 166.272,
        "songNumber": 24,
        "activePlayerCount": 105,
        "LinkVideo": "https://files.catbox.moe/869el0.webm",
        "LinkMp3": "https://files.catbox.moe/orap2p.mp3",
        "annId": 14873
    },
    {
        "animeEng": "Extra Olympia Kyklos",
        "animeRomaji": "Bessatsu Olympia Kyklos",
        "songName": "Yume no Market",
        "artist": "Akihito Hayashi",
        "type": "Ending 15",
        "correctCount": 63,
        "startTime": 1,
        "songDuration": 52.416,
        "songNumber": 25,
        "activePlayerCount": 105,
        "LinkVideo": "https://files.catbox.moe/ttoyl7.webm",
        "LinkMp3": "https://files.catbox.moe/g4t8cf.mp3",
        "annId": 23035
    },
    {
        "animeEng": "Argonavis from BanG Dream!",
        "animeRomaji": "Argonavis from BanG Dream!",
        "songName": "Ameagari no Sakamichi",
        "artist": "Argonavis",
        "type": "Ending 1",
        "correctCount": 26,
        "startTime": 8,
        "songDuration": 89.304,
        "songNumber": 26,
        "activePlayerCount": 104,
        "LinkVideo": "https://files.catbox.moe/6vwots.webm",
        "LinkMp3": "https://files.catbox.moe/0jr9hu.mp3",
        "annId": 23027
    },
    {
        "animeEng": "A Dark Rabbit Has Seven Lives",
        "animeRomaji": "Itsuka Tenma no Kuro Usagi",
        "songName": "Once",
        "artist": "Hitomi Harada",
        "type": "Opening 1",
        "correctCount": 33,
        "startTime": 37,
        "songDuration": 89.232,
        "songNumber": 27,
        "activePlayerCount": 104,
        "LinkVideo": "https://files.catbox.moe/up1fim.webm",
        "LinkMp3": "https://files.catbox.moe/xp6wrn.mp3",
        "annId": 12423
    },
    {
        "animeEng": "H2O: Footprints in the Sand",
        "animeRomaji": "H2O: Footprints in the Sand",
        "songName": "Kazahane",
        "artist": "Haruka Shimotsuki",
        "type": "Ending 1",
        "correctCount": 17,
        "startTime": 8,
        "songDuration": null,
        "songNumber": 28,
        "activePlayerCount": 105,
        "LinkVideo": "https://files.catbox.moe/zmm0ex.webm",
        "LinkMp3": "https://files.catbox.moe/kld5os.mp3",
        "annId": 8786
    },
    {
        "animeEng": "Hugtto! Precure",
        "animeRomaji": "Hugtto! Precure",
        "songName": "H@ppy Together!!!",
        "artist": "Mizuki Moie & Momoko Hayashi",
        "type": "Insert Song",
        "correctCount": 15,
        "startTime": 22,
        "songDuration": 52.608,
        "songNumber": 29,
        "activePlayerCount": 105,
        "LinkVideo": "https://files.catbox.moe/7ug0in.webm",
        "LinkMp3": "https://files.catbox.moe/wam3ay.mp3",
        "annId": 20473
    },
    {
        "animeEng": "Teekyuu",
        "animeRomaji": "Teekyuu",
        "songName": "Fattoshite Tougenkyou",
        "artist": "Suzuko Mimori",
        "type": "Opening 1",
        "correctCount": 80,
        "startTime": 0,
        "songDuration": 28.56,
        "songNumber": 30,
        "activePlayerCount": 106,
        "LinkVideo": "https://files.catbox.moe/5sbrgt.webm",
        "LinkMp3": "https://files.catbox.moe/r4lbwd.mp3",
        "annId": 16639
    },
    {
        "animeEng": "Hiatari Ryoukou!: Yume no Naka ni Kimi ga Ita",
        "animeRomaji": "Hiatari Ryoukou!: Yume no Naka ni Kimi ga Ita",
        "songName": "Kagami no Naka no Actress",
        "artist": "Meiko Nakahara",
        "type": "Insert Song",
        "correctCount": 15,
        "startTime": 0,
        "songDuration": 29.064,
        "songNumber": 31,
        "activePlayerCount": 106,
        "LinkVideo": "https://files.catbox.moe/3p9gxn.webm",
        "LinkMp3": "https://files.catbox.moe/fka2cq.mp3",
        "annId": 3271
    },
    {
        "animeEng": "The Pet Girl of Sakurasou",
        "animeRomaji": "Sakura-sou no Pet na Kanojo",
        "songName": "Prime Number -Minna to Deaeru Hi-",
        "artist": "Asuka Oukura",
        "type": "Ending 2",
        "correctCount": 59,
        "startTime": 14,
        "songDuration": 84.096,
        "songNumber": 32,
        "activePlayerCount": 106,
        "LinkVideo": "https://files.catbox.moe/1fp6ro.webm",
        "LinkMp3": "https://files.catbox.moe/xz5bgs.mp3",
        "annId": 14238
    },
    {
        "animeEng": "Naruto Shippuuden",
        "animeRomaji": "Naruto Shippuuden",
        "songName": "Kaze",
        "artist": "Yamazaru",
        "type": "Opening 17",
        "correctCount": 34,
        "startTime": 47,
        "songDuration": 88.992,
        "songNumber": 33,
        "activePlayerCount": 106,
        "LinkVideo": "https://files.catbox.moe/0pxs3d.webm",
        "LinkMp3": "https://files.catbox.moe/065f2l.mp3",
        "annId": 7293
    },
    {
        "animeEng": "Katsugeki Touken Ranbu",
        "animeRomaji": "Katsugeki/Touken Ranbu",
        "songName": "Hyakka Ryouran",
        "artist": "Kalafina",
        "type": "Ending 1",
        "correctCount": 6,
        "startTime": 4,
        "songDuration": 89.448,
        "songNumber": 34,
        "activePlayerCount": 106,
        "LinkVideo": "https://files.catbox.moe/wi6sbp.webm",
        "LinkMp3": "https://files.catbox.moe/51izi2.mp3",
        "annId": 19412
    },
    {
        "animeEng": "Hello Spank!",
        "animeRomaji": "Ohayou! Spank",
        "songName": "Ohayou! Spank",
        "artist": "Nozomu Inoue",
        "type": "Opening 1",
        "correctCount": 92,
        "startTime": 5,
        "songDuration": 76.176,
        "songNumber": 35,
        "activePlayerCount": 105,
        "LinkVideo": "https://files.catbox.moe/bggqgp.webm",
        "LinkMp3": "https://files.catbox.moe/xz6qkt.mp3",
        "annId": 1418
    },
    {
        "animeEng": "Wonder Egg Priority",
        "animeRomaji": "Wonder Egg Priority",
        "songName": "Sudachi no Uta",
        "artist": "Anemoneria",
        "type": "Opening 1",
        "correctCount": 62,
        "startTime": 48,
        "songDuration": 88.944,
        "songNumber": 36,
        "activePlayerCount": 104,
        "LinkVideo": "https://files.catbox.moe/bdnr0h.webm",
        "LinkMp3": "https://files.catbox.moe/h3umvl.mp3",
        "annId": 24211
    },
    {
        "animeEng": "Gatchaman",
        "animeRomaji": "Gatchaman",
        "songName": "GATCHAMAN '94",
        "artist": "Ichirou Mizuki",
        "type": "Insert Song",
        "correctCount": 68,
        "startTime": 1,
        "songDuration": 29.424,
        "songNumber": 37,
        "activePlayerCount": 103,
        "LinkVideo": "https://files.catbox.moe/ou6pd6.webm",
        "LinkMp3": "https://files.catbox.moe/orqdro.mp3",
        "annId": 318
    },
    {
        "animeEng": "Devil May Cry",
        "animeRomaji": "Devil May Cry",
        "songName": "d.m.c",
        "artist": "rungran",
        "type": "Opening 1",
        "correctCount": 50,
        "startTime": 48,
        "songDuration": 89.064,
        "songNumber": 38,
        "activePlayerCount": 104,
        "LinkVideo": "https://files.catbox.moe/ngfiev.webm",
        "LinkMp3": "https://files.catbox.moe/cm5xm6.mp3",
        "annId": 6905
    },
    {
        "animeEng": "Aikatsu!",
        "animeRomaji": "Aikatsu!",
        "songName": "Heart no Melody",
        "artist": "Ruka from STAR\u2606ANIS",
        "type": "Insert Song",
        "correctCount": 25,
        "startTime": 5,
        "songDuration": 103.368,
        "songNumber": 39,
        "activePlayerCount": 104,
        "LinkVideo": "https://files.catbox.moe/rhge2k.webm",
        "LinkMp3": "https://files.catbox.moe/tyqwut.mp3",
        "annId": 15597
    },
    {
        "animeEng": "Katte ni Shirokuma",
        "animeRomaji": "Katte ni Shirokuma",
        "songName": "Sabishii Yoru no Komoriuta",
        "artist": "Kenichi Nagira",
        "type": "Ending 1",
        "correctCount": 1,
        "startTime": 160,
        "songDuration": 194.784,
        "songNumber": 40,
        "activePlayerCount": 103,
        "LinkVideo": "https://files.catbox.moe/ued1mr.webm",
        "LinkMp3": "https://files.catbox.moe/uwf1oi.mp3",
        "annId": 23302,
        "correctPlayers": [
            "TatoH"
        ]
    },
    {
        "animeEng": "PES: Peace Eco Smile",
        "animeRomaji": "PES: Peace Eco Smile",
        "songName": "to be in on PES",
        "artist": "miyauchi yuri",
        "type": "Insert Song",
        "correctCount": 4,
        "startTime": 5,
        "songDuration": 50.76,
        "songNumber": 41,
        "activePlayerCount": 103,
        "LinkVideo": "https://files.catbox.moe/lgr27s.webm",
        "LinkMp3": "https://files.catbox.moe/txxaca.mp3",
        "annId": 14440,
        "correctPlayers": [
            "revel_",
            "MyAngelAmakiSari",
            "e56123",
            "Anaruwaifu"
        ]
    },
    {
        "animeEng": "School Days: Magical Heart Kokoro-chan",
        "animeRomaji": "School Days: Magical Heart Kokoro-chan",
        "songName": "'Magical Heart Kokoro-chan' no Theme",
        "artist": "Megu Ashiro",
        "type": "Opening 1",
        "correctCount": 54,
        "startTime": 35,
        "songDuration": 97.056,
        "songNumber": 42,
        "activePlayerCount": 103,
        "LinkVideo": "https://files.catbox.moe/y082fd.webm",
        "LinkMp3": "https://files.catbox.moe/gr0yqb.mp3",
        "annId": 8921
    },
    {
        "animeEng": "Genocyber",
        "animeRomaji": "Genocyber: Kyokai no Majuu",
        "songName": "Anata ni Ai ni Ikukara",
        "artist": "Mami Ito",
        "type": "Ending 3",
        "correctCount": 0,
        "startTime": 16,
        "songDuration": 206.328,
        "songNumber": 43,
        "activePlayerCount": 103,
        "LinkVideo": "https://files.catbox.moe/agpsw6.webm",
        "LinkMp3": "https://files.catbox.moe/0huom6.mp3",
        "annId": 149
    },
    {
        "animeEng": "The Future Diary Redial",
        "animeRomaji": "Mirai Nikki Redial",
        "songName": "Kyouki Chinden",
        "artist": "Yousei Teikoku",
        "type": "Opening 1",
        "correctCount": 46,
        "startTime": 28,
        "songDuration": 95.256,
        "songNumber": 44,
        "activePlayerCount": 103,
        "LinkVideo": "https://files.catbox.moe/b4vr9z.webm",
        "LinkMp3": "https://files.catbox.moe/81cwv6.mp3",
        "annId": 15406
    },
    {
        "animeEng": "Great Pretender",
        "animeRomaji": "Great Pretender",
        "songName": "The Great Pretender",
        "artist": "Freddie Mercury",
        "type": "Ending 1",
        "correctCount": 54,
        "startTime": 57,
        "songDuration": 119.28,
        "songNumber": 45,
        "activePlayerCount": 102,
        "LinkVideo": "https://files.catbox.moe/xzsshv.webm",
        "LinkMp3": "https://files.catbox.moe/nbzbfp.mp3",
        "annId": 22317
    },
    {
        "animeEng": "Seitokai Yakuindomo",
        "animeRomaji": "Seitokai Yakuindomo",
        "songName": "Jounetsu no Hana",
        "artist": "Triple Booking",
        "type": "Insert Song",
        "correctCount": 35,
        "startTime": 6,
        "songDuration": 35.736,
        "songNumber": 46,
        "activePlayerCount": 102,
        "LinkVideo": "https://files.catbox.moe/nhjj11.webm",
        "LinkMp3": "https://files.catbox.moe/40t8j9.mp3",
        "annId": 11476
    },
    {
        "animeEng": "My mental choices are completely interfering with my school romantic comedy",
        "animeRomaji": "NouCome",
        "songName": "Shirobuta-kun no Uta",
        "artist": "Hanna",
        "type": "Insert Song",
        "correctCount": 29,
        "startTime": 1,
        "songDuration": 33.456,
        "songNumber": 47,
        "activePlayerCount": 102,
        "LinkVideo": "https://files.catbox.moe/mofj6e.webm",
        "LinkMp3": "https://files.catbox.moe/kxycry.mp3",
        "annId": 15445
    },
    {
        "animeEng": "D4DJ First Mix",
        "animeRomaji": "D4DJ First Mix",
        "songName": "Here's the Light",
        "artist": "Photon Maiden",
        "type": "Insert Song",
        "correctCount": 29,
        "startTime": 34,
        "songDuration": 99.408,
        "songNumber": 48,
        "activePlayerCount": 102,
        "LinkVideo": "https://files.catbox.moe/intfyj.webm",
        "LinkMp3": "https://files.catbox.moe/ek5950.mp3",
        "annId": 23530
    },
    {
        "animeEng": "Clannad After Story",
        "animeRomaji": "Clannad After Story",
        "songName": "Chiisana Tenohira",
        "artist": "riya",
        "type": "Insert Song",
        "correctCount": 49,
        "startTime": 189,
        "songDuration": 276.936,
        "songNumber": 49,
        "activePlayerCount": 102,
        "LinkVideo": "https://files.catbox.moe/nft2jx.webm",
        "LinkMp3": "https://files.catbox.moe/p2rie0.mp3",
        "annId": 9701
    },
    {
        "animeEng": "given",
        "animeRomaji": "given",
        "songName": "Marutsuke",
        "artist": "Given",
        "type": "Ending 2",
        "correctCount": 33,
        "startTime": 22,
        "songDuration": 88.608,
        "songNumber": 50,
        "activePlayerCount": 102,
        "LinkVideo": "https://files.catbox.moe/ar1so2.webm",
        "LinkMp3": "https://files.catbox.moe/admu31.mp3",
        "annId": 21958
    },
    {
        "animeEng": "Utawarerumono OVA",
        "animeRomaji": "Utawarerumono OVA",
        "songName": "Boku dake no Tabiji",
        "artist": "Tsuyoshi Koyama",
        "type": "Insert Song",
        "correctCount": 0,
        "startTime": 71,
        "songDuration": 112.8,
        "songNumber": 51,
        "activePlayerCount": 105,
        "LinkVideo": "https://files.catbox.moe/yxyo65.webm",
        "LinkMp3": "https://files.catbox.moe/2u9kxn.mp3",
        "annId": 9034
    },
    {
        "animeEng": "Geneshaft",
        "animeRomaji": "Geneshaft",
        "songName": "SHAFT DRIVE",
        "artist": "Akira Takasaki",
        "type": "Opening 1",
        "correctCount": 8,
        "startTime": 29,
        "songDuration": 59.061842,
        "songNumber": 52,
        "activePlayerCount": 105,
        "LinkVideo": "https://files.catbox.moe/iu9m53.webm",
        "LinkMp3": "https://files.catbox.moe/716wdl.mp3",
        "annId": 467
    },
    {
        "animeEng": "Genesis Climber Mospeada: Love, Live, Alive",
        "animeRomaji": "Genesis Climber Mospeada: Love, Live, Alive",
        "songName": "Clap Clap Clap",
        "artist": "Jin Haneoka",
        "type": "Insert Song",
        "correctCount": 0,
        "startTime": 128,
        "songDuration": 178.704,
        "songNumber": 53,
        "activePlayerCount": 105,
        "LinkVideo": "https://files.catbox.moe/bv2lva.webm",
        "LinkMp3": "https://files.catbox.moe/brfdhh.mp3",
        "annId": 3896
    },
    {
        "animeEng": "Aikatsu!",
        "animeRomaji": "Aikatsu!",
        "songName": "Signalize!",
        "artist": "Waka\u30fbFuuri\u30fbSunao from STAR\u2606ANIS",
        "type": "Insert Song",
        "correctCount": 59,
        "startTime": 69,
        "songDuration": 107.664,
        "songNumber": 54,
        "activePlayerCount": 105,
        "LinkVideo": "https://files.catbox.moe/rs51k5.webm",
        "LinkMp3": "https://files.catbox.moe/1mrit3.mp3",
        "annId": 14566
    },
    {
        "animeEng": "Harmagedon",
        "animeRomaji": "Genma Taisen",
        "songName": "Hikari no Tenshi",
        "artist": "Rosemary Butler",
        "type": "Ending 1",
        "correctCount": 2,
        "startTime": 43,
        "songDuration": 234.696,
        "songNumber": 55,
        "activePlayerCount": 107,
        "LinkVideo": "https://files.catbox.moe/6dk24l.webm",
        "LinkMp3": "https://files.catbox.moe/vtacs0.mp3",
        "annId": 678,
        "correctPlayers": [
            "sayansaya",
            "Phizh"
        ]
    },
    {
        "animeEng": "Mob Psycho 100 II OVA",
        "animeRomaji": "Mob Psycho 100: Dai Ikkai Rei Toka Soudansho Ianryokou - Kokoro Mitasu Iyashi no Tabi",
        "songName": "Ikiru Hitobito",
        "artist": "sajou no hana",
        "type": "Ending 1",
        "correctCount": 56,
        "startTime": 11,
        "songDuration": 89.016,
        "songNumber": 56,
        "activePlayerCount": 108,
        "LinkVideo": "https://files.catbox.moe/krtjca.webm",
        "LinkMp3": "https://files.catbox.moe/r34n0g.mp3",
        "annId": 22493
    },
    {
        "animeEng": "Shomin Sample",
        "animeRomaji": "Ore ga Ojousama Gakkou ni \"Shomin Sample\" Toshite Gets-Sareta Ken",
        "songName": "Ichizu Recipe",
        "artist": "Idol College",
        "type": "Opening 1",
        "correctCount": 54,
        "startTime": 60,
        "songDuration": 89.472,
        "songNumber": 57,
        "activePlayerCount": 107,
        "LinkVideo": "https://files.catbox.moe/huf77c.webm",
        "LinkMp3": "https://files.catbox.moe/lbbilk.mp3",
        "annId": 16726
    },
    {
        "animeEng": "Patlabor The Mobile Police",
        "animeRomaji": "Kidou Keisatsu Patlabor",
        "songName": "Miraiha Lovers",
        "artist": "Hiroko Kasahara",
        "type": "Opening 1",
        "correctCount": 30,
        "startTime": 51,
        "songDuration": 91.16578,
        "songNumber": 58,
        "activePlayerCount": 108,
        "LinkVideo": "https://files.catbox.moe/wslza7.webm",
        "LinkMp3": "https://files.catbox.moe/kknl1l.mp3",
        "annId": 408
    },
    {
        "animeEng": "The Great Jahy Will Not Be Defeated!",
        "animeRomaji": "Jahy-sama wa Kujikenai!",
        "songName": "Fightin\u2605Pose",
        "artist": "Yui Ogura",
        "type": "Opening 1",
        "correctCount": 43,
        "startTime": 26,
        "songDuration": 89.64,
        "songNumber": 59,
        "activePlayerCount": 108,
        "LinkVideo": "https://files.catbox.moe/5wma5p.webm",
        "LinkMp3": "https://files.catbox.moe/tdfch2.mp3",
        "annId": 24308
    },
    {
        "animeEng": "Weathering With You",
        "animeRomaji": "Tenki no Ko",
        "songName": "Grand Escape (Movie edit)",
        "artist": "RADWIMPS feat. Touko Miura",
        "type": "Insert Song",
        "correctCount": 64,
        "startTime": 139,
        "songDuration": 181.488,
        "songNumber": 60,
        "activePlayerCount": 107,
        "LinkVideo": "https://files.catbox.moe/i54nyf.webm",
        "LinkMp3": "https://files.catbox.moe/78549r.mp3",
        "annId": 22137
    },
    {
        "animeEng": "Blessing of the Campanella",
        "animeRomaji": "Shukufuku no Campanella",
        "songName": "Mirai Kaikisen",
        "artist": "Miyuki Hashimoto",
        "type": "Ending 1",
        "correctCount": 6,
        "startTime": 39,
        "songDuration": 88.944,
        "songNumber": 61,
        "activePlayerCount": 107,
        "LinkVideo": "https://files.catbox.moe/ymntjv.webm",
        "LinkMp3": "https://files.catbox.moe/jnnvja.mp3",
        "annId": 11225
    },
    {
        "animeEng": "Nisekoi:",
        "animeRomaji": "Nisekoi:",
        "songName": "Rally Go Round",
        "artist": "LiSA",
        "type": "Opening 1",
        "correctCount": 76,
        "startTime": 16,
        "songDuration": 91.056,
        "songNumber": 62,
        "activePlayerCount": 107,
        "LinkVideo": "https://files.catbox.moe/x9m10f.webm",
        "LinkMp3": "https://files.catbox.moe/g9hk6w.mp3",
        "annId": 16645
    },
    {
        "animeEng": "Made in Abyss Recaps",
        "animeRomaji": "Made in Abyss Recaps",
        "songName": "Underground River (opening version)",
        "artist": "Kevin Penkin ft.Raj Ramayya",
        "type": "Ending 1",
        "correctCount": 78,
        "startTime": 43,
        "songDuration": 116.688,
        "songNumber": 63,
        "activePlayerCount": 106,
        "LinkVideo": "https://files.catbox.moe/4puh9n.webm",
        "LinkMp3": "https://files.catbox.moe/z5ty2f.mp3",
        "annId": 21238
    },
    {
        "animeEng": "Gate",
        "animeRomaji": "Gate: Jieitai Kanochi nite, Kaku Tatakaeri",
        "songName": "GATE ~Sore wa Akatsuki no You ni",
        "artist": "Kishida Kyoudan &THE Akeboshi Rockets",
        "type": "Opening 1",
        "correctCount": 77,
        "startTime": 26,
        "songDuration": 90.017975,
        "songNumber": 64,
        "activePlayerCount": 106,
        "LinkVideo": "https://files.catbox.moe/0uknlu.webm",
        "LinkMp3": "https://files.catbox.moe/ndr8fr.mp3",
        "annId": 16679
    },
    {
        "animeEng": "Kokoro Library",
        "animeRomaji": "Kokoro Toshokan",
        "songName": "Beagle",
        "artist": "Yasuko Yamano",
        "type": "Opening 1",
        "correctCount": 14,
        "startTime": 9,
        "songDuration": 90.024,
        "songNumber": 65,
        "activePlayerCount": 107,
        "LinkVideo": "https://files.catbox.moe/j69dvq.webm",
        "LinkMp3": "https://files.catbox.moe/jeceed.mp3",
        "annId": 1119
    },
    {
        "animeEng": "Pok\u00e9mon: Black and White - Rival Destinies",
        "animeRomaji": "Pocket Monsters: Best Wishes! Season 2",
        "songName": "Rocket-dan yo Eien ni",
        "artist": "Rocket-dan",
        "type": "Ending 2",
        "correctCount": 44,
        "startTime": 34,
        "songDuration": 80.352,
        "songNumber": 66,
        "activePlayerCount": 109,
        "LinkVideo": "https://files.catbox.moe/6whd6t.webm",
        "LinkMp3": "https://files.catbox.moe/3gz5ch.mp3",
        "annId": 14333
    },
    {
        "animeEng": "2.43: Seiin High School Boys Volleyball Team",
        "animeRomaji": "2.43: Seiin Koukou Danshi Volley-bu",
        "songName": "Mahi",
        "artist": "yama",
        "type": "Opening 1",
        "correctCount": 39,
        "startTime": 34,
        "songDuration": 89.304,
        "songNumber": 67,
        "activePlayerCount": 109,
        "LinkVideo": "https://files.catbox.moe/24bjow.webm",
        "LinkMp3": "https://files.catbox.moe/e2kgt9.mp3",
        "annId": 23487
    },
    {
        "animeEng": "Love Hina",
        "animeRomaji": "Love Hina",
        "songName": "Sakura Saku",
        "artist": "Yui Horie, Yuu Asakawa, Masayo Kurata, Junko Noda, Megumi Hayashibara",
        "type": "Insert Song",
        "correctCount": 57,
        "startTime": 40,
        "songDuration": 71.496,
        "songNumber": 68,
        "activePlayerCount": 110,
        "LinkVideo": "https://files.catbox.moe/3w3i17.webm",
        "LinkMp3": "https://files.catbox.moe/pwuc9j.mp3",
        "annId": 168
    },
    {
        "animeEng": "Ghost Hunt",
        "animeRomaji": "Ghost Hunt",
        "songName": "Main Theme",
        "artist": "Toshio Masuda",
        "type": "Opening 1",
        "correctCount": 36,
        "startTime": 7,
        "songDuration": 87.090748,
        "songNumber": 69,
        "activePlayerCount": 110,
        "LinkVideo": "https://files.catbox.moe/xh3pgc.webm",
        "LinkMp3": "https://files.catbox.moe/ito09x.mp3",
        "annId": 6817
    },
    {
        "animeEng": "Shakugan no Shana II (Second)",
        "animeRomaji": "Shakugan no Shana II (Second)",
        "songName": "JOINT",
        "artist": "Mami Kawada",
        "type": "Opening 1",
        "correctCount": 47,
        "startTime": 38,
        "songDuration": 95.664,
        "songNumber": 70,
        "activePlayerCount": 110,
        "LinkVideo": "https://files.catbox.moe/jur6fz.webm",
        "LinkMp3": "https://files.catbox.moe/7h1lb0.mp3",
        "annId": 7847
    },
    {
        "animeEng": "Sword Art Online: Alicization - War of Underworld",
        "animeRomaji": "Sword Art Online: Alicization - War of Underworld",
        "songName": "I will...",
        "artist": "Eir Aoi",
        "type": "Ending 1",
        "correctCount": 33,
        "startTime": 53,
        "songDuration": 89.736,
        "songNumber": 71,
        "activePlayerCount": 110,
        "LinkVideo": "https://files.catbox.moe/bmun5p.webm",
        "LinkMp3": "https://files.catbox.moe/bnvooz.mp3",
        "annId": 23030
    },
    {
        "animeEng": "This Art Club Has a Problem!",
        "animeRomaji": "Kono Bijutsu-bu ni wa Mondai ga Aru!",
        "songName": "STARTING NOW!",
        "artist": "Nana Mizuki",
        "type": "Opening 1",
        "correctCount": 55,
        "startTime": 15,
        "songDuration": 88.968,
        "songNumber": 72,
        "activePlayerCount": 110,
        "LinkVideo": "https://files.catbox.moe/fkpzye.webm",
        "LinkMp3": "https://files.catbox.moe/67chv8.mp3",
        "annId": 18003
    },
    {
        "animeEng": "Ghost in the Shell: Stand Alone Complex - The Laughing Man",
        "animeRomaji": "Ghost in the Shell: Stand Alone Complex - The Laughing Man",
        "songName": "inner universe",
        "artist": "Origa",
        "type": "Ending 1",
        "correctCount": 34,
        "startTime": 97,
        "songDuration": 283.272,
        "songNumber": 73,
        "activePlayerCount": 110,
        "LinkVideo": "https://files.catbox.moe/2mr9zv.webm",
        "LinkMp3": "https://files.catbox.moe/q08ob8.mp3",
        "annId": 5644
    },
    {
        "animeEng": "Afro Samurai: Resurrection",
        "animeRomaji": "Afro Samurai: Resurrection",
        "songName": "COMBAT",
        "artist": "THE RZA",
        "type": "Opening 1",
        "correctCount": 63,
        "startTime": 0,
        "songDuration": 29.424,
        "songNumber": 74,
        "activePlayerCount": 110,
        "LinkVideo": "https://files.catbox.moe/0wgopg.webm",
        "LinkMp3": "https://files.catbox.moe/d64asi.mp3",
        "annId": 10181
    },
    {
        "animeEng": "Attack on Titan: Ilse's Notebook",
        "animeRomaji": "Shingeki no Kyojin: Ilse no Techou - Aru Chousa Heidan-in no Shuki",
        "songName": "Guren no Yumiya",
        "artist": "Linked Horizon",
        "type": "Opening 1",
        "correctCount": 102,
        "startTime": 29,
        "songDuration": 90.072,
        "songNumber": 75,
        "activePlayerCount": 111,
        "LinkVideo": "https://files.catbox.moe/iqxsmc.webm",
        "LinkMp3": "https://files.catbox.moe/ywp1d3.mp3",
        "annId": 17609
    },
    {
        "animeEng": "Shakugan no Shana Special: Off-Campus Class on Love and Onsen!",
        "animeRomaji": "Shakugan no Shana Tokubetsu-hen: Koi to Onsen no Kougai Gakushuu!",
        "songName": "Yoake Umarekuru Shoujo",
        "artist": "Yoko Takahashi",
        "type": "Ending 1",
        "correctCount": 52,
        "startTime": 0,
        "songDuration": 89.736,
        "songNumber": 76,
        "activePlayerCount": 110,
        "LinkVideo": "https://files.catbox.moe/qh68t6.webm",
        "LinkMp3": "https://files.catbox.moe/34uxcz.mp3",
        "annId": 6821
    },
    {
        "animeEng": "One Punch Man",
        "animeRomaji": "One Punch Man",
        "songName": "BEAUTIFUL HERO",
        "artist": "Mamoru Miyano",
        "type": "Insert Song",
        "correctCount": 49,
        "startTime": 27,
        "songDuration": 63.096,
        "songNumber": 77,
        "activePlayerCount": 111,
        "LinkVideo": "https://files.catbox.moe/llxw1x.webm",
        "LinkMp3": "https://files.catbox.moe/iwa319.mp3",
        "annId": 16840
    },
    {
        "animeEng": "Moriarty the Patriot",
        "animeRomaji": "Yuukoku no Moriarty",
        "songName": "TWISTED HEARTS",
        "artist": "Tasuku Hatanaka",
        "type": "Opening 1",
        "correctCount": 41,
        "startTime": 57,
        "songDuration": 89.472,
        "songNumber": 78,
        "activePlayerCount": 111,
        "LinkVideo": "https://files.catbox.moe/cz67hk.webm",
        "LinkMp3": "https://files.catbox.moe/fopufy.mp3",
        "annId": 23976
    },
    {
        "animeEng": "Blue Sonnet",
        "animeRomaji": "Akai Kiba Blue Sonnet",
        "songName": "WHAT IS LOVE",
        "artist": "GO!",
        "type": "Opening 1",
        "correctCount": 2,
        "startTime": 23,
        "songDuration": 90.888,
        "songNumber": 79,
        "activePlayerCount": 112,
        "LinkVideo": "https://files.catbox.moe/56et6q.webm",
        "LinkMp3": "https://files.catbox.moe/wtg1h4.mp3",
        "annId": 528,
        "correctPlayers": [
            "AlterMang",
            "TatoH"
        ]
    },
    {
        "animeEng": "The World God Only Knows Season Two",
        "animeRomaji": "Kami Nomi zo Shiru Sekai II",
        "songName": "God only knows Daisanmaku",
        "artist": "Oratorio The World God Only Knows",
        "type": "Ending 3",
        "correctCount": 91,
        "startTime": 39,
        "songDuration": 89.256,
        "songNumber": 80,
        "activePlayerCount": 112,
        "LinkVideo": "https://files.catbox.moe/7q4d23.webm",
        "LinkMp3": "https://files.catbox.moe/5qtgo9.mp3",
        "annId": 12375
    },
    {
        "animeEng": "Meow Meow Japanese History",
        "animeRomaji": "Neko Neko Nihonshi",
        "songName": "Neko Jarasou Kakeru Mahou Himiko",
        "artist": "Toshiki Kondo feat.ASOBOiSM",
        "type": "Ending 9",
        "correctCount": 3,
        "startTime": 0,
        "songDuration": 22.656,
        "songNumber": 81,
        "activePlayerCount": 113,
        "LinkVideo": "https://files.catbox.moe/xbeu4p.webm",
        "LinkMp3": "https://files.catbox.moe/8se9c7.mp3",
        "annId": 18092,
        "correctPlayers": [
            "munya",
            "channina",
            "likejaxirl"
        ]
    },
    {
        "animeEng": "Lovely Complex",
        "animeRomaji": "LoveCom",
        "songName": "Hey! Say!",
        "artist": "Hey! Say! 7",
        "type": "Opening 2",
        "correctCount": 23,
        "startTime": 24,
        "songDuration": 88.152,
        "songNumber": 82,
        "activePlayerCount": 113,
        "LinkVideo": "https://files.catbox.moe/x5bdqw.webm",
        "LinkMp3": "https://files.catbox.moe/1kyxpw.mp3",
        "annId": 7468
    },
    {
        "animeEng": "Peach Boy Riverside",
        "animeRomaji": "Peach Boy Riverside",
        "songName": "Dark spiral journey",
        "artist": "Q-MHz feat. Yuko Suzuhana",
        "type": "Opening 1",
        "correctCount": 21,
        "startTime": 15,
        "songDuration": 88.656,
        "songNumber": 83,
        "activePlayerCount": 113,
        "LinkVideo": "https://files.catbox.moe/wlm1e6.webm",
        "LinkMp3": "https://files.catbox.moe/fn2y7w.mp3",
        "annId": 23550
    },
    {
        "animeEng": "Another",
        "animeRomaji": "Another",
        "songName": "anamnesis",
        "artist": "Annabel",
        "type": "Ending 1",
        "correctCount": 63,
        "startTime": 34,
        "songDuration": 87.96,
        "songNumber": 84,
        "activePlayerCount": 113,
        "LinkVideo": "https://files.catbox.moe/92rrlo.webm",
        "LinkMp3": "https://files.catbox.moe/6k7jgm.mp3",
        "annId": 13258
    },
    {
        "animeEng": "Rascal Does Not Dream of a Dreaming Girl",
        "animeRomaji": "Seishun Buta Yarou wa Yumemiru Shoujo no Yume o Minai",
        "songName": "Fukashigi no Karte movie ver.",
        "artist": "Asami Seto, Nao Touyama, Atsumi Tanezaki, Maaya Uchida, Yurika Kubo, Inori Minase",
        "type": "Ending 1",
        "correctCount": 101,
        "startTime": 59,
        "songDuration": 232.776,
        "songNumber": 85,
        "activePlayerCount": 106,
        "LinkVideo": "https://files.catbox.moe/begtqe.webm",
        "LinkMp3": "https://files.catbox.moe/nrwyt0.mp3",
        "annId": 21406
    }
]