[
    {
        "animeEng": "A Certain Magical Index II",
        "animeRomaji": "Toaru Majutsu no Index II",
        "songName": "No buts!",
        "artist": "Mami Kawada",
        "type": "Opening 1",
        "correctCount": 113,
        "startTime": 7,
        "songDuration": 89.808,
        "songNumber": 1,
        "activePlayerCount": 250,
        "LinkVideo": "https://files.catbox.moe/d15oi2.webm",
        "LinkMp3": "https://files.catbox.moe/z43b82.mp3"
    },
    {
        "animeEng": "Mizu-iro",
        "animeRomaji": "Mizu-iro",
        "songName": "Sora no Tsuzuki",
        "artist": "Hiromi Satou",
        "type": "Opening 1",
        "correctCount": 12,
        "startTime": 8,
        "songDuration": 91.776,
        "songNumber": 2,
        "activePlayerCount": 251,
        "LinkVideo": "https://files.catbox.moe/wr34wy.webm",
        "LinkMp3": "https://files.catbox.moe/667p3t.mp3"
    },
    {
        "animeEng": "KADO - The Right Answer",
        "animeRomaji": "Seikai Suru Kado",
        "songName": "Tabiuta",
        "artist": "M\u30fbA\u30fbO",
        "type": "Opening 1",
        "correctCount": 39,
        "startTime": 50,
        "songDuration": 87.528,
        "songNumber": 3,
        "activePlayerCount": 255,
        "LinkVideo": "https://files.catbox.moe/ycuag4.webm",
        "LinkMp3": "https://files.catbox.moe/0sarmc.mp3"
    },
    {
        "animeEng": "Aikatsu!",
        "animeRomaji": "Aikatsu!",
        "songName": "Growing for a dream",
        "artist": "Waka\u30fbFuuri\u30fbSunao\u30fbRemi\u30fbMoe\u30fbEri from STAR\u2606ANIS",
        "type": "Insert Song",
        "correctCount": 89,
        "startTime": 15,
        "songDuration": 66.504,
        "songNumber": 4,
        "activePlayerCount": 255,
        "LinkVideo": "https://files.catbox.moe/ag7aog.webm",
        "LinkMp3": "https://files.catbox.moe/d5k8ut.mp3"
    },
    {
        "animeEng": "Dorohedoro",
        "animeRomaji": "Dorohedoro",
        "songName": "SECONDs FLY",
        "artist": "(K)NoW_NAME:NIKIIE",
        "type": "Ending 5",
        "correctCount": 66,
        "startTime": 30,
        "songDuration": 88.92,
        "songNumber": 5,
        "activePlayerCount": 253,
        "LinkVideo": "https://files.catbox.moe/l8v7w5.webm",
        "LinkMp3": "https://files.catbox.moe/9qmqk2.mp3"
    },
    {
        "animeEng": "One Piece Second Movie",
        "animeRomaji": "One Piece: Nejimaki Shima no B\u014dken",
        "songName": "Believe",
        "artist": "Folder5",
        "type": "Ending 1",
        "correctCount": 148,
        "startTime": 22,
        "songDuration": 103.104,
        "songNumber": 6,
        "activePlayerCount": 253,
        "LinkVideo": "https://files.catbox.moe/qe3id5.webm",
        "LinkMp3": "https://files.catbox.moe/yow5jd.mp3"
    },
    {
        "animeEng": "The Demon Girl Next Door",
        "animeRomaji": "Machikado Mazoku",
        "songName": "Machikado Tangent",
        "artist": "shami momo",
        "type": "Opening 1",
        "correctCount": 94,
        "startTime": 56,
        "songDuration": 90.144,
        "songNumber": 7,
        "activePlayerCount": 254,
        "LinkVideo": "https://files.catbox.moe/fh0qq0.webm",
        "LinkMp3": "https://files.catbox.moe/5kxs3p.mp3"
    },
    {
        "animeEng": "Beyblade: V-Force",
        "animeRomaji": "Bakuten Shoot Beyblade 2002",
        "songName": "Let's Beyblade",
        "artist": "Sick Kid featuring Lukas Rossi",
        "type": "Opening 1",
        "correctCount": 227,
        "startTime": 9,
        "songDuration": 59.904,
        "songNumber": 8,
        "activePlayerCount": 254,
        "LinkVideo": "https://files.catbox.moe/u3nle4.webm",
        "LinkMp3": "https://files.catbox.moe/ckm177.mp3"
    },
    {
        "animeEng": "Tantei Opera Milky Holmes Summer Special",
        "animeRomaji": "Tantei Opera Milky Holmes SS (Summer Special)",
        "songName": "Seikai wa Hitotsu! Janai!!",
        "artist": "Milky Holmes",
        "type": "Opening 1",
        "correctCount": 76,
        "startTime": 20,
        "songDuration": 89.547755,
        "songNumber": 9,
        "activePlayerCount": 255,
        "LinkVideo": "https://files.catbox.moe/x5m8fa.webm",
        "LinkMp3": "https://files.catbox.moe/esds0k.mp3"
    },
    {
        "animeEng": "Azur Lane",
        "animeRomaji": "Azur Lane",
        "songName": "Hikari no Michishirube",
        "artist": "Kano",
        "type": "Ending 1",
        "correctCount": 88,
        "startTime": 15,
        "songDuration": 88.488,
        "songNumber": 10,
        "activePlayerCount": 254,
        "LinkVideo": "https://files.catbox.moe/k6wd6t.webm",
        "LinkMp3": "https://files.catbox.moe/7du781.mp3"
    },
    {
        "animeEng": "Ryokunohara Labyrinth: Sparkling Phantom",
        "animeRomaji": "Ryokunohara Meiky\u016b",
        "songName": "MY HOME TOWN",
        "artist": "Maki Kimura",
        "type": "Ending 1",
        "correctCount": 1,
        "startTime": 81,
        "songDuration": 209.256,
        "songNumber": 11,
        "activePlayerCount": 254,
        "LinkVideo": "https://files.catbox.moe/a9zjq8.webm",
        "LinkMp3": "https://files.catbox.moe/vjs5ce.mp3",
        "correctPlayers": [
            "OnlyToAru"
        ]
    },
    {
        "animeEng": "Three Leaves, Three Colors",
        "animeRomaji": "Sansha Sany\u014d",
        "songName": "G\u016bchoki Parade",
        "artist": "Triple\u2663Feeling",
        "type": "Ending 1",
        "correctCount": 46,
        "startTime": 20,
        "songDuration": 89.352,
        "songNumber": 12,
        "activePlayerCount": 254,
        "LinkVideo": "https://files.catbox.moe/mjprps.webm",
        "LinkMp3": "https://files.catbox.moe/vehf08.mp3"
    },
    {
        "animeEng": "One Piece",
        "animeRomaji": "One Piece",
        "songName": "NON SUGAR LIFE",
        "artist": "Haruhiko J\u014d",
        "type": "Insert Song",
        "correctCount": 20,
        "startTime": 25,
        "songDuration": 71.04,
        "songNumber": 13,
        "activePlayerCount": 254,
        "LinkVideo": "https://files.catbox.moe/dnmtrp.webm",
        "LinkMp3": "https://files.catbox.moe/utaslf.mp3"
    },
    {
        "animeEng": "Hyperdimension Neptunia",
        "animeRomaji": "Ch\u014djigen Game Neptune The Animation",
        "songName": "Neptune\u2606Sagashite",
        "artist": "Afilia Saga",
        "type": "Ending 1",
        "correctCount": 145,
        "startTime": 35,
        "songDuration": 88.968,
        "songNumber": 14,
        "activePlayerCount": 254,
        "LinkVideo": "https://files.catbox.moe/8hhmd6.webm",
        "LinkMp3": "https://files.catbox.moe/0s7mpy.mp3"
    },
    {
        "animeEng": "Chi's Sweet Home",
        "animeRomaji": "Chi's Sweet Home",
        "songName": "Ouchi ga Ichiban",
        "artist": "Satomi Koorogi",
        "type": "Opening 1",
        "correctCount": 131,
        "startTime": 0,
        "songDuration": 30,
        "songNumber": 15,
        "activePlayerCount": 254,
        "LinkVideo": "https://animethemes.moe/video/ChisSweetHome-OP1.webm",
        "LinkMp3": "https://files.catbox.moe/b049fq.mp3"
    },
    {
        "animeEng": "Tales of Zestiria the X",
        "animeRomaji": "Tales of Zestiria the X",
        "songName": "White Light",
        "artist": "Superfly",
        "type": "Insert Song",
        "correctCount": 92,
        "startTime": 19,
        "songDuration": 129.696,
        "songNumber": 16,
        "activePlayerCount": 254,
        "LinkVideo": "https://files.catbox.moe/vmcvey.webm",
        "LinkMp3": "https://files.catbox.moe/1c76fa.mp3"
    },
    {
        "animeEng": "My Sister, My Writer",
        "animeRomaji": "Ore ga Suki nano wa Im\u014dto dakedo Im\u014dto ja nai",
        "songName": "Secret Story",
        "artist": "Purely Monster",
        "type": "Opening 1",
        "correctCount": 52,
        "startTime": 51,
        "songDuration": 86.543673,
        "songNumber": 17,
        "activePlayerCount": 254,
        "LinkVideo": "https://files.catbox.moe/nxprta.webm",
        "LinkMp3": "https://files.catbox.moe/q4u1ae.mp3"
    },
    {
        "animeEng": "Mayo Chiki!",
        "animeRomaji": "Mayo Chiki!",
        "songName": "Be Starters!",
        "artist": "Eri Kitamura",
        "type": "Opening 1",
        "correctCount": 94,
        "startTime": 44,
        "songDuration": 88.296,
        "songNumber": 18,
        "activePlayerCount": 255,
        "LinkVideo": "https://openings.moe/video/MayoChiki-OP01-NCOLD.webm",
        "LinkMp3": "https://files.catbox.moe/5qlck7.mp3"
    },
    {
        "animeEng": "The Disappearance of Nagato Yuki-chan",
        "animeRomaji": "Nagato Yuki-chan no Sh\u014dshitsu",
        "songName": "Mitsukete Happy Life",
        "artist": "Y\u016bko Got\u014d",
        "type": "Insert Song",
        "correctCount": 49,
        "startTime": 4,
        "songDuration": 40.512,
        "songNumber": 19,
        "activePlayerCount": 253,
        "LinkVideo": "https://files.catbox.moe/43gqfu.webm",
        "LinkMp3": "https://files.catbox.moe/oy85eg.mp3"
    },
    {
        "animeEng": "PERSONA5 the Animation -THE DAY BREAKERS-",
        "animeRomaji": "PERSONA5 the Animation -THE DAY BREAKERS-",
        "songName": "Wake Up, Get Up, Get Out There",
        "artist": "Lyn",
        "type": "Ending 1",
        "correctCount": 56,
        "startTime": 11,
        "songDuration": 88.272,
        "songNumber": 20,
        "activePlayerCount": 253,
        "LinkVideo": "https://files.catbox.moe/una2uk.webm",
        "LinkMp3": "https://files.catbox.moe/0b5rez.mp3"
    },
    {
        "animeEng": "Little Busters!",
        "animeRomaji": "Little Busters!",
        "songName": "Little Busters! ~TV animation ver.~",
        "artist": "Rita",
        "type": "Opening 1",
        "correctCount": 173,
        "startTime": 49,
        "songDuration": 89.04,
        "songNumber": 21,
        "activePlayerCount": 253,
        "LinkVideo": "https://files.catbox.moe/7qpvgz.webm",
        "LinkMp3": "https://files.catbox.moe/lydnyx.mp3"
    },
    {
        "animeEng": "BanG Dream! Girls Band Party! Pico",
        "animeRomaji": "BanG Dream! Garupa\u2606Pico",
        "songName": "Egao no Orchestra!",
        "artist": "Hello, Happy World!",
        "type": "Insert Song",
        "correctCount": 109,
        "startTime": 0,
        "songDuration": 21.838367,
        "songNumber": 22,
        "activePlayerCount": 252,
        "LinkVideo": "https://files.catbox.moe/h4xocu.webm",
        "LinkMp3": "https://files.catbox.moe/104ucm.mp3"
    },
    {
        "animeEng": "Naka no Hito Genome [Jikky\u014dch\u016b]",
        "animeRomaji": "Naka no Hito Genome [Jikky\u014dch\u016b]",
        "songName": "Boku wo Mitsukete",
        "artist": "fh\u00e1na",
        "type": "Ending 1",
        "correctCount": 49,
        "startTime": 44,
        "songDuration": 88.2,
        "songNumber": 23,
        "activePlayerCount": 253,
        "LinkVideo": "https://files.catbox.moe/8jisy4.webm",
        "LinkMp3": "https://files.catbox.moe/x3rpyx.mp3"
    },
    {
        "animeEng": "Saber Rider and the Star Sheriffs",
        "animeRomaji": "Seijuushi Bismarck",
        "songName": "Saber Rider and the Star Sheriffs",
        "artist": "Dale Schacker",
        "type": "Opening 1",
        "correctCount": 97,
        "startTime": 39,
        "songDuration": 86.064,
        "songNumber": 24,
        "activePlayerCount": 253,
        "LinkVideo": "https://files.catbox.moe/0yk578.webm",
        "LinkMp3": "https://files.catbox.moe/q0a22m.mp3"
    },
    {
        "animeEng": "The Eccentric Family",
        "animeRomaji": "Uch\u014dten Kazoku",
        "songName": "Qu\u00e9 ser\u00e1, ser\u00e1",
        "artist": "fh\u00e1na",
        "type": "Ending 1",
        "correctCount": 60,
        "startTime": 47,
        "songDuration": 89.016,
        "songNumber": 25,
        "activePlayerCount": 251,
        "LinkVideo": "https://files.catbox.moe/65yx7l.webm",
        "LinkMp3": "https://files.catbox.moe/i7pegl.mp3"
    },
    {
        "animeEng": "Now and Then, Here and There",
        "animeRomaji": "Ima, Soko ni Iru Boku",
        "songName": "Ima, Sokoni Iru Boku",
        "artist": "Toshio Masuda",
        "type": "Opening 1",
        "correctCount": 42,
        "startTime": 48,
        "songDuration": 83.04,
        "songNumber": 26,
        "activePlayerCount": 251,
        "LinkVideo": "https://animethemes.moe/video/ImaSokoNiIruBoku-OP1.webm",
        "LinkMp3": "https://files.catbox.moe/dn4ke5.mp3"
    },
    {
        "animeEng": "Oreimo 2",
        "animeRomaji": "Oreimo 2",
        "songName": "Meteor\u2606Impact",
        "artist": "Yukari Tamura",
        "type": "Insert Song",
        "correctCount": 151,
        "startTime": 0,
        "songDuration": 22.128,
        "songNumber": 27,
        "activePlayerCount": 250,
        "LinkVideo": "https://files.catbox.moe/03pus8.webm",
        "LinkMp3": "https://files.catbox.moe/jtp358.mp3"
    },
    {
        "animeEng": "X-Men",
        "animeRomaji": "X-Men",
        "songName": "Reassembly",
        "artist": "Tetsuya Takahashi",
        "type": "Opening 1",
        "correctCount": 50,
        "startTime": 11,
        "songDuration": 58.8,
        "songNumber": 28,
        "activePlayerCount": 250,
        "LinkVideo": "https://files.catbox.moe/t06zor.webm",
        "LinkMp3": "https://files.catbox.moe/ptcbhq.mp3"
    },
    {
        "animeEng": "Yu-Gi-Oh! 5D's",
        "animeRomaji": "Yu-Gi-Oh! 5D's",
        "songName": "Hyper Drive",
        "artist": "Cass Dillon",
        "type": "Opening 1",
        "correctCount": 154,
        "startTime": 7,
        "songDuration": 60.072,
        "songNumber": 29,
        "activePlayerCount": 250,
        "LinkVideo": "https://files.catbox.moe/k9o07x.webm",
        "LinkMp3": "https://files.catbox.moe/n41nol.mp3"
    },
    {
        "animeEng": "Blood Blockade Battlefront & Beyond",
        "animeRomaji": "Kekkai Sensen & Beyond",
        "songName": "Step Up LOVE",
        "artist": "DAOKO \u00d7 Yasuyuki Okamura",
        "type": "Ending 1",
        "correctCount": 83,
        "startTime": 40,
        "songDuration": 103.44,
        "songNumber": 30,
        "activePlayerCount": 249,
        "LinkVideo": "https://files.catbox.moe/m7b6qz.webm",
        "LinkMp3": "https://files.catbox.moe/nkidxf.mp3"
    },
    {
        "animeEng": "PERSONA5 the Animation",
        "animeRomaji": "PERSONA5 the Animation",
        "songName": "Jiy\u016b to Anshin",
        "artist": "Sh\u014dji Meguro",
        "type": "Ending 4",
        "correctCount": 127,
        "startTime": 23,
        "songDuration": 95.472,
        "songNumber": 31,
        "activePlayerCount": 249,
        "LinkVideo": "https://files.catbox.moe/2vw6e1.webm",
        "LinkMp3": "https://files.catbox.moe/znt8km.mp3"
    },
    {
        "animeEng": "Danganronpa 3: The End of Hope's Peak High School: Despair Arc",
        "animeRomaji": "Danganronpa 3: The End of Kib\u014dgamine Gakuen: Zetsub\u014d-hen",
        "songName": "Kami-iro Awase",
        "artist": "binaria",
        "type": "Opening 1",
        "correctCount": 128,
        "startTime": 1,
        "songDuration": 87.984,
        "songNumber": 32,
        "activePlayerCount": 249,
        "LinkVideo": "https://files.catbox.moe/seiae9.webm",
        "LinkMp3": "https://files.catbox.moe/5zj670.mp3"
    },
    {
        "animeEng": "Infinite Stratos Encore: Sextet of Burning Love",
        "animeRomaji": "Infinite Stratos Encore: Koi ni Kogareru Rokuj\u016bs\u014d",
        "songName": "Best Partner",
        "artist": "Y\u014dko Hikasa",
        "type": "Ending 1",
        "correctCount": 11,
        "startTime": 3,
        "songDuration": 87.432,
        "songNumber": 33,
        "activePlayerCount": 248,
        "LinkVideo": "https://files.catbox.moe/c8recm.webm",
        "LinkMp3": "https://files.catbox.moe/tlf7t2.mp3"
    },
    {
        "animeEng": "Aikatsu on Parade!",
        "animeRomaji": "Aikatsu on Parade!",
        "songName": "Seigi no Kimochi",
        "artist": "Aine\u30fbMio from BEST FRIENDS!/Sena",
        "type": "Insert Song",
        "correctCount": 20,
        "startTime": 41,
        "songDuration": 110.736,
        "songNumber": 34,
        "activePlayerCount": 248,
        "LinkVideo": "https://files.catbox.moe/63cyjh.webm",
        "LinkMp3": "https://files.catbox.moe/tcpocf.mp3"
    },
    {
        "animeEng": "Shura no Toki: Age of Chaos",
        "animeRomaji": "Mutsu Enmei Ryu Gaiden: Shura no Toki",
        "songName": "identity",
        "artist": "sacra",
        "type": "Opening 1",
        "correctCount": 5,
        "startTime": 1,
        "songDuration": 84.984,
        "songNumber": 35,
        "activePlayerCount": 247,
        "LinkVideo": "https://files.catbox.moe/xgi7j0.webm",
        "LinkMp3": "https://files.catbox.moe/s4qz4y.mp3",
        "correctPlayers": [
            "OnlyToAru",
            "shadowpandax",
            "Sherkhan",
            "ozsauce",
            "goldenpanic"
        ]
    },
    {
        "animeEng": "Haikyu!! Movie Sh\u014dsha to Haisha",
        "animeRomaji": "Haikyu!! Movie Sh\u014dsha to Haisha",
        "songName": "Ah Yeah!!",
        "artist": "Sukima Switch",
        "type": "Ending 1",
        "correctCount": 167,
        "startTime": 224,
        "songDuration": 297.384,
        "songNumber": 36,
        "activePlayerCount": 246,
        "LinkVideo": "https://files.catbox.moe/y083ch.webm",
        "LinkMp3": "https://files.catbox.moe/hn1h3c.mp3"
    },
    {
        "animeEng": "Alderamin on the Sky",
        "animeRomaji": "Nejimaki Seirei Senki: Tenky\u014d no Alderamin",
        "songName": "Tenky\u014d no Alderamin",
        "artist": "Kishida Ky\u014ddan &THE Akeboshi Rockets",
        "type": "Opening 1",
        "correctCount": 100,
        "startTime": 45,
        "songDuration": 89.496,
        "songNumber": 37,
        "activePlayerCount": 245,
        "LinkVideo": "https://files.catbox.moe/iet45e.webm",
        "LinkMp3": "https://files.catbox.moe/f59yz4.mp3"
    },
    {
        "animeEng": "Aikatsu Friends!",
        "animeRomaji": "Aikatsu Friends!",
        "songName": "Identity",
        "artist": "Mirai from BEST FRIENDS!",
        "type": "Insert Song",
        "correctCount": 47,
        "startTime": 6,
        "songDuration": 116.952,
        "songNumber": 38,
        "activePlayerCount": 245,
        "LinkVideo": "https://files.catbox.moe/dl8rbu.webm",
        "LinkMp3": "https://files.catbox.moe/fw5kn5.mp3"
    },
    {
        "animeEng": "Bleach",
        "animeRomaji": "Bleach",
        "songName": "Tsumasaki",
        "artist": "OreSkaBand",
        "type": "Ending 11",
        "correctCount": 46,
        "startTime": 10,
        "songDuration": 89.064,
        "songNumber": 39,
        "activePlayerCount": 245,
        "LinkVideo": "https://files.catbox.moe/01uaby.webm",
        "LinkMp3": "https://files.catbox.moe/djbpvu.mp3"
    },
    {
        "animeEng": "Shinesman",
        "animeRomaji": "Tokumu Sentai Shinesman",
        "songName": "SHINE! Shinesman ~YOURE THE HERO~",
        "artist": "Hironobu Kageyama",
        "type": "Opening 1",
        "correctCount": 23,
        "startTime": 18,
        "songDuration": 100.584,
        "songNumber": 40,
        "activePlayerCount": 245,
        "LinkVideo": "https://files.catbox.moe/iixo90.webm",
        "LinkMp3": "https://files.catbox.moe/a4sa8z.mp3"
    },
    {
        "animeEng": "Liz and the Blue Bird",
        "animeRomaji": "Liz to Aoi Tori",
        "songName": "Liz to Aoi Tori",
        "artist": "Freshman Wind Ensemble",
        "type": "Insert Song",
        "correctCount": 129,
        "startTime": 73,
        "songDuration": 203.88,
        "songNumber": 41,
        "activePlayerCount": 245,
        "LinkVideo": "https://files.catbox.moe/0etykm.webm",
        "LinkMp3": "https://files.catbox.moe/ax9kol.mp3"
    },
    {
        "animeEng": "Texhnolyze",
        "animeRomaji": "Texhnolyze",
        "songName": "GUARDIAN ANGEL(XAVIER'S EDIT)",
        "artist": "JUNO REACTOR",
        "type": "Opening 1",
        "correctCount": 120,
        "startTime": 12,
        "songDuration": 79.344,
        "songNumber": 42,
        "activePlayerCount": 243,
        "LinkVideo": "https://files.catbox.moe/j2mvov.webm",
        "LinkMp3": "https://files.catbox.moe/pb7y5l.mp3"
    },
    {
        "animeEng": "Tiger & Bunny the Movie: The Beginning",
        "animeRomaji": "Gekij\u014dban Tiger & Bunny -The Beginning-",
        "songName": "Yakusoku",
        "artist": "Rihwa",
        "type": "Insert Song",
        "correctCount": 1,
        "startTime": 77,
        "songDuration": 124.032,
        "songNumber": 43,
        "activePlayerCount": 243,
        "LinkVideo": "https://files.catbox.moe/b0lq1w.webm",
        "LinkMp3": "https://files.catbox.moe/2725q9.mp3",
        "correctPlayers": [
            "Rukawa11"
        ]
    },
    {
        "animeEng": "Junji Ito Collection",
        "animeRomaji": "Ito Junji: Collection",
        "songName": "Shichitenbatt\u014d no Blues",
        "artist": "THE PINBALLS",
        "type": "Opening 1",
        "correctCount": 61,
        "startTime": 45,
        "songDuration": 89.664,
        "songNumber": 44,
        "activePlayerCount": 243,
        "LinkVideo": "https://files.catbox.moe/c4nun2.webm",
        "LinkMp3": "https://files.catbox.moe/8mwx1f.mp3"
    },
    {
        "animeEng": "Captain Herlock",
        "animeRomaji": "Space Pirate Captain Herlock The Endless Odyssey",
        "songName": "THE ENDLESS ODYSSEY",
        "artist": "Takayuki Hattori",
        "type": "Opening 1",
        "correctCount": 3,
        "startTime": 0,
        "songDuration": 94.040816,
        "songNumber": 45,
        "activePlayerCount": 244,
        "LinkVideo": "https://files.catbox.moe/ln3af9.webm",
        "LinkMp3": "https://files.catbox.moe/p6ydjp.mp3",
        "correctPlayers": [
            "80s",
            "OnlyToAru",
            "ozsauce"
        ]
    },
    {
        "animeEng": "Magi: Adventure of Sinbad",
        "animeRomaji": "Magi: Sinbad no B\u014dken",
        "songName": "Polaris",
        "artist": "Fujifabric",
        "type": "Ending 1",
        "correctCount": 46,
        "startTime": 45,
        "songDuration": 88.416,
        "songNumber": 46,
        "activePlayerCount": 243,
        "LinkVideo": "https://files.catbox.moe/wk2gzz.webm",
        "LinkMp3": "https://files.catbox.moe/69t7o3.mp3"
    },
    {
        "animeEng": "Nanana's Buried Treasure",
        "animeRomaji": "Ry\u016bgaj\u014d Nanana no Maiz\u014dkin",
        "songName": "Butterfly Effect",
        "artist": "Shiritsu Ebisu Chuugaku",
        "type": "Opening 1",
        "correctCount": 107,
        "startTime": 42,
        "songDuration": 88.056,
        "songNumber": 47,
        "activePlayerCount": 243,
        "LinkVideo": "https://files.catbox.moe/hqu78r.webm",
        "LinkMp3": "https://files.catbox.moe/mdvu5f.mp3"
    },
    {
        "animeEng": "Puni Puni\u2605Poemy",
        "animeRomaji": "Puni Puni\u2605Poemy",
        "songName": "Puni Puni Densetsu Ppoi",
        "artist": "Yumiko Kobayashi",
        "type": "Opening 1",
        "correctCount": 19,
        "startTime": 22,
        "songDuration": 100.632,
        "songNumber": 48,
        "activePlayerCount": 243,
        "LinkVideo": "https://files.catbox.moe/sv5i68.webm",
        "LinkMp3": "https://files.catbox.moe/yxrbba.mp3"
    },
    {
        "animeEng": "King of Prism: PRIDE the HERO",
        "animeRomaji": "King of Prism: PRIDE the HERO",
        "songName": "Niji-iro CROWN",
        "artist": "Over The Rainbow",
        "type": "Insert Song",
        "correctCount": 17,
        "startTime": 60,
        "songDuration": 183.168,
        "songNumber": 49,
        "activePlayerCount": 244,
        "LinkVideo": "https://files.catbox.moe/a6rshf.webm",
        "LinkMp3": "https://files.catbox.moe/nc2us4.mp3"
    },
    {
        "animeEng": "Crayon Shin-chan: Densetsu o Yobu Odore! Amigo!",
        "animeRomaji": "Crayon Shin-chan: Densetsu o Yobu Odore! Amigo!",
        "songName": "Yuru Yuru DE-O!",
        "artist": "Akiko Yajima",
        "type": "Opening 1",
        "correctCount": 209,
        "startTime": 13,
        "songDuration": 60.552,
        "songNumber": 50,
        "activePlayerCount": 244,
        "LinkVideo": "https://files.catbox.moe/y4st9i.webm",
        "LinkMp3": "https://files.catbox.moe/hblu4o.mp3"
    },
    {
        "animeEng": "Attack on Titan Season 2",
        "animeRomaji": "Shingeki no Kyojin Season 2",
        "songName": "YouSeeBIGGIRL/T:T",
        "artist": "Gemie",
        "type": "Insert Song",
        "correctCount": 108,
        "startTime": 34,
        "songDuration": 91.536,
        "songNumber": 51,
        "activePlayerCount": 244,
        "LinkVideo": "https://files.catbox.moe/5fcrye.webm",
        "LinkMp3": "https://files.catbox.moe/7xxsl4.mp3"
    },
    {
        "animeEng": "Didn't I Say to Make My Abilities Average in the Next Life?!",
        "animeRomaji": "God Bless Me?",
        "songName": "Smile Skill = Suki Skill",
        "artist": "Akaki Chikai",
        "type": "Opening 1",
        "correctCount": 100,
        "startTime": 45,
        "songDuration": 88.992,
        "songNumber": 52,
        "activePlayerCount": 244,
        "LinkVideo": "https://files.catbox.moe/b71imq.webm",
        "LinkMp3": "https://files.catbox.moe/hocbcm.mp3"
    },
    {
        "animeEng": "Girls & Panzer",
        "animeRomaji": "Girls und Panzer",
        "songName": "Katyusha",
        "artist": "Hisako Kanemoto & Sumire Uesaka",
        "type": "Insert Song",
        "correctCount": 125,
        "startTime": 12,
        "songDuration": 56.232,
        "songNumber": 53,
        "activePlayerCount": 244,
        "LinkVideo": "https://files.catbox.moe/el7gc4.webm",
        "LinkMp3": "https://files.catbox.moe/w1a4au.mp3"
    },
    {
        "animeEng": "Seitokai Yakuindomo*",
        "animeRomaji": "Seitokai Yakuindomo*",
        "songName": "Hana Saku\u2606Saikyou Legend Days",
        "artist": "Triple Booking",
        "type": "Opening 1",
        "correctCount": 96,
        "startTime": 45,
        "songDuration": 87.384,
        "songNumber": 54,
        "activePlayerCount": 244,
        "LinkVideo": "https://files.catbox.moe/gohdbw.webm",
        "LinkMp3": "https://files.catbox.moe/as2033.mp3"
    },
    {
        "animeEng": "Apo Mekhanes Theos Gigantic Formula",
        "animeRomaji": "Kishin Taisen Gigantic Formula",
        "songName": "United Force",
        "artist": "Minami Kuribayashi",
        "type": "Opening 1",
        "correctCount": 11,
        "startTime": 9,
        "songDuration": 89.939592,
        "songNumber": 55,
        "activePlayerCount": 244,
        "LinkVideo": "https://files.catbox.moe/aruwd7.webm",
        "LinkMp3": "https://files.catbox.moe/4m9kil.mp3"
    },
    {
        "animeEng": "Zambot 3",
        "animeRomaji": "Muteki Ch\u014djin Zambot 3",
        "songName": "Ike! Zambot 3",
        "artist": "Ichiro Horimitsu, The Blessin' Four, The Chirps",
        "type": "Opening 1",
        "correctCount": 101,
        "startTime": 40,
        "songDuration": 89.04,
        "songNumber": 56,
        "activePlayerCount": 243,
        "LinkVideo": "https://files.catbox.moe/awikmr.webm",
        "LinkMp3": "https://files.catbox.moe/ew2npk.mp3"
    },
    {
        "animeEng": "Binchotan Jishu Seisaku Movie - Aozora ni Wasure Mono",
        "animeRomaji": "Binchotan Jishu Seisaku Movie - Aozora ni Wasure Mono",
        "songName": "Aozora ni Wasure Mono",
        "artist": "LOOPCUBE feat. Nari Amatoya",
        "type": "Insert Song",
        "correctCount": 1,
        "startTime": 61,
        "songDuration": 237.264,
        "songNumber": 57,
        "activePlayerCount": 243,
        "LinkVideo": "https://files.catbox.moe/huhphy.webm",
        "LinkMp3": "https://files.catbox.moe/7xkkuk.mp3",
        "correctPlayers": [
            "watashiii"
        ]
    },
    {
        "animeEng": "Sailor Moon S",
        "animeRomaji": "Bish\u014djo Senshi Sailor Moon S",
        "songName": "Moonlight Densetsu",
        "artist": "Sakurakko Club Sakura-gumi",
        "type": "Opening 1",
        "correctCount": 135,
        "startTime": 40,
        "songDuration": 91.062857,
        "songNumber": 58,
        "activePlayerCount": 243,
        "LinkVideo": "https://animethemes.moe/video/SailorMoonS-OP1.webm",
        "LinkMp3": "https://files.catbox.moe/0o86z0.mp3"
    },
    {
        "animeEng": "Just Because!",
        "animeRomaji": "Just Because!",
        "songName": "over and over",
        "artist": "Nagi Yanagi",
        "type": "Opening 1",
        "correctCount": 112,
        "startTime": 32,
        "songDuration": 88.8,
        "songNumber": 59,
        "activePlayerCount": 243,
        "LinkVideo": "https://files.catbox.moe/smwk13.webm",
        "LinkMp3": "https://files.catbox.moe/1pnljc.mp3"
    },
    {
        "animeEng": "Magical Girl Raising Project",
        "animeRomaji": "Mah\u014d Sh\u014djo Ikusei Keikaku",
        "songName": "DREAMCATCHER",
        "artist": "nano",
        "type": "Ending 1",
        "correctCount": 79,
        "startTime": 51,
        "songDuration": 88.752,
        "songNumber": 60,
        "activePlayerCount": 243,
        "LinkVideo": "https://files.catbox.moe/xtybl3.webm",
        "LinkMp3": "https://files.catbox.moe/bccop7.mp3"
    },
    {
        "animeEng": "Penguin Girl",
        "animeRomaji": "Penguin Musume \u2665 Heart",
        "songName": "Yurete Hajikete Afurechau\u2606Miwaku no Penguin Musume",
        "artist": "PNGN 4",
        "type": "Ending 1",
        "correctCount": 5,
        "startTime": 43,
        "songDuration": 82.704,
        "songNumber": 61,
        "activePlayerCount": 243,
        "LinkVideo": "https://files.catbox.moe/pm0vm8.webm",
        "LinkMp3": "https://files.catbox.moe/8q430b.mp3",
        "correctPlayers": [
            "shadowpandax",
            "els",
            "Woonoo",
            "watashiii",
            "transfer"
        ]
    },
    {
        "animeEng": "Wotakoi: Love is Hard for Otaku",
        "animeRomaji": "Otaku ni Koi wa Muzukashii",
        "songName": "Fiction",
        "artist": "sumika",
        "type": "Opening 1",
        "correctCount": 193,
        "startTime": 13,
        "songDuration": 85.776,
        "songNumber": 62,
        "activePlayerCount": 243,
        "LinkVideo": "https://files.catbox.moe/zqtpcp.webm",
        "LinkMp3": "https://files.catbox.moe/34ma0p.mp3"
    },
    {
        "animeEng": "Gekij\u014dban PriPara Mi~nna Atsumare! Prism\u2606Tours",
        "animeRomaji": "Gekij\u014dban PriPara Mi~nna Atsumare! Prism\u2606Tours",
        "songName": "No D&D code",
        "artist": "DressingPaf\u00e9",
        "type": "Insert Song",
        "correctCount": 26,
        "startTime": 74,
        "songDuration": 139.176,
        "songNumber": 63,
        "activePlayerCount": 243,
        "LinkVideo": "https://files.catbox.moe/wgqewk.webm",
        "LinkMp3": "https://files.catbox.moe/lhtss2.mp3"
    },
    {
        "animeEng": "Attack on Titan Season 3",
        "animeRomaji": "Shingeki no Kyojin Season 3",
        "songName": "Shoukei to Shikabane no Michi",
        "artist": "Linked Horizon",
        "type": "Opening 1",
        "correctCount": 190,
        "startTime": 42,
        "songDuration": 87.693061,
        "songNumber": 64,
        "activePlayerCount": 243,
        "LinkVideo": "https://files.catbox.moe/xmkpe6.webm",
        "LinkMp3": "https://files.catbox.moe/r5dxwk.mp3"
    },
    {
        "animeEng": "Restaurant to Another World",
        "animeRomaji": "Isekai Shokud\u014d",
        "songName": "One In A Billion",
        "artist": "Wake Up, May'n!",
        "type": "Opening 1",
        "correctCount": 119,
        "startTime": 2,
        "songDuration": 88.752,
        "songNumber": 65,
        "activePlayerCount": 243,
        "LinkVideo": "https://files.catbox.moe/zp2c7s.webm",
        "LinkMp3": "https://files.catbox.moe/iypwzc.mp3"
    },
    {
        "animeEng": "A Centaur's Life",
        "animeRomaji": "Centaur no Nayami",
        "songName": "Edelweiss (English Version)",
        "artist": "Asaka",
        "type": "Ending 2",
        "correctCount": 57,
        "startTime": 13,
        "songDuration": 87.6,
        "songNumber": 66,
        "activePlayerCount": 243,
        "LinkVideo": "https://files.catbox.moe/j4eush.webm",
        "LinkMp3": "https://files.catbox.moe/v7h7rb.mp3"
    },
    {
        "animeEng": "Dragon Collection",
        "animeRomaji": "Dragon Collection",
        "songName": "Bucchigiri Fantastic",
        "artist": "Nagareda Project",
        "type": "Insert Song",
        "correctCount": 3,
        "startTime": 15,
        "songDuration": 71.304,
        "songNumber": 67,
        "activePlayerCount": 243,
        "LinkVideo": "https://files.catbox.moe/ja5o2c.webm",
        "LinkMp3": "https://files.catbox.moe/241xlf.mp3",
        "correctPlayers": [
            "aryagamis",
            "GyroInmobile",
            "Sherkhan"
        ]
    },
    {
        "animeEng": "Initial D: Fifth Stage",
        "animeRomaji": "Initial D: Fifth Stage",
        "songName": "A PERFECT HERO",
        "artist": "CHRIS STANTON",
        "type": "Insert Song",
        "correctCount": 72,
        "startTime": 89,
        "songDuration": 130.977959,
        "songNumber": 68,
        "activePlayerCount": 243,
        "LinkVideo": "https://files.catbox.moe/m1ur8h.webm",
        "LinkMp3": "https://files.catbox.moe/g58jv0.mp3"
    },
    {
        "animeEng": "Dragon Ball Z: Resurrection 'F'",
        "animeRomaji": "Dragon Ball Z: Fukkatsu no 'F'",
        "songName": "F",
        "artist": "Maximum the Hormone",
        "type": "Insert Song",
        "correctCount": 96,
        "startTime": 37,
        "songDuration": 88.872,
        "songNumber": 69,
        "activePlayerCount": 243,
        "LinkVideo": "https://files.catbox.moe/99o1ts.webm",
        "LinkMp3": "https://files.catbox.moe/ncu6i3.mp3"
    },
    {
        "animeEng": "We Never Learn: BOKUBEN",
        "animeRomaji": "Boku-tachi wa Benky\u014d ga Dekinai",
        "songName": "Never Give It Up!!",
        "artist": "Study",
        "type": "Ending 1",
        "correctCount": 89,
        "startTime": 20,
        "songDuration": 90.514286,
        "songNumber": 70,
        "activePlayerCount": 243,
        "LinkVideo": "https://files.catbox.moe/pdeskh.webm",
        "LinkMp3": "https://files.catbox.moe/7i90fl.mp3"
    },
    {
        "animeEng": "Jungle de Ikou!",
        "animeRomaji": "Jungle de Ikou!",
        "songName": "J",
        "artist": "Masami Okui",
        "type": "Opening 1",
        "correctCount": 13,
        "startTime": 14,
        "songDuration": 85.368,
        "songNumber": 71,
        "activePlayerCount": 243,
        "LinkVideo": "https://files.catbox.moe/8zzq9h.webm",
        "LinkMp3": "https://files.catbox.moe/hjbsj4.mp3"
    },
    {
        "animeEng": "Naruto",
        "animeRomaji": "Naruto",
        "songName": "Rise",
        "artist": "Jeremy Sweet and Ian Nickus [English Version]",
        "type": "Opening 1",
        "correctCount": 156,
        "startTime": 0,
        "songDuration": 30.589388,
        "songNumber": 72,
        "activePlayerCount": 243,
        "LinkVideo": "https://files.catbox.moe/00xnc2.webm",
        "LinkMp3": "https://files.catbox.moe/gg88jw.mp3"
    },
    {
        "animeEng": "Dream Eater Merry",
        "animeRomaji": "Yumekui Merry",
        "songName": "Daydream Syndrome",
        "artist": "Marina Fujiwara",
        "type": "Opening 1",
        "correctCount": 61,
        "startTime": 10,
        "songDuration": 89.129796,
        "songNumber": 73,
        "activePlayerCount": 243,
        "LinkVideo": "https://files.catbox.moe/q5y79e.webm",
        "LinkMp3": "https://files.catbox.moe/sfg99g.mp3"
    },
    {
        "animeEng": "Magical Sempai",
        "animeRomaji": "Tejina Senpai",
        "songName": "Dame wa Dame",
        "artist": "Minori Suzuki",
        "type": "Ending 1",
        "correctCount": 105,
        "startTime": 22,
        "songDuration": 59.064,
        "songNumber": 74,
        "activePlayerCount": 243,
        "LinkVideo": "https://files.catbox.moe/5nbhdz.webm",
        "LinkMp3": "https://files.catbox.moe/p5p20j.mp3"
    },
    {
        "animeEng": "Final Approach",
        "animeRomaji": "Final Approach",
        "songName": "LOVE,FATE,LOVE",
        "artist": "Miyuki Hashimoto",
        "type": "Ending 1",
        "correctCount": 14,
        "startTime": 24,
        "songDuration": 58.017959,
        "songNumber": 75,
        "activePlayerCount": 242,
        "LinkVideo": "https://files.catbox.moe/sph0ip.webm",
        "LinkMp3": "https://files.catbox.moe/o0ypa4.mp3"
    }
]