[
    {
        "animeEng": "Honobono Log",
        "animeRomaji": "Honobono Log",
        "songName": "morning",
        "artist": "Ame no Parade",
        "type": "Opening 1",
        "correctCount": 112,
        "startTime": 0,
        "songDuration": 19.2,
        "songNumber": 1,
        "activePlayerCount": 247,
        "LinkVideo": "https://files.catbox.moe/hr31fn.webm",
        "LinkMp3": "https://files.catbox.moe/hm273m.mp3"
    },
    {
        "animeEng": "Ro-Kyu-Bu!",
        "animeRomaji": "Ro-Kyu-Bu!",
        "songName": "SHOOT!",
        "artist": "RO-KYU-BU!",
        "type": "Opening 1",
        "correctCount": 99,
        "startTime": 10,
        "songDuration": 88.752,
        "songNumber": 2,
        "activePlayerCount": 248,
        "LinkVideo": "https://files.catbox.moe/ydjfjc.webm",
        "LinkMp3": "https://files.catbox.moe/klvitc.mp3"
    },
    {
        "animeEng": "Aria the Animation",
        "animeRomaji": "Aria the Animation",
        "songName": "Undine -forest mix-",
        "artist": "Yui Makino",
        "type": "Opening 2",
        "correctCount": 72,
        "startTime": 51,
        "songDuration": 89.904,
        "songNumber": 3,
        "activePlayerCount": 248,
        "LinkVideo": "https://animethemes.moe/video/AriaTheAnimation-OP2.webm",
        "LinkMp3": "https://files.catbox.moe/af3wd5.mp3"
    },
    {
        "animeEng": "The Great Battle of the Flying Saucers",
        "animeRomaji": "Uch\u016b Enban Daisens\u014d",
        "songName": "Tatakae! Uch\u016b no \u014cja",
        "artist": "Isao Sasaki",
        "type": "Opening 1",
        "correctCount": 2,
        "startTime": 22,
        "songDuration": 75.792,
        "songNumber": 4,
        "activePlayerCount": 250,
        "LinkVideo": "https://files.catbox.moe/pbb5mj.webm",
        "LinkMp3": "https://files.catbox.moe/0f5bzt.mp3",
        "correctPlayers": [
            "eggsdee",
            "aryagamis"
        ]
    },
    {
        "animeEng": "Engaged to the Unidentified",
        "animeRomaji": "Mikakunin de Shink\u014dkei",
        "songName": "Masshiro World",
        "artist": "Mikakuning!",
        "type": "Ending 1",
        "correctCount": 127,
        "startTime": 7,
        "songDuration": 88.248,
        "songNumber": 5,
        "activePlayerCount": 247,
        "LinkVideo": "https://files.catbox.moe/hvpezc.webm",
        "LinkMp3": "https://files.catbox.moe/5x74kl.mp3"
    },
    {
        "animeEng": "Doraemon",
        "animeRomaji": "Doraemon",
        "songName": "Doraemon no Uta",
        "artist": "Satoko Yamano",
        "type": "Opening 3",
        "correctCount": 204,
        "startTime": 35,
        "songDuration": 72.888,
        "songNumber": 6,
        "activePlayerCount": 248,
        "LinkVideo": "https://files.catbox.moe/qwy8yp.webm",
        "LinkMp3": "https://files.catbox.moe/gdiduy.mp3"
    },
    {
        "animeEng": "Delpower X Bakuhatsu Miracle Genki!",
        "animeRomaji": "Delpower X Bakuhatsu Miracle Genki!",
        "songName": "Iron Animal Nick Jagger",
        "artist": "Koorogi '73",
        "type": "Insert Song",
        "correctCount": 1,
        "startTime": 49,
        "songDuration": 131.1152,
        "songNumber": 7,
        "activePlayerCount": 247,
        "LinkVideo": "https://files.catbox.moe/minqzp.webm",
        "LinkMp3": "https://files.catbox.moe/d5fec9.mp3",
        "correctPlayers": [
            "oh95"
        ]
    },
    {
        "animeEng": "I Can't Understand What My Husband is Saying: 2nd Thread",
        "animeRomaji": "Danna ga Nani o Itteiru ka Wakaranai Ken 2-sure-me",
        "songName": "Okusama no Blues",
        "artist": "Yukari Tamura, Rie Kugimiya, Ryoko Shintani",
        "type": "Ending 2",
        "correctCount": 162,
        "startTime": 0,
        "songDuration": 28.392,
        "songNumber": 8,
        "activePlayerCount": 247,
        "LinkVideo": "https://files.catbox.moe/htnu3g.webm",
        "LinkMp3": "https://files.catbox.moe/kaz1oq.mp3"
    },
    {
        "animeEng": "Nyuru Nyuru!! Kakusen-kun",
        "animeRomaji": "Nyuru Nyuru!! Kakusen-kun",
        "songName": "Nyuru Nyuru Miracle",
        "artist": "Dempagumi.inc",
        "type": "Opening 1",
        "correctCount": 46,
        "startTime": 0,
        "songDuration": 29.674592,
        "songNumber": 9,
        "activePlayerCount": 247,
        "LinkVideo": "https://files.catbox.moe/86a2ol.webm",
        "LinkMp3": "https://files.catbox.moe/7r05nk.mp3"
    },
    {
        "animeEng": "Ace of the Diamond Second Season",
        "animeRomaji": "Daiya no Ace: Second Season",
        "songName": "Go EXCEED!!",
        "artist": "Tom-H@ck featuring Masayoshi \u014cishi",
        "type": "Opening 1",
        "correctCount": 104,
        "startTime": 30,
        "songDuration": 89.049898,
        "songNumber": 10,
        "activePlayerCount": 246,
        "LinkVideo": "https://files.catbox.moe/1hbf8g.webm",
        "LinkMp3": "https://files.catbox.moe/5jfisq.mp3"
    },
    {
        "animeEng": "Love Live! School idol project",
        "animeRomaji": "Love Live! School idol project",
        "songName": "Yume no Tobira",
        "artist": "\u03bc's",
        "type": "Insert Song",
        "correctCount": 56,
        "startTime": 12,
        "songDuration": 132.072,
        "songNumber": 11,
        "activePlayerCount": 246,
        "LinkVideo": "https://files.catbox.moe/lggd7o.webm",
        "LinkMp3": "https://files.catbox.moe/3d698a.mp3"
    },
    {
        "animeEng": "Alice or Alice",
        "animeRomaji": "Alice or Alice - Siscon Nii-san to Futago no Im\u014dto",
        "songName": "LONELY ALICE",
        "artist": "Pyxis",
        "type": "Ending 1",
        "correctCount": 45,
        "startTime": 0,
        "songDuration": 27.912,
        "songNumber": 12,
        "activePlayerCount": 244,
        "LinkVideo": "https://files.catbox.moe/v7yedt.webm",
        "LinkMp3": "https://files.catbox.moe/gy5t1r.mp3"
    },
    {
        "animeEng": "Nozomi in the Sun",
        "animeRomaji": "Sasurai no Taiy\u014d",
        "songName": "Sasurai no Taiy\u014d",
        "artist": "Vocal Shop, Three Graces",
        "type": "Opening 1",
        "correctCount": 16,
        "startTime": 34,
        "songDuration": 89.064,
        "songNumber": 13,
        "activePlayerCount": 244,
        "LinkVideo": "https://files.catbox.moe/5thufw.webm",
        "LinkMp3": "https://files.catbox.moe/59wrnd.mp3"
    },
    {
        "animeEng": "Revolutionary Girl Utena",
        "animeRomaji": "Sh\u014djo Kakumei Utena",
        "songName": "Ensuikei Zettairan Arushibura",
        "artist": "Suginami Jidou Gasshou-dan, Maki Kamiya, Kunihiko Ikuhara, Shinkichi Mitsumune, Toshimichi Otsuki, Shingo Kaneko",
        "type": "Insert Song",
        "correctCount": 47,
        "startTime": 7,
        "songDuration": 92.52,
        "songNumber": 14,
        "activePlayerCount": 244,
        "LinkVideo": "https://files.catbox.moe/t6e3lr.webm",
        "LinkMp3": "https://files.catbox.moe/p64u8r.mp3"
    },
    {
        "animeEng": "Trickster",
        "animeRomaji": "Trickster: Edogawa Rampo 'Sh\u014dnen Tantei-dan' yori",
        "songName": "Unmei Dilemma",
        "artist": "Azusa Tadokoro",
        "type": "Opening 2",
        "correctCount": 27,
        "startTime": 43,
        "songDuration": 88.608,
        "songNumber": 15,
        "activePlayerCount": 244,
        "LinkVideo": "https://files.catbox.moe/6ptea2.webm",
        "LinkMp3": "https://files.catbox.moe/7lxy47.mp3"
    },
    {
        "animeEng": "Active Raid Second",
        "animeRomaji": "Active Raid: Kid\u014d Ky\u014dsh\u016bshitsu Dai-Hakkei 2nd",
        "songName": "Mivv\u2661Dream",
        "artist": "Maaya Uchida",
        "type": "Insert Song",
        "correctCount": 3,
        "startTime": 2,
        "songDuration": 81.6,
        "songNumber": 16,
        "activePlayerCount": 244,
        "LinkVideo": "https://files.catbox.moe/gyxoo8.webm",
        "LinkMp3": "https://files.catbox.moe/r60rsp.mp3",
        "correctPlayers": [
            "iQuestGod",
            "asleep",
            "kneesoxluver"
        ]
    },
    {
        "animeEng": "Pop and the Queen's Cursed Rose",
        "animeRomaji": "Ojamajo Doremi #",
        "songName": "Poppu na Yuuki",
        "artist": "Manami Komori",
        "type": "Ending 1",
        "correctCount": 3,
        "startTime": 19,
        "songDuration": 82.104,
        "songNumber": 17,
        "activePlayerCount": 244,
        "LinkVideo": "https://files.catbox.moe/b00hp6.webm",
        "LinkMp3": "https://files.catbox.moe/o7c0t4.mp3",
        "correctPlayers": [
            "Cirquit",
            "Haaniik",
            "anstazz"
        ]
    },
    {
        "animeEng": "Dragon Ball Z: Bardock - The Father of Goku",
        "animeRomaji": "Dragon Ball Z: Tatta Hitori no Saish\u016b Kessen - Freeza ni Idonda Z Senshi Son Goku no Chichi",
        "songName": "CHA-LA HEAD-CHA-LA",
        "artist": "Hironobu Kageyama",
        "type": "Opening 1",
        "correctCount": 229,
        "startTime": 53,
        "songDuration": 107.074078,
        "songNumber": 18,
        "activePlayerCount": 245,
        "LinkVideo": "https://files.catbox.moe/r5o3zy.webm",
        "LinkMp3": "https://files.catbox.moe/ewehoa.mp3"
    },
    {
        "animeEng": "Digimon Tamers: The Runaway Digimon Express",
        "animeRomaji": "Digimon Tamers: B\u014ds\u014d Digimon Tokky\u016b",
        "songName": "The Biggest Dreamer",
        "artist": "Kouji Wada",
        "type": "Opening 1",
        "correctCount": 113,
        "startTime": 33,
        "songDuration": 87.984,
        "songNumber": 19,
        "activePlayerCount": 245,
        "LinkVideo": "https://files.catbox.moe/0xcu33.webm",
        "LinkMp3": "https://files.catbox.moe/ubuq2n.mp3"
    },
    {
        "animeEng": "Bokurano",
        "animeRomaji": "Bokurano",
        "songName": "Uninstall",
        "artist": "Chiaki Ishikawa",
        "type": "Opening 1",
        "correctCount": 130,
        "startTime": 15,
        "songDuration": 88.368,
        "songNumber": 20,
        "activePlayerCount": 245,
        "LinkVideo": "https://files.catbox.moe/6tvx3r.webm",
        "LinkMp3": "https://files.catbox.moe/g7p9nf.mp3"
    },
    {
        "animeEng": "Shirobako",
        "animeRomaji": "Shirobako",
        "songName": "I'm Sorry EXODUS",
        "artist": "TRACY",
        "type": "Opening 1",
        "correctCount": 67,
        "startTime": 49,
        "songDuration": 88.272,
        "songNumber": 21,
        "activePlayerCount": 244,
        "LinkVideo": "https://files.catbox.moe/a692yj.webm",
        "LinkMp3": "https://files.catbox.moe/pztmyh.mp3"
    },
    {
        "animeEng": "DEVILMAN crybaby",
        "animeRomaji": "DEVILMAN crybaby",
        "songName": "Night Hawk",
        "artist": "Kensuke Ushio",
        "type": "Ending 3",
        "correctCount": 115,
        "startTime": 35,
        "songDuration": 119.327313,
        "songNumber": 22,
        "activePlayerCount": 244,
        "LinkVideo": "https://files.catbox.moe/4b7w9l.webm",
        "LinkMp3": "https://files.catbox.moe/m8rvrp.mp3"
    },
    {
        "animeEng": "Kingsglaive: Final Fantasy XV",
        "animeRomaji": "Kingsglaive: Final Fantasy XV",
        "songName": "Calling For Rain",
        "artist": "Hiroo Nakano, Neo Liu, Tu Hua Bing",
        "type": "Insert Song",
        "correctCount": 24,
        "startTime": 28,
        "songDuration": 118.224,
        "songNumber": 23,
        "activePlayerCount": 244,
        "LinkVideo": "https://files.catbox.moe/gbgeef.webm",
        "LinkMp3": "https://files.catbox.moe/hmjo05.mp3"
    },
    {
        "animeEng": "Fruits Basket",
        "animeRomaji": "Fruits Basket",
        "songName": "Chime",
        "artist": "Ai Otsuka",
        "type": "Opening 2",
        "correctCount": 77,
        "startTime": 18,
        "songDuration": 87.864,
        "songNumber": 24,
        "activePlayerCount": 243,
        "LinkVideo": "https://files.catbox.moe/5vlkzk.webm",
        "LinkMp3": "https://files.catbox.moe/oec2jz.mp3"
    },
    {
        "animeEng": "Star Ocean EX",
        "animeRomaji": "Star Ocean EX",
        "songName": "Hearts",
        "artist": "Saori Nishihata",
        "type": "Ending 1",
        "correctCount": 11,
        "startTime": 37,
        "songDuration": 91.061292,
        "songNumber": 25,
        "activePlayerCount": 243,
        "LinkVideo": "https://files.catbox.moe/i6arfs.webm",
        "LinkMp3": "https://files.catbox.moe/4z2zkp.mp3"
    },
    {
        "animeEng": "Pok\u00e9mon: Gotta Dance",
        "animeRomaji": "Odoru Pok\u00e9mon Himitsu Kichi",
        "songName": "Bouken no Hajimari da!!",
        "artist": "KAORI",
        "type": "Ending 1",
        "correctCount": 6,
        "startTime": 148,
        "songDuration": 203.856,
        "songNumber": 26,
        "activePlayerCount": 243,
        "LinkVideo": "https://files.catbox.moe/bpl9ax.webm",
        "LinkMp3": "https://files.catbox.moe/m4ba8f.mp3"
    },
    {
        "animeEng": "HAIKYU!! 3rd Season",
        "animeRomaji": "Haikyu!! Karasuno K\u014dk\u014d VS Shiratorizawa Gakuen K\u014dk\u014d",
        "songName": "Hikari Are",
        "artist": "BURNOUT SYNDROMES",
        "type": "Opening 1",
        "correctCount": 180,
        "startTime": 53,
        "songDuration": 89.76,
        "songNumber": 27,
        "activePlayerCount": 243,
        "LinkVideo": "https://files.catbox.moe/vd2dlb.webm",
        "LinkMp3": "https://files.catbox.moe/itd0c7.mp3"
    },
    {
        "animeEng": "Case Closed: Captured in Her Eyes",
        "animeRomaji": "Meitantei Conan: Hitomi no Naka no Ansatsusha",
        "songName": "Bloody Venus",
        "artist": "Kiyoshi Hayami",
        "type": "Insert Song",
        "correctCount": 47,
        "startTime": 0,
        "songDuration": 35.016,
        "songNumber": 28,
        "activePlayerCount": 242,
        "LinkVideo": "https://files.catbox.moe/l4xfna.webm",
        "LinkMp3": "https://files.catbox.moe/1raac6.mp3"
    },
    {
        "animeEng": "Pop Team Epic",
        "animeRomaji": "Poputepipikku",
        "songName": "POP TEAM EPIC",
        "artist": "Sumire Uesaka",
        "type": "Opening 2",
        "correctCount": 132,
        "startTime": 45,
        "songDuration": 89.808,
        "songNumber": 29,
        "activePlayerCount": 241,
        "LinkVideo": "https://files.catbox.moe/t1puc0.webm",
        "LinkMp3": "https://files.catbox.moe/1ressw.mp3"
    },
    {
        "animeEng": "Humanity Has Declined",
        "animeRomaji": "Jinrui wa Suitai Shimashita",
        "songName": "Real World",
        "artist": "nano.RIPE",
        "type": "Opening 1",
        "correctCount": 83,
        "startTime": 6,
        "songDuration": 88.68,
        "songNumber": 30,
        "activePlayerCount": 241,
        "LinkVideo": "https://files.catbox.moe/igz9eb.webm",
        "LinkMp3": "https://files.catbox.moe/9yhalb.mp3"
    },
    {
        "animeEng": "Zoids",
        "animeRomaji": "Zoids",
        "songName": "Chase",
        "artist": "Develop=Frame",
        "type": "Ending 2",
        "correctCount": 8,
        "startTime": 25,
        "songDuration": 68.856,
        "songNumber": 31,
        "activePlayerCount": 241,
        "LinkVideo": "https://files.catbox.moe/34g0qn.webm",
        "LinkMp3": "https://files.catbox.moe/avs4pm.mp3"
    },
    {
        "animeEng": "Baby Steps",
        "animeRomaji": "Baby Steps",
        "songName": "Believe in yourself",
        "artist": "Mao Abe",
        "type": "Opening 1",
        "correctCount": 149,
        "startTime": 48,
        "songDuration": 86.712,
        "songNumber": 32,
        "activePlayerCount": 241,
        "LinkVideo": "https://files.catbox.moe/cis2hm.webm",
        "LinkMp3": "https://files.catbox.moe/wbjpp4.mp3"
    },
    {
        "animeEng": "Heaven's Lost Property Forte",
        "animeRomaji": "Sora no Otoshimono: Forte",
        "songName": "ff (Fortissimo)",
        "artist": "Mina",
        "type": "Ending 5",
        "correctCount": 4,
        "startTime": 41,
        "songDuration": 88.056,
        "songNumber": 33,
        "activePlayerCount": 242,
        "LinkVideo": "https://files.catbox.moe/w7ywqc.webm",
        "LinkMp3": "https://files.catbox.moe/3qiu0q.mp3",
        "correctPlayers": [
            "jun209",
            "faq",
            "Miki_P",
            "Rukawa11"
        ]
    },
    {
        "animeEng": "Cardcaptor Sakura Video Diary",
        "animeRomaji": "Suteki desu wa, Sakura-chan! Tomoyo no Cardcaptor Sakura Katsuyaku Video Nikki!",
        "songName": "Catch You Catch Me (Sakura Version)",
        "artist": "Sakura Tange",
        "type": "Insert Song",
        "correctCount": 59,
        "startTime": 43,
        "songDuration": 80.328,
        "songNumber": 34,
        "activePlayerCount": 242,
        "LinkVideo": "https://files.catbox.moe/p6qedu.webm",
        "LinkMp3": "https://files.catbox.moe/ol4m1m.mp3"
    },
    {
        "animeEng": "Like the Clouds, Like the Wind",
        "animeRomaji": "Kumo no You ni, Kaze no You ni",
        "songName": "Kumo no You ni Kaze no You ni",
        "artist": "Ryoko Sano",
        "type": "Ending 1",
        "correctCount": 1,
        "startTime": 36,
        "songDuration": 207.48,
        "songNumber": 35,
        "activePlayerCount": 242,
        "LinkVideo": "https://files.catbox.moe/64t7uz.webm",
        "LinkMp3": "https://files.catbox.moe/cogghw.mp3",
        "correctPlayers": [
            "ozsauce"
        ]
    },
    {
        "animeEng": "Afro-Ken",
        "animeRomaji": "Afro-Ken",
        "songName": "Mokomoko Afro-Ken",
        "artist": "Two Ball Loo",
        "type": "Opening 1",
        "correctCount": 25,
        "startTime": 28,
        "songDuration": 94.56,
        "songNumber": 36,
        "activePlayerCount": 242,
        "LinkVideo": "https://files.catbox.moe/unpu4o.webm",
        "LinkMp3": "https://files.catbox.moe/n900ns.mp3"
    },
    {
        "animeEng": "The Legend of Black Heaven",
        "animeRomaji": "Kach\u014d \u014cji",
        "songName": "Yappari Onna no Hoga Iiya",
        "artist": "Riyu Konaka",
        "type": "Ending 1",
        "correctCount": 9,
        "startTime": 53,
        "songDuration": 89.736,
        "songNumber": 37,
        "activePlayerCount": 242,
        "LinkVideo": "https://files.catbox.moe/2k6o0k.webm",
        "LinkMp3": "https://files.catbox.moe/lvkc9r.mp3"
    },
    {
        "animeEng": "Techno Police 21C",
        "animeRomaji": "Techno Police 21C",
        "songName": "Itsuka Kurofune",
        "artist": "Makoto Fujiwara",
        "type": "Opening 1",
        "correctCount": 7,
        "startTime": 61,
        "songDuration": 98.616,
        "songNumber": 38,
        "activePlayerCount": 240,
        "LinkVideo": "https://files.catbox.moe/qgjihp.webm",
        "LinkMp3": "https://files.catbox.moe/3akapp.mp3"
    },
    {
        "animeEng": "Golden Time",
        "animeRomaji": "Golden Time",
        "songName": "Golden Time",
        "artist": "Yui Horie",
        "type": "Opening 1",
        "correctCount": 133,
        "startTime": 3,
        "songDuration": 89.136,
        "songNumber": 39,
        "activePlayerCount": 240,
        "LinkVideo": "https://files.catbox.moe/d97n16.webm",
        "LinkMp3": "https://files.catbox.moe/get2gp.mp3"
    },
    {
        "animeEng": "Are You Lost?",
        "animeRomaji": "S\u014dnan desu ka?",
        "songName": "Koko wa Doko",
        "artist": "Ahomushi",
        "type": "Opening 1",
        "correctCount": 121,
        "startTime": 12,
        "songDuration": 59.448,
        "songNumber": 40,
        "activePlayerCount": 241,
        "LinkVideo": "https://files.catbox.moe/z43r3v.webm",
        "LinkMp3": "https://files.catbox.moe/ywa35y.mp3"
    },
    {
        "animeEng": "Zakuro",
        "animeRomaji": "Otome Y\u014dkai Zakuro",
        "songName": "Benibana no Otome Uta",
        "artist": "Kana Hanazawa, Aki Toyosaki, Yui Horie",
        "type": "Insert Song",
        "correctCount": 24,
        "startTime": 1,
        "songDuration": 58.199816,
        "songNumber": 41,
        "activePlayerCount": 240,
        "LinkVideo": "https://files.catbox.moe/1yg6hx.webm",
        "LinkMp3": "https://files.catbox.moe/jxkrza.mp3"
    },
    {
        "animeEng": "Daitarn 3",
        "animeRomaji": "Muteki K\u014djin Daitarn 3",
        "songName": "Toppo de Tango",
        "artist": "Koorogi '73",
        "type": "Ending 1",
        "correctCount": 154,
        "startTime": 18,
        "songDuration": 58.539402,
        "songNumber": 42,
        "activePlayerCount": 239,
        "LinkVideo": "https://files.catbox.moe/st8x9p.webm",
        "LinkMp3": "https://files.catbox.moe/0rmjfv.mp3"
    },
    {
        "animeEng": "Silver Spoon",
        "animeRomaji": "Gin no Saji",
        "songName": "LIFE",
        "artist": "Fujifabric",
        "type": "Opening 1",
        "correctCount": 96,
        "startTime": 40,
        "songDuration": 88.056,
        "songNumber": 43,
        "activePlayerCount": 239,
        "LinkVideo": "https://files.catbox.moe/1w0szx.webm",
        "LinkMp3": "https://files.catbox.moe/570tsd.mp3"
    },
    {
        "animeEng": "Rosario + Vampire Capu2",
        "animeRomaji": "Rosario to Vampire Capu2",
        "songName": "DISCOTHEQUE",
        "artist": "Nana Mizuki",
        "type": "Opening 1",
        "correctCount": 132,
        "startTime": 49,
        "songDuration": 92.184,
        "songNumber": 44,
        "activePlayerCount": 239,
        "LinkVideo": "https://files.catbox.moe/fi904d.webm",
        "LinkMp3": "https://files.catbox.moe/95fdjb.mp3"
    },
    {
        "animeEng": "Space Patrol Luluco",
        "animeRomaji": "Uch\u016b Patrol Luluco",
        "songName": "Before my body is dry",
        "artist": "Mika Kobayashi & David Whitaker",
        "type": "Insert Song",
        "correctCount": 122,
        "startTime": 22,
        "songDuration": 100.176,
        "songNumber": 45,
        "activePlayerCount": 239,
        "LinkVideo": "https://files.catbox.moe/f9mwfq.webm",
        "LinkMp3": "https://files.catbox.moe/xkndlf.mp3"
    },
    {
        "animeEng": "Shugo Chara!! Doki",
        "animeRomaji": "Shugo Chara!! Doki",
        "songName": "Secret Princess",
        "artist": "Rie Kugimiya",
        "type": "Ending 4",
        "correctCount": 14,
        "startTime": 38,
        "songDuration": 124.344,
        "songNumber": 46,
        "activePlayerCount": 239,
        "LinkVideo": "https://files.catbox.moe/4s1fce.webm",
        "LinkMp3": "https://files.catbox.moe/33zull.mp3"
    },
    {
        "animeEng": "King of Prism: Shiny Seven Stars",
        "animeRomaji": "King of Prism: Shiny Seven Stars",
        "songName": "Unite! The Night!",
        "artist": "Taku Yashiro",
        "type": "Ending 3",
        "correctCount": 14,
        "startTime": 41,
        "songDuration": 82.44,
        "songNumber": 47,
        "activePlayerCount": 239,
        "LinkVideo": "https://animethemes.moe/video/KingOfPrism-ED3.webm",
        "LinkMp3": "https://files.catbox.moe/kif6st.mp3"
    },
    {
        "animeEng": "Fruits Basket",
        "animeRomaji": "Fruits Basket",
        "songName": "For Fruits Basket",
        "artist": "Ritsuko Okazaki",
        "type": "Opening 1",
        "correctCount": 116,
        "startTime": 5,
        "songDuration": 78.672,
        "songNumber": 48,
        "activePlayerCount": 239,
        "LinkVideo": "https://files.catbox.moe/u4b397.webm",
        "LinkMp3": "https://files.catbox.moe/jdf7xr.mp3"
    },
    {
        "animeEng": "Show By Rock!!#",
        "animeRomaji": "Show By Rock!!#",
        "songName": "x Senritsu -Schlehit Melodie-",
        "artist": "BUD VIRGIN LOGIC",
        "type": "Opening 1",
        "correctCount": 17,
        "startTime": 26,
        "songDuration": 107.784,
        "songNumber": 49,
        "activePlayerCount": 239,
        "LinkVideo": "https://files.catbox.moe/doi0ou.webm",
        "LinkMp3": "https://files.catbox.moe/8lsvkf.mp3"
    },
    {
        "animeEng": "Y\u016bna and the Haunted Hot Springs",
        "animeRomaji": "Yuragi-s\u014d no Y\u016bna-san",
        "songName": "Happen ~Kogarashi ni Fukarete~",
        "artist": "Eri Suzuki, Miyuri Shimabukuro, Rie Takahashi",
        "type": "Ending 1",
        "correctCount": 54,
        "startTime": 40,
        "songDuration": 88.944,
        "songNumber": 50,
        "activePlayerCount": 239,
        "LinkVideo": "https://files.catbox.moe/ntirxm.webm",
        "LinkMp3": "https://files.catbox.moe/v3xbmb.mp3"
    },
    {
        "animeEng": "Wolf's Rain",
        "animeRomaji": "Wolf's Rain",
        "songName": "gravity",
        "artist": "maaya sakamoto",
        "type": "Ending 1",
        "correctCount": 41,
        "startTime": 8,
        "songDuration": 79.704,
        "songNumber": 51,
        "activePlayerCount": 239,
        "LinkVideo": "https://files.catbox.moe/6304ny.webm",
        "LinkMp3": "https://files.catbox.moe/dj82oe.mp3"
    },
    {
        "animeEng": "Koihime\u2020Mus\u014d",
        "animeRomaji": "Koihime\u2020Mus\u014d",
        "songName": "flower of bravery",
        "artist": "fripSide",
        "type": "Opening 1",
        "correctCount": 37,
        "startTime": 6,
        "songDuration": 88.056,
        "songNumber": 52,
        "activePlayerCount": 239,
        "LinkVideo": "https://files.catbox.moe/m8p4s1.webm",
        "LinkMp3": "https://files.catbox.moe/3vgk6g.mp3"
    },
    {
        "animeEng": "Owarimonogatari",
        "animeRomaji": "Owarimonogatari",
        "songName": "mein schatz",
        "artist": "Mito",
        "type": "Opening 4",
        "correctCount": 125,
        "startTime": 12,
        "songDuration": 60.288,
        "songNumber": 53,
        "activePlayerCount": 239,
        "LinkVideo": "https://files.catbox.moe/5t3sn8.webm",
        "LinkMp3": "https://files.catbox.moe/p4p7gf.mp3"
    },
    {
        "animeEng": "Super Dimension Fortress Macross",
        "animeRomaji": "Ch\u014djik\u016b Y\u014dsai Macross",
        "songName": "My Beautiful Place",
        "artist": "Mari Iijima",
        "type": "Insert Song",
        "correctCount": 23,
        "startTime": 19,
        "songDuration": 63.12,
        "songNumber": 54,
        "activePlayerCount": 239,
        "LinkVideo": "https://files.catbox.moe/56sloo.webm",
        "LinkMp3": "https://files.catbox.moe/jo11e4.mp3"
    },
    {
        "animeEng": "Grrl Power",
        "animeRomaji": "Makasete Iruka!",
        "songName": "Makasete Iruka!",
        "artist": "Ayaka Saitou, Yumi Higashino, Kaori Nazuka",
        "type": "Opening 1",
        "correctCount": 5,
        "startTime": 7,
        "songDuration": 65.184,
        "songNumber": 55,
        "activePlayerCount": 239,
        "LinkVideo": "https://files.catbox.moe/af9cl0.webm",
        "LinkMp3": "https://files.catbox.moe/ktx7jq.mp3",
        "correctPlayers": [
            "asleep",
            "oh95",
            "raisinmuffins",
            "watashiii",
            "remake"
        ]
    },
    {
        "animeEng": "The Idolm@ster SideM",
        "animeRomaji": "The Idolm@ster SideM",
        "songName": "VICTORY BELIEVER",
        "artist": "W",
        "type": "Insert Song",
        "correctCount": 23,
        "startTime": 59,
        "songDuration": 95.904,
        "songNumber": 56,
        "activePlayerCount": 238,
        "LinkVideo": "https://files.catbox.moe/msltva.webm",
        "LinkMp3": "https://files.catbox.moe/1wzqvo.mp3"
    },
    {
        "animeEng": "Dragon Ball: Yo! The Return of Son Goku and Friends!!",
        "animeRomaji": "Dragon Ball: Ossu! Kaette Kita Son Goku to Nakamatachi!!",
        "songName": "CHA-LA HEAD-CHA-LA",
        "artist": "Hironobu Kageyama",
        "type": "Opening 1",
        "correctCount": 230,
        "startTime": 67,
        "songDuration": 106.872,
        "songNumber": 57,
        "activePlayerCount": 238,
        "LinkVideo": "https://files.catbox.moe/399exj.webm",
        "LinkMp3": "https://files.catbox.moe/dsdjoz.mp3"
    },
    {
        "animeEng": "Spiritpact -Bond of the Underworld-",
        "animeRomaji": "Spiritpact: K\u014dsen no Chigiri",
        "songName": "Taion",
        "artist": "Shuta Sueyoshi",
        "type": "Opening 1",
        "correctCount": 8,
        "startTime": 17,
        "songDuration": 89.712,
        "songNumber": 58,
        "activePlayerCount": 239,
        "LinkVideo": "https://files.catbox.moe/t5m7l7.webm",
        "LinkMp3": "https://files.catbox.moe/fjldfz.mp3"
    },
    {
        "animeEng": "School Days: Valentine Days",
        "animeRomaji": "School Days: Valentine Days",
        "songName": "Innocent Blue",
        "artist": "DeviceHigh",
        "type": "Opening 1",
        "correctCount": 153,
        "startTime": 9,
        "songDuration": 89.568,
        "songNumber": 59,
        "activePlayerCount": 240,
        "LinkVideo": "https://files.catbox.moe/h2lx6t.webm",
        "LinkMp3": "https://files.catbox.moe/d3tyo1.mp3"
    },
    {
        "animeEng": "Fist of the North Star 2",
        "animeRomaji": "Hokuto no Ken 2",
        "songName": "Ai o Torimodose!!",
        "artist": "Crystal King",
        "type": "Insert Song",
        "correctCount": 144,
        "startTime": 19,
        "songDuration": 81.056566,
        "songNumber": 60,
        "activePlayerCount": 240,
        "LinkVideo": "https://files.catbox.moe/r4381p.webm",
        "LinkMp3": "https://files.catbox.moe/4n3eoh.mp3"
    },
    {
        "animeEng": "Magical Warfare",
        "animeRomaji": "Mah\u014d Sens\u014d",
        "songName": "Born to be",
        "artist": "nano",
        "type": "Ending 1",
        "correctCount": 66,
        "startTime": 51,
        "songDuration": 89.856,
        "songNumber": 61,
        "activePlayerCount": 240,
        "LinkVideo": "https://files.catbox.moe/oi3t2y.webm",
        "LinkMp3": "https://files.catbox.moe/ekm9h4.mp3"
    },
    {
        "animeEng": "Graduation",
        "animeRomaji": "Sotsugy\u014d: Graduation",
        "songName": "Sotsugy\u014d -Graduation-",
        "artist": "Aya Hisakawa, Hinako Kanamaru, Hiromi Tsuru, Junko Shimakata, Yumi Touma",
        "type": "Ending 1",
        "correctCount": 4,
        "startTime": 53,
        "songDuration": 112.656,
        "songNumber": 62,
        "activePlayerCount": 240,
        "LinkVideo": "https://files.catbox.moe/quz9t5.webm",
        "LinkMp3": "https://files.catbox.moe/8gx728.mp3",
        "correctPlayers": [
            "GGius",
            "watashiii",
            "ensorcell",
            "anstazz"
        ]
    },
    {
        "animeEng": "Prison School",
        "animeRomaji": "Prison School",
        "songName": "Tsumibukaki Oretachi no Sanka",
        "artist": "Kangoku Danshi",
        "type": "Ending 1",
        "correctCount": 88,
        "startTime": 44,
        "songDuration": 90.092469,
        "songNumber": 63,
        "activePlayerCount": 240,
        "LinkVideo": "https://files.catbox.moe/o6fzg2.webm",
        "LinkMp3": "https://files.catbox.moe/ovgt8l.mp3"
    },
    {
        "animeEng": "God Eater Resonantoka Gekij\u014d",
        "animeRomaji": "God Eater Resonantoka Gekij\u014d",
        "songName": "Singularity",
        "artist": "Itowokashi",
        "type": "Opening 1",
        "correctCount": 4,
        "startTime": 33,
        "songDuration": 88.224,
        "songNumber": 64,
        "activePlayerCount": 240,
        "LinkVideo": "https://files.catbox.moe/kk3k9a.webm",
        "LinkMp3": "https://files.catbox.moe/fsxg37.mp3",
        "correctPlayers": [
            "evergreen",
            "SuperstarPearl",
            "yahallonyanpasu",
            "remake"
        ]
    },
    {
        "animeEng": "Love Stage!!",
        "animeRomaji": "Love Stage!!",
        "songName": "L\u03a6VEST",
        "artist": "SCREEN mode",
        "type": "Opening 1",
        "correctCount": 100,
        "startTime": 33,
        "songDuration": 86.568,
        "songNumber": 65,
        "activePlayerCount": 240,
        "LinkVideo": "https://files.catbox.moe/5b0g02.webm",
        "LinkMp3": "https://files.catbox.moe/7pvivw.mp3"
    },
    {
        "animeEng": "ViVid Strike!",
        "animeRomaji": "ViVid Strike!",
        "songName": "Future Strike",
        "artist": "Yui Ogura",
        "type": "Opening 1",
        "correctCount": 54,
        "startTime": 40,
        "songDuration": 89.04,
        "songNumber": 66,
        "activePlayerCount": 239,
        "LinkVideo": "https://files.catbox.moe/mw5xd6.webm",
        "LinkMp3": "https://files.catbox.moe/uew7nb.mp3"
    },
    {
        "animeEng": "Anonymous Noise",
        "animeRomaji": "Fukumenkei Noise",
        "songName": "Allegro",
        "artist": "in NO hurry to shout;",
        "type": "Ending 1",
        "correctCount": 52,
        "startTime": 51,
        "songDuration": 89.376,
        "songNumber": 67,
        "activePlayerCount": 239,
        "LinkVideo": "https://files.catbox.moe/ux4i05.webm",
        "LinkMp3": "https://files.catbox.moe/54bt0t.mp3"
    },
    {
        "animeEng": "Code Geass: Lelouch of the Rebellion Remake Movies",
        "animeRomaji": "Code Geass: Hangyaku no Lelouch Remake Movies",
        "songName": "Boku wa, Tori ni Naru.",
        "artist": "Hitomi",
        "type": "Insert Song",
        "correctCount": 89,
        "startTime": 49,
        "songDuration": 178.704,
        "songNumber": 68,
        "activePlayerCount": 239,
        "LinkVideo": "https://files.catbox.moe/oyqqca.webm",
        "LinkMp3": "https://files.catbox.moe/55g0rd.mp3"
    },
    {
        "animeEng": "Force Five: Spaceketeers",
        "animeRomaji": "Science Fiction Saiyuki Starzinger",
        "songName": "Bokura no Starzinger",
        "artist": "Isao Sasaki & Columbia Yurika Gokai",
        "type": "Opening 3",
        "correctCount": 13,
        "startTime": 24,
        "songDuration": 67.296,
        "songNumber": 69,
        "activePlayerCount": 239,
        "LinkVideo": "https://files.catbox.moe/kfr4fg.webm",
        "LinkMp3": "https://files.catbox.moe/az9aim.mp3"
    },
    {
        "animeEng": "Magical Girl Ore",
        "animeRomaji": "Mah\u014d Sh\u014djo Ore",
        "songName": "NOISY LOVE POWER\u2606",
        "artist": "Ayaka Ohashi",
        "type": "Opening 1",
        "correctCount": 55,
        "startTime": 31,
        "songDuration": 89.04,
        "songNumber": 70,
        "activePlayerCount": 239,
        "LinkVideo": "https://files.catbox.moe/vo4nhl.webm",
        "LinkMp3": "https://files.catbox.moe/ew52ts.mp3"
    },
    {
        "animeEng": "K-ON!",
        "animeRomaji": "K-ON!",
        "songName": "Cagayake! GIRLS",
        "artist": "Sakurakou K-On-bu",
        "type": "Opening 1",
        "correctCount": 208,
        "startTime": 54,
        "songDuration": 89.064,
        "songNumber": 71,
        "activePlayerCount": 239,
        "LinkVideo": "https://files.catbox.moe/ugu8wv.webm",
        "LinkMp3": "https://files.catbox.moe/945c88.mp3"
    },
    {
        "animeEng": "Long Riders!",
        "animeRomaji": "Long Riders!",
        "songName": "Kimi to",
        "artist": "Ray",
        "type": "Insert Song",
        "correctCount": 6,
        "startTime": 6,
        "songDuration": 104.383512,
        "songNumber": 72,
        "activePlayerCount": 239,
        "LinkVideo": "https://files.catbox.moe/5r77zo.webm",
        "LinkMp3": "https://files.catbox.moe/rwrmwp.mp3"
    },
    {
        "animeEng": "Mobile Suit Gundam Seed",
        "animeRomaji": "Kid\u014d Senshi Gundam Seed",
        "songName": "Realize",
        "artist": "Nami Tamaki",
        "type": "Opening 4",
        "correctCount": 52,
        "startTime": 22,
        "songDuration": 96.048,
        "songNumber": 73,
        "activePlayerCount": 239,
        "LinkVideo": "https://files.catbox.moe/dn9f6p.webm",
        "LinkMp3": "https://files.catbox.moe/6gm6si.mp3"
    },
    {
        "animeEng": "Eiga Suite Precure: Torimodose! Kokoro ga Tsunagu Kiseki no Melody",
        "animeRomaji": "Eiga Suite Precure: Torimodose! Kokoro ga Tsunagu Kiseki no Melody",
        "songName": "Kokoro no Uta",
        "artist": "Remi",
        "type": "Ending 1",
        "correctCount": 3,
        "startTime": 57,
        "songDuration": 121.776,
        "songNumber": 74,
        "activePlayerCount": 239,
        "LinkVideo": "https://files.catbox.moe/w6sz83.webm",
        "LinkMp3": "https://files.catbox.moe/817xbm.mp3",
        "correctPlayers": [
            "ericispog",
            "SkyVortex",
            "Sniparook"
        ]
    },
    {
        "animeEng": "Bokura ga Ita",
        "animeRomaji": "Bokura ga Ita",
        "songName": "Kimi dake o\u2026",
        "artist": "Mi",
        "type": "Opening 1",
        "correctCount": 32,
        "startTime": 25,
        "songDuration": 87.456,
        "songNumber": 75,
        "activePlayerCount": 239,
        "LinkVideo": "https://files.catbox.moe/mmyoyi.webm",
        "LinkMp3": "https://files.catbox.moe/kigc0i.mp3"
    }
]