[
    {
        "animeEng": "Happy\u2606Lesson The Final",
        "animeRomaji": "Happy\u2606Lesson The Final",
        "songName": "Hikari Hitotsu Hirari",
        "artist": "Sleepin' JohnnyFish",
        "type": "Opening 1",
        "correctCount": 8,
        "startTime": 9,
        "songDuration": 93.168,
        "songNumber": 1,
        "activePlayerCount": 291,
        "LinkVideo": "https://files.catbox.moe/66pmsq.webm",
        "LinkMp3": "https://files.catbox.moe/mo33le.mp3"
    },
    {
        "animeEng": "Guilty Crown: Lost Christmas",
        "animeRomaji": "Guilty Crown: Lost Christmas",
        "songName": "Planetes",
        "artist": "EGOIST",
        "type": "Ending 1",
        "correctCount": 37,
        "startTime": 20,
        "songDuration": 172.608,
        "songNumber": 2,
        "activePlayerCount": 289,
        "LinkVideo": "https://files.catbox.moe/e0trwk.webm",
        "LinkMp3": "https://files.catbox.moe/qtck64.mp3"
    },
    {
        "animeEng": "Katte ni Kaiz\u014d",
        "animeRomaji": "Katte ni Kaiz\u014d",
        "songName": "Katte ni Kaizou Shitemo Iize",
        "artist": "Ichirou Mizuki to Tokusatsu",
        "type": "Opening 1",
        "correctCount": 24,
        "startTime": 28,
        "songDuration": 95.256,
        "songNumber": 3,
        "activePlayerCount": 289,
        "LinkVideo": "https://files.catbox.moe/15ms2l.webm",
        "LinkMp3": "https://files.catbox.moe/xnc3bo.mp3"
    },
    {
        "animeEng": "Cardfight!! Vanguard",
        "animeRomaji": "Cardfight!! Vanguard",
        "songName": "UNSTOPPABLE",
        "artist": "RAISE A SUILEN",
        "type": "Ending 4",
        "correctCount": 7,
        "startTime": 23,
        "songDuration": 88.128,
        "songNumber": 4,
        "activePlayerCount": 289,
        "LinkVideo": "https://files.catbox.moe/ba1gqn.webm",
        "LinkMp3": "https://files.catbox.moe/uokkx0.mp3"
    },
    {
        "animeEng": "Saint Seiya: The Heated Battle of the Gods",
        "animeRomaji": "Saint Seiya: Kamigami no Atsuki Tatakai",
        "songName": "Pegasus Fantasy",
        "artist": "MAKE-UP",
        "type": "Opening 1",
        "correctCount": 241,
        "startTime": 30,
        "songDuration": 82.944,
        "songNumber": 5,
        "activePlayerCount": 289,
        "LinkVideo": "https://files.catbox.moe/w7t8yo.webm",
        "LinkMp3": "https://files.catbox.moe/pqfrcp.mp3"
    },
    {
        "animeEng": "Great Pretender",
        "animeRomaji": "Great Pretender",
        "songName": "G.P.",
        "artist": "Yutaka Yamada",
        "type": "Opening 1",
        "correctCount": 141,
        "startTime": 28,
        "songDuration": 63.936,
        "songNumber": 6,
        "activePlayerCount": 288,
        "LinkVideo": "https://files.catbox.moe/z9hw89.webm",
        "LinkMp3": "https://files.catbox.moe/j433hj.mp3"
    },
    {
        "animeEng": "Deadman Wonderland",
        "animeRomaji": "Deadman Wonderland",
        "songName": "One Reason",
        "artist": "DWB feat. fade",
        "type": "Opening 1",
        "correctCount": 223,
        "startTime": 22,
        "songDuration": 89.712,
        "songNumber": 7,
        "activePlayerCount": 288,
        "LinkVideo": "https://files.catbox.moe/ooe835.webm",
        "LinkMp3": "https://files.catbox.moe/5hz692.mp3"
    },
    {
        "animeEng": "Manga de Wakaru! Fate/Grand Order",
        "animeRomaji": "Manga de Wakaru! Fate/Grand Order",
        "songName": "Mawaseba Wakaru! FGO",
        "artist": "Tomoko Kaneda",
        "type": "Opening 1",
        "correctCount": 135,
        "startTime": 0,
        "songDuration": 28.44,
        "songNumber": 8,
        "activePlayerCount": 286,
        "LinkVideo": "https://files.catbox.moe/dh9unv.webm",
        "LinkMp3": "https://files.catbox.moe/tqoytk.mp3"
    },
    {
        "animeEng": "Food Wars! The Second Plate",
        "animeRomaji": "Shokugeki no S\u014dma: Ni no Sara",
        "songName": "Snow Drop",
        "artist": "nano.RIPE",
        "type": "Ending 1",
        "correctCount": 108,
        "startTime": 11,
        "songDuration": 87.024,
        "songNumber": 9,
        "activePlayerCount": 285,
        "LinkVideo": "https://files.catbox.moe/otayyf.webm",
        "LinkMp3": "https://files.catbox.moe/gw7a6j.mp3"
    },
    {
        "animeEng": "Pupip\u014d!",
        "animeRomaji": "Pupip\u014d!",
        "songName": "A-chan/Papa M5-3-A",
        "artist": "Hideharu Mori",
        "type": "Ending 4",
        "correctCount": 2,
        "startTime": 0,
        "songDuration": 28.824,
        "songNumber": 10,
        "activePlayerCount": 283,
        "LinkVideo": "https://files.catbox.moe/rgf6g4.webm",
        "LinkMp3": "https://files.catbox.moe/gt8ihe.mp3",
        "correctPlayers": [
            "Hooman",
            "Catisam"
        ]
    },
    {
        "animeEng": "Gegege no Kitar\u014d",
        "animeRomaji": "Gegege no Kitar\u014d",
        "songName": "Ushimitsu Jamboree",
        "artist": "Stardust\u2606Revue",
        "type": "Ending 6",
        "correctCount": 31,
        "startTime": 23,
        "songDuration": 59.04,
        "songNumber": 11,
        "activePlayerCount": 283,
        "LinkVideo": "https://files.catbox.moe/pl0b7c.webm",
        "LinkMp3": "https://files.catbox.moe/pgvain.mp3"
    },
    {
        "animeEng": "Kiznaiver",
        "animeRomaji": "Kiznaiver",
        "songName": "LAY YOUR HANDS ON ME",
        "artist": "BOOM BOOM SATELLITES",
        "type": "Opening 1",
        "correctCount": 234,
        "startTime": 37,
        "songDuration": 89.965688,
        "songNumber": 12,
        "activePlayerCount": 283,
        "LinkVideo": "https://files.catbox.moe/y9vdhg.webm",
        "LinkMp3": "https://files.catbox.moe/ebpr7u.mp3"
    },
    {
        "animeEng": "I Can't Understand What My Husband is Saying: 2nd Thread",
        "animeRomaji": "Danna ga Nani o Itteiru ka Wakaranai Ken 2-sure-me",
        "songName": "Yuruganu Futari ~Ai no Sanka~",
        "artist": "Kenichi Suzumura & Yukari Tamura",
        "type": "Ending 1",
        "correctCount": 81,
        "startTime": 0,
        "songDuration": 31.992,
        "songNumber": 13,
        "activePlayerCount": 280,
        "LinkVideo": "https://files.catbox.moe/jpzosf.webm",
        "LinkMp3": "https://files.catbox.moe/o7pn8e.mp3"
    },
    {
        "animeEng": "Don't Leave Me Alone, Daisy",
        "animeRomaji": "Misutenaide Daisy",
        "songName": "Girl Friend ~Boku no Ky\u014dhansha~",
        "artist": "SIDE-ONE",
        "type": "Opening 1",
        "correctCount": 8,
        "startTime": 39,
        "songDuration": 88.656,
        "songNumber": 14,
        "activePlayerCount": 277,
        "LinkVideo": "https://files.catbox.moe/fncp0t.webm",
        "LinkMp3": "https://files.catbox.moe/iruuar.mp3"
    },
    {
        "animeEng": "Jinzo Konchu Kabuto Borg VxV",
        "animeRomaji": "Jinzo Konchu Kabuto Borg VxV",
        "songName": "Beetle Power!",
        "artist": "Pinky Piglets",
        "type": "Opening 1",
        "correctCount": 3,
        "startTime": 10,
        "songDuration": 89.328,
        "songNumber": 15,
        "activePlayerCount": 277,
        "LinkVideo": "https://files.catbox.moe/5fud0w.webm",
        "LinkMp3": "https://files.catbox.moe/vj9vra.mp3",
        "correctPlayers": [
            "klusty",
            "watashiii",
            "Hakemon"
        ]
    },
    {
        "animeEng": "Genesis Climber Mospeada",
        "animeRomaji": "Kiko Soseiki Mospeada",
        "songName": "Go Together",
        "artist": "Mine Matsuki",
        "type": "Insert Song",
        "correctCount": 1,
        "startTime": 41,
        "songDuration": 98.089796,
        "songNumber": 16,
        "activePlayerCount": 278,
        "LinkVideo": "https://files.catbox.moe/ma9ws2.webm",
        "LinkMp3": "https://files.catbox.moe/hnijgi.mp3",
        "correctPlayers": [
            "Hazesleet"
        ]
    },
    {
        "animeEng": "Tactical Roar",
        "animeRomaji": "Tactical Roar",
        "songName": "Monochrome",
        "artist": "Mai Nakahara",
        "type": "Ending 1",
        "correctCount": 2,
        "startTime": 23,
        "songDuration": 87.96,
        "songNumber": 17,
        "activePlayerCount": 278,
        "LinkVideo": "https://files.catbox.moe/cb46io.webm",
        "LinkMp3": "https://files.catbox.moe/k87num.mp3",
        "correctPlayers": [
            "watashiii",
            "Hakemon"
        ]
    },
    {
        "animeEng": "ERASED",
        "animeRomaji": "Boku dake ga Inai Machi",
        "songName": "Re:Re:",
        "artist": "ASIAN KUNG-FU GENERATION",
        "type": "Opening 1",
        "correctCount": 253,
        "startTime": 5,
        "songDuration": 88.968,
        "songNumber": 18,
        "activePlayerCount": 279,
        "LinkVideo": "https://files.catbox.moe/gury3c.webm",
        "LinkMp3": "https://files.catbox.moe/zoq0ul.mp3"
    },
    {
        "animeEng": "Blue Comet SPT Layzner",
        "animeRomaji": "Aoki Ry\u016bsei SPT Layzner",
        "songName": "Melos no You ni -LONELY WAY-",
        "artist": "AIRMAIL from NAGASAKI",
        "type": "Opening 1",
        "correctCount": 27,
        "startTime": 5,
        "songDuration": 97.272,
        "songNumber": 19,
        "activePlayerCount": 279,
        "LinkVideo": "https://files.catbox.moe/85zx2b.webm",
        "LinkMp3": "https://files.catbox.moe/lpz081.mp3"
    },
    {
        "animeEng": "Mobile Suit Gundam 0080: War in the Pocket",
        "animeRomaji": "Kid\u014d Senshi Gundam 0080: Pocket no Naka no Sens\u014d",
        "songName": "Itsuka Sora ni Todoite",
        "artist": "Megumi Shiina",
        "type": "Opening 1",
        "correctCount": 36,
        "startTime": 39,
        "songDuration": 100.488,
        "songNumber": 20,
        "activePlayerCount": 279,
        "LinkVideo": "https://files.catbox.moe/hva6fj.webm",
        "LinkMp3": "https://files.catbox.moe/u3y2mq.mp3"
    },
    {
        "animeEng": "Beelzebub",
        "animeRomaji": "Beelzebub",
        "songName": "Answer",
        "artist": "no3b",
        "type": "Ending 1",
        "correctCount": 18,
        "startTime": 12,
        "songDuration": 89.136,
        "songNumber": 21,
        "activePlayerCount": 278,
        "LinkVideo": "https://files.catbox.moe/evdbub.webm",
        "LinkMp3": "https://files.catbox.moe/88g657.mp3"
    },
    {
        "animeEng": "Ch\u014d Gekij\u014dban Keroro Guns\u014d 2: Shinkai no Princess de Arimasu!",
        "animeRomaji": "Ch\u014d Gekij\u014dban Keroro Guns\u014d 2: Shinkai no Princess de Arimasu!",
        "songName": "KERO'T MARCH~Soramimin Gurishuu de arimasu!",
        "artist": "Nobuaki Kakuda",
        "type": "Opening 1",
        "correctCount": 21,
        "startTime": 77,
        "songDuration": 136.306939,
        "songNumber": 22,
        "activePlayerCount": 278,
        "LinkVideo": "https://files.catbox.moe/p00yzh.webm",
        "LinkMp3": "https://files.catbox.moe/f9hl5b.mp3"
    },
    {
        "animeEng": "Dai - Shogun - Great Revolution",
        "animeRomaji": "F\u016bun Ishin Dai Shogun",
        "songName": "Tamashii RISES",
        "artist": "Kyoco",
        "type": "Opening 1",
        "correctCount": 5,
        "startTime": 53,
        "songDuration": 87.144,
        "songNumber": 23,
        "activePlayerCount": 279,
        "LinkVideo": "https://files.catbox.moe/282r12.webm",
        "LinkMp3": "https://files.catbox.moe/v84h0h.mp3",
        "correctPlayers": [
            "Heyko",
            "klusty",
            "Chimera",
            "watashiii",
            "Hakemon"
        ]
    },
    {
        "animeEng": "The Gymnastics Samurai",
        "animeRomaji": "Taiso Samurai",
        "songName": "Shanghai Honey",
        "artist": "Daisuke Namikawa, Kensho Ono, Yuki Kaji",
        "type": "Opening 1",
        "correctCount": 64,
        "startTime": 8,
        "songDuration": 88.464,
        "songNumber": 24,
        "activePlayerCount": 279,
        "LinkVideo": "https://files.catbox.moe/0ujmrz.webm",
        "LinkMp3": "https://files.catbox.moe/vodox0.mp3"
    },
    {
        "animeEng": "B: The Beginning",
        "animeRomaji": "B: The Beginning",
        "songName": "The Perfect World",
        "artist": "Marty Friedman feat. Jean-Ken Johnny, KenKen",
        "type": "Ending 1",
        "correctCount": 99,
        "startTime": 75,
        "songDuration": 110.053875,
        "songNumber": 25,
        "activePlayerCount": 278,
        "LinkVideo": "https://files.catbox.moe/54wod0.webm",
        "LinkMp3": "https://files.catbox.moe/8uje2j.mp3"
    },
    {
        "animeEng": "Ai-Mai-Mi",
        "animeRomaji": "Ai Mai Mi",
        "songName": "Girigiri Saiky\u014d Ai Mai Mii!",
        "artist": "Aya Uchida, Maaya Uchida, Yuka \u014ctsubo",
        "type": "Ending 1",
        "correctCount": 37,
        "startTime": 0,
        "songDuration": 27.816,
        "songNumber": 26,
        "activePlayerCount": 278,
        "LinkVideo": "https://files.catbox.moe/pbdz2j.webm",
        "LinkMp3": "https://files.catbox.moe/fklr9m.mp3"
    },
    {
        "animeEng": "Kuromajo-san ga T\u014dru!!",
        "animeRomaji": "Kuromajo-san ga T\u014dru!!",
        "songName": "Doki Doki Shichau no Oh yeah!",
        "artist": "Ayumu Shinga",
        "type": "Opening 1",
        "correctCount": 63,
        "startTime": 0,
        "songDuration": 28.44,
        "songNumber": 27,
        "activePlayerCount": 278,
        "LinkVideo": "https://files.catbox.moe/79enh0.webm",
        "LinkMp3": "https://files.catbox.moe/dpecuu.mp3"
    },
    {
        "animeEng": "BOFURI: I Don\u2019t Want to Get Hurt, so I\u2019ll Max Out My Defense.",
        "animeRomaji": "Itai no wa Iya nano de B\u014dgyoryoku ni Kyokufuri Shitai to Omoimasu.",
        "songName": "Good Night",
        "artist": "Rico Sasaki",
        "type": "Insert Song",
        "correctCount": 125,
        "startTime": 9,
        "songDuration": 47.16,
        "songNumber": 28,
        "activePlayerCount": 277,
        "LinkVideo": "https://files.catbox.moe/5xzv7g.webm",
        "LinkMp3": "https://files.catbox.moe/mn9hbe.mp3"
    },
    {
        "animeEng": "Dragon Ball Z Kai",
        "animeRomaji": "Dragon Ball Kai",
        "songName": "CHA-LA HEAD-CHA-LA (English Version)",
        "artist": "FLOW",
        "type": "Insert Song",
        "correctCount": 93,
        "startTime": 51,
        "songDuration": 193.08,
        "songNumber": 29,
        "activePlayerCount": 276,
        "LinkVideo": "https://files.catbox.moe/8mjpd6.webm",
        "LinkMp3": "https://files.catbox.moe/h4a7hz.mp3"
    },
    {
        "animeEng": "K: Seven Stories - The Idol K",
        "animeRomaji": "K: Seven Stories - The Idol K",
        "songName": "Kiss! Kiss! Kiss!",
        "artist": "Daisuke Namikawa, Daisuke Ono, Kazuyuki Okitsu, Masakazu Morita, Jun Fukuyama, Mamoru Miyano",
        "type": "Ending 1",
        "correctCount": 6,
        "startTime": 28,
        "songDuration": 88.344,
        "songNumber": 30,
        "activePlayerCount": 277,
        "LinkVideo": "https://files.catbox.moe/1e5k0o.webm",
        "LinkMp3": "https://files.catbox.moe/iq5bap.mp3"
    },
    {
        "animeEng": "City Hunter",
        "animeRomaji": "City Hunter",
        "songName": "Go Go Heaven",
        "artist": "Toshiyuki Ohsawa",
        "type": "Opening 2",
        "correctCount": 72,
        "startTime": 18,
        "songDuration": 88.392,
        "songNumber": 31,
        "activePlayerCount": 276,
        "LinkVideo": "https://files.catbox.moe/x4eulm.webm",
        "LinkMp3": "https://files.catbox.moe/fm4ejy.mp3"
    },
    {
        "animeEng": "Gintama'",
        "animeRomaji": "Gintama'",
        "songName": "Sakura Mitsutsuki",
        "artist": "SPYAIR",
        "type": "Opening 2",
        "correctCount": 109,
        "startTime": 47,
        "songDuration": 90.096327,
        "songNumber": 32,
        "activePlayerCount": 276,
        "LinkVideo": "https://files.catbox.moe/syi9ln.webm",
        "LinkMp3": "https://files.catbox.moe/91gqjg.mp3"
    },
    {
        "animeEng": "Tokimeki Tonight",
        "animeRomaji": "Tokimeki Tonight",
        "songName": "Tokimeki Tonight",
        "artist": "Harumi Kamo",
        "type": "Opening 1",
        "correctCount": 19,
        "startTime": 9,
        "songDuration": 76.277551,
        "songNumber": 33,
        "activePlayerCount": 276,
        "LinkVideo": "https://files.catbox.moe/g7mrzv.webm",
        "LinkMp3": "https://files.catbox.moe/65yddf.mp3"
    },
    {
        "animeEng": "Pan de Peace!",
        "animeRomaji": "Pan de Peace!",
        "songName": "Seishun wa Tabemono desu",
        "artist": "petit milady",
        "type": "Opening 1",
        "correctCount": 101,
        "startTime": 0,
        "songDuration": 28.92,
        "songNumber": 34,
        "activePlayerCount": 275,
        "LinkVideo": "https://files.catbox.moe/sticfr.webm",
        "LinkMp3": "https://files.catbox.moe/19plv3.mp3"
    },
    {
        "animeEng": "Crayon Shin-chan: Unkokusai no Yab\u014d",
        "animeRomaji": "Crayon Shin-chan: Unkokusai no Yab\u014d",
        "songName": "Ora wa Ninkimono",
        "artist": "Akiko Yajima",
        "type": "Opening 1",
        "correctCount": 238,
        "startTime": 7,
        "songDuration": 62.496,
        "songNumber": 35,
        "activePlayerCount": 275,
        "LinkVideo": "https://files.catbox.moe/cr0oxo.webm",
        "LinkMp3": "https://files.catbox.moe/ybif6y.mp3"
    },
    {
        "animeEng": "Seven of Seven",
        "animeRomaji": "Shichinin no Nana",
        "songName": "Birdie, birdie",
        "artist": "Nana Mizuki",
        "type": "Ending 1",
        "correctCount": 5,
        "startTime": 3,
        "songDuration": 58.848,
        "songNumber": 36,
        "activePlayerCount": 272,
        "LinkVideo": "https://files.catbox.moe/ekg1b3.webm",
        "LinkMp3": "https://files.catbox.moe/vk93t9.mp3",
        "correctPlayers": [
            "SpearMKW",
            "Heyko",
            "klusty",
            "Rejax",
            "watashiii"
        ]
    },
    {
        "animeEng": "Digimon Adventure tri. Chapter 6: Our Future",
        "animeRomaji": "Digimon Adventure tri. Bokura no Mirai",
        "songName": "Butter-Fly~tri.Version~",
        "artist": "Erabareshi Kodomo-tachi, Digimon Sinkers, Ayumi Miyazaki, AiM with Kouji Wada",
        "type": "Ending 1",
        "correctCount": 36,
        "startTime": 19,
        "songDuration": 250.32,
        "songNumber": 37,
        "activePlayerCount": 274,
        "LinkVideo": "https://files.catbox.moe/l7jl7v.webm",
        "LinkMp3": "https://files.catbox.moe/zk57g4.mp3"
    },
    {
        "animeEng": "91 Days",
        "animeRomaji": "91 Days",
        "songName": "Rain or Shine",
        "artist": "ELISA",
        "type": "Ending 1",
        "correctCount": 119,
        "startTime": 47,
        "songDuration": 86.784,
        "songNumber": 38,
        "activePlayerCount": 275,
        "LinkVideo": "https://files.catbox.moe/k9zp4c.webm",
        "LinkMp3": "https://files.catbox.moe/o5s6gc.mp3"
    },
    {
        "animeEng": "Noragami Aragoto",
        "animeRomaji": "Noragami Aragoto",
        "songName": "Ky\u014dran Hey Kids!!",
        "artist": "THE ORAL CIGARETTES",
        "type": "Opening 1",
        "correctCount": 241,
        "startTime": 38,
        "songDuration": 90.096,
        "songNumber": 39,
        "activePlayerCount": 275,
        "LinkVideo": "https://files.catbox.moe/dlvkgy.webm",
        "LinkMp3": "https://files.catbox.moe/z0hzhp.mp3"
    },
    {
        "animeEng": "SKET Dance",
        "animeRomaji": "SKET Dance",
        "songName": "Colors",
        "artist": "The Sketchbook",
        "type": "Ending 9",
        "correctCount": 22,
        "startTime": 33,
        "songDuration": 88.896,
        "songNumber": 40,
        "activePlayerCount": 273,
        "LinkVideo": "https://files.catbox.moe/n1prth.webm",
        "LinkMp3": "https://files.catbox.moe/w55e0w.mp3"
    },
    {
        "animeEng": "Food Wars! The Fifth Plate",
        "animeRomaji": "Shokugeki no S\u014dma: G\u014d no Sara",
        "songName": "Last Chapter",
        "artist": "nano.RIPE",
        "type": "Opening 1",
        "correctCount": 127,
        "startTime": 35,
        "songDuration": 88.8,
        "songNumber": 41,
        "activePlayerCount": 275,
        "LinkVideo": "https://files.catbox.moe/8r6l6k.webm",
        "LinkMp3": "https://files.catbox.moe/0srkrs.mp3"
    },
    {
        "animeEng": "Hacka Doll the Animation",
        "animeRomaji": "Hacka Doll the Animation",
        "songName": "Touch Tap Baby",
        "artist": "Kaya Okuno, Miyu Takagi, Nanami Yamashita",
        "type": "Opening 1",
        "correctCount": 25,
        "startTime": 42,
        "songDuration": 88.68,
        "songNumber": 42,
        "activePlayerCount": 274,
        "LinkVideo": "https://files.catbox.moe/2mhg3j.webm",
        "LinkMp3": "https://files.catbox.moe/4nz6yj.mp3"
    },
    {
        "animeEng": "RS Project",
        "animeRomaji": "RS Keikaku -Rebirth Storage-",
        "songName": "Crush",
        "artist": "Pendulum",
        "type": "Ending 1",
        "correctCount": 32,
        "startTime": 48,
        "songDuration": 103.728,
        "songNumber": 43,
        "activePlayerCount": 274,
        "LinkVideo": "https://files.catbox.moe/0lai9s.webm",
        "LinkMp3": "https://files.catbox.moe/t2qbcv.mp3"
    },
    {
        "animeEng": "Free! -Take Your Marks-",
        "animeRomaji": "Tokubetsuban Free! -Take Your Marks-",
        "songName": "FREE-STYLE SPIRIT",
        "artist": "STYLE FIVE",
        "type": "Opening 1",
        "correctCount": 17,
        "startTime": 36,
        "songDuration": 86.256,
        "songNumber": 44,
        "activePlayerCount": 274,
        "LinkVideo": "https://files.catbox.moe/i5lxz0.webm",
        "LinkMp3": "https://files.catbox.moe/lagwtc.mp3"
    },
    {
        "animeEng": "Angelic Layer",
        "animeRomaji": "Kid\u014d Tenshi Angelic Layer",
        "songName": "Tenshi ni Narenai!",
        "artist": "Kana Ueda",
        "type": "Insert Song",
        "correctCount": 2,
        "startTime": 21,
        "songDuration": 63.582041,
        "songNumber": 45,
        "activePlayerCount": 274,
        "LinkVideo": "https://files.catbox.moe/1yc9kj.webm",
        "LinkMp3": "https://files.catbox.moe/h1e5uo.mp3",
        "correctPlayers": [
            "Hakemon",
            "Diopatra"
        ]
    },
    {
        "animeEng": "Anime Tench\u014d",
        "animeRomaji": "Anime Tench\u014d",
        "songName": "Anime Tench\u014d",
        "artist": "Tomokazu Seki",
        "type": "Opening 1",
        "correctCount": 16,
        "startTime": 3,
        "songDuration": 38.712,
        "songNumber": 46,
        "activePlayerCount": 274,
        "LinkVideo": "https://files.catbox.moe/iwrao9.webm",
        "LinkMp3": "https://files.catbox.moe/5rzojq.mp3"
    },
    {
        "animeEng": "Military!",
        "animeRomaji": "Military!",
        "songName": "Militarism! Microgun ver,",
        "artist": "Inori Minase",
        "type": "Ending 3",
        "correctCount": 32,
        "startTime": 0,
        "songDuration": 29.928,
        "songNumber": 47,
        "activePlayerCount": 274,
        "LinkVideo": "https://files.catbox.moe/emeeev.webm",
        "LinkMp3": "https://files.catbox.moe/r6q8ms.mp3"
    },
    {
        "animeEng": "Snow White with the Red Hair",
        "animeRomaji": "Akagami no Shirayuki-hime",
        "songName": "Yasashii Kib\u014d",
        "artist": "Saori Hayami",
        "type": "Opening 1",
        "correctCount": 139,
        "startTime": 20,
        "songDuration": 89.806625,
        "songNumber": 48,
        "activePlayerCount": 274,
        "LinkVideo": "https://files.catbox.moe/p4859c.webm",
        "LinkMp3": "https://files.catbox.moe/addvcq.mp3"
    },
    {
        "animeEng": "Pretty Rhythm All Star Selection: Prism Show Best Ten",
        "animeRomaji": "Pretty Rhythm All Star Selection: Prism Show Best Ten",
        "songName": "Rosette Nebula",
        "artist": "Bell Rose",
        "type": "Insert Song",
        "correctCount": 3,
        "startTime": 83,
        "songDuration": 145.512,
        "songNumber": 49,
        "activePlayerCount": 273,
        "LinkVideo": "https://files.catbox.moe/r6vhxl.webm",
        "LinkMp3": "https://files.catbox.moe/us0do0.mp3",
        "correctPlayers": [
            "yuusha_fuyuno",
            "esteban9876",
            "sukisho"
        ]
    },
    {
        "animeEng": "Hortensia Saga",
        "animeRomaji": "Hortensia Saga",
        "songName": "Yas\u014d to Hakuch\u016bmu",
        "artist": "Mafumafu",
        "type": "Ending 1",
        "correctCount": 35,
        "startTime": 27,
        "songDuration": 86.664,
        "songNumber": 50,
        "activePlayerCount": 272,
        "LinkVideo": "https://files.catbox.moe/m4u1ei.webm",
        "LinkMp3": "https://files.catbox.moe/mknbch.mp3"
    },
    {
        "animeEng": "Buddy Complex",
        "animeRomaji": "Buddy Complex",
        "songName": "Ano Sora ni Kaeru Mirai de",
        "artist": "ChouCho",
        "type": "Ending 1",
        "correctCount": 15,
        "startTime": 8,
        "songDuration": 87.327347,
        "songNumber": 51,
        "activePlayerCount": 272,
        "LinkVideo": "https://files.catbox.moe/dszaus.webm",
        "LinkMp3": "https://files.catbox.moe/hlvbmh.mp3"
    },
    {
        "animeEng": "Once Upon a Time",
        "animeRomaji": "D\u014dwa Meita Senshi Windaria",
        "songName": "Yakusoku",
        "artist": "Akino Arai",
        "type": "Insert Song",
        "correctCount": 13,
        "startTime": 78,
        "songDuration": 122.618776,
        "songNumber": 52,
        "activePlayerCount": 272,
        "LinkVideo": "https://files.catbox.moe/mccdl7.webm",
        "LinkMp3": "https://files.catbox.moe/3rt4f2.mp3"
    },
    {
        "animeEng": "My Bride is a Mermaid",
        "animeRomaji": "Seto no Hanayome",
        "songName": "Namida Ichirin",
        "artist": "Makiko Nabei",
        "type": "Insert Song",
        "correctCount": 6,
        "startTime": 39,
        "songDuration": 78.624,
        "songNumber": 53,
        "activePlayerCount": 272,
        "LinkVideo": "https://files.catbox.moe/fulrae.webm",
        "LinkMp3": "https://files.catbox.moe/dmtxlg.mp3"
    },
    {
        "animeEng": "Hinomaru Sumo",
        "animeRomaji": "Hinomaru Zum\u014d",
        "songName": "Be the NAKED",
        "artist": "Lead",
        "type": "Opening 2",
        "correctCount": 42,
        "startTime": 20,
        "songDuration": 87.928163,
        "songNumber": 54,
        "activePlayerCount": 272,
        "LinkVideo": "https://files.catbox.moe/dnaunn.webm",
        "LinkMp3": "https://files.catbox.moe/fxtmb3.mp3"
    },
    {
        "animeEng": "High School DxD New",
        "animeRomaji": "High School DxD New",
        "songName": "Sympathy",
        "artist": "Larval Stage Planning",
        "type": "Opening 1",
        "correctCount": 104,
        "startTime": 29,
        "songDuration": 88.032,
        "songNumber": 55,
        "activePlayerCount": 271,
        "LinkVideo": "https://files.catbox.moe/ui07s5.webm",
        "LinkMp3": "https://files.catbox.moe/163p1j.mp3"
    },
    {
        "animeEng": "PriPara",
        "animeRomaji": "PriPara",
        "songName": "Panic Labyrinth",
        "artist": "Reina Ueda",
        "type": "Insert Song",
        "correctCount": 40,
        "startTime": 29,
        "songDuration": 125.4,
        "songNumber": 56,
        "activePlayerCount": 272,
        "LinkVideo": "https://files.catbox.moe/tuya6n.webm",
        "LinkMp3": "https://files.catbox.moe/k2hcnx.mp3"
    },
    {
        "animeEng": "Mazinger Z tai Ankoku Daish\u014dgun",
        "animeRomaji": "Mazinger Z tai Ankoku Daish\u014dgun",
        "songName": "Soratobu Mazinger Z",
        "artist": "Ichiro Mizuki & Columbia Yurikago-Kai",
        "type": "Opening 1",
        "correctCount": 159,
        "startTime": 50,
        "songDuration": 92.04,
        "songNumber": 57,
        "activePlayerCount": 271,
        "LinkVideo": "https://files.catbox.moe/l4gtyk.webm",
        "LinkMp3": "https://files.catbox.moe/s5eva0.mp3"
    },
    {
        "animeEng": "Inazuma Eleven GO: Galaxy",
        "animeRomaji": "Inazuma Eleven GO: Galaxy",
        "songName": "Supernova!",
        "artist": "T-Pistonz+KMC",
        "type": "Opening 3",
        "correctCount": 73,
        "startTime": 8,
        "songDuration": 84.166531,
        "songNumber": 58,
        "activePlayerCount": 272,
        "LinkVideo": "https://files.catbox.moe/xgba9h.webm",
        "LinkMp3": "https://files.catbox.moe/80kbcb.mp3"
    },
    {
        "animeEng": "Stigma of the Wind",
        "animeRomaji": "Kaze no Stigma",
        "songName": "blast of wind",
        "artist": "Saori Kiuji",
        "type": "Opening 1",
        "correctCount": 48,
        "startTime": 3,
        "songDuration": 89.99185,
        "songNumber": 59,
        "activePlayerCount": 274,
        "LinkVideo": "https://files.catbox.moe/02bfmb.webm",
        "LinkMp3": "https://files.catbox.moe/27kgz4.mp3"
    },
    {
        "animeEng": "Aikatsu!",
        "animeRomaji": "Aikatsu!",
        "songName": "Goodbye Tears",
        "artist": "Saori Kodama",
        "type": "Insert Song",
        "correctCount": 30,
        "startTime": 51,
        "songDuration": 108.6,
        "songNumber": 60,
        "activePlayerCount": 274,
        "LinkVideo": "https://files.catbox.moe/yq1y4s.webm",
        "LinkMp3": "https://files.catbox.moe/r6o01y.mp3"
    },
    {
        "animeEng": "Digimon: Data Squad",
        "animeRomaji": "Digimon Savers",
        "songName": "Gou-ing! Going! My Soul!!",
        "artist": "Dynamite SHU",
        "type": "Ending 3",
        "correctCount": 59,
        "startTime": 19,
        "songDuration": 60.096,
        "songNumber": 61,
        "activePlayerCount": 273,
        "LinkVideo": "https://files.catbox.moe/okyfoh.webm",
        "LinkMp3": "https://files.catbox.moe/jw7gy6.mp3"
    },
    {
        "animeEng": "The Magnificent KOTOBUKI",
        "animeRomaji": "K\u014dya no Kotobuki Hik\u014dtai",
        "songName": "Sora no ne",
        "artist": "ZAQ",
        "type": "Opening 1",
        "correctCount": 29,
        "startTime": 33,
        "songDuration": 89.077551,
        "songNumber": 62,
        "activePlayerCount": 272,
        "LinkVideo": "https://files.catbox.moe/e51h3y.webm",
        "LinkMp3": "https://files.catbox.moe/tqv5bi.mp3"
    },
    {
        "animeEng": "One Piece: Stampede",
        "animeRomaji": "One Piece: Stampede",
        "songName": "GONG",
        "artist": "WANIMA",
        "type": "Ending 1",
        "correctCount": 23,
        "startTime": 134,
        "songDuration": 209.88,
        "songNumber": 63,
        "activePlayerCount": 271,
        "LinkVideo": "https://files.catbox.moe/1ojcjz.webm",
        "LinkMp3": "https://files.catbox.moe/8kvoih.mp3"
    },
    {
        "animeEng": "Case Closed",
        "animeRomaji": "Meitantei Conan",
        "songName": "DYNAMITE",
        "artist": "Mai Kuraki",
        "type": "Opening 39",
        "correctCount": 72,
        "startTime": 61,
        "songDuration": 113.496,
        "songNumber": 64,
        "activePlayerCount": 270,
        "LinkVideo": "https://files.catbox.moe/5yxlsv.webm",
        "LinkMp3": "https://files.catbox.moe/25t6yd.mp3"
    },
    {
        "animeEng": "D.N.Angel",
        "animeRomaji": "D.N.Angel",
        "songName": "Futatsu no Negai",
        "artist": "Sara Nakayama, Masumi Asano",
        "type": "Insert Song",
        "correctCount": 5,
        "startTime": 39,
        "songDuration": 122.496,
        "songNumber": 65,
        "activePlayerCount": 269,
        "LinkVideo": "https://files.catbox.moe/tmsu3v.webm",
        "LinkMp3": "https://files.catbox.moe/ouupnh.mp3",
        "correctPlayers": [
            "vovoxpertz",
            "ElDonte",
            "Diopatra",
            "yamiiyami",
            "Sowis"
        ]
    },
    {
        "animeEng": "School Rumble",
        "animeRomaji": "School Rumble",
        "songName": "Koi no Kimochi",
        "artist": "Mio Saeki",
        "type": "Insert Song",
        "correctCount": 7,
        "startTime": 4,
        "songDuration": 78.024,
        "songNumber": 66,
        "activePlayerCount": 268,
        "LinkVideo": "https://files.catbox.moe/xvjxj2.webm",
        "LinkMp3": "https://files.catbox.moe/2gf9e2.mp3"
    },
    {
        "animeEng": "Transformers: Robots in Disguise",
        "animeRomaji": "Transformers: Robots in Disguise",
        "songName": "Honoo no Overdrive",
        "artist": "Kouji Wada",
        "type": "Opening 1",
        "correctCount": 15,
        "startTime": 53,
        "songDuration": 89.256,
        "songNumber": 67,
        "activePlayerCount": 268,
        "LinkVideo": "https://files.catbox.moe/dkiquz.webm",
        "LinkMp3": "https://files.catbox.moe/y89hfz.mp3"
    },
    {
        "animeEng": "The IDOLM@STER",
        "animeRomaji": "The IDOLM@STER",
        "songName": "READY!!&CHANGE!!!! SPECIAL EDITION",
        "artist": "765PRO ALLSTARS",
        "type": "Insert Song",
        "correctCount": 76,
        "startTime": 41,
        "songDuration": 141.864,
        "songNumber": 68,
        "activePlayerCount": 270,
        "LinkVideo": "https://files.catbox.moe/67i7gt.webm",
        "LinkMp3": "https://files.catbox.moe/bxod3m.mp3"
    },
    {
        "animeEng": "Theatre of Darkness: Yamishibai",
        "animeRomaji": "Yami Shibai",
        "songName": "Kaifuu Emaki",
        "artist": "AVtechNO! feat. Hatsune Miku",
        "type": "Ending 1",
        "correctCount": 131,
        "startTime": 0,
        "songDuration": 24.84,
        "songNumber": 69,
        "activePlayerCount": 268,
        "LinkVideo": "https://files.catbox.moe/2albpr.webm",
        "LinkMp3": "https://files.catbox.moe/m60vkf.mp3"
    },
    {
        "animeEng": "Someday's Dreamers II Sora",
        "animeRomaji": "Mah\u014dtsukai ni Taisetsu na Koto: Natsu no Sora",
        "songName": "Fly Away",
        "artist": "THYME",
        "type": "Ending 2",
        "correctCount": 20,
        "startTime": 4,
        "songDuration": 91.032,
        "songNumber": 70,
        "activePlayerCount": 269,
        "LinkVideo": "https://files.catbox.moe/bj4tzl.webm",
        "LinkMp3": "https://files.catbox.moe/kr3wre.mp3"
    },
    {
        "animeEng": "Don't Call Us A JUNK GAME!",
        "animeRomaji": "Kusoge tte Iuna! Animation",
        "songName": "Kusoge tte Iuna!",
        "artist": "Otaya",
        "type": "Ending 1",
        "correctCount": 12,
        "startTime": 0,
        "songDuration": 29.434,
        "songNumber": 71,
        "activePlayerCount": 269,
        "LinkVideo": "https://files.catbox.moe/0qj56o.webm"
    },
    {
        "animeEng": "Saga of Tanya the Evil",
        "animeRomaji": "Y\u014djo Senki",
        "songName": "Los! Los! Los!",
        "artist": "Aoi Y\u016bki",
        "type": "Ending 1",
        "correctCount": 220,
        "startTime": 10,
        "songDuration": 89.04,
        "songNumber": 72,
        "activePlayerCount": 269,
        "LinkVideo": "https://files.catbox.moe/t713b7.webm",
        "LinkMp3": "https://files.catbox.moe/8tjvdz.mp3"
    },
    {
        "animeEng": "Rebirth",
        "animeRomaji": "Rebirth",
        "songName": "Rebirth GO!",
        "artist": "Kei to Nasu no Mitsuboshi Shichuu",
        "type": "Ending 1",
        "correctCount": 46,
        "startTime": 0,
        "songDuration": 29.424,
        "songNumber": 73,
        "activePlayerCount": 269,
        "LinkVideo": "https://files.catbox.moe/ajicck.webm",
        "LinkMp3": "https://files.catbox.moe/au5hsz.mp3"
    },
    {
        "animeEng": "Goulart Knights",
        "animeRomaji": "Goulart Knights",
        "songName": "monochrome",
        "artist": "G.Addict",
        "type": "Opening 1",
        "correctCount": 5,
        "startTime": 36,
        "songDuration": 89.260408,
        "songNumber": 74,
        "activePlayerCount": 269,
        "LinkVideo": "https://files.catbox.moe/f9ri26.webm",
        "LinkMp3": "https://files.catbox.moe/ixuar8.mp3",
        "correctPlayers": [
            "KonoDioda1",
            "Papanya",
            "sukisho",
            "ozsauce",
            "Diopatra"
        ]
    },
    {
        "animeEng": "Hiatari Ryok\u014d! Yume no Naka ni Kimi ga Ita",
        "animeRomaji": "Hiatari Ryok\u014d! Yume no Naka ni Kimi ga Ita",
        "songName": "Remember September",
        "artist": "JAG-TOY",
        "type": "Ending 1",
        "correctCount": 1,
        "startTime": 98,
        "songDuration": 194.037551,
        "songNumber": 75,
        "activePlayerCount": 266,
        "LinkVideo": "https://files.catbox.moe/2kh4o6.webm",
        "LinkMp3": "https://files.catbox.moe/3xvkov.mp3",
        "correctPlayers": [
            "Legend_"
        ]
    }
]