[
    {
        "animeEng": "Keith Courage 2",
        "animeRomaji": "Mashin Eiy\u016bden Wataru 2",
        "songName": "FIGHT!",
        "artist": "Yumiko Takahashi",
        "type": "Opening 2",
        "correctCount": 0,
        "startTime": 45,
        "songDuration": 87.76992,
        "songNumber": 1,
        "activePlayerCount": 140,
        "LinkVideo": "https://files.catbox.moe/hs9ne2.webm",
        "LinkMp3": "https://files.catbox.moe/a2skmx.mp3"
    },
    {
        "animeEng": "Ensemble Stars!",
        "animeRomaji": "EnStars",
        "songName": "Crush of Judgement",
        "artist": "Knight Killers",
        "type": "Insert Song",
        "correctCount": 7,
        "songDuration": null,
        "songNumber": 2,
        "activePlayerCount": 139,
        "LinkVideo": "https://files.catbox.moe/9uc6xe.webm",
        "LinkMp3": "https://files.catbox.moe/znzz6h.mp3"
    },
    {
        "animeEng": "Attack No. 1",
        "animeRomaji": "Attack No. 1",
        "songName": "Attack No.1",
        "artist": "Kumiko \u014csugi",
        "type": "Opening 2",
        "correctCount": 8,
        "startTime": 2,
        "songDuration": 87.064626,
        "songNumber": 3,
        "activePlayerCount": 139,
        "LinkVideo": "https://files.catbox.moe/x6vbjs.webm",
        "LinkMp3": "https://files.catbox.moe/561a1y.mp3"
    },
    {
        "animeEng": "Carol",
        "animeRomaji": "Carol",
        "songName": "Come On Everybody",
        "artist": "TM NETWORK",
        "type": "Insert Song",
        "correctCount": 2,
        "songDuration": null,
        "songNumber": 4,
        "activePlayerCount": 138,
        "LinkVideo": "https://files.catbox.moe/nd72lr.webm",
        "LinkMp3": "https://files.catbox.moe/xatf5g.mp3",
        "correctPlayers": [
            "Derasiel",
            "Martinch"
        ]
    },
    {
        "animeEng": "CLAMP in Wonderland",
        "animeRomaji": "CLAMP in Wonderland",
        "songName": "Anata dake no WONDERLAND",
        "artist": "Junko Hirotani",
        "type": "Opening 1",
        "correctCount": 12,
        "startTime": 173,
        "songDuration": 221.064,
        "songNumber": 5,
        "activePlayerCount": 136,
        "LinkVideo": "https://files.catbox.moe/7ybwmz.webm",
        "LinkMp3": "https://files.catbox.moe/0sleb5.mp3"
    },
    {
        "animeEng": "Strike Witches",
        "animeRomaji": "Strike Witches",
        "songName": "Bookmark A Head",
        "artist": "Misato Fukuen & Miyuki Sawashiro",
        "type": "Ending 8",
        "correctCount": 22,
        "songDuration": null,
        "songNumber": 6,
        "activePlayerCount": 135,
        "LinkVideo": "https://files.catbox.moe/jyyflh.webm",
        "LinkMp3": "https://files.catbox.moe/yr7ctn.mp3"
    },
    {
        "animeEng": "Genie Family 2020",
        "animeRomaji": "Hakushon Daima\u014d 2020",
        "songName": "Akubi o Sureba",
        "artist": "Friends",
        "type": "Ending 1",
        "correctCount": 11,
        "startTime": 55,
        "songDuration": 88.488,
        "songNumber": 7,
        "activePlayerCount": 136,
        "LinkVideo": "https://files.catbox.moe/tt76be.webm",
        "LinkMp3": "https://files.catbox.moe/nqb7p8.mp3"
    },
    {
        "animeEng": "Beet the Vandel Buster Excellion",
        "animeRomaji": "B\u014dken \u014c Beet Excellion",
        "songName": "HERO",
        "artist": "Mayumi Goj\u014d",
        "type": "Insert Song",
        "correctCount": 0,
        "songDuration": null,
        "songNumber": 8,
        "activePlayerCount": 136,
        "LinkVideo": "https://files.catbox.moe/btlej7.webm",
        "LinkMp3": "https://files.catbox.moe/aduh9w.mp3"
    },
    {
        "animeEng": "Dragoon",
        "animeRomaji": "Ry\u016bki Densh\u014d",
        "songName": "Saisho no Yuki",
        "artist": "Yuka Imai",
        "type": "Opening 1",
        "correctCount": 1,
        "startTime": 18,
        "songDuration": 95.031836,
        "songNumber": 9,
        "activePlayerCount": 136,
        "LinkVideo": "https://files.catbox.moe/l4a5p4.webm",
        "LinkMp3": "https://files.catbox.moe/7vda38.mp3",
        "correctPlayers": [
            "Rukawa11"
        ]
    },
    {
        "animeEng": "Teeky\u016b",
        "animeRomaji": "Teeky\u016b",
        "songName": "Kaiun! Sh\u014dfuku! Entenka",
        "artist": "Earth Star Dream",
        "type": "Ending 1",
        "correctCount": 80,
        "startTime": 0,
        "songDuration": 29.568,
        "songNumber": 10,
        "activePlayerCount": 135,
        "LinkVideo": "https://files.catbox.moe/xitfh9.webm",
        "LinkMp3": "https://files.catbox.moe/5px9vv.mp3"
    },
    {
        "animeEng": "Demon King Daimao",
        "animeRomaji": "Ichiban Ushiro no Daima\u014d",
        "songName": "REALOVE:REALIFE",
        "artist": "Sphere",
        "type": "Opening 1",
        "correctCount": 64,
        "startTime": 48,
        "songDuration": 88.584,
        "songNumber": 11,
        "activePlayerCount": 136,
        "LinkVideo": "https://files.catbox.moe/g6pg3v.webm",
        "LinkMp3": "https://files.catbox.moe/d8ob98.mp3"
    },
    {
        "animeEng": "Kokoro Connect",
        "animeRomaji": "Kokoro Connect",
        "songName": "Paradigm",
        "artist": "eufonius",
        "type": "Opening 1",
        "correctCount": 76,
        "startTime": 1,
        "songDuration": 87.72,
        "songNumber": 12,
        "activePlayerCount": 133,
        "LinkVideo": "https://files.catbox.moe/yq9sss.webm",
        "LinkMp3": "https://files.catbox.moe/w1ncdb.mp3"
    },
    {
        "animeEng": "No Need for Tenchi!",
        "animeRomaji": "Tenchi Muyo! Ryo Ohki",
        "songName": "Tenchi Muy\u014d! Ryo-Ohki no Theme",
        "artist": "Seikou Nagaoka",
        "type": "Opening 1",
        "correctCount": 11,
        "startTime": 1,
        "songDuration": 93.816,
        "songNumber": 13,
        "activePlayerCount": 133,
        "LinkVideo": "https://files.catbox.moe/nq3osf.webm",
        "LinkMp3": "https://files.catbox.moe/zphs05.mp3"
    },
    {
        "animeEng": "Kigy\u014d Senshi Yamazaki: Long Distance Call",
        "animeRomaji": "Kigy\u014d Senshi Yamazaki: Long Distance Call",
        "songName": "Ring a Ding-Rinko no Theme",
        "artist": "Aoi Mizuno",
        "type": "Ending 1",
        "correctCount": 0,
        "startTime": 1,
        "songDuration": null,
        "songNumber": 14,
        "activePlayerCount": 134,
        "LinkVideo": "https://files.catbox.moe/s32xwe.webm",
        "LinkMp3": "https://files.catbox.moe/ex2foo.mp3"
    },
    {
        "animeEng": "When Supernatural Battles Became Commonplace",
        "animeRomaji": "In\u014d-Battle wa Nichij\u014d-kei no Naka de",
        "songName": "OVERLAPPERS",
        "artist": "Qverktett:||",
        "type": "Opening 1",
        "correctCount": 82,
        "startTime": 1,
        "songDuration": 88.008,
        "songNumber": 15,
        "activePlayerCount": 133,
        "LinkVideo": "https://files.catbox.moe/johctj.webm",
        "LinkMp3": "https://files.catbox.moe/sz0fqj.mp3"
    },
    {
        "animeEng": "Dragon Ball Super: Broly",
        "animeRomaji": "Dragon Ball Super: Broly",
        "songName": "Blizzard",
        "artist": "Daichi Miura",
        "type": "Ending 1",
        "correctCount": 54,
        "startTime": 1,
        "songDuration": null,
        "songNumber": 16,
        "activePlayerCount": 133,
        "LinkVideo": "https://files.catbox.moe/dibbz1.webm",
        "LinkMp3": "https://files.catbox.moe/ckxx3k.mp3"
    },
    {
        "animeEng": "Haikyu!! Movie Sain\u014d to Sense",
        "animeRomaji": "Haikyu!! Movie Sain\u014d to Sense",
        "songName": "I'm a Believer",
        "artist": "SPYAIR",
        "type": "Ending 1",
        "correctCount": 101,
        "startTime": 69,
        "songDuration": 212.016,
        "songNumber": 17,
        "activePlayerCount": 133,
        "LinkVideo": "https://files.catbox.moe/7hnvvc.webm",
        "LinkMp3": "https://files.catbox.moe/ubew1t.mp3"
    },
    {
        "animeEng": "Please tell me! Galko-chan",
        "animeRomaji": "Oshiete! Galko-chan",
        "songName": "YPMA\u2606GIRLS",
        "artist": "Azumi Waki, Minami Takahashi, Miyu Tomita",
        "type": "Opening 1",
        "correctCount": 60,
        "startTime": 80,
        "songDuration": 120.024,
        "songNumber": 18,
        "activePlayerCount": 133,
        "LinkVideo": "https://files.catbox.moe/hmj8hu.webm",
        "LinkMp3": "https://files.catbox.moe/rspt2u.mp3"
    },
    {
        "animeEng": "Shimajir\u014d to Niji no Oasis",
        "animeRomaji": "Shimajir\u014d to Niji no Oasis",
        "songName": "Bouken no Dadada",
        "artist": "PUFFY",
        "type": "Insert Song",
        "correctCount": 2,
        "startTime": 18,
        "songDuration": 235.392,
        "songNumber": 19,
        "activePlayerCount": 133,
        "LinkVideo": "https://files.catbox.moe/c7e3bt.webm",
        "LinkMp3": "https://files.catbox.moe/4gus6o.mp3",
        "correctPlayers": [
            "Rukawa11",
            "Wheelchair"
        ]
    },
    {
        "animeEng": "Junjou Romantica: Pure Romance",
        "animeRomaji": "Junj\u014d Romantica",
        "songName": "Baby Romantica",
        "artist": "SCRIPT",
        "type": "Ending 1",
        "correctCount": 3,
        "startTime": 35,
        "songDuration": 89.112,
        "songNumber": 20,
        "activePlayerCount": 133,
        "LinkVideo": "https://files.catbox.moe/dsi93u.webm",
        "LinkMp3": "https://files.catbox.moe/es1syp.mp3",
        "correctPlayers": [
            "Ferdiansyah",
            "shadowpandax",
            "YuriMeguri"
        ]
    },
    {
        "animeEng": "Eiga Precure All Stars: Haru no Carnival",
        "animeRomaji": "Eiga Precure All Stars: Haru no Carnival",
        "songName": "Alright! Heartcatch Precure!",
        "artist": "Aya Ikeda",
        "type": "Insert Song",
        "correctCount": 31,
        "startTime": 22,
        "songDuration": 83.064,
        "songNumber": 21,
        "activePlayerCount": 132,
        "LinkVideo": "https://files.catbox.moe/o02orc.webm",
        "LinkMp3": "https://files.catbox.moe/n3n6vl.mp3"
    },
    {
        "animeEng": "Tezuka Osamu Story: I Am Son-Goku",
        "animeRomaji": "Tezuka Osamu Monogatari: Boku wa Son Goku",
        "songName": "Tetsuwan Atom",
        "artist": "Kamitakada Sh\u014dnen Gassh\u014d-dan",
        "type": "Insert Song",
        "correctCount": 89,
        "startTime": 2,
        "songDuration": 36.24,
        "songNumber": 22,
        "activePlayerCount": 132,
        "LinkVideo": "https://files.catbox.moe/lj84oo.webm",
        "LinkMp3": "https://files.catbox.moe/qpqc65.mp3"
    },
    {
        "animeEng": "Idol Time PriPara",
        "animeRomaji": "Idol Time PriPara",
        "songName": "Marble Make up a-ha-ha!",
        "artist": "Himika Akaneya & Y\u016b Serizawa",
        "type": "Insert Song",
        "correctCount": 67,
        "startTime": 2,
        "songDuration": 120.96,
        "songNumber": 23,
        "activePlayerCount": 132,
        "LinkVideo": "https://files.catbox.moe/v2ssg7.webm",
        "LinkMp3": "https://files.catbox.moe/517vzc.mp3"
    },
    {
        "animeEng": "Heavy Object",
        "animeRomaji": "Heavy Object",
        "songName": "Never Gave Up",
        "artist": "ALL OFF",
        "type": "Opening 2",
        "correctCount": 29,
        "startTime": 0,
        "songDuration": 90.168,
        "songNumber": 24,
        "activePlayerCount": 131,
        "LinkVideo": "https://files.catbox.moe/9tscn7.webm",
        "LinkMp3": "https://files.catbox.moe/iuqbcr.mp3"
    },
    {
        "animeEng": "Magical Shopping Arcade Abenobashi",
        "animeRomaji": "Abenobashi Mah\u014d\u2606Sh\u014dtengai",
        "songName": "Treat or Gobline",
        "artist": "Megumi Hayashibara",
        "type": "Opening 1",
        "correctCount": 25,
        "startTime": 44,
        "songDuration": 87.576,
        "songNumber": 25,
        "activePlayerCount": 131,
        "LinkVideo": "https://files.catbox.moe/d8opmk.webm",
        "LinkMp3": "https://files.catbox.moe/vr9njx.mp3"
    },
    {
        "animeEng": "Deep Blue Town e Oide yo",
        "animeRomaji": "Deep Blue Town e Oide yo",
        "songName": "DEEP BLUE TOWN e Oide yo",
        "artist": "team Umifure",
        "type": "Insert Song",
        "correctCount": 28,
        "startTime": 0,
        "songDuration": null,
        "songNumber": 26,
        "activePlayerCount": 130,
        "LinkVideo": "https://files.catbox.moe/69r4te.webm",
        "LinkMp3": "https://files.catbox.moe/da202p.mp3"
    },
    {
        "animeEng": "Obake Zukan",
        "animeRomaji": "Obake Zukan",
        "songName": "Obake Zukan no Uta",
        "artist": "Nana Mizuki",
        "type": "Opening 2",
        "correctCount": 61,
        "startTime": 0,
        "songDuration": 29.496,
        "songNumber": 27,
        "activePlayerCount": 130,
        "LinkVideo": "https://files.catbox.moe/1vh7db.webm",
        "LinkMp3": "https://files.catbox.moe/gadh1s.mp3"
    },
    {
        "animeEng": "The IDOLM@STER",
        "animeRomaji": "The IDOLM@STER",
        "songName": "The iDOLM@STER",
        "artist": "765PRO ALLSTARS",
        "type": "Ending 6",
        "correctCount": 42,
        "startTime": 0,
        "songDuration": null,
        "songNumber": 28,
        "activePlayerCount": 130,
        "LinkVideo": "https://files.catbox.moe/ad75g2.webm",
        "LinkMp3": "https://files.catbox.moe/5kwd87.mp3"
    },
    {
        "animeEng": "Pro Golfer Saru",
        "animeRomaji": "Pro Golfer Saru",
        "songName": "Yume wo Kachitor\u014d",
        "artist": "Ichiro Mizuki",
        "type": "Opening 1",
        "correctCount": 10,
        "startTime": 4,
        "songDuration": 58.2,
        "songNumber": 29,
        "activePlayerCount": 130,
        "LinkVideo": "https://files.catbox.moe/a399nh.webm",
        "LinkMp3": "https://files.catbox.moe/x4ei6x.mp3"
    },
    {
        "animeEng": "The Garden of Sinners",
        "animeRomaji": "Kara no Ky\u014dkai",
        "songName": "fairytale",
        "artist": "Kalafina",
        "type": "Ending 6",
        "correctCount": 50,
        "startTime": 172,
        "songDuration": 306.912,
        "songNumber": 30,
        "activePlayerCount": 129,
        "LinkVideo": "https://files.catbox.moe/ojji0o.webm",
        "LinkMp3": "https://files.catbox.moe/ykasjl.mp3"
    },
    {
        "animeEng": "Scramble Wars",
        "animeRomaji": "Scramble Wars - Tsuppashire! Genom Trophy Rally",
        "songName": "Cinderella nanka Tsumaranai",
        "artist": "WIZ\u2022KISS",
        "type": "Opening 1",
        "correctCount": 1,
        "startTime": 83,
        "songDuration": 203.664,
        "songNumber": 31,
        "activePlayerCount": 127,
        "LinkVideo": "https://files.catbox.moe/2zm19i.webm",
        "LinkMp3": "https://files.catbox.moe/sjfbnv.mp3",
        "correctPlayers": [
            "Jube"
        ]
    },
    {
        "animeEng": "Blade Runner: Black Out 2022",
        "animeRomaji": "Blade Runner: Black Out 2022",
        "songName": "Almost Human",
        "artist": "Lauren Daigle",
        "type": "Ending 1",
        "correctCount": 27,
        "startTime": 81,
        "songDuration": 121.728,
        "songNumber": 32,
        "activePlayerCount": 127,
        "LinkVideo": "https://files.catbox.moe/ijvo1v.webm",
        "LinkMp3": "https://files.catbox.moe/qnb8lv.mp3"
    },
    {
        "animeEng": "Gakuen Utopia Manabi Straight!",
        "animeRomaji": "Gakuen Utopia Manabi Straight!",
        "songName": "Lucky & Happy",
        "artist": "Megumi Hayashibara",
        "type": "Ending 1",
        "correctCount": 11,
        "startTime": 18,
        "songDuration": 89.184,
        "songNumber": 33,
        "activePlayerCount": 126,
        "LinkVideo": "https://files.catbox.moe/oysj6w.webm",
        "LinkMp3": "https://files.catbox.moe/osmu3d.mp3"
    },
    {
        "animeEng": "The World God Only Knows: Tenri Arc",
        "animeRomaji": "Kami nomi zo Shiru Sekai Tenri-hen",
        "songName": "Hikari no Kiseki",
        "artist": "eyelis",
        "type": "Ending 1",
        "correctCount": 19,
        "startTime": 74,
        "songDuration": 110.064,
        "songNumber": 34,
        "activePlayerCount": 126,
        "LinkVideo": "https://files.catbox.moe/8ttzlb.webm",
        "LinkMp3": "https://files.catbox.moe/n070zb.mp3"
    },
    {
        "animeEng": "Yuri Seijin Naoko-san",
        "animeRomaji": "Yuri Seijin Naoko-san",
        "songName": "Yuri Seijin Naoko-san",
        "artist": "MOSAIC.WAV",
        "type": "Opening 1",
        "correctCount": 90,
        "startTime": 13,
        "songDuration": 110.182596,
        "songNumber": 35,
        "activePlayerCount": 126,
        "LinkVideo": "https://files.catbox.moe/r02f4e.webm",
        "LinkMp3": "https://files.catbox.moe/if7f8z.mp3"
    },
    {
        "animeEng": "Slam Dunk: Sh\u014dhoku Saidai no Kiki! Moero Sakuragi Hanamichi",
        "animeRomaji": "Slam Dunk: Sh\u014dhoku Saidai no Kiki! Moero Sakuragi Hanamichi",
        "songName": "Kimi ga Suki da to Sakebitai",
        "artist": "BAAD",
        "type": "Opening 1",
        "correctCount": 82,
        "startTime": 3,
        "songDuration": 92.053928,
        "songNumber": 36,
        "activePlayerCount": 126,
        "LinkVideo": "https://files.catbox.moe/bkmx2n.webm",
        "LinkMp3": "https://files.catbox.moe/na7n8r.mp3"
    },
    {
        "animeEng": "High School DxD",
        "animeRomaji": "High School DxD",
        "songName": "Trip -innocent of D-",
        "artist": "Larval Stage Planning",
        "type": "Opening 1",
        "correctCount": 71,
        "startTime": 19,
        "songDuration": 89.136,
        "songNumber": 37,
        "activePlayerCount": 127,
        "LinkVideo": "https://files.catbox.moe/8tfr4k.webm",
        "LinkMp3": "https://files.catbox.moe/fcj0hy.mp3"
    },
    {
        "animeEng": "Monster Strike The Movie: Sora no Kanata",
        "animeRomaji": "Monster Strike The Movie: Sora no Kanata",
        "songName": "Kizunami",
        "artist": "Kyary Pamyu Pamyu",
        "type": "Ending 1",
        "correctCount": 4,
        "startTime": 91,
        "songDuration": 287.4,
        "songNumber": 38,
        "activePlayerCount": 126,
        "LinkVideo": "https://files.catbox.moe/5oabkq.webm",
        "LinkMp3": "https://files.catbox.moe/t4dtnz.mp3",
        "correctPlayers": [
            "Harold",
            "Thaleko",
            "GundamOnly",
            "NekoLoli"
        ]
    },
    {
        "animeEng": "Macross 7 Plus",
        "animeRomaji": "Macross 7 Plus",
        "songName": "DIAMOND CALLING",
        "artist": "FIRE BOMBER",
        "type": "Insert Song",
        "correctCount": 1,
        "startTime": 23,
        "songDuration": 68.544,
        "songNumber": 39,
        "activePlayerCount": 127,
        "LinkVideo": "https://files.catbox.moe/p62472.webm",
        "LinkMp3": "https://files.catbox.moe/xik7v2.mp3",
        "correctPlayers": [
            "Satorii"
        ]
    },
    {
        "animeEng": "Isekai Cheat Magician",
        "animeRomaji": "Isekai Cheat Magician",
        "songName": "PANTA RHEI",
        "artist": "MYTH & ROID",
        "type": "Opening 1",
        "correctCount": 79,
        "startTime": 45,
        "songDuration": 89.52,
        "songNumber": 40,
        "activePlayerCount": 127,
        "LinkVideo": "https://files.catbox.moe/aysvui.webm",
        "LinkMp3": "https://files.catbox.moe/3fizpn.mp3"
    },
    {
        "animeEng": "The King of Braves GaoGaiGar Final Grand Glorious Gathering",
        "animeRomaji": "Yuusha-Oh GaoGaiGar Final Grand Glorious Gathering",
        "songName": "Lion Reine",
        "artist": "Saeko Suzuki",
        "type": "Ending 1",
        "correctCount": 7,
        "startTime": 38,
        "songDuration": 105.12,
        "songNumber": 41,
        "activePlayerCount": 127,
        "LinkVideo": "https://files.catbox.moe/5cgj8l.webm",
        "LinkMp3": "https://files.catbox.moe/vt3m90.mp3"
    },
    {
        "animeEng": "Lostorage conflated WIXOSS -missing link-",
        "animeRomaji": "Lostorage conflated WIXOSS -missing link-",
        "songName": "Lostorage",
        "artist": "Yuka Iguchi",
        "type": "Opening 1",
        "correctCount": 52,
        "startTime": 20,
        "songDuration": 89.064,
        "songNumber": 42,
        "activePlayerCount": 128,
        "LinkVideo": "https://files.catbox.moe/1qsy26.webm",
        "LinkMp3": "https://files.catbox.moe/58347z.mp3"
    },
    {
        "animeEng": "Pico: Boku no Chiisana Natsu Monogatari",
        "animeRomaji": "Pico: Boku no Chiisana Natsu Monogatari",
        "songName": "Koi o Shiy\u014d yo",
        "artist": "Pico",
        "type": "Ending 1",
        "correctCount": 55,
        "startTime": 21,
        "songDuration": 300.576,
        "songNumber": 43,
        "activePlayerCount": 127,
        "LinkVideo": "https://files.catbox.moe/0u05j5.webm",
        "LinkMp3": "https://files.catbox.moe/tlo1ni.mp3"
    },
    {
        "animeEng": "selector spread WIXOSS",
        "animeRomaji": "selector spread WIXOSS",
        "songName": "world's end, girl's rondo",
        "artist": "Kanon Wakeshima",
        "type": "Opening 1",
        "correctCount": 77,
        "startTime": 49,
        "songDuration": 89.952,
        "songNumber": 44,
        "activePlayerCount": 127,
        "LinkVideo": "https://files.catbox.moe/tkqcsk.webm",
        "LinkMp3": "https://files.catbox.moe/hejgsn.mp3"
    },
    {
        "animeEng": "In The Beginning - The Bible Stories",
        "animeRomaji": "Seisho Monogatari",
        "songName": "Rainbow Blue",
        "artist": "Reimy",
        "type": "Ending 1",
        "correctCount": 1,
        "startTime": 11,
        "songDuration": 65.592,
        "songNumber": 45,
        "activePlayerCount": 127,
        "LinkVideo": "https://files.catbox.moe/4324wt.webm",
        "LinkMp3": "https://files.catbox.moe/0msyea.mp3",
        "correctPlayers": [
            "Ufokoira"
        ]
    },
    {
        "animeEng": "Hidamari Sketch \u00d7 Hoshimittsu",
        "animeRomaji": "Hidamari Sketch \u00d7 Hoshimittsu",
        "songName": "Dekiru Kanatte (Hoshimittsu)",
        "artist": "Kana Asumi, Kaori Mizuhashi, Yuko Goto and Ryoko Shintani",
        "type": "Opening 1",
        "correctCount": 19,
        "startTime": 29,
        "songDuration": 89.064,
        "songNumber": 46,
        "activePlayerCount": 127,
        "LinkVideo": "https://files.catbox.moe/y7e2pr.webm",
        "LinkMp3": "https://files.catbox.moe/vz4u7u.mp3"
    },
    {
        "animeEng": "FLCL Progressive",
        "animeRomaji": "FLCL Progressive",
        "songName": "LITTLE BUSTERS (Fool on cool version)",
        "artist": "the pillows",
        "type": "Insert Song",
        "correctCount": 8,
        "startTime": 11,
        "songDuration": 49.292214,
        "songNumber": 47,
        "activePlayerCount": 127,
        "LinkVideo": "https://files.catbox.moe/7bnj7t.webm",
        "LinkMp3": "https://files.catbox.moe/fsagqu.mp3"
    },
    {
        "animeEng": "Spooky Kitaro",
        "animeRomaji": "Gegege no Kitar\u014d",
        "songName": "Iyan Nacchau Bushi",
        "artist": "Ukadan",
        "type": "Ending 2",
        "correctCount": 92,
        "startTime": 22,
        "songDuration": 91.416,
        "songNumber": 48,
        "activePlayerCount": 126,
        "LinkVideo": "https://files.catbox.moe/iwnrb3.webm",
        "LinkMp3": "https://files.catbox.moe/j3ym8b.mp3"
    },
    {
        "animeEng": "Lupin III: Part III",
        "animeRomaji": "Lupin Sansei: Part III",
        "songName": "Sexy Adventure",
        "artist": "Yuusuke Nakamura",
        "type": "Opening 1",
        "correctCount": 7,
        "startTime": 18,
        "songDuration": 89.33724,
        "songNumber": 49,
        "activePlayerCount": 126,
        "LinkVideo": "https://files.catbox.moe/mz2lfs.webm",
        "LinkMp3": "https://files.catbox.moe/bdv6fn.mp3"
    },
    {
        "animeEng": "Love, Chunibyo & Other Delusions!",
        "animeRomaji": "Chu-2 Byo demo Koi ga Shitai!",
        "songName": "Sparkling Daydream",
        "artist": "ZAQ",
        "type": "Opening 1",
        "correctCount": 103,
        "startTime": 51,
        "songDuration": 88.992,
        "songNumber": 50,
        "activePlayerCount": 126,
        "LinkVideo": "https://files.catbox.moe/ri6tl6.webm",
        "LinkMp3": "https://files.catbox.moe/ofy3iq.mp3"
    },
    {
        "animeEng": "Dancougar: Blazing Epilogue",
        "animeRomaji": "Ch\u014dj\u016b Kishin Dancougar: Hakunetsu no Sh\u016bsh\u014d",
        "songName": "Burning Love",
        "artist": "J\u016bsenki-tai",
        "type": "Ending 2",
        "correctCount": 0,
        "startTime": 25,
        "songDuration": 195.048,
        "songNumber": 51,
        "activePlayerCount": 126,
        "LinkVideo": "https://files.catbox.moe/79qzcl.webm",
        "LinkMp3": "https://files.catbox.moe/wwkun9.mp3"
    },
    {
        "animeEng": "ROOM CAMP",
        "animeRomaji": "Heya Camp\u25b3",
        "songName": "The Sunshower",
        "artist": "Asaka",
        "type": "Ending 1",
        "correctCount": 83,
        "startTime": 0,
        "songDuration": 29.448,
        "songNumber": 52,
        "activePlayerCount": 126,
        "LinkVideo": "https://files.catbox.moe/z63om0.webm",
        "LinkMp3": "https://files.catbox.moe/mwkvzl.mp3"
    },
    {
        "animeEng": "Robot Girls Z+",
        "animeRomaji": "Robot Girls Z+",
        "songName": "Robot Girls Z",
        "artist": "Kikai\u2661Sh\u014djo Tai",
        "type": "Opening 1",
        "correctCount": 84,
        "startTime": 1,
        "songDuration": 83.64,
        "songNumber": 53,
        "activePlayerCount": 126,
        "LinkVideo": "https://files.catbox.moe/368fjx.webm",
        "LinkMp3": "https://files.catbox.moe/rnbpba.mp3"
    },
    {
        "animeEng": "AKB0048 next stage",
        "animeRomaji": "AKB0048 Second Stage",
        "songName": "Shonichi",
        "artist": "AKB48",
        "type": "Insert Song",
        "correctCount": 31,
        "startTime": 15,
        "songDuration": 152.304,
        "songNumber": 54,
        "activePlayerCount": 126,
        "LinkVideo": "https://files.catbox.moe/fonns2.webm",
        "LinkMp3": "https://files.catbox.moe/6losea.mp3"
    },
    {
        "animeEng": "Puella Magi Madoka Magica the Movie Part 2: Eternal",
        "animeRomaji": "Gekij\u014dban Mah\u014d Sh\u014djo Madoka\u2605Magica K\u014dhen: Eien no Monogatari",
        "songName": "Sis puella magica!",
        "artist": "Eri It\u014d & Yuriko Kaida",
        "type": "Insert Song",
        "correctCount": 101,
        "startTime": 67,
        "songDuration": 190.08,
        "songNumber": 55,
        "activePlayerCount": 125,
        "LinkVideo": "https://files.catbox.moe/bblj1e.webm",
        "LinkMp3": "https://files.catbox.moe/p89zb0.mp3"
    },
    {
        "animeEng": "Tsugumomo",
        "animeRomaji": "Tsugumomo",
        "songName": "METAMORISER",
        "artist": "Band Ja Naimon!",
        "type": "Opening 1",
        "correctCount": 31,
        "startTime": 29,
        "songDuration": 89.04,
        "songNumber": 56,
        "activePlayerCount": 126,
        "LinkVideo": "https://files.catbox.moe/t29h7x.webm",
        "LinkMp3": "https://files.catbox.moe/h1fa24.mp3"
    },
    {
        "animeEng": "Konna Watashi-tachi ga Nariyuki de Heroine ni Natta Kekka www 'Narihero www'",
        "animeRomaji": "Konna Watashi-tachi ga Nariyuki de Heroine ni Natta Kekka www 'Narihero www'",
        "songName": "Nari Yuki Datte Ourai www",
        "artist": "Narihero 3 Shimai",
        "type": "Opening 1",
        "correctCount": 6,
        "startTime": 20,
        "songDuration": 58.152,
        "songNumber": 57,
        "activePlayerCount": 126,
        "LinkVideo": "https://files.catbox.moe/rcs73f.webm",
        "LinkMp3": "https://files.catbox.moe/laehq5.mp3"
    },
    {
        "animeEng": "White Album 2",
        "animeRomaji": "White Album 2",
        "songName": "Sayonara no Koto",
        "artist": "Rena Uehara",
        "type": "Ending 3",
        "correctCount": 33,
        "startTime": 44,
        "songDuration": 101.904,
        "songNumber": 58,
        "activePlayerCount": 125,
        "LinkVideo": "https://files.catbox.moe/lo9yu1.webm",
        "LinkMp3": "https://files.catbox.moe/hzmgab.mp3"
    },
    {
        "animeEng": "Kimagure Orange\u2605Road: Pilot",
        "animeRomaji": "Kimagure Orange\u2605Road: Sh\u014dnen Jump Special",
        "songName": "Kimagure Tenshi",
        "artist": "Rie Kochi",
        "type": "Ending 1",
        "correctCount": 2,
        "startTime": 13,
        "songDuration": 98.448,
        "songNumber": 59,
        "activePlayerCount": 125,
        "LinkVideo": "https://files.catbox.moe/96timb.webm",
        "LinkMp3": "https://files.catbox.moe/eol3u8.mp3",
        "correctPlayers": [
            "Rukawa11",
            "SrueyaF"
        ]
    },
    {
        "animeEng": "Blood Blockade Battlefront & Beyond",
        "animeRomaji": "Kekkai Sensen & Beyond",
        "songName": "fake town baby",
        "artist": "UNISON SQUARE GARDEN",
        "type": "Opening 1",
        "correctCount": 51,
        "startTime": 53,
        "songDuration": 88.968,
        "songNumber": 60,
        "activePlayerCount": 125,
        "LinkVideo": "https://files.catbox.moe/go51cs.webm",
        "LinkMp3": "https://files.catbox.moe/7scucl.mp3"
    },
    {
        "animeEng": "RahXephon",
        "animeRomaji": "RahXephon",
        "songName": "Hemisphere",
        "artist": "Maaya Sakamoto",
        "type": "Opening 1",
        "correctCount": 45,
        "startTime": 44,
        "songDuration": 89.544,
        "songNumber": 61,
        "activePlayerCount": 126,
        "LinkVideo": "https://files.catbox.moe/jhexhu.webm",
        "LinkMp3": "https://files.catbox.moe/ibbuk3.mp3"
    },
    {
        "animeEng": "Knights of the Zodiac: Saint Seiya",
        "animeRomaji": "Knights of the Zodiac: Saint Seiya",
        "songName": "PEGASUS SEIYA",
        "artist": "The Struts",
        "type": "Opening 1",
        "correctCount": 22,
        "startTime": 50,
        "songDuration": 86.616,
        "songNumber": 62,
        "activePlayerCount": 126,
        "LinkVideo": "https://files.catbox.moe/svwqm5.webm",
        "LinkMp3": "https://files.catbox.moe/662eiz.mp3"
    },
    {
        "animeEng": "Dream Festival! R",
        "animeRomaji": "Dream Festival! R",
        "songName": "You are my RIVAL",
        "artist": "W-MaSKat",
        "type": "Insert Song",
        "correctCount": 2,
        "startTime": 0,
        "songDuration": 88.704,
        "songNumber": 63,
        "activePlayerCount": 125,
        "LinkVideo": "https://files.catbox.moe/wx423s.webm",
        "LinkMp3": "https://files.catbox.moe/uxpgtx.mp3",
        "correctPlayers": [
            "revel_",
            "NekoLoli"
        ]
    },
    {
        "animeEng": "Mrs. Pepperpot",
        "animeRomaji": "Spoon Oba-san",
        "songName": "Yume-iro no Spoon",
        "artist": "Mari Iijima",
        "type": "Opening 1",
        "correctCount": 5,
        "startTime": 27,
        "songDuration": 72.192,
        "songNumber": 64,
        "activePlayerCount": 125,
        "LinkVideo": "https://files.catbox.moe/cmno3q.webm",
        "LinkMp3": "https://files.catbox.moe/hlits3.mp3",
        "correctPlayers": [
            "DDBOT",
            "Zylda",
            "Rukawa11",
            "Martinch",
            "YuriMeguri"
        ]
    },
    {
        "animeEng": "Code Geass: Lelouch of the Rebellion R2",
        "animeRomaji": "Code Geass: Hangyaku no Lelouch R2",
        "songName": "Nunnally",
        "artist": "Hitomi",
        "type": "Insert Song",
        "correctCount": 51,
        "startTime": 0,
        "songDuration": 38.568,
        "songNumber": 65,
        "activePlayerCount": 126,
        "LinkVideo": "https://files.catbox.moe/qenzba.webm",
        "LinkMp3": "https://files.catbox.moe/cn5ayb.mp3"
    },
    {
        "animeEng": "Black Jack",
        "animeRomaji": "Black Jack",
        "songName": "Gekkouka",
        "artist": "Janne Da Arc",
        "type": "Opening 1",
        "correctCount": 25,
        "startTime": 25,
        "songDuration": 84.456,
        "songNumber": 66,
        "activePlayerCount": 125,
        "LinkVideo": "https://files.catbox.moe/22j6h0.webm",
        "LinkMp3": "https://files.catbox.moe/fd74on.mp3"
    },
    {
        "animeEng": "Ojamajo Doremi #",
        "animeRomaji": "Ojamajo Doremi #",
        "songName": "Koe o Kikasete",
        "artist": "MAHO-dou",
        "type": "Ending 1",
        "correctCount": 11,
        "startTime": 54,
        "songDuration": 97.879134,
        "songNumber": 67,
        "activePlayerCount": 125,
        "LinkVideo": "https://files.catbox.moe/tb5z8b.webm",
        "LinkMp3": "https://files.catbox.moe/yo6vqx.mp3"
    },
    {
        "animeEng": "Owarimonogatari",
        "animeRomaji": "Owarimonogatari",
        "songName": "terminal terminal",
        "artist": "Emiri Kat\u014d",
        "type": "Opening 1",
        "correctCount": 48,
        "startTime": 41,
        "songDuration": 88.92,
        "songNumber": 68,
        "activePlayerCount": 125,
        "LinkVideo": "https://files.catbox.moe/u0txfl.webm",
        "LinkMp3": "https://files.catbox.moe/nffk5v.mp3"
    },
    {
        "animeEng": "Pita-Ten",
        "animeRomaji": "Pita-Ten",
        "songName": "Wake Up Angel ~Negaimashite ha Mugen Nari~",
        "artist": "Funta",
        "type": "Opening 1",
        "correctCount": 1,
        "startTime": 47,
        "songDuration": 88.968,
        "songNumber": 69,
        "activePlayerCount": 125,
        "LinkVideo": "https://files.catbox.moe/riq6tl.webm",
        "LinkMp3": "https://files.catbox.moe/iytnmu.mp3",
        "correctPlayers": [
            "speedfreek16"
        ]
    },
    {
        "animeEng": "Astro Boy",
        "animeRomaji": "Tetsuwan Atom",
        "songName": "Tetsuwan Atom",
        "artist": "Atoms",
        "type": "Opening 1",
        "correctCount": 91,
        "startTime": 9,
        "songDuration": 72.864,
        "songNumber": 70,
        "activePlayerCount": 124,
        "LinkVideo": "https://files.catbox.moe/b4koyr.webm",
        "LinkMp3": "https://files.catbox.moe/pl1tjm.mp3"
    },
    {
        "animeEng": "Sugar Bunnies Fleur",
        "animeRomaji": "Sugar Bunnies Fleur",
        "songName": "Fururu Fururu Fururu",
        "artist": "Yui Horie, Akiko Kimura, Yukari Tamura",
        "type": "Opening 1",
        "correctCount": 5,
        "startTime": 53,
        "songDuration": 89.328,
        "songNumber": 71,
        "activePlayerCount": 124,
        "LinkVideo": "https://files.catbox.moe/ediawv.webm",
        "LinkMp3": "https://files.catbox.moe/n1pydg.mp3",
        "correctPlayers": [
            "Rukawa11",
            "YoshiNubao",
            "BigDip123",
            "YuriMeguri",
            "NekoLoli"
        ]
    },
    {
        "animeEng": "Precure Super Stars! Movie",
        "animeRomaji": "Eiga Precure Super Stars",
        "songName": "Nana-iro no Sekai",
        "artist": "Kanako Miyamoto",
        "type": "Ending 1",
        "correctCount": 2,
        "startTime": 7,
        "songDuration": 141.084922,
        "songNumber": 72,
        "activePlayerCount": 123,
        "LinkVideo": "https://files.catbox.moe/qsyi0j.webm",
        "LinkMp3": "https://files.catbox.moe/bgi4e2.mp3",
        "correctPlayers": [
            "Pratasz",
            "ever29"
        ]
    },
    {
        "animeEng": "Cheer Boys!!",
        "animeRomaji": "Cheer Danshi!!",
        "songName": "Hajime no Ippo",
        "artist": "Luck Life",
        "type": "Opening 1",
        "correctCount": 12,
        "startTime": 9,
        "songDuration": 89.04,
        "songNumber": 73,
        "activePlayerCount": 123,
        "LinkVideo": "https://files.catbox.moe/hsjnr4.webm",
        "LinkMp3": "https://files.catbox.moe/0j2ykj.mp3"
    },
    {
        "animeEng": "Turn A Gundam",
        "animeRomaji": "Turn A Gundam",
        "songName": "Turn A Turn",
        "artist": "Hideki Saijou",
        "type": "Opening 1",
        "correctCount": 48,
        "startTime": 45,
        "songDuration": 79.824,
        "songNumber": 74,
        "activePlayerCount": 123,
        "LinkVideo": "https://files.catbox.moe/p8mxyo.webm",
        "LinkMp3": "https://files.catbox.moe/aqf4n8.mp3"
    },
    {
        "animeEng": "Yamada-kun and the Seven Witches",
        "animeRomaji": "Yamada-kun to 7-nin no Majo",
        "songName": "Kuchizuke Diamond",
        "artist": "WEAVER",
        "type": "Opening 1",
        "correctCount": 107,
        "startTime": 30,
        "songDuration": 88.296,
        "songNumber": 75,
        "activePlayerCount": 121,
        "LinkVideo": "https://files.catbox.moe/06aqch.webm",
        "LinkMp3": "https://files.catbox.moe/1poilz.mp3"
    }
]