[
    {
        "animeEng": "NAKAIMO - My Little Sister Is Among Them!",
        "animeRomaji": "Kono Naka ni Hitori, Im\u014dto ga Iru!",
        "songName": "Choose me Darling",
        "artist": "StylipS",
        "type": "Opening 1",
        "correctCount": 55,
        "startTime": 38,
        "songDuration": 89.184,
        "songNumber": 1,
        "activePlayerCount": 160,
        "LinkVideo": "https://files.catbox.moe/gq491q.webm",
        "LinkMp3": "https://files.catbox.moe/h9i2sz.mp3"
    },
    {
        "animeEng": "Slayers Premium",
        "animeRomaji": "Slayers Premium",
        "songName": "Anata wa Takogo",
        "artist": "Yuri Shiratori",
        "type": "Insert Song",
        "correctCount": 3,
        "startTime": 8,
        "songDuration": 45.504,
        "songNumber": 2,
        "activePlayerCount": 160,
        "LinkVideo": "https://files.catbox.moe/c60gbs.webm",
        "LinkMp3": "https://files.catbox.moe/ah24yi.mp3",
        "correctPlayers": [
            "MilkJiang",
            "Diopatra",
            "Yokipi"
        ]
    },
    {
        "animeEng": "Yu-Gi-Oh!",
        "animeRomaji": "Yu-Gi-Oh!",
        "songName": "Kawaita Sakebi",
        "artist": "FIELD OF VIEW",
        "type": "Opening 1",
        "correctCount": 103,
        "startTime": 33,
        "songDuration": 69.456,
        "songNumber": 3,
        "activePlayerCount": 160,
        "LinkVideo": "https://files.catbox.moe/ydvo2p.webm",
        "LinkMp3": "https://files.catbox.moe/mq5zxi.mp3"
    },
    {
        "animeEng": "Ro-Kyu-Bu!",
        "animeRomaji": "Ro-Kyu-Bu!",
        "songName": "Party Love ~Okkiku Naritai~",
        "artist": "RO-KYU-BU!",
        "type": "Ending 1",
        "correctCount": 37,
        "startTime": 32,
        "songDuration": 89.376,
        "songNumber": 4,
        "activePlayerCount": 159,
        "LinkVideo": "https://files.catbox.moe/xp2qbh.webm",
        "LinkMp3": "https://files.catbox.moe/jb3cao.mp3"
    },
    {
        "animeEng": "Nyuru Nyuru!! Kakusen-kun",
        "animeRomaji": "Nyuru Nyuru!! Kakusen-kun",
        "songName": "Nyuru Nyuru Miracle",
        "artist": "Dempagumi.inc",
        "type": "Opening 1",
        "correctCount": 52,
        "startTime": 0,
        "songDuration": 29.674592,
        "songNumber": 5,
        "activePlayerCount": 160,
        "LinkVideo": "https://files.catbox.moe/86a2ol.webm",
        "LinkMp3": "https://files.catbox.moe/7r05nk.mp3"
    },
    {
        "animeEng": "Arc the Lad",
        "animeRomaji": "Arc the Lad",
        "songName": "Arc the Lad ~Main Theme~",
        "artist": "Masahiro Andou",
        "type": "Opening 1",
        "correctCount": 9,
        "startTime": 15,
        "songDuration": 65.592,
        "songNumber": 6,
        "activePlayerCount": 159,
        "LinkVideo": "https://files.catbox.moe/9nxxa3.webm",
        "LinkMp3": "https://files.catbox.moe/mhkdfc.mp3"
    },
    {
        "animeEng": "Haganai NEXT",
        "animeRomaji": "Boku wa Tomodachi ga Sukunai NEXT",
        "songName": "Be My Friend",
        "artist": "Rinjin-bu",
        "type": "Opening 1",
        "correctCount": 111,
        "startTime": 8,
        "songDuration": 89.904,
        "songNumber": 7,
        "activePlayerCount": 157,
        "LinkVideo": "https://files.catbox.moe/dbruze.webm",
        "LinkMp3": "https://files.catbox.moe/si7vim.mp3"
    },
    {
        "animeEng": "Starzinger",
        "animeRomaji": "Science Fiction Saiyuki Starzinger",
        "songName": "Uch\u016b no Senshi Starzinger",
        "artist": "Isao Sasaki & Kamiyo Youth Chorus",
        "type": "Opening 1",
        "correctCount": 11,
        "startTime": 16,
        "songDuration": 70.536,
        "songNumber": 8,
        "activePlayerCount": 157,
        "LinkVideo": "https://files.catbox.moe/5rj7zg.webm",
        "LinkMp3": "https://files.catbox.moe/w7jhdt.mp3"
    },
    {
        "animeEng": "Banj\u014d no Carmel-san",
        "animeRomaji": "Banj\u014d no Carmel-san",
        "songName": "Tenjou o Kakeru Mono-tachi",
        "artist": "Love Planet Five ~I've special unit~",
        "type": "Opening 1",
        "correctCount": 26,
        "startTime": 3,
        "songDuration": 36.192,
        "songNumber": 9,
        "activePlayerCount": 157,
        "LinkVideo": "https://files.catbox.moe/i1avnt.webm",
        "LinkMp3": "https://files.catbox.moe/1vp5bu.mp3"
    },
    {
        "animeEng": "The World God Only Knows: Magical Star Kanon 100%",
        "animeRomaji": "The World God Only Knows: Magical Star Kanon 100%",
        "songName": "Happy Crescent",
        "artist": "Nao T\u014dyama",
        "type": "Insert Song",
        "correctCount": 84,
        "startTime": 6,
        "songDuration": 90.48,
        "songNumber": 10,
        "activePlayerCount": 158,
        "LinkVideo": "https://files.catbox.moe/ac5n26.webm",
        "LinkMp3": "https://files.catbox.moe/gzrq7x.mp3"
    },
    {
        "animeEng": "Hades Project Zeorymer",
        "animeRomaji": "Hades Project Zeorymer",
        "songName": "Kurenai no Loneliness",
        "artist": "Yukio Yamagata",
        "type": "Ending 1",
        "correctCount": 2,
        "startTime": 13,
        "songDuration": 178.128,
        "songNumber": 11,
        "activePlayerCount": 158,
        "LinkVideo": "https://files.catbox.moe/37wnjz.webm",
        "LinkMp3": "https://files.catbox.moe/ugi6gt.mp3",
        "correctPlayers": [
            "Rukawa11",
            "yahallonyanpasu"
        ]
    },
    {
        "animeEng": "Sound of the Sky",
        "animeRomaji": "So Ra No Wo To",
        "songName": "Amazing Grace",
        "artist": "Kanata Sorami",
        "type": "Insert Song",
        "correctCount": 50,
        "startTime": 36,
        "songDuration": 85.104,
        "songNumber": 12,
        "activePlayerCount": 157,
        "LinkVideo": "https://files.catbox.moe/x9uaui.webm",
        "LinkMp3": "https://files.catbox.moe/11moqi.mp3"
    },
    {
        "animeEng": "You're Being Summoned, Azazel Z",
        "animeRomaji": "Yondemasu yo, Azazel-san. Z",
        "songName": "Revival!!",
        "artist": "Team.Nekokan [Neko] featuring. Chihiro Yonekura",
        "type": "Opening 2",
        "correctCount": 11,
        "startTime": 3,
        "songDuration": 59.136,
        "songNumber": 13,
        "activePlayerCount": 157,
        "LinkVideo": "https://files.catbox.moe/vqbhwy.webm",
        "LinkMp3": "https://files.catbox.moe/xfmzk6.mp3"
    },
    {
        "animeEng": "PriPara",
        "animeRomaji": "PriPara",
        "songName": "Triangle Star",
        "artist": "SoLaMi\u2661SMILE",
        "type": "Insert Song",
        "correctCount": 57,
        "startTime": 63,
        "songDuration": 138.888,
        "songNumber": 14,
        "activePlayerCount": 156,
        "LinkVideo": "https://files.catbox.moe/1mkxn8.webm",
        "LinkMp3": "https://files.catbox.moe/buhgi5.mp3"
    },
    {
        "animeEng": "Riddle Story of Devil",
        "animeRomaji": "Akuma no Riddle",
        "songName": "S\u014dsh\u014d Innocence",
        "artist": "Maaya Uchida",
        "type": "Opening 1",
        "correctCount": 80,
        "startTime": 32,
        "songDuration": 87.576,
        "songNumber": 15,
        "activePlayerCount": 155,
        "LinkVideo": "https://files.catbox.moe/a2c1us.webm",
        "LinkMp3": "https://files.catbox.moe/wk56a5.mp3"
    },
    {
        "animeEng": "The Severing Crime Edge",
        "animeRomaji": "Dansai Bunri no Crime Edge",
        "songName": "Unmei no Ori",
        "artist": "Aimi",
        "type": "Opening 1",
        "correctCount": 33,
        "startTime": 54,
        "songDuration": 89.88,
        "songNumber": 16,
        "activePlayerCount": 154,
        "LinkVideo": "https://files.catbox.moe/v8jnyj.webm",
        "LinkMp3": "https://files.catbox.moe/inntm8.mp3"
    },
    {
        "animeEng": "WWW.WAGNARIA!!",
        "animeRomaji": "WWW.WORKING!!",
        "songName": "Eyecatch! Too much!",
        "artist": "Haruka Tomatsu, Y\u014dko Hikasa, Sora Amamiya",
        "type": "Opening 1",
        "correctCount": 70,
        "startTime": 12,
        "songDuration": 89.016,
        "songNumber": 17,
        "activePlayerCount": 153,
        "LinkVideo": "https://files.catbox.moe/6tqgqb.webm",
        "LinkMp3": "https://files.catbox.moe/scg64t.mp3"
    },
    {
        "animeEng": "SUPER HXEROS",
        "animeRomaji": "Doky\u016b Hentai HxEros",
        "songName": "Wake Up H\u00d7ERO!",
        "artist": "HXEROS SYNDROMES feat. Yoshitsugu Matsuoka",
        "type": "Opening 1",
        "correctCount": 84,
        "startTime": 26,
        "songDuration": 88.56,
        "songNumber": 18,
        "activePlayerCount": 153,
        "LinkVideo": "https://files.catbox.moe/affc43.webm",
        "LinkMp3": "https://files.catbox.moe/i4yvhz.mp3"
    },
    {
        "animeEng": "Lupin III: Italian Game",
        "animeRomaji": "Lupin Sansei: Italian Game",
        "songName": "Melancholy Baby",
        "artist": "Shiori Sasaki",
        "type": "Insert Song",
        "correctCount": 2,
        "startTime": 46,
        "songDuration": 200.832,
        "songNumber": 19,
        "activePlayerCount": 153,
        "LinkVideo": "https://files.catbox.moe/inytc6.webm",
        "LinkMp3": "https://files.catbox.moe/mpbz7z.mp3",
        "correctPlayers": [
            "Diukes",
            "Motsu"
        ]
    },
    {
        "animeEng": "Barrier Master",
        "animeRomaji": "Kekkaishi",
        "songName": "Sha la la - Ayakashi NIGHT",
        "artist": "Saeka Uura",
        "type": "Opening 1",
        "correctCount": 43,
        "startTime": 5,
        "songDuration": 85.079354,
        "songNumber": 20,
        "activePlayerCount": 153,
        "LinkVideo": "https://files.catbox.moe/5u8gpi.webm",
        "LinkMp3": "https://files.catbox.moe/8w5rp5.mp3"
    },
    {
        "animeEng": "Junji Ito Collection",
        "animeRomaji": "Ito Junji: Collection",
        "songName": "Shichitenbatt\u014d no Blues",
        "artist": "THE PINBALLS",
        "type": "Opening 1",
        "correctCount": 44,
        "startTime": 42,
        "songDuration": 89.688,
        "songNumber": 21,
        "activePlayerCount": 152,
        "LinkVideo": "https://files.catbox.moe/c4nun2.webm",
        "LinkMp3": "https://files.catbox.moe/8mwx1f.mp3"
    },
    {
        "animeEng": "Love Live! Sunshine!!",
        "animeRomaji": "Love Live! School idol project Sunshine!!",
        "songName": "Yuuki wa Doko ni? Kimi no Mune ni!",
        "artist": "Anju Inami, Rikako Aida, Shuka Saitou",
        "type": "Ending 1",
        "correctCount": 75,
        "startTime": 33,
        "songDuration": 98.140354,
        "songNumber": 22,
        "activePlayerCount": 149,
        "LinkVideo": "https://files.catbox.moe/qf30po.webm",
        "LinkMp3": "https://files.catbox.moe/o91drt.mp3"
    },
    {
        "animeEng": "Shin Koihime\u2020Mus\u014d",
        "animeRomaji": "Shin Koihime\u2020Mus\u014d",
        "songName": "Ima o Shinjite",
        "artist": "Chiaki Takahashi",
        "type": "Insert Song",
        "correctCount": 7,
        "startTime": 0,
        "songDuration": 31.059058,
        "songNumber": 23,
        "activePlayerCount": 150,
        "LinkVideo": "https://files.catbox.moe/2w4g2b.webm",
        "LinkMp3": "https://files.catbox.moe/kt822s.mp3"
    },
    {
        "animeEng": "Initial D: Fourth Stage",
        "animeRomaji": "Initial D: Fourth Stage",
        "songName": "STEEL BLADE",
        "artist": "JEAN LOVE",
        "type": "Insert Song",
        "correctCount": 17,
        "startTime": 49,
        "songDuration": 121.872,
        "songNumber": 24,
        "activePlayerCount": 150,
        "LinkVideo": "https://files.catbox.moe/ijgomu.webm",
        "LinkMp3": "https://files.catbox.moe/5pwb3f.mp3"
    },
    {
        "animeEng": "X-Men",
        "animeRomaji": "X-Men",
        "songName": "Fighting for Justice, Fighting for All",
        "artist": "Tetsuya Takahashi",
        "type": "Ending 1",
        "correctCount": 35,
        "startTime": 13,
        "songDuration": 88.296,
        "songNumber": 25,
        "activePlayerCount": 150,
        "LinkVideo": "https://files.catbox.moe/jylcvj.webm",
        "LinkMp3": "https://files.catbox.moe/2ornc3.mp3"
    },
    {
        "animeEng": "BIG ORDER",
        "animeRomaji": "BIG ORDER",
        "songName": "DISORDER",
        "artist": "Yousei Teikoku",
        "type": "Opening 1",
        "correctCount": 81,
        "startTime": 22,
        "songDuration": 89.04,
        "songNumber": 26,
        "activePlayerCount": 150,
        "LinkVideo": "https://files.catbox.moe/nndepb.webm",
        "LinkMp3": "https://files.catbox.moe/r7eyze.mp3"
    },
    {
        "animeEng": "Asura Cryin'",
        "animeRomaji": "Asura Cryin'",
        "songName": "Spiral",
        "artist": "angela",
        "type": "Opening 1",
        "correctCount": 46,
        "startTime": 48,
        "songDuration": 88.848,
        "songNumber": 27,
        "activePlayerCount": 150,
        "LinkVideo": "https://files.catbox.moe/nahpna.webm",
        "LinkMp3": "https://files.catbox.moe/76q1y5.mp3"
    },
    {
        "animeEng": "Hatsukoi Limited.",
        "animeRomaji": "Hatsukoi Limited.",
        "songName": "Hatsukoi Limited",
        "artist": "marble",
        "type": "Ending 1",
        "correctCount": 21,
        "startTime": 8,
        "songDuration": 88.512,
        "songNumber": 28,
        "activePlayerCount": 149,
        "LinkVideo": "https://files.catbox.moe/aki6ed.webm",
        "LinkMp3": "https://files.catbox.moe/ei1lbc.mp3"
    },
    {
        "animeEng": "Cyber City Oedo 808",
        "animeRomaji": "Cyber City Oedo 808",
        "songName": "Burning World ~Tsuioku no Command~",
        "artist": "Hidemi Miura",
        "type": "Opening 1",
        "correctCount": 6,
        "startTime": 55,
        "songDuration": 108.552,
        "songNumber": 29,
        "activePlayerCount": 149,
        "LinkVideo": "https://files.catbox.moe/ecoa33.webm",
        "LinkMp3": "https://files.catbox.moe/n4f8m4.mp3"
    },
    {
        "animeEng": "Overlord: Fushisha no \u014c",
        "animeRomaji": "Overlord: Fushisha no \u014c",
        "songName": "Crazy Scary Holy Fantasy",
        "artist": "MYTH & ROID",
        "type": "Ending 1",
        "correctCount": 62,
        "startTime": 76,
        "songDuration": 195.072,
        "songNumber": 30,
        "activePlayerCount": 148,
        "LinkVideo": "https://files.catbox.moe/lmx1qh.webm",
        "LinkMp3": "https://files.catbox.moe/kmaw4l.mp3"
    },
    {
        "animeEng": "Antique Heart",
        "animeRomaji": "Antique Heart",
        "songName": "Hissatsu! Gakuen Benriya Boys",
        "artist": "Toshio Furukawa, Hirokazu Hiramatsu, Toshihiko Seki",
        "type": "Ending 1",
        "correctCount": 1,
        "startTime": 26,
        "songDuration": 124.0587,
        "songNumber": 31,
        "activePlayerCount": 148,
        "LinkVideo": "https://files.catbox.moe/h2vym2.webm",
        "LinkMp3": "https://files.catbox.moe/k4vhv8.mp3",
        "correctPlayers": [
            "ShiroKuro"
        ]
    },
    {
        "animeEng": "Diebuster (Gunbuster 2)",
        "animeRomaji": "Top o Nerae 2!: Diebuster",
        "songName": "Groovin' Magic",
        "artist": "ROUND TABLE feat. Nino",
        "type": "Opening 1",
        "correctCount": 60,
        "startTime": 8,
        "songDuration": 95.352,
        "songNumber": 32,
        "activePlayerCount": 147,
        "LinkVideo": "https://files.catbox.moe/vzz2t6.webm",
        "LinkMp3": "https://files.catbox.moe/glak3s.mp3"
    },
    {
        "animeEng": "22/7 (nanabun no nijy\u016bni)",
        "animeRomaji": "22/7",
        "songName": "Muzui",
        "artist": "22/7",
        "type": "Opening 1",
        "correctCount": 77,
        "startTime": 24,
        "songDuration": 90.648,
        "songNumber": 33,
        "activePlayerCount": 146,
        "LinkVideo": "https://files.catbox.moe/f8h4wx.webm",
        "LinkMp3": "https://files.catbox.moe/arrpgj.mp3"
    },
    {
        "animeEng": "RahXephon",
        "animeRomaji": "RahXephon",
        "songName": "Yume no Tamago (English Version)",
        "artist": "Ichiko Hashimoto & Mayumi Hashimoto",
        "type": "Ending 1",
        "correctCount": 11,
        "startTime": 31,
        "songDuration": 89.424,
        "songNumber": 34,
        "activePlayerCount": 145,
        "LinkVideo": "https://files.catbox.moe/ci7izc.webm",
        "LinkMp3": "https://files.catbox.moe/mjkchb.mp3"
    },
    {
        "animeEng": "Moshi Moshi, Terumi desu",
        "animeRomaji": "Moshi Moshi, Terumi desu",
        "songName": "Kimi to,",
        "artist": "Aya Uchida",
        "type": "Opening 1",
        "correctCount": 26,
        "startTime": 0,
        "songDuration": 15.02015,
        "songNumber": 35,
        "activePlayerCount": 144,
        "LinkVideo": "https://files.catbox.moe/wohri8.webm",
        "LinkMp3": "https://files.catbox.moe/ncmi9n.mp3"
    },
    {
        "animeEng": "Isekai Cheat Magician",
        "animeRomaji": "Isekai Cheat Magician",
        "songName": "PANTA RHEI",
        "artist": "MYTH & ROID",
        "type": "Opening 1",
        "correctCount": 106,
        "startTime": 37,
        "songDuration": 89.52,
        "songNumber": 36,
        "activePlayerCount": 144,
        "LinkVideo": "https://files.catbox.moe/aysvui.webm",
        "LinkMp3": "https://files.catbox.moe/3fizpn.mp3"
    },
    {
        "animeEng": "Vampire Princess Miyu",
        "animeRomaji": "Vampire Princess Miyu",
        "songName": "Aitai",
        "artist": "Hiroko Kasahara",
        "type": "Insert Song",
        "correctCount": 1,
        "startTime": 25,
        "songDuration": 77.04,
        "songNumber": 37,
        "activePlayerCount": 144,
        "LinkVideo": "https://files.catbox.moe/u495xu.webm",
        "LinkMp3": "https://files.catbox.moe/4h624s.mp3",
        "correctPlayers": [
            "Luiseiti"
        ]
    },
    {
        "animeEng": "Azusa Will Help!",
        "animeRomaji": "Azusa, Otetsudai Shimasu!",
        "songName": "Pallhkari ~Yuusha-tachi~",
        "artist": "Naomi Amagata",
        "type": "Ending 1",
        "correctCount": 3,
        "startTime": 38,
        "songDuration": 119.0432,
        "songNumber": 38,
        "activePlayerCount": 144,
        "LinkVideo": "https://files.catbox.moe/zzh2pm.webm",
        "LinkMp3": "https://files.catbox.moe/16fuba.mp3",
        "correctPlayers": [
            "Rukawa11",
            "yahallonyanpasu",
            "ryser"
        ]
    },
    {
        "animeEng": "The IDOLM@STER Cinderella Girls",
        "animeRomaji": "The IDOLM@STER Cinderella Girls: Anytime, Anywhere with Cinderella.",
        "songName": "Yume-iro Harmony",
        "artist": "CINDERELLA PROJECT",
        "type": "Ending 1",
        "correctCount": 6,
        "startTime": 3,
        "songDuration": 110.64,
        "songNumber": 39,
        "activePlayerCount": 144,
        "LinkVideo": "https://files.catbox.moe/5opk2a.webm",
        "LinkMp3": "https://files.catbox.moe/26je4e.mp3"
    },
    {
        "animeEng": "Precure Miracle Universe",
        "animeRomaji": "Precure Miracle Universe",
        "songName": "Precure! Kana Yell\u2606Miracle",
        "artist": "Kanako Miyamoto",
        "type": "Opening 1",
        "correctCount": 47,
        "startTime": 0,
        "songDuration": 22.752,
        "songNumber": 40,
        "activePlayerCount": 144,
        "LinkVideo": "https://files.catbox.moe/w0efbm.webm",
        "LinkMp3": "https://files.catbox.moe/puzngj.mp3"
    },
    {
        "animeEng": "Noblesse",
        "animeRomaji": "Noblesse",
        "songName": "BREAKING DAWN (Japanese Ver.) Produced by HYDE",
        "artist": "J-JUN",
        "type": "Opening 1",
        "correctCount": 55,
        "startTime": 48,
        "songDuration": 88.056,
        "songNumber": 41,
        "activePlayerCount": 143,
        "LinkVideo": "https://files.catbox.moe/4q2o7a.webm",
        "LinkMp3": "https://files.catbox.moe/jopawj.mp3"
    },
    {
        "animeEng": "Recently, my sister is unusual.",
        "animeRomaji": "ImoCho.",
        "songName": "Charming Do!",
        "artist": "Yui Ogura",
        "type": "Ending 1",
        "correctCount": 18,
        "startTime": 55,
        "songDuration": 88.992,
        "songNumber": 42,
        "activePlayerCount": 143,
        "LinkVideo": "https://files.catbox.moe/j542xd.webm",
        "LinkMp3": "https://files.catbox.moe/pz0jvi.mp3"
    },
    {
        "animeEng": "Transformers: Cybertron",
        "animeRomaji": "Transformers: Cybertron",
        "songName": "CALL YOU... Kimi to Boku no Mirai",
        "artist": "Shinji Kakijima",
        "type": "Opening 1",
        "correctCount": 7,
        "startTime": 26,
        "songDuration": 88.68,
        "songNumber": 43,
        "activePlayerCount": 143,
        "LinkVideo": "https://files.catbox.moe/i5d6hg.webm",
        "LinkMp3": "https://files.catbox.moe/q60wbx.mp3"
    },
    {
        "animeEng": "Precure All Stars DX3: Mirai ni Todoke! Sekai o Tsunagu\u2606Niji-Iro no Hana",
        "animeRomaji": "Precure All Stars DX3: Mirai ni Todoke! Sekai o Tsunagu\u2606Niji-Iro no Hana",
        "songName": "Let's! Fresh Precure! ~Hybrid Version~",
        "artist": "Mizuki Moie",
        "type": "Insert Song",
        "correctCount": 41,
        "startTime": 9,
        "songDuration": 43.392,
        "songNumber": 44,
        "activePlayerCount": 143,
        "LinkVideo": "https://files.catbox.moe/8upx2c.webm",
        "LinkMp3": "https://files.catbox.moe/7t1r3d.mp3"
    },
    {
        "animeEng": "as the moon, so beautiful",
        "animeRomaji": "Tsukigakirei",
        "songName": "Yasashii Kimochi",
        "artist": "Nao T\u014dyama",
        "type": "Insert Song",
        "correctCount": 54,
        "startTime": 2,
        "songDuration": 76.92,
        "songNumber": 45,
        "activePlayerCount": 143,
        "LinkVideo": "https://files.catbox.moe/fuurw0.webm",
        "LinkMp3": "https://files.catbox.moe/t7n7i2.mp3"
    },
    {
        "animeEng": "Touch: Ace Without A Number On His Back",
        "animeRomaji": "Touch: Sebangou no Nai Ace",
        "songName": "Sebang\u014d no Nai Ace",
        "artist": "Rough & Ready",
        "type": "Opening 1",
        "correctCount": 16,
        "startTime": 19,
        "songDuration": 110.313206,
        "songNumber": 46,
        "activePlayerCount": 143,
        "LinkVideo": "https://files.catbox.moe/udoeu5.webm",
        "LinkMp3": "https://files.catbox.moe/6sf8vb.mp3"
    },
    {
        "animeEng": "I and Myself: The Two Lottes",
        "animeRomaji": "Watashi to Watashi: Futari no Lotte",
        "songName": "Image na Kankei",
        "artist": "Wink",
        "type": "Opening 1",
        "correctCount": 2,
        "startTime": 62,
        "songDuration": 95.184,
        "songNumber": 47,
        "activePlayerCount": 143,
        "LinkVideo": "https://files.catbox.moe/wmvzbf.webm",
        "LinkMp3": "https://files.catbox.moe/kj2yro.mp3",
        "correctPlayers": [
            "Rukawa11",
            "ryser"
        ]
    },
    {
        "animeEng": "No Game No Life Zero",
        "animeRomaji": "No Game No Life Zero",
        "songName": "THERE IS A REASON",
        "artist": "Konomi Suzuki",
        "type": "Ending 1",
        "correctCount": 107,
        "startTime": 82,
        "songDuration": 289.656,
        "songNumber": 48,
        "activePlayerCount": 143,
        "LinkVideo": "https://files.catbox.moe/450jyl.webm",
        "LinkMp3": "https://files.catbox.moe/n8cq75.mp3"
    },
    {
        "animeEng": "Cardfight!! Vanguard: Shinemon-hen",
        "animeRomaji": "Cardfight!! Vanguard: Shinemon-hen",
        "songName": "Mermaid Graffiti",
        "artist": "Ayasa Ito",
        "type": "Insert Song",
        "correctCount": 4,
        "startTime": 12,
        "songDuration": 87.984,
        "songNumber": 49,
        "activePlayerCount": 143,
        "LinkVideo": "https://files.catbox.moe/6kbt39.webm",
        "LinkMp3": "https://files.catbox.moe/oxwbuj.mp3",
        "correctPlayers": [
            "neoburnz",
            "revel_",
            "yahallonyanpasu",
            "pondzaza032"
        ]
    },
    {
        "animeEng": "UFO Ultramaiden Valkyrie",
        "animeRomaji": "UFO Ultramaiden Valkyrie",
        "songName": "Itoshii Kakera",
        "artist": "Melocure",
        "type": "Opening 1",
        "correctCount": 20,
        "startTime": 54,
        "songDuration": 89.4,
        "songNumber": 50,
        "activePlayerCount": 142,
        "LinkVideo": "https://files.catbox.moe/ocn9q5.webm",
        "LinkMp3": "https://files.catbox.moe/damgr9.mp3"
    },
    {
        "animeEng": "Tenchi Muyo! Ryo Ohki",
        "animeRomaji": "Tenchi Muyo! Ryo Ohki",
        "songName": "Tenchi Muy\u014d! Ryo-Ohki Dai-3-ki Theme",
        "artist": "Akifumi Tada",
        "type": "Opening 1",
        "correctCount": 7,
        "startTime": 19,
        "songDuration": 87.912,
        "songNumber": 51,
        "activePlayerCount": 143,
        "LinkVideo": "https://files.catbox.moe/ib4fmb.webm",
        "LinkMp3": "https://files.catbox.moe/48wfnt.mp3"
    },
    {
        "animeEng": "Love Bullet: Yurikuma Arashi",
        "animeRomaji": "Yurikuma Arashi",
        "songName": "Ano Mori de Matteru",
        "artist": "Bonjour Suzuki",
        "type": "Opening 1",
        "correctCount": 74,
        "startTime": 16,
        "songDuration": 88.824,
        "songNumber": 52,
        "activePlayerCount": 143,
        "LinkVideo": "https://files.catbox.moe/2banng.webm",
        "LinkMp3": "https://files.catbox.moe/hewjbo.mp3"
    },
    {
        "animeEng": "Plunderer",
        "animeRomaji": "Plunderer",
        "songName": "Kokou no Hikari Lonely dark",
        "artist": "Miku It\u014d",
        "type": "Opening 2",
        "correctCount": 54,
        "startTime": 5,
        "songDuration": 88.344,
        "songNumber": 53,
        "activePlayerCount": 141,
        "LinkVideo": "https://files.catbox.moe/safbye.webm",
        "LinkMp3": "https://files.catbox.moe/bhvgxk.mp3"
    },
    {
        "animeEng": "Food Wars! The Third Plate",
        "animeRomaji": "Shokugeki no S\u014dma: San no Sara",
        "songName": "Symbol",
        "artist": "Luck Life",
        "type": "Opening 1",
        "correctCount": 107,
        "startTime": 44,
        "songDuration": 89.5712,
        "songNumber": 54,
        "activePlayerCount": 141,
        "LinkVideo": "https://files.catbox.moe/w7qk2h.webm",
        "LinkMp3": "https://files.catbox.moe/q6la21.mp3"
    },
    {
        "animeEng": "Mushi-Shi",
        "animeRomaji": "Mushishi",
        "songName": "Yama Nemuru",
        "artist": "Toshio Masuda",
        "type": "Ending 11",
        "correctCount": 76,
        "startTime": 4,
        "songDuration": 40.854808,
        "songNumber": 55,
        "activePlayerCount": 141,
        "LinkVideo": "https://files.catbox.moe/uuwlht.webm",
        "LinkMp3": "https://files.catbox.moe/pmv2vd.mp3"
    },
    {
        "animeEng": "Ojamajo Doremi Na-i-sho",
        "animeRomaji": "Ojamajo Doremi Na-i-sho",
        "songName": "ARIGATO",
        "artist": "Nami Miyahara",
        "type": "Insert Song",
        "correctCount": 1,
        "startTime": 26,
        "songDuration": 94.056,
        "songNumber": 56,
        "activePlayerCount": 141,
        "LinkVideo": "https://files.catbox.moe/ovdwe1.webm",
        "LinkMp3": "https://files.catbox.moe/gw7o67.mp3",
        "correctPlayers": [
            "SrueyaF"
        ]
    },
    {
        "animeEng": "Giant Killing",
        "animeRomaji": "Giant Killing",
        "songName": "Get tough!",
        "artist": "G\u30fbP\u30fbS",
        "type": "Ending 1",
        "correctCount": 15,
        "startTime": 33,
        "songDuration": 76.056,
        "songNumber": 57,
        "activePlayerCount": 141,
        "LinkVideo": "https://files.catbox.moe/r8egxz.webm",
        "LinkMp3": "https://files.catbox.moe/380sat.mp3"
    },
    {
        "animeEng": "BURN THE WITCH",
        "animeRomaji": "BURN THE WITCH",
        "songName": "Blowing",
        "artist": "NiL",
        "type": "Ending 1",
        "correctCount": 41,
        "startTime": 31,
        "songDuration": 88.896,
        "songNumber": 58,
        "activePlayerCount": 140,
        "LinkVideo": "https://files.catbox.moe/7r3cpl.webm",
        "LinkMp3": "https://files.catbox.moe/w7l1oq.mp3"
    },
    {
        "animeEng": "Saint Seiya: The Lost Canvas",
        "animeRomaji": "Saint Seiya: The Lost Canvas - Mei\u014d Shinwa",
        "songName": "The Realm of Athena",
        "artist": "EUROX",
        "type": "Opening 1",
        "correctCount": 48,
        "startTime": 13,
        "songDuration": 88.0849,
        "songNumber": 59,
        "activePlayerCount": 139,
        "LinkVideo": "https://files.catbox.moe/mpsc3u.webm",
        "LinkMp3": "https://files.catbox.moe/v6bgrl.mp3"
    },
    {
        "animeEng": "The Ancient Magus' Bride",
        "animeRomaji": "Mah\u014dtsukai no Yome",
        "songName": "Rose",
        "artist": "Kaco",
        "type": "Insert Song",
        "correctCount": 24,
        "startTime": 50,
        "songDuration": 110.04,
        "songNumber": 60,
        "activePlayerCount": 139,
        "LinkVideo": "https://files.catbox.moe/l8cdxb.webm",
        "LinkMp3": "https://files.catbox.moe/dihphd.mp3"
    },
    {
        "animeEng": "Lord Marksman and Vanadis",
        "animeRomaji": "Lord Marksman and Vanadis",
        "songName": "Ginsen no Kaze",
        "artist": "Konomi Suzuki",
        "type": "Opening 1",
        "correctCount": 71,
        "startTime": 56,
        "songDuration": 89.232,
        "songNumber": 61,
        "activePlayerCount": 139,
        "LinkVideo": "https://files.catbox.moe/5vn0yz.webm",
        "LinkMp3": "https://files.catbox.moe/d1clkd.mp3"
    },
    {
        "animeEng": "Yatterman",
        "animeRomaji": "Yatterman",
        "songName": "Yatterking 2009 Natsu! Anime",
        "artist": "Masayuki Yamamoto feat. Pink Piggies",
        "type": "Insert Song",
        "correctCount": 99,
        "startTime": 48,
        "songDuration": 190.392,
        "songNumber": 62,
        "activePlayerCount": 139,
        "LinkVideo": "https://files.catbox.moe/1i2xkz.webm",
        "LinkMp3": "https://files.catbox.moe/m8r72n.mp3"
    },
    {
        "animeEng": "Lady Georgie",
        "animeRomaji": "Lady Georgie",
        "songName": "Wasurerareta Message",
        "artist": "Yuriko Yamamoto",
        "type": "Opening 1",
        "correctCount": 8,
        "startTime": 35,
        "songDuration": 70.872,
        "songNumber": 63,
        "activePlayerCount": 139,
        "LinkVideo": "https://files.catbox.moe/k2q8rt.webm",
        "LinkMp3": "https://files.catbox.moe/qqvjet.mp3"
    },
    {
        "animeEng": "7SEEDS",
        "animeRomaji": "7SEEDS",
        "songName": "WISH",
        "artist": "majiko",
        "type": "Ending 1",
        "correctCount": 19,
        "startTime": 15,
        "songDuration": 88.944,
        "songNumber": 64,
        "activePlayerCount": 139,
        "LinkVideo": "https://files.catbox.moe/s2xh5z.webm",
        "LinkMp3": "https://files.catbox.moe/lmtbmr.mp3"
    },
    {
        "animeEng": "Onara Goro",
        "animeRomaji": "Onara Goro",
        "songName": "MECHA DESOUNARA ~Subete ni Sayo Onara~",
        "artist": "AndCrazy",
        "type": "Ending 1",
        "correctCount": 12,
        "startTime": 0,
        "songDuration": 29.568,
        "songNumber": 65,
        "activePlayerCount": 139,
        "LinkVideo": "https://files.catbox.moe/m5isgo.webm",
        "LinkMp3": "https://files.catbox.moe/zyykh5.mp3"
    },
    {
        "animeEng": "Bannertail: The Story of Gray Squirrel",
        "animeRomaji": "Seaton Doubutsuki Risu no Banner",
        "songName": "Hickory no Ki no Mi",
        "artist": "Rie Asakura",
        "type": "Ending 1",
        "correctCount": 0,
        "startTime": 5,
        "songDuration": 64.176,
        "songNumber": 66,
        "activePlayerCount": 139,
        "LinkVideo": "https://files.catbox.moe/fphgbj.webm",
        "LinkMp3": "https://files.catbox.moe/j5rot2.mp3"
    },
    {
        "animeEng": "Gakky\u016b-\u014d Yamazaki",
        "animeRomaji": "Gakky\u016b-\u014d Yamazaki",
        "songName": "Yamazaki Ichiban!",
        "artist": "Housei Yamasaki",
        "type": "Opening 1",
        "correctCount": 21,
        "startTime": 32,
        "songDuration": 91.68,
        "songNumber": 67,
        "activePlayerCount": 139,
        "LinkVideo": "https://files.catbox.moe/q8v5x7.webm",
        "LinkMp3": "https://files.catbox.moe/9cinlb.mp3"
    },
    {
        "animeEng": "Future Card Buddyfight X: All-Star Fight",
        "animeRomaji": "Future Card Buddyfight X: All-Star Fight",
        "songName": "Buddyfight\u00d7Buddyfighter",
        "artist": "Jun Shirota",
        "type": "Opening 1",
        "correctCount": 15,
        "startTime": 29,
        "songDuration": 88.710312,
        "songNumber": 68,
        "activePlayerCount": 139,
        "LinkVideo": "https://files.catbox.moe/0e2ilx.webm",
        "LinkMp3": "https://files.catbox.moe/c2saaz.mp3"
    },
    {
        "animeEng": "JUJUTSU KAISEN",
        "animeRomaji": "JUJUTSU KAISEN",
        "songName": "LOST IN PARADISE",
        "artist": "ALI feat. AKLO",
        "type": "Ending 1",
        "correctCount": 87,
        "startTime": 43,
        "songDuration": 87.744,
        "songNumber": 69,
        "activePlayerCount": 139,
        "LinkVideo": "https://files.catbox.moe/ttmvl5.webm",
        "LinkMp3": "https://files.catbox.moe/6d3f5m.mp3"
    },
    {
        "animeEng": "Fate/Grand Order Absolute Demonic Front: Babylonia",
        "animeRomaji": "Fate/Grand Order: Zettai Maj\u016b Sensen Babylonia",
        "songName": "Tell me",
        "artist": "milet",
        "type": "Ending 3",
        "correctCount": 61,
        "startTime": 19,
        "songDuration": 89.52,
        "songNumber": 70,
        "activePlayerCount": 139,
        "LinkVideo": "https://files.catbox.moe/4dvlxz.webm",
        "LinkMp3": "https://files.catbox.moe/r7p7qn.mp3"
    },
    {
        "animeEng": "Night Wizard The Animation",
        "animeRomaji": "Night Wizard The Animation",
        "songName": "Erinyes",
        "artist": "BETTA FLASH",
        "type": "Ending 1",
        "correctCount": 11,
        "startTime": 11,
        "songDuration": 88.392,
        "songNumber": 71,
        "activePlayerCount": 139,
        "LinkVideo": "https://files.catbox.moe/0z1asw.webm",
        "LinkMp3": "https://files.catbox.moe/r3b96m.mp3"
    },
    {
        "animeEng": "Peacemaker",
        "animeRomaji": "Peacemaker Kurogane",
        "songName": "HEY JIMMY",
        "artist": "HAV",
        "type": "Ending 1",
        "correctCount": 1,
        "startTime": 0,
        "songDuration": 89.441728,
        "songNumber": 72,
        "activePlayerCount": 139,
        "LinkVideo": "https://files.catbox.moe/u7donx.webm",
        "LinkMp3": "https://files.catbox.moe/v8qsyk.mp3",
        "correctPlayers": [
            "Hachinan"
        ]
    },
    {
        "animeEng": "Mekakucity Actors",
        "animeRomaji": "Mekakucity Actors",
        "songName": "Y\u016bkei Yesterday",
        "artist": "Jin ft. LiSA",
        "type": "Ending 2",
        "correctCount": 68,
        "startTime": 60,
        "songDuration": 99.341966,
        "songNumber": 73,
        "activePlayerCount": 139,
        "LinkVideo": "https://files.catbox.moe/3et639.webm",
        "LinkMp3": "https://files.catbox.moe/kh065r.mp3"
    },
    {
        "animeEng": "The Vision of Escaflowne",
        "animeRomaji": "Tenk\u016b no Escaflowne",
        "songName": "Yakusoku wa Iranai",
        "artist": "Maaya Sakamoto",
        "type": "Opening 1",
        "correctCount": 44,
        "startTime": 4,
        "songDuration": 88.848,
        "songNumber": 74,
        "activePlayerCount": 139,
        "LinkVideo": "https://files.catbox.moe/o56d6v.webm",
        "LinkMp3": "https://files.catbox.moe/alpp3r.mp3"
    },
    {
        "animeEng": "Himitsu no Akko-chan",
        "animeRomaji": "Himitsu no Akko-chan",
        "songName": "Sukisuki Song",
        "artist": "Ado Mizumori",
        "type": "Ending 1",
        "correctCount": 67,
        "startTime": 18,
        "songDuration": 56.832,
        "songNumber": 75,
        "activePlayerCount": 138,
        "LinkVideo": "https://files.catbox.moe/5cslwv.webm",
        "LinkMp3": "https://files.catbox.moe/bcg8xl.mp3"
    }
]