[
    {
        "animeEng": "Alice in the Country of Hearts: Wonderful Wonder World",
        "animeRomaji": "Gekij\u014dban Heart no Kuni no Alice - Wonderful Wonder World",
        "songName": "Wonderful Wonder World",
        "artist": "Hisano",
        "type": "Opening 1",
        "correctCount": 1,
        "startTime": 38,
        "songDuration": 78.984,
        "songNumber": 1,
        "activePlayerCount": 193,
        "LinkVideo": "https://files.catbox.moe/tduvbd.webm",
        "LinkMp3": "https://files.catbox.moe/je52ak.mp3",
        "correctPlayers": [
            "watashiii"
        ]
    },
    {
        "animeEng": "Ple Ple Pleiades - Clementine T\u014db\u014d-hen",
        "animeRomaji": "Ple Ple Pleiades - Clementine T\u014db\u014d-hen",
        "songName": "Party Out!!",
        "artist": "OxT",
        "type": "Opening 1",
        "correctCount": 19,
        "startTime": 46,
        "songDuration": 89.448,
        "songNumber": 2,
        "activePlayerCount": 194,
        "LinkVideo": "https://files.catbox.moe/v5py5v.webm",
        "LinkMp3": "https://files.catbox.moe/vvx4sv.mp3"
    },
    {
        "animeEng": "Augmented Reality Girls Trinary",
        "animeRomaji": "Kakuch\u014d Sh\u014djo-kei Trinary",
        "songName": "Wishreal ~Daiissh\u014d Elkador~ (from.wishreal)",
        "artist": "FreyMENOW",
        "type": "Insert Song",
        "correctCount": 7,
        "startTime": 0,
        "songDuration": 28.752,
        "songNumber": 3,
        "activePlayerCount": 194,
        "LinkVideo": "https://files.catbox.moe/dciu9f.webm",
        "LinkMp3": "https://files.catbox.moe/67m4z0.mp3"
    },
    {
        "animeEng": "Blast of Tempest",
        "animeRomaji": "Zetsuen no Tempest",
        "songName": "Spirit Inspiration",
        "artist": "Nothing's Carved In Stone",
        "type": "Opening 1",
        "correctCount": 76,
        "startTime": 11,
        "songDuration": 88.55358,
        "songNumber": 4,
        "activePlayerCount": 194,
        "LinkVideo": "https://files.catbox.moe/hyszhf.webm",
        "LinkMp3": "https://files.catbox.moe/om7rcu.mp3"
    },
    {
        "animeEng": "Zetman",
        "animeRomaji": "Zetman",
        "songName": "dots and lines",
        "artist": "You Hitoto & Mummy-D",
        "type": "Opening 1",
        "correctCount": 42,
        "startTime": 29,
        "songDuration": 89.016,
        "songNumber": 5,
        "activePlayerCount": 193,
        "LinkVideo": "https://files.catbox.moe/hwmsw2.webm",
        "LinkMp3": "https://files.catbox.moe/i20ibl.mp3"
    },
    {
        "animeEng": "Bakuman.",
        "animeRomaji": "Bakuman.",
        "songName": "Zettai\u2606Sh\u014djo Shugi!!",
        "artist": "Saori Hayami to SeiVi-tai",
        "type": "Insert Song",
        "correctCount": 6,
        "startTime": 0,
        "songDuration": 27.912,
        "songNumber": 6,
        "activePlayerCount": 193,
        "LinkVideo": "https://files.catbox.moe/5kjdv2.webm",
        "LinkMp3": "https://files.catbox.moe/g51tn2.mp3"
    },
    {
        "animeEng": "Sayonara Zetsubou Sensei Extreme",
        "animeRomaji": "Zoku Sayonara Zetsub\u014d Sensei",
        "songName": "K\u016bs\u014d Rumba",
        "artist": "Kenji \u014ctsuki to Zetsub\u014d Sh\u014djo-tachi",
        "type": "Opening 1",
        "correctCount": 83,
        "startTime": 3,
        "songDuration": 89.112,
        "songNumber": 7,
        "activePlayerCount": 193,
        "LinkVideo": "https://files.catbox.moe/h776ah.webm",
        "LinkMp3": "https://files.catbox.moe/3snp99.mp3"
    },
    {
        "animeEng": "Bladedance of the Elementalers",
        "animeRomaji": "Seirei Tsukai no Blade Dance",
        "songName": "Ky\u014dmei no True Force",
        "artist": "Hitomi Harada",
        "type": "Opening 1",
        "correctCount": 73,
        "startTime": 56,
        "songDuration": 89.4,
        "songNumber": 8,
        "activePlayerCount": 192,
        "LinkVideo": "https://files.catbox.moe/afuqdj.webm",
        "LinkMp3": "https://files.catbox.moe/8gsay7.mp3"
    },
    {
        "animeEng": "Space Symphony Maetel: Ginga Tetsud\u014d 999 Gaiden",
        "animeRomaji": "Space Symphony Maetel: Ginga Tetsud\u014d 999 Gaiden",
        "songName": "Galaxy Legend",
        "artist": "Takako Uehara",
        "type": "Ending 1",
        "correctCount": 3,
        "startTime": 3,
        "songDuration": 89.546216,
        "songNumber": 9,
        "activePlayerCount": 191,
        "LinkVideo": "https://files.catbox.moe/9zoy05.webm",
        "LinkMp3": "https://files.catbox.moe/ipu3d9.mp3",
        "correctPlayers": [
            "iZaphkiel",
            "Catisam",
            "Kraznov"
        ]
    },
    {
        "animeEng": "Maken-Ki! It's Summer! It's Swimsuits! It's Training Camp!",
        "animeRomaji": "Maken-Ki! Natsu da! Mizugi da! Gasshuku da!",
        "songName": "Baby! Baby!",
        "artist": "Mina & Hitomi Harada",
        "type": "Ending 1",
        "correctCount": 4,
        "startTime": 5,
        "songDuration": 85.752,
        "songNumber": 10,
        "activePlayerCount": 192,
        "LinkVideo": "https://files.catbox.moe/otyu77.webm",
        "LinkMp3": "https://files.catbox.moe/x4mtnf.mp3",
        "correctPlayers": [
            "kneesoxluver",
            "Neutral",
            "kar72",
            "Kirivert"
        ]
    },
    {
        "animeEng": "Getbackers",
        "animeRomaji": "Getbackers",
        "songName": "Yuragu Koto Nai Ai",
        "artist": "Naomi Tamura",
        "type": "Ending 5",
        "correctCount": 29,
        "startTime": 72,
        "songDuration": 113.064,
        "songNumber": 11,
        "activePlayerCount": 190,
        "LinkVideo": "https://files.catbox.moe/iqigw6.webm",
        "LinkMp3": "https://files.catbox.moe/es7fv0.mp3"
    },
    {
        "animeEng": "Listeners",
        "animeRomaji": "Listeners",
        "songName": "Into the blue's",
        "artist": "ACCAMER",
        "type": "Opening 1",
        "correctCount": 58,
        "startTime": 5,
        "songDuration": 88.488,
        "songNumber": 12,
        "activePlayerCount": 188,
        "LinkVideo": "https://files.catbox.moe/5e4sne.webm",
        "LinkMp3": "https://files.catbox.moe/eeek38.mp3"
    },
    {
        "animeEng": "Gate Keepers 21",
        "animeRomaji": "Gate Keepers 21",
        "songName": "Ima, Egao ga Areba",
        "artist": "Sakura Nogawa",
        "type": "Ending 1",
        "correctCount": 7,
        "startTime": 23,
        "songDuration": 86.664,
        "songNumber": 13,
        "activePlayerCount": 188,
        "LinkVideo": "https://files.catbox.moe/p4hsjk.webm",
        "LinkMp3": "https://files.catbox.moe/ffzivh.mp3"
    },
    {
        "animeEng": "TONIKAWA: Over The Moon For You",
        "animeRomaji": "Tonikaku Kawaii",
        "songName": "Koi no Uta (feat. Tsukasa Tsukuyomi)",
        "artist": "Yunomi feat. Akari Kit\u014d",
        "type": "Opening 1",
        "correctCount": 127,
        "startTime": 21,
        "songDuration": 86.928,
        "songNumber": 14,
        "activePlayerCount": 187,
        "LinkVideo": "https://files.catbox.moe/6n2iiy.webm",
        "LinkMp3": "https://files.catbox.moe/bk88am.mp3"
    },
    {
        "animeEng": "CROSS ANGE Rondo of Angel and Dragon",
        "animeRomaji": "Cross Ange: Tenshi to Ry\u016b no Rondo",
        "songName": "Towagatari ~Hikari no Uta~",
        "artist": "Nana Mizuki",
        "type": "Insert Song",
        "correctCount": 31,
        "startTime": 20,
        "songDuration": 81.864,
        "songNumber": 15,
        "activePlayerCount": 187,
        "LinkVideo": "https://files.catbox.moe/1vaz9j.webm",
        "LinkMp3": "https://files.catbox.moe/b6wzj9.mp3"
    },
    {
        "animeEng": "Pilot Candidate",
        "animeRomaji": "Megami K\u014dhosei",
        "songName": "ZION Kibou no Hoshi o Mezase!",
        "artist": "Tomoyuki Asakawa",
        "type": "Opening 1",
        "correctCount": 24,
        "startTime": 6,
        "songDuration": 89.256,
        "songNumber": 16,
        "activePlayerCount": 189,
        "LinkVideo": "https://files.catbox.moe/mb0dtg.webm",
        "LinkMp3": "https://files.catbox.moe/xd4ovj.mp3"
    },
    {
        "animeEng": "The Disastrous Life of Saiki K.",
        "animeRomaji": "Saiki Kusuo no Psi Nan",
        "songName": "Duet\u2661Shitekuda-\u03a8",
        "artist": "Saiki-kku Lover feat. Hiroshi Kamiya, Ai Kayano, Eri Kitamura",
        "type": "Ending 2",
        "correctCount": 102,
        "startTime": 19,
        "songDuration": 89.4,
        "songNumber": 17,
        "activePlayerCount": 188,
        "LinkVideo": "https://files.catbox.moe/6zw932.webm",
        "LinkMp3": "https://files.catbox.moe/qg6bza.mp3"
    },
    {
        "animeEng": "anohana: The Flower We Saw That Day",
        "animeRomaji": "Ano Hi Mita Hana no Namae o Boku-tachi wa Mada Shiranai.",
        "songName": "Circle Game",
        "artist": "Galileo Galilei",
        "type": "Ending 1",
        "correctCount": 83,
        "startTime": 127,
        "songDuration": 278.568,
        "songNumber": 18,
        "activePlayerCount": 188,
        "LinkVideo": "https://files.catbox.moe/qh0ug8.webm",
        "LinkMp3": "https://files.catbox.moe/iw7w2e.mp3"
    },
    {
        "animeEng": "Black Jack The Movie",
        "animeRomaji": "Black Jack The Movie",
        "songName": "Invisible Love",
        "artist": "Mai Yamane",
        "type": "Ending 1",
        "correctCount": 4,
        "startTime": 77,
        "songDuration": 253.584,
        "songNumber": 19,
        "activePlayerCount": 187,
        "LinkVideo": "https://files.catbox.moe/2qvtsv.webm",
        "LinkMp3": "https://files.catbox.moe/sujlun.mp3",
        "correctPlayers": [
            "watashiii",
            "Pratasz",
            "yeims",
            "shadowpandax"
        ]
    },
    {
        "animeEng": "MM!",
        "animeRomaji": "MM!",
        "songName": "HELP!! -Hell side-",
        "artist": "Ayana Taketatsu",
        "type": "Opening 1",
        "correctCount": 83,
        "startTime": 3,
        "songDuration": 89.496,
        "songNumber": 20,
        "activePlayerCount": 187,
        "LinkVideo": "https://files.catbox.moe/97j1ny.webm",
        "LinkMp3": "https://files.catbox.moe/bxvri1.mp3"
    },
    {
        "animeEng": "revisions",
        "animeRomaji": "revisions",
        "songName": "S.D.S. Ready?",
        "artist": "Daisuke Hasegawa",
        "type": "Insert Song",
        "correctCount": 4,
        "startTime": 0,
        "songDuration": 33.540648,
        "songNumber": 21,
        "activePlayerCount": 186,
        "LinkVideo": "https://files.catbox.moe/susc7d.webm",
        "LinkMp3": "https://files.catbox.moe/ymkgue.mp3",
        "correctPlayers": [
            "kneesoxluver",
            "doomchicken",
            "shadowpandax",
            "eMuffin"
        ]
    },
    {
        "animeEng": "Sparrow's Hotel",
        "animeRomaji": "Sparrow's Hotel",
        "songName": "Welcome to Sparrow's Hotel",
        "artist": "Minori Chihara & Haruka Nagashima",
        "type": "Opening 1",
        "correctCount": 32,
        "startTime": 0,
        "songDuration": 28.577468,
        "songNumber": 22,
        "activePlayerCount": 186,
        "LinkVideo": "https://files.catbox.moe/0uj0ba.webm",
        "LinkMp3": "https://files.catbox.moe/dfm5cm.mp3"
    },
    {
        "animeEng": "Ponyo on the Cliff by the Sea",
        "animeRomaji": "Gake no Ue no Ponyo",
        "songName": "Gake no Ue no Ponyo",
        "artist": "Fujioka Fujimaki & Nozomi \u014chashi",
        "type": "Ending 1",
        "correctCount": 66,
        "startTime": 42,
        "songDuration": 91.968,
        "songNumber": 23,
        "activePlayerCount": 186,
        "LinkVideo": "https://files.catbox.moe/klxepk.webm",
        "LinkMp3": "https://files.catbox.moe/y6ewfp.mp3"
    },
    {
        "animeEng": "Fighting Spirit",
        "animeRomaji": "Hajime no Ippo",
        "songName": "under star",
        "artist": "Shocking Lemon",
        "type": "Opening 1",
        "correctCount": 56,
        "startTime": 25,
        "songDuration": 88.919288,
        "songNumber": 24,
        "activePlayerCount": 185,
        "LinkVideo": "https://files.catbox.moe/7qkcpc.webm",
        "LinkMp3": "https://files.catbox.moe/qmxvjj.mp3"
    },
    {
        "animeEng": "Puella Magi Madoka Magica The Movie Part 3: Rebellion",
        "animeRomaji": "Gekij\u014dban Mah\u014d Sh\u014djo Madoka\u2605Magica: Hangyaku no Monogatari",
        "songName": "Kimi no Gin no Niwa",
        "artist": "Kalafina",
        "type": "Ending 1",
        "correctCount": 58,
        "startTime": 81,
        "songDuration": 296.87653,
        "songNumber": 25,
        "activePlayerCount": 185,
        "LinkVideo": "https://files.catbox.moe/7131jg.webm",
        "LinkMp3": "https://files.catbox.moe/zaa6jj.mp3"
    },
    {
        "animeEng": "Mobile Suit Gundam 00 the Movie: A Wakening of the Trailblazer",
        "animeRomaji": "Gekij\u014dban Kid\u014d Senshi Gundam 00: A Wakening of the Trailblazer",
        "songName": "Tozasareta Sekai",
        "artist": "THE BACK HORN",
        "type": "Opening 1",
        "correctCount": 36,
        "startTime": 58,
        "songDuration": 102.096,
        "songNumber": 26,
        "activePlayerCount": 187,
        "LinkVideo": "https://files.catbox.moe/87ucx5.webm",
        "LinkMp3": "https://files.catbox.moe/h0r1cz.mp3"
    },
    {
        "animeEng": "Adachi and Shimamura",
        "animeRomaji": "Adachi to Shimamura",
        "songName": "Merry-Go-Round",
        "artist": "Adachi to Shimamura",
        "type": "Insert Song",
        "correctCount": 46,
        "startTime": 1,
        "songDuration": 112.128,
        "songNumber": 27,
        "activePlayerCount": 186,
        "LinkVideo": "https://files.catbox.moe/fejvh0.webm",
        "LinkMp3": "https://files.catbox.moe/0d63by.mp3"
    },
    {
        "animeEng": "Pastel Life",
        "animeRomaji": "Pastel Life",
        "songName": "Shuwarin\u2606Drea~min",
        "artist": "Pastel*Palettes",
        "type": "Opening 1",
        "correctCount": 91,
        "startTime": 0,
        "songDuration": 26.931782,
        "songNumber": 28,
        "activePlayerCount": 186,
        "LinkVideo": "https://files.catbox.moe/1or69x.webm",
        "LinkMp3": "https://files.catbox.moe/75tsvw.mp3"
    },
    {
        "animeEng": "EX-ARM",
        "animeRomaji": "EX-ARM",
        "songName": "Diamonds Shine",
        "artist": "Dizzy Sunfist",
        "type": "Ending 1",
        "correctCount": 38,
        "startTime": 41,
        "songDuration": 87.696,
        "songNumber": 29,
        "activePlayerCount": 186,
        "LinkVideo": "https://files.catbox.moe/4iohi3.webm",
        "LinkMp3": "https://files.catbox.moe/s82vgu.mp3"
    },
    {
        "animeEng": "Kiss Him, Not Me",
        "animeRomaji": "Watashi ga Motete D\u014dsunda",
        "songName": "Prince\u00d7Prince",
        "artist": "From4to7",
        "type": "Opening 1",
        "correctCount": 73,
        "startTime": 48,
        "songDuration": 88.944,
        "songNumber": 30,
        "activePlayerCount": 185,
        "LinkVideo": "https://files.catbox.moe/eodmsp.webm",
        "LinkMp3": "https://files.catbox.moe/debekw.mp3"
    },
    {
        "animeEng": "ATASHIn'CHI",
        "animeRomaji": "ATASHIn'CHI",
        "songName": "Kite Kite Atashin'chi",
        "artist": "Aya Hirayama",
        "type": "Ending 1",
        "correctCount": 19,
        "startTime": 4,
        "songDuration": 44.952,
        "songNumber": 31,
        "activePlayerCount": 182,
        "LinkVideo": "https://files.catbox.moe/jgc5uy.webm",
        "LinkMp3": "https://files.catbox.moe/f03zzn.mp3"
    },
    {
        "animeEng": "Skull-face Bookseller Honda-san",
        "animeRomaji": "Gaikotsu Shotenin Honda-san",
        "songName": "Book-end, Happy-end",
        "artist": "TECHNOBOYS PULCRAFT GREEN-FUND feat. Hiroshi Takano",
        "type": "Ending 1",
        "correctCount": 66,
        "startTime": 5,
        "songDuration": 58.748378,
        "songNumber": 32,
        "activePlayerCount": 182,
        "LinkVideo": "https://files.catbox.moe/00og1o.webm",
        "LinkMp3": "https://files.catbox.moe/ipo41j.mp3"
    },
    {
        "animeEng": "Magic Knight Rayearth",
        "animeRomaji": "Magic Knight Rayearth",
        "songName": "Yuzurenai Negai",
        "artist": "Naomi Tamura",
        "type": "Opening 1",
        "correctCount": 56,
        "startTime": 17,
        "songDuration": 90.264,
        "songNumber": 33,
        "activePlayerCount": 182,
        "LinkVideo": "https://files.catbox.moe/qp6p03.webm",
        "LinkMp3": "https://files.catbox.moe/pzh9gt.mp3"
    },
    {
        "animeEng": "Vexille - 2077 Isolation of Japan",
        "animeRomaji": "Vexille - 2077 Nippon Sakoku",
        "songName": "Target Practice",
        "artist": "Asian Dub Foundation",
        "type": "Insert Song",
        "correctCount": 3,
        "startTime": 0,
        "songDuration": 64.612125,
        "songNumber": 34,
        "activePlayerCount": 183,
        "LinkVideo": "https://files.catbox.moe/u8z4ce.webm",
        "LinkMp3": "https://files.catbox.moe/dyu4we.mp3",
        "correctPlayers": [
            "Nequisuis",
            "iZaphkiel",
            "Kraznov"
        ]
    },
    {
        "animeEng": "A Certain Scientific Accelerator",
        "animeRomaji": "Toaru Kagaku no Accelerator",
        "songName": "Shadow is the Light",
        "artist": "THE SIXTH LIE",
        "type": "Opening 1",
        "correctCount": 97,
        "startTime": 33,
        "songDuration": 87.552,
        "songNumber": 35,
        "activePlayerCount": 184,
        "LinkVideo": "https://files.catbox.moe/rj28m5.webm",
        "LinkMp3": "https://files.catbox.moe/cmijaj.mp3"
    },
    {
        "animeEng": "Astarotte's Toy!",
        "animeRomaji": "Astarotte no Omocha!",
        "songName": "Tenshi no CLOVER",
        "artist": "Aimi",
        "type": "Opening 1",
        "correctCount": 49,
        "startTime": 36,
        "songDuration": 88.008,
        "songNumber": 36,
        "activePlayerCount": 184,
        "LinkVideo": "https://files.catbox.moe/3gl0d1.webm",
        "LinkMp3": "https://files.catbox.moe/wwo0wc.mp3"
    },
    {
        "animeEng": "Spiral ~ Lines of Reasoning",
        "animeRomaji": "Spiral",
        "songName": "Kibouhou",
        "artist": "Strawberry Jam",
        "type": "Opening 1",
        "correctCount": 20,
        "startTime": 4,
        "songDuration": 102.144,
        "songNumber": 37,
        "activePlayerCount": 183,
        "LinkVideo": "https://files.catbox.moe/cxsz6p.webm",
        "LinkMp3": "https://files.catbox.moe/ok1mc0.mp3"
    },
    {
        "animeEng": "BRONZE KoJi NANJo cathexis",
        "animeRomaji": "BRONZE KoJi NANJo cathexis",
        "songName": "Moonlight (Eternal M\u00d6BIUS)",
        "artist": "Takehide",
        "type": "Ending 1",
        "correctCount": 7,
        "startTime": 254,
        "songDuration": 306.936,
        "songNumber": 38,
        "activePlayerCount": 183,
        "LinkVideo": "https://files.catbox.moe/54mkem.webm",
        "LinkMp3": "https://files.catbox.moe/5w9oao.mp3"
    },
    {
        "animeEng": "Pok\u00e9mon XY",
        "animeRomaji": "Pocket Monsters XY",
        "songName": "V (Volt)",
        "artist": "Yusuke",
        "type": "Opening 1",
        "correctCount": 125,
        "startTime": 39,
        "songDuration": 85.56,
        "songNumber": 39,
        "activePlayerCount": 183,
        "LinkVideo": "https://files.catbox.moe/rd3td1.webm",
        "LinkMp3": "https://files.catbox.moe/gjtbnl.mp3"
    },
    {
        "animeEng": "Banner of the Stars",
        "animeRomaji": "Seikai no Senki",
        "songName": "Pink",
        "artist": "YUAMU",
        "type": "Ending 1",
        "correctCount": 4,
        "startTime": 1,
        "songDuration": 96.468546,
        "songNumber": 40,
        "activePlayerCount": 183,
        "LinkVideo": "https://files.catbox.moe/toapty.webm",
        "LinkMp3": "https://files.catbox.moe/bqwaoz.mp3",
        "correctPlayers": [
            "AnzuP",
            "90s",
            "Kazaseno",
            "shadowpandax"
        ]
    },
    {
        "animeEng": "Yowamushi Pedal New Generation",
        "animeRomaji": "Yowamushi Pedal New Generation",
        "songName": "Hime no Kurukuru Kataomoi",
        "artist": "Yukari Tamura",
        "type": "Insert Song",
        "correctCount": 1,
        "startTime": 28,
        "songDuration": 148.728,
        "songNumber": 41,
        "activePlayerCount": 183,
        "LinkVideo": "https://files.catbox.moe/pq892m.webm",
        "LinkMp3": "https://files.catbox.moe/tk5idc.mp3",
        "correctPlayers": [
            "gomadara"
        ]
    },
    {
        "animeEng": "Demon Lord, Retry!",
        "animeRomaji": "Ma\u014d-sama, Retry!",
        "songName": "TEMPEST",
        "artist": "Kaori Ishihara",
        "type": "Opening 1",
        "correctCount": 62,
        "startTime": 15,
        "songDuration": 88.56,
        "songNumber": 42,
        "activePlayerCount": 182,
        "LinkVideo": "https://files.catbox.moe/d605h4.webm",
        "LinkMp3": "https://files.catbox.moe/f1y6it.mp3"
    },
    {
        "animeEng": "Taka no Tsume GO: Utsukushiki Elleair Sh\u014dsh\u016b Plus",
        "animeRomaji": "Taka no Tsume GO: Utsukushiki Elleair Sh\u014dsh\u016b Plus",
        "songName": "IRONY",
        "artist": "m-flo+daoko",
        "type": "Ending 1",
        "correctCount": 8,
        "startTime": 243,
        "songDuration": 288.816,
        "songNumber": 43,
        "activePlayerCount": 182,
        "LinkVideo": "https://files.catbox.moe/gbwqjb.webm",
        "LinkMp3": "https://files.catbox.moe/2nrktg.mp3"
    },
    {
        "animeEng": "Hypnosis Mic -Division Rap Battle- Rhyme Anima",
        "animeRomaji": "Hypnosis Mic -Division Rap Battle- Rhyme Anima",
        "songName": "Rhyme Anima's Mixtape",
        "artist": "Division All Stars",
        "type": "Ending 5",
        "correctCount": 53,
        "startTime": 42,
        "songDuration": 86.064,
        "songNumber": 44,
        "activePlayerCount": 182,
        "LinkVideo": "https://files.catbox.moe/m43kte.webm",
        "LinkMp3": "https://files.catbox.moe/2cidbl.mp3"
    },
    {
        "animeEng": "Iczelion",
        "animeRomaji": "Iczer Girl Iczelion",
        "songName": "Iczer Girl Iczelion",
        "artist": "Mari Sasaki",
        "type": "Ending 2",
        "correctCount": 1,
        "startTime": 64,
        "songDuration": 247.368,
        "songNumber": 45,
        "activePlayerCount": 182,
        "LinkVideo": "https://files.catbox.moe/v83cb1.webm",
        "LinkMp3": "https://files.catbox.moe/96jqgv.mp3",
        "correctPlayers": [
            "NijinoYume721"
        ]
    },
    {
        "animeEng": "Schoolgirl Strikers Animation Channel",
        "animeRomaji": "Schoolgirl Strikers Animation Channel",
        "songName": "Mirai-kei Strikers",
        "artist": "Altile Torte",
        "type": "Opening 1",
        "correctCount": 11,
        "startTime": 2,
        "songDuration": 89.496,
        "songNumber": 46,
        "activePlayerCount": 181,
        "LinkVideo": "https://files.catbox.moe/q2tzb6.webm",
        "LinkMp3": "https://files.catbox.moe/e232jd.mp3"
    },
    {
        "animeEng": "Hi Score Girl II",
        "animeRomaji": "High Score Girl II",
        "songName": "flash",
        "artist": "sora tob sakana",
        "type": "Opening 1",
        "correctCount": 77,
        "startTime": 46,
        "songDuration": 89.088,
        "songNumber": 47,
        "activePlayerCount": 181,
        "LinkVideo": "https://files.catbox.moe/2sheh9.webm",
        "LinkMp3": "https://files.catbox.moe/h97572.mp3"
    },
    {
        "animeEng": "Gundam Build Divers Re:RISE Season 2",
        "animeRomaji": "Gundam Build Divers Re:RISE Season 2",
        "songName": "Heartful",
        "artist": "Spira Spica",
        "type": "Ending 2",
        "correctCount": 7,
        "startTime": 36,
        "songDuration": 135.192,
        "songNumber": 48,
        "activePlayerCount": 182,
        "LinkVideo": "https://files.catbox.moe/t5knxq.webm",
        "LinkMp3": "https://files.catbox.moe/q7fd6t.mp3"
    },
    {
        "animeEng": "Touch 3: Don't Pass Me By",
        "animeRomaji": "Touch 3: Kimi ga T\u014drisugita Ato ni",
        "songName": "Kimi ga Toori Sugita Ato ni -DON'T PASS ME BY-",
        "artist": "THE ALFEE",
        "type": "Opening 1",
        "correctCount": 4,
        "startTime": 32,
        "songDuration": 142.182046,
        "songNumber": 49,
        "activePlayerCount": 182,
        "LinkVideo": "https://files.catbox.moe/5uouev.webm",
        "LinkMp3": "https://files.catbox.moe/wea718.mp3",
        "correctPlayers": [
            "bluethree",
            "goldenpanic",
            "yeims",
            "shadowpandax"
        ]
    },
    {
        "animeEng": "Alice in Cyberland",
        "animeRomaji": "Alice in Cyberland",
        "songName": "Totteoki no Heart beat time",
        "artist": "Youko Asada with Kae Araki, Yuuko Miyamura",
        "type": "Opening 1",
        "correctCount": 17,
        "startTime": 40,
        "songDuration": 87.672,
        "songNumber": 50,
        "activePlayerCount": 182,
        "LinkVideo": "https://files.catbox.moe/t5azf3.webm",
        "LinkMp3": "https://files.catbox.moe/gze73g.mp3"
    },
    {
        "animeEng": "The Brave Fighter of Sun Fighbird",
        "animeRomaji": "Taiy\u014d no Y\u016bsha Fighbird",
        "songName": "Tooi Hoshi",
        "artist": "Yukiyo Satou",
        "type": "Insert Song",
        "correctCount": 1,
        "startTime": 25,
        "songDuration": 114.048,
        "songNumber": 51,
        "activePlayerCount": 182,
        "LinkVideo": "https://files.catbox.moe/0z8geu.webm",
        "LinkMp3": "https://files.catbox.moe/pocdgj.mp3",
        "correctPlayers": [
            "KaitouSpade"
        ]
    },
    {
        "animeEng": "You're Under Arrest",
        "animeRomaji": "Taiho Shichau zo",
        "songName": "Boku de Aru Tame ni",
        "artist": "FLYING KIDS",
        "type": "Opening 1",
        "correctCount": 8,
        "startTime": 8,
        "songDuration": 84.48,
        "songNumber": 52,
        "activePlayerCount": 182,
        "LinkVideo": "https://files.catbox.moe/d55cjy.webm",
        "LinkMp3": "https://files.catbox.moe/0hqvxw.mp3"
    },
    {
        "animeEng": "Initial D: Battle Stage 2",
        "animeRomaji": "Initial D: Battle Stage 2",
        "songName": "BACK ON THE ROCKS",
        "artist": "MEGA NRG MAN",
        "type": "Insert Song",
        "correctCount": 110,
        "startTime": 12,
        "songDuration": 100.56,
        "songNumber": 53,
        "activePlayerCount": 183,
        "LinkVideo": "https://files.catbox.moe/ixvl52.webm",
        "LinkMp3": "https://files.catbox.moe/hbywb8.mp3"
    },
    {
        "animeEng": "Neo Angelique Abyss",
        "animeRomaji": "Neo Angelique Abyss",
        "songName": "JOY TO THE WORLD",
        "artist": "Orb Hunter 4",
        "type": "Opening 1",
        "correctCount": 11,
        "startTime": 13,
        "songDuration": 89.76,
        "songNumber": 54,
        "activePlayerCount": 183,
        "LinkVideo": "https://files.catbox.moe/obf4nr.webm",
        "LinkMp3": "https://files.catbox.moe/jcxcs7.mp3"
    },
    {
        "animeEng": "Nichijou - My Ordinary Life",
        "animeRomaji": "Nichij\u014d",
        "songName": "Hyadain no J\u014dj\u014d Y\u016bj\u014d",
        "artist": "Hyadain",
        "type": "Opening 2",
        "correctCount": 131,
        "startTime": 42,
        "songDuration": 88.512,
        "songNumber": 55,
        "activePlayerCount": 183,
        "LinkVideo": "https://files.catbox.moe/cx0gjs.webm",
        "LinkMp3": "https://files.catbox.moe/6txfb7.mp3"
    },
    {
        "animeEng": "Haikyu!! Second Season",
        "animeRomaji": "Haikyu!! Second Season",
        "songName": "Hatsunetsu",
        "artist": "tacica",
        "type": "Ending 2",
        "correctCount": 48,
        "startTime": 12,
        "songDuration": 89.088,
        "songNumber": 56,
        "activePlayerCount": 183,
        "LinkVideo": "https://files.catbox.moe/ioq3i0.webm",
        "LinkMp3": "https://files.catbox.moe/ik6e2n.mp3"
    },
    {
        "animeEng": "Gourmet Girl Graffiti",
        "animeRomaji": "K\u014dfuku Graffiti",
        "songName": "Shiawase ni Tsuite Watashi ga Shitteiru Itsutsu no H\u014dh\u014d",
        "artist": "Maaya Sakamoto",
        "type": "Opening 1",
        "correctCount": 47,
        "startTime": 25,
        "songDuration": 90.01795,
        "songNumber": 57,
        "activePlayerCount": 182,
        "LinkVideo": "https://files.catbox.moe/gb8vz4.webm",
        "LinkMp3": "https://files.catbox.moe/hjkg6f.mp3"
    },
    {
        "animeEng": "Cencoroll",
        "animeRomaji": "Cencoroll",
        "songName": "LOVE & ROLL",
        "artist": "supercell",
        "type": "Ending 1",
        "correctCount": 56,
        "startTime": 71,
        "songDuration": 105.816,
        "songNumber": 58,
        "activePlayerCount": 181,
        "LinkVideo": "https://files.catbox.moe/1f167n.webm",
        "LinkMp3": "https://files.catbox.moe/w4mlq2.mp3"
    },
    {
        "animeEng": "Locke the Superman: New World Command",
        "animeRomaji": "Ch\u014djin Locke: Shinsekai Sentai",
        "songName": "ELANA",
        "artist": "Sayuri Saitou",
        "type": "Ending 1",
        "correctCount": 0,
        "startTime": 124,
        "songDuration": 254.472,
        "songNumber": 59,
        "activePlayerCount": 181,
        "LinkVideo": "https://files.catbox.moe/2gz3px.webm",
        "LinkMp3": "https://files.catbox.moe/p5mb0y.mp3"
    },
    {
        "animeEng": "Initial D: Battle Stage 2",
        "animeRomaji": "Initial D: Battle Stage 2",
        "songName": "SHOCK OUT",
        "artist": "FASTWAY",
        "type": "Insert Song",
        "correctCount": 12,
        "startTime": 3,
        "songDuration": 74.376,
        "songNumber": 60,
        "activePlayerCount": 181,
        "LinkVideo": "https://files.catbox.moe/mvz1sk.webm",
        "LinkMp3": "https://files.catbox.moe/ryjxmu.mp3"
    },
    {
        "animeEng": "King's Game The Animation",
        "animeRomaji": "\u014csama Game The Animation",
        "songName": "FEED THE FIRE",
        "artist": "coldrain",
        "type": "Opening 1",
        "correctCount": 67,
        "startTime": 3,
        "songDuration": 89.952,
        "songNumber": 61,
        "activePlayerCount": 181,
        "LinkVideo": "https://files.catbox.moe/t46sey.webm",
        "LinkMp3": "https://files.catbox.moe/ovqfcr.mp3"
    },
    {
        "animeEng": "Anima Yell!",
        "animeRomaji": "Anima Yell!",
        "songName": "Motto Aishiaimasho",
        "artist": "Yuiko Ohara",
        "type": "Insert Song",
        "correctCount": 16,
        "startTime": 22,
        "songDuration": 89.064,
        "songNumber": 62,
        "activePlayerCount": 181,
        "LinkVideo": "https://files.catbox.moe/wfatb2.webm",
        "LinkMp3": "https://files.catbox.moe/c7yax0.mp3"
    },
    {
        "animeEng": "Pan de Peace!",
        "animeRomaji": "Pan de Peace!",
        "songName": "Seishun wa Tabemono desu",
        "artist": "petit milady",
        "type": "Opening 1",
        "correctCount": 93,
        "startTime": 0,
        "songDuration": 28.944,
        "songNumber": 63,
        "activePlayerCount": 181,
        "LinkVideo": "https://files.catbox.moe/sticfr.webm",
        "LinkMp3": "https://files.catbox.moe/19plv3.mp3"
    },
    {
        "animeEng": "Phi Brain - Puzzle of God: The Orpheus Order",
        "animeRomaji": "Phi-Brain - Kami no Puzzle: Orpheus Order-hen",
        "songName": "Now or Never",
        "artist": "nano",
        "type": "Opening 1",
        "correctCount": 50,
        "startTime": 46,
        "songDuration": 88.56,
        "songNumber": 64,
        "activePlayerCount": 181,
        "LinkVideo": "https://files.catbox.moe/doxeb4.webm",
        "LinkMp3": "https://files.catbox.moe/95x6ba.mp3"
    },
    {
        "animeEng": "iDOLM@STER: Live For You!",
        "animeRomaji": "iDOLM@STER: Live For You!",
        "songName": "The iDOLM@STER",
        "artist": "765PRO ALLSTARS",
        "type": "Ending 1",
        "correctCount": 72,
        "startTime": 61,
        "songDuration": 119.976,
        "songNumber": 65,
        "activePlayerCount": 181,
        "LinkVideo": "https://files.catbox.moe/cx1u4i.webm",
        "LinkMp3": "https://files.catbox.moe/xui9va.mp3"
    },
    {
        "animeEng": "The Count of Monte Cristo",
        "animeRomaji": "Gankutsuou: The Count of Monte Cristo",
        "songName": "Waltz (waltz in blue)",
        "artist": "Jean-Jacques Burnel",
        "type": "Insert Song",
        "correctCount": 82,
        "startTime": 22,
        "songDuration": 63.12,
        "songNumber": 66,
        "activePlayerCount": 181,
        "LinkVideo": "https://files.catbox.moe/asio1e.webm",
        "LinkMp3": "https://files.catbox.moe/nw5yv2.mp3"
    },
    {
        "animeEng": "Haven't You Heard? I'm Sakamoto",
        "animeRomaji": "Sakamoto desu ga?",
        "songName": "COOLEST",
        "artist": "CustomiZ",
        "type": "Opening 1",
        "correctCount": 133,
        "startTime": 16,
        "songDuration": 88.776,
        "songNumber": 67,
        "activePlayerCount": 181,
        "LinkVideo": "https://files.catbox.moe/3260bi.webm",
        "LinkMp3": "https://files.catbox.moe/lhds3m.mp3"
    },
    {
        "animeEng": "Sound! Euphonium",
        "animeRomaji": "Hibike! Euphonium",
        "songName": "RYDEEN",
        "artist": "Freshman Wind Ensemble",
        "type": "Insert Song",
        "correctCount": 91,
        "startTime": 24,
        "songDuration": 69.264,
        "songNumber": 68,
        "activePlayerCount": 181,
        "LinkVideo": "https://files.catbox.moe/ordef8.webm",
        "LinkMp3": "https://files.catbox.moe/uq2quy.mp3"
    },
    {
        "animeEng": "Quiz Magic Academy",
        "animeRomaji": "Quiz Magic Academy",
        "songName": "Kenja no Michi",
        "artist": "Houko Kuwashima",
        "type": "Opening 1",
        "correctCount": 17,
        "startTime": 40,
        "songDuration": 85.92,
        "songNumber": 69,
        "activePlayerCount": 181,
        "LinkVideo": "https://files.catbox.moe/7wcn2l.webm",
        "LinkMp3": "https://files.catbox.moe/u9zje2.mp3"
    },
    {
        "animeEng": "18if",
        "animeRomaji": "18if",
        "songName": "Daydream",
        "artist": "Mana",
        "type": "Insert Song",
        "correctCount": 5,
        "startTime": 0,
        "songDuration": 30.048,
        "songNumber": 70,
        "activePlayerCount": 181,
        "LinkVideo": "https://files.catbox.moe/wzgx6o.webm",
        "LinkMp3": "https://files.catbox.moe/0hscdp.mp3",
        "correctPlayers": [
            "Bucciarati",
            "nagi8888",
            "Souzoku",
            "revel_",
            "Kirivert"
        ]
    },
    {
        "animeEng": "Pikachu's Winter Vacation 2001",
        "animeRomaji": "Pocket Monsters: Pikachu no Fuyuyasumi 2001",
        "songName": "Pichu Pika\u266aSwing!",
        "artist": "Neo\u2605Pockets",
        "type": "Opening 2",
        "correctCount": 74,
        "startTime": 49,
        "songDuration": 98.568,
        "songNumber": 71,
        "activePlayerCount": 181,
        "LinkVideo": "https://files.catbox.moe/qja0dc.webm",
        "LinkMp3": "https://files.catbox.moe/mmgsaw.mp3"
    },
    {
        "animeEng": "Dash Machine Hayabusa",
        "animeRomaji": "Machine Hayabusa",
        "songName": "Dash! Machine Hayabusa",
        "artist": "Ichiro Mizuki",
        "type": "Opening 1",
        "correctCount": 26,
        "startTime": 10,
        "songDuration": 64.968,
        "songNumber": 72,
        "activePlayerCount": 181,
        "LinkVideo": "https://files.catbox.moe/8u8mf2.webm",
        "LinkMp3": "https://files.catbox.moe/knlltu.mp3"
    },
    {
        "animeEng": "Sakura Wars 2",
        "animeRomaji": "Sakura Taisen: Gouka Kenran",
        "songName": "Furui Piano",
        "artist": "Urara Takano",
        "type": "Ending 1",
        "correctCount": 2,
        "startTime": 4,
        "songDuration": 134.856,
        "songNumber": 73,
        "activePlayerCount": 181,
        "LinkVideo": "https://files.catbox.moe/tr38fb.webm",
        "LinkMp3": "https://files.catbox.moe/fxcx5d.mp3",
        "correctPlayers": [
            "90s",
            "AshenChevalier"
        ]
    },
    {
        "animeEng": "BanG Dream! 3rd Season",
        "animeRomaji": "BanG Dream! 3rd Season",
        "songName": "Step\u00d7Step",
        "artist": "Poppin'Party",
        "type": "Insert Song",
        "correctCount": 33,
        "startTime": 104,
        "songDuration": 184.056,
        "songNumber": 74,
        "activePlayerCount": 181,
        "LinkVideo": "https://files.catbox.moe/f0m917.webm",
        "LinkMp3": "https://files.catbox.moe/e1c7jy.mp3"
    },
    {
        "animeEng": "The Future Diary Redial",
        "animeRomaji": "Mirai Nikki Redial",
        "songName": "Kyouki Chinden",
        "artist": "Yousei Teikoku",
        "type": "Opening 1",
        "correctCount": 49,
        "startTime": 8,
        "songDuration": 95.256,
        "songNumber": 75,
        "activePlayerCount": 180,
        "LinkVideo": "https://files.catbox.moe/b4vr9z.webm",
        "LinkMp3": "https://files.catbox.moe/81cwv6.mp3"
    }
]