[
    {
        "animeEng": "Captain Tsubasa",
        "animeRomaji": "Captain Tsubasa",
        "songName": "Moete Hero",
        "artist": "Hiroyuki Okita",
        "type": "Opening 1",
        "correctCount": 75,
        "startTime": 39,
        "songDuration": 83.45979,
        "songNumber": 1,
        "activePlayerCount": 156,
        "LinkVideo": "https://files.catbox.moe/xd2kic.webm",
        "LinkMp3": "https://files.catbox.moe/febdvz.mp3"
    },
    {
        "animeEng": "AKB0048 next stage",
        "animeRomaji": "AKB0048 Second Stage",
        "songName": "Yume wa Nando Demo Umarekawaru",
        "artist": "NO NAME",
        "type": "Insert Song",
        "correctCount": 45,
        "startTime": 41,
        "songDuration": 86.52,
        "songNumber": 2,
        "activePlayerCount": 154,
        "LinkVideo": "https://files.catbox.moe/guij2q.webm",
        "LinkMp3": "https://files.catbox.moe/bmk7ve.mp3"
    },
    {
        "animeEng": "Armored Fleet Dairugger XV",
        "animeRomaji": "Kik\u014d Kantai Dairugger XV",
        "songName": "Ai wo Tsutaeru Tabi",
        "artist": "Tsuneichi Kawazu",
        "type": "Ending 1",
        "correctCount": 3,
        "startTime": 14,
        "songDuration": 55.056,
        "songNumber": 3,
        "activePlayerCount": 152,
        "LinkVideo": "https://files.catbox.moe/dwsrbw.webm",
        "LinkMp3": "https://files.catbox.moe/i2tyoj.mp3",
        "correctPlayers": [
            "Rukawa11",
            "Shiena",
            "MilkJiang"
        ]
    },
    {
        "animeEng": "Stratos 4 Advance: Kanketsu-hen",
        "animeRomaji": "Stratos 4 Advance: Kanketsu-hen",
        "songName": "So far, so near",
        "artist": "Melocure",
        "type": "Ending 2",
        "correctCount": 11,
        "startTime": 87,
        "songDuration": 134.568,
        "songNumber": 4,
        "activePlayerCount": 153,
        "LinkVideo": "https://files.catbox.moe/09c213.webm",
        "LinkMp3": "https://files.catbox.moe/hihw9m.mp3"
    },
    {
        "animeEng": "UzaMaid!",
        "animeRomaji": "Uchi no Maid ga Uzasugiru!",
        "songName": "Uzauza\u2606Wows!",
        "artist": "Haruka Shiraishi & Manami Numakura",
        "type": "Opening 1",
        "correctCount": 85,
        "startTime": 34,
        "songDuration": 87.482578,
        "songNumber": 5,
        "activePlayerCount": 153,
        "LinkVideo": "https://files.catbox.moe/8d2k1s.webm",
        "LinkMp3": "https://files.catbox.moe/m3lyxz.mp3"
    },
    {
        "animeEng": "Crayon Shin-chan: Unkokusai no Yab\u014d",
        "animeRomaji": "Crayon Shin-chan: Unkokusai no Yab\u014d",
        "songName": "Ora wa Ninkimono",
        "artist": "Akiko Yajima",
        "type": "Opening 1",
        "correctCount": 123,
        "startTime": 23,
        "songDuration": 62.52,
        "songNumber": 6,
        "activePlayerCount": 153,
        "LinkVideo": "https://files.catbox.moe/cr0oxo.webm",
        "LinkMp3": "https://files.catbox.moe/ybif6y.mp3"
    },
    {
        "animeEng": "Is the order a rabbit?? Sing For You",
        "animeRomaji": "Goch\u016bmon wa Usagi Desu ka?? Sing For You",
        "songName": "Gin no Spoon ~Blend of Memory~",
        "artist": "Nana Mizuki, Inori Minase",
        "type": "Ending 1",
        "correctCount": 36,
        "startTime": 148,
        "songDuration": 198.432,
        "songNumber": 7,
        "activePlayerCount": 152,
        "LinkVideo": "https://files.catbox.moe/60r08e.webm",
        "LinkMp3": "https://files.catbox.moe/z91bq8.mp3"
    },
    {
        "animeEng": "Gekij\u014dban PriPara Mi~nna Atsumare! Prism\u2606Tours",
        "animeRomaji": "Gekij\u014dban PriPara Mi~nna Atsumare! Prism\u2606Tours",
        "songName": "cherry-picking days",
        "artist": "Y\u016b Serizawa & Maaya Uchida",
        "type": "Insert Song",
        "correctCount": 13,
        "startTime": 1,
        "songDuration": 42.396725,
        "songNumber": 8,
        "activePlayerCount": 150,
        "LinkVideo": "https://files.catbox.moe/f8ql9n.webm",
        "LinkMp3": "https://files.catbox.moe/574hbz.mp3"
    },
    {
        "animeEng": "Tokyo Mew Mew",
        "animeRomaji": "Tokyo Mew Mew",
        "songName": "Team up",
        "artist": "Bree Sharp",
        "type": "Opening 1",
        "correctCount": 60,
        "startTime": 27,
        "songDuration": 62.064,
        "songNumber": 9,
        "activePlayerCount": 149,
        "LinkVideo": "https://files.catbox.moe/6ixqj8.webm",
        "LinkMp3": "https://files.catbox.moe/1a1uxj.mp3"
    },
    {
        "animeEng": "Monthly Girls' Nozaki-kun",
        "animeRomaji": "Gekkan Sh\u014djo Nozaki-kun",
        "songName": "Kimi Janakya Dame Mitai",
        "artist": "Masayoshi \u014cishi",
        "type": "Opening 1",
        "correctCount": 122,
        "startTime": 25,
        "songDuration": 89.184,
        "songNumber": 10,
        "activePlayerCount": 151,
        "LinkVideo": "https://files.catbox.moe/0887qx.webm",
        "LinkMp3": "https://files.catbox.moe/slvfpo.mp3"
    },
    {
        "animeEng": "Mashiro-iro Symphony: The color of lovers",
        "animeRomaji": "Mashiro-iro Symphony: The color of lovers",
        "songName": "Authentic symphony",
        "artist": "ChouCho",
        "type": "Opening 1",
        "correctCount": 39,
        "startTime": 27,
        "songDuration": null,
        "songNumber": 11,
        "activePlayerCount": 151,
        "LinkVideo": "https://files.catbox.moe/j9n4a6.webm",
        "LinkMp3": "https://files.catbox.moe/z7ngrr.mp3"
    },
    {
        "animeEng": "Eromanga Sensei",
        "animeRomaji": "Eromanga Sensei",
        "songName": "adrenaline!!!",
        "artist": "TrySail",
        "type": "Ending 1",
        "correctCount": 110,
        "startTime": 43,
        "songDuration": 87.384,
        "songNumber": 12,
        "activePlayerCount": 151,
        "LinkVideo": "https://files.catbox.moe/w2y5s2.webm",
        "LinkMp3": "https://files.catbox.moe/6j2hkp.mp3"
    },
    {
        "animeEng": "Vassalord",
        "animeRomaji": "Vassalord",
        "songName": "Nessun dorma",
        "artist": "Luciano Pavarotti",
        "type": "Opening 1",
        "correctCount": 33,
        "startTime": 43,
        "songDuration": 78.792,
        "songNumber": 13,
        "activePlayerCount": 151,
        "LinkVideo": "https://files.catbox.moe/a07wzq.webm",
        "LinkMp3": "https://files.catbox.moe/4c4qzj.mp3"
    },
    {
        "animeEng": "Zoku T\u014dken Ranbu: Hanamaru.",
        "animeRomaji": "Zoku T\u014dken Ranbu: Hanamaru.",
        "songName": "Hanamaru Shirushi no Hi no Moto de ver.7",
        "artist": "Mitsuhiro Ichiki & Toshiki Masuda feat. Makoto Furukara, Kousuke Toriumi, Jun Oosuka, Tooru Sakurai, Kenji Hamada, Takuya Satou",
        "type": "Opening 7",
        "correctCount": 30,
        "startTime": 16,
        "songDuration": 89.572338,
        "songNumber": 14,
        "activePlayerCount": 151,
        "LinkVideo": "https://files.catbox.moe/4ygnv2.webm",
        "LinkMp3": "https://files.catbox.moe/ol9kj2.mp3"
    },
    {
        "animeEng": "Accel World",
        "animeRomaji": "Accel World",
        "songName": "Chase the world",
        "artist": "May'n",
        "type": "Opening 1",
        "correctCount": 105,
        "startTime": 2,
        "songDuration": 90,
        "songNumber": 15,
        "activePlayerCount": 150,
        "LinkVideo": "https://files.catbox.moe/2ihwhh.webm",
        "LinkMp3": "https://files.catbox.moe/xvz25d.mp3"
    },
    {
        "animeEng": "Nozo \u00d7 Kimi",
        "animeRomaji": "Nozo \u00d7 Kimi",
        "songName": "Tentekomai",
        "artist": "MimimemeMIMI",
        "type": "Opening 1",
        "correctCount": 33,
        "startTime": 5,
        "songDuration": 39.209122,
        "songNumber": 16,
        "activePlayerCount": 150,
        "LinkVideo": "https://files.catbox.moe/64o9qp.webm",
        "LinkMp3": "https://files.catbox.moe/57z738.mp3"
    },
    {
        "animeEng": "BanG Dream! 3rd Season",
        "animeRomaji": "BanG Dream! 3rd Season",
        "songName": "Poppin' Shuffle",
        "artist": "Poppin'Party",
        "type": "Insert Song",
        "correctCount": 27,
        "startTime": 18,
        "songDuration": 121.176,
        "songNumber": 17,
        "activePlayerCount": 150,
        "LinkVideo": "https://files.catbox.moe/1okkif.webm",
        "LinkMp3": "https://files.catbox.moe/c0yol5.mp3"
    },
    {
        "animeEng": "Prism Ark",
        "animeRomaji": "Prism Ark",
        "songName": "Soshite Boku wa...",
        "artist": "Yui Sakakibara",
        "type": "Opening 1",
        "correctCount": 6,
        "startTime": 30,
        "songDuration": 87.768,
        "songNumber": 18,
        "activePlayerCount": 150,
        "LinkVideo": "https://files.catbox.moe/9y66wf.webm",
        "LinkMp3": "https://files.catbox.moe/xcgucg.mp3"
    },
    {
        "animeEng": "Accel World",
        "animeRomaji": "Accel World",
        "songName": "\u2192unfinished\u2192",
        "artist": "KOTOKO",
        "type": "Ending 1",
        "correctCount": 94,
        "startTime": 39,
        "songDuration": 78.648,
        "songNumber": 19,
        "activePlayerCount": 150,
        "LinkVideo": "https://files.catbox.moe/mcb9b8.webm",
        "LinkMp3": "https://files.catbox.moe/0nmzh4.mp3"
    },
    {
        "animeEng": "CROSS ANGE Rondo of Angel and Dragon",
        "animeRomaji": "Cross Ange: Tenshi to Ry\u016b no Rondo",
        "songName": "Kindan no Resistance",
        "artist": "Nana Mizuki",
        "type": "Opening 1",
        "correctCount": 38,
        "startTime": 30,
        "songDuration": null,
        "songNumber": 20,
        "activePlayerCount": 148,
        "LinkVideo": "https://files.catbox.moe/izajad.webm",
        "LinkMp3": "https://files.catbox.moe/def32m.mp3"
    },
    {
        "animeEng": "Senki Zessh\u014d Symphogear G",
        "animeRomaji": "Senki Zessh\u014d Symphogear G",
        "songName": "Seigi wo Shinjite, Nigiri Shimete",
        "artist": "Aoi Y\u016bki",
        "type": "Insert Song",
        "correctCount": 20,
        "startTime": 37,
        "songDuration": 92.28,
        "songNumber": 21,
        "activePlayerCount": 148,
        "LinkVideo": "https://files.catbox.moe/wpb7or.webm",
        "LinkMp3": "https://files.catbox.moe/vlczk3.mp3"
    },
    {
        "animeEng": "Kimi dake ni Motetainda.",
        "animeRomaji": "Kimi dake ni Motetainda.",
        "songName": "Ai no Kusari",
        "artist": "High School Children",
        "type": "Insert Song",
        "correctCount": 4,
        "startTime": 1,
        "songDuration": 36.624,
        "songNumber": 22,
        "activePlayerCount": 149,
        "LinkVideo": "https://files.catbox.moe/izjhzn.webm",
        "LinkMp3": "https://files.catbox.moe/jzz8jg.mp3",
        "correctPlayers": [
            "Rukawa11",
            "CookieNami",
            "Lian",
            "Saiyuki"
        ]
    },
    {
        "animeEng": "Astro Boy",
        "animeRomaji": "Tetsuwan Atom",
        "songName": "Tetsuwan Atom",
        "artist": "Kamitakada Sh\u014dnen Gassh\u014d-dan",
        "type": "Opening 1",
        "correctCount": 87,
        "startTime": 38,
        "songDuration": 73.089356,
        "songNumber": 23,
        "activePlayerCount": 147,
        "LinkVideo": "https://files.catbox.moe/9qvinm.webm",
        "LinkMp3": "https://files.catbox.moe/cjvk0z.mp3"
    },
    {
        "animeEng": "Sakura Wars",
        "animeRomaji": "Sakura Wars",
        "songName": "Stone Monkey",
        "artist": "Mayumi Tanaka & Urara Takano",
        "type": "Insert Song",
        "correctCount": 21,
        "startTime": 0,
        "songDuration": 26.856,
        "songNumber": 24,
        "activePlayerCount": 147,
        "LinkVideo": "https://files.catbox.moe/xojxry.webm",
        "LinkMp3": "https://files.catbox.moe/0kyupu.mp3"
    },
    {
        "animeEng": "BanG Dream! FILM LIVE",
        "animeRomaji": "BanG Dream! FILM LIVE",
        "songName": "Yura Yura Ring-Dong-Dance",
        "artist": "Pastel*Palettes",
        "type": "Insert Song",
        "correctCount": 39,
        "startTime": 36,
        "songDuration": 101.431726,
        "songNumber": 25,
        "activePlayerCount": 146,
        "LinkVideo": "https://files.catbox.moe/8auha6.webm",
        "LinkMp3": "https://files.catbox.moe/0uy09n.mp3"
    },
    {
        "animeEng": "Classroom\u2606Crisis",
        "animeRomaji": "Classroom\u2606Crisis",
        "songName": "Cobalt",
        "artist": "TrySail",
        "type": "Opening 1",
        "correctCount": 58,
        "startTime": 37,
        "songDuration": 88.56,
        "songNumber": 26,
        "activePlayerCount": 143,
        "LinkVideo": "https://files.catbox.moe/zpc5g8.webm",
        "LinkMp3": "https://files.catbox.moe/408sbq.mp3"
    },
    {
        "animeEng": "A Bridge to the Starry Skies",
        "animeRomaji": "HoshiKaka",
        "songName": "Mighty Girl Power de\u2606",
        "artist": "Aiko \u014ckubo",
        "type": "Insert Song",
        "correctCount": 12,
        "startTime": 36,
        "songDuration": null,
        "songNumber": 27,
        "activePlayerCount": 144,
        "LinkVideo": "https://files.catbox.moe/nxzhiv.webm",
        "LinkMp3": "https://files.catbox.moe/csntme.mp3"
    },
    {
        "animeEng": "Strike Witches: 501st JOINT FIGHTER WING Take Off!",
        "animeRomaji": "Strike Witches 501 Butai Hasshin Shimasu!",
        "songName": "Treasure of life",
        "artist": "Saori Seto",
        "type": "Ending 5",
        "correctCount": 7,
        "startTime": 34,
        "songDuration": 88.42297,
        "songNumber": 28,
        "activePlayerCount": 144,
        "LinkVideo": "https://files.catbox.moe/hozd9w.webm",
        "LinkMp3": "https://files.catbox.moe/39wfll.mp3"
    },
    {
        "animeEng": "Minami-ke: Omatase",
        "animeRomaji": "Minami-ke: Omatase",
        "songName": "Shunkash\u016bt\u014d Festival \u266a",
        "artist": "Minami-ke 3 Shimai",
        "type": "Opening 1",
        "correctCount": 8,
        "startTime": 31,
        "songDuration": 89.448,
        "songNumber": 29,
        "activePlayerCount": 144,
        "LinkVideo": "https://files.catbox.moe/341xh9.webm",
        "LinkMp3": "https://files.catbox.moe/dsyd33.mp3"
    },
    {
        "animeEng": "Rosario + Vampire Capu2",
        "animeRomaji": "Rosario to Vampire Capu2",
        "songName": "COSMIC LOVE",
        "artist": "Nana Mizuki",
        "type": "Insert Song",
        "correctCount": 74,
        "startTime": 34,
        "songDuration": null,
        "songNumber": 30,
        "activePlayerCount": 143,
        "LinkVideo": "https://files.catbox.moe/oee0yi.webm",
        "LinkMp3": "https://files.catbox.moe/q0nyo1.mp3"
    },
    {
        "animeEng": "The Master of Ragnarok & Blesser of Einherjar",
        "animeRomaji": "Hyakuren no Ha\u014d to Seiyaku no Valkyria",
        "songName": "Sekaij\u016b ga Koi wo Suru Yoru",
        "artist": "petit milady",
        "type": "Ending 1",
        "correctCount": 7,
        "startTime": 52,
        "songDuration": 89.736,
        "songNumber": 31,
        "activePlayerCount": 144,
        "LinkVideo": "https://files.catbox.moe/m0tylm.webm",
        "LinkMp3": "https://files.catbox.moe/gz6gqa.mp3"
    },
    {
        "animeEng": "Sugar Bunnies",
        "animeRomaji": "Sugar Bunnies",
        "songName": "Kitto Umaku Ikuyo",
        "artist": "Yui Horie & Akiko Kimura",
        "type": "Opening 1",
        "correctCount": 3,
        "startTime": 20,
        "songDuration": 88.944,
        "songNumber": 32,
        "activePlayerCount": 142,
        "LinkVideo": "https://files.catbox.moe/qoo9g7.webm",
        "LinkMp3": "https://files.catbox.moe/0md4fe.mp3",
        "correctPlayers": [
            "Spotify",
            "YuriMeguri",
            "TowaSamaTenshi"
        ]
    },
    {
        "animeEng": "Blade of the Phantom Master",
        "animeRomaji": "Shin Angyo Onshi",
        "songName": "Song With No Name~Namae no Nai Uta~",
        "artist": "BoA",
        "type": "Insert Song",
        "correctCount": 3,
        "startTime": 24,
        "songDuration": 141.552,
        "songNumber": 33,
        "activePlayerCount": 142,
        "LinkVideo": "https://files.catbox.moe/0xhta1.webm",
        "LinkMp3": "https://files.catbox.moe/jxp7vq.mp3",
        "correctPlayers": [
            "Serikawaii",
            "vongolai96",
            "Chemist"
        ]
    },
    {
        "animeEng": "Little Busters!",
        "animeRomaji": "Little Busters!",
        "songName": "Alicemagic ~TV animation ver.~",
        "artist": "Rita",
        "type": "Ending 1",
        "correctCount": 69,
        "startTime": 36,
        "songDuration": 88.056,
        "songNumber": 34,
        "activePlayerCount": 142,
        "LinkVideo": "https://files.catbox.moe/rg6xey.webm",
        "LinkMp3": "https://files.catbox.moe/6r3qd5.mp3"
    },
    {
        "animeEng": "Sleepy Princess in the Demon Castle",
        "animeRomaji": "Ma\u014dj\u014d de Oyasumi",
        "songName": "Kaimin! Anmin! Syalist Seikatsu",
        "artist": "Inori Minase",
        "type": "Opening 1",
        "correctCount": 86,
        "startTime": 41,
        "songDuration": 88.824,
        "songNumber": 35,
        "activePlayerCount": 142,
        "LinkVideo": "https://files.catbox.moe/s1r2so.webm",
        "LinkMp3": "https://files.catbox.moe/inkohl.mp3"
    },
    {
        "animeEng": "Arve Rezzle: Kikai Jikake no Y\u014dsei-tachi",
        "animeRomaji": "Arve Rezzle: Kikai Jikake no Y\u014dsei-tachi",
        "songName": "Sha-le-la",
        "artist": "Eri Kitamura",
        "type": "Ending 1",
        "correctCount": 9,
        "startTime": 36,
        "songDuration": null,
        "songNumber": 36,
        "activePlayerCount": 142,
        "LinkVideo": "https://files.catbox.moe/3kmkxm.webm",
        "LinkMp3": "https://files.catbox.moe/s8cah3.mp3"
    },
    {
        "animeEng": "Yu-Gi-Oh!",
        "animeRomaji": "Yu-Gi-Oh!",
        "songName": "Kawaita Sakebi",
        "artist": "FIELD OF VIEW",
        "type": "Opening 1",
        "correctCount": 85,
        "startTime": 32,
        "songDuration": 69.456,
        "songNumber": 37,
        "activePlayerCount": 144,
        "LinkVideo": "https://files.catbox.moe/8cseyl.webm",
        "LinkMp3": "https://files.catbox.moe/mq5zxi.mp3"
    },
    {
        "animeEng": "Gunbuster",
        "animeRomaji": "Gunbuster",
        "songName": "Active Heart",
        "artist": "Noriko Sakai",
        "type": "Opening 1",
        "correctCount": 40,
        "startTime": 36,
        "songDuration": null,
        "songNumber": 38,
        "activePlayerCount": 144,
        "LinkVideo": "https://files.catbox.moe/y1q4ol.webm",
        "LinkMp3": "https://files.catbox.moe/w0ablj.mp3"
    },
    {
        "animeEng": "Pikotar\u014d no Lullaby Lu-llaby",
        "animeRomaji": "Pikotar\u014d no Lullaby Lu-llaby",
        "songName": "Lullaby Lullaby",
        "artist": "Pikotaro",
        "type": "Ending 1",
        "correctCount": 44,
        "startTime": 0,
        "songDuration": 16.19564,
        "songNumber": 39,
        "activePlayerCount": 144,
        "LinkVideo": "https://files.catbox.moe/hg68t5.webm",
        "LinkMp3": "https://files.catbox.moe/g0va7c.mp3"
    },
    {
        "animeEng": "Carnival Phantasm",
        "animeRomaji": "Carnival Phantasm",
        "songName": "Fellows",
        "artist": "Masaaki Endoh",
        "type": "Ending 1",
        "correctCount": 56,
        "startTime": 5,
        "songDuration": 88.968,
        "songNumber": 40,
        "activePlayerCount": 143,
        "LinkVideo": "https://files.catbox.moe/klr8y5.webm",
        "LinkMp3": "https://files.catbox.moe/xs2uwz.mp3"
    },
    {
        "animeEng": "The Wonderful Adventures of Nils",
        "animeRomaji": "Nils no Fushigi na Tabi",
        "songName": "Nils no Fushigi na Tabi",
        "artist": "Katsumi Kahashi",
        "type": "Opening 1",
        "correctCount": 10,
        "startTime": 10,
        "songDuration": 109.536,
        "songNumber": 41,
        "activePlayerCount": 144,
        "LinkVideo": "https://files.catbox.moe/g9i0po.webm",
        "LinkMp3": "https://files.catbox.moe/qalzc7.mp3"
    },
    {
        "animeEng": "ATASHIn'CHI",
        "animeRomaji": "ATASHIn'CHI",
        "songName": "Atashin'chi",
        "artist": "Akiko Yano",
        "type": "Ending 1",
        "correctCount": 5,
        "startTime": 18,
        "songDuration": 221.136,
        "songNumber": 42,
        "activePlayerCount": 144,
        "LinkVideo": "https://files.catbox.moe/68j2n7.webm",
        "LinkMp3": "https://files.catbox.moe/oeyq0p.mp3",
        "correctPlayers": [
            "Franchouchou",
            "MilkJiang",
            "bamboo",
            "e56123",
            "ChrisLefko"
        ]
    },
    {
        "animeEng": "Nobunaga The Fool",
        "animeRomaji": "Nobunaga The Fool",
        "songName": "FOOL THE WORLD",
        "artist": "Minori Chihara",
        "type": "Opening 1",
        "correctCount": 18,
        "startTime": 31,
        "songDuration": 86.568308,
        "songNumber": 43,
        "activePlayerCount": 144,
        "LinkVideo": "https://files.catbox.moe/q5i6rr.webm",
        "LinkMp3": "https://files.catbox.moe/sk2hsz.mp3"
    },
    {
        "animeEng": "Ghost Stories",
        "animeRomaji": "Gakk\u014d no Kaidan",
        "songName": "Sexy Sexy",
        "artist": "Cascade",
        "type": "Ending 1",
        "correctCount": 46,
        "startTime": 18,
        "songDuration": null,
        "songNumber": 44,
        "activePlayerCount": 143,
        "LinkVideo": "https://files.catbox.moe/b8ck8e.webm",
        "LinkMp3": "https://files.catbox.moe/inbwm6.mp3"
    },
    {
        "animeEng": "KONOSUBA -God\u2019s blessing on this wonderful world!",
        "animeRomaji": "Kono Subarashii Sekai ni Shukufuku o!",
        "songName": "fantastic dreamer",
        "artist": "Machico",
        "type": "Opening 1",
        "correctCount": 130,
        "startTime": 56,
        "songDuration": 90.48,
        "songNumber": 45,
        "activePlayerCount": 143,
        "LinkVideo": "https://files.catbox.moe/rt7xoy.webm",
        "LinkMp3": "https://files.catbox.moe/o24uwx.mp3"
    },
    {
        "animeEng": "A3! Season Spring & Summer",
        "animeRomaji": "A3! Season Spring & Summer",
        "songName": "Orange Heart",
        "artist": "Natsu-gumi",
        "type": "Ending 2",
        "correctCount": 7,
        "startTime": 1,
        "songDuration": 88.752,
        "songNumber": 46,
        "activePlayerCount": 144,
        "LinkVideo": "https://files.catbox.moe/3r089n.webm",
        "LinkMp3": "https://files.catbox.moe/wew35e.mp3"
    },
    {
        "animeEng": "One Room",
        "animeRomaji": "One Room",
        "songName": "Natsuzora Yell",
        "artist": "Rie Murakawa",
        "type": "Ending 2",
        "correctCount": 60,
        "startTime": 0,
        "songDuration": 26.808,
        "songNumber": 47,
        "activePlayerCount": 144,
        "LinkVideo": "https://files.catbox.moe/sjjy79.webm",
        "LinkMp3": "https://files.catbox.moe/02wzcl.mp3"
    },
    {
        "animeEng": "Anonymous Noise",
        "animeRomaji": "Fukumenkei Noise",
        "songName": "Noise",
        "artist": "in NO hurry to shout;",
        "type": "Opening 4",
        "correctCount": 51,
        "startTime": 67,
        "songDuration": 155.928,
        "songNumber": 48,
        "activePlayerCount": 144,
        "LinkVideo": "https://files.catbox.moe/etmrxr.webm",
        "LinkMp3": "https://files.catbox.moe/817xke.mp3"
    },
    {
        "animeEng": "Kokoro Connect",
        "animeRomaji": "Kokoro Connect",
        "songName": "Paradigm",
        "artist": "eufonius",
        "type": "Opening 1",
        "correctCount": 84,
        "startTime": 53,
        "songDuration": 87.72,
        "songNumber": 49,
        "activePlayerCount": 144,
        "LinkVideo": "https://files.catbox.moe/yq9sss.webm",
        "LinkMp3": "https://files.catbox.moe/w1ncdb.mp3"
    },
    {
        "animeEng": "Pretty Cure",
        "animeRomaji": "Futari wa Precure",
        "songName": "Get You! Love Love?! ~VERONE Chorus Version~",
        "artist": "Yoko Honna, Yukana, Young Fresh",
        "type": "Insert Song",
        "correctCount": 6,
        "startTime": 21,
        "songDuration": 70.56,
        "songNumber": 50,
        "activePlayerCount": 143,
        "LinkVideo": "https://files.catbox.moe/qtplzw.webm",
        "LinkMp3": "https://files.catbox.moe/88q3n8.mp3"
    },
    {
        "animeEng": "Dragon Ball Z: The Return of Cooler",
        "animeRomaji": "Dragon Ball Z: Gekitotsu!! 100-oku Power no Senshi-tachi",
        "songName": "CHA-LA HEAD-CHA-LA",
        "artist": "Hironobu Kageyama",
        "type": "Opening 1",
        "correctCount": 138,
        "startTime": 68,
        "songDuration": 107.074078,
        "songNumber": 51,
        "activePlayerCount": 144,
        "LinkVideo": "https://files.catbox.moe/al9o96.webm",
        "LinkMp3": "https://files.catbox.moe/ewehoa.mp3"
    },
    {
        "animeEng": "Rozen Maiden: Tr\u00e4umend",
        "animeRomaji": "Rozen Maiden: Tr\u00e4umend",
        "songName": "Sei Sh\u014djo Ry\u014diki",
        "artist": "ALI PROJECT",
        "type": "Opening 1",
        "correctCount": 35,
        "startTime": 36,
        "songDuration": 89.616,
        "songNumber": 52,
        "activePlayerCount": 143,
        "LinkVideo": "https://files.catbox.moe/lloqzo.webm",
        "LinkMp3": "https://files.catbox.moe/cmnaha.mp3"
    },
    {
        "animeEng": "Skate-Leading Stars",
        "animeRomaji": "Skate-Leading Stars",
        "songName": "Chase the core",
        "artist": "Takao Sakuma",
        "type": "Opening 1",
        "correctCount": 22,
        "startTime": 27,
        "songDuration": 89.232,
        "songNumber": 53,
        "activePlayerCount": 143,
        "LinkVideo": "https://files.catbox.moe/d8f5pw.webm",
        "LinkMp3": "https://files.catbox.moe/kg0z0a.mp3"
    },
    {
        "animeEng": "Dragon Ball Z: Fusion Reborn",
        "animeRomaji": "Dragon Ball Z: Fukkatsu no Fusion!! Goku to Vegeta",
        "songName": "WE GOTTA POWER",
        "artist": "Hironobu Kageyama",
        "type": "Opening 1",
        "correctCount": 117,
        "startTime": 50,
        "songDuration": 106.551638,
        "songNumber": 54,
        "activePlayerCount": 143,
        "LinkVideo": "https://files.catbox.moe/g6l594.webm",
        "LinkMp3": "https://files.catbox.moe/mpznc0.mp3"
    },
    {
        "animeEng": "The Ancient Magus' Bride",
        "animeRomaji": "Mah\u014dtsukai no Yome",
        "songName": "Kimi no Yukue",
        "artist": "KOCHO",
        "type": "Insert Song",
        "correctCount": 35,
        "startTime": 54,
        "songDuration": 114.0032,
        "songNumber": 55,
        "activePlayerCount": 143,
        "LinkVideo": "https://files.catbox.moe/ty1d1u.webm",
        "LinkMp3": "https://files.catbox.moe/lfeyrx.mp3"
    },
    {
        "animeEng": "The Kawai Complex Guide to Manors and Hostel Behavior",
        "animeRomaji": "Bokura wa Minna Kawai-s\u014d",
        "songName": "My Sweet Shelter",
        "artist": "Kana Hanazawa, Rina Satou, & Hisako Kanemoto",
        "type": "Ending 1",
        "correctCount": 48,
        "startTime": 25,
        "songDuration": 88.896,
        "songNumber": 56,
        "activePlayerCount": 141,
        "LinkVideo": "https://files.catbox.moe/3hse32.webm",
        "LinkMp3": "https://files.catbox.moe/lb2psw.mp3"
    },
    {
        "animeEng": "Hitorigurashi no Sh\u014dgakusei",
        "animeRomaji": "Hitorigurashi no Sh\u014dgakusei",
        "songName": "Hitorigurashi no Sh\u014dgakusei",
        "artist": "Hiroko Kasahara",
        "type": "Opening 1",
        "correctCount": 14,
        "startTime": 0,
        "songDuration": 18.96,
        "songNumber": 57,
        "activePlayerCount": 140,
        "LinkVideo": "https://files.catbox.moe/84o8n8.webm",
        "LinkMp3": "https://files.catbox.moe/aq8kni.mp3"
    },
    {
        "animeEng": "Hori-san to Miyamura-kun",
        "animeRomaji": "Hori-san to Miyamura-kun",
        "songName": "Shiranai Sekai",
        "artist": "Asami Seto",
        "type": "Ending 3",
        "correctCount": 2,
        "startTime": 15,
        "songDuration": 93.192,
        "songNumber": 58,
        "activePlayerCount": 141,
        "LinkVideo": "https://files.catbox.moe/h4wm4c.webm",
        "LinkMp3": "https://files.catbox.moe/hz2m0a.mp3",
        "correctPlayers": [
            "Spotify",
            "revel_"
        ]
    },
    {
        "animeEng": "Hayate the Combat Butler",
        "animeRomaji": "Hayate no Gotoku!",
        "songName": "Honjitsu, Mankai Watashi Iro!",
        "artist": "Shizuka Itou with Shiraou Gakuin Seitokai Sannin Musume",
        "type": "Ending 2",
        "correctCount": 29,
        "startTime": 46,
        "songDuration": 87.048,
        "songNumber": 59,
        "activePlayerCount": 140,
        "LinkVideo": "https://files.catbox.moe/f62qut.webm",
        "LinkMp3": "https://files.catbox.moe/iv0ayq.mp3"
    },
    {
        "animeEng": "Zenki",
        "animeRomaji": "Kishin D\u014dji Zenki",
        "songName": "Kishin Douji ZENKI",
        "artist": "Hironobu Kageyama",
        "type": "Opening 1",
        "correctCount": 51,
        "startTime": 39,
        "songDuration": 88.44,
        "songNumber": 60,
        "activePlayerCount": 141,
        "LinkVideo": "https://files.catbox.moe/mrinli.webm",
        "LinkMp3": "https://files.catbox.moe/vuiico.mp3"
    },
    {
        "animeEng": "Nerima Daikon Brothers",
        "animeRomaji": "Oroshitate Musical Nerima Daikon Brothers",
        "songName": "Ma\u30fbJi\u30fbYa\u30fbBa",
        "artist": "Nerima Daikon Brothers",
        "type": "Opening 1",
        "correctCount": 2,
        "startTime": 10,
        "songDuration": 87.864,
        "songNumber": 61,
        "activePlayerCount": 142,
        "LinkVideo": "https://files.catbox.moe/96hthq.webm",
        "LinkMp3": "https://files.catbox.moe/f9migu.mp3",
        "correctPlayers": [
            "Rukawa11",
            "Ufokoira"
        ]
    },
    {
        "animeEng": "Wake Up, Girls! New Chapter",
        "animeRomaji": "Wake Up, Girls! Shin Sh\u014d",
        "songName": "Tachiagare!",
        "artist": "Wake Up, Girls!",
        "type": "Insert Song",
        "correctCount": 105,
        "startTime": 0,
        "songDuration": 29.52,
        "songNumber": 62,
        "activePlayerCount": 141,
        "LinkVideo": "https://files.catbox.moe/qhw915.webm",
        "LinkMp3": "https://files.catbox.moe/t6hmz3.mp3"
    },
    {
        "animeEng": "Dog Days'",
        "animeRomaji": "Dog Days'",
        "songName": "Heart Relation",
        "artist": "Yui Horie",
        "type": "Insert Song",
        "correctCount": 29,
        "startTime": 39,
        "songDuration": 129.576,
        "songNumber": 63,
        "activePlayerCount": 142,
        "LinkVideo": "https://files.catbox.moe/ua1q06.webm",
        "LinkMp3": "https://files.catbox.moe/3d0wvw.mp3"
    },
    {
        "animeEng": "The Quintessential Quintuplets 2",
        "animeRomaji": "Got\u014dbun no Hanayome \u222c",
        "songName": "Got\u014dbun no Katachi",
        "artist": "Nakano-ke no Itsutsugo",
        "type": "Opening 1",
        "correctCount": 84,
        "startTime": 7,
        "songDuration": 88.056,
        "songNumber": 64,
        "activePlayerCount": 141,
        "LinkVideo": "https://files.catbox.moe/3fi9wd.webm",
        "LinkMp3": "https://files.catbox.moe/5o7k0n.mp3"
    },
    {
        "animeEng": "Macross Frontier: Itsuwari no Utahime",
        "animeRomaji": "Macross Frontier: Itsuwari no Utahime",
        "songName": "Iteza\u2606Gogo Ku-ji Don't be late",
        "artist": "May'n",
        "type": "Insert Song",
        "correctCount": 54,
        "startTime": 57,
        "songDuration": 187.776,
        "songNumber": 65,
        "activePlayerCount": 141,
        "LinkVideo": "https://files.catbox.moe/zwg1b6.webm",
        "LinkMp3": "https://files.catbox.moe/bm733j.mp3"
    },
    {
        "animeEng": "Dragon Ball Z: Broly - Second Coming",
        "animeRomaji": "Dragon Ball Z: Kiken na Futari! Super Senshi wa Nemurenai",
        "songName": "WE GOTTA POWER",
        "artist": "Hironobu Kageyama",
        "type": "Opening 1",
        "correctCount": 129,
        "startTime": 56,
        "songDuration": 106.551638,
        "songNumber": 66,
        "activePlayerCount": 140,
        "LinkVideo": "https://files.catbox.moe/g6l594.webm",
        "LinkMp3": "https://files.catbox.moe/mpznc0.mp3"
    },
    {
        "animeEng": "Hand Maid May",
        "animeRomaji": "Hand Maid May",
        "songName": "Honto no Kimochi",
        "artist": "Mikako Takahashi",
        "type": "Ending 1",
        "correctCount": 0,
        "startTime": 20,
        "songDuration": 70.944,
        "songNumber": 67,
        "activePlayerCount": 141,
        "LinkVideo": "https://files.catbox.moe/7knhog.webm",
        "LinkMp3": "https://files.catbox.moe/pk58ay.mp3"
    },
    {
        "animeEng": "Dr. Ramune: Mysterious Disease Specialist",
        "animeRomaji": "Kai By\u014di Ramune",
        "songName": "SHAKE! SHAKE! SHAKE!",
        "artist": "Y\u016bma Uchida",
        "type": "Opening 1",
        "correctCount": 13,
        "startTime": 37,
        "songDuration": 88.44,
        "songNumber": 68,
        "activePlayerCount": 140,
        "LinkVideo": "https://files.catbox.moe/yezzzu.webm",
        "LinkMp3": "https://files.catbox.moe/4egngp.mp3"
    },
    {
        "animeEng": "Happy Lucky Bikkuriman",
        "animeRomaji": "Happy Lucky Bikkuriman",
        "songName": "Acchi no Sekai wa Hocchicchi",
        "artist": "Mayumi Tanaka & Ozuko",
        "type": "Ending 1",
        "correctCount": 2,
        "startTime": 37,
        "songDuration": 79.368,
        "songNumber": 69,
        "activePlayerCount": 139,
        "LinkVideo": "https://files.catbox.moe/loagun.webm",
        "LinkMp3": "https://files.catbox.moe/ukg83g.mp3",
        "correctPlayers": [
            "Rukawa11",
            "Catisam"
        ]
    },
    {
        "animeEng": "Yoiko no Rekishi Anime: \u014ckina Kabu",
        "animeRomaji": "Yoiko no Rekishi Anime: \u014ckina Kabu",
        "songName": "That's the way love goes",
        "artist": "Shir\u014d Sagisu featuring Jerome \u201cJerry\u201d Brown",
        "type": "Ending 1",
        "correctCount": 1,
        "startTime": 1,
        "songDuration": 36.12,
        "songNumber": 70,
        "activePlayerCount": 137,
        "LinkVideo": "https://files.catbox.moe/da227a.webm",
        "LinkMp3": "https://files.catbox.moe/lkp8uy.mp3",
        "correctPlayers": [
            "Chemist"
        ]
    },
    {
        "animeEng": "Sakura Quest",
        "animeRomaji": "Sakura Quest",
        "songName": "Ptolemaic system",
        "artist": "Ptolemaios[(K)NoW_NAME:Makoto Miyazaki]",
        "type": "Insert Song",
        "correctCount": 14,
        "startTime": 0,
        "songDuration": 38.04,
        "songNumber": 71,
        "activePlayerCount": 138,
        "LinkVideo": "https://files.catbox.moe/2qokhp.webm",
        "LinkMp3": "https://files.catbox.moe/jz5tal.mp3"
    },
    {
        "animeEng": "Magi: Adventure of Sinbad",
        "animeRomaji": "Magi: Sinbad no B\u014dken",
        "songName": "Spotlight",
        "artist": "PENGUIN RESEARCH",
        "type": "Opening 1",
        "correctCount": 52,
        "startTime": 34,
        "songDuration": 88.752,
        "songNumber": 72,
        "activePlayerCount": 138,
        "LinkVideo": "https://files.catbox.moe/8z6y6n.webm",
        "LinkMp3": "https://files.catbox.moe/s6xrpa.mp3"
    },
    {
        "animeEng": "TAMAYOMI : The Baseball Girls",
        "animeRomaji": "Tamayomi",
        "songName": "Plus Minus Zero no H\u014dsoku",
        "artist": "Shin Koshigaya K\u014dk\u014d Joshi Nodama-bu",
        "type": "Ending 1",
        "correctCount": 38,
        "startTime": 14,
        "songDuration": 86.616,
        "songNumber": 73,
        "activePlayerCount": 138,
        "LinkVideo": "https://files.catbox.moe/1y0jhr.webm",
        "LinkMp3": "https://files.catbox.moe/uk1oj1.mp3"
    },
    {
        "animeEng": "Doki Doki School Hours",
        "animeRomaji": "Sensei no Ojikan",
        "songName": "Oshieteageru",
        "artist": "can/goo",
        "type": "Opening 1",
        "correctCount": 4,
        "startTime": 46,
        "songDuration": 90.591096,
        "songNumber": 74,
        "activePlayerCount": 139,
        "LinkVideo": "https://files.catbox.moe/odmwm7.webm",
        "LinkMp3": "https://files.catbox.moe/x60hjj.mp3",
        "correctPlayers": [
            "TrySail",
            "AsGKirie",
            "UmiFlower",
            "Goblerino"
        ]
    },
    {
        "animeEng": "A Thirty-Year Old's Health and Physical Education",
        "animeRomaji": "30-sai no Hoken Taiiku",
        "songName": "Koi no D\u014dtei",
        "artist": "kanon x kanon",
        "type": "Opening 1",
        "correctCount": 13,
        "startTime": 1,
        "songDuration": 88.464,
        "songNumber": 75,
        "activePlayerCount": 139,
        "LinkVideo": "https://files.catbox.moe/nnamnv.webm",
        "LinkMp3": "https://files.catbox.moe/bd1192.mp3"
    }
]