[
    {
        "animeEng": "Hidamari Sketch: Sae/Hiro Sotsugy\u014d-hen",
        "animeRomaji": "Hidamari Sketch: Sae/Hiro Sotsugy\u014d-hen",
        "songName": "Yume Gumo",
        "artist": "marble",
        "type": "Ending 1",
        "correctCount": 16,
        "startTime": 13,
        "songDuration": 88.056,
        "songNumber": 1,
        "activePlayerCount": 208,
        "LinkVideo": "https://files.catbox.moe/oouia2.webm",
        "LinkMp3": "https://files.catbox.moe/lhyc72.mp3"
    },
    {
        "animeEng": "Dagashi Kashi 2",
        "animeRomaji": "Dagashi Kashi 2",
        "songName": "Oh My Sugar Feeling!!",
        "artist": "Ayana Taketatsu",
        "type": "Opening 1",
        "correctCount": 70,
        "startTime": 13,
        "songDuration": 88.416,
        "songNumber": 2,
        "activePlayerCount": 208,
        "LinkVideo": "https://files.catbox.moe/diac5m.webm",
        "LinkMp3": "https://files.catbox.moe/fdfupq.mp3"
    },
    {
        "animeEng": "Spirited Away",
        "animeRomaji": "Sen to Chihiro no Kamikakushi",
        "songName": "Itsumo Nando demo",
        "artist": "Yumi Kimura",
        "type": "Ending 1",
        "correctCount": 129,
        "startTime": 156,
        "songDuration": 208.992,
        "songNumber": 3,
        "activePlayerCount": 207,
        "LinkVideo": "https://files.catbox.moe/q1bp5n.webm",
        "LinkMp3": "https://files.catbox.moe/lx3fvx.mp3"
    },
    {
        "animeEng": "Cardfight!! Vanguard: High School Arc Cont.",
        "animeRomaji": "Cardfight!! Vanguard: Zoku K\u014dk\u014dsei-hen",
        "songName": "Invincible Fighter",
        "artist": "RAISE A SUILEN",
        "type": "Opening 1",
        "correctCount": 16,
        "startTime": 19,
        "songDuration": 88.370726,
        "songNumber": 4,
        "activePlayerCount": 206,
        "LinkVideo": "https://files.catbox.moe/kmbg9i.webm",
        "LinkMp3": "https://files.catbox.moe/45yk1u.mp3"
    },
    {
        "animeEng": "VitaminX Addiction",
        "animeRomaji": "VitaminX Addiction",
        "songName": "Dekiai X",
        "artist": "Tatsuhisa Suzuki & Daisuke Ono",
        "type": "Opening 1",
        "correctCount": 7,
        "startTime": 14,
        "songDuration": 87.816,
        "songNumber": 5,
        "activePlayerCount": 206,
        "LinkVideo": "https://files.catbox.moe/rvdvdb.webm",
        "LinkMp3": "https://files.catbox.moe/hfxuey.mp3"
    },
    {
        "animeEng": "Lapis Re:LiGHTs",
        "animeRomaji": "Lapis Re:LiGHTs",
        "songName": "RISE",
        "artist": "supernova",
        "type": "Insert Song",
        "correctCount": 23,
        "startTime": 19,
        "songDuration": 99.12,
        "songNumber": 6,
        "activePlayerCount": 205,
        "LinkVideo": "https://files.catbox.moe/fkgu1c.webm",
        "LinkMp3": "https://files.catbox.moe/8xrl32.mp3"
    },
    {
        "animeEng": "Hundred",
        "animeRomaji": "Hundred",
        "songName": "BLOODRED",
        "artist": "D-selections",
        "type": "Opening 1",
        "correctCount": 60,
        "startTime": 2,
        "songDuration": 88.848,
        "songNumber": 7,
        "activePlayerCount": 204,
        "LinkVideo": "https://files.catbox.moe/tkmxxy.webm",
        "LinkMp3": "https://files.catbox.moe/i4kjz1.mp3"
    },
    {
        "animeEng": "The IDOLM@STER",
        "animeRomaji": "The IDOLM@STER",
        "songName": "READY!!&CHANGE!!!! SPECIAL EDITION",
        "artist": "765PRO ALLSTARS",
        "type": "Insert Song",
        "correctCount": 92,
        "startTime": 99,
        "songDuration": 141.888,
        "songNumber": 8,
        "activePlayerCount": 203,
        "LinkVideo": "https://files.catbox.moe/67i7gt.webm",
        "LinkMp3": "https://files.catbox.moe/bxod3m.mp3"
    },
    {
        "animeEng": "You're Being Summoned, Azazel",
        "animeRomaji": "Yondemasu yo, Azazel-san.",
        "songName": "Pandemic!!",
        "artist": "Team.Nekokan [Neko] featuring. Chihiro Yonekura",
        "type": "Opening 1",
        "correctCount": 28,
        "startTime": 23,
        "songDuration": 61.08,
        "songNumber": 9,
        "activePlayerCount": 204,
        "LinkVideo": "https://files.catbox.moe/z58dry.webm",
        "LinkMp3": "https://files.catbox.moe/mnvqd0.mp3"
    },
    {
        "animeEng": "Macross Frontier",
        "animeRomaji": "Macross Frontier",
        "songName": "Northern Cross",
        "artist": "May'n",
        "type": "Ending 8",
        "correctCount": 70,
        "startTime": 37,
        "songDuration": 88.056,
        "songNumber": 10,
        "activePlayerCount": 204,
        "LinkVideo": "https://files.catbox.moe/hqhc90.webm",
        "LinkMp3": "https://files.catbox.moe/xkddv7.mp3"
    },
    {
        "animeEng": "Future Card Buddyfight Ace",
        "animeRomaji": "Future Card Shin Buddyfight",
        "songName": "Saa Ik\u014d!",
        "artist": "Poppin'Party",
        "type": "Opening 1",
        "correctCount": 22,
        "startTime": 17,
        "songDuration": 88.475214,
        "songNumber": 11,
        "activePlayerCount": 204,
        "LinkVideo": "https://files.catbox.moe/m8f9rk.webm",
        "LinkMp3": "https://files.catbox.moe/iyc9fj.mp3"
    },
    {
        "animeEng": "Kira Kira Happy Hirake! Cocotama",
        "animeRomaji": "Kira Kira Happy Hirake! Cocotama",
        "songName": "Himitsu no Kagi, Cocotama!",
        "artist": "Minami Takahashi, Inori Minase, Mariya Ise, & Emiri Iwai",
        "type": "Opening 1",
        "correctCount": 4,
        "startTime": 43,
        "songDuration": 89.023776,
        "songNumber": 12,
        "activePlayerCount": 204,
        "LinkVideo": "https://files.catbox.moe/xjbpi6.webm",
        "LinkMp3": "https://files.catbox.moe/0qz2uz.mp3",
        "correctPlayers": [
            "redrum",
            "Rukawa11",
            "kneesoxluver",
            "ozsauce"
        ]
    },
    {
        "animeEng": "Pop Team Epic",
        "animeRomaji": "Poputepipikku",
        "songName": "POPPY PAPPY DAY",
        "artist": "Kenji Akabane & Shunsuke Takeuchi",
        "type": "Ending 1",
        "correctCount": 64,
        "startTime": 20,
        "songDuration": 56.64,
        "songNumber": 13,
        "activePlayerCount": 204,
        "LinkVideo": "https://files.catbox.moe/0hd0hh.webm",
        "LinkMp3": "https://files.catbox.moe/r64y62.mp3"
    },
    {
        "animeEng": "Hell Girl",
        "animeRomaji": "Jigoku Sh\u014djo",
        "songName": "Sakasama no Ch\u014d",
        "artist": "SNoW",
        "type": "Opening 1",
        "correctCount": 94,
        "startTime": 48,
        "songDuration": 90.30525,
        "songNumber": 14,
        "activePlayerCount": 204,
        "LinkVideo": "https://files.catbox.moe/ynfj11.webm",
        "LinkMp3": "https://files.catbox.moe/xse0sx.mp3"
    },
    {
        "animeEng": "The King of Braves GaoGaiGar Final",
        "animeRomaji": "Yuusha-Oh GaoGaiGar Final",
        "songName": "Yuusha-Ou Tanjou! -Mythology Version-",
        "artist": "Masaaki Endoh",
        "type": "Opening 1",
        "correctCount": 25,
        "startTime": 53,
        "songDuration": 90.816,
        "songNumber": 15,
        "activePlayerCount": 203,
        "LinkVideo": "https://files.catbox.moe/aobqqj.webm",
        "LinkMp3": "https://files.catbox.moe/up4e6g.mp3"
    },
    {
        "animeEng": "Ayakashi - Samurai Horror Tales",
        "animeRomaji": "Ayakashi - Samurai Horror Tales",
        "songName": "HEAT ISLAND",
        "artist": "Rhymester",
        "type": "Opening 1",
        "correctCount": 41,
        "startTime": 35,
        "songDuration": 78.864,
        "songNumber": 16,
        "activePlayerCount": 202,
        "LinkVideo": "https://files.catbox.moe/kpvyti.webm",
        "LinkMp3": "https://files.catbox.moe/pq6rdr.mp3"
    },
    {
        "animeEng": "Tokyo ESP",
        "animeRomaji": "Tokyo ESP",
        "songName": "Dark Side of the Light",
        "artist": "Faylan",
        "type": "Insert Song",
        "correctCount": 25,
        "startTime": 47,
        "songDuration": 149.904,
        "songNumber": 17,
        "activePlayerCount": 202,
        "LinkVideo": "https://files.catbox.moe/lpfsj9.webm",
        "LinkMp3": "https://files.catbox.moe/t8canv.mp3"
    },
    {
        "animeEng": "Amnesia",
        "animeRomaji": "Amnesia",
        "songName": "Zoetrope",
        "artist": "Nagi Yanagi",
        "type": "Opening 1",
        "correctCount": 82,
        "startTime": 11,
        "songDuration": 88.992,
        "songNumber": 18,
        "activePlayerCount": 203,
        "LinkVideo": "https://files.catbox.moe/m0vc8t.webm",
        "LinkMp3": "https://files.catbox.moe/2vjjy1.mp3"
    },
    {
        "animeEng": "Karuizawa Syndrome",
        "animeRomaji": "Karuizawa Syndrome",
        "songName": "Ballad ga Kikoenai",
        "artist": "Ry\u014d Matsuda",
        "type": "Ending 1",
        "correctCount": 1,
        "startTime": 148,
        "songDuration": 216.912,
        "songNumber": 19,
        "activePlayerCount": 203,
        "LinkVideo": "https://files.catbox.moe/uvgvil.webm",
        "LinkMp3": "https://files.catbox.moe/7eg2it.mp3",
        "correctPlayers": [
            "PearI"
        ]
    },
    {
        "animeEng": ".hack//Liminality",
        "animeRomaji": ".hack//Liminality",
        "songName": "Obsession",
        "artist": "See-Saw",
        "type": "Insert Song",
        "correctCount": 146,
        "startTime": 45,
        "songDuration": 115.392,
        "songNumber": 20,
        "activePlayerCount": 203,
        "LinkVideo": "https://files.catbox.moe/n7x1dt.webm",
        "LinkMp3": "https://files.catbox.moe/qk5p8n.mp3"
    },
    {
        "animeEng": "Eagle Talon: Golden Spell",
        "animeRomaji": "Himitsu Kessha Taka no Tsume: Golden Spell",
        "songName": "Dare ga Tame ni CHAKAPOCO wa Naru",
        "artist": "Necry Talkie",
        "type": "Opening 1",
        "correctCount": 14,
        "startTime": 14,
        "songDuration": 58.488,
        "songNumber": 21,
        "activePlayerCount": 202,
        "LinkVideo": "https://files.catbox.moe/04i695.webm",
        "LinkMp3": "https://files.catbox.moe/sbmhe2.mp3"
    },
    {
        "animeEng": "Rainy Cocoa sideG",
        "animeRomaji": "Ame-iro Cocoa Side G",
        "songName": "Colorful Passage",
        "artist": "Rika Tachibana",
        "type": "Opening 1",
        "correctCount": 28,
        "startTime": 0,
        "songDuration": 29.596226,
        "songNumber": 22,
        "activePlayerCount": 203,
        "LinkVideo": "https://files.catbox.moe/4ti9sy.webm",
        "LinkMp3": "https://files.catbox.moe/jy6mx4.mp3"
    },
    {
        "animeEng": "Kita e.: Pure Session",
        "animeRomaji": "Kita e.: Pure Session",
        "songName": "MOVE ON!",
        "artist": "Four Seasons",
        "type": "Insert Song",
        "correctCount": 3,
        "startTime": 79,
        "songDuration": 226.248,
        "songNumber": 23,
        "activePlayerCount": 201,
        "LinkVideo": "https://files.catbox.moe/0gxbpk.webm",
        "LinkMp3": "https://files.catbox.moe/rvf8d1.mp3",
        "correctPlayers": [
            "Keiko",
            "PearI",
            "watashiii"
        ]
    },
    {
        "animeEng": "Yu-Gi-Oh!",
        "animeRomaji": "Yu-Gi-Oh! Duel Monsters",
        "songName": "Rakuen",
        "artist": "CAVE",
        "type": "Ending 3",
        "correctCount": 11,
        "startTime": 35,
        "songDuration": 91.061292,
        "songNumber": 24,
        "activePlayerCount": 203,
        "LinkVideo": "https://files.catbox.moe/616ppy.webm",
        "LinkMp3": "https://files.catbox.moe/0v9bky.mp3"
    },
    {
        "animeEng": "Love, Chunibyo & Other Delusions!",
        "animeRomaji": "Chu-2 Byo demo Koi ga Shitai!",
        "songName": "Miagete Goran Yoru no Hoshi o",
        "artist": "Maaya Uchida",
        "type": "Insert Song",
        "correctCount": 59,
        "startTime": 1,
        "songDuration": 47.016,
        "songNumber": 25,
        "activePlayerCount": 203,
        "LinkVideo": "https://files.catbox.moe/oy3aml.webm",
        "LinkMp3": "https://files.catbox.moe/m74fik.mp3"
    },
    {
        "animeEng": "Future GPX Cyber Formula Saga",
        "animeRomaji": "Future GPX Cyber Formula Saga",
        "songName": "Identity Crisis",
        "artist": "CaYOCO",
        "type": "Opening 1",
        "correctCount": 4,
        "startTime": 61,
        "songDuration": 126.888,
        "songNumber": 26,
        "activePlayerCount": 203,
        "LinkVideo": "https://files.catbox.moe/qkvkp9.webm",
        "LinkMp3": "https://files.catbox.moe/yluqpi.mp3",
        "correctPlayers": [
            "GN001_GundamExia",
            "Qp",
            "yeims",
            "watashiii"
        ]
    },
    {
        "animeEng": "Yume kara, Samenai",
        "animeRomaji": "Yume kara, Samenai",
        "songName": "Koi ga Tomaranai",
        "artist": "Ry\u014dko Sano",
        "type": "Insert Song",
        "correctCount": 4,
        "startTime": 28,
        "songDuration": 145.968,
        "songNumber": 27,
        "activePlayerCount": 204,
        "LinkVideo": "https://files.catbox.moe/ha318x.webm",
        "LinkMp3": "https://files.catbox.moe/ulggsh.mp3",
        "correctPlayers": [
            "90s",
            "kurogato",
            "ozsauce",
            "PearI"
        ]
    },
    {
        "animeEng": "Negima!",
        "animeRomaji": "Mahou Sensei Negima!",
        "songName": "Asuna",
        "artist": "Shinkichi Mitsumune",
        "type": "Opening 7",
        "correctCount": 9,
        "startTime": 61,
        "songDuration": 100.92,
        "songNumber": 28,
        "activePlayerCount": 204,
        "LinkVideo": "https://files.catbox.moe/vhtoxz.webm",
        "LinkMp3": "https://files.catbox.moe/f7dnko.mp3"
    },
    {
        "animeEng": "Terror in Resonance",
        "animeRomaji": "Zanky\u014d no Terror",
        "songName": "Dare ka, Umi o.",
        "artist": "Aimer",
        "type": "Ending 1",
        "correctCount": 98,
        "startTime": 42,
        "songDuration": 89.856,
        "songNumber": 29,
        "activePlayerCount": 202,
        "LinkVideo": "https://files.catbox.moe/vj1tl5.webm",
        "LinkMp3": "https://files.catbox.moe/hdhlap.mp3"
    },
    {
        "animeEng": "Interspecies Reviewers",
        "animeRomaji": "Ishuzoku Reviewers",
        "songName": "Hanabira Ondo",
        "artist": "Junji Majima, Y\u016bsuke Kobayashi, Miyu Tomita",
        "type": "Ending 1",
        "correctCount": 72,
        "startTime": 10,
        "songDuration": 89.013,
        "songNumber": 30,
        "activePlayerCount": 203,
        "LinkVideo": "https://files.catbox.moe/wslkzv.webm"
    },
    {
        "animeEng": "Aesthetica of a Rogue Hero",
        "animeRomaji": "Hagure Y\u016bsha no Aesthetica",
        "songName": "Realization",
        "artist": "Faylan",
        "type": "Opening 1",
        "correctCount": 50,
        "startTime": 38,
        "songDuration": 89.208,
        "songNumber": 31,
        "activePlayerCount": 202,
        "LinkVideo": "https://files.catbox.moe/i376w0.webm",
        "LinkMp3": "https://files.catbox.moe/oq4rf1.mp3"
    },
    {
        "animeEng": "Ouran High School Host Club",
        "animeRomaji": "\u014cran K\u014dk\u014d Host Club",
        "songName": "Sakura kiss",
        "artist": "Chieko Kawabe",
        "type": "Opening 1",
        "correctCount": 153,
        "startTime": 8,
        "songDuration": 75.648,
        "songNumber": 32,
        "activePlayerCount": 202,
        "LinkVideo": "https://files.catbox.moe/wru9uk.webm",
        "LinkMp3": "https://files.catbox.moe/snszth.mp3"
    },
    {
        "animeEng": "Nobunagun",
        "animeRomaji": "Nobunagun",
        "songName": "Chiisana Hoshi ver. \u03b2",
        "artist": "Shiori Mut\u014d, Yuu Asakawa, Sumire Uesaka, Ayumu Murase",
        "type": "Ending 2",
        "correctCount": 4,
        "startTime": 44,
        "songDuration": 89.023776,
        "songNumber": 33,
        "activePlayerCount": 202,
        "LinkVideo": "https://files.catbox.moe/eeo19v.webm",
        "LinkMp3": "https://files.catbox.moe/q7cpzn.mp3",
        "correctPlayers": [
            "Uskighte",
            "Rukawa11",
            "ozsauce",
            "PearI"
        ]
    },
    {
        "animeEng": "No Guns Life",
        "animeRomaji": "No Guns Life",
        "songName": "MOTOR CITY",
        "artist": "Kenichi Asai",
        "type": "Opening 1",
        "correctCount": 81,
        "startTime": 35,
        "songDuration": 89.784,
        "songNumber": 34,
        "activePlayerCount": 203,
        "LinkVideo": "https://files.catbox.moe/yfkowp.webm",
        "LinkMp3": "https://files.catbox.moe/ig0bzr.mp3"
    },
    {
        "animeEng": "Skate-Leading Stars",
        "animeRomaji": "Skate-Leading Stars",
        "songName": "JUMP",
        "artist": "Shuugo Nakamura",
        "type": "Ending 1",
        "correctCount": 11,
        "startTime": 20,
        "songDuration": 89.568,
        "songNumber": 35,
        "activePlayerCount": 203,
        "LinkVideo": "https://files.catbox.moe/n3np7t.webm",
        "LinkMp3": "https://files.catbox.moe/v39npm.mp3"
    },
    {
        "animeEng": "The Knight in the Area",
        "animeRomaji": "Area no Kishi",
        "songName": "Higher Ground",
        "artist": "S.R.S",
        "type": "Opening 1",
        "correctCount": 17,
        "startTime": 16,
        "songDuration": 87.064626,
        "songNumber": 36,
        "activePlayerCount": 203,
        "LinkVideo": "https://files.catbox.moe/yrqb2j.webm",
        "LinkMp3": "https://files.catbox.moe/xakhxo.mp3"
    },
    {
        "animeEng": "Mobile Suit Gundam Thunderbolt",
        "animeRomaji": "Kid\u014d Senshi Gundam Thunderbolt",
        "songName": "Kushimotobushi",
        "artist": "Tomomi Oda",
        "type": "Ending 2",
        "correctCount": 11,
        "startTime": 38,
        "songDuration": 159.768,
        "songNumber": 37,
        "activePlayerCount": 203,
        "LinkVideo": "https://files.catbox.moe/l05m1z.webm",
        "LinkMp3": "https://files.catbox.moe/ksll15.mp3"
    },
    {
        "animeEng": "Yuki Yuna is a Hero: Washio Sumi Chapter",
        "animeRomaji": "Y\u016bki Y\u016bna wa Y\u016bsha de Aru: Washio Sumi no Sh\u014d",
        "songName": "Egao no Kimi e",
        "artist": "Suzuko Mimori",
        "type": "Opening 1",
        "correctCount": 36,
        "startTime": 55,
        "songDuration": 89.064,
        "songNumber": 38,
        "activePlayerCount": 200,
        "LinkVideo": "https://files.catbox.moe/l522on.webm",
        "LinkMp3": "https://files.catbox.moe/u9rcpk.mp3"
    },
    {
        "animeEng": "SNS Police",
        "animeRomaji": "SNS Police",
        "songName": "Maugham wa Atelier nite",
        "artist": "Uso to Chameleon",
        "type": "Opening 1",
        "correctCount": 11,
        "startTime": 45,
        "songDuration": 89.496,
        "songNumber": 39,
        "activePlayerCount": 202,
        "LinkVideo": "https://files.catbox.moe/apfl2u.webm",
        "LinkMp3": "https://files.catbox.moe/hvxdmd.mp3"
    },
    {
        "animeEng": "Orange: Mirai",
        "animeRomaji": "Orange: Mirai",
        "songName": "Mirai",
        "artist": "Kobukuro",
        "type": "Opening 1",
        "correctCount": 75,
        "startTime": 124,
        "songDuration": 304.45191,
        "songNumber": 40,
        "activePlayerCount": 201,
        "LinkVideo": "https://files.catbox.moe/sacu74.webm",
        "LinkMp3": "https://files.catbox.moe/2w00z7.mp3"
    },
    {
        "animeEng": "Memories Off #5 Togireta Film",
        "animeRomaji": "Memories Off #5 Togireta Film",
        "songName": "Romancing Story",
        "artist": "Ayane",
        "type": "Ending 1",
        "correctCount": 26,
        "startTime": 124,
        "songDuration": 160.075616,
        "songNumber": 41,
        "activePlayerCount": 201,
        "LinkVideo": "https://files.catbox.moe/0vxcyz.webm",
        "LinkMp3": "https://files.catbox.moe/gcrr8j.mp3"
    },
    {
        "animeEng": "Dogeza de Tanondemita",
        "animeRomaji": "Dogeza de Tanondemita",
        "songName": "DOGEZA! Do get that!",
        "artist": "Dogeza-tai",
        "type": "Ending 1",
        "correctCount": 136,
        "startTime": 20,
        "songDuration": 57.36,
        "songNumber": 42,
        "activePlayerCount": 201,
        "LinkVideo": "https://files.catbox.moe/ewjdfc.webm",
        "LinkMp3": "https://files.catbox.moe/g41rkr.mp3"
    },
    {
        "animeEng": "IRODUKU: The World in Colors",
        "animeRomaji": "Irozuku Sekai no Ashita kara.",
        "songName": "Mimei no Kimi to Hakumei no Mah\u014d",
        "artist": "Nagi Yanagi",
        "type": "Ending 1",
        "correctCount": 40,
        "startTime": 9,
        "songDuration": 89.07602,
        "songNumber": 43,
        "activePlayerCount": 200,
        "LinkVideo": "https://files.catbox.moe/lu0any.webm",
        "LinkMp3": "https://files.catbox.moe/ha8kol.mp3"
    },
    {
        "animeEng": "BanG Dream! 2nd Season",
        "animeRomaji": "BanG Dream! 2nd Season",
        "songName": "ON YOUR MARK",
        "artist": "Afterglow",
        "type": "Insert Song",
        "correctCount": 56,
        "startTime": 27,
        "songDuration": 100.70031,
        "songNumber": 44,
        "activePlayerCount": 200,
        "LinkVideo": "https://files.catbox.moe/w36kw4.webm",
        "LinkMp3": "https://files.catbox.moe/e3plva.mp3"
    },
    {
        "animeEng": "Chikatetsu ni Noru",
        "animeRomaji": "Chikatetsu ni Noru",
        "songName": "Kousen",
        "artist": "Harumi Ooki",
        "type": "Ending 1",
        "correctCount": 2,
        "startTime": 111,
        "songDuration": 179.536506,
        "songNumber": 45,
        "activePlayerCount": 199,
        "LinkVideo": "https://files.catbox.moe/8xsr4i.webm",
        "LinkMp3": "https://files.catbox.moe/7chrcp.mp3",
        "correctPlayers": [
            "anonimus_opinion",
            "kneesoxluver"
        ]
    },
    {
        "animeEng": "Immortal Grand Prix",
        "animeRomaji": "Immortal Grand Prix",
        "songName": "Go For It !",
        "artist": "GRAN RODEO",
        "type": "Opening 1",
        "correctCount": 16,
        "startTime": 18,
        "songDuration": 90.072,
        "songNumber": 46,
        "activePlayerCount": 196,
        "LinkVideo": "https://files.catbox.moe/bmxvgd.webm",
        "LinkMp3": "https://files.catbox.moe/2diprr.mp3"
    },
    {
        "animeEng": "Idol Time PriPara",
        "animeRomaji": "Idol Time PriPara",
        "songName": "Twin mirror\u2665compact",
        "artist": "Azuki Shibuya & Y\u016bki Wakai",
        "type": "Insert Song",
        "correctCount": 61,
        "startTime": 46,
        "songDuration": 150.07089,
        "songNumber": 47,
        "activePlayerCount": 196,
        "LinkVideo": "https://files.catbox.moe/krt522.webm",
        "LinkMp3": "https://files.catbox.moe/wr16id.mp3"
    },
    {
        "animeEng": "Precure Miracle Universe",
        "animeRomaji": "Precure Miracle Universe",
        "songName": "Precure! Kana Yell\u2606Miracle",
        "artist": "Kanako Miyamoto",
        "type": "Opening 1",
        "correctCount": 57,
        "startTime": 0,
        "songDuration": 22.752,
        "songNumber": 48,
        "activePlayerCount": 197,
        "LinkVideo": "https://files.catbox.moe/w0efbm.webm",
        "LinkMp3": "https://files.catbox.moe/puzngj.mp3"
    },
    {
        "animeEng": "King of Prism: Shiny Seven Stars",
        "animeRomaji": "King of Prism: Shiny Seven Stars",
        "songName": "survival dAnce ~no no cry more~",
        "artist": "Shunsuke Takeuchi",
        "type": "Insert Song",
        "correctCount": 5,
        "startTime": 2,
        "songDuration": 240.504,
        "songNumber": 49,
        "activePlayerCount": 195,
        "LinkVideo": "https://files.catbox.moe/24vr8v.webm",
        "LinkMp3": "https://files.catbox.moe/wa8c30.mp3",
        "correctPlayers": [
            "redrum",
            "Elly",
            "zukkyun",
            "Kolea",
            "chottokininatte"
        ]
    },
    {
        "animeEng": "Eiga Doraemon: Nobita no Nankyoku Kachi Kochi Daib\u014dken",
        "animeRomaji": "Eiga Doraemon: Nobita no Nankyoku Kachi Kochi Daib\u014dken",
        "songName": "Boku no Kokoro wo Tsukutteyo",
        "artist": "Ken Hirai",
        "type": "Ending 1",
        "correctCount": 3,
        "startTime": 125,
        "songDuration": 175.879426,
        "songNumber": 50,
        "activePlayerCount": 195,
        "LinkVideo": "https://files.catbox.moe/xnpfjp.webm",
        "LinkMp3": "https://files.catbox.moe/48w27k.mp3",
        "correctPlayers": [
            "anonimus_opinion",
            "kneesoxluver",
            "angelofeternity"
        ]
    },
    {
        "animeEng": "Re:ZERO -Starting Life in Another World-",
        "animeRomaji": "Re:Zero kara Hajimeru Isekai Seikatsu",
        "songName": "Realize",
        "artist": "Konomi Suzuki",
        "type": "Opening 1",
        "correctCount": 108,
        "startTime": 2,
        "songDuration": 88.056,
        "songNumber": 51,
        "activePlayerCount": 195,
        "LinkVideo": "https://files.catbox.moe/b3o2ky.webm",
        "LinkMp3": "https://files.catbox.moe/k5vt7c.mp3"
    },
    {
        "animeEng": "My Wife is the Student Council President+!",
        "animeRomaji": "Okusama ga Seitokaich\u014d!+!",
        "songName": "Kirakira Explorer",
        "artist": "Rekka Katakiri",
        "type": "Opening 1",
        "correctCount": 39,
        "startTime": 0,
        "songDuration": 29.568,
        "songNumber": 52,
        "activePlayerCount": 194,
        "LinkVideo": "https://files.catbox.moe/3zs9b9.webm",
        "LinkMp3": "https://files.catbox.moe/x518cw.mp3"
    },
    {
        "animeEng": "Mankatsu",
        "animeRomaji": "Mankatsu",
        "songName": "Last Dance wa Watashi ni",
        "artist": "Fubuki Koshiji",
        "type": "Ending 1",
        "correctCount": 1,
        "startTime": 22,
        "songDuration": 141.764094,
        "songNumber": 53,
        "activePlayerCount": 193,
        "LinkVideo": "https://files.catbox.moe/encnpj.webm",
        "LinkMp3": "https://files.catbox.moe/f552k9.mp3",
        "correctPlayers": [
            "asleep"
        ]
    },
    {
        "animeEng": "Kirby: Right Back At Ya!",
        "animeRomaji": "Hoshi no Kirby",
        "songName": "Kirby Theme",
        "artist": "Norman J. Grossfield",
        "type": "Opening 1",
        "correctCount": 155,
        "startTime": 10,
        "songDuration": 60.0806,
        "songNumber": 54,
        "activePlayerCount": 193,
        "LinkVideo": "https://files.catbox.moe/pbutc7.webm",
        "LinkMp3": "https://files.catbox.moe/0q7g8j.mp3"
    },
    {
        "animeEng": "Ace of the Diamond Second Season",
        "animeRomaji": "Daiya no Ace: Second Season",
        "songName": "Sora ga Aozora de aru Tame ni",
        "artist": "GLAY",
        "type": "Opening 5",
        "correctCount": 18,
        "startTime": 8,
        "songDuration": 88.94541,
        "songNumber": 55,
        "activePlayerCount": 192,
        "LinkVideo": "https://files.catbox.moe/q51wkg.webm",
        "LinkMp3": "https://files.catbox.moe/048xsj.mp3"
    },
    {
        "animeEng": "Breakers",
        "animeRomaji": "Breakers",
        "songName": "SUPER HERO",
        "artist": "BugLug",
        "type": "Ending 1",
        "correctCount": 7,
        "startTime": 9,
        "songDuration": 56.424,
        "songNumber": 56,
        "activePlayerCount": 192,
        "LinkVideo": "https://files.catbox.moe/ibjyhd.webm",
        "LinkMp3": "https://files.catbox.moe/n12nrf.mp3"
    },
    {
        "animeEng": "as the moon, so beautiful",
        "animeRomaji": "Tsukigakirei",
        "songName": "Ima Koko",
        "artist": "Nao T\u014dyama",
        "type": "Opening 1",
        "correctCount": 82,
        "startTime": 11,
        "songDuration": 88.056,
        "songNumber": 57,
        "activePlayerCount": 192,
        "LinkVideo": "https://files.catbox.moe/t2p7vr.webm",
        "LinkMp3": "https://files.catbox.moe/d3tmna.mp3"
    },
    {
        "animeEng": "Speed Racer X",
        "animeRomaji": "Mach Go Go Go",
        "songName": "Mach Go Go Go 1997",
        "artist": "Kentaro Hayami",
        "type": "Opening 2",
        "correctCount": 126,
        "startTime": 39,
        "songDuration": 88.968,
        "songNumber": 58,
        "activePlayerCount": 192,
        "LinkVideo": "https://files.catbox.moe/mbdydh.webm",
        "LinkMp3": "https://files.catbox.moe/jygumj.mp3"
    },
    {
        "animeEng": "Dragon Ball Z: Cooler's Revenge",
        "animeRomaji": "Dragon Ball Z: Tobikkiri no Saikyou tai Saikyou",
        "songName": "Stay and Drown",
        "artist": "Finger Eleven",
        "type": "Insert Song",
        "correctCount": 3,
        "startTime": 12,
        "songDuration": 95.616,
        "songNumber": 59,
        "activePlayerCount": 192,
        "LinkVideo": "https://files.catbox.moe/bdpqe3.webm",
        "LinkMp3": "https://files.catbox.moe/ldsrkw.mp3",
        "correctPlayers": [
            "oh95",
            "GGius",
            "kneesoxluver"
        ]
    },
    {
        "animeEng": "Infinite Ryvius",
        "animeRomaji": "Mugen no Ryvius",
        "songName": "dis- (Song Bird Mix)",
        "artist": "Mika Arisaka",
        "type": "Insert Song",
        "correctCount": 9,
        "startTime": 27,
        "songDuration": 120.213444,
        "songNumber": 60,
        "activePlayerCount": 192,
        "LinkVideo": "https://files.catbox.moe/el4v3d.webm",
        "LinkMp3": "https://files.catbox.moe/pmmyrd.mp3"
    },
    {
        "animeEng": "Locodol OVA",
        "animeRomaji": "Futs\u016b no Joshik\u014dsei ga Locodol Yattemita OVA",
        "songName": "Miss Mermaid -The Myth Mermaid-",
        "artist": "AWA\u00b2 GiRLS",
        "type": "Insert Song",
        "correctCount": 2,
        "startTime": 2,
        "songDuration": 38.184,
        "songNumber": 61,
        "activePlayerCount": 192,
        "LinkVideo": "https://files.catbox.moe/gwkiu6.webm",
        "LinkMp3": "https://files.catbox.moe/942fyo.mp3",
        "correctPlayers": [
            "iQuestGod",
            "Keiko"
        ]
    },
    {
        "animeEng": "Many\u016b Hiken-ch\u014d",
        "animeRomaji": "Many\u016b Hiken-ch\u014d",
        "songName": "Sadame",
        "artist": "AiRI",
        "type": "Opening 1",
        "correctCount": 8,
        "startTime": 16,
        "songDuration": 87.552,
        "songNumber": 62,
        "activePlayerCount": 191,
        "LinkVideo": "https://files.catbox.moe/ndddk2.webm",
        "LinkMp3": "https://files.catbox.moe/uf9gxp.mp3"
    },
    {
        "animeEng": "Undersea Super Train: Marine Express",
        "animeRomaji": "Kaitei Ch\u014d Tokky\u016b Marine Express",
        "songName": "The Marine Express",
        "artist": "Tommy Snyder",
        "type": "Opening 1",
        "correctCount": 42,
        "startTime": 40,
        "songDuration": 74.496,
        "songNumber": 63,
        "activePlayerCount": 191,
        "LinkVideo": "https://files.catbox.moe/3pqro5.webm",
        "LinkMp3": "https://files.catbox.moe/wzt6yz.mp3"
    },
    {
        "animeEng": "Dokaben",
        "animeRomaji": "Dokaben",
        "songName": "Ganbare Dokaben",
        "artist": "Koorogi '73",
        "type": "Opening 1",
        "correctCount": 7,
        "startTime": 20,
        "songDuration": 61.2,
        "songNumber": 64,
        "activePlayerCount": 191,
        "LinkVideo": "https://files.catbox.moe/08pd72.webm",
        "LinkMp3": "https://files.catbox.moe/9r5vp8.mp3"
    },
    {
        "animeEng": "Excel Saga",
        "animeRomaji": "Excel Saga",
        "songName": "Menchi Aishou no Bolero ~Shokusu no ne",
        "artist": "Excel\u2665Girls",
        "type": "Ending 1",
        "correctCount": 88,
        "startTime": 39,
        "songDuration": 87.792,
        "songNumber": 65,
        "activePlayerCount": 191,
        "LinkVideo": "https://files.catbox.moe/4qhbei.webm",
        "LinkMp3": "https://files.catbox.moe/el7rf6.mp3"
    },
    {
        "animeEng": "Pretty Rhythm All Star Selection: Prism Show Best Ten",
        "animeRomaji": "Pretty Rhythm All Star Selection: Prism Show Best Ten",
        "songName": "Thank You!!",
        "artist": "P&P",
        "type": "Insert Song",
        "correctCount": 8,
        "startTime": 0,
        "songDuration": 30.072,
        "songNumber": 66,
        "activePlayerCount": 191,
        "LinkVideo": "https://files.catbox.moe/ds028k.webm",
        "LinkMp3": "https://files.catbox.moe/du2uqx.mp3"
    },
    {
        "animeEng": "Battle B-Daman: Fire Spirits",
        "animeRomaji": "B-Legend! Battle B-Daman: Fire Spirits!",
        "songName": "Fire Spirits",
        "artist": "MAKiZO",
        "type": "Opening 1",
        "correctCount": 2,
        "startTime": 22,
        "songDuration": 89.07602,
        "songNumber": 67,
        "activePlayerCount": 191,
        "LinkVideo": "https://files.catbox.moe/xhnn27.webm",
        "LinkMp3": "https://files.catbox.moe/d2eyl6.mp3",
        "correctPlayers": [
            "nunchi",
            "PearI"
        ]
    },
    {
        "animeEng": "Star Driver the Movie",
        "animeRomaji": "Star Driver the Movie",
        "songName": "Cross Over",
        "artist": "9nine",
        "type": "Insert Song",
        "correctCount": 36,
        "startTime": 77,
        "songDuration": 119.016,
        "songNumber": 68,
        "activePlayerCount": 191,
        "LinkVideo": "https://files.catbox.moe/uodiwz.webm",
        "LinkMp3": "https://files.catbox.moe/o8buz4.mp3"
    },
    {
        "animeEng": "Graveyard Kitaro",
        "animeRomaji": "Hakaba Kitar\u014d",
        "songName": "Mononoke Dance",
        "artist": "Denki Groove",
        "type": "Opening 1",
        "correctCount": 12,
        "startTime": 15,
        "songDuration": 78.864,
        "songNumber": 69,
        "activePlayerCount": 192,
        "LinkVideo": "https://files.catbox.moe/g3re0l.webm",
        "LinkMp3": "https://files.catbox.moe/kp53zs.mp3"
    },
    {
        "animeEng": "Aikatsu Friends!",
        "animeRomaji": "Aikatsu Friends!",
        "songName": "Soko ni Shikanai Mono",
        "artist": "Aine\u30fbMio from BEST FRIENDS!",
        "type": "Opening 2",
        "correctCount": 32,
        "startTime": 18,
        "songDuration": 89.441728,
        "songNumber": 70,
        "activePlayerCount": 193,
        "LinkVideo": "https://files.catbox.moe/532siv.webm",
        "LinkMp3": "https://files.catbox.moe/ngwonr.mp3"
    },
    {
        "animeEng": "Showa Monogatari",
        "animeRomaji": "Showa Monogatari",
        "songName": "Utsukushii Juudai",
        "artist": "Akira Mita",
        "type": "Ending 2",
        "correctCount": 5,
        "startTime": 22,
        "songDuration": 59.136,
        "songNumber": 71,
        "activePlayerCount": 193,
        "LinkVideo": "https://files.catbox.moe/mpsgop.webm",
        "LinkMp3": "https://files.catbox.moe/cpisal.mp3",
        "correctPlayers": [
            "Catisam",
            "90s",
            "kneesoxluver",
            "asleep",
            "ozsauce"
        ]
    },
    {
        "animeEng": "Kakegurui",
        "animeRomaji": "Kakegurui",
        "songName": "Koi no Russian Roulette",
        "artist": "Saori Hayami & Y\u016b Serizawa",
        "type": "Ending 2",
        "correctCount": 79,
        "startTime": 34,
        "songDuration": 91.896,
        "songNumber": 72,
        "activePlayerCount": 191,
        "LinkVideo": "https://files.catbox.moe/19ubdm.webm",
        "LinkMp3": "https://files.catbox.moe/7b97j2.mp3"
    },
    {
        "animeEng": "Love Live! Sunshine!!",
        "animeRomaji": "Love Live! School idol project Sunshine!!",
        "songName": "Yuuki wa Doko ni? Kimi no Mune ni!",
        "artist": "Ai Furihata, Aika Kobayashi & Kanako Takatsuki",
        "type": "Ending 5",
        "correctCount": 83,
        "startTime": 50,
        "songDuration": 99.185234,
        "songNumber": 73,
        "activePlayerCount": 192,
        "LinkVideo": "https://files.catbox.moe/lgudtb.webm",
        "LinkMp3": "https://files.catbox.moe/fa4zgn.mp3"
    },
    {
        "animeEng": "Armored Trooper Votoms: Case;Irvine",
        "animeRomaji": "S\u014dk\u014d Kihei VOTOMS: Case;Irvine",
        "songName": "Hoshi wo Motomete",
        "artist": "Aira Yuuki",
        "type": "Ending 1",
        "correctCount": 4,
        "startTime": 71,
        "songDuration": 153.754092,
        "songNumber": 74,
        "activePlayerCount": 192,
        "LinkVideo": "https://files.catbox.moe/n1y8y6.webm",
        "LinkMp3": "https://files.catbox.moe/ndtiu4.mp3",
        "correctPlayers": [
            "anonimus_opinion",
            "shadowpandax",
            "asleep",
            "watashiii"
        ]
    },
    {
        "animeEng": "Lupin III: Alcatraz Connection",
        "animeRomaji": "Lupin Sansei: Alcatraz Connection",
        "songName": "Theme from Lupin III '97",
        "artist": "Yuji Ohno Trio featuring Akiko",
        "type": "Opening 1",
        "correctCount": 4,
        "startTime": 70,
        "songDuration": 215.04,
        "songNumber": 75,
        "activePlayerCount": 192,
        "LinkVideo": "https://files.catbox.moe/ftd941.webm",
        "LinkMp3": "https://files.catbox.moe/gs8tss.mp3",
        "correctPlayers": [
            "ShiroKuro",
            "aryagamis",
            "ozsauce",
            "angelofeternity"
        ]
    }
]