[
    {
        "animeEng": "Pretty Guardian Sailor Moon Crystal",
        "animeRomaji": "Bish\u014djo Senshi Sailor Moon Crystal",
        "songName": "MOON PRIDE!",
        "artist": "Momoiro Clover Z",
        "type": "Opening 1",
        "correctCount": 87,
        "startTime": 52,
        "songDuration": 87.48,
        "songNumber": 1,
        "activePlayerCount": 197,
        "LinkVideo": "https://files.catbox.moe/xtsqly.webm",
        "LinkMp3": "https://files.catbox.moe/ggzsvq.mp3"
    },
    {
        "animeEng": "Wonder Beat Scramble",
        "animeRomaji": "Wonderbeat S",
        "songName": "Wonderbeat",
        "artist": "Mayumi & Naomi Tsubame",
        "type": "Ending 1",
        "correctCount": 38,
        "startTime": 44,
        "songDuration": 79.368,
        "songNumber": 2,
        "activePlayerCount": 195,
        "LinkVideo": "https://files.catbox.moe/w6x0aa.webm",
        "LinkMp3": "https://files.catbox.moe/uuuy31.mp3"
    },
    {
        "animeEng": "Grander Musashi RV",
        "animeRomaji": "Grander Musashi RV",
        "songName": "Chase The Wind",
        "artist": "COA",
        "type": "Opening 1",
        "correctCount": 3,
        "startTime": 38,
        "songDuration": 88.968,
        "songNumber": 3,
        "activePlayerCount": 195,
        "LinkVideo": "https://files.catbox.moe/8ymdna.webm",
        "LinkMp3": "https://files.catbox.moe/u1p1vk.mp3",
        "correctPlayers": [
            "yeims",
            "ozsauce",
            "yahallonyanpasu"
        ]
    },
    {
        "animeEng": "Etotama",
        "animeRomaji": "Etotama",
        "songName": "Retry\u2606Rendezvous",
        "artist": "Rie Murakawa",
        "type": "Opening 1",
        "correctCount": 40,
        "startTime": 3,
        "songDuration": 89.112,
        "songNumber": 4,
        "activePlayerCount": 194,
        "LinkVideo": "https://files.catbox.moe/2ll6if.webm",
        "LinkMp3": "https://files.catbox.moe/1ourzz.mp3"
    },
    {
        "animeEng": "Eureka Seven",
        "animeRomaji": "K\u014dky\u014dshihen Eureka Seven",
        "songName": "Niji",
        "artist": "Denki Groove",
        "type": "Insert Song",
        "correctCount": 15,
        "startTime": 45,
        "songDuration": 535.44,
        "songNumber": 5,
        "activePlayerCount": 193,
        "LinkVideo": "https://files.catbox.moe/y9xy8f.webm",
        "LinkMp3": "https://files.catbox.moe/dsu4ik.mp3"
    },
    {
        "animeEng": "Flag",
        "animeRomaji": "Flag",
        "songName": "Hope to Peace",
        "artist": "Ike Yoshihiro",
        "type": "Opening 1",
        "correctCount": 12,
        "startTime": 24,
        "songDuration": 87.888,
        "songNumber": 6,
        "activePlayerCount": 193,
        "LinkVideo": "https://files.catbox.moe/wogdj9.webm",
        "LinkMp3": "https://files.catbox.moe/uycsfe.mp3"
    },
    {
        "animeEng": "Chobits",
        "animeRomaji": "Chobits",
        "songName": "Let Me Be With You",
        "artist": "ROUND TABLE featuring Nino",
        "type": "Opening 1",
        "correctCount": 162,
        "startTime": 44,
        "songDuration": 89.064,
        "songNumber": 7,
        "activePlayerCount": 194,
        "LinkVideo": "https://files.catbox.moe/0dz49k.webm",
        "LinkMp3": "https://files.catbox.moe/5venr9.mp3"
    },
    {
        "animeEng": "Rosario + Vampire Capu2",
        "animeRomaji": "Rosario to Vampire Capu2",
        "songName": "Orange no Kaerimichi",
        "artist": "Saeko Chiba",
        "type": "Insert Song",
        "correctCount": 8,
        "startTime": 55,
        "songDuration": 105.048,
        "songNumber": 8,
        "activePlayerCount": 194,
        "LinkVideo": "https://files.catbox.moe/5h0cqv.webm",
        "LinkMp3": "https://files.catbox.moe/a0mls0.mp3"
    },
    {
        "animeEng": "Eiga Smile Precure: Ehon no Naka wa Minna Chiguhagu!",
        "animeRomaji": "Eiga Smile Precure: Ehon no Naka wa Minna Chiguhagu!",
        "songName": "Let's go! Smile Precure!",
        "artist": "Aya Ikeda",
        "type": "Opening 1",
        "correctCount": 56,
        "startTime": 28,
        "songDuration": 83.544,
        "songNumber": 9,
        "activePlayerCount": 194,
        "LinkVideo": "https://files.catbox.moe/f6wxc0.webm",
        "LinkMp3": "https://files.catbox.moe/cazq55.mp3"
    },
    {
        "animeEng": "Vandread",
        "animeRomaji": "Vandread",
        "songName": "Trust",
        "artist": "Salia",
        "type": "Opening 1",
        "correctCount": 47,
        "startTime": 22,
        "songDuration": 82.848,
        "songNumber": 10,
        "activePlayerCount": 195,
        "LinkVideo": "https://files.catbox.moe/hxojwp.webm",
        "LinkMp3": "https://files.catbox.moe/xlae1r.mp3"
    },
    {
        "animeEng": "GATE",
        "animeRomaji": "Gate: Jieitai Kanochi nite, Kaku Tatakaeri",
        "songName": "GATE II ~Sekai o Koete~",
        "artist": "Kishida Ky\u014ddan &THE Akeboshi Rockets",
        "type": "Opening 1",
        "correctCount": 118,
        "startTime": 48,
        "songDuration": 89.64,
        "songNumber": 11,
        "activePlayerCount": 194,
        "LinkVideo": "https://files.catbox.moe/ip2efc.webm",
        "LinkMp3": "https://files.catbox.moe/plqsq8.mp3"
    },
    {
        "animeEng": "Uta no\u2606Prince-sama\u266aMaji LOVE 1000%",
        "animeRomaji": "Uta no\u2606Prince-sama\u266aMaji LOVE 1000%",
        "songName": "Maji LOVE1000\uff05",
        "artist": "ST\u2606RISH",
        "type": "Ending 1",
        "correctCount": 55,
        "startTime": 39,
        "songDuration": 101.4,
        "songNumber": 12,
        "activePlayerCount": 193,
        "LinkVideo": "https://files.catbox.moe/psw9ah.webm",
        "LinkMp3": "https://files.catbox.moe/sg5k4l.mp3"
    },
    {
        "animeEng": "Bomberman Jetters",
        "animeRomaji": "Bomberman Jetters",
        "songName": "Hop! Skip! Jump!",
        "artist": "Hideo Suwa",
        "type": "Opening 2",
        "correctCount": 5,
        "startTime": 11,
        "songDuration": 79.368,
        "songNumber": 13,
        "activePlayerCount": 194,
        "LinkVideo": "https://files.catbox.moe/pccsuv.webm",
        "LinkMp3": "https://files.catbox.moe/3942dy.mp3",
        "correctPlayers": [
            "MoltenAshes",
            "Tsuyura",
            "Rukawa11",
            "asleep",
            "ozsauce"
        ]
    },
    {
        "animeEng": "Undersea Super Train: Marine Express",
        "animeRomaji": "Kaitei Ch\u014d Tokky\u016b Marine Express",
        "songName": "The Marine Express",
        "artist": "Tommy Snyder",
        "type": "Opening 1",
        "correctCount": 46,
        "startTime": 34,
        "songDuration": 74.496,
        "songNumber": 14,
        "activePlayerCount": 195,
        "LinkVideo": "https://files.catbox.moe/3pqro5.webm",
        "LinkMp3": "https://files.catbox.moe/wzt6yz.mp3"
    },
    {
        "animeEng": "Carole & Tuesday",
        "animeRomaji": "Carole & Tuesday",
        "songName": "Dance Tonight",
        "artist": "J R Price",
        "type": "Insert Song",
        "correctCount": 53,
        "startTime": 0,
        "songDuration": 96.048,
        "songNumber": 15,
        "activePlayerCount": 195,
        "LinkVideo": "https://files.catbox.moe/i8f3cu.webm",
        "LinkMp3": "https://files.catbox.moe/ye1bve.mp3"
    },
    {
        "animeEng": "Chihayafuru 2",
        "animeRomaji": "Chihayafuru 2",
        "songName": "YOUTHFUL ~from Studio Yamato~",
        "artist": "99RadioService",
        "type": "Ending 2",
        "correctCount": 152,
        "startTime": 53,
        "songDuration": 87.912,
        "songNumber": 16,
        "activePlayerCount": 195,
        "LinkVideo": "https://files.catbox.moe/bojcfy.webm",
        "LinkMp3": "https://files.catbox.moe/y3ps2h.mp3"
    },
    {
        "animeEng": "Gintama. Silver Soul Arc",
        "animeRomaji": "Gintama. Shirogane no Tamashii-hen",
        "songName": "Hana Ichi Monme",
        "artist": "BURNOUT SYNDROMES",
        "type": "Ending 1",
        "correctCount": 33,
        "startTime": 56,
        "songDuration": 89.496,
        "songNumber": 17,
        "activePlayerCount": 195,
        "LinkVideo": "https://files.catbox.moe/vqt1aj.webm",
        "LinkMp3": "https://files.catbox.moe/3f9x6f.mp3"
    },
    {
        "animeEng": "Pia Carrot 2 DX",
        "animeRomaji": "Pia Carrot e Y\u014dkoso! 2 DX",
        "songName": "Go Go Waitress (Chorus Version)",
        "artist": "Minami Nagasaki, Mikiko Kurihara, Hitomi Oikawa",
        "type": "Opening 1",
        "correctCount": 4,
        "startTime": 13,
        "songDuration": 89.952,
        "songNumber": 18,
        "activePlayerCount": 195,
        "LinkVideo": "https://files.catbox.moe/op1z6u.webm",
        "LinkMp3": "https://files.catbox.moe/ef556r.mp3",
        "correctPlayers": [
            "watashiii",
            "KurisuZ",
            "KaedeTakagaki",
            "ozsauce"
        ]
    },
    {
        "animeEng": "Beyblade: Metal Fusion",
        "animeRomaji": "Metal Fight Beyblade",
        "songName": "Metal Fight Beyblade",
        "artist": "YU+KI",
        "type": "Opening 1",
        "correctCount": 25,
        "startTime": 21,
        "songDuration": 90.016412,
        "songNumber": 19,
        "activePlayerCount": 195,
        "LinkVideo": "https://files.catbox.moe/2a6f6q.webm",
        "LinkMp3": "https://files.catbox.moe/qliv9e.mp3"
    },
    {
        "animeEng": "Apo Mekhanes Theos Gigantic Formula",
        "animeRomaji": "Kishin Taisen Gigantic Formula",
        "songName": "United Force",
        "artist": "Minami Kuribayashi",
        "type": "Opening 1",
        "correctCount": 6,
        "startTime": 23,
        "songDuration": 89.904,
        "songNumber": 20,
        "activePlayerCount": 195,
        "LinkVideo": "https://files.catbox.moe/0lp3zd.webm",
        "LinkMp3": "https://files.catbox.moe/9fujx9.mp3"
    },
    {
        "animeEng": "Full Metal Panic? Fumoffu",
        "animeRomaji": "Full Metal Panic? Fumoffu",
        "songName": "Sore ga, Ai Deshou",
        "artist": "Mikuni Shimokawa",
        "type": "Opening 1",
        "correctCount": 57,
        "startTime": 19,
        "songDuration": 89.448,
        "songNumber": 21,
        "activePlayerCount": 195,
        "LinkVideo": "https://files.catbox.moe/jg7mrt.webm",
        "LinkMp3": "https://files.catbox.moe/d4hzxc.mp3"
    },
    {
        "animeEng": "Hidamari Sketch \u00d7 SP",
        "animeRomaji": "Hidamari Sketch \u00d7 SP",
        "songName": "nora",
        "artist": "marble",
        "type": "Ending 1",
        "correctCount": 16,
        "startTime": 48,
        "songDuration": 88.872,
        "songNumber": 22,
        "activePlayerCount": 195,
        "LinkVideo": "https://files.catbox.moe/f25kug.webm",
        "LinkMp3": "https://files.catbox.moe/1rl7g0.mp3"
    },
    {
        "animeEng": "Real Drive",
        "animeRomaji": "RD Senn\u014d Ch\u014dsashitsu",
        "songName": "Jikan yo Tomare",
        "artist": "Eikichi Yazawa",
        "type": "Insert Song",
        "correctCount": 1,
        "startTime": 150,
        "songDuration": 231.68,
        "songNumber": 23,
        "activePlayerCount": 195,
        "LinkVideo": "https://files.catbox.moe/yj5dfz.webm",
        "LinkMp3": "https://files.catbox.moe/qmhzkm.mp3",
        "correctPlayers": [
            "NijinoYume721"
        ]
    },
    {
        "animeEng": "Phi Brain - Puzzle of God",
        "animeRomaji": "Phi-Brain - Kami no Puzzle",
        "songName": "Brain Diver",
        "artist": "May'n",
        "type": "Opening 1",
        "correctCount": 56,
        "startTime": 24,
        "songDuration": 88.992,
        "songNumber": 24,
        "activePlayerCount": 193,
        "LinkVideo": "https://files.catbox.moe/1fonmd.webm",
        "LinkMp3": "https://files.catbox.moe/jlssml.mp3"
    },
    {
        "animeEng": "Haikyu!! Movie Sain\u014d to Sense",
        "animeRomaji": "Haikyu!! Movie Sain\u014d to Sense",
        "songName": "I'm a Believer",
        "artist": "SPYAIR",
        "type": "Ending 1",
        "correctCount": 119,
        "startTime": 66,
        "songDuration": 212.016,
        "songNumber": 25,
        "activePlayerCount": 193,
        "LinkVideo": "https://files.catbox.moe/7hnvvc.webm",
        "LinkMp3": "https://files.catbox.moe/ubew1t.mp3"
    },
    {
        "animeEng": "Carole & Tuesday",
        "animeRomaji": "Carole & Tuesday",
        "songName": "Galactic mermaid",
        "artist": "Yuuri Kuriyama",
        "type": "Insert Song",
        "correctCount": 123,
        "startTime": 1,
        "songDuration": 41.568,
        "songNumber": 26,
        "activePlayerCount": 191,
        "LinkVideo": "https://files.catbox.moe/255a1x.webm",
        "LinkMp3": "https://files.catbox.moe/wcvob1.mp3"
    },
    {
        "animeEng": "anohana: The Flower We Saw That Day",
        "animeRomaji": "Ano Hi Mita Hana no Namae o Boku-tachi wa Mada Shiranai.",
        "songName": "Aoi Shiori",
        "artist": "Galileo Galilei",
        "type": "Opening 1",
        "correctCount": 170,
        "startTime": 22,
        "songDuration": 88.128,
        "songNumber": 27,
        "activePlayerCount": 192,
        "LinkVideo": "https://files.catbox.moe/6jcutt.webm",
        "LinkMp3": "https://files.catbox.moe/1iu7vv.mp3"
    },
    {
        "animeEng": "Tokimeki Tonight",
        "animeRomaji": "Tokimeki Tonight",
        "songName": "Tokimeki Tonight",
        "artist": "Harumi Kamo",
        "type": "Opening 1",
        "correctCount": 25,
        "startTime": 1,
        "songDuration": 76.302362,
        "songNumber": 28,
        "activePlayerCount": 192,
        "LinkVideo": "https://files.catbox.moe/g7mrzv.webm",
        "LinkMp3": "https://files.catbox.moe/65yddf.mp3"
    },
    {
        "animeEng": "Captain",
        "animeRomaji": "Captain",
        "songName": "Kimi wa Nanika ga Dekiru",
        "artist": "99Harmony",
        "type": "Opening 1",
        "correctCount": 9,
        "startTime": 25,
        "songDuration": 94.68,
        "songNumber": 29,
        "activePlayerCount": 191,
        "LinkVideo": "https://files.catbox.moe/5t8dk1.webm",
        "LinkMp3": "https://files.catbox.moe/qask1h.mp3"
    },
    {
        "animeEng": "Altair: A Record of Battles",
        "animeRomaji": "Sh\u014dkoku no Altair",
        "songName": "Rasen no Yume",
        "artist": "SID",
        "type": "Opening 1",
        "correctCount": 15,
        "startTime": 34,
        "songDuration": 88.512,
        "songNumber": 30,
        "activePlayerCount": 190,
        "LinkVideo": "https://files.catbox.moe/ld7tt3.webm",
        "LinkMp3": "https://files.catbox.moe/oelisr.mp3"
    },
    {
        "animeEng": "Hozuki's Coolheadedness",
        "animeRomaji": "H\u014dzuki no Reitetsu",
        "songName": "Jigoku no Sata mo Kimi Shidai",
        "artist": "Jigoku no Sata All Stars",
        "type": "Ending 1",
        "correctCount": 132,
        "startTime": 11,
        "songDuration": 88.656,
        "songNumber": 31,
        "activePlayerCount": 190,
        "LinkVideo": "https://files.catbox.moe/ussyfq.webm",
        "LinkMp3": "https://files.catbox.moe/pgdj13.mp3"
    },
    {
        "animeEng": "Endro~!",
        "animeRomaji": "Endro~!",
        "songName": "Wonder Caravan!",
        "artist": "Inori Minase",
        "type": "Ending 1",
        "correctCount": 38,
        "startTime": 19,
        "songDuration": 88.824,
        "songNumber": 32,
        "activePlayerCount": 190,
        "LinkVideo": "https://files.catbox.moe/8o4sck.webm",
        "LinkMp3": "https://files.catbox.moe/8aio1c.mp3"
    },
    {
        "animeEng": "Mazinger Z: Infinity",
        "animeRomaji": "Mazinger Z: Infinity",
        "songName": "Mazinger Z Infinity Version",
        "artist": "Ichiro Mizuki",
        "type": "Opening 1",
        "correctCount": 35,
        "startTime": 21,
        "songDuration": 59.616,
        "songNumber": 33,
        "activePlayerCount": 190,
        "LinkVideo": "https://files.catbox.moe/s5o501.webm",
        "LinkMp3": "https://files.catbox.moe/dkcr9w.mp3"
    },
    {
        "animeEng": "Magical Girl Pretty Sammy",
        "animeRomaji": "Mah\u014d Sh\u014djo Pretty Sammy",
        "songName": "Mahou no Tobira",
        "artist": "Chisa Yokoyama",
        "type": "Ending 3",
        "correctCount": 5,
        "startTime": 15,
        "songDuration": 90.84,
        "songNumber": 34,
        "activePlayerCount": 190,
        "LinkVideo": "https://files.catbox.moe/fqrejm.webm",
        "LinkMp3": "https://files.catbox.moe/65iedr.mp3",
        "correctPlayers": [
            "watashiii",
            "Qp",
            "ozsauce",
            "Legend_",
            "yahallonyanpasu"
        ]
    },
    {
        "animeEng": "Senki Zessh\u014d Symphogear AXZ",
        "animeRomaji": "Senki Zessh\u014d Symphogear AXZ",
        "songName": "Niji-iro no Fl\u00fcgel",
        "artist": "Aoi Y\u016bki \u00d7 Nana Mizuki \u00d7 Ayahi Takagaki \u00d7 Yoshino Nanj\u014d \u00d7 Ai Kayano \u00d7 Yoko Hikasa \u00d7 Minami Takayama",
        "type": "Ending 5",
        "correctCount": 71,
        "startTime": 87,
        "songDuration": 124.656,
        "songNumber": 35,
        "activePlayerCount": 190,
        "LinkVideo": "https://files.catbox.moe/s7muyh.webm",
        "LinkMp3": "https://files.catbox.moe/5jy1p5.mp3"
    },
    {
        "animeEng": "Eat-Man",
        "animeRomaji": "Eat-Man",
        "songName": "Chiisana Koi no Melody",
        "artist": "Kinniku Sh\u014djo Tai",
        "type": "Opening 1",
        "correctCount": 11,
        "startTime": 35,
        "songDuration": 90.072,
        "songNumber": 36,
        "activePlayerCount": 189,
        "LinkVideo": "https://files.catbox.moe/wlyjl2.webm",
        "LinkMp3": "https://files.catbox.moe/3isak0.mp3"
    },
    {
        "animeEng": "Tales of Symphonia the Animation: Tethe'alla Episode",
        "animeRomaji": "Tales of Symphonia the Animation: Tethe'alla-hen",
        "songName": "Tenkuu no Canaria",
        "artist": "Nana Mizuki",
        "type": "Opening 1",
        "correctCount": 18,
        "startTime": 17,
        "songDuration": 120.624,
        "songNumber": 37,
        "activePlayerCount": 189,
        "LinkVideo": "https://files.catbox.moe/021hgu.webm",
        "LinkMp3": "https://files.catbox.moe/gj4am6.mp3"
    },
    {
        "animeEng": "Cannon Busters",
        "animeRomaji": "Cannon Busters",
        "songName": "Regardless",
        "artist": "Mansa Imani",
        "type": "Ending 1",
        "correctCount": 59,
        "startTime": 10,
        "songDuration": 89.472,
        "songNumber": 38,
        "activePlayerCount": 189,
        "LinkVideo": "https://files.catbox.moe/2ai4sk.webm",
        "LinkMp3": "https://files.catbox.moe/fwwc5r.mp3"
    },
    {
        "animeEng": "Persona3 the Movie #1 Spring of Birth",
        "animeRomaji": "Persona3 the Movie #1 Spring of Birth",
        "songName": "Burn My Dread -Spring of Birth Ver.-",
        "artist": "Yumi Kawamura",
        "type": "Opening 1",
        "correctCount": 38,
        "startTime": 16,
        "songDuration": 193.68,
        "songNumber": 39,
        "activePlayerCount": 189,
        "LinkVideo": "https://files.catbox.moe/nig358.webm",
        "LinkMp3": "https://files.catbox.moe/9dqei5.mp3"
    },
    {
        "animeEng": "Road to Ninja: Naruto the Movie",
        "animeRomaji": "Road to Ninja: Naruto the Movie",
        "songName": "Sore de wa, Mata Ashita",
        "artist": "ASIAN KUNG-FU GENERATION",
        "type": "Ending 1",
        "correctCount": 6,
        "startTime": 140,
        "songDuration": 237,
        "songNumber": 40,
        "activePlayerCount": 189,
        "LinkVideo": "https://files.catbox.moe/3nwbkt.webm",
        "LinkMp3": "https://files.catbox.moe/afg3ih.mp3"
    },
    {
        "animeEng": "World Conquest Zvezda Plot",
        "animeRomaji": "Sekai Seifuku - B\u014dryaku no Zvezda",
        "songName": "Koi wa Missile Launcher",
        "artist": "Erii Yamazaki",
        "type": "Ending 2",
        "correctCount": 8,
        "startTime": 13,
        "songDuration": 82.056,
        "songNumber": 41,
        "activePlayerCount": 188,
        "LinkVideo": "https://files.catbox.moe/pha91v.webm",
        "LinkMp3": "https://files.catbox.moe/om5bwk.mp3"
    },
    {
        "animeEng": "Mangirl!",
        "animeRomaji": "Mangirl!",
        "songName": "girl meets DEADLINE",
        "artist": "M\uff20N\u2606GIRL!",
        "type": "Opening 1",
        "correctCount": 44,
        "startTime": 0,
        "songDuration": 28.512,
        "songNumber": 42,
        "activePlayerCount": 188,
        "LinkVideo": "https://files.catbox.moe/qwnbil.webm",
        "LinkMp3": "https://files.catbox.moe/v606a1.mp3"
    },
    {
        "animeEng": "Hamtaro",
        "animeRomaji": "Tottoko Hamutar\u014d",
        "songName": "Te o Tsunagou",
        "artist": "Ham-chans",
        "type": "Ending 2",
        "correctCount": 60,
        "startTime": 15,
        "songDuration": 75.072,
        "songNumber": 43,
        "activePlayerCount": 188,
        "LinkVideo": "https://files.catbox.moe/wckwh5.webm",
        "LinkMp3": "https://files.catbox.moe/qf9ehl.mp3"
    },
    {
        "animeEng": "Fate/stay night: Heaven's Feel I. presage flower",
        "animeRomaji": "Fate/stay night: Heaven's Feel I. presage flower",
        "songName": "the flower will bloom",
        "artist": "Yuri Kasahara",
        "type": "Opening 1",
        "correctCount": 50,
        "startTime": 158,
        "songDuration": 193.248,
        "songNumber": 44,
        "activePlayerCount": 188,
        "LinkVideo": "https://files.catbox.moe/eqo2vh.webm",
        "LinkMp3": "https://files.catbox.moe/s90adh.mp3"
    },
    {
        "animeEng": "Eromanga Sensei",
        "animeRomaji": "Eromanga Sensei",
        "songName": "Hitorigoto",
        "artist": "ClariS",
        "type": "Opening 1",
        "correctCount": 162,
        "startTime": 1,
        "songDuration": 89.568,
        "songNumber": 45,
        "activePlayerCount": 188,
        "LinkVideo": "https://files.catbox.moe/tfcecs.webm",
        "LinkMp3": "https://files.catbox.moe/312u7g.mp3"
    },
    {
        "animeEng": "Tactical Roar",
        "animeRomaji": "Tactical Roar",
        "songName": "Tatta Hitotsu Dake",
        "artist": "yozuca*",
        "type": "Opening 1",
        "correctCount": 11,
        "startTime": 13,
        "songDuration": 88.92,
        "songNumber": 46,
        "activePlayerCount": 188,
        "LinkVideo": "https://files.catbox.moe/796qvi.webm",
        "LinkMp3": "https://files.catbox.moe/z7pgll.mp3"
    },
    {
        "animeEng": "Argonavis from BanG Dream!",
        "animeRomaji": "Argonavis from BanG Dream!",
        "songName": "Steady Goes!",
        "artist": "Argonavis",
        "type": "Insert Song",
        "correctCount": 24,
        "startTime": 71,
        "songDuration": 107.424,
        "songNumber": 47,
        "activePlayerCount": 188,
        "LinkVideo": "https://files.catbox.moe/ljwna0.webm",
        "LinkMp3": "https://files.catbox.moe/7bfo3a.mp3"
    },
    {
        "animeEng": "World Trigger",
        "animeRomaji": "World Trigger",
        "songName": "Force",
        "artist": "TOMORROW X TOGETHER",
        "type": "Opening 1",
        "correctCount": 32,
        "startTime": 25,
        "songDuration": 89.976,
        "songNumber": 48,
        "activePlayerCount": 188,
        "LinkVideo": "https://files.catbox.moe/c9cypz.webm",
        "LinkMp3": "https://files.catbox.moe/g9l7n4.mp3"
    },
    {
        "animeEng": "Hunter X Hunter: Phantom Rouge",
        "animeRomaji": "Hunter \u00d7 Hunter: Phantom Rouge",
        "songName": "REASON",
        "artist": "Yuzu",
        "type": "Ending 1",
        "correctCount": 108,
        "startTime": 106,
        "songDuration": 299.904,
        "songNumber": 49,
        "activePlayerCount": 188,
        "LinkVideo": "https://files.catbox.moe/3j20al.webm",
        "LinkMp3": "https://files.catbox.moe/aco76u.mp3"
    },
    {
        "animeEng": "Inuyasha the Movie 4: Fire on the Mystic Island",
        "animeRomaji": "InuYasha: Guren no Houraijima",
        "songName": "Rakuen",
        "artist": "Do As Infinity",
        "type": "Ending 1",
        "correctCount": 10,
        "startTime": 93,
        "songDuration": 212.448,
        "songNumber": 50,
        "activePlayerCount": 188,
        "LinkVideo": "https://files.catbox.moe/j81n8y.webm",
        "LinkMp3": "https://files.catbox.moe/1ckerm.mp3"
    },
    {
        "animeEng": "Barefoot Gen",
        "animeRomaji": "Hadashi no Gen",
        "songName": "Ima Sugu Ai ga Hoshii",
        "artist": "HARRY",
        "type": "Opening 1",
        "correctCount": 19,
        "startTime": 35,
        "songDuration": 83.04,
        "songNumber": 51,
        "activePlayerCount": 188,
        "LinkVideo": "https://files.catbox.moe/xpie00.webm",
        "LinkMp3": "https://files.catbox.moe/b7kjue.mp3"
    },
    {
        "animeEng": "D.Gray-man",
        "animeRomaji": "D.Gray-man",
        "songName": "Antoinette Blue",
        "artist": "Nana Kitade",
        "type": "Ending 4",
        "correctCount": 12,
        "startTime": 43,
        "songDuration": 87,
        "songNumber": 52,
        "activePlayerCount": 188,
        "LinkVideo": "https://files.catbox.moe/73e03x.webm",
        "LinkMp3": "https://files.catbox.moe/sy0nss.mp3"
    },
    {
        "animeEng": "Iron Leaguer: Silver no Hata no Moto ni",
        "animeRomaji": "Shippu! Iron Leaguer: Silver no Hata no Moto ni",
        "songName": "BURNING STREAM",
        "artist": "Norihiko Tanimoto",
        "type": "Ending 2",
        "correctCount": 2,
        "startTime": 36,
        "songDuration": 80.064,
        "songNumber": 53,
        "activePlayerCount": 188,
        "LinkVideo": "https://files.catbox.moe/zm9jch.webm",
        "LinkMp3": "https://files.catbox.moe/qsm6qc.mp3",
        "correctPlayers": [
            "oh95",
            "watashiii"
        ]
    },
    {
        "animeEng": "Happy Sugar Life",
        "animeRomaji": "Happy Sugar Life",
        "songName": "Canaria",
        "artist": "ReoNa",
        "type": "Ending 2",
        "correctCount": 36,
        "startTime": 72,
        "songDuration": 181.584,
        "songNumber": 54,
        "activePlayerCount": 188,
        "LinkVideo": "https://files.catbox.moe/3pvit1.webm",
        "LinkMp3": "https://files.catbox.moe/55jk6r.mp3"
    },
    {
        "animeEng": "Astarotte's Toy!",
        "animeRomaji": "Astarotte no Omocha!",
        "songName": "Manatsu no Photograph",
        "artist": "azusa",
        "type": "Ending 1",
        "correctCount": 25,
        "startTime": 29,
        "songDuration": 87.984,
        "songNumber": 55,
        "activePlayerCount": 188,
        "LinkVideo": "https://files.catbox.moe/wl2360.webm",
        "LinkMp3": "https://files.catbox.moe/oxwcq9.mp3"
    },
    {
        "animeEng": "Magical Warfare",
        "animeRomaji": "Mah\u014d Sens\u014d",
        "songName": "NEW WORLD",
        "artist": "nano",
        "type": "Insert Song",
        "correctCount": 44,
        "startTime": 0,
        "songDuration": 39.48,
        "songNumber": 56,
        "activePlayerCount": 188,
        "LinkVideo": "https://files.catbox.moe/h0kt5y.webm",
        "LinkMp3": "https://files.catbox.moe/qq01cj.mp3"
    },
    {
        "animeEng": "Babylon",
        "animeRomaji": "Babylon",
        "songName": "Echoing",
        "artist": "Yutaka Yamada ft. Sysha",
        "type": "Opening 1",
        "correctCount": 98,
        "startTime": 0,
        "songDuration": 28.68,
        "songNumber": 57,
        "activePlayerCount": 188,
        "LinkVideo": "https://files.catbox.moe/2e5cmj.webm",
        "LinkMp3": "https://files.catbox.moe/car51s.mp3"
    },
    {
        "animeEng": "Wild Arms - Twilight Venom",
        "animeRomaji": "Wild Arms - Twilight Venom",
        "songName": "Main Theme",
        "artist": "Sho Wada",
        "type": "Opening 1",
        "correctCount": 6,
        "startTime": 19,
        "songDuration": 59.448,
        "songNumber": 58,
        "activePlayerCount": 188,
        "LinkVideo": "https://files.catbox.moe/cpi3qs.webm",
        "LinkMp3": "https://files.catbox.moe/rriefi.mp3"
    },
    {
        "animeEng": "Love Live! Nijigasaki High School Idol Club",
        "animeRomaji": "Love Live! Nijigasaki Gakuen School Idol D\u014dk\u014dkai",
        "songName": "Yume ga Koko kara Hajimaru yo",
        "artist": "Nijigasaki Gakuen School Idol D\u014dk\u014dkai",
        "type": "Insert Song",
        "correctCount": 36,
        "startTime": 49,
        "songDuration": 189.048,
        "songNumber": 59,
        "activePlayerCount": 188,
        "LinkVideo": "https://files.catbox.moe/ypplo3.webm",
        "LinkMp3": "https://files.catbox.moe/td18qh.mp3"
    },
    {
        "animeEng": "Curious Play",
        "animeRomaji": "Fushigi Y\u016bgi",
        "songName": "Akai Iitsutae",
        "artist": "Tomoko Kawakami",
        "type": "Insert Song",
        "correctCount": 7,
        "startTime": 133,
        "songDuration": 183.048,
        "songNumber": 60,
        "activePlayerCount": 188,
        "LinkVideo": "https://files.catbox.moe/7n0xqi.webm",
        "LinkMp3": "https://files.catbox.moe/pe5bf8.mp3"
    },
    {
        "animeEng": "Nanatsu no Taizai: Fundo no Shinpan",
        "animeRomaji": "Nanatsu no Taizai: Fundo no Shinpan",
        "songName": "time",
        "artist": "SawanoHiroyuki[nZk]:ReoNa",
        "type": "Ending 1",
        "correctCount": 32,
        "startTime": 18,
        "songDuration": 87.408,
        "songNumber": 61,
        "activePlayerCount": 188,
        "LinkVideo": "https://files.catbox.moe/qnezib.webm",
        "LinkMp3": "https://files.catbox.moe/jk458n.mp3"
    },
    {
        "animeEng": "Gosenzo-sama Banbanzai!",
        "animeRomaji": "Gosenzo-sama Banbanzai!",
        "songName": "Toki no Banken",
        "artist": "Tessh\u014d Genda",
        "type": "Insert Song",
        "correctCount": 5,
        "startTime": 82,
        "songDuration": 165.61348,
        "songNumber": 62,
        "activePlayerCount": 187,
        "LinkVideo": "https://files.catbox.moe/2e4k8d.webm",
        "LinkMp3": "https://files.catbox.moe/vay5nx.mp3",
        "correctPlayers": [
            "ozsauce",
            "anomanderbaked",
            "Legend_",
            "yahallonyanpasu",
            "OkaKoro"
        ]
    },
    {
        "animeEng": "Knight Hunters",
        "animeRomaji": "Wei\u00df Kreuz",
        "songName": "Oh Mercy",
        "artist": "Wei\u00df",
        "type": "Insert Song",
        "correctCount": 4,
        "startTime": 2,
        "songDuration": 57.408,
        "songNumber": 63,
        "activePlayerCount": 188,
        "LinkVideo": "https://files.catbox.moe/z68ll1.webm",
        "LinkMp3": "https://files.catbox.moe/zbbadr.mp3",
        "correctPlayers": [
            "Tsuyura",
            "watashiii",
            "Vindstot",
            "asleep"
        ]
    },
    {
        "animeEng": "The World God Only Knows: Magical Star Kanon 100%",
        "animeRomaji": "The World God Only Knows: Magical Star Kanon 100%",
        "songName": "Happy Crescent",
        "artist": "Nao T\u014dyama",
        "type": "Insert Song",
        "correctCount": 77,
        "startTime": 28,
        "songDuration": 90.48,
        "songNumber": 64,
        "activePlayerCount": 188,
        "LinkVideo": "https://files.catbox.moe/ac5n26.webm",
        "LinkMp3": "https://files.catbox.moe/gzrq7x.mp3"
    },
    {
        "animeEng": "MazinKaiser",
        "animeRomaji": "MazinKaiser",
        "songName": "FIRE WARS",
        "artist": "JAM Project featuring Hironobu Kageyama",
        "type": "Opening 1",
        "correctCount": 19,
        "startTime": 48,
        "songDuration": 89.136,
        "songNumber": 65,
        "activePlayerCount": 188,
        "LinkVideo": "https://files.catbox.moe/7af0g8.webm",
        "LinkMp3": "https://files.catbox.moe/t1ike1.mp3"
    },
    {
        "animeEng": "Mobile Suit Gundam Thunderbolt",
        "animeRomaji": "Kid\u014d Senshi Gundam Thunderbolt",
        "songName": "Yes no Girl ~Yes girl~",
        "artist": "Geila Zilkha",
        "type": "Insert Song",
        "correctCount": 43,
        "startTime": 14,
        "songDuration": 64.368,
        "songNumber": 66,
        "activePlayerCount": 188,
        "LinkVideo": "https://files.catbox.moe/2n3m3g.webm",
        "LinkMp3": "https://files.catbox.moe/e1l8qx.mp3"
    },
    {
        "animeEng": "Zillions of Enemy X",
        "animeRomaji": "Z/X Ignition",
        "songName": "EX:FUTURIZE",
        "artist": "Y\u014dko Hikasa",
        "type": "Opening 1",
        "correctCount": 38,
        "startTime": 14,
        "songDuration": 88.848,
        "songNumber": 67,
        "activePlayerCount": 188,
        "LinkVideo": "https://files.catbox.moe/zz152t.webm",
        "LinkMp3": "https://files.catbox.moe/6odha8.mp3"
    },
    {
        "animeEng": "Isekai Cheat Magician",
        "animeRomaji": "Isekai Cheat Magician",
        "songName": "PANTA RHEI",
        "artist": "MYTH & ROID",
        "type": "Opening 1",
        "correctCount": 105,
        "startTime": 40,
        "songDuration": 89.52,
        "songNumber": 68,
        "activePlayerCount": 188,
        "LinkVideo": "https://files.catbox.moe/aysvui.webm",
        "LinkMp3": "https://files.catbox.moe/3fizpn.mp3"
    },
    {
        "animeEng": "Demonbane",
        "animeRomaji": "Kishin Houkou Demonbane",
        "songName": "Hito, Kami, Hata - Man God Machine",
        "artist": "Y\u016bichi Ikusawa",
        "type": "Opening 1",
        "correctCount": 11,
        "startTime": 1,
        "songDuration": 63.912,
        "songNumber": 69,
        "activePlayerCount": 188,
        "LinkVideo": "https://files.catbox.moe/8jgx6h.webm",
        "LinkMp3": "https://files.catbox.moe/dc8b47.mp3"
    },
    {
        "animeEng": "Digimon Tamers: The Adventurers' Battle",
        "animeRomaji": "Digimon Tamers: B\u014dkensha-tachi no Tatakai",
        "songName": "The Biggest Dreamer",
        "artist": "Kouji Wada",
        "type": "Opening 1",
        "correctCount": 87,
        "startTime": 37,
        "songDuration": 88.872,
        "songNumber": 70,
        "activePlayerCount": 188,
        "LinkVideo": "https://files.catbox.moe/ma5512.webm",
        "LinkMp3": "https://files.catbox.moe/p83v6i.mp3"
    },
    {
        "animeEng": "PriPara",
        "animeRomaji": "PriPara",
        "songName": "Idol Kinryoku\u2665Lesson GO!",
        "artist": "Himika Akaneya with Prism\u2606Idol Kenky\u016bsei's",
        "type": "Ending 1",
        "correctCount": 43,
        "startTime": 14,
        "songDuration": 88.632,
        "songNumber": 71,
        "activePlayerCount": 187,
        "LinkVideo": "https://files.catbox.moe/47m54e.webm",
        "LinkMp3": "https://files.catbox.moe/y3gtcu.mp3"
    },
    {
        "animeEng": "Tiger & Bunny",
        "animeRomaji": "Tiger & Bunny",
        "songName": "Orion wo Nazoru",
        "artist": "UNISON SQUARE GARDEN",
        "type": "Opening 1",
        "correctCount": 36,
        "startTime": 2,
        "songDuration": 88.464,
        "songNumber": 72,
        "activePlayerCount": 187,
        "LinkVideo": "https://files.catbox.moe/1ee0vb.webm",
        "LinkMp3": "https://files.catbox.moe/5ede55.mp3"
    },
    {
        "animeEng": "Ushio & Tora",
        "animeRomaji": "Ushio & Tora",
        "songName": "Mazeru na Kiken",
        "artist": "Kinniku Sh\u014djo Tai",
        "type": "Opening 1",
        "correctCount": 95,
        "startTime": 51,
        "songDuration": 88.488,
        "songNumber": 73,
        "activePlayerCount": 187,
        "LinkVideo": "https://files.catbox.moe/wsm83t.webm",
        "LinkMp3": "https://files.catbox.moe/4dbck5.mp3"
    },
    {
        "animeEng": "Gundam vs. Hello Kitty",
        "animeRomaji": "Gundam vs. Hello Kitty",
        "songName": "Beginning",
        "artist": "Daisuke Inoue",
        "type": "Insert Song",
        "correctCount": 27,
        "startTime": 11,
        "songDuration": 75.048,
        "songNumber": 74,
        "activePlayerCount": 188,
        "LinkVideo": "https://files.catbox.moe/0g1hcy.webm",
        "LinkMp3": "https://files.catbox.moe/p3z4h0.mp3"
    },
    {
        "animeEng": "\u014cya-san wa Shishunki!",
        "animeRomaji": "\u014cya-san wa Shishunki!",
        "songName": "Shining Sky",
        "artist": "every\u2665ing!",
        "type": "Opening 1",
        "correctCount": 66,
        "startTime": 0,
        "songDuration": 26.568,
        "songNumber": 75,
        "activePlayerCount": 188,
        "LinkVideo": "https://files.catbox.moe/vw57q3.webm",
        "LinkMp3": "https://files.catbox.moe/hdji5r.mp3"
    }
]