[
    {
        "animeEng": "Gintama: The Final Chapter - Be Forever Yorozuya",
        "animeRomaji": "Gekij\u014dban Gintama Kanketsu-hen: Yorozuya yo Eien Nare",
        "songName": "Pray",
        "artist": "Tommy heavenly\u2076",
        "type": "Ending 2",
        "correctCount": 163,
        "startTime": 29,
        "songDuration": 89.064,
        "songNumber": 1,
        "activePlayerCount": 264,
        "LinkVideo": "https://files.catbox.moe/i6u58c.webm",
        "LinkMp3": "https://files.catbox.moe/2vrwmj.mp3"
    },
    {
        "animeEng": "Ani ni Tsukeru Kusuri wa Nai! 4",
        "animeRomaji": "Ani ni Tsukeru Kusuri wa Nai! 4",
        "songName": "Come on youth",
        "artist": "Yue Wang & Hesen Mori",
        "type": "Opening 1",
        "correctCount": 151,
        "startTime": 0,
        "songDuration": 27.048,
        "songNumber": 2,
        "activePlayerCount": 266,
        "LinkVideo": "https://files.catbox.moe/gc5b5b.webm",
        "LinkMp3": "https://files.catbox.moe/kq43na.mp3"
    },
    {
        "animeEng": "Bayonetta: Bloody Fate",
        "animeRomaji": "Bayonetta: Bloody Fate",
        "songName": "Night, I stand",
        "artist": "Mai",
        "type": "Ending 1",
        "correctCount": 17,
        "startTime": 96,
        "songDuration": 186.145372,
        "songNumber": 3,
        "activePlayerCount": 266,
        "LinkVideo": "https://files.catbox.moe/98qwf7.webm",
        "LinkMp3": "https://files.catbox.moe/i4bc4t.mp3"
    },
    {
        "animeEng": "Casshern Sins",
        "animeRomaji": "Casshern Sins",
        "songName": "Aoi Hana",
        "artist": "Color Bottle",
        "type": "Opening 1",
        "correctCount": 45,
        "startTime": 41,
        "songDuration": 86.4,
        "songNumber": 4,
        "activePlayerCount": 266,
        "LinkVideo": "https://files.catbox.moe/mse41y.webm",
        "LinkMp3": "https://files.catbox.moe/jsxsdt.mp3"
    },
    {
        "animeEng": "Phantasy Star Online 2 Comic",
        "animeRomaji": "Puso ni Comi",
        "songName": "Ni Co\u2606mmunication",
        "artist": "Amane + Beat Mario (COOL&CREATE)",
        "type": "Opening 1",
        "correctCount": 57,
        "startTime": 0,
        "songDuration": 20.016,
        "songNumber": 5,
        "activePlayerCount": 266,
        "LinkVideo": "https://files.catbox.moe/73h03v.webm",
        "LinkMp3": "https://files.catbox.moe/tqzwxx.mp3"
    },
    {
        "animeEng": "Wasurenagumo",
        "animeRomaji": "Wasurenagumo",
        "songName": "Yumetsukai no Uta",
        "artist": "Qujila",
        "type": "Ending 1",
        "correctCount": 18,
        "startTime": 21,
        "songDuration": 101.16,
        "songNumber": 6,
        "activePlayerCount": 265,
        "LinkVideo": "https://files.catbox.moe/vxansa.webm",
        "LinkMp3": "https://files.catbox.moe/krlgk2.mp3"
    },
    {
        "animeEng": "Date A Live II",
        "animeRomaji": "Date A Live II",
        "songName": "Trust in you",
        "artist": "sweet ARMS",
        "type": "Opening 1",
        "correctCount": 135,
        "startTime": 36,
        "songDuration": 103.390876,
        "songNumber": 7,
        "activePlayerCount": 265,
        "LinkVideo": "https://files.catbox.moe/b1a9gh.webm",
        "LinkMp3": "https://files.catbox.moe/8d1v0i.mp3"
    },
    {
        "animeEng": "Kiratto Pri\u2606Chan",
        "animeRomaji": "Kiratto Pri\u2606Chan",
        "songName": "Otome Attention Please",
        "artist": "Miracle\u2606Kiratts",
        "type": "Insert Song",
        "correctCount": 9,
        "startTime": 33,
        "songDuration": 134.214836,
        "songNumber": 8,
        "activePlayerCount": 262,
        "LinkVideo": "https://files.catbox.moe/c57xuo.webm",
        "LinkMp3": "https://files.catbox.moe/6zbdap.mp3"
    },
    {
        "animeEng": "Twin Star Exorcists",
        "animeRomaji": "S\u014dsei no Onmy\u014dji",
        "songName": "sync",
        "artist": "lol",
        "type": "Opening 3",
        "correctCount": 101,
        "startTime": 31,
        "songDuration": 89.064,
        "songNumber": 9,
        "activePlayerCount": 261,
        "LinkVideo": "https://files.catbox.moe/ayn9b7.webm",
        "LinkMp3": "https://files.catbox.moe/19kvgh.mp3"
    },
    {
        "animeEng": "Tokyo Mew Mew",
        "animeRomaji": "Tokyo Mew Mew",
        "songName": "my sweet heart",
        "artist": "Rika Komatsu",
        "type": "Opening 1",
        "correctCount": 47,
        "startTime": 12,
        "songDuration": 89.448,
        "songNumber": 10,
        "activePlayerCount": 260,
        "LinkVideo": "https://files.catbox.moe/yucean.webm",
        "LinkMp3": "https://files.catbox.moe/doqoxs.mp3"
    },
    {
        "animeEng": "When They Cry Rei",
        "animeRomaji": "Higurashi no Naku Koro ni Rei",
        "songName": "Super scription of data",
        "artist": "Eiko Shimamiya",
        "type": "Opening 1",
        "correctCount": 111,
        "startTime": 6,
        "songDuration": 91.536,
        "songNumber": 11,
        "activePlayerCount": 260,
        "LinkVideo": "https://files.catbox.moe/a04x4b.webm",
        "LinkMp3": "https://files.catbox.moe/swvx6q.mp3"
    },
    {
        "animeEng": "Mysterious Joker Season 2",
        "animeRomaji": "Kait\u014d Joker 2nd Season",
        "songName": "Kait\u014d Miracle Sh\u014dnen Boy",
        "artist": "Arukarider",
        "type": "Opening 1",
        "correctCount": 41,
        "startTime": 50,
        "songDuration": 88.968,
        "songNumber": 12,
        "activePlayerCount": 260,
        "LinkVideo": "https://files.catbox.moe/3s5gp3.webm",
        "LinkMp3": "https://files.catbox.moe/0yt64n.mp3"
    },
    {
        "animeEng": "Ag\u016b: Tensai Ningy\u014d",
        "animeRomaji": "Ag\u016b: Tensai Ningy\u014d",
        "songName": "prima dynamis",
        "artist": "Denkishiki Karen Ongaku Shuudan",
        "type": "Opening 1",
        "correctCount": 26,
        "startTime": 44,
        "songDuration": 89.976,
        "songNumber": 13,
        "activePlayerCount": 259,
        "LinkVideo": "https://files.catbox.moe/rcagww.webm",
        "LinkMp3": "https://files.catbox.moe/o9c8la.mp3"
    },
    {
        "animeEng": "If Her Flag Breaks",
        "animeRomaji": "Gaworare",
        "songName": "Cupid Review",
        "artist": "Aoi Y\u016bki",
        "type": "Opening 1",
        "correctCount": 74,
        "startTime": 30,
        "songDuration": 89.544,
        "songNumber": 14,
        "activePlayerCount": 257,
        "LinkVideo": "https://files.catbox.moe/869jcm.webm",
        "LinkMp3": "https://files.catbox.moe/jbhlnk.mp3"
    },
    {
        "animeEng": "11eyes",
        "animeRomaji": "11eyes",
        "songName": "Arrival of Tears",
        "artist": "Ayane",
        "type": "Opening 1",
        "correctCount": 104,
        "startTime": 22,
        "songDuration": 86.904,
        "songNumber": 15,
        "activePlayerCount": 259,
        "LinkVideo": "https://files.catbox.moe/t5tlxs.webm",
        "LinkMp3": "https://files.catbox.moe/wlwzb6.mp3"
    },
    {
        "animeEng": "R-15",
        "animeRomaji": "R-15",
        "songName": "HIRAMEKI!! Otsu",
        "artist": "R-15 Otsu",
        "type": "Ending 2",
        "correctCount": 36,
        "startTime": 34,
        "songDuration": 88.224,
        "songNumber": 16,
        "activePlayerCount": 258,
        "LinkVideo": "https://files.catbox.moe/klug6o.webm",
        "LinkMp3": "https://files.catbox.moe/lruioh.mp3"
    },
    {
        "animeEng": "Saint Seiya Omega",
        "animeRomaji": "Saint Seiya Omega",
        "songName": "Pegasus Fantasy ver.\u03a9",
        "artist": "MAKE-UP feat. Shoko Nakagawa",
        "type": "Opening 1",
        "correctCount": 58,
        "startTime": 33,
        "songDuration": 100.392,
        "songNumber": 17,
        "activePlayerCount": 259,
        "LinkVideo": "https://files.catbox.moe/ata8vf.webm",
        "LinkMp3": "https://files.catbox.moe/mu0gjq.mp3"
    },
    {
        "animeEng": "AD Police",
        "animeRomaji": "AD Police",
        "songName": "NEVER GIVEN UP",
        "artist": "LOU BONNEVIE",
        "type": "Insert Song",
        "correctCount": 1,
        "startTime": 13,
        "songDuration": 77.064,
        "songNumber": 18,
        "activePlayerCount": 258,
        "LinkVideo": "https://files.catbox.moe/i8vjh8.webm",
        "LinkMp3": "https://files.catbox.moe/1886of.mp3",
        "correctPlayers": [
            "Blacky_Doll"
        ]
    },
    {
        "animeEng": "Pikachu's Summer Vacation",
        "animeRomaji": "Pikachu no Natsuyasumi",
        "songName": "Vacation",
        "artist": "Vitamin C",
        "type": "Opening 1",
        "correctCount": 153,
        "startTime": 47,
        "songDuration": 82.08,
        "songNumber": 19,
        "activePlayerCount": 259,
        "LinkVideo": "https://files.catbox.moe/z5pcmp.webm",
        "LinkMp3": "https://files.catbox.moe/wtojof.mp3"
    },
    {
        "animeEng": "Captain Tsubasa: Road to 2002",
        "animeRomaji": "Captain Tsubasa: Road to 2002",
        "songName": "Dragon Screamer",
        "artist": "DA PUMP",
        "type": "Opening 1",
        "correctCount": 72,
        "startTime": 36,
        "songDuration": 84.576,
        "songNumber": 20,
        "activePlayerCount": 258,
        "LinkVideo": "https://files.catbox.moe/qznkje.webm",
        "LinkMp3": "https://files.catbox.moe/4fq01n.mp3"
    },
    {
        "animeEng": "Cells at Work!",
        "animeRomaji": "Hataraku Saib\u014d",
        "songName": "Mission! Ken - K\u014d - Dai - Ichi",
        "artist": "Kana Hanazawa, Tomoaki Maeno, Daisuke Ono, Kikuko Inoue",
        "type": "Opening 1",
        "correctCount": 221,
        "startTime": 10,
        "songDuration": 90.048,
        "songNumber": 21,
        "activePlayerCount": 257,
        "LinkVideo": "https://files.catbox.moe/m5icuc.webm",
        "LinkMp3": "https://files.catbox.moe/p9hyfr.mp3"
    },
    {
        "animeEng": "Hamtaro: Adventures in Ham-Ham Land",
        "animeRomaji": "Tottoko Hamutar\u014d: Hamu Hamu Land Daib\u014dken",
        "songName": "Hamtar\u014d Tottoko Uta (Hamtar\u014d Lonely Version)",
        "artist": "Kurumi Mamiya",
        "type": "Insert Song",
        "correctCount": 16,
        "startTime": 2,
        "songDuration": 44.136,
        "songNumber": 22,
        "activePlayerCount": 258,
        "LinkVideo": "https://files.catbox.moe/fy5esz.webm",
        "LinkMp3": "https://files.catbox.moe/4j8ywx.mp3"
    },
    {
        "animeEng": "DARLING in the FRANXX",
        "animeRomaji": "DARLING in the FRANXX",
        "songName": "KISS OF DEATH (Produced by Hyde)",
        "artist": "Mika Nakashima",
        "type": "Opening 1",
        "correctCount": 227,
        "startTime": 47,
        "songDuration": 89.0672,
        "songNumber": 23,
        "activePlayerCount": 259,
        "LinkVideo": "https://files.catbox.moe/9352i5.webm",
        "LinkMp3": "https://files.catbox.moe/9j0il7.mp3"
    },
    {
        "animeEng": "Lupin III: Episode 0 First Contact",
        "animeRomaji": "Lupin Sansei: EPISODE:0 'First Contact'",
        "songName": "Memory Of Smile (Pequena luz) ",
        "artist": "Sonia Rosa",
        "type": "Insert Song",
        "correctCount": 11,
        "startTime": 95,
        "songDuration": 219.768,
        "songNumber": 24,
        "activePlayerCount": 258,
        "LinkVideo": "https://files.catbox.moe/vz9uvo.webm",
        "LinkMp3": "https://files.catbox.moe/xmszn4.mp3"
    },
    {
        "animeEng": "Saint Young Men",
        "animeRomaji": "Saint\u2606Oniisan",
        "songName": "Dare mo Inai ne",
        "artist": "Keiichi Suzuki & Ryoumei Shirai",
        "type": "Insert Song",
        "correctCount": 8,
        "startTime": 87,
        "songDuration": 132.072,
        "songNumber": 25,
        "activePlayerCount": 257,
        "LinkVideo": "https://files.catbox.moe/o6fy8h.webm",
        "LinkMp3": "https://files.catbox.moe/sfyt65.mp3"
    },
    {
        "animeEng": "Crusher Joe",
        "animeRomaji": "Crusher Joe",
        "songName": "Innocent Dreamer",
        "artist": "Carlos Toshiki & Omega Tribe",
        "type": "Ending 1",
        "correctCount": 1,
        "startTime": 17,
        "songDuration": 142.176,
        "songNumber": 26,
        "activePlayerCount": 257,
        "LinkVideo": "https://files.catbox.moe/6n8ow6.webm",
        "LinkMp3": "https://files.catbox.moe/buy4xq.mp3",
        "correctPlayers": [
            "Haaniik"
        ]
    },
    {
        "animeEng": "Asa made Jugy\u014d Chu!",
        "animeRomaji": "Asa made Jugy\u014d Chu!",
        "songName": "happy\u2606lucky",
        "artist": "Asami Shimoda, Azumi Asakura, Suzuko Mimori",
        "type": "Ending 1",
        "correctCount": 13,
        "startTime": 7,
        "songDuration": 86.904,
        "songNumber": 27,
        "activePlayerCount": 257,
        "LinkVideo": "https://files.catbox.moe/220don.webm",
        "LinkMp3": "https://files.catbox.moe/foib0h.mp3"
    },
    {
        "animeEng": "Fate/stay night: Unlimited Blade Works",
        "animeRomaji": "Fate/stay night: Unlimited Blade Works",
        "songName": "ring your bell",
        "artist": "Kalafina",
        "type": "Ending 1",
        "correctCount": 95,
        "startTime": 43,
        "songDuration": 86.784,
        "songNumber": 28,
        "activePlayerCount": 256,
        "LinkVideo": "https://files.catbox.moe/4lhkbe.webm",
        "LinkMp3": "https://files.catbox.moe/d7s9nc.mp3"
    },
    {
        "animeEng": "Kiss wa Me ni Shite",
        "animeRomaji": "Kiss wa Me ni Shite",
        "songName": "COME BACK MY LOVE",
        "artist": "The5 TEARDROPS",
        "type": "Insert Song",
        "correctCount": 3,
        "startTime": 16,
        "songDuration": 76.344,
        "songNumber": 29,
        "activePlayerCount": 257,
        "LinkVideo": "https://files.catbox.moe/51cmjf.webm",
        "LinkMp3": "https://files.catbox.moe/7w1hpw.mp3",
        "correctPlayers": [
            "Blacky_Doll",
            "watashiii",
            "Diukes"
        ]
    },
    {
        "animeEng": "Seraph of the End: Vampire Reign",
        "animeRomaji": "Owari no Seraph",
        "songName": "X.U.",
        "artist": "SawanoHiroyuki[nZk]:Gemie",
        "type": "Opening 1",
        "correctCount": 164,
        "startTime": 34,
        "songDuration": 86.064,
        "songNumber": 30,
        "activePlayerCount": 257,
        "LinkVideo": "https://files.catbox.moe/p1wbgj.webm",
        "LinkMp3": "https://files.catbox.moe/6dn35v.mp3"
    },
    {
        "animeEng": "Kaeru no Pickles Kimochi no Iro",
        "animeRomaji": "Kaeru no Pickles Kimochi no Iro",
        "songName": "Hopping On",
        "artist": "Naoto Kine (TM NETWORK)",
        "type": "Ending 1",
        "correctCount": 12,
        "startTime": 4,
        "songDuration": 42.624,
        "songNumber": 31,
        "activePlayerCount": 256,
        "LinkVideo": "https://files.catbox.moe/nztf2r.webm",
        "LinkMp3": "https://files.catbox.moe/jdf1pe.mp3"
    },
    {
        "animeEng": "Kokoro Connect",
        "animeRomaji": "Kokoro Connect",
        "songName": "Paradigm",
        "artist": "eufonius",
        "type": "Opening 1",
        "correctCount": 114,
        "startTime": 10,
        "songDuration": 87.72,
        "songNumber": 32,
        "activePlayerCount": 256,
        "LinkVideo": "https://files.catbox.moe/yq9sss.webm",
        "LinkMp3": "https://files.catbox.moe/w1ncdb.mp3"
    },
    {
        "animeEng": "Virus Buster Serge",
        "animeRomaji": "Virus Buster Serge",
        "songName": "Rainy Day and Day",
        "artist": "Dragon Ash",
        "type": "Opening 1",
        "correctCount": 3,
        "startTime": 47,
        "songDuration": 89.4,
        "songNumber": 33,
        "activePlayerCount": 256,
        "LinkVideo": "https://files.catbox.moe/d1lm4v.webm",
        "LinkMp3": "https://files.catbox.moe/9p3n09.mp3",
        "correctPlayers": [
            "Hooman",
            "Thaleko",
            "90s"
        ]
    },
    {
        "animeEng": "Ninku the Movie",
        "animeRomaji": "Ninku the Movie",
        "songName": "Soredemo Ashita wa Yatte Kuru",
        "artist": "Yume Suzuki",
        "type": "Ending 1",
        "correctCount": 7,
        "startTime": 32,
        "songDuration": 91.272,
        "songNumber": 34,
        "activePlayerCount": 253,
        "LinkVideo": "https://files.catbox.moe/uzj3qi.webm",
        "LinkMp3": "https://files.catbox.moe/trrdnc.mp3"
    },
    {
        "animeEng": "Mazinger Edition Z: The Impact!",
        "animeRomaji": "Shin Mazinger Sh\u014dgeki! Z-Hen",
        "songName": "Shugoshin ~The Guardian~",
        "artist": "JAM Project",
        "type": "Opening 2",
        "correctCount": 13,
        "startTime": 34,
        "songDuration": 83.88,
        "songNumber": 35,
        "activePlayerCount": 252,
        "LinkVideo": "https://files.catbox.moe/5jw6ql.webm",
        "LinkMp3": "https://files.catbox.moe/8g2ngj.mp3"
    },
    {
        "animeEng": "Cardcaptor Sakura The Movie 2: The Sealed Card",
        "animeRomaji": "Cardcaptor Sakura: F\u016bin Sareta Card",
        "songName": "Arigat\u014d",
        "artist": "Sakura Tange",
        "type": "Insert Song",
        "correctCount": 6,
        "startTime": 6,
        "songDuration": 111.072,
        "songNumber": 36,
        "activePlayerCount": 252,
        "LinkVideo": "https://files.catbox.moe/p4dt1u.webm",
        "LinkMp3": "https://files.catbox.moe/gbtfdc.mp3"
    },
    {
        "animeEng": "The Slayers Next",
        "animeRomaji": "The Slayers Next",
        "songName": "Otome no Inori",
        "artist": "Masami Suzuki & Megumi Hayashibara",
        "type": "Insert Song",
        "correctCount": 13,
        "startTime": 7,
        "songDuration": 59.208,
        "songNumber": 37,
        "activePlayerCount": 253,
        "LinkVideo": "https://files.catbox.moe/d9wp26.webm",
        "LinkMp3": "https://files.catbox.moe/55oujq.mp3"
    },
    {
        "animeEng": "Attack on Titan Season 3",
        "animeRomaji": "Shingeki no Kyojin Season 3",
        "songName": "\u0259t\u02c8\u00e6k 0N t\u03ac\u026atn <WMId>",
        "artist": "Eliana",
        "type": "Insert Song",
        "correctCount": 96,
        "startTime": 69,
        "songDuration": 119.424,
        "songNumber": 38,
        "activePlayerCount": 252,
        "LinkVideo": "https://files.catbox.moe/b5vmzd.webm",
        "LinkMp3": "https://files.catbox.moe/blgvbx.mp3"
    },
    {
        "animeEng": "Teeky\u016b",
        "animeRomaji": "Teeky\u016b",
        "songName": "Tottemo Safari",
        "artist": "Earth Star Dream",
        "type": "Opening 1",
        "correctCount": 198,
        "startTime": 0,
        "songDuration": 29.664,
        "songNumber": 39,
        "activePlayerCount": 253,
        "LinkVideo": "https://files.catbox.moe/zi4nv1.webm",
        "LinkMp3": "https://files.catbox.moe/goujze.mp3"
    },
    {
        "animeEng": "Berserk",
        "animeRomaji": "Berserk",
        "songName": "Issai wa Monogatari",
        "artist": "Yoshino Nanj\u014d ft. Nagi Yanagi",
        "type": "Ending 1",
        "correctCount": 31,
        "startTime": 51,
        "songDuration": 88.44,
        "songNumber": 40,
        "activePlayerCount": 253,
        "LinkVideo": "https://files.catbox.moe/5uff35.webm",
        "LinkMp3": "https://files.catbox.moe/56yyzu.mp3"
    },
    {
        "animeEng": "Shachibato! President, It's Time for Battle!",
        "animeRomaji": "Shach\u014d, Battle no Jikan Desu!",
        "songName": "Hurry Love",
        "artist": "Azumi Waki",
        "type": "Opening 1",
        "correctCount": 25,
        "startTime": 35,
        "songDuration": 89.016,
        "songNumber": 41,
        "activePlayerCount": 252,
        "LinkVideo": "https://files.catbox.moe/o0aplb.webm",
        "LinkMp3": "https://files.catbox.moe/ltipe1.mp3"
    },
    {
        "animeEng": "Ayakashi - Samurai Horror Tales",
        "animeRomaji": "Ayakashi - Samurai Horror Tales",
        "songName": "Haru no Katami",
        "artist": "Chitose Hajime",
        "type": "Ending 1",
        "correctCount": 8,
        "startTime": 34,
        "songDuration": 102.096,
        "songNumber": 42,
        "activePlayerCount": 253,
        "LinkVideo": "https://files.catbox.moe/x9icsr.webm",
        "LinkMp3": "https://files.catbox.moe/xeq7rj.mp3"
    },
    {
        "animeEng": "Dies irae: To the Ring Reincarnation",
        "animeRomaji": "Dies irae: To the Ring Reincarnation",
        "songName": "Kadenz",
        "artist": "Yui Sakakibara",
        "type": "Ending 2",
        "correctCount": 75,
        "startTime": 139,
        "songDuration": 177.864,
        "songNumber": 43,
        "activePlayerCount": 252,
        "LinkVideo": "https://files.catbox.moe/1vdn5x.webm",
        "LinkMp3": "https://files.catbox.moe/css8d1.mp3"
    },
    {
        "animeEng": "Cautious Hero: The Hero Is Overpowered But Overly Cautious",
        "animeRomaji": "Shinch\u014d Y\u016bsha: Kono Y\u016bsha ga Ore TUEEE Kuse ni Shinch\u014d Sugiru",
        "songName": "Saisho kara Zutto",
        "artist": "Riko Azuna",
        "type": "Ending 2",
        "correctCount": 55,
        "startTime": 45,
        "songDuration": 88.68,
        "songNumber": 44,
        "activePlayerCount": 252,
        "LinkVideo": "https://files.catbox.moe/mzojgh.webm",
        "LinkMp3": "https://files.catbox.moe/do4ihg.mp3"
    },
    {
        "animeEng": "My Roommate is a Cat",
        "animeRomaji": "D\u014dkyonin wa Hiza, Tokidoki, Atama no Ue.",
        "songName": "Unknown World",
        "artist": "Schr\u00f6dinger's Cat adding kotringo",
        "type": "Opening 1",
        "correctCount": 107,
        "startTime": 54,
        "songDuration": 89.52,
        "songNumber": 45,
        "activePlayerCount": 251,
        "LinkVideo": "https://files.catbox.moe/10vupz.webm",
        "LinkMp3": "https://files.catbox.moe/2j48zs.mp3"
    },
    {
        "animeEng": "Nekopara",
        "animeRomaji": "Nekopara",
        "songName": "Hidamari no Kaori",
        "artist": "Yuki Yagi & Iori Saeki",
        "type": "Ending 1",
        "correctCount": 68,
        "startTime": 35,
        "songDuration": 88.104,
        "songNumber": 46,
        "activePlayerCount": 251,
        "LinkVideo": "https://files.catbox.moe/6b64q4.webm",
        "LinkMp3": "https://files.catbox.moe/vyrvuk.mp3"
    },
    {
        "animeEng": "Go! Go! 575",
        "animeRomaji": "Go! Go! 575",
        "songName": "Kotoba Colorful",
        "artist": "Utayome 575",
        "type": "Opening 1",
        "correctCount": 44,
        "startTime": 0,
        "songDuration": 29.16,
        "songNumber": 47,
        "activePlayerCount": 251,
        "LinkVideo": "https://files.catbox.moe/h4ztcz.webm",
        "LinkMp3": "https://files.catbox.moe/dxhkr5.mp3"
    },
    {
        "animeEng": "Miss caretaker of Sunohara-sou",
        "animeRomaji": "Sunohara-s\u014d no Kanrinin-san",
        "songName": "Bitter Sweet Harmony",
        "artist": "Megumi Nakajima",
        "type": "Opening 1",
        "correctCount": 42,
        "startTime": 37,
        "songDuration": 88.752,
        "songNumber": 48,
        "activePlayerCount": 251,
        "LinkVideo": "https://files.catbox.moe/akow1d.webm",
        "LinkMp3": "https://files.catbox.moe/fv97dy.mp3"
    },
    {
        "animeEng": "Rokushin Gattai God Mars: J\u016bnana-sai no Densetsu",
        "animeRomaji": "Rokushin Gattai God Mars: J\u016bnana-sai no Densetsu",
        "songName": "Hoshikuzu no Densetsu",
        "artist": "Mitsuya Yuuji & Mizushima Yuu",
        "type": "Opening 1",
        "correctCount": 2,
        "startTime": 32,
        "songDuration": 99.024,
        "songNumber": 49,
        "activePlayerCount": 250,
        "LinkVideo": "https://files.catbox.moe/200kb7.webm",
        "LinkMp3": "https://files.catbox.moe/i0ujid.mp3",
        "correctPlayers": [
            "Neutral",
            "watashiii"
        ]
    },
    {
        "animeEng": "A Whisker Away",
        "animeRomaji": "Nakitai Watashi wa Neko o Kaburu",
        "songName": "Hana ni Bourei",
        "artist": "Yorushika",
        "type": "Ending 1",
        "correctCount": 60,
        "startTime": 55,
        "songDuration": 237.648,
        "songNumber": 50,
        "activePlayerCount": 251,
        "LinkVideo": "https://files.catbox.moe/5tlf31.webm",
        "LinkMp3": "https://files.catbox.moe/1scpsy.mp3"
    },
    {
        "animeEng": "Azumanga Daioh Movie",
        "animeRomaji": "Azumanga Daioh - The Very Short Movie",
        "songName": "Sarabai! (See You Adieu!)",
        "artist": "Tomoko Kaneda",
        "type": "Ending 1",
        "correctCount": 16,
        "startTime": 0,
        "songDuration": 66.12,
        "songNumber": 51,
        "activePlayerCount": 250,
        "LinkVideo": "https://files.catbox.moe/gqta6j.webm",
        "LinkMp3": "https://files.catbox.moe/zac74b.mp3"
    },
    {
        "animeEng": "Ch\u014djik\u016b Romanesque Samy - Missing 99",
        "animeRomaji": "Ch\u014djik\u016b Romanesque Samy - Missing 99",
        "songName": "Kaze ni Dakarete",
        "artist": "Megumi Shiina",
        "type": "Ending 1",
        "correctCount": 3,
        "startTime": 173,
        "songDuration": 216.048,
        "songNumber": 52,
        "activePlayerCount": 250,
        "LinkVideo": "https://files.catbox.moe/u26lzv.webm",
        "LinkMp3": "https://files.catbox.moe/m67jlz.mp3",
        "correctPlayers": [
            "yuusha_fuyuno",
            "Irotih",
            "eroge"
        ]
    },
    {
        "animeEng": "Owarimonogatari",
        "animeRomaji": "Owarimonogatari",
        "songName": "dark cherry mystery",
        "artist": "Kaori Mizuhashi",
        "type": "Opening 3",
        "correctCount": 125,
        "startTime": 47,
        "songDuration": 89.856,
        "songNumber": 53,
        "activePlayerCount": 250,
        "LinkVideo": "https://files.catbox.moe/fq16k2.webm",
        "LinkMp3": "https://files.catbox.moe/ezcd02.mp3"
    },
    {
        "animeEng": "Mr. Osomatsu",
        "animeRomaji": "Osomatsu-san",
        "songName": "Magic Tenshi Majiheraichi",
        "artist": "Mayumi Goj\u014d",
        "type": "Insert Song",
        "correctCount": 2,
        "startTime": 4,
        "songDuration": 46.416,
        "songNumber": 54,
        "activePlayerCount": 250,
        "LinkVideo": "https://files.catbox.moe/734f2g.webm",
        "LinkMp3": "https://files.catbox.moe/qyok7l.mp3",
        "correctPlayers": [
            "Heyko",
            "theyingster"
        ]
    },
    {
        "animeEng": "Plastic Memories",
        "animeRomaji": "Plastic Memories",
        "songName": "Asayake no Starmine",
        "artist": "Asami Imai",
        "type": "Ending 2",
        "correctCount": 84,
        "startTime": 49,
        "songDuration": 89.568,
        "songNumber": 55,
        "activePlayerCount": 248,
        "LinkVideo": "https://files.catbox.moe/ssleqk.webm",
        "LinkMp3": "https://files.catbox.moe/ivg19b.mp3"
    },
    {
        "animeEng": "Dangaizer 3",
        "animeRomaji": "Ch\u014dshinki Dangaizer 3",
        "songName": "Neo Evolution",
        "artist": "Haruna Ikezawa, Houko Kuwashima, and Akiko Kimura",
        "type": "Opening 1",
        "correctCount": 7,
        "startTime": 43,
        "songDuration": 89.664,
        "songNumber": 56,
        "activePlayerCount": 248,
        "LinkVideo": "https://files.catbox.moe/iubyoi.webm",
        "LinkMp3": "https://files.catbox.moe/odoi9w.mp3"
    },
    {
        "animeEng": "Magical Meow Meow Taruto",
        "animeRomaji": "Magical Nyan Nyan Taruto",
        "songName": "Kyou no Hana",
        "artist": "Masumi Itou",
        "type": "Opening 1",
        "correctCount": 13,
        "startTime": 20,
        "songDuration": 74.016,
        "songNumber": 57,
        "activePlayerCount": 248,
        "LinkVideo": "https://files.catbox.moe/7xwxb2.webm",
        "LinkMp3": "https://files.catbox.moe/jg8o9i.mp3"
    },
    {
        "animeEng": "Papillon Rose - New Season",
        "animeRomaji": "Papillon Rose",
        "songName": "Hikari no kizuna",
        "artist": "Kaoru Kido",
        "type": "Opening 1",
        "correctCount": 4,
        "startTime": 23,
        "songDuration": 89.568,
        "songNumber": 58,
        "activePlayerCount": 248,
        "LinkVideo": "https://files.catbox.moe/pfqy5d.webm",
        "LinkMp3": "https://files.catbox.moe/tyakkx.mp3",
        "correctPlayers": [
            "watashiii",
            "Menma",
            "90s",
            "theyingster"
        ]
    },
    {
        "animeEng": "Mobile Suit Gundam 0083: Stardust Memory",
        "animeRomaji": "Kid\u014d Senshi Gundam 0083: Stardust Memory",
        "songName": "THE WINNER",
        "artist": "Miki Matsubara",
        "type": "Opening 1",
        "correctCount": 27,
        "startTime": 73,
        "songDuration": 112.392,
        "songNumber": 59,
        "activePlayerCount": 248,
        "LinkVideo": "https://files.catbox.moe/hu0xgu.webm",
        "LinkMp3": "https://files.catbox.moe/hwhy4g.mp3"
    },
    {
        "animeEng": "Bladedance of the Elementalers",
        "animeRomaji": "Seirei Tsukai no Blade Dance",
        "songName": "Blade Dance",
        "artist": "Ni-Sokkususu",
        "type": "Ending 1",
        "correctCount": 83,
        "startTime": 12,
        "songDuration": 88.32,
        "songNumber": 60,
        "activePlayerCount": 248,
        "LinkVideo": "https://files.catbox.moe/9wjtyz.webm",
        "LinkMp3": "https://files.catbox.moe/ul5gon.mp3"
    },
    {
        "animeEng": "Ebiten: Ebisugawa Public High School's Tenmonbu",
        "animeRomaji": "Ebiten: K\u014dritsu Ebisugawa K\u014dk\u014d Tenmon-Bu",
        "songName": "Himitsu Ku-da-sa-i",
        "artist": "Satomi Satou",
        "type": "Insert Song",
        "correctCount": 1,
        "startTime": 85,
        "songDuration": 291.456,
        "songNumber": 61,
        "activePlayerCount": 247,
        "LinkVideo": "https://files.catbox.moe/tbn8ep.webm",
        "LinkMp3": "https://files.catbox.moe/k6d073.mp3",
        "correctPlayers": [
            "Haaniik"
        ]
    },
    {
        "animeEng": "Yu Yu Hakusho The Movie",
        "animeRomaji": "Yu Yu Hakusho The Movie",
        "songName": "Sayonara bye bye",
        "artist": "Matsuko Mawatari",
        "type": "Ending 1",
        "correctCount": 96,
        "startTime": 17,
        "songDuration": 81.864,
        "songNumber": 62,
        "activePlayerCount": 247,
        "LinkVideo": "https://files.catbox.moe/3vv1v9.webm",
        "LinkMp3": "https://files.catbox.moe/md2hv8.mp3"
    },
    {
        "animeEng": "Strike Witches: 501st JOINT FIGHTER WING Take Off!",
        "animeRomaji": "Strike Witches 501 Butai Hasshin Shimasu!",
        "songName": "Treasure of life",
        "artist": "Dai 501 Tougou Sentou Koukuu-dan + Aya Uchida",
        "type": "Ending 1",
        "correctCount": 11,
        "startTime": 31,
        "songDuration": 88.32,
        "songNumber": 63,
        "activePlayerCount": 247,
        "LinkVideo": "https://files.catbox.moe/7c8hcf.webm",
        "LinkMp3": "https://files.catbox.moe/lw4rp6.mp3"
    },
    {
        "animeEng": "Demon of Steel: Battle of the Great Demon Beasts",
        "animeRomaji": "Daimaju Gekito Hagane no Oni",
        "songName": "BURNING EYES",
        "artist": "J-WALK",
        "type": "Insert Song",
        "correctCount": 1,
        "startTime": 45,
        "songDuration": 120.552,
        "songNumber": 64,
        "activePlayerCount": 247,
        "LinkVideo": "https://files.catbox.moe/b5e08o.webm",
        "LinkMp3": "https://files.catbox.moe/vv07j9.mp3",
        "correctPlayers": [
            "Jackaren22"
        ]
    },
    {
        "animeEng": "God Eater",
        "animeRomaji": "God Eater",
        "songName": "No Way Back -The Path of the Lotus-",
        "artist": "Benjamin Franklin",
        "type": "Insert Song",
        "correctCount": 21,
        "startTime": 64,
        "songDuration": 217.08,
        "songNumber": 65,
        "activePlayerCount": 247,
        "LinkVideo": "https://files.catbox.moe/n9wa0g.webm",
        "LinkMp3": "https://files.catbox.moe/3bymnt.mp3"
    },
    {
        "animeEng": "Nyuru Nyuru!! Kakusen-kun",
        "animeRomaji": "Nyuru Nyuru!! Kakusen-kun",
        "songName": "Nyuru Nyuru Miracle",
        "artist": "Dempagumi.inc",
        "type": "Opening 1",
        "correctCount": 43,
        "startTime": 0,
        "songDuration": 29.674592,
        "songNumber": 66,
        "activePlayerCount": 246,
        "LinkVideo": "https://files.catbox.moe/86a2ol.webm",
        "LinkMp3": "https://files.catbox.moe/7r05nk.mp3"
    },
    {
        "animeEng": "You're Under Arrest",
        "animeRomaji": "Taiho Shichau zo",
        "songName": "Boku de Aru Tame ni",
        "artist": "FLYING KIDS",
        "type": "Opening 1",
        "correctCount": 8,
        "startTime": 15,
        "songDuration": 84.48,
        "songNumber": 67,
        "activePlayerCount": 245,
        "LinkVideo": "https://files.catbox.moe/d55cjy.webm",
        "LinkMp3": "https://files.catbox.moe/0hqvxw.mp3"
    },
    {
        "animeEng": "Amagi Brilliant Park",
        "animeRomaji": "Amagi Brilliant Park",
        "songName": "Extra Magic Hour",
        "artist": "AKINO with bless4",
        "type": "Opening 1",
        "correctCount": 184,
        "startTime": 1,
        "songDuration": 89.256,
        "songNumber": 68,
        "activePlayerCount": 244,
        "LinkVideo": "https://files.catbox.moe/q6xk0r.webm",
        "LinkMp3": "https://files.catbox.moe/inwzxt.mp3"
    },
    {
        "animeEng": "Last Exile",
        "animeRomaji": "Last Exile",
        "songName": "Cloud Age Symphony",
        "artist": "OKINO.SHUNTARO",
        "type": "Opening 1",
        "correctCount": 44,
        "startTime": 14,
        "songDuration": 91.344,
        "songNumber": 69,
        "activePlayerCount": 243,
        "LinkVideo": "https://files.catbox.moe/4rjvgr.webm",
        "LinkMp3": "https://files.catbox.moe/q1pk0g.mp3"
    },
    {
        "animeEng": "Berserk: The Golden Age Arc II - The Battle for Doldrey",
        "animeRomaji": "Berserk \u014cgon Jidai-Hen II: Doldrey K\u014dryaku",
        "songName": "Aria",
        "artist": "Susumu Hirasawa",
        "type": "Opening 1",
        "correctCount": 196,
        "startTime": 30,
        "songDuration": 91.752,
        "songNumber": 70,
        "activePlayerCount": 243,
        "LinkVideo": "https://files.catbox.moe/5agv0h.webm",
        "LinkMp3": "https://files.catbox.moe/00tgk2.mp3"
    },
    {
        "animeEng": "Saber Marionette J",
        "animeRomaji": "Saber Marionette J",
        "songName": "Izayoi",
        "artist": "Megumi Hayashibara",
        "type": "Insert Song",
        "correctCount": 3,
        "startTime": 60,
        "songDuration": 148.608,
        "songNumber": 71,
        "activePlayerCount": 243,
        "LinkVideo": "https://files.catbox.moe/qlre0d.webm",
        "LinkMp3": "https://files.catbox.moe/vpj8rr.mp3",
        "correctPlayers": [
            "GGius",
            "Carlos1218",
            "LaBonneVie"
        ]
    },
    {
        "animeEng": "Monster Rancher",
        "animeRomaji": "Monster Farm - Enbanseki no Himitsu",
        "songName": "Be Truth",
        "artist": "Takashi Utsunomiya",
        "type": "Ending 5",
        "correctCount": 2,
        "startTime": 47,
        "songDuration": 89.616,
        "songNumber": 72,
        "activePlayerCount": 243,
        "LinkVideo": "https://files.catbox.moe/pnlf1z.webm",
        "LinkMp3": "https://files.catbox.moe/ota2zb.mp3",
        "correctPlayers": [
            "airsusuibu",
            "myr"
        ]
    },
    {
        "animeEng": "Sword Art Online: Alicization - War of Underworld",
        "animeRomaji": "Sword Art Online: Alicization - War of Underworld",
        "songName": "longing",
        "artist": "Sayaka Kanda",
        "type": "Insert Song",
        "correctCount": 61,
        "startTime": 86,
        "songDuration": 166.056,
        "songNumber": 73,
        "activePlayerCount": 242,
        "LinkVideo": "https://files.catbox.moe/1eqz2k.webm",
        "LinkMp3": "https://files.catbox.moe/m7bksu.mp3"
    },
    {
        "animeEng": "Katsugeki TOUKEN RANBU",
        "animeRomaji": "Katsugeki/T\u014dken Ranbu",
        "songName": "Hikari Tatsu Ame",
        "artist": "S\u014dma Sait\u014d",
        "type": "Opening 1",
        "correctCount": 47,
        "startTime": 52,
        "songDuration": 89.736,
        "songNumber": 74,
        "activePlayerCount": 243,
        "LinkVideo": "https://files.catbox.moe/dredie.webm",
        "LinkMp3": "https://files.catbox.moe/2essjc.mp3"
    },
    {
        "animeEng": "Ghost in the Shell",
        "animeRomaji": "K\u014dkaku Kid\u014dtai",
        "songName": "Making of Cyborg",
        "artist": "Kazumi Nishida, Taeko Shirai, Yoshiko Itoh",
        "type": "Opening 1",
        "correctCount": 105,
        "startTime": 140,
        "songDuration": 262.896,
        "songNumber": 75,
        "activePlayerCount": 242,
        "LinkVideo": "https://files.catbox.moe/zj2xa8.webm",
        "LinkMp3": "https://files.catbox.moe/3fwhld.mp3"
    }
]