[
    {
        "animeEng": "Full Metal Panic!",
        "animeRomaji": "Full Metal Panic!",
        "songName": "Take Me Out Mariana Trench",
        "artist": "Yukana & Satsuki Yukino",
        "type": "Insert Song",
        "correctCount": 23,
        "startTime": 15,
        "songDuration": 94.352664,
        "songNumber": 1,
        "activePlayerCount": 296,
        "LinkVideo": "https://files.catbox.moe/6uh9yo.webm",
        "LinkMp3": "https://files.catbox.moe/z4ur40.mp3"
    },
    {
        "animeEng": "To Love-Ru Darkness",
        "animeRomaji": "To Love-Ru Darkness",
        "songName": "Foul Play ni Kurari",
        "artist": "Kanon Wakeshima",
        "type": "Ending 1",
        "correctCount": 63,
        "startTime": 14,
        "songDuration": 89.448,
        "songNumber": 2,
        "activePlayerCount": 294,
        "LinkVideo": "https://files.catbox.moe/bykxsa.webm",
        "LinkMp3": "https://files.catbox.moe/1ygjfb.mp3"
    },
    {
        "animeEng": "Revolutionary Girl Utena",
        "animeRomaji": "Sh\u014djo Kakumei Utena",
        "songName": "Dona Dona",
        "artist": "Yasui Kazumi, NHK Tokyo Jidou Gasshou-dan",
        "type": "Insert Song",
        "correctCount": 17,
        "startTime": 125,
        "songDuration": 164.616,
        "songNumber": 3,
        "activePlayerCount": 295,
        "LinkVideo": "https://files.catbox.moe/jze15d.webm",
        "LinkMp3": "https://files.catbox.moe/ttwhwn.mp3"
    },
    {
        "animeEng": "Kuroko's Basketball",
        "animeRomaji": "Kuroko no Basuke",
        "songName": "FANTASTIC TUNE",
        "artist": "Kensho Ono",
        "type": "Ending 2",
        "correctCount": 75,
        "startTime": 52,
        "songDuration": 87.936,
        "songNumber": 4,
        "activePlayerCount": 292,
        "LinkVideo": "https://files.catbox.moe/4vfiux.webm",
        "LinkMp3": "https://files.catbox.moe/xk8zv0.mp3"
    },
    {
        "animeEng": "Butt Detective",
        "animeRomaji": "Oshiri Tantei",
        "songName": "Pup\u016b to Fum\u016b to Kaiketsu Dance",
        "artist": "Daiki Ise",
        "type": "Opening 1",
        "correctCount": 69,
        "startTime": 13,
        "songDuration": 133.117712,
        "songNumber": 5,
        "activePlayerCount": 291,
        "LinkVideo": "https://files.catbox.moe/3zf4fv.webm",
        "LinkMp3": "https://files.catbox.moe/3wx2u9.mp3"
    },
    {
        "animeEng": "Kingdom",
        "animeRomaji": "Kingdom",
        "songName": "Pride",
        "artist": "Nothing's Carved in Stone",
        "type": "Opening 1",
        "correctCount": 51,
        "startTime": 49,
        "songDuration": 89.04,
        "songNumber": 6,
        "activePlayerCount": 291,
        "LinkVideo": "https://files.catbox.moe/4iw891.webm",
        "LinkMp3": "https://files.catbox.moe/l049ol.mp3"
    },
    {
        "animeEng": "BORUTO: NARUTO NEXT GENERATIONS",
        "animeRomaji": "BORUTO: NARUTO NEXT GENERATIONS",
        "songName": "OVER",
        "artist": "Little Glee Monster",
        "type": "Opening 2",
        "correctCount": 91,
        "startTime": 3,
        "songDuration": 85.079354,
        "songNumber": 7,
        "activePlayerCount": 291,
        "LinkVideo": "https://files.catbox.moe/2tqwdk.webm",
        "LinkMp3": "https://files.catbox.moe/cd6ckg.mp3"
    },
    {
        "animeEng": "Lucky Star",
        "animeRomaji": "Lucky Star OVA",
        "songName": "Ai o Torimodose!!",
        "artist": "Uchoten",
        "type": "Ending 1",
        "correctCount": 207,
        "startTime": 8,
        "songDuration": 106.824,
        "songNumber": 8,
        "activePlayerCount": 291,
        "LinkVideo": "https://files.catbox.moe/9g7uwj.webm",
        "LinkMp3": "https://files.catbox.moe/lomjyq.mp3"
    },
    {
        "animeEng": "Fate/kaleid liner Prisma\u2606Illya 2wei Herz!",
        "animeRomaji": "Fate/kaleid liner Prisma\u2606Illya 2wei Herz!",
        "songName": "moving soul",
        "artist": "Minami Kuribayashi",
        "type": "Insert Song",
        "correctCount": 111,
        "startTime": 5,
        "songDuration": 46.992,
        "songNumber": 9,
        "activePlayerCount": 292,
        "LinkVideo": "https://files.catbox.moe/f3892a.webm",
        "LinkMp3": "https://files.catbox.moe/vqqdw2.mp3"
    },
    {
        "animeEng": "Hybrid x Heart Magias Academy Ataraxia",
        "animeRomaji": "Mas\u014d Gakuen H\u00d7H",
        "songName": "miele paradiso",
        "artist": "Iori Nomizu",
        "type": "Opening 1",
        "correctCount": 76,
        "startTime": 34,
        "songDuration": 87.984,
        "songNumber": 10,
        "activePlayerCount": 293,
        "LinkVideo": "https://files.catbox.moe/v34115.webm",
        "LinkMp3": "https://files.catbox.moe/esjgag.mp3"
    },
    {
        "animeEng": "Heaven's Lost Property",
        "animeRomaji": "Sora no Otoshimono",
        "songName": "Ring My Bell",
        "artist": "blue drops",
        "type": "Opening 1",
        "correctCount": 159,
        "startTime": 55,
        "songDuration": 90.336,
        "songNumber": 11,
        "activePlayerCount": 291,
        "LinkVideo": "https://files.catbox.moe/4x6kp7.webm",
        "LinkMp3": "https://files.catbox.moe/rgxqwz.mp3"
    },
    {
        "animeEng": "King of Prism: Shiny Seven Stars",
        "animeRomaji": "King of Prism: Shiny Seven Stars",
        "songName": "Twinkle\u2606Twinkle",
        "artist": "Takuma Nagatsuka",
        "type": "Insert Song",
        "correctCount": 10,
        "startTime": 33,
        "songDuration": 120.624,
        "songNumber": 12,
        "activePlayerCount": 290,
        "LinkVideo": "https://files.catbox.moe/vg5pig.webm",
        "LinkMp3": "https://files.catbox.moe/10i0mt.mp3"
    },
    {
        "animeEng": "Concrete Revolutio: The Last Song",
        "animeRomaji": "Concrete Revolutio: Ch\u014djin Gens\u014d - The Last Song",
        "songName": "Oyoge! Taiyaki-kun",
        "artist": "Yohito Teraoka",
        "type": "Insert Song",
        "correctCount": 2,
        "startTime": 3,
        "songDuration": 37.296,
        "songNumber": 13,
        "activePlayerCount": 291,
        "LinkVideo": "https://files.catbox.moe/tbokuc.webm",
        "LinkMp3": "https://files.catbox.moe/iod0b9.mp3",
        "correctPlayers": [
            "Renegado",
            "oh95"
        ]
    },
    {
        "animeEng": "Elfen Lied",
        "animeRomaji": "Elfen Lied",
        "songName": "LILIUM",
        "artist": "Kumiko Noma",
        "type": "Opening 1",
        "correctCount": 258,
        "startTime": 3,
        "songDuration": 89.570031,
        "songNumber": 14,
        "activePlayerCount": 290,
        "LinkVideo": "https://files.catbox.moe/7sxgan.webm",
        "LinkMp3": "https://files.catbox.moe/h44u8k.mp3"
    },
    {
        "animeEng": "Dragon Ball: The Path to Power",
        "animeRomaji": "Dragon Ball: Saikyou e no Michi",
        "songName": "DAN DAN Kokoro Hikarete ku",
        "artist": "FIELD OF VIEW",
        "type": "Ending 1",
        "correctCount": 175,
        "startTime": 32,
        "songDuration": 107.568,
        "songNumber": 15,
        "activePlayerCount": 290,
        "LinkVideo": "https://files.catbox.moe/76hrfg.webm",
        "LinkMp3": "https://files.catbox.moe/dfdocw.mp3"
    },
    {
        "animeEng": "Inazuma Eleven: Ares Kickoff",
        "animeRomaji": "Inazuma Eleven: Ares no Tenbin",
        "songName": "Teppen e Dash!",
        "artist": "pugcat's",
        "type": "Insert Song",
        "correctCount": 44,
        "startTime": 13,
        "songDuration": 186.048,
        "songNumber": 16,
        "activePlayerCount": 288,
        "LinkVideo": "https://files.catbox.moe/zunvk3.webm",
        "LinkMp3": "https://files.catbox.moe/2oqdvx.mp3"
    },
    {
        "animeEng": "Punch Line",
        "animeRomaji": "Punch Line",
        "songName": "PUNCH LINE!",
        "artist": "Shokotan\u2665Dempagumi",
        "type": "Opening 1",
        "correctCount": 106,
        "startTime": 34,
        "songDuration": 88.536,
        "songNumber": 17,
        "activePlayerCount": 288,
        "LinkVideo": "https://files.catbox.moe/a2zknn.webm",
        "LinkMp3": "https://files.catbox.moe/327e7g.mp3"
    },
    {
        "animeEng": "Neo Ranga",
        "animeRomaji": "Neo Ranga",
        "songName": "Kawaki no Miwa nite",
        "artist": "Yuko Miyamura, Yuko Sumitomo, Eri Sendai",
        "type": "Ending 3",
        "correctCount": 3,
        "startTime": 0,
        "songDuration": 89.415606,
        "songNumber": 18,
        "activePlayerCount": 288,
        "LinkVideo": "https://files.catbox.moe/vv309q.webm",
        "LinkMp3": "https://files.catbox.moe/gu2qu7.mp3",
        "correctPlayers": [
            "Thesandwich",
            "Diopatra",
            "Heyko"
        ]
    },
    {
        "animeEng": "Bakus\u014d Ky\u014ddai Let's & Go!! WGP B\u014ds\u014d Mini Yonku Daitsuiseki",
        "animeRomaji": "Bakus\u014d Ky\u014ddai Let's & Go!! WGP B\u014ds\u014d Mini Yonku Daitsuiseki",
        "songName": "'Oretachi' no Theme",
        "artist": "Hironobu Kageyama with CoroCoro Kids",
        "type": "Ending 1",
        "correctCount": 3,
        "startTime": 40,
        "songDuration": 196.296,
        "songNumber": 19,
        "activePlayerCount": 288,
        "LinkVideo": "https://files.catbox.moe/qk91dv.webm",
        "LinkMp3": "https://files.catbox.moe/3gg5it.mp3",
        "correctPlayers": [
            "Motsu",
            "theyingster",
            "Kirran58"
        ]
    },
    {
        "animeEng": "DRRR!!",
        "animeRomaji": "Durarara!!",
        "songName": "Complication",
        "artist": "ROOKiEZ is PUNK'D",
        "type": "Opening 2",
        "correctCount": 178,
        "startTime": 17,
        "songDuration": 88.344,
        "songNumber": 20,
        "activePlayerCount": 288,
        "LinkVideo": "https://files.catbox.moe/pccp95.webm",
        "LinkMp3": "https://files.catbox.moe/6kapiy.mp3"
    },
    {
        "animeEng": "Saint Seiya: Evil Goddess Eris",
        "animeRomaji": "Saint Seiya: Jashin Eris",
        "songName": "Pegasus Fantasy",
        "artist": "MAKE-UP",
        "type": "Opening 1",
        "correctCount": 271,
        "startTime": 49,
        "songDuration": 82.968,
        "songNumber": 21,
        "activePlayerCount": 288,
        "LinkVideo": "https://files.catbox.moe/w7t8yo.webm",
        "LinkMp3": "https://files.catbox.moe/pqfrcp.mp3"
    },
    {
        "animeEng": "Yatterman",
        "animeRomaji": "Yatterman",
        "songName": "Yatterking",
        "artist": "Masayuki Yamamoto to School Mates Brothers",
        "type": "Opening 2",
        "correctCount": 111,
        "startTime": 20,
        "songDuration": 71.913866,
        "songNumber": 22,
        "activePlayerCount": 287,
        "LinkVideo": "https://files.catbox.moe/2dexj6.webm",
        "LinkMp3": "https://files.catbox.moe/1e0h97.mp3"
    },
    {
        "animeEng": "Bladedance of the Elementalers",
        "animeRomaji": "Seirei Tsukai no Blade Dance",
        "songName": "Blade Dance",
        "artist": "Ni-Sokkususu",
        "type": "Ending 1",
        "correctCount": 96,
        "startTime": 35,
        "songDuration": 88.32,
        "songNumber": 23,
        "activePlayerCount": 284,
        "LinkVideo": "https://files.catbox.moe/9wjtyz.webm",
        "LinkMp3": "https://files.catbox.moe/ul5gon.mp3"
    },
    {
        "animeEng": "Kill la Kill",
        "animeRomaji": "Kill la Kill",
        "songName": "I want to know",
        "artist": "Benjamin Anderson",
        "type": "Insert Song",
        "correctCount": 66,
        "startTime": 7,
        "songDuration": 80.496,
        "songNumber": 24,
        "activePlayerCount": 285,
        "LinkVideo": "https://files.catbox.moe/bdaunr.webm",
        "LinkMp3": "https://files.catbox.moe/e7yytw.mp3"
    },
    {
        "animeEng": "Black Clover",
        "animeRomaji": "Black Clover",
        "songName": "Hana ga Saku Michi",
        "artist": "THE CHARM PARK",
        "type": "Ending 8",
        "correctCount": 82,
        "startTime": 51,
        "songDuration": 88.370726,
        "songNumber": 25,
        "activePlayerCount": 286,
        "LinkVideo": "https://files.catbox.moe/i8cpye.webm",
        "LinkMp3": "https://files.catbox.moe/562iy7.mp3"
    },
    {
        "animeEng": "Doggie March",
        "animeRomaji": "Wan Wan Ch\u016bshingura",
        "songName": "Wan Wan Chuushingura",
        "artist": "Duke Aces",
        "type": "Opening 1",
        "correctCount": 28,
        "startTime": 4,
        "songDuration": 137.736,
        "songNumber": 26,
        "activePlayerCount": 286,
        "LinkVideo": "https://files.catbox.moe/ao01u5.webm",
        "LinkMp3": "https://files.catbox.moe/8t8bfb.mp3"
    },
    {
        "animeEng": "Magical Angel Creamy Mami",
        "animeRomaji": "Mah\u014d no Tenshi Creamy Mami",
        "songName": "LOVE Sarigenaku",
        "artist": "Takako Ohta",
        "type": "Ending 2",
        "correctCount": 8,
        "startTime": 19,
        "songDuration": 69.312,
        "songNumber": 27,
        "activePlayerCount": 286,
        "LinkVideo": "https://files.catbox.moe/ofkuro.webm",
        "LinkMp3": "https://files.catbox.moe/zcojno.mp3"
    },
    {
        "animeEng": "JoJo's Bizarre Adventure: Diamond Is Unbreakable",
        "animeRomaji": "JoJo no Kimy\u014d na B\u014dken: Diamond wa Kudakenai",
        "songName": "Crazy Noisy Bizarre Town",
        "artist": "THE DU",
        "type": "Opening 1",
        "correctCount": 207,
        "startTime": 2,
        "songDuration": 72.216,
        "songNumber": 28,
        "activePlayerCount": 286,
        "LinkVideo": "https://files.catbox.moe/a036e3.webm",
        "LinkMp3": "https://files.catbox.moe/5x4rcd.mp3"
    },
    {
        "animeEng": "Ore no Sora Keiji-hen",
        "animeRomaji": "Ore no Sora Keiji-hen",
        "songName": "Taiy\u014d to Hokori no Naka de",
        "artist": "Chage & Aska",
        "type": "Ending 1",
        "correctCount": 3,
        "startTime": 121,
        "songDuration": 187.111886,
        "songNumber": 29,
        "activePlayerCount": 286,
        "LinkVideo": "https://files.catbox.moe/5qlflk.webm",
        "LinkMp3": "https://files.catbox.moe/vr6hc6.mp3",
        "correctPlayers": [
            "yuusha_fuyuno",
            "juki456yu7",
            "GundamOnly"
        ]
    },
    {
        "animeEng": "Knights of Sidonia: Battle for Planet Nine",
        "animeRomaji": "Sidonia no Kishi: Dai-ky\u016b Wakusei Seneki",
        "songName": "Kishi K\u014dshinkyoku",
        "artist": "angela",
        "type": "Opening 1",
        "correctCount": 58,
        "startTime": 53,
        "songDuration": 89.04,
        "songNumber": 30,
        "activePlayerCount": 286,
        "LinkVideo": "https://files.catbox.moe/b80367.webm",
        "LinkMp3": "https://files.catbox.moe/o3czj2.mp3"
    },
    {
        "animeEng": "Mobile Suit Gundam: The 08th MS Team",
        "animeRomaji": "Kid\u014d Senshi Gundam: Dai 08 MS Sh\u014dtai",
        "songName": "Mirai no Futari ni",
        "artist": "Chihiro Yonekura",
        "type": "Insert Song",
        "correctCount": 13,
        "startTime": 67,
        "songDuration": 118.056,
        "songNumber": 31,
        "activePlayerCount": 285,
        "LinkVideo": "https://files.catbox.moe/kw26cg.webm",
        "LinkMp3": "https://files.catbox.moe/ff8ejb.mp3"
    },
    {
        "animeEng": "Great Dangaioh",
        "animeRomaji": "Hajakyosei G Dangaioh",
        "songName": "Fighting Chance",
        "artist": "Gou Takahashi",
        "type": "Opening 1",
        "correctCount": 3,
        "startTime": 44,
        "songDuration": 89.616,
        "songNumber": 32,
        "activePlayerCount": 286,
        "LinkVideo": "https://files.catbox.moe/116jdz.webm",
        "LinkMp3": "https://files.catbox.moe/uz3qik.mp3",
        "correctPlayers": [
            "aryagamis",
            "Diopatra",
            "theyingster"
        ]
    },
    {
        "animeEng": "Barefoot Gen 2",
        "animeRomaji": "Hadashi no Gen 2",
        "songName": "Hadashi no Gen 2 Opening Theme",
        "artist": "Nobuaki Takahashi",
        "type": "Opening 1",
        "correctCount": 8,
        "startTime": 74,
        "songDuration": 111.144,
        "songNumber": 33,
        "activePlayerCount": 285,
        "LinkVideo": "https://files.catbox.moe/1ntikc.webm",
        "LinkMp3": "https://files.catbox.moe/zy3hta.mp3"
    },
    {
        "animeEng": "New Theatrical Movie Initial D Legend 1: Awakening",
        "animeRomaji": "Shin Gekij\u014dban Initial D Legend 1 -Kakusei-",
        "songName": "Shinkaron",
        "artist": "Gekk\u014d Green",
        "type": "Insert Song",
        "correctCount": 5,
        "startTime": 2,
        "songDuration": 77.242754,
        "songNumber": 34,
        "activePlayerCount": 287,
        "LinkVideo": "https://files.catbox.moe/mt0wlt.webm",
        "LinkMp3": "https://files.catbox.moe/wctqmr.mp3",
        "correctPlayers": [
            "AIuX",
            "yuusha_fuyuno",
            "Renegado",
            "GGius",
            "theyingster"
        ]
    },
    {
        "animeEng": "Hakumei and Mikochi: Tiny Little Life in the Woods",
        "animeRomaji": "Hakumei to Mikochi",
        "songName": "urar",
        "artist": "Chima",
        "type": "Opening 1",
        "correctCount": 24,
        "startTime": 18,
        "songDuration": 87.96,
        "songNumber": 35,
        "activePlayerCount": 286,
        "LinkVideo": "https://files.catbox.moe/r7uny5.webm",
        "LinkMp3": "https://files.catbox.moe/k8oohi.mp3"
    },
    {
        "animeEng": "pet",
        "animeRomaji": "pet",
        "songName": "image _____",
        "artist": "Memai SIREN",
        "type": "Ending 1",
        "correctCount": 61,
        "startTime": 25,
        "songDuration": 88.56,
        "songNumber": 36,
        "activePlayerCount": 286,
        "LinkVideo": "https://files.catbox.moe/jamzzr.webm",
        "LinkMp3": "https://files.catbox.moe/r14zuz.mp3"
    },
    {
        "animeEng": "Dragon Ball: Yo! The Return of Son Goku and Friends!!",
        "animeRomaji": "Dragon Ball: Ossu! Kaette Kita Son Goku to Nakamatachi!!",
        "songName": "CHA-LA HEAD-CHA-LA",
        "artist": "Hironobu Kageyama",
        "type": "Opening 1",
        "correctCount": 259,
        "startTime": 8,
        "songDuration": 106.872,
        "songNumber": 37,
        "activePlayerCount": 285,
        "LinkVideo": "https://files.catbox.moe/399exj.webm",
        "LinkMp3": "https://files.catbox.moe/dsdjoz.mp3"
    },
    {
        "animeEng": "Candy Candy",
        "animeRomaji": "Candy Candy",
        "songName": "Candy Candy",
        "artist": "Mitsuko Horie & The Chirps",
        "type": "Opening 1",
        "correctCount": 46,
        "startTime": 34,
        "songDuration": 69.249422,
        "songNumber": 38,
        "activePlayerCount": 285,
        "LinkVideo": "https://files.catbox.moe/a2ja9f.webm",
        "LinkMp3": "https://files.catbox.moe/jen50t.mp3"
    },
    {
        "animeEng": "Ultimate Muscle",
        "animeRomaji": "Kinnikuman Nisei",
        "songName": "Koi no My Chop!!",
        "artist": "Yumena Yokosuka",
        "type": "Ending 2",
        "correctCount": 14,
        "startTime": 0,
        "songDuration": 78.792,
        "songNumber": 39,
        "activePlayerCount": 285,
        "LinkVideo": "https://files.catbox.moe/sxk0hf.webm",
        "LinkMp3": "https://files.catbox.moe/ga6exj.mp3"
    },
    {
        "animeEng": "Battle B-Daman: Fire Spirits",
        "animeRomaji": "B-Legend! Battle B-Daman: Fire Spirits!",
        "songName": "Teen's Hi",
        "artist": "Rockahula GOOSE",
        "type": "Ending 1",
        "correctCount": 1,
        "startTime": 29,
        "songDuration": 79.776588,
        "songNumber": 40,
        "activePlayerCount": 285,
        "LinkVideo": "https://files.catbox.moe/j53ut4.webm",
        "LinkMp3": "https://files.catbox.moe/ng0g2h.mp3",
        "correctPlayers": [
            "TowaSamaTenshi"
        ]
    },
    {
        "animeEng": "Doctor Chichibuyama",
        "animeRomaji": "Doctor Chichibuyama",
        "songName": "Itsuka no Love Operation",
        "artist": "Chichibuyama Band",
        "type": "Ending 1",
        "correctCount": 1,
        "startTime": 10,
        "songDuration": 80.064,
        "songNumber": 41,
        "activePlayerCount": 285,
        "LinkVideo": "https://files.catbox.moe/of0v9f.webm",
        "LinkMp3": "https://files.catbox.moe/mg3hyq.mp3",
        "correctPlayers": [
            "theyingster"
        ]
    },
    {
        "animeEng": "Ghost Slayers Ayashi",
        "animeRomaji": "Tenp\u014d Ibun Ayakashi Ayashi",
        "songName": "Ryuusei Miracle",
        "artist": "Ikimono-gakari",
        "type": "Opening 1",
        "correctCount": 15,
        "startTime": 19,
        "songDuration": 88.42297,
        "songNumber": 42,
        "activePlayerCount": 285,
        "LinkVideo": "https://files.catbox.moe/p2pd47.webm",
        "LinkMp3": "https://files.catbox.moe/f0hh64.mp3"
    },
    {
        "animeEng": "Baka & Test: Summon the Beasts",
        "animeRomaji": "Baka to Test to Sh\u014dkanj\u016b",
        "songName": "Perfect-area complete!",
        "artist": "Natsuko Aso",
        "type": "Opening 1",
        "correctCount": 163,
        "startTime": 50,
        "songDuration": 88.056,
        "songNumber": 43,
        "activePlayerCount": 284,
        "LinkVideo": "https://files.catbox.moe/92q7to.webm",
        "LinkMp3": "https://files.catbox.moe/f6tvog.mp3"
    },
    {
        "animeEng": "Case Closed",
        "animeRomaji": "Meitantei Conan",
        "songName": "Unmei no Roulette Mawashite",
        "artist": "ZARD",
        "type": "Opening 4",
        "correctCount": 106,
        "startTime": 27,
        "songDuration": 84.336,
        "songNumber": 44,
        "activePlayerCount": 284,
        "LinkVideo": "https://files.catbox.moe/onnl7p.webm",
        "LinkMp3": "https://files.catbox.moe/ohpm9d.mp3"
    },
    {
        "animeEng": "The Case Files of Jeweler Richard",
        "animeRomaji": "H\u014dsekisho Richard-shi no Nazo Kantei",
        "songName": "H\u014dseki no Umareru Toki",
        "artist": "Nagi Yanagi",
        "type": "Opening 1",
        "correctCount": 38,
        "startTime": 5,
        "songDuration": 88.944,
        "songNumber": 45,
        "activePlayerCount": 283,
        "LinkVideo": "https://files.catbox.moe/l5b3w2.webm",
        "LinkMp3": "https://files.catbox.moe/i6208c.mp3"
    },
    {
        "animeEng": "Re:ZERO -Starting Life in Another World-",
        "animeRomaji": "Re:Zero kara Hajimeru Isekai Seikatsu",
        "songName": "Memento",
        "artist": "nonoc",
        "type": "Ending 1",
        "correctCount": 209,
        "startTime": 40,
        "songDuration": 87.648,
        "songNumber": 46,
        "activePlayerCount": 283,
        "LinkVideo": "https://files.catbox.moe/melh7d.webm",
        "LinkMp3": "https://files.catbox.moe/xa27ay.mp3"
    },
    {
        "animeEng": "Aikatsu Friends!",
        "animeRomaji": "Aikatsu Friends!",
        "songName": "Macaron Ondo",
        "artist": "Mio from BEST FRIENDS!",
        "type": "Insert Song",
        "correctCount": 39,
        "startTime": 3,
        "songDuration": 42.024,
        "songNumber": 47,
        "activePlayerCount": 282,
        "LinkVideo": "https://files.catbox.moe/k7llfd.webm",
        "LinkMp3": "https://files.catbox.moe/53uwdh.mp3"
    },
    {
        "animeEng": "Dragonar Academy",
        "animeRomaji": "Seikoku no Dragonar",
        "songName": "Seiken Nante Iranai",
        "artist": "Yui Sakakibara",
        "type": "Opening 1",
        "correctCount": 66,
        "startTime": 40,
        "songDuration": 89.913475,
        "songNumber": 48,
        "activePlayerCount": 282,
        "LinkVideo": "https://files.catbox.moe/dlcjp5.webm",
        "LinkMp3": "https://files.catbox.moe/kkwtqw.mp3"
    },
    {
        "animeEng": "Goal Field Hunter",
        "animeRomaji": "Goal FH",
        "songName": "Sunrise Itsuka wa",
        "artist": "Dog Fight",
        "type": "Opening 1",
        "correctCount": 4,
        "startTime": 11,
        "songDuration": 56.057812,
        "songNumber": 49,
        "activePlayerCount": 280,
        "LinkVideo": "https://files.catbox.moe/hnt95v.webm",
        "LinkMp3": "https://files.catbox.moe/s5kn4q.mp3",
        "correctPlayers": [
            "Hooman",
            "Renegado",
            "Diopatra",
            "oh95"
        ]
    },
    {
        "animeEng": "Pikotar\u014d no Lullaby Lu-llaby",
        "animeRomaji": "Pikotar\u014d no Lullaby Lu-llaby",
        "songName": "Lullaby Lullaby",
        "artist": "Pikotaro",
        "type": "Ending 1",
        "correctCount": 88,
        "startTime": 0,
        "songDuration": 16.19564,
        "songNumber": 50,
        "activePlayerCount": 280,
        "LinkVideo": "https://files.catbox.moe/hg68t5.webm",
        "LinkMp3": "https://files.catbox.moe/g0va7c.mp3"
    },
    {
        "animeEng": "Baldr Force EXE",
        "animeRomaji": "BALDR FORCE EXE Resolution",
        "songName": "Face of Fact -RESOLUTION ver.-",
        "artist": "KOTOKO",
        "type": "Opening 1",
        "correctCount": 36,
        "startTime": 58,
        "songDuration": 111.0185,
        "songNumber": 51,
        "activePlayerCount": 280,
        "LinkVideo": "https://files.catbox.moe/jolkvx.webm",
        "LinkMp3": "https://files.catbox.moe/ynhizd.mp3"
    },
    {
        "animeEng": "Attack on Titan: Chronicle",
        "animeRomaji": "Shingeki no Kyojin: Chronicle",
        "songName": "Before Lights Out",
        "artist": "Laco",
        "type": "Insert Song",
        "correctCount": 8,
        "startTime": 77,
        "songDuration": 162.648,
        "songNumber": 52,
        "activePlayerCount": 278,
        "LinkVideo": "https://files.catbox.moe/vsd6qv.webm",
        "LinkMp3": "https://files.catbox.moe/95t1cb.mp3"
    },
    {
        "animeEng": "Akira",
        "animeRomaji": "Akira",
        "songName": "Kaneda",
        "artist": "Geinoh Yamashiro-gumi",
        "type": "Insert Song",
        "correctCount": 182,
        "startTime": 21,
        "songDuration": 114.257628,
        "songNumber": 53,
        "activePlayerCount": 278,
        "LinkVideo": "https://files.catbox.moe/gc1jkq.webm",
        "LinkMp3": "https://files.catbox.moe/9upqcs.mp3"
    },
    {
        "animeEng": "Haikyu!!",
        "animeRomaji": "Haikyu!!",
        "songName": "Imagination",
        "artist": "SPYAIR",
        "type": "Opening 1",
        "correctCount": 232,
        "startTime": 40,
        "songDuration": 88.944,
        "songNumber": 54,
        "activePlayerCount": 276,
        "LinkVideo": "https://files.catbox.moe/muea1a.webm",
        "LinkMp3": "https://files.catbox.moe/odm846.mp3"
    },
    {
        "animeEng": "Lupin III: Part II",
        "animeRomaji": "Lupin Sansei: Part II",
        "songName": "LUPIN III '79 (Non-vocal)",
        "artist": "Yuji Ohno",
        "type": "Opening 3",
        "correctCount": 36,
        "startTime": 20,
        "songDuration": 79.32,
        "songNumber": 55,
        "activePlayerCount": 274,
        "LinkVideo": "https://files.catbox.moe/x3h87s.webm",
        "LinkMp3": "https://files.catbox.moe/9unrkh.mp3"
    },
    {
        "animeEng": "Christmas in January",
        "animeRomaji": "1-gatsu ni wa Christmas",
        "songName": "Fuyu no nai Calendar",
        "artist": "Ritsuko Okazaki",
        "type": "Ending 1",
        "correctCount": 1,
        "startTime": 46,
        "songDuration": 184.447442,
        "songNumber": 56,
        "activePlayerCount": 275,
        "LinkVideo": "https://files.catbox.moe/fjgox0.webm",
        "LinkMp3": "https://files.catbox.moe/aid5yk.mp3",
        "correctPlayers": [
            "Anwonu"
        ]
    },
    {
        "animeEng": "Wish",
        "animeRomaji": "Wish",
        "songName": "Angel Egg no Tsukuri Kata ~for Ruri & Hari",
        "artist": "ALI PROJECT",
        "type": "Ending 1",
        "correctCount": 32,
        "startTime": 107,
        "songDuration": 156.07895,
        "songNumber": 57,
        "activePlayerCount": 276,
        "LinkVideo": "https://files.catbox.moe/2mn99s.webm",
        "LinkMp3": "https://files.catbox.moe/7tn50r.mp3"
    },
    {
        "animeEng": "After the Rain",
        "animeRomaji": "Koi wa Ameagari no You ni",
        "songName": "Ref:rain",
        "artist": "Aimer",
        "type": "Ending 1",
        "correctCount": 107,
        "startTime": 22,
        "songDuration": 86.857125,
        "songNumber": 58,
        "activePlayerCount": 275,
        "LinkVideo": "https://files.catbox.moe/s4hrgg.webm",
        "LinkMp3": "https://files.catbox.moe/yi6jyr.mp3"
    },
    {
        "animeEng": "Kill Me Baby",
        "animeRomaji": "Kill Me Baby",
        "songName": "Futari no Kimochi no Honto no Himitsu",
        "artist": "Mutsumi Tamura & Chinatsu Akasaki",
        "type": "Ending 1",
        "correctCount": 133,
        "startTime": 4,
        "songDuration": 88.056,
        "songNumber": 59,
        "activePlayerCount": 274,
        "LinkVideo": "https://files.catbox.moe/vr1xrj.webm",
        "LinkMp3": "https://files.catbox.moe/om865j.mp3"
    },
    {
        "animeEng": "Horimiya",
        "animeRomaji": "Horimiya",
        "songName": "Iro Kousui",
        "artist": "Yoh Kamiyama",
        "type": "Opening 1",
        "correctCount": 157,
        "startTime": 48,
        "songDuration": 90.072,
        "songNumber": 60,
        "activePlayerCount": 272,
        "LinkVideo": "https://files.catbox.moe/9k7jim.webm",
        "LinkMp3": "https://files.catbox.moe/e1o6e1.mp3"
    },
    {
        "animeEng": "keroro",
        "animeRomaji": "keroro",
        "songName": "Keroro\u2606Popstar",
        "artist": "Mayumi Goj\u014d",
        "type": "Opening 1",
        "correctCount": 132,
        "startTime": 0,
        "songDuration": 24.984,
        "songNumber": 61,
        "activePlayerCount": 271,
        "LinkVideo": "https://files.catbox.moe/w2gxvl.webm",
        "LinkMp3": "https://files.catbox.moe/heke2l.mp3"
    },
    {
        "animeEng": "Mysterious Joker Season 4",
        "animeRomaji": "Kait\u014d Joker 4th Season",
        "songName": "Kait\u014d Miracle Sh\u014dnen Boy 2",
        "artist": "Arukara",
        "type": "Opening 1",
        "correctCount": 34,
        "startTime": 33,
        "songDuration": 89.52,
        "songNumber": 62,
        "activePlayerCount": 271,
        "LinkVideo": "https://files.catbox.moe/8jxk2p.webm",
        "LinkMp3": "https://files.catbox.moe/x1hsm8.mp3"
    },
    {
        "animeEng": "Night Head Genesis",
        "animeRomaji": "Night Head Genesis",
        "songName": "Kotoba",
        "artist": "Under Graph",
        "type": "Ending 1",
        "correctCount": 4,
        "startTime": 16,
        "songDuration": 89.755192,
        "songNumber": 63,
        "activePlayerCount": 270,
        "LinkVideo": "https://files.catbox.moe/wzj06t.webm",
        "LinkMp3": "https://files.catbox.moe/c9com6.mp3",
        "correctPlayers": [
            "Renegado",
            "KamiNoChikara",
            "HeroAwaken",
            "TowaSamaTenshi"
        ]
    },
    {
        "animeEng": "Angel Sanctuary",
        "animeRomaji": "Tenshi Kinryouku",
        "songName": "MESSIAH",
        "artist": "Yayoi Yura",
        "type": "Opening 1",
        "correctCount": 14,
        "startTime": 33,
        "songDuration": 100.728,
        "songNumber": 64,
        "activePlayerCount": 269,
        "LinkVideo": "https://files.catbox.moe/mzl5em.webm",
        "LinkMp3": "https://files.catbox.moe/wsa0zt.mp3"
    },
    {
        "animeEng": "Saga of Tanya the Evil",
        "animeRomaji": "Y\u014djo Senki",
        "songName": "Sensen no Realism",
        "artist": "Mako Niina",
        "type": "Insert Song",
        "correctCount": 110,
        "startTime": 45,
        "songDuration": 84.648,
        "songNumber": 65,
        "activePlayerCount": 270,
        "LinkVideo": "https://files.catbox.moe/s0ypp4.webm",
        "LinkMp3": "https://files.catbox.moe/8458yv.mp3"
    },
    {
        "animeEng": "Wakakusa no Charlotte",
        "animeRomaji": "Wakakusa no Charlotte",
        "songName": "Wakakusa no Charlotte",
        "artist": "Kumiko Kaori",
        "type": "Opening 1",
        "correctCount": 17,
        "startTime": 26,
        "songDuration": 73.08,
        "songNumber": 66,
        "activePlayerCount": 269,
        "LinkVideo": "https://files.catbox.moe/y4ooda.webm",
        "LinkMp3": "https://files.catbox.moe/7tz7uk.mp3"
    },
    {
        "animeEng": "Noein: to your other self",
        "animeRomaji": "Noein: M\u014d Hitori no Kimi e",
        "songName": "Idea",
        "artist": "eufonius",
        "type": "Opening 1",
        "correctCount": 29,
        "startTime": 18,
        "songDuration": 89.328,
        "songNumber": 67,
        "activePlayerCount": 269,
        "LinkVideo": "https://files.catbox.moe/s70w0z.webm",
        "LinkMp3": "https://files.catbox.moe/cve9y4.mp3"
    },
    {
        "animeEng": "Bleach",
        "animeRomaji": "Bleach",
        "songName": "Haruka Kanata",
        "artist": "UNLIMITS",
        "type": "Ending 28",
        "correctCount": 84,
        "startTime": 47,
        "songDuration": 88.224,
        "songNumber": 68,
        "activePlayerCount": 268,
        "LinkVideo": "https://files.catbox.moe/skssmv.webm",
        "LinkMp3": "https://files.catbox.moe/2syztb.mp3"
    },
    {
        "animeEng": "Gakuen Handsome",
        "animeRomaji": "Gakuen Handsome",
        "songName": "Shin Handsome Tais\u014d de Zundokohoi",
        "artist": "10Re;",
        "type": "Ending 1",
        "correctCount": 33,
        "startTime": 0,
        "songDuration": 28.133394,
        "songNumber": 69,
        "activePlayerCount": 268,
        "LinkVideo": "https://files.catbox.moe/vh74ap.webm",
        "LinkMp3": "https://files.catbox.moe/rxawcw.mp3"
    },
    {
        "animeEng": "Ark Nine",
        "animeRomaji": "Ark IX",
        "songName": "Nevereverland",
        "artist": "nano",
        "type": "Ending 1",
        "correctCount": 99,
        "startTime": 92,
        "songDuration": 167.592,
        "songNumber": 70,
        "activePlayerCount": 269,
        "LinkVideo": "https://files.catbox.moe/dyamar.webm",
        "LinkMp3": "https://files.catbox.moe/uxvgll.mp3"
    },
    {
        "animeEng": "Strike The Blood: Kieta Seis\u014d-hen",
        "animeRomaji": "Strike The Blood: Kieta Seis\u014d-hen",
        "songName": "Akatsuki no Kaleido Blood",
        "artist": "Kishida Ky\u014ddan &THE Akeboshi Rockets",
        "type": "Ending 2",
        "correctCount": 59,
        "startTime": 9,
        "songDuration": 89.016,
        "songNumber": 71,
        "activePlayerCount": 269,
        "LinkVideo": "https://files.catbox.moe/2okyou.webm",
        "LinkMp3": "https://files.catbox.moe/i5yy7v.mp3"
    },
    {
        "animeEng": "Japan Sinks: 2020",
        "animeRomaji": "Nihon Chinbotsu 2020",
        "songName": "a life",
        "artist": "Ryuichi Sakamoto & Taeko Ohnuki",
        "type": "Opening 1",
        "correctCount": 82,
        "startTime": 7,
        "songDuration": 77.184,
        "songNumber": 72,
        "activePlayerCount": 270,
        "LinkVideo": "https://files.catbox.moe/ztff19.webm",
        "LinkMp3": "https://files.catbox.moe/encyah.mp3"
    },
    {
        "animeEng": "Demon King Daimao",
        "animeRomaji": "Ichiban Ushiro no Daima\u014d",
        "songName": "REALOVE:REALIFE",
        "artist": "Sphere",
        "type": "Opening 1",
        "correctCount": 110,
        "startTime": 14,
        "songDuration": 88.584,
        "songNumber": 73,
        "activePlayerCount": 268,
        "LinkVideo": "https://files.catbox.moe/g6pg3v.webm",
        "LinkMp3": "https://files.catbox.moe/d8ob98.mp3"
    },
    {
        "animeEng": "Wonder Beat Scramble",
        "animeRomaji": "Wonderbeat S",
        "songName": "Wonderbeat",
        "artist": "Mayumi & Naomi Tsubame",
        "type": "Ending 1",
        "correctCount": 19,
        "startTime": 41,
        "songDuration": 79.368,
        "songNumber": 74,
        "activePlayerCount": 269,
        "LinkVideo": "https://files.catbox.moe/w6x0aa.webm",
        "LinkMp3": "https://files.catbox.moe/uuuy31.mp3"
    },
    {
        "animeEng": "I'm Standing on A Million Lives",
        "animeRomaji": "100-man no Inochi no Ue ni Ore wa Tatteiru",
        "songName": "Anti world",
        "artist": "Kanako Takatsuki",
        "type": "Opening 1",
        "correctCount": 93,
        "startTime": 21,
        "songDuration": 88.656,
        "songNumber": 75,
        "activePlayerCount": 266,
        "LinkVideo": "https://files.catbox.moe/tnd9ve.webm",
        "LinkMp3": "https://files.catbox.moe/wfcak5.mp3"
    }
]