[
    {
        "songNumber": 1,
        "animeEnglish": "Pop Team Epic",
        "animeRomaji": "Poputepipikku",
        "songName": "POPPY PAPPY DAY",
        "artist": "Toshiki Masuda & Wataru Hatano",
        "type": "Ending 7",
        "correctCount": 80,
        "activePlayers": 221,
        "startSample": 11,
        "videoLength": 57.82,
        "linkWebm": "https://files.catbox.moe/d80kq5.webm",
        "linkMP3": "https://files.catbox.moe/57ys8f.mp3"
    },
    {
        "songNumber": 2,
        "animeEnglish": "Beyblade the Movie: Fierce Battle",
        "animeRomaji": "Bakuten Shoot Beyblade The Movie: Gekit\u014d!! Takao vs Daichi",
        "songName": "Poroporo",
        "artist": "Hana*Hana",
        "type": "Ending 1",
        "correctCount": 1,
        "activePlayers": 219,
        "startSample": 71,
        "videoLength": 192.99,
        "linkWebm": "https://files.catbox.moe/9tzyqv.webm",
        "linkMP3": "https://files.catbox.moe/h8fe4n.mp3"
    },
    {
        "songNumber": 3,
        "animeEnglish": "Mobile Suit Gundam ZZ",
        "animeRomaji": "Kid\u014d Senshi Gundam ZZ",
        "songName": "Anime Ja Nai - Yume wo Wasureta Furui Chiky\u016bjin yo",
        "artist": "Masato Arai",
        "type": "Opening 1",
        "correctCount": 37,
        "activePlayers": 219,
        "startSample": 47,
        "videoLength": 91.58,
        "linkWebm": "https://animethemes.moe/video/GundamZZ-OP1.webm",
        "linkMP3": "https://files.catbox.moe/1vlh85.mp3"
    },
    {
        "songNumber": 4,
        "animeEnglish": "Hinata no Aoshigure",
        "animeRomaji": "Hinata no Aoshigure",
        "songName": "Fushigi",
        "artist": "Spitz",
        "type": "Insert Song",
        "correctCount": 8,
        "activePlayers": 216,
        "startSample": 78,
        "videoLength": 279.54,
        "linkWebm": "https://files.catbox.moe/qxi1dx.webm",
        "linkMP3": "https://files.catbox.moe/unjsre.mp3"
    },
    {
        "songNumber": 5,
        "animeEnglish": "Dragon Ball Z: Bio-Broly",
        "animeRomaji": "Dragon Ball Z: Super Senshi Gekiha!! Katsu no wa Ore da",
        "songName": "WE GOTTA POWER",
        "artist": "Hironobu Kageyama",
        "type": "Opening 1",
        "correctCount": 192,
        "activePlayers": 215,
        "startSample": 70,
        "videoLength": 106.58,
        "linkWebm": "https://files.catbox.moe/oe09sf.webm",
        "linkMP3": "https://files.catbox.moe/wjwl8l.mp3"
    },
    {
        "songNumber": 6,
        "animeEnglish": "Sound! Euphonium",
        "animeRomaji": "Hibike! Euphonium",
        "songName": "Provence no Kaze",
        "artist": "Kitauji Koukou Suisougaku-bu",
        "type": "Insert Song",
        "correctCount": 93,
        "activePlayers": 215,
        "startSample": 4,
        "videoLength": 88.06,
        "linkWebm": "https://files.catbox.moe/r4h3py.webm",
        "linkMP3": "https://files.catbox.moe/wj1tvs.mp3"
    },
    {
        "songNumber": 7,
        "animeEnglish": "Arifureta: From Commonplace to World's Strongest",
        "animeRomaji": "Arifureta Shokugyou de Sekaisaikyou",
        "songName": "FLARE",
        "artist": "Void_Chords feat. LIO",
        "type": "Opening 1",
        "correctCount": 117,
        "activePlayers": 215,
        "startSample": 24,
        "videoLength": 89.78,
        "linkWebm": "https://files.catbox.moe/ipv9nr.webm",
        "linkMP3": "https://files.catbox.moe/s04zpe.mp3"
    },
    {
        "songNumber": 8,
        "animeEnglish": "Candy Candy",
        "animeRomaji": "Candy Candy",
        "songName": "Candy Candy",
        "artist": "Mitsuko Horie and The Chirps",
        "type": "Opening 1",
        "correctCount": 128,
        "activePlayers": 215,
        "startSample": 31,
        "videoLength": 68.14,
        "linkWebm": "https://files.catbox.moe/msls6d.webm",
        "linkMP3": "https://files.catbox.moe/rolnck.mp3"
    },
    {
        "songNumber": 9,
        "animeEnglish": "Precure All Stars New Stage 2: Kokoro no Tomodachi",
        "animeRomaji": "Precure All Stars New Stage 2: Kokoro no Tomodachi",
        "songName": "Precure ~Eien no Tomodachi~ (2013 Version)",
        "artist": "Mayu Kud\u014d & Tomoyo Kurosawa & Hitomi Yoshida",
        "type": "Opening 1",
        "correctCount": 11,
        "activePlayers": 215,
        "startSample": 62,
        "videoLength": 140.83,
        "linkWebm": "https://files.catbox.moe/diigl2.webm",
        "linkMP3": "https://files.catbox.moe/izwbbq.mp3"
    },
    {
        "songNumber": 10,
        "animeEnglish": "Beast Wars II",
        "animeRomaji": "Beast Wars II Ch\u014d Seimeitai Transformers",
        "songName": "Yume no Iru Basho",
        "artist": "Jun Yoneya",
        "type": "Ending 1",
        "correctCount": 5,
        "activePlayers": 214,
        "startSample": 28,
        "videoLength": 68.78,
        "linkWebm": "https://files.catbox.moe/mbvuje.webm",
        "linkMP3": "https://files.catbox.moe/8dprwq.mp3"
    },
    {
        "songNumber": 11,
        "animeEnglish": "Infinite Stratos Encore: Sextet of Burning Love",
        "animeRomaji": "Infinite Stratos Encore: Koi ni Kogareru Rokuj\u016bs\u014d",
        "songName": "STRAIGHT JET",
        "artist": "Minami Kuribayashi",
        "type": "Opening 1",
        "correctCount": 89,
        "activePlayers": 213,
        "startSample": 27,
        "videoLength": 91.9,
        "linkWebm": "https://files.catbox.moe/89stwr.webm",
        "linkMP3": "https://files.catbox.moe/9j8qyy.mp3"
    },
    {
        "songNumber": 12,
        "animeEnglish": "Heybot!",
        "animeRomaji": "Heybot!",
        "songName": "H\u014dkago Nejimaki Dance",
        "artist": "MISOKKASU",
        "type": "Opening 1",
        "correctCount": 8,
        "activePlayers": 213,
        "startSample": 36,
        "videoLength": 89.26,
        "linkWebm": "https://files.catbox.moe/ch1ld8.webm",
        "linkMP3": "https://files.catbox.moe/vh3i8b.mp3"
    },
    {
        "songNumber": 13,
        "animeEnglish": "ACCA: 13-Territory Inspection Dept.",
        "animeRomaji": "ACCA 13-Ku Kansatsu-Ka",
        "songName": "Shadow and Truth",
        "artist": "ONE III NOTES",
        "type": "Opening 1",
        "correctCount": 107,
        "activePlayers": 213,
        "startSample": 47,
        "videoLength": 89.04,
        "linkWebm": "https://files.catbox.moe/ie1fus.webm",
        "linkMP3": "https://files.catbox.moe/0iik48.mp3"
    },
    {
        "songNumber": 14,
        "animeEnglish": "PriPara",
        "animeRomaji": "PriPara",
        "songName": "Kono Uta to Marei Hi",
        "artist": "Azusa Satou & Mitsuki Saiga",
        "type": "Insert Song",
        "correctCount": 21,
        "activePlayers": 213,
        "startSample": 39,
        "videoLength": 121.78,
        "linkWebm": "https://files.catbox.moe/8dqyrf.webm",
        "linkMP3": "https://files.catbox.moe/w7gpoz.mp3"
    },
    {
        "songNumber": 15,
        "animeEnglish": "Donyatsu",
        "animeRomaji": "Donyatsu",
        "songName": "Toro Ama Chu",
        "artist": "Hikari Shiina",
        "type": "Ending 1",
        "correctCount": 3,
        "activePlayers": 213,
        "startSample": 0,
        "videoLength": 25.13,
        "linkWebm": "https://files.catbox.moe/3se52o.webm",
        "linkMP3": "https://files.catbox.moe/47khuv.mp3"
    },
    {
        "songNumber": 16,
        "animeEnglish": "Popolocrois Story",
        "animeRomaji": "Popolocrois Monogatari",
        "songName": "Natsu Kikyuu",
        "artist": "Rie Otsuka",
        "type": "Opening 1",
        "correctCount": 2,
        "activePlayers": 214,
        "startSample": 66,
        "videoLength": 109.99,
        "linkWebm": "https://files.catbox.moe/jgb9m4.webm",
        "linkMP3": "https://files.catbox.moe/p8nfcw.mp3"
    },
    {
        "songNumber": 17,
        "animeEnglish": "Marginal Prince",
        "animeRomaji": "Marginal Prince ~Gekkeiju no Oujitachi~",
        "songName": "Hanashitaku wa nai",
        "artist": "FLAME",
        "type": "Opening 1",
        "correctCount": 10,
        "activePlayers": 213,
        "startSample": 50,
        "videoLength": 88.7,
        "linkWebm": "https://files.catbox.moe/qoqu43.webm",
        "linkMP3": "https://files.catbox.moe/6itx0e.mp3"
    },
    {
        "songNumber": 18,
        "animeEnglish": "Darker than Black: Gemini of the Meteor",
        "animeRomaji": "Darker than Black: Gemini of the Meteor",
        "songName": "Tsukiakari no Michishirube",
        "artist": "Stereopony",
        "type": "Opening 1",
        "correctCount": 128,
        "activePlayers": 214,
        "startSample": 1,
        "videoLength": 91.03,
        "linkWebm": "https://files.catbox.moe/8kezdj.webm",
        "linkMP3": "https://files.catbox.moe/kkg29g.mp3"
    },
    {
        "songNumber": 19,
        "animeEnglish": "Puella Magi Madoka Magica",
        "animeRomaji": "Mah\u014d Sh\u014djo Madoka\u2605Magica",
        "songName": "Credens justitiam",
        "artist": "Eri Itou",
        "type": "Insert Song",
        "correctCount": 164,
        "activePlayers": 214,
        "startSample": 3,
        "videoLength": 57.05,
        "linkWebm": "https://files.catbox.moe/atizuz.webm",
        "linkMP3": "https://files.catbox.moe/ddx74e.mp3"
    },
    {
        "songNumber": 20,
        "animeEnglish": "Metropolis",
        "animeRomaji": "Metropolis",
        "songName": "METROPOLIS",
        "artist": "Toshiyuki Honda",
        "type": "Opening 1",
        "correctCount": 27,
        "activePlayers": 214,
        "startSample": 24,
        "videoLength": 91.53,
        "linkWebm": "https://files.catbox.moe/ryi6l1.webm",
        "linkMP3": "https://files.catbox.moe/o2yz8v.mp3"
    },
    {
        "songNumber": 21,
        "animeEnglish": "Fairy Princess Minky Momo: La ronde in my dream",
        "animeRomaji": "Mahou no Princess Minky Momo: Yume no Naka no Rondo",
        "songName": "Anata to Watashi no Time Traveler",
        "artist": "Mami Koyama",
        "type": "Insert Song",
        "correctCount": 0,
        "activePlayers": 214,
        "startSample": 14,
        "videoLength": 108.1,
        "linkWebm": "https://files.catbox.moe/wyx0zn.webm",
        "linkMP3": "https://files.catbox.moe/papxc0.mp3"
    },
    {
        "songNumber": 22,
        "animeEnglish": "Hayate the Combat Butler! Cuties",
        "animeRomaji": "Hayate no Gotoku! Cuties",
        "songName": "Manmaru Kakurenbo",
        "artist": "Miyu Matsuki",
        "type": "Ending 4",
        "correctCount": 5,
        "activePlayers": 215,
        "startSample": 9,
        "videoLength": 88.08,
        "linkWebm": "https://files.catbox.moe/aimlut.webm",
        "linkMP3": "https://files.catbox.moe/vy7tjz.mp3"
    },
    {
        "songNumber": 23,
        "animeEnglish": "Ground Control to Psychoelectric Girl",
        "animeRomaji": "Denpa Onna to Seishun Otoko",
        "songName": "Os-Uch\u016bjin",
        "artist": "Erio o Kamatte-chan",
        "type": "Opening 1",
        "correctCount": 137,
        "activePlayers": 214,
        "startSample": 48,
        "videoLength": 88.9,
        "linkWebm": "https://openings.moe/video/DenpaOnnaToSeishunOtoko-OP01-NCBD.webm",
        "linkMP3": "https://files.catbox.moe/zlzdrw.mp3"
    },
    {
        "songNumber": 24,
        "animeEnglish": "Shigofumi - Letters from the Departed",
        "animeRomaji": "Shigofumi - Stories of Last Letter",
        "songName": "Chain",
        "artist": "Snow*",
        "type": "Ending 1",
        "correctCount": 15,
        "activePlayers": 214,
        "startSample": 47,
        "videoLength": 88.46,
        "linkWebm": "https://files.catbox.moe/8f4cyu.webm",
        "linkMP3": "https://files.catbox.moe/ijg7c4.mp3"
    },
    {
        "songNumber": 25,
        "animeEnglish": "Kobato.",
        "animeRomaji": "Kobato.",
        "songName": "Watashi ni Dekiru Koto",
        "artist": "Megumi Nakajima",
        "type": "Ending 2",
        "correctCount": 16,
        "activePlayers": 213,
        "startSample": 11,
        "videoLength": 87.48,
        "linkWebm": "https://files.catbox.moe/dfe8mo.webm",
        "linkMP3": "https://files.catbox.moe/l9q99j.mp3"
    },
    {
        "songNumber": 26,
        "animeEnglish": "Steel Angel Kurumi 2",
        "animeRomaji": "Koutetsu Tenshi Kurumi 2 Shiki",
        "songName": "Kiss kara Hajimaru Miracle (2 Shiki)",
        "artist": "STEEL ANGELS",
        "type": "Opening 1",
        "correctCount": 5,
        "activePlayers": 213,
        "startSample": 56,
        "videoLength": 89.54,
        "linkWebm": "https://files.catbox.moe/5qeven.webm",
        "linkMP3": "https://files.catbox.moe/im4wpg.mp3"
    },
    {
        "songNumber": 27,
        "animeEnglish": "Lostorage conflated WIXOSS -missing link-",
        "animeRomaji": "Lostorage conflated WIXOSS -missing link-",
        "songName": "Lostorage",
        "artist": "Yuka Iguchi",
        "type": "Opening 1",
        "correctCount": 53,
        "activePlayers": 212,
        "startSample": 10,
        "videoLength": 89.04,
        "linkWebm": "https://files.catbox.moe/1qsy26.webm",
        "linkMP3": "https://files.catbox.moe/58347z.mp3"
    },
    {
        "songNumber": 28,
        "animeEnglish": "Nana to Kaoru",
        "animeRomaji": "Nana to Kaoru",
        "songName": "Owaranai Yoru ni",
        "artist": "Yui Sakakibara",
        "type": "Ending 1",
        "correctCount": 10,
        "activePlayers": 212,
        "startSample": 37,
        "videoLength": 89.59,
        "linkWebm": "https://files.catbox.moe/rc7nyh.webm",
        "linkMP3": "https://files.catbox.moe/pk93oi.mp3"
    },
    {
        "songNumber": 29,
        "animeEnglish": "The Cosmopolitan Prayers",
        "animeRomaji": "Ch\u014d Henshin Cos\u221ePrayer",
        "songName": "Ch\u014d Henshin! Cosprayer",
        "artist": "colors",
        "type": "Opening 1",
        "correctCount": 8,
        "activePlayers": 211,
        "startSample": 15,
        "videoLength": 89.29,
        "linkWebm": "https://files.catbox.moe/u3t1m3.webm",
        "linkMP3": "https://files.catbox.moe/h3dz2h.mp3"
    },
    {
        "songNumber": 30,
        "animeEnglish": "Dances with the Dragons",
        "animeRomaji": "Saredo Tsumibito wa Ry\u016b to Odoru",
        "songName": "divine criminal",
        "artist": "fripSide",
        "type": "Opening 1",
        "correctCount": 20,
        "activePlayers": 211,
        "startSample": 13,
        "videoLength": 86.69,
        "linkWebm": "https://files.catbox.moe/7sr5z2.webm",
        "linkMP3": "https://files.catbox.moe/0t5dn9.mp3"
    },
    {
        "songNumber": 31,
        "animeEnglish": "Lucky Star",
        "animeRomaji": "Lucky Star",
        "songName": "Shiraishi Medley",
        "artist": "Minoru Shiraishi",
        "type": "Ending 22",
        "correctCount": 168,
        "activePlayers": 210,
        "startSample": 41,
        "videoLength": 88.99,
        "linkWebm": "https://files.catbox.moe/aua928.webm",
        "linkMP3": "https://files.catbox.moe/0nndp1.mp3"
    },
    {
        "songNumber": 32,
        "animeEnglish": "If I See You in My Dreams",
        "animeRomaji": "Yume de Aetara",
        "songName": "DEAR",
        "artist": "Mami Kingetsu",
        "type": "Ending 1",
        "correctCount": 5,
        "activePlayers": 210,
        "startSample": 47,
        "videoLength": 117.24,
        "linkWebm": "https://files.catbox.moe/834znu.webm",
        "linkMP3": "https://files.catbox.moe/8r3nni.mp3"
    },
    {
        "songNumber": 33,
        "animeEnglish": "Kengan Ashura",
        "animeRomaji": "Kengan Ashura",
        "songName": "Gou",
        "artist": "Amaterasu",
        "type": "Insert Song",
        "correctCount": 11,
        "activePlayers": 209,
        "startSample": 31,
        "videoLength": 64.97,
        "linkWebm": "https://files.catbox.moe/6j785c.webm",
        "linkMP3": "https://files.catbox.moe/ffpcaj.mp3"
    },
    {
        "songNumber": 34,
        "animeEnglish": "Dash! Kappei",
        "animeRomaji": "Dash! Kappei",
        "songName": "Mitai mono Mitai",
        "artist": "KiKi",
        "type": "Opening 1",
        "correctCount": 2,
        "activePlayers": 209,
        "startSample": 43,
        "videoLength": 81.07,
        "linkWebm": "https://files.catbox.moe/t38fky.webm",
        "linkMP3": "https://files.catbox.moe/cdnef5.mp3"
    },
    {
        "songNumber": 35,
        "animeEnglish": "Aria the Scarlet Ammo",
        "animeRomaji": "Hidan no Aria",
        "songName": "Scarlet Ballet",
        "artist": "May'n",
        "type": "Opening 1",
        "correctCount": 135,
        "activePlayers": 209,
        "startSample": 52,
        "videoLength": 89.26,
        "linkWebm": "https://files.catbox.moe/v5ufgv.webm",
        "linkMP3": "https://files.catbox.moe/gr3k52.mp3"
    },
    {
        "songNumber": 36,
        "animeEnglish": "Case Closed: Countdown to Heaven",
        "animeRomaji": "Meitantei Conan: Tengoku e no Countdown",
        "songName": "always",
        "artist": "Mai Kuraki",
        "type": "Ending 1",
        "correctCount": 42,
        "activePlayers": 209,
        "startSample": 12,
        "videoLength": 185.04,
        "linkWebm": "https://files.catbox.moe/es6a5n.webm",
        "linkMP3": "https://files.catbox.moe/i0d32z.mp3"
    },
    {
        "songNumber": 37,
        "animeEnglish": "Neo Angelique Abyss -Second Age-",
        "animeRomaji": "Neo Angelique Abyss -Second Age-",
        "songName": "Eternal Green ~Kimi to Iu Eien",
        "artist": "Orb Hunter 4",
        "type": "Insert Song",
        "correctCount": 0,
        "activePlayers": 209,
        "startSample": 162,
        "videoLength": 238.1,
        "linkWebm": "https://files.catbox.moe/2if1mt.webm",
        "linkMP3": "https://files.catbox.moe/spjzsa.mp3"
    },
    {
        "songNumber": 38,
        "animeEnglish": "Mermaid Forest",
        "animeRomaji": "Ningyo no Mori",
        "songName": "Like an angel",
        "artist": "Chiaki Ishikawa",
        "type": "Opening 1",
        "correctCount": 12,
        "activePlayers": 208,
        "startSample": 18,
        "videoLength": 90.14,
        "linkWebm": "https://files.catbox.moe/up9w2v.webm",
        "linkMP3": "https://files.catbox.moe/htn06e.mp3"
    },
    {
        "songNumber": 39,
        "animeEnglish": "You're Under Arrest",
        "animeRomaji": "Taiho Shichauzo",
        "songName": "LOVE SOMEBODY ~ NEW MIND VERSION",
        "artist": "Mariko Fukui",
        "type": "Insert Song",
        "correctCount": 5,
        "activePlayers": 207,
        "startSample": 1,
        "videoLength": 220.82,
        "linkWebm": "https://files.catbox.moe/8lmr0n.webm",
        "linkMP3": "https://files.catbox.moe/acg66m.mp3"
    },
    {
        "songNumber": 40,
        "animeEnglish": "Heaven's Lost Property: Project Pink",
        "animeRomaji": "Sora no Otoshimono",
        "songName": "Ring My Bell",
        "artist": "blue drops",
        "type": "Opening 1",
        "correctCount": 86,
        "activePlayers": 206,
        "startSample": 24,
        "videoLength": 88.54,
        "linkWebm": "https://files.catbox.moe/ztv4br.webm",
        "linkMP3": "https://files.catbox.moe/ooen19.mp3"
    },
    {
        "songNumber": 41,
        "animeEnglish": "The Eden of Grisaia",
        "animeRomaji": "Grisaia no Rakuen",
        "songName": "Setsuna no Kajitsu",
        "artist": "Maon Kurosaki",
        "type": "Opening 1",
        "correctCount": 73,
        "activePlayers": 205,
        "startSample": 47,
        "videoLength": 88.9,
        "linkWebm": "https://files.catbox.moe/ol000u.webm",
        "linkMP3": "https://files.catbox.moe/tfjhr2.mp3"
    },
    {
        "songNumber": 42,
        "animeEnglish": "10 Little Gall Force",
        "animeRomaji": "10 Little Gall Force",
        "songName": "Sugao no Spy-tachi",
        "artist": "GALL FORCE ETERNAL BAND",
        "type": "Ending 1",
        "correctCount": 0,
        "activePlayers": 204,
        "startSample": 104,
        "videoLength": 180.82,
        "linkWebm": "https://files.catbox.moe/eiz7yz.webm",
        "linkMP3": "https://files.catbox.moe/4ual9k.mp3"
    },
    {
        "songNumber": 43,
        "animeEnglish": "Gegege no Kitar\u014d: Saiky\u014d Y\u014dkai Gundan! Nihon J\u014driku!!",
        "animeRomaji": "Gegege no Kitar\u014d: Saiky\u014d Y\u014dkai Gundan! Nihon J\u014driku!!",
        "songName": "Gegege no Kitaro",
        "artist": "Ikuzo Yoshi",
        "type": "Opening 1",
        "correctCount": 186,
        "activePlayers": 205,
        "startSample": 29,
        "videoLength": 87.5,
        "linkWebm": "https://files.catbox.moe/c145n1.webm",
        "linkMP3": "https://files.catbox.moe/xxc15n.mp3"
    },
    {
        "songNumber": 44,
        "animeEnglish": "Cybersix",
        "animeRomaji": "Cybersix",
        "songName": "As the Rain Falls on the Mountains",
        "artist": "Coral Egan",
        "type": "Ending 1",
        "correctCount": 2,
        "activePlayers": 203,
        "startSample": 0,
        "videoLength": 30,
        "linkWebm": "https://files.catbox.moe/b5v3ca.webm",
        "linkMP3": "https://files.catbox.moe/e9af3g.mp3"
    },
    {
        "songNumber": 45,
        "animeEnglish": "Arata The Legend",
        "animeRomaji": "Arata Kangatari",
        "songName": "The Misfit Go",
        "artist": "OLDCODEX",
        "type": "Ending 1",
        "correctCount": 14,
        "activePlayers": 203,
        "startSample": 46,
        "videoLength": 87.36,
        "linkWebm": "https://files.catbox.moe/5l2q9r.webm",
        "linkMP3": "https://files.catbox.moe/1o35ca.mp3"
    },
    {
        "songNumber": 46,
        "animeEnglish": "Anima Yell!",
        "animeRomaji": "Anima Yell!",
        "songName": "Jump Up \u2191 Yell!!",
        "artist": "Kaminoki K\u014dk\u014d Cheerleading-bu",
        "type": "Opening 1",
        "correctCount": 81,
        "activePlayers": 204,
        "startSample": 11,
        "videoLength": 89.33,
        "linkWebm": "https://files.catbox.moe/sex8ek.webm",
        "linkMP3": "https://files.catbox.moe/0qzoxr.mp3"
    },
    {
        "songNumber": 47,
        "animeEnglish": "Hatena Illusion",
        "animeRomaji": "Hatena Illusion",
        "songName": "Magic Words",
        "artist": "Liyuu",
        "type": "Opening 1",
        "correctCount": 39,
        "activePlayers": 204,
        "startSample": 55,
        "videoLength": 89.78,
        "linkWebm": "https://files.catbox.moe/tzweol.webm",
        "linkMP3": "https://files.catbox.moe/h3z4zo.mp3"
    },
    {
        "songNumber": 48,
        "animeEnglish": "Steins;Gate: The Movie - Load Region of D\u00e9j\u00e0 Vu",
        "animeRomaji": "Steins;Gate Fuka Ry\u014diki no D\u00e9j\u00e0 vu",
        "songName": "Itsumo Kono Basho de",
        "artist": "Ayane",
        "type": "Ending 1",
        "correctCount": 60,
        "activePlayers": 204,
        "startSample": 19,
        "videoLength": 192.94,
        "linkWebm": "https://files.catbox.moe/ixutri.webm",
        "linkMP3": "https://files.catbox.moe/xdespo.mp3"
    },
    {
        "songNumber": 49,
        "animeEnglish": "Fairy gone",
        "animeRomaji": "Fairy gone",
        "songName": "Rodeo",
        "artist": "(K)NoW_NAME:AIJ",
        "type": "Insert Song",
        "correctCount": 28,
        "activePlayers": 203,
        "startSample": 71,
        "videoLength": 130.03,
        "linkWebm": "https://files.catbox.moe/g24s35.webm",
        "linkMP3": "https://files.catbox.moe/virjkj.mp3"
    },
    {
        "songNumber": 50,
        "animeEnglish": "Sound! Euphonium",
        "animeRomaji": "Hibike! Euphonium",
        "songName": "Tutti!",
        "artist": "Kitauji Quartet",
        "type": "Ending 1",
        "correctCount": 83,
        "activePlayers": 204,
        "startSample": 47,
        "videoLength": 89.36,
        "linkWebm": "https://files.catbox.moe/wa9l7b.webm",
        "linkMP3": "https://files.catbox.moe/axl4fg.mp3"
    },
    {
        "songNumber": 51,
        "animeEnglish": "Squid Girl",
        "animeRomaji": "Shinryaku! Ika Musume",
        "songName": "Shinryaku no Susume",
        "artist": "ULTRA-PRISM with Ika Musume",
        "type": "Opening 1",
        "correctCount": 95,
        "activePlayers": 204,
        "startSample": 54,
        "videoLength": 89.04,
        "linkWebm": "https://files.catbox.moe/t4exn3.webm",
        "linkMP3": "https://files.catbox.moe/jj5la2.mp3"
    },
    {
        "songNumber": 52,
        "animeEnglish": "Sword Art Online: Alicization - War of Underworld",
        "animeRomaji": "Sword Art Online: Alicization - War of Underworld",
        "songName": "unlasting",
        "artist": "LiSA",
        "type": "Ending 1",
        "correctCount": 124,
        "activePlayers": 203,
        "startSample": 3,
        "videoLength": 88.87,
        "linkWebm": "https://files.catbox.moe/vws1da.webm",
        "linkMP3": "https://files.catbox.moe/d4tm9f.mp3"
    },
    {
        "songNumber": 53,
        "animeEnglish": "Akame ga KILL!",
        "animeRomaji": "Akame ga KILL!",
        "songName": "Liar Mask",
        "artist": "Rika Mayama",
        "type": "Opening 2",
        "correctCount": 132,
        "activePlayers": 203,
        "startSample": 37,
        "videoLength": 90.01,
        "linkWebm": "https://files.catbox.moe/wpylb5.webm",
        "linkMP3": "https://files.catbox.moe/qvf0y9.mp3"
    },
    {
        "songNumber": 54,
        "animeEnglish": "Case Closed",
        "animeRomaji": "Meitantei Conan",
        "songName": "Kimi ga Ireba",
        "artist": "Iori",
        "type": "Insert Song",
        "correctCount": 91,
        "activePlayers": 203,
        "startSample": 34,
        "videoLength": 73.08,
        "linkWebm": "https://files.catbox.moe/n8t3n0.webm",
        "linkMP3": "https://files.catbox.moe/pfm913.mp3"
    },
    {
        "songNumber": 55,
        "animeEnglish": "Air",
        "animeRomaji": "Air",
        "songName": "Tori no Uta",
        "artist": "Lia",
        "type": "Opening 1",
        "correctCount": 140,
        "activePlayers": 203,
        "startSample": 28,
        "videoLength": 89.14,
        "linkWebm": "https://files.catbox.moe/22u19d.webm",
        "linkMP3": "https://files.catbox.moe/34rfwb.mp3"
    },
    {
        "songNumber": 56,
        "animeEnglish": "Magical Shopping Arcade Abenobashi",
        "animeRomaji": "Abenobashi Mah\u014d\u2606Sh\u014dtengai",
        "songName": "Anata no Kokoro ni",
        "artist": "Megumi Hayashibara",
        "type": "Ending 1",
        "correctCount": 23,
        "activePlayers": 203,
        "startSample": 19,
        "videoLength": 89.71,
        "linkWebm": "https://files.catbox.moe/i04dc7.webm",
        "linkMP3": "https://files.catbox.moe/w6j7hz.mp3"
    },
    {
        "songNumber": 57,
        "animeEnglish": "Aikatsu!",
        "animeRomaji": "Aikatsu!",
        "songName": "Calendar Girl",
        "artist": "Waka\u30fbFuuri\u30fbSunao\u30fbRemi\u30fbMoe from STAR\u2606ANIS",
        "type": "Insert Song",
        "correctCount": 102,
        "activePlayers": 203,
        "startSample": 62,
        "videoLength": 104.21,
        "linkWebm": "https://files.catbox.moe/gjl7k5.webm",
        "linkMP3": "https://files.catbox.moe/z3b7sc.mp3"
    },
    {
        "songNumber": 58,
        "animeEnglish": "Minami-ke: Seconds",
        "animeRomaji": "Minami-ke: Okawari",
        "songName": "Sono Koe ga Kiki Takute",
        "artist": "Rina Satou, Marina Inoue & Minori Chihara",
        "type": "Ending 1",
        "correctCount": 10,
        "activePlayers": 203,
        "startSample": 55,
        "videoLength": 89.35,
        "linkWebm": "https://files.catbox.moe/hc2ur0.webm",
        "linkMP3": "https://files.catbox.moe/j1sgul.mp3"
    },
    {
        "songNumber": 59,
        "animeEnglish": "Naniiro no Nani",
        "animeRomaji": "Naniiro no Nani",
        "songName": "Atesaki Fumei to Saihaitatsu",
        "artist": "Kuusou Iinkai",
        "type": "Insert Song",
        "correctCount": 0,
        "activePlayers": 202,
        "startSample": 14,
        "videoLength": 98.42,
        "linkWebm": "https://files.catbox.moe/h6bxkp.webm",
        "linkMP3": "https://files.catbox.moe/x9krvf.mp3"
    },
    {
        "songNumber": 60,
        "animeEnglish": "High School DxD BorN",
        "animeRomaji": "High School DxD BorN",
        "songName": "Oppai Dragon no Uta",
        "artist": "Yuki Kaji",
        "type": "Ending 2",
        "correctCount": 132,
        "activePlayers": 202,
        "startSample": 46,
        "videoLength": 169.42,
        "linkWebm": "https://files.catbox.moe/ztleuy.webm",
        "linkMP3": "https://files.catbox.moe/cxqy3n.mp3"
    },
    {
        "songNumber": 61,
        "animeEnglish": "Super Mario Brothers: Great Mission to Rescue Princess Peach",
        "animeRomaji": "Super Mario Brothers: Peach-hime Kyuushutsu Daisakusen",
        "songName": "Doki Doki Do it! ~Bishi tto Bashi tto Rock'n Roll Gakk\u014d-hen",
        "artist": "Mirai D\u014dji",
        "type": "Opening 1",
        "correctCount": 10,
        "activePlayers": 202,
        "startSample": 26,
        "videoLength": 72.01,
        "linkWebm": "https://files.catbox.moe/9c0slx.webm",
        "linkMP3": null
    },
    {
        "songNumber": 62,
        "animeEnglish": "Samurai Girl Real Bout High School",
        "animeRomaji": "Samurai Girl Real Bout High School",
        "songName": "Aoi Shumatsu",
        "artist": "Ikue Kimura",
        "type": "Opening 1",
        "correctCount": 3,
        "activePlayers": 202,
        "startSample": 37,
        "videoLength": 88.25,
        "linkWebm": "https://files.catbox.moe/pndi6y.webm",
        "linkMP3": "https://files.catbox.moe/wc0upz.mp3"
    },
    {
        "songNumber": 63,
        "animeEnglish": "His and Her Circumstances",
        "animeRomaji": "Kareshi Kanojo no Jijou",
        "songName": "Y\u014dkai Ningen Bem",
        "artist": "Yukinon's",
        "type": "Insert Song",
        "correctCount": 38,
        "activePlayers": 201,
        "startSample": 0,
        "videoLength": 29.78,
        "linkWebm": "https://files.catbox.moe/nsthso.webm",
        "linkMP3": "https://files.catbox.moe/yn7q18.mp3"
    },
    {
        "songNumber": 64,
        "animeEnglish": "Senki Zessh\u014d Symphogear GX",
        "animeRomaji": "Senki Zessh\u014d Symphogear GX",
        "songName": "Genkai Toppa G-beat(IGNITED arrangement)",
        "artist": "Aoi Y\u016bki",
        "type": "Insert Song",
        "correctCount": 44,
        "activePlayers": 202,
        "startSample": 28,
        "videoLength": 62.04,
        "linkWebm": "https://files.catbox.moe/38un2y.webm",
        "linkMP3": "https://files.catbox.moe/c02rno.mp3"
    },
    {
        "songNumber": 65,
        "animeEnglish": "March comes in like a lion",
        "animeRomaji": "3-gatsu no Lion",
        "songName": "Nyaa Shougi Ondo",
        "artist": "Kana Hanazawa, Ai Kayano, Misaki Kuno",
        "type": "Ending 2",
        "correctCount": 102,
        "activePlayers": 201,
        "startSample": 43,
        "videoLength": 90.02,
        "linkWebm": "https://animethemes.moe/video/SangatsuNoLion-ED2.webm",
        "linkMP3": "https://files.catbox.moe/tnpkdc.mp3"
    },
    {
        "songNumber": 66,
        "animeEnglish": "Beyond the Boundary -I'LL BE HERE- Past",
        "animeRomaji": "Gekij\u014dban Ky\u014dkai no Kanata -I'll Be Here- Kako-hen",
        "songName": "Ai Yue ni",
        "artist": "Annabel",
        "type": "Insert Song",
        "correctCount": 13,
        "activePlayers": 202,
        "startSample": 23,
        "videoLength": 93.53,
        "linkWebm": "https://files.catbox.moe/pepomw.webm",
        "linkMP3": "https://files.catbox.moe/711sus.mp3"
    },
    {
        "songNumber": 67,
        "animeEnglish": "The Pet Girl of Sakurasou",
        "animeRomaji": "Sakuras\u014d no Pet na Kanojo",
        "songName": "Kyou no Hi wa Sayounara",
        "artist": "Suimei Koukou Seito Ichidou",
        "type": "Ending 3",
        "correctCount": 94,
        "activePlayers": 200,
        "startSample": 20,
        "videoLength": 133.68,
        "linkWebm": "https://files.catbox.moe/ylxhpv.webm",
        "linkMP3": "https://files.catbox.moe/v3l3et.mp3"
    },
    {
        "songNumber": 68,
        "animeEnglish": "Fate/Grand Order Absolute Demonic Front: Babylonia",
        "animeRomaji": "Fate/Grand Order: Zettai Maj\u016b Sensen Babylonia",
        "songName": "Prover",
        "artist": "milet",
        "type": "Ending 2",
        "correctCount": 72,
        "activePlayers": 200,
        "startSample": 55,
        "videoLength": 89.16,
        "linkWebm": "https://files.catbox.moe/5ofcut.webm",
        "linkMP3": "https://files.catbox.moe/ipeor1.mp3"
    },
    {
        "songNumber": 69,
        "animeEnglish": "Rilu Rilu Fairilu: Y\u014dsei no Door",
        "animeRomaji": "Rilu Rilu Fairilu: Y\u014dsei no Door",
        "songName": "Brand New Days",
        "artist": "Apink",
        "type": "Opening 1",
        "correctCount": 11,
        "activePlayers": 200,
        "startSample": 33,
        "videoLength": 88.48,
        "linkWebm": "https://files.catbox.moe/3p1sbx.webm",
        "linkMP3": "https://files.catbox.moe/7d1ai3.mp3"
    },
    {
        "songNumber": 70,
        "animeEnglish": "\u0113lDLIVE",
        "animeRomaji": "\u0113lDLIVE",
        "songName": "Our sympathy",
        "artist": "+\u03b1/Alfakyun.",
        "type": "Opening 1",
        "correctCount": 17,
        "activePlayers": 199,
        "startSample": 4,
        "videoLength": 89.04,
        "linkWebm": "https://files.catbox.moe/fsftw0.webm",
        "linkMP3": "https://files.catbox.moe/sjqr01.mp3"
    },
    {
        "songNumber": 71,
        "animeEnglish": "Pok\u00e9mon: Lucario and the Mystery of Mew",
        "animeRomaji": "Pocket Monsters Advance Generation - Mew to Had\u014d no Y\u016bsha Lucario",
        "songName": "Unbeatable",
        "artist": "David Rolfe",
        "type": "Opening 1",
        "correctCount": 92,
        "activePlayers": 200,
        "startSample": 35,
        "videoLength": 135.12,
        "linkWebm": "https://files.catbox.moe/jpp2ib.webm",
        "linkMP3": "https://files.catbox.moe/cdr6zv.mp3"
    },
    {
        "songNumber": 72,
        "animeEnglish": "Initial D: Third Stage",
        "animeRomaji": "Initial D: Third Stage",
        "songName": "KISS ME GOODBYE",
        "artist": "MICHAEL BEAT",
        "type": "Insert Song",
        "correctCount": 6,
        "activePlayers": 199,
        "startSample": 113,
        "videoLength": 172.54,
        "linkWebm": "https://files.catbox.moe/kdsc5m.webm",
        "linkMP3": "https://files.catbox.moe/1pk8yh.mp3"
    },
    {
        "songNumber": 73,
        "animeEnglish": "xxxHOLiC the Movie: A Midsummer Night's Dream",
        "animeRomaji": "Gekij\u014dban xxxHOLiC - Manatsu no Yoru no Yume",
        "songName": "Sanagi ~theme from xxxHOLiC the movie~",
        "artist": "Shikao Suga",
        "type": "Ending 1",
        "correctCount": 25,
        "activePlayers": 199,
        "startSample": 102,
        "videoLength": 241.49,
        "linkWebm": "https://files.catbox.moe/e9jmm0.webm",
        "linkMP3": "https://files.catbox.moe/6tmz5y.mp3"
    },
    {
        "songNumber": 74,
        "animeEnglish": "The iDOLM@STER SideM: 315 Variety Pack! Made In Passion!",
        "animeRomaji": "The iDOLM@STER SideM: 315 Variety Pack! Made In Passion!",
        "songName": "315 Steelo!",
        "artist": "Shugo Nakamura, Shun Horie, Tomohito Takatsuka, Sho Nogami, Yoshitaka Yamaya, Kent It\u014d, Yusuke Shirai, Junya Enoki",
        "type": "Insert Song",
        "correctCount": 3,
        "activePlayers": 199,
        "startSample": 9,
        "videoLength": 91.15,
        "linkWebm": "https://files.catbox.moe/c5arsh.webm",
        "linkMP3": "https://files.catbox.moe/yo1ktn.mp3"
    },
    {
        "songNumber": 75,
        "animeEnglish": "Cells at Work! Kaze Sh\u014dk\u014dgun",
        "animeRomaji": "Cells at Work! Kaze Sh\u014dk\u014dgun",
        "songName": "Mission! Ken - K\u014d - Dai - Ichi",
        "artist": "Kana Hanazawa, Tomoaki Maeno, Daisuke Ono, Kikuko Inoue",
        "type": "Opening 1",
        "correctCount": 166,
        "activePlayers": 197,
        "startSample": 50,
        "videoLength": 89.44,
        "linkWebm": "https://files.catbox.moe/45fnex.webm",
        "linkMP3": "https://files.catbox.moe/wo666x.mp3"
    }
]