[
    {
        "animeEng": "Actually, I Am\u2026",
        "animeRomaji": "Jitsu wa Watashi wa",
        "songName": "Himitsu o Ch\u014ddai",
        "artist": "Ars Magna",
        "type": "Opening 1",
        "correctCount": 70,
        "startTime": 12,
        "songDuration": 89.064,
        "songNumber": 1,
        "activePlayerCount": 235,
        "LinkVideo": "https://files.catbox.moe/5kntui.webm",
        "LinkMp3": "https://files.catbox.moe/4hjgb8.mp3"
    },
    {
        "animeEng": "Dog & Scissors",
        "animeRomaji": "Inu to Hasami wa Tsukaiy\u014d",
        "songName": "Wan Wan Wan Wan N_1!!",
        "artist": "Inu Musume Club",
        "type": "Ending 2",
        "correctCount": 57,
        "startTime": 12,
        "songDuration": 86.496,
        "songNumber": 2,
        "activePlayerCount": 233,
        "LinkVideo": "https://files.catbox.moe/6tq376.webm",
        "LinkMp3": "https://files.catbox.moe/zmubmv.mp3"
    },
    {
        "animeEng": "Phi Brain - Puzzle of God",
        "animeRomaji": "Phi-Brain - Kami no Puzzle",
        "songName": "Brain Diver",
        "artist": "May'n",
        "type": "Opening 1",
        "correctCount": 52,
        "startTime": 26,
        "songDuration": 88.992,
        "songNumber": 3,
        "activePlayerCount": 232,
        "LinkVideo": "https://files.catbox.moe/1fonmd.webm",
        "LinkMp3": "https://files.catbox.moe/jlssml.mp3"
    },
    {
        "animeEng": "Panda! Go, Panda!: Rainy Day Circus",
        "animeRomaji": "Panda-Kopanda: Amefuri Circus no Maki",
        "songName": "Mimi-chan to Panda Kopanda",
        "artist": "Ado Mizumori",
        "type": "Opening 1",
        "correctCount": 191,
        "startTime": 58,
        "songDuration": 113.832,
        "songNumber": 4,
        "activePlayerCount": 231,
        "LinkVideo": "https://files.catbox.moe/ig8lcn.webm",
        "LinkMp3": "https://files.catbox.moe/yawetr.mp3"
    },
    {
        "animeEng": "Fate/Grand Order: First Order",
        "animeRomaji": "Fate/Grand Order: First Order",
        "songName": "Shikisai",
        "artist": "Maaya Sakamoto",
        "type": "Ending 1",
        "correctCount": 65,
        "startTime": 53,
        "songDuration": 87.048,
        "songNumber": 5,
        "activePlayerCount": 231,
        "LinkVideo": "https://files.catbox.moe/zssru6.webm",
        "LinkMp3": "https://files.catbox.moe/acwqjp.mp3"
    },
    {
        "animeEng": "Food Wars! The Third Plate",
        "animeRomaji": "Shokugeki no S\u014dma: San no Sara",
        "songName": "Symbol",
        "artist": "Luck Life",
        "type": "Opening 1",
        "correctCount": 134,
        "startTime": 44,
        "songDuration": 87.96,
        "songNumber": 6,
        "activePlayerCount": 229,
        "LinkVideo": "https://files.catbox.moe/f1l8l8.webm",
        "LinkMp3": "https://files.catbox.moe/z7eldw.mp3"
    },
    {
        "animeEng": "Gegege no Kitar\u014d: Daikaij\u016b",
        "animeRomaji": "Gegege no Kitar\u014d: Daikaij\u016b",
        "songName": "Gegege no Kitar\u014d",
        "artist": "Ukadan",
        "type": "Opening 1",
        "correctCount": 199,
        "startTime": 26,
        "songDuration": 93.144,
        "songNumber": 7,
        "activePlayerCount": 228,
        "LinkVideo": "https://files.catbox.moe/0whl6d.webm",
        "LinkMp3": "https://files.catbox.moe/83f6ze.mp3"
    },
    {
        "animeEng": "Ensemble Stars!",
        "animeRomaji": "EnStars",
        "songName": "ONLY YOUR STARS!",
        "artist": "Trickstar",
        "type": "Insert Song",
        "correctCount": 60,
        "startTime": 32,
        "songDuration": 157.344,
        "songNumber": 8,
        "activePlayerCount": 228,
        "LinkVideo": "https://files.catbox.moe/6h8g36.webm",
        "LinkMp3": "https://files.catbox.moe/fmhtxz.mp3"
    },
    {
        "animeEng": "GTO: Great Teacher Onizuka",
        "animeRomaji": "GTO: Great Teacher Onizuka",
        "songName": "Driver's High",
        "artist": "L'Arc~en~Ciel",
        "type": "Opening 1",
        "correctCount": 122,
        "startTime": 17,
        "songDuration": 96.432,
        "songNumber": 9,
        "activePlayerCount": 228,
        "LinkVideo": "",
        "LinkMp3": "https://files.catbox.moe/8r4nq8.mp3"
    },
    {
        "animeEng": "Brothers Conflict",
        "animeRomaji": "BroCon",
        "songName": "Na mo Naki Hoshi ~Silent Stars~",
        "artist": "Gero",
        "type": "Insert Song",
        "correctCount": 15,
        "startTime": 10,
        "songDuration": 50.064,
        "songNumber": 10,
        "activePlayerCount": 224,
        "LinkVideo": "https://files.catbox.moe/gjag23.webm",
        "LinkMp3": "https://files.catbox.moe/ccl532.mp3"
    },
    {
        "animeEng": "Macross 7 Encore",
        "animeRomaji": "Macross 7 Encore",
        "songName": "SEVENTH MOON",
        "artist": "Fire Bomber",
        "type": "Opening 1",
        "correctCount": 55,
        "startTime": 35,
        "songDuration": 88.704,
        "songNumber": 11,
        "activePlayerCount": 225,
        "LinkVideo": "https://files.catbox.moe/q41829.webm",
        "LinkMp3": "https://files.catbox.moe/9civk4.mp3"
    },
    {
        "animeEng": "Eiga Crayon Shin-chan: Ora no Hikkoshi Monogatari ~Saboten Daish\u016bgeki",
        "animeRomaji": "Eiga Crayon Shin-chan: Ora no Hikkoshi Monogatari ~Saboten Daish\u016bgeki",
        "songName": "Aishite, Amigo",
        "artist": "Daisuke Namikawa",
        "type": "Insert Song",
        "correctCount": 0,
        "startTime": 26,
        "songDuration": 81.216,
        "songNumber": 12,
        "activePlayerCount": 225,
        "LinkVideo": "https://files.catbox.moe/9hvjtn.webm",
        "LinkMp3": "https://files.catbox.moe/rnmn5d.mp3"
    },
    {
        "animeEng": "Monsuno",
        "animeRomaji": "J\u016bsen Battle Monsuno",
        "songName": "Jounetsu ELEMENT",
        "artist": "SV Tribe",
        "type": "Ending 1",
        "correctCount": 0,
        "startTime": 11,
        "songDuration": 59.856,
        "songNumber": 13,
        "activePlayerCount": 225,
        "LinkVideo": "https://files.catbox.moe/ho1zk0.webm",
        "LinkMp3": "https://files.catbox.moe/p4mq56.mp3"
    },
    {
        "animeEng": "Dance with Devils: Fortuna",
        "animeRomaji": "Dance with Devils: Fortuna",
        "songName": "Renbin Youranka",
        "artist": "Daisuke Hirakawa",
        "type": "Insert Song",
        "correctCount": 42,
        "startTime": 6,
        "songDuration": 90.216,
        "songNumber": 14,
        "activePlayerCount": 224,
        "LinkVideo": "https://files.catbox.moe/aq2do1.webm",
        "LinkMp3": "https://files.catbox.moe/52234f.mp3"
    },
    {
        "animeEng": "PriPara",
        "animeRomaji": "PriPara",
        "songName": "Make it!",
        "artist": "SAINTS+SoLaMiDressing",
        "type": "Insert Song",
        "correctCount": 48,
        "startTime": 0,
        "songDuration": 23.736,
        "songNumber": 15,
        "activePlayerCount": 224,
        "LinkVideo": "https://files.catbox.moe/byypk8.webm",
        "LinkMp3": "https://files.catbox.moe/1ja0i5.mp3"
    },
    {
        "animeEng": "Flame of Recca",
        "animeRomaji": "Recca no Honoo",
        "songName": "Nanka Shiawase",
        "artist": "the OYSTARS",
        "type": "Opening 1",
        "correctCount": 18,
        "startTime": 4,
        "songDuration": 82.992,
        "songNumber": 16,
        "activePlayerCount": 224,
        "LinkVideo": "https://files.catbox.moe/sis5r9.webm",
        "LinkMp3": "https://files.catbox.moe/swb7pf.mp3"
    },
    {
        "animeEng": "Case Closed",
        "animeRomaji": "Meitantei Conan",
        "songName": "Glorious Mind",
        "artist": "ZARD",
        "type": "Opening 21",
        "correctCount": 62,
        "startTime": 63,
        "songDuration": 98.976,
        "songNumber": 17,
        "activePlayerCount": 224,
        "LinkVideo": "https://files.catbox.moe/skn2ja.webm",
        "LinkMp3": "https://files.catbox.moe/s6dpqr.mp3"
    },
    {
        "animeEng": "Pretty Guardian Sailor Moon Crystal",
        "animeRomaji": "Bish\u014djo Senshi Sailor Moon Crystal",
        "songName": "MOON PRIDE!",
        "artist": "Momoiro Clover Z",
        "type": "Opening 1",
        "correctCount": 67,
        "startTime": 39,
        "songDuration": 86.016,
        "songNumber": 18,
        "activePlayerCount": 224,
        "LinkVideo": "https://files.catbox.moe/xtsqly.webm",
        "LinkMp3": "https://files.catbox.moe/eei3gq.mp3"
    },
    {
        "animeEng": "Battle Spirits: Brave",
        "animeRomaji": "Battle Spirits: Brave",
        "songName": "Netsuretsu ANSWER",
        "artist": "Daisuke Ono",
        "type": "Ending 1",
        "correctCount": 2,
        "startTime": 17,
        "songDuration": 88.527458,
        "songNumber": 19,
        "activePlayerCount": 224,
        "LinkVideo": "https://files.catbox.moe/mzxj47.webm",
        "LinkMp3": "https://files.catbox.moe/80z984.mp3",
        "correctPlayers": [
            "Ermeson16",
            "Bthen13"
        ]
    },
    {
        "animeEng": "To LOVE-Ru",
        "animeRomaji": "To LOVE-Ru",
        "songName": "Chantoshite yo Seishun!",
        "artist": "Kana Hanazawa",
        "type": "Insert Song",
        "correctCount": 25,
        "startTime": 19,
        "songDuration": 77.568,
        "songNumber": 20,
        "activePlayerCount": 222,
        "LinkVideo": "https://files.catbox.moe/sjcwzo.webm",
        "LinkMp3": "https://files.catbox.moe/djwd8c.mp3"
    },
    {
        "animeEng": "Blue Spring Ride",
        "animeRomaji": "Ao Haru Ride",
        "songName": "Sekai wa Koi ni Ochiteiru",
        "artist": "CHiCO with HoneyWorks",
        "type": "Opening 1",
        "correctCount": 132,
        "startTime": 17,
        "songDuration": 88.944,
        "songNumber": 21,
        "activePlayerCount": 220,
        "LinkVideo": "https://animethemes.moe/video/AoHaruRide-OP1.webm",
        "LinkMp3": "https://files.catbox.moe/anpnj2.mp3"
    },
    {
        "animeEng": "Gunbuster",
        "animeRomaji": "Gunbuster",
        "songName": "Active Heart",
        "artist": "Noriko Sakai",
        "type": "Ending 2",
        "correctCount": 40,
        "startTime": 44,
        "songDuration": 186.96,
        "songNumber": 22,
        "activePlayerCount": 220,
        "LinkVideo": "https://files.catbox.moe/lqmot5.webm",
        "LinkMp3": "https://files.catbox.moe/b75ye9.mp3"
    },
    {
        "animeEng": "Koro Teacher Quest!",
        "animeRomaji": "Koro Sensei Quest!",
        "songName": "Seishun Satsubatsu-ron (8-bit Remix)",
        "artist": "3-nen E-gumi Utatan",
        "type": "Ending 1",
        "correctCount": 117,
        "startTime": 2,
        "songDuration": 58.12145,
        "songNumber": 23,
        "activePlayerCount": 220,
        "LinkVideo": "https://files.catbox.moe/tl6cxa.webm",
        "LinkMp3": "https://files.catbox.moe/ailhdq.mp3"
    },
    {
        "animeEng": "AKB0048 next stage",
        "animeRomaji": "AKB0048 Second Stage",
        "songName": "Korogaru Ishi ni Nare",
        "artist": "AKB48",
        "type": "Insert Song",
        "correctCount": 55,
        "startTime": 20,
        "songDuration": 129.048,
        "songNumber": 24,
        "activePlayerCount": 220,
        "LinkVideo": "https://files.catbox.moe/3itrpj.webm",
        "LinkMp3": "https://files.catbox.moe/zf8jfr.mp3"
    },
    {
        "animeEng": "Is the order a rabbit?",
        "animeRomaji": "GochiUsa?",
        "songName": "Daydream caf\u00e9",
        "artist": "Petit Rabbit\u2019s",
        "type": "Opening 1",
        "correctCount": 131,
        "startTime": 35,
        "songDuration": 90.096,
        "songNumber": 25,
        "activePlayerCount": 220,
        "LinkVideo": "https://files.catbox.moe/x0pm2g.webm",
        "LinkMp3": "https://files.catbox.moe/u6gpap.mp3"
    },
    {
        "animeEng": "Mobile Suit Gundam Seed MSV Astray",
        "animeRomaji": "Kid\u014d Senshi Gundam Seed MSV Astray",
        "songName": "Zips",
        "artist": "T.M.Revolution",
        "type": "Insert Song",
        "correctCount": 6,
        "startTime": 2,
        "songDuration": 49.104,
        "songNumber": 26,
        "activePlayerCount": 220,
        "LinkVideo": "https://files.catbox.moe/fglcw4.webm",
        "LinkMp3": "https://files.catbox.moe/5463hs.mp3"
    },
    {
        "animeEng": "Isamu the Wilderness Boy",
        "animeRomaji": "K\u014dya no Sh\u014dnen Isamu",
        "songName": "K\u014dya no Sh\u014dnen Isamu",
        "artist": "Vocal Shop",
        "type": "Opening 1",
        "correctCount": 27,
        "startTime": 43,
        "songDuration": 78.88844,
        "songNumber": 27,
        "activePlayerCount": 220,
        "LinkVideo": "https://files.catbox.moe/560dxc.webm",
        "LinkMp3": "https://files.catbox.moe/3u91e2.mp3"
    },
    {
        "animeEng": "Why the Hell Are You Here, Teacher!?",
        "animeRomaji": "Nande Koko ni Sensei ga!?",
        "songName": "Bon\u2661Kyuu\u2661Bon wa Kare no Mono\u2661",
        "artist": "Sumire Uesaka",
        "type": "Opening 1",
        "correctCount": 60,
        "startTime": 30,
        "songDuration": 86.280966,
        "songNumber": 28,
        "activePlayerCount": 219,
        "LinkVideo": "https://files.catbox.moe/0hro0z.webm",
        "LinkMp3": "https://files.catbox.moe/0krutd.mp3"
    },
    {
        "animeEng": "Captain Harlock: Mystery of the Arcadia",
        "animeRomaji": "Uch\u016b Kaizoku Captain Harlock Arcadia Go no Nazo",
        "songName": "Uch\u016b Kaizoku Captain Harlock",
        "artist": "Ichiro Mizuki",
        "type": "Opening 1",
        "correctCount": 13,
        "startTime": 15,
        "songDuration": 69.048,
        "songNumber": 29,
        "activePlayerCount": 219,
        "LinkVideo": "https://files.catbox.moe/20d8ql.webm",
        "LinkMp3": "https://files.catbox.moe/n2qob0.mp3"
    },
    {
        "animeEng": "Happy Lesson Advanced",
        "animeRomaji": "Happy Lesson Advanced",
        "songName": "Radio Jack",
        "artist": "Sleepin' JohnnyFish",
        "type": "Opening 1",
        "correctCount": 8,
        "startTime": 50,
        "songDuration": 89.712,
        "songNumber": 30,
        "activePlayerCount": 219,
        "LinkVideo": "https://files.catbox.moe/nz4ayw.webm",
        "LinkMp3": "https://files.catbox.moe/8v7d1p.mp3"
    },
    {
        "animeEng": "Dragon Ball: Yo! The Return of Son Goku and Friends!!",
        "animeRomaji": "Dragon Ball: Ossu! Kaette Kita Son Goku to Nakamatachi!!",
        "songName": "CHA-LA HEAD-CHA-LA",
        "artist": "Hironobu Kageyama",
        "type": "Opening 1",
        "correctCount": 206,
        "startTime": 55,
        "songDuration": 106.872,
        "songNumber": 31,
        "activePlayerCount": 219,
        "LinkVideo": "https://files.catbox.moe/399exj.webm",
        "LinkMp3": "https://files.catbox.moe/dsdjoz.mp3"
    },
    {
        "animeEng": "Digimon 02: Revenge of Diaboromon",
        "animeRomaji": "Digimon: Diaboromon Strikes Back",
        "songName": "Target ~Akai Sh\u014dgeki~",
        "artist": "Kouji Wada",
        "type": "Insert Song",
        "correctCount": 95,
        "startTime": 2,
        "songDuration": 94.56,
        "songNumber": 32,
        "activePlayerCount": 219,
        "LinkVideo": "https://files.catbox.moe/qa29y6.webm",
        "LinkMp3": "https://files.catbox.moe/ijaxfo.mp3"
    },
    {
        "animeEng": "Kiss\u00d7sis",
        "animeRomaji": "Kiss\u00d7sis",
        "songName": "Futari no \u2665Honey Boy",
        "artist": "Akoriko",
        "type": "Opening 1",
        "correctCount": 74,
        "startTime": 36,
        "songDuration": 89.712,
        "songNumber": 33,
        "activePlayerCount": 218,
        "LinkVideo": "https://files.catbox.moe/ht1ah1.webm",
        "LinkMp3": "https://files.catbox.moe/dyz4dc.mp3"
    },
    {
        "animeEng": "Fruits Basket",
        "animeRomaji": "Fruits Basket",
        "songName": "For Fruits Basket",
        "artist": "Ritsuko Okazaki",
        "type": "Opening 1",
        "correctCount": 90,
        "startTime": 31,
        "songDuration": 78.672,
        "songNumber": 34,
        "activePlayerCount": 216,
        "LinkVideo": "https://files.catbox.moe/u4b397.webm",
        "LinkMp3": "https://files.catbox.moe/jdf7xr.mp3"
    },
    {
        "animeEng": "Grand Blue",
        "animeRomaji": "Grand Blue",
        "songName": "Konpeki no al Fine ~Ni Kenme ni Karaoke ni Haitta Oretachi no Tension Super MAXver.~",
        "artist": "Izu no Kaze",
        "type": "Ending 1",
        "correctCount": 96,
        "startTime": 43,
        "songDuration": 84.984,
        "songNumber": 35,
        "activePlayerCount": 217,
        "LinkVideo": "https://files.catbox.moe/w3k49a.webm",
        "LinkMp3": "https://files.catbox.moe/t162jz.mp3"
    },
    {
        "animeEng": "Overlord",
        "animeRomaji": "Overlord",
        "songName": "L.L.L.",
        "artist": "MYTH & ROID",
        "type": "Ending 1",
        "correctCount": 159,
        "startTime": 18,
        "songDuration": 88.296,
        "songNumber": 36,
        "activePlayerCount": 217,
        "LinkVideo": "https://files.catbox.moe/qkzic0.webm",
        "LinkMp3": "https://files.catbox.moe/ysl2pf.mp3"
    },
    {
        "animeEng": "Fire Force",
        "animeRomaji": "Enen no Sh\u014db\u014dtai",
        "songName": "Inferno",
        "artist": "Mrs. GREEN APPLE",
        "type": "Opening 1",
        "correctCount": 180,
        "startTime": 1,
        "songDuration": 88.893166,
        "songNumber": 37,
        "activePlayerCount": 216,
        "LinkVideo": "https://files.catbox.moe/0ckuav.webm",
        "LinkMp3": "https://files.catbox.moe/8u4b2w.mp3"
    },
    {
        "animeEng": "Macross 7 the Movie: The Galaxy's Calling Me!",
        "animeRomaji": "Gekij\u014dban Macross 7: Ginga ga Ore wo Yondeiru!",
        "songName": "SEVENTH MOON",
        "artist": "Fire Bomber",
        "type": "Opening 1",
        "correctCount": 66,
        "startTime": 18,
        "songDuration": 87.768,
        "songNumber": 38,
        "activePlayerCount": 216,
        "LinkVideo": "https://files.catbox.moe/vbro53.webm",
        "LinkMp3": "https://files.catbox.moe/ifu0g0.mp3"
    },
    {
        "animeEng": "Dream Festival! R",
        "animeRomaji": "Dream Festival! R",
        "songName": "Word!!",
        "artist": "ACE",
        "type": "Insert Song",
        "correctCount": 3,
        "startTime": 50,
        "songDuration": 101.08,
        "songNumber": 39,
        "activePlayerCount": 217,
        "LinkVideo": "https://files.catbox.moe/iaw8i5.webm",
        "correctPlayers": [
            "husahusahusahusa",
            "MahiruTsuyuzaki",
            "Zozo"
        ]
    },
    {
        "animeEng": "Hacka Doll the Animation",
        "animeRomaji": "Hacka Doll the Animation",
        "songName": "Hazy Lazy Doll",
        "artist": "Nanami Yamashita",
        "type": "Ending 4",
        "correctCount": 19,
        "startTime": 0,
        "songDuration": 24.408,
        "songNumber": 40,
        "activePlayerCount": 217,
        "LinkVideo": "https://files.catbox.moe/apr2x4.webm",
        "LinkMp3": "https://files.catbox.moe/hhh0g9.mp3"
    },
    {
        "animeEng": "Romeo and the Black Brothers",
        "animeRomaji": "Romeo no Aoi Sora",
        "songName": "Sora e...",
        "artist": "Hiroko Kasahara",
        "type": "Opening 1",
        "correctCount": 18,
        "startTime": 17,
        "songDuration": 83.06796,
        "songNumber": 41,
        "activePlayerCount": 217,
        "LinkVideo": "https://files.catbox.moe/ql7z8m.webm",
        "LinkMp3": "https://files.catbox.moe/ndvuq9.mp3"
    },
    {
        "animeEng": "Dororo and Hyakkimaru",
        "animeRomaji": "Dororo",
        "songName": "Dororo no Uta",
        "artist": "Toshiko Fujita",
        "type": "Opening 1",
        "correctCount": 130,
        "startTime": 56,
        "songDuration": 98.16,
        "songNumber": 42,
        "activePlayerCount": 217,
        "LinkVideo": "https://files.catbox.moe/4aqi1r.webm",
        "LinkMp3": "https://files.catbox.moe/b1rh0e.mp3"
    },
    {
        "animeEng": "Flying Witch",
        "animeRomaji": "Flying Witch",
        "songName": "Nichij\u014d no Mah\u014d",
        "artist": "Minami Shinoda & Eri Suzuki",
        "type": "Ending 1",
        "correctCount": 27,
        "startTime": 2,
        "songDuration": 89.088,
        "songNumber": 43,
        "activePlayerCount": 216,
        "LinkVideo": "https://openings.moe/video/FlyingWitch-ED01-NCBD.webm",
        "LinkMp3": "https://files.catbox.moe/dwj2t5.mp3"
    },
    {
        "animeEng": "Shiba Inuko-san",
        "animeRomaji": "Shiba Inuko-san",
        "songName": "Shiba Inu Ondo",
        "artist": "Paprika feat. Mikoi Sasaki",
        "type": "Opening 2",
        "correctCount": 7,
        "startTime": 0,
        "songDuration": 27.84,
        "songNumber": 44,
        "activePlayerCount": 217,
        "LinkVideo": "https://files.catbox.moe/b9rled.webm",
        "LinkMp3": "https://files.catbox.moe/vxirm2.mp3"
    },
    {
        "animeEng": "Blue Princess",
        "animeRomaji": "Bosco Daib\u014dken",
        "songName": "Tokimeki wa Forever",
        "artist": "Noriko Hidaka",
        "type": "Opening 1",
        "correctCount": 2,
        "startTime": 3,
        "songDuration": 81.918592,
        "songNumber": 45,
        "activePlayerCount": 217,
        "LinkVideo": "https://files.catbox.moe/5ze394.webm",
        "LinkMp3": "https://files.catbox.moe/7q022u.mp3",
        "correctPlayers": [
            "Z0pp",
            "Aqota"
        ]
    },
    {
        "animeEng": "Go! Princess Pretty Cure the Movie Go! Go!! Gorgeous Triple Feature!!!",
        "animeRomaji": "Eiga Go! Princess Precure Go! Go!! G\u014dka 3-bon Date!!!",
        "songName": "Happy Happening\u266a",
        "artist": "Hinata Uegaki",
        "type": "Insert Song",
        "correctCount": 2,
        "startTime": 52,
        "songDuration": 125.064,
        "songNumber": 46,
        "activePlayerCount": 217,
        "LinkVideo": "https://files.catbox.moe/l1kwcc.webm",
        "LinkMp3": "https://files.catbox.moe/9ov3gx.mp3",
        "correctPlayers": [
            "Zozo",
            "BlitzKuon"
        ]
    },
    {
        "animeEng": "Natsume's Book of Friends",
        "animeRomaji": "Natsume Y\u016bjinch\u014d",
        "songName": "Kimi no Kakera feat. Miyamoto Emiri",
        "artist": "K\u014dsuke Atari",
        "type": "Ending 1",
        "correctCount": 49,
        "startTime": 28,
        "songDuration": 90.068656,
        "songNumber": 47,
        "activePlayerCount": 216,
        "LinkVideo": "https://files.catbox.moe/9dw1qi.webm",
        "LinkMp3": "https://files.catbox.moe/d1e1fm.mp3"
    },
    {
        "animeEng": "Wakaba*Girl",
        "animeRomaji": "Wakaba*Girl",
        "songName": "Hajimete Girls!",
        "artist": "Ray",
        "type": "Opening 1",
        "correctCount": 54,
        "startTime": 34,
        "songDuration": 88.224,
        "songNumber": 48,
        "activePlayerCount": 216,
        "LinkVideo": "https://openings.moe/video/WakabaGirl-OP01-NCBD.webm",
        "LinkMp3": "https://files.catbox.moe/9uyntm.mp3"
    },
    {
        "animeEng": "Wonder Momo",
        "animeRomaji": "Wonder Momo",
        "songName": "Watashi-iro to Kimi no iro",
        "artist": "Anju Inami feat. Tommy Pedrini",
        "type": "Ending 2",
        "correctCount": 9,
        "startTime": 8,
        "songDuration": 59.76,
        "songNumber": 49,
        "activePlayerCount": 215,
        "LinkVideo": "https://files.catbox.moe/0d7jgi.webm",
        "LinkMp3": "https://files.catbox.moe/ojw90g.mp3"
    },
    {
        "animeEng": "Welcome to the NHK",
        "animeRomaji": "NHK ni Y\u014dkoso!",
        "songName": "Odoru Akachan Ningen",
        "artist": "Kenji \u014ctsuki to Fumihiko Kitsutaka",
        "type": "Ending 1",
        "correctCount": 55,
        "startTime": 24,
        "songDuration": 85.2,
        "songNumber": 50,
        "activePlayerCount": 216,
        "LinkVideo": "https://openings.moe/video/NHKNiYoukoso!-ED01-NCBD.webm",
        "LinkMp3": "https://files.catbox.moe/rh8rat.mp3"
    },
    {
        "animeEng": "Ace Attorney",
        "animeRomaji": "Gyakuten Saiban ~Sono \"Shinjitsu\", Igi Ari!~",
        "songName": "Junai Chaos",
        "artist": "Tokyo Performance Doll",
        "type": "Ending 2",
        "correctCount": 8,
        "startTime": 28,
        "songDuration": 89.544,
        "songNumber": 51,
        "activePlayerCount": 216,
        "LinkVideo": "https://files.catbox.moe/1yfulq.webm",
        "LinkMp3": "https://files.catbox.moe/6f7yw7.mp3"
    },
    {
        "animeEng": "Saekano: How to Raise a Boring Girlfriend",
        "animeRomaji": "Saekano: How to Raise a Boring Girlfriend",
        "songName": "M\u266d",
        "artist": "Kiyono Yasuno",
        "type": "Insert Song",
        "correctCount": 52,
        "startTime": 23,
        "songDuration": 85.008,
        "songNumber": 52,
        "activePlayerCount": 216,
        "LinkVideo": "https://files.catbox.moe/491jhc.webm",
        "LinkMp3": "https://files.catbox.moe/9jijbv.mp3"
    },
    {
        "animeEng": "Ch\u00e4oS;HEAd",
        "animeRomaji": "Ch\u00e4oS;HEAd",
        "songName": "F.D.D.",
        "artist": "Kanako It\u014d",
        "type": "Opening 1",
        "correctCount": 105,
        "startTime": 12,
        "songDuration": 89.04,
        "songNumber": 53,
        "activePlayerCount": 216,
        "LinkVideo": "https://files.catbox.moe/c2fdlc.webm",
        "LinkMp3": "https://files.catbox.moe/b62mov.mp3"
    },
    {
        "animeEng": "Hitorijime My Hero",
        "animeRomaji": "Hitorijime My Hero",
        "songName": "Heart Signal",
        "artist": "Wataru Hatano",
        "type": "Opening 1",
        "correctCount": 25,
        "startTime": 34,
        "songDuration": 86.592,
        "songNumber": 54,
        "activePlayerCount": 216,
        "LinkVideo": "https://files.catbox.moe/rb17ek.webm",
        "LinkMp3": "https://files.catbox.moe/bysxej.mp3"
    },
    {
        "animeEng": "Science Fiction Journey to the West Starzinger",
        "animeRomaji": "Science Fiction Saiyuki Starzinger",
        "songName": "Uchuu no Senshi Starzinger",
        "artist": "Isao Sasaki and Kamiyo Youth Chorus",
        "type": "Opening 2",
        "correctCount": 2,
        "startTime": 5,
        "songDuration": 69.12,
        "songNumber": 55,
        "activePlayerCount": 215,
        "LinkVideo": "https://files.catbox.moe/54cl09.webm",
        "LinkMp3": "https://files.catbox.moe/1ske66.mp3",
        "correctPlayers": [
            "Sherkhan",
            "nyamu"
        ]
    },
    {
        "animeEng": "Skilled Teaser Takagi-san",
        "animeRomaji": "Karakai J\u014dzu no Takagi-san",
        "songName": "Iwanai kedo ne.",
        "artist": "Yuiko Ohara",
        "type": "Opening 1",
        "correctCount": 132,
        "startTime": 54,
        "songDuration": 88.824,
        "songNumber": 56,
        "activePlayerCount": 215,
        "LinkVideo": "https://files.catbox.moe/znewez.webm",
        "LinkMp3": "https://files.catbox.moe/z4l636.mp3"
    },
    {
        "animeEng": "Pico ~Boku no Chiisana Natsu Monogatari~",
        "animeRomaji": "Pico ~Boku no Chiisana Natsu Monogatari~",
        "songName": "Koi o Shiy\u014d yo",
        "artist": "Pico",
        "type": "Ending 1",
        "correctCount": 134,
        "startTime": 235,
        "songDuration": 300.576,
        "songNumber": 57,
        "activePlayerCount": 215,
        "LinkVideo": "https://files.catbox.moe/0u05j5.webm",
        "LinkMp3": "https://files.catbox.moe/tlo1ni.mp3"
    },
    {
        "animeEng": "Shakugan no Shana III (Final)",
        "animeRomaji": "Shakugan no Shana III (Final)",
        "songName": "Hishoku no Sora",
        "artist": "Mami Kawada",
        "type": "Insert Song",
        "correctCount": 162,
        "startTime": 57,
        "songDuration": 197.664,
        "songNumber": 58,
        "activePlayerCount": 214,
        "LinkVideo": "https://files.catbox.moe/755yc8.webm",
        "LinkMp3": "https://files.catbox.moe/hn3but.mp3"
    },
    {
        "animeEng": "Sister Princess: Re Pure",
        "animeRomaji": "Sister Princess: Re Pure",
        "songName": "Magie",
        "artist": "Ritsuko Okazaki",
        "type": "Ending 7",
        "correctCount": 1,
        "startTime": 7,
        "songDuration": 90.048,
        "songNumber": 59,
        "activePlayerCount": 214,
        "LinkVideo": "https://files.catbox.moe/jotlhc.webm",
        "LinkMp3": "https://files.catbox.moe/1whsbz.mp3",
        "correctPlayers": [
            "Bthen13"
        ]
    },
    {
        "animeEng": "The Seven Deadly Sins the Movie: Prisoners of the Sky",
        "animeRomaji": "Nanatsu no Taizai: Tenk\u016b no Torawarebito",
        "songName": "Perfect Time",
        "artist": "Mika Kobayashi & mpi",
        "type": "Insert Song",
        "correctCount": 144,
        "startTime": 3,
        "songDuration": 160.824,
        "songNumber": 60,
        "activePlayerCount": 214,
        "LinkVideo": "https://files.catbox.moe/glxjsc.webm",
        "LinkMp3": "https://files.catbox.moe/e8lke4.mp3"
    },
    {
        "animeEng": "PUCHIM@S",
        "animeRomaji": "Puchimas! -Petit Idolm@ster-",
        "songName": "La la la Wonderland",
        "artist": "765PRO ALLSTARS featuring Puchidoru",
        "type": "Ending 4",
        "correctCount": 9,
        "startTime": 12,
        "songDuration": 55.44,
        "songNumber": 61,
        "activePlayerCount": 214,
        "LinkVideo": "https://files.catbox.moe/nq216z.webm",
        "LinkMp3": "https://files.catbox.moe/83tkya.mp3"
    },
    {
        "animeEng": "Akiba's Trip: The Animation",
        "animeRomaji": "Akiba's Trip: The Animation",
        "songName": "Ikken Rakuchaku Go Y\u014djin",
        "artist": "Earphones",
        "type": "Opening 1",
        "correctCount": 85,
        "startTime": 18,
        "songDuration": 89.376,
        "songNumber": 62,
        "activePlayerCount": 214,
        "LinkVideo": "https://files.catbox.moe/erqmuv.webm",
        "LinkMp3": "https://files.catbox.moe/96m078.mp3"
    },
    {
        "animeEng": "Ajin: Demi-Human",
        "animeRomaji": "Ajin",
        "songName": "Koutei no Sumi ni Futari, Kaze ga Fuite Ima Nara Ieru ka na",
        "artist": "CreepHyp",
        "type": "Ending 2",
        "correctCount": 39,
        "startTime": 21,
        "songDuration": 88.536,
        "songNumber": 63,
        "activePlayerCount": 214,
        "LinkVideo": "https://files.catbox.moe/kv2164.webm",
        "LinkMp3": "https://files.catbox.moe/2wca4a.mp3"
    },
    {
        "animeEng": "Free! - Iwatobi Swim Club",
        "animeRomaji": "Free! - Iwatobi Swim Club",
        "songName": "Rage on",
        "artist": "OLDCODEX",
        "type": "Opening 1",
        "correctCount": 108,
        "startTime": 30,
        "songDuration": 91.16578,
        "songNumber": 64,
        "activePlayerCount": 214,
        "LinkVideo": "https://files.catbox.moe/eqcsqg.webm",
        "LinkMp3": "https://files.catbox.moe/di98xo.mp3"
    },
    {
        "animeEng": "Microid S",
        "animeRomaji": "Microid S",
        "songName": "Microid S",
        "artist": "Youngsters",
        "type": "Opening 1",
        "correctCount": 3,
        "startTime": 2,
        "songDuration": 88.896,
        "songNumber": 65,
        "activePlayerCount": 213,
        "LinkVideo": "https://files.catbox.moe/ld521e.webm",
        "LinkMp3": "https://files.catbox.moe/subrrs.mp3",
        "correctPlayers": [
            "nathan5110",
            "Afueru",
            "amenofisxvi"
        ]
    },
    {
        "animeEng": "Gigantor",
        "animeRomaji": "Tetsujin 28",
        "songName": "Tetsujin 28-gou",
        "artist": "Duke Aces",
        "type": "Opening 1",
        "correctCount": 3,
        "startTime": 1,
        "songDuration": 72.044476,
        "songNumber": 66,
        "activePlayerCount": 213,
        "LinkVideo": "https://files.catbox.moe/xxhdy0.webm",
        "LinkMp3": "https://files.catbox.moe/xcyia4.mp3",
        "correctPlayers": [
            "RainGirlz",
            "oh95",
            "watashiii"
        ]
    },
    {
        "animeEng": "Uta no Prince-sama 1000%",
        "animeRomaji": "Uta no\u2606Prince-sama\u266aMaji Love 1000%",
        "songName": "Orion de Shout Out",
        "artist": "Kish\u014d Taniyama",
        "type": "Insert Song",
        "correctCount": 19,
        "startTime": 46,
        "songDuration": 90.912,
        "songNumber": 67,
        "activePlayerCount": 213,
        "LinkVideo": "https://files.catbox.moe/daip55.webm",
        "LinkMp3": "https://files.catbox.moe/9zsfc8.mp3"
    },
    {
        "animeEng": "One Piece Special \u2013 Adventure of Nebulandia",
        "animeRomaji": "One Piece Special \u2013 Adventure of Nebulandia",
        "songName": "Black Make Up",
        "artist": "Namie Amuro",
        "type": "Ending 1",
        "correctCount": 14,
        "startTime": 21,
        "songDuration": 89.885802,
        "songNumber": 68,
        "activePlayerCount": 213,
        "LinkVideo": "https://files.catbox.moe/9ukada.webm",
        "LinkMp3": "https://files.catbox.moe/npdnhs.mp3"
    },
    {
        "animeEng": "The Relative Worlds",
        "animeRomaji": "S\u014dtai Sekai",
        "songName": "VIP KID",
        "artist": "REOL",
        "type": "Opening 1",
        "correctCount": 88,
        "startTime": 1,
        "songDuration": 93.816,
        "songNumber": 69,
        "activePlayerCount": 212,
        "LinkVideo": "https://files.catbox.moe/fnoh0e.webm",
        "LinkMp3": "https://files.catbox.moe/nygcrv.mp3"
    },
    {
        "animeEng": "PERSONA5 the Animation: A Magical Valentine's Day",
        "animeRomaji": "PERSONA5 the Animation: A Magical Valentine's Day",
        "songName": "Calystegia",
        "artist": "Minako Kotobuki",
        "type": "Insert Song",
        "correctCount": 1,
        "startTime": 20,
        "songDuration": 58.416,
        "songNumber": 70,
        "activePlayerCount": 212,
        "LinkVideo": "https://files.catbox.moe/0ctwjx.webm",
        "LinkMp3": "https://files.catbox.moe/sh3jxf.mp3",
        "correctPlayers": [
            "Mystic743"
        ]
    },
    {
        "animeEng": "Tomica Hyper Rescue Drive Head Kid\u014d Ky\u016bky\u016b Keisatsu Movie",
        "animeRomaji": "Tomica Hyper Rescue Drive Head Kid\u014d Ky\u016bky\u016b Keisatsu Movie",
        "songName": "GO!!!",
        "artist": "EBiSSH",
        "type": "Ending 1",
        "correctCount": 1,
        "startTime": 68,
        "songDuration": 228.816,
        "songNumber": 71,
        "activePlayerCount": 211,
        "LinkVideo": "https://files.catbox.moe/5ohmtq.webm",
        "LinkMp3": "https://files.catbox.moe/rg0jya.mp3",
        "correctPlayers": [
            "peelsa"
        ]
    },
    {
        "animeEng": "Afro Samurai: Resurrection",
        "animeRomaji": "Afro Samurai: Resurrection",
        "songName": "COMBAT",
        "artist": "THE RZA",
        "type": "Opening 1",
        "correctCount": 35,
        "startTime": 0,
        "songDuration": 29.424,
        "songNumber": 72,
        "activePlayerCount": 211,
        "LinkVideo": "https://files.catbox.moe/0wgopg.webm",
        "LinkMp3": "https://files.catbox.moe/d64asi.mp3"
    },
    {
        "animeEng": "Ao Oni: The Animation",
        "animeRomaji": "Ao Oni: The Animation",
        "songName": "Kakure Oni",
        "artist": "Akiko Shikata",
        "type": "Ending 1",
        "correctCount": 9,
        "startTime": 151,
        "songDuration": 199.872,
        "songNumber": 73,
        "activePlayerCount": 211,
        "LinkVideo": "https://files.catbox.moe/pse1mr.webm",
        "LinkMp3": "https://files.catbox.moe/waim27.mp3"
    },
    {
        "animeEng": "Persona4 The ANIMATION",
        "animeRomaji": "Persona4 The ANIMATION",
        "songName": "key plus words",
        "artist": "Shihoko Hirata feat. Yumi Kawamura",
        "type": "Opening 4",
        "correctCount": 106,
        "startTime": 35,
        "songDuration": 89.088,
        "songNumber": 74,
        "activePlayerCount": 211,
        "LinkVideo": "https://files.catbox.moe/n1ss8e.webm",
        "LinkMp3": "https://files.catbox.moe/cahsjo.mp3"
    },
    {
        "animeEng": "I'm here! Step Jun",
        "animeRomaji": "Hai Step Jun",
        "songName": "Binkan! Mechanic",
        "artist": "Akiko & Naoko Kobayashi",
        "type": "Opening 1",
        "correctCount": 1,
        "startTime": 24,
        "songDuration": 78.72,
        "songNumber": 75,
        "activePlayerCount": 211,
        "LinkVideo": "https://files.catbox.moe/9sdgke.webm",
        "LinkMp3": "https://files.catbox.moe/jime5z.mp3",
        "correctPlayers": [
            "Hazesleet"
        ]
    }
]