[
    {
        "animeEng": "Berserk: The Golden Age Arc I - The Egg of the King",
        "animeRomaji": "Berserk \u014cgon Jidai-Hen I: Ha\u014d no Tamago",
        "songName": "Aria",
        "artist": "Susumu Hirasawa",
        "type": "Opening 1",
        "correctCount": 98,
        "startTime": 42,
        "songDuration": 93.768,
        "songNumber": 1,
        "activePlayerCount": 169,
        "LinkVideo": "https://files.catbox.moe/mqf8zg.webm",
        "LinkMp3": "https://files.catbox.moe/84yfak.mp3"
    },
    {
        "animeEng": "Pretty Guardian Sailor Moon Crystal",
        "animeRomaji": "Bish\u014djo Senshi Sailor Moon Crystal",
        "songName": "MOON PRIDE!",
        "artist": "Momoiro Clover Z",
        "type": "Opening 1",
        "correctCount": 49,
        "startTime": 37,
        "songDuration": 86.016,
        "songNumber": 2,
        "activePlayerCount": 167,
        "LinkVideo": "https://files.catbox.moe/xtsqly.webm",
        "LinkMp3": "https://files.catbox.moe/eei3gq.mp3"
    },
    {
        "animeEng": "Urusei Yatsura OVA Series",
        "animeRomaji": "Urusei Yatsura OVA Series",
        "songName": "Monotone no Natsu",
        "artist": "Kayoko Matsunaga",
        "type": "Opening 1",
        "correctCount": 0,
        "startTime": 31,
        "songDuration": 121.056,
        "songNumber": 3,
        "activePlayerCount": 167,
        "LinkVideo": "https://files.catbox.moe/1px394.webm",
        "LinkMp3": "https://files.catbox.moe/lrlei3.mp3"
    },
    {
        "animeEng": "Chihayafuru",
        "animeRomaji": "Chihayafuru",
        "songName": "YOUTHFUL",
        "artist": "99RadioService",
        "type": "Opening 1",
        "correctCount": 114,
        "startTime": 11,
        "songDuration": 69.792,
        "songNumber": 4,
        "activePlayerCount": 168,
        "LinkVideo": "https://files.catbox.moe/g3dt77.webm",
        "LinkMp3": "https://files.catbox.moe/rt3mrf.mp3"
    },
    {
        "animeEng": "Hinamatsuri",
        "animeRomaji": "Hinamatsuri",
        "songName": "Sake to Ikura to 893 to Musume",
        "artist": "Yoshiki Nakajima",
        "type": "Ending 1",
        "correctCount": 61,
        "startTime": 50,
        "songDuration": 89.650704,
        "songNumber": 5,
        "activePlayerCount": 168,
        "LinkVideo": "https://files.catbox.moe/5v2c3m.webm",
        "LinkMp3": "https://files.catbox.moe/lyby1s.mp3"
    },
    {
        "animeEng": "Overlord",
        "animeRomaji": "Overlord",
        "songName": "L.L.L.",
        "artist": "MYTH & ROID",
        "type": "Ending 1",
        "correctCount": 129,
        "startTime": 42,
        "songDuration": 88.296,
        "songNumber": 6,
        "activePlayerCount": 168,
        "LinkVideo": "https://files.catbox.moe/qkzic0.webm",
        "LinkMp3": "https://files.catbox.moe/ysl2pf.mp3"
    },
    {
        "animeEng": "Yes! Precure 5: Kagami no Kuni no Miracle Daib\u014dken!",
        "animeRomaji": "Yes! Precure 5: Kagami no Kuni no Miracle Daib\u014dken!",
        "songName": "Precure 5, Smile go go!",
        "artist": "Mayu Kud\u014d",
        "type": "Opening 1",
        "correctCount": 51,
        "startTime": 10,
        "songDuration": 82.968,
        "songNumber": 7,
        "activePlayerCount": 168,
        "LinkVideo": "https://files.catbox.moe/goxo1d.webm",
        "LinkMp3": "https://files.catbox.moe/dosv97.mp3"
    },
    {
        "animeEng": "JoJo's Bizarre Adventure: Golden Wind",
        "animeRomaji": "JoJo no Kimy\u014d na B\u014dken: \u014cgon no Kaze",
        "songName": "Freek'n You",
        "artist": "Jodeci",
        "type": "Ending 1",
        "correctCount": 92,
        "startTime": 28,
        "songDuration": 88.005018,
        "songNumber": 8,
        "activePlayerCount": 167,
        "LinkVideo": "https://files.catbox.moe/1f5xum.webm",
        "LinkMp3": "https://files.catbox.moe/lk5bxv.mp3"
    },
    {
        "animeEng": "Higurashi no Naku Koroni Gaiden Nekogoroshi-hen",
        "animeRomaji": "Higurashi no Naku Koro ni Gaiden Nekogoroshi-hen",
        "songName": "why, or why not",
        "artist": "Hiroyuki Oshima feat. Rekka Katakiri",
        "type": "Ending 1",
        "correctCount": 76,
        "startTime": 52,
        "songDuration": 113.256,
        "songNumber": 9,
        "activePlayerCount": 167,
        "LinkVideo": "https://files.catbox.moe/rltzpm.webm",
        "LinkMp3": "https://files.catbox.moe/ozq3l7.mp3"
    },
    {
        "animeEng": "Puzzle & Dragons",
        "animeRomaji": "PazuDora",
        "songName": "\u25b6\ufe0eSTART",
        "artist": "Mah\u014dsy\u014djo Ni Naritai",
        "type": "Ending 1",
        "correctCount": 5,
        "startTime": 38,
        "songDuration": 88.971532,
        "songNumber": 10,
        "activePlayerCount": 167,
        "LinkVideo": "https://files.catbox.moe/zdf07t.webm",
        "LinkMp3": "https://files.catbox.moe/3hkcs4.mp3",
        "correctPlayers": [
            "klusty",
            "nf1",
            "BlitzKuon",
            "shadowpandax",
            "Anemuru"
        ]
    },
    {
        "animeEng": "Beatless",
        "animeRomaji": "Beatless",
        "songName": "Resonator",
        "artist": "halca",
        "type": "Insert Song",
        "correctCount": 31,
        "startTime": 29,
        "songDuration": 79.872,
        "songNumber": 11,
        "activePlayerCount": 167,
        "LinkVideo": "https://files.catbox.moe/49goce.webm",
        "LinkMp3": "https://files.catbox.moe/dfl6k2.mp3"
    },
    {
        "animeEng": "Katsugeki! T\u014dken Ranbu",
        "animeRomaji": "Katsugeki/Touken Ranbu",
        "songName": "Hyakka Ry\u014dran",
        "artist": "Kalafina",
        "type": "Ending 1",
        "correctCount": 10,
        "startTime": 15,
        "songDuration": 89.448,
        "songNumber": 12,
        "activePlayerCount": 167,
        "LinkVideo": "https://files.catbox.moe/wi6sbp.webm",
        "LinkMp3": "https://files.catbox.moe/51izi2.mp3"
    },
    {
        "animeEng": "Humanity Has Declined",
        "animeRomaji": "Jinrui wa Suitai Shimashita",
        "songName": "Yume no Naka no Watashi no Yume",
        "artist": "Masumi Itou",
        "type": "Ending 1",
        "correctCount": 57,
        "startTime": 23,
        "songDuration": 90.168,
        "songNumber": 13,
        "activePlayerCount": 167,
        "LinkVideo": "https://files.catbox.moe/ehk4os.webm",
        "LinkMp3": "https://files.catbox.moe/6yonnn.mp3"
    },
    {
        "animeEng": "Wake Up, Girls! New Chapter",
        "animeRomaji": "Wake Up, Girls! Shin Sh\u014d",
        "songName": "Aoba Blues",
        "artist": "The Cashew Nut",
        "type": "Insert Song",
        "correctCount": 5,
        "startTime": 2,
        "songDuration": 39.940538,
        "songNumber": 14,
        "activePlayerCount": 166,
        "LinkVideo": "https://files.catbox.moe/p3jbca.webm",
        "LinkMp3": "https://files.catbox.moe/0kun04.mp3",
        "correctPlayers": [
            "Cosmoing",
            "Wolferine",
            "cnet128",
            "BlitzKuon",
            "Foxkou"
        ]
    },
    {
        "animeEng": "Dances with the Dragons",
        "animeRomaji": "Saredo Tsumibito wa Ry\u016b to Odoru",
        "songName": "divine criminal",
        "artist": "fripSide",
        "type": "Opening 1",
        "correctCount": 17,
        "startTime": 21,
        "songDuration": 86.712,
        "songNumber": 15,
        "activePlayerCount": 166,
        "LinkVideo": "https://files.catbox.moe/7sr5z2.webm",
        "LinkMp3": "https://files.catbox.moe/0t5dn9.mp3"
    },
    {
        "animeEng": "Cackling Kitarou",
        "animeRomaji": "Gegege no Kitar\u014d",
        "songName": "Karan Koron no Uta",
        "artist": "Midori Kato",
        "type": "Ending 1",
        "correctCount": 53,
        "startTime": 6,
        "songDuration": 58.968,
        "songNumber": 16,
        "activePlayerCount": 166,
        "LinkVideo": "https://files.catbox.moe/1eexw0.webm",
        "LinkMp3": "https://files.catbox.moe/7ga9nm.mp3"
    },
    {
        "animeEng": "Revolutionary Girl Utena: The Movie",
        "animeRomaji": "Shoujo Kakumei Utena: Adolescence Mokushiroku",
        "songName": "Rondo -revolution",
        "artist": "Masami Okui",
        "type": "Insert Song",
        "correctCount": 41,
        "startTime": 29,
        "songDuration": 88.032,
        "songNumber": 17,
        "activePlayerCount": 166,
        "LinkVideo": "https://files.catbox.moe/1r0m40.webm",
        "LinkMp3": "https://files.catbox.moe/y33j55.mp3"
    },
    {
        "animeEng": "Ajin: Demi-Human",
        "animeRomaji": "Ajin: Sh\u014dtotsu",
        "songName": "innocence",
        "artist": "LAMP IN TERREN",
        "type": "Ending 1",
        "correctCount": 2,
        "startTime": 72,
        "songDuration": 252,
        "songNumber": 18,
        "activePlayerCount": 166,
        "LinkVideo": "https://files.catbox.moe/uay3x2.webm",
        "LinkMp3": "https://files.catbox.moe/mkt6n9.mp3",
        "correctPlayers": [
            "ensorcell",
            "shadowpandax"
        ]
    },
    {
        "animeEng": "Dear Brother",
        "animeRomaji": "Oniisama E...",
        "songName": "Kin no Utsuwa, Gin no Utsuwa",
        "artist": "Satomi Takada",
        "type": "Opening 1",
        "correctCount": 9,
        "startTime": 30,
        "songDuration": 106.344,
        "songNumber": 19,
        "activePlayerCount": 166,
        "LinkVideo": "https://files.catbox.moe/rm9j7s.webm",
        "LinkMp3": "https://files.catbox.moe/4hnz56.mp3"
    },
    {
        "animeEng": "Macross Frontier",
        "animeRomaji": "Macross Frontier",
        "songName": "What 'bout my star?@Formo",
        "artist": "May'n & Megumi Nakajima",
        "type": "Insert Song",
        "correctCount": 39,
        "startTime": 39,
        "songDuration": 83.04,
        "songNumber": 20,
        "activePlayerCount": 166,
        "LinkVideo": "https://files.catbox.moe/sgx215.webm",
        "LinkMp3": "https://files.catbox.moe/edlggs.mp3"
    },
    {
        "animeEng": "Boogiepop and Others",
        "animeRomaji": "Boogiepop wa Warawanai",
        "songName": "Whiteout",
        "artist": "Riko Azuna",
        "type": "Ending 1",
        "correctCount": 55,
        "startTime": 25,
        "songDuration": 90.042534,
        "songNumber": 21,
        "activePlayerCount": 166,
        "LinkVideo": "https://files.catbox.moe/54idyi.webm",
        "LinkMp3": "https://files.catbox.moe/cj7iz2.mp3"
    },
    {
        "animeEng": "D-Frag!",
        "animeRomaji": "D-Frag!",
        "songName": "Stalemate!",
        "artist": "IOSYS jk Girls",
        "type": "Opening 1",
        "correctCount": 90,
        "startTime": 54,
        "songDuration": 89.16,
        "songNumber": 22,
        "activePlayerCount": 166,
        "LinkVideo": "https://files.catbox.moe/g0uohs.webm",
        "LinkMp3": "https://files.catbox.moe/m94wdh.mp3"
    },
    {
        "animeEng": "When They Cry Rei",
        "animeRomaji": "Higurashi no Naku Koro ni Rei",
        "songName": "Super scription of data",
        "artist": "Eiko Shimamiya",
        "type": "Opening 1",
        "correctCount": 62,
        "startTime": 10,
        "songDuration": 91.99425,
        "songNumber": 23,
        "activePlayerCount": 166,
        "LinkVideo": "https://openings.moe/video/HigurashiNoNakuKoroNiRei-OP01-NCOLD.webm",
        "LinkMp3": "https://files.catbox.moe/hotex3.mp3"
    },
    {
        "animeEng": "B-PROJECT-Zecch\u014d Emotion-",
        "animeRomaji": "B-PROJECT-Zecch\u014d Emotion-",
        "songName": "Aishuu\u2192Serenade",
        "artist": "Kitakore",
        "type": "Insert Song",
        "correctCount": 3,
        "startTime": 6,
        "songDuration": 81.144,
        "songNumber": 24,
        "activePlayerCount": 165,
        "LinkVideo": "https://files.catbox.moe/khw5pv.webm",
        "LinkMp3": "https://files.catbox.moe/ag1hpx.mp3",
        "correctPlayers": [
            "Kazso",
            "Kolea",
            "Renzou"
        ]
    },
    {
        "animeEng": "Mr. Osomatsu",
        "animeRomaji": "Osomatsu-san",
        "songName": "SIX SAME FACES ~Kon'ya wa Saik\u014d!!!!!!!~",
        "artist": "VOICE by Iyami feat. Kenichi Suzumura, Takahiro Sakurai, Yuichi Nakamura, Hiroshi Kamiya, Jun Fukuyama, Daisuke Ono, Miyu Irino",
        "type": "Ending 1",
        "correctCount": 71,
        "startTime": 6,
        "songDuration": 87.796042,
        "songNumber": 25,
        "activePlayerCount": 165,
        "LinkVideo": "https://files.catbox.moe/9s430e.webm",
        "LinkMp3": "https://files.catbox.moe/xn9qvq.mp3"
    },
    {
        "animeEng": "Trinity Seven: Heavens Library & Crimson Lord",
        "animeRomaji": "Gekij\u014dban Trinity Seven - Tenk\u016b Toshokan to Shinku no Ma\u014d",
        "songName": "BEAUTIFUL\u2252SENTENCE",
        "artist": "Magus Two",
        "type": "Insert Song",
        "correctCount": 44,
        "startTime": 87,
        "songDuration": 128.64,
        "songNumber": 26,
        "activePlayerCount": 165,
        "LinkVideo": "https://files.catbox.moe/0mnuot.webm",
        "LinkMp3": "https://files.catbox.moe/ap517z.mp3"
    },
    {
        "animeEng": "Turn A Gundam",
        "animeRomaji": "Turn A Gundam",
        "songName": "Moon",
        "artist": "Gabriela Robin",
        "type": "Insert Song",
        "correctCount": 11,
        "startTime": 5,
        "songDuration": 106.104,
        "songNumber": 27,
        "activePlayerCount": 165,
        "LinkVideo": "https://files.catbox.moe/umhvny.webm",
        "LinkMp3": "https://files.catbox.moe/lgrrvo.mp3"
    },
    {
        "animeEng": "Soul Hunter",
        "animeRomaji": "Senkaiden H\u014dshin Engi",
        "songName": "Friends",
        "artist": "Chihiro Yonekura",
        "type": "Ending 1",
        "correctCount": 3,
        "startTime": 47,
        "songDuration": 87.864,
        "songNumber": 28,
        "activePlayerCount": 165,
        "LinkVideo": "https://files.catbox.moe/6bcn3l.webm",
        "LinkMp3": "https://files.catbox.moe/uhmorw.mp3",
        "correctPlayers": [
            "klusty",
            "nf1",
            "ozsauce"
        ]
    },
    {
        "animeEng": "D.C.if: Da Capo If",
        "animeRomaji": "D.C.if: Da Capo If",
        "songName": "Sakura Saku Mirai Koi Yume",
        "artist": "yozuca*",
        "type": "Ending 2",
        "correctCount": 17,
        "startTime": 12,
        "songDuration": 188.904,
        "songNumber": 29,
        "activePlayerCount": 165,
        "LinkVideo": "https://files.catbox.moe/lopo4m.webm",
        "LinkMp3": "https://files.catbox.moe/e39msu.mp3"
    },
    {
        "animeEng": "Comic Girls",
        "animeRomaji": "Comic Girls",
        "songName": "Memories",
        "artist": "Comic Girls",
        "type": "Opening 1",
        "correctCount": 71,
        "startTime": 46,
        "songDuration": 87.822164,
        "songNumber": 30,
        "activePlayerCount": 166,
        "LinkVideo": "https://files.catbox.moe/mvqgoy.webm",
        "LinkMp3": "https://files.catbox.moe/4ye573.mp3"
    },
    {
        "animeEng": "Walkure Romanze",
        "animeRomaji": "Walkure Romanze",
        "songName": "UN-DELAYED",
        "artist": "Miyuki Hashimoto",
        "type": "Opening 1",
        "correctCount": 12,
        "startTime": 41,
        "songDuration": 90.048,
        "songNumber": 31,
        "activePlayerCount": 166,
        "LinkVideo": "https://files.catbox.moe/7wtoof.webm",
        "LinkMp3": "https://files.catbox.moe/clipsd.mp3"
    },
    {
        "animeEng": "Bobobo-bo Bo-bobo",
        "animeRomaji": "Bobobo-bo Bo-bobo",
        "songName": "Baka Survivor",
        "artist": "Ulfuls",
        "type": "Opening 2",
        "correctCount": 45,
        "startTime": 22,
        "songDuration": 89.88,
        "songNumber": 32,
        "activePlayerCount": 165,
        "LinkVideo": "https://files.catbox.moe/evnwmg.webm",
        "LinkMp3": "https://files.catbox.moe/pinsuj.mp3"
    },
    {
        "animeEng": "Ensemble Stars!",
        "animeRomaji": "EnStars",
        "songName": "Gate of the Abyss",
        "artist": "UNDEAD",
        "type": "Insert Song",
        "correctCount": 6,
        "startTime": 0,
        "songDuration": 28.632,
        "songNumber": 33,
        "activePlayerCount": 165,
        "LinkVideo": "https://files.catbox.moe/okqpxn.webm",
        "LinkMp3": "https://files.catbox.moe/mm5vbv.mp3"
    },
    {
        "animeEng": "Pan de Peace!",
        "animeRomaji": "Pan de Peace!",
        "songName": "Seishun wa Tabemono desu",
        "artist": "petit milady",
        "type": "Opening 1",
        "correctCount": 43,
        "startTime": 0,
        "songDuration": 28.944,
        "songNumber": 34,
        "activePlayerCount": 165,
        "LinkVideo": "https://files.catbox.moe/sticfr.webm",
        "LinkMp3": "https://files.catbox.moe/19plv3.mp3"
    },
    {
        "animeEng": "Pretty Rhythm All Star Selection: Prism Show Best Ten",
        "animeRomaji": "Pretty Rhythm All Star Selection: Prism Show Best Ten",
        "songName": "Dream Goes On",
        "artist": "Kana Asumi",
        "type": "Insert Song",
        "correctCount": 24,
        "startTime": 77,
        "songDuration": 134.88,
        "songNumber": 35,
        "activePlayerCount": 165,
        "LinkVideo": "https://files.catbox.moe/6bskqf.webm",
        "LinkMp3": "https://files.catbox.moe/ne0olm.mp3"
    },
    {
        "animeEng": "Triangle Heart: Sweet Songs Forever",
        "animeRomaji": "Triangle Heart: Sweet Songs Forever",
        "songName": "Sweet Songs ever with you",
        "artist": "KOTOKO",
        "type": "Ending 2",
        "correctCount": 9,
        "startTime": 267,
        "songDuration": 314.064,
        "songNumber": 36,
        "activePlayerCount": 163,
        "LinkVideo": "https://files.catbox.moe/wkoz6d.webm",
        "LinkMp3": "https://files.catbox.moe/ec1t9p.mp3"
    },
    {
        "animeEng": "Soul Eater",
        "animeRomaji": "Soul Eater",
        "songName": "resonance",
        "artist": "T.M.Revolution",
        "type": "Opening 1",
        "correctCount": 112,
        "startTime": 38,
        "songDuration": 89.256,
        "songNumber": 37,
        "activePlayerCount": 164,
        "LinkVideo": "https://files.catbox.moe/ipjror.webm",
        "LinkMp3": "https://files.catbox.moe/d46hnj.mp3"
    },
    {
        "animeEng": "March comes in like a lion",
        "animeRomaji": "3-gatsu no Lion",
        "songName": "Nyaa Shougi Ondo",
        "artist": "Kana Hanazawa, Ai Kayano, Misaki Kuno",
        "type": "Insert Song",
        "correctCount": 80,
        "startTime": 9,
        "songDuration": 88.992,
        "songNumber": 38,
        "activePlayerCount": 163,
        "LinkVideo": "https://files.catbox.moe/khh1j8.webm",
        "LinkMp3": "https://files.catbox.moe/i9y4sz.mp3"
    },
    {
        "animeEng": ".hack//Roots",
        "animeRomaji": ".hack//Roots",
        "songName": "Boukoku Kakusei Catharsis",
        "artist": "ALI PROJECT",
        "type": "Ending 1",
        "correctCount": 14,
        "startTime": 53,
        "songDuration": 89.112,
        "songNumber": 39,
        "activePlayerCount": 164,
        "LinkVideo": "https://files.catbox.moe/h4wdfo.webm",
        "LinkMp3": "https://files.catbox.moe/hz67li.mp3"
    },
    {
        "animeEng": "Akindo Sei no Little Peso",
        "animeRomaji": "Akindo Sei no Little Peso",
        "songName": "Pretty Penny",
        "artist": "Leo",
        "type": "Opening 1",
        "correctCount": 1,
        "startTime": 0,
        "songDuration": 22.752,
        "songNumber": 40,
        "activePlayerCount": 164,
        "LinkVideo": "https://files.catbox.moe/3mfllg.webm",
        "LinkMp3": "https://files.catbox.moe/sn3jyy.mp3",
        "correctPlayers": [
            "Kota"
        ]
    },
    {
        "animeEng": "Fairy Tail",
        "animeRomaji": "Fairy Tail",
        "songName": "Snow Fairy",
        "artist": "FUNKIST",
        "type": "Opening 1",
        "correctCount": 106,
        "startTime": 36,
        "songDuration": 87.984,
        "songNumber": 41,
        "activePlayerCount": 164,
        "LinkVideo": "https://files.catbox.moe/yi1987.webm",
        "LinkMp3": "https://files.catbox.moe/sxt22q.mp3"
    },
    {
        "animeEng": "Digimon Universe: Appli Monsters",
        "animeRomaji": "Digimon Universe: Appli Monsters",
        "songName": "brave heart",
        "artist": "Ayumi Miyazaki",
        "type": "Insert Song",
        "correctCount": 77,
        "startTime": 20,
        "songDuration": 163.056,
        "songNumber": 42,
        "activePlayerCount": 164,
        "LinkVideo": "https://files.catbox.moe/gteymk.webm",
        "LinkMp3": "https://files.catbox.moe/qi5hk3.mp3"
    },
    {
        "animeEng": "Love, Chunibyo & Other Delusions! -Heart Throb-",
        "animeRomaji": "Chu-2 Byo demo Koi ga Shitai! Ren",
        "songName": "VOICE",
        "artist": "ZAQ",
        "type": "Opening 1",
        "correctCount": 89,
        "startTime": 26,
        "songDuration": 90.168,
        "songNumber": 43,
        "activePlayerCount": 164,
        "LinkVideo": "https://files.catbox.moe/fsy78x.webm",
        "LinkMp3": "https://files.catbox.moe/zghh2f.mp3"
    },
    {
        "animeEng": "Getter Robo",
        "animeRomaji": "Getta Robo",
        "songName": "Gattai! Getter Robo",
        "artist": "Isao Sasaki",
        "type": "Ending 1",
        "correctCount": 10,
        "startTime": 22,
        "songDuration": 67.632,
        "songNumber": 44,
        "activePlayerCount": 164,
        "LinkVideo": "https://files.catbox.moe/97rntw.webm",
        "LinkMp3": "https://files.catbox.moe/dd5e5b.mp3"
    },
    {
        "animeEng": "Sengoku Paradise Kiwami",
        "animeRomaji": "Sengoku Paradise Kiwami",
        "songName": "Tenka Wakeme no Catharsis",
        "artist": "Daisuke Namikawa",
        "type": "Opening 2",
        "correctCount": 2,
        "startTime": 0,
        "songDuration": 29.136,
        "songNumber": 45,
        "activePlayerCount": 164,
        "LinkVideo": "https://files.catbox.moe/cjn0ud.webm",
        "LinkMp3": "https://files.catbox.moe/6fhbvm.mp3",
        "correctPlayers": [
            "Kolea",
            "Renzou"
        ]
    },
    {
        "animeEng": "Valvrave the Liberator",
        "animeRomaji": "Kakumeiki Valvrave",
        "songName": "Kakumei Dualism",
        "artist": "Nana Mizuki\u00d7T.M.Revolution",
        "type": "Opening 1",
        "correctCount": 107,
        "startTime": 39,
        "songDuration": 90.072,
        "songNumber": 46,
        "activePlayerCount": 164,
        "LinkVideo": "https://animethemes.moe/video/KakumeikiValvraveS2-OP1.webm",
        "LinkMp3": "https://files.catbox.moe/pnusoz.mp3"
    },
    {
        "animeEng": "The Brave Express Might Gaine",
        "animeRomaji": "Y\u016bsha Tokky\u016b Might Gaine",
        "songName": "Black Diamond",
        "artist": "PURPLE",
        "type": "Ending 2",
        "correctCount": 3,
        "startTime": 25,
        "songDuration": 59.505916,
        "songNumber": 47,
        "activePlayerCount": 164,
        "LinkVideo": "https://files.catbox.moe/7v946l.webm",
        "LinkMp3": "https://files.catbox.moe/ikvuld.mp3",
        "correctPlayers": [
            "nf1",
            "Piros",
            "shiburin"
        ]
    },
    {
        "animeEng": "Hyperdimension Neptunia",
        "animeRomaji": "Ch\u014djigen Game Neptune The Animation",
        "songName": "Neptune\u2606Sagashite",
        "artist": "Afilia Saga",
        "type": "Ending 1",
        "correctCount": 45,
        "startTime": 29,
        "songDuration": 88.992,
        "songNumber": 48,
        "activePlayerCount": 164,
        "LinkVideo": "https://files.catbox.moe/8hhmd6.webm",
        "LinkMp3": "https://files.catbox.moe/0s7mpy.mp3"
    },
    {
        "animeEng": "Kokoro Library - Communication Clips",
        "animeRomaji": "Kokoro Toshokan - Communication Clips",
        "songName": "Beagle",
        "artist": "Yasuko Yamano",
        "type": "Opening 1",
        "correctCount": 16,
        "startTime": 53,
        "songDuration": 90.024,
        "songNumber": 49,
        "activePlayerCount": 164,
        "LinkVideo": "https://files.catbox.moe/j69dvq.webm",
        "LinkMp3": "https://files.catbox.moe/jeceed.mp3"
    },
    {
        "animeEng": "Detective Conan - Episode One: The Great Detective Turned Small",
        "animeRomaji": "Meitantei Conan Episode One: Chiisaku Natta Meitantei",
        "songName": "Mune ga Dokidoki",
        "artist": "the High-Lows",
        "type": "Opening 1",
        "correctCount": 58,
        "startTime": 28,
        "songDuration": 88.152,
        "songNumber": 50,
        "activePlayerCount": 164,
        "LinkVideo": "https://files.catbox.moe/owxyt9.webm",
        "LinkMp3": "https://files.catbox.moe/8oivrm.mp3"
    },
    {
        "animeEng": "Overlord",
        "animeRomaji": "Overlord",
        "songName": "Clattanoia",
        "artist": "OxT",
        "type": "Opening 1",
        "correctCount": 147,
        "startTime": 41,
        "songDuration": 89.016,
        "songNumber": 51,
        "activePlayerCount": 163,
        "LinkVideo": "https://files.catbox.moe/gmip23.webm",
        "LinkMp3": "https://files.catbox.moe/3efzdr.mp3"
    },
    {
        "animeEng": "Kinnikuman: Scramble for the Throne",
        "animeRomaji": "Kinnikuman: Kinnikusei \u014ci S\u014ddatsu-hen",
        "songName": "Seisei D\u014dd\u014d Fighting Theme",
        "artist": "Tomomi Hiraishi",
        "type": "Insert Song",
        "correctCount": 0,
        "startTime": 29,
        "songDuration": 83.928,
        "songNumber": 52,
        "activePlayerCount": 164,
        "LinkVideo": "https://files.catbox.moe/6ba22c.webm",
        "LinkMp3": "https://files.catbox.moe/lta0hz.mp3"
    },
    {
        "animeEng": "Aikatsu!",
        "animeRomaji": "Aikatsu!",
        "songName": "H\u014dkago Ponytail",
        "artist": "Remi from STAR\u2606ANIS",
        "type": "Insert Song",
        "correctCount": 54,
        "startTime": 46,
        "songDuration": 108.072,
        "songNumber": 53,
        "activePlayerCount": 164,
        "LinkVideo": "https://files.catbox.moe/e4fgjh.webm",
        "LinkMp3": "https://files.catbox.moe/3p6g0m.mp3"
    },
    {
        "animeEng": "Gourmet Girl Graffiti",
        "animeRomaji": "Koufuku Graffiti",
        "songName": "Shiawase Graffiti",
        "artist": "Rina Satou & Asuka \u014cgame",
        "type": "Insert Song",
        "correctCount": 72,
        "startTime": 0,
        "songDuration": 30.84,
        "songNumber": 54,
        "activePlayerCount": 164,
        "LinkVideo": "https://files.catbox.moe/5z5zr0.webm",
        "LinkMp3": "https://files.catbox.moe/aywth3.mp3"
    },
    {
        "animeEng": "Initial D: Third Stage",
        "animeRomaji": "Initial D: Third Stage",
        "songName": "IF YOU WANNA STAY",
        "artist": "NORMA SHEFFIELD",
        "type": "Insert Song",
        "correctCount": 22,
        "startTime": 39,
        "songDuration": 83.172448,
        "songNumber": 55,
        "activePlayerCount": 164,
        "LinkVideo": "https://files.catbox.moe/487kiw.webm",
        "LinkMp3": "https://files.catbox.moe/xd3wn5.mp3"
    },
    {
        "animeEng": "Rozen Maiden",
        "animeRomaji": "Rozen Maiden",
        "songName": "Kinjirareta Asobi",
        "artist": "ALI PROJECT",
        "type": "Opening 1",
        "correctCount": 79,
        "startTime": 8,
        "songDuration": 90.878438,
        "songNumber": 56,
        "activePlayerCount": 164,
        "LinkVideo": "https://files.catbox.moe/tbhs94.webm",
        "LinkMp3": "https://files.catbox.moe/6n0tie.mp3"
    },
    {
        "animeEng": "Yuruyuri - Happy Go Lily\u266a\u266a",
        "animeRomaji": "Yuru Yuri\u266a\u266a",
        "songName": "Yes! Yuyuyu\u2606Yuruyuri\u266a\u266a",
        "artist": "Nanamoriuchi\u2606Gorakubu",
        "type": "Opening 1",
        "correctCount": 53,
        "startTime": 10,
        "songDuration": 88.848,
        "songNumber": 57,
        "activePlayerCount": 164,
        "LinkVideo": "https://files.catbox.moe/0v3w6f.webm",
        "LinkMp3": "https://files.catbox.moe/7qzg8p.mp3"
    },
    {
        "animeEng": "Air",
        "animeRomaji": "Air",
        "songName": "Farewell song",
        "artist": "Lia",
        "type": "Ending 1",
        "correctCount": 73,
        "startTime": 29,
        "songDuration": 89.16,
        "songNumber": 58,
        "activePlayerCount": 164,
        "LinkVideo": "https://files.catbox.moe/wbq715.webm",
        "LinkMp3": "https://files.catbox.moe/8xzzrg.mp3"
    },
    {
        "animeEng": "Aho-Girl",
        "animeRomaji": "Aho-Girl",
        "songName": "Zenryoku\u2606Summer!",
        "artist": "angela",
        "type": "Opening 1",
        "correctCount": 123,
        "startTime": 11,
        "songDuration": 58.608,
        "songNumber": 59,
        "activePlayerCount": 164,
        "LinkVideo": "https://files.catbox.moe/i3rome.webm",
        "LinkMp3": "https://files.catbox.moe/omiscc.mp3"
    },
    {
        "animeEng": "Jinryoku Senkan!? Shiokaze Sawakaze",
        "animeRomaji": "Jinryoku Senkan!? Shiokaze Sawakaze",
        "songName": "help!!",
        "artist": "BiSH",
        "type": "Opening 1",
        "correctCount": 0,
        "startTime": 2,
        "songDuration": 90,
        "songNumber": 60,
        "activePlayerCount": 163,
        "LinkVideo": "https://files.catbox.moe/3q17ml.webm",
        "LinkMp3": "https://files.catbox.moe/j6296n.mp3"
    },
    {
        "animeEng": "Ojisan and Marshmallow",
        "animeRomaji": "Ojisan to Marshmallow",
        "songName": "yell",
        "artist": "Kaori Taguchi & Suzuna Kinoshita",
        "type": "Ending 3",
        "correctCount": 9,
        "startTime": 0,
        "songDuration": 29.136,
        "songNumber": 61,
        "activePlayerCount": 163,
        "LinkVideo": "https://animethemes.moe/video/OjisanToMarshmallow-ED3.webm",
        "LinkMp3": "https://files.catbox.moe/q7vxwr.mp3"
    },
    {
        "animeEng": "Detective Conan: Magician of the Silver Sky",
        "animeRomaji": "Meitantei Conan: Ginyoku no Magician",
        "songName": "Boku ga Iru",
        "artist": "Minami Takayama",
        "type": "Insert Song",
        "correctCount": 6,
        "startTime": 72,
        "songDuration": 131.352,
        "songNumber": 62,
        "activePlayerCount": 163,
        "LinkVideo": "https://files.catbox.moe/x14h36.webm",
        "LinkMp3": "https://files.catbox.moe/lm8f1f.mp3"
    },
    {
        "animeEng": "Carole & Tuesday",
        "animeRomaji": "Carole & Tuesday",
        "songName": "Miserere mei, deus",
        "artist": "Marker Starling",
        "type": "Insert Song",
        "correctCount": 35,
        "startTime": 45,
        "songDuration": 90.024,
        "songNumber": 63,
        "activePlayerCount": 163,
        "LinkVideo": "https://files.catbox.moe/9omwys.webm",
        "LinkMp3": "https://files.catbox.moe/vlwuil.mp3"
    },
    {
        "animeEng": "Girls Bravo",
        "animeRomaji": "Girls Bravo",
        "songName": "Going My Way",
        "artist": "yozuca*",
        "type": "Opening 1",
        "correctCount": 17,
        "startTime": 35,
        "songDuration": 90.624,
        "songNumber": 64,
        "activePlayerCount": 162,
        "LinkVideo": "https://files.catbox.moe/2ci24m.webm",
        "LinkMp3": "https://files.catbox.moe/9lvpjb.mp3"
    },
    {
        "animeEng": "Magical Witch Punie-chan",
        "animeRomaji": "Dai Mahou Touge",
        "songName": "Dai Mahou Touge",
        "artist": "Rina Satou",
        "type": "Opening 1",
        "correctCount": 19,
        "startTime": 14,
        "songDuration": 88.368,
        "songNumber": 65,
        "activePlayerCount": 162,
        "LinkVideo": "https://files.catbox.moe/wze2lv.webm",
        "LinkMp3": "https://files.catbox.moe/lbeyth.mp3"
    },
    {
        "animeEng": "Barom One",
        "animeRomaji": "Barom One",
        "songName": "Ki-Mi-Da-Ke",
        "artist": "DASEIN",
        "type": "Opening 1",
        "correctCount": 5,
        "startTime": 53,
        "songDuration": 89.52,
        "songNumber": 66,
        "activePlayerCount": 162,
        "LinkVideo": "https://files.catbox.moe/hn2ajc.webm",
        "LinkMp3": "https://files.catbox.moe/vxjqi9.mp3",
        "correctPlayers": [
            "Katsilis",
            "nf1",
            "Renzou",
            "mew",
            "shadowpandax"
        ]
    },
    {
        "animeEng": "Harukana Receive",
        "animeRomaji": "Harukana Receive",
        "songName": "Rise [Vocal version]",
        "artist": "Josefine Wassler",
        "type": "Ending 2",
        "correctCount": 50,
        "startTime": 52,
        "songDuration": 91.16578,
        "songNumber": 67,
        "activePlayerCount": 162,
        "LinkVideo": "https://files.catbox.moe/nofbj6.webm",
        "LinkMp3": "https://files.catbox.moe/fmq7dy.mp3"
    },
    {
        "animeEng": "Hetalia Axis Powers",
        "animeRomaji": "Hetalia Axis Powers",
        "songName": "Marukaite Chikyuu",
        "artist": "Noriaki Sugiyama",
        "type": "Ending 5",
        "correctCount": 101,
        "startTime": 0,
        "songDuration": 29.448,
        "songNumber": 68,
        "activePlayerCount": 161,
        "LinkVideo": "https://files.catbox.moe/76yv5v.webm",
        "LinkMp3": "https://files.catbox.moe/wswhgk.mp3"
    },
    {
        "animeEng": "Ranma \u00bd",
        "animeRomaji": "Ranma 1/2",
        "songName": "Friends",
        "artist": "YAWMIN",
        "type": "Ending 6",
        "correctCount": 11,
        "startTime": 5,
        "songDuration": 87.048,
        "songNumber": 69,
        "activePlayerCount": 162,
        "LinkVideo": "https://files.catbox.moe/71e216.webm",
        "LinkMp3": "https://files.catbox.moe/bei07j.mp3"
    },
    {
        "animeEng": "Recorder and Randsell Do\u266a",
        "animeRomaji": "Recorder to Randoseru Do\u266a",
        "songName": "Glitter",
        "artist": "Aoi Tada feat. Sister 773",
        "type": "Opening 1",
        "correctCount": 15,
        "startTime": 0,
        "songDuration": 30.024,
        "songNumber": 70,
        "activePlayerCount": 162,
        "LinkVideo": "https://files.catbox.moe/zk1rx9.webm",
        "LinkMp3": "https://files.catbox.moe/4im9oq.mp3"
    },
    {
        "animeEng": "Carole & Tuesday",
        "animeRomaji": "Carole & Tuesday",
        "songName": "Happy Birthday",
        "artist": "Celeina Ann",
        "type": "Insert Song",
        "correctCount": 139,
        "startTime": 0,
        "songDuration": 20.04,
        "songNumber": 71,
        "activePlayerCount": 162,
        "LinkVideo": "https://files.catbox.moe/e8cgjx.webm",
        "LinkMp3": "https://files.catbox.moe/mqbjne.mp3"
    },
    {
        "animeEng": "Detective Conan: The Crimson Love Letter",
        "animeRomaji": "Meitantei Conan: Kara Kurenai no Love Letter",
        "songName": "Togetsuky\u014d ~Kimi Omou~",
        "artist": "Mai Kuraki",
        "type": "Ending 1",
        "correctCount": 27,
        "startTime": 22,
        "songDuration": 223.271775,
        "songNumber": 72,
        "activePlayerCount": 162,
        "LinkVideo": "https://files.catbox.moe/zrtpny.webm",
        "LinkMp3": "https://files.catbox.moe/fk99ik.mp3"
    },
    {
        "animeEng": "Hinata no Aoshigure",
        "animeRomaji": "Hinata no Aoshigure",
        "songName": "Fushigi",
        "artist": "Spitz",
        "type": "Insert Song",
        "correctCount": 7,
        "startTime": 86,
        "songDuration": 279.557644,
        "songNumber": 73,
        "activePlayerCount": 161,
        "LinkVideo": "https://files.catbox.moe/qxi1dx.webm",
        "LinkMp3": "https://files.catbox.moe/unjsre.mp3"
    },
    {
        "animeEng": "Pikachu's Summer Vacation",
        "animeRomaji": "Pikachu no Natsuyasumi",
        "songName": "Vacation",
        "artist": "Vitamin C",
        "type": "Opening 1",
        "correctCount": 44,
        "startTime": 7,
        "songDuration": 82.08,
        "songNumber": 74,
        "activePlayerCount": 161,
        "LinkVideo": "https://files.catbox.moe/z5pcmp.webm",
        "LinkMp3": "https://files.catbox.moe/wtojof.mp3"
    },
    {
        "animeEng": "Lupin III: Voyage to Danger",
        "animeRomaji": "Rupan Sansei: Rupan Ansatsu Shirei",
        "songName": "Destiny Love",
        "artist": "Eri Ohno",
        "type": "Ending 1",
        "correctCount": 0,
        "startTime": 40,
        "songDuration": 163.056,
        "songNumber": 75,
        "activePlayerCount": 160,
        "LinkVideo": "https://files.catbox.moe/ek4ine.webm",
        "LinkMp3": "https://files.catbox.moe/nlyifq.mp3"
    }
]