[
    {
        "animeEng": "Convenience Store Boy Friends",
        "animeRomaji": "Konbini Kareshi",
        "songName": "Stand Up Now",
        "artist": "Cellchrome",
        "type": "Opening 1",
        "correctCount": 25,
        "startTime": 25,
        "songDuration": 89.136,
        "songNumber": 1,
        "activePlayerCount": 146,
        "LinkVideo": "https://files.catbox.moe/77c4dy.webm",
        "LinkMp3": "https://files.catbox.moe/mied7v.mp3"
    },
    {
        "animeEng": "After School Midnighters",
        "animeRomaji": "H\u014dkago Midnighters",
        "songName": "AFTER SCHOOL MIDNIGHTERS",
        "artist": "Koichi Yamadera & Hiromasa Taguchi",
        "type": "Insert Song",
        "correctCount": 4,
        "startTime": 72,
        "songDuration": 193.968,
        "songNumber": 2,
        "activePlayerCount": 146,
        "LinkVideo": "https://files.catbox.moe/iush01.webm",
        "LinkMp3": "https://files.catbox.moe/tyme6o.mp3",
        "correctPlayers": [
            "Nazemeiyue",
            "Lkyda",
            "asleep",
            "Renzou"
        ]
    },
    {
        "animeEng": "Shugo Chara!",
        "animeRomaji": "Shugo Chara!",
        "songName": "Meiky\u016b Butterfly",
        "artist": "Nana Mizuki",
        "type": "Insert Song",
        "correctCount": 17,
        "startTime": 146,
        "songDuration": 201.296132,
        "songNumber": 3,
        "activePlayerCount": 146,
        "LinkVideo": "https://files.catbox.moe/y80e6b.webm",
        "LinkMp3": "https://files.catbox.moe/4rptzh.mp3"
    },
    {
        "animeEng": "Overlord",
        "animeRomaji": "Overlord",
        "songName": "Clattanoia",
        "artist": "OxT",
        "type": "Opening 1",
        "correctCount": 125,
        "startTime": 6,
        "songDuration": 89.016,
        "songNumber": 4,
        "activePlayerCount": 146,
        "LinkVideo": "https://files.catbox.moe/gmip23.webm",
        "LinkMp3": "https://files.catbox.moe/3efzdr.mp3"
    },
    {
        "animeEng": "Prince of Stride: Alternative",
        "animeRomaji": "Prince of Stride: Alternative",
        "songName": "STRIDER'S HIGH",
        "artist": "OxT",
        "type": "Opening 1",
        "correctCount": 75,
        "startTime": 43,
        "songDuration": 89.28,
        "songNumber": 5,
        "activePlayerCount": 146,
        "LinkVideo": "https://files.catbox.moe/erlhsl.webm",
        "LinkMp3": "https://files.catbox.moe/4kpi24.mp3"
    },
    {
        "animeEng": "Flame of Recca",
        "animeRomaji": "Recca no Honoo",
        "songName": "Nanka Shiawase",
        "artist": "the OYSTARS",
        "type": "Opening 1",
        "correctCount": 24,
        "startTime": 18,
        "songDuration": 82.992,
        "songNumber": 6,
        "activePlayerCount": 146,
        "LinkVideo": "https://files.catbox.moe/sis5r9.webm",
        "LinkMp3": "https://files.catbox.moe/swb7pf.mp3"
    },
    {
        "animeEng": "Pok\u00e9mon: Lucario and the Mystery of Mew",
        "animeRomaji": "Pocket Monsters Advance Generation - Mew to Had\u014d no Y\u016bsha Lucario",
        "songName": "Unbeatable",
        "artist": "David Rolfe",
        "type": "Opening 1",
        "correctCount": 77,
        "startTime": 25,
        "songDuration": 135.144,
        "songNumber": 7,
        "activePlayerCount": 146,
        "LinkVideo": "https://files.catbox.moe/jpp2ib.webm",
        "LinkMp3": "https://files.catbox.moe/cdr6zv.mp3"
    },
    {
        "animeEng": "Cipher",
        "animeRomaji": "Cipher",
        "songName": "Footloose",
        "artist": "Wags",
        "type": "Insert Song",
        "correctCount": 23,
        "startTime": 176,
        "songDuration": 209.289464,
        "songNumber": 8,
        "activePlayerCount": 146,
        "LinkVideo": "https://files.catbox.moe/30d5wk.webm",
        "LinkMp3": "https://files.catbox.moe/ddwh7d.mp3"
    },
    {
        "animeEng": "Haikyu!! Movie Sain\u014d to Sense",
        "animeRomaji": "Haikyu!! Movie Sain\u014d to Sense",
        "songName": "I'm a Believer",
        "artist": "SPYAIR",
        "type": "Ending 1",
        "correctCount": 94,
        "startTime": 16,
        "songDuration": 212.016,
        "songNumber": 9,
        "activePlayerCount": 146,
        "LinkVideo": "https://files.catbox.moe/7hnvvc.webm",
        "LinkMp3": "https://files.catbox.moe/ubew1t.mp3"
    },
    {
        "animeEng": "My Teen Romantic Comedy SNAFU",
        "animeRomaji": "Oregairu",
        "songName": "Hello Alone -Yui Ballade-",
        "artist": "Nao T\u014dyama",
        "type": "Ending 2",
        "correctCount": 96,
        "startTime": 19,
        "songDuration": 87.264,
        "songNumber": 10,
        "activePlayerCount": 146,
        "LinkVideo": "https://files.catbox.moe/8p0ugu.webm",
        "LinkMp3": "https://files.catbox.moe/y3dbws.mp3"
    },
    {
        "animeEng": "Cardcaptor Sakura: Clear Card",
        "animeRomaji": "Cardcaptor Sakura: Clear Card-hen",
        "songName": "Jewelry",
        "artist": "Saori Hayami",
        "type": "Ending 1",
        "correctCount": 22,
        "startTime": 0,
        "songDuration": 89.016,
        "songNumber": 11,
        "activePlayerCount": 146,
        "LinkVideo": "https://files.catbox.moe/u4lag3.webm",
        "LinkMp3": "https://files.catbox.moe/byxjlm.mp3"
    },
    {
        "animeEng": "Oda Cinnamon Nobunaga",
        "animeRomaji": "Oda Shinnamon Nobunaga",
        "songName": "Sunny Sunny Girl\u25ce",
        "artist": "Akane Kumada",
        "type": "Opening 1",
        "correctCount": 18,
        "startTime": 55,
        "songDuration": 89.256,
        "songNumber": 12,
        "activePlayerCount": 145,
        "LinkVideo": "https://files.catbox.moe/62kipr.webm",
        "LinkMp3": "https://files.catbox.moe/cfn7x6.mp3"
    },
    {
        "animeEng": "Initial D: Fourth Stage",
        "animeRomaji": "Initial D: Fourth Stage",
        "songName": "DOGFIGHT",
        "artist": "move",
        "type": "Opening 1",
        "correctCount": 43,
        "startTime": 52,
        "songDuration": 90.048,
        "songNumber": 13,
        "activePlayerCount": 145,
        "LinkVideo": "https://files.catbox.moe/3yurmo.webm",
        "LinkMp3": "https://files.catbox.moe/z2tsmm.mp3"
    },
    {
        "animeEng": "WATATEN!: an Angel Flew Down to Me",
        "animeRomaji": "Watashi ni Tenshi ga Maiorita!",
        "songName": "Ano Ko ni Aitai",
        "artist": "Maria Sashide, Rika Nagae",
        "type": "Insert Song",
        "correctCount": 63,
        "startTime": 48,
        "songDuration": 123.072,
        "songNumber": 14,
        "activePlayerCount": 145,
        "LinkVideo": "https://files.catbox.moe/srk22q.webm",
        "LinkMp3": "https://files.catbox.moe/m3bztq.mp3"
    },
    {
        "animeEng": "Happy Lucky Bikkuriman",
        "animeRomaji": "Happy Lucky Bikkuriman",
        "songName": "Happy\u2606Lucky! Bikkuriman",
        "artist": "Hideaki Takatori",
        "type": "Opening 1",
        "correctCount": 3,
        "startTime": 11,
        "songDuration": 88.848,
        "songNumber": 15,
        "activePlayerCount": 145,
        "LinkVideo": "https://files.catbox.moe/2vb4zr.webm",
        "LinkMp3": "https://files.catbox.moe/s48263.mp3",
        "correctPlayers": [
            "Rukawa11",
            "YuriMeguri",
            "SmartHardyz"
        ]
    },
    {
        "animeEng": "PriPara",
        "animeRomaji": "PriPara",
        "songName": "Kimi 100% Jinsei",
        "artist": "Nozomi Yamamoto",
        "type": "Insert Song",
        "correctCount": 31,
        "startTime": 57,
        "songDuration": 169.272,
        "songNumber": 16,
        "activePlayerCount": 146,
        "LinkVideo": "https://files.catbox.moe/lsknxe.webm",
        "LinkMp3": "https://files.catbox.moe/xjeilp.mp3"
    },
    {
        "animeEng": "Flip Flappers",
        "animeRomaji": "Flip Flappers",
        "songName": "Serendipity",
        "artist": "ZAQ",
        "type": "Opening 1",
        "correctCount": 70,
        "startTime": 23,
        "songDuration": 90.068656,
        "songNumber": 17,
        "activePlayerCount": 145,
        "LinkVideo": "https://files.catbox.moe/qr7dp1.webm",
        "LinkMp3": "https://files.catbox.moe/c3jlyl.mp3"
    },
    {
        "animeEng": ".hack//Liminality",
        "animeRomaji": ".hack//Liminality",
        "songName": "Kimi ga Ita Monogatari",
        "artist": "See-Saw",
        "type": "Opening 3",
        "correctCount": 8,
        "startTime": 25,
        "songDuration": 88.8,
        "songNumber": 18,
        "activePlayerCount": 146,
        "LinkVideo": "https://files.catbox.moe/imm085.webm",
        "LinkMp3": "https://files.catbox.moe/gfkrl1.mp3"
    },
    {
        "animeEng": "Knights of Ramune",
        "animeRomaji": "VS Knight Lamune & 40 Fresh",
        "songName": "Miracle Body ni Goy\u014djin!",
        "artist": "Midori Kawana & Yuriko Kaida",
        "type": "Opening 1",
        "correctCount": 10,
        "startTime": 21,
        "songDuration": 90.312,
        "songNumber": 19,
        "activePlayerCount": 146,
        "LinkVideo": "https://files.catbox.moe/ybvgd1.webm",
        "LinkMp3": "https://files.catbox.moe/0ofvdr.mp3"
    },
    {
        "animeEng": "Punch Line",
        "animeRomaji": "Punch Line",
        "songName": "PUNCH LINE!",
        "artist": "Shokotan\u2665Dempagumi",
        "type": "Opening 1",
        "correctCount": 62,
        "startTime": 45,
        "songDuration": 88.536,
        "songNumber": 20,
        "activePlayerCount": 146,
        "LinkVideo": "https://files.catbox.moe/a2zknn.webm",
        "LinkMp3": "https://files.catbox.moe/327e7g.mp3"
    },
    {
        "animeEng": "Sh\u014dwa Genroku Rakugo Shinj\u016b",
        "animeRomaji": "Sh\u014dwa Genroku Rakugo Shinj\u016b",
        "songName": "Usurahi Shinj\u016b",
        "artist": "Megumi Hayashibara",
        "type": "Opening 1",
        "correctCount": 64,
        "startTime": 3,
        "songDuration": 89.568,
        "songNumber": 21,
        "activePlayerCount": 146,
        "LinkVideo": "https://files.catbox.moe/rpijyo.webm",
        "LinkMp3": "https://files.catbox.moe/1oqw51.mp3"
    },
    {
        "animeEng": "With You ~Mitsumeteitai~",
        "animeRomaji": "With You ~Mitsumeteitai~",
        "songName": "I say I Love You",
        "artist": "Anii",
        "type": "Ending 1",
        "correctCount": 1,
        "startTime": 32,
        "songDuration": 113.064,
        "songNumber": 22,
        "activePlayerCount": 146,
        "LinkVideo": "https://files.catbox.moe/obt5ov.webm",
        "LinkMp3": "https://files.catbox.moe/k8kozy.mp3",
        "correctPlayers": [
            "anonimus_opinion"
        ]
    },
    {
        "animeEng": "Evangelion: 3.0 You Can (Not) Redo",
        "animeRomaji": "Evangelion Shin Gekij\u014dban: Q",
        "songName": "Sakura Nagashi",
        "artist": "Hikaru Utada",
        "type": "Ending 1",
        "correctCount": 32,
        "startTime": 57,
        "songDuration": 274.056,
        "songNumber": 23,
        "activePlayerCount": 145,
        "LinkVideo": "https://files.catbox.moe/9g2mm6.webm",
        "LinkMp3": "https://files.catbox.moe/3bmd00.mp3"
    },
    {
        "animeEng": "Triage X",
        "animeRomaji": "Triage X",
        "songName": "triage",
        "artist": "Saeko Z\u014dg\u014d feat. Nagareda Project",
        "type": "Opening 1",
        "correctCount": 31,
        "startTime": 44,
        "songDuration": 89.904,
        "songNumber": 24,
        "activePlayerCount": 144,
        "LinkVideo": "https://files.catbox.moe/yppsco.webm",
        "LinkMp3": "https://files.catbox.moe/2o2luw.mp3"
    },
    {
        "animeEng": "Pok\u00e9mon: Heroes - The Movie",
        "animeRomaji": "Pocket Monsters: Mizu no Miyako no Mamorigami - Latias to Latios",
        "songName": "I Believe",
        "artist": "David Rolfe",
        "type": "Opening 1",
        "correctCount": 87,
        "startTime": 74,
        "songDuration": 158.784,
        "songNumber": 25,
        "activePlayerCount": 143,
        "LinkVideo": "https://files.catbox.moe/xwzn0m.webm",
        "LinkMp3": "https://files.catbox.moe/03gll3.mp3"
    },
    {
        "animeEng": "One Piece",
        "animeRomaji": "One Piece",
        "songName": "Jungle P",
        "artist": "5050",
        "type": "Opening 9",
        "correctCount": 70,
        "startTime": 87,
        "songDuration": 149.04,
        "songNumber": 26,
        "activePlayerCount": 143,
        "LinkVideo": "https://files.catbox.moe/s1bgus.webm",
        "LinkMp3": "https://files.catbox.moe/z8cssx.mp3"
    },
    {
        "animeEng": "Code Geass: Akito the Exiled",
        "animeRomaji": "Code Geass: B\u014dkoku no Akito",
        "songName": "More Than Words",
        "artist": "Maaya Sakamoto",
        "type": "Ending 1",
        "correctCount": 20,
        "startTime": 18,
        "songDuration": 236.544,
        "songNumber": 27,
        "activePlayerCount": 142,
        "LinkVideo": "https://files.catbox.moe/uezn4o.webm",
        "LinkMp3": "https://files.catbox.moe/efq7p0.mp3"
    },
    {
        "animeEng": "Major 2nd",
        "animeRomaji": "Major 2nd",
        "songName": "Pride",
        "artist": "Y\u016b Takahashi",
        "type": "Ending 1",
        "correctCount": 12,
        "startTime": 16,
        "songDuration": 87.064626,
        "songNumber": 28,
        "activePlayerCount": 142,
        "LinkVideo": "https://files.catbox.moe/vp908v.webm",
        "LinkMp3": "https://files.catbox.moe/weiomw.mp3"
    },
    {
        "animeEng": "Space Battleship Yamato 2199: A Voyage to Remember",
        "animeRomaji": "Uch\u016b Senkan Yamato 2199: Tsuioku no K\u014dkai",
        "songName": "Uch\u016b Senkan Yamato",
        "artist": "Isao Sasaki",
        "type": "Opening 1",
        "correctCount": 96,
        "startTime": 34,
        "songDuration": 74.304,
        "songNumber": 29,
        "activePlayerCount": 142,
        "LinkVideo": "https://files.catbox.moe/7kf0wa.webm",
        "LinkMp3": "https://files.catbox.moe/gg0lbs.mp3"
    },
    {
        "animeEng": "Uma Musume: Pretty Derby - BNW no Chikai",
        "animeRomaji": "Uma Musume: Pretty Derby - BNW no Chikai",
        "songName": "Make debut!",
        "artist": "Azumi Waki, Marika K\u014dno, Machico, Ayaka Ohashi, Chisa Kimura, Hitomi Ueda, Saori \u014cnishi",
        "type": "Opening 1",
        "correctCount": 55,
        "startTime": 47,
        "songDuration": 87.528,
        "songNumber": 30,
        "activePlayerCount": 142,
        "LinkVideo": "https://files.catbox.moe/xfaucu.webm",
        "LinkMp3": "https://files.catbox.moe/i0tb1b.mp3"
    },
    {
        "animeEng": "Yuruyuri Ten",
        "animeRomaji": "Yuruyuri Ten",
        "songName": "Yuruyuri, Tenyawanya\u2606",
        "artist": "Nanamori Ch\u016b\u2606Goraku-bu",
        "type": "Opening 1",
        "correctCount": 35,
        "startTime": 38,
        "songDuration": 88.368,
        "songNumber": 31,
        "activePlayerCount": 142,
        "LinkVideo": "https://files.catbox.moe/os58b6.webm",
        "LinkMp3": "https://files.catbox.moe/1ozd2c.mp3"
    },
    {
        "animeEng": "Futari wa Precure Splash\u2605Star Tick Tack Kiki Ippatsu!",
        "animeRomaji": "Futari wa Precure Splash\u2605Star Tick Tack Kiki Ippatsu!",
        "songName": "Makasete\u2605Splash\u2606Star",
        "artist": "Yuka Uchiyae with Splash Stars",
        "type": "Opening 1",
        "correctCount": 41,
        "startTime": 39,
        "songDuration": 79.896,
        "songNumber": 32,
        "activePlayerCount": 142,
        "LinkVideo": "https://files.catbox.moe/cs6x37.webm",
        "LinkMp3": "https://files.catbox.moe/5jz4um.mp3"
    },
    {
        "animeEng": "Kiddy Grade: Ignition",
        "animeRomaji": "Kiddy Grade: Ignition",
        "songName": "Mirai no Kioku",
        "artist": "YUKA",
        "type": "Insert Song",
        "correctCount": 19,
        "startTime": 129,
        "songDuration": 287.352,
        "songNumber": 33,
        "activePlayerCount": 142,
        "LinkVideo": "https://files.catbox.moe/mq174t.webm",
        "LinkMp3": "https://files.catbox.moe/5iqahi.mp3"
    },
    {
        "animeEng": "Ryo",
        "animeRomaji": "Ryo",
        "songName": "Yubikiri",
        "artist": "Hitomi",
        "type": "Ending 1",
        "correctCount": 2,
        "startTime": 17,
        "songDuration": 94.08,
        "songNumber": 34,
        "activePlayerCount": 142,
        "LinkVideo": "https://files.catbox.moe/0437wi.webm",
        "LinkMp3": "https://files.catbox.moe/lqvmmw.mp3",
        "correctPlayers": [
            "Derramao",
            "ShiroKuro"
        ]
    },
    {
        "animeEng": "Ai Monogatari",
        "animeRomaji": "Ai Monogatari",
        "songName": "Dakishimetai",
        "artist": "The Beatles",
        "type": "Insert Song",
        "correctCount": 3,
        "startTime": 80,
        "songDuration": 133.92,
        "songNumber": 35,
        "activePlayerCount": 142,
        "LinkVideo": "https://files.catbox.moe/6u3ymb.webm",
        "LinkMp3": "https://files.catbox.moe/juijxf.mp3",
        "correctPlayers": [
            "Neutral",
            "Zylda",
            "Derramao"
        ]
    },
    {
        "animeEng": "Inazuma Eleven",
        "animeRomaji": "Inazuma Eleven",
        "songName": "Shining Power",
        "artist": "Berryz Kobo",
        "type": "Ending 6",
        "correctCount": 24,
        "startTime": 27,
        "songDuration": 89.064,
        "songNumber": 36,
        "activePlayerCount": 142,
        "LinkVideo": "https://files.catbox.moe/g9h4uz.webm",
        "LinkMp3": "https://files.catbox.moe/iojle5.mp3"
    },
    {
        "animeEng": "To LOVE-Ru",
        "animeRomaji": "To LOVE-Ru -Trouble-",
        "songName": "forever we can make it!",
        "artist": "THYME",
        "type": "Opening 1",
        "correctCount": 91,
        "startTime": 35,
        "songDuration": 89.88,
        "songNumber": 37,
        "activePlayerCount": 141,
        "LinkVideo": "https://files.catbox.moe/c6cw17.webm",
        "LinkMp3": "https://files.catbox.moe/nasenk.mp3"
    },
    {
        "animeEng": "Pok\u00e9mon Sun & Moon",
        "animeRomaji": "Pocket Monsters Sun & Moon",
        "songName": "Alola!!",
        "artist": "Rica Matsumoto with Ikue Ootani",
        "type": "Opening 1",
        "correctCount": 40,
        "startTime": 19,
        "songDuration": 71.088,
        "songNumber": 38,
        "activePlayerCount": 142,
        "LinkVideo": "https://files.catbox.moe/szuhew.webm",
        "LinkMp3": "https://files.catbox.moe/5z1d2a.mp3"
    },
    {
        "animeEng": "tada never falls in LOVE",
        "animeRomaji": "Tada-kun wa Koi o Shinai",
        "songName": "Otomodachi Film",
        "artist": "Masayoshi \u014cishi",
        "type": "Opening 1",
        "correctCount": 76,
        "startTime": 21,
        "songDuration": 90.048,
        "songNumber": 39,
        "activePlayerCount": 142,
        "LinkVideo": "https://files.catbox.moe/z6hvmg.webm",
        "LinkMp3": "https://files.catbox.moe/3ilash.mp3"
    },
    {
        "animeEng": "Go! Go! 575",
        "animeRomaji": "Go! Go! 575",
        "songName": "Kotoba Colorful",
        "artist": "Utayome 575",
        "type": "Opening 1",
        "correctCount": 39,
        "startTime": 0,
        "songDuration": 29.16,
        "songNumber": 40,
        "activePlayerCount": 143,
        "LinkVideo": "https://files.catbox.moe/h4ztcz.webm",
        "LinkMp3": "https://files.catbox.moe/dxhkr5.mp3"
    },
    {
        "animeEng": "Fullmetal Alchemist: The Movie - Conqueror of Shamballa",
        "animeRomaji": "Gekij\u014dban Hagane no Renkinjutsushi: Shamballa o Yuku Mono",
        "songName": "Link",
        "artist": "L'Arc~en~Ciel",
        "type": "Opening 1",
        "correctCount": 30,
        "startTime": 5,
        "songDuration": 100.056,
        "songNumber": 41,
        "activePlayerCount": 141,
        "LinkVideo": "https://files.catbox.moe/gnxv8x.webm",
        "LinkMp3": "https://files.catbox.moe/or3yie.mp3"
    },
    {
        "animeEng": "Futari wa Pretty Cure Max Heart",
        "animeRomaji": "Futari wa Precure Max Heart",
        "songName": "Wonder\u2606Winter\u2606Yatta!!",
        "artist": "Mayumi Goj\u014d",
        "type": "Ending 2",
        "correctCount": 14,
        "startTime": 21,
        "songDuration": 89.352,
        "songNumber": 42,
        "activePlayerCount": 142,
        "LinkVideo": "https://files.catbox.moe/c12yjh.webm",
        "LinkMp3": "https://files.catbox.moe/8z3xbj.mp3"
    },
    {
        "animeEng": "Seton Academy: Join the Pack!",
        "animeRomaji": "Murenase! Seton Gakuen",
        "songName": "Ookami Blues",
        "artist": "Hina Kino",
        "type": "Ending 1",
        "correctCount": 61,
        "startTime": 5,
        "songDuration": 88.968,
        "songNumber": 43,
        "activePlayerCount": 143,
        "LinkVideo": "https://files.catbox.moe/lmeuak.webm",
        "LinkMp3": "https://files.catbox.moe/a2jebf.mp3"
    },
    {
        "animeEng": "Shrine of the Morning Mist",
        "animeRomaji": "Asagiri no Miko",
        "songName": "faint love",
        "artist": "Megumi Hayashibara",
        "type": "Opening 1",
        "correctCount": 7,
        "startTime": 14,
        "songDuration": 74.16,
        "songNumber": 44,
        "activePlayerCount": 142,
        "LinkVideo": "https://files.catbox.moe/dpl9zy.webm",
        "LinkMp3": "https://files.catbox.moe/yew1am.mp3"
    },
    {
        "animeEng": "Magical Girl Lyrical Nanoha Detonation",
        "animeRomaji": "Mah\u014d Sh\u014djo Lyrical Nanoha Detonation",
        "songName": "Daylight on Brave",
        "artist": "Satomi Sato",
        "type": "Insert Song",
        "correctCount": 3,
        "startTime": 50,
        "songDuration": 86.568,
        "songNumber": 45,
        "activePlayerCount": 142,
        "LinkVideo": "https://files.catbox.moe/gwnt7o.webm",
        "LinkMp3": "https://files.catbox.moe/p965qn.mp3",
        "correctPlayers": [
            "CookieNami",
            "gaaw",
            "ryser"
        ]
    },
    {
        "animeEng": "Macross Delta Movie: Gekij\u014d no Walk\u00fcre",
        "animeRomaji": "Macross Delta Movie: Gekij\u014d no Walk\u00fcre",
        "songName": "Rune ga Pikatto Hikattara",
        "artist": "Minori Suzuki",
        "type": "Insert Song",
        "correctCount": 65,
        "startTime": 19,
        "songDuration": 109.104,
        "songNumber": 46,
        "activePlayerCount": 142,
        "LinkVideo": "https://files.catbox.moe/eknkxz.webm",
        "LinkMp3": "https://files.catbox.moe/9eaugn.mp3"
    },
    {
        "animeEng": "Fairy Tail",
        "animeRomaji": "Fairy Tail",
        "songName": "STRIKE BACK",
        "artist": "BACK-ON",
        "type": "Opening 2",
        "correctCount": 74,
        "startTime": 49,
        "songDuration": 90.329876,
        "songNumber": 47,
        "activePlayerCount": 142,
        "LinkVideo": "https://files.catbox.moe/cmbyuk.webm",
        "LinkMp3": "https://files.catbox.moe/qjkvzr.mp3"
    },
    {
        "animeEng": "Sakura Wars",
        "animeRomaji": "Sakura Wars",
        "songName": "Gekitei (Geki! Teikoku Kageki-dan)",
        "artist": "Chisa Yokoyama & Teikoku Kageki-dan",
        "type": "Opening 1",
        "correctCount": 58,
        "startTime": 28,
        "songDuration": 89.4,
        "songNumber": 48,
        "activePlayerCount": 141,
        "LinkVideo": "https://files.catbox.moe/5er4gq.webm",
        "LinkMp3": "https://files.catbox.moe/av7nqm.mp3"
    },
    {
        "animeEng": "Pok\u00e9mon the Series: XYZ",
        "animeRomaji": "Pok\u00e9mon XY&Z",
        "songName": "V (Volt)",
        "artist": "Yusuke",
        "type": "Insert Song",
        "correctCount": 104,
        "startTime": 46,
        "songDuration": 125.064,
        "songNumber": 49,
        "activePlayerCount": 141,
        "LinkVideo": "https://files.catbox.moe/dgwunt.webm",
        "LinkMp3": "https://files.catbox.moe/lsrddy.mp3"
    },
    {
        "animeEng": "Natsuyuki Rendezvous",
        "animeRomaji": "Natsuyuki Rendezvous",
        "songName": "Anata ni Deawanakereba ~Kasetsu Touka~",
        "artist": "Aimer",
        "type": "Ending 1",
        "correctCount": 31,
        "startTime": 19,
        "songDuration": 85.056,
        "songNumber": 50,
        "activePlayerCount": 141,
        "LinkVideo": "https://files.catbox.moe/seh3ww.webm",
        "LinkMp3": "https://files.catbox.moe/vetfry.mp3"
    },
    {
        "animeEng": "Leda: The Fantastic Adventure of Yohko",
        "animeRomaji": "Genmu Senki Leda",
        "songName": "Yukue Fumei no Heart-tachi",
        "artist": "Rio Akimoto",
        "type": "Opening 1",
        "correctCount": 5,
        "startTime": 82,
        "songDuration": 121.179958,
        "songNumber": 51,
        "activePlayerCount": 140,
        "LinkVideo": "https://files.catbox.moe/faqbgt.webm",
        "LinkMp3": "https://files.catbox.moe/00sk60.mp3",
        "correctPlayers": [
            "Hoomanity001",
            "80s",
            "OnlyTransformers",
            "anomanderbaked",
            "Legend_"
        ]
    },
    {
        "animeEng": "Pretty Guardian Sailor Moon Crystal: Season III",
        "animeRomaji": "Bish\u014djo Senshi Sailor Moon: Season III",
        "songName": "New Moon ni Koishite",
        "artist": "Mitsuko Horie",
        "type": "Opening 2",
        "correctCount": 17,
        "startTime": 36,
        "songDuration": 89.112,
        "songNumber": 52,
        "activePlayerCount": 140,
        "LinkVideo": "https://files.catbox.moe/udffbn.webm",
        "LinkMp3": "https://files.catbox.moe/omxjt0.mp3"
    },
    {
        "animeEng": "Saint Seiya",
        "animeRomaji": "Saint Seiya",
        "songName": "Soldier Dream",
        "artist": "Hironobu Kageyama & BROADWAY",
        "type": "Opening 2",
        "correctCount": 86,
        "startTime": 18,
        "songDuration": 78.264,
        "songNumber": 53,
        "activePlayerCount": 140,
        "LinkVideo": "https://files.catbox.moe/g7cbkx.webm",
        "LinkMp3": "https://files.catbox.moe/wsqrqi.mp3"
    },
    {
        "animeEng": "Persona -trinity soul-",
        "animeRomaji": "Persona -trinity soul-",
        "songName": "Soul Drive",
        "artist": "Lotus Juice",
        "type": "Insert Song",
        "correctCount": 9,
        "startTime": 7,
        "songDuration": 49.992,
        "songNumber": 54,
        "activePlayerCount": 139,
        "LinkVideo": "https://files.catbox.moe/lf7wvk.webm",
        "LinkMp3": "https://files.catbox.moe/3kw1z6.mp3"
    },
    {
        "animeEng": "Student Council's Discretion",
        "animeRomaji": "Seitokai no Ichizon",
        "songName": "Yurupa Wonderful - 2 Bon",
        "artist": "Hekiy\u014d Gakuen Seitokai",
        "type": "Ending 12",
        "correctCount": 34,
        "startTime": 54,
        "songDuration": 90.528,
        "songNumber": 55,
        "activePlayerCount": 138,
        "LinkVideo": "https://files.catbox.moe/ta3yx1.webm",
        "LinkMp3": "https://files.catbox.moe/5pkqzs.mp3"
    },
    {
        "animeEng": "T\u014dsh\u014d Daimos",
        "animeRomaji": "T\u014dsh\u014d Daimos",
        "songName": "Erika no Ballad",
        "artist": "Kumiko Kaori & Masatake Okura",
        "type": "Ending 1",
        "correctCount": 6,
        "startTime": 10,
        "songDuration": 60.096,
        "songNumber": 56,
        "activePlayerCount": 139,
        "LinkVideo": "https://files.catbox.moe/uh9yjk.webm",
        "LinkMp3": "https://files.catbox.moe/ehl3zi.mp3"
    },
    {
        "animeEng": "Action Heroine Cheer Fruits",
        "animeRomaji": "Action Heroine Cheer Fruits",
        "songName": "Hi no Ataru Basho",
        "artist": "Tokimeki Kanshasai",
        "type": "Ending 1",
        "correctCount": 4,
        "startTime": 39,
        "songDuration": 86.952,
        "songNumber": 57,
        "activePlayerCount": 139,
        "LinkVideo": "https://files.catbox.moe/yxktso.webm",
        "LinkMp3": "https://files.catbox.moe/yeoo4h.mp3",
        "correctPlayers": [
            "eggsdee",
            "Jokobo",
            "anonimus_opinion",
            "ShiroKuro"
        ]
    },
    {
        "animeEng": "Gakuen Utopia Manabi Straight!",
        "animeRomaji": "Gakuen Utopia Manabi Straight!",
        "songName": "Seio Gakuen K\u014dka Gakuensai Ver.",
        "artist": "Yui Horie",
        "type": "Insert Song",
        "correctCount": 14,
        "startTime": 52,
        "songDuration": 208.536,
        "songNumber": 58,
        "activePlayerCount": 139,
        "LinkVideo": "https://files.catbox.moe/vsi8ev.webm",
        "LinkMp3": "https://files.catbox.moe/2q7g01.mp3"
    },
    {
        "animeEng": "Hatsumei Boy Kanipan",
        "animeRomaji": "Hatsumei Boy Kanipan",
        "songName": "Koishite Hajimete Shitta Kimi",
        "artist": "BAAD",
        "type": "Opening 1",
        "correctCount": 4,
        "startTime": 22,
        "songDuration": 79.68,
        "songNumber": 59,
        "activePlayerCount": 139,
        "LinkVideo": "https://files.catbox.moe/9jpmlw.webm",
        "LinkMp3": "https://files.catbox.moe/dyw1f6.mp3",
        "correctPlayers": [
            "Rukawa11",
            "80s",
            "jelly_fish",
            "neulztan"
        ]
    },
    {
        "animeEng": "Rainy Cocoa, Welcome to Rainy Color",
        "animeRomaji": "Ame-iro Cocoa Rainy color e Y\u014dkoso!",
        "songName": "Rainy cocoa",
        "artist": "Rainy Color",
        "type": "Opening 1",
        "correctCount": 39,
        "startTime": 0,
        "songDuration": 29.831324,
        "songNumber": 60,
        "activePlayerCount": 139,
        "LinkVideo": "https://files.catbox.moe/9urz3x.webm",
        "LinkMp3": "https://files.catbox.moe/kku9jh.mp3"
    },
    {
        "animeEng": "Saint Seiya",
        "animeRomaji": "Saint Seiya",
        "songName": "Sayonara no Kawari ni -CAN'T SAY GOOD-BYE-",
        "artist": "MAKE-UP",
        "type": "Insert Song",
        "correctCount": 30,
        "startTime": 36,
        "songDuration": 115.056,
        "songNumber": 61,
        "activePlayerCount": 138,
        "LinkVideo": "https://files.catbox.moe/o3w76f.webm",
        "LinkMp3": "https://files.catbox.moe/e37hp5.mp3"
    },
    {
        "animeEng": "Aikatsu on Parade!",
        "animeRomaji": "Aikatsu on Parade!",
        "songName": "Bon Bon Voyage!",
        "artist": "Risa/Miho from AIKATSU\u2606STARS!",
        "type": "Ending 14",
        "correctCount": 33,
        "startTime": 37,
        "songDuration": 88.56,
        "songNumber": 62,
        "activePlayerCount": 138,
        "LinkVideo": "https://files.catbox.moe/x0kdd0.webm",
        "LinkMp3": "https://files.catbox.moe/xi9eau.mp3"
    },
    {
        "animeEng": "Listeners",
        "animeRomaji": "Listeners",
        "songName": "Borders",
        "artist": "Rie Takahashi",
        "type": "Ending 2",
        "correctCount": 27,
        "startTime": 47,
        "songDuration": 88.056,
        "songNumber": 63,
        "activePlayerCount": 137,
        "LinkVideo": "https://files.catbox.moe/roivz5.webm",
        "LinkMp3": "https://files.catbox.moe/7ji2p4.mp3"
    },
    {
        "animeEng": "Hensuki: Are you willing to fall in love with a pervert, as long as she\u2019s a cutie?",
        "animeRomaji": "Kawaikereba Hentai demo Suki ni Natte Kuremasuka?",
        "songName": "Daisuki.",
        "artist": "Ayaka Ohashi",
        "type": "Opening 1",
        "correctCount": 67,
        "startTime": 3,
        "songDuration": 88.272,
        "songNumber": 64,
        "activePlayerCount": 137,
        "LinkVideo": "https://files.catbox.moe/bxtkjz.webm",
        "LinkMp3": "https://files.catbox.moe/8l3im1.mp3"
    },
    {
        "animeEng": "Magical Girl Ore",
        "animeRomaji": "Mah\u014d Sh\u014djo Ore",
        "songName": "Hachimitsu Flash -Kawaru wa ne-",
        "artist": "Ayaka Ohashi & Sachika Misawa",
        "type": "Ending 2",
        "correctCount": 7,
        "startTime": 12,
        "songDuration": 101.016,
        "songNumber": 65,
        "activePlayerCount": 136,
        "LinkVideo": "https://files.catbox.moe/h3p6sa.webm",
        "LinkMp3": "https://files.catbox.moe/7hd92u.mp3"
    },
    {
        "animeEng": "Strike Witches Operation Victory Arrow",
        "animeRomaji": "Strike Witches Operation Victory Arrow",
        "songName": "Fly away",
        "artist": "Rie Tanaka, Sakura Nogawa, Mie Sonozaki",
        "type": "Ending 1",
        "correctCount": 9,
        "startTime": 12,
        "songDuration": 88.44,
        "songNumber": 66,
        "activePlayerCount": 135,
        "LinkVideo": "https://files.catbox.moe/klzt1v.webm",
        "LinkMp3": "https://files.catbox.moe/opjase.mp3"
    },
    {
        "animeEng": "Wake Up, Girls!: The Movie",
        "animeRomaji": "Wake Up, Girls!: The Movie",
        "songName": "Little Challenger",
        "artist": "I-1 club",
        "type": "Insert Song",
        "correctCount": 16,
        "startTime": 1,
        "songDuration": 49.056,
        "songNumber": 67,
        "activePlayerCount": 136,
        "LinkVideo": "https://files.catbox.moe/smadao.webm",
        "LinkMp3": "https://files.catbox.moe/rad5n6.mp3"
    },
    {
        "animeEng": "Pupa",
        "animeRomaji": "Pupa",
        "songName": "pupa",
        "artist": "Ibuki Kido & Erii Yamazaki",
        "type": "Opening 1",
        "correctCount": 107,
        "startTime": 0,
        "songDuration": 29.328,
        "songNumber": 68,
        "activePlayerCount": 135,
        "LinkVideo": "https://files.catbox.moe/r2o8vw.webm",
        "LinkMp3": "https://files.catbox.moe/9yr0la.mp3"
    },
    {
        "animeEng": "Overlord: Shikkoku no Senshi",
        "animeRomaji": "Overlord: Shikkoku no Senshi",
        "songName": "Laughter Slaughter",
        "artist": "OxT",
        "type": "Ending 1",
        "correctCount": 40,
        "startTime": 21,
        "songDuration": 198.576,
        "songNumber": 69,
        "activePlayerCount": 137,
        "LinkVideo": "https://files.catbox.moe/uzwp0f.webm",
        "LinkMp3": "https://files.catbox.moe/r4osge.mp3"
    },
    {
        "animeEng": "Miyuki",
        "animeRomaji": "Miyuki",
        "songName": "Good-bye Season",
        "artist": "H2O",
        "type": "Ending 3",
        "correctCount": 2,
        "startTime": 39,
        "songDuration": 103.056,
        "songNumber": 70,
        "activePlayerCount": 137,
        "LinkVideo": "https://files.catbox.moe/e5aok5.webm",
        "LinkMp3": "https://files.catbox.moe/cv5z2f.mp3",
        "correctPlayers": [
            "Igg1",
            "ChrisLefko"
        ]
    },
    {
        "animeEng": "Mushi-Shi",
        "animeRomaji": "Mushishi",
        "songName": "Yama Nemuru",
        "artist": "Toshio Masuda",
        "type": "Ending 11",
        "correctCount": 58,
        "startTime": 1,
        "songDuration": 40.854808,
        "songNumber": 71,
        "activePlayerCount": 136,
        "LinkVideo": "https://files.catbox.moe/uuwlht.webm",
        "LinkMp3": "https://files.catbox.moe/pmv2vd.mp3"
    },
    {
        "animeEng": "Sakura Wars",
        "animeRomaji": "Sakura Wars",
        "songName": "Gekitei Ondo",
        "artist": "Mayumi Tanaka",
        "type": "Ending 2",
        "correctCount": 63,
        "startTime": 54,
        "songDuration": 89.04,
        "songNumber": 72,
        "activePlayerCount": 136,
        "LinkVideo": "https://files.catbox.moe/lfz97v.webm",
        "LinkMp3": "https://files.catbox.moe/9ck41e.mp3"
    },
    {
        "animeEng": "Aikatsu!",
        "animeRomaji": "Aikatsu!",
        "songName": "Tarte Tatin",
        "artist": "Mona from AIKATSU\u2606STARS!",
        "type": "Insert Song",
        "correctCount": 31,
        "startTime": 70,
        "songDuration": 112.872,
        "songNumber": 73,
        "activePlayerCount": 136,
        "LinkVideo": "https://files.catbox.moe/i4kb9x.webm",
        "LinkMp3": "https://files.catbox.moe/hqqfqk.mp3"
    },
    {
        "animeEng": "Midnight occult civil servants",
        "animeRomaji": "Mayonaka no Occult K\u014dmuin",
        "songName": "dis-communicate",
        "artist": "Jun Fukuyama",
        "type": "Opening 1",
        "correctCount": 19,
        "startTime": 7,
        "songDuration": 87.926652,
        "songNumber": 74,
        "activePlayerCount": 136,
        "LinkVideo": "https://files.catbox.moe/6uefgt.webm",
        "LinkMp3": "https://files.catbox.moe/w5b6n3.mp3"
    },
    {
        "animeEng": "Zegapain",
        "animeRomaji": "Zegapain",
        "songName": "Kimi e Mukau Hikari",
        "artist": "Akino Arai",
        "type": "Opening 1",
        "correctCount": 13,
        "startTime": 17,
        "songDuration": 89.52,
        "songNumber": 75,
        "activePlayerCount": 133,
        "LinkVideo": "https://files.catbox.moe/bq5yb7.webm",
        "LinkMp3": "https://files.catbox.moe/pzq5ik.mp3"
    }
]