[
    {
        "animeEng": "IDOLiSH7",
        "animeRomaji": "IDOLiSH7",
        "songName": "NATSU\u2606Shiyouze!",
        "artist": "TRIGGER",
        "type": "Insert Song",
        "correctCount": 53,
        "startTime": 4,
        "songDuration": 42.048,
        "songNumber": 1,
        "activePlayerCount": 240,
        "LinkVideo": "https://files.catbox.moe/0mebdm.webm",
        "LinkMp3": "https://files.catbox.moe/60wli9.mp3"
    },
    {
        "animeEng": "Juden Chan",
        "animeRomaji": "Fight Ippatsu! J\u016bden-chan!!",
        "songName": "CHARGE!",
        "artist": "Kaori Fukuhara & Ayahi Takagaki",
        "type": "Opening 1",
        "correctCount": 9,
        "startTime": 27,
        "songDuration": 88.56,
        "songNumber": 2,
        "activePlayerCount": 241,
        "LinkVideo": "https://files.catbox.moe/8bwj0y.webm",
        "LinkMp3": "https://files.catbox.moe/pmaf9z.mp3"
    },
    {
        "animeEng": "Gingitsune: Messenger Fox of the Gods",
        "animeRomaji": "Gingitsune",
        "songName": "tiny lamp",
        "artist": "fh\u00e1na",
        "type": "Opening 1",
        "correctCount": 30,
        "startTime": 39,
        "songDuration": 89.568,
        "songNumber": 3,
        "activePlayerCount": 240,
        "LinkVideo": "https://files.catbox.moe/clxvd4.webm",
        "LinkMp3": "https://files.catbox.moe/v0e6st.mp3"
    },
    {
        "animeEng": "Celestial Method",
        "animeRomaji": "Sora no Method",
        "songName": "Hoshikuzu no Interlude",
        "artist": "fh\u00e1na",
        "type": "Ending 1",
        "correctCount": 47,
        "startTime": 13,
        "songDuration": 89.136,
        "songNumber": 4,
        "activePlayerCount": 241,
        "LinkVideo": "https://files.catbox.moe/5fydbr.webm",
        "LinkMp3": "https://files.catbox.moe/xz3ejf.mp3"
    },
    {
        "animeEng": "Dragon Half",
        "animeRomaji": "Dragon Half",
        "songName": "Watashi no Tamagoyaki",
        "artist": "Kotono Mitsuishi",
        "type": "Ending 1",
        "correctCount": 15,
        "startTime": 35,
        "songDuration": 164.184,
        "songNumber": 5,
        "activePlayerCount": 240,
        "LinkVideo": "https://files.catbox.moe/yjsfep.webm",
        "LinkMp3": "https://files.catbox.moe/jmt63j.mp3"
    },
    {
        "animeEng": "Full Metal Panic!",
        "animeRomaji": "Full Metal Panic!",
        "songName": "Karenai Hana",
        "artist": "Mikuni Shimokawa",
        "type": "Ending 1",
        "correctCount": 36,
        "startTime": 13,
        "songDuration": 88.128,
        "songNumber": 6,
        "activePlayerCount": 239,
        "LinkVideo": "https://files.catbox.moe/xarf3x.webm",
        "LinkMp3": "https://files.catbox.moe/u92fju.mp3"
    },
    {
        "animeEng": "The Chocolate Panic Picture Show",
        "animeRomaji": "The Chocolate Panic Picture Show",
        "songName": "SATURDAY NIGHT SPECIAL",
        "artist": "OPEN SESAME!",
        "type": "Insert Song",
        "correctCount": 8,
        "startTime": 21,
        "songDuration": 179.376,
        "songNumber": 7,
        "activePlayerCount": 239,
        "LinkVideo": "https://files.catbox.moe/rq928g.webm",
        "LinkMp3": "https://files.catbox.moe/badogq.mp3"
    },
    {
        "animeEng": "The Vision of Escaflowne",
        "animeRomaji": "Tenk\u016b no Escaflowne",
        "songName": "Yakusoku wa Iranai",
        "artist": "Maaya Sakamoto",
        "type": "Opening 1",
        "correctCount": 79,
        "startTime": 41,
        "songDuration": 88.848,
        "songNumber": 8,
        "activePlayerCount": 238,
        "LinkVideo": "https://files.catbox.moe/o56d6v.webm",
        "LinkMp3": "https://files.catbox.moe/alpp3r.mp3"
    },
    {
        "animeEng": "Revolutionary Girl Utena",
        "animeRomaji": "Sh\u014djo Kakumei Utena",
        "songName": "Fuuin Jubaku",
        "artist": "Suginami Jidou Gasshou-dan, Maki Kamiya, Kunihiko Ikuhara, Shinkichi Mitsumune",
        "type": "Insert Song",
        "correctCount": 63,
        "startTime": 57,
        "songDuration": 104.208,
        "songNumber": 9,
        "activePlayerCount": 238,
        "LinkVideo": "https://files.catbox.moe/g3n23g.webm",
        "LinkMp3": "https://files.catbox.moe/9nhmb2.mp3"
    },
    {
        "animeEng": "Love Bullet: Yurikuma Arashi",
        "animeRomaji": "Yurikuma Arashi",
        "songName": "Yuri, Shounin!",
        "artist": "Nana Condo",
        "type": "Insert Song",
        "correctCount": 30,
        "startTime": 6,
        "songDuration": 129.12,
        "songNumber": 10,
        "activePlayerCount": 238,
        "LinkVideo": "https://files.catbox.moe/afpemz.webm",
        "LinkMp3": "https://files.catbox.moe/2je3r2.mp3"
    },
    {
        "animeEng": "Pretty Rhythm Dear My Future",
        "animeRomaji": "Pretty Rhythm Dear My Future",
        "songName": "Shuwa Shuwa BABY",
        "artist": "PURETTY",
        "type": "Ending 4",
        "correctCount": 15,
        "startTime": 3,
        "songDuration": 89.448,
        "songNumber": 11,
        "activePlayerCount": 238,
        "LinkVideo": "https://files.catbox.moe/evajkm.webm",
        "LinkMp3": "https://files.catbox.moe/zkiw8w.mp3"
    },
    {
        "animeEng": "One Outs",
        "animeRomaji": "One Outs",
        "songName": "Bury",
        "artist": "Pay money To my Pain",
        "type": "Opening 1",
        "correctCount": 111,
        "startTime": 9,
        "songDuration": 78.504,
        "songNumber": 12,
        "activePlayerCount": 238,
        "LinkVideo": "https://files.catbox.moe/mbrc5k.webm",
        "LinkMp3": "https://files.catbox.moe/7w95zt.mp3"
    },
    {
        "animeEng": "Mob Psycho 100 Reigen",
        "animeRomaji": "Mob Psycho 100 Reigen: Shirarezaru Kiseki Rein\u014dryokusha",
        "songName": "99",
        "artist": "MOB CHOIR",
        "type": "Opening 1",
        "correctCount": 216,
        "startTime": 29,
        "songDuration": 88.992,
        "songNumber": 13,
        "activePlayerCount": 237,
        "LinkVideo": "https://files.catbox.moe/2c12lp.webm",
        "LinkMp3": "https://files.catbox.moe/cc1x70.mp3"
    },
    {
        "animeEng": "Uta\u223dKata",
        "animeRomaji": "Utakata",
        "songName": "Itsuka Tokeru Namida",
        "artist": "savage genius",
        "type": "Ending 1",
        "correctCount": 19,
        "startTime": 53,
        "songDuration": 87.744,
        "songNumber": 14,
        "activePlayerCount": 238,
        "LinkVideo": "https://files.catbox.moe/98bnah.webm",
        "LinkMp3": "https://files.catbox.moe/bjldtn.mp3"
    },
    {
        "animeEng": "Detroit Metal City",
        "animeRomaji": "Detroit Metal City",
        "songName": "Death Penis",
        "artist": "Yuji Ueda",
        "type": "Insert Song",
        "correctCount": 85,
        "startTime": 0,
        "songDuration": 27.528,
        "songNumber": 15,
        "activePlayerCount": 236,
        "LinkVideo": "https://files.catbox.moe/n90li0.webm",
        "LinkMp3": "https://files.catbox.moe/3ib4ny.mp3"
    },
    {
        "animeEng": "Nightwalker: The Midnight Detective",
        "animeRomaji": "Mayonaka no Tantei - Nightwalker",
        "songName": "Gessekai",
        "artist": "BUCK-TICK",
        "type": "Opening 1",
        "correctCount": 12,
        "startTime": 1,
        "songDuration": 88.392,
        "songNumber": 16,
        "activePlayerCount": 237,
        "LinkVideo": "https://files.catbox.moe/2tfi8u.webm",
        "LinkMp3": "https://files.catbox.moe/a8f0dx.mp3"
    },
    {
        "animeEng": "Psychic Wars",
        "animeRomaji": "Soju Senshi Psychic Wars",
        "songName": "Kizuna",
        "artist": "Masatoshi Nakamura",
        "type": "Ending 1",
        "correctCount": 1,
        "startTime": 73,
        "songDuration": 171.048,
        "songNumber": 17,
        "activePlayerCount": 237,
        "LinkVideo": "https://files.catbox.moe/tyv28l.webm",
        "LinkMp3": "https://files.catbox.moe/ofsqsh.mp3",
        "correctPlayers": [
            "SuperstarPearl"
        ]
    },
    {
        "animeEng": "The File of Young Kindaichi Returns",
        "animeRomaji": "Kindaichi Sh\u014dnen no Jikenbo R",
        "songName": "Yonj\u016bshi",
        "artist": "NEWS",
        "type": "Opening 1",
        "correctCount": 5,
        "startTime": 50,
        "songDuration": 88.008,
        "songNumber": 18,
        "activePlayerCount": 237,
        "LinkVideo": "https://files.catbox.moe/jrhknt.webm",
        "LinkMp3": "https://files.catbox.moe/pdlpqt.mp3",
        "correctPlayers": [
            "yahallonyanpasu",
            "anonimus_opinion",
            "oh95",
            "shadowpandax",
            "theyingster"
        ]
    },
    {
        "animeEng": "Aesthetica of a Rogue Hero",
        "animeRomaji": "Hagure Y\u016bsha no Aesthetica",
        "songName": "Ai no Sei de Nemurenai",
        "artist": "Aki Misato",
        "type": "Ending 1",
        "correctCount": 29,
        "startTime": 30,
        "songDuration": 88.056,
        "songNumber": 19,
        "activePlayerCount": 237,
        "LinkVideo": "https://files.catbox.moe/vgguzx.webm",
        "LinkMp3": "https://files.catbox.moe/lkn342.mp3"
    },
    {
        "animeEng": "Mushi-Shi",
        "animeRomaji": "Mushishi",
        "songName": "Yama Nemuru",
        "artist": "Toshio Masuda",
        "type": "Ending 11",
        "correctCount": 109,
        "startTime": 2,
        "songDuration": 40.854808,
        "songNumber": 20,
        "activePlayerCount": 237,
        "LinkVideo": "https://files.catbox.moe/uuwlht.webm",
        "LinkMp3": "https://files.catbox.moe/pmv2vd.mp3"
    },
    {
        "animeEng": "Armored Trooper Votoms: Red Shoulder Document - Roots of Treachery",
        "animeRomaji": "Soukou Kihei VOTOMS: Red Shoulder Document - Yabou no Roots",
        "songName": "Hon\u014d no Sadame",
        "artist": "Tetsuro Oda",
        "type": "Opening 1",
        "correctCount": 78,
        "startTime": 1,
        "songDuration": 87.384,
        "songNumber": 21,
        "activePlayerCount": 235,
        "LinkVideo": "https://files.catbox.moe/cqui8i.webm",
        "LinkMp3": "https://files.catbox.moe/81d2kg.mp3"
    },
    {
        "animeEng": "Mr Love: Queen's Choice",
        "animeRomaji": "Koi to Producer: EVOL\u00d7LOVE",
        "songName": "Nibi-iro no Yoake",
        "artist": "Y\u016btar\u014d Miura",
        "type": "Opening 1",
        "correctCount": 27,
        "startTime": 35,
        "songDuration": 93.888,
        "songNumber": 22,
        "activePlayerCount": 234,
        "LinkVideo": "https://files.catbox.moe/z39e2q.webm",
        "LinkMp3": "https://files.catbox.moe/uqx5m5.mp3"
    },
    {
        "animeEng": "Akuei to Gacchinpo",
        "animeRomaji": "Akuei to Gacchinpo",
        "songName": "Ura Gacchinpo no Theme",
        "artist": "UNCO\u2605STAR",
        "type": "Opening 1",
        "correctCount": 16,
        "startTime": 14,
        "songDuration": 79.92,
        "songNumber": 23,
        "activePlayerCount": 234,
        "LinkVideo": "https://files.catbox.moe/54jrvm.webm",
        "LinkMp3": "https://files.catbox.moe/53r8b9.mp3"
    },
    {
        "animeEng": "Lucky Star",
        "animeRomaji": "Lucky Star OVA",
        "songName": "Ai o Torimodose!!",
        "artist": "Uchoten",
        "type": "Ending 1",
        "correctCount": 176,
        "startTime": 55,
        "songDuration": 106.824,
        "songNumber": 24,
        "activePlayerCount": 233,
        "LinkVideo": "https://files.catbox.moe/9g7uwj.webm",
        "LinkMp3": "https://files.catbox.moe/lomjyq.mp3"
    },
    {
        "animeEng": "Mattsu to Yanma to Moburi-san: Nanatsu no Hih\u014d to Soratobu Oshiro",
        "animeRomaji": "Mattsu to Yanma to Moburi-san: Nanatsu no Hih\u014d to Soratobu Oshiro",
        "songName": "Travelers High",
        "artist": "Sukima Switch",
        "type": "Ending 1",
        "correctCount": 20,
        "startTime": 35,
        "songDuration": 87.144,
        "songNumber": 25,
        "activePlayerCount": 233,
        "LinkVideo": "https://files.catbox.moe/zqwnql.webm",
        "LinkMp3": "https://files.catbox.moe/dsr0u8.mp3"
    },
    {
        "animeEng": "Garo: Crimson Moon",
        "animeRomaji": "Garo: Guren no Tsuki",
        "songName": "Guren no Tsuki ~Kakusareshi Yami Monogatari~",
        "artist": "Masaaki Endoh (JAM Project)",
        "type": "Opening 5",
        "correctCount": 9,
        "startTime": 4,
        "songDuration": 88.224,
        "songNumber": 26,
        "activePlayerCount": 233,
        "LinkVideo": "https://files.catbox.moe/7m4kgy.webm",
        "LinkMp3": "https://files.catbox.moe/wjx5bk.mp3"
    },
    {
        "animeEng": "Flowers of Evil",
        "animeRomaji": "Aku no Hana",
        "songName": "Hana -a last flower-",
        "artist": "ASA-CHANG & Junray",
        "type": "Ending 1",
        "correctCount": 119,
        "startTime": 71,
        "songDuration": 121.824,
        "songNumber": 27,
        "activePlayerCount": 231,
        "LinkVideo": "https://files.catbox.moe/sj5i6m.webm",
        "LinkMp3": "https://files.catbox.moe/s222d1.mp3"
    },
    {
        "animeEng": "Buzzer Beater",
        "animeRomaji": "Buzzer Beater",
        "songName": "Hideyoshi no Theme (Opening ~ver)",
        "artist": "Koichiro Kameyama",
        "type": "Opening 1",
        "correctCount": 26,
        "startTime": 22,
        "songDuration": 88.32,
        "songNumber": 28,
        "activePlayerCount": 230,
        "LinkVideo": "https://files.catbox.moe/5warhv.webm",
        "LinkMp3": "https://files.catbox.moe/s7d6l8.mp3"
    },
    {
        "animeEng": "Love and Lies",
        "animeRomaji": "Koi to Uso",
        "songName": "Kanashii Ureshii",
        "artist": "Frederic",
        "type": "Opening 1",
        "correctCount": 187,
        "startTime": 46,
        "songDuration": 88.848,
        "songNumber": 29,
        "activePlayerCount": 232,
        "LinkVideo": "https://files.catbox.moe/yiu3do.webm",
        "LinkMp3": "https://files.catbox.moe/fdivlt.mp3"
    },
    {
        "animeEng": "Initial D: Fourth Stage",
        "animeRomaji": "Initial D: Fourth Stage",
        "songName": "THE FIRE'S ON ME",
        "artist": "SPOCK",
        "type": "Insert Song",
        "correctCount": 15,
        "startTime": 8,
        "songDuration": 114.12,
        "songNumber": 30,
        "activePlayerCount": 232,
        "LinkVideo": "https://files.catbox.moe/i9oozm.webm",
        "LinkMp3": "https://files.catbox.moe/alghbz.mp3"
    },
    {
        "animeEng": "Aquarion",
        "animeRomaji": "S\u014dsei no Aquarion",
        "songName": "S\u014dsei no Aquarion",
        "artist": "AKINO",
        "type": "Opening 1",
        "correctCount": 105,
        "startTime": 23,
        "songDuration": 89.112,
        "songNumber": 31,
        "activePlayerCount": 232,
        "LinkVideo": "https://files.catbox.moe/z7y122.webm",
        "LinkMp3": "https://files.catbox.moe/cq3mlo.mp3"
    },
    {
        "animeEng": "Massugu ni Ik\u014d",
        "animeRomaji": "Massugu ni Ik\u014d",
        "songName": "Dorob\u014d",
        "artist": "aiko",
        "type": "Opening 1",
        "correctCount": 9,
        "startTime": 46,
        "songDuration": 86.208,
        "songNumber": 32,
        "activePlayerCount": 232,
        "LinkVideo": "https://files.catbox.moe/i93jln.webm",
        "LinkMp3": "https://files.catbox.moe/4rkai5.mp3"
    },
    {
        "animeEng": "Getter Robo",
        "animeRomaji": "Getter Robo",
        "songName": "Getter Robo!",
        "artist": "Isao Sasaki",
        "type": "Opening 1",
        "correctCount": 155,
        "startTime": 20,
        "songDuration": 70.296,
        "songNumber": 33,
        "activePlayerCount": 232,
        "LinkVideo": "https://files.catbox.moe/hx1pqr.webm",
        "LinkMp3": "https://files.catbox.moe/qoc6gg.mp3"
    },
    {
        "animeEng": "Lady Georgie",
        "animeRomaji": "Lady Georgie",
        "songName": "Wasurerareta Message",
        "artist": "Yuriko Yamamoto",
        "type": "Opening 1",
        "correctCount": 5,
        "startTime": 34,
        "songDuration": 70.872,
        "songNumber": 34,
        "activePlayerCount": 231,
        "LinkVideo": "https://files.catbox.moe/k2q8rt.webm",
        "LinkMp3": "https://files.catbox.moe/qqvjet.mp3",
        "correctPlayers": [
            "OnlyBandMaid",
            "Luiseiti",
            "Henacle",
            "Momiko",
            "SuperstarPearl"
        ]
    },
    {
        "animeEng": "Pretty Rhythm Dear My Future",
        "animeRomaji": "Pretty Rhythm Dear My Future",
        "songName": "LolitA\u2606Strawberry in summer",
        "artist": "TOKYO GIRLS' STYLE",
        "type": "Insert Song",
        "correctCount": 3,
        "startTime": 0,
        "songDuration": 26.064,
        "songNumber": 35,
        "activePlayerCount": 230,
        "LinkVideo": "https://files.catbox.moe/4bvofg.webm",
        "LinkMp3": "https://files.catbox.moe/oefzp7.mp3",
        "correctPlayers": [
            "anomanderbaked",
            "redeyes",
            "TheHellDuelist"
        ]
    },
    {
        "animeEng": "Doraemon the Movie: Nobita's Chronicle of the Moon Exploration",
        "animeRomaji": "Doraemon the Movie: Nobita's Chronicle of the Moon Exploration",
        "songName": "Yume o Kanaete Doraemon",
        "artist": "mao feat. Himawari Kids",
        "type": "Opening 1",
        "correctCount": 152,
        "startTime": 31,
        "songDuration": 89.064,
        "songNumber": 36,
        "activePlayerCount": 230,
        "LinkVideo": "https://files.catbox.moe/b8ch9b.webm",
        "LinkMp3": "https://files.catbox.moe/jjj0xh.mp3"
    },
    {
        "animeEng": "Nazotokine",
        "animeRomaji": "Nazotokine",
        "songName": "Dessan",
        "artist": "Eriko Matsui",
        "type": "Insert Song",
        "correctCount": 11,
        "startTime": 16,
        "songDuration": 55.152,
        "songNumber": 37,
        "activePlayerCount": 231,
        "LinkVideo": "https://files.catbox.moe/axqbyf.webm",
        "LinkMp3": "https://files.catbox.moe/nb2pw4.mp3"
    },
    {
        "animeEng": "Black Lagoon: The Second Barrage",
        "animeRomaji": "Black Lagoon: The Second Barrage",
        "songName": "Don't Look Behind",
        "artist": "EDISON",
        "type": "Ending 1",
        "correctCount": 93,
        "startTime": 7,
        "songDuration": 87.024,
        "songNumber": 38,
        "activePlayerCount": 229,
        "LinkVideo": "https://files.catbox.moe/yi453l.webm",
        "LinkMp3": "https://files.catbox.moe/yf3qfs.mp3"
    },
    {
        "animeEng": "Dimension W",
        "animeRomaji": "Dimension W",
        "songName": "Genesis",
        "artist": "STEREO DIVE FOUNDATION",
        "type": "Opening 1",
        "correctCount": 143,
        "startTime": 3,
        "songDuration": 90.072,
        "songNumber": 39,
        "activePlayerCount": 229,
        "LinkVideo": "https://files.catbox.moe/t1j3kl.webm",
        "LinkMp3": "https://files.catbox.moe/gl8vdc.mp3"
    },
    {
        "animeEng": "Dragon Ball Z: Broly - Second Coming",
        "animeRomaji": "Dragon Ball Z: Kiken na Futari! Super Senshi wa Nemurenai",
        "songName": "WE GOTTA POWER",
        "artist": "Hironobu Kageyama",
        "type": "Opening 1",
        "correctCount": 197,
        "startTime": 24,
        "songDuration": 106.551638,
        "songNumber": 40,
        "activePlayerCount": 229,
        "LinkVideo": "https://files.catbox.moe/g6l594.webm",
        "LinkMp3": "https://files.catbox.moe/mpznc0.mp3"
    },
    {
        "animeEng": "Kobayashi ga Kawai Sugite Tsurai!!",
        "animeRomaji": "Kobayashi ga Kawai Sugite Tsurai!!",
        "songName": "You are My Miracle",
        "artist": "palet",
        "type": "Ending 1",
        "correctCount": 1,
        "startTime": 3,
        "songDuration": 88.104,
        "songNumber": 41,
        "activePlayerCount": 230,
        "LinkVideo": "https://files.catbox.moe/aea01y.webm",
        "LinkMp3": "https://files.catbox.moe/sbrkht.mp3",
        "correctPlayers": [
            "Steelrocket"
        ]
    },
    {
        "animeEng": "Brothers Conflict",
        "animeRomaji": "BroCon",
        "songName": "MY SWEET HEAVEN\u2642\u2640",
        "artist": "Gero",
        "type": "Opening 1",
        "correctCount": 15,
        "startTime": 11,
        "songDuration": 88.248,
        "songNumber": 42,
        "activePlayerCount": 230,
        "LinkVideo": "https://files.catbox.moe/q41jnr.webm",
        "LinkMp3": "https://files.catbox.moe/ocynyl.mp3"
    },
    {
        "animeEng": "Carnival Phantasm",
        "animeRomaji": "Carnival Phantasm",
        "songName": "Super Affection",
        "artist": "Minami Kuribayashi, Miyuki Hashimoto, Faylan, Aki Misato, yozuca*, rino",
        "type": "Opening 1",
        "correctCount": 133,
        "startTime": 48,
        "songDuration": 94.992,
        "songNumber": 43,
        "activePlayerCount": 230,
        "LinkVideo": "https://files.catbox.moe/tdhmrm.webm",
        "LinkMp3": "https://files.catbox.moe/bhg3zx.mp3"
    },
    {
        "animeEng": "Rurouni Kenshin: The Motion Picture",
        "animeRomaji": "Rurouni Kenshin: Ishin Shishi no Requiem",
        "songName": "Niji",
        "artist": "L'Arc~en~Ciel",
        "type": "Opening 1",
        "correctCount": 8,
        "startTime": 48,
        "songDuration": 133.013224,
        "songNumber": 44,
        "activePlayerCount": 230,
        "LinkVideo": "https://files.catbox.moe/szo2yc.webm",
        "LinkMp3": "https://files.catbox.moe/tntfq8.mp3"
    },
    {
        "animeEng": "Boogiepop Phantom",
        "animeRomaji": "Boogiepop wa Warawanai",
        "songName": "Y\u016bdachi",
        "artist": "Shikao Suga",
        "type": "Opening 1",
        "correctCount": 43,
        "startTime": 50,
        "songDuration": 87.672,
        "songNumber": 45,
        "activePlayerCount": 230,
        "LinkVideo": "https://files.catbox.moe/71elg6.webm",
        "LinkMp3": "https://files.catbox.moe/fyv8ux.mp3"
    },
    {
        "animeEng": "Ple Ple Pleiades - Clementine T\u014db\u014d-hen",
        "animeRomaji": "Ple Ple Pleiades - Clementine T\u014db\u014d-hen",
        "songName": "Party Out!!",
        "artist": "OxT",
        "type": "Opening 1",
        "correctCount": 13,
        "startTime": 20,
        "songDuration": 89.448,
        "songNumber": 46,
        "activePlayerCount": 230,
        "LinkVideo": "https://files.catbox.moe/v5py5v.webm",
        "LinkMp3": "https://files.catbox.moe/vvx4sv.mp3"
    },
    {
        "animeEng": "Tweeny Witches",
        "animeRomaji": "Mah\u014d Sh\u014djo Tai Arusu",
        "songName": "Arusu ~Main Theme~",
        "artist": "Tamiya Terashima (Rentrak Japan)",
        "type": "Opening 1",
        "correctCount": 12,
        "startTime": 52,
        "songDuration": 88.762556,
        "songNumber": 47,
        "activePlayerCount": 230,
        "LinkVideo": "https://files.catbox.moe/gkye8n.webm",
        "LinkMp3": "https://files.catbox.moe/wctk3l.mp3"
    },
    {
        "animeEng": "Mahou Sensei Negima!: M\u014d Hitotsu no Sekai",
        "animeRomaji": "Mahou Sensei Negima!: M\u014d Hitotsu no Sekai",
        "songName": "Get a Chance!",
        "artist": "Rina Sat\u014d & Rikiya Koyama",
        "type": "Ending 3",
        "correctCount": 5,
        "startTime": 6,
        "songDuration": 69.12,
        "songNumber": 48,
        "activePlayerCount": 230,
        "LinkVideo": "https://files.catbox.moe/ku3utc.webm",
        "LinkMp3": "https://files.catbox.moe/37ov0t.mp3",
        "correctPlayers": [
            "FRIEND",
            "jun209",
            "Huntson",
            "asleep",
            "Steelrocket"
        ]
    },
    {
        "animeEng": "Beelzebub",
        "animeRomaji": "Beelzebub",
        "songName": "Baby U!",
        "artist": "MBLAQ",
        "type": "Opening 4",
        "correctCount": 36,
        "startTime": 29,
        "songDuration": 89.496,
        "songNumber": 49,
        "activePlayerCount": 229,
        "LinkVideo": "https://files.catbox.moe/768yts.webm",
        "LinkMp3": "https://files.catbox.moe/y8aa9m.mp3"
    },
    {
        "animeEng": "Big Order",
        "animeRomaji": "Big Order",
        "songName": "DISORDER",
        "artist": "Yousei Teikoku",
        "type": "Opening 1",
        "correctCount": 96,
        "startTime": 28,
        "songDuration": 89.04,
        "songNumber": 50,
        "activePlayerCount": 229,
        "LinkVideo": "https://files.catbox.moe/nndepb.webm",
        "LinkMp3": "https://files.catbox.moe/r7eyze.mp3"
    },
    {
        "animeEng": "Sleepy Princess in the Demon Castle",
        "animeRomaji": "Ma\u014dj\u014d de Oyasumi",
        "songName": "Gimmme!",
        "artist": "ORESAMA",
        "type": "Ending 1",
        "correctCount": 75,
        "startTime": 17,
        "songDuration": 87.264,
        "songNumber": 51,
        "activePlayerCount": 229,
        "LinkVideo": "https://files.catbox.moe/xkodf2.webm",
        "LinkMp3": "https://files.catbox.moe/iehbxr.mp3"
    },
    {
        "animeEng": "Doraemon: Nobita no Shin Makai Daib\u014dken - Shichinin no Mah\u014dtsukai",
        "animeRomaji": "Doraemon: Nobita no Shin Makai Daib\u014dken - Shichinin no Mah\u014dtsukai",
        "songName": "Kakegae no Nai Uta",
        "artist": "Mihimaru GT",
        "type": "Ending 1",
        "correctCount": 2,
        "startTime": 155,
        "songDuration": 200.04,
        "songNumber": 52,
        "activePlayerCount": 229,
        "LinkVideo": "https://files.catbox.moe/ljoeng.webm",
        "LinkMp3": "https://files.catbox.moe/z5ztsi.mp3",
        "correctPlayers": [
            "yahallonyanpasu",
            "angelofeternity"
        ]
    },
    {
        "animeEng": "Destiny of the Shrine Maiden",
        "animeRomaji": "Kannazuki no Miko",
        "songName": "Agony",
        "artist": "KOTOKO",
        "type": "Ending 1",
        "correctCount": 79,
        "startTime": 29,
        "songDuration": 99.96,
        "songNumber": 53,
        "activePlayerCount": 228,
        "LinkVideo": "https://files.catbox.moe/brhx6t.webm",
        "LinkMp3": "https://files.catbox.moe/0el79n.mp3"
    },
    {
        "animeEng": "Anima Yell!",
        "animeRomaji": "Anima Yell!",
        "songName": "The Journey",
        "artist": "Astha Shrestha",
        "type": "Insert Song",
        "correctCount": 29,
        "startTime": 21,
        "songDuration": 61.056,
        "songNumber": 54,
        "activePlayerCount": 228,
        "LinkVideo": "https://files.catbox.moe/oqjiox.webm",
        "LinkMp3": "https://files.catbox.moe/7d8ngb.mp3"
    },
    {
        "animeEng": "RahXephon",
        "animeRomaji": "RahXephon",
        "songName": "Hemisphere",
        "artist": "Maaya Sakamoto",
        "type": "Opening 1",
        "correctCount": 52,
        "startTime": 45,
        "songDuration": 89.544,
        "songNumber": 55,
        "activePlayerCount": 228,
        "LinkVideo": "https://files.catbox.moe/jhexhu.webm",
        "LinkMp3": "https://files.catbox.moe/ibbuk3.mp3"
    },
    {
        "animeEng": "22/7 (nanabun no nijy\u016bni)",
        "animeRomaji": "22/7",
        "songName": "Koisuru Fortune Cookie",
        "artist": "Aimi Tanaka & Ruri Umino",
        "type": "Insert Song",
        "correctCount": 31,
        "startTime": 3,
        "songDuration": 82.728,
        "songNumber": 56,
        "activePlayerCount": 228,
        "LinkVideo": "https://files.catbox.moe/7u4y40.webm",
        "LinkMp3": "https://files.catbox.moe/szuh1t.mp3"
    },
    {
        "animeEng": "The Guyver: Bio-Booster Armor",
        "animeRomaji": "Ky\u014dshoku S\u014dk\u014d Guyver",
        "songName": "Bio-Booster Armor Guyver",
        "artist": "Shinichi Ishihara",
        "type": "Opening 1",
        "correctCount": 9,
        "startTime": 45,
        "songDuration": 89.328,
        "songNumber": 57,
        "activePlayerCount": 228,
        "LinkVideo": "https://files.catbox.moe/cg5sfc.webm",
        "LinkMp3": "https://files.catbox.moe/w4u4l6.mp3"
    },
    {
        "animeEng": "blossom",
        "animeRomaji": "blossom",
        "songName": "Hopp\u00edpolla",
        "artist": "Sigur R\u00f3s",
        "type": "Insert Song",
        "correctCount": 14,
        "startTime": 106,
        "songDuration": 268.743136,
        "songNumber": 58,
        "activePlayerCount": 228,
        "LinkVideo": "https://files.catbox.moe/68s9sc.webm",
        "LinkMp3": "https://files.catbox.moe/ddmr4y.mp3"
    },
    {
        "animeEng": "Lupin III: Part II",
        "animeRomaji": "Lupin Sansei: Part II",
        "songName": "LOVE IS EVERYTHING",
        "artist": "Noboru Kimura",
        "type": "Ending 4",
        "correctCount": 4,
        "startTime": 14,
        "songDuration": 65.328,
        "songNumber": 59,
        "activePlayerCount": 224,
        "LinkVideo": "https://files.catbox.moe/g8frqf.webm",
        "LinkMp3": "https://files.catbox.moe/2hvgjn.mp3",
        "correctPlayers": [
            "NaviIN",
            "fasnowy",
            "Bucciarati",
            "theyingster"
        ]
    },
    {
        "animeEng": "Guilty Crown",
        "animeRomaji": "Guilty Crown",
        "songName": "Departures~Blessing~",
        "artist": "EGOIST",
        "type": "Insert Song",
        "correctCount": 101,
        "startTime": 45,
        "songDuration": 121.416,
        "songNumber": 60,
        "activePlayerCount": 225,
        "LinkVideo": "https://files.catbox.moe/kr791m.webm",
        "LinkMp3": "https://files.catbox.moe/j4cpwl.mp3"
    },
    {
        "animeEng": "Aikatsu on Parade!",
        "animeRomaji": "Aikatsu on Parade!",
        "songName": "Twilight Etrange",
        "artist": "Ayane\u30fbEri",
        "type": "Insert Song",
        "correctCount": 12,
        "startTime": 2,
        "songDuration": 108.792,
        "songNumber": 61,
        "activePlayerCount": 226,
        "LinkVideo": "https://files.catbox.moe/68jft2.webm",
        "LinkMp3": "https://files.catbox.moe/hx670g.mp3"
    },
    {
        "animeEng": "Welcome to the Ballroom",
        "animeRomaji": "Ballroom e Y\u014dkoso",
        "songName": "Invisible Sensation",
        "artist": "UNISON SQUARE GARDEN",
        "type": "Opening 2",
        "correctCount": 105,
        "startTime": 50,
        "songDuration": 89.04,
        "songNumber": 62,
        "activePlayerCount": 226,
        "LinkVideo": "https://files.catbox.moe/az9bze.webm",
        "LinkMp3": "https://files.catbox.moe/p78egc.mp3"
    },
    {
        "animeEng": "Mobile Fighter G Gundam",
        "animeRomaji": "Kid\u014d But\u014dden G Gundam",
        "songName": "Trust You Forever",
        "artist": "Yoshifumi Ushima",
        "type": "Opening 2",
        "correctCount": 25,
        "startTime": 7,
        "songDuration": 78.888,
        "songNumber": 63,
        "activePlayerCount": 226,
        "LinkVideo": "https://files.catbox.moe/jjd7kn.webm",
        "LinkMp3": "https://files.catbox.moe/ivu33b.mp3"
    },
    {
        "animeEng": "Seizei Gambare Mah\u014d Sh\u014djo Kurumi",
        "animeRomaji": "Seizei Gambare Mah\u014d Sh\u014djo Kurumi",
        "songName": "Mah\u014d Sh\u014djo wa Tomaranai",
        "artist": "Mia REGINA",
        "type": "Opening 1",
        "correctCount": 8,
        "startTime": 6,
        "songDuration": 50.67668,
        "songNumber": 64,
        "activePlayerCount": 223,
        "LinkVideo": "https://files.catbox.moe/e0u1n5.webm",
        "LinkMp3": "https://files.catbox.moe/9jq5ef.mp3"
    },
    {
        "animeEng": "Kizumonogatari Part 3: Reiketsu",
        "animeRomaji": "Kizumonogatari III: Reiketsu-hen",
        "songName": "\u00e9toile et toi [\u00e9dition le blanc]",
        "artist": "Cl\u00e9mentine & Ainhoa",
        "type": "Ending 1",
        "correctCount": 51,
        "startTime": 96,
        "songDuration": 344.4,
        "songNumber": 65,
        "activePlayerCount": 223,
        "LinkVideo": "https://files.catbox.moe/gudksr.webm",
        "LinkMp3": "https://files.catbox.moe/0ot469.mp3"
    },
    {
        "animeEng": "Yashahime: Princess Half-Demon",
        "animeRomaji": "Hany\u014d no Yashahime",
        "songName": "NEW ERA",
        "artist": "SixTONES",
        "type": "Opening 1",
        "correctCount": 48,
        "startTime": 24,
        "songDuration": 88.08,
        "songNumber": 66,
        "activePlayerCount": 222,
        "LinkVideo": "https://files.catbox.moe/rswazt.webm",
        "LinkMp3": "https://files.catbox.moe/phzbzh.mp3"
    },
    {
        "animeEng": "Black Butler",
        "animeRomaji": "Kuroshitsuji",
        "songName": "Monochrome no Kiss",
        "artist": "SID",
        "type": "Opening 1",
        "correctCount": 118,
        "startTime": 26,
        "songDuration": 87.744,
        "songNumber": 67,
        "activePlayerCount": 222,
        "LinkVideo": "https://files.catbox.moe/m4ahvr.webm",
        "LinkMp3": "https://files.catbox.moe/m13bl5.mp3"
    },
    {
        "animeEng": "Puella Magi Madoka Magica",
        "animeRomaji": "Mah\u014d Sh\u014djo Madoka\u2605Magica",
        "songName": "Mata Ashita",
        "artist": "Aoi Y\u016bki",
        "type": "Ending 1",
        "correctCount": 75,
        "startTime": 26,
        "songDuration": 86.64,
        "songNumber": 68,
        "activePlayerCount": 222,
        "LinkVideo": "https://files.catbox.moe/ztnhrm.webm",
        "LinkMp3": "https://files.catbox.moe/i0qbpy.mp3"
    },
    {
        "animeEng": "Kiratto Pri\u2606Chan",
        "animeRomaji": "Kiratto Pri\u2606Chan",
        "songName": "La La Meltic StAr",
        "artist": "Meltic StAr",
        "type": "Insert Song",
        "correctCount": 9,
        "startTime": 2,
        "songDuration": 131.688,
        "songNumber": 69,
        "activePlayerCount": 222,
        "LinkVideo": "https://files.catbox.moe/b6doit.webm",
        "LinkMp3": "https://files.catbox.moe/rza5wx.mp3"
    },
    {
        "animeEng": "Bob in the Bottle",
        "animeRomaji": "Hakushon Daima\u014d",
        "songName": "Hakushon Daima\u014d no Uta",
        "artist": "Yuri Shimazaki",
        "type": "Opening 1",
        "correctCount": 42,
        "startTime": 34,
        "songDuration": 80.88,
        "songNumber": 70,
        "activePlayerCount": 222,
        "LinkVideo": "https://files.catbox.moe/kyp7z2.webm",
        "LinkMp3": "https://files.catbox.moe/80r4qm.mp3"
    },
    {
        "animeEng": "ToHeart2 OVA",
        "animeRomaji": "ToHeart2 OVA",
        "songName": "Ichiban Boshi",
        "artist": "Suara",
        "type": "Opening 1",
        "correctCount": 12,
        "startTime": 8,
        "songDuration": 87.552,
        "songNumber": 71,
        "activePlayerCount": 222,
        "LinkVideo": "https://files.catbox.moe/gte6g3.webm",
        "LinkMp3": "https://files.catbox.moe/qkuq8f.mp3"
    },
    {
        "animeEng": "Record of Lodoss War",
        "animeRomaji": "Lodoss-t\u014d Senki",
        "songName": "Adesso e Fortuna ~Honoo to Eien~",
        "artist": "Kaze no Orchestra",
        "type": "Ending 2",
        "correctCount": 13,
        "startTime": 46,
        "songDuration": 124.032,
        "songNumber": 72,
        "activePlayerCount": 222,
        "LinkVideo": "https://files.catbox.moe/p2f3dx.webm",
        "LinkMp3": "https://files.catbox.moe/4zv1bn.mp3"
    },
    {
        "animeEng": "Pikachu's Summer Vacation",
        "animeRomaji": "Pikachu no Natsuyasumi",
        "songName": "Pika Pika Massai Chuu",
        "artist": "Pokemon Kids & Unshou Ishizuka (+Ikue Ootani)",
        "type": "Ending 1",
        "correctCount": 28,
        "startTime": 66,
        "songDuration": 147.768,
        "songNumber": 73,
        "activePlayerCount": 222,
        "LinkVideo": "https://files.catbox.moe/ez5evd.webm",
        "LinkMp3": "https://files.catbox.moe/j05rne.mp3"
    },
    {
        "animeEng": "Symphogear",
        "animeRomaji": "Senki Zessh\u014d Symphogear",
        "songName": "Synchrogazer -Aufwachen Form-",
        "artist": "Nana Mizuki",
        "type": "Ending 3",
        "correctCount": 25,
        "startTime": 12,
        "songDuration": 133.44,
        "songNumber": 74,
        "activePlayerCount": 222,
        "LinkVideo": "https://files.catbox.moe/mzyrjx.webm",
        "LinkMp3": "https://files.catbox.moe/ddvbu6.mp3"
    },
    {
        "animeEng": "Ga-Rei-Zero",
        "animeRomaji": "Ga-Rei-Zero",
        "songName": "Paradise Lost",
        "artist": "Minori Chihara",
        "type": "Opening 1",
        "correctCount": 90,
        "startTime": 35,
        "songDuration": 89.128264,
        "songNumber": 75,
        "activePlayerCount": 222,
        "LinkVideo": "https://files.catbox.moe/k8shqn.webm",
        "LinkMp3": "https://files.catbox.moe/uvssdx.mp3"
    }
]