[
    {
        "animeEng": "Shin Koihime\u2020Mus\u014d",
        "animeRomaji": "Shin Koihime\u2020Mus\u014d",
        "songName": "Ima o Shinjite",
        "artist": "Asami Imai, Eriko Nakamura, Chiaki Takahashi",
        "type": "Opening 2",
        "correctCount": 6,
        "startTime": 19,
        "songDuration": 81.168,
        "songNumber": 1,
        "activePlayerCount": 274,
        "LinkVideo": "https://files.catbox.moe/iafjfc.webm",
        "LinkMp3": "https://files.catbox.moe/kfa5s9.mp3"
    },
    {
        "animeEng": "Lupin III: Part V",
        "animeRomaji": "Lupin III: PART5",
        "songName": "LUPIN TROIS 2018",
        "artist": "Yuji Ohno & Lupintic Six",
        "type": "Opening 1",
        "correctCount": 89,
        "startTime": 18,
        "songDuration": 78.624,
        "songNumber": 2,
        "activePlayerCount": 270,
        "LinkVideo": "https://files.catbox.moe/7ns0pi.webm",
        "LinkMp3": "https://files.catbox.moe/fbh9xx.mp3"
    },
    {
        "animeEng": "Persona3 the Movie #1 Spring of Birth",
        "animeRomaji": "Persona3 the Movie #1 Spring of Birth",
        "songName": "Want To Be Close",
        "artist": "Yumi Kawamura",
        "type": "Insert Song",
        "correctCount": 34,
        "startTime": 6,
        "songDuration": 46.44,
        "songNumber": 3,
        "activePlayerCount": 270,
        "LinkVideo": "https://files.catbox.moe/99rx00.webm",
        "LinkMp3": "https://files.catbox.moe/jd2vvm.mp3"
    },
    {
        "animeEng": "Ikki Tousen: Western Wolves",
        "animeRomaji": "Ikkitousen: Western Wolves",
        "songName": "Kurenai no Akatsuki",
        "artist": "Yui Sakakibara",
        "type": "Ending 1",
        "correctCount": 5,
        "startTime": 15,
        "songDuration": 87.064626,
        "songNumber": 4,
        "activePlayerCount": 269,
        "LinkVideo": "https://files.catbox.moe/bcqjhl.webm",
        "LinkMp3": "https://files.catbox.moe/cb9gqc.mp3",
        "correctPlayers": [
            "Alsex",
            "Impognagrift",
            "watashiii",
            "Sakura",
            "Diukes"
        ]
    },
    {
        "animeEng": "Noiseman Sound Insect",
        "animeRomaji": "Onkyo Seimeitai Noiseman",
        "songName": "TREES MAKE SEEDS",
        "artist": "CRYSTAL WILLIAMS",
        "type": "Ending 1",
        "correctCount": 10,
        "startTime": 52,
        "songDuration": 134.064,
        "songNumber": 5,
        "activePlayerCount": 270,
        "LinkVideo": "https://files.catbox.moe/unrez5.webm",
        "LinkMp3": "https://files.catbox.moe/hjszj8.mp3"
    },
    {
        "animeEng": "Macross Frontier",
        "animeRomaji": "Macross Frontier",
        "songName": "Uch\u016b Ky\u014ddai Bune",
        "artist": "Shunsuke Sakamoto",
        "type": "Insert Song",
        "correctCount": 10,
        "startTime": 0,
        "songDuration": 27.528,
        "songNumber": 6,
        "activePlayerCount": 269,
        "LinkVideo": "https://files.catbox.moe/1ivzs7.webm",
        "LinkMp3": "https://files.catbox.moe/fwaecr.mp3"
    },
    {
        "animeEng": "Azumanga Daioh Movie",
        "animeRomaji": "Azumanga Daioh - The Very Short Movie",
        "songName": "Sarabai! (See You Adieu!)",
        "artist": "Tomoko Kaneda",
        "type": "Ending 1",
        "correctCount": 15,
        "startTime": 14,
        "songDuration": 66.12,
        "songNumber": 7,
        "activePlayerCount": 267,
        "LinkVideo": "https://files.catbox.moe/gqta6j.webm",
        "LinkMp3": "https://files.catbox.moe/zac74b.mp3"
    },
    {
        "animeEng": "Teppei",
        "animeRomaji": "Ore wa Teppei",
        "songName": "Ore wa Teppei",
        "artist": "Fusako Fujimoto, Koorogi '73, Columbia Yurikago-kai",
        "type": "Opening 1",
        "correctCount": 20,
        "startTime": 7,
        "songDuration": 66.168,
        "songNumber": 8,
        "activePlayerCount": 266,
        "LinkVideo": "https://files.catbox.moe/bu3qd3.webm",
        "LinkMp3": "https://files.catbox.moe/5gqhn3.mp3"
    },
    {
        "animeEng": "Binchotan",
        "animeRomaji": "Binchotan",
        "songName": "Iroha",
        "artist": "CooRie",
        "type": "Opening 1",
        "correctCount": 14,
        "startTime": 11,
        "songDuration": 88.824,
        "songNumber": 9,
        "activePlayerCount": 265,
        "LinkVideo": "https://files.catbox.moe/w215jh.webm",
        "LinkMp3": "https://files.catbox.moe/yv1wkv.mp3"
    },
    {
        "animeEng": "Panda! Go, Panda!: Rainy Day Circus",
        "animeRomaji": "Panda-Kopanda: Amefuri Circus no Maki",
        "songName": "Mimi-chan to Panda Kopanda",
        "artist": "Ado Mizumori",
        "type": "Opening 1",
        "correctCount": 200,
        "startTime": 52,
        "songDuration": 113.832,
        "songNumber": 10,
        "activePlayerCount": 266,
        "LinkVideo": "https://files.catbox.moe/ig8lcn.webm",
        "LinkMp3": "https://files.catbox.moe/yawetr.mp3"
    },
    {
        "animeEng": "Winter Sonata",
        "animeRomaji": "Fuyu no Sonata",
        "songName": "Saisho kara Ima made",
        "artist": "RYU",
        "type": "Opening 1",
        "correctCount": 41,
        "startTime": 31,
        "songDuration": 72.775892,
        "songNumber": 11,
        "activePlayerCount": 266,
        "LinkVideo": "https://files.catbox.moe/8oae95.webm",
        "LinkMp3": "https://files.catbox.moe/1lfkul.mp3"
    },
    {
        "animeEng": "Inazuma Eleven GO: Chrono Stone",
        "animeRomaji": "Inazuma Eleven GO: Chrono Stone",
        "songName": "Raimei! Blue Train",
        "artist": "T-Pistonz+KMC",
        "type": "Opening 4",
        "correctCount": 35,
        "startTime": 6,
        "songDuration": 84.583036,
        "songNumber": 12,
        "activePlayerCount": 262,
        "LinkVideo": "https://files.catbox.moe/72nhbd.webm",
        "LinkMp3": "https://files.catbox.moe/zqlq2i.mp3"
    },
    {
        "animeEng": "Dragon Fist",
        "animeRomaji": "Dragon Fist",
        "songName": "Lightning Bolt",
        "artist": "Maiko Hashimoto",
        "type": "Opening 1",
        "correctCount": 6,
        "startTime": 68,
        "songDuration": 101.064,
        "songNumber": 13,
        "activePlayerCount": 262,
        "LinkVideo": "https://files.catbox.moe/29qnp8.webm",
        "LinkMp3": "https://files.catbox.moe/vxq14p.mp3"
    },
    {
        "animeEng": "PriPara Mi~nna no Akogare\u266a Let's Go\u2606PriPari",
        "animeRomaji": "PriPara Mi~nna no Akogare\u266a Let's Go\u2606PriPari",
        "songName": "Chicken LINE",
        "artist": "SKE48",
        "type": "Ending 1",
        "correctCount": 3,
        "startTime": 153,
        "songDuration": 206.904,
        "songNumber": 14,
        "activePlayerCount": 260,
        "LinkVideo": "https://files.catbox.moe/w2p8bk.webm",
        "LinkMp3": "https://files.catbox.moe/elns1h.mp3",
        "correctPlayers": [
            "ki_mera",
            "OnlyDateALive",
            "Rejax"
        ]
    },
    {
        "animeEng": "Otherside Picnic",
        "animeRomaji": "Urasekai Picnic",
        "songName": "Minikui Ikimono",
        "artist": "CHiCO with HoneyWorks",
        "type": "Opening 1",
        "correctCount": 74,
        "startTime": 36,
        "songDuration": 89.112,
        "songNumber": 15,
        "activePlayerCount": 260,
        "LinkVideo": "https://files.catbox.moe/rldpr3.webm",
        "LinkMp3": "https://files.catbox.moe/h936fd.mp3"
    },
    {
        "animeEng": "xxxHOLiC",
        "animeRomaji": "xxxHOLiC",
        "songName": "Kagerou",
        "artist": "BUCK-TICK",
        "type": "Ending 2",
        "correctCount": 22,
        "startTime": 27,
        "songDuration": 88.968,
        "songNumber": 16,
        "activePlayerCount": 261,
        "LinkVideo": "https://files.catbox.moe/4vyw6j.webm",
        "LinkMp3": "https://files.catbox.moe/2i8li5.mp3"
    },
    {
        "animeEng": "Pale Cocoon",
        "animeRomaji": "Pale Cocoon",
        "songName": "Aoi Tamago",
        "artist": "little moa",
        "type": "Insert Song",
        "correctCount": 11,
        "startTime": 4,
        "songDuration": 128.184,
        "songNumber": 17,
        "activePlayerCount": 260,
        "LinkVideo": "https://files.catbox.moe/3v00ra.webm",
        "LinkMp3": "https://files.catbox.moe/1o6zga.mp3"
    },
    {
        "animeEng": "Inazuma Eleven GO: Chrono Stone",
        "animeRomaji": "Inazuma Eleven GO: Chrono Stone",
        "songName": "Kandou Kyouyuu",
        "artist": "T-Pistonz+KMC",
        "type": "Opening 2",
        "correctCount": 27,
        "startTime": 27,
        "songDuration": 84.086718,
        "songNumber": 18,
        "activePlayerCount": 257,
        "LinkVideo": "https://files.catbox.moe/l5iv4l.webm",
        "LinkMp3": "https://files.catbox.moe/yv20rq.mp3"
    },
    {
        "animeEng": "Amagami SS",
        "animeRomaji": "Amagami SS",
        "songName": "Kitto Ashita wa...",
        "artist": "Rina Satou",
        "type": "Ending 2",
        "correctCount": 29,
        "startTime": 47,
        "songDuration": 89.496,
        "songNumber": 19,
        "activePlayerCount": 257,
        "LinkVideo": "https://files.catbox.moe/qhidis.webm",
        "LinkMp3": "https://files.catbox.moe/4ppdxi.mp3"
    },
    {
        "animeEng": "Twittering Birds Never Fly: The Clouds Gather",
        "animeRomaji": "Saezuru Tori wa Habatakanai: The Clouds Gather",
        "songName": "Moratorium",
        "artist": "Omoinotake",
        "type": "Ending 1",
        "correctCount": 14,
        "startTime": 64,
        "songDuration": 281.664,
        "songNumber": 20,
        "activePlayerCount": 257,
        "LinkVideo": "https://files.catbox.moe/vjo9pj.webm",
        "LinkMp3": "https://files.catbox.moe/2s2ol3.mp3"
    },
    {
        "animeEng": "Harukanaru Toki no Naka de 3: Owari Naki Unmei",
        "animeRomaji": "Harukanaru Toki no Naka de 3: Owari Naki Unmei",
        "songName": "Kirameki no Tsuki",
        "artist": "Naozumi Takahashi and Kazuhiko Inoue",
        "type": "Opening 1",
        "correctCount": 1,
        "startTime": 14,
        "songDuration": 88.997654,
        "songNumber": 21,
        "activePlayerCount": 257,
        "LinkVideo": "https://files.catbox.moe/fnuhox.webm",
        "LinkMp3": "https://files.catbox.moe/4xxxud.mp3",
        "correctPlayers": [
            "Hakemon"
        ]
    },
    {
        "animeEng": "Inazuma Eleven: Saiky\u014d Gundan Ogre Sh\u016brai",
        "animeRomaji": "Inazuma Eleven: Saiky\u014d Gundan Ogre Sh\u016brai",
        "songName": "Super Tachiagariyo!",
        "artist": "T-Pistonz+KMC",
        "type": "Opening 1",
        "correctCount": 32,
        "startTime": 23,
        "songDuration": 86.045868,
        "songNumber": 22,
        "activePlayerCount": 258,
        "LinkVideo": "https://files.catbox.moe/1ortm3.webm",
        "LinkMp3": "https://files.catbox.moe/r9vn6f.mp3"
    },
    {
        "animeEng": "Dragon Ball",
        "animeRomaji": "Dragon Ball",
        "songName": "Aoki Tabibito-tachi",
        "artist": "Hiroki Takahashi",
        "type": "Insert Song",
        "correctCount": 16,
        "startTime": 20,
        "songDuration": 119.222813,
        "songNumber": 23,
        "activePlayerCount": 258,
        "LinkVideo": "https://files.catbox.moe/qjcq17.webm",
        "LinkMp3": "https://files.catbox.moe/zpo100.mp3"
    },
    {
        "animeEng": "Mobile Suit Gundam Wing: Endless Waltz",
        "animeRomaji": "Shin Kid\u014d Senki Gundam Wing: Endless Waltz",
        "songName": "WHITE REFLECTION",
        "artist": "TWO-MIX",
        "type": "Ending 1",
        "correctCount": 27,
        "startTime": 54,
        "songDuration": 132,
        "songNumber": 24,
        "activePlayerCount": 258,
        "LinkVideo": "https://files.catbox.moe/4rykqr.webm",
        "LinkMp3": "https://files.catbox.moe/v5e6vz.mp3"
    },
    {
        "animeEng": "KanColle",
        "animeRomaji": "KanColle",
        "songName": "Fubuki",
        "artist": "Shiena Nishizawa",
        "type": "Ending 1",
        "correctCount": 123,
        "startTime": 10,
        "songDuration": 87.552,
        "songNumber": 25,
        "activePlayerCount": 258,
        "LinkVideo": "https://files.catbox.moe/h5kp3h.webm",
        "LinkMp3": "https://files.catbox.moe/nydbwx.mp3"
    },
    {
        "animeEng": "Science Fell in Love, So I Tried to Prove it",
        "animeRomaji": "Rikei ga Koi ni Ochita no de Sh\u014dmei Shite Mita",
        "songName": "Turing Love",
        "artist": "Akari Nanawo feat. Sou",
        "type": "Ending 1",
        "correctCount": 119,
        "startTime": 43,
        "songDuration": 88.55358,
        "songNumber": 26,
        "activePlayerCount": 258,
        "LinkVideo": "https://files.catbox.moe/k9xvfr.webm",
        "LinkMp3": "https://files.catbox.moe/gclmje.mp3"
    },
    {
        "animeEng": "Robot Girls Z",
        "animeRomaji": "Robot Girls Z",
        "songName": "Robot Girls Z",
        "artist": "Kikai\u2661Sh\u014djo Tai",
        "type": "Opening 1",
        "correctCount": 48,
        "startTime": 28,
        "songDuration": 84.636725,
        "songNumber": 27,
        "activePlayerCount": 256,
        "LinkVideo": "https://files.catbox.moe/2njfn9.webm",
        "LinkMp3": "https://files.catbox.moe/514t3u.mp3"
    },
    {
        "animeEng": "BanG Dream! 2nd Season",
        "animeRomaji": "BanG Dream! 2nd Season",
        "songName": "Kizuna Music \u266a",
        "artist": "Poppin'Party",
        "type": "Opening 1",
        "correctCount": 90,
        "startTime": 30,
        "songDuration": 88.68419,
        "songNumber": 28,
        "activePlayerCount": 258,
        "LinkVideo": "https://files.catbox.moe/zilycw.webm",
        "LinkMp3": "https://files.catbox.moe/266mzr.mp3"
    },
    {
        "animeEng": "Kabaneri of the Iron Fortress Recaps",
        "animeRomaji": "K\u014dtetsuj\u014d no Kabaneri S\u014dsh\u016bhen",
        "songName": "ninelie <cry-v>",
        "artist": "SawanoHiroyuki[nZk]:Aimer",
        "type": "Ending 1",
        "correctCount": 32,
        "startTime": 45,
        "songDuration": 301.44,
        "songNumber": 29,
        "activePlayerCount": 258,
        "LinkVideo": "https://files.catbox.moe/vogjld.webm",
        "LinkMp3": "https://files.catbox.moe/0qkbne.mp3"
    },
    {
        "animeEng": "3000 Leagues in Search of Mother",
        "animeRomaji": "Haha o Tazunete Sanzenri",
        "songName": "S\u014dgen no Marco",
        "artist": "Kumiko \u014csugi",
        "type": "Opening 1",
        "correctCount": 9,
        "startTime": 37,
        "songDuration": 77.0599,
        "songNumber": 30,
        "activePlayerCount": 258,
        "LinkVideo": "https://files.catbox.moe/bhgoyp.webm",
        "LinkMp3": "https://files.catbox.moe/owwskn.mp3"
    },
    {
        "animeEng": "The World God Only Knows Season Two",
        "animeRomaji": "Kami Nomi zo Shiru Sekai II",
        "songName": "Hajimete Koi o Shita Kioku",
        "artist": "Kana Asumi",
        "type": "Insert Song",
        "correctCount": 24,
        "startTime": 65,
        "songDuration": 108.744,
        "songNumber": 31,
        "activePlayerCount": 258,
        "LinkVideo": "https://files.catbox.moe/q2wdhg.webm",
        "LinkMp3": "https://files.catbox.moe/ufpggc.mp3"
    },
    {
        "animeEng": "Fate/kaleid liner Prisma\u2606Illya",
        "animeRomaji": "Fate/kaleid liner Prisma\u2606Illya",
        "songName": "Prism Sympathy",
        "artist": "StylipS",
        "type": "Insert Song",
        "correctCount": 72,
        "startTime": 52,
        "songDuration": 87.984,
        "songNumber": 32,
        "activePlayerCount": 258,
        "LinkVideo": "https://files.catbox.moe/6w5qtw.webm",
        "LinkMp3": "https://files.catbox.moe/m365o0.mp3"
    },
    {
        "animeEng": "Junjou Romantica: Pure Romance",
        "animeRomaji": "Junj\u014d Romantica",
        "songName": "Kimi = Hana",
        "artist": "pigstar",
        "type": "Opening 1",
        "correctCount": 45,
        "startTime": 51,
        "songDuration": 88.752,
        "songNumber": 33,
        "activePlayerCount": 258,
        "LinkVideo": "https://files.catbox.moe/69c1r2.webm",
        "LinkMp3": "https://files.catbox.moe/s5yeb6.mp3"
    },
    {
        "animeEng": "Mardock Scramble: The First Compression",
        "animeRomaji": "Mardock Scramble: The First Compression",
        "songName": "Amazing Grace for Balot",
        "artist": "Minako Honda",
        "type": "Ending 1",
        "correctCount": 11,
        "startTime": 4,
        "songDuration": 264.912,
        "songNumber": 34,
        "activePlayerCount": 258,
        "LinkVideo": "https://files.catbox.moe/t8jxyc.webm",
        "LinkMp3": "https://files.catbox.moe/ncp869.mp3"
    },
    {
        "animeEng": "Go! Princess Pretty Cure the Movie Go! Go!! Gorgeous Triple Feature!!!",
        "animeRomaji": "Eiga Go! Princess Precure Go! Go!! G\u014dka 3-bon Date!!!",
        "songName": "Miracle Go! Princess Precure",
        "artist": "Karin Isobe",
        "type": "Opening 1",
        "correctCount": 134,
        "startTime": 5,
        "songDuration": 101.568,
        "songNumber": 35,
        "activePlayerCount": 257,
        "LinkVideo": "https://files.catbox.moe/4ilxys.webm",
        "LinkMp3": "https://files.catbox.moe/m0nhwy.mp3"
    },
    {
        "animeEng": "Hakata Mentai! Pirikarako-chan",
        "animeRomaji": "Hakata Mentai! Pirikarako-chan",
        "songName": "Hakata Mentai! Pirikarako-chan",
        "artist": "Hiyori Kouno",
        "type": "Opening 1",
        "correctCount": 17,
        "startTime": 0,
        "songDuration": 27.936,
        "songNumber": 36,
        "activePlayerCount": 257,
        "LinkVideo": "https://files.catbox.moe/14s456.webm",
        "LinkMp3": "https://files.catbox.moe/1u6l8w.mp3"
    },
    {
        "animeEng": "School Days: Valentine Days",
        "animeRomaji": "School Days: Valentine Days",
        "songName": "Innocent Blue",
        "artist": "DeviceHigh",
        "type": "Opening 1",
        "correctCount": 158,
        "startTime": 21,
        "songDuration": 89.568,
        "songNumber": 37,
        "activePlayerCount": 257,
        "LinkVideo": "https://files.catbox.moe/h2lx6t.webm",
        "LinkMp3": "https://files.catbox.moe/d3tyo1.mp3"
    },
    {
        "animeEng": "Ojamajo Doremi Dokkaan",
        "animeRomaji": "Ojamajo Doremi Dokkaan",
        "songName": "10-byou Kazoete",
        "artist": "Mayumi Goj\u014d",
        "type": "Insert Song",
        "correctCount": 17,
        "startTime": 50,
        "songDuration": 108.192,
        "songNumber": 38,
        "activePlayerCount": 257,
        "LinkVideo": "https://files.catbox.moe/csw07g.webm",
        "LinkMp3": "https://files.catbox.moe/sasupp.mp3"
    },
    {
        "animeEng": "Legendary Armor Samurai Troopers",
        "animeRomaji": "Yoroiden Samurai Troopers",
        "songName": "Stardust Eyes",
        "artist": "Mariko Uranishi",
        "type": "Opening 1",
        "correctCount": 10,
        "startTime": 49,
        "songDuration": 89.064,
        "songNumber": 39,
        "activePlayerCount": 256,
        "LinkVideo": "https://files.catbox.moe/b1nwpz.webm",
        "LinkMp3": "https://files.catbox.moe/v91649.mp3"
    },
    {
        "animeEng": "Ace of the Diamond",
        "animeRomaji": "Daiya no Ace",
        "songName": "Perfect HERO",
        "artist": "Tom-H@ck featuring Masayoshi \u014cishi",
        "type": "Opening 2",
        "correctCount": 85,
        "startTime": 1,
        "songDuration": 89.049898,
        "songNumber": 40,
        "activePlayerCount": 255,
        "LinkVideo": "https://files.catbox.moe/nntiv6.webm",
        "LinkMp3": "https://files.catbox.moe/o0451i.mp3"
    },
    {
        "animeEng": "Kamen no Maid Guy",
        "animeRomaji": "Kamen no Maid Guy",
        "songName": "Special Life!",
        "artist": "KOTOKO",
        "type": "Opening 1",
        "correctCount": 39,
        "startTime": 17,
        "songDuration": 87.168,
        "songNumber": 41,
        "activePlayerCount": 254,
        "LinkVideo": "https://files.catbox.moe/59yq28.webm",
        "LinkMp3": "https://files.catbox.moe/7ftw5h.mp3"
    },
    {
        "animeEng": "Dream Team",
        "animeRomaji": "Whistle!",
        "songName": "DOUBLE WIND",
        "artist": "Yushio",
        "type": "Opening 1",
        "correctCount": 9,
        "startTime": 36,
        "songDuration": 89.952,
        "songNumber": 42,
        "activePlayerCount": 253,
        "LinkVideo": "https://files.catbox.moe/fevmap.webm",
        "LinkMp3": "https://files.catbox.moe/66rrna.mp3"
    },
    {
        "animeEng": "Always My Santa",
        "animeRomaji": "Itsudatte My Santa!",
        "songName": "My Love",
        "artist": "Nanaka",
        "type": "Insert Song",
        "correctCount": 13,
        "startTime": 51,
        "songDuration": 183.24,
        "songNumber": 43,
        "activePlayerCount": 251,
        "LinkVideo": "https://files.catbox.moe/awuyos.webm",
        "LinkMp3": "https://files.catbox.moe/6t7ymt.mp3"
    },
    {
        "animeEng": "Ninja Robots",
        "animeRomaji": "Ninja Senshi Tobikage",
        "songName": "Love Survivor",
        "artist": "Hitsuto Boy",
        "type": "Opening 1",
        "correctCount": 6,
        "startTime": 24,
        "songDuration": 97.056,
        "songNumber": 44,
        "activePlayerCount": 252,
        "LinkVideo": "https://files.catbox.moe/mag5m3.webm",
        "LinkMp3": "https://files.catbox.moe/9e8lwh.mp3"
    },
    {
        "animeEng": "Butt Detective",
        "animeRomaji": "Oshiri Tantei",
        "songName": "Pup\u016b to Fum\u016b to Kaiketsu Dance",
        "artist": "Daiki Ise",
        "type": "Opening 1",
        "correctCount": 9,
        "startTime": 51,
        "songDuration": 133.117712,
        "songNumber": 45,
        "activePlayerCount": 251,
        "LinkVideo": "https://files.catbox.moe/3zf4fv.webm",
        "LinkMp3": "https://files.catbox.moe/3wx2u9.mp3"
    },
    {
        "animeEng": "Hyper Police",
        "animeRomaji": "Hyper Police",
        "songName": "That's Hypertension!!",
        "artist": "aya",
        "type": "Opening 1",
        "correctCount": 22,
        "startTime": 43,
        "songDuration": 89.544,
        "songNumber": 46,
        "activePlayerCount": 250,
        "LinkVideo": "https://files.catbox.moe/jldhhk.webm",
        "LinkMp3": "https://files.catbox.moe/sjnvj7.mp3"
    },
    {
        "animeEng": "Binchotan",
        "animeRomaji": "Binchotan",
        "songName": "Binch\u014d Ondo",
        "artist": "Mai Kadowaki",
        "type": "Ending 1",
        "correctCount": 36,
        "startTime": 14,
        "songDuration": 89.472,
        "songNumber": 47,
        "activePlayerCount": 249,
        "LinkVideo": "https://files.catbox.moe/9aa44y.webm",
        "LinkMp3": "https://files.catbox.moe/c41kv5.mp3"
    },
    {
        "animeEng": "Vampire Holmes",
        "animeRomaji": "Vampire Holmes",
        "songName": "Everlasting Love",
        "artist": "Nami Tamaki",
        "type": "Opening 1",
        "correctCount": 88,
        "startTime": 0,
        "songDuration": 31.006814,
        "songNumber": 48,
        "activePlayerCount": 248,
        "LinkVideo": "https://files.catbox.moe/gr4tq3.webm",
        "LinkMp3": "https://files.catbox.moe/q2cvwj.mp3"
    },
    {
        "animeEng": "Tsubasa Tokyo Revelations",
        "animeRomaji": "Tsubasa Tokyo Revelations",
        "songName": "a song of storm and fire",
        "artist": "Eri It\u014d",
        "type": "Insert Song",
        "correctCount": 49,
        "startTime": 50,
        "songDuration": 112.08,
        "songNumber": 49,
        "activePlayerCount": 248,
        "LinkVideo": "https://files.catbox.moe/ezu7nv.webm",
        "LinkMp3": "https://files.catbox.moe/5kq83c.mp3"
    },
    {
        "animeEng": "Seitokai Yakuindomo",
        "animeRomaji": "Seitokai Yakuindomo",
        "songName": "Aoi Haru",
        "artist": "angela",
        "type": "Ending 1",
        "correctCount": 100,
        "startTime": 30,
        "songDuration": 88.2,
        "songNumber": 50,
        "activePlayerCount": 246,
        "LinkVideo": "https://files.catbox.moe/lregjj.webm",
        "LinkMp3": "https://files.catbox.moe/20xgqq.mp3"
    },
    {
        "animeEng": "Saekano: How to Raise a Boring Girlfriend",
        "animeRomaji": "Saenai Heroine no Sodate-kata",
        "songName": "Sora-iro Days",
        "artist": "Sayuri Yahagi",
        "type": "Insert Song",
        "correctCount": 66,
        "startTime": 1,
        "songDuration": 87.072,
        "songNumber": 51,
        "activePlayerCount": 247,
        "LinkVideo": "https://files.catbox.moe/ht8rp7.webm",
        "LinkMp3": "https://files.catbox.moe/d3tzb7.mp3"
    },
    {
        "animeEng": "African Salaryman",
        "animeRomaji": "Africa no Salaryman",
        "songName": "Soul Flag",
        "artist": "Hiro Shimono",
        "type": "Opening 1",
        "correctCount": 69,
        "startTime": 15,
        "songDuration": 87.456,
        "songNumber": 52,
        "activePlayerCount": 244,
        "LinkVideo": "https://files.catbox.moe/a21ju0.webm",
        "LinkMp3": "https://files.catbox.moe/dhblzk.mp3"
    },
    {
        "animeEng": "The Seven Deadly Sins the Movie: Prisoners of the Sky",
        "animeRomaji": "Nanatsu no Taizai: Tenk\u016b no Torawarebito",
        "songName": "Perfect Time",
        "artist": "Mika Kobayashi & mpi",
        "type": "Insert Song",
        "correctCount": 138,
        "startTime": 122,
        "songDuration": 160.824,
        "songNumber": 53,
        "activePlayerCount": 243,
        "LinkVideo": "https://files.catbox.moe/glxjsc.webm",
        "LinkMp3": "https://files.catbox.moe/e8lke4.mp3"
    },
    {
        "animeEng": "K-ON! The Movie",
        "animeRomaji": "K-ON! Movie",
        "songName": "Hikari",
        "artist": "DEATH DEVIL",
        "type": "Insert Song",
        "correctCount": 30,
        "startTime": 15,
        "songDuration": 59.688,
        "songNumber": 54,
        "activePlayerCount": 243,
        "LinkVideo": "https://files.catbox.moe/ujbypg.webm",
        "LinkMp3": "https://files.catbox.moe/bqrhoe.mp3"
    },
    {
        "animeEng": "Tokimeki Memorial: Only Love",
        "animeRomaji": "Tokimeki Memorial: Only Love",
        "songName": "Yokan",
        "artist": "Yuki Makishima",
        "type": "Opening 1",
        "correctCount": 11,
        "startTime": 27,
        "songDuration": 89.546216,
        "songNumber": 55,
        "activePlayerCount": 243,
        "LinkVideo": "https://files.catbox.moe/8s1sra.webm",
        "LinkMp3": "https://files.catbox.moe/3bnzdq.mp3"
    },
    {
        "animeEng": "Docchi mo Maid",
        "animeRomaji": "Docchi mo Maid",
        "songName": "Docchi mo Daisuki!",
        "artist": "Yura Naruse",
        "type": "Opening 1",
        "correctCount": 7,
        "startTime": 27,
        "songDuration": 126.672,
        "songNumber": 56,
        "activePlayerCount": 243,
        "LinkVideo": "https://files.catbox.moe/salaqk.webm",
        "LinkMp3": "https://files.catbox.moe/4vg69i.mp3"
    },
    {
        "animeEng": "Little Nemo - Adventures in Slumberland",
        "animeRomaji": "Little Nemo - Adventures in Slumberland",
        "songName": "Little Nemo",
        "artist": "Melissa Manchester",
        "type": "Opening 1",
        "correctCount": 87,
        "startTime": 119,
        "songDuration": 154.104,
        "songNumber": 57,
        "activePlayerCount": 243,
        "LinkVideo": "https://files.catbox.moe/458xrx.webm",
        "LinkMp3": "https://files.catbox.moe/i8wqhj.mp3"
    },
    {
        "animeEng": "Kanon",
        "animeRomaji": "Kanon",
        "songName": "Last regrets",
        "artist": "Ayana",
        "type": "Opening 1",
        "correctCount": 104,
        "startTime": 41,
        "songDuration": 88.488,
        "songNumber": 58,
        "activePlayerCount": 245,
        "LinkVideo": "https://files.catbox.moe/y2vdxw.webm",
        "LinkMp3": "https://files.catbox.moe/f0kvx8.mp3"
    },
    {
        "animeEng": "Inuyasha",
        "animeRomaji": "Inuyasha",
        "songName": "CHANGE THE WORLD",
        "artist": "V6",
        "type": "Opening 1",
        "correctCount": 80,
        "startTime": 16,
        "songDuration": 94.632,
        "songNumber": 59,
        "activePlayerCount": 244,
        "LinkVideo": "https://files.catbox.moe/62l9zj.webm",
        "LinkMp3": "https://files.catbox.moe/xz8trn.mp3"
    },
    {
        "animeEng": "The IDOLM@STER Cinderella Girls",
        "animeRomaji": "The IDOLM@STER Cinderella Girls: Anytime, Anywhere with Cinderella.",
        "songName": "Yume-iro Harmony",
        "artist": "CINDERELLA PROJECT",
        "type": "Ending 1",
        "correctCount": 10,
        "startTime": 8,
        "songDuration": 110.64,
        "songNumber": 60,
        "activePlayerCount": 244,
        "LinkVideo": "https://files.catbox.moe/5opk2a.webm",
        "LinkMp3": "https://files.catbox.moe/26je4e.mp3"
    },
    {
        "animeEng": "Magical Angel Creamy Mami: Forever Once More",
        "animeRomaji": "Mah\u014d no Tenshi Creamy Mami: Eien no Once More",
        "songName": "Delicate ni Sukishite",
        "artist": "Takako Ohta",
        "type": "Opening 1",
        "correctCount": 26,
        "startTime": 45,
        "songDuration": 80.328,
        "songNumber": 61,
        "activePlayerCount": 243,
        "LinkVideo": "https://files.catbox.moe/1x7ny3.webm",
        "LinkMp3": "https://files.catbox.moe/mdqu8p.mp3"
    },
    {
        "animeEng": "Dragon Ball Z: Dead Zone Vortex",
        "animeRomaji": "Dragon Ball Z: Ora no Gohan o Kaese!!",
        "songName": "CHA-LA HEAD-CHA-LA",
        "artist": "Hironobu Kageyama",
        "type": "Opening 1",
        "correctCount": 228,
        "startTime": 29,
        "songDuration": 106.872,
        "songNumber": 62,
        "activePlayerCount": 244,
        "LinkVideo": "https://files.catbox.moe/qznvej.webm",
        "LinkMp3": "https://files.catbox.moe/f8rglt.mp3"
    },
    {
        "animeEng": "Kaleido Star: Legend of Phoenix - Layla Hamilton Story",
        "animeRomaji": "Kaleido Star: Layla Hamilton Monogatari",
        "songName": "Ray of Light",
        "artist": "Sayaka Ohara",
        "type": "Opening 1",
        "correctCount": 9,
        "startTime": 49,
        "songDuration": 120.24,
        "songNumber": 63,
        "activePlayerCount": 243,
        "LinkVideo": "https://files.catbox.moe/w8o11a.webm",
        "LinkMp3": "https://files.catbox.moe/vfrdzb.mp3"
    },
    {
        "animeEng": "Grappler Baki Maximum Tournament",
        "animeRomaji": "Grappler Baki 2",
        "songName": "loved\u2026",
        "artist": "Ryoko Aoyagi",
        "type": "Ending 1",
        "correctCount": 10,
        "startTime": 10,
        "songDuration": 97.56,
        "songNumber": 64,
        "activePlayerCount": 243,
        "LinkVideo": "https://files.catbox.moe/zpp4m7.webm",
        "LinkMp3": "https://files.catbox.moe/y61cnt.mp3"
    },
    {
        "animeEng": "The Story of Young Hanada",
        "animeRomaji": "Hanada Sh\u014dnen-shi",
        "songName": "The One",
        "artist": "BACKSTREET BOYS",
        "type": "Opening 1",
        "correctCount": 42,
        "startTime": 38,
        "songDuration": 79.045172,
        "songNumber": 65,
        "activePlayerCount": 243,
        "LinkVideo": "https://files.catbox.moe/0ypirx.webm",
        "LinkMp3": "https://files.catbox.moe/ubmu14.mp3"
    },
    {
        "animeEng": "Star Driver",
        "animeRomaji": "Star Driver Kagayaki no Takuto",
        "songName": "Monochrome ~ version de l'apprivoiser",
        "artist": "Haruka Tomatsu",
        "type": "Insert Song",
        "correctCount": 17,
        "startTime": 21,
        "songDuration": 126.48,
        "songNumber": 66,
        "activePlayerCount": 243,
        "LinkVideo": "https://files.catbox.moe/gvs2zd.webm",
        "LinkMp3": "https://files.catbox.moe/f79h9d.mp3"
    },
    {
        "animeEng": "K-ON!",
        "animeRomaji": "K-ON!",
        "songName": "Cagayake! GIRLS",
        "artist": "Sakurakou K-On-bu",
        "type": "Opening 1",
        "correctCount": 199,
        "startTime": 40,
        "songDuration": 89.064,
        "songNumber": 67,
        "activePlayerCount": 243,
        "LinkVideo": "https://files.catbox.moe/ugu8wv.webm",
        "LinkMp3": "https://files.catbox.moe/945c88.mp3"
    },
    {
        "animeEng": "Battle of the Planets",
        "animeRomaji": "Gatchaman",
        "songName": "Taose! Galactor",
        "artist": "Columbia Yurikago-kai",
        "type": "Ending 2",
        "correctCount": 15,
        "startTime": 4,
        "songDuration": 87.48,
        "songNumber": 68,
        "activePlayerCount": 243,
        "LinkVideo": "https://files.catbox.moe/2znwhz.webm",
        "LinkMp3": "https://files.catbox.moe/7eozh3.mp3"
    },
    {
        "animeEng": "DearS",
        "animeRomaji": "DearS",
        "songName": "Happy Cosmos",
        "artist": "PoppinS",
        "type": "Ending 1",
        "correctCount": 21,
        "startTime": 7,
        "songDuration": 84.072,
        "songNumber": 69,
        "activePlayerCount": 243,
        "LinkVideo": "https://files.catbox.moe/0yhsq0.webm",
        "LinkMp3": "https://files.catbox.moe/avlzad.mp3"
    },
    {
        "animeEng": "Supernatural: The Anime Series",
        "animeRomaji": "Supernatural: The Anime Series",
        "songName": "Carry On Wayward Son",
        "artist": "Naoki Takao & Goro Oshima",
        "type": "Ending 1",
        "correctCount": 35,
        "startTime": 24,
        "songDuration": 63.408,
        "songNumber": 70,
        "activePlayerCount": 244,
        "LinkVideo": "https://files.catbox.moe/avvuiw.webm",
        "LinkMp3": "https://files.catbox.moe/o2nlnh.mp3"
    },
    {
        "animeEng": "Teeky\u016b",
        "animeRomaji": "Teeky\u016b",
        "songName": "Fattoshite T\u014dgenky\u014d",
        "artist": "Suzuko Mimori",
        "type": "Opening 1",
        "correctCount": 177,
        "startTime": 0,
        "songDuration": 28.56,
        "songNumber": 71,
        "activePlayerCount": 243,
        "LinkVideo": "https://files.catbox.moe/5sbrgt.webm",
        "LinkMp3": "https://files.catbox.moe/r4lbwd.mp3"
    },
    {
        "animeEng": "Hakuoki: Demon of the Fleeting Blossom: Warrior Spirit of the Blue Sky",
        "animeRomaji": "Haku\u014dki Dai-nish\u014d Shikon S\u014dky\u016b",
        "songName": "Soukyuu no Hata",
        "artist": "Aika Yoshioka",
        "type": "Ending 1",
        "correctCount": 3,
        "startTime": 58,
        "songDuration": 375.024,
        "songNumber": 72,
        "activePlayerCount": 242,
        "LinkVideo": "https://files.catbox.moe/w8t0rs.webm",
        "LinkMp3": "https://files.catbox.moe/5ail95.mp3",
        "correctPlayers": [
            "asleep",
            "Hoomanity001",
            "husahusa"
        ]
    },
    {
        "animeEng": "Trider G7",
        "animeRomaji": "Muteki Robo Trider G7",
        "songName": "Tryder G7",
        "artist": "Isao Taira",
        "type": "Opening 1",
        "correctCount": 77,
        "startTime": 55,
        "songDuration": 88.608,
        "songNumber": 73,
        "activePlayerCount": 242,
        "LinkVideo": "https://files.catbox.moe/oqgqso.webm",
        "LinkMp3": "https://files.catbox.moe/mwddkw.mp3"
    },
    {
        "animeEng": "Rifle is Beautiful",
        "animeRomaji": "Rifle is Beautiful",
        "songName": "BiRiRi\u00d7SENSATION",
        "artist": "Rifling 4",
        "type": "Insert Song",
        "correctCount": 7,
        "startTime": 41,
        "songDuration": 134.064,
        "songNumber": 74,
        "activePlayerCount": 242,
        "LinkVideo": "https://files.catbox.moe/rj4aci.webm",
        "LinkMp3": "https://files.catbox.moe/4zzmj3.mp3"
    },
    {
        "animeEng": "Katana Maidens: Toji no Miko",
        "animeRomaji": "Toji no Miko",
        "songName": "Kokoro no Memoria",
        "artist": "Kaede Hondo, Saori \u014cnishi, Azumi Waki, Hina Kino, Risae Matsuda, Eri Suzuki",
        "type": "Ending 1",
        "correctCount": 16,
        "startTime": 46,
        "songDuration": 90.042534,
        "songNumber": 75,
        "activePlayerCount": 240,
        "LinkVideo": "https://files.catbox.moe/wbaorh.webm",
        "LinkMp3": "https://files.catbox.moe/be5syn.mp3"
    }
]