[
    {
        "animeEng": "Haven't You Heard? I'm Sakamoto",
        "animeRomaji": "Sakamoto desu ga?",
        "songName": "COOLEST",
        "artist": "CustomiZ",
        "type": "Opening 1",
        "correctCount": 97,
        "startTime": 55,
        "songDuration": 88.893166,
        "songNumber": 1,
        "activePlayerCount": 149,
        "LinkVideo": "https://files.catbox.moe/oup1nv.webm",
        "LinkMp3": "https://files.catbox.moe/j54hgo.mp3"
    },
    {
        "animeEng": "Hidamari Sketch: Sae/Hiro Sotsugy\u014d-hen",
        "animeRomaji": "Hidamari Sketch: Sae/Hiro Sotsugy\u014d-hen",
        "songName": "Open Canvas",
        "artist": "Kana Asumi, Kaori Mizuhashi, Yuko Goto, Ryoko Shintani, Chiaki Omigawa, Hitomi Harada",
        "type": "Opening 1",
        "correctCount": 21,
        "startTime": 55,
        "songDuration": 89.304,
        "songNumber": 2,
        "activePlayerCount": 148,
        "LinkVideo": "https://files.catbox.moe/59he67.webm",
        "LinkMp3": "https://files.catbox.moe/z4a2yj.mp3"
    },
    {
        "animeEng": "Senki Zessh\u014d Symphogear GX",
        "animeRomaji": "Senki Zessh\u014d Symphogear GX",
        "songName": "Genocide Saw Heaven",
        "artist": "Yoshino Nanj\u014d",
        "type": "Insert Song",
        "correctCount": 23,
        "startTime": 41,
        "songDuration": 98.568,
        "songNumber": 3,
        "activePlayerCount": 145,
        "LinkVideo": "https://files.catbox.moe/t5ncfb.webm",
        "LinkMp3": "https://files.catbox.moe/3ifdvj.mp3"
    },
    {
        "animeEng": "Mr Love: Queen's Choice",
        "animeRomaji": "Koi to Producer: EVOL\u00d7LOVE",
        "songName": "Nibi-iro no Yoake",
        "artist": "Y\u016btar\u014d Miura",
        "type": "Opening 1",
        "correctCount": 12,
        "startTime": 55,
        "songDuration": null,
        "songNumber": 4,
        "activePlayerCount": 144,
        "LinkVideo": "https://files.catbox.moe/z39e2q.webm",
        "LinkMp3": "https://files.catbox.moe/uqx5m5.mp3"
    },
    {
        "animeEng": "PriPara",
        "animeRomaji": "PriPara",
        "songName": "Charismart GIRL\u2606Yeah!",
        "artist": "TRiANGLE",
        "type": "Insert Song",
        "correctCount": 37,
        "startTime": 15,
        "songDuration": 130.848,
        "songNumber": 5,
        "activePlayerCount": 143,
        "LinkVideo": "https://files.catbox.moe/2f3uvc.webm",
        "LinkMp3": "https://files.catbox.moe/4b2egz.mp3"
    },
    {
        "animeEng": "Digimon Adventure 02",
        "animeRomaji": "Digimon Adventure 02",
        "songName": "brave heart",
        "artist": "Ayumi Miyazaki",
        "type": "Insert Song",
        "correctCount": 58,
        "startTime": 66,
        "songDuration": 108.096,
        "songNumber": 6,
        "activePlayerCount": 142,
        "LinkVideo": "https://files.catbox.moe/mqxnv5.webm",
        "LinkMp3": "https://files.catbox.moe/z8sed2.mp3"
    },
    {
        "animeEng": "Nodame Cantabile: Paris",
        "animeRomaji": "Nodame Cantabile Pari-Hen",
        "songName": "Sky High",
        "artist": "The Gospellers",
        "type": "Opening 1",
        "correctCount": 28,
        "startTime": 28,
        "songDuration": 79.464,
        "songNumber": 7,
        "activePlayerCount": 142,
        "LinkVideo": "https://files.catbox.moe/341n0b.webm",
        "LinkMp3": "https://files.catbox.moe/uqk11t.mp3"
    },
    {
        "animeEng": "Katte ni Kaiz\u014d",
        "animeRomaji": "Katte ni Kaiz\u014d",
        "songName": "Katte ni Kaizou Shitemo Iize",
        "artist": "Ichirou Mizuki to Tokusatsu",
        "type": "Opening 1",
        "correctCount": 8,
        "startTime": 66,
        "songDuration": null,
        "songNumber": 8,
        "activePlayerCount": 141,
        "LinkVideo": "https://files.catbox.moe/15ms2l.webm",
        "LinkMp3": "https://files.catbox.moe/xnc3bo.mp3"
    },
    {
        "animeEng": "Mazinger Z: Infinity",
        "animeRomaji": "Mazinger Z: Infinity",
        "songName": "The Last Letter",
        "artist": "K\u014dji Kikkawa",
        "type": "Ending 1",
        "correctCount": 2,
        "startTime": 1,
        "songDuration": 188.544,
        "songNumber": 9,
        "activePlayerCount": 140,
        "LinkVideo": "https://files.catbox.moe/sa3bam.webm",
        "LinkMp3": "https://files.catbox.moe/qxzwi9.mp3",
        "correctPlayers": [
            "tomokarin",
            "Franchouchou"
        ]
    },
    {
        "animeEng": "The Disappearance of Nagato Yuki-chan",
        "animeRomaji": "Nagato Yuki-chan no Sh\u014dshitsu",
        "songName": "Arigat\u014d, Daisuki",
        "artist": "Minori Chihara",
        "type": "Ending 1",
        "correctCount": 15,
        "startTime": 5,
        "songDuration": 89.112,
        "songNumber": 10,
        "activePlayerCount": 139,
        "LinkVideo": "https://files.catbox.moe/w4haa8.webm",
        "LinkMp3": "https://files.catbox.moe/jxskvb.mp3"
    },
    {
        "animeEng": "ToHeart",
        "animeRomaji": "ToHeart",
        "songName": "Yell",
        "artist": "Ayako Kawasumi",
        "type": "Ending 1",
        "correctCount": 7,
        "startTime": 52,
        "songDuration": 89.736,
        "songNumber": 11,
        "activePlayerCount": 139,
        "LinkVideo": "https://files.catbox.moe/v5iglh.webm",
        "LinkMp3": "https://files.catbox.moe/ws8dx6.mp3"
    },
    {
        "animeEng": "Pingu in the City",
        "animeRomaji": "Pingu in the City",
        "songName": "Ride The Rainbow",
        "artist": "Ken Arai",
        "type": "Ending 1",
        "correctCount": 70,
        "startTime": 0,
        "songDuration": 31.99945,
        "songNumber": 12,
        "activePlayerCount": 139,
        "LinkVideo": "https://files.catbox.moe/lr2e19.webm",
        "LinkMp3": "https://files.catbox.moe/0mtppi.mp3"
    },
    {
        "animeEng": "Phantom: Requiem for the Phantom",
        "animeRomaji": "Phantom: Requiem for the Phantom",
        "songName": "Transparent",
        "artist": "KOKIA",
        "type": "Ending 2",
        "correctCount": 17,
        "startTime": 16,
        "songDuration": 89.064,
        "songNumber": 13,
        "activePlayerCount": 139,
        "LinkVideo": "https://files.catbox.moe/j3lt0r.webm",
        "LinkMp3": "https://files.catbox.moe/vyzvwn.mp3"
    },
    {
        "animeEng": "Tenk\u016b Senki Shurato Sousei e no Antou",
        "animeRomaji": "Tenk\u016b Senki Shurato Sousei e no Antou",
        "songName": "Glass no Shounen",
        "artist": "SATOKO",
        "type": "Ending 1",
        "correctCount": 2,
        "startTime": 1,
        "songDuration": 89.049898,
        "songNumber": 14,
        "activePlayerCount": 138,
        "LinkVideo": "https://files.catbox.moe/9imzuc.webm",
        "LinkMp3": "https://files.catbox.moe/mr3ol9.mp3",
        "correctPlayers": [
            "Rukawa11",
            "Catisam"
        ]
    },
    {
        "animeEng": "Yatterman",
        "animeRomaji": "Yatterman",
        "songName": "Yatterking",
        "artist": "Masayuki Yamamoto to School Mates Brothers",
        "type": "Opening 2",
        "correctCount": 52,
        "startTime": 12,
        "songDuration": 71.913866,
        "songNumber": 15,
        "activePlayerCount": 138,
        "LinkVideo": "https://files.catbox.moe/2dexj6.webm",
        "LinkMp3": "https://files.catbox.moe/1e0h97.mp3"
    },
    {
        "animeEng": "Baby Steps",
        "animeRomaji": "Baby Steps",
        "songName": "Believe in yourself",
        "artist": "Mao Abe",
        "type": "Opening 1",
        "correctCount": 74,
        "startTime": 20,
        "songDuration": 87.528,
        "songNumber": 16,
        "activePlayerCount": 136,
        "LinkVideo": "https://files.catbox.moe/cis2hm.webm",
        "LinkMp3": "https://files.catbox.moe/hz5fcp.mp3"
    },
    {
        "animeEng": "Duel Masters",
        "animeRomaji": "Duel Masters",
        "songName": "Mirai wa Joe! Joe!",
        "artist": "Hayabusa",
        "type": "Opening 1",
        "correctCount": 2,
        "startTime": 12,
        "songDuration": null,
        "songNumber": 17,
        "activePlayerCount": 136,
        "LinkVideo": "https://files.catbox.moe/9lfvsk.webm",
        "LinkMp3": "https://files.catbox.moe/0rnp2y.mp3",
        "correctPlayers": [
            "Tsuyura",
            "klusty"
        ]
    },
    {
        "animeEng": "Mysterious Girlfriend X",
        "animeRomaji": "Nazo no Kanojo X",
        "songName": "H\u014dkago no Yakusoku",
        "artist": "Ayako Yoshitani",
        "type": "Ending 1",
        "correctCount": 25,
        "startTime": 0,
        "songDuration": 88.728,
        "songNumber": 18,
        "activePlayerCount": 136,
        "LinkVideo": "https://files.catbox.moe/jlputx.webm",
        "LinkMp3": "https://files.catbox.moe/koxxpy.mp3"
    },
    {
        "animeEng": "Bob in the Bottle",
        "animeRomaji": "Hakushon Daima\u014d",
        "songName": "Hakushon Daima\u014d no Uta",
        "artist": "Yuri Shimazaki",
        "type": "Opening 1",
        "correctCount": 60,
        "startTime": 26,
        "songDuration": 80.88,
        "songNumber": 19,
        "activePlayerCount": 136,
        "LinkVideo": "https://files.catbox.moe/kyp7z2.webm",
        "LinkMp3": "https://files.catbox.moe/80r4qm.mp3"
    },
    {
        "animeEng": "Initial D: Third Stage",
        "animeRomaji": "Initial D: Third Stage",
        "songName": "strike on",
        "artist": "move",
        "type": "Insert Song",
        "correctCount": 44,
        "startTime": 0,
        "songDuration": null,
        "songNumber": 20,
        "activePlayerCount": 136,
        "LinkVideo": "https://files.catbox.moe/nsoskc.webm",
        "LinkMp3": "https://files.catbox.moe/czrau8.mp3"
    },
    {
        "animeEng": "Gegege no Kitar\u014d: Gekitotsu!! Ijigen Y\u014dkai no Daihanran",
        "animeRomaji": "Gegege no Kitar\u014d: Gekitotsu!! Ijigen Y\u014dkai no Daihanran",
        "songName": "Gegege no Kitaro",
        "artist": "Ikuzo Yoshi",
        "type": "Opening 1",
        "correctCount": 120,
        "startTime": 29,
        "songDuration": 87.912,
        "songNumber": 21,
        "activePlayerCount": 137,
        "LinkVideo": "https://files.catbox.moe/ejlayj.webm",
        "LinkMp3": "https://files.catbox.moe/gsmnx3.mp3"
    },
    {
        "animeEng": "Modern Magic Made Simple",
        "animeRomaji": "Yoku Wakaru Gendai Mah\u014d",
        "songName": "Deep Question",
        "artist": "Y\u014dko Hikasa",
        "type": "Insert Song",
        "correctCount": 3,
        "startTime": 43,
        "songDuration": 88.92,
        "songNumber": 22,
        "activePlayerCount": 136,
        "LinkVideo": "https://files.catbox.moe/vuuy96.webm",
        "LinkMp3": "https://files.catbox.moe/66g28l.mp3",
        "correctPlayers": [
            "Last_SSS",
            "asleep",
            "konomi"
        ]
    },
    {
        "animeEng": "ID: INVADED",
        "animeRomaji": "ID: INVADED",
        "songName": "Other Side",
        "artist": "MIYAVI",
        "type": "Ending 1",
        "correctCount": 43,
        "startTime": 12,
        "songDuration": 88.728,
        "songNumber": 23,
        "activePlayerCount": 136,
        "LinkVideo": "https://files.catbox.moe/t0hj72.webm",
        "LinkMp3": "https://files.catbox.moe/9dyhhg.mp3"
    },
    {
        "animeEng": "Chibi Maruko-chan",
        "animeRomaji": "Chibi Maruko-chan",
        "songName": "Yume Ippai",
        "artist": "Yumiko Seki",
        "type": "Ending 1",
        "correctCount": 27,
        "startTime": 10,
        "songDuration": 90.288,
        "songNumber": 24,
        "activePlayerCount": 136,
        "LinkVideo": "https://files.catbox.moe/45m0d5.webm",
        "LinkMp3": "https://files.catbox.moe/2oz1u9.mp3"
    },
    {
        "animeEng": "Nasu: A Migratory Bird with Suitcase",
        "animeRomaji": "Nasu: Suitcase no Wataridori",
        "songName": "Jitensha Show Uta",
        "artist": "Kiyoshir\u014d Imawano",
        "type": "Ending 1",
        "correctCount": 10,
        "startTime": 12,
        "songDuration": null,
        "songNumber": 25,
        "activePlayerCount": 136,
        "LinkVideo": "https://files.catbox.moe/7xsb4g.webm",
        "LinkMp3": "https://files.catbox.moe/76jw0d.mp3"
    },
    {
        "animeEng": "Hana Kappa",
        "animeRomaji": "Hana Kappa",
        "songName": "Special",
        "artist": "hitomi",
        "type": "Opening 2",
        "correctCount": 0,
        "startTime": 2,
        "songDuration": 38.064,
        "songNumber": 26,
        "activePlayerCount": 136,
        "LinkVideo": "https://files.catbox.moe/bop3iq.webm",
        "LinkMp3": "https://files.catbox.moe/5rd2w8.mp3"
    },
    {
        "animeEng": "Steins;Gate 0",
        "animeRomaji": "Steins;Gate 0",
        "songName": "LAST GAME",
        "artist": "Zwei",
        "type": "Ending 2",
        "correctCount": 56,
        "startTime": 12,
        "songDuration": null,
        "songNumber": 27,
        "activePlayerCount": 136,
        "LinkVideo": "https://files.catbox.moe/gm94dd.webm",
        "LinkMp3": "https://files.catbox.moe/3874io.mp3"
    },
    {
        "animeEng": "The Numbers",
        "animeRomaji": "Nanbaka",
        "songName": "Nanbaka Datsugoku Riron\u266a!",
        "artist": "Y\u016bto Uemura, Tetsuya Kakihara, Airu Shiozaki, Daiki Kobayashi, Tomokazu Seki",
        "type": "Ending 1",
        "correctCount": 42,
        "startTime": 7,
        "songDuration": 91.104,
        "songNumber": 28,
        "activePlayerCount": 136,
        "LinkVideo": "https://files.catbox.moe/y4mbzg.webm",
        "LinkMp3": "https://files.catbox.moe/01v2vi.mp3"
    },
    {
        "animeEng": "Senki Zessh\u014d Symphogear GX: Senki Zessh\u014d Shinai Symphogear",
        "animeRomaji": "Senki Zessh\u014d Symphogear GX: Senki Zessh\u014d Shinai Symphogear",
        "songName": "Itsuka no Niji, Hana no Omoide",
        "artist": "Aoi Y\u016bki & Yuka Iguchi",
        "type": "Ending 1",
        "correctCount": 32,
        "startTime": 0,
        "songDuration": 29.282762,
        "songNumber": 29,
        "activePlayerCount": 136,
        "LinkVideo": "https://files.catbox.moe/lamca5.webm",
        "LinkMp3": "https://files.catbox.moe/wjplo7.mp3"
    },
    {
        "animeEng": "Battle Girl High School",
        "animeRomaji": "Battle Girl High School",
        "songName": "Hoshi no Kizuna",
        "artist": "Shinjugamine Jogakuen Hoshimori Class",
        "type": "Opening 1",
        "correctCount": 24,
        "startTime": 28,
        "songDuration": 87.978896,
        "songNumber": 30,
        "activePlayerCount": 136,
        "LinkVideo": "https://files.catbox.moe/zu7f53.webm",
        "LinkMp3": "https://files.catbox.moe/vzi27c.mp3"
    },
    {
        "animeEng": "Hamatora",
        "animeRomaji": "Hamatora",
        "songName": "FLAT",
        "artist": "livetune adding Y\u016bki Ozaki",
        "type": "Opening 1",
        "correctCount": 40,
        "startTime": 0,
        "songDuration": null,
        "songNumber": 31,
        "activePlayerCount": 135,
        "LinkVideo": "https://files.catbox.moe/mmfxj1.webm",
        "LinkMp3": "https://files.catbox.moe/yfli89.mp3"
    },
    {
        "animeEng": "My Hero Academia",
        "animeRomaji": "Boku no Hero Academia",
        "songName": "Dakara, Hitori ja nai",
        "artist": "Little Glee Monster",
        "type": "Ending 1",
        "correctCount": 75,
        "startTime": 43,
        "songDuration": 88.8,
        "songNumber": 32,
        "activePlayerCount": 136,
        "LinkVideo": "https://files.catbox.moe/1b6hsn.webm",
        "LinkMp3": "https://files.catbox.moe/gmk572.mp3"
    },
    {
        "animeEng": "Beatless",
        "animeRomaji": "Beatless",
        "songName": "PRIMALove",
        "artist": "ClariS",
        "type": "Ending 1",
        "correctCount": 35,
        "startTime": 16,
        "songDuration": 88.464,
        "songNumber": 33,
        "activePlayerCount": 136,
        "LinkVideo": "https://files.catbox.moe/1yn8th.webm",
        "LinkMp3": "https://files.catbox.moe/mb1i7e.mp3"
    },
    {
        "animeEng": "High School Star Musical",
        "animeRomaji": "STARMYU",
        "songName": "Stars of Stars!",
        "artist": "team Hiiragi",
        "type": "Insert Song",
        "correctCount": 39,
        "startTime": 34,
        "songDuration": 95.328,
        "songNumber": 34,
        "activePlayerCount": 136,
        "LinkVideo": "https://files.catbox.moe/muyb7n.webm",
        "LinkMp3": "https://files.catbox.moe/az0n9f.mp3"
    },
    {
        "animeEng": "Diebuster (Gunbuster 2)",
        "animeRomaji": "Top o Nerae 2!: Diebuster",
        "songName": "Hoshikuzu Namida",
        "artist": "ACKO",
        "type": "Ending 1",
        "correctCount": 23,
        "startTime": 39,
        "songDuration": 98.064,
        "songNumber": 35,
        "activePlayerCount": 135,
        "LinkVideo": "https://files.catbox.moe/fjjd6r.webm",
        "LinkMp3": "https://files.catbox.moe/u1fzos.mp3"
    },
    {
        "animeEng": "Squid Girl OVA",
        "animeRomaji": "Shinryaku!! Ika Musume",
        "songName": "Let's\u2606Shinryaku Time!",
        "artist": "ULTRA-PRISM",
        "type": "Opening 1",
        "correctCount": 24,
        "startTime": 15,
        "songDuration": 85.44,
        "songNumber": 36,
        "activePlayerCount": 135,
        "LinkVideo": "https://files.catbox.moe/bwz7q0.webm",
        "LinkMp3": "https://files.catbox.moe/w9qhri.mp3"
    },
    {
        "animeEng": "Code Geass: Lelouch of the Rebellion Remake Movies",
        "animeRomaji": "Code Geass: Hangyaku no Lelouch Remake Movies",
        "songName": "WORLD END",
        "artist": "FLOW",
        "type": "Opening 3",
        "correctCount": 64,
        "startTime": 23,
        "songDuration": 90.173144,
        "songNumber": 37,
        "activePlayerCount": 135,
        "LinkVideo": "https://files.catbox.moe/6uzql6.webm",
        "LinkMp3": "https://files.catbox.moe/1v7ddt.mp3"
    },
    {
        "animeEng": "Area 88",
        "animeRomaji": "Area 88",
        "songName": "HOW FAR TO PARADISE",
        "artist": "Derek Jackson",
        "type": "Opening 1",
        "correctCount": 9,
        "startTime": 75,
        "songDuration": 109.728,
        "songNumber": 38,
        "activePlayerCount": 133,
        "LinkVideo": "https://files.catbox.moe/ruunjz.webm",
        "LinkMp3": "https://files.catbox.moe/4ac6ye.mp3"
    },
    {
        "animeEng": "Higurashi: When They Cry - NEW",
        "animeRomaji": "Higurashi no Naku Koro ni G\u014d",
        "songName": "I believe what you said",
        "artist": "Asaka",
        "type": "Opening 1",
        "correctCount": 66,
        "startTime": 10,
        "songDuration": 87.312,
        "songNumber": 39,
        "activePlayerCount": 134,
        "LinkVideo": "https://files.catbox.moe/9yjzlu.webm",
        "LinkMp3": "https://files.catbox.moe/t9an51.mp3"
    },
    {
        "animeEng": "A Certain Magical Index",
        "animeRomaji": "Toaru Majutsu no Index",
        "songName": "PSI-missing",
        "artist": "Mami Kawada",
        "type": "Opening 1",
        "correctCount": 81,
        "startTime": 49,
        "songDuration": 90.072,
        "songNumber": 40,
        "activePlayerCount": 135,
        "LinkVideo": "https://files.catbox.moe/3vp4vd.webm",
        "LinkMp3": "https://files.catbox.moe/pganoa.mp3"
    },
    {
        "animeEng": "GOBLIN SLAYER",
        "animeRomaji": "GOBLIN SLAYER",
        "songName": "Sansai Enjou no Dan",
        "artist": "Sh\u014d Hayami",
        "type": "Insert Song",
        "correctCount": 67,
        "startTime": 1,
        "songDuration": 34.848,
        "songNumber": 41,
        "activePlayerCount": 136,
        "LinkVideo": "https://files.catbox.moe/ksutxt.webm",
        "LinkMp3": "https://files.catbox.moe/2p8q3q.mp3"
    },
    {
        "animeEng": "Mazinger Z",
        "animeRomaji": "Mazinger Z",
        "songName": "Z no Theme",
        "artist": "Ichiro Mizuki",
        "type": "Insert Song",
        "correctCount": 49,
        "startTime": 4,
        "songDuration": 44.736,
        "songNumber": 42,
        "activePlayerCount": 136,
        "LinkVideo": "https://files.catbox.moe/q73f1p.webm",
        "LinkMp3": "https://files.catbox.moe/gklcyi.mp3"
    },
    {
        "animeEng": "Magical Canan",
        "animeRomaji": "Magical Canan",
        "songName": "Magical Chodai",
        "artist": "Ui Miyazaki",
        "type": "Opening 1",
        "correctCount": 3,
        "startTime": 17,
        "songDuration": 88.512,
        "songNumber": 43,
        "activePlayerCount": 135,
        "LinkVideo": "https://files.catbox.moe/yof2jn.webm",
        "LinkMp3": "https://files.catbox.moe/7ss8z2.mp3",
        "correctPlayers": [
            "1miss",
            "yahallonyanpasu",
            "klusty"
        ]
    },
    {
        "animeEng": "Rifle is Beautiful",
        "animeRomaji": "Rifle is Beautiful",
        "songName": "Let's go! Rifling 4!!!!",
        "artist": "Rifling 4",
        "type": "Opening 1",
        "correctCount": 20,
        "startTime": 40,
        "songDuration": 88.56,
        "songNumber": 44,
        "activePlayerCount": 134,
        "LinkVideo": "https://files.catbox.moe/ff06zz.webm",
        "LinkMp3": "https://files.catbox.moe/wfagjl.mp3"
    },
    {
        "animeEng": "Lapis Re:LiGHTs",
        "animeRomaji": "Lapis Re:LiGHTs",
        "songName": "Midnight Sapphire",
        "artist": "IV KLORE",
        "type": "Ending 2",
        "correctCount": 23,
        "startTime": 38,
        "songDuration": 120.336,
        "songNumber": 45,
        "activePlayerCount": 132,
        "LinkVideo": "https://files.catbox.moe/nxduie.webm",
        "LinkMp3": "https://files.catbox.moe/jxm4ea.mp3"
    },
    {
        "animeEng": "Uchitama?! Have you seen my Tama?",
        "animeRomaji": "Uchi Tama!?: Uchi no Tama Shirimasen ka?",
        "songName": "Friends",
        "artist": "wacci",
        "type": "Opening 1",
        "correctCount": 13,
        "startTime": 6,
        "songDuration": 89.64,
        "songNumber": 46,
        "activePlayerCount": 131,
        "LinkVideo": "https://files.catbox.moe/3rvnsr.webm",
        "LinkMp3": "https://files.catbox.moe/qmnf6p.mp3"
    },
    {
        "animeEng": "Shina Dark: King of Dark Moon and Blue Moon's Princess",
        "animeRomaji": "Shina Dark - Kuroki Tsuki no \u014c to S\u014dheki no Tsuki no Himegimi",
        "songName": "\u014ckoku March wa Tantakat\u0101n",
        "artist": "Daisuke Ono, Hiroki Yasumoto, Kana Hanazawa, Ayako Kawasumi",
        "type": "Insert Song",
        "correctCount": 5,
        "startTime": 59,
        "songDuration": 101.088,
        "songNumber": 47,
        "activePlayerCount": 131,
        "LinkVideo": "https://files.catbox.moe/mok9qj.webm",
        "LinkMp3": "https://files.catbox.moe/86sn17.mp3",
        "correctPlayers": [
            "pondzaza032",
            "klusty",
            "revel_",
            "Sniparook",
            "Satori234"
        ]
    },
    {
        "animeEng": "Urara Meirocho",
        "animeRomaji": "Urara Meirocho",
        "songName": "Yumeji Labyrinth",
        "artist": "Labyrinths",
        "type": "Opening 1",
        "correctCount": 60,
        "startTime": 56,
        "songDuration": 89.088,
        "songNumber": 48,
        "activePlayerCount": 130,
        "LinkVideo": "https://files.catbox.moe/6snykt.webm",
        "LinkMp3": "https://files.catbox.moe/xoevdz.mp3"
    },
    {
        "animeEng": "KanColle",
        "animeRomaji": "KanColle",
        "songName": "Mi-iro",
        "artist": "AKINO from bless4",
        "type": "Opening 1",
        "correctCount": 98,
        "startTime": 48,
        "songDuration": 89.568,
        "songNumber": 49,
        "activePlayerCount": 130,
        "LinkVideo": "https://files.catbox.moe/2tez6l.webm",
        "LinkMp3": "https://files.catbox.moe/kls9m6.mp3"
    },
    {
        "animeEng": "Gokuj\u014d!! Mecha Mote Iinch\u014d Second Collection",
        "animeRomaji": "Gokuj\u014d!! Mecha Mote Iinch\u014d Second Collection",
        "songName": "Oshare My Dream",
        "artist": "Mana Ogawa with MM Gakuen Gasshobu",
        "type": "Opening 2",
        "correctCount": 1,
        "startTime": 29,
        "songDuration": 88.488,
        "songNumber": 50,
        "activePlayerCount": 131,
        "LinkVideo": "https://files.catbox.moe/tl2hyn.webm",
        "LinkMp3": "https://files.catbox.moe/m0f01r.mp3",
        "correctPlayers": [
            "yahallonyanpasu"
        ]
    },
    {
        "animeEng": "Mob Psycho 100 Reigen",
        "animeRomaji": "Mob Psycho 100 Reigen: Shirarezaru Kiseki Rein\u014dryokusha",
        "songName": "99",
        "artist": "MOB CHOIR",
        "type": "Opening 1",
        "correctCount": 115,
        "startTime": 39,
        "songDuration": 88.992,
        "songNumber": 51,
        "activePlayerCount": 131,
        "LinkVideo": "https://files.catbox.moe/2c12lp.webm",
        "LinkMp3": "https://files.catbox.moe/cc1x70.mp3"
    },
    {
        "animeEng": "Rilu Rilu Fairilu: Y\u014dsei no Door",
        "animeRomaji": "Rilu Rilu Fairilu: Y\u014dsei no Door",
        "songName": "key of life",
        "artist": "Shiggy Jr.",
        "type": "Ending 1",
        "correctCount": 6,
        "startTime": 8,
        "songDuration": 88.94541,
        "songNumber": 52,
        "activePlayerCount": 131,
        "LinkVideo": "https://files.catbox.moe/ilgijd.webm",
        "LinkMp3": "https://files.catbox.moe/0mipv2.mp3"
    },
    {
        "animeEng": "Yu Yu Hakusho The Movie",
        "animeRomaji": "Yu Yu Hakusho The Movie",
        "songName": "Hohoemi no Bakudan",
        "artist": "Matsuko Mawatari",
        "type": "Opening 1",
        "correctCount": 86,
        "startTime": 38,
        "songDuration": 82.56,
        "songNumber": 53,
        "activePlayerCount": 131,
        "LinkVideo": "https://files.catbox.moe/rgjhkr.webm",
        "LinkMp3": "https://files.catbox.moe/88qfzp.mp3"
    },
    {
        "animeEng": "Ninja Slayer",
        "animeRomaji": "Ninja Slayer From Animation",
        "songName": "NINJA SOUL",
        "artist": "GEEKS",
        "type": "Ending 16",
        "correctCount": 4,
        "startTime": 29,
        "songDuration": 89.493972,
        "songNumber": 54,
        "activePlayerCount": 132,
        "LinkVideo": "https://files.catbox.moe/0rqr5s.webm",
        "LinkMp3": "https://files.catbox.moe/o4cqv4.mp3",
        "correctPlayers": [
            "1miss",
            "Rukawa11",
            "maaya",
            "klusty"
        ]
    },
    {
        "animeEng": "Cardfight!! Vanguard",
        "animeRomaji": "Cardfight!! Vanguard",
        "songName": "Legendary",
        "artist": "Roselia",
        "type": "Opening 1",
        "correctCount": 38,
        "startTime": 47,
        "songDuration": 88.848,
        "songNumber": 55,
        "activePlayerCount": 132,
        "LinkVideo": "https://files.catbox.moe/0i7es9.webm",
        "LinkMp3": "https://files.catbox.moe/1kvhpy.mp3"
    },
    {
        "animeEng": "Unico in the Island of Magic",
        "animeRomaji": "Unico: Mah\u014d no Shima e",
        "songName": "Do-Re-Mi-Fa Lullaby",
        "artist": "Emiko Shiratori",
        "type": "Ending 1",
        "correctCount": 1,
        "startTime": 85,
        "songDuration": 165.096,
        "songNumber": 56,
        "activePlayerCount": 132,
        "LinkVideo": "https://files.catbox.moe/hlk2ig.webm",
        "LinkMp3": "https://files.catbox.moe/56nac5.mp3",
        "correctPlayers": [
            "Rukawa11"
        ]
    },
    {
        "animeEng": "Soul Eater NOT!",
        "animeRomaji": "Soul Eater NOT!",
        "songName": "monochrome",
        "artist": "Dancing Dolls",
        "type": "Opening 1",
        "correctCount": 56,
        "startTime": 52,
        "songDuration": 88.056,
        "songNumber": 57,
        "activePlayerCount": 132,
        "LinkVideo": "https://files.catbox.moe/myx0zp.webm",
        "LinkMp3": "https://files.catbox.moe/oyue7t.mp3"
    },
    {
        "animeEng": "Salad J\u016b Y\u016bshi Tomatoman",
        "animeRomaji": "Salad J\u016b Y\u016bshi Tomatoman",
        "songName": "Vegetable My Love",
        "artist": "Saori Hareyama",
        "type": "Opening 1",
        "correctCount": 2,
        "startTime": 12,
        "songDuration": 82.368,
        "songNumber": 58,
        "activePlayerCount": 132,
        "LinkVideo": "https://files.catbox.moe/2m6c0w.webm",
        "LinkMp3": "https://files.catbox.moe/3a1swl.mp3",
        "correctPlayers": [
            "Neutral",
            "Rukawa11"
        ]
    },
    {
        "animeEng": "Mikeneko Holmes no Yurei Joshu",
        "animeRomaji": "Mikeneko Holmes no Yurei Joshu",
        "songName": "Anata ni Deaete Yokatta",
        "artist": "Eri Hiramatsu",
        "type": "Ending 1",
        "correctCount": 2,
        "startTime": 35,
        "songDuration": 211.056,
        "songNumber": 59,
        "activePlayerCount": 130,
        "LinkVideo": "https://files.catbox.moe/ldobv4.webm",
        "LinkMp3": "https://files.catbox.moe/2655jm.mp3",
        "correctPlayers": [
            "yahallonyanpasu",
            "Catisam"
        ]
    },
    {
        "animeEng": "Ranma 1/2",
        "animeRomaji": "Ranma 1/2",
        "songName": "Love Seeker CAN'T STOP IT",
        "artist": "VisioN",
        "type": "Opening 7",
        "correctCount": 10,
        "startTime": 38,
        "songDuration": 89.112,
        "songNumber": 60,
        "activePlayerCount": 131,
        "LinkVideo": "https://files.catbox.moe/bpuxdc.webm",
        "LinkMp3": "https://files.catbox.moe/nif8hc.mp3"
    },
    {
        "animeEng": "Offside",
        "animeRomaji": "Offside",
        "songName": "Daisuki na SHOES",
        "artist": "Chieko Higuchi",
        "type": "Opening 1",
        "correctCount": 1,
        "startTime": 1,
        "songDuration": 78.768,
        "songNumber": 61,
        "activePlayerCount": 131,
        "LinkVideo": "https://files.catbox.moe/3iw637.webm",
        "LinkMp3": "https://files.catbox.moe/hnd9mb.mp3",
        "correctPlayers": [
            "tomokarin"
        ]
    },
    {
        "animeEng": "Macross 7",
        "animeRomaji": "Macross 7",
        "songName": "PLANET DANCE",
        "artist": "Fire Bomber",
        "type": "Insert Song",
        "correctCount": 16,
        "startTime": 94,
        "songDuration": 208.56,
        "songNumber": 62,
        "activePlayerCount": 131,
        "LinkVideo": "https://files.catbox.moe/1ynmln.webm",
        "LinkMp3": "https://files.catbox.moe/m379jg.mp3"
    },
    {
        "animeEng": "The Promised Neverland",
        "animeRomaji": "Yakusoku no Neverland",
        "songName": "Mahou",
        "artist": "Myuk",
        "type": "Ending 1",
        "correctCount": 19,
        "startTime": 19,
        "songDuration": 87.24,
        "songNumber": 63,
        "activePlayerCount": 131,
        "LinkVideo": "https://files.catbox.moe/q45yjl.webm",
        "LinkMp3": "https://files.catbox.moe/ipof7s.mp3"
    },
    {
        "animeEng": "Sailor Moon SuperS",
        "animeRomaji": "Bish\u014djo Senshi Sailor Moon Super S",
        "songName": "Sailor Team no Theme",
        "artist": "Naoko Takeuchi",
        "type": "Insert Song",
        "correctCount": 3,
        "startTime": 75,
        "songDuration": 130.416,
        "songNumber": 64,
        "activePlayerCount": 131,
        "LinkVideo": "https://files.catbox.moe/ulfhza.webm",
        "LinkMp3": "https://files.catbox.moe/qr69qz.mp3",
        "correctPlayers": [
            "Spagettu",
            "kriceless",
            "revel_"
        ]
    },
    {
        "animeEng": "The Disappearance of Conan Edogawa: The Worst Two Days in History",
        "animeRomaji": "Meitantei Conan: Edogawa Conan Shiss\u014d Jiken -Chij\u014d Saiaku no Futsukakan-",
        "songName": "Bokura no Yume sa Kamen Yaiba",
        "artist": "Wataru Takagi",
        "type": "Insert Song",
        "correctCount": 36,
        "startTime": 1,
        "songDuration": 53.832,
        "songNumber": 65,
        "activePlayerCount": 131,
        "LinkVideo": "https://files.catbox.moe/s460vs.webm",
        "LinkMp3": "https://files.catbox.moe/15n3l3.mp3"
    },
    {
        "animeEng": "MARGINAL #4 the Animation",
        "animeRomaji": "Marginal#4 Kiss Kara Tsukuru Big Bang",
        "songName": "Melty\u2665Love\u2665Cooking",
        "artist": "KENN & Yuto Suzuki",
        "type": "Ending 3",
        "correctCount": 0,
        "startTime": 41,
        "songDuration": 88.752,
        "songNumber": 66,
        "activePlayerCount": 131,
        "LinkVideo": "https://files.catbox.moe/36fcyl.webm",
        "LinkMp3": "https://files.catbox.moe/yqanpn.mp3"
    },
    {
        "animeEng": "That Time I Got Reincarnated as a Slime",
        "animeRomaji": "Tensei Shitara Slime Datta Ken",
        "songName": "Meguru Mono",
        "artist": "Takuma Terashima",
        "type": "Opening 2",
        "correctCount": 92,
        "startTime": 51,
        "songDuration": 89.064,
        "songNumber": 67,
        "activePlayerCount": 131,
        "LinkVideo": "https://files.catbox.moe/xrrpjz.webm",
        "LinkMp3": "https://files.catbox.moe/x2plwa.mp3"
    },
    {
        "animeEng": "My Hero Academia: Make It! Do-or-Die Survival Training",
        "animeRomaji": "Boku no Hero Academia: Ikinokore! Kesshi no Survival Kunren",
        "songName": "Shout Baby",
        "artist": "Ryokuousyoku Syakai",
        "type": "Ending 1",
        "correctCount": 48,
        "startTime": 47,
        "songDuration": 89.112,
        "songNumber": 68,
        "activePlayerCount": 131,
        "LinkVideo": "https://files.catbox.moe/qnm8ii.webm",
        "LinkMp3": "https://files.catbox.moe/rk80ns.mp3"
    },
    {
        "animeEng": "One Punch Man",
        "animeRomaji": "One Punch Man",
        "songName": "Saitama no One-Punch Ondo",
        "artist": "Makoto Furukawa",
        "type": "Ending 1",
        "correctCount": 51,
        "startTime": 54,
        "songDuration": 93.696,
        "songNumber": 69,
        "activePlayerCount": 131,
        "LinkVideo": "https://files.catbox.moe/da575n.webm",
        "LinkMp3": "https://files.catbox.moe/69psex.mp3"
    },
    {
        "animeEng": "King's Game The Animation",
        "animeRomaji": "\u014csama Game The Animation",
        "songName": "FEED THE FIRE",
        "artist": "coldrain",
        "type": "Opening 1",
        "correctCount": 52,
        "startTime": 27,
        "songDuration": 89.952,
        "songNumber": 70,
        "activePlayerCount": 131,
        "LinkVideo": "https://files.catbox.moe/t46sey.webm",
        "LinkMp3": "https://files.catbox.moe/ovqfcr.mp3"
    },
    {
        "animeEng": "Hundred",
        "animeRomaji": "Hundred",
        "songName": "My Prayer",
        "artist": "Mayu Yoshioka & Kaya Okuno",
        "type": "Insert Song",
        "correctCount": 2,
        "startTime": 57,
        "songDuration": 121.896,
        "songNumber": 71,
        "activePlayerCount": 131,
        "LinkVideo": "https://files.catbox.moe/5zk64t.webm",
        "LinkMp3": "https://files.catbox.moe/z9oz13.mp3",
        "correctPlayers": [
            "yahallonyanpasu",
            "Franchouchou"
        ]
    },
    {
        "animeEng": "Why the Hell are You Here, Teacher!?",
        "animeRomaji": "Nande Koko ni Sensei ga!?",
        "songName": "Bon\u2661Kyuu\u2661Bon wa Kare no Mono\u2661",
        "artist": "Sumire Uesaka",
        "type": "Opening 1",
        "correctCount": 70,
        "startTime": 49,
        "songDuration": 88.488,
        "songNumber": 72,
        "activePlayerCount": 130,
        "LinkVideo": "https://files.catbox.moe/mcf9cy.webm",
        "LinkMp3": "https://files.catbox.moe/bf0g86.mp3"
    },
    {
        "animeEng": "From the New World",
        "animeRomaji": "Shin Sekai Yori",
        "songName": "Wareta Ringo",
        "artist": "Risa Taneda",
        "type": "Ending 1",
        "correctCount": 72,
        "startTime": 48,
        "songDuration": 89.04,
        "songNumber": 73,
        "activePlayerCount": 130,
        "LinkVideo": "https://files.catbox.moe/tmas1a.webm",
        "LinkMp3": "https://files.catbox.moe/7zsh0h.mp3"
    },
    {
        "animeEng": "Teasing Master Takagi-san",
        "animeRomaji": "Karakai J\u014dzu no Takagi-san",
        "songName": "Iwanai kedo ne.",
        "artist": "Yuiko Ohara",
        "type": "Opening 1",
        "correctCount": 70,
        "startTime": 7,
        "songDuration": 88.8,
        "songNumber": 74,
        "activePlayerCount": 130,
        "LinkVideo": "https://files.catbox.moe/zbl4xb.webm",
        "LinkMp3": "https://files.catbox.moe/i7pfq9.mp3"
    },
    {
        "animeEng": "Evangelion: 2.0 You Can (Not) Advance",
        "animeRomaji": "Evangelion Shin Gekij\u014dban: Ha",
        "songName": "Ky\u014d no Hi wa Say\u014dnara",
        "artist": "Megumi Hayashibara with Special Kids as chorus",
        "type": "Insert Song",
        "correctCount": 20,
        "startTime": 115,
        "songDuration": 156.048,
        "songNumber": 75,
        "activePlayerCount": 129,
        "LinkVideo": "https://files.catbox.moe/1oclin.webm",
        "LinkMp3": "https://files.catbox.moe/5rnrqb.mp3"
    }
]