[
    {
        "animeEng": "Ajin: Demi-Human",
        "animeRomaji": "Ajin",
        "songName": "HOW CLOSE YOU ARE",
        "artist": "Mamoru Miyano",
        "type": "Ending 1",
        "correctCount": 86,
        "startTime": 0,
        "songDuration": 89.088,
        "songNumber": 1,
        "activePlayerCount": 297,
        "LinkVideo": "https://files.catbox.moe/p6az7e.webm",
        "LinkMp3": "https://files.catbox.moe/pcaml1.mp3"
    },
    {
        "animeEng": "Tenchi Muyo! Ryo Ohki",
        "animeRomaji": "Tenchi Muyo! Ryo Ohki",
        "songName": "The Lonely Moon",
        "artist": "Scottie Haskell",
        "type": "Ending 1",
        "correctCount": 7,
        "startTime": 0,
        "songDuration": 106.224,
        "songNumber": 2,
        "activePlayerCount": 296,
        "LinkVideo": "https://files.catbox.moe/psk3rn.webm",
        "LinkMp3": "https://files.catbox.moe/xw2eo3.mp3"
    },
    {
        "animeEng": "Hybrid x Heart Magias Academy Ataraxia",
        "animeRomaji": "Mas\u014d Gakuen H\u00d7H",
        "songName": "miele paradiso",
        "artist": "Iori Nomizu",
        "type": "Opening 1",
        "correctCount": 71,
        "startTime": 10,
        "songDuration": 87.984,
        "songNumber": 3,
        "activePlayerCount": 294,
        "LinkVideo": "https://files.catbox.moe/v34115.webm",
        "LinkMp3": "https://files.catbox.moe/esjgag.mp3"
    },
    {
        "animeEng": "Love Stage!!",
        "animeRomaji": "Love Stage!!",
        "songName": "CLICK YOUR HEART!!",
        "artist": "Kazutomi Yamamoto",
        "type": "Ending 1",
        "correctCount": 72,
        "startTime": 49,
        "songDuration": 88.56,
        "songNumber": 4,
        "activePlayerCount": 294,
        "LinkVideo": "https://files.catbox.moe/fqjqrm.webm",
        "LinkMp3": "https://files.catbox.moe/mzggm9.mp3"
    },
    {
        "animeEng": "Sasami-san@Ganbaranai",
        "animeRomaji": "Sasami-san@Ganbaranai",
        "songName": "Ribbon ga Fuwari",
        "artist": "Mayako Nigo",
        "type": "Insert Song",
        "correctCount": 1,
        "startTime": 26,
        "songDuration": 65.064,
        "songNumber": 5,
        "activePlayerCount": 293,
        "LinkVideo": "https://files.catbox.moe/dqopg6.webm",
        "LinkMp3": "https://files.catbox.moe/906ruc.mp3",
        "correctPlayers": [
            "theyingster"
        ]
    },
    {
        "animeEng": "Sh\u014dnen Hollywood - Holly Stage for 50",
        "animeRomaji": "Sh\u014dnen Hollywood - Holly Stage for 50",
        "songName": "HOLLY TRIP",
        "artist": "Sh\u014dnen Hollywood",
        "type": "Opening 1",
        "correctCount": 3,
        "startTime": 14,
        "songDuration": 90.072,
        "songNumber": 6,
        "activePlayerCount": 292,
        "LinkVideo": "https://files.catbox.moe/7ue1w0.webm",
        "LinkMp3": "https://files.catbox.moe/p13gvp.mp3",
        "correctPlayers": [
            "Ufokoira",
            "Heyko",
            "AsaShigure"
        ]
    },
    {
        "animeEng": "Voogie's Angel",
        "animeRomaji": "Denn\u014d Sentai Voogie's\u2605Angel",
        "songName": "DREAMS",
        "artist": "Aya Hisakawa",
        "type": "Ending 3",
        "correctCount": 3,
        "startTime": 108,
        "songDuration": 223.056,
        "songNumber": 7,
        "activePlayerCount": 292,
        "LinkVideo": "https://files.catbox.moe/resnv3.webm",
        "LinkMp3": "https://files.catbox.moe/g7sdy6.mp3",
        "correctPlayers": [
            "watashiii",
            "Legend_",
            "Hooman"
        ]
    },
    {
        "animeEng": "Wake Up, Girls!: The Movie",
        "animeRomaji": "Wake Up, Girls!: The Movie",
        "songName": "Tachiagare!",
        "artist": "Wake Up, Girls!",
        "type": "Ending 1",
        "correctCount": 93,
        "startTime": 84,
        "songDuration": 288.072,
        "songNumber": 8,
        "activePlayerCount": 291,
        "LinkVideo": "https://files.catbox.moe/8z3gon.webm",
        "LinkMp3": "https://files.catbox.moe/39buca.mp3"
    },
    {
        "animeEng": "Persona4 The Animation -The Factor of Hope-",
        "animeRomaji": "Persona4 The Animation -The Factor of Hope-",
        "songName": "We Are One and All",
        "artist": "Shihoko Hirata",
        "type": "Insert Song",
        "correctCount": 34,
        "startTime": 17,
        "songDuration": 195.12,
        "songNumber": 9,
        "activePlayerCount": 291,
        "LinkVideo": "https://files.catbox.moe/v2s394.webm",
        "LinkMp3": "https://files.catbox.moe/juyvyl.mp3"
    },
    {
        "animeEng": "Problem children are coming from another world, aren't they?",
        "animeRomaji": "Mondaiji-tachi ga Isekai kara Kurus\u014d desu yo?",
        "songName": "Black\u271dWhite",
        "artist": "Iori Nomizu",
        "type": "Opening 1",
        "correctCount": 133,
        "startTime": 34,
        "songDuration": 87.552,
        "songNumber": 10,
        "activePlayerCount": 291,
        "LinkVideo": "https://files.catbox.moe/gayg6m.webm",
        "LinkMp3": "https://files.catbox.moe/i2aave.mp3"
    },
    {
        "animeEng": "True Love Story",
        "animeRomaji": "True Love Story",
        "songName": "Sayonara no Magarikado",
        "artist": "Natsuko Kuwatani, Fumiko Orikasa, Kahoru Sasajima, Miyu Matsuki, Yuki Matsuoka, Yumi Kakazu",
        "type": "Ending 1",
        "correctCount": 2,
        "startTime": 40,
        "songDuration": 100.872,
        "songNumber": 11,
        "activePlayerCount": 291,
        "LinkVideo": "https://files.catbox.moe/dbkf8k.webm",
        "LinkMp3": "https://files.catbox.moe/5o5n69.mp3",
        "correctPlayers": [
            "SrueyaF",
            "watashiii"
        ]
    },
    {
        "animeEng": "Super Dimensional Fortress Macross II: The Movie",
        "animeRomaji": "Ch\u014djik\u016b Y\u014dsai Macross II: Lovers Again",
        "songName": "Koi no Banana Moon",
        "artist": "Yuka Sato",
        "type": "Insert Song",
        "correctCount": 7,
        "startTime": 7,
        "songDuration": 75.384,
        "songNumber": 12,
        "activePlayerCount": 291,
        "LinkVideo": "https://files.catbox.moe/573glh.webm",
        "LinkMp3": "https://files.catbox.moe/so8vd9.mp3"
    },
    {
        "animeEng": "Redo of Healer",
        "animeRomaji": "Kaifuku Jutsushi no Yarinaoshi: Sokushi Mah\u014d to Skill Copy no Choetsu Heal",
        "songName": "Zankoku na Yume to Nemure",
        "artist": "Minami Kuribayashi",
        "type": "Opening 1",
        "correctCount": 53,
        "startTime": 47,
        "songDuration": 87.984,
        "songNumber": 13,
        "activePlayerCount": 290,
        "LinkVideo": "https://files.catbox.moe/h6g9ql.webm",
        "LinkMp3": "https://files.catbox.moe/mhp6nt.mp3"
    },
    {
        "animeEng": "Crois\u00e9e in a Foreign Labyrinth - The Animation",
        "animeRomaji": "Ikoku Meiro no Crois\u00e9e",
        "songName": "Koko kara Hajimaru Monogatari",
        "artist": "Nao T\u014dyama",
        "type": "Ending 1",
        "correctCount": 10,
        "startTime": 32,
        "songDuration": 92.64,
        "songNumber": 14,
        "activePlayerCount": 289,
        "LinkVideo": "https://files.catbox.moe/rl96qk.webm",
        "LinkMp3": "https://files.catbox.moe/gq5mu9.mp3"
    },
    {
        "animeEng": "Ushio & Tora",
        "animeRomaji": "Ushio to Tora",
        "songName": "Sh\u016bgawari no Kiseki no Shinwa",
        "artist": "Kinniku Sh\u014djo Tai",
        "type": "Opening 1",
        "correctCount": 100,
        "startTime": 1,
        "songDuration": 88.176,
        "songNumber": 15,
        "activePlayerCount": 288,
        "LinkVideo": "https://files.catbox.moe/32t294.webm",
        "LinkMp3": "https://files.catbox.moe/c4kiwy.mp3"
    },
    {
        "animeEng": "Katana Maidens: Toji no Miko",
        "animeRomaji": "Toji no Miko",
        "songName": "Ima Kono Mi ga Hateyou tomo",
        "artist": "Kaede Hondo, Saori \u014cnishi",
        "type": "Ending 2",
        "correctCount": 13,
        "startTime": 22,
        "songDuration": 167.808,
        "songNumber": 16,
        "activePlayerCount": 287,
        "LinkVideo": "https://files.catbox.moe/2dqkw5.webm",
        "LinkMp3": "https://files.catbox.moe/zrw3cn.mp3"
    },
    {
        "animeEng": "Persona4 The ANIMATION",
        "animeRomaji": "Persona4 The ANIMATION",
        "songName": "The Way of Memories -Kizuna no Chikara-",
        "artist": "Shihoko Hirata",
        "type": "Ending 3",
        "correctCount": 88,
        "startTime": 26,
        "songDuration": 71.424,
        "songNumber": 17,
        "activePlayerCount": 286,
        "LinkVideo": "https://files.catbox.moe/3e2uep.webm",
        "LinkMp3": "https://files.catbox.moe/wdjtx3.mp3"
    },
    {
        "animeEng": "Pupa",
        "animeRomaji": "Pupa",
        "songName": "pupa",
        "artist": "Ibuki Kido & Erii Yamazaki",
        "type": "Opening 1",
        "correctCount": 198,
        "startTime": 0,
        "songDuration": 29.328,
        "songNumber": 18,
        "activePlayerCount": 286,
        "LinkVideo": "https://files.catbox.moe/r2o8vw.webm",
        "LinkMp3": "https://files.catbox.moe/9yr0la.mp3"
    },
    {
        "animeEng": "The Thousand Musketeers",
        "animeRomaji": "Senj\u016bshi: The Thousand Noble Musketeers",
        "songName": "vaincre ou mourir ~Hokori Takaki Nightmare~",
        "artist": "Wataru Hatano",
        "type": "Insert Song",
        "correctCount": 3,
        "startTime": 42,
        "songDuration": 85.32,
        "songNumber": 19,
        "activePlayerCount": 285,
        "LinkVideo": "https://files.catbox.moe/obtzkh.webm",
        "LinkMp3": "https://files.catbox.moe/3of2ih.mp3",
        "correctPlayers": [
            "hemonn",
            "AsaShigure",
            "ozsauce"
        ]
    },
    {
        "animeEng": "Re:CREATORS",
        "animeRomaji": "Re:CREATORS",
        "songName": "HERE I AM",
        "artist": "Gemie",
        "type": "Insert Song",
        "correctCount": 78,
        "startTime": 0,
        "songDuration": 22.488,
        "songNumber": 20,
        "activePlayerCount": 285,
        "LinkVideo": "https://files.catbox.moe/kgq3pk.webm",
        "LinkMp3": "https://files.catbox.moe/ek8vep.mp3"
    },
    {
        "animeEng": "Sakura Kakumei ~Hana Saku Otome-tachi~",
        "animeRomaji": "Sakura Kakumei ~Hana Saku Otome-tachi~",
        "songName": "Wonderful Future",
        "artist": "Dai Teikoku Kageki-dan B.L.A.C.K",
        "type": "Insert Song",
        "correctCount": 4,
        "startTime": 25,
        "songDuration": 58.7745,
        "songNumber": 21,
        "activePlayerCount": 284,
        "LinkVideo": "https://files.catbox.moe/thxplw.webm",
        "LinkMp3": "https://files.catbox.moe/wzc9l0.mp3",
        "correctPlayers": [
            "OnlyHarmonie",
            "80s",
            "JESSMI2",
            "e56123"
        ]
    },
    {
        "animeEng": "Dragon Ball: Curse of the Blood Rubies",
        "animeRomaji": "Dragon Ball: Shenlong no Densetsu",
        "songName": "Romantic Ageru Yo",
        "artist": "Ushio Hashimoto",
        "type": "Ending 1",
        "correctCount": 126,
        "startTime": 53,
        "songDuration": 93.438394,
        "songNumber": 22,
        "activePlayerCount": 284,
        "LinkVideo": "https://files.catbox.moe/iwqggq.webm",
        "LinkMp3": "https://files.catbox.moe/c0ycbj.mp3"
    },
    {
        "animeEng": "Slow Start",
        "animeRomaji": "Slow Start",
        "songName": "ne! ne! ne!",
        "artist": "STARTails\u2606",
        "type": "Opening 1",
        "correctCount": 69,
        "startTime": 8,
        "songDuration": 89.448,
        "songNumber": 23,
        "activePlayerCount": 283,
        "LinkVideo": "https://files.catbox.moe/pijqdc.webm",
        "LinkMp3": "https://files.catbox.moe/p1t4e8.mp3"
    },
    {
        "animeEng": "Martian Successor Nadesico: The Motion Picture - Prince of Darkness",
        "animeRomaji": "Kid\u014d Senkan Nadeshiko: Prince of Darkness",
        "songName": "Dearest",
        "artist": "Yumi Matsuzawa",
        "type": "Ending 1",
        "correctCount": 6,
        "startTime": 133,
        "songDuration": 304.992,
        "songNumber": 24,
        "activePlayerCount": 283,
        "LinkVideo": "https://files.catbox.moe/nzdv3l.webm",
        "LinkMp3": "https://files.catbox.moe/if0nfj.mp3"
    },
    {
        "animeEng": "Shokugeki no S\u014dma: San no Sara: Erina no Shin Seikatsu",
        "animeRomaji": "Shokugeki no S\u014dma: San no Sara: Erina no Shin Seikatsu",
        "songName": "BRAVER",
        "artist": "ZAQ",
        "type": "Opening 1",
        "correctCount": 183,
        "startTime": 9,
        "songDuration": 89.04,
        "songNumber": 25,
        "activePlayerCount": 281,
        "LinkVideo": "https://files.catbox.moe/5h4ptm.webm",
        "LinkMp3": "https://files.catbox.moe/gsj42q.mp3"
    },
    {
        "animeEng": "March comes in like a lion",
        "animeRomaji": "3-gatsu no Lion",
        "songName": "Answer",
        "artist": "BUMP OF CHICKEN",
        "type": "Opening 1",
        "correctCount": 162,
        "startTime": 17,
        "songDuration": 89.568,
        "songNumber": 26,
        "activePlayerCount": 282,
        "LinkVideo": "https://files.catbox.moe/wcxc8n.webm",
        "LinkMp3": "https://files.catbox.moe/61kwir.mp3"
    },
    {
        "animeEng": "Gunbuster",
        "animeRomaji": "Gunbuster",
        "songName": "Active Heart",
        "artist": "Noriko Sakai",
        "type": "Ending 2",
        "correctCount": 71,
        "startTime": 16,
        "songDuration": 186.96,
        "songNumber": 27,
        "activePlayerCount": 282,
        "LinkVideo": "https://files.catbox.moe/lqmot5.webm",
        "LinkMp3": "https://files.catbox.moe/b75ye9.mp3"
    },
    {
        "animeEng": "Someday's Dreamers",
        "animeRomaji": "Mah\u014dtsukai ni Taisetsu na Koto",
        "songName": "UNDER THE BLUE SKY (acoustics)",
        "artist": "the Indigo",
        "type": "Ending 2",
        "correctCount": 8,
        "startTime": 101,
        "songDuration": 148.848,
        "songNumber": 28,
        "activePlayerCount": 282,
        "LinkVideo": "https://files.catbox.moe/wstgz7.webm",
        "LinkMp3": "https://files.catbox.moe/trn83b.mp3"
    },
    {
        "animeEng": "Him\u014dto! Umaru-chan R",
        "animeRomaji": "Him\u014dto! Umaru-chan R",
        "songName": "Nimensei\u2606Uraomote Life!",
        "artist": "Aimi Tanaka",
        "type": "Opening 1",
        "correctCount": 170,
        "startTime": 2,
        "songDuration": 88.944,
        "songNumber": 29,
        "activePlayerCount": 281,
        "LinkVideo": "https://files.catbox.moe/2uy24t.webm",
        "LinkMp3": "https://files.catbox.moe/xx9vki.mp3"
    },
    {
        "animeEng": "Idol Time PriPara",
        "animeRomaji": "Idol Time PriPara",
        "songName": "Memorial",
        "artist": "i\u2606Ris",
        "type": "Opening 3",
        "correctCount": 3,
        "startTime": 33,
        "songDuration": 88.704,
        "songNumber": 30,
        "activePlayerCount": 280,
        "LinkVideo": "https://files.catbox.moe/as8zr9.webm",
        "LinkMp3": "https://files.catbox.moe/2vlhh9.mp3",
        "correctPlayers": [
            "TrueFortune",
            "Rtas",
            "ozsauce"
        ]
    },
    {
        "animeEng": "Hidamari Sketch \u00d7 SP",
        "animeRomaji": "Hidamari Sketch \u00d7 SP",
        "songName": "Kimagure, Jankenpon!",
        "artist": "Kana Asumi, Kaori Mizuhashi, Yuko Goto and Ryoko Shintani",
        "type": "Opening 1",
        "correctCount": 29,
        "startTime": 1,
        "songDuration": 87.84,
        "songNumber": 31,
        "activePlayerCount": 281,
        "LinkVideo": "https://files.catbox.moe/sf7ntj.webm",
        "LinkMp3": "https://files.catbox.moe/iebbw7.mp3"
    },
    {
        "animeEng": "Generation of Chaos",
        "animeRomaji": "Generation of Chaos",
        "songName": "The place of happiness",
        "artist": "Nana Mizuki",
        "type": "Opening 1",
        "correctCount": 27,
        "startTime": 57,
        "songDuration": 91.152,
        "songNumber": 32,
        "activePlayerCount": 280,
        "LinkVideo": "https://files.catbox.moe/3tlx37.webm",
        "LinkMp3": "https://files.catbox.moe/p0xcci.mp3"
    },
    {
        "animeEng": "Jinzo Konchu Kabuto Borg VxV",
        "animeRomaji": "Jinzo Konchu Kabuto Borg VxV",
        "songName": "Beetle Power!",
        "artist": "Pinky Piglets",
        "type": "Opening 1",
        "correctCount": 4,
        "startTime": 8,
        "songDuration": 89.352,
        "songNumber": 33,
        "activePlayerCount": 278,
        "LinkVideo": "https://files.catbox.moe/5fud0w.webm",
        "LinkMp3": "https://files.catbox.moe/vj9vra.mp3",
        "correctPlayers": [
            "PourLeKe",
            "Ashuramaru",
            "Shinxx",
            "ozsauce"
        ]
    },
    {
        "animeEng": "xxxHOLiC: Shunmuki",
        "animeRomaji": "xxxHOLiC: Shunmuki",
        "songName": "sofa",
        "artist": "Shikao Suga",
        "type": "Opening 1",
        "correctCount": 28,
        "startTime": 5,
        "songDuration": 92.28,
        "songNumber": 34,
        "activePlayerCount": 278,
        "LinkVideo": "https://files.catbox.moe/zqd1r5.webm",
        "LinkMp3": "https://files.catbox.moe/9oe91w.mp3"
    },
    {
        "animeEng": "Dropkick on My Devil!! Dash",
        "animeRomaji": "Jashin-chan Dropkick'",
        "songName": "Tokitoshite Violence",
        "artist": "halca",
        "type": "Opening 1",
        "correctCount": 41,
        "startTime": 14,
        "songDuration": 88.656,
        "songNumber": 35,
        "activePlayerCount": 278,
        "LinkVideo": "https://files.catbox.moe/ccr3j7.webm",
        "LinkMp3": "https://files.catbox.moe/tqavwu.mp3"
    },
    {
        "animeEng": "Overlord II",
        "animeRomaji": "Overlord II",
        "songName": "HYDRA",
        "artist": "MYTH & ROID",
        "type": "Ending 1",
        "correctCount": 159,
        "startTime": 28,
        "songDuration": 86.664,
        "songNumber": 36,
        "activePlayerCount": 277,
        "LinkVideo": "https://files.catbox.moe/tkzkd9.webm",
        "LinkMp3": "https://files.catbox.moe/umrxs2.mp3"
    },
    {
        "animeEng": "Higurashi: When They Cry - NEW",
        "animeRomaji": "Higurashi no Naku Koro ni G\u014d",
        "songName": "Higurashi no Naku Koro ni",
        "artist": "Eiko Shimamiya",
        "type": "Ending 1",
        "correctCount": 244,
        "startTime": 36,
        "songDuration": 90.12,
        "songNumber": 37,
        "activePlayerCount": 277,
        "LinkVideo": "https://files.catbox.moe/qdyctu.webm",
        "LinkMp3": "https://files.catbox.moe/50gq0p.mp3"
    },
    {
        "animeEng": "A Certain Scientific Accelerator",
        "animeRomaji": "Toaru Kagaku no Accelerator",
        "songName": "Parole",
        "artist": "sajou no hana",
        "type": "Ending 1",
        "correctCount": 80,
        "startTime": 21,
        "songDuration": 86.232,
        "songNumber": 38,
        "activePlayerCount": 278,
        "LinkVideo": "https://files.catbox.moe/pxpd7n.webm",
        "LinkMp3": "https://files.catbox.moe/sfh3m6.mp3"
    },
    {
        "animeEng": "Naruto Shipp\u016bden",
        "animeRomaji": "Naruto Shipp\u016bden",
        "songName": "Niji no Sora",
        "artist": "FLOW",
        "type": "Ending 34",
        "correctCount": 34,
        "startTime": 36,
        "songDuration": 88.488,
        "songNumber": 39,
        "activePlayerCount": 276,
        "LinkVideo": "https://files.catbox.moe/zdq37i.webm",
        "LinkMp3": "https://files.catbox.moe/d1gfi2.mp3"
    },
    {
        "animeEng": "Hulaing Babies",
        "animeRomaji": "Hulaing Babies",
        "songName": "Hulaing Babies",
        "artist": "A\u014cP",
        "type": "Opening 1",
        "correctCount": 25,
        "startTime": 9,
        "songDuration": 58.968,
        "songNumber": 40,
        "activePlayerCount": 274,
        "LinkVideo": "https://files.catbox.moe/sn8ahl.webm",
        "LinkMp3": "https://files.catbox.moe/m1m37d.mp3"
    },
    {
        "animeEng": "Pok\u00e9mon Zoroark: Master of Illusions",
        "animeRomaji": "Pocket Monsters Diamond & Pearl: Genei no Hasha Zoroark",
        "songName": "Ice Cream Syndrome",
        "artist": "Sukima Switch",
        "type": "Ending 1",
        "correctCount": 28,
        "startTime": 101,
        "songDuration": 281.064,
        "songNumber": 41,
        "activePlayerCount": 275,
        "LinkVideo": "https://files.catbox.moe/j83owg.webm",
        "LinkMp3": "https://files.catbox.moe/9dexy4.mp3"
    },
    {
        "animeEng": "Naruto Shipp\u016bden",
        "animeRomaji": "Naruto Shipp\u016bden",
        "songName": "Hotaru no Hikari",
        "artist": "Ikimono-gakari",
        "type": "Opening 5",
        "correctCount": 161,
        "startTime": 4,
        "songDuration": 89.016,
        "songNumber": 42,
        "activePlayerCount": 274,
        "LinkVideo": "https://files.catbox.moe/urd4oa.webm",
        "LinkMp3": "https://files.catbox.moe/3vvwke.mp3"
    },
    {
        "animeEng": "Cat Planet Cuties",
        "animeRomaji": "Asobi ni Iku yo!",
        "songName": "Smile\u2606Peace",
        "artist": "Kanae Ito, Haruka Tomatsu, Kana Hanazawa",
        "type": "Ending 5",
        "correctCount": 9,
        "startTime": 52,
        "songDuration": 89.064,
        "songNumber": 43,
        "activePlayerCount": 271,
        "LinkVideo": "https://files.catbox.moe/3vjotf.webm",
        "LinkMp3": "https://files.catbox.moe/1h8rvu.mp3"
    },
    {
        "animeEng": "B Rappers Street",
        "animeRomaji": "B Rappers Street",
        "songName": "Kaiko",
        "artist": "Subaru Kimura VS R-Shitei (Creepy Nuts)",
        "type": "Insert Song",
        "correctCount": 12,
        "startTime": 0,
        "songDuration": 30.12,
        "songNumber": 44,
        "activePlayerCount": 272,
        "LinkVideo": "https://files.catbox.moe/91ojmy.webm",
        "LinkMp3": "https://files.catbox.moe/zb16ih.mp3"
    },
    {
        "animeEng": "Ao-chan Can't Study!",
        "animeRomaji": "Midara na Ao-chan wa Benky\u014d ga Dekinai",
        "songName": "WONDERFUL WONDER",
        "artist": "EDOGA-SULLIVAN",
        "type": "Opening 1",
        "correctCount": 129,
        "startTime": 24,
        "songDuration": 58.852866,
        "songNumber": 45,
        "activePlayerCount": 273,
        "LinkVideo": "https://files.catbox.moe/5qu13d.webm",
        "LinkMp3": "https://files.catbox.moe/6vjguu.mp3"
    },
    {
        "animeEng": "Case Closed",
        "animeRomaji": "Meitantei Conan",
        "songName": "destiny",
        "artist": "Miki Matsuhashi",
        "type": "Opening 9",
        "correctCount": 67,
        "startTime": 52,
        "songDuration": 114.432,
        "songNumber": 46,
        "activePlayerCount": 273,
        "LinkVideo": "https://files.catbox.moe/mdpkcp.webm",
        "LinkMp3": "https://files.catbox.moe/h2knen.mp3"
    },
    {
        "animeEng": "Honey and Clover",
        "animeRomaji": "HachiKuro",
        "songName": "Dramatic",
        "artist": "YUKI",
        "type": "Opening 1",
        "correctCount": 78,
        "startTime": 21,
        "songDuration": 87.926652,
        "songNumber": 47,
        "activePlayerCount": 272,
        "LinkVideo": "https://files.catbox.moe/vc3tz9.webm",
        "LinkMp3": "https://files.catbox.moe/z0mmw7.mp3"
    },
    {
        "animeEng": "Kiratto Pri\u2606Chan",
        "animeRomaji": "Kiratto Pri\u2606Chan",
        "songName": "Janken Kiratto! Pri\u2606chan",
        "artist": "Koko Hayashi",
        "type": "Ending 1",
        "correctCount": 20,
        "startTime": 18,
        "songDuration": 88.488,
        "songNumber": 48,
        "activePlayerCount": 270,
        "LinkVideo": "https://files.catbox.moe/z4kcl9.webm",
        "LinkMp3": "https://files.catbox.moe/tgdhqw.mp3"
    },
    {
        "animeEng": "The Jungle Book: The Adventures of Mowgli",
        "animeRomaji": "Jungle Book: Sh\u014dnen Mowgli",
        "songName": "GET UP~Ai o Shinjite",
        "artist": "Toshiya Igarashi",
        "type": "Opening 1",
        "correctCount": 4,
        "startTime": 35,
        "songDuration": 82.632,
        "songNumber": 49,
        "activePlayerCount": 270,
        "LinkVideo": "https://files.catbox.moe/dn9dsu.webm",
        "LinkMp3": "https://files.catbox.moe/fzmi0y.mp3",
        "correctPlayers": [
            "Baguett",
            "Hooman",
            "Catisam",
            "ozsauce"
        ]
    },
    {
        "animeEng": "Re:ZERO -Starting Life in Another World- Memory Snow",
        "animeRomaji": "Re:Zero kara Hajimeru Isekai Seikatsu - Memory Snow",
        "songName": "Memories",
        "artist": "Riko Azuna",
        "type": "Insert Song",
        "correctCount": 46,
        "startTime": 145,
        "songDuration": 249.432,
        "songNumber": 50,
        "activePlayerCount": 271,
        "LinkVideo": "https://files.catbox.moe/q26pew.webm",
        "LinkMp3": "https://files.catbox.moe/bwuwxd.mp3"
    },
    {
        "animeEng": "DNA\u00b2",
        "animeRomaji": "DNA\u00b2 - Dokoka de Nakushita Aitsu no Aitsu",
        "songName": "Blurry Eyes",
        "artist": "L'Arc~en~Ciel",
        "type": "Opening 1",
        "correctCount": 56,
        "startTime": 51,
        "songDuration": 92.664,
        "songNumber": 51,
        "activePlayerCount": 271,
        "LinkVideo": "https://files.catbox.moe/jgow98.webm",
        "LinkMp3": "https://files.catbox.moe/jhf88i.mp3"
    },
    {
        "animeEng": "Hunter X Hunter: Phantom Rouge",
        "animeRomaji": "Hunter \u00d7 Hunter: Phantom Rouge",
        "songName": "REASON",
        "artist": "Yuzu",
        "type": "Ending 1",
        "correctCount": 176,
        "startTime": 75,
        "songDuration": 302.649492,
        "songNumber": 52,
        "activePlayerCount": 270,
        "LinkVideo": "https://files.catbox.moe/1dfxka.webm",
        "LinkMp3": "https://files.catbox.moe/j9jddz.mp3"
    },
    {
        "animeEng": "The Prince of Tennis: The National Tournament",
        "animeRomaji": "Tennis no \u014cji-sama: Zenkoku Taikai-hen",
        "songName": "Flower -Sakimidareshi Hana-",
        "artist": "GIGS",
        "type": "Opening 1",
        "correctCount": 9,
        "startTime": 9,
        "songDuration": 73.488,
        "songNumber": 53,
        "activePlayerCount": 271,
        "LinkVideo": "https://files.catbox.moe/xep2vk.webm",
        "LinkMp3": "https://files.catbox.moe/85rgbm.mp3"
    },
    {
        "animeEng": "Himitsu Kessha Taka no Tsume The Movie 3: http://takanotsume.jp wa Eien ni",
        "animeRomaji": "Himitsu Kessha Taka no Tsume The Movie 3: http://takanotsume.jp wa Eien ni",
        "songName": "Yume Yaburete I Dreamed A Dream",
        "artist": "Susan Boyle",
        "type": "Ending 1",
        "correctCount": 14,
        "startTime": 16,
        "songDuration": 163.392,
        "songNumber": 54,
        "activePlayerCount": 270,
        "LinkVideo": "https://files.catbox.moe/fftloi.webm",
        "LinkMp3": "https://files.catbox.moe/xfn2ak.mp3"
    },
    {
        "animeEng": "Mini Pato",
        "animeRomaji": "Mini Pato",
        "songName": "Hitashiai ka na?",
        "artist": "Mako Hy\u014dd\u014d",
        "type": "Opening 1",
        "correctCount": 1,
        "startTime": 1,
        "songDuration": 77.904,
        "songNumber": 55,
        "activePlayerCount": 268,
        "LinkVideo": "https://files.catbox.moe/fpwkcc.webm",
        "LinkMp3": "https://files.catbox.moe/7o5mm2.mp3",
        "correctPlayers": [
            "YoshiNubao"
        ]
    },
    {
        "animeEng": "Eiga HappinessCharge Precure! Ningy\u014d no Kuni no Ballerina",
        "animeRomaji": "Eiga HappinessCharge Precure! Ningy\u014d no Kuni no Ballerina",
        "songName": "HappinessCharge Precure! WOW!",
        "artist": "Sayaka Nakaya",
        "type": "Opening 1",
        "correctCount": 39,
        "startTime": 55,
        "songDuration": 88.944,
        "songNumber": 56,
        "activePlayerCount": 269,
        "LinkVideo": "https://files.catbox.moe/ukomg4.webm",
        "LinkMp3": "https://files.catbox.moe/anmmsr.mp3"
    },
    {
        "animeEng": "NAKAIMO - My Little Sister Is Among Them!",
        "animeRomaji": "Kono Naka ni Hitori, Im\u014dto ga Iru!",
        "songName": "Choose me Darling",
        "artist": "StylipS",
        "type": "Opening 1",
        "correctCount": 50,
        "startTime": 10,
        "songDuration": 89.184,
        "songNumber": 57,
        "activePlayerCount": 269,
        "LinkVideo": "https://files.catbox.moe/gq491q.webm",
        "LinkMp3": "https://files.catbox.moe/h9i2sz.mp3"
    },
    {
        "animeEng": "Le Chevalier D'Eon",
        "animeRomaji": "Le Chevalier D'Eon",
        "songName": "OVER NIGHT",
        "artist": "Aya",
        "type": "Ending 1",
        "correctCount": 8,
        "startTime": 27,
        "songDuration": 88.94541,
        "songNumber": 58,
        "activePlayerCount": 269,
        "LinkVideo": "https://files.catbox.moe/vaei1u.webm",
        "LinkMp3": "https://files.catbox.moe/dn0ozw.mp3"
    },
    {
        "animeEng": "Time Bokan: The Villains Strike Back",
        "animeRomaji": "Time Bokan: Gyakush\u016b no San-Okunin",
        "songName": "Topaz Love",
        "artist": "KinKi Kids",
        "type": "Ending 2",
        "correctCount": 0,
        "startTime": 2,
        "songDuration": 88.710312,
        "songNumber": 59,
        "activePlayerCount": 269,
        "LinkVideo": "https://files.catbox.moe/6t1zo6.webm",
        "LinkMp3": "https://files.catbox.moe/q0qvny.mp3"
    },
    {
        "animeEng": "The Tower of Druaga: The Aegis of Uruk",
        "animeRomaji": "Druaga no T\u014d: the Aegis of URUK",
        "songName": "SWINGING",
        "artist": "Muramasa\u2606",
        "type": "Opening 1",
        "correctCount": 47,
        "startTime": 54,
        "songDuration": 89.616,
        "songNumber": 60,
        "activePlayerCount": 267,
        "LinkVideo": "https://files.catbox.moe/kgqld9.webm",
        "LinkMp3": "https://files.catbox.moe/ri588w.mp3"
    },
    {
        "animeEng": "Akira",
        "animeRomaji": "Akira",
        "songName": "Kaneda",
        "artist": "Geinoh Yamashiro-gumi",
        "type": "Insert Song",
        "correctCount": 154,
        "startTime": 21,
        "songDuration": 114.257628,
        "songNumber": 61,
        "activePlayerCount": 267,
        "LinkVideo": "https://files.catbox.moe/gc1jkq.webm",
        "LinkMp3": "https://files.catbox.moe/9upqcs.mp3"
    },
    {
        "animeEng": "Chobits",
        "animeRomaji": "Chobits",
        "songName": "Let Me Be With You",
        "artist": "ROUND TABLE featuring Nino",
        "type": "Opening 1",
        "correctCount": 205,
        "startTime": 2,
        "songDuration": 89.784,
        "songNumber": 62,
        "activePlayerCount": 266,
        "LinkVideo": "https://files.catbox.moe/0dz49k.webm",
        "LinkMp3": "https://files.catbox.moe/waw6o3.mp3"
    },
    {
        "animeEng": "Psycho Armor Govarian",
        "animeRomaji": "Psychoarmor Gobarian",
        "songName": "Kodoku no Tabiji",
        "artist": "Neverland",
        "type": "Opening 1",
        "correctCount": 4,
        "startTime": 16,
        "songDuration": 87.696,
        "songNumber": 63,
        "activePlayerCount": 266,
        "LinkVideo": "https://files.catbox.moe/gv1wjf.webm",
        "LinkMp3": "https://files.catbox.moe/37d00g.mp3",
        "correctPlayers": [
            "Thaleko",
            "Blacky_Doll",
            "Rukawa11",
            "80s"
        ]
    },
    {
        "animeEng": "Sasuke",
        "animeRomaji": "Sasuke",
        "songName": "Sasuke",
        "artist": "Honey Nights",
        "type": "Opening 1",
        "correctCount": 226,
        "startTime": 23,
        "songDuration": 75.216,
        "songNumber": 64,
        "activePlayerCount": 266,
        "LinkVideo": "https://files.catbox.moe/l0ghtj.webm",
        "LinkMp3": "https://files.catbox.moe/8jvjqg.mp3"
    },
    {
        "animeEng": "Eiga Kirakira\u2606Precure A La Mode: Paris to! Omoide no Mille-Feuille!",
        "animeRomaji": "Eiga Kirakira\u2606Precure A La Mode: Paris to! Omoide no Mille-Feuille!",
        "songName": "SHINE!! Kirakira\u2606Precure A La Mode",
        "artist": "Yuri Komagata",
        "type": "Opening 1",
        "correctCount": 31,
        "startTime": 20,
        "songDuration": 86.472,
        "songNumber": 65,
        "activePlayerCount": 266,
        "LinkVideo": "https://files.catbox.moe/zlyc3b.webm",
        "LinkMp3": "https://files.catbox.moe/ezzrj4.mp3"
    },
    {
        "animeEng": "Yamato Takeru",
        "animeRomaji": "Yamato Takeru",
        "songName": "Flower of Desert",
        "artist": "Naoko Hamasaki",
        "type": "Opening 2",
        "correctCount": 10,
        "startTime": 45,
        "songDuration": 88.728,
        "songNumber": 66,
        "activePlayerCount": 265,
        "LinkVideo": "https://files.catbox.moe/9aqvkt.webm",
        "LinkMp3": "https://files.catbox.moe/78gh2e.mp3"
    },
    {
        "animeEng": "Broken Blade",
        "animeRomaji": "Broken Blade",
        "songName": "Fate",
        "artist": "KOKIA",
        "type": "Opening 1",
        "correctCount": 38,
        "startTime": 14,
        "songDuration": 101.712,
        "songNumber": 67,
        "activePlayerCount": 265,
        "LinkVideo": "https://files.catbox.moe/v94bl6.webm",
        "LinkMp3": "https://files.catbox.moe/hetwcw.mp3"
    },
    {
        "animeEng": "Mirage of Blaze",
        "animeRomaji": "Hon\u014d no Mirage",
        "songName": "Blaze 2002",
        "artist": "KATHY SHOWER",
        "type": "Opening 1",
        "correctCount": 8,
        "startTime": 5,
        "songDuration": 94.581375,
        "songNumber": 68,
        "activePlayerCount": 265,
        "LinkVideo": "https://files.catbox.moe/mpm0wo.webm",
        "LinkMp3": "https://files.catbox.moe/hv7gy1.mp3"
    },
    {
        "animeEng": "When Supernatural Battles Became Commonplace",
        "animeRomaji": "In\u014d-Battle wa Nichij\u014d-kei no Naka de",
        "songName": "OVERLAPPERS",
        "artist": "Qverktett:||",
        "type": "Opening 1",
        "correctCount": 107,
        "startTime": 26,
        "songDuration": 88.008,
        "songNumber": 69,
        "activePlayerCount": 265,
        "LinkVideo": "https://files.catbox.moe/johctj.webm",
        "LinkMp3": "https://files.catbox.moe/sz0fqj.mp3"
    },
    {
        "animeEng": "Samurai: Hunt for the Sword",
        "animeRomaji": "Samurai: Hunt for the Sword",
        "songName": "I MUST LIVE",
        "artist": "uco",
        "type": "Ending 1",
        "correctCount": 3,
        "startTime": 56,
        "songDuration": 104.304,
        "songNumber": 70,
        "activePlayerCount": 265,
        "LinkVideo": "https://files.catbox.moe/8nm7gr.webm",
        "LinkMp3": "https://files.catbox.moe/e62i97.mp3",
        "correctPlayers": [
            "ShiroKuro",
            "watashiii",
            "asleep"
        ]
    },
    {
        "animeEng": "Baka & Test: Summon the Beasts",
        "animeRomaji": "Baka to Test to Sh\u014dkanj\u016b",
        "songName": "Perfect-area complete!",
        "artist": "Natsuko Aso",
        "type": "Opening 1",
        "correctCount": 142,
        "startTime": 52,
        "songDuration": 88.056,
        "songNumber": 71,
        "activePlayerCount": 265,
        "LinkVideo": "https://files.catbox.moe/92q7to.webm",
        "LinkMp3": "https://files.catbox.moe/f6tvog.mp3"
    },
    {
        "animeEng": "Hell Kindergarten",
        "animeRomaji": "Jigoku Youchien",
        "songName": "Zekkyou\u2605Jigocremation",
        "artist": "Kana Asumi to Sakebu Jigoku-tai",
        "type": "Opening 1",
        "correctCount": 3,
        "startTime": 1,
        "songDuration": 36.696,
        "songNumber": 72,
        "activePlayerCount": 265,
        "LinkVideo": "https://files.catbox.moe/r33zhh.webm",
        "LinkMp3": "https://files.catbox.moe/5309db.mp3",
        "correctPlayers": [
            "OnlyHarmonie",
            "JESSMI2",
            "theyingster"
        ]
    },
    {
        "animeEng": "Star\u2606Twinkle Precure: Hoshi no Uta ni Omoi o Komete",
        "animeRomaji": "Star\u2606Twinkle Precure: Hoshi no Uta ni Omoi o Komete",
        "songName": "Twinkle Stars",
        "artist": "Eimi Naruse, Kiyono Yasuno, Konomi Kohara, Mikako Komatsu, Sumire Uesaka",
        "type": "Insert Song",
        "correctCount": 8,
        "startTime": 71,
        "songDuration": 408.96,
        "songNumber": 73,
        "activePlayerCount": 265,
        "LinkVideo": "https://files.catbox.moe/mfv6ml.webm",
        "LinkMp3": "https://files.catbox.moe/wsg0dc.mp3"
    },
    {
        "animeEng": "Gegege no Kitar\u014d: Y\u014dkai Tokky\u016b! Maboroshi no Kisha",
        "animeRomaji": "Gegege no Kitar\u014d: Y\u014dkai Tokky\u016b! Maboroshi no Kisha",
        "songName": "Gegege no Kitar\u014d",
        "artist": "Ukadan",
        "type": "Opening 1",
        "correctCount": 234,
        "startTime": 4,
        "songDuration": 93.216,
        "songNumber": 74,
        "activePlayerCount": 265,
        "LinkVideo": "https://files.catbox.moe/6lun25.webm",
        "LinkMp3": "https://files.catbox.moe/rmnenj.mp3"
    },
    {
        "animeEng": "Hinata no Aoshigure",
        "animeRomaji": "Hinata no Aoshigure",
        "songName": "Fushigi",
        "artist": "Spitz",
        "type": "Insert Song",
        "correctCount": 19,
        "startTime": 172,
        "songDuration": 279.557644,
        "songNumber": 75,
        "activePlayerCount": 264,
        "LinkVideo": "https://files.catbox.moe/qxi1dx.webm",
        "LinkMp3": "https://files.catbox.moe/unjsre.mp3"
    }
]