[
    {
        "animeEng": "Senran Kagura Shinovi Master: Tokyo Y\u014dma-hen",
        "animeRomaji": "Senran Kagura Shinovi Master: Tokyo Y\u014dma-hen",
        "songName": "SCARLET MASTER",
        "artist": "Sayaka Sasaki",
        "type": "Opening 1",
        "correctCount": 20,
        "startTime": 33,
        "songDuration": 86.620552,
        "songNumber": 1,
        "activePlayerCount": 215,
        "LinkVideo": "https://files.catbox.moe/ykp9b3.webm",
        "LinkMp3": "https://files.catbox.moe/mi4398.mp3"
    },
    {
        "animeEng": "Hyperdimension Neptunia Hi\u2606Light",
        "animeRomaji": "Ch\u014djigen Game Neptune Hi\u2606Light",
        "songName": "Mirai Button",
        "artist": "Afilia Saga",
        "type": "Insert Song",
        "correctCount": 2,
        "startTime": 39,
        "songDuration": 96.048,
        "songNumber": 2,
        "activePlayerCount": 215,
        "LinkVideo": "https://files.catbox.moe/08cnd8.webm",
        "LinkMp3": "https://files.catbox.moe/lgymex.mp3",
        "correctPlayers": [
            "iQuestGod",
            "OnlyBandMaid"
        ]
    },
    {
        "animeEng": "Cardfight!! Vanguard: Link Joker-hen",
        "animeRomaji": "Cardfight!! Vanguard: Link Joker-hen",
        "songName": "Ride on fight!",
        "artist": "Izumi Kitta & Suzuko Mimori",
        "type": "Ending 3",
        "correctCount": 5,
        "startTime": 52,
        "songDuration": 89.049898,
        "songNumber": 3,
        "activePlayerCount": 215,
        "LinkVideo": "https://files.catbox.moe/vdshhb.webm",
        "LinkMp3": "https://files.catbox.moe/szv38q.mp3",
        "correctPlayers": [
            "normi",
            "revel_",
            "yahallonyanpasu",
            "FAMS",
            "ozsauce"
        ]
    },
    {
        "animeEng": "Hell Teacher Nube",
        "animeRomaji": "Jigoku Sensei Nube",
        "songName": "Mienai Chikara ~INVISIBLE ONE~",
        "artist": "B'z",
        "type": "Ending 1",
        "correctCount": 5,
        "startTime": 106,
        "songDuration": 139.92,
        "songNumber": 4,
        "activePlayerCount": 212,
        "LinkVideo": "https://files.catbox.moe/pjqppf.webm",
        "LinkMp3": "https://files.catbox.moe/b81xrw.mp3",
        "correctPlayers": [
            "Igg1",
            "Qp",
            "yeims",
            "Nazemeiyue",
            "theyingster"
        ]
    },
    {
        "animeEng": "Joe vs. Joe",
        "animeRomaji": "Futari no Joe",
        "songName": "Tomo yo",
        "artist": "Yuji Ohya",
        "type": "Opening 1",
        "correctCount": 6,
        "startTime": 16,
        "songDuration": 88.512,
        "songNumber": 5,
        "activePlayerCount": 212,
        "LinkVideo": "https://files.catbox.moe/94qd0k.webm",
        "LinkMp3": "https://files.catbox.moe/qqq3pa.mp3"
    },
    {
        "animeEng": "Kotenkotenko",
        "animeRomaji": "Kotenkotenko",
        "songName": "Issho ni Utaou!",
        "artist": "Sae",
        "type": "Opening 1",
        "correctCount": 2,
        "startTime": 0,
        "songDuration": 75,
        "songNumber": 6,
        "activePlayerCount": 212,
        "LinkVideo": "https://files.catbox.moe/t8de22.webm",
        "LinkMp3": "https://files.catbox.moe/wc9hjd.mp3",
        "correctPlayers": [
            "watashiii",
            "TunetheRainbow"
        ]
    },
    {
        "animeEng": "Mugyutto! Black Clover",
        "animeRomaji": "Mugyutto! Black Clover",
        "songName": "POSSIBLE",
        "artist": "Clover\u00d7Clover",
        "type": "Opening 1",
        "correctCount": 44,
        "startTime": 12,
        "songDuration": 62.712,
        "songNumber": 7,
        "activePlayerCount": 213,
        "LinkVideo": "https://files.catbox.moe/3s0alt.webm",
        "LinkMp3": "https://files.catbox.moe/nhxp75.mp3"
    },
    {
        "animeEng": "Wake Up, Girls! Seishun no Kage",
        "animeRomaji": "Wake Up, Girls! Seishun no Kage",
        "songName": "Sh\u014djo K\u014dky\u014dkyoku",
        "artist": "Wake Up, Girls!",
        "type": "Ending 1",
        "correctCount": 15,
        "startTime": 111,
        "songDuration": 319.608,
        "songNumber": 8,
        "activePlayerCount": 211,
        "LinkVideo": "https://files.catbox.moe/wt3kq1.webm",
        "LinkMp3": "https://files.catbox.moe/fo20cw.mp3"
    },
    {
        "animeEng": "Di Gi Charat: Winter Garden",
        "animeRomaji": "Winter Garden",
        "songName": "Winter Garden",
        "artist": "Asami Sanada",
        "type": "Ending 1",
        "correctCount": 11,
        "startTime": 65,
        "songDuration": 127.56,
        "songNumber": 9,
        "activePlayerCount": 211,
        "LinkVideo": "https://files.catbox.moe/61zh7q.webm",
        "LinkMp3": "https://files.catbox.moe/hophva.mp3"
    },
    {
        "animeEng": "Blue Submarine No.6",
        "animeRomaji": "Ao no 6-g\u014d",
        "songName": "Minasoko ni Nemure",
        "artist": "THE THRILL feat. YUKARIE",
        "type": "Ending 1",
        "correctCount": 6,
        "startTime": 77,
        "songDuration": 185.07437,
        "songNumber": 10,
        "activePlayerCount": 212,
        "LinkVideo": "https://files.catbox.moe/21wb9z.webm",
        "LinkMp3": "https://files.catbox.moe/cjso0n.mp3"
    },
    {
        "animeEng": "Adachi and Shimamura",
        "animeRomaji": "Adachi to Shimamura",
        "songName": "Kimi ni Aeta Hi",
        "artist": "Adachi to Shimamura",
        "type": "Opening 1",
        "correctCount": 100,
        "startTime": 52,
        "songDuration": 87.648,
        "songNumber": 11,
        "activePlayerCount": 212,
        "LinkVideo": "https://files.catbox.moe/dnjl2d.webm",
        "LinkMp3": "https://files.catbox.moe/1vu70l.mp3"
    },
    {
        "animeEng": "Time Patrol-Tai Otasukeman",
        "animeRomaji": "Time Patrol-Tai Otasukeman",
        "songName": "Otasukeman no Uta",
        "artist": "Masayuki Yamamoto",
        "type": "Opening 1",
        "correctCount": 28,
        "startTime": 22,
        "songDuration": 75,
        "songNumber": 12,
        "activePlayerCount": 212,
        "LinkVideo": "https://files.catbox.moe/70chwv.webm",
        "LinkMp3": "https://files.catbox.moe/fkiubi.mp3"
    },
    {
        "animeEng": "Yowamushi Pedal Grande Road",
        "animeRomaji": "Yowamushi Pedal Grande Road",
        "songName": "Remind",
        "artist": "ROOKiEZ is PUNK'D",
        "type": "Opening 2",
        "correctCount": 35,
        "startTime": 37,
        "songDuration": 88.056,
        "songNumber": 13,
        "activePlayerCount": 210,
        "LinkVideo": "https://files.catbox.moe/jzy5o9.webm",
        "LinkMp3": "https://files.catbox.moe/e3ioko.mp3"
    },
    {
        "animeEng": "The Irregular at Magic High School The Movie: The Girl Who Summons the Stars",
        "animeRomaji": "Gekij\u014dban Mah\u014dka K\u014dk\u014d no Rett\u014dsei: Hoshi o Yobu Sh\u014djo",
        "songName": "kielo",
        "artist": "Nahoko Kakiage",
        "type": "Insert Song",
        "correctCount": 7,
        "startTime": 83,
        "songDuration": 116.713096,
        "songNumber": 14,
        "activePlayerCount": 211,
        "LinkVideo": "https://files.catbox.moe/ms8zy5.webm",
        "LinkMp3": "https://files.catbox.moe/clb9zr.mp3"
    },
    {
        "animeEng": "Snow White with the Red Hair: Nandemonai Takaramono, Kono Page",
        "animeRomaji": "Akagami no Shirayuki-hime: Nandemonai Takaramono, Kono Page",
        "songName": "Yasashii Kib\u014d",
        "artist": "Saori Hayami",
        "type": "Opening 1",
        "correctCount": 126,
        "startTime": 49,
        "songDuration": 89.112,
        "songNumber": 15,
        "activePlayerCount": 212,
        "LinkVideo": "https://files.catbox.moe/p4859c.webm",
        "LinkMp3": "https://files.catbox.moe/io8oex.mp3"
    },
    {
        "animeEng": "In/Spectre",
        "animeRomaji": "Kyok\u014d Suiri",
        "songName": "Kaen Housha-ki to Watashi",
        "artist": "Sumire Uesaka",
        "type": "Insert Song",
        "correctCount": 40,
        "startTime": 1,
        "songDuration": 72.888,
        "songNumber": 16,
        "activePlayerCount": 211,
        "LinkVideo": "https://files.catbox.moe/bt4dol.webm",
        "LinkMp3": "https://files.catbox.moe/bugfzm.mp3"
    },
    {
        "animeEng": "Kizumonogatari Part 3: Reiketsu",
        "animeRomaji": "Kizumonogatari III: Reiketsu-hen",
        "songName": "\u00e9toile et toi [\u00e9dition le blanc]",
        "artist": "Cl\u00e9mentine & Ainhoa",
        "type": "Ending 1",
        "correctCount": 62,
        "startTime": 102,
        "songDuration": 344.4,
        "songNumber": 17,
        "activePlayerCount": 211,
        "LinkVideo": "https://files.catbox.moe/gudksr.webm",
        "LinkMp3": "https://files.catbox.moe/0ot469.mp3"
    },
    {
        "animeEng": "Senki Zessh\u014d Symphogear AXZ",
        "animeRomaji": "Senki Zessh\u014d Symphogear AXZ",
        "songName": "Shit\u014d -Ewigkeit- (German ver.)",
        "artist": "Minako Kotobuki, Sh\u014dta Aoi, Rina Hidaka",
        "type": "Insert Song",
        "correctCount": 56,
        "startTime": 1,
        "songDuration": 42.816,
        "songNumber": 18,
        "activePlayerCount": 212,
        "LinkVideo": "https://files.catbox.moe/20lgre.webm",
        "LinkMp3": "https://files.catbox.moe/z693gc.mp3"
    },
    {
        "animeEng": "Tenjho Tenge: Ultimate Fight",
        "animeRomaji": "Tenjho Tenge: Ultimate Fight",
        "songName": "Bomb A Head! V",
        "artist": "m.c.A\u00b7T",
        "type": "Opening 1",
        "correctCount": 138,
        "startTime": 4,
        "songDuration": 88.392,
        "songNumber": 19,
        "activePlayerCount": 211,
        "LinkVideo": "https://files.catbox.moe/tn1wok.webm",
        "LinkMp3": "https://files.catbox.moe/mgm6ju.mp3"
    },
    {
        "animeEng": "Spelunker Sensei",
        "animeRomaji": "Spelunker Sensei",
        "songName": "Koi wa Tanken",
        "artist": "Kana Ueda",
        "type": "Ending 1",
        "correctCount": 0,
        "startTime": 0,
        "songDuration": 98.064,
        "songNumber": 20,
        "activePlayerCount": 210,
        "LinkVideo": "https://files.catbox.moe/xp14ka.webm",
        "LinkMp3": "https://files.catbox.moe/yuxh5d.mp3"
    },
    {
        "animeEng": "The Transformers: The Movie",
        "animeRomaji": "The Transformers: The Movie",
        "songName": "THE TRANFORMERS",
        "artist": "LION",
        "type": "Ending 1",
        "correctCount": 50,
        "startTime": 109,
        "songDuration": 313.032,
        "songNumber": 21,
        "activePlayerCount": 210,
        "LinkVideo": "https://files.catbox.moe/eaaf78.webm",
        "LinkMp3": "https://files.catbox.moe/0fftje.mp3"
    },
    {
        "animeEng": "Saint Seiya",
        "animeRomaji": "Saint Seiya",
        "songName": "Yume Tabibito",
        "artist": "Hironobu Kageyama & BROADWAY",
        "type": "Ending 2",
        "correctCount": 39,
        "startTime": 2,
        "songDuration": 71.16,
        "songNumber": 22,
        "activePlayerCount": 210,
        "LinkVideo": "https://files.catbox.moe/no084w.webm",
        "LinkMp3": "https://files.catbox.moe/o1rpoc.mp3"
    },
    {
        "animeEng": "The IDOLM@STER",
        "animeRomaji": "The IDOLM@STER",
        "songName": "inferno",
        "artist": "Asami Imai",
        "type": "Insert Song",
        "correctCount": 42,
        "startTime": 0,
        "songDuration": 29.328,
        "songNumber": 23,
        "activePlayerCount": 209,
        "LinkVideo": "https://files.catbox.moe/kbqukm.webm",
        "LinkMp3": "https://files.catbox.moe/w3ho19.mp3"
    },
    {
        "animeEng": "Izetta: The Last Witch",
        "animeRomaji": "Izetta, Die Letzte Hexe",
        "songName": "cross the line",
        "artist": "AKINO with bless4",
        "type": "Opening 1",
        "correctCount": 72,
        "startTime": 45,
        "songDuration": 88.632,
        "songNumber": 24,
        "activePlayerCount": 209,
        "LinkVideo": "https://files.catbox.moe/9yxada.webm",
        "LinkMp3": "https://files.catbox.moe/sewsxl.mp3"
    },
    {
        "animeEng": "Insufficient Direction",
        "animeRomaji": "Kantoku Fuyuki Todoki",
        "songName": "Kikoeru Kashira",
        "artist": "A\u014cP",
        "type": "Ending 6",
        "correctCount": 8,
        "startTime": 0,
        "songDuration": 27.637076,
        "songNumber": 25,
        "activePlayerCount": 208,
        "LinkVideo": "https://files.catbox.moe/xv7lfa.webm",
        "LinkMp3": "https://files.catbox.moe/gnp3t2.mp3"
    },
    {
        "animeEng": "Digimon Universe: Appli Monsters",
        "animeRomaji": "Digimon Universe: Appli Monsters",
        "songName": "brave heart",
        "artist": "Ayumi Miyazaki",
        "type": "Insert Song",
        "correctCount": 85,
        "startTime": 19,
        "songDuration": 163.056,
        "songNumber": 26,
        "activePlayerCount": 206,
        "LinkVideo": "https://files.catbox.moe/gteymk.webm",
        "LinkMp3": "https://files.catbox.moe/qi5hk3.mp3"
    },
    {
        "animeEng": "The Morose Mononokean",
        "animeRomaji": "Fukigen na Mononokean",
        "songName": "Tobira no Muk\u014d",
        "artist": "Tomoaki Maeno & Y\u016bki Kaji",
        "type": "Ending 1",
        "correctCount": 18,
        "startTime": 48,
        "songDuration": 89.448,
        "songNumber": 27,
        "activePlayerCount": 204,
        "LinkVideo": "https://files.catbox.moe/ks2351.webm",
        "LinkMp3": "https://files.catbox.moe/us5swt.mp3"
    },
    {
        "animeEng": "Dragon Ball",
        "animeRomaji": "Dragon Ball",
        "songName": "Romantic Ageru Yo",
        "artist": "Ushio Hashimoto",
        "type": "Ending 1",
        "correctCount": 76,
        "startTime": 30,
        "songDuration": 95.568,
        "songNumber": 28,
        "activePlayerCount": 203,
        "LinkVideo": "https://files.catbox.moe/baq7ko.webm",
        "LinkMp3": "https://files.catbox.moe/8mw21e.mp3"
    },
    {
        "animeEng": "Kaiji: Against All Rules",
        "animeRomaji": "Gyakky\u014d Burai Kaiji: Hakairoku-hen",
        "songName": "Chase the Light!",
        "artist": "Fear, and Loathing in Las Vegas",
        "type": "Opening 1",
        "correctCount": 62,
        "startTime": 33,
        "songDuration": 70.111448,
        "songNumber": 29,
        "activePlayerCount": 203,
        "LinkVideo": "https://files.catbox.moe/9zaqzj.webm",
        "LinkMp3": "https://files.catbox.moe/p3jvbq.mp3"
    },
    {
        "animeEng": "The Heroic Legend of Arslan",
        "animeRomaji": "Arslan Senki",
        "songName": "One Light",
        "artist": "Kalafina",
        "type": "Ending 2",
        "correctCount": 27,
        "startTime": 36,
        "songDuration": 87.504,
        "songNumber": 30,
        "activePlayerCount": 203,
        "LinkVideo": "https://files.catbox.moe/w4vf9g.webm",
        "LinkMp3": "https://files.catbox.moe/667yhu.mp3"
    },
    {
        "animeEng": "Takamiya Nasuno Desu!",
        "animeRomaji": "Takamiya Nasuno Desu!",
        "songName": "Kogane no Kinderella ~Gozen 0-ji ni Mah\u014d wa Hodokezu~",
        "artist": "Ky\u014dko Narumi",
        "type": "Opening 1",
        "correctCount": 55,
        "startTime": 0,
        "songDuration": 29.064,
        "songNumber": 31,
        "activePlayerCount": 203,
        "LinkVideo": "https://files.catbox.moe/n0av83.webm",
        "LinkMp3": "https://files.catbox.moe/th2pnm.mp3"
    },
    {
        "animeEng": "THE IDOLM@STER Cinderella Girls",
        "animeRomaji": "THE IDOLM@STER Cinderella Girls",
        "songName": "Trancing Pulse",
        "artist": "Triad Primus",
        "type": "Insert Song",
        "correctCount": 33,
        "startTime": 69,
        "songDuration": 104.928,
        "songNumber": 32,
        "activePlayerCount": 202,
        "LinkVideo": "https://files.catbox.moe/07xo15.webm",
        "LinkMp3": "https://files.catbox.moe/nt6x9t.mp3"
    },
    {
        "animeEng": "Ajin: Demi-Human",
        "animeRomaji": "Ajin",
        "songName": "Boku wa Boku de Atte",
        "artist": "angela x fripSide",
        "type": "Opening 1",
        "correctCount": 81,
        "startTime": 54,
        "songDuration": 89.04,
        "songNumber": 33,
        "activePlayerCount": 202,
        "LinkVideo": "https://files.catbox.moe/61fsj7.webm",
        "LinkMp3": "https://files.catbox.moe/gma1m7.mp3"
    },
    {
        "animeEng": "All Purpose Cultural Cat Girl Nuku Nuku DASH!",
        "animeRomaji": "Bann\u014d Bunka Neko-Musume DASH!",
        "songName": "A House Cat",
        "artist": "Megumi Hayashibara",
        "type": "Opening 1",
        "correctCount": 8,
        "startTime": 3,
        "songDuration": 84.12,
        "songNumber": 34,
        "activePlayerCount": 202,
        "LinkVideo": "https://files.catbox.moe/vx00jr.webm",
        "LinkMp3": "https://files.catbox.moe/epzkvw.mp3"
    },
    {
        "animeEng": "Gekij\u014dban PriPara Mi~nna de Kagayake! Kirarin\u2606Star Live!",
        "animeRomaji": "Gekij\u014dban PriPara Mi~nna de Kagayake! Kirarin\u2606Star Live!",
        "songName": "Charismart GIRL\u2606Yeah!",
        "artist": "TRiANGLE",
        "type": "Insert Song",
        "correctCount": 59,
        "startTime": 32,
        "songDuration": 81.672,
        "songNumber": 35,
        "activePlayerCount": 202,
        "LinkVideo": "https://files.catbox.moe/bungev.webm",
        "LinkMp3": "https://files.catbox.moe/5cs89c.mp3"
    },
    {
        "animeEng": "Heaven's Memo Pad",
        "animeRomaji": "Kamisama no Memoch\u014d",
        "songName": "Kawaru Mirai",
        "artist": "ChouCho",
        "type": "Opening 1",
        "correctCount": 70,
        "startTime": 49,
        "songDuration": 88.416,
        "songNumber": 36,
        "activePlayerCount": 203,
        "LinkVideo": "https://files.catbox.moe/kbximg.webm",
        "LinkMp3": "https://files.catbox.moe/bh1elv.mp3"
    },
    {
        "animeEng": "Knights of Sidonia",
        "animeRomaji": "Sidonia no Kishi",
        "songName": "Ai, Hito Kakera",
        "artist": "angela",
        "type": "Ending 1",
        "correctCount": 1,
        "startTime": 83,
        "songDuration": 303.048,
        "songNumber": 37,
        "activePlayerCount": 201,
        "LinkVideo": "https://files.catbox.moe/j6b7ix.webm",
        "LinkMp3": "https://files.catbox.moe/j3qyu9.mp3",
        "correctPlayers": [
            "vongolai96"
        ]
    },
    {
        "animeEng": "Kuroko's Basketball",
        "animeRomaji": "Kuroko no Basuke",
        "songName": "Memories",
        "artist": "GRANRODEO",
        "type": "Opening 3",
        "correctCount": 93,
        "startTime": 12,
        "songDuration": 89.16,
        "songNumber": 38,
        "activePlayerCount": 201,
        "LinkVideo": "https://files.catbox.moe/zyq952.webm",
        "LinkMp3": "https://files.catbox.moe/svbybh.mp3"
    },
    {
        "animeEng": "Pan de Peace!",
        "animeRomaji": "Pan de Peace!",
        "songName": "Seishun wa Tabemono desu",
        "artist": "petit milady",
        "type": "Opening 1",
        "correctCount": 95,
        "startTime": 0,
        "songDuration": 28.944,
        "songNumber": 39,
        "activePlayerCount": 201,
        "LinkVideo": "https://files.catbox.moe/sticfr.webm",
        "LinkMp3": "https://files.catbox.moe/19plv3.mp3"
    },
    {
        "animeEng": "Ryo",
        "animeRomaji": "Ryo",
        "songName": "Yubikiri",
        "artist": "Hitomi",
        "type": "Ending 1",
        "correctCount": 4,
        "startTime": 52,
        "songDuration": 94.08,
        "songNumber": 40,
        "activePlayerCount": 200,
        "LinkVideo": "https://files.catbox.moe/0437wi.webm",
        "LinkMp3": "https://files.catbox.moe/lqvmmw.mp3",
        "correctPlayers": [
            "oh95",
            "HeroAwaken",
            "ozsauce",
            "theyingster"
        ]
    },
    {
        "animeEng": "Valkyrie Drive: Mermaid",
        "animeRomaji": "Valkyrie Drive: Mermaid",
        "songName": "Super Ultra Hyper Miracle Romantic",
        "artist": "Mikako Izawa & Yuka Iguchi",
        "type": "Ending 1",
        "correctCount": 48,
        "startTime": 26,
        "songDuration": 89.544,
        "songNumber": 41,
        "activePlayerCount": 201,
        "LinkVideo": "https://files.catbox.moe/f2njcd.webm",
        "LinkMp3": "https://files.catbox.moe/gooia0.mp3"
    },
    {
        "animeEng": "Koisuru Tenshi Angelique: Kokoro no Mezameru Toki",
        "animeRomaji": "Koisuru Tenshi Angelique: Kokoro no Mezameru Toki",
        "songName": "Infinite Love",
        "artist": "GRANRODEO",
        "type": "Opening 1",
        "correctCount": 6,
        "startTime": 45,
        "songDuration": 88.224,
        "songNumber": 42,
        "activePlayerCount": 199,
        "LinkVideo": "https://files.catbox.moe/f11h9b.webm",
        "LinkMp3": "https://files.catbox.moe/ahfovq.mp3"
    },
    {
        "animeEng": "Belfy & Lillibit",
        "animeRomaji": "Mori no Y\u014dki na Kobito-tachi: Belfy to Lillibit",
        "songName": "Mori e Oide yo",
        "artist": "Kumiko Oosugi & Koorogi' 73",
        "type": "Opening 1",
        "correctCount": 22,
        "startTime": 35,
        "songDuration": 90.24,
        "songNumber": 43,
        "activePlayerCount": 197,
        "LinkVideo": "https://files.catbox.moe/yhapo6.webm",
        "LinkMp3": "https://files.catbox.moe/lxlm98.mp3"
    },
    {
        "animeEng": "Tantei Opera Milky Holmes Summer Special",
        "animeRomaji": "Tantei Opera Milky Holmes SS (Summer Special)",
        "songName": "Seikai wa Hitotsu! Janai!!",
        "artist": "Milky Holmes",
        "type": "Opening 1",
        "correctCount": 59,
        "startTime": 41,
        "songDuration": 89.572338,
        "songNumber": 44,
        "activePlayerCount": 197,
        "LinkVideo": "https://files.catbox.moe/x5m8fa.webm",
        "LinkMp3": "https://files.catbox.moe/esds0k.mp3"
    },
    {
        "animeEng": "Rozen Maiden",
        "animeRomaji": "Rozen Maiden",
        "songName": "Kinjirareta Asobi",
        "artist": "ALI PROJECT",
        "type": "Opening 1",
        "correctCount": 73,
        "startTime": 28,
        "songDuration": 90.878438,
        "songNumber": 45,
        "activePlayerCount": 198,
        "LinkVideo": "https://files.catbox.moe/tbhs94.webm",
        "LinkMp3": "https://files.catbox.moe/6n0tie.mp3"
    },
    {
        "animeEng": "Magic Kaito 1412",
        "animeRomaji": "Magic Kaito 1412",
        "songName": "Kimi no Matsu Sekai",
        "artist": "LAGOON",
        "type": "Opening 1",
        "correctCount": 49,
        "startTime": 44,
        "songDuration": 86.751162,
        "songNumber": 46,
        "activePlayerCount": 198,
        "LinkVideo": "https://files.catbox.moe/kt6nnl.webm",
        "LinkMp3": "https://files.catbox.moe/zruv7v.mp3"
    },
    {
        "animeEng": "Birdy the Mighty Decode:02",
        "animeRomaji": "Tetsuwan Birdy Decode:02",
        "songName": "kiseki",
        "artist": "NIRGILIS",
        "type": "Opening 1",
        "correctCount": 57,
        "startTime": 28,
        "songDuration": 89.064,
        "songNumber": 47,
        "activePlayerCount": 199,
        "LinkVideo": "https://files.catbox.moe/p60qil.webm",
        "LinkMp3": "https://files.catbox.moe/opolmf.mp3"
    },
    {
        "animeEng": "High School DxD BorN",
        "animeRomaji": "High School DxD BorN",
        "songName": "BLESS YoUr NAME",
        "artist": "ChouCho",
        "type": "Opening 1",
        "correctCount": 124,
        "startTime": 10,
        "songDuration": 90.072,
        "songNumber": 48,
        "activePlayerCount": 198,
        "LinkVideo": "https://files.catbox.moe/a1r7rz.webm",
        "LinkMp3": "https://files.catbox.moe/jdiwvv.mp3"
    },
    {
        "animeEng": "Blast of Tempest",
        "animeRomaji": "Zetsuen no Tempest",
        "songName": "happy endings",
        "artist": "Kana Hanazawa",
        "type": "Ending 1",
        "correctCount": 26,
        "startTime": 30,
        "songDuration": 88.344,
        "songNumber": 49,
        "activePlayerCount": 199,
        "LinkVideo": "https://files.catbox.moe/49016c.webm",
        "LinkMp3": "https://files.catbox.moe/r13ku7.mp3"
    },
    {
        "animeEng": "Smart-san",
        "animeRomaji": "Haikara-san ga Tooru",
        "songName": "Haikara-san ga Tooru",
        "artist": "Shosuke Sekita",
        "type": "Opening 1",
        "correctCount": 19,
        "startTime": 25,
        "songDuration": 73.776,
        "songNumber": 50,
        "activePlayerCount": 199,
        "LinkVideo": "https://files.catbox.moe/9ghoqj.webm",
        "LinkMp3": "https://files.catbox.moe/dmirn0.mp3"
    },
    {
        "animeEng": "Ishida and Asakura",
        "animeRomaji": "Ishida to Asakura",
        "songName": "Doki Doki Doku",
        "artist": "Rayli",
        "type": "Opening 1",
        "correctCount": 18,
        "startTime": 0,
        "songDuration": 28.838688,
        "songNumber": 51,
        "activePlayerCount": 197,
        "LinkVideo": "https://files.catbox.moe/dyal48.webm",
        "LinkMp3": "https://files.catbox.moe/wygdld.mp3"
    },
    {
        "animeEng": "Whisper of the Heart",
        "animeRomaji": "Mimi o Sumaseba",
        "songName": "Take Me Home, Country Roads",
        "artist": "Olivia Newton-John",
        "type": "Opening 1",
        "correctCount": 131,
        "startTime": 83,
        "songDuration": 120.056712,
        "songNumber": 52,
        "activePlayerCount": 197,
        "LinkVideo": "https://files.catbox.moe/618bxv.webm",
        "LinkMp3": "https://files.catbox.moe/kipqj6.mp3"
    },
    {
        "animeEng": "Seton Academy: Join the Pack!",
        "animeRomaji": "Murenase! Seton Gakuen",
        "songName": "Ookami Blues",
        "artist": "Hina Kino",
        "type": "Ending 1",
        "correctCount": 77,
        "startTime": 13,
        "songDuration": 88.968,
        "songNumber": 53,
        "activePlayerCount": 197,
        "LinkVideo": "https://files.catbox.moe/lmeuak.webm",
        "LinkMp3": "https://files.catbox.moe/a2jebf.mp3"
    },
    {
        "animeEng": "Lupin III: Blood Seal - Eternal Mermaid",
        "animeRomaji": "Lupin Sansei: Chi no Kokuin Eien no Mermaid",
        "songName": "Love Squall",
        "artist": "Yoshie Nakano",
        "type": "Ending 1",
        "correctCount": 1,
        "startTime": 120,
        "songDuration": 154.488,
        "songNumber": 54,
        "activePlayerCount": 197,
        "LinkVideo": "https://files.catbox.moe/kzajv0.webm",
        "LinkMp3": "https://files.catbox.moe/xnwrbl.mp3",
        "correctPlayers": [
            "zukkyun"
        ]
    },
    {
        "animeEng": "Chance Triangle Session",
        "animeRomaji": "Chance Pop Session",
        "songName": "Woo yeah Woo ah",
        "artist": "Atsuko Enomoto",
        "type": "Insert Song",
        "correctCount": 0,
        "startTime": 18,
        "songDuration": 99.159112,
        "songNumber": 55,
        "activePlayerCount": 197,
        "LinkVideo": "https://files.catbox.moe/ngyrww.webm",
        "LinkMp3": "https://files.catbox.moe/zfl5oo.mp3"
    },
    {
        "animeEng": "C - Control",
        "animeRomaji": "C - The Money of Soul and Possibility - Control",
        "songName": "High Heel Shoes In Pink",
        "artist": "Kayoko Ishuu",
        "type": "Insert Song",
        "correctCount": 18,
        "startTime": 71,
        "songDuration": 206.808,
        "songNumber": 56,
        "activePlayerCount": 197,
        "LinkVideo": "https://files.catbox.moe/suazue.webm",
        "LinkMp3": "https://files.catbox.moe/fvricz.mp3"
    },
    {
        "animeEng": "Lupin III: Part V",
        "animeRomaji": "Lupin III: PART5",
        "songName": "LUPIN TROIS 2018",
        "artist": "Yuji Ohno & Lupintic Six",
        "type": "Opening 1",
        "correctCount": 74,
        "startTime": 43,
        "songDuration": 78.624,
        "songNumber": 57,
        "activePlayerCount": 196,
        "LinkVideo": "https://files.catbox.moe/7ns0pi.webm",
        "LinkMp3": "https://files.catbox.moe/fbh9xx.mp3"
    },
    {
        "animeEng": "Onegai My Melody",
        "animeRomaji": "Onegai My Melody",
        "songName": "Oto Melody",
        "artist": "Mikako Takahashi",
        "type": "Opening 1",
        "correctCount": 101,
        "startTime": 7,
        "songDuration": 89.16,
        "songNumber": 58,
        "activePlayerCount": 197,
        "LinkVideo": "https://files.catbox.moe/l9h3vx.webm",
        "LinkMp3": "https://files.catbox.moe/on2an9.mp3"
    },
    {
        "animeEng": "Inuyasha",
        "animeRomaji": "Inuyasha",
        "songName": "I am",
        "artist": "hitomi",
        "type": "Opening 2",
        "correctCount": 44,
        "startTime": 17,
        "songDuration": 94.176,
        "songNumber": 59,
        "activePlayerCount": 197,
        "LinkVideo": "https://files.catbox.moe/7cqab7.webm",
        "LinkMp3": "https://files.catbox.moe/tmrh5p.mp3"
    },
    {
        "animeEng": "Ojamajo Doremi Dokkaan",
        "animeRomaji": "Ojamajo Doremi Dokkaan",
        "songName": "Ashita no Watashi",
        "artist": "Tomoko Akiya",
        "type": "Insert Song",
        "correctCount": 7,
        "startTime": 32,
        "songDuration": 84.048,
        "songNumber": 60,
        "activePlayerCount": 197,
        "LinkVideo": "https://files.catbox.moe/t75jqt.webm",
        "LinkMp3": "https://files.catbox.moe/ssibp3.mp3"
    },
    {
        "animeEng": "Extra Olympia Kyklos",
        "animeRomaji": "Bessatsu Olympia Kyklos",
        "songName": "William Tell Jokyoku",
        "artist": "Jin Katagiri & Akihito Hayashi",
        "type": "Opening 1",
        "correctCount": 120,
        "startTime": 0,
        "songDuration": 30.048,
        "songNumber": 61,
        "activePlayerCount": 196,
        "LinkVideo": "https://files.catbox.moe/ec2a1m.webm",
        "LinkMp3": "https://files.catbox.moe/et28w9.mp3"
    },
    {
        "animeEng": "Hugtto! Precure",
        "animeRomaji": "Hugtto! Precure",
        "songName": "Daisuki\u221eMugen POWER",
        "artist": "Nao Tamura & Yukari Tamura",
        "type": "Insert Song",
        "correctCount": 19,
        "startTime": 33,
        "songDuration": 100.8,
        "songNumber": 62,
        "activePlayerCount": 197,
        "LinkVideo": "https://files.catbox.moe/0kkibe.webm",
        "LinkMp3": "https://files.catbox.moe/g4dmpz.mp3"
    },
    {
        "animeEng": "Hello Spank!",
        "animeRomaji": "Ohay\u014d! Spank",
        "songName": "Ohay\u014d! Spank",
        "artist": "Nozomu Inoue",
        "type": "Opening 1",
        "correctCount": 175,
        "startTime": 8,
        "songDuration": 76.176,
        "songNumber": 63,
        "activePlayerCount": 197,
        "LinkVideo": "https://files.catbox.moe/bggqgp.webm",
        "LinkMp3": "https://files.catbox.moe/xz6qkt.mp3"
    },
    {
        "animeEng": "Burst Angel",
        "animeRomaji": "Burst Angel",
        "songName": "Loosey",
        "artist": "THE STRiPES",
        "type": "Opening 1",
        "correctCount": 33,
        "startTime": 20,
        "songDuration": 86.568,
        "songNumber": 64,
        "activePlayerCount": 197,
        "LinkVideo": "https://files.catbox.moe/x532yz.webm",
        "LinkMp3": "https://files.catbox.moe/b7xp91.mp3"
    },
    {
        "animeEng": "RS Project",
        "animeRomaji": "RS Keikaku -Rebirth Storage-",
        "songName": "Crush",
        "artist": "Pendulum",
        "type": "Ending 1",
        "correctCount": 19,
        "startTime": 65,
        "songDuration": 103.752,
        "songNumber": 65,
        "activePlayerCount": 197,
        "LinkVideo": "https://files.catbox.moe/0lai9s.webm",
        "LinkMp3": "https://files.catbox.moe/t2qbcv.mp3"
    },
    {
        "animeEng": "Miss Kobayashi's Dragon Maid",
        "animeRomaji": "Kobayashi-san Chi no Maid Dragon",
        "songName": "Aozora no Rhapsody",
        "artist": "fh\u00e1na",
        "type": "Opening 1",
        "correctCount": 171,
        "startTime": 53,
        "songDuration": 89.448,
        "songNumber": 66,
        "activePlayerCount": 197,
        "LinkVideo": "https://files.catbox.moe/thsitv.webm",
        "LinkMp3": "https://files.catbox.moe/7bqtto.mp3"
    },
    {
        "animeEng": "GATE",
        "animeRomaji": "Gate: Jieitai Kanochi nite, Kaku Tatakaeri",
        "songName": "GATE ~Sore wa Akatsuki no Y\u014d ni",
        "artist": "Kishida Ky\u014ddan &THE Akeboshi Rockets",
        "type": "Opening 1",
        "correctCount": 139,
        "startTime": 51,
        "songDuration": 90.017975,
        "songNumber": 67,
        "activePlayerCount": 197,
        "LinkVideo": "https://files.catbox.moe/0uknlu.webm",
        "LinkMp3": "https://files.catbox.moe/ndr8fr.mp3"
    },
    {
        "animeEng": "Igano Kabamaru",
        "animeRomaji": "Igano Kabamaru",
        "songName": "CIRCUS GAME",
        "artist": "Sugar",
        "type": "Opening 1",
        "correctCount": 11,
        "startTime": 16,
        "songDuration": 98.568,
        "songNumber": 68,
        "activePlayerCount": 196,
        "LinkVideo": "https://files.catbox.moe/jt9xvu.webm",
        "LinkMp3": "https://files.catbox.moe/5nefbj.mp3"
    },
    {
        "animeEng": "Shokugeki no S\u014dma: San no Sara: Erina no Shin Seikatsu",
        "animeRomaji": "Shokugeki no S\u014dma: San no Sara: Erina no Shin Seikatsu",
        "songName": "BRAVER",
        "artist": "ZAQ",
        "type": "Opening 1",
        "correctCount": 136,
        "startTime": 47,
        "songDuration": 89.04,
        "songNumber": 69,
        "activePlayerCount": 197,
        "LinkVideo": "https://files.catbox.moe/5h4ptm.webm",
        "LinkMp3": "https://files.catbox.moe/gsj42q.mp3"
    },
    {
        "animeEng": "Maria Watches Over Us 4th Season",
        "animeRomaji": "Maria-sama ga Miteru 4th Season",
        "songName": "Chizu Sanpo",
        "artist": "kukui",
        "type": "Opening 1",
        "correctCount": 7,
        "startTime": 6,
        "songDuration": 88.344,
        "songNumber": 70,
        "activePlayerCount": 197,
        "LinkVideo": "https://files.catbox.moe/0kp8ze.webm",
        "LinkMp3": "https://files.catbox.moe/75v5zd.mp3"
    },
    {
        "animeEng": "Wind: A Breath of Heart",
        "animeRomaji": "Wind: A Breath of Heart",
        "songName": "Feel on the wind",
        "artist": "Hiroko Kasahara",
        "type": "Opening 1",
        "correctCount": 16,
        "startTime": 41,
        "songDuration": 84.024,
        "songNumber": 71,
        "activePlayerCount": 197,
        "LinkVideo": "https://files.catbox.moe/qlugmw.webm",
        "LinkMp3": "https://files.catbox.moe/n4njwp.mp3"
    },
    {
        "animeEng": "WWW.WAGNARIA!!",
        "animeRomaji": "WWW.WORKING!!",
        "songName": "Eyecatch! Too much!",
        "artist": "Haruka Tomatsu, Y\u014dko Hikasa, Sora Amamiya",
        "type": "Opening 1",
        "correctCount": 85,
        "startTime": 43,
        "songDuration": 89.016,
        "songNumber": 72,
        "activePlayerCount": 197,
        "LinkVideo": "https://files.catbox.moe/6tqgqb.webm",
        "LinkMp3": "https://files.catbox.moe/scg64t.mp3"
    },
    {
        "animeEng": "Lord El-Melloi II's Case Files {Rail Zeppelin} Grace note",
        "animeRomaji": "Lord El-Melloi II-sei no Jikenbo: Rail Zeppelin Grace note",
        "songName": "starting the case: Rail Zeppelin",
        "artist": "Yuki Kajiura",
        "type": "Opening 1",
        "correctCount": 122,
        "startTime": 25,
        "songDuration": 86.928,
        "songNumber": 73,
        "activePlayerCount": 197,
        "LinkVideo": "https://files.catbox.moe/0ku6t5.webm",
        "LinkMp3": "https://files.catbox.moe/0wvtei.mp3"
    },
    {
        "animeEng": "Kimagure Orange\u2605Road",
        "animeRomaji": "Kimagure Orange\u2605Road",
        "songName": "Tokidoki Blue",
        "artist": "Yuka Tachibana",
        "type": "Ending 2",
        "correctCount": 4,
        "startTime": 0,
        "songDuration": 108.072,
        "songNumber": 74,
        "activePlayerCount": 196,
        "LinkVideo": "https://files.catbox.moe/oqherh.webm",
        "LinkMp3": "https://files.catbox.moe/hi3oby.mp3",
        "correctPlayers": [
            "Anwonu",
            "Igg1",
            "Neraquox",
            "AsaShigure"
        ]
    },
    {
        "animeEng": "Hunter X Hunter: Phantom Rouge",
        "animeRomaji": "Hunter \u00d7 Hunter: Phantom Rouge",
        "songName": "REASON",
        "artist": "Yuzu",
        "type": "Ending 1",
        "correctCount": 59,
        "startTime": 137,
        "songDuration": 302.649492,
        "songNumber": 75,
        "activePlayerCount": 194,
        "LinkVideo": "https://files.catbox.moe/1dfxka.webm",
        "LinkMp3": "https://files.catbox.moe/j9jddz.mp3"
    }
]