[
    {
        "animeEng": "Pandora Hearts",
        "animeRomaji": "Pandora Hearts",
        "songName": "Parallel Hearts",
        "artist": "FictionJunction",
        "type": "Opening 1",
        "correctCount": 123,
        "startTime": 48,
        "songDuration": 90.888,
        "songNumber": 6,
        "activePlayerCount": 287,
        "LinkVideo": "https://files.catbox.moe/dutftf.webm",
        "LinkMp3": "https://files.catbox.moe/mej27w.mp3"
    },
    {
        "animeEng": "Eat-Man",
        "animeRomaji": "Eat-Man",
        "songName": "Chiisana Koi no Melody",
        "artist": "Kinniku Sh\u014djo Tai",
        "type": "Opening 1",
        "correctCount": 16,
        "startTime": 47,
        "songDuration": 90.072,
        "songNumber": 7,
        "activePlayerCount": 288,
        "LinkVideo": "https://files.catbox.moe/wlyjl2.webm",
        "LinkMp3": "https://files.catbox.moe/3isak0.mp3"
    },
    {
        "animeEng": "Mysterious Joker Season 4",
        "animeRomaji": "Kait\u014d Joker 4th Season",
        "songName": "Kait\u014d Miracle Sh\u014dnen Boy 2",
        "artist": "Arukara",
        "type": "Opening 1",
        "correctCount": 30,
        "startTime": 35,
        "songDuration": 89.52,
        "songNumber": 8,
        "activePlayerCount": 288,
        "LinkVideo": "https://files.catbox.moe/8jxk2p.webm",
        "LinkMp3": "https://files.catbox.moe/x1hsm8.mp3"
    },
    {
        "animeEng": "Put It All in the Ring 1: Japan vs. USA Chapter",
        "animeRomaji": "Ring ni Kakero 1: Nichibei Kessen-hen",
        "songName": "Asu e no T\u014dshi",
        "artist": "Marina del ray",
        "type": "Opening 1",
        "correctCount": 22,
        "startTime": 6,
        "songDuration": 90.036,
        "songNumber": 9,
        "activePlayerCount": 288,
        "LinkVideo": "https://files.catbox.moe/sloour.webm",
        "LinkMp3": "https://files.catbox.moe/eoz7ty.mp3"
    },
    {
        "animeEng": "Tomica Hyper Rescue Drive Head Kid\u014d Ky\u016bky\u016b Keisatsu",
        "animeRomaji": "Tomica Hyper Rescue Drive Head Kid\u014d Ky\u016bky\u016b Keisatsu",
        "songName": "Help You",
        "artist": "Satori Shounen-dan",
        "type": "Opening 2",
        "correctCount": 8,
        "startTime": 25,
        "songDuration": 88.584,
        "songNumber": 10,
        "activePlayerCount": 286,
        "LinkVideo": "https://files.catbox.moe/lquk3q.webm",
        "LinkMp3": "https://files.catbox.moe/a4tdaa.mp3"
    },
    {
        "animeEng": "Brand New Animal",
        "animeRomaji": "BNA",
        "songName": "NIGHT RUNNING",
        "artist": "AAAMYYY",
        "type": "Ending 1",
        "correctCount": 165,
        "startTime": 19,
        "songDuration": 59.16,
        "songNumber": 11,
        "activePlayerCount": 286,
        "LinkVideo": "https://files.catbox.moe/6jqtwn.webm",
        "LinkMp3": "https://files.catbox.moe/v05sz1.mp3"
    },
    {
        "animeEng": "Saint Seiya: Warriors of the Final Holy Battle",
        "animeRomaji": "Saint Seiya: Saish\u016b Seisen no Senshi-tachi",
        "songName": "Soldier Dream",
        "artist": "Hironobu Kageyama & BROADWAY",
        "type": "Opening 1",
        "correctCount": 176,
        "startTime": 21,
        "songDuration": 78.264,
        "songNumber": 12,
        "activePlayerCount": 286,
        "LinkVideo": "https://files.catbox.moe/cjf78t.webm",
        "LinkMp3": "https://files.catbox.moe/n73gl6.mp3"
    },
    {
        "animeEng": "Concrete Revolutio",
        "animeRomaji": "Concrete Revolutio: Ch\u014djin Gens\u014d",
        "songName": "Katararezu Tomo",
        "artist": "ZAQ",
        "type": "Opening 1",
        "correctCount": 46,
        "startTime": 35,
        "songDuration": 90.168,
        "songNumber": 13,
        "activePlayerCount": 288,
        "LinkVideo": "https://files.catbox.moe/uknl9d.webm",
        "LinkMp3": "https://files.catbox.moe/d1w64g.mp3"
    },
    {
        "animeEng": "Digimon: Data Squad",
        "animeRomaji": "Digimon Savers",
        "songName": "Hirari",
        "artist": "Kouji Wada",
        "type": "Opening 2",
        "correctCount": 52,
        "startTime": 6,
        "songDuration": 58.512,
        "songNumber": 14,
        "activePlayerCount": 287,
        "LinkVideo": "https://files.catbox.moe/2ey9f7.webm",
        "LinkMp3": "https://files.catbox.moe/gvjmlh.mp3"
    },
    {
        "animeEng": "Twin Star Exorcists",
        "animeRomaji": "S\u014dsei no Onmy\u014dji",
        "songName": "Sore wa Ki\u30fbZu\u30fbNa",
        "artist": "Y\u016bki Wakai",
        "type": "Insert Song",
        "correctCount": 12,
        "startTime": 28,
        "songDuration": 121.008,
        "songNumber": 15,
        "activePlayerCount": 286,
        "LinkVideo": "https://files.catbox.moe/4nw5d4.webm",
        "LinkMp3": "https://files.catbox.moe/2q70av.mp3"
    },
    {
        "animeEng": "One Piece Episode of East Blue: Luffy to 4-nin no Nakama no Daib\u014dken",
        "animeRomaji": "One Piece Episode of East Blue: Luffy to 4-nin no Nakama no Daib\u014dken",
        "songName": "We Are",
        "artist": "Hiroshi Kitadani with 100 Friends",
        "type": "Ending 1",
        "correctCount": 10,
        "startTime": 37,
        "songDuration": 81.552884,
        "songNumber": 16,
        "activePlayerCount": 285,
        "LinkVideo": "https://files.catbox.moe/rr91em.webm",
        "LinkMp3": "https://files.catbox.moe/ntx1xq.mp3"
    },
    {
        "animeEng": "Aggretsuko: We Wish You a Metal Christmas",
        "animeRomaji": "Aggretsuko: We Wish You a Metal Christmas",
        "songName": "Jingle Bells",
        "artist": "Tim Timebomb and the Interrupters",
        "type": "Opening 1",
        "correctCount": 203,
        "startTime": 6,
        "songDuration": 44.041692,
        "songNumber": 17,
        "activePlayerCount": 284,
        "LinkVideo": "https://files.catbox.moe/xksa0l.webm",
        "LinkMp3": "https://files.catbox.moe/uu5x2c.mp3"
    },
    {
        "animeEng": "Super Dragon Ball Heroes",
        "animeRomaji": "Super Dragon Ball Heroes",
        "songName": "Universe Mission Series Theme Song",
        "artist": "Dragon Soul",
        "type": "Opening 1",
        "correctCount": 97,
        "startTime": 26,
        "songDuration": 68.883714,
        "songNumber": 18,
        "activePlayerCount": 284,
        "LinkVideo": "https://files.catbox.moe/tana2a.webm",
        "LinkMp3": "https://files.catbox.moe/2rwvow.mp3"
    },
    {
        "animeEng": "Wake Up, Girls! New Chapter",
        "animeRomaji": "Wake Up, Girls! Shin Sh\u014d",
        "songName": "Tachiagare!",
        "artist": "Wake Up, Girls!",
        "type": "Insert Song",
        "correctCount": 157,
        "startTime": 0,
        "songDuration": 29.52,
        "songNumber": 19,
        "activePlayerCount": 284,
        "LinkVideo": "https://files.catbox.moe/qhw915.webm",
        "LinkMp3": "https://files.catbox.moe/t6hmz3.mp3"
    },
    {
        "animeEng": "Battle Ball",
        "animeRomaji": "Go-Q-Choji Ikkiman",
        "songName": "Iku Ze! Ikkiman!!",
        "artist": "Ippo Hiura",
        "type": "Opening 1",
        "correctCount": 35,
        "startTime": 17,
        "songDuration": 89.064,
        "songNumber": 20,
        "activePlayerCount": 279,
        "LinkVideo": "https://files.catbox.moe/ecxmh9.webm",
        "LinkMp3": "https://files.catbox.moe/bkh87w.mp3"
    },
    {
        "animeEng": "Yu-Gi-Oh! Sevens",
        "animeRomaji": "Yu-Gi-Oh! Sevens",
        "songName": "Gouha Dai-7 Shougakkou Kouka (Luke ver.)",
        "artist": "Taku Yashiro",
        "type": "Ending 3",
        "correctCount": 27,
        "startTime": 48,
        "songDuration": 86.112,
        "songNumber": 21,
        "activePlayerCount": 280,
        "LinkVideo": "https://files.catbox.moe/376hiu.webm",
        "LinkMp3": "https://files.catbox.moe/bu7i0t.mp3"
    },
    {
        "animeEng": "Daicon films",
        "animeRomaji": "Daicon films",
        "songName": "Twilight",
        "artist": "Electric Light Orchestra",
        "type": "Insert Song",
        "correctCount": 76,
        "startTime": 11,
        "songDuration": 176.256,
        "songNumber": 22,
        "activePlayerCount": 279,
        "LinkVideo": "https://files.catbox.moe/ovz7x5.webm",
        "LinkMp3": "https://files.catbox.moe/kzs0a6.mp3"
    },
    {
        "animeEng": "IRODUKU: The World in Colors",
        "animeRomaji": "Irozuku Sekai no Ashita kara.",
        "songName": "Mimei no Kimi to Hakumei no Mah\u014d",
        "artist": "Nagi Yanagi",
        "type": "Ending 1",
        "correctCount": 78,
        "startTime": 8,
        "songDuration": 89.07602,
        "songNumber": 23,
        "activePlayerCount": 280,
        "LinkVideo": "https://files.catbox.moe/lu0any.webm",
        "LinkMp3": "https://files.catbox.moe/ha8kol.mp3"
    },
    {
        "animeEng": "Fresh Precure! Omocha no Kuni wa Himitsu ga Ippai!?",
        "animeRomaji": "Fresh Precure! Omocha no Kuni wa Himitsu ga Ippai!?",
        "songName": "Let's! Fresh Precure! ~Hybrid Version~ for the Movie",
        "artist": "Mizuki Moie with Cure Fresh!",
        "type": "Opening 1",
        "correctCount": 153,
        "startTime": 12,
        "songDuration": 83.928,
        "songNumber": 24,
        "activePlayerCount": 277,
        "LinkVideo": "https://files.catbox.moe/bkyv0x.webm",
        "LinkMp3": "https://files.catbox.moe/tkpgko.mp3"
    },
    {
        "animeEng": "Wooser's Hand-to-Mouth Life: Awakening Arc",
        "animeRomaji": "Wooser no Sono Higurashi Kakusei-hen",
        "songName": "Chotto Dekakete Kimasu",
        "artist": "Tia",
        "type": "Ending 2",
        "correctCount": 8,
        "startTime": 19,
        "songDuration": 164.229014,
        "songNumber": 25,
        "activePlayerCount": 276,
        "LinkVideo": "https://files.catbox.moe/isw28g.webm",
        "LinkMp3": "https://files.catbox.moe/nmbbzl.mp3"
    },
    {
        "animeEng": "A Letter to Momo",
        "animeRomaji": "Momo e no Tegami",
        "songName": "Uruwashimahoroba ~Utsukushiki Basho~",
        "artist": "Yuko Hara",
        "type": "Ending 1",
        "correctCount": 8,
        "startTime": 195,
        "songDuration": 236.822052,
        "songNumber": 26,
        "activePlayerCount": 276,
        "LinkVideo": "https://files.catbox.moe/5gft17.webm",
        "LinkMp3": "https://files.catbox.moe/u9vrj4.mp3"
    },
    {
        "animeEng": "Attack on Titan: Lost Girls",
        "animeRomaji": "Shingeki no Kyojin: Lost Girls",
        "songName": "Call your name <Gv>",
        "artist": "Gemie",
        "type": "Ending 1",
        "correctCount": 39,
        "startTime": 42,
        "songDuration": 89.572338,
        "songNumber": 27,
        "activePlayerCount": 276,
        "LinkVideo": "https://files.catbox.moe/pm7asz.webm",
        "LinkMp3": "https://files.catbox.moe/p1laqd.mp3"
    },
    {
        "animeEng": "Eiga HappinessCharge Precure! Ningy\u014d no Kuni no Ballerina",
        "animeRomaji": "Eiga HappinessCharge Precure! Ningy\u014d no Kuni no Ballerina",
        "songName": "Party Has Come",
        "artist": "Hitomi Yoshida",
        "type": "Ending 1",
        "correctCount": 17,
        "startTime": 10,
        "songDuration": 120.12,
        "songNumber": 28,
        "activePlayerCount": 275,
        "LinkVideo": "https://files.catbox.moe/ljdudp.webm",
        "LinkMp3": "https://files.catbox.moe/lvrner.mp3"
    },
    {
        "animeEng": "0-sen Hayato",
        "animeRomaji": "0-sen Hayato",
        "songName": "0-sen Hayato",
        "artist": "Vocal Shop",
        "type": "Opening 1",
        "correctCount": 21,
        "startTime": 37,
        "songDuration": 83.064,
        "songNumber": 29,
        "activePlayerCount": 275,
        "LinkVideo": "https://files.catbox.moe/98r4em.webm",
        "LinkMp3": "https://files.catbox.moe/fgcbnt.mp3"
    },
    {
        "animeEng": "Prefectural Earth Defense Force",
        "animeRomaji": "Kenritsu Chiky\u016b B\u014deigun",
        "songName": "Private",
        "artist": "Kiyoshir\u014d Imawano+CHAR",
        "type": "Insert Song",
        "correctCount": 6,
        "startTime": 10,
        "songDuration": 44.224546,
        "songNumber": 30,
        "activePlayerCount": 275,
        "LinkVideo": "https://files.catbox.moe/yyxn3x.webm",
        "LinkMp3": "https://files.catbox.moe/vys4et.mp3"
    },
    {
        "animeEng": "Love, Election and Chocolate",
        "animeRomaji": "Koi to Senkyo to Chocolate",
        "songName": "Kaze no Naka no Primrose",
        "artist": "Ceui",
        "type": "Ending 1",
        "correctCount": 47,
        "startTime": 27,
        "songDuration": 90.048,
        "songNumber": 31,
        "activePlayerCount": 276,
        "LinkVideo": "https://files.catbox.moe/dvg3gd.webm",
        "LinkMp3": "https://files.catbox.moe/z68wf4.mp3"
    },
    {
        "animeEng": "Genshiken",
        "animeRomaji": "Genshiken",
        "songName": "Biidama",
        "artist": "Saori Atsumi",
        "type": "Ending 1",
        "correctCount": 23,
        "startTime": 51,
        "songDuration": 98.767282,
        "songNumber": 32,
        "activePlayerCount": 276,
        "LinkVideo": "https://files.catbox.moe/797f93.webm",
        "LinkMp3": "https://files.catbox.moe/0q24zi.mp3"
    },
    {
        "animeEng": "Appare-Ranman!",
        "animeRomaji": "Appare-Ranman!",
        "songName": "I got it!",
        "artist": "Mia REGINA",
        "type": "Opening 1",
        "correctCount": 106,
        "startTime": 25,
        "songDuration": 87.984,
        "songNumber": 33,
        "activePlayerCount": 276,
        "LinkVideo": "https://files.catbox.moe/lh35zb.webm",
        "LinkMp3": "https://files.catbox.moe/37agsh.mp3"
    },
    {
        "animeEng": "Raccoon Rascal",
        "animeRomaji": "Araiguma Rascal",
        "songName": "Oide Rascal",
        "artist": "Kumiko \u014csugi",
        "type": "Ending 1",
        "correctCount": 9,
        "startTime": 18,
        "songDuration": 75.792,
        "songNumber": 34,
        "activePlayerCount": 276,
        "LinkVideo": "https://files.catbox.moe/ko0jqo.webm",
        "LinkMp3": "https://files.catbox.moe/f6aymd.mp3"
    },
    {
        "animeEng": "Haven't You Heard? I'm Sakamoto",
        "animeRomaji": "Sakamoto desu ga?",
        "songName": "COOLEST",
        "artist": "CustomiZ",
        "type": "Opening 1",
        "correctCount": 215,
        "startTime": 15,
        "songDuration": 88.893166,
        "songNumber": 35,
        "activePlayerCount": 276,
        "LinkVideo": "https://files.catbox.moe/oup1nv.webm",
        "LinkMp3": "https://files.catbox.moe/j54hgo.mp3"
    },
    {
        "animeEng": "Death Note",
        "animeRomaji": "Death Note",
        "songName": "the WORLD",
        "artist": "Nightmare",
        "type": "Opening 1",
        "correctCount": 250,
        "startTime": 8,
        "songDuration": 79.776588,
        "songNumber": 36,
        "activePlayerCount": 274,
        "LinkVideo": "https://files.catbox.moe/yt8nbn.webm",
        "LinkMp3": "https://files.catbox.moe/fe5myo.mp3"
    },
    {
        "animeEng": "Baja no Studio",
        "animeRomaji": "Baja no Studio",
        "songName": "Tenohira wo Taiyou Ni",
        "artist": "Suginami Jidou Gasshou-dan",
        "type": "Ending 1",
        "correctCount": 15,
        "startTime": 11,
        "songDuration": 88.608,
        "songNumber": 37,
        "activePlayerCount": 271,
        "LinkVideo": "https://files.catbox.moe/f68nlr.webm",
        "LinkMp3": "https://files.catbox.moe/55gyu7.mp3"
    },
    {
        "animeEng": "Moeyo Ken",
        "animeRomaji": "Kid\u014d Shinsengumi Moeyo Ken",
        "songName": "Moeyo Ken",
        "artist": "Haruna Ikezawa, Ai Orikasa, Naoko Matsui",
        "type": "Opening 1",
        "correctCount": 6,
        "startTime": 31,
        "songDuration": 100.056,
        "songNumber": 38,
        "activePlayerCount": 271,
        "LinkVideo": "https://files.catbox.moe/hvk505.webm",
        "LinkMp3": "https://files.catbox.moe/03e7lv.mp3"
    },
    {
        "animeEng": "Panty & Stocking with Garterbelt",
        "animeRomaji": "Panty & Stocking with Garterbelt",
        "songName": "D.City Rock",
        "artist": "TeddyLoid feat. Debra Zeer",
        "type": "Insert Song",
        "correctCount": 70,
        "startTime": 192,
        "songDuration": 270.792,
        "songNumber": 39,
        "activePlayerCount": 270,
        "LinkVideo": "https://files.catbox.moe/ugjrkd.webm",
        "LinkMp3": "https://files.catbox.moe/uqgyyq.mp3"
    },
    {
        "animeEng": "Izumo",
        "animeRomaji": "Izumo",
        "songName": "Izumo no Theme - Kanashimanaide",
        "artist": "Ami Itabashi",
        "type": "Ending 1",
        "correctCount": 0,
        "startTime": 142,
        "songDuration": 209.049,
        "songNumber": 40,
        "activePlayerCount": 270,
        "LinkVideo": "https://files.catbox.moe/7kbje8.webm"
    },
    {
        "animeEng": "Grimgar, Ashes and Illusions",
        "animeRomaji": "Hai to Gens\u014d no Grimgar",
        "songName": "Head Wind",
        "artist": "(K)NoW_NAME:AIJ",
        "type": "Insert Song",
        "correctCount": 47,
        "startTime": 52,
        "songDuration": 117.744,
        "songNumber": 41,
        "activePlayerCount": 270,
        "LinkVideo": "https://files.catbox.moe/1vld0v.webm",
        "LinkMp3": "https://files.catbox.moe/fjskre.mp3"
    },
    {
        "animeEng": "Rebirth",
        "animeRomaji": "Rebirth",
        "songName": "Rebirth GO!",
        "artist": "twinkle\u2661way",
        "type": "Ending 6",
        "correctCount": 48,
        "startTime": 0,
        "songDuration": 29.544,
        "songNumber": 42,
        "activePlayerCount": 270,
        "LinkVideo": "https://files.catbox.moe/u2d6nh.webm",
        "LinkMp3": "https://files.catbox.moe/qyd99i.mp3"
    },
    {
        "animeEng": "Psycho-Pass 2",
        "animeRomaji": "Psycho-Pass 2",
        "songName": "Fallen",
        "artist": "EGOIST",
        "type": "Ending 1",
        "correctCount": 87,
        "startTime": 20,
        "songDuration": 89.664,
        "songNumber": 43,
        "activePlayerCount": 271,
        "LinkVideo": "https://files.catbox.moe/rnv1ff.webm",
        "LinkMp3": "https://files.catbox.moe/dfcv9u.mp3"
    },
    {
        "animeEng": "The Animatrix",
        "animeRomaji": "The Animatrix",
        "songName": "HANDS AROUND MY THROAT",
        "artist": "DEATH IN VEGAS",
        "type": "Insert Song",
        "correctCount": 31,
        "startTime": 6,
        "songDuration": 47.568,
        "songNumber": 44,
        "activePlayerCount": 269,
        "LinkVideo": "https://files.catbox.moe/9eb352.webm",
        "LinkMp3": "https://files.catbox.moe/8fc51z.mp3"
    },
    {
        "animeEng": "Super Dragon Ball Heroes",
        "animeRomaji": "Super Dragon Ball Heroes",
        "songName": "Super Dragon Ball Heroes Fight Song",
        "artist": "Dragon Soul",
        "type": "Opening 3",
        "correctCount": 26,
        "startTime": 31,
        "songDuration": 90.048,
        "songNumber": 45,
        "activePlayerCount": 269,
        "LinkVideo": "https://files.catbox.moe/olf7bn.webm",
        "LinkMp3": "https://files.catbox.moe/3gmulc.mp3"
    },
    {
        "animeEng": "Magical DoReMi",
        "animeRomaji": "Ojamajo Doremi",
        "songName": "Nichiyoubi wa Mahou no Ko",
        "artist": "MAHO-dou",
        "type": "Insert Song",
        "correctCount": 50,
        "startTime": 41,
        "songDuration": 106.464,
        "songNumber": 46,
        "activePlayerCount": 268,
        "LinkVideo": "https://files.catbox.moe/umzlzs.webm",
        "LinkMp3": "https://files.catbox.moe/u72lvc.mp3"
    },
    {
        "animeEng": "The Gutsy Frog",
        "animeRomaji": "Dokonj\u014d Gaeru",
        "songName": "Dokonjo de Yansu",
        "artist": "Susumu Ishikawa",
        "type": "Ending 1",
        "correctCount": 23,
        "startTime": 32,
        "songDuration": 80.088,
        "songNumber": 47,
        "activePlayerCount": 269,
        "LinkVideo": "https://files.catbox.moe/c5qiax.webm",
        "LinkMp3": "https://files.catbox.moe/hzexrw.mp3"
    },
    {
        "animeEng": "Put It All in the Ring 1: World Tournament Chapter",
        "animeRomaji": "Ring ni Kakero 1: Sekai Taikai-hen",
        "songName": "Niji no Kanata",
        "artist": "Marina del ray",
        "type": "Ending 1",
        "correctCount": 2,
        "startTime": 34,
        "songDuration": 90.072,
        "songNumber": 48,
        "activePlayerCount": 268,
        "LinkVideo": "https://files.catbox.moe/89vz5f.webm",
        "LinkMp3": "https://files.catbox.moe/jro4ob.mp3",
        "correctPlayers": [
            "Alsex",
            "oh95"
        ]
    },
    {
        "animeEng": "Uta no\u2606Prince-sama\u266aMaji LOVE 1000%",
        "animeRomaji": "Uta no\u2606Prince-sama\u266aMaji LOVE 1000%",
        "songName": "Maigo no Kokoro",
        "artist": "Miyuki Sawashiro",
        "type": "Insert Song",
        "correctCount": 9,
        "startTime": 6,
        "songDuration": 101.904,
        "songNumber": 49,
        "activePlayerCount": 269,
        "LinkVideo": "https://files.catbox.moe/aaegeq.webm",
        "LinkMp3": "https://files.catbox.moe/nhgwsj.mp3"
    },
    {
        "animeEng": "Magical DoReMi",
        "animeRomaji": "Ojamajo Doremi",
        "songName": "Ojamajo Carnival!!",
        "artist": "MAHO-dou",
        "type": "Opening 1",
        "correctCount": 141,
        "startTime": 42,
        "songDuration": 88.656,
        "songNumber": 50,
        "activePlayerCount": 267,
        "LinkVideo": "https://files.catbox.moe/c54tja.webm",
        "LinkMp3": "https://files.catbox.moe/jfveew.mp3"
    },
    {
        "animeEng": "One Piece: The Movie",
        "animeRomaji": "One Piece: The Movie",
        "songName": "We Are!",
        "artist": "Hiroshi Kitadani",
        "type": "Opening 1",
        "correctCount": 245,
        "startTime": 17,
        "songDuration": 109.704,
        "songNumber": 51,
        "activePlayerCount": 267,
        "LinkVideo": "https://files.catbox.moe/u6wbwb.webm",
        "LinkMp3": "https://files.catbox.moe/ab1vhf.mp3"
    },
    {
        "animeEng": "Mobile Suit Victory Gundam",
        "animeRomaji": "Kid\u014d Senshi V Gundam",
        "songName": "STAND UP TO THE VICTORY ~To the Victory~",
        "artist": "Tomohisa Kawasoe",
        "type": "Opening 1",
        "correctCount": 43,
        "startTime": 8,
        "songDuration": 78.816,
        "songNumber": 52,
        "activePlayerCount": 265,
        "LinkVideo": "https://files.catbox.moe/9264qv.webm",
        "LinkMp3": "https://files.catbox.moe/u2wjss.mp3"
    },
    {
        "animeEng": "Kiss\u00d7sis",
        "animeRomaji": "Kiss\u00d7sis",
        "songName": "Our Steady Boy",
        "artist": "YuiKaori",
        "type": "Ending 1",
        "correctCount": 67,
        "startTime": 27,
        "songDuration": 88.968,
        "songNumber": 53,
        "activePlayerCount": 265,
        "LinkVideo": "https://files.catbox.moe/zsl28g.webm",
        "LinkMp3": "https://files.catbox.moe/9agkwi.mp3"
    },
    {
        "animeEng": "Blonde Jeanie",
        "animeRomaji": "Kinpatsu no Jeanie",
        "songName": "Kinpatsu no Jeanie",
        "artist": "ARO",
        "type": "Opening 1",
        "correctCount": 26,
        "startTime": 23,
        "songDuration": 70.056,
        "songNumber": 54,
        "activePlayerCount": 264,
        "LinkVideo": "https://files.catbox.moe/pjzzoq.webm",
        "LinkMp3": "https://files.catbox.moe/mmi3fu.mp3"
    },
    {
        "animeEng": "Dagashi Kashi 2",
        "animeRomaji": "Dagashi Kashi 2",
        "songName": "Oh My Sugar Feeling!!",
        "artist": "Ayana Taketatsu",
        "type": "Opening 1",
        "correctCount": 100,
        "startTime": 52,
        "songDuration": 88.416,
        "songNumber": 55,
        "activePlayerCount": 264,
        "LinkVideo": "https://files.catbox.moe/diac5m.webm",
        "LinkMp3": "https://files.catbox.moe/fdfupq.mp3"
    },
    {
        "animeEng": "JoJo's Bizarre Adventure",
        "animeRomaji": "JoJo no Kimy\u014d na B\u014dken",
        "songName": "JoJo ~Sono Chi no Sadame~",
        "artist": "Hiroaki TOMMY Tominaga",
        "type": "Opening 1",
        "correctCount": 238,
        "startTime": 6,
        "songDuration": 87.96,
        "songNumber": 56,
        "activePlayerCount": 265,
        "LinkVideo": "https://files.catbox.moe/g9fq1a.webm",
        "LinkMp3": "https://files.catbox.moe/2fvazd.mp3"
    },
    {
        "animeEng": "Hozuki's Coolheadedness",
        "animeRomaji": "H\u014dzuki no Reitetsu",
        "songName": "Enma Dai\u014d ni Kiitegoran",
        "artist": "Sumire Uesaka",
        "type": "Ending 1",
        "correctCount": 3,
        "startTime": 51,
        "songDuration": 89.064,
        "songNumber": 57,
        "activePlayerCount": 265,
        "LinkVideo": "https://files.catbox.moe/8yxu3q.webm",
        "LinkMp3": "https://files.catbox.moe/plwh6z.mp3",
        "correctPlayers": [
            "gaaw",
            "sukisho",
            "80s"
        ]
    },
    {
        "animeEng": "Wagnaria!!3",
        "animeRomaji": "Working!!!",
        "songName": "SOMEONE ELSE",
        "artist": "Kana Asumi, Saki Fujita, Eri Kitamura",
        "type": "Ending 3",
        "correctCount": 145,
        "startTime": 36,
        "songDuration": 89.664,
        "songNumber": 58,
        "activePlayerCount": 265,
        "LinkVideo": "https://files.catbox.moe/3xirai.webm",
        "LinkMp3": "https://files.catbox.moe/h2ru8l.mp3"
    },
    {
        "animeEng": "Heaven's Lost Property Forte",
        "animeRomaji": "Sora no Otoshimono: Forte",
        "songName": "Heart no Kakuritsu",
        "artist": "blue drops",
        "type": "Opening 3",
        "correctCount": 44,
        "startTime": 40,
        "songDuration": 88.056,
        "songNumber": 59,
        "activePlayerCount": 265,
        "LinkVideo": "https://files.catbox.moe/e1d0qj.webm",
        "LinkMp3": "https://files.catbox.moe/l355n4.mp3"
    },
    {
        "animeEng": "I've Had Enough of Being a Magical Girl. Second Season",
        "animeRomaji": "Mah\u014d Sh\u014djo Nante m\u014d ii desu kara. Second Season",
        "songName": "Kimi-iro ni Somaru ~Earth Star Dream ver.~",
        "artist": "Earth Star Dream",
        "type": "Opening 1",
        "correctCount": 43,
        "startTime": 8,
        "songDuration": 44.448,
        "songNumber": 60,
        "activePlayerCount": 266,
        "LinkVideo": "https://files.catbox.moe/19y6oa.webm",
        "LinkMp3": "https://files.catbox.moe/yi3gmt.mp3"
    },
    {
        "animeEng": "Bobobo-bo Bo-bobo",
        "animeRomaji": "Bobobo-bo Bo-bobo",
        "songName": "Baka Survivor",
        "artist": "Ulfuls",
        "type": "Opening 2",
        "correctCount": 115,
        "startTime": 30,
        "songDuration": 89.88,
        "songNumber": 61,
        "activePlayerCount": 265,
        "LinkVideo": "https://files.catbox.moe/evnwmg.webm",
        "LinkMp3": "https://files.catbox.moe/pinsuj.mp3"
    },
    {
        "animeEng": "Lupin III: The Legend of the Gold of Babylon",
        "animeRomaji": "Lupin Sansei: Babylon no \u014cgon Densetsu",
        "songName": "MANHATTAN JOKE",
        "artist": "Kawai Nahoko",
        "type": "Ending 1",
        "correctCount": 16,
        "startTime": 6,
        "songDuration": 101.04,
        "songNumber": 62,
        "activePlayerCount": 265,
        "LinkVideo": "https://files.catbox.moe/riqkw9.webm",
        "LinkMp3": "https://files.catbox.moe/xv9jmt.mp3"
    },
    {
        "animeEng": "Hyperdimension Neptunia",
        "animeRomaji": "Ch\u014djigen Game Neptune The Animation",
        "songName": "Dimension tripper!!!",
        "artist": "nao",
        "type": "Opening 1",
        "correctCount": 152,
        "startTime": 52,
        "songDuration": 89.064,
        "songNumber": 63,
        "activePlayerCount": 264,
        "LinkVideo": "https://files.catbox.moe/dhyla0.webm",
        "LinkMp3": "https://files.catbox.moe/w5ec0a.mp3"
    },
    {
        "animeEng": "Wise Man's Grandchild",
        "animeRomaji": "Kenja no Mago",
        "songName": "Ultimate\u2606MAGIC",
        "artist": "i\u2606Ris",
        "type": "Opening 1",
        "correctCount": 121,
        "startTime": 50,
        "songDuration": 88.2,
        "songNumber": 64,
        "activePlayerCount": 265,
        "LinkVideo": "https://files.catbox.moe/2mi9bb.webm",
        "LinkMp3": "https://files.catbox.moe/nyxin2.mp3"
    },
    {
        "animeEng": ".hack//Legend of the Twilight",
        "animeRomaji": ".hack//Tasogare no Udewa Densetsu",
        "songName": "Beautiful",
        "artist": "ROUND TABLE featuring Nino",
        "type": "Insert Song",
        "correctCount": 10,
        "startTime": 3,
        "songDuration": 75.024,
        "songNumber": 65,
        "activePlayerCount": 265,
        "LinkVideo": "https://files.catbox.moe/j2f2fm.webm",
        "LinkMp3": "https://files.catbox.moe/1jwak0.mp3"
    },
    {
        "animeEng": "Singles",
        "animeRomaji": "Singles",
        "songName": "Kokuhaku Motion",
        "artist": "Romi Narita",
        "type": "Insert Song",
        "correctCount": 1,
        "startTime": 33,
        "songDuration": 82.056,
        "songNumber": 66,
        "activePlayerCount": 264,
        "LinkVideo": "https://files.catbox.moe/q78st3.webm",
        "LinkMp3": "https://files.catbox.moe/872y06.mp3",
        "correctPlayers": [
            "ozsauce"
        ]
    },
    {
        "animeEng": "Dino Girl Gauko",
        "animeRomaji": "Ky\u014dry\u016b Sh\u014djo Gauko",
        "songName": "Gau Gau Gauko",
        "artist": "Kyuushoku Touban",
        "type": "Opening 1",
        "correctCount": 75,
        "startTime": 0,
        "songDuration": 19.32,
        "songNumber": 67,
        "activePlayerCount": 264,
        "LinkVideo": "https://files.catbox.moe/ngnn39.webm",
        "LinkMp3": "https://files.catbox.moe/na3qxu.mp3"
    },
    {
        "animeEng": "Yu-Gi-Oh!: The Movie",
        "animeRomaji": "Yu-Gi-Oh!: The Movie",
        "songName": "FIRE",
        "artist": "BLAZE",
        "type": "Ending 1",
        "correctCount": 10,
        "startTime": 32,
        "songDuration": 282.072,
        "songNumber": 68,
        "activePlayerCount": 264,
        "LinkVideo": "https://files.catbox.moe/n228h0.webm",
        "LinkMp3": "https://files.catbox.moe/cz3kib.mp3"
    },
    {
        "animeEng": "Dragon Ball Z: The Return of Cooler",
        "animeRomaji": "Dragon Ball Z: Gekitotsu!! 100-oku Power no Senshi-tachi",
        "songName": "CHA-LA HEAD-CHA-LA",
        "artist": "Hironobu Kageyama",
        "type": "Opening 1",
        "correctCount": 248,
        "startTime": 43,
        "songDuration": 107.074078,
        "songNumber": 69,
        "activePlayerCount": 262,
        "LinkVideo": "https://files.catbox.moe/al9o96.webm",
        "LinkMp3": "https://files.catbox.moe/ewehoa.mp3"
    },
    {
        "animeEng": "Non Non Biyori Repeat",
        "animeRomaji": "Non Non Biyori Repeat",
        "songName": "Okaeri",
        "artist": "Ayane Sakura, Kana Asumi, Kotori Koiwai, Rie Murakawa",
        "type": "Ending 1",
        "correctCount": 47,
        "startTime": 10,
        "songDuration": 93.576,
        "songNumber": 70,
        "activePlayerCount": 263,
        "LinkVideo": "https://files.catbox.moe/me1l4j.webm",
        "LinkMp3": "https://files.catbox.moe/ys61c7.mp3"
    },
    {
        "animeEng": "Japan Sinks: 2020",
        "animeRomaji": "Nihon Chinbotsu 2020",
        "songName": "a life",
        "artist": "Ryuichi Sakamoto & Taeko Ohnuki",
        "type": "Opening 1",
        "correctCount": 80,
        "startTime": 9,
        "songDuration": 77.184,
        "songNumber": 71,
        "activePlayerCount": 263,
        "LinkVideo": "https://files.catbox.moe/ztff19.webm",
        "LinkMp3": "https://files.catbox.moe/encyah.mp3"
    },
    {
        "animeEng": "Akudama Drive",
        "animeRomaji": "Akudama Drive",
        "songName": "STEAL!!",
        "artist": "SPARK!!SOUND!!SHOW!!",
        "type": "Opening 1",
        "correctCount": 93,
        "startTime": 15,
        "songDuration": 89.52,
        "songNumber": 72,
        "activePlayerCount": 263,
        "LinkVideo": "https://files.catbox.moe/koajb7.webm",
        "LinkMp3": "https://files.catbox.moe/rm6o1f.mp3"
    },
    {
        "animeEng": "Rosario + Vampire Capu2",
        "animeRomaji": "Rosario to Vampire Capu2",
        "songName": "Hyakuman-kai no Je t'aime de",
        "artist": "Takehito Koyasu",
        "type": "Insert Song",
        "correctCount": 9,
        "startTime": 0,
        "songDuration": 212.064,
        "songNumber": 73,
        "activePlayerCount": 263,
        "LinkVideo": "https://files.catbox.moe/p0wr34.webm",
        "LinkMp3": "https://files.catbox.moe/lem7p5.mp3"
    },
    {
        "animeEng": "Serial Experiments Lain",
        "animeRomaji": "Serial Experiments Lain",
        "songName": "Tooi Sakebi",
        "artist": "Reichi \"CHABO\" Nakaido",
        "type": "Ending 1",
        "correctCount": 105,
        "startTime": 40,
        "songDuration": 102.058654,
        "songNumber": 74,
        "activePlayerCount": 263,
        "LinkVideo": "https://files.catbox.moe/eyel6z.webm",
        "LinkMp3": "https://files.catbox.moe/gjx6jj.mp3"
    },
    {
        "animeEng": "Y\u016bna and the Haunted Hot Springs",
        "animeRomaji": "Yuragi-s\u014d no Y\u016bna-san",
        "songName": "Momo-iro Typhoon",
        "artist": "Luna Haruna",
        "type": "Opening 1",
        "correctCount": 112,
        "startTime": 7,
        "songDuration": 88.92,
        "songNumber": 75,
        "activePlayerCount": 261,
        "LinkVideo": "https://files.catbox.moe/ecwi48.webm",
        "LinkMp3": "https://files.catbox.moe/e1walm.mp3"
    }
]