[
    {
        "animeEng": "Conan, the Boy in Future",
        "animeRomaji": "Mirai Sh\u014dnen Conan",
        "songName": "Ima Chikyuu ga Mezameru",
        "artist": "Yuuko Yamaji & Naozumi Kaneda",
        "type": "Opening 1",
        "correctCount": 14,
        "startTime": 24,
        "songDuration": 79.968,
        "songNumber": 1,
        "activePlayerCount": 148,
        "LinkVideo": "https://files.catbox.moe/i6f8i9.webm",
        "LinkMp3": "https://files.catbox.moe/u3m50r.mp3"
    },
    {
        "animeEng": "Tokyo Ghoul \u221aA",
        "animeRomaji": "Tokyo Ghoul \u221aA",
        "songName": "Mun\u014d",
        "artist": "\u00f6sterreich",
        "type": "Opening 1",
        "correctCount": 102,
        "startTime": 28,
        "songDuration": 88.128,
        "songNumber": 2,
        "activePlayerCount": 148,
        "LinkVideo": "https://files.catbox.moe/6yplnp.webm",
        "LinkMp3": "https://files.catbox.moe/l9ph1f.mp3"
    },
    {
        "animeEng": "Hypnosis Mic -Division Rap Battle- Rhyme Anima",
        "animeRomaji": "Hypnosis Mic -Division Rap Battle- Rhyme Anima",
        "songName": "Kizuna -YOKOHAMA ver.-",
        "artist": "MAD TRIGGER CREW",
        "type": "Ending 2",
        "correctCount": 49,
        "startTime": 34,
        "songDuration": 88.128,
        "songNumber": 3,
        "activePlayerCount": 148,
        "LinkVideo": "https://files.catbox.moe/v3069u.webm",
        "LinkMp3": "https://files.catbox.moe/49xauq.mp3"
    },
    {
        "animeEng": "Darker than Black",
        "animeRomaji": "Darker than Black: Kuro no Keiyakusha",
        "songName": "HOWLING",
        "artist": "abingdon boys school",
        "type": "Opening 1",
        "correctCount": 63,
        "startTime": 32,
        "songDuration": 89.180508,
        "songNumber": 4,
        "activePlayerCount": 145,
        "LinkVideo": "https://files.catbox.moe/1siw79.webm",
        "LinkMp3": "https://files.catbox.moe/dudcm3.mp3"
    },
    {
        "animeEng": "Appare-Ranman!",
        "animeRomaji": "Appare-Ranman!",
        "songName": "I got it!",
        "artist": "Mia REGINA",
        "type": "Opening 1",
        "correctCount": 59,
        "startTime": 4,
        "songDuration": 87.984,
        "songNumber": 5,
        "activePlayerCount": 147,
        "LinkVideo": "https://files.catbox.moe/lh35zb.webm",
        "LinkMp3": "https://files.catbox.moe/37agsh.mp3"
    },
    {
        "animeEng": "The Wallflower",
        "animeRomaji": "Yamato Nadeshico Shichihenge",
        "songName": "slow",
        "artist": "Kiyoharu",
        "type": "Opening 1",
        "correctCount": 13,
        "startTime": 53,
        "songDuration": 86.76,
        "songNumber": 6,
        "activePlayerCount": 147,
        "LinkVideo": "https://files.catbox.moe/477cnx.webm",
        "LinkMp3": "https://files.catbox.moe/p44g1x.mp3"
    },
    {
        "animeEng": "Hayate the Combat Butler!!",
        "animeRomaji": "Hayate no Gotoku!!",
        "songName": "Wonder Wind",
        "artist": "ELISA",
        "type": "Ending 3",
        "correctCount": 34,
        "startTime": 55,
        "songDuration": 95.544,
        "songNumber": 7,
        "activePlayerCount": 147,
        "LinkVideo": "https://files.catbox.moe/1q009f.webm",
        "LinkMp3": "https://files.catbox.moe/sitmrj.mp3"
    },
    {
        "animeEng": "Log Horizon",
        "animeRomaji": "Log Horizon",
        "songName": "Wonderful Wonder World*",
        "artist": "Yun*chi",
        "type": "Ending 1",
        "correctCount": 85,
        "startTime": 26,
        "songDuration": 89.544,
        "songNumber": 8,
        "activePlayerCount": 147,
        "LinkVideo": "https://files.catbox.moe/zpr9it.webm",
        "LinkMp3": "https://files.catbox.moe/fcevst.mp3"
    },
    {
        "animeEng": "Pok\u00e9mon",
        "animeRomaji": "Pok\u00e9mon",
        "songName": "Pok\u00e9mon Theme",
        "artist": "Jason Paige",
        "type": "Opening 1",
        "correctCount": 135,
        "startTime": 3,
        "songDuration": 60.696,
        "songNumber": 9,
        "activePlayerCount": 148,
        "LinkVideo": "https://files.catbox.moe/vyudhr.webm",
        "LinkMp3": "https://files.catbox.moe/yjxs9q.mp3"
    },
    {
        "animeEng": "Date A Live III",
        "animeRomaji": "Date A Live III",
        "songName": "Nagisa no Perfume",
        "artist": "Minori Chihara",
        "type": "Insert Song",
        "correctCount": 40,
        "startTime": 23,
        "songDuration": 67.056,
        "songNumber": 10,
        "activePlayerCount": 147,
        "LinkVideo": "https://files.catbox.moe/lg6m2j.webm",
        "LinkMp3": "https://files.catbox.moe/cv5l37.mp3"
    },
    {
        "animeEng": "AKB0048",
        "animeRomaji": "AKB0048 First Stage",
        "songName": "Shonichi",
        "artist": "AKB48",
        "type": "Insert Song",
        "correctCount": 32,
        "startTime": 25,
        "songDuration": 60.048,
        "songNumber": 11,
        "activePlayerCount": 146,
        "LinkVideo": "https://files.catbox.moe/0l951t.webm",
        "LinkMp3": "https://files.catbox.moe/g1mtqp.mp3"
    },
    {
        "animeEng": "Him\u014dto! Umaru-chan",
        "animeRomaji": "Him\u014dto! Umaru-chan",
        "songName": "Kakushinteki \u2606 Metamorphose!",
        "artist": "Aimi Tanaka",
        "type": "Opening 1",
        "correctCount": 125,
        "startTime": 25,
        "songDuration": 88.032,
        "songNumber": 12,
        "activePlayerCount": 146,
        "LinkVideo": "https://files.catbox.moe/k8gn13.webm",
        "LinkMp3": "https://files.catbox.moe/cqvs1w.mp3"
    },
    {
        "animeEng": "No. 6",
        "animeRomaji": "No. 6",
        "songName": "Spell",
        "artist": "Lama",
        "type": "Opening 1",
        "correctCount": 58,
        "startTime": 39,
        "songDuration": 88.997654,
        "songNumber": 13,
        "activePlayerCount": 145,
        "LinkVideo": "https://files.catbox.moe/3sowfr.webm",
        "LinkMp3": "https://files.catbox.moe/kh9log.mp3"
    },
    {
        "animeEng": "Fujilog Season 2",
        "animeRomaji": "Fujilog Season 2",
        "songName": "Ladies & Gentlemen!",
        "artist": "Utau Kitchen",
        "type": "Ending 1",
        "correctCount": 5,
        "startTime": 0,
        "songDuration": 29.616,
        "songNumber": 14,
        "activePlayerCount": 145,
        "LinkVideo": "https://files.catbox.moe/ayujkr.webm",
        "LinkMp3": "https://files.catbox.moe/fj6ur4.mp3",
        "correctPlayers": [
            "YoshiNubao",
            "SrueyaF",
            "shadowpandax",
            "yamagucci",
            "ryser"
        ]
    },
    {
        "animeEng": "Megazone 23",
        "animeRomaji": "Megazone 23",
        "songName": "Senaka goshi ni Sentimental",
        "artist": "Kumi Miyasato",
        "type": "Opening 1",
        "correctCount": 15,
        "startTime": 98,
        "songDuration": 135.024,
        "songNumber": 15,
        "activePlayerCount": 145,
        "LinkVideo": "https://files.catbox.moe/rpf69e.webm",
        "LinkMp3": "https://files.catbox.moe/0479go.mp3"
    },
    {
        "animeEng": "Zoku Owarimonogatari",
        "animeRomaji": "Zoku Owarimonogatari",
        "songName": "07734",
        "artist": "Satoru Kosaki, mito feat. Hiroshi Kamiya",
        "type": "Opening 1",
        "correctCount": 89,
        "startTime": 7,
        "songDuration": 59.544,
        "songNumber": 16,
        "activePlayerCount": 145,
        "LinkVideo": "https://files.catbox.moe/wdwjfb.webm",
        "LinkMp3": "https://files.catbox.moe/ytpeb9.mp3"
    },
    {
        "animeEng": "Baja no Studio",
        "animeRomaji": "Baja no Studio",
        "songName": "Tenohira wo Taiyou Ni",
        "artist": "Suginami Jidou Gasshou-dan",
        "type": "Ending 1",
        "correctCount": 10,
        "startTime": 36,
        "songDuration": 88.608,
        "songNumber": 17,
        "activePlayerCount": 145,
        "LinkVideo": "https://files.catbox.moe/f68nlr.webm",
        "LinkMp3": "https://files.catbox.moe/55gyu7.mp3"
    },
    {
        "animeEng": "Tekkaman Blade: Missing Link",
        "animeRomaji": "Uch\u016b no Kishi Tekkaman Blade: Missing Link",
        "songName": "ENERGY OF LOVE",
        "artist": "Yumiko Kosaka",
        "type": "Ending 1",
        "correctCount": 1,
        "startTime": 32,
        "songDuration": 262.32,
        "songNumber": 18,
        "activePlayerCount": 144,
        "LinkVideo": "https://files.catbox.moe/bqhvsd.webm",
        "LinkMp3": "https://files.catbox.moe/5dk9y0.mp3",
        "correctPlayers": [
            "nyamu"
        ]
    },
    {
        "animeEng": "Endro~!",
        "animeRomaji": "Endro~!",
        "songName": "Endro~ru!",
        "artist": "Y\u016bsha Party",
        "type": "Opening 1",
        "correctCount": 52,
        "startTime": 12,
        "songDuration": 88.392,
        "songNumber": 19,
        "activePlayerCount": 142,
        "LinkVideo": "https://files.catbox.moe/ox5t61.webm",
        "LinkMp3": "https://files.catbox.moe/gqa5nc.mp3"
    },
    {
        "animeEng": "Pok\u00e9mon XY",
        "animeRomaji": "Pocket Monsters XY",
        "songName": "V (Volt)",
        "artist": "Yusuke",
        "type": "Opening 1",
        "correctCount": 115,
        "startTime": 9,
        "songDuration": 85.56,
        "songNumber": 20,
        "activePlayerCount": 143,
        "LinkVideo": "https://files.catbox.moe/rd3td1.webm",
        "LinkMp3": "https://files.catbox.moe/gjtbnl.mp3"
    },
    {
        "animeEng": "Kamui the Ninja: Stories Other Than the Legend",
        "animeRomaji": "Ninpu Kamui Gaiden",
        "songName": "Shiroi Tsubame",
        "artist": "Duke Aces",
        "type": "Insert Song",
        "correctCount": 1,
        "startTime": 9,
        "songDuration": 60.377,
        "songNumber": 21,
        "activePlayerCount": 143,
        "LinkVideo": "https://files.catbox.moe/zjsh7c.webm",
        "LinkMp3": "https://files.catbox.moe/sjyocz.mp3",
        "correctPlayers": [
            "Hooman"
        ]
    },
    {
        "animeEng": "Inferno Cop",
        "animeRomaji": "Inferno Cop",
        "songName": "Die Hollen Polizei",
        "artist": "Juriano Hagiwara feat. Tsukasa Matsubara",
        "type": "Ending 1",
        "correctCount": 49,
        "startTime": 0,
        "songDuration": 29.099908,
        "songNumber": 22,
        "activePlayerCount": 142,
        "LinkVideo": "https://files.catbox.moe/312yu3.webm",
        "LinkMp3": "https://files.catbox.moe/wiqozk.mp3"
    },
    {
        "animeEng": "Senki Zessh\u014d Symphogear XV",
        "animeRomaji": "Senki Zessh\u014d Symphogear XV",
        "songName": "Rikka Ryouran",
        "artist": "Aoi Y\u016bki \u00d7 Nana Mizuki \u00d7 Ayahi Takagaki \u00d7 Yoshino Nanj\u014d \u00d7 Ai Kayano \u00d7 Y\u014dko Hikasa",
        "type": "Insert Song",
        "correctCount": 13,
        "startTime": 13,
        "songDuration": 128.712,
        "songNumber": 23,
        "activePlayerCount": 142,
        "LinkVideo": "https://files.catbox.moe/vb87vb.webm",
        "LinkMp3": "https://files.catbox.moe/hrjw49.mp3"
    },
    {
        "animeEng": "Vampire Knight Guilty",
        "animeRomaji": "Vampire Knight Guilty",
        "songName": "Rondo",
        "artist": "ON/OFF",
        "type": "Opening 1",
        "correctCount": 52,
        "startTime": 45,
        "songDuration": 90.173144,
        "songNumber": 24,
        "activePlayerCount": 142,
        "LinkVideo": "https://files.catbox.moe/clnb8x.webm",
        "LinkMp3": "https://files.catbox.moe/5h9531.mp3"
    },
    {
        "animeEng": "UFO Robo Grendizer",
        "animeRomaji": "UFO Robo Grendizer",
        "songName": "Tobe! Grendizer",
        "artist": "Isao Sasaki, Columbia Yurikago-kai, Koorogi '73",
        "type": "Opening 1",
        "correctCount": 70,
        "startTime": 8,
        "songDuration": 67.68,
        "songNumber": 25,
        "activePlayerCount": 142,
        "LinkVideo": "https://files.catbox.moe/1zixm4.webm",
        "LinkMp3": "https://files.catbox.moe/hsbzz5.mp3"
    },
    {
        "animeEng": "Tottoko Hamutar\u014d Anime Dechu!",
        "animeRomaji": "Tottoko Hamutar\u014d Anime Dechu!",
        "songName": "Hamtar\u014d Tottoko Uta",
        "artist": "Juri Ihata",
        "type": "Opening 1",
        "correctCount": 10,
        "startTime": 11,
        "songDuration": 66.062538,
        "songNumber": 26,
        "activePlayerCount": 142,
        "LinkVideo": "https://files.catbox.moe/hwuihp.webm",
        "LinkMp3": "https://files.catbox.moe/q92q79.mp3"
    },
    {
        "animeEng": "Calimero",
        "animeRomaji": "Calimero",
        "songName": "Suki nano PURISHIRA",
        "artist": "Rina Yamazaki",
        "type": "Ending 1",
        "correctCount": 7,
        "startTime": 8,
        "songDuration": 58.272,
        "songNumber": 27,
        "activePlayerCount": 142,
        "LinkVideo": "https://files.catbox.moe/9wsagw.webm",
        "LinkMp3": "https://files.catbox.moe/1nbjjb.mp3"
    },
    {
        "animeEng": "Ultimate Girls",
        "animeRomaji": "Ultimate Girls",
        "songName": "3 Sentimental",
        "artist": "Misato Fukuen",
        "type": "Ending 1",
        "correctCount": 2,
        "startTime": 40,
        "songDuration": 88.512,
        "songNumber": 28,
        "activePlayerCount": 142,
        "LinkVideo": "https://files.catbox.moe/w2a0tj.webm",
        "LinkMp3": "https://files.catbox.moe/7ud019.mp3",
        "correctPlayers": [
            "Luiseiti",
            "SrueyaF"
        ]
    },
    {
        "animeEng": "Cookin' Idol Ai! Mai! Main!",
        "animeRomaji": "Cookin' Idol Ai! Mai! Main!",
        "songName": "Guru Guru Party",
        "artist": "Haruka Fukuhara",
        "type": "Insert Song",
        "correctCount": 7,
        "startTime": 13,
        "songDuration": 52.944,
        "songNumber": 29,
        "activePlayerCount": 142,
        "LinkVideo": "https://files.catbox.moe/fqb9m8.webm",
        "LinkMp3": "https://files.catbox.moe/e1xost.mp3"
    },
    {
        "animeEng": "Kono Oto Tomare!: Sounds of Life",
        "animeRomaji": "Kono Oto Tomare!",
        "songName": "Harmony",
        "artist": "Sh\u014dta Aoi",
        "type": "Opening 1",
        "correctCount": 51,
        "startTime": 6,
        "songDuration": 89.376,
        "songNumber": 30,
        "activePlayerCount": 141,
        "LinkVideo": "https://files.catbox.moe/am4lq2.webm",
        "LinkMp3": "https://files.catbox.moe/1cpalh.mp3"
    },
    {
        "animeEng": "Sakura Wars",
        "animeRomaji": "Sakura Wars",
        "songName": "Yumemiru Kikai",
        "artist": "Yuriko Fuchizaki",
        "type": "Insert Song",
        "correctCount": 4,
        "startTime": 9,
        "songDuration": 74.064,
        "songNumber": 31,
        "activePlayerCount": 142,
        "LinkVideo": "https://files.catbox.moe/qaeu3a.webm",
        "LinkMp3": "https://files.catbox.moe/dd253p.mp3",
        "correctPlayers": [
            "1miss",
            "Cebe",
            "pondzaza032",
            "MexCZE"
        ]
    },
    {
        "animeEng": "Pok\u00e9mon the Movie: Genesect and the Legend Awakened",
        "animeRomaji": "Gekij\u014dban Pocket Monsters: Best Wishes! Shinsoku no Genesect - Mewtwo Kakusei",
        "songName": "Natsumeku Sakamichi",
        "artist": "Daisuke",
        "type": "Opening 1",
        "correctCount": 15,
        "startTime": 105,
        "songDuration": 148.056,
        "songNumber": 32,
        "activePlayerCount": 143,
        "LinkVideo": "https://files.catbox.moe/ekg44m.webm",
        "LinkMp3": "https://files.catbox.moe/pneecy.mp3"
    },
    {
        "animeEng": "Zan Sayonara Zetsub\u014d Sensei Bangai-chi",
        "animeRomaji": "Zan Sayonara Zetsub\u014d Sensei Bangai-chi",
        "songName": "Ringo Mogire Beam!",
        "artist": "Kenji \u014ctsuki to Zetsub\u014d Sh\u014djo-tachi",
        "type": "Opening 1",
        "correctCount": 38,
        "startTime": 82,
        "songDuration": 177.551234,
        "songNumber": 33,
        "activePlayerCount": 143,
        "LinkVideo": "https://files.catbox.moe/5i1igh.webm",
        "LinkMp3": "https://files.catbox.moe/ve4jq8.mp3"
    },
    {
        "animeEng": "Kabaneri of the Iron Fortress Recaps",
        "animeRomaji": "K\u014dtetsuj\u014d no Kabaneri S\u014dsh\u016bhen",
        "songName": "Warcry",
        "artist": "mpi",
        "type": "Insert Song",
        "correctCount": 26,
        "startTime": 10,
        "songDuration": 113.112,
        "songNumber": 34,
        "activePlayerCount": 141,
        "LinkVideo": "https://files.catbox.moe/bk58mt.webm",
        "LinkMp3": "https://files.catbox.moe/tn9325.mp3"
    },
    {
        "animeEng": "Ojamajo Doremi Dokkaan",
        "animeRomaji": "Ojamajo Doremi Dokkaan",
        "songName": "Pirikapiri\u2665Lucky!",
        "artist": "Mayumi Goj\u014d",
        "type": "Insert Song",
        "correctCount": 23,
        "startTime": 21,
        "songDuration": 68.064,
        "songNumber": 35,
        "activePlayerCount": 140,
        "LinkVideo": "https://files.catbox.moe/v7zz1k.webm",
        "LinkMp3": "https://files.catbox.moe/e3yxt1.mp3"
    },
    {
        "animeEng": "Minami-ke: Betsubara",
        "animeRomaji": "Minami-ke: Betsubara",
        "songName": "Arigat\u014d Thank You",
        "artist": "Minami-ke 3 Shimai",
        "type": "Ending 1",
        "correctCount": 13,
        "startTime": 2,
        "songDuration": 83.544,
        "songNumber": 36,
        "activePlayerCount": 142,
        "LinkVideo": "https://files.catbox.moe/qb2gyy.webm",
        "LinkMp3": "https://files.catbox.moe/4uoqxj.mp3"
    },
    {
        "animeEng": "Eiga Precure All Stars: Minna de Utau\u266a Kiseki no Mah\u014d!",
        "animeRomaji": "Eiga Precure All Stars: Minna de Utau\u266a Kiseki no Mah\u014d!",
        "songName": "Muryokuna Senshi",
        "artist": "Rie Takahashi & Yui Horie",
        "type": "Insert Song",
        "correctCount": 2,
        "startTime": 15,
        "songDuration": 66.976808,
        "songNumber": 37,
        "activePlayerCount": 141,
        "LinkVideo": "https://files.catbox.moe/mstjn0.webm",
        "LinkMp3": "https://files.catbox.moe/8jspjw.mp3",
        "correctPlayers": [
            "anomanderbaked",
            "Satori234"
        ]
    },
    {
        "animeEng": "Kimi dake ni Motetainda.",
        "animeRomaji": "Kimi dake ni Motetainda.",
        "songName": "Ai no Kusari",
        "artist": "High School Children",
        "type": "Insert Song",
        "correctCount": 3,
        "startTime": 1,
        "songDuration": 36.624,
        "songNumber": 38,
        "activePlayerCount": 140,
        "LinkVideo": "https://files.catbox.moe/izjhzn.webm",
        "LinkMp3": "https://files.catbox.moe/jzz8jg.mp3",
        "correctPlayers": [
            "poporio",
            "Lian",
            "ryser"
        ]
    },
    {
        "animeEng": "New Aim for the Ace!",
        "animeRomaji": "Shin Ace o Nerae!",
        "songName": "Seishun ni Kakero!",
        "artist": "VIP",
        "type": "Opening 1",
        "correctCount": 7,
        "startTime": 45,
        "songDuration": 85.889136,
        "songNumber": 39,
        "activePlayerCount": 138,
        "LinkVideo": "https://files.catbox.moe/6na2oa.webm",
        "LinkMp3": "https://files.catbox.moe/2m4yru.mp3"
    },
    {
        "animeEng": "Mobile Suit Gundam 0083: Stardust Memory",
        "animeRomaji": "Kid\u014d Senshi Gundam 0083: Stardust Memory",
        "songName": "THE WINNER",
        "artist": "Miki Matsubara",
        "type": "Opening 1",
        "correctCount": 15,
        "startTime": 1,
        "songDuration": 112.392,
        "songNumber": 40,
        "activePlayerCount": 137,
        "LinkVideo": "https://files.catbox.moe/hu0xgu.webm",
        "LinkMp3": "https://files.catbox.moe/hwhy4g.mp3"
    },
    {
        "animeEng": "Tenamonya Voyagers",
        "animeRomaji": "Tenamonya Voyagers",
        "songName": "Geba Geba March",
        "artist": "Hiroshi Miyagawa",
        "type": "Opening 1",
        "correctCount": 5,
        "startTime": 4,
        "songDuration": 90.564974,
        "songNumber": 41,
        "activePlayerCount": 138,
        "LinkVideo": "https://files.catbox.moe/tw37j8.webm",
        "LinkMp3": "https://files.catbox.moe/2rw8ub.mp3",
        "correctPlayers": [
            "Rukawa11",
            "yotsuyaiba",
            "Zylda",
            "FenceMaster",
            "Solo"
        ]
    },
    {
        "animeEng": "Ninku the Movie",
        "animeRomaji": "Ninku the Movie",
        "songName": "Soredemo Ashita wa Yatte Kuru",
        "artist": "Yume Suzuki",
        "type": "Ending 1",
        "correctCount": 5,
        "startTime": 30,
        "songDuration": 91.272,
        "songNumber": 42,
        "activePlayerCount": 138,
        "LinkVideo": "https://files.catbox.moe/uzj3qi.webm",
        "LinkMp3": "https://files.catbox.moe/trrdnc.mp3",
        "correctPlayers": [
            "1miss",
            "yahallonyanpasu",
            "MexCZE",
            "Lian",
            "Rumine"
        ]
    },
    {
        "animeEng": "NANA",
        "animeRomaji": "NANA",
        "songName": "LUCY",
        "artist": "ANNA TSUCHIYA inspi' NANA(BLACK STONES)",
        "type": "Opening 3",
        "correctCount": 45,
        "startTime": 51,
        "songDuration": 97.056,
        "songNumber": 43,
        "activePlayerCount": 138,
        "LinkVideo": "https://files.catbox.moe/b7yphh.webm",
        "LinkMp3": "https://files.catbox.moe/ff9259.mp3"
    },
    {
        "animeEng": "My Little Sister Can't Be This Cute!",
        "animeRomaji": "Oreimo",
        "songName": "irony",
        "artist": "ClariS",
        "type": "Opening 1",
        "correctCount": 106,
        "startTime": 7,
        "songDuration": 88.992,
        "songNumber": 44,
        "activePlayerCount": 138,
        "LinkVideo": "https://files.catbox.moe/fw9jxq.webm",
        "LinkMp3": "https://files.catbox.moe/7u2kmb.mp3"
    },
    {
        "animeEng": "Ronja the Robber's Daughter",
        "animeRomaji": "Sanzoku no Musume Ronja",
        "songName": "Haru no Sakebi",
        "artist": "Aoi Teshima",
        "type": "Opening 1",
        "correctCount": 5,
        "startTime": 14,
        "songDuration": 87.888,
        "songNumber": 45,
        "activePlayerCount": 138,
        "LinkVideo": "https://files.catbox.moe/6v6s6j.webm",
        "LinkMp3": "https://files.catbox.moe/1mwgrw.mp3",
        "correctPlayers": [
            "Hooman",
            "NMapper",
            "Motsu",
            "Rukawa11",
            "YuriMeguri"
        ]
    },
    {
        "animeEng": "Cardfight!! Vanguard",
        "animeRomaji": "Cardfight!! Vanguard",
        "songName": "Vanguard",
        "artist": "JAM Project",
        "type": "Opening 1",
        "correctCount": 47,
        "startTime": 9,
        "songDuration": 88.08,
        "songNumber": 46,
        "activePlayerCount": 138,
        "LinkVideo": "https://files.catbox.moe/32d290.webm",
        "LinkMp3": "https://files.catbox.moe/r61fse.mp3"
    },
    {
        "animeEng": "Jin-Roh: The Wolf Brigade",
        "animeRomaji": "Jin-Roh: The Wolf Brigade",
        "songName": "grace~Jinroh -Main Theme- ~ omega",
        "artist": "Gabriela Robin",
        "type": "Ending 1",
        "correctCount": 12,
        "startTime": 139,
        "songDuration": 301.992,
        "songNumber": 47,
        "activePlayerCount": 137,
        "LinkVideo": "https://files.catbox.moe/xh35ox.webm",
        "LinkMp3": "https://files.catbox.moe/059s65.mp3"
    },
    {
        "animeEng": "Butt Attack Punisher Girl Gautaman",
        "animeRomaji": "Dengeki Oshioki Musume G\u014dtaman: G\u014dtaman Tanj\u014d-hen",
        "songName": "Ari no Mama, Kimi no Mama",
        "artist": "Noriko Noguchi",
        "type": "Ending 1",
        "correctCount": 2,
        "startTime": 92,
        "songDuration": 143.544,
        "songNumber": 48,
        "activePlayerCount": 135,
        "LinkVideo": "https://files.catbox.moe/ok2cs2.webm",
        "LinkMp3": "https://files.catbox.moe/q312it.mp3",
        "correctPlayers": [
            "Motsu",
            "yahallonyanpasu"
        ]
    },
    {
        "animeEng": "Anime-Gataris",
        "animeRomaji": "Animegataris",
        "songName": "Aikotoba",
        "artist": "GARNiDELiA",
        "type": "Opening 1",
        "correctCount": 52,
        "startTime": 1,
        "songDuration": 88.536,
        "songNumber": 49,
        "activePlayerCount": 135,
        "LinkVideo": "https://files.catbox.moe/c3bd5m.webm",
        "LinkMp3": "https://files.catbox.moe/y919rc.mp3"
    },
    {
        "animeEng": "Crayon Shin-chan: Arashi o Yobu Jungle",
        "animeRomaji": "Crayon Shin-chan: Arashi o Yobu Jungle",
        "songName": "Hoero! Dragon",
        "artist": "Carl Douglas",
        "type": "Insert Song",
        "correctCount": 7,
        "startTime": 31,
        "songDuration": 67.152,
        "songNumber": 50,
        "activePlayerCount": 135,
        "LinkVideo": "https://files.catbox.moe/13sq9a.webm",
        "LinkMp3": "https://files.catbox.moe/fb246j.mp3"
    },
    {
        "animeEng": "To Be Heroine",
        "animeRomaji": "To Be Heroine",
        "songName": "Ray",
        "artist": "PassCode",
        "type": "Opening 1",
        "correctCount": 30,
        "startTime": 39,
        "songDuration": 88.992,
        "songNumber": 51,
        "activePlayerCount": 135,
        "LinkVideo": "https://files.catbox.moe/fy2vu2.webm",
        "LinkMp3": "https://files.catbox.moe/u88hty.mp3"
    },
    {
        "animeEng": "Girls und Panzer das Finale",
        "animeRomaji": "Girls und Panzer das Finale",
        "songName": "Oira Boko Daze!",
        "artist": "Ayumi Fujimura",
        "type": "Insert Song",
        "correctCount": 59,
        "startTime": 13,
        "songDuration": 113.736,
        "songNumber": 52,
        "activePlayerCount": 135,
        "LinkVideo": "https://files.catbox.moe/dag6ww.webm",
        "LinkMp3": "https://files.catbox.moe/y7vtfx.mp3"
    },
    {
        "animeEng": "Inazuma Eleven: Ch\u014djigen Dream Match",
        "animeRomaji": "Inazuma Eleven: Ch\u014djigen Dream Match",
        "songName": "Tachiagariyo",
        "artist": "T-Pistonz",
        "type": "Opening 1",
        "correctCount": 75,
        "startTime": 12,
        "songDuration": 87.691554,
        "songNumber": 53,
        "activePlayerCount": 135,
        "LinkVideo": "https://files.catbox.moe/2x0fii.webm",
        "LinkMp3": "https://files.catbox.moe/w7k7l9.mp3"
    },
    {
        "animeEng": "Zero Duel Masters",
        "animeRomaji": "Zero Duel Masters",
        "songName": "Ima! Hajimaru Yuuki",
        "artist": "Rey",
        "type": "Opening 1",
        "correctCount": 34,
        "startTime": 0,
        "songDuration": 26.424,
        "songNumber": 54,
        "activePlayerCount": 135,
        "LinkVideo": "https://files.catbox.moe/s3seca.webm",
        "LinkMp3": "https://files.catbox.moe/3wrqhh.mp3"
    },
    {
        "animeEng": "Compiler",
        "animeRomaji": "Compiler",
        "songName": "FULL UP MIND",
        "artist": "Masami Okui",
        "type": "Ending 1",
        "correctCount": 4,
        "startTime": 5,
        "songDuration": 118.848,
        "songNumber": 55,
        "activePlayerCount": 135,
        "LinkVideo": "https://files.catbox.moe/p76sxp.webm",
        "LinkMp3": "https://files.catbox.moe/46k913.mp3",
        "correctPlayers": [
            "YoshiNubao",
            "Rukawa11",
            "yahallonyanpasu",
            "vongolai96"
        ]
    },
    {
        "animeEng": "Fisherman Sanpei",
        "animeRomaji": "Tsurikichi Sanpei",
        "songName": "Ore wa Tsurikichi Sanpei da",
        "artist": "MoJo",
        "type": "Ending 1",
        "correctCount": 28,
        "startTime": 1,
        "songDuration": 57.24,
        "songNumber": 56,
        "activePlayerCount": 135,
        "LinkVideo": "https://files.catbox.moe/2e51jv.webm",
        "LinkMp3": "https://files.catbox.moe/telw8e.mp3"
    },
    {
        "animeEng": "Nura: Rise of the Yokai Clan",
        "animeRomaji": "Nurarihyon no Mago",
        "songName": "Brilliant\u2606Message",
        "artist": "Katate\u2606SIZE",
        "type": "Ending 3",
        "correctCount": 9,
        "startTime": 76,
        "songDuration": 165.672,
        "songNumber": 57,
        "activePlayerCount": 134,
        "LinkVideo": "https://files.catbox.moe/sroh78.webm",
        "LinkMp3": "https://files.catbox.moe/dd1g2d.mp3"
    },
    {
        "animeEng": "Silver Spoon",
        "animeRomaji": "Gin no Saji",
        "songName": "LIFE",
        "artist": "Fujifabric",
        "type": "Opening 1",
        "correctCount": 61,
        "startTime": 45,
        "songDuration": 88.056,
        "songNumber": 58,
        "activePlayerCount": 135,
        "LinkVideo": "https://files.catbox.moe/1w0szx.webm",
        "LinkMp3": "https://files.catbox.moe/570tsd.mp3"
    },
    {
        "animeEng": "Case Closed",
        "animeRomaji": "Meitantei Conan",
        "songName": "Countdown",
        "artist": "NormCore",
        "type": "Opening 47",
        "correctCount": 23,
        "startTime": 34,
        "songDuration": 114.02253,
        "songNumber": 59,
        "activePlayerCount": 133,
        "LinkVideo": "https://files.catbox.moe/syfoc3.webm",
        "LinkMp3": "https://files.catbox.moe/mtpr9j.mp3"
    },
    {
        "animeEng": "Tiger x Dragon",
        "animeRomaji": "Toradora!",
        "songName": "Holy Night",
        "artist": "Rie Kugimiya & Eri Kitamura",
        "type": "Ending 3",
        "correctCount": 87,
        "startTime": 50,
        "songDuration": 106.551638,
        "songNumber": 60,
        "activePlayerCount": 132,
        "LinkVideo": "https://files.catbox.moe/sk4d8e.webm",
        "LinkMp3": "https://files.catbox.moe/1uyv3x.mp3"
    },
    {
        "animeEng": "Aooni The Blue Monster",
        "animeRomaji": "Ao Oni: The Animation",
        "songName": "Kimi koso Ao Oni",
        "artist": "Machigerita (from Book of Magic)",
        "type": "Ending 1",
        "correctCount": 69,
        "startTime": 0,
        "songDuration": 25.704,
        "songNumber": 61,
        "activePlayerCount": 132,
        "LinkVideo": "https://files.catbox.moe/p6x6qr.webm",
        "LinkMp3": "https://files.catbox.moe/f3crso.mp3"
    },
    {
        "animeEng": "Super Lifeform Transformers Beast Wars Neo",
        "animeRomaji": "Ch\u014d Seimeitai Transformers: Beast Wars Neo",
        "songName": "Love For Ever-Kimi o Mamoru Tame ni",
        "artist": "M.C.R",
        "type": "Opening 1",
        "correctCount": 0,
        "startTime": 17,
        "songDuration": 84.72,
        "songNumber": 62,
        "activePlayerCount": 132,
        "LinkVideo": "https://files.catbox.moe/oineon.webm",
        "LinkMp3": "https://files.catbox.moe/4904br.mp3"
    },
    {
        "animeEng": "Mobile Suit Gundam 0083: Stardust Memory - Mayfly of Space 2",
        "animeRomaji": "Kid\u014d Senshi Gundam 0083: Stardust Memory - Sora no Kager\u014d 2",
        "songName": "STAR BRIGHT",
        "artist": "MIO",
        "type": "Ending 1",
        "correctCount": 1,
        "startTime": 32,
        "songDuration": 106.56,
        "songNumber": 63,
        "activePlayerCount": 132,
        "LinkVideo": "https://files.catbox.moe/34uct4.webm",
        "LinkMp3": "https://files.catbox.moe/9glfdn.mp3",
        "correctPlayers": [
            "Hooman"
        ]
    },
    {
        "animeEng": "Beast Wars II Ch\u014d Seimeitai Transformers: Lio Convoy Kiki Ippatsu! Movie",
        "animeRomaji": "Beast Wars II Ch\u014d Seimeitai Transformers: Lio Convoy Kiki Ippatsu! Movie",
        "songName": "My Shooting Star",
        "artist": "Current of Air",
        "type": "Ending 1",
        "correctCount": 0,
        "startTime": 3,
        "songDuration": 120.216,
        "songNumber": 64,
        "activePlayerCount": 132,
        "LinkVideo": "https://files.catbox.moe/eszlox.webm",
        "LinkMp3": "https://files.catbox.moe/v10le5.mp3"
    },
    {
        "animeEng": "Hyperdimension Neptunia: Nep no Natsuyasumi",
        "animeRomaji": "Ch\u014djigen Game Neptune The Animation: Nep no Natsuyasumi",
        "songName": "Dimension tripper!!!",
        "artist": "nao",
        "type": "Ending 1",
        "correctCount": 72,
        "startTime": 23,
        "songDuration": 88.44,
        "songNumber": 65,
        "activePlayerCount": 132,
        "LinkVideo": "https://files.catbox.moe/zus46v.webm",
        "LinkMp3": "https://files.catbox.moe/gq89nn.mp3"
    },
    {
        "animeEng": "Working Buddies! 2!",
        "animeRomaji": "Hataraku Oniisan! no 2!",
        "songName": "Hataraku Onii-san",
        "artist": "DearDream",
        "type": "Opening 1",
        "correctCount": 95,
        "startTime": 0,
        "songDuration": 14.136,
        "songNumber": 66,
        "activePlayerCount": 132,
        "LinkVideo": "https://files.catbox.moe/ias0ei.webm",
        "LinkMp3": "https://files.catbox.moe/7w70er.mp3"
    },
    {
        "animeEng": "Di Gi Charat Summer Special",
        "animeRomaji": "Di Gi Charat Summer Special",
        "songName": "Powerful Summer",
        "artist": "Asami Sanada, Miyuki Sawashiro, and Kyoko Hikami",
        "type": "Ending 1",
        "correctCount": 6,
        "startTime": 58,
        "songDuration": 91.08,
        "songNumber": 67,
        "activePlayerCount": 131,
        "LinkVideo": "https://files.catbox.moe/4bg688.webm",
        "LinkMp3": "https://files.catbox.moe/pkj3h9.mp3"
    },
    {
        "animeEng": "City Hunter: .357 Magnum",
        "animeRomaji": "City Hunter: .357 Magnum",
        "songName": "Izayoi",
        "artist": "Mariko Takahashi",
        "type": "Ending 1",
        "correctCount": 4,
        "startTime": 139,
        "songDuration": 201.552,
        "songNumber": 68,
        "activePlayerCount": 131,
        "LinkVideo": "https://files.catbox.moe/jq7bed.webm",
        "LinkMp3": "https://files.catbox.moe/9lhvdb.mp3",
        "correctPlayers": [
            "Rukawa11",
            "Keizan",
            "pondzaza032",
            "SrueyaF"
        ]
    },
    {
        "animeEng": "Hitoribocchi no Marumaruseikatsu",
        "animeRomaji": "Hitoribocchi no Marumaruseikatsu",
        "songName": "Hitoribocchi no Monologue",
        "artist": "Chisaki Morishita, Minami Tanaka, Akari Kitou & Yuuko Kurose",
        "type": "Opening 1",
        "correctCount": 69,
        "startTime": 52,
        "songDuration": 88.608,
        "songNumber": 69,
        "activePlayerCount": 130,
        "LinkVideo": "https://files.catbox.moe/9jvghi.webm",
        "LinkMp3": "https://files.catbox.moe/xvbrzc.mp3"
    },
    {
        "animeEng": "Monogatari Series Second Season",
        "animeRomaji": "Monogatari Series Second Season",
        "songName": "Mousou\u2661Express",
        "artist": "Kana Hanazawa",
        "type": "Opening 3",
        "correctCount": 71,
        "startTime": 27,
        "songDuration": 89.256,
        "songNumber": 70,
        "activePlayerCount": 131,
        "LinkVideo": "https://files.catbox.moe/1ygbjd.webm",
        "LinkMp3": "https://files.catbox.moe/w9pgel.mp3"
    },
    {
        "animeEng": "Magical Angel Creamy Mami: Forever Once More",
        "animeRomaji": "Mah\u014d no Tenshi Creamy Mami: Eien no Once More",
        "songName": "Delicate ni Sukishite",
        "artist": "Takako Ohta",
        "type": "Opening 1",
        "correctCount": 20,
        "startTime": 31,
        "songDuration": 80.328,
        "songNumber": 71,
        "activePlayerCount": 130,
        "LinkVideo": "https://files.catbox.moe/1x7ny3.webm",
        "LinkMp3": "https://files.catbox.moe/mdqu8p.mp3"
    },
    {
        "animeEng": "Space Battleship Yamato",
        "animeRomaji": "Uch\u016b Senkan Yamato",
        "songName": "Uch\u016b Senkan Yamato",
        "artist": "Isao Sasaki",
        "type": "Opening 1",
        "correctCount": 93,
        "startTime": 31,
        "songDuration": 76.542,
        "songNumber": 72,
        "activePlayerCount": 131,
        "LinkVideo": "https://files.catbox.moe/3l5j0f.webm"
    },
    {
        "animeEng": "Tonari no Seki-kun: The Master of Killing Time",
        "animeRomaji": "Tonari no Seki-kun",
        "songName": "Set Them Free",
        "artist": "Akira Jimbo feat. Ai Ikegami",
        "type": "Ending 1",
        "correctCount": 59,
        "startTime": 1,
        "songDuration": 44.112,
        "songNumber": 73,
        "activePlayerCount": 131,
        "LinkVideo": "https://files.catbox.moe/tl4wmo.webm",
        "LinkMp3": "https://files.catbox.moe/p5gby9.mp3"
    },
    {
        "animeEng": "Haikyu!! Movie Owari to Hajimari",
        "animeRomaji": "Haikyu!! Movie Owari to Hajimari",
        "songName": "Imagination",
        "artist": "SPYAIR",
        "type": "Ending 1",
        "correctCount": 93,
        "startTime": 119,
        "songDuration": 172.2,
        "songNumber": 74,
        "activePlayerCount": 131,
        "LinkVideo": "https://files.catbox.moe/ebat9n.webm",
        "LinkMp3": "https://files.catbox.moe/mcisx6.mp3"
    },
    {
        "animeEng": "Hanasakeru Seish\u014dnen",
        "animeRomaji": "Hanasakeru Seish\u014dnen",
        "songName": "Change",
        "artist": "J-Min",
        "type": "Opening 1",
        "correctCount": 7,
        "startTime": 7,
        "songDuration": 84.072,
        "songNumber": 75,
        "activePlayerCount": 131,
        "LinkVideo": "https://files.catbox.moe/9tf4ia.webm",
        "LinkMp3": "https://files.catbox.moe/up7fl2.mp3"
    }
]