[
    {
        "animeEng": "Haikyu!! Second Season",
        "animeRomaji": "Haikyu!! Second Season",
        "songName": "FLY HIGH!!",
        "artist": "BURNOUT SYNDROMES",
        "type": "Opening 2",
        "correctCount": 134,
        "startTime": 54,
        "songDuration": 88.944,
        "songNumber": 1,
        "activePlayerCount": 252,
        "LinkVideo": "https://files.catbox.moe/1fuu00.webm",
        "LinkMp3": "https://files.catbox.moe/hzdii9.mp3"
    },
    {
        "animeEng": "HAIKYU!! TO THE TOP",
        "animeRomaji": "HAIKYU!! TO THE TOP",
        "songName": "PHOENIX",
        "artist": "BURNOUT SYNDROMES",
        "type": "Opening 1",
        "correctCount": 151,
        "startTime": 54,
        "songDuration": 88.68,
        "songNumber": 2,
        "activePlayerCount": 252,
        "LinkVideo": "https://files.catbox.moe/v00aa9.webm",
        "LinkMp3": "https://files.catbox.moe/nwazon.mp3"
    },
    {
        "animeEng": "Ojamajo Doremi Na-i-sho",
        "animeRomaji": "Ojamajo Doremi Na-i-sho",
        "songName": "Na-i-sho YO! Ojamajo",
        "artist": "MAHO-dou",
        "type": "Opening 1",
        "correctCount": 14,
        "startTime": 15,
        "songDuration": 87.432,
        "songNumber": 3,
        "activePlayerCount": 250,
        "LinkVideo": "https://files.catbox.moe/t7dixl.webm",
        "LinkMp3": "https://files.catbox.moe/jg9emf.mp3"
    },
    {
        "animeEng": "Elfen Lied",
        "animeRomaji": "Elfen Lied",
        "songName": "LILIUM",
        "artist": "Kumiko Noma",
        "type": "Opening 1",
        "correctCount": 214,
        "startTime": 41,
        "songDuration": 89.570031,
        "songNumber": 4,
        "activePlayerCount": 251,
        "LinkVideo": "https://files.catbox.moe/7sxgan.webm",
        "LinkMp3": "https://files.catbox.moe/h44u8k.mp3"
    },
    {
        "animeEng": "Rainbow",
        "animeRomaji": "Rainbow: Nisha Rokub\u014d no Shichinin",
        "songName": "Ranran Boogie Woogie",
        "artist": "Mai Higuchi",
        "type": "Insert Song",
        "correctCount": 24,
        "startTime": 0,
        "songDuration": 32.808,
        "songNumber": 5,
        "activePlayerCount": 252,
        "LinkVideo": "https://files.catbox.moe/p5abx6.webm",
        "LinkMp3": "https://files.catbox.moe/4rsdtz.mp3"
    },
    {
        "animeEng": "Sailor Moon Sailor Stars",
        "animeRomaji": "Bish\u014djo Senshi Sailor Moon Sailor Stars",
        "songName": "Moonlight Densetsu",
        "artist": "Sakurakko Club Sakura-gumi",
        "type": "Ending 2",
        "correctCount": 153,
        "startTime": 35,
        "songDuration": 80.064,
        "songNumber": 6,
        "activePlayerCount": 252,
        "LinkVideo": "https://files.catbox.moe/it90vc.webm",
        "LinkMp3": "https://files.catbox.moe/vyt4qd.mp3"
    },
    {
        "animeEng": "Sankarea: Undying Love",
        "animeRomaji": "Sankarea",
        "songName": "Esoragoto",
        "artist": "nano.RIPE",
        "type": "Opening 1",
        "correctCount": 114,
        "startTime": 51,
        "songDuration": 88.752,
        "songNumber": 7,
        "activePlayerCount": 251,
        "LinkVideo": "https://files.catbox.moe/ag7r05.webm",
        "LinkMp3": "https://files.catbox.moe/15yh2t.mp3"
    },
    {
        "animeEng": "Anonymous Noise",
        "animeRomaji": "Fukumenkei Noise",
        "songName": "Kirakira Boshi",
        "artist": "Saori Hayami",
        "type": "Insert Song",
        "correctCount": 14,
        "startTime": 0,
        "songDuration": 29.544,
        "songNumber": 8,
        "activePlayerCount": 251,
        "LinkVideo": "https://files.catbox.moe/h7mgg5.webm",
        "LinkMp3": "https://files.catbox.moe/obz6ak.mp3"
    },
    {
        "animeEng": "Meiji Tokyo Renka",
        "animeRomaji": "Meiji Tokyo Renka",
        "songName": "Tsukiakari no Rhapsody",
        "artist": "KENN",
        "type": "Opening 1",
        "correctCount": 30,
        "startTime": 24,
        "songDuration": 89.33724,
        "songNumber": 9,
        "activePlayerCount": 251,
        "LinkVideo": "https://files.catbox.moe/fe63kk.webm",
        "LinkMp3": "https://files.catbox.moe/lulg2c.mp3"
    },
    {
        "animeEng": "InuYasha: The Final Act",
        "animeRomaji": "Inuyasha Kanketsu-hen",
        "songName": "Tooi Michi no Saki de",
        "artist": "Ai Takekawa",
        "type": "Ending 3",
        "correctCount": 9,
        "startTime": 48,
        "songDuration": 93.576,
        "songNumber": 10,
        "activePlayerCount": 251,
        "LinkVideo": "https://files.catbox.moe/it8xbh.webm",
        "LinkMp3": "https://files.catbox.moe/458bgh.mp3"
    },
    {
        "animeEng": "Bluer Than Indigo ~Fate~",
        "animeRomaji": "Ai Yori Aoshi ~Enishi~",
        "songName": "Takaramono",
        "artist": "Yoko Ishida",
        "type": "Opening 1",
        "correctCount": 6,
        "startTime": 44,
        "songDuration": 87.504,
        "songNumber": 11,
        "activePlayerCount": 251,
        "LinkVideo": "https://files.catbox.moe/qb5jzs.webm",
        "LinkMp3": "https://files.catbox.moe/m3at5f.mp3"
    },
    {
        "animeEng": "My Roommate is a Cat",
        "animeRomaji": "D\u014dkyonin wa Hiza, Tokidoki, Atama no Ue.",
        "songName": "Kimi no Tonari Watashi no Basho",
        "artist": "Yoshino Nanj\u014d",
        "type": "Ending 1",
        "correctCount": 38,
        "startTime": 35,
        "songDuration": 89.520094,
        "songNumber": 12,
        "activePlayerCount": 252,
        "LinkVideo": "https://files.catbox.moe/c290g1.webm",
        "LinkMp3": "https://files.catbox.moe/wh9ylx.mp3"
    },
    {
        "animeEng": "Summer Wars",
        "animeRomaji": "Summer Wars",
        "songName": "Bokura no Natsu no Yume",
        "artist": "Tatsuro Yamashita",
        "type": "Ending 1",
        "correctCount": 66,
        "startTime": 177,
        "songDuration": 298.608,
        "songNumber": 13,
        "activePlayerCount": 252,
        "LinkVideo": "https://files.catbox.moe/1t200o.webm",
        "LinkMp3": "https://files.catbox.moe/nun0rx.mp3"
    },
    {
        "animeEng": "Fortune Arterial: Akai Yakusoku",
        "animeRomaji": "Fortune Arterial: Akai Yakusoku",
        "songName": "I miss you misuzu solo",
        "artist": "Veil",
        "type": "Ending 5",
        "correctCount": 23,
        "startTime": 24,
        "songDuration": 89.352,
        "songNumber": 14,
        "activePlayerCount": 252,
        "LinkVideo": "https://files.catbox.moe/z1kea4.webm",
        "LinkMp3": "https://files.catbox.moe/s31sj0.mp3"
    },
    {
        "animeEng": "Hyperdimension Neptunia",
        "animeRomaji": "Ch\u014djigen Game Neptune The Animation",
        "songName": "Dimension tripper!!!",
        "artist": "nao",
        "type": "Opening 1",
        "correctCount": 111,
        "startTime": 14,
        "songDuration": 89.064,
        "songNumber": 15,
        "activePlayerCount": 252,
        "LinkVideo": "https://files.catbox.moe/dhyla0.webm",
        "LinkMp3": "https://files.catbox.moe/w5ec0a.mp3"
    },
    {
        "animeEng": "One Piece: Baron Omatsuri and the Secret Island",
        "animeRomaji": "One Piece: Omatsuri Danshaku to Himitsu no Shima",
        "songName": "Yume Miru Goro wo Sugitemo",
        "artist": "Kishidan",
        "type": "Ending 1",
        "correctCount": 4,
        "startTime": 48,
        "songDuration": 137.592,
        "songNumber": 16,
        "activePlayerCount": 251,
        "LinkVideo": "https://files.catbox.moe/eh1jos.webm",
        "LinkMp3": "https://files.catbox.moe/tp89mc.mp3",
        "correctPlayers": [
            "Satori234",
            "comfv",
            "Motsu",
            "theyingster"
        ]
    },
    {
        "animeEng": "Lunar Legend Tsukihime",
        "animeRomaji": "Shingetsutan Tsukihime",
        "songName": "The Sacred Moon",
        "artist": "Toshiyuki Omori",
        "type": "Opening 1",
        "correctCount": 77,
        "startTime": 53,
        "songDuration": 88.968,
        "songNumber": 17,
        "activePlayerCount": 249,
        "LinkVideo": "https://files.catbox.moe/yqc0yf.webm",
        "LinkMp3": "https://files.catbox.moe/ifr7qh.mp3"
    },
    {
        "animeEng": "Dance with Devils: Fortuna",
        "animeRomaji": "Dance with Devils: Fortuna",
        "songName": "Kaze no Yokan",
        "artist": "Himika Akaneya",
        "type": "Insert Song",
        "correctCount": 14,
        "startTime": 10,
        "songDuration": 62.52,
        "songNumber": 18,
        "activePlayerCount": 249,
        "LinkVideo": "https://files.catbox.moe/fzo3ot.webm",
        "LinkMp3": "https://files.catbox.moe/ejbnp2.mp3"
    },
    {
        "animeEng": "Dojin Work",
        "animeRomaji": "Dojin Work",
        "songName": "Yumemiru Otome",
        "artist": "Mai Mizuhashi",
        "type": "Ending 1",
        "correctCount": 10,
        "startTime": 37,
        "songDuration": 88.08,
        "songNumber": 19,
        "activePlayerCount": 248,
        "LinkVideo": "https://files.catbox.moe/f5vch1.webm",
        "LinkMp3": "https://files.catbox.moe/b9581t.mp3"
    },
    {
        "animeEng": "Hana Kappa",
        "animeRomaji": "Hana Kappa",
        "songName": "PAN-PAKA-PAN!",
        "artist": "Cheeky Parade",
        "type": "Opening 7",
        "correctCount": 5,
        "startTime": 1,
        "songDuration": 35.184,
        "songNumber": 20,
        "activePlayerCount": 248,
        "LinkVideo": "https://files.catbox.moe/nhr8pw.webm",
        "LinkMp3": "https://files.catbox.moe/5l2dy2.mp3",
        "correctPlayers": [
            "Catisam",
            "theyangster",
            "Diopatra",
            "shadowpandax",
            "watashiii"
        ]
    },
    {
        "animeEng": "GUNxSWORD",
        "animeRomaji": "GUNxSWORD",
        "songName": "Paradiso",
        "artist": "Hitomi",
        "type": "Ending 2",
        "correctCount": 3,
        "startTime": 38,
        "songDuration": 87,
        "songNumber": 21,
        "activePlayerCount": 248,
        "LinkVideo": "https://files.catbox.moe/73yczs.webm",
        "LinkMp3": "https://files.catbox.moe/phglxf.mp3",
        "correctPlayers": [
            "Thaleko",
            "Hikayami",
            "80s"
        ]
    },
    {
        "animeEng": "Perman",
        "animeRomaji": "Perman",
        "songName": "Kite yo Perman",
        "artist": "Katsue Miwa",
        "type": "Opening 1",
        "correctCount": 113,
        "startTime": 27,
        "songDuration": 60.576,
        "songNumber": 22,
        "activePlayerCount": 248,
        "LinkVideo": "https://files.catbox.moe/iu9df1.webm",
        "LinkMp3": "https://files.catbox.moe/2z2rud.mp3"
    },
    {
        "animeEng": "Monthly Girls' Nozaki-kun",
        "animeRomaji": "Gekkan Sh\u014djo Nozaki-kun",
        "songName": "Kimi Janakya Dame Mitai",
        "artist": "Masayoshi \u014cishi",
        "type": "Opening 1",
        "correctCount": 158,
        "startTime": 1,
        "songDuration": 89.184,
        "songNumber": 23,
        "activePlayerCount": 247,
        "LinkVideo": "https://files.catbox.moe/0887qx.webm",
        "LinkMp3": "https://files.catbox.moe/slvfpo.mp3"
    },
    {
        "animeEng": "Witch Craft Works",
        "animeRomaji": "Witch Craft Works",
        "songName": "divine intervention",
        "artist": "fh\u00e1na",
        "type": "Opening 1",
        "correctCount": 68,
        "startTime": 47,
        "songDuration": 89.016,
        "songNumber": 24,
        "activePlayerCount": 246,
        "LinkVideo": "https://files.catbox.moe/yt1skk.webm",
        "LinkMp3": "https://files.catbox.moe/sag9ad.mp3"
    },
    {
        "animeEng": "Bronze: Zetsuai Since 1989",
        "animeRomaji": "Bronze: Zetsuai Since 1989",
        "songName": "BRONZE Saishuushou",
        "artist": "TAKEHIDE",
        "type": "Ending 1",
        "correctCount": 9,
        "startTime": 89,
        "songDuration": 245.064,
        "songNumber": 25,
        "activePlayerCount": 244,
        "LinkVideo": "https://files.catbox.moe/ww74pj.webm",
        "LinkMp3": "https://files.catbox.moe/51gimh.mp3"
    },
    {
        "animeEng": "Dr. Slump",
        "animeRomaji": "Dr. Slump & Arale-chan",
        "songName": "Arale-chan Ondo",
        "artist": "Mami Koyama",
        "type": "Ending 2",
        "correctCount": 5,
        "startTime": 34,
        "songDuration": 73.747,
        "songNumber": 26,
        "activePlayerCount": 244,
        "LinkVideo": "https://files.catbox.moe/2nxztb.webm",
        "correctPlayers": [
            "YoshiNubao",
            "WrednyFok",
            "gaaw",
            "KyrielightDrezin",
            "yamiiyami"
        ]
    },
    {
        "animeEng": "BanG Dream!",
        "animeRomaji": "BanG Dream!",
        "songName": "Tokimeki Experience!",
        "artist": "Poppin'Party",
        "type": "Opening 1",
        "correctCount": 104,
        "startTime": 11,
        "songDuration": 89.04,
        "songNumber": 27,
        "activePlayerCount": 243,
        "LinkVideo": "https://files.catbox.moe/ss3q6y.webm",
        "LinkMp3": "https://files.catbox.moe/d8a2rl.mp3"
    },
    {
        "animeEng": "Obake Zukan",
        "animeRomaji": "Obake Zukan",
        "songName": "Obake Zukan no Uta",
        "artist": "Nana Mizuki",
        "type": "Opening 2",
        "correctCount": 102,
        "startTime": 0,
        "songDuration": 29.496,
        "songNumber": 28,
        "activePlayerCount": 243,
        "LinkVideo": "https://files.catbox.moe/1vh7db.webm",
        "LinkMp3": "https://files.catbox.moe/gadh1s.mp3"
    },
    {
        "animeEng": "You're Under Arrest: No Mercy!",
        "animeRomaji": "Taiho Shichau zo in America",
        "songName": "Special Day",
        "artist": "Tokyo Policewoman Duo",
        "type": "Opening 1",
        "correctCount": 12,
        "startTime": 43,
        "songDuration": 89.568,
        "songNumber": 29,
        "activePlayerCount": 242,
        "LinkVideo": "https://files.catbox.moe/3k3nnn.webm",
        "LinkMp3": "https://files.catbox.moe/vjevdn.mp3"
    },
    {
        "animeEng": "Undefeated Bahamut Chronicle",
        "animeRomaji": "Saijaku Muhai no Bahamut",
        "songName": "Hiryuu no Kishi",
        "artist": "TRUE",
        "type": "Opening 1",
        "correctCount": 84,
        "startTime": 47,
        "songDuration": 90.072,
        "songNumber": 30,
        "activePlayerCount": 242,
        "LinkVideo": "https://files.catbox.moe/7ky4am.webm",
        "LinkMp3": "https://files.catbox.moe/0pa719.mp3"
    },
    {
        "animeEng": "Kimagure Orange\u2605Road",
        "animeRomaji": "Kimagure Orange\u2605Road",
        "songName": "Salvia no Hana no You ni",
        "artist": "Kanako Wada",
        "type": "Insert Song",
        "correctCount": 13,
        "startTime": 77,
        "songDuration": 232.329068,
        "songNumber": 31,
        "activePlayerCount": 243,
        "LinkVideo": "https://files.catbox.moe/0srcm5.webm",
        "LinkMp3": "https://files.catbox.moe/u4pf5n.mp3"
    },
    {
        "animeEng": "Show By Rock!! Stars!!",
        "animeRomaji": "Show By Rock!! Stars!!",
        "songName": "Speed Up",
        "artist": "Mashumairesh!!",
        "type": "Insert Song",
        "correctCount": 6,
        "startTime": 36,
        "songDuration": 81.792,
        "songNumber": 32,
        "activePlayerCount": 242,
        "LinkVideo": "https://files.catbox.moe/xneo4h.webm",
        "LinkMp3": "https://files.catbox.moe/yggyle.mp3"
    },
    {
        "animeEng": "Karaoke Senshi Mike Jir\u014d",
        "animeRomaji": "Karaoke Senshi Mike Jir\u014d",
        "songName": "Come on! Karaoke",
        "artist": "Yoshie Hayasaka",
        "type": "Opening 1",
        "correctCount": 19,
        "startTime": 51,
        "songDuration": 86.736,
        "songNumber": 33,
        "activePlayerCount": 242,
        "LinkVideo": "https://files.catbox.moe/7slqh5.webm",
        "LinkMp3": "https://files.catbox.moe/zh2ial.mp3"
    },
    {
        "animeEng": "Pikachu's Summer Vacation",
        "animeRomaji": "Pikachu no Natsuyasumi",
        "songName": "Vacation",
        "artist": "Vitamin C",
        "type": "Opening 1",
        "correctCount": 93,
        "startTime": 4,
        "songDuration": 82.08,
        "songNumber": 34,
        "activePlayerCount": 242,
        "LinkVideo": "https://files.catbox.moe/z5pcmp.webm",
        "LinkMp3": "https://files.catbox.moe/wtojof.mp3"
    },
    {
        "animeEng": "Tekkonkinkreet",
        "animeRomaji": "Tekkonkinkreet",
        "songName": "Aru Machi no Gunj\u014d",
        "artist": "ASIAN KUNG-FU GENERATION",
        "type": "Ending 1",
        "correctCount": 21,
        "startTime": 69,
        "songDuration": 245.088,
        "songNumber": 35,
        "activePlayerCount": 242,
        "LinkVideo": "https://files.catbox.moe/s3cwf9.webm",
        "LinkMp3": "https://files.catbox.moe/5bkboj.mp3"
    },
    {
        "animeEng": "Wake Up, Girls! Beyond the Bottom",
        "animeRomaji": "Wake Up, Girls! Beyond the Bottom",
        "songName": "Sh\u014djo K\u014dky\u014dkyoku",
        "artist": "Wake Up, Girls!",
        "type": "Insert Song",
        "correctCount": 9,
        "startTime": 29,
        "songDuration": 73.056,
        "songNumber": 36,
        "activePlayerCount": 241,
        "LinkVideo": "https://files.catbox.moe/d2euys.webm",
        "LinkMp3": "https://files.catbox.moe/42rv74.mp3"
    },
    {
        "animeEng": "A.I.C.O.: Incarnation",
        "animeRomaji": "A.I.C.O.: Incarnation",
        "songName": "A.I.C.O.",
        "artist": "TRUE",
        "type": "Opening 1",
        "correctCount": 33,
        "startTime": 46,
        "songDuration": 87.912,
        "songNumber": 37,
        "activePlayerCount": 240,
        "LinkVideo": "https://files.catbox.moe/dgqibr.webm",
        "LinkMp3": "https://files.catbox.moe/0ypmlg.mp3"
    },
    {
        "animeEng": "School Days",
        "animeRomaji": "School Days",
        "songName": "Still I Love You ~Mitsumeru Yori wa Shiawase~",
        "artist": "KIRIKO",
        "type": "Ending 1",
        "correctCount": 44,
        "startTime": 54,
        "songDuration": 120.168,
        "songNumber": 38,
        "activePlayerCount": 238,
        "LinkVideo": "https://files.catbox.moe/3dvpu8.webm",
        "LinkMp3": "https://files.catbox.moe/jem1wh.mp3"
    },
    {
        "animeEng": "Major 2nd",
        "animeRomaji": "Major 2nd",
        "songName": "Koete Ike",
        "artist": "Ky\u016bso Nekokami",
        "type": "Opening 1",
        "correctCount": 15,
        "startTime": 3,
        "songDuration": 87.665432,
        "songNumber": 39,
        "activePlayerCount": 239,
        "LinkVideo": "https://files.catbox.moe/241xwi.webm",
        "LinkMp3": "https://files.catbox.moe/4sf8ag.mp3"
    },
    {
        "animeEng": "Nurse Angel Ririka SOS",
        "animeRomaji": "Nurse Angel Ririka SOS",
        "songName": "Doo ni ka Koo ni ka",
        "artist": "Eiko Minami",
        "type": "Opening 2",
        "correctCount": 2,
        "startTime": 33,
        "songDuration": 97.152,
        "songNumber": 40,
        "activePlayerCount": 238,
        "LinkVideo": "https://files.catbox.moe/kcb2mo.webm",
        "LinkMp3": "https://files.catbox.moe/294134.mp3",
        "correctPlayers": [
            "wJuzuya",
            "HakRaiju"
        ]
    },
    {
        "animeEng": "Rosario + Vampire",
        "animeRomaji": "Rosario to Vampire",
        "songName": "COSMIC LOVE",
        "artist": "Nana Mizuki",
        "type": "Opening 1",
        "correctCount": 113,
        "startTime": 50,
        "songDuration": 90.624,
        "songNumber": 41,
        "activePlayerCount": 238,
        "LinkVideo": "https://files.catbox.moe/3hn8vd.webm",
        "LinkMp3": "https://files.catbox.moe/v7t3l2.mp3"
    },
    {
        "animeEng": "Crane Game Girls Galaxy",
        "animeRomaji": "Bish\u014djo Y\u016bgi Unit Crane Garl Galaxy",
        "songName": "Don't call me a loser",
        "artist": "aki a.k.a Aki Deguchi",
        "type": "Insert Song",
        "correctCount": 4,
        "startTime": 5,
        "songDuration": 62.118116,
        "songNumber": 42,
        "activePlayerCount": 238,
        "LinkVideo": "https://files.catbox.moe/c6uxzb.webm",
        "LinkMp3": "https://files.catbox.moe/1v5q57.mp3",
        "correctPlayers": [
            "ShiroKuro",
            "Gardex",
            "Diopatra",
            "JESSMI2"
        ]
    },
    {
        "animeEng": "Working Buddies!",
        "animeRomaji": "Hataraku Oniisan!",
        "songName": "Hataraku Onii-san",
        "artist": "DearDream",
        "type": "Opening 1",
        "correctCount": 171,
        "startTime": 0,
        "songDuration": 14.136,
        "songNumber": 43,
        "activePlayerCount": 237,
        "LinkVideo": "https://files.catbox.moe/ul6oce.webm",
        "LinkMp3": "https://files.catbox.moe/xghk5u.mp3"
    },
    {
        "animeEng": "The Disastrous Life of Saiki K.",
        "animeRomaji": "Saiki Kusuo no Psi Nan",
        "songName": "Oteage Psychics",
        "artist": "Shiggy Jr.",
        "type": "Opening 2",
        "correctCount": 158,
        "startTime": 4,
        "songDuration": 87.744,
        "songNumber": 44,
        "activePlayerCount": 238,
        "LinkVideo": "https://files.catbox.moe/lpm8zn.webm",
        "LinkMp3": "https://files.catbox.moe/ht2oo4.mp3"
    },
    {
        "animeEng": "Fairy Tail",
        "animeRomaji": "Fairy Tail",
        "songName": "Kono Te Nobashite",
        "artist": "Hi-Fi Camp",
        "type": "Ending 9",
        "correctCount": 39,
        "startTime": 46,
        "songDuration": 89.424,
        "songNumber": 45,
        "activePlayerCount": 237,
        "LinkVideo": "https://files.catbox.moe/pw2new.webm",
        "LinkMp3": "https://files.catbox.moe/mwmwyv.mp3"
    },
    {
        "animeEng": "Skate-Leading Stars",
        "animeRomaji": "Skate-Leading Stars",
        "songName": "Chase the core",
        "artist": "Takao Sakuma",
        "type": "Opening 1",
        "correctCount": 28,
        "startTime": 1,
        "songDuration": 89.232,
        "songNumber": 46,
        "activePlayerCount": 237,
        "LinkVideo": "https://files.catbox.moe/d8f5pw.webm",
        "LinkMp3": "https://files.catbox.moe/kg0z0a.mp3"
    },
    {
        "animeEng": "Talentless Nana",
        "animeRomaji": "Mun\u014d na Nana",
        "songName": "Broken Sky",
        "artist": "Miyu Tomita",
        "type": "Opening 1",
        "correctCount": 97,
        "startTime": 29,
        "songDuration": 89.52,
        "songNumber": 47,
        "activePlayerCount": 236,
        "LinkVideo": "https://files.catbox.moe/hu4887.webm",
        "LinkMp3": "https://files.catbox.moe/11g10g.mp3"
    },
    {
        "animeEng": "Peter Grill and the Philosopher's Time",
        "animeRomaji": "Peter Grill to Kenja no Jikan",
        "songName": "Tsuranuite Y\u016btsu",
        "artist": "Yui Ninomiya",
        "type": "Opening 1",
        "correctCount": 91,
        "startTime": 6,
        "songDuration": 89.16,
        "songNumber": 48,
        "activePlayerCount": 236,
        "LinkVideo": "https://files.catbox.moe/ni0l84.webm",
        "LinkMp3": "https://files.catbox.moe/z2ftwv.mp3"
    },
    {
        "animeEng": "Heroman",
        "animeRomaji": "Heroman",
        "songName": "Roulette",
        "artist": "TETSUYA",
        "type": "Opening 1",
        "correctCount": 1,
        "startTime": 25,
        "songDuration": 88.056,
        "songNumber": 49,
        "activePlayerCount": 236,
        "LinkVideo": "https://files.catbox.moe/lsxlnz.webm",
        "LinkMp3": "https://files.catbox.moe/u4sloj.mp3",
        "correctPlayers": [
            "Tasthar"
        ]
    },
    {
        "animeEng": "Onegai My Melody",
        "animeRomaji": "Onegai My Melody",
        "songName": "Oto Melody",
        "artist": "Mikako Takahashi",
        "type": "Opening 1",
        "correctCount": 15,
        "startTime": 50,
        "songDuration": 89.16,
        "songNumber": 50,
        "activePlayerCount": 236,
        "LinkVideo": "https://files.catbox.moe/l9h3vx.webm",
        "LinkMp3": "https://files.catbox.moe/on2an9.mp3"
    },
    {
        "animeEng": "Wake Up, Girls! Beyond the Bottom",
        "animeRomaji": "Wake Up, Girls! Beyond the Bottom",
        "songName": "Tachiagare!",
        "artist": "Wake Up, Girls!",
        "type": "Insert Song",
        "correctCount": 66,
        "startTime": 26,
        "songDuration": 84.024,
        "songNumber": 51,
        "activePlayerCount": 234,
        "LinkVideo": "https://files.catbox.moe/pe5zr5.webm",
        "LinkMp3": "https://files.catbox.moe/7n23rv.mp3"
    },
    {
        "animeEng": "Perfect Blue",
        "animeRomaji": "Perfect Blue",
        "songName": "Omoide ni Dakarete Ima wa",
        "artist": "MISA",
        "type": "Opening 1",
        "correctCount": 81,
        "startTime": 11,
        "songDuration": 65.232,
        "songNumber": 52,
        "activePlayerCount": 234,
        "LinkVideo": "https://files.catbox.moe/ni1ssb.webm",
        "LinkMp3": "https://files.catbox.moe/j5sadk.mp3"
    },
    {
        "animeEng": "High School of the Dead",
        "animeRomaji": "Gakuen Mokushiroku - Highschool of the Dead",
        "songName": "Under The Honey Shine",
        "artist": "Maon Kurosaki",
        "type": "Ending 6",
        "correctCount": 12,
        "startTime": 6,
        "songDuration": 109.224,
        "songNumber": 53,
        "activePlayerCount": 234,
        "LinkVideo": "https://files.catbox.moe/ltqbup.webm",
        "LinkMp3": "https://files.catbox.moe/kh2t3x.mp3"
    },
    {
        "animeEng": "Your Light: Kase-san and Morning Glories",
        "animeRomaji": "Kimi no Hikari: Asagao to Kase-san.",
        "songName": "Kimi no Egao (album ver.)",
        "artist": "Hanako Oku",
        "type": "Insert Song",
        "correctCount": 21,
        "startTime": 7,
        "songDuration": 294.055354,
        "songNumber": 54,
        "activePlayerCount": 233,
        "LinkVideo": "https://files.catbox.moe/d1fd1o.webm",
        "LinkMp3": "https://files.catbox.moe/bp7hrr.mp3"
    },
    {
        "animeEng": "The Garden of Words",
        "animeRomaji": "Kotonoha no Niwa",
        "songName": "Rain",
        "artist": "Motohiro Hata",
        "type": "Ending 1",
        "correctCount": 82,
        "startTime": 4,
        "songDuration": 256.608,
        "songNumber": 55,
        "activePlayerCount": 234,
        "LinkVideo": "https://files.catbox.moe/m2qevq.webm",
        "LinkMp3": "https://files.catbox.moe/4t15k8.mp3"
    },
    {
        "animeEng": "Macross Delta",
        "animeRomaji": "Macross \u0394",
        "songName": "Rune ga Pikatto Hikattara",
        "artist": "Minori Suzuki",
        "type": "Ending 2",
        "correctCount": 77,
        "startTime": 53,
        "songDuration": 89.52,
        "songNumber": 56,
        "activePlayerCount": 233,
        "LinkVideo": "https://files.catbox.moe/js4u64.webm",
        "LinkMp3": "https://files.catbox.moe/bicwzi.mp3"
    },
    {
        "animeEng": "Tekkaman Blade II",
        "animeRomaji": "Uch\u016b no Kishi Tekkaman Blade 2",
        "songName": "REINCARNATION",
        "artist": "Masami Okui",
        "type": "Opening 1",
        "correctCount": 4,
        "startTime": 11,
        "songDuration": 87.768,
        "songNumber": 57,
        "activePlayerCount": 233,
        "LinkVideo": "https://files.catbox.moe/oo14vm.webm",
        "LinkMp3": "https://files.catbox.moe/767ozl.mp3",
        "correctPlayers": [
            "Blacky_Doll",
            "80s",
            "watashiii",
            "theyingster"
        ]
    },
    {
        "animeEng": "With a Dog AND a Cat, Every Day is Fun",
        "animeRomaji": "Inu to Neko Docchimo Katteru to Mainichi Tanoshii",
        "songName": "Nyander Wonder Days",
        "artist": "Ayaka Ohashi",
        "type": "Ending 1",
        "correctCount": 47,
        "startTime": 0,
        "songDuration": 9.984,
        "songNumber": 58,
        "activePlayerCount": 234,
        "LinkVideo": "https://files.catbox.moe/bgtmps.webm",
        "LinkMp3": "https://files.catbox.moe/rcvzc8.mp3"
    },
    {
        "animeEng": "Senki Zessh\u014d Symphogear XV",
        "animeRomaji": "Senki Zessh\u014d Symphogear XV",
        "songName": "Shiritsu Lydian Ongakuin Kouka",
        "artist": "Aoi Y\u016bki",
        "type": "Insert Song",
        "correctCount": 19,
        "startTime": 2,
        "songDuration": 44.064,
        "songNumber": 59,
        "activePlayerCount": 235,
        "LinkVideo": "https://files.catbox.moe/40y9ne.webm",
        "LinkMp3": "https://files.catbox.moe/j90dx9.mp3"
    },
    {
        "animeEng": "JoJo's Bizarre Adventure: Golden Wind",
        "animeRomaji": "JoJo no Kimy\u014d na B\u014dken: \u014cgon no Kaze",
        "songName": "Freek'n You",
        "artist": "Jodeci",
        "type": "Ending 1",
        "correctCount": 118,
        "startTime": 0,
        "songDuration": 88.656,
        "songNumber": 60,
        "activePlayerCount": 235,
        "LinkVideo": "https://files.catbox.moe/oqx963.webm",
        "LinkMp3": "https://files.catbox.moe/116gi9.mp3"
    },
    {
        "animeEng": "Gakk\u014d no Kaidan",
        "animeRomaji": "Gakk\u014d no Kaidan",
        "songName": "Sugu Soba ni ~another world~",
        "artist": "Takahashi Lisa",
        "type": "Opening 1",
        "correctCount": 1,
        "startTime": 41,
        "songDuration": 89.184,
        "songNumber": 61,
        "activePlayerCount": 234,
        "LinkVideo": "https://files.catbox.moe/6d9usd.webm",
        "LinkMp3": "https://files.catbox.moe/xbrhs9.mp3",
        "correctPlayers": [
            "watashiii"
        ]
    },
    {
        "animeEng": "F-Zero: GP Legend",
        "animeRomaji": "F-Zero Falcon Densetsu",
        "songName": "THE MEANING OF TRUTH",
        "artist": "HIRO-X",
        "type": "Opening 1",
        "correctCount": 22,
        "startTime": 40,
        "songDuration": 87.96,
        "songNumber": 62,
        "activePlayerCount": 235,
        "LinkVideo": "https://files.catbox.moe/f4yyk1.webm",
        "LinkMp3": "https://files.catbox.moe/1tyead.mp3"
    },
    {
        "animeEng": "World of Super Sand Box",
        "animeRomaji": "Ch\u014d Y\u016b Sekai: Being the Reality",
        "songName": "Change the World",
        "artist": "Riho Iida",
        "type": "Opening 1",
        "correctCount": 7,
        "startTime": 16,
        "songDuration": 84.792012,
        "songNumber": 63,
        "activePlayerCount": 234,
        "LinkVideo": "https://files.catbox.moe/9ytwjq.webm",
        "LinkMp3": "https://files.catbox.moe/lac4d7.mp3"
    },
    {
        "animeEng": "Myriad Colors Phantom World",
        "animeRomaji": "Musaigen no Phantom World",
        "songName": "Naked Dive",
        "artist": "SCREEN mode",
        "type": "Opening 1",
        "correctCount": 143,
        "startTime": 44,
        "songDuration": 89.491656,
        "songNumber": 64,
        "activePlayerCount": 234,
        "LinkVideo": "https://files.catbox.moe/uxpcz0.webm",
        "LinkMp3": "https://files.catbox.moe/fkyrt3.mp3"
    },
    {
        "animeEng": "Tiger & Bunny the Movie: The Beginning",
        "animeRomaji": "Gekij\u014dban Tiger & Bunny -The Beginning-",
        "songName": "Earth Diver",
        "artist": "NOVELS",
        "type": "Opening 1",
        "correctCount": 7,
        "startTime": 10,
        "songDuration": 89.112,
        "songNumber": 65,
        "activePlayerCount": 233,
        "LinkVideo": "https://files.catbox.moe/j0yfwh.webm",
        "LinkMp3": "https://files.catbox.moe/lt7lc4.mp3"
    },
    {
        "animeEng": "Galvion",
        "animeRomaji": "Ch\u014d Kosoku Galvion",
        "songName": "Memory Lullaby",
        "artist": "Riyuko Tanaka",
        "type": "Ending 1",
        "correctCount": 3,
        "startTime": 26,
        "songDuration": 68.208,
        "songNumber": 66,
        "activePlayerCount": 233,
        "LinkVideo": "https://files.catbox.moe/5rzcw0.webm",
        "LinkMp3": "https://files.catbox.moe/4hfxcl.mp3",
        "correctPlayers": [
            "SrueyaF",
            "Diopatra",
            "Zylda"
        ]
    },
    {
        "animeEng": "Natsume's Book of Friends Season 3",
        "animeRomaji": "Natsume Y\u016bjinch\u014d San",
        "songName": "Kimi no Kakera",
        "artist": "K\u014dsuke Atari feat. Emiri Miyamoto",
        "type": "Ending 1",
        "correctCount": 27,
        "startTime": 38,
        "songDuration": 90.068656,
        "songNumber": 67,
        "activePlayerCount": 234,
        "LinkVideo": "https://files.catbox.moe/9dw1qi.webm",
        "LinkMp3": "https://files.catbox.moe/d1e1fm.mp3"
    },
    {
        "animeEng": "Microid S",
        "animeRomaji": "Microid S",
        "songName": "Microid S",
        "artist": "Youngsters",
        "type": "Opening 1",
        "correctCount": 114,
        "startTime": 29,
        "songDuration": 88.896,
        "songNumber": 68,
        "activePlayerCount": 232,
        "LinkVideo": "https://files.catbox.moe/ld521e.webm",
        "LinkMp3": "https://files.catbox.moe/subrrs.mp3"
    },
    {
        "animeEng": "Sanch\u014dme no Y\u016bhi",
        "animeRomaji": "Sanch\u014dme no Y\u016bhi",
        "songName": "Midori no Houseki",
        "artist": "Yasuko Tomita",
        "type": "Ending 2",
        "correctCount": 3,
        "startTime": 34,
        "songDuration": 74.304,
        "songNumber": 69,
        "activePlayerCount": 231,
        "LinkVideo": "https://files.catbox.moe/6ag0ci.webm",
        "LinkMp3": "https://files.catbox.moe/mb9ah7.mp3",
        "correctPlayers": [
            "oboneooi",
            "watashiii",
            "theyingster"
        ]
    },
    {
        "animeEng": "Haruka Nogizaka's Secret",
        "animeRomaji": "Nogizaka Haruka no Himitsu",
        "songName": "Hishoku no Sora",
        "artist": "Mami Kawada",
        "type": "Insert Song",
        "correctCount": 142,
        "startTime": 0,
        "songDuration": 28.104,
        "songNumber": 70,
        "activePlayerCount": 231,
        "LinkVideo": "https://files.catbox.moe/1nhabo.webm",
        "LinkMp3": "https://files.catbox.moe/sytgga.mp3"
    },
    {
        "animeEng": "Space Battleship Yamato 2199: A Voyage to Remember",
        "animeRomaji": "Uch\u016b Senkan Yamato 2199: Tsuioku no K\u014dkai",
        "songName": "Uch\u016b Senkan Yamato",
        "artist": "Isao Sasaki",
        "type": "Opening 1",
        "correctCount": 164,
        "startTime": 26,
        "songDuration": 74.304,
        "songNumber": 71,
        "activePlayerCount": 231,
        "LinkVideo": "https://files.catbox.moe/7kf0wa.webm",
        "LinkMp3": "https://files.catbox.moe/gg0lbs.mp3"
    },
    {
        "animeEng": "Tales from Earthsea",
        "animeRomaji": "Gedo Senki",
        "songName": "Therru no Uta",
        "artist": "Aoi Teshima",
        "type": "Insert Song",
        "correctCount": 17,
        "startTime": 82,
        "songDuration": 146.64,
        "songNumber": 72,
        "activePlayerCount": 231,
        "LinkVideo": "https://files.catbox.moe/b9dxj2.webm",
        "LinkMp3": "https://files.catbox.moe/1edabj.mp3"
    },
    {
        "animeEng": "The Disappearance of Conan Edogawa: The Worst Two Days in History",
        "animeRomaji": "Meitantei Conan: Edogawa Conan Shiss\u014d Jiken -Chij\u014d Saiaku no Futsukakan-",
        "songName": "DYNAMITE",
        "artist": "Mai Kuraki",
        "type": "Ending 1",
        "correctCount": 45,
        "startTime": 1,
        "songDuration": 103.056,
        "songNumber": 73,
        "activePlayerCount": 231,
        "LinkVideo": "https://files.catbox.moe/q3whlf.webm",
        "LinkMp3": "https://files.catbox.moe/7lngql.mp3"
    },
    {
        "animeEng": "Gunbuster",
        "animeRomaji": "Gunbuster",
        "songName": "Otoko to Onna no Love Game",
        "artist": "Norio Wakamoto & Rei Sakuma",
        "type": "Insert Song",
        "correctCount": 51,
        "startTime": 11,
        "songDuration": 46.464,
        "songNumber": 74,
        "activePlayerCount": 230,
        "LinkVideo": "https://files.catbox.moe/lwrvz0.webm",
        "LinkMp3": "https://files.catbox.moe/joj6k8.mp3"
    },
    {
        "animeEng": "Children of the Whales",
        "animeRomaji": "Kujira no Kora wa Saj\u014d ni Utau",
        "songName": "Sono Saki e",
        "artist": "RIRIKO",
        "type": "Opening 1",
        "correctCount": 100,
        "startTime": 36,
        "songDuration": 90.36,
        "songNumber": 75,
        "activePlayerCount": 229,
        "LinkVideo": "https://files.catbox.moe/qnim0q.webm",
        "LinkMp3": "https://files.catbox.moe/hvyi4o.mp3"
    }
]