[
    {
        "animeEng": "Maria Watches Over Us 3rd Season",
        "animeRomaji": "Maria-sama ga Miteru 3rd Season",
        "songName": "Chercher",
        "artist": "KOTOKO",
        "type": "Ending 1",
        "correctCount": 5,
        "startTime": 40,
        "songDuration": 113.28,
        "songNumber": 1,
        "activePlayerCount": 249,
        "LinkVideo": "https://files.catbox.moe/dh4lv1.webm",
        "LinkMp3": "https://files.catbox.moe/6ht09c.mp3",
        "correctPlayers": [
            "Swords",
            "TrySail",
            "AquaHaze",
            "kimika",
            "SuperstarPearl"
        ]
    },
    {
        "animeEng": "Ruin Explorers - Fam & Ihrie",
        "animeRomaji": "Hiky\u014d Tanken Fam & Ihrlie - Ruin Explorer",
        "songName": "Dear Myself ~Watashi Dake no Time Capsule",
        "artist": "Kumi Konno",
        "type": "Ending 1",
        "correctCount": 5,
        "startTime": 46,
        "songDuration": 123.936,
        "songNumber": 2,
        "activePlayerCount": 249,
        "LinkVideo": "https://files.catbox.moe/9wwlf5.webm",
        "LinkMp3": "https://files.catbox.moe/okcuuy.mp3",
        "correctPlayers": [
            "Rukawa11",
            "Gimmicks",
            "kimika",
            "Legend_",
            "ozsauce"
        ]
    },
    {
        "animeEng": "Psychic Wars",
        "animeRomaji": "Soju Senshi Psychic Wars",
        "songName": "Kizuna",
        "artist": "Masatoshi Nakamura",
        "type": "Ending 1",
        "correctCount": 0,
        "startTime": 64,
        "songDuration": 171.048,
        "songNumber": 3,
        "activePlayerCount": 247,
        "LinkVideo": "https://files.catbox.moe/tyv28l.webm",
        "LinkMp3": "https://files.catbox.moe/ofsqsh.mp3"
    },
    {
        "animeEng": "KONOSUBA -God\u2019s blessing on this wonderful world! 2",
        "animeRomaji": "Kono Subarashii Sekai ni Shukufuku o! 2",
        "songName": "TOMORROW",
        "artist": "Machico",
        "type": "Opening 1",
        "correctCount": 207,
        "startTime": 15,
        "songDuration": 89.904,
        "songNumber": 4,
        "activePlayerCount": 245,
        "LinkVideo": "https://files.catbox.moe/53e7o7.webm",
        "LinkMp3": "https://files.catbox.moe/eq212f.mp3"
    },
    {
        "animeEng": "Hero Mask",
        "animeRomaji": "Hero Mask",
        "songName": "Hero Mask",
        "artist": "Hisaki Kat\u014d",
        "type": "Opening 1",
        "correctCount": 27,
        "startTime": 19,
        "songDuration": 86.045868,
        "songNumber": 5,
        "activePlayerCount": 245,
        "LinkVideo": "https://files.catbox.moe/0iinlp.webm",
        "LinkMp3": "https://files.catbox.moe/sv7tl0.mp3"
    },
    {
        "animeEng": "Heaven's Design Team",
        "animeRomaji": "Tenchi S\u014dz\u014d Design-bu",
        "songName": "Give It Up?",
        "artist": "96neko",
        "type": "Opening 1",
        "correctCount": 30,
        "startTime": 10,
        "songDuration": 89.688,
        "songNumber": 6,
        "activePlayerCount": 244,
        "LinkVideo": "https://files.catbox.moe/b7od2j.webm",
        "LinkMp3": "https://files.catbox.moe/v2oyz8.mp3"
    },
    {
        "animeEng": "Engage Planet Kiss Dum",
        "animeRomaji": "Engage Planet Kiss Dum",
        "songName": "because of you",
        "artist": "Stephanie",
        "type": "Ending 2",
        "correctCount": 12,
        "startTime": 10,
        "songDuration": 86.019746,
        "songNumber": 7,
        "activePlayerCount": 245,
        "LinkVideo": "https://files.catbox.moe/gwskle.webm",
        "LinkMp3": "https://files.catbox.moe/5waxba.mp3"
    },
    {
        "animeEng": "Mysterious Girlfriend X",
        "animeRomaji": "Nazo no Kanojo X",
        "songName": "Koi no Orchestra",
        "artist": "Ayako Yoshitani",
        "type": "Opening 1",
        "correctCount": 73,
        "startTime": 1,
        "songDuration": 88.752,
        "songNumber": 8,
        "activePlayerCount": 244,
        "LinkVideo": "https://files.catbox.moe/8pjdll.webm",
        "LinkMp3": "https://files.catbox.moe/st2pcx.mp3"
    },
    {
        "animeEng": "The Slayers Next",
        "animeRomaji": "The Slayers Next",
        "songName": "Give a reason",
        "artist": "Megumi Hayashibara",
        "type": "Opening 1",
        "correctCount": 44,
        "startTime": 0,
        "songDuration": 89.976,
        "songNumber": 9,
        "activePlayerCount": 244,
        "LinkVideo": "https://files.catbox.moe/6tk8xr.webm",
        "LinkMp3": "https://files.catbox.moe/nksmqz.mp3"
    },
    {
        "animeEng": "Baki",
        "animeRomaji": "Baki",
        "songName": "BEAUTIFUL BEAST",
        "artist": "DEVIL NO ID",
        "type": "Ending 2",
        "correctCount": 19,
        "startTime": 48,
        "songDuration": 89.088,
        "songNumber": 10,
        "activePlayerCount": 245,
        "LinkVideo": "https://files.catbox.moe/e96h6k.webm",
        "LinkMp3": "https://files.catbox.moe/c9ruav.mp3"
    },
    {
        "animeEng": "91 Days",
        "animeRomaji": "91 Days",
        "songName": "Rain or Shine",
        "artist": "ELISA",
        "type": "Ending 1",
        "correctCount": 101,
        "startTime": 1,
        "songDuration": 86.808,
        "songNumber": 11,
        "activePlayerCount": 244,
        "LinkVideo": "https://files.catbox.moe/k9zp4c.webm",
        "LinkMp3": "https://files.catbox.moe/o5s6gc.mp3"
    },
    {
        "animeEng": "The IDOLM@STER",
        "animeRomaji": "The IDOLM@STER",
        "songName": "Agent Yoru wo Yuku",
        "artist": "Hiromi Hirata",
        "type": "Insert Song",
        "correctCount": 40,
        "startTime": 0,
        "songDuration": 32.568,
        "songNumber": 12,
        "activePlayerCount": 244,
        "LinkVideo": "https://files.catbox.moe/f0aeey.webm",
        "LinkMp3": "https://files.catbox.moe/1hsi9b.mp3"
    },
    {
        "animeEng": "UQ Holder! Magister Negi Magi! 2",
        "animeRomaji": "UQ Holder! Magister Negi Magi! 2",
        "songName": "Happy Material",
        "artist": "Yuka Takakura, Y\u016bki Hirose, Ai Kayano, Yui Ogura, Sayaka Harada, Akari Kit\u014d",
        "type": "Opening 1",
        "correctCount": 34,
        "startTime": 33,
        "songDuration": 89.376,
        "songNumber": 13,
        "activePlayerCount": 245,
        "LinkVideo": "https://files.catbox.moe/ye5ici.webm",
        "LinkMp3": "https://files.catbox.moe/5lkz34.mp3"
    },
    {
        "animeEng": "El-Hazard: The Alternative World",
        "animeRomaji": "Ijigen no Sekai El Hazard",
        "songName": "13-gatsu no Shukumei",
        "artist": "FENCE OF DEFENSE",
        "type": "Opening 1",
        "correctCount": 3,
        "startTime": 40,
        "songDuration": 117.048,
        "songNumber": 14,
        "activePlayerCount": 245,
        "LinkVideo": "https://files.catbox.moe/ztno8u.webm",
        "LinkMp3": "https://files.catbox.moe/1eh0gw.mp3",
        "correctPlayers": [
            "SrKristiano",
            "Lana_chan",
            "yeims"
        ]
    },
    {
        "animeEng": "Heya Camp",
        "animeRomaji": "Heya Camp",
        "songName": "The Sunshower",
        "artist": "Asaka",
        "type": "Ending 1",
        "correctCount": 143,
        "startTime": 0,
        "songDuration": 29.448,
        "songNumber": 15,
        "activePlayerCount": 245,
        "LinkVideo": "https://files.catbox.moe/z63om0.webm",
        "LinkMp3": "https://files.catbox.moe/mwkvzl.mp3"
    },
    {
        "animeEng": "Silver Spoon",
        "animeRomaji": "Gin no Saji",
        "songName": "kiss you",
        "artist": "miwa",
        "type": "Opening 1",
        "correctCount": 114,
        "startTime": 25,
        "songDuration": 89.064,
        "songNumber": 16,
        "activePlayerCount": 243,
        "LinkVideo": "https://files.catbox.moe/0dch62.webm",
        "LinkMp3": "https://files.catbox.moe/q6029g.mp3"
    },
    {
        "animeEng": "Natsuiro Kiseki",
        "animeRomaji": "Natsu-iro Kiseki",
        "songName": "Non stop road",
        "artist": "Sphere",
        "type": "Opening 1",
        "correctCount": 32,
        "startTime": 2,
        "songDuration": 91.032,
        "songNumber": 17,
        "activePlayerCount": 243,
        "LinkVideo": "https://files.catbox.moe/wzsdu8.webm",
        "LinkMp3": "https://files.catbox.moe/yt6kjp.mp3"
    },
    {
        "animeEng": "Wave, Listen to Me!",
        "animeRomaji": "Nami yo Kiite Kure",
        "songName": "aranami",
        "artist": "tacica",
        "type": "Opening 1",
        "correctCount": 46,
        "startTime": 0,
        "songDuration": 89.592,
        "songNumber": 18,
        "activePlayerCount": 243,
        "LinkVideo": "https://files.catbox.moe/0rxusx.webm",
        "LinkMp3": "https://files.catbox.moe/0rq732.mp3"
    },
    {
        "animeEng": "Persona4 The ANIMATION",
        "animeRomaji": "Persona4 The ANIMATION",
        "songName": "Jika Net Tanaka",
        "artist": "Takaya Masahide",
        "type": "Insert Song",
        "correctCount": 57,
        "startTime": 0,
        "songDuration": 21.672,
        "songNumber": 19,
        "activePlayerCount": 243,
        "LinkVideo": "https://files.catbox.moe/mdod9o.webm",
        "LinkMp3": "https://files.catbox.moe/7oadhz.mp3"
    },
    {
        "animeEng": "PriPara",
        "animeRomaji": "PriPara",
        "songName": "Girl's Fantasy",
        "artist": "Reina Ueda",
        "type": "Insert Song",
        "correctCount": 30,
        "startTime": 95,
        "songDuration": 171.984,
        "songNumber": 20,
        "activePlayerCount": 244,
        "LinkVideo": "https://files.catbox.moe/uhbxxc.webm",
        "LinkMp3": "https://files.catbox.moe/p9ktb1.mp3"
    },
    {
        "animeEng": "The World God Only Knows: Four Girls and an Idol",
        "animeRomaji": "Kami Nomi zo Shiru Sekai: Yonin to Idol",
        "songName": "Hajimete Koi o Shita Kioku",
        "artist": "Kana Asumi",
        "type": "Ending 1",
        "correctCount": 33,
        "startTime": 45,
        "songDuration": 86.064,
        "songNumber": 21,
        "activePlayerCount": 243,
        "LinkVideo": "https://files.catbox.moe/eq61mn.webm",
        "LinkMp3": "https://files.catbox.moe/4qozrk.mp3"
    },
    {
        "animeEng": "Legend of the Galactic Heroes: Die Neue These Kaik\u014d",
        "animeRomaji": "Ginga Eiy\u016b Densetsu: Die Neue These Kaik\u014d",
        "songName": "Binary Star",
        "artist": "SawanoHiroyuki[nZk]:Uru",
        "type": "Opening 1",
        "correctCount": 79,
        "startTime": 6,
        "songDuration": 89.256,
        "songNumber": 22,
        "activePlayerCount": 240,
        "LinkVideo": "https://files.catbox.moe/o2pwjj.webm",
        "LinkMp3": "https://files.catbox.moe/wmrris.mp3"
    },
    {
        "animeEng": "Grimgar, Ashes and Illusions",
        "animeRomaji": "Hai to Gens\u014d no Grimgar",
        "songName": "Knew day",
        "artist": "(K)NoW_NAME:Ayaka Tachibana",
        "type": "Opening 1",
        "correctCount": 147,
        "startTime": 27,
        "songDuration": 86.064,
        "songNumber": 23,
        "activePlayerCount": 240,
        "LinkVideo": "https://files.catbox.moe/jbykqo.webm",
        "LinkMp3": "https://files.catbox.moe/nsocqp.mp3"
    },
    {
        "animeEng": "Y\u016bna and the Haunted Hot Springs",
        "animeRomaji": "Yuragi-s\u014d no Y\u016bna-san",
        "songName": "Momo-iro Typhoon",
        "artist": "Luna Haruna",
        "type": "Opening 1",
        "correctCount": 115,
        "startTime": 25,
        "songDuration": 88.92,
        "songNumber": 24,
        "activePlayerCount": 240,
        "LinkVideo": "https://files.catbox.moe/ecwi48.webm",
        "LinkMp3": "https://files.catbox.moe/e1walm.mp3"
    },
    {
        "animeEng": "Initial D: Extra Stage 2",
        "animeRomaji": "Initial D: Extra Stage 2",
        "songName": "EVERYBODY'S LOOKING",
        "artist": "PAUL HARRIS",
        "type": "Insert Song",
        "correctCount": 8,
        "startTime": 64,
        "songDuration": 114.888,
        "songNumber": 25,
        "activePlayerCount": 239,
        "LinkVideo": "https://files.catbox.moe/hs25o4.webm",
        "LinkMp3": "https://files.catbox.moe/8sb37g.mp3"
    },
    {
        "animeEng": "Rebirth",
        "animeRomaji": "Rebirth",
        "songName": "Rebirth GO!",
        "artist": "Kei to Nasu no Mitsuboshi Shichuu",
        "type": "Ending 1",
        "correctCount": 70,
        "startTime": 0,
        "songDuration": 29.448,
        "songNumber": 26,
        "activePlayerCount": 239,
        "LinkVideo": "https://files.catbox.moe/ajicck.webm",
        "LinkMp3": "https://files.catbox.moe/au5hsz.mp3"
    },
    {
        "animeEng": "Hozuki's Coolheadedness",
        "animeRomaji": "H\u014dzuki no Reitetsu",
        "songName": "Haikei, Jigoku yori",
        "artist": "Jigoku no Sata All Stars",
        "type": "Opening 1",
        "correctCount": 168,
        "startTime": 37,
        "songDuration": 88.344,
        "songNumber": 27,
        "activePlayerCount": 239,
        "LinkVideo": "https://files.catbox.moe/kwr921.webm",
        "LinkMp3": "https://files.catbox.moe/jrt68z.mp3"
    },
    {
        "animeEng": "How to keep a mummy",
        "animeRomaji": "Miira no Kaikata",
        "songName": "Fushigi na Tabi wa Tsuzuku no sa",
        "artist": "Tsuri Bit",
        "type": "Opening 1",
        "correctCount": 28,
        "startTime": 0,
        "songDuration": 88.368,
        "songNumber": 28,
        "activePlayerCount": 239,
        "LinkVideo": "https://files.catbox.moe/djswlj.webm",
        "LinkMp3": "https://files.catbox.moe/ayqecv.mp3"
    },
    {
        "animeEng": "Junk Boy",
        "animeRomaji": "The Incredible Gy\u014dkai Video Junk Boy",
        "songName": "Abunai Sugar Dance",
        "artist": "Noriyuki Asakura",
        "type": "Ending 1",
        "correctCount": 3,
        "startTime": 111,
        "songDuration": 197.064,
        "songNumber": 29,
        "activePlayerCount": 237,
        "LinkVideo": "https://files.catbox.moe/0pvex8.webm",
        "LinkMp3": "https://files.catbox.moe/sc9cl3.mp3",
        "correctPlayers": [
            "80s",
            "anonimus_opinion",
            "ozsauce"
        ]
    },
    {
        "animeEng": "Space Battleship Yamato 2199: A Voyage to Remember",
        "animeRomaji": "Uch\u016b Senkan Yamato 2199: Tsuioku no K\u014dkai",
        "songName": "Uch\u016b Senkan Yamato",
        "artist": "Isao Sasaki",
        "type": "Opening 1",
        "correctCount": 160,
        "startTime": 24,
        "songDuration": 74.304,
        "songNumber": 30,
        "activePlayerCount": 238,
        "LinkVideo": "https://files.catbox.moe/7kf0wa.webm",
        "LinkMp3": "https://files.catbox.moe/gg0lbs.mp3"
    },
    {
        "animeEng": "Hunter X Hunter",
        "animeRomaji": "Hunter \u00d7 Hunter",
        "songName": "Taiy\u014d wa Yoru mo Kagayaku",
        "artist": "Wino",
        "type": "Opening 2",
        "correctCount": 58,
        "startTime": 4,
        "songDuration": 62.76,
        "songNumber": 31,
        "activePlayerCount": 236,
        "LinkVideo": "https://files.catbox.moe/mi6inl.webm",
        "LinkMp3": "https://files.catbox.moe/sjkpvx.mp3"
    },
    {
        "animeEng": "AKB0048",
        "animeRomaji": "AKB0048 First Stage",
        "songName": "Yakusoku yo",
        "artist": "AKB48",
        "type": "Insert Song",
        "correctCount": 63,
        "startTime": 24,
        "songDuration": 106.104,
        "songNumber": 32,
        "activePlayerCount": 235,
        "LinkVideo": "https://files.catbox.moe/ok04mt.webm",
        "LinkMp3": "https://files.catbox.moe/3f53cl.mp3"
    },
    {
        "animeEng": "Cowboy Bebop",
        "animeRomaji": "Cowboy Bebop",
        "songName": "Tank!",
        "artist": "Seatbelts",
        "type": "Opening 1",
        "correctCount": 214,
        "startTime": 15,
        "songDuration": 89.592,
        "songNumber": 33,
        "activePlayerCount": 235,
        "LinkVideo": "https://files.catbox.moe/byvisp.webm",
        "LinkMp3": "https://files.catbox.moe/qi299l.mp3"
    },
    {
        "animeEng": "Haikyu!! Movie Sh\u014dsha to Haisha",
        "animeRomaji": "Haikyu!! Movie Sh\u014dsha to Haisha",
        "songName": "Ah Yeah!!",
        "artist": "Sukima Switch",
        "type": "Ending 1",
        "correctCount": 138,
        "startTime": 47,
        "songDuration": 297.384,
        "songNumber": 34,
        "activePlayerCount": 234,
        "LinkVideo": "https://files.catbox.moe/y083ch.webm",
        "LinkMp3": "https://files.catbox.moe/hn1h3c.mp3"
    },
    {
        "animeEng": "Absolute Duo",
        "animeRomaji": "Absolute Duo",
        "songName": "Absolute Soul",
        "artist": "Konomi Suzuki",
        "type": "Opening 1",
        "correctCount": 157,
        "startTime": 54,
        "songDuration": 88.68,
        "songNumber": 35,
        "activePlayerCount": 235,
        "LinkVideo": "https://files.catbox.moe/53r5ha.webm",
        "LinkMp3": "https://files.catbox.moe/47821n.mp3"
    },
    {
        "animeEng": "Future Robo Daltanias",
        "animeRomaji": "Mirai Robo Daltanias",
        "songName": "Daltanias no Uta",
        "artist": "Mitsuko Horie, Koorogi '73, Columbia Yurikago Kai",
        "type": "Opening 1",
        "correctCount": 6,
        "startTime": 18,
        "songDuration": 68.136,
        "songNumber": 36,
        "activePlayerCount": 235,
        "LinkVideo": "https://files.catbox.moe/kg5woa.webm",
        "LinkMp3": "https://files.catbox.moe/vhlloa.mp3"
    },
    {
        "animeEng": "Glass no Kamen",
        "animeRomaji": "Glass Mask: The Girl of a Thousand Masks",
        "songName": "Hikari ni Naritai",
        "artist": "Mahoro Hoshino",
        "type": "Opening 1",
        "correctCount": 0,
        "startTime": 42,
        "songDuration": 109.032,
        "songNumber": 37,
        "activePlayerCount": 234,
        "LinkVideo": "https://files.catbox.moe/aek1yl.webm",
        "LinkMp3": "https://files.catbox.moe/vgbe2p.mp3"
    },
    {
        "animeEng": "Natsume's Book of Friends Season 4",
        "animeRomaji": "Natsume Y\u016bjinch\u014d Shi",
        "songName": "Takaramono",
        "artist": "Marina Kawano",
        "type": "Ending 1",
        "correctCount": 15,
        "startTime": 23,
        "songDuration": 88.44,
        "songNumber": 38,
        "activePlayerCount": 234,
        "LinkVideo": "https://files.catbox.moe/s5klpf.webm",
        "LinkMp3": "https://files.catbox.moe/h40u43.mp3"
    },
    {
        "animeEng": "Kaiba",
        "animeRomaji": "Kaiba",
        "songName": "Never",
        "artist": "Seira Kagami",
        "type": "Opening 1",
        "correctCount": 40,
        "startTime": 27,
        "songDuration": 88.344,
        "songNumber": 39,
        "activePlayerCount": 232,
        "LinkVideo": "https://files.catbox.moe/idgww8.webm",
        "LinkMp3": "https://files.catbox.moe/xw3d8l.mp3"
    },
    {
        "animeEng": "My Teen Romantic Comedy SNAFU TOO!",
        "animeRomaji": "Oregairu Zoku",
        "songName": "Yukitoki",
        "artist": "Nagi Yanagi",
        "type": "Insert Song",
        "correctCount": 180,
        "startTime": 21,
        "songDuration": 162.12,
        "songNumber": 40,
        "activePlayerCount": 232,
        "LinkVideo": "https://files.catbox.moe/ax756s.webm",
        "LinkMp3": "https://files.catbox.moe/z8t7ci.mp3"
    },
    {
        "animeEng": "Re:ZERO -Starting Life in Another World-",
        "animeRomaji": "Re:Zero kara Hajimeru Isekai Seikatsu",
        "songName": "Memento",
        "artist": "nonoc",
        "type": "Ending 1",
        "correctCount": 135,
        "startTime": 9,
        "songDuration": 87.648,
        "songNumber": 41,
        "activePlayerCount": 233,
        "LinkVideo": "https://files.catbox.moe/melh7d.webm",
        "LinkMp3": "https://files.catbox.moe/xa27ay.mp3"
    },
    {
        "animeEng": "Shin ATASHIn'CHI",
        "animeRomaji": "Shin ATASHIn'CHI",
        "songName": "Rock-a-bye My Baby",
        "artist": "Haruomi Hosono",
        "type": "Ending 1",
        "correctCount": 3,
        "startTime": 18,
        "songDuration": 59.688,
        "songNumber": 42,
        "activePlayerCount": 231,
        "LinkVideo": "https://files.catbox.moe/i8bw0a.webm",
        "LinkMp3": "https://files.catbox.moe/vb7yx0.mp3",
        "correctPlayers": [
            "kneesoxluver",
            "Zachfunkhouser",
            "ozsauce"
        ]
    },
    {
        "animeEng": "The Transformers: The Movie",
        "animeRomaji": "The Transformers: The Movie",
        "songName": "NOTHIN'S GONNA STAND IN OUR WAY",
        "artist": "SPECTRE GENERAL",
        "type": "Insert Song",
        "correctCount": 8,
        "startTime": 0,
        "songDuration": 128.376,
        "songNumber": 43,
        "activePlayerCount": 232,
        "LinkVideo": "https://files.catbox.moe/yrzcm3.webm",
        "LinkMp3": "https://files.catbox.moe/7gq1a2.mp3"
    },
    {
        "animeEng": "Pandora Hearts",
        "animeRomaji": "Pandora Hearts",
        "songName": "Parallel Hearts",
        "artist": "FictionJunction",
        "type": "Opening 1",
        "correctCount": 72,
        "startTime": 26,
        "songDuration": 90.888,
        "songNumber": 44,
        "activePlayerCount": 233,
        "LinkVideo": "https://files.catbox.moe/dutftf.webm",
        "LinkMp3": "https://files.catbox.moe/mej27w.mp3"
    },
    {
        "animeEng": "SOS TV Walpurgis Night Fever",
        "animeRomaji": "SOS TV Walpurgis Night Fever",
        "songName": "Warunai Fever",
        "artist": "Tomoko Kaneda",
        "type": "Opening 1",
        "correctCount": 82,
        "startTime": 0,
        "songDuration": 32.704744,
        "songNumber": 45,
        "activePlayerCount": 233,
        "LinkVideo": "https://files.catbox.moe/tx1845.webm",
        "LinkMp3": "https://files.catbox.moe/1fawth.mp3"
    },
    {
        "animeEng": "DEVILMAN crybaby",
        "animeRomaji": "DEVILMAN crybaby",
        "songName": "Night Hawk",
        "artist": "Kensuke Ushio",
        "type": "Ending 3",
        "correctCount": 120,
        "startTime": 75,
        "songDuration": 119.327313,
        "songNumber": 46,
        "activePlayerCount": 234,
        "LinkVideo": "https://files.catbox.moe/4b7w9l.webm",
        "LinkMp3": "https://files.catbox.moe/m8rvrp.mp3"
    },
    {
        "animeEng": "Dragon Ball Z: Fusion Reborn",
        "animeRomaji": "Dragon Ball Z: Fukkatsu no Fusion!! Goku to Vegeta",
        "songName": "WE GOTTA POWER",
        "artist": "Hironobu Kageyama",
        "type": "Opening 1",
        "correctCount": 210,
        "startTime": 39,
        "songDuration": 106.551638,
        "songNumber": 47,
        "activePlayerCount": 233,
        "LinkVideo": "https://files.catbox.moe/g6l594.webm",
        "LinkMp3": "https://files.catbox.moe/mpznc0.mp3"
    },
    {
        "animeEng": "Futari wa Pretty Cure Max Heart",
        "animeRomaji": "Futari wa Precure Max Heart",
        "songName": "DANZEN! Futari wa Precure! (Ver.Max Heart)",
        "artist": "Mayumi Goj\u014d",
        "type": "Opening 1",
        "correctCount": 131,
        "startTime": 7,
        "songDuration": 79.368,
        "songNumber": 48,
        "activePlayerCount": 233,
        "LinkVideo": "https://files.catbox.moe/lii43r.webm",
        "LinkMp3": "https://files.catbox.moe/uttkvt.mp3"
    },
    {
        "animeEng": "Colorful",
        "animeRomaji": "Colorful",
        "songName": "Boku no Taion wa 37.5C",
        "artist": "Yuko Miyamura",
        "type": "Opening 1",
        "correctCount": 52,
        "startTime": 12,
        "songDuration": 59.256,
        "songNumber": 49,
        "activePlayerCount": 233,
        "LinkVideo": "https://files.catbox.moe/hwffzg.webm",
        "LinkMp3": "https://files.catbox.moe/qzqin3.mp3"
    },
    {
        "animeEng": "Love Position - The Legend of Halley",
        "animeRomaji": "Love Position - The Legend of Halley",
        "songName": "Forever My Love",
        "artist": "Y\u014dko Nagayama",
        "type": "Insert Song",
        "correctCount": 0,
        "startTime": 69,
        "songDuration": 124.056,
        "songNumber": 50,
        "activePlayerCount": 233,
        "LinkVideo": "https://files.catbox.moe/13hmmu.webm",
        "LinkMp3": "https://files.catbox.moe/nbmjju.mp3"
    },
    {
        "animeEng": "Haiyoru! Nyaruani: Remember My Mr. Lovecraft",
        "animeRomaji": "Haiyoru! Nyaruani: Remember My Love (Craft-sensei)",
        "songName": "Koisuru Otome no Catharsis",
        "artist": "LISP",
        "type": "Opening 1",
        "correctCount": 23,
        "startTime": 49,
        "songDuration": 89.04,
        "songNumber": 51,
        "activePlayerCount": 233,
        "LinkVideo": "https://files.catbox.moe/6qhs8t.webm",
        "LinkMp3": "https://files.catbox.moe/m4u2az.mp3"
    },
    {
        "animeEng": "Grandeek - Gaiden",
        "animeRomaji": "Grandeek - Gaiden",
        "songName": "Umi no Mieru Oka de",
        "artist": "Rie Tanaka",
        "type": "Ending 1",
        "correctCount": 2,
        "startTime": 7,
        "songDuration": 95.592,
        "songNumber": 52,
        "activePlayerCount": 233,
        "LinkVideo": "https://files.catbox.moe/yuusax.webm",
        "LinkMp3": "https://files.catbox.moe/ptc7m3.mp3",
        "correctPlayers": [
            "Precure",
            "ozsauce"
        ]
    },
    {
        "animeEng": "Hensuki: Are you willing to fall in love with a pervert, as long as she\u2019s a cutie?",
        "animeRomaji": "Kawaikereba Hentai demo Suki ni Natte Kuremasuka?",
        "songName": "Muby\u014d no Hana",
        "artist": "Mia REGINA",
        "type": "Ending 1",
        "correctCount": 39,
        "startTime": 3,
        "songDuration": 88.488,
        "songNumber": 53,
        "activePlayerCount": 233,
        "LinkVideo": "https://files.catbox.moe/veawmo.webm",
        "LinkMp3": "https://files.catbox.moe/2uhq56.mp3"
    },
    {
        "animeEng": "Futari wa Precure Splash\u2605Star Tick Tack Kiki Ippatsu!",
        "animeRomaji": "Futari wa Precure Splash\u2605Star Tick Tack Kiki Ippatsu!",
        "songName": "Makasete\u2605Splash\u2606Star",
        "artist": "Yuka Uchiyae with Splash Stars",
        "type": "Opening 1",
        "correctCount": 59,
        "startTime": 40,
        "songDuration": 79.896,
        "songNumber": 54,
        "activePlayerCount": 231,
        "LinkVideo": "https://files.catbox.moe/cs6x37.webm",
        "LinkMp3": "https://files.catbox.moe/5jz4um.mp3"
    },
    {
        "animeEng": "The Disastrous Life of Saiki K.",
        "animeRomaji": "Saiki Kusuo no Psi Nan",
        "songName": "Duet\u2661Shitekuda-\u03a8",
        "artist": "Saiki-kku Lover feat. Hiroshi Kamiya, Ai Kayano, Eri Kitamura",
        "type": "Ending 2",
        "correctCount": 125,
        "startTime": 29,
        "songDuration": 89.4,
        "songNumber": 55,
        "activePlayerCount": 232,
        "LinkVideo": "https://files.catbox.moe/6zw932.webm",
        "LinkMp3": "https://files.catbox.moe/qg6bza.mp3"
    },
    {
        "animeEng": "Robot Girls Z+",
        "animeRomaji": "Robot Girls Z+",
        "songName": "Robot Girls Z",
        "artist": "Kikai\u2661Sh\u014djo Tai",
        "type": "Opening 1",
        "correctCount": 88,
        "startTime": 46,
        "songDuration": 83.64,
        "songNumber": 56,
        "activePlayerCount": 230,
        "LinkVideo": "https://files.catbox.moe/368fjx.webm",
        "LinkMp3": "https://files.catbox.moe/rnbpba.mp3"
    },
    {
        "animeEng": "BanG Dream! Girls Band Party!\u2606PICO ~OHMORI~",
        "animeRomaji": "BanG Dream! Garupa\u2606Pico: \u014cmori",
        "songName": "Ohmori Icchou! Garupa\u2606Pico",
        "artist": "Aimi\u00d7Ayane Sakura\u00d7Ami Maeshima\u00d7Aina Aiba\u00d7Miku It\u014d",
        "type": "Ending 1",
        "correctCount": 94,
        "startTime": 0,
        "songDuration": 29.304,
        "songNumber": 57,
        "activePlayerCount": 230,
        "LinkVideo": "https://files.catbox.moe/2a47mc.webm",
        "LinkMp3": "https://files.catbox.moe/ewhvjt.mp3"
    },
    {
        "animeEng": "Detective Conan: 16 Suspects",
        "animeRomaji": "Detective Conan: 16 Suspects",
        "songName": "Winter Bells",
        "artist": "Mai Kuraki",
        "type": "Ending 1",
        "correctCount": 97,
        "startTime": 46,
        "songDuration": 101.424,
        "songNumber": 58,
        "activePlayerCount": 229,
        "LinkVideo": "https://files.catbox.moe/mhb4e5.webm",
        "LinkMp3": "https://files.catbox.moe/80wbgl.mp3"
    },
    {
        "animeEng": "The Disappearance of Conan Edogawa: The Worst Two Days in History",
        "animeRomaji": "Meitantei Conan: Edogawa Conan Shiss\u014d Jiken -Chij\u014d Saiaku no Futsukakan-",
        "songName": "DYNAMITE",
        "artist": "Mai Kuraki",
        "type": "Ending 1",
        "correctCount": 64,
        "startTime": 16,
        "songDuration": 103.056,
        "songNumber": 59,
        "activePlayerCount": 228,
        "LinkVideo": "https://files.catbox.moe/q3whlf.webm",
        "LinkMp3": "https://files.catbox.moe/7lngql.mp3"
    },
    {
        "animeEng": "The Story of Saiunkoku",
        "animeRomaji": "Saiunkoku Monogatari",
        "songName": "Hajimari no Kaze",
        "artist": "Ayaka Hirahara",
        "type": "Opening 1",
        "correctCount": 35,
        "startTime": 12,
        "songDuration": 88.032,
        "songNumber": 60,
        "activePlayerCount": 228,
        "LinkVideo": "https://files.catbox.moe/b8w6gy.webm",
        "LinkMp3": "https://files.catbox.moe/lauya6.mp3"
    },
    {
        "animeEng": "Aikatsu Friends!: Kagayaki no Jewel",
        "animeRomaji": "Aikatsu Friends!: Kagayaki no Jewel",
        "songName": "Nice na to meet you!",
        "artist": "Mirai from BEST FRIENDS!",
        "type": "Insert Song",
        "correctCount": 15,
        "startTime": 71,
        "songDuration": 119.424,
        "songNumber": 61,
        "activePlayerCount": 227,
        "LinkVideo": "https://files.catbox.moe/rjuhrr.webm",
        "LinkMp3": "https://files.catbox.moe/erveb9.mp3"
    },
    {
        "animeEng": "The File of Young Kindaichi Returns",
        "animeRomaji": "Kindaichi Sh\u014dnen no Jikenbo R",
        "songName": "Yonj\u016bshi",
        "artist": "NEWS",
        "type": "Opening 1",
        "correctCount": 10,
        "startTime": 47,
        "songDuration": 88.008,
        "songNumber": 62,
        "activePlayerCount": 228,
        "LinkVideo": "https://files.catbox.moe/jrhknt.webm",
        "LinkMp3": "https://files.catbox.moe/pdlpqt.mp3"
    },
    {
        "animeEng": "Kaasan - Mom's Life",
        "animeRomaji": "Mainichi Kaa-san",
        "songName": "Aruite Yukou",
        "artist": "Billyken",
        "type": "Opening 2",
        "correctCount": 0,
        "startTime": 2,
        "songDuration": 79.567612,
        "songNumber": 63,
        "activePlayerCount": 228,
        "LinkVideo": "https://files.catbox.moe/j3kfss.webm",
        "LinkMp3": "https://files.catbox.moe/3y7kbq.mp3"
    },
    {
        "animeEng": "MUSHI-SHI The Next Passage",
        "animeRomaji": "Mushishi Zoku-Sh\u014d",
        "songName": "Kusa no Shitone",
        "artist": "Toshio Masuda",
        "type": "Ending 11",
        "correctCount": 82,
        "startTime": 22,
        "songDuration": 60.048,
        "songNumber": 64,
        "activePlayerCount": 228,
        "LinkVideo": "https://files.catbox.moe/xpvgev.webm",
        "LinkMp3": "https://files.catbox.moe/nqvjmd.mp3"
    },
    {
        "animeEng": "Detective Conan: Full Score of Fear",
        "animeRomaji": "Meitantei Conan: Senritsu no Full Score",
        "songName": "Tsubasa o Hirogete",
        "artist": "ZARD",
        "type": "Ending 1",
        "correctCount": 11,
        "startTime": 70,
        "songDuration": 253.051375,
        "songNumber": 65,
        "activePlayerCount": 228,
        "LinkVideo": "https://files.catbox.moe/ehfofx.webm",
        "LinkMp3": "https://files.catbox.moe/5jlxrz.mp3"
    },
    {
        "animeEng": "Mobile Suit Gundam Unicorn",
        "animeRomaji": "Kid\u014d Senshi Gundam UC",
        "songName": "RE:I AM",
        "artist": "Aimer",
        "type": "Ending 6",
        "correctCount": 96,
        "startTime": 105,
        "songDuration": 342.744,
        "songNumber": 66,
        "activePlayerCount": 227,
        "LinkVideo": "https://files.catbox.moe/hu2v5a.webm",
        "LinkMp3": "https://files.catbox.moe/5ypiew.mp3"
    },
    {
        "animeEng": "Hugtto! Precure",
        "animeRomaji": "Hugtto! Precure",
        "songName": "DANZEN! Futari wa Precure",
        "artist": "Mayumi Goj\u014d",
        "type": "Insert Song",
        "correctCount": 127,
        "startTime": 47,
        "songDuration": 207.648,
        "songNumber": 67,
        "activePlayerCount": 227,
        "LinkVideo": "https://files.catbox.moe/hf8tki.webm",
        "LinkMp3": "https://files.catbox.moe/fid3km.mp3"
    },
    {
        "animeEng": "The Future Diary",
        "animeRomaji": "Mirai Nikki",
        "songName": "The Creator",
        "artist": "Yousei Teikoku",
        "type": "Ending 1",
        "correctCount": 115,
        "startTime": 10,
        "songDuration": 87.24748,
        "songNumber": 68,
        "activePlayerCount": 226,
        "LinkVideo": "https://files.catbox.moe/18a065.webm",
        "LinkMp3": "https://files.catbox.moe/nd4m2m.mp3"
    },
    {
        "animeEng": "Devilman",
        "animeRomaji": "Devilman",
        "songName": "Devilman no Uta",
        "artist": "Keizo Toda",
        "type": "Opening 1",
        "correctCount": 170,
        "startTime": 20,
        "songDuration": 87.816,
        "songNumber": 69,
        "activePlayerCount": 227,
        "LinkVideo": "https://files.catbox.moe/l42gim.webm",
        "LinkMp3": "https://files.catbox.moe/adydk1.mp3"
    },
    {
        "animeEng": "Captain Harlock: Mystery of the Arcadia",
        "animeRomaji": "Uch\u016b Kaizoku Captain Harlock Arcadia Go no Nazo",
        "songName": "Uch\u016b Kaizoku Captain Harlock",
        "artist": "Ichiro Mizuki",
        "type": "Opening 1",
        "correctCount": 36,
        "startTime": 19,
        "songDuration": 69.048,
        "songNumber": 70,
        "activePlayerCount": 228,
        "LinkVideo": "https://files.catbox.moe/20d8ql.webm",
        "LinkMp3": "https://files.catbox.moe/n2qob0.mp3"
    },
    {
        "animeEng": "Beyblade Burst Sparking",
        "animeRomaji": "Beyblade Burst Super King",
        "songName": "Sparking Revolution",
        "artist": "Aska Tsuchiya\u30fbNaoki Endo",
        "type": "Opening 1",
        "correctCount": 80,
        "startTime": 4,
        "songDuration": 43.776,
        "songNumber": 71,
        "activePlayerCount": 228,
        "LinkVideo": "https://files.catbox.moe/0v0s6y.webm",
        "LinkMp3": "https://files.catbox.moe/4s1r75.mp3"
    },
    {
        "animeEng": "Comic Party Revolution",
        "animeRomaji": "Comic Party Revolution",
        "songName": "Fly",
        "artist": "Arisa Nakayama",
        "type": "Opening 1",
        "correctCount": 9,
        "startTime": 15,
        "songDuration": 97.44,
        "songNumber": 72,
        "activePlayerCount": 228,
        "LinkVideo": "https://files.catbox.moe/7gvzct.webm",
        "LinkMp3": "https://files.catbox.moe/virwpy.mp3"
    },
    {
        "animeEng": "Macross Zero",
        "animeRomaji": "Macross Zero",
        "songName": "Forest Song",
        "artist": "Kuniaki Haishima",
        "type": "Ending 4",
        "correctCount": 19,
        "startTime": 46,
        "songDuration": 101.76,
        "songNumber": 73,
        "activePlayerCount": 228,
        "LinkVideo": "https://files.catbox.moe/b3k3p7.webm",
        "LinkMp3": "https://files.catbox.moe/556bks.mp3"
    },
    {
        "animeEng": "Digimon Adventure tri. Chapter 6: Our Future",
        "animeRomaji": "Digimon Adventure tri. Bokura no Mirai",
        "songName": "brave heart~tri.Version~",
        "artist": "Ayumi Miyazaki",
        "type": "Insert Song",
        "correctCount": 91,
        "startTime": 146,
        "songDuration": 190.056,
        "songNumber": 74,
        "activePlayerCount": 228,
        "LinkVideo": "https://files.catbox.moe/7sg7s9.webm",
        "LinkMp3": "https://files.catbox.moe/9ztlz7.mp3"
    },
    {
        "animeEng": "The iDOLM@STER SideM: 315 Variety Pack! Made In Passion!",
        "animeRomaji": "The iDOLM@STER SideM: 315 Variety Pack! Made In Passion!",
        "songName": "315 Steelo!",
        "artist": "Shugo Nakamura, Shun Horie, Tomohito Takatsuka, Sho Nogami, Yoshitaka Yamaya, Kent It\u014d, Yusuke Shirai, Junya Enoki",
        "type": "Insert Song",
        "correctCount": 5,
        "startTime": 33,
        "songDuration": 91.176,
        "songNumber": 75,
        "activePlayerCount": 228,
        "LinkVideo": "https://files.catbox.moe/c5arsh.webm",
        "LinkMp3": "https://files.catbox.moe/yo1ktn.mp3",
        "correctPlayers": [
            "redrum",
            "Precure",
            "kimika",
            "amehaneyuki",
            "SuperstarPearl"
        ]
    }
]