[
    {
        "animeEng": "Kirby: Right Back At Ya!",
        "animeRomaji": "Hoshi no Kirby",
        "songName": "Kirby Theme",
        "artist": "Norman J. Grossfield",
        "type": "Opening 1",
        "correctCount": 183,
        "startTime": 21,
        "songDuration": 60.0806,
        "songNumber": 1,
        "activePlayerCount": 224,
        "LinkVideo": "https://files.catbox.moe/pbutc7.webm",
        "LinkMp3": "https://files.catbox.moe/0q7g8j.mp3"
    },
    {
        "animeEng": "Mr. Osomatsu",
        "animeRomaji": "Osomatsu-san",
        "songName": "Max Charm Faces ~Kanojo wa Saikou\u2661\u2661!!!!!!~",
        "artist": "Shuta Sueyoshi with Totoko\u2661Nya & Matsuno 6 Kyoudai",
        "type": "Ending 1",
        "correctCount": 43,
        "startTime": 6,
        "songDuration": 88.824,
        "songNumber": 2,
        "activePlayerCount": 229,
        "LinkVideo": "https://files.catbox.moe/hwvshv.webm",
        "LinkMp3": "https://files.catbox.moe/i4b3d1.mp3"
    },
    {
        "animeEng": "Mono no Kami-sama Cocotama",
        "animeRomaji": "Mono no Kami-sama Cocotama",
        "songName": "Happy Cocotama Dance!",
        "artist": "ERIKA, Kaoru Masaki",
        "type": "Opening 1",
        "correctCount": 19,
        "startTime": 0,
        "songDuration": 15.024,
        "songNumber": 3,
        "activePlayerCount": 232,
        "LinkVideo": "https://files.catbox.moe/9t57sf.webm",
        "LinkMp3": "https://files.catbox.moe/v5o4yk.mp3"
    },
    {
        "animeEng": "Saga of Tanya the Evil Movie",
        "animeRomaji": "Y\u014djo Senki Movie",
        "songName": "Imperial Anthem",
        "artist": "Dai Ni Rei San Koukuu Madou Dai-tai",
        "type": "Insert Song",
        "correctCount": 102,
        "startTime": 29,
        "songDuration": 97.513426,
        "songNumber": 4,
        "activePlayerCount": 232,
        "LinkVideo": "https://files.catbox.moe/4c914a.webm",
        "LinkMp3": "https://files.catbox.moe/dtkvhz.mp3"
    },
    {
        "animeEng": "Denki-Gai",
        "animeRomaji": "Denki-Gai",
        "songName": "two-Dimension's Love",
        "artist": "denk!girls",
        "type": "Ending 1",
        "correctCount": 25,
        "startTime": 43,
        "songDuration": 87.696,
        "songNumber": 5,
        "activePlayerCount": 233,
        "LinkVideo": "https://files.catbox.moe/v60qer.webm",
        "LinkMp3": "https://files.catbox.moe/qsle68.mp3"
    },
    {
        "animeEng": "Naka no Hito Genome [Jikky\u014dch\u016b]",
        "animeRomaji": "Naka no Hito Genome [Jikky\u014dch\u016b]",
        "songName": "Shunmin ~Bokura no Sakura~",
        "artist": "Takuma Terashima",
        "type": "Insert Song",
        "correctCount": 2,
        "startTime": 27,
        "songDuration": 88.776,
        "songNumber": 6,
        "activePlayerCount": 233,
        "LinkVideo": "https://files.catbox.moe/2bau3f.webm",
        "LinkMp3": "https://files.catbox.moe/7uxxe0.mp3",
        "correctPlayers": [
            "Sniparook",
            "KamiNoChikara"
        ]
    },
    {
        "animeEng": "Lensman",
        "animeRomaji": "SF Shinseiki Lensman",
        "songName": "Ai no Kod\u014d",
        "artist": "THE ALFEE",
        "type": "Insert Song",
        "correctCount": 2,
        "startTime": 7,
        "songDuration": 72.792,
        "songNumber": 7,
        "activePlayerCount": 234,
        "LinkVideo": "https://files.catbox.moe/ykif0n.webm",
        "LinkMp3": "https://files.catbox.moe/m719pq.mp3",
        "correctPlayers": [
            "kimika",
            "SuperstarPearl"
        ]
    },
    {
        "animeEng": "Ace of the Diamond Second Season",
        "animeRomaji": "Daiya no Ace: Second Season",
        "songName": "Go EXCEED!!",
        "artist": "Tom-H@ck featuring Masayoshi \u014cishi",
        "type": "Opening 1",
        "correctCount": 142,
        "startTime": 49,
        "songDuration": 89.049898,
        "songNumber": 8,
        "activePlayerCount": 233,
        "LinkVideo": "https://files.catbox.moe/1hbf8g.webm",
        "LinkMp3": "https://files.catbox.moe/5jfisq.mp3"
    },
    {
        "animeEng": "Senki Zessh\u014d Symphogear AXZ",
        "animeRomaji": "Senki Zessh\u014d Symphogear AXZ",
        "songName": "Axia no Kaze",
        "artist": "Aoi Y\u016bki \u00d7 Nana Mizuki \u00d7 Ayahi Takagaki \u00d7 Yoshino Nanj\u014d \u00d7 Ai Kayano \u00d7 Y\u014dko Hikasa",
        "type": "Insert Song",
        "correctCount": 45,
        "startTime": 92,
        "songDuration": 125.592,
        "songNumber": 9,
        "activePlayerCount": 233,
        "LinkVideo": "https://files.catbox.moe/4kuxfd.webm",
        "LinkMp3": "https://files.catbox.moe/5by5vg.mp3"
    },
    {
        "animeEng": "Yowamushi Pedal Re:ROAD",
        "animeRomaji": "Yowamushi Pedal Re:ROAD",
        "songName": "Believer",
        "artist": "LASTGASP",
        "type": "Ending 1",
        "correctCount": 7,
        "startTime": 29,
        "songDuration": 278.832,
        "songNumber": 10,
        "activePlayerCount": 232,
        "LinkVideo": "https://files.catbox.moe/n0yomv.webm",
        "LinkMp3": "https://files.catbox.moe/oziqbp.mp3"
    },
    {
        "animeEng": "Aikatsu Stars!",
        "animeRomaji": "Aikatsu Stars!",
        "songName": "8-gatsu no Marina",
        "artist": "Kana from AIKATSU\u2606STARS!",
        "type": "Insert Song",
        "correctCount": 20,
        "startTime": 70,
        "songDuration": 109.152,
        "songNumber": 11,
        "activePlayerCount": 232,
        "LinkVideo": "https://files.catbox.moe/kgospp.webm",
        "LinkMp3": "https://files.catbox.moe/nfpck1.mp3"
    },
    {
        "animeEng": "Blood Blockade Battlefront & Beyond",
        "animeRomaji": "Kekkai Sensen & Beyond",
        "songName": "Poup\u00e9es Vaudoux",
        "artist": "Banda Magda",
        "type": "Insert Song",
        "correctCount": 15,
        "startTime": 22,
        "songDuration": 102.792,
        "songNumber": 12,
        "activePlayerCount": 232,
        "LinkVideo": "https://files.catbox.moe/mbpizk.webm",
        "LinkMp3": "https://files.catbox.moe/erfre9.mp3"
    },
    {
        "animeEng": "Uma Musume: Pretty Derby",
        "animeRomaji": "Uma Musume: Pretty Derby",
        "songName": "Make debut!",
        "artist": "Azumi Waki, Marika K\u014dno, Machico, Ayaka Ohashi, Chisa Kimura, Hitomi Ueda, Saori \u014cnishi",
        "type": "Opening 1",
        "correctCount": 60,
        "startTime": 32,
        "songDuration": 87.792,
        "songNumber": 13,
        "activePlayerCount": 232,
        "LinkVideo": "https://files.catbox.moe/c1r1lr.webm",
        "LinkMp3": "https://files.catbox.moe/2w9gfl.mp3"
    },
    {
        "animeEng": "Senki Zessh\u014d Symphogear XV",
        "animeRomaji": "Senki Zessh\u014d Symphogear XV",
        "songName": "Sforzando no Zankyou",
        "artist": "Inori Minase",
        "type": "Ending 3",
        "correctCount": 44,
        "startTime": 95,
        "songDuration": 136.056,
        "songNumber": 14,
        "activePlayerCount": 232,
        "LinkVideo": "https://files.catbox.moe/5znh00.webm",
        "LinkMp3": "https://files.catbox.moe/ubuld4.mp3"
    },
    {
        "animeEng": "Strike Witches: 501st JOINT FIGHTER WING Take Off!",
        "animeRomaji": "Strike Witches 501 Butai Hasshin Shimasu!",
        "songName": "Treasure of life",
        "artist": "Dai 501 Tougou Sentou Koukuu-dan + Aya Uchida",
        "type": "Ending 1",
        "correctCount": 18,
        "startTime": 54,
        "songDuration": 88.32,
        "songNumber": 15,
        "activePlayerCount": 231,
        "LinkVideo": "https://files.catbox.moe/7c8hcf.webm",
        "LinkMp3": "https://files.catbox.moe/lw4rp6.mp3"
    },
    {
        "animeEng": "Detective Conan: Dimensional Sniper",
        "animeRomaji": "Meitantei Conan: Ijigen no Sniper",
        "songName": "Love Searchlight",
        "artist": "Kou Shibasaki",
        "type": "Ending 1",
        "correctCount": 28,
        "startTime": 116,
        "songDuration": 170.04,
        "songNumber": 16,
        "activePlayerCount": 230,
        "LinkVideo": "https://files.catbox.moe/4uhngc.webm",
        "LinkMp3": "https://files.catbox.moe/u2pjjn.mp3"
    },
    {
        "animeEng": "Aria the Avvenire",
        "animeRomaji": "Aria the Avvenire",
        "songName": "Lumis Eterne",
        "artist": "Eri Kawai",
        "type": "Insert Song",
        "correctCount": 12,
        "startTime": 71,
        "songDuration": 127.08,
        "songNumber": 17,
        "activePlayerCount": 230,
        "LinkVideo": "https://files.catbox.moe/f42if4.webm",
        "LinkMp3": "https://files.catbox.moe/vbpgoy.mp3"
    },
    {
        "animeEng": "Ace of the Diamond act II",
        "animeRomaji": "Daiya no Ace act II",
        "songName": "Go EXCEED!!",
        "artist": "Tom-H@ck featuring Masayoshi \u014cishi",
        "type": "Opening 3",
        "correctCount": 155,
        "startTime": 20,
        "songDuration": 89.256,
        "songNumber": 18,
        "activePlayerCount": 229,
        "LinkVideo": "https://files.catbox.moe/flfirz.webm",
        "LinkMp3": "https://files.catbox.moe/g4oa1q.mp3"
    },
    {
        "animeEng": "Saga of Tanya the Evil",
        "animeRomaji": "Y\u014djo Senki",
        "songName": "JINGO JUNGLE",
        "artist": "MYTH & ROID",
        "type": "Opening 1",
        "correctCount": 188,
        "startTime": 2,
        "songDuration": 89.736,
        "songNumber": 19,
        "activePlayerCount": 229,
        "LinkVideo": "https://files.catbox.moe/pfl4fr.webm",
        "LinkMp3": "https://files.catbox.moe/ebdtc1.mp3"
    },
    {
        "animeEng": "Macross 7 Encore",
        "animeRomaji": "Macross 7 Encore",
        "songName": "SEVENTH MOON",
        "artist": "Fire Bomber",
        "type": "Opening 1",
        "correctCount": 84,
        "startTime": 1,
        "songDuration": 88.704,
        "songNumber": 20,
        "activePlayerCount": 228,
        "LinkVideo": "https://files.catbox.moe/gnaty4.webm",
        "LinkMp3": "https://files.catbox.moe/9civk4.mp3"
    },
    {
        "animeEng": "Motto! Ojamajo Doremi",
        "animeRomaji": "Motto! Ojamajo Doremi",
        "songName": "Pirikapiri\u2665Lucky!",
        "artist": "Mayumi Goj\u014d",
        "type": "Insert Song",
        "correctCount": 21,
        "startTime": 8,
        "songDuration": 110.064,
        "songNumber": 21,
        "activePlayerCount": 227,
        "LinkVideo": "https://files.catbox.moe/c695qo.webm",
        "LinkMp3": "https://files.catbox.moe/hxq5ze.mp3"
    },
    {
        "animeEng": "Iron Man 28 FX",
        "animeRomaji": "Tetsujin 28-go FX",
        "songName": "Future Hero",
        "artist": "Satoko Shimizu",
        "type": "Opening 2",
        "correctCount": 2,
        "startTime": 29,
        "songDuration": 103.08,
        "songNumber": 22,
        "activePlayerCount": 228,
        "LinkVideo": "https://files.catbox.moe/ytgtol.webm",
        "LinkMp3": "https://files.catbox.moe/3uiun3.mp3",
        "correctPlayers": [
            "theyingster",
            "80s"
        ]
    },
    {
        "animeEng": "Uzaki-chan Wants to Hang Out!",
        "animeRomaji": "Uzaki-chan wa Asobitai!",
        "songName": "Nadamesukashi Negotiation",
        "artist": "Kano to Uzaki-chan",
        "type": "Opening 1",
        "correctCount": 122,
        "startTime": 26,
        "songDuration": 87.792,
        "songNumber": 23,
        "activePlayerCount": 227,
        "LinkVideo": "https://files.catbox.moe/w7dtuf.webm",
        "LinkMp3": "https://files.catbox.moe/6z9bu6.mp3"
    },
    {
        "animeEng": "Mobile Suit Gundam ZZ",
        "animeRomaji": "Kid\u014d Senshi Gundam ZZ",
        "songName": "Anime ja Nai",
        "artist": "Masato Arai",
        "type": "Opening 1",
        "correctCount": 28,
        "startTime": 36,
        "songDuration": 91.584,
        "songNumber": 24,
        "activePlayerCount": 229,
        "LinkVideo": "https://files.catbox.moe/5xqmp7.webm",
        "LinkMp3": "https://files.catbox.moe/1vlh85.mp3"
    },
    {
        "animeEng": "Uninhabited Planet Survive",
        "animeRomaji": "Mujin Wakusei Survive",
        "songName": "Sunny Side Hill",
        "artist": "ROUND TABLE feat. Nino",
        "type": "Ending 1",
        "correctCount": 9,
        "startTime": 49,
        "songDuration": 88.824,
        "songNumber": 25,
        "activePlayerCount": 228,
        "LinkVideo": "https://files.catbox.moe/fa56y2.webm",
        "LinkMp3": "https://files.catbox.moe/adoy66.mp3"
    },
    {
        "animeEng": "Hugtto! Precure\u2661Futari wa Precure All Stars Memories",
        "animeRomaji": "Hugtto! Precure\u2661Futari wa Precure All Stars Memories",
        "songName": "DANZEN! Futari wa Precure ~Yuiitsu Muni no Hikari Tachi e~",
        "artist": "Mayumi Goj\u014d",
        "type": "Ending 1",
        "correctCount": 36,
        "startTime": 49,
        "songDuration": 117.470634,
        "songNumber": 26,
        "activePlayerCount": 227,
        "LinkVideo": "https://files.catbox.moe/rp5fu9.webm",
        "LinkMp3": "https://files.catbox.moe/ad16ez.mp3"
    },
    {
        "animeEng": "Peeping Life TV Season 1??",
        "animeRomaji": "Peeping Life TV Season 1??",
        "songName": "HOTEL Alien",
        "artist": "BRADIO",
        "type": "Opening 1",
        "correctCount": 46,
        "startTime": 25,
        "songDuration": 88.296,
        "songNumber": 27,
        "activePlayerCount": 227,
        "LinkVideo": "https://files.catbox.moe/bxqjpv.webm",
        "LinkMp3": "https://files.catbox.moe/dza6su.mp3"
    },
    {
        "animeEng": "Future Card Buddyfight 100",
        "animeRomaji": "Future Card Buddyfight 100",
        "songName": "Beyond the limits",
        "artist": "Hideyuki Takahashi",
        "type": "Opening 2",
        "correctCount": 10,
        "startTime": 34,
        "songDuration": 89.136,
        "songNumber": 28,
        "activePlayerCount": 227,
        "LinkVideo": "https://files.catbox.moe/dsdt96.webm",
        "LinkMp3": "https://files.catbox.moe/sg846y.mp3"
    },
    {
        "animeEng": "Carried by the Wind: Tsukikage Ran",
        "animeRomaji": "Kazemakase Tsukikage Ran",
        "songName": "Kazemakase 2",
        "artist": "Reiko Yasuhara",
        "type": "Ending 1",
        "correctCount": 10,
        "startTime": 2,
        "songDuration": 43.963326,
        "songNumber": 29,
        "activePlayerCount": 228,
        "LinkVideo": "https://files.catbox.moe/73edag.webm",
        "LinkMp3": "https://files.catbox.moe/kkh7ig.mp3"
    },
    {
        "animeEng": "Wasteful Days of High School Girls",
        "animeRomaji": "Joshik\u014dsei no Mudazukai",
        "songName": "little bunny",
        "artist": "GUMI",
        "type": "Insert Song",
        "correctCount": 50,
        "startTime": 53,
        "songDuration": 108.672,
        "songNumber": 30,
        "activePlayerCount": 227,
        "LinkVideo": "https://files.catbox.moe/jtv16i.webm",
        "LinkMp3": "https://files.catbox.moe/iwhz0w.mp3"
    },
    {
        "animeEng": "Why the Hell are You Here, Teacher!?",
        "animeRomaji": "Nande Koko ni Sensei ga!?",
        "songName": "Bon\u2661Kyuu\u2661Bon wa Kare no Mono\u2661",
        "artist": "Sumire Uesaka",
        "type": "Opening 1",
        "correctCount": 131,
        "startTime": 52,
        "songDuration": 88.488,
        "songNumber": 31,
        "activePlayerCount": 227,
        "LinkVideo": "https://files.catbox.moe/mcf9cy.webm",
        "LinkMp3": "https://files.catbox.moe/bf0g86.mp3"
    },
    {
        "animeEng": "NATSU NO ARASHI! Season 2",
        "animeRomaji": "NATSU NO ARASHI! Season 2",
        "songName": "Himitsu no Hanazono ",
        "artist": "Ai Nonaka",
        "type": "Insert Song",
        "correctCount": 3,
        "startTime": 1,
        "songDuration": 58.704,
        "songNumber": 32,
        "activePlayerCount": 227,
        "LinkVideo": "https://files.catbox.moe/kfxqsh.webm",
        "LinkMp3": "https://files.catbox.moe/3uij84.mp3",
        "correctPlayers": [
            "anonimus_opinion",
            "kimika",
            "SuperstarPearl"
        ]
    },
    {
        "animeEng": "Lupin III",
        "animeRomaji": "Lupin Sansei",
        "songName": "Lupin Sansei Sono 2",
        "artist": "Charlie Kosei",
        "type": "Ending 1",
        "correctCount": 43,
        "startTime": 39,
        "songDuration": 77.268876,
        "songNumber": 33,
        "activePlayerCount": 227,
        "LinkVideo": "https://files.catbox.moe/6xka42.webm",
        "LinkMp3": "https://files.catbox.moe/iuxq6b.mp3"
    },
    {
        "animeEng": "The Disappearance of Nagato Yuki-chan",
        "animeRomaji": "Nagato Yuki-chan no Sh\u014dshitsu",
        "songName": "Fure Fure Mirai",
        "artist": "Kitak\u014d Bungei-bu Joshikai",
        "type": "Opening 1",
        "correctCount": 63,
        "startTime": 44,
        "songDuration": 88.848,
        "songNumber": 34,
        "activePlayerCount": 228,
        "LinkVideo": "https://files.catbox.moe/9vnd7g.webm",
        "LinkMp3": "https://files.catbox.moe/tdhm96.mp3"
    },
    {
        "animeEng": "Jungle de Ikou!",
        "animeRomaji": "Jungle de Ikou!",
        "songName": "J",
        "artist": "Masami Okui",
        "type": "Opening 1",
        "correctCount": 21,
        "startTime": 19,
        "songDuration": 85.392,
        "songNumber": 35,
        "activePlayerCount": 227,
        "LinkVideo": "https://files.catbox.moe/8zzq9h.webm",
        "LinkMp3": "https://files.catbox.moe/hjbsj4.mp3"
    },
    {
        "animeEng": "K: Return of Kings",
        "animeRomaji": "K: Return of Kings",
        "songName": "Circle of Friends",
        "artist": "Y\u016bki Kaji",
        "type": "Insert Song",
        "correctCount": 107,
        "startTime": 0,
        "songDuration": 29.592,
        "songNumber": 36,
        "activePlayerCount": 227,
        "LinkVideo": "https://files.catbox.moe/diuvbr.webm",
        "LinkMp3": "https://files.catbox.moe/2bgjpx.mp3"
    },
    {
        "animeEng": "Tanaka-kun is Always Listless",
        "animeRomaji": "Tanaka-kun wa Itsumo Kedaruge",
        "songName": "BON-BON",
        "artist": "CooRie",
        "type": "Ending 1",
        "correctCount": 98,
        "startTime": 42,
        "songDuration": 87.072,
        "songNumber": 37,
        "activePlayerCount": 228,
        "LinkVideo": "https://files.catbox.moe/t0aesh.webm",
        "LinkMp3": "https://files.catbox.moe/v6hx02.mp3"
    },
    {
        "animeEng": "No-Rin",
        "animeRomaji": "No-Rin",
        "songName": "Cordless\u2606Tele\u2606PHONE",
        "artist": "Yukari Tamura",
        "type": "Opening 1",
        "correctCount": 93,
        "startTime": 7,
        "songDuration": 101.064,
        "songNumber": 38,
        "activePlayerCount": 227,
        "LinkVideo": "https://files.catbox.moe/mfuje8.webm",
        "LinkMp3": "https://files.catbox.moe/zz35tb.mp3"
    },
    {
        "animeEng": "Tea Dogs",
        "animeRomaji": "Ocha-ken: Chokotto Monogatari",
        "songName": "'HO' Toshiyo!",
        "artist": "Mizuki Endou",
        "type": "Opening 1",
        "correctCount": 12,
        "startTime": 0,
        "songDuration": 29.90969,
        "songNumber": 39,
        "activePlayerCount": 226,
        "LinkVideo": "https://files.catbox.moe/220t2h.webm",
        "LinkMp3": "https://files.catbox.moe/k4sy0m.mp3"
    },
    {
        "animeEng": "Assassination Classroom",
        "animeRomaji": "Ansatsu Ky\u014dshitsu",
        "songName": "Jiriki Hongan Revolution",
        "artist": "3-nen E-gumi Utatan",
        "type": "Opening 3",
        "correctCount": 169,
        "startTime": 53,
        "songDuration": 89.52,
        "songNumber": 40,
        "activePlayerCount": 225,
        "LinkVideo": "https://files.catbox.moe/5oac4p.webm",
        "LinkMp3": "https://files.catbox.moe/9yxci0.mp3"
    },
    {
        "animeEng": "Yowamushi Pedal Movie",
        "animeRomaji": "Yowamushi Pedal Movie",
        "songName": "Link",
        "artist": "LASTGASP",
        "type": "Ending 1",
        "correctCount": 17,
        "startTime": 179,
        "songDuration": 259.757168,
        "songNumber": 41,
        "activePlayerCount": 226,
        "LinkVideo": "https://files.catbox.moe/ajobt9.webm",
        "LinkMp3": "https://files.catbox.moe/nfzkmr.mp3"
    },
    {
        "animeEng": "Anyway, It Doesn't Matter",
        "animeRomaji": "Tsuide ni Tonchinkan",
        "songName": "Hora ne, Haru ga Kita",
        "artist": "Ushirogami Hikaretai",
        "type": "Opening 2",
        "correctCount": 1,
        "startTime": 6,
        "songDuration": 107.62264,
        "songNumber": 42,
        "activePlayerCount": 226,
        "LinkVideo": "https://files.catbox.moe/c2x2qd.webm",
        "LinkMp3": "https://files.catbox.moe/9iyzqn.mp3",
        "correctPlayers": [
            "Rukawa11"
        ]
    },
    {
        "animeEng": "Devils and Realist",
        "animeRomaji": "Makai \u014cji: Devils and Realist",
        "songName": "Believe My Dice",
        "artist": "devils and realist",
        "type": "Opening 1",
        "correctCount": 16,
        "startTime": 54,
        "songDuration": 88.16175,
        "songNumber": 43,
        "activePlayerCount": 227,
        "LinkVideo": "https://files.catbox.moe/ru0yiu.webm",
        "LinkMp3": "https://files.catbox.moe/c8dmph.mp3"
    },
    {
        "animeEng": "The Irresponsible Captain Tylor",
        "animeRomaji": "Musekinin Kanch\u014d Tylor",
        "songName": "just think Of tomorrow",
        "artist": "Mari Sasaki",
        "type": "Opening 1",
        "correctCount": 9,
        "startTime": 21,
        "songDuration": 68.976,
        "songNumber": 44,
        "activePlayerCount": 226,
        "LinkVideo": "https://files.catbox.moe/iry4x5.webm",
        "LinkMp3": "https://files.catbox.moe/je03h9.mp3"
    },
    {
        "animeEng": "Gigantor",
        "animeRomaji": "Tetsujin 28-go",
        "songName": "Tetsujin 28-gou",
        "artist": "Duke Aces",
        "type": "Opening 1",
        "correctCount": 137,
        "startTime": 33,
        "songDuration": 72.044476,
        "songNumber": 45,
        "activePlayerCount": 226,
        "LinkVideo": "https://files.catbox.moe/xxhdy0.webm",
        "LinkMp3": "https://files.catbox.moe/xcyia4.mp3"
    },
    {
        "animeEng": "Sonic X",
        "animeRomaji": "Sonic X",
        "songName": "Live & Learn",
        "artist": "Crush 40",
        "type": "Insert Song",
        "correctCount": 61,
        "startTime": 1,
        "songDuration": 84.264,
        "songNumber": 46,
        "activePlayerCount": 224,
        "LinkVideo": "https://files.catbox.moe/s2c1nc.webm",
        "LinkMp3": "https://files.catbox.moe/i31gs8.mp3"
    },
    {
        "animeEng": "Evangelion: 2.0 You Can (Not) Advance",
        "animeRomaji": "Evangelion Shin Gekij\u014dban: Ha",
        "songName": "Tsubasa o Kudasai",
        "artist": "Megumi Hayashibara with Special Kids as chorus",
        "type": "Insert Song",
        "correctCount": 60,
        "startTime": 141,
        "songDuration": 280.824,
        "songNumber": 47,
        "activePlayerCount": 223,
        "LinkVideo": "https://files.catbox.moe/z85f8e.webm",
        "LinkMp3": "https://files.catbox.moe/f3miqn.mp3"
    },
    {
        "animeEng": "The Big O",
        "animeRomaji": "The Big O",
        "songName": "And Forever...",
        "artist": "Robbie Danzie with Naoki Takao",
        "type": "Ending 1",
        "correctCount": 18,
        "startTime": 23,
        "songDuration": 83.04,
        "songNumber": 48,
        "activePlayerCount": 222,
        "LinkVideo": "https://files.catbox.moe/bzxhgf.webm",
        "LinkMp3": "https://files.catbox.moe/mwj914.mp3"
    },
    {
        "animeEng": "Gundam Build Divers Re:RISE",
        "animeRomaji": "Gundam Build Divers Re:RISE",
        "songName": "MAGIC TIME",
        "artist": "SudannaYuzuYully",
        "type": "Ending 1",
        "correctCount": 35,
        "startTime": 44,
        "songDuration": 88.2,
        "songNumber": 49,
        "activePlayerCount": 223,
        "LinkVideo": "https://files.catbox.moe/bs53gr.webm",
        "LinkMp3": "https://files.catbox.moe/lfw82b.mp3"
    },
    {
        "animeEng": "Jungle Emperor Leo",
        "animeRomaji": "Jungle Taitei Leo",
        "songName": "Wind Song",
        "artist": "Matsu Takano",
        "type": "Ending 1",
        "correctCount": 3,
        "startTime": 167,
        "songDuration": 287.064,
        "songNumber": 50,
        "activePlayerCount": 222,
        "LinkVideo": "https://files.catbox.moe/l5mmwr.webm",
        "LinkMp3": "https://files.catbox.moe/w0nslj.mp3",
        "correctPlayers": [
            "aryagamis",
            "Rukawa11",
            "Megapachi"
        ]
    },
    {
        "animeEng": "Free! The Movie -Timeless Medley- the Bond",
        "animeRomaji": "Free! -Timeless Medley- Kizuna",
        "songName": "RISING FREE",
        "artist": "STYLE FIVE",
        "type": "Opening 1",
        "correctCount": 57,
        "startTime": 6,
        "songDuration": 100.656,
        "songNumber": 51,
        "activePlayerCount": 222,
        "LinkVideo": "https://files.catbox.moe/ed82xk.webm",
        "LinkMp3": "https://files.catbox.moe/47prbd.mp3"
    },
    {
        "animeEng": "Vampire Knight",
        "animeRomaji": "Vampire Knight",
        "songName": "Futatsu no Kodou to Akai Tsumi",
        "artist": "ON/OFF",
        "type": "Opening 1",
        "correctCount": 91,
        "startTime": 5,
        "songDuration": 94.152,
        "songNumber": 52,
        "activePlayerCount": 222,
        "LinkVideo": "https://files.catbox.moe/rayr81.webm",
        "LinkMp3": "https://files.catbox.moe/3i3f2w.mp3"
    },
    {
        "animeEng": "Battle of the Planets",
        "animeRomaji": "Gatchaman",
        "songName": "Gatchaman no Uta",
        "artist": "Masato Shimon",
        "type": "Ending 1",
        "correctCount": 169,
        "startTime": 14,
        "songDuration": 87.072,
        "songNumber": 53,
        "activePlayerCount": 221,
        "LinkVideo": "https://files.catbox.moe/xoywv7.webm",
        "LinkMp3": "https://files.catbox.moe/v6183f.mp3"
    },
    {
        "animeEng": "Yumeiro P\u00e2tissi\u00e8re SP Professional",
        "animeRomaji": "Yumeiro P\u00e2tissi\u00e8re SP Professional",
        "songName": "Sweet Romance",
        "artist": "Mayumi Goj\u014d",
        "type": "Opening 1",
        "correctCount": 43,
        "startTime": 55,
        "songDuration": 88.919288,
        "songNumber": 54,
        "activePlayerCount": 221,
        "LinkVideo": "https://files.catbox.moe/htt3qo.webm",
        "LinkMp3": "https://files.catbox.moe/mbnan9.mp3"
    },
    {
        "animeEng": "Bakugan: Armored Alliance",
        "animeRomaji": "Bakugan: Armored Alliance",
        "songName": "Higher and Higher",
        "artist": "Serena Kozuki",
        "type": "Ending 2",
        "correctCount": 2,
        "startTime": 44,
        "songDuration": 78.408,
        "songNumber": 55,
        "activePlayerCount": 220,
        "LinkVideo": "https://files.catbox.moe/84hoov.webm",
        "LinkMp3": "https://files.catbox.moe/ucgmlq.mp3",
        "correctPlayers": [
            "KamiNoChikara",
            "kneesoxluver"
        ]
    },
    {
        "animeEng": "PriPara",
        "animeRomaji": "PriPara",
        "songName": "Ready Smile!!",
        "artist": "SoLaMi\u2661SMILE",
        "type": "Insert Song",
        "correctCount": 63,
        "startTime": 53,
        "songDuration": 149.064,
        "songNumber": 56,
        "activePlayerCount": 219,
        "LinkVideo": "https://files.catbox.moe/cvbrqy.webm",
        "LinkMp3": "https://files.catbox.moe/o5uqly.mp3"
    },
    {
        "animeEng": "Gargantia on the Verdurous Planet - Far Beyond The Voyage",
        "animeRomaji": "Suisei no Gargantia: Meguru K\u014dro, Haruka",
        "songName": "Hajimari no Tsubasa",
        "artist": "TRUE",
        "type": "Opening 1",
        "correctCount": 15,
        "startTime": 58,
        "songDuration": 93.816,
        "songNumber": 57,
        "activePlayerCount": 217,
        "LinkVideo": "https://files.catbox.moe/sxtx01.webm",
        "LinkMp3": "https://files.catbox.moe/7tp528.mp3"
    },
    {
        "animeEng": "Tanoshii Moomin Ikka: B\u014dken Nikki",
        "animeRomaji": "Tanoshii Moomin Ikka: B\u014dken Nikki",
        "songName": "Itsuka Suteki na Tabi",
        "artist": "Emiko Shiratori",
        "type": "Ending 1",
        "correctCount": 2,
        "startTime": 25,
        "songDuration": 72.09672,
        "songNumber": 58,
        "activePlayerCount": 216,
        "LinkVideo": "https://files.catbox.moe/ibiyjs.webm",
        "LinkMp3": "https://files.catbox.moe/p3ixwl.mp3",
        "correctPlayers": [
            "neulztan",
            "Moegi"
        ]
    },
    {
        "animeEng": "Negima!?",
        "animeRomaji": "Negima!?",
        "songName": "1000%SPARKING!",
        "artist": "Shizuka Itou, Mami Deguchi, Akane Omae",
        "type": "Opening 6",
        "correctCount": 53,
        "startTime": 39,
        "songDuration": 88.944,
        "songNumber": 59,
        "activePlayerCount": 216,
        "LinkVideo": "https://files.catbox.moe/hge09i.webm",
        "LinkMp3": "https://files.catbox.moe/xmrvul.mp3"
    },
    {
        "animeEng": "Kuruneko",
        "animeRomaji": "Kuruneko",
        "songName": "Beautiful Day",
        "artist": "Vivian Hsu",
        "type": "Opening 1",
        "correctCount": 13,
        "startTime": 0,
        "songDuration": 19.44,
        "songNumber": 60,
        "activePlayerCount": 215,
        "LinkVideo": "https://files.catbox.moe/nikqma.webm",
        "LinkMp3": "https://files.catbox.moe/nt2rur.mp3"
    },
    {
        "animeEng": "VIRTUALSAN - LOOKING",
        "animeRomaji": "Virtual-san wa Miteiru",
        "songName": "AIAIAI",
        "artist": "Kizuna AI feat. Yasutaka Nakata",
        "type": "Opening 1",
        "correctCount": 70,
        "startTime": 20,
        "songDuration": 100.584,
        "songNumber": 61,
        "activePlayerCount": 217,
        "LinkVideo": "https://files.catbox.moe/49uocb.webm",
        "LinkMp3": "https://files.catbox.moe/pnxom7.mp3"
    },
    {
        "animeEng": "Full Moon o Sagashite",
        "animeRomaji": "Full Moon o Sagashite",
        "songName": "ETERNAL SNOW",
        "artist": "Changin' My Life",
        "type": "Ending 3",
        "correctCount": 36,
        "startTime": 10,
        "songDuration": 105.552,
        "songNumber": 62,
        "activePlayerCount": 217,
        "LinkVideo": "https://files.catbox.moe/tmf3or.webm",
        "LinkMp3": "https://files.catbox.moe/8goegk.mp3"
    },
    {
        "animeEng": "Black\u2605Rock Shooter",
        "animeRomaji": "Black\u2605Rock Shooter",
        "songName": "Black\u2605Rock Shooter",
        "artist": "supercell feat. Hatsune Miku",
        "type": "Opening 1",
        "correctCount": 174,
        "startTime": 24,
        "songDuration": 88.272,
        "songNumber": 63,
        "activePlayerCount": 218,
        "LinkVideo": "https://files.catbox.moe/c2q4t2.webm",
        "LinkMp3": "https://files.catbox.moe/ogm3ca.mp3"
    },
    {
        "animeEng": "Tokyo Marble Chocolate",
        "animeRomaji": "Tokyo Marble Chocolate",
        "songName": "Mata Aimashou",
        "artist": "SEAMO",
        "type": "Ending 1",
        "correctCount": 6,
        "startTime": 5,
        "songDuration": 79.828832,
        "songNumber": 64,
        "activePlayerCount": 218,
        "LinkVideo": "https://files.catbox.moe/4wtxed.webm",
        "LinkMp3": "https://files.catbox.moe/qj8wau.mp3"
    },
    {
        "animeEng": "Kait\u014d Tenshi Twin Angel: Kyun Kyun Tokimeki Paradise!!",
        "animeRomaji": "Kait\u014d Tenshi Twin Angel: Kyun Kyun Tokimeki Paradise!!",
        "songName": "Onna no Kotte Maji Ch\u014d Angel!!",
        "artist": "ave;new project feat. Saori Sakura & Rie Shirasawa",
        "type": "Opening 1",
        "correctCount": 25,
        "startTime": 28,
        "songDuration": 89.311118,
        "songNumber": 65,
        "activePlayerCount": 218,
        "LinkVideo": "https://files.catbox.moe/o2txlw.webm",
        "LinkMp3": "https://files.catbox.moe/lpz25p.mp3"
    },
    {
        "animeEng": "Gundam Reconguista in G",
        "animeRomaji": "Gundam G no Reconguista",
        "songName": "BLAZING",
        "artist": "GARNiDELiA",
        "type": "Opening 1",
        "correctCount": 38,
        "startTime": 0,
        "songDuration": 86.784,
        "songNumber": 66,
        "activePlayerCount": 218,
        "LinkVideo": "https://files.catbox.moe/o727zu.webm",
        "LinkMp3": "https://files.catbox.moe/342q9b.mp3"
    },
    {
        "animeEng": "Go! Princess Precure",
        "animeRomaji": "Go! Princess Precure",
        "songName": "Miracle Go! Princess Precure",
        "artist": "Karin Isobe",
        "type": "Opening 1",
        "correctCount": 191,
        "startTime": 14,
        "songDuration": 102.576,
        "songNumber": 67,
        "activePlayerCount": 217,
        "LinkVideo": "https://files.catbox.moe/4iaien.webm",
        "LinkMp3": "https://files.catbox.moe/6cyoru.mp3"
    },
    {
        "animeEng": "Yu-Gi-Oh! Zexal",
        "animeRomaji": "Yu-Gi-Oh! Zexal",
        "songName": "BRAVING!",
        "artist": "KANAN",
        "type": "Opening 2",
        "correctCount": 14,
        "startTime": 25,
        "songDuration": 88.944,
        "songNumber": 68,
        "activePlayerCount": 217,
        "LinkVideo": "https://files.catbox.moe/re5nvn.webm",
        "LinkMp3": "https://files.catbox.moe/bk6snk.mp3"
    },
    {
        "animeEng": "Initial D: Battle Stage",
        "animeRomaji": "Initial D: Battle Stage",
        "songName": "JUMPING UP THE NATION",
        "artist": "TOBY ASH",
        "type": "Insert Song",
        "correctCount": 11,
        "startTime": 24,
        "songDuration": 183.432,
        "songNumber": 69,
        "activePlayerCount": 217,
        "LinkVideo": "https://files.catbox.moe/6holes.webm",
        "LinkMp3": "https://files.catbox.moe/f7yr03.mp3"
    },
    {
        "animeEng": "Mushishi Zoku-Sh\u014d: Suzu no Shizuku",
        "animeRomaji": "Mushishi Zoku-Sh\u014d: Suzu no Shizuku",
        "songName": "SHIVER",
        "artist": "Lucy Rose",
        "type": "Opening 1",
        "correctCount": 147,
        "startTime": 28,
        "songDuration": 93.336,
        "songNumber": 70,
        "activePlayerCount": 216,
        "LinkVideo": "https://files.catbox.moe/3mxn1z.webm",
        "LinkMp3": "https://files.catbox.moe/34w4ro.mp3"
    },
    {
        "animeEng": "BEM: BECOME HUMAN",
        "animeRomaji": "BEM: BECOME HUMAN",
        "songName": "unforever",
        "artist": "Rib",
        "type": "Ending 1",
        "correctCount": 16,
        "startTime": 84,
        "songDuration": 215.952,
        "songNumber": 71,
        "activePlayerCount": 218,
        "LinkVideo": "https://files.catbox.moe/kq5exk.webm",
        "LinkMp3": "https://files.catbox.moe/0jaf7x.mp3"
    },
    {
        "animeEng": "Angelique: Shiroi Tsubasa no Memoir",
        "animeRomaji": "Angelique: Shiroi Tsubasa no Memoir",
        "songName": "Jiyuu no Shisha",
        "artist": "JET SETS",
        "type": "Opening 1",
        "correctCount": 4,
        "startTime": 18,
        "songDuration": 126.408,
        "songNumber": 72,
        "activePlayerCount": 218,
        "LinkVideo": "https://files.catbox.moe/2919qo.webm",
        "LinkMp3": "https://files.catbox.moe/3sh3t6.mp3",
        "correctPlayers": [
            "aryagamis",
            "theyingster",
            "KaedeTakagaki",
            "ozsauce"
        ]
    },
    {
        "animeEng": ".hack//G.U. Trilogy",
        "animeRomaji": ".hack//G.U. Trilogy",
        "songName": "Liar's Smile",
        "artist": "Tomoyo Mitani (LieN)",
        "type": "Insert Song",
        "correctCount": 1,
        "startTime": 82,
        "songDuration": 174.782302,
        "songNumber": 73,
        "activePlayerCount": 218,
        "LinkVideo": "https://files.catbox.moe/uy9b3i.webm",
        "LinkMp3": "https://files.catbox.moe/wiojql.mp3",
        "correctPlayers": [
            "oh95"
        ]
    },
    {
        "animeEng": "Sh\u014dnen Maid",
        "animeRomaji": "Sh\u014dnen Maid",
        "songName": "innocent promise",
        "artist": "TRUSTRICK",
        "type": "Opening 1",
        "correctCount": 32,
        "startTime": 41,
        "songDuration": 87.024,
        "songNumber": 74,
        "activePlayerCount": 218,
        "LinkVideo": "https://files.catbox.moe/r0dqcq.webm",
        "LinkMp3": "https://files.catbox.moe/470lhv.mp3"
    },
    {
        "animeEng": "Gargantia on the Verdurous Planet",
        "animeRomaji": "Suisei no Gargantia",
        "songName": "Sora to Kimi no Message",
        "artist": "ChouCho",
        "type": "Ending 1",
        "correctCount": 55,
        "startTime": 15,
        "songDuration": 88.416,
        "songNumber": 75,
        "activePlayerCount": 217,
        "LinkVideo": "https://files.catbox.moe/2euuea.webm",
        "LinkMp3": "https://files.catbox.moe/qtxdl3.mp3"
    }
]