[
    {
        "animeEng": "Nisekoi:",
        "animeRomaji": "Nisekoi:",
        "songName": "Rally Go Round",
        "artist": "LiSA",
        "type": "Opening 1",
        "correctCount": 154,
        "startTime": 24,
        "songDuration": 90.312,
        "songNumber": 1,
        "activePlayerCount": 208,
        "LinkVideo": "https://files.catbox.moe/sdtquh.webm",
        "LinkMp3": "https://files.catbox.moe/uqlhto.mp3"
    },
    {
        "animeEng": "Happy Seven",
        "animeRomaji": "Happy 7: The TV Manga",
        "songName": "Akiramenaide",
        "artist": "Little Non",
        "type": "Opening 1",
        "correctCount": 5,
        "startTime": 23,
        "songDuration": 89.568,
        "songNumber": 2,
        "activePlayerCount": 207,
        "LinkVideo": "https://files.catbox.moe/rrotcu.webm",
        "LinkMp3": "https://files.catbox.moe/bkh7xd.mp3",
        "correctPlayers": [
            "yahallonyanpasu",
            "SaroArsten",
            "AsaShigure",
            "OnlyDaimidaler",
            "Goblerino"
        ]
    },
    {
        "animeEng": "PriPara",
        "animeRomaji": "PriPara",
        "songName": "No D&D code",
        "artist": "DressingPaf\u00e9",
        "type": "Insert Song",
        "correctCount": 73,
        "startTime": 45,
        "songDuration": 137.448,
        "songNumber": 3,
        "activePlayerCount": 205,
        "LinkVideo": "https://files.catbox.moe/097yu6.webm",
        "LinkMp3": "https://files.catbox.moe/79yh86.mp3"
    },
    {
        "animeEng": "Moegaku*5",
        "animeRomaji": "Moegaku*5",
        "songName": "Girls Be Ambitious!",
        "artist": "MAD CATZ",
        "type": "Opening 1",
        "correctCount": 7,
        "startTime": 19,
        "songDuration": 59.088,
        "songNumber": 4,
        "activePlayerCount": 207,
        "LinkVideo": "https://files.catbox.moe/fo2ihj.webm",
        "LinkMp3": "https://files.catbox.moe/li8upp.mp3"
    },
    {
        "animeEng": "Encouragement of Climb Season 2",
        "animeRomaji": "Yama no Susume Second Season",
        "songName": "Gakujin no Uta",
        "artist": "Yuka Iguchi & Kana Asumi & Y\u014dko Hikasa & Yui Ogura",
        "type": "Insert Song",
        "correctCount": 27,
        "startTime": 7,
        "songDuration": 42.288,
        "songNumber": 5,
        "activePlayerCount": 207,
        "LinkVideo": "https://files.catbox.moe/vk5vzl.webm",
        "LinkMp3": "https://files.catbox.moe/3gyx5l.mp3"
    },
    {
        "animeEng": "How Heavy Are the Dumbbells You Lift?",
        "animeRomaji": "Dumbbell Nan-Kilo Moteru?",
        "songName": "Macho A Name?",
        "artist": "Kaito Ishikawa",
        "type": "Ending 1",
        "correctCount": 172,
        "startTime": 10,
        "songDuration": 88.56,
        "songNumber": 6,
        "activePlayerCount": 207,
        "LinkVideo": "https://files.catbox.moe/xrm5i6.webm",
        "LinkMp3": "https://files.catbox.moe/r835b5.mp3"
    },
    {
        "animeEng": "Alice or Alice",
        "animeRomaji": "Alice or Alice - Siscon Nii-san to Futago no Im\u014dto",
        "songName": "A or A!?",
        "artist": "petit milady",
        "type": "Opening 1",
        "correctCount": 113,
        "startTime": 0,
        "songDuration": 30.096,
        "songNumber": 7,
        "activePlayerCount": 208,
        "LinkVideo": "https://files.catbox.moe/toaol0.webm",
        "LinkMp3": "https://files.catbox.moe/m3vmcu.mp3"
    },
    {
        "animeEng": "Fist of the North Star: The Legend of Kenshiro",
        "animeRomaji": "Shin Ky\u016bseishu Densetsu Hokuto no Ken: Kenshir\u014d-den",
        "songName": "Ai o Torimodose!! (MOVIE ver.)",
        "artist": "Crystal King",
        "type": "Insert Song",
        "correctCount": 18,
        "startTime": 5,
        "songDuration": 91.56,
        "songNumber": 8,
        "activePlayerCount": 208,
        "LinkVideo": "https://files.catbox.moe/ud6qf1.webm",
        "LinkMp3": "https://files.catbox.moe/jxdqns.mp3"
    },
    {
        "animeEng": "Regalia: The Three Sacred Stars",
        "animeRomaji": "Regalia: The Three Sacred Stars",
        "songName": "Divine Spell",
        "artist": "TRUE",
        "type": "Opening 1",
        "correctCount": 61,
        "startTime": 48,
        "songDuration": 88.536,
        "songNumber": 9,
        "activePlayerCount": 208,
        "LinkVideo": "https://files.catbox.moe/r2m6z9.webm",
        "LinkMp3": "https://files.catbox.moe/otuu6t.mp3"
    },
    {
        "animeEng": "Transformers: Energon",
        "animeRomaji": "Transformers: Energon",
        "songName": "Taiyou no Transform!",
        "artist": "Hiroshi Kitadani",
        "type": "Opening 1",
        "correctCount": 4,
        "startTime": 26,
        "songDuration": 89.808,
        "songNumber": 10,
        "activePlayerCount": 208,
        "LinkVideo": "https://files.catbox.moe/w1816m.webm",
        "LinkMp3": "https://files.catbox.moe/2qhzfv.mp3",
        "correctPlayers": [
            "romraisin",
            "Rukawa11",
            "OnlyDaimidaler",
            "80s"
        ]
    },
    {
        "animeEng": "DRRR!!",
        "animeRomaji": "Durarara!!",
        "songName": "rain tears",
        "artist": "Saki Fujita",
        "type": "Insert Song",
        "correctCount": 127,
        "startTime": 1,
        "songDuration": 35.064,
        "songNumber": 11,
        "activePlayerCount": 207,
        "LinkVideo": "https://files.catbox.moe/7dgogz.webm",
        "LinkMp3": "https://files.catbox.moe/rdrist.mp3"
    },
    {
        "animeEng": "THE IDOLM@STER Cinderella Girls Theater: Extra Stage",
        "animeRomaji": "The IDOLM@STER Cinderella Girls Gekij\u014d: Extra Stage",
        "songName": "Kimi no Stage Ishou, Hontou wa...",
        "artist": "Yuuko Iida, Risa Sekiguchi, Mina Nakazawa, Hana Tamegai, Rui Tanabe",
        "type": "Ending 9",
        "correctCount": 4,
        "startTime": 0,
        "songDuration": 29.064,
        "songNumber": 12,
        "activePlayerCount": 207,
        "LinkVideo": "https://files.catbox.moe/sql4xa.webm",
        "LinkMp3": "https://files.catbox.moe/ejb0gi.mp3",
        "correctPlayers": [
            "anonimus_opinion",
            "Moegi",
            "Nazemeiyue",
            "DDBOT"
        ]
    },
    {
        "animeEng": "Jungle King Taa-chan",
        "animeRomaji": "Jungle no \u014cja Taa-chan",
        "songName": "mama I Love You",
        "artist": "B\u2200G",
        "type": "Opening 2",
        "correctCount": 2,
        "startTime": 10,
        "songDuration": 79.92,
        "songNumber": 13,
        "activePlayerCount": 205,
        "LinkVideo": "https://files.catbox.moe/efe3ar.webm",
        "LinkMp3": "https://files.catbox.moe/zxy0ri.mp3",
        "correctPlayers": [
            "Rukawa11",
            "Ribath1"
        ]
    },
    {
        "animeEng": "Motto To Love-Ru",
        "animeRomaji": "Motto To Love-Ru",
        "songName": "Loop-the-Loop",
        "artist": "KOTOKO",
        "type": "Opening 1",
        "correctCount": 131,
        "startTime": 32,
        "songDuration": 89.962437,
        "songNumber": 14,
        "activePlayerCount": 205,
        "LinkVideo": "https://files.catbox.moe/txssb6.webm",
        "LinkMp3": "https://files.catbox.moe/j58n19.mp3"
    },
    {
        "animeEng": "Arata naru Sekai: World's/Start/Load/End",
        "animeRomaji": "Arata naru Sekai: World's/Start/Load/End",
        "songName": "Aratanaru Sekai",
        "artist": "Marina Kawano",
        "type": "Ending 1",
        "correctCount": 7,
        "startTime": 25,
        "songDuration": 104.256,
        "songNumber": 15,
        "activePlayerCount": 204,
        "LinkVideo": "https://files.catbox.moe/nhzop7.webm",
        "LinkMp3": "https://files.catbox.moe/qx76n4.mp3"
    },
    {
        "animeEng": "Pocket Monsters: Pikachu no Fuyuyasumi",
        "animeRomaji": "Pocket Monsters: Pikachu no Fuyuyasumi",
        "songName": "Pikachu's Winter Vacation",
        "artist": "Russell Vel\u00e1zquez",
        "type": "Opening 1",
        "correctCount": 65,
        "startTime": 39,
        "songDuration": 84.456,
        "songNumber": 16,
        "activePlayerCount": 204,
        "LinkVideo": "https://files.catbox.moe/pl24wp.webm",
        "LinkMp3": "https://files.catbox.moe/uu361g.mp3"
    },
    {
        "animeEng": "Danganronpa The Animation",
        "animeRomaji": "Danganronpa Kib\u014d no Gakuen to Zetsub\u014d no K\u014dk\u014dsei The Animation",
        "songName": "Never Say Never",
        "artist": "TKDz2b",
        "type": "Opening 2",
        "correctCount": 168,
        "startTime": 16,
        "songDuration": 88.368,
        "songNumber": 17,
        "activePlayerCount": 204,
        "LinkVideo": "https://files.catbox.moe/66wemx.webm",
        "LinkMp3": "https://files.catbox.moe/rl98gx.mp3"
    },
    {
        "animeEng": "Ace of the Diamond act II",
        "animeRomaji": "Daiya no Ace act II",
        "songName": "Go EXCEED!!",
        "artist": "Tom-H@ck featuring Masayoshi \u014cishi",
        "type": "Opening 3",
        "correctCount": 118,
        "startTime": 38,
        "songDuration": 89.256,
        "songNumber": 18,
        "activePlayerCount": 203,
        "LinkVideo": "https://files.catbox.moe/flfirz.webm",
        "LinkMp3": "https://files.catbox.moe/g4oa1q.mp3"
    },
    {
        "animeEng": "Bungo Stray Dogs: Dead Apple",
        "animeRomaji": "Bungo Stray Dogs: Dead Apple",
        "songName": "Reason Living",
        "artist": "SCREEN mode",
        "type": "Insert Song",
        "correctCount": 122,
        "startTime": 3,
        "songDuration": 214.056,
        "songNumber": 19,
        "activePlayerCount": 202,
        "LinkVideo": "https://files.catbox.moe/3fwsce.webm",
        "LinkMp3": "https://files.catbox.moe/llop6c.mp3"
    },
    {
        "animeEng": "Happy\u2606Lesson",
        "animeRomaji": "Happy\u2606Lesson",
        "songName": "PLACE",
        "artist": "5-ri no Mama",
        "type": "Ending 1",
        "correctCount": 2,
        "startTime": 36,
        "songDuration": 86.616,
        "songNumber": 20,
        "activePlayerCount": 200,
        "LinkVideo": "https://files.catbox.moe/20v3j4.webm",
        "LinkMp3": "https://files.catbox.moe/fcfjgz.mp3",
        "correctPlayers": [
            "yahallonyanpasu",
            "SaroArsten"
        ]
    },
    {
        "animeEng": "Touch",
        "animeRomaji": "Touch",
        "songName": "Touch",
        "artist": "Yoshimi Iwasaki",
        "type": "Opening 1",
        "correctCount": 66,
        "startTime": 6,
        "songDuration": 88.919288,
        "songNumber": 21,
        "activePlayerCount": 202,
        "LinkVideo": "https://files.catbox.moe/chbdf9.webm",
        "LinkMp3": "https://files.catbox.moe/zp32vk.mp3"
    },
    {
        "animeEng": "Girl's High",
        "animeRomaji": "Joshik\u014dsei: Girl's High",
        "songName": "Kirameku",
        "artist": "yozuca*",
        "type": "Opening 1",
        "correctCount": 15,
        "startTime": 48,
        "songDuration": 88.997654,
        "songNumber": 22,
        "activePlayerCount": 202,
        "LinkVideo": "https://files.catbox.moe/b7pk2k.webm",
        "LinkMp3": "https://files.catbox.moe/23rflc.mp3"
    },
    {
        "animeEng": "Eternal Filena",
        "animeRomaji": "Eien no Filena",
        "songName": "OCEAN",
        "artist": "Azumi Inoue",
        "type": "Opening 1",
        "correctCount": 2,
        "startTime": 1,
        "songDuration": 75.192,
        "songNumber": 23,
        "activePlayerCount": 202,
        "LinkVideo": "https://files.catbox.moe/hsz91k.webm",
        "LinkMp3": "https://files.catbox.moe/sb82pn.mp3",
        "correctPlayers": [
            "romraisin",
            "Auriel"
        ]
    },
    {
        "animeEng": "Gate Keepers 21",
        "animeRomaji": "Gate Keepers 21",
        "songName": "Ima, Egao ga Areba",
        "artist": "Sakura Nogawa",
        "type": "Opening 2",
        "correctCount": 2,
        "startTime": 28,
        "songDuration": 88.584,
        "songNumber": 24,
        "activePlayerCount": 203,
        "LinkVideo": "https://files.catbox.moe/1kk2zh.webm",
        "LinkMp3": "https://files.catbox.moe/aojode.mp3",
        "correctPlayers": [
            "BombA",
            "SaroArsten"
        ]
    },
    {
        "animeEng": "Myself; Yourself",
        "animeRomaji": "Myself; Yourself",
        "songName": "Kimi to Yozora to Sakamichi to",
        "artist": "Kanako It\u014d",
        "type": "Ending 1",
        "correctCount": 52,
        "startTime": 27,
        "songDuration": 89.376,
        "songNumber": 25,
        "activePlayerCount": 203,
        "LinkVideo": "https://files.catbox.moe/usf929.webm",
        "LinkMp3": "https://files.catbox.moe/uv6t8o.mp3"
    },
    {
        "animeEng": "Engaged to the Unidentified",
        "animeRomaji": "Mikakunin de Shink\u014dkei",
        "songName": "Tomadoi\u2192Recipe",
        "artist": "Mikakuning!",
        "type": "Opening 1",
        "correctCount": 149,
        "startTime": 45,
        "songDuration": 90.096,
        "songNumber": 26,
        "activePlayerCount": 203,
        "LinkVideo": "https://files.catbox.moe/3atfa3.webm",
        "LinkMp3": "https://files.catbox.moe/jkwk0z.mp3"
    },
    {
        "animeEng": "VIRTUALSAN - LOOKING",
        "animeRomaji": "Virtual-san wa Miteiru",
        "songName": "Ai ga Tarinai",
        "artist": "Virtual Real feat. Yasutaka Nakata",
        "type": "Opening 2",
        "correctCount": 75,
        "startTime": 45,
        "songDuration": 102.48,
        "songNumber": 27,
        "activePlayerCount": 203,
        "LinkVideo": "https://files.catbox.moe/xx8iyn.webm",
        "LinkMp3": "https://files.catbox.moe/oow1vb.mp3"
    },
    {
        "animeEng": "Champion Gordian",
        "animeRomaji": "Toshi Gordian",
        "songName": "T\u014dshi Gordian",
        "artist": "Daijir\u014d Shiomi",
        "type": "Opening 1",
        "correctCount": 7,
        "startTime": 15,
        "songDuration": 78.048,
        "songNumber": 28,
        "activePlayerCount": 202,
        "LinkVideo": "https://files.catbox.moe/ez8kts.webm",
        "LinkMp3": "https://files.catbox.moe/xjtm45.mp3"
    },
    {
        "animeEng": "Hikago",
        "animeRomaji": "Hikaru no Go",
        "songName": "Get Over",
        "artist": "dream",
        "type": "Opening 1",
        "correctCount": 106,
        "startTime": 51,
        "songDuration": 87.122375,
        "songNumber": 29,
        "activePlayerCount": 203,
        "LinkVideo": "https://files.catbox.moe/17aze2.webm",
        "LinkMp3": "https://files.catbox.moe/ii3ypc.mp3"
    },
    {
        "animeEng": "Tantei Opera Milky Holmes Summer Special",
        "animeRomaji": "Tantei Opera Milky Holmes SS (Summer Special)",
        "songName": "Kokoro no Eden",
        "artist": "Yoshino Nanj\u014d",
        "type": "Insert Song",
        "correctCount": 14,
        "startTime": 24,
        "songDuration": 106.104,
        "songNumber": 30,
        "activePlayerCount": 203,
        "LinkVideo": "https://files.catbox.moe/uajg0w.webm",
        "LinkMp3": "https://files.catbox.moe/m49gq3.mp3"
    },
    {
        "animeEng": "Crayon Shin-chan: Unkokusai no Yab\u014d",
        "animeRomaji": "Crayon Shin-chan: Unkokusai no Yab\u014d",
        "songName": "Ora wa Ninkimono",
        "artist": "Akiko Yajima",
        "type": "Opening 1",
        "correctCount": 177,
        "startTime": 25,
        "songDuration": 62.52,
        "songNumber": 31,
        "activePlayerCount": 201,
        "LinkVideo": "https://files.catbox.moe/cr0oxo.webm",
        "LinkMp3": "https://files.catbox.moe/ybif6y.mp3"
    },
    {
        "animeEng": "MAGATSU WAHRHEIT",
        "animeRomaji": "Magatsu Wahrheit -Zuerst-",
        "songName": "disclose",
        "artist": "H-el-ical//",
        "type": "Ending 1",
        "correctCount": 9,
        "startTime": 0,
        "songDuration": 87.528,
        "songNumber": 32,
        "activePlayerCount": 201,
        "LinkVideo": "https://files.catbox.moe/8lzzzn.webm",
        "LinkMp3": "https://files.catbox.moe/eecdnx.mp3"
    },
    {
        "animeEng": "Kaleido Star: It's Good! Goood!!",
        "animeRomaji": "Kaleido Star: Good dayo! Goood!!",
        "songName": "Yakusoku no Basho e",
        "artist": "Chihiro Yonekura with Kaleido Stars",
        "type": "Opening 1",
        "correctCount": 20,
        "startTime": 227,
        "songDuration": 288.936,
        "songNumber": 33,
        "activePlayerCount": 201,
        "LinkVideo": "https://files.catbox.moe/2mduim.webm",
        "LinkMp3": "https://files.catbox.moe/w8mqs4.mp3"
    },
    {
        "animeEng": "Patlabor The Mobile Police",
        "animeRomaji": "Kid\u014d Keisatsu Patlabor",
        "songName": "Miraiha Lovers",
        "artist": "Hiroko Kasahara",
        "type": "Opening 1",
        "correctCount": 39,
        "startTime": 40,
        "songDuration": 91.16578,
        "songNumber": 34,
        "activePlayerCount": 202,
        "LinkVideo": "https://files.catbox.moe/wslza7.webm",
        "LinkMp3": "https://files.catbox.moe/kknl1l.mp3"
    },
    {
        "animeEng": "Senran Kagura: Ninja Flash!",
        "animeRomaji": "Senran Kagura",
        "songName": "Yamiyo wa Otome wo Hana ni Suru",
        "artist": "Eri Kitamura, Ai Kayano, Ryoko Shiraishi, Saori Goto, Megumi Toyoguchi",
        "type": "Ending 2",
        "correctCount": 30,
        "startTime": 43,
        "songDuration": 90.024,
        "songNumber": 35,
        "activePlayerCount": 202,
        "LinkVideo": "https://files.catbox.moe/xn4ych.webm",
        "LinkMp3": "https://files.catbox.moe/vx4zjs.mp3"
    },
    {
        "animeEng": "Dream Festival! R",
        "animeRomaji": "Dream Festival! R",
        "songName": "ALL FOR SMILE!",
        "artist": "Mikiko",
        "type": "Ending 3",
        "correctCount": 6,
        "startTime": 0,
        "songDuration": 89.85968,
        "songNumber": 36,
        "activePlayerCount": 202,
        "LinkVideo": "https://files.catbox.moe/8ucsgf.webm",
        "LinkMp3": "https://files.catbox.moe/h8r8ji.mp3"
    },
    {
        "animeEng": "Chibi Maruko-chan",
        "animeRomaji": "Chibi Maruko-chan",
        "songName": "Odoru Ponpokorin",
        "artist": "B.B.Queens",
        "type": "Ending 1",
        "correctCount": 83,
        "startTime": 44,
        "songDuration": 83.736,
        "songNumber": 37,
        "activePlayerCount": 202,
        "LinkVideo": "https://files.catbox.moe/ek0qtq.webm",
        "LinkMp3": "https://files.catbox.moe/d7hbxm.mp3"
    },
    {
        "animeEng": "Digimon Adventure tri. Chapter 4: Loss",
        "animeRomaji": "Digimon Adventure tri. S\u014dshitsu",
        "songName": "keep on ~tri.version~",
        "artist": "AiM",
        "type": "Ending 1",
        "correctCount": 10,
        "startTime": 12,
        "songDuration": 106.512,
        "songNumber": 38,
        "activePlayerCount": 201,
        "LinkVideo": "https://files.catbox.moe/8ezxpq.webm",
        "LinkMp3": "https://files.catbox.moe/h3w3wa.mp3"
    },
    {
        "animeEng": "Space Battleship Yamato 2199 Odyssey of the Celestial Ark",
        "animeRomaji": "Uch\u016b Senkan Yamato 2199: Hoshi-Meguru Hakobune",
        "songName": "Wakare",
        "artist": "Tokyo Konsei Gasshou-dan",
        "type": "Insert Song",
        "correctCount": 2,
        "startTime": 4,
        "songDuration": 38.088,
        "songNumber": 39,
        "activePlayerCount": 201,
        "LinkVideo": "https://files.catbox.moe/5iiksr.webm",
        "LinkMp3": "https://files.catbox.moe/j9z4gz.mp3",
        "correctPlayers": [
            "Moegi",
            "revel_"
        ]
    },
    {
        "animeEng": "+Tic Elder Sister",
        "animeRomaji": "+Tic Neesan",
        "songName": "Plastic\u2606Shikou",
        "artist": "ULTRA-PRISM",
        "type": "Opening 1",
        "correctCount": 94,
        "startTime": 16,
        "songDuration": 89.256,
        "songNumber": 40,
        "activePlayerCount": 201,
        "LinkVideo": "https://files.catbox.moe/feq6os.webm",
        "LinkMp3": "https://files.catbox.moe/dr6grx.mp3"
    },
    {
        "animeEng": "Spelunker Sensei",
        "animeRomaji": "Spelunker Sensei",
        "songName": "Risk my life -theme of SPELUNKER is a teacher-",
        "artist": "Takenobu Mitsuyoshi",
        "type": "Opening 1",
        "correctCount": 51,
        "startTime": 43,
        "songDuration": 94.32,
        "songNumber": 41,
        "activePlayerCount": 201,
        "LinkVideo": "https://files.catbox.moe/xzrsd3.webm",
        "LinkMp3": "https://files.catbox.moe/5jpnwo.mp3"
    },
    {
        "animeEng": "Log Horizon",
        "animeRomaji": "Log Horizon",
        "songName": "Your song*",
        "artist": "Yun*chi",
        "type": "Ending 1",
        "correctCount": 155,
        "startTime": 21,
        "songDuration": 90.24,
        "songNumber": 42,
        "activePlayerCount": 200,
        "LinkVideo": "https://files.catbox.moe/w9h0is.webm",
        "LinkMp3": "https://files.catbox.moe/3v791x.mp3"
    },
    {
        "animeEng": "Blue Exorcist: Kyoto Saga",
        "animeRomaji": "Ao no Exorcist: Kyoto Fuj\u014d \u014c-hen",
        "songName": "Itteki no Eiky\u014d",
        "artist": "UVERworld",
        "type": "Opening 1",
        "correctCount": 124,
        "startTime": 42,
        "songDuration": 89.52,
        "songNumber": 43,
        "activePlayerCount": 200,
        "LinkVideo": "https://files.catbox.moe/oy8tgf.webm",
        "LinkMp3": "https://files.catbox.moe/9l2wa1.mp3"
    },
    {
        "animeEng": "Eiga Dokidoki! Precure Mana Kekkon!!? Mirai ni Tsunagu Kib\u014d no Dress",
        "animeRomaji": "Eiga Dokidoki! Precure Mana Kekkon!!? Mirai ni Tsunagu Kib\u014d no Dress",
        "songName": "Happy Go Lucky! Dokidoki! Precure",
        "artist": "Tomoyo Kurosawa",
        "type": "Opening 1",
        "correctCount": 56,
        "startTime": 16,
        "songDuration": 85.224,
        "songNumber": 44,
        "activePlayerCount": 199,
        "LinkVideo": "https://files.catbox.moe/m6olnu.webm",
        "LinkMp3": "https://files.catbox.moe/y0twdt.mp3"
    },
    {
        "animeEng": "PriPara",
        "animeRomaji": "PriPara",
        "songName": "Make it!",
        "artist": "Minami Tanaka",
        "type": "Insert Song",
        "correctCount": 67,
        "startTime": 0,
        "songDuration": 23.544,
        "songNumber": 45,
        "activePlayerCount": 200,
        "LinkVideo": "https://files.catbox.moe/mtkjkz.webm",
        "LinkMp3": "https://files.catbox.moe/klb9zg.mp3"
    },
    {
        "animeEng": "Lil' Red Riding Hood Cha-Cha",
        "animeRomaji": "Aka-zukin Cha-Cha",
        "songName": "Make Me Smile",
        "artist": "Yuki Matsuura",
        "type": "Opening 1",
        "correctCount": 5,
        "startTime": 30,
        "songDuration": 84.76589,
        "songNumber": 46,
        "activePlayerCount": 199,
        "LinkVideo": "https://files.catbox.moe/pje6af.webm",
        "LinkMp3": "https://files.catbox.moe/odzdxh.mp3",
        "correctPlayers": [
            "serika",
            "romraisin",
            "Rukawa11",
            "normi",
            "Miki_P"
        ]
    },
    {
        "animeEng": "Rosario + Vampire Capu2",
        "animeRomaji": "Rosario to Vampire Capu2",
        "songName": "COSMIC LOVE",
        "artist": "Nana Mizuki",
        "type": "Insert Song",
        "correctCount": 141,
        "startTime": 30,
        "songDuration": 91.056,
        "songNumber": 47,
        "activePlayerCount": 199,
        "LinkVideo": "https://files.catbox.moe/oee0yi.webm",
        "LinkMp3": "https://files.catbox.moe/q0nyo1.mp3"
    },
    {
        "animeEng": "Slayers: The Motion Picture",
        "animeRomaji": "Slayers: The Motion Picture",
        "songName": "Midnight Blue",
        "artist": "Megumi Hayashibara",
        "type": "Ending 1",
        "correctCount": 12,
        "startTime": 5,
        "songDuration": 148.44,
        "songNumber": 48,
        "activePlayerCount": 199,
        "LinkVideo": "https://files.catbox.moe/f4n1o9.webm",
        "LinkMp3": "https://files.catbox.moe/8p4qwa.mp3"
    },
    {
        "animeEng": "Sword Art Online: Alicization",
        "animeRomaji": "Sword Art Online: Alicization",
        "songName": "Iris",
        "artist": "Eir Aoi",
        "type": "Ending 1",
        "correctCount": 107,
        "startTime": 8,
        "songDuration": 89.088,
        "songNumber": 49,
        "activePlayerCount": 198,
        "LinkVideo": "https://files.catbox.moe/o2snyi.webm",
        "LinkMp3": "https://files.catbox.moe/tghx3c.mp3"
    },
    {
        "animeEng": "Kino no Tabi: Nanika o Suru Tame ni -life goes on.-",
        "animeRomaji": "Kino no Tabi: Nanika o Suru Tame ni -life goes on.-",
        "songName": "all the way",
        "artist": "Mikuni Shimokawa",
        "type": "Opening 1",
        "correctCount": 118,
        "startTime": 27,
        "songDuration": 89.064,
        "songNumber": 50,
        "activePlayerCount": 198,
        "LinkVideo": "https://files.catbox.moe/v5b9it.webm",
        "LinkMp3": "https://files.catbox.moe/ltt4je.mp3"
    },
    {
        "animeEng": "Monster Kid",
        "animeRomaji": "Kaibutsu-kun",
        "songName": "Yukai Tsuukai Kaibutsu-kun",
        "artist": "Masako Nozawa",
        "type": "Opening 1",
        "correctCount": 26,
        "startTime": 24,
        "songDuration": 59.136,
        "songNumber": 51,
        "activePlayerCount": 198,
        "LinkVideo": "https://files.catbox.moe/gs76kf.webm",
        "LinkMp3": "https://files.catbox.moe/dpbkzb.mp3"
    },
    {
        "animeEng": "Levius",
        "animeRomaji": "Levius",
        "songName": "wit and love",
        "artist": "Nazome",
        "type": "Opening 1",
        "correctCount": 32,
        "startTime": 32,
        "songDuration": 101.904,
        "songNumber": 52,
        "activePlayerCount": 197,
        "LinkVideo": "https://files.catbox.moe/28cs0n.webm",
        "LinkMp3": "https://files.catbox.moe/emhjf3.mp3"
    },
    {
        "animeEng": "Revolutionary Girl Utena",
        "animeRomaji": "Sh\u014djo Kakumei Utena",
        "songName": "Virtual Star Hasseigaku",
        "artist": "Maki Kamiya",
        "type": "Ending 2",
        "correctCount": 34,
        "startTime": 7,
        "songDuration": 71.256,
        "songNumber": 53,
        "activePlayerCount": 199,
        "LinkVideo": "https://files.catbox.moe/zha4wy.webm",
        "LinkMp3": "https://files.catbox.moe/cfpofd.mp3"
    },
    {
        "animeEng": "My Three Daughters",
        "animeRomaji": "Uchi no 3 Shimai",
        "songName": "Shode! Shode! Dancing!",
        "artist": "Mayu Kud\u014d",
        "type": "Opening 1",
        "correctCount": 5,
        "startTime": 20,
        "songDuration": 90.303754,
        "songNumber": 54,
        "activePlayerCount": 197,
        "LinkVideo": "https://files.catbox.moe/3kezbg.webm",
        "LinkMp3": "https://files.catbox.moe/uzg5ks.mp3",
        "correctPlayers": [
            "TraceofLife",
            "Catisam",
            "romraisin",
            "ThiccThighs",
            "SaroArsten"
        ]
    },
    {
        "animeEng": "Ichigo 100%",
        "animeRomaji": "Ichigo 100%",
        "songName": "SHINE OF VOICE",
        "artist": "dream",
        "type": "Opening 1",
        "correctCount": 34,
        "startTime": 22,
        "songDuration": 86.688,
        "songNumber": 55,
        "activePlayerCount": 198,
        "LinkVideo": "https://files.catbox.moe/0z3be9.webm",
        "LinkMp3": "https://files.catbox.moe/a9dof5.mp3"
    },
    {
        "animeEng": "Dragon Ball: The Path to Power",
        "animeRomaji": "Dragon Ball: Saikyou e no Michi",
        "songName": "DAN DAN Kokoro Hikarete ku",
        "artist": "FIELD OF VIEW",
        "type": "Ending 1",
        "correctCount": 135,
        "startTime": 14,
        "songDuration": 107.568,
        "songNumber": 56,
        "activePlayerCount": 198,
        "LinkVideo": "https://files.catbox.moe/76hrfg.webm",
        "LinkMp3": "https://files.catbox.moe/dfdocw.mp3"
    },
    {
        "animeEng": "Z-Mind",
        "animeRomaji": "Shishunki Bish\u014djo Gattai Robo Z-MIND",
        "songName": "Otome no Inori",
        "artist": "Masako Iwanaga",
        "type": "Opening 1",
        "correctCount": 5,
        "startTime": 46,
        "songDuration": 82.704,
        "songNumber": 57,
        "activePlayerCount": 195,
        "LinkVideo": "https://files.catbox.moe/o1nyj0.webm",
        "LinkMp3": "https://files.catbox.moe/dx64kq.mp3",
        "correctPlayers": [
            "Zylda",
            "yahallonyanpasu",
            "romraisin",
            "Moegi",
            "80s"
        ]
    },
    {
        "animeEng": "Null & Peta",
        "animeRomaji": "Null Peta",
        "songName": "#NULL!*Peta",
        "artist": "Azumi Waki & Reina Ueda",
        "type": "Opening 1",
        "correctCount": 130,
        "startTime": 19,
        "songDuration": 60.408,
        "songNumber": 58,
        "activePlayerCount": 196,
        "LinkVideo": "https://files.catbox.moe/7tmstg.webm",
        "LinkMp3": "https://files.catbox.moe/1nqod8.mp3"
    },
    {
        "animeEng": "Basquash!",
        "animeRomaji": "Basquash!",
        "songName": "moon passport",
        "artist": "Saori Hayami (from Eclipse)",
        "type": "Insert Song",
        "correctCount": 7,
        "startTime": 22,
        "songDuration": 59.688,
        "songNumber": 59,
        "activePlayerCount": 196,
        "LinkVideo": "https://files.catbox.moe/xeexxg.webm",
        "LinkMp3": "https://files.catbox.moe/l42a0o.mp3"
    },
    {
        "animeEng": "Kono Oto Tomare!: Sounds of Life",
        "animeRomaji": "Kono Oto Tomare!",
        "songName": "Tone",
        "artist": "Sh\u014dta Aoi",
        "type": "Opening 1",
        "correctCount": 102,
        "startTime": 18,
        "songDuration": 90,
        "songNumber": 60,
        "activePlayerCount": 195,
        "LinkVideo": "https://files.catbox.moe/oyl42y.webm",
        "LinkMp3": "https://files.catbox.moe/4dtmn6.mp3"
    },
    {
        "animeEng": "Akudama Drive",
        "animeRomaji": "Akudama Drive",
        "songName": "Ready",
        "artist": "UraShimaSakataSen",
        "type": "Ending 1",
        "correctCount": 69,
        "startTime": 25,
        "songDuration": 87.24,
        "songNumber": 61,
        "activePlayerCount": 195,
        "LinkVideo": "https://files.catbox.moe/rq4w0i.webm",
        "LinkMp3": "https://files.catbox.moe/vxt4as.mp3"
    },
    {
        "animeEng": "Mobile Suit Gundam Narrative",
        "animeRomaji": "Kid\u014d Senshi Gundam NT",
        "songName": "Vigilante <ver0.5+@>",
        "artist": "mpi,Gemie",
        "type": "Insert Song",
        "correctCount": 22,
        "startTime": 25,
        "songDuration": 89.832,
        "songNumber": 62,
        "activePlayerCount": 195,
        "LinkVideo": "https://files.catbox.moe/1qr9uw.webm",
        "LinkMp3": "https://files.catbox.moe/41r0lg.mp3"
    },
    {
        "animeEng": "Futari wa Precure Splash\u2605Star",
        "animeRomaji": "Futari wa Precure Splash\u2605Star",
        "songName": "Makasete\u2605Splash\u2606Star",
        "artist": "Yuka Uchiyae with Splash Stars",
        "type": "Opening 1",
        "correctCount": 125,
        "startTime": 7,
        "songDuration": 80.952,
        "songNumber": 63,
        "activePlayerCount": 195,
        "LinkVideo": "https://files.catbox.moe/gju1ng.webm",
        "LinkMp3": "https://files.catbox.moe/wvoeqc.mp3"
    },
    {
        "animeEng": "Sound of the Sky",
        "animeRomaji": "So Ra No Wo To",
        "songName": "Girls, Be Ambitious.",
        "artist": "Haruka Tomatsu",
        "type": "Ending 1",
        "correctCount": 47,
        "startTime": 10,
        "songDuration": 89.16,
        "songNumber": 64,
        "activePlayerCount": 195,
        "LinkVideo": "https://files.catbox.moe/phfz1m.webm",
        "LinkMp3": "https://files.catbox.moe/8y9qt6.mp3"
    },
    {
        "animeEng": "Crayon Shin-chan: Densetsu o Yobu Buriburi Sanpun Pokkiri Daishingeki",
        "animeRomaji": "Crayon Shin-chan: Densetsu o Yobu Buriburi Sanpun Pokkiri Daishingeki",
        "songName": "Crayon Beats",
        "artist": "AI",
        "type": "Ending 1",
        "correctCount": 10,
        "startTime": 65,
        "songDuration": 158.256,
        "songNumber": 65,
        "activePlayerCount": 195,
        "LinkVideo": "https://files.catbox.moe/vv7xbm.webm",
        "LinkMp3": "https://files.catbox.moe/gunmbk.mp3"
    },
    {
        "animeEng": "Amagami SS+",
        "animeRomaji": "Amagami SS+",
        "songName": "Check My Soul",
        "artist": "azusa",
        "type": "Opening 1",
        "correctCount": 129,
        "startTime": 24,
        "songDuration": 88.008,
        "songNumber": 66,
        "activePlayerCount": 195,
        "LinkVideo": "https://files.catbox.moe/ipsr1n.webm",
        "LinkMp3": "https://files.catbox.moe/bhpjzh.mp3"
    },
    {
        "animeEng": "Masamune-kun's Revenge",
        "animeRomaji": "Masamune-kun no Revenge",
        "songName": "Amagigoe",
        "artist": "Inori Minase",
        "type": "Insert Song",
        "correctCount": 82,
        "startTime": 0,
        "songDuration": 25.577075,
        "songNumber": 67,
        "activePlayerCount": 195,
        "LinkVideo": "https://files.catbox.moe/n9pi9r.webm",
        "LinkMp3": "https://files.catbox.moe/jslyo0.mp3"
    },
    {
        "animeEng": "Gleipnir",
        "animeRomaji": "Gleipnir",
        "songName": "Ame to Taieki to Nioi",
        "artist": "Mili",
        "type": "Ending 1",
        "correctCount": 86,
        "startTime": 34,
        "songDuration": 86.928,
        "songNumber": 68,
        "activePlayerCount": 195,
        "LinkVideo": "https://files.catbox.moe/85wuh2.webm",
        "LinkMp3": "https://files.catbox.moe/39mk0l.mp3"
    },
    {
        "animeEng": "Miyori's Forest",
        "animeRomaji": "Miyori no Mori",
        "songName": "Miyori no Mori",
        "artist": "Chitose Hajime",
        "type": "Ending 1",
        "correctCount": 4,
        "startTime": 8,
        "songDuration": 126.064772,
        "songNumber": 69,
        "activePlayerCount": 194,
        "LinkVideo": "https://files.catbox.moe/h2jlk8.webm",
        "LinkMp3": "https://files.catbox.moe/9py5kl.mp3",
        "correctPlayers": [
            "Alsex",
            "BombA",
            "asleep",
            "Ccal"
        ]
    },
    {
        "animeEng": "Beyblade: V-Force",
        "animeRomaji": "Bakuten Shoot Beyblade 2002",
        "songName": "Let's Beyblade",
        "artist": "Sick Kid featuring Lukas Rossi",
        "type": "Opening 1",
        "correctCount": 164,
        "startTime": 12,
        "songDuration": 59.928,
        "songNumber": 70,
        "activePlayerCount": 193,
        "LinkVideo": "https://files.catbox.moe/u3nle4.webm",
        "LinkMp3": "https://files.catbox.moe/ckm177.mp3"
    },
    {
        "animeEng": "Sword Oratoria: Is It Wrong to Try to Pick Up Girls in a Dungeon? On the Side",
        "animeRomaji": "DanMachi: Sword Oratoria",
        "songName": "RE-ILLUSION",
        "artist": "Yuka Iguchi",
        "type": "Opening 1",
        "correctCount": 97,
        "startTime": 6,
        "songDuration": 90.12,
        "songNumber": 71,
        "activePlayerCount": 193,
        "LinkVideo": "https://files.catbox.moe/zhsepz.webm",
        "LinkMp3": "https://files.catbox.moe/plhtfl.mp3"
    },
    {
        "animeEng": "Noblesse",
        "animeRomaji": "Noblesse",
        "songName": "Etoile",
        "artist": "OH MY GIRL",
        "type": "Ending 1",
        "correctCount": 59,
        "startTime": 39,
        "songDuration": 88.92,
        "songNumber": 72,
        "activePlayerCount": 192,
        "LinkVideo": "https://files.catbox.moe/eq7ueo.webm",
        "LinkMp3": "https://files.catbox.moe/fy6dww.mp3"
    },
    {
        "animeEng": "Knight Hunters",
        "animeRomaji": "Wei\u00df Kreuz",
        "songName": "Oh Mercy",
        "artist": "Wei\u00df",
        "type": "Insert Song",
        "correctCount": 3,
        "startTime": 3,
        "songDuration": 57.408,
        "songNumber": 73,
        "activePlayerCount": 192,
        "LinkVideo": "https://files.catbox.moe/z68ll1.webm",
        "LinkMp3": "https://files.catbox.moe/zbbadr.mp3",
        "correctPlayers": [
            "ericispog",
            "asleep",
            "PedroMartinez"
        ]
    },
    {
        "animeEng": "Put It All in the Ring 1: Shadow Chapter",
        "animeRomaji": "Ring ni Kakero 1: Shadow",
        "songName": "Asu e no Hish\u014d ~flap your wings~",
        "artist": "Marina del ray",
        "type": "Ending 1",
        "correctCount": 3,
        "startTime": 77,
        "songDuration": 115.069375,
        "songNumber": 74,
        "activePlayerCount": 192,
        "LinkVideo": "https://files.catbox.moe/6ivkxo.webm",
        "LinkMp3": "https://files.catbox.moe/r3orxs.mp3",
        "correctPlayers": [
            "Catisam",
            "asleep",
            "Moegi"
        ]
    },
    {
        "animeEng": "Keith Courage 2",
        "animeRomaji": "Mashin Eiy\u016bden Wataru 2",
        "songName": "Kimi ni Tomaranai ~MY GIRL,MY LOVE",
        "artist": "Yumiko Takahashi",
        "type": "Ending 1",
        "correctCount": 4,
        "startTime": 5,
        "songDuration": 60.054478,
        "songNumber": 75,
        "activePlayerCount": 192,
        "LinkVideo": "https://files.catbox.moe/qoeq3l.webm",
        "LinkMp3": "https://files.catbox.moe/91yeuu.mp3",
        "correctPlayers": [
            "TraceofLife",
            "Tooru",
            "ATP",
            "Ccal"
        ]
    }
]