[
    {
        "animeEng": "Rainbow",
        "animeRomaji": "Rainbow: Nisha Rokub\u014d no Shichinin",
        "songName": "Aish\u016b ROCK",
        "artist": "Hiroaki Takeuchi",
        "type": "Insert Song",
        "correctCount": 34,
        "startTime": 12,
        "songDuration": 48.048,
        "songNumber": 1,
        "activePlayerCount": 281,
        "LinkVideo": "https://files.catbox.moe/e9pac7.webm",
        "LinkMp3": "https://files.catbox.moe/kenhlw.mp3"
    },
    {
        "animeEng": "STRIKE THE BLOOD OVA",
        "animeRomaji": "Strike the Blood: Valkyria no \u014ckoku-hen",
        "songName": "Kimi wa Soleil",
        "artist": "Kanon Wakeshima",
        "type": "Ending 1",
        "correctCount": 9,
        "startTime": 47,
        "songDuration": 88.44,
        "songNumber": 2,
        "activePlayerCount": 281,
        "LinkVideo": "https://files.catbox.moe/yhwhrv.webm",
        "LinkMp3": "https://files.catbox.moe/l9yaym.mp3"
    },
    {
        "animeEng": "Vampire Knight",
        "animeRomaji": "Vampire Knight",
        "songName": "still doll",
        "artist": "Kanon Wakeshima",
        "type": "Ending 1",
        "correctCount": 53,
        "startTime": 27,
        "songDuration": 87.072,
        "songNumber": 3,
        "activePlayerCount": 281,
        "LinkVideo": "https://files.catbox.moe/4u8e42.webm",
        "LinkMp3": "https://files.catbox.moe/cdmjbu.mp3"
    },
    {
        "animeEng": "Arakawa Under the Bridge",
        "animeRomaji": "Arakawa Under the Bridge",
        "songName": "Venus to Jesus",
        "artist": "Etsuko Yakushimaru",
        "type": "Opening 1",
        "correctCount": 99,
        "startTime": 7,
        "songDuration": 87.864,
        "songNumber": 4,
        "activePlayerCount": 280,
        "LinkVideo": "https://files.catbox.moe/qopbq6.webm",
        "LinkMp3": "https://files.catbox.moe/ie7ec7.mp3"
    },
    {
        "animeEng": "NEW GAME!!",
        "animeRomaji": "NEW GAME!!",
        "songName": "Miracle\u2606Magical\u2606Moonranger -Special Edition.-",
        "artist": "Hibiku Yamamura & Akane Fujita",
        "type": "Insert Song",
        "correctCount": 81,
        "startTime": 0,
        "songDuration": 23.448,
        "songNumber": 5,
        "activePlayerCount": 279,
        "LinkVideo": "https://files.catbox.moe/ovgn6f.webm",
        "LinkMp3": "https://files.catbox.moe/e9epqu.mp3"
    },
    {
        "animeEng": "Grimgar, Ashes and Illusions",
        "animeRomaji": "Hai to Gens\u014d no Grimgar",
        "songName": "Knew day",
        "artist": "(K)NoW_NAME:Ayaka Tachibana",
        "type": "Opening 1",
        "correctCount": 156,
        "startTime": 24,
        "songDuration": 86.064,
        "songNumber": 6,
        "activePlayerCount": 279,
        "LinkVideo": "https://files.catbox.moe/jbykqo.webm",
        "LinkMp3": "https://files.catbox.moe/nsocqp.mp3"
    },
    {
        "animeEng": "Star\u2606Twinkle Precure",
        "animeRomaji": "Star\u2606Twinkle Precure",
        "songName": "Twinkle Stars",
        "artist": "Eimi Naruse, Kiyono Yasuno, Konomi Kohara, Mikako Komatsu, Sumire Uesaka",
        "type": "Ending 4",
        "correctCount": 12,
        "startTime": 3,
        "songDuration": 87.36,
        "songNumber": 7,
        "activePlayerCount": 279,
        "LinkVideo": "https://files.catbox.moe/hbhu5e.webm",
        "LinkMp3": "https://files.catbox.moe/ywfknh.mp3"
    },
    {
        "animeEng": "Sakura Wars",
        "animeRomaji": "Sakura Taisen",
        "songName": "Hanasaku Otome",
        "artist": "Teikoku Kageki-dan",
        "type": "Ending 2",
        "correctCount": 7,
        "startTime": 29,
        "songDuration": 301.8,
        "songNumber": 8,
        "activePlayerCount": 277,
        "LinkVideo": "https://files.catbox.moe/se5wlr.webm",
        "LinkMp3": "https://files.catbox.moe/bfs7s2.mp3"
    },
    {
        "animeEng": "Appleseed",
        "animeRomaji": "Appleseed",
        "songName": "Good Luck",
        "artist": "Basement Jaxx (feat. Lisa Kekaula)",
        "type": "Opening 1",
        "correctCount": 33,
        "startTime": 51,
        "songDuration": 89.304,
        "songNumber": 9,
        "activePlayerCount": 275,
        "LinkVideo": "https://files.catbox.moe/xvood1.webm",
        "LinkMp3": "https://files.catbox.moe/1tzzts.mp3"
    },
    {
        "animeEng": "Please Take My Brother Away! 2",
        "animeRomaji": "Ani Ni Tsukeru Kusuri wa Nai! 2",
        "songName": "Let Him Go!!",
        "artist": "Yuuka Neko",
        "type": "Opening 1",
        "correctCount": 115,
        "startTime": 0,
        "songDuration": 25.872,
        "songNumber": 10,
        "activePlayerCount": 276,
        "LinkVideo": "https://files.catbox.moe/gr2pwc.webm",
        "LinkMp3": "https://files.catbox.moe/5l37qm.mp3"
    },
    {
        "animeEng": "Kakegurui",
        "animeRomaji": "Kakegurui",
        "songName": "LAYon-theLINE",
        "artist": "D-selections",
        "type": "Ending 1",
        "correctCount": 118,
        "startTime": 20,
        "songDuration": 89.016,
        "songNumber": 11,
        "activePlayerCount": 276,
        "LinkVideo": "https://files.catbox.moe/ydhi9j.webm",
        "LinkMp3": "https://files.catbox.moe/iepyjf.mp3"
    },
    {
        "animeEng": "Aikatsu on Parade!",
        "animeRomaji": "Aikatsu on Parade!",
        "songName": "In bloom",
        "artist": "Ayane\u30fbRuka\u30fbRie/Karen from BEST FRIENDS!",
        "type": "Insert Song",
        "correctCount": 8,
        "startTime": 16,
        "songDuration": 137.52,
        "songNumber": 12,
        "activePlayerCount": 276,
        "LinkVideo": "https://files.catbox.moe/u4scsw.webm",
        "LinkMp3": "https://files.catbox.moe/mznfeo.mp3"
    },
    {
        "animeEng": "Eureka Seven",
        "animeRomaji": "K\u014dky\u014dshihen Eureka Seven",
        "songName": "Days",
        "artist": "FLOW",
        "type": "Opening 1",
        "correctCount": 83,
        "startTime": 45,
        "songDuration": 89.832,
        "songNumber": 13,
        "activePlayerCount": 276,
        "LinkVideo": "https://files.catbox.moe/55ww3p.webm",
        "LinkMp3": "https://files.catbox.moe/q2qf6i.mp3"
    },
    {
        "animeEng": "Love, Chunibyo & Other Delusions! -Heart Throb-",
        "animeRomaji": "Chu-2 Byo demo Koi ga Shitai! Ren",
        "songName": "VOICE",
        "artist": "ZAQ",
        "type": "Opening 1",
        "correctCount": 132,
        "startTime": 11,
        "songDuration": 90.168,
        "songNumber": 14,
        "activePlayerCount": 277,
        "LinkVideo": "https://files.catbox.moe/fsy78x.webm",
        "LinkMp3": "https://files.catbox.moe/zghh2f.mp3"
    },
    {
        "animeEng": "Robotics;Notes",
        "animeRomaji": "Robotics;Notes",
        "songName": "Junj\u014d Spectra",
        "artist": "Zwei",
        "type": "Opening 1",
        "correctCount": 57,
        "startTime": 48,
        "songDuration": 88.416,
        "songNumber": 15,
        "activePlayerCount": 278,
        "LinkVideo": "https://files.catbox.moe/eoe1pl.webm",
        "LinkMp3": "https://files.catbox.moe/lx3srr.mp3"
    },
    {
        "animeEng": "Kiddy Grade: Maelstrom",
        "animeRomaji": "Kiddy Grade: Maelstrom",
        "songName": "Mou Nidoto",
        "artist": "savage genius",
        "type": "Ending 1",
        "correctCount": 5,
        "startTime": 175,
        "songDuration": 287.856,
        "songNumber": 16,
        "activePlayerCount": 277,
        "LinkVideo": "https://files.catbox.moe/y0hoos.webm",
        "LinkMp3": "https://files.catbox.moe/1n7g1b.mp3",
        "correctPlayers": [
            "yuusha_fuyuno",
            "AsaShigure",
            "Diukes",
            "theyangster",
            "Kirivert"
        ]
    },
    {
        "animeEng": "Uta no\u2606Prince-sama\u266aMaji LOVE Kingdom",
        "animeRomaji": "Uta no\u2606Prince-sama\u266aMaji LOVE Kingdom",
        "songName": "GIRA\u00d72\u2605SEVEN",
        "artist": "HE\u2605VENS",
        "type": "Insert Song",
        "correctCount": 4,
        "startTime": 159,
        "songDuration": 196.944,
        "songNumber": 17,
        "activePlayerCount": 276,
        "LinkVideo": "https://files.catbox.moe/9pe4t7.webm",
        "LinkMp3": "https://files.catbox.moe/t16rcl.mp3",
        "correctPlayers": [
            "ElDonte",
            "Mizu182",
            "Blacky_Doll",
            "Martinch"
        ]
    },
    {
        "animeEng": "Zambot 3",
        "animeRomaji": "Muteki Ch\u014djin Zambot 3",
        "songName": "Ike! Zambot 3",
        "artist": "Ichiro Horimitsu, The Blessin' Four, The Chirps",
        "type": "Opening 1",
        "correctCount": 177,
        "startTime": 51,
        "songDuration": 89.064,
        "songNumber": 18,
        "activePlayerCount": 276,
        "LinkVideo": "https://files.catbox.moe/awikmr.webm",
        "LinkMp3": "https://files.catbox.moe/ew2npk.mp3"
    },
    {
        "animeEng": "Chaika - The Coffin Princess Avenging Battle",
        "animeRomaji": "Hitsugi no Chaika Avenging Battle",
        "songName": "Shikkoku o Nuritsubuse",
        "artist": "Iori Nomizu",
        "type": "Opening 1",
        "correctCount": 62,
        "startTime": 16,
        "songDuration": 89.064,
        "songNumber": 19,
        "activePlayerCount": 275,
        "LinkVideo": "https://files.catbox.moe/omsv4p.webm",
        "LinkMp3": "https://files.catbox.moe/tneh0w.mp3"
    },
    {
        "animeEng": "Mazinger Z",
        "animeRomaji": "Mazinger Z",
        "songName": "Mazinger Z",
        "artist": "Ichiro Mizuki",
        "type": "Opening 1",
        "correctCount": 181,
        "startTime": 3,
        "songDuration": 50.952,
        "songNumber": 20,
        "activePlayerCount": 275,
        "LinkVideo": "https://files.catbox.moe/y6myxk.webm",
        "LinkMp3": "https://files.catbox.moe/ovowre.mp3"
    },
    {
        "animeEng": "The Testament of Sister New Devil",
        "animeRomaji": "Shinmai Ma\u014d no Testament",
        "songName": "Blade of Hope",
        "artist": "sweet ARMS",
        "type": "Opening 1",
        "correctCount": 146,
        "startTime": 15,
        "songDuration": 89.232752,
        "songNumber": 21,
        "activePlayerCount": 274,
        "LinkVideo": "https://files.catbox.moe/wp9qof.webm",
        "LinkMp3": "https://files.catbox.moe/6h7zy5.mp3"
    },
    {
        "animeEng": "Welcome to the Ballroom",
        "animeRomaji": "Ballroom e Y\u014dkoso",
        "songName": "Into the Groove",
        "artist": "Elizabeth Elias",
        "type": "Insert Song",
        "correctCount": 20,
        "startTime": 10,
        "songDuration": 85.224,
        "songNumber": 22,
        "activePlayerCount": 274,
        "LinkVideo": "https://files.catbox.moe/6zz44i.webm",
        "LinkMp3": "https://files.catbox.moe/5fhpzc.mp3"
    },
    {
        "animeEng": "Mob Psycho 100",
        "animeRomaji": "Mob Psycho 100",
        "songName": "Refrain Boy -TEKINA remix-",
        "artist": "ALL OFF",
        "type": "Ending 3",
        "correctCount": 128,
        "startTime": 37,
        "songDuration": 96.312,
        "songNumber": 23,
        "activePlayerCount": 273,
        "LinkVideo": "https://files.catbox.moe/asjssn.webm",
        "LinkMp3": "https://files.catbox.moe/kuv23r.mp3"
    },
    {
        "animeEng": "Tsuri Baka Nisshi",
        "animeRomaji": "Tsuri Baka Nisshi",
        "songName": "Kaze no Nai Umi de Dakishimete",
        "artist": "Rina Aiuchi",
        "type": "Ending 1",
        "correctCount": 0,
        "startTime": 25,
        "songDuration": 78.648,
        "songNumber": 24,
        "activePlayerCount": 275,
        "LinkVideo": "https://files.catbox.moe/nsc83k.webm",
        "LinkMp3": "https://files.catbox.moe/slnd4y.mp3"
    },
    {
        "animeEng": "Neo Angelique Abyss",
        "animeRomaji": "Neo Angelique Abyss",
        "songName": "JOY TO THE WORLD",
        "artist": "Orb Hunter 4",
        "type": "Opening 1",
        "correctCount": 8,
        "startTime": 56,
        "songDuration": 89.76,
        "songNumber": 25,
        "activePlayerCount": 274,
        "LinkVideo": "https://files.catbox.moe/obf4nr.webm",
        "LinkMp3": "https://files.catbox.moe/jcxcs7.mp3"
    },
    {
        "animeEng": "Ogre Slayer",
        "animeRomaji": "Onikirimaru",
        "songName": "Owari no Nai H\u014dk\u014d",
        "artist": "Takeshi Kusao",
        "type": "Ending 1",
        "correctCount": 2,
        "startTime": 114,
        "songDuration": 157.032,
        "songNumber": 26,
        "activePlayerCount": 275,
        "LinkVideo": "https://files.catbox.moe/jyy3jz.webm",
        "LinkMp3": "https://files.catbox.moe/c5zph3.mp3",
        "correctPlayers": [
            "80s",
            "Catisam"
        ]
    },
    {
        "animeEng": "Futari wa Precure Splash\u2605Star Tick Tack Kiki Ippatsu!",
        "animeRomaji": "Futari wa Precure Splash\u2605Star Tick Tack Kiki Ippatsu!",
        "songName": "Makasete\u2605Splash\u2606Star",
        "artist": "Yuka Uchiyae with Splash Stars",
        "type": "Opening 1",
        "correctCount": 72,
        "startTime": 30,
        "songDuration": 79.896,
        "songNumber": 27,
        "activePlayerCount": 275,
        "LinkVideo": "https://files.catbox.moe/cs6x37.webm",
        "LinkMp3": "https://files.catbox.moe/5jz4um.mp3"
    },
    {
        "animeEng": "Galaxy Fraulein Yuna",
        "animeRomaji": "Ginga Ojousama Densetsu Yuna",
        "songName": "Funny Funny Little Girl",
        "artist": "Chisa Yokoyama",
        "type": "Opening 1",
        "correctCount": 3,
        "startTime": 45,
        "songDuration": 102.744,
        "songNumber": 28,
        "activePlayerCount": 275,
        "LinkVideo": "https://files.catbox.moe/sc97rp.webm",
        "LinkMp3": "https://files.catbox.moe/zxlhv8.mp3",
        "correctPlayers": [
            "Motsu",
            "80s",
            "BitGigbits"
        ]
    },
    {
        "animeEng": "Battle Spirits: Sh\u014dnen Gekiha Dan",
        "animeRomaji": "Battle Spirits: Sh\u014dnen Gekiha Dan",
        "songName": "Battle No Limit!",
        "artist": "JAM Project",
        "type": "Opening 1",
        "correctCount": 8,
        "startTime": 11,
        "songDuration": 88.083384,
        "songNumber": 29,
        "activePlayerCount": 275,
        "LinkVideo": "https://files.catbox.moe/gvz5yx.webm",
        "LinkMp3": "https://files.catbox.moe/r77fa5.mp3"
    },
    {
        "animeEng": "Sound! Euphonium",
        "animeRomaji": "Hibike! Euphonium",
        "songName": "RYDEEN",
        "artist": "Freshman Wind Ensemble",
        "type": "Insert Song",
        "correctCount": 148,
        "startTime": 27,
        "songDuration": 69.264,
        "songNumber": 30,
        "activePlayerCount": 273,
        "LinkVideo": "https://files.catbox.moe/ordef8.webm",
        "LinkMp3": "https://files.catbox.moe/uq2quy.mp3"
    },
    {
        "animeEng": "Neon Genesis Evangelion: Death & Rebirth",
        "animeRomaji": "Shinseiki Evangelion Gekij\u014dban: Shi to Shinsei",
        "songName": "Tamashii no Refrain",
        "artist": "Yoko Takahashi",
        "type": "Ending 1",
        "correctCount": 30,
        "startTime": 143,
        "songDuration": 205.92,
        "songNumber": 31,
        "activePlayerCount": 274,
        "LinkVideo": "https://files.catbox.moe/p3sexw.webm",
        "LinkMp3": "https://files.catbox.moe/nvlqq8.mp3"
    },
    {
        "animeEng": "Pok\u00e9mon: Gotta Dance",
        "animeRomaji": "Odoru Pok\u00e9mon Himitsu Kichi",
        "songName": "Polka O Dolka",
        "artist": "Inuko Inuyama & Norusoru Gasshou-dan",
        "type": "Opening 1",
        "correctCount": 70,
        "startTime": 21,
        "songDuration": 80.76,
        "songNumber": 32,
        "activePlayerCount": 275,
        "LinkVideo": "https://files.catbox.moe/n2wx4y.webm",
        "LinkMp3": "https://files.catbox.moe/z1qxuw.mp3"
    },
    {
        "animeEng": "KONOSUBA -God\u2019s blessing on this wonderful world! 2",
        "animeRomaji": "Kono Subarashii Sekai ni Shukufuku o! 2",
        "songName": "TOMORROW",
        "artist": "Machico",
        "type": "Opening 1",
        "correctCount": 223,
        "startTime": 32,
        "songDuration": 89.904,
        "songNumber": 33,
        "activePlayerCount": 274,
        "LinkVideo": "https://files.catbox.moe/53e7o7.webm",
        "LinkMp3": "https://files.catbox.moe/eq212f.mp3"
    },
    {
        "animeEng": "Recovery of an MMO Junkie",
        "animeRomaji": "Net-j\u016b no Susume",
        "songName": "Saturday Night Question",
        "artist": "Megumi Nakajima",
        "type": "Opening 1",
        "correctCount": 145,
        "startTime": 34,
        "songDuration": 88.224,
        "songNumber": 34,
        "activePlayerCount": 273,
        "LinkVideo": "https://files.catbox.moe/exd1zi.webm",
        "LinkMp3": "https://files.catbox.moe/yt4zu2.mp3"
    },
    {
        "animeEng": "Seven Mortal Sins",
        "animeRomaji": "sin Nanatsu no Taizai",
        "songName": "Binetsu na ASUDEKO",
        "artist": "Eri Kitamura \u00d7 Azusa Tadokoro",
        "type": "Insert Song",
        "correctCount": 9,
        "startTime": 54,
        "songDuration": 89.568,
        "songNumber": 35,
        "activePlayerCount": 273,
        "LinkVideo": "https://files.catbox.moe/dm78vs.webm",
        "LinkMp3": "https://files.catbox.moe/c8eyxa.mp3"
    },
    {
        "animeEng": "Danganronpa The Animation",
        "animeRomaji": "Danganronpa Kib\u014d no Gakuen to Zetsub\u014d no K\u014dk\u014dsei The Animation",
        "songName": "Never Say Never",
        "artist": "TKDz2b",
        "type": "Opening 2",
        "correctCount": 199,
        "startTime": 30,
        "songDuration": 88.368,
        "songNumber": 36,
        "activePlayerCount": 270,
        "LinkVideo": "https://files.catbox.moe/66wemx.webm",
        "LinkMp3": "https://files.catbox.moe/rl98gx.mp3"
    },
    {
        "animeEng": "Afro-Ken",
        "animeRomaji": "Afro-Ken",
        "songName": "Mokomoko Afro-Ken",
        "artist": "Two Ball Loo",
        "type": "Opening 1",
        "correctCount": 104,
        "startTime": 6,
        "songDuration": 94.56,
        "songNumber": 37,
        "activePlayerCount": 270,
        "LinkVideo": "https://files.catbox.moe/unpu4o.webm",
        "LinkMp3": "https://files.catbox.moe/n900ns.mp3"
    },
    {
        "animeEng": "Mushishi Zoku-Sh\u014d: Suzu no Shizuku",
        "animeRomaji": "Mushishi Zoku-Sh\u014d: Suzu no Shizuku",
        "songName": "SHIVER",
        "artist": "Lucy Rose",
        "type": "Opening 1",
        "correctCount": 139,
        "startTime": 53,
        "songDuration": 93.336,
        "songNumber": 38,
        "activePlayerCount": 271,
        "LinkVideo": "https://files.catbox.moe/3mxn1z.webm",
        "LinkMp3": "https://files.catbox.moe/34w4ro.mp3"
    },
    {
        "animeEng": "Violet Evergarden",
        "animeRomaji": "Violet Evergarden",
        "songName": "Believe in...",
        "artist": "Aira Yuuki",
        "type": "Ending 2",
        "correctCount": 101,
        "startTime": 48,
        "songDuration": 87.096,
        "songNumber": 39,
        "activePlayerCount": 271,
        "LinkVideo": "https://files.catbox.moe/a5ewpp.webm",
        "LinkMp3": "https://files.catbox.moe/i27u2b.mp3"
    },
    {
        "animeEng": "S.A: Special A",
        "animeRomaji": "Special A",
        "songName": "Special Days",
        "artist": "Yuko Goto",
        "type": "Opening 1",
        "correctCount": 27,
        "startTime": 49,
        "songDuration": 89.4,
        "songNumber": 40,
        "activePlayerCount": 271,
        "LinkVideo": "https://files.catbox.moe/u4bk8w.webm",
        "LinkMp3": "https://files.catbox.moe/6n1zca.mp3"
    },
    {
        "animeEng": "Mazinger Z tai Devilman",
        "animeRomaji": "Mazinger Z tai Devilman",
        "songName": "Soratobu Mazinger Z",
        "artist": "Ichiro Mizuki & Columbia Yurikago-Kai",
        "type": "Ending 1",
        "correctCount": 44,
        "startTime": 28,
        "songDuration": 137.208,
        "songNumber": 41,
        "activePlayerCount": 271,
        "LinkVideo": "https://files.catbox.moe/xg8cri.webm",
        "LinkMp3": "https://files.catbox.moe/54e7ee.mp3"
    },
    {
        "animeEng": "Junj\u014d Romantica 3",
        "animeRomaji": "Junj\u014d Romantica 3",
        "songName": "Innocent Graffiti",
        "artist": "Fo'xTails",
        "type": "Opening 1",
        "correctCount": 39,
        "startTime": 50,
        "songDuration": 89.568,
        "songNumber": 42,
        "activePlayerCount": 271,
        "LinkVideo": "https://files.catbox.moe/peccle.webm",
        "LinkMp3": "https://files.catbox.moe/310k4s.mp3"
    },
    {
        "animeEng": "InuYasha: The Final Act",
        "animeRomaji": "Inuyasha Kanketsu-hen",
        "songName": "Kimi ga Inai Mirai",
        "artist": "Do As Infinity",
        "type": "Opening 1",
        "correctCount": 39,
        "startTime": 39,
        "songDuration": 94.056,
        "songNumber": 43,
        "activePlayerCount": 271,
        "LinkVideo": "https://files.catbox.moe/te5cbd.webm",
        "LinkMp3": "https://files.catbox.moe/jq1k2c.mp3"
    },
    {
        "animeEng": "Mazinger Z",
        "animeRomaji": "Mazinger Z",
        "songName": "Y\u016bsha wa Mazinger",
        "artist": "Ichiro Mizuki & Columbia Yurikago-kai",
        "type": "Insert Song",
        "correctCount": 177,
        "startTime": 31,
        "songDuration": 90.936,
        "songNumber": 44,
        "activePlayerCount": 271,
        "LinkVideo": "https://files.catbox.moe/y665bm.webm",
        "LinkMp3": "https://files.catbox.moe/rffuvd.mp3"
    },
    {
        "animeEng": "Grandeek - Gaiden",
        "animeRomaji": "Grandeek - Gaiden",
        "songName": "Umi no Mieru Oka de",
        "artist": "Rie Tanaka",
        "type": "Ending 1",
        "correctCount": 2,
        "startTime": 15,
        "songDuration": 95.592,
        "songNumber": 45,
        "activePlayerCount": 270,
        "LinkVideo": "https://files.catbox.moe/yuusax.webm",
        "LinkMp3": "https://files.catbox.moe/ptc7m3.mp3",
        "correctPlayers": [
            "Catisam",
            "watashiii"
        ]
    },
    {
        "animeEng": "PriPara",
        "animeRomaji": "PriPara",
        "songName": "Make it!",
        "artist": "i\u2606Ris",
        "type": "Opening 1",
        "correctCount": 54,
        "startTime": 44,
        "songDuration": 92.47188,
        "songNumber": 46,
        "activePlayerCount": 270,
        "LinkVideo": "https://files.catbox.moe/2nrrey.webm",
        "LinkMp3": "https://files.catbox.moe/s5ke18.mp3"
    },
    {
        "animeEng": "Kiznaiver",
        "animeRomaji": "Kiznaiver",
        "songName": "LAY YOUR HANDS ON ME",
        "artist": "BOOM BOOM SATELLITES",
        "type": "Opening 1",
        "correctCount": 214,
        "startTime": 4,
        "songDuration": 89.965688,
        "songNumber": 47,
        "activePlayerCount": 268,
        "LinkVideo": "https://files.catbox.moe/y9vdhg.webm",
        "LinkMp3": "https://files.catbox.moe/ebpr7u.mp3"
    },
    {
        "animeEng": "My Bride is a Mermaid OVA",
        "animeRomaji": "Seto no Hanayome OVA",
        "songName": "Zettai Otome",
        "artist": "SUN&LUNAR",
        "type": "Opening 1",
        "correctCount": 16,
        "startTime": 41,
        "songDuration": 89.976,
        "songNumber": 48,
        "activePlayerCount": 269,
        "LinkVideo": "https://files.catbox.moe/85u1h7.webm",
        "LinkMp3": "https://files.catbox.moe/9qnab9.mp3"
    },
    {
        "animeEng": "AMAZING STRANGER",
        "animeRomaji": "Ch\u014dkad\u014d Girl 1/6: Amazing Stranger",
        "songName": "Soreyuke! Koigokoro",
        "artist": "A\u014cP",
        "type": "Opening 1",
        "correctCount": 30,
        "startTime": 42,
        "songDuration": 77.71295,
        "songNumber": 49,
        "activePlayerCount": 268,
        "LinkVideo": "https://files.catbox.moe/4fi9g7.webm",
        "LinkMp3": "https://files.catbox.moe/gjkju2.mp3"
    },
    {
        "animeEng": "Pok\u00e9mon the Movie: White - Victini and Zekrom",
        "animeRomaji": "Gekij\u014dban Pocket Monsters: Best Wishes! Victini to Kuroki Eiy\u016b Zekrom",
        "songName": "Black and White",
        "artist": "Erin Bowman and Joe Philips",
        "type": "Opening 1",
        "correctCount": 174,
        "startTime": 15,
        "songDuration": 177.168,
        "songNumber": 50,
        "activePlayerCount": 269,
        "LinkVideo": "https://files.catbox.moe/i243xx.webm",
        "LinkMp3": "https://files.catbox.moe/hrr327.mp3"
    },
    {
        "animeEng": "Wild 7",
        "animeRomaji": "Wild 7",
        "songName": "Wild",
        "artist": "Kahoru Kohiruimaki",
        "type": "Opening 1",
        "correctCount": 33,
        "startTime": 4,
        "songDuration": 180.792,
        "songNumber": 51,
        "activePlayerCount": 269,
        "LinkVideo": "https://files.catbox.moe/bw7rzw.webm",
        "LinkMp3": "https://files.catbox.moe/wjhder.mp3"
    },
    {
        "animeEng": "Himitsu Kessha Taka no Tsume THE MOVIE II ~Watashi o Ai Shita Kuro Oolong-cha~",
        "animeRomaji": "Himitsu Kessha Taka no Tsume THE MOVIE II ~Watashi o Ai Shita Kuro Oolong-cha~",
        "songName": "Kokuhaku Time",
        "artist": "manzo",
        "type": "Insert Song",
        "correctCount": 6,
        "startTime": 17,
        "songDuration": 70.056,
        "songNumber": 52,
        "activePlayerCount": 268,
        "LinkVideo": "https://files.catbox.moe/nwjzp5.webm",
        "LinkMp3": "https://files.catbox.moe/eq980n.mp3"
    },
    {
        "animeEng": "Daitarn 3",
        "animeRomaji": "Muteki K\u014djin Daitarn 3",
        "songName": "Come Here! Daitarn 3",
        "artist": "Makoto Fujiwara",
        "type": "Opening 1",
        "correctCount": 8,
        "startTime": 32,
        "songDuration": 87.456456,
        "songNumber": 53,
        "activePlayerCount": 268,
        "LinkVideo": "https://files.catbox.moe/v5963j.webm",
        "LinkMp3": "https://files.catbox.moe/sd8nbk.mp3"
    },
    {
        "animeEng": "Kuruneko",
        "animeRomaji": "Kuruneko",
        "songName": "Beautiful Day",
        "artist": "Vivian Hsu",
        "type": "Opening 1",
        "correctCount": 21,
        "startTime": 0,
        "songDuration": 19.44,
        "songNumber": 54,
        "activePlayerCount": 268,
        "LinkVideo": "https://files.catbox.moe/nikqma.webm",
        "LinkMp3": "https://files.catbox.moe/nt2rur.mp3"
    },
    {
        "animeEng": "Z/X Code reunion",
        "animeRomaji": "Z/X Code reunion",
        "songName": "Destiny",
        "artist": "Yui Ogura",
        "type": "Opening 1",
        "correctCount": 20,
        "startTime": 50,
        "songDuration": 88.896,
        "songNumber": 55,
        "activePlayerCount": 268,
        "LinkVideo": "https://files.catbox.moe/xodaam.webm",
        "LinkMp3": "https://files.catbox.moe/0g6och.mp3"
    },
    {
        "animeEng": "Air",
        "animeRomaji": "Air",
        "songName": "Farewell song",
        "artist": "Lia",
        "type": "Ending 1",
        "correctCount": 87,
        "startTime": 19,
        "songDuration": 89.16,
        "songNumber": 56,
        "activePlayerCount": 268,
        "LinkVideo": "https://files.catbox.moe/wbq715.webm",
        "LinkMp3": "https://files.catbox.moe/8xzzrg.mp3"
    },
    {
        "animeEng": "Sakura Wars 2",
        "animeRomaji": "Sakura Taisen: Gouka Kenran",
        "songName": "Kagayaki",
        "artist": "Kumiko Nishihara & Kazue Ikura",
        "type": "Ending 2",
        "correctCount": 4,
        "startTime": 23,
        "songDuration": 158.712,
        "songNumber": 57,
        "activePlayerCount": 267,
        "LinkVideo": "https://files.catbox.moe/r0lz6m.webm",
        "LinkMp3": "https://files.catbox.moe/5p7evm.mp3",
        "correctPlayers": [
            "80s",
            "BrosephWin",
            "Blacky_Doll",
            "watashiii"
        ]
    },
    {
        "animeEng": "The Three-eyed One",
        "animeRomaji": "Mitsume ga Tooru",
        "songName": "Hatena no Boomerang",
        "artist": "Tomoko Tokugaki",
        "type": "Opening 1",
        "correctCount": 3,
        "startTime": 23,
        "songDuration": 84.048,
        "songNumber": 58,
        "activePlayerCount": 269,
        "LinkVideo": "https://files.catbox.moe/v1c7ae.webm",
        "LinkMp3": "https://files.catbox.moe/c6m5xd.mp3",
        "correctPlayers": [
            "vovoxpertz",
            "ElDonte",
            "Legend_"
        ]
    },
    {
        "animeEng": "Sakura Trick",
        "animeRomaji": "Sakura Trick",
        "songName": "Won\uff08*3*\uff09Chu KissMe!",
        "artist": "SAKURA*TRICK",
        "type": "Opening 1",
        "correctCount": 104,
        "startTime": 3,
        "songDuration": 88.872,
        "songNumber": 59,
        "activePlayerCount": 269,
        "LinkVideo": "https://files.catbox.moe/8h5py0.webm",
        "LinkMp3": "https://files.catbox.moe/pixefw.mp3"
    },
    {
        "animeEng": "Maria\u2020Holic Alive",
        "animeRomaji": "Maria\u2020Holic Alive",
        "songName": "Runrunriru Ranranrara",
        "artist": "Marina Inoue",
        "type": "Opening 3",
        "correctCount": 31,
        "startTime": 28,
        "songDuration": 89.064,
        "songNumber": 60,
        "activePlayerCount": 269,
        "LinkVideo": "https://files.catbox.moe/qbohry.webm",
        "LinkMp3": "https://files.catbox.moe/6pjf0n.mp3"
    },
    {
        "animeEng": "Go! Princess Pretty Cure the Movie Go! Go!! Gorgeous Triple Feature!!!",
        "animeRomaji": "Eiga Go! Princess Precure Go! Go!! G\u014dka 3-bon Date!!!",
        "songName": "Happy Happening\u266a",
        "artist": "Hinata Uegaki",
        "type": "Insert Song",
        "correctCount": 6,
        "startTime": 68,
        "songDuration": 125.064,
        "songNumber": 61,
        "activePlayerCount": 268,
        "LinkVideo": "https://files.catbox.moe/l1kwcc.webm",
        "LinkMp3": "https://files.catbox.moe/9ov3gx.mp3"
    },
    {
        "animeEng": "Princess Minerva",
        "animeRomaji": "Princess Minerva",
        "songName": "Ka Ikute Gomen Asobase",
        "artist": "Yuki Takahara",
        "type": "Ending 1",
        "correctCount": 0,
        "startTime": 26,
        "songDuration": 119.472,
        "songNumber": 62,
        "activePlayerCount": 268,
        "LinkVideo": "https://files.catbox.moe/c14ilh.webm",
        "LinkMp3": "https://files.catbox.moe/ssgssz.mp3"
    },
    {
        "animeEng": "The Asterisk War",
        "animeRomaji": "Gakusen Toshi Asterisk",
        "songName": "Ai no Uta -words of love-",
        "artist": "Haruka Chisuga",
        "type": "Ending 1",
        "correctCount": 70,
        "startTime": 10,
        "songDuration": 89.136,
        "songNumber": 63,
        "activePlayerCount": 267,
        "LinkVideo": "https://files.catbox.moe/js4bvm.webm",
        "LinkMp3": "https://files.catbox.moe/wr9rtj.mp3"
    },
    {
        "animeEng": "Problem children are coming from another world, aren't they?",
        "animeRomaji": "Mondaiji-tachi ga Isekai kara Kurus\u014d desu yo?",
        "songName": "Black\u271dWhite",
        "artist": "Iori Nomizu",
        "type": "Opening 1",
        "correctCount": 140,
        "startTime": 21,
        "songDuration": 87.552,
        "songNumber": 64,
        "activePlayerCount": 266,
        "LinkVideo": "https://files.catbox.moe/gayg6m.webm",
        "LinkMp3": "https://files.catbox.moe/i2aave.mp3"
    },
    {
        "animeEng": "Dororo and Hyakkimaru",
        "animeRomaji": "Dororo",
        "songName": "Dororo no Uta",
        "artist": "Toshiko Fujita",
        "type": "Opening 1",
        "correctCount": 172,
        "startTime": 60,
        "songDuration": 98.16,
        "songNumber": 65,
        "activePlayerCount": 266,
        "LinkVideo": "https://files.catbox.moe/4aqi1r.webm",
        "LinkMp3": "https://files.catbox.moe/b1rh0e.mp3"
    },
    {
        "animeEng": "Eiy\u016b Gaiden Mozaika",
        "animeRomaji": "Eiy\u016b Gaiden Mozaika",
        "songName": "Get The Power!",
        "artist": "SATOKO",
        "type": "Ending 1",
        "correctCount": 2,
        "startTime": 20,
        "songDuration": 116.89595,
        "songNumber": 66,
        "activePlayerCount": 265,
        "LinkVideo": "https://files.catbox.moe/hkz6c1.webm",
        "LinkMp3": "https://files.catbox.moe/c5p7at.mp3",
        "correctPlayers": [
            "uy5gf",
            "80s"
        ]
    },
    {
        "animeEng": "Himitsu no Akko-chan",
        "animeRomaji": "Himitsu no Akko-chan",
        "songName": "Himitsu no Akko-chan",
        "artist": "Satoko Shimonari",
        "type": "Opening 1",
        "correctCount": 107,
        "startTime": 22,
        "songDuration": 83.904,
        "songNumber": 67,
        "activePlayerCount": 264,
        "LinkVideo": "https://files.catbox.moe/oknht4.webm",
        "LinkMp3": "https://files.catbox.moe/ofkee4.mp3"
    },
    {
        "animeEng": "Nine: Kanketsu-hen",
        "animeRomaji": "Nine: Kanketsu-hen",
        "songName": "Endless Summer",
        "artist": "Hiroaki Serizawa",
        "type": "Opening 1",
        "correctCount": 6,
        "startTime": 81,
        "songDuration": 198.408,
        "songNumber": 68,
        "activePlayerCount": 264,
        "LinkVideo": "https://files.catbox.moe/n9dn7g.webm",
        "LinkMp3": "https://files.catbox.moe/kfvvhd.mp3"
    },
    {
        "animeEng": "Neon Genesis Evangelion: Death & Rebirth",
        "animeRomaji": "Shinseiki Evangelion Gekij\u014dban: Shi to Shinsei",
        "songName": "Bay side love story -from Tokyo-",
        "artist": "Masami Okui",
        "type": "Insert Song",
        "correctCount": 37,
        "startTime": 0,
        "songDuration": 29.472,
        "songNumber": 69,
        "activePlayerCount": 264,
        "LinkVideo": "https://files.catbox.moe/cex2gf.webm",
        "LinkMp3": "https://files.catbox.moe/8w6x5g.mp3"
    },
    {
        "animeEng": "I, My, Me! Strawberry Eggs",
        "animeRomaji": "I, My, Me! Strawberry Eggs",
        "songName": "WHITE STATION",
        "artist": "AceFile",
        "type": "Ending 1",
        "correctCount": 6,
        "startTime": 18,
        "songDuration": 87.936,
        "songNumber": 70,
        "activePlayerCount": 264,
        "LinkVideo": "https://files.catbox.moe/gliy4k.webm",
        "LinkMp3": "https://files.catbox.moe/4veq6q.mp3"
    },
    {
        "animeEng": "BOFURI: I Don\u2019t Want to Get Hurt, so I\u2019ll Max Out My Defense.",
        "animeRomaji": "Itai no wa Iya nano de B\u014dgyoryoku ni Kyokufuri Shitai to Omoimasu.",
        "songName": "Play the world",
        "artist": "Rico Sasaki",
        "type": "Ending 1",
        "correctCount": 85,
        "startTime": 35,
        "songDuration": 88.824,
        "songNumber": 71,
        "activePlayerCount": 263,
        "LinkVideo": "https://files.catbox.moe/fcydfc.webm",
        "LinkMp3": "https://files.catbox.moe/7h0nvg.mp3"
    },
    {
        "animeEng": "Tristia of the Deep Blue Sea",
        "animeRomaji": "Aoi Umi no Tristia",
        "songName": "DO your dream",
        "artist": "Sakura Nogawa",
        "type": "Opening 1",
        "correctCount": 6,
        "startTime": 37,
        "songDuration": 89.650704,
        "songNumber": 72,
        "activePlayerCount": 262,
        "LinkVideo": "https://files.catbox.moe/u2p6i5.webm",
        "LinkMp3": "https://files.catbox.moe/h0vnmx.mp3"
    },
    {
        "animeEng": "Initial D: Extra Stage",
        "animeRomaji": "Initial D: Extra Stage",
        "songName": "Feel Like A Queen",
        "artist": "Chilu",
        "type": "Insert Song",
        "correctCount": 19,
        "startTime": 0,
        "songDuration": 21.864,
        "songNumber": 73,
        "activePlayerCount": 262,
        "LinkVideo": "https://files.catbox.moe/xr7dge.webm",
        "LinkMp3": "https://files.catbox.moe/u3q4v3.mp3"
    },
    {
        "animeEng": "Love, Chunibyo & Other Delusions! -Heart Throb-",
        "animeRomaji": "Ch\u016bniby\u014d demo Koi ga Shitai! Ren",
        "songName": "VOICE",
        "artist": "ZAQ",
        "type": "Opening 1",
        "correctCount": 137,
        "startTime": 9,
        "songDuration": 90.168,
        "songNumber": 74,
        "activePlayerCount": 262,
        "LinkVideo": "https://files.catbox.moe/8nofui.webm",
        "LinkMp3": "https://files.catbox.moe/zghh2f.mp3"
    },
    {
        "animeEng": "Is It Wrong to Try to Pick Up Girls in a Dungeon? II",
        "animeRomaji": "DanMachi II",
        "songName": "HELLO to DREAM",
        "artist": "Yuka Iguchi",
        "type": "Opening 1",
        "correctCount": 139,
        "startTime": 11,
        "songDuration": 88.344,
        "songNumber": 75,
        "activePlayerCount": 259,
        "LinkVideo": "https://files.catbox.moe/yx4gqh.webm",
        "LinkMp3": "https://files.catbox.moe/hc8mi1.mp3"
    }
]