[
    {
        "animeEng": "Wolf's Rain",
        "animeRomaji": "Wolf's Rain",
        "songName": "stray",
        "artist": "steve conte",
        "type": "Opening 1",
        "correctCount": 99,
        "startTime": 16,
        "songDuration": 89.52,
        "songNumber": 1,
        "activePlayerCount": 196,
        "LinkVideo": "https://files.catbox.moe/w3ohgy.webm",
        "LinkMp3": "https://files.catbox.moe/ze1afj.mp3"
    },
    {
        "animeEng": "Samurai Champloo",
        "animeRomaji": "Samurai Champloo",
        "songName": "Hiji Zuru Style",
        "artist": "Force of Nature",
        "type": "Insert Song",
        "correctCount": 45,
        "startTime": 38,
        "songDuration": 165.168,
        "songNumber": 2,
        "activePlayerCount": 197,
        "LinkVideo": "https://files.catbox.moe/f2nppa.webm",
        "LinkMp3": "https://files.catbox.moe/euc0pj.mp3"
    },
    {
        "animeEng": "Sekirei: Pure Engagement",
        "animeRomaji": "Sekirei: Pure Engagement",
        "songName": "Hakuyoku no Seiyaku ~Pure Engagement~",
        "artist": "Saori Hayami/Marina Inoue/Kana Hanazawa/Aya Endo",
        "type": "Opening 1",
        "correctCount": 31,
        "startTime": 19,
        "songDuration": 89.311118,
        "songNumber": 3,
        "activePlayerCount": 198,
        "LinkVideo": "https://files.catbox.moe/4a2me5.webm",
        "LinkMp3": "https://files.catbox.moe/7jwmg7.mp3"
    },
    {
        "animeEng": "Doraemon: Nobita's Space Story",
        "animeRomaji": "Doraemon: Nobita no Uch\u016b Kaitakushi",
        "songName": "Boku Doraemon",
        "artist": "Nobuyo Oyama, Koorogi '73",
        "type": "Opening 1",
        "correctCount": 155,
        "startTime": 5,
        "songDuration": 44.712,
        "songNumber": 4,
        "activePlayerCount": 197,
        "LinkVideo": "https://files.catbox.moe/bfmgn6.webm",
        "LinkMp3": "https://files.catbox.moe/xtfkut.mp3"
    },
    {
        "animeEng": "Pok\u00e9mon the Movie: Kyurem VS. The Sword of Justice",
        "animeRomaji": "Gekij\u014dban Pocket Monsters: Best Wishes! Kyurem VS Seikenshi Keldeo",
        "songName": "Yajirushi ni Natte!",
        "artist": "Rica Matsumoto",
        "type": "Opening 1",
        "correctCount": 22,
        "startTime": 22,
        "songDuration": 150.048,
        "songNumber": 5,
        "activePlayerCount": 197,
        "LinkVideo": "https://files.catbox.moe/4u7w3y.webm",
        "LinkMp3": "https://files.catbox.moe/41xg4a.mp3"
    },
    {
        "animeEng": "Hozuki's Coolheadedness",
        "animeRomaji": "H\u014dzuki no Reitetsu",
        "songName": "Ookina Kingyou no Kinoshitade",
        "artist": "Tokyo Konsei Gasshou-dan",
        "type": "Ending 1",
        "correctCount": 10,
        "startTime": 19,
        "songDuration": 84.060596,
        "songNumber": 6,
        "activePlayerCount": 197,
        "LinkVideo": "https://files.catbox.moe/etzsqq.webm",
        "LinkMp3": "https://files.catbox.moe/j7ogbw.mp3"
    },
    {
        "animeEng": "Gintama: Shiroyasha K\u014dtan",
        "animeRomaji": "Gintama: Shiroyasha K\u014dtan",
        "songName": "We Are!",
        "artist": "Hiroshi Kitadani",
        "type": "Ending 1",
        "correctCount": 168,
        "startTime": 0,
        "songDuration": 27.696,
        "songNumber": 7,
        "activePlayerCount": 195,
        "LinkVideo": "https://files.catbox.moe/kh1pvl.webm",
        "LinkMp3": "https://files.catbox.moe/krkson.mp3"
    },
    {
        "animeEng": "Ascendance of a Bookworm",
        "animeRomaji": "Honzuki no Gekokuj\u014d",
        "songName": "Ephemera o Atsumete",
        "artist": "Minori Suzuki",
        "type": "Ending 1",
        "correctCount": 40,
        "startTime": 52,
        "songDuration": 89.568,
        "songNumber": 8,
        "activePlayerCount": 196,
        "LinkVideo": "https://files.catbox.moe/dtgi9f.webm",
        "LinkMp3": "https://files.catbox.moe/t5a8o7.mp3"
    },
    {
        "animeEng": "My Wife is a High School Girl",
        "animeRomaji": "Oku-sama wa Joshik\u014dsei",
        "songName": "Love Love!",
        "artist": "Ayako Kawasumi",
        "type": "Opening 1",
        "correctCount": 3,
        "startTime": 21,
        "songDuration": 90.072,
        "songNumber": 9,
        "activePlayerCount": 196,
        "LinkVideo": "https://files.catbox.moe/yaz40o.webm",
        "LinkMp3": "https://files.catbox.moe/x35w3z.mp3",
        "correctPlayers": [
            "watashiii",
            "ensorcell",
            "theyingster"
        ]
    },
    {
        "animeEng": "\"Eiy\u016b\" Kaitai",
        "animeRomaji": "\"Eiy\u016b\" Kaitai",
        "songName": "Kanhizakura",
        "artist": "Natsumi Mizuki",
        "type": "Insert Song",
        "correctCount": 5,
        "startTime": 45,
        "songDuration": 82.32,
        "songNumber": 10,
        "activePlayerCount": 196,
        "LinkVideo": "https://files.catbox.moe/tj8tsa.webm",
        "LinkMp3": "https://files.catbox.moe/tbnt94.mp3",
        "correctPlayers": [
            "kneesoxluver",
            "anonimus_opinion",
            "mhkr",
            "ozsauce",
            "Steelrocket"
        ]
    },
    {
        "animeEng": "Bleach the Movie 4: Hell Verse",
        "animeRomaji": "Bleach: Jigoku-hen",
        "songName": "Save The One, Save The All",
        "artist": "T.M.Revolution",
        "type": "Ending 1",
        "correctCount": 19,
        "startTime": 135,
        "songDuration": 244.032,
        "songNumber": 11,
        "activePlayerCount": 195,
        "LinkVideo": "https://files.catbox.moe/tkscya.webm",
        "LinkMp3": "https://files.catbox.moe/g3p3ko.mp3"
    },
    {
        "animeEng": "Zonmi-chan: Meat Pie of the Dead",
        "animeRomaji": "Zonmi-chan: Meat Pie of the Dead",
        "songName": "Koi no Spice",
        "artist": "Lisa Onodera",
        "type": "Opening 1",
        "correctCount": 32,
        "startTime": 8,
        "songDuration": 47.064,
        "songNumber": 12,
        "activePlayerCount": 195,
        "LinkVideo": "https://files.catbox.moe/6bk57h.webm",
        "LinkMp3": "https://files.catbox.moe/egr2qv.mp3"
    },
    {
        "animeEng": "Ojamajo Doremi Na-i-sho",
        "animeRomaji": "Ojamajo Doremi Na-i-sho",
        "songName": "Suteki\u221e",
        "artist": "MAHO-dou",
        "type": "Ending 1",
        "correctCount": 5,
        "startTime": 43,
        "songDuration": 88.848,
        "songNumber": 13,
        "activePlayerCount": 195,
        "LinkVideo": "https://files.catbox.moe/qyembz.webm",
        "LinkMp3": "https://files.catbox.moe/vbxk7m.mp3",
        "correctPlayers": [
            "yeims",
            "mhkr",
            "Kirameki",
            "Yuusha01",
            "Ouiaboo"
        ]
    },
    {
        "animeEng": "Code Geass: Lelouch of the Rebellion",
        "animeRomaji": "Code Geass: Hangyaku no Lelouch",
        "songName": "COLORS",
        "artist": "FLOW",
        "type": "Opening 1",
        "correctCount": 145,
        "startTime": 24,
        "songDuration": 90,
        "songNumber": 14,
        "activePlayerCount": 193,
        "LinkVideo": "https://files.catbox.moe/w9hgpy.webm",
        "LinkMp3": "https://files.catbox.moe/ap6khk.mp3"
    },
    {
        "animeEng": "Space Pirate Mito",
        "animeRomaji": "Uch\u016b Kaizoku Mito no Daib\u014dken",
        "songName": "Ieji",
        "artist": "Masumi Itou",
        "type": "Ending 1",
        "correctCount": 3,
        "startTime": 6,
        "songDuration": 83.232,
        "songNumber": 15,
        "activePlayerCount": 193,
        "LinkVideo": "https://files.catbox.moe/x4onpb.webm",
        "LinkMp3": "https://files.catbox.moe/hcy92y.mp3",
        "correctPlayers": [
            "tingy",
            "shadowpandax",
            "theyingster"
        ]
    },
    {
        "animeEng": "March comes in like a lion",
        "animeRomaji": "3-gatsu no Lion",
        "songName": "Say\u014dnara Bystander",
        "artist": "YUKI",
        "type": "Opening 2",
        "correctCount": 109,
        "startTime": 27,
        "songDuration": 89.568,
        "songNumber": 16,
        "activePlayerCount": 192,
        "LinkVideo": "https://files.catbox.moe/v8ae9w.webm",
        "LinkMp3": "https://files.catbox.moe/njv4yy.mp3"
    },
    {
        "animeEng": "Inugami-san to Nekoyama-san",
        "animeRomaji": "Inugami-san to Nekoyama-san",
        "songName": "Zettai\u2661Fukuj\u016b Sengen",
        "artist": "Sumire Uesaka \u00d7 Nao T\u014dyama",
        "type": "Ending 1",
        "correctCount": 79,
        "startTime": 0,
        "songDuration": 23.99,
        "songNumber": 17,
        "activePlayerCount": 192,
        "LinkVideo": "https://files.catbox.moe/wv4y82.webm"
    },
    {
        "animeEng": "Infinite Stratos 2: World Purge",
        "animeRomaji": "Infinite Stratos 2: World Purge-hen",
        "songName": "True Blue Traveler",
        "artist": "Minami Kuribayashi",
        "type": "Opening 1",
        "correctCount": 71,
        "startTime": 16,
        "songDuration": 89.064,
        "songNumber": 18,
        "activePlayerCount": 192,
        "LinkVideo": "https://files.catbox.moe/hyifl3.webm",
        "LinkMp3": "https://files.catbox.moe/c6wiv3.mp3"
    },
    {
        "animeEng": "Zipang",
        "animeRomaji": "Zipang",
        "songName": "Kimi wo Miteiru",
        "artist": "BEGIN",
        "type": "Ending 1",
        "correctCount": 1,
        "startTime": 9,
        "songDuration": 87.63931,
        "songNumber": 19,
        "activePlayerCount": 191,
        "LinkVideo": "https://files.catbox.moe/yuhgzp.webm",
        "LinkMp3": "https://files.catbox.moe/viywiq.mp3",
        "correctPlayers": [
            "ozsauce"
        ]
    },
    {
        "animeEng": "Kamigami no Ki",
        "animeRomaji": "Kamigami no Ki",
        "songName": "Kamigami wo Tataeru Uta",
        "artist": "Toshiyuki Morikawa",
        "type": "Opening 1",
        "correctCount": 33,
        "startTime": 0,
        "songDuration": 29.424,
        "songNumber": 20,
        "activePlayerCount": 191,
        "LinkVideo": "https://files.catbox.moe/q58cpa.webm",
        "LinkMp3": "https://files.catbox.moe/iqsrdj.mp3"
    },
    {
        "animeEng": "Lucky Star",
        "animeRomaji": "Lucky Star",
        "songName": "Doraemon no Uta",
        "artist": "Aya Endo & Kaori Fukuhara",
        "type": "Ending 11",
        "correctCount": 139,
        "startTime": 3,
        "songDuration": 89.376,
        "songNumber": 21,
        "activePlayerCount": 191,
        "LinkVideo": "https://files.catbox.moe/dz5r6z.webm",
        "LinkMp3": "https://files.catbox.moe/q5sex1.mp3"
    },
    {
        "animeEng": "Wolf's Rain",
        "animeRomaji": "Wolf's Rain",
        "songName": "heaven's not enough",
        "artist": "steve conte",
        "type": "Insert Song",
        "correctCount": 27,
        "startTime": 24,
        "songDuration": 154.056,
        "songNumber": 22,
        "activePlayerCount": 191,
        "LinkVideo": "https://files.catbox.moe/r682kn.webm",
        "LinkMp3": "https://files.catbox.moe/9ypg85.mp3"
    },
    {
        "animeEng": "Sex Pistols",
        "animeRomaji": "Sex Pistols",
        "songName": "Lie of the truth",
        "artist": "Yuta (from LAZ)",
        "type": "Opening 1",
        "correctCount": 9,
        "startTime": 17,
        "songDuration": 87.11687,
        "songNumber": 23,
        "activePlayerCount": 190,
        "LinkVideo": "https://files.catbox.moe/rwf46p.webm",
        "LinkMp3": "https://files.catbox.moe/9wfhly.mp3"
    },
    {
        "animeEng": "BanG Dream! 2nd Season",
        "animeRomaji": "BanG Dream! 2nd Season",
        "songName": "FIRE BIRD",
        "artist": "Roselia",
        "type": "Insert Song",
        "correctCount": 81,
        "startTime": 59,
        "songDuration": 126.064772,
        "songNumber": 24,
        "activePlayerCount": 189,
        "LinkVideo": "https://files.catbox.moe/49xyl2.webm",
        "LinkMp3": "https://files.catbox.moe/wymbj2.mp3"
    },
    {
        "animeEng": "Original Bakabon the Genius Fool",
        "animeRomaji": "Ganso Tensai Bakabon",
        "songName": "Tarirariran no Konyanyachi wa",
        "artist": "Columbia Yurikago-kai\u30fbGreen Peas\u30fbMasashi Amenomori",
        "type": "Opening 1",
        "correctCount": 0,
        "startTime": 4,
        "songDuration": 88.56,
        "songNumber": 25,
        "activePlayerCount": 189,
        "LinkVideo": "https://files.catbox.moe/mn3h24.webm",
        "LinkMp3": "https://files.catbox.moe/glgous.mp3"
    },
    {
        "animeEng": "Eureka Seven",
        "animeRomaji": "K\u014dky\u014dshihen Eureka Seven",
        "songName": "Taiy\u014d no Mannaka e",
        "artist": "Bivattchee",
        "type": "Opening 3",
        "correctCount": 46,
        "startTime": 38,
        "songDuration": 88.872,
        "songNumber": 26,
        "activePlayerCount": 189,
        "LinkVideo": "https://files.catbox.moe/meuv3b.webm",
        "LinkMp3": "https://files.catbox.moe/v9ljiz.mp3"
    },
    {
        "animeEng": "Demon-man Bem",
        "animeRomaji": "Y\u014dkai Ningen Bem",
        "songName": "Y\u014dkai Ningen Bem",
        "artist": "Honey Knights",
        "type": "Opening 1",
        "correctCount": 52,
        "startTime": 10,
        "songDuration": 52.056,
        "songNumber": 27,
        "activePlayerCount": 189,
        "LinkVideo": "https://files.catbox.moe/fjqpfg.webm",
        "LinkMp3": "https://files.catbox.moe/my0spn.mp3"
    },
    {
        "animeEng": "Gosho Aoyama's Collection of Short Stories",
        "animeRomaji": "Aoyama G\u014dsh\u014d Tanpen-sh\u016b",
        "songName": "Kitto Ieru",
        "artist": "Yukari Tamura",
        "type": "Ending 1",
        "correctCount": 5,
        "startTime": 65,
        "songDuration": 111.192,
        "songNumber": 28,
        "activePlayerCount": 190,
        "LinkVideo": "https://files.catbox.moe/qwc81q.webm",
        "LinkMp3": "https://files.catbox.moe/kfo67c.mp3",
        "correctPlayers": [
            "anonimus_opinion",
            "watashiii",
            "KaedeTakagaki",
            "hitoshiki",
            "theyingster"
        ]
    },
    {
        "animeEng": "YAMIBO: Darkness, the Hat, and Travelers of the Books",
        "animeRomaji": "Yami to B\u014dshi to Hon no Tabibito",
        "songName": "Hitomi no Naka no Meiky\u016b",
        "artist": "Aiko Kayo",
        "type": "Ending 2",
        "correctCount": 15,
        "startTime": 42,
        "songDuration": 171.096,
        "songNumber": 29,
        "activePlayerCount": 190,
        "LinkVideo": "https://files.catbox.moe/7mn3kt.webm",
        "LinkMp3": "https://files.catbox.moe/i5we59.mp3"
    },
    {
        "animeEng": "Girls' Last Tour",
        "animeRomaji": "Sh\u014djo Sh\u016bmatsu Ryok\u014d",
        "songName": "Seijaku no Tabiji",
        "artist": "MAYUKO & Luminous",
        "type": "Ending 1",
        "correctCount": 35,
        "startTime": 42,
        "songDuration": 121.248,
        "songNumber": 30,
        "activePlayerCount": 190,
        "LinkVideo": "https://files.catbox.moe/zteu84.webm",
        "LinkMp3": "https://files.catbox.moe/67y8ew.mp3"
    },
    {
        "animeEng": "Yoiko",
        "animeRomaji": "Yoiko",
        "songName": "Akane-iro no Omoi",
        "artist": "Juliana Schano",
        "type": "Opening 1",
        "correctCount": 5,
        "startTime": 24,
        "songDuration": 60.168,
        "songNumber": 31,
        "activePlayerCount": 190,
        "LinkVideo": "https://files.catbox.moe/modffe.webm",
        "LinkMp3": "https://files.catbox.moe/ajgxec.mp3",
        "correctPlayers": [
            "watashiii",
            "Rukawa11",
            "TunetheRainbow",
            "Ouiaboo",
            "ikueimage"
        ]
    },
    {
        "animeEng": "Eureka Seven",
        "animeRomaji": "K\u014dky\u014dshihen Eureka Seven",
        "songName": "Shounen Heart",
        "artist": "HOME MADE Kazoku",
        "type": "Opening 2",
        "correctCount": 89,
        "startTime": 8,
        "songDuration": 89.856,
        "songNumber": 32,
        "activePlayerCount": 190,
        "LinkVideo": "https://files.catbox.moe/hccohi.webm",
        "LinkMp3": "https://files.catbox.moe/2e5j7t.mp3"
    },
    {
        "animeEng": "Pop Team Epic",
        "animeRomaji": "Poputepipikku",
        "songName": "Fuusen Hikou",
        "artist": "Sh\u014dta Aoi",
        "type": "Ending 3",
        "correctCount": 29,
        "startTime": 14,
        "songDuration": 62.064,
        "songNumber": 33,
        "activePlayerCount": 189,
        "LinkVideo": "https://files.catbox.moe/gdexhq.webm",
        "LinkMp3": "https://files.catbox.moe/1grb72.mp3"
    },
    {
        "animeEng": "In This Corner of the World",
        "animeRomaji": "Kono Sekai no Katasumi ni",
        "songName": "Suzu-san",
        "artist": "kotringo",
        "type": "Ending 2",
        "correctCount": 7,
        "startTime": 84,
        "songDuration": 174.23374,
        "songNumber": 34,
        "activePlayerCount": 189,
        "LinkVideo": "https://files.catbox.moe/ntz9bs.webm",
        "LinkMp3": "https://files.catbox.moe/m89w44.mp3"
    },
    {
        "animeEng": "Hell Girl: Fourth Twilight",
        "animeRomaji": "Jigoku Sh\u014djo: Yoi no Togi",
        "songName": "Irogami",
        "artist": "Mamiko Noto",
        "type": "Ending 1",
        "correctCount": 11,
        "startTime": 6,
        "songDuration": 65.722952,
        "songNumber": 35,
        "activePlayerCount": 188,
        "LinkVideo": "https://files.catbox.moe/syj43d.webm",
        "LinkMp3": "https://files.catbox.moe/m9kszc.mp3"
    },
    {
        "animeEng": "Mobile Suit Gundam Unicorn",
        "animeRomaji": "Kid\u014d Senshi Gundam UC",
        "songName": "RE:I AM",
        "artist": "Aimer",
        "type": "Ending 6",
        "correctCount": 78,
        "startTime": 179,
        "songDuration": 342.744,
        "songNumber": 36,
        "activePlayerCount": 188,
        "LinkVideo": "https://files.catbox.moe/hu2v5a.webm",
        "LinkMp3": "https://files.catbox.moe/5ypiew.mp3"
    },
    {
        "animeEng": "Mah\u014dtsukai Sally",
        "animeRomaji": "Mah\u014dtsukai Sally",
        "songName": "Mahoutsukai Sally no Uta",
        "artist": "Three Graces",
        "type": "Opening 1",
        "correctCount": 136,
        "startTime": 5,
        "songDuration": 64.296,
        "songNumber": 37,
        "activePlayerCount": 187,
        "LinkVideo": "https://files.catbox.moe/5fjrf3.webm",
        "LinkMp3": "https://files.catbox.moe/3eqoug.mp3"
    },
    {
        "animeEng": "Working Buddies! 2!",
        "animeRomaji": "Hataraku Oniisan! no 2!",
        "songName": "Hataraku Onii-san",
        "artist": "DearDream",
        "type": "Opening 1",
        "correctCount": 139,
        "startTime": 0,
        "songDuration": 14.136,
        "songNumber": 38,
        "activePlayerCount": 186,
        "LinkVideo": "https://files.catbox.moe/ias0ei.webm",
        "LinkMp3": "https://files.catbox.moe/7w70er.mp3"
    },
    {
        "animeEng": "Heavy Metal L-Gaim",
        "animeRomaji": "Juusenki L-Gaim",
        "songName": "L-Gaim -Time for L-GAIM-",
        "artist": "MIO",
        "type": "Opening 1",
        "correctCount": 19,
        "startTime": 25,
        "songDuration": 85.81077,
        "songNumber": 39,
        "activePlayerCount": 186,
        "LinkVideo": "https://files.catbox.moe/7av554.webm",
        "LinkMp3": "https://files.catbox.moe/18228g.mp3"
    },
    {
        "animeEng": "Ceres, Celestial Legend",
        "animeRomaji": "Ayashi no Ceres",
        "songName": "Cross My Heart",
        "artist": "DAY-BREAK",
        "type": "Ending 2",
        "correctCount": 3,
        "startTime": 5,
        "songDuration": 86.928,
        "songNumber": 40,
        "activePlayerCount": 186,
        "LinkVideo": "https://files.catbox.moe/0pq4r7.webm",
        "LinkMp3": "https://files.catbox.moe/rc6fhz.mp3",
        "correctPlayers": [
            "anonimus_opinion",
            "shadismith",
            "Igg1"
        ]
    },
    {
        "animeEng": "We Never Learn: BOKUBEN",
        "animeRomaji": "Boku-tachi wa Benky\u014d ga Dekinai",
        "songName": "Seishun Seminar",
        "artist": "Study",
        "type": "Opening 1",
        "correctCount": 65,
        "startTime": 5,
        "songDuration": 87.24748,
        "songNumber": 41,
        "activePlayerCount": 186,
        "LinkVideo": "https://files.catbox.moe/mzoxzs.webm",
        "LinkMp3": "https://files.catbox.moe/wuxii1.mp3"
    },
    {
        "animeEng": "Senki Zessh\u014d Symphogear GX",
        "animeRomaji": "Senki Zessh\u014d Symphogear GX",
        "songName": "Beyond the BLADE",
        "artist": "Nana Mizuki",
        "type": "Insert Song",
        "correctCount": 25,
        "startTime": 85,
        "songDuration": 127.248,
        "songNumber": 42,
        "activePlayerCount": 186,
        "LinkVideo": "https://files.catbox.moe/0ybdrj.webm",
        "LinkMp3": "https://files.catbox.moe/w3bd6o.mp3"
    },
    {
        "animeEng": "Thriller Restaurant",
        "animeRomaji": "Kaidan Restaurant",
        "songName": "Lost Boy",
        "artist": "SEAMO",
        "type": "Ending 1",
        "correctCount": 8,
        "startTime": 2,
        "songDuration": 79.128,
        "songNumber": 43,
        "activePlayerCount": 186,
        "LinkVideo": "https://files.catbox.moe/rr2ycs.webm",
        "LinkMp3": "https://files.catbox.moe/vb96u8.mp3"
    },
    {
        "animeEng": "Peter Grill and the Philosopher's Time",
        "animeRomaji": "Peter Grill to Kenja no Jikan",
        "songName": "Tsuranuite Y\u016btsu",
        "artist": "Yui Ninomiya",
        "type": "Opening 1",
        "correctCount": 71,
        "startTime": 48,
        "songDuration": 89.16,
        "songNumber": 44,
        "activePlayerCount": 185,
        "LinkVideo": "https://files.catbox.moe/ni0l84.webm",
        "LinkMp3": "https://files.catbox.moe/z2ftwv.mp3"
    },
    {
        "animeEng": "Cyborg Kuro-chan",
        "animeRomaji": "Cyborg Kuro-chan",
        "songName": "Guruguru Kuro-chan",
        "artist": "LADY Q",
        "type": "Opening 1",
        "correctCount": 30,
        "startTime": 24,
        "songDuration": 89.184,
        "songNumber": 45,
        "activePlayerCount": 184,
        "LinkVideo": "https://files.catbox.moe/abqldz.webm",
        "LinkMp3": "https://files.catbox.moe/7i4oim.mp3"
    },
    {
        "animeEng": "Gintama\u00b0",
        "animeRomaji": "Gintama\u00b0",
        "songName": "KNOW KNOW KNOW",
        "artist": "DOES",
        "type": "Opening 4",
        "correctCount": 77,
        "startTime": 46,
        "songDuration": 86.136,
        "songNumber": 46,
        "activePlayerCount": 186,
        "LinkVideo": "https://files.catbox.moe/e5tmm1.webm",
        "LinkMp3": "https://files.catbox.moe/8ijgq1.mp3"
    },
    {
        "animeEng": "Kaiji: Ultimate Survivor",
        "animeRomaji": "Kaiji: Ultimate Survivor",
        "songName": "Makeinutachi no Requiem",
        "artist": "Hakuryuu",
        "type": "Ending 1",
        "correctCount": 59,
        "startTime": 24,
        "songDuration": 69.792,
        "songNumber": 47,
        "activePlayerCount": 186,
        "LinkVideo": "https://files.catbox.moe/yhn0bk.webm",
        "LinkMp3": "https://files.catbox.moe/5kjksj.mp3"
    },
    {
        "animeEng": "Mobile Suit Gundam: The 08th MS Team",
        "animeRomaji": "Kid\u014d Senshi Gundam: Dai 08 MS Sh\u014dtai",
        "songName": "Arashi no Naka de Kagayaite",
        "artist": "Chihiro Yonekura",
        "type": "Opening 1",
        "correctCount": 26,
        "startTime": 44,
        "songDuration": 89.808,
        "songNumber": 48,
        "activePlayerCount": 185,
        "LinkVideo": "https://files.catbox.moe/5tixyn.webm",
        "LinkMp3": "https://files.catbox.moe/loi7wy.mp3"
    },
    {
        "animeEng": "Wolf's Rain",
        "animeRomaji": "Wolf's Rain",
        "songName": "stray",
        "artist": "steve conte",
        "type": "Opening 1",
        "correctCount": 135,
        "startTime": 37,
        "songDuration": 88.056,
        "songNumber": 49,
        "activePlayerCount": 186,
        "LinkVideo": "https://files.catbox.moe/8zolio.webm",
        "LinkMp3": "https://files.catbox.moe/b6g66q.mp3"
    },
    {
        "animeEng": "Mythical Detective Loki Ragnarok",
        "animeRomaji": "Matantei Loki Ragnarok",
        "songName": "Rakuen no Tobira",
        "artist": "YAMATO from White Bound",
        "type": "Opening 1",
        "correctCount": 18,
        "startTime": 58,
        "songDuration": 104.376,
        "songNumber": 50,
        "activePlayerCount": 186,
        "LinkVideo": "https://files.catbox.moe/cyznhc.webm",
        "LinkMp3": "https://files.catbox.moe/31f9d1.mp3"
    },
    {
        "animeEng": "Persona4 the Golden ANIMATION",
        "animeRomaji": "Persona4 the Golden ANIMATION",
        "songName": "Just Like the Wind",
        "artist": "Shihoko Hirata",
        "type": "Insert Song",
        "correctCount": 15,
        "startTime": 37,
        "songDuration": 162.696,
        "songNumber": 51,
        "activePlayerCount": 185,
        "LinkVideo": "https://files.catbox.moe/d3c5oz.webm",
        "LinkMp3": "https://files.catbox.moe/e9tce6.mp3"
    },
    {
        "animeEng": "Cromartie High School",
        "animeRomaji": "Sakigake!! Cromartie Koukou",
        "songName": "Ningen Nante",
        "artist": "Takuro Yoshida",
        "type": "Insert Song",
        "correctCount": 28,
        "startTime": 7,
        "songDuration": 43.368,
        "songNumber": 52,
        "activePlayerCount": 185,
        "LinkVideo": "https://files.catbox.moe/akzlf7.webm",
        "LinkMp3": "https://files.catbox.moe/g4bj7d.mp3"
    },
    {
        "animeEng": "Shinzo",
        "animeRomaji": "Mushrambo",
        "songName": "Power Play",
        "artist": "Ayumi Miyazaki",
        "type": "Opening 1",
        "correctCount": 9,
        "startTime": 7,
        "songDuration": 89.76,
        "songNumber": 53,
        "activePlayerCount": 184,
        "LinkVideo": "https://files.catbox.moe/m6ql41.webm",
        "LinkMp3": "https://files.catbox.moe/8bzc94.mp3"
    },
    {
        "animeEng": "Steady x Study",
        "animeRomaji": "Steady x Study",
        "songName": "Kaze ga Sasayaku Toki",
        "artist": "Ky\u014dko Hashimoto",
        "type": "Opening 1",
        "correctCount": 3,
        "startTime": 56,
        "songDuration": 113.112,
        "songNumber": 54,
        "activePlayerCount": 185,
        "LinkVideo": "https://files.catbox.moe/dkl9bd.webm",
        "LinkMp3": "https://files.catbox.moe/vcjvf3.mp3",
        "correctPlayers": [
            "watashiii",
            "ozsauce",
            "theyingster"
        ]
    },
    {
        "animeEng": "Bonobono",
        "animeRomaji": "Bonobono",
        "songName": "bonobono Suru",
        "artist": "Monobright",
        "type": "Ending 1",
        "correctCount": 93,
        "startTime": 25,
        "songDuration": 58.983476,
        "songNumber": 55,
        "activePlayerCount": 185,
        "LinkVideo": "https://files.catbox.moe/fmuhqv.webm",
        "LinkMp3": "https://files.catbox.moe/1lc2wh.mp3"
    },
    {
        "animeEng": "Love Live! School idol project",
        "animeRomaji": "Love Live! School idol project",
        "songName": "Donna Toki mo Zutto",
        "artist": "Yoshino Nanj\u014d, Aina Kusuda, Sora Tokui",
        "type": "Ending 1",
        "correctCount": 94,
        "startTime": 54,
        "songDuration": 89.856,
        "songNumber": 56,
        "activePlayerCount": 185,
        "LinkVideo": "https://files.catbox.moe/87ncsw.webm",
        "LinkMp3": "https://files.catbox.moe/e9fqs9.mp3"
    },
    {
        "animeEng": "Food Wars! The Third Plate",
        "animeRomaji": "Shokugeki no S\u014dma: San no Sara",
        "songName": "BRAVER",
        "artist": "ZAQ",
        "type": "Opening 1",
        "correctCount": 138,
        "startTime": 43,
        "songDuration": 89.5712,
        "songNumber": 57,
        "activePlayerCount": 185,
        "LinkVideo": "https://files.catbox.moe/9v7vej.webm",
        "LinkMp3": "https://files.catbox.moe/4fo170.mp3"
    },
    {
        "animeEng": "Omishi Magical Theater Risky Safety",
        "animeRomaji": "Omishi Mah\u014d Gekij\u014d: Risky/Safety",
        "songName": "Yoake no Kaze Kiki Nagara",
        "artist": "Maaya Sakamoto",
        "type": "Ending 1",
        "correctCount": 5,
        "startTime": 37,
        "songDuration": 88.14035,
        "songNumber": 58,
        "activePlayerCount": 185,
        "LinkVideo": "https://files.catbox.moe/dzggn2.webm",
        "LinkMp3": "https://files.catbox.moe/ibbyd5.mp3",
        "correctPlayers": [
            "Swords",
            "anonimus_opinion",
            "watashiii",
            "TunetheRainbow",
            "shadowpandax"
        ]
    },
    {
        "animeEng": "Ninja Hattori",
        "animeRomaji": "Ninja Hattori-kun",
        "songName": "Ninja Hattori-kun",
        "artist": "Ayako Hori & Columbia Yurikago-kai",
        "type": "Opening 1",
        "correctCount": 90,
        "startTime": 27,
        "songDuration": 68.96208,
        "songNumber": 59,
        "activePlayerCount": 185,
        "LinkVideo": "https://files.catbox.moe/ik8qqb.webm",
        "LinkMp3": "https://files.catbox.moe/18qlyk.mp3"
    },
    {
        "animeEng": "High School Fleet: The Movie",
        "animeRomaji": "Haifuri Gekij\u014dban",
        "songName": "High Free Spirits",
        "artist": "TrySail",
        "type": "Insert Song",
        "correctCount": 106,
        "startTime": 51,
        "songDuration": 90.936,
        "songNumber": 60,
        "activePlayerCount": 185,
        "LinkVideo": "https://files.catbox.moe/9mkkl4.webm",
        "LinkMp3": "https://files.catbox.moe/lcmp9j.mp3"
    },
    {
        "animeEng": "Crayon Shin-chan: Serious Battle! Robot Dad Strikes Back!",
        "animeRomaji": "Eiga Crayon Shin-chan: Gachinko! Gyakush\u016b no Robo T\u014d-chan",
        "songName": "Kimi ni 100 Percent",
        "artist": "Kyary Pamyu Pamyu",
        "type": "Opening 1",
        "correctCount": 130,
        "startTime": 19,
        "songDuration": 64.056,
        "songNumber": 61,
        "activePlayerCount": 185,
        "LinkVideo": "https://files.catbox.moe/1pwmp3.webm",
        "LinkMp3": "https://files.catbox.moe/yhmuut.mp3"
    },
    {
        "animeEng": "PriPara",
        "animeRomaji": "PriPara",
        "songName": "No D&D code",
        "artist": "DressingPaf\u00e9",
        "type": "Insert Song",
        "correctCount": 41,
        "startTime": 81,
        "songDuration": 137.856,
        "songNumber": 62,
        "activePlayerCount": 185,
        "LinkVideo": "https://files.catbox.moe/v5r0va.webm",
        "LinkMp3": "https://files.catbox.moe/eotets.mp3"
    },
    {
        "animeEng": "The Ambition of Oda Nobuna",
        "animeRomaji": "Oda Nobuna no Yab\u014d",
        "songName": "Link",
        "artist": "Aimi",
        "type": "Opening 1",
        "correctCount": 54,
        "startTime": 26,
        "songDuration": 88.536,
        "songNumber": 63,
        "activePlayerCount": 185,
        "LinkVideo": "https://files.catbox.moe/ivs56e.webm",
        "LinkMp3": "https://files.catbox.moe/k64jni.mp3"
    },
    {
        "animeEng": "The Pilot's Love Song",
        "animeRomaji": "Toaru Hik\u016bshi e no Koiuta",
        "songName": "azurite",
        "artist": "petit milady",
        "type": "Opening 1",
        "correctCount": 28,
        "startTime": 17,
        "songDuration": 88.631946,
        "songNumber": 64,
        "activePlayerCount": 185,
        "LinkVideo": "https://files.catbox.moe/c3aop6.webm",
        "LinkMp3": "https://files.catbox.moe/08v6ys.mp3"
    },
    {
        "animeEng": "Eiga Shimajir\u014d Mah\u014d no Shima no Daib\u014dken",
        "animeRomaji": "Eiga Shimajir\u014d Mah\u014d no Shima no Daib\u014dken",
        "songName": "Massugu na Hashi",
        "artist": "Gospellers",
        "type": "Insert Song",
        "correctCount": 1,
        "startTime": 146,
        "songDuration": 180.912,
        "songNumber": 65,
        "activePlayerCount": 185,
        "LinkVideo": "https://files.catbox.moe/iii6t9.webm",
        "LinkMp3": "https://files.catbox.moe/3z53ay.mp3",
        "correctPlayers": [
            "Steelrocket"
        ]
    },
    {
        "animeEng": "Claymore",
        "animeRomaji": "Claymore",
        "songName": "Raison D'\u00eatre",
        "artist": "Nightmare",
        "type": "Opening 1",
        "correctCount": 107,
        "startTime": 16,
        "songDuration": 59.064,
        "songNumber": 66,
        "activePlayerCount": 185,
        "LinkVideo": "https://files.catbox.moe/xrj1ax.webm",
        "LinkMp3": "https://files.catbox.moe/yt5dhm.mp3"
    },
    {
        "animeEng": "All Purpose Cultural Cat Girl Nuku Nuku",
        "animeRomaji": "Bann\u014d Bunka Neko-Musume",
        "songName": "Fine colorday",
        "artist": "Megumi Hayashibara",
        "type": "Opening 1",
        "correctCount": 12,
        "startTime": 15,
        "songDuration": 89.064,
        "songNumber": 67,
        "activePlayerCount": 185,
        "LinkVideo": "https://files.catbox.moe/5c0lii.webm",
        "LinkMp3": "https://files.catbox.moe/hupelf.mp3"
    },
    {
        "animeEng": "Super Dimension Fortress Macross",
        "animeRomaji": "Ch\u014djik\u016b Y\u014dsai Macross",
        "songName": "Macross",
        "artist": "Makoto Fujiwara",
        "type": "Opening 1",
        "correctCount": 115,
        "startTime": 21,
        "songDuration": 89.016,
        "songNumber": 68,
        "activePlayerCount": 185,
        "LinkVideo": "https://files.catbox.moe/dzbwwp.webm",
        "LinkMp3": "https://files.catbox.moe/wg5ajn.mp3"
    },
    {
        "animeEng": "Aria the Scarlet Ammo",
        "animeRomaji": "Hidan no Aria",
        "songName": "Scarlet Ballet",
        "artist": "May'n",
        "type": "Opening 1",
        "correctCount": 122,
        "startTime": 6,
        "songDuration": 89.88735,
        "songNumber": 69,
        "activePlayerCount": 184,
        "LinkVideo": "https://files.catbox.moe/t9gma0.webm",
        "LinkMp3": "https://files.catbox.moe/pi9bmd.mp3"
    },
    {
        "animeEng": "Mobile Suit Zeta Gundam",
        "animeRomaji": "Kid\u014d Senshi Zeta Gundam",
        "songName": "Z\u30fbToki o Koete",
        "artist": "Mami Ayukawa",
        "type": "Opening 1",
        "correctCount": 46,
        "startTime": 6,
        "songDuration": 88.788678,
        "songNumber": 70,
        "activePlayerCount": 185,
        "LinkVideo": "https://files.catbox.moe/7ihwdf.webm",
        "LinkMp3": "https://files.catbox.moe/iqybxl.mp3"
    },
    {
        "animeEng": "D4DJ First Mix",
        "animeRomaji": "D4DJ First Mix",
        "songName": "A lot of life",
        "artist": "Photon Maiden",
        "type": "Insert Song",
        "correctCount": 27,
        "startTime": 0,
        "songDuration": 23.856,
        "songNumber": 71,
        "activePlayerCount": 184,
        "LinkVideo": "https://files.catbox.moe/nvt9xf.webm",
        "LinkMp3": "https://files.catbox.moe/hdtyp0.mp3"
    },
    {
        "animeEng": "Death Note",
        "animeRomaji": "Death Note",
        "songName": "Zetsubou Billy",
        "artist": "Maximum the Hormone",
        "type": "Ending 2",
        "correctCount": 128,
        "startTime": 13,
        "songDuration": 69.456,
        "songNumber": 72,
        "activePlayerCount": 185,
        "LinkVideo": "https://files.catbox.moe/otvuf8.webm",
        "LinkMp3": "https://files.catbox.moe/mmpaiv.mp3"
    },
    {
        "animeEng": "The Chojo",
        "animeRomaji": "Maris the Chojo",
        "songName": "Buin Buin Buin",
        "artist": "Kirara to Urara",
        "type": "Insert Song",
        "correctCount": 3,
        "startTime": 66,
        "songDuration": 100.70031,
        "songNumber": 73,
        "activePlayerCount": 185,
        "LinkVideo": "https://files.catbox.moe/rgtcw9.webm",
        "LinkMp3": "https://files.catbox.moe/opzpm6.mp3",
        "correctPlayers": [
            "anomanderbaked",
            "Legend_",
            "TunetheRainbow"
        ]
    },
    {
        "animeEng": "You're Being Summoned, Azazel",
        "animeRomaji": "Yondemasu yo, Azazel-san.",
        "songName": "Pandemic!!",
        "artist": "Chihiro Yonekura",
        "type": "Opening 1",
        "correctCount": 33,
        "startTime": 14,
        "songDuration": 61.08,
        "songNumber": 74,
        "activePlayerCount": 185,
        "LinkVideo": "https://files.catbox.moe/z58dry.webm",
        "LinkMp3": "https://files.catbox.moe/mnvqd0.mp3"
    },
    {
        "animeEng": "Gurren Lagann",
        "animeRomaji": "Tengen Toppa Gurren Lagann",
        "songName": "UNDERGROUND",
        "artist": "HIGH VOLTAGE",
        "type": "Ending 1",
        "correctCount": 66,
        "startTime": 26,
        "songDuration": 90.068656,
        "songNumber": 75,
        "activePlayerCount": 183,
        "LinkVideo": "https://files.catbox.moe/5v2ujl.webm",
        "LinkMp3": "https://files.catbox.moe/bgcnwy.mp3"
    }
]