[
    {
        "animeEng": "Chibi Maruko-chan",
        "animeRomaji": "Chibi Maruko-chan",
        "songName": "Arara no Jumon",
        "artist": "TARAKO with Bakuchu Mondai",
        "type": "Ending 9",
        "correctCount": 3,
        "startTime": 51,
        "songDuration": 89.304,
        "songNumber": 1,
        "activePlayerCount": 109,
        "LinkVideo": "https://files.catbox.moe/koha10.webm",
        "LinkMp3": "https://files.catbox.moe/zd7nyt.mp3",
        "annId": 909,
        "songDifficulty": 20.259738674411526,
        "vintage": "Winter 1995",
        "correctPlayers": [
            "HungryLosos",
            "as20",
            "YuriMeguri"
        ]
    },
    {
        "animeEng": "Persona 5 the Animation",
        "animeRomaji": "Persona 5 the Animation",
        "songName": "Jiyuu to Anshin",
        "artist": "Shouji Meguro",
        "type": "Ending 4",
        "correctCount": 50,
        "startTime": 56,
        "songDuration": 95.496,
        "songNumber": 2,
        "activePlayerCount": 121,
        "LinkVideo": "https://files.catbox.moe/2vw6e1.webm",
        "LinkMp3": "https://files.catbox.moe/znt8km.mp3",
        "annId": 20469,
        "songDifficulty": 44.882831145584724,
        "vintage": "Spring 2018"
    },
    {
        "animeEng": "Dr. Stone Season 2",
        "animeRomaji": "Dr. Stone: Stone Wars",
        "songName": "Rakuen",
        "artist": "Fujifabric",
        "type": "Opening 1",
        "correctCount": 72,
        "startTime": 15,
        "songDuration": 88.44,
        "songNumber": 3,
        "activePlayerCount": 127,
        "LinkVideo": "https://files.catbox.moe/urzma9.webm",
        "LinkMp3": "https://files.catbox.moe/zgapje.mp3",
        "annId": 22942,
        "songDifficulty": 42.51980495836368,
        "vintage": "Winter 2021"
    },
    {
        "animeEng": "Magi: The Labyrinth of Magic",
        "animeRomaji": "Magi: The Labyrinth of Magic",
        "songName": "V.I.P",
        "artist": "SID",
        "type": "Opening 1",
        "correctCount": 57,
        "startTime": 38,
        "songDuration": 89.448,
        "songNumber": 4,
        "activePlayerCount": 129,
        "LinkVideo": "https://files.catbox.moe/mvq8cx.webm",
        "LinkMp3": "https://files.catbox.moe/fjivh8.mp3",
        "annId": 14395,
        "songDifficulty": 30.379782754010694,
        "vintage": "Fall 2012"
    },
    {
        "animeEng": "Love Live! Nijigasaki High School Idol Club",
        "animeRomaji": "Love Live! School Idol Project Nijigasaki Gakuen School Idol Doukoukai",
        "songName": "Mirai Harmony",
        "artist": "Nijigasaki Gakuen School Idol Doukoukai",
        "type": "Insert Song",
        "correctCount": 32,
        "startTime": 13,
        "songDuration": 102.792,
        "songNumber": 5,
        "activePlayerCount": 132,
        "LinkVideo": "https://files.catbox.moe/iwdryw.webm",
        "LinkMp3": "https://files.catbox.moe/hbquov.mp3",
        "annId": 23886,
        "songDifficulty": 25.541490938346882,
        "vintage": "Summer 2020"
    },
    {
        "animeEng": "The Case Study of Vanitas",
        "animeRomaji": "Vanitas no Karte",
        "songName": "Sora to Utsuro",
        "artist": "sasanomaly",
        "type": "Opening 1",
        "correctCount": 73,
        "startTime": 17,
        "songDuration": 88.2,
        "songNumber": 6,
        "activePlayerCount": 135,
        "LinkVideo": "https://files.catbox.moe/rdf0ow.webm",
        "LinkMp3": "https://files.catbox.moe/6obrz2.mp3",
        "annId": 24207,
        "songDifficulty": 38.51341087111322,
        "vintage": "Summer 2021"
    },
    {
        "animeEng": "New Game!",
        "animeRomaji": "New Game!",
        "songName": "Now Loading!!!!",
        "artist": "fourfolium",
        "type": "Ending 1",
        "correctCount": 57,
        "startTime": 17,
        "songDuration": 89.184,
        "songNumber": 7,
        "activePlayerCount": 134,
        "LinkVideo": "https://files.catbox.moe/cyg6b0.webm",
        "LinkMp3": "https://files.catbox.moe/gb3tpb.mp3",
        "annId": 21896,
        "songDifficulty": 36.29636757782475,
        "vintage": "Winter 2017"
    },
    {
        "animeEng": "Nekopara",
        "animeRomaji": "Nekopara",
        "songName": "Shiny Happy Days",
        "artist": "Yuki Yagi, Iori Saeki, Shiori Izawa, Miku Itou, Yuri Noguchi, Marin Mizutani",
        "type": "Opening 1",
        "correctCount": 48,
        "startTime": 38,
        "songDuration": 89.304,
        "songNumber": 8,
        "activePlayerCount": 136,
        "LinkVideo": "https://files.catbox.moe/uo7vd0.webm",
        "LinkMp3": "https://files.catbox.moe/ltfhqm.mp3",
        "annId": 22247,
        "songDifficulty": 32.91128777508687,
        "vintage": "Winter 2020"
    },
    {
        "animeEng": "Shaman King",
        "animeRomaji": "Shaman King",
        "songName": "Brave Heart",
        "artist": "Megumi Hayashibara",
        "type": "Insert Song",
        "correctCount": 13,
        "startTime": 21,
        "songDuration": 130.176,
        "songNumber": 9,
        "activePlayerCount": 135,
        "LinkVideo": "https://files.catbox.moe/d5mksj.webm",
        "LinkMp3": "https://files.catbox.moe/754b7d.mp3",
        "annId": 1174,
        "songDifficulty": 28.70162136130137,
        "vintage": "Summer 2001"
    },
    {
        "animeEng": "Monster Strike The Movie: Sora no Kanata",
        "animeRomaji": "Monster Strike The Movie: Sora no Kanata",
        "songName": "Kizunami",
        "artist": "Kyary Pamyu Pamyu",
        "type": "Ending 1",
        "correctCount": 6,
        "startTime": 212,
        "songDuration": 287.4,
        "songNumber": 10,
        "activePlayerCount": 136,
        "LinkVideo": "https://files.catbox.moe/5oabkq.webm",
        "LinkMp3": "https://files.catbox.moe/t4dtnz.mp3",
        "annId": 21139,
        "songDifficulty": 10.18324607329843,
        "vintage": "Fall 2018"
    },
    {
        "animeEng": "D.C.II: Da Capo II",
        "animeRomaji": "D.C.II: Da Capo II",
        "songName": "Yasashisa wa Ame no You ni",
        "artist": "CooRie",
        "type": "Ending 1",
        "correctCount": 10,
        "startTime": 14,
        "songDuration": 94.056,
        "songNumber": 11,
        "activePlayerCount": 136,
        "LinkVideo": "https://files.catbox.moe/cv1ndm.webm",
        "LinkMp3": "https://files.catbox.moe/csxz5w.mp3",
        "annId": 8092,
        "songDifficulty": 19.35577667511261,
        "vintage": "Fall 2007"
    },
    {
        "animeEng": "PriPara",
        "animeRomaji": "PriPara",
        "songName": "Make it!",
        "artist": "Minami Tanaka",
        "type": "Insert Song",
        "correctCount": 43,
        "startTime": 0,
        "songDuration": 23.544,
        "songNumber": 12,
        "activePlayerCount": 137,
        "LinkVideo": "https://files.catbox.moe/mtkjkz.webm",
        "LinkMp3": "https://files.catbox.moe/klb9zg.mp3",
        "annId": 18090,
        "songDifficulty": 39.91684498506434,
        "vintage": "Spring 2016"
    },
    {
        "animeEng": "S.A: Special A",
        "animeRomaji": "Special A",
        "songName": "Special days",
        "artist": "Yuuko Gotou with S\u30fbA",
        "type": "Opening 1",
        "correctCount": 23,
        "startTime": 3,
        "songDuration": 89.4,
        "songNumber": 13,
        "activePlayerCount": 136,
        "LinkVideo": "https://files.catbox.moe/u4bk8w.webm",
        "LinkMp3": "https://files.catbox.moe/6n1zca.mp3",
        "annId": 8769,
        "songDifficulty": 18.92818705673759,
        "vintage": "Spring 2008"
    },
    {
        "animeEng": "Ikki Tousen",
        "animeRomaji": "Ikkitousen",
        "songName": "FATE",
        "artist": "Masumi Asano",
        "type": "Insert Song",
        "correctCount": 9,
        "startTime": 42,
        "songDuration": 88.704,
        "songNumber": 14,
        "activePlayerCount": 136,
        "LinkVideo": "https://files.catbox.moe/r1gflq.webm",
        "LinkMp3": "https://files.catbox.moe/5ryo75.mp3",
        "annId": 2572,
        "songDifficulty": 9.431322315071203,
        "vintage": "Summer 2003"
    },
    {
        "animeEng": "Nyanbo!",
        "animeRomaji": "Nyanbo!",
        "songName": "Uchuu kara Yattekita Nyanbo",
        "artist": "ohashiTrio",
        "type": "Opening 1",
        "correctCount": 114,
        "startTime": 0,
        "songDuration": 23.37919,
        "songNumber": 15,
        "activePlayerCount": 136,
        "LinkVideo": "https://files.catbox.moe/rbl30y.webm",
        "LinkMp3": "https://files.catbox.moe/4p7bdu.mp3",
        "annId": 18759,
        "songDifficulty": 44.417033406681334,
        "vintage": "Summer 2016"
    },
    {
        "animeEng": "Boku no Imouto wa \"Osaka Okan\"",
        "animeRomaji": "Boku no Imouto wa \"Osaka Okan\"",
        "songName": "Hanshin no Omoide ga Ippai",
        "artist": "Kana Asumi",
        "type": "Ending 5",
        "correctCount": 45,
        "startTime": 0,
        "songDuration": 24.984,
        "songNumber": 16,
        "activePlayerCount": 135,
        "LinkVideo": "https://files.catbox.moe/3v5heo.webm",
        "LinkMp3": "https://files.catbox.moe/qbp2tc.mp3",
        "annId": 14906,
        "songDifficulty": 32.21651371646689,
        "vintage": "Fall 2012"
    },
    {
        "animeEng": "Conception",
        "animeRomaji": "Conception",
        "songName": "Star light, Star bright",
        "artist": "nano",
        "type": "Opening 1",
        "correctCount": 29,
        "startTime": 32,
        "songDuration": 89.16,
        "songNumber": 17,
        "activePlayerCount": 138,
        "LinkVideo": "https://files.catbox.moe/cpt7pa.webm",
        "LinkMp3": "https://files.catbox.moe/w0mrjy.mp3",
        "annId": 21301,
        "songDifficulty": 22.168410584032774,
        "vintage": "Fall 2018"
    },
    {
        "animeEng": "Candy Candy",
        "animeRomaji": "Candy Candy",
        "songName": "Candy Candy",
        "artist": "Mitsuko Horie & The Chirps",
        "type": "Opening 1",
        "correctCount": 33,
        "startTime": 16,
        "songDuration": 69.249422,
        "songNumber": 18,
        "activePlayerCount": 138,
        "LinkVideo": "https://files.catbox.moe/a2ja9f.webm",
        "LinkMp3": "https://files.catbox.moe/jen50t.mp3",
        "annId": 545,
        "songDifficulty": 32.78713403767821,
        "vintage": "Fall 1976"
    },
    {
        "animeEng": "Okawari-Boy Starzan S",
        "animeRomaji": "Okawari-Boy Starzan S",
        "songName": "Show Me Your Space ~Kimi no Uchuu o Misete~",
        "artist": "Poplar",
        "type": "Opening 1",
        "correctCount": 6,
        "startTime": 0,
        "songDuration": 69,
        "songNumber": 19,
        "activePlayerCount": 140,
        "LinkVideo": "https://files.catbox.moe/eq2hk7.webm",
        "LinkMp3": "https://files.catbox.moe/r2r7jz.mp3",
        "annId": 7805,
        "songDifficulty": 10.745837417973751,
        "vintage": "Winter 1984"
    },
    {
        "animeEng": "Armored Trooper Votoms: Brilliantly Shining Heresy",
        "animeRomaji": "Soukou Kihei VOTOMS: Kakuyaku taru Itan",
        "songName": "Kaze ga Shitte iru",
        "artist": "Shinya Iguchi",
        "type": "Opening 1",
        "correctCount": 4,
        "startTime": 4,
        "songDuration": 108.693642,
        "songNumber": 20,
        "activePlayerCount": 142,
        "LinkVideo": "https://files.catbox.moe/azjmg4.webm",
        "LinkMp3": "https://files.catbox.moe/keciv5.mp3",
        "annId": 6972,
        "songDifficulty": 13.117548076923077,
        "vintage": "Winter 1994",
        "correctPlayers": [
            "AKl",
            "NicoIe",
            "Theane",
            "PsCid"
        ]
    },
    {
        "animeEng": "Maria\u2020Holic Alive",
        "animeRomaji": "Maria\u2020Holic Alive",
        "songName": "Run Run Riru Ran Ran Rara",
        "artist": "Yu Kobayashi",
        "type": "Opening 2",
        "correctCount": 32,
        "startTime": 17,
        "songDuration": 88.893166,
        "songNumber": 21,
        "activePlayerCount": 143,
        "LinkVideo": "https://files.catbox.moe/x9ym35.webm",
        "LinkMp3": "https://files.catbox.moe/cbk033.mp3",
        "annId": 12090,
        "songDifficulty": 25.06196039244186,
        "vintage": "Spring 2011"
    },
    {
        "animeEng": "Crayon Shin-chan: Bakuhatsu! Onsen Wakuwaku Daikessen",
        "animeRomaji": "Crayon Shin-chan: Bakuhatsu! Onsen Wakuwaku Daikessen",
        "songName": "Watashi no Sasayaka na Yorokobi",
        "artist": "Nohara Ie All Stars",
        "type": "Insert Song",
        "correctCount": 5,
        "startTime": 35,
        "songDuration": 164.112,
        "songNumber": 22,
        "activePlayerCount": 141,
        "LinkVideo": "https://files.catbox.moe/8hla04.webm",
        "LinkMp3": "https://files.catbox.moe/hi78pr.mp3",
        "annId": 6746,
        "songDifficulty": 8.19582546962781,
        "vintage": "Spring 1999",
        "correctPlayers": [
            "revel_",
            "amehaneyuki",
            "angelofeternity",
            "Theane",
            "ozsauce"
        ]
    },
    {
        "animeEng": "Aikatsu Stars!",
        "animeRomaji": "Aikatsu Stars!",
        "songName": "Aikatsu\u2606Step!",
        "artist": "Sena\u30fbRie\u30fbMiki\u30fbKana from AIKATSU\u2606STARS!",
        "type": "Insert Song",
        "correctCount": 24,
        "startTime": 21,
        "songDuration": 124.656,
        "songNumber": 23,
        "activePlayerCount": 141,
        "LinkVideo": "https://files.catbox.moe/5liyop.webm",
        "LinkMp3": "https://files.catbox.moe/ss67nd.mp3",
        "annId": 18088,
        "songDifficulty": 31.308962264150942,
        "vintage": "Spring 2016"
    },
    {
        "animeEng": "The Disastrous Life of Saiki K.",
        "animeRomaji": "Saiki Kusuo no Psi Nan",
        "songName": "Oteage Psychics",
        "artist": "Shiggy Jr.",
        "type": "Opening 1",
        "correctCount": 94,
        "startTime": 49,
        "songDuration": 87.744,
        "songNumber": 24,
        "activePlayerCount": 143,
        "LinkVideo": "https://files.catbox.moe/rmhlw0.webm",
        "LinkMp3": "https://files.catbox.moe/ht2oo4.mp3",
        "annId": 21649,
        "songDifficulty": 44.37426411560075,
        "vintage": "Fall 2018"
    },
    {
        "animeEng": "PriPara & Kiratto Pri\u2606Chan: Kira Kira Memorial Live",
        "animeRomaji": "PriPara & Kiratto Pri\u2606Chan: Kira Kira Memorial Live",
        "songName": "SEVENDAYS LOVE, SEVENDAYS FRIEND",
        "artist": "Rumi Shishido & Ayane Sakura",
        "type": "Insert Song",
        "correctCount": 9,
        "startTime": 39,
        "songDuration": 86.232,
        "songNumber": 25,
        "activePlayerCount": 143,
        "LinkVideo": "https://files.catbox.moe/2iu92k.webm",
        "LinkMp3": "https://files.catbox.moe/8xex7s.mp3",
        "annId": 20902,
        "songDifficulty": 12.882096069868995,
        "vintage": "Spring 2018"
    },
    {
        "animeEng": "Tokyo Underground",
        "animeRomaji": "Tokyo Underground",
        "songName": "Kakusei Toshi",
        "artist": "Akino Arai",
        "type": "Ending 1",
        "correctCount": 5,
        "startTime": 19,
        "songDuration": 92.064,
        "songNumber": 26,
        "activePlayerCount": 144,
        "LinkVideo": "https://files.catbox.moe/bo6okj.webm",
        "LinkMp3": "https://files.catbox.moe/78t35z.mp3",
        "annId": 888,
        "songDifficulty": 8.029564335099902,
        "vintage": "Spring 2002",
        "correctPlayers": [
            "AKl",
            "Erza_Asiaversal",
            "ozsauce",
            "Nippah",
            "MaikaLover233"
        ]
    },
    {
        "animeEng": "For Whom the Alchemist Exists The Movie",
        "animeRomaji": "Ta ga Tame no Alchemist",
        "songName": "Namida",
        "artist": "Huwie Ishizaki",
        "type": "Insert Song",
        "correctCount": 6,
        "startTime": 46,
        "songDuration": 259.68,
        "songNumber": 27,
        "activePlayerCount": 143,
        "LinkVideo": "https://files.catbox.moe/el4858.webm",
        "LinkMp3": "https://files.catbox.moe/05dg8h.mp3",
        "annId": 21765,
        "songDifficulty": 5.724387072641915,
        "vintage": "Spring 2019"
    },
    {
        "animeEng": "The World God Only Knows Season Two",
        "animeRomaji": "Kami Nomi zo Shiru Sekai II",
        "songName": "God only knows Daisanmaku",
        "artist": "Oratorio The World God Only Knows",
        "type": "Ending 3",
        "correctCount": 105,
        "startTime": 17,
        "songDuration": 89.256,
        "songNumber": 28,
        "activePlayerCount": 143,
        "LinkVideo": "https://files.catbox.moe/7q4d23.webm",
        "LinkMp3": "https://files.catbox.moe/5qtgo9.mp3",
        "annId": 12375,
        "songDifficulty": 46.46879936808847,
        "vintage": "Spring 2011"
    },
    {
        "animeEng": "Noragami",
        "animeRomaji": "Noragami",
        "songName": "Heart Realize",
        "artist": "Tia",
        "type": "Ending 1",
        "correctCount": 66,
        "startTime": 46,
        "songDuration": 93.12,
        "songNumber": 29,
        "activePlayerCount": 144,
        "LinkVideo": "https://files.catbox.moe/x8u24s.webm",
        "LinkMp3": "https://files.catbox.moe/5m0a9l.mp3",
        "annId": 15837,
        "songDifficulty": 31.254829627752027,
        "vintage": "Winter 2014"
    },
    {
        "animeEng": "Megazone 23 Part II",
        "animeRomaji": "Megazone 23 Part II",
        "songName": "TOMORROW BLUES",
        "artist": "Kumi Miyasato",
        "type": "Insert Song",
        "correctCount": 12,
        "startTime": 0,
        "songDuration": 22.32,
        "songNumber": 30,
        "activePlayerCount": 146,
        "LinkVideo": "https://files.catbox.moe/6cf5mq.webm",
        "LinkMp3": "https://files.catbox.moe/1wxx0m.mp3",
        "annId": 2402,
        "songDifficulty": 15.994996858787289,
        "vintage": "Spring 1986"
    },
    {
        "animeEng": "Generation of Chaos Next: Chikai no Pendant",
        "animeRomaji": "Generation of Chaos Next: Chikai no Pendant",
        "songName": "LOVE&HISTORY",
        "artist": "Nana Mizuki",
        "type": "Opening 1",
        "correctCount": 10,
        "startTime": 21,
        "songDuration": 87.024,
        "songNumber": 31,
        "activePlayerCount": 146,
        "LinkVideo": "https://files.catbox.moe/zr2oko.webm",
        "LinkMp3": "https://files.catbox.moe/sk0qi5.mp3",
        "annId": 5722,
        "songDifficulty": 17.344073296317386,
        "vintage": "Spring 2002"
    },
    {
        "animeEng": "Cutey Honey",
        "animeRomaji": "Cutey Honey",
        "songName": "Yogiri no Honey",
        "artist": "Yoko Maekawa",
        "type": "Ending 1",
        "correctCount": 32,
        "startTime": 20,
        "songDuration": 156.648,
        "songNumber": 32,
        "activePlayerCount": 146,
        "LinkVideo": "https://files.catbox.moe/smexjz.webm",
        "LinkMp3": "https://files.catbox.moe/l5n9vk.mp3",
        "annId": 564,
        "songDifficulty": 17.181116345699433,
        "vintage": "Fall 1973"
    },
    {
        "animeEng": "Ocha-ken: Chokotto Monogatari",
        "animeRomaji": "Ocha-ken: Chokotto Monogatari",
        "songName": "'Ho' to Shiyo!",
        "artist": "Mizuki Endou",
        "type": "Opening 1",
        "correctCount": 12,
        "startTime": 1,
        "songDuration": 29.90969,
        "songNumber": 33,
        "activePlayerCount": 147,
        "LinkVideo": "https://files.catbox.moe/220t2h.webm",
        "LinkMp3": "https://files.catbox.moe/k4sy0m.mp3",
        "annId": 3015,
        "songDifficulty": 8.221274833759171,
        "vintage": "Fall 2003"
    },
    {
        "animeEng": "Moetan",
        "animeRomaji": "Moetan",
        "songName": "Skip!",
        "artist": "nomico",
        "type": "Ending 1",
        "correctCount": 10,
        "startTime": 31,
        "songDuration": 88.224,
        "songNumber": 34,
        "activePlayerCount": 148,
        "LinkVideo": "https://files.catbox.moe/dix939.webm",
        "LinkMp3": "https://files.catbox.moe/55apga.mp3",
        "annId": 8034,
        "songDifficulty": 15.845200713424438,
        "vintage": "Summer 2007"
    },
    {
        "animeEng": "Chocotto Sister",
        "animeRomaji": "Chocotto Sister",
        "songName": "Doki! Doki! My Sister Soul",
        "artist": "Harenchi\u2606Punch",
        "type": "Opening 1",
        "correctCount": 5,
        "startTime": 7,
        "songDuration": 88.475214,
        "songNumber": 35,
        "activePlayerCount": 146,
        "LinkVideo": "https://files.catbox.moe/p03i2d.webm",
        "LinkMp3": "https://files.catbox.moe/pypyje.mp3",
        "annId": 6674,
        "songDifficulty": 9.847355698094223,
        "vintage": "Summer 2006",
        "correctPlayers": [
            "Swords",
            "Shag",
            "AKl",
            "YuriMeguri",
            "Theane"
        ]
    },
    {
        "animeEng": "Koro Teacher Quest!",
        "animeRomaji": "Koro Sensei Quest!",
        "songName": "Re:QUEST!",
        "artist": "Aya Suzaki",
        "type": "Opening 1",
        "correctCount": 21,
        "startTime": 2,
        "songDuration": 59.009598,
        "songNumber": 36,
        "activePlayerCount": 144,
        "LinkVideo": "https://files.catbox.moe/gjlf5f.webm",
        "LinkMp3": "https://files.catbox.moe/zkk92y.mp3",
        "annId": 18899,
        "songDifficulty": 19.759983419514388,
        "vintage": "Fall 2016"
    },
    {
        "animeEng": "Kill la Kill",
        "animeRomaji": "Kill la Kill",
        "songName": "Before my body is dry",
        "artist": "Mika Kobayashi & David Whitaker",
        "type": "Insert Song",
        "correctCount": 92,
        "startTime": 59,
        "songDuration": 92.352,
        "songNumber": 37,
        "activePlayerCount": 144,
        "LinkVideo": "https://files.catbox.moe/95nb5w.webm",
        "LinkMp3": "https://files.catbox.moe/u7sn2o.mp3",
        "annId": 15336,
        "songDifficulty": 52.89055529467011,
        "vintage": "Fall 2013"
    },
    {
        "animeEng": "Dream Warrior Wingman",
        "animeRomaji": "Yume Senshi Wingman",
        "songName": "Blue Sensation",
        "artist": "Poplar",
        "type": "Insert Song",
        "correctCount": 4,
        "startTime": 20,
        "songDuration": 53.472,
        "songNumber": 38,
        "activePlayerCount": 144,
        "LinkVideo": "https://files.catbox.moe/szbcag.webm",
        "LinkMp3": "https://files.catbox.moe/empri2.mp3",
        "annId": 1709,
        "songDifficulty": 17.073172220369663,
        "vintage": "Winter 1984",
        "correctPlayers": [
            "AKl",
            "Delete",
            "Theane",
            "JinAxel"
        ]
    },
    {
        "animeEng": "Hypnosis Mic: Division Rap Battle - Rhyme Anima",
        "animeRomaji": "Hypnosis Mic: Division Rap Battle - Rhyme Anima",
        "songName": "Fallin'",
        "artist": "Matenro",
        "type": "Insert Song",
        "correctCount": 89,
        "startTime": 9,
        "songDuration": 76.896,
        "songNumber": 39,
        "activePlayerCount": 143,
        "LinkVideo": "https://files.catbox.moe/noeg4e.webm",
        "LinkMp3": "https://files.catbox.moe/2fm1xt.mp3",
        "annId": 22902,
        "songDifficulty": 48.50413901179941,
        "vintage": "Fall 2020"
    },
    {
        "animeEng": "Tamayura: Sotsugyou Shashin",
        "animeRomaji": "Tamayura: Sotsugyou Shashin",
        "songName": "Kore kara ~Uta to Piano~",
        "artist": "Maaya Sakamoto",
        "type": "Ending 2",
        "correctCount": 14,
        "startTime": 204,
        "songDuration": 263.064,
        "songNumber": 40,
        "activePlayerCount": 142,
        "LinkVideo": "https://files.catbox.moe/g06qlq.webm",
        "LinkMp3": "https://files.catbox.moe/wr2sic.mp3",
        "annId": 16256,
        "songDifficulty": 19.776687131959314,
        "vintage": "Spring 2015"
    },
    {
        "animeEng": "Saiyuki",
        "animeRomaji": "Gensoumaden Saiyuuki",
        "songName": "open up your mind",
        "artist": "mirai",
        "type": "Insert Song",
        "correctCount": 6,
        "startTime": 113,
        "songDuration": 255.0628,
        "songNumber": 41,
        "activePlayerCount": 141,
        "LinkVideo": "https://files.catbox.moe/7pih8s.webm",
        "LinkMp3": "https://files.catbox.moe/32jq5q.mp3",
        "annId": 965,
        "songDifficulty": 5.091185410334346,
        "vintage": "Spring 2000"
    },
    {
        "animeEng": "Tibetan Dog",
        "animeRomaji": "Tibet Inu Monogatari: Kin-iro no Dao Jie",
        "songName": "ECHOES",
        "artist": "alan",
        "type": "Ending 1",
        "correctCount": 6,
        "startTime": 104,
        "songDuration": 309.384,
        "songNumber": 42,
        "activePlayerCount": 141,
        "LinkVideo": "https://files.catbox.moe/fbj5vu.webm",
        "LinkMp3": "https://files.catbox.moe/sof434.mp3",
        "annId": 13748,
        "songDifficulty": 6.7396567949516415,
        "vintage": "Summer 2011"
    },
    {
        "animeEng": "Interspecies Reviewers",
        "animeRomaji": "Ishuzoku Reviewers",
        "songName": "Ikouze\u2606Paradise",
        "artist": "Junji Majima, Yuusuke Kobayashi, Miyu Tomita",
        "type": "Opening 1",
        "correctCount": 110,
        "startTime": 0,
        "songDuration": 89.568,
        "songNumber": 43,
        "activePlayerCount": 140,
        "LinkVideo": "https://files.catbox.moe/8d12lc.webm",
        "LinkMp3": "https://files.catbox.moe/y1www2.mp3",
        "annId": 22612,
        "songDifficulty": 44.58908435899396,
        "vintage": "Winter 2020"
    },
    {
        "animeEng": "Doraemon: The New Record of Nobita Spaceblaze",
        "animeRomaji": "Doraemon: Shin Nobita no Uchuu Kaitakushi",
        "songName": "Taisetsu ni Suru yo",
        "artist": "Kou Shibasaki",
        "type": "Ending 1",
        "correctCount": 0,
        "startTime": 71,
        "songDuration": 183.336,
        "songNumber": 44,
        "activePlayerCount": 141,
        "LinkVideo": "https://files.catbox.moe/x92qr5.webm",
        "LinkMp3": "https://files.catbox.moe/tervws.mp3",
        "annId": 10173,
        "songDifficulty": 3.596229916527158,
        "vintage": "Winter 2009"
    },
    {
        "animeEng": "Great Mazinger",
        "animeRomaji": "Great Mazinger",
        "songName": "Yuusha wa Mazinger",
        "artist": "Ichiro Mizuki & Columbia Yurikago-kai",
        "type": "Ending 1",
        "correctCount": 60,
        "startTime": 2,
        "songDuration": 68.496,
        "songNumber": 45,
        "activePlayerCount": 142,
        "LinkVideo": "https://files.catbox.moe/cj4sc9.webm",
        "LinkMp3": "https://files.catbox.moe/myputz.mp3",
        "annId": 1997,
        "songDifficulty": 35.05264029924515,
        "vintage": "Summer 1974"
    },
    {
        "animeEng": "Air",
        "animeRomaji": "Air",
        "songName": "Aozora",
        "artist": "Lia",
        "type": "Insert Song",
        "correctCount": 41,
        "startTime": 51,
        "songDuration": 91.176,
        "songNumber": 46,
        "activePlayerCount": 141,
        "LinkVideo": "https://files.catbox.moe/dos0a2.webm",
        "LinkMp3": "https://files.catbox.moe/wqkh57.mp3",
        "annId": 4093,
        "songDifficulty": 25.709775940011482,
        "vintage": "Winter 2005"
    },
    {
        "animeEng": "Convenience Store Boy Friends",
        "animeRomaji": "Konbini Kareshi",
        "songName": "Stand Up Now",
        "artist": "Cellchrome",
        "type": "Opening 1",
        "correctCount": 35,
        "startTime": 6,
        "songDuration": 89.136,
        "songNumber": 47,
        "activePlayerCount": 142,
        "LinkVideo": "https://files.catbox.moe/77c4dy.webm",
        "LinkMp3": "https://files.catbox.moe/mied7v.mp3",
        "annId": 19475,
        "songDifficulty": 17.64559431837319,
        "vintage": "Summer 2017"
    },
    {
        "animeEng": "Extra Olympia Kyklos",
        "animeRomaji": "Bessatsu Olympia Kyklos",
        "songName": "Kimi wa Helenes",
        "artist": "Akihito Hayashi",
        "type": "Ending 1",
        "correctCount": 49,
        "startTime": 21,
        "songDuration": 54.6,
        "songNumber": 48,
        "activePlayerCount": 141,
        "LinkVideo": "https://files.catbox.moe/wfhsvy.webm",
        "LinkMp3": "https://files.catbox.moe/zp0uhj.mp3",
        "annId": 23035,
        "songDifficulty": 35.49741597474977,
        "vintage": "Spring 2020"
    },
    {
        "animeEng": "One Punch Man",
        "animeRomaji": "One Punch Man",
        "songName": "Sonic no One-Punch Ondo",
        "artist": "Yuki Kaji",
        "type": "Ending 3",
        "correctCount": 84,
        "startTime": 36,
        "songDuration": 92.928,
        "songNumber": 49,
        "activePlayerCount": 141,
        "LinkVideo": "https://files.catbox.moe/jguh3g.webm",
        "LinkMp3": "https://files.catbox.moe/cmgmb8.mp3",
        "annId": 17988,
        "songDifficulty": 44.92532004240052,
        "vintage": "Fall 2015"
    },
    {
        "animeEng": "Fate/stay night TV reproduction",
        "animeRomaji": "Fate/stay night TV reproduction",
        "songName": "Kumo no Kakera",
        "artist": "Jyukai feat. Sachi Tainaka",
        "type": "Ending 2",
        "correctCount": 6,
        "startTime": 132,
        "songDuration": 167.064,
        "songNumber": 50,
        "activePlayerCount": 142,
        "LinkVideo": "https://files.catbox.moe/k47hpc.webm",
        "LinkMp3": "https://files.catbox.moe/gbhxxl.mp3",
        "annId": 15401,
        "songDifficulty": 10.443217844202898,
        "vintage": "Winter 2010"
    },
    {
        "animeEng": "Good Luck Girl!",
        "animeRomaji": "Binbougami ga!",
        "songName": "Make My Day!",
        "artist": "Piko",
        "type": "Opening 1",
        "correctCount": 61,
        "startTime": 22,
        "songDuration": 89.712,
        "songNumber": 51,
        "activePlayerCount": 141,
        "LinkVideo": "https://files.catbox.moe/inthld.webm",
        "LinkMp3": "https://files.catbox.moe/atxcwq.mp3",
        "annId": 14191,
        "songDifficulty": 31.92304909710279,
        "vintage": "Summer 2012"
    },
    {
        "animeEng": "When They Cry Extra: Cat Killing Chapter",
        "animeRomaji": "Higurashi no Naku Koro ni Gaiden: Nekogoroshi-hen",
        "songName": "why, or why not",
        "artist": "Rekka Katakiri",
        "type": "Ending 1",
        "correctCount": 76,
        "startTime": 78,
        "songDuration": 113.256,
        "songNumber": 52,
        "activePlayerCount": 142,
        "LinkVideo": "https://files.catbox.moe/h1aueg.webm",
        "LinkMp3": "https://files.catbox.moe/ozq3l7.mp3",
        "annId": 8766,
        "songDifficulty": 34.6633562523347,
        "vintage": "Summer 2007"
    },
    {
        "animeEng": "Agatha Christie's Great Detectives Poirot and Marple",
        "animeRomaji": "Agatha Christie no Meitantei Poirot to Marple",
        "songName": "Lucky Girl ni Hanataba wo",
        "artist": "Tatsuro Yamashita",
        "type": "Opening 1",
        "correctCount": 26,
        "startTime": 5,
        "songDuration": 59.636526,
        "songNumber": 53,
        "activePlayerCount": 141,
        "LinkVideo": "https://files.catbox.moe/rj68u7.webm",
        "LinkMp3": "https://files.catbox.moe/nive3w.mp3",
        "annId": 4119,
        "songDifficulty": 18.631503048019308,
        "vintage": "Summer 2004"
    },
    {
        "animeEng": "Invaders of the Rokujyoma!?",
        "animeRomaji": "Rokujouma no Shinryakusha!?",
        "songName": "Koi wa Milk Tea",
        "artist": "petit milady",
        "type": "Ending 1",
        "correctCount": 30,
        "startTime": 22,
        "songDuration": 88.776,
        "songNumber": 54,
        "activePlayerCount": 141,
        "LinkVideo": "https://files.catbox.moe/9m3z63.webm",
        "LinkMp3": "https://files.catbox.moe/mhty9y.mp3",
        "annId": 15865,
        "songDifficulty": 23.30895781935307,
        "vintage": "Summer 2014"
    },
    {
        "animeEng": "Dragon Ball GT: A Hero's Legacy",
        "animeRomaji": "Dragon Ball GT: Goku Gaiden! Yuuki no Akashi wa Suushinchuu",
        "songName": "DAN DAN Kokoro Hikareteku",
        "artist": "FIELD OF VIEW",
        "type": "Opening 1",
        "correctCount": 89,
        "startTime": 56,
        "songDuration": 106.032,
        "songNumber": 55,
        "activePlayerCount": 141,
        "LinkVideo": "https://files.catbox.moe/vl9gkr.webm",
        "LinkMp3": "https://files.catbox.moe/12k5k0.mp3",
        "annId": 4308,
        "songDifficulty": 44.96844840692755,
        "vintage": "Winter 1997"
    },
    {
        "animeEng": "Precure All Stars DX3: Mirai ni Todoke! Sekai o Tsunagu\u2606Niji-Iro no Hana",
        "animeRomaji": "Precure All Stars DX3: Mirai ni Todoke! Sekai o Tsunagu\u2606Niji-Iro no Hana",
        "songName": "DANZEN! Futari wa Precure! (Ver.Max Heart)",
        "artist": "Mayumi Gojou",
        "type": "Insert Song",
        "correctCount": 46,
        "startTime": 6,
        "songDuration": 38.232,
        "songNumber": 56,
        "activePlayerCount": 142,
        "LinkVideo": "https://files.catbox.moe/55z0yi.webm",
        "LinkMp3": "https://files.catbox.moe/0c1ako.mp3",
        "annId": 12127,
        "songDifficulty": 33.5282874617737,
        "vintage": "Winter 2011"
    },
    {
        "animeEng": "Kaiji: Against All Rules",
        "animeRomaji": "Gyakkyou Burai Kaiji: Hakairoku-hen",
        "songName": "Chase the Light!",
        "artist": "Fear, and Loathing in Las Vegas",
        "type": "Opening 1",
        "correctCount": 42,
        "startTime": 37,
        "songDuration": 69.144,
        "songNumber": 57,
        "activePlayerCount": 142,
        "LinkVideo": "https://files.catbox.moe/oexpn8.webm",
        "LinkMp3": "https://files.catbox.moe/yuynjj.mp3",
        "annId": 12435,
        "songDifficulty": 25.851998074303083,
        "vintage": "Spring 2011"
    },
    {
        "animeEng": "Granbelm",
        "animeRomaji": "Granbelm",
        "songName": "Utakata",
        "artist": "Yukari Tamura",
        "type": "Insert Song",
        "correctCount": 11,
        "startTime": 32,
        "songDuration": 70.8,
        "songNumber": 58,
        "activePlayerCount": 142,
        "LinkVideo": "https://files.catbox.moe/zv5ame.webm",
        "LinkMp3": "https://files.catbox.moe/zn1mo5.mp3",
        "annId": 21873,
        "songDifficulty": 16.946931056076277,
        "vintage": "Summer 2019"
    },
    {
        "animeEng": "FLCL",
        "animeRomaji": "Furi Kuri",
        "songName": "Ride on shooting star",
        "artist": "the pillows",
        "type": "Ending 1",
        "correctCount": 72,
        "startTime": 33,
        "songDuration": 138.864,
        "songNumber": 59,
        "activePlayerCount": 142,
        "LinkVideo": "https://files.catbox.moe/ai7uom.webm",
        "LinkMp3": "https://files.catbox.moe/6a1gaw.mp3",
        "annId": 277,
        "songDifficulty": 44.82053792569659,
        "vintage": "Spring 2000"
    },
    {
        "animeEng": "Laid-Back Camp",
        "animeRomaji": "Yuru Camp\u25b3",
        "songName": "Fuyu Biyori",
        "artist": "Eri Sasaki",
        "type": "Ending 1",
        "correctCount": 74,
        "startTime": 28,
        "songDuration": 88.512,
        "songNumber": 60,
        "activePlayerCount": 143,
        "LinkVideo": "https://files.catbox.moe/0n1yhg.webm",
        "LinkMp3": "https://files.catbox.moe/xtzsny.mp3",
        "annId": 20010,
        "songDifficulty": 41.11285740870479,
        "vintage": "Winter 2018"
    },
    {
        "animeEng": "PriPara & Kiratto Pri\u2606Chan: Kira Kira Memorial Live",
        "animeRomaji": "PriPara & Kiratto Pri\u2606Chan: Kira Kira Memorial Live",
        "songName": "Switch On My Heart",
        "artist": "Azusa Enoki",
        "type": "Insert Song",
        "correctCount": 13,
        "startTime": 28,
        "songDuration": 86.256,
        "songNumber": 61,
        "activePlayerCount": 144,
        "LinkVideo": "https://files.catbox.moe/g8pdo1.webm",
        "LinkMp3": "https://files.catbox.moe/rvbidh.mp3",
        "annId": 20902,
        "songDifficulty": 36.15107913669065,
        "vintage": "Spring 2018"
    },
    {
        "animeEng": "PES: Peace Eco Smile",
        "animeRomaji": "PES: Peace Eco Smile",
        "songName": "Daydreamer",
        "artist": "Spangle call Lilli line",
        "type": "Insert Song",
        "correctCount": 5,
        "startTime": 71,
        "songDuration": 215.64,
        "songNumber": 62,
        "activePlayerCount": 146,
        "LinkVideo": "https://files.catbox.moe/spb2r9.webm",
        "LinkMp3": "https://files.catbox.moe/fhki58.mp3",
        "annId": 14440,
        "songDifficulty": 17.148680313773777,
        "vintage": "Spring 2012",
        "correctPlayers": [
            "AKl",
            "revel_",
            "kneesoxluver",
            "asleep",
            "GinkoSimp"
        ]
    },
    {
        "animeEng": "Karura Mau Movie",
        "animeRomaji": "Hengen Taima Yakou Karura Mau! Nara Onryou Emaki",
        "songName": "COME A-RUNNIN",
        "artist": "Charito Vergard",
        "type": "Insert Song",
        "correctCount": 4,
        "startTime": 44,
        "songDuration": 156.024,
        "songNumber": 63,
        "activePlayerCount": 146,
        "LinkVideo": "https://files.catbox.moe/e5493a.webm",
        "LinkMp3": "https://files.catbox.moe/ol0xys.mp3",
        "annId": 1354,
        "songDifficulty": 4.669164185423951,
        "vintage": "Spring 1989",
        "correctPlayers": [
            "AKl",
            "revel_",
            "ozsauce",
            "kurofune"
        ]
    },
    {
        "animeEng": "Robby & Kerobby",
        "animeRomaji": "Robby & Kerobby",
        "songName": "Seishun! LOVE Lunch",
        "artist": "Athena & Robikerottsu",
        "type": "Opening 4",
        "correctCount": 2,
        "startTime": 6,
        "songDuration": 60.144,
        "songNumber": 64,
        "activePlayerCount": 144,
        "LinkVideo": "https://files.catbox.moe/m9x4tw.webm",
        "LinkMp3": "https://files.catbox.moe/kb9wt5.mp3",
        "annId": 7751,
        "songDifficulty": 7.310464156301398,
        "vintage": "Spring 2007",
        "correctPlayers": [
            "AKl",
            "Hejsan"
        ]
    },
    {
        "animeEng": "Nurse Witch Komugi Z",
        "animeRomaji": "Nurse Witch Komugi-chan Magikarte Z",
        "songName": "Paradise",
        "artist": "Haruko Momoi",
        "type": "Insert Song",
        "correctCount": 5,
        "startTime": 5,
        "songDuration": 105.264,
        "songNumber": 65,
        "activePlayerCount": 144,
        "LinkVideo": "https://files.catbox.moe/foo42v.webm",
        "LinkMp3": "https://files.catbox.moe/cbn0q4.mp3",
        "annId": 5824,
        "songDifficulty": 13.372922564865252,
        "vintage": "Summer 2004",
        "correctPlayers": [
            "AKl",
            "Pile",
            "SakurabaRola",
            "GinkoSimp",
            "Renegado"
        ]
    },
    {
        "animeEng": "Fresh Pretty Cure",
        "animeRomaji": "Fresh Precure!",
        "songName": "Let's! Fresh Precure",
        "artist": "Mizuki Moie",
        "type": "Opening 1",
        "correctCount": 67,
        "startTime": 19,
        "songDuration": 84.024,
        "songNumber": 66,
        "activePlayerCount": 144,
        "LinkVideo": "https://files.catbox.moe/hkmyni.webm",
        "LinkMp3": "https://files.catbox.moe/yuauh9.mp3",
        "annId": 10499,
        "songDifficulty": 37.85921808226496,
        "vintage": "Winter 2009"
    },
    {
        "animeEng": "The Book of Bantorra",
        "animeRomaji": "Tatakau Shisho: The Book of Bantorra",
        "songName": "Dominant space",
        "artist": "Aira Yuuki",
        "type": "Ending 2",
        "correctCount": 6,
        "startTime": 7,
        "songDuration": 88.56,
        "songNumber": 67,
        "activePlayerCount": 145,
        "LinkVideo": "https://files.catbox.moe/9lnjfr.webm",
        "LinkMp3": "https://files.catbox.moe/oz20bn.mp3",
        "annId": 10951,
        "songDifficulty": 8.076657572751323,
        "vintage": "Fall 2009"
    },
    {
        "animeEng": "Tsuide ni Tonchinkan",
        "animeRomaji": "Tsuide ni Tonchinkan",
        "songName": "Gomenne Cowboy",
        "artist": "Ushirogami Hikaretai",
        "type": "Opening 1",
        "correctCount": 1,
        "startTime": 31,
        "songDuration": 106.029198,
        "songNumber": 68,
        "activePlayerCount": 145,
        "LinkVideo": "https://files.catbox.moe/4p94sa.webm",
        "LinkMp3": "https://files.catbox.moe/xy995y.mp3",
        "annId": 3163,
        "songDifficulty": 15.173333984375,
        "vintage": "Fall 1987",
        "correctPlayers": [
            "mochiii"
        ]
    },
    {
        "animeEng": "Beyblade: Metal Fusion",
        "animeRomaji": "Metal Fight Beyblade",
        "songName": "Boys~Hikari Kagayaku Ashita he~",
        "artist": "MASH",
        "type": "Ending 1",
        "correctCount": 12,
        "startTime": 27,
        "songDuration": 87.848286,
        "songNumber": 69,
        "activePlayerCount": 147,
        "LinkVideo": "https://files.catbox.moe/h6eshw.webm",
        "LinkMp3": "https://files.catbox.moe/d5ukrr.mp3",
        "annId": 10675,
        "songDifficulty": 13.391637852296451,
        "vintage": "Summer 2009"
    },
    {
        "animeEng": "Air",
        "animeRomaji": "Air",
        "songName": "Tori no Uta",
        "artist": "Lia",
        "type": "Opening 1",
        "correctCount": 89,
        "startTime": 12,
        "songDuration": 117.192,
        "songNumber": 70,
        "activePlayerCount": 147,
        "LinkVideo": "https://files.catbox.moe/2ip6uc.webm",
        "LinkMp3": "https://files.catbox.moe/tcaj6a.mp3",
        "annId": 4093,
        "songDifficulty": 43.87630425709516,
        "vintage": "Winter 2005"
    },
    {
        "animeEng": "Brave Witches",
        "animeRomaji": "World Witches Series: Dai 502 Tougou Sentou Koukuu-dan Brave Witches",
        "songName": "LITTLE WING ~Spirit of LINDBERG~",
        "artist": "Ai Kakuma & Rie Suegara",
        "type": "Ending 1",
        "correctCount": 25,
        "startTime": 10,
        "songDuration": 89.592,
        "songNumber": 71,
        "activePlayerCount": 147,
        "LinkVideo": "https://files.catbox.moe/9b3a7a.webm",
        "LinkMp3": "https://files.catbox.moe/huhiog.mp3",
        "annId": 18118,
        "songDifficulty": 22.956080163043477,
        "vintage": "Fall 2016"
    },
    {
        "animeEng": "Peach Girl",
        "animeRomaji": "Peach Girl",
        "songName": "Asunaro Ginga",
        "artist": "Sonim",
        "type": "Ending 1",
        "correctCount": 8,
        "startTime": 34,
        "songDuration": 86.437698,
        "songNumber": 72,
        "activePlayerCount": 147,
        "LinkVideo": "https://files.catbox.moe/oftfx6.webm",
        "LinkMp3": "https://files.catbox.moe/k0frdg.mp3",
        "annId": 4592,
        "songDifficulty": 7.886313896937086,
        "vintage": "Winter 2005"
    },
    {
        "animeEng": "Himitsu no Akko-chan",
        "animeRomaji": "Himitsu no Akko-chan",
        "songName": "Himitsu no Akko-chan",
        "artist": "Satoko Shimonari",
        "type": "Opening 1",
        "correctCount": 85,
        "startTime": 47,
        "songDuration": 83.904,
        "songNumber": 73,
        "activePlayerCount": 144,
        "LinkVideo": "https://files.catbox.moe/oknht4.webm",
        "LinkMp3": "https://files.catbox.moe/ofkee4.mp3",
        "annId": 2005,
        "songDifficulty": 33.47158803600323,
        "vintage": "Spring 1998"
    },
    {
        "animeEng": "One Piece",
        "animeRomaji": "One Piece",
        "songName": "We Are!",
        "artist": "Hiroshi Kitadani",
        "type": "Opening 1",
        "correctCount": 132,
        "startTime": 32,
        "songDuration": 109.32,
        "songNumber": 74,
        "activePlayerCount": 144,
        "LinkVideo": "https://files.catbox.moe/c7pqug.webm",
        "LinkMp3": "https://files.catbox.moe/ukhghw.mp3",
        "annId": 836,
        "songDifficulty": 77.3348715471777,
        "vintage": "Fall 1999"
    },
    {
        "animeEng": "Yuruyuri: Happy Go Lily\u266a\u266a",
        "animeRomaji": "Yuru Yuri\u266a\u266a",
        "songName": "Pure Pure Mirakurun",
        "artist": "Ayana Taketatsu",
        "type": "Insert Song",
        "correctCount": 24,
        "startTime": 2,
        "songDuration": 37.104,
        "songNumber": 75,
        "activePlayerCount": 144,
        "LinkVideo": "https://files.catbox.moe/5uh2dt.webm",
        "LinkMp3": "https://files.catbox.moe/wmkoev.mp3",
        "annId": 14317,
        "songDifficulty": 22.19377258776962,
        "vintage": "Summer 2012"
    },
    {
        "animeEng": "Fairy Tail",
        "animeRomaji": "Fairy Tail",
        "songName": "STRIKE BACK",
        "artist": "BACK-ON",
        "type": "Opening 2",
        "correctCount": 50,
        "startTime": 7,
        "songDuration": 89.496,
        "songNumber": 76,
        "activePlayerCount": 144,
        "LinkVideo": "https://files.catbox.moe/cmbyuk.webm",
        "LinkMp3": "https://files.catbox.moe/g0rail.mp3",
        "annId": 15799,
        "songDifficulty": 37.960333752896986,
        "vintage": "Spring 2014"
    },
    {
        "animeEng": "Fate/Grand Order Absolute Demonic Front: Babylonia",
        "animeRomaji": "Fate/Grand Order: Zettai Majuu Sensen Babylonia",
        "songName": "Hoshi ga Furu Yume",
        "artist": "Eir Aoi",
        "type": "Ending 1",
        "correctCount": 19,
        "startTime": 29,
        "songDuration": 89.112,
        "songNumber": 77,
        "activePlayerCount": 144,
        "LinkVideo": "https://files.catbox.moe/a9acps.webm",
        "LinkMp3": "https://files.catbox.moe/2oznvf.mp3",
        "annId": 21240,
        "songDifficulty": 16.221684836335676,
        "vintage": "Fall 2019"
    },
    {
        "animeEng": "Eiga Panpaka Pants: Bananan Oukoku no Hihou",
        "animeRomaji": "Eiga Panpaka Pants: Bananan Oukoku no Hihou",
        "songName": "Bananan RAP",
        "artist": "Youji Ueda & Yoshimitsu Shinoyama",
        "type": "Insert Song",
        "correctCount": 13,
        "startTime": 2,
        "songDuration": 77.544,
        "songNumber": 78,
        "activePlayerCount": 144,
        "LinkVideo": "https://files.catbox.moe/gefx8d.webm",
        "LinkMp3": "https://files.catbox.moe/3zy4rw.mp3",
        "annId": 23219,
        "songDifficulty": 6.3205126416552195,
        "vintage": "Spring 2014"
    },
    {
        "animeEng": "Macross Delta Movie: Gekijou no Walk\u00fcre",
        "animeRomaji": "Macross Delta Movie: Gekijou no Walk\u00fcre",
        "songName": "GIRAFFE BLUES",
        "artist": "JUNNA",
        "type": "Insert Song",
        "correctCount": 49,
        "startTime": 48,
        "songDuration": 101.064,
        "songNumber": 79,
        "activePlayerCount": 144,
        "LinkVideo": "https://files.catbox.moe/4mhbwm.webm",
        "LinkMp3": "https://files.catbox.moe/ii7yl9.mp3",
        "annId": 20180,
        "songDifficulty": 44.247255176183124,
        "vintage": "Winter 2018"
    },
    {
        "animeEng": "Saga of Tanya the Evil: The Movie",
        "animeRomaji": "Gekijouban Youjo Senki",
        "songName": "Imperial Anthem",
        "artist": "Dai Ni Rei San Koukuu Madou Dai-tai",
        "type": "Insert Song",
        "correctCount": 53,
        "startTime": 9,
        "songDuration": 97.513426,
        "songNumber": 80,
        "activePlayerCount": 143,
        "LinkVideo": "https://files.catbox.moe/4c914a.webm",
        "LinkMp3": "https://files.catbox.moe/dtkvhz.mp3",
        "annId": 20509,
        "songDifficulty": 27.30350154517098,
        "vintage": "Winter 2019"
    },
    {
        "animeEng": "Kingdom of Chaos: Born to Kill",
        "animeRomaji": "Kingdom of Chaos: Born to Kill",
        "songName": "Kakudo",
        "artist": "Sae",
        "type": "Opening 1",
        "correctCount": 4,
        "startTime": 59,
        "songDuration": 98.976,
        "songNumber": 81,
        "activePlayerCount": 143,
        "LinkVideo": "https://files.catbox.moe/igzgcq.webm",
        "LinkMp3": "https://files.catbox.moe/hiazkm.mp3",
        "annId": 3513,
        "songDifficulty": 10.394217955301253,
        "vintage": "Fall 2003",
        "correctPlayers": [
            "AKl",
            "mochiii",
            "ozsauce",
            "kurofune"
        ]
    },
    {
        "animeEng": "Yona of the Dawn",
        "animeRomaji": "Akatsuki no Yona",
        "songName": "Akatsuki no Yona",
        "artist": "Ryo Kunihiko",
        "type": "Opening 1",
        "correctCount": 86,
        "startTime": 46,
        "songDuration": 89.856,
        "songNumber": 82,
        "activePlayerCount": 143,
        "LinkVideo": "https://files.catbox.moe/2bhtae.webm",
        "LinkMp3": "https://files.catbox.moe/eippz0.mp3",
        "annId": 16154,
        "songDifficulty": 42.67471343134812,
        "vintage": "Fall 2014"
    },
    {
        "animeEng": "Sailor Moon Sailor Stars",
        "animeRomaji": "Bishoujo Senshi Sailor Moon Sailor Stars",
        "songName": "Moonlight Densetsu",
        "artist": "Sakurakko Club Sakura-gumi",
        "type": "Ending 2",
        "correctCount": 81,
        "startTime": 18,
        "songDuration": 80.064,
        "songNumber": 83,
        "activePlayerCount": 143,
        "LinkVideo": "https://files.catbox.moe/it90vc.webm",
        "LinkMp3": "https://files.catbox.moe/vyt4qd.mp3",
        "annId": 795,
        "songDifficulty": 32.53533074413976,
        "vintage": "Winter 1996"
    },
    {
        "animeEng": "RPG Real Estate",
        "animeRomaji": "RPG Fudousan",
        "songName": "Make Up Life!",
        "artist": "Honoka Inoue, Hina Kino, Natsumi Kawaida, Manaka Iwami",
        "type": "Opening 1",
        "correctCount": 8,
        "startTime": 55,
        "songDuration": 88.992,
        "songNumber": 84,
        "activePlayerCount": 143,
        "LinkVideo": "https://files.catbox.moe/fabw2v.webm",
        "LinkMp3": "https://files.catbox.moe/j7dpql.mp3",
        "annId": 24093,
        "songDifficulty": 27.198524646160315,
        "vintage": "Spring 2022"
    },
    {
        "animeEng": "Senki Zesshou Symphogear XV",
        "animeRomaji": "Senki Zesshou Symphogear XV",
        "songName": "Mata Au Hi made",
        "artist": "Misaki Kuno",
        "type": "Insert Song",
        "correctCount": 10,
        "startTime": 52,
        "songDuration": 83.064,
        "songNumber": 85,
        "activePlayerCount": 140,
        "LinkVideo": "https://files.catbox.moe/t7qt7q.webm",
        "LinkMp3": "https://files.catbox.moe/fibetm.mp3",
        "annId": 22019,
        "songDifficulty": 21.61759217625899,
        "vintage": "Summer 2019"
    }
]