[
    {
        "animeEng": "Toriko",
        "animeRomaji": "Toriko",
        "songName": "Akai Kutsu",
        "artist": "Salley",
        "type": "Ending 9",
        "correctCount": 4,
        "startTime": 25,
        "songDuration": 62.064,
        "songNumber": 1,
        "activePlayerCount": 86,
        "LinkVideo": "https://files.catbox.moe/l3a8df.webm",
        "LinkMp3": "https://files.catbox.moe/u6fz1l.mp3",
        "annId": 12306,
        "songDifficulty": 5.9187832158696985,
        "vintage": "Spring 2011",
        "correctPlayers": [
            "ShiroKuro",
            "Lailaps",
            "SrueyaF",
            "ponytailsud2"
        ]
    },
    {
        "animeEng": "Kaguya-sama: Love is War",
        "animeRomaji": "Kaguya-sama wa Kokurasetai: Tensai-tachi no Renai Zunousen",
        "songName": "Sentimental Crisis",
        "artist": "halca",
        "type": "Ending 1",
        "correctCount": 70,
        "startTime": 45,
        "songDuration": 88.776,
        "songNumber": 2,
        "activePlayerCount": 89,
        "LinkVideo": "https://files.catbox.moe/96clqj.webm",
        "LinkMp3": "https://files.catbox.moe/8zi2q4.mp3",
        "annId": 21401,
        "songDifficulty": 25.742434958322807,
        "vintage": "Winter 2019"
    },
    {
        "animeEng": "Sekirei: Pure Engagement",
        "animeRomaji": "Sekirei: Pure Engagement",
        "songName": "Change the World",
        "artist": "Saori Hayami",
        "type": "Insert Song",
        "correctCount": 5,
        "startTime": 71,
        "songDuration": 102.842314,
        "songNumber": 3,
        "activePlayerCount": 89,
        "LinkVideo": "https://files.catbox.moe/1hg9fd.webm",
        "LinkMp3": "https://files.catbox.moe/9146r8.mp3",
        "annId": 11018,
        "songDifficulty": 10.270917846351836,
        "vintage": "Spring 2010",
        "correctPlayers": [
            "AIuX",
            "Kawada6",
            "SrueyaF",
            "ruuka",
            "Gianlu310"
        ]
    },
    {
        "animeEng": "Viper's Creed",
        "animeRomaji": "Viper's Creed",
        "songName": "Ai no Oto (English ver.)",
        "artist": "moumoon",
        "type": "Ending 1",
        "correctCount": 3,
        "startTime": 30,
        "songDuration": 86.064,
        "songNumber": 4,
        "activePlayerCount": 90,
        "LinkVideo": "https://files.catbox.moe/d7l622.webm",
        "LinkMp3": "https://files.catbox.moe/qfoxl9.mp3",
        "annId": 10351,
        "songDifficulty": 8.072988168352602,
        "vintage": "Winter 2009",
        "correctPlayers": [
            "revel_",
            "neoburnz",
            "Aishia"
        ]
    },
    {
        "animeEng": "Futakoi",
        "animeRomaji": "Futakoi",
        "songName": "Yawarakai Kaze no Naka de",
        "artist": "eufonius",
        "type": "Ending 1",
        "correctCount": 8,
        "startTime": 28,
        "songDuration": 90,
        "songNumber": 5,
        "activePlayerCount": 90,
        "LinkVideo": "https://files.catbox.moe/kvvxo6.webm",
        "LinkMp3": "https://files.catbox.moe/e376e4.mp3",
        "annId": 4501,
        "songDifficulty": 11.41589406120332,
        "vintage": "Fall 2004"
    },
    {
        "animeEng": "Cutey Honey",
        "animeRomaji": "Cutey Honey",
        "songName": "Cutey Honey",
        "artist": "Yoko Maekawa",
        "type": "Opening 1",
        "correctCount": 56,
        "startTime": 42,
        "songDuration": 88.8,
        "songNumber": 6,
        "activePlayerCount": 89,
        "LinkVideo": "https://files.catbox.moe/o3qdvi.webm",
        "LinkMp3": "https://files.catbox.moe/hy5o4d.mp3",
        "annId": 564,
        "songDifficulty": 30.639149574303406,
        "vintage": "Fall 1973"
    },
    {
        "animeEng": "Persona 3 the Movie #1 Spring of Birth",
        "animeRomaji": "Persona 3 the Movie #1 Spring of Birth",
        "songName": "Deep Breath Deep Breath",
        "artist": "Lotus Juice",
        "type": "Insert Song",
        "correctCount": 20,
        "startTime": 9,
        "songDuration": 99.072,
        "songNumber": 7,
        "activePlayerCount": 89,
        "LinkVideo": "https://files.catbox.moe/g7dl8m.webm",
        "LinkMp3": "https://files.catbox.moe/nf6wbi.mp3",
        "annId": 14449,
        "songDifficulty": 36.65150877507163,
        "vintage": "Fall 2013"
    },
    {
        "animeEng": "One Piece",
        "animeRomaji": "One Piece",
        "songName": "Share The World",
        "artist": "Tohoshinki",
        "type": "Opening 11",
        "correctCount": 56,
        "startTime": 6,
        "songDuration": 149.470084,
        "songNumber": 8,
        "activePlayerCount": 89,
        "LinkVideo": "https://files.catbox.moe/zdxhyr.webm",
        "LinkMp3": "https://files.catbox.moe/jgj8da.mp3",
        "annId": 836,
        "songDifficulty": 44.08012964935278,
        "vintage": "Fall 1999"
    },
    {
        "animeEng": "El Cazador de la Bruja",
        "animeRomaji": "El Cazador de la Bruja",
        "songName": "inca rose",
        "artist": "Yuriko Kaida",
        "type": "Insert Song",
        "correctCount": 6,
        "startTime": 183,
        "songDuration": 254.664,
        "songNumber": 9,
        "activePlayerCount": 90,
        "LinkVideo": "https://files.catbox.moe/17hej9.webm",
        "LinkMp3": "https://files.catbox.moe/7sd651.mp3",
        "annId": 7509,
        "songDifficulty": 14.031005228520671,
        "vintage": "Spring 2007"
    },
    {
        "animeEng": "Kurozuka",
        "animeRomaji": "Kurozuka",
        "songName": "SYSTEMATIC PEOPLE",
        "artist": "WAGDUG FUTURISTIC UNITY featuring Maximum the Ryo-kun",
        "type": "Opening 1",
        "correctCount": 12,
        "startTime": 25,
        "songDuration": 80.376,
        "songNumber": 10,
        "activePlayerCount": 90,
        "LinkVideo": "https://files.catbox.moe/cyaa1k.webm",
        "LinkMp3": "https://files.catbox.moe/s869ne.mp3",
        "annId": 10197,
        "songDifficulty": 18.433213159852755,
        "vintage": "Fall 2008"
    },
    {
        "animeEng": "Vexille: 2077 Isolation of Japan",
        "animeRomaji": "Vexille: 2077 Nippon Sakoku",
        "songName": "Target Practice",
        "artist": "Asian Dub Foundation",
        "type": "Insert Song",
        "correctCount": 2,
        "startTime": 13,
        "songDuration": 64.612125,
        "songNumber": 11,
        "activePlayerCount": 90,
        "LinkVideo": "https://files.catbox.moe/u8z4ce.webm",
        "LinkMp3": "https://files.catbox.moe/dyu4we.mp3",
        "annId": 7812,
        "songDifficulty": 10.489695848449868,
        "vintage": "Summer 2007",
        "correctPlayers": [
            "Noru",
            "Thaleko"
        ]
    },
    {
        "animeEng": "Super Gal Asari",
        "animeRomaji": "Asari-chan",
        "songName": "Ano Ko wa Asari-chan",
        "artist": "Yoko Maekawa & Koorogi '73",
        "type": "Opening 1",
        "correctCount": 27,
        "startTime": 15,
        "songDuration": 78.62722,
        "songNumber": 12,
        "activePlayerCount": 92,
        "LinkVideo": "https://files.catbox.moe/97ugut.webm",
        "LinkMp3": "https://files.catbox.moe/a3kqu1.mp3",
        "annId": 1164,
        "songDifficulty": 9.30566273203338,
        "vintage": "Winter 1982"
    },
    {
        "animeEng": "Shugo Chara!! Doki",
        "animeRomaji": "Shugo Chara!! Doki",
        "songName": "Kokoro no Tamago",
        "artist": "Buono!",
        "type": "Insert Song",
        "correctCount": 51,
        "startTime": 46,
        "songDuration": 111.456,
        "songNumber": 13,
        "activePlayerCount": 93,
        "LinkVideo": "https://files.catbox.moe/gcr1xo.webm",
        "LinkMp3": "https://files.catbox.moe/aqkf1o.mp3",
        "annId": 10247,
        "songDifficulty": 35.956419192864274,
        "vintage": "Fall 2008"
    },
    {
        "animeEng": "Owarimonogatari",
        "animeRomaji": "Owarimonogatari",
        "songName": "dark cherry mystery",
        "artist": "Kaori Mizuhashi",
        "type": "Opening 3",
        "correctCount": 47,
        "startTime": 36,
        "songDuration": 90.192,
        "songNumber": 14,
        "activePlayerCount": 94,
        "LinkVideo": "https://files.catbox.moe/nmg5ha.webm",
        "LinkMp3": "https://files.catbox.moe/grpve2.mp3",
        "annId": 19397,
        "songDifficulty": 33.70431909534955,
        "vintage": "Summer 2017"
    },
    {
        "animeEng": "Land of the Lustrous",
        "animeRomaji": "Houseki no Kuni",
        "songName": "Kyoumen no Nami [Orchestra Ver.]",
        "artist": "YURiKA",
        "type": "Ending 3",
        "correctCount": 71,
        "startTime": 52,
        "songDuration": 85.608,
        "songNumber": 15,
        "activePlayerCount": 93,
        "LinkVideo": "https://files.catbox.moe/tcp07s.webm",
        "LinkMp3": "https://files.catbox.moe/pik4jx.mp3",
        "annId": 19614,
        "songDifficulty": 44.49353345788043,
        "vintage": "Fall 2017"
    },
    {
        "animeEng": "Yo-kai Watch: The Movie",
        "animeRomaji": "Eiga Youkai Watch: Tanjou no Himitsu da Nyan!",
        "songName": "Geragerapou Soukyoku",
        "artist": "Youkai King Dream Soda",
        "type": "Ending 1",
        "correctCount": 61,
        "startTime": 17,
        "songDuration": 176.04,
        "songNumber": 16,
        "activePlayerCount": 94,
        "LinkVideo": "https://files.catbox.moe/abe0o5.webm",
        "LinkMp3": "https://files.catbox.moe/8d3kir.mp3",
        "annId": 16650,
        "songDifficulty": 39.53427408282074,
        "vintage": "Fall 2014"
    },
    {
        "animeEng": "Blend-S",
        "animeRomaji": "Blend-S",
        "songName": "Bon App\u00e9tit\u2661S -All Staff ver.-",
        "artist": "Anzu Haruno, Akari Kitou, Tomoaki Maeno, Tatsuhisa Suzuki, Atsumi Tanezaki, Sora Tokui, Azumi Waki",
        "type": "Ending 2",
        "correctCount": 83,
        "startTime": 10,
        "songDuration": 88.776,
        "songNumber": 17,
        "activePlayerCount": 94,
        "LinkVideo": "https://files.catbox.moe/hd68im.webm",
        "LinkMp3": "https://files.catbox.moe/0wexpm.mp3",
        "annId": 19669,
        "songDifficulty": 63.43944569014966,
        "vintage": "Fall 2017"
    },
    {
        "animeEng": "High School of the Dead: Drifters of the Dead OVA",
        "animeRomaji": "Gakuen Mokushiroku: Highschool of the Dead - Drifters of the Dead",
        "songName": "HIGHSCHOOL OF THE DEAD",
        "artist": "Kishida Kyoudan &THE Akeboshi Rockets",
        "type": "Opening 1",
        "correctCount": 77,
        "startTime": 48,
        "songDuration": 89.76,
        "songNumber": 18,
        "activePlayerCount": 94,
        "LinkVideo": "https://files.catbox.moe/63q21z.webm",
        "LinkMp3": "https://files.catbox.moe/b43um0.mp3",
        "annId": 13942,
        "songDifficulty": 44.236829675188936,
        "vintage": "Spring 2011"
    },
    {
        "animeEng": "Science Ninja Team Gatchaman II",
        "animeRomaji": "Gatchaman II",
        "songName": "Yomigaere Arukidase ~Joe no Uta~",
        "artist": "Isao Sasaki",
        "type": "Insert Song",
        "correctCount": 2,
        "startTime": 27,
        "songDuration": 90.456,
        "songNumber": 19,
        "activePlayerCount": 94,
        "LinkVideo": "https://files.catbox.moe/9xvrj3.webm",
        "LinkMp3": "https://files.catbox.moe/szkgqi.mp3",
        "annId": 1219,
        "songDifficulty": 8.783974564783104,
        "vintage": "Fall 1978",
        "correctPlayers": [
            "SrueyaF",
            "munyamunya"
        ]
    },
    {
        "animeEng": "Gon, the Little Fox",
        "animeRomaji": "Gongitsune",
        "songName": "Kokoro kara Yesterday",
        "artist": "Yuki Katsuragi",
        "type": "Ending 1",
        "correctCount": 3,
        "startTime": 86,
        "songDuration": 274.202634,
        "songNumber": 20,
        "activePlayerCount": 95,
        "LinkVideo": "https://files.catbox.moe/tdl4jg.webm",
        "LinkMp3": "https://files.catbox.moe/34za0s.mp3",
        "annId": 1787,
        "songDifficulty": 7.367095294870843,
        "vintage": "Winter 1985",
        "correctPlayers": [
            "IzumiSakai",
            "munyamunya",
            "Hyonoka"
        ]
    },
    {
        "animeEng": "Darker than Black: Gemini of the Meteor",
        "animeRomaji": "Darker than Black: Gemini of the Meteor",
        "songName": "Tsukiakari no Michishirube",
        "artist": "Stereopony",
        "type": "Opening 1",
        "correctCount": 68,
        "startTime": 7,
        "songDuration": 89.448,
        "songNumber": 21,
        "activePlayerCount": 95,
        "LinkVideo": "https://files.catbox.moe/mn3gm7.webm",
        "LinkMp3": "https://files.catbox.moe/sb4ie5.mp3",
        "annId": 10984,
        "songDifficulty": 29.942675881149448,
        "vintage": "Fall 2009"
    },
    {
        "animeEng": "Gundam Reconguista in G",
        "animeRomaji": "Gundam: G no Reconguista",
        "songName": "Futari no Mahou",
        "artist": "May J.",
        "type": "Opening 2",
        "correctCount": 20,
        "startTime": 12,
        "songDuration": 86.928,
        "songNumber": 22,
        "activePlayerCount": 95,
        "LinkVideo": "https://files.catbox.moe/mj6k41.webm",
        "LinkMp3": "https://files.catbox.moe/yfppgl.mp3",
        "annId": 16104,
        "songDifficulty": 18.940916932059448,
        "vintage": "Summer 2014"
    },
    {
        "animeEng": "Albegas",
        "animeRomaji": "Kousoku Denjin Albegas",
        "songName": "Kosoku Denjin Albegas",
        "artist": "MOJO",
        "type": "Opening 1",
        "correctCount": 10,
        "startTime": 26,
        "songDuration": 78.144,
        "songNumber": 23,
        "activePlayerCount": 95,
        "LinkVideo": "https://files.catbox.moe/eniefr.webm",
        "LinkMp3": "https://files.catbox.moe/5fjjkn.mp3",
        "annId": 1075,
        "songDifficulty": 9.587632525957389,
        "vintage": "Winter 1983"
    },
    {
        "animeEng": "My Teen Romantic Comedy SNAFU Climax!",
        "animeRomaji": "Oregairu Kan",
        "songName": "Diamond no Jundo ~Yui Ballade~",
        "artist": "Nao Touyama",
        "type": "Ending 2",
        "correctCount": 59,
        "startTime": 120,
        "songDuration": 156.096,
        "songNumber": 24,
        "activePlayerCount": 95,
        "LinkVideo": "https://files.catbox.moe/fms1du.webm",
        "LinkMp3": "https://files.catbox.moe/e7rpcy.mp3",
        "annId": 21999,
        "songDifficulty": 23.80330395628079,
        "vintage": "Summer 2020"
    },
    {
        "animeEng": "Theatre of Darkness: Yamishibai",
        "animeRomaji": "Yami Shibai",
        "songName": "Kekkai",
        "artist": "betcover!!",
        "type": "Ending 1",
        "correctCount": 32,
        "startTime": 0,
        "songDuration": 29.136,
        "songNumber": 25,
        "activePlayerCount": 95,
        "LinkVideo": "https://files.catbox.moe/pzwd4z.webm",
        "LinkMp3": "https://files.catbox.moe/a9zv2n.mp3",
        "annId": 22234,
        "songDifficulty": 17.436809671336206,
        "vintage": "Summer 2019"
    },
    {
        "animeEng": "Yurumates",
        "animeRomaji": "Yurumates",
        "songName": "Loosey Goosey",
        "artist": "Haruko Momoi",
        "type": "Opening 1",
        "correctCount": 85,
        "startTime": 0,
        "songDuration": 27.264,
        "songNumber": 26,
        "activePlayerCount": 96,
        "LinkVideo": "https://files.catbox.moe/95elby.webm",
        "LinkMp3": "https://files.catbox.moe/yh4zhr.mp3",
        "annId": 10567,
        "songDifficulty": 33.802386853448276,
        "vintage": "Spring 2009"
    },
    {
        "animeEng": "Assassination Classroom the Movie: 365 Days' Time",
        "animeRomaji": "Ansatsu Kyoushitsu: 365-nichi no Jikan",
        "songName": "Tabidachi no Uta",
        "artist": "3-nen E-gumi",
        "type": "Insert Song",
        "correctCount": 41,
        "startTime": 10,
        "songDuration": 243.096,
        "songNumber": 27,
        "activePlayerCount": 96,
        "LinkVideo": "https://files.catbox.moe/b1m2ia.webm",
        "LinkMp3": "https://files.catbox.moe/6nt1wj.mp3",
        "annId": 18752,
        "songDifficulty": 38.216450639204545,
        "vintage": "Fall 2016"
    },
    {
        "animeEng": "BanG Dream! 3rd Season",
        "animeRomaji": "BanG Dream! 3rd Season",
        "songName": "Avant-garde HISTORY",
        "artist": "Roselia",
        "type": "Insert Song",
        "correctCount": 18,
        "startTime": 67,
        "songDuration": 112.296,
        "songNumber": 28,
        "activePlayerCount": 96,
        "LinkVideo": "https://files.catbox.moe/9thkdr.webm",
        "LinkMp3": "https://files.catbox.moe/38c5bs.mp3",
        "annId": 22909,
        "songDifficulty": 28.179894313884386,
        "vintage": "Winter 2020"
    },
    {
        "animeEng": "Saga of Tanya the Evil",
        "animeRomaji": "Youjo Senki",
        "songName": "JINGO JUNGLE",
        "artist": "MYTH & ROID",
        "type": "Opening 1",
        "correctCount": 86,
        "startTime": 51,
        "songDuration": 89.256,
        "songNumber": 29,
        "activePlayerCount": 96,
        "LinkVideo": "https://files.catbox.moe/m8falc.webm",
        "LinkMp3": "https://files.catbox.moe/zuy7tt.mp3",
        "annId": 18692,
        "songDifficulty": 44.99377729257642,
        "vintage": "Winter 2017"
    },
    {
        "animeEng": "Eiga Suite Precure: Torimodose! Kokoro ga Tsunagu Kiseki no Melody",
        "animeRomaji": "Eiga Suite Precure: Torimodose! Kokoro ga Tsunagu Kiseki no Melody",
        "songName": "#Kibou Rainbow#",
        "artist": "Aya Ikeda",
        "type": "Ending 2",
        "correctCount": 54,
        "startTime": 42,
        "songDuration": 88.128,
        "songNumber": 30,
        "activePlayerCount": 96,
        "LinkVideo": "https://files.catbox.moe/o1xpks.webm",
        "LinkMp3": "https://files.catbox.moe/slrm70.mp3",
        "annId": 13226,
        "songDifficulty": 25.853485226167315,
        "vintage": "Fall 2011"
    },
    {
        "animeEng": "Interviews with Monster Girls",
        "animeRomaji": "Demi-chan wa Kataritai",
        "songName": "Fairy Tale",
        "artist": "Sangatsu no Phantasia",
        "type": "Ending 1",
        "correctCount": 39,
        "startTime": 40,
        "songDuration": 87.984,
        "songNumber": 31,
        "activePlayerCount": 96,
        "LinkVideo": "https://files.catbox.moe/0ghmf4.webm",
        "LinkMp3": "https://files.catbox.moe/qvqjii.mp3",
        "annId": 18724,
        "songDifficulty": 17.660495834790975,
        "vintage": "Winter 2017"
    },
    {
        "animeEng": "Detective Conan",
        "animeRomaji": "Meitantei Conan",
        "songName": "Makka na Lip",
        "artist": "WANDS",
        "type": "Opening 51",
        "correctCount": 14,
        "startTime": 48,
        "songDuration": 96.648,
        "songNumber": 32,
        "activePlayerCount": 96,
        "LinkVideo": "https://files.catbox.moe/1grwyq.webm",
        "LinkMp3": "https://files.catbox.moe/154aoh.mp3",
        "annId": 454,
        "songDifficulty": 19.89424545986477,
        "vintage": "Winter 1996"
    },
    {
        "animeEng": "Utsunomiko",
        "animeRomaji": "Utsunomiko",
        "songName": "Yume Karibito",
        "artist": "Da Capo",
        "type": "Opening 1",
        "correctCount": 3,
        "startTime": 0,
        "songDuration": 90.768,
        "songNumber": 33,
        "activePlayerCount": 96,
        "LinkVideo": "https://files.catbox.moe/zwbexf.webm",
        "LinkMp3": "https://files.catbox.moe/rcv2h0.mp3",
        "annId": 4623,
        "songDifficulty": 7.256944881972446,
        "vintage": "Winter 1989",
        "correctPlayers": [
            "fahminx123",
            "Shag",
            "Sinanju"
        ]
    },
    {
        "animeEng": "Beyblade: Metal Fusion",
        "animeRomaji": "Metal Fight Beyblade",
        "songName": "Metal Fight Beyblade",
        "artist": "YU+KI",
        "type": "Opening 1",
        "correctCount": 60,
        "startTime": 35,
        "songDuration": 90.016412,
        "songNumber": 34,
        "activePlayerCount": 96,
        "LinkVideo": "https://files.catbox.moe/2a6f6q.webm",
        "LinkMp3": "https://files.catbox.moe/qliv9e.mp3",
        "annId": 10675,
        "songDifficulty": 26.207596270862307,
        "vintage": "Summer 2009"
    },
    {
        "animeEng": "Inuyasha",
        "animeRomaji": "Inuyasha",
        "songName": "My Will",
        "artist": "dream",
        "type": "Ending 1",
        "correctCount": 27,
        "startTime": 64,
        "songDuration": 94.512,
        "songNumber": 35,
        "activePlayerCount": 96,
        "LinkVideo": "https://files.catbox.moe/zr9wv0.webm",
        "LinkMp3": "https://files.catbox.moe/j05zxl.mp3",
        "annId": 159,
        "songDifficulty": 25.210197117017664,
        "vintage": "Fall 2000"
    },
    {
        "animeEng": "Heart and Yummie",
        "animeRomaji": "Omae Umasou da na",
        "songName": "Heart no Komoriuta",
        "artist": "Maki Kimura",
        "type": "Insert Song",
        "correctCount": 8,
        "startTime": 15,
        "songDuration": 82.632,
        "songNumber": 36,
        "activePlayerCount": 96,
        "LinkVideo": "https://files.catbox.moe/vfouh8.webm",
        "LinkMp3": "https://files.catbox.moe/giwm3d.mp3",
        "annId": 11715,
        "songDifficulty": 14.272280970982143,
        "vintage": "Fall 2010"
    },
    {
        "animeEng": "Foxes of Chironup",
        "animeRomaji": "Chironup no Kitsune",
        "songName": "Furusato no Iro",
        "artist": "Kami Fuusen",
        "type": "Opening 1",
        "correctCount": 4,
        "startTime": 74,
        "songDuration": 218.472,
        "songNumber": 37,
        "activePlayerCount": 96,
        "LinkVideo": "https://files.catbox.moe/fkxgbg.webm",
        "LinkMp3": "https://files.catbox.moe/04bg5r.mp3",
        "annId": 1618,
        "songDifficulty": 7.155624216706626,
        "vintage": "Winter 1987",
        "correctPlayers": [
            "Deafness",
            "Rejax",
            "Shag",
            "SakuraFujima"
        ]
    },
    {
        "animeEng": "The Helpful Fox Senko-san",
        "animeRomaji": "Sewayaki Kitsune no Senko-san",
        "songName": "Moffumoffu de Yoi no ja yo",
        "artist": "Azumi Waki",
        "type": "Ending 1",
        "correctCount": 75,
        "startTime": 26,
        "songDuration": 88.56,
        "songNumber": 38,
        "activePlayerCount": 96,
        "LinkVideo": "https://files.catbox.moe/2gsf7c.webm",
        "LinkMp3": "https://files.catbox.moe/2pkqt3.mp3",
        "annId": 21908,
        "songDifficulty": 41.20125537469288,
        "vintage": "Spring 2019"
    },
    {
        "animeEng": "Gunslinger Girl: Il Teatrino",
        "animeRomaji": "Gunslinger Girl: Il Teatrino",
        "songName": "Tatta Hitotsu no Omoi",
        "artist": "KOKIA",
        "type": "Opening 1",
        "correctCount": 34,
        "startTime": 52,
        "songDuration": 88.2,
        "songNumber": 39,
        "activePlayerCount": 96,
        "LinkVideo": "https://files.catbox.moe/qh46hx.webm",
        "LinkMp3": "https://files.catbox.moe/g3icxs.mp3",
        "annId": 8977,
        "songDifficulty": 20.04983004798645,
        "vintage": "Winter 2008"
    },
    {
        "animeEng": "Visual Prison",
        "animeRomaji": "Visual Prison",
        "songName": "ROYAL CROWN",
        "artist": "ECLIPSE",
        "type": "Insert Song",
        "correctCount": 29,
        "startTime": 37,
        "songDuration": 92.328,
        "songNumber": 40,
        "activePlayerCount": 96,
        "LinkVideo": "https://files.catbox.moe/enmxhc.webm",
        "LinkMp3": "https://files.catbox.moe/sqejlf.mp3",
        "annId": 24196,
        "songDifficulty": 43.072067673141895,
        "vintage": "Fall 2021"
    },
    {
        "animeEng": "Super Short Comics",
        "animeRomaji": "Super Short Comics",
        "songName": "Emily no Inai Yoru",
        "artist": "Ichiro Mizuki",
        "type": "Ending 1",
        "correctCount": 3,
        "startTime": 0,
        "songDuration": 28.368,
        "songNumber": 41,
        "activePlayerCount": 96,
        "LinkVideo": "https://files.catbox.moe/mfgjo0.webm",
        "LinkMp3": "https://files.catbox.moe/ulxmhu.mp3",
        "annId": 16787,
        "songDifficulty": 8.389611023741883,
        "vintage": "Fall 2015",
        "correctPlayers": [
            "revel_",
            "SrueyaF",
            "Thaleko"
        ]
    },
    {
        "animeEng": "Doraemon the Movie: Nobita and the Birth of Japan 2016",
        "animeRomaji": "Doraemon Shin Nobita no Nihon Tanjou",
        "songName": "Sora e",
        "artist": "Masayoshi Yamazaki",
        "type": "Ending 1",
        "correctCount": 9,
        "startTime": 120,
        "songDuration": 193.032,
        "songNumber": 42,
        "activePlayerCount": 96,
        "LinkVideo": "https://files.catbox.moe/1epj8r.webm",
        "LinkMp3": "https://files.catbox.moe/4lb02p.mp3",
        "annId": 18475,
        "songDifficulty": 8.052926388302366,
        "vintage": "Winter 2016"
    },
    {
        "animeEng": "Girls und Panzer: Daikon War!",
        "animeRomaji": "Girls und Panzer: Daikon War!",
        "songName": "Oarai no Onna",
        "artist": "Saori Oonishi",
        "type": "Insert Song",
        "correctCount": 17,
        "startTime": 0,
        "songDuration": 48.696,
        "songNumber": 43,
        "activePlayerCount": 96,
        "LinkVideo": "https://files.catbox.moe/xkd29k.webm",
        "LinkMp3": "https://files.catbox.moe/divapn.mp3",
        "annId": 24670,
        "songDifficulty": 13.096766684640851,
        "vintage": "Fall 2021"
    },
    {
        "animeEng": "Puella Magi Madoka Magica The Movie Part 3: Rebellion",
        "animeRomaji": "Gekijouban Mahou Shoujo Madoka\u2605Magica Shinpen: Hangyaku no Monogatari",
        "songName": "I was waiting for this moment",
        "artist": "Yuriko Kaida",
        "type": "Insert Song",
        "correctCount": 31,
        "startTime": 44,
        "songDuration": 94.944,
        "songNumber": 44,
        "activePlayerCount": 95,
        "LinkVideo": "https://files.catbox.moe/oiosrs.webm",
        "LinkMp3": "https://files.catbox.moe/ec2bjw.mp3",
        "annId": 14850,
        "songDifficulty": 25.810095321159938,
        "vintage": "Fall 2013"
    },
    {
        "animeEng": "Romeo \u00d7 Juliet",
        "animeRomaji": "Romeo \u00d7 Juliet",
        "songName": "Cyclone",
        "artist": "12012",
        "type": "Ending 1",
        "correctCount": 8,
        "startTime": 36,
        "songDuration": 84.552,
        "songNumber": 45,
        "activePlayerCount": 96,
        "LinkVideo": "https://files.catbox.moe/vg4p3k.webm",
        "LinkMp3": "https://files.catbox.moe/8aeou3.mp3",
        "annId": 7087,
        "songDifficulty": 8.987552379261365,
        "vintage": "Spring 2017"
    },
    {
        "animeEng": "Kabaneri of the Iron Fortress Recaps",
        "animeRomaji": "Koutetsujou no Kabaneri Soushuuhen",
        "songName": "Grenzlinie",
        "artist": "Cyua",
        "type": "Insert Song",
        "correctCount": 33,
        "startTime": 98,
        "songDuration": 229.608,
        "songNumber": 46,
        "activePlayerCount": 97,
        "LinkVideo": "https://files.catbox.moe/8o88ku.webm",
        "LinkMp3": "https://files.catbox.moe/5oirlw.mp3",
        "annId": 18964,
        "songDifficulty": 22.15698337183852,
        "vintage": "Fall 2016"
    },
    {
        "animeEng": "Super Electromagnetic Robo Combattler V",
        "animeRomaji": "Chou Denji Robo Combattler V",
        "songName": "Combattler V no Theme",
        "artist": "Ichirou Mizuki",
        "type": "Opening 1",
        "correctCount": 60,
        "startTime": 40,
        "songDuration": 72.384062,
        "songNumber": 47,
        "activePlayerCount": 97,
        "LinkVideo": "https://files.catbox.moe/8hnyn0.webm",
        "LinkMp3": "https://files.catbox.moe/zstpq6.mp3",
        "annId": 1991,
        "songDifficulty": 23.069388572736788,
        "vintage": "Spring 1976"
    },
    {
        "animeEng": "Attack on Titan Season 2",
        "animeRomaji": "Shingeki no Kyojin Season 2",
        "songName": "Shinzou o Sasageyo!",
        "artist": "Linked Horizon",
        "type": "Opening 1",
        "correctCount": 89,
        "startTime": 55,
        "songDuration": 88.992,
        "songNumber": 48,
        "activePlayerCount": 96,
        "LinkVideo": "https://files.catbox.moe/cdf1hm.webm",
        "LinkMp3": "https://files.catbox.moe/t5hq9m.mp3",
        "annId": 16681,
        "songDifficulty": 58.166931487868425,
        "vintage": "Spring 2017"
    },
    {
        "animeEng": "Doraemon",
        "animeRomaji": "Doraemon",
        "songName": "Boku-tachi Chikyuu-jin",
        "artist": "Mitsuko Horie",
        "type": "Ending 4",
        "correctCount": 55,
        "startTime": 25,
        "songDuration": 57.807986,
        "songNumber": 49,
        "activePlayerCount": 96,
        "LinkVideo": "https://files.catbox.moe/3543c9.webm",
        "LinkMp3": "https://files.catbox.moe/ogibix.mp3",
        "annId": 1318,
        "songDifficulty": 48.25918685324553,
        "vintage": "Spring 1979"
    },
    {
        "animeEng": "Agatha Christie's Great Detectives Poirot and Marple",
        "animeRomaji": "Agatha Christie no Meitantei Poirot to Marple",
        "songName": "Wasurenaide",
        "artist": "Tatsuro Yamashita",
        "type": "Ending 1",
        "correctCount": 24,
        "startTime": 11,
        "songDuration": 90.432,
        "songNumber": 50,
        "activePlayerCount": 96,
        "LinkVideo": "https://files.catbox.moe/cybp4i.webm",
        "LinkMp3": "https://files.catbox.moe/dsry4h.mp3",
        "annId": 4119,
        "songDifficulty": 20.805411609394703,
        "vintage": "Summer 2004"
    },
    {
        "animeEng": "Scum's Wish",
        "animeRomaji": "Kuzu no Honkai",
        "songName": "Uso no Hibana",
        "artist": "96neko",
        "type": "Opening 1",
        "correctCount": 71,
        "startTime": 1,
        "songDuration": 89.568,
        "songNumber": 51,
        "activePlayerCount": 96,
        "LinkVideo": "https://files.catbox.moe/stk2u5.webm",
        "LinkMp3": "https://files.catbox.moe/owq3qi.mp3",
        "annId": 18806,
        "songDifficulty": 34.30153204176445,
        "vintage": "Winter 2017"
    },
    {
        "animeEng": "Apache Baseball Team",
        "animeRomaji": "Apache Yakyuu-gun",
        "songName": "Apache Yakyuu-gun",
        "artist": "Eiko Hayashi",
        "type": "Opening 1",
        "correctCount": 60,
        "startTime": 12,
        "songDuration": 49.579556,
        "songNumber": 52,
        "activePlayerCount": 95,
        "LinkVideo": "https://files.catbox.moe/n518s2.webm",
        "LinkMp3": "https://files.catbox.moe/0khx4e.mp3",
        "annId": 1180,
        "songDifficulty": 20.459806331412825,
        "vintage": "Fall 1971"
    },
    {
        "animeEng": "Carole & Tuesday",
        "animeRomaji": "Carole & Tuesday",
        "songName": "Take Me Now",
        "artist": "Ertegun",
        "type": "Insert Song",
        "correctCount": 20,
        "startTime": 36,
        "songDuration": 146.136,
        "songNumber": 53,
        "activePlayerCount": 96,
        "LinkVideo": "https://files.catbox.moe/y7kdsb.webm",
        "LinkMp3": "https://files.catbox.moe/l13qqz.mp3",
        "annId": 21557,
        "songDifficulty": 32.37379129576229,
        "vintage": "Spring 2019"
    },
    {
        "animeEng": "Asobi Asobase: Workshop of Fun",
        "animeRomaji": "Asobi Asobase",
        "songName": "Inkya Impulse",
        "artist": "Hina Kino, Rika Nagae, Konomi Kohara feat. Ikepy & KSKN",
        "type": "Ending 1",
        "correctCount": 73,
        "startTime": 6,
        "songDuration": 89.016,
        "songNumber": 54,
        "activePlayerCount": 95,
        "LinkVideo": "https://files.catbox.moe/wq9pc3.webm",
        "LinkMp3": "https://files.catbox.moe/730x5e.mp3",
        "annId": 20583,
        "songDifficulty": 43.064057696530526,
        "vintage": "Summer 2018"
    },
    {
        "animeEng": "Space Adventure Cobra",
        "animeRomaji": "Space Adventure Cobra",
        "songName": "Cobra",
        "artist": "Yoko Maeno",
        "type": "Opening 1",
        "correctCount": 42,
        "startTime": 22,
        "songDuration": 79.728,
        "songNumber": 55,
        "activePlayerCount": 94,
        "LinkVideo": "https://files.catbox.moe/uqkmps.webm",
        "LinkMp3": "https://files.catbox.moe/d9kywk.mp3",
        "annId": 612,
        "songDifficulty": 28.65511961996337,
        "vintage": "Fall 1982"
    },
    {
        "animeEng": "Mobile Suit Gundam Narrative",
        "animeRomaji": "Kidou Senshi Gundam NT",
        "songName": "Vigilante",
        "artist": "mpi,Gemie",
        "type": "Insert Song",
        "correctCount": 17,
        "startTime": 30,
        "songDuration": 148.848,
        "songNumber": 56,
        "activePlayerCount": 95,
        "LinkVideo": "https://files.catbox.moe/0shzil.webm",
        "LinkMp3": "https://files.catbox.moe/034dck.mp3",
        "annId": 20852,
        "songDifficulty": 26.062963358195542,
        "vintage": "Fall 2018"
    },
    {
        "animeEng": "Uta no\u2606Prince-sama\u266aMaji LOVE 2000%",
        "animeRomaji": "Uta no\u2606Prince-sama\u266aMaji LOVE 2000%",
        "songName": "Ai no Reincarnation",
        "artist": "Kousuke Toriumi",
        "type": "Insert Song",
        "correctCount": 7,
        "startTime": 0,
        "songDuration": 59.88,
        "songNumber": 57,
        "activePlayerCount": 95,
        "LinkVideo": "https://files.catbox.moe/mq1y87.webm",
        "LinkMp3": "https://files.catbox.moe/qxoisc.mp3",
        "annId": 14884,
        "songDifficulty": 22.750269603144172,
        "vintage": "Spring 2013"
    },
    {
        "animeEng": "Sailor Moon Sailor Stars",
        "animeRomaji": "Bishoujo Senshi Sailor Moon Sailor Stars",
        "songName": "Moonlight Densetsu",
        "artist": "Sakurakko Club Sakura-gumi",
        "type": "Ending 2",
        "correctCount": 64,
        "startTime": 42,
        "songDuration": 80.064,
        "songNumber": 58,
        "activePlayerCount": 94,
        "LinkVideo": "https://files.catbox.moe/it90vc.webm",
        "LinkMp3": "https://files.catbox.moe/vyt4qd.mp3",
        "annId": 795,
        "songDifficulty": 32.23808503060363,
        "vintage": "Winter 1996"
    },
    {
        "animeEng": "Bakuon!!",
        "animeRomaji": "Bakuon!!",
        "songName": "Voon! Voon! Ride On",
        "artist": "Reina Ueda, Nao Touyama, Yumi Uchiyama, Rikako Yamaguchi, Ibuki Kido",
        "type": "Ending 2",
        "correctCount": 7,
        "startTime": 43,
        "songDuration": 88.056,
        "songNumber": 59,
        "activePlayerCount": 93,
        "LinkVideo": "https://files.catbox.moe/mz12pe.webm",
        "LinkMp3": "https://files.catbox.moe/64n7hq.mp3",
        "annId": 17959,
        "songDifficulty": 20.51221177184466,
        "vintage": "Spring 2016"
    },
    {
        "animeEng": "Evangelion: 3.0+1.0 Thrice Upon a Time",
        "animeRomaji": "Evangelion: 3.0+1.0 Thrice Upon a Time",
        "songName": "One Last Kiss",
        "artist": "Hikaru Utada",
        "type": "Ending 1",
        "correctCount": 50,
        "startTime": 76,
        "songDuration": 251.88,
        "songNumber": 60,
        "activePlayerCount": 93,
        "LinkVideo": "https://files.catbox.moe/9mjfru.webm",
        "LinkMp3": "https://files.catbox.moe/jyv5vn.mp3",
        "annId": 8423,
        "songDifficulty": 34.2399888798546,
        "vintage": "Winter 2020"
    },
    {
        "animeEng": "New Aim for the Ace!",
        "animeRomaji": "Shin Ace o Nerae!",
        "songName": "Ashita ni Mukatte",
        "artist": "VIP",
        "type": "Ending 1",
        "correctCount": 2,
        "startTime": 30,
        "songDuration": 69.118812,
        "songNumber": 61,
        "activePlayerCount": 93,
        "LinkVideo": "https://files.catbox.moe/sjnfcl.webm",
        "LinkMp3": "https://files.catbox.moe/2qgujc.mp3",
        "annId": 785,
        "songDifficulty": 6.302837726106912,
        "vintage": "Fall 1978",
        "correctPlayers": [
            "Deafness",
            "Tvaz"
        ]
    },
    {
        "animeEng": "Garo: Divine Flame",
        "animeRomaji": "Garo: Divine Flame",
        "songName": "HOWLITE",
        "artist": "Sayaka Sasaki",
        "type": "Ending 1",
        "correctCount": 4,
        "startTime": 11,
        "songDuration": 93.744,
        "songNumber": 62,
        "activePlayerCount": 93,
        "LinkVideo": "https://files.catbox.moe/a7fqei.webm",
        "LinkMp3": "https://files.catbox.moe/so8nrx.mp3",
        "annId": 18062,
        "songDifficulty": 7.42314983385181,
        "vintage": "Spring 2016",
        "correctPlayers": [
            "Noru",
            "HDNC",
            "neoburnz",
            "Sinanju"
        ]
    },
    {
        "animeEng": "Strike Witches",
        "animeRomaji": "Strike Witches",
        "songName": "Bookmark A Head",
        "artist": "Miyuki Sawashiro & Sakura Nogawa",
        "type": "Ending 6",
        "correctCount": 39,
        "startTime": 29,
        "songDuration": 89.52,
        "songNumber": 63,
        "activePlayerCount": 94,
        "LinkVideo": "https://files.catbox.moe/s4l6ay.webm",
        "LinkMp3": "https://files.catbox.moe/vdlrnj.mp3",
        "annId": 9139,
        "songDifficulty": 27.229876097720478,
        "vintage": "Summer 2008"
    },
    {
        "animeEng": "Yuruyuri: Happy Go Lily\u266a\u266a",
        "animeRomaji": "Yuru Yuri\u266a\u266a",
        "songName": "Girls Power de",
        "artist": "Minami Tsuda & Rumi Ookubo",
        "type": "Ending 2",
        "correctCount": 22,
        "startTime": 38,
        "songDuration": 90.456,
        "songNumber": 64,
        "activePlayerCount": 94,
        "LinkVideo": "https://files.catbox.moe/lzrplb.webm",
        "LinkMp3": "https://files.catbox.moe/myzhxf.mp3",
        "annId": 14317,
        "songDifficulty": 16.300682389682024,
        "vintage": "Summer 2012"
    },
    {
        "animeEng": "Overlord III",
        "animeRomaji": "Overlord III",
        "songName": "Silent Solitude",
        "artist": "OxT",
        "type": "Ending 1",
        "correctCount": 68,
        "startTime": 54,
        "songDuration": 89.616,
        "songNumber": 65,
        "activePlayerCount": 94,
        "LinkVideo": "https://files.catbox.moe/5w6ygu.webm",
        "LinkMp3": "https://files.catbox.moe/af3xla.mp3",
        "annId": 21105,
        "songDifficulty": 32.82965800663763,
        "vintage": "Summer 2018"
    },
    {
        "animeEng": "Monogatari Series Second Season",
        "animeRomaji": "Monogatari Series Second Season",
        "songName": "Kogarashi Sentiment",
        "artist": "Chiwa Saito & Shinichiro Miki",
        "type": "Opening 6",
        "correctCount": 64,
        "startTime": 15,
        "songDuration": 89.568,
        "songNumber": 66,
        "activePlayerCount": 94,
        "LinkVideo": "https://files.catbox.moe/freyju.webm",
        "LinkMp3": "https://files.catbox.moe/exd6ua.mp3",
        "annId": 15054,
        "songDifficulty": 34.515069570576024,
        "vintage": "Summer 2013"
    },
    {
        "animeEng": "ERASED",
        "animeRomaji": "Boku dake ga Inai Machi",
        "songName": "Sore wa Chiisana Hikari no You na",
        "artist": "Sayuri",
        "type": "Ending 1",
        "correctCount": 75,
        "startTime": 50,
        "songDuration": 90.068656,
        "songNumber": 67,
        "activePlayerCount": 94,
        "LinkVideo": "https://files.catbox.moe/8mw5en.webm",
        "LinkMp3": "https://files.catbox.moe/s517na.mp3",
        "annId": 17217,
        "songDifficulty": 40.10731035657506,
        "vintage": "Winter 2016"
    },
    {
        "animeEng": "Grisaia: Phantom Trigger the Animation",
        "animeRomaji": "Grisaia: Phantom Trigger the Animation",
        "songName": "Gensou no Rondo",
        "artist": "Maon Kurosaki",
        "type": "Opening 1",
        "correctCount": 36,
        "startTime": 23,
        "songDuration": 87.84,
        "songNumber": 68,
        "activePlayerCount": 94,
        "LinkVideo": "https://files.catbox.moe/p87zgl.webm",
        "LinkMp3": "https://files.catbox.moe/tcmaxm.mp3",
        "annId": 21126,
        "songDifficulty": 16.293470898729446,
        "vintage": "Winter 2019"
    },
    {
        "animeEng": "_summer",
        "animeRomaji": "_summer",
        "songName": "_summer",
        "artist": "Yuma Kosaka",
        "type": "Ending 1",
        "correctCount": 27,
        "startTime": 55,
        "songDuration": 96.936,
        "songNumber": 69,
        "activePlayerCount": 94,
        "LinkVideo": "https://files.catbox.moe/jnj2z9.webm",
        "LinkMp3": "https://files.catbox.moe/b3475h.mp3",
        "annId": 6868,
        "songDifficulty": 13.986489688648897,
        "vintage": "Fall 2006"
    },
    {
        "animeEng": "Air",
        "animeRomaji": "Air",
        "songName": "Aozora",
        "artist": "Lia",
        "type": "Insert Song",
        "correctCount": 45,
        "startTime": 50,
        "songDuration": 216.888,
        "songNumber": 70,
        "activePlayerCount": 94,
        "LinkVideo": "https://files.catbox.moe/p72ixl.webm",
        "LinkMp3": "https://files.catbox.moe/ge2thc.mp3",
        "annId": 2480,
        "songDifficulty": 21.32699664359573,
        "vintage": "Fall 2004"
    },
    {
        "animeEng": "Free!: Take Your Marks",
        "animeRomaji": "Free!: Take Your Marks",
        "songName": "RISING FREE",
        "artist": "STYLE FIVE",
        "type": "Insert Song",
        "correctCount": 16,
        "startTime": 35,
        "songDuration": 98.088,
        "songNumber": 71,
        "activePlayerCount": 94,
        "LinkVideo": "https://files.catbox.moe/cetpj6.webm",
        "LinkMp3": "https://files.catbox.moe/ox8ypk.mp3",
        "annId": 19353,
        "songDifficulty": 20.01326581027668,
        "vintage": "Fall 2017"
    },
    {
        "animeEng": "Japan Animator Expo",
        "animeRomaji": "Nihon Animator Mihonichi",
        "songName": "endless night (from \"in the suite\")",
        "artist": "Mikako Komatsu",
        "type": "Insert Song",
        "correctCount": 10,
        "startTime": 28,
        "songDuration": 285.072,
        "songNumber": 72,
        "activePlayerCount": 93,
        "LinkVideo": "https://files.catbox.moe/vwgx06.webm",
        "LinkMp3": "https://files.catbox.moe/1y388s.mp3",
        "annId": 16839,
        "songDifficulty": 16.42952257521609,
        "vintage": "Fall 2014"
    },
    {
        "animeEng": "Uta no\u2606Prince-sama\u266aMaji LOVE 2000%",
        "animeRomaji": "Uta no\u2606Prince-sama\u266aMaji LOVE 2000%",
        "songName": "Orange Rhapsody",
        "artist": "Junichi Suwabe",
        "type": "Insert Song",
        "correctCount": 13,
        "startTime": 54,
        "songDuration": 86.184,
        "songNumber": 73,
        "activePlayerCount": 93,
        "LinkVideo": "https://files.catbox.moe/e6y7kb.webm",
        "LinkMp3": "https://files.catbox.moe/l66o7z.mp3",
        "annId": 14884,
        "songDifficulty": 23.710672455573505,
        "vintage": "Spring 2013"
    },
    {
        "animeEng": "Hiiro no Kakera: The Tamayori Princess Saga Season 2",
        "animeRomaji": "Hiiro no Kakera Dai-Ni-Shou",
        "songName": "Takanaru",
        "artist": "Maiko Fujita",
        "type": "Opening 1",
        "correctCount": 7,
        "startTime": 6,
        "songDuration": 89.232,
        "songNumber": 74,
        "activePlayerCount": 93,
        "LinkVideo": "https://files.catbox.moe/xsykt7.webm",
        "LinkMp3": "https://files.catbox.moe/e47iyq.mp3",
        "annId": 14733,
        "songDifficulty": 13.685037595264017,
        "vintage": "Summer 2012"
    },
    {
        "animeEng": "Uma Musume: Pretty Derby - BNW no Chikai",
        "animeRomaji": "Uma Musume: Pretty Derby - BNW no Chikai",
        "songName": "Grow Up Shine!",
        "artist": "Azumi Waki, Marika Kouno, Machico, Ayaka Ohashi, Chisa Kimura, Hitomi Ueda, Saori Oonishi",
        "type": "Ending 1",
        "correctCount": 45,
        "startTime": 51,
        "songDuration": 88.872,
        "songNumber": 75,
        "activePlayerCount": 93,
        "LinkVideo": "https://files.catbox.moe/1znkob.webm",
        "LinkMp3": "https://files.catbox.moe/ajt851.mp3",
        "annId": 22478,
        "songDifficulty": 26.552680864726028,
        "vintage": "Fall 2018"
    },
    {
        "animeEng": "Magical Circle Guru-Guru",
        "animeRomaji": "Mahoujin Guruguru",
        "songName": "Kin no Tobira",
        "artist": "Satomi Kihara with Radio Heart",
        "type": "Opening 1",
        "correctCount": 4,
        "startTime": 11,
        "songDuration": 43.858838,
        "songNumber": 76,
        "activePlayerCount": 93,
        "LinkVideo": "https://files.catbox.moe/dg72hc.webm",
        "LinkMp3": "https://files.catbox.moe/o8mrp3.mp3",
        "annId": 6189,
        "songDifficulty": 6.544146436515461,
        "vintage": "Spring 1996",
        "correctPlayers": [
            "asleep",
            "SrueyaF",
            "Shag",
            "SakuraFujima"
        ]
    },
    {
        "animeEng": "Miss Monochrome: The Animation - 2",
        "animeRomaji": "Miss Monochrome: The Animation - 2",
        "songName": "Black or White?",
        "artist": "Miss Monochrome",
        "type": "Opening 1",
        "correctCount": 74,
        "startTime": 16,
        "songDuration": 58.2,
        "songNumber": 77,
        "activePlayerCount": 93,
        "LinkVideo": "https://files.catbox.moe/1ozlaf.webm",
        "LinkMp3": "https://files.catbox.moe/ehvm9i.mp3",
        "annId": 16894,
        "songDifficulty": 34.52511771359428,
        "vintage": "Summer 2015"
    },
    {
        "animeEng": "GIBIATE",
        "animeRomaji": "GIBIATE",
        "songName": "GIBIATE",
        "artist": "Yoshida Brothers feat. SUGIZO",
        "type": "Opening 1",
        "correctCount": 42,
        "startTime": 53,
        "songDuration": 87.264,
        "songNumber": 78,
        "activePlayerCount": 93,
        "LinkVideo": "https://files.catbox.moe/u97clp.webm",
        "LinkMp3": "https://files.catbox.moe/wphcko.mp3",
        "annId": 22314,
        "songDifficulty": 24.90177271151179,
        "vintage": "Summer 2020"
    },
    {
        "animeEng": "The Disastrous Life of Saiki K.",
        "animeRomaji": "Saiki Kusuo no Psi-nan",
        "songName": "\u03a8 desu I LIKE YOU",
        "artist": "Dempagumi.inc",
        "type": "Ending 1",
        "correctCount": 51,
        "startTime": 43,
        "songDuration": 88.968,
        "songNumber": 79,
        "activePlayerCount": 94,
        "LinkVideo": "https://files.catbox.moe/3x2rfd.webm",
        "LinkMp3": "https://files.catbox.moe/oq3yfa.mp3",
        "annId": 18401,
        "songDifficulty": 32.921222916666665,
        "vintage": "Summer 2016"
    },
    {
        "animeEng": "Baked Fresh!! Ja-Pan",
        "animeRomaji": "Yakitate!! Japan",
        "songName": "Kokoro Biidama",
        "artist": "RYTHEM",
        "type": "Ending 6",
        "correctCount": 17,
        "startTime": 35,
        "songDuration": 89.328,
        "songNumber": 80,
        "activePlayerCount": 94,
        "LinkVideo": "https://files.catbox.moe/clvgwe.webm",
        "LinkMp3": "https://files.catbox.moe/k91mag.mp3",
        "annId": 4454,
        "songDifficulty": 14.564253571998723,
        "vintage": "Fall 2004"
    },
    {
        "animeEng": "Crayon Shin-chan: Action Kamen vs Haigure Mao",
        "animeRomaji": "Crayon Shin-chan: Action Kamen vs Haigure Mao",
        "songName": "Boku wa Eien no Okosama",
        "artist": "Mew",
        "type": "Ending 1",
        "correctCount": 7,
        "startTime": 45,
        "songDuration": 146.88,
        "songNumber": 81,
        "activePlayerCount": 94,
        "LinkVideo": "https://files.catbox.moe/nmfluy.webm",
        "LinkMp3": "https://files.catbox.moe/i8xpwr.mp3",
        "annId": 6739,
        "songDifficulty": 10.000002271075582,
        "vintage": "Summer 1993"
    },
    {
        "animeEng": "Eden of the East",
        "animeRomaji": "Higashi no Eden",
        "songName": "Falling Down",
        "artist": "Oasis",
        "type": "Opening 1",
        "correctCount": 53,
        "startTime": 6,
        "songDuration": 79.656,
        "songNumber": 82,
        "activePlayerCount": 92,
        "LinkVideo": "https://files.catbox.moe/y1ijra.webm",
        "LinkMp3": "https://files.catbox.moe/xftldk.mp3",
        "annId": 10474,
        "songDifficulty": 30.75210996685606,
        "vintage": "Spring 2009"
    },
    {
        "animeEng": "Initial D: Third Stage",
        "animeRomaji": "Initial D: Third Stage",
        "songName": "CRAZY FOR LOVE",
        "artist": "DUSTY",
        "type": "Insert Song",
        "correctCount": 10,
        "startTime": 21,
        "songDuration": 128.856,
        "songNumber": 83,
        "activePlayerCount": 93,
        "LinkVideo": "https://files.catbox.moe/6kcsqe.webm",
        "LinkMp3": "https://files.catbox.moe/njn5db.mp3",
        "annId": 1154,
        "songDifficulty": 26.032186191784405,
        "vintage": "Winter 2001"
    },
    {
        "animeEng": "Visual Prison",
        "animeRomaji": "Visual Prison",
        "songName": "Gokujou Jealousy",
        "artist": "Shougo Yano",
        "type": "Insert Song",
        "correctCount": 13,
        "startTime": 14,
        "songDuration": 89.448,
        "songNumber": 84,
        "activePlayerCount": 93,
        "LinkVideo": "https://files.catbox.moe/aenx58.webm",
        "LinkMp3": "https://files.catbox.moe/cg8xi1.mp3",
        "annId": 24196,
        "songDifficulty": 42.280629868323444,
        "vintage": "Fall 2021"
    },
    {
        "animeEng": "Gintama: Shiroyasha Koutan",
        "animeRomaji": "Gintama: Shiroyasha Koutan",
        "songName": "We Are!",
        "artist": "Hiroshi Kitadani",
        "type": "Ending 1",
        "correctCount": 84,
        "startTime": 0,
        "songDuration": 27.696,
        "songNumber": 85,
        "activePlayerCount": 92,
        "LinkVideo": "https://files.catbox.moe/kh1pvl.webm",
        "LinkMp3": "https://files.catbox.moe/krkson.mp3",
        "annId": 23119,
        "songDifficulty": 65.98260758196722,
        "vintage": "Summer 2008"
    }
]