[
    {
        "animeEng": "Koi Kaze",
        "animeRomaji": "Koi Kaze",
        "songName": "Futari Dakara",
        "artist": "Masumi Itou",
        "type": "Ending 1",
        "correctCount": 5,
        "startTime": 35,
        "songDuration": 89.136,
        "songNumber": 1,
        "activePlayerCount": 140,
        "LinkVideo": "https://files.catbox.moe/pbcihm.webm",
        "LinkMp3": "https://files.catbox.moe/z3otm7.mp3",
        "annId": 3595,
        "songDifficulty": 15.401489373518958,
        "vintage": "Spring 2004",
        "correctPlayers": [
            "NicoIe",
            "MaikaLover233",
            "SakurabaRola",
            "yahallonyanpasu",
            "Jlin2"
        ]
    },
    {
        "animeEng": "Iron Man 28 FX",
        "animeRomaji": "Tetsujin 28-go FX",
        "songName": "Future Hero",
        "artist": "Hiro Nagasawa",
        "type": "Opening 1",
        "correctCount": 4,
        "startTime": 39,
        "songDuration": 96.816,
        "songNumber": 2,
        "activePlayerCount": 147,
        "LinkVideo": "https://files.catbox.moe/8fiir3.webm",
        "LinkMp3": "https://files.catbox.moe/ap56ue.mp3",
        "annId": 2456,
        "songDifficulty": 8.697548117217433,
        "vintage": "Spring 1992",
        "correctPlayers": [
            "NicoIe",
            "Zurex",
            "ozsauce",
            "Hejsan"
        ]
    },
    {
        "animeEng": "Daily Lives of High School Boys",
        "animeRomaji": "Danshi Koukousei no Nichijou",
        "songName": "Ohisama",
        "artist": "Amesaki Annainin",
        "type": "Ending 2",
        "correctCount": 81,
        "startTime": 23,
        "songDuration": 82.536,
        "songNumber": 3,
        "activePlayerCount": 151,
        "LinkVideo": "https://files.catbox.moe/g7hgrs.webm",
        "LinkMp3": "https://files.catbox.moe/gmmdjw.mp3",
        "annId": 13743,
        "songDifficulty": 39.34833385975995,
        "vintage": "Winter 2012"
    },
    {
        "animeEng": "A Certain Scientific Railgun S",
        "animeRomaji": "Toaru Kagaku no Railgun S",
        "songName": "future gazer",
        "artist": "fripSide",
        "type": "Insert Song",
        "correctCount": 84,
        "startTime": 3,
        "songDuration": 134.136,
        "songNumber": 4,
        "activePlayerCount": 153,
        "LinkVideo": "https://files.catbox.moe/eum3d8.webm",
        "LinkMp3": "https://files.catbox.moe/ne2myi.mp3",
        "annId": 14853,
        "songDifficulty": 42.98820541936287,
        "vintage": "Spring 2013"
    },
    {
        "animeEng": "Sgt. Frog",
        "animeRomaji": "Keroro Gunsou",
        "songName": "Koisuru Shooting\u2606Star",
        "artist": "Juri Ihata",
        "type": "Insert Song",
        "correctCount": 0,
        "startTime": 14,
        "songDuration": 72.408,
        "songNumber": 5,
        "activePlayerCount": 155,
        "LinkVideo": "https://files.catbox.moe/gnzywu.webm",
        "LinkMp3": "https://files.catbox.moe/4kb8rj.mp3",
        "annId": 3711,
        "songDifficulty": 6.399176703559028,
        "vintage": "Spring 2004"
    },
    {
        "animeEng": "Gigantor",
        "animeRomaji": "Tetsujin 28-go",
        "songName": "Tetsujin 28-gou",
        "artist": "Duke Aces",
        "type": "Opening 1",
        "correctCount": 36,
        "startTime": 25,
        "songDuration": 72.044476,
        "songNumber": 6,
        "activePlayerCount": 156,
        "LinkVideo": "https://files.catbox.moe/xxhdy0.webm",
        "LinkMp3": "https://files.catbox.moe/xcyia4.mp3",
        "annId": 1293,
        "songDifficulty": 24.449734630876915,
        "vintage": "Fall 1963"
    },
    {
        "animeEng": "The Laughing Target",
        "animeRomaji": "Rumic World: Warau Hyouteki",
        "songName": "Impact",
        "artist": "Akiko Okaya",
        "type": "Ending 1",
        "correctCount": 4,
        "startTime": 50,
        "songDuration": 186.6,
        "songNumber": 7,
        "activePlayerCount": 158,
        "LinkVideo": "https://files.catbox.moe/xqj9hq.webm",
        "LinkMp3": "https://files.catbox.moe/igwsum.mp3",
        "annId": 2607,
        "songDifficulty": 6.211057915121822,
        "vintage": "Winter 1987",
        "correctPlayers": [
            "Chatmonchy",
            "yahallonyanpasu",
            "Delete",
            "ozsauce"
        ]
    },
    {
        "animeEng": "Macross Delta",
        "animeRomaji": "Macross \u0394",
        "songName": "Walk\u00fcre Attack!",
        "artist": "Walk\u00fcre",
        "type": "Insert Song",
        "correctCount": 52,
        "startTime": 95,
        "songDuration": 134.04,
        "songNumber": 8,
        "activePlayerCount": 156,
        "LinkVideo": "https://files.catbox.moe/p3yp0l.webm",
        "LinkMp3": "https://files.catbox.moe/5xgeoh.mp3",
        "annId": 17762,
        "songDifficulty": 33.98594131363319,
        "vintage": "Spring 2016"
    },
    {
        "animeEng": "Re:Zero: Starting Life in Another World",
        "animeRomaji": "Re:Zero kara Hajimeru Isekai Seikatsu",
        "songName": "Realize",
        "artist": "Konomi Suzuki",
        "type": "Opening 1",
        "correctCount": 126,
        "startTime": 39,
        "songDuration": 88.056,
        "songNumber": 9,
        "activePlayerCount": 158,
        "LinkVideo": "https://files.catbox.moe/b3o2ky.webm",
        "LinkMp3": "https://files.catbox.moe/k5vt7c.mp3",
        "annId": 22005,
        "songDifficulty": 43.59406420613158,
        "vintage": "Summer 2020"
    },
    {
        "animeEng": "When They Cry",
        "animeRomaji": "Higurashi no Naku Koro ni",
        "songName": "Higurashi no Naku Koro ni",
        "artist": "Eiko Shimamiya",
        "type": "Opening 1",
        "correctCount": 107,
        "startTime": 52,
        "songDuration": 90.12,
        "songNumber": 10,
        "activePlayerCount": 158,
        "LinkVideo": "https://files.catbox.moe/3czpgu.webm",
        "LinkMp3": "https://files.catbox.moe/50gq0p.mp3",
        "annId": 6134,
        "songDifficulty": 45.27091197273427,
        "vintage": "Spring 2006"
    },
    {
        "animeEng": "The Fruit of Evolution: Before I Knew It, My Life Had It Made",
        "animeRomaji": "Shinka no Mi: Shiranai Uchi ni Kachigumi Jinsei",
        "songName": "EVOLUTiON:",
        "artist": "Yoshino Nanjou",
        "type": "Opening 1",
        "correctCount": 33,
        "startTime": 51,
        "songDuration": 89.232,
        "songNumber": 11,
        "activePlayerCount": 161,
        "LinkVideo": "https://files.catbox.moe/ujv8l4.webm",
        "LinkMp3": "https://files.catbox.moe/e1c1n9.mp3",
        "annId": 23975,
        "songDifficulty": 17.51986343503937,
        "vintage": "Fall 2021"
    },
    {
        "animeEng": "Doraemon: Nobita's Tin-Plate Labyrinth",
        "animeRomaji": "Doraemon: Nobita to Buriki no Labyrinth",
        "songName": "Nani ka Ii Koto Kitto Aru",
        "artist": "Wakako Shimazaki",
        "type": "Ending 1",
        "correctCount": 4,
        "startTime": 65,
        "songDuration": 172.656,
        "songNumber": 12,
        "activePlayerCount": 162,
        "LinkVideo": "https://files.catbox.moe/a1nnf6.webm",
        "LinkMp3": "https://files.catbox.moe/txok28.mp3",
        "annId": 1908,
        "songDifficulty": 3.7406093659367747,
        "vintage": "Winter 1993",
        "correctPlayers": [
            "Chatmonchy",
            "gaaw",
            "amehaneyuki",
            "SakuraFujima"
        ]
    },
    {
        "animeEng": "Okko's Inn",
        "animeRomaji": "Wakaokami wa Shougakusei!",
        "songName": "Jinkan Bungee Jumping!",
        "artist": "Seiran Kobayashi",
        "type": "Insert Song",
        "correctCount": 12,
        "startTime": 57,
        "songDuration": 147.024,
        "songNumber": 13,
        "activePlayerCount": 163,
        "LinkVideo": "https://files.catbox.moe/zqil78.webm",
        "LinkMp3": "https://files.catbox.moe/eqrbbq.mp3",
        "annId": 21112,
        "songDifficulty": 9.655349764119379,
        "vintage": "Spring 2018"
    },
    {
        "animeEng": "Super Mobile Legend Dinagiga",
        "animeRomaji": "Chou Kidou Densetsu DinaGiga",
        "songName": "Yotei Chouwa no Mainichi",
        "artist": "Yume Suzuki",
        "type": "Opening 1",
        "correctCount": 8,
        "startTime": 47,
        "songDuration": 87.744,
        "songNumber": 14,
        "activePlayerCount": 163,
        "LinkVideo": "https://files.catbox.moe/furc3z.webm",
        "LinkMp3": "https://files.catbox.moe/6oj9lz.mp3",
        "annId": 5981,
        "songDifficulty": 11.64867406468969,
        "vintage": "Summer 1998"
    },
    {
        "animeEng": "Onegai My Melody",
        "animeRomaji": "Onegai My Melody",
        "songName": "Ai Shuuressha",
        "artist": "Junko Takeuchi & Noboru Maeda",
        "type": "Insert Song",
        "correctCount": 4,
        "startTime": 3,
        "songDuration": 44.568,
        "songNumber": 15,
        "activePlayerCount": 166,
        "LinkVideo": "https://files.catbox.moe/3wqxdr.webm",
        "LinkMp3": "https://files.catbox.moe/98qsbk.mp3",
        "annId": 5103,
        "songDifficulty": 19.628099173553718,
        "vintage": "Spring 2005",
        "correctPlayers": [
            "NicoIe",
            "Zurex",
            "YoshiNuber",
            "junninbr"
        ]
    },
    {
        "animeEng": "Katanagatari",
        "animeRomaji": "Katanagatari",
        "songName": "Bahasa Palus (jazz'n mix)",
        "artist": "Yutaka Fukuoka & Lotus Juice",
        "type": "Insert Song",
        "correctCount": 45,
        "startTime": 2,
        "songDuration": 286.845682,
        "songNumber": 16,
        "activePlayerCount": 168,
        "LinkVideo": "https://files.catbox.moe/23sgen.webm",
        "LinkMp3": "https://files.catbox.moe/x5byep.mp3",
        "annId": 10765,
        "songDifficulty": 24.859076136582082,
        "vintage": "Winter 2010"
    },
    {
        "animeEng": "The Girl Who Leapt Through Time",
        "animeRomaji": "Toki o Kakeru Shoujo",
        "songName": "Garnet",
        "artist": "Hanako Oku",
        "type": "Ending 1",
        "correctCount": 49,
        "startTime": 205,
        "songDuration": 251.904,
        "songNumber": 17,
        "activePlayerCount": 168,
        "LinkVideo": "https://files.catbox.moe/pvswmo.webm",
        "LinkMp3": "https://files.catbox.moe/uoqpcb.mp3",
        "annId": 6733,
        "songDifficulty": 13.581401013250195,
        "vintage": "Summer 2006"
    },
    {
        "animeEng": "Super Dimension Fortress Macross: Do You Remember Love?",
        "animeRomaji": "Choujikuu Yousai Macross: Ai, Oboete Imasu ka",
        "songName": "Xiao Bai Long",
        "artist": "Mari Iijima",
        "type": "Insert Song",
        "correctCount": 50,
        "startTime": 21,
        "songDuration": 50.04,
        "songNumber": 18,
        "activePlayerCount": 169,
        "LinkVideo": "https://files.catbox.moe/o688ub.webm",
        "LinkMp3": "https://files.catbox.moe/c0x037.mp3",
        "annId": 366,
        "songDifficulty": 44.65637538580247,
        "vintage": "Summer 1984"
    },
    {
        "animeEng": "God Eater",
        "animeRomaji": "God Eater",
        "songName": "SUNDAY",
        "artist": "GHOST ORACLE DRIVE",
        "type": "Insert Song",
        "correctCount": 42,
        "startTime": 34,
        "songDuration": 65.832,
        "songNumber": 19,
        "activePlayerCount": 168,
        "LinkVideo": "https://files.catbox.moe/mq4e55.webm",
        "LinkMp3": "https://files.catbox.moe/m71vks.mp3",
        "annId": 16370,
        "songDifficulty": 25.01418338539164,
        "vintage": "Summer 2015"
    },
    {
        "animeEng": "Ghastly Prince Enma Burning Up",
        "animeRomaji": "Dororon Enma-kun Meeramera",
        "songName": "Mata Au Hi made",
        "artist": "Mamiko Noto & Ayako Kawasumi",
        "type": "Insert Song",
        "correctCount": 2,
        "startTime": 45,
        "songDuration": 175.2,
        "songNumber": 20,
        "activePlayerCount": 171,
        "LinkVideo": "https://files.catbox.moe/jrfk0l.webm",
        "LinkMp3": "https://files.catbox.moe/k6yccm.mp3",
        "annId": 12267,
        "songDifficulty": 18.015317690122377,
        "vintage": "Spring 2011",
        "correctPlayers": [
            "Zurex",
            "kneesoxluver"
        ]
    },
    {
        "animeEng": "Wandering Witch: The Journey of Elaina",
        "animeRomaji": "Majo no Tabitabi",
        "songName": "Literature",
        "artist": "Reina Ueda",
        "type": "Opening 1",
        "correctCount": 87,
        "startTime": 56,
        "songDuration": 89.568,
        "songNumber": 21,
        "activePlayerCount": 172,
        "LinkVideo": "https://files.catbox.moe/12yk83.webm",
        "LinkMp3": "https://files.catbox.moe/phhi4l.mp3",
        "annId": 22581,
        "songDifficulty": 32.94446786020124,
        "vintage": "Fall 2020"
    },
    {
        "animeEng": "Tamayura: More Aggressive",
        "animeRomaji": "Tamayura: More Aggressive",
        "songName": "Kibou no Katachi",
        "artist": "marble",
        "type": "Insert Song",
        "correctCount": 18,
        "startTime": 80,
        "songDuration": 131.928,
        "songNumber": 22,
        "activePlayerCount": 172,
        "LinkVideo": "https://files.catbox.moe/1rug6d.webm",
        "LinkMp3": "https://files.catbox.moe/fm2wih.mp3",
        "annId": 15126,
        "songDifficulty": 18.708128098903966,
        "vintage": "Summer 2013"
    },
    {
        "animeEng": "To",
        "animeRomaji": "To",
        "songName": "Humanity",
        "artist": "Tetsuya Takahashi",
        "type": "Opening 1",
        "correctCount": 8,
        "startTime": 12,
        "songDuration": 62.472,
        "songNumber": 23,
        "activePlayerCount": 171,
        "LinkVideo": "https://files.catbox.moe/1sz019.webm",
        "LinkMp3": "https://files.catbox.moe/qoj6k3.mp3",
        "annId": 11325,
        "songDifficulty": 14.354305290268035,
        "vintage": "Fall 2009"
    },
    {
        "animeEng": "Papuwa of the South Seas",
        "animeRomaji": "Nangoku Shounen Papuwa-kun",
        "songName": "Kibun wa Papuwa Hare",
        "artist": "Kouji Tsuno & Pythagoras",
        "type": "Ending 2",
        "correctCount": 6,
        "startTime": 5,
        "songDuration": 93.048,
        "songNumber": 24,
        "activePlayerCount": 172,
        "LinkVideo": "https://files.catbox.moe/ik8a86.webm",
        "LinkMp3": "https://files.catbox.moe/anuvr7.mp3",
        "annId": 1869,
        "songDifficulty": 4.215910314994558,
        "vintage": "Fall 1992"
    },
    {
        "animeEng": "Wind: A Breath of Heart",
        "animeRomaji": "Wind: A Breath of Heart",
        "songName": "Feel on the wind",
        "artist": "Hiroko Kasahara",
        "type": "Opening 1",
        "correctCount": 11,
        "startTime": 44,
        "songDuration": 84.024,
        "songNumber": 25,
        "activePlayerCount": 174,
        "LinkVideo": "https://files.catbox.moe/qlugmw.webm",
        "LinkMp3": "https://files.catbox.moe/n4njwp.mp3",
        "annId": 3979,
        "songDifficulty": 9.806178080389824,
        "vintage": "Spring 2004"
    },
    {
        "animeEng": "Kabaneri of the Iron Fortress: The Battle of Unato",
        "animeRomaji": "Koutetsujou no Kabaneri: Unato Kessen",
        "songName": "1coma",
        "artist": "Mika Kobayashi",
        "type": "Insert Song",
        "correctCount": 70,
        "startTime": 124,
        "songDuration": 267.048,
        "songNumber": 26,
        "activePlayerCount": 174,
        "LinkVideo": "https://files.catbox.moe/ml4phr.webm",
        "LinkMp3": "https://files.catbox.moe/2nv3cj.mp3",
        "annId": 21512,
        "songDifficulty": 32.876957023453095,
        "vintage": "Spring 2019"
    },
    {
        "animeEng": "Ojamajo Doremi Dokkaan",
        "animeRomaji": "Ojamajo Doremi Dokkaan",
        "songName": "Ojamajo Carnival!!",
        "artist": "MAHO-dou",
        "type": "Insert Song",
        "correctCount": 80,
        "startTime": 32,
        "songDuration": 89.232,
        "songNumber": 27,
        "activePlayerCount": 173,
        "LinkVideo": "https://files.catbox.moe/z3cr7g.webm",
        "LinkMp3": "https://files.catbox.moe/q1py9a.mp3",
        "annId": 1649,
        "songDifficulty": 38.02680093987944,
        "vintage": "Winter 2002"
    },
    {
        "animeEng": "Yokohama Shopping Log",
        "animeRomaji": "Yokohama Kaidashi Kikou",
        "songName": "Heiten Jikan",
        "artist": "GONTITI",
        "type": "Ending 1",
        "correctCount": 56,
        "startTime": 11,
        "songDuration": 80.424,
        "songNumber": 28,
        "activePlayerCount": 173,
        "LinkVideo": "https://files.catbox.moe/hqohkt.webm",
        "LinkMp3": "https://files.catbox.moe/rujw75.mp3",
        "annId": 1156,
        "songDifficulty": 32.98406324449077,
        "vintage": "Spring 1998"
    },
    {
        "animeEng": "Convenience Store Boy Friends",
        "animeRomaji": "Konbini Kareshi",
        "songName": "Stand Up Now",
        "artist": "Cellchrome",
        "type": "Opening 1",
        "correctCount": 30,
        "startTime": 15,
        "songDuration": 89.136,
        "songNumber": 29,
        "activePlayerCount": 174,
        "LinkVideo": "https://files.catbox.moe/77c4dy.webm",
        "LinkMp3": "https://files.catbox.moe/mied7v.mp3",
        "annId": 19475,
        "songDifficulty": 18.007649167691497,
        "vintage": "Summer 2017"
    },
    {
        "animeEng": "Laid-Back Camp",
        "animeRomaji": "Yuru Camp\u25b3",
        "songName": "Fuyu Biyori",
        "artist": "Eri Sasaki",
        "type": "Ending 1",
        "correctCount": 92,
        "startTime": 44,
        "songDuration": 88.512,
        "songNumber": 30,
        "activePlayerCount": 173,
        "LinkVideo": "https://files.catbox.moe/0n1yhg.webm",
        "LinkMp3": "https://files.catbox.moe/xtzsny.mp3",
        "annId": 20010,
        "songDifficulty": 41.25146759549155,
        "vintage": "Winter 2018"
    },
    {
        "animeEng": "Detective Conan: The Crimson Love Letter",
        "animeRomaji": "Meitantei Conan: Kara Kurenai no Love Letter",
        "songName": "Togetsukyou ~Kimi Omou~",
        "artist": "Mai Kuraki",
        "type": "Ending 1",
        "correctCount": 52,
        "startTime": 11,
        "songDuration": 223.271775,
        "songNumber": 31,
        "activePlayerCount": 174,
        "LinkVideo": "https://files.catbox.moe/zrtpny.webm",
        "LinkMp3": "https://files.catbox.moe/fk99ik.mp3",
        "annId": 19005,
        "songDifficulty": 27.30211708298495,
        "vintage": "Spring 2017"
    },
    {
        "animeEng": "Rage of Bahamut: Genesis",
        "animeRomaji": "Shingeki no Bahamut Genesis",
        "songName": "EXiSTENCE",
        "artist": "SiM",
        "type": "Opening 1",
        "correctCount": 75,
        "startTime": 42,
        "songDuration": 89.712,
        "songNumber": 32,
        "activePlayerCount": 174,
        "LinkVideo": "https://files.catbox.moe/kd57ng.webm",
        "LinkMp3": "https://files.catbox.moe/vz7256.mp3",
        "annId": 15791,
        "songDifficulty": 31.13759176182708,
        "vintage": "Fall 2014"
    },
    {
        "animeEng": "Koyomimonogatari",
        "animeRomaji": "Koyomimonogatari",
        "songName": "whiz",
        "artist": "TrySail",
        "type": "Ending 1",
        "correctCount": 41,
        "startTime": 17,
        "songDuration": 85.704,
        "songNumber": 33,
        "activePlayerCount": 173,
        "LinkVideo": "https://files.catbox.moe/e6zg7c.webm",
        "LinkMp3": "https://files.catbox.moe/fhoyt2.mp3",
        "annId": 17938,
        "songDifficulty": 15.279996508379888,
        "vintage": "Winter 2016"
    },
    {
        "animeEng": "Dragon Ball Z: Fusion Reborn",
        "animeRomaji": "Dragon Ball Z: Fukkatsu no Fusion!! Goku to Vegeta",
        "songName": "WE GOTTA POWER",
        "artist": "Hironobu Kageyama",
        "type": "Opening 1",
        "correctCount": 132,
        "startTime": 40,
        "songDuration": 106.551638,
        "songNumber": 34,
        "activePlayerCount": 173,
        "LinkVideo": "https://files.catbox.moe/g6l594.webm",
        "LinkMp3": "https://files.catbox.moe/mpznc0.mp3",
        "annId": 990,
        "songDifficulty": 54.253433661450444,
        "vintage": "Winter 1995"
    },
    {
        "animeEng": "Durarara!! \u00d72 The Second Arc",
        "animeRomaji": "Durarara!!\u00d72 Ten",
        "songName": "Day you laugh",
        "artist": "Toshiyuki Toyonaga",
        "type": "Opening 1",
        "correctCount": 78,
        "startTime": 30,
        "songDuration": 87.408,
        "songNumber": 35,
        "activePlayerCount": 174,
        "LinkVideo": "https://files.catbox.moe/t45l0f.webm",
        "LinkMp3": "https://files.catbox.moe/9api3x.mp3",
        "annId": 16669,
        "songDifficulty": 22.86085007951424,
        "vintage": "Summer 2015"
    },
    {
        "animeEng": "Nyanbo!",
        "animeRomaji": "Nyanbo!",
        "songName": "Uchuu kara Yattekita Nyanbo",
        "artist": "ohashiTrio",
        "type": "Opening 1",
        "correctCount": 127,
        "startTime": 0,
        "songDuration": 23.37919,
        "songNumber": 36,
        "activePlayerCount": 175,
        "LinkVideo": "https://files.catbox.moe/rbl30y.webm",
        "LinkMp3": "https://files.catbox.moe/4p7bdu.mp3",
        "annId": 18759,
        "songDifficulty": 44.56122743492863,
        "vintage": "Summer 2016"
    },
    {
        "animeEng": "Android Kikaider: The Animation",
        "animeRomaji": "Jinzo Ningen Kikaider",
        "songName": "Theme of Gemini",
        "artist": "Akira Mitake",
        "type": "Opening 1",
        "correctCount": 15,
        "startTime": 8,
        "songDuration": 87.848286,
        "songNumber": 37,
        "activePlayerCount": 176,
        "LinkVideo": "https://files.catbox.moe/irncgd.webm",
        "LinkMp3": "https://files.catbox.moe/p7s13k.mp3",
        "annId": 964,
        "songDifficulty": 11.337566119832294,
        "vintage": "Fall 2000"
    },
    {
        "animeEng": "Pok\u00e9mon Chronicles",
        "animeRomaji": "Pocket Monsters Side Story",
        "songName": "Nyarth no Party",
        "artist": "Inuko Inuyama feat. Musashi to Kojirou",
        "type": "Ending 6",
        "correctCount": 131,
        "startTime": 43,
        "songDuration": 78.940684,
        "songNumber": 38,
        "activePlayerCount": 176,
        "LinkVideo": "https://files.catbox.moe/y5b5t9.webm",
        "LinkMp3": "https://files.catbox.moe/l8vral.mp3",
        "annId": 15668,
        "songDifficulty": 44.96909753961,
        "vintage": "Fall 2002"
    },
    {
        "animeEng": "Mobile Suit Gundam 00",
        "animeRomaji": "Kidou Senshi Gundam 00",
        "songName": "DAYBREAK'S BELL",
        "artist": "L'Arc~en~Ciel",
        "type": "Ending 4",
        "correctCount": 68,
        "startTime": 22,
        "songDuration": 69.24,
        "songNumber": 39,
        "activePlayerCount": 177,
        "LinkVideo": "https://files.catbox.moe/r8rby4.webm",
        "LinkMp3": "https://files.catbox.moe/pgzeoy.mp3",
        "annId": 10157,
        "songDifficulty": 39.14568591186877,
        "vintage": "Fall 2008"
    },
    {
        "animeEng": "Viper's Creed",
        "animeRomaji": "Viper's Creed",
        "songName": "Ai no Oto (English ver.)",
        "artist": "moumoon",
        "type": "Ending 1",
        "correctCount": 6,
        "startTime": 17,
        "songDuration": 86.064,
        "songNumber": 40,
        "activePlayerCount": 178,
        "LinkVideo": "https://files.catbox.moe/d7l622.webm",
        "LinkMp3": "https://files.catbox.moe/qfoxl9.mp3",
        "annId": 10351,
        "songDifficulty": 10.676492358010913,
        "vintage": "Winter 2009"
    },
    {
        "animeEng": "Pok\u00e9mon: Pikachu's Winter Vacation",
        "animeRomaji": "Pocket Monsters: Pikachu no Fuyuyasumi",
        "songName": "Fuyuyasumi Fan Club",
        "artist": "Pokemon Kids (+Ikue Ootani)",
        "type": "Opening 1",
        "correctCount": 39,
        "startTime": 75,
        "songDuration": 138.552,
        "songNumber": 41,
        "activePlayerCount": 178,
        "LinkVideo": "https://files.catbox.moe/ogxxco.webm",
        "LinkMp3": "https://files.catbox.moe/n1l7t5.mp3",
        "annId": 7823,
        "songDifficulty": 16.3537125,
        "vintage": "Fall 1998"
    },
    {
        "animeEng": "Nozomi Witches",
        "animeRomaji": "Nozomi Witches",
        "songName": "Aozora ga Furu Machi",
        "artist": "Hiroaki Serizawa",
        "type": "Insert Song",
        "correctCount": 5,
        "startTime": 70,
        "songDuration": 150.24,
        "songNumber": 42,
        "activePlayerCount": 175,
        "LinkVideo": "https://files.catbox.moe/opvl3g.webm",
        "LinkMp3": "https://files.catbox.moe/j2pn55.mp3",
        "annId": 2071,
        "songDifficulty": 7.160147132715249,
        "vintage": "Summer 1992",
        "correctPlayers": [
            "Zurex",
            "ozsauce",
            "DjCharat",
            "theyingster",
            "ManaNagase"
        ]
    },
    {
        "animeEng": "Eiga Healin' Good\u2661Precure: Yume no Machi de Kyun! tto GoGo! Dai Henshin!!",
        "animeRomaji": "Eiga Healin' Good\u2661Precure: Yume no Machi de Kyun! tto GoGo! Dai Henshin!!",
        "songName": "Healin' Good\u2665Precure Touch!!",
        "artist": "Rie Kitagawa",
        "type": "Opening 1",
        "correctCount": 109,
        "startTime": 5,
        "songDuration": 55.608,
        "songNumber": 43,
        "activePlayerCount": 174,
        "LinkVideo": "https://files.catbox.moe/fcze8a.webm",
        "LinkMp3": "https://files.catbox.moe/6ikhc5.mp3",
        "annId": 23978,
        "songDifficulty": 36.33658974507085,
        "vintage": "Winter 2021"
    },
    {
        "animeEng": "Bayonetta: Bloody Fate",
        "animeRomaji": "Bayonetta: Bloody Fate",
        "songName": "Night, I stand",
        "artist": "Mai",
        "type": "Ending 1",
        "correctCount": 13,
        "startTime": 52,
        "songDuration": 183.528,
        "songNumber": 44,
        "activePlayerCount": 173,
        "LinkVideo": "https://files.catbox.moe/uc5idu.webm",
        "LinkMp3": "https://files.catbox.moe/oy2b2m.mp3",
        "annId": 15609,
        "songDifficulty": 12.816556490384615,
        "vintage": "Fall 2013"
    },
    {
        "animeEng": "Ghost in the Shell",
        "animeRomaji": "Koukaku Kidoutai",
        "songName": "Making of Cyborg",
        "artist": "Kazumi Nishida, Taeko Shirai, Yoshiko Itoh",
        "type": "Opening 1",
        "correctCount": 104,
        "startTime": 86,
        "songDuration": 262.896,
        "songNumber": 45,
        "activePlayerCount": 173,
        "LinkVideo": "https://files.catbox.moe/zj2xa8.webm",
        "LinkMp3": "https://files.catbox.moe/3fwhld.mp3",
        "annId": 465,
        "songDifficulty": 35.37250977821714,
        "vintage": "Fall 1995"
    },
    {
        "animeEng": "Detective Conan",
        "animeRomaji": "Meitantei Conan",
        "songName": "Kimi no Egao ga Nani yori mo Suki Datta",
        "artist": "Chicago Poodle",
        "type": "Ending 45",
        "correctCount": 12,
        "startTime": 18,
        "songDuration": 79.296,
        "songNumber": 46,
        "activePlayerCount": 173,
        "LinkVideo": "https://files.catbox.moe/9src3o.webm",
        "LinkMp3": "https://files.catbox.moe/gfynf7.mp3",
        "annId": 454,
        "songDifficulty": 24.21637022148058,
        "vintage": "Winter 1996"
    },
    {
        "animeEng": "Chibi Devi!",
        "animeRomaji": "Chibi Devi!",
        "songName": "Chibi\u2606Devi! Aif!",
        "artist": "Noriko Shitaya",
        "type": "Opening 1",
        "correctCount": 156,
        "startTime": 0,
        "songDuration": 17.088,
        "songNumber": 47,
        "activePlayerCount": 171,
        "LinkVideo": "https://files.catbox.moe/x61k9p.webm",
        "LinkMp3": "https://files.catbox.moe/2m0fkh.mp3",
        "annId": 13489,
        "songDifficulty": 58.04229357986225,
        "vintage": "Fall 2011"
    },
    {
        "animeEng": "Pok\u00e9mon: Diamond and Pearl",
        "animeRomaji": "Pocket Monsters Diamond & Pearl",
        "songName": "Spurt!",
        "artist": "Rica Matsumoto",
        "type": "Insert Song",
        "correctCount": 43,
        "startTime": 5,
        "songDuration": 83.616,
        "songNumber": 48,
        "activePlayerCount": 171,
        "LinkVideo": "https://files.catbox.moe/d3dmdq.webm",
        "LinkMp3": "https://files.catbox.moe/q4z1cm.mp3",
        "annId": 6836,
        "songDifficulty": 28.308447361932938,
        "vintage": "Summer 2006"
    },
    {
        "animeEng": "Valvrave the Liberator",
        "animeRomaji": "Kakumeiki Valvrave",
        "songName": "Preserved Roses",
        "artist": "T.M.Revolution\u00d7Nana Mizuki",
        "type": "Opening 1",
        "correctCount": 87,
        "startTime": 20,
        "songDuration": 90.144,
        "songNumber": 49,
        "activePlayerCount": 170,
        "LinkVideo": "https://files.catbox.moe/yrlenq.webm",
        "LinkMp3": "https://files.catbox.moe/twbaj6.mp3",
        "annId": 14983,
        "songDifficulty": 37.811551200662436,
        "vintage": "Spring 2013"
    },
    {
        "animeEng": "The World God Only Knows: Goddesses Arc",
        "animeRomaji": "Kami nomi zo Shiru Sekai: Megami-hen",
        "songName": "Kizuna no Yukue",
        "artist": "Yuka Iguchi",
        "type": "Ending 3",
        "correctCount": 34,
        "startTime": 5,
        "songDuration": 87.096,
        "songNumber": 50,
        "activePlayerCount": 170,
        "LinkVideo": "https://files.catbox.moe/7gwg57.webm",
        "LinkMp3": "https://files.catbox.moe/vaxofl.mp3",
        "annId": 15334,
        "songDifficulty": 19.84947521465655,
        "vintage": "Summer 2013"
    },
    {
        "animeEng": "Yuruyuri Ten",
        "animeRomaji": "Yuruyuri Ten",
        "songName": "Minna Daisuki no Uta",
        "artist": "Shiori Mikami",
        "type": "Insert Song",
        "correctCount": 25,
        "startTime": 65,
        "songDuration": 131.808,
        "songNumber": 51,
        "activePlayerCount": 170,
        "LinkVideo": "https://files.catbox.moe/c8v7qb.webm",
        "LinkMp3": "https://files.catbox.moe/rxrgee.mp3",
        "annId": 22486,
        "songDifficulty": 19.85310958553898,
        "vintage": "Fall 2019"
    },
    {
        "animeEng": "Sing \"Yesterday\" For Me",
        "animeRomaji": "Yesterday o Utatte",
        "songName": "Yesterday o Utatte",
        "artist": "agehasprings feat. Annyyy (TaNaBaTa)",
        "type": "Ending 3",
        "correctCount": 119,
        "startTime": 17,
        "songDuration": 89.616,
        "songNumber": 52,
        "activePlayerCount": 169,
        "LinkVideo": "https://files.catbox.moe/g55znm.webm",
        "LinkMp3": "https://files.catbox.moe/g0s4uo.mp3",
        "annId": 22975,
        "songDifficulty": 41.24616108638,
        "vintage": "Spring 2020"
    },
    {
        "animeEng": "Attack on Titan Final Season",
        "animeRomaji": "Shingeki no Kyojin: The Final Season",
        "songName": "Shougeki",
        "artist": "Yuko Ando",
        "type": "Ending 1",
        "correctCount": 85,
        "startTime": 7,
        "songDuration": 87.984,
        "songNumber": 53,
        "activePlayerCount": 168,
        "LinkVideo": "https://files.catbox.moe/cfpv1x.webm",
        "LinkMp3": "https://files.catbox.moe/jzlp70.mp3",
        "annId": 22277,
        "songDifficulty": 38.33394709153765,
        "vintage": "Fall 2020"
    },
    {
        "animeEng": "Aldnoah.Zero",
        "animeRomaji": "Aldnoah.Zero",
        "songName": "&Z",
        "artist": "SawanoHiroyuki[nZk]:mizuki",
        "type": "Opening 1",
        "correctCount": 98,
        "startTime": 57,
        "songDuration": 88.344,
        "songNumber": 54,
        "activePlayerCount": 169,
        "LinkVideo": "https://files.catbox.moe/qhl9mg.webm",
        "LinkMp3": "https://files.catbox.moe/w9ngji.mp3",
        "annId": 16305,
        "songDifficulty": 36.67127334048066,
        "vintage": "Winter 2015"
    },
    {
        "animeEng": "Zombie Land Saga Revenge",
        "animeRomaji": "Zombie Land Saga Revenge",
        "songName": "Taiga yo Tomo ni Naite Kure",
        "artist": "FranChouChou",
        "type": "Opening 2",
        "correctCount": 84,
        "startTime": 4,
        "songDuration": 89.64,
        "songNumber": 55,
        "activePlayerCount": 169,
        "LinkVideo": "https://files.catbox.moe/6xzds8.webm",
        "LinkMp3": "https://files.catbox.moe/s9295a.mp3",
        "annId": 24019,
        "songDifficulty": 39.73693456813105,
        "vintage": "Spring 2021"
    },
    {
        "animeEng": "The Millionaire Detective: Balance: Unlimited",
        "animeRomaji": "Fugou Keiji Balance: Unlimited",
        "songName": "Welcome My Friend",
        "artist": "OKAMOTO'S",
        "type": "Ending 1",
        "correctCount": 52,
        "startTime": 34,
        "songDuration": 89.256,
        "songNumber": 56,
        "activePlayerCount": 169,
        "LinkVideo": "https://files.catbox.moe/qj12cw.webm",
        "LinkMp3": "https://files.catbox.moe/mwd2jp.mp3",
        "annId": 22980,
        "songDifficulty": 35.78735665137615,
        "vintage": "Spring 2020"
    },
    {
        "animeEng": "Gate",
        "animeRomaji": "Gate: Jieitai Kanochi nite, Kaku Tatakaeri",
        "songName": "GATE ~Sore wa Akatsuki no You ni",
        "artist": "Kishida Kyoudan &THE Akeboshi Rockets",
        "type": "Opening 1",
        "correctCount": 96,
        "startTime": 7,
        "songDuration": 90.017975,
        "songNumber": 57,
        "activePlayerCount": 168,
        "LinkVideo": "https://files.catbox.moe/0uknlu.webm",
        "LinkMp3": "https://files.catbox.moe/ndr8fr.mp3",
        "annId": 16679,
        "songDifficulty": 35.73174221091834,
        "vintage": "Summer 2015"
    },
    {
        "animeEng": "Higehiro: After Being Rejected, I Shaved and Took in a High School Runaway",
        "animeRomaji": "Hige o Soru. Soshite Joshikousei o Hirou.",
        "songName": "Omoide Shiritori",
        "artist": "DIALOGUE+",
        "type": "Opening 1",
        "correctCount": 63,
        "startTime": 6,
        "songDuration": 88.848,
        "songNumber": 58,
        "activePlayerCount": 169,
        "LinkVideo": "https://files.catbox.moe/na55b3.webm",
        "LinkMp3": "https://files.catbox.moe/puu6ai.mp3",
        "annId": 23528,
        "songDifficulty": 28.90704170071831,
        "vintage": "Spring 2021"
    },
    {
        "animeEng": "Fairy gone",
        "animeRomaji": "Fairy gone",
        "songName": "KNOCK on the CORE",
        "artist": "(K)NoW_NAME:Ayaka Tachibana & AIJ",
        "type": "Insert Song",
        "correctCount": 61,
        "startTime": 28,
        "songDuration": 132.384,
        "songNumber": 59,
        "activePlayerCount": 167,
        "LinkVideo": "https://files.catbox.moe/posp35.webm",
        "LinkMp3": "https://files.catbox.moe/p5tass.mp3",
        "annId": 22341,
        "songDifficulty": 32.269633821115974,
        "vintage": "Fall 2019"
    },
    {
        "animeEng": "Angie Girl",
        "animeRomaji": "Joou Heika no Petite Angie",
        "songName": "Angie ni Omakase",
        "artist": "Kazuko Hiromi",
        "type": "Opening 1",
        "correctCount": 22,
        "startTime": 1,
        "songDuration": 67.344,
        "songNumber": 60,
        "activePlayerCount": 168,
        "LinkVideo": "https://files.catbox.moe/3o2xo8.webm",
        "LinkMp3": "https://files.catbox.moe/6bievu.mp3",
        "annId": 1243,
        "songDifficulty": 13.537479082347447,
        "vintage": "Fall 1977"
    },
    {
        "animeEng": "Re:Stage! Dream Days",
        "animeRomaji": "Re:Stage! Dream Days",
        "songName": "Kirai Kirai C\u042fY",
        "artist": "Masumi Tazawa & Yuki Sorami",
        "type": "Insert Song",
        "correctCount": 17,
        "startTime": 11,
        "songDuration": 68.592,
        "songNumber": 61,
        "activePlayerCount": 168,
        "LinkVideo": "https://files.catbox.moe/qsjlwz.webm",
        "LinkMp3": "https://files.catbox.moe/ejlhqr.mp3",
        "annId": 21866,
        "songDifficulty": 15.401574302058648,
        "vintage": "Summer 2019"
    },
    {
        "animeEng": "Initial D: Final Stage",
        "animeRomaji": "Initial D: Final Stage",
        "songName": "Gamble Rumble",
        "artist": "move",
        "type": "Ending 1",
        "correctCount": 33,
        "startTime": 34,
        "songDuration": 117.792,
        "songNumber": 62,
        "activePlayerCount": 168,
        "LinkVideo": "https://files.catbox.moe/c34w7m.webm",
        "LinkMp3": "https://files.catbox.moe/ub5mhk.mp3",
        "annId": 16073,
        "songDifficulty": 29.49830072251921,
        "vintage": "Spring 2014"
    },
    {
        "animeEng": "Eiga Crayon Shin-chan: Bakumori! Kung-Fu Boys: Ramen Tairan",
        "animeRomaji": "Eiga Crayon Shin-chan: Bakumori! Kung-Fu Boys: Ramen Tairan",
        "songName": "Kimi ni 100 Percent",
        "artist": "Kyary Pamyu Pamyu",
        "type": "Opening 1",
        "correctCount": 79,
        "startTime": 0,
        "songDuration": 63.816,
        "songNumber": 63,
        "activePlayerCount": 166,
        "LinkVideo": "https://files.catbox.moe/edsp72.webm",
        "LinkMp3": "https://files.catbox.moe/zxgfyk.mp3",
        "annId": 20360,
        "songDifficulty": 42.47981930012225,
        "vintage": "Spring 2018"
    },
    {
        "animeEng": "Hanamaru Kindergarten",
        "animeRomaji": "Hanamaru Kindergarten",
        "songName": "Aozora Triangle",
        "artist": "Kei Shindou, Ayahi Takagaki, MAKO",
        "type": "Opening 1",
        "correctCount": 15,
        "startTime": 32,
        "songDuration": 88.32,
        "songNumber": 64,
        "activePlayerCount": 165,
        "LinkVideo": "https://files.catbox.moe/fvxtpp.webm",
        "LinkMp3": "https://files.catbox.moe/0nj8ys.mp3",
        "annId": 10896,
        "songDifficulty": 16.990094180186823,
        "vintage": "Winter 2010"
    },
    {
        "animeEng": "California Crisis: Gun Salvo",
        "animeRomaji": "California Crisis: Tsuigeki no Hibana",
        "songName": "HEARTBEAT",
        "artist": "Miho Fujiwara",
        "type": "Insert Song",
        "correctCount": 10,
        "startTime": 41,
        "songDuration": 73.873016,
        "songNumber": 65,
        "activePlayerCount": 164,
        "LinkVideo": "https://files.catbox.moe/bjyl5a.webm",
        "LinkMp3": "https://files.catbox.moe/brq1mb.mp3",
        "annId": 3306,
        "songDifficulty": 16.428794167258523,
        "vintage": "Summer 1986"
    },
    {
        "animeEng": "Project A-Ko",
        "animeRomaji": "Project A-Ko",
        "songName": "Follow Your Dream",
        "artist": "Valerie Stevenson",
        "type": "Ending 1",
        "correctCount": 11,
        "startTime": 102,
        "songDuration": 250.344,
        "songNumber": 66,
        "activePlayerCount": 165,
        "LinkVideo": "https://files.catbox.moe/mkgxgo.webm",
        "LinkMp3": "https://files.catbox.moe/bgh4xh.mp3",
        "annId": 61,
        "songDifficulty": 12.75735213558522,
        "vintage": "Winter 1986"
    },
    {
        "animeEng": "This Boy Caught a Merman",
        "animeRomaji": "Kono Danshi, Ningyo Hiroimashita.",
        "songName": "Umi yori Aoku",
        "artist": "Hikaru Midorikawa",
        "type": "Ending 1",
        "correctCount": 7,
        "startTime": 85,
        "songDuration": 218.16,
        "songNumber": 67,
        "activePlayerCount": 165,
        "LinkVideo": "https://files.catbox.moe/98yl1l.webm",
        "LinkMp3": "https://files.catbox.moe/3w66a0.mp3",
        "annId": 14190,
        "songDifficulty": 12.432491395531631,
        "vintage": "Fall 2012"
    },
    {
        "animeEng": "Cardcaptor Sakura: Clear Card",
        "animeRomaji": "Cardcaptor Sakura: Clear Card-hen",
        "songName": "CLEAR",
        "artist": "Maaya Sakamoto",
        "type": "Opening 1",
        "correctCount": 44,
        "startTime": 45,
        "songDuration": 90.096,
        "songNumber": 68,
        "activePlayerCount": 164,
        "LinkVideo": "https://files.catbox.moe/okxltx.webm",
        "LinkMp3": "https://files.catbox.moe/hxt2me.mp3",
        "annId": 19487,
        "songDifficulty": 28.00259022118743,
        "vintage": "Winter 2018"
    },
    {
        "animeEng": "Beastars",
        "animeRomaji": "Beastars",
        "songName": "Wild Side",
        "artist": "ALI",
        "type": "Opening 1",
        "correctCount": 129,
        "startTime": 17,
        "songDuration": 89.064,
        "songNumber": 69,
        "activePlayerCount": 164,
        "LinkVideo": "https://files.catbox.moe/gfllcw.webm",
        "LinkMp3": "https://files.catbox.moe/f71cx8.mp3",
        "annId": 21880,
        "songDifficulty": 58.146045933467505,
        "vintage": "Fall 2019"
    },
    {
        "animeEng": "Carole & Tuesday",
        "animeRomaji": "Carole & Tuesday",
        "songName": "Light A Fire",
        "artist": "Alisa",
        "type": "Insert Song",
        "correctCount": 110,
        "startTime": 31,
        "songDuration": 167.064,
        "songNumber": 70,
        "activePlayerCount": 164,
        "LinkVideo": "https://files.catbox.moe/gs07xj.webm",
        "LinkMp3": "https://files.catbox.moe/or51fc.mp3",
        "annId": 21557,
        "songDifficulty": 58.283491193613784,
        "vintage": "Spring 2019"
    },
    {
        "animeEng": "Dance with Devils",
        "animeRomaji": "Dance with Devils",
        "songName": "Waga na wa Rem Arlond",
        "artist": "Souma Saitou",
        "type": "Insert Song",
        "correctCount": 30,
        "startTime": 19,
        "songDuration": 90.264,
        "songNumber": 71,
        "activePlayerCount": 161,
        "LinkVideo": "https://files.catbox.moe/zb55y9.webm",
        "LinkMp3": "https://files.catbox.moe/tu3x1p.mp3",
        "annId": 16781,
        "songDifficulty": 19.531500901442307,
        "vintage": "Fall 2015"
    },
    {
        "animeEng": "Zakuro",
        "animeRomaji": "Otome Youkai Zakuro",
        "songName": "Hatsukoi wa Zakuro-iro",
        "artist": "Mai Nakahara feat. Takahiro Sakurai",
        "type": "Ending 1",
        "correctCount": 14,
        "startTime": 20,
        "songDuration": 87.672,
        "songNumber": 72,
        "activePlayerCount": 161,
        "LinkVideo": "https://files.catbox.moe/mned7t.webm",
        "LinkMp3": "https://files.catbox.moe/cbd381.mp3",
        "annId": 11509,
        "songDifficulty": 16.597351187037894,
        "vintage": "Fall 2010"
    },
    {
        "animeEng": "Jewelpet Sunshine",
        "animeRomaji": "Jewelpet Sunshine",
        "songName": "I Don't Want to Miss a Thing",
        "artist": "Aerosmith",
        "type": "Insert Song",
        "correctCount": 40,
        "startTime": 0,
        "songDuration": 24.94651,
        "songNumber": 73,
        "activePlayerCount": 162,
        "LinkVideo": "https://files.catbox.moe/no1j4u.webm",
        "LinkMp3": "https://files.catbox.moe/i2ai10.mp3",
        "annId": 12527,
        "songDifficulty": 33.285976193985846,
        "vintage": "Spring 2011"
    },
    {
        "animeEng": "Zatch Bell!",
        "animeRomaji": "Konjiki no Gash Bell!!",
        "songName": "Watashi no Yume",
        "artist": "AiM",
        "type": "Insert Song",
        "correctCount": 5,
        "startTime": 23,
        "songDuration": 66.048,
        "songNumber": 74,
        "activePlayerCount": 162,
        "LinkVideo": "https://files.catbox.moe/moxzwd.webm",
        "LinkMp3": "https://files.catbox.moe/49f16d.mp3",
        "annId": 2290,
        "songDifficulty": 5.129317402984508,
        "vintage": "Spring 2003",
        "correctPlayers": [
            "kaghey",
            "Hejsan",
            "Hanagasakumichi",
            "ROBK34c",
            "AnimeroD"
        ]
    },
    {
        "animeEng": "Ani \u00d7 Para: Anata no Hero wa Dare Desu ka",
        "animeRomaji": "Ani \u00d7 Para: Anata no Hero wa Dare Desu ka",
        "songName": "Light",
        "artist": "MONGOL800",
        "type": "Ending 2",
        "correctCount": 3,
        "startTime": 61,
        "songDuration": 141.768,
        "songNumber": 75,
        "activePlayerCount": 162,
        "LinkVideo": "https://files.catbox.moe/t8z6tf.webm",
        "LinkMp3": "https://files.catbox.moe/e9ebph.mp3",
        "annId": 22409,
        "songDifficulty": 13.534621971240941,
        "vintage": "Fall 2017",
        "correctPlayers": [
            "MaikaLover233",
            "ozsauce",
            "sircurrie"
        ]
    },
    {
        "animeEng": "Momon's Sand Witch",
        "animeRomaji": "Momon's Sand Witch",
        "songName": "Fuwari Flight",
        "artist": "Kiiro",
        "type": "Ending 1",
        "correctCount": 4,
        "startTime": 2,
        "songDuration": 42.31764,
        "songNumber": 76,
        "activePlayerCount": 161,
        "LinkVideo": "https://files.catbox.moe/fvbkiy.webm",
        "LinkMp3": "https://files.catbox.moe/nwc32c.mp3",
        "annId": 24778,
        "songDifficulty": 7.312244556568287,
        "vintage": "Spring 2014",
        "correctPlayers": [
            "kneesoxluver",
            "Delete",
            "ManaNagase",
            "watashiii"
        ]
    },
    {
        "animeEng": "Super Dimension Fortress Macross: Do You Remember Love?",
        "animeRomaji": "Choujikuu Yousai Macross: Ai, Oboete Imasu ka",
        "songName": "Sunset Beach",
        "artist": "Mari Iijima",
        "type": "Insert Song",
        "correctCount": 50,
        "startTime": 1,
        "songDuration": 65.112,
        "songNumber": 77,
        "activePlayerCount": 162,
        "LinkVideo": "https://files.catbox.moe/6tus95.webm",
        "LinkMp3": "https://files.catbox.moe/fp319j.mp3",
        "annId": 366,
        "songDifficulty": 41.20892912054121,
        "vintage": "Summer 1984"
    },
    {
        "animeEng": "Genesis Surviver Gaiarth",
        "animeRomaji": "Sousei Kishi Gaiarth",
        "songName": "Souseiki ~\"ZERO\" o Samayou Tabibito e~",
        "artist": "Yuu Asai",
        "type": "Ending 1",
        "correctCount": 2,
        "startTime": 164,
        "songDuration": 221.064,
        "songNumber": 78,
        "activePlayerCount": 162,
        "LinkVideo": "https://files.catbox.moe/gp547g.webm",
        "LinkMp3": "https://files.catbox.moe/zhkewb.mp3",
        "annId": 667,
        "songDifficulty": 2.626923264723558,
        "vintage": "Spring 1992",
        "correctPlayers": [
            "kaghey",
            "Rukawa11"
        ]
    },
    {
        "animeEng": "Gintama: The Very Final",
        "animeRomaji": "Gintama: The Final",
        "songName": "CHA-LA HEAD-CHA-LA",
        "artist": "Hironobu Kageyama",
        "type": "Opening 1",
        "correctCount": 136,
        "startTime": 38,
        "songDuration": 84.336,
        "songNumber": 79,
        "activePlayerCount": 162,
        "LinkVideo": "https://files.catbox.moe/50m8po.webm",
        "LinkMp3": "https://files.catbox.moe/d5auxu.mp3",
        "annId": 23828,
        "songDifficulty": 57.2729436630847,
        "vintage": "Winter 2021"
    },
    {
        "animeEng": "Sanctuary",
        "animeRomaji": "Sanctuary",
        "songName": "A Baby's Born",
        "artist": "Chris Conner",
        "type": "Ending 1",
        "correctCount": 7,
        "startTime": 90,
        "songDuration": 198.144,
        "songNumber": 80,
        "activePlayerCount": 162,
        "LinkVideo": "https://files.catbox.moe/7kmrri.webm",
        "LinkMp3": "https://files.catbox.moe/pjwsuu.mp3",
        "annId": 2481,
        "songDifficulty": 7.037457716738316,
        "vintage": "Winter 1996"
    },
    {
        "animeEng": "Forest of Piano",
        "animeRomaji": "Piano no Mori",
        "songName": "\u00c9tude Op. 10, No. 1",
        "artist": "Kai Ichinose",
        "type": "Opening 1",
        "correctCount": 109,
        "startTime": 1,
        "songDuration": 119.808,
        "songNumber": 81,
        "activePlayerCount": 162,
        "LinkVideo": "https://files.catbox.moe/pv4k3o.webm",
        "LinkMp3": "https://files.catbox.moe/jcjigh.mp3",
        "annId": 20596,
        "songDifficulty": 44.438644688644686,
        "vintage": "Spring 2018"
    },
    {
        "animeEng": "Fate/Grand Order: First Order",
        "animeRomaji": "Fate/Grand Order: First Order",
        "songName": "Shikisai",
        "artist": "Maaya Sakamoto",
        "type": "Ending 1",
        "correctCount": 71,
        "startTime": 8,
        "songDuration": 87.048,
        "songNumber": 82,
        "activePlayerCount": 161,
        "LinkVideo": "https://files.catbox.moe/zssru6.webm",
        "LinkMp3": "https://files.catbox.moe/acwqjp.mp3",
        "annId": 18870,
        "songDifficulty": 28.076006312926275,
        "vintage": "Fall 2016"
    },
    {
        "animeEng": "Lupin III",
        "animeRomaji": "Lupin Sansei",
        "songName": "THEME FROM LUPIN III 2015",
        "artist": "You & Explosion Band",
        "type": "Opening 1",
        "correctCount": 84,
        "startTime": 30,
        "songDuration": 78.912,
        "songNumber": 83,
        "activePlayerCount": 161,
        "LinkVideo": "https://files.catbox.moe/tjgljt.webm",
        "LinkMp3": "https://files.catbox.moe/9e9han.mp3",
        "annId": 16347,
        "songDifficulty": 34.44605679780318,
        "vintage": "Summer 2015"
    },
    {
        "animeEng": "The Helpful Fox Senko-san",
        "animeRomaji": "Sewayaki Kitsune no Senko-san",
        "songName": "Koyoi mofumofu!!",
        "artist": "Azumi Waki & Maaya Uchida",
        "type": "Opening 1",
        "correctCount": 86,
        "startTime": 30,
        "songDuration": 89.064,
        "songNumber": 84,
        "activePlayerCount": 161,
        "LinkVideo": "https://files.catbox.moe/pn3pt0.webm",
        "LinkMp3": "https://files.catbox.moe/9kfwnx.mp3",
        "annId": 21908,
        "songDifficulty": 38.702414510166356,
        "vintage": "Spring 2019"
    },
    {
        "animeEng": "Asobi Asobase: Workshop of Fun",
        "animeRomaji": "Asobi Asobase",
        "songName": "Inkya Impulse",
        "artist": "Hina Kino, Rika Nagae, Konomi Kohara feat. Ikepy & KSKN",
        "type": "Ending 1",
        "correctCount": 96,
        "startTime": 41,
        "songDuration": 89.016,
        "songNumber": 85,
        "activePlayerCount": 156,
        "LinkVideo": "https://files.catbox.moe/wq9pc3.webm",
        "LinkMp3": "https://files.catbox.moe/730x5e.mp3",
        "annId": 20583,
        "songDifficulty": 43.50660241657077,
        "vintage": "Summer 2018"
    }
]