[
    {
        "animeEng": "Angel Links",
        "animeRomaji": "Seihou Tenshi Angel Links",
        "songName": "All My Soul",
        "artist": "NAW NAW",
        "type": "Opening 1",
        "correctCount": 5,
        "startTime": 16,
        "songDuration": 89.016,
        "songNumber": 1,
        "activePlayerCount": 158,
        "LinkVideo": "https://files.catbox.moe/ll526i.webm",
        "LinkMp3": "https://files.catbox.moe/q2hkle.mp3",
        "annId": 1,
        "songDifficulty": 12.095172646604938,
        "vintage": "Spring 1999",
        "correctPlayers": [
            "Heyko",
            "Rukawa11",
            "ozsauce",
            "watashiii",
            "mochiii"
        ]
    },
    {
        "animeEng": "City Hunter '91",
        "animeRomaji": "City Hunter '91",
        "songName": "Onegai KISS ME AGAIN",
        "artist": "NAOKO",
        "type": "Insert Song",
        "correctCount": 0,
        "startTime": 27,
        "songDuration": 131.184,
        "songNumber": 2,
        "activePlayerCount": 167,
        "LinkVideo": "https://files.catbox.moe/xfx87z.webm",
        "LinkMp3": "https://files.catbox.moe/8klz92.mp3",
        "annId": 547,
        "songDifficulty": 11.37037082248264,
        "vintage": "Spring 1991"
    },
    {
        "animeEng": "Wake Up, Girls! New Chapter",
        "animeRomaji": "Wake Up, Girls! Shin Shou",
        "songName": "Glossy World",
        "artist": "Suzuko Mimori",
        "type": "Insert Song",
        "correctCount": 2,
        "startTime": 1,
        "songDuration": 35.088,
        "songNumber": 3,
        "activePlayerCount": 171,
        "LinkVideo": "https://files.catbox.moe/j9gijl.webm",
        "LinkMp3": "https://files.catbox.moe/w8erib.mp3",
        "annId": 19921,
        "songDifficulty": 12.811722889571291,
        "vintage": "Fall 2017",
        "correctPlayers": [
            "LalaSansVergogne",
            "wswsasd"
        ]
    },
    {
        "animeEng": "Gintama",
        "animeRomaji": "Gintama",
        "songName": "Light Infection",
        "artist": "Prague",
        "type": "Opening 9",
        "correctCount": 53,
        "startTime": 39,
        "songDuration": 98.064,
        "songNumber": 4,
        "activePlayerCount": 175,
        "LinkVideo": "https://files.catbox.moe/uia9gu.webm",
        "LinkMp3": "https://files.catbox.moe/fnhyir.mp3",
        "annId": 6236,
        "songDifficulty": 26.08468774788472,
        "vintage": "Spring 2006"
    },
    {
        "animeEng": "B: The Beginning",
        "animeRomaji": "B: The Beginning",
        "songName": "The Perfect World",
        "artist": "Marty Friedman feat. Jean-Ken Johnny, KenKen",
        "type": "Ending 1",
        "correctCount": 82,
        "startTime": 44,
        "songDuration": 110.592,
        "songNumber": 5,
        "activePlayerCount": 177,
        "LinkVideo": "https://files.catbox.moe/im9b8e.webm",
        "LinkMp3": "https://files.catbox.moe/plxoaq.mp3",
        "annId": 19987,
        "songDifficulty": 29.559109266470216,
        "vintage": "Winter 2018"
    },
    {
        "animeEng": "Fang of the Sun Dougram",
        "animeRomaji": "Taiyou no Kiba Dougram",
        "songName": "Saraba Yasashiki Hibi yo",
        "artist": "Mamoru Asada",
        "type": "Opening 1",
        "correctCount": 5,
        "startTime": 18,
        "songDuration": 90.068656,
        "songNumber": 6,
        "activePlayerCount": 180,
        "LinkVideo": "https://files.catbox.moe/c8u7ox.webm",
        "LinkMp3": "https://files.catbox.moe/6ptatf.mp3",
        "annId": 873,
        "songDifficulty": 14.441744991767289,
        "vintage": "Fall 1981",
        "correctPlayers": [
            "Rukawa11",
            "GoroShigenoSimp",
            "watashiii",
            "Hejsan",
            "uhhuhher"
        ]
    },
    {
        "animeEng": "Kono Oto Tomare!: Sounds of Life",
        "animeRomaji": "Kono Oto Tomare!",
        "songName": "Rainbow",
        "artist": "Yuuma Uchida",
        "type": "Ending 1",
        "correctCount": 11,
        "startTime": 24,
        "songDuration": 88.944,
        "songNumber": 7,
        "activePlayerCount": 182,
        "LinkVideo": "https://files.catbox.moe/4bk9dt.webm",
        "LinkMp3": "https://files.catbox.moe/24vrke.mp3",
        "annId": 22389,
        "songDifficulty": 19.76916151403743,
        "vintage": "Fall 2019"
    },
    {
        "animeEng": "Luck & Logic",
        "animeRomaji": "Luck & Logic",
        "songName": "STORY",
        "artist": "Kensho Ono",
        "type": "Opening 1",
        "correctCount": 47,
        "startTime": 2,
        "songDuration": 90.048,
        "songNumber": 8,
        "activePlayerCount": 183,
        "LinkVideo": "https://files.catbox.moe/72hkcv.webm",
        "LinkMp3": "https://files.catbox.moe/atmwr0.mp3",
        "annId": 17833,
        "songDifficulty": 19.599625815446128,
        "vintage": "Winter 2016"
    },
    {
        "animeEng": "Tiger Mask II",
        "animeRomaji": "Tiger Mask II",
        "songName": "Tiger Mask Nisei",
        "artist": "Ichirou Mizuki & Columubia Yurikago-kai",
        "type": "Opening 1",
        "correctCount": 16,
        "startTime": 15,
        "songDuration": 68.664,
        "songNumber": 9,
        "activePlayerCount": 186,
        "LinkVideo": "https://files.catbox.moe/213bk7.webm",
        "LinkMp3": "https://files.catbox.moe/3vxb2g.mp3",
        "annId": 1523,
        "songDifficulty": 14.205890986271676,
        "vintage": "Spring 1981"
    },
    {
        "animeEng": "The Highschool Life of a Fudanshi",
        "animeRomaji": "Fudanshi Koukou Seikatsu",
        "songName": "SEKAI wa Boy Meets Boy\u2642",
        "artist": "Wataru Hatano",
        "type": "Ending 1",
        "correctCount": 72,
        "startTime": 0,
        "songDuration": 28.992,
        "songNumber": 10,
        "activePlayerCount": 187,
        "LinkVideo": "https://files.catbox.moe/30841p.webm",
        "LinkMp3": "https://files.catbox.moe/kmda0k.mp3",
        "annId": 18234,
        "songDifficulty": 28.647408889453477,
        "vintage": "Summer 2016"
    },
    {
        "animeEng": "Nisekoi",
        "animeRomaji": "Nisekoi",
        "songName": "STEP",
        "artist": "ClariS",
        "type": "Opening 2",
        "correctCount": 109,
        "startTime": 49,
        "songDuration": 88.896,
        "songNumber": 11,
        "activePlayerCount": 190,
        "LinkVideo": "https://files.catbox.moe/7ns2te.webm",
        "LinkMp3": "https://files.catbox.moe/bainco.mp3",
        "annId": 16607,
        "songDifficulty": 38.44569783197832,
        "vintage": "Fall 2014"
    },
    {
        "animeEng": "18if",
        "animeRomaji": "18if",
        "songName": "Tsubasa",
        "artist": "Emi Nitta",
        "type": "Ending 9",
        "correctCount": 4,
        "startTime": 33,
        "songDuration": 92.785344,
        "songNumber": 12,
        "activePlayerCount": 190,
        "LinkVideo": "https://files.catbox.moe/rbosh1.webm",
        "LinkMp3": "https://files.catbox.moe/tr0ziz.mp3",
        "annId": 19410,
        "songDifficulty": 9.895338167956949,
        "vintage": "Summer 2017",
        "correctPlayers": [
            "Karinara",
            "ozsauce",
            "Hejsan",
            "konomi"
        ]
    },
    {
        "animeEng": "JoJo's Bizarre Adventure",
        "animeRomaji": "JoJo no Kimyou na Bouken",
        "songName": "Propaganda",
        "artist": "Tokyo Konsei",
        "type": "Insert Song",
        "correctCount": 62,
        "startTime": 37,
        "songDuration": 132.96098,
        "songNumber": 13,
        "activePlayerCount": 190,
        "LinkVideo": "https://files.catbox.moe/7ov182.webm",
        "LinkMp3": "https://files.catbox.moe/21p019.mp3",
        "annId": 14445,
        "songDifficulty": 24.592775728484998,
        "vintage": "Fall 2012"
    },
    {
        "animeEng": "Revue Starlight",
        "animeRomaji": "Shoujo\u2606Kageki Revue Starlight",
        "songName": "Hokori to Ogori",
        "artist": "Momoyo Koyama & Maho Tomita",
        "type": "Insert Song",
        "correctCount": 52,
        "startTime": 245,
        "songDuration": 339.072,
        "songNumber": 14,
        "activePlayerCount": 192,
        "LinkVideo": "https://files.catbox.moe/s0klqw.webm",
        "LinkMp3": "https://files.catbox.moe/3bgyc6.mp3",
        "annId": 20891,
        "songDifficulty": 30.477994522362977,
        "vintage": "Summer 2018"
    },
    {
        "animeEng": "Blocker Corps",
        "animeRomaji": "Blocker Gundan IV: Machine Blaster",
        "songName": "Blocker Gundan IV Machine Blaster",
        "artist": "Yuuki Hide, Toei Jidou Gasshou-dan",
        "type": "Opening 1",
        "correctCount": 4,
        "startTime": 6,
        "songDuration": 78.504,
        "songNumber": 15,
        "activePlayerCount": 193,
        "LinkVideo": "https://files.catbox.moe/nvaxlu.webm",
        "LinkMp3": "https://files.catbox.moe/efaujw.mp3",
        "annId": 1224,
        "songDifficulty": 11.005571764767637,
        "vintage": "Spring 1976",
        "correctPlayers": [
            "Rukawa11",
            "ozsauce",
            "watashiii",
            "TKN"
        ]
    },
    {
        "animeEng": ".hack//SIGN",
        "animeRomaji": ".hack//SIGN",
        "songName": "A Stray Child",
        "artist": "Emily Bindiger",
        "type": "Insert Song",
        "correctCount": 39,
        "startTime": 49,
        "songDuration": 80.832,
        "songNumber": 16,
        "activePlayerCount": 193,
        "LinkVideo": "https://files.catbox.moe/io6n0p.webm",
        "LinkMp3": "https://files.catbox.moe/1s1332.mp3",
        "annId": 605,
        "songDifficulty": 30.057184255751963,
        "vintage": "Spring 2002"
    },
    {
        "animeEng": "Mahoutsukai Sally",
        "animeRomaji": "Mahoutsukai Sally",
        "songName": "Mahoutsukai Sally",
        "artist": "Hiroko Asakawa",
        "type": "Opening 1",
        "correctCount": 158,
        "startTime": 27,
        "songDuration": 79.056,
        "songNumber": 17,
        "activePlayerCount": 193,
        "LinkVideo": "https://files.catbox.moe/053m4x.webm",
        "LinkMp3": "https://files.catbox.moe/vhwwac.mp3",
        "annId": 1695,
        "songDifficulty": 40.52726192785105,
        "vintage": "Fall 1989"
    },
    {
        "animeEng": "Servant \u00d7 Service",
        "animeRomaji": "Servant \u00d7 Service",
        "songName": "Hachimitsu Doki",
        "artist": "Aki Toyosaki",
        "type": "Ending 3",
        "correctCount": 12,
        "startTime": 18,
        "songDuration": 89.184,
        "songNumber": 18,
        "activePlayerCount": 193,
        "LinkVideo": "https://files.catbox.moe/wnossx.webm",
        "LinkMp3": "https://files.catbox.moe/zmcvv5.mp3",
        "annId": 15241,
        "songDifficulty": 20.204704842311855,
        "vintage": "Summer 2013"
    },
    {
        "animeEng": "High School Star Musical",
        "animeRomaji": "Starmyu",
        "songName": "Warera, Ayanagi Gakuen Kaou-Kai",
        "artist": "Kaou-kai",
        "type": "Insert Song",
        "correctCount": 56,
        "startTime": 25,
        "songDuration": 108.768,
        "songNumber": 19,
        "activePlayerCount": 193,
        "LinkVideo": "https://files.catbox.moe/5elgb5.webm",
        "LinkMp3": "https://files.catbox.moe/lv2o3s.mp3",
        "annId": 16892,
        "songDifficulty": 29.262233088022043,
        "vintage": "Fall 2015"
    },
    {
        "animeEng": "Peach Girl",
        "animeRomaji": "Peach Girl",
        "songName": "Baby Low Tension",
        "artist": "meg rock",
        "type": "Opening 1",
        "correctCount": 12,
        "startTime": 1,
        "songDuration": 88.056,
        "songNumber": 20,
        "activePlayerCount": 195,
        "LinkVideo": "https://files.catbox.moe/rtgdtn.webm",
        "LinkMp3": "https://files.catbox.moe/qyadae.mp3",
        "annId": 4592,
        "songDifficulty": 15.102743509883073,
        "vintage": "Winter 2005"
    },
    {
        "animeEng": "Aikatsu!",
        "animeRomaji": "Aikatsu!",
        "songName": "Du-Du-Wa DO IT!!",
        "artist": "Ruka from AIKATSU\u2606STARS!",
        "type": "Insert Song",
        "correctCount": 95,
        "startTime": 37,
        "songDuration": 101.448,
        "songNumber": 21,
        "activePlayerCount": 194,
        "LinkVideo": "https://files.catbox.moe/eeeav0.webm",
        "LinkMp3": "https://files.catbox.moe/ocsook.mp3",
        "annId": 16165,
        "songDifficulty": 43.85516767539526,
        "vintage": "Fall 2014"
    },
    {
        "animeEng": "Coji-Coji",
        "animeRomaji": "Sakura Momoko Gekijou: Cojicoji",
        "songName": "Pocket Cowboy",
        "artist": "Denki Groove",
        "type": "Ending 1",
        "correctCount": 5,
        "startTime": 32,
        "songDuration": 88.728,
        "songNumber": 22,
        "activePlayerCount": 194,
        "LinkVideo": "https://files.catbox.moe/pclx4s.webm",
        "LinkMp3": "https://files.catbox.moe/4odmvo.mp3",
        "annId": 3160,
        "songDifficulty": 18.517407842043067,
        "vintage": "Fall 1997",
        "correctPlayers": [
            "Gachiman",
            "likejaxirl",
            "Hyonoka",
            "ozsauce",
            "SakuraFujima"
        ]
    },
    {
        "animeEng": "Macross Dynamite 7",
        "animeRomaji": "Macross Dynamite 7",
        "songName": "Dynamite Explosion",
        "artist": "FIRE BOMBER",
        "type": "Opening 1",
        "correctCount": 127,
        "startTime": 53,
        "songDuration": 122.544,
        "songNumber": 23,
        "activePlayerCount": 193,
        "LinkVideo": "https://files.catbox.moe/716u18.webm",
        "LinkMp3": "https://files.catbox.moe/t7ddg0.mp3",
        "annId": 944,
        "songDifficulty": 34.50000716743119,
        "vintage": "Fall 1997"
    },
    {
        "animeEng": "Case Closed: The Last Magician of the Century",
        "animeRomaji": "Meitantei Conan: Seikimatsu no Majutsushi",
        "songName": "Kimi ga Ireba",
        "artist": "Iori",
        "type": "Insert Song",
        "correctCount": 129,
        "startTime": 16,
        "songDuration": 49.344,
        "songNumber": 24,
        "activePlayerCount": 194,
        "LinkVideo": "https://files.catbox.moe/ebla1i.webm",
        "LinkMp3": "https://files.catbox.moe/0r82qp.mp3",
        "annId": 2683,
        "songDifficulty": 54.55127704326923,
        "vintage": "Spring 1999"
    },
    {
        "animeEng": "Gintama: The Very Final",
        "animeRomaji": "Gintama: The Final",
        "songName": "Breakdown",
        "artist": "DOES",
        "type": "Insert Song",
        "correctCount": 23,
        "startTime": 15,
        "songDuration": 85.704,
        "songNumber": 25,
        "activePlayerCount": 193,
        "LinkVideo": "https://files.catbox.moe/9v0gga.webm",
        "LinkMp3": "https://files.catbox.moe/j8wa8g.mp3",
        "annId": 23828,
        "songDifficulty": 22.438739925604462,
        "vintage": "Winter 2021"
    },
    {
        "animeEng": "Hamatora",
        "animeRomaji": "Hamatora",
        "songName": "Hikari",
        "artist": "Wataru Hatano",
        "type": "Ending 1",
        "correctCount": 30,
        "startTime": 58,
        "songDuration": 87.72,
        "songNumber": 26,
        "activePlayerCount": 194,
        "LinkVideo": "https://files.catbox.moe/xuzkpk.webm",
        "LinkMp3": "https://files.catbox.moe/548fab.mp3",
        "annId": 15752,
        "songDifficulty": 18.249277173913043,
        "vintage": "Winter 2014"
    },
    {
        "animeEng": "Carole & Tuesday",
        "animeRomaji": "Carole & Tuesday",
        "songName": "Lonestar Jazz",
        "artist": "Denzel Curry",
        "type": "Insert Song",
        "correctCount": 20,
        "startTime": 3,
        "songDuration": 89.04,
        "songNumber": 27,
        "activePlayerCount": 193,
        "LinkVideo": "https://files.catbox.moe/6yd0bv.webm",
        "LinkMp3": "https://files.catbox.moe/o7uw4z.mp3",
        "annId": 21557,
        "songDifficulty": 28.539948504072683,
        "vintage": "Spring 2019"
    },
    {
        "animeEng": "BanG Dream! 2nd Season",
        "animeRomaji": "BanG Dream! 2nd Season",
        "songName": "Dreamers Go!",
        "artist": "Aimi",
        "type": "Insert Song",
        "correctCount": 36,
        "startTime": 3,
        "songDuration": 32.52189,
        "songNumber": 28,
        "activePlayerCount": 193,
        "LinkVideo": "https://files.catbox.moe/9hphi4.webm",
        "LinkMp3": "https://files.catbox.moe/ffvkav.mp3",
        "annId": 21289,
        "songDifficulty": 25.887398323373173,
        "vintage": "Winter 2019"
    },
    {
        "animeEng": "Kaikan Phrase",
        "animeRomaji": "Kaikan Phrase",
        "songName": "Datenshi BLUE",
        "artist": "\u039bucifer",
        "type": "Opening 2",
        "correctCount": 7,
        "startTime": 41,
        "songDuration": 88.083384,
        "songNumber": 29,
        "activePlayerCount": 194,
        "LinkVideo": "https://files.catbox.moe/l9tblq.webm",
        "LinkMp3": "https://files.catbox.moe/rnjtw8.mp3",
        "annId": 2029,
        "songDifficulty": 8.380057635536273,
        "vintage": "Spring 1999"
    },
    {
        "animeEng": "Agent Aika",
        "animeRomaji": "AIKa",
        "songName": "Manatsu no Seiza",
        "artist": "Mink",
        "type": "Opening 2",
        "correctCount": 12,
        "startTime": 33,
        "songDuration": 87.648,
        "songNumber": 30,
        "activePlayerCount": 194,
        "LinkVideo": "https://files.catbox.moe/cnaac4.webm",
        "LinkMp3": "https://files.catbox.moe/yukln2.mp3",
        "annId": 102,
        "songDifficulty": 15.678448962925064,
        "vintage": "Spring 1997"
    },
    {
        "animeEng": "Mazinger Z: Infinity",
        "animeRomaji": "Mazinger Z: Infinity",
        "songName": "Mazinger Z Infinity Version",
        "artist": "Ichiro Mizuki",
        "type": "Opening 1",
        "correctCount": 46,
        "startTime": 29,
        "songDuration": 59.616,
        "songNumber": 31,
        "activePlayerCount": 194,
        "LinkVideo": "https://files.catbox.moe/s5o501.webm",
        "LinkMp3": "https://files.catbox.moe/dkcr9w.mp3",
        "annId": 20056,
        "songDifficulty": 21.645028773166406,
        "vintage": "Winter 2018"
    },
    {
        "animeEng": "Beastars",
        "animeRomaji": "Beastars",
        "songName": "Le zoo",
        "artist": "YURiKA",
        "type": "Ending 1",
        "correctCount": 31,
        "startTime": 3,
        "songDuration": 88.56,
        "songNumber": 32,
        "activePlayerCount": 195,
        "LinkVideo": "https://files.catbox.moe/u44dbf.webm",
        "LinkMp3": "https://files.catbox.moe/s2rxda.mp3",
        "annId": 21880,
        "songDifficulty": 12.952156432748538,
        "vintage": "Fall 2019"
    },
    {
        "animeEng": "Onegai Patron-sama!",
        "animeRomaji": "Onegai Patron-sama!",
        "songName": "HERO READY GO Patraiser!",
        "artist": "Masaya Imamura\u30fbMasato Toyoshima",
        "type": "Ending 1",
        "correctCount": 8,
        "startTime": 27,
        "songDuration": 72.216,
        "songNumber": 33,
        "activePlayerCount": 194,
        "LinkVideo": "https://files.catbox.moe/j47grz.webm",
        "LinkMp3": "https://files.catbox.moe/xls9em.mp3",
        "annId": 23711,
        "songDifficulty": 10.360759587577693,
        "vintage": "Fall 2020"
    },
    {
        "animeEng": "Magical Girl Tickle",
        "animeRomaji": "Majokko Tickle",
        "songName": "Majokko Tickle",
        "artist": "Mitsuko Horie",
        "type": "Opening 1",
        "correctCount": 7,
        "startTime": 1,
        "songDuration": 64.248,
        "songNumber": 34,
        "activePlayerCount": 194,
        "LinkVideo": "https://files.catbox.moe/a22vqu.webm",
        "LinkMp3": "https://files.catbox.moe/iunjo6.mp3",
        "annId": 1474,
        "songDifficulty": 19.63614114081843,
        "vintage": "Winter 1978"
    },
    {
        "animeEng": "PriPara",
        "animeRomaji": "PriPara",
        "songName": "Twin mirror\u2665compact",
        "artist": "Azuki Shibuya & Yuuki Wakai",
        "type": "Insert Song",
        "correctCount": 56,
        "startTime": 72,
        "songDuration": 106.56,
        "songNumber": 35,
        "activePlayerCount": 195,
        "LinkVideo": "https://files.catbox.moe/2shimg.webm",
        "LinkMp3": "https://files.catbox.moe/9bfi4o.mp3",
        "annId": 18090,
        "songDifficulty": 30.15391552605541,
        "vintage": "Spring 2016"
    },
    {
        "animeEng": "Alice in Wonderland",
        "animeRomaji": "Fushigi no Kuni no Alice",
        "songName": "Yumemiru Wonderland",
        "artist": "TARAKO",
        "type": "Opening 1",
        "correctCount": 11,
        "startTime": 20,
        "songDuration": 57.072,
        "songNumber": 36,
        "activePlayerCount": 196,
        "LinkVideo": "https://files.catbox.moe/3mzvq5.webm",
        "LinkMp3": "https://files.catbox.moe/2tgqh5.mp3",
        "annId": 476,
        "songDifficulty": 4.52700181761679,
        "vintage": "Fall 1983"
    },
    {
        "animeEng": "Slayers Return",
        "animeRomaji": "Slayers Return",
        "songName": "Just be conscious",
        "artist": "Megumi Hayashibara",
        "type": "Ending 1",
        "correctCount": 5,
        "startTime": 4,
        "songDuration": 190.152,
        "songNumber": 37,
        "activePlayerCount": 196,
        "LinkVideo": "https://files.catbox.moe/dsssob.webm",
        "LinkMp3": "https://files.catbox.moe/vg929z.mp3",
        "annId": 738,
        "songDifficulty": 9.891906542446524,
        "vintage": "Summer 1996",
        "correctPlayers": [
            "Gachiman",
            "Heyko",
            "likejaxirl",
            "kaghey",
            "SakuraFujima"
        ]
    },
    {
        "animeEng": "Fushigiboshi no\u2606Futagohime",
        "animeRomaji": "Fushigiboshi no\u2606Futagohime",
        "songName": "Paradise Princess",
        "artist": "Fine\u2605Rein",
        "type": "Insert Song",
        "correctCount": 5,
        "startTime": 25,
        "songDuration": 58.656,
        "songNumber": 38,
        "activePlayerCount": 195,
        "LinkVideo": "https://files.catbox.moe/xdcvc7.webm",
        "LinkMp3": "https://files.catbox.moe/vtv3s2.mp3",
        "annId": 5085,
        "songDifficulty": 9.945588843222776,
        "vintage": "Spring 2005",
        "correctPlayers": [
            "ozsauce",
            "watashiii",
            "Hejsan",
            "kaghey",
            "gaaw"
        ]
    },
    {
        "animeEng": "BanG Dream! Girls Band Party!\u2606Pico: Ohmori",
        "animeRomaji": "BanG Dream! Garupa\u2606Pico: Oomori",
        "songName": "Ohmori Icchou! Garupa\u2606Pico",
        "artist": "Aimi\u00d7Ayane Sakura\u00d7Ami Maeshima\u00d7Aina Aiba\u00d7Miku Itou",
        "type": "Ending 1",
        "correctCount": 96,
        "startTime": 0,
        "songDuration": 29.304,
        "songNumber": 39,
        "activePlayerCount": 195,
        "LinkVideo": "https://files.catbox.moe/2a47mc.webm",
        "LinkMp3": "https://files.catbox.moe/ewhvjt.mp3",
        "annId": 23257,
        "songDifficulty": 36.747790098256296,
        "vintage": "Spring 2020"
    },
    {
        "animeEng": "Black Clover",
        "animeRomaji": "Best Shounen",
        "songName": "Haruka Mirai",
        "artist": "Kankaku Piero",
        "type": "Opening 1",
        "correctCount": 98,
        "startTime": 49,
        "songDuration": 87.432,
        "songNumber": 40,
        "activePlayerCount": 197,
        "LinkVideo": "https://files.catbox.moe/qqxhjd.webm",
        "LinkMp3": "https://files.catbox.moe/s2xe51.mp3",
        "annId": 19743,
        "songDifficulty": 44.60552986547741,
        "vintage": "Fall 2017"
    },
    {
        "animeEng": "Princess Tutu",
        "animeRomaji": "Princess Tutu",
        "songName": "Morning Grace",
        "artist": "Ritsuko Okazaki",
        "type": "Opening 1",
        "correctCount": 69,
        "startTime": 16,
        "songDuration": 105.072,
        "songNumber": 41,
        "activePlayerCount": 196,
        "LinkVideo": "https://files.catbox.moe/h8jh1s.webm",
        "LinkMp3": "https://files.catbox.moe/ki48a3.mp3",
        "annId": 1267,
        "songDifficulty": 35.59248704965466,
        "vintage": "Summer 2002"
    },
    {
        "animeEng": "Pok\u00e9mon: Mega Evolution Special III",
        "animeRomaji": "Pocket Monsters XY Tokubetsu-hen: Saikyou Mega Shinka Act III",
        "songName": "Mega V (Volt)",
        "artist": "Yusuke",
        "type": "Ending 1",
        "correctCount": 122,
        "startTime": 31,
        "songDuration": 87.048,
        "songNumber": 42,
        "activePlayerCount": 197,
        "LinkVideo": "https://files.catbox.moe/6fzuga.webm",
        "LinkMp3": "https://files.catbox.moe/5mf9s2.mp3",
        "annId": 17653,
        "songDifficulty": 44.71048924180328,
        "vintage": "Winter 2015"
    },
    {
        "animeEng": "Touch: Ace Without A Number On His Back",
        "animeRomaji": "Touch: Sebangou no Nai Ace",
        "songName": "Snow in Summer",
        "artist": "Hiroaki Serizawa",
        "type": "Insert Song",
        "correctCount": 4,
        "startTime": 92,
        "songDuration": 212.064,
        "songNumber": 43,
        "activePlayerCount": 196,
        "LinkVideo": "https://files.catbox.moe/r50jkf.webm",
        "LinkMp3": "https://files.catbox.moe/x681oz.mp3",
        "annId": 3267,
        "songDifficulty": 4.729075668797348,
        "vintage": "Spring 1986",
        "correctPlayers": [
            "Orfey",
            "qwertykiller99",
            "BoIsonaro",
            "ShiroKuro"
        ]
    },
    {
        "animeEng": "The Slayers Revolution",
        "animeRomaji": "The Slayers Revolution",
        "songName": "Revolution",
        "artist": "Megumi Hayashibara",
        "type": "Ending 1",
        "correctCount": 15,
        "startTime": 42,
        "songDuration": 88.032,
        "songNumber": 44,
        "activePlayerCount": 196,
        "LinkVideo": "https://files.catbox.moe/b9t3zy.webm",
        "LinkMp3": "https://files.catbox.moe/jyi2wg.mp3",
        "annId": 9500,
        "songDifficulty": 13.736252601369495,
        "vintage": "Summer 2008"
    },
    {
        "animeEng": "Gundam vs. Hello Kitty",
        "animeRomaji": "Gundam vs. Hello Kitty",
        "songName": "Beginning",
        "artist": "Daisuke Inoue",
        "type": "Insert Song",
        "correctCount": 56,
        "startTime": 21,
        "songDuration": 75.048,
        "songNumber": 45,
        "activePlayerCount": 198,
        "LinkVideo": "https://files.catbox.moe/0g1hcy.webm",
        "LinkMp3": "https://files.catbox.moe/p3z4h0.mp3",
        "annId": 22031,
        "songDifficulty": 26.041303353658538,
        "vintage": "undefined NaN"
    },
    {
        "animeEng": "Rokuhoudou Yotsuiro Biyori",
        "animeRomaji": "Rokuhoudou Yotsuiro Biyori",
        "songName": "Clover",
        "artist": "Yuuichi Nakamura, Daisuke Ono, Junichi Suwabe, Daiki Yamashita",
        "type": "Ending 2",
        "correctCount": 6,
        "startTime": 39,
        "songDuration": 88.944,
        "songNumber": 46,
        "activePlayerCount": 197,
        "LinkVideo": "https://files.catbox.moe/hj8j9e.webm",
        "LinkMp3": "https://files.catbox.moe/rlllw4.mp3",
        "annId": 20408,
        "songDifficulty": 10.443105780182233,
        "vintage": "Spring 2018"
    },
    {
        "animeEng": "The Adventures of Mini-Goddess",
        "animeRomaji": "Aa Megami-sama: Chicchai tte Koto wa Benri da ne",
        "songName": "Denwa Shite Darling",
        "artist": "Yuki Ishii",
        "type": "Ending 1",
        "correctCount": 1,
        "startTime": 6,
        "songDuration": 90.072,
        "songNumber": 47,
        "activePlayerCount": 197,
        "LinkVideo": "https://files.catbox.moe/jfipd7.webm",
        "LinkMp3": "https://files.catbox.moe/y1gc4b.mp3",
        "annId": 266,
        "songDifficulty": 5.0488341246750945,
        "vintage": "Spring 1998",
        "correctPlayers": [
            "Anessa"
        ]
    },
    {
        "animeEng": "Zan Sayonara Zetsubou Sensei",
        "animeRomaji": "Zan Sayonara Zetsubou Sensei",
        "songName": "Sayonara! Zetsubou Sensei",
        "artist": "Kenji Ohtsuki to Zetsubou Shoujo-tachi",
        "type": "Insert Song",
        "correctCount": 8,
        "startTime": 6,
        "songDuration": 36.864,
        "songNumber": 48,
        "activePlayerCount": 196,
        "LinkVideo": "https://files.catbox.moe/fabgd9.webm",
        "LinkMp3": "https://files.catbox.moe/rn9o56.mp3",
        "annId": 10805,
        "songDifficulty": 12.842428049197965,
        "vintage": "Summer 2009"
    },
    {
        "animeEng": "Love, Chunibyo & Other Delusions!",
        "animeRomaji": "Chu-2 Byo demo Koi ga Shitai!",
        "songName": "Hajimari no Tane",
        "artist": "ZAQ",
        "type": "Insert Song",
        "correctCount": 38,
        "startTime": 33,
        "songDuration": 119.691004,
        "songNumber": 49,
        "activePlayerCount": 195,
        "LinkVideo": "https://files.catbox.moe/xjbjak.webm",
        "LinkMp3": "https://files.catbox.moe/jbhyya.mp3",
        "annId": 14448,
        "songDifficulty": 10.164382727811653,
        "vintage": "Fall 2012"
    },
    {
        "animeEng": "Sayonara Zetsubou Sensei",
        "animeRomaji": "Sayonara Zetsubou Sensei",
        "songName": "Hito Toshite Jiku ga Bureteiru",
        "artist": "Kenji Ohtsuki to Zetsubou Shoujo-tachi",
        "type": "Opening 1",
        "correctCount": 70,
        "startTime": 39,
        "songDuration": 88.464,
        "songNumber": 50,
        "activePlayerCount": 197,
        "LinkVideo": "https://files.catbox.moe/yqc5ck.webm",
        "LinkMp3": "https://files.catbox.moe/yugkmi.mp3",
        "annId": 7767,
        "songDifficulty": 32.670238942507986,
        "vintage": "Summer 2007"
    },
    {
        "animeEng": "Date A Bullet",
        "animeRomaji": "Date A Bullet",
        "songName": "Infermata",
        "artist": "Spotlight Kids",
        "type": "Opening 1",
        "correctCount": 53,
        "startTime": 60,
        "songDuration": 89.568,
        "songNumber": 51,
        "activePlayerCount": 198,
        "LinkVideo": "https://files.catbox.moe/vv165o.webm",
        "LinkMp3": "https://files.catbox.moe/lh9pfz.mp3",
        "annId": 23706,
        "songDifficulty": 20.29567579325619,
        "vintage": "Summer 2020"
    },
    {
        "animeEng": "Rainy Cocoa",
        "animeRomaji": "Ame-iro Cocoa",
        "songName": "Rainy cocoa",
        "artist": "Hiro Shimono",
        "type": "Opening 1",
        "correctCount": 123,
        "startTime": 0,
        "songDuration": 29.4,
        "songNumber": 52,
        "activePlayerCount": 197,
        "LinkVideo": "https://files.catbox.moe/np1p5l.webm",
        "LinkMp3": "https://files.catbox.moe/cf8b8q.mp3",
        "annId": 16647,
        "songDifficulty": 34.910809522789584,
        "vintage": "Spring 2015"
    },
    {
        "animeEng": "Miss Kobayashi's Dragon Maid S",
        "animeRomaji": "Kobayashi-san Chi no Maid Dragon S",
        "songName": "Aozora no Rhapsody",
        "artist": "fh\u00e1na",
        "type": "Insert Song",
        "correctCount": 180,
        "startTime": 0,
        "songDuration": 24.624,
        "songNumber": 53,
        "activePlayerCount": 194,
        "LinkVideo": "https://files.catbox.moe/bzi11k.webm",
        "LinkMp3": "https://files.catbox.moe/mq0a1d.mp3",
        "annId": 23562,
        "songDifficulty": 76.921509903926,
        "vintage": "Summer 2021"
    },
    {
        "animeEng": "Tamako Market",
        "animeRomaji": "Tamako Market",
        "songName": "Koi no Uta",
        "artist": "Dynamite Beans",
        "type": "Ending 2",
        "correctCount": 53,
        "startTime": 107,
        "songDuration": 177.336,
        "songNumber": 54,
        "activePlayerCount": 193,
        "LinkVideo": "https://files.catbox.moe/wkxv7n.webm",
        "LinkMp3": "https://files.catbox.moe/rgsrtx.mp3",
        "annId": 14908,
        "songDifficulty": 30.58945659062104,
        "vintage": "Winter 2013"
    },
    {
        "animeEng": "Mobile Suit Gundam AGE",
        "animeRomaji": "Kidou Senshi Gundam AGE",
        "songName": "Kimi no Naka no Eiyuu ~Ballade Version~",
        "artist": "Minami Kuribayashi",
        "type": "Insert Song",
        "correctCount": 10,
        "startTime": 16,
        "songDuration": 103.416,
        "songNumber": 55,
        "activePlayerCount": 194,
        "LinkVideo": "https://files.catbox.moe/nazvmg.webm",
        "LinkMp3": "https://files.catbox.moe/sqqpww.mp3",
        "annId": 13012,
        "songDifficulty": 20.062156210140305,
        "vintage": "Fall 2011"
    },
    {
        "animeEng": "Welcome to the Ballroom",
        "animeRomaji": "Ballroom e Youkoso",
        "songName": "It's like a symphony",
        "artist": "Akira Wada",
        "type": "Insert Song",
        "correctCount": 55,
        "startTime": 21,
        "songDuration": 69.048,
        "songNumber": 56,
        "activePlayerCount": 196,
        "LinkVideo": "https://files.catbox.moe/ad89py.webm",
        "LinkMp3": "https://files.catbox.moe/d26ptf.mp3",
        "annId": 18982,
        "songDifficulty": 33.532853012964146,
        "vintage": "Summer 2017"
    },
    {
        "animeEng": "Tower of God",
        "animeRomaji": "Kami no Tou",
        "songName": "SLUMP -Japanese ver.-",
        "artist": "Stray Kids",
        "type": "Ending 1",
        "correctCount": 134,
        "startTime": 22,
        "songDuration": 85.104,
        "songNumber": 57,
        "activePlayerCount": 197,
        "LinkVideo": "https://files.catbox.moe/5rav4j.webm",
        "LinkMp3": "https://files.catbox.moe/gsaqnq.mp3",
        "annId": 23068,
        "songDifficulty": 45.83296027742749,
        "vintage": "Spring 2020"
    },
    {
        "animeEng": "Doukyuusei 2 Special: Sotsugyousei",
        "animeRomaji": "Doukyuusei 2 Special: Sotsugyousei",
        "songName": "Suki",
        "artist": "Haruhi Terada",
        "type": "Ending 1",
        "correctCount": 2,
        "startTime": 52,
        "songDuration": 125.064,
        "songNumber": 58,
        "activePlayerCount": 196,
        "LinkVideo": "https://files.catbox.moe/z4sr3o.webm",
        "LinkMp3": "https://files.catbox.moe/1n57pq.mp3",
        "annId": 5386,
        "songDifficulty": 2.5559105431309903,
        "vintage": "Summer 1999",
        "correctPlayers": [
            "watashiii",
            "gaaw"
        ]
    },
    {
        "animeEng": "Tamayura: Hitotose",
        "animeRomaji": "Tamayura: Hitotose",
        "songName": "Zutto Issho -Uta to Guitar-",
        "artist": "Megumi Nakajima",
        "type": "Insert Song",
        "correctCount": 16,
        "startTime": 36,
        "songDuration": 109.848,
        "songNumber": 59,
        "activePlayerCount": 197,
        "LinkVideo": "https://files.catbox.moe/84m7x3.webm",
        "LinkMp3": "https://files.catbox.moe/f0jjmn.mp3",
        "annId": 12427,
        "songDifficulty": 16.423610643408765,
        "vintage": "Fall 2011"
    },
    {
        "animeEng": "Gravion Zwei",
        "animeRomaji": "Choujuushin Gravion Zwei",
        "songName": "Kurenai no Kiba",
        "artist": "JAM Project",
        "type": "Opening 1",
        "correctCount": 7,
        "startTime": 32,
        "songDuration": 89.99029,
        "songNumber": 60,
        "activePlayerCount": 195,
        "LinkVideo": "https://files.catbox.moe/k4gvy5.webm",
        "LinkMp3": "https://files.catbox.moe/fkaidi.mp3",
        "annId": 2853,
        "songDifficulty": 15.245327284611554,
        "vintage": "Winter 2004"
    },
    {
        "animeEng": "Doraemon: Nobita no Parallel Saiyuuki",
        "animeRomaji": "Doraemon: Nobita no Parallel Saiyuuki",
        "songName": "Doraemon no Uta",
        "artist": "Kumiko Oosugi & Nobuyo Oyama",
        "type": "Opening 1",
        "correctCount": 160,
        "startTime": 27,
        "songDuration": 72.048,
        "songNumber": 61,
        "activePlayerCount": 194,
        "LinkVideo": "https://files.catbox.moe/9u2p0i.webm",
        "LinkMp3": "https://files.catbox.moe/7c8vgw.mp3",
        "annId": 1895,
        "songDifficulty": 59.83200992230155,
        "vintage": "Winter 1988"
    },
    {
        "animeEng": "Zombie Land Saga Revenge",
        "animeRomaji": "Zombie Land Saga Revenge",
        "songName": "Mezame RETURNER (Electric Returner Type \"R\")",
        "artist": "FranChouChou",
        "type": "Ending 4",
        "correctCount": 40,
        "startTime": 72,
        "songDuration": 130.68,
        "songNumber": 62,
        "activePlayerCount": 195,
        "LinkVideo": "https://files.catbox.moe/8372ex.webm",
        "LinkMp3": "https://files.catbox.moe/9d9sj5.mp3",
        "annId": 24019,
        "songDifficulty": 27.762647064571606,
        "vintage": "Spring 2021"
    },
    {
        "animeEng": "Azumanga Daioh",
        "animeRomaji": "Azumanga Daioh",
        "songName": "Soramimi Cake",
        "artist": "Oranges & Lemons",
        "type": "Opening 1",
        "correctCount": 93,
        "startTime": 24,
        "songDuration": 88.944,
        "songNumber": 63,
        "activePlayerCount": 197,
        "LinkVideo": "https://files.catbox.moe/uhdwfr.webm",
        "LinkMp3": "https://files.catbox.moe/kfu0be.mp3",
        "annId": 799,
        "songDifficulty": 41.5630033557047,
        "vintage": "Spring 2002"
    },
    {
        "animeEng": "Is It Wrong to Try to Pick Up Girls in a Dungeon? II",
        "animeRomaji": "DanMachi II",
        "songName": "HELLO to DREAM",
        "artist": "Yuka Iguchi",
        "type": "Opening 1",
        "correctCount": 106,
        "startTime": 39,
        "songDuration": 88.344,
        "songNumber": 64,
        "activePlayerCount": 202,
        "LinkVideo": "https://files.catbox.moe/yx4gqh.webm",
        "LinkMp3": "https://files.catbox.moe/hc8mi1.mp3",
        "annId": 23059,
        "songDifficulty": 36.01932408419901,
        "vintage": "Winter 2020"
    },
    {
        "animeEng": "Ketsuekigata-kun! 4",
        "animeRomaji": "Ketsuekigata-kun! 4",
        "songName": "Sayonara Full Moon",
        "artist": "Kyouko Narumi",
        "type": "Opening 1",
        "correctCount": 25,
        "startTime": 0,
        "songDuration": 28.56,
        "songNumber": 65,
        "activePlayerCount": 203,
        "LinkVideo": "https://files.catbox.moe/atvvx7.webm",
        "LinkMp3": "https://files.catbox.moe/lv1dxk.mp3",
        "annId": 17920,
        "songDifficulty": 17.88848773772757,
        "vintage": "Winter 2016"
    },
    {
        "animeEng": "Love Live! Superstar!!",
        "animeRomaji": "Love Live! Superstar!!",
        "songName": "Honno Choppiri ~Orchestra Ver.~",
        "artist": "Sayuri Date",
        "type": "Opening 1",
        "correctCount": 64,
        "startTime": 13,
        "songDuration": 43.56,
        "songNumber": 66,
        "activePlayerCount": 203,
        "LinkVideo": "https://files.catbox.moe/99x3ja.webm",
        "LinkMp3": "https://files.catbox.moe/3mxhwx.mp3",
        "annId": 23844,
        "songDifficulty": 29.490112234652898,
        "vintage": "Summer 2021"
    },
    {
        "animeEng": "Psycho-Pass 2",
        "animeRomaji": "Psycho-Pass 2",
        "songName": "Fallen",
        "artist": "EGOIST",
        "type": "Ending 1",
        "correctCount": 64,
        "startTime": 9,
        "songDuration": 89.664,
        "songNumber": 67,
        "activePlayerCount": 203,
        "LinkVideo": "https://files.catbox.moe/rnv1ff.webm",
        "LinkMp3": "https://files.catbox.moe/dfcv9u.mp3",
        "annId": 15513,
        "songDifficulty": 25.19560526822382,
        "vintage": "Fall 2014"
    },
    {
        "animeEng": "The IDOLM@STER Cinderella Girls Theater Climax Season",
        "animeRomaji": "Cinderella Girls Gekijou Climax Season",
        "songName": "TAKAMARI\u2606CLIMAXXX!!!!!",
        "artist": "THE IDOLM@STER CINDERELLA GIRLS LITTLE STARS!",
        "type": "Ending 3",
        "correctCount": 17,
        "startTime": 0,
        "songDuration": 28.86481,
        "songNumber": 68,
        "activePlayerCount": 203,
        "LinkVideo": "https://files.catbox.moe/fwqy7m.webm",
        "LinkMp3": "https://files.catbox.moe/thnt84.mp3",
        "annId": 21987,
        "songDifficulty": 19.878005830368192,
        "vintage": "Spring 2019"
    },
    {
        "animeEng": "The Asterisk War",
        "animeRomaji": "Gakusen Toshi Asterisk",
        "songName": "Brand-new World",
        "artist": "Shiena Nishizawa",
        "type": "Ending 2",
        "correctCount": 141,
        "startTime": 39,
        "songDuration": 87.768,
        "songNumber": 69,
        "activePlayerCount": 203,
        "LinkVideo": "https://files.catbox.moe/rypp7j.webm",
        "LinkMp3": "https://files.catbox.moe/f2r9or.mp3",
        "annId": 18068,
        "songDifficulty": 44.65703995917727,
        "vintage": "Spring 2016"
    },
    {
        "animeEng": "Oshiete Hokusai!: The Animation",
        "animeRomaji": "Oshiete Hokusai!: The Animation",
        "songName": "Oshiete Hokusai!",
        "artist": "Kamisuzuki Kyoudai (P.O.P)&YMCK",
        "type": "Ending 1",
        "correctCount": 7,
        "startTime": 22,
        "songDuration": 63.288,
        "songNumber": 70,
        "activePlayerCount": 203,
        "LinkVideo": "https://files.catbox.moe/0q31p6.webm",
        "LinkMp3": "https://files.catbox.moe/yjjcq8.mp3",
        "annId": 24031,
        "songDifficulty": 16.147278604628166,
        "vintage": "Winter 2021"
    },
    {
        "animeEng": "Kirarin Revolution",
        "animeRomaji": "Kirarin Revolution",
        "songName": "Olala",
        "artist": "Koharu Kusumi",
        "type": "Ending 9",
        "correctCount": 16,
        "startTime": 43,
        "songDuration": 89.049898,
        "songNumber": 71,
        "activePlayerCount": 202,
        "LinkVideo": "https://files.catbox.moe/r6g8hc.webm",
        "LinkMp3": "https://files.catbox.moe/qjdt5g.mp3",
        "annId": 6178,
        "songDifficulty": 21.461983091865903,
        "vintage": "Spring 2006"
    },
    {
        "animeEng": "Chikatetsu ni Noru",
        "animeRomaji": "Chikatetsu ni Noru",
        "songName": "Natsu wa Maboroshi",
        "artist": "Harumi Ooki",
        "type": "Insert Song",
        "correctCount": 9,
        "startTime": 29,
        "songDuration": 70.104,
        "songNumber": 72,
        "activePlayerCount": 200,
        "LinkVideo": "https://files.catbox.moe/pyruaj.webm",
        "LinkMp3": "https://files.catbox.moe/rbw38m.mp3",
        "annId": 23178,
        "songDifficulty": 10.268314302884615,
        "vintage": "Spring 2017"
    },
    {
        "animeEng": "Akahori Gedou Hour Rabuge",
        "animeRomaji": "Akahori Gedou Hour Rabuge",
        "songName": "Nesshou!! Rabuge Night Fever",
        "artist": "Love Pheromone & Gedou Otometai feat. Haruko Momoi & Hironobu Kageyama",
        "type": "Opening 1",
        "correctCount": 7,
        "startTime": 31,
        "songDuration": 89.184,
        "songNumber": 73,
        "activePlayerCount": 201,
        "LinkVideo": "https://files.catbox.moe/d7tymv.webm",
        "LinkMp3": "https://files.catbox.moe/gikyt0.mp3",
        "annId": 7022,
        "songDifficulty": 18.108118276127048,
        "vintage": "Summer 2005"
    },
    {
        "animeEng": "Ga-Rei-Zero",
        "animeRomaji": "Ga-Rei-Zero",
        "songName": "Tamakui",
        "artist": "Yousei Teikoku",
        "type": "Insert Song",
        "correctCount": 10,
        "startTime": 61,
        "songDuration": 155.184,
        "songNumber": 74,
        "activePlayerCount": 201,
        "LinkVideo": "https://files.catbox.moe/sj6h8f.webm",
        "LinkMp3": "https://files.catbox.moe/siclr2.mp3",
        "annId": 10052,
        "songDifficulty": 13.6900634765625,
        "vintage": "Fall 2008"
    },
    {
        "animeEng": "Gintama: The Movie",
        "animeRomaji": "Gintama: Shinyaku Benizakura-hen",
        "songName": "Bakuchi Dancer",
        "artist": "DOES",
        "type": "Ending 1",
        "correctCount": 109,
        "startTime": 47,
        "songDuration": 173.064,
        "songNumber": 75,
        "activePlayerCount": 201,
        "LinkVideo": "https://files.catbox.moe/lgsky5.webm",
        "LinkMp3": "https://files.catbox.moe/7vtjrs.mp3",
        "annId": 11152,
        "songDifficulty": 38.49273774010477,
        "vintage": "Spring 2010"
    },
    {
        "animeEng": "IDOLiSH7 Second BEAT!",
        "animeRomaji": "IDOLiSH7 Second BEAT!",
        "songName": "Dis one.",
        "artist": "Re:vale",
        "type": "Insert Song",
        "correctCount": 8,
        "startTime": 19,
        "songDuration": 227.616,
        "songNumber": 76,
        "activePlayerCount": 202,
        "LinkVideo": "https://files.catbox.moe/ge8y7v.webm",
        "LinkMp3": "https://files.catbox.moe/qhv1dq.mp3",
        "annId": 22315,
        "songDifficulty": 31.90223721590909,
        "vintage": "Winter 2020"
    },
    {
        "animeEng": "Barakamon",
        "animeRomaji": "Barakamon",
        "songName": "Rashisa",
        "artist": "SUPER BEAVER",
        "type": "Opening 1",
        "correctCount": 117,
        "startTime": 61,
        "songDuration": 90.072,
        "songNumber": 77,
        "activePlayerCount": 202,
        "LinkVideo": "https://files.catbox.moe/dyxtxj.webm",
        "LinkMp3": "https://files.catbox.moe/0rkce2.mp3",
        "annId": 16083,
        "songDifficulty": 39.930584031839835,
        "vintage": "Summer 2014"
    },
    {
        "animeEng": "Black Bullet",
        "animeRomaji": "Black Bullet",
        "songName": "Wasurenai Tame ni",
        "artist": "Nagi Yanagi",
        "type": "Ending 2",
        "correctCount": 47,
        "startTime": 2,
        "songDuration": 70.512,
        "songNumber": 78,
        "activePlayerCount": 202,
        "LinkVideo": "https://files.catbox.moe/6efzrm.webm",
        "LinkMp3": "https://files.catbox.moe/u15slr.mp3",
        "annId": 15769,
        "songDifficulty": 13.66861243307555,
        "vintage": "Spring 2014"
    },
    {
        "animeEng": "Attack on Titan Final Season",
        "animeRomaji": "Shingeki no Kyojin: The Final Season",
        "songName": "Akuma no Ko",
        "artist": "Ai Higuchi",
        "type": "Ending 1",
        "correctCount": 92,
        "startTime": 18,
        "songDuration": 88.32,
        "songNumber": 79,
        "activePlayerCount": 202,
        "LinkVideo": "https://files.catbox.moe/eqjb5j.webm",
        "LinkMp3": "https://files.catbox.moe/vbemxs.mp3",
        "annId": 24648,
        "songDifficulty": 42.53588016946517,
        "vintage": "Winter 2022"
    },
    {
        "animeEng": "Miyuki",
        "animeRomaji": "Miyuki",
        "songName": "Crazy Dance",
        "artist": "Virgin VS",
        "type": "Insert Song",
        "correctCount": 10,
        "startTime": 2,
        "songDuration": 36.432,
        "songNumber": 80,
        "activePlayerCount": 202,
        "LinkVideo": "https://files.catbox.moe/3s5kra.webm",
        "LinkMp3": "https://files.catbox.moe/0ygxsz.mp3",
        "annId": 1485,
        "songDifficulty": 25,
        "vintage": "Winter 1983"
    },
    {
        "animeEng": "Code Geass: Lelouch of the Rebellion R2 Special Edition 'Zero Requiem'",
        "animeRomaji": "Code Geass: Lelouch of the Rebellion R2 Special Edition 'Zero Requiem'",
        "songName": "Continued Story",
        "artist": "Hitomi",
        "type": "Ending 1",
        "correctCount": 113,
        "startTime": 4,
        "songDuration": 173.784,
        "songNumber": 81,
        "activePlayerCount": 202,
        "LinkVideo": "https://files.catbox.moe/8nnztk.webm",
        "LinkMp3": "https://files.catbox.moe/ylkpyc.mp3",
        "annId": 15381,
        "songDifficulty": 38.3035232689413,
        "vintage": "Summer 2009"
    },
    {
        "animeEng": "Attack on Titan Final Season",
        "animeRomaji": "Shingeki no Kyojin: The Final Season",
        "songName": "The Rumbling",
        "artist": "SiM",
        "type": "Opening 1",
        "correctCount": 139,
        "startTime": 14,
        "songDuration": 89.136,
        "songNumber": 82,
        "activePlayerCount": 201,
        "LinkVideo": "https://files.catbox.moe/swtmir.webm",
        "LinkMp3": "https://files.catbox.moe/mj0pnk.mp3",
        "annId": 24648,
        "songDifficulty": 56.498430469415055,
        "vintage": "Winter 2022"
    },
    {
        "animeEng": "Kiss\u00d7sis",
        "animeRomaji": "Kiss\u00d7sis",
        "songName": "Balance KISS",
        "artist": "AkoRiko",
        "type": "Opening 1",
        "correctCount": 82,
        "startTime": 13,
        "songDuration": 90.144,
        "songNumber": 83,
        "activePlayerCount": 201,
        "LinkVideo": "https://files.catbox.moe/qjnzwm.webm",
        "LinkMp3": "https://files.catbox.moe/qu4x7y.mp3",
        "annId": 11169,
        "songDifficulty": 33.372945752206846,
        "vintage": "Spring 2010"
    },
    {
        "animeEng": "The World Yamizukan",
        "animeRomaji": "The World Yamizukan",
        "songName": "me to me",
        "artist": "MONO NO AWARE",
        "type": "Ending 1",
        "correctCount": 23,
        "startTime": 0,
        "songDuration": 29.352,
        "songNumber": 84,
        "activePlayerCount": 200,
        "LinkVideo": "https://files.catbox.moe/8b7pjk.webm",
        "LinkMp3": "https://files.catbox.moe/uquoun.mp3",
        "annId": 19334,
        "songDifficulty": 14.005675183496441,
        "vintage": "Spring 2017"
    },
    {
        "animeEng": "Iwa Kakeru!: Sport Climbing Girls",
        "animeRomaji": "Iwa Kakeru!: Sport Climbing Girls",
        "songName": "LET'S CLIMB\u2191",
        "artist": "Hanamiya Joshi Climbing-bu",
        "type": "Ending 1",
        "correctCount": 56,
        "startTime": 7,
        "songDuration": 87.192,
        "songNumber": 85,
        "activePlayerCount": 195,
        "LinkVideo": "https://files.catbox.moe/z5ux17.webm",
        "LinkMp3": "https://files.catbox.moe/j7s44a.mp3",
        "annId": 23529,
        "songDifficulty": 30.259196847235934,
        "vintage": "Fall 2020"
    }
]