[
    {
        "animeEng": "Birdy the Mighty Decode: The Cipher",
        "animeRomaji": "Tetsuwan Birdy Decode: The Cipher",
        "songName": "kiseki",
        "artist": "NIRGILIS",
        "type": "Opening 1",
        "correctCount": 17,
        "startTime": 45,
        "songDuration": 89.832,
        "songNumber": 1,
        "activePlayerCount": 126,
        "LinkVideo": "https://files.catbox.moe/p60qil.webm",
        "LinkMp3": "https://files.catbox.moe/1yocgz.mp3",
        "annId": 13266,
        "songDifficulty": 20.02504127085264,
        "vintage": "Summer 2009"
    },
    {
        "animeEng": "Transformers: Cybertron",
        "animeRomaji": "Transformers: Galaxy Force",
        "songName": "CALL YOU... Kimi to Boku no Mirai",
        "artist": "Shinji Kakijima",
        "type": "Opening 1",
        "correctCount": 3,
        "startTime": 44,
        "songDuration": 88.68,
        "songNumber": 2,
        "activePlayerCount": 129,
        "LinkVideo": "https://files.catbox.moe/i5d6hg.webm",
        "LinkMp3": "https://files.catbox.moe/q60wbx.mp3",
        "annId": 4833,
        "songDifficulty": 13.465198403047989,
        "vintage": "Winter 2005",
        "correctPlayers": [
            "AnbuKakashi",
            "Rukawa11",
            "IzumiSakai"
        ]
    },
    {
        "animeEng": "Sci-Fi Harry",
        "animeRomaji": "Sci-Fi Harry",
        "songName": "Mysterious",
        "artist": "Janne Da Arc",
        "type": "Opening 1",
        "correctCount": 6,
        "startTime": 55,
        "songDuration": 94.392,
        "songNumber": 3,
        "activePlayerCount": 131,
        "LinkVideo": "https://files.catbox.moe/54kge9.webm",
        "LinkMp3": "https://files.catbox.moe/mucf65.mp3",
        "annId": 1016,
        "songDifficulty": 10.525205190771961,
        "vintage": "Fall 2000"
    },
    {
        "animeEng": "Penguindrum",
        "animeRomaji": "Mawaru Penguindrum",
        "songName": "Shounen yo Ware ni Kaere",
        "artist": "Etsuko Yakushimaru Metropolitan Orchestra",
        "type": "Opening 2",
        "correctCount": 44,
        "startTime": 29,
        "songDuration": 89.04,
        "songNumber": 4,
        "activePlayerCount": 130,
        "LinkVideo": "https://files.catbox.moe/cvktfl.webm",
        "LinkMp3": "https://files.catbox.moe/7tdwpg.mp3",
        "annId": 12998,
        "songDifficulty": 36.710129138013755,
        "vintage": "Summer 2011"
    },
    {
        "animeEng": "Anima Yell!",
        "animeRomaji": "Anima Yell!",
        "songName": "Jump Up \u2191 Yell!!",
        "artist": "Kaminoki Koukou Cheerleading-bu",
        "type": "Opening 1",
        "correctCount": 34,
        "startTime": 21,
        "songDuration": 89.064,
        "songNumber": 5,
        "activePlayerCount": 130,
        "LinkVideo": "https://files.catbox.moe/splr0g.webm",
        "LinkMp3": "https://files.catbox.moe/t0ux3j.mp3",
        "annId": 21227,
        "songDifficulty": 26.00321083970793,
        "vintage": "Fall 2018"
    },
    {
        "animeEng": "Wind: A Breath of Heart",
        "animeRomaji": "Wind: A Breath of Heart",
        "songName": "Brand new morning",
        "artist": "Megumi Hasegawa",
        "type": "Opening 1",
        "correctCount": 5,
        "startTime": 5,
        "songDuration": 104.496,
        "songNumber": 6,
        "activePlayerCount": 132,
        "LinkVideo": "https://files.catbox.moe/pe4ujd.webm",
        "LinkMp3": "https://files.catbox.moe/w0wdp7.mp3",
        "annId": 23014,
        "songDifficulty": 16.816820665520627,
        "vintage": "Fall 2002",
        "correctPlayers": [
            "Rukawa11",
            "SakuraFujima",
            "gaaw",
            "ak74",
            "ArukasFrost"
        ]
    },
    {
        "animeEng": "The IDOLM@STER",
        "animeRomaji": "The IDOLM@STER",
        "songName": "Nemuri Hime",
        "artist": "Asami Imai",
        "type": "Insert Song",
        "correctCount": 24,
        "startTime": 22,
        "songDuration": 153.504,
        "songNumber": 7,
        "activePlayerCount": 132,
        "LinkVideo": "https://files.catbox.moe/dxp7sc.webm",
        "LinkMp3": "https://files.catbox.moe/3iujjf.mp3",
        "annId": 12436,
        "songDifficulty": 25.35801889115021,
        "vintage": "Summer 2011"
    },
    {
        "animeEng": "Aqua Kids",
        "animeRomaji": "Aqua Kids",
        "songName": "Boukensha-tachi",
        "artist": "Kohei Dojima",
        "type": "Ending 1",
        "correctCount": 4,
        "startTime": 14,
        "songDuration": 84.552,
        "songNumber": 8,
        "activePlayerCount": 132,
        "LinkVideo": "https://files.catbox.moe/wr5uz0.webm",
        "LinkMp3": "https://files.catbox.moe/r4od6h.mp3",
        "annId": 4499,
        "songDifficulty": 2.2419103673986487,
        "vintage": "Spring 2004",
        "correctPlayers": [
            "solla",
            "Rukawa11",
            "Grubbi",
            "HDNC"
        ]
    },
    {
        "animeEng": "PriPara",
        "animeRomaji": "PriPara",
        "songName": "Dream Parade",
        "artist": "Yuu Serizawa",
        "type": "Insert Song",
        "correctCount": 54,
        "startTime": 30,
        "songDuration": 136.44,
        "songNumber": 9,
        "activePlayerCount": 133,
        "LinkVideo": "https://files.catbox.moe/6mtw3o.webm",
        "LinkMp3": "https://files.catbox.moe/6cr043.mp3",
        "annId": 16674,
        "songDifficulty": 39.33446551602925,
        "vintage": "Spring 2015"
    },
    {
        "animeEng": "Magical Doremi",
        "animeRomaji": "Ojamajo Doremi",
        "songName": "Mahou de Choi\u00b2",
        "artist": "Mayumi Gojou",
        "type": "Insert Song",
        "correctCount": 24,
        "startTime": 15,
        "songDuration": 88.8,
        "songNumber": 10,
        "activePlayerCount": 131,
        "LinkVideo": "https://files.catbox.moe/n5xqs8.webm",
        "LinkMp3": "https://files.catbox.moe/crto66.mp3",
        "annId": 1190,
        "songDifficulty": 25.378988544592698,
        "vintage": "Winter 1999"
    },
    {
        "animeEng": "Fighting Spirit",
        "animeRomaji": "Hajime no Ippo",
        "songName": "under star",
        "artist": "Shocking Lemon",
        "type": "Opening 1",
        "correctCount": 28,
        "startTime": 29,
        "songDuration": 89.833558,
        "songNumber": 11,
        "activePlayerCount": 133,
        "LinkVideo": "https://files.catbox.moe/yj3g9y.webm",
        "LinkMp3": "https://files.catbox.moe/sowrpi.mp3",
        "annId": 1139,
        "songDifficulty": 33.759630415364,
        "vintage": "Fall 2000"
    },
    {
        "animeEng": "Sound! Euphonium: The Movie - Welcome to the Kitauji High School Concert Band",
        "animeRomaji": "Gekijouban Hibike! Euphonium: Kitauji Koukou Suisougaku-bu e Youkoso",
        "songName": "RYDEEN",
        "artist": "Freshman Wind Ensemble",
        "type": "Insert Song",
        "correctCount": 81,
        "startTime": 51,
        "songDuration": 131.424,
        "songNumber": 12,
        "activePlayerCount": 137,
        "LinkVideo": "https://files.catbox.moe/u5avzf.webm",
        "LinkMp3": "https://files.catbox.moe/b7z31e.mp3",
        "annId": 18172,
        "songDifficulty": 50.66667444029851,
        "vintage": "Spring 2016"
    },
    {
        "animeEng": "Shadows House",
        "animeRomaji": "Shadows House",
        "songName": "Nainai",
        "artist": "ReoNa",
        "type": "Ending 1",
        "correctCount": 96,
        "startTime": 26,
        "songDuration": 90.432,
        "songNumber": 13,
        "activePlayerCount": 139,
        "LinkVideo": "https://files.catbox.moe/fxi5fs.webm",
        "LinkMp3": "https://files.catbox.moe/6ksxvh.mp3",
        "annId": 23751,
        "songDifficulty": 45.01470117639888,
        "vintage": "Spring 2021"
    },
    {
        "animeEng": "Tantei Kageki Milky Holmes TD",
        "animeRomaji": "Tantei Kageki Milky Holmes TD",
        "songName": "Overdrive!",
        "artist": "Milky Holmes",
        "type": "Insert Song",
        "correctCount": 9,
        "startTime": 116,
        "songDuration": 146.088,
        "songNumber": 14,
        "activePlayerCount": 140,
        "LinkVideo": "https://files.catbox.moe/cbjwjr.webm",
        "LinkMp3": "https://files.catbox.moe/oiaopv.mp3",
        "annId": 16300,
        "songDifficulty": 13.44147297166149,
        "vintage": "Winter 2015"
    },
    {
        "animeEng": "Amazing Nuts!",
        "animeRomaji": "Amazing Nuts!",
        "songName": "Smile Again",
        "artist": "RAM RIDER",
        "type": "Insert Song",
        "correctCount": 7,
        "startTime": 7,
        "songDuration": 46.549404,
        "songNumber": 15,
        "activePlayerCount": 137,
        "LinkVideo": "https://files.catbox.moe/ghkp6m.webm",
        "LinkMp3": "https://files.catbox.moe/z2l770.mp3",
        "annId": 7246,
        "songDifficulty": 13.375030129877496,
        "vintage": "Fall 2006"
    },
    {
        "animeEng": "Genshiken",
        "animeRomaji": "Genshiken",
        "songName": "My Pace Daioh",
        "artist": "manzo",
        "type": "Opening 2",
        "correctCount": 18,
        "startTime": 57,
        "songDuration": 88.68419,
        "songNumber": 16,
        "activePlayerCount": 141,
        "LinkVideo": "https://files.catbox.moe/xn3vz1.webm",
        "LinkMp3": "https://files.catbox.moe/bl50id.mp3",
        "annId": 4168,
        "songDifficulty": 20.445534314130075,
        "vintage": "Fall 2004"
    },
    {
        "animeEng": "My Next Life as a Villainess: All Routes Lead to Doom! X",
        "animeRomaji": "Hamefura X",
        "songName": "Otome no Route wa Hitotsu ja Nai!",
        "artist": "angela",
        "type": "Ending 2",
        "correctCount": 106,
        "startTime": 16,
        "songDuration": 101.184,
        "songNumber": 17,
        "activePlayerCount": 141,
        "LinkVideo": "https://files.catbox.moe/5il96o.webm",
        "LinkMp3": "https://files.catbox.moe/5p8qgr.mp3",
        "annId": 23895,
        "songDifficulty": 47.55088685892184,
        "vintage": "Summer 2021"
    },
    {
        "animeEng": "Digimon: Data Squad",
        "animeRomaji": "Digimon Savers",
        "songName": "Gou-ing! Going! My Soul!!",
        "artist": "Dynamite SHU",
        "type": "Ending 3",
        "correctCount": 36,
        "startTime": 0,
        "songDuration": 60.12,
        "songNumber": 18,
        "activePlayerCount": 142,
        "LinkVideo": "https://files.catbox.moe/okyfoh.webm",
        "LinkMp3": "https://files.catbox.moe/jw7gy6.mp3",
        "annId": 6230,
        "songDifficulty": 29.305101419151377,
        "vintage": "Spring 2006"
    },
    {
        "animeEng": "Barefoot Gen",
        "animeRomaji": "Hadashi no Gen",
        "songName": "Doko kara Kite Doko e Iku no Ka",
        "artist": "HARRY",
        "type": "Ending 1",
        "correctCount": 13,
        "startTime": 170,
        "songDuration": 228.048,
        "songNumber": 19,
        "activePlayerCount": 144,
        "LinkVideo": "https://files.catbox.moe/dv48hf.webm",
        "LinkMp3": "https://files.catbox.moe/p3a51x.mp3",
        "annId": 924,
        "songDifficulty": 16.17240424226032,
        "vintage": "Winter 1983"
    },
    {
        "animeEng": "Ocha-ken: Hotto Monogatari",
        "animeRomaji": "Ocha-ken: Hotto Monogatari",
        "songName": "Ocha-ken\u2606Rock",
        "artist": "Mitsuko Horie",
        "type": "Opening 1",
        "correctCount": 4,
        "startTime": 10,
        "songDuration": 40.008,
        "songNumber": 20,
        "activePlayerCount": 146,
        "LinkVideo": "https://files.catbox.moe/mh2cbp.webm",
        "LinkMp3": "https://files.catbox.moe/v8714h.mp3",
        "annId": 23226,
        "songDifficulty": 16.785361994621663,
        "vintage": "Winter 2006",
        "correctPlayers": [
            "Rukawa11",
            "bamboo",
            "Delete",
            "claydoll1091"
        ]
    },
    {
        "animeEng": "Wotakoi: Love is Hard for Otaku",
        "animeRomaji": "Otaku ni Koi wa Muzukashii",
        "songName": "Fiction",
        "artist": "sumika",
        "type": "Opening 1",
        "correctCount": 110,
        "startTime": 30,
        "songDuration": 87.072,
        "songNumber": 21,
        "activePlayerCount": 147,
        "LinkVideo": "https://files.catbox.moe/rehox3.webm",
        "LinkMp3": "https://files.catbox.moe/l37nxf.mp3",
        "annId": 24089,
        "songDifficulty": 51.27039742478643,
        "vintage": "Winter 2019"
    },
    {
        "animeEng": "Godzilla Singular Point",
        "animeRomaji": "Godzilla: S.P",
        "songName": "Aoi",
        "artist": "Polkadot Stingray",
        "type": "Ending 1",
        "correctCount": 9,
        "startTime": 47,
        "songDuration": 87.984,
        "songNumber": 22,
        "activePlayerCount": 146,
        "LinkVideo": "https://files.catbox.moe/gbfuq7.webm",
        "LinkMp3": "https://files.catbox.moe/bj4a62.mp3",
        "annId": 23829,
        "songDifficulty": 17.512749033030452,
        "vintage": "Winter 2021"
    },
    {
        "animeEng": "IDOLiSH7 Third Beat!",
        "animeRomaji": "IDOLiSH7 Third Beat!",
        "songName": "RESTART POiNTER",
        "artist": "IDOLiSH7",
        "type": "Insert Song",
        "correctCount": 37,
        "startTime": 0,
        "songDuration": 23.496,
        "songNumber": 23,
        "activePlayerCount": 146,
        "LinkVideo": "https://files.catbox.moe/xwn5y9.webm",
        "LinkMp3": "https://files.catbox.moe/w7ddc5.mp3",
        "annId": 24195,
        "songDifficulty": 30.32927467663274,
        "vintage": "Summer 2021"
    },
    {
        "animeEng": "Kyomu Senshi Miroku",
        "animeRomaji": "Kyomu Senshi Miroku",
        "songName": "STOP THAT!",
        "artist": "K-Chan",
        "type": "Opening 1",
        "correctCount": 1,
        "startTime": 22,
        "songDuration": 99.072,
        "songNumber": 24,
        "activePlayerCount": 145,
        "LinkVideo": "https://files.catbox.moe/tnab94.webm",
        "LinkMp3": "https://files.catbox.moe/9llmor.mp3",
        "annId": 7422,
        "songDifficulty": 8.871505877293577,
        "vintage": "Winter 1989",
        "correctPlayers": [
            "Shag"
        ]
    },
    {
        "animeEng": "Clannad After Story",
        "animeRomaji": "Clannad After Story",
        "songName": "Dango Daikazoku",
        "artist": "Chata",
        "type": "Insert Song",
        "correctCount": 126,
        "startTime": 42,
        "songDuration": 86.112,
        "songNumber": 25,
        "activePlayerCount": 146,
        "LinkVideo": "https://files.catbox.moe/blb1uk.webm",
        "LinkMp3": "https://files.catbox.moe/xd2554.mp3",
        "annId": 9701,
        "songDifficulty": 70.9547119140625,
        "vintage": "Fall 2008"
    },
    {
        "animeEng": "Kabaneri of the Iron Fortress",
        "animeRomaji": "Koutetsujou no Kabaneri",
        "songName": "ninelie",
        "artist": "Aimer with chelly(EGOIST)",
        "type": "Ending 1",
        "correctCount": 100,
        "startTime": 39,
        "songDuration": 88.992,
        "songNumber": 26,
        "activePlayerCount": 146,
        "LinkVideo": "https://files.catbox.moe/kwl5qq.webm",
        "LinkMp3": "https://files.catbox.moe/h257xb.mp3",
        "annId": 16595,
        "songDifficulty": 35.76009787997948,
        "vintage": "Spring 2016"
    },
    {
        "animeEng": "Yasuke",
        "animeRomaji": "Yasuke",
        "songName": "Black Gold",
        "artist": "Flying Lotus ft. Thundercat",
        "type": "Opening 1",
        "correctCount": 26,
        "startTime": 13,
        "songDuration": 95.856,
        "songNumber": 27,
        "activePlayerCount": 147,
        "LinkVideo": "https://files.catbox.moe/p84nkv.webm",
        "LinkMp3": "https://files.catbox.moe/sqqehq.mp3",
        "annId": 24121,
        "songDifficulty": 21.142234744574495,
        "vintage": "Spring 2021"
    },
    {
        "animeEng": "Vividred Operation",
        "animeRomaji": "Vividred Operation",
        "songName": "Arifureta Shiawase",
        "artist": "Maaya Uchida",
        "type": "Ending 4",
        "correctCount": 4,
        "startTime": 30,
        "songDuration": 88.056,
        "songNumber": 28,
        "activePlayerCount": 145,
        "LinkVideo": "https://files.catbox.moe/3zvdbo.webm",
        "LinkMp3": "https://files.catbox.moe/7gx8i8.mp3",
        "annId": 14723,
        "songDifficulty": 10.054436403801638,
        "vintage": "Winter 2013",
        "correctPlayers": [
            "Bobocan",
            "bamboo",
            "Hejsan",
            "ArukasFrost"
        ]
    },
    {
        "animeEng": "Persona 5 the Animation: Stars and Ours",
        "animeRomaji": "Persona 5 the Animation: Stars and Ours",
        "songName": "Wake Up, Get Up, Get Out There",
        "artist": "Lyn",
        "type": "Insert Song",
        "correctCount": 29,
        "startTime": 44,
        "songDuration": 91.896,
        "songNumber": 29,
        "activePlayerCount": 147,
        "LinkVideo": "https://files.catbox.moe/qt6al0.webm",
        "LinkMp3": "https://files.catbox.moe/osm6xd.mp3",
        "annId": 21797,
        "songDifficulty": 21.338667605874317,
        "vintage": "Winter 2019"
    },
    {
        "animeEng": "Kimi ni Todoke: From Me to You Season 2",
        "animeRomaji": "Kimi ni Todoke 2nd Season",
        "songName": "Kimi ni Todoke...",
        "artist": "MAY'S",
        "type": "Ending 1",
        "correctCount": 22,
        "startTime": 27,
        "songDuration": 69.48,
        "songNumber": 30,
        "activePlayerCount": 149,
        "LinkVideo": "https://files.catbox.moe/vjx0z5.webm",
        "LinkMp3": "https://files.catbox.moe/8hky4m.mp3",
        "annId": 11983,
        "songDifficulty": 11.95117633164575,
        "vintage": "Winter 2011"
    },
    {
        "animeEng": "Saga of Tanya the Evil",
        "animeRomaji": "Youjo Senki",
        "songName": "JINGO JUNGLE",
        "artist": "MYTH & ROID",
        "type": "Opening 1",
        "correctCount": 121,
        "startTime": 17,
        "songDuration": 89.256,
        "songNumber": 31,
        "activePlayerCount": 150,
        "LinkVideo": "https://files.catbox.moe/m8falc.webm",
        "LinkMp3": "https://files.catbox.moe/zuy7tt.mp3",
        "annId": 18692,
        "songDifficulty": 45.18050176520181,
        "vintage": "Winter 2017"
    },
    {
        "animeEng": "Dayan to Tama to Tobi Neko to: 3-tsu no Neko no Monogatari",
        "animeRomaji": "Dayan to Tama to Tobi Neko to: 3-tsu no Neko no Monogatari",
        "songName": "TSUNAGU",
        "artist": "AOP",
        "type": "Ending 1",
        "correctCount": 3,
        "startTime": 84,
        "songDuration": 117.96,
        "songNumber": 32,
        "activePlayerCount": 150,
        "LinkVideo": "https://files.catbox.moe/acx9aa.webm",
        "LinkMp3": "https://files.catbox.moe/w5qgx6.mp3",
        "annId": 23965,
        "songDifficulty": 6.216245978860294,
        "vintage": "Spring 2019",
        "correctPlayers": [
            "Hyonoka",
            "Rukawa11",
            "ArronChu"
        ]
    },
    {
        "animeEng": "Pandora Hearts",
        "animeRomaji": "Pandora Hearts",
        "songName": "Bloody Rabbit",
        "artist": "FictionJunction WAKANA",
        "type": "Insert Song",
        "correctCount": 22,
        "startTime": 97,
        "songDuration": 128.64,
        "songNumber": 33,
        "activePlayerCount": 150,
        "LinkVideo": "https://files.catbox.moe/hx71n8.webm",
        "LinkMp3": "https://files.catbox.moe/cvdo0p.mp3",
        "annId": 10436,
        "songDifficulty": 22.362922790910677,
        "vintage": "Spring 2009"
    },
    {
        "animeEng": "Shakugan no Shana III (Final)",
        "animeRomaji": "Shakugan no Shana III (Final)",
        "songName": "One",
        "artist": "ALTIMA",
        "type": "Ending 2",
        "correctCount": 29,
        "startTime": 38,
        "songDuration": 89.616,
        "songNumber": 34,
        "activePlayerCount": 150,
        "LinkVideo": "https://files.catbox.moe/edqc29.webm",
        "LinkMp3": "https://files.catbox.moe/1882p2.mp3",
        "annId": 13003,
        "songDifficulty": 21.410121333798884,
        "vintage": "Fall 2011"
    },
    {
        "animeEng": "Cutey Honey Flash",
        "animeRomaji": "Cutey Honey F",
        "songName": "Nakechau Hodo Setsunai kedo",
        "artist": "Mayo Okamoto",
        "type": "Ending 1",
        "correctCount": 1,
        "startTime": 7,
        "songDuration": 82.702252,
        "songNumber": 35,
        "activePlayerCount": 148,
        "LinkVideo": "https://files.catbox.moe/qzifcw.webm",
        "LinkMp3": "https://files.catbox.moe/opqa2v.mp3",
        "annId": 565,
        "songDifficulty": 9.69368111948956,
        "vintage": "Winter 1997",
        "correctPlayers": [
            "IzumiSakai"
        ]
    },
    {
        "animeEng": "TO-Y",
        "animeRomaji": "TO-Y",
        "songName": "Silent Song",
        "artist": "PSY\u30fbS",
        "type": "Insert Song",
        "correctCount": 4,
        "startTime": 36,
        "songDuration": 105.864,
        "songNumber": 36,
        "activePlayerCount": 149,
        "LinkVideo": "https://files.catbox.moe/1whrxu.webm",
        "LinkMp3": "https://files.catbox.moe/j2cj2l.mp3",
        "annId": 827,
        "songDifficulty": 16.6905517578125,
        "vintage": "Fall 1987",
        "correctPlayers": [
            "Rukawa11",
            "Delete",
            "strangemeatpie",
            "claydoll1091"
        ]
    },
    {
        "animeEng": "Yuri!!! on Ice",
        "animeRomaji": "Yuri!!! on Ice",
        "songName": "You Only Live Once",
        "artist": "YURI!!! on ICE feat. w.hatano",
        "type": "Ending 1",
        "correctCount": 41,
        "startTime": 36,
        "songDuration": 89.352,
        "songNumber": 37,
        "activePlayerCount": 149,
        "LinkVideo": "https://files.catbox.moe/f8uczn.webm",
        "LinkMp3": "https://files.catbox.moe/earylb.mp3",
        "annId": 18191,
        "songDifficulty": 30.582648742165738,
        "vintage": "Fall 2016"
    },
    {
        "animeEng": "Tezuka Osamu Story: I Am Son-Goku",
        "animeRomaji": "Tezuka Osamu Monogatari: Boku wa Son Goku",
        "songName": "Tetsuwan Atom",
        "artist": "Kamitakada Shounen Gasshou-dan",
        "type": "Insert Song",
        "correctCount": 112,
        "startTime": 7,
        "songDuration": 36.24,
        "songNumber": 38,
        "activePlayerCount": 151,
        "LinkVideo": "https://files.catbox.moe/lj84oo.webm",
        "LinkMp3": "https://files.catbox.moe/qpqc65.mp3",
        "annId": 3322,
        "songDifficulty": 43.72059518378519,
        "vintage": "Summer 1989"
    },
    {
        "animeEng": "Attack on Titan Season 3",
        "animeRomaji": "Shingeki no Kyojin Season 3",
        "songName": "Akatsuki no Requiem",
        "artist": "Linked Horizon",
        "type": "Ending 1",
        "correctCount": 70,
        "startTime": 5,
        "songDuration": 87.552,
        "songNumber": 39,
        "activePlayerCount": 151,
        "LinkVideo": "https://files.catbox.moe/bzdtuk.webm",
        "LinkMp3": "https://files.catbox.moe/a2sbl7.mp3",
        "annId": 19819,
        "songDifficulty": 40.74255624560581,
        "vintage": "Summer 2018"
    },
    {
        "animeEng": "Masamune-kun's Revenge",
        "animeRomaji": "Masamune-kun no Revenge",
        "songName": "Wagamama MIRROR HEART",
        "artist": "Ayaka Ohashi",
        "type": "Opening 1",
        "correctCount": 85,
        "startTime": 11,
        "songDuration": 89.064,
        "songNumber": 40,
        "activePlayerCount": 150,
        "LinkVideo": "https://files.catbox.moe/wqn28u.webm",
        "LinkMp3": "https://files.catbox.moe/fpdx94.mp3",
        "annId": 18749,
        "songDifficulty": 27.232192663652114,
        "vintage": "Winter 2017"
    },
    {
        "animeEng": "Magia Record: Puella Magi Madoka Magica Side Story Final Season - The Dawn of the Ephemeral Dream",
        "animeRomaji": "Magia Record: Mahou Shoujo Madoka\u2606Magica Gaiden Final Season - Asaki Yume no Akatsuki",
        "songName": "Careless",
        "artist": "ClariS",
        "type": "Opening 1",
        "correctCount": 56,
        "startTime": 12,
        "songDuration": 90.072,
        "songNumber": 41,
        "activePlayerCount": 150,
        "LinkVideo": "https://files.catbox.moe/flj66s.webm",
        "LinkMp3": "https://files.catbox.moe/ybybe1.mp3",
        "annId": 25051,
        "songDifficulty": 41.78696724618545,
        "vintage": "Spring 2022"
    },
    {
        "animeEng": "Eiga Hanakappa Hana-sake! Pakkaan Chou no Kuni no Daibouken",
        "animeRomaji": "Eiga Hanakappa Hana-sake! Pakkaan Chou no Kuni no Daibouken",
        "songName": "Lien",
        "artist": "Every Little Thing",
        "type": "Ending 1",
        "correctCount": 2,
        "startTime": 155,
        "songDuration": 229.752,
        "songNumber": 42,
        "activePlayerCount": 148,
        "LinkVideo": "https://files.catbox.moe/q08lju.webm",
        "LinkMp3": "https://files.catbox.moe/592dir.mp3",
        "annId": 15026,
        "songDifficulty": 3.332704652410832,
        "vintage": "Spring 2013",
        "correctPlayers": [
            "revel_",
            "ArronChu"
        ]
    },
    {
        "animeEng": "Yuki Yuna is a Hero: The Hero Chapter",
        "animeRomaji": "Yuuki Yuuna wa Yuusha de Aru: Yuusha no Shou",
        "songName": "Kakan",
        "artist": "Emi Evans",
        "type": "Insert Song",
        "correctCount": 12,
        "startTime": 106,
        "songDuration": 395.643812,
        "songNumber": 43,
        "activePlayerCount": 147,
        "LinkVideo": "https://files.catbox.moe/cc55mb.webm",
        "LinkMp3": "https://files.catbox.moe/7b9rfo.mp3",
        "annId": 20285,
        "songDifficulty": 12.05035241749316,
        "vintage": "Fall 2017"
    },
    {
        "animeEng": "Sword Art Online Alternative: Gun Gale Online",
        "animeRomaji": "Sword Art Online Alternative: Gun Gale Online",
        "songName": "Ryuusei",
        "artist": "Eir Aoi",
        "type": "Opening 1",
        "correctCount": 98,
        "startTime": 51,
        "songDuration": 89.304,
        "songNumber": 44,
        "activePlayerCount": 146,
        "LinkVideo": "https://files.catbox.moe/ho1zcj.webm",
        "LinkMp3": "https://files.catbox.moe/kh9tem.mp3",
        "annId": 20514,
        "songDifficulty": 26.198147759413118,
        "vintage": "Spring 2018"
    },
    {
        "animeEng": "March comes in like a lion",
        "animeRomaji": "3-gatsu no Lion",
        "songName": "Haru ga Kite Bokura",
        "artist": "UNISON SQUARE GARDEN",
        "type": "Opening 2",
        "correctCount": 44,
        "startTime": 32,
        "songDuration": 89.568,
        "songNumber": 45,
        "activePlayerCount": 145,
        "LinkVideo": "https://files.catbox.moe/uljxqo.webm",
        "LinkMp3": "https://files.catbox.moe/ny2p7h.mp3",
        "annId": 19356,
        "songDifficulty": 30.10720120378332,
        "vintage": "Fall 2017"
    },
    {
        "animeEng": ".hack//SIGN",
        "animeRomaji": ".hack//SIGN",
        "songName": "A Stray Child",
        "artist": "Emily Bindiger",
        "type": "Insert Song",
        "correctCount": 28,
        "startTime": 33,
        "songDuration": 80.832,
        "songNumber": 46,
        "activePlayerCount": 145,
        "LinkVideo": "https://files.catbox.moe/io6n0p.webm",
        "LinkMp3": "https://files.catbox.moe/1s1332.mp3",
        "annId": 605,
        "songDifficulty": 26.0448598444206,
        "vintage": "Spring 2002"
    },
    {
        "animeEng": "My Hero Academia",
        "animeRomaji": "Boku no Hero Academia",
        "songName": "HERO A",
        "artist": "Yuly",
        "type": "Insert Song",
        "correctCount": 91,
        "startTime": 43,
        "songDuration": 83.016,
        "songNumber": 47,
        "activePlayerCount": 144,
        "LinkVideo": "https://files.catbox.moe/nrff1t.webm",
        "LinkMp3": "https://files.catbox.moe/ynk4sn.mp3",
        "annId": 17786,
        "songDifficulty": 51.61611250681034,
        "vintage": "Spring 2016"
    },
    {
        "animeEng": "Cells at Work!",
        "animeRomaji": "Hataraku Saibou",
        "songName": "CheerS",
        "artist": "ClariS",
        "type": "Ending 1",
        "correctCount": 88,
        "startTime": 57,
        "songDuration": 88.32,
        "songNumber": 48,
        "activePlayerCount": 144,
        "LinkVideo": "https://files.catbox.moe/aaku3k.webm",
        "LinkMp3": "https://files.catbox.moe/vnnuc2.mp3",
        "annId": 20564,
        "songDifficulty": 30.325877115655853,
        "vintage": "Summer 2018"
    },
    {
        "animeEng": "Tiger Mask W",
        "animeRomaji": "Tiger Mask W",
        "songName": "Ike! Tiger Mask",
        "artist": "Shonan no Kaze",
        "type": "Opening 1",
        "correctCount": 45,
        "startTime": 20,
        "songDuration": 58.392,
        "songNumber": 49,
        "activePlayerCount": 145,
        "LinkVideo": "https://files.catbox.moe/avuvit.webm",
        "LinkMp3": "https://files.catbox.moe/1xbtw8.mp3",
        "annId": 18637,
        "songDifficulty": 25.189393131399317,
        "vintage": "Fall 2016"
    },
    {
        "animeEng": "Date A Bullet",
        "animeRomaji": "Date A Bullet",
        "songName": "Infermata",
        "artist": "Spotlight Kids",
        "type": "Opening 1",
        "correctCount": 54,
        "startTime": 17,
        "songDuration": 89.568,
        "songNumber": 50,
        "activePlayerCount": 145,
        "LinkVideo": "https://files.catbox.moe/vv165o.webm",
        "LinkMp3": "https://files.catbox.moe/lh9pfz.mp3",
        "annId": 23706,
        "songDifficulty": 19.99879123409243,
        "vintage": "Summer 2020"
    },
    {
        "animeEng": "Bomberman Jetters",
        "animeRomaji": "Bomberman Jetters",
        "songName": "Boku wa Gakeppuchi",
        "artist": "Hideo Suwa",
        "type": "Opening 1",
        "correctCount": 20,
        "startTime": 8,
        "songDuration": 79.104,
        "songNumber": 51,
        "activePlayerCount": 144,
        "LinkVideo": "https://files.catbox.moe/bpha4s.webm",
        "LinkMp3": "https://files.catbox.moe/h55nqf.mp3",
        "annId": 1818,
        "songDifficulty": 14.416926085568328,
        "vintage": "Fall 2002"
    },
    {
        "animeEng": "My Teen Romantic Comedy SNAFU TOO!",
        "animeRomaji": "Oregairu Zoku",
        "songName": "Yukitoki",
        "artist": "Nagi Yanagi",
        "type": "Insert Song",
        "correctCount": 103,
        "startTime": 84,
        "songDuration": 162.12,
        "songNumber": 52,
        "activePlayerCount": 144,
        "LinkVideo": "https://files.catbox.moe/ax756s.webm",
        "LinkMp3": "https://files.catbox.moe/z8t7ci.mp3",
        "annId": 16329,
        "songDifficulty": 54.04289272474514,
        "vintage": "Spring 2015"
    },
    {
        "animeEng": "Mobile Suit Gundam 00 the Movie: A Wakening of the Trailblazer",
        "animeRomaji": "Gekijouban Kidou Senshi Gundam 00: A Wakening of the Trailblazer",
        "songName": "Mou Nani mo Kowakunai, Kowaku wa Nai",
        "artist": "Chiaki Ishikawa",
        "type": "Insert Song",
        "correctCount": 13,
        "startTime": 60,
        "songDuration": 172.752,
        "songNumber": 53,
        "activePlayerCount": 142,
        "LinkVideo": "https://files.catbox.moe/2oj69y.webm",
        "LinkMp3": "https://files.catbox.moe/wjdmc7.mp3",
        "annId": 10744,
        "songDifficulty": 16.688184145480225,
        "vintage": "Summer 2010"
    },
    {
        "animeEng": "Valvrave the Liberator",
        "animeRomaji": "Kakumeiki Valvrave",
        "songName": "Kakumei Dualism",
        "artist": "Nana Mizuki\u00d7T.M.Revolution",
        "type": "Opening 1",
        "correctCount": 77,
        "startTime": 20,
        "songDuration": 90.192,
        "songNumber": 54,
        "activePlayerCount": 144,
        "LinkVideo": "https://files.catbox.moe/x50r2v.webm",
        "LinkMp3": "https://files.catbox.moe/1tyisf.mp3",
        "annId": 15583,
        "songDifficulty": 37.46203847779314,
        "vintage": "Fall 2013"
    },
    {
        "animeEng": "Ninjala",
        "animeRomaji": "Ninjala",
        "songName": "Ninja Re Bang Bang Steve Aoki Remix",
        "artist": "Kyary Pamyu Pamyu",
        "type": "Ending 1",
        "correctCount": 48,
        "startTime": 1,
        "songDuration": 58.248,
        "songNumber": 55,
        "activePlayerCount": 143,
        "LinkVideo": "https://files.catbox.moe/8jfmk2.webm",
        "LinkMp3": "https://files.catbox.moe/00jgcf.mp3",
        "annId": 23485,
        "songDifficulty": 26.051453637295083,
        "vintage": "Spring 2020"
    },
    {
        "animeEng": "Tribe Cool Crew",
        "animeRomaji": "Tribe Cool Crew",
        "songName": "HEARTBEAT",
        "artist": "lol",
        "type": "Opening 1",
        "correctCount": 7,
        "startTime": 53,
        "songDuration": 114.048,
        "songNumber": 56,
        "activePlayerCount": 141,
        "LinkVideo": "https://files.catbox.moe/5wmmbv.webm",
        "LinkMp3": "https://files.catbox.moe/6sp31e.mp3",
        "annId": 16242,
        "songDifficulty": 9.945915216924398,
        "vintage": "Summer 2014"
    },
    {
        "animeEng": "Baccano!",
        "animeRomaji": "Baccano!",
        "songName": "Gun's&Roses",
        "artist": "Paradise Lunch",
        "type": "Opening 1",
        "correctCount": 113,
        "startTime": 17,
        "songDuration": 88.56,
        "songNumber": 57,
        "activePlayerCount": 141,
        "LinkVideo": "https://files.catbox.moe/cf0028.webm",
        "LinkMp3": "https://files.catbox.moe/mnc0no.mp3",
        "annId": 7492,
        "songDifficulty": 46.45062025316456,
        "vintage": "Summer 2007"
    },
    {
        "animeEng": "King of Prism: Shiny Seven Stars",
        "animeRomaji": "King of Prism: Shiny Seven Stars",
        "songName": "Shiny Seven Stars!",
        "artist": "Edelrose-sei",
        "type": "Opening 2",
        "correctCount": 11,
        "startTime": 10,
        "songDuration": 89.20663,
        "songNumber": 58,
        "activePlayerCount": 143,
        "LinkVideo": "https://files.catbox.moe/ugvg3d.webm",
        "LinkMp3": "https://files.catbox.moe/t5kp0y.mp3",
        "annId": 21194,
        "songDifficulty": 21.175389179579092,
        "vintage": "Spring 2019"
    },
    {
        "animeEng": "Infinite Stratos",
        "animeRomaji": "IS: Infinite Stratos",
        "songName": "SUPER\u221eSTREAM",
        "artist": "Yoko Hikasa",
        "type": "Ending 1",
        "correctCount": 69,
        "startTime": 11,
        "songDuration": 89.064,
        "songNumber": 59,
        "activePlayerCount": 143,
        "LinkVideo": "https://files.catbox.moe/583h9p.webm",
        "LinkMp3": "https://files.catbox.moe/bccn44.mp3",
        "annId": 11769,
        "songDifficulty": 33.17012347749794,
        "vintage": "Winter 2011"
    },
    {
        "animeEng": "Teekyuu",
        "animeRomaji": "Teekyuu",
        "songName": "Nufuttote Kyuupotoracchi",
        "artist": "Naive",
        "type": "Opening 1",
        "correctCount": 100,
        "startTime": 0,
        "songDuration": 28.56,
        "songNumber": 60,
        "activePlayerCount": 143,
        "LinkVideo": "https://files.catbox.moe/ndzgie.webm",
        "LinkMp3": "https://files.catbox.moe/bbc0fb.mp3",
        "annId": 15582,
        "songDifficulty": 43.91078445330296,
        "vintage": "Fall 2013"
    },
    {
        "animeEng": "Kannagi",
        "animeRomaji": "Kannagi",
        "songName": "motto\u2606Hade ni ne!",
        "artist": "Haruka Tomatsu",
        "type": "Opening 1",
        "correctCount": 38,
        "startTime": 31,
        "songDuration": 90.144,
        "songNumber": 61,
        "activePlayerCount": 143,
        "LinkVideo": "https://files.catbox.moe/ofdt8j.webm",
        "LinkMp3": "https://files.catbox.moe/icjnmu.mp3",
        "annId": 9295,
        "songDifficulty": 24.795934756872256,
        "vintage": "Fall 2008"
    },
    {
        "animeEng": "Mayo Chiki!",
        "animeRomaji": "Mayo Chiki!",
        "songName": "HAPPY HAPPY BIRTHDAY",
        "artist": "Yuka Iguchi, Eri Kitamura, Mariya Ise, Kana Asumi, Natsuko Kuwatani, Kaori Ishihara, Yui Ogura",
        "type": "Insert Song",
        "correctCount": 50,
        "startTime": 35,
        "songDuration": 93.552,
        "songNumber": 62,
        "activePlayerCount": 142,
        "LinkVideo": "https://files.catbox.moe/nw99ry.webm",
        "LinkMp3": "https://files.catbox.moe/dp7lu2.mp3",
        "annId": 12364,
        "songDifficulty": 18.416445731866983,
        "vintage": "Summer 2011"
    },
    {
        "animeEng": "BECK: Mongolian Chop Squad",
        "animeRomaji": "BECK: Mongolian Chop Squad",
        "songName": "FOLLOW ME",
        "artist": "Tarou Katou",
        "type": "Insert Song",
        "correctCount": 41,
        "startTime": 0,
        "songDuration": 22.569408,
        "songNumber": 63,
        "activePlayerCount": 143,
        "LinkVideo": "https://files.catbox.moe/wadgnv.webm",
        "LinkMp3": "https://files.catbox.moe/rhny5u.mp3",
        "annId": 4404,
        "songDifficulty": 37.76652644230769,
        "vintage": "Fall 2004"
    },
    {
        "animeEng": "The IDOLM@STER",
        "animeRomaji": "The IDOLM@STER",
        "songName": "Attakana Yuki",
        "artist": "Akiko Hasegawa & Mayako Nigo & Asami Shimoda",
        "type": "Insert Song",
        "correctCount": 2,
        "startTime": 39,
        "songDuration": 105.312,
        "songNumber": 64,
        "activePlayerCount": 143,
        "LinkVideo": "https://files.catbox.moe/lxfos9.webm",
        "LinkMp3": "https://files.catbox.moe/hu2avd.mp3",
        "annId": 12436,
        "songDifficulty": 12.317926780087035,
        "vintage": "Summer 2011",
        "correctPlayers": [
            "milkmilk",
            "thenoobster"
        ]
    },
    {
        "animeEng": "Blue Exorcist",
        "animeRomaji": "Ao no Exorcist",
        "songName": "CORE PRIDE",
        "artist": "UVERworld",
        "type": "Opening 1",
        "correctCount": 104,
        "startTime": 20,
        "songDuration": 89.64,
        "songNumber": 65,
        "activePlayerCount": 143,
        "LinkVideo": "https://files.catbox.moe/fvdhr5.webm",
        "LinkMp3": "https://files.catbox.moe/8vb055.mp3",
        "annId": 12210,
        "songDifficulty": 44.8434641515163,
        "vintage": "Spring 2011"
    },
    {
        "animeEng": "Love Live! School Idol Project",
        "animeRomaji": "Love Live! School Idol Project",
        "songName": "A song for You! You? You!!",
        "artist": "\u03bc's",
        "type": "Insert Song",
        "correctCount": 20,
        "startTime": 12,
        "songDuration": 347.112,
        "songNumber": 66,
        "activePlayerCount": 143,
        "LinkVideo": "https://files.catbox.moe/t4uhd8.webm",
        "LinkMp3": "https://files.catbox.moe/c42akb.mp3",
        "annId": 22080,
        "songDifficulty": 34.01825738519092,
        "vintage": null
    },
    {
        "animeEng": "Attack on Titan: No Regrets",
        "animeRomaji": "Shingeki no Kyojin: Kuinaki Sentaku",
        "songName": "great escape",
        "artist": "cinema staff",
        "type": "Ending 1",
        "correctCount": 85,
        "startTime": 31,
        "songDuration": 85.968,
        "songNumber": 67,
        "activePlayerCount": 144,
        "LinkVideo": "https://files.catbox.moe/ox77la.webm",
        "LinkMp3": "https://files.catbox.moe/lumfqb.mp3",
        "annId": 16278,
        "songDifficulty": 39.100605539114774,
        "vintage": "Fall 2014"
    },
    {
        "animeEng": "Angel Beats!",
        "animeRomaji": "Angel Beats!",
        "songName": "My Soul,Your Beats!",
        "artist": "Lia",
        "type": "Opening 1",
        "correctCount": 126,
        "startTime": 13,
        "songDuration": 89.4,
        "songNumber": 68,
        "activePlayerCount": 144,
        "LinkVideo": "https://files.catbox.moe/avvdm5.webm",
        "LinkMp3": "https://files.catbox.moe/ocbvdf.mp3",
        "annId": 10885,
        "songDifficulty": 56.696843594848055,
        "vintage": "Spring 2010"
    },
    {
        "animeEng": "Record of Lodoss War",
        "animeRomaji": "Lodoss-tou Senki",
        "songName": "Kaze no Fantasia",
        "artist": "Sherry",
        "type": "Ending 1",
        "correctCount": 7,
        "startTime": 22,
        "songDuration": 69.048,
        "songNumber": 69,
        "activePlayerCount": 144,
        "LinkVideo": "https://files.catbox.moe/zkovdj.webm",
        "LinkMp3": "https://files.catbox.moe/7085gc.mp3",
        "annId": 394,
        "songDifficulty": 17.488868906421892,
        "vintage": "Spring 1990"
    },
    {
        "animeEng": "Chi's New Address",
        "animeRomaji": "Chi's Sweet Home: Atarashii Ouchi",
        "songName": "Chiisana Daibouken",
        "artist": "Rica Matsumoto",
        "type": "Opening 1",
        "correctCount": 40,
        "startTime": 0,
        "songDuration": 29.016,
        "songNumber": 70,
        "activePlayerCount": 143,
        "LinkVideo": "https://files.catbox.moe/cgwxqi.webm",
        "LinkMp3": "https://files.catbox.moe/uo6sam.mp3",
        "annId": 10707,
        "songDifficulty": 19.787053811961208,
        "vintage": "Winter 2009"
    },
    {
        "animeEng": "Be a Man! Samurai School",
        "animeRomaji": "Sakigake!! Otoko Juku",
        "songName": "Ikujidai Arimashite",
        "artist": "SEPIA",
        "type": "Ending 1",
        "correctCount": 4,
        "startTime": 37,
        "songDuration": 84.191206,
        "songNumber": 71,
        "activePlayerCount": 142,
        "LinkVideo": "https://files.catbox.moe/8sf70j.webm",
        "LinkMp3": "https://files.catbox.moe/huaovc.mp3",
        "annId": 3588,
        "songDifficulty": 13.389271931475903,
        "vintage": "Winter 1988",
        "correctPlayers": [
            "Octavio",
            "TrueXC",
            "killer0wave",
            "qwertykiller99"
        ]
    },
    {
        "animeEng": "Berserk: The Golden Age Arc III - The Advent",
        "animeRomaji": "Berserk Ougon Jidai-hen III: Kourin",
        "songName": "breakthrough",
        "artist": "Kaname Kawabata",
        "type": "Ending 1",
        "correctCount": 8,
        "startTime": 130,
        "songDuration": 274.725074,
        "songNumber": 72,
        "activePlayerCount": 142,
        "LinkVideo": "https://files.catbox.moe/wpwh1f.webm",
        "LinkMp3": "https://files.catbox.moe/q3figm.mp3",
        "annId": 13800,
        "songDifficulty": 8.124546252517906,
        "vintage": "Winter 2013"
    },
    {
        "animeEng": "Danganronpa 3: The End of Hope's Peak High School - Future Arc",
        "animeRomaji": "Danganronpa 3: The End of Kibougamine Gakuen - Mirai-hen",
        "songName": "DEAD OR LIE",
        "artist": "Maon Kurosaki feat. TRUSTRICK",
        "type": "Opening 1",
        "correctCount": 65,
        "startTime": 57,
        "songDuration": 88.56,
        "songNumber": 73,
        "activePlayerCount": 143,
        "LinkVideo": "https://files.catbox.moe/rg2t6s.webm",
        "LinkMp3": "https://files.catbox.moe/784a8d.mp3",
        "annId": 18159,
        "songDifficulty": 26.43308670820353,
        "vintage": "Summer 2016"
    },
    {
        "animeEng": "PriPara",
        "animeRomaji": "PriPara",
        "songName": "No D&D code",
        "artist": "DressingPaf\u00e9",
        "type": "Insert Song",
        "correctCount": 24,
        "startTime": 15,
        "songDuration": 137.448,
        "songNumber": 74,
        "activePlayerCount": 144,
        "LinkVideo": "https://files.catbox.moe/097yu6.webm",
        "LinkMp3": "https://files.catbox.moe/79yh86.mp3",
        "annId": 15916,
        "songDifficulty": 35.984848484848484,
        "vintage": "Summer 2014"
    },
    {
        "animeEng": "Hi Score Girl",
        "animeRomaji": "High Score Girl",
        "songName": "Houkago Distraction",
        "artist": "Etsuko Yakushimaru",
        "type": "Ending 1",
        "correctCount": 56,
        "startTime": 47,
        "songDuration": 89.441728,
        "songNumber": 75,
        "activePlayerCount": 143,
        "LinkVideo": "https://files.catbox.moe/gt4kps.webm",
        "LinkMp3": "https://files.catbox.moe/smqvqy.mp3",
        "annId": 21704,
        "songDifficulty": 34.6086542362077,
        "vintage": "Winter 2019"
    },
    {
        "animeEng": "Black Jack",
        "animeRomaji": "Black Jack",
        "songName": "Gekkouka",
        "artist": "Janne Da Arc",
        "type": "Opening 1",
        "correctCount": 32,
        "startTime": 36,
        "songDuration": 84.456,
        "songNumber": 76,
        "activePlayerCount": 145,
        "LinkVideo": "https://files.catbox.moe/22j6h0.webm",
        "LinkMp3": "https://files.catbox.moe/fd74on.mp3",
        "annId": 4408,
        "songDifficulty": 22.37571974828865,
        "vintage": "Fall 2004"
    },
    {
        "animeEng": "Aquarion",
        "animeRomaji": "Sousei no Aquarion",
        "songName": "Sousei no Aquarion",
        "artist": "AKINO",
        "type": "Ending 2",
        "correctCount": 89,
        "startTime": 97,
        "songDuration": 130.824,
        "songNumber": 77,
        "activePlayerCount": 144,
        "LinkVideo": "https://files.catbox.moe/hhctvb.webm",
        "LinkMp3": "https://files.catbox.moe/dkhdr4.mp3",
        "annId": 7520,
        "songDifficulty": 42.68718063966692,
        "vintage": "Spring 2007"
    },
    {
        "animeEng": "Maken-Ki! Battling Venus",
        "animeRomaji": "Maken-Ki!",
        "songName": "Baby! Baby!",
        "artist": "Sayuri Yahagi & Noriko Shitaya",
        "type": "Ending 2",
        "correctCount": 38,
        "startTime": 26,
        "songDuration": 86.16,
        "songNumber": 78,
        "activePlayerCount": 142,
        "LinkVideo": "https://files.catbox.moe/tvr5a0.webm",
        "LinkMp3": "https://files.catbox.moe/1uo12z.mp3",
        "annId": 12925,
        "songDifficulty": 25.789805888002363,
        "vintage": "Fall 2011"
    },
    {
        "animeEng": "Licca-chan's Sunday",
        "animeRomaji": "Licca-chan no Nichiyoubi",
        "songName": "Lady Shikkaku",
        "artist": "Junko Iwao",
        "type": "Ending 1",
        "correctCount": 0,
        "startTime": 3,
        "songDuration": 89.472,
        "songNumber": 79,
        "activePlayerCount": 142,
        "LinkVideo": "https://files.catbox.moe/telld8.webm",
        "LinkMp3": "https://files.catbox.moe/1say7x.mp3",
        "annId": 7325,
        "songDifficulty": 10.754901482077205,
        "vintage": "Summer 1992"
    },
    {
        "animeEng": "How Heavy Are the Dumbbells You Lift?",
        "animeRomaji": "Dumbbell Nan-Kilo Moteru?",
        "songName": "Macho A Name?",
        "artist": "Kaito Ishikawa",
        "type": "Ending 1",
        "correctCount": 104,
        "startTime": 38,
        "songDuration": 88.56,
        "songNumber": 80,
        "activePlayerCount": 144,
        "LinkVideo": "https://files.catbox.moe/xrm5i6.webm",
        "LinkMp3": "https://files.catbox.moe/r835b5.mp3",
        "annId": 21764,
        "songDifficulty": 57.374169487939064,
        "vintage": "Summer 2019"
    },
    {
        "animeEng": "Knights of Sidonia",
        "animeRomaji": "Sidonia no Kishi",
        "songName": "Sidonia",
        "artist": "angela",
        "type": "Opening 1",
        "correctCount": 109,
        "startTime": 43,
        "songDuration": 88.776,
        "songNumber": 81,
        "activePlayerCount": 144,
        "LinkVideo": "https://files.catbox.moe/k3vunz.webm",
        "LinkMp3": "https://files.catbox.moe/j0wdmy.mp3",
        "annId": 15496,
        "songDifficulty": 38.79985179885527,
        "vintage": "Spring 2014"
    },
    {
        "animeEng": "Cyber Team in Akihabara: The Movie",
        "animeRomaji": "Akihabara Dennou Gumi: 2011 Nen no Natsuyasumi",
        "songName": "HOT SPICE",
        "artist": "Masami Okui",
        "type": "Ending 1",
        "correctCount": 2,
        "startTime": 62,
        "songDuration": 221.784,
        "songNumber": 82,
        "activePlayerCount": 144,
        "LinkVideo": "https://files.catbox.moe/q4lkcw.webm",
        "LinkMp3": "https://files.catbox.moe/5v0vw9.mp3",
        "annId": 2488,
        "songDifficulty": 17.205542817783815,
        "vintage": "Summer 1999",
        "correctPlayers": [
            "TKN",
            "ArukasFrost"
        ]
    },
    {
        "animeEng": "Mobile Suit Gundam 00 the Movie: A Wakening of the Trailblazer",
        "animeRomaji": "Gekijouban Kidou Senshi Gundam 00: A Wakening of the Trailblazer",
        "songName": "Tozasareta Sekai",
        "artist": "THE BACK HORN",
        "type": "Opening 1",
        "correctCount": 27,
        "startTime": 7,
        "songDuration": 102.096,
        "songNumber": 83,
        "activePlayerCount": 144,
        "LinkVideo": "https://files.catbox.moe/87ucx5.webm",
        "LinkMp3": "https://files.catbox.moe/h0r1cz.mp3",
        "annId": 10744,
        "songDifficulty": 21.605883880500937,
        "vintage": "Summer 2010"
    },
    {
        "animeEng": "Psychic Detective Yakumo",
        "animeRomaji": "Shinrei Tantei Yakumo",
        "songName": "Key -Phase3-",
        "artist": "Daisuke Ono",
        "type": "Opening 3",
        "correctCount": 22,
        "startTime": 25,
        "songDuration": 72.36,
        "songNumber": 84,
        "activePlayerCount": 144,
        "LinkVideo": "https://files.catbox.moe/jhnnld.webm",
        "LinkMp3": "https://files.catbox.moe/08ka41.mp3",
        "annId": 11191,
        "songDifficulty": 22.49544234764543,
        "vintage": "Fall 2010"
    },
    {
        "animeEng": "Megazone 23 Part II",
        "animeRomaji": "Megazone 23 Part II",
        "songName": "Lonely Sunset",
        "artist": "Kumi Miyasato",
        "type": "Insert Song",
        "correctCount": 15,
        "startTime": 14,
        "songDuration": 44.928,
        "songNumber": 85,
        "activePlayerCount": 141,
        "LinkVideo": "https://files.catbox.moe/pjdret.webm",
        "LinkMp3": "https://files.catbox.moe/5v3dx4.mp3",
        "annId": 2402,
        "songDifficulty": 14.73823879076087,
        "vintage": "Spring 1986"
    }
]