[
    {
        "animeEng": "Hypnosis Mic: Division Rap Battle - Rhyme Anima",
        "animeRomaji": "Hypnosis Mic: Division Rap Battle - Rhyme Anima",
        "songName": "D.R.B Rhyme Anima -2nd Battle- Fling Posse vs Matenro",
        "artist": "Fling Posse\u30fbMatenro",
        "type": "Insert Song",
        "correctCount": 43,
        "startTime": 174,
        "songDuration": 305.568,
        "songNumber": 1,
        "activePlayerCount": 106,
        "LinkVideo": "https://files.catbox.moe/4ydvo4.webm",
        "LinkMp3": "https://files.catbox.moe/tvpn1y.mp3",
        "annId": 22902,
        "songDifficulty": 53.40107377283105,
        "vintage": "Fall 2020"
    },
    {
        "animeEng": "Uta no\u2606Prince-sama\u266aMaji LOVE 2000%",
        "animeRomaji": "Uta no\u2606Prince-sama\u266aMaji LOVE 2000%",
        "songName": "Sirius e no Chikai",
        "artist": "Kishou Taniyama",
        "type": "Insert Song",
        "correctCount": 3,
        "startTime": 59,
        "songDuration": 122.28,
        "songNumber": 2,
        "activePlayerCount": 112,
        "LinkVideo": "https://files.catbox.moe/p4oqfo.webm",
        "LinkMp3": "https://files.catbox.moe/6kkjm5.mp3",
        "annId": 14884,
        "songDifficulty": 16.995650540865384,
        "vintage": "Spring 2013",
        "correctPlayers": [
            "Danchoo",
            "chiisanatamago",
            "revel_"
        ]
    },
    {
        "animeEng": "Love Live! School Idol Project",
        "animeRomaji": "Love Live! School Idol Project",
        "songName": "Yume no Tobira",
        "artist": "\u03bc's",
        "type": "Insert Song",
        "correctCount": 25,
        "startTime": 23,
        "songDuration": 132.072,
        "songNumber": 3,
        "activePlayerCount": 113,
        "LinkVideo": "https://files.catbox.moe/lggd7o.webm",
        "LinkMp3": "https://files.catbox.moe/3d698a.mp3",
        "annId": 15812,
        "songDifficulty": 43.24411486185383,
        "vintage": "Spring 2014"
    },
    {
        "animeEng": "Shounen Hollywood: Holly Stage for 50",
        "animeRomaji": "Shounen Hollywood: Holly Stage for 50",
        "songName": "Aoi Kyun Kyun Muffler",
        "artist": "Daiki Yamashita",
        "type": "Ending 9",
        "correctCount": 3,
        "startTime": 17,
        "songDuration": 88.728,
        "songNumber": 4,
        "activePlayerCount": 113,
        "LinkVideo": "https://files.catbox.moe/tkcu4l.webm",
        "LinkMp3": "https://files.catbox.moe/8ckp2p.mp3",
        "annId": 16307,
        "songDifficulty": 11.188406504755434,
        "vintage": "Winter 2015",
        "correctPlayers": [
            "Deafness",
            "ozsauce",
            "kneesoxluver"
        ]
    },
    {
        "animeEng": "Soccer Fever",
        "animeRomaji": "Soccer Fever",
        "songName": "BOOM BOOM AMERICA",
        "artist": "Paolo Zavallone",
        "type": "Ending 1",
        "correctCount": 73,
        "startTime": 60,
        "songDuration": 103.96556,
        "songNumber": 5,
        "activePlayerCount": 116,
        "LinkVideo": "https://files.catbox.moe/c99xz2.webm",
        "LinkMp3": "https://files.catbox.moe/lj0plu.mp3",
        "annId": 2192,
        "songDifficulty": 31.910133800287355,
        "vintage": "Winter 1994"
    },
    {
        "animeEng": "Devilman",
        "animeRomaji": "Devilman",
        "songName": "Kyou mo Dokoka de Devilman",
        "artist": "Keizo Toda",
        "type": "Ending 1",
        "correctCount": 94,
        "startTime": 17,
        "songDuration": 97.6896,
        "songNumber": 6,
        "activePlayerCount": 118,
        "LinkVideo": "https://files.catbox.moe/pdftw0.webm",
        "LinkMp3": "https://files.catbox.moe/hopxv9.mp3",
        "annId": 578,
        "songDifficulty": 33.13284519740513,
        "vintage": "Summer 1972"
    },
    {
        "animeEng": "World Trigger",
        "animeRomaji": "World Trigger",
        "songName": "Dream Trigger",
        "artist": "Pile",
        "type": "Ending 1",
        "correctCount": 29,
        "startTime": 52,
        "songDuration": 88.032,
        "songNumber": 7,
        "activePlayerCount": 118,
        "LinkVideo": "https://files.catbox.moe/084l0f.webm",
        "LinkMp3": "https://files.catbox.moe/4d1zpq.mp3",
        "annId": 16125,
        "songDifficulty": 26.175759047977266,
        "vintage": "Fall 2014"
    },
    {
        "animeEng": "Yuukan Club",
        "animeRomaji": "Yuukan Club",
        "songName": "SHAKE DANCE",
        "artist": "TOY BOYS",
        "type": "Ending 1",
        "correctCount": 1,
        "startTime": 88,
        "songDuration": 175.776,
        "songNumber": 8,
        "activePlayerCount": 120,
        "LinkVideo": "https://files.catbox.moe/5cwxef.webm",
        "LinkMp3": "https://files.catbox.moe/i3uand.mp3",
        "annId": 6007,
        "songDifficulty": 9.102460882636938,
        "vintage": "Summer 1991",
        "correctPlayers": [
            "ozsauce"
        ]
    },
    {
        "animeEng": "Eden of the East: Paradise Lost",
        "animeRomaji": "Higashi no Eden Gekijouban II: Paradise Lost",
        "songName": "Reveal the World",
        "artist": "BRENDA VAUGHN",
        "type": "Insert Song",
        "correctCount": 37,
        "startTime": 124,
        "songDuration": 238.337128,
        "songNumber": 9,
        "activePlayerCount": 121,
        "LinkVideo": "https://files.catbox.moe/yuxm78.webm",
        "LinkMp3": "https://files.catbox.moe/a5ul64.mp3",
        "annId": 10919,
        "songDifficulty": 21.12606581125828,
        "vintage": "Winter 2010"
    },
    {
        "animeEng": "Rascal Does Not Dream of Bunny Girl Senpai",
        "animeRomaji": "Seishun Buta Yarou wa Bunny Girl Senpai no Yume o Minai",
        "songName": "Kimi no Sei",
        "artist": "the peggies",
        "type": "Opening 1",
        "correctCount": 85,
        "startTime": 34,
        "songDuration": 88.848,
        "songNumber": 10,
        "activePlayerCount": 122,
        "LinkVideo": "https://files.catbox.moe/xsjxzk.webm",
        "LinkMp3": "https://files.catbox.moe/gyikfk.mp3",
        "annId": 20848,
        "songDifficulty": 53.184179511355254,
        "vintage": "Fall 2018"
    },
    {
        "animeEng": "RobiHachi",
        "animeRomaji": "RobiHachi",
        "songName": "Ginga Douchuu Hizakuriger!",
        "artist": "Akira Kushida",
        "type": "Insert Song",
        "correctCount": 15,
        "startTime": 4,
        "songDuration": 40.032,
        "songNumber": 11,
        "activePlayerCount": 123,
        "LinkVideo": "https://files.catbox.moe/u6ukgr.webm",
        "LinkMp3": "https://files.catbox.moe/dzemg0.mp3",
        "annId": 21590,
        "songDifficulty": 16.488535817838734,
        "vintage": "Spring 2019"
    },
    {
        "animeEng": "Hidamari Sketch \u00d7 365",
        "animeRomaji": "Hidamari Sketch \u00d7 365",
        "songName": "Otoko no Ko Puzzle",
        "artist": "Cho",
        "type": "Insert Song",
        "correctCount": 9,
        "startTime": 0,
        "songDuration": 27.504,
        "songNumber": 12,
        "activePlayerCount": 122,
        "LinkVideo": "https://files.catbox.moe/b03tls.webm",
        "LinkMp3": "https://files.catbox.moe/3kvk0d.mp3",
        "annId": 10758,
        "songDifficulty": 19.129513888888887,
        "vintage": "Fall 2009"
    },
    {
        "animeEng": "07-Ghost",
        "animeRomaji": "07-Ghost",
        "songName": "Hitomi no Kotae",
        "artist": "Noria",
        "type": "Ending 1",
        "correctCount": 8,
        "startTime": 15,
        "songDuration": 89.448,
        "songNumber": 13,
        "activePlayerCount": 122,
        "LinkVideo": "https://files.catbox.moe/srx2kz.webm",
        "LinkMp3": "https://files.catbox.moe/rgsgka.mp3",
        "annId": 10468,
        "songDifficulty": 14.872721109598046,
        "vintage": "Spring 2009"
    },
    {
        "animeEng": "Bakuman.",
        "animeRomaji": "Bakuman.",
        "songName": "Ai Ai Victory",
        "artist": "Noria",
        "type": "Insert Song",
        "correctCount": 19,
        "startTime": 0,
        "songDuration": 25.632,
        "songNumber": 14,
        "activePlayerCount": 122,
        "LinkVideo": "https://files.catbox.moe/3d1m84.webm",
        "LinkMp3": "https://files.catbox.moe/81vsyz.mp3",
        "annId": 13867,
        "songDifficulty": 13.758136827200104,
        "vintage": "Fall 2012"
    },
    {
        "animeEng": "Valvrave the Liberator",
        "animeRomaji": "Kakumeiki Valvrave",
        "songName": "Preserved Roses",
        "artist": "T.M.Revolution\u00d7Nana Mizuki",
        "type": "Opening 1",
        "correctCount": 78,
        "startTime": 28,
        "songDuration": 90.144,
        "songNumber": 15,
        "activePlayerCount": 121,
        "LinkVideo": "https://files.catbox.moe/yrlenq.webm",
        "LinkMp3": "https://files.catbox.moe/twbaj6.mp3",
        "annId": 14983,
        "songDifficulty": 37.84534255229538,
        "vintage": "Spring 2013"
    },
    {
        "animeEng": "ClassicaLoid",
        "animeRomaji": "ClassicaLoid",
        "songName": "ClassicaLoid ~ClassicaLoid no Theme~",
        "artist": "Tomoyasu Hotei & Steve Lipson",
        "type": "Opening 1",
        "correctCount": 64,
        "startTime": 28,
        "songDuration": 88.104,
        "songNumber": 16,
        "activePlayerCount": 121,
        "LinkVideo": "https://files.catbox.moe/zyj0b7.webm",
        "LinkMp3": "https://files.catbox.moe/6q1i3z.mp3",
        "annId": 19801,
        "songDifficulty": 29.293381720673427,
        "vintage": "Fall 2017"
    },
    {
        "animeEng": "Love Live! Sunshine!!",
        "animeRomaji": "Love Live! School Idol Project Sunshine!!",
        "songName": "Yume Kataru yori Yume Utaou",
        "artist": "Kanako Takatsuki & Ai Furihata",
        "type": "Ending 3",
        "correctCount": 37,
        "startTime": 3,
        "songDuration": 98.112,
        "songNumber": 17,
        "activePlayerCount": 122,
        "LinkVideo": "https://files.catbox.moe/4yqefj.webm",
        "LinkMp3": "https://files.catbox.moe/xpzn00.mp3",
        "annId": 17985,
        "songDifficulty": 45.2853855433633,
        "vintage": "Summer 2016"
    },
    {
        "animeEng": "Votoms Finder",
        "animeRomaji": "Votoms Finder",
        "songName": "Love chase ~Yume o Koete~",
        "artist": "Takashi Utsunomiya",
        "type": "Ending 1",
        "correctCount": 1,
        "startTime": 70,
        "songDuration": 242.699502,
        "songNumber": 18,
        "activePlayerCount": 124,
        "LinkVideo": "https://files.catbox.moe/yxh7kg.webm",
        "LinkMp3": "https://files.catbox.moe/2wctnv.mp3",
        "annId": 11856,
        "songDifficulty": 8.802785045695755,
        "vintage": "Fall 2010",
        "correctPlayers": [
            "kneesoxluver"
        ]
    },
    {
        "animeEng": "DRAGON PILOT: Hisone & Masotan",
        "animeRomaji": "Hisone to Masotan",
        "songName": "Le temps de la rentr\u00e9e ~Koi no Ieji (Shingakki)~",
        "artist": "Misaki Kuno\u00d7Tomoyo Kurosawa\u00d7Maki Kawase\u00d7Kaori Nazuka\u00d7Satomi Arai",
        "type": "Ending 8",
        "correctCount": 57,
        "startTime": 52,
        "songDuration": 88.057262,
        "songNumber": 19,
        "activePlayerCount": 124,
        "LinkVideo": "https://files.catbox.moe/u52mom.webm",
        "LinkMp3": "https://files.catbox.moe/3n02ap.mp3",
        "annId": 20625,
        "songDifficulty": 43.28697355267733,
        "vintage": "Spring 2018"
    },
    {
        "animeEng": "Minami Kamakura High School Girls Cycling Club",
        "animeRomaji": "MinaKama",
        "songName": "Niji Yume Road",
        "artist": "Ikasan",
        "type": "Ending 1",
        "correctCount": 6,
        "startTime": 30,
        "songDuration": 88.728,
        "songNumber": 20,
        "activePlayerCount": 123,
        "LinkVideo": "https://files.catbox.moe/y86w5z.webm",
        "LinkMp3": "https://files.catbox.moe/6lgk5j.mp3",
        "annId": 18776,
        "songDifficulty": 10.587221162025429,
        "vintage": "Winter 2017"
    },
    {
        "animeEng": "Moero! Top Striker",
        "animeRomaji": "Moero! Top Striker",
        "songName": "Field no Kishi",
        "artist": "Rica Matsumoto",
        "type": "Insert Song",
        "correctCount": 0,
        "startTime": 36,
        "songDuration": 70.242058,
        "songNumber": 21,
        "activePlayerCount": 125,
        "LinkVideo": "https://files.catbox.moe/o7hh5t.webm",
        "LinkMp3": "https://files.catbox.moe/70r6ck.mp3",
        "annId": 531,
        "songDifficulty": 8.345070422535212,
        "vintage": "Fall 1991"
    },
    {
        "animeEng": "Kiratto Pri\u2606Chan",
        "animeRomaji": "Kiratto Pri\u2606Chan",
        "songName": "Fortune Carat",
        "artist": "Suzuko Mimori",
        "type": "Insert Song",
        "correctCount": 14,
        "startTime": 73,
        "songDuration": 147.040738,
        "songNumber": 22,
        "activePlayerCount": 124,
        "LinkVideo": "https://files.catbox.moe/lwmdxs.webm",
        "LinkMp3": "https://files.catbox.moe/f8alm6.mp3",
        "annId": 20580,
        "songDifficulty": 26.317488092472118,
        "vintage": "Spring 2018"
    },
    {
        "animeEng": "Saint Seiya: The Lost Canvas",
        "animeRomaji": "Saint Seiya: The Lost Canvas - Meiou Shinwa Dai-Ni-Shou",
        "songName": "The Realm of Athena",
        "artist": "EUROX",
        "type": "Opening 1",
        "correctCount": 60,
        "startTime": 14,
        "songDuration": 89.064,
        "songNumber": 23,
        "activePlayerCount": 128,
        "LinkVideo": "https://files.catbox.moe/7rsxg4.webm",
        "LinkMp3": "https://files.catbox.moe/0xm6l8.mp3",
        "annId": 12276,
        "songDifficulty": 33.16781621796827,
        "vintage": "Winter 2011"
    },
    {
        "animeEng": "Yatterman",
        "animeRomaji": "Yatterman",
        "songName": "Mach Go Go Go",
        "artist": "Vocal Shop",
        "type": "Insert Song",
        "correctCount": 71,
        "startTime": 21,
        "songDuration": 63.216,
        "songNumber": 24,
        "activePlayerCount": 129,
        "LinkVideo": "https://files.catbox.moe/teq10m.webm",
        "LinkMp3": "https://files.catbox.moe/ew873c.mp3",
        "annId": 8783,
        "songDifficulty": 44.73838541666667,
        "vintage": "Winter 2008"
    },
    {
        "animeEng": "Aikatsu!: Nerawareta Mahou no Aikatsu! Card",
        "animeRomaji": "Aikatsu!: Nerawareta Mahou no Aikatsu! Card",
        "songName": "START DASH SENSATION",
        "artist": "Ruka\u30fbMona\u30fbMiki from AIKATSU\u2606STARS!",
        "type": "Ending 1",
        "correctCount": 50,
        "startTime": 31,
        "songDuration": 106.752,
        "songNumber": 25,
        "activePlayerCount": 129,
        "LinkVideo": "https://files.catbox.moe/lllkje.webm",
        "LinkMp3": "https://files.catbox.moe/29e85j.mp3",
        "annId": 18548,
        "songDifficulty": 31.285373378771837,
        "vintage": "Summer 2016"
    },
    {
        "animeEng": "Ajin: Demi-Human",
        "animeRomaji": "Ajin",
        "songName": "HOW CLOSE YOU ARE",
        "artist": "Mamoru Miyano",
        "type": "Ending 1",
        "correctCount": 52,
        "startTime": 1,
        "songDuration": 89.088,
        "songNumber": 26,
        "activePlayerCount": 130,
        "LinkVideo": "https://files.catbox.moe/p6az7e.webm",
        "LinkMp3": "https://files.catbox.moe/pcaml1.mp3",
        "annId": 19017,
        "songDifficulty": 30.410067057898416,
        "vintage": "Spring 2016"
    },
    {
        "animeEng": "Wonder Egg Priority",
        "animeRomaji": "Wonder Egg Priority",
        "songName": "Colorful",
        "artist": "mito",
        "type": "Insert Song",
        "correctCount": 33,
        "startTime": 25,
        "songDuration": 99.168,
        "songNumber": 27,
        "activePlayerCount": 131,
        "LinkVideo": "https://files.catbox.moe/41ar5r.webm",
        "LinkMp3": "https://files.catbox.moe/mhwpz8.mp3",
        "annId": 23787,
        "songDifficulty": 9.742356197111176,
        "vintage": "Winter 2021"
    },
    {
        "animeEng": "given: Uragawa no Sonzai",
        "animeRomaji": "given: Uragawa no Sonzai",
        "songName": "Yoru ga Akeru",
        "artist": "Given",
        "type": "Insert Song",
        "correctCount": 27,
        "startTime": 26,
        "songDuration": 75.336,
        "songNumber": 28,
        "activePlayerCount": 130,
        "LinkVideo": "https://files.catbox.moe/7ahw9q.webm",
        "LinkMp3": "https://files.catbox.moe/u86n9q.mp3",
        "annId": 24386,
        "songDifficulty": 28.560581373131793,
        "vintage": "Fall 2021"
    },
    {
        "animeEng": "Saber Marionette J to X",
        "animeRomaji": "Saber Marionette J to X",
        "songName": "Proof of Myself",
        "artist": "Megumi Hayashibara",
        "type": "Opening 1",
        "correctCount": 3,
        "startTime": 9,
        "songDuration": 89.52,
        "songNumber": 29,
        "activePlayerCount": 129,
        "LinkVideo": "https://files.catbox.moe/q5iyeh.webm",
        "LinkMp3": "https://files.catbox.moe/75gb88.mp3",
        "annId": 334,
        "songDifficulty": 14.97980251346499,
        "vintage": "Fall 1998",
        "correctPlayers": [
            "Rukawa11",
            "mochiii",
            "watashiii"
        ]
    },
    {
        "animeEng": "Gamers!",
        "animeRomaji": "Gamers!",
        "songName": "GAMERS!",
        "artist": "Hisako Kanemoto, Manaka Iwami, Rumi Ookubo",
        "type": "Opening 1",
        "correctCount": 94,
        "startTime": 40,
        "songDuration": 89.52,
        "songNumber": 30,
        "activePlayerCount": 130,
        "LinkVideo": "https://files.catbox.moe/6pzw5c.webm",
        "LinkMp3": "https://files.catbox.moe/68f7b7.mp3",
        "annId": 19399,
        "songDifficulty": 44.890979814970564,
        "vintage": "Summer 2017"
    },
    {
        "animeEng": "Mushoku Tensei: Jobless Reincarnation",
        "animeRomaji": "Mushoku Tensei: Isekai Ittara Honki Dasu",
        "songName": "Tabibito no Uta",
        "artist": "Yuiko Ohara",
        "type": "Opening 1",
        "correctCount": 98,
        "startTime": 17,
        "songDuration": 87.168,
        "songNumber": 31,
        "activePlayerCount": 130,
        "LinkVideo": "https://files.catbox.moe/257o8n.webm",
        "LinkMp3": "https://files.catbox.moe/7lpkzf.mp3",
        "annId": 22589,
        "songDifficulty": 46.96955472927294,
        "vintage": "Winter 2021"
    },
    {
        "animeEng": "High School Fleet Movie",
        "animeRomaji": "Haifuri Gekijouban",
        "songName": "High Free Spirits",
        "artist": "TrySail",
        "type": "Insert Song",
        "correctCount": 80,
        "startTime": 49,
        "songDuration": 90.936,
        "songNumber": 32,
        "activePlayerCount": 132,
        "LinkVideo": "https://files.catbox.moe/9mkkl4.webm",
        "LinkMp3": "https://files.catbox.moe/lcmp9j.mp3",
        "annId": 22556,
        "songDifficulty": 40.301556380548305,
        "vintage": "Winter 2020"
    },
    {
        "animeEng": "Detective Conan: The Raven Chaser",
        "animeRomaji": "Meitantei Conan: Shikkoku no Chaser",
        "songName": "PUZZLE",
        "artist": "Mai Kuraki",
        "type": "Ending 1",
        "correctCount": 14,
        "startTime": 195,
        "songDuration": 227.04,
        "songNumber": 33,
        "activePlayerCount": 133,
        "LinkVideo": "https://files.catbox.moe/nq4eps.webm",
        "LinkMp3": "https://files.catbox.moe/ynoccu.mp3",
        "annId": 10522,
        "songDifficulty": 13.473438259232264,
        "vintage": "Spring 2009"
    },
    {
        "animeEng": "Kaguya-sama: Love is War",
        "animeRomaji": "Kaguya-sama wa Kokurasetai: Tensai-tachi no Renai Zunousen",
        "songName": "Sentimental Crisis",
        "artist": "halca",
        "type": "Ending 1",
        "correctCount": 79,
        "startTime": 47,
        "songDuration": 88.776,
        "songNumber": 34,
        "activePlayerCount": 134,
        "LinkVideo": "https://files.catbox.moe/96clqj.webm",
        "LinkMp3": "https://files.catbox.moe/8zi2q4.mp3",
        "annId": 21401,
        "songDifficulty": 26.20638572386059,
        "vintage": "Winter 2019"
    },
    {
        "animeEng": "Amagami SS+",
        "animeRomaji": "Amagami SS+",
        "songName": "Check My Soul",
        "artist": "azusa",
        "type": "Opening 1",
        "correctCount": 50,
        "startTime": 20,
        "songDuration": 88.008,
        "songNumber": 35,
        "activePlayerCount": 134,
        "LinkVideo": "https://files.catbox.moe/ipsr1n.webm",
        "LinkMp3": "https://files.catbox.moe/bhpjzh.mp3",
        "annId": 13328,
        "songDifficulty": 25.19094606507453,
        "vintage": "Winter 2012"
    },
    {
        "animeEng": "Tokyo Ghoul",
        "animeRomaji": "Tokyo Ghoul",
        "songName": "unravel",
        "artist": "TK from Ling Tosite Sigure",
        "type": "Opening 1",
        "correctCount": 129,
        "startTime": 25,
        "songDuration": 86.907894,
        "songNumber": 36,
        "activePlayerCount": 135,
        "LinkVideo": "https://files.catbox.moe/zzkjlg.webm",
        "LinkMp3": "https://files.catbox.moe/lkhvvb.mp3",
        "annId": 16087,
        "songDifficulty": 85.35142826043011,
        "vintage": "Summer 2014"
    },
    {
        "animeEng": "Frame Arms Girl",
        "animeRomaji": "Frame Arms Girl",
        "songName": "FULLSCRATCH LOVE",
        "artist": "FA Girls #11",
        "type": "Ending 11",
        "correctCount": 11,
        "startTime": 23,
        "songDuration": 88.968,
        "songNumber": 37,
        "activePlayerCount": 136,
        "LinkVideo": "https://files.catbox.moe/mn0gnm.webm",
        "LinkMp3": "https://files.catbox.moe/1ia0dn.mp3",
        "annId": 19010,
        "songDifficulty": 16.324346739842728,
        "vintage": "Spring 2017"
    },
    {
        "animeEng": "Paul no Miracle Daisakusen",
        "animeRomaji": "Paul no Miracle Daisakusen",
        "songName": "Paul no Bouken",
        "artist": "Kumiko Oosugi & Columbia Yurikago-kai",
        "type": "Opening 1",
        "correctCount": 4,
        "startTime": 45,
        "songDuration": 77.088,
        "songNumber": 38,
        "activePlayerCount": 136,
        "LinkVideo": "https://files.catbox.moe/rdzdfe.webm",
        "LinkMp3": "https://files.catbox.moe/axomnx.mp3",
        "annId": 1682,
        "songDifficulty": 5.232099153485872,
        "vintage": "Fall 1976",
        "correctPlayers": [
            "Rukawa11",
            "munyamunya",
            "YoshiNuber",
            "Edwardd"
        ]
    },
    {
        "animeEng": "One Piece Episode of Sorajima",
        "animeRomaji": "One Piece Episode of Sorajima",
        "songName": "Hope",
        "artist": "Namie Amuro",
        "type": "Ending 1",
        "correctCount": 75,
        "startTime": 33,
        "songDuration": 117.731854,
        "songNumber": 39,
        "activePlayerCount": 136,
        "LinkVideo": "https://files.catbox.moe/7n5a0z.webm",
        "LinkMp3": "https://files.catbox.moe/iwgcm7.mp3",
        "annId": 20960,
        "songDifficulty": 42.44573414874945,
        "vintage": "Summer 2018"
    },
    {
        "animeEng": "My Next Life as a Villainess: All Routes Lead to Doom! X",
        "animeRomaji": "Hamefura X",
        "songName": "Otome no Route wa Hitotsu ja Nai!",
        "artist": "angela",
        "type": "Ending 2",
        "correctCount": 108,
        "startTime": 51,
        "songDuration": 101.184,
        "songNumber": 40,
        "activePlayerCount": 136,
        "LinkVideo": "https://files.catbox.moe/5il96o.webm",
        "LinkMp3": "https://files.catbox.moe/5p8qgr.mp3",
        "annId": 23895,
        "songDifficulty": 48.214635732870775,
        "vintage": "Summer 2021"
    },
    {
        "animeEng": "Wake Up, Girls! Beyond the Bottom",
        "animeRomaji": "Wake Up, Girls! Beyond the Bottom",
        "songName": "Tomaranai Mirai",
        "artist": "I-1 club",
        "type": "Insert Song",
        "correctCount": 6,
        "startTime": 2,
        "songDuration": 55.608,
        "songNumber": 41,
        "activePlayerCount": 137,
        "LinkVideo": "https://files.catbox.moe/0160pw.webm",
        "LinkMp3": "https://files.catbox.moe/wzbj3y.mp3",
        "annId": 17367,
        "songDifficulty": 8.107088905177346,
        "vintage": "Fall 2015"
    },
    {
        "animeEng": "Big Order",
        "animeRomaji": "Big Order",
        "songName": "Geki",
        "artist": "Yousei Teikoku",
        "type": "Ending 1",
        "correctCount": 2,
        "startTime": 168,
        "songDuration": 271.56,
        "songNumber": 42,
        "activePlayerCount": 136,
        "LinkVideo": "https://files.catbox.moe/20x43f.webm",
        "LinkMp3": "https://files.catbox.moe/z82ocw.mp3",
        "annId": 16796,
        "songDifficulty": 13.244714300728699,
        "vintage": "Fall 2015",
        "correctPlayers": [
            "SakuraFujima",
            "amehaneyuki"
        ]
    },
    {
        "animeEng": "Happy ComeCome",
        "animeRomaji": "Happy ComeCome",
        "songName": "Replay",
        "artist": "TARAKO",
        "type": "Ending 1",
        "correctCount": 1,
        "startTime": 1,
        "songDuration": 86.904,
        "songNumber": 43,
        "activePlayerCount": 137,
        "LinkVideo": "https://files.catbox.moe/ob5mj7.webm",
        "LinkMp3": "https://files.catbox.moe/u7vdxc.mp3",
        "annId": 16806,
        "songDifficulty": 0.702247191011236,
        "vintage": "Winter 2015",
        "correctPlayers": [
            "kneesoxluver"
        ]
    },
    {
        "animeEng": "Pompo: The Cin\u00e9phile",
        "animeRomaji": "Eiga Daisuki Pompo-san",
        "songName": "Mado o Akete",
        "artist": "CIEL",
        "type": "Ending 1",
        "correctCount": 13,
        "startTime": 57,
        "songDuration": 212.76,
        "songNumber": 44,
        "activePlayerCount": 136,
        "LinkVideo": "https://files.catbox.moe/08l8hq.webm",
        "LinkMp3": "https://files.catbox.moe/7q2vi3.mp3",
        "annId": 23070,
        "songDifficulty": 21.60900185324929,
        "vintage": "Spring 2021"
    },
    {
        "animeEng": "Life Lessons with Uramichi Oniisan",
        "animeRomaji": "Uramichi Onii-san",
        "songName": "Endless Mousho",
        "artist": "Mamoru Miyano & Nana Mizuki",
        "type": "Insert Song",
        "correctCount": 67,
        "startTime": 32,
        "songDuration": 112.848,
        "songNumber": 45,
        "activePlayerCount": 135,
        "LinkVideo": "https://files.catbox.moe/zbr5lh.webm",
        "LinkMp3": "https://files.catbox.moe/wp51o7.mp3",
        "annId": 22938,
        "songDifficulty": 43.367495280696,
        "vintage": "Summer 2021"
    },
    {
        "animeEng": "Eiga Crayon Shin-chan: Shuurai! Uchuujin Shiriri",
        "animeRomaji": "Eiga Crayon Shin-chan: Shuurai! Uchuujin Shiriri",
        "songName": "Road Movie",
        "artist": "Yuu Takahashi",
        "type": "Ending 1",
        "correctCount": 1,
        "startTime": 0,
        "songDuration": 199.344,
        "songNumber": 46,
        "activePlayerCount": 137,
        "LinkVideo": "https://files.catbox.moe/so8nnc.webm",
        "LinkMp3": "https://files.catbox.moe/yztqsi.mp3",
        "annId": 19582,
        "songDifficulty": 5.617008912373004,
        "vintage": "Spring 2017",
        "correctPlayers": [
            "MikelOyarzabal"
        ]
    },
    {
        "animeEng": "Sword Art Online II",
        "animeRomaji": "Sword Art Online II",
        "songName": "IGNITE",
        "artist": "Eir Aoi",
        "type": "Opening 1",
        "correctCount": 89,
        "startTime": 14,
        "songDuration": 90.048,
        "songNumber": 47,
        "activePlayerCount": 137,
        "LinkVideo": "https://files.catbox.moe/n8h0fu.webm",
        "LinkMp3": "https://files.catbox.moe/2u2ii0.mp3",
        "annId": 15804,
        "songDifficulty": 47.74545434820344,
        "vintage": "Summer 2014"
    },
    {
        "animeEng": "Kirarin Revolution",
        "animeRomaji": "Kirarin Revolution",
        "songName": "Tan Tan Taan!",
        "artist": "MilkyWay",
        "type": "Opening 7",
        "correctCount": 7,
        "startTime": 49,
        "songDuration": 89.311118,
        "songNumber": 48,
        "activePlayerCount": 137,
        "LinkVideo": "https://files.catbox.moe/u05zof.webm",
        "LinkMp3": "https://files.catbox.moe/5qd8rb.mp3",
        "annId": 6178,
        "songDifficulty": 14.509713150330146,
        "vintage": "Spring 2006"
    },
    {
        "animeEng": "Dragon Ball Z Kai",
        "animeRomaji": "Dragon Ball Kai",
        "songName": "Dragon Soul",
        "artist": "Takayoshi Tanimoto",
        "type": "Opening 1",
        "correctCount": 81,
        "startTime": 53,
        "songDuration": 84,
        "songNumber": 49,
        "activePlayerCount": 138,
        "LinkVideo": "https://files.catbox.moe/1re7yl.webm",
        "LinkMp3": "https://files.catbox.moe/vp182q.mp3",
        "annId": 10877,
        "songDifficulty": 43.277618012204535,
        "vintage": "Spring 2009"
    },
    {
        "animeEng": "Elfen Lied",
        "animeRomaji": "Elfen Lied",
        "songName": "LILIUM",
        "artist": "Kumiko Noma",
        "type": "Opening 1",
        "correctCount": 125,
        "startTime": 38,
        "songDuration": 90.068656,
        "songNumber": 50,
        "activePlayerCount": 137,
        "LinkVideo": "https://files.catbox.moe/t0vii7.webm",
        "LinkMp3": "https://files.catbox.moe/q255eo.mp3",
        "annId": 4148,
        "songDifficulty": 62.80466613566972,
        "vintage": "Summer 2004"
    },
    {
        "animeEng": "Rokka: Braves of the Six Flowers",
        "animeRomaji": "Rokka no Yuusha",
        "songName": "Black Swallowtail",
        "artist": "UROBOROS",
        "type": "Opening 2",
        "correctCount": 58,
        "startTime": 52,
        "songDuration": 89.184,
        "songNumber": 51,
        "activePlayerCount": 136,
        "LinkVideo": "https://files.catbox.moe/8u03oq.webm",
        "LinkMp3": "https://files.catbox.moe/l5jt3o.mp3",
        "annId": 16554,
        "songDifficulty": 20.422326136078333,
        "vintage": "Summer 2015"
    },
    {
        "animeEng": "Engaged to the Unidentified",
        "animeRomaji": "Mikakunin de Shinkoukei",
        "songName": "Tomadoi\u2192Recipe",
        "artist": "Mikakuning!",
        "type": "Opening 1",
        "correctCount": 91,
        "startTime": 59,
        "songDuration": 90.096,
        "songNumber": 52,
        "activePlayerCount": 137,
        "LinkVideo": "https://files.catbox.moe/3atfa3.webm",
        "LinkMp3": "https://files.catbox.moe/jkwk0z.mp3",
        "annId": 15618,
        "songDifficulty": 34.15915323733295,
        "vintage": "Winter 2014"
    },
    {
        "animeEng": "Nabari no Ou",
        "animeRomaji": "Nabari no Ou",
        "songName": "CRAWL",
        "artist": "VELTPUNCH",
        "type": "Opening 1",
        "correctCount": 30,
        "startTime": 29,
        "songDuration": 89.736,
        "songNumber": 53,
        "activePlayerCount": 137,
        "LinkVideo": "https://files.catbox.moe/0jvbiq.webm",
        "LinkMp3": "https://files.catbox.moe/8112rv.mp3",
        "annId": 9102,
        "songDifficulty": 19.47155973713293,
        "vintage": "Spring 2008"
    },
    {
        "animeEng": "Eagle Sam",
        "animeRomaji": "Eagle Sam",
        "songName": "Niji-iro I Love You",
        "artist": "Eagles",
        "type": "Ending 2",
        "correctCount": 6,
        "startTime": 9,
        "songDuration": 64.008,
        "songNumber": 54,
        "activePlayerCount": 138,
        "LinkVideo": "https://files.catbox.moe/gf4rwt.webm",
        "LinkMp3": "https://files.catbox.moe/5aqm3x.mp3",
        "annId": 2187,
        "songDifficulty": 19.14191459429146,
        "vintage": "Spring 1983"
    },
    {
        "animeEng": "Blue Reflection Ray",
        "animeRomaji": "Blue Reflection Ray",
        "songName": "Atok",
        "artist": "Eir Aoi",
        "type": "Opening 2",
        "correctCount": 8,
        "startTime": 22,
        "songDuration": 88.392,
        "songNumber": 55,
        "activePlayerCount": 138,
        "LinkVideo": "https://files.catbox.moe/zb8zpw.webm",
        "LinkMp3": "https://files.catbox.moe/liy4al.mp3",
        "annId": 24041,
        "songDifficulty": 18.357250292056076,
        "vintage": "Spring 2021"
    },
    {
        "animeEng": "Your Lie in April",
        "animeRomaji": "KimiUso",
        "songName": "\u00c9tude R\u00e9volutionnaire Op. 10 No.12",
        "artist": "Fr\u00e9d\u00e9ric Chopin",
        "type": "Insert Song",
        "correctCount": 83,
        "startTime": 152,
        "songDuration": 213.390618,
        "songNumber": 56,
        "activePlayerCount": 138,
        "LinkVideo": "https://files.catbox.moe/9whjvf.webm",
        "LinkMp3": "https://files.catbox.moe/piqf60.mp3",
        "annId": 16108,
        "songDifficulty": 70.26157491797302,
        "vintage": "Fall 2014"
    },
    {
        "animeEng": "Ancient Girl's Frame",
        "animeRomaji": "Toushinki G's Frame",
        "songName": "Ten",
        "artist": "Kuhaku Gokko",
        "type": "Opening 1",
        "correctCount": 6,
        "startTime": 39,
        "songDuration": 87.312,
        "songNumber": 57,
        "activePlayerCount": 138,
        "LinkVideo": "https://files.catbox.moe/7n84yl.webm",
        "LinkMp3": "https://files.catbox.moe/dmt2ul.mp3",
        "annId": 24828,
        "songDifficulty": 11.246176646609731,
        "vintage": "Fall 2021"
    },
    {
        "animeEng": "City Hunter 2",
        "animeRomaji": "City Hunter 2",
        "songName": "FOOT STEPS",
        "artist": "Momoko Kitadai",
        "type": "Insert Song",
        "correctCount": 22,
        "startTime": 10,
        "songDuration": 68.136,
        "songNumber": 58,
        "activePlayerCount": 138,
        "LinkVideo": "https://files.catbox.moe/jea0sh.webm",
        "LinkMp3": "https://files.catbox.moe/5j0az2.mp3",
        "annId": 484,
        "songDifficulty": 30.53232781145485,
        "vintage": "Spring 1988"
    },
    {
        "animeEng": "Pok\u00e9mon the Movie: Hoopa and the Clash of Ages",
        "animeRomaji": "Gekijouban Pocket Monsters XY: Ring no Choumajin Hoopa",
        "songName": "Tweedia",
        "artist": "Rei Yasuda",
        "type": "Ending 1",
        "correctCount": 25,
        "startTime": 9,
        "songDuration": 262.008,
        "songNumber": 59,
        "activePlayerCount": 137,
        "LinkVideo": "https://files.catbox.moe/lfpf54.webm",
        "LinkMp3": "https://files.catbox.moe/xfmi2t.mp3",
        "annId": 16735,
        "songDifficulty": 14.552201704545455,
        "vintage": "Summer 2015"
    },
    {
        "animeEng": "Time Bokan Series: Yatterman",
        "animeRomaji": "Time Bokan Series: Yatterman",
        "songName": "Yatterman no Uta",
        "artist": "Masayuki Yamamoto & Shounen Shoujo Gasshou-dan Mizuumi",
        "type": "Opening 1",
        "correctCount": 20,
        "startTime": 0,
        "songDuration": 73.977504,
        "songNumber": 60,
        "activePlayerCount": 137,
        "LinkVideo": "https://files.catbox.moe/i4btaw.webm",
        "LinkMp3": "https://files.catbox.moe/mqnaj4.mp3",
        "annId": 1746,
        "songDifficulty": 28.12074360994398,
        "vintage": "Winter 1977"
    },
    {
        "animeEng": "Tantei Opera Milky Holmes Dai-2-Maku",
        "animeRomaji": "Tantei Opera Milky Holmes Dai-2-Maku",
        "songName": "Watashi ga Anata o Michibiite Yuku",
        "artist": "NICO",
        "type": "Insert Song",
        "correctCount": 11,
        "startTime": 35,
        "songDuration": 76.08,
        "songNumber": 61,
        "activePlayerCount": 137,
        "LinkVideo": "https://files.catbox.moe/vlwqcu.webm",
        "LinkMp3": "https://files.catbox.moe/n1kok6.mp3",
        "annId": 13314,
        "songDifficulty": 8.454711686743483,
        "vintage": "Winter 2012"
    },
    {
        "animeEng": "Ai City",
        "animeRomaji": "Ai City",
        "songName": "Dream girl",
        "artist": "Yuki Ueda",
        "type": "Insert Song",
        "correctCount": 4,
        "startTime": 25,
        "songDuration": 70.104,
        "songNumber": 62,
        "activePlayerCount": 138,
        "LinkVideo": "https://files.catbox.moe/t7dd69.webm",
        "LinkMp3": "https://files.catbox.moe/99tqb7.mp3",
        "annId": 2025,
        "songDifficulty": 5.558293485093391,
        "vintage": "Summer 1986",
        "correctPlayers": [
            "Python",
            "qwertykiller99",
            "SakuraFujima",
            "Zurex"
        ]
    },
    {
        "animeEng": "Butt Attack Punisher Girl Gautaman R",
        "animeRomaji": "Dengeki Oshioki Musume Goutaman R: Ai to Kanashimi no Final Battle",
        "songName": "Ari no Mama, Kimi no Mama",
        "artist": "Noriko Noguchi",
        "type": "Ending 1",
        "correctCount": 3,
        "startTime": 96,
        "songDuration": 144.048,
        "songNumber": 63,
        "activePlayerCount": 139,
        "LinkVideo": "https://files.catbox.moe/skw0xn.webm",
        "LinkMp3": "https://files.catbox.moe/6s0y4k.mp3",
        "annId": 8222,
        "songDifficulty": 13.246232618979358,
        "vintage": "Fall 1994",
        "correctPlayers": [
            "revel_",
            "ozsauce",
            "Zurex"
        ]
    },
    {
        "animeEng": "Burning-Eyed Shana",
        "animeRomaji": "Shakugan no Shana",
        "songName": "being",
        "artist": "KOTOKO",
        "type": "Opening 2",
        "correctCount": 40,
        "startTime": 61,
        "songDuration": 90,
        "songNumber": 64,
        "activePlayerCount": 139,
        "LinkVideo": "https://files.catbox.moe/hdhrg5.webm",
        "LinkMp3": "https://files.catbox.moe/nt78bk.mp3",
        "annId": 5943,
        "songDifficulty": 22.118132506909014,
        "vintage": "Summer 2005"
    },
    {
        "animeEng": "PriPara",
        "animeRomaji": "PriPara",
        "songName": "Kumikyoku Forever\u2606Friends~Daiyongakushou~We Are The Friends!",
        "artist": "SoLaMi\u2661SMILE, DressingPaf\u00e9, NonSugar, Tricolore, Gaarmageddon, UCCHARI BIG-BANGS",
        "type": "Insert Song",
        "correctCount": 57,
        "startTime": 59,
        "songDuration": 140.4,
        "songNumber": 65,
        "activePlayerCount": 140,
        "LinkVideo": "https://files.catbox.moe/xgmcfv.webm",
        "LinkMp3": "https://files.catbox.moe/sizit2.mp3",
        "annId": 18090,
        "songDifficulty": 29.95528136897208,
        "vintage": "Spring 2016"
    },
    {
        "animeEng": "Kiss wa Me ni Shite",
        "animeRomaji": "Kiss wa Me ni Shite",
        "songName": "Kiss wa Me ni Shite Poo!!",
        "artist": "The 5 TEARDROPS",
        "type": "Ending 1",
        "correctCount": 6,
        "startTime": 32,
        "songDuration": 89.904,
        "songNumber": 66,
        "activePlayerCount": 139,
        "LinkVideo": "https://files.catbox.moe/les0dy.webm",
        "LinkMp3": "https://files.catbox.moe/wt0wu0.mp3",
        "annId": 6917,
        "songDifficulty": 20.166346354166667,
        "vintage": "Summer 1993"
    },
    {
        "animeEng": "Romeo \u00d7 Juliet",
        "animeRomaji": "Romeo \u00d7 Juliet",
        "songName": "Cyclone",
        "artist": "12012",
        "type": "Ending 1",
        "correctCount": 3,
        "startTime": 45,
        "songDuration": 84.552,
        "songNumber": 67,
        "activePlayerCount": 140,
        "LinkVideo": "https://files.catbox.moe/vg4p3k.webm",
        "LinkMp3": "https://files.catbox.moe/8aeou3.mp3",
        "annId": 7087,
        "songDifficulty": 12.156065389554794,
        "vintage": "Spring 2017",
        "correctPlayers": [
            "ozsauce",
            "amehaneyuki",
            "Janoxx"
        ]
    },
    {
        "animeEng": "Koihime\u2020Musou",
        "animeRomaji": "Koihime\u2020Musou",
        "songName": "Yappari Sekai wa Atashi Legend!!",
        "artist": "fripSide NAO project!",
        "type": "Ending 1",
        "correctCount": 16,
        "startTime": 19,
        "songDuration": 84.048,
        "songNumber": 68,
        "activePlayerCount": 140,
        "LinkVideo": "https://files.catbox.moe/r6sflr.webm",
        "LinkMp3": "https://files.catbox.moe/lqltnl.mp3",
        "annId": 10253,
        "songDifficulty": 19.805809202981653,
        "vintage": "Spring 2009"
    },
    {
        "animeEng": "My Hero Academia",
        "animeRomaji": "Boku no Hero Academia",
        "songName": "No.1",
        "artist": "DISH//",
        "type": "Opening 1",
        "correctCount": 64,
        "startTime": 47,
        "songDuration": 89.472,
        "songNumber": 69,
        "activePlayerCount": 140,
        "LinkVideo": "https://files.catbox.moe/5p21u8.webm",
        "LinkMp3": "https://files.catbox.moe/7zdkco.mp3",
        "annId": 23862,
        "songDifficulty": 42.191124599175446,
        "vintage": "Winter 2021"
    },
    {
        "animeEng": "Pikachu's Winter Vacation 2001",
        "animeRomaji": "Pocket Monsters: Pikachu no Fuyuyasumi 2001",
        "songName": "Pichu Pika\u266aSwing!",
        "artist": "Neo\u2605Pockets",
        "type": "Opening 2",
        "correctCount": 41,
        "startTime": 50,
        "songDuration": 99.072,
        "songNumber": 70,
        "activePlayerCount": 140,
        "LinkVideo": "https://files.catbox.moe/872z5w.webm",
        "LinkMp3": "https://files.catbox.moe/9u4yyt.mp3",
        "annId": 2755,
        "songDifficulty": 21.906331132852078,
        "vintage": "Fall 2000"
    },
    {
        "animeEng": "Hanasaku Iroha: Blossoms for Tomorrow",
        "animeRomaji": "Hanasaku Iroha",
        "songName": "Tsukikage to Buranko",
        "artist": "nano.RIPE",
        "type": "Ending 2",
        "correctCount": 30,
        "startTime": 19,
        "songDuration": 159.96,
        "songNumber": 71,
        "activePlayerCount": 140,
        "LinkVideo": "https://files.catbox.moe/m4wsc7.webm",
        "LinkMp3": "https://files.catbox.moe/6z5bva.mp3",
        "annId": 11795,
        "songDifficulty": 25.720749591098336,
        "vintage": "Spring 2011"
    },
    {
        "animeEng": "Princess Connect! Re:Dive",
        "animeRomaji": "Princess Connect! Re:Dive",
        "songName": "Connecting Happy!!",
        "artist": "M\u30fbA\u30fbO, Miku Itou, Rika Tachibana",
        "type": "Ending 2",
        "correctCount": 45,
        "startTime": 60,
        "songDuration": 115.056,
        "songNumber": 72,
        "activePlayerCount": 140,
        "LinkVideo": "https://files.catbox.moe/ujxmo9.webm",
        "LinkMp3": "https://files.catbox.moe/1cb7xk.mp3",
        "annId": 21808,
        "songDifficulty": 18.420895795761947,
        "vintage": "Spring 2020"
    },
    {
        "animeEng": "My Three Daughters",
        "animeRomaji": "Uchi no 3 Shimai",
        "songName": "Shode! Shode! Dancing!",
        "artist": "Mayu Kudou",
        "type": "Opening 1",
        "correctCount": 6,
        "startTime": 9,
        "songDuration": 90.303754,
        "songNumber": 73,
        "activePlayerCount": 140,
        "LinkVideo": "https://files.catbox.moe/3kezbg.webm",
        "LinkMp3": "https://files.catbox.moe/uzg5ks.mp3",
        "annId": 9274,
        "songDifficulty": 7.714503799299218,
        "vintage": "Spring 2008"
    },
    {
        "animeEng": "Cap Kakumei Bottleman",
        "animeRomaji": "Cap Kakumei Bottleman",
        "songName": "Cap Kakumei Bottleman",
        "artist": "The50kaitenz",
        "type": "Ending 1",
        "correctCount": 19,
        "startTime": 14,
        "songDuration": 60.12,
        "songNumber": 74,
        "activePlayerCount": 139,
        "LinkVideo": "https://files.catbox.moe/9x4hfh.webm",
        "LinkMp3": "https://files.catbox.moe/vwiuqo.mp3",
        "annId": 23710,
        "songDifficulty": 8.549358820511124,
        "vintage": "Fall 2020"
    },
    {
        "animeEng": "Gintama: The Movie",
        "animeRomaji": "Gintama: Shinyaku Benizakura-hen",
        "songName": "Bakuchi Dancer",
        "artist": "DOES",
        "type": "Ending 1",
        "correctCount": 72,
        "startTime": 88,
        "songDuration": 173.064,
        "songNumber": 75,
        "activePlayerCount": 140,
        "LinkVideo": "https://files.catbox.moe/lgsky5.webm",
        "LinkMp3": "https://files.catbox.moe/7vtjrs.mp3",
        "annId": 11152,
        "songDifficulty": 38.48623071093965,
        "vintage": "Spring 2010"
    },
    {
        "animeEng": "Cooking With Valkyries",
        "animeRomaji": "Valkyrie no Shokutaku",
        "songName": "Taste of home",
        "artist": "Tomokazu Seki & Rie Kugimiya",
        "type": "Opening 2",
        "correctCount": 84,
        "startTime": 11,
        "songDuration": 44.851474,
        "songNumber": 76,
        "activePlayerCount": 141,
        "LinkVideo": "https://files.catbox.moe/jyo7vp.webm",
        "LinkMp3": "https://files.catbox.moe/gzbq9m.mp3",
        "annId": 23483,
        "songDifficulty": 41.68323206018518,
        "vintage": "Spring 2019"
    },
    {
        "animeEng": "Gun X Sword",
        "animeRomaji": "Gun X Sword",
        "songName": "GUN\u00d7SWORD (starting again)",
        "artist": "Kotaro Nakagawa feat. Ondekoza",
        "type": "Ending 6",
        "correctCount": 46,
        "startTime": 14,
        "songDuration": 92.256,
        "songNumber": 77,
        "activePlayerCount": 140,
        "LinkVideo": "https://files.catbox.moe/j4g8r7.webm",
        "LinkMp3": "https://files.catbox.moe/ulx564.mp3",
        "annId": 4920,
        "songDifficulty": 25.76666730182927,
        "vintage": "Summer 2005"
    },
    {
        "animeEng": "Mobile Fighter G Gundam",
        "animeRomaji": "Kidou Butouden G Gundam",
        "songName": "Zoi Ngo Dik Mung Leoi",
        "artist": "Zung Wai-ling",
        "type": "Insert Song",
        "correctCount": 23,
        "startTime": 37,
        "songDuration": 66.6,
        "songNumber": 78,
        "activePlayerCount": 139,
        "LinkVideo": "https://files.catbox.moe/kq8zqu.webm",
        "LinkMp3": "https://files.catbox.moe/0m3rrv.mp3",
        "annId": 299,
        "songDifficulty": 18.623453135252625,
        "vintage": "Spring 1994"
    },
    {
        "animeEng": "Mobile Suit Gundam: The 08th MS Team",
        "animeRomaji": "Kidou Senshi Gundam: Dai 08 MS Shoutai",
        "songName": "Mirai no Futari ni",
        "artist": "Chihiro Yonekura",
        "type": "Insert Song",
        "correctCount": 7,
        "startTime": 33,
        "songDuration": 118.056,
        "songNumber": 79,
        "activePlayerCount": 139,
        "LinkVideo": "https://files.catbox.moe/kw26cg.webm",
        "LinkMp3": "https://files.catbox.moe/ff8ejb.mp3",
        "annId": 24,
        "songDifficulty": 13.355184516855807,
        "vintage": "Winter 1996"
    },
    {
        "animeEng": "Diebuster (Gunbuster 2)",
        "animeRomaji": "Top o Nerae 2!: Diebuster",
        "songName": "Hoshikuzu Namida",
        "artist": "ACKO",
        "type": "Ending 1",
        "correctCount": 19,
        "startTime": 40,
        "songDuration": 98.064,
        "songNumber": 80,
        "activePlayerCount": 139,
        "LinkVideo": "https://files.catbox.moe/fjjd6r.webm",
        "LinkMp3": "https://files.catbox.moe/u1fzos.mp3",
        "annId": 3920,
        "songDifficulty": 21.7373046875,
        "vintage": "Fall 2004"
    },
    {
        "animeEng": "Ga-Rei-Zero",
        "animeRomaji": "Ga-Rei-Zero",
        "songName": "Paradise Lost",
        "artist": "Minori Chihara",
        "type": "Opening 1",
        "correctCount": 50,
        "startTime": 20,
        "songDuration": 89.128264,
        "songNumber": 81,
        "activePlayerCount": 137,
        "LinkVideo": "https://files.catbox.moe/k8shqn.webm",
        "LinkMp3": "https://files.catbox.moe/uvssdx.mp3",
        "annId": 10052,
        "songDifficulty": 25.14103394906382,
        "vintage": "Fall 2008"
    },
    {
        "animeEng": "Honey and Clover II",
        "animeRomaji": "Hachikuro II",
        "songName": "Natsukage",
        "artist": "Shikao Suga",
        "type": "Insert Song",
        "correctCount": 7,
        "startTime": 32,
        "songDuration": 147.615422,
        "songNumber": 82,
        "activePlayerCount": 137,
        "LinkVideo": "https://files.catbox.moe/ytqsuk.webm",
        "LinkMp3": "https://files.catbox.moe/pv3hdd.mp3",
        "annId": 6440,
        "songDifficulty": 14.631897941468255,
        "vintage": "Spring 2006"
    },
    {
        "animeEng": "Saki Biyori",
        "animeRomaji": "Saki Biyori",
        "songName": "Dramatic*Cycle",
        "artist": "StylipS",
        "type": "Opening 1",
        "correctCount": 14,
        "startTime": 8,
        "songDuration": 90.096,
        "songNumber": 83,
        "activePlayerCount": 136,
        "LinkVideo": "https://openings.moe/video/SakiBiyoriAnimation-OP01-NCOLD.webm",
        "LinkMp3": "https://files.catbox.moe/mbhvmt.mp3",
        "annId": 17029,
        "songDifficulty": 12.16710347667379,
        "vintage": "Summer 2015"
    },
    {
        "animeEng": "Detective Conan",
        "animeRomaji": "Meitantei Conan",
        "songName": "As the Dew",
        "artist": "GARNET CROW",
        "type": "Opening 28",
        "correctCount": 47,
        "startTime": 25,
        "songDuration": 114.312,
        "songNumber": 84,
        "activePlayerCount": 136,
        "LinkVideo": "https://files.catbox.moe/ql7s86.webm",
        "LinkMp3": "https://files.catbox.moe/shvb9a.mp3",
        "annId": 454,
        "songDifficulty": 27.516944159836065,
        "vintage": "Winter 1996"
    },
    {
        "animeEng": "BECK: Mongolian Chop Squad",
        "animeRomaji": "BECK: Mongolian Chop Squad",
        "songName": "GYMNASIUM",
        "artist": "miya38",
        "type": "Insert Song",
        "correctCount": 40,
        "startTime": 2,
        "songDuration": 35.473676,
        "songNumber": 85,
        "activePlayerCount": 133,
        "LinkVideo": "https://files.catbox.moe/opxwvh.webm",
        "LinkMp3": "https://files.catbox.moe/sigfxi.mp3",
        "annId": 4404,
        "songDifficulty": 33.08743568755847,
        "vintage": "Fall 2004"
    }
]