[
    {
        "animeEng": "Scar on the Praeter",
        "animeRomaji": "Project Scard: Praeter no Kizu",
        "songName": "Praeter no Kizu",
        "artist": "Arthur Lounsbery, Atsushi Kousaka, Shouya Chiba, Junya Enoki, Takeaki Masuyama, Shou Nogami, Taku Yashiro, Tasuku Hatanaka",
        "type": "Opening 1",
        "correctCount": 11,
        "startTime": 28,
        "songDuration": 89.448,
        "songNumber": 1,
        "activePlayerCount": 100,
        "LinkVideo": "https://files.catbox.moe/5padm6.webm",
        "LinkMp3": "https://files.catbox.moe/jsqztc.mp3",
        "annId": 23614,
        "songDifficulty": 14.786648536916754,
        "vintage": "Winter 2021"
    },
    {
        "animeEng": "Rumble Garanndoll",
        "animeRomaji": "Gyakuten Sekai no Denchi Shoujo",
        "songName": "Kibou no Nami Kaitei Zaburn",
        "artist": "Hiroshi Kitadani",
        "type": "Insert Song",
        "correctCount": 12,
        "startTime": 4,
        "songDuration": 36.888,
        "songNumber": 2,
        "activePlayerCount": 103,
        "LinkVideo": "https://files.catbox.moe/f7zrl7.webm",
        "LinkMp3": "https://files.catbox.moe/o3fy1s.mp3",
        "annId": 24215,
        "songDifficulty": 20.294268798828124,
        "vintage": "Fall 2021"
    },
    {
        "animeEng": "Triton of the Sea",
        "animeRomaji": "Umi no Triton",
        "songName": "GO! GO! Triton",
        "artist": "Yuuki Hide, Suginami Jidou Gasshou-dan",
        "type": "Opening 2",
        "correctCount": 29,
        "startTime": 43,
        "songDuration": 93.384,
        "songNumber": 3,
        "activePlayerCount": 105,
        "LinkVideo": "https://files.catbox.moe/f9c5xt.webm",
        "LinkMp3": "https://files.catbox.moe/6qxhbk.mp3",
        "annId": 1409,
        "songDifficulty": 9.816817016601563,
        "vintage": "Spring 1972"
    },
    {
        "animeEng": "Terror in Resonance",
        "animeRomaji": "Zankyou no Terror",
        "songName": "Trigger",
        "artist": "Yuuki Ozaki(from Galileo Galilei)",
        "type": "Opening 1",
        "correctCount": 82,
        "startTime": 61,
        "songDuration": 89.784,
        "songNumber": 4,
        "activePlayerCount": 105,
        "LinkVideo": "https://files.catbox.moe/heu2fw.webm",
        "LinkMp3": "https://files.catbox.moe/zhzj39.mp3",
        "annId": 15974,
        "songDifficulty": 40.629129255889715,
        "vintage": "Summer 2014"
    },
    {
        "animeEng": "Hyouka",
        "animeRomaji": "Hyouka",
        "songName": "Ue o Muite Arukou",
        "artist": "Hachidai Nakamura",
        "type": "Insert Song",
        "correctCount": 70,
        "startTime": 3,
        "songDuration": 33.432,
        "songNumber": 5,
        "activePlayerCount": 105,
        "LinkVideo": "https://files.catbox.moe/h52vvl.webm",
        "LinkMp3": "https://files.catbox.moe/nki6rk.mp3",
        "annId": 13817,
        "songDifficulty": 25.979350456930874,
        "vintage": "Spring 2012"
    },
    {
        "animeEng": "Kemono Friends",
        "animeRomaji": "Kemono Friends",
        "songName": "Youkoso Japari Park e",
        "artist": "Doubutsu Biscuit x PPP",
        "type": "Opening 1",
        "correctCount": 75,
        "startTime": 8,
        "songDuration": 90.072,
        "songNumber": 6,
        "activePlayerCount": 105,
        "LinkVideo": "https://files.catbox.moe/q48058.webm",
        "LinkMp3": "https://files.catbox.moe/9ri0wg.mp3",
        "annId": 18799,
        "songDifficulty": 41.078714957696675,
        "vintage": "Winter 2017"
    },
    {
        "animeEng": "Free!: Iwatobi Swim Club",
        "animeRomaji": "Free!: Iwatobi Swim Club",
        "songName": "SPLASH FREE",
        "artist": "STYLE FIVE",
        "type": "Ending 1",
        "correctCount": 61,
        "startTime": 33,
        "songDuration": 88.584,
        "songNumber": 7,
        "activePlayerCount": 107,
        "LinkVideo": "https://files.catbox.moe/s8ai71.webm",
        "LinkMp3": "https://files.catbox.moe/etzlwc.mp3",
        "annId": 15291,
        "songDifficulty": 52.49206546707504,
        "vintage": "Summer 2013"
    },
    {
        "animeEng": "Nekopara",
        "animeRomaji": "Nekopara",
        "songName": "Kimi to Witches\u2606\u5f61",
        "artist": "Miku Itou",
        "type": "Insert Song",
        "correctCount": 17,
        "startTime": 1,
        "songDuration": 30.552,
        "songNumber": 8,
        "activePlayerCount": 107,
        "LinkVideo": "https://files.catbox.moe/skplzv.webm",
        "LinkMp3": "https://files.catbox.moe/y06yp9.mp3",
        "annId": 22247,
        "songDifficulty": 15.402592311682596,
        "vintage": "Winter 2020"
    },
    {
        "animeEng": "Dog Gods!",
        "animeRomaji": "Inukami!",
        "songName": "Kei no Uta",
        "artist": "Nana Mizuki",
        "type": "Ending 2",
        "correctCount": 4,
        "startTime": 13,
        "songDuration": 88.824,
        "songNumber": 9,
        "activePlayerCount": 107,
        "LinkVideo": "https://files.catbox.moe/1b6hlx.webm",
        "LinkMp3": "https://files.catbox.moe/12s3m7.mp3",
        "annId": 6077,
        "songDifficulty": 8.698350609005905,
        "vintage": "Spring 2006",
        "correctPlayers": [
            "SrueyaF",
            "shadowpandax",
            "Bai",
            "Rukawa11"
        ]
    },
    {
        "animeEng": "Paradise Kiss",
        "animeRomaji": "Paradise Kiss",
        "songName": "NO NO FUTURE",
        "artist": "THE BABYS",
        "type": "Insert Song",
        "correctCount": 5,
        "startTime": 11,
        "songDuration": 46.392,
        "songNumber": 10,
        "activePlayerCount": 107,
        "LinkVideo": "https://files.catbox.moe/unszk1.webm",
        "LinkMp3": "https://files.catbox.moe/wcxhhp.mp3",
        "annId": 5081,
        "songDifficulty": 8.798184833829366,
        "vintage": "Fall 2005",
        "correctPlayers": [
            "Beokros",
            "SrueyaF",
            "Hanagasakumichi",
            "Bai",
            "Janoxx"
        ]
    },
    {
        "animeEng": "Legend of the Galactic Heroes",
        "animeRomaji": "Ginga Eiyuu Densetsu",
        "songName": "Uchuu no Kakehashi",
        "artist": "Kei Ogura",
        "type": "Ending 5",
        "correctCount": 24,
        "startTime": 50,
        "songDuration": 90.072,
        "songNumber": 11,
        "activePlayerCount": 107,
        "LinkVideo": "https://files.catbox.moe/t86nt3.webm",
        "LinkMp3": "https://files.catbox.moe/45ntbs.mp3",
        "annId": 1786,
        "songDifficulty": 31.082262492043284,
        "vintage": "Fall 1988"
    },
    {
        "animeEng": "Fairy Tail",
        "animeRomaji": "Fairy Tail",
        "songName": "Snow Fairy",
        "artist": "FUNKIST",
        "type": "Opening 1",
        "correctCount": 99,
        "startTime": 22,
        "songDuration": 87.984,
        "songNumber": 12,
        "activePlayerCount": 107,
        "LinkVideo": "https://files.catbox.moe/yi1987.webm",
        "LinkMp3": "https://files.catbox.moe/sxt22q.mp3",
        "annId": 10942,
        "songDifficulty": 55.60539880926323,
        "vintage": "Fall 2009"
    },
    {
        "animeEng": "WorldEnd: What are you doing at the end of the world? Are you busy? Will you save us?",
        "animeRomaji": "Shuumatsu Nani Shitemasu ka? Isogashii Desu ka? Sukutte Moratte Ii Desu ka?",
        "songName": "Scarborough Fair",
        "artist": "Tamaru Yamada",
        "type": "Insert Song",
        "correctCount": 75,
        "startTime": 69,
        "songDuration": 147.168,
        "songNumber": 13,
        "activePlayerCount": 107,
        "LinkVideo": "https://files.catbox.moe/qts77x.webm",
        "LinkMp3": "https://files.catbox.moe/8cux3b.mp3",
        "annId": 18985,
        "songDifficulty": 41.41358107623961,
        "vintage": "Spring 2017"
    },
    {
        "animeEng": "Hyperdimension Neptunia: Nep no Natsuyasumi",
        "animeRomaji": "Choujigen Game Neptune The Animation: Nep no Natsuyasumi",
        "songName": "Dimension tripper!!!",
        "artist": "nao",
        "type": "Ending 1",
        "correctCount": 77,
        "startTime": 5,
        "songDuration": 88.44,
        "songNumber": 14,
        "activePlayerCount": 107,
        "LinkVideo": "https://files.catbox.moe/zus46v.webm",
        "LinkMp3": "https://files.catbox.moe/gq89nn.mp3",
        "annId": 22316,
        "songDifficulty": 42.12802312008519,
        "vintage": null
    },
    {
        "animeEng": "Galaxy Cyclone Braiger",
        "animeRomaji": "Ginga Senpuu Braiger",
        "songName": "Ginga Senpuu Braiger",
        "artist": "Isao Taira",
        "type": "Opening 1",
        "correctCount": 22,
        "startTime": 24,
        "songDuration": 75.144,
        "songNumber": 15,
        "activePlayerCount": 107,
        "LinkVideo": "https://files.catbox.moe/80qq4q.webm",
        "LinkMp3": "https://files.catbox.moe/fllf0l.mp3",
        "annId": 2226,
        "songDifficulty": 16.955489507850242,
        "vintage": "Fall 1981"
    },
    {
        "animeEng": "Hiiro no Kakera: The Tamayori Princess Saga Season 2",
        "animeRomaji": "Hiiro no Kakera Dai-Ni-Shou",
        "songName": "Takanaru",
        "artist": "Maiko Fujita",
        "type": "Opening 1",
        "correctCount": 21,
        "startTime": 37,
        "songDuration": 89.232,
        "songNumber": 16,
        "activePlayerCount": 107,
        "LinkVideo": "https://files.catbox.moe/xsykt7.webm",
        "LinkMp3": "https://files.catbox.moe/e47iyq.mp3",
        "annId": 14733,
        "songDifficulty": 13.31255422450614,
        "vintage": "Summer 2012"
    },
    {
        "animeEng": "Fairy Tail x Rave",
        "animeRomaji": "Fairy Tail x Rave",
        "songName": "Butterfly Kiss",
        "artist": "Chihiro Yonekura",
        "type": "Insert Song",
        "correctCount": 13,
        "startTime": 2,
        "songDuration": 98.232,
        "songNumber": 17,
        "activePlayerCount": 108,
        "LinkVideo": "https://files.catbox.moe/122def.webm",
        "LinkMp3": "https://files.catbox.moe/xfk1ja.mp3",
        "annId": 15504,
        "songDifficulty": 10.816457396778981,
        "vintage": "Summer 2013"
    },
    {
        "animeEng": "The World God Only Knows",
        "animeRomaji": "Kami Nomi zo Shiru Sekai",
        "songName": "God only knows Daisanmaku",
        "artist": "Oratorio The World God Only Knows",
        "type": "Opening 1",
        "correctCount": 102,
        "startTime": 40,
        "songDuration": 88.728,
        "songNumber": 18,
        "activePlayerCount": 108,
        "LinkVideo": "https://files.catbox.moe/cw6v8a.webm",
        "LinkMp3": "https://files.catbox.moe/2ucsq5.mp3",
        "annId": 11571,
        "songDifficulty": 43.28372878028152,
        "vintage": "Fall 2010"
    },
    {
        "animeEng": "Ketsuekigata-kun! 3",
        "animeRomaji": "Ketsuekigata-kun! 3",
        "songName": "HEARTBEAT JAM\u266a",
        "artist": "Aoi Yuuki, Yui Horie, Yu Kobayashi, Mai Nakahara",
        "type": "Opening 1",
        "correctCount": 21,
        "startTime": 0,
        "songDuration": 28.56,
        "songNumber": 19,
        "activePlayerCount": 110,
        "LinkVideo": "https://files.catbox.moe/7201ni.webm",
        "LinkMp3": "https://files.catbox.moe/oqs36h.mp3",
        "annId": 17632,
        "songDifficulty": 17.758085399044486,
        "vintage": "Fall 2015"
    },
    {
        "animeEng": "Aikatsu on Parade!",
        "animeRomaji": "Aikatsu on Parade!",
        "songName": "Pride",
        "artist": "Karen\u30fbMirai from BEST FRIENDS!",
        "type": "Ending 10",
        "correctCount": 27,
        "startTime": 32,
        "songDuration": 88.56,
        "songNumber": 20,
        "activePlayerCount": 110,
        "LinkVideo": "https://files.catbox.moe/m9v2u4.webm",
        "LinkMp3": "https://files.catbox.moe/0wa4qu.mp3",
        "annId": 22441,
        "songDifficulty": 21.532260164650538,
        "vintage": "Fall 2019"
    },
    {
        "animeEng": "Goku II: Midnight Eye",
        "animeRomaji": "Goku II: Midnight Eye",
        "songName": "Fighting In The Danger",
        "artist": "Yuki Katsuragi",
        "type": "Ending 1",
        "correctCount": 12,
        "startTime": 103,
        "songDuration": 187.296,
        "songNumber": 21,
        "activePlayerCount": 110,
        "LinkVideo": "https://files.catbox.moe/b17tg5.webm",
        "LinkMp3": "https://files.catbox.moe/lkgu7x.mp3",
        "annId": 150,
        "songDifficulty": 12.322324245395635,
        "vintage": "Fall 1989"
    },
    {
        "animeEng": "Kids on the Slope",
        "animeRomaji": "Sakamichi no Apollon",
        "songName": "Altair",
        "artist": "Motohiro Hata meets Sakamichi no Apollon",
        "type": "Ending 1",
        "correctCount": 14,
        "startTime": 4,
        "songDuration": 89.808,
        "songNumber": 22,
        "activePlayerCount": 110,
        "LinkVideo": "https://files.catbox.moe/rttjx4.webm",
        "LinkMp3": "https://files.catbox.moe/9byewg.mp3",
        "annId": 13944,
        "songDifficulty": 15.171641619735553,
        "vintage": "Spring 2012"
    },
    {
        "animeEng": "Perman",
        "animeRomaji": "Perman",
        "songName": "Kite yo Perman",
        "artist": "Katsue Miwa",
        "type": "Opening 1",
        "correctCount": 101,
        "startTime": 8,
        "songDuration": 60.576,
        "songNumber": 23,
        "activePlayerCount": 110,
        "LinkVideo": "https://files.catbox.moe/iu9df1.webm",
        "LinkMp3": "https://files.catbox.moe/2z2rud.mp3",
        "annId": 2008,
        "songDifficulty": 34.92351173642534,
        "vintage": "Spring 1983"
    },
    {
        "animeEng": "Durarara!! \u00d72 The Second Arc",
        "animeRomaji": "Durarara!!\u00d72 Ten",
        "songName": "Day you laugh",
        "artist": "Toshiyuki Toyonaga",
        "type": "Opening 1",
        "correctCount": 66,
        "startTime": 2,
        "songDuration": 87.408,
        "songNumber": 24,
        "activePlayerCount": 110,
        "LinkVideo": "https://files.catbox.moe/t45l0f.webm",
        "LinkMp3": "https://files.catbox.moe/9api3x.mp3",
        "annId": 16669,
        "songDifficulty": 22.607032339609486,
        "vintage": "Summer 2015"
    },
    {
        "animeEng": "Aikatsu Friends!",
        "animeRomaji": "Aikatsu Friends!",
        "songName": "6cm Ue no Keshiki",
        "artist": "Mio from BEST FRIENDS!",
        "type": "Insert Song",
        "correctCount": 18,
        "startTime": 39,
        "songDuration": 109.776,
        "songNumber": 25,
        "activePlayerCount": 109,
        "LinkVideo": "https://files.catbox.moe/jh8883.webm",
        "LinkMp3": "https://files.catbox.moe/qlqe9b.mp3",
        "annId": 20586,
        "songDifficulty": 25.07954972141473,
        "vintage": "Spring 2018"
    },
    {
        "animeEng": "Aikatsu! Music Award: Minna de Shou o Moracchaima SHOW!",
        "animeRomaji": "Aikatsu! Music Award: Minna de Shou o Moracchaima SHOW!",
        "songName": "fashion check!",
        "artist": "Waka\u30fbFuuri\u30fbSunao\u30fbRemi\u30fbMoe from STAR\u2606ANIS",
        "type": "Insert Song",
        "correctCount": 67,
        "startTime": 53,
        "songDuration": 109.68,
        "songNumber": 26,
        "activePlayerCount": 109,
        "LinkVideo": "https://files.catbox.moe/1qwaom.webm",
        "LinkMp3": "https://files.catbox.moe/hk6gec.mp3",
        "annId": 17125,
        "songDifficulty": 36.82648491010274,
        "vintage": "Summer 2015"
    },
    {
        "animeEng": "Kamigami no Asobi",
        "animeRomaji": "Kamigami no Asobi",
        "songName": "Reason For...",
        "artist": "Miyu Irino, Daisuke Ono, Yuuto Uemura, Toshiyuki Toyonaga, Hiroshi Kamiya, Yoshimasa Hosoya",
        "type": "Ending 1",
        "correctCount": 7,
        "startTime": 43,
        "songDuration": 88.392,
        "songNumber": 27,
        "activePlayerCount": 108,
        "LinkVideo": "https://files.catbox.moe/42wdzi.webm",
        "LinkMp3": "https://files.catbox.moe/dych05.mp3",
        "annId": 15828,
        "songDifficulty": 15.12274214473084,
        "vintage": "Spring 2014"
    },
    {
        "animeEng": "When They Cry",
        "animeRomaji": "Higurashi no Naku Koro ni",
        "songName": "Higurashi no Naku Koro ni",
        "artist": "Eiko Shimamiya",
        "type": "Opening 1",
        "correctCount": 103,
        "startTime": 33,
        "songDuration": 90.12,
        "songNumber": 28,
        "activePlayerCount": 108,
        "LinkVideo": "https://files.catbox.moe/3czpgu.webm",
        "LinkMp3": "https://files.catbox.moe/50gq0p.mp3",
        "annId": 6134,
        "songDifficulty": 44.922833233183695,
        "vintage": "Spring 2006"
    },
    {
        "animeEng": "Yu Yu Hakusho: Ghost Files",
        "animeRomaji": "Yuu\u2606Yuu\u2606Hakusho",
        "songName": "Unbalance na Kiss o Shite",
        "artist": "Hiro Takahashi",
        "type": "Ending 3",
        "correctCount": 23,
        "startTime": 19,
        "songDuration": 83.04,
        "songNumber": 29,
        "activePlayerCount": 108,
        "LinkVideo": "https://files.catbox.moe/mno32x.webm",
        "LinkMp3": "https://files.catbox.moe/vsk319.mp3",
        "annId": 311,
        "songDifficulty": 26.700749872902897,
        "vintage": "Fall 1992"
    },
    {
        "animeEng": "Shakugan no Shana Movie",
        "animeRomaji": "Shakugan no Shana Movie",
        "songName": "Tenjou o Kakeru Mono-tachi",
        "artist": "Love Planet Five ~I've special unit~",
        "type": "Ending 1",
        "correctCount": 40,
        "startTime": 105,
        "songDuration": 278.064,
        "songNumber": 30,
        "activePlayerCount": 108,
        "LinkVideo": "https://files.catbox.moe/24r3yj.webm",
        "LinkMp3": "https://files.catbox.moe/5ulpg3.mp3",
        "annId": 6428,
        "songDifficulty": 19.607824357851722,
        "vintage": "Spring 2007"
    },
    {
        "animeEng": "High School Agent",
        "animeRomaji": "High School Agent",
        "songName": "NA\u30fbNA\u30fbNA",
        "artist": "TOM\u2605CAT",
        "type": "Opening 2",
        "correctCount": 9,
        "startTime": 21,
        "songDuration": 61.944,
        "songNumber": 31,
        "activePlayerCount": 108,
        "LinkVideo": "https://files.catbox.moe/sd5zym.webm",
        "LinkMp3": "https://files.catbox.moe/dt7utf.mp3",
        "annId": 7126,
        "songDifficulty": 15.326811633448873,
        "vintage": "Winter 1988"
    },
    {
        "animeEng": "Gamers!",
        "animeRomaji": "Gamers!",
        "songName": "Koi no prologue*",
        "artist": "Luce Twinkle Wink\u2606",
        "type": "Ending 2",
        "correctCount": 15,
        "startTime": 10,
        "songDuration": 88.896,
        "songNumber": 32,
        "activePlayerCount": 108,
        "LinkVideo": "https://files.catbox.moe/1xzs1i.webm",
        "LinkMp3": "https://files.catbox.moe/58wrlm.mp3",
        "annId": 19399,
        "songDifficulty": 7.762593328749612,
        "vintage": "Summer 2017"
    },
    {
        "animeEng": "Kemeko DX",
        "animeRomaji": "Kemeko Deluxe!",
        "songName": "Kemeko Deluxe!",
        "artist": "Kemeko to Deluxe",
        "type": "Opening 1",
        "correctCount": 12,
        "startTime": 25,
        "songDuration": 89.664,
        "songNumber": 33,
        "activePlayerCount": 108,
        "LinkVideo": "https://files.catbox.moe/whbh3m.webm",
        "LinkMp3": "https://files.catbox.moe/8b38dy.mp3",
        "annId": 9011,
        "songDifficulty": 17.841842502839064,
        "vintage": "Fall 2008"
    },
    {
        "animeEng": "Sister Princess",
        "animeRomaji": "Sister Princess",
        "songName": "Sono Kiseki wa Eikyuu ni",
        "artist": "Sister Princess +1",
        "type": "Insert Song",
        "correctCount": 6,
        "startTime": 68,
        "songDuration": 137.064,
        "songNumber": 34,
        "activePlayerCount": 108,
        "LinkVideo": "https://files.catbox.moe/lpad5k.webm",
        "LinkMp3": "https://files.catbox.moe/pybmmv.mp3",
        "annId": 1114,
        "songDifficulty": 9.69026833626443,
        "vintage": "Spring 2001"
    },
    {
        "animeEng": "Phantom: Requiem for the Phantom",
        "animeRomaji": "Phantom: Requiem for the Phantom",
        "songName": "Transparent",
        "artist": "KOKIA",
        "type": "Ending 2",
        "correctCount": 23,
        "startTime": 47,
        "songDuration": 89.064,
        "songNumber": 35,
        "activePlayerCount": 108,
        "LinkVideo": "https://files.catbox.moe/j3lt0r.webm",
        "LinkMp3": "https://files.catbox.moe/vyzvwn.mp3",
        "annId": 10541,
        "songDifficulty": 19.933633791287015,
        "vintage": "Spring 2009"
    },
    {
        "animeEng": "Magical Angel Creamy Mami",
        "animeRomaji": "Mahou no Tenshi Creamy Mami",
        "songName": "Pajama no Mama de",
        "artist": "Takako Ohta",
        "type": "Ending 1",
        "correctCount": 13,
        "startTime": 35,
        "songDuration": 68.664,
        "songNumber": 36,
        "activePlayerCount": 108,
        "LinkVideo": "https://files.catbox.moe/k925tk.webm",
        "LinkMp3": "https://files.catbox.moe/hxxwn9.mp3",
        "annId": 1284,
        "songDifficulty": 12.06806934709242,
        "vintage": "Summer 1983"
    },
    {
        "animeEng": "Jormungand Perfect Order",
        "animeRomaji": "Jormungand Perfect Order",
        "songName": "Time to attack",
        "artist": "SANTA",
        "type": "Insert Song",
        "correctCount": 54,
        "startTime": 128,
        "songDuration": 164.184,
        "songNumber": 37,
        "activePlayerCount": 108,
        "LinkVideo": "https://files.catbox.moe/7rdf4p.webm",
        "LinkMp3": "https://files.catbox.moe/b0qbjy.mp3",
        "annId": 14729,
        "songDifficulty": 25.502196596746575,
        "vintage": "Fall 2012"
    },
    {
        "animeEng": "Orange: Mirai",
        "animeRomaji": "Orange: Mirai",
        "songName": "Mirai",
        "artist": "Kobukuro",
        "type": "Insert Song",
        "correctCount": 55,
        "startTime": 240,
        "songDuration": 304.45191,
        "songNumber": 38,
        "activePlayerCount": 108,
        "LinkVideo": "https://files.catbox.moe/sacu74.webm",
        "LinkMp3": "https://files.catbox.moe/2w00z7.mp3",
        "annId": 18756,
        "songDifficulty": 22.527221164001208,
        "vintage": "Fall 2016"
    },
    {
        "animeEng": "Arrow Emblem: Hawk of the Grand Prix",
        "animeRomaji": "Arrow Emblem: Grand Prix no Taka",
        "songName": "Taiyou ni Hashire",
        "artist": "Ichiro Mizuki",
        "type": "Insert Song",
        "correctCount": 5,
        "startTime": 26,
        "songDuration": 67.68,
        "songNumber": 39,
        "activePlayerCount": 109,
        "LinkVideo": "https://files.catbox.moe/wdku9i.webm",
        "LinkMp3": "https://files.catbox.moe/u9al3x.mp3",
        "annId": 1163,
        "songDifficulty": 4.083333427961483,
        "vintage": "Summer 1977",
        "correctPlayers": [
            "bomzas",
            "Bai",
            "asleep",
            "Rukawa11",
            "Edwardd"
        ]
    },
    {
        "animeEng": "Arjuna",
        "animeRomaji": "Chikyuu Shoujo Arjuna",
        "songName": "Bike",
        "artist": "Maaya Sakamoto",
        "type": "Ending 5",
        "correctCount": 10,
        "startTime": 44,
        "songDuration": 96.048,
        "songNumber": 40,
        "activePlayerCount": 109,
        "LinkVideo": "https://files.catbox.moe/sbxlp2.webm",
        "LinkMp3": "https://files.catbox.moe/xg3kcs.mp3",
        "annId": 602,
        "songDifficulty": 15.320149739583334,
        "vintage": "Winter 2001"
    },
    {
        "animeEng": "Maburaho",
        "animeRomaji": "Maburaho",
        "songName": "Koi wa Iya Iya",
        "artist": "Aoi Gakuen 3-nin Musume",
        "type": "Insert Song",
        "correctCount": 4,
        "startTime": 22,
        "songDuration": 86.960138,
        "songNumber": 41,
        "activePlayerCount": 109,
        "LinkVideo": "https://files.catbox.moe/1bjbsq.webm",
        "LinkMp3": "https://files.catbox.moe/vdv02n.mp3",
        "annId": 3078,
        "songDifficulty": 6.285743264590993,
        "vintage": "Fall 2003",
        "correctPlayers": [
            "Heyko",
            "Diukes",
            "Bai",
            "ozsauce"
        ]
    },
    {
        "animeEng": "Digimon Adventure: Born of Koromon",
        "animeRomaji": "Digimon Adventure: Born of Koromon",
        "songName": "Butter-Fly",
        "artist": "Kouji Wada",
        "type": "Ending 1",
        "correctCount": 83,
        "startTime": 10,
        "songDuration": 61.569554,
        "songNumber": 42,
        "activePlayerCount": 108,
        "LinkVideo": "https://files.catbox.moe/hnpd5k.webm",
        "LinkMp3": "https://files.catbox.moe/frsoce.mp3",
        "annId": 2523,
        "songDifficulty": 44.88866940581542,
        "vintage": "Winter 1999"
    },
    {
        "animeEng": "That Time I Got Reincarnated as a Slime",
        "animeRomaji": "Tensei Shitara Slime Datta Ken",
        "songName": "Storyteller",
        "artist": "TRUE",
        "type": "Opening 1",
        "correctCount": 81,
        "startTime": 20,
        "songDuration": 89.28,
        "songNumber": 43,
        "activePlayerCount": 109,
        "LinkVideo": "https://files.catbox.moe/7vuavm.webm",
        "LinkMp3": "https://files.catbox.moe/6vh34r.mp3",
        "annId": 23358,
        "songDifficulty": 31.96330523315706,
        "vintage": "Winter 2021"
    },
    {
        "animeEng": "The Genius Prince's Guide to Raising a Nation Out of Debt",
        "animeRomaji": "Tensai Ouji no Akaji Kokka Saisei Jutsu",
        "songName": "LEVEL",
        "artist": "Nagi Yanagi \u00d7 THE SIXTH LIE",
        "type": "Opening 1",
        "correctCount": 47,
        "startTime": 34,
        "songDuration": 87.36,
        "songNumber": 44,
        "activePlayerCount": 109,
        "LinkVideo": "https://files.catbox.moe/5424vk.webm",
        "LinkMp3": "https://files.catbox.moe/avb098.mp3",
        "annId": 23998,
        "songDifficulty": 20.443545467318,
        "vintage": "Winter 2022"
    },
    {
        "animeEng": "BanG Dream! Girls Band Party!: 5th Anniversary Animation - CiRCLE THANKS PARTY!",
        "animeRomaji": "BanG Dream! Girls Band Party!: 5th Anniversary Animation - CiRCLE THANKS PARTY!",
        "songName": "Shuwarin\u2606Drea~min",
        "artist": "Pastel*Palettes",
        "type": "Insert Song",
        "correctCount": 66,
        "startTime": 14,
        "songDuration": 43.176,
        "songNumber": 45,
        "activePlayerCount": 109,
        "LinkVideo": "https://files.catbox.moe/1tnrxf.webm",
        "LinkMp3": "https://files.catbox.moe/agftkz.mp3",
        "annId": 25436,
        "songDifficulty": 44.9508056640625,
        "vintage": "Winter 2022"
    },
    {
        "animeEng": "Release the Spyce",
        "animeRomaji": "Release the Spyce",
        "songName": "Spatto! Spy & Spyce",
        "artist": "Tsukikage",
        "type": "Opening 1",
        "correctCount": 66,
        "startTime": 33,
        "songDuration": 89.352,
        "songNumber": 46,
        "activePlayerCount": 109,
        "LinkVideo": "https://files.catbox.moe/knvm6e.webm",
        "LinkMp3": "https://files.catbox.moe/m0to4z.mp3",
        "annId": 20595,
        "songDifficulty": 42.6550574811256,
        "vintage": "Fall 2018"
    },
    {
        "animeEng": "Monster",
        "animeRomaji": "Monster",
        "songName": "Let's Stay Together",
        "artist": "Al Green",
        "type": "Insert Song",
        "correctCount": 13,
        "startTime": 4,
        "songDuration": 50.781168,
        "songNumber": 47,
        "activePlayerCount": 109,
        "LinkVideo": "https://files.catbox.moe/xpczoc.webm",
        "LinkMp3": "https://files.catbox.moe/trvkzm.mp3",
        "annId": 3750,
        "songDifficulty": 16.20931054765719,
        "vintage": "Spring 2004"
    },
    {
        "animeEng": "Digimon Adventure tri. Chapter 4: Loss",
        "animeRomaji": "Digimon Adventure tri. Soushitsu",
        "songName": "keep on ~tri.version~",
        "artist": "AiM",
        "type": "Ending 1",
        "correctCount": 11,
        "startTime": 49,
        "songDuration": 301.003806,
        "songNumber": 48,
        "activePlayerCount": 109,
        "LinkVideo": "https://files.catbox.moe/ia1u6k.webm",
        "LinkMp3": "https://files.catbox.moe/1042tx.mp3",
        "annId": 18898,
        "songDifficulty": 7.4761776724027635,
        "vintage": "Winter 2017"
    },
    {
        "animeEng": "Conan, the Boy in Future",
        "animeRomaji": "Mirai Shounen Conan",
        "songName": "Natsukashii Asa",
        "artist": "Naoko Ken",
        "type": "Ending 1",
        "correctCount": 1,
        "startTime": 16,
        "songDuration": 103.704,
        "songNumber": 49,
        "activePlayerCount": 109,
        "LinkVideo": "https://files.catbox.moe/e3gxcz.webm",
        "LinkMp3": "https://files.catbox.moe/fi3udq.mp3",
        "annId": 20073,
        "songDifficulty": 6.412775812922297,
        "vintage": "Summer 1979",
        "correctPlayers": [
            "Hooman"
        ]
    },
    {
        "animeEng": "Sakura Taisen: New York NY.",
        "animeRomaji": "Sakura Taisen: New York NY.",
        "songName": "Chijou no Senshi",
        "artist": "Sanae Kobayashi, Junko Minagawa, Ayaka Saito, Kaya Masutani, Mie Sonozaki",
        "type": "Opening 1",
        "correctCount": 4,
        "startTime": 18,
        "songDuration": 102.24,
        "songNumber": 50,
        "activePlayerCount": 109,
        "LinkVideo": "https://files.catbox.moe/ay5fvu.webm",
        "LinkMp3": "https://files.catbox.moe/eo0sel.mp3",
        "annId": 7539,
        "songDifficulty": 11.737081198770491,
        "vintage": "Spring 2007",
        "correctPlayers": [
            "watashiii",
            "Zurex",
            "TKN",
            "Rukawa11"
        ]
    },
    {
        "animeEng": "Hitohira",
        "animeRomaji": "Hitohira",
        "songName": "Smile",
        "artist": "Mai Mizuhashi",
        "type": "Ending 1",
        "correctCount": 14,
        "startTime": 0,
        "songDuration": 89.4,
        "songNumber": 51,
        "activePlayerCount": 110,
        "LinkVideo": "https://files.catbox.moe/4anxv6.webm",
        "LinkMp3": "https://files.catbox.moe/w9lb6d.mp3",
        "annId": 7305,
        "songDifficulty": 8.562413504464285,
        "vintage": "Winter 2007"
    },
    {
        "animeEng": "Is the Order a Rabbit?? Season 2",
        "animeRomaji": "Gochuumon wa Usagi Desu ka??",
        "songName": "Tokimeki Poporon",
        "artist": "Chimame-tai",
        "type": "Ending 1",
        "correctCount": 50,
        "startTime": 33,
        "songDuration": 89.856,
        "songNumber": 52,
        "activePlayerCount": 110,
        "LinkVideo": "https://files.catbox.moe/qu1lpw.webm",
        "LinkMp3": "https://files.catbox.moe/8nwc98.mp3",
        "annId": 16737,
        "songDifficulty": 33.89765625,
        "vintage": "Fall 2015"
    },
    {
        "animeEng": "Ghost in the Shell: SAC_2045",
        "animeRomaji": "Koukaku Kidoutai: SAC_2045",
        "songName": "Fly with me",
        "artist": "millennium parade \u00d7 ghost in the shell: SAC_2045",
        "type": "Opening 1",
        "correctCount": 32,
        "startTime": 13,
        "songDuration": 85.968,
        "songNumber": 53,
        "activePlayerCount": 110,
        "LinkVideo": "https://files.catbox.moe/7zynrn.webm",
        "LinkMp3": "https://files.catbox.moe/kvuc2y.mp3",
        "annId": 21672,
        "songDifficulty": 19.183697036194193,
        "vintage": "Spring 2020"
    },
    {
        "animeEng": "Doraemon",
        "animeRomaji": "Doraemon",
        "songName": "Maru-gao no Uta",
        "artist": "Nobuyo Oyama",
        "type": "Ending 2",
        "correctCount": 103,
        "startTime": 12,
        "songDuration": 58.095328,
        "songNumber": 54,
        "activePlayerCount": 110,
        "LinkVideo": "https://files.catbox.moe/7in3nf.webm",
        "LinkMp3": "https://files.catbox.moe/35up4o.mp3",
        "annId": 1318,
        "songDifficulty": 57.761639924327355,
        "vintage": "Spring 1979"
    },
    {
        "animeEng": "One Piece Second Movie",
        "animeRomaji": "One Piece: Nejimaki Shima no Bouken",
        "songName": "Believe",
        "artist": "Folder5",
        "type": "Ending 1",
        "correctCount": 94,
        "startTime": 44,
        "songDuration": 103.128,
        "songNumber": 55,
        "activePlayerCount": 110,
        "LinkVideo": "https://files.catbox.moe/qe3id5.webm",
        "LinkMp3": "https://files.catbox.moe/yow5jd.mp3",
        "annId": 3206,
        "songDifficulty": 44.67838177308573,
        "vintage": "Winter 2001"
    },
    {
        "animeEng": "Aquarion",
        "animeRomaji": "Sousei no Aquarion",
        "songName": "Go Tight!",
        "artist": "AKINO",
        "type": "Opening 2",
        "correctCount": 79,
        "startTime": 52,
        "songDuration": 89.952,
        "songNumber": 56,
        "activePlayerCount": 110,
        "LinkVideo": "https://files.catbox.moe/0wkrn8.webm",
        "LinkMp3": "https://files.catbox.moe/djohxd.mp3",
        "annId": 4796,
        "songDifficulty": 32.1180627593361,
        "vintage": "Spring 2005"
    },
    {
        "animeEng": "To LOVE-Ru Darkness",
        "animeRomaji": "To LOVE-Ru Darkness",
        "songName": "Foul Play ni Kurari",
        "artist": "Kanon Wakeshima",
        "type": "Ending 1",
        "correctCount": 41,
        "startTime": 9,
        "songDuration": 89.448,
        "songNumber": 57,
        "activePlayerCount": 110,
        "LinkVideo": "https://files.catbox.moe/bykxsa.webm",
        "LinkMp3": "https://files.catbox.moe/1ygjfb.mp3",
        "annId": 14209,
        "songDifficulty": 19.09754348530683,
        "vintage": "Fall 2012"
    },
    {
        "animeEng": "Time Travel Girl",
        "animeRomaji": "Time Travel Shoujo: Mari Waka to 8-nin no Kagakusha-tachi",
        "songName": "Time Travel Shoujo ~Final Warp~",
        "artist": "Hitomi Kuroishi",
        "type": "Insert Song",
        "correctCount": 7,
        "startTime": 58,
        "songDuration": 94.032,
        "songNumber": 58,
        "activePlayerCount": 110,
        "LinkVideo": "https://files.catbox.moe/f0k7ui.webm",
        "LinkMp3": "https://files.catbox.moe/p45hup.mp3",
        "annId": 18455,
        "songDifficulty": 9.850186808725422,
        "vintage": "Summer 2016"
    },
    {
        "animeEng": "Stop! Hibari-kun",
        "animeRomaji": "Stop! Hibari-kun",
        "songName": "Stop! Hibari-kun!",
        "artist": "Yuki Yukino",
        "type": "Opening 1",
        "correctCount": 101,
        "startTime": 40,
        "songDuration": 90.864,
        "songNumber": 59,
        "activePlayerCount": 111,
        "LinkVideo": "https://files.catbox.moe/vjymx5.webm",
        "LinkMp3": "https://files.catbox.moe/rbo9xk.mp3",
        "annId": 1524,
        "songDifficulty": 35.2358463294592,
        "vintage": "Spring 1983"
    },
    {
        "animeEng": "Mobile Suit Gundam AGE: Memory of Eden",
        "animeRomaji": "Kidou Senshi Gundam AGE: Memory of Eden",
        "songName": "My World",
        "artist": "SPYAIR",
        "type": "Ending 1",
        "correctCount": 17,
        "startTime": 26,
        "songDuration": 89.112,
        "songNumber": 60,
        "activePlayerCount": 111,
        "LinkVideo": "https://files.catbox.moe/posb3n.webm",
        "LinkMp3": "https://files.catbox.moe/zyw08x.mp3",
        "annId": 15345,
        "songDifficulty": 19.44537353515625,
        "vintage": "Summer 2013"
    },
    {
        "animeEng": "Love and Lies",
        "animeRomaji": "Koi to Uso",
        "songName": "Kanashii Ureshii",
        "artist": "Frederic",
        "type": "Opening 1",
        "correctCount": 103,
        "startTime": 0,
        "songDuration": 89.064,
        "songNumber": 61,
        "activePlayerCount": 112,
        "LinkVideo": "https://files.catbox.moe/i98t5p.webm",
        "LinkMp3": "https://files.catbox.moe/dhf7sq.mp3",
        "annId": 19145,
        "songDifficulty": 44.83793455474516,
        "vintage": "Summer 2017"
    },
    {
        "animeEng": "Love Live! Sunshine!!",
        "animeRomaji": "Love Live! School Idol Project Sunshine!!",
        "songName": "Omoi yo Hitotsu ni Nare",
        "artist": "Anju Inami, Nanaka Suwa, Arisa Komiya, Shuka Saito, Aika Kobayashi, Kanako Takatsuki, Aina Suzuki, Ai Furihata",
        "type": "Insert Song",
        "correctCount": 65,
        "startTime": 63,
        "songDuration": 108.072,
        "songNumber": 62,
        "activePlayerCount": 113,
        "LinkVideo": "https://files.catbox.moe/5fnbz2.webm",
        "LinkMp3": "https://files.catbox.moe/pwgwcv.mp3",
        "annId": 17985,
        "songDifficulty": 42.885701155462186,
        "vintage": "Summer 2016"
    },
    {
        "animeEng": "Hi-Speed Jecy",
        "animeRomaji": "Hi-Speed Jecy",
        "songName": "Kokoro Kara Kimi dake o Aishiteita yo",
        "artist": "Yuko Tsuburaya",
        "type": "Ending 1",
        "correctCount": 2,
        "startTime": 34,
        "songDuration": 113.016,
        "songNumber": 63,
        "activePlayerCount": 113,
        "LinkVideo": "https://files.catbox.moe/y2khy1.webm",
        "LinkMp3": "https://files.catbox.moe/awn43t.mp3",
        "annId": 7045,
        "songDifficulty": 6.71083019625756,
        "vintage": "Summer 1989",
        "correctPlayers": [
            "watashiii",
            "ozsauce"
        ]
    },
    {
        "animeEng": "Goblin Slayer",
        "animeRomaji": "Goblin Slayer",
        "songName": "Though Our Paths May Diverge",
        "artist": "Mili",
        "type": "Insert Song",
        "correctCount": 54,
        "startTime": 16,
        "songDuration": 102.336,
        "songNumber": 64,
        "activePlayerCount": 113,
        "LinkVideo": "https://files.catbox.moe/7la5cv.webm",
        "LinkMp3": "https://files.catbox.moe/q2wwoz.mp3",
        "annId": 20672,
        "songDifficulty": 26.505961501163693,
        "vintage": "Fall 2018"
    },
    {
        "animeEng": "Assassination Classroom the Movie: 365 Days' Time",
        "animeRomaji": "Ansatsu Kyoushitsu: 365-nichi no Jikan",
        "songName": "Tabidachi no Uta",
        "artist": "3-nen E-gumi",
        "type": "Insert Song",
        "correctCount": 87,
        "startTime": 129,
        "songDuration": 243.096,
        "songNumber": 65,
        "activePlayerCount": 112,
        "LinkVideo": "https://files.catbox.moe/b1m2ia.webm",
        "LinkMp3": "https://files.catbox.moe/6nt1wj.mp3",
        "annId": 18752,
        "songDifficulty": 38.03747073637911,
        "vintage": "Fall 2016"
    },
    {
        "animeEng": "After the Rain",
        "animeRomaji": "Koi wa Ameagari no You ni",
        "songName": "Nostalgic Rainfall",
        "artist": "CHiCO with HoneyWorks",
        "type": "Opening 1",
        "correctCount": 69,
        "startTime": 14,
        "songDuration": 88.272,
        "songNumber": 66,
        "activePlayerCount": 112,
        "LinkVideo": "https://files.catbox.moe/exvgif.webm",
        "LinkMp3": "https://files.catbox.moe/vpz5l1.mp3",
        "annId": 20226,
        "songDifficulty": 28.79814887400228,
        "vintage": "Winter 2018"
    },
    {
        "animeEng": "Monster Hunter Stories RIDE ON",
        "animeRomaji": "Monster Hunter Stories RIDE ON",
        "songName": "Panorama",
        "artist": "Kanjani\u221e",
        "type": "Opening 1",
        "correctCount": 5,
        "startTime": 20,
        "songDuration": 114.96,
        "songNumber": 67,
        "activePlayerCount": 112,
        "LinkVideo": "https://files.catbox.moe/fdtgqf.webm",
        "LinkMp3": "https://files.catbox.moe/eqns5g.mp3",
        "annId": 18446,
        "songDifficulty": 6.7381659415998545,
        "vintage": "Fall 2016",
        "correctPlayers": [
            "watashiii",
            "Premieressai",
            "Cobblestone",
            "Bai",
            "Rukawa11"
        ]
    },
    {
        "animeEng": "TONIKAWA: Over The Moon For You",
        "animeRomaji": "Tonikaku Kawaii",
        "songName": "Koi no Uta (feat. Tsukasa Yuzaki)",
        "artist": "Yunomi feat. Akari Kitou",
        "type": "Opening 1",
        "correctCount": 104,
        "startTime": 6,
        "songDuration": 88.56,
        "songNumber": 68,
        "activePlayerCount": 112,
        "LinkVideo": "https://files.catbox.moe/8uqyus.webm",
        "LinkMp3": "https://files.catbox.moe/zr7dtb.mp3",
        "annId": 23503,
        "songDifficulty": 44.82666578676818,
        "vintage": "Fall 2020"
    },
    {
        "animeEng": "Magical Girl Site",
        "animeRomaji": "Mahou Shoujo Site",
        "songName": "Changing point",
        "artist": "i\u2606Ris",
        "type": "Opening 1",
        "correctCount": 51,
        "startTime": 20,
        "songDuration": 88.536,
        "songNumber": 69,
        "activePlayerCount": 112,
        "LinkVideo": "https://files.catbox.moe/knvfis.webm",
        "LinkMp3": "https://files.catbox.moe/dksui9.mp3",
        "annId": 20511,
        "songDifficulty": 26.15895956070697,
        "vintage": "Spring 2018"
    },
    {
        "animeEng": "Mobile Suit Gundam: Iron-Blooded Orphans",
        "animeRomaji": "G-Tekketsu",
        "songName": "Raise your flag",
        "artist": "MAN WITH A MISSION",
        "type": "Opening 1",
        "correctCount": 97,
        "startTime": 21,
        "songDuration": 88.056,
        "songNumber": 70,
        "activePlayerCount": 112,
        "LinkVideo": "https://files.catbox.moe/0v5iae.webm",
        "LinkMp3": "https://files.catbox.moe/lkbe1x.mp3",
        "annId": 17329,
        "songDifficulty": 43.26694157392687,
        "vintage": "Fall 2015"
    },
    {
        "animeEng": "NANA",
        "animeRomaji": "NANA",
        "songName": "a little pain",
        "artist": "OLIVIA inspi' REIRA(TRAPNEST)",
        "type": "Ending 1",
        "correctCount": 44,
        "startTime": 51,
        "songDuration": 85.056,
        "songNumber": 71,
        "activePlayerCount": 112,
        "LinkVideo": "https://files.catbox.moe/iunkqy.webm",
        "LinkMp3": "https://files.catbox.moe/rfl5f5.mp3",
        "annId": 6115,
        "songDifficulty": 28.016822046539378,
        "vintage": "Spring 2006"
    },
    {
        "animeEng": "Baccano!",
        "animeRomaji": "Baccano!",
        "songName": "Gun's&Roses",
        "artist": "Paradise Lunch",
        "type": "Opening 1",
        "correctCount": 107,
        "startTime": 19,
        "songDuration": 88.56,
        "songNumber": 72,
        "activePlayerCount": 112,
        "LinkVideo": "https://files.catbox.moe/cf0028.webm",
        "LinkMp3": "https://files.catbox.moe/mnc0no.mp3",
        "annId": 7492,
        "songDifficulty": 46.13991673236106,
        "vintage": "Summer 2007"
    },
    {
        "animeEng": "ALL OUT!!",
        "animeRomaji": "ALL OUT!!",
        "songName": "Flower",
        "artist": "Lenny code fiction",
        "type": "Opening 1",
        "correctCount": 17,
        "startTime": 43,
        "songDuration": 88.8,
        "songNumber": 73,
        "activePlayerCount": 111,
        "LinkVideo": "https://files.catbox.moe/phsi03.webm",
        "LinkMp3": "https://files.catbox.moe/1lekbm.mp3",
        "annId": 17826,
        "songDifficulty": 17.617720930543666,
        "vintage": "Fall 2016"
    },
    {
        "animeEng": "Joe vs. Joe",
        "animeRomaji": "Futari no Joe",
        "songName": "Tomo yo",
        "artist": "Yuji Ohya",
        "type": "Opening 1",
        "correctCount": 6,
        "startTime": 55,
        "songDuration": 88.512,
        "songNumber": 74,
        "activePlayerCount": 111,
        "LinkVideo": "https://files.catbox.moe/94qd0k.webm",
        "LinkMp3": "https://files.catbox.moe/qqq3pa.mp3",
        "annId": 9423,
        "songDifficulty": 19.45530225409836,
        "vintage": "Spring 2003"
    },
    {
        "animeEng": "Gekijouban selector destructed WIXOSS",
        "animeRomaji": "Gekijouban selector destructed WIXOSS",
        "songName": "Love your enemies",
        "artist": "Kanon Wakeshima",
        "type": "Ending 1",
        "correctCount": 23,
        "startTime": 105,
        "songDuration": 248.208,
        "songNumber": 75,
        "activePlayerCount": 111,
        "LinkVideo": "https://files.catbox.moe/8zr9s2.webm",
        "LinkMp3": "https://files.catbox.moe/7sbuz2.mp3",
        "annId": 17349,
        "songDifficulty": 19.538242611580216,
        "vintage": "Winter 2016"
    },
    {
        "animeEng": "Pingu in the City",
        "animeRomaji": "Pingu in the City",
        "songName": "Ride The Rainbow",
        "artist": "Ken Arai",
        "type": "Ending 1",
        "correctCount": 104,
        "startTime": 3,
        "songDuration": 31.99945,
        "songNumber": 76,
        "activePlayerCount": 111,
        "LinkVideo": "https://files.catbox.moe/lr2e19.webm",
        "LinkMp3": "https://files.catbox.moe/0mtppi.mp3",
        "annId": 21191,
        "songDifficulty": 43.0882374740587,
        "vintage": "Fall 2017"
    },
    {
        "animeEng": "Reborn!",
        "animeRomaji": "Katekyo Hitman Reborn!",
        "songName": "Listen to the Stereo",
        "artist": "GOING UNDER GROUND",
        "type": "Opening 8",
        "correctCount": 44,
        "startTime": 18,
        "songDuration": 88.68,
        "songNumber": 77,
        "activePlayerCount": 111,
        "LinkVideo": "https://files.catbox.moe/xbrned.webm",
        "LinkMp3": "https://files.catbox.moe/ax9pjp.mp3",
        "annId": 6843,
        "songDifficulty": 36.33541944717617,
        "vintage": "Fall 2006"
    },
    {
        "animeEng": "Love Live! School Idol Project",
        "animeRomaji": "Love Live! School Idol Project",
        "songName": "Natsu-iro Egao de 1, 2, Jump!",
        "artist": "\u03bc's",
        "type": "Insert Song",
        "correctCount": 51,
        "startTime": 202,
        "songDuration": 269.256,
        "songNumber": 78,
        "activePlayerCount": 112,
        "LinkVideo": "https://files.catbox.moe/dbzjo7.webm",
        "LinkMp3": "https://files.catbox.moe/5ty9ce.mp3",
        "annId": 22080,
        "songDifficulty": 40.059905046187104,
        "vintage": null
    },
    {
        "animeEng": "gdgd Fairies",
        "animeRomaji": "gdgd Fairies",
        "songName": "Oide yo! Yousei no Mori",
        "artist": "gdgd Fairies",
        "type": "Opening 1",
        "correctCount": 86,
        "startTime": 15,
        "songDuration": 50.376,
        "songNumber": 79,
        "activePlayerCount": 112,
        "LinkVideo": "https://files.catbox.moe/9e74dl.webm",
        "LinkMp3": "https://files.catbox.moe/1bxji1.mp3",
        "annId": 13451,
        "songDifficulty": 31.1770743650452,
        "vintage": "Fall 2011"
    },
    {
        "animeEng": "Black Butler II",
        "animeRomaji": "Kuroshitsuji II",
        "songName": "Wie sch\u00f6n!",
        "artist": "Yuri Kasahara",
        "type": "Insert Song",
        "correctCount": 38,
        "startTime": 16,
        "songDuration": 96,
        "songNumber": 80,
        "activePlayerCount": 112,
        "LinkVideo": "https://files.catbox.moe/8e7klk.webm",
        "LinkMp3": "https://files.catbox.moe/rk7mj4.mp3",
        "annId": 11265,
        "songDifficulty": 25.175186314363145,
        "vintage": "Summer 2010"
    },
    {
        "animeEng": "Princess Tutu",
        "animeRomaji": "Princess Tutu",
        "songName": "Morning Grace",
        "artist": "Ritsuko Okazaki",
        "type": "Opening 1",
        "correctCount": 57,
        "startTime": 26,
        "songDuration": 105.072,
        "songNumber": 81,
        "activePlayerCount": 113,
        "LinkVideo": "https://files.catbox.moe/h8jh1s.webm",
        "LinkMp3": "https://files.catbox.moe/ki48a3.mp3",
        "annId": 1267,
        "songDifficulty": 34.07683356987811,
        "vintage": "Summer 2002"
    },
    {
        "animeEng": "Real Girl",
        "animeRomaji": "3D Kanojo Real Girl",
        "songName": "Daiji na Koto",
        "artist": "Quruli",
        "type": "Ending 2",
        "correctCount": 64,
        "startTime": 26,
        "songDuration": 88.968,
        "songNumber": 82,
        "activePlayerCount": 113,
        "LinkVideo": "https://files.catbox.moe/zu3yc9.webm",
        "LinkMp3": "https://files.catbox.moe/g8p7gk.mp3",
        "annId": 21480,
        "songDifficulty": 26.770961216517858,
        "vintage": "Winter 2019"
    },
    {
        "animeEng": "Aikatsu!",
        "animeRomaji": "Aikatsu!",
        "songName": "Happy Crescendo",
        "artist": "Waka\u30fbFuuri\u30fbSunao\u30fbRemi from STAR\u2606ANIS",
        "type": "Insert Song",
        "correctCount": 73,
        "startTime": 29,
        "songDuration": 112.608,
        "songNumber": 83,
        "activePlayerCount": 113,
        "LinkVideo": "https://files.catbox.moe/56bw8z.webm",
        "LinkMp3": "https://files.catbox.moe/lf3obr.mp3",
        "annId": 15597,
        "songDifficulty": 47.10381856872635,
        "vintage": "Fall 2013"
    },
    {
        "animeEng": "Monster Musume no Iru Nichijou SP",
        "animeRomaji": "Monster Musume no Iru Nichijou SP",
        "songName": "Saikousoku Fall in Love",
        "artist": "Ari Ozawa, Natsuki Aikawa, Sora Amamiya, Haruka Yamazaki, Mayuka Nomura",
        "type": "Opening 1",
        "correctCount": 71,
        "startTime": 59,
        "songDuration": 89.52,
        "songNumber": 84,
        "activePlayerCount": 113,
        "LinkVideo": "https://files.catbox.moe/47i25i.webm",
        "LinkMp3": "https://files.catbox.moe/9x5gj4.mp3",
        "annId": 19964,
        "songDifficulty": 42.76540957371975,
        "vintage": "Fall 2016"
    },
    {
        "animeEng": "Magical Girl Lyrical Nanoha A's",
        "animeRomaji": "Mahou Shoujo Lyrical Nanoha A's",
        "songName": "ETERNAL BLAZE",
        "artist": "Nana Mizuki",
        "type": "Opening 1",
        "correctCount": 45,
        "startTime": 16,
        "songDuration": 106.056,
        "songNumber": 85,
        "activePlayerCount": 112,
        "LinkVideo": "https://files.catbox.moe/i1i7z0.webm",
        "LinkMp3": "https://files.catbox.moe/a0tl4q.mp3",
        "annId": 5770,
        "songDifficulty": 28.073927685410865,
        "vintage": "Fall 2005"
    }
]