[
    {
        "animeEng": "Re-Main",
        "animeRomaji": "Re-Main",
        "songName": "Forget Me Not",
        "artist": "ENHYPEN",
        "type": "Opening 1",
        "correctCount": 26,
        "startTime": 7,
        "songDuration": 89.64,
        "songNumber": 1,
        "activePlayerCount": 110,
        "LinkVideo": "https://files.catbox.moe/yjrqrw.webm",
        "LinkMp3": "https://files.catbox.moe/s82k8a.mp3",
        "annId": 24104,
        "songDifficulty": 25.349154546591098,
        "vintage": "Summer 2021"
    },
    {
        "animeEng": "Pyu to Fuku! Jaguar: Ima, Fuki ni Yukimasu",
        "animeRomaji": "Pyu to Fuku! Jaguar: Ima, Fuki ni Yukimasu",
        "songName": "Katherine ~Girls Never Know~",
        "artist": "Franz Ferdinand",
        "type": "Ending 1",
        "correctCount": 4,
        "startTime": 22,
        "songDuration": 218.352,
        "songNumber": 2,
        "activePlayerCount": 113,
        "LinkVideo": "https://files.catbox.moe/cc8g09.webm",
        "LinkMp3": "https://files.catbox.moe/6kff8j.mp3",
        "annId": 10284,
        "songDifficulty": 8.741358603200604,
        "vintage": "Winter 2009",
        "correctPlayers": [
            "Zylda",
            "Hyonoka",
            "Beokros",
            "Orfey"
        ]
    },
    {
        "animeEng": "Vandread: The Second Stage",
        "animeRomaji": "Vandread: The Second Stage",
        "songName": "TRUST",
        "artist": "Salia",
        "type": "Ending 2",
        "correctCount": 33,
        "startTime": 40,
        "songDuration": 119.037954,
        "songNumber": 3,
        "activePlayerCount": 115,
        "LinkVideo": "https://files.catbox.moe/fmi25b.webm",
        "LinkMp3": "https://files.catbox.moe/y6hf4d.mp3",
        "annId": 601,
        "songDifficulty": 29.89411009097035,
        "vintage": "Fall 2001"
    },
    {
        "animeEng": "Manga Stories of Great Men",
        "animeRomaji": "Manga Ijin Monogatari",
        "songName": "Tsuzuke Seishun-tachi yo",
        "artist": "Hiroshi Kamayatsu",
        "type": "Opening 1",
        "correctCount": 4,
        "startTime": 45,
        "songDuration": 79.056,
        "songNumber": 4,
        "activePlayerCount": 116,
        "LinkVideo": "https://files.catbox.moe/51y0e0.webm",
        "LinkMp3": "https://files.catbox.moe/pezt8c.mp3",
        "annId": 978,
        "songDifficulty": 5.31587906187749,
        "vintage": "Fall 1977",
        "correctPlayers": [
            "Zylda",
            "Rukawa11",
            "Orfey",
            "Ultimate"
        ]
    },
    {
        "animeEng": "JoJo's Bizarre Adventure: Stone Ocean",
        "animeRomaji": "JoJo no Kimyou na Bouken: Stone Ocean",
        "songName": "STONE OCEAN",
        "artist": "ichigo from Kishida Kyoudan &THE Akeboshi Rockets",
        "type": "Opening 1",
        "correctCount": 52,
        "startTime": 53,
        "songDuration": 90.024,
        "songNumber": 5,
        "activePlayerCount": 114,
        "LinkVideo": "https://files.catbox.moe/xft42v.webm",
        "LinkMp3": "https://files.catbox.moe/l1ze04.mp3",
        "annId": 24619,
        "songDifficulty": 45.95148448436771,
        "vintage": "Fall 2021"
    },
    {
        "animeEng": "Miracle! Mimika",
        "animeRomaji": "Miracle! Mimika",
        "songName": "Miracle! Mimika Number One",
        "artist": "Mayuko Omimura",
        "type": "Opening 1",
        "correctCount": 4,
        "startTime": 18,
        "songDuration": 59.064,
        "songNumber": 6,
        "activePlayerCount": 115,
        "LinkVideo": "https://files.catbox.moe/cily1q.webm",
        "LinkMp3": "https://files.catbox.moe/9dtnv3.mp3",
        "annId": 11132,
        "songDifficulty": 9.54879540068342,
        "vintage": "Spring 2006",
        "correctPlayers": [
            "Rukawa11",
            "Sorano",
            "MioMinato",
            "masako03"
        ]
    },
    {
        "animeEng": "Kamigami no Asobi",
        "animeRomaji": "Kamigami no Asobi",
        "songName": "TILL THE END",
        "artist": "Miyu Irino, Daisuke Ono, Yuuto Uemura, Toshiyuki Toyonaga, Hiroshi Kamiya, Yoshimasa Hosoya",
        "type": "Opening 1",
        "correctCount": 6,
        "startTime": 7,
        "songDuration": 88.944,
        "songNumber": 7,
        "activePlayerCount": 116,
        "LinkVideo": "https://files.catbox.moe/jc1b8z.webm",
        "LinkMp3": "https://files.catbox.moe/v2817h.mp3",
        "annId": 15828,
        "songDifficulty": 17.534604982083792,
        "vintage": "Spring 2014"
    },
    {
        "animeEng": "Baki",
        "animeRomaji": "Baki",
        "songName": "The Gong of Knockout",
        "artist": "Fear, and Loathing in Las Vegas",
        "type": "Opening 2",
        "correctCount": 25,
        "startTime": 54,
        "songDuration": 89.04,
        "songNumber": 8,
        "activePlayerCount": 116,
        "LinkVideo": "https://files.catbox.moe/vzv99k.webm",
        "LinkMp3": "https://files.catbox.moe/vudsih.mp3",
        "annId": 19981,
        "songDifficulty": 25.33331381602427,
        "vintage": "Summer 2018"
    },
    {
        "animeEng": "Initial D: Battle Stage 3",
        "animeRomaji": "Initial D: Battle Stage 3",
        "songName": "MILLENIUM",
        "artist": "ROBERT PATTON",
        "type": "Insert Song",
        "correctCount": 4,
        "startTime": 93,
        "songDuration": 170.28,
        "songNumber": 9,
        "activePlayerCount": 116,
        "LinkVideo": "https://files.catbox.moe/x9kyap.webm",
        "LinkMp3": "https://files.catbox.moe/4pauna.mp3",
        "annId": 24123,
        "songDifficulty": 16.704693264431423,
        "vintage": "Winter 2021",
        "correctPlayers": [
            "Zabr",
            "Anoruwaifu",
            "Delete",
            "Eryth"
        ]
    },
    {
        "animeEng": "Someday's Dreamers",
        "animeRomaji": "Mahoutsukai ni Taisetsu na Koto",
        "songName": "Clear",
        "artist": "the Indigo",
        "type": "Insert Song",
        "correctCount": 5,
        "startTime": 4,
        "songDuration": 37.08,
        "songNumber": 10,
        "activePlayerCount": 116,
        "LinkVideo": "https://files.catbox.moe/j7xhpf.webm",
        "LinkMp3": "https://files.catbox.moe/b4gtut.mp3",
        "annId": 1372,
        "songDifficulty": 10.170921688988095,
        "vintage": "Winter 2003",
        "correctPlayers": [
            "Anoruwaifu",
            "Beokros",
            "Nobert",
            "SrueyaF",
            "gaaw"
        ]
    },
    {
        "animeEng": "Life with an Ordinary Guy Who Reincarnated into a Total Fantasy Knockout",
        "animeRomaji": "Fantasy Bishoujo Juniku Ojisan to",
        "songName": "\"FA\"NTASY to!",
        "artist": "Luce Twinkle Wink\u2606",
        "type": "Ending 1",
        "correctCount": 18,
        "startTime": 57,
        "songDuration": 88.728,
        "songNumber": 11,
        "activePlayerCount": 116,
        "LinkVideo": "https://files.catbox.moe/v4rlx4.webm",
        "LinkMp3": "https://files.catbox.moe/tgr7tm.mp3",
        "annId": 24376,
        "songDifficulty": 27.290797756725723,
        "vintage": "Winter 2022"
    },
    {
        "animeEng": "Teekyuu",
        "animeRomaji": "Teekyuu",
        "songName": "Nufuttote Kyuupotoracchi",
        "artist": "Naive",
        "type": "Opening 1",
        "correctCount": 93,
        "startTime": 0,
        "songDuration": 28.56,
        "songNumber": 12,
        "activePlayerCount": 117,
        "LinkVideo": "https://files.catbox.moe/ndzgie.webm",
        "LinkMp3": "https://files.catbox.moe/bbc0fb.mp3",
        "annId": 15582,
        "songDifficulty": 44.499615208278755,
        "vintage": "Fall 2013"
    },
    {
        "animeEng": "Cyborg 009 Call of Justice",
        "animeRomaji": "Cyborg 009 Call of Justice",
        "songName": "Is this love?",
        "artist": "MONKEY MAJIK",
        "type": "Ending 1",
        "correctCount": 13,
        "startTime": 46,
        "songDuration": 89.808,
        "songNumber": 13,
        "activePlayerCount": 118,
        "LinkVideo": "https://files.catbox.moe/d8a5i5.webm",
        "LinkMp3": "https://files.catbox.moe/itwu26.mp3",
        "annId": 18841,
        "songDifficulty": 16.769828624295112,
        "vintage": "Fall 2016"
    },
    {
        "animeEng": "Voltage Fighter Gowcaizer",
        "animeRomaji": "Choujin Gakuen Gowcaizer: The Voltage Fighters",
        "songName": "Ai to Iu na no Itami",
        "artist": "Tomo Sakurai",
        "type": "Ending 3",
        "correctCount": 0,
        "startTime": 71,
        "songDuration": 158.808,
        "songNumber": 14,
        "activePlayerCount": 121,
        "LinkVideo": "https://files.catbox.moe/aqk6ru.webm",
        "LinkMp3": "https://files.catbox.moe/04zd5v.mp3",
        "annId": 953,
        "songDifficulty": 2.078269915229206,
        "vintage": "Winter 1996"
    },
    {
        "animeEng": "Hozuki's Coolheadedness",
        "animeRomaji": "Hoozuki no Reitetsu",
        "songName": "Jigoku no Sata mo Kimi Shidai",
        "artist": "Jigoku no Sata All Stars",
        "type": "Ending 2",
        "correctCount": 79,
        "startTime": 46,
        "songDuration": 89.088,
        "songNumber": 15,
        "activePlayerCount": 121,
        "LinkVideo": "https://files.catbox.moe/g9ckuh.webm",
        "LinkMp3": "https://files.catbox.moe/nw54r5.mp3",
        "annId": 19364,
        "songDifficulty": 44.86254851869455,
        "vintage": "Fall 2017"
    },
    {
        "animeEng": "Our Last Crusade or the Rise of a New World",
        "animeRomaji": "Kimi to Boku no Saigo no Senjou, Arui wa Sekai ga Hajimaru Seisen",
        "songName": "Against.",
        "artist": "Kaori Ishihara",
        "type": "Opening 1",
        "correctCount": 37,
        "startTime": 12,
        "songDuration": 88.248,
        "songNumber": 16,
        "activePlayerCount": 121,
        "LinkVideo": "https://files.catbox.moe/jef7hp.webm",
        "LinkMp3": "https://files.catbox.moe/7b3ap0.mp3",
        "annId": 23174,
        "songDifficulty": 19.815114438859904,
        "vintage": "Fall 2020"
    },
    {
        "animeEng": "Yurumates wa?",
        "animeRomaji": "Yurumates wa?",
        "songName": "Loosey Goosey",
        "artist": "Haruko Momoi",
        "type": "Opening 1",
        "correctCount": 62,
        "startTime": 0,
        "songDuration": 27.384,
        "songNumber": 17,
        "activePlayerCount": 121,
        "LinkVideo": "https://files.catbox.moe/1h3hdf.webm",
        "LinkMp3": "https://files.catbox.moe/7xtpt2.mp3",
        "annId": 13201,
        "songDifficulty": 30.580859092552423,
        "vintage": "Spring 2011"
    },
    {
        "animeEng": "PriPara",
        "animeRomaji": "PriPara",
        "songName": "Twin mirror\u2665compact",
        "artist": "Azuki Shibuya & Yuuki Wakai",
        "type": "Insert Song",
        "correctCount": 37,
        "startTime": 34,
        "songDuration": 106.56,
        "songNumber": 18,
        "activePlayerCount": 120,
        "LinkVideo": "https://files.catbox.moe/2shimg.webm",
        "LinkMp3": "https://files.catbox.moe/9bfi4o.mp3",
        "annId": 18090,
        "songDifficulty": 31.678574916294643,
        "vintage": "Spring 2016"
    },
    {
        "animeEng": "K\u00e4mpfer",
        "animeRomaji": "K\u00e4mpfer",
        "songName": "Darling Darling",
        "artist": "Yui Horie",
        "type": "Insert Song",
        "correctCount": 45,
        "startTime": 0,
        "songDuration": 21.048,
        "songNumber": 19,
        "activePlayerCount": 122,
        "LinkVideo": "https://files.catbox.moe/frumjp.webm",
        "LinkMp3": "https://files.catbox.moe/zv4l87.mp3",
        "annId": 10861,
        "songDifficulty": 29.020047071997347,
        "vintage": "Fall 2009"
    },
    {
        "animeEng": "Touken Ranbu: Hanamaru",
        "animeRomaji": "Touken Ranbu: Hanamaru",
        "songName": "Toki Zotomo Nashi Kenbi no Hana yo",
        "artist": "Junya Enoki & Ryouhei Kimura",
        "type": "Ending 4",
        "correctCount": 7,
        "startTime": 49,
        "songDuration": 87.912,
        "songNumber": 20,
        "activePlayerCount": 122,
        "LinkVideo": "https://files.catbox.moe/dclog6.webm",
        "LinkMp3": "https://files.catbox.moe/r6wy6p.mp3",
        "annId": 18182,
        "songDifficulty": 22.208333333333332,
        "vintage": "Fall 2016"
    },
    {
        "animeEng": "Mix",
        "animeRomaji": "Mix: Meisei Story",
        "songName": "Kimi ni Tsutaeta Story",
        "artist": "Qyoto",
        "type": "Ending 2",
        "correctCount": 5,
        "startTime": 61,
        "songDuration": 89.064,
        "songNumber": 21,
        "activePlayerCount": 123,
        "LinkVideo": "https://files.catbox.moe/xw2dcr.webm",
        "LinkMp3": "https://files.catbox.moe/ta1d4d.mp3",
        "annId": 21648,
        "songDifficulty": 13.415337046827794,
        "vintage": "Spring 2019",
        "correctPlayers": [
            "Kirox",
            "Nobert",
            "anonimus_opinion",
            "Shuuka",
            "Chatmonchy"
        ]
    },
    {
        "animeEng": "Time Bokan: Royal Revival",
        "animeRomaji": "Time Bokan Oudou Fukko",
        "songName": "Yatterman no Uta '93",
        "artist": "Masayuki Yamamoto, Pink Piggies",
        "type": "Opening 2",
        "correctCount": 3,
        "startTime": 4,
        "songDuration": 75.024,
        "songNumber": 22,
        "activePlayerCount": 123,
        "LinkVideo": "https://files.catbox.moe/86d4vu.webm",
        "LinkMp3": "https://files.catbox.moe/c5danp.mp3",
        "annId": 5244,
        "songDifficulty": 13.462760239271118,
        "vintage": "Fall 1993",
        "correctPlayers": [
            "NicoIe",
            "Zylda",
            "Rukawa11"
        ]
    },
    {
        "animeEng": "Gintama: The Movie",
        "animeRomaji": "Gintama: Shinyaku Benizakura-hen",
        "songName": "Boku-tachi no Kisetsu",
        "artist": "DOES",
        "type": "Insert Song",
        "correctCount": 48,
        "startTime": 38,
        "songDuration": 143.618756,
        "songNumber": 23,
        "activePlayerCount": 124,
        "LinkVideo": "https://files.catbox.moe/y7cbvv.webm",
        "LinkMp3": "https://files.catbox.moe/id3r2e.mp3",
        "annId": 11152,
        "songDifficulty": 30.043910375851787,
        "vintage": "Spring 2010"
    },
    {
        "animeEng": "Great Mazinger tai Getter Robo G: Kuuchuu Daigekitotsu",
        "animeRomaji": "Great Mazinger tai Getter Robo G: Kuuchuu Daigekitotsu",
        "songName": "Getter Robo!",
        "artist": "Isao Sasaki",
        "type": "Insert Song",
        "correctCount": 34,
        "startTime": 0,
        "songDuration": 27.024,
        "songNumber": 24,
        "activePlayerCount": 124,
        "LinkVideo": "https://files.catbox.moe/5tk64e.webm",
        "LinkMp3": "https://files.catbox.moe/t65p2v.mp3",
        "annId": 3608,
        "songDifficulty": 20.256409801136364,
        "vintage": "Summer 1975"
    },
    {
        "animeEng": "Nobunagun",
        "animeRomaji": "Nobunagun",
        "songName": "Respect for the dead man",
        "artist": "Pay money To my Pain",
        "type": "Opening 1",
        "correctCount": 23,
        "startTime": 31,
        "songDuration": 88.272,
        "songNumber": 25,
        "activePlayerCount": 126,
        "LinkVideo": "https://files.catbox.moe/aq4cht.webm",
        "LinkMp3": "https://files.catbox.moe/2p79qg.mp3",
        "annId": 15678,
        "songDifficulty": 21.44126889731453,
        "vintage": "Winter 2014"
    },
    {
        "animeEng": "Lupin III: Part V",
        "animeRomaji": "Lupin III: Part 5",
        "songName": "LUPIN TROIS 2018",
        "artist": "Yuji Ohno & Lupintic Six",
        "type": "Opening 1",
        "correctCount": 43,
        "startTime": 17,
        "songDuration": 78.624,
        "songNumber": 26,
        "activePlayerCount": 128,
        "LinkVideo": "https://files.catbox.moe/7ns0pi.webm",
        "LinkMp3": "https://files.catbox.moe/fbh9xx.mp3",
        "annId": 20555,
        "songDifficulty": 28.0611256933439,
        "vintage": "Spring 2018"
    },
    {
        "animeEng": "Starship Girl Yamamoto Yohko",
        "animeRomaji": "Soreyuke! Uchuu Senkan Yamamoto Yohko",
        "songName": "Ru-Ru-Ru",
        "artist": "Masami Okui",
        "type": "Ending 1",
        "correctCount": 6,
        "startTime": 42,
        "songDuration": 89.064,
        "songNumber": 27,
        "activePlayerCount": 130,
        "LinkVideo": "https://files.catbox.moe/fjfyx4.webm",
        "LinkMp3": "https://files.catbox.moe/fbf8g4.mp3",
        "annId": 96,
        "songDifficulty": 7.08830861189048,
        "vintage": "Spring 1999"
    },
    {
        "animeEng": "Grendizer, Getter Robo G, Great Mazinger: Kessen! Daikaijuu",
        "animeRomaji": "Grendizer, Getter Robo G, Great Mazinger: Kessen! Daikaijuu",
        "songName": "Tatakai no Uta",
        "artist": "Isao Sasaki",
        "type": "Insert Song",
        "correctCount": 8,
        "startTime": 93,
        "songDuration": 132.048,
        "songNumber": 28,
        "activePlayerCount": 129,
        "LinkVideo": "https://files.catbox.moe/4z4i1z.webm",
        "LinkMp3": "https://files.catbox.moe/s8hgvz.mp3",
        "annId": 3616,
        "songDifficulty": 16.365140112210426,
        "vintage": "Summer 1976"
    },
    {
        "animeEng": "Seiren",
        "animeRomaji": "Seiren",
        "songName": "Shunkan Happening",
        "artist": "Ayane Sakura",
        "type": "Ending 1",
        "correctCount": 14,
        "startTime": 21,
        "songDuration": 89.04,
        "songNumber": 29,
        "activePlayerCount": 129,
        "LinkVideo": "https://files.catbox.moe/7nmuag.webm",
        "LinkMp3": "https://files.catbox.moe/5dwtw0.mp3",
        "annId": 18865,
        "songDifficulty": 14.54321043448189,
        "vintage": "Winter 2017"
    },
    {
        "animeEng": "Tales of Zestiria the X",
        "animeRomaji": "Tales of Zestiria the X",
        "songName": "Kaze no Uta",
        "artist": "FLOW",
        "type": "Insert Song",
        "correctCount": 87,
        "startTime": 8,
        "songDuration": 41.496,
        "songNumber": 30,
        "activePlayerCount": 129,
        "LinkVideo": "https://files.catbox.moe/sz50sj.webm",
        "LinkMp3": "https://files.catbox.moe/9c9shg.mp3",
        "annId": 18918,
        "songDifficulty": 53.09157132164243,
        "vintage": "Winter 2017"
    },
    {
        "animeEng": "Vampire Knight Guilty",
        "animeRomaji": "Vampire Knight Guilty",
        "songName": "Rondo",
        "artist": "ON/OFF",
        "type": "Opening 1",
        "correctCount": 38,
        "startTime": 24,
        "songDuration": 90.173144,
        "songNumber": 31,
        "activePlayerCount": 131,
        "LinkVideo": "https://files.catbox.moe/clnb8x.webm",
        "LinkMp3": "https://files.catbox.moe/5h9531.mp3",
        "annId": 10107,
        "songDifficulty": 26.360158317764284,
        "vintage": "Fall 2008"
    },
    {
        "animeEng": "Chihayafuru",
        "animeRomaji": "Chihayafuru",
        "songName": "YOUTHFUL",
        "artist": "99RadioService",
        "type": "Opening 1",
        "correctCount": 93,
        "startTime": 41,
        "songDuration": 69.792,
        "songNumber": 32,
        "activePlayerCount": 130,
        "LinkVideo": "https://files.catbox.moe/g3dt77.webm",
        "LinkMp3": "https://files.catbox.moe/rt3mrf.mp3",
        "annId": 12991,
        "songDifficulty": 40.887647701320624,
        "vintage": "Fall 2011"
    },
    {
        "animeEng": "Piano: The Melody of a Young Girl's Heart",
        "animeRomaji": "Piano",
        "songName": "Kokoro no Oto",
        "artist": "Yoko Ueno",
        "type": "Ending 1",
        "correctCount": 2,
        "startTime": 25,
        "songDuration": 88.971532,
        "songNumber": 33,
        "activePlayerCount": 133,
        "LinkVideo": "https://files.catbox.moe/hhrgom.webm",
        "LinkMp3": "https://files.catbox.moe/0dmakq.mp3",
        "annId": 1833,
        "songDifficulty": 7.651605258330456,
        "vintage": "Fall 2002",
        "correctPlayers": [
            "Lone",
            "SrueyaF"
        ]
    },
    {
        "animeEng": "Koro Teacher Quest!",
        "animeRomaji": "Koro Sensei Quest!",
        "songName": "Re:QUEST!",
        "artist": "Aya Suzaki",
        "type": "Opening 1",
        "correctCount": 11,
        "startTime": 1,
        "songDuration": 59.009598,
        "songNumber": 34,
        "activePlayerCount": 133,
        "LinkVideo": "https://files.catbox.moe/gjlf5f.webm",
        "LinkMp3": "https://files.catbox.moe/zkk92y.mp3",
        "annId": 18899,
        "songDifficulty": 20.951638526770143,
        "vintage": "Fall 2016"
    },
    {
        "animeEng": "So I'm a Spider, So What?",
        "animeRomaji": "Kumo desu ga, Nani ka?",
        "songName": "Genjitsu Totsugeki Hierarchy",
        "artist": "Aoi Yuuki",
        "type": "Ending 2",
        "correctCount": 20,
        "startTime": 8,
        "songDuration": 89.232,
        "songNumber": 35,
        "activePlayerCount": 130,
        "LinkVideo": "https://files.catbox.moe/7i1q9d.webm",
        "LinkMp3": "https://files.catbox.moe/zbvqet.mp3",
        "annId": 21180,
        "songDifficulty": 44.86178508920506,
        "vintage": "Winter 2021"
    },
    {
        "animeEng": "Perman",
        "animeRomaji": "Perman",
        "songName": "Bokura no Perman",
        "artist": "Katsue Miwa & Susumu Ishikawa",
        "type": "Opening 1",
        "correctCount": 102,
        "startTime": 9,
        "songDuration": 43.032,
        "songNumber": 36,
        "activePlayerCount": 128,
        "LinkVideo": "https://files.catbox.moe/23zudw.webm",
        "LinkMp3": "https://files.catbox.moe/o90r9l.mp3",
        "annId": 1438,
        "songDifficulty": 35.954901755852845,
        "vintage": "Spring 1967"
    },
    {
        "animeEng": "Terror in Resonance",
        "animeRomaji": "Zankyou no Terror",
        "songName": "von",
        "artist": "Yoko Kanno feat. Arn\u00f3r Dan",
        "type": "Insert Song",
        "correctCount": 38,
        "startTime": 96,
        "songDuration": 160.2,
        "songNumber": 37,
        "activePlayerCount": 131,
        "LinkVideo": "https://files.catbox.moe/yeyvcc.webm",
        "LinkMp3": "https://files.catbox.moe/ojo0h9.mp3",
        "annId": 15974,
        "songDifficulty": 30.469528008298756,
        "vintage": "Summer 2014"
    },
    {
        "animeEng": "Sekkou Boys",
        "animeRomaji": "Sekkou Boys",
        "songName": "Hoshizora Rendezvous",
        "artist": "Sekkou Boys",
        "type": "Ending 1",
        "correctCount": 96,
        "startTime": 3,
        "songDuration": 88.608,
        "songNumber": 38,
        "activePlayerCount": 131,
        "LinkVideo": "https://files.catbox.moe/9hy5pl.webm",
        "LinkMp3": "https://files.catbox.moe/8scnoe.mp3",
        "annId": 17752,
        "songDifficulty": 32.428718171296296,
        "vintage": "Winter 2016"
    },
    {
        "animeEng": "86 Eighty-Six",
        "animeRomaji": "86 Eighty-Six",
        "songName": "Kyoukaisen",
        "artist": "amazarashi",
        "type": "Opening 1",
        "correctCount": 62,
        "startTime": 12,
        "songDuration": 88.488,
        "songNumber": 39,
        "activePlayerCount": 131,
        "LinkVideo": "https://files.catbox.moe/c1rezo.webm",
        "LinkMp3": "https://files.catbox.moe/7c2mh0.mp3",
        "annId": 24481,
        "songDifficulty": 40.63339971654775,
        "vintage": "Fall 2021"
    },
    {
        "animeEng": "Encouragement of Climb Omoide Present",
        "animeRomaji": "Yama no Susume Omoide Present",
        "songName": "Omoide Creators",
        "artist": "Yuka Iguchi & Kana Asumi",
        "type": "Ending 1",
        "correctCount": 15,
        "startTime": 2,
        "songDuration": 84.72,
        "songNumber": 40,
        "activePlayerCount": 131,
        "LinkVideo": "https://files.catbox.moe/ctz98x.webm",
        "LinkMp3": "https://files.catbox.moe/mamg7i.mp3",
        "annId": 19877,
        "songDifficulty": 19.796428906836965,
        "vintage": "Fall 2017"
    },
    {
        "animeEng": "Mrs. Pepperpot",
        "animeRomaji": "Spoon Oba-san",
        "songName": "Ringo no Mori no Koneko-tachi",
        "artist": "Mari Iijima",
        "type": "Ending 1",
        "correctCount": 9,
        "startTime": 30,
        "songDuration": 58.872,
        "songNumber": 41,
        "activePlayerCount": 130,
        "LinkVideo": "https://files.catbox.moe/j3yg6x.webm",
        "LinkMp3": "https://files.catbox.moe/021zze.mp3",
        "annId": 1467,
        "songDifficulty": 14.494047222715436,
        "vintage": "Spring 1983"
    },
    {
        "animeEng": "Kurokan",
        "animeRomaji": "Kurokan",
        "songName": "OAOA",
        "artist": "Mayday",
        "type": "Opening 1",
        "correctCount": 25,
        "startTime": 0,
        "songDuration": 23.808,
        "songNumber": 42,
        "activePlayerCount": 131,
        "LinkVideo": "https://files.catbox.moe/0ku0b4.webm",
        "LinkMp3": "https://files.catbox.moe/ro0om3.mp3",
        "annId": 22989,
        "songDifficulty": 11.47355635927714,
        "vintage": "Winter 2013"
    },
    {
        "animeEng": "Game Center Arashi",
        "animeRomaji": "Game Center Arashi",
        "songName": "Game Center Arashi",
        "artist": "Ichiro Mizuki",
        "type": "Opening 1",
        "correctCount": 4,
        "startTime": 31,
        "songDuration": 70.973474,
        "songNumber": 43,
        "activePlayerCount": 131,
        "LinkVideo": "https://files.catbox.moe/6xaond.webm",
        "LinkMp3": "https://files.catbox.moe/fqi76i.mp3",
        "annId": 2206,
        "songDifficulty": 14.122080471797789,
        "vintage": "Spring 1982",
        "correctPlayers": [
            "Zylda",
            "Bobocan",
            "Rukawa11",
            "munyamunya"
        ]
    },
    {
        "animeEng": "White Album",
        "animeRomaji": "White Album",
        "songName": "Secret Chaos",
        "artist": "Rumi Shishido",
        "type": "Insert Song",
        "correctCount": 8,
        "startTime": 1,
        "songDuration": 61.416,
        "songNumber": 44,
        "activePlayerCount": 133,
        "LinkVideo": "https://files.catbox.moe/6r3um0.webm",
        "LinkMp3": "https://files.catbox.moe/kzrglr.mp3",
        "annId": 10134,
        "songDifficulty": 20.682339449541285,
        "vintage": "Winter 2009"
    },
    {
        "animeEng": "Comet Lucifer",
        "animeRomaji": "Comet Lucifer",
        "songName": "Comet Lucifer ~The Seed and the Sower~",
        "artist": "fh\u00e1na",
        "type": "Opening 1",
        "correctCount": 55,
        "startTime": 30,
        "songDuration": 89.472,
        "songNumber": 45,
        "activePlayerCount": 132,
        "LinkVideo": "https://files.catbox.moe/atxgue.webm",
        "LinkMp3": "https://files.catbox.moe/rgusd8.mp3",
        "annId": 17386,
        "songDifficulty": 26.929807267099058,
        "vintage": "Fall 2015"
    },
    {
        "animeEng": "Okawari-Boy Starzan S",
        "animeRomaji": "Okawari-Boy Starzan S",
        "songName": "Koisuru Kimochi wa Doughnuts no Naka",
        "artist": "Takano Ai",
        "type": "Ending 1",
        "correctCount": 0,
        "startTime": 36,
        "songDuration": 65.208,
        "songNumber": 46,
        "activePlayerCount": 132,
        "LinkVideo": "https://files.catbox.moe/r6jkel.webm",
        "LinkMp3": "https://files.catbox.moe/jdafny.mp3",
        "annId": 7805,
        "songDifficulty": 20.26515225497159,
        "vintage": "Winter 1984"
    },
    {
        "animeEng": "You're Under Arrest: Full Throttle",
        "animeRomaji": "Taiho Shichau zo: Full Throttle",
        "songName": "Kono Mama Futari de Aruite Iketara",
        "artist": "Kumiko Iwai",
        "type": "Insert Song",
        "correctCount": 0,
        "startTime": 55,
        "songDuration": 164.064,
        "songNumber": 47,
        "activePlayerCount": 132,
        "LinkVideo": "https://files.catbox.moe/erada2.webm",
        "LinkMp3": "https://files.catbox.moe/2lnoos.mp3",
        "annId": 8152,
        "songDifficulty": 6.477093592639218,
        "vintage": "Fall 2007"
    },
    {
        "animeEng": "High School DxD BorN",
        "animeRomaji": "High School DxD BorN",
        "songName": "Oppai Dragon no Uta",
        "artist": "Yuki Kaji",
        "type": "Ending 2",
        "correctCount": 85,
        "startTime": 99,
        "songDuration": 169.44,
        "songNumber": 48,
        "activePlayerCount": 130,
        "LinkVideo": "https://files.catbox.moe/ztleuy.webm",
        "LinkMp3": "https://files.catbox.moe/cxqy3n.mp3",
        "annId": 16620,
        "songDifficulty": 35.62643282784289,
        "vintage": "Spring 2015"
    },
    {
        "animeEng": "The Slime Diaries",
        "animeRomaji": "Tensura Nikki: Tensei Shitara Slime Datta Ken",
        "songName": "Kamona Tempest!",
        "artist": "Miho Okasaki, Megumi Toyoguchi, Tomoaki Maeno, Sayaka Senbongi, M\u30fbA\u30fbO, Chikahiro Kobayashi, Asuna Tomari",
        "type": "Ending 1",
        "correctCount": 28,
        "startTime": 19,
        "songDuration": 87.696,
        "songNumber": 49,
        "activePlayerCount": 131,
        "LinkVideo": "https://files.catbox.moe/83tebu.webm",
        "LinkMp3": "https://files.catbox.moe/x6pqvm.mp3",
        "annId": 23359,
        "songDifficulty": 26.055208333333333,
        "vintage": "Spring 2021"
    },
    {
        "animeEng": "Ro-Kyu-Bu! SS",
        "animeRomaji": "Ro-Kyu-Bu! SS",
        "songName": "Get goal!",
        "artist": "RO-KYU-BU!",
        "type": "Opening 1",
        "correctCount": 66,
        "startTime": 18,
        "songDuration": 88.032,
        "songNumber": 50,
        "activePlayerCount": 131,
        "LinkVideo": "https://files.catbox.moe/vo0g7j.webm",
        "LinkMp3": "https://files.catbox.moe/lfmchh.mp3",
        "annId": 14852,
        "songDifficulty": 26.26133270126164,
        "vintage": "Summer 2013"
    },
    {
        "animeEng": "Little Battlers eXperience W",
        "animeRomaji": "Danball Senki W",
        "songName": "Do Wak Parappa",
        "artist": "Hiroki Maekawa",
        "type": "Ending 1",
        "correctCount": 4,
        "startTime": 41,
        "songDuration": 84.072,
        "songNumber": 51,
        "activePlayerCount": 132,
        "LinkVideo": "https://files.catbox.moe/opxnmw.webm",
        "LinkMp3": "https://files.catbox.moe/2nojvw.mp3",
        "annId": 13893,
        "songDifficulty": 5.1981983081714525,
        "vintage": "Winter 2012",
        "correctPlayers": [
            "Sonoko",
            "IzumiSakai",
            "Shuuka",
            "Coolpop"
        ]
    },
    {
        "animeEng": "Bungo Stray Dogs: Hitori Ayumu",
        "animeRomaji": "Bungo Stray Dogs: Hitori Ayumu",
        "songName": "TRASH CANDY",
        "artist": "GRANRODEO",
        "type": "Opening 1",
        "correctCount": 56,
        "startTime": 42,
        "songDuration": 89.568,
        "songNumber": 52,
        "activePlayerCount": 132,
        "LinkVideo": "https://files.catbox.moe/ya38xy.webm",
        "LinkMp3": "https://files.catbox.moe/gcgawu.mp3",
        "annId": 19473,
        "songDifficulty": 44.19107119508368,
        "vintage": "Summer 2017"
    },
    {
        "animeEng": "Iwa Kakeru!: Sport Climbing Girls",
        "animeRomaji": "Iwa Kakeru!: Sport Climbing Girls",
        "songName": "LET'S CLIMB\u2191",
        "artist": "Aina Suzuki",
        "type": "Ending 5",
        "correctCount": 52,
        "startTime": 25,
        "songDuration": 86.52,
        "songNumber": 53,
        "activePlayerCount": 133,
        "LinkVideo": "https://files.catbox.moe/xh0ak5.webm",
        "LinkMp3": "https://files.catbox.moe/t2o878.mp3",
        "annId": 23529,
        "songDifficulty": 32.6184333722616,
        "vintage": "Fall 2020"
    },
    {
        "animeEng": "Winter Sonata",
        "animeRomaji": "Fuyu no Sonata",
        "songName": "Saisho kara Ima made",
        "artist": "RYU",
        "type": "Opening 1",
        "correctCount": 68,
        "startTime": 31,
        "songDuration": 72.775892,
        "songNumber": 54,
        "activePlayerCount": 133,
        "LinkVideo": "https://files.catbox.moe/8oae95.webm",
        "LinkMp3": "https://files.catbox.moe/1lfkul.mp3",
        "annId": 9706,
        "songDifficulty": 24.49283932042464,
        "vintage": "Fall 2009"
    },
    {
        "animeEng": "Didn't I Say to Make My Abilities Average in the Next Life?!",
        "animeRomaji": "Noukin",
        "songName": "Smile Skill = Suki Skill",
        "artist": "Akaki Chikai",
        "type": "Opening 1",
        "correctCount": 63,
        "startTime": 5,
        "songDuration": 89.016,
        "songNumber": 55,
        "activePlayerCount": 134,
        "LinkVideo": "https://files.catbox.moe/b71imq.webm",
        "LinkMp3": "https://files.catbox.moe/hocbcm.mp3",
        "annId": 22283,
        "songDifficulty": 29.662752565514843,
        "vintage": "Fall 2019"
    },
    {
        "animeEng": "Durarara!!",
        "animeRomaji": "Durarara!!",
        "songName": "rain tears",
        "artist": "Saki Fujita",
        "type": "Insert Song",
        "correctCount": 61,
        "startTime": 2,
        "songDuration": 35.064,
        "songNumber": 56,
        "activePlayerCount": 135,
        "LinkVideo": "https://files.catbox.moe/7dgogz.webm",
        "LinkMp3": "https://files.catbox.moe/rdrist.mp3",
        "annId": 10947,
        "songDifficulty": 28.465716566830253,
        "vintage": "Winter 2010"
    },
    {
        "animeEng": "Ultra Maniac",
        "animeRomaji": "Ultra Maniac",
        "songName": "Kagami no Naka",
        "artist": "can/goo",
        "type": "Opening 1",
        "correctCount": 9,
        "startTime": 33,
        "songDuration": 88.488,
        "songNumber": 57,
        "activePlayerCount": 135,
        "LinkVideo": "https://files.catbox.moe/7whxvr.webm",
        "LinkMp3": "https://files.catbox.moe/dha2o4.mp3",
        "annId": 2287,
        "songDifficulty": 15.504684173959319,
        "vintage": "Spring 2003"
    },
    {
        "animeEng": "Crayon Shin-chan: Henderland no Daibouken",
        "animeRomaji": "Crayon Shin-chan: Henderland no Daibouken",
        "songName": "Pakappo de GO!",
        "artist": "Akiko Yajima",
        "type": "Opening 1",
        "correctCount": 108,
        "startTime": 9,
        "songDuration": 63.432,
        "songNumber": 58,
        "activePlayerCount": 135,
        "LinkVideo": "https://files.catbox.moe/2dwbul.webm",
        "LinkMp3": "https://files.catbox.moe/qtjhok.mp3",
        "annId": 6744,
        "songDifficulty": 50.87359733820459,
        "vintage": "Spring 1996"
    },
    {
        "animeEng": "Chain Chronicle: The Light of Haecceitas",
        "animeRomaji": "Chain Chronicle: Haecceitas no Hikari",
        "songName": "True Destiny",
        "artist": "Nao Touyama",
        "type": "Ending 1",
        "correctCount": 31,
        "startTime": 10,
        "songDuration": 85.896,
        "songNumber": 59,
        "activePlayerCount": 135,
        "LinkVideo": "https://files.catbox.moe/9o2w4r.webm",
        "LinkMp3": "https://files.catbox.moe/6eskmw.mp3",
        "annId": 16678,
        "songDifficulty": 20.232695889372362,
        "vintage": "Fall 2016"
    },
    {
        "animeEng": "A Certain Magical Index II",
        "animeRomaji": "Toaru Majutsu no Index II",
        "songName": "See visionS",
        "artist": "Mami Kawada",
        "type": "Opening 2",
        "correctCount": 64,
        "startTime": 2,
        "songDuration": 89.976,
        "songNumber": 60,
        "activePlayerCount": 135,
        "LinkVideo": "https://files.catbox.moe/nvpzfq.webm",
        "LinkMp3": "https://files.catbox.moe/imiyfv.mp3",
        "annId": 11602,
        "songDifficulty": 30.08949145808502,
        "vintage": "Fall 2010"
    },
    {
        "animeEng": "Qualidea Code",
        "animeRomaji": "Qualidea Code",
        "songName": "TIME TO GO",
        "artist": "Yui Ishikawa",
        "type": "Insert Song",
        "correctCount": 21,
        "startTime": 11,
        "songDuration": 132.744,
        "songNumber": 61,
        "activePlayerCount": 135,
        "LinkVideo": "https://files.catbox.moe/g8c2lw.webm",
        "LinkMp3": "https://files.catbox.moe/c56m21.mp3",
        "annId": 17937,
        "songDifficulty": 20.70339033018868,
        "vintage": "Summer 2016"
    },
    {
        "animeEng": "Pandora Hearts",
        "animeRomaji": "Pandora Hearts",
        "songName": "everytime you kissed me",
        "artist": "Emily Bindiger",
        "type": "Insert Song",
        "correctCount": 8,
        "startTime": 160,
        "songDuration": 283.344,
        "songNumber": 62,
        "activePlayerCount": 134,
        "LinkVideo": "https://files.catbox.moe/q72q3c.webm",
        "LinkMp3": "https://files.catbox.moe/ckpq8l.mp3",
        "annId": 10436,
        "songDifficulty": 19.94475860595703,
        "vintage": "Spring 2009"
    },
    {
        "animeEng": "Showa Monogatari",
        "animeRomaji": "Showa Monogatari",
        "songName": "Furimukanaide",
        "artist": "The Peanuts",
        "type": "Ending 10",
        "correctCount": 1,
        "startTime": 30,
        "songDuration": 60.096,
        "songNumber": 63,
        "activePlayerCount": 133,
        "LinkVideo": "https://files.catbox.moe/bn6kop.webm",
        "LinkMp3": "https://files.catbox.moe/g8x57q.mp3",
        "annId": 12275,
        "songDifficulty": 9.558823529411764,
        "vintage": "Fall 2010",
        "correctPlayers": [
            "Zylda"
        ]
    },
    {
        "animeEng": "Smile Down the Runway",
        "animeRomaji": "Runway de Waratte",
        "songName": "Ray of Light",
        "artist": "J-JUN",
        "type": "Ending 1",
        "correctCount": 17,
        "startTime": 32,
        "songDuration": 88.824,
        "songNumber": 64,
        "activePlayerCount": 132,
        "LinkVideo": "https://files.catbox.moe/d188o9.webm",
        "LinkMp3": "https://files.catbox.moe/qrc0vt.mp3",
        "annId": 22516,
        "songDifficulty": 15.333378330413243,
        "vintage": "Winter 2020"
    },
    {
        "animeEng": "Danganronpa 3: The End of Hope's Peak High School - Future Arc",
        "animeRomaji": "Danganronpa 3: The End of Kibougamine Gakuen - Mirai-hen",
        "songName": "Recall THE END",
        "artist": "TRUSTRICK",
        "type": "Ending 1",
        "correctCount": 34,
        "startTime": 9,
        "songDuration": 89.568,
        "songNumber": 65,
        "activePlayerCount": 132,
        "LinkVideo": "https://files.catbox.moe/577rp9.webm",
        "LinkMp3": "https://files.catbox.moe/wtlj9v.mp3",
        "annId": 18159,
        "songDifficulty": 21.843609515484516,
        "vintage": "Summer 2016"
    },
    {
        "animeEng": "Always! Super Radical Gag Family",
        "animeRomaji": "Maido! Urayasu Tekkin Kazoku",
        "songName": "Hagane no Machi",
        "artist": "Tetsuya Kanmuri",
        "type": "Opening 1",
        "correctCount": 18,
        "startTime": 0,
        "songDuration": 19.392,
        "songNumber": 66,
        "activePlayerCount": 131,
        "LinkVideo": "https://files.catbox.moe/d1gm9v.webm",
        "LinkMp3": "https://files.catbox.moe/35ch50.mp3",
        "annId": 16075,
        "songDifficulty": 12.660604337366616,
        "vintage": "Summer 2014"
    },
    {
        "animeEng": "Battle of the Planets",
        "animeRomaji": "Gatchaman",
        "songName": "Gatchaman no Uta",
        "artist": "Masato Shimon",
        "type": "Ending 1",
        "correctCount": 56,
        "startTime": 8,
        "songDuration": 87.072,
        "songNumber": 67,
        "activePlayerCount": 130,
        "LinkVideo": "https://files.catbox.moe/xoywv7.webm",
        "LinkMp3": "https://files.catbox.moe/v6183f.mp3",
        "annId": 4,
        "songDifficulty": 56.80964985918544,
        "vintage": "Fall 1972"
    },
    {
        "animeEng": "Haitai Nanafa",
        "animeRomaji": "Haitai Nanafa",
        "songName": "Yuimaru\u2606World",
        "artist": "Rie Ayase",
        "type": "Ending 1",
        "correctCount": 55,
        "startTime": 6,
        "songDuration": 43.056,
        "songNumber": 68,
        "activePlayerCount": 131,
        "LinkVideo": "https://files.catbox.moe/h5tfcl.webm",
        "LinkMp3": "https://files.catbox.moe/1uoemh.mp3",
        "annId": 14638,
        "songDifficulty": 32.35075095739588,
        "vintage": "Fall 2012"
    },
    {
        "animeEng": "A Certain Magical Index: The Miracle of Endymion",
        "animeRomaji": "Toaru Majutsu no Index: Endymion no Kiseki",
        "songName": "telepath ~Hikari no Tou~",
        "artist": "Sachika Misawa",
        "type": "Insert Song",
        "correctCount": 13,
        "startTime": 21,
        "songDuration": 222.024,
        "songNumber": 69,
        "activePlayerCount": 131,
        "LinkVideo": "https://files.catbox.moe/5xnvbl.webm",
        "LinkMp3": "https://files.catbox.moe/82pwmf.mp3",
        "annId": 13635,
        "songDifficulty": 16.148934320349763,
        "vintage": "Winter 2013"
    },
    {
        "animeEng": "The Troubled Life of Miss Kotoura",
        "animeRomaji": "Kotoura-san",
        "songName": "Sonna Koto Ura no Mata Urabanashi Desho?",
        "artist": "Megumi Nakajima",
        "type": "Opening 1",
        "correctCount": 68,
        "startTime": 40,
        "songDuration": 86.76,
        "songNumber": 70,
        "activePlayerCount": 132,
        "LinkVideo": "https://files.catbox.moe/izwphe.webm",
        "LinkMp3": "https://files.catbox.moe/gjdim8.mp3",
        "annId": 14722,
        "songDifficulty": 24.488035657811512,
        "vintage": "Winter 2013"
    },
    {
        "animeEng": "A Certain Scientific Railgun S",
        "animeRomaji": "Toaru Kagaku no Railgun S",
        "songName": "LEVEL5-judgelight-",
        "artist": "fripSide",
        "type": "Insert Song",
        "correctCount": 93,
        "startTime": 40,
        "songDuration": 142.848,
        "songNumber": 71,
        "activePlayerCount": 132,
        "LinkVideo": "https://files.catbox.moe/va0u85.webm",
        "LinkMp3": "https://files.catbox.moe/eoqgh7.mp3",
        "annId": 14853,
        "songDifficulty": 58.13241579484562,
        "vintage": "Spring 2013"
    },
    {
        "animeEng": "BECK: Mongolian Chop Squad",
        "animeRomaji": "BECK: Mongolian Chop Squad",
        "songName": "My World Down",
        "artist": "meister",
        "type": "Insert Song",
        "correctCount": 20,
        "startTime": 56,
        "songDuration": 149.02601,
        "songNumber": 72,
        "activePlayerCount": 132,
        "LinkVideo": "https://files.catbox.moe/mplvr8.webm",
        "LinkMp3": "https://files.catbox.moe/tkf1sd.mp3",
        "annId": 4404,
        "songDifficulty": 23.717820568894787,
        "vintage": "Fall 2004"
    },
    {
        "animeEng": "Shoujo\u2606Kageki Revue Starlight Movie",
        "animeRomaji": "Shoujo\u2606Kageki Revue Starlight Movie",
        "songName": "Pen:Chikara:Katana",
        "artist": "Hinata Satou & Moeka Koizumi",
        "type": "Insert Song",
        "correctCount": 15,
        "startTime": 372,
        "songDuration": 583.608,
        "songNumber": 73,
        "activePlayerCount": 133,
        "LinkVideo": "https://files.catbox.moe/aa11ni.webm",
        "LinkMp3": "https://files.catbox.moe/j58lfo.mp3",
        "annId": 23563,
        "songDifficulty": 34.762366006540695,
        "vintage": "Winter 2021"
    },
    {
        "animeEng": "Agriculture Angel Baraki",
        "animeRomaji": "Agukaru",
        "songName": "Gojappe Brothers no Uta",
        "artist": "Gojappe Brothers",
        "type": "Ending 2",
        "correctCount": 4,
        "startTime": 13,
        "songDuration": 51.564828,
        "songNumber": 74,
        "activePlayerCount": 133,
        "LinkVideo": "https://files.catbox.moe/symi6y.webm",
        "LinkMp3": "https://files.catbox.moe/d014gt.mp3",
        "annId": 17092,
        "songDifficulty": 15.964649928435115,
        "vintage": "Summer 2010",
        "correctPlayers": [
            "Octavio",
            "SrueyaF",
            "SakuraFujima",
            "peepis"
        ]
    },
    {
        "animeEng": "Ace of the Diamond",
        "animeRomaji": "Daiya no Ace",
        "songName": "Hashire! Mirai",
        "artist": "GLAY",
        "type": "Opening 3",
        "correctCount": 20,
        "startTime": 11,
        "songDuration": 88.762556,
        "songNumber": 75,
        "activePlayerCount": 132,
        "LinkVideo": "https://files.catbox.moe/vztw57.webm",
        "LinkMp3": "https://files.catbox.moe/q5b6td.mp3",
        "annId": 15337,
        "songDifficulty": 25.750877808988765,
        "vintage": "Fall 2013"
    },
    {
        "animeEng": "Ensemble Stars!",
        "animeRomaji": "EnStars",
        "songName": "Love Ra*bits Party!!",
        "artist": "Ra*bits",
        "type": "Insert Song",
        "correctCount": 12,
        "startTime": 37,
        "songDuration": 112.944,
        "songNumber": 76,
        "activePlayerCount": 132,
        "LinkVideo": "https://files.catbox.moe/meoxua.webm",
        "LinkMp3": "https://files.catbox.moe/nwusex.mp3",
        "annId": 22259,
        "songDifficulty": 37.88888471554487,
        "vintage": "Summer 2019"
    },
    {
        "animeEng": "Macross Delta",
        "animeRomaji": "Macross \u0394",
        "songName": "Hametsu no Junjou",
        "artist": "Walk\u00fcre",
        "type": "Ending 5",
        "correctCount": 72,
        "startTime": 43,
        "songDuration": 89.352,
        "songNumber": 77,
        "activePlayerCount": 132,
        "LinkVideo": "https://files.catbox.moe/mlaqek.webm",
        "LinkMp3": "https://files.catbox.moe/ufvegd.mp3",
        "annId": 17762,
        "songDifficulty": 46.16066946051736,
        "vintage": "Spring 2016"
    },
    {
        "animeEng": "Great Mazinger tai Getter Robo",
        "animeRomaji": "Great Mazinger tai Getter Robo",
        "songName": "Yuusha wa Mazinger",
        "artist": "Ichiro Mizuki & Columbia Yurikago-kai",
        "type": "Insert Song",
        "correctCount": 103,
        "startTime": 24,
        "songDuration": 56.04,
        "songNumber": 78,
        "activePlayerCount": 132,
        "LinkVideo": "https://files.catbox.moe/3cnxwf.webm",
        "LinkMp3": "https://files.catbox.moe/ip30gh.mp3",
        "annId": 3594,
        "songDifficulty": 40,
        "vintage": "Winter 1975"
    },
    {
        "animeEng": "Aikatsu!",
        "animeRomaji": "Aikatsu!",
        "songName": "Lovely Party Collection",
        "artist": "Ruka\u30fbMona\u30fbMiki\u30fbMiho\u30fbNanase\u30fbKana from AIKATSU\u2606STARS!",
        "type": "Insert Song",
        "correctCount": 71,
        "startTime": 51,
        "songDuration": 107.616,
        "songNumber": 79,
        "activePlayerCount": 132,
        "LinkVideo": "https://files.catbox.moe/72mapm.webm",
        "LinkMp3": "https://files.catbox.moe/ydxdk2.mp3",
        "annId": 16165,
        "songDifficulty": 44.95265059037642,
        "vintage": "Fall 2014"
    },
    {
        "animeEng": "ID: INVADED",
        "animeRomaji": "ID: INVADED",
        "songName": "Butterfly",
        "artist": "MIYAVI",
        "type": "Insert Song",
        "correctCount": 31,
        "startTime": 2,
        "songDuration": 105.048,
        "songNumber": 80,
        "activePlayerCount": 133,
        "LinkVideo": "https://files.catbox.moe/s3ef55.webm",
        "LinkMp3": "https://files.catbox.moe/7q2ry4.mp3",
        "annId": 22509,
        "songDifficulty": 40.024128741528614,
        "vintage": "Winter 2020"
    },
    {
        "animeEng": "The Wind Rises",
        "animeRomaji": "Kaze Tachinu",
        "songName": "Das gibt's nur einmal",
        "artist": "Hideaki Anno & Morio Kazama & Stephen Alpert",
        "type": "Insert Song",
        "correctCount": 58,
        "startTime": 7,
        "songDuration": 53.088,
        "songNumber": 81,
        "activePlayerCount": 133,
        "LinkVideo": "https://files.catbox.moe/umt4s9.webm",
        "LinkMp3": "https://files.catbox.moe/q4c23n.mp3",
        "annId": 14975,
        "songDifficulty": 31.75741709394641,
        "vintage": "Spring 2013"
    },
    {
        "animeEng": "Phi Brain: Puzzle of God - The Orpheus Order",
        "animeRomaji": "Phi-Brain - Kami no Puzzle: Orpheus Order-hen",
        "songName": "Super Step",
        "artist": "ammoflight",
        "type": "Ending 1",
        "correctCount": 9,
        "startTime": 28,
        "songDuration": 89.088,
        "songNumber": 82,
        "activePlayerCount": 133,
        "LinkVideo": "https://files.catbox.moe/0czjck.webm",
        "LinkMp3": "https://files.catbox.moe/4wj20p.mp3",
        "annId": 14121,
        "songDifficulty": 10.594506209935897,
        "vintage": "Spring 2012"
    },
    {
        "animeEng": "Fate/stay night: Heaven's Feel II. lost butterfly",
        "animeRomaji": "Fate/stay night: Heaven's Feel II. lost butterfly",
        "songName": "I beg you",
        "artist": "Aimer",
        "type": "Ending 1",
        "correctCount": 66,
        "startTime": 33,
        "songDuration": 266.184,
        "songNumber": 83,
        "activePlayerCount": 134,
        "LinkVideo": "https://files.catbox.moe/txac2j.webm",
        "LinkMp3": "https://files.catbox.moe/psedav.mp3",
        "annId": 20899,
        "songDifficulty": 32.15587846272738,
        "vintage": "Winter 2019"
    },
    {
        "animeEng": "Nisekoi",
        "animeRomaji": "Nisekoi",
        "songName": "CLICK",
        "artist": "ClariS",
        "type": "Opening 1",
        "correctCount": 97,
        "startTime": 41,
        "songDuration": 89.568,
        "songNumber": 84,
        "activePlayerCount": 134,
        "LinkVideo": "https://files.catbox.moe/388uyj.webm",
        "LinkMp3": "https://files.catbox.moe/sukbjo.mp3",
        "annId": 15349,
        "songDifficulty": 38.67594974573736,
        "vintage": "Winter 2014"
    },
    {
        "animeEng": "Planetes",
        "animeRomaji": "Planetes",
        "songName": "Thanks my friend",
        "artist": "Mikio Sakai",
        "type": "Insert Song",
        "correctCount": 13,
        "startTime": 4,
        "songDuration": 85.706282,
        "songNumber": 85,
        "activePlayerCount": 130,
        "LinkVideo": "https://files.catbox.moe/os7s40.webm",
        "LinkMp3": "https://files.catbox.moe/g46wjp.mp3",
        "annId": 2654,
        "songDifficulty": 17.368438246714458,
        "vintage": "Fall 2003"
    }
]