[
    {
        "animeEng": "Sekirei: Pure Engagement",
        "animeRomaji": "Sekirei: Pure Engagement",
        "songName": "Hakuyoku no Seiyaku ~Pure Engagement~",
        "artist": "Saori Hayami/Marina Inoue/Kana Hanazawa/Aya Endo",
        "type": "Opening 1",
        "correctCount": 23,
        "startTime": 59,
        "songDuration": 89.311118,
        "songNumber": 1,
        "activePlayerCount": 174,
        "LinkVideo": "https://files.catbox.moe/4a2me5.webm",
        "LinkMp3": "https://files.catbox.moe/7jwmg7.mp3",
        "annId": 11018,
        "songDifficulty": 14.931121176861701,
        "vintage": "Spring 2010"
    },
    {
        "animeEng": "Love is Like a Cocktail",
        "animeRomaji": "Osake wa Fuufu ni Natte kara",
        "songName": "Don't Let Me Down",
        "artist": "Cellchrome",
        "type": "Ending 1",
        "correctCount": 74,
        "startTime": 0,
        "songDuration": 27.576,
        "songNumber": 2,
        "activePlayerCount": 182,
        "LinkVideo": "https://files.catbox.moe/8hvcg2.webm",
        "LinkMp3": "https://files.catbox.moe/kle99d.mp3",
        "annId": 20009,
        "songDifficulty": 26.88946373553823,
        "vintage": "Fall 2017"
    },
    {
        "animeEng": "Massara",
        "animeRomaji": "Massara",
        "songName": "Massara",
        "artist": "Kiyoe Yoshioka",
        "type": "Insert Song",
        "correctCount": 2,
        "startTime": 24,
        "songDuration": 129.643,
        "songNumber": 3,
        "activePlayerCount": 182,
        "LinkVideo": "https://files.catbox.moe/f2mhii.webm",
        "annId": 25315,
        "songDifficulty": 26.31578947368421,
        "vintage": "Fall 2021",
        "correctPlayers": [
            "mkby",
            "Rukawa11"
        ]
    },
    {
        "animeEng": "Virtua Fighter",
        "animeRomaji": "Virtua Fighter",
        "songName": "Eien no Mannaka de",
        "artist": "Akiko Seko",
        "type": "Ending 3",
        "correctCount": 1,
        "startTime": 39,
        "songDuration": 87.216,
        "songNumber": 4,
        "activePlayerCount": 188,
        "LinkVideo": "https://files.catbox.moe/odfwcw.webm",
        "LinkMp3": "https://files.catbox.moe/cbuf3e.mp3",
        "annId": 496,
        "songDifficulty": 8.128003601634175,
        "vintage": "Fall 1995",
        "correctPlayers": [
            "ozsauce"
        ]
    },
    {
        "animeEng": "My Teen Romantic Comedy SNAFU TOO!",
        "animeRomaji": "Oregairu Zoku",
        "songName": "Yukitoki",
        "artist": "Nagi Yanagi",
        "type": "Insert Song",
        "correctCount": 145,
        "startTime": 28,
        "songDuration": 162.12,
        "songNumber": 5,
        "activePlayerCount": 192,
        "LinkVideo": "https://files.catbox.moe/ax756s.webm",
        "LinkMp3": "https://files.catbox.moe/z8t7ci.mp3",
        "annId": 16329,
        "songDifficulty": 55.77741260282021,
        "vintage": "Spring 2015"
    },
    {
        "animeEng": "Dance with Devils",
        "animeRomaji": "Dance with Devils",
        "songName": "Yami no Hanayome Reprise",
        "artist": "Grimoire ensemble",
        "type": "Insert Song",
        "correctCount": 23,
        "startTime": 27,
        "songDuration": 102.168,
        "songNumber": 6,
        "activePlayerCount": 192,
        "LinkVideo": "https://files.catbox.moe/vubj0p.webm",
        "LinkMp3": "https://files.catbox.moe/l5lptn.mp3",
        "annId": 16781,
        "songDifficulty": 28.8958349609375,
        "vintage": "Fall 2015"
    },
    {
        "animeEng": "Moonlight Mile 2nd Season: Touch Down",
        "animeRomaji": "Moonlight Mile 2nd Season: Touch Down",
        "songName": "Main Theme",
        "artist": "Kan Sawada",
        "type": "Opening 1",
        "correctCount": 12,
        "startTime": 19,
        "songDuration": 88.512,
        "songNumber": 7,
        "activePlayerCount": 194,
        "LinkVideo": "https://files.catbox.moe/ufb855.webm",
        "LinkMp3": "https://files.catbox.moe/qd8a4m.mp3",
        "annId": 8236,
        "songDifficulty": 14.235969761439732,
        "vintage": "Summer 2007"
    },
    {
        "animeEng": "Hitoribocchi no Marumaruseikatsu",
        "animeRomaji": "Hitoribocchi no Marumaruseikatsu",
        "songName": "Bakushou Bocchi Juku Kouka",
        "artist": "Chisaki Morishita, Minami Tanaka, Akari Kito, Yuuko Kurose",
        "type": "Ending 2",
        "correctCount": 76,
        "startTime": 9,
        "songDuration": 114.989044,
        "songNumber": 8,
        "activePlayerCount": 197,
        "LinkVideo": "https://files.catbox.moe/d4owth.webm",
        "LinkMp3": "https://files.catbox.moe/henfj2.mp3",
        "annId": 20806,
        "songDifficulty": 44.41550144277996,
        "vintage": "Spring 2019"
    },
    {
        "animeEng": "Mobile Suit Gundam 0083: Stardust Memory",
        "animeRomaji": "Kidou Senshi Gundam 0083: Stardust Memory",
        "songName": "THE WINNER",
        "artist": "Miki Matsubara",
        "type": "Opening 1",
        "correctCount": 29,
        "startTime": 35,
        "songDuration": 112.392,
        "songNumber": 9,
        "activePlayerCount": 198,
        "LinkVideo": "https://files.catbox.moe/hu0xgu.webm",
        "LinkMp3": "https://files.catbox.moe/hwhy4g.mp3",
        "annId": 23,
        "songDifficulty": 25.18696595550301,
        "vintage": "Spring 1991"
    },
    {
        "animeEng": "Ponyo on the Cliff by the Sea",
        "animeRomaji": "Gake no Ue no Ponyo",
        "songName": "Gake no Ue no Ponyo",
        "artist": "Fujioka Fujimaki & Nozomi Oohashi",
        "type": "Ending 1",
        "correctCount": 78,
        "startTime": 42,
        "songDuration": 91.968,
        "songNumber": 10,
        "activePlayerCount": 198,
        "LinkVideo": "https://files.catbox.moe/klxepk.webm",
        "LinkMp3": "https://files.catbox.moe/y6ewfp.mp3",
        "annId": 7814,
        "songDifficulty": 50.74505726890076,
        "vintage": "Summer 2008"
    },
    {
        "animeEng": "Toriko",
        "animeRomaji": "Toriko",
        "songName": "Guts Guts!!",
        "artist": "Akira Kushida",
        "type": "Opening 1",
        "correctCount": 64,
        "startTime": 13,
        "songDuration": 83.424,
        "songNumber": 11,
        "activePlayerCount": 199,
        "LinkVideo": "https://files.catbox.moe/1i5vfp.webm",
        "LinkMp3": "https://files.catbox.moe/r7lwsq.mp3",
        "annId": 12306,
        "songDifficulty": 41.10667870036101,
        "vintage": "Spring 2011"
    },
    {
        "animeEng": "Planzet",
        "animeRomaji": "Planzet",
        "songName": "Ryuuguu no Tsukai",
        "artist": "Chitose Hajime",
        "type": "Ending 1",
        "correctCount": 6,
        "startTime": 59,
        "songDuration": 323.328,
        "songNumber": 12,
        "activePlayerCount": 200,
        "LinkVideo": "https://files.catbox.moe/ojeghj.webm",
        "LinkMp3": "https://files.catbox.moe/qe7wva.mp3",
        "annId": 11204,
        "songDifficulty": 7.977632832774654,
        "vintage": "Spring 2010"
    },
    {
        "animeEng": "Overman King Gainer",
        "animeRomaji": "Overman King Gainer",
        "songName": "King Gainer Over!",
        "artist": "Yoshiki Fukuyama",
        "type": "Opening 1",
        "correctCount": 33,
        "startTime": 21,
        "songDuration": 87.848286,
        "songNumber": 13,
        "activePlayerCount": 200,
        "LinkVideo": "https://files.catbox.moe/henz4r.webm",
        "LinkMp3": "https://files.catbox.moe/5tdbs0.mp3",
        "annId": 1737,
        "songDifficulty": 27.834635416666668,
        "vintage": "Summer 2002"
    },
    {
        "animeEng": "Journal of the Mysterious Creatures",
        "animeRomaji": "Ijou Seibutsu Kenbunroku",
        "songName": "Tajigen Traveling",
        "artist": "Purely Monster",
        "type": "Ending 1",
        "correctCount": 2,
        "startTime": 18,
        "songDuration": 88.824,
        "songNumber": 14,
        "activePlayerCount": 201,
        "LinkVideo": "https://files.catbox.moe/qpr0ni.webm",
        "LinkMp3": "https://files.catbox.moe/ovebl3.mp3",
        "annId": 23484,
        "songDifficulty": 7.861538461538461,
        "vintage": "Summer 2020",
        "correctPlayers": [
            "watashiii",
            "Rukawa11"
        ]
    },
    {
        "animeEng": "Trinity Seven",
        "animeRomaji": "Trinity Seven",
        "songName": "Seven Doors",
        "artist": "ZAQ",
        "type": "Opening 1",
        "correctCount": 98,
        "startTime": 39,
        "songDuration": 88.992,
        "songNumber": 15,
        "activePlayerCount": 204,
        "LinkVideo": "https://files.catbox.moe/ud4yac.webm",
        "LinkMp3": "https://files.catbox.moe/054gv6.mp3",
        "annId": 16174,
        "songDifficulty": 35.847299260433175,
        "vintage": "Fall 2014"
    },
    {
        "animeEng": "Spooky Kitaro",
        "animeRomaji": "Gegege no Kitarou",
        "songName": "Urameshi Ya",
        "artist": "Hidekazu Nagai",
        "type": "Ending 1",
        "correctCount": 97,
        "startTime": 18,
        "songDuration": 59.544,
        "songNumber": 16,
        "activePlayerCount": 203,
        "LinkVideo": "https://files.catbox.moe/pg3kvz.webm",
        "LinkMp3": "https://files.catbox.moe/sx1k8x.mp3",
        "annId": 7616,
        "songDifficulty": 37.86811957700651,
        "vintage": "Spring 2007"
    },
    {
        "animeEng": "Heaven's Memo Pad",
        "animeRomaji": "Kamisama no Memochou",
        "songName": "Sleeping Butterfly",
        "artist": "ChouCho",
        "type": "Insert Song",
        "correctCount": 13,
        "startTime": 29,
        "songDuration": 98.376,
        "songNumber": 17,
        "activePlayerCount": 205,
        "LinkVideo": "https://files.catbox.moe/hk44sg.webm",
        "LinkMp3": "https://files.catbox.moe/sb6ddx.mp3",
        "annId": 12865,
        "songDifficulty": 14.49467143945993,
        "vintage": "Summer 2011"
    },
    {
        "animeEng": "The Galaxy Railways",
        "animeRomaji": "Ginga Tetsudou Monogatari",
        "songName": "Ginga Tetsudou wa Harukanari",
        "artist": "Isao Sasaki",
        "type": "Opening 1",
        "correctCount": 4,
        "startTime": 5,
        "songDuration": 90.528,
        "songNumber": 18,
        "activePlayerCount": 205,
        "LinkVideo": "https://files.catbox.moe/skiikg.webm",
        "LinkMp3": "https://files.catbox.moe/52edft.mp3",
        "annId": 2913,
        "songDifficulty": 12.493629945527523,
        "vintage": "Fall 2003",
        "correctPlayers": [
            "Zylda",
            "watashiii",
            "Rukawa11",
            "Catisam"
        ]
    },
    {
        "animeEng": "Mobile Suit Gundam 00",
        "animeRomaji": "Mobile Suit Gundam 00",
        "songName": "LOVE TODAY",
        "artist": "Taja",
        "type": "Insert Song",
        "correctCount": 18,
        "startTime": 84,
        "songDuration": 146.352,
        "songNumber": 19,
        "activePlayerCount": 205,
        "LinkVideo": "https://files.catbox.moe/r6lxwo.webm",
        "LinkMp3": "https://files.catbox.moe/uodhro.mp3",
        "annId": 8190,
        "songDifficulty": 14.637845637289326,
        "vintage": "Fall 2007"
    },
    {
        "animeEng": "Eromanga Sensei",
        "animeRomaji": "Eromanga Sensei",
        "songName": "Watashi no Shiawase ~Falling In Love With You~",
        "artist": "Minami Takahashi",
        "type": "Insert Song",
        "correctCount": 12,
        "startTime": 160,
        "songDuration": 251.232,
        "songNumber": 20,
        "activePlayerCount": 206,
        "LinkVideo": "https://files.catbox.moe/2uhs4c.webm",
        "LinkMp3": "https://files.catbox.moe/9ijxla.mp3",
        "annId": 23239,
        "songDifficulty": 15.00702901679371,
        "vintage": "Winter 2019"
    },
    {
        "animeEng": "Encouragement of Climb Season 2",
        "animeRomaji": "Yama no Susume Second Season",
        "songName": "Gakujin no Uta",
        "artist": "Yuka Iguchi & Kana Asumi & Yoko Hikasa & Yui Ogura",
        "type": "Insert Song",
        "correctCount": 14,
        "startTime": 5,
        "songDuration": 42.288,
        "songNumber": 21,
        "activePlayerCount": 206,
        "LinkVideo": "https://files.catbox.moe/vk5vzl.webm",
        "LinkMp3": "https://files.catbox.moe/3gyx5l.mp3",
        "annId": 15813,
        "songDifficulty": 23.63202676005747,
        "vintage": "Summer 2014"
    },
    {
        "animeEng": "High School of the Dead: Drifters of the Dead OVA",
        "animeRomaji": "Gakuen Mokushiroku: Highschool of the Dead - Drifters of the Dead",
        "songName": "HIGHSCHOOL OF THE DEAD",
        "artist": "Kishida Kyoudan &THE Akeboshi Rockets",
        "type": "Opening 1",
        "correctCount": 138,
        "startTime": 14,
        "songDuration": 89.76,
        "songNumber": 22,
        "activePlayerCount": 207,
        "LinkVideo": "https://files.catbox.moe/63q21z.webm",
        "LinkMp3": "https://files.catbox.moe/b43um0.mp3",
        "annId": 13942,
        "songDifficulty": 45.583567450495046,
        "vintage": "Spring 2011"
    },
    {
        "animeEng": "Hanayamata",
        "animeRomaji": "Hanayamata",
        "songName": "Hanaha Odore ya Iroha ni Ho",
        "artist": "Team 'Hanayamata'",
        "type": "Opening 1",
        "correctCount": 92,
        "startTime": 1,
        "songDuration": 89.88,
        "songNumber": 23,
        "activePlayerCount": 205,
        "LinkVideo": "https://files.catbox.moe/qkgvqk.webm",
        "LinkMp3": "https://files.catbox.moe/dd7acs.mp3",
        "annId": 15775,
        "songDifficulty": 38.59178506314479,
        "vintage": "Summer 2014"
    },
    {
        "animeEng": "Lupin III: Green vs Red",
        "animeRomaji": "Lupin Sansei: Green vs Red",
        "songName": "Honoo no Takaramono",
        "artist": "BOBBY",
        "type": "Insert Song",
        "correctCount": 56,
        "startTime": 49,
        "songDuration": 85.128,
        "songNumber": 24,
        "activePlayerCount": 205,
        "LinkVideo": "https://files.catbox.moe/hr15te.webm",
        "LinkMp3": "https://files.catbox.moe/1wvyi6.mp3",
        "annId": 8868,
        "songDifficulty": 25.913683698850896,
        "vintage": "Spring 2008"
    },
    {
        "animeEng": "Lily C.A.T.",
        "animeRomaji": "Lily C.A.T.",
        "songName": "LISTENING TO THE ANGELS",
        "artist": "Teressa Jonette",
        "type": "Ending 1",
        "correctCount": 4,
        "startTime": 74,
        "songDuration": 140.472,
        "songNumber": 25,
        "activePlayerCount": 205,
        "LinkVideo": "https://files.catbox.moe/z6lbvc.webm",
        "LinkMp3": "https://files.catbox.moe/9qsqi6.mp3",
        "annId": 2009,
        "songDifficulty": 10.128875156618514,
        "vintage": "Summer 1987",
        "correctPlayers": [
            "watashiii",
            "Szafa",
            "Hyonoka",
            "Delete"
        ]
    },
    {
        "animeEng": "Is the Order a Rabbit?? Season 2",
        "animeRomaji": "Gochuumon wa Usagi Desu ka??",
        "songName": "Tokimeki Poporon",
        "artist": "Chimame-tai",
        "type": "Ending 1",
        "correctCount": 51,
        "startTime": 24,
        "songDuration": 89.856,
        "songNumber": 26,
        "activePlayerCount": 203,
        "LinkVideo": "https://files.catbox.moe/qu1lpw.webm",
        "LinkMp3": "https://files.catbox.moe/8nwc98.mp3",
        "annId": 16737,
        "songDifficulty": 35.38213606818739,
        "vintage": "Fall 2015"
    },
    {
        "animeEng": "B: The Beginning",
        "animeRomaji": "B: The Beginning",
        "songName": "The Perfect World",
        "artist": "Marty Friedman feat. Jean-Ken Johnny, KenKen",
        "type": "Ending 1",
        "correctCount": 74,
        "startTime": 57,
        "songDuration": 110.592,
        "songNumber": 27,
        "activePlayerCount": 203,
        "LinkVideo": "https://files.catbox.moe/im9b8e.webm",
        "LinkMp3": "https://files.catbox.moe/plxoaq.mp3",
        "annId": 19987,
        "songDifficulty": 31.08239905239015,
        "vintage": "Winter 2018"
    },
    {
        "animeEng": "Black Jack Special: The 4 Miracles of Life",
        "animeRomaji": "Black Jack Special: The 4 Miracles of Life",
        "songName": "ROOTS",
        "artist": "B'z",
        "type": "Ending 1",
        "correctCount": 4,
        "startTime": 110,
        "songDuration": 161.064,
        "songNumber": 28,
        "activePlayerCount": 204,
        "LinkVideo": "https://files.catbox.moe/4m95tx.webm",
        "LinkMp3": "https://files.catbox.moe/0b84zz.mp3",
        "annId": 6060,
        "songDifficulty": 7.780351050106096,
        "vintage": "Fall 2003",
        "correctPlayers": [
            "SmartHardyz",
            "ozsauce",
            "Hyonoka",
            "Kazso"
        ]
    },
    {
        "animeEng": "Strike The Blood IV",
        "animeRomaji": "Strike The Blood IV",
        "songName": "Dear My Hero",
        "artist": "Risa Taneda",
        "type": "Ending 1",
        "correctCount": 7,
        "startTime": 48,
        "songDuration": 88.248,
        "songNumber": 29,
        "activePlayerCount": 204,
        "LinkVideo": "https://files.catbox.moe/x0mph7.webm",
        "LinkMp3": "https://files.catbox.moe/j2kqfu.mp3",
        "annId": 22932,
        "songDifficulty": 16.7545895590379,
        "vintage": "Spring 2020"
    },
    {
        "animeEng": "Ojamajo Doremi Dokkaan",
        "animeRomaji": "Ojamajo Doremi Dokkaan",
        "songName": "Ojamajo Carnival!!",
        "artist": "MAHO-dou",
        "type": "Insert Song",
        "correctCount": 108,
        "startTime": 30,
        "songDuration": 89.232,
        "songNumber": 30,
        "activePlayerCount": 203,
        "LinkVideo": "https://files.catbox.moe/z3cr7g.webm",
        "LinkMp3": "https://files.catbox.moe/q1py9a.mp3",
        "annId": 1649,
        "songDifficulty": 43.5500733329461,
        "vintage": "Winter 2002"
    },
    {
        "animeEng": "Utakoi",
        "animeRomaji": "Chouyaku Hyakunin Isshu: Uta Koi.",
        "songName": "Love Letter from Nanika?",
        "artist": "ecosystem",
        "type": "Opening 1",
        "correctCount": 10,
        "startTime": 22,
        "songDuration": 89.352,
        "songNumber": 31,
        "activePlayerCount": 205,
        "LinkVideo": "https://files.catbox.moe/hx8pb2.webm",
        "LinkMp3": "https://files.catbox.moe/ib8fb8.mp3",
        "annId": 14168,
        "songDifficulty": 12.490757855822551,
        "vintage": "Summer 2012"
    },
    {
        "animeEng": "Ushio & Tora",
        "animeRomaji": "Ushio to Tora",
        "songName": "Shuugawari no Kiseki no Shinwa",
        "artist": "Kinniku Shoujo-tai",
        "type": "Opening 1",
        "correctCount": 78,
        "startTime": 49,
        "songDuration": 88.176,
        "songNumber": 32,
        "activePlayerCount": 204,
        "LinkVideo": "https://files.catbox.moe/32t294.webm",
        "LinkMp3": "https://files.catbox.moe/c4kiwy.mp3",
        "annId": 17232,
        "songDifficulty": 27.662026970762398,
        "vintage": "Spring 2016"
    },
    {
        "animeEng": "Ikki Tousen: Western Wolves",
        "animeRomaji": "Ikkitousen: Western Wolves",
        "songName": "Kurenai no Akatsuki",
        "artist": "Yui Sakakibara",
        "type": "Ending 1",
        "correctCount": 5,
        "startTime": 20,
        "songDuration": 87.064626,
        "songNumber": 33,
        "activePlayerCount": 205,
        "LinkVideo": "https://files.catbox.moe/bcqjhl.webm",
        "LinkMp3": "https://files.catbox.moe/cb9gqc.mp3",
        "annId": 22179,
        "songDifficulty": 12.689853111383442,
        "vintage": "Winter 2019",
        "correctPlayers": [
            "Diukes",
            "watashiii",
            "Hejsan",
            "shadowpandax",
            "ozsauce"
        ]
    },
    {
        "animeEng": "Digimon Adventure tri. Chapter 5: Coexistence",
        "animeRomaji": "Digimon Adventure tri. Kyousei",
        "songName": "brave heart~tri.Version~",
        "artist": "Ayumi Miyazaki",
        "type": "Insert Song",
        "correctCount": 66,
        "startTime": 33,
        "songDuration": 250.008,
        "songNumber": 34,
        "activePlayerCount": 204,
        "LinkVideo": "https://files.catbox.moe/xlj3k7.webm",
        "LinkMp3": "https://files.catbox.moe/s4jri7.mp3",
        "annId": 19808,
        "songDifficulty": 37.97185051188069,
        "vintage": "Summer 2017"
    },
    {
        "animeEng": "Black Bullet",
        "animeRomaji": "Black Bullet",
        "songName": "black bullet",
        "artist": "fripSide",
        "type": "Opening 1",
        "correctCount": 90,
        "startTime": 34,
        "songDuration": 87.90053,
        "songNumber": 35,
        "activePlayerCount": 204,
        "LinkVideo": "https://files.catbox.moe/aeppq7.webm",
        "LinkMp3": "https://files.catbox.moe/57m787.mp3",
        "annId": 15769,
        "songDifficulty": 38.35577842022268,
        "vintage": "Spring 2014"
    },
    {
        "animeEng": "Starship Troopers",
        "animeRomaji": "Uchuu no Senshi",
        "songName": "BELIEVE",
        "artist": "Tsunoda\u2606Hiro",
        "type": "Ending 3",
        "correctCount": 16,
        "startTime": 55,
        "songDuration": 116.688,
        "songNumber": 36,
        "activePlayerCount": 205,
        "LinkVideo": "https://files.catbox.moe/gbkj3y.webm",
        "LinkMp3": "https://files.catbox.moe/eedyq1.mp3",
        "annId": 4136,
        "songDifficulty": 15.114638878554894,
        "vintage": "Fall 1988"
    },
    {
        "animeEng": "DARLING in the FRANXX",
        "animeRomaji": "DARLING in the FRANXX",
        "songName": "Beautiful World",
        "artist": "XX:me",
        "type": "Ending 3",
        "correctCount": 46,
        "startTime": 44,
        "songDuration": 89.304,
        "songNumber": 37,
        "activePlayerCount": 204,
        "LinkVideo": "https://files.catbox.moe/dhhkcw.webm",
        "LinkMp3": "https://files.catbox.moe/s5ekrv.mp3",
        "annId": 19850,
        "songDifficulty": 19.829949817518248,
        "vintage": "Winter 2018"
    },
    {
        "animeEng": "Dragon Ball Super",
        "animeRomaji": "Dragon Ball Super",
        "songName": "Kyuukyoku no Battle",
        "artist": "Akira Kushida",
        "type": "Insert Song",
        "correctCount": 61,
        "startTime": 35,
        "songDuration": 122.856,
        "songNumber": 38,
        "activePlayerCount": 205,
        "LinkVideo": "https://files.catbox.moe/kriq9x.webm",
        "LinkMp3": "https://files.catbox.moe/z7ullf.mp3",
        "annId": 17006,
        "songDifficulty": 49.614285952508006,
        "vintage": "Summer 2015"
    },
    {
        "animeEng": "Classroom of the Elite",
        "animeRomaji": "Youkoso Jitsuryoku Shijou Shugi no Kyoushitsu e",
        "songName": "Beautiful Soldier",
        "artist": "Minami",
        "type": "Ending 1",
        "correctCount": 66,
        "startTime": 53,
        "songDuration": 88.968,
        "songNumber": 39,
        "activePlayerCount": 206,
        "LinkVideo": "https://files.catbox.moe/hckoiq.webm",
        "LinkMp3": "https://files.catbox.moe/rqtski.mp3",
        "annId": 19544,
        "songDifficulty": 17.830193383849203,
        "vintage": "Summer 2017"
    },
    {
        "animeEng": "Kowarekake no Orgel",
        "animeRomaji": "Kowarekake no Orgel",
        "songName": "Daily Life",
        "artist": "Masumi Asano",
        "type": "Ending 1",
        "correctCount": 11,
        "startTime": 4,
        "songDuration": 89.04,
        "songNumber": 40,
        "activePlayerCount": 207,
        "LinkVideo": "https://files.catbox.moe/ie0qlf.webm",
        "LinkMp3": "https://files.catbox.moe/setenz.mp3",
        "annId": 23394,
        "songDifficulty": 11.756171633873457,
        "vintage": "Summer 2010"
    },
    {
        "animeEng": "Natsu no Arashi!",
        "animeRomaji": "Natsu no Arashi!",
        "songName": "Hito Natsu no Keiken",
        "artist": "Ryoko Shiraishi",
        "type": "Insert Song",
        "correctCount": 15,
        "startTime": 22,
        "songDuration": 117.504,
        "songNumber": 41,
        "activePlayerCount": 208,
        "LinkVideo": "https://files.catbox.moe/vxguis.webm",
        "LinkMp3": "https://files.catbox.moe/l3mmdo.mp3",
        "annId": 10464,
        "songDifficulty": 31.57894736842105,
        "vintage": "Spring 2009"
    },
    {
        "animeEng": "Cowboy Bebop",
        "animeRomaji": "Cowboy Bebop",
        "songName": "SEE YOU SPACE COWBOYS NOT FINAL MIX MOUNTAIN ROOT",
        "artist": "Mai Yamane",
        "type": "Insert Song",
        "correctCount": 71,
        "startTime": 55,
        "songDuration": 187.896,
        "songNumber": 42,
        "activePlayerCount": 208,
        "LinkVideo": "https://files.catbox.moe/424toz.webm",
        "LinkMp3": "https://files.catbox.moe/8nw0xh.mp3",
        "annId": 13,
        "songDifficulty": 42.89017925613497,
        "vintage": "Spring 1998"
    },
    {
        "animeEng": "Myriad Colors Phantom World",
        "animeRomaji": "Musaigen no Phantom World",
        "songName": "Naked Dive",
        "artist": "SCREEN mode",
        "type": "Opening 1",
        "correctCount": 123,
        "startTime": 54,
        "songDuration": 88.56,
        "songNumber": 43,
        "activePlayerCount": 210,
        "LinkVideo": "https://files.catbox.moe/uxpcz0.webm",
        "LinkMp3": "https://files.catbox.moe/b94zoo.mp3",
        "annId": 17731,
        "songDifficulty": 32.41333923751687,
        "vintage": "Winter 2016"
    },
    {
        "animeEng": "The Prince of Tennis: The National Tournament",
        "animeRomaji": "Tennis no Ouji-sama: Zenkoku Taikai-hen",
        "songName": "Kakaeta Kiseki",
        "artist": "AOZU",
        "type": "Opening 2",
        "correctCount": 12,
        "startTime": 1,
        "songDuration": 74.496,
        "songNumber": 44,
        "activePlayerCount": 208,
        "LinkVideo": "https://files.catbox.moe/5ca9rh.webm",
        "LinkMp3": "https://files.catbox.moe/qdldzs.mp3",
        "annId": 6249,
        "songDifficulty": 18.175018447807346,
        "vintage": "Winter 2006"
    },
    {
        "animeEng": "After the Rain",
        "animeRomaji": "Koi wa Ameagari no You ni",
        "songName": "Ref:rain",
        "artist": "Aimer",
        "type": "Ending 1",
        "correctCount": 80,
        "startTime": 26,
        "songDuration": 86.857125,
        "songNumber": 45,
        "activePlayerCount": 210,
        "LinkVideo": "https://files.catbox.moe/s4hrgg.webm",
        "LinkMp3": "https://files.catbox.moe/yi6jyr.mp3",
        "annId": 20226,
        "songDifficulty": 35.880256975250994,
        "vintage": "Winter 2018"
    },
    {
        "animeEng": "Lamune",
        "animeRomaji": "Lamune",
        "songName": "Daisuki na Season",
        "artist": "Akane Tomonaga",
        "type": "Insert Song",
        "correctCount": 12,
        "startTime": 12,
        "songDuration": 53.28888,
        "songNumber": 46,
        "activePlayerCount": 212,
        "LinkVideo": "https://files.catbox.moe/r1n95x.webm",
        "LinkMp3": "https://files.catbox.moe/jhqi2b.mp3",
        "annId": 5868,
        "songDifficulty": 9.605628993503007,
        "vintage": "Fall 2005"
    },
    {
        "animeEng": "Singles",
        "animeRomaji": "Singles",
        "songName": "Haruyo Koi",
        "artist": "Romi Narita",
        "type": "Opening 1",
        "correctCount": 9,
        "startTime": 47,
        "songDuration": 163.053524,
        "songNumber": 47,
        "activePlayerCount": 210,
        "LinkVideo": "https://files.catbox.moe/po3rq7.webm",
        "LinkMp3": "https://files.catbox.moe/3sc7lh.mp3",
        "annId": 7171,
        "songDifficulty": 13.850080026000786,
        "vintage": "Spring 1993"
    },
    {
        "animeEng": "The Beast Player Erin",
        "animeRomaji": "Kemono no Souja Erin",
        "songName": "Shizuku",
        "artist": "Sukima Switch",
        "type": "Opening 1",
        "correctCount": 30,
        "startTime": 52,
        "songDuration": 85.104,
        "songNumber": 48,
        "activePlayerCount": 211,
        "LinkVideo": "https://files.catbox.moe/we0w5b.webm",
        "LinkMp3": "https://files.catbox.moe/qdjgp9.mp3",
        "annId": 10291,
        "songDifficulty": 27.255668922326834,
        "vintage": "Winter 2009"
    },
    {
        "animeEng": "A Bridge to the Starry Skies",
        "animeRomaji": "Hoshizora e Kakaru Hashi",
        "songName": "It's my message",
        "artist": "Ringo Aoba",
        "type": "Insert Song",
        "correctCount": 4,
        "startTime": 21,
        "songDuration": 96.552,
        "songNumber": 49,
        "activePlayerCount": 213,
        "LinkVideo": "https://files.catbox.moe/wv69te.webm",
        "LinkMp3": "https://files.catbox.moe/16yx7d.mp3",
        "annId": 12339,
        "songDifficulty": 10.311618195276827,
        "vintage": "Spring 2011",
        "correctPlayers": [
            "watashiii",
            "Hejsan",
            "kaghey",
            "FUCK_AMQ"
        ]
    },
    {
        "animeEng": "Ch\u00e4os;Child",
        "animeRomaji": "Ch\u00e4os;Child",
        "songName": "Uncontrollable",
        "artist": "Kanako Itou",
        "type": "Opening 1",
        "correctCount": 97,
        "startTime": 5,
        "songDuration": 90.192,
        "songNumber": 50,
        "activePlayerCount": 211,
        "LinkVideo": "https://files.catbox.moe/jjb93w.webm",
        "LinkMp3": "https://files.catbox.moe/gnwm5v.mp3",
        "annId": 18556,
        "songDifficulty": 35.09876450580232,
        "vintage": "Winter 2017"
    },
    {
        "animeEng": "Love, Chunibyo & Other Delusions!: Take On Me",
        "animeRomaji": "Chuunibyou demo Koi ga Shitai! Movie: Take On Me",
        "songName": "Sparkling Daydream",
        "artist": "ZAQ",
        "type": "Insert Song",
        "correctCount": 142,
        "startTime": 64,
        "songDuration": 161.856,
        "songNumber": 51,
        "activePlayerCount": 212,
        "LinkVideo": "https://files.catbox.moe/y4hy7k.webm",
        "LinkMp3": "https://files.catbox.moe/4vbs40.mp3",
        "annId": 19920,
        "songDifficulty": 51.572294170185124,
        "vintage": "Winter 2018"
    },
    {
        "animeEng": "Minami-ke",
        "animeRomaji": "Minami-ke",
        "songName": "Colorful Days",
        "artist": "Rina Satou, Marina Inoue, Minori Chihara",
        "type": "Ending 1",
        "correctCount": 18,
        "startTime": 6,
        "songDuration": 88.92,
        "songNumber": 52,
        "activePlayerCount": 212,
        "LinkVideo": "https://files.catbox.moe/9dk1qs.webm",
        "LinkMp3": "https://files.catbox.moe/vly4hi.mp3",
        "annId": 8536,
        "songDifficulty": 13.5649804885385,
        "vintage": "Fall 2007"
    },
    {
        "animeEng": "Dusk maiden of Amnesia",
        "animeRomaji": "Tasogare Otome\u00d7Amnesia",
        "songName": "Calendrier",
        "artist": "Aki Okui",
        "type": "Ending 1",
        "correctCount": 58,
        "startTime": 17,
        "songDuration": 89.20663,
        "songNumber": 53,
        "activePlayerCount": 212,
        "LinkVideo": "https://files.catbox.moe/906mb3.webm",
        "LinkMp3": "https://files.catbox.moe/9ul99c.mp3",
        "annId": 13892,
        "songDifficulty": 26.517949871731215,
        "vintage": "Spring 2012"
    },
    {
        "animeEng": "Dog & Scissors",
        "animeRomaji": "Inu to Hasami wa Tsukaiyou",
        "songName": "Maid no Tame ni Kane wa Naru ~Chou Juusha Mokushiroku yori",
        "artist": "Chiwa Saito",
        "type": "Insert Song",
        "correctCount": 21,
        "startTime": 0,
        "songDuration": 27.048,
        "songNumber": 54,
        "activePlayerCount": 212,
        "LinkVideo": "https://files.catbox.moe/v55yof.webm",
        "LinkMp3": "https://files.catbox.moe/7acljk.mp3",
        "annId": 15101,
        "songDifficulty": 19.403675426136363,
        "vintage": "Summer 2013"
    },
    {
        "animeEng": "Gingitsune: Messenger Fox of the Gods",
        "animeRomaji": "Gingitsune",
        "songName": "tiny lamp",
        "artist": "fh\u00e1na",
        "type": "Opening 1",
        "correctCount": 22,
        "startTime": 15,
        "songDuration": 89.568,
        "songNumber": 55,
        "activePlayerCount": 211,
        "LinkVideo": "https://files.catbox.moe/clxvd4.webm",
        "LinkMp3": "https://files.catbox.moe/v0e6st.mp3",
        "annId": 15283,
        "songDifficulty": 17.949647313399282,
        "vintage": "Fall 2013"
    },
    {
        "animeEng": "World Trigger",
        "animeRomaji": "World Trigger",
        "songName": "Force",
        "artist": "TOMORROW X TOGETHER",
        "type": "Opening 1",
        "correctCount": 75,
        "startTime": 4,
        "songDuration": 89.64,
        "songNumber": 56,
        "activePlayerCount": 211,
        "LinkVideo": "https://files.catbox.moe/v0arh8.webm",
        "LinkMp3": "https://files.catbox.moe/cd0l7x.mp3",
        "annId": 23782,
        "songDifficulty": 28.31616285038386,
        "vintage": "Winter 2021"
    },
    {
        "animeEng": "Road to You: Kioku ni Mau Konayuki",
        "animeRomaji": "Road to You: Kioku ni Mau Konayuki",
        "songName": "Konayuki (Reimieron Cover)",
        "artist": "KAF",
        "type": "Insert Song",
        "correctCount": 29,
        "startTime": 20,
        "songDuration": 131.952,
        "songNumber": 57,
        "activePlayerCount": 212,
        "LinkVideo": "https://files.catbox.moe/8azsfk.webm",
        "LinkMp3": "https://files.catbox.moe/att8iv.mp3",
        "annId": 23873,
        "songDifficulty": 18.059690290178573,
        "vintage": "Fall 2019"
    },
    {
        "animeEng": "Rage of Bahamut: Virgin Soul",
        "animeRomaji": "Shingeki no Bahamut VIRGIN SOUL",
        "songName": "LET iT END",
        "artist": "SiM",
        "type": "Opening 1",
        "correctCount": 37,
        "startTime": 4,
        "songDuration": 89.304,
        "songNumber": 58,
        "activePlayerCount": 212,
        "LinkVideo": "https://files.catbox.moe/ld9one.webm",
        "LinkMp3": "https://files.catbox.moe/pb5yg7.mp3",
        "annId": 18190,
        "songDifficulty": 23.835428384406516,
        "vintage": "Spring 2017"
    },
    {
        "animeEng": "To the Abandoned Sacred Beasts",
        "animeRomaji": "Katsute Kami Datta Kemono-tachi e",
        "songName": "Sacrifice",
        "artist": "Mafumafu",
        "type": "Opening 1",
        "correctCount": 79,
        "startTime": 58,
        "songDuration": 88.56,
        "songNumber": 59,
        "activePlayerCount": 216,
        "LinkVideo": "https://files.catbox.moe/g7cldy.webm",
        "LinkMp3": "https://files.catbox.moe/l0xqu4.mp3",
        "annId": 21778,
        "songDifficulty": 25.96645968058005,
        "vintage": "Summer 2019"
    },
    {
        "animeEng": "2.43: Seiin High School Boys Volleyball Team",
        "animeRomaji": "2.43: Seiin Koukou Danshi Volley-bu",
        "songName": "Undulation",
        "artist": "Soushi Sakiyama",
        "type": "Ending 1",
        "correctCount": 51,
        "startTime": 13,
        "songDuration": 89.352,
        "songNumber": 60,
        "activePlayerCount": 217,
        "LinkVideo": "https://files.catbox.moe/jvm91x.webm",
        "LinkMp3": "https://files.catbox.moe/yr0215.mp3",
        "annId": 23487,
        "songDifficulty": 28.098428236166008,
        "vintage": "Winter 2021"
    },
    {
        "animeEng": "Haikyu!! Movie Concept no Tatakai",
        "animeRomaji": "Haikyu!! Movie Concept no Tatakai",
        "songName": "Hikari Are",
        "artist": "BURNOUT SYNDROMES",
        "type": "Ending 1",
        "correctCount": 26,
        "startTime": 110,
        "songDuration": 239.952,
        "songNumber": 61,
        "activePlayerCount": 217,
        "LinkVideo": "https://files.catbox.moe/tywqad.webm",
        "LinkMp3": "https://files.catbox.moe/gb071d.mp3",
        "annId": 19746,
        "songDifficulty": 49.471174342105265,
        "vintage": "Summer 2017"
    },
    {
        "animeEng": "Black Butler: Book of Circus",
        "animeRomaji": "Kuroshitsuji: Book of Circus",
        "songName": "ENAMEL",
        "artist": "SID",
        "type": "Opening 1",
        "correctCount": 83,
        "startTime": 34,
        "songDuration": 87.576,
        "songNumber": 62,
        "activePlayerCount": 217,
        "LinkVideo": "https://files.catbox.moe/czw10c.webm",
        "LinkMp3": "https://files.catbox.moe/7rpbhf.mp3",
        "annId": 16030,
        "songDifficulty": 28.330847002262445,
        "vintage": "Summer 2014"
    },
    {
        "animeEng": "Ani-Kuri 15",
        "animeRomaji": "Ani-Kuri 15",
        "songName": "Hane",
        "artist": "I's CUBE",
        "type": "Insert Song",
        "correctCount": 3,
        "startTime": 25,
        "songDuration": 55.50925,
        "songNumber": 63,
        "activePlayerCount": 216,
        "LinkVideo": "https://files.catbox.moe/pzq5er.webm",
        "LinkMp3": "https://files.catbox.moe/g71qh7.mp3",
        "annId": 10585,
        "songDifficulty": 6.444444638206845,
        "vintage": "Spring 2007",
        "correctPlayers": [
            "JuliAless64",
            "Diukes",
            "Nippah"
        ]
    },
    {
        "animeEng": "Angel Beats!",
        "animeRomaji": "Angel Beats!",
        "songName": "My Soul,Your Beats!",
        "artist": "Lia",
        "type": "Opening 1",
        "correctCount": 172,
        "startTime": 24,
        "songDuration": 89.4,
        "songNumber": 64,
        "activePlayerCount": 216,
        "LinkVideo": "https://files.catbox.moe/avvdm5.webm",
        "LinkMp3": "https://files.catbox.moe/ocbvdf.mp3",
        "annId": 10885,
        "songDifficulty": 58.21736043024396,
        "vintage": "Spring 2010"
    },
    {
        "animeEng": "Love Live! Sunshine!!",
        "animeRomaji": "Love Live! School Idol Project Sunshine!!",
        "songName": "WATER BLUE NEW WORLD",
        "artist": "Aqours",
        "type": "Insert Song",
        "correctCount": 53,
        "startTime": 18,
        "songDuration": 126.072,
        "songNumber": 65,
        "activePlayerCount": 215,
        "LinkVideo": "https://files.catbox.moe/ya6nio.webm",
        "LinkMp3": "https://files.catbox.moe/9eo5kk.mp3",
        "annId": 20000,
        "songDifficulty": 36.70076175935551,
        "vintage": "Fall 2017"
    },
    {
        "animeEng": "Mobile Suit Gundam",
        "animeRomaji": "Kidou Senshi Gundam",
        "songName": "Ima wa Oyasumi",
        "artist": "Keiko Toda",
        "type": "Insert Song",
        "correctCount": 67,
        "startTime": 22,
        "songDuration": 81.144,
        "songNumber": 66,
        "activePlayerCount": 215,
        "LinkVideo": "https://files.catbox.moe/gv8w0n.webm",
        "LinkMp3": "https://files.catbox.moe/q6jvyp.mp3",
        "annId": 46,
        "songDifficulty": 21.153753450315456,
        "vintage": "Spring 1979"
    },
    {
        "animeEng": "Shin Koihime\u2020Musou",
        "animeRomaji": "Shin Koihime\u2020Musou",
        "songName": "Ima o Shinjite",
        "artist": "Chiaki Takahashi",
        "type": "Insert Song",
        "correctCount": 10,
        "startTime": 2,
        "songDuration": 31.059058,
        "songNumber": 67,
        "activePlayerCount": 215,
        "LinkVideo": "https://files.catbox.moe/2w4g2b.webm",
        "LinkMp3": "https://files.catbox.moe/kt822s.mp3",
        "annId": 11229,
        "songDifficulty": 10.464536380885997,
        "vintage": "Summer 2010"
    },
    {
        "animeEng": "AKB0048 Next Stage",
        "animeRomaji": "AKB0048 Next Stage",
        "songName": "Aruji Naki Sono Koe",
        "artist": "NO NAME",
        "type": "Opening 1",
        "correctCount": 65,
        "startTime": 21,
        "songDuration": 89.856,
        "songNumber": 68,
        "activePlayerCount": 215,
        "LinkVideo": "https://files.catbox.moe/t2iari.webm",
        "LinkMp3": "https://files.catbox.moe/u7gk89.mp3",
        "annId": 14873,
        "songDifficulty": 27.903358181551116,
        "vintage": "Winter 2013"
    },
    {
        "animeEng": "City Hunter '91",
        "animeRomaji": "City Hunter '91",
        "songName": "SUNA NO CASTLE NO CASANOVA",
        "artist": "Momoko Kitadai",
        "type": "Insert Song",
        "correctCount": 25,
        "startTime": 1,
        "songDuration": 106.8,
        "songNumber": 69,
        "activePlayerCount": 216,
        "LinkVideo": "https://files.catbox.moe/1eai74.webm",
        "LinkMp3": "https://files.catbox.moe/y6cvkb.mp3",
        "annId": 547,
        "songDifficulty": 37.5,
        "vintage": "Spring 1991"
    },
    {
        "animeEng": "One Piece",
        "animeRomaji": "One Piece",
        "songName": "Share The World",
        "artist": "Tohoshinki",
        "type": "Opening 11",
        "correctCount": 103,
        "startTime": 64,
        "songDuration": 149.470084,
        "songNumber": 70,
        "activePlayerCount": 217,
        "LinkVideo": "https://files.catbox.moe/zdxhyr.webm",
        "LinkMp3": "https://files.catbox.moe/jgj8da.mp3",
        "annId": 836,
        "songDifficulty": 45.433433150961434,
        "vintage": "Fall 1999"
    },
    {
        "animeEng": "Zoku Sayonara Zetsubou Sensei",
        "animeRomaji": "Zoku Sayonara Zetsubou Sensei",
        "songName": "Omamori",
        "artist": "Zetsubou Shoujo-tachi",
        "type": "Ending 3",
        "correctCount": 14,
        "startTime": 27,
        "songDuration": 88.992,
        "songNumber": 71,
        "activePlayerCount": 217,
        "LinkVideo": "https://files.catbox.moe/5cdi4j.webm",
        "LinkMp3": "https://files.catbox.moe/7t5aac.mp3",
        "annId": 8803,
        "songDifficulty": 21.63295955395016,
        "vintage": "Winter 2008"
    },
    {
        "animeEng": "Yu-Gi-Oh!",
        "animeRomaji": "Yu-Gi-Oh!",
        "songName": "Kawaita Sakebi",
        "artist": "FIELD OF VIEW",
        "type": "Opening 1",
        "correctCount": 125,
        "startTime": 32,
        "songDuration": 69.456,
        "songNumber": 72,
        "activePlayerCount": 217,
        "LinkVideo": "https://files.catbox.moe/ydvo2p.webm",
        "LinkMp3": "https://files.catbox.moe/mq5zxi.mp3",
        "annId": 790,
        "songDifficulty": 32.80533290428271,
        "vintage": "Spring 1998"
    },
    {
        "animeEng": "King Arthur: Prince on White Horse",
        "animeRomaji": "Moero Arthur: Hakuba no Oji",
        "songName": "Tabisurya Tomodachi",
        "artist": "Kumiko Oosugi",
        "type": "Ending 1",
        "correctCount": 2,
        "startTime": 29,
        "songDuration": 68.256786,
        "songNumber": 73,
        "activePlayerCount": 216,
        "LinkVideo": "https://files.catbox.moe/i6sl49.webm",
        "LinkMp3": "https://files.catbox.moe/8ae4bu.mp3",
        "annId": 2625,
        "songDifficulty": 4.485042317708333,
        "vintage": "Spring 1980",
        "correctPlayers": [
            "Nippah",
            "Rukawa11"
        ]
    },
    {
        "animeEng": "SSSS.GRIDMAN",
        "animeRomaji": "SSSS.GRIDMAN",
        "songName": "UNION",
        "artist": "OxT",
        "type": "Opening 1",
        "correctCount": 107,
        "startTime": 45,
        "songDuration": 89.112,
        "songNumber": 74,
        "activePlayerCount": 215,
        "LinkVideo": "https://files.catbox.moe/asik7t.webm",
        "LinkMp3": "https://files.catbox.moe/xo9p3v.mp3",
        "annId": 20369,
        "songDifficulty": 42.46661701485783,
        "vintage": "Fall 2018"
    },
    {
        "animeEng": "Himawari Too!!",
        "animeRomaji": "Himawari!!",
        "songName": "Sora-iro no Tsubasa",
        "artist": "Ryoko Shiraishi",
        "type": "Opening 1",
        "correctCount": 4,
        "startTime": 53,
        "songDuration": 89.352,
        "songNumber": 75,
        "activePlayerCount": 216,
        "LinkVideo": "https://files.catbox.moe/h61orn.webm",
        "LinkMp3": "https://files.catbox.moe/ts4ryt.mp3",
        "annId": 7052,
        "songDifficulty": 12.79198414994856,
        "vintage": "Winter 2007",
        "correctPlayers": [
            "Baguett",
            "suiseiseki",
            "Ufokoira",
            "LoveRiceShower"
        ]
    },
    {
        "animeEng": "B-PROJECT: Zecchou*Emotion",
        "animeRomaji": "B-PROJECT: Zecchou*Emotion",
        "songName": "Aete Kotoba ni Surunara",
        "artist": "B-PROJECT",
        "type": "Ending 6",
        "correctCount": 3,
        "startTime": 116,
        "songDuration": 160.368,
        "songNumber": 76,
        "activePlayerCount": 216,
        "LinkVideo": "https://files.catbox.moe/vbodtt.webm",
        "LinkMp3": "https://files.catbox.moe/9rrxvn.mp3",
        "annId": 21202,
        "songDifficulty": 11.449987340856481,
        "vintage": "Winter 2019",
        "correctPlayers": [
            "Bai",
            "pecku",
            "DrLolipantsu"
        ]
    },
    {
        "animeEng": "Lost Song",
        "animeRomaji": "Lost Song",
        "songName": "Honoo no Kodou",
        "artist": "Yukari Tamura",
        "type": "Insert Song",
        "correctCount": 10,
        "startTime": 0,
        "songDuration": 27.454222,
        "songNumber": 77,
        "activePlayerCount": 216,
        "LinkVideo": "https://files.catbox.moe/07pvdl.webm",
        "LinkMp3": "https://files.catbox.moe/fj0f05.mp3",
        "annId": 19988,
        "songDifficulty": 25.638124000369096,
        "vintage": "Winter 2018"
    },
    {
        "animeEng": "Megane na Kanojo",
        "animeRomaji": "Megane na Kanojo",
        "songName": "Frame Goshi no Koi",
        "artist": "Asami Imai",
        "type": "Opening 1",
        "correctCount": 13,
        "startTime": 33,
        "songDuration": 86.832,
        "songNumber": 78,
        "activePlayerCount": 216,
        "LinkVideo": "https://files.catbox.moe/8jsmtz.webm",
        "LinkMp3": "https://files.catbox.moe/qnsofv.mp3",
        "annId": 11811,
        "songDifficulty": 13.449752016854607,
        "vintage": "Fall 2010"
    },
    {
        "animeEng": "Heidi, A Girl of the Alps",
        "animeRomaji": "Alps no Shoujo Heidi",
        "songName": "Oshiete",
        "artist": "Kayoko Ishuu",
        "type": "Opening 1",
        "correctCount": 147,
        "startTime": 25,
        "songDuration": 73.104,
        "songNumber": 79,
        "activePlayerCount": 215,
        "LinkVideo": "https://files.catbox.moe/7d30dm.webm",
        "LinkMp3": "https://files.catbox.moe/bcvp1a.mp3",
        "annId": 433,
        "songDifficulty": 44.82898357009054,
        "vintage": "Winter 1974"
    },
    {
        "animeEng": "Gravion",
        "animeRomaji": "Choujuushin Gravion",
        "songName": "KISS ME",
        "artist": "YURIA",
        "type": "Insert Song",
        "correctCount": 8,
        "startTime": 25,
        "songDuration": 60.096,
        "songNumber": 80,
        "activePlayerCount": 215,
        "LinkVideo": "https://files.catbox.moe/t744am.webm",
        "LinkMp3": "https://files.catbox.moe/irxzam.mp3",
        "annId": 1835,
        "songDifficulty": 9.00491226438492,
        "vintage": "Fall 2002"
    },
    {
        "animeEng": "Wowser",
        "animeRomaji": "Don-Don Domel to Ron",
        "songName": "Fly away ~Yume no Hikouki~",
        "artist": "Mitsuko Horie",
        "type": "Opening 1",
        "correctCount": 7,
        "startTime": 35,
        "songDuration": 73.776,
        "songNumber": 81,
        "activePlayerCount": 215,
        "LinkVideo": "https://files.catbox.moe/yxx7vi.webm",
        "LinkMp3": "https://files.catbox.moe/tnv7lq.mp3",
        "annId": 1313,
        "songDifficulty": 8.078043619791666,
        "vintage": "Spring 1988"
    },
    {
        "animeEng": "Love of Kill",
        "animeRomaji": "Koroshi Ai",
        "songName": "Midnight Dancer",
        "artist": "Toshiki Masuda",
        "type": "Opening 1",
        "correctCount": 22,
        "startTime": 4,
        "songDuration": 88.368,
        "songNumber": 82,
        "activePlayerCount": 215,
        "LinkVideo": "https://files.catbox.moe/u7kty9.webm",
        "LinkMp3": "https://files.catbox.moe/qc9o55.mp3",
        "annId": 24514,
        "songDifficulty": 26.12903209568299,
        "vintage": "Winter 2022"
    },
    {
        "animeEng": "Shugo Chara! Party!",
        "animeRomaji": "Shugo Chara! Party!",
        "songName": "Going On!",
        "artist": "Guardians4",
        "type": "Opening 3",
        "correctCount": 13,
        "startTime": 3,
        "songDuration": 87.456,
        "songNumber": 83,
        "activePlayerCount": 215,
        "LinkVideo": "https://files.catbox.moe/cm2mx7.webm",
        "LinkMp3": "https://files.catbox.moe/6bppze.mp3",
        "annId": 11104,
        "songDifficulty": 15.545559671687533,
        "vintage": "Fall 2009"
    },
    {
        "animeEng": "Great Pretender",
        "animeRomaji": "Great Pretender",
        "songName": "The Great Pretender",
        "artist": "Freddie Mercury",
        "type": "Ending 1",
        "correctCount": 145,
        "startTime": 61,
        "songDuration": 119.28,
        "songNumber": 84,
        "activePlayerCount": 214,
        "LinkVideo": "https://files.catbox.moe/xzsshv.webm",
        "LinkMp3": "https://files.catbox.moe/nbzbfp.mp3",
        "annId": 22317,
        "songDifficulty": 51.66227325581395,
        "vintage": "Spring 2020"
    },
    {
        "animeEng": "Kaiju Girls Season 2",
        "animeRomaji": "Kaijuu Girls: Ultra Kaijuu Gijinka Keikaku 2",
        "songName": "Soul-ride ON!",
        "artist": "Haruna Terada, Suzuko Mimori, Risae Matsuda",
        "type": "Ending 1",
        "correctCount": 25,
        "startTime": 0,
        "songDuration": 28.499102,
        "songNumber": 85,
        "activePlayerCount": 211,
        "LinkVideo": "https://files.catbox.moe/qjpdag.webm",
        "LinkMp3": "https://files.catbox.moe/0jvcv5.mp3",
        "annId": 20504,
        "songDifficulty": 15.618886013332393,
        "vintage": "Winter 2018"
    }
]