[
    {
        "animeEng": "ClassicaLoid",
        "animeRomaji": "ClassicaLoid",
        "songName": "Dai Uchuu Ongaku Sanka No.9 ~Koukyoukyoku Dai-9-ban yori~",
        "artist": "Tomoyasu Hotei feat. Yuuji Kishi",
        "type": "Ending 13",
        "correctCount": 34,
        "startTime": 32,
        "songDuration": 89.833558,
        "songNumber": 1,
        "activePlayerCount": 163,
        "LinkVideo": "https://files.catbox.moe/i6modo.webm",
        "LinkMp3": "https://files.catbox.moe/1s6bmv.mp3",
        "annId": 19801,
        "songDifficulty": 28.523489932885905,
        "vintage": "Fall 2017"
    },
    {
        "animeEng": "Samurai Giants",
        "animeRomaji": "Samurai Giants",
        "songName": "Samurai Giants",
        "artist": "Shigeyuki Matsumoto",
        "type": "Opening 1",
        "correctCount": 23,
        "startTime": 32,
        "songDuration": 89.568,
        "songNumber": 2,
        "activePlayerCount": 180,
        "LinkVideo": "https://files.catbox.moe/fxkr6d.webm",
        "LinkMp3": "https://files.catbox.moe/sdlgoi.mp3",
        "annId": 2602,
        "songDifficulty": 10.96868825014637,
        "vintage": "Fall 1973"
    },
    {
        "animeEng": "Yakiniku-ten Sengoku",
        "animeRomaji": "Yakiniku-ten Sengoku",
        "songName": "YAKINIKU\u2665TABETAI",
        "artist": "Sengoku Musume San Ninshuu",
        "type": "Opening 1",
        "correctCount": 37,
        "startTime": 0,
        "songDuration": 23.736,
        "songNumber": 3,
        "activePlayerCount": 183,
        "LinkVideo": "https://files.catbox.moe/a5u1t8.webm",
        "LinkMp3": "https://files.catbox.moe/jhyh9l.mp3",
        "annId": 20201,
        "songDifficulty": 22.618099844104307,
        "vintage": "Winter 2017"
    },
    {
        "animeEng": "Inuyasha",
        "animeRomaji": "Inuyasha",
        "songName": "CHANGE THE WORLD",
        "artist": "V6",
        "type": "Opening 1",
        "correctCount": 36,
        "startTime": 29,
        "songDuration": 94.512,
        "songNumber": 4,
        "activePlayerCount": 182,
        "LinkVideo": "https://files.catbox.moe/b6y179.webm",
        "LinkMp3": "https://files.catbox.moe/e3h6t7.mp3",
        "annId": 159,
        "songDifficulty": 40.597394939965696,
        "vintage": "Fall 2000"
    },
    {
        "animeEng": "Black Bullet",
        "animeRomaji": "Black Bullet",
        "songName": "black bullet",
        "artist": "fripSide",
        "type": "Opening 1",
        "correctCount": 100,
        "startTime": 37,
        "songDuration": 87.90053,
        "songNumber": 5,
        "activePlayerCount": 184,
        "LinkVideo": "https://files.catbox.moe/aeppq7.webm",
        "LinkMp3": "https://files.catbox.moe/57m787.mp3",
        "annId": 15769,
        "songDifficulty": 38.7248694679264,
        "vintage": "Spring 2014"
    },
    {
        "animeEng": "Bad Boys",
        "animeRomaji": "Bad Boys",
        "songName": "Beat Back!",
        "artist": "Minae Ouue",
        "type": "Ending 5",
        "correctCount": 0,
        "startTime": 101,
        "songDuration": 155.472,
        "songNumber": 6,
        "activePlayerCount": 183,
        "LinkVideo": "https://files.catbox.moe/701e02.webm",
        "LinkMp3": "https://files.catbox.moe/fycgah.mp3",
        "annId": 3260,
        "songDifficulty": 10.709876166449654,
        "vintage": "Summer 1993"
    },
    {
        "animeEng": "Welcome to Demon School! Iruma-kun",
        "animeRomaji": "Mairimashita! Iruma-kun",
        "songName": "No! No! Satisfaction!",
        "artist": "DA PUMP",
        "type": "Opening 1",
        "correctCount": 75,
        "startTime": 1,
        "songDuration": 89.016,
        "songNumber": 7,
        "activePlayerCount": 185,
        "LinkVideo": "https://files.catbox.moe/rnt2be.webm",
        "LinkMp3": "https://files.catbox.moe/fv6y9p.mp3",
        "annId": 24018,
        "songDifficulty": 42.22473806752037,
        "vintage": "Spring 2021"
    },
    {
        "animeEng": "Sing \"Yesterday\" For Me",
        "animeRomaji": "Yesterday o Utatte",
        "songName": "Yesterday o Utatte",
        "artist": "agehasprings feat. Annyyy (TaNaBaTa)",
        "type": "Ending 3",
        "correctCount": 113,
        "startTime": 3,
        "songDuration": 89.616,
        "songNumber": 8,
        "activePlayerCount": 187,
        "LinkVideo": "https://files.catbox.moe/g55znm.webm",
        "LinkMp3": "https://files.catbox.moe/g0s4uo.mp3",
        "annId": 22975,
        "songDifficulty": 44.87323304978734,
        "vintage": "Spring 2020"
    },
    {
        "animeEng": "Little Busters! EX",
        "animeRomaji": "Little Busters! EX",
        "songName": "Alicemagic ~TV animation ver.~",
        "artist": "Rita",
        "type": "Ending 4",
        "correctCount": 65,
        "startTime": 11,
        "songDuration": 86.76,
        "songNumber": 9,
        "activePlayerCount": 187,
        "LinkVideo": "https://files.catbox.moe/xms3mw.webm",
        "LinkMp3": "https://files.catbox.moe/h37o0p.mp3",
        "annId": 15732,
        "songDifficulty": 38.52535099637681,
        "vintage": "Winter 2014"
    },
    {
        "animeEng": "Blessing of the Campanella",
        "animeRomaji": "Shukufuku no Campanella",
        "songName": "Kiyoraka na Chikai",
        "artist": "Asami Imai",
        "type": "Insert Song",
        "correctCount": 5,
        "startTime": 25,
        "songDuration": 73.608,
        "songNumber": 10,
        "activePlayerCount": 190,
        "LinkVideo": "https://files.catbox.moe/k30ovp.webm",
        "LinkMp3": "https://files.catbox.moe/jkqru9.mp3",
        "annId": 11225,
        "songDifficulty": 15.565095434884658,
        "vintage": "Summer 2010",
        "correctPlayers": [
            "gaaw",
            "watashiii",
            "Hejsan",
            "Ataque_do_Gabiru",
            "kaghey"
        ]
    },
    {
        "animeEng": "Delicious Party Pretty Cure",
        "animeRomaji": "Delicious Party\u2661Precure",
        "songName": "DELICIOUS HAPPY DAYS\u266a",
        "artist": "Chihaya Yoshitake",
        "type": "Ending 1",
        "correctCount": 19,
        "startTime": 13,
        "songDuration": 88.435,
        "songNumber": 11,
        "activePlayerCount": 191,
        "LinkVideo": "https://files.catbox.moe/sd7uq4.webm",
        "annId": 24994,
        "songDifficulty": 38.888888888888886,
        "vintage": "Winter 2022"
    },
    {
        "animeEng": "BanG Dream! 2nd Season",
        "animeRomaji": "BanG Dream! 2nd Season",
        "songName": "FIRE BIRD",
        "artist": "Roselia",
        "type": "Insert Song",
        "correctCount": 56,
        "startTime": 8,
        "songDuration": 126.563,
        "songNumber": 12,
        "activePlayerCount": 193,
        "LinkVideo": "https://files.catbox.moe/a8s56c.webm",
        "annId": 21289,
        "songDifficulty": 51.449948400412794,
        "vintage": "Winter 2019"
    },
    {
        "animeEng": "Hakumei and Mikochi: Tiny Little Life in the Woods",
        "animeRomaji": "Hakumei to Mikochi",
        "songName": "Harvest Moon Night",
        "artist": "Shino Shimoji & Aoi Yuuki",
        "type": "Ending 1",
        "correctCount": 13,
        "startTime": 47,
        "songDuration": 88.392,
        "songNumber": 13,
        "activePlayerCount": 192,
        "LinkVideo": "https://files.catbox.moe/zx0h9r.webm",
        "LinkMp3": "https://files.catbox.moe/u38i3r.mp3",
        "annId": 20186,
        "songDifficulty": 19.230992888712603,
        "vintage": "Winter 2018"
    },
    {
        "animeEng": "Pop Team Epic",
        "animeRomaji": "Poputepipikku",
        "songName": "POPPY PAPPY DAY (8BITMIX)",
        "artist": "Gin (BUSTED ROSE)",
        "type": "Ending 5",
        "correctCount": 51,
        "startTime": 20,
        "songDuration": 49.392,
        "songNumber": 14,
        "activePlayerCount": 192,
        "LinkVideo": "https://files.catbox.moe/4bzq55.webm",
        "LinkMp3": "https://files.catbox.moe/q9jpgk.mp3",
        "annId": 20287,
        "songDifficulty": 34.04441251686151,
        "vintage": "Winter 2018"
    },
    {
        "animeEng": "Kiratto Pri\u2606Chan",
        "animeRomaji": "Kiratto Pri\u2606Chan",
        "songName": "Diamond Smile",
        "artist": "All\u2606Jewel Idols",
        "type": "Insert Song",
        "correctCount": 34,
        "startTime": 44,
        "songDuration": 239.304,
        "songNumber": 15,
        "activePlayerCount": 194,
        "LinkVideo": "https://files.catbox.moe/27filb.webm",
        "LinkMp3": "https://files.catbox.moe/gbg1i7.mp3",
        "annId": 21793,
        "songDifficulty": 19.69219145903716,
        "vintage": "Spring 2019"
    },
    {
        "animeEng": "My Teen Romantic Comedy SNAFU TOO!",
        "animeRomaji": "Oregairu Zoku",
        "songName": "Harumodoki",
        "artist": "Nagi Yanagi",
        "type": "Opening 1",
        "correctCount": 102,
        "startTime": 28,
        "songDuration": 89.064,
        "songNumber": 16,
        "activePlayerCount": 196,
        "LinkVideo": "https://files.catbox.moe/c35rzu.webm",
        "LinkMp3": "https://files.catbox.moe/3xnakp.mp3",
        "annId": 16329,
        "songDifficulty": 29.38297467051071,
        "vintage": "Spring 2015"
    },
    {
        "animeEng": "Beastars",
        "animeRomaji": "Beastars",
        "songName": "Many Stories-epilogue-",
        "artist": "Chica",
        "type": "Insert Song",
        "correctCount": 58,
        "startTime": 13,
        "songDuration": 76.608,
        "songNumber": 17,
        "activePlayerCount": 194,
        "LinkVideo": "https://files.catbox.moe/crnj5w.webm",
        "LinkMp3": "https://files.catbox.moe/a9cq5c.mp3",
        "annId": 23749,
        "songDifficulty": 23.465601582014987,
        "vintage": "Winter 2021"
    },
    {
        "animeEng": "Hoop Days",
        "animeRomaji": "Dear Boys",
        "songName": "Seishun in the starlight",
        "artist": "DEAR BOYS",
        "type": "Insert Song",
        "correctCount": 9,
        "startTime": 107,
        "songDuration": 147.336,
        "songNumber": 18,
        "activePlayerCount": 197,
        "LinkVideo": "https://files.catbox.moe/p10hxs.webm",
        "LinkMp3": "https://files.catbox.moe/bs02tk.mp3",
        "annId": 2467,
        "songDifficulty": 16.390306745256698,
        "vintage": "Spring 2003"
    },
    {
        "animeEng": "Your Lie in April",
        "animeRomaji": "KimiUso",
        "songName": "Clair de Lune",
        "artist": "Claude Debussy",
        "type": "Insert Song",
        "correctCount": 79,
        "startTime": 59,
        "songDuration": 155.060192,
        "songNumber": 19,
        "activePlayerCount": 199,
        "LinkVideo": "https://files.catbox.moe/p5cjrz.webm",
        "LinkMp3": "https://files.catbox.moe/3a2orm.mp3",
        "annId": 16108,
        "songDifficulty": 55.63450165425972,
        "vintage": "Fall 2014"
    },
    {
        "animeEng": "Is the Order a Rabbit?? Season 2",
        "animeRomaji": "Gochuumon wa Usagi Desu ka??",
        "songName": "Tokimeki Poporon",
        "artist": "Chimame-tai",
        "type": "Ending 1",
        "correctCount": 61,
        "startTime": 42,
        "songDuration": 89.856,
        "songNumber": 20,
        "activePlayerCount": 199,
        "LinkVideo": "https://files.catbox.moe/qu1lpw.webm",
        "LinkMp3": "https://files.catbox.moe/8nwc98.mp3",
        "annId": 16737,
        "songDifficulty": 36.14937844397796,
        "vintage": "Fall 2015"
    },
    {
        "animeEng": "Ani \u00d7 Para: Anata no Hero wa Dare Desu ka",
        "animeRomaji": "Ani \u00d7 Para: Anata no Hero wa Dare Desu ka",
        "songName": "READY GO",
        "artist": "Mao Abe",
        "type": "Insert Song",
        "correctCount": 10,
        "startTime": 44,
        "songDuration": 127.584,
        "songNumber": 21,
        "activePlayerCount": 199,
        "LinkVideo": "https://files.catbox.moe/yuhxsb.webm",
        "LinkMp3": "https://files.catbox.moe/7h8f69.mp3",
        "annId": 22409,
        "songDifficulty": 30.423283329716437,
        "vintage": "Fall 2017"
    },
    {
        "animeEng": "Tales of Zestiria the X",
        "animeRomaji": "Tales of Zestiria the X",
        "songName": "Kaze no Uta",
        "artist": "FLOW",
        "type": "Insert Song",
        "correctCount": 136,
        "startTime": 2,
        "songDuration": 41.496,
        "songNumber": 22,
        "activePlayerCount": 200,
        "LinkVideo": "https://files.catbox.moe/sz50sj.webm",
        "LinkMp3": "https://files.catbox.moe/9c9shg.mp3",
        "annId": 18918,
        "songDifficulty": 53.988594234174414,
        "vintage": "Winter 2017"
    },
    {
        "animeEng": "Granbelm",
        "animeRomaji": "Granbelm",
        "songName": "Scenery",
        "artist": "Uru",
        "type": "Ending 2",
        "correctCount": 18,
        "startTime": 48,
        "songDuration": 93.84,
        "songNumber": 23,
        "activePlayerCount": 202,
        "LinkVideo": "https://files.catbox.moe/c36bqh.webm",
        "LinkMp3": "https://files.catbox.moe/qyx0qd.mp3",
        "annId": 21873,
        "songDifficulty": 21.202477134146342,
        "vintage": "Summer 2019"
    },
    {
        "animeEng": "Pok\u00e9mon: Mega Evolution Special I",
        "animeRomaji": "Pocket Monsters XY Tokubetsu-hen: Saikyou Mega Shinka Act I",
        "songName": "Mega V (Volt)",
        "artist": "Yusuke",
        "type": "Ending 1",
        "correctCount": 126,
        "startTime": 1,
        "songDuration": 55.104,
        "songNumber": 24,
        "activePlayerCount": 202,
        "LinkVideo": "https://files.catbox.moe/2nsuyo.webm",
        "LinkMp3": "https://files.catbox.moe/1rkgfc.mp3",
        "annId": 17651,
        "songDifficulty": 51.05816150102459,
        "vintage": "Spring 2014"
    },
    {
        "animeEng": "BECK: Mongolian Chop Squad",
        "animeRomaji": "BECK: Mongolian Chop Squad",
        "songName": "JOURNEY",
        "artist": "miya38",
        "type": "Insert Song",
        "correctCount": 66,
        "startTime": 7,
        "songDuration": 48.769774,
        "songNumber": 25,
        "activePlayerCount": 201,
        "LinkVideo": "https://files.catbox.moe/p94rfr.webm",
        "LinkMp3": "https://files.catbox.moe/5unqd6.mp3",
        "annId": 4404,
        "songDifficulty": 37.59959364211738,
        "vintage": "Fall 2004"
    },
    {
        "animeEng": "Overflow",
        "animeRomaji": "Overflow",
        "songName": "Renai\u2606Sensation",
        "artist": "Ringo Aoba & Ayaka Igasaki",
        "type": "Insert Song",
        "correctCount": 49,
        "startTime": 0,
        "songDuration": 27.168,
        "songNumber": 26,
        "activePlayerCount": 201,
        "LinkVideo": "https://files.catbox.moe/ian3hu.webm",
        "LinkMp3": "https://files.catbox.moe/7lnc56.mp3",
        "annId": 22921,
        "songDifficulty": 20.814578683035716,
        "vintage": "Winter 2020"
    },
    {
        "animeEng": "Saiyuki Reload: Zeroin",
        "animeRomaji": "Saiyuki Reload: Zeroin",
        "songName": "Kami mo Hotoke mo",
        "artist": "GRANRODEO",
        "type": "Opening 1",
        "correctCount": 23,
        "startTime": 40,
        "songDuration": 89.4,
        "songNumber": 27,
        "activePlayerCount": 204,
        "LinkVideo": "https://files.catbox.moe/92soq2.webm",
        "LinkMp3": "https://files.catbox.moe/as1dgl.mp3",
        "annId": 24310,
        "songDifficulty": 15.247278284143519,
        "vintage": "Winter 2022"
    },
    {
        "animeEng": "Stitch!",
        "animeRomaji": "Stitch!",
        "songName": "Stitch is Coming",
        "artist": "bless4",
        "type": "Ending 2",
        "correctCount": 73,
        "startTime": 0,
        "songDuration": 29.544,
        "songNumber": 28,
        "activePlayerCount": 205,
        "LinkVideo": "https://files.catbox.moe/rqyjli.webm",
        "LinkMp3": "https://files.catbox.moe/24q8jy.mp3",
        "annId": 10252,
        "songDifficulty": 28.84616391080097,
        "vintage": "Fall 2008"
    },
    {
        "animeEng": "Aiura",
        "animeRomaji": "Aiura",
        "songName": "Ichigo Ichie",
        "artist": "Aiu\u2665Love",
        "type": "Ending 1",
        "correctCount": 23,
        "startTime": 48,
        "songDuration": 89.568,
        "songNumber": 29,
        "activePlayerCount": 205,
        "LinkVideo": "https://files.catbox.moe/y8smi6.webm",
        "LinkMp3": "https://files.catbox.moe/bf8shv.mp3",
        "annId": 15125,
        "songDifficulty": 22.493287100770925,
        "vintage": "Spring 2013"
    },
    {
        "animeEng": "Stellvia",
        "animeRomaji": "Uchuu no Stellvia",
        "songName": "Asu e no brilliant road",
        "artist": "angela",
        "type": "Opening 1",
        "correctCount": 25,
        "startTime": 30,
        "songDuration": 90.072,
        "songNumber": 30,
        "activePlayerCount": 205,
        "LinkVideo": "https://files.catbox.moe/jjw0c3.webm",
        "LinkMp3": "https://files.catbox.moe/b974ql.mp3",
        "annId": 74,
        "songDifficulty": 21.544358999020705,
        "vintage": "Spring 2003"
    },
    {
        "animeEng": "Chrome Shelled Regios",
        "animeRomaji": "Koukaku no Regios",
        "songName": "Ai no Zuellni w/z Mayshen Torinden",
        "artist": "Chrome Shelled feat. Asuka Oogame",
        "type": "Ending 6",
        "correctCount": 6,
        "startTime": 4,
        "songDuration": 88.632,
        "songNumber": 31,
        "activePlayerCount": 203,
        "LinkVideo": "https://files.catbox.moe/xo936p.webm",
        "LinkMp3": "https://files.catbox.moe/by9olr.mp3",
        "annId": 10243,
        "songDifficulty": 19.54497763305465,
        "vintage": "Winter 2009"
    },
    {
        "animeEng": "Detective Conan",
        "animeRomaji": "Meitantei Conan",
        "songName": "Veronica",
        "artist": "Mai Kuraki",
        "type": "Ending 64",
        "correctCount": 64,
        "startTime": 8,
        "songDuration": 79.68,
        "songNumber": 32,
        "activePlayerCount": 203,
        "LinkVideo": "https://files.catbox.moe/e2appc.webm",
        "LinkMp3": "https://files.catbox.moe/ljho78.mp3",
        "annId": 454,
        "songDifficulty": 34.05511811023622,
        "vintage": "Winter 1996"
    },
    {
        "animeEng": "Otogi Zoshi",
        "animeRomaji": "Otogizoushi",
        "songName": "ZEN",
        "artist": "ATTACK HAUS",
        "type": "Opening 1",
        "correctCount": 7,
        "startTime": 7,
        "songDuration": 79.384758,
        "songNumber": 33,
        "activePlayerCount": 203,
        "LinkVideo": "https://files.catbox.moe/3y7w4z.webm",
        "LinkMp3": "https://files.catbox.moe/19suyr.mp3",
        "annId": 3972,
        "songDifficulty": 7.370771869860198,
        "vintage": "Summer 2004"
    },
    {
        "animeEng": "Heaven's Design Team",
        "animeRomaji": "Tenchi Souzou Design-bu",
        "songName": "DESIGNED BY HEAVEN! TECHNOBOYS PULCRAFT GREEN-FUND Ver.",
        "artist": "TECHNOBOYS PULCRAFT GREEN-FUND",
        "type": "Ending 2",
        "correctCount": 39,
        "startTime": 53,
        "songDuration": 88.656,
        "songNumber": 34,
        "activePlayerCount": 204,
        "LinkVideo": "https://files.catbox.moe/qxqfli.webm",
        "LinkMp3": "https://files.catbox.moe/wsiy8c.mp3",
        "annId": 23475,
        "songDifficulty": 25.739781898929266,
        "vintage": "Winter 2021"
    },
    {
        "animeEng": "Macross Delta",
        "animeRomaji": "Macross \u0394",
        "songName": "Ichido dake no Koi Nara",
        "artist": "Walk\u00fcre",
        "type": "Insert Song",
        "correctCount": 69,
        "startTime": 25,
        "songDuration": 243.072,
        "songNumber": 35,
        "activePlayerCount": 204,
        "LinkVideo": "https://files.catbox.moe/2uv0ti.webm",
        "LinkMp3": "https://files.catbox.moe/k1cys6.mp3",
        "annId": 17762,
        "songDifficulty": 54.92857142857143,
        "vintage": "Spring 2016"
    },
    {
        "animeEng": "Mobile Suit Gundam 0083: Stardust Memory",
        "animeRomaji": "Kidou Senshi Gundam 0083: Stardust Memory",
        "songName": "Evergreen",
        "artist": "MIO",
        "type": "Ending 2",
        "correctCount": 10,
        "startTime": 75,
        "songDuration": 113.568,
        "songNumber": 36,
        "activePlayerCount": 201,
        "LinkVideo": "https://files.catbox.moe/7x8sgu.webm",
        "LinkMp3": "https://files.catbox.moe/ea2j5m.mp3",
        "annId": 23,
        "songDifficulty": 19.550608772543534,
        "vintage": "Spring 1991"
    },
    {
        "animeEng": "Golden Kamuy",
        "animeRomaji": "Golden Kamuy",
        "songName": "Reimei",
        "artist": "Sayuri\u00d7MY FIRST STORY",
        "type": "Opening 1",
        "correctCount": 110,
        "startTime": 14,
        "songDuration": 89.064,
        "songNumber": 37,
        "activePlayerCount": 202,
        "LinkVideo": "https://files.catbox.moe/vwuwju.webm",
        "LinkMp3": "https://files.catbox.moe/r74ii3.mp3",
        "annId": 21137,
        "songDifficulty": 34.432861047180666,
        "vintage": "Fall 2018"
    },
    {
        "animeEng": "Hakkenden: Eight Dogs of the East",
        "animeRomaji": "Hakkenden: Touhou Hakken Ibun",
        "songName": "Hanyuu no Yado",
        "artist": "Ayahi Takagaki",
        "type": "Insert Song",
        "correctCount": 1,
        "startTime": 11,
        "songDuration": 41.064,
        "songNumber": 38,
        "activePlayerCount": 201,
        "LinkVideo": "https://files.catbox.moe/a2xq23.webm",
        "LinkMp3": "https://files.catbox.moe/0qx6y8.mp3",
        "annId": 14433,
        "songDifficulty": 16.515746109128937,
        "vintage": "Winter 2013",
        "correctPlayers": [
            "Thaleko"
        ]
    },
    {
        "animeEng": "Magia Record: Puella Magi Madoka Magica Side Story Season 2 - The Eve of Awakening",
        "animeRomaji": "Magia Record: Mahou Shoujo Madoka\u2606Magica Gaiden 2nd Season - Kakusei Zenya",
        "songName": "Uwasa Kazoe Uta",
        "artist": "Emiri Katou",
        "type": "Insert Song",
        "correctCount": 76,
        "startTime": 0,
        "songDuration": 21.36,
        "songNumber": 39,
        "activePlayerCount": 199,
        "LinkVideo": "https://files.catbox.moe/z3o6x2.webm",
        "LinkMp3": "https://files.catbox.moe/get6i4.mp3",
        "annId": 24441,
        "songDifficulty": 43.239951027928626,
        "vintage": "Summer 2021"
    },
    {
        "animeEng": "Teasing Master Takagi-san 3",
        "animeRomaji": "Karakai Jouzu no Takagi-san 3",
        "songName": "Yume de Aetara",
        "artist": "Rie Takahashi",
        "type": "Ending 1",
        "correctCount": 45,
        "startTime": 35,
        "songDuration": 89.28,
        "songNumber": 40,
        "activePlayerCount": 198,
        "LinkVideo": "https://files.catbox.moe/b1v1id.webm",
        "LinkMp3": "https://files.catbox.moe/o90u02.mp3",
        "annId": 24696,
        "songDifficulty": 35.97228522625448,
        "vintage": "Winter 2022"
    },
    {
        "animeEng": "Speed Grapher",
        "animeRomaji": "Speed Grapher",
        "songName": "Gravure no Bishoujo",
        "artist": "Duran Duran",
        "type": "Opening 1",
        "correctCount": 25,
        "startTime": 10,
        "songDuration": 92.680856,
        "songNumber": 41,
        "activePlayerCount": 197,
        "LinkVideo": "https://files.catbox.moe/b4rfvd.webm",
        "LinkMp3": "https://files.catbox.moe/39c2qg.mp3",
        "annId": 4579,
        "songDifficulty": 21.949972310126583,
        "vintage": "Spring 2005"
    },
    {
        "animeEng": "Nurse Witch Komugi Z",
        "animeRomaji": "Nurse Witch Komugi-chan Magikarte Z",
        "songName": "Kono Hoshi ni Iru Kagiri",
        "artist": "Haruko Momoi",
        "type": "Insert Song",
        "correctCount": 12,
        "startTime": 79,
        "songDuration": 115.608,
        "songNumber": 42,
        "activePlayerCount": 197,
        "LinkVideo": "https://files.catbox.moe/n2b2p3.webm",
        "LinkMp3": "https://files.catbox.moe/gxc12a.mp3",
        "annId": 5824,
        "songDifficulty": 13.30914902498351,
        "vintage": "Summer 2004"
    },
    {
        "animeEng": "Macross Frontier: Sayonara no Tsubasa",
        "animeRomaji": "Macross Frontier: Sayonara no Tsubasa",
        "songName": "Seikan Hikou (LIVE in Alcatraz)",
        "artist": "Megumi Nakajima",
        "type": "Insert Song",
        "correctCount": 11,
        "startTime": 90,
        "songDuration": 228.816,
        "songNumber": 43,
        "activePlayerCount": 196,
        "LinkVideo": "https://files.catbox.moe/r0gel6.webm",
        "LinkMp3": "https://files.catbox.moe/h0hzcx.mp3",
        "annId": 11821,
        "songDifficulty": 20.01805763473054,
        "vintage": "Winter 2011"
    },
    {
        "animeEng": "s-CRY-ed",
        "animeRomaji": "s-CRY-ed",
        "songName": "Drastic my Soul",
        "artist": "Mikio Sakai",
        "type": "Ending 1",
        "correctCount": 20,
        "startTime": 14,
        "songDuration": 79.071294,
        "songNumber": 44,
        "activePlayerCount": 194,
        "LinkVideo": "https://files.catbox.moe/3sv7mv.webm",
        "LinkMp3": "https://files.catbox.moe/dvjevu.mp3",
        "annId": 842,
        "songDifficulty": 24.621330721116692,
        "vintage": "Summer 2001"
    },
    {
        "animeEng": "Guilty Crown",
        "animeRomaji": "Guilty Crown",
        "songName": "\u03b2\u03af\u03bf\u03c2-\u03b4",
        "artist": "Mika Kobayashi",
        "type": "Insert Song",
        "correctCount": 68,
        "startTime": 30,
        "songDuration": 90.696,
        "songNumber": 45,
        "activePlayerCount": 195,
        "LinkVideo": "https://files.catbox.moe/la23ww.webm",
        "LinkMp3": "https://files.catbox.moe/f6lmio.mp3",
        "annId": 13001,
        "songDifficulty": 37.4191456470095,
        "vintage": "Fall 2011"
    },
    {
        "animeEng": "Yuuna and the Haunted Hot Springs",
        "animeRomaji": "Yuragi-sou no Yuuna-san",
        "songName": "JIRIRIN ~Wagamama na Kajitsu~",
        "artist": "Anzu Haruno, Mikako Komatsu, Miyuri Shimabukuro, Eri Suzuki",
        "type": "Insert Song",
        "correctCount": 11,
        "startTime": 6,
        "songDuration": 39.552,
        "songNumber": 46,
        "activePlayerCount": 195,
        "LinkVideo": "https://files.catbox.moe/osf8xh.webm",
        "LinkMp3": "https://files.catbox.moe/x8ffnf.mp3",
        "annId": 23396,
        "songDifficulty": 10.88314098746893,
        "vintage": "Summer 2018"
    },
    {
        "animeEng": "Goku II: Midnight Eye",
        "animeRomaji": "Goku II: Midnight Eye",
        "songName": "Fighting In The Danger",
        "artist": "Yuki Katsuragi",
        "type": "Ending 1",
        "correctCount": 11,
        "startTime": 109,
        "songDuration": 187.296,
        "songNumber": 47,
        "activePlayerCount": 195,
        "LinkVideo": "https://files.catbox.moe/b17tg5.webm",
        "LinkMp3": "https://files.catbox.moe/lkgu7x.mp3",
        "annId": 150,
        "songDifficulty": 15.492771170817214,
        "vintage": "Fall 1989"
    },
    {
        "animeEng": "Black Clover",
        "animeRomaji": "Black Clover",
        "songName": "Gamushara",
        "artist": "Miyuna",
        "type": "Opening 5",
        "correctCount": 82,
        "startTime": 41,
        "songDuration": 87.552,
        "songNumber": 48,
        "activePlayerCount": 194,
        "LinkVideo": "https://files.catbox.moe/zs4osg.webm",
        "LinkMp3": "https://files.catbox.moe/tbdb3j.mp3",
        "annId": 19743,
        "songDifficulty": 33.87784757413664,
        "vintage": "Fall 2017"
    },
    {
        "animeEng": "Outlanders",
        "animeRomaji": "Outlanders",
        "songName": "Starry eyes -Hoshi no Hitomi-",
        "artist": "NA'MON",
        "type": "Ending 1",
        "correctCount": 6,
        "startTime": 179,
        "songDuration": 229.795234,
        "songNumber": 49,
        "activePlayerCount": 196,
        "LinkVideo": "https://files.catbox.moe/wh32uk.webm",
        "LinkMp3": "https://files.catbox.moe/9qg9kc.mp3",
        "annId": 3718,
        "songDifficulty": 8.939198273212934,
        "vintage": "Winter 1986"
    },
    {
        "animeEng": "Tanaka-kun is Always Listless",
        "animeRomaji": "Tanaka-kun wa Itsumo Kedaruge",
        "songName": "Utata ne Sunshine",
        "artist": "Unlimited tone",
        "type": "Opening 1",
        "correctCount": 70,
        "startTime": 2,
        "songDuration": 100.56,
        "songNumber": 50,
        "activePlayerCount": 197,
        "LinkVideo": "https://files.catbox.moe/ojj172.webm",
        "LinkMp3": "https://files.catbox.moe/x9jcmu.mp3",
        "annId": 17830,
        "songDifficulty": 31.462502257540184,
        "vintage": "Spring 2016"
    },
    {
        "animeEng": "The Disastrous Life of Saiki K.",
        "animeRomaji": "Saiki Kusuo no Psi Nan",
        "songName": "\u03a8-lent Prisoner",
        "artist": "Saiki-kku Lover feat. Hiroshi Kamiya, Daisuke Ono, Nobunaga Shimazaki",
        "type": "Opening 1",
        "correctCount": 109,
        "startTime": 6,
        "songDuration": 89.208,
        "songNumber": 51,
        "activePlayerCount": 198,
        "LinkVideo": "https://files.catbox.moe/5y8raz.webm",
        "LinkMp3": "https://files.catbox.moe/q7ouuj.mp3",
        "annId": 20177,
        "songDifficulty": 44.55462665178962,
        "vintage": "Winter 2018"
    },
    {
        "animeEng": "Girls und Panzer der Film",
        "animeRomaji": "Girls und Panzer der Film",
        "songName": "Oira Boko Daze!",
        "artist": "Ayumi Fujimura",
        "type": "Insert Song",
        "correctCount": 74,
        "startTime": 26,
        "songDuration": 114.744,
        "songNumber": 52,
        "activePlayerCount": 198,
        "LinkVideo": "https://files.catbox.moe/idqgy7.webm",
        "LinkMp3": "https://files.catbox.moe/kv5xvu.mp3",
        "annId": 16864,
        "songDifficulty": 33.58583613647285,
        "vintage": "Fall 2015"
    },
    {
        "animeEng": "My Next Life as a Villainess: All Routes Lead to Doom!",
        "animeRomaji": "Hamefura",
        "songName": "Otome no Route wa Hitotsu ja Nai!",
        "artist": "angela",
        "type": "Opening 1",
        "correctCount": 151,
        "startTime": 42,
        "songDuration": 89.07602,
        "songNumber": 53,
        "activePlayerCount": 198,
        "LinkVideo": "https://files.catbox.moe/ya1x18.webm",
        "LinkMp3": "https://files.catbox.moe/z54brk.mp3",
        "annId": 22339,
        "songDifficulty": 44.627879058303584,
        "vintage": "Spring 2020"
    },
    {
        "animeEng": "Argonavis from BanG Dream!",
        "animeRomaji": "Argonavis from BanG Dream!",
        "songName": "Ryuuseiu Acoustic Ver.",
        "artist": "Argonavis",
        "type": "Insert Song",
        "correctCount": 13,
        "startTime": 21,
        "songDuration": 106.584,
        "songNumber": 54,
        "activePlayerCount": 197,
        "LinkVideo": "https://files.catbox.moe/d5jvf6.webm",
        "LinkMp3": "https://files.catbox.moe/i9j1u5.mp3",
        "annId": 23027,
        "songDifficulty": 21.6589513708044,
        "vintage": "Spring 2020"
    },
    {
        "animeEng": "Saber Marionette J",
        "animeRomaji": "Saber Marionette J",
        "songName": "Sakaseruze! Dokyo-Bana",
        "artist": "Yuka Imai",
        "type": "Insert Song",
        "correctCount": 5,
        "startTime": 5,
        "songDuration": 71.939988,
        "songNumber": 55,
        "activePlayerCount": 197,
        "LinkVideo": "https://files.catbox.moe/pky2jw.webm",
        "LinkMp3": "https://files.catbox.moe/vf0qyx.mp3",
        "annId": 77,
        "songDifficulty": 7.567901234567901,
        "vintage": "Fall 1996",
        "correctPlayers": [
            "TKN",
            "watashiii",
            "ozsauce",
            "kaghey",
            "Rejax"
        ]
    },
    {
        "animeEng": "Oh My Goddess!",
        "animeRomaji": "Aa Megami-sama",
        "songName": "Congratulations!",
        "artist": "the Goddess Family Club",
        "type": "Ending 1",
        "correctCount": 15,
        "startTime": 29,
        "songDuration": 89.736,
        "songNumber": 56,
        "activePlayerCount": 196,
        "LinkVideo": "https://files.catbox.moe/qgpmjs.webm",
        "LinkMp3": "https://files.catbox.moe/ipxg86.mp3",
        "annId": 53,
        "songDifficulty": 18.16105615401024,
        "vintage": "Winter 1993"
    },
    {
        "animeEng": "This Ugly Yet Beautiful World",
        "animeRomaji": "Kono Minikuku mo Utsukushii Sekai",
        "songName": "metamorphose",
        "artist": "Yoko Takahashi",
        "type": "Opening 1",
        "correctCount": 21,
        "startTime": 54,
        "songDuration": 89.496,
        "songNumber": 57,
        "activePlayerCount": 196,
        "LinkVideo": "https://files.catbox.moe/i9n2wb.webm",
        "LinkMp3": "https://files.catbox.moe/6h77cf.mp3",
        "annId": 2836,
        "songDifficulty": 18.726870742657468,
        "vintage": "Spring 2004"
    },
    {
        "animeEng": "Happy World!",
        "animeRomaji": "Happy World!",
        "songName": "Kami-sama no Okuri mono ~Naked Angel~",
        "artist": "Millio",
        "type": "Opening 1",
        "correctCount": 7,
        "startTime": 57,
        "songDuration": 90.147022,
        "songNumber": 58,
        "activePlayerCount": 198,
        "LinkVideo": "https://files.catbox.moe/msvusc.webm",
        "LinkMp3": "https://files.catbox.moe/m883cx.mp3",
        "annId": 2149,
        "songDifficulty": 13.521421617848747,
        "vintage": "Winter 2002"
    },
    {
        "animeEng": "GoShogun",
        "animeRomaji": "Sengoku Majin Goushougun",
        "songName": "Flash Lady",
        "artist": "Jin Haneoka",
        "type": "Insert Song",
        "correctCount": 4,
        "startTime": 16,
        "songDuration": 54.12,
        "songNumber": 59,
        "activePlayerCount": 197,
        "LinkVideo": "https://files.catbox.moe/4djuo2.webm",
        "LinkMp3": "https://files.catbox.moe/x8bllb.mp3",
        "annId": 22357,
        "songDifficulty": 4.078839128917507,
        "vintage": "Spring 1982",
        "correctPlayers": [
            "Zylda",
            "watashiii",
            "ozsauce",
            "Zurer"
        ]
    },
    {
        "animeEng": "Inazuma Eleven GO: Galaxy",
        "animeRomaji": "Inazuma Eleven GO: Galaxy",
        "songName": "Supernova!",
        "artist": "T-Pistonz+KMC",
        "type": "Opening 3",
        "correctCount": 51,
        "startTime": 12,
        "songDuration": 84.191206,
        "songNumber": 60,
        "activePlayerCount": 198,
        "LinkVideo": "https://files.catbox.moe/xgba9h.webm",
        "LinkMp3": "https://files.catbox.moe/80kbcb.mp3",
        "annId": 15331,
        "songDifficulty": 32.34947400990099,
        "vintage": "Spring 2013"
    },
    {
        "animeEng": "Magical Angel Creamy Mami",
        "animeRomaji": "Mahou no Tenshi Creamy Mami",
        "songName": "Delicate ni Sukishite",
        "artist": "Takako Ohta",
        "type": "Opening 1",
        "correctCount": 24,
        "startTime": 32,
        "songDuration": 76.296,
        "songNumber": 61,
        "activePlayerCount": 198,
        "LinkVideo": "https://files.catbox.moe/8uz1ud.webm",
        "LinkMp3": "https://files.catbox.moe/wyhqgl.mp3",
        "annId": 1284,
        "songDifficulty": 21.00919514151936,
        "vintage": "Summer 1983"
    },
    {
        "animeEng": "Himegoto",
        "animeRomaji": "Himegoto",
        "songName": "Troublemaker",
        "artist": "I My Me Mine",
        "type": "Opening 1",
        "correctCount": 88,
        "startTime": 0,
        "songDuration": 29.592,
        "songNumber": 62,
        "activePlayerCount": 201,
        "LinkVideo": "https://files.catbox.moe/ksuizo.webm",
        "LinkMp3": "https://files.catbox.moe/hmreuo.mp3",
        "annId": 15977,
        "songDifficulty": 28.20857519157088,
        "vintage": "Summer 2014"
    },
    {
        "animeEng": "The Ambition of Oda Nobuna",
        "animeRomaji": "Oda Nobuna no Yabou",
        "songName": "Link",
        "artist": "Aimi",
        "type": "Opening 1",
        "correctCount": 43,
        "startTime": 14,
        "songDuration": 88.536,
        "songNumber": 63,
        "activePlayerCount": 201,
        "LinkVideo": "https://files.catbox.moe/ivs56e.webm",
        "LinkMp3": "https://files.catbox.moe/k64jni.mp3",
        "annId": 13761,
        "songDifficulty": 18.329269255050505,
        "vintage": "Summer 2012"
    },
    {
        "animeEng": "Himouto! Umaru-chan",
        "animeRomaji": "Himouto! Umaru-chan",
        "songName": "Kakushinteki\u2606Metamorphose!",
        "artist": "Aimi Tanaka",
        "type": "Opening 1",
        "correctCount": 157,
        "startTime": 55,
        "songDuration": 88.032,
        "songNumber": 64,
        "activePlayerCount": 201,
        "LinkVideo": "https://files.catbox.moe/k8gn13.webm",
        "LinkMp3": "https://files.catbox.moe/cqvs1w.mp3",
        "annId": 16845,
        "songDifficulty": 54.889240673547754,
        "vintage": "Summer 2015"
    },
    {
        "animeEng": "Beelzebub: Hirotta Akachan wa Daimaou!?",
        "animeRomaji": "Beelzebub: Hirotta Akachan wa Daimaou!?",
        "songName": "Appare\u2606Banchousanjou! Beelzebub!",
        "artist": "Hiroaki Takeuchi",
        "type": "Opening 1",
        "correctCount": 27,
        "startTime": 15,
        "songDuration": 89.023776,
        "songNumber": 65,
        "activePlayerCount": 201,
        "LinkVideo": "https://files.catbox.moe/bo427a.webm",
        "LinkMp3": "https://files.catbox.moe/yqgw3i.mp3",
        "annId": 15514,
        "songDifficulty": 16.145256649217426,
        "vintage": "Fall 2010"
    },
    {
        "animeEng": "FLCL Alternative",
        "animeRomaji": "FLCL Alternative",
        "songName": "Tenshi Mitai ni Kimi wa Tatteta (Fool on cool version)",
        "artist": "the pillows",
        "type": "Insert Song",
        "correctCount": 15,
        "startTime": 23,
        "songDuration": 59.544,
        "songNumber": 66,
        "activePlayerCount": 200,
        "LinkVideo": "https://files.catbox.moe/5d9qc8.webm",
        "LinkMp3": "https://files.catbox.moe/c1wvys.mp3",
        "annId": 20792,
        "songDifficulty": 14.418568276773533,
        "vintage": "Summer 2018"
    },
    {
        "animeEng": "UFO Robo Grendizer tai Great Mazinger",
        "animeRomaji": "UFO Robo Grendizer tai Great Mazinger",
        "songName": "Kimikoso Yuusha",
        "artist": "Isao Sasaki & Columbia Yurikago-kai",
        "type": "Insert Song",
        "correctCount": 3,
        "startTime": 5,
        "songDuration": 51.048,
        "songNumber": 67,
        "activePlayerCount": 200,
        "LinkVideo": "https://files.catbox.moe/i1p5gz.webm",
        "LinkMp3": "https://files.catbox.moe/h27hsg.mp3",
        "annId": 3609,
        "songDifficulty": 4.975035457511915,
        "vintage": "Winter 1976",
        "correctPlayers": [
            "Lord_Binary",
            "Thaleko",
            "theyingster"
        ]
    },
    {
        "animeEng": "Last Exile",
        "animeRomaji": "Last Exile",
        "songName": "Cloud Age Symphony",
        "artist": "OKINO.SHUNTARO",
        "type": "Opening 1",
        "correctCount": 47,
        "startTime": 15,
        "songDuration": 91.344,
        "songNumber": 68,
        "activePlayerCount": 201,
        "LinkVideo": "https://files.catbox.moe/4rjvgr.webm",
        "LinkMp3": "https://files.catbox.moe/q1pk0g.mp3",
        "annId": 2294,
        "songDifficulty": 26.55558085762332,
        "vintage": "Spring 2003"
    },
    {
        "animeEng": "Kira Kira\u2606Pretty Cure A La Mode",
        "animeRomaji": "Kirakira\u2606Precure A La Mode",
        "songName": "SHINE!! Kirakira\u2606Precure A La Mode",
        "artist": "Yuri Komagata",
        "type": "Opening 1",
        "correctCount": 15,
        "startTime": 19,
        "songDuration": 90.168,
        "songNumber": 69,
        "activePlayerCount": 201,
        "LinkVideo": "https://files.catbox.moe/4znkm5.webm",
        "LinkMp3": "https://files.catbox.moe/2avtnq.mp3",
        "annId": 18962,
        "songDifficulty": 32.76083383899677,
        "vintage": "Winter 2017"
    },
    {
        "animeEng": "Cutey Honey Flash",
        "animeRomaji": "Cutey Honey Flash",
        "songName": "Cutey Honey",
        "artist": "SALIA",
        "type": "Opening 1",
        "correctCount": 75,
        "startTime": 14,
        "songDuration": 87.090748,
        "songNumber": 70,
        "activePlayerCount": 202,
        "LinkVideo": "https://files.catbox.moe/46hw3v.webm",
        "LinkMp3": "https://files.catbox.moe/nelgdv.mp3",
        "annId": 3326,
        "songDifficulty": 27.982338327280065,
        "vintage": "Summer 1997"
    },
    {
        "animeEng": "Boruto: Naruto Next Generations",
        "animeRomaji": "Boruto: Naruto Next Generations",
        "songName": "Baton Road",
        "artist": "KANA-BOON",
        "type": "Opening 1",
        "correctCount": 128,
        "startTime": 51,
        "songDuration": 89.232,
        "songNumber": 71,
        "activePlayerCount": 200,
        "LinkVideo": "https://files.catbox.moe/zbbptu.webm",
        "LinkMp3": "https://files.catbox.moe/6z3ild.mp3",
        "annId": 18934,
        "songDifficulty": 43.07085849436393,
        "vintage": "Spring 2017"
    },
    {
        "animeEng": "Code:Breaker",
        "animeRomaji": "Code:Breaker",
        "songName": "DARK SHAME",
        "artist": "GRANRODEO",
        "type": "Opening 1",
        "correctCount": 66,
        "startTime": 7,
        "songDuration": 88.248,
        "songNumber": 72,
        "activePlayerCount": 200,
        "LinkVideo": "https://files.catbox.moe/fy6qpy.webm",
        "LinkMp3": "https://files.catbox.moe/fpenu0.mp3",
        "annId": 13618,
        "songDifficulty": 23.65331937799043,
        "vintage": "Fall 2012"
    },
    {
        "animeEng": "A Certain Scientific Railgun OVA",
        "animeRomaji": "Toaru Kagaku no Railgun OVA",
        "songName": "future gazer",
        "artist": "fripSide",
        "type": "Opening 1",
        "correctCount": 115,
        "startTime": 10,
        "songDuration": 96.72,
        "songNumber": 73,
        "activePlayerCount": 200,
        "LinkVideo": "https://files.catbox.moe/e9du6l.webm",
        "LinkMp3": "https://files.catbox.moe/8w5avv.mp3",
        "annId": 11657,
        "songDifficulty": 37.37795510826999,
        "vintage": "Fall 2010"
    },
    {
        "animeEng": "Project A-Ko",
        "animeRomaji": "Project A-Ko",
        "songName": "Follow Your Dream",
        "artist": "Valerie Stevenson",
        "type": "Ending 1",
        "correctCount": 9,
        "startTime": 115,
        "songDuration": 250.344,
        "songNumber": 74,
        "activePlayerCount": 201,
        "LinkVideo": "https://files.catbox.moe/mkgxgo.webm",
        "LinkMp3": "https://files.catbox.moe/bgh4xh.mp3",
        "annId": 61,
        "songDifficulty": 15.03869364357585,
        "vintage": "Winter 1986"
    },
    {
        "animeEng": "Gegege no Kitarou: Youkai Tokkyuu! Maboroshi no Kisha",
        "animeRomaji": "Gegege no Kitarou: Youkai Tokkyuu! Maboroshi no Kisha",
        "songName": "Iyan Nacchau Bushi",
        "artist": "Ukadan",
        "type": "Ending 1",
        "correctCount": 109,
        "startTime": 1,
        "songDuration": 92.16,
        "songNumber": 75,
        "activePlayerCount": 201,
        "LinkVideo": "https://files.catbox.moe/n4q7c3.webm",
        "LinkMp3": "https://files.catbox.moe/zn15j5.mp3",
        "annId": 3700,
        "songDifficulty": 54.115715656996585,
        "vintage": "Summer 1997"
    },
    {
        "animeEng": "Katsugeki Shoujo Tantei-dan",
        "animeRomaji": "Katsugeki Shoujo Tantei-dan",
        "songName": "Tenshi no Montage",
        "artist": "TARAKO, Yuriko Yamamoto, Masako Miura",
        "type": "Opening 1",
        "correctCount": 9,
        "startTime": 0,
        "songDuration": 90.36,
        "songNumber": 76,
        "activePlayerCount": 200,
        "LinkVideo": "https://files.catbox.moe/9w2zl4.webm",
        "LinkMp3": "https://files.catbox.moe/cs9xc3.mp3",
        "annId": 7076,
        "songDifficulty": 10.726912391377006,
        "vintage": "Fall 1986"
    },
    {
        "animeEng": "Major",
        "animeRomaji": "Major",
        "songName": "One Day",
        "artist": "The Loose Dogs",
        "type": "Ending 7",
        "correctCount": 6,
        "startTime": 49,
        "songDuration": 87.952774,
        "songNumber": 77,
        "activePlayerCount": 199,
        "LinkVideo": "https://files.catbox.moe/gtndu7.webm",
        "LinkMp3": "https://files.catbox.moe/hk1bnc.mp3",
        "annId": 4115,
        "songDifficulty": 18.817947716346154,
        "vintage": "Fall 2004"
    },
    {
        "animeEng": "Minori Scramble!",
        "animeRomaji": "Minori Scramble!",
        "songName": "Kimi no Boku e no Kakushigoto",
        "artist": "Kana Atsuku, Hiromi Igarashi, Maika Takai",
        "type": "Ending 1",
        "correctCount": 7,
        "startTime": 40,
        "songDuration": 267.048,
        "songNumber": 78,
        "activePlayerCount": 200,
        "LinkVideo": "https://files.catbox.moe/8kek6i.webm",
        "LinkMp3": "https://files.catbox.moe/bcsr81.mp3",
        "annId": 13362,
        "songDifficulty": 10.099799881920035,
        "vintage": "Winter 2012"
    },
    {
        "animeEng": "Zero Tester",
        "animeRomaji": "Zero Tester",
        "songName": "Chikyuu Yousai S-5",
        "artist": "Royal Knights",
        "type": "Ending 2",
        "correctCount": 2,
        "startTime": 6,
        "songDuration": 65.540098,
        "songNumber": 79,
        "activePlayerCount": 200,
        "LinkVideo": "https://files.catbox.moe/s1ecqd.webm",
        "LinkMp3": "https://files.catbox.moe/nvslsq.mp3",
        "annId": 1627,
        "songDifficulty": 17.578125,
        "vintage": "Fall 1973",
        "correctPlayers": [
            "ozsauce",
            "theyingster"
        ]
    },
    {
        "animeEng": "The Ones Within",
        "animeRomaji": "Naka no Hito Genome [Jikkyouchuu]",
        "songName": "not GAME",
        "artist": "Tasuku Hatanaka",
        "type": "Opening 1",
        "correctCount": 53,
        "startTime": 10,
        "songDuration": 89.04,
        "songNumber": 80,
        "activePlayerCount": 201,
        "LinkVideo": "https://files.catbox.moe/940u2o.webm",
        "LinkMp3": "https://files.catbox.moe/4yzd13.mp3",
        "annId": 23076,
        "songDifficulty": 28.506675443941504,
        "vintage": "Winter 2020"
    },
    {
        "animeEng": "Surfside High School",
        "animeRomaji": "Surfside High School",
        "songName": "7-Mai no Chizu",
        "artist": "ALL I NEED",
        "type": "Insert Song",
        "correctCount": 4,
        "startTime": 14,
        "songDuration": 44.904,
        "songNumber": 81,
        "activePlayerCount": 201,
        "LinkVideo": "https://files.catbox.moe/5aw2pb.webm",
        "LinkMp3": "https://files.catbox.moe/ih4w0e.mp3",
        "annId": 6317,
        "songDifficulty": 7.220265204596412,
        "vintage": "Spring 1999",
        "correctPlayers": [
            "shadismith",
            "Bai",
            "peepis",
            "theyingster"
        ]
    },
    {
        "animeEng": "Corpse Princess: Aka",
        "animeRomaji": "Shikabane Hime: Aka",
        "songName": "Beautiful fighter",
        "artist": "angela",
        "type": "Opening 1",
        "correctCount": 30,
        "startTime": 14,
        "songDuration": 88.919288,
        "songNumber": 82,
        "activePlayerCount": 201,
        "LinkVideo": "https://files.catbox.moe/2thdnq.webm",
        "LinkMp3": "https://files.catbox.moe/jwvxr1.mp3",
        "annId": 10053,
        "songDifficulty": 20.352101076314376,
        "vintage": "Fall 2008"
    },
    {
        "animeEng": "Bakugan: Battle Planet",
        "animeRomaji": "Bakugan: Battle Planet",
        "songName": "Jounetsu Jamboree",
        "artist": "HiHi Jets",
        "type": "Opening 1",
        "correctCount": 5,
        "startTime": 58,
        "songDuration": 89.232,
        "songNumber": 83,
        "activePlayerCount": 202,
        "LinkVideo": "https://files.catbox.moe/9s516y.webm",
        "LinkMp3": "https://files.catbox.moe/5kdbw0.mp3",
        "annId": 21868,
        "songDifficulty": 12.105977199388587,
        "vintage": "Fall 2018",
        "correctPlayers": [
            "Man4ik",
            "ozsauce",
            "CySky",
            "Pseudo_123",
            "theyingster"
        ]
    },
    {
        "animeEng": "Knights of Ramune & 40 DX",
        "animeRomaji": "Knights of Ramune & 40 DX",
        "songName": "Tobidase! Seishun",
        "artist": "Chisa Yokoyama, Kazuki Yao, Naoko Matsui, Sakiko Tamagawa, Takeshi Kusao",
        "type": "Opening 1",
        "correctCount": 5,
        "startTime": 18,
        "songDuration": 181.056,
        "songNumber": 84,
        "activePlayerCount": 201,
        "LinkVideo": "https://files.catbox.moe/9zr8ww.webm",
        "LinkMp3": "https://files.catbox.moe/f60dlb.mp3",
        "annId": 3166,
        "songDifficulty": 9.979452054794521,
        "vintage": "Winter 1993",
        "correctPlayers": [
            "TKN",
            "ozsauce",
            "Zurer",
            "kaghey",
            "theyingster"
        ]
    },
    {
        "animeEng": "Ex-Arm",
        "animeRomaji": "Ex-Arm",
        "songName": "Diamonds Shine",
        "artist": "Dizzy Sunfist",
        "type": "Ending 1",
        "correctCount": 39,
        "startTime": 40,
        "songDuration": 87.696,
        "songNumber": 85,
        "activePlayerCount": 197,
        "LinkVideo": "https://files.catbox.moe/4iohi3.webm",
        "LinkMp3": "https://files.catbox.moe/s82vgu.mp3",
        "annId": 23365,
        "songDifficulty": 28.238792662575367,
        "vintage": "Winter 2021"
    }
]