[
    {
        "animeEng": "Show By Rock!! Stars!!",
        "animeRomaji": "Show By Rock!! Stars!!",
        "songName": "Otome Kagerou",
        "artist": "Tsurezurenaru Ayatsuri Mugenan",
        "type": "Insert Song",
        "correctCount": 6,
        "startTime": 17,
        "songDuration": 92.52,
        "songNumber": 1,
        "activePlayerCount": 173,
        "LinkVideo": "https://files.catbox.moe/bdzay1.webm",
        "LinkMp3": "https://files.catbox.moe/gl40gn.mp3",
        "annId": 23132,
        "songDifficulty": 22.0050232924884,
        "vintage": "Winter 2021"
    },
    {
        "animeEng": "Ranking of Kings",
        "animeRomaji": "Ousama Ranking",
        "songName": "Oz.",
        "artist": "yama",
        "type": "Ending 1",
        "correctCount": 43,
        "startTime": 16,
        "songDuration": 89.112,
        "songNumber": 2,
        "activePlayerCount": 178,
        "LinkVideo": "https://files.catbox.moe/i8p2fw.webm",
        "LinkMp3": "https://files.catbox.moe/mv2ibf.mp3",
        "annId": 24246,
        "songDifficulty": 30.925907458289196,
        "vintage": "Fall 2021"
    },
    {
        "animeEng": "Berserk",
        "animeRomaji": "Berserk",
        "songName": "Inferno",
        "artist": "9mm Parabellum Bullet",
        "type": "Opening 1",
        "correctCount": 98,
        "startTime": 12,
        "songDuration": 88.464,
        "songNumber": 3,
        "activePlayerCount": 186,
        "LinkVideo": "https://files.catbox.moe/6mlv5y.webm",
        "LinkMp3": "https://files.catbox.moe/x086kn.mp3",
        "annId": 18160,
        "songDifficulty": 38.74766110510673,
        "vintage": "Summer 2016"
    },
    {
        "animeEng": "Magic Kaito 1412",
        "animeRomaji": "Magic Kaito 1412",
        "songName": "Ai no Scenario",
        "artist": "CHiCO with HoneyWorks",
        "type": "Opening 2",
        "correctCount": 66,
        "startTime": 33,
        "songDuration": 89.184,
        "songNumber": 4,
        "activePlayerCount": 186,
        "LinkVideo": "https://files.catbox.moe/qinzxi.webm",
        "LinkMp3": "https://files.catbox.moe/0vtyoo.mp3",
        "annId": 16168,
        "songDifficulty": 30.9026602460778,
        "vintage": "Fall 2014"
    },
    {
        "animeEng": "Aikatsu!",
        "animeRomaji": "Aikatsu!",
        "songName": "Eien no Tomoshibi",
        "artist": "Ruka from AIKATSU\u2606STARS!",
        "type": "Insert Song",
        "correctCount": 64,
        "startTime": 34,
        "songDuration": 110.304,
        "songNumber": 5,
        "activePlayerCount": 186,
        "LinkVideo": "https://files.catbox.moe/y0ds8z.webm",
        "LinkMp3": "https://files.catbox.moe/30ig6p.mp3",
        "annId": 16165,
        "songDifficulty": 38.488517916932395,
        "vintage": "Fall 2014"
    },
    {
        "animeEng": "Precure All Stars DX3: Mirai ni Todoke! Sekai o Tsunagu\u2606Niji-Iro no Hana",
        "animeRomaji": "Precure All Stars DX3: Mirai ni Todoke! Sekai o Tsunagu\u2606Niji-Iro no Hana",
        "songName": "Let's! Fresh Precure! ~Hybrid Version~",
        "artist": "Mizuki Moie",
        "type": "Insert Song",
        "correctCount": 66,
        "startTime": 14,
        "songDuration": 43.392,
        "songNumber": 6,
        "activePlayerCount": 185,
        "LinkVideo": "https://files.catbox.moe/8upx2c.webm",
        "LinkMp3": "https://files.catbox.moe/7t1r3d.mp3",
        "annId": 12127,
        "songDifficulty": 40.19627856182796,
        "vintage": "Winter 2011"
    },
    {
        "animeEng": "Thus Spoke Kishibe Rohan",
        "animeRomaji": "Kishibe Rohan wa Ugokanai",
        "songName": "Kishibe Rohan wa Ugokanai no Theme",
        "artist": "Yugo Kanno",
        "type": "Opening 1",
        "correctCount": 88,
        "startTime": 10,
        "songDuration": 43.8,
        "songNumber": 7,
        "activePlayerCount": 185,
        "LinkVideo": "https://files.catbox.moe/cxs72x.webm",
        "LinkMp3": "https://files.catbox.moe/m3r52b.mp3",
        "annId": 19775,
        "songDifficulty": 34.46500965250965,
        "vintage": "Spring 2017"
    },
    {
        "animeEng": "Haikyu!! Movie Concept no Tatakai",
        "animeRomaji": "Haikyu!! Movie Concept no Tatakai",
        "songName": "Hikari Are",
        "artist": "BURNOUT SYNDROMES",
        "type": "Ending 1",
        "correctCount": 131,
        "startTime": 27,
        "songDuration": 239.952,
        "songNumber": 8,
        "activePlayerCount": 186,
        "LinkVideo": "https://files.catbox.moe/tywqad.webm",
        "LinkMp3": "https://files.catbox.moe/gb071d.mp3",
        "annId": 19746,
        "songDifficulty": 49.35771037581699,
        "vintage": "Summer 2017"
    },
    {
        "animeEng": "Honobono Log",
        "animeRomaji": "Honobono Log",
        "songName": "morning",
        "artist": "Ame no Parade",
        "type": "Opening 1",
        "correctCount": 78,
        "startTime": 0,
        "songDuration": 19.2,
        "songNumber": 9,
        "activePlayerCount": 185,
        "LinkVideo": "https://files.catbox.moe/hr31fn.webm",
        "LinkMp3": "https://files.catbox.moe/hm273m.mp3",
        "annId": 18428,
        "songDifficulty": 30.164474534643226,
        "vintage": "Spring 2016"
    },
    {
        "animeEng": "Motto! Ojamajo Doremi",
        "animeRomaji": "Motto! Ojamajo Doremi",
        "songName": "Kotori no Kimochi",
        "artist": "Naoko Matsudaira",
        "type": "Insert Song",
        "correctCount": 9,
        "startTime": 23,
        "songDuration": 86.328,
        "songNumber": 10,
        "activePlayerCount": 187,
        "LinkVideo": "https://files.catbox.moe/mcvwdx.webm",
        "LinkMp3": "https://files.catbox.moe/vkq91j.mp3",
        "annId": 1650,
        "songDifficulty": 26.376146788990827,
        "vintage": "Winter 2001"
    },
    {
        "animeEng": "BanG Dream! 2nd Season",
        "animeRomaji": "BanG Dream! 2nd Season",
        "songName": "Determination Symphony",
        "artist": "Roselia",
        "type": "Insert Song",
        "correctCount": 39,
        "startTime": 43,
        "songDuration": 126.648,
        "songNumber": 11,
        "activePlayerCount": 185,
        "LinkVideo": "https://files.catbox.moe/dspqzh.webm",
        "LinkMp3": "https://files.catbox.moe/ombafz.mp3",
        "annId": 21289,
        "songDifficulty": 34.269419323065904,
        "vintage": "Winter 2019"
    },
    {
        "animeEng": "Shiba Inuko-san",
        "animeRomaji": "Shiba Inuko-san",
        "songName": "Shiba Inuko-san no Uta",
        "artist": "Mikoi Sasaki",
        "type": "Opening 1",
        "correctCount": 134,
        "startTime": 0,
        "songDuration": 29.674592,
        "songNumber": 12,
        "activePlayerCount": 187,
        "LinkVideo": "https://files.catbox.moe/zjs0tx.webm",
        "LinkMp3": "https://files.catbox.moe/zn96li.mp3",
        "annId": 14051,
        "songDifficulty": 44.96628215883669,
        "vintage": "Spring 2012"
    },
    {
        "animeEng": "Chronos Ruler",
        "animeRomaji": "Jikan no Shihaisha",
        "songName": "Jikan wa Mado no Mukougawa",
        "artist": "Nagi Yanagi",
        "type": "Ending 1",
        "correctCount": 11,
        "startTime": 54,
        "songDuration": 88.488,
        "songNumber": 13,
        "activePlayerCount": 190,
        "LinkVideo": "https://files.catbox.moe/ojy1px.webm",
        "LinkMp3": "https://files.catbox.moe/erl7p0.mp3",
        "annId": 18936,
        "songDifficulty": 14.692348065894194,
        "vintage": "Summer 2017"
    },
    {
        "animeEng": "Mobile Suit Gundam Seed",
        "animeRomaji": "Kidou Senshi Gundam Seed",
        "songName": "Meteor",
        "artist": "T.M.Revolution",
        "type": "Insert Song",
        "correctCount": 68,
        "startTime": 12,
        "songDuration": 162.048,
        "songNumber": 14,
        "activePlayerCount": 190,
        "LinkVideo": "https://files.catbox.moe/jkveq1.webm",
        "LinkMp3": "https://files.catbox.moe/qftre7.mp3",
        "annId": 883,
        "songDifficulty": 38.48023014834206,
        "vintage": "Fall 2002"
    },
    {
        "animeEng": "Deep Blue Town e Oide yo",
        "animeRomaji": "Deep Blue Town e Oide yo",
        "songName": "DEEP BLUE TOWN e Oide yo",
        "artist": "team Umifure",
        "type": "Insert Song",
        "correctCount": 27,
        "startTime": 131,
        "songDuration": 194.112,
        "songNumber": 15,
        "activePlayerCount": 191,
        "LinkVideo": "https://files.catbox.moe/69r4te.webm",
        "LinkMp3": "https://files.catbox.moe/da202p.mp3",
        "annId": 23763,
        "songDifficulty": 19.859894706598162,
        "vintage": "Summer 2017"
    },
    {
        "animeEng": "Dragon Ball: Curse of the Blood Rubies",
        "animeRomaji": "Dragon Ball: Shenlong no Densetsu",
        "songName": "Romantic Ageru Yo",
        "artist": "Ushio Hashimoto",
        "type": "Ending 1",
        "correctCount": 84,
        "startTime": 15,
        "songDuration": 94.248,
        "songNumber": 16,
        "activePlayerCount": 191,
        "LinkVideo": "https://files.catbox.moe/6vemry.webm",
        "LinkMp3": "https://files.catbox.moe/j707ka.mp3",
        "annId": 1035,
        "songDifficulty": 37.27677750787815,
        "vintage": "Fall 1986"
    },
    {
        "animeEng": "Fate/stay night: Unlimited Blade Works",
        "animeRomaji": "Fate/stay night: Unlimited Blade Works",
        "songName": "ring your bell (in the silence)",
        "artist": "Kalafina",
        "type": "Ending 2",
        "correctCount": 36,
        "startTime": 4,
        "songDuration": 89.568,
        "songNumber": 17,
        "activePlayerCount": 192,
        "LinkVideo": "https://files.catbox.moe/j1ogzg.webm",
        "LinkMp3": "https://files.catbox.moe/quk9ek.mp3",
        "annId": 16825,
        "songDifficulty": 18.36895195869923,
        "vintage": "Spring 2015"
    },
    {
        "animeEng": "Hyperdimension Neptunia",
        "animeRomaji": "Choujigen Game Neptune The Animation",
        "songName": "Go\u2192Love&Peace",
        "artist": "Ayane",
        "type": "Ending 2",
        "correctCount": 33,
        "startTime": 68,
        "songDuration": 111.672,
        "songNumber": 18,
        "activePlayerCount": 193,
        "LinkVideo": "https://files.catbox.moe/dyqu1y.webm",
        "LinkMp3": "https://files.catbox.moe/du3ty3.mp3",
        "annId": 15000,
        "songDifficulty": 20.49714074273412,
        "vintage": "Summer 2013"
    },
    {
        "animeEng": "Chaika: The Coffin Princess",
        "animeRomaji": "Hitsugi no Chaika",
        "songName": "DARAKENA",
        "artist": "Iori Nomizu",
        "type": "Opening 1",
        "correctCount": 64,
        "startTime": 36,
        "songDuration": 89.07602,
        "songNumber": 19,
        "activePlayerCount": 194,
        "LinkVideo": "https://files.catbox.moe/yc2n4i.webm",
        "LinkMp3": "https://files.catbox.moe/1wered.mp3",
        "annId": 15524,
        "songDifficulty": 25.469674252382518,
        "vintage": "Spring 2014"
    },
    {
        "animeEng": "Puella Magi Madoka Magica the Movie Part 2: Eternal",
        "animeRomaji": "Gekijouban Mahou Shoujo Madoka\u2605Magica Kouhen: Eien no Monogatari",
        "songName": "Magia [quattro]",
        "artist": "Kalafina",
        "type": "Insert Song",
        "correctCount": 41,
        "startTime": 27,
        "songDuration": 100.536,
        "songNumber": 20,
        "activePlayerCount": 194,
        "LinkVideo": "https://files.catbox.moe/1fbz02.webm",
        "LinkMp3": "https://files.catbox.moe/ay52by.mp3",
        "annId": 14364,
        "songDifficulty": 31.06027440744921,
        "vintage": "Fall 2012"
    },
    {
        "animeEng": "Ooya-san wa Shishunki!",
        "animeRomaji": "Ooya-san wa Shishunki!",
        "songName": "Shining Sky",
        "artist": "every\u2665ing!",
        "type": "Opening 1",
        "correctCount": 39,
        "startTime": 1,
        "songDuration": 29.592,
        "songNumber": 21,
        "activePlayerCount": 195,
        "LinkVideo": "https://files.catbox.moe/vw57q3.webm",
        "LinkMp3": "https://files.catbox.moe/0vyn47.mp3",
        "annId": 17795,
        "songDifficulty": 19.106436474830318,
        "vintage": "Winter 2016"
    },
    {
        "animeEng": "Kenkou Zenrakei Suiei-bu Umishou",
        "animeRomaji": "Kenkou Zenrakei Suiei-bu Umishou",
        "songName": "Tamatsuka Gakuen Suiei-bu Ouenka",
        "artist": "Tomomi Natori, Satomi Hagiwara, Rumi Masuno, Saeko Nakano",
        "type": "Insert Song",
        "correctCount": 9,
        "startTime": 47,
        "songDuration": 75.96,
        "songNumber": 22,
        "activePlayerCount": 193,
        "LinkVideo": "https://files.catbox.moe/n8i27p.webm",
        "LinkMp3": "https://files.catbox.moe/6khr0c.mp3",
        "annId": 7802,
        "songDifficulty": 11.930930302060883,
        "vintage": "Summer 2007"
    },
    {
        "animeEng": "Berserk",
        "animeRomaji": "Kenpuu Denki Berserk",
        "songName": "Forces",
        "artist": "Susumu Hirasawa",
        "type": "Insert Song",
        "correctCount": 65,
        "startTime": 3,
        "songDuration": 109.869132,
        "songNumber": 23,
        "activePlayerCount": 192,
        "LinkVideo": "https://files.catbox.moe/ad762f.webm",
        "LinkMp3": "https://files.catbox.moe/domkyp.mp3",
        "annId": 328,
        "songDifficulty": 42.49695108695652,
        "vintage": "Fall 1997"
    },
    {
        "animeEng": "Carnival Phantasm",
        "animeRomaji": "Carnival Phantasm",
        "songName": "Super Affection",
        "artist": "Minami Kuribayashi, Miyuki Hashimoto, Faylan, Aki Misato, yozuca*, rino",
        "type": "Opening 1",
        "correctCount": 94,
        "startTime": 34,
        "songDuration": 94.992,
        "songNumber": 24,
        "activePlayerCount": 189,
        "LinkVideo": "https://files.catbox.moe/tdhmrm.webm",
        "LinkMp3": "https://files.catbox.moe/bhg3zx.mp3",
        "annId": 12270,
        "songDifficulty": 44.62664516059773,
        "vintage": "Summer 2011"
    },
    {
        "animeEng": "Monster Strike the Animation",
        "animeRomaji": "Monster Strike the Animation",
        "songName": "Rove",
        "artist": "WHITE ASH",
        "type": "Insert Song",
        "correctCount": 9,
        "startTime": 58,
        "songDuration": 89.952,
        "songNumber": 25,
        "activePlayerCount": 188,
        "LinkVideo": "https://files.catbox.moe/7pvwm1.webm",
        "LinkMp3": "https://files.catbox.moe/pzqr0d.mp3",
        "annId": 17368,
        "songDifficulty": 27.6124329229798,
        "vintage": "Fall 2015"
    },
    {
        "animeEng": "STARMYU",
        "animeRomaji": "Koukou Hoshi Kageki",
        "songName": "straightforward",
        "artist": "Natsuki Hanae, Arthur Lounsbery, Toshiyuki Morikawa",
        "type": "Insert Song",
        "correctCount": 73,
        "startTime": 12,
        "songDuration": 89.72907,
        "songNumber": 26,
        "activePlayerCount": 189,
        "LinkVideo": "https://files.catbox.moe/egtzun.webm",
        "LinkMp3": "https://files.catbox.moe/lv5kgm.mp3",
        "annId": 19260,
        "songDifficulty": 34.849123572335024,
        "vintage": "Spring 2017"
    },
    {
        "animeEng": "Dog & Scissors",
        "animeRomaji": "Inu to Hasami wa Tsukaiyou",
        "songName": "KIRA-KIRA Shimashou?",
        "artist": "Yuu Serizawa",
        "type": "Insert Song",
        "correctCount": 4,
        "startTime": 3,
        "songDuration": 103.056,
        "songNumber": 27,
        "activePlayerCount": 191,
        "LinkVideo": "https://files.catbox.moe/1d0jfe.webm",
        "LinkMp3": "https://files.catbox.moe/ihr3o3.mp3",
        "annId": 15101,
        "songDifficulty": 8.026221439756196,
        "vintage": "Summer 2013",
        "correctPlayers": [
            "Delete",
            "shadowpandax",
            "jankenpo",
            "Diukes"
        ]
    },
    {
        "animeEng": "TsukiPro the Animation",
        "animeRomaji": "TsukiPro the Animation",
        "songName": "FRIEND",
        "artist": "SOARA",
        "type": "Insert Song",
        "correctCount": 12,
        "startTime": 0,
        "songDuration": 28.488,
        "songNumber": 28,
        "activePlayerCount": 189,
        "LinkVideo": "https://files.catbox.moe/dbnzxl.webm",
        "LinkMp3": "https://files.catbox.moe/nos06m.mp3",
        "annId": 19898,
        "songDifficulty": 15,
        "vintage": "Fall 2017"
    },
    {
        "animeEng": "Lamune",
        "animeRomaji": "Lamune",
        "songName": "Hitomi Sunshine",
        "artist": "Natsumi Yanase",
        "type": "Insert Song",
        "correctCount": 5,
        "startTime": 0,
        "songDuration": 29.021542,
        "songNumber": 29,
        "activePlayerCount": 189,
        "LinkVideo": "https://files.catbox.moe/8ezzw8.webm",
        "LinkMp3": "https://files.catbox.moe/qsn7dd.mp3",
        "annId": 5868,
        "songDifficulty": 10.677966101694915,
        "vintage": "Fall 2005",
        "correctPlayers": [
            "AKl",
            "Janoxx",
            "likejaxirl",
            "Diukes",
            "ozsauce"
        ]
    },
    {
        "animeEng": "Space Patrol Luluco",
        "animeRomaji": "Uchuu Patrol Luluco",
        "songName": "Before my body is dry",
        "artist": "Mika Kobayashi & David Whitaker",
        "type": "Insert Song",
        "correctCount": 100,
        "startTime": 66,
        "songDuration": 100.176,
        "songNumber": 30,
        "activePlayerCount": 191,
        "LinkVideo": "https://files.catbox.moe/f9mwfq.webm",
        "LinkMp3": "https://files.catbox.moe/xkndlf.mp3",
        "annId": 18054,
        "songDifficulty": 52.52953597575612,
        "vintage": "Spring 2016"
    },
    {
        "animeEng": "Desert Rose",
        "animeRomaji": "Suna no Bara",
        "songName": "Born under the Stars",
        "artist": "New Roze",
        "type": "Ending 1",
        "correctCount": 4,
        "startTime": 9,
        "songDuration": 136.08,
        "songNumber": 31,
        "activePlayerCount": 190,
        "LinkVideo": "https://files.catbox.moe/7mfsci.webm",
        "LinkMp3": "https://files.catbox.moe/hpqpfv.mp3",
        "annId": 3251,
        "songDifficulty": 6.3044790494239935,
        "vintage": "Spring 1993",
        "correctPlayers": [
            "Hyonoka",
            "AKl",
            "FUCK_AMQ",
            "ozsauce"
        ]
    },
    {
        "animeEng": "Gangsta.",
        "animeRomaji": "Gangsta.",
        "songName": "Renegade",
        "artist": "STEREO DIVE FOUNDATION",
        "type": "Opening 1",
        "correctCount": 103,
        "startTime": 18,
        "songDuration": 88.608,
        "songNumber": 32,
        "activePlayerCount": 190,
        "LinkVideo": "https://files.catbox.moe/ijulld.webm",
        "LinkMp3": "https://files.catbox.moe/6dms3q.mp3",
        "annId": 16623,
        "songDifficulty": 34.2157504952278,
        "vintage": "Summer 2015"
    },
    {
        "animeEng": "Doraemon: Nobita's Dinosaur 2006",
        "animeRomaji": "Doraemon: Nobita's Dinosaur 2006",
        "songName": "Hug Shichao",
        "artist": "Rimi Natsukawa",
        "type": "Opening 1",
        "correctCount": 26,
        "startTime": 16,
        "songDuration": 67.682102,
        "songNumber": 33,
        "activePlayerCount": 189,
        "LinkVideo": "https://files.catbox.moe/jxxlf9.webm",
        "LinkMp3": "https://files.catbox.moe/4ub1j6.mp3",
        "annId": 5769,
        "songDifficulty": 24.380630280815108,
        "vintage": "Winter 2006"
    },
    {
        "animeEng": "Fireworks",
        "animeRomaji": "Uchiage Hanabi, Shita kara Miru ka? Yoko kara Miru ka?",
        "songName": "Uchiage Hanabi",
        "artist": "DAOKO \u00d7 Kenshi Yonezu",
        "type": "Ending 1",
        "correctCount": 111,
        "startTime": 133,
        "songDuration": 279.1445,
        "songNumber": 34,
        "activePlayerCount": 189,
        "LinkVideo": "https://files.catbox.moe/98lgh8.webm",
        "LinkMp3": "https://files.catbox.moe/n0yrp7.mp3",
        "annId": 19481,
        "songDifficulty": 47.13149503872217,
        "vintage": "Summer 2017"
    },
    {
        "animeEng": "Heroman",
        "animeRomaji": "Heroman",
        "songName": "missing",
        "artist": "Kylee",
        "type": "Opening 2",
        "correctCount": 10,
        "startTime": 49,
        "songDuration": 88.056,
        "songNumber": 35,
        "activePlayerCount": 190,
        "LinkVideo": "https://files.catbox.moe/v0zvhr.webm",
        "LinkMp3": "https://files.catbox.moe/8o3ae9.mp3",
        "annId": 11266,
        "songDifficulty": 17.690028007075473,
        "vintage": "Spring 2010"
    },
    {
        "animeEng": "High School of the Dead",
        "animeRomaji": "Gakuen Mokushiroku: Highschool of the Dead",
        "songName": "HIGHSCHOOL OF THE DEAD",
        "artist": "Kishida Kyoudan &THE Akeboshi Rockets",
        "type": "Opening 1",
        "correctCount": 125,
        "startTime": 38,
        "songDuration": 89.76,
        "songNumber": 36,
        "activePlayerCount": 190,
        "LinkVideo": "https://files.catbox.moe/63q21z.webm",
        "LinkMp3": "https://files.catbox.moe/b43um0.mp3",
        "annId": 11271,
        "songDifficulty": 38.0356963160658,
        "vintage": "Summer 2010"
    },
    {
        "animeEng": "A-Channel",
        "animeRomaji": "A-Channel",
        "songName": "Koi Hitoyo Yume Hitoyo",
        "artist": "Yumi Uchiyama",
        "type": "Insert Song",
        "correctCount": 3,
        "startTime": 0,
        "songDuration": 35.352,
        "songNumber": 37,
        "activePlayerCount": 190,
        "LinkVideo": "https://files.catbox.moe/uwz06i.webm",
        "LinkMp3": "https://files.catbox.moe/ff29no.mp3",
        "annId": 12112,
        "songDifficulty": 7.869512044874768,
        "vintage": "Spring 2011",
        "correctPlayers": [
            "gael",
            "kaghey",
            "yamagucci"
        ]
    },
    {
        "animeEng": "Petit Seka",
        "animeRomaji": "Petit Seka",
        "songName": "Wah Wah World",
        "artist": "Yui Ogura, Akina, Hatsune Miku",
        "type": "Ending 1",
        "correctCount": 46,
        "startTime": 0,
        "songDuration": 27.264,
        "songNumber": 38,
        "activePlayerCount": 190,
        "LinkVideo": "https://files.catbox.moe/y8dr0f.webm",
        "LinkMp3": "https://files.catbox.moe/njcpp1.mp3",
        "annId": 24798,
        "songDifficulty": 26.47285219973491,
        "vintage": "Winter 2022"
    },
    {
        "animeEng": "Dance in the Vampire Bund",
        "animeRomaji": "Dance in the Vampire Bund",
        "songName": "Tsumeato",
        "artist": "hibiku",
        "type": "Ending 1",
        "correctCount": 13,
        "startTime": 59,
        "songDuration": 88.896,
        "songNumber": 39,
        "activePlayerCount": 188,
        "LinkVideo": "https://files.catbox.moe/8kdyps.webm",
        "LinkMp3": "https://files.catbox.moe/06v2gd.mp3",
        "annId": 10948,
        "songDifficulty": 12.042636683043876,
        "vintage": "Winter 2010"
    },
    {
        "animeEng": "Tokyo Ghoul",
        "animeRomaji": "Tokyo Ghoul",
        "songName": "Seija-tachi",
        "artist": "People in the Box",
        "type": "Ending 1",
        "correctCount": 102,
        "startTime": 15,
        "songDuration": 90.068656,
        "songNumber": 40,
        "activePlayerCount": 188,
        "LinkVideo": "https://files.catbox.moe/jor2z8.webm",
        "LinkMp3": "https://files.catbox.moe/473uhu.mp3",
        "annId": 16087,
        "songDifficulty": 25.427060649755752,
        "vintage": "Summer 2014"
    },
    {
        "animeEng": "Furusato Meguri Nippon no Mukashi Banashi",
        "animeRomaji": "Furusato Meguri Nippon no Mukashi Banashi",
        "songName": "Pyon Pyon Punyo Punyo no Uta",
        "artist": "Star Flower",
        "type": "Ending 1",
        "correctCount": 2,
        "startTime": 14,
        "songDuration": 74.256,
        "songNumber": 41,
        "activePlayerCount": 187,
        "LinkVideo": "https://files.catbox.moe/r5n7wl.webm",
        "LinkMp3": "https://files.catbox.moe/47jcli.mp3",
        "annId": 19644,
        "songDifficulty": 4.57977978151236,
        "vintage": "Spring 2017",
        "correctPlayers": [
            "claydoll1091",
            "ozsauce"
        ]
    },
    {
        "animeEng": "Magical Emi, the Magic Star",
        "animeRomaji": "Mahou no Star Magical Emi",
        "songName": "Anata dake Dreaming",
        "artist": "Youko Obata",
        "type": "Ending 1",
        "correctCount": 4,
        "startTime": 8,
        "songDuration": 59.52,
        "songNumber": 42,
        "activePlayerCount": 186,
        "LinkVideo": "https://files.catbox.moe/rlikti.webm",
        "LinkMp3": "https://files.catbox.moe/v9l1hv.mp3",
        "annId": 1690,
        "songDifficulty": 9.900839799056063,
        "vintage": "Spring 1985",
        "correctPlayers": [
            "JinAxel",
            "AKl",
            "oh95",
            "peepis"
        ]
    },
    {
        "animeEng": "Eureka Seven",
        "animeRomaji": "Koukyoushihen Eureka Seven",
        "songName": "Taiyou no Mannaka e",
        "artist": "Bivattchee",
        "type": "Opening 3",
        "correctCount": 32,
        "startTime": 26,
        "songDuration": 88.872,
        "songNumber": 43,
        "activePlayerCount": 187,
        "LinkVideo": "https://files.catbox.moe/meuv3b.webm",
        "LinkMp3": "https://files.catbox.moe/v9ljiz.mp3",
        "annId": 4797,
        "songDifficulty": 23.79671213129297,
        "vintage": "Spring 2005"
    },
    {
        "animeEng": "TsukiPro the Animation",
        "animeRomaji": "TsukiPro the Animation",
        "songName": "Arigatou",
        "artist": "QUELL",
        "type": "Ending 11",
        "correctCount": 3,
        "startTime": 45,
        "songDuration": 86.808,
        "songNumber": 44,
        "activePlayerCount": 187,
        "LinkVideo": "https://files.catbox.moe/mq56gc.webm",
        "LinkMp3": "https://files.catbox.moe/gj7n2z.mp3",
        "annId": 19898,
        "songDifficulty": 17.81835114554073,
        "vintage": "Fall 2017",
        "correctPlayers": [
            "Shuuka",
            "Thaleko",
            "yamagucci"
        ]
    },
    {
        "animeEng": "Teekyuu",
        "animeRomaji": "Teekyuu",
        "songName": "Dream First Sensation!",
        "artist": "Yui Watanabe",
        "type": "Opening 1",
        "correctCount": 75,
        "startTime": 0,
        "songDuration": 29.304,
        "songNumber": 45,
        "activePlayerCount": 189,
        "LinkVideo": "https://files.catbox.moe/iz4lmw.webm",
        "LinkMp3": "https://files.catbox.moe/edf647.mp3",
        "annId": 19543,
        "songDifficulty": 36.1789451009355,
        "vintage": "Summer 2017"
    },
    {
        "animeEng": "Back Street Girls: Gokudolls",
        "animeRomaji": "Back Street Girls: Gokudolls",
        "songName": "Gokudoll Music",
        "artist": "Gokudolls Kan-gumi",
        "type": "Opening 2",
        "correctCount": 76,
        "startTime": 36,
        "songDuration": 89.304,
        "songNumber": 46,
        "activePlayerCount": 189,
        "LinkVideo": "https://files.catbox.moe/ciqhvm.webm",
        "LinkMp3": "https://files.catbox.moe/aks5yg.mp3",
        "annId": 20851,
        "songDifficulty": 36.2508818472848,
        "vintage": "Summer 2018"
    },
    {
        "animeEng": "Anmitsu Hime",
        "animeRomaji": "Anmitsu Hime",
        "songName": "Koi wa Question",
        "artist": "Onyanko Club",
        "type": "Opening 1",
        "correctCount": 4,
        "startTime": 40,
        "songDuration": 105.528,
        "songNumber": 47,
        "activePlayerCount": 188,
        "LinkVideo": "https://files.catbox.moe/hk691c.webm",
        "LinkMp3": "https://files.catbox.moe/wsxj8f.mp3",
        "annId": 1132,
        "songDifficulty": 6.317109591412742,
        "vintage": "Fall 1986",
        "correctPlayers": [
            "gael",
            "AKl",
            "Rukawa11",
            "oh95"
        ]
    },
    {
        "animeEng": "Ushio & Tora",
        "animeRomaji": "Ushio & Tora",
        "songName": "Mazeru na Kiken",
        "artist": "Kinniku Shoujo-tai",
        "type": "Opening 1",
        "correctCount": 76,
        "startTime": 57,
        "songDuration": 88.488,
        "songNumber": 48,
        "activePlayerCount": 188,
        "LinkVideo": "https://files.catbox.moe/wsm83t.webm",
        "LinkMp3": "https://files.catbox.moe/4dbck5.mp3",
        "annId": 16754,
        "songDifficulty": 30.13135162601626,
        "vintage": "Summer 2015"
    },
    {
        "animeEng": "Shakugan no Shana-tan Final Destruction",
        "animeRomaji": "Shakugan no Shana-tan Final Destruction",
        "songName": "Hishoku no Sora",
        "artist": "Mami Kawada",
        "type": "Insert Song",
        "correctCount": 127,
        "startTime": 0,
        "songDuration": 28.128,
        "songNumber": 49,
        "activePlayerCount": 186,
        "LinkVideo": "https://files.catbox.moe/du4pxu.webm",
        "LinkMp3": "https://files.catbox.moe/cce3ag.mp3",
        "annId": 20383,
        "songDifficulty": 57.226095201800234,
        "vintage": "Winter 2012"
    },
    {
        "animeEng": "Little Busters!",
        "animeRomaji": "Little Busters!",
        "songName": "Little Busters! ~TV animation ver.~",
        "artist": "Rita",
        "type": "Opening 1",
        "correctCount": 72,
        "startTime": 3,
        "songDuration": 89.064,
        "songNumber": 50,
        "activePlayerCount": 186,
        "LinkVideo": "https://files.catbox.moe/7qpvgz.webm",
        "LinkMp3": "https://files.catbox.moe/lydnyx.mp3",
        "annId": 14231,
        "songDifficulty": 34.39465429595675,
        "vintage": "Fall 2012"
    },
    {
        "animeEng": "Hamtaro",
        "animeRomaji": "Tottoko Hamtarou",
        "songName": "Hamtarou Tottoko Uta ~Norinori Dechu~",
        "artist": "Chiaki with Ham-chans",
        "type": "Opening 5",
        "correctCount": 142,
        "startTime": 48,
        "songDuration": 89.592,
        "songNumber": 51,
        "activePlayerCount": 186,
        "LinkVideo": "https://files.catbox.moe/p8go3n.webm",
        "LinkMp3": "https://files.catbox.moe/beujw5.mp3",
        "annId": 793,
        "songDifficulty": 53.597122302158276,
        "vintage": "Summer 2000"
    },
    {
        "animeEng": "ARP Backstage Pass",
        "animeRomaji": "ARP Backstage Pass",
        "songName": "FANTASISTA",
        "artist": "LE\u00d3N",
        "type": "Insert Song",
        "correctCount": 4,
        "startTime": 58,
        "songDuration": 114.768,
        "songNumber": 52,
        "activePlayerCount": 185,
        "LinkVideo": "https://files.catbox.moe/xa5ze8.webm",
        "LinkMp3": "https://files.catbox.moe/ogeh68.mp3",
        "annId": 22347,
        "songDifficulty": 10.652040318080358,
        "vintage": "Winter 2020",
        "correctPlayers": [
            "Rukawa11",
            "Shuuka",
            "channina",
            "gaaw"
        ]
    },
    {
        "animeEng": "Hinomaru Sumo",
        "animeRomaji": "Hinomaru Zumou",
        "songName": "FIRE GROUND",
        "artist": "Official HIGE DANdism",
        "type": "Opening 1",
        "correctCount": 68,
        "startTime": 52,
        "songDuration": 89.389484,
        "songNumber": 53,
        "activePlayerCount": 185,
        "LinkVideo": "https://files.catbox.moe/575bbg.webm",
        "LinkMp3": "https://files.catbox.moe/57rvu8.mp3",
        "annId": 20760,
        "songDifficulty": 32.13682551422936,
        "vintage": "Fall 2018"
    },
    {
        "animeEng": "Daphne in the Brilliant Blue",
        "animeRomaji": "Hikari to Mizu no Daphne",
        "songName": "Asu no Blue Wing",
        "artist": "Sae",
        "type": "Opening 1",
        "correctCount": 11,
        "startTime": 36,
        "songDuration": 89.544,
        "songNumber": 54,
        "activePlayerCount": 184,
        "LinkVideo": "https://files.catbox.moe/us3egp.webm",
        "LinkMp3": "https://files.catbox.moe/jlfdb8.mp3",
        "annId": 3250,
        "songDifficulty": 15.88565745021337,
        "vintage": "Winter 2004"
    },
    {
        "animeEng": "Megalobox 2: Nomad",
        "animeRomaji": "Megalobox 2: Nomad",
        "songName": "El Canto del Colibr\u00ed",
        "artist": "mabanua",
        "type": "Ending 1",
        "correctCount": 49,
        "startTime": 3,
        "songDuration": 83.4,
        "songNumber": 55,
        "activePlayerCount": 184,
        "LinkVideo": "https://files.catbox.moe/79uvft.webm",
        "LinkMp3": "https://files.catbox.moe/d18sk5.mp3",
        "annId": 23970,
        "songDifficulty": 40.013694823753575,
        "vintage": "Spring 2021"
    },
    {
        "animeEng": "My Love Story!!",
        "animeRomaji": "Ore Monogatari!!",
        "songName": "Miraikei Answer",
        "artist": "TRUSTRICK",
        "type": "Opening 1",
        "correctCount": 88,
        "startTime": 58,
        "songDuration": 89.064,
        "songNumber": 56,
        "activePlayerCount": 184,
        "LinkVideo": "https://files.catbox.moe/yb6py0.webm",
        "LinkMp3": "https://files.catbox.moe/sh1bnq.mp3",
        "annId": 16514,
        "songDifficulty": 25.44279096157236,
        "vintage": "Spring 2015"
    },
    {
        "animeEng": "Cobra The Animation: The Psychogun",
        "animeRomaji": "Cobra The Animation: The Psychogun",
        "songName": "Wanderer",
        "artist": "Shigeru Matsuzaki",
        "type": "Ending 1",
        "correctCount": 4,
        "startTime": 55,
        "songDuration": 89.304,
        "songNumber": 57,
        "activePlayerCount": 182,
        "LinkVideo": "https://files.catbox.moe/cpwoze.webm",
        "LinkMp3": "https://files.catbox.moe/ljuxd2.mp3",
        "annId": 9202,
        "songDifficulty": 6.549734667473033,
        "vintage": "Summer 2008",
        "correctPlayers": [
            "Zylda",
            "Szafa",
            "likejaxirl",
            "Diukes"
        ]
    },
    {
        "animeEng": "Patlabor The Mobile Police",
        "animeRomaji": "Kidou Keisatsu Patlabor",
        "songName": "Miraiha Lovers",
        "artist": "Hiroko Kasahara",
        "type": "Opening 1",
        "correctCount": 36,
        "startTime": 59,
        "songDuration": 91.16578,
        "songNumber": 58,
        "activePlayerCount": 183,
        "LinkVideo": "https://files.catbox.moe/wslza7.webm",
        "LinkMp3": "https://files.catbox.moe/kknl1l.mp3",
        "annId": 408,
        "songDifficulty": 23.992018669397,
        "vintage": "Spring 1988"
    },
    {
        "animeEng": "Orange: Mirai",
        "animeRomaji": "Orange: Mirai",
        "songName": "Mirai",
        "artist": "Kobukuro",
        "type": "Insert Song",
        "correctCount": 58,
        "startTime": 154,
        "songDuration": 304.45191,
        "songNumber": 59,
        "activePlayerCount": 183,
        "LinkVideo": "https://files.catbox.moe/sacu74.webm",
        "LinkMp3": "https://files.catbox.moe/2w00z7.mp3",
        "annId": 18756,
        "songDifficulty": 23.894081339079353,
        "vintage": "Fall 2016"
    },
    {
        "animeEng": "Kaiba",
        "animeRomaji": "Kaiba",
        "songName": "Never",
        "artist": "Seira Kagami",
        "type": "Opening 1",
        "correctCount": 54,
        "startTime": 22,
        "songDuration": 88.344,
        "songNumber": 60,
        "activePlayerCount": 183,
        "LinkVideo": "https://files.catbox.moe/idgww8.webm",
        "LinkMp3": "https://files.catbox.moe/xw3d8l.mp3",
        "annId": 9178,
        "songDifficulty": 28.205935103642464,
        "vintage": "Spring 2008"
    },
    {
        "animeEng": "Teekyuu",
        "animeRomaji": "Teekyuu",
        "songName": "Tottemo Safari",
        "artist": "Earth Star Dream",
        "type": "Opening 1",
        "correctCount": 109,
        "startTime": 1,
        "songDuration": 30.048,
        "songNumber": 61,
        "activePlayerCount": 182,
        "LinkVideo": "https://files.catbox.moe/nqitgy.webm",
        "LinkMp3": "https://files.catbox.moe/b95ezr.mp3",
        "annId": 17543,
        "songDifficulty": 44.98418711126469,
        "vintage": "Fall 2015"
    },
    {
        "animeEng": "Mask of Zeguy",
        "animeRomaji": "Unkai no Meikyuu Zeguy",
        "songName": "Jikan no Meikyuu",
        "artist": "Chisa Yokoyama",
        "type": "Ending 1",
        "correctCount": 2,
        "startTime": 2,
        "songDuration": 153.07492,
        "songNumber": 62,
        "activePlayerCount": 184,
        "LinkVideo": "https://files.catbox.moe/cbakhn.webm",
        "LinkMp3": "https://files.catbox.moe/c7g9az.mp3",
        "annId": 962,
        "songDifficulty": 6.858715359669811,
        "vintage": "Spring 1993",
        "correctPlayers": [
            "AKl",
            "Janoxx"
        ]
    },
    {
        "animeEng": "Higurashi: When They Cry - Gou",
        "animeRomaji": "Higurashi no Naku Koro ni Gou",
        "songName": "Higurashi no Naku Koro ni",
        "artist": "Eiko Shimamiya",
        "type": "Ending 1",
        "correctCount": 152,
        "startTime": 39,
        "songDuration": 90.12,
        "songNumber": 63,
        "activePlayerCount": 183,
        "LinkVideo": "https://files.catbox.moe/qdyctu.webm",
        "LinkMp3": "https://files.catbox.moe/50gq0p.mp3",
        "annId": 23297,
        "songDifficulty": 53.613566053511704,
        "vintage": "Fall 2020"
    },
    {
        "animeEng": "Fujilog Season 2",
        "animeRomaji": "Fujilog Season 2",
        "songName": "Andante",
        "artist": "Utau Kitchen",
        "type": "Opening 1",
        "correctCount": 18,
        "startTime": 1,
        "songDuration": 29.088,
        "songNumber": 64,
        "activePlayerCount": 183,
        "LinkVideo": "https://files.catbox.moe/2xjo6o.webm",
        "LinkMp3": "https://files.catbox.moe/us4i5a.mp3",
        "annId": 13537,
        "songDifficulty": 19.893544941367267,
        "vintage": "Fall 2011"
    },
    {
        "animeEng": "Afro Samurai",
        "animeRomaji": "Afro Samurai",
        "songName": "AFRO THEME",
        "artist": "THE RZA",
        "type": "Opening 1",
        "correctCount": 108,
        "startTime": 1,
        "songDuration": 29.568,
        "songNumber": 65,
        "activePlayerCount": 183,
        "LinkVideo": "https://files.catbox.moe/9o3hj5.webm",
        "LinkMp3": "https://files.catbox.moe/6nloxy.mp3",
        "annId": 5275,
        "songDifficulty": 43.22318996227997,
        "vintage": "Winter 2007"
    },
    {
        "animeEng": "Precure All Stars DX2: Kibou no Hikari\u2606Rainbow Jewel o Mamore!",
        "animeRomaji": "Precure All Stars DX2: Kibou no Hikari\u2606Rainbow Jewel o Mamore!",
        "songName": "17jewels~Precure Medley 2010~",
        "artist": "Aya Ikeda & Mayu Kudou feat. Young Fresh",
        "type": "Ending 1",
        "correctCount": 7,
        "startTime": 93,
        "songDuration": 231.528,
        "songNumber": 66,
        "activePlayerCount": 182,
        "LinkVideo": "https://files.catbox.moe/q48vlq.webm",
        "LinkMp3": "https://files.catbox.moe/kgqhs6.mp3",
        "annId": 11203,
        "songDifficulty": 15.983971281424582,
        "vintage": "Winter 2010"
    },
    {
        "animeEng": "Magical Girl Lyrical Nanoha",
        "animeRomaji": "Mahou Shoujo Lyrical Nanoha",
        "songName": "Little Wish ~lyrical step~",
        "artist": "Yukari Tamura",
        "type": "Ending 1",
        "correctCount": 32,
        "startTime": 31,
        "songDuration": 105.48,
        "songNumber": 67,
        "activePlayerCount": 181,
        "LinkVideo": "https://files.catbox.moe/67tt0e.webm",
        "LinkMp3": "https://files.catbox.moe/3bc58j.mp3",
        "annId": 4576,
        "songDifficulty": 29.879419879689276,
        "vintage": "Fall 2004"
    },
    {
        "animeEng": "Gintama: The Final Chapter - Be Forever Yorozuya",
        "animeRomaji": "Gekijouban Gintama Kanketsu-hen: Yorozuya yo Eien Nare",
        "songName": "Pray",
        "artist": "Tommy heavenly\u2076",
        "type": "Ending 2",
        "correctCount": 128,
        "startTime": 26,
        "songDuration": 89.064,
        "songNumber": 68,
        "activePlayerCount": 182,
        "LinkVideo": "https://files.catbox.moe/i6u58c.webm",
        "LinkMp3": "https://files.catbox.moe/2vrwmj.mp3",
        "annId": 14996,
        "songDifficulty": 49.908580120990436,
        "vintage": "Summer 2013"
    },
    {
        "animeEng": "Lucky Star",
        "animeRomaji": "Lucky Star",
        "songName": "Makenaide",
        "artist": "Aya Hirano, Emiri Katou, Kaori Fukuhara, Aya Endo",
        "type": "Ending 12",
        "correctCount": 142,
        "startTime": 44,
        "songDuration": 89.376,
        "songNumber": 69,
        "activePlayerCount": 182,
        "LinkVideo": "https://files.catbox.moe/h6tnm3.webm",
        "LinkMp3": "https://files.catbox.moe/eag2tu.mp3",
        "annId": 7222,
        "songDifficulty": 65.21250404705374,
        "vintage": "Spring 2007"
    },
    {
        "animeEng": "Gokujou!! Mecha Mote Iinchou",
        "animeRomaji": "Gokujou!! Mecha Mote Iinchou",
        "songName": "Genki ni Nare!",
        "artist": "Mana Ogawa with MM Gakuen Gasshou-bu",
        "type": "Opening 3",
        "correctCount": 5,
        "startTime": 49,
        "songDuration": 89.520094,
        "songNumber": 70,
        "activePlayerCount": 182,
        "LinkVideo": "https://files.catbox.moe/zpgq9v.webm",
        "LinkMp3": "https://files.catbox.moe/gqyvk8.mp3",
        "annId": 10617,
        "songDifficulty": 15.321383857028389,
        "vintage": "Spring 2009",
        "correctPlayers": [
            "Rukawa11",
            "Nnemui",
            "shadowpandax",
            "kaghey",
            "Luchia"
        ]
    },
    {
        "animeEng": "Genius Party",
        "animeRomaji": "Genius Party",
        "songName": "Genius Party Opening Theme",
        "artist": "Kaoru Inoue",
        "type": "Opening 1",
        "correctCount": 15,
        "startTime": 232,
        "songDuration": 312.048,
        "songNumber": 71,
        "activePlayerCount": 182,
        "LinkVideo": "https://files.catbox.moe/jc4h2t.webm",
        "LinkMp3": "https://files.catbox.moe/7zn6b9.mp3",
        "annId": 5844,
        "songDifficulty": 17.676891917913732,
        "vintage": "Summer 2007"
    },
    {
        "animeEng": "Back Street Girls: Gokudolls",
        "animeRomaji": "Back Street Girls: Gokudolls",
        "songName": "Gokudoll Music",
        "artist": "Gokudolls Niji-gumi",
        "type": "Opening 1",
        "correctCount": 81,
        "startTime": 42,
        "songDuration": 89.304,
        "songNumber": 72,
        "activePlayerCount": 180,
        "LinkVideo": "https://files.catbox.moe/y8vh0l.webm",
        "LinkMp3": "https://files.catbox.moe/lnk5ni.mp3",
        "annId": 20851,
        "songDifficulty": 31.316293143386613,
        "vintage": "Summer 2018"
    },
    {
        "animeEng": "Vandread Integral",
        "animeRomaji": "Vandread Taidou-hen",
        "songName": "TRUST",
        "artist": "Salia",
        "type": "Insert Song",
        "correctCount": 50,
        "startTime": 18,
        "songDuration": 199.632,
        "songNumber": 73,
        "activePlayerCount": 180,
        "LinkVideo": "https://files.catbox.moe/zs8sko.webm",
        "LinkMp3": "https://files.catbox.moe/k0823o.mp3",
        "annId": 2937,
        "songDifficulty": 17.461563974056602,
        "vintage": "Fall 2001"
    },
    {
        "animeEng": "I and Myself: The Two Lottes",
        "animeRomaji": "Watashi to Watashi: Futari no Lotte",
        "songName": "Tsuioku no Heroine",
        "artist": "Wink",
        "type": "Ending 1",
        "correctCount": 3,
        "startTime": 4,
        "songDuration": 84.168,
        "songNumber": 74,
        "activePlayerCount": 180,
        "LinkVideo": "https://files.catbox.moe/sd6j3s.webm",
        "LinkMp3": "https://files.catbox.moe/z6trfk.mp3",
        "annId": 2003,
        "songDifficulty": 15.244709317646329,
        "vintage": "Fall 1991",
        "correctPlayers": [
            "Chemist",
            "AKl",
            "ozsauce"
        ]
    },
    {
        "animeEng": "Gekijouban gdgd Fairies tte Iu Eiga wa Dou kana\u2026?",
        "animeRomaji": "Gekijouban gdgd Fairies tte Iu Eiga wa Dou kana\u2026?",
        "songName": "W.W.D",
        "artist": "Dempagumi.inc",
        "type": "Insert Song",
        "correctCount": 22,
        "startTime": 0,
        "songDuration": 20.904,
        "songNumber": 75,
        "activePlayerCount": 180,
        "LinkVideo": "https://files.catbox.moe/wsvmdj.webm",
        "LinkMp3": "https://files.catbox.moe/9mvilb.mp3",
        "annId": 16274,
        "songDifficulty": 26.103495896464647,
        "vintage": "Summer 2014"
    },
    {
        "animeEng": "Crush Gear Nitro",
        "animeRomaji": "Crush Gear Nitro",
        "songName": "VOICE",
        "artist": "Mami Nakazato",
        "type": "Ending 1",
        "correctCount": 3,
        "startTime": 46,
        "songDuration": 89.4,
        "songNumber": 76,
        "activePlayerCount": 181,
        "LinkVideo": "https://files.catbox.moe/g9u7yy.webm",
        "LinkMp3": "https://files.catbox.moe/bf4owr.mp3",
        "annId": 40,
        "songDifficulty": 5.648558216983093,
        "vintage": "Winter 2003",
        "correctPlayers": [
            "vovoxpertz",
            "peepis",
            "ozsauce"
        ]
    },
    {
        "animeEng": "Boku no Imouto wa \"Osaka Okan\"",
        "animeRomaji": "Boku no Imouto wa \"Osaka Okan\"",
        "songName": "Negiri no Ballad",
        "artist": "Kana Asumi",
        "type": "Ending 6",
        "correctCount": 42,
        "startTime": 0,
        "songDuration": 24.816,
        "songNumber": 77,
        "activePlayerCount": 181,
        "LinkVideo": "https://files.catbox.moe/ejg2cq.webm",
        "LinkMp3": "https://files.catbox.moe/5he454.mp3",
        "annId": 14906,
        "songDifficulty": 35.668499957074175,
        "vintage": "Fall 2012"
    },
    {
        "animeEng": "D.C.: Da Capo",
        "animeRomaji": "D.C.: Da Capo",
        "songName": "Yume-iro no Tameiki",
        "artist": "rino",
        "type": "Insert Song",
        "correctCount": 6,
        "startTime": 44,
        "songDuration": 98.856,
        "songNumber": 78,
        "activePlayerCount": 181,
        "LinkVideo": "https://files.catbox.moe/pwo2le.webm",
        "LinkMp3": "https://files.catbox.moe/46dl9b.mp3",
        "annId": 2670,
        "songDifficulty": 15.028833550347223,
        "vintage": "Summer 2003"
    },
    {
        "animeEng": "Uzaki-chan Wants to Hang Out!",
        "animeRomaji": "Uzaki-chan wa Asobitai!",
        "songName": "Nadamesukashi Negotiation",
        "artist": "Kano to Uzaki-chan",
        "type": "Opening 1",
        "correctCount": 76,
        "startTime": 33,
        "songDuration": 87.792,
        "songNumber": 79,
        "activePlayerCount": 181,
        "LinkVideo": "https://files.catbox.moe/w7dtuf.webm",
        "LinkMp3": "https://files.catbox.moe/6z9bu6.mp3",
        "annId": 23371,
        "songDifficulty": 27.494989854047212,
        "vintage": "Summer 2020"
    },
    {
        "animeEng": "Hyperdimension Neptunia Hi\u2606Light",
        "animeRomaji": "Choujigen Game Neptune Hi\u2606Light",
        "songName": "Kirihirake! Roleplay\u2606Star Girl",
        "artist": "nao",
        "type": "Insert Song",
        "correctCount": 12,
        "startTime": 17,
        "songDuration": 96.048,
        "songNumber": 80,
        "activePlayerCount": 183,
        "LinkVideo": "https://files.catbox.moe/enk2jx.webm",
        "LinkMp3": "https://files.catbox.moe/lfvoer.mp3",
        "annId": 23800,
        "songDifficulty": 15.893108641547995,
        "vintage": "Spring 2020"
    },
    {
        "animeEng": "Yuruyuri - Happy Go Lily",
        "animeRomaji": "Yuru Yuri",
        "songName": "Yuriyurarararayuruyuri Daijiken",
        "artist": "Nanamori Chuu\u2606Goraku-bu",
        "type": "Opening 1",
        "correctCount": 76,
        "startTime": 21,
        "songDuration": 90.096,
        "songNumber": 81,
        "activePlayerCount": 182,
        "LinkVideo": "https://files.catbox.moe/4kqpxk.webm",
        "LinkMp3": "https://files.catbox.moe/1l86tl.mp3",
        "annId": 12828,
        "songDifficulty": 42.048369847031374,
        "vintage": "Summer 2011"
    },
    {
        "animeEng": "Ponyo on the Cliff by the Sea",
        "animeRomaji": "Gake no Ue no Ponyo",
        "songName": "Gake no Ue no Ponyo",
        "artist": "Fujioka Fujimaki & Nozomi Oohashi",
        "type": "Ending 1",
        "correctCount": 164,
        "startTime": 61,
        "songDuration": 91.968,
        "songNumber": 82,
        "activePlayerCount": 183,
        "LinkVideo": "https://files.catbox.moe/klxepk.webm",
        "LinkMp3": "https://files.catbox.moe/y6ewfp.mp3",
        "annId": 7814,
        "songDifficulty": 50.77765650741351,
        "vintage": "Summer 2008"
    },
    {
        "animeEng": "Kono Oto Tomare!: Sounds of Life",
        "animeRomaji": "Kono Oto Tomare!",
        "songName": "Tone",
        "artist": "Shouta Aoi",
        "type": "Ending 2",
        "correctCount": 96,
        "startTime": 30,
        "songDuration": 88.968,
        "songNumber": 83,
        "activePlayerCount": 183,
        "LinkVideo": "https://files.catbox.moe/icc163.webm",
        "LinkMp3": "https://files.catbox.moe/p595x3.mp3",
        "annId": 22389,
        "songDifficulty": 38.80123457516955,
        "vintage": "Fall 2019"
    },
    {
        "animeEng": "Digimon Adventure tri. Chapter 2: Determination",
        "animeRomaji": "Digimon Adventure tri. Ketsui",
        "songName": "Seven ~tri.Version~",
        "artist": "Kouji Wada",
        "type": "Ending 1",
        "correctCount": 18,
        "startTime": 180,
        "songDuration": 248.315732,
        "songNumber": 84,
        "activePlayerCount": 183,
        "LinkVideo": "https://files.catbox.moe/1mhxly.webm",
        "LinkMp3": "https://files.catbox.moe/xxd3yx.mp3",
        "annId": 17848,
        "songDifficulty": 11.37434860237835,
        "vintage": "Winter 2016"
    },
    {
        "animeEng": "Pok\u00e9mon: Pikachu's PikaBoo",
        "animeRomaji": "Pikachu no Doki-Doki Kakurenbo",
        "songName": "Manatsu no Daisakusen!",
        "artist": "Kumiko Endo",
        "type": "Ending 1",
        "correctCount": 1,
        "startTime": 164,
        "songDuration": 201.24,
        "songNumber": 85,
        "activePlayerCount": 183,
        "LinkVideo": "https://files.catbox.moe/bogkho.webm",
        "LinkMp3": "https://files.catbox.moe/vholib.mp3",
        "annId": 4620,
        "songDifficulty": 12.40911222006733,
        "vintage": "Summer 2001",
        "correctPlayers": [
            "ozsauce"
        ]
    }
]