[
    {
        "animeEng": "G-Best",
        "animeRomaji": "G-Taste",
        "songName": "JOKER",
        "artist": "Yui Sakakibara",
        "type": "Opening 1",
        "correctCount": 11,
        "startTime": 29,
        "songDuration": 89.520094,
        "songNumber": 1,
        "activePlayerCount": 162,
        "LinkVideo": "https://files.catbox.moe/w7y0ym.webm",
        "LinkMp3": "https://files.catbox.moe/ovtlrg.mp3",
        "annId": 11728,
        "songDifficulty": 16.464812508062437,
        "vintage": "Fall 2010"
    },
    {
        "animeEng": "Ebiten: Ebisugawa Public High School's Tenmonbu",
        "animeRomaji": "Ebiten: Kouritsu Ebisugawa Koukou Tenmon-Bu",
        "songName": "Ultra Seven no Uta",
        "artist": "Midori Tsukimiya & Risako Murai",
        "type": "Ending 3",
        "correctCount": 9,
        "startTime": 29,
        "songDuration": 88.464,
        "songNumber": 2,
        "activePlayerCount": 171,
        "LinkVideo": "https://files.catbox.moe/d71boy.webm",
        "LinkMp3": "https://files.catbox.moe/efuy8m.mp3",
        "annId": 14081,
        "songDifficulty": 20.715129446476062,
        "vintage": "Summer 2012"
    },
    {
        "animeEng": "Girls und Panzer das Finale",
        "animeRomaji": "Girls und Panzer das Finale",
        "songName": "Oira Boko Daze!",
        "artist": "Ayumi Fujimura",
        "type": "Insert Song",
        "correctCount": 56,
        "startTime": 0,
        "songDuration": 113.736,
        "songNumber": 3,
        "activePlayerCount": 177,
        "LinkVideo": "https://files.catbox.moe/dag6ww.webm",
        "LinkMp3": "https://files.catbox.moe/y7vtfx.mp3",
        "annId": 19354,
        "songDifficulty": 31.74548219959561,
        "vintage": "Fall 2017"
    },
    {
        "animeEng": "Symphogear",
        "animeRomaji": "Senki Zesshou Symphogear",
        "songName": "Synchrogazer",
        "artist": "Nana Mizuki",
        "type": "Opening 1",
        "correctCount": 74,
        "startTime": 59,
        "songDuration": 89.568,
        "songNumber": 4,
        "activePlayerCount": 181,
        "LinkVideo": "https://files.catbox.moe/3q0aqk.webm",
        "LinkMp3": "https://files.catbox.moe/x1w54c.mp3",
        "annId": 13659,
        "songDifficulty": 39.11398431020182,
        "vintage": "Winter 2012"
    },
    {
        "animeEng": ".hack//GIFT",
        "animeRomaji": ".hack//GIFT",
        "songName": "Kimi ga Ita Monogatari",
        "artist": "See-Saw",
        "type": "Insert Song",
        "correctCount": 17,
        "startTime": 3,
        "songDuration": 40.392,
        "songNumber": 5,
        "activePlayerCount": 182,
        "LinkVideo": "https://files.catbox.moe/cx7rhi.webm",
        "LinkMp3": "https://files.catbox.moe/nda20l.mp3",
        "annId": 3613,
        "songDifficulty": 18.71503205577354,
        "vintage": "Fall 2003"
    },
    {
        "animeEng": "given",
        "animeRomaji": "given",
        "songName": "Marutsuke -Piano ver.-",
        "artist": "centimillimental",
        "type": "Ending 1",
        "correctCount": 46,
        "startTime": 9,
        "songDuration": 88.272,
        "songNumber": 6,
        "activePlayerCount": 185,
        "LinkVideo": "https://files.catbox.moe/f6q86k.webm",
        "LinkMp3": "https://files.catbox.moe/smblng.mp3",
        "annId": 21958,
        "songDifficulty": 26.599792302334837,
        "vintage": "Summer 2019"
    },
    {
        "animeEng": "Tales of Zestiria the X",
        "animeRomaji": "Tales of Zestiria the X",
        "songName": "White Light",
        "artist": "Superfly",
        "type": "Insert Song",
        "correctCount": 72,
        "startTime": 7,
        "songDuration": 129.72,
        "songNumber": 7,
        "activePlayerCount": 191,
        "LinkVideo": "https://files.catbox.moe/vmcvey.webm",
        "LinkMp3": "https://files.catbox.moe/1c76fa.mp3",
        "annId": 18072,
        "songDifficulty": 31.10802445202647,
        "vintage": "Summer 2016"
    },
    {
        "animeEng": "Natsu no Arashi!",
        "animeRomaji": "Natsu no Arashi!",
        "songName": "Kuro Neko no Tango",
        "artist": "Ai Nonaka",
        "type": "Insert Song",
        "correctCount": 13,
        "startTime": 28,
        "songDuration": 76.584,
        "songNumber": 8,
        "activePlayerCount": 195,
        "LinkVideo": "https://files.catbox.moe/swz1r9.webm",
        "LinkMp3": "https://files.catbox.moe/gpoy6p.mp3",
        "annId": 10464,
        "songDifficulty": 13.617073652040155,
        "vintage": "Spring 2009"
    },
    {
        "animeEng": "Please Twins!",
        "animeRomaji": "Onegai\u2606Twins",
        "songName": "Second Flight",
        "artist": "KOTOKO & Hiromi Satou",
        "type": "Opening 1",
        "correctCount": 37,
        "startTime": 12,
        "songDuration": 111.648,
        "songNumber": 9,
        "activePlayerCount": 194,
        "LinkVideo": "https://files.catbox.moe/ywkgng.webm",
        "LinkMp3": "https://files.catbox.moe/dl3wqv.mp3",
        "annId": 3812,
        "songDifficulty": 25.484867364844682,
        "vintage": "Spring 2004"
    },
    {
        "animeEng": "Cardcaptor Sakura Video Diary",
        "animeRomaji": "Suteki desu wa, Sakura-chan! Tomoyo no Cardcaptor Sakura Katsuyaku Video Nikki!",
        "songName": "Catch You Catch Me (Sakura Version)",
        "artist": "Sakura Tange",
        "type": "Insert Song",
        "correctCount": 55,
        "startTime": 43,
        "songDuration": 80.328,
        "songNumber": 10,
        "activePlayerCount": 195,
        "LinkVideo": "https://files.catbox.moe/p6qedu.webm",
        "LinkMp3": "https://files.catbox.moe/ol4m1m.mp3",
        "annId": 8498,
        "songDifficulty": 20.632363675820706,
        "vintage": "Winter 2000"
    },
    {
        "animeEng": "Little Lord Fauntleroy",
        "animeRomaji": "Shoukoushi Cedie",
        "songName": "Bokura no Cedie",
        "artist": "Hikaru Nishida",
        "type": "Opening 1",
        "correctCount": 4,
        "startTime": 30,
        "songDuration": 82.344,
        "songNumber": 11,
        "activePlayerCount": 197,
        "LinkVideo": "https://files.catbox.moe/bm8psb.webm",
        "LinkMp3": "https://files.catbox.moe/qtth9r.mp3",
        "annId": 2077,
        "songDifficulty": 7.17901049654908,
        "vintage": "Winter 1988",
        "correctPlayers": [
            "Hooman",
            "watashiii",
            "Rukawa11",
            "Orfey"
        ]
    },
    {
        "animeEng": "Kono Aozora ni Yakusoku o: Youkoso Tsugumi-ryou e",
        "animeRomaji": "Kono Aozora ni Yakusoku o: Youkoso Tsugumi-ryou e",
        "songName": "Aozora no Fantasia",
        "artist": "Ayumi Murata",
        "type": "Ending 1",
        "correctCount": 5,
        "startTime": 45,
        "songDuration": 87.552,
        "songNumber": 12,
        "activePlayerCount": 198,
        "LinkVideo": "https://files.catbox.moe/vmuzep.webm",
        "LinkMp3": "https://files.catbox.moe/uq3omq.mp3",
        "annId": 7687,
        "songDifficulty": 9.07702723704721,
        "vintage": "Spring 2007",
        "correctPlayers": [
            "watashiii",
            "Delete",
            "gaaw",
            "Zefew26gas",
            "Kryuell"
        ]
    },
    {
        "animeEng": "selector infected WIXOSS",
        "animeRomaji": "selector infected WIXOSS",
        "songName": "killy killy JOKER",
        "artist": "Kanon Wakeshima",
        "type": "Opening 1",
        "correctCount": 72,
        "startTime": 18,
        "songDuration": 89.568,
        "songNumber": 13,
        "activePlayerCount": 199,
        "LinkVideo": "https://files.catbox.moe/mjeupf.webm",
        "LinkMp3": "https://files.catbox.moe/c7ga3l.mp3",
        "annId": 15894,
        "songDifficulty": 28.944780880177515,
        "vintage": "Spring 2014"
    },
    {
        "animeEng": "Mushoku Tensei: Jobless Reincarnation",
        "animeRomaji": "Mushoku Tensei: Isekai Ittara Honki Dasu",
        "songName": "Tabibito no Uta ~Kikyou~",
        "artist": "Yuiko Ohara",
        "type": "Opening 5",
        "correctCount": 128,
        "startTime": 9,
        "songDuration": 59.28,
        "songNumber": 14,
        "activePlayerCount": 199,
        "LinkVideo": "https://files.catbox.moe/rh97cc.webm",
        "LinkMp3": "https://files.catbox.moe/jw6fir.mp3",
        "annId": 24164,
        "songDifficulty": 54.725549503058105,
        "vintage": null
    },
    {
        "animeEng": "Saint Seiya: Soul of Gold",
        "animeRomaji": "Saint Seiya: Soul of Gold",
        "songName": "Soldier Dream",
        "artist": "ROOT FIVE",
        "type": "Opening 1",
        "correctCount": 36,
        "startTime": 59,
        "songDuration": 88.896,
        "songNumber": 15,
        "activePlayerCount": 201,
        "LinkVideo": "https://files.catbox.moe/5q5yd5.webm",
        "LinkMp3": "https://files.catbox.moe/hamdzw.mp3",
        "annId": 16592,
        "songDifficulty": 25.154097775953723,
        "vintage": "Spring 2015"
    },
    {
        "animeEng": "Code:Breaker",
        "animeRomaji": "Code:Breaker",
        "songName": "DARK SHAME",
        "artist": "GRANRODEO",
        "type": "Insert Song",
        "correctCount": 77,
        "startTime": 20,
        "songDuration": 88.449092,
        "songNumber": 16,
        "activePlayerCount": 201,
        "LinkVideo": "https://files.catbox.moe/78j2ui.webm",
        "LinkMp3": "https://files.catbox.moe/6d84ub.mp3",
        "annId": 13618,
        "songDifficulty": 32.56094724444143,
        "vintage": "Fall 2012"
    },
    {
        "animeEng": "Sword Art Online",
        "animeRomaji": "Sword Art Online",
        "songName": "Overfly",
        "artist": "Luna Haruna",
        "type": "Ending 2",
        "correctCount": 131,
        "startTime": 57,
        "songDuration": 90.014094,
        "songNumber": 17,
        "activePlayerCount": 202,
        "LinkVideo": "https://files.catbox.moe/79tw9e.webm",
        "LinkMp3": "https://files.catbox.moe/6ldw33.mp3",
        "annId": 13858,
        "songDifficulty": 27.901690391459073,
        "vintage": "Summer 2012"
    },
    {
        "animeEng": "Persona: Trinity Soul",
        "animeRomaji": "Persona: Trinity Soul",
        "songName": "Burn My Dread",
        "artist": "Yumi Kawamura",
        "type": "Insert Song",
        "correctCount": 131,
        "startTime": 0,
        "songDuration": 24.24,
        "songNumber": 18,
        "activePlayerCount": 201,
        "LinkVideo": "https://files.catbox.moe/iekzw1.webm",
        "LinkMp3": "https://files.catbox.moe/5oye09.mp3",
        "annId": 8950,
        "songDifficulty": 43.182212990936556,
        "vintage": "Winter 2008"
    },
    {
        "animeEng": "Kite Liberator",
        "animeRomaji": "Kite Liberator",
        "songName": "Hello my star",
        "artist": "Marina Inoue",
        "type": "Insert Song",
        "correctCount": 28,
        "startTime": 0,
        "songDuration": 28.248,
        "songNumber": 19,
        "activePlayerCount": 202,
        "LinkVideo": "https://files.catbox.moe/5uhb96.webm",
        "LinkMp3": "https://files.catbox.moe/09o01o.mp3",
        "annId": 7867,
        "songDifficulty": 13.54354301292407,
        "vintage": "Winter 2008"
    },
    {
        "animeEng": "Yuruyuri: Happy Go Lily",
        "animeRomaji": "Yuru Yuri",
        "songName": "My Pace de Ikimashou",
        "artist": "Nanamori Chuu\u2606Goraku-bu",
        "type": "Ending 1",
        "correctCount": 75,
        "startTime": 28,
        "songDuration": 88.608,
        "songNumber": 20,
        "activePlayerCount": 207,
        "LinkVideo": "https://files.catbox.moe/g2vpwj.webm",
        "LinkMp3": "https://files.catbox.moe/x8ez2f.mp3",
        "annId": 12828,
        "songDifficulty": 36.88856224864487,
        "vintage": "Summer 2011"
    },
    {
        "animeEng": "gdgd Fairies",
        "animeRomaji": "gdgd Fairies",
        "songName": "Oide yo! Yousei no Mori",
        "artist": "gdgd Fairies",
        "type": "Opening 1",
        "correctCount": 101,
        "startTime": 13,
        "songDuration": 50.376,
        "songNumber": 21,
        "activePlayerCount": 207,
        "LinkVideo": "https://files.catbox.moe/9e74dl.webm",
        "LinkMp3": "https://files.catbox.moe/1bxji1.mp3",
        "annId": 13451,
        "songDifficulty": 34.11584864687154,
        "vintage": "Fall 2011"
    },
    {
        "animeEng": "Valkyria Chronicles 3: Unrecorded Chronicles",
        "animeRomaji": "Senjou no Valkyria 3: Ta ga Tame no Juusou",
        "songName": "Kaze wo Ou Heishi no Uta",
        "artist": "JAM Project",
        "type": "Insert Song",
        "correctCount": 3,
        "startTime": 66,
        "songDuration": 128.28,
        "songNumber": 22,
        "activePlayerCount": 207,
        "LinkVideo": "https://files.catbox.moe/4luky1.webm",
        "LinkMp3": "https://files.catbox.moe/mpn37s.mp3",
        "annId": 12156,
        "songDifficulty": 3.1349874406852978,
        "vintage": "Winter 2011",
        "correctPlayers": [
            "Zylda",
            "asleep",
            "Megu29"
        ]
    },
    {
        "animeEng": "AKB0048 Next Stage",
        "animeRomaji": "AKB0048 Next Stage",
        "songName": "Kono Namida wo Kimi ni Sasagu",
        "artist": "NO NAME",
        "type": "Insert Song",
        "correctCount": 42,
        "startTime": 118,
        "songDuration": 166.272,
        "songNumber": 23,
        "activePlayerCount": 209,
        "LinkVideo": "https://files.catbox.moe/869el0.webm",
        "LinkMp3": "https://files.catbox.moe/orap2p.mp3",
        "annId": 14873,
        "songDifficulty": 38.8236572265625,
        "vintage": "Winter 2013"
    },
    {
        "animeEng": "Super Robot Wars Original Generation: Divine Wars",
        "animeRomaji": "Super Robot Taisen OG: Divine Wars",
        "songName": "Mou Ai Shika Iranai",
        "artist": "Aki Misato",
        "type": "Ending 2",
        "correctCount": 2,
        "startTime": 46,
        "songDuration": 88.16175,
        "songNumber": 24,
        "activePlayerCount": 211,
        "LinkVideo": "https://files.catbox.moe/bdlwnl.webm",
        "LinkMp3": "https://files.catbox.moe/rs8tz9.mp3",
        "annId": 6535,
        "songDifficulty": 8.083332429108797,
        "vintage": "Fall 2006",
        "correctPlayers": [
            "watashiii",
            "asleep"
        ]
    },
    {
        "animeEng": "Macross Delta",
        "animeRomaji": "Macross \u0394",
        "songName": "AXIA ~Daisuki de Daikirai~",
        "artist": "Walk\u00fcre",
        "type": "Ending 3",
        "correctCount": 50,
        "startTime": 32,
        "songDuration": 84.048,
        "songNumber": 25,
        "activePlayerCount": 212,
        "LinkVideo": "https://files.catbox.moe/rzjlfg.webm",
        "LinkMp3": "https://files.catbox.moe/5i1alj.mp3",
        "annId": 17762,
        "songDifficulty": 33.713709105521936,
        "vintage": "Spring 2016"
    },
    {
        "animeEng": "Robot King Daioja",
        "animeRomaji": "Saikyou Robo Daiouja",
        "songName": "Saikyo Robo Daiohja",
        "artist": "Isao Taira",
        "type": "Opening 1",
        "correctCount": 5,
        "startTime": 11,
        "songDuration": 87.888,
        "songNumber": 26,
        "activePlayerCount": 212,
        "LinkVideo": "https://files.catbox.moe/sj2pe8.webm",
        "LinkMp3": "https://files.catbox.moe/6hlc4a.mp3",
        "annId": 2461,
        "songDifficulty": 6.967297284671113,
        "vintage": "Winter 1981",
        "correctPlayers": [
            "Hooman",
            "NicoIe",
            "Rukawa11",
            "Zylda",
            "TKN"
        ]
    },
    {
        "animeEng": "Senki Zesshou Shinai Symphogear AXZ",
        "animeRomaji": "Senki Zesshou Shinai Symphogear AXZ",
        "songName": "Itsuka no Niji, Hana no Omoide",
        "artist": "Aoi Yuuki & Yuka Iguchi",
        "type": "Ending 1",
        "correctCount": 61,
        "startTime": 1,
        "songDuration": 29.282762,
        "songNumber": 27,
        "activePlayerCount": 212,
        "LinkVideo": "https://files.catbox.moe/14bj8t.webm",
        "LinkMp3": "https://files.catbox.moe/wjplo7.mp3",
        "annId": 22568,
        "songDifficulty": 36.73883530606181,
        "vintage": "Fall 2017"
    },
    {
        "animeEng": "Long Riders!",
        "animeRomaji": "Long Riders!",
        "songName": "Kimi to",
        "artist": "Ray",
        "type": "Insert Song",
        "correctCount": 20,
        "startTime": 76,
        "songDuration": 104.383512,
        "songNumber": 28,
        "activePlayerCount": 213,
        "LinkVideo": "https://files.catbox.moe/5r77zo.webm",
        "LinkMp3": "https://files.catbox.moe/rwrmwp.mp3",
        "annId": 16986,
        "songDifficulty": 15.914576236670616,
        "vintage": "Fall 2016"
    },
    {
        "animeEng": "I'm Kodama Kawajiri",
        "animeRomaji": "Atasha Kawashiri Kodama Da Yo: Dangerous Lifehacker no Tadareta Seikatsu",
        "songName": "Nightholic",
        "artist": "UROMT",
        "type": "Opening 1",
        "correctCount": 23,
        "startTime": 40,
        "songDuration": 89.808,
        "songNumber": 29,
        "activePlayerCount": 211,
        "LinkVideo": "https://files.catbox.moe/9hyca8.webm",
        "LinkMp3": "https://files.catbox.moe/iyw1mh.mp3",
        "annId": 24712,
        "songDifficulty": 17.16779006940449,
        "vintage": "Winter 2022"
    },
    {
        "animeEng": "Mini Toji",
        "animeRomaji": "Mini Toji",
        "songName": "Kono Bangumi wa Ura Wakaki Koumuin-tachi no Teikyou de Okuri Itashimasu",
        "artist": "Kaede Hondo & Himika Akaneya",
        "type": "Opening 1",
        "correctCount": 24,
        "startTime": 22,
        "songDuration": 59.7159,
        "songNumber": 30,
        "activePlayerCount": 211,
        "LinkVideo": "https://files.catbox.moe/zpbq2s.webm",
        "LinkMp3": "https://files.catbox.moe/k0072j.mp3",
        "annId": 21680,
        "songDifficulty": 17.18284715924944,
        "vintage": "Winter 2019"
    },
    {
        "animeEng": "Don't Toy With Me, Miss Nagatoro",
        "animeRomaji": "Ijiranaide, Nagatoro-san",
        "songName": "Colorful Canvas",
        "artist": "Gin (BUSTED ROSE)",
        "type": "Ending 2",
        "correctCount": 97,
        "startTime": 17,
        "songDuration": 89.568,
        "songNumber": 31,
        "activePlayerCount": 210,
        "LinkVideo": "https://files.catbox.moe/zlur2t.webm",
        "LinkMp3": "https://files.catbox.moe/pcbnnu.mp3",
        "annId": 23755,
        "songDifficulty": 30.696886882129277,
        "vintage": "Spring 2021"
    },
    {
        "animeEng": "Macross Delta Movie: Gekijou no Walk\u00fcre",
        "animeRomaji": "Macross Delta Movie: Gekijou no Walk\u00fcre",
        "songName": "Bokura no Senjou",
        "artist": "Minori Suzuki",
        "type": "Insert Song",
        "correctCount": 41,
        "startTime": 9,
        "songDuration": 46.056,
        "songNumber": 32,
        "activePlayerCount": 214,
        "LinkVideo": "https://files.catbox.moe/tysq3z.webm",
        "LinkMp3": "https://files.catbox.moe/vrelaq.mp3",
        "annId": 20180,
        "songDifficulty": 39.40914074482362,
        "vintage": "Winter 2018"
    },
    {
        "animeEng": "Puni Puni\u2605Poemy",
        "animeRomaji": "Puni Puni\u2605Poemy",
        "songName": "Puni Puni Densetsu Ppoi",
        "artist": "Yumiko Kobayashi",
        "type": "Opening 1",
        "correctCount": 21,
        "startTime": 51,
        "songDuration": 100.656,
        "songNumber": 33,
        "activePlayerCount": 215,
        "LinkVideo": "https://files.catbox.moe/sv5i68.webm",
        "LinkMp3": "https://files.catbox.moe/yxrbba.mp3",
        "annId": 865,
        "songDifficulty": 19.757504456795303,
        "vintage": "Winter 2001"
    },
    {
        "animeEng": "Ginban Kaleidoscope",
        "animeRomaji": "Ginban Kaleidoscope",
        "songName": "energy",
        "artist": "Marina Inoue",
        "type": "Ending 1",
        "correctCount": 5,
        "startTime": 33,
        "songDuration": 87.384,
        "songNumber": 34,
        "activePlayerCount": 215,
        "LinkVideo": "https://files.catbox.moe/kd77es.webm",
        "LinkMp3": "https://files.catbox.moe/t03fgl.mp3",
        "annId": 6050,
        "songDifficulty": 11.715941418592022,
        "vintage": "Fall 2005",
        "correctPlayers": [
            "Heyko",
            "Hejsan",
            "watashiii",
            "Kakkeru",
            "Janoxx"
        ]
    },
    {
        "animeEng": "The Moment You Fall in Love",
        "animeRomaji": "Suki ni Naru Sono Shunkan o: Kokuhaku Jikkou Iinkai",
        "songName": "Suki to Suki no Houteishiki",
        "artist": "HoneyWorks meets Mafumafu",
        "type": "Insert Song",
        "correctCount": 19,
        "startTime": 108,
        "songDuration": 144.264,
        "songNumber": 35,
        "activePlayerCount": 215,
        "LinkVideo": "https://files.catbox.moe/lgx4gh.webm",
        "LinkMp3": "https://files.catbox.moe/e8h130.mp3",
        "annId": 18587,
        "songDifficulty": 23.39022095658397,
        "vintage": "Fall 2016"
    },
    {
        "animeEng": "Non Non Biyori Repeat",
        "animeRomaji": "Non Non Biyori Repeat",
        "songName": "Asahigaoka Bunkou Kouka",
        "artist": "Ayane Sakura, Kana Asumi, Kotori Koiwai",
        "type": "Insert Song",
        "correctCount": 60,
        "startTime": 74,
        "songDuration": 120.936,
        "songNumber": 36,
        "activePlayerCount": 215,
        "LinkVideo": "https://files.catbox.moe/t8d6tp.webm",
        "LinkMp3": "https://files.catbox.moe/l7yrh2.mp3",
        "annId": 16655,
        "songDifficulty": 27.607186293077838,
        "vintage": "Summer 2015"
    },
    {
        "animeEng": "Silk Road Shounen Yuuto",
        "animeRomaji": "Silk Road Shounen Yuuto",
        "songName": "ONE FOR EVERYONE",
        "artist": "GODIEGO",
        "type": "Opening 1",
        "correctCount": 7,
        "startTime": 45,
        "songDuration": 89.856,
        "songNumber": 37,
        "activePlayerCount": 218,
        "LinkVideo": "https://files.catbox.moe/wak0m3.webm",
        "LinkMp3": "https://files.catbox.moe/ufv4pv.mp3",
        "annId": 6554,
        "songDifficulty": 10.418435276144802,
        "vintage": "Summer 2006"
    },
    {
        "animeEng": "Ro-Kyu-Bu! SS",
        "animeRomaji": "Ro-Kyu-Bu! SS",
        "songName": "SHOOT!",
        "artist": "RO-KYU-BU!",
        "type": "Insert Song",
        "correctCount": 111,
        "startTime": 68,
        "songDuration": 186.552,
        "songNumber": 38,
        "activePlayerCount": 219,
        "LinkVideo": "https://files.catbox.moe/sebacx.webm",
        "LinkMp3": "https://files.catbox.moe/we94t8.mp3",
        "annId": 14852,
        "songDifficulty": 43.14438196656051,
        "vintage": "Summer 2013"
    },
    {
        "animeEng": "Demonbane",
        "animeRomaji": "Kishin Houkou Demonbane",
        "songName": "Hito, Kami, Hata - Man God Machine",
        "artist": "Yuuichi Ikusawa",
        "type": "Opening 1",
        "correctCount": 12,
        "startTime": 22,
        "songDuration": 63.912,
        "songNumber": 39,
        "activePlayerCount": 220,
        "LinkVideo": "https://files.catbox.moe/8jgx6h.webm",
        "LinkMp3": "https://files.catbox.moe/dc8b47.mp3",
        "annId": 6512,
        "songDifficulty": 15.114541760306881,
        "vintage": "Spring 2006"
    },
    {
        "animeEng": "Rosario + Vampire Capu2",
        "animeRomaji": "Rosario to Vampire Capu2",
        "songName": "COSMIC LOVE",
        "artist": "Nana Mizuki",
        "type": "Insert Song",
        "correctCount": 100,
        "startTime": 24,
        "songDuration": 91.056,
        "songNumber": 40,
        "activePlayerCount": 221,
        "LinkVideo": "https://files.catbox.moe/oee0yi.webm",
        "LinkMp3": "https://files.catbox.moe/q0nyo1.mp3",
        "annId": 9727,
        "songDifficulty": 37.467313533316634,
        "vintage": "Fall 2008"
    },
    {
        "animeEng": "Space Battleship Tiramisu",
        "animeRomaji": "Uchuu Senkan Tiramisu",
        "songName": "Breakthrough",
        "artist": "Kaito Ishikawa",
        "type": "Opening 1",
        "correctCount": 96,
        "startTime": 0,
        "songDuration": 28.896,
        "songNumber": 41,
        "activePlayerCount": 222,
        "LinkVideo": "https://files.catbox.moe/0pltbi.webm",
        "LinkMp3": "https://files.catbox.moe/f864uc.mp3",
        "annId": 20679,
        "songDifficulty": 33.326458047161175,
        "vintage": "Spring 2018"
    },
    {
        "animeEng": "Trinity Seven",
        "animeRomaji": "Trinity Seven",
        "songName": "Seven Doors",
        "artist": "ZAQ",
        "type": "Opening 1",
        "correctCount": 126,
        "startTime": 42,
        "songDuration": 88.992,
        "songNumber": 42,
        "activePlayerCount": 221,
        "LinkVideo": "https://files.catbox.moe/ud4yac.webm",
        "LinkMp3": "https://files.catbox.moe/054gv6.mp3",
        "annId": 16174,
        "songDifficulty": 35.806536906624935,
        "vintage": "Fall 2014"
    },
    {
        "animeEng": "One Piece Episode of Sorajima",
        "animeRomaji": "One Piece Episode of Sorajima",
        "songName": "Hope",
        "artist": "Namie Amuro",
        "type": "Ending 1",
        "correctCount": 106,
        "startTime": 19,
        "songDuration": 117.731854,
        "songNumber": 43,
        "activePlayerCount": 220,
        "LinkVideo": "https://files.catbox.moe/7n5a0z.webm",
        "LinkMp3": "https://files.catbox.moe/iwgcm7.mp3",
        "annId": 20960,
        "songDifficulty": 43.32569878250892,
        "vintage": "Summer 2018"
    },
    {
        "animeEng": "Fuusen Inu Tinny",
        "animeRomaji": "Fuusen Inu Tinny",
        "songName": "Tinny no Uta",
        "artist": "Sumire Morohoshi",
        "type": "Opening 1",
        "correctCount": 135,
        "startTime": 0,
        "songDuration": 24.192,
        "songNumber": 44,
        "activePlayerCount": 221,
        "LinkVideo": "https://files.catbox.moe/orntju.webm",
        "LinkMp3": "https://files.catbox.moe/4d259s.mp3",
        "annId": 23054,
        "songDifficulty": 44.42188085205993,
        "vintage": "Summer 2014"
    },
    {
        "animeEng": "Sakura no Chikai: Marronni\u2606Yell Higashi no Hichou Shimotsuke-shi o Yell!",
        "animeRomaji": "Sakura no Chikai: Marronni\u2606Yell Higashi no Hichou Shimotsuke-shi o Yell!",
        "songName": "Sakura no Tegami",
        "artist": "Marronni\u2606Yell",
        "type": "Ending 1",
        "correctCount": 4,
        "startTime": 54,
        "songDuration": 89.712,
        "songNumber": 45,
        "activePlayerCount": 221,
        "LinkVideo": "https://files.catbox.moe/2xf3tu.webm",
        "LinkMp3": "https://files.catbox.moe/p8w7do.mp3",
        "annId": 23200,
        "songDifficulty": 11.016698755924171,
        "vintage": "Winter 2018",
        "correctPlayers": [
            "Nippah",
            "watashiii",
            "gaaw",
            "konomi"
        ]
    },
    {
        "animeEng": "Zakuro",
        "animeRomaji": "Otome Youkai Zakuro",
        "songName": "Futari Shizuka",
        "artist": "Kana Hanazawa & Satoshi Hino",
        "type": "Ending 2",
        "correctCount": 20,
        "startTime": 33,
        "songDuration": 88.368,
        "songNumber": 46,
        "activePlayerCount": 221,
        "LinkVideo": "https://files.catbox.moe/jrgx53.webm",
        "LinkMp3": "https://files.catbox.moe/szuue0.mp3",
        "annId": 11509,
        "songDifficulty": 17.94637676759499,
        "vintage": "Fall 2010"
    },
    {
        "animeEng": "Eureka Seven Hi-Evolution Movies",
        "animeRomaji": "Koukyoushihen Eureka Seven Hi-Evolution Movies",
        "songName": "Ballet M\u00e9canique",
        "artist": "Etsuko Yakushimaru + Yoshinori Sunahara",
        "type": "Insert Song",
        "correctCount": 7,
        "startTime": 65,
        "songDuration": 339.576,
        "songNumber": 47,
        "activePlayerCount": 221,
        "LinkVideo": "https://files.catbox.moe/op5r3o.webm",
        "LinkMp3": "https://files.catbox.moe/5xhbwn.mp3",
        "annId": 19907,
        "songDifficulty": 12.731785344503011,
        "vintage": "Summer 2017"
    },
    {
        "animeEng": "Demon Slayer: Kimetsu no Yaiba The Movie - Mugen Train",
        "animeRomaji": "Gekijouban Kimetsu no Yaiba: Mugen Ressha-hen",
        "songName": "Homura",
        "artist": "LiSA",
        "type": "Ending 1",
        "correctCount": 87,
        "startTime": 185,
        "songDuration": 269.232,
        "songNumber": 48,
        "activePlayerCount": 221,
        "LinkVideo": "https://files.catbox.moe/w0f6i5.webm",
        "LinkMp3": "https://files.catbox.moe/ebodlo.mp3",
        "annId": 23040,
        "songDifficulty": 30.795514419265327,
        "vintage": "Fall 2020"
    },
    {
        "animeEng": "Arakawa Under the Bridge \u00d7 Bridge",
        "animeRomaji": "Arakawa Under the Bridge \u00d7 Bridge",
        "songName": "Sakasama Bridge",
        "artist": "Suneohair",
        "type": "Ending 2",
        "correctCount": 46,
        "startTime": 47,
        "songDuration": 87.816,
        "songNumber": 49,
        "activePlayerCount": 222,
        "LinkVideo": "https://files.catbox.moe/5opht8.webm",
        "LinkMp3": "https://files.catbox.moe/ls0x4v.mp3",
        "annId": 11827,
        "songDifficulty": 25.476831690275652,
        "vintage": "Fall 2010"
    },
    {
        "animeEng": "Beyblade Burst GT",
        "animeRomaji": "Beyblade Burst Gachi",
        "songName": "GATTI'N'ROLL",
        "artist": "Kei Iwasaki [Sekaiichi]",
        "type": "Opening 1",
        "correctCount": 87,
        "startTime": 14,
        "songDuration": 43.937204,
        "songNumber": 50,
        "activePlayerCount": 222,
        "LinkVideo": "https://files.catbox.moe/tktmni.webm",
        "LinkMp3": "https://files.catbox.moe/oy6xl1.mp3",
        "annId": 21818,
        "songDifficulty": 32.260398829908674,
        "vintage": "Spring 2019"
    },
    {
        "animeEng": "Karin: Chibi Vampire",
        "animeRomaji": "Karin",
        "songName": "Mou Hitotsu no Birthday",
        "artist": "Fm.\u03b8",
        "type": "Ending 1",
        "correctCount": 10,
        "startTime": 56,
        "songDuration": 89.544,
        "songNumber": 51,
        "activePlayerCount": 221,
        "LinkVideo": "https://files.catbox.moe/i5z3ad.webm",
        "LinkMp3": "https://files.catbox.moe/fw1r8g.mp3",
        "annId": 5949,
        "songDifficulty": 11.719426935369318,
        "vintage": "Fall 2005"
    },
    {
        "animeEng": "MAPS",
        "animeRomaji": "Maps: Densetsu no Samayoeru Seijintachi",
        "songName": "The Angel Never Sleeps",
        "artist": "Ushio Hashimoto",
        "type": "Ending 1",
        "correctCount": 1,
        "startTime": 24,
        "songDuration": 174.048,
        "songNumber": 52,
        "activePlayerCount": 221,
        "LinkVideo": "https://files.catbox.moe/5tc9fg.webm",
        "LinkMp3": "https://files.catbox.moe/bfaheh.mp3",
        "annId": 693,
        "songDifficulty": 3.8338859976595465,
        "vintage": "Summer 1987",
        "correctPlayers": [
            "Orfey"
        ]
    },
    {
        "animeEng": "The Tower of Druaga: the Sword of Uruk",
        "animeRomaji": "Druaga no Tou: the Sword of URUK",
        "songName": "SWINGING",
        "artist": "Muramasa\u2606",
        "type": "Ending 2",
        "correctCount": 25,
        "startTime": 71,
        "songDuration": 182.436048,
        "songNumber": 53,
        "activePlayerCount": 220,
        "LinkVideo": "https://files.catbox.moe/byshdk.webm",
        "LinkMp3": "https://files.catbox.moe/hd0t1h.mp3",
        "annId": 10274,
        "songDifficulty": 26.258485905693384,
        "vintage": "Winter 2009"
    },
    {
        "animeEng": "AKB0048 Next Stage",
        "animeRomaji": "AKB0048 Next Stage",
        "songName": "Uhho Uhhoho",
        "artist": "AKB48",
        "type": "Insert Song",
        "correctCount": 95,
        "startTime": 67,
        "songDuration": 193.656,
        "songNumber": 54,
        "activePlayerCount": 222,
        "LinkVideo": "https://files.catbox.moe/l5jkqa.webm",
        "LinkMp3": "https://files.catbox.moe/8tp554.mp3",
        "annId": 14873,
        "songDifficulty": 33.64386912677305,
        "vintage": "Winter 2013"
    },
    {
        "animeEng": "VitaminX Addiction",
        "animeRomaji": "VitaminX Addiction",
        "songName": "Gakuen Frontier",
        "artist": "Tatsuhisa Suzuki & Daisuke Ono",
        "type": "Ending 1",
        "correctCount": 1,
        "startTime": 30,
        "songDuration": 87.504,
        "songNumber": 55,
        "activePlayerCount": 223,
        "LinkVideo": "https://files.catbox.moe/nuf7r0.webm",
        "LinkMp3": "https://files.catbox.moe/n1bajb.mp3",
        "annId": 12401,
        "songDifficulty": 18.51851851851852,
        "vintage": "Summer 2011",
        "correctPlayers": [
            "NijinoYume721"
        ]
    },
    {
        "animeEng": "Senki Zesshou Symphogear GX",
        "animeRomaji": "Senki Zesshou Symphogear GX",
        "songName": "Ressou\u30fbGungnir",
        "artist": "Yoko Hikasa",
        "type": "Insert Song",
        "correctCount": 33,
        "startTime": 3,
        "songDuration": 92.064,
        "songNumber": 56,
        "activePlayerCount": 223,
        "LinkVideo": "https://files.catbox.moe/5tc73r.webm",
        "LinkMp3": "https://files.catbox.moe/e60vqq.mp3",
        "annId": 16312,
        "songDifficulty": 44.91904031551271,
        "vintage": "Summer 2015"
    },
    {
        "animeEng": "Aikatsu!",
        "animeRomaji": "Aikatsu!",
        "songName": "START DASH SENSATION",
        "artist": "Ruka\u30fbMona\u30fbMiki from AIKATSU\u2606STARS!",
        "type": "Opening 1",
        "correctCount": 75,
        "startTime": 27,
        "songDuration": 90.192,
        "songNumber": 57,
        "activePlayerCount": 222,
        "LinkVideo": "https://files.catbox.moe/i08y93.webm",
        "LinkMp3": "https://files.catbox.moe/yeud69.mp3",
        "annId": 16824,
        "songDifficulty": 26.652992695589184,
        "vintage": "Fall 2015"
    },
    {
        "animeEng": "Dragon Ball Super",
        "animeRomaji": "Dragon Ball Super",
        "songName": "Chouzetsu Dynamic!",
        "artist": "Kazuya Yoshii",
        "type": "Opening 1",
        "correctCount": 113,
        "startTime": 38,
        "songDuration": 84.072,
        "songNumber": 58,
        "activePlayerCount": 223,
        "LinkVideo": "https://files.catbox.moe/v9acyq.webm",
        "LinkMp3": "https://files.catbox.moe/csvg6p.mp3",
        "annId": 17006,
        "songDifficulty": 46.29890491973744,
        "vintage": "Summer 2015"
    },
    {
        "animeEng": "Welcome to the Ballroom",
        "animeRomaji": "Ballroom e Youkoso",
        "songName": "I Wanna Dance With You",
        "artist": "Ray Dorsey",
        "type": "Insert Song",
        "correctCount": 28,
        "startTime": 17,
        "songDuration": 64.392,
        "songNumber": 59,
        "activePlayerCount": 222,
        "LinkVideo": "https://files.catbox.moe/wp3o6h.webm",
        "LinkMp3": "https://files.catbox.moe/ex4uo4.mp3",
        "annId": 18982,
        "songDifficulty": 27.03511795343137,
        "vintage": "Summer 2017"
    },
    {
        "animeEng": "Late Night Konbannya",
        "animeRomaji": "Shinya! Tensai Bakabon",
        "songName": "BAKA-BONSOIR!",
        "artist": "B.P.O -Bakabon-no Papa Organization-",
        "type": "Opening 1",
        "correctCount": 5,
        "startTime": 50,
        "songDuration": 89.04,
        "songNumber": 60,
        "activePlayerCount": 221,
        "LinkVideo": "https://files.catbox.moe/rsp287.webm",
        "LinkMp3": "https://files.catbox.moe/lwj2u5.mp3",
        "annId": 20817,
        "songDifficulty": 15.35490234375,
        "vintage": "Summer 2018",
        "correctPlayers": [
            "MissMcPhisto",
            "watashiii",
            "Rukawa11",
            "gaaw",
            "Shirokane"
        ]
    },
    {
        "animeEng": "Bubblegum Crisis",
        "animeRomaji": "Bubblegum Crisis",
        "songName": "Thrill ni Odoru Tenshi-tachi",
        "artist": "Knight Sabers",
        "type": "Insert Song",
        "correctCount": 20,
        "startTime": 79,
        "songDuration": 150.408,
        "songNumber": 61,
        "activePlayerCount": 222,
        "LinkVideo": "https://files.catbox.moe/bmx3nh.webm",
        "LinkMp3": "https://files.catbox.moe/f3dq0p.mp3",
        "annId": 201,
        "songDifficulty": 19.902713023633513,
        "vintage": "Winter 1987"
    },
    {
        "animeEng": "Aikatsu!: Nerawareta Mahou no Aikatsu! Card",
        "animeRomaji": "Aikatsu!: Nerawareta Mahou no Aikatsu! Card",
        "songName": "START DASH SENSATION",
        "artist": "Ruka\u30fbMona\u30fbMiki from AIKATSU\u2606STARS!",
        "type": "Ending 1",
        "correctCount": 80,
        "startTime": 14,
        "songDuration": 106.752,
        "songNumber": 62,
        "activePlayerCount": 224,
        "LinkVideo": "https://files.catbox.moe/lllkje.webm",
        "LinkMp3": "https://files.catbox.moe/29e85j.mp3",
        "annId": 18548,
        "songDifficulty": 32.65839327298678,
        "vintage": "Summer 2016"
    },
    {
        "animeEng": "Puella Magi Madoka Magica The Movie Part 3: Rebellion",
        "animeRomaji": "Gekijouban Mahou Shoujo Madoka\u2605Magica Shinpen: Hangyaku no Monogatari",
        "songName": "Noi!",
        "artist": "Suginami Jidou Gasshou-dan",
        "type": "Insert Song",
        "correctCount": 78,
        "startTime": 18,
        "songDuration": 50.04,
        "songNumber": 63,
        "activePlayerCount": 224,
        "LinkVideo": "https://files.catbox.moe/i5f9sa.webm",
        "LinkMp3": "https://files.catbox.moe/6o69e1.mp3",
        "annId": 14850,
        "songDifficulty": 33.08237081005586,
        "vintage": "Fall 2013"
    },
    {
        "animeEng": "Joran The Princess of Snow and Blood",
        "animeRomaji": "Joran The Princess of Snow and Blood",
        "songName": "Embrace of light",
        "artist": "RAISE A SUILEN",
        "type": "Ending 1",
        "correctCount": 38,
        "startTime": 18,
        "songDuration": 88.896,
        "songNumber": 64,
        "activePlayerCount": 224,
        "LinkVideo": "https://files.catbox.moe/m3vrsv.webm",
        "LinkMp3": "https://files.catbox.moe/rpw2vd.mp3",
        "annId": 24030,
        "songDifficulty": 21.502110915152688,
        "vintage": "Spring 2021"
    },
    {
        "animeEng": "Fighting Spirit",
        "animeRomaji": "Hajime no Ippo",
        "songName": "Inner Light",
        "artist": "Shocking Lemon",
        "type": "Opening 2",
        "correctCount": 61,
        "startTime": 36,
        "songDuration": 79.44,
        "songNumber": 65,
        "activePlayerCount": 222,
        "LinkVideo": "https://files.catbox.moe/dwpr31.webm",
        "LinkMp3": "https://files.catbox.moe/jg0jcu.mp3",
        "annId": 1139,
        "songDifficulty": 34.339053819444445,
        "vintage": "Fall 2000"
    },
    {
        "animeEng": "Forest of Piano",
        "animeRomaji": "Piano no Mori",
        "songName": "Umi e",
        "artist": "Kai Ichinose",
        "type": "Opening 1",
        "correctCount": 140,
        "startTime": 46,
        "songDuration": 89.544,
        "songNumber": 66,
        "activePlayerCount": 222,
        "LinkVideo": "https://files.catbox.moe/lczge7.webm",
        "LinkMp3": "https://files.catbox.moe/1jhtu6.mp3",
        "annId": 22260,
        "songDifficulty": 46.64829649605189,
        "vintage": "Winter 2019"
    },
    {
        "animeEng": "Watt Poe to Bokura no Ohanashi",
        "animeRomaji": "Watt Poe to Bokura no Ohanashi",
        "songName": "Watt Poe to Bokura no Ohanashi",
        "artist": "Sumie Kawaguchi",
        "type": "Ending 1",
        "correctCount": 4,
        "startTime": 105,
        "songDuration": 175.056,
        "songNumber": 67,
        "activePlayerCount": 222,
        "LinkVideo": "https://files.catbox.moe/o7zgtw.webm",
        "LinkMp3": "https://files.catbox.moe/kmozl1.mp3",
        "annId": 3355,
        "songDifficulty": 4.255519392417205,
        "vintage": "Summer 1988",
        "correctPlayers": [
            "anomanderbaked",
            "Orfey",
            "Torradinhas",
            "Hyonoka"
        ]
    },
    {
        "animeEng": "You're Under Arrest: No Mercy!",
        "animeRomaji": "Taiho Shichau zo in America",
        "songName": "Promise",
        "artist": "Mariko Fukui",
        "type": "Ending 1",
        "correctCount": 2,
        "startTime": 0,
        "songDuration": 88.56,
        "songNumber": 68,
        "activePlayerCount": 224,
        "LinkVideo": "https://files.catbox.moe/jdz903.webm",
        "LinkMp3": "https://files.catbox.moe/wadydb.mp3",
        "annId": 2475,
        "songDifficulty": 6.932861947771256,
        "vintage": "Spring 2002",
        "correctPlayers": [
            "Hooman",
            "Delete"
        ]
    },
    {
        "animeEng": "The Disastrous Life of Saiki K.",
        "animeRomaji": "Saiki Kusuo no Psi Nan",
        "songName": "\u03a8 Hakkenden",
        "artist": "Dempagumi.inc",
        "type": "Ending 1",
        "correctCount": 71,
        "startTime": 53,
        "songDuration": 89.112,
        "songNumber": 69,
        "activePlayerCount": 224,
        "LinkVideo": "https://files.catbox.moe/p58oad.webm",
        "LinkMp3": "https://files.catbox.moe/xh7d6y.mp3",
        "annId": 20177,
        "songDifficulty": 19.99973072482541,
        "vintage": "Winter 2018"
    },
    {
        "animeEng": "Satsujin Kippu wa Heart-iro",
        "animeRomaji": "Satsujin Kippu wa Heart-iro",
        "songName": "MAGICIAN ~in the midnight~",
        "artist": "Takako Ohta",
        "type": "Ending 1",
        "correctCount": 5,
        "startTime": 76,
        "songDuration": 111.408,
        "songNumber": 70,
        "activePlayerCount": 225,
        "LinkVideo": "https://files.catbox.moe/rtu6wp.webm",
        "LinkMp3": "https://files.catbox.moe/wlv8w0.mp3",
        "annId": 7186,
        "songDifficulty": 11.087637383508914,
        "vintage": "Winter 1990",
        "correctPlayers": [
            "NicoIe",
            "watashiii",
            "Zylda",
            "lewe",
            "konomi"
        ]
    },
    {
        "animeEng": "Sword Art Online the Movie: Ordinal Scale",
        "animeRomaji": "Gekijouban Sword Art Online: Ordinal Scale",
        "songName": "Break Beat Bark!",
        "artist": "Sayaka Kanda",
        "type": "Insert Song",
        "correctCount": 59,
        "startTime": 101,
        "songDuration": 242.976,
        "songNumber": 71,
        "activePlayerCount": 225,
        "LinkVideo": "https://files.catbox.moe/bztn2l.webm",
        "LinkMp3": "https://files.catbox.moe/3h6f28.mp3",
        "annId": 18141,
        "songDifficulty": 22.51836073290846,
        "vintage": "Winter 2017"
    },
    {
        "animeEng": "Nurse Witch Komugi",
        "animeRomaji": "Nurse Witch Komugi-chan Magikarte",
        "songName": "Komugi Kibun de Rock 'n' Roll",
        "artist": "Haruko Momoi",
        "type": "Insert Song",
        "correctCount": 118,
        "startTime": 6,
        "songDuration": 42.6,
        "songNumber": 72,
        "activePlayerCount": 224,
        "LinkVideo": "https://files.catbox.moe/c2gpsx.webm",
        "LinkMp3": "https://files.catbox.moe/mu621b.mp3",
        "annId": 2660,
        "songDifficulty": 36.48075290630755,
        "vintage": "Summer 2002"
    },
    {
        "animeEng": "Lady Lady!!",
        "animeRomaji": "Lady Lady!!",
        "songName": "LADY",
        "artist": "Shonen-tai",
        "type": "Opening 1",
        "correctCount": 58,
        "startTime": 2,
        "songDuration": 80.769224,
        "songNumber": 73,
        "activePlayerCount": 225,
        "LinkVideo": "https://files.catbox.moe/1sa4i8.webm",
        "LinkMp3": "https://files.catbox.moe/mh4ebx.mp3",
        "annId": 1493,
        "songDifficulty": 17.83213293873429,
        "vintage": "Fall 1987"
    },
    {
        "animeEng": "Master of Mosquiton '99",
        "animeRomaji": "Master of Mosquiton '99",
        "songName": "FAITH IN LOVE",
        "artist": "Cyber Nation Network",
        "type": "Insert Song",
        "correctCount": 0,
        "startTime": 4,
        "songDuration": 92.088,
        "songNumber": 74,
        "activePlayerCount": 222,
        "LinkVideo": "https://files.catbox.moe/cn2pdh.webm",
        "LinkMp3": "https://files.catbox.moe/qlu7yg.mp3",
        "annId": 695,
        "songDifficulty": 2.536231884057971,
        "vintage": "Summer 1997"
    },
    {
        "animeEng": "Charlotte",
        "animeRomaji": "Charlotte",
        "songName": "Fallin'",
        "artist": "ZHIEND",
        "type": "Insert Song",
        "correctCount": 133,
        "startTime": 25,
        "songDuration": 86.832,
        "songNumber": 75,
        "activePlayerCount": 222,
        "LinkVideo": "https://files.catbox.moe/ewqbp6.webm",
        "LinkMp3": "https://files.catbox.moe/nw40m5.mp3",
        "annId": 16649,
        "songDifficulty": 28.06604922279793,
        "vintage": "Summer 2015"
    },
    {
        "animeEng": "Cells at Work! Kaze Shoukougun",
        "animeRomaji": "Cells at Work! Kaze Shoukougun",
        "songName": "CheerS",
        "artist": "ClariS",
        "type": "Ending 1",
        "correctCount": 117,
        "startTime": 47,
        "songDuration": 88.32,
        "songNumber": 76,
        "activePlayerCount": 225,
        "LinkVideo": "https://files.catbox.moe/aaku3k.webm",
        "LinkMp3": "https://files.catbox.moe/vnnuc2.mp3",
        "annId": 21586,
        "songDifficulty": 44.78707081155633,
        "vintage": "Fall 2018"
    },
    {
        "animeEng": "Dropout Idol Fruit Tart",
        "animeRomaji": "Ochikobore Fruit Tart",
        "songName": "Blue no Soukai ga Mecha Shiny!",
        "artist": "Cream Anmitsu",
        "type": "Insert Song",
        "correctCount": 7,
        "startTime": 64,
        "songDuration": 92.952,
        "songNumber": 77,
        "activePlayerCount": 225,
        "LinkVideo": "https://files.catbox.moe/z3hl97.webm",
        "LinkMp3": "https://files.catbox.moe/0mnlw1.mp3",
        "annId": 22604,
        "songDifficulty": 17.398732584449828,
        "vintage": "Fall 2020"
    },
    {
        "animeEng": "JoJo's Bizarre Adventure: Stardust Crusaders",
        "animeRomaji": "JoJo no Kimyou na Bouken: Stardust Crusaders",
        "songName": "Walk Like an Egyptian",
        "artist": "Bangles",
        "type": "Ending 1",
        "correctCount": 151,
        "startTime": 5,
        "songDuration": 87.984,
        "songNumber": 78,
        "activePlayerCount": 225,
        "LinkVideo": "https://files.catbox.moe/ln85pl.webm",
        "LinkMp3": "https://files.catbox.moe/ufaje7.mp3",
        "annId": 15692,
        "songDifficulty": 54.61507453605111,
        "vintage": "Spring 2014"
    },
    {
        "animeEng": "Jump Out! Machine Hiryu",
        "animeRomaji": "Tobidase! Machine Hiryuu",
        "songName": "Tobidase! Machine Hiryuu",
        "artist": "Koorogi '73",
        "type": "Opening 1",
        "correctCount": 4,
        "startTime": 55,
        "songDuration": 113.232,
        "songNumber": 79,
        "activePlayerCount": 224,
        "LinkVideo": "https://files.catbox.moe/nse8qb.webm",
        "LinkMp3": "https://files.catbox.moe/p6dt14.mp3",
        "annId": 2586,
        "songDifficulty": 6.137029474431818,
        "vintage": "Fall 1977",
        "correctPlayers": [
            "AlterMang",
            "PulseVorteX",
            "Rukawa11",
            "Edwardd"
        ]
    },
    {
        "animeEng": "Spectral Force",
        "animeRomaji": "Spectral Force",
        "songName": "12-ji Choudo no Message",
        "artist": "Yoko Kawasaki",
        "type": "Ending 1",
        "correctCount": 2,
        "startTime": 14,
        "songDuration": 111.288,
        "songNumber": 80,
        "activePlayerCount": 223,
        "LinkVideo": "https://files.catbox.moe/l0abhx.webm",
        "LinkMp3": "https://files.catbox.moe/8n3lyy.mp3",
        "annId": 2318,
        "songDifficulty": 7.054921223958333,
        "vintage": "Fall 1998",
        "correctPlayers": [
            "watashiii",
            "Ignir11"
        ]
    },
    {
        "animeEng": "Aikatsu!",
        "animeRomaji": "Aikatsu!",
        "songName": "Move on now!",
        "artist": "Waka\u30fbFuuri\u30fbSunao from STAR\u2606ANIS",
        "type": "Insert Song",
        "correctCount": 65,
        "startTime": 1,
        "songDuration": 107.184,
        "songNumber": 81,
        "activePlayerCount": 222,
        "LinkVideo": "https://files.catbox.moe/s3u9by.webm",
        "LinkMp3": "https://files.catbox.moe/mq7sb3.mp3",
        "annId": 14566,
        "songDifficulty": 39.33746392877252,
        "vintage": "Fall 2012"
    },
    {
        "animeEng": "Shin Koihime\u2020Musou: Otome Tairan",
        "animeRomaji": "Shin Koihime\u2020Musou: Otome Tairan",
        "songName": "Renka Tairan",
        "artist": "Masami Okui",
        "type": "Opening 1",
        "correctCount": 13,
        "startTime": 30,
        "songDuration": 89.064,
        "songNumber": 82,
        "activePlayerCount": 223,
        "LinkVideo": "https://files.catbox.moe/6s62iv.webm",
        "LinkMp3": "https://files.catbox.moe/bop3vb.mp3",
        "annId": 15899,
        "songDifficulty": 12.721359779094827,
        "vintage": "Winter 2011"
    },
    {
        "animeEng": "Book Girl Memoir",
        "animeRomaji": "Bungaku Shoujo Memoir",
        "songName": "Kotonoha",
        "artist": "KOKIA",
        "type": "Ending 1",
        "correctCount": 13,
        "startTime": 51,
        "songDuration": 91.056,
        "songNumber": 83,
        "activePlayerCount": 222,
        "LinkVideo": "https://files.catbox.moe/f8j3vv.webm",
        "LinkMp3": "https://files.catbox.moe/bcpxkj.mp3",
        "annId": 11681,
        "songDifficulty": 10.750135365099009,
        "vintage": "Spring 2010"
    },
    {
        "animeEng": "Gift: Eternal Rainbow",
        "animeRomaji": "Gift: Eternal Rainbow",
        "songName": "Niji-iro Sentimental",
        "artist": "Miyuki Hashimoto",
        "type": "Opening 1",
        "correctCount": 13,
        "startTime": 9,
        "songDuration": 89.568,
        "songNumber": 84,
        "activePlayerCount": 223,
        "LinkVideo": "https://files.catbox.moe/onuzzx.webm",
        "LinkMp3": "https://files.catbox.moe/854tfq.mp3",
        "annId": 6824,
        "songDifficulty": 15.428880600205199,
        "vintage": "Fall 2006"
    },
    {
        "animeEng": "Astro Boy",
        "animeRomaji": "Tetsuwan Atom",
        "songName": "Tetsuwan Atom",
        "artist": "Kamitakada Shounen Gasshou-dan",
        "type": "Opening 1",
        "correctCount": 139,
        "startTime": 17,
        "songDuration": 73.089356,
        "songNumber": 85,
        "activePlayerCount": 215,
        "LinkVideo": "https://files.catbox.moe/9qvinm.webm",
        "LinkMp3": "https://files.catbox.moe/cjvk0z.mp3",
        "annId": 422,
        "songDifficulty": 44.992913692284326,
        "vintage": "Winter 1963"
    }
]