[
    {
        "animeEng": "One Punch Man",
        "animeRomaji": "One Punch Man",
        "songName": "Minna no One-Punch Ondo",
        "artist": "Makoto Furukawa, Kaito Ishikawa, Yuki Kaji, Aoi Yuuki, Saori Hayami, Hiroki Yasumoto, Yuuichi Nakamura",
        "type": "Ending 5",
        "correctCount": 88,
        "startTime": 6,
        "songDuration": 94.896,
        "songNumber": 1,
        "activePlayerCount": 132,
        "LinkVideo": "https://files.catbox.moe/2zyu9u.webm",
        "LinkMp3": "https://files.catbox.moe/myioek.mp3",
        "annId": 17988,
        "songDifficulty": 38.73439475972178,
        "vintage": "Fall 2015"
    },
    {
        "animeEng": "Love Live! Sunshine!!",
        "animeRomaji": "Love Live! School Idol Project Sunshine!!",
        "songName": "MIRAI TICKET",
        "artist": "Aqours",
        "type": "Insert Song",
        "correctCount": 55,
        "startTime": 13,
        "songDuration": 183.072,
        "songNumber": 2,
        "activePlayerCount": 137,
        "LinkVideo": "https://files.catbox.moe/a1rz0k.webm",
        "LinkMp3": "https://files.catbox.moe/4x9rr8.mp3",
        "annId": 17985,
        "songDifficulty": 44.727379321247895,
        "vintage": "Summer 2016"
    },
    {
        "animeEng": "Jujutsu Kaisen",
        "animeRomaji": "Jujutsu Kaisen",
        "songName": "VIVID VICE",
        "artist": "Who-ya Extended",
        "type": "Opening 2",
        "correctCount": 77,
        "startTime": 3,
        "songDuration": 89.448,
        "songNumber": 3,
        "activePlayerCount": 140,
        "LinkVideo": "https://files.catbox.moe/4lqbch.webm",
        "LinkMp3": "https://files.catbox.moe/pikzic.mp3",
        "annId": 22944,
        "songDifficulty": 43.864818981175695,
        "vintage": "Fall 2020"
    },
    {
        "animeEng": "Phantom in the Twilight",
        "animeRomaji": "Phantom in the Twilight",
        "songName": "Yousei no Koibito",
        "artist": "Jiro Wang feat. May'n",
        "type": "Ending 2",
        "correctCount": 5,
        "startTime": 38,
        "songDuration": 89.807436,
        "songNumber": 4,
        "activePlayerCount": 140,
        "LinkVideo": "https://files.catbox.moe/mzw893.webm",
        "LinkMp3": "https://files.catbox.moe/sxep3l.mp3",
        "annId": 20809,
        "songDifficulty": 7.610137412278071,
        "vintage": "Summer 2018",
        "correctPlayers": [
            "revel_",
            "theyingster",
            "shadowpandax",
            "konomi",
            "MaikaLover233"
        ]
    },
    {
        "animeEng": "Doraemon the Movie: Nobita and the Birth of Japan 2016",
        "animeRomaji": "Doraemon Shin Nobita no Nihon Tanjou",
        "songName": "Sora e",
        "artist": "Masayoshi Yamazaki",
        "type": "Ending 1",
        "correctCount": 6,
        "startTime": 46,
        "songDuration": 193.032,
        "songNumber": 5,
        "activePlayerCount": 145,
        "LinkVideo": "https://files.catbox.moe/1epj8r.webm",
        "LinkMp3": "https://files.catbox.moe/4lb02p.mp3",
        "annId": 18475,
        "songDifficulty": 9.459588256404594,
        "vintage": "Winter 2016"
    },
    {
        "animeEng": "Kakushigoto",
        "animeRomaji": "Kakushigoto",
        "songName": "Kimi wa Tennenshoku",
        "artist": "Eiichi Ohtaki",
        "type": "Ending 1",
        "correctCount": 64,
        "startTime": 0,
        "songDuration": 89.064,
        "songNumber": 6,
        "activePlayerCount": 147,
        "LinkVideo": "https://files.catbox.moe/f41lpb.webm",
        "LinkMp3": "https://files.catbox.moe/h36rxa.mp3",
        "annId": 22900,
        "songDifficulty": 29.635557903046063,
        "vintage": "Spring 2020"
    },
    {
        "animeEng": "Psychic Detective Yakumo",
        "animeRomaji": "Shinrei Tantei Yakumo",
        "songName": "Key -Phase2-",
        "artist": "Daisuke Ono",
        "type": "Opening 2",
        "correctCount": 22,
        "startTime": 29,
        "songDuration": 72.552,
        "songNumber": 7,
        "activePlayerCount": 153,
        "LinkVideo": "https://files.catbox.moe/bikux9.webm",
        "LinkMp3": "https://files.catbox.moe/gqyh4u.mp3",
        "annId": 11191,
        "songDifficulty": 22.03101165870983,
        "vintage": "Fall 2010"
    },
    {
        "animeEng": "Youkai Watch Jam: Youkai Gakuen Y - N to no Souguu",
        "animeRomaji": "Youkai Watch Jam: Youkai Gakuen Y - N to no Souguu",
        "songName": "Heavy na Ore ga Hebi ni Naru",
        "artist": "Riinu (Sutopuri)",
        "type": "Insert Song",
        "correctCount": 2,
        "startTime": 18,
        "songDuration": 58.992,
        "songNumber": 8,
        "activePlayerCount": 153,
        "LinkVideo": "https://files.catbox.moe/4dy9p4.webm",
        "LinkMp3": "https://files.catbox.moe/scm4vm.mp3",
        "annId": 22940,
        "songDifficulty": 18.6697247706422,
        "vintage": "Fall 2019",
        "correctPlayers": [
            "Hejsan",
            "kneesoxluver"
        ]
    },
    {
        "animeEng": "Attack on Titan Season 2",
        "animeRomaji": "Shingeki no Kyojin Season 2",
        "songName": "Barricades",
        "artist": "yosh, Gemie, mpi",
        "type": "Insert Song",
        "correctCount": 82,
        "startTime": 15,
        "songDuration": 54.888,
        "songNumber": 9,
        "activePlayerCount": 156,
        "LinkVideo": "https://files.catbox.moe/uu28fq.webm",
        "LinkMp3": "https://files.catbox.moe/y7s300.mp3",
        "annId": 16681,
        "songDifficulty": 25.68176773554004,
        "vintage": "Spring 2017"
    },
    {
        "animeEng": "Wataten!: An Angel Flew Down to Me",
        "animeRomaji": "Watashi ni Tenshi ga Maiorita!",
        "songName": "Watashi o Yobu Koe",
        "artist": "Maria Sashide, Hitomi Ohwada, Naomi Oozora",
        "type": "Insert Song",
        "correctCount": 58,
        "startTime": 42,
        "songDuration": 124.056,
        "songNumber": 10,
        "activePlayerCount": 160,
        "LinkVideo": "https://files.catbox.moe/nx2092.webm",
        "LinkMp3": "https://files.catbox.moe/jezf72.mp3",
        "annId": 21114,
        "songDifficulty": 29.917596153846155,
        "vintage": "Winter 2019"
    },
    {
        "animeEng": "Saint Seiya: Legend of Crimson Youth",
        "animeRomaji": "Saint Seiya: Shinku no Shounen Densetsu",
        "songName": "YOU ARE MY REASON TO BE ~Ai wa Hitomi no Naka ni~",
        "artist": "Hitomi Toyama & Oren Waters",
        "type": "Ending 1",
        "correctCount": 2,
        "startTime": 17,
        "songDuration": 152.68309,
        "songNumber": 11,
        "activePlayerCount": 160,
        "LinkVideo": "https://files.catbox.moe/j2x9ou.webm",
        "LinkMp3": "https://files.catbox.moe/kmol15.mp3",
        "annId": 3331,
        "songDifficulty": 4.999024009928195,
        "vintage": "Summer 1988",
        "correctPlayers": [
            "theyingster",
            "Haibara_Ai"
        ]
    },
    {
        "animeEng": "Your Lie in April",
        "animeRomaji": "KimiUso",
        "songName": "\u00c9tude R\u00e9volutionnaire Op. 10 No.12",
        "artist": "Fr\u00e9d\u00e9ric Chopin",
        "type": "Insert Song",
        "correctCount": 119,
        "startTime": 14,
        "songDuration": 213.390618,
        "songNumber": 12,
        "activePlayerCount": 158,
        "LinkVideo": "https://files.catbox.moe/9whjvf.webm",
        "LinkMp3": "https://files.catbox.moe/piqf60.mp3",
        "annId": 16108,
        "songDifficulty": 68.88036030061892,
        "vintage": "Fall 2014"
    },
    {
        "animeEng": "Star Blazers",
        "animeRomaji": "Uchuu Senkan Yamato",
        "songName": "Uchuu Senkan Yamato",
        "artist": "Isao Sasaki",
        "type": "Opening 1",
        "correctCount": 82,
        "startTime": 47,
        "songDuration": 79.881076,
        "songNumber": 13,
        "activePlayerCount": 160,
        "LinkVideo": "https://files.catbox.moe/7dly23.webm",
        "LinkMp3": "https://files.catbox.moe/9w2mu4.mp3",
        "annId": 338,
        "songDifficulty": 42.32170824518101,
        "vintage": "Fall 1974"
    },
    {
        "animeEng": "Digimon Savers the Movie: Ultimate Power! Burst Mode Invoke!!",
        "animeRomaji": "Digimon Savers the Movie: Kyuukyoku Power! Burst Mode Hatsudou!!",
        "songName": "Hirari",
        "artist": "Kouji Wada",
        "type": "Ending 1",
        "correctCount": 43,
        "startTime": 19,
        "songDuration": 59.088,
        "songNumber": 14,
        "activePlayerCount": 158,
        "LinkVideo": "https://files.catbox.moe/j9i5uf.webm",
        "LinkMp3": "https://files.catbox.moe/1ofymx.mp3",
        "annId": 6866,
        "songDifficulty": 21.444318643004724,
        "vintage": "Fall 2006"
    },
    {
        "animeEng": "Tales of Zestiria the X",
        "animeRomaji": "Tales of Zestiria the X",
        "songName": "Kaze no Uta",
        "artist": "FLOW",
        "type": "Insert Song",
        "correctCount": 106,
        "startTime": 10,
        "songDuration": 41.496,
        "songNumber": 15,
        "activePlayerCount": 158,
        "LinkVideo": "https://files.catbox.moe/sz50sj.webm",
        "LinkMp3": "https://files.catbox.moe/9c9shg.mp3",
        "annId": 18918,
        "songDifficulty": 45.246197573762494,
        "vintage": "Winter 2017"
    },
    {
        "animeEng": "Seven Days War",
        "animeRomaji": "Bokura no Nanokakan Sensou",
        "songName": "Omajinai",
        "artist": "Sano ibuki",
        "type": "Insert Song",
        "correctCount": 9,
        "startTime": 0,
        "songDuration": 69.624,
        "songNumber": 16,
        "activePlayerCount": 158,
        "LinkVideo": "https://files.catbox.moe/5cixc0.webm",
        "LinkMp3": "https://files.catbox.moe/zkk0bk.mp3",
        "annId": 22539,
        "songDifficulty": 11.222676951982821,
        "vintage": "Fall 2019"
    },
    {
        "animeEng": "Bananya",
        "animeRomaji": "Bananya",
        "songName": "Lucky Holiday",
        "artist": "AXELL with Yuki Kaji",
        "type": "Ending 1",
        "correctCount": 122,
        "startTime": 0,
        "songDuration": 25.86078,
        "songNumber": 17,
        "activePlayerCount": 160,
        "LinkVideo": "https://files.catbox.moe/oriv84.webm",
        "LinkMp3": "https://files.catbox.moe/h3turi.mp3",
        "annId": 18457,
        "songDifficulty": 41.088486140724946,
        "vintage": "Summer 2016"
    },
    {
        "animeEng": "Baja no Studio",
        "animeRomaji": "Baja no Studio",
        "songName": "Tenohira o Taiyou Ni",
        "artist": "Suginami Jidou Gasshou-dan",
        "type": "Ending 1",
        "correctCount": 20,
        "startTime": 1,
        "songDuration": 88.608,
        "songNumber": 18,
        "activePlayerCount": 160,
        "LinkVideo": "https://files.catbox.moe/f68nlr.webm",
        "LinkMp3": "https://files.catbox.moe/55gyu7.mp3",
        "annId": 22178,
        "songDifficulty": 13.128377920445583,
        "vintage": "Fall 2017"
    },
    {
        "animeEng": "Petit Seka",
        "animeRomaji": "Petit Seka",
        "songName": "Wah Wah World",
        "artist": "Yui Ogura, Akina, Hatsune Miku",
        "type": "Ending 1",
        "correctCount": 54,
        "startTime": 0,
        "songDuration": 27.264,
        "songNumber": 19,
        "activePlayerCount": 159,
        "LinkVideo": "https://files.catbox.moe/y8dr0f.webm",
        "LinkMp3": "https://files.catbox.moe/njcpp1.mp3",
        "annId": 24798,
        "songDifficulty": 25.704646940198934,
        "vintage": "Winter 2022"
    },
    {
        "animeEng": "Kaiketsu Zorori: Uchuu no Yuusha-tachi",
        "animeRomaji": "Kaiketsu Zorori: Uchuu no Yuusha-tachi",
        "songName": "To\u30fbBe\u30fbCon\u30fbNyu",
        "artist": "Makita Sports presents Fly or Die",
        "type": "Ending 1",
        "correctCount": 4,
        "startTime": 172,
        "songDuration": 237.864,
        "songNumber": 20,
        "activePlayerCount": 160,
        "LinkVideo": "https://files.catbox.moe/qgjwkp.webm",
        "LinkMp3": "https://files.catbox.moe/g7ng3j.mp3",
        "annId": 17221,
        "songDifficulty": 3.2367706522236457,
        "vintage": "Summer 2015",
        "correctPlayers": [
            "theyingster",
            "Haibara_Ai",
            "kneesoxluver",
            "thenoobster"
        ]
    },
    {
        "animeEng": "The Anthem of the Heart",
        "animeRomaji": "Kokoro ga Sakebitagatterun Da.",
        "songName": "Tamago no Naka ni wa Nani ga Aru",
        "artist": "Kouki Uchiyama",
        "type": "Insert Song",
        "correctCount": 18,
        "startTime": 16,
        "songDuration": 49.368,
        "songNumber": 21,
        "activePlayerCount": 161,
        "LinkVideo": "https://files.catbox.moe/xik1gz.webm",
        "LinkMp3": "https://files.catbox.moe/wcjk2g.mp3",
        "annId": 16728,
        "songDifficulty": 22.486872011232208,
        "vintage": "Summer 2015"
    },
    {
        "animeEng": "Hal",
        "animeRomaji": "Hal",
        "songName": "Owaranai Uta",
        "artist": "Yoko Hikasa",
        "type": "Ending 1",
        "correctCount": 22,
        "startTime": 16,
        "songDuration": 188.616,
        "songNumber": 22,
        "activePlayerCount": 161,
        "LinkVideo": "https://files.catbox.moe/5phv8g.webm",
        "LinkMp3": "https://files.catbox.moe/i6anwf.mp3",
        "annId": 14970,
        "songDifficulty": 10.730320699708455,
        "vintage": "Spring 2013"
    },
    {
        "animeEng": "AOKANA: Four Rhythm Across the Blue",
        "animeRomaji": "Ao no Kanata no Four Rhythm",
        "songName": "Contrail~Kiseki~",
        "artist": "Mami Kawada",
        "type": "Opening 1",
        "correctCount": 67,
        "startTime": 36,
        "songDuration": 89.064,
        "songNumber": 23,
        "activePlayerCount": 161,
        "LinkVideo": "https://files.catbox.moe/v8r4gj.webm",
        "LinkMp3": "https://files.catbox.moe/reod9s.mp3",
        "annId": 16555,
        "songDifficulty": 26.387090941011238,
        "vintage": "Winter 2016"
    },
    {
        "animeEng": "CATMAN",
        "animeRomaji": "CATMAN",
        "songName": "Giant",
        "artist": "The Planet Smashers",
        "type": "Insert Song",
        "correctCount": 47,
        "startTime": 5,
        "songDuration": 52.44,
        "songNumber": 24,
        "activePlayerCount": 160,
        "LinkVideo": "https://files.catbox.moe/tb0g2z.webm",
        "LinkMp3": "https://files.catbox.moe/gvk15u.mp3",
        "annId": 24932,
        "songDifficulty": 18.349365717821783,
        "vintage": "Winter 2002"
    },
    {
        "animeEng": "Negima!?",
        "animeRomaji": "Negima!?",
        "songName": "1000%SPARKING!",
        "artist": "Mahora Gakuen Chuutoubu 3-A + Rina Satou",
        "type": "Ending 13",
        "correctCount": 64,
        "startTime": 57,
        "songDuration": 89.04,
        "songNumber": 25,
        "activePlayerCount": 162,
        "LinkVideo": "https://files.catbox.moe/y9yzgr.webm",
        "LinkMp3": "https://files.catbox.moe/73sh2u.mp3",
        "annId": 6708,
        "songDifficulty": 35.684705219072164,
        "vintage": "Fall 2006"
    },
    {
        "animeEng": "Spooky Kitaro",
        "animeRomaji": "Gegege no Kitarou",
        "songName": "Gegege no Kitarou",
        "artist": "Kazuo Kumakura",
        "type": "Opening 1",
        "correctCount": 156,
        "startTime": 37,
        "songDuration": 91.224,
        "songNumber": 26,
        "activePlayerCount": 164,
        "LinkVideo": "https://files.catbox.moe/6r8e4q.webm",
        "LinkMp3": "https://files.catbox.moe/8y93hu.mp3",
        "annId": 1328,
        "songDifficulty": 54.49680205891347,
        "vintage": "Winter 1968"
    },
    {
        "animeEng": "Durarara!! \u00d72 The Second Arc",
        "animeRomaji": "Durarara!!\u00d72 Ten",
        "songName": "Day you laugh",
        "artist": "Toshiyuki Toyonaga",
        "type": "Opening 1",
        "correctCount": 73,
        "startTime": 42,
        "songDuration": 87.408,
        "songNumber": 27,
        "activePlayerCount": 164,
        "LinkVideo": "https://files.catbox.moe/t45l0f.webm",
        "LinkMp3": "https://files.catbox.moe/9api3x.mp3",
        "annId": 16669,
        "songDifficulty": 21.552348641419975,
        "vintage": "Summer 2015"
    },
    {
        "animeEng": "Fire Force Season 2",
        "animeRomaji": "Enen no Shouboutai: Ni no Shou",
        "songName": "Torch of Liberty",
        "artist": "KANA-BOON",
        "type": "Opening 2",
        "correctCount": 71,
        "startTime": 8,
        "songDuration": 89.568,
        "songNumber": 28,
        "activePlayerCount": 165,
        "LinkVideo": "https://files.catbox.moe/2utlr0.webm",
        "LinkMp3": "https://files.catbox.moe/gac1dl.mp3",
        "annId": 22952,
        "songDifficulty": 30.493294975242986,
        "vintage": "Summer 2020"
    },
    {
        "animeEng": "Sgt. Frog",
        "animeRomaji": "Keroro Gunsou",
        "songName": "Keroro Shoutai Kounin! Netsuretsu Kangei-teki Ekaki Uta!!",
        "artist": "Keroro All-Stars",
        "type": "Ending 3",
        "correctCount": 67,
        "startTime": 29,
        "songDuration": 89.832,
        "songNumber": 29,
        "activePlayerCount": 165,
        "LinkVideo": "https://files.catbox.moe/w9f83h.webm",
        "LinkMp3": "https://files.catbox.moe/spxvg6.mp3",
        "annId": 3711,
        "songDifficulty": 44.66594420707472,
        "vintage": "Spring 2004"
    },
    {
        "animeEng": "MFKZ",
        "animeRomaji": "Mutafukaz",
        "songName": "DE LA CALLE MUTAFUKA'",
        "artist": "Jon de Jon",
        "type": "Insert Song",
        "correctCount": 123,
        "startTime": 9,
        "songDuration": 57.168,
        "songNumber": 30,
        "activePlayerCount": 165,
        "LinkVideo": "https://files.catbox.moe/vwb02d.webm",
        "LinkMp3": "https://files.catbox.moe/3k677t.mp3",
        "annId": 22356,
        "songDifficulty": 38.255118919885554,
        "vintage": "Spring 2017"
    },
    {
        "animeEng": "Dallos",
        "animeRomaji": "Dallos",
        "songName": "Dallos no Theme",
        "artist": "HORN SPECTRUM",
        "type": "Opening 1",
        "correctCount": 12,
        "startTime": 4,
        "songDuration": 88.872,
        "songNumber": 31,
        "activePlayerCount": 165,
        "LinkVideo": "https://files.catbox.moe/n2dj4i.webm",
        "LinkMp3": "https://files.catbox.moe/vmrhck.mp3",
        "annId": 900,
        "songDifficulty": 14.353083227962427,
        "vintage": "Fall 1983"
    },
    {
        "animeEng": "Kikou Sennyo Rouran",
        "animeRomaji": "Kikou Sennyo Rouran",
        "songName": "Iroha Uta",
        "artist": "Toshimune Suzuki",
        "type": "Ending 2",
        "correctCount": 5,
        "startTime": 18,
        "songDuration": 60.0555,
        "songNumber": 32,
        "activePlayerCount": 166,
        "LinkVideo": "https://files.catbox.moe/km973h.webm",
        "LinkMp3": "https://files.catbox.moe/d79w96.mp3",
        "annId": 2164,
        "songDifficulty": 18.81773302801724,
        "vintage": "Fall 2002",
        "correctPlayers": [
            "Erza_Asiaversal",
            "theyingster",
            "asleep",
            "DjCharat",
            "HDNC"
        ]
    },
    {
        "animeEng": "Fairy Tail",
        "animeRomaji": "Fairy Tail",
        "songName": "ft.",
        "artist": "FUNKIST",
        "type": "Opening 3",
        "correctCount": 94,
        "startTime": 7,
        "songDuration": 88.56,
        "songNumber": 33,
        "activePlayerCount": 166,
        "LinkVideo": "https://files.catbox.moe/np0wyu.webm",
        "LinkMp3": "https://files.catbox.moe/xqml71.mp3",
        "annId": 10942,
        "songDifficulty": 48.00822078036723,
        "vintage": "Fall 2009"
    },
    {
        "animeEng": "Emergency Departure Rescue Kids",
        "animeRomaji": "Kinkyuu Hasshin Saver Kids",
        "songName": "Dancing Beat",
        "artist": "Lovers",
        "type": "Opening 1",
        "correctCount": 6,
        "startTime": 14,
        "songDuration": 87.672,
        "songNumber": 34,
        "activePlayerCount": 167,
        "LinkVideo": "https://files.catbox.moe/vwpqal.webm",
        "LinkMp3": "https://files.catbox.moe/t0by1f.mp3",
        "annId": 218,
        "songDifficulty": 4.6358213577026754,
        "vintage": "Winter 1991"
    },
    {
        "animeEng": "Fate/Zero",
        "animeRomaji": "Fate/Zero",
        "songName": "oath sign",
        "artist": "LiSA",
        "type": "Opening 1",
        "correctCount": 135,
        "startTime": 17,
        "songDuration": 90.072,
        "songNumber": 35,
        "activePlayerCount": 168,
        "LinkVideo": "https://files.catbox.moe/qgy2zu.webm",
        "LinkMp3": "https://files.catbox.moe/txss3m.mp3",
        "annId": 12376,
        "songDifficulty": 42.980391226405146,
        "vintage": "Fall 2011"
    },
    {
        "animeEng": "Occultic;Nine",
        "animeRomaji": "Occultic;Nine",
        "songName": "Seisuu 3 no Nijou",
        "artist": "Kanako Itou",
        "type": "Opening 1",
        "correctCount": 49,
        "startTime": 58,
        "songDuration": 90.12,
        "songNumber": 36,
        "activePlayerCount": 168,
        "LinkVideo": "https://files.catbox.moe/zqbedq.webm",
        "LinkMp3": "https://files.catbox.moe/q71obq.mp3",
        "annId": 18156,
        "songDifficulty": 24.879940047316914,
        "vintage": "Fall 2016"
    },
    {
        "animeEng": "Shakugan no Shana Special: Off-Campus Class on Love and Onsen!",
        "animeRomaji": "Shakugan no Shana Tokubetsu-hen: Koi to Onsen no Kougai Gakushuu!",
        "songName": "Yoake Umarekuru Shoujo",
        "artist": "Yoko Takahashi",
        "type": "Ending 1",
        "correctCount": 67,
        "startTime": 14,
        "songDuration": 89.736,
        "songNumber": 37,
        "activePlayerCount": 167,
        "LinkVideo": "https://files.catbox.moe/1ulj8q.webm",
        "LinkMp3": "https://files.catbox.moe/34uxcz.mp3",
        "annId": 6821,
        "songDifficulty": 29.886214252767527,
        "vintage": "Fall 2006"
    },
    {
        "animeEng": "Strike Witches",
        "animeRomaji": "Strike Witches",
        "songName": "Bookmark A Head",
        "artist": "Chiwa Saito & Ami Koshimizu",
        "type": "Ending 4",
        "correctCount": 42,
        "startTime": 47,
        "songDuration": 90.144,
        "songNumber": 38,
        "activePlayerCount": 168,
        "LinkVideo": "https://files.catbox.moe/i7q73f.webm",
        "LinkMp3": "https://files.catbox.moe/3egvch.mp3",
        "annId": 9139,
        "songDifficulty": 25.08671370967742,
        "vintage": "Summer 2008"
    },
    {
        "animeEng": "Digimon Adventure",
        "animeRomaji": "Digimon Adventure",
        "songName": "Butter-Fly",
        "artist": "Kouji Wada",
        "type": "Opening 1",
        "correctCount": 127,
        "startTime": 41,
        "songDuration": 93.576,
        "songNumber": 39,
        "activePlayerCount": 167,
        "LinkVideo": "https://files.catbox.moe/50hqw3.webm",
        "LinkMp3": "https://files.catbox.moe/u3ufrj.mp3",
        "annId": 794,
        "songDifficulty": 44.89127733598409,
        "vintage": "Winter 1999"
    },
    {
        "animeEng": "Turn A Gundam",
        "animeRomaji": "Turn A Gundam",
        "songName": "Turn A Turn",
        "artist": "Hideki Saijou",
        "type": "Opening 1",
        "correctCount": 142,
        "startTime": 5,
        "songDuration": 79.824,
        "songNumber": 40,
        "activePlayerCount": 167,
        "LinkVideo": "https://files.catbox.moe/p8mxyo.webm",
        "LinkMp3": "https://files.catbox.moe/aqf4n8.mp3",
        "annId": 917,
        "songDifficulty": 31.52505673779769,
        "vintage": "Spring 1999"
    },
    {
        "animeEng": "The Seven Deadly Sins",
        "animeRomaji": "Nanatsu no Taizai",
        "songName": "7-seven-",
        "artist": "FLOW\u00d7GRANRODEO",
        "type": "Ending 1",
        "correctCount": 94,
        "startTime": 26,
        "songDuration": 88.944,
        "songNumber": 41,
        "activePlayerCount": 167,
        "LinkVideo": "https://files.catbox.moe/io2iow.webm",
        "LinkMp3": "https://files.catbox.moe/5k4ino.mp3",
        "annId": 16167,
        "songDifficulty": 27.893079986724196,
        "vintage": "Fall 2014"
    },
    {
        "animeEng": "Kakyuusei 2",
        "animeRomaji": "Kakyuusei 2: Hitomi no Naka no Shoujo-tachi",
        "songName": "18",
        "artist": "Katyusha",
        "type": "Opening 1",
        "correctCount": 8,
        "startTime": 23,
        "songDuration": 90.432,
        "songNumber": 42,
        "activePlayerCount": 168,
        "LinkVideo": "https://files.catbox.moe/d7hgrl.webm",
        "LinkMp3": "https://files.catbox.moe/aggmel.mp3",
        "annId": 4487,
        "songDifficulty": 12.309269510360963,
        "vintage": "Fall 2004"
    },
    {
        "animeEng": "Ojamajo Doremi Dokkaan",
        "animeRomaji": "Ojamajo Doremi Dokkaan",
        "songName": "Majo Rika Bravo!",
        "artist": "Nao Nagasawa",
        "type": "Insert Song",
        "correctCount": 5,
        "startTime": 11,
        "songDuration": 52.992,
        "songNumber": 43,
        "activePlayerCount": 169,
        "LinkVideo": "https://files.catbox.moe/jzllmt.webm",
        "LinkMp3": "https://files.catbox.moe/5w4voc.mp3",
        "annId": 1649,
        "songDifficulty": 11.44704433497537,
        "vintage": "Winter 2002",
        "correctPlayers": [
            "doomchicken",
            "claydoll1091",
            "Delete",
            "junninbr",
            "Cirquit"
        ]
    },
    {
        "animeEng": "Chibi Maruko-chan",
        "animeRomaji": "Chibi Maruko-chan",
        "songName": "Odoru Ponpokorin",
        "artist": "B.B.Queens",
        "type": "Opening 1",
        "correctCount": 89,
        "startTime": 20,
        "songDuration": 84.384,
        "songNumber": 44,
        "activePlayerCount": 169,
        "LinkVideo": "https://files.catbox.moe/ttoh9w.webm",
        "LinkMp3": "https://files.catbox.moe/bnujzt.mp3",
        "annId": 14072,
        "songDifficulty": 30.098711867559523,
        "vintage": "Fall 1990"
    },
    {
        "animeEng": ".hack//Intermezzo",
        "animeRomaji": ".hack//Intermezzo",
        "songName": "Yasashii Yoake",
        "artist": "See-Saw",
        "type": "Ending 1",
        "correctCount": 76,
        "startTime": 28,
        "songDuration": 88.56,
        "songNumber": 45,
        "activePlayerCount": 169,
        "LinkVideo": "https://files.catbox.moe/rgfgad.webm",
        "LinkMp3": "https://files.catbox.moe/hy6npj.mp3",
        "annId": 3532,
        "songDifficulty": 32.865057373046874,
        "vintage": "Winter 2003"
    },
    {
        "animeEng": "Today's Menu for the Emiya Family",
        "animeRomaji": "Emiya-san Chi no Kyou no Gohan",
        "songName": "Apron Boy",
        "artist": "DJ Misoshiru to MC Gohan",
        "type": "Opening 1",
        "correctCount": 97,
        "startTime": 5,
        "songDuration": 58.8,
        "songNumber": 46,
        "activePlayerCount": 169,
        "LinkVideo": "https://files.catbox.moe/h6jdbc.webm",
        "LinkMp3": "https://files.catbox.moe/yy5b84.mp3",
        "annId": 20493,
        "songDifficulty": 36.369381245538904,
        "vintage": "Winter 2018"
    },
    {
        "animeEng": "Kemono Friends 2",
        "animeRomaji": "Kemono Friends 2",
        "songName": "Youkoso Japari Park e",
        "artist": "Doubutsu Biscuit x PPP",
        "type": "Ending 3",
        "correctCount": 105,
        "startTime": 22,
        "songDuration": 198.48,
        "songNumber": 47,
        "activePlayerCount": 168,
        "LinkVideo": "https://files.catbox.moe/uy1sg5.webm",
        "LinkMp3": "https://files.catbox.moe/p5jnlm.mp3",
        "annId": 21589,
        "songDifficulty": 38.38848152129402,
        "vintage": "Winter 2019"
    },
    {
        "animeEng": "Haikyu!!",
        "animeRomaji": "Haikyu!!",
        "songName": "Imagination",
        "artist": "SPYAIR",
        "type": "Opening 1",
        "correctCount": 120,
        "startTime": 31,
        "songDuration": 89.568,
        "songNumber": 48,
        "activePlayerCount": 169,
        "LinkVideo": "https://files.catbox.moe/bittzk.webm",
        "LinkMp3": "https://files.catbox.moe/fqwcd3.mp3",
        "annId": 15683,
        "songDifficulty": 49.113121370213605,
        "vintage": "Spring 2014"
    },
    {
        "animeEng": "Q Transformers: Kaettekita Convoy no Nazo",
        "animeRomaji": "Q Transformers: Kaettekita Convoy no Nazo",
        "songName": "physical",
        "artist": "OLDCODEX",
        "type": "Opening 1",
        "correctCount": 23,
        "startTime": 4,
        "songDuration": 43.464,
        "songNumber": 49,
        "activePlayerCount": 169,
        "LinkVideo": "https://files.catbox.moe/9zvayt.webm",
        "LinkMp3": "https://files.catbox.moe/wca6he.mp3",
        "annId": 16249,
        "songDifficulty": 13.457575834690553,
        "vintage": "Winter 2015"
    },
    {
        "animeEng": "Majo Minarai o Sagashite",
        "animeRomaji": "Majo Minarai o Sagashite",
        "songName": "Ojamajo Carnival!! (+Kodomo-tachi Version)",
        "artist": "MAHO-dou + Kodomo-tachi",
        "type": "Insert Song",
        "correctCount": 18,
        "startTime": 3,
        "songDuration": 74.064,
        "songNumber": 50,
        "activePlayerCount": 169,
        "LinkVideo": "https://files.catbox.moe/cb77xw.webm",
        "LinkMp3": "https://files.catbox.moe/qo3ao2.mp3",
        "annId": 22003,
        "songDifficulty": 16.343860065607736,
        "vintage": "Fall 2020"
    },
    {
        "animeEng": "No. 6",
        "animeRomaji": "No. 6",
        "songName": "Buna no Mori de",
        "artist": "Yoshimasa Hosoya",
        "type": "Insert Song",
        "correctCount": 13,
        "startTime": 63,
        "songDuration": 110.448,
        "songNumber": 51,
        "activePlayerCount": 169,
        "LinkVideo": "https://files.catbox.moe/8sq0st.webm",
        "LinkMp3": "https://files.catbox.moe/nwarvf.mp3",
        "annId": 12399,
        "songDifficulty": 14.363751112099644,
        "vintage": "Summer 2011"
    },
    {
        "animeEng": "Shakugan no Shana S",
        "animeRomaji": "Shakugan no Shana S",
        "songName": "portamento",
        "artist": "Mami Kawada",
        "type": "Insert Song",
        "correctCount": 42,
        "startTime": 44,
        "songDuration": 159.192,
        "songNumber": 52,
        "activePlayerCount": 170,
        "LinkVideo": "https://files.catbox.moe/tfhjdp.webm",
        "LinkMp3": "https://files.catbox.moe/2lupxs.mp3",
        "annId": 10956,
        "songDifficulty": 19.368990942870415,
        "vintage": "Fall 2009"
    },
    {
        "animeEng": "Gekijouban Shirobako",
        "animeRomaji": "Gekijouban Shirobako",
        "songName": "Animation o Tsukurimashou",
        "artist": "Juri Kimura, Kouki Miyata, Hisako Kanemoto, Yuri Yamaoka, Madoka Yonezawa, Manami Numakura, Shizuka Itou, Mai Nakahara, Ai Kayano",
        "type": "Insert Song",
        "correctCount": 18,
        "startTime": 21,
        "songDuration": 264.048,
        "songNumber": 53,
        "activePlayerCount": 171,
        "LinkVideo": "https://files.catbox.moe/z0kzdl.webm",
        "LinkMp3": "https://files.catbox.moe/fg3g2t.mp3",
        "annId": 22595,
        "songDifficulty": 13.212528796073718,
        "vintage": "Winter 2020"
    },
    {
        "animeEng": "Ensemble Stars!",
        "animeRomaji": "EnStars",
        "songName": "Yukai Tsuukai That's alright!",
        "artist": "MaM",
        "type": "Ending 9",
        "correctCount": 14,
        "startTime": 39,
        "songDuration": 91.272,
        "songNumber": 54,
        "activePlayerCount": 171,
        "LinkVideo": "https://files.catbox.moe/45c4wd.webm",
        "LinkMp3": "https://files.catbox.moe/bsr8je.mp3",
        "annId": 22259,
        "songDifficulty": 23.07101426235465,
        "vintage": "Summer 2019"
    },
    {
        "animeEng": "Shin Chou Bakumatsu Shounen Seiki Takamaru",
        "animeRomaji": "Shin Chou Bakumatsu Shounen Seiki Takamaru",
        "songName": "Neppu Shounen Roku -Come on Chanpon Tengoku-",
        "artist": "Hiroko Kasahara",
        "type": "Opening 1",
        "correctCount": 6,
        "startTime": 3,
        "songDuration": 103.656,
        "songNumber": 55,
        "activePlayerCount": 172,
        "LinkVideo": "https://files.catbox.moe/lyco9t.webm",
        "LinkMp3": "https://files.catbox.moe/rntbmk.mp3",
        "annId": 7265,
        "songDifficulty": 4.7100943447961665,
        "vintage": "Fall 1992"
    },
    {
        "animeEng": "Shoujo\u2606Kageki Revue Starlight: Rondo Rondo Rondo",
        "animeRomaji": "Shoujo\u2606Kageki Revue Starlight: Rondo Rondo Rondo",
        "songName": "Starlight (movie ver.)",
        "artist": "Momoyo Koyama & Suzuko Mimori",
        "type": "Insert Song",
        "correctCount": 34,
        "startTime": 116,
        "songDuration": 415.656,
        "songNumber": 56,
        "activePlayerCount": 172,
        "LinkVideo": "https://files.catbox.moe/qbcalg.webm",
        "LinkMp3": "https://files.catbox.moe/mkpit2.mp3",
        "annId": 22992,
        "songDifficulty": 23.55878119276557,
        "vintage": "Spring 2020"
    },
    {
        "animeEng": "Paprika",
        "animeRomaji": "Paprika",
        "songName": "Byakkoya",
        "artist": "Susumu Hirasawa",
        "type": "Ending 1",
        "correctCount": 75,
        "startTime": 115,
        "songDuration": 283.968,
        "songNumber": 57,
        "activePlayerCount": 171,
        "LinkVideo": "https://files.catbox.moe/pn3cj8.webm",
        "LinkMp3": "https://files.catbox.moe/vxlqtq.mp3",
        "annId": 6142,
        "songDifficulty": 41.606010156030365,
        "vintage": "Fall 2006"
    },
    {
        "animeEng": "Final Fantasy VII: Advent Children",
        "animeRomaji": "Final Fantasy VII: Advent Children",
        "songName": "Divinity",
        "artist": "Tokyo Philharmonic Chorus",
        "type": "Insert Song",
        "correctCount": 14,
        "startTime": 118,
        "songDuration": 209.712,
        "songNumber": 58,
        "activePlayerCount": 171,
        "LinkVideo": "https://files.catbox.moe/cgapiv.webm",
        "LinkMp3": "https://files.catbox.moe/446e9c.mp3",
        "annId": 3344,
        "songDifficulty": 16.38712519333521,
        "vintage": "Summer 2005"
    },
    {
        "animeEng": "Netrun-mon the Movie",
        "animeRomaji": "Netrun-mon the Movie",
        "songName": "LiNK",
        "artist": "Aramary",
        "type": "Ending 1",
        "correctCount": 8,
        "startTime": 6,
        "songDuration": 88.56,
        "songNumber": 59,
        "activePlayerCount": 171,
        "LinkVideo": "https://files.catbox.moe/cn1rge.webm",
        "LinkMp3": "https://files.catbox.moe/49atou.mp3",
        "annId": 6051,
        "songDifficulty": 7.990236656688084,
        "vintage": "Fall 2004"
    },
    {
        "animeEng": "Don Dracula",
        "animeRomaji": "Don Dracula",
        "songName": "Otosan wa Kyuketsuki",
        "artist": "Yoshimi Niikura",
        "type": "Ending 1",
        "correctCount": 2,
        "startTime": 28,
        "songDuration": 67.176,
        "songNumber": 60,
        "activePlayerCount": 170,
        "LinkVideo": "https://files.catbox.moe/cxwnht.webm",
        "LinkMp3": "https://files.catbox.moe/otmaz4.mp3",
        "annId": 1314,
        "songDifficulty": 17.099443258698454,
        "vintage": "Spring 1982",
        "correctPlayers": [
            "theyingster",
            "HDNC"
        ]
    },
    {
        "animeEng": "Gankutsuou",
        "animeRomaji": "Gankutsuou: The Count of Monte Cristo",
        "songName": "We Were Lovers",
        "artist": "Jean-Jacques Burnel",
        "type": "Opening 1",
        "correctCount": 78,
        "startTime": 56,
        "songDuration": 87.648,
        "songNumber": 61,
        "activePlayerCount": 170,
        "LinkVideo": "https://files.catbox.moe/cvpu9z.webm",
        "LinkMp3": "https://files.catbox.moe/7gjhiv.mp3",
        "annId": 4194,
        "songDifficulty": 30.05368887185281,
        "vintage": "Fall 2004"
    },
    {
        "animeEng": "Eiga Sumikko Gurashi: Aoi Tsukiyo no Mahou no Ko",
        "animeRomaji": "Eiga Sumikko Gurashi: Aoi Tsukiyo no Mahou no Ko",
        "songName": "Small world",
        "artist": "BUMP OF CHICKEN",
        "type": "Ending 1",
        "correctCount": 7,
        "startTime": 83,
        "songDuration": 314.976,
        "songNumber": 62,
        "activePlayerCount": 172,
        "LinkVideo": "https://files.catbox.moe/1kua6d.webm",
        "LinkMp3": "https://files.catbox.moe/inaqho.mp3",
        "annId": 24299,
        "songDifficulty": 16.844552577227013,
        "vintage": "Fall 2021"
    },
    {
        "animeEng": ".hack//SIGN",
        "animeRomaji": ".hack//SIGN",
        "songName": "Obsession",
        "artist": "See-Saw",
        "type": "Opening 1",
        "correctCount": 120,
        "startTime": 19,
        "songDuration": 93.072,
        "songNumber": 63,
        "activePlayerCount": 172,
        "LinkVideo": "https://files.catbox.moe/nc38ej.webm",
        "LinkMp3": "https://files.catbox.moe/o8o21v.mp3",
        "annId": 605,
        "songDifficulty": 36.19183768656716,
        "vintage": "Spring 2002"
    },
    {
        "animeEng": "Dosukoi Sushi-Zumou",
        "animeRomaji": "Dosukoi Sushi-Zumou",
        "songName": "Sushi Sushi Show!",
        "artist": "Dosukoi Kids with Keropons",
        "type": "Opening 1",
        "correctCount": 47,
        "startTime": 2,
        "songDuration": 36.048,
        "songNumber": 64,
        "activePlayerCount": 172,
        "LinkVideo": "https://files.catbox.moe/8a29g8.webm",
        "LinkMp3": "https://files.catbox.moe/bbxa0l.mp3",
        "annId": 24210,
        "songDifficulty": 19.801064097255086,
        "vintage": "Spring 2021"
    },
    {
        "animeEng": "She and Her Cat: Everything Flows",
        "animeRomaji": "Kanojo to Kanojo no Neko: Everything Flows",
        "songName": "Glass no Hitomi",
        "artist": "Kana Hanazawa",
        "type": "Opening 1",
        "correctCount": 67,
        "startTime": 19,
        "songDuration": 88.2,
        "songNumber": 65,
        "activePlayerCount": 171,
        "LinkVideo": "https://files.catbox.moe/g0ks4a.webm",
        "LinkMp3": "https://files.catbox.moe/2ha1rg.mp3",
        "annId": 17980,
        "songDifficulty": 19.731481631989595,
        "vintage": "Winter 2016"
    },
    {
        "animeEng": "Sangokushi",
        "animeRomaji": "Sangokushi",
        "songName": "Yume Ichizu ni",
        "artist": "Masatoshi Nakamura",
        "type": "Ending 1",
        "correctCount": 2,
        "startTime": 8,
        "songDuration": 145.584,
        "songNumber": 66,
        "activePlayerCount": 173,
        "LinkVideo": "https://files.catbox.moe/ectq0t.webm",
        "LinkMp3": "https://files.catbox.moe/i2ey3l.mp3",
        "annId": 7011,
        "songDifficulty": 3.6734536400301763,
        "vintage": "Winter 1985",
        "correctPlayers": [
            "theyingster",
            "copula"
        ]
    },
    {
        "animeEng": "JoJo's Bizarre Adventure: Stardust Crusaders",
        "animeRomaji": "JoJo no Kimyou na Bouken: Stardust Crusaders",
        "songName": "Walk Like an Egyptian",
        "artist": "Bangles",
        "type": "Ending 1",
        "correctCount": 129,
        "startTime": 31,
        "songDuration": 87.984,
        "songNumber": 67,
        "activePlayerCount": 173,
        "LinkVideo": "https://files.catbox.moe/ln85pl.webm",
        "LinkMp3": "https://files.catbox.moe/ufaje7.mp3",
        "annId": 15692,
        "songDifficulty": 51.638922361852295,
        "vintage": "Spring 2014"
    },
    {
        "animeEng": "Geneshaft",
        "animeRomaji": "Geneshaft",
        "songName": "SHAFT DRIVE",
        "artist": "Akira Takasaki",
        "type": "Opening 1",
        "correctCount": 8,
        "startTime": 4,
        "songDuration": 59.061842,
        "songNumber": 68,
        "activePlayerCount": 172,
        "LinkVideo": "https://files.catbox.moe/iu9m53.webm",
        "LinkMp3": "https://files.catbox.moe/716wdl.mp3",
        "annId": 467,
        "songDifficulty": 11.774925012665808,
        "vintage": "Spring 2001"
    },
    {
        "animeEng": "Love, Chunibyo & Other Delusions! Lite",
        "animeRomaji": "Chuunibyou demo Koi ga Shitai! Lite",
        "songName": "Kimi e",
        "artist": "ZAQ",
        "type": "Opening 1",
        "correctCount": 43,
        "startTime": 13,
        "songDuration": 89.568,
        "songNumber": 69,
        "activePlayerCount": 172,
        "LinkVideo": "https://files.catbox.moe/42yr8f.webm",
        "LinkMp3": "https://files.catbox.moe/q1miu6.mp3",
        "annId": 15423,
        "songDifficulty": 12.570398727885083,
        "vintage": "Summer 2012"
    },
    {
        "animeEng": "Carnival Phantasm",
        "animeRomaji": "Carnival Phantasm",
        "songName": "Super Affection",
        "artist": "Minami Kuribayashi, Miyuki Hashimoto, Faylan, Aki Misato, yozuca*, rino",
        "type": "Opening 1",
        "correctCount": 118,
        "startTime": 13,
        "songDuration": 94.992,
        "songNumber": 70,
        "activePlayerCount": 172,
        "LinkVideo": "https://files.catbox.moe/tdhmrm.webm",
        "LinkMp3": "https://files.catbox.moe/bhg3zx.mp3",
        "annId": 12270,
        "songDifficulty": 42.117879500436025,
        "vintage": "Summer 2011"
    },
    {
        "animeEng": "Bungo Stray Dogs",
        "animeRomaji": "Bungo Stray Dogs",
        "songName": "TRASH CANDY",
        "artist": "GRANRODEO",
        "type": "Opening 1",
        "correctCount": 97,
        "startTime": 11,
        "songDuration": 89.568,
        "songNumber": 71,
        "activePlayerCount": 170,
        "LinkVideo": "https://files.catbox.moe/ya38xy.webm",
        "LinkMp3": "https://files.catbox.moe/m3pxjh.mp3",
        "annId": 17693,
        "songDifficulty": 31.582576765852266,
        "vintage": "Spring 2016"
    },
    {
        "animeEng": "Ro-Kyu-Bu! SS",
        "animeRomaji": "Ro-Kyu-Bu! SS",
        "songName": "SHOOT!",
        "artist": "RO-KYU-BU!",
        "type": "Insert Song",
        "correctCount": 99,
        "startTime": 60,
        "songDuration": 186.552,
        "songNumber": 72,
        "activePlayerCount": 171,
        "LinkVideo": "https://files.catbox.moe/zhstx7.webm",
        "LinkMp3": "https://files.catbox.moe/we94t8.mp3",
        "annId": 14852,
        "songDifficulty": 40.9375284781288,
        "vintage": "Summer 2013"
    },
    {
        "animeEng": "Pretty Rhythm All Star Selection",
        "animeRomaji": "Pretty Rhythm All Star Selection",
        "songName": "Heart\u2665Iro\u2665Tori Dream",
        "artist": "Emiri Katou",
        "type": "Insert Song",
        "correctCount": 19,
        "startTime": 29,
        "songDuration": 86.208,
        "songNumber": 73,
        "activePlayerCount": 171,
        "LinkVideo": "https://files.catbox.moe/9er3ny.webm",
        "LinkMp3": "https://files.catbox.moe/atp6go.mp3",
        "annId": 15888,
        "songDifficulty": 42.45283018867924,
        "vintage": "Spring 2014"
    },
    {
        "animeEng": "Pok\u00e9mon: Diamond and Pearl",
        "animeRomaji": "Pocket Monsters Diamond & Pearl",
        "songName": "Spurt!",
        "artist": "Rica Matsumoto",
        "type": "Insert Song",
        "correctCount": 33,
        "startTime": 50,
        "songDuration": 83.616,
        "songNumber": 74,
        "activePlayerCount": 171,
        "LinkVideo": "https://files.catbox.moe/d3dmdq.webm",
        "LinkMp3": "https://files.catbox.moe/q4z1cm.mp3",
        "annId": 6836,
        "songDifficulty": 26.466767592766118,
        "vintage": "Summer 2006"
    },
    {
        "animeEng": "Fairy gone",
        "animeRomaji": "Fairy gone",
        "songName": "Stampede",
        "artist": "(K)NoW_NAME:AIJ",
        "type": "Insert Song",
        "correctCount": 15,
        "startTime": 99,
        "songDuration": 234.624,
        "songNumber": 75,
        "activePlayerCount": 170,
        "LinkVideo": "https://files.catbox.moe/4qf42x.webm",
        "LinkMp3": "https://files.catbox.moe/vhpv1g.mp3",
        "annId": 21766,
        "songDifficulty": 15.613381822863028,
        "vintage": "Spring 2019"
    },
    {
        "animeEng": "Working Buddies!",
        "animeRomaji": "Hataraku Onii-san!",
        "songName": "Hataraku Onii-san",
        "artist": "DearDream",
        "type": "Opening 1",
        "correctCount": 139,
        "startTime": 0,
        "songDuration": 14.136,
        "songNumber": 76,
        "activePlayerCount": 170,
        "LinkVideo": "https://files.catbox.moe/ul6oce.webm",
        "LinkMp3": "https://files.catbox.moe/xghk5u.mp3",
        "annId": 20505,
        "songDifficulty": 42.91026908528198,
        "vintage": "Winter 2018"
    },
    {
        "animeEng": "Shounan Bakusouzoku",
        "animeRomaji": "Shounan Bakusouzoku",
        "songName": "MEMORIES IN MY EYES",
        "artist": "Miyako Endou",
        "type": "Insert Song",
        "correctCount": 3,
        "startTime": 56,
        "songDuration": 104.88,
        "songNumber": 77,
        "activePlayerCount": 170,
        "LinkVideo": "https://files.catbox.moe/1hp3c0.webm",
        "LinkMp3": "https://files.catbox.moe/kfjlcy.mp3",
        "annId": 731,
        "songDifficulty": 39.583334350585936,
        "vintage": "Summer 1986",
        "correctPlayers": [
            "theyingster",
            "lewe",
            "Delete"
        ]
    },
    {
        "animeEng": "Aikatsu!",
        "animeRomaji": "Aikatsu!",
        "songName": "Move on now!",
        "artist": "Nanase from AIKATSU\u2606STARS!",
        "type": "Insert Song",
        "correctCount": 87,
        "startTime": 9,
        "songDuration": 107.688,
        "songNumber": 78,
        "activePlayerCount": 170,
        "LinkVideo": "https://files.catbox.moe/36b5aq.webm",
        "LinkMp3": "https://files.catbox.moe/q0biuk.mp3",
        "annId": 16824,
        "songDifficulty": 36.84636123168747,
        "vintage": "Fall 2015"
    },
    {
        "animeEng": "My Love Story!!",
        "animeRomaji": "Ore Monogatari!!",
        "songName": "Miraikei Answer",
        "artist": "TRUSTRICK",
        "type": "Opening 1",
        "correctCount": 80,
        "startTime": 43,
        "songDuration": 89.064,
        "songNumber": 79,
        "activePlayerCount": 172,
        "LinkVideo": "https://files.catbox.moe/yb6py0.webm",
        "LinkMp3": "https://files.catbox.moe/sh1bnq.mp3",
        "annId": 16514,
        "songDifficulty": 22.732059371753348,
        "vintage": "Spring 2015"
    },
    {
        "animeEng": "Nekopara",
        "animeRomaji": "Nekopara",
        "songName": "Shiny Happy Days",
        "artist": "Yuki Yagi, Iori Saeki, Shiori Izawa, Miku Itou, Yuri Noguchi, Marin Mizutani",
        "type": "Opening 1",
        "correctCount": 88,
        "startTime": 44,
        "songDuration": 89.304,
        "songNumber": 80,
        "activePlayerCount": 172,
        "LinkVideo": "https://files.catbox.moe/uo7vd0.webm",
        "LinkMp3": "https://files.catbox.moe/ltfhqm.mp3",
        "annId": 22247,
        "songDifficulty": 31.77805410514944,
        "vintage": "Winter 2020"
    },
    {
        "animeEng": "Hakuouki Shinkai: Kaze no Shou",
        "animeRomaji": "Hakuouki Shinkai: Kaze no Shou",
        "songName": "Tokiwabi",
        "artist": "Aika Yoshioka",
        "type": "Ending 1",
        "correctCount": 5,
        "startTime": 74,
        "songDuration": 119.784,
        "songNumber": 81,
        "activePlayerCount": 170,
        "LinkVideo": "https://files.catbox.moe/jvhoaz.webm",
        "LinkMp3": "https://files.catbox.moe/t94auy.mp3",
        "annId": 23042,
        "songDifficulty": 5.726065293178763,
        "vintage": "Summer 2015",
        "correctPlayers": [
            "Erza_Asiaversal",
            "kneesoxluver",
            "claydoll1091",
            "HDNC",
            "SakuraFujima"
        ]
    },
    {
        "animeEng": "Lapis Re:LiGHTs",
        "animeRomaji": "Lapis Re:LiGHTs",
        "songName": "Positive\u2605Paradise",
        "artist": "Sadistic\u2605Candy",
        "type": "Insert Song",
        "correctCount": 20,
        "startTime": 13,
        "songDuration": 93.151052,
        "songNumber": 82,
        "activePlayerCount": 170,
        "LinkVideo": "https://files.catbox.moe/3ahhpr.webm",
        "LinkMp3": "https://files.catbox.moe/0d6exk.mp3",
        "annId": 22935,
        "songDifficulty": 20.593046819631468,
        "vintage": "Summer 2020"
    },
    {
        "animeEng": "Polar Bear's Caf\u00e9",
        "animeRomaji": "Shirokuma Caf\u00e9",
        "songName": "Ikinokore! Shirokuma",
        "artist": "MC469MA",
        "type": "Insert Song",
        "correctCount": 125,
        "startTime": 8,
        "songDuration": 48.864,
        "songNumber": 83,
        "activePlayerCount": 170,
        "LinkVideo": "https://files.catbox.moe/49twnb.webm",
        "LinkMp3": "https://files.catbox.moe/nicny4.mp3",
        "annId": 13985,
        "songDifficulty": 35.39912866076876,
        "vintage": "Spring 2012"
    },
    {
        "animeEng": "Golden Time",
        "animeRomaji": "Golden Time",
        "songName": "The\u2661World's\u2661End",
        "artist": "Yui Horie",
        "type": "Opening 2",
        "correctCount": 119,
        "startTime": 3,
        "songDuration": 90.072,
        "songNumber": 84,
        "activePlayerCount": 169,
        "LinkVideo": "https://files.catbox.moe/rp4t93.webm",
        "LinkMp3": "https://files.catbox.moe/nlakmy.mp3",
        "annId": 15548,
        "songDifficulty": 33.0973337085801,
        "vintage": "Fall 2013"
    },
    {
        "animeEng": "Eiga Odd Taxi: In the Woods",
        "animeRomaji": "Eiga Odd Taxi: In the Woods",
        "songName": "ODDTAXI Film MIX",
        "artist": "Skirt to PUNPEE",
        "type": "Ending 1",
        "correctCount": 29,
        "startTime": 181,
        "songDuration": 223.152,
        "songNumber": 85,
        "activePlayerCount": 163,
        "LinkVideo": "https://files.catbox.moe/f5ql9t.webm",
        "LinkMp3": "https://files.catbox.moe/ops1a5.mp3",
        "annId": 25089,
        "songDifficulty": 25.454545454545453,
        "vintage": "Spring 2022"
    }
]