[
    {
        "animeEng": "Soul Hunter",
        "animeRomaji": "Senkaiden Houshin Engi",
        "songName": "Kaze no Tabibito",
        "artist": "Isao Yamagishi",
        "type": "Insert Song",
        "correctCount": 0,
        "startTime": 25,
        "songDuration": 106.056,
        "songNumber": 1,
        "activePlayerCount": 123,
        "LinkVideo": "https://files.catbox.moe/w4mst7.webm",
        "LinkMp3": "https://files.catbox.moe/flvmq3.mp3",
        "annId": 282,
        "songDifficulty": 6.540697674418604,
        "vintage": "Summer 1999"
    },
    {
        "animeEng": "Doraemon",
        "animeRomaji": "Doraemon",
        "songName": "Boku-tachi Chikyuu-jin",
        "artist": "Mitsuko Horie",
        "type": "Ending 4",
        "correctCount": 51,
        "startTime": 9,
        "songDuration": 57.807986,
        "songNumber": 2,
        "activePlayerCount": 135,
        "LinkVideo": "https://files.catbox.moe/3543c9.webm",
        "LinkMp3": "https://files.catbox.moe/ogibix.mp3",
        "annId": 1318,
        "songDifficulty": 48.4159338538092,
        "vintage": "Spring 1979"
    },
    {
        "animeEng": "Clannad: The Motion Picture",
        "animeRomaji": "Clannad Film",
        "songName": "Dango Dango Dango",
        "artist": "Fukuchi Kousaka Koutou Gakkou Zaikousei",
        "type": "Ending 3",
        "correctCount": 116,
        "startTime": 3,
        "songDuration": 31.464,
        "songNumber": 3,
        "activePlayerCount": 140,
        "LinkVideo": "https://files.catbox.moe/4h91d8.webm",
        "LinkMp3": "https://files.catbox.moe/geafjg.mp3",
        "annId": 6436,
        "songDifficulty": 40.742147629599785,
        "vintage": "Summer 2007"
    },
    {
        "animeEng": "Shaman King",
        "animeRomaji": "Shaman King",
        "songName": "Northern Lights",
        "artist": "Megumi Hayashibara",
        "type": "Opening 2",
        "correctCount": 73,
        "startTime": 53,
        "songDuration": 89.72907,
        "songNumber": 4,
        "activePlayerCount": 142,
        "LinkVideo": "https://files.catbox.moe/fz2zbi.webm",
        "LinkMp3": "https://files.catbox.moe/22msmt.mp3",
        "annId": 3557,
        "songDifficulty": 39.89611397830651,
        "vintage": "Winter 2002"
    },
    {
        "animeEng": "Blue Spring Ride",
        "animeRomaji": "Ao Haru Ride",
        "songName": "I will",
        "artist": "Chelsy",
        "type": "Insert Song",
        "correctCount": 34,
        "startTime": 118,
        "songDuration": 165.561236,
        "songNumber": 5,
        "activePlayerCount": 143,
        "LinkVideo": "https://files.catbox.moe/5ogi9n.webm",
        "LinkMp3": "https://files.catbox.moe/ugdzcw.mp3",
        "annId": 15817,
        "songDifficulty": 19.336437602585146,
        "vintage": "Summer 2014"
    },
    {
        "animeEng": "The Galaxy Railways",
        "animeRomaji": "Ginga Tetsudou Monogatari",
        "songName": "Ginga Tetsudou wa Harukanari",
        "artist": "Isao Sasaki",
        "type": "Opening 1",
        "correctCount": 5,
        "startTime": 13,
        "songDuration": 90.528,
        "songNumber": 6,
        "activePlayerCount": 145,
        "LinkVideo": "https://files.catbox.moe/skiikg.webm",
        "LinkMp3": "https://files.catbox.moe/52edft.mp3",
        "annId": 2913,
        "songDifficulty": 11.084786585365853,
        "vintage": "Fall 2003",
        "correctPlayers": [
            "YoshiOpeninger",
            "YukinaMinato",
            "KaedeTakagaki",
            "watashiii",
            "shadowpandax"
        ]
    },
    {
        "animeEng": "Kotetsu Zieg",
        "animeRomaji": "Kotetsu Zieg",
        "songName": "Kotetsu Zieg no Uta",
        "artist": "Ichiro Mizuki, Columbia Yurikago-kai, Koorogi '73",
        "type": "Opening 1",
        "correctCount": 9,
        "startTime": 15,
        "songDuration": 57.768,
        "songNumber": 7,
        "activePlayerCount": 143,
        "LinkVideo": "https://files.catbox.moe/c7kwqp.webm",
        "LinkMp3": "https://files.catbox.moe/yyqu4s.mp3",
        "annId": 1462,
        "songDifficulty": 15.38738725079393,
        "vintage": "Fall 1975"
    },
    {
        "animeEng": "Love Live! Nijigasaki High School Idol Club",
        "animeRomaji": "Love Live! School Idol Project Nijigasaki Gakuen School Idol Doukoukai",
        "songName": "La Bella Patria",
        "artist": "Maria Sashide",
        "type": "Insert Song",
        "correctCount": 38,
        "startTime": 15,
        "songDuration": 104.568,
        "songNumber": 8,
        "activePlayerCount": 147,
        "LinkVideo": "https://files.catbox.moe/ba128g.webm",
        "LinkMp3": "https://files.catbox.moe/64omrt.mp3",
        "annId": 22934,
        "songDifficulty": 29.251396953547566,
        "vintage": "Fall 2020"
    },
    {
        "animeEng": "Love Hina Christmas Special",
        "animeRomaji": "Love Hina X'mas Special: Silent Eve",
        "songName": "Sakura Saku",
        "artist": "Megumi Hayashibara",
        "type": "Opening 1",
        "correctCount": 90,
        "startTime": 20,
        "songDuration": 89.016,
        "songNumber": 9,
        "activePlayerCount": 147,
        "LinkVideo": "https://files.catbox.moe/hdzith.webm",
        "LinkMp3": "https://files.catbox.moe/g0fiv8.mp3",
        "annId": 860,
        "songDifficulty": 41.304644075290554,
        "vintage": "Fall 2000"
    },
    {
        "animeEng": "Garo the Animation",
        "animeRomaji": "Garo: Honoo no Kokuin",
        "songName": "B.B.",
        "artist": "JAM Project",
        "type": "Opening 2",
        "correctCount": 15,
        "startTime": 18,
        "songDuration": 90.096,
        "songNumber": 10,
        "activePlayerCount": 147,
        "LinkVideo": "https://files.catbox.moe/aa0pmh.webm",
        "LinkMp3": "https://files.catbox.moe/w6yofm.mp3",
        "annId": 16129,
        "songDifficulty": 16.796708540482953,
        "vintage": "Fall 2014"
    },
    {
        "animeEng": "Atashin'chi",
        "animeRomaji": "Atashin'chi",
        "songName": "Kite Kite Atashin'chi",
        "artist": "Aya Hirayama",
        "type": "Ending 1",
        "correctCount": 39,
        "startTime": 11,
        "songDuration": 44.952,
        "songNumber": 11,
        "activePlayerCount": 146,
        "LinkVideo": "https://files.catbox.moe/jgc5uy.webm",
        "LinkMp3": "https://files.catbox.moe/f03zzn.mp3",
        "annId": 1185,
        "songDifficulty": 21.537677042733854,
        "vintage": "Spring 2002"
    },
    {
        "animeEng": "Monster Strike: Mermaid Rhapsody",
        "animeRomaji": "Monster Strike: Mermaid Rhapsody",
        "songName": "Snow Falls In Lavender Fields",
        "artist": "WHITE ASH",
        "type": "Insert Song",
        "correctCount": 7,
        "startTime": 62,
        "songDuration": 147.288,
        "songNumber": 12,
        "activePlayerCount": 147,
        "LinkVideo": "https://files.catbox.moe/t2q9rq.webm",
        "LinkMp3": "https://files.catbox.moe/ze05ep.mp3",
        "annId": 23066,
        "songDifficulty": 5.564063349856606,
        "vintage": "Summer 2016"
    },
    {
        "animeEng": "Yu Yu Hakusho The Movie",
        "animeRomaji": "Yu Yu Hakusho The Movie",
        "songName": "Hohoemi no Bakudan",
        "artist": "Matsuko Mawatari",
        "type": "Opening 1",
        "correctCount": 112,
        "startTime": 45,
        "songDuration": 82.56,
        "songNumber": 13,
        "activePlayerCount": 146,
        "LinkVideo": "https://files.catbox.moe/rgjhkr.webm",
        "LinkMp3": "https://files.catbox.moe/88qfzp.mp3",
        "annId": 607,
        "songDifficulty": 44.85775040991513,
        "vintage": "Summer 1993"
    },
    {
        "animeEng": "Fire Force",
        "animeRomaji": "Enen no Shouboutai",
        "songName": "MAYDAY",
        "artist": "coldrain feat.Ryo from CRYSTAL LAKE",
        "type": "Opening 2",
        "correctCount": 72,
        "startTime": 52,
        "songDuration": 89.568,
        "songNumber": 14,
        "activePlayerCount": 147,
        "LinkVideo": "https://files.catbox.moe/x6qvkz.webm",
        "LinkMp3": "https://files.catbox.moe/2doacs.mp3",
        "annId": 21852,
        "songDifficulty": 31.252774384794137,
        "vintage": "Summer 2019"
    },
    {
        "animeEng": "Sound! Euphonium 2",
        "animeRomaji": "Hibike! Euphonium 2",
        "songName": "Mikazuki no Mai",
        "artist": "Freshman Wind Ensemble",
        "type": "Insert Song",
        "correctCount": 28,
        "startTime": 260,
        "songDuration": 411.072,
        "songNumber": 15,
        "activePlayerCount": 146,
        "LinkVideo": "https://files.catbox.moe/b84k7d.webm",
        "LinkMp3": "https://files.catbox.moe/58ovsw.mp3",
        "annId": 18558,
        "songDifficulty": 51.90595029344403,
        "vintage": "Fall 2016"
    },
    {
        "animeEng": "Idol Time PriPara",
        "animeRomaji": "Idol Time PriPara",
        "songName": "Rainbow Melody\u266a",
        "artist": "PriPara Dream\u2606All Stars",
        "type": "Ending 5",
        "correctCount": 107,
        "startTime": 37,
        "songDuration": 108.696,
        "songNumber": 16,
        "activePlayerCount": 146,
        "LinkVideo": "https://files.catbox.moe/42ccbo.webm",
        "LinkMp3": "https://files.catbox.moe/l21cpc.mp3",
        "annId": 19329,
        "songDifficulty": 32.06130222720994,
        "vintage": "Spring 2017"
    },
    {
        "animeEng": "VitaminX Addiction",
        "animeRomaji": "VitaminX Addiction",
        "songName": "Wonderful Happiness",
        "artist": "Daisuke Kishio & Suganuma Hisayoshi",
        "type": "Ending 3",
        "correctCount": 1,
        "startTime": 38,
        "songDuration": 86.568,
        "songNumber": 17,
        "activePlayerCount": 146,
        "LinkVideo": "https://files.catbox.moe/6pixpy.webm",
        "LinkMp3": "https://files.catbox.moe/idfr5c.mp3",
        "annId": 12401,
        "songDifficulty": 11.870545530033683,
        "vintage": "Summer 2011",
        "correctPlayers": [
            "Nippah"
        ]
    },
    {
        "animeEng": "Geobreeders: Breakthrough",
        "animeRomaji": "Geobreeders 2: [File-XX] Ransen Toppa",
        "songName": "Maxine no Kagurayan Nachatta Setsu",
        "artist": "Shinji Maki",
        "type": "Ending 1",
        "correctCount": 2,
        "startTime": 56,
        "songDuration": 116.04,
        "songNumber": 18,
        "activePlayerCount": 149,
        "LinkVideo": "https://files.catbox.moe/ves3af.webm",
        "LinkMp3": "https://files.catbox.moe/zj44v9.mp3",
        "annId": 997,
        "songDifficulty": 8.111276226843188,
        "vintage": "Summer 2000",
        "correctPlayers": [
            "Nippah",
            "kaghey"
        ]
    },
    {
        "animeEng": "Her Blue Sky",
        "animeRomaji": "Sora no Aosa o Shiru Hito yo",
        "songName": "Aoi no Hikigatari",
        "artist": "Shion Wakayama",
        "type": "Insert Song",
        "correctCount": 16,
        "startTime": 0,
        "songDuration": 26.616,
        "songNumber": 19,
        "activePlayerCount": 149,
        "LinkVideo": "https://files.catbox.moe/ujnpn9.webm",
        "LinkMp3": "https://files.catbox.moe/6ud6v2.mp3",
        "annId": 22015,
        "songDifficulty": 15.07750738234747,
        "vintage": "Fall 2019"
    },
    {
        "animeEng": "Dimension W",
        "animeRomaji": "Dimension W",
        "songName": "Genesis",
        "artist": "STEREO DIVE FOUNDATION",
        "type": "Opening 1",
        "correctCount": 71,
        "startTime": 52,
        "songDuration": 90.072,
        "songNumber": 20,
        "activePlayerCount": 149,
        "LinkVideo": "https://files.catbox.moe/t1j3kl.webm",
        "LinkMp3": "https://files.catbox.moe/gl8vdc.mp3",
        "annId": 17285,
        "songDifficulty": 37.94307406101544,
        "vintage": "Winter 2016"
    },
    {
        "animeEng": "Ghost Stories",
        "animeRomaji": "Gakkou no Kaidan",
        "songName": "Sexy Sexy",
        "artist": "Cascade",
        "type": "Ending 1",
        "correctCount": 55,
        "startTime": 46,
        "songDuration": 89.568,
        "songNumber": 21,
        "activePlayerCount": 149,
        "LinkVideo": "https://files.catbox.moe/b8ck8e.webm",
        "LinkMp3": "https://files.catbox.moe/inbwm6.mp3",
        "annId": 1736,
        "songDifficulty": 29.088075216673545,
        "vintage": "Fall 2000"
    },
    {
        "animeEng": "ACCA: 13-Territory Inspection Dept.",
        "animeRomaji": "ACCA 13-ku Kansatsu-ka",
        "songName": "Shadow and Truth",
        "artist": "ONE III NOTES",
        "type": "Opening 1",
        "correctCount": 52,
        "startTime": 13,
        "songDuration": 89.064,
        "songNumber": 22,
        "activePlayerCount": 149,
        "LinkVideo": "https://files.catbox.moe/ie1fus.webm",
        "LinkMp3": "https://files.catbox.moe/0iik48.mp3",
        "annId": 18461,
        "songDifficulty": 30.39656370243694,
        "vintage": "Winter 2017"
    },
    {
        "animeEng": "Beyond the Boundary: I'll Be Here - Past",
        "animeRomaji": "Gekijouban Kyoukai no Kanata: I'll Be Here - Kako-hen",
        "songName": "Kyoukai no Kanata",
        "artist": "Minori Chihara",
        "type": "Insert Song",
        "correctCount": 113,
        "startTime": 46,
        "songDuration": 87.984,
        "songNumber": 23,
        "activePlayerCount": 148,
        "LinkVideo": "https://files.catbox.moe/tyh8r1.webm",
        "LinkMp3": "https://files.catbox.moe/adil6e.mp3",
        "annId": 16980,
        "songDifficulty": 48.73936562576838,
        "vintage": "Winter 2015"
    },
    {
        "animeEng": "Haven't You Heard? I'm Sakamoto",
        "animeRomaji": "Sakamoto desu ga?",
        "songName": "COOLEST",
        "artist": "CustomiZ",
        "type": "Opening 1",
        "correctCount": 112,
        "startTime": 10,
        "songDuration": 87.696,
        "songNumber": 24,
        "activePlayerCount": 147,
        "LinkVideo": "https://files.catbox.moe/34qiks.webm",
        "LinkMp3": "https://files.catbox.moe/2pvev0.mp3",
        "annId": 17991,
        "songDifficulty": 41.89460376011423,
        "vintage": "Spring 2016"
    },
    {
        "animeEng": "Petshop of Horrors",
        "animeRomaji": "Petshop of Horrors",
        "songName": "Melody",
        "artist": "LEGOLGEL",
        "type": "Ending 1",
        "correctCount": 9,
        "startTime": 43,
        "songDuration": 80.832,
        "songNumber": 25,
        "activePlayerCount": 148,
        "LinkVideo": "https://files.catbox.moe/wtejr4.webm",
        "LinkMp3": "https://files.catbox.moe/5ws432.mp3",
        "annId": 712,
        "songDifficulty": 16.824722879636784,
        "vintage": "Winter 1999"
    },
    {
        "animeEng": "Initial D",
        "animeRomaji": "Initial D",
        "songName": "Wanna fly to be wild",
        "artist": "move",
        "type": "Insert Song",
        "correctCount": 58,
        "startTime": 107,
        "songDuration": 230.88,
        "songNumber": 26,
        "activePlayerCount": 147,
        "LinkVideo": "https://files.catbox.moe/99oxh4.webm",
        "LinkMp3": "https://files.catbox.moe/3g0s5e.mp3",
        "annId": 395,
        "songDifficulty": 27.912157906543346,
        "vintage": "Spring 1998"
    },
    {
        "animeEng": "ARP Backstage Pass",
        "animeRomaji": "ARP Backstage Pass",
        "songName": "BlacK Sapphire",
        "artist": "CROSS BONE",
        "type": "Insert Song",
        "correctCount": 5,
        "startTime": 12,
        "songDuration": 43.296,
        "songNumber": 27,
        "activePlayerCount": 148,
        "LinkVideo": "https://files.catbox.moe/dfhkj2.webm",
        "LinkMp3": "https://files.catbox.moe/dul8jk.mp3",
        "annId": 22347,
        "songDifficulty": 19.27532999947567,
        "vintage": "Winter 2020",
        "correctPlayers": [
            "Stunar",
            "YoshiOpeninger",
            "Danchoo",
            "shadowpandax",
            "thenoobster"
        ]
    },
    {
        "animeEng": "Sword Art Online II",
        "animeRomaji": "Sword Art Online II",
        "songName": "IGNITE",
        "artist": "Eir Aoi",
        "type": "Opening 1",
        "correctCount": 94,
        "startTime": 27,
        "songDuration": 90.048,
        "songNumber": 28,
        "activePlayerCount": 148,
        "LinkVideo": "https://files.catbox.moe/n8h0fu.webm",
        "LinkMp3": "https://files.catbox.moe/2u2ii0.mp3",
        "annId": 15804,
        "songDifficulty": 46.17444244564124,
        "vintage": "Summer 2014"
    },
    {
        "animeEng": "Real Drive",
        "animeRomaji": "RD Sennou Chousashitsu",
        "songName": "Dive to you",
        "artist": "Kanae Oki",
        "type": "Insert Song",
        "correctCount": 0,
        "startTime": 103,
        "songDuration": 153.144,
        "songNumber": 29,
        "activePlayerCount": 149,
        "LinkVideo": "https://files.catbox.moe/rbxo3p.webm",
        "LinkMp3": "https://files.catbox.moe/ia5f4m.mp3",
        "annId": 8941,
        "songDifficulty": 2.1842647576184007,
        "vintage": "Spring 2008"
    },
    {
        "animeEng": "After War Gundam X",
        "animeRomaji": "Kidou Shinseiki Gundam X",
        "songName": "DREAMS",
        "artist": "ROmantic Mode",
        "type": "Opening 1",
        "correctCount": 16,
        "startTime": 24,
        "songDuration": 75.576,
        "songNumber": 30,
        "activePlayerCount": 148,
        "LinkVideo": "https://files.catbox.moe/hcy1r4.webm",
        "LinkMp3": "https://files.catbox.moe/bemxqp.mp3",
        "annId": 1241,
        "songDifficulty": 27.944781269494698,
        "vintage": "Spring 1996"
    },
    {
        "animeEng": "Ring ni Kakero 1: Shadow",
        "animeRomaji": "Ring ni Kakero 1: Shadow",
        "songName": "Asu e no Hishou ~flap your wings~",
        "artist": "Marina del ray",
        "type": "Ending 1",
        "correctCount": 3,
        "startTime": 65,
        "songDuration": 119.52,
        "songNumber": 31,
        "activePlayerCount": 147,
        "LinkVideo": "https://files.catbox.moe/kzu3k0.webm",
        "LinkMp3": "https://files.catbox.moe/2498j9.mp3",
        "annId": 11218,
        "songDifficulty": 9.23324413656445,
        "vintage": "Winter 2010",
        "correctPlayers": [
            "KaedeTakagaki",
            "shadowpandax",
            "thenoobster"
        ]
    },
    {
        "animeEng": "Seraph of the End: Vampire Reign",
        "animeRomaji": "Owari no Seraph",
        "songName": "X.U.",
        "artist": "SawanoHiroyuki[nZk]:Gemie",
        "type": "Opening 1",
        "correctCount": 92,
        "startTime": 11,
        "songDuration": 86.064,
        "songNumber": 32,
        "activePlayerCount": 147,
        "LinkVideo": "https://files.catbox.moe/p1wbgj.webm",
        "LinkMp3": "https://files.catbox.moe/6dn35v.mp3",
        "annId": 16357,
        "songDifficulty": 35.16443178388168,
        "vintage": "Spring 2015"
    },
    {
        "animeEng": "Space Adventure Cobra",
        "animeRomaji": "Space Adventure Cobra",
        "songName": "Secret Desire",
        "artist": "Yoko Maeno",
        "type": "Ending 1",
        "correctCount": 2,
        "startTime": 21,
        "songDuration": 87.744,
        "songNumber": 33,
        "activePlayerCount": 146,
        "LinkVideo": "https://files.catbox.moe/604zm6.webm",
        "LinkMp3": "https://files.catbox.moe/rtej2s.mp3",
        "annId": 612,
        "songDifficulty": 20.81636393600342,
        "vintage": "Fall 1982",
        "correctPlayers": [
            "EruisKawaii",
            "junninbr"
        ]
    },
    {
        "animeEng": "Hozuki's Coolheadedness",
        "animeRomaji": "Hoozuki no Reitetsu",
        "songName": "Haikei, Jigoku yori",
        "artist": "Jigoku no Sata All Stars",
        "type": "Opening 1",
        "correctCount": 82,
        "startTime": 25,
        "songDuration": 89.16,
        "songNumber": 34,
        "activePlayerCount": 148,
        "LinkVideo": "https://files.catbox.moe/bk0tm4.webm",
        "LinkMp3": "https://files.catbox.moe/sm9rwp.mp3",
        "annId": 20677,
        "songDifficulty": 30.7996090352276,
        "vintage": "Spring 2018"
    },
    {
        "animeEng": "God Mars",
        "animeRomaji": "Rokushin Gattai God Mars",
        "songName": "Ai no Story",
        "artist": "Shinichi Kawarada",
        "type": "Ending 1",
        "correctCount": 2,
        "startTime": 66,
        "songDuration": 175.032,
        "songNumber": 35,
        "activePlayerCount": 148,
        "LinkVideo": "https://files.catbox.moe/x1cw2s.webm",
        "LinkMp3": "https://files.catbox.moe/fnnlyo.mp3",
        "annId": 3756,
        "songDifficulty": 4.835714111328125,
        "vintage": "Fall 1982",
        "correctPlayers": [
            "Stunar",
            "Nippah"
        ]
    },
    {
        "animeEng": "The Cat Returns",
        "animeRomaji": "Neko no Ongaeshi",
        "songName": "Kaze ni Naru",
        "artist": "Ayano Tsuji",
        "type": "Ending 1",
        "correctCount": 50,
        "startTime": 133,
        "songDuration": 243.168,
        "songNumber": 36,
        "activePlayerCount": 148,
        "LinkVideo": "https://files.catbox.moe/64phnu.webm",
        "LinkMp3": "https://files.catbox.moe/vquif6.mp3",
        "annId": 868,
        "songDifficulty": 21.823455922991894,
        "vintage": "Summer 2002"
    },
    {
        "animeEng": "Oda Cinnamon Nobunaga",
        "animeRomaji": "Oda Shinnamon Nobunaga",
        "songName": "Eternal Zunda, Edamame Forever",
        "artist": "Date-gumi",
        "type": "Insert Song",
        "correctCount": 5,
        "startTime": 6,
        "songDuration": 96.768,
        "songNumber": 37,
        "activePlayerCount": 148,
        "LinkVideo": "https://files.catbox.moe/z4qixe.webm",
        "LinkMp3": "https://files.catbox.moe/zxjzhy.mp3",
        "annId": 22528,
        "songDifficulty": 14.102549634218539,
        "vintage": "Winter 2020",
        "correctPlayers": [
            "EruisKawaii",
            "Anwonu",
            "yahallonyanpasu",
            "AnimeAria",
            "MetamonPiE"
        ]
    },
    {
        "animeEng": "Love Live! Nijigasaki High School Idol Club",
        "animeRomaji": "Love Live! School Idol Project Nijigasaki Gakuen School Idol Doukoukai",
        "songName": "Yume ga Koko kara Hajimaru yo",
        "artist": "Nijigasaki Gakuen School Idol Doukoukai",
        "type": "Insert Song",
        "correctCount": 49,
        "startTime": 56,
        "songDuration": 189.048,
        "songNumber": 38,
        "activePlayerCount": 149,
        "LinkVideo": "https://files.catbox.moe/ypplo3.webm",
        "LinkMp3": "https://files.catbox.moe/td18qh.mp3",
        "annId": 22934,
        "songDifficulty": 32.190877525252525,
        "vintage": "Fall 2020"
    },
    {
        "animeEng": "Doraemon: Nobita to Animal Planet",
        "animeRomaji": "Doraemon: Nobita to Animal Planet",
        "songName": "Ten made Todoke",
        "artist": "Tetsuya Takeda",
        "type": "Ending 1",
        "correctCount": 1,
        "startTime": 158,
        "songDuration": 210.048,
        "songNumber": 39,
        "activePlayerCount": 148,
        "LinkVideo": "https://files.catbox.moe/i7uf1z.webm",
        "LinkMp3": "https://files.catbox.moe/6f7ien.mp3",
        "annId": 1905,
        "songDifficulty": 9.33522809323013,
        "vintage": "Winter 1990",
        "correctPlayers": [
            "Sonoko"
        ]
    },
    {
        "animeEng": "Delinquent Hamsters",
        "animeRomaji": "Yankee Hamster",
        "songName": "Yankee Hamster",
        "artist": "papalion",
        "type": "Ending 1",
        "correctCount": 5,
        "startTime": 0,
        "songDuration": 14.112,
        "songNumber": 40,
        "activePlayerCount": 150,
        "LinkVideo": "https://files.catbox.moe/z4ixle.webm",
        "LinkMp3": "https://files.catbox.moe/c7jyto.mp3",
        "annId": 23175,
        "songDifficulty": 11.37447707717483,
        "vintage": "Winter 2013",
        "correctPlayers": [
            "KnivesXD",
            "EruisKawaii",
            "Stunar",
            "watashiii",
            "yahallonyanpasu"
        ]
    },
    {
        "animeEng": "Kirby: Right Back At Ya!",
        "animeRomaji": "Hoshi no Kirby",
        "songName": "Kirby!",
        "artist": "Hiroko Asakawa",
        "type": "Opening 2",
        "correctCount": 3,
        "startTime": 32,
        "songDuration": 89.650704,
        "songNumber": 41,
        "activePlayerCount": 149,
        "LinkVideo": "https://files.catbox.moe/p39elz.webm",
        "LinkMp3": "https://files.catbox.moe/to6g5e.mp3",
        "annId": 1394,
        "songDifficulty": 20.062490643712575,
        "vintage": "Fall 2001",
        "correctPlayers": [
            "McJohnasass",
            "Goomba90",
            "shadismith"
        ]
    },
    {
        "animeEng": "Soreike! Anpanman: Yuureisen o Yattsukero!!",
        "animeRomaji": "Soreike! Anpanman: Yuureisen o Yattsukero!!",
        "songName": "Yuuki Rinrin",
        "artist": "Dreaming",
        "type": "Ending 1",
        "correctCount": 10,
        "startTime": 49,
        "songDuration": 79.254148,
        "songNumber": 42,
        "activePlayerCount": 148,
        "LinkVideo": "https://files.catbox.moe/ovi7m7.webm",
        "LinkMp3": "https://files.catbox.moe/xj7o17.mp3",
        "annId": 2516,
        "songDifficulty": 28.671615872524754,
        "vintage": "Summer 1995"
    },
    {
        "animeEng": "KONOSUBA: God\u2019s Blessing on This Wonderful World!",
        "animeRomaji": "Kono Subarashii Sekai ni Shukufuku o!",
        "songName": "Chiisana Boukensha",
        "artist": "Sora Amamiya & Rie Takahashi & Ai Kayano",
        "type": "Ending 1",
        "correctCount": 104,
        "startTime": 21,
        "songDuration": 90.192,
        "songNumber": 43,
        "activePlayerCount": 148,
        "LinkVideo": "https://files.catbox.moe/as16ya.webm",
        "LinkMp3": "https://files.catbox.moe/b4dvvd.mp3",
        "annId": 17123,
        "songDifficulty": 44.57818413154117,
        "vintage": "Winter 2016"
    },
    {
        "animeEng": "Karaoke Senshi Mike Jirou",
        "animeRomaji": "Karaoke Senshi Mike Jirou",
        "songName": "Come on! Karaoke",
        "artist": "Yoshie Hayasaka",
        "type": "Opening 1",
        "correctCount": 1,
        "startTime": 34,
        "songDuration": 86.736,
        "songNumber": 44,
        "activePlayerCount": 149,
        "LinkVideo": "https://files.catbox.moe/7slqh5.webm",
        "LinkMp3": "https://files.catbox.moe/zh2ial.mp3",
        "annId": 189,
        "songDifficulty": 11.282710808367769,
        "vintage": "Spring 1994",
        "correctPlayers": [
            "watashiii"
        ]
    },
    {
        "animeEng": "Doraemon the Movie: Nobita in the New Haunts of Evil - Peko and the Five Explorers",
        "animeRomaji": "Doraemon Shin Nobita no Daimakyo: Peko to 5-nin no Tankentai",
        "songName": "Yume o Kanaete Doraemon",
        "artist": "Hibari Jidou Gasshou-dan",
        "type": "Insert Song",
        "correctCount": 115,
        "startTime": 37,
        "songDuration": 91.08,
        "songNumber": 45,
        "activePlayerCount": 151,
        "LinkVideo": "https://files.catbox.moe/ojf0jr.webm",
        "LinkMp3": "https://files.catbox.moe/6qi7ee.mp3",
        "annId": 15502,
        "songDifficulty": 40.23991228070175,
        "vintage": "Winter 2014"
    },
    {
        "animeEng": "Those Snow White Notes",
        "animeRomaji": "Mashiro no Oto",
        "songName": "BLIZZARD",
        "artist": "BURNOUT SYNDROMES",
        "type": "Opening 1",
        "correctCount": 66,
        "startTime": 15,
        "songDuration": 88.776,
        "songNumber": 46,
        "activePlayerCount": 151,
        "LinkVideo": "https://files.catbox.moe/lcluit.webm",
        "LinkMp3": "https://files.catbox.moe/0fvt70.mp3",
        "annId": 23554,
        "songDifficulty": 38.28702916160389,
        "vintage": "Spring 2021"
    },
    {
        "animeEng": "Ask Dr. Lin!",
        "animeRomaji": "Dr. Rin ni Kiitemite!",
        "songName": "GO! GO! READY? GO?!",
        "artist": "AiM",
        "type": "Opening 1",
        "correctCount": 6,
        "startTime": 32,
        "songDuration": 79.872,
        "songNumber": 47,
        "activePlayerCount": 152,
        "LinkVideo": "https://files.catbox.moe/zyc7hj.webm",
        "LinkMp3": "https://files.catbox.moe/t5xlbf.mp3",
        "annId": 2184,
        "songDifficulty": 7.816301872881908,
        "vintage": "Spring 2001"
    },
    {
        "animeEng": "The King of Braves GaoGaiGar Final",
        "animeRomaji": "Yuusha-Oh GaoGaiGar Final",
        "songName": "Yuusha-Ou Tanjou! -Mythology Version-",
        "artist": "Masaaki Endoh",
        "type": "Opening 1",
        "correctCount": 21,
        "startTime": 13,
        "songDuration": 90.816,
        "songNumber": 48,
        "activePlayerCount": 152,
        "LinkVideo": "https://files.catbox.moe/aobqqj.webm",
        "LinkMp3": "https://files.catbox.moe/up4e6g.mp3",
        "annId": 2066,
        "songDifficulty": 18.19992077182285,
        "vintage": "Winter 2000"
    },
    {
        "animeEng": "Miss Kobayashi's Dragon Maid S",
        "animeRomaji": "Kobayashi-san Chi no Maid Dragon S",
        "songName": "Ishukan\u2661Relationship",
        "artist": "Yuuki Kuwahara",
        "type": "Ending 2",
        "correctCount": 37,
        "startTime": 19,
        "songDuration": 89.568,
        "songNumber": 49,
        "activePlayerCount": 151,
        "LinkVideo": "https://files.catbox.moe/u2b548.webm",
        "LinkMp3": "https://files.catbox.moe/zmis3o.mp3",
        "annId": 23562,
        "songDifficulty": 23.759629615693356,
        "vintage": "Summer 2021"
    },
    {
        "animeEng": "Attack on Titan Season 3",
        "animeRomaji": "Shingeki no Kyojin Season 3",
        "songName": "Red Swan",
        "artist": "YOSHIKI feat. HYDE",
        "type": "Opening 1",
        "correctCount": 120,
        "startTime": 8,
        "songDuration": 89.568,
        "songNumber": 50,
        "activePlayerCount": 150,
        "LinkVideo": "https://files.catbox.moe/ze5gw7.webm",
        "LinkMp3": "https://files.catbox.moe/8o5s83.mp3",
        "annId": 19819,
        "songDifficulty": 50.58257042005935,
        "vintage": "Summer 2018"
    },
    {
        "animeEng": "BanG Dream! 3rd Season",
        "animeRomaji": "BanG Dream! 3rd Season",
        "songName": "Dreamers Go!",
        "artist": "Poppin'Party",
        "type": "Insert Song",
        "correctCount": 67,
        "startTime": 3,
        "songDuration": 46.272,
        "songNumber": 51,
        "activePlayerCount": 151,
        "LinkVideo": "https://files.catbox.moe/o4td01.webm",
        "LinkMp3": "https://files.catbox.moe/wwtcvo.mp3",
        "annId": 22909,
        "songDifficulty": 43.18150568181818,
        "vintage": "Winter 2020"
    },
    {
        "animeEng": "Scorching Ping Pong Girls",
        "animeRomaji": "Shakunetsu no Takkyuu Musume",
        "songName": "V Ji Joushou Victory",
        "artist": "Suzumegahara Chuugaku Takkyuu-bu",
        "type": "Insert Song",
        "correctCount": 18,
        "startTime": 63,
        "songDuration": 93.576,
        "songNumber": 52,
        "activePlayerCount": 151,
        "LinkVideo": "https://files.catbox.moe/avxbj3.webm",
        "LinkMp3": "https://files.catbox.moe/8k2wr8.mp3",
        "annId": 18557,
        "songDifficulty": 22.813539975649352,
        "vintage": "Fall 2016"
    },
    {
        "animeEng": "Gingitsune: Messenger Fox of the Gods",
        "animeRomaji": "Gingitsune",
        "songName": "tiny lamp",
        "artist": "fh\u00e1na",
        "type": "Opening 1",
        "correctCount": 22,
        "startTime": 41,
        "songDuration": 89.568,
        "songNumber": 53,
        "activePlayerCount": 150,
        "LinkVideo": "https://files.catbox.moe/clxvd4.webm",
        "LinkMp3": "https://files.catbox.moe/v0e6st.mp3",
        "annId": 15283,
        "songDifficulty": 15.831351554503582,
        "vintage": "Fall 2013"
    },
    {
        "animeEng": "Saiyuki: Requiem",
        "animeRomaji": "Gensoumaden Saiyuuki: Requiem - Erabarezaru Mono e no Chinkonka",
        "songName": "TIGHTROPE",
        "artist": "TETSU69",
        "type": "Ending 1",
        "correctCount": 3,
        "startTime": 35,
        "songDuration": 285.069386,
        "songNumber": 54,
        "activePlayerCount": 151,
        "LinkVideo": "https://files.catbox.moe/e8649p.webm",
        "LinkMp3": "https://files.catbox.moe/x90wj4.mp3",
        "annId": 2269,
        "songDifficulty": 6.918021917044744,
        "vintage": "Summer 2001",
        "correctPlayers": [
            "Nippah",
            "shadowpandax",
            "DjCharat"
        ]
    },
    {
        "animeEng": "Fate/Grand Order Absolute Demonic Front: Babylonia",
        "animeRomaji": "Fate/Grand Order: Zettai Majuu Sensen Babylonia",
        "songName": "Prover",
        "artist": "milet",
        "type": "Ending 2",
        "correctCount": 60,
        "startTime": 26,
        "songDuration": 89.184,
        "songNumber": 55,
        "activePlayerCount": 151,
        "LinkVideo": "https://files.catbox.moe/5ofcut.webm",
        "LinkMp3": "https://files.catbox.moe/ipeor1.mp3",
        "annId": 21240,
        "songDifficulty": 34.247887731481484,
        "vintage": "Fall 2019"
    },
    {
        "animeEng": "Strawberry Panic!",
        "animeRomaji": "Strawberry Panic!",
        "songName": "Kuchibiru Daydream",
        "artist": "Aki Misato",
        "type": "Opening 2",
        "correctCount": 13,
        "startTime": 36,
        "songDuration": 87.768,
        "songNumber": 56,
        "activePlayerCount": 151,
        "LinkVideo": "https://files.catbox.moe/2kzffh.webm",
        "LinkMp3": "https://files.catbox.moe/xdhgl7.mp3",
        "annId": 6176,
        "songDifficulty": 19.84275869822745,
        "vintage": "Spring 2006"
    },
    {
        "animeEng": "Insufficient Direction",
        "animeRomaji": "Kantoku Fuyuki Todoki",
        "songName": "Honto no Kiss o Okaeshi ni",
        "artist": "AOP",
        "type": "Ending 5",
        "correctCount": 7,
        "startTime": 0,
        "songDuration": 26.827294,
        "songNumber": 57,
        "activePlayerCount": 152,
        "LinkVideo": "https://files.catbox.moe/qsheo6.webm",
        "LinkMp3": "https://files.catbox.moe/hgdeeq.mp3",
        "annId": 15898,
        "songDifficulty": 13.311268773572198,
        "vintage": "Spring 2014"
    },
    {
        "animeEng": "Yo-kai Watch: The Movie",
        "animeRomaji": "Eiga Youkai Watch: Tanjou no Himitsu da Nyan!",
        "songName": "Geragerapou Soukyoku",
        "artist": "Youkai King Dream Soda",
        "type": "Ending 1",
        "correctCount": 94,
        "startTime": 56,
        "songDuration": 176.04,
        "songNumber": 58,
        "activePlayerCount": 153,
        "LinkVideo": "https://files.catbox.moe/abe0o5.webm",
        "LinkMp3": "https://files.catbox.moe/8d3kir.mp3",
        "annId": 16650,
        "songDifficulty": 41.0427394438723,
        "vintage": "Fall 2014"
    },
    {
        "animeEng": "Attack on Titan Season 2",
        "animeRomaji": "Shingeki no Kyojin Season 2",
        "songName": "YouSeeBIGGIRL/T:T",
        "artist": "Gemie",
        "type": "Insert Song",
        "correctCount": 64,
        "startTime": 33,
        "songDuration": 91.556,
        "songNumber": 59,
        "activePlayerCount": 152,
        "LinkVideo": "https://files.catbox.moe/6rqoux.webm",
        "annId": 16681,
        "songDifficulty": 36.25490644038294,
        "vintage": "Spring 2017"
    },
    {
        "animeEng": "Wake Up, Girls!",
        "animeRomaji": "Wake Up, Girls!",
        "songName": "Gokujou Smile",
        "artist": "Wake Up, Girls!",
        "type": "Insert Song",
        "correctCount": 28,
        "startTime": 11,
        "songDuration": 85.944,
        "songNumber": 60,
        "activePlayerCount": 153,
        "LinkVideo": "https://files.catbox.moe/jppj42.webm",
        "LinkMp3": "https://files.catbox.moe/wncl7h.mp3",
        "annId": 15510,
        "songDifficulty": 20.103068176827126,
        "vintage": "Winter 2014"
    },
    {
        "animeEng": "The New Adventures of Kimba The White Lion",
        "animeRomaji": "Jungle Emperor Leo",
        "songName": "Savannah o Koete",
        "artist": "Ichiro Mizuki",
        "type": "Opening 1",
        "correctCount": 4,
        "startTime": 6,
        "songDuration": 66.912,
        "songNumber": 61,
        "activePlayerCount": 154,
        "LinkVideo": "https://files.catbox.moe/dfn9jr.webm",
        "LinkMp3": "https://files.catbox.moe/uka4n4.mp3",
        "annId": 162,
        "songDifficulty": 13.58080573885394,
        "vintage": "Fall 1989",
        "correctPlayers": [
            "EruisKawaii",
            "Nippah",
            "watashiii",
            "yahallonyanpasu"
        ]
    },
    {
        "animeEng": "Lupin III",
        "animeRomaji": "Lupin Sansei",
        "songName": "THEME FROM LUPIN III 2015",
        "artist": "You & Explosion Band",
        "type": "Opening 1",
        "correctCount": 68,
        "startTime": 34,
        "songDuration": 78.912,
        "songNumber": 62,
        "activePlayerCount": 152,
        "LinkVideo": "https://files.catbox.moe/tjgljt.webm",
        "LinkMp3": "https://files.catbox.moe/9e9han.mp3",
        "annId": 16347,
        "songDifficulty": 34.473626411143485,
        "vintage": "Summer 2015"
    },
    {
        "animeEng": "Captain Tsubasa: Europe Daikessen",
        "animeRomaji": "Captain Tsubasa: Europe Daikessen",
        "songName": "Moete Hero",
        "artist": "Takayuki Takemoto",
        "type": "Insert Song",
        "correctCount": 105,
        "startTime": 3,
        "songDuration": 53.064,
        "songNumber": 63,
        "activePlayerCount": 153,
        "LinkVideo": "https://files.catbox.moe/n8hork.webm",
        "LinkMp3": "https://files.catbox.moe/18ieda.mp3",
        "annId": 6341,
        "songDifficulty": 43.88277592177136,
        "vintage": "Summer 1985"
    },
    {
        "animeEng": "Little Busters!",
        "animeRomaji": "Little Busters!",
        "songName": "Little Busters! ~TV animation ver.~",
        "artist": "Rita",
        "type": "Opening 1",
        "correctCount": 44,
        "startTime": 4,
        "songDuration": 89.064,
        "songNumber": 64,
        "activePlayerCount": 153,
        "LinkVideo": "https://files.catbox.moe/7qpvgz.webm",
        "LinkMp3": "https://files.catbox.moe/lydnyx.mp3",
        "annId": 14231,
        "songDifficulty": 31.876376414198116,
        "vintage": "Fall 2012"
    },
    {
        "animeEng": "Free! The Movie: Timeless Medley - The Bond",
        "animeRomaji": "Free!: Timeless Medley - Kizuna",
        "songName": "RISING FREE",
        "artist": "STYLE FIVE",
        "type": "Opening 1",
        "correctCount": 27,
        "startTime": 7,
        "songDuration": 100.656,
        "songNumber": 65,
        "activePlayerCount": 153,
        "LinkVideo": "https://files.catbox.moe/ed82xk.webm",
        "LinkMp3": "https://files.catbox.moe/47prbd.mp3",
        "annId": 19351,
        "songDifficulty": 17.66515839580998,
        "vintage": "Spring 2017"
    },
    {
        "animeEng": "Armitage III",
        "animeRomaji": "Armitage III",
        "songName": "I've Got It",
        "artist": "Hiroko Kasahara",
        "type": "Ending 2",
        "correctCount": 2,
        "startTime": 14,
        "songDuration": 114.074774,
        "songNumber": 66,
        "activePlayerCount": 153,
        "LinkVideo": "https://files.catbox.moe/95ebw3.webm",
        "LinkMp3": "https://files.catbox.moe/0fxyca.mp3",
        "annId": 378,
        "songDifficulty": 7.723079229198328,
        "vintage": "Winter 1995",
        "correctPlayers": [
            "EruisKawaii",
            "Goatonaspork"
        ]
    },
    {
        "animeEng": "Hetalia World Series",
        "animeRomaji": "Hetalia World Series",
        "songName": "Marukaite Chikyuu",
        "artist": "Daisuke Namikawa",
        "type": "Ending 1",
        "correctCount": 110,
        "startTime": 1,
        "songDuration": 29.952,
        "songNumber": 67,
        "activePlayerCount": 150,
        "LinkVideo": "https://files.catbox.moe/3j86lv.webm",
        "LinkMp3": "https://files.catbox.moe/s4hsoy.mp3",
        "annId": 11720,
        "songDifficulty": 45.23029097478475,
        "vintage": "Winter 2010"
    },
    {
        "animeEng": "Eiga Crayon Shin-chan: Nazo Meki! Hana no Tenkasu Gakuen",
        "animeRomaji": "Eiga Crayon Shin-chan: Nazo Meki! Hana no Tenkasu Gakuen",
        "songName": "Hashirigaki",
        "artist": "Macaroni Enpitsu",
        "type": "Ending 1",
        "correctCount": 6,
        "startTime": 52,
        "songDuration": 187.416,
        "songNumber": 68,
        "activePlayerCount": 151,
        "LinkVideo": "https://files.catbox.moe/knk3d1.webm",
        "LinkMp3": "https://files.catbox.moe/u3zpio.mp3",
        "annId": 23845,
        "songDifficulty": 15.358126049199381,
        "vintage": "Summer 2021"
    },
    {
        "animeEng": "Kaginado",
        "animeRomaji": "Kaginado",
        "songName": "Chiisana Kiseki",
        "artist": "Lia",
        "type": "Ending 1",
        "correctCount": 37,
        "startTime": 0,
        "songDuration": 31.224,
        "songNumber": 69,
        "activePlayerCount": 151,
        "LinkVideo": "https://files.catbox.moe/ljxvde.webm",
        "LinkMp3": "https://files.catbox.moe/co08pj.mp3",
        "annId": 24317,
        "songDifficulty": 23.231096760070052,
        "vintage": "Fall 2021"
    },
    {
        "animeEng": "Kanokon: The Girl Who Cried Fox R",
        "animeRomaji": "Kanokon: Manatsu no Daishanikusai",
        "songName": "Komorebi no Sordino",
        "artist": "Yui Sakakibara",
        "type": "Opening 1",
        "correctCount": 10,
        "startTime": 11,
        "songDuration": 89.88,
        "songNumber": 70,
        "activePlayerCount": 151,
        "LinkVideo": "https://files.catbox.moe/paldfv.webm",
        "LinkMp3": "https://files.catbox.moe/8qtmj2.mp3",
        "annId": 11027,
        "songDifficulty": 8.666309041714449,
        "vintage": "Fall 2009"
    },
    {
        "animeEng": "Flowers of Evil",
        "animeRomaji": "Aku no Hana",
        "songName": "Hana",
        "artist": "ASA-CHANG & Junray",
        "type": "Ending 3",
        "correctCount": 94,
        "startTime": 75,
        "songDuration": 249.432,
        "songNumber": 71,
        "activePlayerCount": 151,
        "LinkVideo": "https://files.catbox.moe/thh0lt.webm",
        "LinkMp3": "https://files.catbox.moe/6gsupu.mp3",
        "annId": 14570,
        "songDifficulty": 39.97753805883865,
        "vintage": "Spring 2013"
    },
    {
        "animeEng": "Someone's Gaze",
        "animeRomaji": "Dareka no Manazashi",
        "songName": "Sore de Ii yo",
        "artist": "Kazusa",
        "type": "Ending 1",
        "correctCount": 14,
        "startTime": 18,
        "songDuration": 113.928,
        "songNumber": 72,
        "activePlayerCount": 150,
        "LinkVideo": "https://files.catbox.moe/fdixvi.webm",
        "LinkMp3": "https://files.catbox.moe/usf6h9.mp3",
        "annId": 15115,
        "songDifficulty": 11.199077598032655,
        "vintage": "Winter 2013"
    },
    {
        "animeEng": "Mob Psycho 100 II OVA",
        "animeRomaji": "Mob Psycho 100: Dai Ikkai Rei Toka Soudansho Ianryokou - Kokoro Mitasu Iyashi no Tabi",
        "songName": "Ikiru Hitobito",
        "artist": "sajou no hana",
        "type": "Ending 1",
        "correctCount": 57,
        "startTime": 60,
        "songDuration": 89.016,
        "songNumber": 73,
        "activePlayerCount": 151,
        "LinkVideo": "https://files.catbox.moe/krtjca.webm",
        "LinkMp3": "https://files.catbox.moe/r34n0g.mp3",
        "annId": 22493,
        "songDifficulty": 32.043831268400396,
        "vintage": "Summer 2019"
    },
    {
        "animeEng": "My Hero Academia",
        "animeRomaji": "Boku no Hero Academia",
        "songName": "Merry-Go-Round",
        "artist": "MAN WITH A MISSION",
        "type": "Opening 2",
        "correctCount": 66,
        "startTime": 31,
        "songDuration": 88.104,
        "songNumber": 74,
        "activePlayerCount": 151,
        "LinkVideo": "https://files.catbox.moe/tj4tmy.webm",
        "LinkMp3": "https://files.catbox.moe/or6nlt.mp3",
        "annId": 23862,
        "songDifficulty": 39.17898445524216,
        "vintage": "Winter 2021"
    },
    {
        "animeEng": "Actors: Songs Connection",
        "animeRomaji": "Actors: Songs Connection",
        "songName": "Koshitantan",
        "artist": "Kenji Nojima",
        "type": "Insert Song",
        "correctCount": 3,
        "startTime": 32,
        "songDuration": 71.424,
        "songNumber": 75,
        "activePlayerCount": 151,
        "LinkVideo": "https://files.catbox.moe/hu23gw.webm",
        "LinkMp3": "https://files.catbox.moe/g2e0zz.mp3",
        "annId": 21769,
        "songDifficulty": 15.06613498263889,
        "vintage": "Fall 2019",
        "correctPlayers": [
            "Deafness",
            "amehaneyuki",
            "Danchoo"
        ]
    },
    {
        "animeEng": "Akudama Drive",
        "animeRomaji": "Akudama Drive",
        "songName": "STEAL!!",
        "artist": "SPARK!!SOUND!!SHOW!!",
        "type": "Opening 1",
        "correctCount": 84,
        "startTime": 43,
        "songDuration": 89.52,
        "songNumber": 76,
        "activePlayerCount": 151,
        "LinkVideo": "https://files.catbox.moe/koajb7.webm",
        "LinkMp3": "https://files.catbox.moe/rm6o1f.mp3",
        "annId": 23366,
        "songDifficulty": 33.72766068029256,
        "vintage": "Fall 2020"
    },
    {
        "animeEng": "Charlotte",
        "animeRomaji": "Charlotte",
        "songName": "Bravely You",
        "artist": "Lia",
        "type": "Opening 1",
        "correctCount": 119,
        "startTime": 37,
        "songDuration": 90.552,
        "songNumber": 77,
        "activePlayerCount": 151,
        "LinkVideo": "https://files.catbox.moe/6lz32i.webm",
        "LinkMp3": "https://files.catbox.moe/gdvka1.mp3",
        "annId": 16649,
        "songDifficulty": 44.62437561922061,
        "vintage": "Summer 2015"
    },
    {
        "animeEng": "Angel Beats!",
        "animeRomaji": "Angel Beats!",
        "songName": "My song",
        "artist": "Girls Dead Monster (marina)",
        "type": "Insert Song",
        "correctCount": 64,
        "startTime": 29,
        "songDuration": 128.472,
        "songNumber": 78,
        "activePlayerCount": 151,
        "LinkVideo": "https://files.catbox.moe/6nt4tc.webm",
        "LinkMp3": "https://files.catbox.moe/s8w7f6.mp3",
        "annId": 10885,
        "songDifficulty": 37.316603305999585,
        "vintage": "Spring 2010"
    },
    {
        "animeEng": "Battle Girl High School",
        "animeRomaji": "Battle Girl High School",
        "songName": "Deep-Connect",
        "artist": "f*f",
        "type": "Insert Song",
        "correctCount": 8,
        "startTime": 15,
        "songDuration": 89.88,
        "songNumber": 79,
        "activePlayerCount": 151,
        "LinkVideo": "https://files.catbox.moe/imtai8.webm",
        "LinkMp3": "https://files.catbox.moe/j3ikq0.mp3",
        "annId": 19376,
        "songDifficulty": 12.446993862625456,
        "vintage": "Summer 2017"
    },
    {
        "animeEng": "Gekijouban PriPara Mi~nna Atsumare! Prism\u2606Tours",
        "animeRomaji": "Gekijouban PriPara Mi~nna Atsumare! Prism\u2606Tours",
        "songName": "BOY MEETS GIRL",
        "artist": "Over The Rainbow",
        "type": "Insert Song",
        "correctCount": 34,
        "startTime": 21,
        "songDuration": 74.112,
        "songNumber": 80,
        "activePlayerCount": 152,
        "LinkVideo": "https://files.catbox.moe/zvrwu9.webm",
        "LinkMp3": "https://files.catbox.moe/k0h9wo.mp3",
        "annId": 16617,
        "songDifficulty": 27.346555196529746,
        "vintage": "Winter 2015"
    },
    {
        "animeEng": "Samurai Jam: Bakumatsu Rock",
        "animeRomaji": "Bakumatsu Rock",
        "songName": "INTERSECT -Tenka Version",
        "artist": "Toshiyuki Morikawa & Kensho Ono",
        "type": "Insert Song",
        "correctCount": 0,
        "startTime": 20,
        "songDuration": 195.836634,
        "songNumber": 81,
        "activePlayerCount": 152,
        "LinkVideo": "https://files.catbox.moe/8iwjd7.webm",
        "LinkMp3": "https://files.catbox.moe/4ijcdn.mp3",
        "annId": 15992,
        "songDifficulty": 18.674136891084558,
        "vintage": "Summer 2014"
    },
    {
        "animeEng": "Zan Sayonara Zetsubou Sensei",
        "animeRomaji": "Zan Sayonara Zetsubou Sensei",
        "songName": "Zetsubou Sensei Ekaki Uta",
        "artist": "Takuma Terashima, Saori Goto",
        "type": "Insert Song",
        "correctCount": 77,
        "startTime": 6,
        "songDuration": 41.256,
        "songNumber": 82,
        "activePlayerCount": 153,
        "LinkVideo": "https://files.catbox.moe/cj2ijh.webm",
        "LinkMp3": "https://files.catbox.moe/kryao3.mp3",
        "annId": 10805,
        "songDifficulty": 38.38700911640954,
        "vintage": "Summer 2009"
    },
    {
        "animeEng": "Is This a Zombie? of the Dead",
        "animeRomaji": "Kore wa Zombie Desu ka? of the Dead",
        "songName": "Ma\u30fbKa\u30fbSe\u30fbTe Tonight",
        "artist": "Iori Nomizu",
        "type": "Insert Song",
        "correctCount": 79,
        "startTime": 11,
        "songDuration": 45.336,
        "songNumber": 83,
        "activePlayerCount": 152,
        "LinkVideo": "https://files.catbox.moe/b0c2ot.webm",
        "LinkMp3": "https://files.catbox.moe/n28oyu.mp3",
        "annId": 13782,
        "songDifficulty": 41.05442865888793,
        "vintage": "Spring 2012"
    },
    {
        "animeEng": "Witch Hunter Robin",
        "animeRomaji": "Witch Hunter Robin",
        "songName": "Shell",
        "artist": "Bana",
        "type": "Opening 1",
        "correctCount": 12,
        "startTime": 0,
        "songDuration": 88.083384,
        "songNumber": 84,
        "activePlayerCount": 152,
        "LinkVideo": "https://files.catbox.moe/ea7irv.webm",
        "LinkMp3": "https://files.catbox.moe/5wcvhg.mp3",
        "annId": 913,
        "songDifficulty": 18.799969650261893,
        "vintage": "Summer 2002"
    },
    {
        "animeEng": "Teekyuu",
        "animeRomaji": "Teekyuu",
        "songName": "Fattoshite Tougenkyou",
        "artist": "Suzuko Mimori",
        "type": "Opening 1",
        "correctCount": 118,
        "startTime": 0,
        "songDuration": 28.872,
        "songNumber": 85,
        "activePlayerCount": 148,
        "LinkVideo": "https://files.catbox.moe/op7c9o.webm",
        "LinkMp3": "https://files.catbox.moe/012qul.mp3",
        "annId": 16639,
        "songDifficulty": 42.75582464745555,
        "vintage": "Spring 2015"
    }
]