[
    {
        "animeEng": "Licca-chan's Sunday",
        "animeRomaji": "Licca-chan no Nichiyoubi",
        "songName": "Lady Shikkaku",
        "artist": "Junko Iwao",
        "type": "Ending 1",
        "correctCount": 1,
        "startTime": 43,
        "songDuration": 89.472,
        "songNumber": 1,
        "activePlayerCount": 119,
        "LinkVideo": "https://files.catbox.moe/telld8.webm",
        "LinkMp3": "https://files.catbox.moe/1say7x.mp3",
        "annId": 7325,
        "songDifficulty": 5.502381036931818,
        "vintage": "Summer 1992",
        "correctPlayers": [
            "Sammeeeee"
        ]
    },
    {
        "animeEng": "Love Rice 2",
        "animeRomaji": "Love Kome: We Love Rice Nikisaku",
        "songName": "Love at first sight",
        "artist": "LOVE RICE",
        "type": "Insert Song",
        "correctCount": 13,
        "startTime": 2,
        "songDuration": 30.912,
        "songNumber": 2,
        "activePlayerCount": 121,
        "LinkVideo": "https://files.catbox.moe/t2u5sy.webm",
        "LinkMp3": "https://files.catbox.moe/o2shpi.mp3",
        "annId": 20174,
        "songDifficulty": 22.032254711751662,
        "vintage": "Fall 2017"
    },
    {
        "animeEng": "Baka & Test: Summon the Beasts OVA",
        "animeRomaji": "Baka to Test to Shoukanjuu: Matsuri",
        "songName": "Renai Koujou Committee",
        "artist": "Natsuko Aso",
        "type": "Opening 1",
        "correctCount": 38,
        "startTime": 1,
        "songDuration": 89.064,
        "songNumber": 3,
        "activePlayerCount": 123,
        "LinkVideo": "https://files.catbox.moe/9fqid1.webm",
        "LinkMp3": "https://files.catbox.moe/0igrzj.mp3",
        "annId": 11847,
        "songDifficulty": 18.615843298348246,
        "vintage": "Winter 2011"
    },
    {
        "animeEng": "The Glass Mask Year 3 Class D",
        "animeRomaji": "3-nen D-gumi Glass no Kamen",
        "songName": "Tasogare no End",
        "artist": "Kana Asumi & Rumi Ookubo feat. Yuki Kaji",
        "type": "Ending 1",
        "correctCount": 10,
        "startTime": 2,
        "songDuration": 39.336,
        "songNumber": 4,
        "activePlayerCount": 124,
        "LinkVideo": "https://files.catbox.moe/wa0i46.webm",
        "LinkMp3": "https://files.catbox.moe/opv1t6.mp3",
        "annId": 18733,
        "songDifficulty": 10.826307508680555,
        "vintage": "Fall 2016"
    },
    {
        "animeEng": "School Rumble",
        "animeRomaji": "School Rumble",
        "songName": "Scramble",
        "artist": "Yui Horie with UNSCANDAL",
        "type": "Opening 1",
        "correctCount": 91,
        "startTime": 35,
        "songDuration": 90.072,
        "songNumber": 5,
        "activePlayerCount": 127,
        "LinkVideo": "https://files.catbox.moe/0stp6j.webm",
        "LinkMp3": "https://files.catbox.moe/y7zljt.mp3",
        "annId": 4114,
        "songDifficulty": 38.091686914780134,
        "vintage": "Fall 2004"
    },
    {
        "animeEng": "Inazuma Eleven: Orion no Kokuin",
        "animeRomaji": "Inazuma Eleven: Orion no Kokuin",
        "songName": "Suisei Girls",
        "artist": "alom",
        "type": "Ending 1",
        "correctCount": 10,
        "startTime": 23,
        "songDuration": 87.5087,
        "songNumber": 6,
        "activePlayerCount": 129,
        "LinkVideo": "https://files.catbox.moe/3se3m8.webm",
        "LinkMp3": "https://files.catbox.moe/chi4rt.mp3",
        "annId": 21293,
        "songDifficulty": 16.522806236814347,
        "vintage": "Fall 2018"
    },
    {
        "animeEng": "Dragon Ball: Mystical Adventure",
        "animeRomaji": "Dragon Ball: Makafushigi Daibouken",
        "songName": "Dragon Ball Densetsu",
        "artist": "Hiroki Takahashi",
        "type": "Ending 1",
        "correctCount": 81,
        "startTime": 8,
        "songDuration": 106.056,
        "songNumber": 7,
        "activePlayerCount": 129,
        "LinkVideo": "https://files.catbox.moe/mwuc8n.webm",
        "LinkMp3": "https://files.catbox.moe/ai3s69.mp3",
        "annId": 2138,
        "songDifficulty": 33.20561985596708,
        "vintage": "Summer 1988"
    },
    {
        "animeEng": "Science Fell in Love, So I Tried to Prove It",
        "animeRomaji": "Rikei ga Koi ni Ochita no de Shoumei Shitemita.",
        "songName": "Turing Love",
        "artist": "Akari Nanawo feat. Sou",
        "type": "Ending 1",
        "correctCount": 87,
        "startTime": 21,
        "songDuration": 89.568,
        "songNumber": 8,
        "activePlayerCount": 131,
        "LinkVideo": "https://files.catbox.moe/nj5k54.webm",
        "LinkMp3": "https://files.catbox.moe/qjkbxg.mp3",
        "annId": 22312,
        "songDifficulty": 33.10932708333333,
        "vintage": "Winter 2020"
    },
    {
        "animeEng": "March comes in like a lion",
        "animeRomaji": "3-gatsu no Lion",
        "songName": "Answer",
        "artist": "BUMP OF CHICKEN",
        "type": "Opening 1",
        "correctCount": 50,
        "startTime": 0,
        "songDuration": 89.568,
        "songNumber": 9,
        "activePlayerCount": 133,
        "LinkVideo": "https://files.catbox.moe/wcxc8n.webm",
        "LinkMp3": "https://files.catbox.moe/61kwir.mp3",
        "annId": 18166,
        "songDifficulty": 37.10558018785368,
        "vintage": "Fall 2016"
    },
    {
        "animeEng": "Lucky Star",
        "animeRomaji": "Lucky Star",
        "songName": "Kuchibiru Daydream",
        "artist": "Aki Misato",
        "type": "Insert Song",
        "correctCount": 33,
        "startTime": 0,
        "songDuration": 20.784,
        "songNumber": 10,
        "activePlayerCount": 134,
        "LinkVideo": "https://files.catbox.moe/3ng2wn.webm",
        "LinkMp3": "https://files.catbox.moe/d2cl3c.mp3",
        "annId": 7222,
        "songDifficulty": 14.128292748486778,
        "vintage": "Spring 2007"
    },
    {
        "animeEng": "Ranking of Kings",
        "animeRomaji": "Ousama Ranking",
        "songName": "BOY",
        "artist": "King Gnu",
        "type": "Opening 1",
        "correctCount": 65,
        "startTime": 37,
        "songDuration": 89.064,
        "songNumber": 11,
        "activePlayerCount": 136,
        "LinkVideo": "https://files.catbox.moe/dg0mpw.webm",
        "LinkMp3": "https://files.catbox.moe/uhr9cf.mp3",
        "annId": 24246,
        "songDifficulty": 43.52766224107536,
        "vintage": "Fall 2021"
    },
    {
        "animeEng": "Shin Koihime\u2020Musou: Otome Tairan",
        "animeRomaji": "Shin Koihime\u2020Musou: Otome Tairan",
        "songName": "Yuuki Rinrin",
        "artist": "Touen no San Shimai",
        "type": "Ending 1",
        "correctCount": 13,
        "startTime": 54,
        "songDuration": 89.07602,
        "songNumber": 12,
        "activePlayerCount": 139,
        "LinkVideo": "https://files.catbox.moe/tt1ja7.webm",
        "LinkMp3": "https://files.catbox.moe/7stzle.mp3",
        "annId": 11215,
        "songDifficulty": 12.219893704927884,
        "vintage": "Winter 2010"
    },
    {
        "animeEng": "Tokyo Mew Mew New",
        "animeRomaji": "Tokyo Mew Mew New",
        "songName": "Cat!! Shite SuperGirls",
        "artist": "Smewthie",
        "type": "Opening 1",
        "correctCount": 15,
        "startTime": 55,
        "songDuration": 87.864,
        "songNumber": 13,
        "activePlayerCount": 140,
        "LinkVideo": "https://files.catbox.moe/xuugn3.webm",
        "LinkMp3": "https://files.catbox.moe/yz6j6q.mp3",
        "annId": 24015,
        "songDifficulty": 22.06999613542677,
        "vintage": "Summer 2022"
    },
    {
        "animeEng": "Mr. Osomatsu The Movie",
        "animeRomaji": "Eiga no Osomatsu-san",
        "songName": "Kanzen-tai Osomatsu-san",
        "artist": "Luna Goami",
        "type": "Insert Song",
        "correctCount": 1,
        "startTime": 220,
        "songDuration": 250.584,
        "songNumber": 14,
        "activePlayerCount": 140,
        "LinkVideo": "https://files.catbox.moe/uc48jp.webm",
        "LinkMp3": "https://files.catbox.moe/27yzf1.mp3",
        "annId": 21718,
        "songDifficulty": 4.409872960562658,
        "vintage": "Winter 2019",
        "correctPlayers": [
            "Rukawa11"
        ]
    },
    {
        "animeEng": "The Asterisk War",
        "animeRomaji": "Gakusen Toshi Asterisk",
        "songName": "The Asterisk War",
        "artist": "Shiena Nishizawa",
        "type": "Opening 1",
        "correctCount": 86,
        "startTime": 35,
        "songDuration": 86.568,
        "songNumber": 15,
        "activePlayerCount": 139,
        "LinkVideo": "https://files.catbox.moe/taknfj.webm",
        "LinkMp3": "https://files.catbox.moe/3tjwhp.mp3",
        "annId": 18068,
        "songDifficulty": 34.36344317949765,
        "vintage": "Spring 2016"
    },
    {
        "animeEng": "Is the Order a Rabbit?? Sing For You",
        "animeRomaji": "Gochuumon wa Usagi Desu ka?? Sing For You",
        "songName": "Komorebi Seishunfu",
        "artist": "Inori Minase, Sora Tokui, Rie Murakawa, Suginami Jidou Gasshou-dan",
        "type": "Insert Song",
        "correctCount": 25,
        "startTime": 32,
        "songDuration": 66,
        "songNumber": 16,
        "activePlayerCount": 139,
        "LinkVideo": "https://files.catbox.moe/qh7d0s.webm",
        "LinkMp3": "https://files.catbox.moe/o1rec7.mp3",
        "annId": 21985,
        "songDifficulty": 18.924659616157555,
        "vintage": "Summer 2019"
    },
    {
        "animeEng": "High School DxD",
        "animeRomaji": "High School DxD",
        "songName": "STUDYxSTUDY",
        "artist": "StylipS",
        "type": "Ending 1",
        "correctCount": 63,
        "startTime": 50,
        "songDuration": 89.568,
        "songNumber": 17,
        "activePlayerCount": 139,
        "LinkVideo": "https://files.catbox.moe/bdvk1c.webm",
        "LinkMp3": "https://files.catbox.moe/f4omup.mp3",
        "annId": 13558,
        "songDifficulty": 24.695857709211854,
        "vintage": "Winter 2012"
    },
    {
        "animeEng": "Heartcatch Pretty Cure!",
        "animeRomaji": "Heartcatch Precure!",
        "songName": "Heartcatch\u2606Paradise!",
        "artist": "Mayu Kudou",
        "type": "Ending 1",
        "correctCount": 16,
        "startTime": 29,
        "songDuration": 89.616,
        "songNumber": 18,
        "activePlayerCount": 138,
        "LinkVideo": "https://files.catbox.moe/3hx9op.webm",
        "LinkMp3": "https://files.catbox.moe/q6p5lj.mp3",
        "annId": 11195,
        "songDifficulty": 32.551331815944884,
        "vintage": "Winter 2010"
    },
    {
        "animeEng": "Attack on Titan",
        "animeRomaji": "Shingeki no Kyojin",
        "songName": "\u0259t\u02c8\u00e6k 0N t\u03ac\u026atn",
        "artist": "Mika Kobayashi",
        "type": "Insert Song",
        "correctCount": 92,
        "startTime": 34,
        "songDuration": 77.04,
        "songNumber": 19,
        "activePlayerCount": 137,
        "LinkVideo": "https://files.catbox.moe/cweslz.webm",
        "LinkMp3": "https://files.catbox.moe/uj6cfz.mp3",
        "annId": 14950,
        "songDifficulty": 61.61260287281871,
        "vintage": "Spring 2013"
    },
    {
        "animeEng": "Junjou Romantica: Pure Romance",
        "animeRomaji": "Junjou Romantica",
        "songName": "Kimi = Hana",
        "artist": "pigstar",
        "type": "Opening 1",
        "correctCount": 16,
        "startTime": 57,
        "songDuration": 88.752,
        "songNumber": 20,
        "activePlayerCount": 138,
        "LinkVideo": "https://files.catbox.moe/69c1r2.webm",
        "LinkMp3": "https://files.catbox.moe/s5yeb6.mp3",
        "annId": 8922,
        "songDifficulty": 19.662870225133787,
        "vintage": "Spring 2008"
    },
    {
        "animeEng": "Blue Period",
        "animeRomaji": "Blue Period",
        "songName": "EVERBLUE",
        "artist": "Omoinotake",
        "type": "Opening 1",
        "correctCount": 61,
        "startTime": 55,
        "songDuration": 88.992,
        "songNumber": 21,
        "activePlayerCount": 140,
        "LinkVideo": "https://files.catbox.moe/v5xwd8.webm",
        "LinkMp3": "https://files.catbox.moe/coaj7u.mp3",
        "annId": 23936,
        "songDifficulty": 34.035617696401715,
        "vintage": "Summer 2021"
    },
    {
        "animeEng": "Motto! Majime ni Fumajime Kaiketsu Zorori",
        "animeRomaji": "Motto! Majime ni Fumajime Kaiketsu Zorori",
        "songName": "Motto! Motto! Kaiketsu Zorori",
        "artist": "Kouichi Yamadera",
        "type": "Opening 1",
        "correctCount": 29,
        "startTime": 58,
        "songDuration": 89.4,
        "songNumber": 22,
        "activePlayerCount": 141,
        "LinkVideo": "https://files.catbox.moe/2turtf.webm",
        "LinkMp3": "https://files.catbox.moe/flcues.mp3",
        "annId": 23171,
        "songDifficulty": 12.141412850682409,
        "vintage": "Spring 2020"
    },
    {
        "animeEng": "Galaxy Express 999",
        "animeRomaji": "Ginga Tetsudou 999",
        "songName": "THE GALAXY EXPRESS 999",
        "artist": "Godiego",
        "type": "Ending 1",
        "correctCount": 95,
        "startTime": 104,
        "songDuration": 154.344,
        "songNumber": 23,
        "activePlayerCount": 141,
        "LinkVideo": "https://files.catbox.moe/ax2tz7.webm",
        "LinkMp3": "https://files.catbox.moe/i9mvqr.mp3",
        "annId": 1362,
        "songDifficulty": 31.646118020055052,
        "vintage": "Summer 1979"
    },
    {
        "animeEng": "Scramble Wars",
        "animeRomaji": "Scramble Wars: Tsuppashire! Genom Trophy Rally",
        "songName": "Cinderella Nanka Tsumaranai",
        "artist": "WIZ-KISS",
        "type": "Opening 1",
        "correctCount": 3,
        "startTime": 163,
        "songDuration": 203.664,
        "songNumber": 24,
        "activePlayerCount": 141,
        "LinkVideo": "https://files.catbox.moe/2zm19i.webm",
        "LinkMp3": "https://files.catbox.moe/sjfbnv.mp3",
        "annId": 958,
        "songDifficulty": 7.205918838954208,
        "vintage": "Fall 1992",
        "correctPlayers": [
            "Delete",
            "Shag",
            "StephWeeb"
        ]
    },
    {
        "animeEng": "Parol's Future Island",
        "animeRomaji": "Paroru no Miraijima",
        "songName": "Mirai kara no Shoutaijou",
        "artist": "Natsuki Isa",
        "type": "Ending 1",
        "correctCount": 5,
        "startTime": 10,
        "songDuration": 82.152,
        "songNumber": 25,
        "activePlayerCount": 142,
        "LinkVideo": "https://files.catbox.moe/l1xm41.webm",
        "LinkMp3": "https://files.catbox.moe/mc62gz.mp3",
        "annId": 15690,
        "songDifficulty": 12.657217261904762,
        "vintage": "Winter 2014",
        "correctPlayers": [
            "Orfey",
            "NaoJordan",
            "plagdoooooooc",
            "gaaw",
            "Diukes"
        ]
    },
    {
        "animeEng": "Kakyuusei 2",
        "animeRomaji": "Kakyuusei 2: Hitomi no Naka no Shoujo-tachi",
        "songName": "Kioku no Kanata",
        "artist": "Shizuka Kondo",
        "type": "Insert Song",
        "correctCount": 3,
        "startTime": 25,
        "songDuration": 59.4,
        "songNumber": 26,
        "activePlayerCount": 141,
        "LinkVideo": "https://files.catbox.moe/5tgl9y.webm",
        "LinkMp3": "https://files.catbox.moe/emsrkg.mp3",
        "annId": 4487,
        "songDifficulty": 4.701771991628323,
        "vintage": "Fall 2004",
        "correctPlayers": [
            "Delete",
            "Mika_tw",
            "gaaw"
        ]
    },
    {
        "animeEng": "Eiga Odd Taxi: In the Woods",
        "animeRomaji": "Eiga Odd Taxi: In the Woods",
        "songName": "ODDTAXI Film MIX",
        "artist": "Skirt to PUNPEE",
        "type": "Ending 1",
        "correctCount": 62,
        "startTime": 66,
        "songDuration": 223.152,
        "songNumber": 27,
        "activePlayerCount": 141,
        "LinkVideo": "https://files.catbox.moe/f5ql9t.webm",
        "LinkMp3": "https://files.catbox.moe/ops1a5.mp3",
        "annId": 25089,
        "songDifficulty": 23.7774446224738,
        "vintage": "Spring 2022"
    },
    {
        "animeEng": "Nisekoi",
        "animeRomaji": "Nisekoi",
        "songName": "CLICK",
        "artist": "ClariS",
        "type": "Opening 1",
        "correctCount": 101,
        "startTime": 16,
        "songDuration": 89.568,
        "songNumber": 28,
        "activePlayerCount": 140,
        "LinkVideo": "https://files.catbox.moe/388uyj.webm",
        "LinkMp3": "https://files.catbox.moe/sukbjo.mp3",
        "annId": 15349,
        "songDifficulty": 36.188506291766,
        "vintage": "Winter 2014"
    },
    {
        "animeEng": "Music Girls",
        "animeRomaji": "Ongaku Shoujo",
        "songName": "You are my only one",
        "artist": "Lynn",
        "type": "Insert Song",
        "correctCount": 3,
        "startTime": 38,
        "songDuration": 91.06605,
        "songNumber": 29,
        "activePlayerCount": 139,
        "LinkVideo": "https://files.catbox.moe/6n9cev.webm",
        "LinkMp3": "https://files.catbox.moe/owntc0.mp3",
        "annId": 20918,
        "songDifficulty": 10.197421783590094,
        "vintage": "Summer 2018",
        "correctPlayers": [
            "HikamiSumire",
            "Bobocan",
            "Pareo"
        ]
    },
    {
        "animeEng": "Toradora!",
        "animeRomaji": "Toradora!",
        "songName": "Orange",
        "artist": "Rie Kugimiya, Yui Horie, Eri Kitamura",
        "type": "Ending 2",
        "correctCount": 87,
        "startTime": 24,
        "songDuration": 104.064,
        "songNumber": 30,
        "activePlayerCount": 139,
        "LinkVideo": "https://files.catbox.moe/jsn9j9.webm",
        "LinkMp3": "https://files.catbox.moe/iuoup2.mp3",
        "annId": 10050,
        "songDifficulty": 34.00444108138945,
        "vintage": "Fall 2008"
    },
    {
        "animeEng": "Shin Ikki Tousen",
        "animeRomaji": "Shin Ikkitousen",
        "songName": "PROUD STARS",
        "artist": "Konomi Suzuki",
        "type": "Ending 1",
        "correctCount": 10,
        "startTime": 47,
        "songDuration": 88.272,
        "songNumber": 31,
        "activePlayerCount": 139,
        "LinkVideo": "https://files.catbox.moe/jqaojq.webm",
        "LinkMp3": "https://files.catbox.moe/azwp6b.mp3",
        "annId": 24488,
        "songDifficulty": 13.045595853945464,
        "vintage": "Spring 2022"
    },
    {
        "animeEng": "Love Stage!!",
        "animeRomaji": "Love Stage!!",
        "songName": "CLICK YOUR HEART!!",
        "artist": "Kazutomi Yamamoto",
        "type": "Ending 1",
        "correctCount": 18,
        "startTime": 49,
        "songDuration": 88.56,
        "songNumber": 32,
        "activePlayerCount": 140,
        "LinkVideo": "https://files.catbox.moe/fqjqrm.webm",
        "LinkMp3": "https://files.catbox.moe/mzggm9.mp3",
        "annId": 15846,
        "songDifficulty": 18.109859114100185,
        "vintage": "Summer 2014"
    },
    {
        "animeEng": "Porco Rosso",
        "animeRomaji": "Kurenai no Buta",
        "songName": "Le temps des Cerises",
        "artist": "Tokiko Kato",
        "type": "Insert Song",
        "correctCount": 58,
        "startTime": 80,
        "songDuration": 167.088,
        "songNumber": 33,
        "activePlayerCount": 140,
        "LinkVideo": "https://files.catbox.moe/bsayo9.webm",
        "LinkMp3": "https://files.catbox.moe/q36rig.mp3",
        "annId": 855,
        "songDifficulty": 29.738610604097975,
        "vintage": "Spring 1992"
    },
    {
        "animeEng": "Black\u2605Rock Shooter",
        "animeRomaji": "Black\u2605Rock Shooter",
        "songName": "Braveheart",
        "artist": "THE GOMBAND",
        "type": "Ending 1",
        "correctCount": 7,
        "startTime": 91,
        "songDuration": 236.904,
        "songNumber": 34,
        "activePlayerCount": 141,
        "LinkVideo": "https://files.catbox.moe/bxu5qo.webm",
        "LinkMp3": "https://files.catbox.moe/v0593q.mp3",
        "annId": 11318,
        "songDifficulty": 8.581776603110354,
        "vintage": "Summer 2010"
    },
    {
        "animeEng": "GTO: The Animation",
        "animeRomaji": "GTO: The Animation",
        "songName": "Driver's High",
        "artist": "L'Arc~en~Ciel",
        "type": "Opening 1",
        "correctCount": 75,
        "startTime": 62,
        "songDuration": 97.56,
        "songNumber": 35,
        "activePlayerCount": 141,
        "LinkVideo": "https://files.catbox.moe/l3yi36.webm",
        "LinkMp3": "https://files.catbox.moe/9wpiyn.mp3",
        "annId": 153,
        "songDifficulty": 39.446803435114504,
        "vintage": "Spring 1999"
    },
    {
        "animeEng": "Carole & Tuesday",
        "animeRomaji": "Carole & Tuesday",
        "songName": "Endless",
        "artist": "Alisa",
        "type": "Ending 3",
        "correctCount": 89,
        "startTime": 45,
        "songDuration": 179.808,
        "songNumber": 36,
        "activePlayerCount": 141,
        "LinkVideo": "https://files.catbox.moe/z1723z.webm",
        "LinkMp3": "https://files.catbox.moe/eshb42.mp3",
        "annId": 21557,
        "songDifficulty": 44.41659658286119,
        "vintage": "Spring 2019"
    },
    {
        "animeEng": "Aikatsu!",
        "animeRomaji": "Aikatsu!",
        "songName": "Shiawase Houteishiki",
        "artist": "Ruka\u30fbKana from AIKATSU\u2606STARS!",
        "type": "Insert Song",
        "correctCount": 34,
        "startTime": 24,
        "songDuration": 113.208,
        "songNumber": 37,
        "activePlayerCount": 140,
        "LinkVideo": "https://files.catbox.moe/2v1wb5.webm",
        "LinkMp3": "https://files.catbox.moe/upovzh.mp3",
        "annId": 16824,
        "songDifficulty": 31.551741702670856,
        "vintage": "Fall 2015"
    },
    {
        "animeEng": "The Rebirth of Buddha",
        "animeRomaji": "Buddha Saitan",
        "songName": "Satori ni Challenge",
        "artist": "Woo Sung Min",
        "type": "Ending 1",
        "correctCount": 4,
        "startTime": 68,
        "songDuration": 387.408,
        "songNumber": 38,
        "activePlayerCount": 138,
        "LinkVideo": "https://files.catbox.moe/3trie9.webm",
        "LinkMp3": "https://files.catbox.moe/nmlgbd.mp3",
        "annId": 11029,
        "songDifficulty": 5.105369490806503,
        "vintage": "Fall 2009",
        "correctPlayers": [
            "Rukawa11",
            "IzumiSakai",
            "Haibara_Ai",
            "HDNC"
        ]
    },
    {
        "animeEng": "Vinland Saga",
        "animeRomaji": "Vinland Saga",
        "songName": "Torches",
        "artist": "Aimer",
        "type": "Ending 1",
        "correctCount": 57,
        "startTime": 15,
        "songDuration": 86.856,
        "songNumber": 39,
        "activePlayerCount": 138,
        "LinkVideo": "https://files.catbox.moe/8759a2.webm",
        "LinkMp3": "https://files.catbox.moe/em2xhk.mp3",
        "annId": 20778,
        "songDifficulty": 36.172332942555684,
        "vintage": "Summer 2019"
    },
    {
        "animeEng": "The Cosmopolitan Prayers",
        "animeRomaji": "Chou Henshin Cos\u221ePrayer",
        "songName": "Inori no Uta",
        "artist": "rainbow colors",
        "type": "Insert Song",
        "correctCount": 4,
        "startTime": 27,
        "songDuration": 72.048925,
        "songNumber": 40,
        "activePlayerCount": 138,
        "LinkVideo": "https://files.catbox.moe/dma9j6.webm",
        "LinkMp3": "https://files.catbox.moe/x505mv.mp3",
        "annId": 3460,
        "songDifficulty": 15.301164955716587,
        "vintage": "Winter 2004",
        "correctPlayers": [
            "EschaPyon",
            "Kuterin",
            "HDNC",
            "Theseus"
        ]
    },
    {
        "animeEng": "Anime-Gataris",
        "animeRomaji": "Animegataris",
        "songName": "Aikotoba",
        "artist": "GARNiDELiA",
        "type": "Opening 1",
        "correctCount": 47,
        "startTime": 38,
        "songDuration": 88.536,
        "songNumber": 41,
        "activePlayerCount": 139,
        "LinkVideo": "https://files.catbox.moe/c3bd5m.webm",
        "LinkMp3": "https://files.catbox.moe/y919rc.mp3",
        "annId": 19480,
        "songDifficulty": 25.05764687756779,
        "vintage": "Fall 2017"
    },
    {
        "animeEng": "Aikatsu!",
        "animeRomaji": "Aikatsu!",
        "songName": "Idol Katsudou!",
        "artist": "Ruka from STAR\u2606ANIS",
        "type": "Insert Song",
        "correctCount": 62,
        "startTime": 10,
        "songDuration": 81.384,
        "songNumber": 42,
        "activePlayerCount": 141,
        "LinkVideo": "https://files.catbox.moe/j75kxd.webm",
        "LinkMp3": "https://files.catbox.moe/e18u1q.mp3",
        "annId": 15597,
        "songDifficulty": 42.8458280964351,
        "vintage": "Fall 2013"
    },
    {
        "animeEng": "Ranma 1/2",
        "animeRomaji": "Ranma 1/2",
        "songName": "Fukuzatsu na Ryou Omoi",
        "artist": "Ranma\u00bdDoCo",
        "type": "Opening 6",
        "correctCount": 1,
        "startTime": 2,
        "songDuration": 133.056,
        "songNumber": 43,
        "activePlayerCount": 141,
        "LinkVideo": "https://files.catbox.moe/r0364t.webm",
        "LinkMp3": "https://files.catbox.moe/7wx39k.mp3",
        "annId": 200,
        "songDifficulty": 17.44835555626273,
        "vintage": "Fall 1993",
        "correctPlayers": [
            "Rukawa11"
        ]
    },
    {
        "animeEng": "Road to You: Hoshi Furu Oka no Yakusoku",
        "animeRomaji": "Road to You: Hoshi Furu Oka no Yakusoku",
        "songName": "Lethologica",
        "artist": "Keina Suda",
        "type": "Insert Song",
        "correctCount": 9,
        "startTime": 71,
        "songDuration": 182.98461,
        "songNumber": 44,
        "activePlayerCount": 142,
        "LinkVideo": "https://files.catbox.moe/xyo6zy.webm",
        "LinkMp3": "https://files.catbox.moe/3p7hlv.mp3",
        "annId": 23872,
        "songDifficulty": 9.823978000217014,
        "vintage": "Fall 2018"
    },
    {
        "animeEng": "Speed Racer",
        "animeRomaji": "Mach Go Go Go",
        "songName": "Mach Go Go Go",
        "artist": "Vocal Shop",
        "type": "Ending 1",
        "correctCount": 57,
        "startTime": 28,
        "songDuration": 60.024,
        "songNumber": 45,
        "activePlayerCount": 140,
        "LinkVideo": "https://files.catbox.moe/64laby.webm",
        "LinkMp3": "https://files.catbox.moe/suffwt.mp3",
        "annId": 776,
        "songDifficulty": 34.28885020380435,
        "vintage": "Spring 1967"
    },
    {
        "animeEng": "I Can't Understand What My Husband is Saying: 2nd Thread",
        "animeRomaji": "Danna ga Nani o Itteiru ka Wakaranai Ken 2-sure-me",
        "songName": "Yuruganu Futari ~Ai no Sanka~",
        "artist": "Kaoru to Hajime",
        "type": "Ending 1",
        "correctCount": 69,
        "startTime": 2,
        "songDuration": 32.016,
        "songNumber": 46,
        "activePlayerCount": 141,
        "LinkVideo": "https://files.catbox.moe/jpzosf.webm",
        "LinkMp3": "https://files.catbox.moe/o7pn8e.mp3",
        "annId": 16654,
        "songDifficulty": 24.541493641318453,
        "vintage": "Spring 2015"
    },
    {
        "animeEng": "Flavors of Youth",
        "animeRomaji": "Shikioriori",
        "songName": "WALK",
        "artist": "Vickeblanka",
        "type": "Ending 1",
        "correctCount": 29,
        "startTime": 96,
        "songDuration": 217.536,
        "songNumber": 47,
        "activePlayerCount": 141,
        "LinkVideo": "https://files.catbox.moe/dirxem.webm",
        "LinkMp3": "https://files.catbox.moe/rbjy9n.mp3",
        "annId": 21127,
        "songDifficulty": 12.746891227111233,
        "vintage": "Summer 2018"
    },
    {
        "animeEng": "Scarlet Nexus",
        "animeRomaji": "Scarlet Nexus",
        "songName": "Dream In Drive",
        "artist": "THE ORAL CIGARETTES",
        "type": "Insert Song",
        "correctCount": 20,
        "startTime": 31,
        "songDuration": 76.272,
        "songNumber": 48,
        "activePlayerCount": 141,
        "LinkVideo": "https://files.catbox.moe/m17orz.webm",
        "LinkMp3": "https://files.catbox.moe/qrq0wc.mp3",
        "annId": 24159,
        "songDifficulty": 21.829222988884702,
        "vintage": "Summer 2021"
    },
    {
        "animeEng": "Rescue Me!",
        "animeRomaji": "Rescue Me!",
        "songName": "Kyun\u2665Kyun everyday",
        "artist": "Aoki Haruko",
        "type": "Ending 1",
        "correctCount": 27,
        "startTime": 32,
        "songDuration": 71.064,
        "songNumber": 49,
        "activePlayerCount": 141,
        "LinkVideo": "https://files.catbox.moe/sjm9rm.webm",
        "LinkMp3": "https://files.catbox.moe/9z3es4.mp3",
        "annId": 15128,
        "songDifficulty": 19.93727077661827,
        "vintage": "Spring 2013"
    },
    {
        "animeEng": "Madlax",
        "animeRomaji": "Madlax",
        "songName": "To Find Your Flower",
        "artist": "Yuri Kasahara",
        "type": "Insert Song",
        "correctCount": 4,
        "startTime": 73,
        "songDuration": 137.036012,
        "songNumber": 50,
        "activePlayerCount": 141,
        "LinkVideo": "https://files.catbox.moe/qalvqw.webm",
        "LinkMp3": "https://files.catbox.moe/wiil7g.mp3",
        "annId": 3714,
        "songDifficulty": 17.976850599463297,
        "vintage": "Spring 2004",
        "correctPlayers": [
            "RTryptophan",
            "Kakkeru",
            "Martinch",
            "Diukes"
        ]
    },
    {
        "animeEng": "Yuu\u2606Yuu\u2606Hakusho",
        "animeRomaji": "Yu Yu Hakusho: Ghost Files",
        "songName": "Hohoemi no Bakudan",
        "artist": "Matsuko Mawatari",
        "type": "Ending 1",
        "correctCount": 99,
        "startTime": 37,
        "songDuration": 83.04,
        "songNumber": 51,
        "activePlayerCount": 141,
        "LinkVideo": "https://files.catbox.moe/004kzv.webm",
        "LinkMp3": "https://files.catbox.moe/t6opi6.mp3",
        "annId": 21244,
        "songDifficulty": 43.24919195471597,
        "vintage": "Fall 2018"
    },
    {
        "animeEng": "Saga of Tanya the Evil",
        "animeRomaji": "Youjo Senki",
        "songName": "Los! Los! Los!",
        "artist": "Aoi Yuuki",
        "type": "Ending 1",
        "correctCount": 117,
        "startTime": 16,
        "songDuration": 88.992,
        "songNumber": 52,
        "activePlayerCount": 142,
        "LinkVideo": "https://files.catbox.moe/a08cwg.webm",
        "LinkMp3": "https://files.catbox.moe/ibaonl.mp3",
        "annId": 18692,
        "songDifficulty": 54.201100854088885,
        "vintage": "Winter 2017"
    },
    {
        "animeEng": "Digimon Tamers",
        "animeRomaji": "Digimon Tamers",
        "songName": "Black intruder",
        "artist": "Hiroki Takahashi",
        "type": "Insert Song",
        "correctCount": 7,
        "startTime": 51,
        "songDuration": 128.256,
        "songNumber": 53,
        "activePlayerCount": 143,
        "LinkVideo": "https://files.catbox.moe/uzjhwq.webm",
        "LinkMp3": "https://files.catbox.moe/fnz6zi.mp3",
        "annId": 2171,
        "songDifficulty": 9.819325858908202,
        "vintage": "Spring 2001"
    },
    {
        "animeEng": "PriPara",
        "animeRomaji": "PriPara",
        "songName": "Kirakirunway\u2606",
        "artist": "Prism\u2606Box",
        "type": "Ending 2",
        "correctCount": 18,
        "startTime": 59,
        "songDuration": 87.816,
        "songNumber": 54,
        "activePlayerCount": 142,
        "LinkVideo": "https://files.catbox.moe/b06jhy.webm",
        "LinkMp3": "https://files.catbox.moe/rt1ou0.mp3",
        "annId": 15916,
        "songDifficulty": 23.480943249117942,
        "vintage": "Summer 2014"
    },
    {
        "animeEng": "Promare",
        "animeRomaji": "Promare",
        "songName": "NEXUS",
        "artist": "Laco",
        "type": "Insert Song",
        "correctCount": 57,
        "startTime": 13,
        "songDuration": 89.952,
        "songNumber": 55,
        "activePlayerCount": 143,
        "LinkVideo": "https://files.catbox.moe/j39egn.webm",
        "LinkMp3": "https://files.catbox.moe/pdkiik.mp3",
        "annId": 21767,
        "songDifficulty": 36.9906583511206,
        "vintage": "Spring 2019"
    },
    {
        "animeEng": "Love, Chunibyo & Other Delusions!: Take On Me",
        "animeRomaji": "Chuunibyou demo Koi ga Shitai! Movie: Take On Me",
        "songName": "Sparkling Daydream",
        "artist": "ZAQ",
        "type": "Insert Song",
        "correctCount": 111,
        "startTime": 21,
        "songDuration": 161.856,
        "songNumber": 56,
        "activePlayerCount": 143,
        "LinkVideo": "https://files.catbox.moe/y4hy7k.webm",
        "LinkMp3": "https://files.catbox.moe/4vbs40.mp3",
        "annId": 19920,
        "songDifficulty": 44.24629457330794,
        "vintage": "Winter 2018"
    },
    {
        "animeEng": "Hi-sCool! Seha Girls",
        "animeRomaji": "Hi\u2606sCoool! SeHa Girls",
        "songName": "Gekitei (Geki! Teikoku Kageki-dan)",
        "artist": "Chisa Yokoyama & Teikoku Kageki-dan",
        "type": "Insert Song",
        "correctCount": 94,
        "startTime": 34,
        "songDuration": 70.056,
        "songNumber": 57,
        "activePlayerCount": 143,
        "LinkVideo": "https://files.catbox.moe/jegxnl.webm",
        "LinkMp3": "https://files.catbox.moe/xxjdiw.mp3",
        "annId": 16122,
        "songDifficulty": 40.000652855153206,
        "vintage": "Fall 2014"
    },
    {
        "animeEng": "Skeleton Knight in Another World",
        "animeRomaji": "Gaikotsu Kishi-sama, Tadaima Isekai e Odekakechuu",
        "songName": "Aa, Waga Roman no Michi yo",
        "artist": "PelleK",
        "type": "Opening 1",
        "correctCount": 62,
        "startTime": 44,
        "songDuration": 89.952,
        "songNumber": 58,
        "activePlayerCount": 143,
        "LinkVideo": "https://files.catbox.moe/o0oruw.webm",
        "LinkMp3": "https://files.catbox.moe/pnmu9f.mp3",
        "annId": 24313,
        "songDifficulty": 36.851815247352384,
        "vintage": "Spring 2022"
    },
    {
        "animeEng": "Sword Art Online: Alicization",
        "animeRomaji": "Sword Art Online: Alicization",
        "songName": "Niji no Kanata ni",
        "artist": "ReoNa",
        "type": "Ending 3",
        "correctCount": 61,
        "startTime": 5,
        "songDuration": 108.072,
        "songNumber": 59,
        "activePlayerCount": 143,
        "LinkVideo": "https://files.catbox.moe/1ehdrx.webm",
        "LinkMp3": "https://files.catbox.moe/ha7pj4.mp3",
        "annId": 20665,
        "songDifficulty": 28.02354901696741,
        "vintage": "Fall 2018"
    },
    {
        "animeEng": "Dororo and Hyakkimaru",
        "animeRomaji": "Dororo",
        "songName": "Dororo no Uta",
        "artist": "Toshiko Fujita",
        "type": "Opening 1",
        "correctCount": 53,
        "startTime": 37,
        "songDuration": 98.16,
        "songNumber": 60,
        "activePlayerCount": 142,
        "LinkVideo": "https://files.catbox.moe/4aqi1r.webm",
        "LinkMp3": "https://files.catbox.moe/b1rh0e.mp3",
        "annId": 1320,
        "songDifficulty": 31.159850673550327,
        "vintage": "Spring 1969"
    },
    {
        "animeEng": "GA: Geijutsuka Art Design Class",
        "animeRomaji": "GA: Geijutsuka Art Design Class",
        "songName": "Osaki ni sil vous plait",
        "artist": "Ayanoi Koukou GA girls",
        "type": "Opening 1",
        "correctCount": 5,
        "startTime": 22,
        "songDuration": 89.496,
        "songNumber": 61,
        "activePlayerCount": 142,
        "LinkVideo": "https://files.catbox.moe/drvasx.webm",
        "LinkMp3": "https://files.catbox.moe/aihief.mp3",
        "annId": 10895,
        "songDifficulty": 15.03101824484093,
        "vintage": "Summer 2009",
        "correctPlayers": [
            "bamboo",
            "RTryptophan",
            "EschaPyon",
            "uhhuhher",
            "HDNC"
        ]
    },
    {
        "animeEng": "Galaxy Angel X",
        "animeRomaji": "Galaxy Angel X",
        "songName": "Angel\u2606Rock 'n' Roll",
        "artist": "Angel-tai",
        "type": "Opening 1",
        "correctCount": 6,
        "startTime": 3,
        "songDuration": 90.072,
        "songNumber": 62,
        "activePlayerCount": 141,
        "LinkVideo": "https://files.catbox.moe/nk7dz9.webm",
        "LinkMp3": "https://files.catbox.moe/8fmapr.mp3",
        "annId": 4163,
        "songDifficulty": 13.212748350780476,
        "vintage": "Summer 2004"
    },
    {
        "animeEng": "Sgt. Frog",
        "animeRomaji": "Keroro Gunsou",
        "songName": "Kokoro no Mondai",
        "artist": "toutou",
        "type": "Ending 5",
        "correctCount": 20,
        "startTime": 26,
        "songDuration": 89.304,
        "songNumber": 63,
        "activePlayerCount": 142,
        "LinkVideo": "https://files.catbox.moe/rn8asw.webm",
        "LinkMp3": "https://files.catbox.moe/mnpd4k.mp3",
        "annId": 3711,
        "songDifficulty": 28.505169798156803,
        "vintage": "Spring 2004"
    },
    {
        "animeEng": "Dirty Pair",
        "animeRomaji": "Dirty Pair",
        "songName": "BY YOURSELF",
        "artist": "Miho Morikawa",
        "type": "Opening 1",
        "correctCount": 12,
        "startTime": 48,
        "songDuration": 95.808,
        "songNumber": 64,
        "activePlayerCount": 143,
        "LinkVideo": "https://files.catbox.moe/rp416w.webm",
        "LinkMp3": "https://files.catbox.moe/k5tukr.mp3",
        "annId": 262,
        "songDifficulty": 13.747490645226538,
        "vintage": "Fall 1987"
    },
    {
        "animeEng": "BOFURI: I Don\u2019t Want to Get Hurt, so I\u2019ll Max Out My Defense.",
        "animeRomaji": "Itai no wa Iya nano de Bougyoryoku ni Kyokufuri Shitai to Omoimasu.",
        "songName": "Good Night",
        "artist": "Rico Sasaki",
        "type": "Insert Song",
        "correctCount": 94,
        "startTime": 10,
        "songDuration": 47.184,
        "songNumber": 65,
        "activePlayerCount": 143,
        "LinkVideo": "https://files.catbox.moe/5xzv7g.webm",
        "LinkMp3": "https://files.catbox.moe/mn9hbe.mp3",
        "annId": 22565,
        "songDifficulty": 34.895057466143975,
        "vintage": "Winter 2020"
    },
    {
        "animeEng": "The Melancholy of Haruhi Suzumiya",
        "animeRomaji": "Suzumiya Haruhi no Yuuutsu",
        "songName": "Super Driver",
        "artist": "Aya Hirano",
        "type": "Opening 1",
        "correctCount": 112,
        "startTime": 36,
        "songDuration": 89.064,
        "songNumber": 66,
        "activePlayerCount": 143,
        "LinkVideo": "https://files.catbox.moe/4n7ki9.webm",
        "LinkMp3": "https://files.catbox.moe/zvwxy0.mp3",
        "annId": 10924,
        "songDifficulty": 40.37241870819567,
        "vintage": "Spring 2009"
    },
    {
        "animeEng": "Katsugeki Touken Ranbu",
        "animeRomaji": "Katsugeki/Touken Ranbu",
        "songName": "Hikari Tatsu Ame",
        "artist": "Souma Saitou",
        "type": "Opening 1",
        "correctCount": 8,
        "startTime": 59,
        "songDuration": 89.736,
        "songNumber": 67,
        "activePlayerCount": 142,
        "LinkVideo": "https://files.catbox.moe/dredie.webm",
        "LinkMp3": "https://files.catbox.moe/2essjc.mp3",
        "annId": 19412,
        "songDifficulty": 17.751938665341378,
        "vintage": "Summer 2017"
    },
    {
        "animeEng": "Love Live! Sunshine!!",
        "animeRomaji": "Love Live! School Idol Project Sunshine!!",
        "songName": "Yume Kataru yori Yume Utaou",
        "artist": "Anju Inami, Rikako Aida, Shuka Saitou, Aika Kobayashi, Kanako Takatsuki, Ai Furihata",
        "type": "Ending 7",
        "correctCount": 84,
        "startTime": 50,
        "songDuration": 98.112,
        "songNumber": 68,
        "activePlayerCount": 142,
        "LinkVideo": "https://files.catbox.moe/dtukdk.webm",
        "LinkMp3": "https://files.catbox.moe/7ki16i.mp3",
        "annId": 17985,
        "songDifficulty": 44.7723606534871,
        "vintage": "Summer 2016"
    },
    {
        "animeEng": "When They Cry: Outbreak",
        "animeRomaji": "Higurashi no Naku Koro ni Kaku: Outbreak",
        "songName": "you -Visionen im Spiegel",
        "artist": "Yuzuki",
        "type": "Ending 1",
        "correctCount": 56,
        "startTime": 164,
        "songDuration": 228.264,
        "songNumber": 69,
        "activePlayerCount": 143,
        "LinkVideo": "https://files.catbox.moe/ijoaiq.webm",
        "LinkMp3": "https://files.catbox.moe/g5tx9e.mp3",
        "annId": 15268,
        "songDifficulty": 23.6227136568777,
        "vintage": "Summer 2013"
    },
    {
        "animeEng": "Ergo Proxy",
        "animeRomaji": "Ergo Proxy",
        "songName": "kiri",
        "artist": "MONORAL",
        "type": "Opening 1",
        "correctCount": 71,
        "startTime": 29,
        "songDuration": 104.592,
        "songNumber": 70,
        "activePlayerCount": 143,
        "LinkVideo": "https://files.catbox.moe/381pvs.webm",
        "LinkMp3": "https://files.catbox.moe/tg3wsc.mp3",
        "annId": 5115,
        "songDifficulty": 35.29116682661548,
        "vintage": "Winter 2006"
    },
    {
        "animeEng": "Blood Blockade Battlefront & Beyond",
        "animeRomaji": "Kekkai Sensen & Beyond",
        "songName": "World Goes Round",
        "artist": "Hannah Macklin aka MKO",
        "type": "Insert Song",
        "correctCount": 37,
        "startTime": 19,
        "songDuration": 72.768,
        "songNumber": 71,
        "activePlayerCount": 142,
        "LinkVideo": "https://files.catbox.moe/w73ucl.webm",
        "LinkMp3": "https://files.catbox.moe/q86c3x.mp3",
        "annId": 18900,
        "songDifficulty": 31.86803847768714,
        "vintage": "Summer 2017"
    },
    {
        "animeEng": "Video Girl Ai",
        "animeRomaji": "Denei Shoujo",
        "songName": "Ano Hi ni...",
        "artist": "Maki Kimura",
        "type": "Ending 1",
        "correctCount": 3,
        "startTime": 48,
        "songDuration": 128.568,
        "songNumber": 72,
        "activePlayerCount": 142,
        "LinkVideo": "https://files.catbox.moe/n1ykhh.webm",
        "LinkMp3": "https://files.catbox.moe/68mg0r.mp3",
        "annId": 239,
        "songDifficulty": 16.94377267673221,
        "vintage": "Winter 1992",
        "correctPlayers": [
            "Delete",
            "HDNC",
            "NMapper"
        ]
    },
    {
        "animeEng": "Azumanga Daioh",
        "animeRomaji": "Azumanga Daioh",
        "songName": "Soramimi Cake",
        "artist": "Oranges & Lemons",
        "type": "Opening 1",
        "correctCount": 93,
        "startTime": 57,
        "songDuration": 88.944,
        "songNumber": 73,
        "activePlayerCount": 143,
        "LinkVideo": "https://files.catbox.moe/uhdwfr.webm",
        "LinkMp3": "https://files.catbox.moe/kfu0be.mp3",
        "annId": 799,
        "songDifficulty": 39.18315078667671,
        "vintage": "Spring 2002"
    },
    {
        "animeEng": "The IDOLM@STER",
        "animeRomaji": "The IDOLM@STER",
        "songName": "Furufuru Future\u2606",
        "artist": "Akiko Hasegawa",
        "type": "Insert Song",
        "correctCount": 4,
        "startTime": 34,
        "songDuration": 82.632,
        "songNumber": 74,
        "activePlayerCount": 143,
        "LinkVideo": "https://files.catbox.moe/8x3whu.webm",
        "LinkMp3": "https://files.catbox.moe/m1f3tf.mp3",
        "annId": 12436,
        "songDifficulty": 18.68637430726601,
        "vintage": "Summer 2011",
        "correctPlayers": [
            "Delete",
            "EschaPyon",
            "VnSoul",
            "MilkJiang"
        ]
    },
    {
        "animeEng": "Knights of Sidonia: Battle for Planet Nine",
        "animeRomaji": "Sidonia no Kishi: Dai-kyuu Wakusei Seneki",
        "songName": "Sidonia",
        "artist": "angela",
        "type": "Ending 2",
        "correctCount": 113,
        "startTime": 46,
        "songDuration": 206.472,
        "songNumber": 75,
        "activePlayerCount": 143,
        "LinkVideo": "https://files.catbox.moe/8rwi6o.webm",
        "LinkMp3": "https://files.catbox.moe/uj9gd9.mp3",
        "annId": 16149,
        "songDifficulty": 40.61231554747648,
        "vintage": "Spring 2015"
    },
    {
        "animeEng": "Bludgeoning Angel Dokuro-chan",
        "animeRomaji": "Bokusatsu Tenshi Dokuro-chan",
        "songName": "Bokusatsu Tenshi Dokuro-chan",
        "artist": "Saeko Chiba",
        "type": "Opening 1",
        "correctCount": 67,
        "startTime": 19,
        "songDuration": 89.712,
        "songNumber": 76,
        "activePlayerCount": 143,
        "LinkVideo": "https://files.catbox.moe/9rjm94.webm",
        "LinkMp3": "https://files.catbox.moe/fuy28e.mp3",
        "annId": 5094,
        "songDifficulty": 40.2901353699305,
        "vintage": "Winter 2005"
    },
    {
        "animeEng": "Uta no\u2606Prince-sama\u266aMaji LOVE Kingdom",
        "animeRomaji": "Uta no\u2606Prince-sama\u266aMaji LOVE Kingdom",
        "songName": "Up-Down-Up!",
        "artist": "Takuma Terashima, Shouta Aoi, Hidenori Takahashi",
        "type": "Insert Song",
        "correctCount": 3,
        "startTime": 43,
        "songDuration": 97.464,
        "songNumber": 77,
        "activePlayerCount": 143,
        "LinkVideo": "https://files.catbox.moe/nenm2e.webm",
        "LinkMp3": "https://files.catbox.moe/f7qonl.mp3",
        "annId": 20471,
        "songDifficulty": 8.822533156343562,
        "vintage": "Spring 2019",
        "correctPlayers": [
            "syuka",
            "VineRosy",
            "hk9ian"
        ]
    },
    {
        "animeEng": "Steins;Gate 0",
        "animeRomaji": "Steins;Gate 0",
        "songName": "Hacking to the Gate",
        "artist": "Kanako Itou",
        "type": "Insert Song",
        "correctCount": 124,
        "startTime": 43,
        "songDuration": 122.808,
        "songNumber": 78,
        "activePlayerCount": 143,
        "LinkVideo": "https://files.catbox.moe/rpfwzc.webm",
        "LinkMp3": "https://files.catbox.moe/83nddg.mp3",
        "annId": 20446,
        "songDifficulty": 77.90743554066333,
        "vintage": "Spring 2018"
    },
    {
        "animeEng": "Love Stage!!",
        "animeRomaji": "Love Stage!!",
        "songName": "L\u03a6VEST",
        "artist": "SCREEN mode",
        "type": "Opening 1",
        "correctCount": 50,
        "startTime": 28,
        "songDuration": 86.568,
        "songNumber": 79,
        "activePlayerCount": 143,
        "LinkVideo": "https://files.catbox.moe/5b0g02.webm",
        "LinkMp3": "https://files.catbox.moe/7pvivw.mp3",
        "annId": 15846,
        "songDifficulty": 22.035748639264263,
        "vintage": "Summer 2014"
    },
    {
        "animeEng": "Shoujo\u2606Kageki Revue Starlight: Rondo Rondo Rondo",
        "animeRomaji": "Shoujo\u2606Kageki Revue Starlight: Rondo Rondo Rondo",
        "songName": "Koi no Makyuu (7-kai Ura)",
        "artist": "Haruki Iwata & Momoyo Koyama",
        "type": "Insert Song",
        "correctCount": 4,
        "startTime": 167,
        "songDuration": 260.64,
        "songNumber": 80,
        "activePlayerCount": 144,
        "LinkVideo": "https://files.catbox.moe/5wua5z.webm",
        "LinkMp3": "https://files.catbox.moe/z74dee.mp3",
        "annId": 22992,
        "songDifficulty": 21.36289232521763,
        "vintage": "Spring 2020",
        "correctPlayers": [
            "HikamiSumire",
            "unsta",
            "Mistrals",
            "Martinch"
        ]
    },
    {
        "animeEng": "Bubblegum Crisis",
        "animeRomaji": "Bubblegum Crisis",
        "songName": "Bara no Soldier",
        "artist": "Yuiko Tsubokura",
        "type": "Insert Song",
        "correctCount": 5,
        "startTime": 48,
        "songDuration": 80.976,
        "songNumber": 81,
        "activePlayerCount": 142,
        "LinkVideo": "https://files.catbox.moe/su1g5w.webm",
        "LinkMp3": "https://files.catbox.moe/ee9px8.mp3",
        "annId": 201,
        "songDifficulty": 16.82377296569716,
        "vintage": "Winter 1987",
        "correctPlayers": [
            "Orfey",
            "Rukawa11",
            "Mistrals",
            "peepiss",
            "TKN"
        ]
    },
    {
        "animeEng": "Mobile Suit Zeta Gundam",
        "animeRomaji": "Kidou Senshi Zeta Gundam",
        "songName": "Z\u30fbToki o Koete",
        "artist": "Mami Ayukawa",
        "type": "Opening 1",
        "correctCount": 41,
        "startTime": 32,
        "songDuration": 88.788678,
        "songNumber": 82,
        "activePlayerCount": 142,
        "LinkVideo": "https://files.catbox.moe/7ihwdf.webm",
        "LinkMp3": "https://files.catbox.moe/iqybxl.mp3",
        "annId": 1381,
        "songDifficulty": 32.97800894006251,
        "vintage": "Winter 1985"
    },
    {
        "animeEng": "LITTLE GHOSTLY Adventures Of The TOFU BOY",
        "animeRomaji": "Toufu Kozou",
        "songName": "Ginga Tetsudou no Yoru",
        "artist": "Aqua Timez",
        "type": "Ending 2",
        "correctCount": 8,
        "startTime": 88,
        "songDuration": 195.408,
        "songNumber": 83,
        "activePlayerCount": 142,
        "LinkVideo": "https://files.catbox.moe/7xhpdk.webm",
        "LinkMp3": "https://files.catbox.moe/d8sz71.mp3",
        "annId": 12184,
        "songDifficulty": 9.248240875419866,
        "vintage": "Spring 2011"
    },
    {
        "animeEng": "INTERSTELLA 5555: The 5tory of the 5ecret 5tar 5ystem",
        "animeRomaji": "INTERSTELLA 5555: The 5tory of the 5ecret 5tar 5ystem",
        "songName": "Superheroes",
        "artist": "Daft Punk ft. Barry Manilow",
        "type": "Insert Song",
        "correctCount": 57,
        "startTime": 90,
        "songDuration": 220.056,
        "songNumber": 84,
        "activePlayerCount": 142,
        "LinkVideo": "https://files.catbox.moe/1lw1nz.webm",
        "LinkMp3": "https://files.catbox.moe/yb8uet.mp3",
        "annId": 2391,
        "songDifficulty": 37.45362890625,
        "vintage": "Summer 2001"
    },
    {
        "animeEng": "Aura Battler Dunbine",
        "animeRomaji": "Seisenshi Dunbine",
        "songName": "Mieru Darou Byston Well",
        "artist": "MIO",
        "type": "Ending 1",
        "correctCount": 7,
        "startTime": 6,
        "songDuration": 58.08,
        "songNumber": 85,
        "activePlayerCount": 140,
        "LinkVideo": "https://files.catbox.moe/8dldsd.webm",
        "LinkMp3": "https://files.catbox.moe/mgy25v.mp3",
        "annId": 1188,
        "songDifficulty": 15.089124576065892,
        "vintage": "Winter 1983"
    }
]