[
    {
        "animeEng": "Freedom",
        "animeRomaji": "Freedom",
        "songName": "This Is Love",
        "artist": "Hikaru Utada",
        "type": "Opening 1",
        "correctCount": 28,
        "startTime": 16,
        "songDuration": 88.848,
        "songNumber": 1,
        "activePlayerCount": 141,
        "LinkVideo": "https://files.catbox.moe/djy1o1.webm",
        "LinkMp3": "https://files.catbox.moe/azuvld.mp3",
        "annId": 6769,
        "songDifficulty": 17.77605622103326,
        "vintage": "Fall 2006"
    },
    {
        "animeEng": "Time Bokan Series: Itadakiman",
        "animeRomaji": "Time Bokan Series: Itadakiman",
        "songName": "Oshaka Kouchou no Theme",
        "artist": "Makoto Fujiwara, Hiroo Oikawa",
        "type": "Insert Song",
        "correctCount": 0,
        "startTime": 21,
        "songDuration": 109.224,
        "songNumber": 2,
        "activePlayerCount": 149,
        "LinkVideo": "https://files.catbox.moe/0418va.webm",
        "LinkMp3": "https://files.catbox.moe/ahdmsd.mp3",
        "annId": 1747,
        "songDifficulty": 2.840870370110162,
        "vintage": "Spring 1983"
    },
    {
        "animeEng": "Kumamiko: Girl Meets Bear",
        "animeRomaji": "Kuma Miko",
        "songName": "KUMAMIKO DANCING",
        "artist": "Natsumi Hioka & Hiroki Yasumoto feat. Kumaide-mura no Mina-san",
        "type": "Ending 1",
        "correctCount": 72,
        "startTime": 24,
        "songDuration": 88.872,
        "songNumber": 3,
        "activePlayerCount": 152,
        "LinkVideo": "https://files.catbox.moe/dju772.webm",
        "LinkMp3": "https://files.catbox.moe/vjx6oc.mp3",
        "annId": 17714,
        "songDifficulty": 38.38472292831723,
        "vintage": "Spring 2016"
    },
    {
        "animeEng": "Utakoi",
        "animeRomaji": "Chouyaku Hyakunin Isshu: Uta Koi.",
        "songName": "Singin' My Lu",
        "artist": "SOUL'd OUT",
        "type": "Ending 1",
        "correctCount": 8,
        "startTime": 45,
        "songDuration": 87.528,
        "songNumber": 4,
        "activePlayerCount": 155,
        "LinkVideo": "https://files.catbox.moe/5v4ksx.webm",
        "LinkMp3": "https://files.catbox.moe/7z44i8.mp3",
        "annId": 14168,
        "songDifficulty": 14.825246957632212,
        "vintage": "Summer 2012"
    },
    {
        "animeEng": "My Daddy Long Legs",
        "animeRomaji": "Watashi no Ashinaga Ojisan",
        "songName": "Growing Up",
        "artist": "Mitsuko Horie",
        "type": "Opening 1",
        "correctCount": 3,
        "startTime": 37,
        "songDuration": 73.248,
        "songNumber": 5,
        "activePlayerCount": 155,
        "LinkVideo": "https://files.catbox.moe/sjy0c0.webm",
        "LinkMp3": "https://files.catbox.moe/ox5uxp.mp3",
        "annId": 2020,
        "songDifficulty": 9.64315559951147,
        "vintage": "Winter 1990",
        "correctPlayers": [
            "Shag",
            "ArukasFrost",
            "SrueyaF"
        ]
    },
    {
        "animeEng": "Yakeato no, Okashi no Ki",
        "animeRomaji": "Yakeato no, Okashi no Ki",
        "songName": "Omoide no Album",
        "artist": "Rena Takahashi",
        "type": "Ending 1",
        "correctCount": 6,
        "startTime": 5,
        "songDuration": 88.032,
        "songNumber": 6,
        "activePlayerCount": 153,
        "LinkVideo": "https://files.catbox.moe/4n95np.webm",
        "LinkMp3": "https://files.catbox.moe/dz4wao.mp3",
        "annId": 23448,
        "songDifficulty": 4.9814754247213,
        "vintage": "Summer 2006"
    },
    {
        "animeEng": "Sleepy Princess in the Demon Castle",
        "animeRomaji": "Maou-jou de Oyasumi",
        "songName": "Kaimin! Anmin! Syalist Seikatsu",
        "artist": "Inori Minase",
        "type": "Opening 1",
        "correctCount": 89,
        "startTime": 52,
        "songDuration": 88.56,
        "songNumber": 7,
        "activePlayerCount": 153,
        "LinkVideo": "https://files.catbox.moe/dm0c1i.webm",
        "LinkMp3": "https://files.catbox.moe/ywsp3z.mp3",
        "annId": 23362,
        "songDifficulty": 39.61327533442706,
        "vintage": "Fall 2020"
    },
    {
        "animeEng": "Spooky Kitaro",
        "animeRomaji": "Gegege no Kitarou",
        "songName": "Karan Koron no Uta",
        "artist": "Ukadan",
        "type": "Ending 1",
        "correctCount": 137,
        "startTime": 47,
        "songDuration": 90.648,
        "songNumber": 8,
        "activePlayerCount": 154,
        "LinkVideo": "https://files.catbox.moe/5txqmf.webm",
        "LinkMp3": "https://files.catbox.moe/edu0gv.mp3",
        "annId": 2214,
        "songDifficulty": 51.28953872492284,
        "vintage": "Winter 1996"
    },
    {
        "animeEng": "Aikatsu!",
        "animeRomaji": "Aikatsu!",
        "songName": "G Senjo no Shining Sky",
        "artist": "Waka\u30fbFuuri\u30fbSunao\u30fbRisuko from STAR\u2606ANIS",
        "type": "Insert Song",
        "correctCount": 90,
        "startTime": 25,
        "songDuration": 76.704,
        "songNumber": 9,
        "activePlayerCount": 156,
        "LinkVideo": "https://files.catbox.moe/eydktd.webm",
        "LinkMp3": "https://files.catbox.moe/8txw3o.mp3",
        "annId": 14566,
        "songDifficulty": 43.323087754360465,
        "vintage": "Fall 2012"
    },
    {
        "animeEng": "Love Live! Sunshine!!",
        "animeRomaji": "Love Live! School Idol Project Sunshine!!",
        "songName": "Yume Kataru yori Yume Utaou",
        "artist": "Aika Kobayashi, Kanako Takatsuki, Ai Furihata",
        "type": "Ending 6",
        "correctCount": 77,
        "startTime": 18,
        "songDuration": 98.112,
        "songNumber": 10,
        "activePlayerCount": 159,
        "LinkVideo": "https://files.catbox.moe/2odvjw.webm",
        "LinkMp3": "https://files.catbox.moe/02gnjl.mp3",
        "annId": 17985,
        "songDifficulty": 44.710859916619825,
        "vintage": "Summer 2016"
    },
    {
        "animeEng": "Saber Rider and the Star Sheriffs",
        "animeRomaji": "Seijuushi Bismarck",
        "songName": "Fushigi Call me",
        "artist": "MIO",
        "type": "Opening 1",
        "correctCount": 11,
        "startTime": 54,
        "songDuration": 98.21872,
        "songNumber": 11,
        "activePlayerCount": 162,
        "LinkVideo": "https://files.catbox.moe/45ddiz.webm",
        "LinkMp3": "https://files.catbox.moe/je2m64.mp3",
        "annId": 2401,
        "songDifficulty": 11.468907010409156,
        "vintage": "Fall 1984"
    },
    {
        "animeEng": "Future GPX Cyber Formula Saga",
        "animeRomaji": "Future GPX Cyber Formula Saga",
        "songName": "PARADE",
        "artist": "CaYOCO",
        "type": "Insert Song",
        "correctCount": 2,
        "startTime": 5,
        "songDuration": 52.08,
        "songNumber": 12,
        "activePlayerCount": 164,
        "LinkVideo": "https://files.catbox.moe/knvu8c.webm",
        "LinkMp3": "https://files.catbox.moe/xtqma1.mp3",
        "annId": 4231,
        "songDifficulty": 5.076962471008301,
        "vintage": "Summer 1996",
        "correctPlayers": [
            "Kuterin",
            "kaghey"
        ]
    },
    {
        "animeEng": "Wonder Egg Priority",
        "animeRomaji": "Wonder Egg Priority",
        "songName": "Life is Cider",
        "artist": "Anemoneria",
        "type": "Ending 1",
        "correctCount": 86,
        "startTime": 49,
        "songDuration": 89.232,
        "songNumber": 13,
        "activePlayerCount": 166,
        "LinkVideo": "https://files.catbox.moe/vy9c3f.webm",
        "LinkMp3": "https://files.catbox.moe/zlsc3q.mp3",
        "annId": 24211,
        "songDifficulty": 38.79693850396749,
        "vintage": "Spring 2021"
    },
    {
        "animeEng": "Kaiji: Ultimate Survivor",
        "animeRomaji": "Kaiji: Ultimate Survivor",
        "songName": "Mirai wa Bokura no Te no Naka",
        "artist": "Masato Hagiwara with Red Bonchiris",
        "type": "Opening 1",
        "correctCount": 118,
        "startTime": 13,
        "songDuration": 48.96,
        "songNumber": 14,
        "activePlayerCount": 168,
        "LinkVideo": "https://files.catbox.moe/z093wa.webm",
        "LinkMp3": "https://files.catbox.moe/0ak740.mp3",
        "annId": 8550,
        "songDifficulty": 40.05068866111467,
        "vintage": "Fall 2007"
    },
    {
        "animeEng": "MAPS",
        "animeRomaji": "Maps: Densetsu no Samayoeru Seijintachi",
        "songName": "The Angel Never Sleeps",
        "artist": "Ushio Hashimoto",
        "type": "Ending 1",
        "correctCount": 2,
        "startTime": 17,
        "songDuration": 174.048,
        "songNumber": 15,
        "activePlayerCount": 169,
        "LinkVideo": "https://files.catbox.moe/5tc9fg.webm",
        "LinkMp3": "https://files.catbox.moe/bfaheh.mp3",
        "annId": 693,
        "songDifficulty": 3.160630247833153,
        "vintage": "Summer 1987",
        "correctPlayers": [
            "Orfey",
            "Delete"
        ]
    },
    {
        "animeEng": "Spooky Kitaro",
        "animeRomaji": "Gegege no Kitarou",
        "songName": "Gegege no Kitarou",
        "artist": "Kazuo Kumakura",
        "type": "Opening 1",
        "correctCount": 160,
        "startTime": 32,
        "songDuration": 91.224,
        "songNumber": 16,
        "activePlayerCount": 170,
        "LinkVideo": "https://files.catbox.moe/6r8e4q.webm",
        "LinkMp3": "https://files.catbox.moe/8y93hu.mp3",
        "annId": 1328,
        "songDifficulty": 54.63515808248632,
        "vintage": "Winter 1968"
    },
    {
        "animeEng": "Modest Heroes",
        "animeRomaji": "Chiisana Eiyuu: Kani to Tamago to Toumei Ningen",
        "songName": "Ponoc Tanpen Gekijou no Theme",
        "artist": "Kaela Kimura",
        "type": "Opening 1",
        "correctCount": 141,
        "startTime": 1,
        "songDuration": 30.552,
        "songNumber": 17,
        "activePlayerCount": 170,
        "LinkVideo": "https://files.catbox.moe/9vmxsd.webm",
        "LinkMp3": "https://files.catbox.moe/7j4ctd.mp3",
        "annId": 21195,
        "songDifficulty": 41.199107453092424,
        "vintage": "Summer 2018"
    },
    {
        "animeEng": "Jyu-Oh-Sei",
        "animeRomaji": "Jyu-Oh-Sei",
        "songName": "Deep in your heart",
        "artist": "Koichi Domoto",
        "type": "Opening 1",
        "correctCount": 27,
        "startTime": 24,
        "songDuration": 78.62722,
        "songNumber": 18,
        "activePlayerCount": 171,
        "LinkVideo": "https://files.catbox.moe/oh1ubn.webm",
        "LinkMp3": "https://files.catbox.moe/8ltsug.mp3",
        "annId": 6177,
        "songDifficulty": 16.815871883358806,
        "vintage": "Spring 2006"
    },
    {
        "animeEng": "High School DxD BorN",
        "animeRomaji": "High School DxD BorN",
        "songName": "Oppai Dragon no Uta",
        "artist": "Yuki Kaji",
        "type": "Ending 2",
        "correctCount": 137,
        "startTime": 91,
        "songDuration": 169.44,
        "songNumber": 19,
        "activePlayerCount": 171,
        "LinkVideo": "https://files.catbox.moe/ztleuy.webm",
        "LinkMp3": "https://files.catbox.moe/cxqy3n.mp3",
        "annId": 16620,
        "songDifficulty": 31.833476229895933,
        "vintage": "Spring 2015"
    },
    {
        "animeEng": "Busou Shinki: Moon Angel",
        "animeRomaji": "Busou Shinki: Moon Angel",
        "songName": "Promise",
        "artist": "Kana Asumi",
        "type": "Insert Song",
        "correctCount": 2,
        "startTime": 9,
        "songDuration": 103.68,
        "songNumber": 20,
        "activePlayerCount": 172,
        "LinkVideo": "https://files.catbox.moe/xs4yio.webm",
        "LinkMp3": "https://files.catbox.moe/60bhpr.mp3",
        "annId": 14222,
        "songDifficulty": 7.87012987012987,
        "vintage": "Summer 2011",
        "correctPlayers": [
            "bamboo",
            "ArukasFrost"
        ]
    },
    {
        "animeEng": "Aikatsu!",
        "animeRomaji": "Aikatsu!",
        "songName": "KIRA\u2606Power",
        "artist": "Waka\u30fbFuuri from STAR\u2606ANIS",
        "type": "Insert Song",
        "correctCount": 54,
        "startTime": 25,
        "songDuration": 106.2,
        "songNumber": 21,
        "activePlayerCount": 172,
        "LinkVideo": "https://files.catbox.moe/2pzkvh.webm",
        "LinkMp3": "https://files.catbox.moe/abr9ni.mp3",
        "annId": 15597,
        "songDifficulty": 42.33791540036998,
        "vintage": "Fall 2013"
    },
    {
        "animeEng": "Stitch!",
        "animeRomaji": "Stitch!",
        "songName": "Stitch is Coming",
        "artist": "bless4",
        "type": "Ending 2",
        "correctCount": 75,
        "startTime": 0,
        "songDuration": 29.544,
        "songNumber": 22,
        "activePlayerCount": 173,
        "LinkVideo": "https://files.catbox.moe/rqyjli.webm",
        "LinkMp3": "https://files.catbox.moe/24q8jy.mp3",
        "annId": 10252,
        "songDifficulty": 26.531379097814497,
        "vintage": "Fall 2008"
    },
    {
        "animeEng": "Re:Zero: Starting Life in Another World",
        "animeRomaji": "Re:Zero kara Hajimeru Isekai Seikatsu",
        "songName": "Memento",
        "artist": "nonoc",
        "type": "Ending 1",
        "correctCount": 140,
        "startTime": 45,
        "songDuration": 88.56,
        "songNumber": 23,
        "activePlayerCount": 174,
        "LinkVideo": "https://files.catbox.moe/u8ve7b.webm",
        "LinkMp3": "https://files.catbox.moe/h4wlu9.mp3",
        "annId": 22005,
        "songDifficulty": 55.76553699937422,
        "vintage": "Summer 2020"
    },
    {
        "animeEng": "Odd Taxi",
        "animeRomaji": "Odd Taxi",
        "songName": "ODDTAXI",
        "artist": "Skirt to PUNPEE",
        "type": "Opening 1",
        "correctCount": 98,
        "startTime": 22,
        "songDuration": 89.472,
        "songNumber": 24,
        "activePlayerCount": 174,
        "LinkVideo": "https://files.catbox.moe/jj1det.webm",
        "LinkMp3": "https://files.catbox.moe/3ehm3l.mp3",
        "annId": 23921,
        "songDifficulty": 44.723689585483314,
        "vintage": "Spring 2021"
    },
    {
        "animeEng": "Doreiku The Animation",
        "animeRomaji": "Dorei-ku: Boku to 23-nin no Dorei",
        "songName": "520",
        "artist": "Adiamond -Amy & Bibian-",
        "type": "Insert Song",
        "correctCount": 16,
        "startTime": 0,
        "songDuration": 20.376,
        "songNumber": 25,
        "activePlayerCount": 174,
        "LinkVideo": "https://files.catbox.moe/d7sgcu.webm",
        "LinkMp3": "https://files.catbox.moe/g64d5c.mp3",
        "annId": 20321,
        "songDifficulty": 13.563297792862022,
        "vintage": "Spring 2018"
    },
    {
        "animeEng": "Lucky Star",
        "animeRomaji": "Lucky Star",
        "songName": "Sakura Saku Mirai Koi Yume",
        "artist": "yozuca*",
        "type": "Insert Song",
        "correctCount": 71,
        "startTime": 0,
        "songDuration": 31.152,
        "songNumber": 26,
        "activePlayerCount": 174,
        "LinkVideo": "https://files.catbox.moe/c9b6tg.webm",
        "LinkMp3": "https://files.catbox.moe/b7j4zp.mp3",
        "annId": 7222,
        "songDifficulty": 19.221739051018705,
        "vintage": "Spring 2007"
    },
    {
        "animeEng": "Jormungand Perfect Order",
        "animeRomaji": "Jormungand Perfect Order",
        "songName": "UNDER/SHAFT",
        "artist": "Maon Kurosaki",
        "type": "Opening 1",
        "correctCount": 36,
        "startTime": 39,
        "songDuration": 89.568,
        "songNumber": 27,
        "activePlayerCount": 174,
        "LinkVideo": "https://files.catbox.moe/swwarv.webm",
        "LinkMp3": "https://files.catbox.moe/g6mvdd.mp3",
        "annId": 14729,
        "songDifficulty": 17.755089137645108,
        "vintage": "Fall 2012"
    },
    {
        "animeEng": "Stitch!: Itazura Alien no Daibouken",
        "animeRomaji": "Stitch!: Itazura Alien no Daibouken",
        "songName": "Stitch Acer",
        "artist": "LOVERSSOUL",
        "type": "Ending 1",
        "correctCount": 8,
        "startTime": 0,
        "songDuration": 29.700714,
        "songNumber": 28,
        "activePlayerCount": 175,
        "LinkVideo": "https://files.catbox.moe/600a15.webm",
        "LinkMp3": "https://files.catbox.moe/y2ywr4.mp3",
        "annId": 11486,
        "songDifficulty": 12.147481480076861,
        "vintage": "Fall 2009"
    },
    {
        "animeEng": "Tribe Cool Crew",
        "animeRomaji": "Tribe Cool Crew",
        "songName": "HEARTBEAT",
        "artist": "lol",
        "type": "Opening 1",
        "correctCount": 11,
        "startTime": 27,
        "songDuration": 114.048,
        "songNumber": 29,
        "activePlayerCount": 175,
        "LinkVideo": "https://files.catbox.moe/5wmmbv.webm",
        "LinkMp3": "https://files.catbox.moe/6sp31e.mp3",
        "annId": 16242,
        "songDifficulty": 9.530186244419642,
        "vintage": "Summer 2014"
    },
    {
        "animeEng": "Ghost in the Shell: Arise Alternative Architecture",
        "animeRomaji": "Koukaku Kidoutai Arise: Alternative Architecture",
        "songName": "GHOST IN THE SHELL ARISE",
        "artist": "Cornelius",
        "type": "Ending 5",
        "correctCount": 39,
        "startTime": 7,
        "songDuration": 60.077333,
        "songNumber": 30,
        "activePlayerCount": 175,
        "LinkVideo": "https://files.catbox.moe/zotj49.webm",
        "LinkMp3": "https://files.catbox.moe/apqhb9.mp3",
        "annId": 16786,
        "songDifficulty": 23.420404098169975,
        "vintage": "Spring 2015"
    },
    {
        "animeEng": "Gotcha!",
        "animeRomaji": "Gotcha!",
        "songName": "Acacia",
        "artist": "BUMP OF CHICKEN",
        "type": "Insert Song",
        "correctCount": 48,
        "startTime": 103,
        "songDuration": 151.128,
        "songNumber": 31,
        "activePlayerCount": 176,
        "LinkVideo": "https://files.catbox.moe/p9batl.webm",
        "LinkMp3": "https://files.catbox.moe/rlwzrl.mp3",
        "annId": 25818,
        "songDifficulty": 23.309395559210525,
        "vintage": "Summer 2020"
    },
    {
        "animeEng": "Crows",
        "animeRomaji": "Koukou Butou Den Crows",
        "songName": "Outsider",
        "artist": "THE STREET BEATS",
        "type": "Ending 2",
        "correctCount": 3,
        "startTime": 62,
        "songDuration": 137.232,
        "songNumber": 32,
        "activePlayerCount": 178,
        "LinkVideo": "https://files.catbox.moe/29dowe.webm",
        "LinkMp3": "https://files.catbox.moe/kipob6.mp3",
        "annId": 7989,
        "songDifficulty": 8.320644653702978,
        "vintage": "Winter 1994",
        "correctPlayers": [
            "Rukawa11",
            "channina",
            "qwertykiller99"
        ]
    },
    {
        "animeEng": "Love Rice",
        "animeRomaji": "Love Kome: We Love Rice",
        "songName": "Love at first sight",
        "artist": "LOVE RICE",
        "type": "Insert Song",
        "correctCount": 25,
        "startTime": 0,
        "songDuration": 30.912,
        "songNumber": 33,
        "activePlayerCount": 178,
        "LinkVideo": "https://files.catbox.moe/21m9kf.webm",
        "LinkMp3": "https://files.catbox.moe/o2shpi.mp3",
        "annId": 18890,
        "songDifficulty": 15.002307500865651,
        "vintage": "Spring 2017"
    },
    {
        "animeEng": "Transformers: The Headmasters",
        "animeRomaji": "Transformers: The Headmasters",
        "songName": "Tate! Ikari no Headmaster",
        "artist": "Hironobu Kageyama",
        "type": "Insert Song",
        "correctCount": 6,
        "startTime": 35,
        "songDuration": 68.712,
        "songNumber": 34,
        "activePlayerCount": 178,
        "LinkVideo": "https://files.catbox.moe/ms5nof.webm",
        "LinkMp3": "https://files.catbox.moe/f94h2u.mp3",
        "annId": 2465,
        "songDifficulty": 10.024285225540465,
        "vintage": "Summer 1987"
    },
    {
        "animeEng": "Wandaba Style",
        "animeRomaji": "Mousou Kagaku Series Wandaba Style",
        "songName": "MOON de GO! GO!",
        "artist": "Mix JUICE",
        "type": "Ending 1",
        "correctCount": 4,
        "startTime": 8,
        "songDuration": 89.856,
        "songNumber": 35,
        "activePlayerCount": 177,
        "LinkVideo": "https://files.catbox.moe/cxn80j.webm",
        "LinkMp3": "https://files.catbox.moe/4j99kt.mp3",
        "annId": 2533,
        "songDifficulty": 11.387740710550103,
        "vintage": "Spring 2003",
        "correctPlayers": [
            "Rukawa11",
            "Orfey",
            "ArukasFrost",
            "SrueyaF"
        ]
    },
    {
        "animeEng": "Aikatsu Friends!",
        "animeRomaji": "Aikatsu Friends!",
        "songName": "Girls be ambitious!",
        "artist": "Maika from BEST FRIENDS!",
        "type": "Insert Song",
        "correctCount": 20,
        "startTime": 27,
        "songDuration": 114.024,
        "songNumber": 36,
        "activePlayerCount": 178,
        "LinkVideo": "https://files.catbox.moe/9hrcvz.webm",
        "LinkMp3": "https://files.catbox.moe/tyzvnd.mp3",
        "annId": 20586,
        "songDifficulty": 21.032838333484737,
        "vintage": "Spring 2018"
    },
    {
        "animeEng": "Tezuka Osamu Story: I Am Son-Goku",
        "animeRomaji": "Tezuka Osamu Monogatari: Boku wa Son Goku",
        "songName": "Tetsuwan Atom",
        "artist": "Kamitakada Shounen Gasshou-dan",
        "type": "Insert Song",
        "correctCount": 140,
        "startTime": 2,
        "songDuration": 36.24,
        "songNumber": 37,
        "activePlayerCount": 179,
        "LinkVideo": "https://files.catbox.moe/lj84oo.webm",
        "LinkMp3": "https://files.catbox.moe/qpqc65.mp3",
        "annId": 3322,
        "songDifficulty": 42.18943091097988,
        "vintage": "Summer 1989"
    },
    {
        "animeEng": "Pumpkin Scissors",
        "animeRomaji": "Pumpkin Scissors",
        "songName": "Aoki Flamme",
        "artist": "Yoko Takahashi",
        "type": "Opening 1",
        "correctCount": 17,
        "startTime": 55,
        "songDuration": 89.448,
        "songNumber": 38,
        "activePlayerCount": 179,
        "LinkVideo": "https://files.catbox.moe/gzppe6.webm",
        "LinkMp3": "https://files.catbox.moe/xnuj0e.mp3",
        "annId": 6552,
        "songDifficulty": 13.46139778406102,
        "vintage": "Fall 2006"
    },
    {
        "animeEng": "Teekyuu",
        "animeRomaji": "Teekyuu",
        "songName": "Menimenimanimani",
        "artist": "Kyouko Narumi",
        "type": "Opening 1",
        "correctCount": 130,
        "startTime": 1,
        "songDuration": 29.976,
        "songNumber": 39,
        "activePlayerCount": 178,
        "LinkVideo": "https://files.catbox.moe/mp707k.webm",
        "LinkMp3": "https://files.catbox.moe/4v5u15.mp3",
        "annId": 15377,
        "songDifficulty": 42.44379621072089,
        "vintage": "Summer 2013"
    },
    {
        "animeEng": "Kase-san and Morning Glories",
        "animeRomaji": "Asagao to Kase-san.",
        "songName": "Asu e no Tobira",
        "artist": "Minami Takahashi & Ayane Sakura",
        "type": "Ending 1",
        "correctCount": 40,
        "startTime": 158,
        "songDuration": 279.072,
        "songNumber": 40,
        "activePlayerCount": 176,
        "LinkVideo": "https://files.catbox.moe/jizmgi.webm",
        "LinkMp3": "https://files.catbox.moe/iwcv2y.mp3",
        "annId": 20752,
        "songDifficulty": 15.748602874087592,
        "vintage": "Spring 2018"
    },
    {
        "animeEng": "E's Otherwise",
        "animeRomaji": "E's Otherwise",
        "songName": "Jouhou",
        "artist": "Suitei Shoujo",
        "type": "Opening 1",
        "correctCount": 9,
        "startTime": 51,
        "songDuration": 88.056,
        "songNumber": 41,
        "activePlayerCount": 177,
        "LinkVideo": "https://files.catbox.moe/kfynw4.webm",
        "LinkMp3": "https://files.catbox.moe/g0l8wj.mp3",
        "annId": 72,
        "songDifficulty": 12.7111818973449,
        "vintage": "Spring 2003"
    },
    {
        "animeEng": "Hashire Melos!",
        "animeRomaji": "Hashire Melos!",
        "songName": "Sono Mama no Kimi ga Suki",
        "artist": "Kazumasa Oda",
        "type": "Ending 1",
        "correctCount": 3,
        "startTime": 117,
        "songDuration": 278.568,
        "songNumber": 42,
        "activePlayerCount": 179,
        "LinkVideo": "https://files.catbox.moe/gz8ir7.webm",
        "LinkMp3": "https://files.catbox.moe/6qjhzh.mp3",
        "annId": 1700,
        "songDifficulty": 7.7686152035236935,
        "vintage": "Summer 1992",
        "correctPlayers": [
            "SrueyaF",
            "Eryth",
            "gaaw"
        ]
    },
    {
        "animeEng": "Birdy the Mighty Decode:02",
        "animeRomaji": "Tetsuwan Birdy Decode:02",
        "songName": "kiseki",
        "artist": "NIRGILIS",
        "type": "Opening 1",
        "correctCount": 24,
        "startTime": 54,
        "songDuration": 89.064,
        "songNumber": 43,
        "activePlayerCount": 182,
        "LinkVideo": "https://files.catbox.moe/p60qil.webm",
        "LinkMp3": "https://files.catbox.moe/opolmf.mp3",
        "annId": 10207,
        "songDifficulty": 19.001568903688526,
        "vintage": "Winter 2009"
    },
    {
        "animeEng": "Ranking of Kings",
        "animeRomaji": "Ousama Ranking",
        "songName": "Hadaka no Yuusha",
        "artist": "Vaundy",
        "type": "Opening 2",
        "correctCount": 75,
        "startTime": 7,
        "songDuration": 85.896,
        "songNumber": 44,
        "activePlayerCount": 185,
        "LinkVideo": "https://files.catbox.moe/4j6rpg.webm",
        "LinkMp3": "https://files.catbox.moe/6rvoum.mp3",
        "annId": 24246,
        "songDifficulty": 41.249243849979834,
        "vintage": "Fall 2021"
    },
    {
        "animeEng": "Idoly Pride",
        "animeRomaji": "Idoly Pride",
        "songName": "les plumes",
        "artist": "TRINITYAiLE",
        "type": "Insert Song",
        "correctCount": 43,
        "startTime": 42,
        "songDuration": 89.04,
        "songNumber": 45,
        "activePlayerCount": 185,
        "LinkVideo": "https://files.catbox.moe/fdvlwc.webm",
        "LinkMp3": "https://files.catbox.moe/junjkf.mp3",
        "annId": 22923,
        "songDifficulty": 30.097785612824676,
        "vintage": "Winter 2021"
    },
    {
        "animeEng": "Antique Bakery",
        "animeRomaji": "Seiyou Kottou Yougashiten: Antique",
        "songName": "Life goes on~side K~",
        "artist": "CHEMISTRY",
        "type": "Opening 1",
        "correctCount": 17,
        "startTime": 47,
        "songDuration": 76.772558,
        "songNumber": 46,
        "activePlayerCount": 184,
        "LinkVideo": "https://files.catbox.moe/lo0esl.webm",
        "LinkMp3": "https://files.catbox.moe/04ogal.mp3",
        "annId": 9501,
        "songDifficulty": 12.77641409661572,
        "vintage": "Summer 2008"
    },
    {
        "animeEng": "Himouto! Umaru-chan R",
        "animeRomaji": "Himouto! Umaru-chan R",
        "songName": "Umarun Taisou",
        "artist": "SisterS",
        "type": "Ending 1",
        "correctCount": 87,
        "startTime": 13,
        "songDuration": 87.864,
        "songNumber": 47,
        "activePlayerCount": 186,
        "LinkVideo": "https://files.catbox.moe/r8wjie.webm",
        "LinkMp3": "https://files.catbox.moe/mq6psp.mp3",
        "annId": 20017,
        "songDifficulty": 31.250218371489417,
        "vintage": "Fall 2017"
    },
    {
        "animeEng": "Magical Travelers",
        "animeRomaji": "Rakugo Tennyo Oyui",
        "songName": "Sakura Saku",
        "artist": "Little Non",
        "type": "Opening 1",
        "correctCount": 2,
        "startTime": 5,
        "songDuration": 85.392818,
        "songNumber": 48,
        "activePlayerCount": 186,
        "LinkVideo": "https://files.catbox.moe/w5z609.webm",
        "LinkMp3": "https://files.catbox.moe/fvjl6t.mp3",
        "annId": 6356,
        "songDifficulty": 6.608758419007872,
        "vintage": "Winter 2006",
        "correctPlayers": [
            "HDNC",
            "kaghey"
        ]
    },
    {
        "animeEng": "Soar High! Isami",
        "animeRomaji": "Tobe! Isami",
        "songName": "Heart o Migakukkyanai",
        "artist": "TOKIO",
        "type": "Opening 1",
        "correctCount": 5,
        "startTime": 55,
        "songDuration": 91.992,
        "songNumber": 49,
        "activePlayerCount": 185,
        "LinkVideo": "https://files.catbox.moe/t7vefa.webm",
        "LinkMp3": "https://files.catbox.moe/cfaijn.mp3",
        "annId": 1772,
        "songDifficulty": 9.176471925358102,
        "vintage": "Spring 1995",
        "correctPlayers": [
            "Hejsan",
            "MissMcPhisto",
            "as20",
            "channina",
            "Eryth"
        ]
    },
    {
        "animeEng": "Fuusen Inu Tinny: Nandaka Fushigi na Kyouryuu no Kuni",
        "animeRomaji": "Fuusen Inu Tinny: Nandaka Fushigi na Kyouryuu no Kuni",
        "songName": "Sayonara da yo, Mister",
        "artist": "Daisuke Yokoyama feat. Sara Honda",
        "type": "Ending 1",
        "correctCount": 5,
        "startTime": 145,
        "songDuration": 313.872,
        "songNumber": 50,
        "activePlayerCount": 186,
        "LinkVideo": "https://files.catbox.moe/bqxsub.webm",
        "LinkMp3": "https://files.catbox.moe/b9qj06.mp3",
        "annId": 23056,
        "songDifficulty": 4.810150610277356,
        "vintage": "Summer 2017",
        "correctPlayers": [
            "revel_",
            "IzumiSakai",
            "EschaPyon",
            "HDNC",
            "gaaw"
        ]
    },
    {
        "animeEng": "Koyomimonogatari",
        "animeRomaji": "Koyomimonogatari",
        "songName": "whiz",
        "artist": "TrySail",
        "type": "Ending 1",
        "correctCount": 28,
        "startTime": 20,
        "songDuration": 85.704,
        "songNumber": 51,
        "activePlayerCount": 185,
        "LinkVideo": "https://files.catbox.moe/e6zg7c.webm",
        "LinkMp3": "https://files.catbox.moe/fhoyt2.mp3",
        "annId": 17938,
        "songDifficulty": 14.82201733416482,
        "vintage": "Winter 2016"
    },
    {
        "animeEng": "Beyond the Boundary: I'll Be Here - Past",
        "animeRomaji": "Gekijouban Kyoukai no Kanata: I'll Be Here - Kako-hen",
        "songName": "Kyoukai no Kanata",
        "artist": "Minori Chihara",
        "type": "Insert Song",
        "correctCount": 152,
        "startTime": 51,
        "songDuration": 87.984,
        "songNumber": 52,
        "activePlayerCount": 185,
        "LinkVideo": "https://files.catbox.moe/tyh8r1.webm",
        "LinkMp3": "https://files.catbox.moe/adil6e.mp3",
        "annId": 16980,
        "songDifficulty": 48.09101881563594,
        "vintage": "Winter 2015"
    },
    {
        "animeEng": "Dogeza de Tanondemita",
        "animeRomaji": "Dogeza de Tanondemita",
        "songName": "DOGEZA! Do get that!",
        "artist": "Dogeza-tai",
        "type": "Ending 1",
        "correctCount": 106,
        "startTime": 23,
        "songDuration": 57.36,
        "songNumber": 53,
        "activePlayerCount": 184,
        "LinkVideo": "https://files.catbox.moe/ewjdfc.webm",
        "LinkMp3": "https://files.catbox.moe/g41rkr.mp3",
        "annId": 23542,
        "songDifficulty": 40.88161528091842,
        "vintage": "Fall 2020"
    },
    {
        "animeEng": "Mahoutsukai Sally",
        "animeRomaji": "Mahoutsukai Sally",
        "songName": "Mahoutsukai Sally",
        "artist": "Hiroko Asakawa",
        "type": "Opening 1",
        "correctCount": 129,
        "startTime": 43,
        "songDuration": 79.056,
        "songNumber": 54,
        "activePlayerCount": 184,
        "LinkVideo": "https://files.catbox.moe/053m4x.webm",
        "LinkMp3": "https://files.catbox.moe/vhwwac.mp3",
        "annId": 1695,
        "songDifficulty": 40.60592455513419,
        "vintage": "Fall 1989"
    },
    {
        "animeEng": "Pretty Rhythm Aurora Dream",
        "animeRomaji": "Pretty Rhythm Aurora Dream",
        "songName": "Don't Give Up",
        "artist": "Satomi Akesaka",
        "type": "Insert Song",
        "correctCount": 16,
        "startTime": 39,
        "songDuration": 92.47188,
        "songNumber": 55,
        "activePlayerCount": 184,
        "LinkVideo": "https://files.catbox.moe/ir5boj.webm",
        "LinkMp3": "https://files.catbox.moe/wloxjv.mp3",
        "annId": 12432,
        "songDifficulty": 20.467247716154155,
        "vintage": "Spring 2011"
    },
    {
        "animeEng": "GJ Club",
        "animeRomaji": "GJ-bu",
        "songName": "Purely Sky ~Watashi dake no Sora~",
        "artist": "Chika Arakawa",
        "type": "Ending 3",
        "correctCount": 21,
        "startTime": 28,
        "songDuration": 89.256,
        "songNumber": 56,
        "activePlayerCount": 184,
        "LinkVideo": "https://files.catbox.moe/uwzmkb.webm",
        "LinkMp3": "https://files.catbox.moe/y9nveo.mp3",
        "annId": 14671,
        "songDifficulty": 15.38482061913396,
        "vintage": "Winter 2013"
    },
    {
        "animeEng": "Attack on Titan Final Season",
        "animeRomaji": "Shingeki no Kyojin: The Final Season",
        "songName": "Boku no Sensou",
        "artist": "Shinsei Kamattechan",
        "type": "Opening 1",
        "correctCount": 150,
        "startTime": 39,
        "songDuration": 89.304,
        "songNumber": 57,
        "activePlayerCount": 184,
        "LinkVideo": "https://files.catbox.moe/hn7dbf.webm",
        "LinkMp3": "https://files.catbox.moe/ny9v3o.mp3",
        "annId": 22277,
        "songDifficulty": 59.057722469869574,
        "vintage": "Fall 2020"
    },
    {
        "animeEng": "Extra Olympia Kyklos",
        "animeRomaji": "Bessatsu Olympia Kyklos",
        "songName": "Kimi wa Helenes",
        "artist": "Akihito Hayashi",
        "type": "Ending 1",
        "correctCount": 62,
        "startTime": 9,
        "songDuration": 54.6,
        "songNumber": 58,
        "activePlayerCount": 183,
        "LinkVideo": "https://files.catbox.moe/wfhsvy.webm",
        "LinkMp3": "https://files.catbox.moe/zp0uhj.mp3",
        "annId": 23035,
        "songDifficulty": 33.39383943034557,
        "vintage": "Spring 2020"
    },
    {
        "animeEng": "SSSS.DYNAZENON",
        "animeRomaji": "SSSS.DYNAZENON",
        "songName": "Hands",
        "artist": "Masayoshi Ooishi",
        "type": "Insert Song",
        "correctCount": 57,
        "startTime": 0,
        "songDuration": 24.264,
        "songNumber": 59,
        "activePlayerCount": 182,
        "LinkVideo": "https://files.catbox.moe/lis66x.webm",
        "LinkMp3": "https://files.catbox.moe/hlthu1.mp3",
        "annId": 23822,
        "songDifficulty": 25.684534190460738,
        "vintage": "Spring 2021"
    },
    {
        "animeEng": "Ebiten: Ebisugawa Public High School's Tenmonbu",
        "animeRomaji": "Ebiten: Kouritsu Ebisugawa Koukou Tenmon-Bu",
        "songName": "Ai o Torimodose!!!",
        "artist": "Midori Tsukimiya & Risako Murai",
        "type": "Ending 5",
        "correctCount": 19,
        "startTime": 9,
        "songDuration": 88.848,
        "songNumber": 60,
        "activePlayerCount": 181,
        "LinkVideo": "https://files.catbox.moe/7k8em7.webm",
        "LinkMp3": "https://files.catbox.moe/pzr2uv.mp3",
        "annId": 14081,
        "songDifficulty": 18.84799786121673,
        "vintage": "Summer 2012"
    },
    {
        "animeEng": "Please tell me! Galko-chan",
        "animeRomaji": "Oshiete! Galko-chan",
        "songName": "YPMA\u2606GIRLS",
        "artist": "Azumi Waki, Minami Takahashi, Miyu Tomita",
        "type": "Opening 1",
        "correctCount": 50,
        "startTime": 17,
        "songDuration": 120.024,
        "songNumber": 61,
        "activePlayerCount": 181,
        "LinkVideo": "https://files.catbox.moe/hmj8hu.webm",
        "LinkMp3": "https://files.catbox.moe/rspt2u.mp3",
        "annId": 17788,
        "songDifficulty": 18.789548269402818,
        "vintage": "Winter 2016"
    },
    {
        "animeEng": "Accel World",
        "animeRomaji": "Accel World",
        "songName": "Chase the world",
        "artist": "May'n",
        "type": "Opening 1",
        "correctCount": 88,
        "startTime": 28,
        "songDuration": 89.064,
        "songNumber": 62,
        "activePlayerCount": 182,
        "LinkVideo": "https://files.catbox.moe/cg9t4q.webm",
        "LinkMp3": "https://files.catbox.moe/45cd9t.mp3",
        "annId": 13857,
        "songDifficulty": 36.394016809342936,
        "vintage": "Spring 2012"
    },
    {
        "animeEng": "Toradora!",
        "animeRomaji": "Toradora!",
        "songName": "Vanilla Salt",
        "artist": "Yui Horie",
        "type": "Ending 1",
        "correctCount": 114,
        "startTime": 15,
        "songDuration": 89.568,
        "songNumber": 63,
        "activePlayerCount": 182,
        "LinkVideo": "https://files.catbox.moe/t67ba8.webm",
        "LinkMp3": "https://files.catbox.moe/dm3adr.mp3",
        "annId": 10050,
        "songDifficulty": 40.38418844188604,
        "vintage": "Fall 2008"
    },
    {
        "animeEng": "Fuusen Inu Tinny",
        "animeRomaji": "Fuusen Inu Tinny",
        "songName": "Tinny no Uta",
        "artist": "Sumire Morohoshi",
        "type": "Opening 1",
        "correctCount": 134,
        "startTime": 0,
        "songDuration": 24.192,
        "songNumber": 64,
        "activePlayerCount": 181,
        "LinkVideo": "https://files.catbox.moe/orntju.webm",
        "LinkMp3": "https://files.catbox.moe/4d259s.mp3",
        "annId": 23054,
        "songDifficulty": 39.46023174894958,
        "vintage": "Summer 2014"
    },
    {
        "animeEng": "ERASED",
        "animeRomaji": "Boku dake ga Inai Machi",
        "songName": "Re:Re:",
        "artist": "ASIAN KUNG-FU GENERATION",
        "type": "Opening 1",
        "correctCount": 151,
        "startTime": 41,
        "songDuration": 88.968,
        "songNumber": 65,
        "activePlayerCount": 179,
        "LinkVideo": "https://files.catbox.moe/gury3c.webm",
        "LinkMp3": "https://files.catbox.moe/zoq0ul.mp3",
        "annId": 17217,
        "songDifficulty": 57.127322926622064,
        "vintage": "Winter 2016"
    },
    {
        "animeEng": "Kakuriyo: Bed & Breakfast for Spirits",
        "animeRomaji": "Kakuriyo no Yadomeshi",
        "songName": "Haru-iro",
        "artist": "Nao Touyama",
        "type": "Insert Song",
        "correctCount": 30,
        "startTime": 80,
        "songDuration": 110.784,
        "songNumber": 66,
        "activePlayerCount": 178,
        "LinkVideo": "https://files.catbox.moe/9jnm82.webm",
        "LinkMp3": "https://files.catbox.moe/lffmto.mp3",
        "annId": 20241,
        "songDifficulty": 20.280615332620723,
        "vintage": "Spring 2018"
    },
    {
        "animeEng": "Isabelle of Paris",
        "animeRomaji": "Paris no Isabelle",
        "songName": "Fantaisie-Impromptu in C minor",
        "artist": "Fr\u00e9d\u00e9ric Chopin",
        "type": "Opening 1",
        "correctCount": 32,
        "startTime": 37,
        "songDuration": 70.032,
        "songNumber": 67,
        "activePlayerCount": 180,
        "LinkVideo": "https://files.catbox.moe/vufi0l.webm",
        "LinkMp3": "https://files.catbox.moe/qdnigx.mp3",
        "annId": 4725,
        "songDifficulty": 19.26172001579715,
        "vintage": "Spring 1979"
    },
    {
        "animeEng": "Psycho-Pass: Sinners of the System",
        "animeRomaji": "Psycho-Pass: Sinners of the System",
        "songName": "Namae no Nai Kaibutsu \u2015 Remixed by MASAYUKI NAKANO",
        "artist": "EGOIST",
        "type": "Ending 3",
        "correctCount": 32,
        "startTime": 69,
        "songDuration": 119.088,
        "songNumber": 68,
        "activePlayerCount": 179,
        "LinkVideo": "https://files.catbox.moe/pkw1js.webm",
        "LinkMp3": "https://files.catbox.moe/pzsxbc.mp3",
        "annId": 21547,
        "songDifficulty": 29.124560657596373,
        "vintage": "Winter 2019"
    },
    {
        "animeEng": "Thus Spoke Kishibe Rohan",
        "animeRomaji": "Kishibe Rohan wa Ugokanai",
        "songName": "Kishibe Rohan wa Ugokanai no Theme",
        "artist": "Yugo Kanno",
        "type": "Opening 1",
        "correctCount": 120,
        "startTime": 2,
        "songDuration": 43.8,
        "songNumber": 69,
        "activePlayerCount": 178,
        "LinkVideo": "https://files.catbox.moe/cxs72x.webm",
        "LinkMp3": "https://files.catbox.moe/m3r52b.mp3",
        "annId": 19775,
        "songDifficulty": 30.85363784261334,
        "vintage": "Spring 2017"
    },
    {
        "animeEng": "Penguindrum",
        "animeRomaji": "Mawaru Penguindrum",
        "songName": "DEAR FUTURE",
        "artist": "coaltar of the deepers",
        "type": "Ending 1",
        "correctCount": 29,
        "startTime": 12,
        "songDuration": 92.568,
        "songNumber": 70,
        "activePlayerCount": 178,
        "LinkVideo": "https://files.catbox.moe/teq7ur.webm",
        "LinkMp3": "https://files.catbox.moe/k0pgsp.mp3",
        "annId": 12998,
        "songDifficulty": 24.414362456369982,
        "vintage": "Summer 2011"
    },
    {
        "animeEng": "AKB0048",
        "animeRomaji": "AKB0048 First Stage",
        "songName": "Shoujo-tachi yo",
        "artist": "AKB48",
        "type": "Insert Song",
        "correctCount": 60,
        "startTime": 136,
        "songDuration": 166.008,
        "songNumber": 71,
        "activePlayerCount": 178,
        "LinkVideo": "https://files.catbox.moe/oah6xc.webm",
        "LinkMp3": "https://files.catbox.moe/cayywk.mp3",
        "annId": 13805,
        "songDifficulty": 34.469438900143,
        "vintage": "Spring 2012"
    },
    {
        "animeEng": "Fate/Zero",
        "animeRomaji": "Fate/Zero",
        "songName": "MEMORIA",
        "artist": "Eir Aoi",
        "type": "Ending 1",
        "correctCount": 105,
        "startTime": 42,
        "songDuration": 88.176,
        "songNumber": 72,
        "activePlayerCount": 178,
        "LinkVideo": "https://files.catbox.moe/s4m2wc.webm",
        "LinkMp3": "https://files.catbox.moe/tm88oe.mp3",
        "annId": 12376,
        "songDifficulty": 35.04749965811187,
        "vintage": "Fall 2011"
    },
    {
        "animeEng": "Onegai My Melody",
        "animeRomaji": "Onegai My Melody",
        "songName": "Oto Melody",
        "artist": "Mikako Takahashi",
        "type": "Opening 1",
        "correctCount": 33,
        "startTime": 14,
        "songDuration": 89.16,
        "songNumber": 73,
        "activePlayerCount": 178,
        "LinkVideo": "https://files.catbox.moe/l9h3vx.webm",
        "LinkMp3": "https://files.catbox.moe/on2an9.mp3",
        "annId": 5103,
        "songDifficulty": 29.787778558423053,
        "vintage": "Spring 2005"
    },
    {
        "animeEng": "Prima Doll",
        "animeRomaji": "Prima Doll",
        "songName": "Kamitsure no Uta",
        "artist": "Azumi Waki, Miyu Tomita, Mikako Komatsu",
        "type": "Insert Song",
        "correctCount": 11,
        "startTime": 13,
        "songDuration": 44.928,
        "songNumber": 74,
        "activePlayerCount": 177,
        "LinkVideo": "https://files.catbox.moe/vo4r4n.webm",
        "LinkMp3": "https://files.catbox.moe/1e7pet.mp3",
        "annId": 25242,
        "songDifficulty": 35.63900907371076,
        "vintage": "Summer 2022"
    },
    {
        "animeEng": "Detective Conan Episode One: The Great Detective Turned Small",
        "animeRomaji": "Meitantei Conan Episode One: Chiisaku Natta Meitantei",
        "songName": "Unmei no Roulette Mawashite",
        "artist": "ZARD",
        "type": "Insert Song",
        "correctCount": 97,
        "startTime": 44,
        "songDuration": 95.064,
        "songNumber": 75,
        "activePlayerCount": 178,
        "LinkVideo": "https://files.catbox.moe/j8l9l1.webm",
        "LinkMp3": "https://files.catbox.moe/jqom8f.mp3",
        "annId": 22487,
        "songDifficulty": 30.82190668977649,
        "vintage": "Fall 2016"
    },
    {
        "animeEng": "Yume Oukoku to Nemureru 100-Nin no Ouji-sama Short Stories",
        "animeRomaji": "Yume Oukoku to Nemureru 100-Nin no Ouji-sama Short Stories",
        "songName": "Aru Hi no Ouji-sama",
        "artist": "Daiki Yamashita",
        "type": "Opening 1",
        "correctCount": 8,
        "startTime": 0,
        "songDuration": 60.144,
        "songNumber": 76,
        "activePlayerCount": 177,
        "LinkVideo": "https://files.catbox.moe/kvp08l.webm",
        "LinkMp3": "https://files.catbox.moe/w0ushx.mp3",
        "annId": 19766,
        "songDifficulty": 6.994306617355043,
        "vintage": "Winter 2017"
    },
    {
        "animeEng": "Initial D",
        "animeRomaji": "Initial D",
        "songName": "BEAT OF THE RISING SUN",
        "artist": "DAVE RODGERS",
        "type": "Insert Song",
        "correctCount": 124,
        "startTime": 26,
        "songDuration": 91.8,
        "songNumber": 77,
        "activePlayerCount": 177,
        "LinkVideo": "https://files.catbox.moe/5qcm9e.webm",
        "LinkMp3": "https://files.catbox.moe/dmx8yd.mp3",
        "annId": 395,
        "songDifficulty": 49.67650418888043,
        "vintage": "Spring 1998"
    },
    {
        "animeEng": "Project A-Ko 4: Final",
        "animeRomaji": "Project A-Ko 4: Final",
        "songName": "In Your Eyes",
        "artist": "Miki Itou",
        "type": "Insert Song",
        "correctCount": 5,
        "startTime": 34,
        "songDuration": 70.104,
        "songNumber": 78,
        "activePlayerCount": 177,
        "LinkVideo": "https://files.catbox.moe/vvy683.webm",
        "LinkMp3": "https://files.catbox.moe/34dlew.mp3",
        "annId": 719,
        "songDifficulty": 5.576865059988839,
        "vintage": "Fall 1989",
        "correctPlayers": [
            "Orfey",
            "NicoIe",
            "Delete",
            "SrueyaF",
            "VanityClock"
        ]
    },
    {
        "animeEng": "Space\u2606Dandy",
        "animeRomaji": "Space\u2606Dandy",
        "songName": "ANATATO",
        "artist": "LUVRAW",
        "type": "Insert Song",
        "correctCount": 85,
        "startTime": 14,
        "songDuration": 76.056,
        "songNumber": 79,
        "activePlayerCount": 177,
        "LinkVideo": "https://files.catbox.moe/6plxmo.webm",
        "LinkMp3": "https://files.catbox.moe/bdgzq1.mp3",
        "annId": 15555,
        "songDifficulty": 31.125828562820125,
        "vintage": "Winter 2014"
    },
    {
        "animeEng": "Eromanga Sensei",
        "animeRomaji": "Eromanga Sensei",
        "songName": "Hitorigoto",
        "artist": "ClariS",
        "type": "Opening 1",
        "correctCount": 147,
        "startTime": 1,
        "songDuration": 89.568,
        "songNumber": 80,
        "activePlayerCount": 177,
        "LinkVideo": "https://files.catbox.moe/tfcecs.webm",
        "LinkMp3": "https://files.catbox.moe/312u7g.mp3",
        "annId": 18142,
        "songDifficulty": 46.26972605168669,
        "vintage": "Spring 2017"
    },
    {
        "animeEng": "Xam'd: Lost Memories",
        "animeRomaji": "Bounen no Xamdo",
        "songName": "Vacancy",
        "artist": "Kylee",
        "type": "Ending 1",
        "correctCount": 19,
        "startTime": 26,
        "songDuration": 89.688,
        "songNumber": 81,
        "activePlayerCount": 179,
        "LinkVideo": "https://files.catbox.moe/tszb2c.webm",
        "LinkMp3": "https://files.catbox.moe/m1fijs.mp3",
        "annId": 9747,
        "songDifficulty": 16.0199591498296,
        "vintage": "Summer 2008"
    },
    {
        "animeEng": "Aquarion Logos",
        "animeRomaji": "Aquarion Logos",
        "songName": "Kimi to no Kyou, Watashi no Koe",
        "artist": "Haruka Chisuga",
        "type": "Insert Song",
        "correctCount": 5,
        "startTime": 16,
        "songDuration": 80.112,
        "songNumber": 82,
        "activePlayerCount": 182,
        "LinkVideo": "https://files.catbox.moe/5bah4s.webm",
        "LinkMp3": "https://files.catbox.moe/3r6aap.mp3",
        "annId": 16895,
        "songDifficulty": 12.83034271719568,
        "vintage": "Summer 2015",
        "correctPlayers": [
            "TKN",
            "ArronChu",
            "likejaxirl",
            "PearI",
            "konomi"
        ]
    },
    {
        "animeEng": "Fresh Precure! Omocha no Kuni wa Himitsu ga Ippai!?",
        "animeRomaji": "Fresh Precure! Omocha no Kuni wa Himitsu ga Ippai!?",
        "songName": "Let's! Fresh Precure! ~Hybrid Version~ for the Movie",
        "artist": "Mizuki Moie with Cure Fresh!",
        "type": "Opening 1",
        "correctCount": 139,
        "startTime": 2,
        "songDuration": 84.48,
        "songNumber": 83,
        "activePlayerCount": 181,
        "LinkVideo": "https://files.catbox.moe/b7nvp2.webm",
        "LinkMp3": "https://files.catbox.moe/a0ino7.mp3",
        "annId": 10866,
        "songDifficulty": 34.03569306395851,
        "vintage": "Fall 2009"
    },
    {
        "animeEng": "Wind: A Breath of Heart",
        "animeRomaji": "Wind: A Breath of Heart",
        "songName": "Feel on the wind",
        "artist": "Hiroko Kasahara",
        "type": "Opening 1",
        "correctCount": 16,
        "startTime": 19,
        "songDuration": 84.024,
        "songNumber": 84,
        "activePlayerCount": 181,
        "LinkVideo": "https://files.catbox.moe/qlugmw.webm",
        "LinkMp3": "https://files.catbox.moe/n4njwp.mp3",
        "annId": 3979,
        "songDifficulty": 9.13700857939868,
        "vintage": "Spring 2004"
    },
    {
        "animeEng": "Chibi Maruko-chan",
        "animeRomaji": "Chibi Maruko-chan",
        "songName": "Odoru Ponpokorin",
        "artist": "B.B.Queens",
        "type": "Opening 1",
        "correctCount": 104,
        "startTime": 19,
        "songDuration": 84.384,
        "songNumber": 85,
        "activePlayerCount": 177,
        "LinkVideo": "https://files.catbox.moe/ttoh9w.webm",
        "LinkMp3": "https://files.catbox.moe/bnujzt.mp3",
        "annId": 14072,
        "songDifficulty": 29.60626843784303,
        "vintage": "Fall 1990"
    }
]