[
    {
        "animeEng": "Denkou Chou Tokkyuu Hikarian: Lightning Attack Express",
        "animeRomaji": "Denkou Chou Tokkyuu Hikarian: Lightning Attack Express",
        "songName": "Denkou Chou Tokkyuu Hikarian",
        "artist": "Mitsuko Horie",
        "type": "Opening 1",
        "correctCount": 7,
        "startTime": 39,
        "songDuration": 89.064,
        "songNumber": 1,
        "activePlayerCount": 185,
        "LinkVideo": "https://files.catbox.moe/8cg87d.webm",
        "LinkMp3": "https://files.catbox.moe/0ffigj.mp3",
        "annId": 2178,
        "songDifficulty": 5.29178616850083,
        "vintage": "Spring 2002"
    },
    {
        "animeEng": "Sakura Wars",
        "animeRomaji": "Sakura Wars",
        "songName": "Yume Mite Iyou",
        "artist": "Chisa Yokoyama & Teikoku Kageki-dan",
        "type": "Ending 1",
        "correctCount": 7,
        "startTime": 37,
        "songDuration": 85.872,
        "songNumber": 2,
        "activePlayerCount": 196,
        "LinkVideo": "https://files.catbox.moe/urvoct.webm",
        "LinkMp3": "https://files.catbox.moe/572xrt.mp3",
        "annId": 582,
        "songDifficulty": 16.9207609375,
        "vintage": "Spring 2000"
    },
    {
        "animeEng": "Shounen Maid",
        "animeRomaji": "Shounen Maid",
        "songName": "Arigatou Nante Iwanaize",
        "artist": "Uchouten BOYS",
        "type": "Insert Song",
        "correctCount": 5,
        "startTime": 23,
        "songDuration": 57.456,
        "songNumber": 3,
        "activePlayerCount": 203,
        "LinkVideo": "https://files.catbox.moe/l9l5dx.webm",
        "LinkMp3": "https://files.catbox.moe/c6vbos.mp3",
        "annId": 17954,
        "songDifficulty": 11.554319227837711,
        "vintage": "Spring 2016",
        "correctPlayers": [
            "Pyramid",
            "Gimmicks",
            "dablackPearl",
            "OnlyBandMaid",
            "Chatmonchy"
        ]
    },
    {
        "animeEng": "Dirty Pair: Affair on Nolandia",
        "animeRomaji": "Dirty Pair no Ooshoubu: Nolandia no Nazo",
        "songName": "Ai everlasting",
        "artist": "Yasuko Maki",
        "type": "Ending 1",
        "correctCount": 4,
        "startTime": 106,
        "songDuration": 156.24,
        "songNumber": 4,
        "activePlayerCount": 207,
        "LinkVideo": "https://files.catbox.moe/8j34rr.webm",
        "LinkMp3": "https://files.catbox.moe/thvl1j.mp3",
        "annId": 592,
        "songDifficulty": 4.537858910547915,
        "vintage": "Fall 1985",
        "correctPlayers": [
            "OnlyMonMusu",
            "Chemist",
            "watashiii",
            "Dr_Woland"
        ]
    },
    {
        "animeEng": "Sasuke",
        "animeRomaji": "Sasuke",
        "songName": "Sasuke",
        "artist": "Honey Nights",
        "type": "Opening 1",
        "correctCount": 140,
        "startTime": 17,
        "songDuration": 75.216,
        "songNumber": 5,
        "activePlayerCount": 208,
        "LinkVideo": "https://files.catbox.moe/l0ghtj.webm",
        "LinkMp3": "https://files.catbox.moe/8jvjqg.mp3",
        "annId": 1484,
        "songDifficulty": 42.572435897435895,
        "vintage": "Summer 1968"
    },
    {
        "animeEng": "Oreimo Season 2",
        "animeRomaji": "Oreimo Season 2",
        "songName": "Hoshikuzu Cosplay\u2606Witch! Desu!",
        "artist": "Misaki Kuno",
        "type": "Opening 2",
        "correctCount": 43,
        "startTime": 48,
        "songDuration": 85.608,
        "songNumber": 6,
        "activePlayerCount": 213,
        "LinkVideo": "https://files.catbox.moe/pw9v6k.webm",
        "LinkMp3": "https://files.catbox.moe/kaoh2a.mp3",
        "annId": 14208,
        "songDifficulty": 16.53280036407767,
        "vintage": "Spring 2013"
    },
    {
        "animeEng": "How Not to Summon a Demon Lord \u03a9",
        "animeRomaji": "Isekai Maou to Shoukan Shoujo no Dorei Majutsu \u03a9",
        "songName": "YOU YOU YOU",
        "artist": "Yuu Serizawa with DJ KOO & MOTSU",
        "type": "Ending 1",
        "correctCount": 85,
        "startTime": 57,
        "songDuration": 89.568,
        "songNumber": 7,
        "activePlayerCount": 212,
        "LinkVideo": "https://files.catbox.moe/tyqaaq.webm",
        "LinkMp3": "https://files.catbox.moe/cg1x7n.mp3",
        "annId": 23505,
        "songDifficulty": 33.71576579104924,
        "vintage": "Spring 2021"
    },
    {
        "animeEng": "Bubblegum Crisis",
        "animeRomaji": "Bubblegum Crisis",
        "songName": "Kizudarake no Wild",
        "artist": "Kinuko Oomori",
        "type": "Ending 2",
        "correctCount": 4,
        "startTime": 57,
        "songDuration": 156.264,
        "songNumber": 8,
        "activePlayerCount": 213,
        "LinkVideo": "https://files.catbox.moe/qu5u9v.webm",
        "LinkMp3": "https://files.catbox.moe/25a8v9.mp3",
        "annId": 201,
        "songDifficulty": 12.125344624168623,
        "vintage": "Winter 1987",
        "correctPlayers": [
            "Chimera",
            "NicoIe",
            "dablackPearl",
            "DaibaNana"
        ]
    },
    {
        "animeEng": "Sakura Wars",
        "animeRomaji": "Sakura Taisen",
        "songName": "Geki! Teikoku Kageki-dan",
        "artist": "Chisa Yokoyama & Teikoku Kageki-dan",
        "type": "Opening 1",
        "correctCount": 126,
        "startTime": 45,
        "songDuration": 84.552,
        "songNumber": 9,
        "activePlayerCount": 218,
        "LinkVideo": "https://files.catbox.moe/shequl.webm",
        "LinkMp3": "https://files.catbox.moe/c1bvrx.mp3",
        "annId": 216,
        "songDifficulty": 37.348041458012325,
        "vintage": "Fall 1997"
    },
    {
        "animeEng": "Queen's Blade: Beautiful Warriors",
        "animeRomaji": "Queen's Blade: Utsukushiki Toushi-tachi",
        "songName": "Bitoushi Carnival ~Taoreru Toki wa Maemuki ni~ quatro:4",
        "artist": "Rie Kugimiya, Yuuko Gotou, Kanae Itou, Miyu Takeuchi, Hitomi Nabatame, Fumihiko Tachiki, Mamiko Noto, Aya Hirano, Sayaka Ohara, Ayaka Saitou, Yuuko Kaida, Ayako Kawasumi",
        "type": "Ending 4",
        "correctCount": 6,
        "startTime": 47,
        "songDuration": 92.568,
        "songNumber": 10,
        "activePlayerCount": 219,
        "LinkVideo": "https://files.catbox.moe/pyn57f.webm",
        "LinkMp3": "https://files.catbox.moe/lcr41e.mp3",
        "annId": 11397,
        "songDifficulty": 17.66098577325994,
        "vintage": "Summer 2010"
    },
    {
        "animeEng": "Wonder Egg Priority",
        "animeRomaji": "Wonder Egg Priority",
        "songName": "Sudachi no Uta",
        "artist": "Anemoneria",
        "type": "Opening 1",
        "correctCount": 127,
        "startTime": 48,
        "songDuration": 88.944,
        "songNumber": 11,
        "activePlayerCount": 221,
        "LinkVideo": "https://files.catbox.moe/bdnr0h.webm",
        "LinkMp3": "https://files.catbox.moe/h3umvl.mp3",
        "annId": 23787,
        "songDifficulty": 36.759375,
        "vintage": "Winter 2021"
    },
    {
        "animeEng": "Aquarion",
        "animeRomaji": "Sousei no Aquarion",
        "songName": "Sousei no Aquarion",
        "artist": "AKINO",
        "type": "Ending 2",
        "correctCount": 124,
        "startTime": 33,
        "songDuration": 130.824,
        "songNumber": 12,
        "activePlayerCount": 220,
        "LinkVideo": "https://files.catbox.moe/hhctvb.webm",
        "LinkMp3": "https://files.catbox.moe/dkhdr4.mp3",
        "annId": 7520,
        "songDifficulty": 40.745191316006604,
        "vintage": "Spring 2007"
    },
    {
        "animeEng": "I Can't Understand What My Husband is Saying: 2nd Thread",
        "animeRomaji": "Danna ga Nani o Itteiru ka Wakaranai Ken 2-sure-me",
        "songName": "Yuruganu Futari ~Ai no Sanka~",
        "artist": "Kaoru to Hajime",
        "type": "Ending 1",
        "correctCount": 84,
        "startTime": 2,
        "songDuration": 32.016,
        "songNumber": 13,
        "activePlayerCount": 219,
        "LinkVideo": "https://files.catbox.moe/jpzosf.webm",
        "LinkMp3": "https://files.catbox.moe/o7pn8e.mp3",
        "annId": 16654,
        "songDifficulty": 25.17828991111422,
        "vintage": "Spring 2015"
    },
    {
        "animeEng": "Domestic Girlfriend",
        "animeRomaji": "Domestic na Kanojo",
        "songName": "Lilac",
        "artist": "Minami",
        "type": "Insert Song",
        "correctCount": 94,
        "startTime": 17,
        "songDuration": 93.699614,
        "songNumber": 14,
        "activePlayerCount": 222,
        "LinkVideo": "https://files.catbox.moe/y00j5j.webm",
        "LinkMp3": "https://files.catbox.moe/qtp7mn.mp3",
        "annId": 21205,
        "songDifficulty": 36.757665891007356,
        "vintage": "Winter 2019"
    },
    {
        "animeEng": "Indian Summer",
        "animeRomaji": "Koharu Biyori",
        "songName": "Apron dake wa Toranaide!",
        "artist": "Eri Kitamura",
        "type": "Opening 1",
        "correctCount": 18,
        "startTime": 33,
        "songDuration": 87.048,
        "songNumber": 15,
        "activePlayerCount": 223,
        "LinkVideo": "https://files.catbox.moe/kh4954.webm",
        "LinkMp3": "https://files.catbox.moe/2ylp03.mp3",
        "annId": 8195,
        "songDifficulty": 18.07009052011823,
        "vintage": "Fall 2007"
    },
    {
        "animeEng": "You and Me.",
        "animeRomaji": "Kimi to Boku.",
        "songName": "Bye Bye",
        "artist": "7!!",
        "type": "Opening 1",
        "correctCount": 12,
        "startTime": 75,
        "songDuration": 114.72,
        "songNumber": 16,
        "activePlayerCount": 221,
        "LinkVideo": "https://files.catbox.moe/rhqp0m.webm",
        "LinkMp3": "https://files.catbox.moe/p7yfjy.mp3",
        "annId": 12727,
        "songDifficulty": 17.39308905609025,
        "vintage": "Fall 2011"
    },
    {
        "animeEng": "Mars The Terminator",
        "animeRomaji": "Shinseikiden Mars",
        "songName": "Hanazono Kinema",
        "artist": "PENICILLIN",
        "type": "Opening 1",
        "correctCount": 7,
        "startTime": 25,
        "songDuration": 115.824,
        "songNumber": 19,
        "activePlayerCount": 224,
        "LinkVideo": "https://files.catbox.moe/049lho.webm",
        "LinkMp3": "https://files.catbox.moe/wmlt57.mp3",
        "annId": 2166,
        "songDifficulty": 9.993027984118852,
        "vintage": "Fall 2002"
    },
    {
        "animeEng": "Dragon Ball Z: Battle of Gods",
        "animeRomaji": "Dragon Ball Z: Kami to Kami",
        "songName": "CHA-LA HEAD-CHA-LA",
        "artist": "FLOW",
        "type": "Ending 1",
        "correctCount": 77,
        "startTime": 3,
        "songDuration": 196.071732,
        "songNumber": 20,
        "activePlayerCount": 225,
        "LinkVideo": "https://files.catbox.moe/ak3326.webm",
        "LinkMp3": "https://files.catbox.moe/w4eh31.mp3",
        "annId": 14887,
        "songDifficulty": 25.782952475575428,
        "vintage": "Winter 2013"
    },
    {
        "animeEng": "Generation of Chaos",
        "animeRomaji": "Generation of Chaos",
        "songName": "Kono Sora no Mukou",
        "artist": "Mami Kingetsu",
        "type": "Ending 1",
        "correctCount": 4,
        "startTime": 2,
        "songDuration": 137.904,
        "songNumber": 21,
        "activePlayerCount": 226,
        "LinkVideo": "https://files.catbox.moe/set2gx.webm",
        "LinkMp3": "https://files.catbox.moe/iqm961.mp3",
        "annId": 5721,
        "songDifficulty": 10.858122216035635,
        "vintage": "Summer 2001",
        "correctPlayers": [
            "watashiii",
            "kaghey",
            "Akaze",
            "PsycheTaxi"
        ]
    },
    {
        "animeEng": "Fate/Apocrypha",
        "animeRomaji": "Fate/Apocrypha",
        "songName": "Eiyuu Unmei no Uta",
        "artist": "EGOIST",
        "type": "Opening 1",
        "correctCount": 136,
        "startTime": 42,
        "songDuration": 95.16,
        "songNumber": 22,
        "activePlayerCount": 227,
        "LinkVideo": "https://files.catbox.moe/ty6ngc.webm",
        "LinkMp3": "https://files.catbox.moe/nifguc.mp3",
        "annId": 18983,
        "songDifficulty": 40.43430501460565,
        "vintage": "Summer 2017"
    },
    {
        "animeEng": "Senki Zesshou Symphogear GX",
        "animeRomaji": "Senki Zesshou Symphogear GX",
        "songName": "Ginwan Airgetlam(IGNITED arrangement)",
        "artist": "Yoko Hikasa",
        "type": "Insert Song",
        "correctCount": 45,
        "startTime": 47,
        "songDuration": 78.168,
        "songNumber": 23,
        "activePlayerCount": 226,
        "LinkVideo": "https://files.catbox.moe/9vknd0.webm",
        "LinkMp3": "https://files.catbox.moe/xjby2q.mp3",
        "annId": 16312,
        "songDifficulty": 36.03299358146873,
        "vintage": "Summer 2015"
    },
    {
        "animeEng": "Pretty Rhythm Dear My Future",
        "animeRomaji": "Pretty Rhythm Dear My Future",
        "songName": "LOVE\u2665MIX",
        "artist": "LOVE\u221eMIX",
        "type": "Insert Song",
        "correctCount": 3,
        "startTime": 11,
        "songDuration": 99.237478,
        "songNumber": 24,
        "activePlayerCount": 225,
        "LinkVideo": "https://files.catbox.moe/2ze9bh.webm",
        "LinkMp3": "https://files.catbox.moe/09j142.mp3",
        "annId": 13988,
        "songDifficulty": 17.456336843101212,
        "vintage": "Spring 2012",
        "correctPlayers": [
            "Hejsan",
            "Carlos1218",
            "Kakkeru"
        ]
    },
    {
        "animeEng": "Uta no\u2606Prince-sama\u266aMaji LOVE Kingdom",
        "animeRomaji": "Uta no\u2606Prince-sama\u266aMaji LOVE Kingdom",
        "songName": "Encore",
        "artist": "Mamoru Miyano",
        "type": "Ending 1",
        "correctCount": 15,
        "startTime": 151,
        "songDuration": 313.44,
        "songNumber": 25,
        "activePlayerCount": 226,
        "LinkVideo": "https://files.catbox.moe/slin49.webm",
        "LinkMp3": "https://files.catbox.moe/7vztvf.mp3",
        "annId": 20471,
        "songDifficulty": 17.916484612462007,
        "vintage": "Spring 2019"
    },
    {
        "animeEng": "Love Live! School Idol Project",
        "animeRomaji": "Love Live! School Idol Project",
        "songName": "Love wing bell",
        "artist": "\u03bc's",
        "type": "Insert Song",
        "correctCount": 63,
        "startTime": 33,
        "songDuration": 98.352,
        "songNumber": 26,
        "activePlayerCount": 228,
        "LinkVideo": "https://files.catbox.moe/k02pil.webm",
        "LinkMp3": "https://files.catbox.moe/d9aipj.mp3",
        "annId": 15812,
        "songDifficulty": 34.03714418728385,
        "vintage": "Spring 2014"
    },
    {
        "animeEng": "Wolf Guy",
        "animeRomaji": "Wolf Guy",
        "songName": "Kimi no Ikikata o Tsuranuite",
        "artist": "Hiroaki Igarashi",
        "type": "Opening 1",
        "correctCount": 6,
        "startTime": 21,
        "songDuration": 99.528,
        "songNumber": 27,
        "activePlayerCount": 230,
        "LinkVideo": "https://files.catbox.moe/2rwfg4.webm",
        "LinkMp3": "https://files.catbox.moe/mptsca.mp3",
        "annId": 3353,
        "songDifficulty": 6.728525398142803,
        "vintage": "Fall 1992"
    },
    {
        "animeEng": "BECK: Mongolian Chop Squad",
        "animeRomaji": "BECK: Mongolian Chop Squad",
        "songName": "The biggest number",
        "artist": "BALLOONS",
        "type": "Insert Song",
        "correctCount": 47,
        "startTime": 0,
        "songDuration": 56.232,
        "songNumber": 28,
        "activePlayerCount": 229,
        "LinkVideo": "https://files.catbox.moe/953vwp.webm",
        "LinkMp3": "https://files.catbox.moe/un7ojw.mp3",
        "annId": 4404,
        "songDifficulty": 42.857142857142854,
        "vintage": "Fall 2004"
    },
    {
        "animeEng": "Rainy Cocoa, Welcome to Rainy Color",
        "animeRomaji": "Ame-iro Cocoa Rainy color e Youkoso!",
        "songName": "Rainy cocoa",
        "artist": "Rainy Color",
        "type": "Opening 1",
        "correctCount": 46,
        "startTime": 0,
        "songDuration": 29.831324,
        "songNumber": 29,
        "activePlayerCount": 230,
        "LinkVideo": "https://files.catbox.moe/9urz3x.webm",
        "LinkMp3": "https://files.catbox.moe/kku9jh.mp3",
        "annId": 17241,
        "songDifficulty": 19.350230432386084,
        "vintage": "Fall 2015"
    },
    {
        "animeEng": "Chou Gekijouban Keroro Gunsou Gekishin 4: Dragon Warriors de Arimasu!",
        "animeRomaji": "Chou Gekijouban Keroro Gunsou Gekishin 4: Dragon Warriors de Arimasu!",
        "songName": "Keroro Japo~n!",
        "artist": "Daisuke Naito & Natsuki Katou",
        "type": "Opening 1",
        "correctCount": 4,
        "startTime": 10,
        "songDuration": 89.781314,
        "songNumber": 30,
        "activePlayerCount": 225,
        "LinkVideo": "https://files.catbox.moe/6bu6vz.webm",
        "LinkMp3": "https://files.catbox.moe/kfn12k.mp3",
        "annId": 10143,
        "songDifficulty": 12.85533046875,
        "vintage": "Winter 2009",
        "correctPlayers": [
            "watashiii",
            "Hejsan",
            "Kawada6",
            "elecsat"
        ]
    },
    {
        "animeEng": "Holy Knight",
        "animeRomaji": "Holy Knight",
        "songName": "Holy Knight",
        "artist": "Maaya Uchida",
        "type": "Opening 1",
        "correctCount": 16,
        "startTime": 55,
        "songDuration": 90.044075,
        "songNumber": 31,
        "activePlayerCount": 224,
        "LinkVideo": "https://files.catbox.moe/ehyljh.webm",
        "LinkMp3": "https://files.catbox.moe/45by9e.mp3",
        "annId": 13225,
        "songDifficulty": 12.145517676767676,
        "vintage": "Winter 2012"
    },
    {
        "animeEng": "No Game No Life",
        "animeRomaji": "No Game No Life",
        "songName": "Onegai\u2606Snyaiper",
        "artist": "Miyuki Sawashiro",
        "type": "Opening 2",
        "correctCount": 184,
        "startTime": 53,
        "songDuration": 88.68,
        "songNumber": 32,
        "activePlayerCount": 225,
        "LinkVideo": "https://files.catbox.moe/pm2xg1.webm",
        "LinkMp3": "https://files.catbox.moe/0fa9oc.mp3",
        "annId": 15784,
        "songDifficulty": 31.01439844904736,
        "vintage": "Spring 2014"
    },
    {
        "animeEng": "Nobunaga The Fool",
        "animeRomaji": "Nobunaga The Fool",
        "songName": "Ametsuchi no Uta",
        "artist": "Minori Chihara",
        "type": "Insert Song",
        "correctCount": 5,
        "startTime": 12,
        "songDuration": 91.479244,
        "songNumber": 33,
        "activePlayerCount": 225,
        "LinkVideo": "https://files.catbox.moe/5qqluj.webm",
        "LinkMp3": "https://files.catbox.moe/af2ouj.mp3",
        "annId": 15712,
        "songDifficulty": 9.468006678989955,
        "vintage": "Winter 2014",
        "correctPlayers": [
            "Carlos1218",
            "Math1234",
            "chaabdu92",
            "Orfey",
            "Stunar"
        ]
    },
    {
        "animeEng": "Motto! Ojamajo Doremi",
        "animeRomaji": "Motto! Ojamajo Doremi",
        "songName": "caramel",
        "artist": "Yuki Matsuura",
        "type": "Insert Song",
        "correctCount": 3,
        "startTime": 40,
        "songDuration": 127.056,
        "songNumber": 34,
        "activePlayerCount": 225,
        "LinkVideo": "https://files.catbox.moe/b9zigp.webm",
        "LinkMp3": "https://files.catbox.moe/pzs1sh.mp3",
        "annId": 1650,
        "songDifficulty": 2.9518437906195842,
        "vintage": "Winter 2001",
        "correctPlayers": [
            "dablackPearl",
            "movie",
            "BlitznBurst"
        ]
    },
    {
        "animeEng": "Mononoke",
        "animeRomaji": "Mononoke",
        "songName": "Kagen no Tsuki",
        "artist": "Ryouta Komatsu\u00d7Charlie Kosei",
        "type": "Opening 1",
        "correctCount": 84,
        "startTime": 24,
        "songDuration": 78.418244,
        "songNumber": 35,
        "activePlayerCount": 223,
        "LinkVideo": "https://files.catbox.moe/dvbx5s.webm",
        "LinkMp3": "https://files.catbox.moe/zvfvuk.mp3",
        "annId": 7890,
        "songDifficulty": 26.730216718266252,
        "vintage": "Summer 2007"
    },
    {
        "animeEng": "City Hunter",
        "animeRomaji": "City Hunter",
        "songName": "GIVE ME YOUR LOVE TONIGHT",
        "artist": "Kiyomi Suzuki",
        "type": "Insert Song",
        "correctCount": 29,
        "startTime": 16,
        "songDuration": 74.496,
        "songNumber": 36,
        "activePlayerCount": 221,
        "LinkVideo": "https://files.catbox.moe/izkuee.webm",
        "LinkMp3": "https://files.catbox.moe/2v05ng.mp3",
        "annId": 384,
        "songDifficulty": 25.840010098321642,
        "vintage": "Spring 1987"
    },
    {
        "animeEng": "World Trigger",
        "animeRomaji": "World Trigger",
        "songName": "Force",
        "artist": "TOMORROW X TOGETHER",
        "type": "Opening 1",
        "correctCount": 90,
        "startTime": 47,
        "songDuration": 89.64,
        "songNumber": 37,
        "activePlayerCount": 220,
        "LinkVideo": "https://files.catbox.moe/v0arh8.webm",
        "LinkMp3": "https://files.catbox.moe/cd0l7x.mp3",
        "annId": 23782,
        "songDifficulty": 25.538007208680142,
        "vintage": "Winter 2021"
    },
    {
        "animeEng": "Tales of Homeroom",
        "animeRomaji": "Tales of Homeroom",
        "songName": "Normin Dance",
        "artist": "Misato Fukuen",
        "type": "Ending 1",
        "correctCount": 12,
        "startTime": 0,
        "songDuration": 24.576,
        "songNumber": 38,
        "activePlayerCount": 220,
        "LinkVideo": "https://files.catbox.moe/a9tqmu.webm",
        "LinkMp3": "https://files.catbox.moe/myyjvf.mp3",
        "annId": 23797,
        "songDifficulty": 14.869508177369505,
        "vintage": "Spring 2018"
    },
    {
        "animeEng": "Gekijouban Aikatsu!",
        "animeRomaji": "Gekijouban Aikatsu!",
        "songName": "Happy Crescendo",
        "artist": "Waka\u30fbFuuri\u30fbSunao\u30fbRemi from STAR\u2606ANIS",
        "type": "Insert Song",
        "correctCount": 130,
        "startTime": 19,
        "songDuration": 63.6,
        "songNumber": 39,
        "activePlayerCount": 219,
        "LinkVideo": "https://files.catbox.moe/dzhvd9.webm",
        "LinkMp3": "https://files.catbox.moe/ngv8wy.mp3",
        "annId": 15991,
        "songDifficulty": 43.110695618327405,
        "vintage": "Fall 2014"
    },
    {
        "animeEng": "My Roommate is a Cat",
        "animeRomaji": "Doukyonin wa Hiza, Tokidoki, Atama no Ue.",
        "songName": "Kimi no Tonari Watashi no Basho",
        "artist": "Yoshino Nanjou",
        "type": "Ending 1",
        "correctCount": 13,
        "startTime": 53,
        "songDuration": 88.728,
        "songNumber": 40,
        "activePlayerCount": 217,
        "LinkVideo": "https://files.catbox.moe/8s70w3.webm",
        "LinkMp3": "https://files.catbox.moe/jv7zd0.mp3",
        "annId": 21270,
        "songDifficulty": 17.199543648422562,
        "vintage": "Winter 2019"
    },
    {
        "animeEng": "Tokyo Majin Gakuen Kenpucho: Tou 2nd Act",
        "animeRomaji": "Tokyo Majin Gakuen Kenpucho: Tou Dai-Ni-Maku",
        "songName": "Hanafubuki",
        "artist": "ACID",
        "type": "Ending 1",
        "correctCount": 7,
        "startTime": 44,
        "songDuration": 87.648,
        "songNumber": 41,
        "activePlayerCount": 217,
        "LinkVideo": "https://files.catbox.moe/fah7zj.webm",
        "LinkMp3": "https://files.catbox.moe/mg3204.mp3",
        "annId": 8209,
        "songDifficulty": 16.14936115617946,
        "vintage": "Summer 2007"
    },
    {
        "animeEng": "Mushoku Tensei: Jobless Reincarnation",
        "animeRomaji": "Mushoku Tensei: Isekai Ittara Honki Dasu",
        "songName": "Mezame no Uta",
        "artist": "Yuiko Ohara",
        "type": "Opening 2",
        "correctCount": 155,
        "startTime": 17,
        "songDuration": 88.152,
        "songNumber": 42,
        "activePlayerCount": 218,
        "LinkVideo": "https://files.catbox.moe/3indux.webm",
        "LinkMp3": "https://files.catbox.moe/21a61m.mp3",
        "annId": 22589,
        "songDifficulty": 41.94668085777357,
        "vintage": "Winter 2021"
    },
    {
        "animeEng": "Starmyu",
        "animeRomaji": "Koukou Hoshi Kageki",
        "songName": "C\u2606ngratulations! ~team Hiiragi Ver.~",
        "artist": "team Hiiragi",
        "type": "Ending 1",
        "correctCount": 138,
        "startTime": 21,
        "songDuration": 88.968,
        "songNumber": 43,
        "activePlayerCount": 221,
        "LinkVideo": "https://files.catbox.moe/jrzqvx.webm",
        "LinkMp3": "https://files.catbox.moe/x2josz.mp3",
        "annId": 18192,
        "songDifficulty": 40.41355908442088,
        "vintage": "Summer 2016"
    },
    {
        "animeEng": "Spider Riders: Resurrected Sun",
        "animeRomaji": "Spider Riders: Yomigaeru Taiyou",
        "songName": "Towards a Dream",
        "artist": "Takashi Kondou & Sanae Kobayashi",
        "type": "Ending 1",
        "correctCount": 3,
        "startTime": 20,
        "songDuration": 88.56,
        "songNumber": 44,
        "activePlayerCount": 221,
        "LinkVideo": "https://files.catbox.moe/1rl0eh.webm",
        "LinkMp3": "https://files.catbox.moe/1svinx.mp3",
        "annId": 7881,
        "songDifficulty": 9.022853409426714,
        "vintage": "Spring 2007",
        "correctPlayers": [
            "watashiii",
            "dablackPearl",
            "kaghey"
        ]
    },
    {
        "animeEng": "Naruto Shippuuden",
        "animeRomaji": "Naruto Shippuuden",
        "songName": "newsong",
        "artist": "tacica",
        "type": "Opening 10",
        "correctCount": 77,
        "startTime": 3,
        "songDuration": 89.064,
        "songNumber": 45,
        "activePlayerCount": 221,
        "LinkVideo": "https://files.catbox.moe/w8redc.webm",
        "LinkMp3": "https://files.catbox.moe/s20948.mp3",
        "annId": 7293,
        "songDifficulty": 35.50249589908932,
        "vintage": "Winter 2007"
    },
    {
        "animeEng": "Gekijouban Date A Live: Mayuri Judgement",
        "animeRomaji": "Gekijouban Date A Live: Mayuri Judgement",
        "songName": "Date A Live",
        "artist": "sweet ARMS",
        "type": "Insert Song",
        "correctCount": 142,
        "startTime": 150,
        "songDuration": 209.712,
        "songNumber": 46,
        "activePlayerCount": 221,
        "LinkVideo": "https://files.catbox.moe/kwfnvu.webm",
        "LinkMp3": "https://files.catbox.moe/ki8h1q.mp3",
        "annId": 16866,
        "songDifficulty": 49.86494635656682,
        "vintage": "Summer 2015"
    },
    {
        "animeEng": "Copihan",
        "animeRomaji": "Copihan",
        "songName": "Corruption Garden",
        "artist": "Caz feat. Megurine Luka",
        "type": "Insert Song",
        "correctCount": 10,
        "startTime": 10,
        "songDuration": 45.696,
        "songNumber": 47,
        "activePlayerCount": 221,
        "LinkVideo": "https://files.catbox.moe/5yt8gj.webm",
        "LinkMp3": "https://files.catbox.moe/xbu8o1.mp3",
        "annId": 12989,
        "songDifficulty": 11.709178524925596,
        "vintage": "Summer 2011"
    },
    {
        "animeEng": "Fire Force",
        "animeRomaji": "Enen no Shouboutai",
        "songName": "Inferno",
        "artist": "Mrs. GREEN APPLE",
        "type": "Opening 1",
        "correctCount": 184,
        "startTime": 44,
        "songDuration": 89.568,
        "songNumber": 48,
        "activePlayerCount": 223,
        "LinkVideo": "https://files.catbox.moe/uazvg3.webm",
        "LinkMp3": "https://files.catbox.moe/l1tn27.mp3",
        "annId": 21852,
        "songDifficulty": 65.809743627469,
        "vintage": "Summer 2019"
    },
    {
        "animeEng": "My Hero Academia: World Heroes' Mission",
        "animeRomaji": "Boku no Hero Academia The Movie: World Heroes' Mission",
        "songName": "Empathy",
        "artist": "ASIAN KUNG-FU GENERATION",
        "type": "Ending 1",
        "correctCount": 16,
        "startTime": 144,
        "songDuration": 269.208,
        "songNumber": 49,
        "activePlayerCount": 223,
        "LinkVideo": "https://files.catbox.moe/wa7cup.webm",
        "LinkMp3": "https://files.catbox.moe/48dyfv.mp3",
        "annId": 24199,
        "songDifficulty": 11.692693508051399,
        "vintage": "Summer 2021"
    },
    {
        "animeEng": "Petit Seka",
        "animeRomaji": "Petit Seka",
        "songName": "Wah Wah World",
        "artist": "Yui Ogura, Akina, Hatsune Miku",
        "type": "Ending 1",
        "correctCount": 58,
        "startTime": 0,
        "songDuration": 27.264,
        "songNumber": 50,
        "activePlayerCount": 224,
        "LinkVideo": "https://files.catbox.moe/y8dr0f.webm",
        "LinkMp3": "https://files.catbox.moe/njcpp1.mp3",
        "annId": 24798,
        "songDifficulty": 26.51496960241894,
        "vintage": "Winter 2022"
    },
    {
        "animeEng": "Danganronpa 3: The End of Hope's Peak High School - Despair Arc",
        "animeRomaji": "Danganronpa 3: The End of Kibougamine Gakuen - Zetsubou-hen",
        "songName": "Kami-iro Awase",
        "artist": "binaria",
        "type": "Opening 1",
        "correctCount": 121,
        "startTime": 41,
        "songDuration": 88.56,
        "songNumber": 51,
        "activePlayerCount": 224,
        "LinkVideo": "https://files.catbox.moe/r3qdtb.webm",
        "LinkMp3": "https://files.catbox.moe/fneg5a.mp3",
        "annId": 18272,
        "songDifficulty": 29.76457105080631,
        "vintage": "Summer 2016"
    },
    {
        "animeEng": "Touch: Cross Road - Kaze no Yukue",
        "animeRomaji": "Touch: Cross Road - Kaze no Yukue",
        "songName": "Kaze no Yukue",
        "artist": "Satoru Sakamoto",
        "type": "Opening 1",
        "correctCount": 2,
        "startTime": 7,
        "songDuration": 207.591534,
        "songNumber": 52,
        "activePlayerCount": 225,
        "LinkVideo": "https://files.catbox.moe/54c546.webm",
        "LinkMp3": "https://files.catbox.moe/zengvh.mp3",
        "annId": 5368,
        "songDifficulty": 11.107869578860804,
        "vintage": "Winter 2001",
        "correctPlayers": [
            "YeQiu",
            "theyingster"
        ]
    },
    {
        "animeEng": "The Beast Player Erin",
        "animeRomaji": "Kemono no Souja Erin",
        "songName": "Yoake no Tori ~vocal version~",
        "artist": "Maana",
        "type": "Insert Song",
        "correctCount": 4,
        "startTime": 27,
        "songDuration": 125.228868,
        "songNumber": 53,
        "activePlayerCount": 225,
        "LinkVideo": "https://files.catbox.moe/s88zg0.webm",
        "LinkMp3": "https://files.catbox.moe/ocmyrm.mp3",
        "annId": 10291,
        "songDifficulty": 13.26061320754717,
        "vintage": "Winter 2009",
        "correctPlayers": [
            "Kakkeru",
            "Shakira_",
            "Chae",
            "Noru"
        ]
    },
    {
        "animeEng": "Fairy Tail",
        "animeRomaji": "Fairy Tail",
        "songName": "Hajimari no Sora",
        "artist": "+Plus",
        "type": "Opening 11",
        "correctCount": 95,
        "startTime": 20,
        "songDuration": 87.552,
        "songNumber": 54,
        "activePlayerCount": 225,
        "LinkVideo": "https://files.catbox.moe/i7tnr7.webm",
        "LinkMp3": "https://files.catbox.moe/doh2f7.mp3",
        "annId": 10942,
        "songDifficulty": 41.25743972481697,
        "vintage": "Fall 2009"
    },
    {
        "animeEng": "Captain Tsubasa: Europe Daikessen",
        "animeRomaji": "Captain Tsubasa: Europe Daikessen",
        "songName": "Moete Hero",
        "artist": "Takayuki Takemoto",
        "type": "Insert Song",
        "correctCount": 180,
        "startTime": 11,
        "songDuration": 53.064,
        "songNumber": 55,
        "activePlayerCount": 224,
        "LinkVideo": "https://files.catbox.moe/n8hork.webm",
        "LinkMp3": "https://files.catbox.moe/18ieda.mp3",
        "annId": 6341,
        "songDifficulty": 43.68199060693642,
        "vintage": "Summer 1985"
    },
    {
        "animeEng": "Zoku Touken Ranbu: Hanamaru.",
        "animeRomaji": "Zoku Touken Ranbu: Hanamaru.",
        "songName": "Urashima no Tame ni",
        "artist": "Kazuyuki Okitsu & Tarusuke Shingaki",
        "type": "Insert Song",
        "correctCount": 4,
        "startTime": 92,
        "songDuration": 172.979884,
        "songNumber": 56,
        "activePlayerCount": 224,
        "LinkVideo": "https://files.catbox.moe/82f002.webm",
        "LinkMp3": "https://files.catbox.moe/bhd713.mp3",
        "annId": 20366,
        "songDifficulty": 21.057726084757196,
        "vintage": "Winter 2018",
        "correctPlayers": [
            "Thaleko",
            "syuka",
            "MissMcPhisto",
            "Aileeeen"
        ]
    },
    {
        "animeEng": "Bleach",
        "animeRomaji": "Bleach",
        "songName": "MOVIN!!",
        "artist": "Takacha",
        "type": "Ending 8",
        "correctCount": 59,
        "startTime": 4,
        "songDuration": 87.408,
        "songNumber": 57,
        "activePlayerCount": 224,
        "LinkVideo": "https://files.catbox.moe/yl6i8b.webm",
        "LinkMp3": "https://files.catbox.moe/k3my2t.mp3",
        "annId": 4240,
        "songDifficulty": 26.823755741653596,
        "vintage": "Fall 2004"
    },
    {
        "animeEng": "White Album",
        "animeRomaji": "White Album",
        "songName": "White Album",
        "artist": "Aya Hirano",
        "type": "Insert Song",
        "correctCount": 37,
        "startTime": 24,
        "songDuration": 66.264,
        "songNumber": 58,
        "activePlayerCount": 224,
        "LinkVideo": "https://files.catbox.moe/00pjkn.webm",
        "LinkMp3": "https://files.catbox.moe/3djku6.mp3",
        "annId": 10134,
        "songDifficulty": 22.852307204324802,
        "vintage": "Winter 2009"
    },
    {
        "animeEng": "Bottom-Tier Character Tomozaki",
        "animeRomaji": "Jaku-Chara Tomozaki-kun",
        "songName": "Ayafuwa Asterisk",
        "artist": "DIALOGUE+",
        "type": "Ending 1",
        "correctCount": 103,
        "startTime": 9,
        "songDuration": 89.112,
        "songNumber": 59,
        "activePlayerCount": 224,
        "LinkVideo": "https://files.catbox.moe/bpi050.webm",
        "LinkMp3": "https://files.catbox.moe/epa0ad.mp3",
        "annId": 23783,
        "songDifficulty": 30.6379724801061,
        "vintage": "Winter 2021"
    },
    {
        "animeEng": "Love, Chunibyo & Other Delusions!: Take On Me",
        "animeRomaji": "Chuunibyou demo Koi ga Shitai! Movie: Take On Me",
        "songName": "Sparkling Daydream",
        "artist": "ZAQ",
        "type": "Insert Song",
        "correctCount": 167,
        "startTime": 49,
        "songDuration": 161.856,
        "songNumber": 60,
        "activePlayerCount": 224,
        "LinkVideo": "https://files.catbox.moe/y4hy7k.webm",
        "LinkMp3": "https://files.catbox.moe/4vbs40.mp3",
        "annId": 19920,
        "songDifficulty": 44.65079711294416,
        "vintage": "Winter 2018"
    },
    {
        "animeEng": "Ark Nine",
        "animeRomaji": "Ark IX",
        "songName": "Nevereverland",
        "artist": "nano",
        "type": "Ending 1",
        "correctCount": 87,
        "startTime": 139,
        "songDuration": 167.592,
        "songNumber": 61,
        "activePlayerCount": 225,
        "LinkVideo": "https://files.catbox.moe/dyamar.webm",
        "LinkMp3": "https://files.catbox.moe/uxvgll.mp3",
        "annId": 22449,
        "songDifficulty": 26.90055121972023,
        "vintage": "Summer 2013"
    },
    {
        "animeEng": "Doraemon",
        "animeRomaji": "Doraemon",
        "songName": "Doraemon Ekaki Uta",
        "artist": "Wasabi Mizuta",
        "type": "Ending 3",
        "correctCount": 145,
        "startTime": 21,
        "songDuration": 58.08,
        "songNumber": 62,
        "activePlayerCount": 225,
        "LinkVideo": "https://files.catbox.moe/ggs8t5.webm",
        "LinkMp3": "https://files.catbox.moe/v25izl.mp3",
        "annId": 14223,
        "songDifficulty": 47.094212788654616,
        "vintage": "Spring 2005"
    },
    {
        "animeEng": "Teasing Master Takagi-san",
        "animeRomaji": "Karakai Jouzu no Takagi-san",
        "songName": "Iwanai kedo ne.",
        "artist": "Yuiko Ohara",
        "type": "Opening 1",
        "correctCount": 123,
        "startTime": 23,
        "songDuration": 88.8,
        "songNumber": 63,
        "activePlayerCount": 224,
        "LinkVideo": "https://files.catbox.moe/zbl4xb.webm",
        "LinkMp3": "https://files.catbox.moe/i7pfq9.mp3",
        "annId": 21134,
        "songDifficulty": 40.27607950200726,
        "vintage": "Summer 2018"
    },
    {
        "animeEng": "Eat-Man",
        "animeRomaji": "Eat-Man",
        "songName": "I Ask",
        "artist": "EBBY",
        "type": "Insert Song",
        "correctCount": 0,
        "startTime": 45,
        "songDuration": 180.36,
        "songNumber": 64,
        "activePlayerCount": 224,
        "LinkVideo": "https://files.catbox.moe/3pw2f2.webm",
        "LinkMp3": "https://files.catbox.moe/1dl7un.mp3",
        "annId": 143,
        "songDifficulty": 14,
        "vintage": "Winter 1997"
    },
    {
        "animeEng": "I'll Make a Habit of It",
        "animeRomaji": "Chou Kuseninarisou",
        "songName": "Third Love",
        "artist": "Junko Inoue",
        "type": "Opening 1",
        "correctCount": 6,
        "startTime": 48,
        "songDuration": 86.784,
        "songNumber": 65,
        "activePlayerCount": 224,
        "LinkVideo": "https://files.catbox.moe/6ehhyw.webm",
        "LinkMp3": "https://files.catbox.moe/i0afiu.mp3",
        "annId": 1279,
        "songDifficulty": 7.432770424700798,
        "vintage": "Spring 1994"
    },
    {
        "animeEng": "Monster Musume no Iru Nichijou SP",
        "animeRomaji": "Monster Musume no Iru Nichijou SP",
        "songName": "Saikousoku Fall in Love",
        "artist": "Ari Ozawa, Natsuki Aikawa, Sora Amamiya, Haruka Yamazaki, Mayuka Nomura",
        "type": "Opening 1",
        "correctCount": 154,
        "startTime": 0,
        "songDuration": 89.52,
        "songNumber": 66,
        "activePlayerCount": 224,
        "LinkVideo": "https://files.catbox.moe/47i25i.webm",
        "LinkMp3": "https://files.catbox.moe/9x5gj4.mp3",
        "annId": 19964,
        "songDifficulty": 42.33504979792148,
        "vintage": "Fall 2016"
    },
    {
        "animeEng": "Har\u00e9+Guu",
        "animeRomaji": "Jungle wa Itsumo Hare Nochi Guu",
        "songName": "LOVE\u2606Tropicana",
        "artist": "Sister MAYO",
        "type": "Opening 1",
        "correctCount": 69,
        "startTime": 16,
        "songDuration": 80.712,
        "songNumber": 67,
        "activePlayerCount": 223,
        "LinkVideo": "https://files.catbox.moe/c1dqss.webm",
        "LinkMp3": "https://files.catbox.moe/0f1irc.mp3",
        "annId": 1140,
        "songDifficulty": 23.683616286057692,
        "vintage": "Spring 2001"
    },
    {
        "animeEng": "Round Vernian Vifam 13",
        "animeRomaji": "Ginga Hyouryuu Vifam 13",
        "songName": "Omega no Tobira -HELLO, VIFAM-",
        "artist": "KATSUMI",
        "type": "Opening 1",
        "correctCount": 9,
        "startTime": 49,
        "songDuration": 79.68,
        "songNumber": 68,
        "activePlayerCount": 223,
        "LinkVideo": "https://files.catbox.moe/rtl05o.webm",
        "LinkMp3": "https://files.catbox.moe/myyk1c.mp3",
        "annId": 2001,
        "songDifficulty": 11.616986836472602,
        "vintage": "Winter 1998"
    },
    {
        "animeEng": "BanG Dream! Girls Band Party!: 5th Anniversary Animation - CiRCLE THANKS PARTY!",
        "animeRomaji": "BanG Dream! Girls Band Party!: 5th Anniversary Animation - CiRCLE THANKS PARTY!",
        "songName": "SAKURA MEMORIES",
        "artist": "Poppin'Party",
        "type": "Ending 2",
        "correctCount": 9,
        "startTime": 28,
        "songDuration": 87.816,
        "songNumber": 69,
        "activePlayerCount": 224,
        "LinkVideo": "https://files.catbox.moe/y8mc2m.webm",
        "LinkMp3": "https://files.catbox.moe/85vrn6.mp3",
        "annId": 25436,
        "songDifficulty": 20.178115628407852,
        "vintage": "Winter 2022"
    },
    {
        "animeEng": "Pok\u00e9mon: Diamond and Pearl",
        "animeRomaji": "Pocket Monsters Diamond & Pearl",
        "songName": "Together2007",
        "artist": "Fumie Akiyoshi",
        "type": "Insert Song",
        "correctCount": 54,
        "startTime": 42,
        "songDuration": 92.053928,
        "songNumber": 70,
        "activePlayerCount": 224,
        "LinkVideo": "https://files.catbox.moe/ewdjd5.webm",
        "LinkMp3": "https://files.catbox.moe/5clujl.mp3",
        "annId": 6836,
        "songDifficulty": 32.084477360308284,
        "vintage": "Summer 2006"
    },
    {
        "animeEng": "High School Star Musical",
        "animeRomaji": "Starmyu",
        "songName": "Seishun COUNTDOWN",
        "artist": "team Ootori",
        "type": "Insert Song",
        "correctCount": 104,
        "startTime": 10,
        "songDuration": 178.104,
        "songNumber": 71,
        "activePlayerCount": 225,
        "LinkVideo": "https://files.catbox.moe/5xnbt2.webm",
        "LinkMp3": "https://files.catbox.moe/yaazdl.mp3",
        "annId": 16892,
        "songDifficulty": 38.86554348301821,
        "vintage": "Fall 2015"
    },
    {
        "animeEng": "Myriad Colors Phantom World",
        "animeRomaji": "Musaigen no Phantom World",
        "songName": "Naked Dive",
        "artist": "SCREEN mode",
        "type": "Opening 1",
        "correctCount": 123,
        "startTime": 19,
        "songDuration": 88.56,
        "songNumber": 72,
        "activePlayerCount": 225,
        "LinkVideo": "https://files.catbox.moe/uxpcz0.webm",
        "LinkMp3": "https://files.catbox.moe/b94zoo.mp3",
        "annId": 17731,
        "songDifficulty": 29.74087231520898,
        "vintage": "Winter 2016"
    },
    {
        "animeEng": "Ringing Bell",
        "animeRomaji": "Chirin no Suzu",
        "songName": "Chirin no Suzu",
        "artist": "The Brothers Four",
        "type": "Opening 1",
        "correctCount": 68,
        "startTime": 87,
        "songDuration": 120.552,
        "songNumber": 73,
        "activePlayerCount": 225,
        "LinkVideo": "https://files.catbox.moe/f44oti.webm",
        "LinkMp3": "https://files.catbox.moe/wqxr2j.mp3",
        "annId": 1459,
        "songDifficulty": 20.843924372853873,
        "vintage": "Winter 1978"
    },
    {
        "animeEng": "Super Yo-Yo",
        "animeRomaji": "Chousoku Spinner",
        "songName": "SOMEDAY LET'S GO TOGETHER",
        "artist": "rub-down",
        "type": "Opening 1",
        "correctCount": 5,
        "startTime": 1,
        "songDuration": 90.096,
        "songNumber": 74,
        "activePlayerCount": 225,
        "LinkVideo": "https://files.catbox.moe/scne0q.webm",
        "LinkMp3": "https://files.catbox.moe/m6onyn.mp3",
        "annId": 1276,
        "songDifficulty": 11.897276575014303,
        "vintage": "Fall 1998",
        "correctPlayers": [
            "watashiii",
            "dablackPearl",
            "kaghey",
            "YeQiu",
            "Keizan"
        ]
    },
    {
        "animeEng": "Ensemble Stars!",
        "animeRomaji": "EnStars",
        "songName": "Infinite Star",
        "artist": "Trickstar",
        "type": "Insert Song",
        "correctCount": 24,
        "startTime": 32,
        "songDuration": 102.576,
        "songNumber": 75,
        "activePlayerCount": 225,
        "LinkVideo": "https://files.catbox.moe/yj062x.webm",
        "LinkMp3": "https://files.catbox.moe/unl0a4.mp3",
        "annId": 22259,
        "songDifficulty": 25.578061097420303,
        "vintage": "Summer 2019"
    },
    {
        "animeEng": "Nekopara",
        "animeRomaji": "Nekopara",
        "songName": "Kimi to Witches\u2606\u5f61",
        "artist": "Miku Itou",
        "type": "Insert Song",
        "correctCount": 17,
        "startTime": 1,
        "songDuration": 30.552,
        "songNumber": 76,
        "activePlayerCount": 229,
        "LinkVideo": "https://files.catbox.moe/skplzv.webm",
        "LinkMp3": "https://files.catbox.moe/y06yp9.mp3",
        "annId": 22247,
        "songDifficulty": 15.171693589952257,
        "vintage": "Winter 2020"
    },
    {
        "animeEng": "Senki Zesshou Symphogear AXZ",
        "animeRomaji": "Senki Zesshou Symphogear AXZ",
        "songName": "TESTAMENT -Aufwachen Form-",
        "artist": "Nana Mizuki",
        "type": "Ending 4",
        "correctCount": 65,
        "startTime": 108,
        "songDuration": 145.577906,
        "songNumber": 77,
        "activePlayerCount": 228,
        "LinkVideo": "https://files.catbox.moe/0ctube.webm",
        "LinkMp3": "https://files.catbox.moe/saa006.mp3",
        "annId": 19724,
        "songDifficulty": 31.636169409816908,
        "vintage": "Summer 2017"
    },
    {
        "animeEng": "Detective Conan: Private Eye in the Distant Sea",
        "animeRomaji": "Meitantei Conan: Zekkai no Private Eye",
        "songName": "One More Time",
        "artist": "Kazuyoshi Saito",
        "type": "Ending 1",
        "correctCount": 7,
        "startTime": 32,
        "songDuration": 257.304,
        "songNumber": 78,
        "activePlayerCount": 229,
        "LinkVideo": "https://files.catbox.moe/quu7sa.webm",
        "LinkMp3": "https://files.catbox.moe/qgyml7.mp3",
        "annId": 14883,
        "songDifficulty": 8.494871128822952,
        "vintage": "Spring 2013"
    },
    {
        "animeEng": "The Prince of Tennis Best Games!!",
        "animeRomaji": "Tennis no Ouji-sama Best Games!!",
        "songName": "B\u2200CK SHOT",
        "artist": "Kenjirou Tsuda\u30fbKohei Kiyasu & Toshiyuki Kusuda\u30fbDaisuke Namikawa",
        "type": "Ending 2",
        "correctCount": 3,
        "startTime": 59,
        "songDuration": 112.896,
        "songNumber": 79,
        "activePlayerCount": 228,
        "LinkVideo": "https://files.catbox.moe/s5rzzs.webm",
        "LinkMp3": "https://files.catbox.moe/t7kfs3.mp3",
        "annId": 20816,
        "songDifficulty": 17.358489030562108,
        "vintage": "Summer 2018",
        "correctPlayers": [
            "kaghey",
            "gaaw",
            "Keizan"
        ]
    },
    {
        "animeEng": "Ground Control to Psychoelectric Girl",
        "animeRomaji": "Denpa Onna to Seishun Otoko",
        "songName": "Os-Uchuujin",
        "artist": "Erio o Kamatte-chan",
        "type": "Opening 1",
        "correctCount": 109,
        "startTime": 40,
        "songDuration": 88.92,
        "songNumber": 80,
        "activePlayerCount": 228,
        "LinkVideo": "https://files.catbox.moe/rf79nn.webm",
        "LinkMp3": "https://files.catbox.moe/zlzdrw.mp3",
        "annId": 11808,
        "songDifficulty": 32.98851289030865,
        "vintage": "Spring 2011"
    },
    {
        "animeEng": "Detective Conan",
        "animeRomaji": "Meitantei Conan",
        "songName": "Lie, Lie, Lie,",
        "artist": "Maki Ohguro",
        "type": "Opening 45",
        "correctCount": 48,
        "startTime": 35,
        "songDuration": 113.832,
        "songNumber": 81,
        "activePlayerCount": 229,
        "LinkVideo": "https://files.catbox.moe/qq2o64.webm",
        "LinkMp3": "https://files.catbox.moe/ceyms8.mp3",
        "annId": 454,
        "songDifficulty": 23.723089227371734,
        "vintage": "Winter 1996"
    },
    {
        "animeEng": "Yuu\u2606Yuu\u2606Hakusho",
        "animeRomaji": "Yu Yu Hakusho: Ghost Files",
        "songName": "Hohoemi no Bakudan",
        "artist": "Matsuko Mawatari",
        "type": "Ending 1",
        "correctCount": 157,
        "startTime": 50,
        "songDuration": 83.04,
        "songNumber": 82,
        "activePlayerCount": 229,
        "LinkVideo": "https://files.catbox.moe/33czdb.webm",
        "LinkMp3": "https://files.catbox.moe/t6opi6.mp3",
        "annId": 21244,
        "songDifficulty": 43.56869087367835,
        "vintage": "Fall 2018"
    },
    {
        "animeEng": "Simoun",
        "animeRomaji": "Simoun",
        "songName": "Utsukushi Kereba Sore de Ii",
        "artist": "Chiaki Ishikawa",
        "type": "Opening 1",
        "correctCount": 14,
        "startTime": 34,
        "songDuration": 89.208,
        "songNumber": 83,
        "activePlayerCount": 229,
        "LinkVideo": "https://files.catbox.moe/5qvb8q.webm",
        "LinkMp3": "https://files.catbox.moe/a9ci4x.mp3",
        "annId": 6287,
        "songDifficulty": 16.336408097019618,
        "vintage": "Spring 2006"
    },
    {
        "animeEng": "Kakyuusei",
        "animeRomaji": "Kakyuusei",
        "songName": "Girls be UP!",
        "artist": "UP^2",
        "type": "Ending 1",
        "correctCount": 3,
        "startTime": 44,
        "songDuration": 90.768,
        "songNumber": 84,
        "activePlayerCount": 230,
        "LinkVideo": "https://files.catbox.moe/zc6yb6.webm",
        "LinkMp3": "https://files.catbox.moe/s3p5hh.mp3",
        "annId": 179,
        "songDifficulty": 7.680644628420398,
        "vintage": "Summer 1999",
        "correctPlayers": [
            "watashiii",
            "dablackPearl",
            "Zurex"
        ]
    },
    {
        "animeEng": "Smile Down the Runway",
        "animeRomaji": "Runway de Waratte",
        "songName": "Try again",
        "artist": "Yui Mugino",
        "type": "Insert Song",
        "correctCount": 8,
        "startTime": 29,
        "songDuration": 107.16,
        "songNumber": 85,
        "activePlayerCount": 226,
        "LinkVideo": "https://files.catbox.moe/42qezs.webm",
        "LinkMp3": "https://files.catbox.moe/tu7qsx.mp3",
        "annId": 22516,
        "songDifficulty": 11.98155227877789,
        "vintage": "Winter 2020"
    }
]