[
    {
        "animeEng": "Tenchi Universe",
        "animeRomaji": "Tenchi Muyo!",
        "songName": "Tenchi Muyo!",
        "artist": "SONIA",
        "type": "Opening 1",
        "correctCount": 16,
        "startTime": 46,
        "songDuration": 82.224,
        "songNumber": 1,
        "activePlayerCount": 233,
        "LinkVideo": "https://files.catbox.moe/ebrhx1.webm",
        "LinkMp3": "https://files.catbox.moe/6e79ro.mp3",
        "annId": 272
    },
    {
        "animeEng": "Gankutsuou",
        "animeRomaji": "Gankutsuou: The Count of Monte Cristo",
        "songName": "We Were Lovers",
        "artist": "Jean-Jacques Burnel",
        "type": "Ending 2",
        "correctCount": 63,
        "startTime": 153,
        "songDuration": 195.836634,
        "songNumber": 2,
        "activePlayerCount": 233,
        "LinkVideo": "https://files.catbox.moe/156gr7.webm",
        "LinkMp3": "https://files.catbox.moe/tcw79r.mp3",
        "annId": 4194
    },
    {
        "animeEng": "The Story of Young Hanada",
        "animeRomaji": "Hanada Sh\u014dnen-shi",
        "songName": "The One",
        "artist": "BACKSTREET BOYS",
        "type": "Opening 1",
        "correctCount": 23,
        "startTime": 20,
        "songDuration": 79.045172,
        "songNumber": 3,
        "activePlayerCount": 231,
        "LinkVideo": "https://files.catbox.moe/0ypirx.webm",
        "LinkMp3": "https://files.catbox.moe/ubmu14.mp3",
        "annId": 1823
    },
    {
        "animeEng": "Yawaraka Sangokushi Tsukisase!! Ryofuko-chan",
        "animeRomaji": "Yawaraka Sangokushi Tsukisase!! Ryofuko-chan",
        "songName": "Anata to Setsuzoku\u2606",
        "artist": "Natsuko Aso",
        "type": "Ending 2",
        "correctCount": 4,
        "startTime": 30,
        "songDuration": 89.256,
        "songNumber": 4,
        "activePlayerCount": 229,
        "LinkVideo": "https://files.catbox.moe/vr9z3g.webm",
        "LinkMp3": "https://files.catbox.moe/ews31g.mp3",
        "annId": 8448,
        "correctPlayers": [
            "Kiriverter",
            "Rejax",
            "DrLolipantsu",
            "ozsauce"
        ]
    },
    {
        "animeEng": "Eiga Crayon Shin-chan: Ora no Hikkoshi Monogatari ~Saboten Daish\u016bgeki",
        "animeRomaji": "Eiga Crayon Shin-chan: Ora no Hikkoshi Monogatari ~Saboten Daish\u016bgeki",
        "songName": "OLA!!",
        "artist": "Yuzu",
        "type": "Ending 1",
        "correctCount": 10,
        "startTime": 130,
        "songDuration": 186.12,
        "songNumber": 5,
        "activePlayerCount": 229,
        "LinkVideo": "https://files.catbox.moe/i9vyrj.webm",
        "LinkMp3": "https://files.catbox.moe/itz1xr.mp3",
        "annId": 16755
    },
    {
        "animeEng": "Engaged to the Unidentified",
        "animeRomaji": "Mikakunin de Shink\u014dkei",
        "songName": "Tomadoi\u2192Recipe",
        "artist": "Mikakuning!",
        "type": "Opening 1",
        "correctCount": 120,
        "startTime": 55,
        "songDuration": 90.096,
        "songNumber": 6,
        "activePlayerCount": 230,
        "LinkVideo": "https://files.catbox.moe/3atfa3.webm",
        "LinkMp3": "https://files.catbox.moe/jkwk0z.mp3",
        "annId": 15618
    },
    {
        "animeEng": "Infini-T Force",
        "animeRomaji": "Infini-T Force",
        "songName": "To be continued...",
        "artist": "flumpool",
        "type": "Opening 1",
        "correctCount": 9,
        "startTime": 32,
        "songDuration": 84,
        "songNumber": 7,
        "activePlayerCount": 227,
        "LinkVideo": "https://files.catbox.moe/vfxb7a.webm",
        "LinkMp3": "https://files.catbox.moe/y43jhe.mp3",
        "annId": 19401
    },
    {
        "animeEng": "Kanamemo",
        "animeRomaji": "Kanamemo",
        "songName": "Natsu wa Yappari Pool Desho\u266a",
        "artist": "Ry\u014d Hirohashi, Aya End\u014d, Eri Kitamura",
        "type": "Insert Song",
        "correctCount": 9,
        "startTime": 1,
        "songDuration": 39.36,
        "songNumber": 8,
        "activePlayerCount": 227,
        "LinkVideo": "https://files.catbox.moe/aonanm.webm",
        "LinkMp3": "https://files.catbox.moe/jeal8b.mp3",
        "annId": 10644
    },
    {
        "animeEng": "Gegege no Kitar\u014d: Y\u014dkai Daisens\u014d",
        "animeRomaji": "Gegege no Kitar\u014d: Y\u014dkai Daisens\u014d",
        "songName": "Gegege no Kitaro",
        "artist": "Ikuzo Yoshi",
        "type": "Opening 1",
        "correctCount": 200,
        "startTime": 48,
        "songDuration": 87.984,
        "songNumber": 9,
        "activePlayerCount": 227,
        "LinkVideo": "https://files.catbox.moe/jt1a2u.webm",
        "LinkMp3": "https://files.catbox.moe/t0ob8y.mp3",
        "annId": 3857
    },
    {
        "animeEng": "When They Cry",
        "animeRomaji": "Higurashi no Naku Koro ni",
        "songName": "why, or why not",
        "artist": "Rekka Katakiri",
        "type": "Ending 1",
        "correctCount": 105,
        "startTime": 19,
        "songDuration": 89.736,
        "songNumber": 10,
        "activePlayerCount": 227,
        "LinkVideo": "https://files.catbox.moe/69phlq.webm",
        "LinkMp3": "https://files.catbox.moe/6f66qv.mp3",
        "annId": 6134
    },
    {
        "animeEng": "Ichigo 100%",
        "animeRomaji": "Ichigo 100%",
        "songName": "Kimi-iro 100%",
        "artist": "Nana Mizuki, Megumi Toyoguchi, Sanae Kobayashi, Mamiko Noto",
        "type": "Opening 1",
        "correctCount": 20,
        "startTime": 3,
        "songDuration": 101.136,
        "songNumber": 11,
        "activePlayerCount": 226,
        "LinkVideo": "https://files.catbox.moe/7fvnlj.webm",
        "LinkMp3": "https://files.catbox.moe/zllviv.mp3",
        "annId": 7003
    },
    {
        "animeEng": "Psychic Squad",
        "animeRomaji": "Zettai Karen Children",
        "songName": "S\u014dshunfu",
        "artist": "The Children",
        "type": "Ending 4",
        "correctCount": 3,
        "startTime": 1,
        "songDuration": 88.656,
        "songNumber": 12,
        "activePlayerCount": 227,
        "LinkVideo": "https://files.catbox.moe/hh2j0d.webm",
        "LinkMp3": "https://files.catbox.moe/qpnmfi.mp3",
        "annId": 9177,
        "correctPlayers": [
            "klusty",
            "sukisho",
            "wtas"
        ]
    },
    {
        "animeEng": "Pan de Peace!",
        "animeRomaji": "Pan de Peace!",
        "songName": "Seishun wa Tabemono desu",
        "artist": "petit milady",
        "type": "Opening 1",
        "correctCount": 91,
        "startTime": 0,
        "songDuration": 28.944,
        "songNumber": 13,
        "activePlayerCount": 225,
        "LinkVideo": "https://files.catbox.moe/sticfr.webm",
        "LinkMp3": "https://files.catbox.moe/19plv3.mp3",
        "annId": 18002
    },
    {
        "animeEng": "El-Hazard: The Alternative World",
        "animeRomaji": "Ijigen no Sekai El Hazard",
        "songName": "Kami-sama ga Kureta Hi",
        "artist": "Sora Izumikawa",
        "type": "Ending 1",
        "correctCount": 1,
        "startTime": 45,
        "songDuration": 97.56,
        "songNumber": 14,
        "activePlayerCount": 225,
        "LinkVideo": "https://files.catbox.moe/cyca1k.webm",
        "LinkMp3": "https://files.catbox.moe/hbdvys.mp3",
        "annId": 598,
        "correctPlayers": [
            "Haruhi"
        ]
    },
    {
        "animeEng": "GRANBELM",
        "animeRomaji": "GRANBELM",
        "songName": "Utakata",
        "artist": "Yukari Tamura",
        "type": "Insert Song",
        "correctCount": 21,
        "startTime": 15,
        "songDuration": 70.8,
        "songNumber": 15,
        "activePlayerCount": 224,
        "LinkVideo": "https://files.catbox.moe/zv5ame.webm",
        "LinkMp3": "https://files.catbox.moe/zn1mo5.mp3",
        "annId": 21873
    },
    {
        "animeEng": "JoJo's Bizarre Adventure: Diamond Is Unbreakable",
        "animeRomaji": "JoJo no Kimy\u014d na B\u014dken: Diamond wa Kudakenai",
        "songName": "I Want You",
        "artist": "Savage Garden",
        "type": "Ending 1",
        "correctCount": 121,
        "startTime": 29,
        "songDuration": 68.440792,
        "songNumber": 16,
        "activePlayerCount": 224,
        "LinkVideo": "https://files.catbox.moe/49gj2y.webm",
        "LinkMp3": "https://files.catbox.moe/8l9d04.mp3",
        "annId": 17832
    },
    {
        "animeEng": "Seny\u016b.",
        "animeRomaji": "Seny\u016b.",
        "songName": "THE MONSTERS",
        "artist": "JAM Project",
        "type": "Opening 1",
        "correctCount": 42,
        "startTime": 34,
        "songDuration": 88.396848,
        "songNumber": 17,
        "activePlayerCount": 224,
        "LinkVideo": "https://files.catbox.moe/okcllg.webm",
        "LinkMp3": "https://files.catbox.moe/mbeuu2.mp3",
        "annId": 14841
    },
    {
        "animeEng": "Gintama: Shiroyasha K\u014dtan",
        "animeRomaji": "Gintama: Shiroyasha K\u014dtan",
        "songName": "We Are!",
        "artist": "Hiroshi Kitadani",
        "type": "Ending 1",
        "correctCount": 198,
        "startTime": 0,
        "songDuration": 27.696,
        "songNumber": 18,
        "activePlayerCount": 223,
        "LinkVideo": "https://files.catbox.moe/kh1pvl.webm",
        "LinkMp3": "https://files.catbox.moe/krkson.mp3",
        "annId": 23119
    },
    {
        "animeEng": "Tantei Opera Milky Holmes Summer Special",
        "animeRomaji": "Tantei Opera Milky Holmes SS (Summer Special)",
        "songName": "Kokoro no Eden",
        "artist": "Yoshino Nanj\u014d",
        "type": "Insert Song",
        "correctCount": 9,
        "startTime": 15,
        "songDuration": 106.104,
        "songNumber": 19,
        "activePlayerCount": 223,
        "LinkVideo": "https://files.catbox.moe/uajg0w.webm",
        "LinkMp3": "https://files.catbox.moe/m49gq3.mp3",
        "annId": 15116
    },
    {
        "animeEng": "Attack on Titan: Lost Girls",
        "animeRomaji": "Shingeki no Kyojin: Lost Girls",
        "songName": "Utsukushiki Zankoku na Sekai",
        "artist": "Y\u014dko Hikasa",
        "type": "Ending 2",
        "correctCount": 127,
        "startTime": 17,
        "songDuration": 88.896,
        "songNumber": 20,
        "activePlayerCount": 222,
        "LinkVideo": "https://files.catbox.moe/ffzbka.webm",
        "LinkMp3": "https://files.catbox.moe/p6rxj3.mp3",
        "annId": 20810
    },
    {
        "animeEng": "Mobile Suit Gundam Twilight AXIS",
        "animeRomaji": "Kid\u014d Senshi Gundam Twilight Axis",
        "songName": "Let go",
        "artist": "Mayu Wakisaka",
        "type": "Insert Song",
        "correctCount": 13,
        "startTime": 3,
        "songDuration": 82.752,
        "songNumber": 21,
        "activePlayerCount": 222,
        "LinkVideo": "https://files.catbox.moe/cb733s.webm",
        "LinkMp3": "https://files.catbox.moe/870hex.mp3",
        "annId": 19396
    },
    {
        "animeEng": "Hidamari Sketch \u00d7 Hoshimittsu",
        "animeRomaji": "Hidamari Sketch \u00d7 Hoshimittsu",
        "songName": "Sakura Sakura Saku ~Ano Hi Kimi o Matsu Sora to Onaji de~",
        "artist": "marble",
        "type": "Ending 1",
        "correctCount": 16,
        "startTime": 23,
        "songDuration": 89.448,
        "songNumber": 22,
        "activePlayerCount": 223,
        "LinkVideo": "https://files.catbox.moe/zjvpa6.webm",
        "LinkMp3": "https://files.catbox.moe/n6epx4.mp3",
        "annId": 13330
    },
    {
        "animeEng": "Initial D: Fifth Stage",
        "animeRomaji": "Initial D: Fifth Stage",
        "songName": "GAS GAS GAS",
        "artist": "MANUEL",
        "type": "Insert Song",
        "correctCount": 61,
        "startTime": 138,
        "songDuration": 181.704632,
        "songNumber": 23,
        "activePlayerCount": 223,
        "LinkVideo": "https://files.catbox.moe/6a7uiq.webm",
        "LinkMp3": "https://files.catbox.moe/ai9lud.mp3",
        "annId": 14572
    },
    {
        "animeEng": "Ky\u014ds\u014dgiga Dainidan",
        "animeRomaji": "Ky\u014ds\u014dgiga Dainidan",
        "songName": "Kuro Usagi o Otte",
        "artist": "Go Shiina",
        "type": "Ending 1",
        "correctCount": 4,
        "startTime": 4,
        "songDuration": 46.416,
        "songNumber": 24,
        "activePlayerCount": 223,
        "LinkVideo": "https://files.catbox.moe/wo45ue.webm",
        "LinkMp3": "https://files.catbox.moe/yrfjjk.mp3",
        "annId": 14964,
        "correctPlayers": [
            "Fluochy",
            "oniH",
            "watashiii",
            "ozsauce"
        ]
    },
    {
        "animeEng": "Doraemon: Nobita's Space Story",
        "animeRomaji": "Doraemon: Nobita no Uch\u016b Kaitakushi",
        "songName": "Boku Doraemon",
        "artist": "Nobuyo Oyama, Koorogi '73",
        "type": "Opening 1",
        "correctCount": 201,
        "startTime": 2,
        "songDuration": 44.712,
        "songNumber": 25,
        "activePlayerCount": 221,
        "LinkVideo": "https://files.catbox.moe/bfmgn6.webm",
        "LinkMp3": "https://files.catbox.moe/xtfkut.mp3",
        "annId": 1894
    },
    {
        "animeEng": "Hozuki's Coolheadedness",
        "animeRomaji": "H\u014dzuki no Reitetsu",
        "songName": "Dai! Jigoku Jigobushi",
        "artist": "Jigoku no Sata All Stars",
        "type": "Opening 1",
        "correctCount": 147,
        "startTime": 13,
        "songDuration": 89.016,
        "songNumber": 26,
        "activePlayerCount": 221,
        "LinkVideo": "https://files.catbox.moe/hygy55.webm",
        "LinkMp3": "https://files.catbox.moe/e9b9ep.mp3",
        "annId": 19364
    },
    {
        "animeEng": "One Punch Man",
        "animeRomaji": "One Punch Man",
        "songName": "Hoshi yori Saki ni Mitsukete Ageru",
        "artist": "Hiroko Moriguchi",
        "type": "Ending 1",
        "correctCount": 128,
        "startTime": 12,
        "songDuration": 87.648,
        "songNumber": 27,
        "activePlayerCount": 220,
        "LinkVideo": "https://files.catbox.moe/e9b1v8.webm",
        "LinkMp3": "https://files.catbox.moe/a1ps5w.mp3",
        "annId": 16840
    },
    {
        "animeEng": "The Irresponsible Captain Tylor",
        "animeRomaji": "Musekinin Kanch\u014d Tylor",
        "songName": "Sen-oku K\u014dnen Tsunaide",
        "artist": "Mari Sasaki",
        "type": "Ending 1",
        "correctCount": 0,
        "startTime": 6,
        "songDuration": 155.112436,
        "songNumber": 28,
        "activePlayerCount": 221,
        "LinkVideo": "https://files.catbox.moe/4b5g2n.webm",
        "LinkMp3": "https://files.catbox.moe/jsi1qk.mp3",
        "annId": 87
    },
    {
        "animeEng": "Yuki Yuna is a Hero: The Hero Chapter",
        "animeRomaji": "Y\u016bki Y\u016bna wa Y\u016bsha de Aru: Y\u016bsha no Sh\u014d",
        "songName": "Yuugao",
        "artist": "Emi Evans",
        "type": "Insert Song",
        "correctCount": 39,
        "startTime": 6,
        "songDuration": 53.341124,
        "songNumber": 29,
        "activePlayerCount": 221,
        "LinkVideo": "https://files.catbox.moe/krkh1y.webm",
        "LinkMp3": "https://files.catbox.moe/43va5s.mp3",
        "annId": 20285
    },
    {
        "animeEng": "Magical Girl Lyrical Nanoha A's",
        "animeRomaji": "Mah\u014d Sh\u014djo Lyrical Nanoha A's",
        "songName": "ETERNAL BLAZE",
        "artist": "Nana Mizuki",
        "type": "Opening 1",
        "correctCount": 67,
        "startTime": 70,
        "songDuration": 106.056,
        "songNumber": 30,
        "activePlayerCount": 220,
        "LinkVideo": "https://files.catbox.moe/i1i7z0.webm",
        "LinkMp3": "https://files.catbox.moe/a0tl4q.mp3",
        "annId": 5770
    },
    {
        "animeEng": "Strike The Blood: Kieta Seis\u014d-hen",
        "animeRomaji": "Strike The Blood: Kieta Seis\u014d-hen",
        "songName": "Akatsuki no Kaleido Blood",
        "artist": "Kishida Ky\u014ddan &THE Akeboshi Rockets",
        "type": "Ending 2",
        "correctCount": 49,
        "startTime": 3,
        "songDuration": 89.016,
        "songNumber": 31,
        "activePlayerCount": 220,
        "LinkVideo": "https://files.catbox.moe/2okyou.webm",
        "LinkMp3": "https://files.catbox.moe/i5yy7v.mp3",
        "annId": 23018
    },
    {
        "animeEng": "Oreshura",
        "animeRomaji": "Ore no Kanojo to Osananajimi ga Shuraba Sugiru",
        "songName": "Girlish Lover",
        "artist": "Mizukara o Enshutsu Suru Otome no Kai",
        "type": "Opening 1",
        "correctCount": 116,
        "startTime": 28,
        "songDuration": 91.056,
        "songNumber": 32,
        "activePlayerCount": 219,
        "LinkVideo": "https://files.catbox.moe/ztwgq1.webm",
        "LinkMp3": "https://files.catbox.moe/4q5nwm.mp3",
        "annId": 14450
    },
    {
        "animeEng": "Hakuoki: Demon of the Fleeting Blossom - Dawn of the Shinsengumi",
        "animeRomaji": "Haku\u014dki Reimeiroku",
        "songName": "reimei",
        "artist": "Maon Kurosaki",
        "type": "Opening 1",
        "correctCount": 13,
        "startTime": 39,
        "songDuration": 89.311118,
        "songNumber": 33,
        "activePlayerCount": 219,
        "LinkVideo": "https://files.catbox.moe/of2xia.webm",
        "LinkMp3": "https://files.catbox.moe/7oy161.mp3",
        "annId": 14088
    },
    {
        "animeEng": "One Piece Episode of East Blue: Luffy to 4-nin no Nakama no Daib\u014dken",
        "animeRomaji": "One Piece Episode of East Blue: Luffy to 4-nin no Nakama no Daib\u014dken",
        "songName": "We Are! for the new world ~With 100 Friends~",
        "artist": "Hiroshi Kitadani with 100 Friends",
        "type": "Ending 1",
        "correctCount": 24,
        "startTime": 16,
        "songDuration": 81.552884,
        "songNumber": 34,
        "activePlayerCount": 219,
        "LinkVideo": "https://files.catbox.moe/rr91em.webm",
        "LinkMp3": "https://files.catbox.moe/ntx1xq.mp3",
        "annId": 19806
    },
    {
        "animeEng": "Shugo Chara! Party!",
        "animeRomaji": "Shugo Chara! Party!",
        "songName": "Kokoro no Tamago",
        "artist": "Buono!",
        "type": "Insert Song",
        "correctCount": 49,
        "startTime": 21,
        "songDuration": 58.944,
        "songNumber": 35,
        "activePlayerCount": 218,
        "LinkVideo": "https://files.catbox.moe/rm4m3t.webm",
        "LinkMp3": "https://files.catbox.moe/pq9b0x.mp3",
        "annId": 11104
    },
    {
        "animeEng": "Azuki-chan",
        "animeRomaji": "Azuki-chan",
        "songName": "Suteki na Kimi",
        "artist": "RAZZ MA TAZZ",
        "type": "Opening 1",
        "correctCount": 13,
        "startTime": 20,
        "songDuration": 66.84,
        "songNumber": 36,
        "activePlayerCount": 217,
        "LinkVideo": "https://files.catbox.moe/pptf1u.webm",
        "LinkMp3": "https://files.catbox.moe/mo0d1u.mp3",
        "annId": 1189
    },
    {
        "animeEng": "Bio Armor Ryger",
        "animeRomaji": "Jushin Liger",
        "songName": "Hangyaku no Senshi ~Ryuudoruku no Theme~",
        "artist": "Yumi Hiroki",
        "type": "Ending 2",
        "correctCount": 3,
        "startTime": 24,
        "songDuration": 59.04,
        "songNumber": 37,
        "activePlayerCount": 217,
        "LinkVideo": "https://files.catbox.moe/a2sfm8.webm",
        "LinkMp3": "https://files.catbox.moe/inkg1c.mp3",
        "annId": 138,
        "correctPlayers": [
            "Catisam",
            "EruisKawaii",
            "Black_Flame"
        ]
    },
    {
        "animeEng": "Akubi-chan",
        "animeRomaji": "Yobarete Tobidete Akubi-chan",
        "songName": "Miracle DAYS",
        "artist": "C.E.O.",
        "type": "Opening 1",
        "correctCount": 3,
        "startTime": 3,
        "songDuration": 89.284996,
        "songNumber": 38,
        "activePlayerCount": 216,
        "LinkVideo": "https://files.catbox.moe/8s5vj9.webm",
        "LinkMp3": "https://files.catbox.moe/bpsly6.mp3",
        "annId": 2080,
        "correctPlayers": [
            "klusty",
            "Catisam",
            "ozsauce"
        ]
    },
    {
        "animeEng": "Love Live! School idol project",
        "animeRomaji": "Love Live! School idol project",
        "songName": "Kitto Seishun ga Kikoeru",
        "artist": "Aya Uchida",
        "type": "Ending 8",
        "correctCount": 119,
        "startTime": 63,
        "songDuration": 98.064,
        "songNumber": 39,
        "activePlayerCount": 216,
        "LinkVideo": "https://files.catbox.moe/qaxsah.webm",
        "LinkMp3": "https://files.catbox.moe/9taoby.mp3",
        "annId": 14062
    },
    {
        "animeEng": "Blood Blockade Battlefront",
        "animeRomaji": "Kekkai Sensen",
        "songName": "Hello, world!",
        "artist": "BUMP OF CHICKEN",
        "type": "Opening 1",
        "correctCount": 142,
        "startTime": 55,
        "songDuration": 90.096,
        "songNumber": 40,
        "activePlayerCount": 216,
        "LinkVideo": "https://files.catbox.moe/2b30ol.webm",
        "LinkMp3": "https://files.catbox.moe/2x3viz.mp3",
        "annId": 16340
    },
    {
        "animeEng": "Colorful",
        "animeRomaji": "Colorful",
        "songName": "Boku no Taion wa 37.5C",
        "artist": "Yuko Miyamura",
        "type": "Opening 1",
        "correctCount": 51,
        "startTime": 0,
        "songDuration": 59.256,
        "songNumber": 41,
        "activePlayerCount": 215,
        "LinkVideo": "https://files.catbox.moe/hwffzg.webm",
        "LinkMp3": "https://files.catbox.moe/qzqin3.mp3",
        "annId": 1032
    },
    {
        "animeEng": "Lupin III: Farewell to Nostradamus",
        "animeRomaji": "Lupin Sansei: Kutabare! Nostradamus",
        "songName": "Ai no Tsuzuki",
        "artist": "Iori Sokagami",
        "type": "Ending 1",
        "correctCount": 3,
        "startTime": 104,
        "songDuration": 185.04,
        "songNumber": 42,
        "activePlayerCount": 214,
        "LinkVideo": "https://files.catbox.moe/ctss77.webm",
        "LinkMp3": "https://files.catbox.moe/c96iyr.mp3",
        "annId": 2098,
        "correctPlayers": [
            "Janoxx",
            "EruisKawaii",
            "Mashiro79"
        ]
    },
    {
        "animeEng": "Dragon Ball: Sleeping Princess in Devil's Castle",
        "animeRomaji": "Dragon Ball: Majin-j\u014d no Nemuri Hime",
        "songName": "Romantic Ageru Yo",
        "artist": "Ushio Hashimoto",
        "type": "Ending 1",
        "correctCount": 86,
        "startTime": 43,
        "songDuration": 93.438394,
        "songNumber": 43,
        "activePlayerCount": 214,
        "LinkVideo": "https://files.catbox.moe/zl86pg.webm",
        "LinkMp3": "https://files.catbox.moe/bsp4em.mp3",
        "annId": 2139
    },
    {
        "animeEng": "Fate/Zero",
        "animeRomaji": "Fate/Zero",
        "songName": "the sword of promised victory ~Fate/Zero ver.",
        "artist": "Eri It\u014d",
        "type": "Insert Song",
        "correctCount": 81,
        "startTime": 55,
        "songDuration": 108.458544,
        "songNumber": 44,
        "activePlayerCount": 214,
        "LinkVideo": "https://files.catbox.moe/8sqmz3.webm",
        "LinkMp3": "https://files.catbox.moe/e4kiuc.mp3",
        "annId": 14122
    },
    {
        "animeEng": "Tales of Zestiria the X",
        "animeRomaji": "Tales of Zestiria the X",
        "songName": "BURN",
        "artist": "FLOW",
        "type": "Insert Song",
        "correctCount": 24,
        "startTime": 7,
        "songDuration": 119.592,
        "songNumber": 45,
        "activePlayerCount": 214,
        "LinkVideo": "https://files.catbox.moe/r4irkw.webm",
        "LinkMp3": "https://files.catbox.moe/7w1k2c.mp3",
        "annId": 18072
    },
    {
        "animeEng": "Gauche the Cellist",
        "animeRomaji": "Cello-hiki no Gauche",
        "songName": "Hoshi Meguri no Uta",
        "artist": "Jidou Gasshou-dan Tomato",
        "type": "Opening 1",
        "correctCount": 25,
        "startTime": 0,
        "songDuration": 57.072,
        "songNumber": 46,
        "activePlayerCount": 214,
        "LinkVideo": "https://files.catbox.moe/5zhi4b.webm",
        "LinkMp3": "https://files.catbox.moe/y87f22.mp3",
        "annId": 898
    },
    {
        "animeEng": "Macross Frontier",
        "animeRomaji": "Macross Frontier",
        "songName": "TRY AGAIN",
        "artist": "FIRE BOMBER",
        "type": "Insert Song",
        "correctCount": 26,
        "startTime": 20,
        "songDuration": 66.576,
        "songNumber": 47,
        "activePlayerCount": 214,
        "LinkVideo": "https://files.catbox.moe/apeex8.webm",
        "LinkMp3": "https://files.catbox.moe/eje9m2.mp3",
        "annId": 8586
    },
    {
        "animeEng": "Ajin: Demi-Human",
        "animeRomaji": "Ajin",
        "songName": "HOW CLOSE YOU ARE",
        "artist": "Mamoru Miyano",
        "type": "Ending 1",
        "correctCount": 78,
        "startTime": 41,
        "songDuration": 89.088,
        "songNumber": 48,
        "activePlayerCount": 214,
        "LinkVideo": "https://files.catbox.moe/p6az7e.webm",
        "LinkMp3": "https://files.catbox.moe/pcaml1.mp3",
        "annId": 17676
    },
    {
        "animeEng": "Phantasy Star Online 2 Comic",
        "animeRomaji": "Puso ni Comi",
        "songName": "Ni Co\u2606mmunication",
        "artist": "Amane + Beat Mario (COOL&CREATE)",
        "type": "Opening 1",
        "correctCount": 60,
        "startTime": 0,
        "songDuration": 20.016,
        "songNumber": 49,
        "activePlayerCount": 212,
        "LinkVideo": "https://files.catbox.moe/73h03v.webm",
        "LinkMp3": "https://files.catbox.moe/tqzwxx.mp3",
        "annId": 22969
    },
    {
        "animeEng": "Kojiro of the Fuma: Yasha Chapter",
        "animeRomaji": "Fuma no Kojirou: Yasha-hen",
        "songName": "GOOD-BYE MARRY",
        "artist": "NIGHT HAWKS",
        "type": "Ending 1",
        "correctCount": 2,
        "startTime": 45,
        "songDuration": 106.992,
        "songNumber": 50,
        "activePlayerCount": 212,
        "LinkVideo": "https://files.catbox.moe/veqptu.webm",
        "LinkMp3": "https://files.catbox.moe/ma958q.mp3",
        "annId": 6574,
        "correctPlayers": [
            "pitagor2",
            "ozsauce"
        ]
    },
    {
        "animeEng": "Tomorrow's Joe Movie",
        "animeRomaji": "Ashita no Joe Movie",
        "songName": "Ashita no Joe ~Utsukushiki Okami Tachi~",
        "artist": "Takeshi Obo",
        "type": "Opening 1",
        "correctCount": 4,
        "startTime": 42,
        "songDuration": 99.504,
        "songNumber": 51,
        "activePlayerCount": 212,
        "LinkVideo": "https://files.catbox.moe/38phar.webm",
        "LinkMp3": "https://files.catbox.moe/9q46yk.mp3",
        "annId": 3475,
        "correctPlayers": [
            "Hooman",
            "klusty",
            "gaaw",
            "Akasami"
        ]
    },
    {
        "animeEng": "Extra Olympia Kyklos",
        "animeRomaji": "Bessatsu Olympia Kyklos",
        "songName": "Yume no Market",
        "artist": "Akihito Hayashi",
        "type": "Ending 15",
        "correctCount": 95,
        "startTime": 12,
        "songDuration": 52.416,
        "songNumber": 52,
        "activePlayerCount": 211,
        "LinkVideo": "https://files.catbox.moe/ttoyl7.webm",
        "LinkMp3": "https://files.catbox.moe/g4t8cf.mp3",
        "annId": 23035
    },
    {
        "animeEng": "CESTVS: The Roman Fighter",
        "animeRomaji": "CESTVS: The Roman Fighter",
        "songName": "Endeavour",
        "artist": "Dragon Ash",
        "type": "Opening 1",
        "correctCount": 16,
        "startTime": 45,
        "songDuration": 86.448,
        "songNumber": 53,
        "activePlayerCount": 209,
        "LinkVideo": "https://files.catbox.moe/5hegye.webm",
        "LinkMp3": "https://files.catbox.moe/88w696.mp3",
        "annId": 24017
    },
    {
        "animeEng": "Assassination Classroom",
        "animeRomaji": "Ansatsu Ky\u014dshitsu",
        "songName": "Seishun Satsubatsuron",
        "artist": "3-nen E-gumi Shuugakuryokou 4-han",
        "type": "Opening 2",
        "correctCount": 171,
        "startTime": 24,
        "songDuration": 87.888,
        "songNumber": 54,
        "activePlayerCount": 209,
        "LinkVideo": "https://files.catbox.moe/qviczi.webm",
        "LinkMp3": "https://files.catbox.moe/ufni20.mp3",
        "annId": 16142
    },
    {
        "animeEng": "Dragon Ball Z: The History Of Trunks",
        "animeRomaji": "Dragon Ball Z: Zetsub\u014d e no Hank\u014d!! Nokosareta Ch\u014d Senshi - Gohan to Trunks",
        "songName": "CHA-LA HEAD-CHA-LA",
        "artist": "Hironobu Kageyama",
        "type": "Opening 1",
        "correctCount": 198,
        "startTime": 5,
        "songDuration": 107.074078,
        "songNumber": 55,
        "activePlayerCount": 210,
        "LinkVideo": "https://files.catbox.moe/al9o96.webm",
        "LinkMp3": "https://files.catbox.moe/ewehoa.mp3",
        "annId": 133
    },
    {
        "animeEng": "Katsugeki Sh\u014djo Tantei-dan",
        "animeRomaji": "Katsugeki Sh\u014djo Tantei-dan",
        "songName": "Tenshi no Montage",
        "artist": "TARAKO, Yuriko Yamamoto, Masako Miura",
        "type": "Opening 1",
        "correctCount": 5,
        "startTime": 26,
        "songDuration": 90.36,
        "songNumber": 56,
        "activePlayerCount": 211,
        "LinkVideo": "https://files.catbox.moe/9w2zl4.webm",
        "LinkMp3": "https://files.catbox.moe/cs9xc3.mp3",
        "annId": 7076,
        "correctPlayers": [
            "unyuhoreiuji",
            "pepis",
            "Zurer",
            "EruisKawaii",
            "ozsauce"
        ]
    },
    {
        "animeEng": "Shigurui: Death Frenzy",
        "animeRomaji": "Shigurui",
        "songName": "Shigurui ~Opening Theme",
        "artist": "Kiyoshi Yoshida",
        "type": "Opening 1",
        "correctCount": 30,
        "startTime": 12,
        "songDuration": 88.536,
        "songNumber": 57,
        "activePlayerCount": 210,
        "LinkVideo": "https://files.catbox.moe/zigjsp.webm",
        "LinkMp3": "https://files.catbox.moe/7jn7qt.mp3",
        "annId": 7811
    },
    {
        "animeEng": "Shuffle!",
        "animeRomaji": "Shuffle!",
        "songName": "innocence",
        "artist": "Miyuki Hashimoto",
        "type": "Ending 1",
        "correctCount": 17,
        "startTime": 45,
        "songDuration": 90.096,
        "songNumber": 58,
        "activePlayerCount": 211,
        "LinkVideo": "https://files.catbox.moe/sphm89.webm",
        "LinkMp3": "https://files.catbox.moe/mjh406.mp3",
        "annId": 5375
    },
    {
        "animeEng": "MoonPhase",
        "animeRomaji": "Tsukuyomi -Moon Phase-",
        "songName": "Tsuku Yomi Mode",
        "artist": "Dimitri From Paris Voice Chiwa Saito",
        "type": "Opening 2",
        "correctCount": 100,
        "startTime": 3,
        "songDuration": 88.824,
        "songNumber": 59,
        "activePlayerCount": 211,
        "LinkVideo": "https://files.catbox.moe/7jpr2w.webm",
        "LinkMp3": "https://files.catbox.moe/czckgb.mp3",
        "annId": 4311
    },
    {
        "animeEng": "Lupin III: Green vs Red",
        "animeRomaji": "Lupin Sansei: Green vs Red",
        "songName": "Honoo no Takaramono",
        "artist": "Miki Imai",
        "type": "Opening 1",
        "correctCount": 20,
        "startTime": 69,
        "songDuration": 119.76,
        "songNumber": 60,
        "activePlayerCount": 211,
        "LinkVideo": "https://files.catbox.moe/tqscej.webm",
        "LinkMp3": "https://files.catbox.moe/4ts6nf.mp3",
        "annId": 8868
    },
    {
        "animeEng": "Hatena Illusion",
        "animeRomaji": "Hatena Illusion",
        "songName": "Hikari-iro no Uta",
        "artist": "Aina Suzuki",
        "type": "Ending 1",
        "correctCount": 18,
        "startTime": 53,
        "songDuration": 89.448,
        "songNumber": 61,
        "activePlayerCount": 210,
        "LinkVideo": "https://files.catbox.moe/v3te83.webm",
        "LinkMp3": "https://files.catbox.moe/nzidly.mp3",
        "annId": 22390
    },
    {
        "animeEng": "Kaguya-sama: Love is War Season 2",
        "animeRomaji": "Kaguya-sama wa Kokurasetai?: Tensai-tachi no Renai Zun\u014dsen",
        "songName": "DADDY! DADDY! DO!",
        "artist": "Masayuki Suzuki feat. Airi Suzuki",
        "type": "Opening 1",
        "correctCount": 165,
        "startTime": 5,
        "songDuration": 88.704,
        "songNumber": 62,
        "activePlayerCount": 210,
        "LinkVideo": "https://files.catbox.moe/peucdp.webm",
        "LinkMp3": "https://files.catbox.moe/zhhdh4.mp3",
        "annId": 22587
    },
    {
        "animeEng": "Case Closed The Movie: The Time Bombed Skyscraper",
        "animeRomaji": "Meitantei Conan: Tokei Jikake no Matenr\u014d",
        "songName": "Kimi ga Ireba",
        "artist": "Iori",
        "type": "Insert Song",
        "correctCount": 149,
        "startTime": 24,
        "songDuration": 80.304,
        "songNumber": 63,
        "activePlayerCount": 211,
        "LinkVideo": "https://files.catbox.moe/o4diqh.webm",
        "LinkMp3": "https://files.catbox.moe/4ocyt0.mp3",
        "annId": 2679
    },
    {
        "animeEng": "Hybrid x Heart Magias Academy Ataraxia",
        "animeRomaji": "Mas\u014d Gakuen H\u00d7H",
        "songName": "miele paradiso",
        "artist": "Iori Nomizu",
        "type": "Opening 1",
        "correctCount": 80,
        "startTime": 7,
        "songDuration": 87.984,
        "songNumber": 64,
        "activePlayerCount": 212,
        "LinkVideo": "https://files.catbox.moe/v34115.webm",
        "LinkMp3": "https://files.catbox.moe/esjgag.mp3",
        "annId": 18036
    },
    {
        "animeEng": "Cybuster",
        "animeRomaji": "Masou Kishin Cybuster",
        "songName": "nothing",
        "artist": "SEE-SEE",
        "type": "Ending 1",
        "correctCount": 1,
        "startTime": 2,
        "songDuration": 79.464,
        "songNumber": 65,
        "activePlayerCount": 212,
        "LinkVideo": "https://files.catbox.moe/3nfhjr.webm",
        "LinkMp3": "https://files.catbox.moe/lzddse.mp3",
        "annId": 4197,
        "correctPlayers": [
            "oniH"
        ]
    },
    {
        "animeEng": "Zoku Owarimonogatari",
        "animeRomaji": "Zoku Owarimonogatari",
        "songName": "07734",
        "artist": "Satoru Kosaki, mito feat. Hiroshi Kamiya",
        "type": "Opening 1",
        "correctCount": 130,
        "startTime": 9,
        "songDuration": 59.544,
        "songNumber": 66,
        "activePlayerCount": 212,
        "LinkVideo": "https://files.catbox.moe/wdwjfb.webm",
        "LinkMp3": "https://files.catbox.moe/ytpeb9.mp3",
        "annId": 21553
    },
    {
        "animeEng": "The Heroic Legend of Arslan: Dust Storm Dance",
        "animeRomaji": "Arslan Senki: F\u016bjin Ranbu",
        "songName": "Tsubasa",
        "artist": "Eir Aoi",
        "type": "Opening 1",
        "correctCount": 63,
        "startTime": 25,
        "songDuration": 86.934016,
        "songNumber": 67,
        "activePlayerCount": 212,
        "LinkVideo": "https://files.catbox.moe/73w7ye.webm",
        "LinkMp3": "https://files.catbox.moe/cnd436.mp3",
        "annId": 18197
    },
    {
        "animeEng": "Coppelion",
        "animeRomaji": "Coppelion",
        "songName": "ANGEL",
        "artist": "angela",
        "type": "Opening 1",
        "correctCount": 37,
        "startTime": 25,
        "songDuration": 88.488,
        "songNumber": 68,
        "activePlayerCount": 212,
        "LinkVideo": "https://files.catbox.moe/ufcd4d.webm",
        "LinkMp3": "https://files.catbox.moe/w4u7sp.mp3",
        "annId": 11859
    },
    {
        "animeEng": "The Chronicles of Rebecca",
        "animeRomaji": "Rebecca",
        "songName": "Egao no Tomo ni",
        "artist": "Kanako Miyamoto",
        "type": "Ending 1",
        "correctCount": 0,
        "startTime": 0,
        "songDuration": 30.24,
        "songNumber": 69,
        "activePlayerCount": 212,
        "LinkVideo": "https://files.catbox.moe/s6krct.webm",
        "LinkMp3": "https://files.catbox.moe/q34jtm.mp3",
        "annId": 23158
    },
    {
        "animeEng": "Mardock Scramble: The Third Exhaust",
        "animeRomaji": "Mardock Scramble: The Third Exhaust",
        "songName": "Tsubasa",
        "artist": "Megumi Hayashibara",
        "type": "Ending 1",
        "correctCount": 4,
        "startTime": 256,
        "songDuration": 349.776,
        "songNumber": 70,
        "activePlayerCount": 212,
        "LinkVideo": "https://files.catbox.moe/9bbf91.webm",
        "LinkMp3": "https://files.catbox.moe/few2wd.mp3",
        "annId": 14360,
        "correctPlayers": [
            "Hooman",
            "EruisKawaii",
            "ozsauce",
            "TowaSamaTenshi"
        ]
    },
    {
        "animeEng": "Orange",
        "animeRomaji": "Orange",
        "songName": "Hikari no Hahen",
        "artist": "Y\u016b Takahashi",
        "type": "Opening 1",
        "correctCount": 128,
        "startTime": 15,
        "songDuration": 89.18525,
        "songNumber": 71,
        "activePlayerCount": 212,
        "LinkVideo": "https://files.catbox.moe/8cm625.webm",
        "LinkMp3": "https://files.catbox.moe/78c3oy.mp3",
        "annId": 18075
    },
    {
        "animeEng": "On Your Mark",
        "animeRomaji": "On Your Mark",
        "songName": "On Your Mark",
        "artist": "Chage & Aska",
        "type": "Insert Song",
        "correctCount": 16,
        "startTime": 56,
        "songDuration": 386.631722,
        "songNumber": 72,
        "activePlayerCount": 212,
        "LinkVideo": "https://files.catbox.moe/9bb12z.webm",
        "LinkMp3": "https://files.catbox.moe/brhy86.mp3",
        "annId": 879
    },
    {
        "animeEng": "Zombie Land Saga",
        "animeRomaji": "Zombie Land Saga",
        "songName": "Mezame RETURNER",
        "artist": "FranChouChou",
        "type": "Insert Song",
        "correctCount": 68,
        "startTime": 38,
        "songDuration": 103.56,
        "songNumber": 73,
        "activePlayerCount": 211,
        "LinkVideo": "https://files.catbox.moe/drt42b.webm",
        "LinkMp3": "https://files.catbox.moe/qjs0fm.mp3",
        "annId": 21363
    },
    {
        "animeEng": "Pandora in the Crimson Shell",
        "animeRomaji": "Pandora in the Crimson Shell: Ghost Urn",
        "songName": "AVENIR",
        "artist": "Youhei Matsui",
        "type": "Insert Song",
        "correctCount": 0,
        "startTime": 7,
        "songDuration": 65.088,
        "songNumber": 74,
        "activePlayerCount": 210,
        "LinkVideo": "https://files.catbox.moe/t0nvzn.webm",
        "LinkMp3": "https://files.catbox.moe/mjhg0w.mp3",
        "annId": 17897
    },
    {
        "animeEng": "Betterman",
        "animeRomaji": "Betterman",
        "songName": "Chin -requiem-",
        "artist": "\u203b-mai-",
        "type": "Ending 1",
        "correctCount": 7,
        "startTime": 47,
        "songDuration": 84.8965,
        "songNumber": 75,
        "activePlayerCount": 208,
        "LinkVideo": "https://files.catbox.moe/3027f7.webm",
        "LinkMp3": "https://files.catbox.moe/8w5pyf.mp3",
        "annId": 350
    }
]