[
    {
        "animeEng": "Tokko",
        "animeRomaji": "Tokko",
        "songName": "Nothing",
        "artist": "dB",
        "type": "Opening 1",
        "correctCount": 29,
        "songDuration": null,
        "songNumber": 23,
        "activePlayerCount": 211,
        "LinkVideo": "https://files.catbox.moe/q8bb1j.webm",
        "LinkMp3": "https://files.catbox.moe/vbj6wp.mp3",
        "annId": 6276
    },
    {
        "animeEng": "Wan Wan Celepoo Soreyuke! Tetsunoshin",
        "animeRomaji": "Wan Wan Celepoo Soreyuke! Tetsunoshin",
        "songName": "Sora no Mukou no Mukou",
        "artist": "Naru Kawamoto",
        "type": "Opening 2",
        "correctCount": 0,
        "songDuration": null,
        "songNumber": 24,
        "activePlayerCount": 209,
        "LinkVideo": "https://files.catbox.moe/u5moyz.webm",
        "LinkMp3": "https://files.catbox.moe/adizw6.mp3",
        "annId": 6203
    },
    {
        "animeEng": "Donten ni Warau Gaiden: \u014cka, Tenb\u014d no Kakehashi",
        "animeRomaji": "Donten ni Warau Gaiden: \u014cka, Tenb\u014d no Kakehashi",
        "songName": "Laughing Under the Clouds",
        "artist": "Future Sunsets",
        "type": "Ending 1",
        "correctCount": 0,
        "songDuration": null,
        "songNumber": 25,
        "activePlayerCount": 209,
        "LinkVideo": "https://files.catbox.moe/jz28b1.webm",
        "LinkMp3": "https://files.catbox.moe/5mi92d.mp3",
        "annId": 23880
    },
    {
        "animeEng": "BONJOUR Sweet Love Patisserie",
        "animeRomaji": "BONJOUR Sweet Love Patisserie",
        "songName": "Bonjour\u266aMagic",
        "artist": "Les*Fleurirs",
        "type": "Opening 1",
        "correctCount": 123,
        "songDuration": null,
        "songNumber": 26,
        "activePlayerCount": 208,
        "LinkVideo": "https://files.catbox.moe/8oloz0.webm",
        "LinkMp3": "https://files.catbox.moe/959z9v.mp3",
        "annId": 16245
    },
    {
        "animeEng": "Lupin III: The Legend of the Gold of Babylon",
        "animeRomaji": "Lupin Sansei: Babylon no \u014cgon Densetsu",
        "songName": "SONG OF BABYLON",
        "artist": "Naoko Kawai",
        "type": "Insert Song",
        "correctCount": 1,
        "songDuration": null,
        "songNumber": 27,
        "activePlayerCount": 207,
        "LinkVideo": "https://files.catbox.moe/r061ds.webm",
        "LinkMp3": "https://files.catbox.moe/r9917b.mp3",
        "annId": 642,
        "correctPlayers": [
            "Stunar"
        ]
    },
    {
        "animeEng": "Tsukimonogatari",
        "animeRomaji": "Tsukimonogatari",
        "songName": "Orange Mint",
        "artist": "Saori Hayami",
        "type": "Opening 1",
        "correctCount": 135,
        "songDuration": null,
        "songNumber": 28,
        "activePlayerCount": 206,
        "LinkVideo": "https://files.catbox.moe/mcavvp.webm",
        "LinkMp3": "https://files.catbox.moe/c203lo.mp3",
        "annId": 16342
    },
    {
        "animeEng": "Kill la Kill",
        "animeRomaji": "Kill la Kill",
        "songName": "Sirius",
        "artist": "Eir Aoi",
        "type": "Ending 1",
        "correctCount": 154,
        "songDuration": null,
        "songNumber": 29,
        "activePlayerCount": 204,
        "LinkVideo": "https://files.catbox.moe/80gqug.webm",
        "LinkMp3": "https://files.catbox.moe/4dfyec.mp3",
        "annId": 23879
    },
    {
        "animeEng": "Rinne no Lagrange: Kamogawa Days",
        "animeRomaji": "Rinne no Lagrange: Kamogawa Days",
        "songName": "Jersey-bu no Uta",
        "artist": "Kaori Ishihara",
        "type": "Insert Song",
        "correctCount": 3,
        "songDuration": null,
        "songNumber": 30,
        "activePlayerCount": 205,
        "LinkVideo": "https://files.catbox.moe/x7pjt7.webm",
        "LinkMp3": "https://files.catbox.moe/3yscdv.mp3",
        "annId": 14181,
        "correctPlayers": [
            "ozsauce",
            "boomermaster68",
            "TKN"
        ]
    },
    {
        "animeEng": "Yuruyuri - Happy Go Lily\u266a\u266a",
        "animeRomaji": "Yuru Yuri\u266a\u266a",
        "songName": "Pure Pure Mirakurun",
        "artist": "Ayana Taketatsu",
        "type": "Insert Song",
        "correctCount": 18,
        "songDuration": null,
        "songNumber": 31,
        "activePlayerCount": 203,
        "LinkVideo": "https://files.catbox.moe/5uh2dt.webm",
        "LinkMp3": "https://files.catbox.moe/wmkoev.mp3",
        "annId": 14317
    },
    {
        "animeEng": "Full Moon o Sagashite",
        "animeRomaji": "Full Moon o Sagashite",
        "songName": "Smile",
        "artist": "Changin' My Life",
        "type": "Insert Song",
        "correctCount": 9,
        "songDuration": null,
        "songNumber": 32,
        "activePlayerCount": 202,
        "LinkVideo": "https://files.catbox.moe/ysd31e.webm",
        "LinkMp3": "https://files.catbox.moe/mypf7r.mp3",
        "annId": 872
    },
    {
        "animeEng": "Dance with Devils: Fortuna",
        "animeRomaji": "Dance with Devils: Fortuna",
        "songName": "Warera Shikou Gakuen Seitokai",
        "artist": "Shikou Gakuen Seitokai",
        "type": "Insert Song",
        "correctCount": 33,
        "songDuration": null,
        "songNumber": 33,
        "activePlayerCount": 202,
        "LinkVideo": "https://files.catbox.moe/znyh4c.webm",
        "LinkMp3": "https://files.catbox.moe/yx135i.mp3",
        "annId": 19742
    },
    {
        "animeEng": "Senran Kagura: Ninja Flash!",
        "animeRomaji": "Senran Kagura",
        "songName": "Break your world",
        "artist": "Sayaka Sasaki",
        "type": "Opening 1",
        "correctCount": 13,
        "songDuration": null,
        "songNumber": 34,
        "activePlayerCount": 201,
        "LinkVideo": "https://files.catbox.moe/guhsxa.webm",
        "LinkMp3": "https://files.catbox.moe/b98jk5.mp3",
        "annId": 14280
    },
    {
        "animeEng": "Baki",
        "animeRomaji": "Baki",
        "songName": "RESOLVE",
        "artist": "Azusa Tadokoro",
        "type": "Ending 1",
        "correctCount": 11,
        "songDuration": null,
        "songNumber": 35,
        "activePlayerCount": 202,
        "LinkVideo": "https://files.catbox.moe/pbpokp.webm",
        "LinkMp3": "https://files.catbox.moe/339uiq.mp3",
        "annId": 19981
    },
    {
        "animeEng": "Zombie Land Saga Revenge",
        "animeRomaji": "Zombie Land Saga Revenge",
        "songName": "50 to 4-tsu no Wasuremono",
        "artist": "Maki Kawase",
        "type": "Insert Song",
        "correctCount": 24,
        "songDuration": null,
        "songNumber": 36,
        "activePlayerCount": 199,
        "LinkVideo": "https://files.catbox.moe/irf18q.webm",
        "LinkMp3": "https://files.catbox.moe/1g76w7.mp3",
        "annId": 24019
    },
    {
        "animeEng": "Hoop Days",
        "animeRomaji": "Dear Boys",
        "songName": "FIGHT FOR LOVE TONIGHT",
        "artist": "ACE WARRIOR",
        "type": "Insert Song",
        "correctCount": 2,
        "songDuration": null,
        "songNumber": 38,
        "activePlayerCount": 200,
        "LinkVideo": "https://files.catbox.moe/6b6oqn.webm",
        "LinkMp3": "https://files.catbox.moe/3iobg7.mp3",
        "annId": 2467,
        "correctPlayers": [
            "unyuhoreiuji",
            "Handre"
        ]
    },
    {
        "animeEng": "Grisaia: Phantom Trigger the Animation Stargazer",
        "animeRomaji": "Grisaia: Phantom Trigger the Animation Stargazer",
        "songName": "Ry\u016brui Ruru Mama",
        "artist": "Yoshino Nanj\u014d",
        "type": "Ending 1",
        "correctCount": 7,
        "songDuration": null,
        "songNumber": 39,
        "activePlayerCount": 200,
        "LinkVideo": "https://files.catbox.moe/eeotme.webm",
        "LinkMp3": "https://files.catbox.moe/ek5nn5.mp3",
        "annId": 23499
    },
    {
        "animeEng": "Kingsglaive: Final Fantasy XV",
        "animeRomaji": "Kingsglaive: Final Fantasy XV",
        "songName": "Calling For Rain",
        "artist": "Hiroo Nakano, Neo Liu, Tu Hua Bing",
        "type": "Insert Song",
        "correctCount": 34,
        "songDuration": null,
        "songNumber": 40,
        "activePlayerCount": 197,
        "LinkVideo": "https://files.catbox.moe/gbgeef.webm",
        "LinkMp3": "https://files.catbox.moe/hmjo05.mp3",
        "annId": 18201
    },
    {
        "animeEng": "Gunbuster",
        "animeRomaji": "Gunbuster",
        "songName": "Active Heart",
        "artist": "Noriko Sakai",
        "type": "Ending 2",
        "correctCount": 35,
        "songDuration": null,
        "songNumber": 41,
        "activePlayerCount": 199,
        "LinkVideo": "https://files.catbox.moe/lqmot5.webm",
        "LinkMp3": "https://files.catbox.moe/b75ye9.mp3",
        "annId": 466
    },
    {
        "animeEng": "Food Wars! The Third Plate",
        "animeRomaji": "Shokugeki no S\u014dma: San no Sara",
        "songName": "Symbol",
        "artist": "Luck Life",
        "type": "Opening 1",
        "correctCount": 133,
        "songDuration": null,
        "songNumber": 42,
        "activePlayerCount": 199,
        "LinkVideo": "https://files.catbox.moe/w7qk2h.webm",
        "LinkMp3": "https://files.catbox.moe/q6la21.mp3",
        "annId": 20599
    },
    {
        "animeEng": "Kurokan",
        "animeRomaji": "Kurokan",
        "songName": "OAOA",
        "artist": "Mayday",
        "type": "Opening 1",
        "correctCount": 10,
        "songDuration": null,
        "songNumber": 43,
        "activePlayerCount": 199,
        "LinkVideo": "https://files.catbox.moe/0ku0b4.webm",
        "LinkMp3": "https://files.catbox.moe/ro0om3.mp3",
        "annId": 22989
    },
    {
        "animeEng": "Hello Spank!",
        "animeRomaji": "Ohay\u014d! Spank",
        "songName": "Ohay\u014d! Spank",
        "artist": "Nozomu Inoue",
        "type": "Opening 1",
        "correctCount": 45,
        "startTime": 15,
        "songDuration": 76.176,
        "songNumber": 44,
        "activePlayerCount": 198,
        "LinkVideo": "https://files.catbox.moe/bggqgp.webm",
        "LinkMp3": "https://files.catbox.moe/xz6qkt.mp3",
        "annId": 1418
    },
    {
        "animeEng": "Patalliro Saiyuki!",
        "animeRomaji": "Patalliro Saiyuki!",
        "songName": "Ajisai Ai Ai Monogatari",
        "artist": "v-u-den",
        "type": "Opening 1",
        "correctCount": 6,
        "songDuration": null,
        "songNumber": 45,
        "activePlayerCount": 199,
        "LinkVideo": "https://files.catbox.moe/wurall.webm",
        "LinkMp3": "https://files.catbox.moe/dx29wg.mp3",
        "annId": 5485
    },
    {
        "animeEng": "Bleach: Memories in the Rain",
        "animeRomaji": "Bleach: Memories in the Rain",
        "songName": "Nothing Can Be Explained",
        "artist": "Mike Wyzgowski",
        "type": "Insert Song",
        "correctCount": 109,
        "startTime": 14,
        "songDuration": 58.224,
        "songNumber": 46,
        "activePlayerCount": 198,
        "LinkVideo": "https://files.catbox.moe/2hubcn.webm",
        "LinkMp3": "https://files.catbox.moe/lomp9b.mp3",
        "annId": 5440
    },
    {
        "animeEng": "Lupin III: Sweet Lost Night",
        "animeRomaji": "Lupin Sansei: Sweet Lost Night - Mah\u014d no Lamp wa Akumu no Yokan",
        "songName": "Yasukyoku",
        "artist": "Tomoyo Harada",
        "type": "Ending 1",
        "correctCount": 1,
        "startTime": 92,
        "songDuration": 159.912,
        "songNumber": 47,
        "activePlayerCount": 199,
        "LinkVideo": "https://files.catbox.moe/57sjun.webm",
        "LinkMp3": "https://files.catbox.moe/24brgx.mp3",
        "annId": 10076,
        "correctPlayers": [
            "oniH"
        ]
    },
    {
        "animeEng": "Battle Spirits: Kakumei no Galette",
        "animeRomaji": "Battle Spirits: Kakumei no Galette",
        "songName": "BREAK THE CHAIN",
        "artist": "Nami Tamaki",
        "type": "Opening 1",
        "correctCount": 7,
        "startTime": 23,
        "songDuration": 88.368,
        "songNumber": 48,
        "activePlayerCount": 200,
        "LinkVideo": "https://files.catbox.moe/ee346n.webm",
        "LinkMp3": "https://files.catbox.moe/c8rpcr.mp3",
        "annId": 23557
    },
    {
        "animeEng": "Show By Rock!! Short!!",
        "animeRomaji": "Show By Rock!! Short!!",
        "songName": "Do Re Mi Fa PARTY",
        "artist": "Plasmagica",
        "type": "Ending 1",
        "correctCount": 22,
        "startTime": 0,
        "songDuration": 30.024,
        "songNumber": 49,
        "activePlayerCount": 200,
        "LinkVideo": "https://files.catbox.moe/5g49zs.webm",
        "LinkMp3": "https://files.catbox.moe/xc4fyv.mp3",
        "annId": 18447
    },
    {
        "animeEng": "Step Up Love Story",
        "animeRomaji": "Futari Ecchi",
        "songName": "Sync",
        "artist": "Sanae Shintani",
        "type": "Ending 1",
        "correctCount": 4,
        "startTime": 41,
        "songDuration": 117.48,
        "songNumber": 50,
        "activePlayerCount": 200,
        "LinkVideo": "https://files.catbox.moe/k4m7s0.webm",
        "LinkMp3": "https://files.catbox.moe/5u0r5q.mp3",
        "annId": 2136,
        "correctPlayers": [
            "ozsauce",
            "gaaw",
            "boomermaster68",
            "Haruhi"
        ]
    },
    {
        "animeEng": "Laughing Under the Clouds",
        "animeRomaji": "Donten ni Warau",
        "songName": "ATTITUDE TO LIFE",
        "artist": "Galneryus",
        "type": "Ending 1",
        "correctCount": 14,
        "startTime": 27,
        "songDuration": 88.736434,
        "songNumber": 51,
        "activePlayerCount": 199,
        "LinkVideo": "https://files.catbox.moe/7gfpp1.webm",
        "LinkMp3": "https://files.catbox.moe/omr537.mp3",
        "annId": 15780
    },
    {
        "animeEng": "The Beast Claw",
        "animeRomaji": "Kemonozume",
        "songName": "Auvers Blue",
        "artist": "Katteni Shiyagare",
        "type": "Opening 1",
        "correctCount": 16,
        "startTime": 31,
        "songDuration": 90.552,
        "songNumber": 52,
        "activePlayerCount": 200,
        "LinkVideo": "https://files.catbox.moe/nsema7.webm",
        "LinkMp3": "https://files.catbox.moe/ed8fle.mp3",
        "annId": 6722
    },
    {
        "animeEng": "Rurouni Kenshin: Trust & Betrayal",
        "animeRomaji": "Rurouni Kenshin: Meiji Kenkaku Romantan - Tsuioku-hen",
        "songName": "Quiet Life",
        "artist": "Taku Iwasaki",
        "type": "Ending 1",
        "correctCount": 11,
        "startTime": 39,
        "songDuration": 89.597,
        "songNumber": 53,
        "activePlayerCount": 199,
        "LinkVideo": "https://files.catbox.moe/sdgrq7.webm",
        "annId": 210
    },
    {
        "animeEng": "Is the Order a Rabbit?? Sing For You",
        "animeRomaji": "Goch\u016bmon wa Usagi Desu ka?? Sing For You",
        "songName": "Gin no Spoon ~Blend of Memory~",
        "artist": "Nana Mizuki, Inori Minase",
        "type": "Ending 1",
        "correctCount": 21,
        "startTime": 61,
        "songDuration": 198.432,
        "songNumber": 54,
        "activePlayerCount": 199,
        "LinkVideo": "https://files.catbox.moe/60r08e.webm",
        "LinkMp3": "https://files.catbox.moe/z91bq8.mp3",
        "annId": 21985
    },
    {
        "animeEng": "Megazone 23 Part II",
        "animeRomaji": "Megazone 23 Part II",
        "songName": "Himitsu Kudasai",
        "artist": "Kumi Miyasato",
        "type": "Insert Song",
        "correctCount": 5,
        "startTime": 80,
        "songDuration": 283.152,
        "songNumber": 55,
        "activePlayerCount": 199,
        "LinkVideo": "https://files.catbox.moe/whz184.webm",
        "LinkMp3": "https://files.catbox.moe/530y9l.mp3",
        "annId": 2402,
        "correctPlayers": [
            "ozsauce",
            "theyingster",
            "darknessjudai",
            "Gimmicks",
            "AlterMang"
        ]
    },
    {
        "animeEng": "Myself; Yourself",
        "animeRomaji": "Myself; Yourself",
        "songName": "Kimi to Yozora to Sakamichi to",
        "artist": "Kanako It\u014d",
        "type": "Ending 1",
        "correctCount": 32,
        "startTime": 0,
        "songDuration": 89.976,
        "songNumber": 56,
        "activePlayerCount": 199,
        "LinkVideo": "https://files.catbox.moe/0afou3.webm",
        "LinkMp3": "https://files.catbox.moe/5d1kp5.mp3",
        "annId": 8507
    },
    {
        "animeEng": "Mobile Suit Gundam Seed Destiny Final Plus: The Chosen Future",
        "animeRomaji": "Mobile Suit Gundam Seed Destiny Final Plus: The Chosen Future",
        "songName": "vestige",
        "artist": "T.M.Revolution",
        "type": "Opening 1",
        "correctCount": 39,
        "startTime": 10,
        "songDuration": 110.064,
        "songNumber": 57,
        "activePlayerCount": 200,
        "LinkVideo": "https://files.catbox.moe/ccxssy.webm",
        "LinkMp3": "https://files.catbox.moe/gpihhf.mp3",
        "annId": 5965
    },
    {
        "animeEng": "To the Abandoned Sacred Beasts",
        "animeRomaji": "Katsute Kami Datta Kemono-tachi e",
        "songName": "Sacrifice",
        "artist": "Mafumafu",
        "type": "Opening 1",
        "correctCount": 60,
        "startTime": 1,
        "songDuration": 88.56,
        "songNumber": 58,
        "activePlayerCount": 199,
        "LinkVideo": "https://files.catbox.moe/g7cldy.webm",
        "LinkMp3": "https://files.catbox.moe/l0xqu4.mp3",
        "annId": 21778
    },
    {
        "animeEng": "Round Vernian Vifam",
        "animeRomaji": "Ginga Hy\u014dry\u016b Vifam",
        "songName": "HELLO,VIFAM",
        "artist": "TAO",
        "type": "Opening 1",
        "correctCount": 16,
        "startTime": 12,
        "songDuration": 88.296,
        "songNumber": 59,
        "activePlayerCount": 200,
        "LinkVideo": "https://files.catbox.moe/mhp1rj.webm",
        "LinkMp3": "https://files.catbox.moe/suzliv.mp3",
        "annId": 2000
    },
    {
        "animeEng": "Wolf Girl & Black Prince",
        "animeRomaji": "\u014ckami Sh\u014djo to Kuro \u014cji",
        "songName": "\u014ckami Heart",
        "artist": "ORESAMA",
        "type": "Ending 1",
        "correctCount": 14,
        "startTime": 51,
        "songDuration": 89.04,
        "songNumber": 60,
        "activePlayerCount": 200,
        "LinkVideo": "https://files.catbox.moe/gdxvtl.webm",
        "LinkMp3": "https://files.catbox.moe/atuuyz.mp3",
        "annId": 16158
    },
    {
        "animeEng": "Pok\u00e9mon XY",
        "animeRomaji": "Pocket Monsters XY",
        "songName": "DoriDori",
        "artist": "Shoko Nakagawa",
        "type": "Insert Song",
        "correctCount": 33,
        "startTime": 2,
        "songDuration": 103.752,
        "songNumber": 61,
        "activePlayerCount": 200,
        "LinkVideo": "https://files.catbox.moe/meqtyq.webm",
        "LinkMp3": "https://files.catbox.moe/i3wj0j.mp3",
        "annId": 15491
    },
    {
        "animeEng": "Ergo Proxy",
        "animeRomaji": "Ergo Proxy",
        "songName": "kiri",
        "artist": "MONORAL",
        "type": "Opening 1",
        "correctCount": 106,
        "startTime": 6,
        "songDuration": 104.592,
        "songNumber": 62,
        "activePlayerCount": 199,
        "LinkVideo": "https://files.catbox.moe/381pvs.webm",
        "LinkMp3": "https://files.catbox.moe/tg3wsc.mp3",
        "annId": 5115
    },
    {
        "animeEng": "Doraemon: Nobita to Robot Kingdom",
        "animeRomaji": "Doraemon: Nobita to Robot Kingdom",
        "songName": "Issho ni Arukou ~Walking into sunshine~",
        "artist": "KONISHIKI",
        "type": "Ending 1",
        "correctCount": 3,
        "startTime": 61,
        "songDuration": 190.056,
        "songNumber": 63,
        "activePlayerCount": 200,
        "LinkVideo": "https://files.catbox.moe/ctu0hf.webm",
        "LinkMp3": "https://files.catbox.moe/y6sb5k.mp3",
        "annId": 1919,
        "correctPlayers": [
            "ozsauce",
            "theyingster",
            "Stunar"
        ]
    },
    {
        "animeEng": "Dagashi Kashi 2",
        "animeRomaji": "Dagashi Kashi 2",
        "songName": "Oh My Sugar Feeling!!",
        "artist": "Ayana Taketatsu",
        "type": "Opening 1",
        "correctCount": 78,
        "startTime": 0,
        "songDuration": 88.416,
        "songNumber": 64,
        "activePlayerCount": 201,
        "LinkVideo": "https://files.catbox.moe/diac5m.webm",
        "LinkMp3": "https://files.catbox.moe/fdfupq.mp3",
        "annId": 20012
    },
    {
        "animeEng": "A Thirty-Year Old's Health and Physical Education",
        "animeRomaji": "30-sai no Hoken Taiiku",
        "songName": "Koi no D\u014dtei",
        "artist": "kanon x kanon",
        "type": "Opening 1",
        "correctCount": 16,
        "startTime": 51,
        "songDuration": 88.464,
        "songNumber": 65,
        "activePlayerCount": 201,
        "LinkVideo": "https://files.catbox.moe/nnamnv.webm",
        "LinkMp3": "https://files.catbox.moe/bd1192.mp3",
        "annId": 11962
    },
    {
        "animeEng": "Unico in the Island of Magic",
        "animeRomaji": "Unico: Mah\u014d no Shima e",
        "songName": "Do-Re-Mi-Fa Lullaby",
        "artist": "Emiko Shiratori",
        "type": "Ending 1",
        "correctCount": 2,
        "startTime": 64,
        "songDuration": 165.096,
        "songNumber": 66,
        "activePlayerCount": 201,
        "LinkVideo": "https://files.catbox.moe/hlk2ig.webm",
        "LinkMp3": "https://files.catbox.moe/56nac5.mp3",
        "annId": 629,
        "correctPlayers": [
            "YoshiNuber",
            "Zurer"
        ]
    },
    {
        "animeEng": "Lupin III: The Fuma Conspiracy",
        "animeRomaji": "Lupin Sansei: Fuma Ichizoku no Imboo",
        "songName": "C'est la Vie to Iwanaide",
        "artist": "Maki Asakura",
        "type": "Opening 1",
        "correctCount": 4,
        "startTime": 0,
        "songDuration": 127.056,
        "songNumber": 67,
        "activePlayerCount": 201,
        "LinkVideo": "https://files.catbox.moe/a6sg9x.webm",
        "LinkMp3": "https://files.catbox.moe/8620eu.mp3",
        "annId": 641,
        "correctPlayers": [
            "Kazso",
            "theyingster",
            "Thaleko",
            "tokimeki_stream"
        ]
    },
    {
        "animeEng": "The Gymnastics Samurai",
        "animeRomaji": "Taiso Samurai",
        "songName": "Shanghai Honey",
        "artist": "Daisuke Namikawa, Kensho Ono, Yuki Kaji",
        "type": "Opening 1",
        "correctCount": 44,
        "startTime": 16,
        "songDuration": 88.488,
        "songNumber": 68,
        "activePlayerCount": 201,
        "LinkVideo": "https://files.catbox.moe/0ujmrz.webm",
        "LinkMp3": "https://files.catbox.moe/vodox0.mp3",
        "annId": 23566
    },
    {
        "animeEng": "Baby Princess 3D Paradise 0 [Love]",
        "animeRomaji": "Baby Princess 3D Paradise 0 [Love]",
        "songName": "Gyutto BABY\u2606Ai Nanda BABY",
        "artist": "Aya Uchida, Saki Fujita, Suzuko Mimori",
        "type": "Opening 1",
        "correctCount": 15,
        "startTime": 50,
        "songDuration": 95.424,
        "songNumber": 69,
        "activePlayerCount": 200,
        "LinkVideo": "https://files.catbox.moe/yit3r8.webm",
        "LinkMp3": "https://files.catbox.moe/em7tfi.mp3",
        "annId": 12342
    },
    {
        "animeEng": "Ani Ni Tsukeru Kusuri wa Nai!",
        "animeRomaji": "Ani Ni Tsukeru Kusuri wa Nai!",
        "songName": "Sunny side up",
        "artist": "Brian the Sun",
        "type": "Opening 1",
        "correctCount": 87,
        "startTime": 0,
        "songDuration": 24.816,
        "songNumber": 70,
        "activePlayerCount": 201,
        "LinkVideo": "https://files.catbox.moe/j2uh2b.webm",
        "LinkMp3": "https://files.catbox.moe/u0diyc.mp3",
        "annId": 22086
    },
    {
        "animeEng": "Fate/Grand Order Absolute Demonic Front: Babylonia",
        "animeRomaji": "Fate/Grand Order: Zettai Maj\u016b Sensen Babylonia",
        "songName": "Tell me",
        "artist": "milet",
        "type": "Ending 3",
        "correctCount": 78,
        "startTime": 12,
        "songDuration": 89.52,
        "songNumber": 71,
        "activePlayerCount": 200,
        "LinkVideo": "https://files.catbox.moe/4dvlxz.webm",
        "LinkMp3": "https://files.catbox.moe/r7p7qn.mp3",
        "annId": 21240
    },
    {
        "animeEng": "Hamtaro",
        "animeRomaji": "Tottoko Hamutar\u014d",
        "songName": "200% no Jumon",
        "artist": "team le TAO",
        "type": "Ending 1",
        "correctCount": 50,
        "startTime": 0,
        "songDuration": 74.688,
        "songNumber": 72,
        "activePlayerCount": 200,
        "LinkVideo": "https://files.catbox.moe/6poam4.webm",
        "LinkMp3": "https://files.catbox.moe/7fiwb0.mp3",
        "annId": 793
    },
    {
        "animeEng": "My Teen Romantic Comedy SNAFU Climax!",
        "animeRomaji": "Oregairu Kan",
        "songName": "Yukitoki",
        "artist": "Nagi Yanagi",
        "type": "Ending 4",
        "correctCount": 107,
        "startTime": 171,
        "songDuration": 265.112178,
        "songNumber": 73,
        "activePlayerCount": 200,
        "LinkVideo": "https://files.catbox.moe/r4f944.webm",
        "LinkMp3": "https://files.catbox.moe/sz9a1r.mp3",
        "annId": 21999
    },
    {
        "animeEng": "Jewelpet Sunshine",
        "animeRomaji": "Jewelpet Sunshine",
        "songName": "Ruby Ring",
        "artist": "Akira Terao",
        "type": "Insert Song",
        "correctCount": 1,
        "startTime": 14,
        "songDuration": 88.032,
        "songNumber": 74,
        "activePlayerCount": 200,
        "LinkVideo": "https://files.catbox.moe/dos7yx.webm",
        "LinkMp3": "https://files.catbox.moe/6n1zaf.mp3",
        "annId": 12527,
        "correctPlayers": [
            "Neutral"
        ]
    },
    {
        "animeEng": "Tales of Symphonia the Animation: Sylvarant Episode",
        "animeRomaji": "Tales of Symphonia the Animation: Sylvarant-hen",
        "songName": "ALMATERIA",
        "artist": "Eri Kawai",
        "type": "Ending 3",
        "correctCount": 26,
        "startTime": 56,
        "songDuration": 289.056,
        "songNumber": 75,
        "activePlayerCount": 201,
        "LinkVideo": "https://files.catbox.moe/c62pg7.webm",
        "LinkMp3": "https://files.catbox.moe/88ktpu.mp3",
        "annId": 5720
    }
]