[
    {
        "animeEng": "Love, Chunibyo & Other Delusions! Ren Lite",
        "animeRomaji": "Ch\u016bniby\u014d demo Koi ga Shitai! Ren Lite",
        "songName": "Shinen ni Mau Senritsu Shanikusai",
        "artist": "ZAQ",
        "type": "Ending 1",
        "correctCount": 35,
        "startTime": 16,
        "songDuration": 88.512,
        "songNumber": 1,
        "activePlayerCount": 233,
        "LinkVideo": "https://files.catbox.moe/h03niq.webm",
        "LinkMp3": "https://files.catbox.moe/14rqx8.mp3",
        "annId": 15781
    },
    {
        "animeEng": "Death Note",
        "animeRomaji": "Death Note",
        "songName": "What's Up People?!",
        "artist": "Maximum the Hormone",
        "type": "Opening 2",
        "correctCount": 209,
        "startTime": 13,
        "songDuration": 79.056,
        "songNumber": 2,
        "activePlayerCount": 232,
        "LinkVideo": "https://files.catbox.moe/0szh0o.webm",
        "LinkMp3": "https://files.catbox.moe/hdcfsr.mp3",
        "annId": 6592
    },
    {
        "animeEng": "your name.",
        "animeRomaji": "Kimi no Na wa.",
        "songName": "Sparkle movie ver.",
        "artist": "RADWIMPS",
        "type": "Insert Song",
        "correctCount": 124,
        "startTime": 345,
        "songDuration": 520.32,
        "songNumber": 3,
        "activePlayerCount": 234,
        "LinkVideo": "https://files.catbox.moe/cgrjib.webm",
        "LinkMp3": "https://files.catbox.moe/c9mdms.mp3",
        "annId": 18171
    },
    {
        "animeEng": "Toriko",
        "animeRomaji": "Toriko",
        "songName": "One day",
        "artist": "The ROOTLESS",
        "type": "Ending 1",
        "correctCount": 94,
        "startTime": 81,
        "songDuration": 142.056,
        "songNumber": 4,
        "activePlayerCount": 234,
        "LinkVideo": "https://files.catbox.moe/fe29iz.webm",
        "LinkMp3": "https://files.catbox.moe/mm18z4.mp3",
        "annId": 12306
    },
    {
        "animeEng": "The Good Witch of the West",
        "animeRomaji": "Nishi no Yoki Majo - Astraea Testament",
        "songName": "Starry Waltz",
        "artist": "kukui",
        "type": "Opening 1",
        "correctCount": 11,
        "startTime": 12,
        "songDuration": 88.579702,
        "songNumber": 5,
        "activePlayerCount": 233,
        "LinkVideo": "https://files.catbox.moe/o51yxw.webm",
        "LinkMp3": "https://files.catbox.moe/3pq97t.mp3",
        "annId": 6175
    },
    {
        "animeEng": "Fullmetal Alchemist",
        "animeRomaji": "Hagane no Renkinjutsushi",
        "songName": "Melissa",
        "artist": "Porno Graffitti",
        "type": "Opening 1",
        "correctCount": 149,
        "startTime": 50,
        "songDuration": 100.992,
        "songNumber": 6,
        "activePlayerCount": 233,
        "LinkVideo": "https://files.catbox.moe/x4cvb9.webm",
        "LinkMp3": "https://files.catbox.moe/glyfko.mp3",
        "annId": 2960
    },
    {
        "animeEng": "Planetes",
        "animeRomaji": "Planetes",
        "songName": "Dive in the Sky",
        "artist": "Mikio Sakai",
        "type": "Opening 1",
        "correctCount": 56,
        "startTime": 36,
        "songDuration": 89.064,
        "songNumber": 7,
        "activePlayerCount": 232,
        "LinkVideo": "https://files.catbox.moe/tztmcf.webm",
        "LinkMp3": "https://files.catbox.moe/sieuy6.mp3",
        "annId": 2654
    },
    {
        "animeEng": "Puella Magi Madoka Magica the Movie Part 2: Eternal",
        "animeRomaji": "Gekij\u014dban Mah\u014d Sh\u014djo Madoka\u2605Magica K\u014dhen: Eien no Monogatari",
        "songName": "Luminous",
        "artist": "ClariS",
        "type": "Opening 1",
        "correctCount": 89,
        "startTime": 12,
        "songDuration": 100.08,
        "songNumber": 8,
        "activePlayerCount": 232,
        "LinkVideo": "https://files.catbox.moe/762tl9.webm",
        "LinkMp3": "https://files.catbox.moe/8fpkiq.mp3",
        "annId": 14364
    },
    {
        "animeEng": "Agatha Christie's Great Detectives Poirot and Marple",
        "animeRomaji": "Agatha Christie no Meitantei Poirot to Marple",
        "songName": "Lucky Girl ni Hanataba wo",
        "artist": "Tatsuro Yamashita",
        "type": "Opening 1",
        "correctCount": 32,
        "startTime": 13,
        "songDuration": 59.636526,
        "songNumber": 9,
        "activePlayerCount": 232,
        "LinkVideo": "https://files.catbox.moe/rj68u7.webm",
        "LinkMp3": "https://files.catbox.moe/nive3w.mp3",
        "annId": 4119
    },
    {
        "animeEng": "Psycho Diver: Soul Siren",
        "animeRomaji": "Psycho Diver: Mash\u014d Bosatsu",
        "songName": "THE END",
        "artist": "Kate T. Vogt",
        "type": "Ending 1",
        "correctCount": 6,
        "startTime": 45,
        "songDuration": 178.824,
        "songNumber": 10,
        "activePlayerCount": 231,
        "LinkVideo": "https://files.catbox.moe/u576j7.webm",
        "LinkMp3": "https://files.catbox.moe/n933g7.mp3",
        "annId": 722
    },
    {
        "animeEng": "Ikki Tousen in Kyoto",
        "animeRomaji": "Ikkitousen in Kyoto",
        "songName": "No\u00d7Limit!",
        "artist": "Ami",
        "type": "Insert Song",
        "correctCount": 20,
        "startTime": 131,
        "songDuration": 232.896,
        "songNumber": 11,
        "activePlayerCount": 231,
        "LinkVideo": "https://files.catbox.moe/u76zo3.webm",
        "LinkMp3": "https://files.catbox.moe/53k4ry.mp3",
        "annId": 13286
    },
    {
        "animeEng": "Princess Resurrection",
        "animeRomaji": "Kaibutsu \u014cjo",
        "songName": "Genzai no Aperitif",
        "artist": "Ayako Kawasumi",
        "type": "Insert Song",
        "correctCount": 4,
        "startTime": 0,
        "songDuration": 34.056,
        "songNumber": 12,
        "activePlayerCount": 231,
        "LinkVideo": "https://files.catbox.moe/cxvsfq.webm",
        "LinkMp3": "https://files.catbox.moe/bzteqs.mp3",
        "annId": 7420,
        "correctPlayers": [
            "Gimmicks",
            "Gianlu310",
            "Heyko",
            "ozsauce"
        ]
    },
    {
        "animeEng": "Devil Lady",
        "animeRomaji": "Devil Lady",
        "songName": "Devilman Lady Main Theme",
        "artist": "Tokyo Philharmonic Chorus",
        "type": "Opening 1",
        "correctCount": 18,
        "startTime": 14,
        "songDuration": 59.616,
        "songNumber": 13,
        "activePlayerCount": 231,
        "LinkVideo": "https://files.catbox.moe/d96wzx.webm",
        "LinkMp3": "https://files.catbox.moe/275ytp.mp3",
        "annId": 579
    },
    {
        "animeEng": "****ed by My Best Friend",
        "animeRomaji": "Kuro-Gal ni Natta kara Shiny\u016b to Shitemita.",
        "songName": "HOT\u2661SUMMER",
        "artist": "Kazutomi Yamamoto",
        "type": "Ending 1",
        "correctCount": 10,
        "startTime": 14,
        "songDuration": 67.488,
        "songNumber": 14,
        "activePlayerCount": 230,
        "LinkVideo": "https://files.catbox.moe/gtu9lz.webm",
        "LinkMp3": "https://files.catbox.moe/uvzw7h.mp3",
        "annId": 24037
    },
    {
        "animeEng": "Unlimited Fafnir",
        "animeRomaji": "J\u016b\u014d Mujin no Fafnir",
        "songName": "FLYING FAFNIR",
        "artist": "TRUSTRICK",
        "type": "Opening 1",
        "correctCount": 83,
        "startTime": 42,
        "songDuration": 88.536,
        "songNumber": 15,
        "activePlayerCount": 230,
        "LinkVideo": "https://files.catbox.moe/ylgba8.webm",
        "LinkMp3": "https://files.catbox.moe/7gfxv5.mp3",
        "annId": 16302
    },
    {
        "animeEng": "D.Gray-man",
        "animeRomaji": "D.Gray-man",
        "songName": "Brightdown",
        "artist": "Nami Tamaki",
        "type": "Opening 2",
        "correctCount": 57,
        "startTime": 13,
        "songDuration": 89.592,
        "songNumber": 16,
        "activePlayerCount": 230,
        "LinkVideo": "https://files.catbox.moe/n8h7pr.webm",
        "LinkMp3": "https://files.catbox.moe/3mi4pc.mp3",
        "annId": 6764
    },
    {
        "animeEng": "This Ugly Yet Beautiful World",
        "animeRomaji": "Kono Minikuku mo Utsukushii Sekai",
        "songName": "metamorphose",
        "artist": "Yoko Takahashi",
        "type": "Opening 1",
        "correctCount": 12,
        "startTime": 33,
        "songDuration": 89.496,
        "songNumber": 17,
        "activePlayerCount": 229,
        "LinkVideo": "https://files.catbox.moe/i9n2wb.webm",
        "LinkMp3": "https://files.catbox.moe/6h77cf.mp3",
        "annId": 2836
    },
    {
        "animeEng": "Strike Witches: Road to Berlin",
        "animeRomaji": "Dai-501 T\u014dg\u014d Sent\u014d K\u014dk\u016b-dan Strike Witches: Road to Berlin",
        "songName": "Kimi no Tsubasa ni Akogarete",
        "artist": "Ayuru Ohashi",
        "type": "Ending 8",
        "correctCount": 16,
        "startTime": 46,
        "songDuration": 88.656,
        "songNumber": 18,
        "activePlayerCount": 226,
        "LinkVideo": "https://files.catbox.moe/j4doq3.webm",
        "LinkMp3": "https://files.catbox.moe/pnj1oy.mp3",
        "annId": 21189
    },
    {
        "animeEng": "When Supernatural Battles Became Commonplace",
        "animeRomaji": "In\u014d-Battle wa Nichij\u014d-kei no Naka de",
        "songName": "You Gotta Love Me!",
        "artist": "Kato\uff0aFuku",
        "type": "Ending 1",
        "correctCount": 38,
        "startTime": 48,
        "songDuration": 89.049898,
        "songNumber": 19,
        "activePlayerCount": 227,
        "LinkVideo": "https://files.catbox.moe/jlj9ta.webm",
        "LinkMp3": "https://files.catbox.moe/yu6ivn.mp3",
        "annId": 16172
    },
    {
        "animeEng": "Kill Me Baby",
        "animeRomaji": "Kill Me Baby",
        "songName": "Kill Me Baby!",
        "artist": "Mutsumi Tamura & Chinatsu Akasaki",
        "type": "Opening 1",
        "correctCount": 179,
        "startTime": 49,
        "songDuration": 88.56,
        "songNumber": 20,
        "activePlayerCount": 227,
        "LinkVideo": "https://files.catbox.moe/3i93zj.webm",
        "LinkMp3": "https://files.catbox.moe/oyp4c9.mp3",
        "annId": 13289
    },
    {
        "animeEng": "Horizon in the Middle of Nowhere",
        "animeRomaji": "Ky\u014dkaisenj\u014d no Horizon",
        "songName": "T\u014dshi D\u014dka",
        "artist": "Minori Chihara",
        "type": "Insert Song",
        "correctCount": 27,
        "startTime": 20,
        "songDuration": 63.816,
        "songNumber": 21,
        "activePlayerCount": 227,
        "LinkVideo": "https://files.catbox.moe/oi71a9.webm",
        "LinkMp3": "https://files.catbox.moe/ahjvq8.mp3",
        "annId": 12868
    },
    {
        "animeEng": "The Wonderland",
        "animeRomaji": "Birthday Wonderland",
        "songName": "Wonderland",
        "artist": "milet",
        "type": "Insert Song",
        "correctCount": 48,
        "startTime": 23,
        "songDuration": 112.152,
        "songNumber": 22,
        "activePlayerCount": 226,
        "LinkVideo": "https://files.catbox.moe/91vzgm.webm",
        "LinkMp3": "https://files.catbox.moe/mx8d4i.mp3",
        "annId": 21869
    },
    {
        "animeEng": "Psycho-Pass 3: First Inspector",
        "animeRomaji": "Psycho-Pass 3: First Inspector",
        "songName": "Synthetic Sympathy",
        "artist": "Who-ya Extended",
        "type": "Opening 1",
        "correctCount": 50,
        "startTime": 5,
        "songDuration": 94.44,
        "songNumber": 23,
        "activePlayerCount": 227,
        "LinkVideo": "https://files.catbox.moe/udb4eb.webm",
        "LinkMp3": "https://files.catbox.moe/6stoyp.mp3",
        "annId": 23025
    },
    {
        "animeEng": "Tezuka Osamu Story: I Am Son-Goku",
        "animeRomaji": "Tezuka Osamu Monogatari: Boku wa Son Goku",
        "songName": "Tetsuwan Atom",
        "artist": "Kamitakada Sh\u014dnen Gassh\u014d-dan",
        "type": "Insert Song",
        "correctCount": 109,
        "startTime": 1,
        "songDuration": 36.24,
        "songNumber": 24,
        "activePlayerCount": 226,
        "LinkVideo": "https://files.catbox.moe/lj84oo.webm",
        "LinkMp3": "https://files.catbox.moe/qpqc65.mp3",
        "annId": 3322
    },
    {
        "animeEng": "Aquarion EVOL",
        "animeRomaji": "Aquarion EVOL",
        "songName": "Paradoxical Zoo",
        "artist": "AKINO with bless4",
        "type": "Opening 2",
        "correctCount": 55,
        "startTime": 51,
        "songDuration": 89.664,
        "songNumber": 25,
        "activePlayerCount": 227,
        "LinkVideo": "https://files.catbox.moe/qawmw1.webm",
        "LinkMp3": "https://files.catbox.moe/hxu73a.mp3",
        "annId": 12547
    },
    {
        "animeEng": "Ghost Stories",
        "animeRomaji": "Gakk\u014d no Kaidan",
        "songName": "Sexy Sexy",
        "artist": "Cascade",
        "type": "Ending 1",
        "correctCount": 64,
        "startTime": 7,
        "songDuration": 89.568,
        "songNumber": 26,
        "activePlayerCount": 227,
        "LinkVideo": "https://files.catbox.moe/b8ck8e.webm",
        "LinkMp3": "https://files.catbox.moe/inbwm6.mp3",
        "annId": 1736
    },
    {
        "animeEng": "Texhnolyze",
        "animeRomaji": "Texhnolyze",
        "songName": "GUARDIAN ANGEL(XAVIER'S EDIT)",
        "artist": "JUNO REACTOR",
        "type": "Opening 1",
        "correctCount": 112,
        "startTime": 30,
        "songDuration": 79.368,
        "songNumber": 27,
        "activePlayerCount": 225,
        "LinkVideo": "https://files.catbox.moe/j2mvov.webm",
        "LinkMp3": "https://files.catbox.moe/pb7y5l.mp3",
        "annId": 2304
    },
    {
        "animeEng": "Duel Masters King",
        "animeRomaji": "Duel Masters King",
        "songName": "Kinkira KING",
        "artist": "Hayabusa",
        "type": "Opening 1",
        "correctCount": 16,
        "startTime": 0,
        "songDuration": 89.616,
        "songNumber": 28,
        "activePlayerCount": 225,
        "LinkVideo": "https://files.catbox.moe/nvsglo.webm",
        "LinkMp3": "https://files.catbox.moe/ptok9b.mp3",
        "annId": 23162
    },
    {
        "animeEng": "Cells at Work!!",
        "animeRomaji": "Hataraku Saib\u014d!!",
        "songName": "GO!GO!Saib\u014d Festa",
        "artist": "Kana Hanazawa\u30fbTomoaki Maeno\u30fbDaisuke Ono\u30fbKikuko Inoue\u30fbYuusuke Kobayashi\u30fbYuuri Yoshida",
        "type": "Opening 1",
        "correctCount": 139,
        "startTime": 43,
        "songDuration": 89.352,
        "songNumber": 29,
        "activePlayerCount": 225,
        "LinkVideo": "https://files.catbox.moe/hil5zd.webm",
        "LinkMp3": "https://files.catbox.moe/f3xqam.mp3",
        "annId": 22007
    },
    {
        "animeEng": "Inferno Cop",
        "animeRomaji": "Inferno Cop",
        "songName": "Glitter I.C.",
        "artist": "Vienna Inferno Symphony Orchestra",
        "type": "Ending 2",
        "correctCount": 15,
        "startTime": 0,
        "songDuration": 29.25664,
        "songNumber": 30,
        "activePlayerCount": 224,
        "LinkVideo": "https://files.catbox.moe/9bg4hl.webm",
        "LinkMp3": "https://files.catbox.moe/qzsw0d.mp3",
        "annId": 15419
    },
    {
        "animeEng": "Bakuon!!",
        "animeRomaji": "Bakuon!!",
        "songName": "Voon! Voon! Ride On",
        "artist": "Raimu-senpai",
        "type": "Ending 3",
        "correctCount": 39,
        "startTime": 32,
        "songDuration": 89.544,
        "songNumber": 31,
        "activePlayerCount": 224,
        "LinkVideo": "https://files.catbox.moe/zp6xai.webm",
        "LinkMp3": "https://files.catbox.moe/3llzsn.mp3",
        "annId": 17959
    },
    {
        "animeEng": "Sailor Moon SuperS",
        "animeRomaji": "Bish\u014djo Senshi Sailor Moon SuperS",
        "songName": "Sailor Team no Theme",
        "artist": "Naoko Takeuchi",
        "type": "Insert Song",
        "correctCount": 1,
        "startTime": 11,
        "songDuration": 130.416,
        "songNumber": 32,
        "activePlayerCount": 222,
        "LinkVideo": "https://files.catbox.moe/ulfhza.webm",
        "LinkMp3": "https://files.catbox.moe/qr69qz.mp3",
        "annId": 280,
        "correctPlayers": [
            "BakaOtakuFish"
        ]
    },
    {
        "animeEng": "School Rumble: Extra Class",
        "animeRomaji": "School Rumble Ichi Gakki Hosh\u016b",
        "songName": "Onna no Ko\u2661Otoko no Ko",
        "artist": "Yuko Ogura",
        "type": "Ending 2",
        "correctCount": 48,
        "startTime": 46,
        "songDuration": 80.088,
        "songNumber": 33,
        "activePlayerCount": 220,
        "LinkVideo": "https://files.catbox.moe/otvigf.webm",
        "LinkMp3": "https://files.catbox.moe/6w2xxe.mp3",
        "annId": 5957
    },
    {
        "animeEng": "Senki Zessh\u014d Symphogear AXZ",
        "animeRomaji": "Senki Zessh\u014d Symphogear AXZ",
        "songName": "Senritsu Sorority(IGNITED arrangement)",
        "artist": "Y\u014dko Hikasa, Yoshino Nanj\u014d, Ai Kayano",
        "type": "Insert Song",
        "correctCount": 22,
        "startTime": 18,
        "songDuration": 53.04,
        "songNumber": 34,
        "activePlayerCount": 221,
        "LinkVideo": "https://files.catbox.moe/n4kpt5.webm",
        "LinkMp3": "https://files.catbox.moe/tfnluk.mp3",
        "annId": 19724
    },
    {
        "animeEng": "Eight Clouds Rising",
        "animeRomaji": "Yakumo Tatsu",
        "songName": "Harukanaru Ohokoku",
        "artist": "Saori Ishizuka",
        "type": "Ending 1",
        "correctCount": 3,
        "startTime": 2,
        "songDuration": 125.352,
        "songNumber": 35,
        "activePlayerCount": 221,
        "LinkVideo": "https://files.catbox.moe/eew1m7.webm",
        "LinkMp3": "https://files.catbox.moe/xy086z.mp3",
        "annId": 3835,
        "correctPlayers": [
            "Catisam",
            "theyingster",
            "ozsauce"
        ]
    },
    {
        "animeEng": "Shin Koihime\u2020Mus\u014d: Live Revolution",
        "animeRomaji": "Shin Koihime\u2020Mus\u014d: Live Revolution",
        "songName": "flower of bravery",
        "artist": "Nami Kurokawa & Hiroka Nishizawa",
        "type": "Insert Song",
        "correctCount": 19,
        "startTime": 5,
        "songDuration": 227.424,
        "songNumber": 36,
        "activePlayerCount": 222,
        "LinkVideo": "https://files.catbox.moe/0mc1ay.webm",
        "LinkMp3": "https://files.catbox.moe/wgxsmb.mp3",
        "annId": 22915
    },
    {
        "animeEng": "Galaxy Railway 999: Eternal Traveller Emeraldas",
        "animeRomaji": "Ginga Tetsud\u014d 999: Eien no Tabibito Emeraldas",
        "songName": "THE GALAXY EXPRESS 999",
        "artist": "Godiego",
        "type": "Opening 1",
        "correctCount": 79,
        "startTime": 113,
        "songDuration": 154.608,
        "songNumber": 37,
        "activePlayerCount": 220,
        "LinkVideo": "https://files.catbox.moe/xgk83c.webm",
        "LinkMp3": "https://files.catbox.moe/s588d4.mp3",
        "annId": 3808
    },
    {
        "animeEng": "Eromanga Sensei",
        "animeRomaji": "Eromanga Sensei",
        "songName": "adrenaline!!!",
        "artist": "TrySail",
        "type": "Ending 1",
        "correctCount": 119,
        "startTime": 14,
        "songDuration": 87.19675,
        "songNumber": 38,
        "activePlayerCount": 218,
        "LinkVideo": "https://files.catbox.moe/1mpvxs.webm",
        "LinkMp3": "https://files.catbox.moe/dv9liq.mp3",
        "annId": 18142
    },
    {
        "animeEng": "Minami-ke: Thirds",
        "animeRomaji": "Minami-ke: Okaeri",
        "songName": "Keikenchi Soku J\u014dj\u014d",
        "artist": "Rina Satou, Marina Inoue, Minori Chihara",
        "type": "Opening 1",
        "correctCount": 18,
        "startTime": 47,
        "songDuration": 88.68,
        "songNumber": 39,
        "activePlayerCount": 219,
        "LinkVideo": "https://files.catbox.moe/1frh3h.webm",
        "LinkMp3": "https://files.catbox.moe/gxv9r0.mp3",
        "annId": 10388
    },
    {
        "animeEng": "Yasuke",
        "animeRomaji": "Yasuke",
        "songName": "Black Gold",
        "artist": "Flying Lotus ft. Thundercat",
        "type": "Opening 1",
        "correctCount": 38,
        "startTime": 48,
        "songDuration": 95.856,
        "songNumber": 40,
        "activePlayerCount": 219,
        "LinkVideo": "https://files.catbox.moe/p84nkv.webm",
        "LinkMp3": "https://files.catbox.moe/sqqehq.mp3",
        "annId": 24121
    },
    {
        "animeEng": "Mobile Suit Gundam",
        "animeRomaji": "Kid\u014d Senshi Gundam",
        "songName": "Tobe! Gundam",
        "artist": "Koh Ikeda",
        "type": "Opening 1",
        "correctCount": 85,
        "startTime": 29,
        "songDuration": 90.012,
        "songNumber": 41,
        "activePlayerCount": 219,
        "LinkVideo": "https://files.catbox.moe/30s7qg.webm",
        "annId": 46
    },
    {
        "animeEng": "Eiga Crayon Shin-chan Bakumori! Kung-Fu Boys: Ramen Tairan",
        "animeRomaji": "Eiga Crayon Shin-chan Bakumori! Kung-Fu Boys: Ramen Tairan",
        "songName": "Kimi ni 100 Percent",
        "artist": "Kyary Pamyu Pamyu",
        "type": "Opening 1",
        "correctCount": 141,
        "startTime": 13,
        "songDuration": 63.816,
        "songNumber": 42,
        "activePlayerCount": 219,
        "LinkVideo": "https://files.catbox.moe/edsp72.webm",
        "LinkMp3": "https://files.catbox.moe/zxgfyk.mp3",
        "annId": 20360
    },
    {
        "animeEng": "Amazing Nuts!",
        "animeRomaji": "Amazing Nuts!",
        "songName": "she loves the CREAM",
        "artist": "m-flo\u2665DOPING PANDA",
        "type": "Opening 1",
        "correctCount": 20,
        "startTime": 138,
        "songDuration": 195.792,
        "songNumber": 43,
        "activePlayerCount": 218,
        "LinkVideo": "https://files.catbox.moe/7rp48i.webm",
        "LinkMp3": "https://files.catbox.moe/bu7yq7.mp3",
        "annId": 7246
    },
    {
        "animeEng": "Nora",
        "animeRomaji": "Nora",
        "songName": "TWINKLE NORA ROCK ME!",
        "artist": "Yumi Kojima",
        "type": "Opening 1",
        "correctCount": 46,
        "startTime": 19,
        "songDuration": 69.36,
        "songNumber": 44,
        "activePlayerCount": 216,
        "LinkVideo": "https://files.catbox.moe/18w5fy.webm",
        "LinkMp3": "https://files.catbox.moe/8ud3rz.mp3",
        "annId": 1704
    },
    {
        "animeEng": "Red Garden",
        "animeRomaji": "Red Garden",
        "songName": "OH MY JULIET.",
        "artist": "LM.C",
        "type": "Ending 2",
        "correctCount": 12,
        "startTime": 14,
        "songDuration": 87.648,
        "songNumber": 45,
        "activePlayerCount": 216,
        "LinkVideo": "https://files.catbox.moe/qk66xo.webm",
        "LinkMp3": "https://files.catbox.moe/5p7fd5.mp3",
        "annId": 6804
    },
    {
        "animeEng": "Colorful",
        "animeRomaji": "Colorful",
        "songName": "Boku no Taion wa 37.5C",
        "artist": "Yuko Miyamura",
        "type": "Opening 1",
        "correctCount": 56,
        "startTime": 4,
        "songDuration": 59.256,
        "songNumber": 46,
        "activePlayerCount": 216,
        "LinkVideo": "https://files.catbox.moe/hwffzg.webm",
        "LinkMp3": "https://files.catbox.moe/qzqin3.mp3",
        "annId": 1032
    },
    {
        "animeEng": "Haibane Renmei",
        "animeRomaji": "Haibane Renmei",
        "songName": "Blue Flow",
        "artist": "Heart of Air",
        "type": "Ending 1",
        "correctCount": 41,
        "startTime": 13,
        "songDuration": 81.432,
        "songNumber": 47,
        "activePlayerCount": 216,
        "LinkVideo": "https://files.catbox.moe/vlahyr.webm",
        "LinkMp3": "https://files.catbox.moe/xiuv66.mp3",
        "annId": 1871
    },
    {
        "animeEng": "Gegege no Kitar\u014d: Obake Nighter",
        "animeRomaji": "Gegege no Kitar\u014d: Obake Nighter",
        "songName": "Gegege no Kitar\u014d",
        "artist": "Ukadan",
        "type": "Opening 1",
        "correctCount": 205,
        "startTime": 37,
        "songDuration": 93.552,
        "songNumber": 48,
        "activePlayerCount": 216,
        "LinkVideo": "https://files.catbox.moe/70819d.webm",
        "LinkMp3": "https://files.catbox.moe/uzpupd.mp3",
        "annId": 3699
    },
    {
        "animeEng": "Wolf's Rain",
        "animeRomaji": "Wolf's Rain",
        "songName": "stray",
        "artist": "steve conte",
        "type": "Opening 1",
        "correctCount": 115,
        "startTime": 31,
        "songDuration": 88.056,
        "songNumber": 49,
        "activePlayerCount": 216,
        "LinkVideo": "https://files.catbox.moe/8zolio.webm",
        "LinkMp3": "https://files.catbox.moe/b6g66q.mp3",
        "annId": 3521
    },
    {
        "animeEng": "Girl-gaku.: Sei Girls Square Gakuin",
        "animeRomaji": "Girl-gaku.: Sei Girls Square Gakuin",
        "songName": "Tsunagu!",
        "artist": "east\u00b2",
        "type": "Ending 15",
        "correctCount": 13,
        "startTime": 0,
        "songDuration": 23.928,
        "songNumber": 50,
        "activePlayerCount": 216,
        "LinkVideo": "https://files.catbox.moe/wvtush.webm",
        "LinkMp3": "https://files.catbox.moe/2pppxw.mp3",
        "annId": 23213
    },
    {
        "animeEng": "Porco Rosso",
        "animeRomaji": "Kurenai no Buta",
        "songName": "Le temps des Cerises",
        "artist": "Tokiko Kato",
        "type": "Insert Song",
        "correctCount": 58,
        "startTime": 18,
        "songDuration": 167.088,
        "songNumber": 51,
        "activePlayerCount": 216,
        "LinkVideo": "https://files.catbox.moe/bsayo9.webm",
        "LinkMp3": "https://files.catbox.moe/q36rig.mp3",
        "annId": 855
    },
    {
        "animeEng": "One Piece Movie 3",
        "animeRomaji": "One Piece: Chinj\u014d Shima no Chopper \u014ckoku",
        "songName": "Mabushikute",
        "artist": "DASEIN",
        "type": "Ending 1",
        "correctCount": 7,
        "startTime": 32,
        "songDuration": 109.08,
        "songNumber": 52,
        "activePlayerCount": 216,
        "LinkVideo": "https://files.catbox.moe/1k54p8.webm",
        "LinkMp3": "https://files.catbox.moe/in2ct8.mp3",
        "annId": 3448
    },
    {
        "animeEng": "Sleepy Princess in the Demon Castle",
        "animeRomaji": "Ma\u014d-j\u014d de Oyasumi",
        "songName": "Kaimin! Anmin! Syalist Seikatsu",
        "artist": "Inori Minase",
        "type": "Opening 1",
        "correctCount": 128,
        "startTime": 48,
        "songDuration": 88.824,
        "songNumber": 53,
        "activePlayerCount": 216,
        "LinkVideo": "https://files.catbox.moe/s1r2so.webm",
        "LinkMp3": "https://files.catbox.moe/inkohl.mp3",
        "annId": 23362
    },
    {
        "animeEng": "BanG Dream!",
        "animeRomaji": "BanG Dream!",
        "songName": "Be shine, shining!",
        "artist": "CHiSPA",
        "type": "Insert Song",
        "correctCount": 24,
        "startTime": 7,
        "songDuration": 48.72,
        "songNumber": 54,
        "activePlayerCount": 215,
        "LinkVideo": "https://files.catbox.moe/ayygmg.webm",
        "LinkMp3": "https://files.catbox.moe/lox263.mp3",
        "annId": 18693
    },
    {
        "animeEng": "Hi Score Girl",
        "animeRomaji": "High Score Girl",
        "songName": "H\u014dkago Distraction",
        "artist": "Etsuko Yakushimaru",
        "type": "Ending 1",
        "correctCount": 78,
        "startTime": 35,
        "songDuration": 89.4,
        "songNumber": 55,
        "activePlayerCount": 215,
        "LinkVideo": "https://files.catbox.moe/gt4kps.webm",
        "LinkMp3": "https://files.catbox.moe/xn6rzt.mp3",
        "annId": 20797
    },
    {
        "animeEng": "Ichigo 100%",
        "animeRomaji": "Ichigo 100%",
        "songName": "Kimi-iro 100%",
        "artist": "Nana Mizuki, Megumi Toyoguchi, Sanae Kobayashi, Mamiko Noto",
        "type": "Opening 1",
        "correctCount": 38,
        "startTime": 14,
        "songDuration": 101.136,
        "songNumber": 56,
        "activePlayerCount": 215,
        "LinkVideo": "https://files.catbox.moe/7fvnlj.webm",
        "LinkMp3": "https://files.catbox.moe/zllviv.mp3",
        "annId": 7003
    },
    {
        "animeEng": "ACCA: 13-Territory Inspection Dept. Regards",
        "animeRomaji": "ACCA 13-ku Kansatsu-ka Regards",
        "songName": "Our Place",
        "artist": "ONE III NOTES",
        "type": "Ending 1",
        "correctCount": 42,
        "startTime": 41,
        "songDuration": 105.36,
        "songNumber": 57,
        "activePlayerCount": 213,
        "LinkVideo": "https://files.catbox.moe/71i2c5.webm",
        "LinkMp3": "https://files.catbox.moe/2xj4kk.mp3",
        "annId": 23517
    },
    {
        "animeEng": "Fafner EXODUS",
        "animeRomaji": "S\u014dky\u016b no Fafner: Dead Aggressor - Exodus",
        "songName": "Anya K\u014dro",
        "artist": "angela",
        "type": "Ending 1",
        "correctCount": 41,
        "startTime": 45,
        "songDuration": 88.056,
        "songNumber": 58,
        "activePlayerCount": 213,
        "LinkVideo": "https://files.catbox.moe/tdsj6l.webm",
        "LinkMp3": "https://files.catbox.moe/yy7j8q.mp3",
        "annId": 15051
    },
    {
        "animeEng": "Food Wars! The Second Plate",
        "animeRomaji": "Shokugeki no S\u014dma: Ni no Sara",
        "songName": "ROUGH DIAMONDS",
        "artist": "SCREEN mode",
        "type": "Opening 1",
        "correctCount": 139,
        "startTime": 7,
        "songDuration": 88.44,
        "songNumber": 59,
        "activePlayerCount": 213,
        "LinkVideo": "https://files.catbox.moe/i4kugr.webm",
        "LinkMp3": "https://files.catbox.moe/mlctpn.mp3",
        "annId": 18112
    },
    {
        "animeEng": "One Piece: Defeat The Pirate Ganzak!",
        "animeRomaji": "One Piece: Taose! Kaizoku Ganzak",
        "songName": "Grand Line",
        "artist": "Chie & Mar-kun",
        "type": "Ending 1",
        "correctCount": 5,
        "startTime": 99,
        "songDuration": 158.424,
        "songNumber": 60,
        "activePlayerCount": 212,
        "LinkVideo": "https://files.catbox.moe/8f2pzj.webm",
        "LinkMp3": "https://files.catbox.moe/smf467.mp3",
        "annId": 6358,
        "correctPlayers": [
            "kar72",
            "watashiii",
            "Rukawa11",
            "theyingster",
            "konomi"
        ]
    },
    {
        "animeEng": "The Special Duty Combat Unit Shinesman",
        "animeRomaji": "Tokumu Sentai Shinesman",
        "songName": "Kokoro no Tsubasa",
        "artist": "CALL",
        "type": "Ending 1",
        "correctCount": 2,
        "startTime": 59,
        "songDuration": 100.944,
        "songNumber": 61,
        "activePlayerCount": 213,
        "LinkVideo": "https://files.catbox.moe/vm6qnu.webm",
        "LinkMp3": "https://files.catbox.moe/xc7y10.mp3",
        "annId": 219,
        "correctPlayers": [
            "SrueyaF",
            "theyingster"
        ]
    },
    {
        "animeEng": "Lapis Re:LiGHTs",
        "animeRomaji": "Lapis Re:LiGHTs",
        "songName": "700,000,000,000,000,000,000,000 no Sora de",
        "artist": "LiGHTs",
        "type": "Insert Song",
        "correctCount": 58,
        "startTime": 51,
        "songDuration": 94.536,
        "songNumber": 62,
        "activePlayerCount": 213,
        "LinkVideo": "https://files.catbox.moe/colptf.webm",
        "LinkMp3": "https://files.catbox.moe/4uok8l.mp3",
        "annId": 22935
    },
    {
        "animeEng": "Tenchi in Tokyo",
        "animeRomaji": "Shin Tenchi Muyo",
        "songName": "Kataomoi",
        "artist": "Mayumi Iizuka",
        "type": "Ending 2",
        "correctCount": 1,
        "startTime": 18,
        "songDuration": 84.576,
        "songNumber": 63,
        "activePlayerCount": 213,
        "LinkVideo": "https://files.catbox.moe/gpmzdr.webm",
        "LinkMp3": "https://files.catbox.moe/y3wk2t.mp3",
        "annId": 918,
        "correctPlayers": [
            "Legend_"
        ]
    },
    {
        "animeEng": "Listen to Me, Girls, I Am Your Father!",
        "animeRomaji": "Papa no Iu Koto o Kikinasai!",
        "songName": "Happy Girl",
        "artist": "Eri Kitamura",
        "type": "Opening 1",
        "correctCount": 87,
        "startTime": 5,
        "songDuration": 88.176,
        "songNumber": 64,
        "activePlayerCount": 213,
        "LinkVideo": "https://files.catbox.moe/h0th6y.webm",
        "LinkMp3": "https://files.catbox.moe/ux6tp6.mp3",
        "annId": 13756
    },
    {
        "animeEng": "Space Pirate Captain Harlock",
        "animeRomaji": "Uch\u016b Kaizoku Captain Harlock",
        "songName": "Uch\u016b Kaizoku Captain Harlock",
        "artist": "Ichiro Mizuki",
        "type": "Opening 1",
        "correctCount": 11,
        "startTime": 36,
        "songDuration": 69.96,
        "songNumber": 65,
        "activePlayerCount": 213,
        "LinkVideo": "https://files.catbox.moe/uq33oo.webm",
        "LinkMp3": "https://files.catbox.moe/yshtwh.mp3",
        "annId": 1238
    },
    {
        "animeEng": "Drifters",
        "animeRomaji": "Drifters",
        "songName": "Gospel of the Throttle (Kyouhon REMIX ver.)",
        "artist": "Minutes Til Midnight",
        "type": "Opening 1",
        "correctCount": 164,
        "startTime": 9,
        "songDuration": 90.024,
        "songNumber": 66,
        "activePlayerCount": 211,
        "LinkVideo": "https://files.catbox.moe/ge98d6.webm",
        "LinkMp3": "https://files.catbox.moe/rghtcc.mp3",
        "annId": 18181
    },
    {
        "animeEng": "Interspecies Reviewers",
        "animeRomaji": "Ishuzoku Reviewers",
        "songName": "Ik\u014dze\u2606Paradise",
        "artist": "Junji Majima, Y\u016bsuke Kobayashi, Miyu Tomita",
        "type": "Opening 1",
        "correctCount": 166,
        "startTime": 27,
        "songDuration": 89.568,
        "songNumber": 67,
        "activePlayerCount": 212,
        "LinkVideo": "https://files.catbox.moe/8d12lc.webm",
        "LinkMp3": "https://files.catbox.moe/y1www2.mp3",
        "annId": 22612
    },
    {
        "animeEng": "The Eden of Grisaia",
        "animeRomaji": "Grisaia no Rakuen",
        "songName": "Setsuna no Kajitsu",
        "artist": "Maon Kurosaki",
        "type": "Opening 1",
        "correctCount": 88,
        "startTime": 54,
        "songDuration": 88.92,
        "songNumber": 68,
        "activePlayerCount": 211,
        "LinkVideo": "https://files.catbox.moe/ol000u.webm",
        "LinkMp3": "https://files.catbox.moe/tfjhr2.mp3",
        "annId": 16673
    },
    {
        "animeEng": "ALL OUT!!",
        "animeRomaji": "ALL OUT!!",
        "songName": "Flower",
        "artist": "Lenny code fiction",
        "type": "Opening 1",
        "correctCount": 29,
        "startTime": 5,
        "songDuration": 88.8,
        "songNumber": 69,
        "activePlayerCount": 211,
        "LinkVideo": "https://files.catbox.moe/phsi03.webm",
        "LinkMp3": "https://files.catbox.moe/1lekbm.mp3",
        "annId": 17826
    },
    {
        "animeEng": "Gekij\u014dban PriPara Mi~nna de Kagayake! Kirarin\u2606Star Live!",
        "animeRomaji": "Gekij\u014dban PriPara Mi~nna de Kagayake! Kirarin\u2606Star Live!",
        "songName": "Sugarless\u00d7Friend",
        "artist": "NonSugar",
        "type": "Insert Song",
        "correctCount": 62,
        "startTime": 31,
        "songDuration": 91.824,
        "songNumber": 70,
        "activePlayerCount": 212,
        "LinkVideo": "https://files.catbox.moe/x3vfqs.webm",
        "LinkMp3": "https://files.catbox.moe/yj0ab6.mp3",
        "annId": 19018
    },
    {
        "animeEng": "Cybernetics Guardian",
        "animeRomaji": "Seijuki Cyguard",
        "songName": "ONLY 17",
        "artist": "TRASH GANG",
        "type": "Insert Song",
        "correctCount": 5,
        "startTime": 0,
        "songDuration": 118.344,
        "songNumber": 71,
        "activePlayerCount": 212,
        "LinkVideo": "https://files.catbox.moe/lt8bzm.webm",
        "LinkMp3": "https://files.catbox.moe/8uve6x.mp3",
        "annId": 568,
        "correctPlayers": [
            "Gachiman",
            "Hooman",
            "KezzyChan",
            "dekinho",
            "Zurer"
        ]
    },
    {
        "animeEng": "Kokkoku",
        "animeRomaji": "Kokkoku",
        "songName": "Flashback",
        "artist": "MIYAVI vs KenKen",
        "type": "Opening 1",
        "correctCount": 130,
        "startTime": 16,
        "songDuration": 87.624,
        "songNumber": 72,
        "activePlayerCount": 212,
        "LinkVideo": "https://files.catbox.moe/4gdbgv.webm",
        "LinkMp3": "https://files.catbox.moe/axdce1.mp3",
        "annId": 20205
    },
    {
        "animeEng": "Doraemon: Nobita's Space Story",
        "animeRomaji": "Doraemon: Nobita no Uch\u016b Kaitakushi",
        "songName": "Boku Doraemon",
        "artist": "Nobuyo Oyama, Koorogi '73",
        "type": "Opening 1",
        "correctCount": 196,
        "startTime": 7,
        "songDuration": 44.712,
        "songNumber": 73,
        "activePlayerCount": 212,
        "LinkVideo": "https://files.catbox.moe/bfmgn6.webm",
        "LinkMp3": "https://files.catbox.moe/xtfkut.mp3",
        "annId": 1894
    },
    {
        "animeEng": "Naruto Shipp\u016bden",
        "animeRomaji": "Naruto Shipp\u016bden",
        "songName": "Omae Dattanda",
        "artist": "Kishidan",
        "type": "Ending 11",
        "correctCount": 26,
        "startTime": 53,
        "songDuration": 88.32,
        "songNumber": 74,
        "activePlayerCount": 211,
        "LinkVideo": "https://files.catbox.moe/p5gcmu.webm",
        "LinkMp3": "https://files.catbox.moe/8dmw8u.mp3",
        "annId": 7293
    },
    {
        "animeEng": "Pok\u00e9mon the Movie: Diancie and the Cocoon of Destruction",
        "animeRomaji": "Gekij\u014dban Pocket Monsters XY: Hakai no Mayu to Diancie",
        "songName": "Mega V (Volt)",
        "artist": "Yusuke",
        "type": "Opening 1",
        "correctCount": 118,
        "startTime": 103,
        "songDuration": 151.848,
        "songNumber": 75,
        "activePlayerCount": 209,
        "LinkVideo": "https://files.catbox.moe/tcv8cy.webm",
        "LinkMp3": "https://files.catbox.moe/0z164e.mp3",
        "annId": 15765
    }
]