[
    {
        "animeEng": "Pok\u00e9mon: Gotta Dance",
        "animeRomaji": "Odoru Pok\u00e9mon Himitsu Kichi",
        "songName": "Polka O Dolka",
        "artist": "Inuko Inuyama & Norusoru Gasshou-dan",
        "type": "Opening 1",
        "correctCount": 35,
        "songDuration": null,
        "songNumber": 1,
        "activePlayerCount": 144,
        "LinkVideo": "https://files.catbox.moe/n2wx4y.webm",
        "LinkMp3": "https://files.catbox.moe/z1qxuw.mp3",
        "annId": 7143
    },
    {
        "animeEng": "To Love-Ru Darkness",
        "animeRomaji": "To Love-Ru Darkness",
        "songName": "Rakuen PROJECT",
        "artist": "Ray",
        "type": "Opening 1",
        "correctCount": 68,
        "songDuration": null,
        "songNumber": 2,
        "activePlayerCount": 143,
        "LinkVideo": "https://files.catbox.moe/r706tc.webm",
        "LinkMp3": "https://files.catbox.moe/jwvtnc.mp3",
        "annId": 14209
    },
    {
        "animeEng": "Beyond the Boundary -I'LL BE HERE- Past",
        "animeRomaji": "Gekij\u014dban Ky\u014dkai no Kanata -I'll Be Here- Kako-hen",
        "songName": "Daisy",
        "artist": "STEREO DIVE FOUNDATION",
        "type": "Ending 1",
        "correctCount": 84,
        "songDuration": null,
        "songNumber": 3,
        "activePlayerCount": 142,
        "LinkVideo": "https://files.catbox.moe/tlyh3c.webm",
        "LinkMp3": "https://files.catbox.moe/7s0lsw.mp3",
        "annId": 16980
    },
    {
        "animeEng": "Karate Master",
        "animeRomaji": "Karate Baka Ichidai",
        "songName": "Karatemichi Otokomichi",
        "artist": "Terutomo Yamazaki",
        "type": "Ending 1",
        "correctCount": 5,
        "songDuration": null,
        "songNumber": 4,
        "activePlayerCount": 141,
        "LinkVideo": "https://files.catbox.moe/x4v4pe.webm",
        "LinkMp3": "https://files.catbox.moe/w66myy.mp3",
        "annId": 203,
        "correctPlayers": [
            "Hooman",
            "Zylda",
            "Kumishter",
            "ryser",
            "Pratasz"
        ]
    },
    {
        "animeEng": "Initial D: Fourth Stage",
        "animeRomaji": "Initial D: Fourth Stage",
        "songName": "NO CONTROL",
        "artist": "MANUEL",
        "type": "Insert Song",
        "correctCount": 6,
        "songDuration": null,
        "songNumber": 5,
        "activePlayerCount": 138,
        "LinkVideo": "https://files.catbox.moe/t2rjf1.webm",
        "LinkMp3": "https://files.catbox.moe/xri6qx.mp3",
        "annId": 3396
    },
    {
        "animeEng": "Wagnaria!!2",
        "animeRomaji": "Working'!!",
        "songName": "COOLISH WALK",
        "artist": "Kana Asumi, Eri Kitamura, Saki Fujita",
        "type": "Opening 1",
        "correctCount": 38,
        "songDuration": null,
        "songNumber": 6,
        "activePlayerCount": 139,
        "LinkVideo": "https://files.catbox.moe/9583ep.webm",
        "LinkMp3": "https://files.catbox.moe/pky40y.mp3",
        "annId": 12841
    },
    {
        "animeEng": "Hozuki's Coolheadedness",
        "animeRomaji": "H\u014dzuki no Reitetsu",
        "songName": "Riverside Lovers (Naraku no Koi)",
        "artist": "Sumire Uesaka",
        "type": "Ending 1",
        "correctCount": 16,
        "songDuration": null,
        "songNumber": 7,
        "activePlayerCount": 138,
        "LinkVideo": "https://files.catbox.moe/528x5r.webm",
        "LinkMp3": "https://files.catbox.moe/k9g1ij.mp3",
        "annId": 19364
    },
    {
        "animeEng": "PriPara",
        "animeRomaji": "PriPara",
        "songName": "Panic Labyrinth",
        "artist": "Reina Ueda",
        "type": "Insert Song",
        "correctCount": 52,
        "songDuration": null,
        "songNumber": 8,
        "activePlayerCount": 137,
        "LinkVideo": "https://files.catbox.moe/tuya6n.webm",
        "LinkMp3": "https://files.catbox.moe/k2hcnx.mp3",
        "annId": 16674
    },
    {
        "animeEng": "ORESUKI Are you the only one who loves me?",
        "animeRomaji": "Ore o Suki na no wa Omae Dake ka yo",
        "songName": "Papapa",
        "artist": "Shuka Sait\u014d",
        "type": "Opening 1",
        "correctCount": 73,
        "songDuration": null,
        "songNumber": 9,
        "activePlayerCount": 135,
        "LinkVideo": "https://files.catbox.moe/tquk7q.webm",
        "LinkMp3": "https://files.catbox.moe/ispyhy.mp3",
        "annId": 21483
    },
    {
        "animeEng": "Gourmet Girl Graffiti",
        "animeRomaji": "K\u014dfuku Graffiti",
        "songName": "Egao ni Naru",
        "artist": "Rina Satou & Asuka \u014cgame",
        "type": "Ending 1",
        "correctCount": 25,
        "songDuration": null,
        "songNumber": 10,
        "activePlayerCount": 135,
        "LinkVideo": "https://files.catbox.moe/5acxlo.webm",
        "LinkMp3": "https://files.catbox.moe/rc2hjy.mp3",
        "annId": 16131
    },
    {
        "animeEng": "Space Battleship Yamato 2199: Voyage of Remembrance",
        "animeRomaji": "Uch\u016b Senkan Yamato 2199: Tsuioku no K\u014dkai",
        "songName": "Uch\u016b Senkan Yamato",
        "artist": "Isao Sasaki",
        "type": "Opening 1",
        "correctCount": 85,
        "songDuration": null,
        "songNumber": 11,
        "activePlayerCount": 134,
        "LinkVideo": "https://files.catbox.moe/7kf0wa.webm",
        "LinkMp3": "https://files.catbox.moe/gg0lbs.mp3",
        "annId": 16187
    },
    {
        "animeEng": "Wild Arms - Twilight Venom",
        "animeRomaji": "Wild Arms - Twilight Venom",
        "songName": "Hoshizora Jet",
        "artist": "Guitar Wolf",
        "type": "Ending 2",
        "correctCount": 2,
        "songDuration": null,
        "songNumber": 12,
        "activePlayerCount": 133,
        "LinkVideo": "https://files.catbox.moe/6rm5sc.webm",
        "LinkMp3": "https://files.catbox.moe/sioj4e.mp3",
        "annId": 1025,
        "correctPlayers": [
            "Zylda",
            "GoroShigenoSimp"
        ]
    },
    {
        "animeEng": "The Daughter of Twenty Faces",
        "animeRomaji": "Nij\u016b-Mens\u014d no Musume",
        "songName": "Kasumi",
        "artist": "369",
        "type": "Opening 1",
        "correctCount": 7,
        "songDuration": null,
        "songNumber": 13,
        "activePlayerCount": 133,
        "LinkVideo": "https://files.catbox.moe/65rl74.webm",
        "LinkMp3": "https://files.catbox.moe/ju8cz8.mp3",
        "annId": 9163
    },
    {
        "animeEng": "Beastars",
        "animeRomaji": "Beastars",
        "songName": "Yasashii Suisei",
        "artist": "YOASOBI",
        "type": "Ending 1",
        "correctCount": 52,
        "songDuration": null,
        "songNumber": 14,
        "activePlayerCount": 133,
        "LinkVideo": "https://files.catbox.moe/c1eusr.webm",
        "LinkMp3": "https://files.catbox.moe/v17ka9.mp3",
        "annId": 23749
    },
    {
        "animeEng": "XL Boss",
        "animeRomaji": "XL J\u043e\u0304shi",
        "songName": "XL BO$$",
        "artist": "Haruki Ishiya",
        "type": "Ending 1",
        "correctCount": 10,
        "songDuration": null,
        "songNumber": 15,
        "activePlayerCount": 133,
        "LinkVideo": "https://files.catbox.moe/nf77z9.webm",
        "LinkMp3": "https://files.catbox.moe/alhgl2.mp3",
        "annId": 22512
    },
    {
        "animeEng": "Marie & Gali ver. 2.0",
        "animeRomaji": "Marie & Gali ver. 2.0",
        "songName": "Kagakuru! Miracle!",
        "artist": "Chiemi Chiba & Marina Inoue",
        "type": "Opening 1",
        "correctCount": 39,
        "startTime": 0,
        "songDuration": 23.688,
        "songNumber": 16,
        "activePlayerCount": 133,
        "LinkVideo": "https://files.catbox.moe/jr7pu9.webm",
        "LinkMp3": "https://files.catbox.moe/39u3az.mp3",
        "annId": 11405
    },
    {
        "animeEng": "Mythical Detective Loki Ragnarok",
        "animeRomaji": "Matantei Loki Ragnarok",
        "songName": "Believe in Heaven",
        "artist": "Shinichirou Miki",
        "type": "Ending 1",
        "correctCount": 8,
        "songDuration": null,
        "songNumber": 17,
        "activePlayerCount": 132,
        "LinkVideo": "https://files.catbox.moe/70zlnb.webm",
        "LinkMp3": "https://files.catbox.moe/sl6qgo.mp3",
        "annId": 75
    },
    {
        "animeEng": "Tamako Love Story",
        "animeRomaji": "Tamako Love Story",
        "songName": "Mamedai-san e",
        "artist": "Y\u014dko Hikasa",
        "type": "Insert Song",
        "correctCount": 28,
        "startTime": 0,
        "songDuration": null,
        "songNumber": 18,
        "activePlayerCount": 130,
        "LinkVideo": "https://files.catbox.moe/8wiqxg.webm",
        "LinkMp3": "https://files.catbox.moe/n3abo9.mp3",
        "annId": 15900
    },
    {
        "animeEng": "Cells at Work! Kaze Sh\u014dk\u014dgun",
        "animeRomaji": "Cells at Work! Kaze Sh\u014dk\u014dgun",
        "songName": "CheerS",
        "artist": "ClariS",
        "type": "Ending 1",
        "correctCount": 84,
        "songDuration": null,
        "songNumber": 19,
        "activePlayerCount": 130,
        "LinkVideo": "https://files.catbox.moe/aaku3k.webm",
        "LinkMp3": "https://files.catbox.moe/vnnuc2.mp3",
        "annId": 21586
    },
    {
        "animeEng": "Kiratto Pri\u2606Chan",
        "animeRomaji": "Kiratto Pri\u2606Chan",
        "songName": "Ready Action!",
        "artist": "Koko Hayashi & Miyu Kubota",
        "type": "Insert Song",
        "correctCount": 10,
        "startTime": 0,
        "songDuration": null,
        "songNumber": 20,
        "activePlayerCount": 129,
        "LinkVideo": "https://files.catbox.moe/tjkw9l.webm",
        "LinkMp3": "https://files.catbox.moe/pcd07c.mp3",
        "annId": 20580
    },
    {
        "animeEng": "Nozoki Ana",
        "animeRomaji": "Nozoki Ana",
        "songName": "Going to Ride",
        "artist": "predia",
        "type": "Ending 1",
        "correctCount": 13,
        "songDuration": null,
        "songNumber": 21,
        "activePlayerCount": 130,
        "LinkVideo": "https://files.catbox.moe/okbxk9.webm",
        "LinkMp3": "https://files.catbox.moe/cr157k.mp3",
        "annId": 15059
    },
    {
        "animeEng": "Food Wars! The Fourth Plate",
        "animeRomaji": "Shokugeki no S\u014dma: Shin no Sara",
        "songName": "Emblem",
        "artist": "nano.RIPE",
        "type": "Ending 1",
        "correctCount": 33,
        "startTime": 0,
        "songDuration": null,
        "songNumber": 22,
        "activePlayerCount": 130,
        "LinkVideo": "https://files.catbox.moe/3smgut.webm",
        "LinkMp3": "https://files.catbox.moe/00hyu9.mp3",
        "annId": 22395
    },
    {
        "animeEng": "Mushoku Tensei: Jobless Reincarnation",
        "animeRomaji": "Mushoku Tensei: Isekai Ittara Honki Dasu",
        "songName": "Tabibito no Uta",
        "artist": "Yuiko Ohara",
        "type": "Opening 1",
        "correctCount": 83,
        "songDuration": null,
        "songNumber": 23,
        "activePlayerCount": 127,
        "LinkVideo": "https://files.catbox.moe/kg79cc.webm",
        "LinkMp3": "https://files.catbox.moe/jfpxpm.mp3",
        "annId": 22589
    },
    {
        "animeEng": "Arc the Lad",
        "animeRomaji": "Arc the Lad",
        "songName": "Happy Tomorrow",
        "artist": "NiNa",
        "type": "Ending 1",
        "correctCount": 4,
        "startTime": 0,
        "songDuration": null,
        "songNumber": 24,
        "activePlayerCount": 126,
        "LinkVideo": "https://files.catbox.moe/s5h4sp.webm",
        "LinkMp3": "https://files.catbox.moe/jid29b.mp3",
        "annId": 246,
        "correctPlayers": [
            "klusty",
            "Rukawa11",
            "Catisam",
            "konomi"
        ]
    },
    {
        "animeEng": "Rent-a-Girlfriend",
        "animeRomaji": "Kanojo, Okarishimasu",
        "songName": "FIRST DROP",
        "artist": "halca",
        "type": "Ending 2",
        "correctCount": 69,
        "songDuration": null,
        "songNumber": 25,
        "activePlayerCount": 128,
        "LinkVideo": "https://files.catbox.moe/rsue65.webm",
        "annId": 22933
    },
    {
        "animeEng": "Carole & Tuesday",
        "animeRomaji": "Carole & Tuesday",
        "songName": "Someday I'll Find My Way Home",
        "artist": "Nai Br.XX&Celeina Ann",
        "type": "Insert Song",
        "correctCount": 55,
        "startTime": 0,
        "songDuration": null,
        "songNumber": 26,
        "activePlayerCount": 126,
        "LinkVideo": "https://files.catbox.moe/5x1i19.webm",
        "LinkMp3": "https://files.catbox.moe/4cyktw.mp3",
        "annId": 21557
    },
    {
        "animeEng": "One Punch Man",
        "animeRomaji": "One Punch Man",
        "songName": "Seijaku no Apostle",
        "artist": "JAM Project",
        "type": "Opening 1",
        "correctCount": 107,
        "songDuration": null,
        "songNumber": 27,
        "activePlayerCount": 125,
        "LinkVideo": "https://files.catbox.moe/8qewe6.webm",
        "LinkMp3": "https://files.catbox.moe/3zyt9g.mp3",
        "annId": 21282
    },
    {
        "animeEng": "Initial D: Fifth Stage",
        "animeRomaji": "Initial D: Fifth Stage",
        "songName": "RUNAWAY",
        "artist": "LEO RIVER",
        "type": "Insert Song",
        "correctCount": 16,
        "startTime": 0,
        "songDuration": null,
        "songNumber": 28,
        "activePlayerCount": 126,
        "LinkVideo": "https://files.catbox.moe/27uoxp.webm",
        "LinkMp3": "https://files.catbox.moe/2fz3xn.mp3",
        "annId": 14572
    },
    {
        "animeEng": "Pani Poni Dash!",
        "animeRomaji": "Pani Poni Dash!",
        "songName": "Moonlight Love",
        "artist": "Momotsuki Gakuen 1-nen D-gumi",
        "type": "Ending 4",
        "correctCount": 5,
        "songDuration": null,
        "songNumber": 29,
        "activePlayerCount": 125,
        "LinkVideo": "https://files.catbox.moe/0ytoi7.webm",
        "LinkMp3": "https://files.catbox.moe/qcev2r.mp3",
        "annId": 5556,
        "correctPlayers": [
            "Rejax",
            "klusty",
            "SakuraMitsutsuki",
            "nyamu",
            "Loppa"
        ]
    },
    {
        "animeEng": "To Your Eternity",
        "animeRomaji": "Fumetsu no Anata e",
        "songName": "PINK BLOOD",
        "artist": "Hikaru Utada",
        "type": "Opening 1",
        "correctCount": 54,
        "startTime": 0,
        "songDuration": null,
        "songNumber": 30,
        "activePlayerCount": 125,
        "LinkVideo": "https://files.catbox.moe/grzr0o.webm",
        "LinkMp3": "https://files.catbox.moe/2qh20p.mp3",
        "annId": 23600
    },
    {
        "animeEng": "Super Dimension Century Orguss",
        "animeRomaji": "Ch\u014djik\u016b Seiki Orguss",
        "songName": "Kokoro wa Gypsy",
        "artist": "Casey Rankin",
        "type": "Ending 1",
        "correctCount": 9,
        "songDuration": null,
        "songNumber": 31,
        "activePlayerCount": 126,
        "LinkVideo": "https://files.catbox.moe/svlubb.webm",
        "LinkMp3": "https://files.catbox.moe/wo76ym.mp3",
        "annId": 708
    },
    {
        "animeEng": "Senki Zessh\u014d Symphogear G",
        "animeRomaji": "Senki Zessh\u014d Symphogear G",
        "songName": "Dark Oblivion",
        "artist": "Y\u014dko Hikasa",
        "type": "Insert Song",
        "correctCount": 12,
        "startTime": 0,
        "songDuration": null,
        "songNumber": 32,
        "activePlayerCount": 126,
        "LinkVideo": "https://files.catbox.moe/q1kysx.webm",
        "LinkMp3": "https://files.catbox.moe/10yj4q.mp3",
        "annId": 15228
    },
    {
        "animeEng": "Groizer X",
        "animeRomaji": "Groizer X",
        "songName": "Go Go Groizer X",
        "artist": "Kou Ikeda",
        "type": "Ending 1",
        "correctCount": 9,
        "songDuration": null,
        "songNumber": 33,
        "activePlayerCount": 125,
        "LinkVideo": "https://files.catbox.moe/qik638.webm",
        "LinkMp3": "https://files.catbox.moe/b7i1wv.mp3",
        "annId": 2243
    },
    {
        "animeEng": "Air in Summer",
        "animeRomaji": "Air in Summer",
        "songName": "Tori no Uta",
        "artist": "Lia",
        "type": "Opening 1",
        "correctCount": 88,
        "startTime": 0,
        "songDuration": null,
        "songNumber": 34,
        "activePlayerCount": 125,
        "LinkVideo": "https://files.catbox.moe/kjwjmg.webm",
        "LinkMp3": "https://files.catbox.moe/66ngz3.mp3",
        "annId": 5428
    },
    {
        "animeEng": "Armored Trooper Votoms: Pailsen Files",
        "animeRomaji": "S\u014dk\u014d Kihei VOTOMS: Pailsen Files",
        "songName": "Hon\u014d no Sadame",
        "artist": "TETSU",
        "type": "Ending 1",
        "correctCount": 28,
        "songDuration": null,
        "songNumber": 35,
        "activePlayerCount": 125,
        "LinkVideo": "https://files.catbox.moe/t7r2r9.webm",
        "LinkMp3": "https://files.catbox.moe/teo185.mp3",
        "annId": 10255
    },
    {
        "animeEng": "Ore o Suki na no wa Omae Dake ka yo ~Ore-tachi no Game Set~",
        "animeRomaji": "Ore o Suki na no wa Omae Dake ka yo ~Ore-tachi no Game Set~",
        "songName": "Hanakotoba",
        "artist": "Haruka Tomatsu, Haruka Shiraishi, Sachika Misawa",
        "type": "Ending 1",
        "correctCount": 55,
        "startTime": 0,
        "songDuration": null,
        "songNumber": 36,
        "activePlayerCount": 124,
        "LinkVideo": "https://files.catbox.moe/ai876i.webm",
        "LinkMp3": "https://files.catbox.moe/xb8now.mp3",
        "annId": 22950
    },
    {
        "animeEng": "Battle Spirits: Brave",
        "animeRomaji": "Battle Spirits: Brave",
        "songName": "Kimi ga Matteru",
        "artist": "Mitsuhiro Oikawa",
        "type": "Ending 2",
        "correctCount": 14,
        "songDuration": null,
        "songNumber": 37,
        "activePlayerCount": 125,
        "LinkVideo": "https://files.catbox.moe/qpn54q.webm",
        "LinkMp3": "https://files.catbox.moe/lu34gz.mp3",
        "annId": 11730
    },
    {
        "animeEng": "Hand Shakers",
        "animeRomaji": "Hand Shakers",
        "songName": "One Hand Message",
        "artist": "OxT",
        "type": "Opening 1",
        "correctCount": 42,
        "startTime": 0,
        "songDuration": null,
        "songNumber": 38,
        "activePlayerCount": 124,
        "LinkVideo": "https://files.catbox.moe/nlpehr.webm",
        "LinkMp3": "https://files.catbox.moe/hoixwb.mp3",
        "annId": 18690
    },
    {
        "animeEng": "Ear of the Golden Dragon",
        "animeRomaji": "K\u014dry\u016b no Mimi",
        "songName": "Tensh\u014d",
        "artist": "Toshiyuki Morikawa",
        "type": "Opening 1",
        "correctCount": 3,
        "songDuration": null,
        "songNumber": 39,
        "activePlayerCount": 123,
        "LinkVideo": "https://files.catbox.moe/jforsb.webm",
        "LinkMp3": "https://files.catbox.moe/xnvxea.mp3",
        "annId": 7394,
        "correctPlayers": [
            "SakuraMitsutsuki",
            "Rukawa11",
            "ryser"
        ]
    },
    {
        "animeEng": "Grendizer - Getter Robo G - Great Mazinger Kessen! Daikaij\u016b",
        "animeRomaji": "Grendizer - Getter Robo G - Great Mazinger Kessen! Daikaij\u016b",
        "songName": "Iza Yuke! Robot Gundan",
        "artist": "Isao Sasaki & Columbia Yurikago-kai",
        "type": "Opening 1",
        "correctCount": 20,
        "startTime": 0,
        "songDuration": null,
        "songNumber": 40,
        "activePlayerCount": 123,
        "LinkVideo": "https://files.catbox.moe/pq5quc.webm",
        "LinkMp3": "https://files.catbox.moe/mmvudb.mp3",
        "annId": 3616
    },
    {
        "animeEng": "Tide-Line Blue",
        "animeRomaji": "Tide-Line Blue",
        "songName": "Blue Treasure",
        "artist": "Minami Kuribayashi",
        "type": "Opening 1",
        "correctCount": 11,
        "songDuration": null,
        "songNumber": 41,
        "activePlayerCount": 122,
        "LinkVideo": "https://files.catbox.moe/xpiqss.webm",
        "LinkMp3": "https://files.catbox.moe/a68dty.mp3",
        "annId": 5460
    },
    {
        "animeEng": "Urusei Yatsura",
        "animeRomaji": "Urusei Yatsura",
        "songName": "I, I, You & Ai",
        "artist": "Izumi Kobayashi",
        "type": "Ending 4",
        "correctCount": 17,
        "startTime": 0,
        "songDuration": null,
        "songNumber": 42,
        "activePlayerCount": 120,
        "LinkVideo": "https://files.catbox.moe/rl1d71.webm",
        "LinkMp3": "https://files.catbox.moe/cxadqx.mp3",
        "annId": 90
    },
    {
        "animeEng": "Sword Art Online: Alicization - War of Underworld",
        "animeRomaji": "Sword Art Online: Alicization - War of Underworld",
        "songName": "longing",
        "artist": "Sayaka Kanda",
        "type": "Insert Song",
        "correctCount": 53,
        "songDuration": null,
        "songNumber": 43,
        "activePlayerCount": 121,
        "LinkVideo": "https://files.catbox.moe/1eqz2k.webm",
        "LinkMp3": "https://files.catbox.moe/m7bksu.mp3",
        "annId": 23030
    },
    {
        "animeEng": "La storia della Arcana Famiglia",
        "animeRomaji": "La storia della Arcana Famiglia",
        "songName": "Magenta Another Sky",
        "artist": "Hitomi Harada",
        "type": "Opening 1",
        "correctCount": 27,
        "startTime": 0,
        "songDuration": null,
        "songNumber": 44,
        "activePlayerCount": 121,
        "LinkVideo": "https://files.catbox.moe/fjqg5a.webm",
        "LinkMp3": "https://files.catbox.moe/gfy9ve.mp3",
        "annId": 14041
    },
    {
        "animeEng": "Jewelpet Sunshine",
        "animeRomaji": "Jewelpet Sunshine",
        "songName": "Sounds of Silence",
        "artist": "Simon & Garfunkel",
        "type": "Insert Song",
        "correctCount": 34,
        "songDuration": null,
        "songNumber": 45,
        "activePlayerCount": 121,
        "LinkVideo": "https://files.catbox.moe/9l9c3t.webm",
        "LinkMp3": "https://files.catbox.moe/06r2nt.mp3",
        "annId": 12527
    },
    {
        "animeEng": "How Not to Summon a Demon Lord \u03a9",
        "animeRomaji": "Isekai Ma\u014d to Sh\u014dkan Sh\u014djo no Dorei Majutsu \u03a9",
        "songName": "YOU YOU YOU",
        "artist": "Y\u016b Serizawa with DJ KOO & MOTSU",
        "type": "Ending 1",
        "correctCount": 64,
        "startTime": 0,
        "songDuration": null,
        "songNumber": 46,
        "activePlayerCount": 120,
        "LinkVideo": "https://files.catbox.moe/mofzlj.webm",
        "LinkMp3": "https://files.catbox.moe/csk2m9.mp3",
        "annId": 23505
    },
    {
        "animeEng": "Ikki Tousen: Western Wolves",
        "animeRomaji": "Ikkitousen: Western Wolves",
        "songName": "Kurenai no Akatsuki",
        "artist": "Yui Sakakibara",
        "type": "Ending 1",
        "correctCount": 4,
        "songDuration": null,
        "songNumber": 47,
        "activePlayerCount": 121,
        "LinkVideo": "https://files.catbox.moe/bcqjhl.webm",
        "LinkMp3": "https://files.catbox.moe/cb9gqc.mp3",
        "annId": 22179,
        "correctPlayers": [
            "Alicia_Charlotte",
            "Runner",
            "Shuuka",
            "ryser"
        ]
    },
    {
        "animeEng": "Shin Megami Tensei Devil Children: Light & Dark",
        "animeRomaji": "Shin Megami Tensei Devil Children: Light & Dark",
        "songName": "Happy Life",
        "artist": "Little Voice",
        "type": "Ending 1",
        "correctCount": 0,
        "startTime": 0,
        "songDuration": null,
        "songNumber": 48,
        "activePlayerCount": 121,
        "LinkVideo": "https://files.catbox.moe/lk3bf6.webm",
        "LinkMp3": "https://files.catbox.moe/gi7zab.mp3",
        "annId": 1832
    },
    {
        "animeEng": "Sailor Moon R the Movie: Promise of the Rose",
        "animeRomaji": "Bish\u014djo Senshi Sailor Moon R: The Movie",
        "songName": "Moonlight Densetsu",
        "artist": "DALI",
        "type": "Opening 1",
        "correctCount": 92,
        "songDuration": null,
        "songNumber": 49,
        "activePlayerCount": 121,
        "LinkVideo": "https://files.catbox.moe/n7bgqk.webm",
        "LinkMp3": "https://files.catbox.moe/2l2ggb.mp3",
        "annId": 811
    },
    {
        "animeEng": "Sword Gai: The Animation",
        "animeRomaji": "Sword Gai: The Animation",
        "songName": "Sadamegoto",
        "artist": "Y\u016bto Uemura",
        "type": "Opening 1",
        "correctCount": 24,
        "startTime": 0,
        "songDuration": null,
        "songNumber": 50,
        "activePlayerCount": 122,
        "LinkVideo": "https://files.catbox.moe/g7x3mn.webm",
        "LinkMp3": "https://files.catbox.moe/dv4mik.mp3",
        "annId": 19984
    },
    {
        "animeEng": "Cyborg Kuro-chan",
        "animeRomaji": "Cyborg Kuro-chan",
        "songName": "Guruguru Kuro-chan",
        "artist": "LADY Q",
        "type": "Opening 1",
        "correctCount": 24,
        "songDuration": null,
        "songNumber": 51,
        "activePlayerCount": 122,
        "LinkVideo": "https://files.catbox.moe/abqldz.webm",
        "LinkMp3": "https://files.catbox.moe/7i4oim.mp3",
        "annId": 1286
    },
    {
        "animeEng": "WATATEN!: an Angel Flew Down to Me",
        "animeRomaji": "Watashi ni Tenshi ga Maiorita!",
        "songName": "Kimama na Tenshi-tachi",
        "artist": "Wataten\u26065",
        "type": "Opening 1",
        "correctCount": 72,
        "startTime": 0,
        "songDuration": null,
        "songNumber": 52,
        "activePlayerCount": 121,
        "LinkVideo": "https://files.catbox.moe/fc26no.webm",
        "LinkMp3": "https://files.catbox.moe/1xd5tc.mp3",
        "annId": 21114
    },
    {
        "animeEng": "The Ambition of Oda Nobuna",
        "animeRomaji": "Oda Nobuna no Yab\u014d",
        "songName": "Link",
        "artist": "Aimi",
        "type": "Opening 1",
        "correctCount": 49,
        "songDuration": null,
        "songNumber": 53,
        "activePlayerCount": 121,
        "LinkVideo": "https://files.catbox.moe/ivs56e.webm",
        "LinkMp3": "https://files.catbox.moe/k64jni.mp3",
        "annId": 13761
    },
    {
        "animeEng": "Tales of the Abyss",
        "animeRomaji": "Tales of the Abyss",
        "songName": "Karma",
        "artist": "BUMP OF CHICKEN",
        "type": "Opening 1",
        "correctCount": 46,
        "startTime": 0,
        "songDuration": null,
        "songNumber": 54,
        "activePlayerCount": 123,
        "LinkVideo": "https://files.catbox.moe/oed6vi.webm",
        "LinkMp3": "https://files.catbox.moe/tp8o5k.mp3",
        "annId": 10149
    },
    {
        "animeEng": "Aggretsuko: We Wish You a Metal Christmas",
        "animeRomaji": "Aggretsuko: We Wish You a Metal Christmas",
        "songName": "Jingle Bells",
        "artist": "Tim Timebomb and the Interrupters",
        "type": "Ending 1",
        "correctCount": 84,
        "songDuration": null,
        "songNumber": 55,
        "activePlayerCount": 122,
        "LinkVideo": "https://files.catbox.moe/jy3eix.webm",
        "LinkMp3": "https://files.catbox.moe/fh4fym.mp3",
        "annId": 21677
    },
    {
        "animeEng": "Mad\u014d King Granzort: B\u014dken-hen",
        "animeRomaji": "Mad\u014d King Granzort: B\u014dken-hen",
        "songName": "Hikari no Senshi-tachi",
        "artist": "Kenji Suzuki",
        "type": "Opening 1",
        "correctCount": 34,
        "startTime": 0,
        "songDuration": null,
        "songNumber": 56,
        "activePlayerCount": 122,
        "LinkVideo": "https://files.catbox.moe/aohxsj.webm",
        "LinkMp3": "https://files.catbox.moe/34yery.mp3",
        "annId": 4417
    },
    {
        "animeEng": "Maken-Ki! Battling Venus 2",
        "animeRomaji": "Maken-Ki! Ts\u016b",
        "songName": "Cherish",
        "artist": "sweet ARMS",
        "type": "Opening 1",
        "correctCount": 15,
        "songDuration": null,
        "songNumber": 57,
        "activePlayerCount": 122,
        "LinkVideo": "https://files.catbox.moe/bcamzo.webm",
        "LinkMp3": "https://files.catbox.moe/m9207b.mp3",
        "annId": 15335
    },
    {
        "animeEng": "Extra Olympia Kyklos",
        "animeRomaji": "Bessatsu Olympia Kyklos",
        "songName": "Kokugai de wa Betsu no Kao",
        "artist": "Akihito Hayashi",
        "type": "Ending 11",
        "correctCount": 43,
        "startTime": 0,
        "songDuration": null,
        "songNumber": 58,
        "activePlayerCount": 121,
        "LinkVideo": "https://files.catbox.moe/vqmqpd.webm",
        "LinkMp3": "https://files.catbox.moe/vfp5ip.mp3",
        "annId": 23035
    },
    {
        "animeEng": "Star Blazers",
        "animeRomaji": "Uch\u016b Senkan Yamato",
        "songName": "Uch\u016b Senkan Yamato",
        "artist": "Isao Sasaki",
        "type": "Opening 1",
        "correctCount": 96,
        "songDuration": null,
        "songNumber": 59,
        "activePlayerCount": 121,
        "LinkVideo": "https://files.catbox.moe/7dly23.webm",
        "LinkMp3": "https://files.catbox.moe/9w2mu4.mp3",
        "annId": 338
    },
    {
        "animeEng": "Lights of the Clione",
        "animeRomaji": "Clione no Akari",
        "songName": "Clione no Akari",
        "artist": "aki",
        "type": "Opening 1",
        "correctCount": 9,
        "startTime": 0,
        "songDuration": null,
        "songNumber": 60,
        "activePlayerCount": 120,
        "LinkVideo": "https://files.catbox.moe/w0ar2a.webm",
        "LinkMp3": "https://files.catbox.moe/op11do.mp3",
        "annId": 19360
    },
    {
        "animeEng": "Inazuma Eleven",
        "animeRomaji": "Inazuma Eleven",
        "songName": "Bokura no Goal!",
        "artist": "T-Pistonz+KMC",
        "type": "Opening 6",
        "correctCount": 49,
        "songDuration": null,
        "songNumber": 61,
        "activePlayerCount": 120,
        "LinkVideo": "https://files.catbox.moe/6ttk10.webm",
        "LinkMp3": "https://files.catbox.moe/fk6do6.mp3",
        "annId": 10236
    },
    {
        "animeEng": "Chobits",
        "animeRomaji": "Chobits",
        "songName": "Let Me Be With You",
        "artist": "ROUND TABLE featuring Nino",
        "type": "Opening 1",
        "correctCount": 88,
        "startTime": 0,
        "songDuration": null,
        "songNumber": 62,
        "activePlayerCount": 121,
        "LinkVideo": "https://files.catbox.moe/0dz49k.webm",
        "LinkMp3": "https://files.catbox.moe/waw6o3.mp3",
        "annId": 357
    },
    {
        "animeEng": "Rail Romanesque",
        "animeRomaji": "Rail Romanesque",
        "songName": "Bon Voy@ge!",
        "artist": "Masayo Shinkai",
        "type": "Ending 3",
        "correctCount": 24,
        "songDuration": null,
        "songNumber": 63,
        "activePlayerCount": 119,
        "LinkVideo": "https://files.catbox.moe/4ahrsw.webm",
        "LinkMp3": "https://files.catbox.moe/2u8uer.mp3",
        "annId": 23523
    },
    {
        "animeEng": "Masuda K\u014dsuke Gekij\u014d Gag Manga Biyori+",
        "animeRomaji": "Masuda K\u014dsuke Gekij\u014d Gag Manga Biyori+",
        "songName": "Kib\u014d no Uch\u016b no...",
        "artist": "Yuji Ueda",
        "type": "Opening 1",
        "correctCount": 4,
        "startTime": 0,
        "songDuration": null,
        "songNumber": 64,
        "activePlayerCount": 119,
        "LinkVideo": "https://files.catbox.moe/fldov9.webm",
        "LinkMp3": "https://files.catbox.moe/bfhsgl.mp3",
        "annId": 11194,
        "correctPlayers": [
            "noon",
            "DudeWeedLmao",
            "TowaSamaTenshi",
            "GoroShigenoSimp"
        ]
    },
    {
        "animeEng": "Gear Fighter Dendoh",
        "animeRomaji": "Gear Senshi Dendoh",
        "songName": "W\u30fbInfinity",
        "artist": "Hironobu Kageyama with Hitomi Mieno",
        "type": "Opening 1",
        "correctCount": 8,
        "songDuration": null,
        "songNumber": 65,
        "activePlayerCount": 119,
        "LinkVideo": "https://files.catbox.moe/i224f3.webm",
        "LinkMp3": "https://files.catbox.moe/ddtkev.mp3",
        "annId": 2211
    },
    {
        "animeEng": "LOVE and LIES",
        "animeRomaji": "Koi to Uso",
        "songName": "Kanashii Ureshii",
        "artist": "Frederic",
        "type": "Opening 1",
        "correctCount": 101,
        "startTime": 2,
        "songDuration": 89.064,
        "songNumber": 66,
        "activePlayerCount": 119,
        "LinkVideo": "https://files.catbox.moe/i98t5p.webm",
        "LinkMp3": "https://files.catbox.moe/dhf7sq.mp3",
        "annId": 19145
    },
    {
        "animeEng": "Inuyasha the Movie 3: Swords of an Honorable Ruler",
        "animeRomaji": "InuYasha: Tenka Had\u014d no Ken",
        "songName": "Four Seasons",
        "artist": "Namie Amuro",
        "type": "Ending 1",
        "correctCount": 12,
        "songDuration": null,
        "songNumber": 67,
        "activePlayerCount": 119,
        "LinkVideo": "https://files.catbox.moe/7f1h0e.webm",
        "LinkMp3": "https://files.catbox.moe/0j7atq.mp3",
        "annId": 2981
    },
    {
        "animeEng": "Pop and the Queen's Cursed Rose",
        "animeRomaji": "Ojamajo Doremi #",
        "songName": "Ojamajo wa Koko ni Iru",
        "artist": "MAHO-dou",
        "type": "Opening 1",
        "correctCount": 52,
        "startTime": 2,
        "songDuration": null,
        "songNumber": 68,
        "activePlayerCount": 120,
        "LinkVideo": "https://files.catbox.moe/5v3gmb.webm",
        "LinkMp3": "https://files.catbox.moe/i8duo6.mp3",
        "annId": 3796
    },
    {
        "animeEng": "CROSS ANGE Rondo of Angel and Dragon",
        "animeRomaji": "Cross Ange: Tenshi to Ry\u016b no Rondo",
        "songName": "Necessary",
        "artist": "Nana Mizuki",
        "type": "Insert Song",
        "correctCount": 10,
        "songDuration": null,
        "songNumber": 69,
        "activePlayerCount": 120,
        "LinkVideo": "https://files.catbox.moe/s3uiho.webm",
        "LinkMp3": "https://files.catbox.moe/na5ra5.mp3",
        "annId": 16177
    },
    {
        "animeEng": "Mazica Party",
        "animeRomaji": "Mazica Party",
        "songName": "Mazi-ka",
        "artist": "Yusuke",
        "type": "Opening 1",
        "correctCount": 16,
        "startTime": 2,
        "songDuration": null,
        "songNumber": 70,
        "activePlayerCount": 119,
        "LinkVideo": "https://files.catbox.moe/r49bzy.webm",
        "LinkMp3": "https://files.catbox.moe/xizgop.mp3",
        "annId": 24099
    },
    {
        "animeEng": "Mazinger Z tai Ankoku Daish\u014dgun",
        "animeRomaji": "Mazinger Z tai Ankoku Daish\u014dgun",
        "songName": "Z no Theme",
        "artist": "Ichiro Mizuki",
        "type": "Insert Song",
        "correctCount": 99,
        "songDuration": null,
        "songNumber": 71,
        "activePlayerCount": 120,
        "LinkVideo": "https://files.catbox.moe/khivaz.webm",
        "LinkMp3": "https://files.catbox.moe/7o11ou.mp3",
        "annId": 3593
    },
    {
        "animeEng": "Mobile Suit Gundam 00",
        "animeRomaji": "Mobile Suit Gundam 00",
        "songName": "Ash Like Snow",
        "artist": "the brilliant green",
        "type": "Opening 2",
        "correctCount": 46,
        "startTime": 2,
        "songDuration": null,
        "songNumber": 72,
        "activePlayerCount": 119,
        "LinkVideo": "https://files.catbox.moe/vhku1l.webm",
        "LinkMp3": "https://files.catbox.moe/ckhtv6.mp3",
        "annId": 8190
    },
    {
        "animeEng": "Buddy Complex",
        "animeRomaji": "Buddy Complex",
        "songName": "UNISONIA",
        "artist": "TRUE",
        "type": "Opening 1",
        "correctCount": 27,
        "songDuration": null,
        "songNumber": 73,
        "activePlayerCount": 120,
        "LinkVideo": "https://files.catbox.moe/6bid0m.webm",
        "LinkMp3": "https://files.catbox.moe/fn32wd.mp3",
        "annId": 15749
    },
    {
        "animeEng": "Samurai Jam -Bakumatsu Rock-",
        "animeRomaji": "Bakumatsu Rock",
        "songName": "Hachinoji Distortion",
        "artist": "Showtaro Morikubo",
        "type": "Insert Song",
        "correctCount": 8,
        "startTime": 2,
        "songDuration": null,
        "songNumber": 74,
        "activePlayerCount": 120,
        "LinkVideo": "https://files.catbox.moe/f05tbt.webm",
        "LinkMp3": "https://files.catbox.moe/u0l6fh.mp3",
        "annId": 15992
    },
    {
        "animeEng": "Gekij\u014dban PriPara Mi~nna Atsumare! Prism\u2606Tours",
        "animeRomaji": "Gekij\u014dban PriPara Mi~nna Atsumare! Prism\u2606Tours",
        "songName": "BOY MEETS GIRL",
        "artist": "Over The Rainbow",
        "type": "Insert Song",
        "correctCount": 21,
        "songDuration": null,
        "songNumber": 75,
        "activePlayerCount": 119,
        "LinkVideo": "https://files.catbox.moe/zvrwu9.webm",
        "LinkMp3": "https://files.catbox.moe/k0h9wo.mp3",
        "annId": 16617
    }
]