[
    {
        "animeEng": "Only Yesterday",
        "animeRomaji": "Omoide Poroporo",
        "songName": "Hyokkori Hyoutanjima",
        "artist": "Yoko Maekawa",
        "type": "Insert Song",
        "correctCount": 4,
        "startTime": 4,
        "songDuration": 62.064,
        "songNumber": 1,
        "activePlayerCount": 174,
        "LinkVideo": "https://files.catbox.moe/9n85fk.webm",
        "LinkMp3": "https://files.catbox.moe/oziblx.mp3",
        "annId": 810,
        "correctPlayers": [
            "towana",
            "Cirquit",
            "watashiii",
            "PoolNoodle"
        ]
    },
    {
        "animeEng": "Ore no Sora Keiji-hen",
        "animeRomaji": "Ore no Sora Keiji-hen",
        "songName": "Taiy\u014d to Hokori no Naka de",
        "artist": "Chage & Aska",
        "type": "Ending 1",
        "correctCount": 2,
        "startTime": 21,
        "songDuration": 187.111886,
        "songNumber": 2,
        "activePlayerCount": 173,
        "LinkVideo": "https://files.catbox.moe/5qlflk.webm",
        "LinkMp3": "https://files.catbox.moe/vr6hc6.mp3",
        "annId": 7316,
        "correctPlayers": [
            "Catisam",
            "yeims"
        ]
    },
    {
        "animeEng": "Pok\u00e9mon the Movie: Black - Victini and Reshiram",
        "animeRomaji": "Gekij\u014dban Pocket Monsters: Best Wishes! Victini to Shiroki Eiy\u016b Reshiram",
        "songName": "Best Wishes! (MOVIE EDIT)",
        "artist": "Rica Matsumoto",
        "type": "Opening 1",
        "correctCount": 18,
        "startTime": 27,
        "songDuration": 177.264,
        "songNumber": 3,
        "activePlayerCount": 176,
        "LinkVideo": "https://files.catbox.moe/h5pnn4.webm",
        "LinkMp3": "https://files.catbox.moe/nfa5pf.mp3",
        "annId": 12525
    },
    {
        "animeEng": "God Mars",
        "animeRomaji": "Rokushin Gattai God Mars",
        "songName": "Ai no Story",
        "artist": "Shinichi Kawarada",
        "type": "Ending 1",
        "correctCount": 1,
        "startTime": 12,
        "songDuration": 90.24,
        "songNumber": 4,
        "activePlayerCount": 176,
        "LinkVideo": "https://files.catbox.moe/pyoh5t.webm",
        "LinkMp3": "https://files.catbox.moe/ptdxg2.mp3",
        "annId": 3756,
        "correctPlayers": [
            "Hooman"
        ]
    },
    {
        "animeEng": "Mayo elle Otokonoko",
        "animeRomaji": "Mayo elle Otokonoko",
        "songName": "Dizzy Rocket",
        "artist": "Yui Sakakibara",
        "type": "Ending 1",
        "correctCount": 8,
        "startTime": 12,
        "songDuration": 88.584,
        "songNumber": 5,
        "activePlayerCount": 175,
        "LinkVideo": "https://files.catbox.moe/77mcq9.webm",
        "LinkMp3": "https://files.catbox.moe/kj88em.mp3",
        "annId": 11768
    },
    {
        "animeEng": "W~Wish",
        "animeRomaji": "W~Wish",
        "songName": "KIZUNA",
        "artist": "Ayane",
        "type": "Opening 1",
        "correctCount": 10,
        "startTime": 5,
        "songDuration": 77.948048,
        "songNumber": 6,
        "activePlayerCount": 174,
        "LinkVideo": "https://files.catbox.moe/h6r7mh.webm",
        "LinkMp3": "https://files.catbox.moe/yyofvo.mp3",
        "annId": 4465
    },
    {
        "animeEng": "Crest of the Stars",
        "animeRomaji": "Seikai no Monsh\u014d",
        "songName": "TRACY HIDE",
        "artist": "Wondermints",
        "type": "Insert Song",
        "correctCount": 4,
        "startTime": 55,
        "songDuration": 129.048,
        "songNumber": 7,
        "activePlayerCount": 174,
        "LinkVideo": "https://files.catbox.moe/fc8pyb.webm",
        "LinkMp3": "https://files.catbox.moe/pjvl0i.mp3",
        "annId": 14,
        "correctPlayers": [
            "Zurer",
            "Uskighte",
            "Curdy",
            "yeims"
        ]
    },
    {
        "animeEng": "Tenchi Muyo! The Night Before The Carnival",
        "animeRomaji": "Tenchi Muyo! Omatsuri Zenjitsu no Yoru!",
        "songName": "Tenchi Muy\u014d! Ryo-Ohki no Theme",
        "artist": "Seikou Nagaoka",
        "type": "Opening 1",
        "correctCount": 22,
        "startTime": 43,
        "songDuration": 93.816,
        "songNumber": 8,
        "activePlayerCount": 174,
        "LinkVideo": "https://files.catbox.moe/nq3osf.webm",
        "LinkMp3": "https://files.catbox.moe/zphs05.mp3",
        "annId": 920
    },
    {
        "animeEng": "Rosario + Vampire Capu2",
        "animeRomaji": "Rosario to Vampire Capu2",
        "songName": "DISCOTHEQUE",
        "artist": "Nana Mizuki",
        "type": "Opening 1",
        "correctCount": 93,
        "startTime": 11,
        "songDuration": 92.184,
        "songNumber": 9,
        "activePlayerCount": 174,
        "LinkVideo": "https://files.catbox.moe/fi904d.webm",
        "LinkMp3": "https://files.catbox.moe/95fdjb.mp3",
        "annId": 9727
    },
    {
        "animeEng": "In This Corner of the World",
        "animeRomaji": "Kono Sekai no Katasumi ni",
        "songName": "Tonarigumi",
        "artist": "kotringo",
        "type": "Insert Song",
        "correctCount": 31,
        "startTime": 19,
        "songDuration": 69.902472,
        "songNumber": 10,
        "activePlayerCount": 173,
        "LinkVideo": "https://files.catbox.moe/srcrm6.webm",
        "LinkMp3": "https://files.catbox.moe/tcctuk.mp3",
        "annId": 17177
    },
    {
        "animeEng": "A3! Season Spring & Summer",
        "animeRomaji": "A3! Season Spring & Summer",
        "songName": "Act! Addict! Actors!",
        "artist": "A3ders!",
        "type": "Opening 1",
        "correctCount": 28,
        "startTime": 44,
        "songDuration": 88.176,
        "songNumber": 11,
        "activePlayerCount": 173,
        "LinkVideo": "https://files.catbox.moe/6e8nbu.webm",
        "LinkMp3": "https://files.catbox.moe/nc3kuf.mp3",
        "annId": 22440
    },
    {
        "animeEng": "Galaxy Railway 999: Can You Love Like a Mother!!",
        "animeRomaji": "Ginga Tetsud\u014d 999: Kimi wa Haha no You ni Aiseru ka!!",
        "songName": "THE GALAXY EXPRESS 999",
        "artist": "Godiego",
        "type": "Opening 1",
        "correctCount": 50,
        "startTime": 20,
        "songDuration": 154.608,
        "songNumber": 12,
        "activePlayerCount": 172,
        "LinkVideo": "https://files.catbox.moe/xgk83c.webm",
        "LinkMp3": "https://files.catbox.moe/s588d4.mp3",
        "annId": 3809
    },
    {
        "animeEng": "ReLIFE",
        "animeRomaji": "ReLIFE",
        "songName": "Button",
        "artist": "PENGUIN RESEARCH",
        "type": "Opening 1",
        "correctCount": 118,
        "startTime": 44,
        "songDuration": 88.2,
        "songNumber": 13,
        "activePlayerCount": 173,
        "LinkVideo": "https://files.catbox.moe/ylphx6.webm",
        "LinkMp3": "https://files.catbox.moe/rrtp9b.mp3",
        "annId": 20461
    },
    {
        "animeEng": "Deca-Dence",
        "animeRomaji": "Deca-Dence",
        "songName": "Kioku no Hakobune",
        "artist": "Kashitaro Ito",
        "type": "Ending 1",
        "correctCount": 33,
        "startTime": 32,
        "songDuration": 89.16,
        "songNumber": 14,
        "activePlayerCount": 172,
        "LinkVideo": "https://files.catbox.moe/7gljct.webm",
        "LinkMp3": "https://files.catbox.moe/2dx0jm.mp3",
        "annId": 22721
    },
    {
        "animeEng": "Cardfight!! Vanguard",
        "animeRomaji": "Cardfight!! Vanguard",
        "songName": "GIFT from THE FIGHT!!",
        "artist": "Takuya Sat\u014d & Tsubasa Yonaga",
        "type": "Ending 1",
        "correctCount": 8,
        "startTime": 6,
        "songDuration": 88.896,
        "songNumber": 15,
        "activePlayerCount": 172,
        "LinkVideo": "https://files.catbox.moe/h24gk4.webm",
        "LinkMp3": "https://files.catbox.moe/yb0fyp.mp3",
        "annId": 20876
    },
    {
        "animeEng": "Mobile Suit Gundam 0083: The Afterglow of Zeon",
        "animeRomaji": "Kid\u014d Senshi Gundam 0083: Zion no Zank\u014d",
        "songName": "True Shining",
        "artist": "Rumiko Wada",
        "type": "Ending 1",
        "correctCount": 1,
        "startTime": 128,
        "songDuration": 222.528,
        "songNumber": 16,
        "activePlayerCount": 173,
        "LinkVideo": "https://files.catbox.moe/abah2t.webm",
        "LinkMp3": "https://files.catbox.moe/e5uc56.mp3",
        "annId": 2362,
        "correctPlayers": [
            "Carmanher"
        ]
    },
    {
        "animeEng": "Yotsunoha",
        "animeRomaji": "Yotsunoha",
        "songName": "Koisuru Kioku",
        "artist": "Yui Sakakibara",
        "type": "Opening 1",
        "correctCount": 11,
        "startTime": 23,
        "songDuration": 102.984,
        "songNumber": 17,
        "activePlayerCount": 172,
        "LinkVideo": "https://files.catbox.moe/btm7hk.webm",
        "LinkMp3": "https://files.catbox.moe/gtsm1u.mp3",
        "annId": 8194
    },
    {
        "animeEng": "Nyanko Days",
        "animeRomaji": "Nyanko Days",
        "songName": "Nyanko is L\u2665VE",
        "artist": "every\u2665ing!",
        "type": "Ending 1",
        "correctCount": 108,
        "startTime": 0,
        "songDuration": 29.496,
        "songNumber": 18,
        "activePlayerCount": 172,
        "LinkVideo": "https://files.catbox.moe/q47ykg.webm",
        "LinkMp3": "https://files.catbox.moe/b5vp0v.mp3",
        "annId": 18832
    },
    {
        "animeEng": "Matchless Raijin-Oh",
        "animeRomaji": "Zettai Muteki Raijin-Oh",
        "songName": "Dream Shift",
        "artist": "Kinuko Oomori & SILK",
        "type": "Opening 1",
        "correctCount": 4,
        "startTime": 13,
        "songDuration": 88.56,
        "songNumber": 19,
        "activePlayerCount": 171,
        "LinkVideo": "https://files.catbox.moe/pixhrq.webm",
        "LinkMp3": "https://files.catbox.moe/gsw9y9.mp3",
        "annId": 2459,
        "correctPlayers": [
            "Jlin2",
            "Zurer",
            "yeims",
            "Rukawa11"
        ]
    },
    {
        "animeEng": "Touch 3: Don't Pass Me By",
        "animeRomaji": "Touch 3: Kimi ga T\u014drisugita Ato ni",
        "songName": "Kimi ga Toori Sugita Ato ni -DON'T PASS ME BY-",
        "artist": "THE ALFEE",
        "type": "Opening 1",
        "correctCount": 6,
        "startTime": 49,
        "songDuration": 142.182046,
        "songNumber": 20,
        "activePlayerCount": 171,
        "LinkVideo": "https://files.catbox.moe/5uouev.webm",
        "LinkMp3": "https://files.catbox.moe/wea718.mp3",
        "annId": 3269
    },
    {
        "animeEng": "Kamigami no Asobi",
        "animeRomaji": "Kamigami no Asobi",
        "songName": "TILL THE END",
        "artist": "Miyu Irino, Daisuke Ono, Y\u016bto Uemura, Toshiyuki Toyonaga, Hiroshi Kamiya, Yoshimasa Hosoya",
        "type": "Opening 1",
        "correctCount": 19,
        "startTime": 19,
        "songDuration": 88.944,
        "songNumber": 21,
        "activePlayerCount": 171,
        "LinkVideo": "https://files.catbox.moe/jc1b8z.webm",
        "LinkMp3": "https://files.catbox.moe/v2817h.mp3",
        "annId": 15828
    },
    {
        "animeEng": "Gulliver's Travels Beyond the Moon",
        "animeRomaji": "Gulliver no Uch\u016b Ryok\u014d",
        "songName": "Y\u016benchi no Uta",
        "artist": "Danny Iida, Paradise King, Nishirokugo Sh\u014dnen Gassh\u014d-dan",
        "type": "Insert Song",
        "correctCount": 0,
        "startTime": 66,
        "songDuration": 128.424,
        "songNumber": 22,
        "activePlayerCount": 170,
        "LinkVideo": "https://files.catbox.moe/cnu0ni.webm",
        "LinkMp3": "https://files.catbox.moe/kr59ud.mp3",
        "annId": 1945
    },
    {
        "animeEng": "Love Bullet: Yurikuma Arashi",
        "animeRomaji": "Yurikuma Arashi",
        "songName": "Ano Mori de Matteru",
        "artist": "Bonjour Suzuki",
        "type": "Opening 1",
        "correctCount": 73,
        "startTime": 29,
        "songDuration": 88.824,
        "songNumber": 23,
        "activePlayerCount": 170,
        "LinkVideo": "https://files.catbox.moe/2banng.webm",
        "LinkMp3": "https://files.catbox.moe/hewjbo.mp3",
        "annId": 16301
    },
    {
        "animeEng": "Nobody's Boy Remi",
        "animeRomaji": "Ie Naki Ko",
        "songName": "S\u0101 Aruki Hajime Y\u014d",
        "artist": "Ayako Sawada",
        "type": "Opening 1",
        "correctCount": 12,
        "startTime": 26,
        "songDuration": 87.456,
        "songNumber": 24,
        "activePlayerCount": 170,
        "LinkVideo": "https://files.catbox.moe/b6eyvb.webm",
        "LinkMp3": "https://files.catbox.moe/vpki9m.mp3",
        "annId": 2130
    },
    {
        "animeEng": "Little Norakuro",
        "animeRomaji": "Norakuro-kun",
        "songName": "YOU!YOU!YOU!",
        "artist": "BaBe",
        "type": "Opening 1",
        "correctCount": 1,
        "startTime": 9,
        "songDuration": 96.744,
        "songNumber": 25,
        "activePlayerCount": 169,
        "LinkVideo": "https://files.catbox.moe/jbbecq.webm",
        "LinkMp3": "https://files.catbox.moe/bmzgwe.mp3",
        "annId": 1500,
        "correctPlayers": [
            "Catisam"
        ]
    },
    {
        "animeEng": "Lupin III: The Fuma Conspiracy",
        "animeRomaji": "Lupin Sansei: Fuma Ichizoku no Imboo",
        "songName": "Undercover Lover",
        "artist": "Kazumi Miyaura",
        "type": "Insert Song",
        "correctCount": 6,
        "startTime": 37,
        "songDuration": 108.168,
        "songNumber": 26,
        "activePlayerCount": 167,
        "LinkVideo": "https://files.catbox.moe/mkp9eg.webm",
        "LinkMp3": "https://files.catbox.moe/jj6nkj.mp3",
        "annId": 641
    },
    {
        "animeEng": "Gekij\u014dban Last Exile: Ginyoku no Fam Over the wishes",
        "animeRomaji": "Gekij\u014dban Last Exile: Ginyoku no Fam Over the wishes",
        "songName": "Buddy",
        "artist": "Maaya Sakamoto",
        "type": "Insert Song",
        "correctCount": 12,
        "startTime": 71,
        "songDuration": 129.016558,
        "songNumber": 27,
        "activePlayerCount": 166,
        "LinkVideo": "https://files.catbox.moe/csmn53.webm",
        "LinkMp3": "https://files.catbox.moe/yhj2w3.mp3",
        "annId": 17789
    },
    {
        "animeEng": "The Royal Tutor",
        "animeRomaji": "\u014cshitsu Ky\u014dshi Heine",
        "songName": "Shoppai Namida",
        "artist": "Sh\u014dgo Sakamoto",
        "type": "Opening 1",
        "correctCount": 40,
        "startTime": 45,
        "songDuration": 88.944,
        "songNumber": 28,
        "activePlayerCount": 166,
        "LinkVideo": "https://files.catbox.moe/n2a8i7.webm",
        "LinkMp3": "https://files.catbox.moe/411qoy.mp3",
        "annId": 18919
    },
    {
        "animeEng": "Anne-Happy",
        "animeRomaji": "Anne-Happy",
        "songName": "PUNCH\u2606MIND\u2606HAPPINESS",
        "artist": "Happy Clover",
        "type": "Opening 1",
        "correctCount": 70,
        "startTime": 15,
        "songDuration": 89.016,
        "songNumber": 29,
        "activePlayerCount": 166,
        "LinkVideo": "https://files.catbox.moe/viy26w.webm",
        "LinkMp3": "https://files.catbox.moe/b2tw7r.mp3",
        "annId": 17372
    },
    {
        "animeEng": "Aquarion EVOL",
        "animeRomaji": "Aquarion EVOL",
        "songName": "Go Tight!",
        "artist": "AKINO",
        "type": "Insert Song",
        "correctCount": 58,
        "startTime": 52,
        "songDuration": 177.984,
        "songNumber": 30,
        "activePlayerCount": 166,
        "LinkVideo": "https://files.catbox.moe/nqjsk2.webm",
        "LinkMp3": "https://files.catbox.moe/vnr2hr.mp3",
        "annId": 12547
    },
    {
        "animeEng": "Ushio & Tora: Comically Deformed Theater",
        "animeRomaji": "Ushio to Tora: Comical D\u00e9former Gekij\u014d",
        "songName": "Fushigi na B\u014dken",
        "artist": "Hosana",
        "type": "Insert Song",
        "correctCount": 1,
        "startTime": 27,
        "songDuration": 76.032,
        "songNumber": 31,
        "activePlayerCount": 165,
        "LinkVideo": "https://files.catbox.moe/i5hepg.webm",
        "LinkMp3": "https://files.catbox.moe/hrt6ta.mp3",
        "annId": 3519,
        "correctPlayers": [
            "asleep"
        ]
    },
    {
        "animeEng": "Y\u016bna and the Haunted Hot Springs",
        "animeRomaji": "Yuragi-s\u014d no Y\u016bna-san",
        "songName": "Momo-iro Typhoon",
        "artist": "Luna Haruna",
        "type": "Opening 1",
        "correctCount": 72,
        "startTime": 22,
        "songDuration": 88.92,
        "songNumber": 32,
        "activePlayerCount": 165,
        "LinkVideo": "https://files.catbox.moe/ecwi48.webm",
        "LinkMp3": "https://files.catbox.moe/e1walm.mp3",
        "annId": 20447
    },
    {
        "animeEng": "Healin' Good Pretty Cure",
        "animeRomaji": "Healin' Good Precure",
        "songName": "Healin' Good\u2665Precure Touch!!",
        "artist": "Rie Kitagawa",
        "type": "Opening 1",
        "correctCount": 48,
        "startTime": 24,
        "songDuration": 88.992,
        "songNumber": 33,
        "activePlayerCount": 165,
        "LinkVideo": "https://files.catbox.moe/blh7au.webm",
        "LinkMp3": "https://files.catbox.moe/qq19za.mp3",
        "annId": 22964
    },
    {
        "animeEng": "Yu Yu Hakusho The Movie",
        "animeRomaji": "Yu Yu Hakusho The Movie",
        "songName": "Sayonara bye bye",
        "artist": "Matsuko Mawatari",
        "type": "Ending 1",
        "correctCount": 66,
        "startTime": 21,
        "songDuration": 81.864,
        "songNumber": 34,
        "activePlayerCount": 164,
        "LinkVideo": "https://files.catbox.moe/3vv1v9.webm",
        "LinkMp3": "https://files.catbox.moe/md2hv8.mp3",
        "annId": 607
    },
    {
        "animeEng": "The Prince of Tennis II OVA vs. Genius 10",
        "animeRomaji": "Shin Tennis no \u014cji-sama OVA vs. Genius 10",
        "songName": "Party Time",
        "artist": "Rikkai Young Kan",
        "type": "Ending 6",
        "correctCount": 24,
        "startTime": 46,
        "songDuration": 88.272,
        "songNumber": 35,
        "activePlayerCount": 163,
        "LinkVideo": "https://files.catbox.moe/r9l5os.webm",
        "LinkMp3": "https://files.catbox.moe/jykb19.mp3",
        "annId": 16338
    },
    {
        "animeEng": "Saiyuki Reload",
        "animeRomaji": "Saiyuki Reload",
        "songName": "Wild Rock",
        "artist": "BUZZLIP",
        "type": "Opening 1",
        "correctCount": 3,
        "startTime": 25,
        "songDuration": 88.083384,
        "songNumber": 36,
        "activePlayerCount": 164,
        "LinkVideo": "https://files.catbox.moe/0xfxtv.webm",
        "LinkMp3": "https://files.catbox.moe/bs47ph.mp3",
        "annId": 2693,
        "correctPlayers": [
            "Woonoo",
            "yeims",
            "Rukawa11"
        ]
    },
    {
        "animeEng": "The Way of the Househusband",
        "animeRomaji": "Gokushufud\u014d",
        "songName": "Kiwami Meotokaidou",
        "artist": "Uchikubi Gokumon Doukoukai",
        "type": "Ending 1",
        "correctCount": 43,
        "startTime": 46,
        "songDuration": 88.224,
        "songNumber": 37,
        "activePlayerCount": 164,
        "LinkVideo": "https://files.catbox.moe/m07hhe.webm",
        "LinkMp3": "https://files.catbox.moe/apd2ok.mp3",
        "annId": 24020
    },
    {
        "animeEng": "The Future Diary Redial",
        "animeRomaji": "Mirai Nikki Redial",
        "songName": "Kyouki Chinden",
        "artist": "Yousei Teikoku",
        "type": "Opening 1",
        "correctCount": 71,
        "startTime": 22,
        "songDuration": 95.256,
        "songNumber": 38,
        "activePlayerCount": 164,
        "LinkVideo": "https://files.catbox.moe/b4vr9z.webm",
        "LinkMp3": "https://files.catbox.moe/81cwv6.mp3",
        "annId": 15406
    },
    {
        "animeEng": "Aikatsu!",
        "animeRomaji": "Aikatsu!",
        "songName": "Idol Katsud\u014d!",
        "artist": "Sunao\u30fbYuniko from STAR\u2606ANIS",
        "type": "Insert Song",
        "correctCount": 83,
        "startTime": 36,
        "songDuration": 81.456,
        "songNumber": 39,
        "activePlayerCount": 164,
        "LinkVideo": "https://files.catbox.moe/nauyv0.webm",
        "LinkMp3": "https://files.catbox.moe/asbxtq.mp3",
        "annId": 14566
    },
    {
        "animeEng": "Koi Koi Seven",
        "animeRomaji": "Koi Koi Seven",
        "songName": "lost days",
        "artist": "Nana Mizuki",
        "type": "Insert Song",
        "correctCount": 3,
        "startTime": 8,
        "songDuration": 154.08,
        "songNumber": 40,
        "activePlayerCount": 163,
        "LinkVideo": "https://files.catbox.moe/2hd3b8.webm",
        "LinkMp3": "https://files.catbox.moe/e2ycnx.mp3",
        "annId": 4862,
        "correctPlayers": [
            "redruner",
            "watashiii",
            "konomi"
        ]
    },
    {
        "animeEng": "Promare",
        "animeRomaji": "Promare",
        "songName": "\u039bs\u029c\u1d07s ~RETURNS~",
        "artist": "Gemie",
        "type": "Insert Song",
        "correctCount": 35,
        "startTime": 63,
        "songDuration": 136.872,
        "songNumber": 41,
        "activePlayerCount": 162,
        "LinkVideo": "https://files.catbox.moe/8e9xpg.webm",
        "LinkMp3": "https://files.catbox.moe/eb4e1f.mp3",
        "annId": 21767
    },
    {
        "animeEng": "Momo, The Girl God of Death",
        "animeRomaji": "Shinigami no Ballad.",
        "songName": "no one",
        "artist": "KOY",
        "type": "Opening 1",
        "correctCount": 20,
        "startTime": 8,
        "songDuration": 87.408,
        "songNumber": 42,
        "activePlayerCount": 163,
        "LinkVideo": "https://files.catbox.moe/n2f3n6.webm",
        "LinkMp3": "https://files.catbox.moe/hf2k78.mp3",
        "annId": 6201
    },
    {
        "animeEng": "Angel Heart",
        "animeRomaji": "Angel Heart",
        "songName": "Angel Tears",
        "artist": "T\u014dko",
        "type": "Insert Song",
        "correctCount": 2,
        "startTime": 104,
        "songDuration": 145.104,
        "songNumber": 43,
        "activePlayerCount": 160,
        "LinkVideo": "https://files.catbox.moe/610d0c.webm",
        "LinkMp3": "https://files.catbox.moe/cimtjp.mp3",
        "annId": 5487,
        "correctPlayers": [
            "Carmanher",
            "Bthen13"
        ]
    },
    {
        "animeEng": "Genius Party",
        "animeRomaji": "Genius Party",
        "songName": "Gokaider no Theme",
        "artist": "Akio Izutsu",
        "type": "Insert Song",
        "correctCount": 3,
        "startTime": 11,
        "songDuration": 131.664,
        "songNumber": 44,
        "activePlayerCount": 159,
        "LinkVideo": "https://files.catbox.moe/yfoqrt.webm",
        "LinkMp3": "https://files.catbox.moe/94erdz.mp3",
        "annId": 5844,
        "correctPlayers": [
            "revel_",
            "Curdy",
            "watashiii"
        ]
    },
    {
        "animeEng": "Rascal Does Not Dream of Bunny Girl Senpai",
        "animeRomaji": "Seishun Buta Yar\u014d wa Bunny Girl-senpai no Yume o Minai",
        "songName": "Fukashigi no Karte",
        "artist": "Asami Seto, Nao T\u014dyama, Atsumi Tanezaki, Maaya Uchida, Yurika Kubo, Inori Minase",
        "type": "Ending 1",
        "correctCount": 146,
        "startTime": 21,
        "songDuration": 59.40565,
        "songNumber": 45,
        "activePlayerCount": 160,
        "LinkVideo": "https://files.catbox.moe/513btr.webm",
        "LinkMp3": "https://files.catbox.moe/i4v8kz.mp3",
        "annId": 20848
    },
    {
        "animeEng": "Blue Comet SPT Layzner",
        "animeRomaji": "Aoki Ry\u016bsei SPT Layzner",
        "songName": "Melos no You ni -LONELY WAY-",
        "artist": "AIRMAIL from NAGASAKI",
        "type": "Opening 1",
        "correctCount": 19,
        "startTime": 1,
        "songDuration": 97.296,
        "songNumber": 46,
        "activePlayerCount": 160,
        "LinkVideo": "https://files.catbox.moe/85zx2b.webm",
        "LinkMp3": "https://files.catbox.moe/lpz081.mp3",
        "annId": 1161
    },
    {
        "animeEng": "Dragon Ball Z: The Tree of Might",
        "animeRomaji": "Dragon Ball Z: Chiky\u016b Marugoto Ch\u014dkessen",
        "songName": "Marugoto",
        "artist": "Hironobu Kageyama, Ammy",
        "type": "Ending 1",
        "correctCount": 11,
        "startTime": 6,
        "songDuration": 86.688,
        "songNumber": 47,
        "activePlayerCount": 160,
        "LinkVideo": "https://files.catbox.moe/2low74.webm",
        "LinkMp3": "https://files.catbox.moe/vni27v.mp3",
        "annId": 994
    },
    {
        "animeEng": "Occultic;Nine",
        "animeRomaji": "Occultic;Nine",
        "songName": "Seis\u016b 3 no Nij\u014d",
        "artist": "Kanako It\u014d",
        "type": "Opening 1",
        "correctCount": 58,
        "startTime": 43,
        "songDuration": 90.12,
        "songNumber": 48,
        "activePlayerCount": 161,
        "LinkVideo": "https://files.catbox.moe/zqbedq.webm",
        "LinkMp3": "https://files.catbox.moe/q71obq.mp3",
        "annId": 18156
    },
    {
        "animeEng": "Initial D: Final Stage",
        "animeRomaji": "Initial D: Final Stage",
        "songName": "Gamble Rumble",
        "artist": "move",
        "type": "Ending 1",
        "correctCount": 64,
        "startTime": 83,
        "songDuration": 117.792,
        "songNumber": 49,
        "activePlayerCount": 160,
        "LinkVideo": "https://files.catbox.moe/c34w7m.webm",
        "LinkMp3": "https://files.catbox.moe/ub5mhk.mp3",
        "annId": 16073
    },
    {
        "animeEng": "The 8th son? Are you kidding me?",
        "animeRomaji": "Hachi-nan tte, Sore wa Nai Desh\u014d!",
        "songName": "Jik\u016b no Mayoibito",
        "artist": "Demon Kakka\u00d7Arika Takarano (ALI PROJECT)",
        "type": "Opening 1",
        "correctCount": 75,
        "startTime": 43,
        "songDuration": 88.224,
        "songNumber": 50,
        "activePlayerCount": 159,
        "LinkVideo": "https://files.catbox.moe/idvi07.webm",
        "LinkMp3": "https://files.catbox.moe/7d2wgm.mp3",
        "annId": 22285
    },
    {
        "animeEng": "Zoku Owarimonogatari",
        "animeRomaji": "Zoku Owarimonogatari",
        "songName": "07734",
        "artist": "Satoru Kosaki, mito feat. Hiroshi Kamiya",
        "type": "Opening 1",
        "correctCount": 92,
        "startTime": 20,
        "songDuration": 59.544,
        "songNumber": 51,
        "activePlayerCount": 159,
        "LinkVideo": "https://files.catbox.moe/wdwjfb.webm",
        "LinkMp3": "https://files.catbox.moe/ytpeb9.mp3",
        "annId": 21553
    },
    {
        "animeEng": "Start",
        "animeRomaji": "Start",
        "songName": "Start",
        "artist": "KEN THE 390 & Jun Fukuyama",
        "type": "Ending 1",
        "correctCount": 4,
        "startTime": 39,
        "songDuration": 84.696,
        "songNumber": 52,
        "activePlayerCount": 159,
        "LinkVideo": "https://files.catbox.moe/nkrrmx.webm",
        "LinkMp3": "https://files.catbox.moe/t6tyk9.mp3",
        "annId": 23518,
        "correctPlayers": [
            "revel_",
            "Carmanher",
            "watashiii",
            "PoolNoodle"
        ]
    },
    {
        "animeEng": "The Pet Girl of Sakurasou",
        "animeRomaji": "Sakura-s\u014d no Pet na Kanojo",
        "songName": "Prime Number -Minna to Deaeru Hi-",
        "artist": "Asuka \u014ckura",
        "type": "Ending 2",
        "correctCount": 61,
        "startTime": 49,
        "songDuration": 84.096,
        "songNumber": 53,
        "activePlayerCount": 159,
        "LinkVideo": "https://files.catbox.moe/1fp6ro.webm",
        "LinkMp3": "https://files.catbox.moe/xz5bgs.mp3",
        "annId": 14238
    },
    {
        "animeEng": "Pingu in the City",
        "animeRomaji": "Pingu in the City",
        "songName": "PINGU A GO! GO!",
        "artist": "Ken Arai",
        "type": "Opening 1",
        "correctCount": 121,
        "startTime": 0,
        "songDuration": 24.450192,
        "songNumber": 54,
        "activePlayerCount": 159,
        "LinkVideo": "https://files.catbox.moe/rmjchp.webm",
        "LinkMp3": "https://files.catbox.moe/8hw5iu.mp3",
        "annId": 21191
    },
    {
        "animeEng": "Angelic Layer",
        "animeRomaji": "Kid\u014d Tenshi Angelic Layer",
        "songName": "Be My Angel",
        "artist": "Atsuko Enomoto",
        "type": "Opening 1",
        "correctCount": 21,
        "startTime": 41,
        "songDuration": 89.64,
        "songNumber": 55,
        "activePlayerCount": 159,
        "LinkVideo": "https://files.catbox.moe/k48dc7.webm",
        "LinkMp3": "https://files.catbox.moe/3gaenr.mp3",
        "annId": 400
    },
    {
        "animeEng": "Phantasy Star Online 2 Comic: Okawari",
        "animeRomaji": "Puso Ni Comi: Okawari",
        "songName": "Ni Co\u2606mmunication",
        "artist": "Amane + Beat Mario (COOL&CREATE)",
        "type": "Opening 1",
        "correctCount": 51,
        "startTime": 0,
        "songDuration": 17.064,
        "songNumber": 56,
        "activePlayerCount": 159,
        "LinkVideo": "https://files.catbox.moe/lzne0l.webm",
        "LinkMp3": "https://files.catbox.moe/s3of6l.mp3",
        "annId": 23177
    },
    {
        "animeEng": "Key the Metal Idol",
        "animeRomaji": "Key the Metal Idol",
        "songName": "Watashi ga Soba ni Iru",
        "artist": "Sario Kijima",
        "type": "Ending 1",
        "correctCount": 3,
        "startTime": 62,
        "songDuration": 103.728,
        "songNumber": 57,
        "activePlayerCount": 159,
        "LinkVideo": "https://files.catbox.moe/t7me52.webm",
        "LinkMp3": "https://files.catbox.moe/o64h6z.mp3",
        "annId": 843,
        "correctPlayers": [
            "Danchoo",
            "Zurer",
            "nyamu"
        ]
    },
    {
        "animeEng": "F\u016bsen Inu Tinny",
        "animeRomaji": "F\u016bsen Inu Tinny",
        "songName": "Tinny no Uta",
        "artist": "Sumire Morohoshi",
        "type": "Opening 1",
        "correctCount": 130,
        "startTime": 0,
        "songDuration": 24.048,
        "songNumber": 58,
        "activePlayerCount": 159,
        "LinkVideo": "https://files.catbox.moe/foe7sz.webm",
        "LinkMp3": "https://files.catbox.moe/aeazq6.mp3",
        "annId": 23055
    },
    {
        "animeEng": "Go! Go! 575",
        "animeRomaji": "Go! Go! 575",
        "songName": "Kotoba Colorful",
        "artist": "Utayome 575",
        "type": "Opening 1",
        "correctCount": 66,
        "startTime": 0,
        "songDuration": 29.16,
        "songNumber": 59,
        "activePlayerCount": 159,
        "LinkVideo": "https://files.catbox.moe/h4ztcz.webm",
        "LinkMp3": "https://files.catbox.moe/dxhkr5.mp3",
        "annId": 15753
    },
    {
        "animeEng": "Gintama'",
        "animeRomaji": "Gintama'",
        "songName": "Samurai Heart (Some Like It Hot!!)",
        "artist": "SPYAIR",
        "type": "Ending 1",
        "correctCount": 55,
        "startTime": 33,
        "songDuration": 85.68,
        "songNumber": 60,
        "activePlayerCount": 159,
        "LinkVideo": "https://files.catbox.moe/yvvgub.webm",
        "LinkMp3": "https://files.catbox.moe/v3gnhm.mp3",
        "annId": 12835
    },
    {
        "animeEng": "Monster Musume no Iru Nichij\u014d SP",
        "animeRomaji": "Monster Musume no Iru Nichij\u014d SP",
        "songName": "Saik\u014dsoku Fall in Love",
        "artist": "Ari Ozawa, Natsuki Aikawa, Sora Amamiya, Haruka Yamazaki, Mayuka Nomura",
        "type": "Opening 1",
        "correctCount": 89,
        "startTime": 51,
        "songDuration": 89.513,
        "songNumber": 61,
        "activePlayerCount": 159,
        "LinkVideo": "https://files.catbox.moe/47i25i.webm",
        "annId": 19964
    },
    {
        "animeEng": "Asura Cryin'",
        "animeRomaji": "Asura Cryin'",
        "songName": "Spiral",
        "artist": "angela",
        "type": "Opening 1",
        "correctCount": 41,
        "startTime": 23,
        "songDuration": 88.848,
        "songNumber": 62,
        "activePlayerCount": 159,
        "LinkVideo": "https://files.catbox.moe/nahpna.webm",
        "LinkMp3": "https://files.catbox.moe/76q1y5.mp3",
        "annId": 10380
    },
    {
        "animeEng": "Heat Guy J",
        "animeRomaji": "Heat Guy J",
        "songName": "Hikari",
        "artist": "Saeko Chiba",
        "type": "Ending 2",
        "correctCount": 1,
        "startTime": 42,
        "songDuration": 83.694888,
        "songNumber": 63,
        "activePlayerCount": 159,
        "LinkVideo": "https://files.catbox.moe/qesb8y.webm",
        "LinkMp3": "https://files.catbox.moe/yshlwt.mp3",
        "annId": 1820,
        "correctPlayers": [
            "watashiii"
        ]
    },
    {
        "animeEng": "Nine: Kanketsu-hen",
        "animeRomaji": "Nine: Kanketsu-hen",
        "songName": "Endless Summer",
        "artist": "Hiroaki Serizawa",
        "type": "Opening 1",
        "correctCount": 7,
        "startTime": 3,
        "songDuration": 198.408,
        "songNumber": 64,
        "activePlayerCount": 159,
        "LinkVideo": "https://files.catbox.moe/n9dn7g.webm",
        "LinkMp3": "https://files.catbox.moe/kfvvhd.mp3",
        "annId": 9121
    },
    {
        "animeEng": "Uta no\u2606Prince-sama\u266aMaji LOVE Legend Star",
        "animeRomaji": "Uta no\u2606Prince-sama\u266aMaji LOVE Legend Star",
        "songName": "Mirai, Yume, Arigat\u014d\u2026 Soshite!",
        "artist": "ST\u2606RISH",
        "type": "Insert Song",
        "correctCount": 4,
        "startTime": 65,
        "songDuration": 100.92,
        "songNumber": 65,
        "activePlayerCount": 159,
        "LinkVideo": "https://files.catbox.moe/gqz0wz.webm",
        "LinkMp3": "https://files.catbox.moe/z1m5rg.mp3",
        "annId": 18173,
        "correctPlayers": [
            "redruner",
            "kneesoxluver",
            "Littlemb",
            "Papanya"
        ]
    },
    {
        "animeEng": "Natsume's Book of Friends Season 2",
        "animeRomaji": "Zoku Natsume Y\u016bjinch\u014d",
        "songName": "Ano Hi Time Machine",
        "artist": "LONG SHOT PARTY",
        "type": "Opening 1",
        "correctCount": 43,
        "startTime": 0,
        "songDuration": 89.568,
        "songNumber": 66,
        "activePlayerCount": 159,
        "LinkVideo": "https://files.catbox.moe/hf6932.webm",
        "LinkMp3": "https://files.catbox.moe/9vh6xh.mp3",
        "annId": 10254
    },
    {
        "animeEng": "Pikaia!!",
        "animeRomaji": "Pikaia!!",
        "songName": "Kokoro Tsunagaru",
        "artist": "Hime Kyun Fruit Kan",
        "type": "Opening 1",
        "correctCount": 6,
        "startTime": 16,
        "songDuration": 56.352,
        "songNumber": 67,
        "activePlayerCount": 159,
        "LinkVideo": "https://files.catbox.moe/s0zi7d.webm",
        "LinkMp3": "https://files.catbox.moe/k3z6fd.mp3",
        "annId": 19318
    },
    {
        "animeEng": "My Neighbor Totoro",
        "animeRomaji": "Tonari no Totoro",
        "songName": "Tonari no Totoro",
        "artist": "Azumi Inoue",
        "type": "Ending 1",
        "correctCount": 135,
        "startTime": 63,
        "songDuration": 174.648,
        "songNumber": 68,
        "activePlayerCount": 159,
        "LinkVideo": "https://files.catbox.moe/nj67fv.webm",
        "LinkMp3": "https://files.catbox.moe/5exv3y.mp3",
        "annId": 534
    },
    {
        "animeEng": "Anime De Training! Ex",
        "animeRomaji": "Ani Tore! EX",
        "songName": "Vital\u2606Exercise",
        "artist": "Miku It\u014d, Azumi Waki, Miyu Komaki, Maria Naganawa, Kanon Takao",
        "type": "Ending 1",
        "correctCount": 30,
        "startTime": 0,
        "songDuration": 29.472,
        "songNumber": 69,
        "activePlayerCount": 160,
        "LinkVideo": "https://files.catbox.moe/afol49.webm",
        "LinkMp3": "https://files.catbox.moe/4zy82w.mp3",
        "annId": 17599
    },
    {
        "animeEng": "The Cat Returns",
        "animeRomaji": "Neko no Ongaeshi",
        "songName": "Kaze ni Naru",
        "artist": "Ayano Tsuji",
        "type": "Ending 1",
        "correctCount": 33,
        "startTime": 152,
        "songDuration": 239.592,
        "songNumber": 70,
        "activePlayerCount": 160,
        "LinkVideo": "https://files.catbox.moe/2k7k5c.webm",
        "LinkMp3": "https://files.catbox.moe/uay2ur.mp3",
        "annId": 868
    },
    {
        "animeEng": "The Frogman Show",
        "animeRomaji": "Himitsu Kessha Taka no Tsume",
        "songName": "Rock'n Roll Refugee",
        "artist": "manzo",
        "type": "Insert Song",
        "correctCount": 14,
        "startTime": 5,
        "songDuration": 89.52,
        "songNumber": 71,
        "activePlayerCount": 160,
        "LinkVideo": "https://files.catbox.moe/j2fcsy.webm",
        "LinkMp3": "https://files.catbox.moe/syjp9n.mp3",
        "annId": 15144
    },
    {
        "animeEng": "Hell Teacher Nube",
        "animeRomaji": "Jigoku Sensei Nube",
        "songName": "Bari Bari Saikyou NO.1",
        "artist": "FEEL SO BAD",
        "type": "Opening 1",
        "correctCount": 27,
        "startTime": 27,
        "songDuration": 68.016,
        "songNumber": 72,
        "activePlayerCount": 160,
        "LinkVideo": "https://files.catbox.moe/z9s08l.webm",
        "LinkMp3": "https://files.catbox.moe/jsvs4l.mp3",
        "annId": 1087
    },
    {
        "animeEng": "Major 2nd",
        "animeRomaji": "Major 2nd",
        "songName": "IDENTITY",
        "artist": "Ame no Parade",
        "type": "Ending 2",
        "correctCount": 12,
        "startTime": 37,
        "songDuration": 86.28,
        "songNumber": 73,
        "activePlayerCount": 160,
        "LinkVideo": "https://files.catbox.moe/bg7ntd.webm",
        "LinkMp3": "https://files.catbox.moe/0c7sf2.mp3",
        "annId": 22564
    },
    {
        "animeEng": "D4DJ First Mix",
        "animeRomaji": "D4DJ First Mix",
        "songName": "Guruguru DJ TURN!!",
        "artist": "Happy Around! feat. KYOKO & SAKI",
        "type": "Opening 1",
        "correctCount": 80,
        "startTime": 5,
        "songDuration": 89.28,
        "songNumber": 74,
        "activePlayerCount": 160,
        "LinkVideo": "https://files.catbox.moe/m34fcp.webm",
        "LinkMp3": "https://files.catbox.moe/97h7wh.mp3",
        "annId": 23530
    },
    {
        "animeEng": "Akashic Records of Bastard Magical Instructor",
        "animeRomaji": "Rokudenashi Majutsu K\u014dshi to Akashic Records",
        "songName": "Blow out",
        "artist": "Konomi Suzuki",
        "type": "Opening 1",
        "correctCount": 84,
        "startTime": 47,
        "songDuration": 90.096,
        "songNumber": 75,
        "activePlayerCount": 160,
        "LinkVideo": "https://files.catbox.moe/7i5d3v.webm",
        "LinkMp3": "https://files.catbox.moe/tp9ezy.mp3",
        "annId": 18795
    }
]