[
    {
        "animeEng": "Ghastly Prince Enma Burning Up",
        "animeRomaji": "Dororon Enma-kun Meeramera",
        "songName": "Gakuseigai no Kissaten",
        "artist": "Kikuko Inoue",
        "type": "Insert Song",
        "correctCount": 4,
        "startTime": 0,
        "songDuration": 40.584,
        "songNumber": 1,
        "activePlayerCount": 253,
        "LinkVideo": "https://files.catbox.moe/9uhwu1.webm",
        "LinkMp3": "https://files.catbox.moe/u4a524.mp3",
        "annId": 12267,
        "correctPlayers": [
            "AlterMang",
            "EruisKawaii",
            "MKNono",
            "Xesla"
        ]
    },
    {
        "animeEng": "BanG Dream! Girls Band Party! Pico",
        "animeRomaji": "BanG Dream! Garupa\u2606Pico",
        "songName": "Picotto! Papitto!! Garupa\u2606Pico!!!",
        "artist": "Aimi\u00d7Ayane Sakura\u00d7Ami Maeshima\u00d7Aina Aiba\u00d7Miku It\u014d",
        "type": "Ending 1",
        "correctCount": 128,
        "startTime": 0,
        "songDuration": 29.12603,
        "songNumber": 2,
        "activePlayerCount": 250,
        "LinkVideo": "https://files.catbox.moe/cjletb.webm",
        "LinkMp3": "https://files.catbox.moe/4n7p4g.mp3",
        "annId": 21290
    },
    {
        "animeEng": "Happiness!",
        "animeRomaji": "Happiness!",
        "songName": "Magical\u2605Generation",
        "artist": "Yui Sakakibara",
        "type": "Ending 1",
        "correctCount": 23,
        "startTime": 39,
        "songDuration": 88.848,
        "songNumber": 3,
        "activePlayerCount": 251,
        "LinkVideo": "https://files.catbox.moe/5e3bjk.webm",
        "LinkMp3": "https://files.catbox.moe/lokgxf.mp3",
        "annId": 6800
    },
    {
        "animeEng": "Casshan",
        "animeRomaji": "Shinz\u014d Ningen Casshern",
        "songName": "Tatakae! Casshan",
        "artist": "Isao Sasaki",
        "type": "Opening 1",
        "correctCount": 80,
        "startTime": 14,
        "songDuration": 63.552,
        "songNumber": 4,
        "activePlayerCount": 251,
        "LinkVideo": "https://files.catbox.moe/wyggwj.webm",
        "LinkMp3": "https://files.catbox.moe/g8l90g.mp3",
        "annId": 2174
    },
    {
        "animeEng": "ABCiee Working Diary",
        "animeRomaji": "Abciee Sh\u016bgy\u014d Nikki",
        "songName": "Happy Boshuu-chuu (Abciee ver.)",
        "artist": "Fumiya Fujii",
        "type": "Opening 1",
        "correctCount": 71,
        "startTime": 0,
        "songDuration": 27.696,
        "songNumber": 5,
        "activePlayerCount": 251,
        "LinkVideo": "https://files.catbox.moe/injk28.webm",
        "LinkMp3": "https://files.catbox.moe/1u8dlt.mp3",
        "annId": 23908
    },
    {
        "animeEng": "Aware! Meisaku-kun",
        "animeRomaji": "Aware! Meisaku-kun",
        "songName": "Arara Rerere Rururira",
        "artist": "Naoto Inti Raymi",
        "type": "Ending 1",
        "correctCount": 20,
        "startTime": 0,
        "songDuration": 33.36,
        "songNumber": 6,
        "activePlayerCount": 250,
        "LinkVideo": "https://files.catbox.moe/2yd21h.webm",
        "LinkMp3": "https://files.catbox.moe/dot3ha.mp3",
        "annId": 24136
    },
    {
        "animeEng": "Digimon Adventure tri. Chapter 4: Loss",
        "animeRomaji": "Digimon Adventure tri. S\u014dshitsu",
        "songName": "brave heart~tri.Version~",
        "artist": "Ayumi Miyazaki",
        "type": "Insert Song",
        "correctCount": 107,
        "startTime": 95,
        "songDuration": 250.008,
        "songNumber": 7,
        "activePlayerCount": 250,
        "LinkVideo": "https://files.catbox.moe/4kqlm3.webm",
        "LinkMp3": "https://files.catbox.moe/s4jri7.mp3",
        "annId": 18898
    },
    {
        "animeEng": "Teeky\u016b",
        "animeRomaji": "Teeky\u016b",
        "songName": "Fattoshite T\u014dgenky\u014d",
        "artist": "Suzuko Mimori",
        "type": "Opening 1",
        "correctCount": 167,
        "startTime": 0,
        "songDuration": 28.56,
        "songNumber": 8,
        "activePlayerCount": 247,
        "LinkVideo": "https://files.catbox.moe/5sbrgt.webm",
        "LinkMp3": "https://files.catbox.moe/r4lbwd.mp3",
        "annId": 16639
    },
    {
        "animeEng": "Aikatsu!",
        "animeRomaji": "Aikatsu!",
        "songName": "Hello! Winter Love\u266a",
        "artist": "Ruka\u30fbMona\u30fbMiki\u30fbMiho from AIKATSU\u2606STARS! & Waka\u30fbRisuko from STAR\u2606ANIS",
        "type": "Insert Song",
        "correctCount": 62,
        "startTime": 53,
        "songDuration": 111.888,
        "songNumber": 9,
        "activePlayerCount": 249,
        "LinkVideo": "https://files.catbox.moe/xxxdvc.webm",
        "LinkMp3": "https://files.catbox.moe/r6fkty.mp3",
        "annId": 16824
    },
    {
        "animeEng": "Castle Town Dandelion",
        "animeRomaji": "J\u014dkamachi no Dandelion",
        "songName": "Ring Ring Rainbow!!",
        "artist": "YuiKaori",
        "type": "Opening 1",
        "correctCount": 67,
        "startTime": 24,
        "songDuration": 88.992,
        "songNumber": 10,
        "activePlayerCount": 249,
        "LinkVideo": "https://files.catbox.moe/0qx3gc.webm",
        "LinkMp3": "https://files.catbox.moe/23am8f.mp3",
        "annId": 16857
    },
    {
        "animeEng": "Kinnikuman: Scramble for the Throne",
        "animeRomaji": "Kinnikuman: Kinnikusei \u014ci S\u014ddatsu-hen",
        "songName": "Zudadan! Kinnikuman",
        "artist": "Kenji Suzuki",
        "type": "Opening 1",
        "correctCount": 4,
        "startTime": 31,
        "songDuration": 84.984,
        "songNumber": 11,
        "activePlayerCount": 249,
        "LinkVideo": "https://files.catbox.moe/l8lofl.webm",
        "LinkMp3": "https://files.catbox.moe/sdcx5r.mp3",
        "annId": 1525,
        "correctPlayers": [
            "Hooman",
            "theyingster",
            "Rukawa11",
            "Catisam"
        ]
    },
    {
        "animeEng": "Bottle Fairy",
        "animeRomaji": "Binzume Y\u014dsei",
        "songName": "Oshiete Sensei-san",
        "artist": "Binzume Yousei",
        "type": "Opening 1",
        "correctCount": 14,
        "startTime": 1,
        "songDuration": 70.08,
        "songNumber": 12,
        "activePlayerCount": 248,
        "LinkVideo": "https://files.catbox.moe/qowzpe.webm",
        "LinkMp3": "https://files.catbox.moe/3o91hs.mp3",
        "annId": 3016
    },
    {
        "animeEng": "Clannad",
        "animeRomaji": "Clannad",
        "songName": "Ana",
        "artist": "Lia",
        "type": "Ending 2",
        "correctCount": 108,
        "startTime": 120,
        "songDuration": 202.224,
        "songNumber": 13,
        "activePlayerCount": 247,
        "LinkVideo": "https://files.catbox.moe/o3arq7.webm",
        "LinkMp3": "https://files.catbox.moe/ha2z5a.mp3",
        "annId": 7809
    },
    {
        "animeEng": "Angel's 3Piece!",
        "animeRomaji": "Tenshi no 3P!",
        "songName": "Shinkai Prisoner Vocal Soft Arrange",
        "artist": "Yui Ogura",
        "type": "Insert Song",
        "correctCount": 12,
        "startTime": 0,
        "songDuration": 32.568,
        "songNumber": 14,
        "activePlayerCount": 246,
        "LinkVideo": "https://files.catbox.moe/4ktlzw.webm",
        "LinkMp3": "https://files.catbox.moe/bf6qj0.mp3",
        "annId": 18908
    },
    {
        "animeEng": "Papuwa of the South Seas",
        "animeRomaji": "Nangoku Shounen Papuwa-kun",
        "songName": "Kibun wa Papuwa Hare",
        "artist": "Kouji Tsuno & Pythagoras",
        "type": "Ending 2",
        "correctCount": 8,
        "startTime": 3,
        "songDuration": 93.048,
        "songNumber": 15,
        "activePlayerCount": 246,
        "LinkVideo": "https://files.catbox.moe/ik8a86.webm",
        "LinkMp3": "https://files.catbox.moe/anuvr7.mp3",
        "annId": 1869
    },
    {
        "animeEng": ".hack//Roots",
        "animeRomaji": ".hack//Roots",
        "songName": "Silly-Go-Round",
        "artist": "FictionJunction YUUKA",
        "type": "Opening 1",
        "correctCount": 22,
        "startTime": 15,
        "songDuration": 89.064,
        "songNumber": 16,
        "activePlayerCount": 246,
        "LinkVideo": "https://files.catbox.moe/94v1nn.webm",
        "LinkMp3": "https://files.catbox.moe/affmb6.mp3",
        "annId": 6248
    },
    {
        "animeEng": "Welcome to Demon School! Iruma-kun",
        "animeRomaji": "Mairimashita! Iruma-kun",
        "songName": "Magical Babyrinth",
        "artist": "DA PUMP",
        "type": "Opening 1",
        "correctCount": 123,
        "startTime": 7,
        "songDuration": 89.016,
        "songNumber": 17,
        "activePlayerCount": 245,
        "LinkVideo": "https://files.catbox.moe/dclacz.webm",
        "LinkMp3": "https://files.catbox.moe/hmodj8.mp3",
        "annId": 21927
    },
    {
        "animeEng": "I've Always Liked You",
        "animeRomaji": "Zutto Mae kara Suki Deshita: Kokuhaku Jikk\u014d Iinkai",
        "songName": "Nichiy\u014dbi no Himitsu",
        "artist": "HoneyWorks meets CHiCO & sana",
        "type": "Insert Song",
        "correctCount": 39,
        "startTime": 25,
        "songDuration": 98.52,
        "songNumber": 18,
        "activePlayerCount": 244,
        "LinkVideo": "https://files.catbox.moe/s888px.webm",
        "LinkMp3": "https://files.catbox.moe/lbkssh.mp3",
        "annId": 17342
    },
    {
        "animeEng": "Dropkick on My Devil!",
        "animeRomaji": "Jashin-chan Dropkick",
        "songName": "tell you,tell me",
        "artist": "Rico Sasaki",
        "type": "Insert Song",
        "correctCount": 9,
        "startTime": 30,
        "songDuration": 83.904,
        "songNumber": 19,
        "activePlayerCount": 243,
        "LinkVideo": "https://files.catbox.moe/4xb8hj.webm",
        "LinkMp3": "https://files.catbox.moe/uimcyi.mp3",
        "annId": 20484
    },
    {
        "animeEng": "Digimon Adventure",
        "animeRomaji": "Digimon Adventure",
        "songName": "Digimon Theme",
        "artist": "Paul Gordon",
        "type": "Opening 1",
        "correctCount": 165,
        "startTime": 15,
        "songDuration": 59.28,
        "songNumber": 20,
        "activePlayerCount": 242,
        "LinkVideo": "https://files.catbox.moe/t5oso0.webm",
        "LinkMp3": "https://files.catbox.moe/0d31x3.mp3",
        "annId": 794
    },
    {
        "animeEng": "Magical Play",
        "animeRomaji": "Mah\u014d Y\u016bgi",
        "songName": "Mata Ashita",
        "artist": "Ai Tokunaga",
        "type": "Ending 1",
        "correctCount": 4,
        "startTime": 59,
        "songDuration": 107.701006,
        "songNumber": 21,
        "activePlayerCount": 242,
        "LinkVideo": "https://files.catbox.moe/2ug3cu.webm",
        "LinkMp3": "https://files.catbox.moe/10thaq.mp3",
        "annId": 305,
        "correctPlayers": [
            "Neutral",
            "SCOTFIELD",
            "KONKI",
            "Carmanher"
        ]
    },
    {
        "animeEng": "IDOLiSH7 Second BEAT!",
        "animeRomaji": "IDOLiSH7 Second BEAT!",
        "songName": "DiSCOVER THE FUTURE",
        "artist": "IDOLiSH7",
        "type": "Opening 1",
        "correctCount": 15,
        "startTime": 22,
        "songDuration": 94.224,
        "songNumber": 22,
        "activePlayerCount": 242,
        "LinkVideo": "https://files.catbox.moe/63il08.webm",
        "LinkMp3": "https://files.catbox.moe/r9ktyd.mp3",
        "annId": 22315
    },
    {
        "animeEng": "Attack on Titan: Crimson Arrows",
        "animeRomaji": "Shingeki no Kyojin Zenpen: Guren no Yumiya",
        "songName": "Vogel im K\u00e4fig",
        "artist": "Cyua",
        "type": "Insert Song",
        "correctCount": 88,
        "startTime": 166,
        "songDuration": 238.62447,
        "songNumber": 23,
        "activePlayerCount": 241,
        "LinkVideo": "https://files.catbox.moe/jjq0dc.webm",
        "LinkMp3": "https://files.catbox.moe/kjrf6q.mp3",
        "annId": 16233
    },
    {
        "animeEng": "Japan Sinks: 2020",
        "animeRomaji": "Nihon Chinbotsu 2020",
        "songName": "a life",
        "artist": "Ryuichi Sakamoto & Taeko Ohnuki",
        "type": "Opening 1",
        "correctCount": 73,
        "startTime": 34,
        "songDuration": 77.184,
        "songNumber": 24,
        "activePlayerCount": 241,
        "LinkVideo": "https://files.catbox.moe/ztff19.webm",
        "LinkMp3": "https://files.catbox.moe/encyah.mp3",
        "annId": 23133
    },
    {
        "animeEng": "Beelzebub",
        "animeRomaji": "Beelzebub",
        "songName": "Dadada",
        "artist": "Group Tamashii",
        "type": "Opening 1",
        "correctCount": 140,
        "startTime": 33,
        "songDuration": 88.728,
        "songNumber": 25,
        "activePlayerCount": 241,
        "LinkVideo": "https://files.catbox.moe/y5550z.webm",
        "LinkMp3": "https://files.catbox.moe/uxy39g.mp3",
        "annId": 11858
    },
    {
        "animeEng": "Azumanga Daioh Movie",
        "animeRomaji": "Azumanga Daioh - The Very Short Movie",
        "songName": "Sarabai! (See You Adieu!)",
        "artist": "Tomoko Kaneda",
        "type": "Ending 1",
        "correctCount": 25,
        "startTime": 23,
        "songDuration": 66.12,
        "songNumber": 26,
        "activePlayerCount": 241,
        "LinkVideo": "https://files.catbox.moe/gqta6j.webm",
        "LinkMp3": "https://files.catbox.moe/zac74b.mp3",
        "annId": 2258
    },
    {
        "animeEng": "Blood-C: The Last Dark",
        "animeRomaji": "Blood-C: The Last Dark",
        "songName": "METRO BAROQUE",
        "artist": "Nana Mizuki",
        "type": "Ending 1",
        "correctCount": 9,
        "startTime": 23,
        "songDuration": 265.634618,
        "songNumber": 27,
        "activePlayerCount": 241,
        "LinkVideo": "https://files.catbox.moe/dqv8j1.webm",
        "LinkMp3": "https://files.catbox.moe/zidyal.mp3",
        "annId": 13228
    },
    {
        "animeEng": "MegaMan NT Warrior",
        "animeRomaji": "Rockman.EXE",
        "songName": "Kaze o Tsukinukete",
        "artist": "Jin Hashimoto",
        "type": "Opening 1",
        "correctCount": 30,
        "startTime": 14,
        "songDuration": 88.109506,
        "songNumber": 28,
        "activePlayerCount": 240,
        "LinkVideo": "https://files.catbox.moe/g2lx3u.webm",
        "LinkMp3": "https://files.catbox.moe/3jtcz2.mp3",
        "annId": 2259
    },
    {
        "animeEng": "The Girl Who Leapt Through Time",
        "animeRomaji": "Toki o Kakeru Sh\u014djo",
        "songName": "Kawaranai Mono",
        "artist": "Hanako Oku",
        "type": "Insert Song",
        "correctCount": 52,
        "startTime": 62,
        "songDuration": 114.216,
        "songNumber": 29,
        "activePlayerCount": 240,
        "LinkVideo": "https://files.catbox.moe/tbo46m.webm",
        "LinkMp3": "https://files.catbox.moe/cmnwd5.mp3",
        "annId": 6733
    },
    {
        "animeEng": "Aikatsu!",
        "animeRomaji": "Aikatsu!",
        "songName": "Hey! little girl",
        "artist": "Ruka\u30fbMona from AIKATSU\u2606STARS!",
        "type": "Insert Song",
        "correctCount": 56,
        "startTime": 33,
        "songDuration": 113.064,
        "songNumber": 30,
        "activePlayerCount": 240,
        "LinkVideo": "https://files.catbox.moe/si25um.webm",
        "LinkMp3": "https://files.catbox.moe/edv2b1.mp3",
        "annId": 16165
    },
    {
        "animeEng": "One Outs",
        "animeRomaji": "One Outs",
        "songName": "Bury",
        "artist": "Pay money To my Pain",
        "type": "Opening 1",
        "correctCount": 124,
        "startTime": 2,
        "songDuration": 78.504,
        "songNumber": 31,
        "activePlayerCount": 240,
        "LinkVideo": "https://files.catbox.moe/mbrc5k.webm",
        "LinkMp3": "https://files.catbox.moe/7w95zt.mp3",
        "annId": 10199
    },
    {
        "animeEng": "DD Fist of the North Star",
        "animeRomaji": "DD Hokuto no Ken",
        "songName": "Shift to Jikyuu to, Tsuide ni Ai wo Torimodose!!",
        "artist": "Risa Yoshiki & Hyadain",
        "type": "Opening 1",
        "correctCount": 52,
        "startTime": 29,
        "songDuration": 86.4,
        "songNumber": 32,
        "activePlayerCount": 240,
        "LinkVideo": "https://files.catbox.moe/g34sj6.webm",
        "LinkMp3": "https://files.catbox.moe/55olfu.mp3",
        "annId": 15114
    },
    {
        "animeEng": "Makura no Danshi",
        "animeRomaji": "Makura no Danshi",
        "songName": "Makura no Danshi",
        "artist": "Natsuki Hanae",
        "type": "Opening 1",
        "correctCount": 41,
        "startTime": 0,
        "songDuration": 59.4,
        "songNumber": 33,
        "activePlayerCount": 239,
        "LinkVideo": "https://files.catbox.moe/ob8l9j.webm",
        "LinkMp3": "https://files.catbox.moe/nbgnzz.mp3",
        "annId": 17031
    },
    {
        "animeEng": "Magical Star Kanon 100%",
        "animeRomaji": "Magical Star Kanon 100%",
        "songName": "Kanon 100%",
        "artist": "Nao T\u014dyama",
        "type": "Opening 1",
        "correctCount": 113,
        "startTime": 41,
        "songDuration": 88.464,
        "songNumber": 34,
        "activePlayerCount": 237,
        "LinkVideo": "https://files.catbox.moe/vutcl1.webm",
        "LinkMp3": "https://files.catbox.moe/djjsrc.mp3",
        "annId": 15378
    },
    {
        "animeEng": "Dragon Ball Z",
        "animeRomaji": "Dragon Ball Z",
        "songName": "CHA-LA HEAD-CHA-LA",
        "artist": "Hironobu Kageyama",
        "type": "Opening 1",
        "correctCount": 229,
        "startTime": 65,
        "songDuration": 107.074078,
        "songNumber": 35,
        "activePlayerCount": 237,
        "LinkVideo": "https://files.catbox.moe/al9o96.webm",
        "LinkMp3": "https://files.catbox.moe/ewehoa.mp3",
        "annId": 244
    },
    {
        "animeEng": "Avenger",
        "animeRomaji": "Avenger",
        "songName": "Gesshoku Grandguignol",
        "artist": "ALI PROJECT",
        "type": "Opening 1",
        "correctCount": 42,
        "startTime": 55,
        "songDuration": 88.824,
        "songNumber": 36,
        "activePlayerCount": 237,
        "LinkVideo": "https://files.catbox.moe/ljgsbj.webm",
        "LinkMp3": "https://files.catbox.moe/5ynx1s.mp3",
        "annId": 2655
    },
    {
        "animeEng": "Yutori-chan",
        "animeRomaji": "Yutori-chan",
        "songName": "MAJI-karu 10-dai\u2606Yume Otome!! ~Yume to Wakai wo Torimodose!!~",
        "artist": "ave;new project feat. Saori Sakura",
        "type": "Insert Song",
        "correctCount": 11,
        "startTime": 4,
        "songDuration": 59.688,
        "songNumber": 37,
        "activePlayerCount": 237,
        "LinkVideo": "https://files.catbox.moe/lxyizo.webm",
        "LinkMp3": "https://files.catbox.moe/72qsgo.mp3",
        "annId": 11219
    },
    {
        "animeEng": "Monster High: Kowa-ike Girls",
        "animeRomaji": "Monster High: Kowa-ike Girls",
        "songName": "Monster High",
        "artist": "amorecarina feat.Chu-Z KAEDE",
        "type": "Opening 1",
        "correctCount": 193,
        "startTime": 0,
        "songDuration": 29.688,
        "songNumber": 38,
        "activePlayerCount": 237,
        "LinkVideo": "https://files.catbox.moe/qt385k.webm",
        "LinkMp3": "https://files.catbox.moe/437ren.mp3",
        "annId": 16416
    },
    {
        "animeEng": "Tenk\u016b Danzai Skelter+Heaven",
        "animeRomaji": "Tenk\u016b Danzai Skelter+Heaven",
        "songName": "NAKED HEART",
        "artist": "Minori Chihara",
        "type": "Opening 1",
        "correctCount": 46,
        "startTime": 39,
        "songDuration": 102.504,
        "songNumber": 39,
        "activePlayerCount": 238,
        "LinkVideo": "https://files.catbox.moe/cmqwt3.webm",
        "LinkMp3": "https://files.catbox.moe/4jd7yf.mp3",
        "annId": 4653
    },
    {
        "animeEng": "Sarazanmai",
        "animeRomaji": "Sarazanmai",
        "songName": "Kawauso Iya",
        "artist": "Mamoru Miyano & Yoshimasa Hosoya",
        "type": "Insert Song",
        "correctCount": 65,
        "startTime": 7,
        "songDuration": 58.56,
        "songNumber": 40,
        "activePlayerCount": 238,
        "LinkVideo": "https://files.catbox.moe/66dkyi.webm",
        "LinkMp3": "https://files.catbox.moe/hcitsq.mp3",
        "annId": 21544
    },
    {
        "animeEng": "Battle B-Daman: Fire Spirits",
        "animeRomaji": "B-Legend! Battle B-Daman: Fire Spirits!",
        "songName": "Teen's Hi",
        "artist": "Rockahula GOOSE",
        "type": "Ending 1",
        "correctCount": 1,
        "startTime": 15,
        "songDuration": 79.776588,
        "songNumber": 41,
        "activePlayerCount": 238,
        "LinkVideo": "https://files.catbox.moe/j53ut4.webm",
        "LinkMp3": "https://files.catbox.moe/ng0g2h.mp3",
        "annId": 4878,
        "correctPlayers": [
            "theyingster"
        ]
    },
    {
        "animeEng": "Di Gi Charat Tsuyu Special",
        "animeRomaji": "Di Gi Charat Tsuyu Special",
        "songName": "Megami ni Naritai ~for a yours~",
        "artist": "Masami Okui",
        "type": "Opening 1",
        "correctCount": 29,
        "startTime": 39,
        "songDuration": 89.088,
        "songNumber": 42,
        "activePlayerCount": 237,
        "LinkVideo": "https://files.catbox.moe/hzg9y2.webm",
        "LinkMp3": "https://files.catbox.moe/1vnw31.mp3",
        "annId": 17471
    },
    {
        "animeEng": "Sayonara, Zetsubou-Sensei",
        "animeRomaji": "Sayonara, Zetsubou-Sensei",
        "songName": "Zessei Bijin",
        "artist": "Zetsub\u014d Sh\u014djo-tachi",
        "type": "Ending 1",
        "correctCount": 50,
        "startTime": 1,
        "songDuration": 88.368,
        "songNumber": 43,
        "activePlayerCount": 236,
        "LinkVideo": "https://files.catbox.moe/g9mkaz.webm",
        "LinkMp3": "https://files.catbox.moe/18bb4y.mp3",
        "annId": 7767
    },
    {
        "animeEng": "G-Best",
        "animeRomaji": "G-Taste",
        "songName": "JOKER",
        "artist": "Yui Sakakibara",
        "type": "Opening 1",
        "correctCount": 7,
        "startTime": 31,
        "songDuration": 89.520094,
        "songNumber": 44,
        "activePlayerCount": 235,
        "LinkVideo": "https://files.catbox.moe/w7y0ym.webm",
        "LinkMp3": "https://files.catbox.moe/ovtlrg.mp3",
        "annId": 11728
    },
    {
        "animeEng": "Sakura Wars 2",
        "animeRomaji": "Sakura Taisen: Gouka Kenran",
        "songName": "Geki! Teikoku Kagekidan! (Kai II)",
        "artist": "Yuriko Fuchizaki & Teikoku Kagekidan",
        "type": "Opening 4",
        "correctCount": 31,
        "startTime": 11,
        "songDuration": 95.136,
        "songNumber": 45,
        "activePlayerCount": 234,
        "LinkVideo": "https://files.catbox.moe/8ug1m8.webm",
        "LinkMp3": "https://files.catbox.moe/fkj17q.mp3",
        "annId": 1015
    },
    {
        "animeEng": "JoJo's Bizarre Adventure: Diamond Is Unbreakable",
        "animeRomaji": "JoJo no Kimy\u014d na B\u014dken: Diamond wa Kudakenai",
        "songName": "chase",
        "artist": "batta",
        "type": "Opening 3",
        "correctCount": 148,
        "startTime": 34,
        "songDuration": 71.256,
        "songNumber": 46,
        "activePlayerCount": 234,
        "LinkVideo": "https://files.catbox.moe/oxp3n9.webm",
        "LinkMp3": "https://files.catbox.moe/xqd136.mp3",
        "annId": 17832
    },
    {
        "animeEng": "Hayate the Combat Butler! Heaven Is a Place on Earth",
        "animeRomaji": "Hayate no Gotoku! Heaven Is a Place on Earth",
        "songName": "Bokura, Kakeyuku Sora e",
        "artist": "Haruka Yamazaki",
        "type": "Opening 1",
        "correctCount": 20,
        "startTime": 35,
        "songDuration": 90.936,
        "songNumber": 47,
        "activePlayerCount": 234,
        "LinkVideo": "https://files.catbox.moe/024o12.webm",
        "LinkMp3": "https://files.catbox.moe/vebt8o.mp3",
        "annId": 12236
    },
    {
        "animeEng": "Itsuka Aeru Kimi ni",
        "animeRomaji": "Itsuka Aeru Kimi ni",
        "songName": "Sayonara Okaeri",
        "artist": "Suzuko Mimori",
        "type": "Ending 1",
        "correctCount": 3,
        "startTime": 26,
        "songDuration": 92.08005,
        "songNumber": 48,
        "activePlayerCount": 233,
        "LinkVideo": "https://files.catbox.moe/4vsola.webm",
        "LinkMp3": "https://files.catbox.moe/nz5w6i.mp3",
        "annId": 23051,
        "correctPlayers": [
            "Rukawa11",
            "Carmanher",
            "ozsauce"
        ]
    },
    {
        "animeEng": "Seraph of the End: Battle in Nagoya",
        "animeRomaji": "Owari no Seraph: Nagoya Kessen-hen",
        "songName": "Two souls -toward the truth-",
        "artist": "fripSide",
        "type": "Opening 1",
        "correctCount": 114,
        "startTime": 30,
        "songDuration": 89.568,
        "songNumber": 49,
        "activePlayerCount": 233,
        "LinkVideo": "https://files.catbox.moe/s86snr.webm",
        "LinkMp3": "https://files.catbox.moe/d28cod.mp3",
        "annId": 17482
    },
    {
        "animeEng": "MYSTERIA Friends",
        "animeRomaji": "Manaria Friends",
        "songName": "Minna no Omoide",
        "artist": "Takashi Watanabe",
        "type": "Ending 1",
        "correctCount": 26,
        "startTime": 5,
        "songDuration": 39.864,
        "songNumber": 50,
        "activePlayerCount": 234,
        "LinkVideo": "https://files.catbox.moe/2lgeto.webm",
        "LinkMp3": "https://files.catbox.moe/2mncvx.mp3",
        "annId": 17601
    },
    {
        "animeEng": "World Witches Take Off!",
        "animeRomaji": "World Witches Hasshin Shimasu!",
        "songName": "Colorful Everday",
        "artist": "Ayuru Ohashi & Mai Kadowaki",
        "type": "Ending 9",
        "correctCount": 4,
        "startTime": 39,
        "songDuration": 89.616,
        "songNumber": 51,
        "activePlayerCount": 233,
        "LinkVideo": "https://files.catbox.moe/tu12ja.webm",
        "LinkMp3": "https://files.catbox.moe/5jbrxm.mp3",
        "annId": 23727,
        "correctPlayers": [
            "MarceloCL",
            "NijinoYume721",
            "Shuuka",
            "AlterEgoS"
        ]
    },
    {
        "animeEng": "School Days: Valentine Days",
        "animeRomaji": "School Days: Valentine Days",
        "songName": "Look at me",
        "artist": "YURIA",
        "type": "Insert Song",
        "correctCount": 29,
        "startTime": 2,
        "songDuration": 70.128,
        "songNumber": 52,
        "activePlayerCount": 233,
        "LinkVideo": "https://files.catbox.moe/21672s.webm",
        "LinkMp3": "https://files.catbox.moe/jp7fdd.mp3",
        "annId": 11322
    },
    {
        "animeEng": "CLAMP in Wonderland",
        "animeRomaji": "CLAMP in Wonderland",
        "songName": "Anata dake no WONDERLAND",
        "artist": "Junko Hirotani",
        "type": "Opening 1",
        "correctCount": 33,
        "startTime": 116,
        "songDuration": 221.064,
        "songNumber": 53,
        "activePlayerCount": 232,
        "LinkVideo": "https://files.catbox.moe/7ybwmz.webm",
        "LinkMp3": "https://files.catbox.moe/0sleb5.mp3",
        "annId": 3578
    },
    {
        "animeEng": "Full Metal Panic! Invisible Victory",
        "animeRomaji": "Full Metal Panic! Invisible Victory",
        "songName": "Even...if",
        "artist": "Tamaru Yamada",
        "type": "Opening 1",
        "correctCount": 34,
        "startTime": 24,
        "songDuration": 89.808,
        "songNumber": 54,
        "activePlayerCount": 232,
        "LinkVideo": "https://files.catbox.moe/sifv9m.webm",
        "LinkMp3": "https://files.catbox.moe/e82l67.mp3",
        "annId": 18796
    },
    {
        "animeEng": "Crane Game Girls",
        "animeRomaji": "Bish\u014djo Y\u016bgi Unit Crane Garl",
        "songName": "Dream Climber",
        "artist": "Rico Sasaki",
        "type": "Opening 1",
        "correctCount": 15,
        "startTime": 5,
        "songDuration": 60.024,
        "songNumber": 55,
        "activePlayerCount": 232,
        "LinkVideo": "https://files.catbox.moe/86fans.webm",
        "LinkMp3": "https://files.catbox.moe/5k2vqj.mp3",
        "annId": 18213
    },
    {
        "animeEng": "Ghost in the Shell: Stand Alone Complex",
        "animeRomaji": "K\u014dkaku Kid\u014dtai: Stand Alone Complex",
        "songName": "inner universe",
        "artist": "Origa",
        "type": "Opening 1",
        "correctCount": 90,
        "startTime": 3,
        "songDuration": 89.592,
        "songNumber": 56,
        "activePlayerCount": 232,
        "LinkVideo": "https://files.catbox.moe/22r7sb.webm",
        "LinkMp3": "https://files.catbox.moe/pqy753.mp3",
        "annId": 910
    },
    {
        "animeEng": "Captain Tsubasa",
        "animeRomaji": "Captain Tsubasa",
        "songName": "Moete Hero",
        "artist": "Kenichi Suzumura",
        "type": "Ending 2",
        "correctCount": 124,
        "startTime": 41,
        "songDuration": 88.03114,
        "songNumber": 57,
        "activePlayerCount": 229,
        "LinkVideo": "https://files.catbox.moe/abss5f.webm",
        "LinkMp3": "https://files.catbox.moe/p6q9ah.mp3",
        "annId": 20614
    },
    {
        "animeEng": "Dokaben",
        "animeRomaji": "Dokaben",
        "songName": "Ganbare Dokaben",
        "artist": "Koorogi '73",
        "type": "Opening 1",
        "correctCount": 11,
        "startTime": 13,
        "songDuration": 61.2,
        "songNumber": 58,
        "activePlayerCount": 229,
        "LinkVideo": "https://files.catbox.moe/08pd72.webm",
        "LinkMp3": "https://files.catbox.moe/9r5vp8.mp3",
        "annId": 1308
    },
    {
        "animeEng": "Ajin: Demi-Human",
        "animeRomaji": "Ajin",
        "songName": "HOW CLOSE YOU ARE",
        "artist": "Mamoru Miyano",
        "type": "Ending 1",
        "correctCount": 92,
        "startTime": 51,
        "songDuration": 89.088,
        "songNumber": 59,
        "activePlayerCount": 230,
        "LinkVideo": "https://files.catbox.moe/p6az7e.webm",
        "LinkMp3": "https://files.catbox.moe/pcaml1.mp3",
        "annId": 19017
    },
    {
        "animeEng": "Brothers Conflict",
        "animeRomaji": "BroCon",
        "songName": "BELOVED\u00d7SURVIVAL",
        "artist": "Gero",
        "type": "Opening 1",
        "correctCount": 54,
        "startTime": 9,
        "songDuration": 89.64,
        "songNumber": 60,
        "activePlayerCount": 229,
        "LinkVideo": "https://files.catbox.moe/5u5g29.webm",
        "LinkMp3": "https://files.catbox.moe/kqt95l.mp3",
        "annId": 14865
    },
    {
        "animeEng": "Today's Menu for the Emiya Family",
        "animeRomaji": "Emiya-san Chi no Ky\u014d no Gohan",
        "songName": "Collage",
        "artist": "Sangatsu no Phantasia",
        "type": "Ending 1",
        "correctCount": 48,
        "startTime": 24,
        "songDuration": 88.44,
        "songNumber": 61,
        "activePlayerCount": 229,
        "LinkVideo": "https://files.catbox.moe/ix4lbm.webm",
        "LinkMp3": "https://files.catbox.moe/ztf4do.mp3",
        "annId": 20493
    },
    {
        "animeEng": "Mobile Suit Gundam Thunderbolt: December Sky",
        "animeRomaji": "Kid\u014d Senshi Gundam Thunderbolt: December Sky",
        "songName": "Pace, Pace Mio Dio",
        "artist": "Miriam Gauci & Belgium Broadcasting Philharmonic Orchestra",
        "type": "Insert Song",
        "correctCount": 4,
        "startTime": 61,
        "songDuration": 107.424,
        "songNumber": 62,
        "activePlayerCount": 230,
        "LinkVideo": "https://files.catbox.moe/xzbq4v.webm",
        "LinkMp3": "https://files.catbox.moe/iko2vs.mp3",
        "annId": 18494,
        "correctPlayers": [
            "AnbuKakashi",
            "Moka",
            "Blacky_Doll",
            "Carmanher"
        ]
    },
    {
        "animeEng": "Clannad: The Motion Picture",
        "animeRomaji": "Clannad Film",
        "songName": "Dango Dango Dango",
        "artist": "Fukuchi Kousaka Koutou Gakkou Zaikousei",
        "type": "Ending 3",
        "correctCount": 133,
        "startTime": 0,
        "songDuration": 31.464,
        "songNumber": 63,
        "activePlayerCount": 230,
        "LinkVideo": "https://files.catbox.moe/4h91d8.webm",
        "LinkMp3": "https://files.catbox.moe/geafjg.mp3",
        "annId": 6436
    },
    {
        "animeEng": "You're Under Arrest",
        "animeRomaji": "Taiho Shichau zo",
        "songName": "Thank you, love",
        "artist": "Keiko Tarada",
        "type": "Ending 1",
        "correctCount": 4,
        "startTime": 40,
        "songDuration": 88.08,
        "songNumber": 64,
        "activePlayerCount": 230,
        "LinkVideo": "https://files.catbox.moe/11kox3.webm",
        "LinkMp3": "https://files.catbox.moe/7diwzn.mp3",
        "annId": 620,
        "correctPlayers": [
            "oh95",
            "likejaxirl",
            "GonXa",
            "JinAxel"
        ]
    },
    {
        "animeEng": "Pandora Hearts",
        "animeRomaji": "Pandora Hearts",
        "songName": "Parallel Hearts",
        "artist": "FictionJunction",
        "type": "Opening 1",
        "correctCount": 85,
        "startTime": 35,
        "songDuration": 90.888,
        "songNumber": 65,
        "activePlayerCount": 230,
        "LinkVideo": "https://files.catbox.moe/dutftf.webm",
        "LinkMp3": "https://files.catbox.moe/mej27w.mp3",
        "annId": 10436
    },
    {
        "animeEng": "Armored Trooper Votoms: Red Shoulder Document - Roots of Treachery",
        "animeRomaji": "S\u014dk\u014d Kihei VOTOMS: Red Shoulder Document - Yabou no Roots",
        "songName": "Hon\u014d no Sadame",
        "artist": "TETSU",
        "type": "Opening 1",
        "correctCount": 50,
        "startTime": 9,
        "songDuration": 87.384,
        "songNumber": 66,
        "activePlayerCount": 230,
        "LinkVideo": "https://files.catbox.moe/cqui8i.webm",
        "LinkMp3": "https://files.catbox.moe/81d2kg.mp3",
        "annId": 6971
    },
    {
        "animeEng": "Mobile Suit Gundam",
        "animeRomaji": "Kid\u014d Senshi Gundam",
        "songName": "Eien ni Amuro",
        "artist": "Koh Ikeda",
        "type": "Ending 1",
        "correctCount": 61,
        "startTime": 3,
        "songDuration": 57.936,
        "songNumber": 67,
        "activePlayerCount": 230,
        "LinkVideo": "https://files.catbox.moe/7g3jjl.webm",
        "LinkMp3": "https://files.catbox.moe/1qnh8t.mp3",
        "annId": 46
    },
    {
        "animeEng": "Sanj\u014dgattai Transformers Go!",
        "animeRomaji": "Sanj\u014dgattai Transformers Go!",
        "songName": "TRANSFORMERS-Go!",
        "artist": "Daiki Ise",
        "type": "Opening 1",
        "correctCount": 3,
        "startTime": 3,
        "songDuration": 86.376,
        "songNumber": 68,
        "activePlayerCount": 229,
        "LinkVideo": "https://files.catbox.moe/q8jxed.webm",
        "LinkMp3": "https://files.catbox.moe/mkngei.mp3",
        "annId": 15394,
        "correctPlayers": [
            "theyingster",
            "Blacky_Doll",
            "Rukawa11"
        ]
    },
    {
        "animeEng": "Tales of Symphonia the Animation: Tethe'alla Episode",
        "animeRomaji": "Tales of Symphonia the Animation: Tethe'alla-hen",
        "songName": "Tenkuu no Canaria",
        "artist": "Nana Mizuki",
        "type": "Opening 1",
        "correctCount": 12,
        "startTime": 67,
        "songDuration": 120.624,
        "songNumber": 69,
        "activePlayerCount": 229,
        "LinkVideo": "https://files.catbox.moe/021hgu.webm",
        "LinkMp3": "https://files.catbox.moe/gj4am6.mp3",
        "annId": 11121
    },
    {
        "animeEng": "Marmalade Boy",
        "animeRomaji": "Marmalade Boy",
        "songName": "Kareha-iro no Crescendo",
        "artist": "Yasuhiro Mizushima",
        "type": "Ending 2",
        "correctCount": 11,
        "startTime": 32,
        "songDuration": 88.03114,
        "songNumber": 70,
        "activePlayerCount": 229,
        "LinkVideo": "https://files.catbox.moe/jtvwzy.webm",
        "LinkMp3": "https://files.catbox.moe/agkk4c.mp3",
        "annId": 461
    },
    {
        "animeEng": "MAGATSU WAHRHEIT",
        "animeRomaji": "Magatsu Wahrheit -Zuerst-",
        "songName": "disclose",
        "artist": "H-el-ical//",
        "type": "Ending 1",
        "correctCount": 15,
        "startTime": 43,
        "songDuration": 87.528,
        "songNumber": 71,
        "activePlayerCount": 229,
        "LinkVideo": "https://files.catbox.moe/8lzzzn.webm",
        "LinkMp3": "https://files.catbox.moe/eecdnx.mp3",
        "annId": 23543
    },
    {
        "animeEng": "Rebirth",
        "animeRomaji": "Rebirth",
        "songName": "Rebirth GO!",
        "artist": "twinkle\u2661way",
        "type": "Ending 6",
        "correctCount": 41,
        "startTime": 0,
        "songDuration": 29.544,
        "songNumber": 72,
        "activePlayerCount": 229,
        "LinkVideo": "https://files.catbox.moe/u2d6nh.webm",
        "LinkMp3": "https://files.catbox.moe/qyd99i.mp3",
        "annId": 22340
    },
    {
        "animeEng": "Crayon Shin-chan Bakusui! Yumemi World Dai Totsugeki",
        "animeRomaji": "Crayon Shin-chan Bakusui! Yumemi World Dai Totsugeki",
        "songName": "Kimi ni 100 Percent",
        "artist": "Kyary Pamyu Pamyu",
        "type": "Opening 1",
        "correctCount": 175,
        "startTime": 21,
        "songDuration": 64.032,
        "songNumber": 73,
        "activePlayerCount": 229,
        "LinkVideo": "https://files.catbox.moe/r7n6po.webm",
        "LinkMp3": "https://files.catbox.moe/ig4gzs.mp3",
        "annId": 18450
    },
    {
        "animeEng": "Seizei Gambare Mah\u014d Sh\u014djo Kurumi",
        "animeRomaji": "Seizei Gambare Mah\u014d Sh\u014djo Kurumi",
        "songName": "Egao Gaoka Ondo",
        "artist": "Yuu Hayashi, Wataru Hatano, Takuma Terashima",
        "type": "Ending 1",
        "correctCount": 8,
        "startTime": 0,
        "songDuration": 29.424,
        "songNumber": 74,
        "activePlayerCount": 229,
        "LinkVideo": "https://files.catbox.moe/yks8hx.webm",
        "LinkMp3": "https://files.catbox.moe/prmuji.mp3",
        "annId": 23701
    },
    {
        "animeEng": "Kamigami no Asobi",
        "animeRomaji": "Kamigami no Asobi",
        "songName": "Reason For...",
        "artist": "Miyu Irino, Daisuke Ono, Y\u016bto Uemura, Toshiyuki Toyonaga, Hiroshi Kamiya, Yoshimasa Hosoya",
        "type": "Ending 1",
        "correctCount": 7,
        "startTime": 47,
        "songDuration": 88.392,
        "songNumber": 75,
        "activePlayerCount": 226,
        "LinkVideo": "https://files.catbox.moe/42wdzi.webm",
        "LinkMp3": "https://files.catbox.moe/dych05.mp3",
        "annId": 15828
    }
]