[
    {
        "animeEng": "Kaleido Star: It's Good! Goood!!",
        "animeRomaji": "Kaleido Star: Good dayo! Goood!!",
        "songName": "Yakusoku no Basho e",
        "artist": "Chihiro Yonekura with Kaleido Stars",
        "type": "Opening 1",
        "correctCount": 13,
        "startTime": 204,
        "songDuration": 288.936,
        "songNumber": 1,
        "activePlayerCount": 158,
        "LinkVideo": "https://files.catbox.moe/2mduim.webm",
        "LinkMp3": "https://files.catbox.moe/w8mqs4.mp3",
        "annId": 5659
    },
    {
        "animeEng": "Crayon Shin-chan: Dengeki! Buta no Hizume Daisakusen",
        "animeRomaji": "Crayon Shin-chan: Dengeki! Buta no Hizume Daisakusen",
        "songName": "PURENESS",
        "artist": "SHAZNA",
        "type": "Ending 1",
        "correctCount": 1,
        "startTime": 99,
        "songDuration": 156.864,
        "songNumber": 2,
        "activePlayerCount": 157,
        "LinkVideo": "https://files.catbox.moe/1bhb7b.webm",
        "LinkMp3": "https://files.catbox.moe/mw2l96.mp3",
        "annId": 6745,
        "correctPlayers": [
            "Lord_of_Ultima"
        ]
    },
    {
        "animeEng": "Record of Lodoss War",
        "animeRomaji": "Lodoss-t\u014d Senki",
        "songName": "Ad\u00e8sso e Fortuna ~Hon\u014d to Eien~",
        "artist": "Sherry",
        "type": "Opening 1",
        "correctCount": 19,
        "startTime": 2,
        "songDuration": 80.208,
        "songNumber": 3,
        "activePlayerCount": 158,
        "LinkVideo": "https://files.catbox.moe/swl17v.webm",
        "LinkMp3": "https://files.catbox.moe/zba5db.mp3",
        "annId": 394
    },
    {
        "animeEng": "Aikatsu!",
        "animeRomaji": "Aikatsu!",
        "songName": "G Senjo no Shining Sky",
        "artist": "Waka\u30fbRisuko from STAR\u2606ANIS",
        "type": "Insert Song",
        "correctCount": 57,
        "startTime": 29,
        "songDuration": 109.584,
        "songNumber": 4,
        "activePlayerCount": 158,
        "LinkVideo": "https://files.catbox.moe/ue6z7w.webm",
        "LinkMp3": "https://files.catbox.moe/1gyrum.mp3",
        "annId": 14566
    },
    {
        "animeEng": "Karakuri Circus",
        "animeRomaji": "Karakuri Circus",
        "songName": "Gekk\u014d",
        "artist": "BUMP OF CHICKEN",
        "type": "Opening 1",
        "correctCount": 25,
        "startTime": 2,
        "songDuration": 87.013875,
        "songNumber": 5,
        "activePlayerCount": 156,
        "LinkVideo": "https://files.catbox.moe/5p0isl.webm",
        "LinkMp3": "https://files.catbox.moe/cfsr9v.mp3",
        "annId": 20774
    },
    {
        "animeEng": "Magi: The Labyrinth of Magic",
        "animeRomaji": "Magi: The Labyrinth of Magic",
        "songName": "Matataku Hoshi no Shita de",
        "artist": "Porno Graffitti",
        "type": "Opening 2",
        "correctCount": 72,
        "startTime": 59,
        "songDuration": 92.256,
        "songNumber": 6,
        "activePlayerCount": 156,
        "LinkVideo": "https://files.catbox.moe/pmg9o4.webm",
        "LinkMp3": "https://files.catbox.moe/7ibio0.mp3",
        "annId": 14395
    },
    {
        "animeEng": "Aikatsu!",
        "animeRomaji": "Aikatsu!",
        "songName": "Let's Aikatsu!",
        "artist": "Ruka\u30fbMona from AIKATSU\u2606STARS!",
        "type": "Insert Song",
        "correctCount": 71,
        "startTime": 34,
        "songDuration": 110.568,
        "songNumber": 7,
        "activePlayerCount": 156,
        "LinkVideo": "https://files.catbox.moe/g5gj0w.webm",
        "LinkMp3": "https://files.catbox.moe/n5twoj.mp3",
        "annId": 16165
    },
    {
        "animeEng": "Gintama.",
        "animeRomaji": "Gintama. Porori-hen",
        "songName": "Hank\u014d Seimei",
        "artist": "Ayumikurikamaki",
        "type": "Ending 1",
        "correctCount": 34,
        "startTime": 48,
        "songDuration": 88.728,
        "songNumber": 8,
        "activePlayerCount": 155,
        "LinkVideo": "https://files.catbox.moe/numkh0.webm",
        "LinkMp3": "https://files.catbox.moe/87xr9i.mp3",
        "annId": 20160
    },
    {
        "animeEng": "The Moment You Fall in Love",
        "animeRomaji": "Suki ni Naru Sono Shunkan o: Kokuhaku Jikk\u014d Iinkai",
        "songName": "Ima Suki ni Naru.-triangle story-",
        "artist": "Natsuki Hanae",
        "type": "Insert Song",
        "correctCount": 17,
        "startTime": 27,
        "songDuration": 108.48,
        "songNumber": 9,
        "activePlayerCount": 154,
        "LinkVideo": "https://files.catbox.moe/yyee3t.webm",
        "LinkMp3": "https://files.catbox.moe/nmatwm.mp3",
        "annId": 18587
    },
    {
        "animeEng": "Natsu no Arashi! Season 2",
        "animeRomaji": "Natsu no Arashi! Season 2",
        "songName": "Playback Part 2",
        "artist": "Kaori Nazuka",
        "type": "Insert Song",
        "correctCount": 9,
        "startTime": 63,
        "songDuration": 145.525662,
        "songNumber": 10,
        "activePlayerCount": 153,
        "LinkVideo": "https://files.catbox.moe/oqxtz4.webm",
        "LinkMp3": "https://files.catbox.moe/i7126o.mp3",
        "annId": 10944
    },
    {
        "animeEng": "Dragonar Academy",
        "animeRomaji": "Seikoku no Dragonar",
        "songName": "Seiken Nante Iranai",
        "artist": "Yui Sakakibara",
        "type": "Opening 1",
        "correctCount": 49,
        "startTime": 1,
        "songDuration": 89.913475,
        "songNumber": 11,
        "activePlayerCount": 154,
        "LinkVideo": "https://files.catbox.moe/dlcjp5.webm",
        "LinkMp3": "https://files.catbox.moe/kkwtqw.mp3",
        "annId": 15707
    },
    {
        "animeEng": "Dragon Ball Z: Resurrection 'F'",
        "animeRomaji": "Dragon Ball Z: Fukkatsu no 'F'",
        "songName": "F",
        "artist": "Maximum the Hormone",
        "type": "Insert Song",
        "correctCount": 30,
        "startTime": 54,
        "songDuration": 88.896,
        "songNumber": 12,
        "activePlayerCount": 150,
        "LinkVideo": "https://files.catbox.moe/99o1ts.webm",
        "LinkMp3": "https://files.catbox.moe/ncu6i3.mp3",
        "annId": 16549
    },
    {
        "animeEng": "Down Load - Namiamidabutsu wa Ai no Uta",
        "animeRomaji": "Down Load - Namiamidabutsu wa Ai no Uta",
        "songName": "WEATHER REPORT BLUES",
        "artist": "Derek Jackson",
        "type": "Ending 1",
        "correctCount": 2,
        "startTime": 79,
        "songDuration": 145.085333,
        "songNumber": 13,
        "activePlayerCount": 152,
        "LinkVideo": "https://files.catbox.moe/2govb8.webm",
        "LinkMp3": "https://files.catbox.moe/xszasn.mp3",
        "annId": 7345,
        "correctPlayers": [
            "Xesla",
            "Mami"
        ]
    },
    {
        "animeEng": "OBSOLETE",
        "animeRomaji": "OBSOLETE",
        "songName": "ORB-SOLUTION #2 confusion",
        "artist": "TECHNOBOYS PULCRAFT GREEN-FUND",
        "type": "Ending 2",
        "correctCount": 16,
        "startTime": 9,
        "songDuration": 58.872,
        "songNumber": 14,
        "activePlayerCount": 151,
        "LinkVideo": "https://files.catbox.moe/6srivk.webm",
        "LinkMp3": "https://files.catbox.moe/2wbuos.mp3",
        "annId": 22540
    },
    {
        "animeEng": "Pretty Rhythm All Star Selection",
        "animeRomaji": "Pretty Rhythm All Star Selection",
        "songName": "Everybody's Gonna Be Happy",
        "artist": "Prizmmy\u2606",
        "type": "Ending 8",
        "correctCount": 11,
        "startTime": 49,
        "songDuration": 88.464,
        "songNumber": 15,
        "activePlayerCount": 151,
        "LinkVideo": "https://files.catbox.moe/ibl1ar.webm",
        "LinkMp3": "https://files.catbox.moe/p805rf.mp3",
        "annId": 15888
    },
    {
        "animeEng": "A Little Snow Fairy Sugar",
        "animeRomaji": "Chicchana Yukitsukai Sugar",
        "songName": "Sugar Baby Love",
        "artist": "Yoko Ishida",
        "type": "Opening 1",
        "correctCount": 25,
        "startTime": 17,
        "songDuration": 90.072,
        "songNumber": 16,
        "activePlayerCount": 150,
        "LinkVideo": "https://files.catbox.moe/hsw6dg.webm",
        "LinkMp3": "https://files.catbox.moe/jfwy34.mp3",
        "annId": 1018
    },
    {
        "animeEng": "Papillon Rose",
        "animeRomaji": "Lingerie Senshi Papillon Rose",
        "songName": "Rosetta",
        "artist": "Yuki Masuda",
        "type": "Opening 1",
        "correctCount": 6,
        "startTime": 27,
        "songDuration": 87.888,
        "songNumber": 17,
        "activePlayerCount": 150,
        "LinkVideo": "https://files.catbox.moe/y6equj.webm",
        "LinkMp3": "https://files.catbox.moe/06tehz.mp3",
        "annId": 904
    },
    {
        "animeEng": "New Game!",
        "animeRomaji": "New Game!",
        "songName": "Sakura Skip",
        "artist": "fourfolium",
        "type": "Opening 1",
        "correctCount": 108,
        "startTime": 2,
        "songDuration": 89.304,
        "songNumber": 18,
        "activePlayerCount": 150,
        "LinkVideo": "https://files.catbox.moe/e6y3c5.webm",
        "LinkMp3": "https://files.catbox.moe/0d2ohm.mp3",
        "annId": 21896
    },
    {
        "animeEng": "BanG Dream! Asonjatta!",
        "animeRomaji": "BanG Dream! Asonjatta!",
        "songName": "Tokimeki Experience!",
        "artist": "Poppin'Party",
        "type": "Opening 1",
        "correctCount": 82,
        "startTime": 13,
        "songDuration": 89.049898,
        "songNumber": 19,
        "activePlayerCount": 149,
        "LinkVideo": "https://files.catbox.moe/ss3q6y.webm",
        "LinkMp3": "https://files.catbox.moe/1hqfjp.mp3",
        "annId": 22411
    },
    {
        "animeEng": "7SEEDS",
        "animeRomaji": "7SEEDS",
        "songName": "Ark",
        "artist": "Amatsuki",
        "type": "Opening 1",
        "correctCount": 45,
        "startTime": 39,
        "songDuration": 87.408,
        "songNumber": 20,
        "activePlayerCount": 150,
        "LinkVideo": "https://files.catbox.moe/wajucd.webm",
        "LinkMp3": "https://files.catbox.moe/phxkp3.mp3",
        "annId": 21601
    },
    {
        "animeEng": "X",
        "animeRomaji": "X",
        "songName": "eX Dream",
        "artist": "Myuji",
        "type": "Opening 1",
        "correctCount": 19,
        "startTime": 15,
        "songDuration": 82.296,
        "songNumber": 21,
        "activePlayerCount": 150,
        "LinkVideo": "https://files.catbox.moe/kkt140.webm",
        "LinkMp3": "https://files.catbox.moe/rvqsf9.mp3",
        "annId": 464
    },
    {
        "animeEng": "Binch\u014d-tan",
        "animeRomaji": "Binch\u014d-tan",
        "songName": "Binch\u014d Ondo",
        "artist": "Mai Kadowaki",
        "type": "Ending 1",
        "correctCount": 28,
        "startTime": 2,
        "songDuration": 89.472,
        "songNumber": 22,
        "activePlayerCount": 150,
        "LinkVideo": "https://files.catbox.moe/9aa44y.webm",
        "LinkMp3": "https://files.catbox.moe/c41kv5.mp3",
        "annId": 5314
    },
    {
        "animeEng": "The Journey Home",
        "animeRomaji": "Space Bug",
        "songName": "Tiny Dreamer",
        "artist": "Haruka Tojo",
        "type": "Opening 2",
        "correctCount": 3,
        "startTime": 36,
        "songDuration": 79.41088,
        "songNumber": 23,
        "activePlayerCount": 149,
        "LinkVideo": "https://files.catbox.moe/8sefr1.webm",
        "LinkMp3": "https://files.catbox.moe/q6cif6.mp3",
        "annId": 22177,
        "correctPlayers": [
            "Rukawa11",
            "Shuuka",
            "GundamOnly"
        ]
    },
    {
        "animeEng": "IGPX: Immortal Grand Prix",
        "animeRomaji": "IGPX: Immortal Grand Prix",
        "songName": "Believe yourself",
        "artist": "exige",
        "type": "Ending 1",
        "correctCount": 3,
        "startTime": 45,
        "songDuration": 83.688,
        "songNumber": 24,
        "activePlayerCount": 149,
        "LinkVideo": "https://files.catbox.moe/8iim80.webm",
        "LinkMp3": "https://files.catbox.moe/glxzgy.mp3",
        "annId": 5862,
        "correctPlayers": [
            "klusty",
            "Probius",
            "Xesla"
        ]
    },
    {
        "animeEng": "Pok\u00e9mon the Movie: Genesect and the Legend Awakened",
        "animeRomaji": "Gekij\u014dban Pocket Monsters: Best Wishes! Shinsoku no Genesect - Mewtwo Kakusei",
        "songName": "We're Coming Home",
        "artist": "Jess Domain",
        "type": "Ending 1",
        "correctCount": 3,
        "startTime": 93,
        "songDuration": 278.88,
        "songNumber": 25,
        "activePlayerCount": 149,
        "LinkVideo": "https://files.catbox.moe/o16lic.webm",
        "LinkMp3": "https://files.catbox.moe/zjx4vf.mp3",
        "annId": 14974,
        "correctPlayers": [
            "Xesla",
            "GoroShigenoSimp",
            "poopoo"
        ]
    },
    {
        "animeEng": "Fairy Ranmaru: Anata no Kokoro Otasuke Shimasu",
        "animeRomaji": "Fairy Ranmaru: Anata no Kokoro Otasuke Shimasu",
        "songName": "Ayashiku Get your heart",
        "artist": "5 to HEAVEN",
        "type": "Opening 1",
        "correctCount": 9,
        "startTime": 28,
        "songDuration": 89.016,
        "songNumber": 26,
        "activePlayerCount": 149,
        "LinkVideo": "https://files.catbox.moe/azq14j.webm",
        "LinkMp3": "https://files.catbox.moe/rrz0ri.mp3",
        "annId": 23933
    },
    {
        "animeEng": "Air",
        "animeRomaji": "Air",
        "songName": "Tori no Uta",
        "artist": "Lia",
        "type": "Opening 1",
        "correctCount": 100,
        "startTime": 83,
        "songDuration": 117.192,
        "songNumber": 27,
        "activePlayerCount": 148,
        "LinkVideo": "https://files.catbox.moe/2ip6uc.webm",
        "LinkMp3": "https://files.catbox.moe/tcaj6a.mp3",
        "annId": 4093
    },
    {
        "animeEng": "Haikyu!! To the Top",
        "animeRomaji": "Haikyu!! To the Top",
        "songName": "Kessen Spirit",
        "artist": "CHiCO with HoneyWorks",
        "type": "Ending 1",
        "correctCount": 78,
        "startTime": 25,
        "songDuration": 87.912,
        "songNumber": 28,
        "activePlayerCount": 149,
        "LinkVideo": "https://files.catbox.moe/in7lgc.webm",
        "LinkMp3": "https://files.catbox.moe/jdgoy8.mp3",
        "annId": 22438
    },
    {
        "animeEng": "Miss Machiko",
        "animeRomaji": "Maicching Machiko-sensei",
        "songName": "Watashi wa Machiko",
        "artist": "Yuko Imada",
        "type": "Opening 1",
        "correctCount": 6,
        "startTime": 41,
        "songDuration": 96.36,
        "songNumber": 29,
        "activePlayerCount": 150,
        "LinkVideo": "https://files.catbox.moe/tqyb5m.webm",
        "LinkMp3": "https://files.catbox.moe/7aozgx.mp3",
        "annId": 636
    },
    {
        "animeEng": "Cobra The Animation",
        "animeRomaji": "Cobra The Animation",
        "songName": "COBRA THE SPACE PIRATE",
        "artist": "Sasja Antheunis",
        "type": "Opening 1",
        "correctCount": 7,
        "startTime": 15,
        "songDuration": 91.632,
        "songNumber": 30,
        "activePlayerCount": 150,
        "LinkVideo": "https://files.catbox.moe/n4kw9e.webm",
        "LinkMp3": "https://files.catbox.moe/bkd9x3.mp3",
        "annId": 9203
    },
    {
        "animeEng": "Seizei Gambare Mah\u014d Sh\u014djo Kurumi",
        "animeRomaji": "Seizei Gambare Mah\u014d Sh\u014djo Kurumi",
        "songName": "Shuumatsu e no Tengeki",
        "artist": "Mia REGINA",
        "type": "Opening 1",
        "correctCount": 12,
        "startTime": 0,
        "songDuration": 28.584,
        "songNumber": 31,
        "activePlayerCount": 149,
        "LinkVideo": "https://files.catbox.moe/fb17ny.webm",
        "LinkMp3": "https://files.catbox.moe/554915.mp3",
        "annId": 23701
    },
    {
        "animeEng": "FLCL",
        "animeRomaji": "Furi Kuri",
        "songName": "Instant Music",
        "artist": "the pillows",
        "type": "Insert Song",
        "correctCount": 43,
        "startTime": 78,
        "songDuration": 195.65378,
        "songNumber": 32,
        "activePlayerCount": 150,
        "LinkVideo": "https://files.catbox.moe/2b7iis.webm",
        "LinkMp3": "https://files.catbox.moe/5e6noq.mp3",
        "annId": 277
    },
    {
        "animeEng": "Liz and the Blue Bird",
        "animeRomaji": "Liz to Aoi Tori",
        "songName": "Liz to Aoi Tori",
        "artist": "Freshman Wind Ensemble",
        "type": "Insert Song",
        "correctCount": 49,
        "startTime": 35,
        "songDuration": 203.904,
        "songNumber": 33,
        "activePlayerCount": 150,
        "LinkVideo": "https://files.catbox.moe/0etykm.webm",
        "LinkMp3": "https://files.catbox.moe/ax9kol.mp3",
        "annId": 20444
    },
    {
        "animeEng": "Sugar Sugar Rune",
        "animeRomaji": "Sugar Sugar Rune",
        "songName": "Chocolat ni Much\u016b",
        "artist": "Karia Nomoto",
        "type": "Opening 1",
        "correctCount": 71,
        "startTime": 52,
        "songDuration": 86.136,
        "songNumber": 34,
        "activePlayerCount": 150,
        "LinkVideo": "https://files.catbox.moe/ni831z.webm",
        "LinkMp3": "https://files.catbox.moe/df1bmj.mp3",
        "annId": 5334
    },
    {
        "animeEng": "Lupin the Third: The Woman Called Fujiko Mine",
        "animeRomaji": "Lupin the Third: Mine Fujiko to Iu Onna",
        "songName": "Duty Friend",
        "artist": "NIKIIE",
        "type": "Ending 1",
        "correctCount": 5,
        "startTime": 21,
        "songDuration": 79.56,
        "songNumber": 35,
        "activePlayerCount": 150,
        "LinkVideo": "https://files.catbox.moe/ty9egp.webm",
        "LinkMp3": "https://files.catbox.moe/6y1gr7.mp3",
        "annId": 14135,
        "correctPlayers": [
            "bk202",
            "Zylda",
            "klusty",
            "Xesla",
            "Lkyda"
        ]
    },
    {
        "animeEng": "Beatless Final Stage",
        "animeRomaji": "Beatless Final Stage",
        "songName": "Truth.",
        "artist": "TrySail",
        "type": "Opening 1",
        "correctCount": 61,
        "startTime": 21,
        "songDuration": 88.8,
        "songNumber": 36,
        "activePlayerCount": 150,
        "LinkVideo": "https://files.catbox.moe/0gh3ko.webm",
        "LinkMp3": "https://files.catbox.moe/4ltg31.mp3",
        "annId": 21277
    },
    {
        "animeEng": "S.A: Special A",
        "animeRomaji": "Special A",
        "songName": "Special\u2606Gyutto Good luck!",
        "artist": "Yuko Goto, Hitomi Nabatame, Ayahi Takagaki",
        "type": "Ending 2",
        "correctCount": 17,
        "startTime": 35,
        "songDuration": 89.784,
        "songNumber": 37,
        "activePlayerCount": 149,
        "LinkVideo": "https://files.catbox.moe/xpf6mr.webm",
        "LinkMp3": "https://files.catbox.moe/rr5j4g.mp3",
        "annId": 8769
    },
    {
        "animeEng": "Sangokushi",
        "animeRomaji": "Sangokushi",
        "songName": "Yume Ichizu ni",
        "artist": "Masatoshi Nakamura",
        "type": "Ending 1",
        "correctCount": 1,
        "startTime": 48,
        "songDuration": 145.584,
        "songNumber": 38,
        "activePlayerCount": 149,
        "LinkVideo": "https://files.catbox.moe/ectq0t.webm",
        "LinkMp3": "https://files.catbox.moe/i2ey3l.mp3",
        "annId": 7011,
        "correctPlayers": [
            "Catisam"
        ]
    },
    {
        "animeEng": "Jingai-san no Yome",
        "animeRomaji": "Jingai-san no Yome",
        "songName": "Happy Life Spectacle",
        "artist": "Hi!Superb",
        "type": "Ending 1",
        "correctCount": 20,
        "startTime": 44,
        "songDuration": 88.893166,
        "songNumber": 39,
        "activePlayerCount": 148,
        "LinkVideo": "https://files.catbox.moe/96g9jk.webm",
        "LinkMp3": "https://files.catbox.moe/gqe6yq.mp3",
        "annId": 21130
    },
    {
        "animeEng": "Psychic Force",
        "animeRomaji": "Psychic Force",
        "songName": "Cold Justice",
        "artist": "Kyousei Tsukui",
        "type": "Insert Song",
        "correctCount": 1,
        "startTime": 0,
        "songDuration": 28.08,
        "songNumber": 40,
        "activePlayerCount": 148,
        "LinkVideo": "https://files.catbox.moe/q9btn2.webm",
        "LinkMp3": "https://files.catbox.moe/x3iws2.mp3",
        "annId": 347,
        "correctPlayers": [
            "1000minus7"
        ]
    },
    {
        "animeEng": "KIRA KIRA\u2606PRETTY CURE A LA MODE",
        "animeRomaji": "Kirakira\u2606Precure A La Mode",
        "songName": "Let's La Cooking\u2606Showtime",
        "artist": "Kanako Miyamoto",
        "type": "Ending 1",
        "correctCount": 9,
        "startTime": 52,
        "songDuration": 89.04,
        "songNumber": 41,
        "activePlayerCount": 149,
        "LinkVideo": "https://files.catbox.moe/pw10y7.webm",
        "LinkMp3": "https://files.catbox.moe/9h9iyc.mp3",
        "annId": 18962
    },
    {
        "animeEng": "Pok\u00e9mon: Diamond and Pearl",
        "animeRomaji": "Pocket Monsters Diamond & Pearl",
        "songName": "Type:Wild",
        "artist": "Rica Matsumoto",
        "type": "Insert Song",
        "correctCount": 54,
        "startTime": 64,
        "songDuration": 102.072,
        "songNumber": 42,
        "activePlayerCount": 149,
        "LinkVideo": "https://files.catbox.moe/1o8chg.webm",
        "LinkMp3": "https://files.catbox.moe/26tlas.mp3",
        "annId": 6836
    },
    {
        "animeEng": "Love Live! Sunshine!!",
        "animeRomaji": "Love Live! School idol project Sunshine!!",
        "songName": "Yuuki wa Doko ni? Kimi no Mune ni!",
        "artist": "Arisa Komiya",
        "type": "Ending 3",
        "correctCount": 61,
        "startTime": 11,
        "songDuration": 99.185234,
        "songNumber": 43,
        "activePlayerCount": 149,
        "LinkVideo": "https://files.catbox.moe/9p7rki.webm",
        "LinkMp3": "https://files.catbox.moe/4109yn.mp3",
        "annId": 20000
    },
    {
        "animeEng": "Knights of Sidonia: Battle for Planet Nine",
        "animeRomaji": "Sidonia no Kishi: Dai-ky\u016b Wakusei Seneki",
        "songName": "Kishi K\u014dshinkyoku",
        "artist": "angela",
        "type": "Opening 1",
        "correctCount": 57,
        "startTime": 15,
        "songDuration": 89.04,
        "songNumber": 44,
        "activePlayerCount": 148,
        "LinkVideo": "https://files.catbox.moe/b80367.webm",
        "LinkMp3": "https://files.catbox.moe/o3czj2.mp3",
        "annId": 16149
    },
    {
        "animeEng": "Captain Tsubasa",
        "animeRomaji": "Captain Tsubasa",
        "songName": "Moete Hero",
        "artist": "Yuuko Sanpei, Kenichi Suzumura, Takuya Satou, Ayaka Fukuhara, Souma Saitou",
        "type": "Ending 8",
        "correctCount": 78,
        "startTime": 44,
        "songDuration": 88.893166,
        "songNumber": 45,
        "activePlayerCount": 148,
        "LinkVideo": "https://files.catbox.moe/ek8dtn.webm",
        "LinkMp3": "https://files.catbox.moe/1uh5yk.mp3",
        "annId": 20614
    },
    {
        "animeEng": "Bludgeoning Angel Dokuro-chan",
        "animeRomaji": "Bokusatsu Tenshi Dokuro-chan",
        "songName": "Bokusatsu Tenshi Dokuro-chan",
        "artist": "Saeko Chiba",
        "type": "Opening 1",
        "correctCount": 72,
        "startTime": 9,
        "songDuration": 89.712,
        "songNumber": 46,
        "activePlayerCount": 148,
        "LinkVideo": "https://files.catbox.moe/9rjm94.webm",
        "LinkMp3": "https://files.catbox.moe/fuy28e.mp3",
        "annId": 5094
    },
    {
        "animeEng": "Cautious Hero: The Hero Is Overpowered But Overly Cautious",
        "animeRomaji": "Shinch\u014d Y\u016bsha: Kono Y\u016bsha ga Ore TUEEE Kuse ni Shinch\u014d Sugiru",
        "songName": "TIT FOR TAT",
        "artist": "MYTH & ROID",
        "type": "Opening 1",
        "correctCount": 110,
        "startTime": 33,
        "songDuration": 89.572338,
        "songNumber": 47,
        "activePlayerCount": 148,
        "LinkVideo": "https://files.catbox.moe/4hdh5n.webm",
        "LinkMp3": "https://files.catbox.moe/bopkad.mp3",
        "annId": 22213
    },
    {
        "animeEng": "Yo-kai Watch!",
        "animeRomaji": "Yo-kai Watch!",
        "songName": "Kerakeraho no Uta",
        "artist": "Hiroki",
        "type": "Opening 1",
        "correctCount": 9,
        "startTime": 25,
        "songDuration": 84.072,
        "songNumber": 48,
        "activePlayerCount": 145,
        "LinkVideo": "https://files.catbox.moe/ygpurg.webm",
        "LinkMp3": "https://files.catbox.moe/gwyya7.mp3",
        "annId": 22081
    },
    {
        "animeEng": "Saint Tail",
        "animeRomaji": "Kait\u014d Saint Tail",
        "songName": "Toki o Koete",
        "artist": "Yasuko Matsuyuki",
        "type": "Opening 1",
        "correctCount": 4,
        "startTime": 32,
        "songDuration": 89.676826,
        "songNumber": 49,
        "activePlayerCount": 145,
        "LinkVideo": "https://files.catbox.moe/cp3kmd.webm",
        "LinkMp3": "https://files.catbox.moe/1my0yx.mp3",
        "annId": 307,
        "correctPlayers": [
            "Rukawa11",
            "nyamu",
            "Hooman",
            "Kei_Hattori"
        ]
    },
    {
        "animeEng": "ERASED",
        "animeRomaji": "Boku dake ga Inai Machi",
        "songName": "Sore wa Chiisa na Hikari no Y\u014d na",
        "artist": "Sayuri",
        "type": "Ending 1",
        "correctCount": 112,
        "startTime": 19,
        "songDuration": 90.068656,
        "songNumber": 50,
        "activePlayerCount": 146,
        "LinkVideo": "https://files.catbox.moe/8mw5en.webm",
        "LinkMp3": "https://files.catbox.moe/s517na.mp3",
        "annId": 17217
    },
    {
        "animeEng": "Yokuwakaru Gendai Maho",
        "animeRomaji": "Yoku Wakaru Gendai Mah\u014d",
        "songName": "Deep Question",
        "artist": "Y\u014dko Hikasa",
        "type": "Insert Song",
        "correctCount": 1,
        "startTime": 32,
        "songDuration": 88.92,
        "songNumber": 51,
        "activePlayerCount": 146,
        "LinkVideo": "https://files.catbox.moe/vuuy96.webm",
        "LinkMp3": "https://files.catbox.moe/66g28l.mp3",
        "annId": 10356,
        "correctPlayers": [
            "Rejax"
        ]
    },
    {
        "animeEng": "Pok\u00e9mon: Diamond and Pearl",
        "animeRomaji": "Pocket Monsters Diamond & Pearl",
        "songName": "Pocketari Monstery",
        "artist": "Kana",
        "type": "Insert Song",
        "correctCount": 39,
        "startTime": 22,
        "songDuration": 57.528,
        "songNumber": 52,
        "activePlayerCount": 146,
        "LinkVideo": "https://files.catbox.moe/6w57uu.webm",
        "LinkMp3": "https://files.catbox.moe/7i2o7w.mp3",
        "annId": 6836
    },
    {
        "animeEng": "Blood+",
        "animeRomaji": "Blood+",
        "songName": "Colors of the Heart",
        "artist": "UVERworld",
        "type": "Opening 3",
        "correctCount": 39,
        "startTime": 24,
        "songDuration": 87.978896,
        "songNumber": 53,
        "activePlayerCount": 145,
        "LinkVideo": "https://files.catbox.moe/stv0c1.webm",
        "LinkMp3": "https://files.catbox.moe/cnb921.mp3",
        "annId": 5088
    },
    {
        "animeEng": "Koisuru Tenshi Angelique: Kokoro no Mezameru Toki",
        "animeRomaji": "Koisuru Tenshi Angelique: Kokoro no Mezameru Toki",
        "songName": "Infinite Love",
        "artist": "GRANRODEO",
        "type": "Opening 1",
        "correctCount": 9,
        "startTime": 3,
        "songDuration": 88.224,
        "songNumber": 54,
        "activePlayerCount": 145,
        "LinkVideo": "https://files.catbox.moe/f11h9b.webm",
        "LinkMp3": "https://files.catbox.moe/ahfovq.mp3",
        "annId": 6675
    },
    {
        "animeEng": "Jewelpet Sunshine",
        "animeRomaji": "Jewelpet Sunshine",
        "songName": "Ai o Torimodose!!",
        "artist": "Crystal King",
        "type": "Insert Song",
        "correctCount": 107,
        "startTime": 0,
        "songDuration": 31.8,
        "songNumber": 55,
        "activePlayerCount": 145,
        "LinkVideo": "https://files.catbox.moe/jijeav.webm",
        "LinkMp3": "https://files.catbox.moe/z4fpz1.mp3",
        "annId": 12527
    },
    {
        "animeEng": "Ariel",
        "animeRomaji": "Ariel",
        "songName": "Mikakunin GIRL Good Innocent Ribbon Lady",
        "artist": "Megumi Hayashibara",
        "type": "Ending 1",
        "correctCount": 2,
        "startTime": 56,
        "songDuration": 92.064,
        "songNumber": 56,
        "activePlayerCount": 145,
        "LinkVideo": "https://files.catbox.moe/u6iqaw.webm",
        "LinkMp3": "https://files.catbox.moe/nsfnof.mp3",
        "annId": 514,
        "correctPlayers": [
            "ShiroKuro",
            "Hooman"
        ]
    },
    {
        "animeEng": "Detective Conan: Conan and Kid and Crystal Mother",
        "animeRomaji": "Meitantei Conan: Conan to Kid to Crystal Mother",
        "songName": "Nemuru Kimi no Yokogao ni Hohoemi o",
        "artist": "U-ka saegusa IN db",
        "type": "Ending 1",
        "correctCount": 38,
        "startTime": 48,
        "songDuration": 84.048,
        "songNumber": 57,
        "activePlayerCount": 145,
        "LinkVideo": "https://files.catbox.moe/o41946.webm",
        "LinkMp3": "https://files.catbox.moe/rmf31s.mp3",
        "annId": 5143
    },
    {
        "animeEng": "Katri, Girl of the Meadows",
        "animeRomaji": "Makiba no Sh\u014djo Katri",
        "songName": "Love With You ~Ai no Present~",
        "artist": "Chie Kobayashi",
        "type": "Opening 1",
        "correctCount": 8,
        "startTime": 15,
        "songDuration": 83.856,
        "songNumber": 58,
        "activePlayerCount": 144,
        "LinkVideo": "https://files.catbox.moe/p6reba.webm",
        "LinkMp3": "https://files.catbox.moe/plc42b.mp3",
        "annId": 443
    },
    {
        "animeEng": "Meltylancer: The Animation",
        "animeRomaji": "Meltylancer: The Animation",
        "songName": "Flying High",
        "artist": "Yuki Matsuura",
        "type": "Opening 1",
        "correctCount": 4,
        "startTime": 11,
        "songDuration": 91.992,
        "songNumber": 59,
        "activePlayerCount": 144,
        "LinkVideo": "https://files.catbox.moe/gf1ibm.webm",
        "LinkMp3": "https://files.catbox.moe/qbu247.mp3",
        "annId": 1008,
        "correctPlayers": [
            "Rukawa11",
            "klusty",
            "1000minus7",
            "Catisam"
        ]
    },
    {
        "animeEng": "Case Closed",
        "animeRomaji": "Meitantei Conan",
        "songName": "Bloody Venus",
        "artist": "Kiyoshi Hayami",
        "type": "Insert Song",
        "correctCount": 21,
        "startTime": 4,
        "songDuration": 48.431,
        "songNumber": 60,
        "activePlayerCount": 144,
        "LinkVideo": "https://files.catbox.moe/kxgups.webm",
        "annId": 454
    },
    {
        "animeEng": "Seven Knights Revolution: Hero Successor",
        "animeRomaji": "Seven Knights Revolution: Eiy\u016b no Keish\u014dsha",
        "songName": "Sora Shiranu Mushi no Ko yo",
        "artist": "Hibiku Yamamura",
        "type": "Insert Song",
        "correctCount": 9,
        "startTime": 10,
        "songDuration": 57.528,
        "songNumber": 61,
        "activePlayerCount": 144,
        "LinkVideo": "https://files.catbox.moe/q2a56t.webm",
        "LinkMp3": "https://files.catbox.moe/i7shhs.mp3",
        "annId": 24021
    },
    {
        "animeEng": "Persona 4 The Animation",
        "animeRomaji": "Persona 4 The Animation",
        "songName": "Pursuing My True Self",
        "artist": "Shihoko Hirata",
        "type": "Opening 1",
        "correctCount": 85,
        "startTime": 1,
        "songDuration": 76.06855,
        "songNumber": 62,
        "activePlayerCount": 144,
        "LinkVideo": "https://files.catbox.moe/cxxkjn.webm",
        "LinkMp3": "https://files.catbox.moe/92rjp6.mp3",
        "annId": 12870
    },
    {
        "animeEng": "Parol's Future Island",
        "animeRomaji": "Paroru no Miraijima",
        "songName": "Mirai kara no Sh\u014dtaij\u014d",
        "artist": "Natsuki Isa",
        "type": "Ending 1",
        "correctCount": 3,
        "startTime": 27,
        "songDuration": 82.152,
        "songNumber": 63,
        "activePlayerCount": 143,
        "LinkVideo": "https://files.catbox.moe/l1xm41.webm",
        "LinkMp3": "https://files.catbox.moe/mc62gz.mp3",
        "annId": 15690,
        "correctPlayers": [
            "klusty",
            "gaaw",
            "noon"
        ]
    },
    {
        "animeEng": "Doraemon: The New Record of Nobita Spaceblaze",
        "animeRomaji": "Doraemon: Shin Nobita no Uch\u016b Kaitakushi",
        "songName": "Yume o Kanaete Doraemon",
        "artist": "mao feat. Himawari Kids",
        "type": "Opening 1",
        "correctCount": 113,
        "startTime": 36,
        "songDuration": 88.728,
        "songNumber": 64,
        "activePlayerCount": 144,
        "LinkVideo": "https://files.catbox.moe/ivf63a.webm",
        "LinkMp3": "https://files.catbox.moe/qjjorz.mp3",
        "annId": 10173
    },
    {
        "animeEng": "Nora, Princess, and Stray Cat",
        "animeRomaji": "Nora to \u014cjo to Noraneko Heart",
        "songName": "Ne! Ko!",
        "artist": "Natsumi Takamori, Eri Sendai, Yuu Asakawa, Atsumi Tanezaki",
        "type": "Opening 1",
        "correctCount": 67,
        "startTime": 6,
        "songDuration": 47.448,
        "songNumber": 65,
        "activePlayerCount": 144,
        "LinkVideo": "https://files.catbox.moe/qlz67a.webm",
        "LinkMp3": "https://files.catbox.moe/zaakea.mp3",
        "annId": 19749
    },
    {
        "animeEng": "Extra Olympia Kyklos",
        "animeRomaji": "Bessatsu Olympia Kyklos",
        "songName": "BURNING FIRE",
        "artist": "Akihito Hayashi",
        "type": "Ending 20",
        "correctCount": 42,
        "startTime": 4,
        "songDuration": 51.36,
        "songNumber": 66,
        "activePlayerCount": 144,
        "LinkVideo": "https://files.catbox.moe/w1bexd.webm",
        "LinkMp3": "https://files.catbox.moe/vgtmxh.mp3",
        "annId": 23035
    },
    {
        "animeEng": "Detective Conan: The Fist of Blue Sapphire",
        "animeRomaji": "Detective Conan: The Fist of Blue Sapphire",
        "songName": "BLUE SAPPHIRE",
        "artist": "HIROOMI TOSAKA",
        "type": "Ending 1",
        "correctCount": 46,
        "startTime": 47,
        "songDuration": 229.056,
        "songNumber": 67,
        "activePlayerCount": 142,
        "LinkVideo": "https://files.catbox.moe/7thn4w.webm",
        "LinkMp3": "https://files.catbox.moe/foez2i.mp3",
        "annId": 22156
    },
    {
        "animeEng": "Pigtails",
        "animeRomaji": "Mitsuami no Kamisama",
        "songName": "T\u014dmei Pastel",
        "artist": "Ichiko Aoba",
        "type": "Insert Song",
        "correctCount": 2,
        "startTime": 2,
        "songDuration": 51.072,
        "songNumber": 68,
        "activePlayerCount": 144,
        "LinkVideo": "https://files.catbox.moe/f2o3h2.webm",
        "LinkMp3": "https://files.catbox.moe/s24ovu.mp3",
        "annId": 18714,
        "correctPlayers": [
            "Pratasz",
            "moosepi"
        ]
    },
    {
        "animeEng": "Belle and Sebastian",
        "animeRomaji": "Meiken Jolie",
        "songName": "Hashire! Jolie",
        "artist": "Mitsuko Horie & Tea Tea Ne & Children's Chorus",
        "type": "Opening 1",
        "correctCount": 69,
        "startTime": 12,
        "songDuration": 91.766586,
        "songNumber": 69,
        "activePlayerCount": 144,
        "LinkVideo": "https://files.catbox.moe/g1t12o.webm",
        "LinkMp3": "https://files.catbox.moe/245wd2.mp3",
        "annId": 1215
    },
    {
        "animeEng": "Black Butler: Book of Circus",
        "animeRomaji": "Kuroshitsuji: Book of Circus",
        "songName": "ENAMEL",
        "artist": "SID",
        "type": "Opening 1",
        "correctCount": 55,
        "startTime": 18,
        "songDuration": 87.576,
        "songNumber": 70,
        "activePlayerCount": 144,
        "LinkVideo": "https://files.catbox.moe/czw10c.webm",
        "LinkMp3": "https://files.catbox.moe/7rpbhf.mp3",
        "annId": 16030
    },
    {
        "animeEng": "Steel Angel Kurumi 2",
        "animeRomaji": "Koutetsu Tenshi Kurumi 2 Shiki",
        "songName": "Kiss Kara Hajimaru Miracle (2 Shiki)",
        "artist": "STEEL ANGELS",
        "type": "Opening 1",
        "correctCount": 16,
        "startTime": 55,
        "songDuration": 89.352,
        "songNumber": 71,
        "activePlayerCount": 144,
        "LinkVideo": "https://files.catbox.moe/ns1bv5.webm",
        "LinkMp3": "https://files.catbox.moe/j64frr.mp3",
        "annId": 457
    },
    {
        "animeEng": "Unlimited Fafnir",
        "animeRomaji": "J\u016b\u014d Mujin no Fafnir",
        "songName": "Ray of bullet",
        "artist": "Rina Hidaka & Manami Numakura",
        "type": "Ending 1",
        "correctCount": 43,
        "startTime": 40,
        "songDuration": 87.792,
        "songNumber": 72,
        "activePlayerCount": 143,
        "LinkVideo": "https://files.catbox.moe/4rk14m.webm",
        "LinkMp3": "https://files.catbox.moe/bbitru.mp3",
        "annId": 16302
    },
    {
        "animeEng": "Generation of Chaos Next: Chikai no Pendant",
        "animeRomaji": "Generation of Chaos Next: Chikai no Pendant",
        "songName": "LOVE&HISTORY",
        "artist": "Nana Mizuki",
        "type": "Opening 1",
        "correctCount": 15,
        "startTime": 2,
        "songDuration": 87.024,
        "songNumber": 73,
        "activePlayerCount": 143,
        "LinkVideo": "https://files.catbox.moe/zr2oko.webm",
        "LinkMp3": "https://files.catbox.moe/sk0qi5.mp3",
        "annId": 5722
    },
    {
        "animeEng": "The Quintessential Quintuplets 2",
        "animeRomaji": "Got\u014dbun no Hanayome \u222c",
        "songName": "Got\u014dbun no Katachi",
        "artist": "Nakano-ke no Itsutsugo",
        "type": "Opening 1",
        "correctCount": 91,
        "startTime": 53,
        "songDuration": 88.056,
        "songNumber": 74,
        "activePlayerCount": 143,
        "LinkVideo": "https://files.catbox.moe/3fi9wd.webm",
        "LinkMp3": "https://files.catbox.moe/5o7k0n.mp3",
        "annId": 22925
    },
    {
        "animeEng": "Vlad Love",
        "animeRomaji": "Vlad Love",
        "songName": "Where you are",
        "artist": "BlooDye feat. LITTLE (KICK THE CAN CREW)",
        "type": "Opening 1",
        "correctCount": 18,
        "startTime": 28,
        "songDuration": 89.688,
        "songNumber": 75,
        "activePlayerCount": 141,
        "LinkVideo": "https://files.catbox.moe/pwbpiq.webm",
        "LinkMp3": "https://files.catbox.moe/levq95.mp3",
        "annId": 23260
    }
]