[
    {
        "animeEng": "Kumamiko: Girl Meets Bear",
        "animeRomaji": "Kuma Miko",
        "songName": "Datte, Gyutte Shite.",
        "artist": "Maki Hanatani",
        "type": "Opening 1",
        "correctCount": 26,
        "startTime": 23,
        "songDuration": 89.184,
        "songNumber": 1,
        "activePlayerCount": 239,
        "LinkVideo": "https://files.catbox.moe/7wy17y.webm",
        "LinkMp3": "https://files.catbox.moe/ililht.mp3",
        "annId": 17714
    },
    {
        "animeEng": "Casshan",
        "animeRomaji": "Shinz\u014d Ningen Casshern",
        "songName": "Tatakae! Casshan",
        "artist": "Isao Sasaki",
        "type": "Opening 1",
        "correctCount": 88,
        "startTime": 12,
        "songDuration": 63.552,
        "songNumber": 2,
        "activePlayerCount": 235,
        "LinkVideo": "https://files.catbox.moe/wyggwj.webm",
        "LinkMp3": "https://files.catbox.moe/g8l90g.mp3",
        "annId": 2174
    },
    {
        "animeEng": "Minami-ke: Omatase",
        "animeRomaji": "Minami-ke: Omatase",
        "songName": "Coleslaw no Uta",
        "artist": "Daisuke Ono",
        "type": "Insert Song",
        "correctCount": 2,
        "startTime": 15,
        "songDuration": 51.048,
        "songNumber": 3,
        "activePlayerCount": 234,
        "LinkVideo": "https://files.catbox.moe/gtr4ki.webm",
        "LinkMp3": "https://files.catbox.moe/zjjxfd.mp3",
        "annId": 15416,
        "correctPlayers": [
            "Blacky_Doll",
            "MKNono"
        ]
    },
    {
        "animeEng": "Initial D: Fourth Stage",
        "animeRomaji": "Initial D: Fourth Stage",
        "songName": "MOVIN' UP MOVING NOW",
        "artist": "JEAN LOVE",
        "type": "Insert Song",
        "correctCount": 22,
        "startTime": 57,
        "songDuration": 179.448,
        "songNumber": 4,
        "activePlayerCount": 233,
        "LinkVideo": "https://files.catbox.moe/zk9qv6.webm",
        "LinkMp3": "https://files.catbox.moe/6b8fac.mp3",
        "annId": 3396
    },
    {
        "animeEng": "Mobile Suit Gundam: Iron-Blooded Orphans",
        "animeRomaji": "G-Tekketsu",
        "songName": "Raise your flag",
        "artist": "MAN WITH A MISSION",
        "type": "Opening 1",
        "correctCount": 106,
        "startTime": 26,
        "songDuration": 86.472,
        "songNumber": 5,
        "activePlayerCount": 231,
        "LinkVideo": "https://files.catbox.moe/szora1.webm",
        "LinkMp3": "https://files.catbox.moe/xyafdx.mp3",
        "annId": 17329
    },
    {
        "animeEng": "Yuki Yuna Is a Hero",
        "animeRomaji": "Y\u016bki Y\u016bna wa Y\u016bsha de Aru",
        "songName": "Aurora Days",
        "artist": "Suzuko Mimori",
        "type": "Ending 4",
        "correctCount": 23,
        "startTime": 21,
        "songDuration": 88.56,
        "songNumber": 6,
        "activePlayerCount": 232,
        "LinkVideo": "https://files.catbox.moe/y68aef.webm",
        "LinkMp3": "https://files.catbox.moe/qeapdf.mp3",
        "annId": 16171
    },
    {
        "animeEng": "Joshiraku",
        "animeRomaji": "Joshiraku",
        "songName": "Oato ga Yoroshikutte... Yo!",
        "artist": "Goku\u2668Rakujokai",
        "type": "Opening 1",
        "correctCount": 87,
        "startTime": 53,
        "songDuration": 87.936,
        "songNumber": 7,
        "activePlayerCount": 231,
        "LinkVideo": "https://files.catbox.moe/br7lzu.webm",
        "LinkMp3": "https://files.catbox.moe/3k0fnz.mp3",
        "annId": 14207
    },
    {
        "animeEng": "Legend of the Galactic Heroes Gaiden",
        "animeRomaji": "Ginga Eiy\u016b Densetsu Gaiden",
        "songName": "Setsumei",
        "artist": "Kei Ogura",
        "type": "Ending 1",
        "correctCount": 3,
        "startTime": 46,
        "songDuration": 139.62209,
        "songNumber": 8,
        "activePlayerCount": 230,
        "LinkVideo": "https://files.catbox.moe/5ehmge.webm",
        "LinkMp3": "https://files.catbox.moe/h3j2nh.mp3",
        "annId": 1800,
        "correctPlayers": [
            "Rukawa11",
            "pompipui",
            "noon"
        ]
    },
    {
        "animeEng": "Free! - Iwatobi Swim Club",
        "animeRomaji": "Free! - Iwatobi Swim Club",
        "songName": "EVER BLUE",
        "artist": "STYLE FIVE",
        "type": "Ending 2",
        "correctCount": 23,
        "startTime": 43,
        "songDuration": 120.6,
        "songNumber": 9,
        "activePlayerCount": 230,
        "LinkVideo": "https://files.catbox.moe/x5wzbs.webm",
        "LinkMp3": "https://files.catbox.moe/0ngfxr.mp3",
        "annId": 15291
    },
    {
        "animeEng": "Wolf Girl & Black Prince",
        "animeRomaji": "\u014ckami Sh\u014djo to Kuro \u014cji",
        "songName": "LOVE GOOD TIME",
        "artist": "SpecialThanks",
        "type": "Opening 1",
        "correctCount": 85,
        "startTime": 51,
        "songDuration": 90.383625,
        "songNumber": 10,
        "activePlayerCount": 229,
        "LinkVideo": "https://files.catbox.moe/hmnfpd.webm",
        "LinkMp3": "https://files.catbox.moe/lsl0s6.mp3",
        "annId": 16158
    },
    {
        "animeEng": "Bakuman.",
        "animeRomaji": "Bakuman.",
        "songName": "Dream of Life",
        "artist": "Shouhei Itou",
        "type": "Opening 1",
        "correctCount": 64,
        "startTime": 50,
        "songDuration": 96.552,
        "songNumber": 11,
        "activePlayerCount": 229,
        "LinkVideo": "https://files.catbox.moe/scmxb6.webm",
        "LinkMp3": "https://files.catbox.moe/3znjwi.mp3",
        "annId": 12311
    },
    {
        "animeEng": "Soul Worker: Your Destiny Awaits",
        "animeRomaji": "Soul Worker: Your Destiny Awaits",
        "songName": "Burning Soul",
        "artist": "GARNiDELiA",
        "type": "Ending 1",
        "correctCount": 12,
        "startTime": 6,
        "songDuration": 94.752,
        "songNumber": 12,
        "activePlayerCount": 230,
        "LinkVideo": "https://files.catbox.moe/cw0wwj.webm",
        "LinkMp3": "https://files.catbox.moe/j4dj4p.mp3",
        "annId": 23338
    },
    {
        "animeEng": "Love Live! School idol project",
        "animeRomaji": "Love Live! School idol project",
        "songName": "Donna Toki mo Zutto",
        "artist": "Emi Nitta",
        "type": "Ending 8",
        "correctCount": 87,
        "startTime": 1,
        "songDuration": 89.904,
        "songNumber": 13,
        "activePlayerCount": 230,
        "LinkVideo": "https://files.catbox.moe/r0d3tc.webm",
        "LinkMp3": "https://files.catbox.moe/d3cw9o.mp3",
        "annId": 15812
    },
    {
        "animeEng": "RUNNIN' AWAY Gel\u00e9e",
        "animeRomaji": "Nineko Gel\u00e9e",
        "songName": "Pink Methuselah",
        "artist": "Seiko \u014cmori",
        "type": "Opening 1",
        "correctCount": 24,
        "startTime": 28,
        "songDuration": 87.648,
        "songNumber": 14,
        "activePlayerCount": 230,
        "LinkVideo": "https://files.catbox.moe/o7onzr.webm",
        "LinkMp3": "https://files.catbox.moe/b3cgl7.mp3",
        "annId": 23222
    },
    {
        "animeEng": "Locke the Superman: Lord Leon",
        "animeRomaji": "Ch\u014djin Locke: Lord Leon",
        "songName": "T\u014di Aurora",
        "artist": "Yukiko Nagao",
        "type": "Ending 1",
        "correctCount": 2,
        "startTime": 21,
        "songDuration": 71.88,
        "songNumber": 15,
        "activePlayerCount": 229,
        "LinkVideo": "https://files.catbox.moe/xs7cbe.webm",
        "LinkMp3": "https://files.catbox.moe/6az5re.mp3",
        "annId": 781,
        "correctPlayers": [
            "Catisam",
            "wJuzuya"
        ]
    },
    {
        "animeEng": "Yu-Gi-Oh!",
        "animeRomaji": "Yu-Gi-Oh!",
        "songName": "Kawaita Sakebi",
        "artist": "FIELD OF VIEW",
        "type": "Opening 1",
        "correctCount": 137,
        "startTime": 32,
        "songDuration": 69.456,
        "songNumber": 16,
        "activePlayerCount": 228,
        "LinkVideo": "https://files.catbox.moe/ydvo2p.webm",
        "LinkMp3": "https://files.catbox.moe/mq5zxi.mp3",
        "annId": 790
    },
    {
        "animeEng": "Cautious Hero: The Hero Is Overpowered But Overly Cautious",
        "animeRomaji": "Shinch\u014d Y\u016bsha: Kono Y\u016bsha ga Ore TUEEE Kuse ni Shinch\u014d Sugiru",
        "songName": "be perfect, plz!",
        "artist": "Riko Azuna",
        "type": "Ending 1",
        "correctCount": 100,
        "startTime": 53,
        "songDuration": 90.072,
        "songNumber": 17,
        "activePlayerCount": 228,
        "LinkVideo": "https://files.catbox.moe/a0vmh6.webm",
        "LinkMp3": "https://files.catbox.moe/issvx1.mp3",
        "annId": 22213
    },
    {
        "animeEng": "WWW.WAGNARIA!!",
        "animeRomaji": "WWW.WORKING!!",
        "songName": "Muj\u016bryoku Fever",
        "artist": "Kensho Ono, Kouki Uchiyama, Y\u016bichi Nakamura",
        "type": "Ending 1",
        "correctCount": 38,
        "startTime": 1,
        "songDuration": 88.608,
        "songNumber": 18,
        "activePlayerCount": 227,
        "LinkVideo": "https://files.catbox.moe/r7vvy7.webm",
        "LinkMp3": "https://files.catbox.moe/d6mwwp.mp3",
        "annId": 18412
    },
    {
        "animeEng": "Fafner EXODUS",
        "animeRomaji": "S\u014dky\u016b no Fafner: Dead Aggressor - Exodus",
        "songName": "Anya K\u014dro",
        "artist": "angela",
        "type": "Ending 1",
        "correctCount": 31,
        "startTime": 29,
        "songDuration": 88.056,
        "songNumber": 19,
        "activePlayerCount": 226,
        "LinkVideo": "https://files.catbox.moe/tdsj6l.webm",
        "LinkMp3": "https://files.catbox.moe/yy7j8q.mp3",
        "annId": 15051
    },
    {
        "animeEng": "Little Charo",
        "animeRomaji": "Little Charo",
        "songName": "MORNING-EVENING",
        "artist": "MONKEY MAJIK",
        "type": "Opening 1",
        "correctCount": 9,
        "startTime": 0,
        "songDuration": 29.047664,
        "songNumber": 20,
        "activePlayerCount": 226,
        "LinkVideo": "https://files.catbox.moe/nd7y93.webm",
        "LinkMp3": "https://files.catbox.moe/jfzfrz.mp3",
        "annId": 23093
    },
    {
        "animeEng": "Demon Slayer: Kimetsu no Yaiba",
        "animeRomaji": "Kimetsu no Yaiba",
        "songName": "Gurenge",
        "artist": "LiSA",
        "type": "Opening 1",
        "correctCount": 207,
        "startTime": 50,
        "songDuration": 88.736434,
        "songNumber": 21,
        "activePlayerCount": 227,
        "LinkVideo": "https://files.catbox.moe/sbjkc0.webm",
        "LinkMp3": "https://files.catbox.moe/u68gkz.mp3",
        "annId": 21101
    },
    {
        "animeEng": "Sweet Punishment",
        "animeRomaji": "Amai Ch\u014dbatsu: Watashi wa Kanshu Seny\u014d Pet",
        "songName": "Sweet Punishment",
        "artist": "rosukey",
        "type": "Ending 1",
        "correctCount": 8,
        "startTime": 0,
        "songDuration": 29.496,
        "songNumber": 22,
        "activePlayerCount": 228,
        "LinkVideo": "https://files.catbox.moe/kunix0.webm",
        "LinkMp3": "https://files.catbox.moe/9q1gba.mp3",
        "annId": 20732
    },
    {
        "animeEng": "Initial D",
        "animeRomaji": "Initial D",
        "songName": "BE MY BABE",
        "artist": "JILLY",
        "type": "Insert Song",
        "correctCount": 108,
        "startTime": 88,
        "songDuration": 121.584,
        "songNumber": 23,
        "activePlayerCount": 227,
        "LinkVideo": "https://files.catbox.moe/7z30y7.webm",
        "LinkMp3": "https://files.catbox.moe/6uqckj.mp3",
        "annId": 395
    },
    {
        "animeEng": "UzaMaid!",
        "animeRomaji": "Uchi no Maid ga Uzasugiru!",
        "songName": "Uzauza\u2606Wows!",
        "artist": "Haruka Shiraishi & Manami Numakura",
        "type": "Opening 1",
        "correctCount": 84,
        "startTime": 18,
        "songDuration": 87.482578,
        "songNumber": 24,
        "activePlayerCount": 227,
        "LinkVideo": "https://files.catbox.moe/8d2k1s.webm",
        "LinkMp3": "https://files.catbox.moe/m3lyxz.mp3",
        "annId": 20845
    },
    {
        "animeEng": "Glass Fleet",
        "animeRomaji": "Glass no Kantai",
        "songName": "Tsuyoku Tsuyoku",
        "artist": "mihimaru GT",
        "type": "Opening 1",
        "correctCount": 5,
        "startTime": 29,
        "songDuration": 79.008,
        "songNumber": 25,
        "activePlayerCount": 226,
        "LinkVideo": "https://files.catbox.moe/swxxni.webm",
        "LinkMp3": "https://files.catbox.moe/q6cx4t.mp3",
        "annId": 6544,
        "correctPlayers": [
            "klusty",
            "Rukawa11",
            "watashiii",
            "shaotan",
            "theyingster"
        ]
    },
    {
        "animeEng": "School Days: Magical Heart Kokoro-chan",
        "animeRomaji": "School Days: Magical Heart Kokoro-chan",
        "songName": "Magical Heart Kokoro-chan Theme",
        "artist": "Megu Ashiro",
        "type": "Opening 1",
        "correctCount": 92,
        "startTime": 39,
        "songDuration": 97.056,
        "songNumber": 26,
        "activePlayerCount": 226,
        "LinkVideo": "https://files.catbox.moe/y082fd.webm",
        "LinkMp3": "https://files.catbox.moe/gr0yqb.mp3",
        "annId": 8921
    },
    {
        "animeEng": "Fairy Musketeers",
        "animeRomaji": "Otogi-Jushi Akazukin",
        "songName": "Ever-Never-Land",
        "artist": "Yukari Tamura",
        "type": "Opening 1",
        "correctCount": 8,
        "startTime": 8,
        "songDuration": 92.664,
        "songNumber": 27,
        "activePlayerCount": 224,
        "LinkVideo": "https://files.catbox.moe/a56gmu.webm",
        "LinkMp3": "https://files.catbox.moe/9fzlei.mp3",
        "annId": 4872
    },
    {
        "animeEng": "Science Fell in Love, So I Tried to Prove it",
        "animeRomaji": "Rikei ga Koi ni Ochita no de Sh\u014dmei Shite Mita",
        "songName": "Oh my love",
        "artist": "Emiri Takahashi",
        "type": "Insert Song",
        "correctCount": 73,
        "startTime": 0,
        "songDuration": 30.12,
        "songNumber": 28,
        "activePlayerCount": 224,
        "LinkVideo": "https://files.catbox.moe/3x0kj5.webm",
        "LinkMp3": "https://files.catbox.moe/4zvb29.mp3",
        "annId": 22312
    },
    {
        "animeEng": "Utakata",
        "animeRomaji": "Uta\u223dKata",
        "songName": "Omoi wo Kanadete",
        "artist": "savage genius",
        "type": "Opening 1",
        "correctCount": 25,
        "startTime": 41,
        "songDuration": 88.527458,
        "songNumber": 29,
        "activePlayerCount": 225,
        "LinkVideo": "https://files.catbox.moe/knvsfn.webm",
        "LinkMp3": "https://files.catbox.moe/0yewse.mp3",
        "annId": 5013
    },
    {
        "animeEng": "Kabaneri of the Iron Fortress Recaps",
        "animeRomaji": "K\u014dtetsuj\u014d no Kabaneri S\u014dsh\u016bhen",
        "songName": "ninelie <cry-v>",
        "artist": "SawanoHiroyuki[nZk]:Aimer",
        "type": "Ending 1",
        "correctCount": 37,
        "startTime": 163,
        "songDuration": 301.44,
        "songNumber": 30,
        "activePlayerCount": 225,
        "LinkVideo": "https://files.catbox.moe/vogjld.webm",
        "LinkMp3": "https://files.catbox.moe/0qkbne.mp3",
        "annId": 18964
    },
    {
        "animeEng": "Teasing Master Takagi-san",
        "animeRomaji": "Karakai J\u014dzu no Takagi-san",
        "songName": "Kaze Fukeba Koi",
        "artist": "Rie Takahashi",
        "type": "Ending 4",
        "correctCount": 42,
        "startTime": 25,
        "songDuration": 86.304,
        "songNumber": 31,
        "activePlayerCount": 224,
        "LinkVideo": "https://files.catbox.moe/p2tlvh.webm",
        "LinkMp3": "https://files.catbox.moe/26zzjs.mp3",
        "annId": 20176
    },
    {
        "animeEng": "A Lull in the Sea",
        "animeRomaji": "Nagi no Asukara",
        "songName": "mnemonic",
        "artist": "Nagi Yanagi",
        "type": "Insert Song",
        "correctCount": 29,
        "startTime": 71,
        "songDuration": 122.472,
        "songNumber": 32,
        "activePlayerCount": 223,
        "LinkVideo": "https://files.catbox.moe/hqhxvp.webm",
        "LinkMp3": "https://files.catbox.moe/dkdgpd.mp3",
        "annId": 14858
    },
    {
        "animeEng": "Rozen Maiden",
        "animeRomaji": "Rozen Maiden",
        "songName": "Kinjirareta Asobi",
        "artist": "ALI PROJECT",
        "type": "Opening 1",
        "correctCount": 116,
        "startTime": 14,
        "songDuration": 90.878438,
        "songNumber": 33,
        "activePlayerCount": 223,
        "LinkVideo": "https://files.catbox.moe/tbhs94.webm",
        "LinkMp3": "https://files.catbox.moe/6n0tie.mp3",
        "annId": 4463
    },
    {
        "animeEng": "Lucky Star",
        "animeRomaji": "Lucky Star OVA",
        "songName": "Ai o Torimodose!!",
        "artist": "Uchoten",
        "type": "Ending 1",
        "correctCount": 200,
        "startTime": 8,
        "songDuration": 106.824,
        "songNumber": 34,
        "activePlayerCount": 223,
        "LinkVideo": "https://files.catbox.moe/9g7uwj.webm",
        "LinkMp3": "https://files.catbox.moe/lomjyq.mp3",
        "annId": 9842
    },
    {
        "animeEng": "The Legend of Zorro",
        "animeRomaji": "Kaiketsu Zorro",
        "songName": "ZORRO",
        "artist": "Masaaki Endoh",
        "type": "Opening 1",
        "correctCount": 52,
        "startTime": 38,
        "songDuration": 88.488,
        "songNumber": 35,
        "activePlayerCount": 220,
        "LinkVideo": "https://files.catbox.moe/ehsj2u.webm",
        "LinkMp3": "https://files.catbox.moe/xvom78.mp3",
        "annId": 1744
    },
    {
        "animeEng": "Princess Principal",
        "animeRomaji": "Princess Principal",
        "songName": "The Other Side of the Wall",
        "artist": "Void_Chords feat.MARU",
        "type": "Opening 1",
        "correctCount": 120,
        "startTime": 21,
        "songDuration": 88.992,
        "songNumber": 36,
        "activePlayerCount": 221,
        "LinkVideo": "https://files.catbox.moe/ol00hv.webm",
        "LinkMp3": "https://files.catbox.moe/di8nls.mp3",
        "annId": 19393
    },
    {
        "animeEng": "This Boy is a Professional Wizard",
        "animeRomaji": "Kono Danshi, Mah\u014d ga Oshigoto Desu.",
        "songName": "Kimi no Kotoba -Ballade Version-",
        "artist": "Sh\u014dta Aoi",
        "type": "Ending 1",
        "correctCount": 9,
        "startTime": 35,
        "songDuration": 149.952,
        "songNumber": 37,
        "activePlayerCount": 221,
        "LinkVideo": "https://files.catbox.moe/cvx6j8.webm",
        "LinkMp3": "https://files.catbox.moe/6v736z.mp3",
        "annId": 17910
    },
    {
        "animeEng": "The Prince of Tennis",
        "animeRomaji": "Tennis no \u014cji-sama",
        "songName": "Make You Free",
        "artist": "Kimeru",
        "type": "Opening 3",
        "correctCount": 10,
        "startTime": 12,
        "songDuration": 74.064,
        "songNumber": 38,
        "activePlayerCount": 220,
        "LinkVideo": "https://files.catbox.moe/e0pmo4.webm",
        "LinkMp3": "https://files.catbox.moe/3hijct.mp3",
        "annId": 876
    },
    {
        "animeEng": "Make Up! Sailor Guardians",
        "animeRomaji": "Make-Up! Sailor Senshi",
        "songName": "Starlight ni Kiss Shite",
        "artist": "Emi Shinohara",
        "type": "Insert Song",
        "correctCount": 2,
        "startTime": 27,
        "songDuration": 82.656,
        "songNumber": 39,
        "activePlayerCount": 219,
        "LinkVideo": "https://files.catbox.moe/2pwhqx.webm",
        "LinkMp3": "https://files.catbox.moe/8z4g7d.mp3",
        "annId": 3832,
        "correctPlayers": [
            "ChelIy",
            "messb"
        ]
    },
    {
        "animeEng": "Batman Ninja",
        "animeRomaji": "Ninja Batman",
        "songName": "GAT-TAI",
        "artist": "Daisuke Hasegawa",
        "type": "Insert Song",
        "correctCount": 31,
        "startTime": 23,
        "songDuration": 69.980838,
        "songNumber": 40,
        "activePlayerCount": 218,
        "LinkVideo": "https://files.catbox.moe/uy94hc.webm",
        "LinkMp3": "https://files.catbox.moe/z20u4z.mp3",
        "annId": 20384
    },
    {
        "animeEng": "Penguindrum",
        "animeRomaji": "Mawaru Penguindrum",
        "songName": "HEROES ~Eiy\u016b-tachi",
        "artist": "Triple H",
        "type": "Ending 10",
        "correctCount": 10,
        "startTime": 58,
        "songDuration": 95.04,
        "songNumber": 41,
        "activePlayerCount": 219,
        "LinkVideo": "https://files.catbox.moe/oshvyf.webm",
        "LinkMp3": "https://files.catbox.moe/hsir2i.mp3",
        "annId": 12998
    },
    {
        "animeEng": "ToHeart",
        "animeRomaji": "ToHeart",
        "songName": "Feeling Heart",
        "artist": "Masami Nakatsukasa",
        "type": "Opening 1",
        "correctCount": 12,
        "startTime": 22,
        "songDuration": 109.92,
        "songNumber": 42,
        "activePlayerCount": 216,
        "LinkVideo": "https://files.catbox.moe/iwk6yg.webm",
        "LinkMp3": "https://files.catbox.moe/5abay1.mp3",
        "annId": 1089
    },
    {
        "animeEng": "Is This a Zombie?",
        "animeRomaji": "Kore wa Zombie Desu ka?",
        "songName": "Ma\u30fbKa\u30fbSe\u30fbTe Tonight",
        "artist": "Iori Nomizu",
        "type": "Opening 1",
        "correctCount": 132,
        "startTime": 26,
        "songDuration": 89.568,
        "songNumber": 43,
        "activePlayerCount": 217,
        "LinkVideo": "https://files.catbox.moe/2yf9vl.webm",
        "LinkMp3": "https://files.catbox.moe/12efls.mp3",
        "annId": 11752
    },
    {
        "animeEng": "Pok\u00e9mon Chronicles",
        "animeRomaji": "Pocket Monsters Side Story",
        "songName": "Nyarth no Party",
        "artist": "Inuko Inuyama",
        "type": "Ending 6",
        "correctCount": 105,
        "startTime": 2,
        "songDuration": 78.940684,
        "songNumber": 44,
        "activePlayerCount": 217,
        "LinkVideo": "https://files.catbox.moe/y5b5t9.webm",
        "LinkMp3": "https://files.catbox.moe/l8vral.mp3",
        "annId": 15668
    },
    {
        "animeEng": "Reideen the Superior",
        "animeRomaji": "Ch\u014dja Reideen",
        "songName": "In my Justice ~Tsubasa no Densetu~",
        "artist": "Manbu Watanabe",
        "type": "Opening 1",
        "correctCount": 7,
        "startTime": 45,
        "songDuration": 90.12,
        "songNumber": 45,
        "activePlayerCount": 219,
        "LinkVideo": "https://files.catbox.moe/w7s31a.webm",
        "LinkMp3": "https://files.catbox.moe/peoxx2.mp3",
        "annId": 1278
    },
    {
        "animeEng": "Undefeated Bahamut Chronicle",
        "animeRomaji": "Saijaku Muhai no Bahamut",
        "songName": "Hiryuu no Kishi",
        "artist": "TRUE",
        "type": "Opening 1",
        "correctCount": 104,
        "startTime": 35,
        "songDuration": 90.072,
        "songNumber": 46,
        "activePlayerCount": 219,
        "LinkVideo": "https://files.catbox.moe/7ky4am.webm",
        "LinkMp3": "https://files.catbox.moe/0pa719.mp3",
        "annId": 17064
    },
    {
        "animeEng": "Sengoku Basara - Samurai Kings Two",
        "animeRomaji": "Sengoku Basara Ni",
        "songName": "Ruisen",
        "artist": "Chiaki Ishikawa",
        "type": "Insert Song",
        "correctCount": 4,
        "startTime": 43,
        "songDuration": 143.472,
        "songNumber": 47,
        "activePlayerCount": 219,
        "LinkVideo": "https://files.catbox.moe/3hcz20.webm",
        "LinkMp3": "https://files.catbox.moe/y4f4xl.mp3",
        "annId": 11431,
        "correctPlayers": [
            "AnbuKakashi",
            "UselessDuck",
            "MKNono",
            "theyingster"
        ]
    },
    {
        "animeEng": "Tekkonkinkreet",
        "animeRomaji": "Tekkonkinkreet",
        "songName": "Aru Machi no Gunj\u014d",
        "artist": "ASIAN KUNG-FU GENERATION",
        "type": "Ending 1",
        "correctCount": 20,
        "startTime": 69,
        "songDuration": 245.088,
        "songNumber": 48,
        "activePlayerCount": 218,
        "LinkVideo": "https://files.catbox.moe/s3cwf9.webm",
        "LinkMp3": "https://files.catbox.moe/5bkboj.mp3",
        "annId": 6531
    },
    {
        "animeEng": "Bats and Terry",
        "animeRomaji": "Bats and Terry",
        "songName": "Lonely\u2252Story",
        "artist": "Stardust\u2606Revue",
        "type": "Ending 1",
        "correctCount": 1,
        "startTime": 85,
        "songDuration": 215.064,
        "songNumber": 49,
        "activePlayerCount": 217,
        "LinkVideo": "https://files.catbox.moe/r1g0xp.webm",
        "LinkMp3": "https://files.catbox.moe/a8dd17.mp3",
        "annId": 3293,
        "correctPlayers": [
            "UselessDuck"
        ]
    },
    {
        "animeEng": "What's Michael?",
        "animeRomaji": "What's Michael?",
        "songName": "Naki Mane",
        "artist": "Shoko Minami",
        "type": "Insert Song",
        "correctCount": 3,
        "startTime": 29,
        "songDuration": 121.968,
        "songNumber": 50,
        "activePlayerCount": 217,
        "LinkVideo": "https://files.catbox.moe/62zbvp.webm",
        "LinkMp3": "https://files.catbox.moe/3pi7r6.mp3",
        "annId": 3336,
        "correctPlayers": [
            "Blacky_Doll",
            "messb",
            "noon"
        ]
    },
    {
        "animeEng": "Dororo and Hyakkimaru",
        "animeRomaji": "Dororo",
        "songName": "Dororo no Uta",
        "artist": "Toshiko Fujita",
        "type": "Opening 1",
        "correctCount": 149,
        "startTime": 34,
        "songDuration": 98.16,
        "songNumber": 51,
        "activePlayerCount": 217,
        "LinkVideo": "https://files.catbox.moe/4aqi1r.webm",
        "LinkMp3": "https://files.catbox.moe/b1rh0e.mp3",
        "annId": 1320
    },
    {
        "animeEng": "Kimi ni Todoke - From Me to You",
        "animeRomaji": "Kimi ni Todoke",
        "songName": "Kimi ni Todoke",
        "artist": "Tomofumi Tanizawa",
        "type": "Opening 1",
        "correctCount": 130,
        "startTime": 16,
        "songDuration": 58.752,
        "songNumber": 52,
        "activePlayerCount": 217,
        "LinkVideo": "https://files.catbox.moe/bzak9g.webm",
        "LinkMp3": "https://files.catbox.moe/54vgxm.mp3",
        "annId": 10625
    },
    {
        "animeEng": "Mobile Suit Gundam Thunderbolt",
        "animeRomaji": "Kid\u014d Senshi Gundam Thunderbolt",
        "songName": "Toshiyori ni Nareba ~I'm 60~",
        "artist": "Ayumu Yahaba",
        "type": "Insert Song",
        "correctCount": 24,
        "startTime": 5,
        "songDuration": 39.130756,
        "songNumber": 53,
        "activePlayerCount": 218,
        "LinkVideo": "https://files.catbox.moe/qwklvz.webm",
        "LinkMp3": "https://files.catbox.moe/561cjs.mp3",
        "annId": 17825
    },
    {
        "animeEng": "Overlord",
        "animeRomaji": "Overlord",
        "songName": "Clattanoia",
        "artist": "OxT",
        "type": "Opening 1",
        "correctCount": 192,
        "startTime": 50,
        "songDuration": 89.016,
        "songNumber": 54,
        "activePlayerCount": 217,
        "LinkVideo": "https://files.catbox.moe/gmip23.webm",
        "LinkMp3": "https://files.catbox.moe/3efzdr.mp3",
        "annId": 16729
    },
    {
        "animeEng": "Eiga Precure All Stars: Minna de Utau\u266a Kiseki no Mah\u014d!",
        "animeRomaji": "Eiga Precure All Stars: Minna de Utau\u266a Kiseki no Mah\u014d!",
        "songName": "Majo no Komoriuta ~Uta wa Mah\u014d",
        "artist": "Seiko Niizuma & Precure All Stars",
        "type": "Insert Song",
        "correctCount": 2,
        "startTime": 173,
        "songDuration": 316.755372,
        "songNumber": 55,
        "activePlayerCount": 217,
        "LinkVideo": "https://files.catbox.moe/311gy6.webm",
        "LinkMp3": "https://files.catbox.moe/qcetpg.mp3",
        "annId": 17996,
        "correctPlayers": [
            "TrueFortune",
            "Catisam"
        ]
    },
    {
        "animeEng": "Kirarin Revolution",
        "animeRomaji": "Kirarin Revolution",
        "songName": "Happy",
        "artist": "Koharu Kusumi",
        "type": "Opening 3",
        "correctCount": 9,
        "startTime": 33,
        "songDuration": 89.049898,
        "songNumber": 56,
        "activePlayerCount": 217,
        "LinkVideo": "https://files.catbox.moe/uf2eyw.webm",
        "LinkMp3": "https://files.catbox.moe/br7c0c.mp3",
        "annId": 6178
    },
    {
        "animeEng": "Cells at Work!",
        "animeRomaji": "Hataraku Saib\u014d",
        "songName": "CheerS",
        "artist": "ClariS",
        "type": "Ending 1",
        "correctCount": 120,
        "startTime": 31,
        "songDuration": 88.32,
        "songNumber": 57,
        "activePlayerCount": 216,
        "LinkVideo": "https://files.catbox.moe/aaku3k.webm",
        "LinkMp3": "https://files.catbox.moe/vnnuc2.mp3",
        "annId": 20564
    },
    {
        "animeEng": "Dr. Ramune: Mysterious Disease Specialist",
        "animeRomaji": "Kai By\u014di Ramune",
        "songName": "SHAKE! SHAKE! SHAKE!",
        "artist": "Y\u016bma Uchida",
        "type": "Opening 1",
        "correctCount": 46,
        "startTime": 29,
        "songDuration": 88.44,
        "songNumber": 58,
        "activePlayerCount": 216,
        "LinkVideo": "https://files.catbox.moe/yezzzu.webm",
        "LinkMp3": "https://files.catbox.moe/4egngp.mp3",
        "annId": 23788
    },
    {
        "animeEng": "Karura Dance",
        "animeRomaji": "Karura Mau Movie",
        "songName": "ORDINARY PEOPLE WATCHING YOU",
        "artist": "Rie Sugai",
        "type": "Ending 1",
        "correctCount": 3,
        "startTime": 53,
        "songDuration": 182.76,
        "songNumber": 59,
        "activePlayerCount": 215,
        "LinkVideo": "https://files.catbox.moe/1c0fh5.webm",
        "LinkMp3": "https://files.catbox.moe/8az7ff.mp3",
        "annId": 1354,
        "correctPlayers": [
            "winsuper",
            "Catisam",
            "UselessDuck"
        ]
    },
    {
        "animeEng": "Aladdin and the Wonderful Lamp",
        "animeRomaji": "Sekai Meisaku D\u014dwa: Aladdin to Mah\u014d no Lamp",
        "songName": "Mahou no Akari",
        "artist": "Godiego",
        "type": "Opening 1",
        "correctCount": 4,
        "startTime": 76,
        "songDuration": 119.112,
        "songNumber": 60,
        "activePlayerCount": 215,
        "LinkVideo": "https://files.catbox.moe/knh24t.webm",
        "LinkMp3": "https://files.catbox.moe/mauu24.mp3",
        "annId": 3651,
        "correctPlayers": [
            "Blacky_Doll",
            "Rukawa11",
            "Hooman",
            "noon"
        ]
    },
    {
        "animeEng": "Violet Evergarden",
        "animeRomaji": "Violet Evergarden",
        "songName": "Sincerely",
        "artist": "TRUE",
        "type": "Opening 1",
        "correctCount": 186,
        "startTime": 27,
        "songDuration": 88.176,
        "songNumber": 61,
        "activePlayerCount": 215,
        "LinkVideo": "https://files.catbox.moe/ni1bl6.webm",
        "LinkMp3": "https://files.catbox.moe/5adibs.mp3",
        "annId": 21959
    },
    {
        "animeEng": "Motto To Love-Ru",
        "animeRomaji": "Motto To Love-Ru",
        "songName": "Loop-the-Loop",
        "artist": "KOTOKO",
        "type": "Opening 1",
        "correctCount": 97,
        "startTime": 42,
        "songDuration": 134.016,
        "songNumber": 62,
        "activePlayerCount": 214,
        "LinkVideo": "https://files.catbox.moe/txssb6.webm",
        "LinkMp3": "https://files.catbox.moe/j58n19.mp3",
        "annId": 11725
    },
    {
        "animeEng": "Boogiepop and Others",
        "animeRomaji": "Boogiepop wa Warawanai",
        "songName": "shadowgraph",
        "artist": "MYTH & ROID",
        "type": "Opening 1",
        "correctCount": 124,
        "startTime": 38,
        "songDuration": 89.064,
        "songNumber": 63,
        "activePlayerCount": 214,
        "LinkVideo": "https://files.catbox.moe/vikz0t.webm",
        "LinkMp3": "https://files.catbox.moe/kg1lvb.mp3",
        "annId": 21201
    },
    {
        "animeEng": "THE IDOLM@STER Cinderella Girls",
        "animeRomaji": "THE IDOLM@STER Cinderella Girls",
        "songName": "Dekitate Evo! Revo! Generation!",
        "artist": "Triad Primus",
        "type": "Insert Song",
        "correctCount": 21,
        "startTime": 0,
        "songDuration": 23.712,
        "songNumber": 64,
        "activePlayerCount": 214,
        "LinkVideo": "https://files.catbox.moe/r2cdcs.webm",
        "LinkMp3": "https://files.catbox.moe/i8yk4f.mp3",
        "annId": 16946
    },
    {
        "animeEng": "Case Closed",
        "animeRomaji": "Meitantei Conan",
        "songName": "Kanashii Hodo Ky\u014d no Y\u016bhi Kirei da ne",
        "artist": "grram",
        "type": "Ending 41",
        "correctCount": 36,
        "startTime": 18,
        "songDuration": 78.312,
        "songNumber": 65,
        "activePlayerCount": 213,
        "LinkVideo": "https://files.catbox.moe/hz0p0b.webm",
        "LinkMp3": "https://files.catbox.moe/jg571a.mp3",
        "annId": 454
    },
    {
        "animeEng": "Another",
        "animeRomaji": "Another",
        "songName": "Ky\u014dmu Densen",
        "artist": "ALI PROJECT",
        "type": "Opening 1",
        "correctCount": 167,
        "startTime": 26,
        "songDuration": 90.014156,
        "songNumber": 66,
        "activePlayerCount": 214,
        "LinkVideo": "https://files.catbox.moe/vhp6xd.webm",
        "LinkMp3": "https://files.catbox.moe/q6f3tw.mp3",
        "annId": 13258
    },
    {
        "animeEng": "K\u014dgy\u014d Aika Volley Boys",
        "animeRomaji": "K\u014dgy\u014d Aika Volley Boys",
        "songName": "Monku Aru no ka!",
        "artist": "K\u014dji Yoshida",
        "type": "Opening 1",
        "correctCount": 3,
        "startTime": 44,
        "songDuration": 99.816,
        "songNumber": 67,
        "activePlayerCount": 214,
        "LinkVideo": "https://files.catbox.moe/f6dto8.webm",
        "LinkMp3": "https://files.catbox.moe/j3t74k.mp3",
        "annId": 7433,
        "correctPlayers": [
            "Rukawa11",
            "theyingster",
            "TowaSamaTenshi"
        ]
    },
    {
        "animeEng": "11eyes",
        "animeRomaji": "11eyes",
        "songName": "Arrival of Tears",
        "artist": "Ayane",
        "type": "Opening 1",
        "correctCount": 102,
        "startTime": 18,
        "songDuration": 87.672,
        "songNumber": 68,
        "activePlayerCount": 214,
        "LinkVideo": "https://files.catbox.moe/t5tlxs.webm",
        "LinkMp3": "https://files.catbox.moe/cn69f1.mp3",
        "annId": 10935
    },
    {
        "animeEng": "Mewkledreamy",
        "animeRomaji": "Mewkledreamy",
        "songName": "Mirai Kuru Kuru Yume Kururu!",
        "artist": "Maria Sawada",
        "type": "Opening 1",
        "correctCount": 36,
        "startTime": 22,
        "songDuration": 87.312,
        "songNumber": 69,
        "activePlayerCount": 214,
        "LinkVideo": "https://files.catbox.moe/pnl87l.webm",
        "LinkMp3": "https://files.catbox.moe/rr88jo.mp3",
        "annId": 22485
    },
    {
        "animeEng": "Eiga Crayon Shin-chan: Bakauma! B-Ky\u016b Gourmet Survival!!",
        "animeRomaji": "Eiga Crayon Shin-chan: Bakauma! B-Ky\u016b Gourmet Survival!!",
        "songName": "Kimi ni 100 Percent",
        "artist": "Kyary Pamyu Pamyu",
        "type": "Opening 1",
        "correctCount": 167,
        "startTime": 16,
        "songDuration": 64.176,
        "songNumber": 70,
        "activePlayerCount": 214,
        "LinkVideo": "https://files.catbox.moe/k6yge1.webm",
        "LinkMp3": "https://files.catbox.moe/vn4pn0.mp3",
        "annId": 14933
    },
    {
        "animeEng": "Trinity Seven: Eternal Library & Alchemic Girl",
        "animeRomaji": "Gekij\u014dban Trinity Seven: Y\u016bky\u016b Toshokan to Renkinjutsu Sh\u014djo",
        "songName": "LOST DAYS -PIANO ver.-",
        "artist": "POLKA DOTS",
        "type": "Insert Song",
        "correctCount": 8,
        "startTime": 79,
        "songDuration": 222.528,
        "songNumber": 71,
        "activePlayerCount": 214,
        "LinkVideo": "https://files.catbox.moe/jt82rg.webm",
        "LinkMp3": "https://files.catbox.moe/gn7adv.mp3",
        "annId": 18920
    },
    {
        "animeEng": "Aikatsu Stars!",
        "animeRomaji": "Aikatsu Stars!",
        "songName": "Aikatsu\u2606Step!",
        "artist": "Sena from AIKATSU\u2606STARS!",
        "type": "Insert Song",
        "correctCount": 46,
        "startTime": 15,
        "songDuration": 124.968,
        "songNumber": 72,
        "activePlayerCount": 214,
        "LinkVideo": "https://files.catbox.moe/5yviuj.webm",
        "LinkMp3": "https://files.catbox.moe/fxp1jt.mp3",
        "annId": 18088
    },
    {
        "animeEng": "CHOYOYU!: High School Prodigies Have It Easy Even in Another World!",
        "animeRomaji": "Ch\u014djin K\u014dk\u014dsei-tachi wa Isekai demo Yoy\u016b de Ikinuku Y\u014ddesu!",
        "songName": "Hajimete no Kakumei!",
        "artist": "DIALOGUE+",
        "type": "Opening 1",
        "correctCount": 79,
        "startTime": 18,
        "songDuration": 89.016,
        "songNumber": 73,
        "activePlayerCount": 214,
        "LinkVideo": "https://files.catbox.moe/ef4ip8.webm",
        "LinkMp3": "https://files.catbox.moe/3gxvgh.mp3",
        "annId": 22498
    },
    {
        "animeEng": "BBK/BRNK",
        "animeRomaji": "Bubuki Buranki",
        "songName": "Beat your Heart",
        "artist": "Konomi Suzuki",
        "type": "Opening 1",
        "correctCount": 64,
        "startTime": 17,
        "songDuration": 89.04,
        "songNumber": 74,
        "activePlayerCount": 214,
        "LinkVideo": "https://files.catbox.moe/85mwhy.webm",
        "LinkMp3": "https://files.catbox.moe/fsik97.mp3",
        "annId": 17790
    },
    {
        "animeEng": "Nura: Rise of the Yokai Clan",
        "animeRomaji": "Nurarihyon no Mago",
        "songName": "DOUBLE DORAGON",
        "artist": "LM.C",
        "type": "Ending 1",
        "correctCount": 5,
        "startTime": 45,
        "songDuration": 88.6832,
        "songNumber": 75,
        "activePlayerCount": 212,
        "LinkVideo": "https://files.catbox.moe/epdsjq.webm",
        "LinkMp3": "https://files.catbox.moe/sj7zh5.mp3",
        "annId": 23404,
        "correctPlayers": [
            "winsuper",
            "Blacky_Doll",
            "Shuuka",
            "Gianlu310",
            "Kirran58"
        ]
    }
]