[
    {
        "animeEng": "Serial Experiments Lain",
        "animeRomaji": "Serial Experiments Lain",
        "songName": "Kodoku no Signal",
        "artist": "Reichi \"CHABO\" Nakaido",
        "type": "Insert Song",
        "correctCount": 49,
        "startTime": 61,
        "songDuration": 246.168,
        "songNumber": 1,
        "activePlayerCount": 237,
        "LinkVideo": "https://files.catbox.moe/tzlbvq.webm",
        "LinkMp3": "https://files.catbox.moe/h5w1i0.mp3"
    },
    {
        "animeEng": "Genesis Climber Mospeada",
        "animeRomaji": "Kiko Soseiki Mospeada",
        "songName": "Ushinawareta Yume o Motomete",
        "artist": "Andy/Mine Matsuki",
        "type": "Opening 1",
        "correctCount": 29,
        "startTime": 13,
        "songDuration": 78.456,
        "songNumber": 2,
        "activePlayerCount": 237,
        "LinkVideo": "https://files.catbox.moe/k92su9.webm",
        "LinkMp3": "https://files.catbox.moe/7lomtq.mp3"
    },
    {
        "animeEng": "Yuki Yuna is a Hero: The Hero Chapter",
        "animeRomaji": "Y\u016bki Y\u016bna wa Y\u016bsha de Aru: Y\u016bsha no Sh\u014d",
        "songName": "Yuusha-tachi no Lullaby",
        "artist": "Sanshuu Chuugaku Yuusha-bu",
        "type": "Ending 1",
        "correctCount": 10,
        "startTime": 29,
        "songDuration": 88.56,
        "songNumber": 3,
        "activePlayerCount": 237,
        "LinkVideo": "https://files.catbox.moe/9c4a9j.webm",
        "LinkMp3": "https://files.catbox.moe/12ejvo.mp3"
    },
    {
        "animeEng": "Kakegurui\u00d7\u00d7",
        "animeRomaji": "Kakegurui\u00d7\u00d7",
        "songName": "Kono Yubi Tomare",
        "artist": "JUNNA",
        "type": "Opening 1",
        "correctCount": 157,
        "startTime": 39,
        "songDuration": 88.919288,
        "songNumber": 4,
        "activePlayerCount": 235,
        "LinkVideo": "https://files.catbox.moe/q3gyzm.webm",
        "LinkMp3": "https://files.catbox.moe/6bn8ew.mp3"
    },
    {
        "animeEng": "Kojiro of the Fuma The Final Chapter: Fuma Rebellion Chapter",
        "animeRomaji": "Fuma no Kojirou: Fuma Hanran-hen",
        "songName": "Kaze no Soldier",
        "artist": "Hidemi Miura",
        "type": "Opening 1",
        "correctCount": 1,
        "startTime": 16,
        "songDuration": 109.968,
        "songNumber": 5,
        "activePlayerCount": 232,
        "LinkVideo": "https://files.catbox.moe/xj5f7d.webm",
        "LinkMp3": "https://files.catbox.moe/srfg57.mp3",
        "correctPlayers": [
            "Precisa"
        ]
    },
    {
        "animeEng": "Cutey Honey Flash",
        "animeRomaji": "Cutey Honey F",
        "songName": "Cutey Honey",
        "artist": "Salia",
        "type": "Opening 1",
        "correctCount": 57,
        "startTime": 13,
        "songDuration": 90.216,
        "songNumber": 6,
        "activePlayerCount": 233,
        "LinkVideo": "https://files.catbox.moe/wex7hq.webm",
        "LinkMp3": "https://files.catbox.moe/tkyg45.mp3"
    },
    {
        "animeEng": "Saekano: How to Raise a Boring Girlfriend",
        "animeRomaji": "Saenai Heroine no Sodate-kata",
        "songName": "Kimi-iro Signal",
        "artist": "Luna Haruna",
        "type": "Opening 1",
        "correctCount": 122,
        "startTime": 13,
        "songDuration": 89.935688,
        "songNumber": 7,
        "activePlayerCount": 234,
        "LinkVideo": "https://files.catbox.moe/culbaa.webm",
        "LinkMp3": "https://files.catbox.moe/9oevw6.mp3"
    },
    {
        "animeEng": "Sailor Moon",
        "animeRomaji": "Bish\u014djo Senshi Sailor Moon",
        "songName": "Heart Moving",
        "artist": "Misae Takamatsu",
        "type": "Ending 1",
        "correctCount": 36,
        "startTime": 25,
        "songDuration": 89.664,
        "songNumber": 8,
        "activePlayerCount": 232,
        "LinkVideo": "https://files.catbox.moe/f8velh.webm",
        "LinkMp3": "https://files.catbox.moe/hx8fcj.mp3"
    },
    {
        "animeEng": "Uma Musume: Pretty Derby",
        "animeRomaji": "Uma Musume: Pretty Derby",
        "songName": "Nana-iro no Keshiki",
        "artist": "Marika Kouno",
        "type": "Insert Song",
        "correctCount": 36,
        "startTime": 0,
        "songDuration": 37.512,
        "songNumber": 9,
        "activePlayerCount": 233,
        "LinkVideo": "https://files.catbox.moe/c4nj9p.webm",
        "LinkMp3": "https://files.catbox.moe/fi6mw1.mp3"
    },
    {
        "animeEng": "Ben-To",
        "animeRomaji": "Ben-To",
        "songName": "Anata o Egao ni Supermarket Tokiwa",
        "artist": "Shizuna Suzuki",
        "type": "Insert Song",
        "correctCount": 63,
        "startTime": 1,
        "songDuration": 39.384,
        "songNumber": 10,
        "activePlayerCount": 233,
        "LinkVideo": "https://files.catbox.moe/0lssul.webm",
        "LinkMp3": "https://files.catbox.moe/1na3se.mp3"
    },
    {
        "animeEng": "Patlabor the Mobile Police",
        "animeRomaji": "Kid\u014d Keisatsu Patlabor",
        "songName": "Sono Mama no Kimi de Ite",
        "artist": "Yuuko Nitou",
        "type": "Opening 1",
        "correctCount": 24,
        "startTime": 11,
        "songDuration": 84.816,
        "songNumber": 11,
        "activePlayerCount": 229,
        "LinkVideo": "https://files.catbox.moe/s4op36.webm",
        "LinkMp3": "https://files.catbox.moe/j08law.mp3"
    },
    {
        "animeEng": "Pretty Guardian Sailor Moon Crystal",
        "animeRomaji": "Bish\u014djo Senshi Sailor Moon Crystal",
        "songName": "MOON PRIDE!",
        "artist": "Momoiro Clover Z",
        "type": "Opening 1",
        "correctCount": 81,
        "startTime": 4,
        "songDuration": 86.016,
        "songNumber": 12,
        "activePlayerCount": 230,
        "LinkVideo": "https://files.catbox.moe/xtsqly.webm",
        "LinkMp3": "https://files.catbox.moe/eei3gq.mp3"
    },
    {
        "animeEng": "Tonkatsu DJ Agetar\u014d",
        "animeRomaji": "Tonkatsu DJ Agetar\u014d",
        "songName": "Check the Back Up",
        "artist": "Daisuke Fujiwara",
        "type": "Ending 1",
        "correctCount": 33,
        "startTime": 5,
        "songDuration": 67.473126,
        "songNumber": 13,
        "activePlayerCount": 228,
        "LinkVideo": "https://files.catbox.moe/0112hj.webm",
        "LinkMp3": "https://files.catbox.moe/ivaak9.mp3"
    },
    {
        "animeEng": "Anne-Happy",
        "animeRomaji": "Anne-Happy",
        "songName": "Michi no Timothy Kimi no Kimochi",
        "artist": "Chitose Morinaga",
        "type": "Insert Song",
        "correctCount": 45,
        "startTime": 86,
        "songDuration": 212.946544,
        "songNumber": 14,
        "activePlayerCount": 226,
        "LinkVideo": "https://files.catbox.moe/rjcbik.webm",
        "LinkMp3": "https://files.catbox.moe/g3qlq3.mp3"
    },
    {
        "animeEng": "eX-Driver",
        "animeRomaji": "\u00e9X-D",
        "songName": "Maria",
        "artist": "M-Rie",
        "type": "Insert Song",
        "correctCount": 3,
        "startTime": 13,
        "songDuration": 93.096,
        "songNumber": 15,
        "activePlayerCount": 226,
        "LinkVideo": "https://files.catbox.moe/402f90.webm",
        "LinkMp3": "https://files.catbox.moe/nsnbwi.mp3",
        "correctPlayers": [
            "Precisa",
            "Metakino",
            "ZolotayaTbMa"
        ]
    },
    {
        "animeEng": "Mah\u014dtsukai Chappy",
        "animeRomaji": "Mah\u014dtsukai Chappy",
        "songName": "Mahoutsukai Chappy",
        "artist": "Singers Three",
        "type": "Opening 1",
        "correctCount": 161,
        "startTime": 10,
        "songDuration": 46.032,
        "songNumber": 16,
        "activePlayerCount": 226,
        "LinkVideo": "https://files.catbox.moe/ro7emz.webm",
        "LinkMp3": "https://files.catbox.moe/x156wa.mp3"
    },
    {
        "animeEng": "The Qwaser of Stigmata",
        "animeRomaji": "Seikon no Qwaser",
        "songName": "Errand",
        "artist": "Faylan",
        "type": "Opening 1",
        "correctCount": 43,
        "startTime": 11,
        "songDuration": 88.44,
        "songNumber": 17,
        "activePlayerCount": 225,
        "LinkVideo": "https://files.catbox.moe/i0v0g7.webm",
        "LinkMp3": "https://files.catbox.moe/0nesx5.mp3"
    },
    {
        "animeEng": "Trapp Family Story",
        "animeRomaji": "Trapp Ikka Monogatari",
        "songName": "Hohoemi no Mahou",
        "artist": "Eri It\u014d",
        "type": "Opening 1",
        "correctCount": 0,
        "startTime": 7,
        "songDuration": 83.448,
        "songNumber": 18,
        "activePlayerCount": 225,
        "LinkVideo": "https://files.catbox.moe/7ektjq.webm",
        "LinkMp3": "https://files.catbox.moe/9cajop.mp3"
    },
    {
        "animeEng": "Good Luck Girl!",
        "animeRomaji": "Binb\u014dgami ga!",
        "songName": "Koi Boudou",
        "artist": "HAPPY BIRTHDAY",
        "type": "Opening 2",
        "correctCount": 96,
        "startTime": 23,
        "songDuration": 89.976,
        "songNumber": 19,
        "activePlayerCount": 224,
        "LinkVideo": "https://files.catbox.moe/jgh9ih.webm",
        "LinkMp3": "https://files.catbox.moe/em8ksj.mp3"
    },
    {
        "animeEng": "Dirty Pair",
        "animeRomaji": "Dirty Pair",
        "songName": "Aki Kara no Summertime",
        "artist": "Yuuko Nitou",
        "type": "Ending 1",
        "correctCount": 10,
        "startTime": 27,
        "songDuration": 84.556914,
        "songNumber": 20,
        "activePlayerCount": 224,
        "LinkVideo": "https://files.catbox.moe/af6i6x.webm",
        "LinkMp3": "https://files.catbox.moe/qj64t9.mp3"
    },
    {
        "animeEng": "Hidamari Sketch \u00d7 365",
        "animeRomaji": "Hidamari Sketch \u00d7 365",
        "songName": "Sketch Switch",
        "artist": "Kana Asumi, Ryoko Shintani, Kaori Mizuhashi, Yuuko Gotou, Miyu Matsuki, Aoki Ume",
        "type": "Insert Song",
        "correctCount": 63,
        "startTime": 11,
        "songDuration": 55.056,
        "songNumber": 21,
        "activePlayerCount": 224,
        "LinkVideo": "https://files.catbox.moe/e5omp0.webm",
        "LinkMp3": "https://files.catbox.moe/8zx3fu.mp3"
    },
    {
        "animeEng": "K-ON! The Movie",
        "animeRomaji": "K-ON! Movie",
        "songName": "Ichiban Ippai",
        "artist": "Ho-Kago Tea Time",
        "type": "Opening 1",
        "correctCount": 112,
        "startTime": 62,
        "songDuration": 103.944,
        "songNumber": 22,
        "activePlayerCount": 224,
        "LinkVideo": "https://files.catbox.moe/17jwub.webm",
        "LinkMp3": "https://files.catbox.moe/6r7m9y.mp3"
    },
    {
        "animeEng": "Inazuma Eleven GO: Galaxy",
        "animeRomaji": "Inazuma Eleven GO: Galaxy",
        "songName": "Katte ni Cinderella",
        "artist": "Colors",
        "type": "Ending 1",
        "correctCount": 4,
        "startTime": 45,
        "songDuration": 84.24345,
        "songNumber": 23,
        "activePlayerCount": 222,
        "LinkVideo": "https://files.catbox.moe/ou311i.webm",
        "LinkMp3": "https://files.catbox.moe/g1rm3r.mp3",
        "correctPlayers": [
            "lzlucas",
            "BeeLiz",
            "CullDoR",
            "Aleister_Crowley"
        ]
    },
    {
        "animeEng": "Peter Grill and the Philosopher's Time",
        "animeRomaji": "Peter Grill to Kenja no Jikan",
        "songName": "Tsuranuite Y\u016btsu",
        "artist": "Yui Ninomiya",
        "type": "Opening 1",
        "correctCount": 64,
        "startTime": 6,
        "songDuration": 89.16,
        "songNumber": 24,
        "activePlayerCount": 223,
        "LinkVideo": "https://files.catbox.moe/ni0l84.webm",
        "LinkMp3": "https://files.catbox.moe/z2ftwv.mp3"
    },
    {
        "animeEng": "Barakamon",
        "animeRomaji": "Barakamon",
        "songName": "Innocence",
        "artist": "NoisyCell",
        "type": "Ending 1",
        "correctCount": 96,
        "startTime": 45,
        "songDuration": 88.224,
        "songNumber": 25,
        "activePlayerCount": 223,
        "LinkVideo": "https://files.catbox.moe/wk9m9v.webm",
        "LinkMp3": "https://files.catbox.moe/liot4a.mp3"
    },
    {
        "animeEng": "gdgd Fairies",
        "animeRomaji": "gdgd Fairies",
        "songName": "Oide yo! Yousei no Mori",
        "artist": "gdgd Fairies",
        "type": "Opening 1",
        "correctCount": 107,
        "startTime": 6,
        "songDuration": 50.376,
        "songNumber": 26,
        "activePlayerCount": 222,
        "LinkVideo": "https://files.catbox.moe/9e74dl.webm",
        "LinkMp3": "https://files.catbox.moe/1bxji1.mp3"
    },
    {
        "animeEng": "Gentle Lion",
        "animeRomaji": "Yasashii Lion",
        "songName": "Mukumuku no Ochichi",
        "artist": "Bonny Jacks",
        "type": "Insert Song",
        "correctCount": 8,
        "startTime": 13,
        "songDuration": 56.832,
        "songNumber": 27,
        "activePlayerCount": 219,
        "LinkVideo": "https://files.catbox.moe/svxhlk.webm",
        "LinkMp3": "https://files.catbox.moe/s0172u.mp3"
    },
    {
        "animeEng": "No. 6",
        "animeRomaji": "No. 6",
        "songName": "Rokut\u014d Sei no Yoru",
        "artist": "Aimer",
        "type": "Ending 1",
        "correctCount": 53,
        "startTime": 41,
        "songDuration": 88.968,
        "songNumber": 28,
        "activePlayerCount": 219,
        "LinkVideo": "https://files.catbox.moe/03mv6b.webm",
        "LinkMp3": "https://files.catbox.moe/x67jys.mp3"
    },
    {
        "animeEng": "Carole & Tuesday",
        "animeRomaji": "Carole & Tuesday",
        "songName": "After the Fire",
        "artist": "Nai Br.XX&Celeina Ann feat. Lauren Dyson",
        "type": "Insert Song",
        "correctCount": 127,
        "startTime": 109,
        "songDuration": 152.04,
        "songNumber": 29,
        "activePlayerCount": 218,
        "LinkVideo": "https://files.catbox.moe/fgzhoe.webm",
        "LinkMp3": "https://files.catbox.moe/7zoqep.mp3"
    },
    {
        "animeEng": "Dragon Ball Z: Lord Slug",
        "animeRomaji": "Dragon Ball Z: Super Saiyajin da Son Goku",
        "songName": "CHA-LA HEAD-CHA-LA",
        "artist": "Hironobu Kageyama",
        "type": "Opening 1",
        "correctCount": 205,
        "startTime": 69,
        "songDuration": 107.074078,
        "songNumber": 30,
        "activePlayerCount": 218,
        "LinkVideo": "https://files.catbox.moe/r5o3zy.webm",
        "LinkMp3": "https://files.catbox.moe/ewehoa.mp3"
    },
    {
        "animeEng": "Vandread: The Second Stage",
        "animeRomaji": "Vandread: The Second Stage",
        "songName": "Somedays",
        "artist": "Donna Burke",
        "type": "Insert Song",
        "correctCount": 3,
        "startTime": 54,
        "songDuration": 134.04,
        "songNumber": 31,
        "activePlayerCount": 218,
        "LinkVideo": "https://files.catbox.moe/6md1b9.webm",
        "LinkMp3": "https://files.catbox.moe/j8134z.mp3",
        "correctPlayers": [
            "Lika",
            "whensidols",
            "MilkJiang"
        ]
    },
    {
        "animeEng": "Boogiepop Phantom",
        "animeRomaji": "Boogiepop wa Warawanai",
        "songName": "Mirai Seiki Maruhi Club",
        "artist": "Kyoko",
        "type": "Ending 1",
        "correctCount": 32,
        "startTime": 14,
        "songDuration": 58.957354,
        "songNumber": 32,
        "activePlayerCount": 219,
        "LinkVideo": "https://files.catbox.moe/0xkeuf.webm",
        "LinkMp3": "https://files.catbox.moe/wtc52a.mp3"
    },
    {
        "animeEng": "Go for it, Ippatsuman!",
        "animeRomaji": "Gyakuten Ippatsu-man",
        "songName": "Gyakuten Ippatsu-man",
        "artist": "Masayuki Yamamoto, Pink Piggies",
        "type": "Opening 1",
        "correctCount": 12,
        "startTime": 1,
        "songDuration": 70.056,
        "songNumber": 33,
        "activePlayerCount": 219,
        "LinkVideo": "https://files.catbox.moe/a7ftws.webm",
        "LinkMp3": "https://files.catbox.moe/whp6y2.mp3"
    },
    {
        "animeEng": "Sunday Without God",
        "animeRomaji": "Kami-Nai",
        "songName": "Birth",
        "artist": "Eri Kitamura",
        "type": "Opening 1",
        "correctCount": 74,
        "startTime": 13,
        "songDuration": 88.057262,
        "songNumber": 34,
        "activePlayerCount": 218,
        "LinkVideo": "https://files.catbox.moe/236vq0.webm",
        "LinkMp3": "https://files.catbox.moe/2bbut7.mp3"
    },
    {
        "animeEng": "Gosenzo-sama Banbanzai!",
        "animeRomaji": "Gosenzo-sama Banbanzai!",
        "songName": "Koushinjo wa Ai o Shinjinai",
        "artist": "Machiko Washio & Kouichi Yamadera",
        "type": "Insert Song",
        "correctCount": 8,
        "startTime": 28,
        "songDuration": 167.990582,
        "songNumber": 35,
        "activePlayerCount": 216,
        "LinkVideo": "https://files.catbox.moe/1jp1ju.webm",
        "LinkMp3": "https://files.catbox.moe/3exx6u.mp3"
    },
    {
        "animeEng": "Cells at Work! Kaze Sh\u014dk\u014dgun",
        "animeRomaji": "Cells at Work! Kaze Sh\u014dk\u014dgun",
        "songName": "Mission! Ken - K\u014d - Dai - Ichi",
        "artist": "Kana Hanazawa, Tomoaki Maeno, Daisuke Ono, Kikuko Inoue",
        "type": "Opening 1",
        "correctCount": 191,
        "startTime": 2,
        "songDuration": 89.46785,
        "songNumber": 36,
        "activePlayerCount": 215,
        "LinkVideo": "https://files.catbox.moe/45fnex.webm",
        "LinkMp3": "https://files.catbox.moe/wo666x.mp3"
    },
    {
        "animeEng": "DRRR!!",
        "animeRomaji": "Durarara!!",
        "songName": "Trust Me",
        "artist": "Y\u016bya Matsushita",
        "type": "Ending 1",
        "correctCount": 111,
        "startTime": 23,
        "songDuration": 91.191902,
        "songNumber": 37,
        "activePlayerCount": 216,
        "LinkVideo": "https://files.catbox.moe/6eg2nw.webm",
        "LinkMp3": "https://files.catbox.moe/qp8i7t.mp3"
    },
    {
        "animeEng": "DRRR!!",
        "animeRomaji": "Durarara!!",
        "songName": "Uragiri no Y\u016byake",
        "artist": "Theatre Brook",
        "type": "Opening 1",
        "correctCount": 195,
        "startTime": 22,
        "songDuration": 89.04,
        "songNumber": 38,
        "activePlayerCount": 216,
        "LinkVideo": "https://files.catbox.moe/d260zn.webm",
        "LinkMp3": "https://files.catbox.moe/fz36my.mp3"
    },
    {
        "animeEng": "Triangle Heart: Sweet Songs Forever",
        "animeRomaji": "Triangle Heart: Sweet Songs Forever",
        "songName": "Trust You're Truth ~Ashita o Mamoru Yakusoku~",
        "artist": "KOTOKO",
        "type": "Opening 1",
        "correctCount": 12,
        "startTime": 54,
        "songDuration": 94.08,
        "songNumber": 39,
        "activePlayerCount": 216,
        "LinkVideo": "https://files.catbox.moe/yr6zvr.webm",
        "LinkMp3": "https://files.catbox.moe/w8zdok.mp3"
    },
    {
        "animeEng": "Tsubasa RESERVoir CHRoNiCLE",
        "animeRomaji": "Tsubasa RESERVoir CHRoNiCLE",
        "songName": "Blaze",
        "artist": "Kinya",
        "type": "Opening 1",
        "correctCount": 40,
        "startTime": 46,
        "songDuration": 98.064,
        "songNumber": 40,
        "activePlayerCount": 216,
        "LinkVideo": "https://files.catbox.moe/vmwj37.webm",
        "LinkMp3": "https://files.catbox.moe/eb6kmc.mp3"
    },
    {
        "animeEng": "Tiger Mask II",
        "animeRomaji": "Tiger Mask II",
        "songName": "Tiger Mask Nisei",
        "artist": "Ichirou Mizuki & Columubia Yurikago-kai",
        "type": "Opening 1",
        "correctCount": 2,
        "startTime": 29,
        "songDuration": 68.664,
        "songNumber": 41,
        "activePlayerCount": 215,
        "LinkVideo": "https://files.catbox.moe/213bk7.webm",
        "LinkMp3": "https://files.catbox.moe/3vxb2g.mp3",
        "correctPlayers": [
            "ValeDuodecem",
            "Shirone"
        ]
    },
    {
        "animeEng": "Waiting in the Summer",
        "animeRomaji": "Ano Natsu de Matteru",
        "songName": "Vidro Moy\u014d",
        "artist": "Nagi Yanagi",
        "type": "Ending 1",
        "correctCount": 76,
        "startTime": 29,
        "songDuration": 89.496,
        "songNumber": 42,
        "activePlayerCount": 215,
        "LinkVideo": "https://files.catbox.moe/7jijlh.webm",
        "LinkMp3": "https://files.catbox.moe/7nt62s.mp3"
    },
    {
        "animeEng": "Banana Fish",
        "animeRomaji": "Banana Fish",
        "songName": "found & lost",
        "artist": "Survive Said The Prophet",
        "type": "Opening 1",
        "correctCount": 92,
        "startTime": 29,
        "songDuration": 87.90053,
        "songNumber": 43,
        "activePlayerCount": 217,
        "LinkVideo": "https://files.catbox.moe/wuxr36.webm",
        "LinkMp3": "https://files.catbox.moe/5iikl2.mp3"
    },
    {
        "animeEng": "Bio Armor Ryger",
        "animeRomaji": "Jushin Liger",
        "songName": "Hangyaku no Senshi ~Ryuudoruku no Theme~",
        "artist": "Yumi Hiroki",
        "type": "Ending 2",
        "correctCount": 7,
        "startTime": 18,
        "songDuration": 59.04,
        "songNumber": 44,
        "activePlayerCount": 217,
        "LinkVideo": "https://files.catbox.moe/a2sfm8.webm",
        "LinkMp3": "https://files.catbox.moe/inkg1c.mp3"
    },
    {
        "animeEng": "Pretty Rhythm All Star Selection: Prism Show Best Ten",
        "animeRomaji": "Pretty Rhythm All Star Selection: Prism Show Best Ten",
        "songName": "cheer!yeah!\u00d72",
        "artist": "COSMOs",
        "type": "Insert Song",
        "correctCount": 11,
        "startTime": 0,
        "songDuration": 22.728,
        "songNumber": 45,
        "activePlayerCount": 217,
        "LinkVideo": "https://files.catbox.moe/p5hn2d.webm",
        "LinkMp3": "https://files.catbox.moe/b7hdlt.mp3"
    },
    {
        "animeEng": "Idol Time PriPara",
        "animeRomaji": "Idol Time PriPara",
        "songName": "Pure Amore Ai",
        "artist": "Mitsuki Saiga",
        "type": "Insert Song",
        "correctCount": 31,
        "startTime": 5,
        "songDuration": 102.192,
        "songNumber": 46,
        "activePlayerCount": 217,
        "LinkVideo": "https://files.catbox.moe/q6zykl.webm",
        "LinkMp3": "https://files.catbox.moe/3yj0h2.mp3"
    },
    {
        "animeEng": "Kanon",
        "animeRomaji": "Kanon",
        "songName": "Last regrets -X'mas floor style-",
        "artist": "Eiko Shimamiya",
        "type": "Insert Song",
        "correctCount": 57,
        "startTime": 30,
        "songDuration": 115.416,
        "songNumber": 47,
        "activePlayerCount": 216,
        "LinkVideo": "https://files.catbox.moe/y1zcwq.webm",
        "LinkMp3": "https://files.catbox.moe/tkbh98.mp3"
    },
    {
        "animeEng": "Nura: Rise of the Yokai Clan Jump Festa 2010 Special",
        "animeRomaji": "Nurarihyon no Mago: Gekit\u014d Dai Futsal Taikai! Nuragumi W Cup!!",
        "songName": "Rai Rai Parade",
        "artist": "Katate\u2606SIZE",
        "type": "Ending 1",
        "correctCount": 2,
        "startTime": 55,
        "songDuration": 88.776,
        "songNumber": 48,
        "activePlayerCount": 215,
        "LinkVideo": "https://files.catbox.moe/2uerlj.webm",
        "LinkMp3": "https://files.catbox.moe/m1096v.mp3",
        "correctPlayers": [
            "amehaneyuki",
            "Satori234"
        ]
    },
    {
        "animeEng": "Dog & Scissors",
        "animeRomaji": "Inu to Hasami wa Tsukaiy\u014d",
        "songName": "Maid no Tame ni Kane wa Naru ~Chou J\u016bsha Mokushiroku yori",
        "artist": "Chiwa Sait\u014d",
        "type": "Insert Song",
        "correctCount": 28,
        "startTime": 0,
        "songDuration": 27.048,
        "songNumber": 49,
        "activePlayerCount": 215,
        "LinkVideo": "https://files.catbox.moe/v55yof.webm",
        "LinkMp3": "https://files.catbox.moe/7acljk.mp3"
    },
    {
        "animeEng": "Bubblegum Crisis",
        "animeRomaji": "Bubblegum Crisis",
        "songName": "Rock Me",
        "artist": "Yuiko Tsubokura",
        "type": "Ending 6",
        "correctCount": 9,
        "startTime": 76,
        "songDuration": 215.28,
        "songNumber": 50,
        "activePlayerCount": 215,
        "LinkVideo": "https://files.catbox.moe/gawjag.webm",
        "LinkMp3": "https://files.catbox.moe/hiddhl.mp3"
    },
    {
        "animeEng": "Pok\u00e9mon: Black and White: Rival Destinies",
        "animeRomaji": "Pokemon Best Wishes! Season 2: Decolora Adventure",
        "songName": "Yajirushi ni Natte! 2013",
        "artist": "Rica Matsumoto",
        "type": "Opening 2",
        "correctCount": 18,
        "startTime": 22,
        "songDuration": 86.952,
        "songNumber": 51,
        "activePlayerCount": 215,
        "LinkVideo": "https://files.catbox.moe/mj3vqg.webm",
        "LinkMp3": "https://files.catbox.moe/ydzgbl.mp3"
    },
    {
        "animeEng": "Sakura Trick",
        "animeRomaji": "Sakura Trick",
        "songName": "Won\uff08*3*\uff09Chu KissMe!",
        "artist": "SAKURA*TRICK",
        "type": "Opening 1",
        "correctCount": 101,
        "startTime": 15,
        "songDuration": 88.872,
        "songNumber": 52,
        "activePlayerCount": 215,
        "LinkVideo": "https://files.catbox.moe/8h5py0.webm",
        "LinkMp3": "https://files.catbox.moe/pixefw.mp3"
    },
    {
        "animeEng": "Singles",
        "animeRomaji": "Singles",
        "songName": "Haruyo Koi",
        "artist": "Romi Narita",
        "type": "Opening 1",
        "correctCount": 2,
        "startTime": 124,
        "songDuration": 163.053524,
        "songNumber": 53,
        "activePlayerCount": 215,
        "LinkVideo": "https://files.catbox.moe/po3rq7.webm",
        "LinkMp3": "https://files.catbox.moe/3sc7lh.mp3",
        "correctPlayers": [
            "Samuel_KuroYuki",
            "watashiii"
        ]
    },
    {
        "animeEng": "Yuyushiki",
        "animeRomaji": "Yuyushiki",
        "songName": "Kirameki! no Hi",
        "artist": "J\u014dh\u014dshori-bu",
        "type": "Opening 1",
        "correctCount": 23,
        "startTime": 32,
        "songDuration": 89.088,
        "songNumber": 54,
        "activePlayerCount": 215,
        "LinkVideo": "https://files.catbox.moe/8tstk7.webm",
        "LinkMp3": "https://files.catbox.moe/bsnwsv.mp3"
    },
    {
        "animeEng": "Blast of Tempest",
        "animeRomaji": "Zetsuen no Tempest",
        "songName": "Spirit Inspiration",
        "artist": "Nothing's Carved In Stone",
        "type": "Opening 1",
        "correctCount": 125,
        "startTime": 26,
        "songDuration": 88.55358,
        "songNumber": 55,
        "activePlayerCount": 215,
        "LinkVideo": "https://files.catbox.moe/hyszhf.webm",
        "LinkMp3": "https://files.catbox.moe/om7rcu.mp3"
    },
    {
        "animeEng": "Inazuma Eleven Reloaded",
        "animeRomaji": "Inazuma Eleven Reloaded",
        "songName": "Tachiagariyo (Reloaded Ver.)",
        "artist": "pugcat's",
        "type": "Opening 1",
        "correctCount": 42,
        "startTime": 43,
        "songDuration": 84.8965,
        "songNumber": 56,
        "activePlayerCount": 214,
        "LinkVideo": "https://files.catbox.moe/79vzbi.webm",
        "LinkMp3": "https://files.catbox.moe/bhoks7.mp3"
    },
    {
        "animeEng": "A-Girl",
        "animeRomaji": "A-Girl",
        "songName": "WHEN ANGELS COME",
        "artist": "SEIKA",
        "type": "Insert Song",
        "correctCount": 1,
        "startTime": 83,
        "songDuration": 271.584,
        "songNumber": 57,
        "activePlayerCount": 213,
        "LinkVideo": "https://files.catbox.moe/rsdhzl.webm",
        "LinkMp3": "https://files.catbox.moe/7vl7o9.mp3",
        "correctPlayers": [
            "Precisa"
        ]
    },
    {
        "animeEng": "Love Live! Sunshine!!",
        "animeRomaji": "Love Live! School idol project Sunshine!!",
        "songName": "START:DASH!!",
        "artist": "\u03bc's",
        "type": "Insert Song",
        "correctCount": 127,
        "startTime": 8,
        "songDuration": 62.064,
        "songNumber": 58,
        "activePlayerCount": 211,
        "LinkVideo": "https://files.catbox.moe/ehalrv.webm",
        "LinkMp3": "https://files.catbox.moe/r70zxf.mp3"
    },
    {
        "animeEng": "Gargantia on the Verdurous Planet",
        "animeRomaji": "Suisei no Gargantia",
        "songName": "Sora to Kimi no Message",
        "artist": "ChouCho",
        "type": "Ending 1",
        "correctCount": 44,
        "startTime": 50,
        "songDuration": 88.416,
        "songNumber": 59,
        "activePlayerCount": 211,
        "LinkVideo": "https://files.catbox.moe/2euuea.webm",
        "LinkMp3": "https://files.catbox.moe/qtxdl3.mp3"
    },
    {
        "animeEng": "Ace of the Diamond",
        "animeRomaji": "Daiya no Ace",
        "songName": "Mirai e Tsunage",
        "artist": "D\u014cP",
        "type": "Ending 3",
        "correctCount": 2,
        "startTime": 44,
        "songDuration": 88.919288,
        "songNumber": 60,
        "activePlayerCount": 211,
        "LinkVideo": "https://files.catbox.moe/pncxep.webm",
        "LinkMp3": "https://files.catbox.moe/ei696h.mp3",
        "correctPlayers": [
            "Kaani",
            "Bobocan"
        ]
    },
    {
        "animeEng": "Witch Hunter Robin",
        "animeRomaji": "Witch Hunter Robin",
        "songName": "Shell (instrumental)",
        "artist": "Bana",
        "type": "Ending 2",
        "correctCount": 17,
        "startTime": 16,
        "songDuration": 89.544,
        "songNumber": 61,
        "activePlayerCount": 211,
        "LinkVideo": "https://files.catbox.moe/crb224.webm",
        "LinkMp3": "https://files.catbox.moe/96o2rh.mp3"
    },
    {
        "animeEng": "Real Girl",
        "animeRomaji": "3D Kanojo Real Girl",
        "songName": "Futari nara",
        "artist": "BiSH",
        "type": "Opening 1",
        "correctCount": 39,
        "startTime": 21,
        "songDuration": 87.299724,
        "songNumber": 62,
        "activePlayerCount": 212,
        "LinkVideo": "https://files.catbox.moe/njte3f.webm",
        "LinkMp3": "https://files.catbox.moe/r1nks9.mp3"
    },
    {
        "animeEng": "Giant Gorg",
        "animeRomaji": "Kyoshin Gorg",
        "songName": "BRIGHT EYES",
        "artist": "TAKU",
        "type": "Opening 1",
        "correctCount": 11,
        "startTime": 16,
        "songDuration": 87.696,
        "songNumber": 63,
        "activePlayerCount": 212,
        "LinkVideo": "https://files.catbox.moe/81d540.webm",
        "LinkMp3": "https://files.catbox.moe/ct6m3x.mp3"
    },
    {
        "animeEng": "Little Memole",
        "animeRomaji": "Tongari B\u014dshi no Memoru",
        "songName": "Tongari Boushi no Memoru",
        "artist": "Satoko Yamano",
        "type": "Opening 1",
        "correctCount": 9,
        "startTime": 15,
        "songDuration": 77.136,
        "songNumber": 64,
        "activePlayerCount": 212,
        "LinkVideo": "https://files.catbox.moe/3kvrz9.webm",
        "LinkMp3": "https://files.catbox.moe/y3zsno.mp3"
    },
    {
        "animeEng": "Ore o Suki na no wa Omae Dake ka yo ~Ore-tachi no Game Set~",
        "animeRomaji": "Ore o Suki na no wa Omae Dake ka yo ~Ore-tachi no Game Set~",
        "songName": "Papapa",
        "artist": "Shuka Sait\u014d",
        "type": "Opening 1",
        "correctCount": 127,
        "startTime": 15,
        "songDuration": 89.64,
        "songNumber": 65,
        "activePlayerCount": 212,
        "LinkVideo": "https://files.catbox.moe/5iww9y.webm",
        "LinkMp3": "https://files.catbox.moe/ispyhy.mp3"
    },
    {
        "animeEng": "Akagi",
        "animeRomaji": "T\u014dhai Densetsu Akagi -Yami ni Maiorita Tensai-",
        "songName": "Nantoka Nare",
        "artist": "Furuido",
        "type": "Opening 1",
        "correctCount": 85,
        "startTime": 8,
        "songDuration": 68.376,
        "songNumber": 66,
        "activePlayerCount": 212,
        "LinkVideo": "https://files.catbox.moe/b8djjf.webm",
        "LinkMp3": "https://files.catbox.moe/7d0gwo.mp3"
    },
    {
        "animeEng": "Transformers: The Headmasters",
        "animeRomaji": "Transformers: The Headmasters",
        "songName": "Kimi wa Transformer",
        "artist": "Hironobu Kageyama",
        "type": "Ending 1",
        "correctCount": 20,
        "startTime": 7,
        "songDuration": 59.52,
        "songNumber": 67,
        "activePlayerCount": 212,
        "LinkVideo": "https://files.catbox.moe/7nscvd.webm",
        "LinkMp3": "https://files.catbox.moe/tmxpue.mp3"
    },
    {
        "animeEng": "A Destructive God Sits Next to Me",
        "animeRomaji": "Boku no Tonari ni Ankoku Hakaishin ga Imasu.",
        "songName": "Take mo' Chance",
        "artist": "all at once",
        "type": "Opening 1",
        "correctCount": 38,
        "startTime": 10,
        "songDuration": 87.888,
        "songNumber": 68,
        "activePlayerCount": 209,
        "LinkVideo": "https://files.catbox.moe/wyqi8h.webm",
        "LinkMp3": "https://files.catbox.moe/7i17ye.mp3"
    },
    {
        "animeEng": "Hanappe Bazooka",
        "animeRomaji": "Hanappe Bazooka",
        "songName": "Ai dake de",
        "artist": "Miina Tominaga",
        "type": "Ending 1",
        "correctCount": 3,
        "startTime": 72,
        "songDuration": 136.272,
        "songNumber": 69,
        "activePlayerCount": 209,
        "LinkVideo": "https://files.catbox.moe/0cqpu3.webm",
        "LinkMp3": "https://files.catbox.moe/vka9vv.mp3",
        "correctPlayers": [
            "Precisa",
            "Vasserman",
            "Catisam"
        ]
    },
    {
        "animeEng": "The Humanoid",
        "animeRomaji": "The Humanoid - Ai no Wakusei Lazeria",
        "songName": "Kin-iro no Bishou",
        "artist": "Megumi Hayakawa",
        "type": "Insert Song",
        "correctCount": 1,
        "startTime": 8,
        "songDuration": 257.736,
        "songNumber": 70,
        "activePlayerCount": 208,
        "LinkVideo": "https://files.catbox.moe/ot480d.webm",
        "LinkMp3": "https://files.catbox.moe/7lpmc8.mp3",
        "correctPlayers": [
            "Precisa"
        ]
    },
    {
        "animeEng": "Gankutsuou: The Count of Monte Cristo",
        "animeRomaji": "Gankutsuou: The Count of Monte Cristo",
        "songName": "We Were Lovers",
        "artist": "Jean-Jacques Burnel",
        "type": "Ending 2",
        "correctCount": 70,
        "startTime": 78,
        "songDuration": 195.836634,
        "songNumber": 71,
        "activePlayerCount": 208,
        "LinkVideo": "https://files.catbox.moe/156gr7.webm",
        "LinkMp3": "https://files.catbox.moe/tcw79r.mp3"
    },
    {
        "animeEng": "Gekij\u014dban gdgd Fairies tte Iu Eiga wa D\u014d kana\u2026?",
        "animeRomaji": "Gekij\u014dban gdgd Fairies tte Iu Eiga wa D\u014d kana\u2026?",
        "songName": "Oide yo! Yousei no Mori",
        "artist": "gdgd Fairies",
        "type": "Opening 1",
        "correctCount": 143,
        "startTime": 5,
        "songDuration": 48.84,
        "songNumber": 72,
        "activePlayerCount": 207,
        "LinkVideo": "https://files.catbox.moe/wkhuqe.webm",
        "LinkMp3": "https://files.catbox.moe/2vn6vt.mp3"
    },
    {
        "animeEng": "Hacka Doll the Animation",
        "animeRomaji": "Hacka Doll the Animation",
        "songName": "Progress Push Doll",
        "artist": "Miyu Takagi",
        "type": "Ending 2",
        "correctCount": 23,
        "startTime": 0,
        "songDuration": 24.504,
        "songNumber": 73,
        "activePlayerCount": 207,
        "LinkVideo": "https://files.catbox.moe/y6dj46.webm",
        "LinkMp3": "https://files.catbox.moe/wuc0bp.mp3"
    },
    {
        "animeEng": "Inuyashiki Last Hero",
        "animeRomaji": "Inuyashiki Last Hero",
        "songName": "My Hero",
        "artist": "MAN WITH A MISSION",
        "type": "Opening 1",
        "correctCount": 161,
        "startTime": 49,
        "songDuration": 90.096292,
        "songNumber": 74,
        "activePlayerCount": 205,
        "LinkVideo": "https://files.catbox.moe/lc29v0.webm",
        "LinkMp3": "https://files.catbox.moe/w7hvem.mp3"
    },
    {
        "animeEng": "PriPara",
        "animeRomaji": "PriPara",
        "songName": "Ready Smile!!",
        "artist": "i\u2606Ris",
        "type": "Insert Song",
        "correctCount": 46,
        "startTime": 6,
        "songDuration": 42.312,
        "songNumber": 75,
        "activePlayerCount": 205,
        "LinkVideo": "https://files.catbox.moe/dan5hs.webm",
        "LinkMp3": "https://files.catbox.moe/p98cvn.mp3"
    }
]