[
    {
        "animeEng": "Vandread",
        "animeRomaji": "Vandread",
        "songName": "What a wonderful world",
        "artist": "Donna Burke",
        "type": "Insert Song",
        "correctCount": 13,
        "startTime": 10,
        "songDuration": 128.703094,
        "songNumber": 1,
        "activePlayerCount": 227,
        "LinkVideo": "https://files.catbox.moe/wtxvk4.webm",
        "LinkMp3": "https://files.catbox.moe/ws3ov1.mp3"
    },
    {
        "animeEng": "PriPara",
        "animeRomaji": "PriPara",
        "songName": "Twin mirror\u2665compact",
        "artist": "Azuki Shibuya & Y\u016bki Wakai",
        "type": "Insert Song",
        "correctCount": 57,
        "startTime": 8,
        "songDuration": 106.56,
        "songNumber": 2,
        "activePlayerCount": 224,
        "LinkVideo": "https://files.catbox.moe/2shimg.webm",
        "LinkMp3": "https://files.catbox.moe/9bfi4o.mp3"
    },
    {
        "animeEng": "Code Geass: Lelouch of the Rebellion",
        "animeRomaji": "Code Geass: Hangyaku no Lelouch",
        "songName": "Y\u016bky\u014d Seishunka",
        "artist": "ALI PROJECT",
        "type": "Ending 1",
        "correctCount": 108,
        "startTime": 53,
        "songDuration": 88.992,
        "songNumber": 3,
        "activePlayerCount": 226,
        "LinkVideo": "https://files.catbox.moe/gatvaa.webm",
        "LinkMp3": "https://files.catbox.moe/p68lp5.mp3"
    },
    {
        "animeEng": "Toriko",
        "animeRomaji": "Toriko",
        "songName": "Go Shock My Way!!",
        "artist": "Akira Kushida",
        "type": "Opening 2",
        "correctCount": 80,
        "startTime": 44,
        "songDuration": 82.896,
        "songNumber": 4,
        "activePlayerCount": 225,
        "LinkVideo": "https://files.catbox.moe/aofr2u.webm",
        "LinkMp3": "https://files.catbox.moe/ea652k.mp3"
    },
    {
        "animeEng": "Bleach the Movie 4: Hell Verse",
        "animeRomaji": "Bleach: Jigoku-hen",
        "songName": "Save The One, Save The All",
        "artist": "T.M.Revolution",
        "type": "Ending 1",
        "correctCount": 45,
        "startTime": 200,
        "songDuration": 244.032,
        "songNumber": 5,
        "activePlayerCount": 225,
        "LinkVideo": "https://files.catbox.moe/tkscya.webm",
        "LinkMp3": "https://files.catbox.moe/g3p3ko.mp3"
    },
    {
        "animeEng": "Shin Koihime\u2020Mus\u014d",
        "animeRomaji": "Shin Koihime\u2020Mus\u014d",
        "songName": "Ai wa Datte Datte Saiky\u014d!",
        "artist": "Kazoe-Yakuman Shimai",
        "type": "Insert Song",
        "correctCount": 7,
        "startTime": 0,
        "songDuration": 25.608,
        "songNumber": 6,
        "activePlayerCount": 226,
        "LinkVideo": "https://files.catbox.moe/yrmfuc.webm",
        "LinkMp3": "https://files.catbox.moe/dbz1j1.mp3"
    },
    {
        "animeEng": "Uta no\u2606Prince-sama\u266aMaji LOVE 2000%: Shining Star Xmas",
        "animeRomaji": "Uta no\u2606Prince-sama\u266aMaji LOVE 2000%: Shining Star Xmas",
        "songName": "Canon",
        "artist": "Mamoru Miyano",
        "type": "Opening 1",
        "correctCount": 27,
        "startTime": 29,
        "songDuration": 102.024,
        "songNumber": 7,
        "activePlayerCount": 224,
        "LinkVideo": "https://files.catbox.moe/ubksf8.webm",
        "LinkMp3": "https://files.catbox.moe/hfzl4j.mp3"
    },
    {
        "animeEng": "Mitsuwano",
        "animeRomaji": "Mitsuwano",
        "songName": "Kono Basho de",
        "artist": "Yui Horie",
        "type": "Ending 1",
        "correctCount": 2,
        "startTime": 35,
        "songDuration": 106.056,
        "songNumber": 8,
        "activePlayerCount": 224,
        "LinkVideo": "https://files.catbox.moe/fqvvrt.webm",
        "LinkMp3": "https://files.catbox.moe/uz0l7i.mp3",
        "correctPlayers": [
            "watashiii",
            "Satori234"
        ]
    },
    {
        "animeEng": "Hinako Note",
        "animeRomaji": "Hinako Note",
        "songName": "Curtain Call!!!!!",
        "artist": "Gekidan Hitotose",
        "type": "Ending 1",
        "correctCount": 48,
        "startTime": 33,
        "songDuration": 89.856,
        "songNumber": 9,
        "activePlayerCount": 225,
        "LinkVideo": "https://files.catbox.moe/3s2hdo.webm",
        "LinkMp3": "https://files.catbox.moe/zpqbym.mp3"
    },
    {
        "animeEng": "Hina Logic - from Luck & Logic",
        "animeRomaji": "Hina Logic - from Luck & Logic",
        "songName": "BUTTERFLY EFFECTOR",
        "artist": "TRUE",
        "type": "Opening 1",
        "correctCount": 38,
        "startTime": 48,
        "songDuration": 89.088,
        "songNumber": 10,
        "activePlayerCount": 223,
        "LinkVideo": "https://files.catbox.moe/vy04m1.webm",
        "LinkMp3": "https://files.catbox.moe/cn1l4i.mp3"
    },
    {
        "animeEng": "Scorching Ping Pong Girls",
        "animeRomaji": "Shakunetsu no Takky\u016b Musume",
        "songName": "Shakunetsu Switch",
        "artist": "Suzumegahara Ch\u016bgaku Takky\u016b-bu",
        "type": "Opening 1",
        "correctCount": 60,
        "startTime": 51,
        "songDuration": 90.048,
        "songNumber": 11,
        "activePlayerCount": 224,
        "LinkVideo": "",
        "LinkMp3": "https://files.catbox.moe/uflupl.mp3"
    },
    {
        "animeEng": "Koiken! Watashi-tachi Anime ni Natchatta!",
        "animeRomaji": "Koiken! Watashi-tachi Anime ni Natchatta!",
        "songName": "Domisofasolabu\u266a",
        "artist": "Kaori Nazuka",
        "type": "Insert Song",
        "correctCount": 6,
        "startTime": 0,
        "songDuration": 58.3053,
        "songNumber": 12,
        "activePlayerCount": 222,
        "LinkVideo": "https://files.catbox.moe/5x4onn.webm",
        "LinkMp3": "https://files.catbox.moe/2w74x6.mp3"
    },
    {
        "animeEng": "Memories Off 2nd",
        "animeRomaji": "Memories Off 2nd",
        "songName": "Replay Machine",
        "artist": "Nana Mizuki",
        "type": "Insert Song",
        "correctCount": 10,
        "startTime": 18,
        "songDuration": 54.072,
        "songNumber": 13,
        "activePlayerCount": 221,
        "LinkVideo": "https://files.catbox.moe/do4h0u.webm",
        "LinkMp3": "https://files.catbox.moe/hewnqy.mp3"
    },
    {
        "animeEng": "Perfect Blue",
        "animeRomaji": "Perfect Blue",
        "songName": "Omoide ni Dakarete Ima wa",
        "artist": "MISA",
        "type": "Opening 1",
        "correctCount": 69,
        "startTime": 13,
        "songDuration": 65.232,
        "songNumber": 14,
        "activePlayerCount": 221,
        "LinkVideo": "https://files.catbox.moe/ni1ssb.webm",
        "LinkMp3": "https://files.catbox.moe/j5sadk.mp3"
    },
    {
        "animeEng": "Aikatsu!",
        "animeRomaji": "Aikatsu!",
        "songName": "Miel Miere",
        "artist": "Kana from AIKATSU\u2606STARS!",
        "type": "Insert Song",
        "correctCount": 96,
        "startTime": 64,
        "songDuration": 114.096,
        "songNumber": 15,
        "activePlayerCount": 220,
        "LinkVideo": "https://files.catbox.moe/es2p7b.webm",
        "LinkMp3": "https://files.catbox.moe/njakq1.mp3"
    },
    {
        "animeEng": "Sword Art Online Alternative: Gun Gale Online",
        "animeRomaji": "Sword Art Online Alternative: Gun Gale Online",
        "songName": "Disorder",
        "artist": "ReoNa",
        "type": "Insert Song",
        "correctCount": 58,
        "startTime": 141,
        "songDuration": 224.884298,
        "songNumber": 16,
        "activePlayerCount": 220,
        "LinkVideo": "https://files.catbox.moe/rgd4s1.webm",
        "LinkMp3": "https://files.catbox.moe/njch70.mp3"
    },
    {
        "animeEng": "Pok\u00e9mon: Diamond and Pearl",
        "animeRomaji": "Pocket Monsters Diamond & Pearl",
        "songName": "Spurt!",
        "artist": "Rica Matsumoto",
        "type": "Insert Song",
        "correctCount": 55,
        "startTime": 33,
        "songDuration": 83.616,
        "songNumber": 17,
        "activePlayerCount": 219,
        "LinkVideo": "https://files.catbox.moe/d3dmdq.webm",
        "LinkMp3": "https://files.catbox.moe/q4z1cm.mp3"
    },
    {
        "animeEng": "Long Riders!",
        "animeRomaji": "Long Riders!",
        "songName": "\u2661km/h",
        "artist": "Ray",
        "type": "Opening 1",
        "correctCount": 31,
        "startTime": 2,
        "songDuration": 89.088,
        "songNumber": 18,
        "activePlayerCount": 219,
        "LinkVideo": "https://files.catbox.moe/qxxbo1.webm",
        "LinkMp3": "https://files.catbox.moe/ast192.mp3"
    },
    {
        "animeEng": "Saiyuki Gaiden",
        "animeRomaji": "Saiyuki Gaiden",
        "songName": "Sakura no Kinoshita",
        "artist": "KOKIA",
        "type": "Opening 1",
        "correctCount": 10,
        "startTime": 56,
        "songDuration": 89.208,
        "songNumber": 19,
        "activePlayerCount": 219,
        "LinkVideo": "https://files.catbox.moe/cpene8.webm",
        "LinkMp3": "https://files.catbox.moe/lhvzmn.mp3"
    },
    {
        "animeEng": "Azur Lane",
        "animeRomaji": "Azur Lane",
        "songName": "graphite/diamond",
        "artist": "May'n",
        "type": "Opening 1",
        "correctCount": 117,
        "startTime": 44,
        "songDuration": 87.936,
        "songNumber": 20,
        "activePlayerCount": 219,
        "LinkVideo": "https://files.catbox.moe/a24tnk.webm",
        "LinkMp3": "https://files.catbox.moe/g25ph0.mp3"
    },
    {
        "animeEng": "Kiba",
        "animeRomaji": "Kiba",
        "songName": "Sekai no Hate made",
        "artist": "Kozue Takada",
        "type": "Ending 4",
        "correctCount": 8,
        "startTime": 12,
        "songDuration": 88.94541,
        "songNumber": 21,
        "activePlayerCount": 217,
        "LinkVideo": "https://files.catbox.moe/uyb5y9.webm",
        "LinkMp3": "https://files.catbox.moe/x0xi05.mp3"
    },
    {
        "animeEng": "Science Fell in Love, So I Tried to Prove it",
        "animeRomaji": "Rikei ga Koi ni Ochita no de Sh\u014dmei Shite Mita",
        "songName": "PARADOX",
        "artist": "Sora Amamiya",
        "type": "Opening 1",
        "correctCount": 108,
        "startTime": 13,
        "songDuration": 86.620552,
        "songNumber": 22,
        "activePlayerCount": 217,
        "LinkVideo": "https://files.catbox.moe/baaa5i.webm",
        "LinkMp3": "https://files.catbox.moe/u5959l.mp3"
    },
    {
        "animeEng": "You're Under Arrest",
        "animeRomaji": "Taiho Shichau zo",
        "songName": "100mph no Yuuki",
        "artist": "Tokyo Policewoman Duo",
        "type": "Opening 1",
        "correctCount": 15,
        "startTime": 37,
        "songDuration": 100.056,
        "songNumber": 23,
        "activePlayerCount": 217,
        "LinkVideo": "https://files.catbox.moe/vv2whd.webm",
        "LinkMp3": "https://files.catbox.moe/68jmly.mp3"
    },
    {
        "animeEng": "22/7 (nanabun no nijy\u016bni)",
        "animeRomaji": "22/7",
        "songName": "Yume no Fune",
        "artist": "Mizuha Kuroaka",
        "type": "Ending 4",
        "correctCount": 28,
        "startTime": 29,
        "songDuration": 89.064,
        "songNumber": 24,
        "activePlayerCount": 216,
        "LinkVideo": "https://files.catbox.moe/s9b1od.webm",
        "LinkMp3": "https://files.catbox.moe/218t0j.mp3"
    },
    {
        "animeEng": "Utawarerumono: The False Faces",
        "animeRomaji": "Utawarerumono: Itsuwari no Kamen",
        "songName": "Nuedori",
        "artist": "Suara",
        "type": "Insert Song",
        "correctCount": 34,
        "startTime": 39,
        "songDuration": 93.048,
        "songNumber": 25,
        "activePlayerCount": 215,
        "LinkVideo": "https://files.catbox.moe/k5qy4k.webm",
        "LinkMp3": "https://files.catbox.moe/38cen2.mp3"
    },
    {
        "animeEng": "PERSONA5 the Animation -THE DAY BREAKERS-",
        "animeRomaji": "PERSONA5 the Animation -THE DAY BREAKERS-",
        "songName": "Wake Up, Get Up, Get Out There",
        "artist": "Lyn",
        "type": "Ending 1",
        "correctCount": 42,
        "startTime": 51,
        "songDuration": 88.296,
        "songNumber": 26,
        "activePlayerCount": 215,
        "LinkVideo": "https://files.catbox.moe/una2uk.webm",
        "LinkMp3": "https://files.catbox.moe/0b5rez.mp3"
    },
    {
        "animeEng": "The Relative Worlds",
        "animeRomaji": "S\u014dtai Sekai",
        "songName": "VIP KID",
        "artist": "REOL",
        "type": "Opening 1",
        "correctCount": 111,
        "startTime": 25,
        "songDuration": 93.816,
        "songNumber": 27,
        "activePlayerCount": 214,
        "LinkVideo": "https://files.catbox.moe/fnoh0e.webm",
        "LinkMp3": "https://files.catbox.moe/nygcrv.mp3"
    },
    {
        "animeEng": "M3 the dark metal",
        "animeRomaji": "M3 - Sono Kuroki Hagane",
        "songName": "Re:REMEMBER",
        "artist": "May'n",
        "type": "Opening 1",
        "correctCount": 21,
        "startTime": 46,
        "songDuration": 94.056,
        "songNumber": 28,
        "activePlayerCount": 215,
        "LinkVideo": "https://files.catbox.moe/42jbvw.webm",
        "LinkMp3": "https://files.catbox.moe/eeiilh.mp3"
    },
    {
        "animeEng": "Show By Rock!!#",
        "animeRomaji": "Show By Rock!!#",
        "songName": "Munasawagi Just\u2606Paradise",
        "artist": "Trichronika",
        "type": "Insert Song",
        "correctCount": 12,
        "startTime": 51,
        "songDuration": 92.064,
        "songNumber": 29,
        "activePlayerCount": 216,
        "LinkVideo": "https://files.catbox.moe/jisod7.webm",
        "LinkMp3": "https://files.catbox.moe/d9g3x8.mp3"
    },
    {
        "animeEng": "Beelzebub: Hirotta Akachan wa Daima\u014d!?",
        "animeRomaji": "Beelzebub: Hirotta Akachan wa Daima\u014d!?",
        "songName": "Appare\u2606Banch\u014dsanj\u014d! Beelzebub!",
        "artist": "Hiroaki Takeuchi",
        "type": "Opening 1",
        "correctCount": 23,
        "startTime": 42,
        "songDuration": 89.023776,
        "songNumber": 30,
        "activePlayerCount": 216,
        "LinkVideo": "https://files.catbox.moe/bo427a.webm",
        "LinkMp3": "https://files.catbox.moe/yqgw3i.mp3"
    },
    {
        "animeEng": "Air Gear: Kuro no Hane to Nemuri no Mori -Break on the Sky-",
        "animeRomaji": "Air Gear: Kuro no Hane to Nemuri no Mori -Break on the Sky-",
        "songName": "Sweet Home Battle Field",
        "artist": "a flood of circle",
        "type": "Ending 3",
        "correctCount": 4,
        "startTime": 29,
        "songDuration": 89.59846,
        "songNumber": 31,
        "activePlayerCount": 214,
        "LinkVideo": "https://files.catbox.moe/le57yi.webm",
        "LinkMp3": "https://files.catbox.moe/k7p0n1.mp3",
        "correctPlayers": [
            "xxxTuMyPxxx",
            "Kisidy",
            "Diukes",
            "OnlyDanganronpa"
        ]
    },
    {
        "animeEng": "Teeky\u016b",
        "animeRomaji": "Teeky\u016b",
        "songName": "Tsuppari-kun vs. Sekitori-man",
        "artist": "Yui Watanabe, Suzuko Mimori, Ky\u014dko Narumi, Kana Hanazawa",
        "type": "Opening 1",
        "correctCount": 149,
        "startTime": 0,
        "songDuration": 30.118666,
        "songNumber": 32,
        "activePlayerCount": 215,
        "LinkVideo": "https://files.catbox.moe/rq6tgp.webm",
        "LinkMp3": "https://files.catbox.moe/zu1d5j.mp3"
    },
    {
        "animeEng": "Captain Tsubasa",
        "animeRomaji": "Captain Tsubasa",
        "songName": "Moete Hero",
        "artist": "Yuuko Sanpei",
        "type": "Ending 1",
        "correctCount": 142,
        "startTime": 24,
        "songDuration": 88.919288,
        "songNumber": 33,
        "activePlayerCount": 215,
        "LinkVideo": "https://files.catbox.moe/e7a2ke.webm",
        "LinkMp3": "https://files.catbox.moe/vn3fay.mp3"
    },
    {
        "animeEng": "Shugo Chara!",
        "animeRomaji": "Shugo Chara!",
        "songName": "Honto no Jibun",
        "artist": "Buono!",
        "type": "Ending 1",
        "correctCount": 20,
        "startTime": 2,
        "songDuration": 88.656,
        "songNumber": 34,
        "activePlayerCount": 215,
        "LinkVideo": "https://files.catbox.moe/fcdhr8.webm",
        "LinkMp3": "https://files.catbox.moe/9hg90p.mp3"
    },
    {
        "animeEng": "Duel Masters King",
        "animeRomaji": "Duel Masters King",
        "songName": "No Rain, No Rainbow",
        "artist": "Nana Mizuki",
        "type": "Opening 2",
        "correctCount": 8,
        "startTime": 2,
        "songDuration": 88.728,
        "songNumber": 35,
        "activePlayerCount": 215,
        "LinkVideo": "https://files.catbox.moe/dcogk6.webm",
        "LinkMp3": "https://files.catbox.moe/r3fsqx.mp3"
    },
    {
        "animeEng": "eX-Driver",
        "animeRomaji": "\u00e9X-D",
        "songName": "Sniper",
        "artist": "MILK",
        "type": "Ending 1",
        "correctCount": 73,
        "startTime": 53,
        "songDuration": 111.288,
        "songNumber": 36,
        "activePlayerCount": 216,
        "LinkVideo": "https://files.catbox.moe/bh5036.webm",
        "LinkMp3": "https://files.catbox.moe/l8z3ud.mp3"
    },
    {
        "animeEng": "Dream Warrior Wingman",
        "animeRomaji": "Yume Senshi Wingman",
        "songName": "Aku! Retsu! Wingman",
        "artist": "Takayuki Miyauchi",
        "type": "Insert Song",
        "correctCount": 10,
        "startTime": 4,
        "songDuration": 58.670012,
        "songNumber": 37,
        "activePlayerCount": 216,
        "LinkVideo": "https://files.catbox.moe/6u6vo0.webm",
        "LinkMp3": "https://files.catbox.moe/vs9yf4.mp3"
    },
    {
        "animeEng": "Handsome Girl",
        "animeRomaji": "Handsome na Kanojo",
        "songName": "Maigo ni sasenaide",
        "artist": "Erika Haneda",
        "type": "Opening 1",
        "correctCount": 4,
        "startTime": 47,
        "songDuration": 110.064,
        "songNumber": 38,
        "activePlayerCount": 215,
        "LinkVideo": "https://files.catbox.moe/tyqfo9.webm",
        "LinkMp3": "https://files.catbox.moe/ug5dbk.mp3",
        "correctPlayers": [
            "sukisho",
            "OnlyFullMoon",
            "BUSHTUSH",
            "Namihater69"
        ]
    },
    {
        "animeEng": "Eagle Sam",
        "animeRomaji": "Eagle Sam",
        "songName": "J\u014dnetsu forever...",
        "artist": "Eagles",
        "type": "Opening 2",
        "correctCount": 0,
        "startTime": 1,
        "songDuration": 65.712,
        "songNumber": 39,
        "activePlayerCount": 215,
        "LinkVideo": "https://files.catbox.moe/ldz03n.webm",
        "LinkMp3": "https://files.catbox.moe/vxicre.mp3"
    },
    {
        "animeEng": "Bokurano",
        "animeRomaji": "Bokurano",
        "songName": "Uninstall",
        "artist": "Chiaki Ishikawa",
        "type": "Opening 1",
        "correctCount": 129,
        "startTime": 34,
        "songDuration": 88.368,
        "songNumber": 40,
        "activePlayerCount": 216,
        "LinkVideo": "https://files.catbox.moe/6tvx3r.webm",
        "LinkMp3": "https://files.catbox.moe/g7p9nf.mp3"
    },
    {
        "animeEng": "Line Offline Salaryman",
        "animeRomaji": "Line Offline Salaryman",
        "songName": "Aiueongaku\u266c",
        "artist": "GReeeeN",
        "type": "Opening 1",
        "correctCount": 31,
        "startTime": 0,
        "songDuration": 28.446858,
        "songNumber": 41,
        "activePlayerCount": 216,
        "LinkVideo": "https://files.catbox.moe/oh3f4x.webm",
        "LinkMp3": "https://files.catbox.moe/vbpkct.mp3"
    },
    {
        "animeEng": "Crayon Shin-chan: Densetsu o Yobu Odore! Amigo!",
        "animeRomaji": "Crayon Shin-chan: Densetsu o Yobu Odore! Amigo!",
        "songName": "Yuru Yuru DE-O!",
        "artist": "Akiko Yajima",
        "type": "Opening 1",
        "correctCount": 195,
        "startTime": 1,
        "songDuration": 60.576,
        "songNumber": 42,
        "activePlayerCount": 216,
        "LinkVideo": "https://files.catbox.moe/y4st9i.webm",
        "LinkMp3": "https://files.catbox.moe/hblu4o.mp3"
    },
    {
        "animeEng": "Puzzle & Dragons X",
        "animeRomaji": "Pazudora Cross",
        "songName": "Colors",
        "artist": "Lenny code fiction",
        "type": "Opening 2",
        "correctCount": 8,
        "startTime": 24,
        "songDuration": 88.997654,
        "songNumber": 43,
        "activePlayerCount": 215,
        "LinkVideo": "https://files.catbox.moe/b91pcw.webm",
        "LinkMp3": "https://files.catbox.moe/2w49tc.mp3"
    },
    {
        "animeEng": "Gakuen Handsome",
        "animeRomaji": "Gakuen Handsome",
        "songName": "GET!! Yume & Dream",
        "artist": "Sh\u014d Kagami",
        "type": "Opening 1",
        "correctCount": 83,
        "startTime": 0,
        "songDuration": 29.424,
        "songNumber": 44,
        "activePlayerCount": 217,
        "LinkVideo": "https://files.catbox.moe/w87f3g.webm",
        "LinkMp3": "https://files.catbox.moe/jjdw9x.mp3"
    },
    {
        "animeEng": "Comic Girls",
        "animeRomaji": "Comic Girls",
        "songName": "Memories",
        "artist": "Comic Girls",
        "type": "Opening 1",
        "correctCount": 81,
        "startTime": 53,
        "songDuration": 87.822164,
        "songNumber": 45,
        "activePlayerCount": 216,
        "LinkVideo": "https://files.catbox.moe/mvqgoy.webm",
        "LinkMp3": "https://files.catbox.moe/4ye573.mp3"
    },
    {
        "animeEng": "Cagaster of an Insect Cage",
        "animeRomaji": "Mushikago no Cagaster",
        "songName": "Okuby\u014d na \u014ckami 2019",
        "artist": "Hilcrhyme",
        "type": "Ending 1",
        "correctCount": 17,
        "startTime": 18,
        "songDuration": 127.872,
        "songNumber": 46,
        "activePlayerCount": 216,
        "LinkVideo": "https://files.catbox.moe/v2ccxv.webm",
        "LinkMp3": "https://files.catbox.moe/bnco8z.mp3"
    },
    {
        "animeEng": "The Rebirth of Buddha",
        "animeRomaji": "Buddha Saitan",
        "songName": "Satori ni Challenge",
        "artist": "Woo Sung Min",
        "type": "Ending 1",
        "correctCount": 0,
        "startTime": 279,
        "songDuration": 387.408,
        "songNumber": 47,
        "activePlayerCount": 215,
        "LinkVideo": "https://files.catbox.moe/3trie9.webm",
        "LinkMp3": "https://files.catbox.moe/nmlgbd.mp3"
    },
    {
        "animeEng": "Neon Genesis Evangelion: The End of Evangelion",
        "animeRomaji": "Shinseiki Evangelion Gekij\u014dban: The End of Evangelion: Air/Magokoro o, Kimi ni",
        "songName": "Komm, s\u00fcsser Tod",
        "artist": "ARIANNE",
        "type": "Insert Song",
        "correctCount": 83,
        "startTime": 340,
        "songDuration": 459.09415,
        "songNumber": 48,
        "activePlayerCount": 213,
        "LinkVideo": "https://files.catbox.moe/erfx0v.webm",
        "LinkMp3": "https://files.catbox.moe/tofn88.mp3"
    },
    {
        "animeEng": "Kannagi",
        "animeRomaji": "Kannagi",
        "songName": "motto\u2606Hade ni ne!",
        "artist": "Haruka Tomatsu",
        "type": "Opening 1",
        "correctCount": 64,
        "startTime": 20,
        "songDuration": 89.28,
        "songNumber": 49,
        "activePlayerCount": 212,
        "LinkVideo": "https://files.catbox.moe/25ro6c.webm",
        "LinkMp3": "https://files.catbox.moe/4fp8fq.mp3"
    },
    {
        "animeEng": "Pretty Guardian Sailor Moon Crystal",
        "animeRomaji": "Bish\u014djo Senshi Sailor Moon Crystal",
        "songName": "MOON PRIDE!",
        "artist": "Momoiro Clover Z",
        "type": "Opening 1",
        "correctCount": 85,
        "startTime": 22,
        "songDuration": 86.016,
        "songNumber": 50,
        "activePlayerCount": 210,
        "LinkVideo": "https://files.catbox.moe/xtsqly.webm",
        "LinkMp3": "https://files.catbox.moe/eei3gq.mp3"
    },
    {
        "animeEng": "BanG Dream! 3rd Season",
        "animeRomaji": "BanG Dream! 3rd Season",
        "songName": "FIRE BIRD",
        "artist": "Roselia",
        "type": "Ending 2",
        "correctCount": 89,
        "startTime": 1,
        "songDuration": 88.944,
        "songNumber": 51,
        "activePlayerCount": 211,
        "LinkVideo": "https://files.catbox.moe/e3u5rq.webm",
        "LinkMp3": "https://files.catbox.moe/0qwdej.mp3"
    },
    {
        "animeEng": "PERSONA5 the Animation: Proof of Justice",
        "animeRomaji": "PERSONA5 the Animation: Proof of Justice",
        "songName": "Dark Sun...",
        "artist": "Lyn",
        "type": "Opening 1",
        "correctCount": 164,
        "startTime": 2,
        "songDuration": 87.613188,
        "songNumber": 52,
        "activePlayerCount": 211,
        "LinkVideo": "https://files.catbox.moe/hstkrv.webm",
        "LinkMp3": "https://files.catbox.moe/ewf3kz.mp3"
    },
    {
        "animeEng": "Kinnikuman Nisei - Ultimate Muscle 2",
        "animeRomaji": "Kinnikuman Nisei - Ultimate Muscle 2",
        "songName": "Chikai no Tsuki",
        "artist": "Kagrra,",
        "type": "Ending 1",
        "correctCount": 1,
        "startTime": 15,
        "songDuration": 73.944,
        "songNumber": 53,
        "activePlayerCount": 211,
        "LinkVideo": "https://files.catbox.moe/mxpj08.webm",
        "LinkMp3": "https://files.catbox.moe/wzr1ee.mp3",
        "correctPlayers": [
            "OnlyDanganronpa"
        ]
    },
    {
        "animeEng": "Black Jack",
        "animeRomaji": "Black Jack",
        "songName": "clover",
        "artist": "hiro",
        "type": "Ending 2",
        "correctCount": 17,
        "startTime": 60,
        "songDuration": 94.488,
        "songNumber": 54,
        "activePlayerCount": 210,
        "LinkVideo": "https://files.catbox.moe/p16ih8.webm",
        "LinkMp3": "https://files.catbox.moe/0ix30e.mp3"
    },
    {
        "animeEng": "Wave, Listen to Me!",
        "animeRomaji": "Nami yo Kiite Kure",
        "songName": "Pride",
        "artist": "Harumi",
        "type": "Ending 1",
        "correctCount": 38,
        "startTime": 0,
        "songDuration": 88.92,
        "songNumber": 55,
        "activePlayerCount": 210,
        "LinkVideo": "https://files.catbox.moe/8qfm5l.webm",
        "LinkMp3": "https://files.catbox.moe/gz4rwn.mp3"
    },
    {
        "animeEng": "Mazinger Z tai Devilman",
        "animeRomaji": "Mazinger Z tai Devilman",
        "songName": "Soratobu Mazinger Z",
        "artist": "Ichiro Mizuki & Columbia Yurikago-Kai",
        "type": "Ending 1",
        "correctCount": 161,
        "startTime": 48,
        "songDuration": 137.208,
        "songNumber": 56,
        "activePlayerCount": 211,
        "LinkVideo": "https://files.catbox.moe/xg8cri.webm",
        "LinkMp3": "https://files.catbox.moe/54e7ee.mp3"
    },
    {
        "animeEng": "CLAMP in Wonderland",
        "animeRomaji": "CLAMP in Wonderland",
        "songName": "Anata dake no WONDERLAND",
        "artist": "Junko Hirotani",
        "type": "Opening 1",
        "correctCount": 27,
        "startTime": 75,
        "songDuration": 221.064,
        "songNumber": 57,
        "activePlayerCount": 211,
        "LinkVideo": "https://files.catbox.moe/7ybwmz.webm",
        "LinkMp3": "https://files.catbox.moe/0sleb5.mp3"
    },
    {
        "animeEng": "Cockroach Girls",
        "animeRomaji": "Gokicha!!",
        "songName": "Gokkyun! Days",
        "artist": "Mamiko Noto",
        "type": "Opening 1",
        "correctCount": 67,
        "startTime": 0,
        "songDuration": 29.592,
        "songNumber": 58,
        "activePlayerCount": 210,
        "LinkVideo": "https://files.catbox.moe/jzo84l.webm",
        "LinkMp3": "https://files.catbox.moe/v2p3cd.mp3"
    },
    {
        "animeEng": "BanG Dream!",
        "animeRomaji": "BanG Dream!",
        "songName": "Glee! Glee! Glee!",
        "artist": "Glitter*Green",
        "type": "Insert Song",
        "correctCount": 38,
        "startTime": 7,
        "songDuration": 48.639164,
        "songNumber": 59,
        "activePlayerCount": 209,
        "LinkVideo": "https://files.catbox.moe/lblcgm.webm",
        "LinkMp3": "https://files.catbox.moe/vus81x.mp3"
    },
    {
        "animeEng": "BONJOUR Sweet Love Patisserie",
        "animeRomaji": "BONJOUR Sweet Love Patisserie",
        "songName": "Bonjour\u266aMagic",
        "artist": "Les*Fleurirs",
        "type": "Opening 1",
        "correctCount": 139,
        "startTime": 0,
        "songDuration": 29.52,
        "songNumber": 60,
        "activePlayerCount": 209,
        "LinkVideo": "https://files.catbox.moe/8oloz0.webm",
        "LinkMp3": "https://files.catbox.moe/959z9v.mp3"
    },
    {
        "animeEng": "Shugo Chara!",
        "animeRomaji": "Shugo Chara!",
        "songName": "Kokoro no Tamago",
        "artist": "Buono!",
        "type": "Opening 1",
        "correctCount": 70,
        "startTime": 45,
        "songDuration": 88.968,
        "songNumber": 61,
        "activePlayerCount": 210,
        "LinkVideo": "https://files.catbox.moe/wgmltu.webm",
        "LinkMp3": "https://files.catbox.moe/mw431y.mp3"
    },
    {
        "animeEng": "HappinessCharge Precure!",
        "animeRomaji": "HappinessCharge Precure!",
        "songName": "Party Has Come",
        "artist": "Hitomi Yoshida",
        "type": "Ending 2",
        "correctCount": 10,
        "startTime": 36,
        "songDuration": 88.776,
        "songNumber": 62,
        "activePlayerCount": 210,
        "LinkVideo": "https://files.catbox.moe/g4ffic.webm",
        "LinkMp3": "https://files.catbox.moe/3b20sa.mp3"
    },
    {
        "animeEng": "Case Closed",
        "animeRomaji": "Meitantei Conan",
        "songName": "Misty Mystery",
        "artist": "GARNET CROW",
        "type": "Opening 32",
        "correctCount": 66,
        "startTime": 56,
        "songDuration": 114.816,
        "songNumber": 63,
        "activePlayerCount": 210,
        "LinkVideo": "https://files.catbox.moe/0yhp2w.webm",
        "LinkMp3": "https://files.catbox.moe/xzbjbq.mp3"
    },
    {
        "animeEng": "Pro Golfer Saru",
        "animeRomaji": "Pro Golfer Saru",
        "songName": "Yume wo Kachitor\u014d",
        "artist": "Ichiro Mizuki",
        "type": "Opening 1",
        "correctCount": 9,
        "startTime": 6,
        "songDuration": 58.2,
        "songNumber": 64,
        "activePlayerCount": 210,
        "LinkVideo": "https://files.catbox.moe/a399nh.webm",
        "LinkMp3": "https://files.catbox.moe/x4ei6x.mp3"
    },
    {
        "animeEng": "One Off",
        "animeRomaji": "One Off",
        "songName": "Yakusoku no Basho",
        "artist": "ROUND TABLE featuring Nino",
        "type": "Opening 1",
        "correctCount": 18,
        "startTime": 14,
        "songDuration": 82.56,
        "songNumber": 65,
        "activePlayerCount": 210,
        "LinkVideo": "https://files.catbox.moe/zyt22a.webm",
        "LinkMp3": "https://files.catbox.moe/90vjnz.mp3"
    },
    {
        "animeEng": "Macross Plus",
        "animeRomaji": "Macross Plus",
        "songName": "Santi-U",
        "artist": "Gabriela Robin",
        "type": "Insert Song",
        "correctCount": 22,
        "startTime": 25,
        "songDuration": 150.048,
        "songNumber": 66,
        "activePlayerCount": 210,
        "LinkVideo": "https://files.catbox.moe/00vpu6.webm",
        "LinkMp3": "https://files.catbox.moe/nt8m35.mp3"
    },
    {
        "animeEng": "Yu-Gi-Oh!",
        "animeRomaji": "Yu-Gi-Oh!",
        "songName": "Kawaita Sakebi",
        "artist": "FIELD OF VIEW",
        "type": "Opening 1",
        "correctCount": 106,
        "startTime": 24,
        "songDuration": 69.456,
        "songNumber": 67,
        "activePlayerCount": 210,
        "LinkVideo": "https://files.catbox.moe/ydvo2p.webm",
        "LinkMp3": "https://files.catbox.moe/mq5zxi.mp3"
    },
    {
        "animeEng": "Sakura Taisen: Sumire",
        "animeRomaji": "Sakura Taisen: Kanzaki Sumire Intai Kinen - Su Mi Re",
        "songName": "Center Spot",
        "artist": "Michie Tomizawa",
        "type": "Ending 2",
        "correctCount": 16,
        "startTime": 0,
        "songDuration": 27.168,
        "songNumber": 68,
        "activePlayerCount": 210,
        "LinkVideo": "https://files.catbox.moe/ztbq4x.webm",
        "LinkMp3": "https://files.catbox.moe/r3u4hy.mp3"
    },
    {
        "animeEng": "Somali and the Forest Spirit",
        "animeRomaji": "Somali to Mori no Kamisama",
        "songName": "Arigat\u014d wa Kocchi no Kotoba",
        "artist": "Naotar\u014d Moriyama",
        "type": "Opening 1",
        "correctCount": 113,
        "startTime": 49,
        "songDuration": 89.784,
        "songNumber": 69,
        "activePlayerCount": 210,
        "LinkVideo": "https://files.catbox.moe/066kvh.webm",
        "LinkMp3": "https://files.catbox.moe/vwhngo.mp3"
    },
    {
        "animeEng": "Btooom!",
        "animeRomaji": "Btooom!",
        "songName": "Aozora",
        "artist": "May'n",
        "type": "Ending 1",
        "correctCount": 51,
        "startTime": 17,
        "songDuration": 90.199266,
        "songNumber": 70,
        "activePlayerCount": 210,
        "LinkVideo": "https://files.catbox.moe/7u7c7d.webm",
        "LinkMp3": "https://files.catbox.moe/rhfn03.mp3"
    },
    {
        "animeEng": "GIBIATE",
        "animeRomaji": "GIBIATE",
        "songName": "GIBIATE",
        "artist": "Yoshida Brothers feat. SUGIZO",
        "type": "Opening 1",
        "correctCount": 77,
        "startTime": 42,
        "songDuration": 87.264,
        "songNumber": 71,
        "activePlayerCount": 210,
        "LinkVideo": "https://files.catbox.moe/u97clp.webm",
        "LinkMp3": "https://files.catbox.moe/wphcko.mp3"
    },
    {
        "animeEng": "Aikatsu Friends!: Kagayaki no Jewel",
        "animeRomaji": "Aikatsu Friends!: Kagayaki no Jewel",
        "songName": "Aikatsu Friends!",
        "artist": "Aine\u30fbMio from BEST FRIENDS!",
        "type": "Insert Song",
        "correctCount": 30,
        "startTime": 58,
        "songDuration": 110.976,
        "songNumber": 72,
        "activePlayerCount": 210,
        "LinkVideo": "https://files.catbox.moe/emzozf.webm",
        "LinkMp3": "https://files.catbox.moe/agya28.mp3"
    },
    {
        "animeEng": "The Tower of Druaga: the Sword of Uruk",
        "animeRomaji": "Druaga no T\u014d: the Sword of URUK",
        "songName": "SWINGING",
        "artist": "Muramasa\u2606",
        "type": "Ending 2",
        "correctCount": 27,
        "startTime": 64,
        "songDuration": 182.436048,
        "songNumber": 73,
        "activePlayerCount": 210,
        "LinkVideo": "https://files.catbox.moe/byshdk.webm",
        "LinkMp3": "https://files.catbox.moe/hd0t1h.mp3"
    },
    {
        "animeEng": "Magical Girl Lyrical Nanoha ViVid",
        "animeRomaji": "Mah\u014d Sh\u014djo Lyrical Nanoha ViVid",
        "songName": "Angel Blossom",
        "artist": "Nana Mizuki",
        "type": "Opening 1",
        "correctCount": 34,
        "startTime": 36,
        "songDuration": 88.512,
        "songNumber": 74,
        "activePlayerCount": 210,
        "LinkVideo": "https://files.catbox.moe/vvjos2.webm",
        "LinkMp3": "https://files.catbox.moe/unpd5b.mp3"
    },
    {
        "animeEng": "Overlord III",
        "animeRomaji": "Overlord III",
        "songName": "Silent Solitude",
        "artist": "OxT",
        "type": "Ending 1",
        "correctCount": 118,
        "startTime": 20,
        "songDuration": 89.568,
        "songNumber": 75,
        "activePlayerCount": 207,
        "LinkVideo": "https://files.catbox.moe/neczat.webm",
        "LinkMp3": "https://files.catbox.moe/foodgx.mp3"
    }
]