[
    {
        "animeEng": "MAN WITH A MISSION THE ANIMATION",
        "animeRomaji": "MAN WITH A MISSION THE ANIMATION",
        "songName": "WELCOME TO THE NEWWORLD",
        "artist": "MAN WITH A MISSION",
        "type": "Insert Song",
        "correctCount": 54,
        "startTime": 4,
        "songDuration": 37.32,
        "songNumber": 1,
        "activePlayerCount": 200,
        "LinkVideo": "https://files.catbox.moe/bll1n1.webm",
        "LinkMp3": "https://files.catbox.moe/r8lkoh.mp3"
    },
    {
        "animeEng": "And They're Off! Powerpuff Girls Z",
        "animeRomaji": "Demashitaa! Powerpuff Girls Z",
        "songName": "Mayonaka no Door",
        "artist": "Yifei",
        "type": "Ending 1",
        "correctCount": 9,
        "startTime": 49,
        "songDuration": 86.088,
        "songNumber": 2,
        "activePlayerCount": 199,
        "LinkVideo": "https://files.catbox.moe/e8hhd6.webm",
        "LinkMp3": "https://files.catbox.moe/wuak7j.mp3"
    },
    {
        "animeEng": "Pretty Rhythm Dear My Future",
        "animeRomaji": "Pretty Rhythm Dear My Future",
        "songName": "cheer!yeah!\u00d72",
        "artist": "COSMOs",
        "type": "Insert Song",
        "correctCount": 10,
        "startTime": 68,
        "songDuration": 154.8,
        "songNumber": 3,
        "activePlayerCount": 200,
        "LinkVideo": "https://files.catbox.moe/7xd2li.webm",
        "LinkMp3": "https://files.catbox.moe/xaerbf.mp3"
    },
    {
        "animeEng": "Obake Zukan",
        "animeRomaji": "Obake Zukan",
        "songName": "Obake Zukan no Uta",
        "artist": "Nana Mizuki",
        "type": "Opening 2",
        "correctCount": 60,
        "startTime": 0,
        "songDuration": 29.496,
        "songNumber": 4,
        "activePlayerCount": 200,
        "LinkVideo": "https://files.catbox.moe/1vh7db.webm",
        "LinkMp3": "https://files.catbox.moe/gadh1s.mp3"
    },
    {
        "animeEng": "Chibits",
        "animeRomaji": "Chibits",
        "songName": "Let Me Be With You",
        "artist": "ROUND TABLE featuring Nino",
        "type": "Opening 1",
        "correctCount": 167,
        "startTime": 0,
        "songDuration": 16.368,
        "songNumber": 5,
        "activePlayerCount": 198,
        "LinkVideo": "https://files.catbox.moe/yuzpfx.webm",
        "LinkMp3": "https://files.catbox.moe/x0w350.mp3"
    },
    {
        "animeEng": "Tenjho Tenge",
        "animeRomaji": "Tenjho Tenge",
        "songName": "Bomb A Head! V",
        "artist": "m.c.A\u00b7T",
        "type": "Opening 1",
        "correctCount": 145,
        "startTime": 28,
        "songDuration": 88.392,
        "songNumber": 6,
        "activePlayerCount": 197,
        "LinkVideo": "https://files.catbox.moe/tn1wok.webm",
        "LinkMp3": "https://files.catbox.moe/mgm6ju.mp3"
    },
    {
        "animeEng": "Rage of Bahamut: Genesis",
        "animeRomaji": "Shingeki no Bahamut Genesis",
        "songName": "EXiSTENCE",
        "artist": "SiM",
        "type": "Opening 1",
        "correctCount": 103,
        "startTime": 25,
        "songDuration": 89.712,
        "songNumber": 7,
        "activePlayerCount": 197,
        "LinkVideo": "https://files.catbox.moe/kd57ng.webm",
        "LinkMp3": "https://files.catbox.moe/vz7256.mp3"
    },
    {
        "animeEng": "Jormungand Perfect Order",
        "animeRomaji": "Jormungand Perfect Order",
        "songName": "UNDER/SHAFT",
        "artist": "Maon Kurosaki",
        "type": "Opening 1",
        "correctCount": 30,
        "startTime": 5,
        "songDuration": 89.064,
        "songNumber": 8,
        "activePlayerCount": 196,
        "LinkVideo": "https://files.catbox.moe/fojr1t.webm",
        "LinkMp3": "https://files.catbox.moe/vnlfyc.mp3"
    },
    {
        "animeEng": "Dagashi Kashi",
        "animeRomaji": "Dagashi Kashi",
        "songName": "Hey! Calorie Queen",
        "artist": "Ayana Taketatsu",
        "type": "Ending 1",
        "correctCount": 63,
        "startTime": 28,
        "songDuration": 90.144,
        "songNumber": 9,
        "activePlayerCount": 195,
        "LinkVideo": "https://files.catbox.moe/oc4x7b.webm",
        "LinkMp3": "https://files.catbox.moe/ord7mc.mp3"
    },
    {
        "animeEng": "The Heroic Legend of Arslan: Dust Storm Dance",
        "animeRomaji": "Arslan Senki: F\u016bjin Ranbu",
        "songName": "Tsubasa",
        "artist": "Eir Aoi",
        "type": "Opening 1",
        "correctCount": 62,
        "startTime": 11,
        "songDuration": 86.934016,
        "songNumber": 10,
        "activePlayerCount": 195,
        "LinkVideo": "https://files.catbox.moe/73w7ye.webm",
        "LinkMp3": "https://files.catbox.moe/cnd436.mp3"
    },
    {
        "animeEng": "Hakkenden: Eight Dogs of the East",
        "animeRomaji": "Hakkenden: T\u014dh\u014d Hakken Ibun",
        "songName": "Hany\u016b no Yado",
        "artist": "Ayahi Takagaki",
        "type": "Insert Song",
        "correctCount": 4,
        "startTime": 5,
        "songDuration": 41.064,
        "songNumber": 11,
        "activePlayerCount": 194,
        "LinkVideo": "https://files.catbox.moe/a2xq23.webm",
        "LinkMp3": "https://files.catbox.moe/0qx6y8.mp3",
        "correctPlayers": [
            "fheg",
            "tingy",
            "kosem",
            "jun209"
        ]
    },
    {
        "animeEng": "The Miyakawa Family's Hunger",
        "animeRomaji": "Miyakawa-ke no K\u016bfuku",
        "songName": "KACHIGUMI",
        "artist": "Aya Hirano & Emiri Kat\u014d",
        "type": "Opening 1",
        "correctCount": 25,
        "startTime": 27,
        "songDuration": 90.24,
        "songNumber": 12,
        "activePlayerCount": 196,
        "LinkVideo": "https://files.catbox.moe/irzmoe.webm",
        "LinkMp3": "https://files.catbox.moe/fk4mye.mp3"
    },
    {
        "animeEng": "Healin' Good Pretty Cure",
        "animeRomaji": "Healin' Good Precure",
        "songName": "Healin' Good\u2665Precure Touch!!",
        "artist": "Rie Kitagawa",
        "type": "Opening 1",
        "correctCount": 119,
        "startTime": 43,
        "songDuration": 88.992,
        "songNumber": 13,
        "activePlayerCount": 195,
        "LinkVideo": "https://files.catbox.moe/blh7au.webm",
        "LinkMp3": "https://files.catbox.moe/qq19za.mp3"
    },
    {
        "animeEng": "Detective Conan: A Challenge from Agasa",
        "animeRomaji": "Meitantei Conan: Agasa kara no Ch\u014dsenj\u014d! Agasa vs. Conan & Sh\u014dnen Tanteidan",
        "songName": "Shiroi Yuki",
        "artist": "Mai Kuraki",
        "type": "Ending 1",
        "correctCount": 84,
        "startTime": 30,
        "songDuration": 83.928,
        "songNumber": 14,
        "activePlayerCount": 195,
        "LinkVideo": "https://files.catbox.moe/7ufiur.webm",
        "LinkMp3": "https://files.catbox.moe/nkklac.mp3"
    },
    {
        "animeEng": "BBK/BRNK",
        "animeRomaji": "Bubuki Buranki",
        "songName": "Beat your Heart",
        "artist": "Konomi Suzuki",
        "type": "Opening 1",
        "correctCount": 66,
        "startTime": 48,
        "songDuration": 89.04,
        "songNumber": 15,
        "activePlayerCount": 195,
        "LinkVideo": "https://files.catbox.moe/85mwhy.webm",
        "LinkMp3": "https://files.catbox.moe/fsik97.mp3"
    },
    {
        "animeEng": "God Eater",
        "animeRomaji": "God Eater",
        "songName": "NO WAY",
        "artist": "GHOST ORACLE DRIVE",
        "type": "Insert Song",
        "correctCount": 48,
        "startTime": 24,
        "songDuration": 71.136,
        "songNumber": 16,
        "activePlayerCount": 195,
        "LinkVideo": "https://files.catbox.moe/oketw3.webm",
        "LinkMp3": "https://files.catbox.moe/e1l8nm.mp3"
    },
    {
        "animeEng": "Aquarian Age - Sign for Evolution",
        "animeRomaji": "Aquarian Age - Sign for Evolution",
        "songName": "Darklore",
        "artist": "Kaori Nishina",
        "type": "Insert Song",
        "correctCount": 4,
        "startTime": 29,
        "songDuration": 78.696,
        "songNumber": 17,
        "activePlayerCount": 195,
        "LinkVideo": "https://files.catbox.moe/dr9yq2.webm",
        "LinkMp3": "https://files.catbox.moe/8gdzki.mp3",
        "correctPlayers": [
            "Lika",
            "Woonoo",
            "yeims",
            "80s"
        ]
    },
    {
        "animeEng": "Amazing Nuts!",
        "animeRomaji": "Amazing Nuts!",
        "songName": "Smile Again",
        "artist": "RAM RIDER",
        "type": "Insert Song",
        "correctCount": 4,
        "startTime": 5,
        "songDuration": 46.549404,
        "songNumber": 18,
        "activePlayerCount": 194,
        "LinkVideo": "https://files.catbox.moe/ghkp6m.webm",
        "LinkMp3": "https://files.catbox.moe/z2l770.mp3",
        "correctPlayers": [
            "Soukyu",
            "yeims",
            "Wolferine",
            "OnlyKeitaiShoujo"
        ]
    },
    {
        "animeEng": "Fortune Dogs",
        "animeRomaji": "Fortune Dogs",
        "songName": "Chigau Yume",
        "artist": "Umeno Yoshizawa",
        "type": "Ending 1",
        "correctCount": 0,
        "startTime": 18,
        "songDuration": 89.568,
        "songNumber": 19,
        "activePlayerCount": 193,
        "LinkVideo": "https://files.catbox.moe/ryuc9b.webm",
        "LinkMp3": "https://files.catbox.moe/og1331.mp3"
    },
    {
        "animeEng": "Princess Tutu",
        "animeRomaji": "Princess Tutu",
        "songName": "Morning Grace",
        "artist": "Ritsuko Okazaki",
        "type": "Opening 1",
        "correctCount": 74,
        "startTime": 50,
        "songDuration": 104.688,
        "songNumber": 20,
        "activePlayerCount": 192,
        "LinkVideo": "https://files.catbox.moe/nrd66t.webm",
        "LinkMp3": "https://files.catbox.moe/r56qwt.mp3"
    },
    {
        "animeEng": "Senki Zessh\u014d Symphogear XV",
        "animeRomaji": "Senki Zessh\u014d Symphogear XV",
        "songName": "Cutting Edge\u00d72 Ready go!",
        "artist": "Yoshino Nanj\u014d \u00d7 Ai Kayano",
        "type": "Insert Song",
        "correctCount": 24,
        "startTime": 6,
        "songDuration": 147.072,
        "songNumber": 21,
        "activePlayerCount": 191,
        "LinkVideo": "https://files.catbox.moe/dk5ngg.webm",
        "LinkMp3": "https://files.catbox.moe/9585kb.mp3"
    },
    {
        "animeEng": "Japan Sinks: 2020",
        "animeRomaji": "Nihon Chinbotsu 2020",
        "songName": "a life",
        "artist": "Ryuichi Sakamoto & Taeko Ohnuki",
        "type": "Opening 1",
        "correctCount": 40,
        "startTime": 2,
        "songDuration": 77.184,
        "songNumber": 22,
        "activePlayerCount": 190,
        "LinkVideo": "https://files.catbox.moe/ztff19.webm",
        "LinkMp3": "https://files.catbox.moe/encyah.mp3"
    },
    {
        "animeEng": "Fairy gone",
        "animeRomaji": "Fairy gone",
        "songName": "Backtrack",
        "artist": "(K)NoW_NAME:AIJ",
        "type": "Insert Song",
        "correctCount": 41,
        "startTime": 205,
        "songDuration": 307.248,
        "songNumber": 23,
        "activePlayerCount": 189,
        "LinkVideo": "https://files.catbox.moe/v5swuq.webm",
        "LinkMp3": "https://files.catbox.moe/zyshvy.mp3"
    },
    {
        "animeEng": "Detective Conan - Episode One: The Great Detective Turned Small",
        "animeRomaji": "Meitantei Conan Episode One: Chiisaku Natta Meitantei",
        "songName": "Mune ga Dokidoki",
        "artist": "the High-Lows",
        "type": "Opening 1",
        "correctCount": 74,
        "startTime": 1,
        "songDuration": 88.152,
        "songNumber": 24,
        "activePlayerCount": 189,
        "LinkVideo": "https://files.catbox.moe/owxyt9.webm",
        "LinkMp3": "https://files.catbox.moe/8oivrm.mp3"
    },
    {
        "animeEng": "Popee the Performer",
        "animeRomaji": "Popee the Performer",
        "songName": "Popee the Clown (Original Version)",
        "artist": "Tsuneo Aoyagi",
        "type": "Opening 1",
        "correctCount": 106,
        "startTime": 0,
        "songDuration": 30.096,
        "songNumber": 25,
        "activePlayerCount": 191,
        "LinkVideo": "https://files.catbox.moe/gcyldf.webm",
        "LinkMp3": "https://files.catbox.moe/17dci8.mp3"
    },
    {
        "animeEng": "Toriko",
        "animeRomaji": "Toriko",
        "songName": "Guts Guts!!",
        "artist": "Akira Kushida",
        "type": "Opening 1",
        "correctCount": 80,
        "startTime": 41,
        "songDuration": 83.424,
        "songNumber": 26,
        "activePlayerCount": 190,
        "LinkVideo": "https://files.catbox.moe/1i5vfp.webm",
        "LinkMp3": "https://files.catbox.moe/r7lwsq.mp3"
    },
    {
        "animeEng": "Pok\u00e9mon",
        "animeRomaji": "Pok\u00e9mon",
        "songName": "Pok\u00e9mon Theme",
        "artist": "Jason Paige",
        "type": "Opening 1",
        "correctCount": 181,
        "startTime": 24,
        "songDuration": 60.696,
        "songNumber": 27,
        "activePlayerCount": 191,
        "LinkVideo": "https://files.catbox.moe/vyudhr.webm",
        "LinkMp3": "https://files.catbox.moe/yjxs9q.mp3"
    },
    {
        "animeEng": "Joker Game",
        "animeRomaji": "Joker Game",
        "songName": "Reason Triangle",
        "artist": "QUADRANGLE",
        "type": "Opening 1",
        "correctCount": 107,
        "startTime": 8,
        "songDuration": 88.968,
        "songNumber": 28,
        "activePlayerCount": 191,
        "LinkVideo": "https://files.catbox.moe/onihda.webm",
        "LinkMp3": "https://files.catbox.moe/mpj360.mp3"
    },
    {
        "animeEng": "Seven Mortal Sins",
        "animeRomaji": "sin Nanatsu no Taizai",
        "songName": "My Sweet Maiden",
        "artist": "Mia REGINA",
        "type": "Opening 1",
        "correctCount": 53,
        "startTime": 31,
        "songDuration": 88.995313,
        "songNumber": 29,
        "activePlayerCount": 192,
        "LinkVideo": "https://files.catbox.moe/fjy2vq.webm",
        "LinkMp3": "https://files.catbox.moe/a65x1p.mp3"
    },
    {
        "animeEng": "When They Cry: Outbreak",
        "animeRomaji": "Higurashi no Naku Koro ni Kaku: Outbreak",
        "songName": "you -Visionen im Spiegel",
        "artist": "Yuzuki",
        "type": "Ending 1",
        "correctCount": 70,
        "startTime": 134,
        "songDuration": 228.264,
        "songNumber": 30,
        "activePlayerCount": 191,
        "LinkVideo": "https://files.catbox.moe/ijoaiq.webm",
        "LinkMp3": "https://files.catbox.moe/g5tx9e.mp3"
    },
    {
        "animeEng": "Dream 9 Toriko & One Piece & Dragon Ball Z Super Collaboration Special!!",
        "animeRomaji": "Dream 9 Toriko & One Piece & Dragon Ball Z Super Collaboration Special!!",
        "songName": "We Go!",
        "artist": "Hiroshi Kitadani",
        "type": "Ending 1",
        "correctCount": 16,
        "startTime": 73,
        "songDuration": 148.416,
        "songNumber": 31,
        "activePlayerCount": 191,
        "LinkVideo": "https://files.catbox.moe/vqdfrp.webm",
        "LinkMp3": "https://files.catbox.moe/dcgo1i.mp3"
    },
    {
        "animeEng": "OZMAFIA!!",
        "animeRomaji": "OZMAFIA!!",
        "songName": "Love You Tomorrow",
        "artist": "Article One",
        "type": "Ending 3",
        "correctCount": 10,
        "startTime": 0,
        "songDuration": 29.352,
        "songNumber": 32,
        "activePlayerCount": 191,
        "LinkVideo": "https://files.catbox.moe/5ox47h.webm",
        "LinkMp3": "https://files.catbox.moe/kvu6c3.mp3"
    },
    {
        "animeEng": "From the New World",
        "animeRomaji": "Shin Sekai Yori",
        "songName": "Wareta Ringo",
        "artist": "Risa Taneda",
        "type": "Ending 1",
        "correctCount": 124,
        "startTime": 15,
        "songDuration": 89.04,
        "songNumber": 33,
        "activePlayerCount": 192,
        "LinkVideo": "https://files.catbox.moe/tmas1a.webm",
        "LinkMp3": "https://files.catbox.moe/7zsh0h.mp3"
    },
    {
        "animeEng": "Legend of the Galactic Heroes Gaiden",
        "animeRomaji": "Ginga Eiy\u016b Densetsu Gaiden",
        "songName": "Yakusoku Sareta Mirai",
        "artist": "Kei Ogura",
        "type": "Ending 2",
        "correctCount": 8,
        "startTime": 85,
        "songDuration": 119.64,
        "songNumber": 34,
        "activePlayerCount": 192,
        "LinkVideo": "https://files.catbox.moe/6hidnm.webm",
        "LinkMp3": "https://files.catbox.moe/zmnxat.mp3"
    },
    {
        "animeEng": "I Dream of Mimi",
        "animeRomaji": "Buttobi!! CPU",
        "songName": "Access wa Anata kara",
        "artist": "Mifuyu Hiiragi",
        "type": "Opening 1",
        "correctCount": 3,
        "startTime": 15,
        "songDuration": null,
        "songNumber": 35,
        "activePlayerCount": 189,
        "LinkVideo": "https://files.catbox.moe/evbwv8.webm",
        "correctPlayers": [
            "watashiii",
            "OnlyFullMoon",
            "OnlyKeitaiShoujo"
        ]
    },
    {
        "animeEng": "Digimon Adventure 02",
        "animeRomaji": "Digimon Adventure 02",
        "songName": "Digimon Theme",
        "artist": "Paul Gordon",
        "type": "Opening 1",
        "correctCount": 127,
        "startTime": 21,
        "songDuration": 57.024,
        "songNumber": 36,
        "activePlayerCount": 191,
        "LinkVideo": "https://files.catbox.moe/l64fj8.webm",
        "LinkMp3": "https://files.catbox.moe/uzidqe.mp3"
    },
    {
        "animeEng": "togainu no chi - Bloody Curs",
        "animeRomaji": "togainu no chi - Bloody Curs",
        "songName": "No moral",
        "artist": "Kanako It\u014d",
        "type": "Ending 1",
        "correctCount": 11,
        "startTime": 14,
        "songDuration": 98.568,
        "songNumber": 37,
        "activePlayerCount": 191,
        "LinkVideo": "https://files.catbox.moe/1sntu3.webm",
        "LinkMp3": "https://files.catbox.moe/7zwngz.mp3"
    },
    {
        "animeEng": "Moeyo Ken",
        "animeRomaji": "Kid\u014d Shinsengumi Moeyo Ken",
        "songName": "Moeyo Ken",
        "artist": "Haruna Ikezawa, Ai Orikasa, Naoko Matsui",
        "type": "Opening 1",
        "correctCount": 10,
        "startTime": 34,
        "songDuration": 100.056,
        "songNumber": 38,
        "activePlayerCount": 191,
        "LinkVideo": "https://files.catbox.moe/hvk505.webm",
        "LinkMp3": "https://files.catbox.moe/03e7lv.mp3"
    },
    {
        "animeEng": "I'm Standing on A Million Lives",
        "animeRomaji": "100-man no Inochi no Ue ni Ore wa Tatteiru",
        "songName": "Carpe Diem",
        "artist": "Liyuu",
        "type": "Ending 1",
        "correctCount": 41,
        "startTime": 32,
        "songDuration": 88.488,
        "songNumber": 39,
        "activePlayerCount": 193,
        "LinkVideo": "https://files.catbox.moe/b0ma24.webm",
        "LinkMp3": "https://files.catbox.moe/1o1zh9.mp3"
    },
    {
        "animeEng": "Hunter X Hunter The Last Mission",
        "animeRomaji": "Hunter X Hunter The Last Mission",
        "songName": "Hy\u014dri Ittai",
        "artist": "Yuzu",
        "type": "Ending 1",
        "correctCount": 124,
        "startTime": 280,
        "songDuration": 334.3616,
        "songNumber": 40,
        "activePlayerCount": 193,
        "LinkVideo": "https://files.catbox.moe/2lzijb.webm",
        "LinkMp3": "https://files.catbox.moe/rtuwp6.mp3"
    },
    {
        "animeEng": "MegaMan NT Warrior",
        "animeRomaji": "Rockman.EXE",
        "songName": "Kaze o Tsukinukete",
        "artist": "Jin Hashimoto",
        "type": "Opening 1",
        "correctCount": 34,
        "startTime": 43,
        "songDuration": 86.544,
        "songNumber": 41,
        "activePlayerCount": 192,
        "LinkVideo": "https://files.catbox.moe/na5l78.webm",
        "LinkMp3": "https://files.catbox.moe/f9keuk.mp3"
    },
    {
        "animeEng": "Tokimeki Restaurant: Miracle6",
        "animeRomaji": "Tokimeki Restaurant: Miracle6",
        "songName": "Unmei no Lady",
        "artist": "3 Majesty",
        "type": "Insert Song",
        "correctCount": 5,
        "startTime": 163,
        "songDuration": 212.232,
        "songNumber": 42,
        "activePlayerCount": 193,
        "LinkVideo": "https://files.catbox.moe/7bogt0.webm",
        "LinkMp3": "https://files.catbox.moe/k9ztmq.mp3",
        "correctPlayers": [
            "Avassalador",
            "OnlyLittleBuster",
            "OnlyFullMoon",
            "kneesoxluver",
            "SuperstarPearl"
        ]
    },
    {
        "animeEng": "Space Ace",
        "animeRomaji": "Uch\u016b Ace",
        "songName": "Hoshi no Honoo ni",
        "artist": "Tokyo Konsei Gassh\u014d-dan",
        "type": "Opening 1",
        "correctCount": 40,
        "startTime": 18,
        "songDuration": 56.28,
        "songNumber": 43,
        "activePlayerCount": 193,
        "LinkVideo": "https://files.catbox.moe/e1yt40.webm",
        "LinkMp3": "https://files.catbox.moe/j9edb4.mp3"
    },
    {
        "animeEng": "Love Hina X'mas Special - Silent Eve",
        "animeRomaji": "Love Hina X'mas Special - Silent Eve",
        "songName": "Sakura Saku",
        "artist": "Megumi Hayashibara",
        "type": "Opening 1",
        "correctCount": 132,
        "startTime": 26,
        "songDuration": 88.608,
        "songNumber": 44,
        "activePlayerCount": 192,
        "LinkVideo": "https://files.catbox.moe/9240x9.webm",
        "LinkMp3": "https://files.catbox.moe/kny4t9.mp3"
    },
    {
        "animeEng": "Peter Grill and the Philosopher's Time",
        "animeRomaji": "Peter Grill to Kenja no Jikan",
        "songName": "Yoridokoro",
        "artist": "Hilcrhyme",
        "type": "Ending 1",
        "correctCount": 56,
        "startTime": 22,
        "songDuration": 58.992,
        "songNumber": 45,
        "activePlayerCount": 192,
        "LinkVideo": "https://files.catbox.moe/xlzlvz.webm",
        "LinkMp3": "https://files.catbox.moe/7z2cwe.mp3"
    },
    {
        "animeEng": "STARMYU",
        "animeRomaji": "K\u014dk\u014d Hoshi Kageki",
        "songName": "\u2606\u2606Eien\u2605STAGE\u2606\u2606",
        "artist": "team \u014ctori",
        "type": "Insert Song",
        "correctCount": 80,
        "startTime": 56,
        "songDuration": 89.52,
        "songNumber": 46,
        "activePlayerCount": 192,
        "LinkVideo": "https://files.catbox.moe/k3rlw3.webm",
        "LinkMp3": "https://files.catbox.moe/t78kp0.mp3"
    },
    {
        "animeEng": "BanG Dream! 2nd Season",
        "animeRomaji": "BanG Dream! 2nd Season",
        "songName": "Happy Happy Party!",
        "artist": "Poppin'Party",
        "type": "Insert Song",
        "correctCount": 50,
        "startTime": 24,
        "songDuration": 118.437148,
        "songNumber": 47,
        "activePlayerCount": 192,
        "LinkVideo": "https://files.catbox.moe/curmku.webm",
        "LinkMp3": "https://files.catbox.moe/tc2ndx.mp3"
    },
    {
        "animeEng": "Ping Pong",
        "animeRomaji": "Ping Pong",
        "songName": "Tada Hitori",
        "artist": "Bakudan Johnny",
        "type": "Opening 1",
        "correctCount": 103,
        "startTime": 5,
        "songDuration": 89.232752,
        "songNumber": 48,
        "activePlayerCount": 192,
        "LinkVideo": "https://files.catbox.moe/gqoxkc.webm",
        "LinkMp3": "https://files.catbox.moe/8ip2je.mp3"
    },
    {
        "animeEng": "Overlord II",
        "animeRomaji": "Overlord II",
        "songName": "GO CRY GO",
        "artist": "OxT",
        "type": "Opening 1",
        "correctCount": 131,
        "startTime": 12,
        "songDuration": 88.2,
        "songNumber": 49,
        "activePlayerCount": 192,
        "LinkVideo": "https://files.catbox.moe/v1psxw.webm",
        "LinkMp3": "https://files.catbox.moe/4pd16o.mp3"
    },
    {
        "animeEng": "Yowamushi Pedal Grande Road",
        "animeRomaji": "Yowamushi Pedal Grande Road",
        "songName": "Remind",
        "artist": "ROOKiEZ is PUNK'D",
        "type": "Opening 2",
        "correctCount": 24,
        "startTime": 3,
        "songDuration": 88.056,
        "songNumber": 50,
        "activePlayerCount": 191,
        "LinkVideo": "https://files.catbox.moe/jzy5o9.webm",
        "LinkMp3": "https://files.catbox.moe/e3ioko.mp3"
    },
    {
        "animeEng": "Petshop of Horrors",
        "animeRomaji": "Petshop of Horrors",
        "songName": "Jikkou Ryoukou",
        "artist": "LEGOLGEL",
        "type": "Opening 1",
        "correctCount": 37,
        "startTime": 17,
        "songDuration": 59.832,
        "songNumber": 51,
        "activePlayerCount": 192,
        "LinkVideo": "https://files.catbox.moe/vlzu2d.webm",
        "LinkMp3": "https://files.catbox.moe/ux2u6v.mp3"
    },
    {
        "animeEng": "Yo-kai Watch",
        "animeRomaji": "Yo-kai Watch",
        "songName": "Jinsei Dramatic",
        "artist": "King Cream Soda",
        "type": "Opening 1",
        "correctCount": 23,
        "startTime": 4,
        "songDuration": 83.568,
        "songNumber": 52,
        "activePlayerCount": 192,
        "LinkVideo": "https://files.catbox.moe/xpedyr.webm",
        "LinkMp3": "https://files.catbox.moe/eqs58k.mp3"
    },
    {
        "animeEng": "Perman",
        "animeRomaji": "Perman",
        "songName": "Bokura no Perman",
        "artist": "Katsue Miwa & Susumu Ishikawa",
        "type": "Opening 1",
        "correctCount": 162,
        "startTime": 5,
        "songDuration": 43.032,
        "songNumber": 53,
        "activePlayerCount": 192,
        "LinkVideo": "https://files.catbox.moe/23zudw.webm",
        "LinkMp3": "https://files.catbox.moe/o90r9l.mp3"
    },
    {
        "animeEng": "Infinite Stratos 2: Long Vacation Edition",
        "animeRomaji": "Infinite Stratos 2: Long Vacation Edition",
        "songName": "True Blue Traveler",
        "artist": "Minami Kuribayashi",
        "type": "Opening 1",
        "correctCount": 85,
        "startTime": 21,
        "songDuration": 89.064,
        "songNumber": 54,
        "activePlayerCount": 192,
        "LinkVideo": "https://files.catbox.moe/hyifl3.webm",
        "LinkMp3": "https://files.catbox.moe/c6wiv3.mp3"
    },
    {
        "animeEng": "Caligula",
        "animeRomaji": "Caligula",
        "songName": "Distorted\u2020Happiness -Anime Re:Arrange Ver.-",
        "artist": "Reina Ueda",
        "type": "Insert Song",
        "correctCount": 21,
        "startTime": 52,
        "songDuration": 178.125918,
        "songNumber": 55,
        "activePlayerCount": 189,
        "LinkVideo": "https://files.catbox.moe/hyms6q.webm",
        "LinkMp3": "https://files.catbox.moe/jubhgx.mp3"
    },
    {
        "animeEng": "Wakaba*Girl",
        "animeRomaji": "Wakaba*Girl",
        "songName": "Hajimete Girls!",
        "artist": "Ray",
        "type": "Opening 1",
        "correctCount": 74,
        "startTime": 43,
        "songDuration": 88.224,
        "songNumber": 56,
        "activePlayerCount": 189,
        "LinkVideo": "https://files.catbox.moe/d5qk6u.webm",
        "LinkMp3": "https://files.catbox.moe/9uyntm.mp3"
    },
    {
        "animeEng": "Baka & Test: Summon the Beasts OVA",
        "animeRomaji": "Baka to Test to Sh\u014dkanj\u016b: Matsuri",
        "songName": "Renai K\u014dj\u014d Committee",
        "artist": "Natsuko Aso",
        "type": "Opening 1",
        "correctCount": 53,
        "startTime": 11,
        "songDuration": 89.064,
        "songNumber": 57,
        "activePlayerCount": 189,
        "LinkVideo": "https://files.catbox.moe/9fqid1.webm",
        "LinkMp3": "https://files.catbox.moe/0igrzj.mp3"
    },
    {
        "animeEng": "Senki Zessh\u014d Symphogear AXZ",
        "animeRomaji": "Senki Zessh\u014d Symphogear AXZ",
        "songName": "TESTAMENT",
        "artist": "Nana Mizuki",
        "type": "Ending 4",
        "correctCount": 65,
        "startTime": 41,
        "songDuration": 99.264,
        "songNumber": 58,
        "activePlayerCount": 189,
        "LinkVideo": "https://files.catbox.moe/4nlnys.webm",
        "LinkMp3": "https://files.catbox.moe/0rcye1.mp3"
    },
    {
        "animeEng": "Rockman.EXE: Hikari to Yami no Program",
        "animeRomaji": "Rockman.EXE: Hikari to Yami no Program",
        "songName": "Be Somewhere",
        "artist": "Buzy",
        "type": "Opening 1",
        "correctCount": 21,
        "startTime": 35,
        "songDuration": 92.00125,
        "songNumber": 59,
        "activePlayerCount": 188,
        "LinkVideo": "https://files.catbox.moe/1ml5n2.webm",
        "LinkMp3": "https://files.catbox.moe/dpjbct.mp3"
    },
    {
        "animeEng": "Himitsu Kessha Taka no Tsume THE MOVIE II ~Watashi o Ai Shita Kuro Oolong-cha~",
        "animeRomaji": "Himitsu Kessha Taka no Tsume THE MOVIE II ~Watashi o Ai Shita Kuro Oolong-cha~",
        "songName": "Goodbye Mr. A",
        "artist": "the HOOSiERS",
        "type": "Ending 1",
        "correctCount": 3,
        "startTime": 64,
        "songDuration": 264.744,
        "songNumber": 60,
        "activePlayerCount": 189,
        "LinkVideo": "https://files.catbox.moe/z8pfof.webm",
        "LinkMp3": "https://files.catbox.moe/xnh9me.mp3",
        "correctPlayers": [
            "revel_",
            "OnlyWhenTheyCry",
            "anonimus_opinion"
        ]
    },
    {
        "animeEng": "Shin Chan",
        "animeRomaji": "Shin Chan",
        "songName": "Yuru Yuru de DE-O! 2007 Crayon Friends Version",
        "artist": "Akiko Yajima & Crayon Friends from AKB48",
        "type": "Opening 10",
        "correctCount": 154,
        "startTime": 16,
        "songDuration": 60.528,
        "songNumber": 61,
        "activePlayerCount": 190,
        "LinkVideo": "https://files.catbox.moe/hvvk6o.webm",
        "LinkMp3": "https://files.catbox.moe/t83jqw.mp3"
    },
    {
        "animeEng": "JoJo's Bizarre Adventure",
        "animeRomaji": "JoJo no Kimy\u014d na B\u014dken",
        "songName": "JoJo ~Sono Chi no Sadame~",
        "artist": "Hiroaki TOMMY Tominaga",
        "type": "Opening 1",
        "correctCount": 166,
        "startTime": 34,
        "songDuration": 87.96,
        "songNumber": 62,
        "activePlayerCount": 190,
        "LinkVideo": "https://files.catbox.moe/g9fq1a.webm",
        "LinkMp3": "https://files.catbox.moe/2fvazd.mp3"
    },
    {
        "animeEng": "I want to eat your pancreas",
        "animeRomaji": "Kimi no Suiz\u014d o Tabetai",
        "songName": "Fanfare",
        "artist": "sumika",
        "type": "Opening 1",
        "correctCount": 93,
        "startTime": 14,
        "songDuration": 86.472,
        "songNumber": 63,
        "activePlayerCount": 189,
        "LinkVideo": "https://files.catbox.moe/4rk180.webm",
        "LinkMp3": "https://files.catbox.moe/66vyxz.mp3"
    },
    {
        "animeEng": "Unico in the Island of Magic",
        "animeRomaji": "Unico: Mah\u014d no Shima e",
        "songName": "Do-Re-Mi-Fa Lullaby",
        "artist": "Emiko Shiratori",
        "type": "Ending 1",
        "correctCount": 1,
        "startTime": 23,
        "songDuration": 165.096,
        "songNumber": 64,
        "activePlayerCount": 189,
        "LinkVideo": "https://files.catbox.moe/hlk2ig.webm",
        "LinkMp3": "https://files.catbox.moe/56nac5.mp3",
        "correctPlayers": [
            "Rukawa11"
        ]
    },
    {
        "animeEng": "Magical Play",
        "animeRomaji": "Mah\u014d Y\u016bgi",
        "songName": "Pa \u00b7 Pa \u00b7 Du \u00b7 Wa",
        "artist": "Ai Tokunaga",
        "type": "Opening 1",
        "correctCount": 4,
        "startTime": 47,
        "songDuration": 89.415606,
        "songNumber": 65,
        "activePlayerCount": 189,
        "LinkVideo": "https://files.catbox.moe/hv0v4m.webm",
        "LinkMp3": "https://files.catbox.moe/gm6c1o.mp3",
        "correctPlayers": [
            "OnlyLittleBuster",
            "junninbr",
            "Woonoo",
            "OnlyWhenTheyCry"
        ]
    },
    {
        "animeEng": "The Devil is a Part-Timer!",
        "animeRomaji": "Hataraku Ma\u014d-sama!",
        "songName": "Tsumabiku Hitori",
        "artist": "nano.RIPE",
        "type": "Ending 3",
        "correctCount": 57,
        "startTime": 31,
        "songDuration": 84.576,
        "songNumber": 66,
        "activePlayerCount": 189,
        "LinkVideo": "https://files.catbox.moe/2leu4f.webm",
        "LinkMp3": "https://files.catbox.moe/vjsea1.mp3"
    },
    {
        "animeEng": "STARMYU",
        "animeRomaji": "K\u014dk\u014d Hoshi Kageki",
        "songName": "MASTERPIECE",
        "artist": "team Tatsumi",
        "type": "Insert Song",
        "correctCount": 55,
        "startTime": 15,
        "songDuration": 160.056,
        "songNumber": 67,
        "activePlayerCount": 189,
        "LinkVideo": "https://files.catbox.moe/y85amo.webm",
        "LinkMp3": "https://files.catbox.moe/2aye9i.mp3"
    },
    {
        "animeEng": "Tokyo Mew Mew",
        "animeRomaji": "Tokyo Mew Mew",
        "songName": "Team up",
        "artist": "Bree Sharp",
        "type": "Opening 1",
        "correctCount": 112,
        "startTime": 21,
        "songDuration": 62.064,
        "songNumber": 68,
        "activePlayerCount": 189,
        "LinkVideo": "https://files.catbox.moe/6ixqj8.webm",
        "LinkMp3": "https://files.catbox.moe/1a1uxj.mp3"
    },
    {
        "animeEng": "Air",
        "animeRomaji": "Air",
        "songName": "Farewell song",
        "artist": "Lia",
        "type": "Ending 1",
        "correctCount": 82,
        "startTime": 76,
        "songDuration": 121.33669,
        "songNumber": 69,
        "activePlayerCount": 188,
        "LinkVideo": "https://files.catbox.moe/liek67.webm",
        "LinkMp3": "https://files.catbox.moe/0zp44w.mp3"
    },
    {
        "animeEng": "Sweet Blue Flowers",
        "animeRomaji": "Aoi Hana",
        "songName": "Centifolia",
        "artist": "Ceui",
        "type": "Ending 1",
        "correctCount": 14,
        "startTime": 5,
        "songDuration": 77.568,
        "songNumber": 70,
        "activePlayerCount": 188,
        "LinkVideo": "https://files.catbox.moe/jipaa2.webm",
        "LinkMp3": "https://files.catbox.moe/vr001i.mp3"
    },
    {
        "animeEng": "The Ideal Boy's Gang Leader",
        "animeRomaji": "Otoko Ippiki Gaki Daisho",
        "songName": "Otoko Ippiki Gaki Daisho",
        "artist": "Masanobu Shishikura",
        "type": "Opening 1",
        "correctCount": 6,
        "startTime": 23,
        "songDuration": 56.928,
        "songNumber": 71,
        "activePlayerCount": 188,
        "LinkVideo": "https://files.catbox.moe/8dufmi.webm",
        "LinkMp3": "https://files.catbox.moe/n5josn.mp3"
    },
    {
        "animeEng": "Hitorijime My Hero",
        "animeRomaji": "Hitorijime My Hero",
        "songName": "TRUE LOVE",
        "artist": "Tomoaki Maeno",
        "type": "Ending 5",
        "correctCount": 25,
        "startTime": 16,
        "songDuration": 87.624,
        "songNumber": 72,
        "activePlayerCount": 188,
        "LinkVideo": "https://files.catbox.moe/f7e1qi.webm",
        "LinkMp3": "https://files.catbox.moe/576cvc.mp3"
    },
    {
        "animeEng": "Death March to The Parallel World Rhapsody",
        "animeRomaji": "Death March Kara Hajimaru Isekai Ky\u014ds\u014dkyoku",
        "songName": "Slide Ride",
        "artist": "Run Girls, Run!",
        "type": "Opening 1",
        "correctCount": 78,
        "startTime": 27,
        "songDuration": 86.136,
        "songNumber": 73,
        "activePlayerCount": 188,
        "LinkVideo": "https://files.catbox.moe/mca2mb.webm",
        "LinkMp3": "https://files.catbox.moe/vawl24.mp3"
    },
    {
        "animeEng": "Hanayaka Nari, Waga Ichizoku",
        "animeRomaji": "Hanayaka Nari, Waga Ichizoku",
        "songName": "Phantasmagoria",
        "artist": "Annabel",
        "type": "Opening 1",
        "correctCount": 9,
        "startTime": 5,
        "songDuration": 88.632,
        "songNumber": 74,
        "activePlayerCount": 188,
        "LinkVideo": "https://files.catbox.moe/oz8ric.webm",
        "LinkMp3": "https://files.catbox.moe/vdml9i.mp3"
    },
    {
        "animeEng": "Flowers of Evil",
        "animeRomaji": "Aku no Hana",
        "songName": "Hana -a last flower-",
        "artist": "ASA-CHANG & Junray",
        "type": "Ending 1",
        "correctCount": 104,
        "startTime": 38,
        "songDuration": 121.824,
        "songNumber": 75,
        "activePlayerCount": 188,
        "LinkVideo": "https://files.catbox.moe/sj5i6m.webm",
        "LinkMp3": "https://files.catbox.moe/s222d1.mp3"
    }
]