[
    {
        "animeEng": "Gokuj\u014d!! Mecha Mote Iinch\u014d",
        "animeRomaji": "Gokuj\u014d!! Mecha Mote Iinch\u014d",
        "songName": "Mote Recchi Song",
        "artist": "Mana Ogawa with MM Gakuen Gasshou-bu",
        "type": "Ending 5",
        "correctCount": 9,
        "startTime": 0,
        "songDuration": 89.128264,
        "songNumber": 1,
        "activePlayerCount": 222,
        "LinkVideo": "https://files.catbox.moe/e5dflf.webm",
        "LinkMp3": "https://files.catbox.moe/pqfqmu.mp3"
    },
    {
        "animeEng": "anohana: The Flower We Saw That Day",
        "animeRomaji": "Ano Hi Mita Hana no Namae o Boku-tachi wa Mada Shiranai.",
        "songName": "secret base ~Kimi ga Kureta Mono~ (10 years after ver.)",
        "artist": "Ai Kayano, Haruka Tomatsu, Saori Hayami",
        "type": "Ending 2",
        "correctCount": 153,
        "startTime": 0,
        "songDuration": 89.184,
        "songNumber": 2,
        "activePlayerCount": 231,
        "LinkVideo": "https://files.catbox.moe/qoewvg.webm",
        "LinkMp3": "https://files.catbox.moe/pzj7kj.mp3"
    },
    {
        "animeEng": "Banner of the Stars",
        "animeRomaji": "Seikai no Senki",
        "songName": "Seikai no Senki",
        "artist": "Katsuhisa Hattori",
        "type": "Opening 1",
        "correctCount": 27,
        "startTime": 18,
        "songDuration": 92.08005,
        "songNumber": 3,
        "activePlayerCount": 230,
        "LinkVideo": "https://files.catbox.moe/6gc5qd.webm",
        "LinkMp3": "https://files.catbox.moe/njj11f.mp3"
    },
    {
        "animeEng": "Eiga HappinessCharge Precure! Ningy\u014d no Kuni no Ballerina",
        "animeRomaji": "Eiga HappinessCharge Precure! Ningy\u014d no Kuni no Ballerina",
        "songName": "HappinessCharge Precure! WOW!",
        "artist": "Sayaka Nakaya",
        "type": "Opening 1",
        "correctCount": 89,
        "startTime": 36,
        "songDuration": 88.944,
        "songNumber": 4,
        "activePlayerCount": 229,
        "LinkVideo": "https://files.catbox.moe/ukomg4.webm",
        "LinkMp3": "https://files.catbox.moe/anmmsr.mp3"
    },
    {
        "animeEng": "Cyber City Oedo 808",
        "animeRomaji": "Cyber City Oedo 808",
        "songName": "Burning World ~Tsuioku no Command~",
        "artist": "Hidemi Miura",
        "type": "Opening 1",
        "correctCount": 7,
        "startTime": 49,
        "songDuration": 108.552,
        "songNumber": 5,
        "activePlayerCount": 231,
        "LinkVideo": "https://files.catbox.moe/ecoa33.webm",
        "LinkMp3": "https://files.catbox.moe/n4f8m4.mp3"
    },
    {
        "animeEng": "Knights of Ramune",
        "animeRomaji": "VS Knight Lamune & 40 Fresh",
        "songName": "Miracle Body ni Goy\u014djin!",
        "artist": "Midori Kawana & Yuriko Kaida",
        "type": "Opening 1",
        "correctCount": 6,
        "startTime": 2,
        "songDuration": 90.312,
        "songNumber": 6,
        "activePlayerCount": 231,
        "LinkVideo": "https://files.catbox.moe/ybvgd1.webm",
        "LinkMp3": "https://files.catbox.moe/0ofvdr.mp3"
    },
    {
        "animeEng": "Polyphonica",
        "animeRomaji": "Shinkyoku S\u014dkai Polyphonica",
        "songName": "Concordia",
        "artist": "kukui",
        "type": "Ending 1",
        "correctCount": 17,
        "startTime": 45,
        "songDuration": 85.416,
        "songNumber": 7,
        "activePlayerCount": 231,
        "LinkVideo": "https://files.catbox.moe/qc87f1.webm",
        "LinkMp3": "https://files.catbox.moe/cst318.mp3"
    },
    {
        "animeEng": "Aikatsu on Parade!",
        "animeRomaji": "Aikatsu on Parade!",
        "songName": "Mori no Hikari no Pirouette",
        "artist": "Sena\u30fbRuka from AIKATSU\u2606STARS!",
        "type": "Ending 12",
        "correctCount": 35,
        "startTime": 5,
        "songDuration": 88.944,
        "songNumber": 8,
        "activePlayerCount": 230,
        "LinkVideo": "https://files.catbox.moe/hlvumt.webm",
        "LinkMp3": "https://files.catbox.moe/o0b9si.mp3"
    },
    {
        "animeEng": "Happy Lesson",
        "animeRomaji": "Happy Lesson",
        "songName": "Sunao dake ja Tarinai",
        "artist": "Mie Sonozaki",
        "type": "Insert Song",
        "correctCount": 0,
        "startTime": 2,
        "songDuration": 36.264,
        "songNumber": 9,
        "activePlayerCount": 231,
        "LinkVideo": "https://files.catbox.moe/5cylj8.webm",
        "LinkMp3": "https://files.catbox.moe/tuumb7.mp3"
    },
    {
        "animeEng": "Problem children are coming from another world, aren't they?",
        "animeRomaji": "Mondaiji-tachi ga Isekai kara Kurus\u014d desu yo?",
        "songName": "Black\u271dWhite",
        "artist": "Iori Nomizu",
        "type": "Opening 1",
        "correctCount": 132,
        "startTime": 18,
        "songDuration": 87.144,
        "songNumber": 10,
        "activePlayerCount": 231,
        "LinkVideo": "https://files.catbox.moe/mr8tl1.webm",
        "LinkMp3": "https://files.catbox.moe/yyudvt.mp3"
    },
    {
        "animeEng": "Kurozuka",
        "animeRomaji": "Kurozuka",
        "songName": "SYSTEMATIC PEOPLE",
        "artist": "WAGDUG FUTURISTIC UNITY featuring Maximum the Ryo-kun",
        "type": "Opening 1",
        "correctCount": 11,
        "startTime": 41,
        "songDuration": 80.376,
        "songNumber": 11,
        "activePlayerCount": 230,
        "LinkVideo": "https://animethemes.moe/video/Kurozuka-OP1.webm",
        "LinkMp3": "https://files.catbox.moe/s869ne.mp3"
    },
    {
        "animeEng": "Yu-Gi-Oh! GX",
        "animeRomaji": "Yu-Gi-Oh! Duel Monster GX",
        "songName": "Kaisei Josh\u014d Hallelujah",
        "artist": "JINDOU",
        "type": "Opening 1",
        "correctCount": 55,
        "startTime": 20,
        "songDuration": 89.568,
        "songNumber": 12,
        "activePlayerCount": 232,
        "LinkVideo": "https://files.catbox.moe/sh9k3j.webm",
        "LinkMp3": "https://files.catbox.moe/2ygrwb.mp3"
    },
    {
        "animeEng": "The IDOLM@STER CINDERELLA GIRLS Theater",
        "animeRomaji": "The IDOLM@STER CINDERELLA GIRLS Theater",
        "songName": "Snow\uff0aLove",
        "artist": "THE IDOLM@STER CINDERELLA GIRLS LITTLE STARS!",
        "type": "Ending 8",
        "correctCount": 19,
        "startTime": 0,
        "songDuration": 29.544,
        "songNumber": 13,
        "activePlayerCount": 232,
        "LinkVideo": "https://files.catbox.moe/tdmw8n.webm",
        "LinkMp3": "https://files.catbox.moe/ssufhl.mp3"
    },
    {
        "animeEng": "Apache Baseball Team",
        "animeRomaji": "Apache Yaky\u016b-gun",
        "songName": "Apache Yaky\u016b-gun",
        "artist": "Eiko Hayashi",
        "type": "Opening 1",
        "correctCount": 28,
        "startTime": 10,
        "songDuration": 49.292214,
        "songNumber": 14,
        "activePlayerCount": 231,
        "LinkVideo": "https://files.catbox.moe/60ykl9.webm",
        "LinkMp3": "https://files.catbox.moe/9n086b.mp3"
    },
    {
        "animeEng": "Aikatsu Friends!: Kagayaki no Jewel",
        "animeRomaji": "Aikatsu Friends!: Kagayaki no Jewel",
        "songName": "Sekai wa Mawaru",
        "artist": "Mio from BEST FRIENDS!",
        "type": "Insert Song",
        "correctCount": 10,
        "startTime": 9,
        "songDuration": 116.352,
        "songNumber": 15,
        "activePlayerCount": 228,
        "LinkVideo": "https://files.catbox.moe/lmuqmm.webm",
        "LinkMp3": "https://files.catbox.moe/eitpdx.mp3"
    },
    {
        "animeEng": "SING \"YESTERDAY\" FOR ME",
        "animeRomaji": "Yesterday o Utatte",
        "songName": "Yesterday o Utatte",
        "artist": "agehasprings feat. Annyyy (TaNaBaTa)",
        "type": "Ending 3",
        "correctCount": 134,
        "startTime": 48,
        "songDuration": 89.616,
        "songNumber": 16,
        "activePlayerCount": 230,
        "LinkVideo": "https://files.catbox.moe/g55znm.webm",
        "LinkMp3": "https://files.catbox.moe/g0s4uo.mp3"
    },
    {
        "animeEng": "Doraemon",
        "animeRomaji": "Doraemon",
        "songName": "Doraemon no Uta 40th",
        "artist": "Wasabi Mizuta, Megumi Oohara, Yumi Kakazu, Subaru Kimura, Tomokazu Seki",
        "type": "Opening 4",
        "correctCount": 146,
        "startTime": 1,
        "songDuration": 62.28,
        "songNumber": 17,
        "activePlayerCount": 229,
        "LinkVideo": "https://files.catbox.moe/jno0cu.webm",
        "LinkMp3": "https://files.catbox.moe/4mjagr.mp3"
    },
    {
        "animeEng": "Natsume's Book of Friends Season 2",
        "animeRomaji": "Zoku Natsume Y\u016bjinch\u014d",
        "songName": "Ano Hi Time Machine",
        "artist": "LONG SHOT PARTY",
        "type": "Opening 1",
        "correctCount": 48,
        "startTime": 10,
        "songDuration": 89.016,
        "songNumber": 18,
        "activePlayerCount": 227,
        "LinkVideo": "https://files.catbox.moe/azfn0a.webm",
        "LinkMp3": "https://files.catbox.moe/frkq34.mp3"
    },
    {
        "animeEng": "Little Witch Academia",
        "animeRomaji": "Little Witch Academia",
        "songName": "MIND CONDUCTOR",
        "artist": "YURiKA",
        "type": "Opening 2",
        "correctCount": 136,
        "startTime": 56,
        "songDuration": 89.976,
        "songNumber": 19,
        "activePlayerCount": 225,
        "LinkVideo": "https://files.catbox.moe/z3au7o.webm",
        "LinkMp3": "https://files.catbox.moe/qrltr4.mp3"
    },
    {
        "animeEng": "Gundam Build Fighters Try",
        "animeRomaji": "Gundam Build Fighters Try",
        "songName": "Just Fly Away",
        "artist": "EDGE of LIFE",
        "type": "Opening 2",
        "correctCount": 27,
        "startTime": 47,
        "songDuration": 88.512,
        "songNumber": 20,
        "activePlayerCount": 226,
        "LinkVideo": "https://files.catbox.moe/gl9e7a.webm",
        "LinkMp3": "https://files.catbox.moe/nl0lzx.mp3"
    },
    {
        "animeEng": "Aquarian Age the Movie",
        "animeRomaji": "Aquarian Age the Movie",
        "songName": "Change My Heart",
        "artist": "Yoko Takahashi",
        "type": "Opening 1",
        "correctCount": 3,
        "startTime": 5,
        "songDuration": 87.192,
        "songNumber": 21,
        "activePlayerCount": 224,
        "LinkVideo": "https://files.catbox.moe/7rp4iu.webm",
        "LinkMp3": "https://files.catbox.moe/qfp012.mp3",
        "correctPlayers": [
            "neulztan",
            "watashiii",
            "Kirivert"
        ]
    },
    {
        "animeEng": "One Piece Film: Gold",
        "animeRomaji": "One Piece Film: Gold",
        "songName": "Funky Shiro Suit",
        "artist": "Ray Dorsey",
        "type": "Insert Song",
        "correctCount": 22,
        "startTime": 28,
        "songDuration": 73.585674,
        "songNumber": 22,
        "activePlayerCount": 225,
        "LinkVideo": "https://files.catbox.moe/s9i7tf.webm",
        "LinkMp3": "https://files.catbox.moe/zoi456.mp3"
    },
    {
        "animeEng": "sweetness & lightning",
        "animeRomaji": "Amaama to Inazuma",
        "songName": "Harebare Fanfare",
        "artist": "MimimemeMIMI",
        "type": "Opening 1",
        "correctCount": 106,
        "startTime": 21,
        "songDuration": 88.344,
        "songNumber": 23,
        "activePlayerCount": 225,
        "LinkVideo": "https://files.catbox.moe/j498uk.webm",
        "LinkMp3": "https://files.catbox.moe/e2yrgq.mp3"
    },
    {
        "animeEng": "Ch\u00e4os;Child Silent Sky",
        "animeRomaji": "Ch\u00e4os;Child Silent Sky",
        "songName": "silent wind bell",
        "artist": "Kanako Itou",
        "type": "Ending 1",
        "correctCount": 26,
        "startTime": 46,
        "songDuration": 275.88,
        "songNumber": 24,
        "activePlayerCount": 224,
        "LinkVideo": "https://files.catbox.moe/tvucxk.webm",
        "LinkMp3": "https://files.catbox.moe/rj1yq5.mp3"
    },
    {
        "animeEng": "Lime-iro Ry\u016bkitan X",
        "animeRomaji": "Lime-iro Ry\u016bkitan X",
        "songName": "Shijun Hana",
        "artist": "Lime-tai ARMY",
        "type": "Opening 1",
        "correctCount": 5,
        "startTime": 31,
        "songDuration": 92.544,
        "songNumber": 25,
        "activePlayerCount": 225,
        "LinkVideo": "https://files.catbox.moe/nazz9r.webm",
        "LinkMp3": "https://files.catbox.moe/rh9wdw.mp3",
        "correctPlayers": [
            "MiriaAkagi",
            "miboong",
            "OnlyDaimidaler",
            "watashiii",
            "ATP"
        ]
    },
    {
        "animeEng": "March comes in like a lion",
        "animeRomaji": "3-gatsu no Lion",
        "songName": "orion",
        "artist": "Kenshi Yonezu",
        "type": "Ending 3",
        "correctCount": 85,
        "startTime": 32,
        "songDuration": 89.592,
        "songNumber": 26,
        "activePlayerCount": 224,
        "LinkVideo": "https://files.catbox.moe/o6yb4b.webm",
        "LinkMp3": "https://files.catbox.moe/es8hj7.mp3"
    },
    {
        "animeEng": "Shakugan no Shana Movie",
        "animeRomaji": "Shakugan no Shana Movie",
        "songName": "Akai Namida",
        "artist": "Mami Kawada",
        "type": "Insert Song",
        "correctCount": 26,
        "startTime": 5,
        "songDuration": 150.504,
        "songNumber": 27,
        "activePlayerCount": 225,
        "LinkVideo": "https://files.catbox.moe/torqcr.webm",
        "LinkMp3": "https://files.catbox.moe/r5mzsn.mp3"
    },
    {
        "animeEng": "Sgt. Frog",
        "animeRomaji": "Keroro Guns\u014d",
        "songName": "You-You-You",
        "artist": "POLYSICS",
        "type": "Opening 5",
        "correctCount": 9,
        "startTime": 7,
        "songDuration": 88.608,
        "songNumber": 28,
        "activePlayerCount": 225,
        "LinkVideo": "https://files.catbox.moe/mwhqc2.webm",
        "LinkMp3": "https://files.catbox.moe/rubjan.mp3"
    },
    {
        "animeEng": "Hidamari Sketch \u00d7 365",
        "animeRomaji": "Hidamari Sketch \u00d7 365",
        "songName": "Otoko no Ko Puzzle",
        "artist": "Cho",
        "type": "Insert Song",
        "correctCount": 18,
        "startTime": 0,
        "songDuration": 27.504,
        "songNumber": 29,
        "activePlayerCount": 225,
        "LinkVideo": "https://files.catbox.moe/b03tls.webm",
        "LinkMp3": "https://files.catbox.moe/3kvk0d.mp3"
    },
    {
        "animeEng": "Soreike! Anpanman: Ruby no Negai",
        "animeRomaji": "Soreike! Anpanman: Ruby no Negai",
        "songName": "Tobe! Tobe! Ruby ~Ruby Version~",
        "artist": "Shizuka Kud\u014d",
        "type": "Insert Song",
        "correctCount": 33,
        "startTime": 30,
        "songDuration": 93.048,
        "songNumber": 30,
        "activePlayerCount": 225,
        "LinkVideo": "https://files.catbox.moe/cv6884.webm",
        "LinkMp3": "https://files.catbox.moe/ok8h1t.mp3"
    },
    {
        "animeEng": "Dog Days'",
        "animeRomaji": "Dog Days'",
        "songName": "Shiny Heart, Shiny Smile",
        "artist": "Yui Horie",
        "type": "Insert Song",
        "correctCount": 25,
        "startTime": 78,
        "songDuration": 120.048,
        "songNumber": 31,
        "activePlayerCount": 225,
        "LinkVideo": "https://files.catbox.moe/r6ag08.webm",
        "LinkMp3": "https://files.catbox.moe/7p651j.mp3"
    },
    {
        "animeEng": "Bubblegum Crisis",
        "animeRomaji": "Bubblegum Crisis",
        "songName": "Akuma to Tenshi no Kiss",
        "artist": "Knight Sabers",
        "type": "Insert Song",
        "correctCount": 7,
        "startTime": 15,
        "songDuration": 128.04,
        "songNumber": 32,
        "activePlayerCount": 224,
        "LinkVideo": "https://files.catbox.moe/okenpr.webm",
        "LinkMp3": "https://files.catbox.moe/5r4pfg.mp3"
    },
    {
        "animeEng": "Devil Boy",
        "animeRomaji": "Akuma-kun",
        "songName": "Akuma-kun",
        "artist": "Koorogi '73 & WILD CATS",
        "type": "Opening 1",
        "correctCount": 8,
        "startTime": 51,
        "songDuration": 88.944,
        "songNumber": 33,
        "activePlayerCount": 224,
        "LinkVideo": "https://files.catbox.moe/miu3p8.webm",
        "LinkMp3": "https://files.catbox.moe/1ohnfk.mp3"
    },
    {
        "animeEng": "Haiyoru! Nyaruani: Remember My Mr. Lovecraft",
        "animeRomaji": "Haiyoru! Nyaruani: Remember My Love (Craft-sensei)",
        "songName": "Koisuru Otome no Catharsis",
        "artist": "LISP",
        "type": "Opening 1",
        "correctCount": 13,
        "startTime": 6,
        "songDuration": 89.04,
        "songNumber": 34,
        "activePlayerCount": 224,
        "LinkVideo": "https://files.catbox.moe/6qhs8t.webm",
        "LinkMp3": "https://files.catbox.moe/m4u2az.mp3"
    },
    {
        "animeEng": "Doreiku The Animation",
        "animeRomaji": "Dorei-ku: Boku to 23-nin no Dorei",
        "songName": "Karakara na Kokoro",
        "artist": "Shougo Sakamoto",
        "type": "Opening 1",
        "correctCount": 31,
        "startTime": 32,
        "songDuration": 85.968,
        "songNumber": 35,
        "activePlayerCount": 223,
        "LinkVideo": "https://files.catbox.moe/s152z0.webm",
        "LinkMp3": "https://files.catbox.moe/u0ls17.mp3"
    },
    {
        "animeEng": "Lucky Star",
        "animeRomaji": "Lucky Star",
        "songName": "Chij\u014d no Hoshi",
        "artist": "Aya Endo",
        "type": "Ending 7",
        "correctCount": 138,
        "startTime": 41,
        "songDuration": 89.592,
        "songNumber": 36,
        "activePlayerCount": 222,
        "LinkVideo": "https://files.catbox.moe/lwfup9.webm",
        "LinkMp3": "https://files.catbox.moe/b6ijf1.mp3"
    },
    {
        "animeEng": "Nisekoi",
        "animeRomaji": "Nisekoi",
        "songName": "CLICK",
        "artist": "ClariS",
        "type": "Opening 1",
        "correctCount": 156,
        "startTime": 13,
        "songDuration": 88.056,
        "songNumber": 37,
        "activePlayerCount": 223,
        "LinkVideo": "https://files.catbox.moe/ljdrmd.webm",
        "LinkMp3": "https://files.catbox.moe/aanevi.mp3"
    },
    {
        "animeEng": "Gamers!",
        "animeRomaji": "Gamers!",
        "songName": "GAMERS!",
        "artist": "Hisako Kanemoto, Manaka Iwami, Rumi Ookubo",
        "type": "Opening 1",
        "correctCount": 173,
        "startTime": 51,
        "songDuration": 89.83125,
        "songNumber": 38,
        "activePlayerCount": 222,
        "LinkVideo": "https://files.catbox.moe/jruegx.webm",
        "LinkMp3": "https://files.catbox.moe/tednuz.mp3"
    },
    {
        "animeEng": "Fairy Tail",
        "animeRomaji": "Fairy Tail",
        "songName": "Be as One",
        "artist": "w-inds.",
        "type": "Ending 6",
        "correctCount": 54,
        "startTime": 31,
        "songDuration": 86.976,
        "songNumber": 39,
        "activePlayerCount": 222,
        "LinkVideo": "https://files.catbox.moe/93vwqs.webm",
        "LinkMp3": "https://files.catbox.moe/tubd7o.mp3"
    },
    {
        "animeEng": "Happy Sugar Life",
        "animeRomaji": "Happy Sugar Life",
        "songName": "One Room Sugar Life",
        "artist": "Akari Nanawo",
        "type": "Opening 1",
        "correctCount": 135,
        "startTime": 3,
        "songDuration": 88.128,
        "songNumber": 40,
        "activePlayerCount": 221,
        "LinkVideo": "https://files.catbox.moe/1gb9f9.webm",
        "LinkMp3": "https://files.catbox.moe/iadtj0.mp3"
    },
    {
        "animeEng": "New Cutey Honey",
        "animeRomaji": "New Cutey Honey",
        "songName": "Uchuu de Rendezvous",
        "artist": "les 5-4-3-2-1",
        "type": "Ending 2",
        "correctCount": 2,
        "startTime": 6,
        "songDuration": 89.544,
        "songNumber": 41,
        "activePlayerCount": 222,
        "LinkVideo": "https://files.catbox.moe/gm2mlk.webm",
        "LinkMp3": "https://files.catbox.moe/9mwklc.mp3",
        "correctPlayers": [
            "rankedteamer25",
            "Kisidy"
        ]
    },
    {
        "animeEng": "Galaxy Express 999",
        "animeRomaji": "Ginga Tetsud\u014d 999",
        "songName": "Ginga Tetsud\u014d 999",
        "artist": "Isao Sasaki & Suginami Jidou Gasshou-dan",
        "type": "Opening 1",
        "correctCount": 58,
        "startTime": 17,
        "songDuration": 65.928,
        "songNumber": 42,
        "activePlayerCount": 222,
        "LinkVideo": "https://files.catbox.moe/tfnids.webm",
        "LinkMp3": "https://files.catbox.moe/cu0wx2.mp3"
    },
    {
        "animeEng": "Mobile Suit Gundam Thunderbolt: December Sky",
        "animeRomaji": "Kid\u014d Senshi Gundam Thunderbolt: December Sky",
        "songName": "Shiroi Heiya ~White day in the blue~",
        "artist": "Geila Zilkha",
        "type": "Insert Song",
        "correctCount": 33,
        "startTime": 18,
        "songDuration": 80.424,
        "songNumber": 43,
        "activePlayerCount": 222,
        "LinkVideo": "https://files.catbox.moe/y4hae8.webm",
        "LinkMp3": "https://files.catbox.moe/sij3tb.mp3"
    },
    {
        "animeEng": "Scum's Wish",
        "animeRomaji": "Kuzu no Honkai",
        "songName": "Ai wa Takusan (LOTS OF LOVE)",
        "artist": "Natsumi Kiyoura",
        "type": "Insert Song",
        "correctCount": 51,
        "startTime": 41,
        "songDuration": 75.570946,
        "songNumber": 44,
        "activePlayerCount": 221,
        "LinkVideo": "https://files.catbox.moe/qtb6ri.webm",
        "LinkMp3": "https://files.catbox.moe/aiz1hj.mp3"
    },
    {
        "animeEng": "Brand New Animal",
        "animeRomaji": "BNA",
        "songName": "NIGHT RUNNING",
        "artist": "AAAMYYY",
        "type": "Ending 1",
        "correctCount": 108,
        "startTime": 6,
        "songDuration": 59.16,
        "songNumber": 45,
        "activePlayerCount": 220,
        "LinkVideo": "https://files.catbox.moe/6jqtwn.webm",
        "LinkMp3": "https://files.catbox.moe/v05sz1.mp3"
    },
    {
        "animeEng": "Heart Catch Pretty Cure! The Movie: Fashion Show in Paris!",
        "animeRomaji": "Heartcatch Precure! Hana no Miyako de Fashion Show\u2026Desu ka!?",
        "songName": "Tomorrow Song~Ashita no Uta~ for the Movie",
        "artist": "Mayu Kud\u014d with Heartcatch Precure",
        "type": "Ending 1",
        "correctCount": 17,
        "startTime": 53,
        "songDuration": 118.728,
        "songNumber": 46,
        "activePlayerCount": 220,
        "LinkVideo": "https://files.catbox.moe/7zfa4u.webm",
        "LinkMp3": "https://files.catbox.moe/jemyld.mp3"
    },
    {
        "animeEng": "R-15",
        "animeRomaji": "R-15",
        "songName": "HIRAMEKI!! Otsu",
        "artist": "R-15 Otsu",
        "type": "Ending 2",
        "correctCount": 20,
        "startTime": 18,
        "songDuration": 88.224,
        "songNumber": 47,
        "activePlayerCount": 220,
        "LinkVideo": "https://files.catbox.moe/klug6o.webm",
        "LinkMp3": "https://files.catbox.moe/lruioh.mp3"
    },
    {
        "animeEng": "Sengoku Basara - Samurai Kings",
        "animeRomaji": "Sengoku Basara",
        "songName": "JAP",
        "artist": "abingdon boys school",
        "type": "Opening 1",
        "correctCount": 71,
        "startTime": 31,
        "songDuration": 88.104,
        "songNumber": 48,
        "activePlayerCount": 220,
        "LinkVideo": "https://files.catbox.moe/hlkpxx.webm",
        "LinkMp3": "https://files.catbox.moe/kdjph0.mp3"
    },
    {
        "animeEng": "Aggretsuko: We Wish You a Metal Christmas",
        "animeRomaji": "Aggretsuko: We Wish You a Metal Christmas",
        "songName": "Jingle Bells",
        "artist": "Tim Timebomb and the Interrupters",
        "type": "Opening 1",
        "correctCount": 141,
        "startTime": 6,
        "songDuration": 44.041692,
        "songNumber": 49,
        "activePlayerCount": 220,
        "LinkVideo": "https://files.catbox.moe/xksa0l.webm",
        "LinkMp3": "https://files.catbox.moe/uu5x2c.mp3"
    },
    {
        "animeEng": "Knights of the Zodiac: Saint Seiya",
        "animeRomaji": "Knights of the Zodiac: Saint Seiya",
        "songName": "PEGASUS SEIYA",
        "artist": "The Struts",
        "type": "Opening 1",
        "correctCount": 27,
        "startTime": 19,
        "songDuration": 86.616,
        "songNumber": 50,
        "activePlayerCount": 218,
        "LinkVideo": "https://files.catbox.moe/svwqm5.webm",
        "LinkMp3": "https://files.catbox.moe/662eiz.mp3"
    },
    {
        "animeEng": "Yona of the Dawn",
        "animeRomaji": "Akatsuki no Yona",
        "songName": "Akatsuki",
        "artist": "Akiko Shikata",
        "type": "Ending 2",
        "correctCount": 96,
        "startTime": 16,
        "songDuration": 89.064,
        "songNumber": 51,
        "activePlayerCount": 219,
        "LinkVideo": "https://files.catbox.moe/5mcc58.webm",
        "LinkMp3": "https://files.catbox.moe/hc2fna.mp3"
    },
    {
        "animeEng": "Phi Brain - Puzzle of God: The Orpheus Order",
        "animeRomaji": "Phi-Brain - Kami no Puzzle: Orpheus Order-hen",
        "songName": "Now or Never",
        "artist": "nano",
        "type": "Opening 1",
        "correctCount": 64,
        "startTime": 27,
        "songDuration": 88.56,
        "songNumber": 52,
        "activePlayerCount": 219,
        "LinkVideo": "https://files.catbox.moe/doxeb4.webm",
        "LinkMp3": "https://files.catbox.moe/95x6ba.mp3"
    },
    {
        "animeEng": "Shakugan no Shana Movie",
        "animeRomaji": "Shakugan no Shana Movie",
        "songName": "Tenjou wo Kakeru Monotachi",
        "artist": "Love Planet Five",
        "type": "Ending 1",
        "correctCount": 9,
        "startTime": 41,
        "songDuration": 278.064,
        "songNumber": 53,
        "activePlayerCount": 217,
        "LinkVideo": "https://files.catbox.moe/kocc9x.webm",
        "LinkMp3": "https://files.catbox.moe/h6zmci.mp3"
    },
    {
        "animeEng": "Ponyo on the Cliff by the Sea",
        "animeRomaji": "Gake no Ue no Ponyo",
        "songName": "Ponyo on the Cliff by the Sea",
        "artist": "Noah Cyrus & Frankie Jonas",
        "type": "Ending 1",
        "correctCount": 79,
        "startTime": 18,
        "songDuration": 96.912,
        "songNumber": 54,
        "activePlayerCount": 217,
        "LinkVideo": "https://files.catbox.moe/6tz11s.webm",
        "LinkMp3": "https://files.catbox.moe/yadudn.mp3"
    },
    {
        "animeEng": "Demon Lord, Retry!",
        "animeRomaji": "Ma\u014d-sama, Retry!",
        "songName": "TEMPEST",
        "artist": "Kaori Ishihara",
        "type": "Opening 1",
        "correctCount": 82,
        "startTime": 22,
        "songDuration": 88.56,
        "songNumber": 55,
        "activePlayerCount": 216,
        "LinkVideo": "https://files.catbox.moe/d605h4.webm",
        "LinkMp3": "https://files.catbox.moe/f1y6it.mp3"
    },
    {
        "animeEng": "The Highschool Life of a Fudanshi",
        "animeRomaji": "Fudanshi K\u014dk\u014d Seikatsu",
        "songName": "SEKAI wa Boy Meets Boy\u2642",
        "artist": "Wataru Hatano",
        "type": "Ending 1",
        "correctCount": 123,
        "startTime": 0,
        "songDuration": 28.992,
        "songNumber": 56,
        "activePlayerCount": 217,
        "LinkVideo": "https://files.catbox.moe/30841p.webm",
        "LinkMp3": "https://files.catbox.moe/kmda0k.mp3"
    },
    {
        "animeEng": "Healin' Good Pretty Cure",
        "animeRomaji": "Healin' Good Precure",
        "songName": "Healin' Good\u2665Precure Touch!!",
        "artist": "Rie Kitagawa",
        "type": "Opening 1",
        "correctCount": 39,
        "startTime": 22,
        "songDuration": 88.992,
        "songNumber": 57,
        "activePlayerCount": 216,
        "LinkVideo": "https://files.catbox.moe/blh7au.webm",
        "LinkMp3": "https://files.catbox.moe/qq19za.mp3"
    },
    {
        "animeEng": "Seven Senses of the Re'Union",
        "animeRomaji": "Shichisei no Subaru",
        "songName": "360\u00b0 Hoshi no Orchestra",
        "artist": "petit milady",
        "type": "Opening 1",
        "correctCount": 42,
        "startTime": 43,
        "songDuration": 88.872,
        "songNumber": 58,
        "activePlayerCount": 216,
        "LinkVideo": "https://files.catbox.moe/b8kqn0.webm",
        "LinkMp3": "https://files.catbox.moe/ufarce.mp3"
    },
    {
        "animeEng": "MAN WITH A MISSION THE ANIMATION",
        "animeRomaji": "MAN WITH A MISSION THE ANIMATION",
        "songName": "DON'T LOSE YOURSELF",
        "artist": "MAN WITH A MISSION",
        "type": "Ending 1",
        "correctCount": 80,
        "startTime": 72,
        "songDuration": 187.104,
        "songNumber": 59,
        "activePlayerCount": 214,
        "LinkVideo": "https://files.catbox.moe/7qlr1i.webm",
        "LinkMp3": "https://files.catbox.moe/heijhs.mp3"
    },
    {
        "animeEng": "Carole & Tuesday",
        "animeRomaji": "Carole & Tuesday",
        "songName": "Give You The World C&T ver.",
        "artist": "Nai Br.XX&Celeina Ann",
        "type": "Insert Song",
        "correctCount": 137,
        "startTime": 17,
        "songDuration": 130.536,
        "songNumber": 60,
        "activePlayerCount": 215,
        "LinkVideo": "https://files.catbox.moe/ybk0fj.webm",
        "LinkMp3": "https://files.catbox.moe/27dtke.mp3"
    },
    {
        "animeEng": "The Seven Deadly Sins: Revival of The Commandments",
        "animeRomaji": "Nanatsu no Taizai: Imashime no Fukkatsu",
        "songName": "Howling",
        "artist": "FLOW\u00d7GRANRODEO",
        "type": "Opening 1",
        "correctCount": 111,
        "startTime": 52,
        "songDuration": 88.896,
        "songNumber": 61,
        "activePlayerCount": 216,
        "LinkVideo": "https://files.catbox.moe/0t3z3i.webm",
        "LinkMp3": "https://files.catbox.moe/c1jpq0.mp3"
    },
    {
        "animeEng": "Dorohedoro",
        "animeRomaji": "Dorohedoro",
        "songName": "SECONDs FLY",
        "artist": "(K)NoW_NAME:NIKIIE",
        "type": "Ending 5",
        "correctCount": 71,
        "startTime": 31,
        "songDuration": 88.944,
        "songNumber": 62,
        "activePlayerCount": 215,
        "LinkVideo": "https://files.catbox.moe/l8v7w5.webm",
        "LinkMp3": "https://files.catbox.moe/9qmqk2.mp3"
    },
    {
        "animeEng": "Boogiepop Phantom",
        "animeRomaji": "Boogiepop wa Warawanai",
        "songName": "Mirai Seiki Maruhi Club",
        "artist": "Kyoko",
        "type": "Ending 1",
        "correctCount": 36,
        "startTime": 15,
        "songDuration": 58.957354,
        "songNumber": 63,
        "activePlayerCount": 215,
        "LinkVideo": "https://files.catbox.moe/0xkeuf.webm",
        "LinkMp3": "https://files.catbox.moe/wtc52a.mp3"
    },
    {
        "animeEng": "Yowamushi Pedal Grande Road",
        "animeRomaji": "Yowamushi Pedal Grande Road",
        "songName": "Remind",
        "artist": "ROOKiEZ is PUNK'D",
        "type": "Opening 2",
        "correctCount": 36,
        "startTime": 25,
        "songDuration": 88.056,
        "songNumber": 64,
        "activePlayerCount": 215,
        "LinkVideo": "https://files.catbox.moe/jzy5o9.webm",
        "LinkMp3": "https://files.catbox.moe/e3ioko.mp3"
    },
    {
        "animeEng": "A Dog of Flanders",
        "animeRomaji": "Flanders no Inu",
        "songName": "Yoake no Michi",
        "artist": "Kumiko \u014csugi",
        "type": "Opening 1",
        "correctCount": 22,
        "startTime": 32,
        "songDuration": 71.88,
        "songNumber": 65,
        "activePlayerCount": 215,
        "LinkVideo": "https://files.catbox.moe/sws9gj.webm",
        "LinkMp3": "https://files.catbox.moe/cxr35d.mp3"
    },
    {
        "animeEng": "Haruka Nogizaka's Secret Finale",
        "animeRomaji": "Nogizaka Haruka no Himitsu: Finale",
        "songName": "Happy End wa Himichu",
        "artist": "N's",
        "type": "Opening 1",
        "correctCount": 13,
        "startTime": 10,
        "songDuration": 89.472,
        "songNumber": 66,
        "activePlayerCount": 215,
        "LinkVideo": "https://files.catbox.moe/ndaabo.webm",
        "LinkMp3": "https://files.catbox.moe/91kuas.mp3"
    },
    {
        "animeEng": "Crayon Shin-chan: Densetsu o Yobu Buriburi Sanpun Pokkiri Daishingeki",
        "animeRomaji": "Crayon Shin-chan: Densetsu o Yobu Buriburi Sanpun Pokkiri Daishingeki",
        "songName": "Crayon Beats",
        "artist": "AI",
        "type": "Ending 1",
        "correctCount": 0,
        "startTime": 8,
        "songDuration": 158.256,
        "songNumber": 67,
        "activePlayerCount": 215,
        "LinkVideo": "https://files.catbox.moe/vv7xbm.webm",
        "LinkMp3": "https://files.catbox.moe/gunmbk.mp3"
    },
    {
        "animeEng": "Assassination Classroom the Movie: 365 Days' Time",
        "animeRomaji": "Ansatsu Ky\u014dshitsu: 365-nichi no Jikan",
        "songName": "Shigyou no Bell",
        "artist": "Shion Miyawaki",
        "type": "Ending 1",
        "correctCount": 13,
        "startTime": 10,
        "songDuration": 163.56,
        "songNumber": 68,
        "activePlayerCount": 215,
        "LinkVideo": "https://files.catbox.moe/2yatr0.webm",
        "LinkMp3": "https://files.catbox.moe/80jiep.mp3"
    },
    {
        "animeEng": "Hell Teacher Nube",
        "animeRomaji": "Jigoku Sensei Nube",
        "songName": "Bari Bari Saikyou NO.1",
        "artist": "FEEL SO BAD",
        "type": "Opening 1",
        "correctCount": 72,
        "startTime": 40,
        "songDuration": 81.768,
        "songNumber": 69,
        "activePlayerCount": 214,
        "LinkVideo": "https://files.catbox.moe/xp0sl3.webm",
        "LinkMp3": "https://files.catbox.moe/y0zln6.mp3"
    },
    {
        "animeEng": "Tari Tari",
        "animeRomaji": "Tari Tari",
        "songName": "Shirahamazaka K\u014dk\u014d K\u014dka (Choir version)",
        "artist": "Shirahamazaka Koukou Gasshou-bu",
        "type": "Insert Song",
        "correctCount": 68,
        "startTime": 0,
        "songDuration": 32.352,
        "songNumber": 70,
        "activePlayerCount": 214,
        "LinkVideo": "https://files.catbox.moe/8xmbhv.webm",
        "LinkMp3": "https://files.catbox.moe/rjpuuq.mp3"
    },
    {
        "animeEng": "Fruits Basket 2nd Season",
        "animeRomaji": "Fruits Basket 2nd Season",
        "songName": "Prism",
        "artist": "AmPm feat. Miyuna",
        "type": "Opening 1",
        "correctCount": 64,
        "startTime": 22,
        "songDuration": 88.344,
        "songNumber": 71,
        "activePlayerCount": 214,
        "LinkVideo": "https://files.catbox.moe/iibjze.webm",
        "LinkMp3": "https://files.catbox.moe/qnglti.mp3"
    },
    {
        "animeEng": "Space Battleship Yamato: The New Voyage",
        "animeRomaji": "Uch\u016b Senkan Yamato: Aratanaru Tabidachi",
        "songName": "Yamato!! Aratanaru Tabidachi",
        "artist": "Isao Sasaki",
        "type": "Insert Song",
        "correctCount": 3,
        "startTime": 52,
        "songDuration": 89.088,
        "songNumber": 72,
        "activePlayerCount": 214,
        "LinkVideo": "https://files.catbox.moe/tdm2rn.webm",
        "LinkMp3": "https://files.catbox.moe/yh5o0o.mp3",
        "correctPlayers": [
            "neulztan",
            "Metakino",
            "Rukawa11"
        ]
    },
    {
        "animeEng": "Hunter X Hunter",
        "animeRomaji": "Hunter \u00d7 Hunter",
        "songName": "Ohay\u014d",
        "artist": "Keno",
        "type": "Opening 1",
        "correctCount": 105,
        "startTime": 5,
        "songDuration": 64.872,
        "songNumber": 73,
        "activePlayerCount": 214,
        "LinkVideo": "https://files.catbox.moe/0ywzpj.webm",
        "LinkMp3": "https://files.catbox.moe/o015cm.mp3"
    },
    {
        "animeEng": "Cat's Eye",
        "animeRomaji": "Cat's Eye",
        "songName": "Derringer",
        "artist": "Mariko Tone",
        "type": "Opening 2",
        "correctCount": 15,
        "startTime": 28,
        "songDuration": 99.888,
        "songNumber": 74,
        "activePlayerCount": 214,
        "LinkVideo": "https://files.catbox.moe/b8yd37.webm",
        "LinkMp3": "https://files.catbox.moe/6ab9dk.mp3"
    },
    {
        "animeEng": "Berserk: The Golden Age Arc II - The Battle for Doldrey",
        "animeRomaji": "Berserk \u014cgon Jidai-Hen II: Doldrey K\u014dryaku",
        "songName": "Aria",
        "artist": "Susumu Hirasawa",
        "type": "Opening 1",
        "correctCount": 151,
        "startTime": 1,
        "songDuration": 91.752,
        "songNumber": 75,
        "activePlayerCount": 211,
        "LinkVideo": "https://files.catbox.moe/5agv0h.webm",
        "LinkMp3": "https://files.catbox.moe/00tgk2.mp3"
    }
]