[
    {
        "animeEng": "High School Star Musical",
        "animeRomaji": "STARMYU",
        "songName": "Angel Lost",
        "artist": "Yoshimasa Hosoya",
        "type": "Insert Song",
        "correctCount": 29,
        "startTime": 0,
        "songDuration": 27.576,
        "songNumber": 1,
        "activePlayerCount": 243,
        "LinkVideo": "https://files.catbox.moe/b60lvm.webm",
        "LinkMp3": "https://files.catbox.moe/6ply4i.mp3"
    },
    {
        "animeEng": "Sgt. Frog",
        "animeRomaji": "Keroro Guns\u014d",
        "songName": "Eien ni",
        "artist": "Afromania",
        "type": "Ending 8",
        "correctCount": 13,
        "startTime": 19,
        "songDuration": 89.448,
        "songNumber": 2,
        "activePlayerCount": 240,
        "LinkVideo": "https://files.catbox.moe/tsm0hl.webm",
        "LinkMp3": "https://files.catbox.moe/argtf1.mp3"
    },
    {
        "animeEng": "Bokurano",
        "animeRomaji": "Bokurano",
        "songName": "Little Bird",
        "artist": "Chiaki Ishikawa",
        "type": "Ending 1",
        "correctCount": 37,
        "startTime": 38,
        "songDuration": 88.44,
        "songNumber": 3,
        "activePlayerCount": 242,
        "LinkVideo": "https://files.catbox.moe/lozqta.webm",
        "LinkMp3": "https://files.catbox.moe/zx4gew.mp3"
    },
    {
        "animeEng": "Sailor Moon R",
        "animeRomaji": "Bish\u014djo Senshi Sailor Moon R",
        "songName": "Moonlight Densetsu",
        "artist": "DALI",
        "type": "Opening 1",
        "correctCount": 154,
        "startTime": 34,
        "songDuration": 81.048,
        "songNumber": 4,
        "activePlayerCount": 240,
        "LinkVideo": "https://files.catbox.moe/3x26hk.webm",
        "LinkMp3": "https://files.catbox.moe/qej8ss.mp3"
    },
    {
        "animeEng": "Sket Dance",
        "animeRomaji": "Sket Dance",
        "songName": "REFLECT",
        "artist": "The Sketchbook",
        "type": "Ending 1",
        "correctCount": 29,
        "startTime": 45,
        "songDuration": 108.264,
        "songNumber": 5,
        "activePlayerCount": 240,
        "LinkVideo": "https://files.catbox.moe/cbcqhf.webm",
        "LinkMp3": "https://files.catbox.moe/hr1k3c.mp3"
    },
    {
        "animeEng": "Kiteretsu Daihyakka",
        "animeRomaji": "Kiteretsu Daihyakka",
        "songName": "Swimming Busoku",
        "artist": "CHICKS",
        "type": "Opening 5",
        "correctCount": 6,
        "startTime": 54,
        "songDuration": 95.057958,
        "songNumber": 6,
        "activePlayerCount": 240,
        "LinkVideo": "https://files.catbox.moe/23e0a3.webm",
        "LinkMp3": "https://files.catbox.moe/zer7hg.mp3"
    },
    {
        "animeEng": "Manga de Wakaru! Fate/Grand Order",
        "animeRomaji": "Manga de Wakaru! Fate/Grand Order",
        "songName": "Mawaseba Wakaru! FGO",
        "artist": "Tomoko Kaneda",
        "type": "Opening 1",
        "correctCount": 149,
        "startTime": 0,
        "songDuration": 28.464,
        "songNumber": 7,
        "activePlayerCount": 240,
        "LinkVideo": "https://files.catbox.moe/dh9unv.webm",
        "LinkMp3": "https://files.catbox.moe/tqoytk.mp3"
    },
    {
        "animeEng": "Case Closed",
        "animeRomaji": "Meitantei Conan",
        "songName": "Thank You For Everything",
        "artist": "Sayuri Iwata",
        "type": "Ending 23",
        "correctCount": 47,
        "startTime": 21,
        "songDuration": 84.24,
        "songNumber": 8,
        "activePlayerCount": 240,
        "LinkVideo": "https://files.catbox.moe/y2vulw.webm",
        "LinkMp3": "https://files.catbox.moe/loq75n.mp3"
    },
    {
        "animeEng": "Love Hina",
        "animeRomaji": "Love Hina",
        "songName": "Sakura Saku",
        "artist": "Megumi Hayashibara",
        "type": "Opening 1",
        "correctCount": 151,
        "startTime": 52,
        "songDuration": 89.928,
        "songNumber": 9,
        "activePlayerCount": 240,
        "LinkVideo": "https://files.catbox.moe/9240x9.webm",
        "LinkMp3": "https://files.catbox.moe/jz9jlw.mp3"
    },
    {
        "animeEng": "Welcome to the Ballroom",
        "animeRomaji": "Ballroom e Y\u014dkoso",
        "songName": "10% roll, 10% romance",
        "artist": "UNISON SQUARE GARDEN",
        "type": "Opening 1",
        "correctCount": 127,
        "startTime": 44,
        "songDuration": 88.896,
        "songNumber": 10,
        "activePlayerCount": 240,
        "LinkVideo": "https://files.catbox.moe/asfmpp.webm",
        "LinkMp3": "https://files.catbox.moe/siq9ay.mp3"
    },
    {
        "animeEng": "Detective Conan: 16 Suspects",
        "animeRomaji": "Detective Conan: 16 Suspects",
        "songName": "Winter Bells",
        "artist": "Mai Kuraki",
        "type": "Ending 1",
        "correctCount": 117,
        "startTime": 54,
        "songDuration": 101.424,
        "songNumber": 11,
        "activePlayerCount": 238,
        "LinkVideo": "https://files.catbox.moe/mhb4e5.webm",
        "LinkMp3": "https://files.catbox.moe/80wbgl.mp3"
    },
    {
        "animeEng": "Happiness!",
        "animeRomaji": "Happiness!",
        "songName": "Magical\u2605Generation",
        "artist": "Yui Sakakibara",
        "type": "Ending 1",
        "correctCount": 8,
        "startTime": 11,
        "songDuration": 88.848,
        "songNumber": 12,
        "activePlayerCount": 237,
        "LinkVideo": "https://files.catbox.moe/5e3bjk.webm",
        "LinkMp3": "https://files.catbox.moe/lokgxf.mp3"
    },
    {
        "animeEng": "Akagami no Shirayuki-hime: Nandemonai Takaramono, Kono Page",
        "animeRomaji": "Akagami no Shirayuki-hime: Nandemonai Takaramono, Kono Page",
        "songName": "Yasashii Kib\u014d",
        "artist": "Saori Hayami",
        "type": "Opening 1",
        "correctCount": 133,
        "startTime": 23,
        "songDuration": 89.112,
        "songNumber": 13,
        "activePlayerCount": 238,
        "LinkVideo": "https://files.catbox.moe/p4859c.webm",
        "LinkMp3": "https://files.catbox.moe/io8oex.mp3"
    },
    {
        "animeEng": "Gakuen Utopia Manabi Straight!",
        "animeRomaji": "Gakuen Utopia Manabi Straight!",
        "songName": "A Happy Life",
        "artist": "Megumi Hayashibara",
        "type": "Opening 1",
        "correctCount": 42,
        "startTime": 26,
        "songDuration": 89.952,
        "songNumber": 14,
        "activePlayerCount": 238,
        "LinkVideo": "https://files.catbox.moe/z2ecfm.webm",
        "LinkMp3": "https://files.catbox.moe/lpee6u.mp3"
    },
    {
        "animeEng": "This Art Club Has a Problem!",
        "animeRomaji": "Kono Bijutsu-bu ni wa Mondai ga Aru!",
        "songName": "STARTING NOW!",
        "artist": "Nana Mizuki",
        "type": "Opening 1",
        "correctCount": 129,
        "startTime": 32,
        "songDuration": 88.968,
        "songNumber": 15,
        "activePlayerCount": 238,
        "LinkVideo": "https://animethemes.moe/video/Konobi-OP1.webm",
        "LinkMp3": "https://files.catbox.moe/67chv8.mp3"
    },
    {
        "animeEng": "Shimajir\u014d to Kujira no Uta",
        "animeRomaji": "Shimajir\u014d to Kujira no Uta",
        "songName": "Tomodachi no Wow!",
        "artist": "PUFFY",
        "type": "Ending 1",
        "correctCount": 5,
        "startTime": 101,
        "songDuration": 253.968,
        "songNumber": 16,
        "activePlayerCount": 239,
        "LinkVideo": "https://files.catbox.moe/q9pe6s.webm",
        "LinkMp3": "https://files.catbox.moe/5j1t91.mp3",
        "correctPlayers": [
            "watashiii",
            "neulztan",
            "nf1",
            "HitoriBocchi",
            "oh95"
        ]
    },
    {
        "animeEng": "Cybersix",
        "animeRomaji": "Cybersix",
        "songName": "Deep In My Heart",
        "artist": "Coral Egan",
        "type": "Opening 1",
        "correctCount": 41,
        "startTime": 24,
        "songDuration": 59.114086,
        "songNumber": 17,
        "activePlayerCount": 237,
        "LinkVideo": "https://files.catbox.moe/cj5os5.webm",
        "LinkMp3": "https://files.catbox.moe/eapyui.mp3"
    },
    {
        "animeEng": "K-ON! The Movie",
        "animeRomaji": "K-ON! Movie",
        "songName": "Gohan wa Okazu",
        "artist": "Ho-Kago Tea Time",
        "type": "Insert Song",
        "correctCount": 122,
        "startTime": 35,
        "songDuration": 144.456,
        "songNumber": 18,
        "activePlayerCount": 233,
        "LinkVideo": "https://files.catbox.moe/crrvxz.webm",
        "LinkMp3": "https://files.catbox.moe/lxcpdj.mp3"
    },
    {
        "animeEng": "Castle Town Dandelion",
        "animeRomaji": "J\u014dkamachi no Dandelion",
        "songName": "Ring Ring Rainbow!!",
        "artist": "YuiKaori",
        "type": "Opening 1",
        "correctCount": 85,
        "startTime": 31,
        "songDuration": 88.992,
        "songNumber": 19,
        "activePlayerCount": 234,
        "LinkVideo": "https://files.catbox.moe/0qx3gc.webm",
        "LinkMp3": "https://files.catbox.moe/23am8f.mp3"
    },
    {
        "animeEng": "Aikatsu!",
        "animeRomaji": "Aikatsu!",
        "songName": "Hello New World",
        "artist": "Kana from AIKATSU\u2606STARS!",
        "type": "Insert Song",
        "correctCount": 86,
        "startTime": 30,
        "songDuration": 116.088,
        "songNumber": 20,
        "activePlayerCount": 234,
        "LinkVideo": "https://files.catbox.moe/u4teni.webm",
        "LinkMp3": "https://files.catbox.moe/4wxuzb.mp3"
    },
    {
        "animeEng": "To",
        "animeRomaji": "To",
        "songName": "Humanity",
        "artist": "Tetsuya Takahashi",
        "type": "Opening 1",
        "correctCount": 14,
        "startTime": 4,
        "songDuration": 62.472,
        "songNumber": 21,
        "activePlayerCount": 234,
        "LinkVideo": "https://files.catbox.moe/1sz019.webm",
        "LinkMp3": "https://files.catbox.moe/qoj6k3.mp3"
    },
    {
        "animeEng": "Mobile Suit Gundam AGE",
        "animeRomaji": "Kid\u014d Senshi Gundam AGE",
        "songName": "AURORA",
        "artist": "Eir Aoi",
        "type": "Opening 4",
        "correctCount": 15,
        "startTime": 12,
        "songDuration": 88.56,
        "songNumber": 22,
        "activePlayerCount": 232,
        "LinkVideo": "https://files.catbox.moe/hyut5k.webm",
        "LinkMp3": "https://files.catbox.moe/wmgshv.mp3"
    },
    {
        "animeEng": "Lupin III: Missed by a Dollar",
        "animeRomaji": "Lupin Sansei: $1 Money Wars",
        "songName": "TAKE ME (Love Squall)",
        "artist": "Yuji Ohno Trio with Lileth",
        "type": "Insert Song",
        "correctCount": 0,
        "startTime": 2,
        "songDuration": 86.112,
        "songNumber": 23,
        "activePlayerCount": 234,
        "LinkVideo": "https://files.catbox.moe/m8bcui.webm",
        "LinkMp3": "https://files.catbox.moe/qpk2l3.mp3"
    },
    {
        "animeEng": "Himitsu Kessha Taka no Tsume MAX",
        "animeRomaji": "Himitsu Kessha Taka no Tsume MAX",
        "songName": "Dance! Dance! Taka no Tsume",
        "artist": "FROGMAN to Red Chili Gasshou-dan",
        "type": "Ending 3",
        "correctCount": 8,
        "startTime": 0,
        "songDuration": 30.264,
        "songNumber": 24,
        "activePlayerCount": 234,
        "LinkVideo": "https://files.catbox.moe/8t62dx.webm",
        "LinkMp3": "https://files.catbox.moe/241fl2.mp3"
    },
    {
        "animeEng": "Daily Lives of High School Boys",
        "animeRomaji": "Danshi K\u014dk\u014dsei no Nichij\u014d",
        "songName": "Ohisama",
        "artist": "Amesaki Annainin",
        "type": "Ending 2",
        "correctCount": 142,
        "startTime": 30,
        "songDuration": 82.536,
        "songNumber": 25,
        "activePlayerCount": 234,
        "LinkVideo": "https://files.catbox.moe/g7hgrs.webm",
        "LinkMp3": "https://files.catbox.moe/gmmdjw.mp3"
    },
    {
        "animeEng": "Super Yo-Yo",
        "animeRomaji": "Ch\u014dsoku Spinner",
        "songName": "LOOP&LOOP",
        "artist": "Showtaro Morikubo",
        "type": "Opening 2",
        "correctCount": 5,
        "startTime": 50,
        "songDuration": 94.776,
        "songNumber": 26,
        "activePlayerCount": 234,
        "LinkVideo": "https://files.catbox.moe/bc6tgi.webm",
        "LinkMp3": "https://files.catbox.moe/2tuyel.mp3",
        "correctPlayers": [
            "Darkyuzuko",
            "elusiveduck",
            "death_sv",
            "nf1",
            "Rukawa11"
        ]
    },
    {
        "animeEng": "Belle and Sebastian",
        "animeRomaji": "Meiken Jolie",
        "songName": "Futari de Hanbunko",
        "artist": "Mitsuko Horie, Mori no Ki Jidou Gasshou-dan, Tea Tea Ne & Children's Chorus",
        "type": "Ending 1",
        "correctCount": 7,
        "startTime": 30,
        "songDuration": 83.064,
        "songNumber": 27,
        "activePlayerCount": 232,
        "LinkVideo": "https://files.catbox.moe/a4e01f.webm",
        "LinkMp3": "https://files.catbox.moe/3mza99.mp3"
    },
    {
        "animeEng": "Eiga Crayon Shin-chan Sh\u016brai! Uch\u016bjin Shiriri",
        "animeRomaji": "Eiga Crayon Shin-chan Sh\u016brai! Uch\u016bjin Shiriri",
        "songName": "Kimi ni 100 Percent",
        "artist": "Kyary Pamyu Pamyu",
        "type": "Opening 1",
        "correctCount": 180,
        "startTime": 21,
        "songDuration": 64.968,
        "songNumber": 28,
        "activePlayerCount": 232,
        "LinkVideo": "https://files.catbox.moe/u5o5ht.webm",
        "LinkMp3": "https://files.catbox.moe/10kzyd.mp3"
    },
    {
        "animeEng": "The Disappearance of Haruhi Suzumiya",
        "animeRomaji": "Suzumiya Haruhi no Sh\u014dshitsu",
        "songName": "Bouken Desho Desho?",
        "artist": "Aya Hirano",
        "type": "Opening 1",
        "correctCount": 177,
        "startTime": 23,
        "songDuration": 90.552,
        "songNumber": 29,
        "activePlayerCount": 233,
        "LinkVideo": "https://files.catbox.moe/1ogrky.webm",
        "LinkMp3": "https://files.catbox.moe/pp1tnm.mp3"
    },
    {
        "animeEng": "Hora, Mimi ga Mieteru yo!",
        "animeRomaji": "Hora, Mimi ga Mieteru yo!",
        "songName": "Mimimimi\u2606Puwappu",
        "artist": "Tsukino Amasato",
        "type": "Opening 1",
        "correctCount": 126,
        "startTime": 0,
        "songDuration": 9.92636,
        "songNumber": 30,
        "activePlayerCount": 235,
        "LinkVideo": "https://files.catbox.moe/2akzcu.webm",
        "LinkMp3": "https://files.catbox.moe/5hyr6o.mp3"
    },
    {
        "animeEng": "Croket!",
        "animeRomaji": "Croket!",
        "songName": "Miracle High tension!",
        "artist": "Psycho Croket",
        "type": "Opening 1",
        "correctCount": 9,
        "startTime": 20,
        "songDuration": 89.20663,
        "songNumber": 31,
        "activePlayerCount": 234,
        "LinkVideo": "https://files.catbox.moe/a2ndfv.webm",
        "LinkMp3": "https://files.catbox.moe/38l68g.mp3"
    },
    {
        "animeEng": "Minami-ke: Tadaima",
        "animeRomaji": "Minami-ke: Tadaima",
        "songName": "Let's Oyasai",
        "artist": "Daisuke Ono & Minori Chihara",
        "type": "Insert Song",
        "correctCount": 11,
        "startTime": 74,
        "songDuration": 119.04,
        "songNumber": 32,
        "activePlayerCount": 233,
        "LinkVideo": "https://files.catbox.moe/dzq3o2.webm",
        "LinkMp3": "https://files.catbox.moe/db52r1.mp3"
    },
    {
        "animeEng": "Battle Spirits: Brave",
        "animeRomaji": "Battle Spirits: Brave",
        "songName": "free",
        "artist": "Karasu",
        "type": "Opening 1",
        "correctCount": 6,
        "startTime": 13,
        "songDuration": 88.55358,
        "songNumber": 33,
        "activePlayerCount": 233,
        "LinkVideo": "https://files.catbox.moe/fsorbj.webm",
        "LinkMp3": "https://files.catbox.moe/6m28x5.mp3"
    },
    {
        "animeEng": "The Garden of Sinners",
        "animeRomaji": "Kara no Ky\u014dkai",
        "songName": "snow is falling",
        "artist": "Kalafina",
        "type": "Ending 1",
        "correctCount": 55,
        "startTime": 66,
        "songDuration": 161.256,
        "songNumber": 34,
        "activePlayerCount": 232,
        "LinkVideo": "https://files.catbox.moe/8wohdc.webm",
        "LinkMp3": "https://files.catbox.moe/fiisdu.mp3"
    },
    {
        "animeEng": "Mobile Suit Gundam",
        "animeRomaji": "Kid\u014d Senshi Gundam",
        "songName": "Tobe! Gundam",
        "artist": "Koh Ikeda",
        "type": "Opening 1",
        "correctCount": 127,
        "startTime": 34,
        "songDuration": 89.064,
        "songNumber": 35,
        "activePlayerCount": 232,
        "LinkVideo": "https://files.catbox.moe/7dyr7q.webm",
        "LinkMp3": "https://files.catbox.moe/aavikc.mp3"
    },
    {
        "animeEng": "Gintama'",
        "animeRomaji": "Gintama'",
        "songName": "Ring a Ding Dong",
        "artist": "Saeko Suzuki",
        "type": "Ending 1",
        "correctCount": 29,
        "startTime": 46,
        "songDuration": 88.296,
        "songNumber": 36,
        "activePlayerCount": 232,
        "LinkVideo": "https://files.catbox.moe/xxx0i9.webm",
        "LinkMp3": "https://files.catbox.moe/kg8c5u.mp3"
    },
    {
        "animeEng": "Mazinkaiser: Shit\u014d! Ankoku Daishogun",
        "animeRomaji": "Mazinkaiser: Shit\u014d! Ankoku Daishogun",
        "songName": "The Gate of the Hell",
        "artist": "JAM Project featuring Yoshiki Fukuyama",
        "type": "Opening 1",
        "correctCount": 22,
        "startTime": 85,
        "songDuration": 219.4808,
        "songNumber": 37,
        "activePlayerCount": 231,
        "LinkVideo": "https://files.catbox.moe/drrl2i.webm",
        "LinkMp3": "https://files.catbox.moe/l3ct1i.mp3"
    },
    {
        "animeEng": "Dragon Ball Super: Broly",
        "animeRomaji": "Dragon Ball Super: Broly",
        "songName": "Blizzard",
        "artist": "Daichi Miura",
        "type": "Ending 1",
        "correctCount": 88,
        "startTime": 179,
        "songDuration": 219.576,
        "songNumber": 38,
        "activePlayerCount": 231,
        "LinkVideo": "https://files.catbox.moe/dibbz1.webm",
        "LinkMp3": "https://files.catbox.moe/ckxx3k.mp3"
    },
    {
        "animeEng": "Ladius",
        "animeRomaji": "Demon Frontier Legend Le Deus",
        "songName": "Midnight shout",
        "artist": "Midori Karashima",
        "type": "Opening 1",
        "correctCount": 10,
        "startTime": 40,
        "songDuration": 123.048,
        "songNumber": 39,
        "activePlayerCount": 229,
        "LinkVideo": "https://files.catbox.moe/klfe1x.webm",
        "LinkMp3": "https://files.catbox.moe/a0cdl8.mp3"
    },
    {
        "animeEng": "Zan Sayonara Zetsub\u014d Sensei",
        "animeRomaji": "Zan Sayonara Zetsub\u014d Sensei",
        "songName": "Zetsub\u014d Sensei Ekaki Uta",
        "artist": "Yu Kobayashi, Yuko Goto",
        "type": "Insert Song",
        "correctCount": 65,
        "startTime": 0,
        "songDuration": 41.256,
        "songNumber": 40,
        "activePlayerCount": 228,
        "LinkVideo": "https://files.catbox.moe/j56ebx.webm",
        "LinkMp3": "https://files.catbox.moe/u4tmct.mp3"
    },
    {
        "animeEng": "Pichi Pichi Pitch",
        "animeRomaji": "Mermaid Melody: Pichi Pichi Pitch",
        "songName": "Yami no Baroque",
        "artist": "Miki Tsuchiya & Noriko Shitaya",
        "type": "Insert Song",
        "correctCount": 21,
        "startTime": 42,
        "songDuration": 86.448,
        "songNumber": 41,
        "activePlayerCount": 229,
        "LinkVideo": "https://files.catbox.moe/a4c3fp.webm",
        "LinkMp3": "https://files.catbox.moe/m12vmu.mp3"
    },
    {
        "animeEng": "Steel God Jeeg",
        "animeRomaji": "Kotetsushin Jeeg",
        "songName": "STORMBRINGER",
        "artist": "JAM Project",
        "type": "Opening 1",
        "correctCount": 15,
        "startTime": 9,
        "songDuration": 86.592,
        "songNumber": 42,
        "activePlayerCount": 229,
        "LinkVideo": "https://files.catbox.moe/ld3to1.webm",
        "LinkMp3": "https://files.catbox.moe/4pdxd5.mp3"
    },
    {
        "animeEng": "Yu-Gi-Oh! Arc-V",
        "animeRomaji": "Yu-Gi-Oh! Arc-V",
        "songName": "ARC of Smile!",
        "artist": "BOYS AND MEN",
        "type": "Ending 3",
        "correctCount": 19,
        "startTime": 4,
        "songDuration": 86.28,
        "songNumber": 43,
        "activePlayerCount": 228,
        "LinkVideo": "https://files.catbox.moe/c3dfh3.webm",
        "LinkMp3": "https://files.catbox.moe/i9lh9u.mp3"
    },
    {
        "animeEng": "Saber Marionette J",
        "animeRomaji": "Saber Marionette J",
        "songName": "Kib\u014d no Theme",
        "artist": "Megumi Iwamoto",
        "type": "Insert Song",
        "correctCount": 4,
        "startTime": 17,
        "songDuration": 68.204542,
        "songNumber": 44,
        "activePlayerCount": 228,
        "LinkVideo": "https://files.catbox.moe/cm1lnd.webm",
        "LinkMp3": "https://files.catbox.moe/4cvvfu.mp3",
        "correctPlayers": [
            "SrKristiano",
            "vianor",
            "normi",
            "nf1"
        ]
    },
    {
        "animeEng": "Digimon Adventure tri. Chapter 3: Confession",
        "animeRomaji": "Digimon Adventure tri. Kokuhaku",
        "songName": "Butter-Fly~tri.Version~",
        "artist": "Kouji Wada",
        "type": "Opening 1",
        "correctCount": 149,
        "startTime": 14,
        "songDuration": 89.049898,
        "songNumber": 45,
        "activePlayerCount": 228,
        "LinkVideo": "https://files.catbox.moe/u4apn4.webm",
        "LinkMp3": "https://files.catbox.moe/1h70yn.mp3"
    },
    {
        "animeEng": "The White Whale of Mu",
        "animeRomaji": "M\u016b no Hakugei",
        "songName": "M\u016b e Tobe",
        "artist": "Ichiro Mizuki & Suginami Jidou Gassho-dan",
        "type": "Opening 1",
        "correctCount": 1,
        "startTime": 15,
        "songDuration": 83.568,
        "songNumber": 46,
        "activePlayerCount": 226,
        "LinkVideo": "https://files.catbox.moe/3i9pas.webm",
        "LinkMp3": "https://files.catbox.moe/kyj57k.mp3",
        "correctPlayers": [
            "Rukawa11"
        ]
    },
    {
        "animeEng": "Fate/stay night",
        "animeRomaji": "Fate/stay night",
        "songName": "disillusion",
        "artist": "Sachi Tainaka",
        "type": "Opening 1",
        "correctCount": 132,
        "startTime": 36,
        "songDuration": 90.048,
        "songNumber": 47,
        "activePlayerCount": 227,
        "LinkVideo": "https://files.catbox.moe/j7twby.webm",
        "LinkMp3": "https://files.catbox.moe/w5mz70.mp3"
    },
    {
        "animeEng": "Idol Time PriPara",
        "animeRomaji": "Idol Time PriPara",
        "songName": "Panic Labyrinth",
        "artist": "Reina Ueda",
        "type": "Insert Song",
        "correctCount": 44,
        "startTime": 0,
        "songDuration": 36.408,
        "songNumber": 48,
        "activePlayerCount": 226,
        "LinkVideo": "https://files.catbox.moe/77rep8.webm",
        "LinkMp3": "https://files.catbox.moe/ikavji.mp3"
    },
    {
        "animeEng": "gdgd Fairies",
        "animeRomaji": "gdgd Fairies",
        "songName": "Oide yo! Yousei no Mori",
        "artist": "gdgd Fairies",
        "type": "Opening 1",
        "correctCount": 135,
        "startTime": 16,
        "songDuration": 50.376,
        "songNumber": 49,
        "activePlayerCount": 225,
        "LinkVideo": "https://files.catbox.moe/9e74dl.webm",
        "LinkMp3": "https://files.catbox.moe/1bxji1.mp3"
    },
    {
        "animeEng": "The Familiar of Zero",
        "animeRomaji": "Zero no Tsukaima",
        "songName": "Honto no Kimochi",
        "artist": "Rie Kugimiya",
        "type": "Ending 1",
        "correctCount": 82,
        "startTime": 35,
        "songDuration": 88.296,
        "songNumber": 50,
        "activePlayerCount": 225,
        "LinkVideo": "https://openings.moe/video/ZeroNoTsukaima-ED01-NCBD.webm",
        "LinkMp3": "https://files.catbox.moe/gdnc2y.mp3"
    },
    {
        "animeEng": "School Days: Magical Heart Kokoro-chan",
        "animeRomaji": "School Days: Magical Heart Kokoro-chan",
        "songName": "Magical Heart Kokoro-chan Theme",
        "artist": "Megu Ashiro",
        "type": "Opening 1",
        "correctCount": 31,
        "startTime": 53,
        "songDuration": 96.625278,
        "songNumber": 51,
        "activePlayerCount": 225,
        "LinkVideo": "https://files.catbox.moe/per2t8.webm",
        "LinkMp3": "https://files.catbox.moe/a7drom.mp3"
    },
    {
        "animeEng": "Mobile Suit Gundam AGE",
        "animeRomaji": "Kid\u014d Senshi Gundam AGE",
        "songName": "sharp#",
        "artist": "Negoto",
        "type": "Opening 2",
        "correctCount": 33,
        "startTime": 41,
        "songDuration": 88.824,
        "songNumber": 52,
        "activePlayerCount": 224,
        "LinkVideo": "https://files.catbox.moe/o2ivhp.webm",
        "LinkMp3": "https://files.catbox.moe/7m0szb.mp3"
    },
    {
        "animeEng": "JoJo's Bizarre Adventure: Diamond Is Unbreakable",
        "animeRomaji": "JoJo no Kimy\u014d na B\u014dken: Diamond wa Kudakenai",
        "songName": "Crazy Noisy Bizarre Town ~EDM arrange ver.~",
        "artist": "THE DU",
        "type": "Opening 2",
        "correctCount": 161,
        "startTime": 35,
        "songDuration": 72.192,
        "songNumber": 53,
        "activePlayerCount": 225,
        "LinkVideo": "https://files.catbox.moe/q95dxt.webm",
        "LinkMp3": "https://files.catbox.moe/dlxzvy.mp3"
    },
    {
        "animeEng": "anohana: The Flower We Saw That Day",
        "animeRomaji": "Ano Hi Mita Hana no Namae o Boku-tachi wa Mada Shiranai.",
        "songName": "Circle Game",
        "artist": "Galileo Galilei",
        "type": "Ending 1",
        "correctCount": 103,
        "startTime": 12,
        "songDuration": 278.568,
        "songNumber": 54,
        "activePlayerCount": 225,
        "LinkVideo": "https://files.catbox.moe/qh0ug8.webm",
        "LinkMp3": "https://files.catbox.moe/iw7w2e.mp3"
    },
    {
        "animeEng": "Macross Frontier",
        "animeRomaji": "Macross Frontier",
        "songName": "Ai Oboete Imasu ka",
        "artist": "Megumi Nakajima",
        "type": "Insert Song",
        "correctCount": 47,
        "startTime": 13,
        "songDuration": 90.936,
        "songNumber": 55,
        "activePlayerCount": 223,
        "LinkVideo": "https://files.catbox.moe/g7hj5i.webm",
        "LinkMp3": "https://files.catbox.moe/bya05b.mp3"
    },
    {
        "animeEng": "Gunbuster",
        "animeRomaji": "Gunbuster",
        "songName": "Active Heart",
        "artist": "Noriko Sakai",
        "type": "Ending 2",
        "correctCount": 56,
        "startTime": 150,
        "songDuration": 186.96,
        "songNumber": 56,
        "activePlayerCount": 223,
        "LinkVideo": "https://files.catbox.moe/lqmot5.webm",
        "LinkMp3": "https://files.catbox.moe/b75ye9.mp3"
    },
    {
        "animeEng": "Case file n\u00b0221 : Kabukicho",
        "animeRomaji": "Kabukich\u014d Sherlock",
        "songName": "PIPECAT Boogie",
        "artist": "Junichi Suwabe",
        "type": "Insert Song",
        "correctCount": 75,
        "startTime": 9,
        "songDuration": 46.68,
        "songNumber": 57,
        "activePlayerCount": 222,
        "LinkVideo": "https://files.catbox.moe/orlhel.webm",
        "LinkMp3": "https://files.catbox.moe/dwms4a.mp3"
    },
    {
        "animeEng": "sweetness & lightning",
        "animeRomaji": "Amaama to Inazuma",
        "songName": "Harebare Fanfare",
        "artist": "MimimemeMIMI",
        "type": "Opening 1",
        "correctCount": 104,
        "startTime": 21,
        "songDuration": 88.344,
        "songNumber": 58,
        "activePlayerCount": 220,
        "LinkVideo": "https://files.catbox.moe/j498uk.webm",
        "LinkMp3": "https://files.catbox.moe/e2yrgq.mp3"
    },
    {
        "animeEng": "Aikatsu!",
        "animeRomaji": "Aikatsu!",
        "songName": "Hello New World",
        "artist": "Kana\u30fbRuka from AIKATSU\u2606STARS!",
        "type": "Insert Song",
        "correctCount": 94,
        "startTime": 71,
        "songDuration": 115.272,
        "songNumber": 59,
        "activePlayerCount": 220,
        "LinkVideo": "https://files.catbox.moe/fz7w9f.webm",
        "LinkMp3": "https://files.catbox.moe/lp2t4u.mp3"
    },
    {
        "animeEng": "OniAi",
        "animeRomaji": "OniAi",
        "songName": "SELF PRODUCER",
        "artist": "Minori Chihara",
        "type": "Opening 1",
        "correctCount": 98,
        "startTime": 31,
        "songDuration": 89.136,
        "songNumber": 60,
        "activePlayerCount": 220,
        "LinkVideo": "https://files.catbox.moe/3r8oar.webm",
        "LinkMp3": "https://files.catbox.moe/ff2zgk.mp3"
    },
    {
        "animeEng": "Aria the Scarlet Ammo AA",
        "animeRomaji": "Hidan no Aria AA",
        "songName": "Bull's Eye",
        "artist": "nano",
        "type": "Opening 1",
        "correctCount": 74,
        "startTime": 43,
        "songDuration": 88.176,
        "songNumber": 61,
        "activePlayerCount": 220,
        "LinkVideo": "https://files.catbox.moe/zj2iq8.webm",
        "LinkMp3": "https://files.catbox.moe/k7la5g.mp3"
    },
    {
        "animeEng": "Uta no\u2606Prince-sama\u266aMaji LOVE Legend Star",
        "animeRomaji": "Uta no\u2606Prince-sama\u266aMaji LOVE Legend Star",
        "songName": "Yume o Uta e to...",
        "artist": "ST\u2606RISH, QUARTET NIGHT, HE\u2605VENS",
        "type": "Insert Song",
        "correctCount": 1,
        "startTime": 106,
        "songDuration": 337.296,
        "songNumber": 62,
        "activePlayerCount": 219,
        "LinkVideo": "https://files.catbox.moe/33n98b.webm",
        "LinkMp3": "https://files.catbox.moe/u9gdb2.mp3",
        "correctPlayers": [
            "HitoriBocchi"
        ]
    },
    {
        "animeEng": "Love Live! Sunshine!!",
        "animeRomaji": "Love Live! School idol project Sunshine!!",
        "songName": "MIRACLE WAVE",
        "artist": "Aqours",
        "type": "Insert Song",
        "correctCount": 69,
        "startTime": 22,
        "songDuration": 98.568,
        "songNumber": 63,
        "activePlayerCount": 218,
        "LinkVideo": "https://files.catbox.moe/hhyvkn.webm",
        "LinkMp3": "https://files.catbox.moe/cur5kq.mp3"
    },
    {
        "animeEng": "Orguss 02",
        "animeRomaji": "Cho Jiku Seiki Orguss 02",
        "songName": "Fushigi wo Mitsumete",
        "artist": "Hikashu",
        "type": "Opening 1",
        "correctCount": 8,
        "startTime": 7,
        "songDuration": 99.024,
        "songNumber": 64,
        "activePlayerCount": 219,
        "LinkVideo": "https://files.catbox.moe/063kq3.webm",
        "LinkMp3": "https://files.catbox.moe/ifw82v.mp3"
    },
    {
        "animeEng": "Seven Mortal Sins",
        "animeRomaji": "sin Nanatsu no Taizai",
        "songName": "Binetsu na ASUDEKO",
        "artist": "Eri Kitamura \u00d7 Azusa Tadokoro",
        "type": "Insert Song",
        "correctCount": 6,
        "startTime": 52,
        "songDuration": 89.568,
        "songNumber": 65,
        "activePlayerCount": 219,
        "LinkVideo": "https://files.catbox.moe/dm78vs.webm",
        "LinkMp3": "https://files.catbox.moe/c8eyxa.mp3"
    },
    {
        "animeEng": "One Punch Man",
        "animeRomaji": "One Punch Man",
        "songName": "Genos no One-Punch Ondo",
        "artist": "Kaito Ishikawa",
        "type": "Ending 2",
        "correctCount": 111,
        "startTime": 1,
        "songDuration": 93.672,
        "songNumber": 66,
        "activePlayerCount": 219,
        "LinkVideo": "https://files.catbox.moe/nhsbgx.webm",
        "LinkMp3": "https://files.catbox.moe/ef6fe2.mp3"
    },
    {
        "animeEng": "Major",
        "animeRomaji": "Major",
        "songName": "Saraba Aoki Omokage",
        "artist": "Road of Major",
        "type": "Opening 2",
        "correctCount": 22,
        "startTime": 32,
        "songDuration": 87.560944,
        "songNumber": 67,
        "activePlayerCount": 216,
        "LinkVideo": "https://files.catbox.moe/r9h0xy.webm",
        "LinkMp3": "https://files.catbox.moe/jfx337.mp3"
    },
    {
        "animeEng": "The IDOLM@STER CINDERELLA GIRLS Theater",
        "animeRomaji": "The IDOLM@STER CINDERELLA GIRLS Theater",
        "songName": "Kirarin Robo no Theme",
        "artist": "Rei Matsuzaki",
        "type": "Ending 5",
        "correctCount": 8,
        "startTime": 0,
        "songDuration": 84.06525,
        "songNumber": 68,
        "activePlayerCount": 215,
        "LinkVideo": "https://files.catbox.moe/nkxvbs.webm",
        "LinkMp3": "https://files.catbox.moe/qzetpd.mp3"
    },
    {
        "animeEng": "X OVA",
        "animeRomaji": "X OVA",
        "songName": "STRENGTH",
        "artist": "Kouhei Koizumi",
        "type": "Ending 1",
        "correctCount": 1,
        "startTime": 106,
        "songDuration": 185.784,
        "songNumber": 69,
        "activePlayerCount": 215,
        "LinkVideo": "https://files.catbox.moe/m0c18i.webm",
        "LinkMp3": "https://files.catbox.moe/i7pv7d.mp3",
        "correctPlayers": [
            "nf1"
        ]
    },
    {
        "animeEng": "Kiddy Grade",
        "animeRomaji": "Kiddy Grade",
        "songName": "FUTURE",
        "artist": "Little Viking",
        "type": "Ending 1",
        "correctCount": 17,
        "startTime": 42,
        "songDuration": 87.192,
        "songNumber": 70,
        "activePlayerCount": 215,
        "LinkVideo": "https://files.catbox.moe/cmm5uv.webm",
        "LinkMp3": "https://files.catbox.moe/x4eanq.mp3"
    },
    {
        "animeEng": "Ojii-san no Lamp",
        "animeRomaji": "Ojii-san no Lamp",
        "songName": "Onii-chan",
        "artist": "Crazy Ken Band",
        "type": "Opening 1",
        "correctCount": 16,
        "startTime": 25,
        "songDuration": 83.303058,
        "songNumber": 71,
        "activePlayerCount": 214,
        "LinkVideo": "https://files.catbox.moe/ozufc5.webm",
        "LinkMp3": "https://files.catbox.moe/llnn7k.mp3"
    },
    {
        "animeEng": "Code Geass: Lelouch of the Rebellion Remake Movies",
        "animeRomaji": "Code Geass: Hangyaku no Lelouch Remake Movies",
        "songName": "WORLD END",
        "artist": "FLOW",
        "type": "Opening 3",
        "correctCount": 103,
        "startTime": 11,
        "songDuration": 90.173144,
        "songNumber": 72,
        "activePlayerCount": 215,
        "LinkVideo": "https://files.catbox.moe/6uzql6.webm",
        "LinkMp3": "https://files.catbox.moe/1v7ddt.mp3"
    },
    {
        "animeEng": "Black Jack 21",
        "animeRomaji": "Black Jack 21",
        "songName": "Gekkouka",
        "artist": "Janne Da Arc",
        "type": "Insert Song",
        "correctCount": 29,
        "startTime": 19,
        "songDuration": 65.136,
        "songNumber": 73,
        "activePlayerCount": 215,
        "LinkVideo": "https://files.catbox.moe/exmri4.webm",
        "LinkMp3": "https://files.catbox.moe/c4h3e0.mp3"
    },
    {
        "animeEng": "AFTERLOST",
        "animeRomaji": "Sh\u014dmetsu Toshi",
        "songName": "Kotae",
        "artist": "Mao Abe",
        "type": "Opening 1",
        "correctCount": 34,
        "startTime": 1,
        "songDuration": 89.184,
        "songNumber": 74,
        "activePlayerCount": 214,
        "LinkVideo": "https://files.catbox.moe/2calg1.webm",
        "LinkMp3": "https://files.catbox.moe/54ldbz.mp3"
    },
    {
        "animeEng": "Onara Goro",
        "animeRomaji": "Onara Goro",
        "songName": "MECHA DESOUNARA ~Subete ni Sayo Onara~",
        "artist": "AndCrazy",
        "type": "Ending 1",
        "correctCount": 23,
        "startTime": 0,
        "songDuration": 29.568,
        "songNumber": 75,
        "activePlayerCount": 212,
        "LinkVideo": "https://files.catbox.moe/m5isgo.webm",
        "LinkMp3": "https://files.catbox.moe/zyykh5.mp3"
    }
]