[
    {
        "animeEng": "Attack on Titan: The Roar of Awakening",
        "animeRomaji": "Shingeki no Kyojin Season 2: Kakusei no H\u014dk\u014d",
        "songName": "Barricades",
        "artist": "yosh, Gemie, mpi",
        "type": "Insert Song",
        "correctCount": 82,
        "startTime": 16,
        "songDuration": 54.961625,
        "songNumber": 1,
        "activePlayerCount": 212,
        "LinkVideo": "https://files.catbox.moe/cupqo7.webm",
        "LinkMp3": "https://files.catbox.moe/gialqc.mp3"
    },
    {
        "animeEng": "Heya Camp",
        "animeRomaji": "Heya Camp",
        "songName": "The Sunshower",
        "artist": "Asaka",
        "type": "Ending 1",
        "correctCount": 103,
        "startTime": 0,
        "songDuration": 29.448,
        "songNumber": 2,
        "activePlayerCount": 219,
        "LinkVideo": "https://files.catbox.moe/z63om0.webm",
        "LinkMp3": "https://files.catbox.moe/mwkvzl.mp3"
    },
    {
        "animeEng": "Godannar",
        "animeRomaji": "God and Spirit Combination Godannar!!",
        "songName": "Waganai wa Godannar",
        "artist": "Akira Kushida",
        "type": "Ending 2",
        "correctCount": 5,
        "startTime": 10,
        "songDuration": 87.95425,
        "songNumber": 3,
        "activePlayerCount": 220,
        "LinkVideo": "https://files.catbox.moe/9aut0h.webm",
        "LinkMp3": "https://files.catbox.moe/3pvo09.mp3",
        "correctPlayers": [
            "MexCZE",
            "80s",
            "Blacky_Doll",
            "Shirone",
            "Kasami"
        ]
    },
    {
        "animeEng": "Senryu Girl",
        "animeRomaji": "Senry\u016b Sh\u014djo",
        "songName": "Kotonoha no Omoi",
        "artist": "Sonoko Inoue",
        "type": "Opening 1",
        "correctCount": 91,
        "startTime": 3,
        "songDuration": 57.864,
        "songNumber": 4,
        "activePlayerCount": 218,
        "LinkVideo": "https://files.catbox.moe/pb3t47.webm",
        "LinkMp3": "https://files.catbox.moe/2bv9ys.mp3"
    },
    {
        "animeEng": "Glacier Warrior Gaislugger",
        "animeRomaji": "Hy\u014dga Senshi Gaislugger",
        "songName": "Hy\u014dga Senshi Gaislugger",
        "artist": "Ichiro Mizuki",
        "type": "Opening 1",
        "correctCount": 41,
        "startTime": 38,
        "songDuration": 79.992,
        "songNumber": 5,
        "activePlayerCount": 218,
        "LinkVideo": "https://files.catbox.moe/og7gvg.webm",
        "LinkMp3": "https://files.catbox.moe/cp57y2.mp3"
    },
    {
        "animeEng": "given",
        "animeRomaji": "given",
        "songName": "Fuyu no Hanashi",
        "artist": "Given",
        "type": "Insert Song",
        "correctCount": 84,
        "startTime": 130,
        "songDuration": 200.376,
        "songNumber": 6,
        "activePlayerCount": 218,
        "LinkVideo": "https://files.catbox.moe/98lvzn.webm",
        "LinkMp3": "https://files.catbox.moe/y9ug82.mp3"
    },
    {
        "animeEng": "Carole & Tuesday",
        "animeRomaji": "Carole & Tuesday",
        "songName": "La ballade",
        "artist": "Maika Loubt\u00e9",
        "type": "Insert Song",
        "correctCount": 81,
        "startTime": 5,
        "songDuration": 94.536,
        "songNumber": 7,
        "activePlayerCount": 218,
        "LinkVideo": "https://files.catbox.moe/vffwlm.webm",
        "LinkMp3": "https://files.catbox.moe/lcms5a.mp3"
    },
    {
        "animeEng": "Eiga Crayon Shin-chan: Ora no Hikkoshi Monogatari ~Saboten Daish\u016bgeki",
        "animeRomaji": "Eiga Crayon Shin-chan: Ora no Hikkoshi Monogatari ~Saboten Daish\u016bgeki",
        "songName": "Kimi ni 100 Percent",
        "artist": "Kyary Pamyu Pamyu",
        "type": "Opening 1",
        "correctCount": 168,
        "startTime": 25,
        "songDuration": 65.04,
        "songNumber": 8,
        "activePlayerCount": 217,
        "LinkVideo": "https://files.catbox.moe/7ztney.webm",
        "LinkMp3": "https://files.catbox.moe/cqvr3q.mp3"
    },
    {
        "animeEng": "Sword Art Online: Alicization - War of Underworld",
        "animeRomaji": "Sword Art Online: Alicization - War of Underworld",
        "songName": "unlasting",
        "artist": "LiSA",
        "type": "Ending 1",
        "correctCount": 100,
        "startTime": 40,
        "songDuration": 88.896,
        "songNumber": 9,
        "activePlayerCount": 216,
        "LinkVideo": "https://files.catbox.moe/vws1da.webm",
        "LinkMp3": "https://files.catbox.moe/d4tm9f.mp3"
    },
    {
        "animeEng": "Gakky\u016b-\u014d Yamazaki",
        "animeRomaji": "Gakky\u016b-\u014d Yamazaki",
        "songName": "Yamazaki Ichiban!",
        "artist": "Housei Yamasaki",
        "type": "Opening 1",
        "correctCount": 106,
        "startTime": 7,
        "songDuration": 91.68,
        "songNumber": 10,
        "activePlayerCount": 217,
        "LinkVideo": "https://files.catbox.moe/q8v5x7.webm",
        "LinkMp3": "https://files.catbox.moe/9cinlb.mp3"
    },
    {
        "animeEng": "ARP Backstage Pass",
        "animeRomaji": "ARP Backstage Pass",
        "songName": "CelebrateGoodTime",
        "artist": "ARP",
        "type": "Ending 1",
        "correctCount": 37,
        "startTime": 52,
        "songDuration": 95.28,
        "songNumber": 11,
        "activePlayerCount": 215,
        "LinkVideo": "https://files.catbox.moe/gpfz7o.webm",
        "LinkMp3": "https://files.catbox.moe/8wezat.mp3"
    },
    {
        "animeEng": "Viewtiful Joe",
        "animeRomaji": "Viewtiful Joe",
        "songName": "And you",
        "artist": "SaGa",
        "type": "Ending 1",
        "correctCount": 21,
        "startTime": 13,
        "songDuration": 89.592,
        "songNumber": 12,
        "activePlayerCount": 215,
        "LinkVideo": "https://files.catbox.moe/phseic.webm",
        "LinkMp3": "https://files.catbox.moe/za6rk3.mp3"
    },
    {
        "animeEng": "Story from Genji Agedama",
        "animeRomaji": "Genji Tsuushin Agedama",
        "songName": "Sekai wa Watashi no Tame ni",
        "artist": "Kaori Honma",
        "type": "Ending 1",
        "correctCount": 2,
        "startTime": 26,
        "songDuration": 93.744,
        "songNumber": 13,
        "activePlayerCount": 215,
        "LinkVideo": "https://files.catbox.moe/z3vtud.webm",
        "LinkMp3": "https://files.catbox.moe/o4dtf2.mp3",
        "correctPlayers": [
            "sukisho",
            "gael"
        ]
    },
    {
        "animeEng": "The Happy Section Chief",
        "animeRomaji": "Hana no Kakaricho",
        "songName": "Hana no Kakarichou",
        "artist": "Koorogi '73",
        "type": "Opening 1",
        "correctCount": 10,
        "startTime": 11,
        "songDuration": 75.312,
        "songNumber": 14,
        "activePlayerCount": 214,
        "LinkVideo": "https://files.catbox.moe/u9r61k.webm",
        "LinkMp3": "https://files.catbox.moe/p6qpgr.mp3"
    },
    {
        "animeEng": "Asura Cryin'",
        "animeRomaji": "Asura Cryin'",
        "songName": "Spiral",
        "artist": "angela",
        "type": "Opening 1",
        "correctCount": 53,
        "startTime": 55,
        "songDuration": 88.848,
        "songNumber": 15,
        "activePlayerCount": 214,
        "LinkVideo": "https://files.catbox.moe/nahpna.webm",
        "LinkMp3": "https://files.catbox.moe/76q1y5.mp3"
    },
    {
        "animeEng": "Science Fell in Love, So I Tried to Prove it",
        "animeRomaji": "Rikei ga Koi ni Ochita no de Sh\u014dmei Shite Mita",
        "songName": "PARADOX",
        "artist": "Sora Amamiya",
        "type": "Opening 1",
        "correctCount": 75,
        "startTime": 36,
        "songDuration": 86.620552,
        "songNumber": 16,
        "activePlayerCount": 212,
        "LinkVideo": "https://files.catbox.moe/baaa5i.webm",
        "LinkMp3": "https://files.catbox.moe/u5959l.mp3"
    },
    {
        "animeEng": "Eagle Talon: Golden Spell",
        "animeRomaji": "Himitsu Kessha Taka no Tsume: Golden Spell",
        "songName": "Chili Peppers",
        "artist": "EIKO\uff0bERIKO",
        "type": "Ending 1",
        "correctCount": 3,
        "startTime": 0,
        "songDuration": 31.032,
        "songNumber": 17,
        "activePlayerCount": 212,
        "LinkVideo": "https://files.catbox.moe/k5low6.webm",
        "LinkMp3": "https://files.catbox.moe/qbwg38.mp3",
        "correctPlayers": [
            "ATP",
            "MilkJiang",
            "Kazso"
        ]
    },
    {
        "animeEng": "Eiga Precure All Stars New Stage: Mirai no Tomodachi",
        "animeRomaji": "Eiga Precure All Stars New Stage: Mirai no Tomodachi",
        "songName": "Precure ~Eien no Tomodachi~",
        "artist": "Mayu Kudou",
        "type": "Opening 1",
        "correctCount": 7,
        "startTime": 28,
        "songDuration": 123.264,
        "songNumber": 18,
        "activePlayerCount": 211,
        "LinkVideo": "https://files.catbox.moe/qmne3p.webm",
        "LinkMp3": "https://files.catbox.moe/xe7ey5.mp3"
    },
    {
        "animeEng": "DARLING in the FRANXX",
        "animeRomaji": "DARLING in the FRANXX",
        "songName": "Escape",
        "artist": "XX:me",
        "type": "Ending 5",
        "correctCount": 94,
        "startTime": 2,
        "songDuration": 86.124234,
        "songNumber": 19,
        "activePlayerCount": 211,
        "LinkVideo": "https://files.catbox.moe/i56vqn.webm",
        "LinkMp3": "https://files.catbox.moe/w8yglx.mp3"
    },
    {
        "animeEng": "My Little Sister Can't Be This Cute!",
        "animeRomaji": "Oreimo",
        "songName": "irony",
        "artist": "ClariS",
        "type": "Opening 1",
        "correctCount": 132,
        "startTime": 16,
        "songDuration": 88.992,
        "songNumber": 20,
        "activePlayerCount": 210,
        "LinkVideo": "https://files.catbox.moe/fw9jxq.webm",
        "LinkMp3": "https://files.catbox.moe/7u2kmb.mp3"
    },
    {
        "animeEng": "School Babysitters",
        "animeRomaji": "Gakuen Babysitters",
        "songName": "Endless happy world",
        "artist": "Daisuke Ono",
        "type": "Opening 1",
        "correctCount": 51,
        "startTime": 23,
        "songDuration": 87.432,
        "songNumber": 21,
        "activePlayerCount": 210,
        "LinkVideo": "https://files.catbox.moe/6s6ko3.webm",
        "LinkMp3": "https://files.catbox.moe/lbt6uc.mp3"
    },
    {
        "animeEng": "Joker Game",
        "animeRomaji": "Joker Game",
        "songName": "Reason Triangle",
        "artist": "QUADRANGLE",
        "type": "Opening 1",
        "correctCount": 113,
        "startTime": 39,
        "songDuration": 88.968,
        "songNumber": 22,
        "activePlayerCount": 210,
        "LinkVideo": "https://files.catbox.moe/onihda.webm",
        "LinkMp3": "https://files.catbox.moe/mpj360.mp3"
    },
    {
        "animeEng": "Working Buddies!",
        "animeRomaji": "Hataraku Oniisan!",
        "songName": "Hataraku Onii-san",
        "artist": "DearDream",
        "type": "Opening 1",
        "correctCount": 164,
        "startTime": 0,
        "songDuration": 14.136,
        "songNumber": 23,
        "activePlayerCount": 211,
        "LinkVideo": "https://files.catbox.moe/ul6oce.webm",
        "LinkMp3": "https://files.catbox.moe/xghk5u.mp3"
    },
    {
        "animeEng": "Black Lagoon: Roberta's Blood Trail",
        "animeRomaji": "Black Lagoon: Roberta's Blood Trail",
        "songName": "When Johnny Comes Marching Home",
        "artist": "EDISON",
        "type": "Ending 1",
        "correctCount": 14,
        "startTime": 10,
        "songDuration": 60.864,
        "songNumber": 24,
        "activePlayerCount": 210,
        "LinkVideo": "https://openings.moe/video/BlackLagoon%EF%BC%9ARoberta%27sBloodTrail-ED01-CBD.webm",
        "LinkMp3": "https://files.catbox.moe/awcfe1.mp3"
    },
    {
        "animeEng": "Shakugan no Shana III (Final)",
        "animeRomaji": "Shakugan no Shana III (Final)",
        "songName": "u/n",
        "artist": "Mami Kawada",
        "type": "Ending 3",
        "correctCount": 27,
        "startTime": 57,
        "songDuration": 128.424,
        "songNumber": 25,
        "activePlayerCount": 210,
        "LinkVideo": "https://files.catbox.moe/u0vzyb.webm",
        "LinkMp3": "https://files.catbox.moe/p72i8o.mp3"
    },
    {
        "animeEng": "Legend of the Galactic Heroes Gaiden",
        "animeRomaji": "Ginga Eiy\u016b Densetsu Gaiden",
        "songName": "Yakusoku Sareta Mirai",
        "artist": "Kei Ogura",
        "type": "Ending 2",
        "correctCount": 9,
        "startTime": 26,
        "songDuration": 119.64,
        "songNumber": 26,
        "activePlayerCount": 210,
        "LinkVideo": "https://files.catbox.moe/6hidnm.webm",
        "LinkMp3": "https://files.catbox.moe/zmnxat.mp3"
    },
    {
        "animeEng": "Kannagi",
        "animeRomaji": "Kannagi",
        "songName": "Amore Seishun",
        "artist": "Hiro Shimono",
        "type": "Insert Song",
        "correctCount": 16,
        "startTime": 4,
        "songDuration": 41.904,
        "songNumber": 27,
        "activePlayerCount": 210,
        "LinkVideo": "https://files.catbox.moe/a9nv59.webm",
        "LinkMp3": "https://files.catbox.moe/7rlj95.mp3"
    },
    {
        "animeEng": "Occultic;Nine",
        "animeRomaji": "Occultic;Nine",
        "songName": "Seis\u016b 3 no Nij\u014d",
        "artist": "Kanako It\u014d",
        "type": "Opening 1",
        "correctCount": 70,
        "startTime": 1,
        "songDuration": 90.12,
        "songNumber": 28,
        "activePlayerCount": 210,
        "LinkVideo": "https://files.catbox.moe/zqbedq.webm",
        "LinkMp3": "https://files.catbox.moe/q71obq.mp3"
    },
    {
        "animeEng": "\u014cya-san wa Shishunki!",
        "animeRomaji": "\u014cya-san wa Shishunki!",
        "songName": "Shining Sky",
        "artist": "every\u2665ing!",
        "type": "Opening 1",
        "correctCount": 39,
        "startTime": 0,
        "songDuration": 26.568,
        "songNumber": 29,
        "activePlayerCount": 207,
        "LinkVideo": "https://files.catbox.moe/vw57q3.webm",
        "LinkMp3": "https://files.catbox.moe/hdji5r.mp3"
    },
    {
        "animeEng": "Yawara! A Fashionable Judo Girl",
        "animeRomaji": "Yawara! A Fashionable Judo Girl",
        "songName": "Miracle Girl",
        "artist": "Mariko Nagai",
        "type": "Opening 1",
        "correctCount": 13,
        "startTime": 34,
        "songDuration": 88.612667,
        "songNumber": 30,
        "activePlayerCount": 206,
        "LinkVideo": "https://files.catbox.moe/d45gnf.webm",
        "LinkMp3": "https://files.catbox.moe/s30hhe.mp3"
    },
    {
        "animeEng": "Your Voice -KIMIKOE-",
        "animeRomaji": "Kimi no Koe o Todoketai",
        "songName": "Yasashii Yoru",
        "artist": "Suzuko Mimori",
        "type": "Insert Song",
        "correctCount": 4,
        "startTime": 40,
        "songDuration": 90.695584,
        "songNumber": 31,
        "activePlayerCount": 207,
        "LinkVideo": "https://files.catbox.moe/4cbq9a.webm",
        "LinkMp3": "https://files.catbox.moe/tkswtu.mp3",
        "correctPlayers": [
            "sukisho",
            "messb",
            "TheJoseph98",
            "Diukes"
        ]
    },
    {
        "animeEng": "Kuroko's Basketball",
        "animeRomaji": "Kuroko no Basuke",
        "songName": "Start it right away",
        "artist": "Hyadain",
        "type": "Ending 1",
        "correctCount": 75,
        "startTime": 14,
        "songDuration": 88.752,
        "songNumber": 32,
        "activePlayerCount": 207,
        "LinkVideo": "https://files.catbox.moe/d6m1io.webm",
        "LinkMp3": "https://files.catbox.moe/6sb6cp.mp3"
    },
    {
        "animeEng": "Science Fell in Love, So I Tried to Prove it",
        "animeRomaji": "Rikei ga Koi ni Ochita no de Sh\u014dmei Shite Mita",
        "songName": "Turing Love",
        "artist": "Akari Nanawo feat. Sou",
        "type": "Ending 1",
        "correctCount": 98,
        "startTime": 39,
        "songDuration": 88.55358,
        "songNumber": 33,
        "activePlayerCount": 207,
        "LinkVideo": "https://files.catbox.moe/k9xvfr.webm",
        "LinkMp3": "https://files.catbox.moe/gclmje.mp3"
    },
    {
        "animeEng": "Pandora Hearts",
        "animeRomaji": "Pandora Hearts",
        "songName": "Restrain",
        "artist": "Yuri Kasahara",
        "type": "Insert Song",
        "correctCount": 22,
        "startTime": 111,
        "songDuration": 175.728,
        "songNumber": 34,
        "activePlayerCount": 206,
        "LinkVideo": "https://files.catbox.moe/s5deiv.webm",
        "LinkMp3": "https://files.catbox.moe/n67sdm.mp3"
    },
    {
        "animeEng": "Futari Daka",
        "animeRomaji": "Futari Daka",
        "songName": "Heartbreak Crossin'",
        "artist": "Takanori Jinnai",
        "type": "Opening 1",
        "correctCount": 7,
        "startTime": 76,
        "songDuration": 185.76,
        "songNumber": 35,
        "activePlayerCount": 207,
        "LinkVideo": "https://files.catbox.moe/hfyygm.webm",
        "LinkMp3": "https://files.catbox.moe/71x66s.mp3"
    },
    {
        "animeEng": "Shigofumi - Letters from the Departed",
        "animeRomaji": "Shigofumi - Stories of Last Letter",
        "songName": "Kotodama",
        "artist": "ALI PROJECT",
        "type": "Opening 1",
        "correctCount": 28,
        "startTime": 39,
        "songDuration": 89.064,
        "songNumber": 36,
        "activePlayerCount": 206,
        "LinkVideo": "https://files.catbox.moe/rcey3n.webm",
        "LinkMp3": "https://files.catbox.moe/ssohfb.mp3"
    },
    {
        "animeEng": "Tokimeki Memorial: Only Love",
        "animeRomaji": "Tokimeki Memorial: Only Love",
        "songName": "Yokan",
        "artist": "Yuki Makishima",
        "type": "Opening 1",
        "correctCount": 9,
        "startTime": 36,
        "songDuration": 89.546216,
        "songNumber": 37,
        "activePlayerCount": 204,
        "LinkVideo": "https://files.catbox.moe/8s1sra.webm",
        "LinkMp3": "https://files.catbox.moe/3bnzdq.mp3"
    },
    {
        "animeEng": "Aikatsu! Music Award: Minna de Sh\u014d o Moracchaima SHOW!",
        "animeRomaji": "Aikatsu! Music Award: Minna de Sh\u014d o Moracchaima SHOW!",
        "songName": "Egao no Suncatcher",
        "artist": "Risuko\u30fbMona from STAR\u2606ANIS",
        "type": "Insert Song",
        "correctCount": 92,
        "startTime": 68,
        "songDuration": 109.032,
        "songNumber": 38,
        "activePlayerCount": 205,
        "LinkVideo": "https://files.catbox.moe/ui9hzd.webm",
        "LinkMp3": "https://files.catbox.moe/priqqp.mp3"
    },
    {
        "animeEng": "Last Exile: Fam, The Silver Wing",
        "animeRomaji": "Last Exile: Ginyoku no Fam",
        "songName": "I've Got Friends",
        "artist": "Hitomi",
        "type": "Insert Song",
        "correctCount": 5,
        "startTime": 43,
        "songDuration": 260.184,
        "songNumber": 39,
        "activePlayerCount": 205,
        "LinkVideo": "https://files.catbox.moe/rq7p6z.webm",
        "LinkMp3": "https://files.catbox.moe/4wwwz2.mp3",
        "correctPlayers": [
            "TheJoseph98",
            "MexCZE",
            "MyNameWasStolen",
            "Nazemeiyue",
            "HitoriBocchi"
        ]
    },
    {
        "animeEng": "RIN-NE",
        "animeRomaji": "Ky\u014dkai no Rinne",
        "songName": "\u014cka Ranman",
        "artist": "KEYTALK",
        "type": "Opening 1",
        "correctCount": 62,
        "startTime": 2,
        "songDuration": 86.736,
        "songNumber": 40,
        "activePlayerCount": 202,
        "LinkVideo": "https://files.catbox.moe/vxy951.webm",
        "LinkMp3": "https://files.catbox.moe/ei1h1v.mp3"
    },
    {
        "animeEng": "Twin Spica",
        "animeRomaji": "Futatsu no Spica",
        "songName": "Venus Say",
        "artist": "BUZY",
        "type": "Opening 1",
        "correctCount": 21,
        "startTime": 70,
        "songDuration": 107.472,
        "songNumber": 41,
        "activePlayerCount": 201,
        "LinkVideo": "https://files.catbox.moe/uzzy8m.webm",
        "LinkMp3": "https://files.catbox.moe/ks7yfq.mp3"
    },
    {
        "animeEng": "Initial D: Fourth Stage",
        "animeRomaji": "Initial D: Fourth Stage",
        "songName": "GO GO MONEY (FRIDAY NIGHT Ver.)",
        "artist": "NEO",
        "type": "Insert Song",
        "correctCount": 38,
        "startTime": 82,
        "songDuration": 171.984,
        "songNumber": 42,
        "activePlayerCount": 202,
        "LinkVideo": "https://files.catbox.moe/hjbajr.webm",
        "LinkMp3": "https://files.catbox.moe/qpl5sx.mp3"
    },
    {
        "animeEng": "Mobile Suit Gundam Seed Destiny",
        "animeRomaji": "Kid\u014d Senshi Gundam Seed Destiny",
        "songName": "PRIDE",
        "artist": "HIGH and MIGHTY COLOR",
        "type": "Opening 2",
        "correctCount": 25,
        "startTime": 42,
        "songDuration": 89.232,
        "songNumber": 43,
        "activePlayerCount": 202,
        "LinkVideo": "https://files.catbox.moe/r1ulpp.webm",
        "LinkMp3": "https://files.catbox.moe/c23q4x.mp3"
    },
    {
        "animeEng": "The World God Only Knows Season Two",
        "animeRomaji": "Kami Nomi zo Shiru Sekai II",
        "songName": "God only knows Daisanmaku",
        "artist": "Oratorio The World God Only Knows",
        "type": "Ending 3",
        "correctCount": 148,
        "startTime": 16,
        "songDuration": 89.256,
        "songNumber": 44,
        "activePlayerCount": 202,
        "LinkVideo": "https://files.catbox.moe/7q4d23.webm",
        "LinkMp3": "https://files.catbox.moe/5qtgo9.mp3"
    },
    {
        "animeEng": "PriPara & Kiratto Pri\u2606Chan ~Kira Kira Memorial Live~",
        "animeRomaji": "PriPara & Kiratto Pri\u2606Chan ~Kira Kira Memorial Live~",
        "songName": "Mon chouchou",
        "artist": "Tricolore",
        "type": "Insert Song",
        "correctCount": 48,
        "startTime": 9,
        "songDuration": 86.208,
        "songNumber": 45,
        "activePlayerCount": 201,
        "LinkVideo": "https://files.catbox.moe/jd3toi.webm",
        "LinkMp3": "https://files.catbox.moe/3nw32w.mp3"
    },
    {
        "animeEng": "Iria: Zeiram the Animation",
        "animeRomaji": "Iria: Zeiram the Animation",
        "songName": "Yume wa Toi Keredo",
        "artist": "SAEKO",
        "type": "Ending 1",
        "correctCount": 3,
        "startTime": 54,
        "songDuration": 89.07602,
        "songNumber": 46,
        "activePlayerCount": 199,
        "LinkVideo": "https://files.catbox.moe/8shzay.webm",
        "LinkMp3": "https://files.catbox.moe/rxoizt.mp3",
        "correctPlayers": [
            "lengend",
            "nf1",
            "Catisam"
        ]
    },
    {
        "animeEng": "I'm Gonna Be An Angel",
        "animeRomaji": "Tenshi ni Narumon",
        "songName": "Ai wa Umi",
        "artist": "Shizuru Ootaka",
        "type": "Ending 1",
        "correctCount": 1,
        "startTime": 50,
        "songDuration": 84.336,
        "songNumber": 47,
        "activePlayerCount": 199,
        "LinkVideo": "https://files.catbox.moe/bq5l24.webm",
        "LinkMp3": "https://files.catbox.moe/x2e3z4.mp3",
        "correctPlayers": [
            "watashiii"
        ]
    },
    {
        "animeEng": "Texhnolyze",
        "animeRomaji": "Texhnolyze",
        "songName": "GUARDIAN ANGEL(XAVIER'S EDIT)",
        "artist": "JUNO REACTOR",
        "type": "Opening 1",
        "correctCount": 110,
        "startTime": 36,
        "songDuration": 79.368,
        "songNumber": 48,
        "activePlayerCount": 198,
        "LinkVideo": "https://files.catbox.moe/j2mvov.webm",
        "LinkMp3": "https://files.catbox.moe/pb7y5l.mp3"
    },
    {
        "animeEng": "Trinity Seven: Heavens Library & Crimson Lord",
        "animeRomaji": "Gekij\u014dban Trinity Seven: Tenk\u016b Toshokan to Shinku no Ma\u014d",
        "songName": "BEAUTIFUL\u2252SENTENCE",
        "artist": "Magus Two",
        "type": "Insert Song",
        "correctCount": 85,
        "startTime": 8,
        "songDuration": 128.64,
        "songNumber": 49,
        "activePlayerCount": 199,
        "LinkVideo": "https://files.catbox.moe/0mnuot.webm",
        "LinkMp3": "https://files.catbox.moe/ap517z.mp3"
    },
    {
        "animeEng": "Natsume's Book of Friends Season 4",
        "animeRomaji": "Natsume Y\u016bjinch\u014d Shi",
        "songName": "Ima, Kono Toki",
        "artist": "Hiiragi",
        "type": "Opening 1",
        "correctCount": 39,
        "startTime": 11,
        "songDuration": 88.824,
        "songNumber": 50,
        "activePlayerCount": 199,
        "LinkVideo": "https://files.catbox.moe/s1gg2q.webm",
        "LinkMp3": "https://files.catbox.moe/bint3u.mp3"
    },
    {
        "animeEng": "Bludgeoning Angel Dokuro-Chan 2",
        "animeRomaji": "Bokusatsu Tenshi Dokuro-chan Second",
        "songName": "Bokusatsu Ondo de Dokuro-chan",
        "artist": "Saeko Chiba",
        "type": "Ending 1",
        "correctCount": 51,
        "startTime": 51,
        "songDuration": 89.28,
        "songNumber": 51,
        "activePlayerCount": 199,
        "LinkVideo": "https://files.catbox.moe/hjszgc.webm",
        "LinkMp3": "https://files.catbox.moe/b3sflb.mp3"
    },
    {
        "animeEng": "Casshern Sins",
        "animeRomaji": "Casshern Sins",
        "songName": "Aoi Hana",
        "artist": "Color Bottle",
        "type": "Opening 1",
        "correctCount": 40,
        "startTime": 43,
        "songDuration": 86.4,
        "songNumber": 52,
        "activePlayerCount": 199,
        "LinkVideo": "https://files.catbox.moe/mse41y.webm",
        "LinkMp3": "https://files.catbox.moe/jsxsdt.mp3"
    },
    {
        "animeEng": "Lord of Lords Ryu Knight",
        "animeRomaji": "Ha\u014d Taikei Ry\u016b Knight",
        "songName": "RUN ~Ky\u014d ga Kawaru Magic~",
        "artist": "Hitomi Mieno",
        "type": "Opening 2",
        "correctCount": 9,
        "startTime": 20,
        "songDuration": 80.64,
        "songNumber": 53,
        "activePlayerCount": 198,
        "LinkVideo": "https://files.catbox.moe/49r69g.webm",
        "LinkMp3": "https://files.catbox.moe/tr9vgv.mp3"
    },
    {
        "animeEng": "Girls Beyond the Wasteland",
        "animeRomaji": "Sh\u014djo-tachi wa K\u014dya o Mezasu",
        "songName": "Sekai wa Ky\u014d mo Atarashii",
        "artist": "Haruka Chisuga, Kana Hanazawa, Satomi Akesaka, Satomi Satou",
        "type": "Ending 1",
        "correctCount": 20,
        "startTime": 15,
        "songDuration": 89.016,
        "songNumber": 54,
        "activePlayerCount": 198,
        "LinkVideo": "https://files.catbox.moe/wc252w.webm",
        "LinkMp3": "https://files.catbox.moe/sv0dme.mp3"
    },
    {
        "animeEng": "Ore o Suki na no wa Omae Dake ka yo ~Ore-tachi no Game Set~",
        "animeRomaji": "Ore o Suki na no wa Omae Dake ka yo ~Ore-tachi no Game Set~",
        "songName": "Papapa",
        "artist": "Shuka Sait\u014d",
        "type": "Opening 1",
        "correctCount": 131,
        "startTime": 1,
        "songDuration": 89.64,
        "songNumber": 55,
        "activePlayerCount": 198,
        "LinkVideo": "https://files.catbox.moe/5iww9y.webm",
        "LinkMp3": "https://files.catbox.moe/ispyhy.mp3"
    },
    {
        "animeEng": "Historys Strongest Disciple Kenichi",
        "animeRomaji": "Shij\u014d Saiky\u014d no Deshi Kenichi",
        "songName": "Higher Ground",
        "artist": "Tomokazu Seki",
        "type": "Opening 1",
        "correctCount": 3,
        "startTime": 9,
        "songDuration": 90.068656,
        "songNumber": 56,
        "activePlayerCount": 198,
        "LinkVideo": "https://files.catbox.moe/jjju7k.webm",
        "LinkMp3": "https://files.catbox.moe/lppuxp.mp3",
        "correctPlayers": [
            "Vasserman",
            "Nazemeiyue",
            "Aleister_Crowley"
        ]
    },
    {
        "animeEng": "Croket!",
        "animeRomaji": "Croket!",
        "songName": "Jounetsu no Anata ni",
        "artist": "Makoto Takou",
        "type": "Opening 2",
        "correctCount": 2,
        "startTime": 2,
        "songDuration": 88.788678,
        "songNumber": 57,
        "activePlayerCount": 198,
        "LinkVideo": "https://files.catbox.moe/c59sdi.webm",
        "LinkMp3": "https://files.catbox.moe/9pcziw.mp3",
        "correctPlayers": [
            "Nazemeiyue",
            "Lika"
        ]
    },
    {
        "animeEng": "The Dragon Dentist",
        "animeRomaji": "Ryuu no Haisha",
        "songName": "Kakurenbo",
        "artist": "DAOKO",
        "type": "Insert Song",
        "correctCount": 7,
        "startTime": 62,
        "songDuration": 97.416,
        "songNumber": 58,
        "activePlayerCount": 198,
        "LinkVideo": "https://files.catbox.moe/8e2ofy.webm",
        "LinkMp3": "https://files.catbox.moe/oe02y6.mp3"
    },
    {
        "animeEng": "Pretty Guardian Sailor Moon Crystal",
        "animeRomaji": "Bish\u014djo Senshi Sailor Moon Crystal",
        "songName": "MOON PRIDE!",
        "artist": "Momoiro Clover Z",
        "type": "Opening 1",
        "correctCount": 69,
        "startTime": 30,
        "songDuration": 86.016,
        "songNumber": 59,
        "activePlayerCount": 198,
        "LinkVideo": "https://files.catbox.moe/xtsqly.webm",
        "LinkMp3": "https://files.catbox.moe/eei3gq.mp3"
    },
    {
        "animeEng": "Saint Beast: Ikusen no Hiru to Yoru-hen",
        "animeRomaji": "Saint Beast: Ikusen no Hiru to Yoru-hen",
        "songName": "KIZUNA & SADAME",
        "artist": "Toshiyuki Morikawa, Takahiro Sakurai, Kouki Miyata, Hiroyuki Yoshino",
        "type": "Opening 1",
        "correctCount": 1,
        "startTime": 46,
        "songDuration": 90.552,
        "songNumber": 60,
        "activePlayerCount": 197,
        "LinkVideo": "https://files.catbox.moe/xdnyz7.webm",
        "LinkMp3": "https://files.catbox.moe/qi42ki.mp3",
        "correctPlayers": [
            "Samuel_KuroYuki"
        ]
    },
    {
        "animeEng": "Crayon Shin-chan: Ankoku Tamatama Daitsuiseki",
        "animeRomaji": "Crayon Shin-chan: Ankoku Tamatama Daitsuiseki",
        "songName": "Nenjuu Muchuu ~I Want You~",
        "artist": "Puppy",
        "type": "Opening 1",
        "correctCount": 10,
        "startTime": 5,
        "songDuration": 62.904,
        "songNumber": 61,
        "activePlayerCount": 197,
        "LinkVideo": "https://files.catbox.moe/jdqt2c.webm",
        "LinkMp3": "https://files.catbox.moe/p6mpdo.mp3"
    },
    {
        "animeEng": "Dance with Devils",
        "animeRomaji": "Dance with Devils",
        "songName": "Watakushi wa Ch\u016bjitsuna Inu Desu",
        "artist": "Tatsuhisa Suzuki",
        "type": "Insert Song",
        "correctCount": 31,
        "startTime": 28,
        "songDuration": 89.184,
        "songNumber": 62,
        "activePlayerCount": 196,
        "LinkVideo": "https://files.catbox.moe/7smphb.webm",
        "LinkMp3": "https://files.catbox.moe/p42u66.mp3"
    },
    {
        "animeEng": "Onegai My Melody Kirara",
        "animeRomaji": "Onegai My Melody Kirara",
        "songName": "Hoshizora Hayatochiri",
        "artist": "Yuka Uchiyae",
        "type": "Ending 1",
        "correctCount": 0,
        "startTime": 32,
        "songDuration": 86.777284,
        "songNumber": 63,
        "activePlayerCount": 196,
        "LinkVideo": "https://files.catbox.moe/7a922t.webm",
        "LinkMp3": "https://files.catbox.moe/xszxpo.mp3"
    },
    {
        "animeEng": "Beyblade: V-Force",
        "animeRomaji": "Bakuten Shoot Beyblade 2002",
        "songName": "Let's Beyblade",
        "artist": "Sick Kid featuring Lukas Rossi",
        "type": "Opening 1",
        "correctCount": 186,
        "startTime": 12,
        "songDuration": 59.928,
        "songNumber": 64,
        "activePlayerCount": 196,
        "LinkVideo": "https://files.catbox.moe/u3nle4.webm",
        "LinkMp3": "https://files.catbox.moe/ckm177.mp3"
    },
    {
        "animeEng": "Jujutsu Kaisen",
        "animeRomaji": "Jujutsu Kaisen",
        "songName": "Kaikai Kitan",
        "artist": "Eve",
        "type": "Opening 1",
        "correctCount": 70,
        "startTime": 10,
        "songDuration": 87.816,
        "songNumber": 65,
        "activePlayerCount": 196,
        "LinkVideo": "https://files.catbox.moe/l99nhq.webm",
        "LinkMp3": "https://files.catbox.moe/xxpl3r.mp3"
    },
    {
        "animeEng": "Hyouge Mono",
        "animeRomaji": "Hyouge Mono",
        "songName": "Naghol Jumping",
        "artist": "qusimode",
        "type": "Opening 2",
        "correctCount": 2,
        "startTime": 46,
        "songDuration": 85.758526,
        "songNumber": 66,
        "activePlayerCount": 196,
        "LinkVideo": "https://files.catbox.moe/orw99l.webm",
        "LinkMp3": "https://files.catbox.moe/bjjmlt.mp3",
        "correctPlayers": [
            "Nazemeiyue",
            "chauhuy23"
        ]
    },
    {
        "animeEng": "Aikatsu!",
        "animeRomaji": "Aikatsu!",
        "songName": "Chica\u00d7Chica",
        "artist": "Miho\u30fbNanase\u30fbKana from AIKATSU\u2606STARS!",
        "type": "Insert Song",
        "correctCount": 93,
        "startTime": 6,
        "songDuration": 112.44,
        "songNumber": 67,
        "activePlayerCount": 196,
        "LinkVideo": "https://files.catbox.moe/z7pri2.webm",
        "LinkMp3": "https://files.catbox.moe/xkwt9x.mp3"
    },
    {
        "animeEng": "Yamada-kun and the Seven Witches",
        "animeRomaji": "Yamada-kun to 7-nin no Majo",
        "songName": "Kuchizuke Diamond",
        "artist": "WEAVER",
        "type": "Opening 2",
        "correctCount": 171,
        "startTime": 19,
        "songDuration": 88.248,
        "songNumber": 68,
        "activePlayerCount": 196,
        "LinkVideo": "https://files.catbox.moe/w3ymat.webm",
        "LinkMp3": "https://files.catbox.moe/6rxjew.mp3"
    },
    {
        "animeEng": "given",
        "animeRomaji": "given",
        "songName": "Kizuato",
        "artist": "centimillimental",
        "type": "Opening 1",
        "correctCount": 77,
        "startTime": 33,
        "songDuration": 89.112,
        "songNumber": 69,
        "activePlayerCount": 196,
        "LinkVideo": "https://files.catbox.moe/1460d8.webm",
        "LinkMp3": "https://files.catbox.moe/t7kg26.mp3"
    },
    {
        "animeEng": "Duel Masters Victory",
        "animeRomaji": "Duel Masters Victory",
        "songName": "My Victory",
        "artist": "Duel Hero Yuu & Atsuto",
        "type": "Opening 1",
        "correctCount": 7,
        "startTime": 30,
        "songDuration": 89.088,
        "songNumber": 70,
        "activePlayerCount": 196,
        "LinkVideo": "https://files.catbox.moe/ym94fk.webm",
        "LinkMp3": "https://files.catbox.moe/e65vr4.mp3"
    },
    {
        "animeEng": "Sailor Moon SuperS the Movie: Black Dream Hole",
        "animeRomaji": "Bish\u014djo Senshi Sailor Moon Super S Sailor 9 Senshi Sh\u016bketsu! Black-Dream-Hole no Kiseki",
        "songName": "Moonlight Densetsu",
        "artist": "Sakurakko Club Sakura-gumi",
        "type": "Opening 1",
        "correctCount": 129,
        "startTime": 26,
        "songDuration": 79.992,
        "songNumber": 71,
        "activePlayerCount": 196,
        "LinkVideo": "https://files.catbox.moe/smjqxl.webm",
        "LinkMp3": "https://files.catbox.moe/19pjkn.mp3"
    },
    {
        "animeEng": "No Money",
        "animeRomaji": "Okane ga Nai",
        "songName": "Romance way",
        "artist": "ISSEI",
        "type": "Opening 1",
        "correctCount": 14,
        "startTime": 27,
        "songDuration": 87.048,
        "songNumber": 72,
        "activePlayerCount": 196,
        "LinkVideo": "https://files.catbox.moe/lpq8i0.webm",
        "LinkMp3": "https://files.catbox.moe/kvz0tz.mp3"
    },
    {
        "animeEng": "Chihayafuru 3",
        "animeRomaji": "Chihayafuru 3",
        "songName": "COLORFUL",
        "artist": "99RadioService",
        "type": "Opening 1",
        "correctCount": 87,
        "startTime": 19,
        "songDuration": 70.08,
        "songNumber": 73,
        "activePlayerCount": 195,
        "LinkVideo": "https://files.catbox.moe/1lu0yr.webm",
        "LinkMp3": "https://files.catbox.moe/4lkgwy.mp3"
    },
    {
        "animeEng": "Gegege no Kitar\u014d: Jigoku-hen",
        "animeRomaji": "Gegege no Kitar\u014d: Jigoku-hen",
        "songName": "Gegege no Kitaro",
        "artist": "Ikuzo Yoshi",
        "type": "Opening 1",
        "correctCount": 183,
        "startTime": 51,
        "songDuration": 90.744,
        "songNumber": 74,
        "activePlayerCount": 194,
        "LinkVideo": "",
        "LinkMp3": "https://files.catbox.moe/hun160.mp3"
    },
    {
        "animeEng": "King Arthur and the Knights of the Round Table",
        "animeRomaji": "Entaku no Kishi Monogatari: Moero Arthur",
        "songName": "Kibou yo Sore wa",
        "artist": "Isao Sasaki & Koorogi '73",
        "type": "Opening 1",
        "correctCount": 9,
        "startTime": 3,
        "songDuration": 69.048,
        "songNumber": 75,
        "activePlayerCount": 195,
        "LinkVideo": "https://files.catbox.moe/yf6hq6.webm",
        "LinkMp3": "https://files.catbox.moe/a9xro5.mp3"
    }
]