[
    {
        "animeEng": "Ace Attorney Season 2",
        "animeRomaji": "Gyakuten Saiban: Sono \"Shinjitsu\", Igi Ari! Season 2",
        "songName": "Never Lose",
        "artist": "Tomohisa Yamashita",
        "type": "Opening 1",
        "correctCount": 30,
        "startTime": 11,
        "songDuration": 88.03114,
        "songNumber": 1,
        "activePlayerCount": 233,
        "LinkVideo": "https://files.catbox.moe/kjvste.webm",
        "LinkMp3": "https://files.catbox.moe/hvqsbn.mp3"
    },
    {
        "animeEng": "Bananya",
        "animeRomaji": "Bananya",
        "songName": "Lucky Holiday",
        "artist": "AXELL with Y\u016bki Kaji",
        "type": "Ending 1",
        "correctCount": 127,
        "startTime": 0,
        "songDuration": 25.86078,
        "songNumber": 2,
        "activePlayerCount": 234,
        "LinkVideo": "https://files.catbox.moe/oriv84.webm",
        "LinkMp3": "https://files.catbox.moe/h3turi.mp3"
    },
    {
        "animeEng": "Little Busters! Refrain",
        "animeRomaji": "Little Busters! Refrain",
        "songName": "Song for friends",
        "artist": "Rita",
        "type": "Ending 2",
        "correctCount": 53,
        "startTime": 48,
        "songDuration": 194.592,
        "songNumber": 3,
        "activePlayerCount": 230,
        "LinkVideo": "https://files.catbox.moe/6kefgm.webm",
        "LinkMp3": "https://files.catbox.moe/udm639.mp3"
    },
    {
        "animeEng": "The Pumpkin Wine",
        "animeRomaji": "The Kabocha Wine",
        "songName": "Pumpkin Night",
        "artist": "Toshio Furukawa, Keiko Yokozawa",
        "type": "Ending 2",
        "correctCount": 42,
        "startTime": 26,
        "songDuration": 63.312,
        "songNumber": 4,
        "activePlayerCount": 228,
        "LinkVideo": "https://files.catbox.moe/ovnjhc.webm",
        "LinkMp3": "https://files.catbox.moe/wr2wul.mp3"
    },
    {
        "animeEng": "Sister Princess",
        "animeRomaji": "Sister Princess",
        "songName": "Love Destiny",
        "artist": "Yui Horie",
        "type": "Opening 1",
        "correctCount": 27,
        "startTime": 41,
        "songDuration": 89.363362,
        "songNumber": 5,
        "activePlayerCount": 227,
        "LinkVideo": "https://files.catbox.moe/gte0pe.webm",
        "LinkMp3": "https://files.catbox.moe/bh7w3y.mp3"
    },
    {
        "animeEng": "Digimon: The Golden Digimentals",
        "animeRomaji": "Digimon: The Golden Digimentals",
        "songName": "Break Up!",
        "artist": "Ayumi Miyazaki",
        "type": "Insert Song",
        "correctCount": 62,
        "startTime": 38,
        "songDuration": 71.952,
        "songNumber": 6,
        "activePlayerCount": 225,
        "LinkVideo": "https://files.catbox.moe/ymi8rd.webm",
        "LinkMp3": "https://files.catbox.moe/i8ru27.mp3"
    },
    {
        "animeEng": "Tokyo Godfathers",
        "animeRomaji": "Tokyo Godfathers",
        "songName": "Kiyoshiko no Yoru",
        "artist": "Tokyo Godfathers Gasshou-dan",
        "type": "Insert Song",
        "correctCount": 133,
        "startTime": 19,
        "songDuration": 57.546766,
        "songNumber": 7,
        "activePlayerCount": 224,
        "LinkVideo": "https://files.catbox.moe/o3ziz1.webm",
        "LinkMp3": "https://files.catbox.moe/7f08co.mp3"
    },
    {
        "animeEng": "Detective Conan: The Miracle of Excalibur",
        "animeRomaji": "Meitantei Conan: Excalibur no Kiseki",
        "songName": "Overwrite",
        "artist": "BREAKERZ",
        "type": "Ending 1",
        "correctCount": 70,
        "startTime": 23,
        "songDuration": 80.616,
        "songNumber": 8,
        "activePlayerCount": 225,
        "LinkVideo": "https://files.catbox.moe/hdiugl.webm",
        "LinkMp3": "https://files.catbox.moe/slih3j.mp3"
    },
    {
        "animeEng": "Pok\u00e9mon: Black and White: Rival Destinies",
        "animeRomaji": "Pokemon Best Wishes! Season 2: Decolora Adventure",
        "songName": "Rival Destinies",
        "artist": "Alex Nackman and Kathryn Raio",
        "type": "Opening 1",
        "correctCount": 165,
        "startTime": 0,
        "songDuration": 29.808,
        "songNumber": 9,
        "activePlayerCount": 225,
        "LinkVideo": "https://animethemes.moe/video/PokemonBestWishesS2Dub-OP1.webm",
        "LinkMp3": "https://files.catbox.moe/isialt.mp3"
    },
    {
        "animeEng": "Senki Zessh\u014d Shinai Symphogear AXZ",
        "animeRomaji": "Senki Zessh\u014d Shinai Symphogear AXZ",
        "songName": "Todoke Happy\u2661Uta Zukin!",
        "artist": "Ayahi Takagaki",
        "type": "Ending 2",
        "correctCount": 22,
        "startTime": 0,
        "songDuration": 33.880234,
        "songNumber": 10,
        "activePlayerCount": 223,
        "LinkVideo": "https://files.catbox.moe/sg6xdl.webm",
        "LinkMp3": "https://files.catbox.moe/67b36n.mp3"
    },
    {
        "animeEng": "Ore o Suki na no wa Omae Dake ka yo ~Ore-tachi no Game Set~",
        "animeRomaji": "Ore o Suki na no wa Omae Dake ka yo ~Ore-tachi no Game Set~",
        "songName": "Papapa",
        "artist": "Shuka Sait\u014d",
        "type": "Opening 1",
        "correctCount": 158,
        "startTime": 37,
        "songDuration": 89.64,
        "songNumber": 11,
        "activePlayerCount": 223,
        "LinkVideo": "https://files.catbox.moe/5iww9y.webm",
        "LinkMp3": "https://files.catbox.moe/ispyhy.mp3"
    },
    {
        "animeEng": "Dominion Tank Police",
        "animeRomaji": "Dominion Tank Police",
        "songName": "Cherry Moon de Odorasete",
        "artist": "Sh\u014djo-Tai",
        "type": "Opening 1",
        "correctCount": 3,
        "startTime": 11,
        "songDuration": 96.528,
        "songNumber": 12,
        "activePlayerCount": 222,
        "LinkVideo": "https://files.catbox.moe/ndfl8f.webm",
        "LinkMp3": "https://files.catbox.moe/fyvlmd.mp3",
        "correctPlayers": [
            "Rukawa11",
            "Nazemeiyue",
            "romraisin"
        ]
    },
    {
        "animeEng": "Strike Witches Operation Victory Arrow",
        "animeRomaji": "Strike Witches Operation Victory Arrow",
        "songName": "Fly Beyond",
        "artist": "Ami Koshimizu & Chiwa Saito",
        "type": "Ending 2",
        "correctCount": 8,
        "startTime": 22,
        "songDuration": 89.496,
        "songNumber": 13,
        "activePlayerCount": 223,
        "LinkVideo": "https://files.catbox.moe/68f540.webm",
        "LinkMp3": "https://files.catbox.moe/fp8778.mp3"
    },
    {
        "animeEng": "Kaiji: Against All Rules",
        "animeRomaji": "Gyakky\u014d Burai Kaiji: Hakairoku-hen",
        "songName": "Chase the Light!",
        "artist": "Fear, and Loathing in Las Vegas",
        "type": "Opening 1",
        "correctCount": 113,
        "startTime": 6,
        "songDuration": 70.111448,
        "songNumber": 14,
        "activePlayerCount": 222,
        "LinkVideo": "https://files.catbox.moe/9zaqzj.webm",
        "LinkMp3": "https://files.catbox.moe/p3jvbq.mp3"
    },
    {
        "animeEng": "Star Driver",
        "animeRomaji": "Star Driver Kagayaki no Takuto",
        "songName": "Monochrome ~ version de l'apprivoiser",
        "artist": "Haruka Tomatsu",
        "type": "Insert Song",
        "correctCount": 29,
        "startTime": 76,
        "songDuration": 126.48,
        "songNumber": 15,
        "activePlayerCount": 222,
        "LinkVideo": "https://files.catbox.moe/gvs2zd.webm",
        "LinkMp3": "https://files.catbox.moe/f79h9d.mp3"
    },
    {
        "animeEng": "Ketsuekigata-kun! 2",
        "animeRomaji": "Ketsuekigata-kun! 2",
        "songName": "Blood Type Heartbeat",
        "artist": "Earth Star Dream",
        "type": "Opening 1",
        "correctCount": 17,
        "startTime": 0,
        "songDuration": 29.856,
        "songNumber": 16,
        "activePlayerCount": 222,
        "LinkVideo": "https://files.catbox.moe/8z7f7e.webm",
        "LinkMp3": "https://files.catbox.moe/fa1y4w.mp3"
    },
    {
        "animeEng": "Leave it to Kero! Theatrical Version",
        "animeRomaji": "Kero-chan ni Omakase!",
        "songName": "Okashi no Uta",
        "artist": "Aya Hisakawa & Yumi Touma",
        "type": "Ending 1",
        "correctCount": 11,
        "startTime": 33,
        "songDuration": 71.568,
        "songNumber": 17,
        "activePlayerCount": 223,
        "LinkVideo": "https://files.catbox.moe/g6ynpb.webm",
        "LinkMp3": "https://files.catbox.moe/s9ohb4.mp3"
    },
    {
        "animeEng": "GATE",
        "animeRomaji": "Gate: Jieitai Kanochi nite, Kaku Tatakaeri",
        "songName": "GATE ~Sore wa Akatsuki no Y\u014d ni",
        "artist": "Kishida Ky\u014ddan &THE Akeboshi Rockets",
        "type": "Opening 1",
        "correctCount": 162,
        "startTime": 18,
        "songDuration": 90.017975,
        "songNumber": 18,
        "activePlayerCount": 222,
        "LinkVideo": "https://files.catbox.moe/0uknlu.webm",
        "LinkMp3": "https://files.catbox.moe/ndr8fr.mp3"
    },
    {
        "animeEng": "Love Live! School idol project",
        "animeRomaji": "Love Live! School idol project",
        "songName": "Music S.T.A.R.T!!",
        "artist": "\u03bc's",
        "type": "Insert Song",
        "correctCount": 108,
        "startTime": 233,
        "songDuration": 290.04,
        "songNumber": 19,
        "activePlayerCount": 222,
        "LinkVideo": "https://files.catbox.moe/m4mdcr.webm",
        "LinkMp3": "https://files.catbox.moe/bsrnbw.mp3"
    },
    {
        "animeEng": "Million Arthur",
        "animeRomaji": "Operation Han-Gyaku-Sei Million Arthur",
        "songName": "OPEN THE WORLDS",
        "artist": "ORESAMA",
        "type": "Opening 1",
        "correctCount": 33,
        "startTime": 16,
        "songDuration": 89.976,
        "songNumber": 20,
        "activePlayerCount": 221,
        "LinkVideo": "https://files.catbox.moe/p6gi8m.webm",
        "LinkMp3": "https://files.catbox.moe/1nei3l.mp3"
    },
    {
        "animeEng": "Seven Senses of the Re'Union",
        "animeRomaji": "Shichisei no Subaru",
        "songName": "Starlight",
        "artist": "Erii Yamazaki",
        "type": "Ending 1",
        "correctCount": 33,
        "startTime": 46,
        "songDuration": 88.656,
        "songNumber": 21,
        "activePlayerCount": 222,
        "LinkVideo": "https://files.catbox.moe/jjrt0d.webm",
        "LinkMp3": "https://files.catbox.moe/nue72x.mp3"
    },
    {
        "animeEng": "Abnormal Physiology Seminar",
        "animeRomaji": "Hen Semi",
        "songName": "Mania e Kirakira",
        "artist": "Kana Hanazawa",
        "type": "Opening 1",
        "correctCount": 8,
        "startTime": 37,
        "songDuration": 87.912,
        "songNumber": 22,
        "activePlayerCount": 222,
        "LinkVideo": "https://files.catbox.moe/39noe5.webm",
        "LinkMp3": "https://files.catbox.moe/jh8evu.mp3"
    },
    {
        "animeEng": "Bob in the Bottle",
        "animeRomaji": "Hakushon Daima\u014d",
        "songName": "Hakushon Daima\u014d no Uta",
        "artist": "Yuri Shimazaki",
        "type": "Opening 1",
        "correctCount": 65,
        "startTime": 10,
        "songDuration": 80.88,
        "songNumber": 23,
        "activePlayerCount": 222,
        "LinkVideo": "https://files.catbox.moe/kyp7z2.webm",
        "LinkMp3": "https://files.catbox.moe/80r4qm.mp3"
    },
    {
        "animeEng": "F-Zero: GP Legend",
        "animeRomaji": "F-Zero Falcon Densetsu",
        "songName": "THE MEANING OF TRUTH",
        "artist": "HIRO-X",
        "type": "Opening 1",
        "correctCount": 12,
        "startTime": 28,
        "songDuration": 87.96,
        "songNumber": 24,
        "activePlayerCount": 222,
        "LinkVideo": "https://files.catbox.moe/f4yyk1.webm",
        "LinkMp3": "https://files.catbox.moe/1tyead.mp3"
    },
    {
        "animeEng": "Omamori Himari",
        "animeRomaji": "Omamori Himari",
        "songName": "Oshichau zo!!",
        "artist": "AyaRuka",
        "type": "Opening 1",
        "correctCount": 54,
        "startTime": 46,
        "songDuration": 87.048,
        "songNumber": 25,
        "activePlayerCount": 222,
        "LinkVideo": "https://files.catbox.moe/8dmekz.webm",
        "LinkMp3": "https://files.catbox.moe/treewc.mp3"
    },
    {
        "animeEng": "Ch\u00e4oS;HEAd",
        "animeRomaji": "Ch\u00e4oS;HEAd",
        "songName": "Harukanaru Idiyona",
        "artist": "Phantasm",
        "type": "Insert Song",
        "correctCount": 33,
        "startTime": 16,
        "songDuration": 64.128,
        "songNumber": 26,
        "activePlayerCount": 222,
        "LinkVideo": "https://files.catbox.moe/mxn4g3.webm",
        "LinkMp3": "https://files.catbox.moe/gaqw9x.mp3"
    },
    {
        "animeEng": "Tomica Hyper Rescue Drive Head Kid\u014d Ky\u016bky\u016b Keisatsu",
        "animeRomaji": "Tomica Hyper Rescue Drive Head Kid\u014d Ky\u016bky\u016b Keisatsu",
        "songName": "Wacha-Gacha!",
        "artist": "SUPER\u2605DRAGON",
        "type": "Opening 1",
        "correctCount": 19,
        "startTime": 8,
        "songDuration": 89.064,
        "songNumber": 27,
        "activePlayerCount": 220,
        "LinkVideo": "https://files.catbox.moe/r1shcj.webm",
        "LinkMp3": "https://files.catbox.moe/az6v8d.mp3"
    },
    {
        "animeEng": "The Heroic Legend of Arslan",
        "animeRomaji": "Arslan Senki",
        "songName": "Lapis Lazuli",
        "artist": "Eir Aoi",
        "type": "Ending 1",
        "correctCount": 89,
        "startTime": 32,
        "songDuration": 90.016412,
        "songNumber": 28,
        "activePlayerCount": 221,
        "LinkVideo": "https://files.catbox.moe/v124zu.webm",
        "LinkMp3": "https://files.catbox.moe/s41gqc.mp3"
    },
    {
        "animeEng": "Initial D: Fifth Stage",
        "animeRomaji": "Initial D: Fifth Stage",
        "songName": "FACE THE RACE",
        "artist": "POWERFUL T.",
        "type": "Insert Song",
        "correctCount": 15,
        "startTime": 40,
        "songDuration": 159.788274,
        "songNumber": 29,
        "activePlayerCount": 221,
        "LinkVideo": "https://files.catbox.moe/xpurl7.webm",
        "LinkMp3": "https://files.catbox.moe/mkt50l.mp3"
    },
    {
        "animeEng": "Love Hina X'mas Special - Silent Eve",
        "animeRomaji": "Love Hina X'mas Special - Silent Eve",
        "songName": "Sakura Saku",
        "artist": "Megumi Hayashibara",
        "type": "Opening 1",
        "correctCount": 155,
        "startTime": 29,
        "songDuration": 88.608,
        "songNumber": 30,
        "activePlayerCount": 221,
        "LinkVideo": "https://files.catbox.moe/9240x9.webm",
        "LinkMp3": "https://files.catbox.moe/kny4t9.mp3"
    },
    {
        "animeEng": "School Days: Valentine Days",
        "animeRomaji": "School Days: Valentine Days",
        "songName": "hello,my happiness",
        "artist": "Miyuki Hashimoto",
        "type": "Ending 1",
        "correctCount": 4,
        "startTime": 20,
        "songDuration": 117.072,
        "songNumber": 31,
        "activePlayerCount": 221,
        "LinkVideo": "https://files.catbox.moe/t46dj5.webm",
        "LinkMp3": "https://files.catbox.moe/etlmvz.mp3",
        "correctPlayers": [
            "DrLolipantsu",
            "Martinch",
            "SrueyaF",
            "oh95"
        ]
    },
    {
        "animeEng": "Wagnaria!!3",
        "animeRomaji": "Working!!!",
        "songName": "SOMEONE ELSE",
        "artist": "Kana Asumi, Saki Fujita, Eri Kitamura",
        "type": "Ending 3",
        "correctCount": 138,
        "startTime": 24,
        "songDuration": 89.664,
        "songNumber": 32,
        "activePlayerCount": 220,
        "LinkVideo": "https://files.catbox.moe/3xirai.webm",
        "LinkMp3": "https://files.catbox.moe/h2ru8l.mp3"
    },
    {
        "animeEng": "Dies irae",
        "animeRomaji": "Dies irae",
        "songName": "Kadenz",
        "artist": "Yui Sakakibara",
        "type": "Opening 1",
        "correctCount": 53,
        "startTime": 23,
        "songDuration": 84.504,
        "songNumber": 33,
        "activePlayerCount": 218,
        "LinkVideo": "https://files.catbox.moe/ob7ii9.webm",
        "LinkMp3": "https://files.catbox.moe/upbsdj.mp3"
    },
    {
        "animeEng": "Beyblade Burst God",
        "animeRomaji": "Beyblade Burst God",
        "songName": "Beyxercise 2",
        "artist": "Se\u00f1or Anamii",
        "type": "Ending 2",
        "correctCount": 19,
        "startTime": 51,
        "songDuration": 89.07602,
        "songNumber": 34,
        "activePlayerCount": 218,
        "LinkVideo": "https://files.catbox.moe/s0letg.webm",
        "LinkMp3": "https://files.catbox.moe/rs1gij.mp3"
    },
    {
        "animeEng": "Arrow Emblem: Hawk of the Grand Prix",
        "animeRomaji": "Arrow Emblem: Grand Prix no Taka",
        "songName": "Grand Prix no Taka",
        "artist": "Ichiro Mizuki",
        "type": "Opening 1",
        "correctCount": 3,
        "startTime": 6,
        "songDuration": 66.193148,
        "songNumber": 35,
        "activePlayerCount": 218,
        "LinkVideo": "https://files.catbox.moe/dj12dn.webm",
        "LinkMp3": "https://files.catbox.moe/fe46gc.mp3",
        "correctPlayers": [
            "Rukawa11",
            "chauhuy23",
            "romraisin"
        ]
    },
    {
        "animeEng": "Future GPX Cyber Formula Sin",
        "animeRomaji": "Future GPX Cyber Formula Sin",
        "songName": "Pray",
        "artist": "LAZY",
        "type": "Ending 2",
        "correctCount": 2,
        "startTime": 150,
        "songDuration": 216.048,
        "songNumber": 36,
        "activePlayerCount": 218,
        "LinkVideo": "https://files.catbox.moe/skbxd8.webm",
        "LinkMp3": "https://files.catbox.moe/cfg3jo.mp3",
        "correctPlayers": [
            "Nazemeiyue",
            "romraisin"
        ]
    },
    {
        "animeEng": "Senki Zessh\u014d Symphogear G",
        "animeRomaji": "Senki Zessh\u014d Symphogear G",
        "songName": "Next Destination",
        "artist": "Ayahi Takagaki",
        "type": "Ending 2",
        "correctCount": 45,
        "startTime": 34,
        "songDuration": 89.424,
        "songNumber": 37,
        "activePlayerCount": 218,
        "LinkVideo": "https://files.catbox.moe/bugxs0.webm",
        "LinkMp3": "https://files.catbox.moe/n67s0l.mp3"
    },
    {
        "animeEng": "I'll Make a Habit of It",
        "animeRomaji": "Ch\u014d Kuseninaris\u014d",
        "songName": "Third Love",
        "artist": "Junko Inoue",
        "type": "Opening 1",
        "correctCount": 1,
        "startTime": 9,
        "songDuration": 86.784,
        "songNumber": 38,
        "activePlayerCount": 217,
        "LinkVideo": "https://files.catbox.moe/6ehhyw.webm",
        "LinkMp3": "https://files.catbox.moe/i0afiu.mp3",
        "correctPlayers": [
            "Ashurinkusu"
        ]
    },
    {
        "animeEng": "Bleach the Movie 4: Hell Verse",
        "animeRomaji": "Bleach: Jigoku-hen",
        "songName": "Save The One, Save The All",
        "artist": "T.M.Revolution",
        "type": "Ending 1",
        "correctCount": 41,
        "startTime": 200,
        "songDuration": 244.032,
        "songNumber": 39,
        "activePlayerCount": 218,
        "LinkVideo": "https://files.catbox.moe/tkscya.webm",
        "LinkMp3": "https://files.catbox.moe/g3p3ko.mp3"
    },
    {
        "animeEng": "Crayon Shin-chan Bakusui! Yumemi World Dai Totsugeki",
        "animeRomaji": "Crayon Shin-chan Bakusui! Yumemi World Dai Totsugeki",
        "songName": "Kimi ni 100 Percent",
        "artist": "Kyary Pamyu Pamyu",
        "type": "Opening 1",
        "correctCount": 185,
        "startTime": 22,
        "songDuration": 64.032,
        "songNumber": 40,
        "activePlayerCount": 218,
        "LinkVideo": "https://files.catbox.moe/r7n6po.webm",
        "LinkMp3": "https://files.catbox.moe/ig4gzs.mp3"
    },
    {
        "animeEng": "Kinnikuman",
        "animeRomaji": "Kinnikuman",
        "songName": "Nijiiro no Kishi",
        "artist": "Tsutomu Arakawa",
        "type": "Insert Song",
        "correctCount": 7,
        "startTime": 11,
        "songDuration": 79.848,
        "songNumber": 41,
        "activePlayerCount": 218,
        "LinkVideo": "https://files.catbox.moe/0bgf57.webm",
        "LinkMp3": "https://files.catbox.moe/nbyj0t.mp3"
    },
    {
        "animeEng": "Beyblade",
        "animeRomaji": "Bakuten Shoot Beyblade",
        "songName": "Let's Beyblade",
        "artist": "Sick Kid featuring Lukas Rossi",
        "type": "Opening 1",
        "correctCount": 199,
        "startTime": 25,
        "songDuration": 59.928,
        "songNumber": 42,
        "activePlayerCount": 218,
        "LinkVideo": "https://files.catbox.moe/u3nle4.webm",
        "LinkMp3": "https://files.catbox.moe/ckm177.mp3"
    },
    {
        "animeEng": "Yamishibai: Japanese Ghost Stories",
        "animeRomaji": "Yami Shibai",
        "songName": "Kaifuu Emaki",
        "artist": "AVtechNO! feat. Hatsune Miku",
        "type": "Ending 1",
        "correctCount": 153,
        "startTime": 0,
        "songDuration": 24.864,
        "songNumber": 43,
        "activePlayerCount": 217,
        "LinkVideo": "https://files.catbox.moe/2albpr.webm",
        "LinkMp3": "https://files.catbox.moe/m60vkf.mp3"
    },
    {
        "animeEng": "Nekopara",
        "animeRomaji": "Nekopara",
        "songName": "Shiny Happy Days",
        "artist": "Yuki Yagi, Iori Saeki, Shiori Izawa, Miku It\u014d, Yuri Noguchi, Marin Mizutani",
        "type": "Opening 1",
        "correctCount": 64,
        "startTime": 10,
        "songDuration": 89.304,
        "songNumber": 44,
        "activePlayerCount": 217,
        "LinkVideo": "https://files.catbox.moe/uo7vd0.webm",
        "LinkMp3": "https://files.catbox.moe/ltfhqm.mp3"
    },
    {
        "animeEng": "Nurse Witch Komugi",
        "animeRomaji": "Nurse Witch Komugi-chan Magikarte",
        "songName": "Shouri da! Big Cytron",
        "artist": "Akira Kushida",
        "type": "Insert Song",
        "correctCount": 3,
        "startTime": 8,
        "songDuration": 56.064,
        "songNumber": 45,
        "activePlayerCount": 216,
        "LinkVideo": "https://files.catbox.moe/is0s9t.webm",
        "LinkMp3": "https://files.catbox.moe/dg0u4z.mp3",
        "correctPlayers": [
            "Ufokoira",
            "Impognagrift",
            "romraisin"
        ]
    },
    {
        "animeEng": "Kirameki Project",
        "animeRomaji": "Kirameki Project",
        "songName": "SETSUNASA Communication",
        "artist": "Sae",
        "type": "Ending 1",
        "correctCount": 1,
        "startTime": 30,
        "songDuration": 89.52,
        "songNumber": 46,
        "activePlayerCount": 217,
        "LinkVideo": "https://files.catbox.moe/qk195e.webm",
        "LinkMp3": "https://files.catbox.moe/y3ttwq.mp3",
        "correctPlayers": [
            "Moegi"
        ]
    },
    {
        "animeEng": "Kanokon: The Girl Who Cried Fox R",
        "animeRomaji": "Kanokon: Manatsu no Daishanikusai",
        "songName": "Lupinus - Shiawase no Kaze",
        "artist": "Ui Miyazaki",
        "type": "Ending 1",
        "correctCount": 5,
        "startTime": 19,
        "songDuration": 90.984,
        "songNumber": 47,
        "activePlayerCount": 216,
        "LinkVideo": "https://files.catbox.moe/avpbkk.webm",
        "LinkMp3": "https://files.catbox.moe/31bp96.mp3",
        "correctPlayers": [
            "sukisho",
            "ki_mera",
            "ocsexyman",
            "JESSMI2",
            "DDBOT"
        ]
    },
    {
        "animeEng": "Boarding School Juliet",
        "animeRomaji": "Kishuku Gakk\u014d no Juliet",
        "songName": "Hush, Little Baby",
        "artist": "Ai Kayano",
        "type": "Insert Song",
        "correctCount": 100,
        "startTime": 0,
        "songDuration": 31.56,
        "songNumber": 48,
        "activePlayerCount": 217,
        "LinkVideo": "https://files.catbox.moe/wl0wti.webm",
        "LinkMp3": "https://files.catbox.moe/hoo0lg.mp3"
    },
    {
        "animeEng": "No Guns Life",
        "animeRomaji": "No Guns Life",
        "songName": "Chaos Drifters",
        "artist": "SawanoHiroyuki[nZk]:Jean-Ken Johnny",
        "type": "Opening 1",
        "correctCount": 85,
        "startTime": 40,
        "songDuration": 87.264,
        "songNumber": 49,
        "activePlayerCount": 215,
        "LinkVideo": "https://files.catbox.moe/04iulg.webm",
        "LinkMp3": "https://files.catbox.moe/4fevrs.mp3"
    },
    {
        "animeEng": "Baki",
        "animeRomaji": "Baki",
        "songName": "The Gong of Knockout",
        "artist": "Fear, and Loathing in Las Vegas",
        "type": "Opening 2",
        "correctCount": 66,
        "startTime": 2,
        "songDuration": 89.04,
        "songNumber": 50,
        "activePlayerCount": 216,
        "LinkVideo": "https://files.catbox.moe/vzv99k.webm",
        "LinkMp3": "https://files.catbox.moe/vudsih.mp3"
    },
    {
        "animeEng": "Killing Bites",
        "animeRomaji": "Killing Bites",
        "songName": "killing bites",
        "artist": "fripSide",
        "type": "Opening 1",
        "correctCount": 73,
        "startTime": 40,
        "songDuration": 88.944,
        "songNumber": 51,
        "activePlayerCount": 216,
        "LinkVideo": "https://files.catbox.moe/01yv1d.webm",
        "LinkMp3": "https://files.catbox.moe/a8jthh.mp3"
    },
    {
        "animeEng": "MM!",
        "animeRomaji": "MM!",
        "songName": "HELP!! -Heaven side-",
        "artist": "Ayana Taketatsu & Saori Hayami",
        "type": "Opening 2",
        "correctCount": 92,
        "startTime": 2,
        "songDuration": 89.256,
        "songNumber": 52,
        "activePlayerCount": 217,
        "LinkVideo": "https://files.catbox.moe/7pqeaa.webm",
        "LinkMp3": "https://files.catbox.moe/vcn3wu.mp3"
    },
    {
        "animeEng": "Dragon Ball Z: The Tree of Might",
        "animeRomaji": "Dragon Ball Z: Chiky\u016b Marugoto Ch\u014dkessen",
        "songName": "CHA-LA HEAD-CHA-LA",
        "artist": "Hironobu Kageyama",
        "type": "Opening 1",
        "correctCount": 203,
        "startTime": 60,
        "songDuration": 107.074078,
        "songNumber": 53,
        "activePlayerCount": 216,
        "LinkVideo": "https://files.catbox.moe/xbexc9.webm",
        "LinkMp3": "https://files.catbox.moe/ewehoa.mp3"
    },
    {
        "animeEng": "Koro Teacher Quest!",
        "animeRomaji": "Koro Sensei Quest!",
        "songName": "Seishun Satsubatsu-ron (8-bit Remix)",
        "artist": "3-nen E-gumi Utatan",
        "type": "Ending 1",
        "correctCount": 127,
        "startTime": 15,
        "songDuration": 58.12145,
        "songNumber": 54,
        "activePlayerCount": 217,
        "LinkVideo": "https://files.catbox.moe/tl6cxa.webm",
        "LinkMp3": "https://files.catbox.moe/ailhdq.mp3"
    },
    {
        "animeEng": "Senki Zessh\u014d Symphogear G",
        "animeRomaji": "Senki Zessh\u014d Symphogear G",
        "songName": "Apple",
        "artist": "Y\u014dko Hikasa & Yui Horie",
        "type": "Opening 1",
        "correctCount": 85,
        "startTime": 22,
        "songDuration": 82.704,
        "songNumber": 55,
        "activePlayerCount": 217,
        "LinkVideo": "https://files.catbox.moe/y1a861.webm",
        "LinkMp3": "https://files.catbox.moe/nl72st.mp3"
    },
    {
        "animeEng": "Bleach",
        "animeRomaji": "Bleach",
        "songName": "Kimi o Mamotte, Kimi o Aishite",
        "artist": "Sambomaster",
        "type": "Ending 19",
        "correctCount": 52,
        "startTime": 8,
        "songDuration": 90.12,
        "songNumber": 56,
        "activePlayerCount": 217,
        "LinkVideo": "https://files.catbox.moe/86ff22.webm",
        "LinkMp3": "https://files.catbox.moe/mn5rdo.mp3"
    },
    {
        "animeEng": "Puella Magi Madoka Magica the Movie Part 2: Eternal",
        "animeRomaji": "Gekij\u014dban Mah\u014d Sh\u014djo Madoka\u2605Magica K\u014dhen: Eien no Monogatari",
        "songName": "Credens justitiam",
        "artist": "Eri It\u014d",
        "type": "Insert Song",
        "correctCount": 156,
        "startTime": 6,
        "songDuration": 42.024,
        "songNumber": 57,
        "activePlayerCount": 216,
        "LinkVideo": "https://files.catbox.moe/20a1d6.webm",
        "LinkMp3": "https://files.catbox.moe/spc2rs.mp3"
    },
    {
        "animeEng": "Tokyo Ghoul: Pinto",
        "animeRomaji": "Tokyo Ghoul: Pinto",
        "songName": "Mun\u014d",
        "artist": "\u00f6sterreich",
        "type": "Ending 1",
        "correctCount": 156,
        "startTime": 54,
        "songDuration": 136.728,
        "songNumber": 58,
        "activePlayerCount": 216,
        "LinkVideo": "https://files.catbox.moe/lnsjkg.webm",
        "LinkMp3": "https://files.catbox.moe/sq9yg6.mp3"
    },
    {
        "animeEng": "Papuwa",
        "animeRomaji": "Papuwa",
        "songName": "Tabibito",
        "artist": "LOOSELY",
        "type": "Opening 1",
        "correctCount": 5,
        "startTime": 35,
        "songDuration": 88.104,
        "songNumber": 59,
        "activePlayerCount": 215,
        "LinkVideo": "https://files.catbox.moe/hpk7ec.webm",
        "LinkMp3": "https://files.catbox.moe/jlz18a.mp3",
        "correctPlayers": [
            "Kaani",
            "MyNameWasStolen",
            "MexCZE",
            "W1LDDEN",
            "BigDip123"
        ]
    },
    {
        "animeEng": "Yu-Gi-Oh! 5D's",
        "animeRomaji": "Yu-Gi-Oh! 5D's",
        "songName": "Clear Mind",
        "artist": "Masaaki Endoh",
        "type": "Insert Song",
        "correctCount": 31,
        "startTime": 165,
        "songDuration": 223.296,
        "songNumber": 60,
        "activePlayerCount": 215,
        "LinkVideo": "https://files.catbox.moe/qric21.webm",
        "LinkMp3": "https://files.catbox.moe/huhyoq.mp3"
    },
    {
        "animeEng": "Nekopara OVA",
        "animeRomaji": "Nekopara OVA",
        "songName": "Baby\u2192Lady LOVE",
        "artist": "Ray",
        "type": "Opening 1",
        "correctCount": 74,
        "startTime": 22,
        "songDuration": 90.096,
        "songNumber": 61,
        "activePlayerCount": 215,
        "LinkVideo": "https://files.catbox.moe/fvyyt5.webm",
        "LinkMp3": "https://files.catbox.moe/n5udk9.mp3"
    },
    {
        "animeEng": "One Piece Episode of Sorajima",
        "animeRomaji": "One Piece Episode of Sorajima",
        "songName": "Hope",
        "artist": "Namie Amuro",
        "type": "Ending 1",
        "correctCount": 96,
        "startTime": 44,
        "songDuration": 117.731854,
        "songNumber": 62,
        "activePlayerCount": 213,
        "LinkVideo": "https://files.catbox.moe/7n5a0z.webm",
        "LinkMp3": "https://files.catbox.moe/iwgcm7.mp3"
    },
    {
        "animeEng": "Fate/Zero",
        "animeRomaji": "Fate/Zero",
        "songName": "MEMORIA",
        "artist": "Eir Aoi",
        "type": "Ending 1",
        "correctCount": 132,
        "startTime": 13,
        "songDuration": 88.176,
        "songNumber": 63,
        "activePlayerCount": 213,
        "LinkVideo": "https://files.catbox.moe/s4m2wc.webm",
        "LinkMp3": "https://files.catbox.moe/tm88oe.mp3"
    },
    {
        "animeEng": "Clean Freak! Aoyama kun",
        "animeRomaji": "Keppeki Danshi! Aoyama-kun",
        "songName": "White",
        "artist": "Bentham",
        "type": "Opening 1",
        "correctCount": 36,
        "startTime": 5,
        "songDuration": 91.08,
        "songNumber": 64,
        "activePlayerCount": 213,
        "LinkVideo": "https://files.catbox.moe/c36oa5.webm",
        "LinkMp3": "https://files.catbox.moe/u49bat.mp3"
    },
    {
        "animeEng": "Clannad After Story",
        "animeRomaji": "Clannad After Story",
        "songName": "Chiisana Tenohira",
        "artist": "riya",
        "type": "Insert Song",
        "correctCount": 52,
        "startTime": 158,
        "songDuration": 276.936,
        "songNumber": 65,
        "activePlayerCount": 213,
        "LinkVideo": "https://files.catbox.moe/nft2jx.webm",
        "LinkMp3": "https://files.catbox.moe/p2rie0.mp3"
    },
    {
        "animeEng": "JoJo's Bizarre Adventure: Stardust Crusaders",
        "animeRomaji": "JoJo no Kimy\u014d na B\u014dken: Stardust Crusaders",
        "songName": "JoJo Sono Chi no Kioku ~end of THE WORLD~",
        "artist": "JO\u2606STARS~TOMMY, Coda, JIN~",
        "type": "Opening 1",
        "correctCount": 181,
        "startTime": 50,
        "songDuration": 88.872,
        "songNumber": 66,
        "activePlayerCount": 213,
        "LinkVideo": "https://files.catbox.moe/75c5tr.webm",
        "LinkMp3": "https://files.catbox.moe/axieu5.mp3"
    },
    {
        "animeEng": "Aikatsu on Parade!",
        "animeRomaji": "Aikatsu on Parade!",
        "songName": "Calendar Girl",
        "artist": "Waka\u30fbFuuri\u30fbSunao from STAR\u2606ANIS",
        "type": "Ending 5",
        "correctCount": 110,
        "startTime": 14,
        "songDuration": 89.232,
        "songNumber": 67,
        "activePlayerCount": 213,
        "LinkVideo": "https://files.catbox.moe/9g7qe3.webm",
        "LinkMp3": "https://files.catbox.moe/60nl5q.mp3"
    },
    {
        "animeEng": "PriPara & Kiratto Pri\u2606Chan ~Kira Kira Memorial Live~",
        "animeRomaji": "PriPara & Kiratto Pri\u2606Chan ~Kira Kira Memorial Live~",
        "songName": "Kumikyoku Forever\u2606Friends~Daiichigakush\u014d~I FRIEND YOU!!",
        "artist": "SoLaMi\u2661SMILE",
        "type": "Insert Song",
        "correctCount": 61,
        "startTime": 43,
        "songDuration": 80.712,
        "songNumber": 68,
        "activePlayerCount": 212,
        "LinkVideo": "https://files.catbox.moe/jxy9hz.webm",
        "LinkMp3": "https://files.catbox.moe/85qphm.mp3"
    },
    {
        "animeEng": "Crane Game Girls",
        "animeRomaji": "Bish\u014djo Y\u016bgi Unit Crane Garl",
        "songName": "Omakase Crane Garl",
        "artist": "Chikyuu Bouei-tai",
        "type": "Insert Song",
        "correctCount": 32,
        "startTime": 0,
        "songDuration": 23.039604,
        "songNumber": 69,
        "activePlayerCount": 213,
        "LinkVideo": "https://files.catbox.moe/rdapzk.webm",
        "LinkMp3": "https://files.catbox.moe/jcdrkv.mp3"
    },
    {
        "animeEng": "Seitokai Yakuindomo*",
        "animeRomaji": "Seitokai Yakuindomo*",
        "songName": "Hana Saku\u2606Saikyou Legend Days",
        "artist": "Triple Booking",
        "type": "Opening 1",
        "correctCount": 88,
        "startTime": 16,
        "songDuration": 87.408,
        "songNumber": 70,
        "activePlayerCount": 213,
        "LinkVideo": "https://files.catbox.moe/gohdbw.webm",
        "LinkMp3": "https://files.catbox.moe/as2033.mp3"
    },
    {
        "animeEng": ".hack//GIFT",
        "animeRomaji": ".hack//GIFT",
        "songName": "Obsession",
        "artist": "See-Saw",
        "type": "Opening 1",
        "correctCount": 156,
        "startTime": 28,
        "songDuration": 94.008,
        "songNumber": 71,
        "activePlayerCount": 212,
        "LinkVideo": "https://files.catbox.moe/1a8ot1.webm",
        "LinkMp3": "https://files.catbox.moe/11ici8.mp3"
    },
    {
        "animeEng": "Peter Grill and the Philosopher's Time",
        "animeRomaji": "Peter Grill to Kenja no Jikan",
        "songName": "Tsuranuite Y\u016btsu",
        "artist": "Yui Ninomiya",
        "type": "Opening 1",
        "correctCount": 73,
        "startTime": 42,
        "songDuration": 89.16,
        "songNumber": 72,
        "activePlayerCount": 212,
        "LinkVideo": "https://files.catbox.moe/ni0l84.webm",
        "LinkMp3": "https://files.catbox.moe/z2ftwv.mp3"
    },
    {
        "animeEng": "anohana: The Flower We Saw That Day",
        "animeRomaji": "Ano Hi Mita Hana no Namae o Boku-tachi wa Mada Shiranai.",
        "songName": "Aoi Shiori",
        "artist": "Galileo Galilei",
        "type": "Opening 1",
        "correctCount": 182,
        "startTime": 2,
        "songDuration": 88.128,
        "songNumber": 73,
        "activePlayerCount": 212,
        "LinkVideo": "https://files.catbox.moe/6jcutt.webm",
        "LinkMp3": "https://files.catbox.moe/1iu7vv.mp3"
    },
    {
        "animeEng": "Honey and Clover II",
        "animeRomaji": "Hachikuro II",
        "songName": "Fugainaiya",
        "artist": "YUKI",
        "type": "Opening 1",
        "correctCount": 55,
        "startTime": 4,
        "songDuration": 89.702948,
        "songNumber": 74,
        "activePlayerCount": 212,
        "LinkVideo": "https://files.catbox.moe/8g648o.webm",
        "LinkMp3": "https://files.catbox.moe/lk7yde.mp3"
    },
    {
        "animeEng": "Nyanbo!",
        "animeRomaji": "Nyanbo!",
        "songName": "Uch\u016b kara Yattekita Nyanbo",
        "artist": "\u014chashiTrio",
        "type": "Opening 1",
        "correctCount": 186,
        "startTime": 0,
        "songDuration": 23.37919,
        "songNumber": 75,
        "activePlayerCount": 209,
        "LinkVideo": "https://files.catbox.moe/rbl30y.webm",
        "LinkMp3": "https://files.catbox.moe/4p7bdu.mp3"
    }
]