[
    {
        "animeEng": "Neo Angelique Abyss",
        "animeRomaji": "Neo Angelique Abyss",
        "songName": "JOY TO THE WORLD",
        "artist": "Orb Hunter 4",
        "type": "Opening 1",
        "correctCount": 10,
        "startTime": 0,
        "songDuration": 89.76,
        "songNumber": 1,
        "activePlayerCount": 192,
        "LinkVideo": "https://files.catbox.moe/obf4nr.webm",
        "LinkMp3": "https://files.catbox.moe/jcxcs7.mp3"
    },
    {
        "animeEng": "Happy Lesson",
        "animeRomaji": "Happy Lesson",
        "songName": "Telescope",
        "artist": "Sleepin' JohnnyFish",
        "type": "Opening 1",
        "correctCount": 6,
        "startTime": 0,
        "songDuration": 89.712,
        "songNumber": 2,
        "activePlayerCount": 189,
        "LinkVideo": "https://files.catbox.moe/7rh903.webm",
        "LinkMp3": "https://files.catbox.moe/jx97bq.mp3"
    },
    {
        "animeEng": "Let's Nupu Nupu",
        "animeRomaji": "Let's Nupu Nupu",
        "songName": "Twister",
        "artist": "Jack & Betty",
        "type": "Insert Song",
        "correctCount": 2,
        "startTime": 1,
        "songDuration": 41.832,
        "songNumber": 3,
        "activePlayerCount": 189,
        "LinkVideo": "https://files.catbox.moe/pn43dh.webm",
        "LinkMp3": "https://files.catbox.moe/qxnxk3.mp3",
        "correctPlayers": [
            "esona",
            "ensorcell"
        ]
    },
    {
        "animeEng": "Ga-Rei-Zero",
        "animeRomaji": "Ga-Rei-Zero",
        "songName": "Yume no Ashioto ga Kikoeru",
        "artist": "Kaoru Mizuhara",
        "type": "Ending 1",
        "correctCount": 18,
        "startTime": 26,
        "songDuration": 87.84,
        "songNumber": 4,
        "activePlayerCount": 187,
        "LinkVideo": "https://files.catbox.moe/tng3f3.webm",
        "LinkMp3": "https://files.catbox.moe/mwewp5.mp3"
    },
    {
        "animeEng": "RahXephon",
        "animeRomaji": "RahXephon",
        "songName": "Yume no Tamago (English Version)",
        "artist": "Ichiko Hashimoto & Mayumi Hashimoto",
        "type": "Ending 2",
        "correctCount": 14,
        "startTime": 14,
        "songDuration": 89.424,
        "songNumber": 5,
        "activePlayerCount": 185,
        "LinkVideo": "https://animethemes.moe/video/RahXephon-ED1.webm",
        "LinkMp3": "https://files.catbox.moe/mjkchb.mp3"
    },
    {
        "animeEng": "Arakawa Under the Bridge",
        "animeRomaji": "Arakawa Under the Bridge",
        "songName": "Title Nante Jibun de Kangaenasai na",
        "artist": "Miyuki Sawashiro",
        "type": "Opening 2",
        "correctCount": 62,
        "startTime": 15,
        "songDuration": 88.872,
        "songNumber": 6,
        "activePlayerCount": 184,
        "LinkVideo": "https://files.catbox.moe/urvee8.webm",
        "LinkMp3": "https://files.catbox.moe/dizknk.mp3"
    },
    {
        "animeEng": "Keith Courage",
        "animeRomaji": "Mashin Eiy\u016bden Wataru",
        "songName": "STEP",
        "artist": "a\u30fbchi-a\u30fbchi",
        "type": "Opening 1",
        "correctCount": 14,
        "startTime": 0,
        "songDuration": 89.712,
        "songNumber": 7,
        "activePlayerCount": 184,
        "LinkVideo": "https://files.catbox.moe/9lxkkt.webm",
        "LinkMp3": "https://files.catbox.moe/n1t8kb.mp3"
    },
    {
        "animeEng": "Goku Sayonara Zetsub\u014d Sensei",
        "animeRomaji": "Goku Sayonara Zetsub\u014d Sensei",
        "songName": "Kuusou Rumba Rap",
        "artist": "Kenji \u014ctsuki to Zetsub\u014d Sh\u014djo-tachi feat. Rap-bit",
        "type": "Opening 2",
        "correctCount": 56,
        "startTime": 17,
        "songDuration": 88.824,
        "songNumber": 8,
        "activePlayerCount": 183,
        "LinkVideo": "https://files.catbox.moe/3sxzdc.webm",
        "LinkMp3": "https://files.catbox.moe/tf2wwa.mp3"
    },
    {
        "animeEng": "Touka Gettan",
        "animeRomaji": "Touka Gettan",
        "songName": "Kono Sekai ga Itsuka wa",
        "artist": "Saori Hayami",
        "type": "Ending 1",
        "correctCount": 19,
        "startTime": 11,
        "songDuration": 89.493972,
        "songNumber": 9,
        "activePlayerCount": 184,
        "LinkVideo": "https://files.catbox.moe/kcjzpx.webm",
        "LinkMp3": "https://files.catbox.moe/87ksy6.mp3"
    },
    {
        "animeEng": "Free! -Take Your Marks-",
        "animeRomaji": "Tokubetsuban Free! -Take Your Marks-",
        "songName": "FREE-STYLE SPIRIT",
        "artist": "STYLE FIVE",
        "type": "Opening 1",
        "correctCount": 20,
        "startTime": 29,
        "songDuration": 86.28,
        "songNumber": 10,
        "activePlayerCount": 184,
        "LinkVideo": "https://files.catbox.moe/i5lxz0.webm",
        "LinkMp3": "https://files.catbox.moe/lagwtc.mp3"
    },
    {
        "animeEng": "Initial D",
        "animeRomaji": "Initial D",
        "songName": "over drive",
        "artist": "move",
        "type": "Insert Song",
        "correctCount": 48,
        "startTime": 0,
        "songDuration": 26.448,
        "songNumber": 11,
        "activePlayerCount": 182,
        "LinkVideo": "https://files.catbox.moe/rohyj4.webm",
        "LinkMp3": "https://files.catbox.moe/b4s4kt.mp3"
    },
    {
        "animeEng": "Gintama\u00b0",
        "animeRomaji": "Gintama\u00b0",
        "songName": "KNOW KNOW KNOW",
        "artist": "DOES",
        "type": "Opening 4",
        "correctCount": 60,
        "startTime": 43,
        "songDuration": 86.136,
        "songNumber": 12,
        "activePlayerCount": 182,
        "LinkVideo": "https://files.catbox.moe/e5tmm1.webm",
        "LinkMp3": "https://files.catbox.moe/8ijgq1.mp3"
    },
    {
        "animeEng": "Level E",
        "animeRomaji": "Level E",
        "songName": "Cold Finger Girl",
        "artist": "Chiaki Kuriyama",
        "type": "Opening 1",
        "correctCount": 43,
        "startTime": 1,
        "songDuration": 86.064,
        "songNumber": 13,
        "activePlayerCount": 182,
        "LinkVideo": "https://files.catbox.moe/8cpb0a.webm",
        "LinkMp3": "https://files.catbox.moe/1960ll.mp3"
    },
    {
        "animeEng": "Yawaraka Sangokushi Tsukisase!! Ryofuko-chan",
        "animeRomaji": "Yawaraka Sangokushi Tsukisase!! Ryofuko-chan",
        "songName": "OH MY FRIEND! ~Kagayaki Tsuzukete~",
        "artist": "Tae Urakabe",
        "type": "Ending 1",
        "correctCount": 1,
        "startTime": 26,
        "songDuration": 90.936,
        "songNumber": 14,
        "activePlayerCount": 182,
        "LinkVideo": "https://files.catbox.moe/upuzdh.webm",
        "LinkMp3": "https://files.catbox.moe/tr1pbo.mp3",
        "correctPlayers": [
            "asleep"
        ]
    },
    {
        "animeEng": "Tokyo Ravens",
        "animeRomaji": "Tokyo Ravens",
        "songName": "All the same",
        "artist": "Shinji Kakijima",
        "type": "Insert Song",
        "correctCount": 15,
        "startTime": 90,
        "songDuration": 147.264,
        "songNumber": 15,
        "activePlayerCount": 182,
        "LinkVideo": "https://files.catbox.moe/3vhrr0.webm",
        "LinkMp3": "https://files.catbox.moe/yla809.mp3"
    },
    {
        "animeEng": "PriPara",
        "animeRomaji": "PriPara",
        "songName": "Dream Parade",
        "artist": "Y\u016b Serizawa",
        "type": "Insert Song",
        "correctCount": 49,
        "startTime": 88,
        "songDuration": 136.44,
        "songNumber": 16,
        "activePlayerCount": 182,
        "LinkVideo": "https://files.catbox.moe/6mtw3o.webm",
        "LinkMp3": "https://files.catbox.moe/6cr043.mp3"
    },
    {
        "animeEng": "The Seven Deadly Sins: Wrath of the Gods",
        "animeRomaji": "The Seven Deadly Sins: Wrath of the Gods",
        "songName": "Perfect Time",
        "artist": "Mika Kobayashi & mpi",
        "type": "Insert Song",
        "correctCount": 131,
        "startTime": 73,
        "songDuration": 177.672,
        "songNumber": 17,
        "activePlayerCount": 182,
        "LinkVideo": "https://files.catbox.moe/8wcau4.webm",
        "LinkMp3": "https://files.catbox.moe/bnefvu.mp3"
    },
    {
        "animeEng": ".hack//Quantum",
        "animeRomaji": ".hack//Quantum",
        "songName": "Shizuku",
        "artist": "Yuuka Nanri",
        "type": "Ending 1",
        "correctCount": 15,
        "startTime": 49,
        "songDuration": 90.355998,
        "songNumber": 18,
        "activePlayerCount": 182,
        "LinkVideo": "https://files.catbox.moe/e2tjgg.webm",
        "LinkMp3": "https://files.catbox.moe/2947ns.mp3"
    },
    {
        "animeEng": "A Certain Magical Index III",
        "animeRomaji": "Toaru Majutsu no Index III",
        "songName": "Kakumei Zenya",
        "artist": "Yuka Iguchi",
        "type": "Ending 1",
        "correctCount": 29,
        "startTime": 55,
        "songDuration": 89.676826,
        "songNumber": 19,
        "activePlayerCount": 181,
        "LinkVideo": "https://files.catbox.moe/o5giar.webm",
        "LinkMp3": "https://files.catbox.moe/ermf7g.mp3"
    },
    {
        "animeEng": "Major 2nd",
        "animeRomaji": "Major 2nd",
        "songName": "Answer",
        "artist": "Leo Ieiri",
        "type": "Opening 1",
        "correctCount": 3,
        "startTime": 36,
        "songDuration": 87.88,
        "songNumber": 20,
        "activePlayerCount": 181,
        "LinkVideo": "https://files.catbox.moe/m90ypk.webm",
        "correctPlayers": [
            "raisinmuffins",
            "fake_fake_fisher",
            "ensorcell"
        ]
    },
    {
        "animeEng": "Hell Girl: Fourth Twilight",
        "animeRomaji": "Jigoku Sh\u014djo: Yoi no Togi",
        "songName": "Irogami",
        "artist": "Mamiko Noto",
        "type": "Ending 1",
        "correctCount": 14,
        "startTime": 19,
        "songDuration": 65.722952,
        "songNumber": 21,
        "activePlayerCount": 181,
        "LinkVideo": "https://files.catbox.moe/syj43d.webm",
        "LinkMp3": "https://files.catbox.moe/m9kszc.mp3"
    },
    {
        "animeEng": "Mewkledreamy",
        "animeRomaji": "Mewkledreamy",
        "songName": "Tokimeki Collector",
        "artist": "Maria Sawada",
        "type": "Ending 1",
        "correctCount": 1,
        "startTime": 43,
        "songDuration": 88.859,
        "songNumber": 22,
        "activePlayerCount": 180,
        "LinkVideo": "https://files.catbox.moe/8kn7l5.webm",
        "correctPlayers": [
            "eggsdee"
        ]
    },
    {
        "animeEng": "Chihayafuru 2",
        "animeRomaji": "Chihayafuru 2",
        "songName": "STAR",
        "artist": "99RadioService",
        "type": "Opening 1",
        "correctCount": 81,
        "startTime": 20,
        "songDuration": 69.936,
        "songNumber": 23,
        "activePlayerCount": 179,
        "LinkVideo": "https://files.catbox.moe/0kr3rw.webm",
        "LinkMp3": "https://files.catbox.moe/4jvhiy.mp3"
    },
    {
        "animeEng": "BanG Dream! FILM LIVE",
        "animeRomaji": "BanG Dream! FILM LIVE",
        "songName": "BLACK SHOUT",
        "artist": "Roselia",
        "type": "Insert Song",
        "correctCount": 55,
        "startTime": 0,
        "songDuration": 106.31654,
        "songNumber": 24,
        "activePlayerCount": 179,
        "LinkVideo": "https://files.catbox.moe/m2h92z.webm",
        "LinkMp3": "https://files.catbox.moe/pn54pj.mp3"
    },
    {
        "animeEng": "Hellsing",
        "animeRomaji": "Hellsing",
        "songName": "Logos Naki World",
        "artist": "Yasushi Ishii",
        "type": "Opening 1",
        "correctCount": 108,
        "startTime": 43,
        "songDuration": 76.92929,
        "songNumber": 25,
        "activePlayerCount": 179,
        "LinkVideo": "https://files.catbox.moe/3ia1d0.webm",
        "LinkMp3": "https://files.catbox.moe/znsnsa.mp3"
    },
    {
        "animeEng": "Science Ninja Team Gatchaman II",
        "animeRomaji": "Gatchaman II",
        "songName": "Warera Gatchaman",
        "artist": "Isao Sasaki and Columbia Yurikago-kai",
        "type": "Opening 1",
        "correctCount": 16,
        "startTime": 19,
        "songDuration": 72.288,
        "songNumber": 26,
        "activePlayerCount": 179,
        "LinkVideo": "https://files.catbox.moe/totyc2.webm",
        "LinkMp3": "https://files.catbox.moe/54ud3i.mp3"
    },
    {
        "animeEng": "07-Ghost",
        "animeRomaji": "07-Ghost",
        "songName": "Rags no Chinkonka",
        "artist": "Noria",
        "type": "Insert Song",
        "correctCount": 28,
        "startTime": 51,
        "songDuration": 97.728,
        "songNumber": 27,
        "activePlayerCount": 179,
        "LinkVideo": "https://files.catbox.moe/4cqgzg.webm",
        "LinkMp3": "https://files.catbox.moe/w0lamx.mp3"
    },
    {
        "animeEng": "Shokugeki no S\u014dma: San no Sara: Erina no Shin Seikatsu",
        "animeRomaji": "Shokugeki no S\u014dma: San no Sara: Erina no Shin Seikatsu",
        "songName": "Kyokyojitsujitsu",
        "artist": "nano.RIPE",
        "type": "Ending 1",
        "correctCount": 113,
        "startTime": 4,
        "songDuration": 86.976,
        "songNumber": 28,
        "activePlayerCount": 179,
        "LinkVideo": "https://files.catbox.moe/yq3p0s.webm",
        "LinkMp3": "https://files.catbox.moe/lzbrdq.mp3"
    },
    {
        "animeEng": "Servamp",
        "animeRomaji": "Servamp",
        "songName": "Deal with",
        "artist": "OLDCODEX",
        "type": "Opening 1",
        "correctCount": 52,
        "startTime": 41,
        "songDuration": 89.952,
        "songNumber": 29,
        "activePlayerCount": 179,
        "LinkVideo": "https://files.catbox.moe/mvvrau.webm",
        "LinkMp3": "https://files.catbox.moe/n8sqdo.mp3"
    },
    {
        "animeEng": "Monkey Turn V",
        "animeRomaji": "Monkey Turn V",
        "songName": "Mune Ippai no Kono Ai o Dare Yori Kimi ni",
        "artist": "JEWELRY",
        "type": "Opening 1",
        "correctCount": 5,
        "startTime": 26,
        "songDuration": 89.808,
        "songNumber": 30,
        "activePlayerCount": 179,
        "LinkVideo": "https://files.catbox.moe/ac3teg.webm",
        "LinkMp3": "https://files.catbox.moe/cu8g5e.mp3",
        "correctPlayers": [
            "Renegado",
            "YoshiNubao",
            "fiyahfurai",
            "asleep",
            "watashiii"
        ]
    },
    {
        "animeEng": "Cheeky Angel",
        "animeRomaji": "Tenshi na Konamaiki",
        "songName": "Whenever I Think of You",
        "artist": "U-ka saegusa IN db",
        "type": "Ending 1",
        "correctCount": 1,
        "startTime": 9,
        "songDuration": 89.688,
        "songNumber": 31,
        "activePlayerCount": 179,
        "LinkVideo": "https://files.catbox.moe/6e6hz8.webm",
        "LinkMp3": "https://files.catbox.moe/ckoa7u.mp3",
        "correctPlayers": [
            "Kolea"
        ]
    },
    {
        "animeEng": "Reborn!",
        "animeRomaji": "Katekyo Hitman Reborn!",
        "songName": "Funny Sunny Day (Japanese Version)",
        "artist": "SxOxU",
        "type": "Opening 7",
        "correctCount": 87,
        "startTime": 13,
        "songDuration": 89.04,
        "songNumber": 32,
        "activePlayerCount": 180,
        "LinkVideo": "https://files.catbox.moe/c7drny.webm",
        "LinkMp3": "https://files.catbox.moe/opaqjl.mp3"
    },
    {
        "animeEng": "Beyblade: Metal Masters",
        "animeRomaji": "Metal Fight Beyblade Baku",
        "songName": "SPINNING THE WORLD",
        "artist": "Noa",
        "type": "Opening 2",
        "correctCount": 28,
        "startTime": 47,
        "songDuration": 87.456456,
        "songNumber": 33,
        "activePlayerCount": 179,
        "LinkVideo": "https://files.catbox.moe/432ml5.webm",
        "LinkMp3": "https://files.catbox.moe/zegq65.mp3"
    },
    {
        "animeEng": "given",
        "animeRomaji": "given",
        "songName": "Marutsuke",
        "artist": "Given",
        "type": "Ending 2",
        "correctCount": 61,
        "startTime": 28,
        "songDuration": 88.608,
        "songNumber": 34,
        "activePlayerCount": 180,
        "LinkVideo": "https://files.catbox.moe/ar1so2.webm",
        "LinkMp3": "https://files.catbox.moe/admu31.mp3"
    },
    {
        "animeEng": "Nogizaka Haruka no Himitsu: Purezza",
        "animeRomaji": "Nogizaka Haruka no Himitsu: Purezza",
        "songName": "Le Secret",
        "artist": "Mamiko Noto",
        "type": "Insert Song",
        "correctCount": 29,
        "startTime": 0,
        "songDuration": 24.624,
        "songNumber": 35,
        "activePlayerCount": 180,
        "LinkVideo": "https://files.catbox.moe/i5knk3.webm",
        "LinkMp3": "https://files.catbox.moe/uo8acb.mp3"
    },
    {
        "animeEng": "One Piece: Episode of Sorajima",
        "animeRomaji": "One Piece: Episode of Sorajima",
        "songName": "Hope",
        "artist": "Namie Amuro",
        "type": "Ending 1",
        "correctCount": 75,
        "startTime": 38,
        "songDuration": 117.731854,
        "songNumber": 36,
        "activePlayerCount": 180,
        "LinkVideo": "https://files.catbox.moe/7n5a0z.webm",
        "LinkMp3": "https://files.catbox.moe/iwgcm7.mp3"
    },
    {
        "animeEng": "The Adventures of the Little Prince",
        "animeRomaji": "Hoshi no Ojisama Petit Prince",
        "songName": "Hoshi no Ouji-sama Petit Prince",
        "artist": "Kenzaburo Suzuki",
        "type": "Opening 1",
        "correctCount": 11,
        "startTime": 26,
        "songDuration": 85.056,
        "songNumber": 37,
        "activePlayerCount": 180,
        "LinkVideo": "https://files.catbox.moe/tmt048.webm",
        "LinkMp3": "https://files.catbox.moe/skvbg5.mp3"
    },
    {
        "animeEng": "Black Jack The Movie",
        "animeRomaji": "Black Jack The Movie",
        "songName": "Invisible Love",
        "artist": "Mai Yamane",
        "type": "Opening 1",
        "correctCount": 15,
        "startTime": 42,
        "songDuration": 90.648,
        "songNumber": 38,
        "activePlayerCount": 180,
        "LinkVideo": "https://files.catbox.moe/s3hn1b.webm",
        "LinkMp3": "https://files.catbox.moe/twoess.mp3"
    },
    {
        "animeEng": "Him\u014dto! Umaru-chan",
        "animeRomaji": "Him\u014dto! Umaru-chan",
        "songName": "Kakushinteki \u2606 Metamorphose!",
        "artist": "Aimi Tanaka",
        "type": "Opening 1",
        "correctCount": 163,
        "startTime": 25,
        "songDuration": 88.032,
        "songNumber": 39,
        "activePlayerCount": 179,
        "LinkVideo": "https://files.catbox.moe/k8gn13.webm",
        "LinkMp3": "https://files.catbox.moe/cqvs1w.mp3"
    },
    {
        "animeEng": "Gamers!",
        "animeRomaji": "Gamers!",
        "songName": "GAMERS!",
        "artist": "Hisako Kanemoto, Manaka Iwami, Rumi Ookubo",
        "type": "Opening 1",
        "correctCount": 140,
        "startTime": 38,
        "songDuration": 89.83125,
        "songNumber": 40,
        "activePlayerCount": 178,
        "LinkVideo": "https://files.catbox.moe/jruegx.webm",
        "LinkMp3": "https://files.catbox.moe/tednuz.mp3"
    },
    {
        "animeEng": "Angel Beats!",
        "animeRomaji": "Angel Beats!",
        "songName": "Ichiban no Takaramono",
        "artist": "Karuta",
        "type": "Ending 3",
        "correctCount": 144,
        "startTime": 168,
        "songDuration": 288.864,
        "songNumber": 41,
        "activePlayerCount": 179,
        "LinkVideo": "https://files.catbox.moe/gdv6mn.webm",
        "LinkMp3": "https://files.catbox.moe/jt84ol.mp3"
    },
    {
        "animeEng": "Fate/stay night: Heaven's Feel II. lost butterfly",
        "animeRomaji": "Fate/stay night: Heaven's Feel II. lost butterfly",
        "songName": "the butterfly emerge",
        "artist": "Yuri Kasahara",
        "type": "Insert Song",
        "correctCount": 43,
        "startTime": 24,
        "songDuration": 163.608,
        "songNumber": 42,
        "activePlayerCount": 179,
        "LinkVideo": "https://files.catbox.moe/m98h68.webm",
        "LinkMp3": "https://files.catbox.moe/jr8drx.mp3"
    },
    {
        "animeEng": "Sengoku Basara - Samurai Kings",
        "animeRomaji": "Sengoku Basara",
        "songName": "JAP",
        "artist": "abingdon boys school",
        "type": "Opening 1",
        "correctCount": 62,
        "startTime": 32,
        "songDuration": 88.104,
        "songNumber": 43,
        "activePlayerCount": 179,
        "LinkVideo": "https://files.catbox.moe/hlkpxx.webm",
        "LinkMp3": "https://files.catbox.moe/kdjph0.mp3"
    },
    {
        "animeEng": "The Disastrous Life of Saiki K.",
        "animeRomaji": "Saiki Kusuo no Psi Nan",
        "songName": "Oteage Psychics",
        "artist": "Shiggy Jr.",
        "type": "Opening 2",
        "correctCount": 129,
        "startTime": 49,
        "songDuration": 87.744,
        "songNumber": 44,
        "activePlayerCount": 179,
        "LinkVideo": "https://files.catbox.moe/lpm8zn.webm",
        "LinkMp3": "https://files.catbox.moe/ht2oo4.mp3"
    },
    {
        "animeEng": "Ace of Diamond",
        "animeRomaji": "Daiya no Ace",
        "songName": "Perfect HERO",
        "artist": "Tom-H@ck featuring Masayoshi \u014cishi",
        "type": "Opening 2",
        "correctCount": 73,
        "startTime": 13,
        "songDuration": 89.049898,
        "songNumber": 45,
        "activePlayerCount": 178,
        "LinkVideo": "https://files.catbox.moe/nntiv6.webm",
        "LinkMp3": "https://files.catbox.moe/o0451i.mp3"
    },
    {
        "animeEng": "Ocha-ken",
        "animeRomaji": "Ocha-ken",
        "songName": "Ochaccha Ocha-ken ~Monbushou Shouka 'Chatsumi' Melody yori~",
        "artist": "Ocha-ken Singers",
        "type": "Ending 1",
        "correctCount": 127,
        "startTime": 0,
        "songDuration": 29.952,
        "songNumber": 46,
        "activePlayerCount": 179,
        "LinkVideo": "https://files.catbox.moe/fuq9ej.webm",
        "LinkMp3": "https://files.catbox.moe/9g3ubb.mp3"
    },
    {
        "animeEng": "Memories Off 2nd",
        "animeRomaji": "Memories Off 2nd",
        "songName": "Nocturne",
        "artist": "Nana Mizuki",
        "type": "Opening 1",
        "correctCount": 23,
        "startTime": 30,
        "songDuration": 102.058654,
        "songNumber": 47,
        "activePlayerCount": 178,
        "LinkVideo": "https://files.catbox.moe/fkmkc1.webm",
        "LinkMp3": "https://files.catbox.moe/xdbolc.mp3"
    },
    {
        "animeEng": "King of Prism: PRIDE the HERO",
        "animeRomaji": "King of Prism: PRIDE the HERO",
        "songName": "FREEDOM -THUNDER STORM ver.-",
        "artist": "Toshiki Masuda",
        "type": "Insert Song",
        "correctCount": 25,
        "startTime": 54,
        "songDuration": 168.816,
        "songNumber": 48,
        "activePlayerCount": 179,
        "LinkVideo": "https://files.catbox.moe/95o3yj.webm",
        "LinkMp3": "https://files.catbox.moe/zfgx32.mp3"
    },
    {
        "animeEng": "Teeky\u016b",
        "animeRomaji": "Teeky\u016b",
        "songName": "Tottemi Safari",
        "artist": "Earth Star Dream",
        "type": "Opening 1",
        "correctCount": 128,
        "startTime": 0,
        "songDuration": 29.664,
        "songNumber": 49,
        "activePlayerCount": 179,
        "LinkVideo": "https://files.catbox.moe/zi4nv1.webm",
        "LinkMp3": "https://files.catbox.moe/goujze.mp3"
    },
    {
        "animeEng": "Forest Fairy Five",
        "animeRomaji": "Forest Fairy Five",
        "songName": "Cheerleader",
        "artist": "Fuwafuwa",
        "type": "Opening 1",
        "correctCount": 26,
        "startTime": 65,
        "songDuration": 100.44,
        "songNumber": 50,
        "activePlayerCount": 180,
        "LinkVideo": "https://files.catbox.moe/jjiylz.webm",
        "LinkMp3": "https://files.catbox.moe/hmmsld.mp3"
    },
    {
        "animeEng": "KONOSUBA - God\u2019s blessing on this wonderful world!",
        "animeRomaji": "Kono Subarashii Sekai ni Shukufuku o!",
        "songName": "fantastic dreamer",
        "artist": "Machico",
        "type": "Opening 1",
        "correctCount": 147,
        "startTime": 15,
        "songDuration": 89.184,
        "songNumber": 51,
        "activePlayerCount": 180,
        "LinkVideo": "https://files.catbox.moe/mndcsw.webm",
        "LinkMp3": "https://files.catbox.moe/si068h.mp3"
    },
    {
        "animeEng": "Grimgar, Ashes and Illusions",
        "animeRomaji": "Hai to Gens\u014d no Grimgar",
        "songName": "Knew day",
        "artist": "(K)NoW_NAME:Ayaka Tachibana",
        "type": "Opening 1",
        "correctCount": 115,
        "startTime": 31,
        "songDuration": 86.064,
        "songNumber": 52,
        "activePlayerCount": 181,
        "LinkVideo": "https://animethemes.moe/video/Grimgar-OP1.webm",
        "LinkMp3": "https://files.catbox.moe/nsocqp.mp3"
    },
    {
        "animeEng": "Kiznaiver",
        "animeRomaji": "Kiznaiver",
        "songName": "LAY YOUR HANDS ON ME",
        "artist": "BOOM BOOM SATELLITES",
        "type": "Opening 1",
        "correctCount": 152,
        "startTime": 21,
        "songDuration": 89.965688,
        "songNumber": 53,
        "activePlayerCount": 180,
        "LinkVideo": "https://files.catbox.moe/y9vdhg.webm",
        "LinkMp3": "https://files.catbox.moe/ebpr7u.mp3"
    },
    {
        "animeEng": "Hai Step Jun",
        "animeRomaji": "Hai Step Jun",
        "songName": "Binkan! Mechanic",
        "artist": "Akiko & Naoko Kobayashi",
        "type": "Opening 1",
        "correctCount": 13,
        "startTime": 6,
        "songDuration": 78.72,
        "songNumber": 54,
        "activePlayerCount": 180,
        "LinkVideo": "https://files.catbox.moe/9sdgke.webm",
        "LinkMp3": "https://files.catbox.moe/jime5z.mp3"
    },
    {
        "animeEng": "7SEEDS",
        "animeRomaji": "7SEEDS",
        "songName": "Ark",
        "artist": "Amatsuki",
        "type": "Opening 1",
        "correctCount": 27,
        "startTime": 19,
        "songDuration": 87.408,
        "songNumber": 55,
        "activePlayerCount": 180,
        "LinkVideo": "https://files.catbox.moe/wajucd.webm",
        "LinkMp3": "https://files.catbox.moe/phxkp3.mp3"
    },
    {
        "animeEng": "Violet Evergarden I: Eternity and the Auto Memories Doll",
        "animeRomaji": "Violet Evergarden Gaiden: Eien to Jid\u014d Shuki Ningy\u014d",
        "songName": "Amy",
        "artist": "Minori Chihara",
        "type": "Ending 1",
        "correctCount": 14,
        "startTime": 158,
        "songDuration": 289.032,
        "songNumber": 56,
        "activePlayerCount": 179,
        "LinkVideo": "https://files.catbox.moe/99rcjh.webm",
        "LinkMp3": "https://files.catbox.moe/7cxfv6.mp3"
    },
    {
        "animeEng": "Legend of the Galactic Heroes",
        "animeRomaji": "Ginga Eiy\u016b Densetsu",
        "songName": "Tabidachi no Jokyoku",
        "artist": "Kei Ogura",
        "type": "Ending 2",
        "correctCount": 31,
        "startTime": 4,
        "songDuration": 88.296,
        "songNumber": 57,
        "activePlayerCount": 179,
        "LinkVideo": "https://files.catbox.moe/2ddx5p.webm",
        "LinkMp3": "https://files.catbox.moe/4j2fyb.mp3"
    },
    {
        "animeEng": "Afro Samurai: Resurrection",
        "animeRomaji": "Afro Samurai: Resurrection",
        "songName": "GIRL SAMURAI LULLABY",
        "artist": "RAH DIGGA & STONE MECCA",
        "type": "Insert Song",
        "correctCount": 19,
        "startTime": 0,
        "songDuration": 26.064,
        "songNumber": 58,
        "activePlayerCount": 178,
        "LinkVideo": "https://files.catbox.moe/r6gh90.webm",
        "LinkMp3": "https://files.catbox.moe/3runk1.mp3"
    },
    {
        "animeEng": "Guardian Ninja Mamoru",
        "animeRomaji": "Kage kara Mamoru!",
        "songName": "Million Love",
        "artist": "Mai Nakahara",
        "type": "Opening 1",
        "correctCount": 11,
        "startTime": 31,
        "songDuration": 89.04,
        "songNumber": 59,
        "activePlayerCount": 178,
        "LinkVideo": "https://files.catbox.moe/h4qln0.webm",
        "LinkMp3": "https://files.catbox.moe/tkk6q7.mp3"
    },
    {
        "animeEng": "Battle B-Daman: Fire Spirits",
        "animeRomaji": "B-Legend! Battle B-Daman: Fire Spirits!",
        "songName": "Teen's Hi",
        "artist": "Rockahula GOOSE",
        "type": "Ending 1",
        "correctCount": 0,
        "startTime": 23,
        "songDuration": 79.776588,
        "songNumber": 60,
        "activePlayerCount": 179,
        "LinkVideo": "https://files.catbox.moe/j53ut4.webm",
        "LinkMp3": "https://files.catbox.moe/ng0g2h.mp3"
    },
    {
        "animeEng": "Kare Baka: Wagahai no Kare wa Baka de R",
        "animeRomaji": "Kare Baka: Wagahai no Kare wa Baka de R",
        "songName": "La Campanella",
        "artist": "Franz Liszt",
        "type": "Opening 1",
        "correctCount": 35,
        "startTime": 7,
        "songDuration": 59.976112,
        "songNumber": 61,
        "activePlayerCount": 179,
        "LinkVideo": "https://files.catbox.moe/ehoowo.webm",
        "LinkMp3": "https://files.catbox.moe/9c604u.mp3"
    },
    {
        "animeEng": "Kochoki",
        "animeRomaji": "Koch\u014dki: Wakaki Nobunaga",
        "songName": "Shiss\u014d",
        "artist": "Rib",
        "type": "Opening 1",
        "correctCount": 8,
        "startTime": 25,
        "songDuration": 88.152,
        "songNumber": 62,
        "activePlayerCount": 179,
        "LinkVideo": "https://files.catbox.moe/ihz8tu.webm",
        "LinkMp3": "https://files.catbox.moe/zxjlfo.mp3"
    },
    {
        "animeEng": "Hakkenden: Eight Dogs of the East",
        "animeRomaji": "Hakkenden: T\u014dh\u014d Hakken Ibun",
        "songName": "Owaranai Tabi",
        "artist": "Hitomi Kuroishi",
        "type": "Ending 2",
        "correctCount": 8,
        "startTime": 97,
        "songDuration": 210.456,
        "songNumber": 63,
        "activePlayerCount": 179,
        "LinkVideo": "https://files.catbox.moe/g7gqkl.webm",
        "LinkMp3": "https://files.catbox.moe/whz1f5.mp3"
    },
    {
        "animeEng": "Pok\u00e9mon: Mega Evolution Special III",
        "animeRomaji": "Pocket Monsters XY Tokubetsu-hen: Saiky\u014d Mega Shinka Act III",
        "songName": "Mega V (Volt)",
        "artist": "Yusuke",
        "type": "Ending 1",
        "correctCount": 142,
        "startTime": 52,
        "songDuration": 87.048,
        "songNumber": 64,
        "activePlayerCount": 179,
        "LinkVideo": "https://files.catbox.moe/6fzuga.webm",
        "LinkMp3": "https://files.catbox.moe/5mf9s2.mp3"
    },
    {
        "animeEng": "One Piece",
        "animeRomaji": "One Piece",
        "songName": "We Are!",
        "artist": "Hiroshi Kitadani",
        "type": "Opening 1",
        "correctCount": 113,
        "startTime": 68,
        "songDuration": 111.330031,
        "songNumber": 65,
        "activePlayerCount": 179,
        "LinkVideo": "https://files.catbox.moe/sw7g2h.webm",
        "LinkMp3": "https://files.catbox.moe/rs18z4.mp3"
    },
    {
        "animeEng": "One Piece",
        "animeRomaji": "One Piece",
        "songName": "Kokoro no Chizu",
        "artist": "BOYSTYLE",
        "type": "Opening 5",
        "correctCount": 121,
        "startTime": 57,
        "songDuration": 106.344,
        "songNumber": 66,
        "activePlayerCount": 179,
        "LinkVideo": "https://files.catbox.moe/ph1e4j.webm",
        "LinkMp3": "https://files.catbox.moe/jgwfg0.mp3"
    },
    {
        "animeEng": "Gakuen Handsome",
        "animeRomaji": "Gakuen Handsome",
        "songName": "GET!! Yume & Dream",
        "artist": "Sh\u014d Kagami",
        "type": "Opening 1",
        "correctCount": 74,
        "startTime": 0,
        "songDuration": 29.424,
        "songNumber": 67,
        "activePlayerCount": 179,
        "LinkVideo": "https://files.catbox.moe/w87f3g.webm",
        "LinkMp3": "https://files.catbox.moe/jjdw9x.mp3"
    },
    {
        "animeEng": "Tokimeki Tonight",
        "animeRomaji": "Tokimeki Tonight",
        "songName": "Tokimeki Tonight",
        "artist": "Harumi Kamo",
        "type": "Opening 1",
        "correctCount": 24,
        "startTime": 22,
        "songDuration": 76.302362,
        "songNumber": 68,
        "activePlayerCount": 179,
        "LinkVideo": "https://files.catbox.moe/g7mrzv.webm",
        "LinkMp3": "https://files.catbox.moe/65yddf.mp3"
    },
    {
        "animeEng": "Natsume's Book of Friends Season 3",
        "animeRomaji": "Natsume Y\u016bjinch\u014d San",
        "songName": "Kimi no Kakera",
        "artist": "K\u014dsuke Atari feat. Emiri Miyamoto",
        "type": "Ending 1",
        "correctCount": 25,
        "startTime": 45,
        "songDuration": 90.068656,
        "songNumber": 69,
        "activePlayerCount": 179,
        "LinkVideo": "https://files.catbox.moe/9dw1qi.webm",
        "LinkMp3": "https://files.catbox.moe/d1e1fm.mp3"
    },
    {
        "animeEng": "No Game, No Life",
        "animeRomaji": "No Game No Life",
        "songName": "Onegai\u2606Snyaiper",
        "artist": "Miyuki Sawashiro",
        "type": "Opening 2",
        "correctCount": 159,
        "startTime": 22,
        "songDuration": 88.68,
        "songNumber": 70,
        "activePlayerCount": 179,
        "LinkVideo": "https://files.catbox.moe/pm2xg1.webm",
        "LinkMp3": "https://files.catbox.moe/0fa9oc.mp3"
    },
    {
        "animeEng": "Fushigi Y\u016bgi",
        "animeRomaji": "Fushigi Y\u016bgi",
        "songName": "Yo ga Akeru Mae ni",
        "artist": "Akemi Satou",
        "type": "Opening 1",
        "correctCount": 3,
        "startTime": 26,
        "songDuration": 101.904,
        "songNumber": 71,
        "activePlayerCount": 179,
        "LinkVideo": "https://files.catbox.moe/bnz9dg.webm",
        "LinkMp3": "https://files.catbox.moe/1j04f1.mp3",
        "correctPlayers": [
            "80s",
            "Zynei",
            "SuperstarPearl"
        ]
    },
    {
        "animeEng": "Puberty syndrome: Abnormal experience during adolescence due to sensitivity and instability.",
        "animeRomaji": "Seishun Buta Yar\u014d wa Yume-Miru Sh\u014djo no Yume wo Minai",
        "songName": "Fukashigi no Karte",
        "artist": "Asami Seto, Nao T\u014dyama, Atsumi Tanezaki, Maaya Uchida, Yurika Kubo, Inori Minase",
        "type": "Ending 1",
        "correctCount": 169,
        "startTime": 75,
        "songDuration": 232.776,
        "songNumber": 72,
        "activePlayerCount": 179,
        "LinkVideo": "https://files.catbox.moe/begtqe.webm",
        "LinkMp3": "https://files.catbox.moe/nrwyt0.mp3"
    },
    {
        "animeEng": "The Seven Heavenly Virtues",
        "animeRomaji": "Nanatsu no Bitoku",
        "songName": "Psychomachia",
        "artist": "Yousei Teikoku",
        "type": "Ending 1",
        "correctCount": 26,
        "startTime": 0,
        "songDuration": 28.92,
        "songNumber": 73,
        "activePlayerCount": 179,
        "LinkVideo": "https://files.catbox.moe/6cszfn.webm",
        "LinkMp3": "https://files.catbox.moe/u136n2.mp3"
    },
    {
        "animeEng": "Laidbackers",
        "animeRomaji": "Laidbackers",
        "songName": "Precious Piece",
        "artist": "Kizuna AI",
        "type": "Ending 1",
        "correctCount": 21,
        "startTime": 138,
        "songDuration": 246.768,
        "songNumber": 74,
        "activePlayerCount": 180,
        "LinkVideo": "https://files.catbox.moe/uy5j8d.webm",
        "LinkMp3": "https://files.catbox.moe/qzrtzh.mp3"
    },
    {
        "animeEng": "Devilman",
        "animeRomaji": "Devilman",
        "songName": "Devilman no Uta",
        "artist": "Keizo Toda",
        "type": "Opening 1",
        "correctCount": 132,
        "startTime": 15,
        "songDuration": 87.816,
        "songNumber": 75,
        "activePlayerCount": 177,
        "LinkVideo": "https://files.catbox.moe/l42gim.webm",
        "LinkMp3": "https://files.catbox.moe/adydk1.mp3"
    }
]