[
    {
        "animeEng": "Gall Force: The Revolution",
        "animeRomaji": "Gall Force: The Revolution",
        "songName": "Namida Yorimo Toiki Yorimo",
        "artist": "Kihara Satomi",
        "type": "Opening 1",
        "correctCount": 5,
        "startTime": 5,
        "songDuration": 101.448,
        "songNumber": 1,
        "activePlayerCount": 218,
        "LinkVideo": "https://files.catbox.moe/8xdubf.webm",
        "LinkMp3": "https://files.catbox.moe/u2llno.mp3",
        "correctPlayers": [
            "80s",
            "anstazz",
            "brian4121998",
            "watashiii",
            "Celia_Chan"
        ]
    },
    {
        "animeEng": "Kubikiri Cycle: Aoiro Savant to Zaregoto Tsukai",
        "animeRomaji": "Kubikiri Cycle: Aoiro Savant to Zaregoto Tsukai",
        "songName": "reconstructing a full picture",
        "artist": "Kalafina",
        "type": "Insert Song",
        "correctCount": 53,
        "startTime": 7,
        "songDuration": 129.744,
        "songNumber": 2,
        "activePlayerCount": 218,
        "LinkVideo": "https://files.catbox.moe/da2ayt.webm",
        "LinkMp3": "https://files.catbox.moe/ajubs0.mp3"
    },
    {
        "animeEng": "ef: a tale of memories",
        "animeRomaji": "ef: a tale of memories",
        "songName": "euphoric field (Japanese ver.)",
        "artist": "ELISA",
        "type": "Opening 3",
        "correctCount": 85,
        "startTime": 14,
        "songDuration": 87.456,
        "songNumber": 3,
        "activePlayerCount": 218,
        "LinkVideo": "https://files.catbox.moe/7x0qu5.webm",
        "LinkMp3": "https://files.catbox.moe/bzqluf.mp3"
    },
    {
        "animeEng": "Arpeggio of Blue Steel -Ars Nova-",
        "animeRomaji": "Aoki Hagane no Arpeggio: Ars Nova",
        "songName": "SAVIOR OF SONG",
        "artist": "nano feat. MY FIRST STORY",
        "type": "Opening 1",
        "correctCount": 94,
        "startTime": 49,
        "songDuration": 86.76,
        "songNumber": 4,
        "activePlayerCount": 215,
        "LinkVideo": "https://files.catbox.moe/7ivpir.webm",
        "LinkMp3": "https://files.catbox.moe/w3ff4q.mp3"
    },
    {
        "animeEng": "My-HiME",
        "animeRomaji": "Mai-HiME",
        "songName": "Itoshisa no Kousaten",
        "artist": "Mai Nakahara",
        "type": "Insert Song",
        "correctCount": 7,
        "startTime": 0,
        "songDuration": 27.144,
        "songNumber": 5,
        "activePlayerCount": 210,
        "LinkVideo": "https://files.catbox.moe/7lghtz.webm",
        "LinkMp3": "https://files.catbox.moe/80w0wl.mp3"
    },
    {
        "animeEng": "Pop Team Epic",
        "animeRomaji": "Poputepipikku",
        "songName": "Kokoro no Taiju",
        "artist": "Toshiki Masuda & Wataru Hatano",
        "type": "Insert Song",
        "correctCount": 20,
        "startTime": 3,
        "songDuration": 88.104,
        "songNumber": 6,
        "activePlayerCount": 211,
        "LinkVideo": "https://files.catbox.moe/75bku4.webm",
        "LinkMp3": "https://files.catbox.moe/wq0g35.mp3"
    },
    {
        "animeEng": "Handsome Girl",
        "animeRomaji": "Handsome na Kanojo",
        "songName": "Maigo ni sasenaide",
        "artist": "Erika Haneda",
        "type": "Opening 1",
        "correctCount": 2,
        "startTime": 53,
        "songDuration": 110.064,
        "songNumber": 7,
        "activePlayerCount": 210,
        "LinkVideo": "https://files.catbox.moe/tyqfo9.webm",
        "LinkMp3": "https://files.catbox.moe/ug5dbk.mp3",
        "correctPlayers": [
            "ensorcell",
            "SuperstarPearl"
        ]
    },
    {
        "animeEng": "The Relative Worlds",
        "animeRomaji": "S\u014dtai Sekai",
        "songName": "ChiruChiru",
        "artist": "REOL",
        "type": "Ending 1",
        "correctCount": 65,
        "startTime": 6,
        "songDuration": 69.072,
        "songNumber": 8,
        "activePlayerCount": 211,
        "LinkVideo": "https://files.catbox.moe/s6a064.webm",
        "LinkMp3": "https://files.catbox.moe/374qpj.mp3"
    },
    {
        "animeEng": "Yozakura Quartet ~Hoshi no Umi~",
        "animeRomaji": "Yozakura Quartet ~Hoshi no Umi~",
        "songName": "kid, I like quartet",
        "artist": "UNISON SQUARE GARDEN",
        "type": "Opening 1",
        "correctCount": 50,
        "startTime": 21,
        "songDuration": 109.947498,
        "songNumber": 9,
        "activePlayerCount": 210,
        "LinkVideo": "https://animethemes.moe/video/YozakuraQuartetHoshiNoUmi-OP1-NCBD1080.webm",
        "LinkMp3": "https://files.catbox.moe/661dic.mp3"
    },
    {
        "animeEng": "Happy Sugar Life",
        "animeRomaji": "Happy Sugar Life",
        "songName": "One Room Sugar Life",
        "artist": "Akari Nanawo",
        "type": "Opening 1",
        "correctCount": 118,
        "startTime": 7,
        "songDuration": 88.128,
        "songNumber": 10,
        "activePlayerCount": 210,
        "LinkVideo": "https://files.catbox.moe/1gb9f9.webm",
        "LinkMp3": "https://files.catbox.moe/iadtj0.mp3"
    },
    {
        "animeEng": "RisPara",
        "animeRomaji": "Ristorante Paradiso",
        "songName": "Palette",
        "artist": "Natsumi Kiyoura",
        "type": "Insert Song",
        "correctCount": 7,
        "startTime": 20,
        "songDuration": 70.163692,
        "songNumber": 11,
        "activePlayerCount": 209,
        "LinkVideo": "https://files.catbox.moe/nukx5r.webm",
        "LinkMp3": "https://files.catbox.moe/l8nvyq.mp3"
    },
    {
        "animeEng": "Ani Ni Tsukeru Kusuri wa Nai!",
        "animeRomaji": "Ani Ni Tsukeru Kusuri wa Nai!",
        "songName": "Sunny side up",
        "artist": "Brian the Sun",
        "type": "Opening 1",
        "correctCount": 113,
        "startTime": 0,
        "songDuration": 24.816,
        "songNumber": 12,
        "activePlayerCount": 209,
        "LinkVideo": "https://files.catbox.moe/j2uh2b.webm",
        "LinkMp3": "https://files.catbox.moe/u0diyc.mp3"
    },
    {
        "animeEng": "Midori Days",
        "animeRomaji": "Midori Days",
        "songName": "Sentimental",
        "artist": "CooRie",
        "type": "Opening 1",
        "correctCount": 21,
        "startTime": 39,
        "songDuration": 89.07602,
        "songNumber": 13,
        "activePlayerCount": 209,
        "LinkVideo": "https://files.catbox.moe/ld44q3.webm",
        "LinkMp3": "https://files.catbox.moe/2ybrlj.mp3"
    },
    {
        "animeEng": "Mononoke",
        "animeRomaji": "Mononoke",
        "songName": "Natsu no Hana",
        "artist": "JUJU",
        "type": "Ending 1",
        "correctCount": 31,
        "startTime": 31,
        "songDuration": 78.048,
        "songNumber": 14,
        "activePlayerCount": 209,
        "LinkVideo": "https://files.catbox.moe/puin7c.webm",
        "LinkMp3": "https://files.catbox.moe/ul2crp.mp3"
    },
    {
        "animeEng": "Rinne no Lagrange: Kamogawa Days",
        "animeRomaji": "Rinne no Lagrange: Kamogawa Days",
        "songName": "TRY UNITE!",
        "artist": "Megumi Nakajima",
        "type": "Opening 1",
        "correctCount": 63,
        "startTime": 1,
        "songDuration": 85.464,
        "songNumber": 15,
        "activePlayerCount": 208,
        "LinkVideo": "https://files.catbox.moe/rrg2zk.webm",
        "LinkMp3": "https://files.catbox.moe/w0iv3r.mp3"
    },
    {
        "animeEng": "World Conquest Zvezda Plot",
        "animeRomaji": "Sekai Seifuku - B\u014dryaku no Zvezda",
        "songName": "Be mine!",
        "artist": "Maaya Sakamoto",
        "type": "Opening 1",
        "correctCount": 49,
        "startTime": 15,
        "songDuration": 90.048,
        "songNumber": 16,
        "activePlayerCount": 208,
        "LinkVideo": "https://files.catbox.moe/2vzxwc.webm",
        "LinkMp3": "https://files.catbox.moe/cdrw2z.mp3"
    },
    {
        "animeEng": "Balatack",
        "animeRomaji": "Ch\u014djin Sentai Barattack",
        "songName": "Chojin Sentai Baratack",
        "artist": "Ichiro Mizuki",
        "type": "Opening 1",
        "correctCount": 10,
        "startTime": 1,
        "songDuration": null,
        "songNumber": 17,
        "activePlayerCount": 208,
        "LinkVideo": "https://files.catbox.moe/gj93l9.webm",
        "LinkMp3": "https://files.catbox.moe/94gywl.mp3"
    },
    {
        "animeEng": "xxxHOLiC",
        "animeRomaji": "xxxHOLiC",
        "songName": "19sai",
        "artist": "Shikao Suga",
        "type": "Opening 1",
        "correctCount": 81,
        "startTime": 37,
        "songDuration": 88.488,
        "songNumber": 18,
        "activePlayerCount": 208,
        "LinkVideo": "https://files.catbox.moe/7lbvc8.webm",
        "LinkMp3": "https://files.catbox.moe/pl9ybn.mp3"
    },
    {
        "animeEng": "Pichi Pichi Pitch",
        "animeRomaji": "Mermaid Melody: Pichi Pichi Pitch",
        "songName": "Star MeroMero Heart",
        "artist": "Masayo Kurata",
        "type": "Insert Song",
        "correctCount": 4,
        "startTime": 12,
        "songDuration": 67.248,
        "songNumber": 19,
        "activePlayerCount": 208,
        "LinkVideo": "https://files.catbox.moe/gbw549.webm",
        "LinkMp3": "https://files.catbox.moe/bwnzyk.mp3",
        "correctPlayers": [
            "anstazz",
            "doomchicken",
            "SuperstarPearl",
            "Berry"
        ]
    },
    {
        "animeEng": "Lily C.A.T.",
        "animeRomaji": "Lily C.A.T.",
        "songName": "LISTENING TO THE ANGELS",
        "artist": "Teressa Jonette",
        "type": "Ending 1",
        "correctCount": 2,
        "startTime": 34,
        "songDuration": 140.472,
        "songNumber": 20,
        "activePlayerCount": 206,
        "LinkVideo": "https://files.catbox.moe/z6lbvc.webm",
        "LinkMp3": "https://files.catbox.moe/9qsqi6.mp3",
        "correctPlayers": [
            "watashiii",
            "SuperstarPearl"
        ]
    },
    {
        "animeEng": "MM!",
        "animeRomaji": "MM!",
        "songName": "HELP!! -Heaven side-",
        "artist": "Ayana Taketatsu and Saori Hayami",
        "type": "Opening 2",
        "correctCount": 93,
        "startTime": 13,
        "songDuration": 89.256,
        "songNumber": 21,
        "activePlayerCount": 208,
        "LinkVideo": "https://files.catbox.moe/7pqeaa.webm",
        "LinkMp3": "https://files.catbox.moe/vcn3wu.mp3"
    },
    {
        "animeEng": "Kamisama Kiss 2",
        "animeRomaji": "Kamisama Hajimemashita\u25ce",
        "songName": "Kamisama no Kamisama",
        "artist": "Hanae",
        "type": "Opening 1",
        "correctCount": 80,
        "startTime": 48,
        "songDuration": 88.704,
        "songNumber": 22,
        "activePlayerCount": 207,
        "LinkVideo": "https://files.catbox.moe/k1swiw.webm",
        "LinkMp3": "https://files.catbox.moe/cf1ett.mp3"
    },
    {
        "animeEng": "Psycho-Pass 3: First Inspector",
        "animeRomaji": "Psycho-Pass 3: First Inspector",
        "songName": "Synthetic Sympathy",
        "artist": "Who-ya Extended",
        "type": "Opening 1",
        "correctCount": 19,
        "startTime": 35,
        "songDuration": 94.44,
        "songNumber": 23,
        "activePlayerCount": 208,
        "LinkVideo": "https://files.catbox.moe/udb4eb.webm",
        "LinkMp3": "https://files.catbox.moe/6stoyp.mp3"
    },
    {
        "animeEng": "Psycho-Pass Movie",
        "animeRomaji": "Gekij\u014dban Psycho-Pass",
        "songName": "Who What Who What",
        "artist": "Ling Tosite Sigure",
        "type": "Opening 1",
        "correctCount": 71,
        "startTime": 38,
        "songDuration": 90.327563,
        "songNumber": 24,
        "activePlayerCount": 207,
        "LinkVideo": "https://files.catbox.moe/4ecrxv.webm",
        "LinkMp3": "https://files.catbox.moe/ihic5n.mp3"
    },
    {
        "animeEng": "Mob Psycho 100 II",
        "animeRomaji": "Mob Psycho 100 II",
        "songName": "Gray",
        "artist": "sajou no hana",
        "type": "Ending 1",
        "correctCount": 67,
        "startTime": 38,
        "songDuration": 88.396848,
        "songNumber": 25,
        "activePlayerCount": 207,
        "LinkVideo": "https://files.catbox.moe/68g6kk.webm",
        "LinkMp3": "https://files.catbox.moe/k9lj8t.mp3"
    },
    {
        "animeEng": "Wolf's Rain",
        "animeRomaji": "Wolf's Rain",
        "songName": "cloud 9",
        "artist": "maaya sakamoto",
        "type": "Insert Song",
        "correctCount": 7,
        "startTime": 16,
        "songDuration": 195.312,
        "songNumber": 26,
        "activePlayerCount": 207,
        "LinkVideo": "https://files.catbox.moe/id3nhk.webm",
        "LinkMp3": "https://files.catbox.moe/3kn465.mp3"
    },
    {
        "animeEng": "11eyes",
        "animeRomaji": "11eyes",
        "songName": "Sequentia",
        "artist": "Asriel",
        "type": "Ending 1",
        "correctCount": 54,
        "startTime": 23,
        "songDuration": 85.272,
        "songNumber": 27,
        "activePlayerCount": 207,
        "LinkVideo": "https://files.catbox.moe/d9zm0e.webm",
        "LinkMp3": "https://files.catbox.moe/d2fzqf.mp3"
    },
    {
        "animeEng": "The Law of Ueki",
        "animeRomaji": "Ueki no H\u014dsoku",
        "songName": "Falco",
        "artist": "Hitomi Shimatani",
        "type": "Opening 1",
        "correctCount": 30,
        "startTime": 52,
        "songDuration": 87.864,
        "songNumber": 28,
        "activePlayerCount": 207,
        "LinkVideo": "https://files.catbox.moe/7wkoge.webm",
        "LinkMp3": "https://files.catbox.moe/8xy4y5.mp3"
    },
    {
        "animeEng": "Radiant",
        "animeRomaji": "Radiant",
        "songName": "Chittomo Shiranakatta",
        "artist": "NakamuraEmi",
        "type": "Ending 1",
        "correctCount": 23,
        "startTime": 1,
        "songDuration": 92.28,
        "songNumber": 29,
        "activePlayerCount": 206,
        "LinkVideo": "https://files.catbox.moe/psf1v5.webm",
        "LinkMp3": "https://files.catbox.moe/8slp0p.mp3"
    },
    {
        "animeEng": "anohana: The Flower We Saw That Day",
        "animeRomaji": "Ano Hi Mita Hana no Namae o Boku-tachi wa Mada Shiranai.",
        "songName": "secret base ~Kimi ga Kureta Mono~ (10 years after ver.)",
        "artist": "Ai Kayano, Haruka Tomatsu, and Saori Hayami",
        "type": "Ending 2",
        "correctCount": 180,
        "startTime": 50,
        "songDuration": 89.184,
        "songNumber": 30,
        "activePlayerCount": 206,
        "LinkVideo": "https://files.catbox.moe/qoewvg.webm",
        "LinkMp3": "https://files.catbox.moe/pzj7kj.mp3"
    },
    {
        "animeEng": "How clumsy are you, Miss Ueno.",
        "animeRomaji": "Ueno-san wa Bukiy\u014d",
        "songName": "Hirameki Heartbeat",
        "artist": "Miku It\u014d",
        "type": "Opening 1",
        "correctCount": 69,
        "startTime": 8,
        "songDuration": 59.479794,
        "songNumber": 31,
        "activePlayerCount": 206,
        "LinkVideo": "https://files.catbox.moe/lf4zjo.webm",
        "LinkMp3": "https://files.catbox.moe/cxsfit.mp3"
    },
    {
        "animeEng": "Tenjho Tenge: Ultimate Fight",
        "animeRomaji": "Tenjho Tenge: Ultimate Fight",
        "songName": "Bomb A Head! V",
        "artist": "m.c.A\u00b7T",
        "type": "Opening 1",
        "correctCount": 148,
        "startTime": 33,
        "songDuration": 88.392,
        "songNumber": 32,
        "activePlayerCount": 206,
        "LinkVideo": "https://files.catbox.moe/tn1wok.webm",
        "LinkMp3": "https://files.catbox.moe/mgm6ju.mp3"
    },
    {
        "animeEng": "Azuki-chan",
        "animeRomaji": "Azuki-chan White Valentine Koi no Chance ga Yatte Kita!!",
        "songName": "Suteki na Kimi",
        "artist": "RAZZ MA TAZZ",
        "type": "Opening 1",
        "correctCount": 7,
        "startTime": 29,
        "songDuration": 67.056,
        "songNumber": 33,
        "activePlayerCount": 206,
        "LinkVideo": "https://files.catbox.moe/vkkvqt.webm",
        "LinkMp3": "https://files.catbox.moe/0ph2fs.mp3"
    },
    {
        "animeEng": "Yu Yu Hakusho",
        "animeRomaji": "Yu Yu Hakusho",
        "songName": "Hohoemi no Bakudan",
        "artist": "Matsuko Mawatari",
        "type": "Ending 1",
        "correctCount": 162,
        "startTime": 4,
        "songDuration": 83.04,
        "songNumber": 34,
        "activePlayerCount": 206,
        "LinkVideo": "https://files.catbox.moe/33czdb.webm",
        "LinkMp3": "https://files.catbox.moe/t6opi6.mp3"
    },
    {
        "animeEng": "SHIMONETA: A Boring World Where the Concept of Dirty Jokes Doesn\u2019t Exist",
        "animeRomaji": "Shimoneta to Iu Gainen ga Sonzai Shinai Taikutsu na Sekai",
        "songName": "B Chiku Sentai SOX",
        "artist": "SOX",
        "type": "Opening 1",
        "correctCount": 122,
        "startTime": 33,
        "songDuration": 90.066438,
        "songNumber": 35,
        "activePlayerCount": 205,
        "LinkVideo": "https://openings.moe/video/Shimoneta-OP01a-NCBD.webm",
        "LinkMp3": "https://files.catbox.moe/xqn7nw.mp3"
    },
    {
        "animeEng": "High School DxD New",
        "animeRomaji": "High School DxD New",
        "songName": "Sympathy",
        "artist": "Larval Stage Planning",
        "type": "Opening 1",
        "correctCount": 91,
        "startTime": 15,
        "songDuration": 88.128,
        "songNumber": 36,
        "activePlayerCount": 206,
        "LinkVideo": "https://files.catbox.moe/ui07s5.webm",
        "LinkMp3": "https://files.catbox.moe/1lskyk.mp3"
    },
    {
        "animeEng": "Omishi Magical Theater Risky Safety",
        "animeRomaji": "Omishi Mah\u014d Gekij\u014d: Risky/Safety",
        "songName": "Koko ni Iru kara",
        "artist": "Rie Iwatsubo",
        "type": "Insert Song",
        "correctCount": 2,
        "startTime": 162,
        "songDuration": 378.047275,
        "songNumber": 37,
        "activePlayerCount": 206,
        "LinkVideo": "https://files.catbox.moe/hlo3yt.webm",
        "LinkMp3": "https://files.catbox.moe/h19h58.mp3",
        "correctPlayers": [
            "anonimus_opinion",
            "anstazz"
        ]
    },
    {
        "animeEng": "Utakoi",
        "animeRomaji": "Ch\u014dyaku Hyakunin Isshu: Uta Koi",
        "songName": "Singin' My Lu",
        "artist": "SOUL'd OUT",
        "type": "Ending 1",
        "correctCount": 12,
        "startTime": 14,
        "songDuration": 87.528,
        "songNumber": 38,
        "activePlayerCount": 206,
        "LinkVideo": "https://files.catbox.moe/5v4ksx.webm",
        "LinkMp3": "https://files.catbox.moe/7z44i8.mp3"
    },
    {
        "animeEng": "Gintama",
        "animeRomaji": "Gintama",
        "songName": "MR.RAINDROP",
        "artist": "amplified",
        "type": "Ending 2",
        "correctCount": 78,
        "startTime": 32,
        "songDuration": 84.96,
        "songNumber": 39,
        "activePlayerCount": 205,
        "LinkVideo": "https://files.catbox.moe/qa96im.webm",
        "LinkMp3": "https://files.catbox.moe/tg2nxl.mp3"
    },
    {
        "animeEng": "Isekai Cheat Magician",
        "animeRomaji": "Isekai Cheat Magician",
        "songName": "PANTA RHEI",
        "artist": "MYTH & ROID",
        "type": "Opening 1",
        "correctCount": 106,
        "startTime": 6,
        "songDuration": 89.52,
        "songNumber": 40,
        "activePlayerCount": 205,
        "LinkVideo": "https://files.catbox.moe/aysvui.webm",
        "LinkMp3": "https://files.catbox.moe/3fizpn.mp3"
    },
    {
        "animeEng": "One Punch Man",
        "animeRomaji": "One Punch Man",
        "songName": "THE HERO !! ~Ikareru Ken ni Hon\u014d o Tsukeru~",
        "artist": "JAM Project",
        "type": "Opening 1",
        "correctCount": 202,
        "startTime": 13,
        "songDuration": 89.832,
        "songNumber": 41,
        "activePlayerCount": 205,
        "LinkVideo": "https://files.catbox.moe/p5bjvw.webm",
        "LinkMp3": "https://files.catbox.moe/cz0ubn.mp3"
    },
    {
        "animeEng": "Spice and Wolf",
        "animeRomaji": "\u014ckami to K\u014dshinry\u014d",
        "songName": "Tabi no Toch\u016b",
        "artist": "Natsumi Kiyoura",
        "type": "Opening 1",
        "correctCount": 166,
        "startTime": 0,
        "songDuration": 87.620042,
        "songNumber": 42,
        "activePlayerCount": 205,
        "LinkVideo": "https://files.catbox.moe/0wf05n.webm",
        "LinkMp3": "https://files.catbox.moe/hqxklq.mp3"
    },
    {
        "animeEng": "Rozen Maiden",
        "animeRomaji": "Rozen Maiden",
        "songName": "Kinjirareta Asobi",
        "artist": "ALI PROJECT",
        "type": "Opening 1",
        "correctCount": 100,
        "startTime": 10,
        "songDuration": 90.878438,
        "songNumber": 43,
        "activePlayerCount": 204,
        "LinkVideo": "https://files.catbox.moe/tbhs94.webm",
        "LinkMp3": "https://files.catbox.moe/6n0tie.mp3"
    },
    {
        "animeEng": "Yokohama Shopping Log",
        "animeRomaji": "Yokohama Kaidashi Kikou",
        "songName": "Heiten Jikan",
        "artist": "GONTITI",
        "type": "Ending 1",
        "correctCount": 42,
        "startTime": 19,
        "songDuration": 80.424,
        "songNumber": 44,
        "activePlayerCount": 204,
        "LinkVideo": "https://files.catbox.moe/hqohkt.webm",
        "LinkMp3": "https://files.catbox.moe/rujw75.mp3"
    },
    {
        "animeEng": "Stop! Hibari-kun",
        "animeRomaji": "Stop! Hibari-kun",
        "songName": "Stop! Hibari-kun!",
        "artist": "Yuki Yukino",
        "type": "Opening 1",
        "correctCount": 27,
        "startTime": 18,
        "songDuration": 90.864,
        "songNumber": 45,
        "activePlayerCount": 203,
        "LinkVideo": "https://files.catbox.moe/66b0rs.webm",
        "LinkMp3": "https://files.catbox.moe/rbo9xk.mp3"
    },
    {
        "animeEng": "Naruto",
        "animeRomaji": "Naruto",
        "songName": "Haruka Kanata",
        "artist": "ASIAN KUNG-FU GENERATION",
        "type": "Opening 2",
        "correctCount": 174,
        "startTime": 7,
        "songDuration": 87.528,
        "songNumber": 46,
        "activePlayerCount": 203,
        "LinkVideo": "https://files.catbox.moe/4774uh.webm",
        "LinkMp3": "https://files.catbox.moe/84hvw5.mp3"
    },
    {
        "animeEng": "Skilled Teaser Takagi-san",
        "animeRomaji": "Karakai J\u014dzu no Takagi-san",
        "songName": "Iwanai kedo ne.",
        "artist": "Yuiko Ohara",
        "type": "Opening 1",
        "correctCount": 124,
        "startTime": 1,
        "songDuration": 88.656,
        "songNumber": 47,
        "activePlayerCount": 203,
        "LinkVideo": "https://files.catbox.moe/pplm79.webm",
        "LinkMp3": "https://files.catbox.moe/ck63a6.mp3"
    },
    {
        "animeEng": "Tokyo Godfathers",
        "animeRomaji": "Tokyo Godfathers",
        "songName": "Kiyoshiko no Yoru",
        "artist": "Tokyo Godfathers Gasshou-dan",
        "type": "Insert Song",
        "correctCount": 70,
        "startTime": 9,
        "songDuration": 57.546766,
        "songNumber": 48,
        "activePlayerCount": 203,
        "LinkVideo": "https://files.catbox.moe/o3ziz1.webm",
        "LinkMp3": "https://files.catbox.moe/7f08co.mp3"
    },
    {
        "animeEng": "Tantei Kageki Milky Holmes TD",
        "animeRomaji": "Tantei Kageki Milky Holmes TD",
        "songName": "Kiseki no Uta",
        "artist": "Emi Nitta & Mari Nakatsu",
        "type": "Insert Song",
        "correctCount": 1,
        "startTime": 36,
        "songDuration": 180.072,
        "songNumber": 49,
        "activePlayerCount": 203,
        "LinkVideo": "https://files.catbox.moe/nzcs80.webm",
        "LinkMp3": "https://files.catbox.moe/fgjrah.mp3",
        "correctPlayers": [
            "watashiii"
        ]
    },
    {
        "animeEng": "Ensemble Stars!",
        "animeRomaji": "EnStars",
        "songName": "Joyful\u00d7Box*",
        "artist": "Ra*bits",
        "type": "Insert Song",
        "correctCount": 0,
        "startTime": 0,
        "songDuration": 30.058666,
        "songNumber": 50,
        "activePlayerCount": 203,
        "LinkVideo": "https://files.catbox.moe/nzgqx2.webm",
        "LinkMp3": "https://files.catbox.moe/su8o0j.mp3"
    },
    {
        "animeEng": "Date A Live III",
        "animeRomaji": "Date A Live III",
        "songName": "I swear",
        "artist": "sweet ARMS",
        "type": "Opening 1",
        "correctCount": 1,
        "startTime": 0,
        "songDuration": 30.058666,
        "songNumber": 51,
        "activePlayerCount": 203,
        "LinkVideo": "https://files.catbox.moe/5vxp30.webm",
        "LinkMp3": "https://files.catbox.moe/dga0bo.mp3",
        "correctPlayers": [
            "Kazso"
        ]
    },
    {
        "animeEng": "Shachibato! President, It's Time for Battle!",
        "animeRomaji": "Shach\u014d, Battle no Jikan Desu!",
        "songName": "Oyasumi",
        "artist": "Kana Ichinose",
        "type": "Ending 1",
        "correctCount": 5,
        "startTime": 25,
        "songDuration": 87.264,
        "songNumber": 52,
        "activePlayerCount": 202,
        "LinkVideo": "https://files.catbox.moe/wj0t02.webm",
        "LinkMp3": "https://files.catbox.moe/avrt96.mp3",
        "correctPlayers": [
            "cidneon",
            "Miki_P",
            "kneesoxluver",
            "miboong",
            "GyroInmobile"
        ]
    },
    {
        "animeEng": "Love Hina Spring Special - I Wish Your Dream",
        "animeRomaji": "Love Hina Haru Special ~Kimi Sakura Chiru Nakare!!~",
        "songName": "Sakura Saku",
        "artist": "Megumi Hayashibara",
        "type": "Ending 1",
        "correctCount": 129,
        "startTime": 18,
        "songDuration": 88.608,
        "songNumber": 53,
        "activePlayerCount": 202,
        "LinkVideo": "https://files.catbox.moe/iexv4g.webm",
        "LinkMp3": "https://files.catbox.moe/kny4t9.mp3"
    },
    {
        "animeEng": "Dragon Ball GT",
        "animeRomaji": "Dragon Ball GT",
        "songName": "DAN DAN Kokoro Hikarete ku",
        "artist": "FIELD OF VIEW",
        "type": "Opening 1",
        "correctCount": 141,
        "startTime": 41,
        "songDuration": 106.536,
        "songNumber": 54,
        "activePlayerCount": 203,
        "LinkVideo": "https://files.catbox.moe/cfl3nm.webm",
        "LinkMp3": "https://files.catbox.moe/4zgyfg.mp3"
    },
    {
        "animeEng": "The Great Battle of the Flying Saucers",
        "animeRomaji": "Uch\u016b Enban Daisens\u014d",
        "songName": "Tatakae! Uch\u016b no \u014cja",
        "artist": "Isao Sasaki",
        "type": "Opening 1",
        "correctCount": 3,
        "startTime": 34,
        "songDuration": 75.792,
        "songNumber": 55,
        "activePlayerCount": 202,
        "LinkVideo": "https://files.catbox.moe/pbb5mj.webm",
        "LinkMp3": "https://files.catbox.moe/0f5bzt.mp3",
        "correctPlayers": [
            "eggsdee",
            "ensorcell",
            "aryagamis"
        ]
    },
    {
        "animeEng": "Moeyo Ken",
        "animeRomaji": "Kid\u014d Shinsengumi Moeyo Ken",
        "songName": "Seishun no Matsuri",
        "artist": "Haruna Ikezawa, Ai Orikasa, Naoko Matsui",
        "type": "Ending 1",
        "correctCount": 4,
        "startTime": 8,
        "songDuration": 82.056,
        "songNumber": 56,
        "activePlayerCount": 202,
        "LinkVideo": "https://files.catbox.moe/ea9ssr.webm",
        "LinkMp3": "https://files.catbox.moe/7idfqe.mp3",
        "correctPlayers": [
            "asleep",
            "raisinmuffins",
            "shadowpandax",
            "Celia_Chan"
        ]
    },
    {
        "animeEng": "Panty & Stocking with Garterbelt",
        "animeRomaji": "Panty & Stocking with Garterbelt",
        "songName": "Fly Away",
        "artist": "TeddyLoid",
        "type": "Insert Song",
        "correctCount": 108,
        "startTime": 28,
        "songDuration": 71.4,
        "songNumber": 57,
        "activePlayerCount": 203,
        "LinkVideo": "https://files.catbox.moe/jx6602.webm",
        "LinkMp3": "https://files.catbox.moe/826lvn.mp3"
    },
    {
        "animeEng": "Fate/kaleid liner Prisma\u2606Illya 2wei!",
        "animeRomaji": "Fate/kaleid liner Prisma\u2606Illya 2wei!",
        "songName": "moving soul",
        "artist": "Minami Kuribayashi",
        "type": "Opening 1",
        "correctCount": 87,
        "startTime": 33,
        "songDuration": 87.504,
        "songNumber": 58,
        "activePlayerCount": 204,
        "LinkVideo": "https://files.catbox.moe/f5ny75.webm",
        "LinkMp3": "https://files.catbox.moe/2acsys.mp3"
    },
    {
        "animeEng": "Amon - Apocalypse of Devilman",
        "animeRomaji": "Amon - Devilman Mokushiroku",
        "songName": "Me no Mae no Tsuzuki",
        "artist": "Mangahead",
        "type": "Ending 1",
        "correctCount": 5,
        "startTime": 116,
        "songDuration": 249.048,
        "songNumber": 59,
        "activePlayerCount": 204,
        "LinkVideo": "https://files.catbox.moe/owxhkq.webm",
        "LinkMp3": "https://files.catbox.moe/9x61fb.mp3",
        "correctPlayers": [
            "ensorcell",
            "80s",
            "fake_fake_fisher",
            "SuperstarPearl",
            "YoshiNubao"
        ]
    },
    {
        "animeEng": "Mankatsu",
        "animeRomaji": "Mankatsu",
        "songName": "I get lost in your eyes",
        "artist": "Toku",
        "type": "Opening 1",
        "correctCount": 21,
        "startTime": 13,
        "songDuration": 58.565524,
        "songNumber": 60,
        "activePlayerCount": 204,
        "LinkVideo": "https://files.catbox.moe/yf0sze.webm",
        "LinkMp3": "https://files.catbox.moe/gwih0t.mp3"
    },
    {
        "animeEng": "Infinite Stratos 2",
        "animeRomaji": "IS: Infinite Stratos 2",
        "songName": "True Blue Traveler",
        "artist": "Minami Kuribayashi",
        "type": "Opening 1",
        "correctCount": 86,
        "startTime": 46,
        "songDuration": 89.16,
        "songNumber": 61,
        "activePlayerCount": 205,
        "LinkVideo": "https://files.catbox.moe/73ox52.webm",
        "LinkMp3": "https://files.catbox.moe/ik351a.mp3"
    },
    {
        "animeEng": "Asura",
        "animeRomaji": "Asura",
        "songName": "Kib\u014d",
        "artist": "Yasuha Kominami",
        "type": "Ending 1",
        "correctCount": 4,
        "startTime": 45,
        "songDuration": 105.96,
        "songNumber": 62,
        "activePlayerCount": 205,
        "LinkVideo": "https://files.catbox.moe/xer62n.webm",
        "LinkMp3": "https://files.catbox.moe/bh0pqy.mp3",
        "correctPlayers": [
            "ensorcell",
            "KurooWX",
            "SuperstarPearl",
            "Celia_Chan"
        ]
    },
    {
        "animeEng": "Aikatsu! Music Award: Minna de Sh\u014d o Moracchaima SHOW!",
        "animeRomaji": "Aikatsu! Music Award: Minna de Sh\u014d o Moracchaima SHOW!",
        "songName": "Tarte Tatin",
        "artist": "Mona from AIKATSU\u2606STARS!",
        "type": "Insert Song",
        "correctCount": 58,
        "startTime": 46,
        "songDuration": 113.136,
        "songNumber": 63,
        "activePlayerCount": 205,
        "LinkVideo": "https://files.catbox.moe/42f6jz.webm",
        "LinkMp3": "https://files.catbox.moe/9kqqqd.mp3"
    },
    {
        "animeEng": "Hensuki: Are you willing to fall in love with a pervert, as long as she\u2019s a cutie?",
        "animeRomaji": "Kawaikereba Hentai demo Suki ni Natte Kuremasuka?",
        "songName": "Daisuki.",
        "artist": "Ayaka Ohashi",
        "type": "Opening 1",
        "correctCount": 70,
        "startTime": 3,
        "songDuration": 88.272,
        "songNumber": 64,
        "activePlayerCount": 205,
        "LinkVideo": "https://files.catbox.moe/bxtkjz.webm",
        "LinkMp3": "https://files.catbox.moe/8l3im1.mp3"
    },
    {
        "animeEng": "Space Family Carlvinson",
        "animeRomaji": "Uch\u016b Kazoku Carlvinson",
        "songName": "Ichiban Suteki na Love Song",
        "artist": "Miwako Saito",
        "type": "Opening 1",
        "correctCount": 6,
        "startTime": 35,
        "songDuration": 106.05532,
        "songNumber": 65,
        "activePlayerCount": 205,
        "LinkVideo": "https://files.catbox.moe/7oezf5.webm",
        "LinkMp3": "https://files.catbox.moe/ff7omf.mp3"
    },
    {
        "animeEng": "Major: World Series-hen - Yume no Shunkan e",
        "animeRomaji": "Major: World Series-hen - Yume no Shunkan e",
        "songName": "Time Capsule",
        "artist": "CLUTCHO",
        "type": "Ending 1",
        "correctCount": 9,
        "startTime": 45,
        "songDuration": 155.064,
        "songNumber": 66,
        "activePlayerCount": 205,
        "LinkVideo": "https://files.catbox.moe/mq1cu4.webm",
        "LinkMp3": "https://files.catbox.moe/2geoip.mp3"
    },
    {
        "animeEng": "Yuki Yuna is a Hero: Washio Sumi Chapter",
        "animeRomaji": "Y\u016bki Y\u016bna wa Y\u016bsha de Aru: Washio Sumi no Sh\u014d",
        "songName": "Jukai no Nakae",
        "artist": "Natsuki Nakamoto & Mao Takeda",
        "type": "Insert Song",
        "correctCount": 80,
        "startTime": 4,
        "songDuration": 38.503828,
        "songNumber": 67,
        "activePlayerCount": 205,
        "LinkVideo": "https://files.catbox.moe/3ozc7b.webm",
        "LinkMp3": "https://files.catbox.moe/aqyfyn.mp3"
    },
    {
        "animeEng": "Captain Tsubasa: World Great Battle! Jr. World Cup",
        "animeRomaji": "Captain Tsubasa: Sekai Daikessen!! Jr. World Cup",
        "songName": "Longest Dream",
        "artist": "Chika Sakamoto",
        "type": "Ending 1",
        "correctCount": 3,
        "startTime": 37,
        "songDuration": 111.024,
        "songNumber": 68,
        "activePlayerCount": 204,
        "LinkVideo": "https://files.catbox.moe/7ajarz.webm",
        "LinkMp3": "https://files.catbox.moe/ulgjt7.mp3",
        "correctPlayers": [
            "watashiii",
            "SuperstarPearl",
            "ozsauce"
        ]
    },
    {
        "animeEng": "Neon Genesis Evangelion",
        "animeRomaji": "Shinseiki Evangelion",
        "songName": "Fly Me to the Moon (Rei #6 Version)",
        "artist": "Megumi Hayashibara",
        "type": "Ending 3",
        "correctCount": 178,
        "startTime": 30,
        "songDuration": 65.112,
        "songNumber": 69,
        "activePlayerCount": 205,
        "LinkVideo": "https://files.catbox.moe/u1s5gn.webm",
        "LinkMp3": "https://files.catbox.moe/5ur2m8.mp3"
    },
    {
        "animeEng": "Rainy Cocoa in Hawaii",
        "animeRomaji": "Ameiro Cocoa in Hawaii",
        "songName": "Hitomi wa, Ameiro ~endless summer rainbow~",
        "artist": "Yugo Sat\u014d",
        "type": "Opening 1",
        "correctCount": 26,
        "startTime": 0,
        "songDuration": 29.51786,
        "songNumber": 70,
        "activePlayerCount": 204,
        "LinkVideo": "https://files.catbox.moe/15219s.webm",
        "LinkMp3": "https://files.catbox.moe/8h5w85.mp3"
    },
    {
        "animeEng": "Prince of Stride: Alternative",
        "animeRomaji": "Prince of Stride: Alternative",
        "songName": "RUSH",
        "artist": "Galaxy Standard",
        "type": "Insert Song",
        "correctCount": 24,
        "startTime": 0,
        "songDuration": 41.424,
        "songNumber": 71,
        "activePlayerCount": 205,
        "LinkVideo": "https://files.catbox.moe/mieiwn.webm",
        "LinkMp3": "https://files.catbox.moe/fsfcwh.mp3"
    },
    {
        "animeEng": "Pururun! Shizuku-chan",
        "animeRomaji": "Pururun! Shizuku-chan",
        "songName": "Shizuku-chan Ondo",
        "artist": "Kouji Onoda",
        "type": "Ending 2",
        "correctCount": 22,
        "startTime": 42,
        "songDuration": 90.048,
        "songNumber": 72,
        "activePlayerCount": 206,
        "LinkVideo": "https://files.catbox.moe/ezjwsv.webm",
        "LinkMp3": "https://files.catbox.moe/z8fzk4.mp3"
    },
    {
        "animeEng": "Dragon Ball Z: Bio-Broly",
        "animeRomaji": "Dragon Ball Z: Super Senshi Gekiha!! Katsu no wa Ore da",
        "songName": "Dragon Power Mugendai",
        "artist": "Hironobu Kageyama",
        "type": "Ending 1",
        "correctCount": 6,
        "startTime": 23,
        "songDuration": 93,
        "songNumber": 73,
        "activePlayerCount": 206,
        "LinkVideo": "https://files.catbox.moe/6psihj.webm",
        "LinkMp3": "https://files.catbox.moe/u1sw0j.mp3"
    },
    {
        "animeEng": "Fight League: Gear Gadget Generators",
        "animeRomaji": "Fight League: Gear Gadget Generators",
        "songName": "Winners",
        "artist": "TeddyLoid feat. Reol & Giga",
        "type": "Opening 1",
        "correctCount": 61,
        "startTime": 8,
        "songDuration": 53.863564,
        "songNumber": 74,
        "activePlayerCount": 205,
        "LinkVideo": "https://files.catbox.moe/fy5ac1.webm",
        "LinkMp3": "https://files.catbox.moe/und8ui.mp3"
    },
    {
        "animeEng": "M\u00c4R",
        "animeRomaji": "M\u00c4R",
        "songName": "Kimi no Omoi Egaita Yume Atsumeru HEAVEN",
        "artist": "GARNET CROW",
        "type": "Opening 1",
        "correctCount": 10,
        "startTime": 46,
        "songDuration": 85.632,
        "songNumber": 75,
        "activePlayerCount": 204,
        "LinkVideo": "https://files.catbox.moe/0qakxz.webm",
        "LinkMp3": "https://files.catbox.moe/qbg1tt.mp3"
    }
]