[
    {
        "songNumber": 1,
        "animeEnglish": "Keep Your Hands Off Eizouken!",
        "animeRomaji": "Eiz\u014dken ni wa Te o Dasu na!",
        "songName": "Easy Breezy",
        "artist": "chelmico",
        "type": "Opening 1",
        "correctCount": 192,
        "activePlayers": 293,
        "startSample": 28,
        "videoLength": 87.98,
        "linkWebm": "https://files.catbox.moe/niqpzz.webm",
        "linkMP3": "https://files.catbox.moe/s9owuv.mp3"
    },
    {
        "songNumber": 2,
        "animeEnglish": "Astroganger",
        "animeRomaji": "Astroganger",
        "songName": "Astroganger",
        "artist": "Ichiro Mizuki",
        "type": "Opening 1",
        "correctCount": 14,
        "activePlayers": 289,
        "startSample": 18,
        "videoLength": 68.47,
        "linkWebm": "https://files.catbox.moe/5zjh6u.webm",
        "linkMP3": "https://files.catbox.moe/kz3lib.mp3"
    },
    {
        "songNumber": 3,
        "animeEnglish": "Web Diver",
        "animeRomaji": "Denn\u014d B\u014dkenki Webdiver",
        "songName": "TOGETHER",
        "artist": "Katsumi",
        "type": "Ending 1",
        "correctCount": 1,
        "activePlayers": 288,
        "startSample": 27,
        "videoLength": 80.76,
        "linkWebm": "https://files.catbox.moe/20micp.webm",
        "linkMP3": "https://files.catbox.moe/tljlh2.mp3"
    },
    {
        "songNumber": 4,
        "animeEnglish": "gdgd men's party",
        "animeRomaji": "gdgd men's party",
        "songName": "Duality",
        "artist": "BB-voice",
        "type": "Ending 1",
        "correctCount": 37,
        "activePlayers": 288,
        "startSample": 0,
        "videoLength": 33.14,
        "linkWebm": "https://animethemes.moe/video/gdMen-ED1.webm",
        "linkMP3": "https://files.catbox.moe/f99wjr.mp3"
    },
    {
        "songNumber": 5,
        "animeEnglish": "Yuri!!! on ICE",
        "animeRomaji": "Yuri!!! on ICE",
        "songName": "History Maker",
        "artist": "Dean Fujioka",
        "type": "Opening 1",
        "correctCount": 263,
        "activePlayers": 287,
        "startSample": 20,
        "videoLength": 88.9,
        "linkWebm": "https://files.catbox.moe/yjrqpt.webm",
        "linkMP3": "https://files.catbox.moe/cxta3p.mp3"
    },
    {
        "songNumber": 6,
        "animeEnglish": "Bakuman.",
        "animeRomaji": "Bakuman.",
        "songName": "Blue Bird",
        "artist": "Kobukuro",
        "type": "Opening 1",
        "correctCount": 122,
        "activePlayers": 287,
        "startSample": 28,
        "videoLength": 85.05,
        "linkWebm": "https://files.catbox.moe/at6ol5.webm",
        "linkMP3": "https://files.catbox.moe/tcusar.mp3"
    },
    {
        "songNumber": 7,
        "animeEnglish": "STARMYU",
        "animeRomaji": "K\u014dk\u014d Hoshi Kageki",
        "songName": "Pumpkin Mate\u266a",
        "artist": "Natsuki Hanae, Nobuhiko Okamoto, Nobunaga Shimazaki, Yuuichirou Umehara",
        "type": "Insert Song",
        "correctCount": 134,
        "activePlayers": 287,
        "startSample": 47,
        "videoLength": 87.94,
        "linkWebm": "https://files.catbox.moe/z6mouu.webm",
        "linkMP3": "https://files.catbox.moe/e0nj4w.mp3"
    },
    {
        "songNumber": 8,
        "animeEnglish": "Initial D: Fifth Stage",
        "animeRomaji": "Initial D: Fifth Stage",
        "songName": "RAIN",
        "artist": "MISTIKA",
        "type": "Insert Song",
        "correctCount": 32,
        "activePlayers": 286,
        "startSample": 55,
        "videoLength": 103.39,
        "linkWebm": "https://files.catbox.moe/9a7ic0.webm",
        "linkMP3": "https://files.catbox.moe/2bj34d.mp3"
    },
    {
        "songNumber": 9,
        "animeEnglish": "Chronos Ruler",
        "animeRomaji": "Jikan no Shihaisha",
        "songName": "RULER GAME",
        "artist": "Fo'xTails",
        "type": "Opening 1",
        "correctCount": 25,
        "activePlayers": 284,
        "startSample": 27,
        "videoLength": 88.94,
        "linkWebm": "https://files.catbox.moe/f8lwl1.webm",
        "linkMP3": "https://files.catbox.moe/0br11j.mp3"
    },
    {
        "songNumber": 10,
        "animeEnglish": "The Wind Rises",
        "animeRomaji": "Kaze Tachinu",
        "songName": "Das gibt's nur einmal",
        "artist": "Hideaki Anno & Morio Kazama & Stephen Alpert",
        "type": "Insert Song",
        "correctCount": 93,
        "activePlayers": 286,
        "startSample": 17,
        "videoLength": 53.09,
        "linkWebm": "https://files.catbox.moe/umt4s9.webm",
        "linkMP3": "https://files.catbox.moe/q4c23n.mp3"
    },
    {
        "songNumber": 11,
        "animeEnglish": "Hundred",
        "animeRomaji": "Hundred",
        "songName": "FIREWORKS",
        "artist": "Mayu Yoshioka",
        "type": "Insert Song",
        "correctCount": 23,
        "activePlayers": 285,
        "startSample": 2,
        "videoLength": 44.5,
        "linkWebm": "https://files.catbox.moe/9vic03.webm",
        "linkMP3": "https://files.catbox.moe/ccn5k2.mp3"
    },
    {
        "songNumber": 12,
        "animeEnglish": "Bakemonogatari",
        "animeRomaji": "Bakemonogatari",
        "songName": "Kaerimichi",
        "artist": "Emiri Kat\u014d",
        "type": "Opening 2",
        "correctCount": 214,
        "activePlayers": 284,
        "startSample": 27,
        "videoLength": 88.8,
        "linkWebm": "https://files.catbox.moe/skz47e.webm",
        "linkMP3": "https://files.catbox.moe/xq4w3j.mp3"
    },
    {
        "songNumber": 13,
        "animeEnglish": "A Town Where You Live",
        "animeRomaji": "Kimi no Iru Machi",
        "songName": "Mr.Darling",
        "artist": "MimimemeMIMI",
        "type": "Insert Song",
        "correctCount": 23,
        "activePlayers": 283,
        "startSample": 11,
        "videoLength": 44.86,
        "linkWebm": "https://files.catbox.moe/livagg.webm",
        "linkMP3": "https://files.catbox.moe/afti6o.mp3"
    },
    {
        "songNumber": 14,
        "animeEnglish": "Mushishi Zoku-Sh\u014d: Suzu no Shizuku",
        "animeRomaji": "Mushishi Zoku-Sh\u014d: Suzu no Shizuku",
        "songName": "SHIVER",
        "artist": "Lucy Rose",
        "type": "Opening 1",
        "correctCount": 101,
        "activePlayers": 282,
        "startSample": 14,
        "videoLength": 93.34,
        "linkWebm": "https://files.catbox.moe/3mxn1z.webm",
        "linkMP3": "https://files.catbox.moe/34w4ro.mp3"
    },
    {
        "songNumber": 15,
        "animeEnglish": "Science Ninja Team Gatchaman II",
        "animeRomaji": "Gatchaman II",
        "songName": "Warera Gatchaman",
        "artist": "Isao Sasaki and Columbia Yurikago-kai",
        "type": "Opening 1",
        "correctCount": 25,
        "activePlayers": 285,
        "startSample": 38,
        "videoLength": 72.29,
        "linkWebm": "https://files.catbox.moe/totyc2.webm",
        "linkMP3": "https://files.catbox.moe/54ud3i.mp3"
    },
    {
        "songNumber": 16,
        "animeEnglish": "Dragon Ball Z: Super Android 13!",
        "animeRomaji": "Dragon Ball Z: Kyokugen Battle! Sandai Super Saiyajin",
        "songName": "CHA-LA HEAD-CHA-LA",
        "artist": "Hironobu Kageyama",
        "type": "Opening 1",
        "correctCount": 276,
        "activePlayers": 284,
        "startSample": 59,
        "videoLength": 106.97,
        "linkWebm": "https://files.catbox.moe/wxq2by.webm",
        "linkMP3": "https://files.catbox.moe/7mv5um.mp3"
    },
    {
        "songNumber": 17,
        "animeEnglish": "Kimagure Orange Road",
        "animeRomaji": "Kimagure Orange Road",
        "songName": "Kanashii Heart wa Moete-iru",
        "artist": "Kanako Wada",
        "type": "Ending 2",
        "correctCount": 14,
        "activePlayers": 284,
        "startSample": 37,
        "videoLength": 97.92,
        "linkWebm": "https://files.catbox.moe/h56ibi.webm",
        "linkMP3": "https://files.catbox.moe/zt10xv.mp3"
    },
    {
        "songNumber": 18,
        "animeEnglish": "Saint Seiya: The Hades Chapter - Sanctuary",
        "animeRomaji": "Saint Seiya - Meiou Hades Juuni Kyuu-hen",
        "songName": "Chikyugi",
        "artist": "Yumi Matsuzawa",
        "type": "Opening 1",
        "correctCount": 19,
        "activePlayers": 284,
        "startSample": 66,
        "videoLength": 112.3,
        "linkWebm": "https://files.catbox.moe/jnlq5w.webm",
        "linkMP3": "https://files.catbox.moe/bye9g3.mp3"
    },
    {
        "songNumber": 19,
        "animeEnglish": "Hanayamata",
        "animeRomaji": "Hanayamata",
        "songName": "Hanaha Odore ya Iroha ni Ho",
        "artist": "Team 'Hanayamata'",
        "type": "Opening 1",
        "correctCount": 141,
        "activePlayers": 284,
        "startSample": 1,
        "videoLength": 89.88,
        "linkWebm": "https://files.catbox.moe/qkgvqk.webm",
        "linkMP3": "https://files.catbox.moe/dd7acs.mp3"
    },
    {
        "songNumber": 20,
        "animeEnglish": "Sparrow's Hotel",
        "animeRomaji": "Sparrow's Hotel",
        "songName": "Welcome to Sparrow's Hotel",
        "artist": "Minori Chihara & Haruka Nagashima",
        "type": "Opening 1",
        "correctCount": 35,
        "activePlayers": 284,
        "startSample": 0,
        "videoLength": 28.58,
        "linkWebm": "https://files.catbox.moe/0uj0ba.webm",
        "linkMP3": "https://files.catbox.moe/dfm5cm.mp3"
    },
    {
        "songNumber": 21,
        "animeEnglish": "Young Black Jack",
        "animeRomaji": "Young Black Jack",
        "songName": "I am Just Feeling Alive",
        "artist": "UMI\u2606KUUN",
        "type": "Opening 1",
        "correctCount": 78,
        "activePlayers": 284,
        "startSample": 1,
        "videoLength": 88.8,
        "linkWebm": "https://files.catbox.moe/1jot61.webm",
        "linkMP3": "https://files.catbox.moe/rdm3h5.mp3"
    },
    {
        "songNumber": 22,
        "animeEnglish": "RPG Densetsu Hepoi",
        "animeRomaji": "RPG Densetsu Hepoi",
        "songName": "Come On! Hepoi",
        "artist": "Takeshi Kusao & Aya Hisakawa, Y\u016bki Masuda",
        "type": "Opening 1",
        "correctCount": 0,
        "activePlayers": 284,
        "startSample": 5,
        "videoLength": 87.43,
        "linkWebm": "https://files.catbox.moe/lp68ye.webm",
        "linkMP3": "https://files.catbox.moe/deryg5.mp3"
    },
    {
        "songNumber": 23,
        "animeEnglish": "Love Live! School idol project",
        "animeRomaji": "Love Live! School idol project",
        "songName": "Music S.T.A.R.T!!",
        "artist": "\u03bc's",
        "type": "Insert Song",
        "correctCount": 71,
        "activePlayers": 284,
        "startSample": 190,
        "videoLength": 290.04,
        "linkWebm": "https://files.catbox.moe/m4mdcr.webm",
        "linkMP3": "https://files.catbox.moe/bsrnbw.mp3"
    },
    {
        "songNumber": 24,
        "animeEnglish": "Pop in Q",
        "animeRomaji": "Pop in Q",
        "songName": "Teenage Blues",
        "artist": "P.IDL",
        "type": "Opening 1",
        "correctCount": 4,
        "activePlayers": 284,
        "startSample": 34,
        "videoLength": 94.27,
        "linkWebm": "https://files.catbox.moe/hdasv6.webm",
        "linkMP3": "https://files.catbox.moe/qw2c4s.mp3"
    },
    {
        "songNumber": 25,
        "animeEnglish": "Cipher",
        "animeRomaji": "Cipher",
        "songName": "Against All Odds",
        "artist": "Phil Collins",
        "type": "Ending 1",
        "correctCount": 50,
        "activePlayers": 284,
        "startSample": 29,
        "videoLength": 197.06,
        "linkWebm": "https://files.catbox.moe/6ot80y.webm",
        "linkMP3": "https://files.catbox.moe/3xo4yz.mp3"
    },
    {
        "songNumber": 26,
        "animeEnglish": "Recovery of an MMO Junkie",
        "animeRomaji": "Net-j\u016b no Susume",
        "songName": "Saturday Night Question",
        "artist": "Megumi Nakajima",
        "type": "Opening 1",
        "correctCount": 158,
        "activePlayers": 284,
        "startSample": 4,
        "videoLength": 88.22,
        "linkWebm": "https://files.catbox.moe/exd1zi.webm",
        "linkMP3": "https://files.catbox.moe/yt4zu2.mp3"
    },
    {
        "songNumber": 27,
        "animeEnglish": "Mobile Suit Gundam",
        "animeRomaji": "Kid\u014d Senshi Gundam",
        "songName": "Char ga Kuru",
        "artist": "Kouichiro Hori",
        "type": "Insert Song",
        "correctCount": 29,
        "activePlayers": 282,
        "startSample": 36,
        "videoLength": 78.41,
        "linkWebm": "https://files.catbox.moe/krbeuj.webm",
        "linkMP3": "https://files.catbox.moe/euqyxr.mp3"
    },
    {
        "songNumber": 28,
        "animeEnglish": "selector infected WIXOSS",
        "animeRomaji": "selector infected WIXOSS",
        "songName": "killy killy JOKER",
        "artist": "Kanon Wakeshima",
        "type": "Opening 1",
        "correctCount": 121,
        "activePlayers": 283,
        "startSample": 0,
        "videoLength": 89.93,
        "linkWebm": "https://files.catbox.moe/3zj3av.webm",
        "linkMP3": "https://files.catbox.moe/jyqb4c.mp3"
    },
    {
        "songNumber": 29,
        "animeEnglish": "Tenjho Tenge",
        "animeRomaji": "Tenjho Tenge",
        "songName": "Bomb A Head! V",
        "artist": "m.c.A\u00b7T",
        "type": "Opening 1",
        "correctCount": 184,
        "activePlayers": 283,
        "startSample": 16,
        "videoLength": 88.39,
        "linkWebm": "https://files.catbox.moe/tn1wok.webm",
        "linkMP3": "https://files.catbox.moe/mgm6ju.mp3"
    },
    {
        "songNumber": 30,
        "animeEnglish": "Sorcerer Hunters",
        "animeRomaji": "Bakuretsu Hunter",
        "songName": "What's Up Guys?",
        "artist": "Shinnosuke Furumoto and Megumi Hayashibara",
        "type": "Opening 1",
        "correctCount": 13,
        "activePlayers": 283,
        "startSample": 52,
        "videoLength": 90.09,
        "linkWebm": "https://files.catbox.moe/4k4sqd.webm",
        "linkMP3": "https://files.catbox.moe/iot06s.mp3"
    },
    {
        "songNumber": 31,
        "animeEnglish": "Saint Seiya: Evil Goddess Eris",
        "animeRomaji": "Saint Seiya: Jashin Eris",
        "songName": "Pegasus Fantasy",
        "artist": "MAKE-UP",
        "type": "Opening 1",
        "correctCount": 219,
        "activePlayers": 283,
        "startSample": 18,
        "videoLength": 82.97,
        "linkWebm": "https://files.catbox.moe/w7t8yo.webm",
        "linkMP3": "https://files.catbox.moe/pqfrcp.mp3"
    },
    {
        "songNumber": 32,
        "animeEnglish": "Reborn!",
        "animeRomaji": "Katekyo Hitman Reborn!",
        "songName": "Funny Sunny Day (Japanese Version)",
        "artist": "SxOxU",
        "type": "Opening 7",
        "correctCount": 125,
        "activePlayers": 281,
        "startSample": 40,
        "videoLength": 89.04,
        "linkWebm": "https://files.catbox.moe/c7drny.webm",
        "linkMP3": "https://files.catbox.moe/opaqjl.mp3"
    },
    {
        "songNumber": 33,
        "animeEnglish": "Digimon Adventure 02: Revenge of Diablomon",
        "animeRomaji": "Digimon: Diablomon Strikes Back",
        "songName": "Target ~Akai Sh\u014dgeki~",
        "artist": "Kouji Wada",
        "type": "Insert Song",
        "correctCount": 128,
        "activePlayers": 280,
        "startSample": 33,
        "videoLength": 94.56,
        "linkWebm": "https://files.catbox.moe/qa29y6.webm",
        "linkMP3": "https://files.catbox.moe/ijaxfo.mp3"
    },
    {
        "songNumber": 34,
        "animeEnglish": "How Not to Summon a Demon Lord",
        "animeRomaji": "Isekai Ma\u014d to Sh\u014dkan Sh\u014djo no Dorei Majutsu",
        "songName": "Saiaku no Hi demo Anata ga Suki.",
        "artist": "Y\u016b Serizawa",
        "type": "Ending 1",
        "correctCount": 73,
        "activePlayers": 281,
        "startSample": 39,
        "videoLength": 88.95,
        "linkWebm": "https://files.catbox.moe/c73jti.webm",
        "linkMP3": "https://files.catbox.moe/2naxw9.mp3"
    },
    {
        "songNumber": 35,
        "animeEnglish": "Date A Live",
        "animeRomaji": "Date A Live",
        "songName": "Koi no EveryDay\u2606HappyDay",
        "artist": "Ayana Taketatsu",
        "type": "Insert Song",
        "correctCount": 44,
        "activePlayers": 281,
        "startSample": 3,
        "videoLength": 196.94,
        "linkWebm": "https://files.catbox.moe/c5dsg9.webm",
        "linkMP3": "https://files.catbox.moe/u9asdg.mp3"
    },
    {
        "songNumber": 36,
        "animeEnglish": "The IDOLM@STER",
        "animeRomaji": "The IDOLM@STER",
        "songName": "Reimei Starline",
        "artist": "Asami Shimoda",
        "type": "Ending 9",
        "correctCount": 21,
        "activePlayers": 280,
        "startSample": 40,
        "videoLength": 107.06,
        "linkWebm": "https://files.catbox.moe/d9rw2r.webm",
        "linkMP3": "https://files.catbox.moe/ro09s1.mp3"
    },
    {
        "songNumber": 37,
        "animeEnglish": "ReLIFE",
        "animeRomaji": "ReLIFE",
        "songName": "Asu e no Tobira",
        "artist": "I WiSH",
        "type": "Ending 10",
        "correctCount": 25,
        "activePlayers": 281,
        "startSample": 9,
        "videoLength": 79.2,
        "linkWebm": "https://files.catbox.moe/igiz9o.webm",
        "linkMP3": "https://files.catbox.moe/4e3zf5.mp3"
    },
    {
        "songNumber": 38,
        "animeEnglish": "Ghost Hound",
        "animeRomaji": "Shinreigari",
        "songName": "Poltergeist",
        "artist": "Mayumi Kojima",
        "type": "Opening 1",
        "correctCount": 25,
        "activePlayers": 280,
        "startSample": 10,
        "videoLength": 87.77,
        "linkWebm": "https://files.catbox.moe/bzaxj2.webm",
        "linkMP3": "https://files.catbox.moe/q2uu5a.mp3"
    },
    {
        "songNumber": 39,
        "animeEnglish": "Hy\u014dka",
        "animeRomaji": "Hy\u014dka",
        "songName": "Ue o Muite Aruk\u014d",
        "artist": "Hachidai Nakamura",
        "type": "Insert Song",
        "correctCount": 124,
        "activePlayers": 280,
        "startSample": 0,
        "videoLength": 33.43,
        "linkWebm": "https://files.catbox.moe/h52vvl.webm",
        "linkMP3": "https://files.catbox.moe/nki6rk.mp3"
    },
    {
        "songNumber": 40,
        "animeEnglish": "Teeky\u016b",
        "animeRomaji": "Teeky\u016b",
        "songName": "Qunka!",
        "artist": "Kana Hanazawa",
        "type": "Opening 1",
        "correctCount": 184,
        "activePlayers": 280,
        "startSample": 0,
        "videoLength": 29.76,
        "linkWebm": "https://files.catbox.moe/h94x1s.webm",
        "linkMP3": "https://files.catbox.moe/ufuwjb.mp3"
    },
    {
        "songNumber": 41,
        "animeEnglish": "Burn Up Excess",
        "animeRomaji": "Burn-Up Excess",
        "songName": "Show Time",
        "artist": "Mami Kanezuki",
        "type": "Opening 1",
        "correctCount": 8,
        "activePlayers": 280,
        "startSample": 2,
        "videoLength": 57.6,
        "linkWebm": "https://files.catbox.moe/3be37q.webm",
        "linkMP3": "https://files.catbox.moe/xf99r4.mp3"
    },
    {
        "songNumber": 42,
        "animeEnglish": "B-PROJECT",
        "animeRomaji": "B-PROJECT-Kodo Ambitious-",
        "songName": "Arigatou no Harmony",
        "artist": "Showtaro Morikubo",
        "type": "Insert Song",
        "correctCount": 7,
        "activePlayers": 280,
        "startSample": 44,
        "videoLength": 117.53,
        "linkWebm": "https://files.catbox.moe/hdi2qy.webm",
        "linkMP3": "https://files.catbox.moe/d4dfkg.mp3"
    },
    {
        "songNumber": 43,
        "animeEnglish": "My Hero Academia",
        "animeRomaji": "Boku no Hero Academia",
        "songName": "THE DAY",
        "artist": "Porno Graffitti",
        "type": "Opening 1",
        "correctCount": 270,
        "activePlayers": 280,
        "startSample": 3,
        "videoLength": 89.83,
        "linkWebm": "https://files.catbox.moe/uffjdg.webm",
        "linkMP3": "https://files.catbox.moe/015hgp.mp3"
    },
    {
        "songNumber": 44,
        "animeEnglish": "B-PROJECT",
        "animeRomaji": "B-PROJECT-Kodo Ambitious-",
        "songName": "Ashita wa, Kyou Yori Yumemi You",
        "artist": "Kitakore",
        "type": "Insert Song",
        "correctCount": 8,
        "activePlayers": 280,
        "startSample": 17,
        "videoLength": 58.01,
        "linkWebm": "https://files.catbox.moe/vuz8wk.webm",
        "linkMP3": "https://files.catbox.moe/17kwt9.mp3"
    },
    {
        "songNumber": 45,
        "animeEnglish": "Tokyo Ghoul: Pinto",
        "animeRomaji": "Tokyo Ghoul: Pinto",
        "songName": "Mun\u014d",
        "artist": "\u00f6sterreich",
        "type": "Ending 1",
        "correctCount": 191,
        "activePlayers": 280,
        "startSample": 10,
        "videoLength": 136.73,
        "linkWebm": "https://files.catbox.moe/lnsjkg.webm",
        "linkMP3": "https://files.catbox.moe/sq9yg6.mp3"
    },
    {
        "songNumber": 46,
        "animeEnglish": "RIN-NE",
        "animeRomaji": "Ky\u014dkai no Rinne",
        "songName": "\u014cka Ranman",
        "artist": "KEYTALK",
        "type": "Opening 1",
        "correctCount": 41,
        "activePlayers": 280,
        "startSample": 3,
        "videoLength": 86.74,
        "linkWebm": "https://files.catbox.moe/vxy951.webm",
        "linkMP3": "https://files.catbox.moe/ei1h1v.mp3"
    },
    {
        "songNumber": 47,
        "animeEnglish": "Sugar Bunnies Chocolat!",
        "animeRomaji": "Sugar Bunnies Chocolat!",
        "songName": "Kitto Umaku Ikuyo",
        "artist": "Yui Horie & Akiko Kimura",
        "type": "Opening 1",
        "correctCount": 11,
        "activePlayers": 280,
        "startSample": 33,
        "videoLength": 88.94,
        "linkWebm": "https://files.catbox.moe/qoo9g7.webm",
        "linkMP3": "https://files.catbox.moe/0md4fe.mp3"
    },
    {
        "songNumber": 48,
        "animeEnglish": "Love Bullet: Yurikuma Arashi",
        "animeRomaji": "Yurikuma Arashi",
        "songName": "Ano Mori de Matteru",
        "artist": "Bonjour Suzuki",
        "type": "Opening 1",
        "correctCount": 120,
        "activePlayers": 280,
        "startSample": 25,
        "videoLength": 88.82,
        "linkWebm": "https://animethemes.moe/video/YurikumaArashi-OP1.webm",
        "linkMP3": "https://files.catbox.moe/hewjbo.mp3"
    },
    {
        "songNumber": 49,
        "animeEnglish": "Hi Score Girl",
        "animeRomaji": "Hi Score Girl Extra Stage",
        "songName": "H\u014dkago Distraction",
        "artist": "Etsuko Yakushimaru",
        "type": "Ending 1",
        "correctCount": 98,
        "activePlayers": 280,
        "startSample": 22,
        "videoLength": 89.44,
        "linkWebm": "https://files.catbox.moe/gt4kps.webm",
        "linkMP3": "https://files.catbox.moe/smqvqy.mp3"
    },
    {
        "songNumber": 50,
        "animeEnglish": "JoJo's Bizarre Adventure: Stardust Crusaders",
        "animeRomaji": "JoJo no Kimy\u014d na B\u014dken: Stardust Crusaders",
        "songName": "Walk Like an Egyptian",
        "artist": "The Bangles",
        "type": "Ending 2",
        "correctCount": 191,
        "activePlayers": 279,
        "startSample": 25,
        "videoLength": 87.06,
        "linkWebm": "https://files.catbox.moe/zm5mnt.webm",
        "linkMP3": "https://files.catbox.moe/6yqshq.mp3"
    },
    {
        "songNumber": 51,
        "animeEnglish": "Natsume's Book of Friends Season 4",
        "animeRomaji": "Natsume Y\u016bjinch\u014d Shi",
        "songName": "Takaramono",
        "artist": "Marina Kawano",
        "type": "Ending 1",
        "correctCount": 24,
        "activePlayers": 279,
        "startSample": 48,
        "videoLength": 88.44,
        "linkWebm": "https://files.catbox.moe/s5klpf.webm",
        "linkMP3": "https://files.catbox.moe/h40u43.mp3"
    },
    {
        "songNumber": 52,
        "animeEnglish": "Are You Lost?",
        "animeRomaji": "S\u014dnan desu ka?",
        "songName": "Ikiru",
        "artist": "Kiyono Yasuno",
        "type": "Ending 1",
        "correctCount": 72,
        "activePlayers": 278,
        "startSample": 9,
        "videoLength": 59.54,
        "linkWebm": "https://files.catbox.moe/qd21oi.webm",
        "linkMP3": "https://files.catbox.moe/y16elv.mp3"
    },
    {
        "songNumber": 53,
        "animeEnglish": "Anime-Gataris",
        "animeRomaji": "Animegataris",
        "songName": "Ikken Rakuchaku Go Y\u014djin",
        "artist": "Earphones",
        "type": "Insert Song",
        "correctCount": 115,
        "activePlayers": 278,
        "startSample": 35,
        "videoLength": 68.4,
        "linkWebm": "https://files.catbox.moe/wjhely.webm",
        "linkMP3": "https://files.catbox.moe/hppjd5.mp3"
    },
    {
        "songNumber": 54,
        "animeEnglish": "After School Dice Club",
        "animeRomaji": "H\u014dkago Saikoro Club",
        "songName": "On the Board",
        "artist": "Saki Miyashita, Marika K\u014dno, Miyu Tomita",
        "type": "Ending 1",
        "correctCount": 32,
        "activePlayers": 278,
        "startSample": 31,
        "videoLength": 89.06,
        "linkWebm": "https://files.catbox.moe/jjtxae.webm",
        "linkMP3": "https://files.catbox.moe/jfwbkw.mp3"
    },
    {
        "songNumber": 55,
        "animeEnglish": "Inazuma Eleven GO: Chrono Stone",
        "animeRomaji": "Inazuma Eleven GO: Chrono Stone",
        "songName": "Kandou Kyouyuu",
        "artist": "T-Pistonz+KMC",
        "type": "Opening 2",
        "correctCount": 55,
        "activePlayers": 278,
        "startSample": 0,
        "videoLength": 84.09,
        "linkWebm": "https://files.catbox.moe/l5iv4l.webm",
        "linkMP3": "https://files.catbox.moe/yv20rq.mp3"
    },
    {
        "songNumber": 56,
        "animeEnglish": "Aggretsuko: We Wish You a Metal Christmas",
        "animeRomaji": "Aggretsuko: We Wish You a Metal Christmas",
        "songName": "Jingle Bells",
        "artist": "Tim Timebomb and the Interrupters",
        "type": "Opening 1",
        "correctCount": 124,
        "activePlayers": 278,
        "startSample": 6,
        "videoLength": 44.04,
        "linkWebm": "https://files.catbox.moe/xksa0l.webm",
        "linkMP3": "https://files.catbox.moe/uu5x2c.mp3"
    },
    {
        "songNumber": 57,
        "animeEnglish": "Digimon Adventure:",
        "animeRomaji": "Digimon Adventure:",
        "songName": "Mikakunin Hikousen",
        "artist": "Takayoshi Tanimoto",
        "type": "Opening 1",
        "correctCount": 21,
        "activePlayers": 277,
        "startSample": 14,
        "videoLength": 82.22,
        "linkWebm": "https://files.catbox.moe/zpazb6.webm",
        "linkMP3": "https://files.catbox.moe/bcgpu9.mp3"
    },
    {
        "songNumber": 58,
        "animeEnglish": "Riddle Story of Devil",
        "animeRomaji": "Akuma no Riddle",
        "songName": "S\u014dsh\u014d Innocence",
        "artist": "Maaya Uchida",
        "type": "Opening 1",
        "correctCount": 149,
        "activePlayers": 277,
        "startSample": 41,
        "videoLength": 87.58,
        "linkWebm": "https://files.catbox.moe/a2c1us.webm",
        "linkMP3": "https://files.catbox.moe/wk56a5.mp3"
    },
    {
        "songNumber": 59,
        "animeEnglish": "ARP Backstage Pass",
        "animeRomaji": "ARP Backstage Pass",
        "songName": "Logical Dreamer",
        "artist": "LE\u00d3N",
        "type": "Insert Song",
        "correctCount": 32,
        "activePlayers": 277,
        "startSample": 23,
        "videoLength": 92.16,
        "linkWebm": "https://files.catbox.moe/yrkote.webm",
        "linkMP3": "https://files.catbox.moe/zusce3.mp3"
    },
    {
        "songNumber": 60,
        "animeEnglish": "Case Closed",
        "animeRomaji": "Meitantei Conan",
        "songName": "Hikari",
        "artist": "BREAKERZ",
        "type": "Ending 34",
        "correctCount": 42,
        "activePlayers": 276,
        "startSample": 42,
        "videoLength": 80.06,
        "linkWebm": "https://files.catbox.moe/fcyp33.webm",
        "linkMP3": "https://files.catbox.moe/566cnr.mp3"
    },
    {
        "songNumber": 61,
        "animeEnglish": "Aikatsu!",
        "animeRomaji": "Aikatsu!",
        "songName": "Kira\u30fbpata\u30fbshining",
        "artist": "Sunao from STAR\u2606ANIS",
        "type": "Insert Song",
        "correctCount": 95,
        "activePlayers": 276,
        "startSample": 4,
        "videoLength": 43.44,
        "linkWebm": "https://files.catbox.moe/zbmpe1.webm",
        "linkMP3": "https://files.catbox.moe/qu93h5.mp3"
    },
    {
        "songNumber": 62,
        "animeEnglish": "Duel Masters Victory V",
        "animeRomaji": "Duel Masters Victory V",
        "songName": "Oni Saikyou Victory",
        "artist": "Duel Hero Yuu & Atsuto",
        "type": "Opening 1",
        "correctCount": 17,
        "activePlayers": 275,
        "startSample": 25,
        "videoLength": 90.53,
        "linkWebm": "https://files.catbox.moe/up1s6h.webm",
        "linkMP3": "https://files.catbox.moe/7vpazm.mp3"
    },
    {
        "songNumber": 63,
        "animeEnglish": "Tytania",
        "animeRomaji": "Tytania",
        "songName": "LOST IN SPACE",
        "artist": "Psychic Lover",
        "type": "Ending 1",
        "correctCount": 14,
        "activePlayers": 274,
        "startSample": 23,
        "videoLength": 88.06,
        "linkWebm": "https://files.catbox.moe/x9ux1w.webm",
        "linkMP3": "https://files.catbox.moe/8xe5pa.mp3"
    },
    {
        "songNumber": 64,
        "animeEnglish": "Occultic;Nine",
        "animeRomaji": "Occultic;Nine",
        "songName": "Seis\u016b 3 no Nij\u014d",
        "artist": "Kanako It\u014d",
        "type": "Opening 1",
        "correctCount": 133,
        "activePlayers": 274,
        "startSample": 51,
        "videoLength": 90.12,
        "linkWebm": "https://files.catbox.moe/zqbedq.webm",
        "linkMP3": "https://files.catbox.moe/q71obq.mp3"
    },
    {
        "songNumber": 65,
        "animeEnglish": "Mobile Suit Gundam Thunderbolt",
        "animeRomaji": "Kid\u014d Senshi Gundam Thunderbolt",
        "songName": "Anata no o Aite ~I'm Your Baby~",
        "artist": "I.C.I. a.k.a. Ai Ichikawa",
        "type": "Ending 3",
        "correctCount": 30,
        "activePlayers": 274,
        "startSample": 39,
        "videoLength": 151.64,
        "linkWebm": "https://files.catbox.moe/0zdyd7.webm",
        "linkMP3": "https://files.catbox.moe/158zek.mp3"
    },
    {
        "songNumber": 66,
        "animeEnglish": "Beyond the Boundary -I'LL BE HERE- Past",
        "animeRomaji": "Gekij\u014dban Ky\u014dkai no Kanata -I'll Be Here- Kako-hen",
        "songName": "Ky\u014dkai no Kanata",
        "artist": "Minori Chihara",
        "type": "Insert Song",
        "correctCount": 199,
        "activePlayers": 274,
        "startSample": 25,
        "videoLength": 87.98,
        "linkWebm": "https://files.catbox.moe/tyh8r1.webm",
        "linkMP3": "https://files.catbox.moe/adil6e.mp3"
    },
    {
        "songNumber": 67,
        "animeEnglish": "Honobono Log",
        "animeRomaji": "Honobono Log",
        "songName": "morning",
        "artist": "Ame no Parade",
        "type": "Opening 1",
        "correctCount": 108,
        "activePlayers": 274,
        "startSample": 0,
        "videoLength": 19.2,
        "linkWebm": "https://files.catbox.moe/hr31fn.webm",
        "linkMP3": "https://files.catbox.moe/hm273m.mp3"
    },
    {
        "songNumber": 68,
        "animeEnglish": "Diabolik Lovers",
        "animeRomaji": "Diabolik Lovers",
        "songName": "Mr. SADISTIC NIGHT",
        "artist": "Hikaru Midorikawa and Kousuke Toriumi",
        "type": "Opening 1",
        "correctCount": 84,
        "activePlayers": 273,
        "startSample": 38,
        "videoLength": 89.45,
        "linkWebm": "https://files.catbox.moe/xvti2o.webm",
        "linkMP3": "https://files.catbox.moe/nm7xs1.mp3"
    },
    {
        "songNumber": 69,
        "animeEnglish": "Appleseed",
        "animeRomaji": "Appleseed",
        "songName": "Good Luck",
        "artist": "Basement Jaxx",
        "type": "Opening 1",
        "correctCount": 29,
        "activePlayers": 272,
        "startSample": 55,
        "videoLength": 92.11,
        "linkWebm": "https://files.catbox.moe/k3xe5z.webm",
        "linkMP3": "https://files.catbox.moe/hpder4.mp3"
    },
    {
        "songNumber": 70,
        "animeEnglish": "ARP Backstage Pass",
        "animeRomaji": "ARP Backstage Pass",
        "songName": "BlacK Sapphire",
        "artist": "CROSS BONE",
        "type": "Insert Song",
        "correctCount": 19,
        "activePlayers": 271,
        "startSample": 3,
        "videoLength": 43.3,
        "linkWebm": "https://files.catbox.moe/dfhkj2.webm",
        "linkMP3": "https://files.catbox.moe/dul8jk.mp3"
    },
    {
        "songNumber": 71,
        "animeEnglish": "Ajin: Demi-Human",
        "animeRomaji": "Ajin",
        "songName": "Yoru wa Nemureru kai?",
        "artist": "flumpool",
        "type": "Opening 1",
        "correctCount": 194,
        "activePlayers": 271,
        "startSample": 40,
        "videoLength": 89.83,
        "linkWebm": "https://files.catbox.moe/ge4t61.webm",
        "linkMP3": "https://files.catbox.moe/isng3v.mp3"
    },
    {
        "songNumber": 72,
        "animeEnglish": "Ruin Explorers - Fam & Ihrie",
        "animeRomaji": "Hiky\u014d Tanken Fam & Ihrlie - Ruin Explorer",
        "songName": "Magical Beat!",
        "artist": "Rica Matsumoto",
        "type": "Opening 1",
        "correctCount": 7,
        "activePlayers": 271,
        "startSample": 26,
        "videoLength": 89.9,
        "linkWebm": "https://files.catbox.moe/cfw7k8.webm",
        "linkMP3": "https://files.catbox.moe/evhz7o.mp3"
    },
    {
        "songNumber": 73,
        "animeEnglish": "Aki Sora: Yume no Naka",
        "animeRomaji": "Aki Sora: Yume no Naka",
        "songName": "Thx!",
        "artist": "Mai Kotouge",
        "type": "Ending 1",
        "correctCount": 5,
        "activePlayers": 271,
        "startSample": 14,
        "videoLength": 115.92,
        "linkWebm": "https://files.catbox.moe/6k7jeb.webm",
        "linkMP3": "https://files.catbox.moe/knc20l.mp3"
    },
    {
        "songNumber": 74,
        "animeEnglish": "Good Luck Girl!",
        "animeRomaji": "Binb\u014dgami ga!",
        "songName": "Koi Boudou",
        "artist": "HAPPY BIRTHDAY",
        "type": "Ending 1",
        "correctCount": 62,
        "activePlayers": 270,
        "startSample": 52,
        "videoLength": 89.33,
        "linkWebm": "https://openings.moe/video/BinbougamiGa!-ED01-NCBD.webm",
        "linkMP3": "https://files.catbox.moe/xjl1fo.mp3"
    },
    {
        "songNumber": 75,
        "animeEnglish": "Asura Cryin'",
        "animeRomaji": "Asura Cryin'",
        "songName": "Spiral",
        "artist": "angela",
        "type": "Opening 1",
        "correctCount": 41,
        "activePlayers": 269,
        "startSample": 44,
        "videoLength": 88.85,
        "linkWebm": "https://files.catbox.moe/nahpna.webm",
        "linkMP3": "https://files.catbox.moe/76q1y5.mp3"
    }
]