[
    {
        "animeEng": "Maken-Ki! Takeru Nyotaika!? Minami no Shima de Supo~n?",
        "animeRomaji": "Maken-Ki! Takeru Nyotaika!? Minami no Shima de Supo~n?",
        "songName": "Giragira",
        "artist": "Noriko Shitaya, Iori Nomizu, Sayuri Yahagi",
        "type": "Ending 1",
        "correctCount": 0,
        "startTime": 46,
        "songDuration": 87.072,
        "songNumber": 1,
        "activePlayerCount": 204,
        "LinkVideo": "https://files.catbox.moe/83fcmu.webm",
        "LinkMp3": "https://files.catbox.moe/qqa47x.mp3"
    },
    {
        "animeEng": "Night Wizard The Animation",
        "animeRomaji": "Night Wizard The Animation",
        "songName": "KURENAI",
        "artist": "Ui Miyazaki",
        "type": "Opening 1",
        "correctCount": 8,
        "startTime": 47,
        "songDuration": 88.42297,
        "songNumber": 2,
        "activePlayerCount": 203,
        "LinkVideo": "https://files.catbox.moe/6m8mvy.webm",
        "LinkMp3": "https://files.catbox.moe/hs2ck2.mp3"
    },
    {
        "animeEng": "DIABOLIK LOVERS MB",
        "animeRomaji": "Diabolik Lovers More, Blood",
        "songName": "Kindan no 666",
        "artist": "Ryohei Kimura & Daisuke Kishio",
        "type": "Opening 1",
        "correctCount": 11,
        "startTime": 16,
        "songDuration": 87.576,
        "songNumber": 3,
        "activePlayerCount": 203,
        "LinkVideo": "https://files.catbox.moe/184ugp.webm",
        "LinkMp3": "https://files.catbox.moe/v7ut6w.mp3"
    },
    {
        "animeEng": "Occultic;Nine",
        "animeRomaji": "Occultic;Nine",
        "songName": "Open your eyes",
        "artist": "Asaka",
        "type": "Ending 1",
        "correctCount": 60,
        "startTime": 57,
        "songDuration": 99.813875,
        "songNumber": 4,
        "activePlayerCount": 203,
        "LinkVideo": "https://files.catbox.moe/r8sllt.webm",
        "LinkMp3": "https://files.catbox.moe/04ym4n.mp3"
    },
    {
        "animeEng": "Prefectural Earth Defense Force",
        "animeRomaji": "Kenritsu Chiky\u016b B\u014deigun",
        "songName": "Private",
        "artist": "Kiyoshir\u014d Imawano+CHAR",
        "type": "Insert Song",
        "correctCount": 0,
        "startTime": 1,
        "songDuration": 44.224546,
        "songNumber": 5,
        "activePlayerCount": 203,
        "LinkVideo": "https://files.catbox.moe/yyxn3x.webm",
        "LinkMp3": "https://files.catbox.moe/vys4et.mp3"
    },
    {
        "animeEng": "Ikki Tousen: Great Guardians",
        "animeRomaji": "Ikkitousen: Great Guardians",
        "songName": "Moshimo Ai Nara",
        "artist": "Satoshi Hino & Yui Horie",
        "type": "Insert Song",
        "correctCount": 10,
        "startTime": 0,
        "songDuration": 23.064,
        "songNumber": 6,
        "activePlayerCount": 202,
        "LinkVideo": "https://files.catbox.moe/ektcdh.webm",
        "LinkMp3": "https://files.catbox.moe/kuuk3b.mp3"
    },
    {
        "animeEng": "Nyanbo!",
        "animeRomaji": "Nyanbo!",
        "songName": "Uch\u016b kara Yattekita Nyanbo",
        "artist": "\u014chashiTrio",
        "type": "Opening 1",
        "correctCount": 159,
        "startTime": 0,
        "songDuration": 23.37919,
        "songNumber": 7,
        "activePlayerCount": 201,
        "LinkVideo": "https://files.catbox.moe/rbl30y.webm",
        "LinkMp3": "https://files.catbox.moe/4p7bdu.mp3"
    },
    {
        "animeEng": "Initial D: Fifth Stage",
        "animeRomaji": "Initial D: Fifth Stage",
        "songName": "WHEELPOWER & GO!",
        "artist": "DEJO & BON",
        "type": "Insert Song",
        "correctCount": 25,
        "startTime": 135,
        "songDuration": 293.976988,
        "songNumber": 8,
        "activePlayerCount": 198,
        "LinkVideo": "https://files.catbox.moe/07fogw.webm",
        "LinkMp3": "https://files.catbox.moe/bw5qvg.mp3"
    },
    {
        "animeEng": "Null & Peta",
        "animeRomaji": "Null Peta",
        "songName": "#NULL!*Peta",
        "artist": "Azumi Waki & Reina Ueda",
        "type": "Opening 1",
        "correctCount": 64,
        "startTime": 22,
        "songDuration": 60.408,
        "songNumber": 9,
        "activePlayerCount": 198,
        "LinkVideo": "https://files.catbox.moe/7tmstg.webm",
        "LinkMp3": "https://files.catbox.moe/1nqod8.mp3"
    },
    {
        "animeEng": "Pastel Life",
        "animeRomaji": "Pastel Life",
        "songName": "Shuwarin\u2606Drea~min",
        "artist": "Pastel*Palettes",
        "type": "Opening 1",
        "correctCount": 106,
        "startTime": 0,
        "songDuration": 26.931782,
        "songNumber": 10,
        "activePlayerCount": 198,
        "LinkVideo": "https://files.catbox.moe/1or69x.webm",
        "LinkMp3": "https://files.catbox.moe/75tsvw.mp3"
    },
    {
        "animeEng": "The Royal Tutor",
        "animeRomaji": "\u014cshitsu Ky\u014dshi Heine",
        "songName": "Shoppai Namida",
        "artist": "Sh\u014dgo Sakamoto",
        "type": "Opening 1",
        "correctCount": 62,
        "startTime": 3,
        "songDuration": 88.944,
        "songNumber": 11,
        "activePlayerCount": 198,
        "LinkVideo": "https://files.catbox.moe/n2a8i7.webm",
        "LinkMp3": "https://files.catbox.moe/411qoy.mp3"
    },
    {
        "animeEng": "Gegege no Kitar\u014d",
        "animeRomaji": "Gegege no Kitar\u014d",
        "songName": "Gegege no Kitaro",
        "artist": "Ikuzo Yoshi",
        "type": "Opening 1",
        "correctCount": 180,
        "startTime": 21,
        "songDuration": 87.768,
        "songNumber": 12,
        "activePlayerCount": 198,
        "LinkVideo": "https://files.catbox.moe/piqgnu.webm",
        "LinkMp3": "https://files.catbox.moe/zaurv4.mp3"
    },
    {
        "animeEng": "Carole & Tuesday",
        "animeRomaji": "Carole & Tuesday",
        "songName": "The Tower",
        "artist": "Alisa",
        "type": "Ending 4",
        "correctCount": 101,
        "startTime": 49,
        "songDuration": 87.048,
        "songNumber": 13,
        "activePlayerCount": 197,
        "LinkVideo": "https://files.catbox.moe/10nt1h.webm",
        "LinkMp3": "https://files.catbox.moe/1v5gon.mp3"
    },
    {
        "animeEng": "Hacka Doll the Animation",
        "animeRomaji": "Hacka Doll the Animation",
        "songName": "Happy Days Refrain",
        "artist": "Kaya Okuno, Miyu Takagi, Nanami Yamashita",
        "type": "Ending 1",
        "correctCount": 8,
        "startTime": 0,
        "songDuration": 24.576,
        "songNumber": 14,
        "activePlayerCount": 197,
        "LinkVideo": "https://files.catbox.moe/oey763.webm",
        "LinkMp3": "https://files.catbox.moe/wtienb.mp3"
    },
    {
        "animeEng": "Gekij\u014dban PriPara Mi~nna Atsumare! Prism\u2606Tours",
        "animeRomaji": "Gekij\u014dban PriPara Mi~nna Atsumare! Prism\u2606Tours",
        "songName": "Switch On My Heart",
        "artist": "Azusa Enoki",
        "type": "Insert Song",
        "correctCount": 18,
        "startTime": 15,
        "songDuration": 78.08,
        "songNumber": 15,
        "activePlayerCount": 199,
        "LinkVideo": "https://files.catbox.moe/ctn8po.webm",
        "LinkMp3": "https://files.catbox.moe/7fp7vd.mp3"
    },
    {
        "animeEng": "Death Note",
        "animeRomaji": "Death Note",
        "songName": "Misa no Uta",
        "artist": "Aya Hirano",
        "type": "Insert Song",
        "correctCount": 92,
        "startTime": 5,
        "songDuration": 68.339525,
        "songNumber": 16,
        "activePlayerCount": 199,
        "LinkVideo": "https://files.catbox.moe/mrqddk.webm",
        "LinkMp3": "https://files.catbox.moe/m6pq06.mp3"
    },
    {
        "animeEng": "Digimon Adventure",
        "animeRomaji": "Digimon Adventure",
        "songName": "Digimon Theme",
        "artist": "Paul Gordon",
        "type": "Opening 1",
        "correctCount": 153,
        "startTime": 8,
        "songDuration": 59.28,
        "songNumber": 17,
        "activePlayerCount": 199,
        "LinkVideo": "https://files.catbox.moe/t5oso0.webm",
        "LinkMp3": "https://files.catbox.moe/0d31x3.mp3"
    },
    {
        "animeEng": "Aikatsu Stars!",
        "animeRomaji": "Aikatsu Stars!",
        "songName": "Start Line!",
        "artist": "Sena\u30fbRie from AIKATSU\u2606STARS!",
        "type": "Ending 1",
        "correctCount": 33,
        "startTime": 30,
        "songDuration": 180.264,
        "songNumber": 18,
        "activePlayerCount": 199,
        "LinkVideo": "https://files.catbox.moe/o56wil.webm",
        "LinkMp3": "https://files.catbox.moe/oqxkpf.mp3"
    },
    {
        "animeEng": "Mr. Osomatsu",
        "animeRomaji": "Osomatsu-san",
        "songName": "Zenryoku Batanky\u016b",
        "artist": "A\u014cP",
        "type": "Opening 2",
        "correctCount": 75,
        "startTime": 46,
        "songDuration": 88.971532,
        "songNumber": 19,
        "activePlayerCount": 199,
        "LinkVideo": "https://files.catbox.moe/cdn3u6.webm",
        "LinkMp3": "https://files.catbox.moe/huzpc4.mp3"
    },
    {
        "animeEng": "Him\u014dto! Umaru-chan",
        "animeRomaji": "Him\u014dto! Umaru-chan",
        "songName": "Kakushinteki \u2606 Metamorphose!",
        "artist": "Aimi Tanaka",
        "type": "Opening 1",
        "correctCount": 176,
        "startTime": 13,
        "songDuration": 88.032,
        "songNumber": 20,
        "activePlayerCount": 199,
        "LinkVideo": "https://files.catbox.moe/k8gn13.webm",
        "LinkMp3": "https://files.catbox.moe/cqvs1w.mp3"
    },
    {
        "animeEng": "Food Wars! The Fourth Plate",
        "animeRomaji": "Shokugeki no S\u014dma: Shin no Sara",
        "songName": "Chronos",
        "artist": "STEREO DIVE FOUNDATION",
        "type": "Opening 1",
        "correctCount": 102,
        "startTime": 48,
        "songDuration": 89.304,
        "songNumber": 21,
        "activePlayerCount": 199,
        "LinkVideo": "https://files.catbox.moe/lnnt5z.webm",
        "LinkMp3": "https://files.catbox.moe/kztetp.mp3"
    },
    {
        "animeEng": "Fate/stay night",
        "animeRomaji": "Fate/stay night",
        "songName": "disillusion",
        "artist": "Sachi Tainaka",
        "type": "Opening 1",
        "correctCount": 126,
        "startTime": 22,
        "songDuration": 90.048,
        "songNumber": 22,
        "activePlayerCount": 198,
        "LinkVideo": "https://files.catbox.moe/j7twby.webm",
        "LinkMp3": "https://files.catbox.moe/w5mz70.mp3"
    },
    {
        "animeEng": "The Super Dimension Cavalry Southern Cross",
        "animeRomaji": "Cho Jiku Kidan Southern Cross",
        "songName": "Hoshi no Deja Vu",
        "artist": "Yoko Katori",
        "type": "Opening 1",
        "correctCount": 12,
        "startTime": 13,
        "songDuration": 86.784,
        "songNumber": 23,
        "activePlayerCount": 198,
        "LinkVideo": "https://files.catbox.moe/jvao0o.webm",
        "LinkMp3": "https://files.catbox.moe/34seke.mp3"
    },
    {
        "animeEng": "Beatless Final Stage",
        "animeRomaji": "Beatless Final Stage",
        "songName": "Shapeless",
        "artist": "Tokyo Performance Doll",
        "type": "Ending 1",
        "correctCount": 35,
        "startTime": 43,
        "songDuration": 89.088,
        "songNumber": 24,
        "activePlayerCount": 196,
        "LinkVideo": "https://files.catbox.moe/2l5fuk.webm",
        "LinkMp3": "https://files.catbox.moe/51x0yq.mp3"
    },
    {
        "animeEng": "Tegami Bachi: Letter Bee",
        "animeRomaji": "Tegami Bachi",
        "songName": "Love Letter no Kawari ni Ko no Shi o.",
        "artist": "Seira",
        "type": "Opening 2",
        "correctCount": 16,
        "startTime": 48,
        "songDuration": 89.572338,
        "songNumber": 25,
        "activePlayerCount": 196,
        "LinkVideo": "https://files.catbox.moe/qkc9l4.webm",
        "LinkMp3": "https://files.catbox.moe/4fri3g.mp3"
    },
    {
        "animeEng": "Sweet Blue Flowers",
        "animeRomaji": "Aoi Hana",
        "songName": "Aoi Hana",
        "artist": "kukikodan",
        "type": "Opening 1",
        "correctCount": 28,
        "startTime": 21,
        "songDuration": 89.472,
        "songNumber": 26,
        "activePlayerCount": 195,
        "LinkVideo": "https://openings.moe/video/AoiHana-OP01-NCBD.webm",
        "LinkMp3": "https://files.catbox.moe/hha07n.mp3"
    },
    {
        "animeEng": "Witchblade",
        "animeRomaji": "Witchblade",
        "songName": "Dear Bob",
        "artist": "KOOLOGI",
        "type": "Opening 2",
        "correctCount": 13,
        "startTime": 22,
        "songDuration": 88.44,
        "songNumber": 27,
        "activePlayerCount": 196,
        "LinkVideo": "https://files.catbox.moe/kd8q07.webm",
        "LinkMp3": "https://files.catbox.moe/p9o6uh.mp3"
    },
    {
        "animeEng": "Negima!?",
        "animeRomaji": "Negima!?",
        "songName": "A-LY-YA!",
        "artist": "Sawa Ishige, Natsuko Kuwatani, Mamiko Noto",
        "type": "Ending 4",
        "correctCount": 20,
        "startTime": 6,
        "songDuration": 89.328,
        "songNumber": 28,
        "activePlayerCount": 196,
        "LinkVideo": "https://files.catbox.moe/ioaf6j.webm",
        "LinkMp3": "https://files.catbox.moe/79wwv4.mp3"
    },
    {
        "animeEng": "Love Hina Again",
        "animeRomaji": "Love Hina Again",
        "songName": "Kirari Takaramono",
        "artist": "Yui Horie",
        "type": "Opening 1",
        "correctCount": 61,
        "startTime": 10,
        "songDuration": 89.16,
        "songNumber": 29,
        "activePlayerCount": 196,
        "LinkVideo": "https://files.catbox.moe/iu58eh.webm",
        "LinkMp3": "https://files.catbox.moe/l9dris.mp3"
    },
    {
        "animeEng": "Divine Gate",
        "animeRomaji": "Divine Gate",
        "songName": "One Me Two Hearts",
        "artist": "hitorie",
        "type": "Opening 1",
        "correctCount": 93,
        "startTime": 54,
        "songDuration": 89.781314,
        "songNumber": 30,
        "activePlayerCount": 196,
        "LinkVideo": "https://files.catbox.moe/q8rhk6.webm",
        "LinkMp3": "https://files.catbox.moe/mxm8js.mp3"
    },
    {
        "animeEng": "Aikatsu!",
        "animeRomaji": "Aikatsu!",
        "songName": "lucky train!",
        "artist": "Ruka\u30fbMona\u30fbMiki from AIKATSU\u2606STARS\uff01",
        "type": "Ending 1",
        "correctCount": 107,
        "startTime": 33,
        "songDuration": 87.792,
        "songNumber": 31,
        "activePlayerCount": 196,
        "LinkVideo": "https://files.catbox.moe/nwsqgg.webm",
        "LinkMp3": "https://files.catbox.moe/g2hulg.mp3"
    },
    {
        "animeEng": "Digimon Adventure tri. Chapter 1: Reunion",
        "animeRomaji": "Digimon Adventure tri. Saikai",
        "songName": "brave heart~tri.Version~",
        "artist": "Ayumi Miyazaki",
        "type": "Insert Song",
        "correctCount": 108,
        "startTime": 9,
        "songDuration": 106.056,
        "songNumber": 32,
        "activePlayerCount": 196,
        "LinkVideo": "https://files.catbox.moe/097507.webm",
        "LinkMp3": "https://files.catbox.moe/8tzl9w.mp3"
    },
    {
        "animeEng": "Birthday Wonderland",
        "animeRomaji": "Birthday Wonderland",
        "songName": "THE SHOW",
        "artist": "milet",
        "type": "Ending 1",
        "correctCount": 15,
        "startTime": 55,
        "songDuration": 232.944,
        "songNumber": 33,
        "activePlayerCount": 196,
        "LinkVideo": "https://files.catbox.moe/s50f97.webm",
        "LinkMp3": "https://files.catbox.moe/gw5yn3.mp3"
    },
    {
        "animeEng": "Asteroid in Love",
        "animeRomaji": "Koisuru Asteroid",
        "songName": "Ano Hoshi no Mukou ni",
        "artist": "Tomoyo Takayanagi",
        "type": "Ending 2",
        "correctCount": 15,
        "startTime": 2,
        "songDuration": 90.072,
        "songNumber": 34,
        "activePlayerCount": 195,
        "LinkVideo": "https://files.catbox.moe/fr8tal.webm",
        "LinkMp3": "https://files.catbox.moe/oek7p5.mp3"
    },
    {
        "animeEng": "Sh\u014dnen Hollywood - Holly Stage for 50",
        "animeRomaji": "Sh\u014dnen Hollywood - Holly Stage for 50",
        "songName": "Bokutachi no Revolution",
        "artist": "Sh\u014dta Aoi",
        "type": "Ending 4",
        "correctCount": 1,
        "startTime": 27,
        "songDuration": 88.176,
        "songNumber": 35,
        "activePlayerCount": 196,
        "LinkVideo": "https://files.catbox.moe/gtz87x.webm",
        "LinkMp3": "https://files.catbox.moe/jrze64.mp3",
        "correctPlayers": [
            "Avassalador"
        ]
    },
    {
        "animeEng": "Please Teacher!",
        "animeRomaji": "Onegai Teacher",
        "songName": "STORM",
        "artist": "JAM Project featuring Ichiro Mizuki & Hironobu Kageyama",
        "type": "Insert Song",
        "correctCount": 14,
        "startTime": 0,
        "songDuration": 30.048,
        "songNumber": 36,
        "activePlayerCount": 196,
        "LinkVideo": "https://files.catbox.moe/ynaa0q.webm",
        "LinkMp3": "https://files.catbox.moe/sl5y62.mp3"
    },
    {
        "animeEng": "DRIFTING DRAGONS",
        "animeRomaji": "K\u016btei Dragons",
        "songName": "Zettai Reido",
        "artist": "Akai K\u014d-en",
        "type": "Ending 1",
        "correctCount": 4,
        "startTime": 20,
        "songDuration": 89.064,
        "songNumber": 37,
        "activePlayerCount": 196,
        "LinkVideo": "https://files.catbox.moe/yzslh0.webm",
        "LinkMp3": "https://files.catbox.moe/lq52uf.mp3",
        "correctPlayers": [
            "Rukawa11",
            "TheScorpion_",
            "Mokomokosan",
            "AquaHaze"
        ]
    },
    {
        "animeEng": "As Miss Beelzebub likes.",
        "animeRomaji": "Beelzebub-j\u014d no Okinimesu Mama.",
        "songName": "Pink Lemonade",
        "artist": "Sangatsu no Phantasia",
        "type": "Opening 1",
        "correctCount": 48,
        "startTime": 4,
        "songDuration": 87.874408,
        "songNumber": 38,
        "activePlayerCount": 196,
        "LinkVideo": "https://files.catbox.moe/yhoqb9.webm",
        "LinkMp3": "https://files.catbox.moe/qjks0e.mp3"
    },
    {
        "animeEng": "Spice and Wolf II",
        "animeRomaji": "\u014ckami to K\u014dshinry\u014d II",
        "songName": "Mitsu no Yoake",
        "artist": "Akino Arai",
        "type": "Opening 1",
        "correctCount": 94,
        "startTime": 48,
        "songDuration": 89.256,
        "songNumber": 39,
        "activePlayerCount": 195,
        "LinkVideo": "https://files.catbox.moe/sa1kdt.webm",
        "LinkMp3": "https://files.catbox.moe/ejsdir.mp3"
    },
    {
        "animeEng": "Song of Baseball Enthusiasts",
        "animeRomaji": "Yaky\u016bky\u014d no Uta",
        "songName": "Yakukyou no Uta",
        "artist": "Mitsuko Horie & Columbia Dansei Gasshoudan",
        "type": "Opening 1",
        "correctCount": 0,
        "startTime": 34,
        "songDuration": 70.764498,
        "songNumber": 40,
        "activePlayerCount": 195,
        "LinkVideo": "https://files.catbox.moe/1riebd.webm",
        "LinkMp3": "https://files.catbox.moe/yyzi55.mp3"
    },
    {
        "animeEng": "Duel Masters Victory",
        "animeRomaji": "Duel Masters Victory",
        "songName": "My Victory",
        "artist": "Duel Hero Yuu & Atsuto",
        "type": "Opening 1",
        "correctCount": 16,
        "startTime": 8,
        "songDuration": 89.088,
        "songNumber": 41,
        "activePlayerCount": 195,
        "LinkVideo": "https://files.catbox.moe/ym94fk.webm",
        "LinkMp3": "https://files.catbox.moe/e65vr4.mp3"
    },
    {
        "animeEng": "Cuticle Detective Inaba",
        "animeRomaji": "Cuticle Tantei Inaba",
        "songName": "Haruka, Nichijou no Naka de",
        "artist": "Junichi Suwabe",
        "type": "Opening 1",
        "correctCount": 20,
        "startTime": 31,
        "songDuration": 90.072,
        "songNumber": 42,
        "activePlayerCount": 195,
        "LinkVideo": "https://files.catbox.moe/tytwwy.webm",
        "LinkMp3": "https://files.catbox.moe/vc2qp0.mp3"
    },
    {
        "animeEng": "Dragon Ball Z: Battle of Gods",
        "animeRomaji": "Dragon Ball Z: Kami to Kami",
        "songName": "CHA-LA HEAD-CHA-LA",
        "artist": "FLOW",
        "type": "Ending 1",
        "correctCount": 140,
        "startTime": 163,
        "songDuration": 196.071732,
        "songNumber": 43,
        "activePlayerCount": 195,
        "LinkVideo": "https://files.catbox.moe/ak3326.webm",
        "LinkMp3": "https://files.catbox.moe/w4eh31.mp3"
    },
    {
        "animeEng": "Captain Tsubasa",
        "animeRomaji": "Captain Tsubasa",
        "songName": "Moete Hero",
        "artist": "Hiroyuki Okita",
        "type": "Opening 1",
        "correctCount": 117,
        "startTime": 20,
        "songDuration": 84.6,
        "songNumber": 44,
        "activePlayerCount": 195,
        "LinkVideo": "https://files.catbox.moe/euxz8n.webm",
        "LinkMp3": "https://files.catbox.moe/g15rbu.mp3"
    },
    {
        "animeEng": "Famous Dog Lassie",
        "animeRomaji": "Meiken Lassie",
        "songName": "Owaranai Monogatari",
        "artist": "Jun Morioka",
        "type": "Opening 1",
        "correctCount": 5,
        "startTime": 11,
        "songDuration": 74.108114,
        "songNumber": 45,
        "activePlayerCount": 194,
        "LinkVideo": "https://files.catbox.moe/8kgifp.webm",
        "LinkMp3": "https://files.catbox.moe/57pfhl.mp3",
        "correctPlayers": [
            "Rukawa11",
            "Celia_Chan",
            "yeims",
            "Zynei",
            "SuperstarPearl"
        ]
    },
    {
        "animeEng": "Working Buddies!",
        "animeRomaji": "Hataraku Oniisan!",
        "songName": "Hataraku Onii-san",
        "artist": "DearDream",
        "type": "Opening 1",
        "correctCount": 151,
        "startTime": 0,
        "songDuration": 14.136,
        "songNumber": 46,
        "activePlayerCount": 195,
        "LinkVideo": "https://files.catbox.moe/ul6oce.webm",
        "LinkMp3": "https://files.catbox.moe/xghk5u.mp3"
    },
    {
        "animeEng": "Sh\u014dnen Tokugawa Ieyasu",
        "animeRomaji": "Sh\u014dnen Tokugawa Ieyasu",
        "songName": "Itsuka Haru ga. . .",
        "artist": "New Studio Singers",
        "type": "Ending 1",
        "correctCount": 6,
        "startTime": 2,
        "songDuration": 57.288,
        "songNumber": 47,
        "activePlayerCount": 194,
        "LinkVideo": "https://files.catbox.moe/h9ipfy.webm",
        "LinkMp3": "https://files.catbox.moe/axpv56.mp3"
    },
    {
        "animeEng": "Tokimeki Memorial: Forever With You",
        "animeRomaji": "Tokimeki Memorial: Forever With You",
        "songName": "Ame",
        "artist": "Shiho Kikuchi",
        "type": "Insert Song",
        "correctCount": 0,
        "startTime": 75,
        "songDuration": 191.328,
        "songNumber": 48,
        "activePlayerCount": 194,
        "LinkVideo": "https://files.catbox.moe/6krckg.webm",
        "LinkMp3": "https://files.catbox.moe/f67ehj.mp3"
    },
    {
        "animeEng": "Urusei Yatsura",
        "animeRomaji": "Urusei Yatsura",
        "songName": "Tonogata Gomen Asobase",
        "artist": "Shoko Minami",
        "type": "Opening 6",
        "correctCount": 34,
        "startTime": 39,
        "songDuration": 88.92,
        "songNumber": 49,
        "activePlayerCount": 194,
        "LinkVideo": "https://animethemes.moe/video/UruseiYatsura-OP6.webm",
        "LinkMp3": "https://files.catbox.moe/klh7jw.mp3"
    },
    {
        "animeEng": "Speed Racer",
        "animeRomaji": "Mach Go Go Go",
        "songName": "Mach Go Go Go",
        "artist": "Vocal Shop",
        "type": "Opening 1",
        "correctCount": 103,
        "startTime": 22,
        "songDuration": 121.944,
        "songNumber": 50,
        "activePlayerCount": 194,
        "LinkVideo": "https://files.catbox.moe/gi3338.webm",
        "LinkMp3": "https://files.catbox.moe/x5o15o.mp3"
    },
    {
        "animeEng": "Tsubasa Tokyo Revelations",
        "animeRomaji": "Tsubasa Tokyo Revelations",
        "songName": "Saigo no Kajitsu",
        "artist": "Maaya Sakamoto",
        "type": "Ending 1",
        "correctCount": 9,
        "startTime": 68,
        "songDuration": 137.76,
        "songNumber": 51,
        "activePlayerCount": 194,
        "LinkVideo": "https://files.catbox.moe/w4px1e.webm",
        "LinkMp3": "https://files.catbox.moe/mgo5pa.mp3"
    },
    {
        "animeEng": "JoJo's Bizarre Adventure",
        "animeRomaji": "JoJo no Kimy\u014d na B\u014dken",
        "songName": "JoJo ~Sono Chi no Sadame~",
        "artist": "Hiroaki TOMMY Tominaga",
        "type": "Opening 1",
        "correctCount": 155,
        "startTime": 15,
        "songDuration": 87.96,
        "songNumber": 52,
        "activePlayerCount": 194,
        "LinkVideo": "https://files.catbox.moe/g9fq1a.webm",
        "LinkMp3": "https://files.catbox.moe/2fvazd.mp3"
    },
    {
        "animeEng": "Koiken! Watashi-tachi Anime ni Natchatta!",
        "animeRomaji": "Koiken! Watashi-tachi Anime ni Natchatta!",
        "songName": "Gradation heart ~Koi no Kenkyuu Okotarazu~",
        "artist": "Love\u2665Stay",
        "type": "Ending 1",
        "correctCount": 2,
        "startTime": 25,
        "songDuration": 89.88,
        "songNumber": 53,
        "activePlayerCount": 194,
        "LinkVideo": "https://files.catbox.moe/336vo6.webm",
        "LinkMp3": "https://files.catbox.moe/2wgkqo.mp3",
        "correctPlayers": [
            "Cosmoing",
            "Wolferine"
        ]
    },
    {
        "animeEng": "The Future Diary",
        "animeRomaji": "Mirai Nikki",
        "songName": "The Creator",
        "artist": "Yousei Teikoku",
        "type": "Ending 1",
        "correctCount": 111,
        "startTime": 43,
        "songDuration": 87.24748,
        "songNumber": 54,
        "activePlayerCount": 194,
        "LinkVideo": "https://files.catbox.moe/18a065.webm",
        "LinkMp3": "https://files.catbox.moe/nd4m2m.mp3"
    },
    {
        "animeEng": "The File of Young Kindaichi",
        "animeRomaji": "Kindaichi Shounen no Jikenbo",
        "songName": "Boo Bee Magic",
        "artist": "Sarina Suzuki",
        "type": "Ending 2",
        "correctCount": 2,
        "startTime": 56,
        "songDuration": 96.048,
        "songNumber": 55,
        "activePlayerCount": 194,
        "LinkVideo": "https://files.catbox.moe/uo17b1.webm",
        "LinkMp3": "https://files.catbox.moe/te8wt0.mp3",
        "correctPlayers": [
            "anonimus_opinion",
            "ozsauce"
        ]
    },
    {
        "animeEng": "Cutey Honey Flash",
        "animeRomaji": "Cutey Honey Flash",
        "songName": "Cutey Honey",
        "artist": "Salia",
        "type": "Opening 1",
        "correctCount": 56,
        "startTime": 50,
        "songDuration": 90.288,
        "songNumber": 56,
        "activePlayerCount": 194,
        "LinkVideo": "https://files.catbox.moe/m8m7tn.webm",
        "LinkMp3": "https://files.catbox.moe/3n3lu1.mp3"
    },
    {
        "animeEng": "Terraformars",
        "animeRomaji": "Terraformars",
        "songName": "AMAZING BREAK",
        "artist": "TERRASPEX",
        "type": "Opening 1",
        "correctCount": 83,
        "startTime": 50,
        "songDuration": 89.520094,
        "songNumber": 57,
        "activePlayerCount": 194,
        "LinkVideo": "https://files.catbox.moe/xbh0lz.webm",
        "LinkMp3": "https://files.catbox.moe/x8cs9n.mp3"
    },
    {
        "animeEng": "Natsume's Book of Friends Season 1",
        "animeRomaji": "Natsume Y\u016bjinch\u014d",
        "songName": "Issei no Sei",
        "artist": "Sh\u016bhei Kita",
        "type": "Opening 1",
        "correctCount": 64,
        "startTime": 41,
        "songDuration": 87.456,
        "songNumber": 58,
        "activePlayerCount": 194,
        "LinkVideo": "https://files.catbox.moe/s43jie.webm",
        "LinkMp3": "https://files.catbox.moe/urphyn.mp3"
    },
    {
        "animeEng": "Dominion Tank Police",
        "animeRomaji": "Dominion Tank Police",
        "songName": "TANKY BOYS' TANKY GIRLS",
        "artist": "Riko Ejima",
        "type": "Insert Song",
        "correctCount": 3,
        "startTime": 29,
        "songDuration": 119.64,
        "songNumber": 59,
        "activePlayerCount": 194,
        "LinkVideo": "https://files.catbox.moe/1fa0qb.webm",
        "LinkMp3": "https://files.catbox.moe/484ads.mp3",
        "correctPlayers": [
            "yeims",
            "80s",
            "Goatonaspork"
        ]
    },
    {
        "animeEng": "Minami-ke: Thirds",
        "animeRomaji": "Minami-ke: Okaeri",
        "songName": "Zettai Colorful Sengen",
        "artist": "Rina Satou, Marina Inoue and Minori Chihara",
        "type": "Ending 1",
        "correctCount": 10,
        "startTime": 26,
        "songDuration": 88.944,
        "songNumber": 60,
        "activePlayerCount": 194,
        "LinkVideo": "https://files.catbox.moe/7ekw8u.webm",
        "LinkMp3": "https://files.catbox.moe/70cf5o.mp3"
    },
    {
        "animeEng": "Space\u2606Dandy",
        "animeRomaji": "Space\u2606Dandy",
        "songName": "Space \u2606 Dandy",
        "artist": "ZEN-LA ROCK feat. Yomeiri Land",
        "type": "Ending 4",
        "correctCount": 90,
        "startTime": 56,
        "songDuration": 101.568,
        "songNumber": 61,
        "activePlayerCount": 193,
        "LinkVideo": "https://files.catbox.moe/mssmyp.webm",
        "LinkMp3": "https://files.catbox.moe/2kah3d.mp3"
    },
    {
        "animeEng": "Guardian Hearts",
        "animeRomaji": "Guardian Hearts",
        "songName": "Nagareboshi no Hi",
        "artist": "Sleepin' JohnnyFish",
        "type": "Opening 1",
        "correctCount": 8,
        "startTime": 0,
        "songDuration": 87.24,
        "songNumber": 62,
        "activePlayerCount": 193,
        "LinkVideo": "https://files.catbox.moe/dmm7x7.webm",
        "LinkMp3": "https://files.catbox.moe/ynu4xy.mp3"
    },
    {
        "animeEng": "Shina Dark: King of Dark Moon and Blue Moon's Princess",
        "animeRomaji": "Shina Dark - Kuroki Tsuki no \u014c to S\u014dheki no Tsuki no Himegimi",
        "songName": "Whereabouts",
        "artist": "Chata",
        "type": "Insert Song",
        "correctCount": 3,
        "startTime": 20,
        "songDuration": 108.792,
        "songNumber": 63,
        "activePlayerCount": 193,
        "LinkVideo": "https://files.catbox.moe/69x35q.webm",
        "LinkMp3": "https://files.catbox.moe/d08t27.mp3",
        "correctPlayers": [
            "raisinmuffins",
            "watashiii",
            "SuperstarPearl"
        ]
    },
    {
        "animeEng": "Terror in Resonance",
        "animeRomaji": "Zanky\u014d no Terror",
        "songName": "Trigger",
        "artist": "Yuki Ozaki(from Galileo Galilei)",
        "type": "Opening 1",
        "correctCount": 150,
        "startTime": 6,
        "songDuration": 89.784,
        "songNumber": 64,
        "activePlayerCount": 192,
        "LinkVideo": "https://files.catbox.moe/heu2fw.webm",
        "LinkMp3": "https://files.catbox.moe/zhzj39.mp3"
    },
    {
        "animeEng": "Saga of Tanya the Evil Movie",
        "animeRomaji": "Y\u014djo Senki Movie",
        "songName": "Los! Los! Los!",
        "artist": "Aoi Y\u016bki",
        "type": "Ending 1",
        "correctCount": 151,
        "startTime": 50,
        "songDuration": 88.44,
        "songNumber": 65,
        "activePlayerCount": 192,
        "LinkVideo": "https://files.catbox.moe/l2tasp.webm",
        "LinkMp3": "https://files.catbox.moe/09qyq2.mp3"
    },
    {
        "animeEng": "Initial D",
        "animeRomaji": "Initial D",
        "songName": "DANCE AROUND THE WORLD",
        "artist": "DELTA QUEENS",
        "type": "Insert Song",
        "correctCount": 130,
        "startTime": 40,
        "songDuration": 214.848,
        "songNumber": 66,
        "activePlayerCount": 192,
        "LinkVideo": "https://files.catbox.moe/tnauns.webm",
        "LinkMp3": "https://files.catbox.moe/0bzrkg.mp3"
    },
    {
        "animeEng": "The World God Only Knows: Four Girls and an Idol",
        "animeRomaji": "The World God Only Knows: Four Girls and an Idol",
        "songName": "Natsu-iro Surprise",
        "artist": "Nao T\u014dyama",
        "type": "Opening 1",
        "correctCount": 39,
        "startTime": 35,
        "songDuration": 90.072,
        "songNumber": 67,
        "activePlayerCount": 192,
        "LinkVideo": "https://files.catbox.moe/vgrzmg.webm",
        "LinkMp3": "https://files.catbox.moe/b2a9zt.mp3"
    },
    {
        "animeEng": "Magical Fairy Persia",
        "animeRomaji": "Mahou no Yousei Persia",
        "songName": "Oshare Mesaru Na",
        "artist": "MIMA",
        "type": "Opening 2",
        "correctCount": 3,
        "startTime": 27,
        "songDuration": 86.568,
        "songNumber": 68,
        "activePlayerCount": 192,
        "LinkVideo": "https://files.catbox.moe/fh2ge5.webm",
        "LinkMp3": "https://files.catbox.moe/xunptw.mp3",
        "correctPlayers": [
            "yeims",
            "watashiii",
            "ozsauce"
        ]
    },
    {
        "animeEng": "Naruto",
        "animeRomaji": "Naruto",
        "songName": "ALIVE",
        "artist": "Raiko",
        "type": "Ending 4",
        "correctCount": 111,
        "startTime": 7,
        "songDuration": 99.048,
        "songNumber": 69,
        "activePlayerCount": 192,
        "LinkVideo": "https://files.catbox.moe/5sjkkh.webm",
        "LinkMp3": "https://files.catbox.moe/xjo27w.mp3"
    },
    {
        "animeEng": "Dragon Ball Z: Super Android 13!",
        "animeRomaji": "Dragon Ball Z: Kyokugen Battle! Sandai Super Saiyajin",
        "songName": "CHA-LA HEAD-CHA-LA",
        "artist": "Hironobu Kageyama",
        "type": "Opening 1",
        "correctCount": 178,
        "startTime": 2,
        "songDuration": 106.968,
        "songNumber": 70,
        "activePlayerCount": 192,
        "LinkVideo": "https://files.catbox.moe/wxq2by.webm",
        "LinkMp3": "https://files.catbox.moe/7mv5um.mp3"
    },
    {
        "animeEng": "Meine Liebe Wieder",
        "animeRomaji": "Ginyuu Mokushiroku Meine Liebe wieder",
        "songName": "Ikuoku no Chandelier",
        "artist": "Alice Nine",
        "type": "Ending 1",
        "correctCount": 3,
        "startTime": 47,
        "songDuration": 93.51676,
        "songNumber": 71,
        "activePlayerCount": 192,
        "LinkVideo": "https://files.catbox.moe/hjx9tr.webm",
        "LinkMp3": "https://files.catbox.moe/odxj88.mp3",
        "correctPlayers": [
            "rimo",
            "fake_watashii",
            "onewhopurifies"
        ]
    },
    {
        "animeEng": "Scum's Wish",
        "animeRomaji": "Kuzu no Honkai",
        "songName": "Heik\u014dsen",
        "artist": "Sayuri",
        "type": "Ending 1",
        "correctCount": 52,
        "startTime": 2,
        "songDuration": null,
        "songNumber": 72,
        "activePlayerCount": 192,
        "LinkVideo": "https://files.catbox.moe/769hyi.webm",
        "LinkMp3": "https://files.catbox.moe/y1c85k.mp3"
    },
    {
        "animeEng": "A Silent Voice",
        "animeRomaji": "Koe no Katachi",
        "songName": "MY GENERATION",
        "artist": "THE WHO",
        "type": "Opening 1",
        "correctCount": 169,
        "startTime": 14,
        "songDuration": 103.776,
        "songNumber": 73,
        "activePlayerCount": 192,
        "LinkVideo": "https://files.catbox.moe/9isn1r.webm",
        "LinkMp3": "https://files.catbox.moe/jgqnls.mp3"
    },
    {
        "animeEng": "Go! Princess Pretty Cure the Movie Go! Go!! Gorgeous Triple Feature!!!",
        "animeRomaji": "Eiga Go! Princess Precure Go! Go!! G\u014dka 3-bon Date!!!",
        "songName": "Happy Happening\u266a",
        "artist": "Hinata Uegaki",
        "type": "Insert Song",
        "correctCount": 5,
        "startTime": 45,
        "songDuration": 125.064,
        "songNumber": 74,
        "activePlayerCount": 192,
        "LinkVideo": "https://files.catbox.moe/l1kwcc.webm",
        "LinkMp3": "https://files.catbox.moe/9ov3gx.mp3",
        "correctPlayers": [
            "Cirquit",
            "fake_watashii",
            "onewhopurifies",
            "ever29",
            "MaroThunder"
        ]
    },
    {
        "animeEng": "Pok\u00e9mon: Mewtwo Returns",
        "animeRomaji": "Pocket Monsters: Mewtwo! Ware wa Koko ni Ari",
        "songName": "OK!",
        "artist": "Rica Matsumoto",
        "type": "Opening 1",
        "correctCount": 79,
        "startTime": 54,
        "songDuration": 87.648,
        "songNumber": 75,
        "activePlayerCount": 191,
        "LinkVideo": "https://files.catbox.moe/b0rnw2.webm",
        "LinkMp3": "https://files.catbox.moe/57ed40.mp3"
    }
]