[
    {
        "animeEng": "Flip Flappers",
        "animeRomaji": "Flip Flappers",
        "songName": "FLIP FLAP FLIP FLAP",
        "artist": "TO-MAS feat. Chima",
        "type": "Ending 1",
        "correctCount": 161,
        "startTime": 52,
        "songDuration": 89.712,
        "songNumber": 1,
        "activePlayerCount": 194,
        "LinkVideo": "https://files.catbox.moe/rupzst.webm",
        "LinkMp3": "https://files.catbox.moe/83i0cx.mp3"
    },
    {
        "animeEng": "Future Robo Daltanias",
        "animeRomaji": "Mirai Robo Daltanias",
        "songName": "Daltanias no Uta",
        "artist": "Mitsuko Horie, Koorogi '73, Columbia Yurikago Kai",
        "type": "Opening 1",
        "correctCount": 6,
        "startTime": 32,
        "songDuration": 68.136,
        "songNumber": 2,
        "activePlayerCount": 194,
        "LinkVideo": "https://files.catbox.moe/kg5woa.webm",
        "LinkMp3": "https://files.catbox.moe/vhlloa.mp3"
    },
    {
        "animeEng": "Seitokai Yakuindomo*",
        "animeRomaji": "Seitokai Yakuindomo*",
        "songName": "Hana Saku\u2606Saikyou Legend Days",
        "artist": "Triple Booking",
        "type": "Opening 1",
        "correctCount": 62,
        "startTime": 43,
        "songDuration": 87.408,
        "songNumber": 3,
        "activePlayerCount": 194,
        "LinkVideo": "https://files.catbox.moe/gohdbw.webm",
        "LinkMp3": "https://files.catbox.moe/as2033.mp3"
    },
    {
        "animeEng": "Go! Princess Pretty Cure the Movie Go! Go!! Gorgeous Triple Feature!!!",
        "animeRomaji": "Eiga Go! Princess Precure Go! Go!! G\u014dka 3-bon Date!!!",
        "songName": "Miracle Go! Princess Precure",
        "artist": "Karin Isobe",
        "type": "Opening 1",
        "correctCount": 40,
        "startTime": 48,
        "songDuration": 101.568,
        "songNumber": 4,
        "activePlayerCount": 194,
        "LinkVideo": "https://files.catbox.moe/4ilxys.webm",
        "LinkMp3": "https://files.catbox.moe/m0nhwy.mp3"
    },
    {
        "animeEng": "Mahoromatic: Summer Special",
        "animeRomaji": "Mahoromatic: Summer Special",
        "songName": "Hiryu Musume Ha! Date Ondo",
        "artist": "Triomatic and Minawa",
        "type": "Ending 1",
        "correctCount": 1,
        "startTime": 7,
        "songDuration": 88.704,
        "songNumber": 5,
        "activePlayerCount": 194,
        "LinkVideo": "https://files.catbox.moe/fvam17.webm",
        "LinkMp3": "https://files.catbox.moe/c0kqcn.mp3",
        "correctPlayers": [
            "PhantomTsuki"
        ]
    },
    {
        "animeEng": "Durarara!! \u00d72 The Third Arc: Dufufufu!!",
        "animeRomaji": "Durarara!!\u00d72 Ketsu Gaiden!?: Dufufufu!!",
        "songName": "C'LR'OWN",
        "artist": "Toshiyuki Toyonaga",
        "type": "Ending 1",
        "correctCount": 22,
        "startTime": 36,
        "songDuration": 94.368,
        "songNumber": 6,
        "activePlayerCount": 193,
        "LinkVideo": "https://files.catbox.moe/gu1cwa.webm",
        "LinkMp3": "https://files.catbox.moe/7cqmyt.mp3"
    },
    {
        "animeEng": "BanG Dream! FILM LIVE",
        "animeRomaji": "BanG Dream! FILM LIVE",
        "songName": "Kizuna Music \u266a",
        "artist": "Poppin'Party",
        "type": "Insert Song",
        "correctCount": 66,
        "startTime": 8,
        "songDuration": 310.904044,
        "songNumber": 7,
        "activePlayerCount": 193,
        "LinkVideo": "https://files.catbox.moe/gjpvsu.webm",
        "LinkMp3": "https://files.catbox.moe/5ixb8m.mp3"
    },
    {
        "animeEng": "Nisekoi:",
        "animeRomaji": "Nisekoi:",
        "songName": "Rally Go Round",
        "artist": "LiSA",
        "type": "Opening 1",
        "correctCount": 130,
        "startTime": 30,
        "songDuration": 90.312,
        "songNumber": 8,
        "activePlayerCount": 193,
        "LinkVideo": "https://files.catbox.moe/sdtquh.webm",
        "LinkMp3": "https://files.catbox.moe/uqlhto.mp3"
    },
    {
        "animeEng": "Marvel Disk Wars: The Avengers",
        "animeRomaji": "Marvel Disk Wars: The Avengers",
        "songName": "Thread of fate",
        "artist": "T.M.Revolution",
        "type": "Ending 1",
        "correctCount": 7,
        "startTime": 3,
        "songDuration": 58.983476,
        "songNumber": 9,
        "activePlayerCount": 193,
        "LinkVideo": "https://files.catbox.moe/f2v9nn.webm",
        "LinkMp3": "https://files.catbox.moe/261ihn.mp3"
    },
    {
        "animeEng": "The Royal Tutor",
        "animeRomaji": "\u014cshitsu Ky\u014dshi Heine",
        "songName": "Parallel na Kankei",
        "artist": "Sh\u014dgo Sakamoto",
        "type": "Opening 1",
        "correctCount": 28,
        "startTime": 49,
        "songDuration": 87.696,
        "songNumber": 10,
        "activePlayerCount": 191,
        "LinkVideo": "https://files.catbox.moe/hi11mp.webm",
        "LinkMp3": "https://files.catbox.moe/5a160n.mp3"
    },
    {
        "animeEng": "Girls & Panzer",
        "animeRomaji": "Girls und Panzer",
        "songName": "Yuki no Shingun",
        "artist": "Satomi Moriya & Ikumi Nakagami",
        "type": "Insert Song",
        "correctCount": 91,
        "startTime": 0,
        "songDuration": 19.824,
        "songNumber": 11,
        "activePlayerCount": 191,
        "LinkVideo": "https://files.catbox.moe/cusod6.webm",
        "LinkMp3": "https://files.catbox.moe/9jmcyj.mp3"
    },
    {
        "animeEng": "Vampire Holmes",
        "animeRomaji": "Vampire Holmes",
        "songName": "Everlasting Love",
        "artist": "Nami Tamaki",
        "type": "Opening 1",
        "correctCount": 50,
        "startTime": 0,
        "songDuration": 31.006814,
        "songNumber": 12,
        "activePlayerCount": 191,
        "LinkVideo": "https://files.catbox.moe/gr4tq3.webm",
        "LinkMp3": "https://files.catbox.moe/q2cvwj.mp3"
    },
    {
        "animeEng": "They are my noble Masters",
        "animeRomaji": "Kimi ga Aruji de Shitsuji ga Ore de",
        "songName": "Butler Switch On!",
        "artist": "Yuko Goto",
        "type": "Ending 1",
        "correctCount": 7,
        "startTime": 0,
        "songDuration": 82.8,
        "songNumber": 13,
        "activePlayerCount": 191,
        "LinkVideo": "https://files.catbox.moe/09y922.webm",
        "LinkMp3": "https://files.catbox.moe/7xi90n.mp3"
    },
    {
        "animeEng": "Angolmois - Record of Mongol Invasion",
        "animeRomaji": "Angolmois: Genk\u014d Kassen-ki",
        "songName": "Braver",
        "artist": "Straightener",
        "type": "Opening 1",
        "correctCount": 55,
        "startTime": 49,
        "songDuration": 87.072,
        "songNumber": 14,
        "activePlayerCount": 191,
        "LinkVideo": "https://files.catbox.moe/4ovs9b.webm",
        "LinkMp3": "https://files.catbox.moe/5gz60q.mp3"
    },
    {
        "animeEng": "Digimon Adventure tri. Chapter 6: Our Future",
        "animeRomaji": "Digimon Adventure tri. Bokura no Mirai",
        "songName": "brave heart~tri.Version~",
        "artist": "Ayumi Miyazaki",
        "type": "Insert Song",
        "correctCount": 89,
        "startTime": 95,
        "songDuration": 190.056,
        "songNumber": 15,
        "activePlayerCount": 191,
        "LinkVideo": "https://files.catbox.moe/7sg7s9.webm",
        "LinkMp3": "https://files.catbox.moe/9ztlz7.mp3"
    },
    {
        "animeEng": "Nyanbo!",
        "animeRomaji": "Nyanbo!",
        "songName": "Uch\u016b kara Yattekita Nyanbo",
        "artist": "\u014chashiTrio",
        "type": "Opening 1",
        "correctCount": 154,
        "startTime": 0,
        "songDuration": 23.37919,
        "songNumber": 16,
        "activePlayerCount": 190,
        "LinkVideo": "https://files.catbox.moe/rbl30y.webm",
        "LinkMp3": "https://files.catbox.moe/4p7bdu.mp3"
    },
    {
        "animeEng": "Cardfight!! Vanguard: Shinemon-hen",
        "animeRomaji": "Cardfight!! Vanguard: Shinemon-hen",
        "songName": "Lead the way",
        "artist": "Aina Aiba",
        "type": "Opening 1",
        "correctCount": 17,
        "startTime": 16,
        "songDuration": 87.936,
        "songNumber": 17,
        "activePlayerCount": 190,
        "LinkVideo": "https://files.catbox.moe/mc1zft.webm",
        "LinkMp3": "https://files.catbox.moe/0jebcf.mp3"
    },
    {
        "animeEng": "My Little Sister Can't Be This Cute!",
        "animeRomaji": "Oreimo",
        "songName": "irony",
        "artist": "ClariS",
        "type": "Opening 1",
        "correctCount": 146,
        "startTime": 53,
        "songDuration": 88.992,
        "songNumber": 18,
        "activePlayerCount": 190,
        "LinkVideo": "https://files.catbox.moe/fw9jxq.webm",
        "LinkMp3": "https://files.catbox.moe/7u2kmb.mp3"
    },
    {
        "animeEng": "Memories Off",
        "animeRomaji": "Memories Off",
        "songName": "Y\u016bki no Tsubasa",
        "artist": "Maria Yamamoto",
        "type": "Opening 1",
        "correctCount": 4,
        "startTime": 24,
        "songDuration": 98.08811,
        "songNumber": 19,
        "activePlayerCount": 190,
        "LinkVideo": "https://files.catbox.moe/d7amxg.webm",
        "LinkMp3": "https://files.catbox.moe/t99ya7.mp3",
        "correctPlayers": [
            "raisinmuffins",
            "oh95",
            "SuperstarPearl",
            "watashiii"
        ]
    },
    {
        "animeEng": "Xenosaga: The Animation",
        "animeRomaji": "Xenosaga: The Animation",
        "songName": "Xenosaga Main Title",
        "artist": "Kosuke Yamashita",
        "type": "Opening 1",
        "correctCount": 8,
        "startTime": 40,
        "songDuration": 88.872,
        "songNumber": 20,
        "activePlayerCount": 190,
        "LinkVideo": "https://files.catbox.moe/5vomsx.webm",
        "LinkMp3": "https://files.catbox.moe/u864tk.mp3"
    },
    {
        "animeEng": "One Week Friends",
        "animeRomaji": "Issh\u016bkan Friends.",
        "songName": "Niji no Kakera",
        "artist": "Natsumi Kon",
        "type": "Opening 1",
        "correctCount": 86,
        "startTime": 43,
        "songDuration": 88.992,
        "songNumber": 21,
        "activePlayerCount": 190,
        "LinkVideo": "https://openings.moe/video/IsshuukanFriends-OP01-NCBD.webm",
        "LinkMp3": "https://files.catbox.moe/vkoa2l.mp3"
    },
    {
        "animeEng": "Norimono Man Mobile Land no Car-kun",
        "animeRomaji": "Norimono Man Mobile Land no Car-kun",
        "songName": "Kattobi Mobile Land",
        "artist": "Ayahi Takagaki",
        "type": "Opening 1",
        "correctCount": 11,
        "startTime": 0,
        "songDuration": 30.063,
        "songNumber": 22,
        "activePlayerCount": 189,
        "LinkVideo": "https://files.catbox.moe/5ojy4i.webm"
    },
    {
        "animeEng": ".hack//Intermezzo",
        "animeRomaji": ".hack//Intermezzo",
        "songName": "Yasashii Yoake",
        "artist": "See-Saw",
        "type": "Ending 1",
        "correctCount": 87,
        "startTime": 11,
        "songDuration": 88.56,
        "songNumber": 23,
        "activePlayerCount": 189,
        "LinkVideo": "https://files.catbox.moe/rgfgad.webm",
        "LinkMp3": "https://files.catbox.moe/hy6npj.mp3"
    },
    {
        "animeEng": "Teeky\u016b",
        "animeRomaji": "Teeky\u016b",
        "songName": "Tottemi Safari",
        "artist": "Earth Star Dream",
        "type": "Opening 1",
        "correctCount": 144,
        "startTime": 0,
        "songDuration": 29.664,
        "songNumber": 24,
        "activePlayerCount": 188,
        "LinkVideo": "https://files.catbox.moe/zi4nv1.webm",
        "LinkMp3": "https://files.catbox.moe/goujze.mp3"
    },
    {
        "animeEng": "Attack on Titan",
        "animeRomaji": "Shingeki no Kyojin",
        "songName": "Jiyuu no Tsubasa",
        "artist": "Linked Horizon",
        "type": "Opening 2",
        "correctCount": 167,
        "startTime": 26,
        "songDuration": 87.048,
        "songNumber": 25,
        "activePlayerCount": 188,
        "LinkVideo": "https://files.catbox.moe/opu67g.webm",
        "LinkMp3": "https://files.catbox.moe/kutmu6.mp3"
    },
    {
        "animeEng": "Brothers Conflict",
        "animeRomaji": "BroCon",
        "songName": "Na mo Naki Hoshi ~Silent Stars~",
        "artist": "Gero",
        "type": "Insert Song",
        "correctCount": 15,
        "startTime": 13,
        "songDuration": 50.064,
        "songNumber": 26,
        "activePlayerCount": 188,
        "LinkVideo": "https://files.catbox.moe/gjag23.webm",
        "LinkMp3": "https://files.catbox.moe/ccl532.mp3"
    },
    {
        "animeEng": "The Labyrinth of Grisaia",
        "animeRomaji": "Grisaia no Meiky\u016b",
        "songName": "Grim",
        "artist": "Faylan",
        "type": "Ending 1",
        "correctCount": 34,
        "startTime": 51,
        "songDuration": 88.368,
        "songNumber": 27,
        "activePlayerCount": 188,
        "LinkVideo": "https://files.catbox.moe/l3nh68.webm",
        "LinkMp3": "https://files.catbox.moe/e9xsgh.mp3"
    },
    {
        "animeEng": "Animal Lane",
        "animeRomaji": "Animal Yokocho",
        "songName": "Love chu You!!",
        "artist": "Ribbon Girl",
        "type": "Opening 2",
        "correctCount": 3,
        "startTime": 52,
        "songDuration": 91.056,
        "songNumber": 28,
        "activePlayerCount": 188,
        "LinkVideo": "https://files.catbox.moe/fp5knl.webm",
        "LinkMp3": "https://files.catbox.moe/gemtda.mp3",
        "correctPlayers": [
            "cidneon",
            "neoburnz",
            "Zynei"
        ]
    },
    {
        "animeEng": "Attack on Titan: Ilse's Notebook",
        "animeRomaji": "Shingeki no Kyojin: Ilse no Tech\u014d - Aru Ch\u014dsa Heidan-in no Shuki",
        "songName": "Utsukushiki Zankoku na Sekai",
        "artist": "Y\u014dko Hikasa",
        "type": "Ending 1",
        "correctCount": 131,
        "startTime": 41,
        "songDuration": 88.872,
        "songNumber": 29,
        "activePlayerCount": 187,
        "LinkVideo": "https://files.catbox.moe/qhrrz3.webm",
        "LinkMp3": "https://files.catbox.moe/iqdeee.mp3"
    },
    {
        "animeEng": "Senki Zessh\u014d Symphogear G",
        "animeRomaji": "Senki Zessh\u014d Symphogear G",
        "songName": "Apple",
        "artist": "Y\u014dko Hikasa & Yui Horie",
        "type": "Opening 1",
        "correctCount": 64,
        "startTime": 18,
        "songDuration": 82.704,
        "songNumber": 30,
        "activePlayerCount": 188,
        "LinkVideo": "https://files.catbox.moe/y1a861.webm",
        "LinkMp3": "https://files.catbox.moe/nl72st.mp3"
    },
    {
        "animeEng": "Homeless Child Remi",
        "animeRomaji": "Ie Naki Ko Remi",
        "songName": "Ai ni Tsuite",
        "artist": "Masashi Sada",
        "type": "Opening 1",
        "correctCount": 10,
        "startTime": 6,
        "songDuration": 88.368,
        "songNumber": 31,
        "activePlayerCount": 188,
        "LinkVideo": "https://files.catbox.moe/sl4yfg.webm",
        "LinkMp3": "https://files.catbox.moe/2plqyx.mp3"
    },
    {
        "animeEng": "Maze: The Mega-Burst Space",
        "animeRomaji": "Maze\u2606Bakunetsu Jik\u016b",
        "songName": "Happy Mania",
        "artist": "Tamao Satou",
        "type": "Ending 2",
        "correctCount": 10,
        "startTime": 37,
        "songDuration": 111.984,
        "songNumber": 32,
        "activePlayerCount": 187,
        "LinkVideo": "https://files.catbox.moe/fhgpux.webm",
        "LinkMp3": "https://files.catbox.moe/qx3awb.mp3"
    },
    {
        "animeEng": "Fullmetal Alchemist",
        "animeRomaji": "Hagane no Renkinjutsushi",
        "songName": "Melissa",
        "artist": "Porno Graffitti",
        "type": "Opening 1",
        "correctCount": 114,
        "startTime": 34,
        "songDuration": 101.064,
        "songNumber": 33,
        "activePlayerCount": 186,
        "LinkVideo": "https://animethemes.moe/video/FullmetalAlchemist-OP1.webm",
        "LinkMp3": "https://files.catbox.moe/xslzzo.mp3"
    },
    {
        "animeEng": "Tokyo Majin Gakuen Kenpucho: Tou 2nd Act",
        "animeRomaji": "Tokyo Majin Gakuen Kenpucho: Tou Dai Ni Maku",
        "songName": "15-sai -fifteen-",
        "artist": "ACID",
        "type": "Insert Song",
        "correctCount": 2,
        "startTime": 63,
        "songDuration": 106.848,
        "songNumber": 34,
        "activePlayerCount": 185,
        "LinkVideo": "https://files.catbox.moe/5d16tt.webm",
        "LinkMp3": "https://files.catbox.moe/8r12w2.mp3",
        "correctPlayers": [
            "shadowpandax",
            "romraisin"
        ]
    },
    {
        "animeEng": "Macross Delta",
        "animeRomaji": "Macross \u0394",
        "songName": "Rune ga Pikatto Hikattara",
        "artist": "Walk\u00fcre",
        "type": "Insert Song",
        "correctCount": 67,
        "startTime": 41,
        "songDuration": 109.056,
        "songNumber": 35,
        "activePlayerCount": 185,
        "LinkVideo": "https://files.catbox.moe/7ovc6h.webm",
        "LinkMp3": "https://files.catbox.moe/4kp8t9.mp3"
    },
    {
        "animeEng": "The World God Only Knows: Magical Star Kanon 100%",
        "animeRomaji": "The World God Only Knows: Magical Star Kanon 100%",
        "songName": "Happy Crescent",
        "artist": "Nao T\u014dyama",
        "type": "Insert Song",
        "correctCount": 87,
        "startTime": 8,
        "songDuration": 90.48,
        "songNumber": 36,
        "activePlayerCount": 185,
        "LinkVideo": "https://files.catbox.moe/ac5n26.webm",
        "LinkMp3": "https://files.catbox.moe/gzrq7x.mp3"
    },
    {
        "animeEng": "Hunter X Hunter",
        "animeRomaji": "Hunter \u00d7 Hunter",
        "songName": "Ohay\u014d",
        "artist": "Keno",
        "type": "Opening 1",
        "correctCount": 85,
        "startTime": 16,
        "songDuration": 64.872,
        "songNumber": 37,
        "activePlayerCount": 184,
        "LinkVideo": "https://files.catbox.moe/0ywzpj.webm",
        "LinkMp3": "https://files.catbox.moe/o015cm.mp3"
    },
    {
        "animeEng": "Non Non Biyori Repeat",
        "animeRomaji": "Non Non Biyori Repeat",
        "songName": "Okaeri",
        "artist": "Ayane Sakura, Kana Asumi, Kotori Koiwai, Rie Murakawa",
        "type": "Ending 1",
        "correctCount": 74,
        "startTime": 15,
        "songDuration": 93.576,
        "songNumber": 38,
        "activePlayerCount": 184,
        "LinkVideo": "https://openings.moe/video/NonNonBiyoriRepeat-ED01a-NCBD.webm",
        "LinkMp3": "https://files.catbox.moe/ys61c7.mp3"
    },
    {
        "animeEng": "Your Lie in April",
        "animeRomaji": "KimiUso",
        "songName": "The Sleeping Beauty, Waltz - Piano duet ver. -",
        "artist": "Peter Ilyich Tchaikovsky",
        "type": "Insert Song",
        "correctCount": 83,
        "startTime": 346,
        "songDuration": 514.896,
        "songNumber": 39,
        "activePlayerCount": 184,
        "LinkVideo": "https://files.catbox.moe/ofi9n5.webm",
        "LinkMp3": "https://files.catbox.moe/a3nrtg.mp3"
    },
    {
        "animeEng": "Cells at Work!",
        "animeRomaji": "Hataraku Saib\u014d",
        "songName": "Mission! Ken - K\u014d - Dai - Ichi",
        "artist": "Kana Hanazawa, Tomoaki Maeno, Daisuke Ono, Kikuko Inoue",
        "type": "Opening 1",
        "correctCount": 160,
        "startTime": 51,
        "songDuration": 89.99029,
        "songNumber": 40,
        "activePlayerCount": 184,
        "LinkVideo": "https://files.catbox.moe/45fnex.webm",
        "LinkMp3": "https://files.catbox.moe/stj7g9.mp3"
    },
    {
        "animeEng": "Gunslinger Girl",
        "animeRomaji": "Gunslinger Girl",
        "songName": "The Light Before We Land",
        "artist": "The Delgados",
        "type": "Opening 1",
        "correctCount": 47,
        "startTime": 55,
        "songDuration": 109.44,
        "songNumber": 41,
        "activePlayerCount": 183,
        "LinkVideo": "https://files.catbox.moe/kvkc2k.webm",
        "LinkMp3": "https://files.catbox.moe/gqcrjv.mp3"
    },
    {
        "animeEng": "AKB0048",
        "animeRomaji": "AKB0048 First Stage",
        "songName": "Shonichi",
        "artist": "AKB48",
        "type": "Insert Song",
        "correctCount": 45,
        "startTime": 26,
        "songDuration": 60.048,
        "songNumber": 42,
        "activePlayerCount": 183,
        "LinkVideo": "https://files.catbox.moe/0l951t.webm",
        "LinkMp3": "https://files.catbox.moe/g1mtqp.mp3"
    },
    {
        "animeEng": "Place to Place",
        "animeRomaji": "Acchi Kocchi",
        "songName": "Acchi de Kocchi de",
        "artist": "Acchi\u21d4Kocchi",
        "type": "Opening 1",
        "correctCount": 103,
        "startTime": 42,
        "songDuration": 88.632,
        "songNumber": 43,
        "activePlayerCount": 183,
        "LinkVideo": "https://files.catbox.moe/a9bg41.webm",
        "LinkMp3": "https://files.catbox.moe/pk59qb.mp3"
    },
    {
        "animeEng": "The Case Files of Jeweler Richard",
        "animeRomaji": "H\u014dsekisho Richard-shi no Nazo Kantei",
        "songName": "H\u014dseki no Umareru Toki",
        "artist": "Nagi Yanagi",
        "type": "Opening 1",
        "correctCount": 49,
        "startTime": 44,
        "songDuration": 88.944,
        "songNumber": 44,
        "activePlayerCount": 183,
        "LinkVideo": "https://files.catbox.moe/l5b3w2.webm",
        "LinkMp3": "https://files.catbox.moe/i6208c.mp3"
    },
    {
        "animeEng": "Tribe Cool Crew",
        "animeRomaji": "Tribe Cool Crew",
        "songName": "HEARTBEAT",
        "artist": "lol",
        "type": "Opening 1",
        "correctCount": 6,
        "startTime": 4,
        "songDuration": 114.048,
        "songNumber": 45,
        "activePlayerCount": 183,
        "LinkVideo": "https://files.catbox.moe/5wmmbv.webm",
        "LinkMp3": "https://files.catbox.moe/6sp31e.mp3"
    },
    {
        "animeEng": "Pyu to Fuku! Jaguar: Ima, Fuki ni Yukimasu",
        "animeRomaji": "Pyu to Fuku! Jaguar: Ima, Fuki ni Yukimasu",
        "songName": "Katherine ~Girls Never Know~",
        "artist": "Franz Ferdinand",
        "type": "Ending 1",
        "correctCount": 2,
        "startTime": 88,
        "songDuration": 218.352,
        "songNumber": 46,
        "activePlayerCount": 184,
        "LinkVideo": "https://files.catbox.moe/cc8g09.webm",
        "LinkMp3": "https://files.catbox.moe/6kff8j.mp3",
        "correctPlayers": [
            "eggsdee",
            "asleep"
        ]
    },
    {
        "animeEng": "Pok\u00e9mon the Movie: Diancie and the Cocoon of Destruction",
        "animeRomaji": "Pok\u00e9mon the Movie XY: Hakai no Mayu to Diancie",
        "songName": "Mega V (Volt)",
        "artist": "Yusuke",
        "type": "Opening 1",
        "correctCount": 155,
        "startTime": 48,
        "songDuration": 151.848,
        "songNumber": 47,
        "activePlayerCount": 184,
        "LinkVideo": "https://files.catbox.moe/tcv8cy.webm",
        "LinkMp3": "https://files.catbox.moe/0z164e.mp3"
    },
    {
        "animeEng": "Is This a Zombie?",
        "animeRomaji": "Kore wa Zombie Desu ka?",
        "songName": "Sorya Mas\u014d Desho! Rock 'n Roll",
        "artist": "Iori Nomizu",
        "type": "Insert Song",
        "correctCount": 27,
        "startTime": 53,
        "songDuration": 107.424,
        "songNumber": 48,
        "activePlayerCount": 184,
        "LinkVideo": "https://files.catbox.moe/l3u7ii.webm",
        "LinkMp3": "https://files.catbox.moe/izet97.mp3"
    },
    {
        "animeEng": "Zambot 3",
        "animeRomaji": "Muteki Ch\u014djin Zambot 3",
        "songName": "Ike! Zanbot 3",
        "artist": "Ichiro Horimitsu, The Blessin' Four, The Chirps",
        "type": "Opening 1",
        "correctCount": 79,
        "startTime": 5,
        "songDuration": 89.064,
        "songNumber": 49,
        "activePlayerCount": 184,
        "LinkVideo": "https://files.catbox.moe/awikmr.webm",
        "LinkMp3": "https://files.catbox.moe/ew2npk.mp3"
    },
    {
        "animeEng": "The Silver Guardian",
        "animeRomaji": "Gin no Guardian",
        "songName": "The Game",
        "artist": "RiyO",
        "type": "Ending 1",
        "correctCount": 17,
        "startTime": 0,
        "songDuration": 89.064,
        "songNumber": 50,
        "activePlayerCount": 183,
        "LinkVideo": "https://files.catbox.moe/17puy8.webm",
        "LinkMp3": "https://files.catbox.moe/zhcuod.mp3"
    },
    {
        "animeEng": "Saint Tail",
        "animeRomaji": "Kait\u014d Saint Tail",
        "songName": "Yume Miru Melody",
        "artist": "Miyuki Kajitani",
        "type": "Ending 3",
        "correctCount": 12,
        "startTime": 14,
        "songDuration": 90.072,
        "songNumber": 51,
        "activePlayerCount": 184,
        "LinkVideo": "https://files.catbox.moe/oowyx6.webm",
        "LinkMp3": "https://files.catbox.moe/eifcu1.mp3"
    },
    {
        "animeEng": "Gekij\u014dban Haikara-san ga T\u014dru Zenpen - Benio, Hana no 17-sai",
        "animeRomaji": "Gekij\u014dban Haikara-san ga T\u014dru Zenpen - Benio, Hana no 17-sai",
        "songName": "Yume no Hate made",
        "artist": "Saori Hayami",
        "type": "Ending 1",
        "correctCount": 11,
        "startTime": 96,
        "songDuration": 225.576,
        "songNumber": 52,
        "activePlayerCount": 184,
        "LinkVideo": "https://files.catbox.moe/q0j9yz.webm",
        "LinkMp3": "https://files.catbox.moe/ovtvc4.mp3"
    },
    {
        "animeEng": "Gurren Lagann the Movie: Childhood's End",
        "animeRomaji": "Tengen Toppa Gurren Lagann: Guren-hen",
        "songName": "Tsuzuku Sekai",
        "artist": "Shoko Nakagawa",
        "type": "Ending 1",
        "correctCount": 20,
        "startTime": 91,
        "songDuration": 241.008,
        "songNumber": 53,
        "activePlayerCount": 183,
        "LinkVideo": "https://files.catbox.moe/27q00l.webm",
        "LinkMp3": "https://files.catbox.moe/ufey0p.mp3"
    },
    {
        "animeEng": "The Transformers: The Movie",
        "animeRomaji": "The Transformers: The Movie",
        "songName": "DARE",
        "artist": "STAN BUSH",
        "type": "Insert Song",
        "correctCount": 6,
        "startTime": 0,
        "songDuration": 163.632,
        "songNumber": 54,
        "activePlayerCount": 182,
        "LinkVideo": "https://files.catbox.moe/zzu1am.webm",
        "LinkMp3": "https://files.catbox.moe/uu9qrc.mp3"
    },
    {
        "animeEng": "Legend of the Galactic Heroes",
        "animeRomaji": "Ginga Eiy\u016b Densetsu",
        "songName": "Hikari no Hashi o Koete",
        "artist": "Kei Ogura",
        "type": "Ending 1",
        "correctCount": 44,
        "startTime": 21,
        "songDuration": 88.512,
        "songNumber": 55,
        "activePlayerCount": 184,
        "LinkVideo": "https://files.catbox.moe/eqteuk.webm",
        "LinkMp3": "https://files.catbox.moe/ldwqmo.mp3"
    },
    {
        "animeEng": "Dragon Crisis!",
        "animeRomaji": "Dragon Crisis!",
        "songName": "Immoralist",
        "artist": "Yui Horie",
        "type": "Opening 1",
        "correctCount": 83,
        "startTime": 8,
        "songDuration": 88.968,
        "songNumber": 56,
        "activePlayerCount": 184,
        "LinkVideo": "https://files.catbox.moe/sfc0xx.webm",
        "LinkMp3": "https://files.catbox.moe/6flica.mp3"
    },
    {
        "animeEng": "Case Closed",
        "animeRomaji": "Meitantei Conan",
        "songName": "Kanashii Hodo Anata ga Suki",
        "artist": "ZARD",
        "type": "Ending 24",
        "correctCount": 38,
        "startTime": 42,
        "songDuration": 84.312,
        "songNumber": 57,
        "activePlayerCount": 183,
        "LinkVideo": "https://files.catbox.moe/lwcx5l.webm",
        "LinkMp3": "https://files.catbox.moe/gkudoq.mp3"
    },
    {
        "animeEng": "Why the Hell are You Here, Teacher!?",
        "animeRomaji": "Nande Koko ni Sensei ga!?",
        "songName": "Ringo-iro Memories",
        "artist": "Sumire Uesaka, Yuuko Gotou, Shizuka Ishigami, Nozomi Yamamoto",
        "type": "Ending 1",
        "correctCount": 43,
        "startTime": 11,
        "songDuration": 59.472,
        "songNumber": 58,
        "activePlayerCount": 183,
        "LinkVideo": "https://files.catbox.moe/kkqzlb.webm",
        "LinkMp3": "https://files.catbox.moe/k0a85j.mp3"
    },
    {
        "animeEng": "Ishuzoku Reviewers",
        "animeRomaji": "Ishuzoku Reviewers",
        "songName": "Ik\u014dze\u2606Paradise",
        "artist": "Junji Majima, Y\u016bsuke Kobayashi, Miyu Tomita",
        "type": "Opening 1",
        "correctCount": 151,
        "startTime": 14,
        "songDuration": 89.184,
        "songNumber": 59,
        "activePlayerCount": 183,
        "LinkVideo": "https://files.catbox.moe/mc2316.webm",
        "LinkMp3": "https://files.catbox.moe/n7sg4d.mp3"
    },
    {
        "animeEng": "Non Non Biyori",
        "animeRomaji": "Non Non Biyori",
        "songName": "Nana-iro Biyori",
        "artist": "nano.RIPE",
        "type": "Opening 1",
        "correctCount": 107,
        "startTime": 3,
        "songDuration": 90.096,
        "songNumber": 60,
        "activePlayerCount": 182,
        "LinkVideo": "https://openings.moe/video/NonNonBiyori-OP01-NCBD.webm",
        "LinkMp3": "https://files.catbox.moe/ftc0wv.mp3"
    },
    {
        "animeEng": "Akikan!",
        "animeRomaji": "Akikan!",
        "songName": "Koisora Recycling featuring Recycling",
        "artist": "nomico",
        "type": "Ending 1",
        "correctCount": 23,
        "startTime": 60,
        "songDuration": 104.256,
        "songNumber": 61,
        "activePlayerCount": 181,
        "LinkVideo": "https://files.catbox.moe/p3u3yl.webm",
        "LinkMp3": "https://files.catbox.moe/583j6a.mp3"
    },
    {
        "animeEng": "Elf 17",
        "animeRomaji": "Elf 17",
        "songName": "Do Do Dopink Power",
        "artist": "Hiroko Kasahara",
        "type": "Ending 1",
        "correctCount": 4,
        "startTime": 65,
        "songDuration": 131.78549,
        "songNumber": 62,
        "activePlayerCount": 182,
        "LinkVideo": "https://files.catbox.moe/wj1vxn.webm",
        "LinkMp3": "https://files.catbox.moe/86rc3k.mp3",
        "correctPlayers": [
            "80s",
            "Samyy",
            "Zynei",
            "watashiii"
        ]
    },
    {
        "animeEng": "God Eater",
        "animeRomaji": "God Eater",
        "songName": "No Way Back -The Path of the Lotus-",
        "artist": "Benjamin Franklin",
        "type": "Insert Song",
        "correctCount": 24,
        "startTime": 25,
        "songDuration": 217.08,
        "songNumber": 63,
        "activePlayerCount": 183,
        "LinkVideo": "https://files.catbox.moe/n9wa0g.webm",
        "LinkMp3": "https://files.catbox.moe/3bymnt.mp3"
    },
    {
        "animeEng": "If I See You in My Dreams",
        "animeRomaji": "Yume de Aetara",
        "songName": "Kaze no You na Kimi de Ite",
        "artist": "HaLo",
        "type": "Ending 1",
        "correctCount": 13,
        "startTime": 4,
        "songDuration": 59.832,
        "songNumber": 64,
        "activePlayerCount": 182,
        "LinkVideo": "https://files.catbox.moe/gealyr.webm",
        "LinkMp3": "https://files.catbox.moe/cxw8mc.mp3"
    },
    {
        "animeEng": "Zan Sayonara Zetsub\u014d Sensei",
        "animeRomaji": "Zan Sayonara Zetsub\u014d Sensei",
        "songName": "Zetsub\u014d Sensei Ekaki Uta",
        "artist": "Takahiro Mizushima, Tomokazu Sugita",
        "type": "Insert Song",
        "correctCount": 64,
        "startTime": 5,
        "songDuration": 41.4,
        "songNumber": 65,
        "activePlayerCount": 182,
        "LinkVideo": "https://files.catbox.moe/bo37an.webm",
        "LinkMp3": "https://files.catbox.moe/g3cm0j.mp3"
    },
    {
        "animeEng": "Fist of the Blue Sky Regenesis",
        "animeRomaji": "Souten no Ken REGENESIS",
        "songName": "Soul Seeker",
        "artist": "Crossfaith",
        "type": "Opening 1",
        "correctCount": 15,
        "startTime": 31,
        "songDuration": 85.053232,
        "songNumber": 66,
        "activePlayerCount": 182,
        "LinkVideo": "https://files.catbox.moe/robyfd.webm",
        "LinkMp3": "https://files.catbox.moe/oc3hpr.mp3"
    },
    {
        "animeEng": "Dragon Ball Z: The Tree of Might",
        "animeRomaji": "Dragon Ball Z: Chiky\u016b Marugoto Ch\u014dkessen",
        "songName": "CHA-LA HEAD-CHA-LA",
        "artist": "Hironobu Kageyama",
        "type": "Opening 1",
        "correctCount": 167,
        "startTime": 70,
        "songDuration": 107.616,
        "songNumber": 67,
        "activePlayerCount": 182,
        "LinkVideo": "https://files.catbox.moe/w87ciq.webm",
        "LinkMp3": "https://files.catbox.moe/xyx5mp.mp3"
    },
    {
        "animeEng": "Rokuh\u014dd\u014d Yotsuiro Biyori",
        "animeRomaji": "Rokuh\u014dd\u014d Yotsuiro Biyori",
        "songName": "Sakura-iro Clich\u00e9",
        "artist": "aki",
        "type": "Opening 1",
        "correctCount": 10,
        "startTime": 42,
        "songDuration": 89.448,
        "songNumber": 68,
        "activePlayerCount": 182,
        "LinkVideo": "https://files.catbox.moe/l2bdhg.webm",
        "LinkMp3": "https://files.catbox.moe/ytq5xf.mp3"
    },
    {
        "animeEng": "Bloodivores",
        "animeRomaji": "Bloodivores",
        "songName": "Yogaky\u014dmei -NENTEN-",
        "artist": "Mili",
        "type": "Opening 1",
        "correctCount": 38,
        "startTime": 3,
        "songDuration": 85.32,
        "songNumber": 69,
        "activePlayerCount": 181,
        "LinkVideo": "https://files.catbox.moe/t7d761.webm",
        "LinkMp3": "https://files.catbox.moe/u90bdc.mp3"
    },
    {
        "animeEng": "Precure All Stars New Stage: Mirai no Tomodachi",
        "animeRomaji": "Precure All Stars New Stage: Mirai no Tomodachi",
        "songName": "Yay! Yay! Yay!",
        "artist": "Hitomi Yoshida",
        "type": "Ending 1",
        "correctCount": 25,
        "startTime": 21,
        "songDuration": 122.112,
        "songNumber": 70,
        "activePlayerCount": 180,
        "LinkVideo": "https://files.catbox.moe/y3scrn.webm",
        "LinkMp3": "https://files.catbox.moe/x0z4xj.mp3"
    },
    {
        "animeEng": "Oreimo 2",
        "animeRomaji": "Oreimo 2",
        "songName": "Hoshikuzu Cosplay\u2606Witch! Desu!",
        "artist": "Misaki Kuno",
        "type": "Opening 2",
        "correctCount": 55,
        "startTime": 35,
        "songDuration": 87.768,
        "songNumber": 71,
        "activePlayerCount": 179,
        "LinkVideo": "https://files.catbox.moe/14erwm.webm",
        "LinkMp3": "https://files.catbox.moe/csi2yn.mp3"
    },
    {
        "animeEng": "NEEDLESS",
        "animeRomaji": "NEEDLESS",
        "songName": "modern strange cowboy",
        "artist": "GRANRODEO",
        "type": "Opening 1",
        "correctCount": 38,
        "startTime": 3,
        "songDuration": 88.584,
        "songNumber": 72,
        "activePlayerCount": 179,
        "LinkVideo": "https://openings.moe/video/NEEDLESS-OP01-NCOLD.webm",
        "LinkMp3": "https://files.catbox.moe/xyxm5c.mp3"
    },
    {
        "animeEng": "Chronos Ruler",
        "animeRomaji": "Jikan no Shihaisha",
        "songName": "One More",
        "artist": "Tea",
        "type": "Insert Song",
        "correctCount": 4,
        "startTime": 73,
        "songDuration": 325.767462,
        "songNumber": 73,
        "activePlayerCount": 179,
        "LinkVideo": "https://files.catbox.moe/glg6ii.webm",
        "LinkMp3": "https://files.catbox.moe/v5kui2.mp3",
        "correctPlayers": [
            "raisinmuffins",
            "anonimus_opinion",
            "Igg1",
            "asleep"
        ]
    },
    {
        "animeEng": "Tiger x Dragon",
        "animeRomaji": "Toradora!",
        "songName": "Holy Night",
        "artist": "Rie Kugimiya & Eri Kitamura",
        "type": "Ending 3",
        "correctCount": 147,
        "startTime": 24,
        "songDuration": 106.551638,
        "songNumber": 74,
        "activePlayerCount": 179,
        "LinkVideo": "https://files.catbox.moe/sk4d8e.webm",
        "LinkMp3": "https://files.catbox.moe/1uyv3x.mp3"
    },
    {
        "animeEng": "Aikatsu on Parade!",
        "animeRomaji": "Aikatsu on Parade!",
        "songName": "Seigi no Kimochi",
        "artist": "Aine\u30fbMio from BEST FRIENDS!/Sena",
        "type": "Insert Song",
        "correctCount": 17,
        "startTime": 28,
        "songDuration": 110.736,
        "songNumber": 75,
        "activePlayerCount": 176,
        "LinkVideo": "https://files.catbox.moe/63cyjh.webm",
        "LinkMp3": "https://files.catbox.moe/tcpocf.mp3"
    }
]