[
    {
        "animeEng": "Sh\u014dnen Tokugawa Ieyasu",
        "animeRomaji": "Sh\u014dnen Tokugawa Ieyasu",
        "songName": "Sh\u014dnen Tokugawa Ieyasu",
        "artist": "New Studio Singers",
        "type": "Opening 1",
        "correctCount": 3,
        "startTime": 16,
        "songDuration": 59.544,
        "songNumber": 1,
        "activePlayerCount": 245,
        "LinkVideo": "https://files.catbox.moe/z2cif2.webm",
        "LinkMp3": "https://files.catbox.moe/uyy10m.mp3",
        "correctPlayers": [
            "watashiii",
            "OnlyArgonavis",
            "Hoomanity001"
        ]
    },
    {
        "animeEng": "Fairy Tail",
        "animeRomaji": "Fairy Tail",
        "songName": "Yumeiro Graffiti",
        "artist": "Tackey & Tsubasa",
        "type": "Opening 5",
        "correctCount": 55,
        "startTime": 35,
        "songDuration": 89.184,
        "songNumber": 2,
        "activePlayerCount": 249,
        "LinkVideo": "https://files.catbox.moe/j1vent.webm",
        "LinkMp3": "https://files.catbox.moe/7eifsp.mp3"
    },
    {
        "animeEng": "Saint Seiya: The Lost Canvas",
        "animeRomaji": "Saint Seiya: The Lost Canvas - Mei\u014d Shinwa",
        "songName": "Hana no Kusari",
        "artist": "Maki Ikuno with Marina del Ray",
        "type": "Ending 1",
        "correctCount": 30,
        "startTime": 27,
        "songDuration": 89.952,
        "songNumber": 3,
        "activePlayerCount": 247,
        "LinkVideo": "https://files.catbox.moe/xwqwto.webm",
        "LinkMp3": "https://files.catbox.moe/4fnlxc.mp3"
    },
    {
        "animeEng": "Master Keaton",
        "animeRomaji": "Master Keaton",
        "songName": "Tameiki",
        "artist": "KneuKlid Romance",
        "type": "Ending 1",
        "correctCount": 5,
        "startTime": 10,
        "songDuration": 77.503974,
        "songNumber": 4,
        "activePlayerCount": 249,
        "LinkVideo": "https://files.catbox.moe/va4gna.webm",
        "LinkMp3": "https://files.catbox.moe/jrptlf.mp3",
        "correctPlayers": [
            "SrKristiano",
            "watashiii",
            "OnlyArgonavis",
            "SrueyaF",
            "DDBOT"
        ]
    },
    {
        "animeEng": "Durarara!! \u00d72 The Third Arc: Dufufufu!!",
        "animeRomaji": "Durarara!!\u00d72 Ketsu Gaiden!?: Dufufufu!!",
        "songName": "Steppin' Out",
        "artist": "FLOW",
        "type": "Opening 1",
        "correctCount": 122,
        "startTime": 13,
        "songDuration": 90.792,
        "songNumber": 5,
        "activePlayerCount": 248,
        "LinkVideo": "https://files.catbox.moe/hctamt.webm",
        "LinkMp3": "https://files.catbox.moe/wyjr5v.mp3"
    },
    {
        "animeEng": "Welcome to Irabu's Office",
        "animeRomaji": "K\u016bch\u016b Buranko",
        "songName": "Shangri-La (Y.Sunahara 2009 Remodel)",
        "artist": "Denki Groove",
        "type": "Ending 1",
        "correctCount": 22,
        "startTime": 73,
        "songDuration": 107.064,
        "songNumber": 6,
        "activePlayerCount": 247,
        "LinkVideo": "https://files.catbox.moe/tybh5x.webm",
        "LinkMp3": "https://files.catbox.moe/b7pijh.mp3"
    },
    {
        "animeEng": "Gourmet Girl Graffiti",
        "animeRomaji": "K\u014dfuku Graffiti",
        "songName": "Shiawase Graffiti",
        "artist": "Rina Satou & Asuka \u014cgame",
        "type": "Insert Song",
        "correctCount": 71,
        "startTime": 0,
        "songDuration": 30.84,
        "songNumber": 7,
        "activePlayerCount": 246,
        "LinkVideo": "https://files.catbox.moe/5z5zr0.webm",
        "LinkMp3": "https://files.catbox.moe/aywth3.mp3"
    },
    {
        "animeEng": "Sasuke",
        "animeRomaji": "Sasuke",
        "songName": "Sasuke",
        "artist": "Honey Nights",
        "type": "Opening 1",
        "correctCount": 201,
        "startTime": 22,
        "songDuration": 75.216,
        "songNumber": 8,
        "activePlayerCount": 247,
        "LinkVideo": "https://files.catbox.moe/l0ghtj.webm",
        "LinkMp3": "https://files.catbox.moe/8jvjqg.mp3"
    },
    {
        "animeEng": "Saki",
        "animeRomaji": "Saki",
        "songName": "bloooomin'",
        "artist": "Little Non",
        "type": "Opening 2",
        "correctCount": 43,
        "startTime": 37,
        "songDuration": 89.064,
        "songNumber": 9,
        "activePlayerCount": 245,
        "LinkVideo": "https://files.catbox.moe/oab0j4.webm",
        "LinkMp3": "https://files.catbox.moe/0piqbr.mp3"
    },
    {
        "animeEng": "Glamorous Heroes",
        "animeRomaji": "Glamorous Heroes",
        "songName": "GLAMOROUS",
        "artist": "SHOW-C",
        "type": "Opening 1",
        "correctCount": 13,
        "startTime": 0,
        "songDuration": 29.472,
        "songNumber": 10,
        "activePlayerCount": 246,
        "LinkVideo": "https://files.catbox.moe/odd8ma.webm",
        "LinkMp3": "https://files.catbox.moe/n4633y.mp3"
    },
    {
        "animeEng": "Save Me! Lollipop",
        "animeRomaji": "Mamotte! Lollipop",
        "songName": "Poppin' Heart wa Hitotsu Dake?",
        "artist": "Clover",
        "type": "Opening 1",
        "correctCount": 10,
        "startTime": 22,
        "songDuration": 89.76,
        "songNumber": 11,
        "activePlayerCount": 245,
        "LinkVideo": "https://files.catbox.moe/2n24sr.webm",
        "LinkMp3": "https://files.catbox.moe/4oe5r5.mp3"
    },
    {
        "animeEng": "Pok\u00e9mon: Heroes - The Movie",
        "animeRomaji": "Pocket Monsters: Mizu no Miyako no Mamorigami - Latias to Latios",
        "songName": "I Believe",
        "artist": "David Rolfe",
        "type": "Opening 1",
        "correctCount": 136,
        "startTime": 104,
        "songDuration": 158.784,
        "songNumber": 12,
        "activePlayerCount": 244,
        "LinkVideo": "https://files.catbox.moe/xwzn0m.webm",
        "LinkMp3": "https://files.catbox.moe/03gll3.mp3"
    },
    {
        "animeEng": "King's Game The Animation",
        "animeRomaji": "\u014csama Game The Animation",
        "songName": "FEED THE FIRE",
        "artist": "coldrain",
        "type": "Opening 1",
        "correctCount": 119,
        "startTime": 38,
        "songDuration": 89.952,
        "songNumber": 13,
        "activePlayerCount": 243,
        "LinkVideo": "https://files.catbox.moe/t46sey.webm",
        "LinkMp3": "https://files.catbox.moe/ovqfcr.mp3"
    },
    {
        "animeEng": "Mikeneko Holmes no Yurei Joshu",
        "animeRomaji": "Mikeneko Holmes no Yurei Joshu",
        "songName": "Anata ni Deaete Yokatta",
        "artist": "Eri Hiramatsu",
        "type": "Ending 1",
        "correctCount": 1,
        "startTime": 96,
        "songDuration": 211.056,
        "songNumber": 14,
        "activePlayerCount": 244,
        "LinkVideo": "https://files.catbox.moe/ldobv4.webm",
        "LinkMp3": "https://files.catbox.moe/2655jm.mp3",
        "correctPlayers": [
            "OnlyArgonavis"
        ]
    },
    {
        "animeEng": "Attack on Titan: Junior High",
        "animeRomaji": "Shingeki! Kyojin Ch\u016bgakk\u014d",
        "songName": "Seishun wa Hanabi no Y\u014d ni",
        "artist": "Linked Horizon",
        "type": "Opening 1",
        "correctCount": 111,
        "startTime": 20,
        "songDuration": 89.904,
        "songNumber": 15,
        "activePlayerCount": 243,
        "LinkVideo": "https://files.catbox.moe/99jihl.webm",
        "LinkMp3": "https://files.catbox.moe/feh44b.mp3"
    },
    {
        "animeEng": "Eden of the East: The King of Eden",
        "animeRomaji": "Higashi no Eden Gekij\u014dban I: The King of Eden",
        "songName": "Invisible",
        "artist": "LEAH",
        "type": "Opening 1",
        "correctCount": 21,
        "startTime": 37,
        "songDuration": 118.56,
        "songNumber": 16,
        "activePlayerCount": 243,
        "LinkVideo": "https://files.catbox.moe/ziccno.webm",
        "LinkMp3": "https://files.catbox.moe/gdj3jk.mp3"
    },
    {
        "animeEng": "Vexille - 2077 Isolation of Japan",
        "animeRomaji": "Vexille - 2077 Nippon Sakoku",
        "songName": "EASY ACTION",
        "artist": "BOOM BOOM SATELLITES",
        "type": "Insert Song",
        "correctCount": 10,
        "startTime": 62,
        "songDuration": 135.552,
        "songNumber": 17,
        "activePlayerCount": 243,
        "LinkVideo": "https://files.catbox.moe/awyf1c.webm",
        "LinkMp3": "https://files.catbox.moe/43jjat.mp3"
    },
    {
        "animeEng": "Aquarian Age - Sign for Evolution",
        "animeRomaji": "Aquarian Age - Sign for Evolution",
        "songName": "honey risk",
        "artist": "REN",
        "type": "Insert Song",
        "correctCount": 1,
        "startTime": 15,
        "songDuration": 51.144,
        "songNumber": 18,
        "activePlayerCount": 243,
        "LinkVideo": "https://files.catbox.moe/4qa9q4.webm",
        "LinkMp3": "https://files.catbox.moe/trtfqa.mp3",
        "correctPlayers": [
            "OnlyArgonavis"
        ]
    },
    {
        "animeEng": "Story of the Alps: My Annette",
        "animeRomaji": "Alps Monogatari Watashi no Annette",
        "songName": "Annette no Aoi Sora",
        "artist": "Keiko Han",
        "type": "Opening 1",
        "correctCount": 8,
        "startTime": 17,
        "songDuration": 85.445062,
        "songNumber": 19,
        "activePlayerCount": 243,
        "LinkVideo": "https://files.catbox.moe/wny1u1.webm",
        "LinkMp3": "https://files.catbox.moe/yrgm1h.mp3"
    },
    {
        "animeEng": "Land of the Lustrous",
        "animeRomaji": "H\u014dseki no Kuni",
        "songName": "Kyoumen no Nami [Orchestra Ver.]",
        "artist": "YURiKA",
        "type": "Ending 3",
        "correctCount": 144,
        "startTime": 29,
        "songDuration": 85.608,
        "songNumber": 20,
        "activePlayerCount": 244,
        "LinkVideo": "https://files.catbox.moe/tcp07s.webm",
        "LinkMp3": "https://files.catbox.moe/pik4jx.mp3"
    },
    {
        "animeEng": "Pretty Rhythm All Star Selection",
        "animeRomaji": "Pretty Rhythm All Star Selection",
        "songName": "1/1000 Eien no Bigaku",
        "artist": "Callings",
        "type": "Insert Song",
        "correctCount": 7,
        "startTime": 0,
        "songDuration": 29.304,
        "songNumber": 21,
        "activePlayerCount": 243,
        "LinkVideo": "https://files.catbox.moe/jgxlee.webm",
        "LinkMp3": "https://files.catbox.moe/8od923.mp3"
    },
    {
        "animeEng": "Love Hina Again",
        "animeRomaji": "Love Hina Again",
        "songName": "Be For You, Be For Me",
        "artist": "Yui Horie",
        "type": "Ending 1",
        "correctCount": 15,
        "startTime": 18,
        "songDuration": 58.776,
        "songNumber": 22,
        "activePlayerCount": 243,
        "LinkVideo": "https://files.catbox.moe/9q8lho.webm",
        "LinkMp3": "https://files.catbox.moe/gexlpi.mp3"
    },
    {
        "animeEng": "Bakemonogatari",
        "animeRomaji": "Bakemonogatari",
        "songName": "sugar sweet nightmare",
        "artist": "Yui Horie",
        "type": "Opening 5",
        "correctCount": 118,
        "startTime": 12,
        "songDuration": 89.088,
        "songNumber": 23,
        "activePlayerCount": 244,
        "LinkVideo": "https://files.catbox.moe/90uhnt.webm",
        "LinkMp3": "https://files.catbox.moe/oczzql.mp3"
    },
    {
        "animeEng": "Teeky\u016b",
        "animeRomaji": "Teeky\u016b",
        "songName": "Dream First Sensation!",
        "artist": "Yui Watanabe",
        "type": "Opening 1",
        "correctCount": 114,
        "startTime": 0,
        "songDuration": 29.98855,
        "songNumber": 24,
        "activePlayerCount": 245,
        "LinkVideo": "https://files.catbox.moe/c9qoek.webm",
        "LinkMp3": "https://files.catbox.moe/pzu72h.mp3"
    },
    {
        "animeEng": "Initial D: Final Stage",
        "animeRomaji": "Initial D: Final Stage",
        "songName": "Rage your dream",
        "artist": "move",
        "type": "Ending 2",
        "correctCount": 124,
        "startTime": 145,
        "songDuration": 227.016,
        "songNumber": 25,
        "activePlayerCount": 245,
        "LinkVideo": "https://files.catbox.moe/bb9ckx.webm",
        "LinkMp3": "https://files.catbox.moe/dh7h7h.mp3"
    },
    {
        "animeEng": "Star\u2606Twinkle Precure",
        "animeRomaji": "Star\u2606Twinkle Precure",
        "songName": "Star Color Pendant! Color Charge! (Cure Selene Version)",
        "artist": "Mikako Komatsu",
        "type": "Insert Song",
        "correctCount": 149,
        "startTime": 26,
        "songDuration": 79.32,
        "songNumber": 26,
        "activePlayerCount": 243,
        "LinkVideo": "https://files.catbox.moe/h0d0ur.webm",
        "LinkMp3": "https://files.catbox.moe/9ygpdf.mp3"
    },
    {
        "animeEng": "Dream Festival!",
        "animeRomaji": "DreFes!!!!!!",
        "songName": "Dream Greeting!",
        "artist": "DearDream",
        "type": "Insert Song",
        "correctCount": 9,
        "startTime": 47,
        "songDuration": 91.872,
        "songNumber": 27,
        "activePlayerCount": 242,
        "LinkVideo": "https://files.catbox.moe/4r6iti.webm",
        "LinkMp3": "https://files.catbox.moe/kfh2p9.mp3"
    },
    {
        "animeEng": "Samurai: Hunt for the Sword",
        "animeRomaji": "Samurai: Hunt for the Sword",
        "songName": "I MUST LIVE",
        "artist": "uco",
        "type": "Ending 1",
        "correctCount": 2,
        "startTime": 32,
        "songDuration": 104.304,
        "songNumber": 28,
        "activePlayerCount": 241,
        "LinkVideo": "https://files.catbox.moe/8nm7gr.webm",
        "LinkMp3": "https://files.catbox.moe/e62i97.mp3",
        "correctPlayers": [
            "watashiii",
            "OnlyArgonavis"
        ]
    },
    {
        "animeEng": "Colorful Pastrale: from Bermuda Triangle",
        "animeRomaji": "Colorful Pastrale: from Bermuda Triangle",
        "songName": "Shabon -Kanon ver.-",
        "artist": "Moeka Hirakuri",
        "type": "Ending 3",
        "correctCount": 13,
        "startTime": 14,
        "songDuration": 89.180508,
        "songNumber": 29,
        "activePlayerCount": 239,
        "LinkVideo": "https://files.catbox.moe/6u3sjx.webm",
        "LinkMp3": "https://files.catbox.moe/tdz5xw.mp3"
    },
    {
        "animeEng": "Cosmo Police Justy",
        "animeRomaji": "Cosmo Police Justy",
        "songName": "Kodoku no Senshi Lonely Hunter",
        "artist": "Maki Asakura",
        "type": "Ending 1",
        "correctCount": 1,
        "startTime": 60,
        "songDuration": 227.16,
        "songNumber": 30,
        "activePlayerCount": 238,
        "LinkVideo": "https://files.catbox.moe/xjvun5.webm",
        "LinkMp3": "https://files.catbox.moe/pip8ir.mp3",
        "correctPlayers": [
            "Cynth"
        ]
    },
    {
        "animeEng": "Oh My Goddess!",
        "animeRomaji": "Aa Megami-sama",
        "songName": "Congratulations!",
        "artist": "the Goddess Family Club",
        "type": "Ending 1",
        "correctCount": 28,
        "startTime": 35,
        "songDuration": 89.736,
        "songNumber": 31,
        "activePlayerCount": 239,
        "LinkVideo": "https://files.catbox.moe/qgpmjs.webm",
        "LinkMp3": "https://files.catbox.moe/ipxg86.mp3"
    },
    {
        "animeEng": "Honey and Clover",
        "animeRomaji": "HachiKuro",
        "songName": "Tamagawa",
        "artist": "Spitz",
        "type": "Insert Song",
        "correctCount": 17,
        "startTime": 111,
        "songDuration": 145.708516,
        "songNumber": 32,
        "activePlayerCount": 238,
        "LinkVideo": "https://files.catbox.moe/mlzl3q.webm",
        "LinkMp3": "https://files.catbox.moe/n9ljy7.mp3"
    },
    {
        "animeEng": "Durarara!!\u00d72 Sh\u014d: Watashi no Kokoro wa Nabe Moyou",
        "animeRomaji": "Durarara!!\u00d72 Sh\u014d: Watashi no Kokoro wa Nabe Moyou",
        "songName": "HEADHUNT",
        "artist": "OKAMOTO'S",
        "type": "Opening 1",
        "correctCount": 138,
        "startTime": 6,
        "songDuration": 88.392,
        "songNumber": 33,
        "activePlayerCount": 238,
        "LinkVideo": "https://files.catbox.moe/kvglpu.webm",
        "LinkMp3": "https://files.catbox.moe/a7na6y.mp3"
    },
    {
        "animeEng": "Rifle is Beautiful",
        "animeRomaji": "Rifle is Beautiful",
        "songName": "GO! GO! Rifling 4!!!!",
        "artist": "Rifling 4",
        "type": "Insert Song",
        "correctCount": 8,
        "startTime": 19,
        "songDuration": 96.576,
        "songNumber": 34,
        "activePlayerCount": 237,
        "LinkVideo": "https://files.catbox.moe/mq51r9.webm",
        "LinkMp3": "https://files.catbox.moe/e4as3l.mp3"
    },
    {
        "animeEng": "Dances with the Dragons",
        "animeRomaji": "Saredo Tsumibito wa Ry\u016b to Odoru",
        "songName": "divine criminal",
        "artist": "fripSide",
        "type": "Opening 1",
        "correctCount": 29,
        "startTime": 25,
        "songDuration": 86.712,
        "songNumber": 35,
        "activePlayerCount": 237,
        "LinkVideo": "https://files.catbox.moe/7sr5z2.webm",
        "LinkMp3": "https://files.catbox.moe/0t5dn9.mp3"
    },
    {
        "animeEng": "Space\u2606Dandy",
        "animeRomaji": "Space\u2606Dandy",
        "songName": "ANATATO",
        "artist": "LUVRAW",
        "type": "Insert Song",
        "correctCount": 94,
        "startTime": 27,
        "songDuration": 76.056,
        "songNumber": 36,
        "activePlayerCount": 237,
        "LinkVideo": "https://files.catbox.moe/6plxmo.webm",
        "LinkMp3": "https://files.catbox.moe/bdgzq1.mp3"
    },
    {
        "animeEng": "To Be Hero",
        "animeRomaji": "To Be Hero",
        "songName": "Ai ni Koiyo",
        "artist": "BRATS",
        "type": "Opening 1",
        "correctCount": 40,
        "startTime": 11,
        "songDuration": 57.408,
        "songNumber": 37,
        "activePlayerCount": 237,
        "LinkVideo": "https://files.catbox.moe/ajsbs9.webm",
        "LinkMp3": "https://files.catbox.moe/yf4hd6.mp3"
    },
    {
        "animeEng": "Case file n\u00b0221 : Kabukicho",
        "animeRomaji": "Kabukich\u014d Sherlock",
        "songName": "CAPTURE",
        "artist": "EGO-WRAPPIN'",
        "type": "Opening 1",
        "correctCount": 87,
        "startTime": 47,
        "songDuration": 88.728,
        "songNumber": 38,
        "activePlayerCount": 236,
        "LinkVideo": "https://files.catbox.moe/93w5n8.webm",
        "LinkMp3": "https://files.catbox.moe/0n3wf3.mp3"
    },
    {
        "animeEng": "JoJo's Bizarre Adventure: Stardust Crusaders",
        "animeRomaji": "JoJo no Kimy\u014d na B\u014dken: Stardust Crusaders",
        "songName": "Akuyaku Ky\u014ds\u014dkyoku ~ Horu Hoosu to Boingo~",
        "artist": "Hidenobu Kiuchi & Motoko Kumai",
        "type": "Ending 3",
        "correctCount": 131,
        "startTime": 9,
        "songDuration": 89.568,
        "songNumber": 39,
        "activePlayerCount": 236,
        "LinkVideo": "https://files.catbox.moe/fsb1p9.webm",
        "LinkMp3": "https://files.catbox.moe/x6vrpj.mp3"
    },
    {
        "animeEng": "Galvion",
        "animeRomaji": "Ch\u014d Kosoku Galvion",
        "songName": "Lonely Chaser",
        "artist": "Riyuko Tanaka",
        "type": "Opening 1",
        "correctCount": 5,
        "startTime": 4,
        "songDuration": 78.096,
        "songNumber": 40,
        "activePlayerCount": 235,
        "LinkVideo": "https://files.catbox.moe/pcdel5.webm",
        "LinkMp3": "https://files.catbox.moe/0iw5z7.mp3",
        "correctPlayers": [
            "SrueyaF",
            "Zylda",
            "Kisidy",
            "Samuel_KuroYuki",
            "80s"
        ]
    },
    {
        "animeEng": "ACCA: 13-Territory Inspection Dept. Regards",
        "animeRomaji": "ACCA 13-Ku Kansatsu-Ka Regards",
        "songName": "Our Place",
        "artist": "ONE III NOTES",
        "type": "Ending 1",
        "correctCount": 34,
        "startTime": 15,
        "songDuration": 105.36,
        "songNumber": 41,
        "activePlayerCount": 235,
        "LinkVideo": "https://files.catbox.moe/71i2c5.webm",
        "LinkMp3": "https://files.catbox.moe/2xj4kk.mp3"
    },
    {
        "animeEng": "Rosario + Vampire Capu2",
        "animeRomaji": "Rosario to Vampire Capu2",
        "songName": "DISCOTHEQUE",
        "artist": "Nana Mizuki",
        "type": "Opening 1",
        "correctCount": 130,
        "startTime": 25,
        "songDuration": 92.184,
        "songNumber": 42,
        "activePlayerCount": 234,
        "LinkVideo": "https://files.catbox.moe/fi904d.webm",
        "LinkMp3": "https://files.catbox.moe/95fdjb.mp3"
    },
    {
        "animeEng": "My Little Monster",
        "animeRomaji": "Tonari no Kaibutsu-kun",
        "songName": "Q&A Recital!",
        "artist": "Haruka Tomatsu",
        "type": "Opening 1",
        "correctCount": 132,
        "startTime": 32,
        "songDuration": 90.072,
        "songNumber": 43,
        "activePlayerCount": 235,
        "LinkVideo": "https://files.catbox.moe/wu4hgp.webm",
        "LinkMp3": "https://files.catbox.moe/qahkeq.mp3"
    },
    {
        "animeEng": "How Not to Summon a Demon Lord",
        "animeRomaji": "Isekai Ma\u014d to Sh\u014dkan Sh\u014djo no Dorei Majutsu",
        "songName": "DeCIDE",
        "artist": "SUMMONERS 2+",
        "type": "Opening 1",
        "correctCount": 87,
        "startTime": 16,
        "songDuration": 88.56,
        "songNumber": 44,
        "activePlayerCount": 234,
        "LinkVideo": "https://files.catbox.moe/yvs4w4.webm",
        "LinkMp3": "https://files.catbox.moe/pzo2c2.mp3"
    },
    {
        "animeEng": "Berserk: The Golden Age Arc I - The Egg of the King",
        "animeRomaji": "Berserk \u014cgon Jidai-Hen I: Ha\u014d no Tamago",
        "songName": "Aria",
        "artist": "Susumu Hirasawa",
        "type": "Opening 1",
        "correctCount": 172,
        "startTime": 51,
        "songDuration": 93.768,
        "songNumber": 45,
        "activePlayerCount": 233,
        "LinkVideo": "https://files.catbox.moe/mqf8zg.webm",
        "LinkMp3": "https://files.catbox.moe/84yfak.mp3"
    },
    {
        "animeEng": "Dragon Ball Z",
        "animeRomaji": "Dragon Ball Z",
        "songName": "Shura-Iro no Senshi",
        "artist": "Koji Kaya",
        "type": "Insert Song",
        "correctCount": 38,
        "startTime": 158,
        "songDuration": 206.904,
        "songNumber": 46,
        "activePlayerCount": 233,
        "LinkVideo": "https://files.catbox.moe/teb8sa.webm",
        "LinkMp3": "https://files.catbox.moe/pikpf7.mp3"
    },
    {
        "animeEng": "Major",
        "animeRomaji": "Major",
        "songName": "Kokoro E",
        "artist": "Road of Major",
        "type": "Opening 1",
        "correctCount": 65,
        "startTime": 4,
        "songDuration": 97.056,
        "songNumber": 47,
        "activePlayerCount": 233,
        "LinkVideo": "https://files.catbox.moe/qydsr3.webm",
        "LinkMp3": "https://files.catbox.moe/vpopp4.mp3"
    },
    {
        "animeEng": "Tomorrow's Nadja",
        "animeRomaji": "Ashita no Nadja",
        "songName": "Que Sera, Sera",
        "artist": "Ami Koshimizu",
        "type": "Ending 1",
        "correctCount": 19,
        "startTime": 47,
        "songDuration": 88.584,
        "songNumber": 48,
        "activePlayerCount": 234,
        "LinkVideo": "https://files.catbox.moe/mwtbtc.webm",
        "LinkMp3": "https://files.catbox.moe/kbhkep.mp3"
    },
    {
        "animeEng": "Fafner EXODUS",
        "animeRomaji": "S\u014dky\u016b no Fafner: Dead Aggressor: Exodus",
        "songName": "Exist",
        "artist": "angela",
        "type": "Opening 1",
        "correctCount": 43,
        "startTime": 56,
        "songDuration": 89.064,
        "songNumber": 49,
        "activePlayerCount": 234,
        "LinkVideo": "https://files.catbox.moe/9r6iyr.webm",
        "LinkMp3": "https://files.catbox.moe/2g300l.mp3"
    },
    {
        "animeEng": "Oda Cinnamon Nobunaga",
        "animeRomaji": "Oda Shinnamon Nobunaga",
        "songName": "Eternal Zunda, Edamame Forever",
        "artist": "Date-gumi",
        "type": "Insert Song",
        "correctCount": 3,
        "startTime": 33,
        "songDuration": 96.768,
        "songNumber": 50,
        "activePlayerCount": 233,
        "LinkVideo": "https://files.catbox.moe/z4qixe.webm",
        "LinkMp3": "https://files.catbox.moe/zxjzhy.mp3",
        "correctPlayers": [
            "MIssMcPhisto",
            "Anwonu",
            "Moegi"
        ]
    },
    {
        "animeEng": "YU-NO: A Girl Who Chants Love at the Bound of This World",
        "animeRomaji": "Kono Yo no Hate de Koi o Utau Sh\u014djo YU-NO",
        "songName": "MOTHER",
        "artist": "Konomi Suzuki",
        "type": "Opening 2",
        "correctCount": 36,
        "startTime": 10,
        "songDuration": 89.064,
        "songNumber": 51,
        "activePlayerCount": 233,
        "LinkVideo": "https://files.catbox.moe/v23rg2.webm",
        "LinkMp3": "https://files.catbox.moe/7iv7dj.mp3"
    },
    {
        "animeEng": "Himitsu Kessha Taka no Tsume MAX",
        "animeRomaji": "Himitsu Kessha Taka no Tsume MAX",
        "songName": "Polka de Taka no Tsume",
        "artist": "FROGMAN to Red Chili Gasshou-dan",
        "type": "Ending 4",
        "correctCount": 6,
        "startTime": 0,
        "songDuration": 28.752,
        "songNumber": 52,
        "activePlayerCount": 233,
        "LinkVideo": "https://files.catbox.moe/tvihv7.webm",
        "LinkMp3": "https://files.catbox.moe/esen9m.mp3"
    },
    {
        "animeEng": "Cells at Work!",
        "animeRomaji": "Hataraku Saib\u014d",
        "songName": "Mission! Ken - K\u014d - Dai - Ichi",
        "artist": "Kana Hanazawa, Tomoaki Maeno, Daisuke Ono, Kikuko Inoue",
        "type": "Opening 1",
        "correctCount": 204,
        "startTime": 5,
        "songDuration": 89.99029,
        "songNumber": 53,
        "activePlayerCount": 232,
        "LinkVideo": "https://files.catbox.moe/45fnex.webm",
        "LinkMp3": "https://files.catbox.moe/stj7g9.mp3"
    },
    {
        "animeEng": "Spirited Away",
        "animeRomaji": "Sen to Chihiro no Kamikakushi",
        "songName": "Itsumo Nando demo",
        "artist": "Yumi Kimura",
        "type": "Ending 1",
        "correctCount": 133,
        "startTime": 142,
        "songDuration": 208.992,
        "songNumber": 54,
        "activePlayerCount": 232,
        "LinkVideo": "https://files.catbox.moe/q1bp5n.webm",
        "LinkMp3": "https://files.catbox.moe/lx3fvx.mp3"
    },
    {
        "animeEng": "A Certain Magical Index II",
        "animeRomaji": "Toaru Majutsu no Index II",
        "songName": "No buts!",
        "artist": "Mami Kawada",
        "type": "Opening 1",
        "correctCount": 131,
        "startTime": 43,
        "songDuration": 89.832,
        "songNumber": 55,
        "activePlayerCount": 231,
        "LinkVideo": "https://files.catbox.moe/d15oi2.webm",
        "LinkMp3": "https://files.catbox.moe/z43b82.mp3"
    },
    {
        "animeEng": "The Misfit of Demon King Academy",
        "animeRomaji": "Ma\u014d Gakuin no Futekig\u014dsha",
        "songName": "Hamidashimono",
        "artist": "Tomori Kusunoki",
        "type": "Ending 1",
        "correctCount": 63,
        "startTime": 13,
        "songDuration": 86.808,
        "songNumber": 56,
        "activePlayerCount": 231,
        "LinkVideo": "https://files.catbox.moe/4e2g6d.webm",
        "LinkMp3": "https://files.catbox.moe/lzpi6r.mp3"
    },
    {
        "animeEng": "One Piece Second Movie",
        "animeRomaji": "One Piece: Nejimaki Shima no B\u014dken",
        "songName": "Believe",
        "artist": "Folder5",
        "type": "Ending 1",
        "correctCount": 156,
        "startTime": 61,
        "songDuration": 103.128,
        "songNumber": 57,
        "activePlayerCount": 231,
        "LinkVideo": "https://files.catbox.moe/qe3id5.webm",
        "LinkMp3": "https://files.catbox.moe/yow5jd.mp3"
    },
    {
        "animeEng": "Pikachu and Pichu",
        "animeRomaji": "Pichu to Pikachu",
        "songName": "Tomodachi Kinenbu",
        "artist": "Noriko Sakai & Naoto Takenaka",
        "type": "Ending 1",
        "correctCount": 6,
        "startTime": 168,
        "songDuration": 216.048,
        "songNumber": 58,
        "activePlayerCount": 231,
        "LinkVideo": "https://files.catbox.moe/msh05z.webm",
        "LinkMp3": "https://files.catbox.moe/g4d3n6.mp3"
    },
    {
        "animeEng": "Zambot 3",
        "animeRomaji": "Muteki Ch\u014djin Zambot 3",
        "songName": "Ike! Zambot 3",
        "artist": "Ichiro Horimitsu, The Blessin' Four, The Chirps",
        "type": "Opening 1",
        "correctCount": 153,
        "startTime": 47,
        "songDuration": 89.064,
        "songNumber": 59,
        "activePlayerCount": 233,
        "LinkVideo": "https://files.catbox.moe/awikmr.webm",
        "LinkMp3": "https://files.catbox.moe/ew2npk.mp3"
    },
    {
        "animeEng": "Casshan",
        "animeRomaji": "Shinz\u014d Ningen Casshan",
        "songName": "Tatakae! Casshan",
        "artist": "Isao Sasaki",
        "type": "Opening 1",
        "correctCount": 9,
        "startTime": 19,
        "songDuration": 63.552,
        "songNumber": 60,
        "activePlayerCount": 233,
        "LinkVideo": "https://files.catbox.moe/wyggwj.webm",
        "LinkMp3": "https://files.catbox.moe/g8l90g.mp3"
    },
    {
        "animeEng": "RisPara",
        "animeRomaji": "Ristorante Paradiso",
        "songName": "Marigold",
        "artist": "orange pekoe",
        "type": "Opening 1",
        "correctCount": 19,
        "startTime": 22,
        "songDuration": 77.064,
        "songNumber": 61,
        "activePlayerCount": 233,
        "LinkVideo": "https://files.catbox.moe/3cwyvd.webm",
        "LinkMp3": "https://files.catbox.moe/ox2jei.mp3"
    },
    {
        "animeEng": "Fresh Precure! Omocha no Kuni wa Himitsu ga Ippai!?",
        "animeRomaji": "Fresh Precure! Omocha no Kuni wa Himitsu ga Ippai!?",
        "songName": "Let's! Fresh Precure! ~Hybrid Version~ for the Movie",
        "artist": "Moie Mizuki with Cure Fresh!",
        "type": "Opening 1",
        "correctCount": 82,
        "startTime": 44,
        "songDuration": 83.928,
        "songNumber": 62,
        "activePlayerCount": 232,
        "LinkVideo": "https://files.catbox.moe/bkyv0x.webm",
        "LinkMp3": "https://files.catbox.moe/tkpgko.mp3"
    },
    {
        "animeEng": "Arpeggio of Blue Steel -Ars Nova-",
        "animeRomaji": "Aoki Hagane no Arpeggio: Ars Nova",
        "songName": "Silver Sky",
        "artist": "nano",
        "type": "Insert Song",
        "correctCount": 24,
        "startTime": 14,
        "songDuration": 193.968,
        "songNumber": 63,
        "activePlayerCount": 232,
        "LinkVideo": "https://files.catbox.moe/g073jc.webm",
        "LinkMp3": "https://files.catbox.moe/u5px2t.mp3"
    },
    {
        "animeEng": "Nora, Princess, and Stray Cat",
        "animeRomaji": "Nora to \u014cjo to Noraneko Heart",
        "songName": "Ne! Ko!",
        "artist": "Natsumi Takamori, Eri Sendai, Yuu Asakawa, Atsumi Tanezaki",
        "type": "Opening 1",
        "correctCount": 52,
        "startTime": 1,
        "songDuration": 47.448,
        "songNumber": 64,
        "activePlayerCount": 232,
        "LinkVideo": "https://files.catbox.moe/qlz67a.webm",
        "LinkMp3": "https://files.catbox.moe/zaakea.mp3"
    },
    {
        "animeEng": "Yuri Seijin Naoko-san",
        "animeRomaji": "Yuri Seijin Naoko-san",
        "songName": "Yuri Seijin Naoko-san",
        "artist": "MOSAIC.WAV",
        "type": "Opening 1",
        "correctCount": 63,
        "startTime": 0,
        "songDuration": 110.182596,
        "songNumber": 65,
        "activePlayerCount": 232,
        "LinkVideo": "https://files.catbox.moe/r02f4e.webm",
        "LinkMp3": "https://files.catbox.moe/if7f8z.mp3"
    },
    {
        "animeEng": "Hantsu x Trash",
        "animeRomaji": "Hantsu x Trash",
        "songName": "Hachamecha x Strike",
        "artist": "i\u2606Ris",
        "type": "Ending 1",
        "correctCount": 6,
        "startTime": 36,
        "songDuration": 131.568,
        "songNumber": 66,
        "activePlayerCount": 232,
        "LinkVideo": "https://files.catbox.moe/4areyw.webm",
        "LinkMp3": "https://files.catbox.moe/uq9x25.mp3"
    },
    {
        "animeEng": "Psychic Force",
        "animeRomaji": "Psychic Force",
        "songName": "Love Can Save the World",
        "artist": "Tomokazu Seki & Kyousei Tsukui",
        "type": "Ending 1",
        "correctCount": 1,
        "startTime": 165,
        "songDuration": 200.068398,
        "songNumber": 67,
        "activePlayerCount": 231,
        "LinkVideo": "https://files.catbox.moe/q5ch55.webm",
        "LinkMp3": "https://files.catbox.moe/qn9tm7.mp3",
        "correctPlayers": [
            "Bobocan"
        ]
    },
    {
        "animeEng": "Squid Girl Season 2",
        "animeRomaji": "Shinryaku!? Ika Musume",
        "songName": "HIGH POWERED",
        "artist": "Sphere",
        "type": "Opening 1",
        "correctCount": 28,
        "startTime": 42,
        "songDuration": 89.04,
        "songNumber": 68,
        "activePlayerCount": 231,
        "LinkVideo": "https://files.catbox.moe/dn79s7.webm",
        "LinkMp3": "https://files.catbox.moe/g1iyel.mp3"
    },
    {
        "animeEng": "Persona -trinity soul-",
        "animeRomaji": "Persona -trinity soul-",
        "songName": "Burn My Dread",
        "artist": "Yumi Kawamura",
        "type": "Insert Song",
        "correctCount": 96,
        "startTime": 0,
        "songDuration": 24.24,
        "songNumber": 69,
        "activePlayerCount": 230,
        "LinkVideo": "https://files.catbox.moe/iekzw1.webm",
        "LinkMp3": "https://files.catbox.moe/5oye09.mp3"
    },
    {
        "animeEng": "Mah\u014dtsukai Chappy",
        "animeRomaji": "Mah\u014dtsukai Chappy",
        "songName": "Mahoutsukai Chappy",
        "artist": "Singers Three",
        "type": "Opening 1",
        "correctCount": 177,
        "startTime": 11,
        "songDuration": 46.032,
        "songNumber": 70,
        "activePlayerCount": 229,
        "LinkVideo": "https://files.catbox.moe/ro7emz.webm",
        "LinkMp3": "https://files.catbox.moe/x156wa.mp3"
    },
    {
        "animeEng": "Non Non Biyori Vacation",
        "animeRomaji": "Non Non Biyori Vacation",
        "songName": "Ao no Rakugaki",
        "artist": "nano.RIPE",
        "type": "Opening 1",
        "correctCount": 82,
        "startTime": 14,
        "songDuration": 100.224,
        "songNumber": 71,
        "activePlayerCount": 228,
        "LinkVideo": "https://files.catbox.moe/sj57yq.webm",
        "LinkMp3": "https://files.catbox.moe/5xm928.mp3"
    },
    {
        "animeEng": "Kaiji: Ultimate Survivor",
        "animeRomaji": "Kaiji: Ultimate Survivor",
        "songName": "Mirai wa Bokura no Te no Naka",
        "artist": "Masato Hagiawa with Redbourn Cherries",
        "type": "Opening 1",
        "correctCount": 141,
        "startTime": 10,
        "songDuration": 48.142846,
        "songNumber": 72,
        "activePlayerCount": 228,
        "LinkVideo": "https://files.catbox.moe/xkg010.webm",
        "LinkMp3": "https://files.catbox.moe/h3x4ma.mp3"
    },
    {
        "animeEng": "Heaven's Memo Pad",
        "animeRomaji": "Kamisama no Memoch\u014d",
        "songName": "Kawaru Mirai",
        "artist": "ChouCho",
        "type": "Opening 1",
        "correctCount": 56,
        "startTime": 26,
        "songDuration": 88.416,
        "songNumber": 73,
        "activePlayerCount": 229,
        "LinkVideo": "https://files.catbox.moe/kbximg.webm",
        "LinkMp3": "https://files.catbox.moe/bh1elv.mp3"
    },
    {
        "animeEng": "Eden of the East: Paradise Lost",
        "animeRomaji": "Higashi no Eden Gekij\u014dban II: Paradise Lost",
        "songName": "Reveal the World",
        "artist": "BRENDA VAUGHN",
        "type": "Insert Song",
        "correctCount": 37,
        "startTime": 28,
        "songDuration": 238.337128,
        "songNumber": 74,
        "activePlayerCount": 228,
        "LinkVideo": "https://files.catbox.moe/yuxm78.webm",
        "LinkMp3": "https://files.catbox.moe/a5ul64.mp3"
    },
    {
        "animeEng": "Hiiro no Kakera - The Tamayori Princess Saga",
        "animeRomaji": "Hiiro no Kakera",
        "songName": "Kono Te de Idaki Tomeru kara",
        "artist": "Shuhei Kita",
        "type": "Ending 1",
        "correctCount": 7,
        "startTime": 13,
        "songDuration": 101.16,
        "songNumber": 75,
        "activePlayerCount": 227,
        "LinkVideo": "https://files.catbox.moe/i2rv5i.webm",
        "LinkMp3": "https://files.catbox.moe/7eisdd.mp3"
    }
]