[
    {
        "animeEng": "Dual! Parallel Trouble Adventures Special",
        "animeRomaji": "Dual! Parallel Lun-lun Monogatari Special",
        "songName": "call",
        "artist": "UNIVERS\u2605L D",
        "type": "Insert Song",
        "correctCount": 0,
        "startTime": 59,
        "songDuration": 132.83037,
        "songNumber": 1,
        "activePlayerCount": 255,
        "LinkVideo": "https://files.catbox.moe/evymvx.webm",
        "LinkMp3": "https://files.catbox.moe/3zkxlw.mp3"
    },
    {
        "animeEng": "Cinderella Boy",
        "animeRomaji": "Cinderella Boy",
        "songName": "Cinderella Boy",
        "artist": "DOMINO88",
        "type": "Opening 1",
        "correctCount": 6,
        "startTime": 33,
        "songDuration": 88.527458,
        "songNumber": 2,
        "activePlayerCount": 260,
        "LinkVideo": "https://files.catbox.moe/992u3u.webm",
        "LinkMp3": "https://files.catbox.moe/dand3a.mp3"
    },
    {
        "animeEng": "Twin Star Exorcists",
        "animeRomaji": "S\u014dsei no Onmy\u014dji",
        "songName": "Kanadeai",
        "artist": "Itowokashi",
        "type": "Opening 4",
        "correctCount": 84,
        "startTime": 39,
        "songDuration": 89.568,
        "songNumber": 3,
        "activePlayerCount": 263,
        "LinkVideo": "https://files.catbox.moe/ee0ivi.webm",
        "LinkMp3": "https://files.catbox.moe/a2i2zd.mp3"
    },
    {
        "animeEng": "Inazuma Eleven GO: Galaxy",
        "animeRomaji": "Inazuma Eleven GO: Galaxy",
        "songName": "Supernova!",
        "artist": "T-Pistonz+KMC",
        "type": "Opening 3",
        "correctCount": 71,
        "startTime": 25,
        "songDuration": 84.191206,
        "songNumber": 4,
        "activePlayerCount": 260,
        "LinkVideo": "https://files.catbox.moe/xgba9h.webm",
        "LinkMp3": "https://files.catbox.moe/80kbcb.mp3"
    },
    {
        "animeEng": "Sanch\u014dme no Y\u016bhi",
        "animeRomaji": "Sanch\u014dme no Y\u016bhi",
        "songName": "WHAT A WONDERFUL WORLD",
        "artist": "Kumiko Mori",
        "type": "Ending 1",
        "correctCount": 3,
        "startTime": 25,
        "songDuration": 72.696,
        "songNumber": 5,
        "activePlayerCount": 259,
        "LinkVideo": "https://files.catbox.moe/luiy0f.webm",
        "LinkMp3": "https://files.catbox.moe/ay0mar.mp3",
        "correctPlayers": [
            "Anwonu",
            "KamiNoChikara",
            "Kuzushiro"
        ]
    },
    {
        "animeEng": "Hanamaru Kindergarten",
        "animeRomaji": "Hanamaru Kindergarten",
        "songName": "Yasashii Hidamari",
        "artist": "Erino Hazuki",
        "type": "Insert Song",
        "correctCount": 8,
        "startTime": 28,
        "songDuration": 75.388092,
        "songNumber": 6,
        "activePlayerCount": 259,
        "LinkVideo": "https://files.catbox.moe/s0x0qg.webm",
        "LinkMp3": "https://files.catbox.moe/u8htiv.mp3"
    },
    {
        "animeEng": "Saint Seiya: Warriors of the Final Holy Battle",
        "animeRomaji": "Saint Seiya: Saish\u016b Seisen no Senshi-tachi",
        "songName": "Soldier Dream",
        "artist": "Hironobu Kageyama & BROADWAY",
        "type": "Opening 1",
        "correctCount": 145,
        "startTime": 8,
        "songDuration": 78.264,
        "songNumber": 7,
        "activePlayerCount": 259,
        "LinkVideo": "https://files.catbox.moe/cjf78t.webm",
        "LinkMp3": "https://files.catbox.moe/n73gl6.mp3"
    },
    {
        "animeEng": "Yamishibai: Japanese Ghost Stories",
        "animeRomaji": "Yami Shibai",
        "songName": "Kaifuu Emaki",
        "artist": "AVtechNO! feat. Hatsune Miku",
        "type": "Ending 1",
        "correctCount": 141,
        "startTime": 0,
        "songDuration": 24.864,
        "songNumber": 8,
        "activePlayerCount": 255,
        "LinkVideo": "https://files.catbox.moe/2albpr.webm",
        "LinkMp3": "https://files.catbox.moe/m60vkf.mp3"
    },
    {
        "animeEng": "Beyond the Boundary -I'LL BE HERE- Past",
        "animeRomaji": "Gekij\u014dban Ky\u014dkai no Kanata -I'll Be Here- Kako-hen",
        "songName": "Ky\u014dkai no Kanata",
        "artist": "Minori Chihara",
        "type": "Insert Song",
        "correctCount": 184,
        "startTime": 2,
        "songDuration": 87.984,
        "songNumber": 9,
        "activePlayerCount": 254,
        "LinkVideo": "https://files.catbox.moe/tyh8r1.webm",
        "LinkMp3": "https://files.catbox.moe/adil6e.mp3"
    },
    {
        "animeEng": "Made in Abyss: Dawn of the Deep Soul",
        "animeRomaji": "Made in Abyss: Fukaki Tamashii no Reimei",
        "songName": "FOREVER LOST",
        "artist": "MYTH & ROID",
        "type": "Ending 1",
        "correctCount": 85,
        "startTime": 118,
        "songDuration": 248.832,
        "songNumber": 10,
        "activePlayerCount": 253,
        "LinkVideo": "https://files.catbox.moe/vpr7qa.webm",
        "LinkMp3": "https://files.catbox.moe/g4yhsf.mp3"
    },
    {
        "animeEng": "B-PROJECT",
        "animeRomaji": "B-PROJECT-Kodo Ambitious-",
        "songName": "Kod\u014d Ambitious",
        "artist": "B-PROJECT",
        "type": "Ending 2",
        "correctCount": 33,
        "startTime": 4,
        "songDuration": 44.712,
        "songNumber": 11,
        "activePlayerCount": 252,
        "LinkVideo": "https://files.catbox.moe/2qp8vu.webm",
        "LinkMp3": "https://files.catbox.moe/9pm2lw.mp3"
    },
    {
        "animeEng": "Aikatsu Friends!",
        "animeRomaji": "Aikatsu Friends!",
        "songName": "Believe it",
        "artist": "Karen\u30fbMirai from BEST FRIENDS!",
        "type": "Insert Song",
        "correctCount": 35,
        "startTime": 65,
        "songDuration": 117.768,
        "songNumber": 12,
        "activePlayerCount": 252,
        "LinkVideo": "https://files.catbox.moe/z6mih6.webm",
        "LinkMp3": "https://files.catbox.moe/r14pv3.mp3"
    },
    {
        "animeEng": "Starlight Promises",
        "animeRomaji": "Yakusoku no Nanaya Matsuri",
        "songName": "Awai",
        "artist": "Anri Kumaki",
        "type": "Ending 1",
        "correctCount": 2,
        "startTime": 64,
        "songDuration": 249.48,
        "songNumber": 13,
        "activePlayerCount": 252,
        "LinkVideo": "https://files.catbox.moe/v6a9f0.webm",
        "LinkMp3": "https://files.catbox.moe/82tc1z.mp3",
        "correctPlayers": [
            "Jokobo",
            "Chaoslitz"
        ]
    },
    {
        "animeEng": "Gintama'",
        "animeRomaji": "Gintama'",
        "songName": "Samurai Heart (Some Like It Hot!!)",
        "artist": "SPYAIR",
        "type": "Ending 1",
        "correctCount": 118,
        "startTime": 45,
        "songDuration": 85.68,
        "songNumber": 14,
        "activePlayerCount": 251,
        "LinkVideo": "https://files.catbox.moe/yvvgub.webm",
        "LinkMp3": "https://files.catbox.moe/v3gnhm.mp3"
    },
    {
        "animeEng": "Hidamari Sketch \u00d7 365",
        "animeRomaji": "Hidamari Sketch \u00d7 365",
        "songName": "Ry\u016bsei Record",
        "artist": "marble",
        "type": "Ending 1",
        "correctCount": 31,
        "startTime": 43,
        "songDuration": 89.424,
        "songNumber": 15,
        "activePlayerCount": 250,
        "LinkVideo": "https://files.catbox.moe/ubb16u.webm",
        "LinkMp3": "https://files.catbox.moe/eopqu7.mp3"
    },
    {
        "animeEng": "Darker than Black: Gemini of the Meteor",
        "animeRomaji": "Darker than Black: Gemini of the Meteor",
        "songName": "Tsukiakari no Michishirube",
        "artist": "Stereopony",
        "type": "Opening 1",
        "correctCount": 150,
        "startTime": 53,
        "songDuration": 91.056,
        "songNumber": 16,
        "activePlayerCount": 250,
        "LinkVideo": "https://files.catbox.moe/8kezdj.webm",
        "LinkMp3": "https://files.catbox.moe/kkg29g.mp3"
    },
    {
        "animeEng": "My-HiME",
        "animeRomaji": "Mai-HiME",
        "songName": "Mezame",
        "artist": "Hanae Tomaru",
        "type": "Insert Song",
        "correctCount": 17,
        "startTime": 16,
        "songDuration": 117.576,
        "songNumber": 17,
        "activePlayerCount": 251,
        "LinkVideo": "https://files.catbox.moe/tnuhjj.webm",
        "LinkMp3": "https://files.catbox.moe/gl42tu.mp3"
    },
    {
        "animeEng": "Akira",
        "animeRomaji": "Akira",
        "songName": "Kaneda",
        "artist": "Geinoh Yamashiro-gumi",
        "type": "Insert Song",
        "correctCount": 155,
        "startTime": 51,
        "songDuration": 114.257628,
        "songNumber": 18,
        "activePlayerCount": 249,
        "LinkVideo": "https://files.catbox.moe/gc1jkq.webm",
        "LinkMp3": "https://files.catbox.moe/9upqcs.mp3"
    },
    {
        "animeEng": "A Little Snow Fairy Sugar Special",
        "animeRomaji": "Chicchana Yukitsukai Sugar Special",
        "songName": "Sugar Baby Love",
        "artist": "Yoko Ishida",
        "type": "Opening 1",
        "correctCount": 17,
        "startTime": 22,
        "songDuration": 90.072,
        "songNumber": 19,
        "activePlayerCount": 248,
        "LinkVideo": "https://files.catbox.moe/hsw6dg.webm",
        "LinkMp3": "https://files.catbox.moe/t6bf4z.mp3"
    },
    {
        "animeEng": "Oblivion Island: Haruka and the Magic Mirror",
        "animeRomaji": "Hottarake no Shima - Haruka to Mah\u014d no Kagami",
        "songName": "Kimi wa Taiyou",
        "artist": "Spitz",
        "type": "Ending 1",
        "correctCount": 5,
        "startTime": 256,
        "songDuration": 297.816,
        "songNumber": 20,
        "activePlayerCount": 248,
        "LinkVideo": "https://files.catbox.moe/lssltg.webm",
        "LinkMp3": "https://files.catbox.moe/n9e242.mp3",
        "correctPlayers": [
            "DKing20",
            "Samuel_KuroYuki",
            "Naerra",
            "junninbr",
            "Aleister_Crowley"
        ]
    },
    {
        "animeEng": "Tenchi in Tokyo",
        "animeRomaji": "Shin Tenchi Muyo",
        "songName": "Yamerarenai Yamerarenai",
        "artist": "Tenchi Muyou! no Hitobito",
        "type": "Ending 1",
        "correctCount": 31,
        "startTime": 26,
        "songDuration": 80.496,
        "songNumber": 21,
        "activePlayerCount": 248,
        "LinkVideo": "https://files.catbox.moe/vraz0z.webm",
        "LinkMp3": "https://files.catbox.moe/vhr5qr.mp3"
    },
    {
        "animeEng": "Kait\u014d Tenshi Twin Angel: Kyun Kyun Tokimeki Paradise!!",
        "animeRomaji": "Kait\u014d Tenshi Twin Angel: Kyun Kyun Tokimeki Paradise!!",
        "songName": "Onna no Kotte Maji Ch\u014d Angel!!",
        "artist": "ave;new project feat. Saori Sakura & Rie Shirasawa",
        "type": "Opening 1",
        "correctCount": 20,
        "startTime": 39,
        "songDuration": 89.311118,
        "songNumber": 22,
        "activePlayerCount": 248,
        "LinkVideo": "https://files.catbox.moe/o2txlw.webm",
        "LinkMp3": "https://files.catbox.moe/lpz25p.mp3"
    },
    {
        "animeEng": "Saint Seiya: Evil Goddess Eris",
        "animeRomaji": "Saint Seiya: Jashin Eris",
        "songName": "Pegasus Fantasy",
        "artist": "MAKE-UP",
        "type": "Opening 1",
        "correctCount": 215,
        "startTime": 14,
        "songDuration": 82.968,
        "songNumber": 23,
        "activePlayerCount": 247,
        "LinkVideo": "https://files.catbox.moe/w7t8yo.webm",
        "LinkMp3": "https://files.catbox.moe/pqfrcp.mp3"
    },
    {
        "animeEng": "The World of Narue",
        "animeRomaji": "Narue no Sekai",
        "songName": "Ice Cream",
        "artist": "Saeko Chiba",
        "type": "Ending 1",
        "correctCount": 9,
        "startTime": 34,
        "songDuration": 88.968,
        "songNumber": 24,
        "activePlayerCount": 248,
        "LinkVideo": "https://files.catbox.moe/gkpn13.webm",
        "LinkMp3": "https://files.catbox.moe/ld4p7r.mp3"
    },
    {
        "animeEng": "Tokyo Tribe 2",
        "animeRomaji": "Tokyo Tribe 2",
        "songName": "TOP OF TOKYO",
        "artist": "ILLMATIC BUDDHA MC's",
        "type": "Opening 1",
        "correctCount": 22,
        "startTime": 7,
        "songDuration": 90.51273,
        "songNumber": 25,
        "activePlayerCount": 248,
        "LinkVideo": "https://files.catbox.moe/dhgrwd.webm",
        "LinkMp3": "https://files.catbox.moe/efdz0t.mp3"
    },
    {
        "animeEng": "Senki Zessh\u014d Symphogear XV",
        "animeRomaji": "Senki Zessh\u014d Symphogear XV",
        "songName": "Apple",
        "artist": "Y\u014dko Hikasa & Yui Horie",
        "type": "Insert Song",
        "correctCount": 78,
        "startTime": 1,
        "songDuration": 35.304,
        "songNumber": 26,
        "activePlayerCount": 250,
        "LinkVideo": "https://files.catbox.moe/yhnvlu.webm",
        "LinkMp3": "https://files.catbox.moe/sc7kjv.mp3"
    },
    {
        "animeEng": "Comical Psychosomatic Medicine",
        "animeRomaji": "Comical Psychosomatic Medicine",
        "songName": "Karappo Capsule",
        "artist": "Maaya Uchida",
        "type": "Ending 1",
        "correctCount": 15,
        "startTime": 9,
        "songDuration": 45.06045,
        "songNumber": 27,
        "activePlayerCount": 249,
        "LinkVideo": "https://files.catbox.moe/58jrql.webm",
        "LinkMp3": "https://files.catbox.moe/mdukb2.mp3"
    },
    {
        "animeEng": "Pok\u00e9mon: Destiny Deoxys",
        "animeRomaji": "Pocket Monsters Advance Generation: Rekk\u016b no H\u014dmonsha",
        "songName": "This Side of Paradise",
        "artist": "Bree Sharp",
        "type": "Ending 1",
        "correctCount": 12,
        "startTime": 233,
        "songDuration": 318.29657,
        "songNumber": 28,
        "activePlayerCount": 249,
        "LinkVideo": "https://files.catbox.moe/tqjyax.webm",
        "LinkMp3": "https://files.catbox.moe/cxo53q.mp3"
    },
    {
        "animeEng": "The iDOLM@STER SideM: 315 Variety Pack! Made In Passion!",
        "animeRomaji": "The iDOLM@STER SideM: 315 Variety Pack! Made In Passion!",
        "songName": "Reason!!",
        "artist": "315 STARS",
        "type": "Ending 1",
        "correctCount": 46,
        "startTime": 21,
        "songDuration": 101.376,
        "songNumber": 29,
        "activePlayerCount": 249,
        "LinkVideo": "https://files.catbox.moe/gdc8x6.webm",
        "LinkMp3": "https://files.catbox.moe/wams7d.mp3"
    },
    {
        "animeEng": "Blade Runner: Black Out 2022",
        "animeRomaji": "Blade Runner: Black Out 2022",
        "songName": "Almost Human",
        "artist": "Lauren Daigle",
        "type": "Ending 1",
        "correctCount": 28,
        "startTime": 71,
        "songDuration": 121.728,
        "songNumber": 30,
        "activePlayerCount": 249,
        "LinkVideo": "https://files.catbox.moe/ijvo1v.webm",
        "LinkMp3": "https://files.catbox.moe/qnb8lv.mp3"
    },
    {
        "animeEng": "Queen Millennia",
        "animeRomaji": "Shin Taketori Monogatari Sennen Jo\u014d",
        "songName": "Cosmos Dream",
        "artist": "Masaki Takanashi",
        "type": "Opening 1",
        "correctCount": 3,
        "startTime": 30,
        "songDuration": 77.904,
        "songNumber": 31,
        "activePlayerCount": 249,
        "LinkVideo": "https://files.catbox.moe/wsbpky.webm",
        "LinkMp3": "https://files.catbox.moe/1rdn4n.mp3",
        "correctPlayers": [
            "Rukawa11",
            "Zylda",
            "Kisidy"
        ]
    },
    {
        "animeEng": "Future Card Buddyfight X: All-Star Fight",
        "animeRomaji": "Future Card Buddyfight X: All-Star Fight",
        "songName": "B.O.F",
        "artist": "Poppin'Party",
        "type": "Ending 1",
        "correctCount": 21,
        "startTime": 5,
        "songDuration": 88.919288,
        "songNumber": 32,
        "activePlayerCount": 248,
        "LinkVideo": "https://files.catbox.moe/m6phg6.webm",
        "LinkMp3": "https://files.catbox.moe/3dueyj.mp3"
    },
    {
        "animeEng": "Kirby: Right Back At Ya!",
        "animeRomaji": "Hoshi no Kirby",
        "songName": "Kirby!",
        "artist": "Hiroko Asakawa",
        "type": "Opening 2",
        "correctCount": 11,
        "startTime": 23,
        "songDuration": 89.650704,
        "songNumber": 33,
        "activePlayerCount": 248,
        "LinkVideo": "https://files.catbox.moe/p39elz.webm",
        "LinkMp3": "https://files.catbox.moe/to6g5e.mp3"
    },
    {
        "animeEng": "PePePePengiin",
        "animeRomaji": "PePePePengiin",
        "songName": "Docchi mo Docchi",
        "artist": "Usotsuki Tomato",
        "type": "Ending 1",
        "correctCount": 21,
        "startTime": 0,
        "songDuration": 18.886206,
        "songNumber": 34,
        "activePlayerCount": 247,
        "LinkVideo": "https://files.catbox.moe/akuemv.webm",
        "LinkMp3": "https://files.catbox.moe/aa79os.mp3"
    },
    {
        "animeEng": "Dance with Devils",
        "animeRomaji": "Dance with Devils",
        "songName": "Warera Shikou Gakuen Seitokai",
        "artist": "Shikou Gakuen Seitokai",
        "type": "Insert Song",
        "correctCount": 30,
        "startTime": 44,
        "songDuration": 89.712,
        "songNumber": 35,
        "activePlayerCount": 245,
        "LinkVideo": "https://files.catbox.moe/znyh4c.webm",
        "LinkMp3": "https://files.catbox.moe/yx135i.mp3"
    },
    {
        "animeEng": "Zone of the Enders",
        "animeRomaji": "Zone of the Enders",
        "songName": "ZONE OF THE ENDERS",
        "artist": "LAZY",
        "type": "Opening 1",
        "correctCount": 11,
        "startTime": 23,
        "songDuration": 83.856,
        "songNumber": 36,
        "activePlayerCount": 247,
        "LinkVideo": "https://files.catbox.moe/xj78s2.webm",
        "LinkMp3": "https://files.catbox.moe/geka2w.mp3"
    },
    {
        "animeEng": "Spiritpact -Bond of the Underworld-",
        "animeRomaji": "Spiritpact: K\u014dsen no Chigiri",
        "songName": "Taion",
        "artist": "Shuta Sueyoshi",
        "type": "Opening 1",
        "correctCount": 19,
        "startTime": 10,
        "songDuration": 89.712,
        "songNumber": 37,
        "activePlayerCount": 245,
        "LinkVideo": "https://files.catbox.moe/t5m7l7.webm",
        "LinkMp3": "https://files.catbox.moe/fjldfz.mp3"
    },
    {
        "animeEng": "The World Is Still Beautiful",
        "animeRomaji": "Soredemo Sekai wa Utsukushii",
        "songName": "PROMISE",
        "artist": "Rena Maeda",
        "type": "Ending 1",
        "correctCount": 32,
        "startTime": 5,
        "songDuration": 90.048,
        "songNumber": 38,
        "activePlayerCount": 243,
        "LinkVideo": "https://files.catbox.moe/ob36v6.webm",
        "LinkMp3": "https://files.catbox.moe/msqwgg.mp3"
    },
    {
        "animeEng": "Gakuen Toshi Varanoir",
        "animeRomaji": "Gakuen Toshi Varanoir",
        "songName": "Bridge",
        "artist": "Chihiro Yonekura",
        "type": "Opening 1",
        "correctCount": 2,
        "startTime": 30,
        "songDuration": 90.199266,
        "songNumber": 39,
        "activePlayerCount": 243,
        "LinkVideo": "https://files.catbox.moe/45u8z0.webm",
        "LinkMp3": "https://files.catbox.moe/zt1tof.mp3",
        "correctPlayers": [
            "Kaani",
            "Miki_P"
        ]
    },
    {
        "animeEng": "Run with the Wind",
        "animeRomaji": "Kaze ga Tsuyoku Fuiteiru",
        "songName": "Michi",
        "artist": "Taichi Mukai",
        "type": "Ending 2",
        "correctCount": 62,
        "startTime": 47,
        "songDuration": 87.665432,
        "songNumber": 40,
        "activePlayerCount": 243,
        "LinkVideo": "https://files.catbox.moe/0a3uod.webm",
        "LinkMp3": "https://files.catbox.moe/uijet9.mp3"
    },
    {
        "animeEng": "Yuki Yuna is a Hero: The Hero Chapter",
        "animeRomaji": "Y\u016bki Y\u016bna wa Y\u016bsha de Aru: Y\u016bsha no Sh\u014d",
        "songName": "Hanakotoba",
        "artist": "Sanshuu Chuugaku Yuusha-bu",
        "type": "Opening 1",
        "correctCount": 36,
        "startTime": 12,
        "songDuration": 88.56,
        "songNumber": 41,
        "activePlayerCount": 243,
        "LinkVideo": "https://files.catbox.moe/jj1fr3.webm",
        "LinkMp3": "https://files.catbox.moe/bfev5b.mp3"
    },
    {
        "animeEng": "Re:CREATORS",
        "animeRomaji": "Re:CREATORS",
        "songName": "BRAVE THE OCEAN",
        "artist": "Eliana",
        "type": "Insert Song",
        "correctCount": 108,
        "startTime": 64,
        "songDuration": 110.472,
        "songNumber": 42,
        "activePlayerCount": 241,
        "LinkVideo": "https://files.catbox.moe/jcj1no.webm",
        "LinkMp3": "https://files.catbox.moe/msdfo9.mp3"
    },
    {
        "animeEng": "Mobile Suit Gundam Unicorn RE:0096",
        "animeRomaji": "Kid\u014d Senshi Gundam Unicorn RE:0096",
        "songName": "StarRingChild",
        "artist": "Aimer",
        "type": "Ending 4",
        "correctCount": 71,
        "startTime": 51,
        "songDuration": 194.568,
        "songNumber": 43,
        "activePlayerCount": 241,
        "LinkVideo": "https://files.catbox.moe/ywyhy1.webm",
        "LinkMp3": "https://files.catbox.moe/r1rzl8.mp3"
    },
    {
        "animeEng": "Rascal Does Not Dream of Bunny Girl Senpai",
        "animeRomaji": "Seishun Buta Yar\u014d wa Bunny Girl-senpai no Yume o Minai",
        "songName": "Kimi no Sei",
        "artist": "the peggies",
        "type": "Opening 1",
        "correctCount": 206,
        "startTime": 25,
        "songDuration": 89.8351,
        "songNumber": 44,
        "activePlayerCount": 241,
        "LinkVideo": "https://files.catbox.moe/hm489o.webm",
        "LinkMp3": "https://files.catbox.moe/dcewot.mp3"
    },
    {
        "animeEng": "Interviews with Monster Girls",
        "animeRomaji": "Demi-chan wa Kataritai",
        "songName": "Original.",
        "artist": "TrySail",
        "type": "Opening 1",
        "correctCount": 112,
        "startTime": 48,
        "songDuration": 88.896,
        "songNumber": 45,
        "activePlayerCount": 238,
        "LinkVideo": "https://files.catbox.moe/rb7vlv.webm",
        "LinkMp3": "https://files.catbox.moe/0228wx.mp3"
    },
    {
        "animeEng": "Elfen Lied",
        "animeRomaji": "Elfen Lied",
        "songName": "LILIUM",
        "artist": "Kumiko Noma",
        "type": "Opening 1",
        "correctCount": 195,
        "startTime": 10,
        "songDuration": 89.570031,
        "songNumber": 46,
        "activePlayerCount": 238,
        "LinkVideo": "https://files.catbox.moe/7sxgan.webm",
        "LinkMp3": "https://files.catbox.moe/h44u8k.mp3"
    },
    {
        "animeEng": "Phantasy Star Online 2 Comic: Okawari",
        "animeRomaji": "Puso Ni Comi: Okawari",
        "songName": "Ni Co\u2606mmunication",
        "artist": "Amane + Beat Mario (COOL&CREATE)",
        "type": "Opening 1",
        "correctCount": 44,
        "startTime": 0,
        "songDuration": 17.064,
        "songNumber": 47,
        "activePlayerCount": 239,
        "LinkVideo": "https://files.catbox.moe/lzne0l.webm",
        "LinkMp3": "https://files.catbox.moe/s3of6l.mp3"
    },
    {
        "animeEng": "One Room Second Season",
        "animeRomaji": "One Room Second Season",
        "songName": "Poplar to Bokura no History",
        "artist": "Rie Takahashi",
        "type": "Ending 2",
        "correctCount": 39,
        "startTime": 0,
        "songDuration": 28.848,
        "songNumber": 48,
        "activePlayerCount": 239,
        "LinkVideo": "https://files.catbox.moe/m6trag.webm",
        "LinkMp3": "https://files.catbox.moe/3o32gp.mp3"
    },
    {
        "animeEng": "Vandread: The Second Stage",
        "animeRomaji": "Vandread: The Second Stage",
        "songName": "Somedays",
        "artist": "Donna Burke",
        "type": "Insert Song",
        "correctCount": 4,
        "startTime": 53,
        "songDuration": 134.04,
        "songNumber": 49,
        "activePlayerCount": 239,
        "LinkVideo": "https://files.catbox.moe/6md1b9.webm",
        "LinkMp3": "https://files.catbox.moe/j8134z.mp3",
        "correctPlayers": [
            "Blacky_Doll",
            "AkarinIchi",
            "ATP",
            "neulztan"
        ]
    },
    {
        "animeEng": "BanG Dream! FILM LIVE",
        "animeRomaji": "BanG Dream! FILM LIVE",
        "songName": "Egao no Orchestra!",
        "artist": "Hello, Happy World!",
        "type": "Insert Song",
        "correctCount": 79,
        "startTime": 5,
        "songDuration": 96.336,
        "songNumber": 50,
        "activePlayerCount": 238,
        "LinkVideo": "https://files.catbox.moe/b2aaw7.webm",
        "LinkMp3": "https://files.catbox.moe/mjdwrz.mp3"
    },
    {
        "animeEng": "Place to Place",
        "animeRomaji": "Acchi Kocchi",
        "songName": "Acchi de Kocchi de",
        "artist": "Acchi\u21d4Kocchi",
        "type": "Opening 1",
        "correctCount": 131,
        "startTime": 42,
        "songDuration": 88.632,
        "songNumber": 51,
        "activePlayerCount": 237,
        "LinkVideo": "https://files.catbox.moe/a9bg41.webm",
        "LinkMp3": "https://files.catbox.moe/pk59qb.mp3"
    },
    {
        "animeEng": "How clumsy are you, Miss Ueno.",
        "animeRomaji": "Ueno-san wa Bukiy\u014d",
        "songName": "Hirameki Heartbeat",
        "artist": "Miku It\u014d",
        "type": "Opening 1",
        "correctCount": 57,
        "startTime": 3,
        "songDuration": 59.479794,
        "songNumber": 52,
        "activePlayerCount": 238,
        "LinkVideo": "https://files.catbox.moe/lf4zjo.webm",
        "LinkMp3": "https://files.catbox.moe/cxsfit.mp3"
    },
    {
        "animeEng": "Gigantor",
        "animeRomaji": "Tetsujin 28-go",
        "songName": "Tetsujin 28-gou",
        "artist": "Duke Aces",
        "type": "Opening 1",
        "correctCount": 29,
        "startTime": 7,
        "songDuration": 72.044476,
        "songNumber": 53,
        "activePlayerCount": 238,
        "LinkVideo": "https://files.catbox.moe/xxhdy0.webm",
        "LinkMp3": "https://files.catbox.moe/xcyia4.mp3"
    },
    {
        "animeEng": "Digimon Adventure tri. Chapter 2: Determination",
        "animeRomaji": "Digimon Adventure tri. Ketsui",
        "songName": "Butter-Fly~tri.Version~",
        "artist": "Kouji Wada",
        "type": "Opening 1",
        "correctCount": 142,
        "startTime": 51,
        "songDuration": 90.225388,
        "songNumber": 54,
        "activePlayerCount": 238,
        "LinkVideo": "https://files.catbox.moe/vkzdkj.webm",
        "LinkMp3": "https://files.catbox.moe/ecegxx.mp3"
    },
    {
        "animeEng": "Gekij\u014dban gdgd Fairies tte Iu Eiga wa D\u014d kana\u2026?",
        "animeRomaji": "Gekij\u014dban gdgd Fairies tte Iu Eiga wa D\u014d kana\u2026?",
        "songName": "Ai ga Arukara!!",
        "artist": "Dempagumi.inc",
        "type": "Ending 1",
        "correctCount": 5,
        "startTime": 58,
        "songDuration": 92.904,
        "songNumber": 55,
        "activePlayerCount": 238,
        "LinkVideo": "https://files.catbox.moe/3glarl.webm",
        "LinkMp3": "https://files.catbox.moe/sy3w65.mp3",
        "correctPlayers": [
            "Rukawa11",
            "Alsex",
            "Aleister_Crowley",
            "SrueyaF",
            "OnlySymphogear"
        ]
    },
    {
        "animeEng": "Star Blazers: The Comet Empire",
        "animeRomaji": "Uch\u016b Senkan Yamato 2",
        "songName": "Uch\u016b Senkan Yamato",
        "artist": "Isao Sasaki",
        "type": "Opening 1",
        "correctCount": 188,
        "startTime": 14,
        "songDuration": 71.016,
        "songNumber": 56,
        "activePlayerCount": 238,
        "LinkVideo": "https://files.catbox.moe/zckpfh.webm",
        "LinkMp3": "https://files.catbox.moe/lxfo10.mp3"
    },
    {
        "animeEng": "Gonna be the Twin-Tail!!",
        "animeRomaji": "Ore, Twintail ni Narimasu.",
        "songName": "Gimme! Revolution.",
        "artist": "Maaya Uchida",
        "type": "Opening 1",
        "correctCount": 89,
        "startTime": 20,
        "songDuration": 88.488,
        "songNumber": 57,
        "activePlayerCount": 238,
        "LinkVideo": "https://files.catbox.moe/b06fid.webm",
        "LinkMp3": "https://files.catbox.moe/qv7aco.mp3"
    },
    {
        "animeEng": "Akai Hayate",
        "animeRomaji": "Akai Hayate",
        "songName": "Silent Night - Shiroi Yuki no Naka de",
        "artist": "Akino Arai",
        "type": "Ending 2",
        "correctCount": 0,
        "startTime": 146,
        "songDuration": 261.168,
        "songNumber": 58,
        "activePlayerCount": 238,
        "LinkVideo": "https://files.catbox.moe/azthwi.webm",
        "LinkMp3": "https://files.catbox.moe/us318a.mp3"
    },
    {
        "animeEng": "Berserk: The Golden Age Arc III - The Advent",
        "animeRomaji": "Berserk \u014cgon Jidai-Hen III: K\u014drin",
        "songName": "Aria",
        "artist": "Susumu Hirasawa",
        "type": "Opening 1",
        "correctCount": 198,
        "startTime": 37,
        "songDuration": 91.752,
        "songNumber": 59,
        "activePlayerCount": 238,
        "LinkVideo": "https://files.catbox.moe/x6cz5b.webm",
        "LinkMp3": "https://files.catbox.moe/00tgk2.mp3"
    },
    {
        "animeEng": "You Don't Know Gunma Yet",
        "animeRomaji": "Omae wa Mada Gunma o Shiranai",
        "songName": "So Happy",
        "artist": "Aya Uchida",
        "type": "Ending 1",
        "correctCount": 21,
        "startTime": 0,
        "songDuration": 28.992,
        "songNumber": 60,
        "activePlayerCount": 238,
        "LinkVideo": "https://files.catbox.moe/mzuqay.webm",
        "LinkMp3": "https://files.catbox.moe/ykaare.mp3"
    },
    {
        "animeEng": "Fancy Lala",
        "animeRomaji": "Mah\u014d no Stage Fancy Lala",
        "songName": "La La La -Kuchibiru ni Negai wo Komete-",
        "artist": "Reiko Omori",
        "type": "Opening 1",
        "correctCount": 18,
        "startTime": 0,
        "songDuration": 88.944,
        "songNumber": 61,
        "activePlayerCount": 237,
        "LinkVideo": "https://files.catbox.moe/a68moj.webm",
        "LinkMp3": "https://files.catbox.moe/gfcrsk.mp3"
    },
    {
        "animeEng": "Cutey Honey",
        "animeRomaji": "Cutey Honey",
        "songName": "Cutey Honey",
        "artist": "Yoko Maekawa",
        "type": "Opening 1",
        "correctCount": 107,
        "startTime": 23,
        "songDuration": 88.08,
        "songNumber": 62,
        "activePlayerCount": 236,
        "LinkVideo": "https://files.catbox.moe/tmuru4.webm",
        "LinkMp3": "https://files.catbox.moe/4rt4xv.mp3"
    },
    {
        "animeEng": "Pok\u00e9mon 2000: The Movie",
        "animeRomaji": "Pocket Monsters: Maboroshi no Pokemon Lugia Bakutan",
        "songName": "Rival!",
        "artist": "Rica Matsumoto",
        "type": "Opening 1",
        "correctCount": 104,
        "startTime": 41,
        "songDuration": 94.464,
        "songNumber": 63,
        "activePlayerCount": 236,
        "LinkVideo": "https://files.catbox.moe/jvwfgp.webm",
        "LinkMp3": "https://files.catbox.moe/sxmhl5.mp3"
    },
    {
        "animeEng": "ToHeart2 Dungeon Travelers",
        "animeRomaji": "ToHeart2 Dungeon Travelers",
        "songName": "Niji-iro no Mirai",
        "artist": "Suara",
        "type": "Opening 1",
        "correctCount": 7,
        "startTime": 56,
        "songDuration": 93.072,
        "songNumber": 64,
        "activePlayerCount": 236,
        "LinkVideo": "https://files.catbox.moe/2c8s6l.webm",
        "LinkMp3": "https://files.catbox.moe/tr0ely.mp3"
    },
    {
        "animeEng": "Hi Score Girl",
        "animeRomaji": "High Score Girl",
        "songName": "New Stranger",
        "artist": "sora tob sakana",
        "type": "Opening 1",
        "correctCount": 135,
        "startTime": 49,
        "songDuration": 88.848,
        "songNumber": 65,
        "activePlayerCount": 234,
        "LinkVideo": "https://files.catbox.moe/8rjlvs.webm",
        "LinkMp3": "https://files.catbox.moe/kg6cf7.mp3"
    },
    {
        "animeEng": "Weathering With You",
        "animeRomaji": "Tenki no Ko",
        "songName": "Ai ni Dekiru Koto wa Mada Aru Kai (Movie edit)",
        "artist": "RADWIMPS",
        "type": "Insert Song",
        "correctCount": 162,
        "startTime": 74,
        "songDuration": 144.432,
        "songNumber": 66,
        "activePlayerCount": 234,
        "LinkVideo": "https://files.catbox.moe/gl7598.webm",
        "LinkMp3": "https://files.catbox.moe/miaw18.mp3"
    },
    {
        "animeEng": "Cagaster of an Insect Cage",
        "animeRomaji": "Mushikago no Cagaster",
        "songName": "Sheep Clouds across the Sky",
        "artist": "Hitomi Kuroishi",
        "type": "Ending 3",
        "correctCount": 3,
        "startTime": 111,
        "songDuration": 171.24,
        "songNumber": 67,
        "activePlayerCount": 235,
        "LinkVideo": "https://files.catbox.moe/s5de9b.webm",
        "LinkMp3": "https://files.catbox.moe/uvpj2v.mp3",
        "correctPlayers": [
            "CedropGlash",
            "GundamOnly",
            "Aleister_Crowley"
        ]
    },
    {
        "animeEng": "F\u016bsen Inu Tinny",
        "animeRomaji": "F\u016bsen Inu Tinny",
        "songName": "Tinny no Uta",
        "artist": "Sumire Morohoshi",
        "type": "Opening 1",
        "correctCount": 120,
        "startTime": 0,
        "songDuration": 24.048,
        "songNumber": 68,
        "activePlayerCount": 236,
        "LinkVideo": "https://files.catbox.moe/foe7sz.webm",
        "LinkMp3": "https://files.catbox.moe/aeazq6.mp3"
    },
    {
        "animeEng": "A Silent Voice",
        "animeRomaji": "Koe no Katachi",
        "songName": "Koi wo Shita no wa",
        "artist": "aiko",
        "type": "Ending 1",
        "correctCount": 123,
        "startTime": 91,
        "songDuration": 209.448,
        "songNumber": 69,
        "activePlayerCount": 236,
        "LinkVideo": "https://files.catbox.moe/xcihar.webm",
        "LinkMp3": "https://files.catbox.moe/zu430p.mp3"
    },
    {
        "animeEng": "Macross Frontier",
        "animeRomaji": "Macross Frontier",
        "songName": "Lion",
        "artist": "May'n/Megumi Nakajima",
        "type": "Opening 3",
        "correctCount": 111,
        "startTime": 42,
        "songDuration": 91.656,
        "songNumber": 70,
        "activePlayerCount": 237,
        "LinkVideo": "https://files.catbox.moe/mamzzf.webm",
        "LinkMp3": "https://files.catbox.moe/f7zctq.mp3"
    },
    {
        "animeEng": "Beyblade Burst",
        "animeRomaji": "Beyblade Burst",
        "songName": "Burst Finish!",
        "artist": "Tatsuyuki Kobayashi",
        "type": "Opening 1",
        "correctCount": 113,
        "startTime": 11,
        "songDuration": 88.710312,
        "songNumber": 71,
        "activePlayerCount": 236,
        "LinkVideo": "https://files.catbox.moe/j5ic3x.webm",
        "LinkMp3": "https://files.catbox.moe/en5wv2.mp3"
    },
    {
        "animeEng": "My-HiME",
        "animeRomaji": "Mai-HiME",
        "songName": "Duran Shoukan",
        "artist": "Hanae Tomaru",
        "type": "Insert Song",
        "correctCount": 23,
        "startTime": 54,
        "songDuration": 116.76,
        "songNumber": 72,
        "activePlayerCount": 235,
        "LinkVideo": "https://files.catbox.moe/bb48r4.webm",
        "LinkMp3": "https://files.catbox.moe/oyk4le.mp3"
    },
    {
        "animeEng": "Little Busters!",
        "animeRomaji": "Little Busters!",
        "songName": "Alicemagic ~TV animation ver.~",
        "artist": "Rita",
        "type": "Ending 1",
        "correctCount": 100,
        "startTime": 3,
        "songDuration": 88.056,
        "songNumber": 73,
        "activePlayerCount": 235,
        "LinkVideo": "https://files.catbox.moe/rg6xey.webm",
        "LinkMp3": "https://files.catbox.moe/6r3qd5.mp3"
    },
    {
        "animeEng": "When Supernatural Battles Became Commonplace",
        "animeRomaji": "In\u014d-Battle wa Nichij\u014d-kei no Naka de",
        "songName": "OVERLAPPERS",
        "artist": "Qverktett:||",
        "type": "Opening 1",
        "correctCount": 119,
        "startTime": 11,
        "songDuration": 88.008,
        "songNumber": 74,
        "activePlayerCount": 235,
        "LinkVideo": "https://files.catbox.moe/johctj.webm",
        "LinkMp3": "https://files.catbox.moe/sz0fqj.mp3"
    },
    {
        "animeEng": "Genius Party Beyond",
        "animeRomaji": "Genius Party Beyond",
        "songName": "Zero",
        "artist": "Tamurapan",
        "type": "Ending 1",
        "correctCount": 0,
        "startTime": 153,
        "songDuration": 240.36,
        "songNumber": 75,
        "activePlayerCount": 234,
        "LinkVideo": "https://files.catbox.moe/mdkod9.webm",
        "LinkMp3": "https://files.catbox.moe/94pmxw.mp3"
    }
]