[
    {
        "animeEng": "Battle Angel",
        "animeRomaji": "Gunnm",
        "songName": "Cyborg Mermaid",
        "artist": "Kaori Akima",
        "type": "Ending 1",
        "correctCount": 4,
        "startTime": 106,
        "songDuration": 176.448,
        "songNumber": 1,
        "activePlayerCount": 245,
        "LinkVideo": "https://files.catbox.moe/tmth2i.webm",
        "LinkMp3": "https://files.catbox.moe/6cka26.mp3",
        "correctPlayers": [
            "AnbuKakashi",
            "Legend_",
            "Thaleko",
            "Dr_Woland"
        ]
    },
    {
        "animeEng": "Body Jack - Tanoshii Yutai Ridatsu",
        "animeRomaji": "Body Jack - Tanoshii Yutai Ridatsu",
        "songName": "Yo ni Naite",
        "artist": "Kumi Kaneko",
        "type": "Ending 1",
        "correctCount": 2,
        "startTime": 52,
        "songDuration": 103.652096,
        "songNumber": 2,
        "activePlayerCount": 252,
        "LinkVideo": "https://files.catbox.moe/uh7xnb.webm",
        "LinkMp3": "https://files.catbox.moe/2niqnf.mp3",
        "correctPlayers": [
            "Livid",
            "watashiii"
        ]
    },
    {
        "animeEng": "Occult Academy",
        "animeRomaji": "Seikimatsu Occult Gakuin",
        "songName": "Flying Humanoid",
        "artist": "Shoko Nakagawa",
        "type": "Opening 1",
        "correctCount": 13,
        "startTime": 16,
        "songDuration": 88.704,
        "songNumber": 3,
        "activePlayerCount": 256,
        "LinkVideo": "https://files.catbox.moe/8how6h.webm",
        "LinkMp3": "https://files.catbox.moe/gq4crx.mp3"
    },
    {
        "animeEng": "The Garden of Sinners",
        "animeRomaji": "Kara no Ky\u014dkai",
        "songName": "snow is falling",
        "artist": "Kalafina",
        "type": "Ending 1",
        "correctCount": 58,
        "startTime": 73,
        "songDuration": 161.256,
        "songNumber": 4,
        "activePlayerCount": 253,
        "LinkVideo": "https://files.catbox.moe/8wohdc.webm",
        "LinkMp3": "https://files.catbox.moe/fiisdu.mp3"
    },
    {
        "animeEng": "The Magnificent KOTOBUKI",
        "animeRomaji": "K\u014dya no Kotobuki Hik\u014dtai",
        "songName": "Sora no ne",
        "artist": "ZAQ",
        "type": "Opening 1",
        "correctCount": 33,
        "startTime": 28,
        "songDuration": 89.102142,
        "songNumber": 5,
        "activePlayerCount": 258,
        "LinkVideo": "https://files.catbox.moe/e51h3y.webm",
        "LinkMp3": "https://files.catbox.moe/tqv5bi.mp3"
    },
    {
        "animeEng": "Zoku Owarimonogatari",
        "animeRomaji": "Zoku Owarimonogatari",
        "songName": "azure",
        "artist": "TrySail",
        "type": "Ending 1",
        "correctCount": 59,
        "startTime": 10,
        "songDuration": 88.296,
        "songNumber": 6,
        "activePlayerCount": 258,
        "LinkVideo": "https://files.catbox.moe/sk9dga.webm",
        "LinkMp3": "https://files.catbox.moe/ove7zz.mp3"
    },
    {
        "animeEng": "Destiny of the Shrine Maiden",
        "animeRomaji": "Kannazuki no Miko",
        "songName": "Suppuration-core-",
        "artist": "KOTOKO",
        "type": "Insert Song",
        "correctCount": 55,
        "startTime": 110,
        "songDuration": 178.056,
        "songNumber": 7,
        "activePlayerCount": 259,
        "LinkVideo": "https://files.catbox.moe/uwkdf7.webm",
        "LinkMp3": "https://files.catbox.moe/5cjuqd.mp3"
    },
    {
        "animeEng": "Rosario + Vampire Capu2",
        "animeRomaji": "Rosario to Vampire Capu2",
        "songName": "DISCOTHEQUE",
        "artist": "Nana Mizuki",
        "type": "Opening 1",
        "correctCount": 136,
        "startTime": 5,
        "songDuration": 92.184,
        "songNumber": 8,
        "activePlayerCount": 259,
        "LinkVideo": "https://files.catbox.moe/fi904d.webm",
        "LinkMp3": "https://files.catbox.moe/95fdjb.mp3"
    },
    {
        "animeEng": "Wolverine",
        "animeRomaji": "Wolverine",
        "songName": "Feel my Claws",
        "artist": "Shogo \u014cnishi",
        "type": "Opening 1",
        "correctCount": 15,
        "startTime": 17,
        "songDuration": 58.56,
        "songNumber": 9,
        "activePlayerCount": 258,
        "LinkVideo": "https://files.catbox.moe/hmj49p.webm",
        "LinkMp3": "https://files.catbox.moe/ocd3iy.mp3"
    },
    {
        "animeEng": "Are You Lost?",
        "animeRomaji": "S\u014dnan desu ka?",
        "songName": "Koko wa Doko",
        "artist": "Ahomushi",
        "type": "Opening 1",
        "correctCount": 158,
        "startTime": 19,
        "songDuration": 59.448,
        "songNumber": 10,
        "activePlayerCount": 256,
        "LinkVideo": "https://files.catbox.moe/z43r3v.webm",
        "LinkMp3": "https://files.catbox.moe/ywa35y.mp3"
    },
    {
        "animeEng": "Made in Abyss Recaps",
        "animeRomaji": "Made in Abyss Recaps",
        "songName": "reBirth",
        "artist": "Kevin Penkin, Takeshi Saito",
        "type": "Ending 2",
        "correctCount": 32,
        "startTime": 33,
        "songDuration": 208.608,
        "songNumber": 11,
        "activePlayerCount": 257,
        "LinkVideo": "https://files.catbox.moe/1nveix.webm",
        "LinkMp3": "https://files.catbox.moe/glp8pf.mp3"
    },
    {
        "animeEng": "Bleach: Memories in the Rain",
        "animeRomaji": "Bleach: Memories in the Rain",
        "songName": "Nothing Can Be Explained",
        "artist": "Mike Wyzgowski",
        "type": "Insert Song",
        "correctCount": 149,
        "startTime": 5,
        "songDuration": 58.224,
        "songNumber": 12,
        "activePlayerCount": 257,
        "LinkVideo": "https://files.catbox.moe/2hubcn.webm",
        "LinkMp3": "https://files.catbox.moe/lomp9b.mp3"
    },
    {
        "animeEng": "Magi: The Kingdom of Magic",
        "animeRomaji": "Magi: The Kingdom of Magic",
        "songName": "With You / With Me",
        "artist": "9nine",
        "type": "Ending 2",
        "correctCount": 46,
        "startTime": 2,
        "songDuration": 90.024,
        "songNumber": 13,
        "activePlayerCount": 258,
        "LinkVideo": "https://files.catbox.moe/8jug4d.webm",
        "LinkMp3": "https://files.catbox.moe/3s8pqb.mp3"
    },
    {
        "animeEng": "Case Closed",
        "animeRomaji": "Meitantei Conan",
        "songName": "Bara-iro no Jinsei",
        "artist": "Mai Kuraki",
        "type": "Opening 49",
        "correctCount": 58,
        "startTime": 29,
        "songDuration": 113.736,
        "songNumber": 14,
        "activePlayerCount": 258,
        "LinkVideo": "https://files.catbox.moe/ii1j9r.webm",
        "LinkMp3": "https://files.catbox.moe/nrzv71.mp3"
    },
    {
        "animeEng": "Mobile Suit Gundam ZZ",
        "animeRomaji": "Kid\u014d Senshi Gundam ZZ",
        "songName": "Anime ja Nai",
        "artist": "Masato Arai",
        "type": "Opening 1",
        "correctCount": 61,
        "startTime": 46,
        "songDuration": 91.584,
        "songNumber": 15,
        "activePlayerCount": 257,
        "LinkVideo": "https://files.catbox.moe/5xqmp7.webm",
        "LinkMp3": "https://files.catbox.moe/1vlh85.mp3"
    },
    {
        "animeEng": "The Misfit of Demon King Academy",
        "animeRomaji": "Ma\u014d Gakuin no Futekig\u014dsha",
        "songName": "Hamidashimono",
        "artist": "Tomori Kusunoki",
        "type": "Ending 1",
        "correctCount": 77,
        "startTime": 34,
        "songDuration": 86.808,
        "songNumber": 16,
        "activePlayerCount": 256,
        "LinkVideo": "https://files.catbox.moe/4e2g6d.webm",
        "LinkMp3": "https://files.catbox.moe/lzpi6r.mp3"
    },
    {
        "animeEng": "Black Clover",
        "animeRomaji": "Black Clover",
        "songName": "PAiNT it BLACK",
        "artist": "BiSH",
        "type": "Opening 2",
        "correctCount": 122,
        "startTime": 51,
        "songDuration": 88.527458,
        "songNumber": 17,
        "activePlayerCount": 257,
        "LinkVideo": "https://files.catbox.moe/68v6bt.webm",
        "LinkMp3": "https://files.catbox.moe/mm6tj9.mp3"
    },
    {
        "animeEng": "Tokimeki Tonight",
        "animeRomaji": "Tokimeki Tonight",
        "songName": "Tokimeki Tonight",
        "artist": "Harumi Kamo",
        "type": "Opening 1",
        "correctCount": 19,
        "startTime": 2,
        "songDuration": 76.302362,
        "songNumber": 18,
        "activePlayerCount": 257,
        "LinkVideo": "https://files.catbox.moe/g7mrzv.webm",
        "LinkMp3": "https://files.catbox.moe/65yddf.mp3"
    },
    {
        "animeEng": "Log Horizon",
        "animeRomaji": "Log Horizon",
        "songName": "database",
        "artist": "MAN WITH A MISSION feat. TAKUMA (10-FEET)",
        "type": "Opening 1",
        "correctCount": 221,
        "startTime": 21,
        "songDuration": 90.024,
        "songNumber": 19,
        "activePlayerCount": 257,
        "LinkVideo": "https://files.catbox.moe/1so6be.webm",
        "LinkMp3": "https://files.catbox.moe/07xj2r.mp3"
    },
    {
        "animeEng": "Is This a Zombie? of the Dead",
        "animeRomaji": "Is This a Zombie? of the Dead",
        "songName": "Sorya Mas\u014d Desho! Rock 'n Roll",
        "artist": "Iori Nomizu",
        "type": "Insert Song",
        "correctCount": 50,
        "startTime": 26,
        "songDuration": 60.168,
        "songNumber": 20,
        "activePlayerCount": 256,
        "LinkVideo": "https://files.catbox.moe/zxfkcp.webm",
        "LinkMp3": "https://files.catbox.moe/g7mxji.mp3"
    },
    {
        "animeEng": "A Destructive God Sits Next to Me",
        "animeRomaji": "Boku no Tonari ni Ankoku Hakaishin ga Imasu.",
        "songName": "Take mo' Chance",
        "artist": "all at once",
        "type": "Opening 1",
        "correctCount": 35,
        "startTime": 37,
        "songDuration": 87.888,
        "songNumber": 21,
        "activePlayerCount": 255,
        "LinkVideo": "https://files.catbox.moe/wyqi8h.webm",
        "LinkMp3": "https://files.catbox.moe/7i17ye.mp3"
    },
    {
        "animeEng": "CLAMP in Wonderland 2",
        "animeRomaji": "CLAMP in Wonderland 2",
        "songName": "action!",
        "artist": "Maaya Sakamoto",
        "type": "Opening 1",
        "correctCount": 19,
        "startTime": 120,
        "songDuration": 240.672,
        "songNumber": 22,
        "activePlayerCount": 255,
        "LinkVideo": "https://files.catbox.moe/dzj6i0.webm",
        "LinkMp3": "https://files.catbox.moe/2n9vs2.mp3"
    },
    {
        "animeEng": "Aikatsu!: Nerawareta Mah\u014d no Aikatsu! Card",
        "animeRomaji": "Aikatsu!: Nerawareta Mah\u014d no Aikatsu! Card",
        "songName": "START DASH SENSATION",
        "artist": "Ruka\u30fbMona\u30fbMiki from AIKATSU\u2606STARS!",
        "type": "Ending 1",
        "correctCount": 104,
        "startTime": 41,
        "songDuration": 106.56,
        "songNumber": 23,
        "activePlayerCount": 256,
        "LinkVideo": "https://files.catbox.moe/227bjj.webm",
        "LinkMp3": "https://files.catbox.moe/lfaaed.mp3"
    },
    {
        "animeEng": "NANA",
        "animeRomaji": "NANA",
        "songName": "Winter sleep",
        "artist": "OLIVIA inspi' REIRA(TRAPNEST)",
        "type": "Ending 4",
        "correctCount": 27,
        "startTime": 24,
        "songDuration": 70.008,
        "songNumber": 24,
        "activePlayerCount": 253,
        "LinkVideo": "https://files.catbox.moe/0nlq4k.webm",
        "LinkMp3": "https://files.catbox.moe/80uru6.mp3"
    },
    {
        "animeEng": "Dororo and Hyakkimaru",
        "animeRomaji": "Dororo",
        "songName": "Dororo no Uta",
        "artist": "Toshiko Fujita",
        "type": "Opening 1",
        "correctCount": 111,
        "startTime": 18,
        "songDuration": 98.16,
        "songNumber": 25,
        "activePlayerCount": 254,
        "LinkVideo": "https://files.catbox.moe/4aqi1r.webm",
        "LinkMp3": "https://files.catbox.moe/b1rh0e.mp3"
    },
    {
        "animeEng": "K-ON! The Movie",
        "animeRomaji": "K-ON! Movie",
        "songName": "Gohan wa Okazu",
        "artist": "Ho-Kago Tea Time",
        "type": "Insert Song",
        "correctCount": 141,
        "startTime": 71,
        "songDuration": 144.456,
        "songNumber": 26,
        "activePlayerCount": 254,
        "LinkVideo": "https://files.catbox.moe/crrvxz.webm",
        "LinkMp3": "https://files.catbox.moe/lxcpdj.mp3"
    },
    {
        "animeEng": "Goblin Slayer: Goblin's Crown",
        "animeRomaji": "Goblin Slayer: Goblin's Crown",
        "songName": "Static",
        "artist": "Mili",
        "type": "Ending 1",
        "correctCount": 127,
        "startTime": 132,
        "songDuration": 207.12,
        "songNumber": 27,
        "activePlayerCount": 253,
        "LinkVideo": "https://files.catbox.moe/bbmfue.webm",
        "LinkMp3": "https://files.catbox.moe/p6vh7f.mp3"
    },
    {
        "animeEng": "Speed Racer",
        "animeRomaji": "Mach Go Go Go",
        "songName": "Mach Go Go Go",
        "artist": "Vocal Shop",
        "type": "Opening 1",
        "correctCount": 107,
        "startTime": 74,
        "songDuration": 121.944,
        "songNumber": 28,
        "activePlayerCount": 253,
        "LinkVideo": "https://files.catbox.moe/gi3338.webm",
        "LinkMp3": "https://files.catbox.moe/x5o15o.mp3"
    },
    {
        "animeEng": "Ple Ple Pleiades - Clementine T\u014db\u014d-hen",
        "animeRomaji": "Ple Ple Pleiades - Clementine T\u014db\u014d-hen",
        "songName": "Daily-go-round",
        "artist": "OxT",
        "type": "Ending 1",
        "correctCount": 6,
        "startTime": 52,
        "songDuration": 86.832,
        "songNumber": 29,
        "activePlayerCount": 254,
        "LinkVideo": "https://files.catbox.moe/k7b2ck.webm",
        "LinkMp3": "https://files.catbox.moe/r70tlj.mp3"
    },
    {
        "animeEng": "My Bride is a Mermaid",
        "animeRomaji": "Seto no Hanayome",
        "songName": "Natsu Kagiri no Image",
        "artist": "Sakura Nogawa",
        "type": "Insert Song",
        "correctCount": 20,
        "startTime": 0,
        "songDuration": 20.568,
        "songNumber": 30,
        "activePlayerCount": 252,
        "LinkVideo": "https://files.catbox.moe/12kfk2.webm",
        "LinkMp3": "https://files.catbox.moe/cgcjzx.mp3"
    },
    {
        "animeEng": "Bobobo-bo Bo-bobo",
        "animeRomaji": "Bobobo-bo Bo-bobo",
        "songName": "Baka Survivor",
        "artist": "Ulfuls",
        "type": "Opening 2",
        "correctCount": 162,
        "startTime": 47,
        "songDuration": 89.88,
        "songNumber": 31,
        "activePlayerCount": 253,
        "LinkVideo": "https://files.catbox.moe/evnwmg.webm",
        "LinkMp3": "https://files.catbox.moe/pinsuj.mp3"
    },
    {
        "animeEng": "Yuki Yuna is a Hero: Washio Sumi Chapter",
        "animeRomaji": "Y\u016bki Y\u016bna wa Y\u016bsha de Aru: Washio Sumi no Sh\u014d",
        "songName": "Geranium",
        "artist": "Emi Evans",
        "type": "Insert Song",
        "correctCount": 27,
        "startTime": 38,
        "songDuration": 103.70434,
        "songNumber": 32,
        "activePlayerCount": 254,
        "LinkVideo": "https://files.catbox.moe/pv6ehd.webm",
        "LinkMp3": "https://files.catbox.moe/3jp3b9.mp3"
    },
    {
        "animeEng": "Hanamonogatari",
        "animeRomaji": "Hanamonogatari",
        "songName": "the last day of my adolescence",
        "artist": "Miyuki Sawashiro",
        "type": "Opening 1",
        "correctCount": 158,
        "startTime": 33,
        "songDuration": 88.944,
        "songNumber": 33,
        "activePlayerCount": 252,
        "LinkVideo": "https://files.catbox.moe/grmsvm.webm",
        "LinkMp3": "https://files.catbox.moe/67nuic.mp3"
    },
    {
        "animeEng": "GJ Club",
        "animeRomaji": "GJ-bu",
        "songName": "M\u014ds\u014d\u2605K\u014dkan Nikki",
        "artist": "Otome Shint\u014d",
        "type": "Opening 1",
        "correctCount": 100,
        "startTime": 47,
        "songDuration": 88.776,
        "songNumber": 34,
        "activePlayerCount": 252,
        "LinkVideo": "https://files.catbox.moe/ist8v0.webm",
        "LinkMp3": "https://files.catbox.moe/t22hrm.mp3"
    },
    {
        "animeEng": "Kindaichi Sh\u014dnen no Jikenbo: Kuro Majutsu Satsujin Jiken-hen",
        "animeRomaji": "Kindaichi Sh\u014dnen no Jikenbo: Kuro Majutsu Satsujin Jiken-hen",
        "songName": "Road",
        "artist": "Aya Ikeda",
        "type": "Ending 1",
        "correctCount": 4,
        "startTime": 46,
        "songDuration": 88.68,
        "songNumber": 35,
        "activePlayerCount": 252,
        "LinkVideo": "https://files.catbox.moe/sbdkvz.webm",
        "LinkMp3": "https://files.catbox.moe/8yk2l4.mp3",
        "correctPlayers": [
            "KamiNoChikara",
            "hokuto",
            "Kakyoin6463",
            "Kuzushiro"
        ]
    },
    {
        "animeEng": "HAIKYU!! TO THE TOP",
        "animeRomaji": "HAIKYU!! TO THE TOP",
        "songName": "One Day",
        "artist": "SPYAIR",
        "type": "Ending 1",
        "correctCount": 111,
        "startTime": 3,
        "songDuration": 87.48,
        "songNumber": 36,
        "activePlayerCount": 251,
        "LinkVideo": "https://files.catbox.moe/iqb9tx.webm",
        "LinkMp3": "https://files.catbox.moe/kn2a8e.mp3"
    },
    {
        "animeEng": "Gargantia on the Verdurous Planet - Far Beyond The Voyage",
        "animeRomaji": "Suisei no Gargantia: Meguru K\u014dro, Haruka",
        "songName": "Hajimari no Tsubasa",
        "artist": "TRUE",
        "type": "Opening 1",
        "correctCount": 14,
        "startTime": 21,
        "songDuration": 93.816,
        "songNumber": 37,
        "activePlayerCount": 250,
        "LinkVideo": "https://files.catbox.moe/sxtx01.webm",
        "LinkMp3": "https://files.catbox.moe/7tp528.mp3"
    },
    {
        "animeEng": "AOKANA: Four Rhythm Across the Blue",
        "animeRomaji": "Ao no Kanata no Four Rhythm",
        "songName": "Wings of Courage -Sora wo Koete-",
        "artist": "Mami Kawada",
        "type": "Insert Song",
        "correctCount": 75,
        "startTime": 50,
        "songDuration": 250.632,
        "songNumber": 38,
        "activePlayerCount": 251,
        "LinkVideo": "https://files.catbox.moe/vkvgk3.webm",
        "LinkMp3": "https://files.catbox.moe/p762vd.mp3"
    },
    {
        "animeEng": "A Centaur's Life",
        "animeRomaji": "Centaur no Nayami",
        "songName": "Edelweiss (English Version)",
        "artist": "Asaka",
        "type": "Ending 2",
        "correctCount": 45,
        "startTime": 26,
        "songDuration": 87.624,
        "songNumber": 39,
        "activePlayerCount": 250,
        "LinkVideo": "https://files.catbox.moe/j4eush.webm",
        "LinkMp3": "https://files.catbox.moe/v7h7rb.mp3"
    },
    {
        "animeEng": "Future GPX Cyber Formula 11",
        "animeRomaji": "Future GPX Cyber Formula 11",
        "songName": "FLAME!",
        "artist": "Dynamite Shige",
        "type": "Insert Song",
        "correctCount": 0,
        "startTime": 56,
        "songDuration": 111.96,
        "songNumber": 40,
        "activePlayerCount": 248,
        "LinkVideo": "https://files.catbox.moe/hpnliq.webm",
        "LinkMp3": "https://files.catbox.moe/0wiadf.mp3"
    },
    {
        "animeEng": "Omamori Himari",
        "animeRomaji": "Omamori Himari",
        "songName": "BEAM my BEAM",
        "artist": "Kei Shindou",
        "type": "Ending 4",
        "correctCount": 66,
        "startTime": 3,
        "songDuration": 89.544,
        "songNumber": 41,
        "activePlayerCount": 250,
        "LinkVideo": "https://files.catbox.moe/izlg9x.webm",
        "LinkMp3": "https://files.catbox.moe/26n5dn.mp3"
    },
    {
        "animeEng": "R-15",
        "animeRomaji": "R-15",
        "songName": "Maji Yaba M\u014ds\u014d LOVE\u2665",
        "artist": "R-15",
        "type": "Opening 1",
        "correctCount": 49,
        "startTime": 50,
        "songDuration": 88.056,
        "songNumber": 42,
        "activePlayerCount": 249,
        "LinkVideo": "https://files.catbox.moe/qd7ywe.webm",
        "LinkMp3": "https://files.catbox.moe/fxbfst.mp3"
    },
    {
        "animeEng": "The Third - The Girl with the Blue Eye",
        "animeRomaji": "The Third - Aoi Hitomi no Sh\u014djo",
        "songName": "I N G",
        "artist": "Super Flying Boy",
        "type": "Ending 1",
        "correctCount": 6,
        "startTime": 3,
        "songDuration": 89.592,
        "songNumber": 43,
        "activePlayerCount": 249,
        "LinkVideo": "https://files.catbox.moe/ljh6ve.webm",
        "LinkMp3": "https://files.catbox.moe/257l1j.mp3"
    },
    {
        "animeEng": "Future Card Buddyfight Ace",
        "animeRomaji": "Future Card Shin Buddyfight",
        "songName": "Saa Ik\u014d!",
        "artist": "Poppin'Party",
        "type": "Opening 1",
        "correctCount": 44,
        "startTime": 4,
        "songDuration": 88.475214,
        "songNumber": 44,
        "activePlayerCount": 248,
        "LinkVideo": "https://files.catbox.moe/m8f9rk.webm",
        "LinkMp3": "https://files.catbox.moe/iyc9fj.mp3"
    },
    {
        "animeEng": "Orange: Mirai",
        "animeRomaji": "Orange: Mirai",
        "songName": "Hikari no Hahen",
        "artist": "Y\u016b Takahashi",
        "type": "Ending 1",
        "correctCount": 156,
        "startTime": 12,
        "songDuration": 249.36,
        "songNumber": 45,
        "activePlayerCount": 249,
        "LinkVideo": "https://files.catbox.moe/wbuail.webm",
        "LinkMp3": "https://files.catbox.moe/sbpicn.mp3"
    },
    {
        "animeEng": "The Kawai Complex Guide to Manors and Hostel Behavior",
        "animeRomaji": "Bokura wa Minna Kawai-s\u014d",
        "songName": "Itsuka no, Iku Tsuka no Kimi to no Sekai",
        "artist": "fh\u00e1na",
        "type": "Opening 1",
        "correctCount": 74,
        "startTime": 27,
        "songDuration": 90.096,
        "songNumber": 46,
        "activePlayerCount": 249,
        "LinkVideo": "https://files.catbox.moe/azla00.webm",
        "LinkMp3": "https://files.catbox.moe/jppedj.mp3"
    },
    {
        "animeEng": "Joker Game",
        "animeRomaji": "Joker Game",
        "songName": "Reason Triangle",
        "artist": "QUADRANGLE",
        "type": "Opening 1",
        "correctCount": 117,
        "startTime": 43,
        "songDuration": 88.968,
        "songNumber": 47,
        "activePlayerCount": 248,
        "LinkVideo": "https://files.catbox.moe/onihda.webm",
        "LinkMp3": "https://files.catbox.moe/mpj360.mp3"
    },
    {
        "animeEng": "Anima Yell!",
        "animeRomaji": "Anima Yell!",
        "songName": "Jump Up \u2191 Yell!!",
        "artist": "Kaminoki K\u014dk\u014d Cheerleading-bu",
        "type": "Opening 1",
        "correctCount": 100,
        "startTime": 14,
        "songDuration": 89.352,
        "songNumber": 48,
        "activePlayerCount": 248,
        "LinkVideo": "https://files.catbox.moe/sex8ek.webm",
        "LinkMp3": "https://files.catbox.moe/0qzoxr.mp3"
    },
    {
        "animeEng": "BECK: Mongolian Chop Squad",
        "animeRomaji": "BECK: Mongolian Chop Squad",
        "songName": "I've Got A Feeling",
        "artist": "BEAT CRUSADERS",
        "type": "Insert Song",
        "correctCount": 76,
        "startTime": 34,
        "songDuration": 151.76882,
        "songNumber": 49,
        "activePlayerCount": 247,
        "LinkVideo": "https://files.catbox.moe/byonqt.webm",
        "LinkMp3": "https://files.catbox.moe/orcgww.mp3"
    },
    {
        "animeEng": "Mob Psycho 100",
        "animeRomaji": "Mob Psycho 100",
        "songName": "Refrain Boy -English ver.-",
        "artist": "ALL OFF",
        "type": "Ending 2",
        "correctCount": 128,
        "startTime": 15,
        "songDuration": 54.096,
        "songNumber": 50,
        "activePlayerCount": 247,
        "LinkVideo": "https://files.catbox.moe/f1ytzx.webm",
        "LinkMp3": "https://files.catbox.moe/sxjmqo.mp3"
    },
    {
        "animeEng": "Persona4 The Animation -The Factor of Hope-",
        "animeRomaji": "Persona4 The Animation -The Factor of Hope-",
        "songName": "Reach Out To The Truth",
        "artist": "Shihoko Hirata",
        "type": "Insert Song",
        "correctCount": 99,
        "startTime": 14,
        "songDuration": 76.32,
        "songNumber": 51,
        "activePlayerCount": 246,
        "LinkVideo": "https://files.catbox.moe/g8uygc.webm",
        "LinkMp3": "https://files.catbox.moe/ai8939.mp3"
    },
    {
        "animeEng": "Cardfight!! Vanguard",
        "animeRomaji": "Cardfight!! Vanguard",
        "songName": "Vanguard",
        "artist": "JAM Project",
        "type": "Opening 1",
        "correctCount": 101,
        "startTime": 36,
        "songDuration": 88.08,
        "songNumber": 52,
        "activePlayerCount": 246,
        "LinkVideo": "https://files.catbox.moe/32d290.webm",
        "LinkMp3": "https://files.catbox.moe/r61fse.mp3"
    },
    {
        "animeEng": "AFTERLOST",
        "animeRomaji": "Sh\u014dmetsu Toshi",
        "songName": "Hello, Again ~Mukashi kara Aru Basho~ from Shoumetsu Toshi",
        "artist": "Kana Hanazawa",
        "type": "Ending 3",
        "correctCount": 12,
        "startTime": 47,
        "songDuration": 89.256,
        "songNumber": 53,
        "activePlayerCount": 245,
        "LinkVideo": "https://files.catbox.moe/9lark3.webm",
        "LinkMp3": "https://files.catbox.moe/61u0zl.mp3"
    },
    {
        "animeEng": "Durarara!! \u00d72 The First Arc",
        "animeRomaji": "Durarara!!\u00d72 Sh\u014d",
        "songName": "rain tears",
        "artist": "Saki Fujita",
        "type": "Insert Song",
        "correctCount": 117,
        "startTime": 3,
        "songDuration": 39.024,
        "songNumber": 54,
        "activePlayerCount": 245,
        "LinkVideo": "https://files.catbox.moe/5m8p59.webm",
        "LinkMp3": "https://files.catbox.moe/qibs3f.mp3"
    },
    {
        "animeEng": "Love, Election and Chocolate",
        "animeRomaji": "Koi to Senkyo to Chocolate",
        "songName": "Kaze no Naka no Primrose",
        "artist": "Ceui",
        "type": "Ending 1",
        "correctCount": 30,
        "startTime": 21,
        "songDuration": 90.048,
        "songNumber": 55,
        "activePlayerCount": 246,
        "LinkVideo": "https://files.catbox.moe/dvg3gd.webm",
        "LinkMp3": "https://files.catbox.moe/z68wf4.mp3"
    },
    {
        "animeEng": "Rilu Rilu Fairilu: Mah\u014d no Kagami",
        "animeRomaji": "Rilu Rilu Fairilu: Mah\u014d no Kagami",
        "songName": "Papipupe PON!",
        "artist": "Apink",
        "type": "Opening 1",
        "correctCount": 11,
        "startTime": 2,
        "songDuration": 87.63931,
        "songNumber": 56,
        "activePlayerCount": 245,
        "LinkVideo": "https://files.catbox.moe/ncnj3z.webm",
        "LinkMp3": "https://files.catbox.moe/59w34p.mp3"
    },
    {
        "animeEng": "Blend S",
        "animeRomaji": "Blend S",
        "songName": "Ashita mo Sekai no Mannaka de",
        "artist": "Sora Tokui",
        "type": "Insert Song",
        "correctCount": 23,
        "startTime": 45,
        "songDuration": 87.072,
        "songNumber": 57,
        "activePlayerCount": 245,
        "LinkVideo": "https://files.catbox.moe/7282jk.webm",
        "LinkMp3": "https://files.catbox.moe/qa4f22.mp3"
    },
    {
        "animeEng": "Y\u016bna and the Haunted Hot Springs",
        "animeRomaji": "Yuragi-s\u014d no Y\u016bna-san",
        "songName": "Momo-iro Typhoon",
        "artist": "Luna Haruna",
        "type": "Opening 1",
        "correctCount": 96,
        "startTime": 11,
        "songDuration": 88.92,
        "songNumber": 58,
        "activePlayerCount": 245,
        "LinkVideo": "https://files.catbox.moe/ecwi48.webm",
        "LinkMp3": "https://files.catbox.moe/e1walm.mp3"
    },
    {
        "animeEng": "High School Agent",
        "animeRomaji": "High School Agent",
        "songName": "NA\u30fbNA\u30fbNA",
        "artist": "TOM\u2605CAT",
        "type": "Opening 2",
        "correctCount": 3,
        "startTime": 6,
        "songDuration": 61.944,
        "songNumber": 59,
        "activePlayerCount": 244,
        "LinkVideo": "https://files.catbox.moe/sd5zym.webm",
        "LinkMp3": "https://files.catbox.moe/dt7utf.mp3",
        "correctPlayers": [
            "vovoxpertz",
            "watashiii",
            "dr_nyanpasu"
        ]
    },
    {
        "animeEng": "Mah\u014dtsukai Sally",
        "animeRomaji": "Mah\u014dtsukai Sally",
        "songName": "Papapa no Choina no Uta",
        "artist": "Yoko Mizugaki",
        "type": "Ending 3",
        "correctCount": 32,
        "startTime": 9,
        "songDuration": 60.096,
        "songNumber": 60,
        "activePlayerCount": 243,
        "LinkVideo": "https://files.catbox.moe/4pb17n.webm",
        "LinkMp3": "https://files.catbox.moe/0g4pf3.mp3"
    },
    {
        "animeEng": "Is It Wrong to Try to Pick Up Girls in a Dungeon? II",
        "animeRomaji": "DanMachi II",
        "songName": "HELLO to DREAM",
        "artist": "Yuka Iguchi",
        "type": "Opening 1",
        "correctCount": 146,
        "startTime": 40,
        "songDuration": 88.344,
        "songNumber": 61,
        "activePlayerCount": 244,
        "LinkVideo": "https://files.catbox.moe/yx4gqh.webm",
        "LinkMp3": "https://files.catbox.moe/hc8mi1.mp3"
    },
    {
        "animeEng": "My Neighbor Totoro",
        "animeRomaji": "Tonari no Totoro",
        "songName": "Hey, Let's Go",
        "artist": "Sonya Isaacs",
        "type": "Opening 1",
        "correctCount": 141,
        "startTime": 54,
        "songDuration": 120.657518,
        "songNumber": 62,
        "activePlayerCount": 244,
        "LinkVideo": "https://files.catbox.moe/sp49il.webm",
        "LinkMp3": "https://files.catbox.moe/jxznqs.mp3"
    },
    {
        "animeEng": "Working Buddies!",
        "animeRomaji": "Hataraku Oniisan!",
        "songName": "Hataraku Onii-san",
        "artist": "DearDream",
        "type": "Opening 1",
        "correctCount": 190,
        "startTime": 0,
        "songDuration": 14.136,
        "songNumber": 63,
        "activePlayerCount": 244,
        "LinkVideo": "https://files.catbox.moe/ul6oce.webm",
        "LinkMp3": "https://files.catbox.moe/xghk5u.mp3"
    },
    {
        "animeEng": "Accel World",
        "animeRomaji": "Accel World",
        "songName": "Burst the Gravity",
        "artist": "ALTIMA",
        "type": "Opening 2",
        "correctCount": 155,
        "startTime": 41,
        "songDuration": 90.48,
        "songNumber": 64,
        "activePlayerCount": 245,
        "LinkVideo": "https://files.catbox.moe/sjfy2n.webm",
        "LinkMp3": "https://files.catbox.moe/lnpwhs.mp3"
    },
    {
        "animeEng": "Minna Atsumare! Falcom Gakuen",
        "animeRomaji": "Minna Atsumare! Falcom Gakuen",
        "songName": "Go Fight",
        "artist": "Falcom Sound Team jdk",
        "type": "Opening 1",
        "correctCount": 86,
        "startTime": 0,
        "songDuration": 26.568,
        "songNumber": 65,
        "activePlayerCount": 244,
        "LinkVideo": "https://files.catbox.moe/5ggnr4.webm",
        "LinkMp3": "https://files.catbox.moe/wvfcdk.mp3"
    },
    {
        "animeEng": "Aikatsu on Parade!",
        "animeRomaji": "Aikatsu on Parade!",
        "songName": "Trap of Love",
        "artist": "Sunao\u30fbWaka\u30fbFuuri from STAR\u2606ANIS",
        "type": "Insert Song",
        "correctCount": 88,
        "startTime": 18,
        "songDuration": 89.712,
        "songNumber": 66,
        "activePlayerCount": 244,
        "LinkVideo": "https://files.catbox.moe/wuo601.webm",
        "LinkMp3": "https://files.catbox.moe/a2itna.mp3"
    },
    {
        "animeEng": "Venus to Mamoru",
        "animeRomaji": "Mamoru-kun ni Megami no Shukufuku o!",
        "songName": "MA\u30fbMO\u30fbRU!",
        "artist": "Maho Tomita",
        "type": "Opening 1",
        "correctCount": 9,
        "startTime": 34,
        "songDuration": 89.112,
        "songNumber": 67,
        "activePlayerCount": 244,
        "LinkVideo": "https://files.catbox.moe/8qdd7t.webm",
        "LinkMp3": "https://files.catbox.moe/d3uqk8.mp3"
    },
    {
        "animeEng": "Naniiro no Nani",
        "animeRomaji": "Naniiro no Nani",
        "songName": "My Hero",
        "artist": "Kuusou Iinkai",
        "type": "Ending 1",
        "correctCount": 4,
        "startTime": 62,
        "songDuration": 182.712,
        "songNumber": 68,
        "activePlayerCount": 243,
        "LinkVideo": "https://files.catbox.moe/2rgymv.webm",
        "LinkMp3": "https://files.catbox.moe/xubq47.mp3",
        "correctPlayers": [
            "Derramao",
            "Anwonu",
            "BUSHTUSH",
            "dr_nyanpasu"
        ]
    },
    {
        "animeEng": "Yo-kai Watch: Shadowside",
        "animeRomaji": "Yo-kai Watch: Shadowside",
        "songName": "Funky Boogie Bar",
        "artist": "King Cream Soda.",
        "type": "Ending 1",
        "correctCount": 4,
        "startTime": 11,
        "songDuration": 84.008352,
        "songNumber": 69,
        "activePlayerCount": 243,
        "LinkVideo": "https://files.catbox.moe/7v4745.webm",
        "LinkMp3": "https://files.catbox.moe/8s6bcc.mp3",
        "correctPlayers": [
            "Bucciarati",
            "ShiroKuro",
            "Alsex",
            "JESSMI2"
        ]
    },
    {
        "animeEng": "Outlaw Star",
        "animeRomaji": "Seih\u014d Buky\u014d Outlaw Star",
        "songName": "Hiru no Tsuki ~ FOR Melfina MIX",
        "artist": "Ayako Kawasumi",
        "type": "Insert Song",
        "correctCount": 24,
        "startTime": 15,
        "songDuration": 87.816,
        "songNumber": 70,
        "activePlayerCount": 242,
        "LinkVideo": "https://files.catbox.moe/bprnmk.webm",
        "LinkMp3": "https://files.catbox.moe/ak1caa.mp3"
    },
    {
        "animeEng": "The Boy and The Beast",
        "animeRomaji": "Bakemono no Ko",
        "songName": "Starting Over",
        "artist": "Mr.Children",
        "type": "Ending 1",
        "correctCount": 30,
        "startTime": 28,
        "songDuration": 288.576,
        "songNumber": 71,
        "activePlayerCount": 243,
        "LinkVideo": "https://files.catbox.moe/jz8nqi.webm",
        "LinkMp3": "https://files.catbox.moe/g8b2az.mp3"
    },
    {
        "animeEng": "Miracle Girl Limit-chan",
        "animeRomaji": "Miracle Sh\u014djo Limit-chan",
        "songName": "SENCHI na Limit-chan",
        "artist": "Kumiko \u014csugi",
        "type": "Ending 1",
        "correctCount": 3,
        "startTime": 9,
        "songDuration": 58.069206,
        "songNumber": 72,
        "activePlayerCount": 243,
        "LinkVideo": "https://files.catbox.moe/qowu88.webm",
        "LinkMp3": "https://files.catbox.moe/3lrs3m.mp3",
        "correctPlayers": [
            "Samuel_KuroYuki",
            "Kisidy",
            "BUSHTUSH"
        ]
    },
    {
        "animeEng": "Hakugei: Legend of the Moby Dick",
        "animeRomaji": "Hakugei Densetsu",
        "songName": "Kaze to Yuku",
        "artist": "Hirohito Ochiai",
        "type": "Opening 1",
        "correctCount": 5,
        "startTime": 44,
        "songDuration": 79.6721,
        "songNumber": 73,
        "activePlayerCount": 244,
        "LinkVideo": "https://files.catbox.moe/08fe04.webm",
        "LinkMp3": "https://files.catbox.moe/qidf45.mp3",
        "correctPlayers": [
            "Kaani",
            "Hoomanity001",
            "watashiii",
            "BUSHTUSH",
            "dr_nyanpasu"
        ]
    },
    {
        "animeEng": "Barefoot Gen",
        "animeRomaji": "Hadashi no Gen",
        "songName": "Ima Sugu Ai ga Hoshii",
        "artist": "HARRY",
        "type": "Opening 1",
        "correctCount": 12,
        "startTime": 12,
        "songDuration": 83.04,
        "songNumber": 74,
        "activePlayerCount": 244,
        "LinkVideo": "https://files.catbox.moe/xpie00.webm",
        "LinkMp3": "https://files.catbox.moe/b7kjue.mp3"
    },
    {
        "animeEng": "MD Geist",
        "animeRomaji": "Sokihei M.D. Geist",
        "songName": "Hijoh no Soldier",
        "artist": "Hironobu Kageyama",
        "type": "Opening 1",
        "correctCount": 53,
        "startTime": 25,
        "songDuration": 105.428392,
        "songNumber": 75,
        "activePlayerCount": 243,
        "LinkVideo": "https://files.catbox.moe/ra9hke.webm",
        "LinkMp3": "https://files.catbox.moe/qmz6ql.mp3"
    }
]