[
    {
        "animeEng": "The IDOLM@STER",
        "animeRomaji": "The IDOLM@STER",
        "songName": "THE IDOLM@STER",
        "artist": "Eriko Nakamura & Akiko Hasegawa & Asami Imai & Mayako Nigo & Azumi Asakura & Hiromi Hirata & Asami Shimoda & Yumi Hara & Manami Numakura",
        "type": "Insert Song",
        "correctCount": 59,
        "startTime": 0,
        "songDuration": 35.064,
        "songNumber": 1,
        "activePlayerCount": 293,
        "LinkVideo": "https://files.catbox.moe/e3yvc1.webm",
        "LinkMp3": "https://files.catbox.moe/1fp0rc.mp3"
    },
    {
        "animeEng": "Terror in Resonance",
        "animeRomaji": "Zanky\u014d no Terror",
        "songName": "Trigger",
        "artist": "Yuki Ozaki(from Galileo Galilei)",
        "type": "Opening 1",
        "correctCount": 213,
        "startTime": 5,
        "songDuration": 89.784,
        "songNumber": 2,
        "activePlayerCount": 300,
        "LinkVideo": "https://files.catbox.moe/heu2fw.webm",
        "LinkMp3": "https://files.catbox.moe/zhzj39.mp3"
    },
    {
        "animeEng": "Vassalord",
        "animeRomaji": "Vassalord",
        "songName": "Nessun dorma",
        "artist": "Luciano Pavarotti",
        "type": "Opening 1",
        "correctCount": 41,
        "startTime": 14,
        "songDuration": 78.792,
        "songNumber": 3,
        "activePlayerCount": 309,
        "LinkVideo": "https://files.catbox.moe/a07wzq.webm",
        "LinkMp3": "https://files.catbox.moe/4c4qzj.mp3"
    },
    {
        "animeEng": "Project A-Ko",
        "animeRomaji": "Project A-Ko",
        "songName": "In Your Eyes",
        "artist": "Samantha Newark",
        "type": "Insert Song",
        "correctCount": 3,
        "startTime": 21,
        "songDuration": 83.38605,
        "songNumber": 4,
        "activePlayerCount": 309,
        "LinkVideo": "https://files.catbox.moe/n5qcu8.webm",
        "LinkMp3": "https://files.catbox.moe/nkhhma.mp3",
        "correctPlayers": [
            "SrueyaF",
            "watashiii",
            "Samuel_KuroYuki"
        ]
    },
    {
        "animeEng": "Geisters - Fractions of the Earth",
        "animeRomaji": "Geisters - Fractions of the Earth",
        "songName": "WINGS",
        "artist": "Yumena Yokosuka",
        "type": "Opening 2",
        "correctCount": 0,
        "startTime": 3,
        "songDuration": 94.92,
        "songNumber": 5,
        "activePlayerCount": 307,
        "LinkVideo": "https://files.catbox.moe/z4yfli.webm",
        "LinkMp3": "https://files.catbox.moe/bfj7le.mp3"
    },
    {
        "animeEng": "Heavy Metal L-Gaim",
        "animeRomaji": "Juusenki L-Gaim",
        "songName": "L-Gaim -Time for L-GAIM-",
        "artist": "MIO",
        "type": "Opening 1",
        "correctCount": 34,
        "startTime": 36,
        "songDuration": 85.81077,
        "songNumber": 6,
        "activePlayerCount": 307,
        "LinkVideo": "https://files.catbox.moe/7av554.webm",
        "LinkMp3": "https://files.catbox.moe/18228g.mp3"
    },
    {
        "animeEng": "Owarimonogatari",
        "animeRomaji": "Owarimonogatari",
        "songName": "dark cherry mystery",
        "artist": "Kaori Mizuhashi",
        "type": "Opening 3",
        "correctCount": 135,
        "startTime": 22,
        "songDuration": 89.856,
        "songNumber": 7,
        "activePlayerCount": 303,
        "LinkVideo": "https://files.catbox.moe/fq16k2.webm",
        "LinkMp3": "https://files.catbox.moe/ezcd02.mp3"
    },
    {
        "animeEng": "Aikatsu Stars!",
        "animeRomaji": "Aikatsu Stars!",
        "songName": "One Step",
        "artist": "Kana\u30fbSena\u30fbMiki from AIKATSU\u2606STARS!",
        "type": "Insert Song",
        "correctCount": 34,
        "startTime": 69,
        "songDuration": 115.248,
        "songNumber": 8,
        "activePlayerCount": 303,
        "LinkVideo": "https://files.catbox.moe/upt9do.webm",
        "LinkMp3": "https://files.catbox.moe/ue5sq4.mp3"
    },
    {
        "animeEng": "Fruits Basket",
        "animeRomaji": "Fruits Basket",
        "songName": "For Fruits Basket",
        "artist": "Ritsuko Okazaki",
        "type": "Opening 1",
        "correctCount": 113,
        "startTime": 19,
        "songDuration": 78.672,
        "songNumber": 9,
        "activePlayerCount": 299,
        "LinkVideo": "https://files.catbox.moe/u4b397.webm",
        "LinkMp3": "https://files.catbox.moe/jdf7xr.mp3"
    },
    {
        "animeEng": "Slayers Great",
        "animeRomaji": "Slayers Great",
        "songName": "Reflection",
        "artist": "Megumi Hayashibara",
        "type": "Ending 1",
        "correctCount": 20,
        "startTime": 228,
        "songDuration": 271.296,
        "songNumber": 10,
        "activePlayerCount": 300,
        "LinkVideo": "https://files.catbox.moe/rwgw0n.webm",
        "LinkMp3": "https://files.catbox.moe/0b4a3n.mp3"
    },
    {
        "animeEng": "Magical Girl Pretty Sammy",
        "animeRomaji": "Mah\u014d Sh\u014djo Pretty Sammy",
        "songName": "Ai no Makeikusa",
        "artist": "Rica Matsumoto",
        "type": "Ending 2",
        "correctCount": 0,
        "startTime": 65,
        "songDuration": 154.2,
        "songNumber": 11,
        "activePlayerCount": 296,
        "LinkVideo": "https://files.catbox.moe/h7zsvl.webm",
        "LinkMp3": "https://files.catbox.moe/9nqan3.mp3"
    },
    {
        "animeEng": "ARP Backstage Pass",
        "animeRomaji": "ARP Backstage Pass",
        "songName": "Saikou no Good-bye",
        "artist": "ARP",
        "type": "Insert Song",
        "correctCount": 13,
        "startTime": 45,
        "songDuration": 143.712,
        "songNumber": 12,
        "activePlayerCount": 296,
        "LinkVideo": "https://files.catbox.moe/cl9pq7.webm",
        "LinkMp3": "https://files.catbox.moe/tdbl5q.mp3"
    },
    {
        "animeEng": "Super Demon Hero Wataru",
        "animeRomaji": "Ch\u014d Mashin Eiy\u016bden Wataru",
        "songName": "Hitotsu no Heart de",
        "artist": "Hitomi Mieno",
        "type": "Opening 1",
        "correctCount": 2,
        "startTime": 22,
        "songDuration": 96.072,
        "songNumber": 13,
        "activePlayerCount": 298,
        "LinkVideo": "https://files.catbox.moe/2g9k9f.webm",
        "LinkMp3": "https://files.catbox.moe/phro54.mp3",
        "correctPlayers": [
            "yeims",
            "XiaoPao"
        ]
    },
    {
        "animeEng": "Love Live! School idol project",
        "animeRomaji": "Love Live! School idol project",
        "songName": "START:DASH!!",
        "artist": "Emi Nitta, Aya Uchida, Suzuko Mimori",
        "type": "Insert Song",
        "correctCount": 154,
        "startTime": 129,
        "songDuration": 180.048,
        "songNumber": 14,
        "activePlayerCount": 298,
        "LinkVideo": "https://files.catbox.moe/bidu83.webm",
        "LinkMp3": "https://files.catbox.moe/4sm143.mp3"
    },
    {
        "animeEng": "High School DxD Hero",
        "animeRomaji": "High School DxD Hero",
        "songName": "SWITCH",
        "artist": "Minami",
        "type": "Opening 1",
        "correctCount": 107,
        "startTime": 51,
        "songDuration": 90,
        "songNumber": 15,
        "activePlayerCount": 296,
        "LinkVideo": "https://files.catbox.moe/quc48z.webm",
        "LinkMp3": "https://files.catbox.moe/dq76gi.mp3"
    },
    {
        "animeEng": "Captain Tsubasa",
        "animeRomaji": "Captain Tsubasa",
        "songName": "Moete Hero (Chuugakusei-hen Arrange)",
        "artist": "Yuuko Sanpei",
        "type": "Ending 9",
        "correctCount": 161,
        "startTime": 43,
        "songDuration": 89.232752,
        "songNumber": 16,
        "activePlayerCount": 298,
        "LinkVideo": "https://files.catbox.moe/q4tch2.webm",
        "LinkMp3": "https://files.catbox.moe/7le1a6.mp3"
    },
    {
        "animeEng": "Flame of Recca",
        "animeRomaji": "Recca no Honoo",
        "songName": "Zutto Kimi ni Soba de",
        "artist": "Yuki Masuda",
        "type": "Ending 2",
        "correctCount": 15,
        "startTime": 45,
        "songDuration": 82.224,
        "songNumber": 17,
        "activePlayerCount": 298,
        "LinkVideo": "https://files.catbox.moe/e1orff.webm",
        "LinkMp3": "https://files.catbox.moe/ze5uil.mp3"
    },
    {
        "animeEng": "Aria the Origination",
        "animeRomaji": "Aria the Origination",
        "songName": "Undine",
        "artist": "Yui Makino",
        "type": "Ending 3",
        "correctCount": 128,
        "startTime": 179,
        "songDuration": 216.055062,
        "songNumber": 18,
        "activePlayerCount": 297,
        "LinkVideo": "https://files.catbox.moe/k6xhfi.webm",
        "LinkMp3": "https://files.catbox.moe/94whmu.mp3"
    },
    {
        "animeEng": "Dragon Ball Z: Fusion Reborn",
        "animeRomaji": "Dragon Ball Z: Fukkatsu no Fusion!! Goku to Vegeta",
        "songName": "WE GOTTA POWER",
        "artist": "Hironobu Kageyama",
        "type": "Opening 1",
        "correctCount": 238,
        "startTime": 21,
        "songDuration": 106.551638,
        "songNumber": 19,
        "activePlayerCount": 298,
        "LinkVideo": "https://files.catbox.moe/g6l594.webm",
        "LinkMp3": "https://files.catbox.moe/mpznc0.mp3"
    },
    {
        "animeEng": "Tokyo Ghoul:re",
        "animeRomaji": "Tokyo Ghoul:re",
        "songName": "katharsis",
        "artist": "TK from Ling Tosite Sigure",
        "type": "Opening 1",
        "correctCount": 198,
        "startTime": 15,
        "songDuration": 88.997654,
        "songNumber": 20,
        "activePlayerCount": 297,
        "LinkVideo": "https://files.catbox.moe/di477h.webm",
        "LinkMp3": "https://files.catbox.moe/2hxips.mp3"
    },
    {
        "animeEng": "Yu-Gi-Oh! Zexal II",
        "animeRomaji": "Yu-Gi-Oh! Zexal II",
        "songName": "Halfway to forever",
        "artist": "Michael Brady, Shane Guenego, Arthur Murakami, Jonathan Lattif",
        "type": "Opening 1",
        "correctCount": 8,
        "startTime": 18,
        "songDuration": 58.92,
        "songNumber": 21,
        "activePlayerCount": 294,
        "LinkVideo": "https://files.catbox.moe/zzjnog.webm",
        "LinkMp3": "https://files.catbox.moe/1djm0t.mp3"
    },
    {
        "animeEng": "Kuroko's Basketball",
        "animeRomaji": "Kuroko no Basuke",
        "songName": "WALK",
        "artist": "OLDCODEX",
        "type": "Ending 1",
        "correctCount": 63,
        "startTime": 5,
        "songDuration": 89.016,
        "songNumber": 22,
        "activePlayerCount": 295,
        "LinkVideo": "https://files.catbox.moe/syktnd.webm",
        "LinkMp3": "https://files.catbox.moe/0bwsnf.mp3"
    },
    {
        "animeEng": "Baka & Test: Summon the Beasts 2",
        "animeRomaji": "Baka to Test to Sh\u014dkanj\u016b Ni!",
        "songName": "Baka to Koshitsu to Kodoku Han",
        "artist": "milktub",
        "type": "Ending 2",
        "correctCount": 40,
        "startTime": 37,
        "songDuration": 88.824,
        "songNumber": 23,
        "activePlayerCount": 294,
        "LinkVideo": "https://files.catbox.moe/yfc43y.webm",
        "LinkMp3": "https://files.catbox.moe/ffvxf3.mp3"
    },
    {
        "animeEng": "Super Zugan",
        "animeRomaji": "Super Zugan",
        "songName": "Jan\u30fbNight\u30fbJan",
        "artist": "Haruo Minami",
        "type": "Ending 1",
        "correctCount": 4,
        "startTime": 3,
        "songDuration": 109.32057,
        "songNumber": 24,
        "activePlayerCount": 295,
        "LinkVideo": "https://files.catbox.moe/93hza4.webm",
        "LinkMp3": "https://files.catbox.moe/6ry11t.mp3",
        "correctPlayers": [
            "bamboo",
            "Samuel_KuroYuki",
            "theyingster",
            "arrow"
        ]
    },
    {
        "animeEng": "Escaflowne: The Movie",
        "animeRomaji": "Escaflowne: The Movie",
        "songName": "What'cha gonna do???",
        "artist": "Gabriela Robin",
        "type": "Insert Song",
        "correctCount": 2,
        "startTime": 17,
        "songDuration": 51.072,
        "songNumber": 25,
        "activePlayerCount": 294,
        "LinkVideo": "https://files.catbox.moe/vyhcfq.webm",
        "LinkMp3": "https://files.catbox.moe/zx5c5j.mp3",
        "correctPlayers": [
            "Seguri",
            "TraceofLife"
        ]
    },
    {
        "animeEng": "Majestic Prince Special",
        "animeRomaji": "Ginga Kik\u014dtai Majestic Prince: Mirai e no Tsubasa",
        "songName": "PROMPT",
        "artist": "Natsumi Kon",
        "type": "Opening 1",
        "correctCount": 10,
        "startTime": 51,
        "songDuration": 88.584,
        "songNumber": 26,
        "activePlayerCount": 294,
        "LinkVideo": "https://files.catbox.moe/6nyzn3.webm",
        "LinkMp3": "https://files.catbox.moe/6jvol8.mp3"
    },
    {
        "animeEng": "Sound! Euphonium: The Movie - Our Promise: A Brand New Day",
        "animeRomaji": "Gekij\u014dban Hibike! Euphonium: Chikai no Finale",
        "songName": "Kore ga Watashi no Ikiru Michi",
        "artist": "Freshman Wind Ensemble",
        "type": "Opening 1",
        "correctCount": 54,
        "startTime": 22,
        "songDuration": 114.768,
        "songNumber": 27,
        "activePlayerCount": 293,
        "LinkVideo": "https://files.catbox.moe/889ij8.webm",
        "LinkMp3": "https://files.catbox.moe/eebvui.mp3"
    },
    {
        "animeEng": "Blue Spring Ride",
        "animeRomaji": "Ao Haru Ride",
        "songName": "Sekai wa Koi ni Ochiteiru",
        "artist": "CHiCO with HoneyWorks",
        "type": "Opening 1",
        "correctCount": 174,
        "startTime": 50,
        "songDuration": 88.944,
        "songNumber": 28,
        "activePlayerCount": 291,
        "LinkVideo": "https://files.catbox.moe/xu80bc.webm",
        "LinkMp3": "https://files.catbox.moe/anpnj2.mp3"
    },
    {
        "animeEng": "Masked Rider Super-Deformed",
        "animeRomaji": "Kamen Rider SD",
        "songName": "Kamen Rider SD",
        "artist": "TOM",
        "type": "Opening 1",
        "correctCount": 14,
        "startTime": 47,
        "songDuration": 80.568,
        "songNumber": 29,
        "activePlayerCount": 292,
        "LinkVideo": "https://files.catbox.moe/o1723c.webm",
        "LinkMp3": "https://files.catbox.moe/nyvdtm.mp3"
    },
    {
        "animeEng": "Riki-Oh: T\u014dkatsu Jigoku",
        "animeRomaji": "Riki-Oh: T\u014dkatsu Jigoku",
        "songName": "NO MERCY",
        "artist": "Eizo Sakamoto",
        "type": "Opening 1",
        "correctCount": 4,
        "startTime": 0,
        "songDuration": 79.728,
        "songNumber": 30,
        "activePlayerCount": 288,
        "LinkVideo": "https://files.catbox.moe/qvhfir.webm",
        "LinkMp3": "https://files.catbox.moe/g3n6pi.mp3",
        "correctPlayers": [
            "heyhey",
            "MangoSS",
            "Kisidy",
            "chauhuy23"
        ]
    },
    {
        "animeEng": "Ch\u014d Gekij\u014dban Keroro Guns\u014d 2: Shinkai no Princess de Arimasu!",
        "animeRomaji": "Ch\u014d Gekij\u014dban Keroro Guns\u014d 2: Shinkai no Princess de Arimasu!",
        "songName": "Sono Te wo Tsunaide",
        "artist": "Misato Watanabe",
        "type": "Ending 1",
        "correctCount": 8,
        "startTime": 66,
        "songDuration": 199.075762,
        "songNumber": 31,
        "activePlayerCount": 289,
        "LinkVideo": "https://files.catbox.moe/a9hjlm.webm",
        "LinkMp3": "https://files.catbox.moe/y1ho10.mp3"
    },
    {
        "animeEng": "Cyber City Oedo 808",
        "animeRomaji": "Cyber City Oedo 808",
        "songName": "Burning World ~Tsuioku no Command~",
        "artist": "Hidemi Miura",
        "type": "Opening 1",
        "correctCount": 16,
        "startTime": 67,
        "songDuration": 108.552,
        "songNumber": 32,
        "activePlayerCount": 288,
        "LinkVideo": "https://files.catbox.moe/ecoa33.webm",
        "LinkMp3": "https://files.catbox.moe/n4f8m4.mp3"
    },
    {
        "animeEng": "Cooking Papa",
        "animeRomaji": "Cooking Papa",
        "songName": "Papa wa Nani demo Shitteiru",
        "artist": "Mari Sasaki",
        "type": "Ending 1",
        "correctCount": 5,
        "startTime": 33,
        "songDuration": 78.648,
        "songNumber": 33,
        "activePlayerCount": 288,
        "LinkVideo": "https://files.catbox.moe/78vte9.webm",
        "LinkMp3": "https://files.catbox.moe/oog7h4.mp3",
        "correctPlayers": [
            "molfine",
            "heyhey",
            "Yokipi",
            "Kisidy",
            "arrow"
        ]
    },
    {
        "animeEng": "Dragon Ball Z Kai",
        "animeRomaji": "Dragon Ball Kai",
        "songName": "Dragon Soul",
        "artist": "Takayoshi Tanimoto",
        "type": "Opening 1",
        "correctCount": 150,
        "startTime": 41,
        "songDuration": 84,
        "songNumber": 34,
        "activePlayerCount": 288,
        "LinkVideo": "https://files.catbox.moe/1re7yl.webm",
        "LinkMp3": "https://files.catbox.moe/vp182q.mp3"
    },
    {
        "animeEng": "Shattered Angels",
        "animeRomaji": "Ky\u014dshir\u014d to Towa no Sora",
        "songName": "Cross\uff0aHeart",
        "artist": "CooRie",
        "type": "Opening 1",
        "correctCount": 10,
        "startTime": 24,
        "songDuration": 89.016,
        "songNumber": 35,
        "activePlayerCount": 288,
        "LinkVideo": "https://files.catbox.moe/wrtwxd.webm",
        "LinkMp3": "https://files.catbox.moe/9hte0h.mp3"
    },
    {
        "animeEng": "Sakura Wars",
        "animeRomaji": "Sakura Taisen",
        "songName": "Geki! Teikoku Kageki-dan (Kai)",
        "artist": "Chisa Yokoyama & Teikoku Kageki-dan",
        "type": "Opening 1",
        "correctCount": 139,
        "startTime": 1,
        "songDuration": 84.552,
        "songNumber": 36,
        "activePlayerCount": 289,
        "LinkVideo": "https://files.catbox.moe/shequl.webm",
        "LinkMp3": "https://files.catbox.moe/c1bvrx.mp3"
    },
    {
        "animeEng": "I want to eat your pancreas",
        "animeRomaji": "Kimi no Suiz\u014d o Tabetai",
        "songName": "Fanfare",
        "artist": "sumika",
        "type": "Opening 1",
        "correctCount": 132,
        "startTime": 47,
        "songDuration": 86.472,
        "songNumber": 37,
        "activePlayerCount": 287,
        "LinkVideo": "https://files.catbox.moe/4rk180.webm",
        "LinkMp3": "https://files.catbox.moe/66vyxz.mp3"
    },
    {
        "animeEng": "The Rolling Girls",
        "animeRomaji": "Rolling\u2606Girls",
        "songName": "Hito ni Yasashiku",
        "artist": "THE ROLLING GIRLS",
        "type": "Opening 1",
        "correctCount": 101,
        "startTime": 28,
        "songDuration": 87.744,
        "songNumber": 38,
        "activePlayerCount": 287,
        "LinkVideo": "https://files.catbox.moe/0uqf6e.webm",
        "LinkMp3": "https://files.catbox.moe/e40mhh.mp3"
    },
    {
        "animeEng": "One Piece",
        "animeRomaji": "One Piece",
        "songName": "Kaze o Sagashite",
        "artist": "Mari Yaguchi",
        "type": "Opening 12",
        "correctCount": 98,
        "startTime": 28,
        "songDuration": 146.804375,
        "songNumber": 39,
        "activePlayerCount": 287,
        "LinkVideo": "https://files.catbox.moe/yxcktt.webm",
        "LinkMp3": "https://files.catbox.moe/42joxv.mp3"
    },
    {
        "animeEng": "Gegege no Kitar\u014d: Gekitotsu!! Ijigen Y\u014dkai no Daihanran",
        "animeRomaji": "Gegege no Kitar\u014d: Gekitotsu!! Ijigen Y\u014dkai no Daihanran",
        "songName": "Gegege no Kitaro",
        "artist": "Ikuzo Yoshi",
        "type": "Opening 1",
        "correctCount": 266,
        "startTime": 13,
        "songDuration": 87.912,
        "songNumber": 40,
        "activePlayerCount": 287,
        "LinkVideo": "https://files.catbox.moe/ejlayj.webm",
        "LinkMp3": "https://files.catbox.moe/gsmnx3.mp3"
    },
    {
        "animeEng": "Gatchaman Crowds Insight",
        "animeRomaji": "Gatchaman Crowds Insight",
        "songName": "Air",
        "artist": "L-VOKAL",
        "type": "Insert Song",
        "correctCount": 5,
        "startTime": 88,
        "songDuration": 209.069333,
        "songNumber": 41,
        "activePlayerCount": 288,
        "LinkVideo": "https://files.catbox.moe/9un2jv.webm",
        "LinkMp3": "https://files.catbox.moe/8u7tf0.mp3",
        "correctPlayers": [
            "zukkyun",
            "TraceofLife",
            "SymBios",
            "Alsex",
            "SoraTheVillain"
        ]
    },
    {
        "animeEng": "Is This a Zombie?",
        "animeRomaji": "Kore wa Zombie Desu ka?",
        "songName": "Ma\u30fbKa\u30fbSe\u30fbTe Tonight",
        "artist": "Iori Nomizu",
        "type": "Opening 1",
        "correctCount": 158,
        "startTime": 55,
        "songDuration": 89.568,
        "songNumber": 42,
        "activePlayerCount": 286,
        "LinkVideo": "https://files.catbox.moe/2yf9vl.webm",
        "LinkMp3": "https://files.catbox.moe/12efls.mp3"
    },
    {
        "animeEng": "Shironeko Project ZERO Chronicle",
        "animeRomaji": "Shironeko Project ZERO Chronicle",
        "songName": "Libra",
        "artist": "Takanori Nishikawa+ASCA",
        "type": "Opening 1",
        "correctCount": 81,
        "startTime": 36,
        "songDuration": 88.992,
        "songNumber": 43,
        "activePlayerCount": 285,
        "LinkVideo": "https://files.catbox.moe/itm3wa.webm",
        "LinkMp3": "https://files.catbox.moe/2gw8n2.mp3"
    },
    {
        "animeEng": "Tsurune: Kazemai K\u014dk\u014d Ky\u016bd\u014d-bu",
        "animeRomaji": "Tsurune: Kazemai K\u014dk\u014d Ky\u016bd\u014d-bu",
        "songName": "Naru",
        "artist": "Luck Life",
        "type": "Opening 1",
        "correctCount": 85,
        "startTime": 19,
        "songDuration": 89.064,
        "songNumber": 44,
        "activePlayerCount": 286,
        "LinkVideo": "https://files.catbox.moe/tsm12k.webm",
        "LinkMp3": "https://files.catbox.moe/gxh7ti.mp3"
    },
    {
        "animeEng": "Sazae-san",
        "animeRomaji": "Sazae-san",
        "songName": "Sazae-san Ikka",
        "artist": "Y\u016bko Uno",
        "type": "Ending 1",
        "correctCount": 34,
        "startTime": 35,
        "songDuration": 101.88,
        "songNumber": 45,
        "activePlayerCount": 286,
        "LinkVideo": "https://files.catbox.moe/dm2oou.webm",
        "LinkMp3": "https://files.catbox.moe/lwstg9.mp3"
    },
    {
        "animeEng": "Sarazanmai",
        "animeRomaji": "Sarazanmai",
        "songName": "Sarazanmai no Uta",
        "artist": "Ayumu Murase, Kouki Uchiyama, Shun Horie, Junichi Suwabe",
        "type": "Insert Song",
        "correctCount": 82,
        "startTime": 45,
        "songDuration": 91.032,
        "songNumber": 46,
        "activePlayerCount": 286,
        "LinkVideo": "https://files.catbox.moe/7ht2q7.webm",
        "LinkMp3": "https://files.catbox.moe/ota1x2.mp3"
    },
    {
        "animeEng": "Transformers: Scramble City",
        "animeRomaji": "Transformers: Scramble City",
        "songName": "Transformers",
        "artist": "Satoko Shimonari",
        "type": "Opening 1",
        "correctCount": 5,
        "startTime": 30,
        "songDuration": 80.088,
        "songNumber": 47,
        "activePlayerCount": 285,
        "LinkVideo": "https://files.catbox.moe/52xh6y.webm",
        "LinkMp3": "https://files.catbox.moe/h5w6fv.mp3",
        "correctPlayers": [
            "80s",
            "Kisidy",
            "SymBios",
            "BUSHTUSH",
            "theyingster"
        ]
    },
    {
        "animeEng": "Highschool of the Dead",
        "animeRomaji": "Gakuen Mokushiroku - Highschool of the Dead",
        "songName": "HIGHSCHOOL OF THE DEAD",
        "artist": "Kishida Ky\u014ddan &THE Akeboshi Rockets",
        "type": "Opening 1",
        "correctCount": 206,
        "startTime": 36,
        "songDuration": 88.008,
        "songNumber": 48,
        "activePlayerCount": 285,
        "LinkVideo": "https://files.catbox.moe/lfamyx.webm",
        "LinkMp3": "https://files.catbox.moe/sb9ik3.mp3"
    },
    {
        "animeEng": "THE IDOLM@STER MOVIE: Beyond the Brilliant Future!",
        "animeRomaji": "THE IDOLM@STER MOVIE: Kagayaki no Muk\u014dgawa e!",
        "songName": "Nemuri Hime",
        "artist": "Asami Imai",
        "type": "Insert Song",
        "correctCount": 63,
        "startTime": 6,
        "songDuration": 41.856,
        "songNumber": 49,
        "activePlayerCount": 284,
        "LinkVideo": "https://files.catbox.moe/u77wci.webm",
        "LinkMp3": "https://files.catbox.moe/ruhq6o.mp3"
    },
    {
        "animeEng": "Date A Live",
        "animeRomaji": "Date A Live",
        "songName": "Date A Live",
        "artist": "sweet ARMS",
        "type": "Opening 1",
        "correctCount": 177,
        "startTime": 62,
        "songDuration": 101.76,
        "songNumber": 50,
        "activePlayerCount": 285,
        "LinkVideo": "https://files.catbox.moe/zy4d2d.webm",
        "LinkMp3": "https://files.catbox.moe/5ad18s.mp3"
    },
    {
        "animeEng": "Tentai Senshi Sunred",
        "animeRomaji": "Tentai Senshi Sunred",
        "songName": "Tori Dango Nabe",
        "artist": "Morino Kumahachi",
        "type": "Ending 1",
        "correctCount": 14,
        "startTime": 41,
        "songDuration": 89.28,
        "songNumber": 51,
        "activePlayerCount": 286,
        "LinkVideo": "https://files.catbox.moe/q48vnj.webm",
        "LinkMp3": "https://files.catbox.moe/kp6yqd.mp3"
    },
    {
        "animeEng": "Pingu in the City",
        "animeRomaji": "Pingu in the City",
        "songName": "Ride The Rainbow",
        "artist": "Ken Arai",
        "type": "Ending 1",
        "correctCount": 181,
        "startTime": 0,
        "songDuration": 31.99945,
        "songNumber": 52,
        "activePlayerCount": 286,
        "LinkVideo": "https://files.catbox.moe/lr2e19.webm",
        "LinkMp3": "https://files.catbox.moe/0mtppi.mp3"
    },
    {
        "animeEng": "Sailor Moon",
        "animeRomaji": "Bish\u014djo Senshi Sailor Moon",
        "songName": "Moonlight Densetsu",
        "artist": "DALI",
        "type": "Opening 1",
        "correctCount": 228,
        "startTime": 31,
        "songDuration": 91.464,
        "songNumber": 53,
        "activePlayerCount": 285,
        "LinkVideo": "https://files.catbox.moe/k5yv5u.webm",
        "LinkMp3": "https://files.catbox.moe/77jbup.mp3"
    },
    {
        "animeEng": "Monster Musume no Iru Nichij\u014d SP",
        "animeRomaji": "Monster Musume no Iru Nichij\u014d SP",
        "songName": "Saik\u014dsoku Fall in Love",
        "artist": "Ari Ozawa, Natsuki Aikawa, Sora Amamiya, Haruka Yamazaki, Mayuka Nomura",
        "type": "Opening 1",
        "correctCount": 169,
        "startTime": 27,
        "songDuration": 89.52,
        "songNumber": 54,
        "activePlayerCount": 284,
        "LinkVideo": "https://files.catbox.moe/47i25i.webm",
        "LinkMp3": "https://files.catbox.moe/g2x3xp.mp3"
    },
    {
        "animeEng": "Precure Super Stars! Movie",
        "animeRomaji": "Eiga Precure Super Stars",
        "songName": "Ashita Egao ni Naare!",
        "artist": "Rie Kitagawa",
        "type": "Opening 1",
        "correctCount": 24,
        "startTime": 23,
        "songDuration": 98.08811,
        "songNumber": 55,
        "activePlayerCount": 283,
        "LinkVideo": "https://files.catbox.moe/lkuiho.webm",
        "LinkMp3": "https://files.catbox.moe/wbivhv.mp3"
    },
    {
        "animeEng": "Encouragement of Climb Season 3",
        "animeRomaji": "Yama no Susume Third Season",
        "songName": "Gakujin no Uta",
        "artist": "Kana Asumi",
        "type": "Insert Song",
        "correctCount": 31,
        "startTime": 0,
        "songDuration": 40.056,
        "songNumber": 56,
        "activePlayerCount": 284,
        "LinkVideo": "https://files.catbox.moe/ru7204.webm",
        "LinkMp3": "https://files.catbox.moe/l2b4xa.mp3"
    },
    {
        "animeEng": "Scar-red Rider XechS",
        "animeRomaji": "Scar-red Rider XechS",
        "songName": "Dan-Gun-XechS",
        "artist": "Mamoru Miyano",
        "type": "Ending 2",
        "correctCount": 4,
        "startTime": 53,
        "songDuration": 106.812858,
        "songNumber": 57,
        "activePlayerCount": 284,
        "LinkVideo": "https://files.catbox.moe/jj4cin.webm",
        "LinkMp3": "https://files.catbox.moe/11iuwr.mp3",
        "correctPlayers": [
            "AnbuKakashi",
            "Ashuramaru",
            "Kisidy",
            "zukkyun"
        ]
    },
    {
        "animeEng": "Fate/stay night: Heaven's Feel II. lost butterfly",
        "animeRomaji": "Fate/stay night: Heaven's Feel II. lost butterfly",
        "songName": "He comes back again and again",
        "artist": "Yuri Kasahara, Tokyo Konsei",
        "type": "Insert Song",
        "correctCount": 35,
        "startTime": 39,
        "songDuration": 145.08,
        "songNumber": 58,
        "activePlayerCount": 285,
        "LinkVideo": "https://files.catbox.moe/gyqn1n.webm",
        "LinkMp3": "https://files.catbox.moe/06m5jt.mp3"
    },
    {
        "animeEng": "Zan Sayonara Zetsub\u014d Sensei",
        "animeRomaji": "Zan Sayonara Zetsub\u014d Sensei",
        "songName": "Zetsub\u014d Sensei Ekaki Uta",
        "artist": "Chiwa Saito, Akiko Yajima",
        "type": "Insert Song",
        "correctCount": 73,
        "startTime": 0,
        "songDuration": 41.256,
        "songNumber": 59,
        "activePlayerCount": 285,
        "LinkVideo": "https://files.catbox.moe/cm9fs6.webm",
        "LinkMp3": "https://files.catbox.moe/hizhd9.mp3"
    },
    {
        "animeEng": "Dragon Ball: Mystical Adventure",
        "animeRomaji": "Dragon Ball: Makafushigi Daib\u014dken",
        "songName": "Makafushigi Adventure!",
        "artist": "Hiroki Takahashi",
        "type": "Opening 1",
        "correctCount": 201,
        "startTime": 64,
        "songDuration": 107.688,
        "songNumber": 60,
        "activePlayerCount": 285,
        "LinkVideo": "https://files.catbox.moe/cw29xd.webm",
        "LinkMp3": "https://files.catbox.moe/i66y68.mp3"
    },
    {
        "animeEng": "Wedding Peach",
        "animeRomaji": "Ai Tenshi Densetsu Wedding Peach",
        "songName": "Yume Miru Ai Tenshi",
        "artist": "FURIL",
        "type": "Opening 1",
        "correctCount": 16,
        "startTime": 37,
        "songDuration": 89.304,
        "songNumber": 61,
        "activePlayerCount": 284,
        "LinkVideo": "https://files.catbox.moe/ij9q7i.webm",
        "LinkMp3": "https://files.catbox.moe/ogb51w.mp3"
    },
    {
        "animeEng": "Heya Camp",
        "animeRomaji": "Heya Camp",
        "songName": "The Sunshower",
        "artist": "Asaka",
        "type": "Ending 1",
        "correctCount": 157,
        "startTime": 0,
        "songDuration": 29.448,
        "songNumber": 62,
        "activePlayerCount": 285,
        "LinkVideo": "https://files.catbox.moe/z63om0.webm",
        "LinkMp3": "https://files.catbox.moe/mwkvzl.mp3"
    },
    {
        "animeEng": "Aquarian Age - Sign for Evolution",
        "animeRomaji": "Aquarian Age - Sign for Evolution",
        "songName": "Zodiacal Sign",
        "artist": "Kaori Nishina",
        "type": "Insert Song",
        "correctCount": 2,
        "startTime": 66,
        "songDuration": 150.912,
        "songNumber": 63,
        "activePlayerCount": 285,
        "LinkVideo": "https://files.catbox.moe/ag5kvn.webm",
        "LinkMp3": "https://files.catbox.moe/hqgmza.mp3",
        "correctPlayers": [
            "Transpoin",
            "Janoxx"
        ]
    },
    {
        "animeEng": "Hundred",
        "animeRomaji": "Hundred",
        "songName": "BLOODRED",
        "artist": "D-selections",
        "type": "Opening 1",
        "correctCount": 114,
        "startTime": 15,
        "songDuration": 88.848,
        "songNumber": 64,
        "activePlayerCount": 284,
        "LinkVideo": "https://files.catbox.moe/tkmxxy.webm",
        "LinkMp3": "https://files.catbox.moe/i4kjz1.mp3"
    },
    {
        "animeEng": "Reideen the Superior",
        "animeRomaji": "Ch\u014dja Reideen",
        "songName": "In my Justice ~Tsubasa no Densetu~",
        "artist": "Manbu Watanabe",
        "type": "Opening 1",
        "correctCount": 11,
        "startTime": 24,
        "songDuration": 90.12,
        "songNumber": 65,
        "activePlayerCount": 285,
        "LinkVideo": "https://files.catbox.moe/w7s31a.webm",
        "LinkMp3": "https://files.catbox.moe/peoxx2.mp3"
    },
    {
        "animeEng": "Lupin III: Crisis in Tokyo",
        "animeRomaji": "Lupin Sansei: Hon\u014d no Kioku - Tokyo Crisis",
        "songName": "Akogare",
        "artist": "Megumi Hayashibara",
        "type": "Ending 1",
        "correctCount": 12,
        "startTime": 145,
        "songDuration": 202.104,
        "songNumber": 66,
        "activePlayerCount": 285,
        "LinkVideo": "https://files.catbox.moe/yrkm7r.webm",
        "LinkMp3": "https://files.catbox.moe/jwixop.mp3"
    },
    {
        "animeEng": "Rainy Cocoa sideG",
        "animeRomaji": "Ame-iro Cocoa Side G",
        "songName": "Colorful Passage",
        "artist": "Rika Tachibana",
        "type": "Opening 1",
        "correctCount": 59,
        "startTime": 0,
        "songDuration": 29.596226,
        "songNumber": 67,
        "activePlayerCount": 285,
        "LinkVideo": "https://files.catbox.moe/4ti9sy.webm",
        "LinkMp3": "https://files.catbox.moe/jy6mx4.mp3"
    },
    {
        "animeEng": "Ladius",
        "animeRomaji": "Demon Frontier Legend Le Deus",
        "songName": "Aurora Dream",
        "artist": "Kazuki Yao",
        "type": "Ending 1",
        "correctCount": 4,
        "startTime": 43,
        "songDuration": 108.192,
        "songNumber": 68,
        "activePlayerCount": 281,
        "LinkVideo": "https://files.catbox.moe/xfr5vc.webm",
        "LinkMp3": "https://files.catbox.moe/itnvbj.mp3",
        "correctPlayers": [
            "Ashuramaru",
            "80s",
            "Kisidy",
            "Legend_"
        ]
    },
    {
        "animeEng": "Eiga Precure All Stars New Stage 2: Kokoro no Tomodachi",
        "animeRomaji": "Eiga Precure All Stars New Stage 2: Kokoro no Tomodachi",
        "songName": "Precure ~Eien no Tomodachi~ (2013 Version)",
        "artist": "Mayu Kud\u014d & Tomoyo Kurosawa & Hitomi Yoshida",
        "type": "Opening 1",
        "correctCount": 19,
        "startTime": 70,
        "songDuration": 140.856,
        "songNumber": 69,
        "activePlayerCount": 282,
        "LinkVideo": "https://files.catbox.moe/diigl2.webm",
        "LinkMp3": "https://files.catbox.moe/izwbbq.mp3"
    },
    {
        "animeEng": "Kubikiri Cycle: Aoiro Savant to Zaregoto Tsukai",
        "animeRomaji": "Kubikiri Cycle: Aoiro Savant to Zaregoto Tsukai",
        "songName": "reconstructing a full picture",
        "artist": "Kalafina",
        "type": "Insert Song",
        "correctCount": 64,
        "startTime": 25,
        "songDuration": 129.744,
        "songNumber": 70,
        "activePlayerCount": 283,
        "LinkVideo": "https://files.catbox.moe/da2ayt.webm",
        "LinkMp3": "https://files.catbox.moe/ajubs0.mp3"
    },
    {
        "animeEng": "Citrus",
        "animeRomaji": "Citrus",
        "songName": "Azalea",
        "artist": "nano.RIPE",
        "type": "Opening 1",
        "correctCount": 135,
        "startTime": 14,
        "songDuration": 89.064,
        "songNumber": 71,
        "activePlayerCount": 284,
        "LinkVideo": "https://files.catbox.moe/6l7y7p.webm",
        "LinkMp3": "https://files.catbox.moe/ljmswy.mp3"
    },
    {
        "animeEng": "Backwasher! -Her and I, in the Women's Bath!?",
        "animeRomaji": "Araiya-san! Ore to Aitsu ga Onnayu de!?",
        "songName": "Renai\u2606Sensation",
        "artist": "Ringo Aoba & Ayaka Igasaki",
        "type": "Ending 1",
        "correctCount": 8,
        "startTime": 12,
        "songDuration": 90.048,
        "songNumber": 72,
        "activePlayerCount": 284,
        "LinkVideo": "https://files.catbox.moe/1bsern.webm",
        "LinkMp3": "https://files.catbox.moe/5bvmv7.mp3"
    },
    {
        "animeEng": "Ninja Collection",
        "animeRomaji": "Ninja Collection",
        "songName": "Shinobiashi de Unzaunza o Odoru",
        "artist": "Backdrop Cinderella",
        "type": "Ending 1",
        "correctCount": 38,
        "startTime": 0,
        "songDuration": 29.088,
        "songNumber": 73,
        "activePlayerCount": 284,
        "LinkVideo": "https://files.catbox.moe/juta9q.webm",
        "LinkMp3": "https://files.catbox.moe/jhvc5s.mp3"
    },
    {
        "animeEng": ".hack//Intermezzo",
        "animeRomaji": ".hack//Intermezzo",
        "songName": "Yasashii Yoake",
        "artist": "See-Saw",
        "type": "Ending 1",
        "correctCount": 112,
        "startTime": 53,
        "songDuration": 88.56,
        "songNumber": 74,
        "activePlayerCount": 282,
        "LinkVideo": "https://files.catbox.moe/rgfgad.webm",
        "LinkMp3": "https://files.catbox.moe/hy6npj.mp3"
    },
    {
        "animeEng": "Miss Monochrome - The Animation - 2",
        "animeRomaji": "Miss Monochrome - The Animation - 2",
        "songName": "Step by Step!",
        "artist": "Miss Monochrome",
        "type": "Ending 1",
        "correctCount": 96,
        "startTime": 39,
        "songDuration": 88.944,
        "songNumber": 75,
        "activePlayerCount": 283,
        "LinkVideo": "https://files.catbox.moe/mqxaim.webm",
        "LinkMp3": "https://files.catbox.moe/5q2l4v.mp3"
    }
]