[
    {
        "animeEng": "Run with the Wind",
        "animeRomaji": "Kaze ga Tsuyoku Fuiteiru",
        "songName": "Reset",
        "artist": "Taichi Mukai",
        "type": "Ending 1",
        "correctCount": 50,
        "startTime": 15,
        "songDuration": 88.840922,
        "songNumber": 1,
        "activePlayerCount": 191,
        "LinkVideo": "https://files.catbox.moe/2coruu.webm",
        "LinkMp3": "https://files.catbox.moe/aoplzp.mp3"
    },
    {
        "animeEng": "Pretty Rhythm All Star Selection",
        "animeRomaji": "Pretty Rhythm All Star Selection",
        "songName": "You May Dream ~Aurora Rising Ver.~",
        "artist": "LISP",
        "type": "Insert Song",
        "correctCount": 6,
        "startTime": 24,
        "songDuration": 121.944,
        "songNumber": 2,
        "activePlayerCount": 193,
        "LinkVideo": "https://files.catbox.moe/c7v18i.webm",
        "LinkMp3": "https://files.catbox.moe/u047ki.mp3"
    },
    {
        "animeEng": "Future Card Buddyfight",
        "animeRomaji": "Future Card Buddyfight",
        "songName": "Natsuiro Fighting!!",
        "artist": "Sora Tokui",
        "type": "Ending 2",
        "correctCount": 27,
        "startTime": 3,
        "songDuration": 78.836196,
        "songNumber": 3,
        "activePlayerCount": 196,
        "LinkVideo": "https://files.catbox.moe/4zydsl.webm",
        "LinkMp3": "https://files.catbox.moe/m2iklk.mp3"
    },
    {
        "animeEng": "Aggretsuko: We Wish You a Metal Christmas",
        "animeRomaji": "Aggretsuko: We Wish You a Metal Christmas",
        "songName": "Jingle Bells",
        "artist": "Tim Timebomb and the Interrupters",
        "type": "Ending 1",
        "correctCount": 129,
        "startTime": 14,
        "songDuration": 51.381974,
        "songNumber": 4,
        "activePlayerCount": 194,
        "LinkVideo": "https://files.catbox.moe/jy3eix.webm",
        "LinkMp3": "https://files.catbox.moe/fh4fym.mp3"
    },
    {
        "animeEng": "Etotama",
        "animeRomaji": "Etotama",
        "songName": "Retry\u2606Rendezvous",
        "artist": "Rie Murakawa",
        "type": "Opening 1",
        "correctCount": 58,
        "startTime": 21,
        "songDuration": 89.112,
        "songNumber": 5,
        "activePlayerCount": 194,
        "LinkVideo": "https://files.catbox.moe/2ll6if.webm",
        "LinkMp3": "https://files.catbox.moe/1ourzz.mp3"
    },
    {
        "animeEng": "Death March to The Parallel World Rhapsody",
        "animeRomaji": "Death March Kara Hajimaru Isekai Ky\u014ds\u014dkyoku",
        "songName": "Slide Ride",
        "artist": "Run Girls, Run!",
        "type": "Opening 1",
        "correctCount": 93,
        "startTime": 39,
        "songDuration": 86.136,
        "songNumber": 6,
        "activePlayerCount": 193,
        "LinkVideo": "https://files.catbox.moe/mca2mb.webm",
        "LinkMp3": "https://files.catbox.moe/vawl24.mp3"
    },
    {
        "animeEng": "Wakaba*Girl",
        "animeRomaji": "Wakaba*Girl",
        "songName": "Hajimete Girls!",
        "artist": "Ichinen Fuji-gumi",
        "type": "Opening 2",
        "correctCount": 68,
        "startTime": 20,
        "songDuration": 88.536,
        "songNumber": 7,
        "activePlayerCount": 192,
        "LinkVideo": "https://files.catbox.moe/x2aui0.webm",
        "LinkMp3": "https://files.catbox.moe/4w4f8k.mp3"
    },
    {
        "animeEng": "Jormungand",
        "animeRomaji": "Jormungand",
        "songName": "Borderland",
        "artist": "Mami Kawada",
        "type": "Opening 1",
        "correctCount": 97,
        "startTime": 39,
        "songDuration": 90.072,
        "songNumber": 8,
        "activePlayerCount": 191,
        "LinkVideo": "https://files.catbox.moe/dw93qi.webm",
        "LinkMp3": "https://files.catbox.moe/r2tcw3.mp3"
    },
    {
        "animeEng": "Butt Attack Punisher Girl Gautaman R",
        "animeRomaji": "Dengeki Oshioki Musume G\u014dtaman R: Ai to Kanashimi no Final Battle",
        "songName": "Ari no Mama, Kimi no Mama",
        "artist": "Noriko Noguchi",
        "type": "Ending 1",
        "correctCount": 1,
        "startTime": 95,
        "songDuration": 144.048,
        "songNumber": 9,
        "activePlayerCount": 191,
        "LinkVideo": "https://files.catbox.moe/skw0xn.webm",
        "LinkMp3": "https://files.catbox.moe/6s0y4k.mp3",
        "correctPlayers": [
            "revel_"
        ]
    },
    {
        "animeEng": "GA: Geijutsuka Art Design Class",
        "animeRomaji": "GA: Geijutsuka Art Design Class",
        "songName": "Osaki ni sil vous plait",
        "artist": "Ayanoi K\u014dk\u014d GA girls",
        "type": "Opening 1",
        "correctCount": 11,
        "startTime": 42,
        "songDuration": 89.496,
        "songNumber": 10,
        "activePlayerCount": 191,
        "LinkVideo": "https://files.catbox.moe/drvasx.webm",
        "LinkMp3": "https://files.catbox.moe/aihief.mp3"
    },
    {
        "animeEng": "Yowamushi Pedal Movie",
        "animeRomaji": "Yowamushi Pedal Movie",
        "songName": "Koi no Hime Hime\u2606Pettanko",
        "artist": "Team S\u014dhoku",
        "type": "Insert Song",
        "correctCount": 50,
        "startTime": 29,
        "songDuration": 91.766586,
        "songNumber": 11,
        "activePlayerCount": 191,
        "LinkVideo": "https://files.catbox.moe/jobu3u.webm",
        "LinkMp3": "https://files.catbox.moe/aws7ql.mp3"
    },
    {
        "animeEng": "Augmented Reality Girls Trinary",
        "animeRomaji": "Kakuch\u014d Sh\u014djo-kei Trinary",
        "songName": "Commiato ~Hikari wa Yami e to Kie, Soshite Otozureru Hikari~",
        "artist": "FreyMENOW feat.TRINARY",
        "type": "Insert Song",
        "correctCount": 8,
        "startTime": 5,
        "songDuration": 174.057075,
        "songNumber": 12,
        "activePlayerCount": 191,
        "LinkVideo": "https://files.catbox.moe/mn11u1.webm",
        "LinkMp3": "https://files.catbox.moe/pr5xq5.mp3"
    },
    {
        "animeEng": "Tokyo Underground",
        "animeRomaji": "Tokyo Underground",
        "songName": "HEY YOU !!~Ushinatte wa naranaimono~",
        "artist": "iksi:d",
        "type": "Opening 2",
        "correctCount": 6,
        "startTime": 34,
        "songDuration": 90.888,
        "songNumber": 13,
        "activePlayerCount": 190,
        "LinkVideo": "https://files.catbox.moe/18u3ck.webm",
        "LinkMp3": "https://files.catbox.moe/wj18c6.mp3"
    },
    {
        "animeEng": "Aoharu x Machinegun",
        "animeRomaji": "Aoharu x Kikanj\u016b",
        "songName": "Tic Tac",
        "artist": "Mikako Komatsu",
        "type": "Ending 2",
        "correctCount": 31,
        "startTime": 6,
        "songDuration": 89.04,
        "songNumber": 14,
        "activePlayerCount": 191,
        "LinkVideo": "https://files.catbox.moe/0dv5pu.webm",
        "LinkMp3": "https://files.catbox.moe/z450uu.mp3"
    },
    {
        "animeEng": "Initial D",
        "animeRomaji": "Initial D",
        "songName": "GET ME POWER",
        "artist": "MEGA NRG MAN",
        "type": "Insert Song",
        "correctCount": 126,
        "startTime": 54,
        "songDuration": 109.08,
        "songNumber": 15,
        "activePlayerCount": 191,
        "LinkVideo": "https://files.catbox.moe/0ngo7a.webm",
        "LinkMp3": "https://files.catbox.moe/tquzf4.mp3"
    },
    {
        "animeEng": "Yo-kai Watch",
        "animeRomaji": "Yo-kai Watch",
        "songName": "Furusato Japan",
        "artist": "LinQ",
        "type": "Ending 3",
        "correctCount": 9,
        "startTime": 21,
        "songDuration": 83.592,
        "songNumber": 16,
        "activePlayerCount": 191,
        "LinkVideo": "https://files.catbox.moe/m5a70z.webm",
        "LinkMp3": "https://files.catbox.moe/rucppg.mp3"
    },
    {
        "animeEng": "Gunslinger Stratos: The Animation",
        "animeRomaji": "Gunslinger Stratos: The Animation",
        "songName": "vanilla sky",
        "artist": "Mashiro Ayano",
        "type": "Opening 1",
        "correctCount": 26,
        "startTime": 22,
        "songDuration": 88.55358,
        "songNumber": 17,
        "activePlayerCount": 191,
        "LinkVideo": "https://files.catbox.moe/9y2vda.webm",
        "LinkMp3": "https://files.catbox.moe/v051o4.mp3"
    },
    {
        "animeEng": "My Sister, My Writer",
        "animeRomaji": "Ore ga Suki nano wa Im\u014dto dakedo Im\u014dto ja nai",
        "songName": "Secret Story",
        "artist": "Purely Monster",
        "type": "Opening 1",
        "correctCount": 53,
        "startTime": 8,
        "songDuration": 86.568308,
        "songNumber": 18,
        "activePlayerCount": 190,
        "LinkVideo": "https://files.catbox.moe/nxprta.webm",
        "LinkMp3": "https://files.catbox.moe/q4u1ae.mp3"
    },
    {
        "animeEng": "Military!",
        "animeRomaji": "Military!",
        "songName": "Militarism! M700 ver,",
        "artist": "Ayane Sakura",
        "type": "Ending 2",
        "correctCount": 57,
        "startTime": 0,
        "songDuration": 29.976,
        "songNumber": 19,
        "activePlayerCount": 190,
        "LinkVideo": "https://files.catbox.moe/emwkfm.webm",
        "LinkMp3": "https://files.catbox.moe/sb0n7u.mp3"
    },
    {
        "animeEng": "KADO - The Right Answer",
        "animeRomaji": "Seikai Suru Kado",
        "songName": "Tabiuta",
        "artist": "M\u30fbA\u30fbO",
        "type": "Opening 1",
        "correctCount": 50,
        "startTime": 40,
        "songDuration": 87.552,
        "songNumber": 20,
        "activePlayerCount": 190,
        "LinkVideo": "https://files.catbox.moe/ycuag4.webm",
        "LinkMp3": "https://files.catbox.moe/0sarmc.mp3"
    },
    {
        "animeEng": "Getter Robo",
        "animeRomaji": "Getter Robo",
        "songName": "Bokura no Getter Robo",
        "artist": "Columbia Yurikago-kai",
        "type": "Insert Song",
        "correctCount": 53,
        "startTime": 0,
        "songDuration": 30.288,
        "songNumber": 21,
        "activePlayerCount": 190,
        "LinkVideo": "https://files.catbox.moe/zsryri.webm",
        "LinkMp3": "https://files.catbox.moe/0sc2kg.mp3"
    },
    {
        "animeEng": "The Seven Heavenly Virtues",
        "animeRomaji": "Nanatsu no Bitoku",
        "songName": "Psychomachia",
        "artist": "Yousei Teikoku",
        "type": "Ending 1",
        "correctCount": 57,
        "startTime": 0,
        "songDuration": 28.92,
        "songNumber": 22,
        "activePlayerCount": 190,
        "LinkVideo": "https://files.catbox.moe/6cszfn.webm",
        "LinkMp3": "https://files.catbox.moe/u136n2.mp3"
    },
    {
        "animeEng": "The Kawai Complex Guide to Manors and Hostel Behavior",
        "animeRomaji": "Bokura wa Minna Kawai-s\u014d",
        "songName": "Itsuka no, Iku Tsuka no Kimi to no Sekai",
        "artist": "fh\u00e1na",
        "type": "Opening 1",
        "correctCount": 95,
        "startTime": 29,
        "songDuration": 90.096,
        "songNumber": 23,
        "activePlayerCount": 190,
        "LinkVideo": "https://files.catbox.moe/azla00.webm",
        "LinkMp3": "https://files.catbox.moe/jppedj.mp3"
    },
    {
        "animeEng": "Steins;Gate: The Movie - Load Region of D\u00e9j\u00e0 Vu",
        "animeRomaji": "Steins;Gate: Fuka Ry\u014diki no D\u00e9j\u00e0 vu",
        "songName": "Anata no Eranda Kono Toki wo",
        "artist": "Kanako It\u014d",
        "type": "Opening 1",
        "correctCount": 81,
        "startTime": 48,
        "songDuration": 119.904,
        "songNumber": 24,
        "activePlayerCount": 190,
        "LinkVideo": "https://files.catbox.moe/pwekrb.webm",
        "LinkMp3": "https://files.catbox.moe/le0nc6.mp3"
    },
    {
        "animeEng": "Heartcatch Precure!",
        "animeRomaji": "Heartcatch Precure!",
        "songName": "Heartcatch\u2606Paradise!",
        "artist": "Mayu Kud\u014d",
        "type": "Ending 1",
        "correctCount": 25,
        "startTime": 35,
        "songDuration": 89.088,
        "songNumber": 25,
        "activePlayerCount": 189,
        "LinkVideo": "https://files.catbox.moe/gxl45t.webm",
        "LinkMp3": "https://files.catbox.moe/hgixhv.mp3"
    },
    {
        "animeEng": "Hidamari Sketch: Sae/Hiro Sotsugy\u014d-hen",
        "animeRomaji": "Hidamari Sketch: Sae/Hiro Sotsugy\u014d-hen",
        "songName": "Yume Gumo",
        "artist": "marble",
        "type": "Ending 1",
        "correctCount": 24,
        "startTime": 21,
        "songDuration": 88.056,
        "songNumber": 26,
        "activePlayerCount": 187,
        "LinkVideo": "https://files.catbox.moe/oouia2.webm",
        "LinkMp3": "https://files.catbox.moe/lhyc72.mp3"
    },
    {
        "animeEng": "Waiting in the Summer",
        "animeRomaji": "Ano Natsu de Matteru",
        "songName": "Vidro Moy\u014d",
        "artist": "Nagi Yanagi",
        "type": "Ending 1",
        "correctCount": 71,
        "startTime": 13,
        "songDuration": 89.496,
        "songNumber": 27,
        "activePlayerCount": 187,
        "LinkVideo": "https://files.catbox.moe/7jijlh.webm",
        "LinkMp3": "https://files.catbox.moe/7nt62s.mp3"
    },
    {
        "animeEng": "Yakiniku-ten Sengoku",
        "animeRomaji": "Yakiniku-ten Sengoku",
        "songName": "YAKINIKU\u2665TABETAI",
        "artist": "Sengoku Musume San Ninshuu",
        "type": "Opening 1",
        "correctCount": 48,
        "startTime": 21,
        "songDuration": null,
        "songNumber": 28,
        "activePlayerCount": 187,
        "LinkVideo": "https://files.catbox.moe/a5u1t8.webm",
        "LinkMp3": "https://files.catbox.moe/jhyh9l.mp3"
    },
    {
        "animeEng": "Ladius",
        "animeRomaji": "Demon Frontier Legend Le Deus",
        "songName": "Midnight shout",
        "artist": "Midori Karashima",
        "type": "Opening 1",
        "correctCount": 15,
        "startTime": 63,
        "songDuration": 123.048,
        "songNumber": 29,
        "activePlayerCount": 187,
        "LinkVideo": "https://files.catbox.moe/klfe1x.webm",
        "LinkMp3": "https://files.catbox.moe/a0cdl8.mp3"
    },
    {
        "animeEng": "Accel World: Infinite Burst",
        "animeRomaji": "Accel World: Infinite Burst",
        "songName": "PLASMIC FIRE",
        "artist": "KOTOKO\u00d7ALTIMA",
        "type": "Ending 1",
        "correctCount": 80,
        "startTime": 49,
        "songDuration": 101.616,
        "songNumber": 30,
        "activePlayerCount": 186,
        "LinkVideo": "https://files.catbox.moe/f5te8g.webm",
        "LinkMp3": "https://files.catbox.moe/mayrdt.mp3"
    },
    {
        "animeEng": "Black Cat",
        "animeRomaji": "Black Cat",
        "songName": "Daia no Hana",
        "artist": "Yoriko",
        "type": "Opening 1",
        "correctCount": 57,
        "startTime": 46,
        "songDuration": 89.4,
        "songNumber": 31,
        "activePlayerCount": 185,
        "LinkVideo": "https://files.catbox.moe/d04ner.webm",
        "LinkMp3": "https://files.catbox.moe/spqyin.mp3"
    },
    {
        "animeEng": "Angel's Feather",
        "animeRomaji": "Angel's Feather",
        "songName": "ROCK STAR",
        "artist": "Tetsuya Kakihara & Wataru Hatano",
        "type": "Opening 1",
        "correctCount": 6,
        "startTime": 28,
        "songDuration": 86.568,
        "songNumber": 32,
        "activePlayerCount": 184,
        "LinkVideo": "https://files.catbox.moe/kibgh3.webm",
        "LinkMp3": "https://files.catbox.moe/rr6742.mp3"
    },
    {
        "animeEng": "Hundred",
        "animeRomaji": "Hundred",
        "songName": "BLOODRED",
        "artist": "D-selections",
        "type": "Opening 1",
        "correctCount": 67,
        "startTime": 9,
        "songDuration": 88.848,
        "songNumber": 33,
        "activePlayerCount": 185,
        "LinkVideo": "https://files.catbox.moe/tkmxxy.webm",
        "LinkMp3": "https://files.catbox.moe/i4kjz1.mp3"
    },
    {
        "animeEng": "Round Vernian Vifam 13",
        "animeRomaji": "Ginga Hy\u014dry\u016b Vifam 13",
        "songName": "Omega no Tobira -HELLO, VIFAM-",
        "artist": "KATSUMI",
        "type": "Opening 1",
        "correctCount": 4,
        "startTime": 45,
        "songDuration": 79.68,
        "songNumber": 34,
        "activePlayerCount": 185,
        "LinkVideo": "https://files.catbox.moe/rtl05o.webm",
        "LinkMp3": "https://files.catbox.moe/myyk1c.mp3",
        "correctPlayers": [
            "Legend_",
            "Samuel_KuroYuki",
            "80s",
            "OnlyD4DJ"
        ]
    },
    {
        "animeEng": "Release the Spyce",
        "animeRomaji": "Release the Spyce",
        "songName": "Spatto! Spy & Spyce",
        "artist": "Tsukikage",
        "type": "Opening 1",
        "correctCount": 120,
        "startTime": 46,
        "songDuration": 88.997654,
        "songNumber": 35,
        "activePlayerCount": 184,
        "LinkVideo": "https://files.catbox.moe/52nuir.webm",
        "LinkMp3": "https://files.catbox.moe/gfl78t.mp3"
    },
    {
        "animeEng": "The Quintessential Quintuplets",
        "animeRomaji": "Got\u014dbun no Hanayome",
        "songName": "Sign",
        "artist": "Aya Uchida",
        "type": "Ending 1",
        "correctCount": 81,
        "startTime": 53,
        "songDuration": 88.893166,
        "songNumber": 36,
        "activePlayerCount": 184,
        "LinkVideo": "https://files.catbox.moe/9y1b0b.webm",
        "LinkMp3": "https://files.catbox.moe/n5cd3n.mp3"
    },
    {
        "animeEng": "VitaminX Addiction",
        "animeRomaji": "VitaminX Addiction",
        "songName": "Dekiai X",
        "artist": "Tatsuhisa Suzuki & Daisuke Ono",
        "type": "Opening 1",
        "correctCount": 2,
        "startTime": 9,
        "songDuration": 87.816,
        "songNumber": 37,
        "activePlayerCount": 184,
        "LinkVideo": "https://files.catbox.moe/rvdvdb.webm",
        "LinkMp3": "https://files.catbox.moe/hfxuey.mp3",
        "correctPlayers": [
            "Zozo",
            "Kolea"
        ]
    },
    {
        "animeEng": "Everyday Life with Monster Girls",
        "animeRomaji": "Monster Musume",
        "songName": "Hey! Smith!!",
        "artist": "Smith with MON",
        "type": "Ending 1",
        "correctCount": 79,
        "startTime": 44,
        "songDuration": 88.057262,
        "songNumber": 38,
        "activePlayerCount": 184,
        "LinkVideo": "https://files.catbox.moe/o3z2sh.webm",
        "LinkMp3": "https://files.catbox.moe/7hfqzb.mp3"
    },
    {
        "animeEng": "Barakamon",
        "animeRomaji": "Barakamon",
        "songName": "Rashisa",
        "artist": "SUPER BEAVER",
        "type": "Opening 1",
        "correctCount": 134,
        "startTime": 23,
        "songDuration": 90,
        "songNumber": 39,
        "activePlayerCount": 184,
        "LinkVideo": "https://files.catbox.moe/dyxtxj.webm",
        "LinkMp3": "https://files.catbox.moe/7e1mk8.mp3"
    },
    {
        "animeEng": "Hulaing Babies",
        "animeRomaji": "Hulaing Babies",
        "songName": "Hulaing Babies",
        "artist": "A\u014cP",
        "type": "Opening 1",
        "correctCount": 35,
        "startTime": 16,
        "songDuration": 58.968,
        "songNumber": 40,
        "activePlayerCount": 184,
        "LinkVideo": "https://files.catbox.moe/sn8ahl.webm",
        "LinkMp3": "https://files.catbox.moe/m1m37d.mp3"
    },
    {
        "animeEng": "Nora, Princess, and Stray Cat",
        "animeRomaji": "Nora to \u014cjo to Noraneko Heart",
        "songName": "Ne! Ko!",
        "artist": "Natsumi Takamori, Eri Sendai, Yuu Asakawa, Atsumi Tanezaki",
        "type": "Opening 1",
        "correctCount": 80,
        "startTime": 9,
        "songDuration": 47.448,
        "songNumber": 41,
        "activePlayerCount": 183,
        "LinkVideo": "https://files.catbox.moe/qlz67a.webm",
        "LinkMp3": "https://files.catbox.moe/zaakea.mp3"
    },
    {
        "animeEng": "Durarara!! \u00d72 The Second Arc: Onoroke Chakapoko",
        "animeRomaji": "Durarara!!\u00d72 Ten: Onoroke Chakapoko",
        "songName": "Day you laugh",
        "artist": "Toshiyuki Toyonaga",
        "type": "Opening 1",
        "correctCount": 74,
        "startTime": 33,
        "songDuration": 87.432,
        "songNumber": 42,
        "activePlayerCount": 183,
        "LinkVideo": "https://files.catbox.moe/t45l0f.webm",
        "LinkMp3": "https://files.catbox.moe/qk0pq6.mp3"
    },
    {
        "animeEng": "BORUTO: NARUTO NEXT GENERATIONS",
        "animeRomaji": "BORUTO: NARUTO NEXT GENERATIONS",
        "songName": "Baton Road",
        "artist": "KANA-BOON",
        "type": "Opening 1",
        "correctCount": 71,
        "startTime": 37,
        "songDuration": 89.352,
        "songNumber": 43,
        "activePlayerCount": 181,
        "LinkVideo": "https://files.catbox.moe/ftrbnw.webm",
        "LinkMp3": "https://files.catbox.moe/ctpc2m.mp3"
    },
    {
        "animeEng": "Nodame Cantabile",
        "animeRomaji": "Nodame Cantabile",
        "songName": "Konna ni Chikaku de...",
        "artist": "Crystal Kay",
        "type": "Ending 1",
        "correctCount": 39,
        "startTime": 15,
        "songDuration": 79.392,
        "songNumber": 44,
        "activePlayerCount": 183,
        "LinkVideo": "https://files.catbox.moe/dq0kye.webm",
        "LinkMp3": "https://files.catbox.moe/9qloei.mp3"
    },
    {
        "animeEng": "The Knight in the Area",
        "animeRomaji": "Area no Kishi",
        "songName": "Higher Ground",
        "artist": "S.R.S",
        "type": "Opening 1",
        "correctCount": 15,
        "startTime": 40,
        "songDuration": 87.064626,
        "songNumber": 45,
        "activePlayerCount": 182,
        "LinkVideo": "https://files.catbox.moe/yrqb2j.webm",
        "LinkMp3": "https://files.catbox.moe/xakhxo.mp3"
    },
    {
        "animeEng": "18if",
        "animeRomaji": "18if",
        "songName": "Chiisai Aki Mitsuketa",
        "artist": "Yoshikazu Mera",
        "type": "Insert Song",
        "correctCount": 19,
        "startTime": 7,
        "songDuration": 45.635134,
        "songNumber": 46,
        "activePlayerCount": 182,
        "LinkVideo": "https://files.catbox.moe/hxkvpn.webm",
        "LinkMp3": "https://files.catbox.moe/azybcu.mp3"
    },
    {
        "animeEng": "Chargeman Ken!",
        "animeRomaji": "Chargeman Ken!",
        "songName": "Chargeman Ken!",
        "artist": "Hibari Jidou Gasshou-dan",
        "type": "Opening 1",
        "correctCount": 33,
        "startTime": 18,
        "songDuration": 58.296,
        "songNumber": 47,
        "activePlayerCount": 182,
        "LinkVideo": "https://files.catbox.moe/zs6b7x.webm",
        "LinkMp3": "https://files.catbox.moe/g52izj.mp3"
    },
    {
        "animeEng": ".hack//Unison",
        "animeRomaji": ".hack//Unison",
        "songName": "Obsession",
        "artist": "See-Saw",
        "type": "Insert Song",
        "correctCount": 111,
        "startTime": 182,
        "songDuration": 266.424,
        "songNumber": 48,
        "activePlayerCount": 182,
        "LinkVideo": "https://files.catbox.moe/3nrr9s.webm",
        "LinkMp3": "https://files.catbox.moe/kmj1h6.mp3"
    },
    {
        "animeEng": "Haikyu!! Movie Concept no Tatakai",
        "animeRomaji": "Haikyu!! Movie Concept no Tatakai",
        "songName": "Hikari Are",
        "artist": "BURNOUT SYNDROMES",
        "type": "Ending 1",
        "correctCount": 132,
        "startTime": 49,
        "songDuration": 239.952,
        "songNumber": 49,
        "activePlayerCount": 183,
        "LinkVideo": "https://files.catbox.moe/tywqad.webm",
        "LinkMp3": "https://files.catbox.moe/gb071d.mp3"
    },
    {
        "animeEng": "Hentatsu",
        "animeRomaji": "Hentatsu",
        "songName": "Hentatsu",
        "artist": "Mai Kadowaki & Kaoru Takasugi",
        "type": "Insert Song",
        "correctCount": 9,
        "startTime": 0,
        "songDuration": 28.584,
        "songNumber": 50,
        "activePlayerCount": 183,
        "LinkVideo": "https://files.catbox.moe/5dzfx5.webm",
        "LinkMp3": "https://files.catbox.moe/9oqkjv.mp3"
    },
    {
        "animeEng": "Star Blazers: The Bolar Wars",
        "animeRomaji": "Uch\u016b Senkan Yamato 3",
        "songName": "Uch\u016b Senkan Yamato",
        "artist": "Isao Sasaki",
        "type": "Opening 1",
        "correctCount": 127,
        "startTime": 12,
        "songDuration": 76.056,
        "songNumber": 51,
        "activePlayerCount": 184,
        "LinkVideo": "https://files.catbox.moe/h2pxk7.webm",
        "LinkMp3": "https://files.catbox.moe/kniryx.mp3"
    },
    {
        "animeEng": "Cardfight!! Vanguard G NEXT",
        "animeRomaji": "Cardfight!! Vanguard G NEXT",
        "songName": "\u2192Next Generation",
        "artist": "Psychic Lover",
        "type": "Opening 2",
        "correctCount": 15,
        "startTime": 21,
        "songDuration": 88.919288,
        "songNumber": 52,
        "activePlayerCount": 184,
        "LinkVideo": "https://files.catbox.moe/8b5e5t.webm",
        "LinkMp3": "https://files.catbox.moe/an18pu.mp3"
    },
    {
        "animeEng": "PriPara",
        "animeRomaji": "PriPara",
        "songName": "Papipupe\u2606POLICE!",
        "artist": "PriPara Police",
        "type": "Insert Song",
        "correctCount": 34,
        "startTime": 46,
        "songDuration": 106.536,
        "songNumber": 53,
        "activePlayerCount": 184,
        "LinkVideo": "https://files.catbox.moe/04iqau.webm",
        "LinkMp3": "https://files.catbox.moe/c14nj0.mp3"
    },
    {
        "animeEng": "Ame-iro Cocoa Series Ame-con!!",
        "animeRomaji": "Ame-con!!",
        "songName": "Rainy cocoa",
        "artist": "Hiro Shimono",
        "type": "Ending 1",
        "correctCount": 125,
        "startTime": 0,
        "songDuration": 29.4,
        "songNumber": 54,
        "activePlayerCount": 184,
        "LinkVideo": "https://files.catbox.moe/ns105q.webm",
        "LinkMp3": "https://files.catbox.moe/b7tjt0.mp3"
    },
    {
        "animeEng": "The Cosmopolitan Prayers",
        "animeRomaji": "Ch\u014d Henshin Cos\u221ePrayer",
        "songName": "Ch\u014d Henshin! Cosprayer",
        "artist": "colors",
        "type": "Opening 1",
        "correctCount": 8,
        "startTime": 32,
        "songDuration": 89.311118,
        "songNumber": 55,
        "activePlayerCount": 184,
        "LinkVideo": "https://files.catbox.moe/u3t1m3.webm",
        "LinkMp3": "https://files.catbox.moe/h3dz2h.mp3"
    },
    {
        "animeEng": "A Dark Rabbit Has Seven Lives",
        "animeRomaji": "Itsuka Tenma no Kuro Usagi",
        "songName": "Once",
        "artist": "Hitomi Harada",
        "type": "Opening 1",
        "correctCount": 34,
        "startTime": 36,
        "songDuration": 88.99425,
        "songNumber": 56,
        "activePlayerCount": 184,
        "LinkVideo": "https://files.catbox.moe/qhbqb6.webm",
        "LinkMp3": "https://files.catbox.moe/upqn5t.mp3"
    },
    {
        "animeEng": "Digimon Frontier",
        "animeRomaji": "Digimon Frontier",
        "songName": "FIRE!!",
        "artist": "Kouji Wada",
        "type": "Opening 1",
        "correctCount": 57,
        "startTime": 7,
        "songDuration": 88.488,
        "songNumber": 57,
        "activePlayerCount": 185,
        "LinkVideo": "https://files.catbox.moe/t0liiz.webm",
        "LinkMp3": "https://files.catbox.moe/su5lk9.mp3"
    },
    {
        "animeEng": "Food Wars! The Fifth Plate",
        "animeRomaji": "Shokugeki no S\u014dma: G\u014d no Sara",
        "songName": "Crossing Road",
        "artist": "Mai Fuchigami",
        "type": "Ending 1",
        "correctCount": 44,
        "startTime": 27,
        "songDuration": 87.288,
        "songNumber": 58,
        "activePlayerCount": 185,
        "LinkVideo": "https://files.catbox.moe/ng256c.webm",
        "LinkMp3": "https://files.catbox.moe/u5brkk.mp3"
    },
    {
        "animeEng": "Mysterious Joker Season 2",
        "animeRomaji": "Kait\u014d Joker 2nd Season",
        "songName": "Kait\u014d Miracle Sh\u014dnen Boy",
        "artist": "Arukarider",
        "type": "Opening 1",
        "correctCount": 51,
        "startTime": 32,
        "songDuration": 88.968,
        "songNumber": 59,
        "activePlayerCount": 185,
        "LinkVideo": "https://files.catbox.moe/3s5gp3.webm",
        "LinkMp3": "https://files.catbox.moe/0yt64n.mp3"
    },
    {
        "animeEng": "Nozo \u00d7 Kimi",
        "animeRomaji": "Nozo \u00d7 Kimi",
        "songName": "Tentekomai",
        "artist": "MimimemeMIMI",
        "type": "Opening 1",
        "correctCount": 48,
        "startTime": 1,
        "songDuration": 39.209122,
        "songNumber": 60,
        "activePlayerCount": 185,
        "LinkVideo": "https://files.catbox.moe/64o9qp.webm",
        "LinkMp3": "https://files.catbox.moe/57z738.mp3"
    },
    {
        "animeEng": "Aria the Natural",
        "animeRomaji": "Aria the Natural",
        "songName": "Rainbow",
        "artist": "ROUND TABLE feat. Nino",
        "type": "Ending 3",
        "correctCount": 59,
        "startTime": 34,
        "songDuration": 154.68,
        "songNumber": 61,
        "activePlayerCount": 184,
        "LinkVideo": "https://files.catbox.moe/a2imca.webm",
        "LinkMp3": "https://files.catbox.moe/efbbj8.mp3"
    },
    {
        "animeEng": "Seraph of the End: Battle in Nagoya",
        "animeRomaji": "Owari no Seraph: Nagoya Kessen-hen",
        "songName": "Orarion",
        "artist": "Nagi Yanagi",
        "type": "Ending 1",
        "correctCount": 50,
        "startTime": 52,
        "songDuration": 88.8,
        "songNumber": 62,
        "activePlayerCount": 184,
        "LinkVideo": "https://files.catbox.moe/wcngtt.webm",
        "LinkMp3": "https://files.catbox.moe/3ywixk.mp3"
    },
    {
        "animeEng": "Mobile Suit Gundam 00",
        "animeRomaji": "Mobile Suit Gundam 00",
        "songName": "Ash Like Snow",
        "artist": "the brilliant green",
        "type": "Opening 2",
        "correctCount": 82,
        "startTime": 20,
        "songDuration": 90.456,
        "songNumber": 63,
        "activePlayerCount": 184,
        "LinkVideo": "https://files.catbox.moe/vhku1l.webm",
        "LinkMp3": "https://files.catbox.moe/ckhtv6.mp3"
    },
    {
        "animeEng": "Senki Zessh\u014d Symphogear XV",
        "animeRomaji": "Senki Zessh\u014d Symphogear XV",
        "songName": "Cutting Edge\u00d72 Ready go!",
        "artist": "Yoshino Nanj\u014d \u00d7 Ai Kayano",
        "type": "Insert Song",
        "correctCount": 32,
        "startTime": 108,
        "songDuration": 147.072,
        "songNumber": 64,
        "activePlayerCount": 183,
        "LinkVideo": "https://files.catbox.moe/dk5ngg.webm",
        "LinkMp3": "https://files.catbox.moe/9585kb.mp3"
    },
    {
        "animeEng": "Neko Ramen",
        "animeRomaji": "Neko Ramen",
        "songName": "Kimi wa Taish\u014d!!",
        "artist": "Katsumi Tanaka",
        "type": "Opening 1",
        "correctCount": 67,
        "startTime": 0,
        "songDuration": 20.064,
        "songNumber": 65,
        "activePlayerCount": 184,
        "LinkVideo": "https://files.catbox.moe/66c1ko.webm",
        "LinkMp3": "https://files.catbox.moe/ky6gkc.mp3"
    },
    {
        "animeEng": "Teeky\u016b",
        "animeRomaji": "Teeky\u016b",
        "songName": "Tsuppari-kun vs. Sekitori-man",
        "artist": "Yui Watanabe, Suzuko Mimori, Ky\u014dko Narumi, Kana Hanazawa",
        "type": "Opening 1",
        "correctCount": 121,
        "startTime": 0,
        "songDuration": 30.118666,
        "songNumber": 66,
        "activePlayerCount": 184,
        "LinkVideo": "https://files.catbox.moe/rq6tgp.webm",
        "LinkMp3": "https://files.catbox.moe/zu1d5j.mp3"
    },
    {
        "animeEng": "Flowers of Evil",
        "animeRomaji": "Aku no Hana",
        "songName": "Aku no Hana -Saeki Nanako-",
        "artist": "Uchujin",
        "type": "Opening 3",
        "correctCount": 15,
        "startTime": 27,
        "songDuration": 88.632,
        "songNumber": 67,
        "activePlayerCount": 184,
        "LinkVideo": "https://files.catbox.moe/dupkk6.webm",
        "LinkMp3": "https://files.catbox.moe/g6zt5r.mp3"
    },
    {
        "animeEng": "Shakugan no Shana Movie",
        "animeRomaji": "Shakugan no Shana Movie",
        "songName": "Akai Namida",
        "artist": "Mami Kawada",
        "type": "Insert Song",
        "correctCount": 58,
        "startTime": 45,
        "songDuration": 150.504,
        "songNumber": 68,
        "activePlayerCount": 184,
        "LinkVideo": "https://files.catbox.moe/torqcr.webm",
        "LinkMp3": "https://files.catbox.moe/r5mzsn.mp3"
    },
    {
        "animeEng": "xxxHOLiC",
        "animeRomaji": "xxxHOLiC",
        "songName": "19sai",
        "artist": "Shikao Suga",
        "type": "Opening 1",
        "correctCount": 83,
        "startTime": 54,
        "songDuration": 88.488,
        "songNumber": 69,
        "activePlayerCount": 184,
        "LinkVideo": "https://files.catbox.moe/7lbvc8.webm",
        "LinkMp3": "https://files.catbox.moe/pl9ybn.mp3"
    },
    {
        "animeEng": "Urahara",
        "animeRomaji": "Urahara",
        "songName": "Antithesis Escape",
        "artist": "Sumire Uesaka",
        "type": "Opening 1",
        "correctCount": 80,
        "startTime": 0,
        "songDuration": 90.042534,
        "songNumber": 70,
        "activePlayerCount": 184,
        "LinkVideo": "https://files.catbox.moe/ei9y0f.webm",
        "LinkMp3": "https://files.catbox.moe/l26ra1.mp3"
    },
    {
        "animeEng": "One Piece",
        "animeRomaji": "One Piece",
        "songName": "Super Powers",
        "artist": "V6",
        "type": "Opening 21",
        "correctCount": 47,
        "startTime": 79,
        "songDuration": 148.660302,
        "songNumber": 71,
        "activePlayerCount": 184,
        "LinkVideo": "https://files.catbox.moe/3hsdb7.webm",
        "LinkMp3": "https://files.catbox.moe/yez6s4.mp3"
    },
    {
        "animeEng": "BRONZE KoJi NANJo cathexis",
        "animeRomaji": "BRONZE KoJi NANJo cathexis",
        "songName": "Katuai",
        "artist": "Sh\u014d Hayami",
        "type": "Insert Song",
        "correctCount": 8,
        "startTime": 169,
        "songDuration": 274.872,
        "songNumber": 72,
        "activePlayerCount": 184,
        "LinkVideo": "https://files.catbox.moe/e3iftj.webm",
        "LinkMp3": "https://files.catbox.moe/dthp4i.mp3"
    },
    {
        "animeEng": "Mad Bull 34",
        "animeRomaji": "Mad Bull 34",
        "songName": "TIME TO GET BUSY",
        "artist": "JAMES BROWN",
        "type": "Ending 1",
        "correctCount": 1,
        "startTime": 4,
        "songDuration": 198.048,
        "songNumber": 73,
        "activePlayerCount": 184,
        "LinkVideo": "https://files.catbox.moe/6hmybl.webm",
        "LinkMp3": "https://files.catbox.moe/9yb3cl.mp3",
        "correctPlayers": [
            "asleep"
        ]
    },
    {
        "animeEng": "Pok\u00e9mon the Movie: Black - Victini and Reshiram",
        "animeRomaji": "Gekij\u014dban Pocket Monsters: Best Wishes! Victini to Shiroki Eiy\u016b Reshiram",
        "songName": "Black and White",
        "artist": "Erin Bowman and Joe Philips",
        "type": "Opening 1",
        "correctCount": 137,
        "startTime": 18,
        "songDuration": 177.168,
        "songNumber": 74,
        "activePlayerCount": 184,
        "LinkVideo": "https://files.catbox.moe/6lijem.webm",
        "LinkMp3": "https://files.catbox.moe/qrmjkk.mp3"
    },
    {
        "animeEng": "Sorcerer on the Rocks",
        "animeRomaji": "Sorcerer on the Rocks",
        "songName": "My First WONDER SENSATION",
        "artist": "Anri Minowa",
        "type": "Ending 1",
        "correctCount": 0,
        "startTime": 22,
        "songDuration": 98.544,
        "songNumber": 75,
        "activePlayerCount": 184,
        "LinkVideo": "https://files.catbox.moe/600hh3.webm",
        "LinkMp3": "https://files.catbox.moe/cbyzwq.mp3"
    }
]