[
    {
        "animeEng": "Fate/kaleid liner Prisma\u2606Illya OVA",
        "animeRomaji": "Fate/kaleid liner Prisma\u2606Illya OVA",
        "songName": "starlog",
        "artist": "ChouCho",
        "type": "Opening 1",
        "correctCount": 119,
        "startTime": 42,
        "songDuration": 88.752,
        "songNumber": 1,
        "activePlayerCount": 281,
        "LinkVideo": "https://files.catbox.moe/xmg30u.webm",
        "LinkMp3": "https://files.catbox.moe/ct4eqa.mp3"
    },
    {
        "animeEng": "Inazuma Eleven: Ares Kickoff",
        "animeRomaji": "Inazuma Eleven: Ares no Tenbin",
        "songName": "Teppen e Dash!",
        "artist": "pugcat's",
        "type": "Opening 1",
        "correctCount": 49,
        "startTime": 38,
        "songDuration": 84.008352,
        "songNumber": 2,
        "activePlayerCount": 282,
        "LinkVideo": "https://files.catbox.moe/mgz7z9.webm",
        "LinkMp3": "https://files.catbox.moe/s0xh5e.mp3"
    },
    {
        "animeEng": "Date A Live",
        "animeRomaji": "Date A Live",
        "songName": "Date A Live",
        "artist": "sweet ARMS",
        "type": "Opening 1",
        "correctCount": 185,
        "startTime": 19,
        "songDuration": 101.76,
        "songNumber": 3,
        "activePlayerCount": 276,
        "LinkVideo": "https://files.catbox.moe/zy4d2d.webm",
        "LinkMp3": "https://files.catbox.moe/5ad18s.mp3"
    },
    {
        "animeEng": "TO-Y",
        "animeRomaji": "TO-Y",
        "songName": "Short Sunzen",
        "artist": "Barbee Boys",
        "type": "Insert Song",
        "correctCount": 2,
        "startTime": 6,
        "songDuration": 133.169956,
        "songNumber": 4,
        "activePlayerCount": 278,
        "LinkVideo": "https://files.catbox.moe/qpicjf.webm",
        "LinkMp3": "https://files.catbox.moe/xs030t.mp3",
        "correctPlayers": [
            "ShiroKuro",
            "SrueyaF"
        ]
    },
    {
        "animeEng": "Gon, the Little Fox",
        "animeRomaji": "Gongitsune",
        "songName": "Kokoro kara Yesterday",
        "artist": "Yuki Katsuragi",
        "type": "Ending 1",
        "correctCount": 0,
        "startTime": 45,
        "songDuration": 274.202634,
        "songNumber": 5,
        "activePlayerCount": 278,
        "LinkVideo": "https://files.catbox.moe/tdl4jg.webm",
        "LinkMp3": "https://files.catbox.moe/34za0s.mp3"
    },
    {
        "animeEng": "Hanayamata",
        "animeRomaji": "Hanayamata",
        "songName": "Kodoku Signal",
        "artist": "Need Cool Quality",
        "type": "Insert Song",
        "correctCount": 25,
        "startTime": 3,
        "songDuration": 45.112694,
        "songNumber": 6,
        "activePlayerCount": 279,
        "LinkVideo": "https://files.catbox.moe/ry18jx.webm",
        "LinkMp3": "https://files.catbox.moe/wre4p9.mp3"
    },
    {
        "animeEng": "Ensemble Stars!",
        "animeRomaji": "EnStars",
        "songName": "Promise Swords",
        "artist": "Knights",
        "type": "Ending 11",
        "correctCount": 26,
        "startTime": 22,
        "songDuration": 89.904,
        "songNumber": 7,
        "activePlayerCount": 278,
        "LinkVideo": "https://files.catbox.moe/z59ihp.webm",
        "LinkMp3": "https://files.catbox.moe/psin75.mp3"
    },
    {
        "animeEng": "Macross Frontier",
        "animeRomaji": "Macross Frontier",
        "songName": "Y\u014dsei",
        "artist": "May'n",
        "type": "Insert Song",
        "correctCount": 59,
        "startTime": 26,
        "songDuration": 82.488,
        "songNumber": 8,
        "activePlayerCount": 278,
        "LinkVideo": "https://files.catbox.moe/boa6lp.webm",
        "LinkMp3": "https://files.catbox.moe/snsai2.mp3"
    },
    {
        "animeEng": "Mobile Suit Gundam F91",
        "animeRomaji": "Kid\u014d Senshi Gundam F91",
        "songName": "ETERNAL WIND ~Hohoemi wa Hikaru Kaze no Naka",
        "artist": "Hiroko Moriguchi",
        "type": "Ending 1",
        "correctCount": 37,
        "startTime": 214,
        "songDuration": 280.056,
        "songNumber": 9,
        "activePlayerCount": 278,
        "LinkVideo": "https://files.catbox.moe/l2vctj.webm",
        "LinkMp3": "https://files.catbox.moe/8wx4xy.mp3"
    },
    {
        "animeEng": "Is This a Zombie? of the Dead",
        "animeRomaji": "Is This a Zombie? of the Dead",
        "songName": "Ma\u30fbKa\u30fbSe\u30fbTe Tonight",
        "artist": "Iori Nomizu",
        "type": "Insert Song",
        "correctCount": 151,
        "startTime": 0,
        "songDuration": 25.056,
        "songNumber": 10,
        "activePlayerCount": 278,
        "LinkVideo": "https://files.catbox.moe/nqqr1b.webm",
        "LinkMp3": "https://files.catbox.moe/jmbrhl.mp3"
    },
    {
        "animeEng": "Magi: The Labyrinth of Magic",
        "animeRomaji": "Magi: The Labyrinth of Magic",
        "songName": "V.I.P",
        "artist": "SID",
        "type": "Opening 1",
        "correctCount": 166,
        "startTime": 47,
        "songDuration": 90.12,
        "songNumber": 11,
        "activePlayerCount": 277,
        "LinkVideo": "https://files.catbox.moe/1q73ip.webm",
        "LinkMp3": "https://files.catbox.moe/ttswr8.mp3"
    },
    {
        "animeEng": "Higurashi no Naku Koro ni Gaiden Nekogoroshi-hen",
        "animeRomaji": "Higurashi no Naku Koro ni Gaiden Nekogoroshi-hen",
        "songName": "Higurashi no Naku Koro ni",
        "artist": "Eiko Shimamiya",
        "type": "Opening 1",
        "correctCount": 226,
        "startTime": 24,
        "songDuration": 89.88,
        "songNumber": 12,
        "activePlayerCount": 276,
        "LinkVideo": "https://files.catbox.moe/xr165r.webm",
        "LinkMp3": "https://files.catbox.moe/46o6te.mp3"
    },
    {
        "animeEng": "Tokimeki Tonight",
        "animeRomaji": "Tokimeki Tonight",
        "songName": "Tokimeki Tonight",
        "artist": "Harumi Kamo",
        "type": "Opening 1",
        "correctCount": 26,
        "startTime": 37,
        "songDuration": 76.302362,
        "songNumber": 13,
        "activePlayerCount": 276,
        "LinkVideo": "https://files.catbox.moe/g7mrzv.webm",
        "LinkMp3": "https://files.catbox.moe/65yddf.mp3"
    },
    {
        "animeEng": "Shirobako",
        "animeRomaji": "Shirobako",
        "songName": "Yama Harinezumi Andes Chucky",
        "artist": "Miyuki Kunitake",
        "type": "Ending 3",
        "correctCount": 67,
        "startTime": 16,
        "songDuration": 90.068656,
        "songNumber": 14,
        "activePlayerCount": 277,
        "LinkVideo": "https://files.catbox.moe/k9iwqa.webm",
        "LinkMp3": "https://files.catbox.moe/vm5hjj.mp3"
    },
    {
        "animeEng": "Town Workers",
        "animeRomaji": "Town Workers",
        "songName": "Bokura",
        "artist": "Kotone Shiina",
        "type": "Ending 1",
        "correctCount": 2,
        "startTime": 44,
        "songDuration": 102.576,
        "songNumber": 15,
        "activePlayerCount": 276,
        "LinkVideo": "https://files.catbox.moe/y0sgbl.webm",
        "LinkMp3": "https://files.catbox.moe/0jy9lm.mp3",
        "correctPlayers": [
            "Blacky_Doll",
            "Martinch"
        ]
    },
    {
        "animeEng": "Hi Score Girl",
        "animeRomaji": "Hi Score Girl Extra Stage",
        "songName": "H\u014dkago Distraction",
        "artist": "Etsuko Yakushimaru",
        "type": "Ending 1",
        "correctCount": 119,
        "startTime": 20,
        "songDuration": 89.441728,
        "songNumber": 16,
        "activePlayerCount": 275,
        "LinkVideo": "https://files.catbox.moe/gt4kps.webm",
        "LinkMp3": "https://files.catbox.moe/smqvqy.mp3"
    },
    {
        "animeEng": "Blast of Tempest",
        "animeRomaji": "Zetsuen no Tempest",
        "songName": "happy endings",
        "artist": "Kana Hanazawa",
        "type": "Ending 1",
        "correctCount": 32,
        "startTime": 51,
        "songDuration": 88.344,
        "songNumber": 17,
        "activePlayerCount": 273,
        "LinkVideo": "https://files.catbox.moe/49016c.webm",
        "LinkMp3": "https://files.catbox.moe/r13ku7.mp3"
    },
    {
        "animeEng": "Guilty Crown: Lost Christmas",
        "animeRomaji": "Guilty Crown: Lost Christmas",
        "songName": "Planetes",
        "artist": "EGOIST",
        "type": "Ending 1",
        "correctCount": 20,
        "startTime": 8,
        "songDuration": 172.632,
        "songNumber": 18,
        "activePlayerCount": 273,
        "LinkVideo": "https://files.catbox.moe/e0trwk.webm",
        "LinkMp3": "https://files.catbox.moe/qtck64.mp3"
    },
    {
        "animeEng": "Is the order a rabbit? BLOOM",
        "animeRomaji": "Goch\u016bmon wa Usagi Desu ka? BLOOM",
        "songName": "Nakayoshi! Maru! Nakayoshi!",
        "artist": "Chimame-tai",
        "type": "Ending 1",
        "correctCount": 28,
        "startTime": 46,
        "songDuration": 88.8,
        "songNumber": 19,
        "activePlayerCount": 272,
        "LinkVideo": "https://files.catbox.moe/qnvlix.webm",
        "LinkMp3": "https://files.catbox.moe/o313hh.mp3"
    },
    {
        "animeEng": "Cackling Kitarou",
        "animeRomaji": "Gegege no Kitar\u014d",
        "songName": "Gegege no Kitaro",
        "artist": "Kazuo Kumakura",
        "type": "Opening 1",
        "correctCount": 257,
        "startTime": 34,
        "songDuration": 89.736,
        "songNumber": 20,
        "activePlayerCount": 272,
        "LinkVideo": "https://files.catbox.moe/lyzjk1.webm",
        "LinkMp3": "https://files.catbox.moe/wumd58.mp3"
    },
    {
        "animeEng": "Luck & Logic",
        "animeRomaji": "Luck & Logic",
        "songName": "Meiyaku no Kanata",
        "artist": "Emi Nitta",
        "type": "Ending 1",
        "correctCount": 20,
        "startTime": 36,
        "songDuration": 89.16,
        "songNumber": 21,
        "activePlayerCount": 271,
        "LinkVideo": "https://files.catbox.moe/4f52gs.webm",
        "LinkMp3": "https://files.catbox.moe/ovt5zv.mp3"
    },
    {
        "animeEng": "Shakugan no Shana Movie",
        "animeRomaji": "Shakugan no Shana Movie",
        "songName": "Akai Namida",
        "artist": "Mami Kawada",
        "type": "Insert Song",
        "correctCount": 36,
        "startTime": 37,
        "songDuration": 150.504,
        "songNumber": 22,
        "activePlayerCount": 270,
        "LinkVideo": "https://files.catbox.moe/torqcr.webm",
        "LinkMp3": "https://files.catbox.moe/r5mzsn.mp3"
    },
    {
        "animeEng": "Alice or Alice",
        "animeRomaji": "Alice or Alice - Siscon Nii-san to Futago no Im\u014dto",
        "songName": "A or A!?",
        "artist": "petit milady",
        "type": "Opening 1",
        "correctCount": 93,
        "startTime": 0,
        "songDuration": 30.096,
        "songNumber": 23,
        "activePlayerCount": 271,
        "LinkVideo": "https://files.catbox.moe/toaol0.webm",
        "LinkMp3": "https://files.catbox.moe/m3vmcu.mp3"
    },
    {
        "animeEng": "Linebarrels of Iron",
        "animeRomaji": "Kurogane no Linebarrels",
        "songName": "Kitei no Tsurugi",
        "artist": "ALI PROJECT",
        "type": "Opening 1",
        "correctCount": 29,
        "startTime": 16,
        "songDuration": 103.872,
        "songNumber": 24,
        "activePlayerCount": 270,
        "LinkVideo": "https://files.catbox.moe/3og73b.webm",
        "LinkMp3": "https://files.catbox.moe/8ru1e7.mp3"
    },
    {
        "animeEng": "Hajime no Ippo: New Challenger",
        "animeRomaji": "Hajime no Ippo: New Challenger",
        "songName": "HEKIREKI",
        "artist": "LAST ALLIANCE",
        "type": "Opening 1",
        "correctCount": 106,
        "startTime": 21,
        "songDuration": 69.384,
        "songNumber": 25,
        "activePlayerCount": 270,
        "LinkVideo": "https://files.catbox.moe/jvucpv.webm",
        "LinkMp3": "https://files.catbox.moe/u57d17.mp3"
    },
    {
        "animeEng": "Comic Party Special",
        "animeRomaji": "Comic Party Special",
        "songName": "Kimi no Mama de",
        "artist": "Emi Motoda",
        "type": "Opening 1",
        "correctCount": 37,
        "startTime": 0,
        "songDuration": 30.048,
        "songNumber": 26,
        "activePlayerCount": 270,
        "LinkVideo": "https://files.catbox.moe/g5jht0.webm",
        "LinkMp3": "https://files.catbox.moe/kmr3au.mp3"
    },
    {
        "animeEng": "City Hunter: Shinjuku Private Eyes",
        "animeRomaji": "City Hunter: Shinjuku Private Eyes",
        "songName": "CITY HUNTER ~Ai yo Kienaide",
        "artist": "Kahoru Kohiruimaki",
        "type": "Insert Song",
        "correctCount": 102,
        "startTime": 38,
        "songDuration": 112.992,
        "songNumber": 27,
        "activePlayerCount": 270,
        "LinkVideo": "https://files.catbox.moe/1wc81f.webm",
        "LinkMp3": "https://files.catbox.moe/w84kyb.mp3"
    },
    {
        "animeEng": "T\u014dken Ranbu: Hanamaru",
        "animeRomaji": "T\u014dken Ranbu: Hanamaru",
        "songName": "Hanamaru\u25ceBiyori!",
        "artist": "Mitsuhiro Ichiki & Toshiki Masuda",
        "type": "Opening 1",
        "correctCount": 53,
        "startTime": 21,
        "songDuration": 89.064,
        "songNumber": 28,
        "activePlayerCount": 270,
        "LinkVideo": "https://files.catbox.moe/3cem3o.webm",
        "LinkMp3": "https://files.catbox.moe/3dy5vr.mp3"
    },
    {
        "animeEng": "Attack on Titan: Lost Girls",
        "animeRomaji": "Shingeki no Kyojin: Lost Girls",
        "songName": "Utsukushiki Zankoku na Sekai",
        "artist": "Y\u014dko Hikasa",
        "type": "Ending 2",
        "correctCount": 156,
        "startTime": 11,
        "songDuration": 88.896,
        "songNumber": 29,
        "activePlayerCount": 269,
        "LinkVideo": "https://files.catbox.moe/ffzbka.webm",
        "LinkMp3": "https://files.catbox.moe/p6rxj3.mp3"
    },
    {
        "animeEng": "Getter Robo",
        "animeRomaji": "Getter Robo",
        "songName": "Ky\u014dry\u016b Tei\u014d no Noroi",
        "artist": "Nihon Gassh\u014d Ky\u014dkai",
        "type": "Insert Song",
        "correctCount": 4,
        "startTime": 72,
        "songDuration": 113.88,
        "songNumber": 30,
        "activePlayerCount": 269,
        "LinkVideo": "https://files.catbox.moe/0hho6e.webm",
        "LinkMp3": "https://files.catbox.moe/cr74q7.mp3",
        "correctPlayers": [
            "Miki_P",
            "Knightwalker01",
            "fefe333cloe",
            "roveda"
        ]
    },
    {
        "animeEng": "Armored Police Metal Jack",
        "animeRomaji": "Kikou Keisatsu Metal Jack",
        "songName": "HOLD ON",
        "artist": "JACK BITES",
        "type": "Ending 1",
        "correctCount": 3,
        "startTime": 8,
        "songDuration": 66.84,
        "songNumber": 31,
        "activePlayerCount": 269,
        "LinkVideo": "https://files.catbox.moe/8l53ek.webm",
        "LinkMp3": "https://files.catbox.moe/ihi09y.mp3",
        "correctPlayers": [
            "Blacky_Doll",
            "BakaOtakuFish",
            "BUSHTUSH"
        ]
    },
    {
        "animeEng": "Ikki Tousen in Kyoto",
        "animeRomaji": "Ikkitousen in Kyoto",
        "songName": "HEART&SOUL",
        "artist": "Mai Kariyuki",
        "type": "Insert Song",
        "correctCount": 21,
        "startTime": 77,
        "songDuration": 212.832,
        "songNumber": 32,
        "activePlayerCount": 268,
        "LinkVideo": "https://files.catbox.moe/a4wb4n.webm",
        "LinkMp3": "https://files.catbox.moe/xmv26l.mp3"
    },
    {
        "animeEng": "Eiga Smile Precure: Ehon no Naka wa Minna Chiguhagu!",
        "animeRomaji": "Eiga Smile Precure: Ehon no Naka wa Minna Chiguhagu!",
        "songName": "Let's go! Smile Precure!",
        "artist": "Aya Ikeda",
        "type": "Opening 1",
        "correctCount": 234,
        "startTime": 1,
        "songDuration": 83.544,
        "songNumber": 33,
        "activePlayerCount": 268,
        "LinkVideo": "https://files.catbox.moe/f6wxc0.webm",
        "LinkMp3": "https://files.catbox.moe/cazq55.mp3"
    },
    {
        "animeEng": "Box of Goblins",
        "animeRomaji": "M\u014dry\u014d no Hako",
        "songName": "Naked Love",
        "artist": "Nightmare",
        "type": "Ending 1",
        "correctCount": 21,
        "startTime": 25,
        "songDuration": 58.56,
        "songNumber": 34,
        "activePlayerCount": 268,
        "LinkVideo": "https://files.catbox.moe/0zkx84.webm",
        "LinkMp3": "https://files.catbox.moe/82j7ph.mp3"
    },
    {
        "animeEng": "Noragami",
        "animeRomaji": "Noragami",
        "songName": "Goya no Machiawase",
        "artist": "Hello Sleepwalkers",
        "type": "Opening 1",
        "correctCount": 248,
        "startTime": 15,
        "songDuration": 89.04,
        "songNumber": 35,
        "activePlayerCount": 267,
        "LinkVideo": "https://files.catbox.moe/kdb9qr.webm",
        "LinkMp3": "https://files.catbox.moe/peiivi.mp3"
    },
    {
        "animeEng": "Kirby: Right Back At Ya!",
        "animeRomaji": "Hoshi no Kirby",
        "songName": "Kihon wa Maru",
        "artist": "Shanchii",
        "type": "Ending 1",
        "correctCount": 17,
        "startTime": 34,
        "songDuration": 89.52,
        "songNumber": 36,
        "activePlayerCount": 269,
        "LinkVideo": "https://files.catbox.moe/lqbsxt.webm",
        "LinkMp3": "https://files.catbox.moe/85o24u.mp3"
    },
    {
        "animeEng": "Kokoro Library",
        "animeRomaji": "Kokoro Toshokan",
        "songName": "Beagle",
        "artist": "Yasuko Yamano",
        "type": "Opening 1",
        "correctCount": 31,
        "startTime": 31,
        "songDuration": 90.024,
        "songNumber": 37,
        "activePlayerCount": 269,
        "LinkVideo": "https://files.catbox.moe/j69dvq.webm",
        "LinkMp3": "https://files.catbox.moe/jeceed.mp3"
    },
    {
        "animeEng": "Ronin Warriors: Legend of the Inferno Armor",
        "animeRomaji": "Yoroiden Samurai Troopers: Kik\u014dtei Densetsu",
        "songName": "Stardust Eyes",
        "artist": "Mariko Uranishi",
        "type": "Opening 1",
        "correctCount": 3,
        "startTime": 58,
        "songDuration": 91.824,
        "songNumber": 38,
        "activePlayerCount": 265,
        "LinkVideo": "https://files.catbox.moe/68inh1.webm",
        "LinkMp3": "https://files.catbox.moe/pmhhtj.mp3",
        "correctPlayers": [
            "rd",
            "watashiii",
            "chauhuy23"
        ]
    },
    {
        "animeEng": "Ani ni Tsukeru Kusuri wa Nai! 4",
        "animeRomaji": "Please Take My Brother Away! 4",
        "songName": "Come on youth",
        "artist": "Yue Wang & Hesen Mori",
        "type": "Opening 1",
        "correctCount": 135,
        "startTime": 0,
        "songDuration": 27.048,
        "songNumber": 39,
        "activePlayerCount": 266,
        "LinkVideo": "https://files.catbox.moe/gc5b5b.webm",
        "LinkMp3": "https://files.catbox.moe/kq43na.mp3"
    },
    {
        "animeEng": "Monster Strike the Animation",
        "animeRomaji": "Monster Strike the Animation",
        "songName": "Born Free",
        "artist": "Nana Mizuki",
        "type": "Ending 7",
        "correctCount": 8,
        "startTime": 29,
        "songDuration": 76.872,
        "songNumber": 40,
        "activePlayerCount": 266,
        "LinkVideo": "https://files.catbox.moe/f52icy.webm",
        "LinkMp3": "https://files.catbox.moe/hv9fj7.mp3"
    },
    {
        "animeEng": "Wise Man's Grandchild",
        "animeRomaji": "Kenja no Mago",
        "songName": "Ultimate\u2606MAGIC",
        "artist": "i\u2606Ris",
        "type": "Opening 1",
        "correctCount": 106,
        "startTime": 25,
        "songDuration": 88.2,
        "songNumber": 41,
        "activePlayerCount": 265,
        "LinkVideo": "https://files.catbox.moe/2mi9bb.webm",
        "LinkMp3": "https://files.catbox.moe/nyxin2.mp3"
    },
    {
        "animeEng": "Hello Spank!",
        "animeRomaji": "Ohay\u014d! Spank",
        "songName": "Ohay\u014d! Spank",
        "artist": "Nozomu Inoue",
        "type": "Opening 1",
        "correctCount": 51,
        "startTime": 18,
        "songDuration": 76.176,
        "songNumber": 42,
        "activePlayerCount": 266,
        "LinkVideo": "https://files.catbox.moe/bggqgp.webm",
        "LinkMp3": "https://files.catbox.moe/xz6qkt.mp3"
    },
    {
        "animeEng": "Aoki Ry\u016bsei SPT Layzner",
        "animeRomaji": "Aoki Ry\u016bsei SPT Layzner",
        "songName": "Melos no You ni -LONELY WAY-",
        "artist": "AIRMAIL from NAGASAKI",
        "type": "Opening 1",
        "correctCount": 33,
        "startTime": 25,
        "songDuration": 97.416,
        "songNumber": 43,
        "activePlayerCount": 266,
        "LinkVideo": "https://files.catbox.moe/t9uj8p.webm",
        "LinkMp3": "https://files.catbox.moe/ebf5af.mp3"
    },
    {
        "animeEng": "Wagnaria!!3",
        "animeRomaji": "Working!!!",
        "songName": "NOW!!!GAMBLE",
        "artist": "Kana Asumi, Saki Fujita, Eri Kitamura",
        "type": "Opening 1",
        "correctCount": 106,
        "startTime": 55,
        "songDuration": 89.180508,
        "songNumber": 44,
        "activePlayerCount": 266,
        "LinkVideo": "https://files.catbox.moe/x6um1r.webm",
        "LinkMp3": "https://files.catbox.moe/xn5hj4.mp3"
    },
    {
        "animeEng": "Azur Lane",
        "animeRomaji": "Azur Lane",
        "songName": "graphite/diamond",
        "artist": "May'n",
        "type": "Opening 1",
        "correctCount": 132,
        "startTime": 43,
        "songDuration": 87.936,
        "songNumber": 45,
        "activePlayerCount": 266,
        "LinkVideo": "https://files.catbox.moe/a24tnk.webm",
        "LinkMp3": "https://files.catbox.moe/g25ph0.mp3"
    },
    {
        "animeEng": "No Game No Life Zero",
        "animeRomaji": "No Game No Life Zero",
        "songName": "Mata Game Shiyouze ~Shin Sekai no Hikari",
        "artist": "Nataliya Gudziy",
        "type": "Insert Song",
        "correctCount": 38,
        "startTime": 28,
        "songDuration": 189.048,
        "songNumber": 46,
        "activePlayerCount": 265,
        "LinkVideo": "https://files.catbox.moe/5uyalm.webm",
        "LinkMp3": "https://files.catbox.moe/hklvf5.mp3"
    },
    {
        "animeEng": "Case Closed",
        "animeRomaji": "Meitantei Conan",
        "songName": "Nazo",
        "artist": "La PomPon",
        "type": "Opening 41",
        "correctCount": 70,
        "startTime": 62,
        "songDuration": 116.736,
        "songNumber": 47,
        "activePlayerCount": 265,
        "LinkVideo": "https://files.catbox.moe/7du22a.webm",
        "LinkMp3": "https://files.catbox.moe/l1639l.mp3"
    },
    {
        "animeEng": "FLCL",
        "animeRomaji": "Furi Kuri",
        "songName": "White Ash",
        "artist": "the pillows",
        "type": "Insert Song",
        "correctCount": 12,
        "startTime": 7,
        "songDuration": 69.456,
        "songNumber": 50,
        "activePlayerCount": 149,
        "LinkVideo": "https://files.catbox.moe/jpm8pg.webm",
        "LinkMp3": "https://files.catbox.moe/uzt9b5.mp3"
    },
    {
        "animeEng": "MD Geist",
        "animeRomaji": "Sokihei M.D. Geist",
        "songName": "Hijoh no Soldier",
        "artist": "Hironobu Kageyama",
        "type": "Opening 1",
        "correctCount": 17,
        "startTime": 15,
        "songDuration": 105.428392,
        "songNumber": 51,
        "activePlayerCount": 180,
        "LinkVideo": "https://files.catbox.moe/ra9hke.webm",
        "LinkMp3": "https://files.catbox.moe/qmz6ql.mp3"
    },
    {
        "animeEng": "Kujibiki Unbalance",
        "animeRomaji": "Kujibiki Unbalance",
        "songName": "Kujibiki Unbalance",
        "artist": "UNDER17",
        "type": "Opening 1",
        "correctCount": 84,
        "startTime": 54,
        "songDuration": 90.173144,
        "songNumber": 52,
        "activePlayerCount": 188,
        "LinkVideo": "https://files.catbox.moe/59ue9l.webm",
        "LinkMp3": "https://files.catbox.moe/i69f4n.mp3"
    },
    {
        "animeEng": "The IDOLM@STER Cinderella Girls",
        "animeRomaji": "The IDOLM@STER Cinderella Girls",
        "songName": "Star!!",
        "artist": "CINDERELLA PROJECT",
        "type": "Opening 2",
        "correctCount": 72,
        "startTime": 53,
        "songDuration": 89.184,
        "songNumber": 53,
        "activePlayerCount": 199,
        "LinkVideo": "https://files.catbox.moe/hsxs1z.webm",
        "LinkMp3": "https://files.catbox.moe/gu1b62.mp3"
    },
    {
        "animeEng": "The Great Passage",
        "animeRomaji": "Fune o Amu",
        "songName": "Shiokaze",
        "artist": "Taiiku Okazaki",
        "type": "Opening 1",
        "correctCount": 40,
        "startTime": 2,
        "songDuration": 88.776,
        "songNumber": 54,
        "activePlayerCount": 205,
        "LinkVideo": "https://files.catbox.moe/ctvhwb.webm",
        "LinkMp3": "https://files.catbox.moe/s3uzuy.mp3"
    },
    {
        "animeEng": "Shin Chan",
        "animeRomaji": "Shin Chan",
        "songName": "Muscat",
        "artist": "Yuzu",
        "type": "Opening 18",
        "correctCount": 27,
        "startTime": 9,
        "songDuration": 56.808,
        "songNumber": 55,
        "activePlayerCount": 209,
        "LinkVideo": "https://files.catbox.moe/aigyd1.webm",
        "LinkMp3": "https://files.catbox.moe/mq1e9x.mp3"
    },
    {
        "animeEng": "Strike Witches: 501st JOINT FIGHTER WING Take Off!",
        "animeRomaji": "Strike Witches 501 Butai Hasshin Shimasu!",
        "songName": "Treasure of life",
        "artist": "Miyuki Sawashiro",
        "type": "Ending 11",
        "correctCount": 8,
        "startTime": 32,
        "songDuration": 88.368,
        "songNumber": 56,
        "activePlayerCount": 214,
        "LinkVideo": "https://files.catbox.moe/znihxz.webm",
        "LinkMp3": "https://files.catbox.moe/do1iza.mp3"
    },
    {
        "animeEng": "Tales of Yajikita College",
        "animeRomaji": "Yajikita Gakuen D\u014dch\u016bki",
        "songName": "Ban Hana Ra (Inase na Shitamachi Musume)",
        "artist": "Yoshiko Yamagiwa",
        "type": "Ending 1",
        "correctCount": 0,
        "startTime": 78,
        "songDuration": 203.064,
        "songNumber": 57,
        "activePlayerCount": 216,
        "LinkVideo": "https://files.catbox.moe/k1cqb3.webm",
        "LinkMp3": "https://files.catbox.moe/xgg3je.mp3"
    },
    {
        "animeEng": "Kiratto Pri\u2606Chan",
        "animeRomaji": "Kiratto Pri\u2606Chan",
        "songName": "Ticktock Magical Idol Time!",
        "artist": "Arisa Date",
        "type": "Insert Song",
        "correctCount": 29,
        "startTime": 1,
        "songDuration": 159.024,
        "songNumber": 58,
        "activePlayerCount": 217,
        "LinkVideo": "https://files.catbox.moe/vr8c8e.webm",
        "LinkMp3": "https://files.catbox.moe/ypbgdt.mp3"
    },
    {
        "animeEng": "Strike Witches",
        "animeRomaji": "Strike Witches",
        "songName": "Bookmark A Head",
        "artist": "Miyuki Sawashiro & Sakura Nogawa",
        "type": "Ending 6",
        "correctCount": 31,
        "startTime": 31,
        "songDuration": 89.52,
        "songNumber": 59,
        "activePlayerCount": 215,
        "LinkVideo": "https://files.catbox.moe/s4l6ay.webm",
        "LinkMp3": "https://files.catbox.moe/vdlrnj.mp3"
    },
    {
        "animeEng": "Fate/Grand Order Absolute Demonic Front: Babylonia",
        "animeRomaji": "Fate/Grand Order: Zettai Maj\u016b Sensen Babylonia",
        "songName": "Prover",
        "artist": "milet",
        "type": "Ending 2",
        "correctCount": 82,
        "startTime": 11,
        "songDuration": 89.184,
        "songNumber": 60,
        "activePlayerCount": 218,
        "LinkVideo": "https://files.catbox.moe/5ofcut.webm",
        "LinkMp3": "https://files.catbox.moe/ipeor1.mp3"
    },
    {
        "animeEng": "Do You Love Your Mom and Her Two-Hit Multi-Target Attacks?",
        "animeRomaji": "Ts\u016bj\u014d K\u014dgeki ga Zentai K\u014dgeki de Ni-kai K\u014dgeki no Okaa-san wa Suki desu ka?",
        "songName": "Ts\u016bj\u014d K\u014dgeki ga Zentai K\u014dgeki de Ni-kai K\u014dgeki Mama",
        "artist": "Ai Kayano",
        "type": "Ending 1",
        "correctCount": 88,
        "startTime": 11,
        "songDuration": 88.776,
        "songNumber": 61,
        "activePlayerCount": 220,
        "LinkVideo": "https://files.catbox.moe/myyzfw.webm",
        "LinkMp3": "https://files.catbox.moe/a8shfi.mp3"
    },
    {
        "animeEng": "Hi Score Girl",
        "animeRomaji": "High Score Girl",
        "songName": "New Stranger",
        "artist": "sora tob sakana",
        "type": "Opening 1",
        "correctCount": 119,
        "startTime": 15,
        "songDuration": 88.848,
        "songNumber": 62,
        "activePlayerCount": 220,
        "LinkVideo": "https://files.catbox.moe/8rjlvs.webm",
        "LinkMp3": "https://files.catbox.moe/kg6cf7.mp3"
    },
    {
        "animeEng": "Weathering With You",
        "animeRomaji": "Tenki no Ko",
        "songName": "Daij\u014dbu (Movie edit)",
        "artist": "RADWIMPS",
        "type": "Ending 1",
        "correctCount": 47,
        "startTime": 97,
        "songDuration": 245.568,
        "songNumber": 63,
        "activePlayerCount": 221,
        "LinkVideo": "https://files.catbox.moe/dbnao5.webm",
        "LinkMp3": "https://files.catbox.moe/wspvn2.mp3"
    },
    {
        "animeEng": "Ah! My Goddess: Fighting Wings",
        "animeRomaji": "Aa Megami-sama: Tatakau Tsubasa",
        "songName": "Ai no Hoshi",
        "artist": "Jyukai",
        "type": "Opening 1",
        "correctCount": 9,
        "startTime": 26,
        "songDuration": 88.512,
        "songNumber": 64,
        "activePlayerCount": 221,
        "LinkVideo": "https://files.catbox.moe/ftc411.webm",
        "LinkMp3": "https://files.catbox.moe/k8v9pl.mp3"
    },
    {
        "animeEng": "Nyanpire The Animation",
        "animeRomaji": "Nyanpire The Animation",
        "songName": "Nyanpire Tais\u014d",
        "artist": "Nyatsuko Asou & Nyadain",
        "type": "Ending 1",
        "correctCount": 16,
        "startTime": 34,
        "songDuration": 88.728,
        "songNumber": 65,
        "activePlayerCount": 221,
        "LinkVideo": "https://files.catbox.moe/j7l6y3.webm",
        "LinkMp3": "https://files.catbox.moe/g85wrv.mp3"
    },
    {
        "animeEng": "Embracing Love: A Cicada in Winter",
        "animeRomaji": "Fuyu no Semi",
        "songName": "Hana Hyakkei",
        "artist": "N\u039bT ALLstars",
        "type": "Opening 1",
        "correctCount": 6,
        "startTime": 0,
        "songDuration": 65.016,
        "songNumber": 66,
        "activePlayerCount": 221,
        "LinkVideo": "https://files.catbox.moe/1hpj2j.webm",
        "LinkMp3": "https://files.catbox.moe/j280bx.mp3"
    },
    {
        "animeEng": "Kiratto Pri\u2606Chan",
        "animeRomaji": "Kiratto Pri\u2606Chan",
        "songName": "Brand New Girls",
        "artist": "Miracle\u2606Kiratts",
        "type": "Ending 2",
        "correctCount": 14,
        "startTime": 18,
        "songDuration": 85.488,
        "songNumber": 67,
        "activePlayerCount": 221,
        "LinkVideo": "https://files.catbox.moe/zyci2t.webm",
        "LinkMp3": "https://files.catbox.moe/0l0ahs.mp3"
    },
    {
        "animeEng": "Mekakucity Actors",
        "animeRomaji": "Mekakucity Actors",
        "songName": "Mekakushi Code",
        "artist": "Jin ft. Koneko Yasagure",
        "type": "Insert Song",
        "correctCount": 52,
        "startTime": 84,
        "songDuration": 119.069325,
        "songNumber": 68,
        "activePlayerCount": 222,
        "LinkVideo": "https://files.catbox.moe/zladb6.webm",
        "LinkMp3": "https://files.catbox.moe/ghehfi.mp3"
    },
    {
        "animeEng": "Turn A Gundam",
        "animeRomaji": "Turn A Gundam",
        "songName": "Turn A Turn",
        "artist": "Hideki Saijou",
        "type": "Opening 1",
        "correctCount": 62,
        "startTime": 42,
        "songDuration": 79.824,
        "songNumber": 69,
        "activePlayerCount": 222,
        "LinkVideo": "https://files.catbox.moe/p8mxyo.webm",
        "LinkMp3": "https://files.catbox.moe/aqf4n8.mp3"
    },
    {
        "animeEng": "Bungo Stray Dogs: Dead Apple",
        "animeRomaji": "Bungo Stray Dogs: Dead Apple",
        "songName": "Reason Living",
        "artist": "SCREEN mode",
        "type": "Insert Song",
        "correctCount": 140,
        "startTime": 68,
        "songDuration": 214.056,
        "songNumber": 70,
        "activePlayerCount": 222,
        "LinkVideo": "https://files.catbox.moe/3fwsce.webm",
        "LinkMp3": "https://files.catbox.moe/llop6c.mp3"
    },
    {
        "animeEng": "Reborn!",
        "animeRomaji": "Katekyo Hitman Reborn!",
        "songName": "BOYS & GIRLS",
        "artist": "LM.C",
        "type": "Opening 2",
        "correctCount": 78,
        "startTime": 41,
        "songDuration": 88.752,
        "songNumber": 71,
        "activePlayerCount": 221,
        "LinkVideo": "https://files.catbox.moe/2yffen.webm",
        "LinkMp3": "https://files.catbox.moe/8hunqs.mp3"
    },
    {
        "animeEng": "Dr. Slump",
        "animeRomaji": "Dr. Slump & Arale-chan",
        "songName": "Waiwai World",
        "artist": "Ado Mizumori feat. Koorogi '73",
        "type": "Opening 1",
        "correctCount": 85,
        "startTime": 7,
        "songDuration": 69.276688,
        "songNumber": 72,
        "activePlayerCount": 222,
        "LinkVideo": "https://files.catbox.moe/seohvl.webm",
        "LinkMp3": "https://files.catbox.moe/9ci9da.mp3"
    },
    {
        "animeEng": "H2O ~Footprints in the Sand~",
        "animeRomaji": "H2O ~Footprints in the Sand~",
        "songName": "Katayoku no Icarus",
        "artist": "Yui Sakakibara",
        "type": "Opening 1",
        "correctCount": 36,
        "startTime": 48,
        "songDuration": 88.512,
        "songNumber": 73,
        "activePlayerCount": 221,
        "LinkVideo": "https://files.catbox.moe/85jfvi.webm",
        "LinkMp3": "https://files.catbox.moe/90ase8.mp3"
    },
    {
        "animeEng": "Inuyasha",
        "animeRomaji": "Inuyasha",
        "songName": "CHANGE THE WORLD",
        "artist": "V6",
        "type": "Opening 1",
        "correctCount": 126,
        "startTime": 59,
        "songDuration": 94.632,
        "songNumber": 74,
        "activePlayerCount": 221,
        "LinkVideo": "https://files.catbox.moe/62l9zj.webm",
        "LinkMp3": "https://files.catbox.moe/xz8trn.mp3"
    },
    {
        "animeEng": "Utawarerumono: The False Faces",
        "animeRomaji": "Utawarerumono: Itsuwari no Kamen",
        "songName": "Yume ka Utsutsu ka",
        "artist": "Suara",
        "type": "Ending 1",
        "correctCount": 22,
        "startTime": 13,
        "songDuration": 90.36,
        "songNumber": 75,
        "activePlayerCount": 221,
        "LinkVideo": "https://files.catbox.moe/46huhp.webm",
        "LinkMp3": "https://files.catbox.moe/x1r5nb.mp3"
    }
]