[
    {
        "animeEng": "Aikatsu Stars!",
        "animeRomaji": "Aikatsu Stars!",
        "songName": "Bokura no Kiseki",
        "artist": "M4",
        "type": "Insert Song",
        "correctCount": 33,
        "startTime": 10,
        "songDuration": 54.744,
        "songNumber": 1,
        "activePlayerCount": 223,
        "LinkVideo": "https://files.catbox.moe/om2tlb.webm",
        "LinkMp3": "https://files.catbox.moe/0kur67.mp3"
    },
    {
        "animeEng": "Princess Minerva",
        "animeRomaji": "Princess Minerva",
        "songName": "Ka Ikute Gomen Asobase",
        "artist": "Yuki Takahara",
        "type": "Ending 1",
        "correctCount": 3,
        "startTime": 41,
        "songDuration": 119.472,
        "songNumber": 2,
        "activePlayerCount": 223,
        "LinkVideo": "https://files.catbox.moe/c14ilh.webm",
        "LinkMp3": "https://files.catbox.moe/ssgssz.mp3",
        "correctPlayers": [
            "ZeroRequiemO",
            "scrotesque",
            "Catisam"
        ]
    },
    {
        "animeEng": "Aria the Avvenire",
        "animeRomaji": "Aria the Avvenire",
        "songName": "Spirale",
        "artist": "Yui Makino",
        "type": "Opening 3",
        "correctCount": 40,
        "startTime": 36,
        "songDuration": 105.672,
        "songNumber": 3,
        "activePlayerCount": 225,
        "LinkVideo": "https://files.catbox.moe/r7h1q8.webm",
        "LinkMp3": "https://files.catbox.moe/q6hyc6.mp3"
    },
    {
        "animeEng": "Hozuki's Coolheadedness",
        "animeRomaji": "H\u014dzuki no Reitetsu",
        "songName": "Jigoku no Sata mo Kimi Shidai",
        "artist": "Jigoku no Sata All Stars",
        "type": "Opening 1",
        "correctCount": 156,
        "startTime": 15,
        "songDuration": 89.064,
        "songNumber": 4,
        "activePlayerCount": 226,
        "LinkVideo": "https://files.catbox.moe/h0vffv.webm",
        "LinkMp3": "https://files.catbox.moe/6j0dif.mp3"
    },
    {
        "animeEng": "Momo-iro Sisters",
        "animeRomaji": "Momo-iro Sisters",
        "songName": "Vector wa Uemuki",
        "artist": "CAZACY",
        "type": "Ending 1",
        "correctCount": 2,
        "startTime": 50,
        "songDuration": 94.704,
        "songNumber": 5,
        "activePlayerCount": 224,
        "LinkVideo": "https://files.catbox.moe/xvg503.webm",
        "correctPlayers": [
            "Blacky_Doll",
            "watashiii"
        ]
    },
    {
        "animeEng": "Daa! Daa! Daa!",
        "animeRomaji": "Daa! Daa! Daa!",
        "songName": "BOY MEETS GIRL",
        "artist": "TRF",
        "type": "Ending 1",
        "correctCount": 23,
        "startTime": 27,
        "songDuration": 70.536,
        "songNumber": 6,
        "activePlayerCount": 223,
        "LinkVideo": "https://files.catbox.moe/tx9eyl.webm",
        "LinkMp3": "https://files.catbox.moe/re23th.mp3"
    },
    {
        "animeEng": "Monster Kid",
        "animeRomaji": "Kaibutsu-kun",
        "songName": "Yukai Tsuukai Kaibutsu-kun",
        "artist": "Masako Nozawa",
        "type": "Opening 1",
        "correctCount": 61,
        "startTime": 14,
        "songDuration": 59.136,
        "songNumber": 7,
        "activePlayerCount": 222,
        "LinkVideo": "https://files.catbox.moe/gs76kf.webm",
        "LinkMp3": "https://files.catbox.moe/dpbkzb.mp3"
    },
    {
        "animeEng": "Saint Beast: K\u014din Jojishi Tenshi Tan",
        "animeRomaji": "Saint Beast: K\u014din Jojishi Tenshi Tan",
        "songName": "Kouin Jojishi Tenshi Tan ~angel chronicles~",
        "artist": "Tatsuhisa Suzuki, Takuma Terashima, Wataru Hatano",
        "type": "Ending 1",
        "correctCount": 1,
        "startTime": 19,
        "songDuration": 89.328,
        "songNumber": 8,
        "activePlayerCount": 220,
        "LinkVideo": "https://files.catbox.moe/9q0reu.webm",
        "LinkMp3": "https://files.catbox.moe/0i2a4u.mp3",
        "correctPlayers": [
            "Kaani"
        ]
    },
    {
        "animeEng": "Maji de Otaku na English! Ribbon-chan: Eigo de Tatakau Mah\u014d Sh\u014djo",
        "animeRomaji": "Maji de Otaku na English! Ribbon-chan: Eigo de Tatakau Mah\u014d Sh\u014djo",
        "songName": "EXAMINATION",
        "artist": "Sakura Tange",
        "type": "Opening 1",
        "correctCount": 9,
        "startTime": 27,
        "songDuration": 88.488,
        "songNumber": 9,
        "activePlayerCount": 221,
        "LinkVideo": "https://files.catbox.moe/shrjz3.webm",
        "LinkMp3": "https://files.catbox.moe/juzt4c.mp3"
    },
    {
        "animeEng": "The Asterisk War",
        "animeRomaji": "Gakusen Toshi Asterisk",
        "songName": "Brand-new World",
        "artist": "Shiena Nishizawa",
        "type": "Opening 1",
        "correctCount": 138,
        "startTime": 6,
        "songDuration": 85.752,
        "songNumber": 10,
        "activePlayerCount": 222,
        "LinkVideo": "https://files.catbox.moe/c4bsk6.webm",
        "LinkMp3": "https://files.catbox.moe/cv5y45.mp3"
    },
    {
        "animeEng": "Monochrome Factor",
        "animeRomaji": "Monochrome Factor",
        "songName": "Kakusei ~dark and light~",
        "artist": "Junichi Suwabe & Katsuyuki Konishi",
        "type": "Ending 2",
        "correctCount": 7,
        "startTime": 33,
        "songDuration": 89.424,
        "songNumber": 11,
        "activePlayerCount": 222,
        "LinkVideo": "https://files.catbox.moe/r21e7u.webm",
        "LinkMp3": "https://files.catbox.moe/tdtl43.mp3"
    },
    {
        "animeEng": "KanColle",
        "animeRomaji": "KanColle",
        "songName": "Fubuki",
        "artist": "Shiena Nishizawa",
        "type": "Ending 1",
        "correctCount": 103,
        "startTime": 4,
        "songDuration": 87.552,
        "songNumber": 12,
        "activePlayerCount": 221,
        "LinkVideo": "https://files.catbox.moe/h5kp3h.webm",
        "LinkMp3": "https://files.catbox.moe/nydbwx.mp3"
    },
    {
        "animeEng": "Pikachu's Winter Vacation 2001",
        "animeRomaji": "Pocket Monsters: Pikachu no Fuyuyasumi 2001",
        "songName": "Pichu Pika\u266aSwing!",
        "artist": "Neo\u2605Pockets",
        "type": "Opening 2",
        "correctCount": 52,
        "startTime": 27,
        "songDuration": 98.568,
        "songNumber": 13,
        "activePlayerCount": 220,
        "LinkVideo": "https://files.catbox.moe/qja0dc.webm",
        "LinkMp3": "https://files.catbox.moe/mmgsaw.mp3"
    },
    {
        "animeEng": "Knights of the Zodiac: Saint Seiya",
        "animeRomaji": "Knights of the Zodiac: Saint Seiya",
        "songName": "PEGASUS SEIYA",
        "artist": "The Struts",
        "type": "Opening 1",
        "correctCount": 46,
        "startTime": 24,
        "songDuration": 86.616,
        "songNumber": 14,
        "activePlayerCount": 220,
        "LinkVideo": "https://files.catbox.moe/svwqm5.webm",
        "LinkMp3": "https://files.catbox.moe/662eiz.mp3"
    },
    {
        "animeEng": "Mobile Fighter G Gundam",
        "animeRomaji": "Kid\u014d But\u014dden G Gundam",
        "songName": "Hoshikuzu no Requiem",
        "artist": "Yuri Amano",
        "type": "Insert Song",
        "correctCount": 2,
        "startTime": 100,
        "songDuration": 138.288,
        "songNumber": 15,
        "activePlayerCount": 220,
        "LinkVideo": "https://files.catbox.moe/iz93s7.webm",
        "LinkMp3": "https://files.catbox.moe/oma02i.mp3",
        "correctPlayers": [
            "Blacky_Doll",
            "ZeroRequiemO"
        ]
    },
    {
        "animeEng": "Infinite Stratos 2: Long Vacation Edition",
        "animeRomaji": "Infinite Stratos 2: Long Vacation Edition",
        "songName": "True Blue Traveler",
        "artist": "Minami Kuribayashi",
        "type": "Opening 1",
        "correctCount": 80,
        "startTime": 35,
        "songDuration": 89.064,
        "songNumber": 16,
        "activePlayerCount": 220,
        "LinkVideo": "https://files.catbox.moe/hyifl3.webm",
        "LinkMp3": "https://files.catbox.moe/c6wiv3.mp3"
    },
    {
        "animeEng": "The Misfit of Demon King Academy",
        "animeRomaji": "Ma\u014d Gakuin no Futekig\u014dsha",
        "songName": "Seikai Fuseikai",
        "artist": "CIVILIAN feat. Tatsuhisa Suzuki",
        "type": "Opening 2",
        "correctCount": 105,
        "startTime": 4,
        "songDuration": 88.968,
        "songNumber": 17,
        "activePlayerCount": 223,
        "LinkVideo": "https://files.catbox.moe/n3409u.webm",
        "LinkMp3": "https://files.catbox.moe/axyic5.mp3"
    },
    {
        "animeEng": "Spirited Away",
        "animeRomaji": "Sen to Chihiro no Kamikakushi",
        "songName": "Itsumo Nando demo",
        "artist": "Yumi Kimura",
        "type": "Ending 1",
        "correctCount": 137,
        "startTime": 163,
        "songDuration": 208.992,
        "songNumber": 18,
        "activePlayerCount": 223,
        "LinkVideo": "https://files.catbox.moe/q1bp5n.webm",
        "LinkMp3": "https://files.catbox.moe/lx3fvx.mp3"
    },
    {
        "animeEng": "Kaij\u016b Girls Black",
        "animeRomaji": "Kaij\u016b Girls Kuro: Ultra Kaij\u016b Gijinka Keikaku",
        "songName": "Touhonseisou Shinkoukyoku",
        "artist": "BLACKSTARS",
        "type": "Opening 1",
        "correctCount": 61,
        "startTime": 0,
        "songDuration": 30.48,
        "songNumber": 19,
        "activePlayerCount": 223,
        "LinkVideo": "https://files.catbox.moe/ulsq13.webm",
        "LinkMp3": "https://files.catbox.moe/urpwpg.mp3"
    },
    {
        "animeEng": "The Rose of Versailles",
        "animeRomaji": "Versailles no Bara",
        "songName": "Bara wa Utsukushiku Chiru",
        "artist": "Hiroko Suzuki",
        "type": "Opening 1",
        "correctCount": 76,
        "startTime": 42,
        "songDuration": 89.04,
        "songNumber": 20,
        "activePlayerCount": 221,
        "LinkVideo": "https://files.catbox.moe/vbnswi.webm",
        "LinkMp3": "https://files.catbox.moe/u5lc45.mp3"
    },
    {
        "animeEng": "Kingdom",
        "animeRomaji": "Kingdom",
        "songName": "Exit",
        "artist": "The Sketchbook",
        "type": "Ending 2",
        "correctCount": 15,
        "startTime": 53,
        "songDuration": 87.528,
        "songNumber": 21,
        "activePlayerCount": 221,
        "LinkVideo": "https://files.catbox.moe/kb864l.webm",
        "LinkMp3": "https://files.catbox.moe/qljszl.mp3"
    },
    {
        "animeEng": "Fishing Ball",
        "animeRomaji": "tsuritama",
        "songName": "Tsurezure Monochrome",
        "artist": "Fujifabric",
        "type": "Opening 1",
        "correctCount": 59,
        "startTime": 5,
        "songDuration": 90.25151,
        "songNumber": 22,
        "activePlayerCount": 221,
        "LinkVideo": "https://files.catbox.moe/bopa3n.webm",
        "LinkMp3": "https://files.catbox.moe/twea13.mp3"
    },
    {
        "animeEng": "LAST HOPE",
        "animeRomaji": "J\u016bshinki Pandora",
        "songName": "Meteor",
        "artist": "Shiena Nishizawa",
        "type": "Insert Song",
        "correctCount": 2,
        "startTime": 42,
        "songDuration": 116.843706,
        "songNumber": 23,
        "activePlayerCount": 220,
        "LinkVideo": "https://files.catbox.moe/9otfx9.webm",
        "LinkMp3": "https://files.catbox.moe/ljb2fs.mp3",
        "correctPlayers": [
            "94hrss",
            "Alians"
        ]
    },
    {
        "animeEng": "Now and Then, Here and There",
        "animeRomaji": "Ima, Soko ni Iru Boku",
        "songName": "Ima, Soko ni Iru Boku",
        "artist": "Toshio Masuda",
        "type": "Opening 1",
        "correctCount": 43,
        "startTime": 34,
        "songDuration": 83.064,
        "songNumber": 24,
        "activePlayerCount": 220,
        "LinkVideo": "https://files.catbox.moe/lum4o7.webm",
        "LinkMp3": "https://files.catbox.moe/dn4ke5.mp3"
    },
    {
        "animeEng": "Seraph of the End: Vampire Reign",
        "animeRomaji": "Owari no Seraph",
        "songName": "X.U.",
        "artist": "SawanoHiroyuki[nZk]:Gemie",
        "type": "Opening 1",
        "correctCount": 162,
        "startTime": 12,
        "songDuration": 86.064,
        "songNumber": 25,
        "activePlayerCount": 219,
        "LinkVideo": "https://files.catbox.moe/p1wbgj.webm",
        "LinkMp3": "https://files.catbox.moe/6dn35v.mp3"
    },
    {
        "animeEng": "Digimon Frontier",
        "animeRomaji": "Digimon Frontier",
        "songName": "The last element",
        "artist": "Ayumi Miyazaki",
        "type": "Insert Song",
        "correctCount": 25,
        "startTime": 97,
        "songDuration": 145.968,
        "songNumber": 26,
        "activePlayerCount": 215,
        "LinkVideo": "https://files.catbox.moe/o3h80k.webm",
        "LinkMp3": "https://files.catbox.moe/ocof1n.mp3"
    },
    {
        "animeEng": "Jewelpet Happiness",
        "animeRomaji": "Jewelpet Happiness",
        "songName": "Hikari no Hate ni",
        "artist": "Fairies",
        "type": "Opening 1",
        "correctCount": 8,
        "startTime": 44,
        "songDuration": 89.049898,
        "songNumber": 27,
        "activePlayerCount": 214,
        "LinkVideo": "https://files.catbox.moe/cedvcg.webm",
        "LinkMp3": "https://files.catbox.moe/oyhqtr.mp3"
    },
    {
        "animeEng": "Romeo \u00d7 Juliet",
        "animeRomaji": "Romeo \u00d7 Juliet",
        "songName": "You Raise Me Up",
        "artist": "LENA PARK",
        "type": "Ending 3",
        "correctCount": 26,
        "startTime": 162,
        "songDuration": 278.592,
        "songNumber": 28,
        "activePlayerCount": 215,
        "LinkVideo": "https://files.catbox.moe/9vlvu1.webm",
        "LinkMp3": "https://files.catbox.moe/swi0f6.mp3"
    },
    {
        "animeEng": "Karaoke Senshi Mike Jir\u014d",
        "animeRomaji": "Karaoke Senshi Mike Jir\u014d",
        "songName": "Come on! Karaoke",
        "artist": "Yoshie Hayasaka",
        "type": "Opening 1",
        "correctCount": 3,
        "startTime": 29,
        "songDuration": 86.736,
        "songNumber": 29,
        "activePlayerCount": 214,
        "LinkVideo": "https://files.catbox.moe/7slqh5.webm",
        "LinkMp3": "https://files.catbox.moe/zh2ial.mp3",
        "correctPlayers": [
            "ZeroRequiemO",
            "scrotesque",
            "Catisam"
        ]
    },
    {
        "animeEng": "Over Drive",
        "animeRomaji": "Over Drive",
        "songName": "WINDER ~Boku wa Koko ni Iru~",
        "artist": "Shonen Kamikaze",
        "type": "Opening 1",
        "correctCount": 11,
        "startTime": 29,
        "songDuration": 91.975562,
        "songNumber": 30,
        "activePlayerCount": 214,
        "LinkVideo": "https://files.catbox.moe/53q2fx.webm",
        "LinkMp3": "https://files.catbox.moe/8j33fa.mp3"
    },
    {
        "animeEng": "Tokyo Ghoul:re",
        "animeRomaji": "Tokyo Ghoul:re",
        "songName": "katharsis",
        "artist": "TK from Ling Tosite Sigure",
        "type": "Opening 1",
        "correctCount": 122,
        "startTime": 36,
        "songDuration": 88.997654,
        "songNumber": 31,
        "activePlayerCount": 214,
        "LinkVideo": "https://files.catbox.moe/di477h.webm",
        "LinkMp3": "https://files.catbox.moe/2hxips.mp3"
    },
    {
        "animeEng": "Paradise Kiss",
        "animeRomaji": "Paradise Kiss",
        "songName": "DO YOU WANT TO",
        "artist": "Franz Ferdinand",
        "type": "Ending 1",
        "correctCount": 62,
        "startTime": 22,
        "songDuration": 70.032,
        "songNumber": 32,
        "activePlayerCount": 213,
        "LinkVideo": "https://files.catbox.moe/dcd8zu.webm",
        "LinkMp3": "https://files.catbox.moe/hs9dks.mp3"
    },
    {
        "animeEng": "MAGATSU WAHRHEIT",
        "animeRomaji": "Magatsu Wahrheit -Zuerst-",
        "songName": "Kimi o Sukueru Nara Boku wa Nan ni demo Naru",
        "artist": "Maon Kurosaki",
        "type": "Opening 1",
        "correctCount": 26,
        "startTime": 39,
        "songDuration": 88.416,
        "songNumber": 33,
        "activePlayerCount": 214,
        "LinkVideo": "https://files.catbox.moe/celxfp.webm",
        "LinkMp3": "https://files.catbox.moe/suw4df.mp3"
    },
    {
        "animeEng": "I''s Pure",
        "animeRomaji": "I''s Pure",
        "songName": "Chiisana Tsubasa ~eyes for you~",
        "artist": "Mizuho",
        "type": "Ending 1",
        "correctCount": 5,
        "startTime": 7,
        "songDuration": 79.752,
        "songNumber": 34,
        "activePlayerCount": 212,
        "LinkVideo": "https://files.catbox.moe/uaxkyl.webm",
        "LinkMp3": "https://files.catbox.moe/xhvm8y.mp3",
        "correctPlayers": [
            "Rukawa11",
            "ZeroRequiemO",
            "watashiii",
            "asleep",
            "Jokobo"
        ]
    },
    {
        "animeEng": "Hell Teacher Nube",
        "animeRomaji": "Jigoku Sensei Nube",
        "songName": "Bari Bari Saikyou NO.1",
        "artist": "FEEL SO BAD",
        "type": "Opening 1",
        "correctCount": 62,
        "startTime": 19,
        "songDuration": 81.768,
        "songNumber": 35,
        "activePlayerCount": 210,
        "LinkVideo": "https://files.catbox.moe/xp0sl3.webm",
        "LinkMp3": "https://files.catbox.moe/y0zln6.mp3"
    },
    {
        "animeEng": "Tsurune: Kazemai K\u014dk\u014d Ky\u016bd\u014d-bu",
        "animeRomaji": "Tsurune: Kazemai K\u014dk\u014d Ky\u016bd\u014d-bu",
        "songName": "Naru",
        "artist": "Luck Life",
        "type": "Opening 1",
        "correctCount": 85,
        "startTime": 8,
        "songDuration": 89.064,
        "songNumber": 36,
        "activePlayerCount": 211,
        "LinkVideo": "https://files.catbox.moe/tsm12k.webm",
        "LinkMp3": "https://files.catbox.moe/gxh7ti.mp3"
    },
    {
        "animeEng": "Your Lie in April",
        "animeRomaji": "KimiUso",
        "songName": "\u00c9tude R\u00e9volutionnaire Op. 10 No.12",
        "artist": "Fr\u00e9d\u00e9ric Chopin",
        "type": "Insert Song",
        "correctCount": 140,
        "startTime": 23,
        "songDuration": 213.390618,
        "songNumber": 37,
        "activePlayerCount": 211,
        "LinkVideo": "https://files.catbox.moe/9whjvf.webm",
        "LinkMp3": "https://files.catbox.moe/piqf60.mp3"
    },
    {
        "animeEng": "Har\u00e9+Guu",
        "animeRomaji": "Jungle wa Itsumo Hale Nochi Guu",
        "songName": "LOVE\u2606Tropicana",
        "artist": "Sister MAYO",
        "type": "Opening 1",
        "correctCount": 51,
        "startTime": 33,
        "songDuration": 80.712,
        "songNumber": 38,
        "activePlayerCount": 211,
        "LinkVideo": "https://files.catbox.moe/c1dqss.webm",
        "LinkMp3": "https://files.catbox.moe/0f1irc.mp3"
    },
    {
        "animeEng": "Little Busters!",
        "animeRomaji": "Little Busters!",
        "songName": "Alicemagic",
        "artist": "Rita",
        "type": "Ending 2",
        "correctCount": 50,
        "startTime": 65,
        "songDuration": 127.056,
        "songNumber": 39,
        "activePlayerCount": 209,
        "LinkVideo": "https://files.catbox.moe/d31230.webm",
        "LinkMp3": "https://files.catbox.moe/v6mic0.mp3"
    },
    {
        "animeEng": "Cardfight!! Vanguard G Stride Gate-hen",
        "animeRomaji": "Cardfight!! Vanguard G Stride Gate-hen",
        "songName": "SHOUT!",
        "artist": "Mamoru Miyano",
        "type": "Opening 1",
        "correctCount": 11,
        "startTime": 26,
        "songDuration": 88.318482,
        "songNumber": 40,
        "activePlayerCount": 209,
        "LinkVideo": "https://files.catbox.moe/h13m12.webm",
        "LinkMp3": "https://files.catbox.moe/7g43tq.mp3"
    },
    {
        "animeEng": "EUREKA SEVEN AO",
        "animeRomaji": "Eureka Seven AO - Jungfrau no Hanabanatachi",
        "songName": "Stand by me",
        "artist": "Stereopony",
        "type": "Ending 1",
        "correctCount": 12,
        "startTime": 4,
        "songDuration": 87.528,
        "songNumber": 41,
        "activePlayerCount": 209,
        "LinkVideo": "https://files.catbox.moe/bcpjtc.webm",
        "LinkMp3": "https://files.catbox.moe/jjy8bt.mp3"
    },
    {
        "animeEng": "Di Gi Charat: Winter Garden",
        "animeRomaji": "Winter Garden",
        "songName": "Forget-me-not",
        "artist": "Hiromi Satou",
        "type": "Opening 1",
        "correctCount": 11,
        "startTime": 3,
        "songDuration": 88.704,
        "songNumber": 42,
        "activePlayerCount": 208,
        "LinkVideo": "https://files.catbox.moe/qbrvym.webm",
        "LinkMp3": "https://files.catbox.moe/fxhlyu.mp3"
    },
    {
        "animeEng": "Blast of Tempest",
        "animeRomaji": "Zetsuen no Tempest",
        "songName": "Spirit Inspiration",
        "artist": "Nothing's Carved In Stone",
        "type": "Opening 1",
        "correctCount": 110,
        "startTime": 49,
        "songDuration": 88.55358,
        "songNumber": 43,
        "activePlayerCount": 209,
        "LinkVideo": "https://files.catbox.moe/hyszhf.webm",
        "LinkMp3": "https://files.catbox.moe/om7rcu.mp3"
    },
    {
        "animeEng": "Demon Slayer: Kimetsu no Yaiba",
        "animeRomaji": "Kimetsu no Yaiba",
        "songName": "Kamado Tanjir\u014d no Uta",
        "artist": "Go Shiina featuring Nami Nakagawa",
        "type": "Ending 3",
        "correctCount": 138,
        "startTime": 255,
        "songDuration": 323.304,
        "songNumber": 44,
        "activePlayerCount": 209,
        "LinkVideo": "https://files.catbox.moe/4hrur7.webm",
        "LinkMp3": "https://files.catbox.moe/ohezwn.mp3"
    },
    {
        "animeEng": "Rai-luolapoika",
        "animeRomaji": "Genshi Sh\u014dnen Ry\u016b",
        "songName": "Genshi Shonen Ryuu ga iku",
        "artist": "Ichiro Mizuki",
        "type": "Opening 1",
        "correctCount": 6,
        "startTime": 17,
        "songDuration": 75.888,
        "songNumber": 45,
        "activePlayerCount": 209,
        "LinkVideo": "https://files.catbox.moe/uram4n.webm",
        "LinkMp3": "https://files.catbox.moe/yybloe.mp3"
    },
    {
        "animeEng": "Baby Felix",
        "animeRomaji": "Baby Felix",
        "songName": "Baby Felix no Theme",
        "artist": "Taeko Onuki",
        "type": "Opening 1",
        "correctCount": 158,
        "startTime": 7,
        "songDuration": 40.728,
        "songNumber": 46,
        "activePlayerCount": 209,
        "LinkVideo": "https://files.catbox.moe/rr50ge.webm",
        "LinkMp3": "https://files.catbox.moe/nx0lu6.mp3"
    },
    {
        "animeEng": "PERSONA5 the Animation: Stars and Ours",
        "animeRomaji": "PERSONA5 the Animation: Stars and Ours",
        "songName": "Wake Up, Get Up, Get Out There",
        "artist": "Lyn",
        "type": "Insert Song",
        "correctCount": 43,
        "startTime": 15,
        "songDuration": 91.896,
        "songNumber": 47,
        "activePlayerCount": 209,
        "LinkVideo": "https://files.catbox.moe/qt6al0.webm",
        "LinkMp3": "https://files.catbox.moe/osm6xd.mp3"
    },
    {
        "animeEng": "Train Heroes",
        "animeRomaji": "Train Heroes",
        "songName": "DREAM EXPRESS ~Yumeutsutsu Kuukan Choutokkyuu~",
        "artist": "alan",
        "type": "Opening 1",
        "correctCount": 1,
        "startTime": 13,
        "songDuration": 88.2,
        "songNumber": 48,
        "activePlayerCount": 209,
        "LinkVideo": "https://files.catbox.moe/m8hiah.webm",
        "LinkMp3": "https://files.catbox.moe/2tiwe0.mp3",
        "correctPlayers": [
            "asleep"
        ]
    },
    {
        "animeEng": "Butt Detective",
        "animeRomaji": "Oshiri Tantei",
        "songName": "Pup\u016b to Fum\u016b to Kaiketsu Dance",
        "artist": "Daiki Ise",
        "type": "Opening 1",
        "correctCount": 47,
        "startTime": 12,
        "songDuration": 133.117712,
        "songNumber": 49,
        "activePlayerCount": 209,
        "LinkVideo": "https://files.catbox.moe/3zf4fv.webm",
        "LinkMp3": "https://files.catbox.moe/3wx2u9.mp3"
    },
    {
        "animeEng": "Macross Frontier",
        "animeRomaji": "Macross Frontier",
        "songName": "Aimo",
        "artist": "Megumi Nakajima",
        "type": "Insert Song",
        "correctCount": 44,
        "startTime": 40,
        "songDuration": 87.24,
        "songNumber": 50,
        "activePlayerCount": 209,
        "LinkVideo": "https://files.catbox.moe/4lbfpj.webm",
        "LinkMp3": "https://files.catbox.moe/bnhdgx.mp3"
    },
    {
        "animeEng": "Eiga Yo-kai Watch: Enma Daioh to Itsutsu no Monogatari da Nyan!",
        "animeRomaji": "Eiga Yo-kai Watch: Enma Daioh to Itsutsu no Monogatari da Nyan!",
        "songName": "Yoka Yoka Lullaby",
        "artist": "King Cream Soda, Etsuko Kozakura, Kotori Shigemoto",
        "type": "Ending 1",
        "correctCount": 2,
        "startTime": 75,
        "songDuration": 140.328,
        "songNumber": 51,
        "activePlayerCount": 209,
        "LinkVideo": "https://files.catbox.moe/a43ard.webm",
        "LinkMp3": "https://files.catbox.moe/cakyo4.mp3",
        "correctPlayers": [
            "ZeroRequiemO",
            "MilkJiang"
        ]
    },
    {
        "animeEng": "Re:CREATORS",
        "animeRomaji": "Re:CREATORS",
        "songName": "sh\u00d8ut",
        "artist": "SawanoHiroyuki[nZk]:Tielle & Gemie",
        "type": "Opening 2",
        "correctCount": 135,
        "startTime": 21,
        "songDuration": 89.472,
        "songNumber": 52,
        "activePlayerCount": 209,
        "LinkVideo": "https://files.catbox.moe/d9lbmy.webm",
        "LinkMp3": "https://files.catbox.moe/4mffdd.mp3"
    },
    {
        "animeEng": "Spelunker Sensei",
        "animeRomaji": "Spelunker Sensei",
        "songName": "Risk my life -theme of SPELUNKER is a teacher-",
        "artist": "Takenobu Mitsuyoshi",
        "type": "Opening 1",
        "correctCount": 14,
        "startTime": 48,
        "songDuration": 94.32,
        "songNumber": 53,
        "activePlayerCount": 209,
        "LinkVideo": "https://files.catbox.moe/xzrsd3.webm",
        "LinkMp3": "https://files.catbox.moe/5jpnwo.mp3"
    },
    {
        "animeEng": "Tokyo Ghoul: Pinto",
        "animeRomaji": "Tokyo Ghoul: Pinto",
        "songName": "Mun\u014d",
        "artist": "\u00f6sterreich",
        "type": "Ending 1",
        "correctCount": 164,
        "startTime": 49,
        "songDuration": 136.728,
        "songNumber": 54,
        "activePlayerCount": 209,
        "LinkVideo": "https://files.catbox.moe/lnsjkg.webm",
        "LinkMp3": "https://files.catbox.moe/sq9yg6.mp3"
    },
    {
        "animeEng": "BOFURI: I Don\u2019t Want to Get Hurt, so I\u2019ll Max Out My Defense",
        "animeRomaji": "Itai no wa Iya nano de B\u014dgyoryoku ni Kyokufuri Shitai to Omoimasu.",
        "songName": "Play the world",
        "artist": "Rico Sasaki",
        "type": "Ending 1",
        "correctCount": 71,
        "startTime": 29,
        "songDuration": 88.824,
        "songNumber": 55,
        "activePlayerCount": 208,
        "LinkVideo": "https://files.catbox.moe/fcydfc.webm",
        "LinkMp3": "https://files.catbox.moe/7h0nvg.mp3"
    },
    {
        "animeEng": "New Game!",
        "animeRomaji": "New Game!",
        "songName": "Now Loading!!!!",
        "artist": "fourfolium",
        "type": "Ending 1",
        "correctCount": 109,
        "startTime": 25,
        "songDuration": 89.184,
        "songNumber": 56,
        "activePlayerCount": 208,
        "LinkVideo": "https://files.catbox.moe/cyg6b0.webm",
        "LinkMp3": "https://files.catbox.moe/gb3tpb.mp3"
    },
    {
        "animeEng": "Galaxy Angel Rune",
        "animeRomaji": "Galaxy Angel Rune",
        "songName": "Happy Flight",
        "artist": "Maho Tomita",
        "type": "Ending 1",
        "correctCount": 2,
        "startTime": 8,
        "songDuration": 89.064,
        "songNumber": 57,
        "activePlayerCount": 208,
        "LinkVideo": "https://files.catbox.moe/959huy.webm",
        "LinkMp3": "https://files.catbox.moe/efo0eu.mp3",
        "correctPlayers": [
            "Jinbou",
            "94hrss"
        ]
    },
    {
        "animeEng": "Maken-Ki! Battling Venus",
        "animeRomaji": "Maken-Ki!",
        "songName": "Baby! Baby!",
        "artist": "Rina Satou & Rina Hidaka",
        "type": "Ending 10",
        "correctCount": 38,
        "startTime": 33,
        "songDuration": 86.112,
        "songNumber": 58,
        "activePlayerCount": 208,
        "LinkVideo": "https://files.catbox.moe/mi4age.webm",
        "LinkMp3": "https://files.catbox.moe/pkxs19.mp3"
    },
    {
        "animeEng": "Dr. Slump",
        "animeRomaji": "Dr. Slump & Arale-chan",
        "songName": "Waiwai World",
        "artist": "Ado Mizumori feat. Koorogi '73",
        "type": "Opening 1",
        "correctCount": 51,
        "startTime": 26,
        "songDuration": 69.276688,
        "songNumber": 59,
        "activePlayerCount": 208,
        "LinkVideo": "https://files.catbox.moe/seohvl.webm",
        "LinkMp3": "https://files.catbox.moe/9ci9da.mp3"
    },
    {
        "animeEng": "KIRA KIRA\u2606PRETTY CURE A LA MODE",
        "animeRomaji": "Kirakira\u2606Precure A La Mode",
        "songName": "Aozora Alright",
        "artist": "Tomo Muranaka",
        "type": "Insert Song",
        "correctCount": 8,
        "startTime": 84,
        "songDuration": 120.504,
        "songNumber": 60,
        "activePlayerCount": 206,
        "LinkVideo": "https://files.catbox.moe/nk23zc.webm",
        "LinkMp3": "https://files.catbox.moe/4y3bfa.mp3"
    },
    {
        "animeEng": "Majikoi - Oh! Samurai Girls",
        "animeRomaji": "Maji de Watashi ni Koi Shinasai!!",
        "songName": "U-n-d-e-r--STANDING!",
        "artist": "SV TRIBE",
        "type": "Opening 1",
        "correctCount": 56,
        "startTime": 14,
        "songDuration": 88.632,
        "songNumber": 61,
        "activePlayerCount": 206,
        "LinkVideo": "https://files.catbox.moe/o6msra.webm",
        "LinkMp3": "https://files.catbox.moe/swygtr.mp3"
    },
    {
        "animeEng": "Hunter X Hunter",
        "animeRomaji": "Hunter \u00d7 Hunter",
        "songName": "Ohay\u014d",
        "artist": "Keno",
        "type": "Opening 1",
        "correctCount": 105,
        "startTime": 27,
        "songDuration": 64.872,
        "songNumber": 62,
        "activePlayerCount": 206,
        "LinkVideo": "https://files.catbox.moe/0ywzpj.webm",
        "LinkMp3": "https://files.catbox.moe/o015cm.mp3"
    },
    {
        "animeEng": "Geobreeders: Breakthrough",
        "animeRomaji": "Geobreeders 2: [File-XX] Ransen Toppa",
        "songName": "Rising Soul",
        "artist": "Sara Aoki",
        "type": "Opening 1",
        "correctCount": 16,
        "startTime": 52,
        "songDuration": 89.188,
        "songNumber": 63,
        "activePlayerCount": 209,
        "LinkVideo": "https://files.catbox.moe/fmbp5h.webm"
    },
    {
        "animeEng": "Solty Rei",
        "animeRomaji": "Solty Rei",
        "songName": "clover",
        "artist": "meg rock",
        "type": "Opening 1",
        "correctCount": 15,
        "startTime": 43,
        "songDuration": 89.064,
        "songNumber": 64,
        "activePlayerCount": 209,
        "LinkVideo": "https://files.catbox.moe/eiebjv.webm",
        "LinkMp3": "https://files.catbox.moe/2a2s73.mp3"
    },
    {
        "animeEng": "Shakugan no Shana Special: Off-Campus Class on Love and Onsen!",
        "animeRomaji": "Shakugan no Shana Tokubetsuhen: Koi to Onsen no Kougai Gakushuu!",
        "songName": "Hishoku no Sora",
        "artist": "Mami Kawada",
        "type": "Opening 1",
        "correctCount": 138,
        "startTime": 34,
        "songDuration": 90.768,
        "songNumber": 65,
        "activePlayerCount": 209,
        "LinkVideo": "https://files.catbox.moe/4ssn6j.webm",
        "LinkMp3": "https://files.catbox.moe/h1vxus.mp3"
    },
    {
        "animeEng": "Inuyasha the Movie 2: The Castle Beyond the Looking Glass",
        "animeRomaji": "InuYasha: Kagami no Naka no Mugenjo",
        "songName": "Ai no Uta",
        "artist": "Every Little Thing",
        "type": "Insert Song",
        "correctCount": 5,
        "startTime": 10,
        "songDuration": 82.989594,
        "songNumber": 66,
        "activePlayerCount": 209,
        "LinkVideo": "https://files.catbox.moe/k96th5.webm",
        "LinkMp3": "https://files.catbox.moe/mdbiam.mp3",
        "correctPlayers": [
            "MIssMcPhisto",
            "ZeroRequiemO",
            "Ayame_NH",
            "OnlyHarmonie",
            "Aleister_Crowley"
        ]
    },
    {
        "animeEng": "Gegege no Kitar\u014d: Daikaij\u016b",
        "animeRomaji": "Gegege no Kitar\u014d: Daikaij\u016b",
        "songName": "Gegege no Kitar\u014d",
        "artist": "Ukadan",
        "type": "Opening 1",
        "correctCount": 186,
        "startTime": 18,
        "songDuration": 93.144,
        "songNumber": 67,
        "activePlayerCount": 206,
        "LinkVideo": "https://files.catbox.moe/0whl6d.webm",
        "LinkMp3": "https://files.catbox.moe/83f6ze.mp3"
    },
    {
        "animeEng": "Magical Girl Ore",
        "animeRomaji": "Mah\u014d Sh\u014djo Ore",
        "songName": "Love Shock!",
        "artist": "PRISMA",
        "type": "Insert Song",
        "correctCount": 25,
        "startTime": 0,
        "songDuration": 29.04,
        "songNumber": 68,
        "activePlayerCount": 206,
        "LinkVideo": "https://files.catbox.moe/uru6jn.webm",
        "LinkMp3": "https://files.catbox.moe/s3prg9.mp3"
    },
    {
        "animeEng": "Guilty Crown",
        "animeRomaji": "Guilty Crown",
        "songName": "Departures~Anata ni Okuru Ai no Uta~ -BOOM BOOM SATELLITES Remix-meteoric rain-",
        "artist": "EGOIST",
        "type": "Insert Song",
        "correctCount": 64,
        "startTime": 96,
        "songDuration": 139.224,
        "songNumber": 69,
        "activePlayerCount": 206,
        "LinkVideo": "https://files.catbox.moe/o65jqt.webm",
        "LinkMp3": "https://files.catbox.moe/wpn4ny.mp3"
    },
    {
        "animeEng": "STARMYU",
        "animeRomaji": "K\u014dk\u014d Hoshi Kageki",
        "songName": "Knock on Dream!",
        "artist": "Natsuki Hanae & Nobunaga Shimazaki",
        "type": "Insert Song",
        "correctCount": 82,
        "startTime": 42,
        "songDuration": 94.56164,
        "songNumber": 70,
        "activePlayerCount": 205,
        "LinkVideo": "https://files.catbox.moe/51gaj9.webm",
        "LinkMp3": "https://files.catbox.moe/asmb4s.mp3"
    },
    {
        "animeEng": "Hayate the Combat Butler",
        "animeRomaji": "Hayate no Gotoku!",
        "songName": "Hayate no Gotoku!",
        "artist": "KOTOKO",
        "type": "Opening 1",
        "correctCount": 63,
        "startTime": 49,
        "songDuration": 88.464,
        "songNumber": 71,
        "activePlayerCount": 205,
        "LinkVideo": "https://files.catbox.moe/adtk54.webm",
        "LinkMp3": "https://files.catbox.moe/h9kd0g.mp3"
    },
    {
        "animeEng": "Full Metal Panic? Fumoffu",
        "animeRomaji": "Full Metal Panic? Fumoffu",
        "songName": "Kimi ni Fuku Kaze",
        "artist": "Mikuni Shimokawa",
        "type": "Ending 1",
        "correctCount": 20,
        "startTime": 5,
        "songDuration": 59.52,
        "songNumber": 72,
        "activePlayerCount": 206,
        "LinkVideo": "https://files.catbox.moe/9jbz49.webm",
        "LinkMp3": "https://files.catbox.moe/kymv6v.mp3"
    },
    {
        "animeEng": "Senki Zessh\u014d Symphogear GX",
        "animeRomaji": "Senki Zessh\u014d Symphogear GX",
        "songName": "Just Loving X Edge(IGNITED arrangement)",
        "artist": "Yoshino Nanj\u014d & Ai Kayano",
        "type": "Insert Song",
        "correctCount": 51,
        "startTime": 10,
        "songDuration": 78.456,
        "songNumber": 73,
        "activePlayerCount": 205,
        "LinkVideo": "https://files.catbox.moe/cwjg90.webm",
        "LinkMp3": "https://files.catbox.moe/m8uour.mp3"
    },
    {
        "animeEng": "Honey and Clover",
        "animeRomaji": "HachiKuro",
        "songName": "Yubikiri",
        "artist": "Shikao Suga",
        "type": "Insert Song",
        "correctCount": 21,
        "startTime": 53,
        "songDuration": 102.737826,
        "songNumber": 74,
        "activePlayerCount": 206,
        "LinkVideo": "https://files.catbox.moe/6xx9y4.webm",
        "LinkMp3": "https://files.catbox.moe/4dmrjj.mp3"
    },
    {
        "animeEng": "Hetalia World Series",
        "animeRomaji": "Hetalia World Series",
        "songName": "Marukaite Chikyuu",
        "artist": "Hiroki Takahashi",
        "type": "Ending 2",
        "correctCount": 163,
        "startTime": 0,
        "songDuration": 29.52,
        "songNumber": 75,
        "activePlayerCount": 203,
        "LinkVideo": "https://files.catbox.moe/i0fvyy.webm",
        "LinkMp3": "https://files.catbox.moe/f5t2i4.mp3"
    }
]