[
    {
        "animeEng": "Generation of Chaos III: Toki no F\u016bin",
        "animeRomaji": "Generation of Chaos III: Toki no F\u016bin",
        "songName": "Wing",
        "artist": "Sae",
        "type": "Opening 1",
        "correctCount": 3,
        "startTime": 24,
        "songDuration": 91.032,
        "songNumber": 1,
        "activePlayerCount": 194,
        "LinkVideo": "https://files.catbox.moe/uax4t4.webm",
        "LinkMp3": "https://files.catbox.moe/b4ziv4.mp3",
        "correctPlayers": [
            "ShiroKuro",
            "KaedeTakagaki",
            "watashiii"
        ]
    },
    {
        "animeEng": "D.N.Angel",
        "animeRomaji": "D.N.Angel",
        "songName": "Byakuya ~True Light~",
        "artist": "Shunichi Miyamoto",
        "type": "Opening 1",
        "correctCount": 41,
        "startTime": 23,
        "songDuration": 88.944,
        "songNumber": 2,
        "activePlayerCount": 194,
        "LinkVideo": "https://files.catbox.moe/l0bwtk.webm",
        "LinkMp3": "https://files.catbox.moe/di11to.mp3"
    },
    {
        "animeEng": "A Whisker Away",
        "animeRomaji": "Nakitai Watashi wa Neko o Kaburu",
        "songName": "Usotsuki",
        "artist": "Yorushika",
        "type": "Ending 2",
        "correctCount": 63,
        "startTime": 201,
        "songDuration": 287.544,
        "songNumber": 3,
        "activePlayerCount": 194,
        "LinkVideo": "https://files.catbox.moe/1dgqi0.webm",
        "LinkMp3": "https://files.catbox.moe/6l9ctj.mp3"
    },
    {
        "animeEng": "KING's RAID: Successors of the Will",
        "animeRomaji": "King's Raid: Ishi o Tsugumono-tachi",
        "songName": "SticK Out",
        "artist": "KOTOKO",
        "type": "Ending 1",
        "correctCount": 25,
        "startTime": 50,
        "songDuration": 88.824,
        "songNumber": 4,
        "activePlayerCount": 194,
        "LinkVideo": "https://files.catbox.moe/s0j565.webm",
        "LinkMp3": "https://files.catbox.moe/592buz.mp3"
    },
    {
        "animeEng": "Gunbuster vs Diebuster Aim for the Top! The GATTAI!! Movie",
        "animeRomaji": "Top o Nerae! & Top o Nerae 2! Gattai Gekij\u014dban!!",
        "songName": "Top o Nerae! ~Fly High~",
        "artist": "Noriko Hidaka & Rei Sakuma",
        "type": "Insert Song",
        "correctCount": 37,
        "startTime": 71,
        "songDuration": 225.768,
        "songNumber": 5,
        "activePlayerCount": 192,
        "LinkVideo": "https://files.catbox.moe/trr1c2.webm",
        "LinkMp3": "https://files.catbox.moe/z3yhs1.mp3"
    },
    {
        "animeEng": "Serial Experiments Lain",
        "animeRomaji": "Serial Experiments Lain",
        "songName": "DUVET",
        "artist": "BOA",
        "type": "Opening 1",
        "correctCount": 130,
        "startTime": 7,
        "songDuration": 101.184,
        "songNumber": 6,
        "activePlayerCount": 192,
        "LinkVideo": "https://files.catbox.moe/flk2by.webm",
        "LinkMp3": "https://files.catbox.moe/o0cxhv.mp3"
    },
    {
        "animeEng": "Michiko & Hatchin",
        "animeRomaji": "Michiko to Hatchin",
        "songName": "Paraiso",
        "artist": "SOIL & \"PIMP\" SESSIONS",
        "type": "Opening 1",
        "correctCount": 59,
        "startTime": 34,
        "songDuration": 78.912,
        "songNumber": 7,
        "activePlayerCount": 191,
        "LinkVideo": "https://files.catbox.moe/a1xufs.webm",
        "LinkMp3": "https://files.catbox.moe/rhma9u.mp3"
    },
    {
        "animeEng": "Granblue Fantasy the Animation",
        "animeRomaji": "Granblue Fantasy the Animation",
        "songName": "Sora no Parade",
        "artist": "HARUHI",
        "type": "Ending 1",
        "correctCount": 31,
        "startTime": 41,
        "songDuration": 86.736,
        "songNumber": 8,
        "activePlayerCount": 191,
        "LinkVideo": "https://files.catbox.moe/gbnw70.webm",
        "LinkMp3": "https://files.catbox.moe/0f1ob0.mp3"
    },
    {
        "animeEng": "Steam Detectives",
        "animeRomaji": "Steam Detectives",
        "songName": "Oasis",
        "artist": "Elika",
        "type": "Ending 2",
        "correctCount": 3,
        "startTime": 18,
        "songDuration": 89.808,
        "songNumber": 9,
        "activePlayerCount": 191,
        "LinkVideo": "https://files.catbox.moe/7ocu84.webm",
        "LinkMp3": "https://files.catbox.moe/6cgzq2.mp3",
        "correctPlayers": [
            "Swords",
            "ozsauce",
            "FIRExxLION"
        ]
    },
    {
        "animeEng": "Love Live! The School Idol Movie",
        "animeRomaji": "Love Live! The School Idol Movie",
        "songName": "SUNNY DAY SONG",
        "artist": "\u03bc's",
        "type": "Insert Song",
        "correctCount": 59,
        "startTime": 138,
        "songDuration": 281.064,
        "songNumber": 10,
        "activePlayerCount": 190,
        "LinkVideo": "https://files.catbox.moe/vkld22.webm",
        "LinkMp3": "https://files.catbox.moe/qrimnm.mp3"
    },
    {
        "animeEng": "Sh\u014dnen Ashibe GO! GO! Goma-chan",
        "animeRomaji": "Sh\u014dnen Ashibe GO! GO! Goma-chan",
        "songName": "Hello Tomorrow",
        "artist": "Lon",
        "type": "Opening 1",
        "correctCount": 9,
        "startTime": 16,
        "songDuration": 57.259424,
        "songNumber": 11,
        "activePlayerCount": 189,
        "LinkVideo": "https://files.catbox.moe/c8tuv7.webm",
        "LinkMp3": "https://files.catbox.moe/yjvtmx.mp3"
    },
    {
        "animeEng": "F\u016bsen Inu Tinny: Nandaka Fushigi na Ky\u014dry\u016b no Kuni",
        "animeRomaji": "F\u016bsen Inu Tinny: Nandaka Fushigi na Ky\u014dry\u016b no Kuni",
        "songName": "Tinny no Uta",
        "artist": "Sumire Morohoshi",
        "type": "Opening 1",
        "correctCount": 144,
        "startTime": 0,
        "songDuration": 32.064,
        "songNumber": 12,
        "activePlayerCount": 188,
        "LinkVideo": "https://files.catbox.moe/i1mgqb.webm",
        "LinkMp3": "https://files.catbox.moe/825pr6.mp3"
    },
    {
        "animeEng": "your name.",
        "animeRomaji": "Kimi no Na wa.",
        "songName": "Zen Zen Zense movie ver.",
        "artist": "RADWIMPS",
        "type": "Insert Song",
        "correctCount": 152,
        "startTime": 17,
        "songDuration": 167.976,
        "songNumber": 13,
        "activePlayerCount": 188,
        "LinkVideo": "https://files.catbox.moe/r8w58t.webm",
        "LinkMp3": "https://files.catbox.moe/i2mpeu.mp3"
    },
    {
        "animeEng": "Saekano: How to Raise a Boring Girlfriend",
        "animeRomaji": "Saenai Heroine no Sodate-kata",
        "songName": "Kimi-iro Signal",
        "artist": "Luna Haruna",
        "type": "Opening 1",
        "correctCount": 91,
        "startTime": 48,
        "songDuration": 89.935688,
        "songNumber": 14,
        "activePlayerCount": 188,
        "LinkVideo": "https://files.catbox.moe/culbaa.webm",
        "LinkMp3": "https://files.catbox.moe/9oevw6.mp3"
    },
    {
        "animeEng": "Mad\u014d King Granzort",
        "animeRomaji": "Mad\u014d King Granzort",
        "songName": "Hikari no Senshi-tachi",
        "artist": "Kenji Suzuki",
        "type": "Opening 1",
        "correctCount": 28,
        "startTime": 21,
        "songDuration": 84.984,
        "songNumber": 15,
        "activePlayerCount": 186,
        "LinkVideo": "https://files.catbox.moe/x939rg.webm",
        "LinkMp3": "https://files.catbox.moe/4mqus2.mp3"
    },
    {
        "animeEng": "DRRR!!",
        "animeRomaji": "Durarara!!",
        "songName": "rain tears",
        "artist": "Saki Fujita",
        "type": "Insert Song",
        "correctCount": 91,
        "startTime": 0,
        "songDuration": 35.064,
        "songNumber": 16,
        "activePlayerCount": 187,
        "LinkVideo": "https://files.catbox.moe/7dgogz.webm",
        "LinkMp3": "https://files.catbox.moe/rdrist.mp3"
    },
    {
        "animeEng": "Nurse Witch Komugi",
        "animeRomaji": "Nurse Witch Komugi-chan Magikarte",
        "songName": "Nurse Witch Komugi-chan Magikarte -Ai no Medicine-",
        "artist": "Haruko Momoi",
        "type": "Opening 1",
        "correctCount": 40,
        "startTime": 45,
        "songDuration": 86.568,
        "songNumber": 17,
        "activePlayerCount": 186,
        "LinkVideo": "https://files.catbox.moe/hzuqt5.webm",
        "LinkMp3": "https://files.catbox.moe/8ri14z.mp3"
    },
    {
        "animeEng": "The IDOLM@STER",
        "animeRomaji": "The IDOLM@STER",
        "songName": "Aoi Tori",
        "artist": "Asami Imai",
        "type": "Insert Song",
        "correctCount": 58,
        "startTime": 1,
        "songDuration": 46.152,
        "songNumber": 18,
        "activePlayerCount": 186,
        "LinkVideo": "https://files.catbox.moe/49guvz.webm",
        "LinkMp3": "https://files.catbox.moe/hf7k04.mp3"
    },
    {
        "animeEng": "Myself; Yourself",
        "animeRomaji": "Myself; Yourself",
        "songName": "Kimi to Yozora to Sakamichi to",
        "artist": "Kanako It\u014d",
        "type": "Ending 1",
        "correctCount": 48,
        "startTime": 21,
        "songDuration": 89.376,
        "songNumber": 19,
        "activePlayerCount": 186,
        "LinkVideo": "https://files.catbox.moe/usf929.webm",
        "LinkMp3": "https://files.catbox.moe/uv6t8o.mp3"
    },
    {
        "animeEng": "Children of the Whales",
        "animeRomaji": "Kujira no Kora wa Saj\u014d ni Utau",
        "songName": "Sono Saki e",
        "artist": "RIRIKO",
        "type": "Opening 1",
        "correctCount": 72,
        "startTime": 39,
        "songDuration": 90.36,
        "songNumber": 20,
        "activePlayerCount": 186,
        "LinkVideo": "https://files.catbox.moe/qnim0q.webm",
        "LinkMp3": "https://files.catbox.moe/hvyi4o.mp3"
    },
    {
        "animeEng": "Banner of the Stars",
        "animeRomaji": "Seikai no Senki",
        "songName": "Seikai no Senki",
        "artist": "Katsuhisa Hattori",
        "type": "Opening 1",
        "correctCount": 15,
        "startTime": 43,
        "songDuration": 92.08005,
        "songNumber": 21,
        "activePlayerCount": 186,
        "LinkVideo": "https://files.catbox.moe/6gc5qd.webm",
        "LinkMp3": "https://files.catbox.moe/njj11f.mp3"
    },
    {
        "animeEng": "Microid S",
        "animeRomaji": "Microid S",
        "songName": "Microid S",
        "artist": "Youngsters",
        "type": "Opening 1",
        "correctCount": 5,
        "startTime": 45,
        "songDuration": 88.896,
        "songNumber": 22,
        "activePlayerCount": 185,
        "LinkVideo": "https://files.catbox.moe/ld521e.webm",
        "LinkMp3": "https://files.catbox.moe/subrrs.mp3",
        "correctPlayers": [
            "Rukawa11",
            "shadowpandax",
            "watashiii",
            "ozsauce",
            "limepacificocean"
        ]
    },
    {
        "animeEng": "Dororo and Hyakkimaru",
        "animeRomaji": "Dororo",
        "songName": "Dororo no Uta",
        "artist": "Toshiko Fujita",
        "type": "Opening 1",
        "correctCount": 109,
        "startTime": 28,
        "songDuration": 98.16,
        "songNumber": 23,
        "activePlayerCount": 185,
        "LinkVideo": "https://files.catbox.moe/4aqi1r.webm",
        "LinkMp3": "https://files.catbox.moe/b1rh0e.mp3"
    },
    {
        "animeEng": "Anju and Zushiomaru",
        "animeRomaji": "Anju to Zushio Maru",
        "songName": "Anju To Zushiomaru",
        "artist": "Ch\u00fbji Kinoshita",
        "type": "Opening 1",
        "correctCount": 4,
        "startTime": 10,
        "songDuration": 97.536,
        "songNumber": 24,
        "activePlayerCount": 185,
        "LinkVideo": "https://files.catbox.moe/542ke8.webm",
        "LinkMp3": "https://files.catbox.moe/npuy0p.mp3",
        "correctPlayers": [
            "Rukawa11",
            "kneesoxluver",
            "ozsauce",
            "limepacificocean"
        ]
    },
    {
        "animeEng": "PriPara",
        "animeRomaji": "PriPara",
        "songName": "Lucky! Surprise\u2606Birthday",
        "artist": "SoLaMiDressing",
        "type": "Insert Song",
        "correctCount": 35,
        "startTime": 56,
        "songDuration": 114.12,
        "songNumber": 25,
        "activePlayerCount": 185,
        "LinkVideo": "https://files.catbox.moe/cwruws.webm",
        "LinkMp3": "https://files.catbox.moe/o8v2vs.mp3"
    },
    {
        "animeEng": "Nono-chan",
        "animeRomaji": "Nono-chan",
        "songName": "Uruwashi no Uta",
        "artist": "Ikue Ootani",
        "type": "Opening 1",
        "correctCount": 2,
        "startTime": 25,
        "songDuration": 88.584,
        "songNumber": 26,
        "activePlayerCount": 185,
        "LinkVideo": "https://files.catbox.moe/6sp81z.webm",
        "LinkMp3": "https://files.catbox.moe/uma7mj.mp3",
        "correctPlayers": [
            "Qp",
            "Grinralt"
        ]
    },
    {
        "animeEng": "Gegege no Kitar\u014d: Obake Nighter",
        "animeRomaji": "Gegege no Kitar\u014d: Obake Nighter",
        "songName": "Gegege no Kitar\u014d",
        "artist": "Ukadan",
        "type": "Opening 1",
        "correctCount": 168,
        "startTime": 8,
        "songDuration": 93.552,
        "songNumber": 27,
        "activePlayerCount": 185,
        "LinkVideo": "https://files.catbox.moe/70819d.webm",
        "LinkMp3": "https://files.catbox.moe/uzpupd.mp3"
    },
    {
        "animeEng": "Encouragement of Climb Season 2",
        "animeRomaji": "Yama no Susume Second Season",
        "songName": "Staccato Days",
        "artist": "Yuka Iguchi & Kana Asumi",
        "type": "Ending 2",
        "correctCount": 86,
        "startTime": 21,
        "songDuration": 87.072,
        "songNumber": 28,
        "activePlayerCount": 185,
        "LinkVideo": "https://files.catbox.moe/r23amv.webm",
        "LinkMp3": "https://files.catbox.moe/pdi96x.mp3"
    },
    {
        "animeEng": "Battle of the Planets",
        "animeRomaji": "Gatchaman",
        "songName": "Taose! Galactor",
        "artist": "Columbia Yurikago-kai",
        "type": "Opening 1",
        "correctCount": 97,
        "startTime": 37,
        "songDuration": 85.224,
        "songNumber": 29,
        "activePlayerCount": 185,
        "LinkVideo": "https://files.catbox.moe/y0ea6d.webm",
        "LinkMp3": "https://files.catbox.moe/lr8uyb.mp3"
    },
    {
        "animeEng": "Koyomimonogatari",
        "animeRomaji": "Koyomimonogatari",
        "songName": "Orange Mint",
        "artist": "Saori Hayami",
        "type": "Opening 10",
        "correctCount": 131,
        "startTime": 41,
        "songDuration": 89.472,
        "songNumber": 30,
        "activePlayerCount": 185,
        "LinkVideo": "https://files.catbox.moe/7zhp2q.webm",
        "LinkMp3": "https://files.catbox.moe/1c5x6h.mp3"
    },
    {
        "animeEng": "SHIMONETA: A Boring World Where the Concept of Dirty Jokes Doesn\u2019t Exist",
        "animeRomaji": "Shimoneta to Iu Gainen ga Sonzai Shinai Taikutsu na Sekai",
        "songName": "Inner Urge",
        "artist": "Sumire Uesaka",
        "type": "Ending 1",
        "correctCount": 130,
        "startTime": 20,
        "songDuration": 88.656,
        "songNumber": 31,
        "activePlayerCount": 185,
        "LinkVideo": "https://files.catbox.moe/b54fsn.webm",
        "LinkMp3": "https://files.catbox.moe/87tgma.mp3"
    },
    {
        "animeEng": "Eden of the East",
        "animeRomaji": "Higashi no Eden",
        "songName": "Reveal the World",
        "artist": "BRENDA VAUGHN",
        "type": "Insert Song",
        "correctCount": 40,
        "startTime": 201,
        "songDuration": 267.332548,
        "songNumber": 32,
        "activePlayerCount": 185,
        "LinkVideo": "https://files.catbox.moe/xa1xky.webm",
        "LinkMp3": "https://files.catbox.moe/zvveto.mp3"
    },
    {
        "animeEng": "Captain Tsubasa",
        "animeRomaji": "Captain Tsubasa",
        "songName": "Moete Hero",
        "artist": "Ayaka Fukuhara",
        "type": "Ending 4",
        "correctCount": 94,
        "startTime": 52,
        "songDuration": 89.023776,
        "songNumber": 33,
        "activePlayerCount": 184,
        "LinkVideo": "https://files.catbox.moe/cx7lc0.webm",
        "LinkMp3": "https://files.catbox.moe/mq9vwf.mp3"
    },
    {
        "animeEng": "revisions",
        "animeRomaji": "revisions",
        "songName": "Curtain Call",
        "artist": "WEAVER",
        "type": "Ending 1",
        "correctCount": 18,
        "startTime": 31,
        "songDuration": 89.023776,
        "songNumber": 34,
        "activePlayerCount": 185,
        "LinkVideo": "https://files.catbox.moe/84dwtn.webm",
        "LinkMp3": "https://files.catbox.moe/dmakcy.mp3"
    },
    {
        "animeEng": "Gamers!",
        "animeRomaji": "Gamers!",
        "songName": "GAMERS!",
        "artist": "Hisako Kanemoto, Manaka Iwami, Rumi Ookubo",
        "type": "Opening 1",
        "correctCount": 150,
        "startTime": 47,
        "songDuration": 89.83125,
        "songNumber": 35,
        "activePlayerCount": 184,
        "LinkVideo": "https://files.catbox.moe/jruegx.webm",
        "LinkMp3": "https://files.catbox.moe/tednuz.mp3"
    },
    {
        "animeEng": "Beatless",
        "animeRomaji": "Beatless",
        "songName": "Error",
        "artist": "GARNiDELiA",
        "type": "Opening 1",
        "correctCount": 79,
        "startTime": 35,
        "songDuration": 88.057262,
        "songNumber": 36,
        "activePlayerCount": 184,
        "LinkVideo": "https://files.catbox.moe/e6s4tn.webm",
        "LinkMp3": "https://files.catbox.moe/206u9z.mp3"
    },
    {
        "animeEng": "Boogiepop and Others",
        "animeRomaji": "Boogiepop wa Warawanai",
        "songName": "Whiteout",
        "artist": "Riko Azuna",
        "type": "Ending 1",
        "correctCount": 53,
        "startTime": 25,
        "songDuration": 90.042534,
        "songNumber": 37,
        "activePlayerCount": 183,
        "LinkVideo": "https://files.catbox.moe/54idyi.webm",
        "LinkMp3": "https://files.catbox.moe/cj7iz2.mp3"
    },
    {
        "animeEng": "No-Rin",
        "animeRomaji": "No-Rin",
        "songName": "Himitsu no Tobira Kara Ai ni Kite",
        "artist": "Yukari Tamura",
        "type": "Opening 2",
        "correctCount": 51,
        "startTime": 38,
        "songDuration": 88.104,
        "songNumber": 38,
        "activePlayerCount": 182,
        "LinkVideo": "https://files.catbox.moe/i08ewe.webm",
        "LinkMp3": "https://files.catbox.moe/6juu3i.mp3"
    },
    {
        "animeEng": "NEEDLESS",
        "animeRomaji": "NEEDLESS",
        "songName": "modern strange cowboy",
        "artist": "GRANRODEO",
        "type": "Opening 1",
        "correctCount": 43,
        "startTime": 50,
        "songDuration": 88.584,
        "songNumber": 39,
        "activePlayerCount": 183,
        "LinkVideo": "https://files.catbox.moe/64nngc.webm",
        "LinkMp3": "https://files.catbox.moe/xyxm5c.mp3"
    },
    {
        "animeEng": "Araiso Private High School Student Council Executive Committee",
        "animeRomaji": "Shiritsu Araiso Koutougakkou Seitokai Shikkoubu",
        "songName": "Moment",
        "artist": "Toshiyuki Morikawa\u30fbHideo Ishikawa",
        "type": "Ending 1",
        "correctCount": 1,
        "startTime": 19,
        "songDuration": 97.728,
        "songNumber": 40,
        "activePlayerCount": 183,
        "LinkVideo": "https://files.catbox.moe/m6k3va.webm",
        "LinkMp3": "https://files.catbox.moe/fwqn2r.mp3",
        "correctPlayers": [
            "Elly"
        ]
    },
    {
        "animeEng": "Code Geass: Lelouch of the Rebellion R2",
        "animeRomaji": "Code Geass: Hangyaku no Lelouch R2",
        "songName": "O2",
        "artist": "ORANGE RANGE",
        "type": "Opening 1",
        "correctCount": 99,
        "startTime": 21,
        "songDuration": 88.55358,
        "songNumber": 41,
        "activePlayerCount": 183,
        "LinkVideo": "https://files.catbox.moe/c6vhnz.webm",
        "LinkMp3": "https://files.catbox.moe/fi44mn.mp3"
    },
    {
        "animeEng": "Sword Art Online II",
        "animeRomaji": "Sword Art Online II",
        "songName": "IGNITE",
        "artist": "Eir Aoi",
        "type": "Opening 1",
        "correctCount": 119,
        "startTime": 22,
        "songDuration": 90.048,
        "songNumber": 42,
        "activePlayerCount": 182,
        "LinkVideo": "https://files.catbox.moe/n8h0fu.webm",
        "LinkMp3": "https://files.catbox.moe/cxfn2h.mp3"
    },
    {
        "animeEng": "Isabelle of Paris",
        "animeRomaji": "Paris no Isabelle",
        "songName": "Fantaisie-Impromptu in C minor",
        "artist": "Fr\u00e9d\u00e9ric Chopin",
        "type": "Opening 2",
        "correctCount": 25,
        "startTime": 14,
        "songDuration": 70.032,
        "songNumber": 43,
        "activePlayerCount": 182,
        "LinkVideo": "https://files.catbox.moe/vufi0l.webm",
        "LinkMp3": "https://files.catbox.moe/qdnigx.mp3"
    },
    {
        "animeEng": "Eiga Precure All Stars: Haru no Carnival",
        "animeRomaji": "Eiga Precure All Stars: Haru no Carnival",
        "songName": "Yay! Yay! Yay!",
        "artist": "Hitomi Yoshida",
        "type": "Insert Song",
        "correctCount": 40,
        "startTime": 42,
        "songDuration": 89.064,
        "songNumber": 44,
        "activePlayerCount": 182,
        "LinkVideo": "https://files.catbox.moe/kjqvw3.webm",
        "LinkMp3": "https://files.catbox.moe/325uz4.mp3"
    },
    {
        "animeEng": "A Certain Magical Index III",
        "animeRomaji": "Toaru Majutsu no Index III",
        "songName": "ROAR",
        "artist": "Maon Kurosaki",
        "type": "Opening 2",
        "correctCount": 49,
        "startTime": 26,
        "songDuration": 89.72907,
        "songNumber": 45,
        "activePlayerCount": 182,
        "LinkVideo": "https://files.catbox.moe/1syhzh.webm",
        "LinkMp3": "https://files.catbox.moe/zhosa4.mp3"
    },
    {
        "animeEng": "King of Prism: Shiny Seven Stars",
        "animeRomaji": "King of Prism: Shiny Seven Stars",
        "songName": "Silver and Gold dance",
        "artist": "Shunsuke Takeuchi",
        "type": "Ending 8",
        "correctCount": 14,
        "startTime": 12,
        "songDuration": 115.704,
        "songNumber": 46,
        "activePlayerCount": 182,
        "LinkVideo": "https://files.catbox.moe/vv3ui6.webm",
        "LinkMp3": "https://files.catbox.moe/emo17a.mp3"
    },
    {
        "animeEng": "Fate/kaleid liner Prisma\u2606Illya",
        "animeRomaji": "Fate/kaleid liner Prisma\u2606Illya",
        "songName": "Tsunagu Kizuna\u30fbTsutsumu Kodoku",
        "artist": "StylipS",
        "type": "Ending 2",
        "correctCount": 29,
        "startTime": 49,
        "songDuration": 89.568,
        "songNumber": 47,
        "activePlayerCount": 182,
        "LinkVideo": "https://files.catbox.moe/d5s57l.webm",
        "LinkMp3": "https://files.catbox.moe/aulpr4.mp3"
    },
    {
        "animeEng": "Akikan!",
        "animeRomaji": "Akikan!",
        "songName": "Koisora Recycling featuring Recycling",
        "artist": "nomico",
        "type": "Ending 1",
        "correctCount": 10,
        "startTime": 11,
        "songDuration": 104.256,
        "songNumber": 48,
        "activePlayerCount": 182,
        "LinkVideo": "https://files.catbox.moe/p3u3yl.webm",
        "LinkMp3": "https://files.catbox.moe/583j6a.mp3"
    },
    {
        "animeEng": "Masamune Datenicle",
        "animeRomaji": "Masamune Datenicle",
        "songName": "Mikazuki Resize",
        "artist": "Amatsuki",
        "type": "Opening 1",
        "correctCount": 5,
        "startTime": 29,
        "songDuration": 87.144,
        "songNumber": 49,
        "activePlayerCount": 182,
        "LinkVideo": "https://files.catbox.moe/2hq643.webm",
        "LinkMp3": "https://files.catbox.moe/gbtuwm.mp3",
        "correctPlayers": [
            "Nazemeiyue",
            "Rukawa11",
            "shadowpandax",
            "ki_mera",
            "ozsauce"
        ]
    },
    {
        "animeEng": "Lupin III: The Elusive Mist",
        "animeRomaji": "Lupin III: Elusiveness of the Fog",
        "songName": "Lupin III Ai no Theme",
        "artist": "Miki Imai",
        "type": "Ending 1",
        "correctCount": 4,
        "startTime": 94,
        "songDuration": 141.072,
        "songNumber": 50,
        "activePlayerCount": 182,
        "LinkVideo": "https://files.catbox.moe/c2gvat.webm",
        "LinkMp3": "https://files.catbox.moe/awnzvo.mp3",
        "correctPlayers": [
            "Matthias",
            "Nazemeiyue",
            "ShiroKuro",
            "Steelrocket"
        ]
    },
    {
        "animeEng": "Battle Girl High School",
        "animeRomaji": "Battle Girl High School",
        "songName": "Cat-Cat Romance",
        "artist": "f*f",
        "type": "Insert Song",
        "correctCount": 25,
        "startTime": 15,
        "songDuration": 53.976,
        "songNumber": 51,
        "activePlayerCount": 181,
        "LinkVideo": "https://files.catbox.moe/5bho85.webm",
        "LinkMp3": "https://files.catbox.moe/ufbe4r.mp3"
    },
    {
        "animeEng": "Armored Trooper Votoms: Phantom Arc",
        "animeRomaji": "S\u014dk\u014d Kihei VOTOMS: Gen-ei-hen",
        "songName": "Hon\u014d no Sadame",
        "artist": "Tetsuro Oda",
        "type": "Opening 1",
        "correctCount": 84,
        "startTime": 48,
        "songDuration": 87.822164,
        "songNumber": 52,
        "activePlayerCount": 181,
        "LinkVideo": "https://files.catbox.moe/fuf5k1.webm",
        "LinkMp3": "https://files.catbox.moe/gus0yw.mp3"
    },
    {
        "animeEng": "Moetan",
        "animeRomaji": "Moetan",
        "songName": "TOUGH GIRL",
        "artist": "Eri Nakao & Marina Inoue",
        "type": "Opening 2",
        "correctCount": 8,
        "startTime": 46,
        "songDuration": 89.016,
        "songNumber": 53,
        "activePlayerCount": 181,
        "LinkVideo": "https://files.catbox.moe/lfldll.webm",
        "LinkMp3": "https://files.catbox.moe/0qsopg.mp3"
    },
    {
        "animeEng": "Shinesman",
        "animeRomaji": "Tokumu Sentai Shinesman",
        "songName": "SHINE! Shinesman ~YOURE THE HERO~",
        "artist": "Hironobu Kageyama",
        "type": "Opening 1",
        "correctCount": 69,
        "startTime": 26,
        "songDuration": 100.608,
        "songNumber": 54,
        "activePlayerCount": 181,
        "LinkVideo": "https://files.catbox.moe/iixo90.webm",
        "LinkMp3": "https://files.catbox.moe/a4sa8z.mp3"
    },
    {
        "animeEng": "To Love-Ru Darkness",
        "animeRomaji": "To Love-Ru Darkness",
        "songName": "Rakuen PROJECT",
        "artist": "Ray",
        "type": "Opening 1",
        "correctCount": 85,
        "startTime": 27,
        "songDuration": 90.121438,
        "songNumber": 55,
        "activePlayerCount": 181,
        "LinkVideo": "https://files.catbox.moe/r706tc.webm",
        "LinkMp3": "https://files.catbox.moe/jwvtnc.mp3"
    },
    {
        "animeEng": "Digimon Universe: Appli Monsters",
        "animeRomaji": "Digimon Universe: Appli Monsters",
        "songName": "brave heart",
        "artist": "Ayumi Miyazaki",
        "type": "Insert Song",
        "correctCount": 93,
        "startTime": 65,
        "songDuration": 163.056,
        "songNumber": 56,
        "activePlayerCount": 181,
        "LinkVideo": "https://files.catbox.moe/gteymk.webm",
        "LinkMp3": "https://files.catbox.moe/qi5hk3.mp3"
    },
    {
        "animeEng": "Tiger Mask",
        "animeRomaji": "Tiger Mask",
        "songName": "Minashigo no Ballad",
        "artist": "Hideyo Morimoto",
        "type": "Ending 1",
        "correctCount": 6,
        "startTime": 32,
        "songDuration": 77.808,
        "songNumber": 57,
        "activePlayerCount": 181,
        "LinkVideo": "https://files.catbox.moe/ae6c8t.webm",
        "LinkMp3": "https://files.catbox.moe/g22m80.mp3"
    },
    {
        "animeEng": "Fake",
        "animeRomaji": "Fake",
        "songName": "Everybody! Shake It, Buddy!",
        "artist": "KIX S",
        "type": "Opening 1",
        "correctCount": 13,
        "startTime": 77,
        "songDuration": 114.048,
        "songNumber": 58,
        "activePlayerCount": 180,
        "LinkVideo": "https://files.catbox.moe/sxkhw2.webm",
        "LinkMp3": "https://files.catbox.moe/jr1h5h.mp3"
    },
    {
        "animeEng": "Augmented Reality Girls Trinary",
        "animeRomaji": "Kakuch\u014d Sh\u014djo-kei Trinary",
        "songName": "Wishreal ~Daiissh\u014d Elkador~ (from.wishreal)",
        "artist": "FreyMENOW",
        "type": "Insert Song",
        "correctCount": 7,
        "startTime": 0,
        "songDuration": 28.752,
        "songNumber": 59,
        "activePlayerCount": 180,
        "LinkVideo": "https://files.catbox.moe/dciu9f.webm",
        "LinkMp3": "https://files.catbox.moe/67m4z0.mp3"
    },
    {
        "animeEng": "Dorohedoro",
        "animeRomaji": "Dorohedoro",
        "songName": "404",
        "artist": "(K)NoW_NAME:NIKIIE & AIJ",
        "type": "Ending 6",
        "correctCount": 46,
        "startTime": 41,
        "songDuration": 87.696,
        "songNumber": 60,
        "activePlayerCount": 180,
        "LinkVideo": "https://files.catbox.moe/s8yxbo.webm",
        "LinkMp3": "https://files.catbox.moe/rvahm8.mp3"
    },
    {
        "animeEng": "Haku\u014dki: A Memory of Snow Flowers",
        "animeRomaji": "Haku\u014dki Sekkaroku",
        "songName": "Hiyoku-Contract with you-",
        "artist": "Maon Kurosaki",
        "type": "Ending 6",
        "correctCount": 3,
        "startTime": 25,
        "songDuration": 88.296,
        "songNumber": 61,
        "activePlayerCount": 180,
        "LinkVideo": "https://files.catbox.moe/w8p5ld.webm",
        "LinkMp3": "https://files.catbox.moe/fl1hzb.mp3",
        "correctPlayers": [
            "anonimus_opinion",
            "Kumatama",
            "shadowpandax"
        ]
    },
    {
        "animeEng": "Kengan Ashura",
        "animeRomaji": "Kengan Ashura",
        "songName": "The Animal Fighter",
        "artist": "Kenji Fujisawa",
        "type": "Insert Song",
        "correctCount": 18,
        "startTime": 1,
        "songDuration": 53.784,
        "songNumber": 62,
        "activePlayerCount": 179,
        "LinkVideo": "https://files.catbox.moe/4rnxad.webm",
        "LinkMp3": "https://files.catbox.moe/3qbr27.mp3"
    },
    {
        "animeEng": "Knights of Sidonia",
        "animeRomaji": "Sidonia no Kishi",
        "songName": "Sidonia",
        "artist": "angela",
        "type": "Opening 1",
        "correctCount": 134,
        "startTime": 43,
        "songDuration": 89.928,
        "songNumber": 63,
        "activePlayerCount": 178,
        "LinkVideo": "https://files.catbox.moe/rzexx0.webm",
        "LinkMp3": "https://files.catbox.moe/jj7f49.mp3"
    },
    {
        "animeEng": "The Everyday Tales of a Cat God",
        "animeRomaji": "Nekogami Yaoyorozu",
        "songName": "Yaoyorozu Ondo",
        "artist": "Haruka Tomatsu & Yuuko Sanpei",
        "type": "Ending 2",
        "correctCount": 8,
        "startTime": 28,
        "songDuration": 89.064,
        "songNumber": 64,
        "activePlayerCount": 180,
        "LinkVideo": "https://files.catbox.moe/lutatw.webm",
        "LinkMp3": "https://files.catbox.moe/igjrc5.mp3"
    },
    {
        "animeEng": "Seikimatsu Darling",
        "animeRomaji": "Seikimatsu Darling",
        "songName": "Love Fight",
        "artist": "Yasunori Matsumoto & Kazuhiko Inoue",
        "type": "Ending 1",
        "correctCount": 1,
        "startTime": 10,
        "songDuration": 135.991132,
        "songNumber": 65,
        "activePlayerCount": 180,
        "LinkVideo": "https://files.catbox.moe/tzjh4a.webm",
        "LinkMp3": "https://files.catbox.moe/220aj1.mp3",
        "correctPlayers": [
            "Rukawa11"
        ]
    },
    {
        "animeEng": "Teeky\u016b",
        "animeRomaji": "Teeky\u016b",
        "songName": "Nihongo Wakarimasen",
        "artist": "Yui Ogura",
        "type": "Opening 2",
        "correctCount": 74,
        "startTime": 0,
        "songDuration": 28.60359,
        "songNumber": 66,
        "activePlayerCount": 180,
        "LinkVideo": "https://files.catbox.moe/8lr2fc.webm",
        "LinkMp3": "https://files.catbox.moe/whz6tn.mp3"
    },
    {
        "animeEng": "Spooky Kitaro",
        "animeRomaji": "Gegege no Kitar\u014d",
        "songName": "Gegege no Kitaro",
        "artist": "Shigeru Izumiya",
        "type": "Opening 1",
        "correctCount": 135,
        "startTime": 0,
        "songDuration": 61.512,
        "songNumber": 67,
        "activePlayerCount": 179,
        "LinkVideo": "https://files.catbox.moe/6atpi1.webm",
        "LinkMp3": "https://files.catbox.moe/p6b51s.mp3"
    },
    {
        "animeEng": "Tiger Mask",
        "animeRomaji": "Tiger Mask",
        "songName": "Yuke! Tiger Mask",
        "artist": "Hideyo Morimoto",
        "type": "Opening 1",
        "correctCount": 40,
        "startTime": 44,
        "songDuration": 88.776,
        "songNumber": 68,
        "activePlayerCount": 178,
        "LinkVideo": "https://files.catbox.moe/ql0ro5.webm",
        "LinkMp3": "https://files.catbox.moe/p3j985.mp3"
    },
    {
        "animeEng": "Tentai Senshi Sunred",
        "animeRomaji": "Tentai Senshi Sunred",
        "songName": "Zoku Mizonokuchi Taiy\u014d-zoku",
        "artist": "manzo",
        "type": "Opening 1",
        "correctCount": 7,
        "startTime": 3,
        "songDuration": 89.128264,
        "songNumber": 69,
        "activePlayerCount": 178,
        "LinkVideo": "https://files.catbox.moe/z7wedr.webm",
        "LinkMp3": "https://files.catbox.moe/r338po.mp3"
    },
    {
        "animeEng": "Music Girls",
        "animeRomaji": "Ongaku Sh\u014djo",
        "songName": "Fly Girl",
        "artist": "Miho Okasaki",
        "type": "Insert Song",
        "correctCount": 6,
        "startTime": 4,
        "songDuration": 66.066875,
        "songNumber": 70,
        "activePlayerCount": 178,
        "LinkVideo": "https://files.catbox.moe/6pt6s3.webm",
        "LinkMp3": "https://files.catbox.moe/mglbdh.mp3"
    },
    {
        "animeEng": "African Salaryman",
        "animeRomaji": "Africa no Salaryman",
        "songName": "White-Collar Elegy",
        "artist": "Akio Ohtsuka",
        "type": "Ending 1",
        "correctCount": 39,
        "startTime": 21,
        "songDuration": 87.888,
        "songNumber": 71,
        "activePlayerCount": 178,
        "LinkVideo": "https://files.catbox.moe/6jnv42.webm",
        "LinkMp3": "https://files.catbox.moe/wvz5fw.mp3"
    },
    {
        "animeEng": "Outburst Dreamer Boys",
        "animeRomaji": "Ch\u016bby\u014d Gekihatsu Boy",
        "songName": "Ch\u016bby\u014d Gekihatsu Boy",
        "artist": "Minakami Koukou Hero-bu",
        "type": "Opening 1",
        "correctCount": 36,
        "startTime": 8,
        "songDuration": 87.696,
        "songNumber": 72,
        "activePlayerCount": 178,
        "LinkVideo": "https://files.catbox.moe/la9rt3.webm",
        "LinkMp3": "https://files.catbox.moe/klcbds.mp3"
    },
    {
        "animeEng": "Gakusaver",
        "animeRomaji": "Ryuseiki Gakusaver",
        "songName": "Kurenai no Ryuuseiki",
        "artist": "Hironobu Kageyama",
        "type": "Opening 1",
        "correctCount": 7,
        "startTime": 18,
        "songDuration": 88.109506,
        "songNumber": 73,
        "activePlayerCount": 178,
        "LinkVideo": "https://files.catbox.moe/kmwe41.webm",
        "LinkMp3": "https://files.catbox.moe/zwugg7.mp3"
    },
    {
        "animeEng": "Ken the Wolf Boy",
        "animeRomaji": "\u014ckami Sh\u014dnen Ken",
        "songName": "\u014ckami Sh\u014dnen Ken",
        "artist": "Nishirokug\u014d Sh\u014dnen Sh\u014djo Gassh\u014d-dan",
        "type": "Opening 1",
        "correctCount": 13,
        "startTime": 47,
        "songDuration": 90.456,
        "songNumber": 74,
        "activePlayerCount": 178,
        "LinkVideo": "https://files.catbox.moe/0dexps.webm",
        "LinkMp3": "https://files.catbox.moe/tezzlg.mp3"
    },
    {
        "animeEng": "Whisper of the Heart",
        "animeRomaji": "Mimi o Sumaseba",
        "songName": "Country Road",
        "artist": "Y\u014dko Honna",
        "type": "Ending 1",
        "correctCount": 120,
        "startTime": 183,
        "songDuration": 228.048,
        "songNumber": 75,
        "activePlayerCount": 177,
        "LinkVideo": "https://files.catbox.moe/3vy7ta.webm",
        "LinkMp3": "https://files.catbox.moe/k7qyll.mp3"
    }
]