[
    {
        "animeEng": "Your Lie in April",
        "animeRomaji": "KimiUso",
        "songName": "Nana-iro Symphony",
        "artist": "Coala mode.",
        "type": "Opening 2",
        "correctCount": 87,
        "startTime": 34,
        "songDuration": 90.048,
        "songNumber": 1,
        "activePlayerCount": 138,
        "LinkVideo": "https://files.catbox.moe/aus53n.webm",
        "LinkMp3": "https://files.catbox.moe/a6venr.mp3",
        "annId": 16108,
        "songDifficulty": 43.565618380795485,
        "vintage": "Fall 2014"
    },
    {
        "animeEng": "Chivalry of a Failed Knight",
        "animeRomaji": "Rakudai Kishi no Cavalry",
        "songName": "Identity",
        "artist": "Mikio Sakai",
        "type": "Opening 1",
        "correctCount": 106,
        "startTime": 34,
        "songDuration": 90.014094,
        "songNumber": 2,
        "activePlayerCount": 149,
        "LinkVideo": "https://files.catbox.moe/veb0h2.webm",
        "LinkMp3": "https://files.catbox.moe/ltv49r.mp3",
        "annId": 17062,
        "songDifficulty": 44.33400479833416,
        "vintage": "Fall 2015"
    },
    {
        "animeEng": "Ch\u00e4os;Child Silent Sky",
        "animeRomaji": "Ch\u00e4os;Child Silent Sky",
        "songName": "silent wind bell",
        "artist": "Kanako Itou",
        "type": "Ending 1",
        "correctCount": 13,
        "startTime": 186,
        "songDuration": 318.648,
        "songNumber": 3,
        "activePlayerCount": 152,
        "LinkVideo": "https://files.catbox.moe/goeebp.webm",
        "LinkMp3": "https://files.catbox.moe/tmzw19.mp3",
        "annId": 22096,
        "songDifficulty": 16.633475897823953,
        "vintage": "Spring 2017"
    },
    {
        "animeEng": "STARMYU",
        "animeRomaji": "Koukou Hoshi Kageki",
        "songName": "C\u2606ngratulations! ~team Hiiragi Ver.~",
        "artist": "team Hiiragi",
        "type": "Ending 1",
        "correctCount": 73,
        "startTime": 28,
        "songDuration": 88.968,
        "songNumber": 4,
        "activePlayerCount": 155,
        "LinkVideo": "https://files.catbox.moe/jrzqvx.webm",
        "LinkMp3": "https://files.catbox.moe/x2josz.mp3",
        "annId": 18192,
        "songDifficulty": 37.89668838291952,
        "vintage": "Summer 2016"
    },
    {
        "animeEng": "Sing \"Yesterday\" For Me",
        "animeRomaji": "Yesterday o Utatte",
        "songName": "Yesterday o Utatte",
        "artist": "agehasprings feat. Annyyy (TaNaBaTa)",
        "type": "Ending 3",
        "correctCount": 89,
        "startTime": 50,
        "songDuration": 89.616,
        "songNumber": 5,
        "activePlayerCount": 155,
        "LinkVideo": "https://files.catbox.moe/g55znm.webm",
        "LinkMp3": "https://files.catbox.moe/g0s4uo.mp3",
        "annId": 22975,
        "songDifficulty": 45.96470824228353,
        "vintage": "Spring 2020"
    },
    {
        "animeEng": "Dragon Ball Z",
        "animeRomaji": "Dragon Ball Z",
        "songName": "WE GOTTA POWER",
        "artist": "Hironobu Kageyama",
        "type": "Opening 2",
        "correctCount": 121,
        "startTime": 51,
        "songDuration": 106.551638,
        "songNumber": 6,
        "activePlayerCount": 153,
        "LinkVideo": "https://files.catbox.moe/g6l594.webm",
        "LinkMp3": "https://files.catbox.moe/mpznc0.mp3",
        "annId": 244,
        "songDifficulty": 53.73964257279345,
        "vintage": "Spring 1989"
    },
    {
        "animeEng": "The Disastrous Life of Saiki K.",
        "animeRomaji": "Saiki Kusuo no Psi Nan",
        "songName": "\u03a8 desu I LIKE YOU",
        "artist": "Dempagumi.inc",
        "type": "Ending 1",
        "correctCount": 109,
        "startTime": 9,
        "songDuration": 88.968,
        "songNumber": 7,
        "activePlayerCount": 156,
        "LinkVideo": "https://files.catbox.moe/3x2rfd.webm",
        "LinkMp3": "https://files.catbox.moe/oq3yfa.mp3",
        "annId": 18401,
        "songDifficulty": 35.06056754704038,
        "vintage": "Summer 2016"
    },
    {
        "animeEng": "Kaguya-sama: Love is War",
        "animeRomaji": "Kaguya-sama wa Kokurasetai: Tensai-tachi no Renai Zunousen",
        "songName": "Sentimental Crisis",
        "artist": "halca",
        "type": "Ending 1",
        "correctCount": 84,
        "startTime": 5,
        "songDuration": 88.776,
        "songNumber": 8,
        "activePlayerCount": 155,
        "LinkVideo": "https://files.catbox.moe/96clqj.webm",
        "LinkMp3": "https://files.catbox.moe/8zi2q4.mp3",
        "annId": 21401,
        "songDifficulty": 28.038932419196865,
        "vintage": "Winter 2019"
    },
    {
        "animeEng": "Dead Leaves",
        "animeRomaji": "Dead Leaves",
        "songName": "The Moon",
        "artist": "DJ SHINKAWA vs Future Breeze",
        "type": "Ending 1",
        "correctCount": 19,
        "startTime": 33,
        "songDuration": 361.248,
        "songNumber": 9,
        "activePlayerCount": 156,
        "LinkVideo": "https://files.catbox.moe/o0hybc.webm",
        "LinkMp3": "https://files.catbox.moe/psueu5.mp3",
        "annId": 2021,
        "songDifficulty": 13.058785457739093,
        "vintage": "Winter 2004"
    },
    {
        "animeEng": "Haitai Nanafa",
        "animeRomaji": "Haitai Nanafa",
        "songName": "Yuimaru\u2606World",
        "artist": "Rie Ayase",
        "type": "Ending 1",
        "correctCount": 65,
        "startTime": 4,
        "songDuration": 43.056,
        "songNumber": 10,
        "activePlayerCount": 156,
        "LinkVideo": "https://files.catbox.moe/h5tfcl.webm",
        "LinkMp3": "https://files.catbox.moe/1uoemh.mp3",
        "annId": 14638,
        "songDifficulty": 33.613305715031316,
        "vintage": "Fall 2012"
    },
    {
        "animeEng": "Star Blazers: Space Battleship Yamato 2202",
        "animeRomaji": "Uchuu Senkan Yamato 2202: Ai no Senshi-tachi",
        "songName": "Uchuu Senkan Yamato 2202",
        "artist": "Isao Sasaki",
        "type": "Opening 2",
        "correctCount": 5,
        "startTime": 5,
        "songDuration": 81.048,
        "songNumber": 11,
        "activePlayerCount": 157,
        "LinkVideo": "https://files.catbox.moe/6nkm2v.webm",
        "LinkMp3": "https://files.catbox.moe/qv3hs2.mp3",
        "annId": 18939,
        "songDifficulty": 19.407330383098007,
        "vintage": "Winter 2017",
        "correctPlayers": [
            "revel_",
            "Tsukona",
            "Rukawa11",
            "SrueyaF",
            "Pratasz"
        ]
    },
    {
        "animeEng": "A Certain Magical Index III",
        "animeRomaji": "Toaru Majutsu no Index III",
        "songName": "Kakumei Zenya",
        "artist": "Yuka Iguchi",
        "type": "Ending 1",
        "correctCount": 15,
        "startTime": 11,
        "songDuration": 89.184,
        "songNumber": 12,
        "activePlayerCount": 157,
        "LinkVideo": "https://files.catbox.moe/bk103n.webm",
        "LinkMp3": "https://files.catbox.moe/q4flza.mp3",
        "annId": 21108,
        "songDifficulty": 15.110416107832618,
        "vintage": "Fall 2018"
    },
    {
        "animeEng": "Spiritpact",
        "animeRomaji": "Spiritpact",
        "songName": "Wuxian Da",
        "artist": "Yu Jiaoyan",
        "type": "Opening 1",
        "correctCount": 35,
        "startTime": 54,
        "songDuration": 90.072,
        "songNumber": 13,
        "activePlayerCount": 161,
        "LinkVideo": "https://files.catbox.moe/nqqm6h.webm",
        "LinkMp3": "https://files.catbox.moe/e4kvze.mp3",
        "annId": 18963,
        "songDifficulty": 21.213500412541254,
        "vintage": "Winter 2017"
    },
    {
        "animeEng": "Chobits",
        "animeRomaji": "Chobits",
        "songName": "Let Me Be With You ~Chii Ver.~",
        "artist": "ROUND TABLE featuring Rie Tanaka",
        "type": "Insert Song",
        "correctCount": 111,
        "startTime": 0,
        "songDuration": 61.608,
        "songNumber": 14,
        "activePlayerCount": 162,
        "LinkVideo": "https://files.catbox.moe/b6u6es.webm",
        "LinkMp3": "https://files.catbox.moe/awrmz0.mp3",
        "annId": 357,
        "songDifficulty": 55.965989399293285,
        "vintage": "Spring 2002"
    },
    {
        "animeEng": "Sweetness & Lightning",
        "animeRomaji": "Amaama to Inazuma",
        "songName": "Same no Uta",
        "artist": "Rina Endou",
        "type": "Insert Song",
        "correctCount": 103,
        "startTime": 10,
        "songDuration": 44.136,
        "songNumber": 15,
        "activePlayerCount": 165,
        "LinkVideo": "https://files.catbox.moe/fzxknb.webm",
        "LinkMp3": "https://files.catbox.moe/fnsj9y.mp3",
        "annId": 18122,
        "songDifficulty": 46.10061703821656,
        "vintage": "Summer 2016"
    },
    {
        "animeEng": "Tokyo 7th Sisters: Bokura wa Aozora ni Naru",
        "animeRomaji": "Tokyo 7th Sisters: Bokura wa Aozora ni Naru",
        "songName": "Cocoro Magical",
        "artist": "777\u2606SISTERS",
        "type": "Insert Song",
        "correctCount": 5,
        "startTime": 34,
        "songDuration": 121.032,
        "songNumber": 16,
        "activePlayerCount": 165,
        "LinkVideo": "https://files.catbox.moe/as8vdp.webm",
        "LinkMp3": "https://files.catbox.moe/pxgd38.mp3",
        "annId": 24050,
        "songDifficulty": 18.725476211376403,
        "vintage": "Winter 2021",
        "correctPlayers": [
            "TheOnlyOne",
            "revel_",
            "HikawaYuuki",
            "DarkyNep",
            "Yerardi"
        ]
    },
    {
        "animeEng": "Beyblade: V-Force",
        "animeRomaji": "Bakuten Shoot Beyblade 2002",
        "songName": "OFF THE CHAIN",
        "artist": "TOSS & TURN",
        "type": "Opening 1",
        "correctCount": 13,
        "startTime": 3,
        "songDuration": 89.952,
        "songNumber": 17,
        "activePlayerCount": 166,
        "LinkVideo": "https://files.catbox.moe/5zahi3.webm",
        "LinkMp3": "https://files.catbox.moe/7lqrg5.mp3",
        "annId": 932,
        "songDifficulty": 15.389804581639567,
        "vintage": "Winter 2002"
    },
    {
        "animeEng": "Space Battleship Yamato",
        "animeRomaji": "Uchuu Senkan Yamato",
        "songName": "Makka na Scarf",
        "artist": "Isao Sasaki",
        "type": "Insert Song",
        "correctCount": 32,
        "startTime": 32,
        "songDuration": 73.128,
        "songNumber": 18,
        "activePlayerCount": 167,
        "LinkVideo": "https://files.catbox.moe/5yq7rr.webm",
        "LinkMp3": "https://files.catbox.moe/htjzi2.mp3",
        "annId": 3751,
        "songDifficulty": 16.03703157513377,
        "vintage": "Summer 1977"
    },
    {
        "animeEng": "BOFURI: I Don\u2019t Want to Get Hurt, so I\u2019ll Max Out My Defense.",
        "animeRomaji": "Itai no wa Iya nano de Bougyoryoku ni Kyokufuri Shitai to Omoimasu.",
        "songName": "Good Night",
        "artist": "Rico Sasaki",
        "type": "Insert Song",
        "correctCount": 88,
        "startTime": 9,
        "songDuration": 47.184,
        "songNumber": 19,
        "activePlayerCount": 168,
        "LinkVideo": "https://files.catbox.moe/5xzv7g.webm",
        "LinkMp3": "https://files.catbox.moe/mn9hbe.mp3",
        "annId": 22565,
        "songDifficulty": 39.11677694898941,
        "vintage": "Winter 2020"
    },
    {
        "animeEng": "Yozakura Quartet: Hoshi no Umi",
        "animeRomaji": "Yozakura Quartet: Hoshi no Umi",
        "songName": "kid, I like quartet",
        "artist": "UNISON SQUARE GARDEN",
        "type": "Opening 1",
        "correctCount": 57,
        "startTime": 54,
        "songDuration": 109.947498,
        "songNumber": 20,
        "activePlayerCount": 170,
        "LinkVideo": "https://files.catbox.moe/13cne7.webm",
        "LinkMp3": "https://files.catbox.moe/661dic.mp3",
        "annId": 11398,
        "songDifficulty": 26.305396295362904,
        "vintage": "Fall 2010"
    },
    {
        "animeEng": "The Devil Lady",
        "animeRomaji": "Devilman Lady",
        "songName": "Devilman Lady Main Theme",
        "artist": "Tokyo Philharmonic Chorus",
        "type": "Opening 1",
        "correctCount": 20,
        "startTime": 23,
        "songDuration": 59.616,
        "songNumber": 21,
        "activePlayerCount": 170,
        "LinkVideo": "https://files.catbox.moe/d96wzx.webm",
        "LinkMp3": "https://files.catbox.moe/275ytp.mp3",
        "annId": 579,
        "songDifficulty": 19.50075488880368,
        "vintage": "Fall 1998"
    },
    {
        "animeEng": "D.C.if: Da Capo If",
        "animeRomaji": "D.C.if: Da Capo If",
        "songName": "Sakura Saku Mirai Koi Yume",
        "artist": "yozuca*",
        "type": "Ending 2",
        "correctCount": 70,
        "startTime": 138,
        "songDuration": 188.904,
        "songNumber": 22,
        "activePlayerCount": 170,
        "LinkVideo": "https://files.catbox.moe/lopo4m.webm",
        "LinkMp3": "https://files.catbox.moe/e39msu.mp3",
        "annId": 15314,
        "songDifficulty": 30.744796857203873,
        "vintage": "Fall 2008"
    },
    {
        "animeEng": "Aikatsu on Parade!",
        "animeRomaji": "Aikatsu on Parade!",
        "songName": "Sweet Sp!ce",
        "artist": "Fuuri\u30fbWaka from STAR\u2606ANIS",
        "type": "Insert Song",
        "correctCount": 31,
        "startTime": 26,
        "songDuration": 110.016,
        "songNumber": 23,
        "activePlayerCount": 171,
        "LinkVideo": "https://files.catbox.moe/02um7q.webm",
        "LinkMp3": "https://files.catbox.moe/c70g8r.mp3",
        "annId": 22441,
        "songDifficulty": 31.25,
        "vintage": "Fall 2019"
    },
    {
        "animeEng": "Haikyu!! To the Top",
        "animeRomaji": "Haikyu!! To the Top",
        "songName": "PHOENIX",
        "artist": "BURNOUT SYNDROMES",
        "type": "Opening 1",
        "correctCount": 102,
        "startTime": 60,
        "songDuration": 88.68,
        "songNumber": 24,
        "activePlayerCount": 171,
        "LinkVideo": "https://files.catbox.moe/v00aa9.webm",
        "LinkMp3": "https://files.catbox.moe/nwazon.mp3",
        "annId": 22438,
        "songDifficulty": 38.37365257507874,
        "vintage": "Winter 2020"
    },
    {
        "animeEng": "Pingu in the City",
        "animeRomaji": "Pingu in the City",
        "songName": "PINGU A GO! GO!",
        "artist": "Ken Arai",
        "type": "Opening 1",
        "correctCount": 128,
        "startTime": 0,
        "songDuration": 24.450192,
        "songNumber": 25,
        "activePlayerCount": 171,
        "LinkVideo": "https://files.catbox.moe/rmjchp.webm",
        "LinkMp3": "https://files.catbox.moe/8hw5iu.mp3",
        "annId": 21191,
        "songDifficulty": 47.68539463746224,
        "vintage": "Fall 2017"
    },
    {
        "animeEng": "Tsukiuta. THE ANIMATION 2",
        "animeRomaji": "Tsukiuta. THE ANIMATION 2",
        "songName": "Paint It Black",
        "artist": "Six Gravity",
        "type": "Opening 1",
        "correctCount": 10,
        "startTime": 46,
        "songDuration": 89.376,
        "songNumber": 26,
        "activePlayerCount": 171,
        "LinkVideo": "https://files.catbox.moe/2sc4a2.webm",
        "LinkMp3": "https://files.catbox.moe/z1auoc.mp3",
        "annId": 21735,
        "songDifficulty": 8.537859805380485,
        "vintage": "Fall 2020"
    },
    {
        "animeEng": "Aikatsu on Parade!",
        "animeRomaji": "Aikatsu on Parade!",
        "songName": "Akogare Customize\u2606",
        "artist": "Raki from BEST FRIENDS!/Waka",
        "type": "Insert Song",
        "correctCount": 8,
        "startTime": 14,
        "songDuration": 111.48,
        "songNumber": 27,
        "activePlayerCount": 170,
        "LinkVideo": "https://files.catbox.moe/n4vy5c.webm",
        "LinkMp3": "https://files.catbox.moe/2f1tcf.mp3",
        "annId": 22441,
        "songDifficulty": 26.28941386454814,
        "vintage": "Fall 2019"
    },
    {
        "animeEng": "Tantei Kageki Milky Holmes TD",
        "animeRomaji": "Tantei Kageki Milky Holmes TD",
        "songName": "Essential!",
        "artist": "Milky Holmes",
        "type": "Insert Song",
        "correctCount": 18,
        "startTime": 27,
        "songDuration": 99.048,
        "songNumber": 28,
        "activePlayerCount": 169,
        "LinkVideo": "https://files.catbox.moe/n2hhsa.webm",
        "LinkMp3": "https://files.catbox.moe/396hky.mp3",
        "annId": 16300,
        "songDifficulty": 16.69595610445958,
        "vintage": "Winter 2015"
    },
    {
        "animeEng": "Vlad Love",
        "animeRomaji": "Vlad Love",
        "songName": "Where you are",
        "artist": "BlooDye feat. LITTLE (KICK THE CAN CREW)",
        "type": "Opening 1",
        "correctCount": 20,
        "startTime": 49,
        "songDuration": 89.688,
        "songNumber": 29,
        "activePlayerCount": 171,
        "LinkVideo": "https://files.catbox.moe/pwbpiq.webm",
        "LinkMp3": "https://files.catbox.moe/levq95.mp3",
        "annId": 23260,
        "songDifficulty": 19.085923936631943,
        "vintage": "Fall 2020"
    },
    {
        "animeEng": "Nobunaga teacher's young bride",
        "animeRomaji": "Nobunaga Sensei no Osanazuma",
        "songName": "Koiseyo Minna, Hai!",
        "artist": "Pyxis",
        "type": "Opening 1",
        "correctCount": 54,
        "startTime": 1,
        "songDuration": 29.376,
        "songNumber": 30,
        "activePlayerCount": 170,
        "LinkVideo": "https://files.catbox.moe/et7utt.webm",
        "annId": 21679,
        "songDifficulty": 26.622988423429497,
        "vintage": "Spring 2019"
    },
    {
        "animeEng": "Okamikakushi: Masque of the Wolf",
        "animeRomaji": "Ookami Kakushi",
        "songName": "Toki no Mukou Maboroshi no Sora",
        "artist": "FictionJunction",
        "type": "Opening 1",
        "correctCount": 13,
        "startTime": 35,
        "songDuration": 88.997654,
        "songNumber": 31,
        "activePlayerCount": 169,
        "LinkVideo": "https://files.catbox.moe/yczo58.webm",
        "LinkMp3": "https://files.catbox.moe/1tbwhg.mp3",
        "annId": 11045,
        "songDifficulty": 17.536737351190474,
        "vintage": "Winter 2010"
    },
    {
        "animeEng": "Inari Kon Kon",
        "animeRomaji": "Inari Kon Kon",
        "songName": "SAVED.",
        "artist": "Maaya Sakamoto",
        "type": "Ending 1",
        "correctCount": 18,
        "startTime": 33,
        "songDuration": 87.216,
        "songNumber": 32,
        "activePlayerCount": 169,
        "LinkVideo": "https://files.catbox.moe/f72akv.webm",
        "LinkMp3": "https://files.catbox.moe/nufqwf.mp3",
        "annId": 14920,
        "songDifficulty": 15.867430430810208,
        "vintage": "Winter 2014"
    },
    {
        "animeEng": "Hyperdimension Neptunia",
        "animeRomaji": "Choujigen Game Neptune The Animation",
        "songName": "Dimension tripper!!!",
        "artist": "nao",
        "type": "Opening 1",
        "correctCount": 64,
        "startTime": 3,
        "songDuration": 89.064,
        "songNumber": 33,
        "activePlayerCount": 170,
        "LinkVideo": "https://files.catbox.moe/dhyla0.webm",
        "LinkMp3": "https://files.catbox.moe/w5ec0a.mp3",
        "annId": 15000,
        "songDifficulty": 36.24949033609659,
        "vintage": "Summer 2013"
    },
    {
        "animeEng": "Leda: The Fantastic Adventure of Yohko",
        "animeRomaji": "Genmu Senki Leda",
        "songName": "Hitoribocchi no Dreamer",
        "artist": "Rio Akimoto",
        "type": "Insert Song",
        "correctCount": 10,
        "startTime": 52,
        "songDuration": 95.064,
        "songNumber": 34,
        "activePlayerCount": 171,
        "LinkVideo": "https://files.catbox.moe/3ta7ef.webm",
        "LinkMp3": "https://files.catbox.moe/3il562.mp3",
        "annId": 2133,
        "songDifficulty": 9.953247514204545,
        "vintage": "Winter 1985"
    },
    {
        "animeEng": "Photon",
        "animeRomaji": "Photon",
        "songName": "Kaze no You ni Tori no You ni",
        "artist": "Junko Takeuchi",
        "type": "Insert Song",
        "correctCount": 1,
        "startTime": 8,
        "songDuration": 246.36,
        "songNumber": 35,
        "activePlayerCount": 171,
        "LinkVideo": "https://files.catbox.moe/6d43ot.webm",
        "LinkMp3": "https://files.catbox.moe/y6fq20.mp3",
        "annId": 656,
        "songDifficulty": 3.086655443768169,
        "vintage": "Fall 1997",
        "correctPlayers": [
            "Zurer"
        ]
    },
    {
        "animeEng": "Amagami SS",
        "animeRomaji": "Amagami SS",
        "songName": "Hoshi",
        "artist": "Ryoko Shintani",
        "type": "Insert Song",
        "correctCount": 12,
        "startTime": 35,
        "songDuration": 103.488,
        "songNumber": 36,
        "activePlayerCount": 171,
        "LinkVideo": "https://files.catbox.moe/gaafns.webm",
        "LinkMp3": "https://files.catbox.moe/oljj71.mp3",
        "annId": 11474,
        "songDifficulty": 13.548174540201822,
        "vintage": "Summer 2010"
    },
    {
        "animeEng": "Time of Eve",
        "animeRomaji": "Eve no Jikan",
        "songName": "Yasashii Jikan no Naka de",
        "artist": "Rie Tanaka",
        "type": "Ending 1",
        "correctCount": 20,
        "startTime": 129,
        "songDuration": 193.44,
        "songNumber": 37,
        "activePlayerCount": 170,
        "LinkVideo": "https://files.catbox.moe/gm77kd.webm",
        "LinkMp3": "https://files.catbox.moe/o58coy.mp3",
        "annId": 7998,
        "songDifficulty": 9.209714158613881,
        "vintage": "Summer 2008"
    },
    {
        "animeEng": "Persona 4 The Animation: The Factor of Hope",
        "animeRomaji": "Persona 4 The Animation: The Factor of Hope",
        "songName": "The Way of Memories -Kizuna no Chikara-",
        "artist": "Shihoko Hirata",
        "type": "Ending 2",
        "correctCount": 11,
        "startTime": 104,
        "songDuration": 211.68,
        "songNumber": 38,
        "activePlayerCount": 169,
        "LinkVideo": "https://files.catbox.moe/q7tnpo.webm",
        "LinkMp3": "https://files.catbox.moe/6rd7fv.mp3",
        "annId": 14342,
        "songDifficulty": 25.455182756696427,
        "vintage": "Spring 2012"
    },
    {
        "animeEng": "Chaika: The Coffin Princess - Avenging Battle",
        "animeRomaji": "Hitsugi no Chaika: Avenging Battle",
        "songName": "Shikkoku o Nuritsubuse",
        "artist": "Iori Nomizu",
        "type": "Opening 1",
        "correctCount": 46,
        "startTime": 37,
        "songDuration": 89.064,
        "songNumber": 39,
        "activePlayerCount": 169,
        "LinkVideo": "https://files.catbox.moe/omsv4p.webm",
        "LinkMp3": "https://files.catbox.moe/tneh0w.mp3",
        "annId": 16117,
        "songDifficulty": 19.459456842263094,
        "vintage": "Fall 2014"
    },
    {
        "animeEng": "Bungo Stray Dogs Wan!",
        "animeRomaji": "Bungo Stray Dogs Wan!",
        "songName": "Namae o Yobu yo",
        "artist": "Yuuto Uemura",
        "type": "Ending 1",
        "correctCount": 56,
        "startTime": 58,
        "songDuration": 90,
        "songNumber": 40,
        "activePlayerCount": 169,
        "LinkVideo": "https://files.catbox.moe/x2bcx4.webm",
        "LinkMp3": "https://files.catbox.moe/sc5v09.mp3",
        "annId": 23753,
        "songDifficulty": 31.606411526976935,
        "vintage": "Winter 2021"
    },
    {
        "animeEng": "Samurai Bride",
        "animeRomaji": "Hyakka Ryouran Samurai Bride",
        "songName": "Kekka, Guuzen de Gozasourou",
        "artist": "Aoi Yuuki, Rie Kugimiya, Minako Kotobuki",
        "type": "Ending 1",
        "correctCount": 6,
        "startTime": 23,
        "songDuration": 89.472,
        "songNumber": 41,
        "activePlayerCount": 169,
        "LinkVideo": "https://files.catbox.moe/9y45cm.webm",
        "LinkMp3": "https://files.catbox.moe/wpf801.mp3",
        "annId": 14997,
        "songDifficulty": 15.713812790119363,
        "vintage": "Spring 2013"
    },
    {
        "animeEng": "Magic Kaito 1412",
        "animeRomaji": "Magic Kaito 1412",
        "songName": "Ai no Scenario",
        "artist": "CHiCO with HoneyWorks",
        "type": "Opening 2",
        "correctCount": 60,
        "startTime": 52,
        "songDuration": 89.184,
        "songNumber": 42,
        "activePlayerCount": 168,
        "LinkVideo": "https://files.catbox.moe/qinzxi.webm",
        "LinkMp3": "https://files.catbox.moe/0vtyoo.mp3",
        "annId": 16168,
        "songDifficulty": 31.454678654934778,
        "vintage": "Fall 2014"
    },
    {
        "animeEng": "Working Buddies! 2!",
        "animeRomaji": "Hataraku Onii-san! no 2!",
        "songName": "Hataraku Onii-san",
        "artist": "DearDream",
        "type": "Opening 1",
        "correctCount": 118,
        "startTime": 0,
        "songDuration": 14.136,
        "songNumber": 43,
        "activePlayerCount": 169,
        "LinkVideo": "https://files.catbox.moe/ias0ei.webm",
        "LinkMp3": "https://files.catbox.moe/7w70er.mp3",
        "annId": 21104,
        "songDifficulty": 49.49265155842036,
        "vintage": "Summer 2018"
    },
    {
        "animeEng": "Sakura Wars 2",
        "animeRomaji": "Sakura Taisen: Gouka Kenran",
        "songName": "Yume no Tsuzuki",
        "artist": "Teikoku Kageki-dan",
        "type": "Ending 6",
        "correctCount": 8,
        "startTime": 31,
        "songDuration": 375.072,
        "songNumber": 44,
        "activePlayerCount": 169,
        "LinkVideo": "https://files.catbox.moe/xtwkp7.webm",
        "LinkMp3": "https://files.catbox.moe/l5etl9.mp3",
        "annId": 1015,
        "songDifficulty": 16.520259122670808,
        "vintage": "Fall 1999"
    },
    {
        "animeEng": "JoJo's Bizarre Adventure: Stardust Crusaders",
        "animeRomaji": "JoJo no Kimyou na Bouken: Stardust Crusaders",
        "songName": "Akuyaku Kyousoukyoku ~Oingo to Boingo~",
        "artist": "Makoto Yasumura & Motoko Kumai",
        "type": "Ending 2",
        "correctCount": 102,
        "startTime": 24,
        "songDuration": 89.568,
        "songNumber": 45,
        "activePlayerCount": 169,
        "LinkVideo": "https://files.catbox.moe/eq9erc.webm",
        "LinkMp3": "https://files.catbox.moe/68jmec.mp3",
        "annId": 16303,
        "songDifficulty": 52.40156707317073,
        "vintage": "Winter 2015"
    },
    {
        "animeEng": "Chobits",
        "animeRomaji": "Chobits",
        "songName": "Sing a Song",
        "artist": "Tomokazu Sugita",
        "type": "Insert Song",
        "correctCount": 5,
        "startTime": 112,
        "songDuration": 173.88,
        "songNumber": 46,
        "activePlayerCount": 170,
        "LinkVideo": "https://files.catbox.moe/5x9541.webm",
        "LinkMp3": "https://files.catbox.moe/0r3dgf.mp3",
        "annId": 357,
        "songDifficulty": 9.952529041966697,
        "vintage": "Spring 2002",
        "correctPlayers": [
            "revel_",
            "iQuestGod",
            "SrueyaF",
            "ozsauce",
            "shadowpandax"
        ]
    },
    {
        "animeEng": "Penguindrum",
        "animeRomaji": "Mawaru Penguindrum",
        "songName": "Daddy's Shoes",
        "artist": "Triple H",
        "type": "Insert Song",
        "correctCount": 42,
        "startTime": 16,
        "songDuration": 74.735042,
        "songNumber": 47,
        "activePlayerCount": 170,
        "LinkVideo": "https://files.catbox.moe/ls1yz4.webm",
        "LinkMp3": "https://files.catbox.moe/fe1uz0.mp3",
        "annId": 12998,
        "songDifficulty": 30.09475175455235,
        "vintage": "Summer 2011"
    },
    {
        "animeEng": "Science Fell in Love, So I Tried to Prove it",
        "animeRomaji": "Rikei ga Koi ni Ochita no de Shoumei Shitemita.",
        "songName": "Turing Love",
        "artist": "Akari Nanawo feat. Sou",
        "type": "Ending 1",
        "correctCount": 86,
        "startTime": 39,
        "songDuration": 88.55358,
        "songNumber": 48,
        "activePlayerCount": 169,
        "LinkVideo": "https://files.catbox.moe/k9xvfr.webm",
        "LinkMp3": "https://files.catbox.moe/gclmje.mp3",
        "annId": 22312,
        "songDifficulty": 36.014383227693806,
        "vintage": "Winter 2020"
    },
    {
        "animeEng": "Shin Kyojin no Hoshi",
        "animeRomaji": "Shin Kyojin no Hoshi",
        "songName": "Yomigaere Hyuuma",
        "artist": "Isao Sasaki & Koorogi '73",
        "type": "Ending 1",
        "correctCount": 2,
        "startTime": 17,
        "songDuration": 75.048,
        "songNumber": 49,
        "activePlayerCount": 170,
        "LinkVideo": "https://files.catbox.moe/aog2qf.webm",
        "LinkMp3": "https://files.catbox.moe/zd2ez6.mp3",
        "annId": 1447,
        "songDifficulty": 3.2932166301969366,
        "vintage": "Fall 1977",
        "correctPlayers": [
            "Chatmonchy",
            "Akaze"
        ]
    },
    {
        "animeEng": "Pok\u00e9mon: Diamond and Pearl",
        "animeRomaji": "Pocket Monsters Diamond & Pearl",
        "songName": "Soko ni Sora ga Arukara",
        "artist": "Toshiko Ezaki",
        "type": "Insert Song",
        "correctCount": 13,
        "startTime": 101,
        "songDuration": 161.112,
        "songNumber": 50,
        "activePlayerCount": 171,
        "LinkVideo": "https://files.catbox.moe/tbquzi.webm",
        "LinkMp3": "https://files.catbox.moe/6g9kh0.mp3",
        "annId": 6836,
        "songDifficulty": 11.054894341362846,
        "vintage": "Summer 2006"
    },
    {
        "animeEng": "Kannagi",
        "animeRomaji": "Kannagi",
        "songName": "Amore Seishun",
        "artist": "Hiro Shimono",
        "type": "Insert Song",
        "correctCount": 17,
        "startTime": 8,
        "songDuration": 41.904,
        "songNumber": 51,
        "activePlayerCount": 171,
        "LinkVideo": "https://files.catbox.moe/a9nv59.webm",
        "LinkMp3": "https://files.catbox.moe/7rlj95.mp3",
        "annId": 9295,
        "songDifficulty": 18.45588084123452,
        "vintage": "Fall 2008"
    },
    {
        "animeEng": "Sekai Ichi Hatsukoi - The World's Greatest First Love: Yokozawa Takafumi no Baai",
        "animeRomaji": "Sekai-ichi Hatsukoi: Yokozawa Takafumi no Baai",
        "songName": "Yasashii Kiseki",
        "artist": "Shuhei Kita",
        "type": "Ending 1",
        "correctCount": 4,
        "startTime": 169,
        "songDuration": 247.896,
        "songNumber": 52,
        "activePlayerCount": 171,
        "LinkVideo": "https://files.catbox.moe/lshs6v.webm",
        "LinkMp3": "https://files.catbox.moe/4sej86.mp3",
        "annId": 14912,
        "songDifficulty": 8.628223840759771,
        "vintage": "Winter 2014",
        "correctPlayers": [
            "watashiii",
            "Chatmonchy",
            "SrueyaF",
            "theyingster"
        ]
    },
    {
        "animeEng": "Golden Kamuy",
        "animeRomaji": "Golden Kamuy",
        "songName": "Reimei",
        "artist": "Sayuri\u00d7MY FIRST STORY",
        "type": "Opening 1",
        "correctCount": 79,
        "startTime": 38,
        "songDuration": 89.064,
        "songNumber": 53,
        "activePlayerCount": 170,
        "LinkVideo": "https://files.catbox.moe/vwuwju.webm",
        "LinkMp3": "https://files.catbox.moe/r74ii3.mp3",
        "annId": 21137,
        "songDifficulty": 35.03138666749969,
        "vintage": "Fall 2018"
    },
    {
        "animeEng": "Cells at Work!!",
        "animeRomaji": "Hataraku Saibou!!",
        "songName": "GO!GO!Saibou Festa",
        "artist": "Kana Hanazawa\u30fbTomoaki Maeno\u30fbDaisuke Ono\u30fbKikuko Inoue\u30fbYuusuke Kobayashi\u30fbYuuri Yoshida",
        "type": "Opening 1",
        "correctCount": 104,
        "startTime": 47,
        "songDuration": 89.352,
        "songNumber": 54,
        "activePlayerCount": 170,
        "LinkVideo": "https://files.catbox.moe/hil5zd.webm",
        "LinkMp3": "https://files.catbox.moe/f3xqam.mp3",
        "annId": 22007,
        "songDifficulty": 39.813782890729684,
        "vintage": "Winter 2021"
    },
    {
        "animeEng": "You're Being Summoned, Azazel Z",
        "animeRomaji": "Yondemasu yo, Azazel-san. Z",
        "songName": "Revival!!",
        "artist": "Team.Nekokan [Neko] featuring. Chihiro Yonekura",
        "type": "Opening 2",
        "correctCount": 10,
        "startTime": 7,
        "songDuration": 59.136,
        "songNumber": 55,
        "activePlayerCount": 170,
        "LinkVideo": "https://files.catbox.moe/vqbhwy.webm",
        "LinkMp3": "https://files.catbox.moe/xfmzk6.mp3",
        "annId": 15003,
        "songDifficulty": 18.250676448170733,
        "vintage": "Spring 2013"
    },
    {
        "animeEng": "Mitsudomoe",
        "animeRomaji": "Mitsudomoe",
        "songName": "ABCyori DEFsu!!",
        "artist": "Satomi Akesaka",
        "type": "Insert Song",
        "correctCount": 7,
        "startTime": 18,
        "songDuration": 97.931378,
        "songNumber": 56,
        "activePlayerCount": 169,
        "LinkVideo": "https://files.catbox.moe/8s09fh.webm",
        "LinkMp3": "https://files.catbox.moe/u3q9ol.mp3",
        "annId": 11180,
        "songDifficulty": 16.782092888545627,
        "vintage": "Summer 2010"
    },
    {
        "animeEng": "Meine Liebe Wieder",
        "animeRomaji": "Ginyuu Mokushiroku Meine Liebe wieder",
        "songName": "Ikuoku no Chandelier",
        "artist": "alice nine.",
        "type": "Ending 1",
        "correctCount": 2,
        "startTime": 60,
        "songDuration": 93.51676,
        "songNumber": 57,
        "activePlayerCount": 170,
        "LinkVideo": "https://files.catbox.moe/hjx9tr.webm",
        "LinkMp3": "https://files.catbox.moe/odxj88.mp3",
        "annId": 6509,
        "songDifficulty": 11,
        "vintage": "Winter 2006",
        "correctPlayers": [
            "watashiii",
            "Rukawa11"
        ]
    },
    {
        "animeEng": "Soccer Fever",
        "animeRomaji": "Soccer Fever",
        "songName": "BOOM BOOM AMERICA",
        "artist": "Paolo Zavallone",
        "type": "Ending 1",
        "correctCount": 99,
        "startTime": 26,
        "songDuration": 103.96556,
        "songNumber": 58,
        "activePlayerCount": 173,
        "LinkVideo": "https://files.catbox.moe/c99xz2.webm",
        "LinkMp3": "https://files.catbox.moe/lj0plu.mp3",
        "annId": 2192,
        "songDifficulty": 35.07745797293527,
        "vintage": "Winter 1994"
    },
    {
        "animeEng": "Teasing Master Takagi-san 3",
        "animeRomaji": "Karakai Jouzu no Takagi-san 3",
        "songName": "Massugu",
        "artist": "Yuiko Ohara",
        "type": "Opening 1",
        "correctCount": 44,
        "startTime": 22,
        "songDuration": 88.272,
        "songNumber": 59,
        "activePlayerCount": 172,
        "LinkVideo": "https://files.catbox.moe/8oxfgz.webm",
        "LinkMp3": "https://files.catbox.moe/mbs5nk.mp3",
        "annId": 24696,
        "songDifficulty": 44.29061291881443,
        "vintage": "Winter 2022"
    },
    {
        "animeEng": "Gaiking: Legend of Daiku-Maryu",
        "animeRomaji": "Gaiking: Legend of Daiku-Maryu",
        "songName": "Shiroi Ribbon",
        "artist": "Tomoko Kawakami",
        "type": "Insert Song",
        "correctCount": 1,
        "startTime": 105,
        "songDuration": 193.584,
        "songNumber": 60,
        "activePlayerCount": 172,
        "LinkVideo": "https://files.catbox.moe/886cp7.webm",
        "LinkMp3": "https://files.catbox.moe/kumg1z.mp3",
        "annId": 5894,
        "songDifficulty": 1.2106990325145233,
        "vintage": "Fall 2005",
        "correctPlayers": [
            "Shuuka"
        ]
    },
    {
        "animeEng": "Fafner THE BEYOND",
        "animeRomaji": "Soukyuu no Fafner THE BEYOND",
        "songName": "THE BEYOND",
        "artist": "angela",
        "type": "Opening 1",
        "correctCount": 11,
        "startTime": 51,
        "songDuration": 88.608,
        "songNumber": 61,
        "activePlayerCount": 172,
        "LinkVideo": "https://files.catbox.moe/jlmc4j.webm",
        "LinkMp3": "https://files.catbox.moe/dlp75g.mp3",
        "annId": 21286,
        "songDifficulty": 19.711275732173174,
        "vintage": "Spring 2019"
    },
    {
        "animeEng": "Monochrome Factor",
        "animeRomaji": "Monochrome Factor",
        "songName": "Metamorphose",
        "artist": "Asriel",
        "type": "Opening 1",
        "correctCount": 12,
        "startTime": 37,
        "songDuration": 89.938046,
        "songNumber": 62,
        "activePlayerCount": 173,
        "LinkVideo": "https://files.catbox.moe/i9htan.webm",
        "LinkMp3": "https://files.catbox.moe/rgjvli.mp3",
        "annId": 8844,
        "songDifficulty": 19.76423826109391,
        "vintage": "Spring 2008"
    },
    {
        "animeEng": "Bokurano",
        "animeRomaji": "Bokurano",
        "songName": "Uninstall",
        "artist": "Chiaki Ishikawa",
        "type": "Opening 1",
        "correctCount": 82,
        "startTime": 19,
        "songDuration": 88.368,
        "songNumber": 63,
        "activePlayerCount": 171,
        "LinkVideo": "https://files.catbox.moe/6tvx3r.webm",
        "LinkMp3": "https://files.catbox.moe/g7p9nf.mp3",
        "annId": 7213,
        "songDifficulty": 43.05508759284597,
        "vintage": "Spring 2007"
    },
    {
        "animeEng": "Yowamushi Pedal",
        "animeRomaji": "Yowamushi Pedal",
        "songName": "Koi no Hime Hime\u2606Pettanko",
        "artist": "Yukari Tamura",
        "type": "Insert Song",
        "correctCount": 92,
        "startTime": 0,
        "songDuration": 25.32,
        "songNumber": 64,
        "activePlayerCount": 171,
        "LinkVideo": "https://files.catbox.moe/sedua7.webm",
        "LinkMp3": "https://files.catbox.moe/b310gy.mp3",
        "annId": 15004,
        "songDifficulty": 51.21799821687621,
        "vintage": "Fall 2013"
    },
    {
        "animeEng": "The Helpful Fox Senko-san",
        "animeRomaji": "Sewayaki Kitsune no Senko-san",
        "songName": "Koyoi mofumofu!!",
        "artist": "Azumi Waki & Maaya Uchida",
        "type": "Opening 1",
        "correctCount": 76,
        "startTime": 58,
        "songDuration": 89.064,
        "songNumber": 65,
        "activePlayerCount": 172,
        "LinkVideo": "https://files.catbox.moe/pn3pt0.webm",
        "LinkMp3": "https://files.catbox.moe/9kfwnx.mp3",
        "annId": 21908,
        "songDifficulty": 40.25954158316633,
        "vintage": "Spring 2019"
    },
    {
        "animeEng": "Persona 4 The Animation",
        "animeRomaji": "Persona 4 The Animation",
        "songName": "Beauty of Destiny",
        "artist": "Shihoko Hirata feat. Lotus Juice",
        "type": "Ending 1",
        "correctCount": 71,
        "startTime": 54,
        "songDuration": 88.608,
        "songNumber": 66,
        "activePlayerCount": 172,
        "LinkVideo": "https://files.catbox.moe/gdkpcu.webm",
        "LinkMp3": "https://files.catbox.moe/cvr3de.mp3",
        "annId": 12870,
        "songDifficulty": 39.21723536808413,
        "vintage": "Fall 2011"
    },
    {
        "animeEng": "How a Realist Hero Rebuilt the Kingdom",
        "animeRomaji": "Genjitsu Shugi Yuusha no Oukoku Saikenki",
        "songName": "HELLO HORIZON",
        "artist": "Inori Minase",
        "type": "Opening 1",
        "correctCount": 52,
        "startTime": 0,
        "songDuration": 88.44,
        "songNumber": 67,
        "activePlayerCount": 172,
        "LinkVideo": "https://files.catbox.moe/2mkmj6.webm",
        "LinkMp3": "https://files.catbox.moe/0rkgnd.mp3",
        "annId": 23754,
        "songDifficulty": 21.40484118852459,
        "vintage": "Summer 2021"
    },
    {
        "animeEng": "Utakata",
        "animeRomaji": "Uta\u223dKata",
        "songName": "Zutto Kono Machi de",
        "artist": "emiko",
        "type": "Insert Song",
        "correctCount": 1,
        "startTime": 9,
        "songDuration": 131.712,
        "songNumber": 68,
        "activePlayerCount": 170,
        "LinkVideo": "https://files.catbox.moe/a5qy8n.webm",
        "LinkMp3": "https://files.catbox.moe/tlyxu4.mp3",
        "annId": 4444,
        "songDifficulty": 10.730666701858109,
        "vintage": "Fall 2004",
        "correctPlayers": [
            "shadowpandax"
        ]
    },
    {
        "animeEng": "Haruka Nogizaka's Secret Purezza",
        "animeRomaji": "Nogizaka Haruka no Himitsu: Purezza",
        "songName": "Himitsu Suishou! Uru to LOVE",
        "artist": "N's",
        "type": "Ending 1",
        "correctCount": 7,
        "startTime": 52,
        "songDuration": 88.056,
        "songNumber": 69,
        "activePlayerCount": 169,
        "LinkVideo": "https://files.catbox.moe/2w2g7h.webm",
        "LinkMp3": "https://files.catbox.moe/ergp5z.mp3",
        "annId": 10619,
        "songDifficulty": 10.274364874462531,
        "vintage": "Fall 2009"
    },
    {
        "animeEng": "My Bride is a Mermaid",
        "animeRomaji": "Seto no Hanayome",
        "songName": "Matsuri no Uta (NON STOP!!!)",
        "artist": "Haruko Momoi & Sakura Nogawa",
        "type": "Insert Song",
        "correctCount": 13,
        "startTime": 3,
        "songDuration": 47.0672,
        "songNumber": 70,
        "activePlayerCount": 168,
        "LinkVideo": "https://files.catbox.moe/7tcahl.webm",
        "LinkMp3": "https://files.catbox.moe/2rd1p4.mp3",
        "annId": 7460,
        "songDifficulty": 12.533507113326849,
        "vintage": "Spring 2007"
    },
    {
        "animeEng": "Macross 7",
        "animeRomaji": "Macross 7",
        "songName": "Watashi no Kare wa Pilot",
        "artist": "Mari Iijima",
        "type": "Insert Song",
        "correctCount": 61,
        "startTime": 0,
        "songDuration": 24.432,
        "songNumber": 71,
        "activePlayerCount": 167,
        "LinkVideo": "https://files.catbox.moe/v4cdh3.webm",
        "LinkMp3": "https://files.catbox.moe/cvldb8.mp3",
        "annId": 940,
        "songDifficulty": 38.955824077560244,
        "vintage": "Fall 1994"
    },
    {
        "animeEng": "Uta no\u2606Prince-sama\u266aMaji LOVE 1000%",
        "animeRomaji": "Uta no\u2606Prince-sama\u266aMaji LOVE 1000%",
        "songName": "Maji LOVE1000\uff05",
        "artist": "ST\u2606RISH",
        "type": "Ending 1",
        "correctCount": 68,
        "startTime": 8,
        "songDuration": 101.4,
        "songNumber": 72,
        "activePlayerCount": 167,
        "LinkVideo": "https://files.catbox.moe/psw9ah.webm",
        "LinkMp3": "https://files.catbox.moe/sg5k4l.mp3",
        "annId": 12509,
        "songDifficulty": 41.654315476190476,
        "vintage": "Summer 2011"
    },
    {
        "animeEng": "Robokko Beeton",
        "animeRomaji": "Robokko Beeton",
        "songName": "Naze? Naze? Beeton",
        "artist": "Ritsuko Ohwada",
        "type": "Ending 1",
        "correctCount": 1,
        "startTime": 13,
        "songDuration": 70.738376,
        "songNumber": 73,
        "activePlayerCount": 167,
        "LinkVideo": "https://files.catbox.moe/qb1tee.webm",
        "LinkMp3": "https://files.catbox.moe/p0qrnk.mp3",
        "annId": 2611,
        "songDifficulty": 15.589210220530063,
        "vintage": "Fall 1976",
        "correctPlayers": [
            "Akaze"
        ]
    },
    {
        "animeEng": "Serial Experiments Lain",
        "animeRomaji": "Serial Experiments Lain",
        "songName": "DUVET",
        "artist": "BOA",
        "type": "Opening 1",
        "correctCount": 111,
        "startTime": 12,
        "songDuration": 101.568,
        "songNumber": 74,
        "activePlayerCount": 167,
        "LinkVideo": "https://files.catbox.moe/z6dcvb.webm",
        "LinkMp3": "https://files.catbox.moe/ujxg8c.mp3",
        "annId": 166,
        "songDifficulty": 48.250453126970115,
        "vintage": "Summer 1998"
    },
    {
        "animeEng": "My Girlfriend is Shobitch",
        "animeRomaji": "Boku no Kanojo ga Majime Sugiru Shobitch na Ken",
        "songName": "Eien Labyrinth",
        "artist": "Aoi Yuuki",
        "type": "Opening 1",
        "correctCount": 33,
        "startTime": 45,
        "songDuration": 88.056,
        "songNumber": 75,
        "activePlayerCount": 167,
        "LinkVideo": "https://files.catbox.moe/sxi2wf.webm",
        "LinkMp3": "https://files.catbox.moe/mgukzw.mp3",
        "annId": 19919,
        "songDifficulty": 18.169765330823022,
        "vintage": "Fall 2017"
    },
    {
        "animeEng": "SD Gundam World Heroes",
        "animeRomaji": "SD Gundam World Heroes",
        "songName": "Borderless",
        "artist": "THIS IS JAPAN",
        "type": "Opening 2",
        "correctCount": 2,
        "startTime": 14,
        "songDuration": 89.16,
        "songNumber": 76,
        "activePlayerCount": 167,
        "LinkVideo": "https://files.catbox.moe/twh7qj.webm",
        "LinkMp3": "https://files.catbox.moe/lm7s2m.mp3",
        "annId": 24158,
        "songDifficulty": 10.865002261006774,
        "vintage": "Spring 2021",
        "correctPlayers": [
            "Rukawa11",
            "ozsauce"
        ]
    },
    {
        "animeEng": "Ousu no Buu-chan",
        "animeRomaji": "Ousu no Buu-chan",
        "songName": "Barigachi Touchdown!!",
        "artist": "BOYS AND MEN Kenkyuusei",
        "type": "Ending 1",
        "correctCount": 0,
        "startTime": 24,
        "songDuration": 58.392,
        "songNumber": 77,
        "activePlayerCount": 168,
        "LinkVideo": "https://files.catbox.moe/w4n50t.webm",
        "LinkMp3": "https://files.catbox.moe/o4g9ho.mp3",
        "annId": 23516,
        "songDifficulty": 19.245063595655488,
        "vintage": "Fall 2019"
    },
    {
        "animeEng": "Mr. Osomatsu The Movie",
        "animeRomaji": "Eiga no Osomatsu-san",
        "songName": "Akatsuka Hotel",
        "artist": "Yuuichi Nakamura, Hiroshi Kamiya, Jun Fukuyama, Daisuke Ono, Miyu Irino",
        "type": "Insert Song",
        "correctCount": 10,
        "startTime": 0,
        "songDuration": 24.648,
        "songNumber": 78,
        "activePlayerCount": 168,
        "LinkVideo": "https://files.catbox.moe/1y86qn.webm",
        "LinkMp3": "https://files.catbox.moe/ks5q1s.mp3",
        "annId": 21718,
        "songDifficulty": 12.222221447172618,
        "vintage": "Winter 2019"
    },
    {
        "animeEng": "From Up On Poppy Hill",
        "animeRomaji": "Coquelicot-zaka kara",
        "songName": "Asagohan no Uta",
        "artist": "Aoi Teshima",
        "type": "Opening 1",
        "correctCount": 19,
        "startTime": 84,
        "songDuration": 181.248,
        "songNumber": 79,
        "activePlayerCount": 169,
        "LinkVideo": "https://files.catbox.moe/8652fi.webm",
        "LinkMp3": "https://files.catbox.moe/mh0cm2.mp3",
        "annId": 12307,
        "songDifficulty": 19.446173778107433,
        "vintage": "Summer 2011"
    },
    {
        "animeEng": "Dragon Ball Z",
        "animeRomaji": "Dragon Ball Z",
        "songName": "Boku-tachi wa Tenshi datta",
        "artist": "Hironobu Kageyama",
        "type": "Ending 2",
        "correctCount": 74,
        "startTime": 15,
        "songDuration": 95.057958,
        "songNumber": 80,
        "activePlayerCount": 169,
        "LinkVideo": "https://files.catbox.moe/mly8uq.webm",
        "LinkMp3": "https://files.catbox.moe/tjq9bo.mp3",
        "annId": 244,
        "songDifficulty": 43.240502450980394,
        "vintage": "Spring 1989"
    },
    {
        "animeEng": "Bakugan: Geogan Rising",
        "animeRomaji": "Bakugan: Geogan Rising",
        "songName": "NEVER END",
        "artist": "Serena Kozuki",
        "type": "Ending 1",
        "correctCount": 2,
        "startTime": 35,
        "songDuration": 78.552,
        "songNumber": 81,
        "activePlayerCount": 169,
        "LinkVideo": "https://files.catbox.moe/3y7odg.webm",
        "LinkMp3": "https://files.catbox.moe/aggzwk.mp3",
        "annId": 24157,
        "songDifficulty": 7.140557939914163,
        "vintage": "Winter 2021",
        "correctPlayers": [
            "Rukawa11",
            "Kazso"
        ]
    },
    {
        "animeEng": "Bungo Stray Dogs: Dead Apple",
        "animeRomaji": "Bungo Stray Dogs: Dead Apple",
        "songName": "Reason Living",
        "artist": "SCREEN mode",
        "type": "Insert Song",
        "correctCount": 74,
        "startTime": 68,
        "songDuration": 214.056,
        "songNumber": 82,
        "activePlayerCount": 168,
        "LinkVideo": "https://files.catbox.moe/3fwsce.webm",
        "LinkMp3": "https://files.catbox.moe/llop6c.mp3",
        "annId": 19773,
        "songDifficulty": 47.02762374686717,
        "vintage": "Winter 2018"
    },
    {
        "animeEng": "Isekai Cheat Magician",
        "animeRomaji": "Isekai Cheat Magician",
        "songName": "Chiisana Omoi",
        "artist": "Rie Takahashi",
        "type": "Ending 1",
        "correctCount": 25,
        "startTime": 37,
        "songDuration": 89.232,
        "songNumber": 83,
        "activePlayerCount": 168,
        "LinkVideo": "https://files.catbox.moe/984dyl.webm",
        "LinkMp3": "https://files.catbox.moe/h6ibkf.mp3",
        "annId": 21891,
        "songDifficulty": 12.727850746103437,
        "vintage": "Summer 2019"
    },
    {
        "animeEng": "Ganbarist! Shun",
        "animeRomaji": "Ganbarist! Shun",
        "songName": "KIRAKIRA KISEKI",
        "artist": "Rediean;Mode",
        "type": "Opening 1",
        "correctCount": 4,
        "startTime": 31,
        "songDuration": 99.936,
        "songNumber": 84,
        "activePlayerCount": 167,
        "LinkVideo": "https://files.catbox.moe/v5071s.webm",
        "LinkMp3": "https://files.catbox.moe/pzim4p.mp3",
        "annId": 2205,
        "songDifficulty": 7.436433151533019,
        "vintage": "Summer 1996",
        "correctPlayers": [
            "watashiii",
            "Rukawa11",
            "Catisam",
            "kar72"
        ]
    },
    {
        "animeEng": "Go! Go! 575",
        "animeRomaji": "Go! Go! 575",
        "songName": "Kotoba Colorful",
        "artist": "Utayome 575",
        "type": "Opening 1",
        "correctCount": 55,
        "startTime": 0,
        "songDuration": 29.16,
        "songNumber": 85,
        "activePlayerCount": 160,
        "LinkVideo": "https://files.catbox.moe/h4ztcz.webm",
        "LinkMp3": "https://files.catbox.moe/dxhkr5.mp3",
        "annId": 15753,
        "songDifficulty": 24.450646298472385,
        "vintage": "Winter 2014"
    }
]