[
    {
        "animeEng": "One Punch Man",
        "animeRomaji": "One Punch Man",
        "songName": "THE HERO !! ~Ikareru Ken ni Honoo o Tsukeru~",
        "artist": "JAM Project",
        "type": "Opening 1",
        "correctCount": 167,
        "startTime": 1,
        "songDuration": 89.832,
        "songNumber": 1,
        "activePlayerCount": 176,
        "LinkVideo": "https://files.catbox.moe/p5bjvw.webm",
        "LinkMp3": "https://files.catbox.moe/cz0ubn.mp3",
        "annId": 16840,
        "songDifficulty": 85.84214330329259,
        "vintage": "Fall 2015"
    },
    {
        "animeEng": "Star\u2606Twinkle Precure",
        "animeRomaji": "Star\u2606Twinkle Precure",
        "songName": "Papepipu\u2606Romantic",
        "artist": "Chihaya Yoshitake",
        "type": "Ending 1",
        "correctCount": 16,
        "startTime": 1,
        "songDuration": 89.112,
        "songNumber": 2,
        "activePlayerCount": 185,
        "LinkVideo": "https://files.catbox.moe/h1odqu.webm",
        "LinkMp3": "https://files.catbox.moe/pbh30w.mp3",
        "annId": 21719,
        "songDifficulty": 32.0192363410596,
        "vintage": "Winter 2019"
    },
    {
        "animeEng": "On Your Mark",
        "animeRomaji": "On Your Mark",
        "songName": "On Your Mark",
        "artist": "Chage & Aska",
        "type": "Insert Song",
        "correctCount": 38,
        "startTime": 276,
        "songDuration": 386.631722,
        "songNumber": 3,
        "activePlayerCount": 190,
        "LinkVideo": "https://files.catbox.moe/9bb12z.webm",
        "LinkMp3": "https://files.catbox.moe/brhy86.mp3",
        "annId": 879,
        "songDifficulty": 20.3231261913122,
        "vintage": "Summer 1995"
    },
    {
        "animeEng": "Doraemon: Nobita's Dinosaur 2006",
        "animeRomaji": "Doraemon: Nobita's Dinosaur 2006",
        "songName": "Boku Note",
        "artist": "Sukima Switch",
        "type": "Ending 1",
        "correctCount": 1,
        "startTime": 162,
        "songDuration": 228.744,
        "songNumber": 4,
        "activePlayerCount": 195,
        "LinkVideo": "https://files.catbox.moe/nq6jak.webm",
        "LinkMp3": "https://files.catbox.moe/fpxmj0.mp3",
        "annId": 5769,
        "songDifficulty": 16.614612055759803,
        "vintage": "Winter 2006",
        "correctPlayers": [
            "SmartHardyz"
        ]
    },
    {
        "animeEng": "Yo-kai Watch",
        "animeRomaji": "Yo-kai Watch",
        "songName": "Dan Dan Dubi Zuba!",
        "artist": "Dream5+Burii Taichou",
        "type": "Ending 2",
        "correctCount": 5,
        "startTime": 38,
        "songDuration": 83.76,
        "songNumber": 5,
        "activePlayerCount": 195,
        "LinkVideo": "https://files.catbox.moe/e89fbq.webm",
        "LinkMp3": "https://files.catbox.moe/saarsv.mp3",
        "annId": 13724,
        "songDifficulty": 24.16368931361607,
        "vintage": "Winter 2014",
        "correctPlayers": [
            "AIuX",
            "Sinanju",
            "HakRaiju",
            "Anoruwaifu",
            "Hejsan"
        ]
    },
    {
        "animeEng": "Love Lab",
        "animeRomaji": "Love Lab",
        "songName": "Nete mo Samete mo Lingerie",
        "artist": "Taiten Kusunoki",
        "type": "Insert Song",
        "correctCount": 52,
        "startTime": 0,
        "songDuration": 32.352,
        "songNumber": 6,
        "activePlayerCount": 202,
        "LinkVideo": "https://files.catbox.moe/0who38.webm",
        "LinkMp3": "https://files.catbox.moe/y56r1v.mp3",
        "annId": 14896,
        "songDifficulty": 29.074773660259673,
        "vintage": "Summer 2013"
    },
    {
        "animeEng": "Captain Tsubasa",
        "animeRomaji": "Captain Tsubasa",
        "songName": "Moete Hero",
        "artist": "Kenichi Suzumura",
        "type": "Ending 2",
        "correctCount": 91,
        "startTime": 8,
        "songDuration": 88.03114,
        "songNumber": 7,
        "activePlayerCount": 205,
        "LinkVideo": "https://files.catbox.moe/abss5f.webm",
        "LinkMp3": "https://files.catbox.moe/p6q9ah.mp3",
        "annId": 20614,
        "songDifficulty": 52.60400913410064,
        "vintage": "Spring 2018"
    },
    {
        "animeEng": "Record of Grancrest War",
        "animeRomaji": "Grancrest Senki",
        "songName": "starry",
        "artist": "Mashiro Ayano",
        "type": "Opening 1",
        "correctCount": 25,
        "startTime": 59,
        "songDuration": 89.04,
        "songNumber": 8,
        "activePlayerCount": 204,
        "LinkVideo": "https://files.catbox.moe/xj9phm.webm",
        "LinkMp3": "https://files.catbox.moe/57lomw.mp3",
        "annId": 19711,
        "songDifficulty": 17.439118940114067,
        "vintage": "Winter 2018"
    },
    {
        "animeEng": "Fighter Gordian",
        "animeRomaji": "Toushi Gordian",
        "songName": "Toushi Gordian",
        "artist": "Daijirou Shiomi",
        "type": "Opening 1",
        "correctCount": 6,
        "startTime": 10,
        "songDuration": 78.072,
        "songNumber": 9,
        "activePlayerCount": 205,
        "LinkVideo": "https://files.catbox.moe/70zmwd.webm",
        "LinkMp3": "https://files.catbox.moe/t4sdfp.mp3",
        "annId": 2234,
        "songDifficulty": 15.364685563016529,
        "vintage": "Fall 1979"
    },
    {
        "animeEng": "Aldnoah.Zero",
        "animeRomaji": "Aldnoah.Zero",
        "songName": "GENESIS",
        "artist": "Eir Aoi",
        "type": "Ending 2",
        "correctCount": 25,
        "startTime": 23,
        "songDuration": 88.56,
        "songNumber": 10,
        "activePlayerCount": 205,
        "LinkVideo": "https://files.catbox.moe/z3rduf.webm",
        "LinkMp3": "https://files.catbox.moe/ibw0mb.mp3",
        "annId": 16305,
        "songDifficulty": 13.105096474738087,
        "vintage": "Winter 2015"
    },
    {
        "animeEng": "Gintama",
        "animeRomaji": "Gintama",
        "songName": "Tooi Nioi Indians Version",
        "artist": "YO-KING",
        "type": "Ending 5",
        "correctCount": 88,
        "startTime": 33,
        "songDuration": 138.888,
        "songNumber": 11,
        "activePlayerCount": 206,
        "LinkVideo": "https://files.catbox.moe/3kfiv5.webm",
        "LinkMp3": "https://files.catbox.moe/rs4ol9.mp3",
        "annId": 6236,
        "songDifficulty": 43.771911650311154,
        "vintage": "Spring 2006"
    },
    {
        "animeEng": "World Trigger",
        "animeRomaji": "World Trigger",
        "songName": "Force",
        "artist": "TOMORROW X TOGETHER",
        "type": "Opening 1",
        "correctCount": 79,
        "startTime": 44,
        "songDuration": 89.64,
        "songNumber": 12,
        "activePlayerCount": 208,
        "LinkVideo": "https://files.catbox.moe/v0arh8.webm",
        "LinkMp3": "https://files.catbox.moe/cd0l7x.mp3",
        "annId": 23782,
        "songDifficulty": 28.993304869186048,
        "vintage": "Winter 2021"
    },
    {
        "animeEng": "Love Live! Superstar!!",
        "animeRomaji": "Love Live! Superstar!!",
        "songName": "Mirai wa Kaze no You ni",
        "artist": "Sayuri Date, Liyuu, Nako Misaki, Naomi Payton",
        "type": "Ending 6",
        "correctCount": 63,
        "startTime": 61,
        "songDuration": 101.568,
        "songNumber": 13,
        "activePlayerCount": 206,
        "LinkVideo": "https://files.catbox.moe/b3w5p5.webm",
        "LinkMp3": "https://files.catbox.moe/zoek02.mp3",
        "annId": 23844,
        "songDifficulty": 48.198247718691,
        "vintage": "Summer 2021"
    },
    {
        "animeEng": "BanG Dream! 2nd Season",
        "animeRomaji": "BanG Dream! 2nd Season",
        "songName": "Dreamers Go!",
        "artist": "Poppin'Party",
        "type": "Insert Song",
        "correctCount": 66,
        "startTime": 27,
        "songDuration": 101.666824,
        "songNumber": 14,
        "activePlayerCount": 208,
        "LinkVideo": "https://files.catbox.moe/ehxoa6.webm",
        "LinkMp3": "https://files.catbox.moe/c666ei.mp3",
        "annId": 21289,
        "songDifficulty": 49.97859994894983,
        "vintage": "Winter 2019"
    },
    {
        "animeEng": "Bloom Into You",
        "animeRomaji": "Yagate Kimi ni Naru",
        "songName": "hectopascal",
        "artist": "Yuuki Takada & Minako Kotobuki",
        "type": "Ending 1",
        "correctCount": 49,
        "startTime": 57,
        "songDuration": 89.064,
        "songNumber": 15,
        "activePlayerCount": 211,
        "LinkVideo": "https://files.catbox.moe/1rd3jd.webm",
        "LinkMp3": "https://files.catbox.moe/3ewcdh.mp3",
        "annId": 21239,
        "songDifficulty": 29.653917829434924,
        "vintage": "Fall 2018"
    },
    {
        "animeEng": "Dropkick on My Devil!",
        "animeRomaji": "Jashin-chan Dropkick",
        "songName": "Ano Ko ni Dropkick",
        "artist": "Jashin\u2605Girls",
        "type": "Opening 1",
        "correctCount": 59,
        "startTime": 43,
        "songDuration": 87.744,
        "songNumber": 16,
        "activePlayerCount": 212,
        "LinkVideo": "https://files.catbox.moe/wy4ypm.webm",
        "LinkMp3": "https://files.catbox.moe/iuenqw.mp3",
        "annId": 20484,
        "songDifficulty": 30.35351643107718,
        "vintage": "Summer 2018"
    },
    {
        "animeEng": "Starship Girl Yamamoto Yohko II",
        "animeRomaji": "Soreyuke! Uchuu Senkan Yamamoto Yohko II",
        "songName": "Souda, Zettai.",
        "artist": "Masami Okui",
        "type": "Opening 1",
        "correctCount": 4,
        "startTime": 55,
        "songDuration": 92.856,
        "songNumber": 17,
        "activePlayerCount": 213,
        "LinkVideo": "https://files.catbox.moe/6z7hr7.webm",
        "LinkMp3": "https://files.catbox.moe/guatgu.mp3",
        "annId": 1665,
        "songDifficulty": 12.026929301600303,
        "vintage": "Summer 1997",
        "correctPlayers": [
            "Chemist",
            "Rukawa11",
            "Legend_",
            "kaghey"
        ]
    },
    {
        "animeEng": "Fisherman Sanpei",
        "animeRomaji": "Tsurikichi Sanpei",
        "songName": "Ore wa Tsurikichi Sanpei da",
        "artist": "MoJo",
        "type": "Ending 1",
        "correctCount": 2,
        "startTime": 23,
        "songDuration": 57.24,
        "songNumber": 18,
        "activePlayerCount": 215,
        "LinkVideo": "https://files.catbox.moe/2e51jv.webm",
        "LinkMp3": "https://files.catbox.moe/telw8e.mp3",
        "annId": 1654,
        "songDifficulty": 15.040391322544643,
        "vintage": "Spring 1980",
        "correctPlayers": [
            "Rukawa11",
            "Legend_"
        ]
    },
    {
        "animeEng": "Tayutama: Kiss on My Deity",
        "animeRomaji": "Tayutama: Kiss on My Deity",
        "songName": "The fine every day",
        "artist": "Kicco",
        "type": "Opening 1",
        "correctCount": 21,
        "startTime": 51,
        "songDuration": 89.568,
        "songNumber": 19,
        "activePlayerCount": 215,
        "LinkVideo": "https://files.catbox.moe/ut5lz5.webm",
        "LinkMp3": "https://files.catbox.moe/ahdwi0.mp3",
        "annId": 10557,
        "songDifficulty": 17.730786090005843,
        "vintage": "Spring 2009"
    },
    {
        "animeEng": "Adachi and Shimamura",
        "animeRomaji": "Adachi to Shimamura",
        "songName": "Kimi no Tonari de",
        "artist": "Akari Kitou",
        "type": "Ending 1",
        "correctCount": 41,
        "startTime": 40,
        "songDuration": 89.736,
        "songNumber": 20,
        "activePlayerCount": 217,
        "LinkVideo": "https://files.catbox.moe/bqd6nq.webm",
        "LinkMp3": "https://files.catbox.moe/6ksakq.mp3",
        "annId": 22954,
        "songDifficulty": 20.30472022049766,
        "vintage": "Fall 2020"
    },
    {
        "animeEng": "Nisemonogatari",
        "animeRomaji": "Nisemonogatari",
        "songName": "Naisho no Hanashi",
        "artist": "ClariS",
        "type": "Ending 1",
        "correctCount": 73,
        "startTime": 39,
        "songDuration": 88.056,
        "songNumber": 21,
        "activePlayerCount": 216,
        "LinkVideo": "https://files.catbox.moe/k15eo0.webm",
        "LinkMp3": "https://files.catbox.moe/fn2p4f.mp3",
        "annId": 13556,
        "songDifficulty": 27.4345075825289,
        "vintage": "Winter 2012"
    },
    {
        "animeEng": "Student Council's Discretion",
        "animeRomaji": "Seitokai no Ichizon",
        "songName": "Ue Ue Shita Shita Hidari Migi Hidari Migi B A - Shiina Shimai Ver.",
        "artist": "Hekiyou Gakuen Seitokai Fukukaichou to Kaikei",
        "type": "Ending 8",
        "correctCount": 31,
        "startTime": 57,
        "songDuration": 90.528,
        "songNumber": 22,
        "activePlayerCount": 216,
        "LinkVideo": "https://files.catbox.moe/22mzcf.webm",
        "LinkMp3": "https://files.catbox.moe/1ey9t8.mp3",
        "annId": 10587,
        "songDifficulty": 25.318804771764253,
        "vintage": "Fall 2009"
    },
    {
        "animeEng": "Komachi to Dangorou",
        "animeRomaji": "Komachi to Dangorou",
        "songName": "Akane no Sora ni",
        "artist": "Yoko Ishida",
        "type": "Ending 1",
        "correctCount": 4,
        "startTime": 59,
        "songDuration": 89.568,
        "songNumber": 23,
        "activePlayerCount": 216,
        "LinkVideo": "https://files.catbox.moe/ejy79g.webm",
        "LinkMp3": "https://files.catbox.moe/ttefta.mp3",
        "annId": 22574,
        "songDifficulty": 9.269907924107143,
        "vintage": "Fall 2012",
        "correctPlayers": [
            "watashiii",
            "Rukawa11",
            "mhkr",
            "SakuraFujima"
        ]
    },
    {
        "animeEng": "Yuki Yuna is a Hero: The Hero Chapter",
        "animeRomaji": "Yuuki Yuuna wa Yuusha de Aru: Yuusha no Shou",
        "songName": "Yuugao",
        "artist": "Emi Evans",
        "type": "Insert Song",
        "correctCount": 46,
        "startTime": 7,
        "songDuration": 53.341124,
        "songNumber": 24,
        "activePlayerCount": 217,
        "LinkVideo": "https://files.catbox.moe/krkh1y.webm",
        "LinkMp3": "https://files.catbox.moe/43va5s.mp3",
        "annId": 20285,
        "songDifficulty": 28.8335408290692,
        "vintage": "Fall 2017"
    },
    {
        "animeEng": "Black Jack Final",
        "animeRomaji": "Black Jack Final",
        "songName": "Just Before The Sunrise",
        "artist": "RHODES",
        "type": "Opening 1",
        "correctCount": 9,
        "startTime": 6,
        "songDuration": 166.464,
        "songNumber": 25,
        "activePlayerCount": 218,
        "LinkVideo": "https://files.catbox.moe/7syu5e.webm",
        "LinkMp3": "https://files.catbox.moe/h88d8f.mp3",
        "annId": 13889,
        "songDifficulty": 14.955703617066376,
        "vintage": "Fall 2011"
    },
    {
        "animeEng": "Natsuki Crisis",
        "animeRomaji": "Natsuki Crisis",
        "songName": "Find a friend in me",
        "artist": "Ami Mimatsu",
        "type": "Ending 2",
        "correctCount": 0,
        "startTime": 8,
        "songDuration": 147.696,
        "songNumber": 26,
        "activePlayerCount": 217,
        "LinkVideo": "https://files.catbox.moe/bkakd4.webm",
        "LinkMp3": "https://files.catbox.moe/bc2mz5.mp3",
        "annId": 5329,
        "songDifficulty": 15.044990007267442,
        "vintage": "Winter 1994"
    },
    {
        "animeEng": "Shiba Inuko-san",
        "animeRomaji": "Shiba Inuko-san",
        "songName": "Shiba Inuko-san no Uta",
        "artist": "Mikoi Sasaki",
        "type": "Opening 1",
        "correctCount": 144,
        "startTime": 1,
        "songDuration": 29.674592,
        "songNumber": 27,
        "activePlayerCount": 219,
        "LinkVideo": "https://files.catbox.moe/zjs0tx.webm",
        "LinkMp3": "https://files.catbox.moe/zn96li.mp3",
        "annId": 14051,
        "songDifficulty": 48.539582719505006,
        "vintage": "Spring 2012"
    },
    {
        "animeEng": "Bloom Into You",
        "animeRomaji": "Yagate Kimi ni Naru",
        "songName": "rise",
        "artist": "Riko Azuna",
        "type": "Insert Song",
        "correctCount": 25,
        "startTime": 72,
        "songDuration": 136.464,
        "songNumber": 28,
        "activePlayerCount": 219,
        "LinkVideo": "https://files.catbox.moe/zf0ans.webm",
        "LinkMp3": "https://files.catbox.moe/lp9d8n.mp3",
        "annId": 21239,
        "songDifficulty": 20.61087400334362,
        "vintage": "Fall 2018"
    },
    {
        "animeEng": "Little Lord Fauntleroy",
        "animeRomaji": "Shoukoushi Cedie",
        "songName": "Dare ka wo Aisuru Tame ni",
        "artist": "Hikaru Nishida",
        "type": "Ending 1",
        "correctCount": 1,
        "startTime": 47,
        "songDuration": 90.168,
        "songNumber": 29,
        "activePlayerCount": 219,
        "LinkVideo": "https://files.catbox.moe/jyvps8.webm",
        "LinkMp3": "https://files.catbox.moe/ivsxc9.mp3",
        "annId": 2077,
        "songDifficulty": 5.80926346909153,
        "vintage": "Winter 1988",
        "correctPlayers": [
            "watashiii"
        ]
    },
    {
        "animeEng": "Frame Arms Girl",
        "animeRomaji": "Frame Arms Girl",
        "songName": "FULLSCRATCH LOVE",
        "artist": "FA Girls #08",
        "type": "Ending 8",
        "correctCount": 14,
        "startTime": 57,
        "songDuration": 88.92,
        "songNumber": 30,
        "activePlayerCount": 218,
        "LinkVideo": "https://files.catbox.moe/lae2sb.webm",
        "LinkMp3": "https://files.catbox.moe/9hzmdd.mp3",
        "annId": 19010,
        "songDifficulty": 16.15340909090909,
        "vintage": "Spring 2017"
    },
    {
        "animeEng": "Magic-kyun! Renaissance",
        "animeRomaji": "Magic-kyun! Renaissance",
        "songName": "Walk in the lonely night",
        "artist": "Yuuichirou Umehara",
        "type": "Insert Song",
        "correctCount": 8,
        "startTime": 10,
        "songDuration": 45.912,
        "songNumber": 31,
        "activePlayerCount": 218,
        "LinkVideo": "https://files.catbox.moe/zpyifn.webm",
        "LinkMp3": "https://files.catbox.moe/7qcocq.mp3",
        "annId": 18467,
        "songDifficulty": 16.377800436580884,
        "vintage": "Fall 2016"
    },
    {
        "animeEng": "True Love Story",
        "animeRomaji": "True Love Story",
        "songName": "Sweet Connection",
        "artist": "Natsuko Kuwatani",
        "type": "Opening 1",
        "correctCount": 6,
        "startTime": 34,
        "songDuration": 94.776,
        "songNumber": 32,
        "activePlayerCount": 220,
        "LinkVideo": "https://files.catbox.moe/85h3kt.webm",
        "LinkMp3": "https://files.catbox.moe/yhz071.mp3",
        "annId": 4356,
        "songDifficulty": 8.130655517578125,
        "vintage": "Winter 2003"
    },
    {
        "animeEng": "Cybernetics Guardian",
        "animeRomaji": "Seijuki Cyguard",
        "songName": "UNDER THE TABLE",
        "artist": "TRASH GANG",
        "type": "Insert Song",
        "correctCount": 9,
        "startTime": 32,
        "songDuration": 101.136,
        "songNumber": 33,
        "activePlayerCount": 220,
        "LinkVideo": "https://files.catbox.moe/ztx0sx.webm",
        "LinkMp3": "https://files.catbox.moe/c7e6ge.mp3",
        "annId": 568,
        "songDifficulty": 28.413308794070513,
        "vintage": "Fall 1989"
    },
    {
        "animeEng": "Re:Cutie Honey",
        "animeRomaji": "Re:Cutie Honey",
        "songName": "Cutie Honey",
        "artist": "Kumi Koda",
        "type": "Opening 1",
        "correctCount": 88,
        "startTime": 59,
        "songDuration": 88.368,
        "songNumber": 34,
        "activePlayerCount": 220,
        "LinkVideo": "https://files.catbox.moe/4e5r2f.webm",
        "LinkMp3": "https://files.catbox.moe/t2x8jt.mp3",
        "annId": 3455,
        "songDifficulty": 35.24932607827476,
        "vintage": "Summer 2004"
    },
    {
        "animeEng": "Shadowverse",
        "animeRomaji": "Shadowverse",
        "songName": "Happiness*Sensation",
        "artist": "Yui Ogura",
        "type": "Ending 1",
        "correctCount": 12,
        "startTime": 47,
        "songDuration": 86.736,
        "songNumber": 35,
        "activePlayerCount": 220,
        "LinkVideo": "https://files.catbox.moe/114l4r.webm",
        "LinkMp3": "https://files.catbox.moe/g01f4w.mp3",
        "annId": 22550,
        "songDifficulty": 20.851542416452443,
        "vintage": "Spring 2020"
    },
    {
        "animeEng": "Denshin Mamotte Shugogetten!",
        "animeRomaji": "Denshin Mamotte Shugogetten!",
        "songName": "Wish",
        "artist": "Mariko Kouda",
        "type": "Opening 1",
        "correctCount": 4,
        "startTime": 9,
        "songDuration": 99.048,
        "songNumber": 36,
        "activePlayerCount": 220,
        "LinkVideo": "https://files.catbox.moe/fezl8k.webm",
        "LinkMp3": "https://files.catbox.moe/rxdd5i.mp3",
        "annId": 1656,
        "songDifficulty": 18.979659016927084,
        "vintage": "Spring 2000",
        "correctPlayers": [
            "watashiii",
            "Rukawa11",
            "SmartHardyz",
            "gaaw"
        ]
    },
    {
        "animeEng": "Dragon Ball Super",
        "animeRomaji": "Dragon Ball Super",
        "songName": "Genkai Toppa \u00d7 Survivor",
        "artist": "Kiyoshi Hikawa",
        "type": "Opening 2",
        "correctCount": 110,
        "startTime": 42,
        "songDuration": 84.072,
        "songNumber": 37,
        "activePlayerCount": 220,
        "LinkVideo": "https://files.catbox.moe/0hyyfq.webm",
        "LinkMp3": "https://files.catbox.moe/yohgxn.mp3",
        "annId": 17006,
        "songDifficulty": 50.74650365799586,
        "vintage": "Summer 2015"
    },
    {
        "animeEng": "Hayate the Combat Butler!!",
        "animeRomaji": "Hayate no Gotoku!!",
        "songName": "Zankoku na Tenshi no Thesis",
        "artist": "Shizuka Itou",
        "type": "Insert Song",
        "correctCount": 57,
        "startTime": 41,
        "songDuration": 88.896,
        "songNumber": 38,
        "activePlayerCount": 219,
        "LinkVideo": "https://files.catbox.moe/gd1tyj.webm",
        "LinkMp3": "https://files.catbox.moe/5rsaja.mp3",
        "annId": 10662,
        "songDifficulty": 25.04073470518064,
        "vintage": "Spring 2009"
    },
    {
        "animeEng": "Fruits Basket The Final Season",
        "animeRomaji": "Fruits Basket The Final Season",
        "songName": "Aogeba Toutoshi",
        "artist": "Kaibara Koukou Sotsugyousei",
        "type": "Insert Song",
        "correctCount": 16,
        "startTime": 36,
        "songDuration": 69.552,
        "songNumber": 39,
        "activePlayerCount": 219,
        "LinkVideo": "https://files.catbox.moe/bsz2kl.webm",
        "LinkMp3": "https://files.catbox.moe/igza9n.mp3",
        "annId": 23980,
        "songDifficulty": 17.32948205429807,
        "vintage": "Spring 2021"
    },
    {
        "animeEng": "Rinne no Lagrange: Kamogawa Days",
        "animeRomaji": "Rinne no Lagrange: Kamogawa Days",
        "songName": "TRY UNITE!",
        "artist": "Megumi Nakajima",
        "type": "Opening 1",
        "correctCount": 67,
        "startTime": 23,
        "songDuration": 85.464,
        "songNumber": 40,
        "activePlayerCount": 221,
        "LinkVideo": "https://files.catbox.moe/rrg2zk.webm",
        "LinkMp3": "https://files.catbox.moe/w0iv3r.mp3",
        "annId": 14181,
        "songDifficulty": 29.60373769024172,
        "vintage": "Spring 2012"
    },
    {
        "animeEng": "Fire Force",
        "animeRomaji": "Enen no Shouboutai",
        "songName": "MAYDAY",
        "artist": "coldrain feat.Ryo from CRYSTAL LAKE",
        "type": "Opening 2",
        "correctCount": 120,
        "startTime": 35,
        "songDuration": 89.016,
        "songNumber": 41,
        "activePlayerCount": 221,
        "LinkVideo": "https://files.catbox.moe/y832nz.webm",
        "LinkMp3": "https://files.catbox.moe/6zvdlx.mp3",
        "annId": 21852,
        "songDifficulty": 34.32979549285778,
        "vintage": "Summer 2019"
    },
    {
        "animeEng": "Initial D: Extra Stage",
        "animeRomaji": "Initial D: Extra Stage",
        "songName": "impact BLUE",
        "artist": "Michiko Neya & Yumi Kakazu",
        "type": "Insert Song",
        "correctCount": 39,
        "startTime": 68,
        "songDuration": 147.576,
        "songNumber": 42,
        "activePlayerCount": 221,
        "LinkVideo": "https://files.catbox.moe/usd6kr.webm",
        "LinkMp3": "https://files.catbox.moe/6gwbss.mp3",
        "annId": 1153,
        "songDifficulty": 20.128513482632542,
        "vintage": "Winter 2001"
    },
    {
        "animeEng": "Trinity Seven: Heavens Library & Crimson Lord",
        "animeRomaji": "Gekijouban Trinity Seven: Tenkuu Toshokan to Shinku no Maou",
        "songName": "OVER THE TRINITY",
        "artist": "\u221avenustas",
        "type": "Insert Song",
        "correctCount": 35,
        "startTime": 66,
        "songDuration": 119.64,
        "songNumber": 43,
        "activePlayerCount": 220,
        "LinkVideo": "https://files.catbox.moe/62z8s1.webm",
        "LinkMp3": "https://files.catbox.moe/uw3izx.mp3",
        "annId": 21599,
        "songDifficulty": 18.353008483100858,
        "vintage": "Winter 2019"
    },
    {
        "animeEng": "Kamiari Algorithm",
        "animeRomaji": "Kamiari Algorithm",
        "songName": "Kamiari Algorithm",
        "artist": "Masayoshi Ooishi (feat.Riria.)",
        "type": "Insert Song",
        "correctCount": 26,
        "startTime": 168,
        "songDuration": 214.944,
        "songNumber": 44,
        "activePlayerCount": 222,
        "LinkVideo": "https://files.catbox.moe/bfibwl.webm",
        "LinkMp3": "https://files.catbox.moe/vr0k18.mp3",
        "annId": 24579,
        "songDifficulty": 18.023468483769093,
        "vintage": "Winter 2021"
    },
    {
        "animeEng": "Bleach: Memories in the Rain",
        "animeRomaji": "Bleach: Memories in the Rain",
        "songName": "Nothing Can Be Explained",
        "artist": "Mike Wyzgowski",
        "type": "Insert Song",
        "correctCount": 147,
        "startTime": 19,
        "songDuration": 58.224,
        "songNumber": 45,
        "activePlayerCount": 223,
        "LinkVideo": "https://files.catbox.moe/2hubcn.webm",
        "LinkMp3": "https://files.catbox.moe/lomp9b.mp3",
        "annId": 5440,
        "songDifficulty": 45.32015931372549,
        "vintage": "Winter 2004"
    },
    {
        "animeEng": "Girls und Panzer: Daikon War!",
        "animeRomaji": "Girls und Panzer: Daikon War!",
        "songName": "Oarai no Onna",
        "artist": "Saori Oonishi",
        "type": "Insert Song",
        "correctCount": 5,
        "startTime": 2,
        "songDuration": 48.696,
        "songNumber": 46,
        "activePlayerCount": 222,
        "LinkVideo": "https://files.catbox.moe/xkd29k.webm",
        "LinkMp3": "https://files.catbox.moe/divapn.mp3",
        "annId": 24670,
        "songDifficulty": 19.430271693638392,
        "vintage": "Fall 2021",
        "correctPlayers": [
            "AIuX",
            "Sinanju",
            "Emdiel",
            "aryagamis",
            "Zurer"
        ]
    },
    {
        "animeEng": "Haikyu!! 3rd Season",
        "animeRomaji": "Haikyu!! Karasuno Koukou VS Shiratorizawa Gakuen Koukou",
        "songName": "Mashi Mashi",
        "artist": "NICO Touches the Walls",
        "type": "Ending 1",
        "correctCount": 101,
        "startTime": 1,
        "songDuration": 87.552,
        "songNumber": 47,
        "activePlayerCount": 225,
        "LinkVideo": "https://files.catbox.moe/fdoh4b.webm",
        "LinkMp3": "https://files.catbox.moe/2iqkvg.mp3",
        "annId": 18459,
        "songDifficulty": 32.375785190279686,
        "vintage": "Fall 2016"
    },
    {
        "animeEng": "Revolutionary Girl Utena",
        "animeRomaji": "Shoujo Kakumei Utena",
        "songName": "Spira Mirabilis Gekijou",
        "artist": "Suginami Jidou Gasshou-dan, Maki Kamiya, Kunihiko Ikuhara, Shinkichi Mitsumune",
        "type": "Insert Song",
        "correctCount": 90,
        "startTime": 14,
        "songDuration": 115.848,
        "songNumber": 48,
        "activePlayerCount": 224,
        "LinkVideo": "https://files.catbox.moe/mykaxb.webm",
        "LinkMp3": "https://files.catbox.moe/snl2iw.mp3",
        "annId": 207,
        "songDifficulty": 45.87309858706721,
        "vintage": "Spring 1997"
    },
    {
        "animeEng": "Le Portrait de Petite Cossette",
        "animeRomaji": "Cossette no Shouzou",
        "songName": "Ballad",
        "artist": "Marina Inoue & Yuki Kajiura",
        "type": "Insert Song",
        "correctCount": 10,
        "startTime": 95,
        "songDuration": 128.064,
        "songNumber": 49,
        "activePlayerCount": 224,
        "LinkVideo": "https://files.catbox.moe/roqdbv.webm",
        "LinkMp3": "https://files.catbox.moe/ot76vv.mp3",
        "annId": 2908,
        "songDifficulty": 16.44182586669922,
        "vintage": "Spring 2004"
    },
    {
        "animeEng": "Police in a Pod",
        "animeRomaji": "Hakozume: Kouban Joshi no Gyakushuu",
        "songName": "Shiranakya",
        "artist": "Riko Azuna",
        "type": "Opening 1",
        "correctCount": 24,
        "startTime": 54,
        "songDuration": 88.68,
        "songNumber": 50,
        "activePlayerCount": 223,
        "LinkVideo": "https://files.catbox.moe/t2fcpx.webm",
        "LinkMp3": "https://files.catbox.moe/ibqjtb.mp3",
        "annId": 24595,
        "songDifficulty": 21.91710819384449,
        "vintage": "Winter 2022"
    },
    {
        "animeEng": "Captain Tsubasa",
        "animeRomaji": "Captain Tsubasa",
        "songName": "Moete Hero",
        "artist": "Souma Saitou",
        "type": "Ending 5",
        "correctCount": 129,
        "startTime": 56,
        "songDuration": 88.057262,
        "songNumber": 51,
        "activePlayerCount": 223,
        "LinkVideo": "https://files.catbox.moe/0ldb04.webm",
        "LinkMp3": "https://files.catbox.moe/r95utx.mp3",
        "annId": 20614,
        "songDifficulty": 50.42692611141602,
        "vintage": "Spring 2018"
    },
    {
        "animeEng": "Love Live! School Idol Project",
        "animeRomaji": "Love Live! School Idol Project",
        "songName": "Susume\u2192Tomorrow",
        "artist": "\u03bc's",
        "type": "Insert Song",
        "correctCount": 108,
        "startTime": 0,
        "songDuration": 22.512,
        "songNumber": 52,
        "activePlayerCount": 222,
        "LinkVideo": "https://files.catbox.moe/4l1lge.webm",
        "LinkMp3": "https://files.catbox.moe/6jwgeu.mp3",
        "annId": 15812,
        "songDifficulty": 55.43866010581062,
        "vintage": "Spring 2014"
    },
    {
        "animeEng": "The King of Braves GaoGaiGar",
        "animeRomaji": "Yuusha-Oh GaoGaiGar",
        "songName": "Yuusha-Ou Tanjou!",
        "artist": "Masaaki Endoh",
        "type": "Opening 1",
        "correctCount": 56,
        "startTime": 11,
        "songDuration": 88.848,
        "songNumber": 53,
        "activePlayerCount": 221,
        "LinkVideo": "https://files.catbox.moe/edeawz.webm",
        "LinkMp3": "https://files.catbox.moe/0j1vv5.mp3",
        "annId": 1170,
        "songDifficulty": 33.680411777540726,
        "vintage": "Winter 1997"
    },
    {
        "animeEng": "One Piece",
        "animeRomaji": "One Piece",
        "songName": "Shiawase no Kuroi Handkerchief",
        "artist": "Choo",
        "type": "Insert Song",
        "correctCount": 60,
        "startTime": 0,
        "songDuration": 29.136,
        "songNumber": 54,
        "activePlayerCount": 222,
        "LinkVideo": "https://files.catbox.moe/z21dh9.webm",
        "LinkMp3": "https://files.catbox.moe/jghcf9.mp3",
        "annId": 836,
        "songDifficulty": 44.47257965686274,
        "vintage": "Fall 1999"
    },
    {
        "animeEng": "Ar Tonelico",
        "animeRomaji": "Ar Tonelico",
        "songName": "EXEC_HYMME_MOISKYRIE/.",
        "artist": "Haruka Shimotsuki",
        "type": "Ending 1",
        "correctCount": 18,
        "startTime": 16,
        "songDuration": 108.84,
        "songNumber": 55,
        "activePlayerCount": 223,
        "LinkVideo": "https://files.catbox.moe/6tdplx.webm",
        "LinkMp3": "https://files.catbox.moe/kxduem.mp3",
        "annId": 6277,
        "songDifficulty": 16.34523782169118,
        "vintage": "Winter 2006"
    },
    {
        "animeEng": "Assassination Classroom the Movie: 365 Days' Time",
        "animeRomaji": "Ansatsu Kyoushitsu: 365-nichi no Jikan",
        "songName": "Tabidachi no Uta",
        "artist": "3-nen E-gumi",
        "type": "Insert Song",
        "correctCount": 91,
        "startTime": 152,
        "songDuration": 243.096,
        "songNumber": 56,
        "activePlayerCount": 222,
        "LinkVideo": "https://files.catbox.moe/b1m2ia.webm",
        "LinkMp3": "https://files.catbox.moe/6nt1wj.mp3",
        "annId": 18752,
        "songDifficulty": 40.721265490301725,
        "vintage": "Fall 2016"
    },
    {
        "animeEng": "Artiswitch",
        "animeRomaji": "Artiswitch",
        "songName": "G4L",
        "artist": "Giga",
        "type": "Insert Song",
        "correctCount": 24,
        "startTime": 48,
        "songDuration": 105.456,
        "songNumber": 57,
        "activePlayerCount": 222,
        "LinkVideo": "https://files.catbox.moe/2szg1f.webm",
        "LinkMp3": "https://files.catbox.moe/ep6pte.mp3",
        "annId": 24373,
        "songDifficulty": 17.78408632105943,
        "vintage": "Spring 2021"
    },
    {
        "animeEng": "Plunderer",
        "animeRomaji": "Plunderer",
        "songName": "Kokou no Hikari Lonely dark",
        "artist": "Miku Itou",
        "type": "Opening 2",
        "correctCount": 55,
        "startTime": 30,
        "songDuration": 88.344,
        "songNumber": 58,
        "activePlayerCount": 221,
        "LinkVideo": "https://files.catbox.moe/safbye.webm",
        "LinkMp3": "https://files.catbox.moe/bhvgxk.mp3",
        "annId": 21996,
        "songDifficulty": 17.091889268063074,
        "vintage": "Winter 2020"
    },
    {
        "animeEng": "Ch\u00e4oS;HEAd",
        "animeRomaji": "Ch\u00e4oS;HEAd",
        "songName": "F.D.D.",
        "artist": "Kanako Itou",
        "type": "Opening 1",
        "correctCount": 64,
        "startTime": 8,
        "songDuration": 88.392,
        "songNumber": 59,
        "activePlayerCount": 221,
        "LinkVideo": "https://files.catbox.moe/jgx32d.webm",
        "LinkMp3": "https://files.catbox.moe/f1jsuh.mp3",
        "annId": 10182,
        "songDifficulty": 31.16527626334787,
        "vintage": "Fall 2008"
    },
    {
        "animeEng": "Demon Slayer: Kimetsu no Yaiba",
        "animeRomaji": "Kimetsu no Yaiba",
        "songName": "Gurenge",
        "artist": "LiSA",
        "type": "Opening 1",
        "correctCount": 190,
        "startTime": 18,
        "songDuration": 89.568,
        "songNumber": 60,
        "activePlayerCount": 221,
        "LinkVideo": "https://files.catbox.moe/ef2ntg.webm",
        "LinkMp3": "https://files.catbox.moe/1uhrww.mp3",
        "annId": 21101,
        "songDifficulty": 72.96655474298572,
        "vintage": "Spring 2019"
    },
    {
        "animeEng": "X-Men",
        "animeRomaji": "X-Men",
        "songName": "Fighting for Justice, Fighting for All",
        "artist": "Tetsuya Takahashi",
        "type": "Ending 1",
        "correctCount": 11,
        "startTime": 28,
        "songDuration": 88.296,
        "songNumber": 61,
        "activePlayerCount": 220,
        "LinkVideo": "https://files.catbox.moe/jylcvj.webm",
        "LinkMp3": "https://files.catbox.moe/2ornc3.mp3",
        "annId": 12366,
        "songDifficulty": 17.530771917836162,
        "vintage": "Spring 2011"
    },
    {
        "animeEng": "Interspecies Reviewers",
        "animeRomaji": "Ishuzoku Reviewers",
        "songName": "Hanabira Ondo",
        "artist": "Junji Majima, Yuusuke Kobayashi, Miyu Tomita",
        "type": "Ending 1",
        "correctCount": 92,
        "startTime": 3,
        "songDuration": 89.064,
        "songNumber": 62,
        "activePlayerCount": 220,
        "LinkVideo": "https://files.catbox.moe/wslkzv.webm",
        "LinkMp3": "https://files.catbox.moe/cqvsfn.mp3",
        "annId": 22612,
        "songDifficulty": 42.24112858335653,
        "vintage": "Winter 2020"
    },
    {
        "animeEng": "Wagnaria!!3",
        "animeRomaji": "Working!!!",
        "songName": "SOMEONE ELSE",
        "artist": "Kana Asumi, Saki Fujita, Eri Kitamura",
        "type": "Ending 3",
        "correctCount": 146,
        "startTime": 83,
        "songDuration": 272.832,
        "songNumber": 63,
        "activePlayerCount": 221,
        "LinkVideo": "https://files.catbox.moe/5rowxm.webm",
        "LinkMp3": "https://files.catbox.moe/5d6dlb.mp3",
        "annId": 16648,
        "songDifficulty": 47.61630103868195,
        "vintage": "Summer 2015"
    },
    {
        "animeEng": "Assassination Classroom Second Season",
        "animeRomaji": "Ansatsu Kyoushitsu Final Season",
        "songName": "QUESTION",
        "artist": "3-nen E-gumi Utatan",
        "type": "Opening 1",
        "correctCount": 128,
        "startTime": 11,
        "songDuration": 89.448,
        "songNumber": 64,
        "activePlayerCount": 222,
        "LinkVideo": "https://files.catbox.moe/v3m099.webm",
        "LinkMp3": "https://files.catbox.moe/ns96qt.mp3",
        "annId": 17686,
        "songDifficulty": 40.767701628171146,
        "vintage": "Winter 2016"
    },
    {
        "animeEng": "Penguin Highway",
        "animeRomaji": "Penguin Highway",
        "songName": "Good Night",
        "artist": "Hikaru Utada",
        "type": "Ending 1",
        "correctCount": 40,
        "startTime": 141,
        "songDuration": 249.84,
        "songNumber": 65,
        "activePlayerCount": 221,
        "LinkVideo": "https://files.catbox.moe/wcvbkw.webm",
        "LinkMp3": "https://files.catbox.moe/wbsft9.mp3",
        "annId": 20710,
        "songDifficulty": 22.458623625717017,
        "vintage": "Summer 2018"
    },
    {
        "animeEng": "A Little Snow Fairy Sugar",
        "animeRomaji": "Chicchana Yukitsukai Sugar",
        "songName": "Sugar Baby Love",
        "artist": "Yoko Ishida",
        "type": "Opening 1",
        "correctCount": 24,
        "startTime": 22,
        "songDuration": 90.072,
        "songNumber": 66,
        "activePlayerCount": 221,
        "LinkVideo": "https://files.catbox.moe/hsw6dg.webm",
        "LinkMp3": "https://files.catbox.moe/jfwy34.mp3",
        "annId": 1018,
        "songDifficulty": 19.28882723721591,
        "vintage": "Fall 2001"
    },
    {
        "animeEng": "The Way of the Househusband",
        "animeRomaji": "Gokushufudou",
        "songName": "Shufu no Michi",
        "artist": "Uchikubi Gokumon Doukoukai",
        "type": "Opening 1",
        "correctCount": 129,
        "startTime": 50,
        "songDuration": 88.512,
        "songNumber": 67,
        "activePlayerCount": 219,
        "LinkVideo": "https://files.catbox.moe/mnupvm.webm",
        "LinkMp3": "https://files.catbox.moe/5rofy3.mp3",
        "annId": 24020,
        "songDifficulty": 35.859371980092774,
        "vintage": "Spring 2021"
    },
    {
        "animeEng": "Busou Shinki",
        "animeRomaji": "Busou Shinki",
        "songName": "Install x Dream",
        "artist": "Kana Asumi, Minori Chihara, Kaori Mizuhashi, Megumi Nakajima",
        "type": "Opening 1",
        "correctCount": 12,
        "startTime": 35,
        "songDuration": 88.944,
        "songNumber": 68,
        "activePlayerCount": 218,
        "LinkVideo": "https://files.catbox.moe/ak52in.webm",
        "LinkMp3": "https://files.catbox.moe/m03vnk.mp3",
        "annId": 14341,
        "songDifficulty": 19.526994388204226,
        "vintage": "Fall 2012"
    },
    {
        "animeEng": "Crayon Shin-chan: Action Kamen vs Haigure Mao",
        "animeRomaji": "Crayon Shin-chan: Action Kamen vs Haigure Mao",
        "songName": "Ora wa Ninkimono",
        "artist": "Akiko Yajima",
        "type": "Opening 1",
        "correctCount": 165,
        "startTime": 20,
        "songDuration": 62.064,
        "songNumber": 69,
        "activePlayerCount": 219,
        "LinkVideo": "https://files.catbox.moe/o74nie.webm",
        "LinkMp3": "https://files.catbox.moe/g5o0h6.mp3",
        "annId": 6739,
        "songDifficulty": 58.78083120849146,
        "vintage": "Summer 1993"
    },
    {
        "animeEng": "30,000 Miles Under the Sea",
        "animeRomaji": "Kaitei Sanman Mile",
        "songName": "Ousawagi no Tango",
        "artist": "Ado Mizumori, Vocal Shop",
        "type": "Insert Song",
        "correctCount": 5,
        "startTime": 31,
        "songDuration": 62.592,
        "songNumber": 70,
        "activePlayerCount": 219,
        "LinkVideo": "https://files.catbox.moe/yy9ay9.webm",
        "LinkMp3": "https://files.catbox.moe/90iyup.mp3",
        "annId": 3587,
        "songDifficulty": 5.202007664487232,
        "vintage": "Summer 1970",
        "correctPlayers": [
            "Chemist",
            "MKNono",
            "SmartHardyz",
            "SakuraFujima",
            "Hooman"
        ]
    },
    {
        "animeEng": "Fate/Zero",
        "animeRomaji": "Fate/Zero",
        "songName": "to the beginning",
        "artist": "Kalafina",
        "type": "Opening 1",
        "correctCount": 150,
        "startTime": 12,
        "songDuration": 89.256,
        "songNumber": 71,
        "activePlayerCount": 220,
        "LinkVideo": "https://files.catbox.moe/k6enn9.webm",
        "LinkMp3": "https://files.catbox.moe/gp3kzc.mp3",
        "annId": 14122,
        "songDifficulty": 46.92780645869947,
        "vintage": "Spring 2012"
    },
    {
        "animeEng": "Clannad",
        "animeRomaji": "Clannad",
        "songName": "Mag Mell ~cuckool mix 2007~",
        "artist": "eufonius",
        "type": "Opening 1",
        "correctCount": 156,
        "startTime": 41,
        "songDuration": 89.568,
        "songNumber": 72,
        "activePlayerCount": 220,
        "LinkVideo": "https://files.catbox.moe/a1ed34.webm",
        "LinkMp3": "https://files.catbox.moe/grr2j9.mp3",
        "annId": 7809,
        "songDifficulty": 38.983674379284786,
        "vintage": "Fall 2007"
    },
    {
        "animeEng": "Strike The Blood IV",
        "animeRomaji": "Strike The Blood IV",
        "songName": "Akatsuki no Kaleido Blood",
        "artist": "Kishida Kyoudan &THE Akeboshi Rockets",
        "type": "Opening 1",
        "correctCount": 64,
        "startTime": 13,
        "songDuration": 88.632,
        "songNumber": 73,
        "activePlayerCount": 220,
        "LinkVideo": "https://files.catbox.moe/dxryf8.webm",
        "LinkMp3": "https://files.catbox.moe/clalbu.mp3",
        "annId": 22932,
        "songDifficulty": 25.490004595588236,
        "vintage": "Spring 2020"
    },
    {
        "animeEng": "Code Geass: Lelouch of the Rebellion",
        "animeRomaji": "Code Geass: Hangyaku no Lelouch",
        "songName": "COLORS",
        "artist": "FLOW",
        "type": "Opening 1",
        "correctCount": 154,
        "startTime": 60,
        "songDuration": 90,
        "songNumber": 74,
        "activePlayerCount": 221,
        "LinkVideo": "https://files.catbox.moe/w9hgpy.webm",
        "LinkMp3": "https://files.catbox.moe/ap6khk.mp3",
        "annId": 6704,
        "songDifficulty": 51.69465023921222,
        "vintage": "Fall 2006"
    },
    {
        "animeEng": "Thermae Romae",
        "animeRomaji": "Thermae Romae",
        "songName": "Thermae Roman",
        "artist": "Chatmonchy",
        "type": "Ending 1",
        "correctCount": 16,
        "startTime": 28,
        "songDuration": 89.023776,
        "songNumber": 75,
        "activePlayerCount": 220,
        "LinkVideo": "https://files.catbox.moe/iko954.webm",
        "LinkMp3": "https://files.catbox.moe/28cnmc.mp3",
        "annId": 13856,
        "songDifficulty": 15.68646170079023,
        "vintage": "Winter 2012"
    },
    {
        "animeEng": "The IDOLM@STER",
        "animeRomaji": "The IDOLM@STER",
        "songName": "Waratte!",
        "artist": "Eriko Nakamura",
        "type": "Insert Song",
        "correctCount": 3,
        "startTime": 48,
        "songDuration": 88.152,
        "songNumber": 76,
        "activePlayerCount": 221,
        "LinkVideo": "https://files.catbox.moe/m6d814.webm",
        "LinkMp3": "https://files.catbox.moe/dzt9g8.mp3",
        "annId": 12436,
        "songDifficulty": 13.687934238470874,
        "vintage": "Summer 2011",
        "correctPlayers": [
            "Meawtype78",
            "Hejsan",
            "whensidols"
        ]
    },
    {
        "animeEng": "Magical Mako-chan",
        "animeRomaji": "Mahou no Mako-chan",
        "songName": "Mahou no Mako-chan",
        "artist": "Mitsuko Horie",
        "type": "Opening 1",
        "correctCount": 49,
        "startTime": 7,
        "songDuration": 46.344,
        "songNumber": 77,
        "activePlayerCount": 219,
        "LinkVideo": "https://files.catbox.moe/eb5xfr.webm",
        "LinkMp3": "https://files.catbox.moe/0587if.mp3",
        "annId": 1387,
        "songDifficulty": 41.82774495361083,
        "vintage": "Fall 1970"
    },
    {
        "animeEng": "Gambler Densetsu Tetsuya",
        "animeRomaji": "Gambler Densetsu Tetsuya",
        "songName": "REACH OUT",
        "artist": "Akiko Wada",
        "type": "Opening 1",
        "correctCount": 6,
        "startTime": 5,
        "songDuration": 89.712,
        "songNumber": 78,
        "activePlayerCount": 220,
        "LinkVideo": "https://files.catbox.moe/ba3yl3.webm",
        "LinkMp3": "https://files.catbox.moe/mugi7x.mp3",
        "annId": 2143,
        "songDifficulty": 14.47280063841415,
        "vintage": "Fall 2000"
    },
    {
        "animeEng": "Yakeato no, Okashi no Ki",
        "animeRomaji": "Yakeato no, Okashi no Ki",
        "songName": "Omoide no Album",
        "artist": "Rena Takahashi",
        "type": "Ending 1",
        "correctCount": 1,
        "startTime": 34,
        "songDuration": 88.032,
        "songNumber": 79,
        "activePlayerCount": 219,
        "LinkVideo": "https://files.catbox.moe/4n95np.webm",
        "LinkMp3": "https://files.catbox.moe/dz4wao.mp3",
        "annId": 23448,
        "songDifficulty": 7.7306357600359,
        "vintage": "Summer 2006",
        "correctPlayers": [
            "watashiii"
        ]
    },
    {
        "animeEng": "Aikatsu!: Nerawareta Mahou no Aikatsu! Card",
        "animeRomaji": "Aikatsu!: Nerawareta Mahou no Aikatsu! Card",
        "songName": "Idol Katsudou!",
        "artist": "Waka\u30fbFuuri\u30fbYuna\u30fbRemi\u30fbEri\u30fbRisuko\u30fbMona\u30fbRuka from STAR\u2606ANIS & Mona\u30fbMiki\u30fbMiho\u30fbNanase\u30fbKana from AIKATSU\u2606STARS!",
        "type": "Insert Song",
        "correctCount": 19,
        "startTime": 0,
        "songDuration": 124.152,
        "songNumber": 80,
        "activePlayerCount": 218,
        "LinkVideo": "https://files.catbox.moe/bsolaw.webm",
        "LinkMp3": "https://files.catbox.moe/uipqr3.mp3",
        "annId": 18548,
        "songDifficulty": 14.73970054695336,
        "vintage": "Summer 2016"
    },
    {
        "animeEng": "Sister Princess: Re Pure",
        "animeRomaji": "Sister Princess: Re Pure",
        "songName": "A Girl in Love",
        "artist": "Nana Mizuki",
        "type": "Opening 4",
        "correctCount": 22,
        "startTime": 16,
        "songDuration": 90.12,
        "songNumber": 81,
        "activePlayerCount": 218,
        "LinkVideo": "https://files.catbox.moe/5ftaio.webm",
        "LinkMp3": "https://files.catbox.moe/q6i7ff.mp3",
        "annId": 1824,
        "songDifficulty": 27.151767151767153,
        "vintage": "Fall 2002"
    },
    {
        "animeEng": "Doraemon: Nobita and the Steel Troops",
        "animeRomaji": "Doraemon: Nobita to Tetsujin Heidan",
        "songName": "Watashi ga Fushigi",
        "artist": "Kumiko Oosugi",
        "type": "Ending 1",
        "correctCount": 0,
        "startTime": 60,
        "songDuration": 145.865248,
        "songNumber": 82,
        "activePlayerCount": 218,
        "LinkVideo": "https://files.catbox.moe/s3wriy.webm",
        "LinkMp3": "https://files.catbox.moe/9sokgz.mp3",
        "annId": 1891,
        "songDifficulty": 13.353908460326647,
        "vintage": "Winter 1986"
    },
    {
        "animeEng": "gdgd Fairies",
        "animeRomaji": "gdgd Fairies",
        "songName": "Eternal",
        "artist": "gdgd Fairies",
        "type": "Ending 1",
        "correctCount": 21,
        "startTime": 13,
        "songDuration": 47.76,
        "songNumber": 83,
        "activePlayerCount": 218,
        "LinkVideo": "https://files.catbox.moe/b6lqpx.webm",
        "LinkMp3": "https://files.catbox.moe/dtnj9x.mp3",
        "annId": 13451,
        "songDifficulty": 17.690134030963304,
        "vintage": "Fall 2011"
    },
    {
        "animeEng": "Aikatsu!",
        "animeRomaji": "Aikatsu!",
        "songName": "Du-Du-Wa DO IT!!",
        "artist": "Ruka\u30fbMona from AIKATSU\u2606STARS!",
        "type": "Insert Song",
        "correctCount": 94,
        "startTime": 68,
        "songDuration": 101.256,
        "songNumber": 84,
        "activePlayerCount": 217,
        "LinkVideo": "https://files.catbox.moe/t2ggoa.webm",
        "LinkMp3": "https://files.catbox.moe/5dognd.mp3",
        "annId": 16165,
        "songDifficulty": 44.440084438131315,
        "vintage": "Fall 2014"
    },
    {
        "animeEng": "Dragon Crisis!",
        "animeRomaji": "Dragon Crisis!",
        "songName": "Immoralist",
        "artist": "Yui Horie",
        "type": "Opening 1",
        "correctCount": 71,
        "startTime": 43,
        "songDuration": 88.968,
        "songNumber": 85,
        "activePlayerCount": 214,
        "LinkVideo": "https://files.catbox.moe/sfc0xx.webm",
        "LinkMp3": "https://files.catbox.moe/6flica.mp3",
        "annId": 11721,
        "songDifficulty": 25.537854139888605,
        "vintage": "Winter 2011"
    }
]