[
    {
        "animeEng": "Knight Hunters",
        "animeRomaji": "Wei\u00df Kreuz",
        "songName": "Velvet Under world",
        "artist": "Wei\u00df",
        "type": "Opening 1",
        "correctCount": 7,
        "startTime": 21,
        "songDuration": 88.272,
        "songNumber": 1,
        "activePlayerCount": 96,
        "LinkVideo": "https://files.catbox.moe/f4a619.webm",
        "LinkMp3": "https://files.catbox.moe/1afl12.mp3",
        "annId": 254
    },
    {
        "animeEng": "Higurashi: When They Cry - Gou",
        "animeRomaji": "Higurashi no Naku Koro ni Gou",
        "songName": "Higurashi no Naku Koro ni",
        "artist": "Eiko Shimamiya",
        "type": "Ending 1",
        "correctCount": 82,
        "startTime": 22,
        "songDuration": 90.12,
        "songNumber": 2,
        "activePlayerCount": 102,
        "LinkVideo": "https://files.catbox.moe/qdyctu.webm",
        "LinkMp3": "https://files.catbox.moe/50gq0p.mp3",
        "annId": 23297
    },
    {
        "animeEng": "Laid-Back Camp",
        "animeRomaji": "Yuru Camp\u25b3",
        "songName": "Fuyu Biyori",
        "artist": "Eri Sasaki",
        "type": "Ending 1",
        "correctCount": 64,
        "startTime": 3,
        "songDuration": 88.512,
        "songNumber": 3,
        "activePlayerCount": 106,
        "LinkVideo": "https://files.catbox.moe/0n1yhg.webm",
        "LinkMp3": "https://files.catbox.moe/xtzsny.mp3",
        "annId": 20010
    },
    {
        "animeEng": "Duel Masters Zero",
        "animeRomaji": "Duel Masters Zero",
        "songName": "Tamashii Shoukan!",
        "artist": "Rey",
        "type": "Opening 1",
        "correctCount": 9,
        "startTime": 4,
        "songDuration": 38.808,
        "songNumber": 4,
        "activePlayerCount": 107,
        "LinkVideo": "https://files.catbox.moe/ujfhty.webm",
        "LinkMp3": "https://files.catbox.moe/r3oyh4.mp3",
        "annId": 11491
    },
    {
        "animeEng": "Kira Kira\u2606Pretty Cure A La Mode",
        "animeRomaji": "Kirakira\u2606Precure A La Mode",
        "songName": "Aozora Alright",
        "artist": "Tomo Muranaka",
        "type": "Insert Song",
        "correctCount": 5,
        "startTime": 23,
        "songDuration": 120.504,
        "songNumber": 5,
        "activePlayerCount": 110,
        "LinkVideo": "https://files.catbox.moe/nk23zc.webm",
        "LinkMp3": "https://files.catbox.moe/4y3bfa.mp3",
        "annId": 18962,
        "correctPlayers": [
            "Sonoko",
            "bamboo",
            "Diukes",
            "Deafness",
            "MayuSakuma"
        ]
    },
    {
        "animeEng": "One Piece",
        "animeRomaji": "One Piece",
        "songName": "BADEND MUSICAL",
        "artist": "Mami Koyama",
        "type": "Insert Song",
        "correctCount": 20,
        "startTime": 74,
        "songDuration": 293.559036,
        "songNumber": 6,
        "activePlayerCount": 110,
        "LinkVideo": "https://files.catbox.moe/jibvqp.webm",
        "LinkMp3": "https://files.catbox.moe/lenjzs.mp3",
        "annId": 836
    },
    {
        "animeEng": "A Punk Cat in Space",
        "animeRomaji": "Tamala 2010",
        "songName": "talk to me",
        "artist": "trees of Life",
        "type": "Insert Song",
        "correctCount": 4,
        "startTime": 67,
        "songDuration": 107.76,
        "songNumber": 7,
        "activePlayerCount": 110,
        "LinkVideo": "https://files.catbox.moe/ox5lor.webm",
        "LinkMp3": "https://files.catbox.moe/u4skja.mp3",
        "annId": 2637,
        "correctPlayers": [
            "_Zemka_",
            "VanityClock",
            "watashiii",
            "Beokros"
        ]
    },
    {
        "animeEng": "Nanako SOS",
        "animeRomaji": "Nanako SOS",
        "songName": "Orange no Dancing",
        "artist": "Miyuki Takahashi",
        "type": "Opening 1",
        "correctCount": 6,
        "startTime": 10,
        "songDuration": 89.064,
        "songNumber": 8,
        "activePlayerCount": 111,
        "LinkVideo": "https://files.catbox.moe/mr60bb.webm",
        "LinkMp3": "https://files.catbox.moe/l4o8pa.mp3",
        "annId": 701
    },
    {
        "animeEng": "Brothers Conflict",
        "animeRomaji": "Brothers Conflict",
        "songName": "Na mo Naki Hoshi ~Silent Stars~",
        "artist": "Gero",
        "type": "Insert Song",
        "correctCount": 4,
        "startTime": 2,
        "songDuration": 50.064,
        "songNumber": 9,
        "activePlayerCount": 115,
        "LinkVideo": "https://files.catbox.moe/gjag23.webm",
        "LinkMp3": "https://files.catbox.moe/ccl532.mp3",
        "annId": 14865,
        "correctPlayers": [
            "VineRosy",
            "Blacky_Doll",
            "yamagucci",
            "MKNono"
        ]
    },
    {
        "animeEng": "Pok\u00e9mon: Black and White - Rival Destinies",
        "animeRomaji": "Pocket Monsters: Best Wishes! Season 2",
        "songName": "Rocket-dan yo Eien ni",
        "artist": "Rocket-dan",
        "type": "Ending 2",
        "correctCount": 23,
        "startTime": 19,
        "songDuration": 80.352,
        "songNumber": 10,
        "activePlayerCount": 116,
        "LinkVideo": "https://files.catbox.moe/6whd6t.webm",
        "LinkMp3": "https://files.catbox.moe/3gz5ch.mp3",
        "annId": 14333
    },
    {
        "animeEng": "Goblin Slayer: Goblin's Crown",
        "animeRomaji": "Goblin Slayer: Goblin's Crown",
        "songName": "Static",
        "artist": "Mili",
        "type": "Ending 1",
        "correctCount": 56,
        "startTime": 132,
        "songDuration": 207.12,
        "songNumber": 11,
        "activePlayerCount": 117,
        "LinkVideo": "https://files.catbox.moe/bbmfue.webm",
        "LinkMp3": "https://files.catbox.moe/p6vh7f.mp3",
        "annId": 22010
    },
    {
        "animeEng": "Excel Saga",
        "animeRomaji": "Heppoko Jikken Animation Excel\u2665Saga",
        "songName": "Menchi Aishou no Bolero ~Gyakuna no ne",
        "artist": "Excel\u2665Girls",
        "type": "Ending 2",
        "correctCount": 29,
        "startTime": 14,
        "songDuration": 89.016,
        "songNumber": 12,
        "activePlayerCount": 117,
        "LinkVideo": "https://files.catbox.moe/q0mba9.webm",
        "LinkMp3": "https://files.catbox.moe/a4os2v.mp3",
        "annId": 398
    },
    {
        "animeEng": "Arakawa Under the Bridge",
        "animeRomaji": "Arakawa Under the Bridge",
        "songName": "Title Nante Jibun de Kangaenasai na",
        "artist": "Miyuki Sawashiro",
        "type": "Opening 2",
        "correctCount": 40,
        "startTime": 1,
        "songDuration": 88.872,
        "songNumber": 13,
        "activePlayerCount": 116,
        "LinkVideo": "https://files.catbox.moe/urvee8.webm",
        "LinkMp3": "https://files.catbox.moe/dizknk.mp3",
        "annId": 11188
    },
    {
        "animeEng": "ClassicaLoid",
        "animeRomaji": "ClassicaLoid",
        "songName": "Hikari no Tabibito ~Koukyoukyoku Dai-40-ban yori~",
        "artist": "tofubeats feat. Akinori Nakagawa",
        "type": "Insert Song",
        "correctCount": 36,
        "startTime": 8,
        "songDuration": 145.055466,
        "songNumber": 14,
        "activePlayerCount": 117,
        "LinkVideo": "https://files.catbox.moe/wcezy9.webm",
        "LinkMp3": "https://files.catbox.moe/apn8e9.mp3",
        "annId": 19801
    },
    {
        "animeEng": "WorldEnd: What are you doing at the end of the world? Are you busy? Will you save us?",
        "animeRomaji": "Shuumatsu Nani Shitemasu ka? Isogashii Desu ka? Sukutte Moratte Ii Desu ka?",
        "songName": "From",
        "artist": "TRUE",
        "type": "Ending 1",
        "correctCount": 26,
        "startTime": 45,
        "songDuration": 89.064,
        "songNumber": 15,
        "activePlayerCount": 117,
        "LinkVideo": "https://files.catbox.moe/vokei6.webm",
        "LinkMp3": "https://files.catbox.moe/v8ayvo.mp3",
        "annId": 18985
    },
    {
        "animeEng": "Mob Psycho 100 II OVA",
        "animeRomaji": "Mob Psycho 100: Dai Ikkai Rei Toka Soudansho Ianryokou - Kokoro Mitasu Iyashi no Tabi",
        "songName": "Ikiru Hitobito",
        "artist": "sajou no hana",
        "type": "Ending 1",
        "correctCount": 67,
        "startTime": 35,
        "songDuration": 89.016,
        "songNumber": 16,
        "activePlayerCount": 116,
        "LinkVideo": "https://files.catbox.moe/krtjca.webm",
        "LinkMp3": "https://files.catbox.moe/r34n0g.mp3",
        "annId": 22493
    },
    {
        "animeEng": "Cute High Earth Defense Club LOVE! LOVE!",
        "animeRomaji": "Binan Koukou Chikyuu Bouei-bu Love! Love!",
        "songName": "Futten Toppa\u2606LOVE IS POWER\u2606",
        "artist": "Chikyuu Bouei-bu",
        "type": "Opening 1",
        "correctCount": 17,
        "startTime": 19,
        "songDuration": 89.311118,
        "songNumber": 17,
        "activePlayerCount": 116,
        "LinkVideo": "https://files.catbox.moe/2ccdmb.webm",
        "LinkMp3": "https://files.catbox.moe/k9dn83.mp3",
        "annId": 18235
    },
    {
        "animeEng": "Persona 4 The Animation",
        "animeRomaji": "Persona 4 The Animation",
        "songName": "Beauty of Destiny",
        "artist": "Shihoko Hirata feat. Lotus Juice",
        "type": "Ending 1",
        "correctCount": 26,
        "startTime": 8,
        "songDuration": 88.608,
        "songNumber": 18,
        "activePlayerCount": 116,
        "LinkVideo": "https://files.catbox.moe/gdkpcu.webm",
        "LinkMp3": "https://files.catbox.moe/cvr3de.mp3",
        "annId": 12870
    },
    {
        "animeEng": "Deep Blue Song",
        "animeRomaji": "Deep Blue Song",
        "songName": "DEEP BLUE SONG",
        "artist": "Aya Uchida",
        "type": "Insert Song",
        "correctCount": 19,
        "startTime": 73,
        "songDuration": 233.112,
        "songNumber": 19,
        "activePlayerCount": 118,
        "LinkVideo": "https://files.catbox.moe/6f3k52.webm",
        "LinkMp3": "https://files.catbox.moe/onsnz4.mp3",
        "annId": 23764
    },
    {
        "animeEng": "given",
        "animeRomaji": "given",
        "songName": "Fuyu no Hanashi",
        "artist": "Given",
        "type": "Insert Song",
        "correctCount": 35,
        "startTime": 62,
        "songDuration": 200.376,
        "songNumber": 20,
        "activePlayerCount": 119,
        "LinkVideo": "https://files.catbox.moe/98lvzn.webm",
        "LinkMp3": "https://files.catbox.moe/y9ug82.mp3",
        "annId": 21958
    },
    {
        "animeEng": "Genesis Climber Mospeada: Love, Live, Alive",
        "animeRomaji": "Genesis Climber Mospeada: Love, Live, Alive",
        "songName": "Heart Wave",
        "artist": "Jin Haneoka",
        "type": "Insert Song",
        "correctCount": 2,
        "startTime": 167,
        "songDuration": 242.568,
        "songNumber": 21,
        "activePlayerCount": 121,
        "LinkVideo": "https://files.catbox.moe/d9po30.webm",
        "LinkMp3": "https://files.catbox.moe/tqaos5.mp3",
        "annId": 3896,
        "correctPlayers": [
            "Blacky_Doll",
            "watashiii"
        ]
    },
    {
        "animeEng": "Kiss\u00d7sis",
        "animeRomaji": "Kiss\u00d7sis",
        "songName": "Balance KISS",
        "artist": "AkoRiko",
        "type": "Opening 1",
        "correctCount": 76,
        "startTime": 52,
        "songDuration": 90.144,
        "songNumber": 22,
        "activePlayerCount": 121,
        "LinkVideo": "https://files.catbox.moe/qjnzwm.webm",
        "LinkMp3": "https://files.catbox.moe/qu4x7y.mp3",
        "annId": 11169
    },
    {
        "animeEng": "Initial D: Fourth Stage",
        "animeRomaji": "Initial D: Fourth Stage",
        "songName": "I WANNA BE THE NIGHT",
        "artist": "CHRIS T",
        "type": "Insert Song",
        "correctCount": 17,
        "startTime": 13,
        "songDuration": 255.144,
        "songNumber": 23,
        "activePlayerCount": 121,
        "LinkVideo": "https://files.catbox.moe/qt2wyv.webm",
        "LinkMp3": "https://files.catbox.moe/m271aq.mp3",
        "annId": 3396
    },
    {
        "animeEng": "Ascendance of a Bookworm",
        "animeRomaji": "Honzuki no Gekokujou",
        "songName": "Masshiro",
        "artist": "Sumire Morohoshi",
        "type": "Opening 1",
        "correctCount": 53,
        "startTime": 42,
        "songDuration": 89.064,
        "songNumber": 24,
        "activePlayerCount": 121,
        "LinkVideo": "https://files.catbox.moe/bm4i35.webm",
        "LinkMp3": "https://files.catbox.moe/onsne0.mp3",
        "annId": 22255
    },
    {
        "animeEng": "Fight! Iczer-One",
        "animeRomaji": "Tatakae! Iczer-1",
        "songName": "Eien no Iczer-1",
        "artist": "Miki Kakizawa",
        "type": "Ending 3",
        "correctCount": 2,
        "startTime": 28,
        "songDuration": 187.704,
        "songNumber": 25,
        "activePlayerCount": 123,
        "LinkVideo": "https://files.catbox.moe/0zdt9m.webm",
        "LinkMp3": "https://files.catbox.moe/l2jud4.mp3",
        "annId": 684,
        "correctPlayers": [
            "Blacky_Doll",
            "watashiii"
        ]
    },
    {
        "animeEng": "Urusei Yatsura Movie 4: Lum The Forever",
        "animeRomaji": "Urusei Yatsura Movie 4: Lum The Forever",
        "songName": "Melancholy no Kiseki",
        "artist": "Kayoko Matsunaga",
        "type": "Ending 1",
        "correctCount": 1,
        "startTime": 23,
        "songDuration": 223.104,
        "songNumber": 26,
        "activePlayerCount": 123,
        "LinkVideo": "https://files.catbox.moe/x2jldn.webm",
        "LinkMp3": "https://files.catbox.moe/cmijfq.mp3",
        "annId": 650,
        "correctPlayers": [
            "Champagne"
        ]
    },
    {
        "animeEng": "Go! Princess Pretty Cure the Movie Go! Go!! Gorgeous Triple Feature!!!",
        "animeRomaji": "Eiga Go! Princess Precure Go! Go!! Gouka 3-bon Date!!!",
        "songName": "Precure Princess Engage!",
        "artist": "Yuka Uchiyae",
        "type": "Insert Song",
        "correctCount": 14,
        "startTime": 40,
        "songDuration": 72.528,
        "songNumber": 27,
        "activePlayerCount": 123,
        "LinkVideo": "https://files.catbox.moe/zhhqkd.webm",
        "LinkMp3": "https://files.catbox.moe/3p8s60.mp3",
        "annId": 17361
    },
    {
        "animeEng": "Anyamal Tantei Kiruminzoo",
        "animeRomaji": "Anyamal Tantei Kiruminzoo",
        "songName": "Clap your Sunday",
        "artist": "Neko Jump",
        "type": "Ending 2",
        "correctCount": 7,
        "startTime": 18,
        "songDuration": 89.04,
        "songNumber": 28,
        "activePlayerCount": 124,
        "LinkVideo": "https://files.catbox.moe/j905yy.webm",
        "LinkMp3": "https://files.catbox.moe/fcyd70.mp3",
        "annId": 11028
    },
    {
        "animeEng": "Glamorous Heroes",
        "animeRomaji": "Glamorous Heroes",
        "songName": "OVER",
        "artist": "SHOW-C",
        "type": "Ending 1",
        "correctCount": 5,
        "startTime": 0,
        "songDuration": 28.776,
        "songNumber": 29,
        "activePlayerCount": 122,
        "LinkVideo": "https://files.catbox.moe/mn2hfy.webm",
        "LinkMp3": "https://files.catbox.moe/i5u541.mp3",
        "annId": 23005,
        "correctPlayers": [
            "Rukawa11",
            "Kameyn",
            "ArukasFrost",
            "ok1na",
            "Thaleko"
        ]
    },
    {
        "animeEng": "Monster High: Kowa-ike Girls",
        "animeRomaji": "Monster High: Kowa-ike Girls",
        "songName": "Monster High",
        "artist": "amorecarina feat.Chu-Z KAEDE",
        "type": "Opening 1",
        "correctCount": 89,
        "startTime": 0,
        "songDuration": 29.688,
        "songNumber": 30,
        "activePlayerCount": 123,
        "LinkVideo": "https://files.catbox.moe/qt385k.webm",
        "LinkMp3": "https://files.catbox.moe/437ren.mp3",
        "annId": 16416
    },
    {
        "animeEng": "Ryoko's Case File",
        "animeRomaji": "Yakushiji Ryouko no Kaiki Jikenbo",
        "songName": "Ryoko2",
        "artist": "Rio Kouyama",
        "type": "Ending 2",
        "correctCount": 5,
        "startTime": 9,
        "songDuration": 79.056,
        "songNumber": 31,
        "activePlayerCount": 124,
        "LinkVideo": "https://files.catbox.moe/xhz3v7.webm",
        "LinkMp3": "https://files.catbox.moe/mjdizz.mp3",
        "annId": 9087,
        "correctPlayers": [
            "Beokros",
            "MKNono",
            "SakuraFujima",
            "Saiyuki",
            "___555tt___"
        ]
    },
    {
        "animeEng": "Grenadier",
        "animeRomaji": "Grenadier - Hohoemi no Senshi",
        "songName": "Kanashimi ni Makenaide",
        "artist": "Mikuni Shimokawa",
        "type": "Ending 1",
        "correctCount": 4,
        "startTime": 42,
        "songDuration": 89.064,
        "songNumber": 32,
        "activePlayerCount": 125,
        "LinkVideo": "https://files.catbox.moe/ymd05u.webm",
        "LinkMp3": "https://files.catbox.moe/r744uo.mp3",
        "annId": 4443,
        "correctPlayers": [
            "ShikiNatsume",
            "watashiii",
            "Mami",
            "Anessa"
        ]
    },
    {
        "animeEng": "Listeners",
        "animeRomaji": "Listeners",
        "songName": "Listeners",
        "artist": "Rie Takahashi",
        "type": "Ending 11",
        "correctCount": 24,
        "startTime": 62,
        "songDuration": 95.832,
        "songNumber": 33,
        "activePlayerCount": 126,
        "LinkVideo": "https://files.catbox.moe/6yw03o.webm",
        "LinkMp3": "https://files.catbox.moe/qdsbph.mp3",
        "annId": 23008
    },
    {
        "animeEng": "Cencoroll Connect",
        "animeRomaji": "Cencoroll Connect",
        "songName": "#Love",
        "artist": "supercell feat. Ann, gaku",
        "type": "Ending 1",
        "correctCount": 19,
        "startTime": 24,
        "songDuration": 253.992,
        "songNumber": 34,
        "activePlayerCount": 127,
        "LinkVideo": "https://files.catbox.moe/0d8cbq.webm",
        "LinkMp3": "https://files.catbox.moe/jhd2gk.mp3",
        "annId": 16260
    },
    {
        "animeEng": "Saiyuki Gunlock",
        "animeRomaji": "Saiyuki Gunlock",
        "songName": "Don't look back again",
        "artist": "WAG",
        "type": "Opening 1",
        "correctCount": 8,
        "startTime": 30,
        "songDuration": 87.534822,
        "songNumber": 35,
        "activePlayerCount": 127,
        "LinkVideo": "https://files.catbox.moe/vr0ylx.webm",
        "LinkMp3": "https://files.catbox.moe/db4hpy.mp3",
        "annId": 4167
    },
    {
        "animeEng": "Akame ga Kill!",
        "animeRomaji": "Akame ga Kill!",
        "songName": "Liar Mask",
        "artist": "Rika Mayama",
        "type": "Opening 2",
        "correctCount": 68,
        "startTime": 39,
        "songDuration": 90.014406,
        "songNumber": 36,
        "activePlayerCount": 128,
        "LinkVideo": "https://files.catbox.moe/wpylb5.webm",
        "LinkMp3": "https://files.catbox.moe/qvf0y9.mp3",
        "annId": 15919
    },
    {
        "animeEng": "Maken-Ki! Battling Venus",
        "animeRomaji": "Maken-Ki!",
        "songName": "Baby! Baby!",
        "artist": "Sayuri Yahagi & Misuzu Togashi",
        "type": "Ending 4",
        "correctCount": 40,
        "startTime": 28,
        "songDuration": 86.184,
        "songNumber": 37,
        "activePlayerCount": 128,
        "LinkVideo": "https://files.catbox.moe/mpj2s0.webm",
        "LinkMp3": "https://files.catbox.moe/ath09k.mp3",
        "annId": 12925
    },
    {
        "animeEng": "Pollyanna",
        "animeRomaji": "Ai Shoujo Pollyanna Monogatari",
        "songName": "Shi\u30fbA\u30fbWa\u30fbSe Carnival",
        "artist": "Youki Kudoh",
        "type": "Opening 1",
        "correctCount": 5,
        "startTime": 30,
        "songDuration": 79.056,
        "songNumber": 38,
        "activePlayerCount": 128,
        "LinkVideo": "https://files.catbox.moe/3kgeqi.webm",
        "LinkMp3": "https://files.catbox.moe/4c42wi.mp3",
        "annId": 1057,
        "correctPlayers": [
            "uhhuhher",
            "watashiii",
            "Rukawa11",
            "Chatmonchy",
            "Edwardd"
        ]
    },
    {
        "animeEng": "Precure All Stars DX3: Mirai ni Todoke! Sekai o Tsunagu\u2606Niji-Iro no Hana",
        "animeRomaji": "Precure All Stars DX3: Mirai ni Todoke! Sekai o Tsunagu\u2606Niji-Iro no Hana",
        "songName": "Kirakira kawaii! Precure Daishuugou\u266a~Inochi no Hana~",
        "artist": "Mayu Kudou feat. Mayumi Gojou, Yuka Uchiyae",
        "type": "Opening 1",
        "correctCount": 15,
        "startTime": 199,
        "songDuration": 231.72,
        "songNumber": 39,
        "activePlayerCount": 129,
        "LinkVideo": "https://files.catbox.moe/jzbbnv.webm",
        "LinkMp3": "https://files.catbox.moe/7myzev.mp3",
        "annId": 12127
    },
    {
        "animeEng": "Persona 3 the Movie #1 Spring of Birth",
        "animeRomaji": "Persona 3 the Movie #1 Spring of Birth",
        "songName": "Deep Breath Deep Breath",
        "artist": "Lotus Juice",
        "type": "Insert Song",
        "correctCount": 28,
        "startTime": 66,
        "songDuration": 99.072,
        "songNumber": 40,
        "activePlayerCount": 128,
        "LinkVideo": "https://files.catbox.moe/g7dl8m.webm",
        "LinkMp3": "https://files.catbox.moe/nf6wbi.mp3",
        "annId": 14449
    },
    {
        "animeEng": "Snow White with the Red Hair",
        "animeRomaji": "Akagami no Shirayuki-hime",
        "songName": "Yasashii Kibou",
        "artist": "Saori Hayami",
        "type": "Ending 2",
        "correctCount": 79,
        "startTime": 72,
        "songDuration": 154.8255,
        "songNumber": 41,
        "activePlayerCount": 127,
        "LinkVideo": "https://files.catbox.moe/a7nbo3.webm",
        "LinkMp3": "https://files.catbox.moe/fedunb.mp3",
        "annId": 17777
    },
    {
        "animeEng": "Sasami-san@Ganbaranai",
        "animeRomaji": "Sasami-san@Ganbaranai",
        "songName": "Shintou Atsu Symphony",
        "artist": "Kana Asumi",
        "type": "Ending 1",
        "correctCount": 14,
        "startTime": 40,
        "songDuration": 88.584,
        "songNumber": 42,
        "activePlayerCount": 127,
        "LinkVideo": "https://files.catbox.moe/pkuyym.webm",
        "LinkMp3": "https://files.catbox.moe/96dd9b.mp3",
        "annId": 14400
    },
    {
        "animeEng": "Miss Monochrome: The Animation",
        "animeRomaji": "Miss Monochrome: The Animation",
        "songName": "Poker Face",
        "artist": "Miss Monochrome",
        "type": "Ending 1",
        "correctCount": 48,
        "startTime": 10,
        "songDuration": 59.472,
        "songNumber": 43,
        "activePlayerCount": 129,
        "LinkVideo": "https://files.catbox.moe/p66s9z.webm",
        "LinkMp3": "https://files.catbox.moe/v3vttt.mp3",
        "annId": 15556
    },
    {
        "animeEng": "Evangelion: 3.33 You Can (Not) Redo",
        "animeRomaji": "Evangelion: 3.33 You Can (Not) Redo",
        "songName": "Sakura Nagashi",
        "artist": "Hikaru Utada",
        "type": "Ending 1",
        "correctCount": 19,
        "startTime": 220,
        "songDuration": 276.24,
        "songNumber": 44,
        "activePlayerCount": 130,
        "LinkVideo": "https://files.catbox.moe/t8a97n.webm",
        "LinkMp3": "https://files.catbox.moe/9lyi13.mp3",
        "annId": 8422
    },
    {
        "animeEng": "Knights of Sidonia",
        "animeRomaji": "Sidonia no Kishi",
        "songName": "Sidonia",
        "artist": "angela",
        "type": "Opening 1",
        "correctCount": 88,
        "startTime": 49,
        "songDuration": 88.776,
        "songNumber": 45,
        "activePlayerCount": 131,
        "LinkVideo": "https://files.catbox.moe/k3vunz.webm",
        "LinkMp3": "https://files.catbox.moe/j0wdmy.mp3",
        "annId": 15496
    },
    {
        "animeEng": "Kud Wafter",
        "animeRomaji": "Kud Wafter",
        "songName": "Hoshimori Uta",
        "artist": "Naomi Wakabayashi",
        "type": "Insert Song",
        "correctCount": 11,
        "startTime": 10,
        "songDuration": 120.048,
        "songNumber": 46,
        "activePlayerCount": 133,
        "LinkVideo": "https://files.catbox.moe/brs3w4.webm",
        "LinkMp3": "https://files.catbox.moe/vlp1dd.mp3",
        "annId": 23859
    },
    {
        "animeEng": "Ketsuekigata-kun! 2",
        "animeRomaji": "Ketsuekigata-kun! 2",
        "songName": "Blood Type Heartbeat",
        "artist": "Earth Star Dream",
        "type": "Opening 1",
        "correctCount": 17,
        "startTime": 1,
        "songDuration": 29.856,
        "songNumber": 47,
        "activePlayerCount": 134,
        "LinkVideo": "https://files.catbox.moe/8z7f7e.webm",
        "LinkMp3": "https://files.catbox.moe/fa1y4w.mp3",
        "annId": 16358
    },
    {
        "animeEng": "Hitohira",
        "animeRomaji": "Hitohira",
        "songName": "Smile",
        "artist": "Mai Mizuhashi",
        "type": "Ending 1",
        "correctCount": 8,
        "startTime": 1,
        "songDuration": 89.4,
        "songNumber": 48,
        "activePlayerCount": 134,
        "LinkVideo": "https://files.catbox.moe/4anxv6.webm",
        "LinkMp3": "https://files.catbox.moe/w9lb6d.mp3",
        "annId": 7305
    },
    {
        "animeEng": "Sword Art Online",
        "animeRomaji": "Sword Art Online",
        "songName": "Overfly",
        "artist": "Luna Haruna",
        "type": "Ending 2",
        "correctCount": 65,
        "startTime": 22,
        "songDuration": 90.014094,
        "songNumber": 49,
        "activePlayerCount": 134,
        "LinkVideo": "https://files.catbox.moe/79tw9e.webm",
        "LinkMp3": "https://files.catbox.moe/6ldw33.mp3",
        "annId": 13858
    },
    {
        "animeEng": "Tokyo Ghoul",
        "animeRomaji": "Tokyo Ghoul",
        "songName": "unravel",
        "artist": "TK from Ling Tosite Sigure",
        "type": "Opening 1",
        "correctCount": 122,
        "startTime": 44,
        "songDuration": 86.907894,
        "songNumber": 50,
        "activePlayerCount": 134,
        "LinkVideo": "https://files.catbox.moe/zzkjlg.webm",
        "LinkMp3": "https://files.catbox.moe/lkhvvb.mp3",
        "annId": 16087
    },
    {
        "animeEng": "Jujutsu Kaisen",
        "animeRomaji": "Jujutsu Kaisen",
        "songName": "LOST IN PARADISE",
        "artist": "ALI feat. AKLO",
        "type": "Ending 1",
        "correctCount": 95,
        "startTime": 7,
        "songDuration": 88.944,
        "songNumber": 51,
        "activePlayerCount": 134,
        "LinkVideo": "https://files.catbox.moe/gl94co.webm",
        "LinkMp3": "https://files.catbox.moe/9zr4jm.mp3",
        "annId": 22944
    },
    {
        "animeEng": "Galaxy Express 999",
        "animeRomaji": "Ginga Tetsudou 999",
        "songName": "THE GALAXY EXPRESS 999",
        "artist": "Godiego",
        "type": "Ending 1",
        "correctCount": 86,
        "startTime": 45,
        "songDuration": 154.344,
        "songNumber": 52,
        "activePlayerCount": 133,
        "LinkVideo": "https://files.catbox.moe/ax2tz7.webm",
        "LinkMp3": "https://files.catbox.moe/i9mvqr.mp3",
        "annId": 1362
    },
    {
        "animeEng": "Zombie Land Saga Revenge",
        "animeRomaji": "Zombie Land Saga Revenge",
        "songName": "Kaze no Tsuyoi Hi wa Kirai ka? FranChouChou cover",
        "artist": "FranChouChou",
        "type": "Ending 2",
        "correctCount": 20,
        "startTime": 74,
        "songDuration": 112.08,
        "songNumber": 53,
        "activePlayerCount": 135,
        "LinkVideo": "https://files.catbox.moe/mjmb7v.webm",
        "LinkMp3": "https://files.catbox.moe/adm66l.mp3",
        "annId": 24019
    },
    {
        "animeEng": "Lovedol: Lovely Idol",
        "animeRomaji": "Lovedol: Lovely Idol",
        "songName": "Nakimushi Sumire",
        "artist": "Mayako Nigo",
        "type": "Insert Song",
        "correctCount": 4,
        "startTime": 38,
        "songDuration": 147.510934,
        "songNumber": 54,
        "activePlayerCount": 133,
        "LinkVideo": "https://files.catbox.moe/lsn3bd.webm",
        "LinkMp3": "https://files.catbox.moe/ngk0rz.mp3",
        "annId": 6807,
        "correctPlayers": [
            "watashiii",
            "SakuraFujima",
            "ArukasFrost",
            "Jlin2"
        ]
    },
    {
        "animeEng": "D4DJ First Mix",
        "animeRomaji": "D4DJ First Mix",
        "songName": "Give Me Awesome!!!!",
        "artist": "Happy Around!",
        "type": "Insert Song",
        "correctCount": 18,
        "startTime": 39,
        "songDuration": 93.696,
        "songNumber": 55,
        "activePlayerCount": 133,
        "LinkVideo": "https://files.catbox.moe/est1et.webm",
        "LinkMp3": "https://files.catbox.moe/853dmz.mp3",
        "annId": 23530
    },
    {
        "animeEng": "Slow Loop",
        "animeRomaji": "Slow Loop",
        "songName": "Yajirushi\u2192",
        "artist": "Pokapoka Ion",
        "type": "Opening 1",
        "correctCount": 3,
        "startTime": 3,
        "songDuration": 89.353,
        "songNumber": 56,
        "activePlayerCount": 131,
        "LinkVideo": "https://files.catbox.moe/j4a7rw.webm",
        "annId": 23892,
        "correctPlayers": [
            "watashiii",
            "the_suspect",
            "bluethree"
        ]
    },
    {
        "animeEng": "Tropical-Rouge! Pretty Cure",
        "animeRomaji": "Tropical-Rouge! Precure",
        "songName": "Viva! Spark! Tropical-Rouge! Precure",
        "artist": "Machico",
        "type": "Opening 1",
        "correctCount": 82,
        "startTime": 23,
        "songDuration": 88.824,
        "songNumber": 57,
        "activePlayerCount": 134,
        "LinkVideo": "https://files.catbox.moe/hrs4gg.webm",
        "LinkMp3": "https://files.catbox.moe/jl1q09.mp3",
        "annId": 23900
    },
    {
        "animeEng": "The Legend of Zorro",
        "animeRomaji": "Kaiketsu Zorro",
        "songName": "ZORRO",
        "artist": "Masaaki Endoh",
        "type": "Opening 1",
        "correctCount": 31,
        "startTime": 56,
        "songDuration": 88.488,
        "songNumber": 58,
        "activePlayerCount": 134,
        "LinkVideo": "https://files.catbox.moe/ehsj2u.webm",
        "LinkMp3": "https://files.catbox.moe/xvom78.mp3",
        "annId": 1744
    },
    {
        "animeEng": "Porphy no Nagai Tabi",
        "animeRomaji": "Porphy no Nagai Tabi",
        "songName": "Porfy no Nagai Tabi",
        "artist": "Ikuko",
        "type": "Opening 1",
        "correctCount": 5,
        "startTime": 38,
        "songDuration": 89.4,
        "songNumber": 59,
        "activePlayerCount": 134,
        "LinkVideo": "https://files.catbox.moe/f4uiuk.webm",
        "LinkMp3": "https://files.catbox.moe/fs8pj1.mp3",
        "annId": 8954,
        "correctPlayers": [
            "uhhuhher",
            "watashiii",
            "Rukawa11",
            "Nippah",
            "Shakira_"
        ]
    },
    {
        "animeEng": "Edens Zero",
        "animeRomaji": "Edens Zero",
        "songName": "Bouken no VLOG",
        "artist": "CHiCO with HoneyWorks",
        "type": "Ending 1",
        "correctCount": 27,
        "startTime": 6,
        "songDuration": 89.064,
        "songNumber": 60,
        "activePlayerCount": 134,
        "LinkVideo": "https://files.catbox.moe/7rmwbt.webm",
        "LinkMp3": "https://files.catbox.moe/ee1d9d.mp3",
        "annId": 23915
    },
    {
        "animeEng": "Baked Fresh!! Ja-Pan",
        "animeRomaji": "Yakitate!! Japan",
        "songName": "To All Tha Dreamers",
        "artist": "SOUL'd OUT",
        "type": "Ending 2",
        "correctCount": 13,
        "startTime": 24,
        "songDuration": 88.213994,
        "songNumber": 61,
        "activePlayerCount": 132,
        "LinkVideo": "https://files.catbox.moe/6u6zpf.webm",
        "LinkMp3": "https://files.catbox.moe/xkbgc8.mp3",
        "annId": 4454
    },
    {
        "animeEng": "Urara Meirocho",
        "animeRomaji": "Urara Meirocho",
        "songName": "Yumeji Labyrinth",
        "artist": "Labyrinths",
        "type": "Opening 1",
        "correctCount": 47,
        "startTime": 3,
        "songDuration": 89.088,
        "songNumber": 62,
        "activePlayerCount": 132,
        "LinkVideo": "https://files.catbox.moe/6snykt.webm",
        "LinkMp3": "https://files.catbox.moe/xoevdz.mp3",
        "annId": 18880
    },
    {
        "animeEng": "Lemon Angel",
        "animeRomaji": "Lemon Angel",
        "songName": "Yubiwa Monogatari",
        "artist": "Erika Shima",
        "type": "Insert Song",
        "correctCount": 0,
        "startTime": 81,
        "songDuration": 216.72,
        "songNumber": 63,
        "activePlayerCount": 131,
        "LinkVideo": "https://files.catbox.moe/8sfz35.webm",
        "LinkMp3": "https://files.catbox.moe/enxdgi.mp3",
        "annId": 381
    },
    {
        "animeEng": "Idol Defense Force Hummingbird",
        "animeRomaji": "Idol Bouei-tai Hummingbird",
        "songName": "Yappari Daisuki",
        "artist": "Hummingbird",
        "type": "Insert Song",
        "correctCount": 2,
        "startTime": 37,
        "songDuration": 81.264,
        "songNumber": 64,
        "activePlayerCount": 132,
        "LinkVideo": "https://files.catbox.moe/85gu9x.webm",
        "LinkMp3": "https://files.catbox.moe/895hxz.mp3",
        "annId": 2042,
        "correctPlayers": [
            "watashiii",
            "Meowvin"
        ]
    },
    {
        "animeEng": "Polar Bear's Caf\u00e9",
        "animeRomaji": "Shirokuma Caf\u00e9",
        "songName": "Ikinokore! Shirokuma",
        "artist": "MC469MA",
        "type": "Insert Song",
        "correctCount": 69,
        "startTime": 19,
        "songDuration": 48.864,
        "songNumber": 65,
        "activePlayerCount": 133,
        "LinkVideo": "https://files.catbox.moe/49twnb.webm",
        "LinkMp3": "https://files.catbox.moe/nicny4.mp3",
        "annId": 13985
    },
    {
        "animeEng": "Ocha-ken: Ryokutto Monogatari",
        "animeRomaji": "Ocha-ken: Ryokutto Monogatari",
        "songName": "Chikyuu de Dance",
        "artist": "YUKINA",
        "type": "Opening 1",
        "correctCount": 15,
        "startTime": 0,
        "songDuration": 19.608,
        "songNumber": 66,
        "activePlayerCount": 134,
        "LinkVideo": "https://files.catbox.moe/41g02v.webm",
        "LinkMp3": "https://files.catbox.moe/w8vlv3.mp3",
        "annId": 23227
    },
    {
        "animeEng": "March comes in like a lion",
        "animeRomaji": "3-gatsu no Lion",
        "songName": "Haru ga Kite Bokura",
        "artist": "UNISON SQUARE GARDEN",
        "type": "Opening 2",
        "correctCount": 48,
        "startTime": 33,
        "songDuration": 89.568,
        "songNumber": 67,
        "activePlayerCount": 135,
        "LinkVideo": "https://files.catbox.moe/uljxqo.webm",
        "LinkMp3": "https://files.catbox.moe/ny2p7h.mp3",
        "annId": 19356
    },
    {
        "animeEng": "Pok\u00e9mon: Gotta Dance",
        "animeRomaji": "Odoru Pok\u00e9mon Himitsu Kichi",
        "songName": "Polka O Dolka",
        "artist": "Inuko Inuyama & Norusoru Gasshou-dan",
        "type": "Opening 1",
        "correctCount": 65,
        "startTime": 13,
        "songDuration": 80.76,
        "songNumber": 68,
        "activePlayerCount": 136,
        "LinkVideo": "https://files.catbox.moe/n2wx4y.webm",
        "LinkMp3": "https://files.catbox.moe/z1qxuw.mp3",
        "annId": 7143
    },
    {
        "animeEng": "The Disastrous Life of Saiki K.",
        "animeRomaji": "Saiki Kusuo no Psi Nan",
        "songName": "Oteage Psychics",
        "artist": "Shiggy Jr.",
        "type": "Opening 1",
        "correctCount": 92,
        "startTime": 8,
        "songDuration": 87.744,
        "songNumber": 69,
        "activePlayerCount": 137,
        "LinkVideo": "https://files.catbox.moe/rmhlw0.webm",
        "LinkMp3": "https://files.catbox.moe/ht2oo4.mp3",
        "annId": 21649
    },
    {
        "animeEng": "K-On! The Movie",
        "animeRomaji": "K-On! Movie",
        "songName": "Ichiban Ippai",
        "artist": "Ho-Kago Tea Time",
        "type": "Opening 1",
        "correctCount": 66,
        "startTime": 43,
        "songDuration": 103.944,
        "songNumber": 70,
        "activePlayerCount": 137,
        "LinkVideo": "https://files.catbox.moe/17jwub.webm",
        "LinkMp3": "https://files.catbox.moe/6r7m9y.mp3",
        "annId": 11963
    },
    {
        "animeEng": "Selection Project",
        "animeRomaji": "Selection Project",
        "songName": "B.B.",
        "artist": "Suzu\u2606Rena",
        "type": "Insert Song",
        "correctCount": 24,
        "startTime": 14,
        "songDuration": 129.192,
        "songNumber": 71,
        "activePlayerCount": 136,
        "LinkVideo": "https://files.catbox.moe/g5t3fl.webm",
        "LinkMp3": "https://files.catbox.moe/u8ycej.mp3",
        "annId": 24509
    },
    {
        "animeEng": "Lupin III: Part V",
        "animeRomaji": "Lupin III: Part 5",
        "songName": "LUPIN TROIS 2018",
        "artist": "Yuji Ohno & Lupintic Six",
        "type": "Opening 1",
        "correctCount": 44,
        "startTime": 16,
        "songDuration": 78.624,
        "songNumber": 72,
        "activePlayerCount": 136,
        "LinkVideo": "https://files.catbox.moe/7ns0pi.webm",
        "LinkMp3": "https://files.catbox.moe/fbh9xx.mp3",
        "annId": 20555
    },
    {
        "animeEng": "Psycho-Pass: Sinners of the System",
        "animeRomaji": "Psycho-Pass: Sinners of the System",
        "songName": "Namae no Nai Kaibutsu \u2015 Remixed by MASAYUKI NAKANO",
        "artist": "EGOIST",
        "type": "Ending 3",
        "correctCount": 55,
        "startTime": 50,
        "songDuration": 119.088,
        "songNumber": 73,
        "activePlayerCount": 135,
        "LinkVideo": "https://files.catbox.moe/pkw1js.webm",
        "LinkMp3": "https://files.catbox.moe/pzsxbc.mp3",
        "annId": 21547
    },
    {
        "animeEng": "The Five Star Stories",
        "animeRomaji": "The Five Star Stories",
        "songName": "Hitomi no Naka no Faraway",
        "artist": "Youko Nagayama",
        "type": "Ending 1",
        "correctCount": 11,
        "startTime": 20,
        "songDuration": 127.248,
        "songNumber": 74,
        "activePlayerCount": 134,
        "LinkVideo": "https://files.catbox.moe/nb5fcw.webm",
        "LinkMp3": "https://files.catbox.moe/7p2r5x.mp3",
        "annId": 544
    },
    {
        "animeEng": "Sister Princess: Re Pure",
        "animeRomaji": "Sister Princess: Re Pure",
        "songName": "A Girl in Love",
        "artist": "Yui Horie",
        "type": "Opening 13",
        "correctCount": 33,
        "startTime": 24,
        "songDuration": 90.12,
        "songNumber": 75,
        "activePlayerCount": 134,
        "LinkVideo": "https://files.catbox.moe/djzqhq.webm",
        "LinkMp3": "https://files.catbox.moe/q508su.mp3",
        "annId": 1824
    },
    {
        "animeEng": "Hetalia World Stars",
        "animeRomaji": "Hetalia World Stars",
        "songName": "Chikyuu Marugoto Hug Shitainda",
        "artist": "Daisuke Namikawa",
        "type": "Ending 1",
        "correctCount": 75,
        "startTime": 2,
        "songDuration": 44.616,
        "songNumber": 76,
        "activePlayerCount": 134,
        "LinkVideo": "https://files.catbox.moe/dguwsm.webm",
        "LinkMp3": "https://files.catbox.moe/8f8d9i.mp3",
        "annId": 23864
    },
    {
        "animeEng": "Love Lab",
        "animeRomaji": "Love Lab",
        "songName": "Nete mo Samete mo Lingerie",
        "artist": "Taiten Kusunoki",
        "type": "Insert Song",
        "correctCount": 43,
        "startTime": 2,
        "songDuration": 32.352,
        "songNumber": 77,
        "activePlayerCount": 135,
        "LinkVideo": "https://files.catbox.moe/0who38.webm",
        "LinkMp3": "https://files.catbox.moe/y56r1v.mp3",
        "annId": 14896
    },
    {
        "animeEng": "Rewrite",
        "animeRomaji": "Rewrite",
        "songName": "Koibumi",
        "artist": "Nagi Yanagi",
        "type": "Ending 2",
        "correctCount": 17,
        "startTime": 3,
        "songDuration": 121.824,
        "songNumber": 78,
        "activePlayerCount": 135,
        "LinkVideo": "https://files.catbox.moe/9yd8bp.webm",
        "LinkMp3": "https://files.catbox.moe/001gww.mp3",
        "annId": 17689
    },
    {
        "animeEng": "Your Lie in April",
        "animeRomaji": "KimiUso",
        "songName": "Violin & Piano Sonata No. 9 (Kreutzer Sonata)",
        "artist": "Ludwig Van Beethoven",
        "type": "Insert Song",
        "correctCount": 63,
        "startTime": 63,
        "songDuration": 119.112,
        "songNumber": 79,
        "activePlayerCount": 135,
        "LinkVideo": "https://files.catbox.moe/vdmx53.webm",
        "LinkMp3": "https://files.catbox.moe/snlq62.mp3",
        "annId": 16108
    },
    {
        "animeEng": "Mazinger Z tai Devilman",
        "animeRomaji": "Mazinger Z tai Devilman",
        "songName": "Mazinger Waga Machine",
        "artist": "Ichiro Mizuki",
        "type": "Insert Song",
        "correctCount": 5,
        "startTime": 97,
        "songDuration": 148.056,
        "songNumber": 80,
        "activePlayerCount": 135,
        "LinkVideo": "https://files.catbox.moe/vujwv8.webm",
        "LinkMp3": "https://files.catbox.moe/ojachk.mp3",
        "annId": 3556,
        "correctPlayers": [
            "Blacky_Doll",
            "Rukawa11",
            "Mami",
            "Kameyn",
            "Stunar"
        ]
    },
    {
        "animeEng": "Mamimume\u2605Mogacho",
        "animeRomaji": "Mamimume\u2605Mogacho",
        "songName": "Happy Dance",
        "artist": "Hiromi Konno & Yasuhiro Takato",
        "type": "Insert Song",
        "correctCount": 3,
        "startTime": 7,
        "songDuration": 40.992,
        "songNumber": 81,
        "activePlayerCount": 135,
        "LinkVideo": "https://files.catbox.moe/4xri2x.webm",
        "LinkMp3": "https://files.catbox.moe/wpq0ps.mp3",
        "annId": 685,
        "correctPlayers": [
            "watashiii",
            "MKNono",
            "amehaneyuki"
        ]
    },
    {
        "animeEng": "Aikatsu!",
        "animeRomaji": "Aikatsu!",
        "songName": "Houkago Ponytail",
        "artist": "Remi from STAR\u2606ANIS",
        "type": "Insert Song",
        "correctCount": 52,
        "startTime": 18,
        "songDuration": 106.704,
        "songNumber": 82,
        "activePlayerCount": 135,
        "LinkVideo": "https://files.catbox.moe/y6v1e2.webm",
        "LinkMp3": "https://files.catbox.moe/00wktc.mp3",
        "annId": 15597
    },
    {
        "animeEng": "Escha Chron",
        "animeRomaji": "Escha Chron",
        "songName": "Many colors, Many brights, Many more musics",
        "artist": "Escha Chron",
        "type": "Opening 1",
        "correctCount": 19,
        "startTime": 57,
        "songDuration": 89.304,
        "songNumber": 83,
        "activePlayerCount": 135,
        "LinkVideo": "https://files.catbox.moe/5en2op.webm",
        "LinkMp3": "https://files.catbox.moe/d44sow.mp3",
        "annId": 19474
    },
    {
        "animeEng": "Welcome to Demon School! Iruma-kun",
        "animeRomaji": "Mairimashita! Iruma-kun",
        "songName": "Kimi no Koakuma Mokushiroku",
        "artist": "Nao Touyama",
        "type": "Insert Song",
        "correctCount": 35,
        "startTime": 16,
        "songDuration": 50.496,
        "songNumber": 84,
        "activePlayerCount": 135,
        "LinkVideo": "https://files.catbox.moe/setcj8.webm",
        "LinkMp3": "https://files.catbox.moe/rjddif.mp3",
        "annId": 21927
    },
    {
        "animeEng": "Glitter Force",
        "animeRomaji": "Smile Precure!",
        "songName": "Saikou no Smile",
        "artist": "Misato Fukuen, Asami Tano, Hisako Kanemoto, Marina Inoue and Chinami Nishimura",
        "type": "Insert Song",
        "correctCount": 22,
        "startTime": 19,
        "songDuration": 73.536,
        "songNumber": 85,
        "activePlayerCount": 130,
        "LinkVideo": "https://files.catbox.moe/5rw7ix.webm",
        "LinkMp3": "https://files.catbox.moe/c6odo9.mp3",
        "annId": 13809
    }
]