[
    {
        "animeEng": "Nekopara",
        "animeRomaji": "Nekopara",
        "songName": "Shiny Happy Days",
        "artist": "Yuki Yagi, Iori Saeki, Shiori Izawa, Miku Itou, Yuri Noguchi, Marin Mizutani",
        "type": "Opening 1",
        "correctCount": 28,
        "startTime": 41,
        "songDuration": 89.304,
        "songNumber": 1,
        "activePlayerCount": 89,
        "LinkVideo": "https://files.catbox.moe/uo7vd0.webm",
        "LinkMp3": "https://files.catbox.moe/ltfhqm.mp3",
        "annId": 22247,
        "songDifficulty": 35.374916830088246,
        "vintage": "Winter 2020"
    },
    {
        "animeEng": "Dragon Ball: The Path to Power",
        "animeRomaji": "Dragon Ball: Saikyou e no Michi",
        "songName": "DAN DAN Kokoro Hikarete ku",
        "artist": "FIELD OF VIEW",
        "type": "Ending 1",
        "correctCount": 57,
        "startTime": 54,
        "songDuration": 107.568,
        "songNumber": 2,
        "activePlayerCount": 96,
        "LinkVideo": "https://files.catbox.moe/76hrfg.webm",
        "LinkMp3": "https://files.catbox.moe/dfdocw.mp3",
        "annId": 2400,
        "songDifficulty": 49.77325138962414,
        "vintage": "Winter 1996"
    },
    {
        "animeEng": "Aikatsu!",
        "animeRomaji": "Aikatsu!",
        "songName": "Tutu Ballerina",
        "artist": "Ruka\u30fbMona\u30fbMiki from AIKATSU\u2606STARS!",
        "type": "Ending 3",
        "correctCount": 37,
        "startTime": 3,
        "songDuration": 89.4,
        "songNumber": 3,
        "activePlayerCount": 98,
        "LinkVideo": "https://files.catbox.moe/v5kz5a.webm",
        "LinkMp3": "https://files.catbox.moe/6g7ozf.mp3",
        "annId": 16165,
        "songDifficulty": 36.95882546690089,
        "vintage": "Fall 2014"
    },
    {
        "animeEng": "Nanana's Buried Treasure",
        "animeRomaji": "Ryuugajou Nanana no Maizoukin",
        "songName": "Butterfly Effect",
        "artist": "Shiritsu Ebisu Chuugaku",
        "type": "Opening 1",
        "correctCount": 49,
        "startTime": 14,
        "songDuration": 88.08,
        "songNumber": 4,
        "activePlayerCount": 101,
        "LinkVideo": "https://files.catbox.moe/hqu78r.webm",
        "LinkMp3": "https://files.catbox.moe/mdvu5f.mp3",
        "annId": 15759,
        "songDifficulty": 26.434907291011942,
        "vintage": "Spring 2014"
    },
    {
        "animeEng": "Transformers: Victory",
        "animeRomaji": "Tatakae! Chou Robot Seimeitai Transformers V",
        "songName": "Transformer Victory",
        "artist": "Kouji Kaya",
        "type": "Opening 1",
        "correctCount": 53,
        "startTime": 48,
        "songDuration": 78.432,
        "songNumber": 5,
        "activePlayerCount": 100,
        "LinkVideo": "https://files.catbox.moe/8kjz44.webm",
        "LinkMp3": "https://files.catbox.moe/wnfkf5.mp3",
        "annId": 2478,
        "songDifficulty": 15.826186776767548,
        "vintage": "Winter 1989"
    },
    {
        "animeEng": "City Hunter 3",
        "animeRomaji": "City Hunter 3",
        "songName": "Go Go Heaven",
        "artist": "Toshiyuki Ohsawa",
        "type": "Insert Song",
        "correctCount": 21,
        "startTime": 49,
        "songDuration": 83.064,
        "songNumber": 6,
        "activePlayerCount": 103,
        "LinkVideo": "https://files.catbox.moe/soq1ex.webm",
        "LinkMp3": "https://files.catbox.moe/jpf19a.mp3",
        "annId": 546,
        "songDifficulty": 35.99695660316781,
        "vintage": "Fall 1989"
    },
    {
        "animeEng": "Asteroid in Love",
        "animeRomaji": "Koisuru Asteroid",
        "songName": "Aruite Ikou!",
        "artist": "Nao Touyama",
        "type": "Opening 1",
        "correctCount": 33,
        "startTime": 15,
        "songDuration": 88.56,
        "songNumber": 7,
        "activePlayerCount": 106,
        "LinkVideo": "https://files.catbox.moe/e2vk4s.webm",
        "LinkMp3": "https://files.catbox.moe/brc2fr.mp3",
        "annId": 22609,
        "songDifficulty": 23.522719884690872,
        "vintage": "Winter 2020"
    },
    {
        "animeEng": "Digimon Adventure 02",
        "animeRomaji": "Digimon Adventure 02",
        "songName": "Break Up!",
        "artist": "Ayumi Miyazaki",
        "type": "Insert Song",
        "correctCount": 23,
        "startTime": 82,
        "songDuration": 116.088,
        "songNumber": 8,
        "activePlayerCount": 108,
        "LinkVideo": "https://files.catbox.moe/e1u9yo.webm",
        "LinkMp3": "https://files.catbox.moe/zjwcwh.mp3",
        "annId": 2170,
        "songDifficulty": 30.885123156202724,
        "vintage": "Spring 2000"
    },
    {
        "animeEng": "Tokyo Ghoul: Root A",
        "animeRomaji": "Tokyo Ghoul \u221aA",
        "songName": "Munou",
        "artist": "\u00f6sterreich",
        "type": "Opening 1",
        "correctCount": 75,
        "startTime": 31,
        "songDuration": 88.128,
        "songNumber": 9,
        "activePlayerCount": 108,
        "LinkVideo": "https://files.catbox.moe/6yplnp.webm",
        "LinkMp3": "https://files.catbox.moe/l9ph1f.mp3",
        "annId": 16318,
        "songDifficulty": 40.50434927665171,
        "vintage": "Winter 2015"
    },
    {
        "animeEng": "Mr. Osomatsu",
        "animeRomaji": "Osomatsu-san",
        "songName": "Max Charm Faces ~Kanojo wa Saikou\u2661\u2661!!!!!!~",
        "artist": "Shuta Sueyoshi with Totoko\u2661Nya & Matsuno 6 Kyoudai",
        "type": "Ending 1",
        "correctCount": 23,
        "startTime": 52,
        "songDuration": 88.824,
        "songNumber": 10,
        "activePlayerCount": 109,
        "LinkVideo": "https://files.catbox.moe/hwvshv.webm",
        "LinkMp3": "https://files.catbox.moe/i4b3d1.mp3",
        "annId": 23500,
        "songDifficulty": 24.205092196505763,
        "vintage": "Fall 2020"
    },
    {
        "animeEng": "Assassination Classroom Second Season",
        "animeRomaji": "Ansatsu Kyoushitsu Final Season",
        "songName": "QUESTION",
        "artist": "3-nen E-gumi Utatan",
        "type": "Opening 1",
        "correctCount": 66,
        "startTime": 20,
        "songDuration": 89.448,
        "songNumber": 11,
        "activePlayerCount": 113,
        "LinkVideo": "https://files.catbox.moe/v3m099.webm",
        "LinkMp3": "https://files.catbox.moe/ns96qt.mp3",
        "annId": 17686,
        "songDifficulty": 40.98255443311103,
        "vintage": "Winter 2016"
    },
    {
        "animeEng": "Gegege no Kitarou: Jigoku-hen",
        "animeRomaji": "Gegege no Kitarou: Jigoku-hen",
        "songName": "Obake ga Ikuzo",
        "artist": "Ikuzo Yoshi",
        "type": "Ending 1",
        "correctCount": 87,
        "startTime": 14,
        "songDuration": 66.792,
        "songNumber": 12,
        "activePlayerCount": 113,
        "LinkVideo": "https://files.catbox.moe/nnzl8d.webm",
        "LinkMp3": "https://files.catbox.moe/mis8ak.mp3",
        "annId": 2215,
        "songDifficulty": 59.87623307367502,
        "vintage": "Winter 1988"
    },
    {
        "animeEng": "Wagnaria!!3",
        "animeRomaji": "Working!!!",
        "songName": "SOMEONE ELSE",
        "artist": "Kana Asumi, Saki Fujita, Eri Kitamura",
        "type": "Ending 3",
        "correctCount": 68,
        "startTime": 176,
        "songDuration": 272.832,
        "songNumber": 13,
        "activePlayerCount": 113,
        "LinkVideo": "https://files.catbox.moe/5rowxm.webm",
        "LinkMp3": "https://files.catbox.moe/5d6dlb.mp3",
        "annId": 16648,
        "songDifficulty": 47.66583141178221,
        "vintage": "Summer 2015"
    },
    {
        "animeEng": "Hypnosis Mic: Division Rap Battle - Rhyme Anima",
        "animeRomaji": "Hypnosis Mic: Division Rap Battle - Rhyme Anima",
        "songName": "Love Dimension",
        "artist": "Secret Aliens",
        "type": "Insert Song",
        "correctCount": 12,
        "startTime": 14,
        "songDuration": 81.552,
        "songNumber": 14,
        "activePlayerCount": 114,
        "LinkVideo": "https://files.catbox.moe/12op73.webm",
        "LinkMp3": "https://files.catbox.moe/wyezjq.mp3",
        "annId": 22902,
        "songDifficulty": 46.30605212882096,
        "vintage": "Fall 2020"
    },
    {
        "animeEng": "Nisekoi",
        "animeRomaji": "Nisekoi",
        "songName": "Souzou Diary",
        "artist": "Nao Touyama, Kana Hanazawa, Mikako Komatsu, Kana Asumi",
        "type": "Ending 1",
        "correctCount": 25,
        "startTime": 38,
        "songDuration": 89.568,
        "songNumber": 15,
        "activePlayerCount": 114,
        "LinkVideo": "https://files.catbox.moe/ic1fwz.webm",
        "LinkMp3": "https://files.catbox.moe/byohk1.mp3",
        "annId": 16607,
        "songDifficulty": 21.044121521922428,
        "vintage": "Fall 2014"
    },
    {
        "animeEng": "Uzaki-chan Wants to Hang Out!",
        "animeRomaji": "Uzaki-chan wa Asobitai!",
        "songName": "Nadamesukashi Negotiation",
        "artist": "Kano to Uzaki-chan",
        "type": "Opening 1",
        "correctCount": 45,
        "startTime": 43,
        "songDuration": 87.792,
        "songNumber": 16,
        "activePlayerCount": 115,
        "LinkVideo": "https://files.catbox.moe/w7dtuf.webm",
        "LinkMp3": "https://files.catbox.moe/6z9bu6.mp3",
        "annId": 23371,
        "songDifficulty": 28.373541597955146,
        "vintage": "Summer 2020"
    },
    {
        "animeEng": "Last Exile: Fam, The Silver Wing",
        "animeRomaji": "Last Exile: Ginyoku no Fam",
        "songName": "Starboard",
        "artist": "Hitomi",
        "type": "Ending 1",
        "correctCount": 7,
        "startTime": 47,
        "songDuration": 89.352,
        "songNumber": 17,
        "activePlayerCount": 115,
        "LinkVideo": "https://files.catbox.moe/iexq6f.webm",
        "LinkMp3": "https://files.catbox.moe/31ipfg.mp3",
        "annId": 12501,
        "songDifficulty": 19.756554764308287,
        "vintage": "Fall 2011"
    },
    {
        "animeEng": "Great Pretender",
        "animeRomaji": "Great Pretender",
        "songName": "Someday",
        "artist": "YVY ft. Emarie",
        "type": "Insert Song",
        "correctCount": 13,
        "startTime": 43,
        "songDuration": null,
        "songNumber": 18,
        "activePlayerCount": 114,
        "LinkVideo": "https://files.catbox.moe/wn14ie.webm",
        "LinkMp3": "https://files.catbox.moe/70o2qe.mp3",
        "annId": 22317,
        "songDifficulty": 21.65033090029278,
        "vintage": "Spring 2020"
    },
    {
        "animeEng": "Dr. Slump",
        "animeRomaji": "Dr. Slump & Arale-chan",
        "songName": "Waiwai World",
        "artist": "Ado Mizumori feat. Koorogi '73",
        "type": "Opening 1",
        "correctCount": 27,
        "startTime": 35,
        "songDuration": 68.904,
        "songNumber": 19,
        "activePlayerCount": 115,
        "LinkVideo": "https://files.catbox.moe/tnfbqt.webm",
        "LinkMp3": "https://files.catbox.moe/8qdkxe.mp3",
        "annId": 971,
        "songDifficulty": 29.4699684330093,
        "vintage": "Spring 1981"
    },
    {
        "animeEng": "Teekyuu",
        "animeRomaji": "Teekyuu",
        "songName": "Nufuttote Kyuupotoracchi",
        "artist": "Naive",
        "type": "Opening 1",
        "correctCount": 70,
        "startTime": 0,
        "songDuration": 28.542,
        "songNumber": 20,
        "activePlayerCount": 114,
        "LinkVideo": "https://files.catbox.moe/ndzgie.webm",
        "annId": 15582,
        "songDifficulty": 44.63424740484429,
        "vintage": "Fall 2013"
    },
    {
        "animeEng": "Eiga Precure All Stars: Haru no Carnival",
        "animeRomaji": "Eiga Precure All Stars: Haru no Carnival",
        "songName": "Party Has Come",
        "artist": "Hitomi Yoshida",
        "type": "Insert Song",
        "correctCount": 7,
        "startTime": 21,
        "songDuration": 88.8,
        "songNumber": 21,
        "activePlayerCount": 114,
        "LinkVideo": "https://files.catbox.moe/xro65i.webm",
        "LinkMp3": "https://files.catbox.moe/bb4udk.mp3",
        "annId": 16727,
        "songDifficulty": 38.89798953555046,
        "vintage": "Winter 2015"
    },
    {
        "animeEng": "Love Live! School Idol Project",
        "animeRomaji": "Love Live! School Idol Project",
        "songName": "KiRa-KiRa Sensation!",
        "artist": "\u03bc's",
        "type": "Insert Song",
        "correctCount": 52,
        "startTime": 32,
        "songDuration": 108.576,
        "songNumber": 22,
        "activePlayerCount": 115,
        "LinkVideo": "https://files.catbox.moe/5l8bmp.webm",
        "LinkMp3": "https://files.catbox.moe/13knsh.mp3",
        "annId": 15812,
        "songDifficulty": 49.08747290462428,
        "vintage": "Spring 2014"
    },
    {
        "animeEng": "Burning Kabaddi",
        "animeRomaji": "Shakunetsu Kabaddi",
        "songName": "FIRE BIRD",
        "artist": "Shunya Ohira",
        "type": "Opening 1",
        "correctCount": 22,
        "startTime": 10,
        "songDuration": 88.992,
        "songNumber": 23,
        "activePlayerCount": 115,
        "LinkVideo": "https://files.catbox.moe/sdtehr.webm",
        "LinkMp3": "https://files.catbox.moe/gdejwk.mp3",
        "annId": 23757,
        "songDifficulty": 25.089860784057212,
        "vintage": "Spring 2021"
    },
    {
        "animeEng": "Eden",
        "animeRomaji": "Eden",
        "songName": "In the Garden of Eden",
        "artist": "Elspeth Bawden and Amelia Jones",
        "type": "Ending 1",
        "correctCount": 3,
        "startTime": 39,
        "songDuration": 131.184,
        "songNumber": 24,
        "activePlayerCount": 115,
        "LinkVideo": "https://files.catbox.moe/q7crzy.webm",
        "LinkMp3": "https://files.catbox.moe/ckrhuy.mp3",
        "annId": 22602,
        "songDifficulty": 9.228798340341488,
        "vintage": "Spring 2021",
        "correctPlayers": [
            "Nippah",
            "Bobocan",
            "SakuraFujima"
        ]
    },
    {
        "animeEng": "Legend of the Galactic Heroes Gaiden",
        "animeRomaji": "Ginga Eiyuu Densetsu Gaiden",
        "songName": "Yakusoku Sareta Mirai",
        "artist": "Kei Ogura",
        "type": "Ending 2",
        "correctCount": 9,
        "startTime": 27,
        "songDuration": 119.64,
        "songNumber": 25,
        "activePlayerCount": 116,
        "LinkVideo": "https://files.catbox.moe/6hidnm.webm",
        "LinkMp3": "https://files.catbox.moe/zmnxat.mp3",
        "annId": 6488,
        "songDifficulty": 15.290111644847974,
        "vintage": "Fall 1999"
    },
    {
        "animeEng": "Tsukimonogatari",
        "animeRomaji": "Tsukimonogatari",
        "songName": "Orange Mint",
        "artist": "Saori Hayami",
        "type": "Opening 1",
        "correctCount": 76,
        "startTime": 59,
        "songDuration": 90.168,
        "songNumber": 26,
        "activePlayerCount": 116,
        "LinkVideo": "https://files.catbox.moe/mcavvp.webm",
        "LinkMp3": "https://files.catbox.moe/c203lo.mp3",
        "annId": 16342,
        "songDifficulty": 40.76909813023013,
        "vintage": "Fall 2014"
    },
    {
        "animeEng": "Platonic Chain",
        "animeRomaji": "Platonic Chain",
        "songName": "Miracle\u2606DAYS",
        "artist": "Shading Musume",
        "type": "Insert Song",
        "correctCount": 0,
        "startTime": 143,
        "songDuration": 177.576,
        "songNumber": 27,
        "activePlayerCount": 117,
        "LinkVideo": "https://files.catbox.moe/gkdujt.webm",
        "LinkMp3": "https://files.catbox.moe/gsc92n.mp3",
        "annId": 1826,
        "songDifficulty": 3.738165247510051,
        "vintage": "Fall 2002"
    },
    {
        "animeEng": "Eiga Precure All Stars: Minna de Utau\u266a Kiseki no Mahou!",
        "animeRomaji": "Eiga Precure All Stars: Minna de Utau\u266a Kiseki no Mahou!",
        "songName": "Dokkin\u2662Mahoutsukai Precure!",
        "artist": "Rie Kitagawa",
        "type": "Insert Song",
        "correctCount": 58,
        "startTime": 0,
        "songDuration": 35.107968,
        "songNumber": 28,
        "activePlayerCount": 115,
        "LinkVideo": "https://files.catbox.moe/56fqqi.webm",
        "LinkMp3": "https://files.catbox.moe/rdff4j.mp3",
        "annId": 17996,
        "songDifficulty": 44.00241387370541,
        "vintage": "Winter 2016"
    },
    {
        "animeEng": "Fena: Pirate Princess",
        "animeRomaji": "Kaizoku Oujo",
        "songName": "Taiyou no Kouro",
        "artist": "JUNNA",
        "type": "Ending 2",
        "correctCount": 13,
        "startTime": 84,
        "songDuration": 128.328,
        "songNumber": 29,
        "activePlayerCount": 115,
        "LinkVideo": "https://files.catbox.moe/1ep1vz.webm",
        "LinkMp3": "https://files.catbox.moe/6zzjtv.mp3",
        "annId": 24461,
        "songDifficulty": 21.48751890120968,
        "vintage": "Summer 2021"
    },
    {
        "animeEng": "Touch 3: Don't Pass Me By",
        "animeRomaji": "Touch 3: Kimi ga Toorisugita Ato ni",
        "songName": "18-Banme no Summer Holiday",
        "artist": "Hiroaki Serizawa",
        "type": "Insert Song",
        "correctCount": 3,
        "startTime": 121,
        "songDuration": 240.96,
        "songNumber": 30,
        "activePlayerCount": 115,
        "LinkVideo": "https://files.catbox.moe/5nfoeg.webm",
        "LinkMp3": "https://files.catbox.moe/lznaod.mp3",
        "annId": 3269,
        "songDifficulty": 7.309782608695652,
        "vintage": "Spring 1987",
        "correctPlayers": [
            "Zylda",
            "MKNono",
            "Chatmonchy"
        ]
    },
    {
        "animeEng": "Mahou Shoujo Lalabel",
        "animeRomaji": "Mahou Shoujo Lalabel",
        "songName": "Hello Lalabel",
        "artist": "Mitsuko Horie & Columbia Yurikago-kai",
        "type": "Opening 1",
        "correctCount": 33,
        "startTime": 0,
        "songDuration": 68.136,
        "songNumber": 31,
        "activePlayerCount": 115,
        "LinkVideo": "https://files.catbox.moe/g64y8p.webm",
        "LinkMp3": "https://files.catbox.moe/yr4im0.mp3",
        "annId": 1486,
        "songDifficulty": 48.52409266218354,
        "vintage": "Winter 1980"
    },
    {
        "animeEng": "Har\u00e9+Guu FINAL",
        "animeRomaji": "Jungle wa Itsumo Hare Nochi Guu Final",
        "songName": "LOVE\u2606Tropicana Final",
        "artist": "Sister MAYO with Final-tai",
        "type": "Opening 1",
        "correctCount": 11,
        "startTime": 3,
        "songDuration": 83.06796,
        "songNumber": 32,
        "activePlayerCount": 116,
        "LinkVideo": "https://files.catbox.moe/j1sywx.webm",
        "LinkMp3": "https://files.catbox.moe/lxipqm.mp3",
        "annId": 3435,
        "songDifficulty": 17.136165756777107,
        "vintage": "Fall 2003"
    },
    {
        "animeEng": "CUE!",
        "animeRomaji": "CUE!",
        "songName": "Hajimari no Kane no Ne ga Narihibiku Sora",
        "artist": "AiRBLUE",
        "type": "Ending 1",
        "correctCount": 5,
        "startTime": 3,
        "songDuration": 89.603,
        "songNumber": 33,
        "activePlayerCount": 117,
        "LinkVideo": "https://files.catbox.moe/34qowy.webm",
        "annId": 24629,
        "songDifficulty": 37.781518240343345,
        "vintage": "Winter 2022",
        "correctPlayers": [
            "revel_",
            "ArukasFrost",
            "Kanomichi",
            "SakuraFujima",
            "the_suspect"
        ]
    },
    {
        "animeEng": "Cat Planet Cuties",
        "animeRomaji": "Asobi ni Iku yo!",
        "songName": "Now loading...SKY!!",
        "artist": "Sphere",
        "type": "Opening 1",
        "correctCount": 19,
        "startTime": 29,
        "songDuration": 88.176,
        "songNumber": 34,
        "activePlayerCount": 119,
        "LinkVideo": "https://files.catbox.moe/auodfp.webm",
        "LinkMp3": "https://files.catbox.moe/o32yez.mp3",
        "annId": 11965,
        "songDifficulty": 25.59398481925264,
        "vintage": "Spring 2011"
    },
    {
        "animeEng": "Yu Yu Hakusho: Ghost Files",
        "animeRomaji": "Yuu\u2606Yuu\u2606Hakusho",
        "songName": "Daydream Generation",
        "artist": "Matsuko Mawatari",
        "type": "Ending 5",
        "correctCount": 52,
        "startTime": 15,
        "songDuration": 85.032,
        "songNumber": 35,
        "activePlayerCount": 120,
        "LinkVideo": "https://files.catbox.moe/iu9uf2.webm",
        "LinkMp3": "https://files.catbox.moe/ufvz4y.mp3",
        "annId": 311,
        "songDifficulty": 42.38865792410714,
        "vintage": "Fall 1992"
    },
    {
        "animeEng": "To LOVE-Ru",
        "animeRomaji": "To LOVE-Ru",
        "songName": "GOLDEN TRANCER",
        "artist": "Misato Fukuen",
        "type": "Insert Song",
        "correctCount": 13,
        "startTime": 54,
        "songDuration": 86.232,
        "songNumber": 36,
        "activePlayerCount": 120,
        "LinkVideo": "https://files.catbox.moe/lsgy0o.webm",
        "LinkMp3": "https://files.catbox.moe/59cjto.mp3",
        "annId": 9091,
        "songDifficulty": 12.214099179197317,
        "vintage": "Spring 2008"
    },
    {
        "animeEng": "Alfred J. Quack",
        "animeRomaji": "Chiisana Ahiru no Ooki na Ai no Monogatari: Ahiru no Quack",
        "songName": "Yakusoku da yo \"KWAK'S SONG\"",
        "artist": "Megumi Hayashibara",
        "type": "Opening 1",
        "correctCount": 13,
        "startTime": 20,
        "songDuration": 88.824,
        "songNumber": 37,
        "activePlayerCount": 120,
        "LinkVideo": "https://files.catbox.moe/2p062c.webm",
        "LinkMp3": "https://files.catbox.moe/u1s4oc.mp3",
        "annId": 1049,
        "songDifficulty": 25.654056517775754,
        "vintage": "Spring 1989"
    },
    {
        "animeEng": "Garakowa: Restore the World",
        "animeRomaji": "Glass no Hana to Kowasu Sekai",
        "songName": "Yume no Tsubomi",
        "artist": "THREE",
        "type": "Ending 1",
        "correctCount": 14,
        "startTime": 9,
        "songDuration": 254.952,
        "songNumber": 38,
        "activePlayerCount": 121,
        "LinkVideo": "https://files.catbox.moe/tzr5pm.webm",
        "LinkMp3": "https://files.catbox.moe/6uw3ww.mp3",
        "annId": 16768,
        "songDifficulty": 15.394312638070693,
        "vintage": "Fall 2015"
    },
    {
        "animeEng": "The Empire of Corpses",
        "animeRomaji": "Shisha no Teikoku",
        "songName": "DOOR",
        "artist": "EGOIST",
        "type": "Ending 1",
        "correctCount": 18,
        "startTime": 102,
        "songDuration": 322.21487,
        "songNumber": 39,
        "activePlayerCount": 120,
        "LinkVideo": "https://files.catbox.moe/65lrsd.webm",
        "LinkMp3": "https://files.catbox.moe/yuzsyn.mp3",
        "annId": 16585,
        "songDifficulty": 16.060475012319316,
        "vintage": "Fall 2015"
    },
    {
        "animeEng": "Kiteretsu Daihyakka",
        "animeRomaji": "Kiteretsu Daihyakka",
        "songName": "Uwasa no Kiss",
        "artist": "TOKIO",
        "type": "Ending 8",
        "correctCount": 0,
        "startTime": 3,
        "songDuration": 97.069352,
        "songNumber": 40,
        "activePlayerCount": 123,
        "LinkVideo": "https://files.catbox.moe/4ajt0t.webm",
        "LinkMp3": "https://files.catbox.moe/g01fk5.mp3",
        "annId": 228,
        "songDifficulty": 20.53872094973169,
        "vintage": "Winter 1988"
    },
    {
        "animeEng": "Rosario + Vampire Capu2",
        "animeRomaji": "Rosario to Vampire Capu2",
        "songName": "Majokko? Onnanoko",
        "artist": "Kimiko Koyama",
        "type": "Insert Song",
        "correctCount": 3,
        "startTime": 19,
        "songDuration": 64.056,
        "songNumber": 41,
        "activePlayerCount": 123,
        "LinkVideo": "https://files.catbox.moe/f8izjo.webm",
        "LinkMp3": "https://files.catbox.moe/c12jrj.mp3",
        "annId": 9727,
        "songDifficulty": 9.762450891575774,
        "vintage": "Fall 2008",
        "correctPlayers": [
            "Elfiachaa",
            "Porte",
            "Re_Logistik73"
        ]
    },
    {
        "animeEng": "Gintama",
        "animeRomaji": "Gintama",
        "songName": "Omae no Baa-chan Omae no Basshu Haiteta",
        "artist": "Mikako Takahashi",
        "type": "Insert Song",
        "correctCount": 11,
        "startTime": 73,
        "songDuration": 116.808,
        "songNumber": 42,
        "activePlayerCount": 123,
        "LinkVideo": "https://files.catbox.moe/96suzv.webm",
        "LinkMp3": "https://files.catbox.moe/nj47ld.mp3",
        "annId": 6236,
        "songDifficulty": 24.464805211621943,
        "vintage": "Spring 2006"
    },
    {
        "animeEng": "Fate/kaleid liner Prisma\u2606Illya",
        "animeRomaji": "Fate/kaleid liner Prisma\u2606Illya",
        "songName": "starlog",
        "artist": "ChouCho",
        "type": "Opening 1",
        "correctCount": 75,
        "startTime": 24,
        "songDuration": 89.568,
        "songNumber": 43,
        "activePlayerCount": 124,
        "LinkVideo": "https://files.catbox.moe/3r2had.webm",
        "LinkMp3": "https://files.catbox.moe/khidi5.mp3",
        "annId": 15635,
        "songDifficulty": 36.79797754811119,
        "vintage": "Winter 2014"
    },
    {
        "animeEng": "Shouwa Genroku Rakugo Shinjuu",
        "animeRomaji": "Shouwa Genroku Rakugo Shinjuu",
        "songName": "Usurahi Shinjuu",
        "artist": "Megumi Hayashibara",
        "type": "Opening 1",
        "correctCount": 49,
        "startTime": 48,
        "songDuration": 88.92,
        "songNumber": 44,
        "activePlayerCount": 124,
        "LinkVideo": "https://files.catbox.moe/nkd0ls.webm",
        "LinkMp3": "https://files.catbox.moe/fn78g2.mp3",
        "annId": 16614,
        "songDifficulty": 31.00534797490017,
        "vintage": "Winter 2016"
    },
    {
        "animeEng": "Redline",
        "animeRomaji": "Redline",
        "songName": "Get The Stones",
        "artist": "James Shimoji feat.Andrew O.Jones",
        "type": "Insert Song",
        "correctCount": 19,
        "startTime": 0,
        "songDuration": 25.677926,
        "songNumber": 45,
        "activePlayerCount": 124,
        "LinkVideo": "https://files.catbox.moe/msvrof.webm",
        "LinkMp3": "https://files.catbox.moe/u23df2.mp3",
        "annId": 6456,
        "songDifficulty": 25.096845647662736,
        "vintage": "Summer 2009"
    },
    {
        "animeEng": "Mobile Suit Gundam Seed Destiny Special Edition",
        "animeRomaji": "Kidou Senshi Gundam Seed Destiny Special Edition",
        "songName": "Zips",
        "artist": "T.M.Revolution",
        "type": "Insert Song",
        "correctCount": 4,
        "startTime": 9,
        "songDuration": 86.304,
        "songNumber": 46,
        "activePlayerCount": 125,
        "LinkVideo": "https://files.catbox.moe/9vyhyi.webm",
        "LinkMp3": "https://files.catbox.moe/82zh09.mp3",
        "annId": 6303,
        "songDifficulty": 26.976190476190474,
        "vintage": "Spring 2006",
        "correctPlayers": [
            "coldfrog",
            "Sonoko",
            "ShikiNatsume",
            "Re_Logistik73"
        ]
    },
    {
        "animeEng": "Chou Soku Henkei Gyrozetter",
        "animeRomaji": "Chou Soku Henkei Gyrozetter",
        "songName": "Let's Go!",
        "artist": "Masahiko Kondou",
        "type": "Opening 1",
        "correctCount": 6,
        "startTime": 53,
        "songDuration": 88.057262,
        "songNumber": 47,
        "activePlayerCount": 125,
        "LinkVideo": "https://files.catbox.moe/zjy5jz.webm",
        "LinkMp3": "https://files.catbox.moe/4iwgi6.mp3",
        "annId": 13831,
        "songDifficulty": 10.663926744674887,
        "vintage": "Fall 2012"
    },
    {
        "animeEng": "Belle and Sebastian",
        "animeRomaji": "Meiken Jolie",
        "songName": "Hashire! Jolie",
        "artist": "Mitsuko Horie & Tea Tea Ne & Children's Chorus",
        "type": "Opening 1",
        "correctCount": 23,
        "startTime": 14,
        "songDuration": 91.766586,
        "songNumber": 48,
        "activePlayerCount": 125,
        "LinkVideo": "https://files.catbox.moe/g1t12o.webm",
        "LinkMp3": "https://files.catbox.moe/245wd2.mp3",
        "annId": 1215,
        "songDifficulty": 18.74076203377016,
        "vintage": "Spring 1981"
    },
    {
        "animeEng": "Like the Clouds, Like the Wind",
        "animeRomaji": "Kumo no You ni, Kaze no You ni",
        "songName": "Kumo no You ni Kaze no You ni",
        "artist": "Ryoko Sano",
        "type": "Ending 1",
        "correctCount": 3,
        "startTime": 118,
        "songDuration": 207.48,
        "songNumber": 49,
        "activePlayerCount": 125,
        "LinkVideo": "https://files.catbox.moe/64t7uz.webm",
        "LinkMp3": "https://files.catbox.moe/cogghw.mp3",
        "annId": 2041,
        "songDifficulty": 5.5301662161828595,
        "vintage": "Winter 1990",
        "correctPlayers": [
            "Nippah",
            "tomokarin",
            "Rukawa11"
        ]
    },
    {
        "animeEng": "Gungrave",
        "animeRomaji": "Gungrave",
        "songName": "Family",
        "artist": "Tsuneo Imahori",
        "type": "Opening 1",
        "correctCount": 19,
        "startTime": 64,
        "songDuration": 93.024,
        "songNumber": 50,
        "activePlayerCount": 124,
        "LinkVideo": "https://files.catbox.moe/p8gew5.webm",
        "LinkMp3": "https://files.catbox.moe/6zocyf.mp3",
        "annId": 2635,
        "songDifficulty": 19.993957796391754,
        "vintage": "Fall 2003"
    },
    {
        "animeEng": "Magical Mako-chan",
        "animeRomaji": "Mahou no Mako-chan",
        "songName": "Boku wa Mako ni Tsuite Yuku",
        "artist": "Mitsuko Horie",
        "type": "Ending 1",
        "correctCount": 99,
        "startTime": 0,
        "songDuration": 27.792,
        "songNumber": 51,
        "activePlayerCount": 126,
        "LinkVideo": "https://files.catbox.moe/nrweac.webm",
        "LinkMp3": "https://files.catbox.moe/rq0d21.mp3",
        "annId": 1387,
        "songDifficulty": 59.72212801464255,
        "vintage": "Fall 1970"
    },
    {
        "animeEng": "Crayon Shin-chan: Arashi o Yobu Jungle",
        "animeRomaji": "Crayon Shin-chan: Arashi o Yobu Jungle",
        "songName": "Tobe Tobe Onei-san",
        "artist": "Akiko Yajima & Tesshou Genda",
        "type": "Opening 1",
        "correctCount": 41,
        "startTime": 64,
        "songDuration": null,
        "songNumber": 52,
        "activePlayerCount": 125,
        "LinkVideo": "https://files.catbox.moe/jkyz1r.webm",
        "LinkMp3": "https://files.catbox.moe/0e4vgo.mp3",
        "annId": 6747,
        "songDifficulty": 49.98941704675028,
        "vintage": "Spring 2000"
    },
    {
        "animeEng": "Mobile Suit Gundam 00",
        "animeRomaji": "Mobile Suit Gundam 00",
        "songName": "Ash Like Snow",
        "artist": "the brilliant green",
        "type": "Opening 2",
        "correctCount": 59,
        "startTime": 37,
        "songDuration": 90.456,
        "songNumber": 53,
        "activePlayerCount": 124,
        "LinkVideo": "https://files.catbox.moe/vhku1l.webm",
        "LinkMp3": "https://files.catbox.moe/ckhtv6.mp3",
        "annId": 8190,
        "songDifficulty": 35.092359767891686,
        "vintage": "Fall 2007"
    },
    {
        "animeEng": "A Town Where You Live",
        "animeRomaji": "Kimi no Iru Machi",
        "songName": "Sentimental Love",
        "artist": "MimimemeMIMI",
        "type": "Opening 1",
        "correctCount": 37,
        "startTime": 3,
        "songDuration": 88.44,
        "songNumber": 54,
        "activePlayerCount": 124,
        "LinkVideo": "https://files.catbox.moe/nmctni.webm",
        "LinkMp3": "https://files.catbox.moe/5t56az.mp3",
        "annId": 20911,
        "songDifficulty": 25.750302522078805,
        "vintage": "Winter 2014"
    },
    {
        "animeEng": "Hanayaka Nari, Waga Ichizoku",
        "animeRomaji": "Hanayaka Nari, Waga Ichizoku",
        "songName": "Shall We Dance?",
        "artist": "Ceui",
        "type": "Ending 1",
        "correctCount": 5,
        "startTime": 7,
        "songDuration": 87.528,
        "songNumber": 55,
        "activePlayerCount": 123,
        "LinkVideo": "https://files.catbox.moe/f71s8u.webm",
        "LinkMp3": "https://files.catbox.moe/juaeqw.mp3",
        "annId": 16550,
        "songDifficulty": 13.093606668909002,
        "vintage": "Fall 2012",
        "correctPlayers": [
            "KouhaiLover69",
            "Rubikson",
            "IzumiSakai",
            "Jlin2",
            "nachoneko"
        ]
    },
    {
        "animeEng": "Yokuwakaru Gendai Maho",
        "animeRomaji": "Yoku Wakaru Gendai Mahou",
        "songName": "Niji-iro Romance",
        "artist": "Yoko Hikasa",
        "type": "Insert Song",
        "correctCount": 6,
        "startTime": 3,
        "songDuration": null,
        "songNumber": 56,
        "activePlayerCount": 123,
        "LinkVideo": "https://files.catbox.moe/lc16kg.webm",
        "LinkMp3": "https://files.catbox.moe/axqsgw.mp3",
        "annId": 10356,
        "songDifficulty": 19.582047057666365,
        "vintage": "Summer 2009"
    },
    {
        "animeEng": "One Piece",
        "animeRomaji": "One Piece",
        "songName": "DREAMIN' ON",
        "artist": "Da-iCE",
        "type": "Opening 23",
        "correctCount": 30,
        "startTime": 70,
        "songDuration": 119.4,
        "songNumber": 57,
        "activePlayerCount": 123,
        "LinkVideo": "https://files.catbox.moe/hnfwlu.webm",
        "LinkMp3": "https://files.catbox.moe/dgd9td.mp3",
        "annId": 836,
        "songDifficulty": 34.718997391147894,
        "vintage": "Fall 1999"
    },
    {
        "animeEng": "Black Butler: Book of the Atlantic",
        "animeRomaji": "Kuroshitsuji: Book of the Atlantic",
        "songName": "Glass no Hitomi",
        "artist": "SID",
        "type": "Ending 1",
        "correctCount": 15,
        "startTime": 105,
        "songDuration": 234.84,
        "songNumber": 58,
        "activePlayerCount": 122,
        "LinkVideo": "https://files.catbox.moe/tb83cq.webm",
        "LinkMp3": "https://files.catbox.moe/pvtecs.mp3",
        "annId": 18077,
        "songDifficulty": 16.624120515902366,
        "vintage": "Winter 2017"
    },
    {
        "animeEng": "Black Lagoon",
        "animeRomaji": "Black Lagoon",
        "songName": "Don't Look Behind",
        "artist": "EDISON",
        "type": "Ending 1",
        "correctCount": 56,
        "startTime": 36,
        "songDuration": 88.99425,
        "songNumber": 59,
        "activePlayerCount": 121,
        "LinkVideo": "https://files.catbox.moe/scc3hw.webm",
        "LinkMp3": "https://files.catbox.moe/79oct4.mp3",
        "annId": 6159,
        "songDifficulty": 33.51370004507211,
        "vintage": "Spring 2006"
    },
    {
        "animeEng": "Show By Rock!! Stars!!",
        "animeRomaji": "Show By Rock!! Stars!!",
        "songName": "Idou Shudan wa Bike Desu",
        "artist": "DOKONJOFINGER",
        "type": "Insert Song",
        "correctCount": 14,
        "startTime": 105,
        "songDuration": null,
        "songNumber": 60,
        "activePlayerCount": 123,
        "LinkVideo": "https://files.catbox.moe/omgtrz.webm",
        "LinkMp3": "https://files.catbox.moe/oybxji.mp3",
        "annId": 23132,
        "songDifficulty": 26.625244140625,
        "vintage": "Winter 2021"
    },
    {
        "animeEng": "Why the Hell Are You Here, Teacher!?",
        "animeRomaji": "Nande Koko ni Sensei ga!?",
        "songName": "Ringo-iro Memories",
        "artist": "Nozomi Yamamoto",
        "type": "Ending 5",
        "correctCount": 42,
        "startTime": 8,
        "songDuration": 59.304,
        "songNumber": 61,
        "activePlayerCount": 123,
        "LinkVideo": "https://files.catbox.moe/4xzqu9.webm",
        "LinkMp3": "https://files.catbox.moe/if6s2p.mp3",
        "annId": 21469,
        "songDifficulty": 27.444831681123503,
        "vintage": "Spring 2019"
    },
    {
        "animeEng": "WWW.WAGNARIA!!",
        "animeRomaji": "WWW.WORKING!!",
        "songName": "Mujuuryoku Fever (special ver.)",
        "artist": "Kensho Ono, Kouki Uchiyama, Yuuichi Nakamura, Haruka Tomatsu, Yoko Hikasa, Sora Amamiya",
        "type": "Ending 2",
        "correctCount": 22,
        "startTime": 61,
        "songDuration": 95.112,
        "songNumber": 62,
        "activePlayerCount": 123,
        "LinkVideo": "https://files.catbox.moe/lrni3b.webm",
        "LinkMp3": "https://files.catbox.moe/yo7shw.mp3",
        "annId": 18412,
        "songDifficulty": 24.34797713581599,
        "vintage": "Fall 2016"
    },
    {
        "animeEng": "DAYS",
        "animeRomaji": "DAYS",
        "songName": "EVERLASTING DAYS",
        "artist": "Takuto Yoshinaga, Yoshitsugu Matsuoka, Daisuke Namikawa, Daisuke Ono, Mamoru Miyano",
        "type": "Ending 1",
        "correctCount": 3,
        "startTime": 54,
        "songDuration": 88.992,
        "songNumber": 63,
        "activePlayerCount": 123,
        "LinkVideo": "https://files.catbox.moe/on4vvf.webm",
        "LinkMp3": "https://files.catbox.moe/17c5ke.mp3",
        "annId": 17986,
        "songDifficulty": 14.847083782327585,
        "vintage": "Summer 2016",
        "correctPlayers": [
            "Orfey",
            "Rukawa11",
            "DKing20"
        ]
    },
    {
        "animeEng": "Argonavis from BanG Dream!",
        "animeRomaji": "Argonavis from BanG Dream!",
        "songName": "Hoshi ga Hajimaru",
        "artist": "Argonavis",
        "type": "Opening 1",
        "correctCount": 13,
        "startTime": 11,
        "songDuration": 88.656,
        "songNumber": 64,
        "activePlayerCount": 123,
        "LinkVideo": "https://files.catbox.moe/luvdan.webm",
        "LinkMp3": "https://files.catbox.moe/jiz12x.mp3",
        "annId": 23027,
        "songDifficulty": 24.1476379751462,
        "vintage": "Spring 2020"
    },
    {
        "animeEng": "My Wife is the Student Council President",
        "animeRomaji": "Okusama ga Seitokaichou!",
        "songName": "Re\u00d7nai = Equation",
        "artist": "Ayana Taketatsu",
        "type": "Ending 1",
        "correctCount": 17,
        "startTime": 0,
        "songDuration": 23.208,
        "songNumber": 65,
        "activePlayerCount": 123,
        "LinkVideo": "https://files.catbox.moe/123qd2.webm",
        "LinkMp3": "https://files.catbox.moe/u9yskm.mp3",
        "annId": 16812,
        "songDifficulty": 19.96475824004975,
        "vintage": "Summer 2015"
    },
    {
        "animeEng": "Healin' Good Pretty Cure",
        "animeRomaji": "Healin' Good\u2661Precure",
        "songName": "We are Alive!!",
        "artist": "Rie Kitagawa",
        "type": "Insert Song",
        "correctCount": 4,
        "startTime": 3,
        "songDuration": 81.048,
        "songNumber": 66,
        "activePlayerCount": 123,
        "LinkVideo": "https://files.catbox.moe/jt3vz0.webm",
        "LinkMp3": "https://files.catbox.moe/nsbero.mp3",
        "annId": 22964,
        "songDifficulty": 16.27384668087698,
        "vintage": "Winter 2020",
        "correctPlayers": [
            "revel_",
            "MayuSakuma",
            "MKNono",
            "IzumiSakai"
        ]
    },
    {
        "animeEng": "Angel Tales",
        "animeRomaji": "Otogi Story Tenshi no Shippo",
        "songName": "Tenshi no Shippo",
        "artist": "P.E.T.S.",
        "type": "Opening 1",
        "correctCount": 7,
        "startTime": 23,
        "songDuration": 79.536,
        "songNumber": 67,
        "activePlayerCount": 123,
        "LinkVideo": "https://files.catbox.moe/75m9f4.webm",
        "LinkMp3": "https://files.catbox.moe/35r2tt.mp3",
        "annId": 1196,
        "songDifficulty": 15.172048640123663,
        "vintage": "Fall 2001"
    },
    {
        "animeEng": "Classroom of the Elite",
        "animeRomaji": "Youkoso Jitsuryoku Shijou Shugi no Kyoushitsu e",
        "songName": "Caste Room",
        "artist": "ZAQ",
        "type": "Opening 1",
        "correctCount": 87,
        "startTime": 30,
        "songDuration": 90.147022,
        "songNumber": 68,
        "activePlayerCount": 124,
        "LinkVideo": "https://files.catbox.moe/7vneoh.webm",
        "LinkMp3": "https://files.catbox.moe/kmq78b.mp3",
        "annId": 19544,
        "songDifficulty": 34.07085260790222,
        "vintage": "Summer 2017"
    },
    {
        "animeEng": "Ascendance of a Bookworm",
        "animeRomaji": "Honzuki no Gekokujou",
        "songName": "Masshiro",
        "artist": "Sumire Morohoshi",
        "type": "Opening 1",
        "correctCount": 64,
        "startTime": 40,
        "songDuration": 89.064,
        "songNumber": 69,
        "activePlayerCount": 124,
        "LinkVideo": "https://files.catbox.moe/bm4i35.webm",
        "LinkMp3": "https://files.catbox.moe/onsne0.mp3",
        "annId": 22255,
        "songDifficulty": 32.42140660755149,
        "vintage": "Fall 2019"
    },
    {
        "animeEng": "Digimon Xros Wars: Toki o Kakeru Shounen Hunter-tachi",
        "animeRomaji": "Digimon Xros Wars: Toki o Kakeru Shounen Hunter-tachi",
        "songName": "STAND UP",
        "artist": "twill",
        "type": "Opening 1",
        "correctCount": 12,
        "startTime": 10,
        "songDuration": 78.984,
        "songNumber": 70,
        "activePlayerCount": 123,
        "LinkVideo": "https://files.catbox.moe/8twmew.webm",
        "LinkMp3": "https://files.catbox.moe/mw8uhk.mp3",
        "annId": 13419,
        "songDifficulty": 16.713969842116125,
        "vintage": "Fall 2011"
    },
    {
        "animeEng": "One Piece",
        "animeRomaji": "One Piece",
        "songName": "Hard Knock Days",
        "artist": "GENERATIONS from EXILE TRIBE",
        "type": "Opening 18",
        "correctCount": 48,
        "startTime": 13,
        "songDuration": 149.76,
        "songNumber": 71,
        "activePlayerCount": 123,
        "LinkVideo": "https://files.catbox.moe/7ghiql.webm",
        "LinkMp3": "https://files.catbox.moe/yfxsl7.mp3",
        "annId": 836,
        "songDifficulty": 37.928875685272864,
        "vintage": "Fall 1999"
    },
    {
        "animeEng": "My Teen Romantic Comedy SNAFU Climax!",
        "animeRomaji": "Oregairu Kan",
        "songName": "Diamond no Jundo ~Yui Ballade~",
        "artist": "Nao Touyama",
        "type": "Ending 2",
        "correctCount": 44,
        "startTime": 30,
        "songDuration": 156.096,
        "songNumber": 72,
        "activePlayerCount": 123,
        "LinkVideo": "https://files.catbox.moe/fms1du.webm",
        "LinkMp3": "https://files.catbox.moe/e7rpcy.mp3",
        "annId": 21999,
        "songDifficulty": 25.775136920103094,
        "vintage": "Summer 2020"
    },
    {
        "animeEng": "Samurai Warriors: Legend of the Sanada",
        "animeRomaji": "Sengoku Musou SP: Sanada no Shou",
        "songName": "Reverb",
        "artist": "Kuroyume",
        "type": "Ending 1",
        "correctCount": 3,
        "startTime": 49,
        "songDuration": 88.658068,
        "songNumber": 73,
        "activePlayerCount": 123,
        "LinkVideo": "https://files.catbox.moe/0ru5kz.webm",
        "LinkMp3": "https://files.catbox.moe/z86yc1.mp3",
        "annId": 15796,
        "songDifficulty": 9.190309743847996,
        "vintage": "Winter 2014",
        "correctPlayers": [
            "xTsuSaKu",
            "Degen",
            "DKing20"
        ]
    },
    {
        "animeEng": "Di Gi Charat Ohanami Special",
        "animeRomaji": "Di Gi Charat Ohanami Special",
        "songName": "Sakura Sakura",
        "artist": "Asami Sanada, Miyuki Sawashiro, Kyouko Hikami",
        "type": "Insert Song",
        "correctCount": 6,
        "startTime": 129,
        "songDuration": 167.064,
        "songNumber": 74,
        "activePlayerCount": 124,
        "LinkVideo": "https://files.catbox.moe/4cq6fm.webm",
        "LinkMp3": "https://files.catbox.moe/z6ryt5.mp3",
        "annId": 3299,
        "songDifficulty": 11.329990194406548,
        "vintage": "Winter 2001"
    },
    {
        "animeEng": "Karakuri Circus",
        "animeRomaji": "Karakuri Circus",
        "songName": "Marionette",
        "artist": "Lozareena",
        "type": "Ending 1",
        "correctCount": 15,
        "startTime": 42,
        "songDuration": 87.168,
        "songNumber": 75,
        "activePlayerCount": 124,
        "LinkVideo": "https://files.catbox.moe/xxvcwo.webm",
        "LinkMp3": "https://files.catbox.moe/sukcwz.mp3",
        "annId": 20774,
        "songDifficulty": 26.851657472251585,
        "vintage": "Fall 2018"
    },
    {
        "animeEng": "given The Movie",
        "animeRomaji": "Eiga given",
        "songName": "Yoru ga Akeru",
        "artist": "Given",
        "type": "Insert Song",
        "correctCount": 16,
        "startTime": 207,
        "songDuration": 278.088,
        "songNumber": 76,
        "activePlayerCount": 124,
        "LinkVideo": "https://files.catbox.moe/gjcjau.webm",
        "LinkMp3": "https://files.catbox.moe/rl2ey3.mp3",
        "annId": 23072,
        "songDifficulty": 25.32984851233672,
        "vintage": "Summer 2020"
    },
    {
        "animeEng": "Today's Menu for the Emiya Family",
        "animeRomaji": "Emiya-san Chi no Kyou no Gohan",
        "songName": "Apron Boy",
        "artist": "DJ Misoshiru to MC Gohan",
        "type": "Opening 1",
        "correctCount": 80,
        "startTime": 11,
        "songDuration": 58.8,
        "songNumber": 77,
        "activePlayerCount": 124,
        "LinkVideo": "https://files.catbox.moe/h6jdbc.webm",
        "LinkMp3": "https://files.catbox.moe/yy5b84.mp3",
        "annId": 20493,
        "songDifficulty": 41.0531648199446,
        "vintage": "Winter 2018"
    },
    {
        "animeEng": "Promare",
        "animeRomaji": "Promare",
        "songName": "Kakusei",
        "artist": "Superfly",
        "type": "Insert Song",
        "correctCount": 27,
        "startTime": 80,
        "songDuration": 175.224,
        "songNumber": 78,
        "activePlayerCount": 124,
        "LinkVideo": "https://files.catbox.moe/q5kh3a.webm",
        "LinkMp3": "https://files.catbox.moe/mpj67y.mp3",
        "annId": 21767,
        "songDifficulty": 42.23956838118022,
        "vintage": "Spring 2019"
    },
    {
        "animeEng": "Naruto",
        "animeRomaji": "Naruto",
        "songName": "ALIVE",
        "artist": "Raiko",
        "type": "Ending 4",
        "correctCount": 58,
        "startTime": 63,
        "songDuration": 99.048,
        "songNumber": 79,
        "activePlayerCount": 124,
        "LinkVideo": "https://files.catbox.moe/ic77xn.webm",
        "LinkMp3": "https://files.catbox.moe/xjo27w.mp3",
        "annId": 1825,
        "songDifficulty": 42.864478326612904,
        "vintage": "Fall 2002"
    },
    {
        "animeEng": "Steel Angel Kurumi Zero",
        "animeRomaji": "Koutetsu Tenshi Kurumi Zero",
        "songName": "Hajimari no Kiseki",
        "artist": "Angels",
        "type": "Ending 1",
        "correctCount": 1,
        "startTime": 140,
        "songDuration": 174.624,
        "songNumber": 80,
        "activePlayerCount": 123,
        "LinkVideo": "https://files.catbox.moe/um3iui.webm",
        "LinkMp3": "https://files.catbox.moe/671v2c.mp3",
        "annId": 1853,
        "songDifficulty": 7.952621152736997,
        "vintage": "Spring 2001",
        "correctPlayers": [
            "JESSMI2"
        ]
    },
    {
        "animeEng": "No Guns Life",
        "animeRomaji": "No Guns Life",
        "songName": "MOTOR CITY",
        "artist": "Kenichi Asai",
        "type": "Opening 1",
        "correctCount": 33,
        "startTime": 45,
        "songDuration": 89.784,
        "songNumber": 81,
        "activePlayerCount": 124,
        "LinkVideo": "https://files.catbox.moe/yfkowp.webm",
        "LinkMp3": "https://files.catbox.moe/ig0bzr.mp3",
        "annId": 21978,
        "songDifficulty": 29.53178336746885,
        "vintage": "Fall 2019"
    },
    {
        "animeEng": "Aikatsu!",
        "animeRomaji": "Aikatsu!",
        "songName": "Heart no Melody",
        "artist": "Ruka from STAR\u2606ANIS",
        "type": "Insert Song",
        "correctCount": 45,
        "startTime": 36,
        "songDuration": 103.368,
        "songNumber": 82,
        "activePlayerCount": 123,
        "LinkVideo": "https://files.catbox.moe/rhge2k.webm",
        "LinkMp3": "https://files.catbox.moe/tyqwut.mp3",
        "annId": 15597,
        "songDifficulty": 32.80956305720654,
        "vintage": "Fall 2013"
    },
    {
        "animeEng": "Mobile Suit Gundam Thunderbolt: Bandit Flower",
        "animeRomaji": "Kidou Senshi Gundam Thunderbolt: Bandit Flower",
        "songName": "Hone Kudakete mo",
        "artist": "Yasuhiko Tsujimura aka Ornithology",
        "type": "Insert Song",
        "correctCount": 25,
        "startTime": 29,
        "songDuration": 63,
        "songNumber": 83,
        "activePlayerCount": 123,
        "LinkVideo": "https://files.catbox.moe/f6rq00.webm",
        "LinkMp3": "https://files.catbox.moe/ydutp8.mp3",
        "annId": 19893,
        "songDifficulty": 21.416534472813,
        "vintage": "Fall 2017"
    },
    {
        "animeEng": "Seraph of the End: Battle in Nagoya",
        "animeRomaji": "Owari no Seraph: Nagoya Kessen-hen",
        "songName": "Dim Light",
        "artist": "mpi",
        "type": "Insert Song",
        "correctCount": 21,
        "startTime": 35,
        "songDuration": 165.096,
        "songNumber": 84,
        "activePlayerCount": 123,
        "LinkVideo": "https://files.catbox.moe/y469os.webm",
        "LinkMp3": "https://files.catbox.moe/lbfsue.mp3",
        "annId": 17482,
        "songDifficulty": 13.713566268407892,
        "vintage": "Fall 2015"
    },
    {
        "animeEng": "Saikyou Kamizmode!",
        "animeRomaji": "Saikyou Kamizmode!",
        "songName": "Yamiyo Toppuu (Ver. Yokoshima)",
        "artist": "Taro Kobayashi",
        "type": "Insert Song",
        "correctCount": 9,
        "startTime": 19,
        "songDuration": 70.704,
        "songNumber": 85,
        "activePlayerCount": 120,
        "LinkVideo": "https://files.catbox.moe/aozxes.webm",
        "LinkMp3": "https://files.catbox.moe/969t9u.mp3",
        "annId": 23556,
        "songDifficulty": 10.33868114451036,
        "vintage": "Fall 2020"
    }
]