[
    {
        "animeEng": "Yuri!!! on Ice",
        "animeRomaji": "Yuri!!! on Ice",
        "songName": "Theme of King JJ",
        "artist": "Tarou Umebayashi feat. Linus Norda",
        "type": "Insert Song",
        "correctCount": 20,
        "startTime": 28,
        "songDuration": 114.768,
        "songNumber": 1,
        "activePlayerCount": 189,
        "LinkVideo": "https://files.catbox.moe/a5qlfy.webm",
        "LinkMp3": "https://files.catbox.moe/8nzodl.mp3",
        "annId": 18191
    },
    {
        "animeEng": "Lost Song",
        "animeRomaji": "Lost Song",
        "songName": "Iyashi no Uta",
        "artist": "Konomi Suzuki/Yukari Tamura",
        "type": "Insert Song",
        "correctCount": 26,
        "startTime": 38,
        "songDuration": 145.76076,
        "songNumber": 2,
        "activePlayerCount": 201,
        "LinkVideo": "https://files.catbox.moe/hods24.webm",
        "LinkMp3": "https://files.catbox.moe/xibh3n.mp3",
        "annId": 19988
    },
    {
        "animeEng": "The Disastrous Life of Saiki K.",
        "animeRomaji": "Saiki Kusuo no Psi Nan",
        "songName": "Sai \u03a8 Sai Kouchou!",
        "artist": "Dempagumi.inc",
        "type": "Opening 2",
        "correctCount": 79,
        "startTime": 17,
        "songDuration": 88.872,
        "songNumber": 3,
        "activePlayerCount": 204,
        "LinkVideo": "https://files.catbox.moe/i4zj7t.webm",
        "LinkMp3": "https://files.catbox.moe/d5rlfy.mp3",
        "annId": 18401
    },
    {
        "animeEng": "Road to You: Hoshi Furu Oka no Yakusoku",
        "animeRomaji": "Road to You: Hoshi Furu Oka no Yakusoku",
        "songName": "Lethologica",
        "artist": "Keina Suda",
        "type": "Insert Song",
        "correctCount": 13,
        "startTime": 20,
        "songDuration": 182.98461,
        "songNumber": 4,
        "activePlayerCount": 206,
        "LinkVideo": "https://files.catbox.moe/xyo6zy.webm",
        "LinkMp3": "https://files.catbox.moe/3p7hlv.mp3",
        "annId": 23872
    },
    {
        "animeEng": "Clannad: The Motion Picture",
        "animeRomaji": "Clannad Film",
        "songName": "Dango Dango Dango",
        "artist": "Fukuchi Kousaka Koutou Gakkou Zaikousei",
        "type": "Ending 3",
        "correctCount": 143,
        "startTime": 0,
        "songDuration": 31.464,
        "songNumber": 5,
        "activePlayerCount": 209,
        "LinkVideo": "https://files.catbox.moe/4h91d8.webm",
        "LinkMp3": "https://files.catbox.moe/geafjg.mp3",
        "annId": 6436
    },
    {
        "animeEng": "Fullmetal Alchemist",
        "animeRomaji": "Hagane no Renkinjutsushi",
        "songName": "Tobira no Mukou e",
        "artist": "YeLLOW Generation",
        "type": "Ending 2",
        "correctCount": 30,
        "startTime": 12,
        "songDuration": 89.808,
        "songNumber": 6,
        "activePlayerCount": 210,
        "LinkVideo": "https://files.catbox.moe/tl12fo.webm",
        "LinkMp3": "https://files.catbox.moe/jzbirv.mp3",
        "annId": 2960
    },
    {
        "animeEng": "Appleseed",
        "animeRomaji": "Appleseed",
        "songName": "Dive For You",
        "artist": "BOOM BOOM SATELLITES",
        "type": "Insert Song",
        "correctCount": 13,
        "startTime": 51,
        "songDuration": 113.064,
        "songNumber": 7,
        "activePlayerCount": 213,
        "LinkVideo": "https://files.catbox.moe/iljq2b.webm",
        "LinkMp3": "https://files.catbox.moe/pirwo4.mp3",
        "annId": 2532
    },
    {
        "animeEng": "Nurse Angel Ririka SOS",
        "animeRomaji": "Nurse Angel Ririka SOS",
        "songName": "Doo ni ka Koo ni ka",
        "artist": "Eiko Minami",
        "type": "Opening 2",
        "correctCount": 7,
        "startTime": 44,
        "songDuration": 97.152,
        "songNumber": 8,
        "activePlayerCount": 215,
        "LinkVideo": "https://files.catbox.moe/kcb2mo.webm",
        "LinkMp3": "https://files.catbox.moe/294134.mp3",
        "annId": 803
    },
    {
        "animeEng": "Another",
        "animeRomaji": "Another",
        "songName": "Kyoumu Densen",
        "artist": "ALI PROJECT",
        "type": "Opening 1",
        "correctCount": 185,
        "startTime": 31,
        "songDuration": 90.014156,
        "songNumber": 9,
        "activePlayerCount": 216,
        "LinkVideo": "https://files.catbox.moe/vhp6xd.webm",
        "LinkMp3": "https://files.catbox.moe/q6f3tw.mp3",
        "annId": 13258
    },
    {
        "animeEng": "Killing Bites",
        "animeRomaji": "Killing Bites",
        "songName": "killing bites",
        "artist": "fripSide",
        "type": "Opening 1",
        "correctCount": 63,
        "startTime": 42,
        "songDuration": 88.944,
        "songNumber": 10,
        "activePlayerCount": 219,
        "LinkVideo": "https://files.catbox.moe/01yv1d.webm",
        "LinkMp3": "https://files.catbox.moe/a8jthh.mp3",
        "annId": 20213
    },
    {
        "animeEng": "Seizei Gambare Mahou Shoujo Kurumi",
        "animeRomaji": "Seizei Gambare Mahou Shoujo Kurumi",
        "songName": "Shuumatsu e no Tengeki",
        "artist": "Mia REGINA",
        "type": "Opening 1",
        "correctCount": 22,
        "startTime": 0,
        "songDuration": 28.656,
        "songNumber": 11,
        "activePlayerCount": 221,
        "LinkVideo": "https://files.catbox.moe/x4b7x4.webm",
        "LinkMp3": "https://files.catbox.moe/i2ipi4.mp3",
        "annId": 23701
    },
    {
        "animeEng": "Gintama: The Final Chapter - Be Forever Yorozuya",
        "animeRomaji": "Gekijouban Gintama Kanketsu-hen: Yorozuya yo Eien Nare",
        "songName": "Genjou Destruction",
        "artist": "SPYAIR",
        "type": "Ending 1",
        "correctCount": 49,
        "startTime": 86,
        "songDuration": 133.848,
        "songNumber": 12,
        "activePlayerCount": 220,
        "LinkVideo": "https://files.catbox.moe/ak0tk7.webm",
        "LinkMp3": "https://files.catbox.moe/sf1qu9.mp3",
        "annId": 14996
    },
    {
        "animeEng": "Rainy Cocoa",
        "animeRomaji": "Ame-iro Cocoa",
        "songName": "Rainy cocoa",
        "artist": "Hiro Shimono",
        "type": "Opening 1",
        "correctCount": 137,
        "startTime": 0,
        "songDuration": 29.4,
        "songNumber": 13,
        "activePlayerCount": 221,
        "LinkVideo": "https://files.catbox.moe/np1p5l.webm",
        "LinkMp3": "https://files.catbox.moe/cf8b8q.mp3",
        "annId": 16647
    },
    {
        "animeEng": "Aikatsu Friends!",
        "animeRomaji": "Aikatsu Friends!",
        "songName": "Kizuna ~Synchroharmony~",
        "artist": "Sakuya\u30fbKaguya from BEST FRIENDS!",
        "type": "Insert Song",
        "correctCount": 19,
        "startTime": 35,
        "songDuration": 119.784,
        "songNumber": 14,
        "activePlayerCount": 223,
        "LinkVideo": "https://files.catbox.moe/53lp0u.webm",
        "LinkMp3": "https://files.catbox.moe/fot7o1.mp3",
        "annId": 20586
    },
    {
        "animeEng": "Majestic Prince",
        "animeRomaji": "Ginga Kikoutai Majestic Prince",
        "songName": "PROMPT",
        "artist": "Natsumi Kon",
        "type": "Opening 2",
        "correctCount": 14,
        "startTime": 60,
        "songDuration": 90,
        "songNumber": 15,
        "activePlayerCount": 222,
        "LinkVideo": "https://files.catbox.moe/jgwr4z.webm",
        "LinkMp3": "https://files.catbox.moe/udhvx8.mp3",
        "annId": 14971
    },
    {
        "animeEng": "Yu-Gi-Oh! Sevens",
        "animeRomaji": "Yu-Gi-Oh! Sevens",
        "songName": "Gouha Dai-7 Shougakkou Kouka (Luke ver.)",
        "artist": "Taku Yashiro",
        "type": "Ending 3",
        "correctCount": 11,
        "startTime": 36,
        "songDuration": 86.112,
        "songNumber": 16,
        "activePlayerCount": 222,
        "LinkVideo": "https://files.catbox.moe/376hiu.webm",
        "LinkMp3": "https://files.catbox.moe/bu7i0t.mp3",
        "annId": 23031
    },
    {
        "animeEng": "Eyeshield 21",
        "animeRomaji": "Eyeshield 21",
        "songName": "Chain of power",
        "artist": "Deimon Devil Bats",
        "type": "Insert Song",
        "correctCount": 5,
        "startTime": 14,
        "songDuration": 91.2,
        "songNumber": 17,
        "activePlayerCount": 221,
        "LinkVideo": "https://files.catbox.moe/7os444.webm",
        "LinkMp3": "https://files.catbox.moe/f3nuca.mp3",
        "annId": 4778,
        "correctPlayers": [
            "TsukiZuro",
            "Hubson778",
            "Okita_Souji",
            "Porte",
            "oh95"
        ]
    },
    {
        "animeEng": "The Disastrous Life of Saiki K.",
        "animeRomaji": "Saiki Kusuo no Psi Nan",
        "songName": "\u03a8 desu I LIKE YOU",
        "artist": "Dempagumi.inc",
        "type": "Ending 1",
        "correctCount": 43,
        "startTime": 28,
        "songDuration": 88.968,
        "songNumber": 18,
        "activePlayerCount": 221,
        "LinkVideo": "https://files.catbox.moe/3x2rfd.webm",
        "LinkMp3": "https://files.catbox.moe/oq3yfa.mp3",
        "annId": 18401
    },
    {
        "animeEng": "Hi Score Girl II",
        "animeRomaji": "High Score Girl II",
        "songName": "flash",
        "artist": "sora tob sakana",
        "type": "Opening 1",
        "correctCount": 64,
        "startTime": 38,
        "songDuration": 89.088,
        "songNumber": 19,
        "activePlayerCount": 218,
        "LinkVideo": "https://files.catbox.moe/2sheh9.webm",
        "LinkMp3": "https://files.catbox.moe/h97572.mp3",
        "annId": 22466
    },
    {
        "animeEng": "IDOLiSH7 Vibrato",
        "animeRomaji": "IDOLiSH7 Vibrato",
        "songName": "NATSU\u2606Shiyouze!",
        "artist": "IDOLiSH7",
        "type": "Insert Song",
        "correctCount": 21,
        "startTime": 14,
        "songDuration": 53.472,
        "songNumber": 20,
        "activePlayerCount": 217,
        "LinkVideo": "https://files.catbox.moe/jigzwt.webm",
        "LinkMp3": "https://files.catbox.moe/a3rtb0.mp3",
        "annId": 20627
    },
    {
        "animeEng": "Death Parade",
        "animeRomaji": "Death Parade",
        "songName": "Last Theater",
        "artist": "NoisyCell",
        "type": "Ending 1",
        "correctCount": 121,
        "startTime": 38,
        "songDuration": 69.288,
        "songNumber": 21,
        "activePlayerCount": 218,
        "LinkVideo": "https://files.catbox.moe/wifegm.webm",
        "LinkMp3": "https://files.catbox.moe/n9pmin.mp3",
        "annId": 16375
    },
    {
        "animeEng": "Elf 17",
        "animeRomaji": "Elf 17",
        "songName": "Do Do Dopink Power",
        "artist": "Hiroko Kasahara",
        "type": "Ending 1",
        "correctCount": 22,
        "startTime": 52,
        "songDuration": 131.78549,
        "songNumber": 22,
        "activePlayerCount": 220,
        "LinkVideo": "https://files.catbox.moe/wj1vxn.webm",
        "LinkMp3": "https://files.catbox.moe/86rc3k.mp3",
        "annId": 3398
    },
    {
        "animeEng": "Urusei Yatsura",
        "animeRomaji": "Urusei Yatsura",
        "songName": "Open Invitation",
        "artist": "CINDY",
        "type": "Ending 7",
        "correctCount": 10,
        "startTime": 56,
        "songDuration": 90.669462,
        "songNumber": 23,
        "activePlayerCount": 223,
        "LinkVideo": "https://files.catbox.moe/o8aszo.webm",
        "LinkMp3": "https://files.catbox.moe/20o5hd.mp3",
        "annId": 90
    },
    {
        "animeEng": "Adachi and Shimamura",
        "animeRomaji": "Adachi to Shimamura",
        "songName": "Kimi no Tonari de",
        "artist": "Akari Kitou",
        "type": "Ending 1",
        "correctCount": 45,
        "startTime": 42,
        "songDuration": 89.736,
        "songNumber": 24,
        "activePlayerCount": 222,
        "LinkVideo": "https://files.catbox.moe/bqd6nq.webm",
        "LinkMp3": "https://files.catbox.moe/6ksakq.mp3",
        "annId": 22954
    },
    {
        "animeEng": "Once Upon a Time",
        "animeRomaji": "Douwa Meita Senshi Windaria",
        "songName": "Yakusoku",
        "artist": "Akino Arai",
        "type": "Insert Song",
        "correctCount": 5,
        "startTime": 30,
        "songDuration": 122.64279,
        "songNumber": 25,
        "activePlayerCount": 222,
        "LinkVideo": "https://files.catbox.moe/mccdl7.webm",
        "LinkMp3": "https://files.catbox.moe/3rt4f2.mp3",
        "annId": 2606,
        "correctPlayers": [
            "movie",
            "watashiii",
            "Elfiachaa",
            "theyingster",
            "PearI"
        ]
    },
    {
        "animeEng": "NITABOH, the Shamisen Master",
        "animeRomaji": "Nitaboh: Tsugaru Shamisen Shiso Gaibun",
        "songName": "Shinsei",
        "artist": "Yae",
        "type": "Ending 1",
        "correctCount": 4,
        "startTime": 11,
        "songDuration": 309.432,
        "songNumber": 26,
        "activePlayerCount": 221,
        "LinkVideo": "https://files.catbox.moe/jw04do.webm",
        "LinkMp3": "https://files.catbox.moe/bjtds0.mp3",
        "annId": 6591,
        "correctPlayers": [
            "Janoxx",
            "watashiii",
            "ozsauce",
            "theyingster"
        ]
    },
    {
        "animeEng": "Perman",
        "animeRomaji": "Perman",
        "songName": "Bokura no Perman",
        "artist": "Katsue Miwa & Susumu Ishikawa",
        "type": "Opening 1",
        "correctCount": 75,
        "startTime": 0,
        "songDuration": 43.032,
        "songNumber": 27,
        "activePlayerCount": 223,
        "LinkVideo": "https://files.catbox.moe/23zudw.webm",
        "LinkMp3": "https://files.catbox.moe/o90r9l.mp3",
        "annId": 1438
    },
    {
        "animeEng": "In/Spectre",
        "animeRomaji": "Kyokou Suiri",
        "songName": "Mononoke in the Fiction",
        "artist": "Uso to Chameleon",
        "type": "Opening 1",
        "correctCount": 108,
        "startTime": 33,
        "songDuration": 88.56,
        "songNumber": 28,
        "activePlayerCount": 219,
        "LinkVideo": "https://files.catbox.moe/5kho3h.webm",
        "LinkMp3": "https://files.catbox.moe/ezttt3.mp3",
        "annId": 22256
    },
    {
        "animeEng": "Tantei Kageki Milky Holmes TD",
        "animeRomaji": "Tantei Kageki Milky Holmes TD",
        "songName": "NERORO Ondo",
        "artist": "Sora Tokui",
        "type": "Insert Song",
        "correctCount": 15,
        "startTime": 124,
        "songDuration": 216.072,
        "songNumber": 29,
        "activePlayerCount": 219,
        "LinkVideo": "https://files.catbox.moe/6617zr.webm",
        "LinkMp3": "https://files.catbox.moe/zyxsc9.mp3",
        "annId": 16300
    },
    {
        "animeEng": "Suzuka",
        "animeRomaji": "Suzuka",
        "songName": "Start Line",
        "artist": "COACH\u2606",
        "type": "Opening 1",
        "correctCount": 17,
        "startTime": 29,
        "songDuration": 87.744,
        "songNumber": 30,
        "activePlayerCount": 219,
        "LinkVideo": "https://files.catbox.moe/7rxwr1.webm",
        "LinkMp3": "https://files.catbox.moe/une3zg.mp3",
        "annId": 5113
    },
    {
        "animeEng": "Blessing of the Campanella",
        "animeRomaji": "Shukufuku no Campanella",
        "songName": "Shiawase wa Tsuki yori Takaku",
        "artist": "Aki Misato",
        "type": "Opening 1",
        "correctCount": 21,
        "startTime": 19,
        "songDuration": 87.48,
        "songNumber": 31,
        "activePlayerCount": 222,
        "LinkVideo": "https://files.catbox.moe/4s9kr5.webm",
        "LinkMp3": "https://files.catbox.moe/mek7s0.mp3",
        "annId": 11225
    },
    {
        "animeEng": "Bloodivores",
        "animeRomaji": "Bloodivores",
        "songName": "Yogakyoumei -NENTEN- (Chinese Version)",
        "artist": "Mili",
        "type": "Opening 2",
        "correctCount": 63,
        "startTime": 10,
        "songDuration": 85.344,
        "songNumber": 32,
        "activePlayerCount": 222,
        "LinkVideo": "https://files.catbox.moe/b20o5r.webm",
        "LinkMp3": "https://files.catbox.moe/oexhs9.mp3",
        "annId": 18719
    },
    {
        "animeEng": "Lamune",
        "animeRomaji": "Lamune",
        "songName": "Time Machine",
        "artist": "Ryouko Shintani",
        "type": "Insert Song",
        "correctCount": 5,
        "startTime": 29,
        "songDuration": 58.670012,
        "songNumber": 33,
        "activePlayerCount": 222,
        "LinkVideo": "https://files.catbox.moe/ytl9er.webm",
        "LinkMp3": "https://files.catbox.moe/tfgu6y.mp3",
        "annId": 5868,
        "correctPlayers": [
            "Kameyn",
            "Janoxx",
            "WatsonAmelia",
            "ozsauce",
            "theyingster"
        ]
    },
    {
        "animeEng": "Haikyu!! Second Season",
        "animeRomaji": "Haikyu!! Second Season",
        "songName": "FLY HIGH!!",
        "artist": "BURNOUT SYNDROMES",
        "type": "Opening 2",
        "correctCount": 107,
        "startTime": 30,
        "songDuration": 89.568,
        "songNumber": 34,
        "activePlayerCount": 222,
        "LinkVideo": "https://files.catbox.moe/xx42fp.webm",
        "LinkMp3": "https://files.catbox.moe/a8ai6u.mp3",
        "annId": 16660
    },
    {
        "animeEng": "The Humanoid",
        "animeRomaji": "The Humanoid: Ai no Wakusei Lazeria",
        "songName": "Dancing in the Rain",
        "artist": "Megumi Hayakawa",
        "type": "Opening 1",
        "correctCount": 12,
        "startTime": 20,
        "songDuration": 117.984,
        "songNumber": 35,
        "activePlayerCount": 219,
        "LinkVideo": "https://files.catbox.moe/9pvti0.webm",
        "LinkMp3": "https://files.catbox.moe/5iapx7.mp3",
        "annId": 759
    },
    {
        "animeEng": "Fate/Apocrypha",
        "animeRomaji": "Fate/Apocrypha",
        "songName": "Eiyuu Unmei no Uta",
        "artist": "EGOIST",
        "type": "Opening 1",
        "correctCount": 116,
        "startTime": 13,
        "songDuration": 95.16,
        "songNumber": 36,
        "activePlayerCount": 219,
        "LinkVideo": "https://files.catbox.moe/ty6ngc.webm",
        "LinkMp3": "https://files.catbox.moe/nifguc.mp3",
        "annId": 18983
    },
    {
        "animeEng": "Fireworks",
        "animeRomaji": "Uchiage Hanabi, Shita kara Miru ka? Yoko kara Miru ka?",
        "songName": "Ruri-iro no Chikyuu",
        "artist": "Suzu Hirose",
        "type": "Insert Song",
        "correctCount": 26,
        "startTime": 46,
        "songDuration": 117.052682,
        "songNumber": 37,
        "activePlayerCount": 220,
        "LinkVideo": "https://files.catbox.moe/juhyx5.webm",
        "LinkMp3": "https://files.catbox.moe/ij5x72.mp3",
        "annId": 19481
    },
    {
        "animeEng": "That is the Bottleneck",
        "animeRomaji": "That is the Bottleneck",
        "songName": "Sore dake ga Neck",
        "artist": "Uchikubi Gokumon Doukoukai",
        "type": "Ending 1",
        "correctCount": 46,
        "startTime": 1,
        "songDuration": 29.184,
        "songNumber": 38,
        "activePlayerCount": 220,
        "LinkVideo": "https://files.catbox.moe/93cgpv.webm",
        "LinkMp3": "https://files.catbox.moe/uci32q.mp3",
        "annId": 23699
    },
    {
        "animeEng": "Daily Lives of High School Boys",
        "animeRomaji": "Danshi Koukousei no Nichijou",
        "songName": "Shiny Tale",
        "artist": "Mix Speaker's,Inc.",
        "type": "Opening 1",
        "correctCount": 113,
        "startTime": 61,
        "songDuration": 90.329876,
        "songNumber": 39,
        "activePlayerCount": 219,
        "LinkVideo": "https://files.catbox.moe/tbxcy6.webm",
        "LinkMp3": "https://files.catbox.moe/c87oui.mp3",
        "annId": 13743
    },
    {
        "animeEng": "Bottom-Tier Character Tomozaki",
        "animeRomaji": "Jaku-Chara Tomozaki-kun",
        "songName": "Ayafuwa Asterisk (for Aoi Hinami)",
        "artist": "Hisako Kanemoto",
        "type": "Ending 5",
        "correctCount": 114,
        "startTime": 40,
        "songDuration": 89.688,
        "songNumber": 40,
        "activePlayerCount": 217,
        "LinkVideo": "https://files.catbox.moe/bujgif.webm",
        "LinkMp3": "https://files.catbox.moe/kouwpp.mp3",
        "annId": 23783
    },
    {
        "animeEng": "Kyousougiga Dainidan",
        "animeRomaji": "Kyousougiga Dainidan",
        "songName": "Kongou Kyojin Bishamaru",
        "artist": "Nami Nakagawa, Mitsu, Eiji Takemoto",
        "type": "Insert Song",
        "correctCount": 46,
        "startTime": 1,
        "songDuration": 31.584,
        "songNumber": 41,
        "activePlayerCount": 218,
        "LinkVideo": "https://files.catbox.moe/oqa8w8.webm",
        "LinkMp3": "https://files.catbox.moe/50l7yu.mp3",
        "annId": 14964
    },
    {
        "animeEng": "Dr. Stone",
        "animeRomaji": "Dr. Stone",
        "songName": "LIFE",
        "artist": "Rude-\u03b1",
        "type": "Ending 1",
        "correctCount": 100,
        "startTime": 25,
        "songDuration": 88.056,
        "songNumber": 42,
        "activePlayerCount": 218,
        "LinkVideo": "https://files.catbox.moe/kimsv6.webm",
        "LinkMp3": "https://files.catbox.moe/w75wnu.mp3",
        "annId": 21703
    },
    {
        "animeEng": "Fight League: Gear Gadget Generators",
        "animeRomaji": "Fight League: Gear Gadget Generators",
        "songName": "Winners",
        "artist": "TeddyLoid feat. Reol & Giga",
        "type": "Opening 1",
        "correctCount": 72,
        "startTime": 4,
        "songDuration": 56.496,
        "songNumber": 43,
        "activePlayerCount": 218,
        "LinkVideo": "https://files.catbox.moe/mrivrd.webm",
        "LinkMp3": "https://files.catbox.moe/9y1id7.mp3",
        "annId": 21592
    },
    {
        "animeEng": "Yurumates wa?",
        "animeRomaji": "Yurumates wa?",
        "songName": "Loosey Goosey",
        "artist": "Haruko Momoi",
        "type": "Opening 1",
        "correctCount": 112,
        "startTime": 0,
        "songDuration": 27.384,
        "songNumber": 44,
        "activePlayerCount": 218,
        "LinkVideo": "https://files.catbox.moe/1h3hdf.webm",
        "LinkMp3": "https://files.catbox.moe/7xtpt2.mp3",
        "annId": 13201
    },
    {
        "animeEng": "Banner of the Stars",
        "animeRomaji": "Seikai no Senki",
        "songName": "Seikai no Senki",
        "artist": "Katsuhisa Hattori",
        "type": "Opening 1",
        "correctCount": 20,
        "startTime": 5,
        "songDuration": 94.368,
        "songNumber": 45,
        "activePlayerCount": 218,
        "LinkVideo": "https://files.catbox.moe/y06rfe.webm",
        "LinkMp3": "https://files.catbox.moe/gj8kk1.mp3",
        "annId": 447
    },
    {
        "animeEng": "Gintama: The Semi-Final",
        "animeRomaji": "Gintama: The Semi-Final",
        "songName": "Wadachi",
        "artist": "SPYAIR",
        "type": "Ending 1",
        "correctCount": 34,
        "startTime": 3,
        "songDuration": 88.152,
        "songNumber": 46,
        "activePlayerCount": 219,
        "LinkVideo": "https://files.catbox.moe/0ala9w.webm",
        "LinkMp3": "https://files.catbox.moe/e4cqrs.mp3",
        "annId": 23827
    },
    {
        "animeEng": "Psycho-Pass Movie",
        "animeRomaji": "Gekijouban Psycho-Pass",
        "songName": "Namae no Nai Kaibutsu",
        "artist": "EGOIST",
        "type": "Ending 1",
        "correctCount": 119,
        "startTime": 166,
        "songDuration": 306.071474,
        "songNumber": 47,
        "activePlayerCount": 220,
        "LinkVideo": "https://files.catbox.moe/tbrtsa.webm",
        "LinkMp3": "https://files.catbox.moe/eep87v.mp3",
        "annId": 15670
    },
    {
        "animeEng": "Tokyo Ghoul: Root A",
        "animeRomaji": "Tokyo Ghoul \u221aA",
        "songName": "Colour My World",
        "artist": "Julia Shortreed",
        "type": "Insert Song",
        "correctCount": 20,
        "startTime": 48,
        "songDuration": 178.512,
        "songNumber": 48,
        "activePlayerCount": 218,
        "LinkVideo": "https://files.catbox.moe/4o8m11.webm",
        "LinkMp3": "https://files.catbox.moe/rr79mf.mp3",
        "annId": 16318
    },
    {
        "animeEng": "One Punch Man",
        "animeRomaji": "One Punch Man",
        "songName": "Seijaku no Apostle",
        "artist": "JAM Project",
        "type": "Opening 1",
        "correctCount": 168,
        "startTime": 38,
        "songDuration": 88.584,
        "songNumber": 49,
        "activePlayerCount": 220,
        "LinkVideo": "https://files.catbox.moe/vfo7ja.webm",
        "LinkMp3": "https://files.catbox.moe/ejfvik.mp3",
        "annId": 21282
    },
    {
        "animeEng": "Daitarn 3",
        "animeRomaji": "Muteki Koujin Daitarn 3",
        "songName": "Toppo de Tango",
        "artist": "Koorogi '73",
        "type": "Ending 1",
        "correctCount": 173,
        "startTime": 23,
        "songDuration": 58.539402,
        "songNumber": 50,
        "activePlayerCount": 218,
        "LinkVideo": "https://files.catbox.moe/st8x9p.webm",
        "LinkMp3": "https://files.catbox.moe/0rmjfv.mp3",
        "annId": 1297
    },
    {
        "animeEng": "Kiznaiver",
        "animeRomaji": "Kiznaiver",
        "songName": "LAY YOUR HANDS ON ME",
        "artist": "BOOM BOOM SATELLITES",
        "type": "Opening 1",
        "correctCount": 178,
        "startTime": 26,
        "songDuration": 89.965688,
        "songNumber": 51,
        "activePlayerCount": 219,
        "LinkVideo": "https://files.catbox.moe/y9vdhg.webm",
        "LinkMp3": "https://files.catbox.moe/ebpr7u.mp3",
        "annId": 17706
    },
    {
        "animeEng": "Pok\u00e9mon XY",
        "animeRomaji": "Pocket Monsters XY",
        "songName": "V (Volt)",
        "artist": "Yusuke",
        "type": "Opening 1",
        "correctCount": 162,
        "startTime": 27,
        "songDuration": 87.744,
        "songNumber": 52,
        "activePlayerCount": 219,
        "LinkVideo": "https://files.catbox.moe/wj7qg3.webm",
        "LinkMp3": "https://files.catbox.moe/sf67v2.mp3",
        "annId": 15491
    },
    {
        "animeEng": "Gintama\u00b0",
        "animeRomaji": "Gintama\u00b0",
        "songName": "Glorious Days",
        "artist": "THREE LIGHTS DOWN KINGS",
        "type": "Ending 3",
        "correctCount": 34,
        "startTime": 9,
        "songDuration": 89.088,
        "songNumber": 53,
        "activePlayerCount": 219,
        "LinkVideo": "https://files.catbox.moe/6apgbw.webm",
        "LinkMp3": "https://files.catbox.moe/mp0gf6.mp3",
        "annId": 16644
    },
    {
        "animeEng": "Mekakucity Actors",
        "animeRomaji": "Mekakucity Actors",
        "songName": "Kagerou Daze",
        "artist": "Jin ft. Shouichi Taguchi from Sentimental Vector",
        "type": "Insert Song",
        "correctCount": 104,
        "startTime": 34,
        "songDuration": 90.0752,
        "songNumber": 54,
        "activePlayerCount": 220,
        "LinkVideo": "https://files.catbox.moe/gy6krh.webm",
        "LinkMp3": "https://files.catbox.moe/eh5r3i.mp3",
        "annId": 15797
    },
    {
        "animeEng": "Shugo Chara!",
        "animeRomaji": "Shugo Chara!",
        "songName": "Yume no Tsubomi",
        "artist": "Nana Mizuki",
        "type": "Insert Song",
        "correctCount": 13,
        "startTime": 2,
        "songDuration": 33.936,
        "songNumber": 55,
        "activePlayerCount": 217,
        "LinkVideo": "https://files.catbox.moe/41cyhi.webm",
        "LinkMp3": "https://files.catbox.moe/79hxwf.mp3",
        "annId": 8182
    },
    {
        "animeEng": "Initial D",
        "animeRomaji": "Initial D",
        "songName": "DANCING",
        "artist": "VICKY VALE",
        "type": "Insert Song",
        "correctCount": 112,
        "startTime": 27,
        "songDuration": 107.784,
        "songNumber": 56,
        "activePlayerCount": 217,
        "LinkVideo": "https://files.catbox.moe/f5f7ni.webm",
        "LinkMp3": "https://files.catbox.moe/em5zcs.mp3",
        "annId": 395
    },
    {
        "animeEng": "Happy Lucky Bikkuriman",
        "animeRomaji": "Happy Lucky Bikkuriman",
        "songName": "Happy\u2606Lucky! Bikkuriman",
        "artist": "Hideaki Takatori",
        "type": "Opening 1",
        "correctCount": 1,
        "startTime": 13,
        "songDuration": 88.848,
        "songNumber": 57,
        "activePlayerCount": 217,
        "LinkVideo": "https://files.catbox.moe/2vb4zr.webm",
        "LinkMp3": "https://files.catbox.moe/s48263.mp3",
        "annId": 7895,
        "correctPlayers": [
            "SmartHardyz"
        ]
    },
    {
        "animeEng": "K-On! Season 2",
        "animeRomaji": "K-On!!",
        "songName": "Fuwa Fuwa Time (5nin Ver.)",
        "artist": "Ho-Kago Tea Time",
        "type": "Insert Song",
        "correctCount": 165,
        "startTime": 0,
        "songDuration": 22.56,
        "songNumber": 58,
        "activePlayerCount": 217,
        "LinkVideo": "https://files.catbox.moe/ka4g2f.webm",
        "LinkMp3": "https://files.catbox.moe/n4yln2.mp3",
        "annId": 11262
    },
    {
        "animeEng": "Make Up! Sailor Guardians",
        "animeRomaji": "Make-Up! Sailor Senshi",
        "songName": "Anata no Yume o Mitai wa",
        "artist": "Rica Fukami",
        "type": "Insert Song",
        "correctCount": 1,
        "startTime": 46,
        "songDuration": 120.144,
        "songNumber": 59,
        "activePlayerCount": 218,
        "LinkVideo": "https://files.catbox.moe/ktocbw.webm",
        "LinkMp3": "https://files.catbox.moe/8hw29i.mp3",
        "annId": 3832,
        "correctPlayers": [
            "movie"
        ]
    },
    {
        "animeEng": "D.Gray-man",
        "animeRomaji": "D.Gray-man",
        "songName": "Wish",
        "artist": "Sowelu",
        "type": "Ending 6",
        "correctCount": 15,
        "startTime": 55,
        "songDuration": 88.008,
        "songNumber": 60,
        "activePlayerCount": 219,
        "LinkVideo": "https://files.catbox.moe/fkv2mu.webm",
        "LinkMp3": "https://files.catbox.moe/z0xs1h.mp3",
        "annId": 6764
    },
    {
        "animeEng": "The IDOLM@STER",
        "animeRomaji": "The IDOLM@STER",
        "songName": "Issho",
        "artist": "765PRO ALLSTARS",
        "type": "Ending 25",
        "correctCount": 5,
        "startTime": 43,
        "songDuration": 189.552,
        "songNumber": 61,
        "activePlayerCount": 219,
        "LinkVideo": "https://files.catbox.moe/y52wgw.webm",
        "LinkMp3": "https://files.catbox.moe/9zll4m.mp3",
        "annId": 12436,
        "correctPlayers": [
            "Crab_Stick",
            "wJuzuya",
            "HakRaiju",
            "Hejsan",
            "shamanlord"
        ]
    },
    {
        "animeEng": "In the Land of Leadale",
        "animeRomaji": "Leadale no Daichi nite",
        "songName": "Happy encount",
        "artist": "TRUE",
        "type": "Opening 1",
        "correctCount": 30,
        "startTime": 39,
        "songDuration": 89.064,
        "songNumber": 62,
        "activePlayerCount": 221,
        "LinkVideo": "https://files.catbox.moe/g4x4nu.webm",
        "LinkMp3": "https://files.catbox.moe/48fwuj.mp3",
        "annId": 24106
    },
    {
        "animeEng": "Tower of God",
        "animeRomaji": "Kami no Tou",
        "songName": "TOP -Japanese ver.-",
        "artist": "Stray Kids",
        "type": "Opening 1",
        "correctCount": 184,
        "startTime": 10,
        "songDuration": 87.408,
        "songNumber": 63,
        "activePlayerCount": 224,
        "LinkVideo": "https://files.catbox.moe/v5wu34.webm",
        "LinkMp3": "https://files.catbox.moe/oya4dn.mp3",
        "annId": 23068
    },
    {
        "animeEng": "Senki Zesshou Symphogear XV",
        "animeRomaji": "Senki Zesshou Symphogear XV",
        "songName": "Angelic Remnant",
        "artist": "Nana Mizuki \u00d7 Yoko Hikasa",
        "type": "Insert Song",
        "correctCount": 26,
        "startTime": 12,
        "songDuration": 130.056,
        "songNumber": 64,
        "activePlayerCount": 222,
        "LinkVideo": "https://files.catbox.moe/xz7x0v.webm",
        "LinkMp3": "https://files.catbox.moe/oiy4wq.mp3",
        "annId": 22019
    },
    {
        "animeEng": "School Babysitters",
        "animeRomaji": "Gakuen Babysitters",
        "songName": "Oshiete yo",
        "artist": "Hyorotto Danshi",
        "type": "Ending 1",
        "correctCount": 10,
        "startTime": 41,
        "songDuration": 90.048,
        "songNumber": 65,
        "activePlayerCount": 222,
        "LinkVideo": "https://files.catbox.moe/f9oxvi.webm",
        "LinkMp3": "https://files.catbox.moe/vth5gx.mp3",
        "annId": 19400
    },
    {
        "animeEng": "DD Fist of the North Star II",
        "animeRomaji": "DD Hokuto no Ken 2 Ichigo Aji+",
        "songName": "Kesenai, Nanatsu no Hoshi",
        "artist": "Houkago Princess",
        "type": "Ending 1",
        "correctCount": 3,
        "startTime": 47,
        "songDuration": 88.248,
        "songNumber": 66,
        "activePlayerCount": 221,
        "LinkVideo": "https://files.catbox.moe/9dq5xk.webm",
        "LinkMp3": "https://files.catbox.moe/n1zx5o.mp3",
        "annId": 17646,
        "correctPlayers": [
            "Tsukona",
            "Pitohu",
            "theyingster"
        ]
    },
    {
        "animeEng": "gdgd Fairies",
        "animeRomaji": "gdgd Fairies",
        "songName": "Eternal",
        "artist": "gdgd Fairies",
        "type": "Ending 1",
        "correctCount": 23,
        "startTime": 4,
        "songDuration": 47.76,
        "songNumber": 67,
        "activePlayerCount": 222,
        "LinkVideo": "https://files.catbox.moe/b6lqpx.webm",
        "LinkMp3": "https://files.catbox.moe/dtnj9x.mp3",
        "annId": 13451
    },
    {
        "animeEng": "pet",
        "animeRomaji": "pet",
        "songName": "Chou no Tobu Suisou",
        "artist": "TK from Ling Tosite Sigure",
        "type": "Opening 1",
        "correctCount": 113,
        "startTime": 34,
        "songDuration": 89.112,
        "songNumber": 68,
        "activePlayerCount": 221,
        "LinkVideo": "https://files.catbox.moe/xp9bhw.webm",
        "LinkMp3": "https://files.catbox.moe/78b9xw.mp3",
        "annId": 20777
    },
    {
        "animeEng": "Porco Rosso",
        "animeRomaji": "Kurenai no Buta",
        "songName": "Le temps des Cerises",
        "artist": "Tokiko Kato",
        "type": "Insert Song",
        "correctCount": 104,
        "startTime": 30,
        "songDuration": 167.088,
        "songNumber": 69,
        "activePlayerCount": 222,
        "LinkVideo": "https://files.catbox.moe/bsayo9.webm",
        "LinkMp3": "https://files.catbox.moe/q36rig.mp3",
        "annId": 855
    },
    {
        "animeEng": "Nono-chan",
        "animeRomaji": "Nono-chan",
        "songName": "Uruwashi no Uta",
        "artist": "Ikue Ootani",
        "type": "Opening 1",
        "correctCount": 3,
        "startTime": 44,
        "songDuration": 88.584,
        "songNumber": 70,
        "activePlayerCount": 223,
        "LinkVideo": "https://files.catbox.moe/6sp81z.webm",
        "LinkMp3": "https://files.catbox.moe/uma7mj.mp3",
        "annId": 1854,
        "correctPlayers": [
            "aryagamis",
            "Orfey",
            "ozsauce"
        ]
    },
    {
        "animeEng": "Show By Rock!! Stars!!",
        "animeRomaji": "Show By Rock!! Stars!!",
        "songName": "Anokanatarium",
        "artist": "Mashumairesh!!",
        "type": "Insert Song",
        "correctCount": 8,
        "startTime": 152,
        "songDuration": 203.064,
        "songNumber": 71,
        "activePlayerCount": 223,
        "LinkVideo": "https://files.catbox.moe/szzegb.webm",
        "LinkMp3": "https://files.catbox.moe/y7euh8.mp3",
        "annId": 23132
    },
    {
        "animeEng": "Heaven\u2019s Lost Property the Movie: The Angeloid of Clockwork",
        "animeRomaji": "Sora no Otoshimono: Tokei-jikake no Angeloid",
        "songName": "Crayon",
        "artist": "Yoko Hikasa",
        "type": "Insert Song",
        "correctCount": 1,
        "startTime": 27,
        "songDuration": 111.436452,
        "songNumber": 72,
        "activePlayerCount": 223,
        "LinkVideo": "https://files.catbox.moe/hdukmo.webm",
        "LinkMp3": "https://files.catbox.moe/v46jk7.mp3",
        "annId": 12147,
        "correctPlayers": [
            "OnlyCum"
        ]
    },
    {
        "animeEng": "Durarara!! \u00d72 The First Arc",
        "animeRomaji": "Durarara!!\u00d72 Shou",
        "songName": "HEADHUNT",
        "artist": "OKAMOTO'S",
        "type": "Opening 1",
        "correctCount": 88,
        "startTime": 24,
        "songDuration": 88.392,
        "songNumber": 73,
        "activePlayerCount": 222,
        "LinkVideo": "https://files.catbox.moe/kvglpu.webm",
        "LinkMp3": "https://files.catbox.moe/lbgte0.mp3",
        "annId": 16183
    },
    {
        "animeEng": "Doraemon the Movie: Nobita in the New Haunts of Evil - Peko and the Five Explorers",
        "animeRomaji": "Doraemon Shin Nobita no Daimakyo: Peko to 5-nin no Tankentai",
        "songName": "Yume o Kanaete Doraemon",
        "artist": "mao feat. Himawari Kids",
        "type": "Opening 1",
        "correctCount": 190,
        "startTime": 55,
        "songDuration": 87.816,
        "songNumber": 74,
        "activePlayerCount": 225,
        "LinkVideo": "https://files.catbox.moe/1wfu1a.webm",
        "LinkMp3": "https://files.catbox.moe/p3y5is.mp3",
        "annId": 15502
    },
    {
        "animeEng": "Lostorage conflated WIXOSS",
        "animeRomaji": "Lostorage conflated WIXOSS",
        "songName": "UNLOCK",
        "artist": "Yuka Iguchi",
        "type": "Opening 1",
        "correctCount": 43,
        "startTime": 52,
        "songDuration": 89.016,
        "songNumber": 75,
        "activePlayerCount": 225,
        "LinkVideo": "https://files.catbox.moe/ot1rsx.webm",
        "LinkMp3": "https://files.catbox.moe/usyp81.mp3",
        "annId": 20453
    },
    {
        "animeEng": "Digimon Adventure",
        "animeRomaji": "Digimon Adventure",
        "songName": "Butter-Fly~Piano Version~",
        "artist": "Kouji Wada",
        "type": "Insert Song",
        "correctCount": 112,
        "startTime": 72,
        "songDuration": 124.848,
        "songNumber": 76,
        "activePlayerCount": 225,
        "LinkVideo": "https://files.catbox.moe/j1pmst.webm",
        "LinkMp3": "https://files.catbox.moe/8uw15i.mp3",
        "annId": 794
    },
    {
        "animeEng": "And They're Off! Powerpuff Girls Z",
        "animeRomaji": "Demashitaa! Powerpuff Girls Z",
        "songName": "Kibou no Kakera",
        "artist": "Nana Kitade",
        "type": "Opening 1",
        "correctCount": 16,
        "startTime": 49,
        "songDuration": 89.4,
        "songNumber": 77,
        "activePlayerCount": 224,
        "LinkVideo": "https://files.catbox.moe/w9kb7r.webm",
        "LinkMp3": "https://files.catbox.moe/igomuw.mp3",
        "annId": 5371
    },
    {
        "animeEng": "The World God Only Knows",
        "animeRomaji": "Kami Nomi zo Shiru Sekai",
        "songName": "Happy Crescent",
        "artist": "Nao Touyama",
        "type": "Ending 4",
        "correctCount": 97,
        "startTime": 16,
        "songDuration": 215.688,
        "songNumber": 78,
        "activePlayerCount": 224,
        "LinkVideo": "https://files.catbox.moe/ttfi1x.webm",
        "LinkMp3": "https://files.catbox.moe/cymp38.mp3",
        "annId": 11571
    },
    {
        "animeEng": "Eiga Panpaka Pants: Bananan Oukoku no Hihou",
        "animeRomaji": "Eiga Panpaka Pants: Bananan Oukoku no Hihou",
        "songName": "Panpaku Pants March",
        "artist": "Yoshino Nanjou feat. Prism\u2606Mates",
        "type": "Opening 1",
        "correctCount": 5,
        "startTime": 15,
        "songDuration": 64.128,
        "songNumber": 79,
        "activePlayerCount": 223,
        "LinkVideo": "https://files.catbox.moe/w3giqr.webm",
        "LinkMp3": "https://files.catbox.moe/0s1t5s.mp3",
        "annId": 23219,
        "correctPlayers": [
            "looooo",
            "Baguett",
            "NijinoYume721",
            "theyingster",
            "mkby"
        ]
    },
    {
        "animeEng": "Onmyou Taisenki",
        "animeRomaji": "Onmyou Taisenki",
        "songName": "Shiroi Fuyu",
        "artist": "Raiko",
        "type": "Ending 2",
        "correctCount": 3,
        "startTime": 41,
        "songDuration": 86.672796,
        "songNumber": 80,
        "activePlayerCount": 223,
        "LinkVideo": "https://files.catbox.moe/j978ir.webm",
        "LinkMp3": "https://files.catbox.moe/6sjo86.mp3",
        "annId": 4498,
        "correctPlayers": [
            "theyingster",
            "Phellan",
            "kitcody1990"
        ]
    },
    {
        "animeEng": "Death Note",
        "animeRomaji": "Death Note",
        "songName": "Zetsubou Billy",
        "artist": "Maximum the Hormone",
        "type": "Ending 2",
        "correctCount": 112,
        "startTime": 1,
        "songDuration": 69.048,
        "songNumber": 81,
        "activePlayerCount": 223,
        "LinkVideo": "https://files.catbox.moe/i4yqwe.webm",
        "LinkMp3": "https://files.catbox.moe/vht1w4.mp3",
        "annId": 6592
    },
    {
        "animeEng": "Kiratto Pri\u2606Chan",
        "animeRomaji": "Kiratto Pri\u2606Chan",
        "songName": "Individual Jewel",
        "artist": "Ring Marry",
        "type": "Insert Song",
        "correctCount": 10,
        "startTime": 106,
        "songDuration": 140.472,
        "songNumber": 82,
        "activePlayerCount": 223,
        "LinkVideo": "https://files.catbox.moe/njscet.webm",
        "LinkMp3": "https://files.catbox.moe/z7m0of.mp3",
        "annId": 23131
    },
    {
        "animeEng": "Clannad After Story",
        "animeRomaji": "Clannad After Story",
        "songName": "Ana",
        "artist": "Lia",
        "type": "Insert Song",
        "correctCount": 153,
        "startTime": 33,
        "songDuration": 227.664,
        "songNumber": 83,
        "activePlayerCount": 224,
        "LinkVideo": "https://files.catbox.moe/nmjixe.webm",
        "LinkMp3": "https://files.catbox.moe/isto93.mp3",
        "annId": 9701
    },
    {
        "animeEng": "Kodomo no Jikan Second Term",
        "animeRomaji": "Kodomo no Jikan 2-gakki",
        "songName": "Guilty Future",
        "artist": "Eri Kitamura",
        "type": "Opening 1",
        "correctCount": 24,
        "startTime": 7,
        "songDuration": 89.112,
        "songNumber": 84,
        "activePlayerCount": 223,
        "LinkVideo": "https://files.catbox.moe/27qd9h.webm",
        "LinkMp3": "https://files.catbox.moe/8ug6q4.mp3",
        "annId": 10306
    },
    {
        "animeEng": "The Disastrous Life of Saiki K.",
        "animeRomaji": "Saiki Kusuo no Psi Nan",
        "songName": "Duet\u2661Shitekuda-\u03a8",
        "artist": "Saiki-kku Lover feat. Hiroshi Kamiya, Ai Kayano, Eri Kitamura",
        "type": "Ending 1",
        "correctCount": 137,
        "startTime": 35,
        "songDuration": 89.88,
        "songNumber": 85,
        "activePlayerCount": 223,
        "LinkVideo": "https://files.catbox.moe/66vxwb.webm",
        "LinkMp3": "https://files.catbox.moe/fwuwvy.mp3",
        "annId": 21649
    }
]