[
    {
        "animeEng": "Digimon: The Golden Digimentals",
        "animeRomaji": "Digimon: The Golden Digimentals",
        "songName": "brave heart",
        "artist": "Ayumi Miyazaki",
        "type": "Insert Song",
        "correctCount": 43,
        "startTime": 10,
        "songDuration": 43.416,
        "songNumber": 1,
        "activePlayerCount": 110,
        "LinkVideo": "https://files.catbox.moe/2iwvct.webm",
        "LinkMp3": "https://files.catbox.moe/8akf42.mp3",
        "annId": 2525,
        "songDifficulty": 38.83447455126132,
        "vintage": "Summer 2000"
    },
    {
        "animeEng": "Gintama'",
        "animeRomaji": "Gintama'",
        "songName": "Donten",
        "artist": "DOES",
        "type": "Insert Song",
        "correctCount": 89,
        "startTime": 40,
        "songDuration": 86.16,
        "songNumber": 2,
        "activePlayerCount": 118,
        "LinkVideo": "https://files.catbox.moe/mdl4u0.webm",
        "LinkMp3": "https://files.catbox.moe/ub05xs.mp3",
        "annId": 12835,
        "songDifficulty": 51.783076298701296,
        "vintage": "Spring 2011"
    },
    {
        "animeEng": "Hand Shakers",
        "animeRomaji": "Hand Shakers",
        "songName": "Koichu Letter No. 1",
        "artist": "Mikako Komatsu",
        "type": "Insert Song",
        "correctCount": 8,
        "startTime": 19,
        "songDuration": 51.12,
        "songNumber": 3,
        "activePlayerCount": 121,
        "LinkVideo": "https://files.catbox.moe/xkxolm.webm",
        "LinkMp3": "https://files.catbox.moe/5y1myb.mp3",
        "annId": 18690,
        "songDifficulty": 17.24154708139083,
        "vintage": "Winter 2017"
    },
    {
        "animeEng": "Fresh Precure! Omocha no Kuni wa Himitsu ga Ippai!?",
        "animeRomaji": "Fresh Precure! Omocha no Kuni wa Himitsu ga Ippai!?",
        "songName": "Let's! Fresh Precure! ~Hybrid Version~ for the Movie",
        "artist": "Mizuki Moie with Cure Fresh!",
        "type": "Opening 1",
        "correctCount": 90,
        "startTime": 12,
        "songDuration": 84.48,
        "songNumber": 4,
        "activePlayerCount": 124,
        "LinkVideo": "https://files.catbox.moe/b7nvp2.webm",
        "LinkMp3": "https://files.catbox.moe/a0ino7.mp3",
        "annId": 10866,
        "songDifficulty": 34.417671035805625,
        "vintage": "Fall 2009"
    },
    {
        "animeEng": "Dog & Scissors",
        "animeRomaji": "Inu to Hasami wa Tsukaiyou",
        "songName": "KIRA-KIRA Shimashou?",
        "artist": "Yuu Serizawa",
        "type": "Insert Song",
        "correctCount": 6,
        "startTime": 57,
        "songDuration": 103.056,
        "songNumber": 5,
        "activePlayerCount": 124,
        "LinkVideo": "https://files.catbox.moe/1d0jfe.webm",
        "LinkMp3": "https://files.catbox.moe/ihr3o3.mp3",
        "annId": 15101,
        "songDifficulty": 6.361908541825821,
        "vintage": "Summer 2013"
    },
    {
        "animeEng": "My-Otome Zwei",
        "animeRomaji": "Mai-Otome Zwei",
        "songName": "storm",
        "artist": "Ami Koshimizu",
        "type": "Ending 2",
        "correctCount": 1,
        "startTime": 22,
        "songDuration": 123.552,
        "songNumber": 6,
        "activePlayerCount": 124,
        "LinkVideo": "https://files.catbox.moe/rejxox.webm",
        "LinkMp3": "https://files.catbox.moe/f3xf0f.mp3",
        "annId": 6446,
        "songDifficulty": 6.428169546400717,
        "vintage": "Fall 2006",
        "correctPlayers": [
            "tomokarin"
        ]
    },
    {
        "animeEng": "Time of Eve",
        "animeRomaji": "Eve no Jikan",
        "songName": "I have a dream",
        "artist": "Kalafina",
        "type": "Ending 1",
        "correctCount": 9,
        "startTime": 129,
        "songDuration": 263.112,
        "songNumber": 7,
        "activePlayerCount": 126,
        "LinkVideo": "https://files.catbox.moe/20xiqm.webm",
        "LinkMp3": "https://files.catbox.moe/a17dto.mp3",
        "annId": 11350,
        "songDifficulty": 9.801492550872092,
        "vintage": "Winter 2010"
    },
    {
        "animeEng": "Durarara!! \u00d72 The Third Arc: Dufufufu!!",
        "animeRomaji": "Durarara!!\u00d72 Ketsu Gaiden!?: Dufufufu!!",
        "songName": "Steppin' Out",
        "artist": "FLOW",
        "type": "Opening 1",
        "correctCount": 69,
        "startTime": 20,
        "songDuration": 90.792,
        "songNumber": 8,
        "activePlayerCount": 128,
        "LinkVideo": "https://files.catbox.moe/hctamt.webm",
        "LinkMp3": "https://files.catbox.moe/wyjr5v.mp3",
        "annId": 22238,
        "songDifficulty": 36.66850197551233,
        "vintage": "Spring 2016"
    },
    {
        "animeEng": "Arakawa Under the Bridge",
        "animeRomaji": "Arakawa Under the Bridge",
        "songName": "Title Nante Jibun de Kangaenasai na",
        "artist": "Miyuki Sawashiro",
        "type": "Opening 2",
        "correctCount": 47,
        "startTime": 6,
        "songDuration": 88.872,
        "songNumber": 9,
        "activePlayerCount": 130,
        "LinkVideo": "https://files.catbox.moe/urvee8.webm",
        "LinkMp3": "https://files.catbox.moe/dizknk.mp3",
        "annId": 11188,
        "songDifficulty": 26.447899435414268,
        "vintage": "Spring 2010"
    },
    {
        "animeEng": "Captain Tsubasa",
        "animeRomaji": "Captain Tsubasa",
        "songName": "Moete Hero (Chuugakusei-hen Arrange)",
        "artist": "Takuya Satou & Souma Saitou",
        "type": "Ending 10",
        "correctCount": 47,
        "startTime": 4,
        "songDuration": 89.258874,
        "songNumber": 10,
        "activePlayerCount": 130,
        "LinkVideo": "https://files.catbox.moe/1slwmj.webm",
        "LinkMp3": "https://files.catbox.moe/ptilne.mp3",
        "annId": 20614,
        "songDifficulty": 44.84044208150985,
        "vintage": "Spring 2018"
    },
    {
        "animeEng": "The Helpful Fox Senko-san",
        "animeRomaji": "Sewayaki Kitsune no Senko-san",
        "songName": "Koyoi mofumofu!!",
        "artist": "Azumi Waki & Maaya Uchida",
        "type": "Opening 1",
        "correctCount": 87,
        "startTime": 5,
        "songDuration": 89.064,
        "songNumber": 11,
        "activePlayerCount": 128,
        "LinkVideo": "https://files.catbox.moe/pn3pt0.webm",
        "LinkMp3": "https://files.catbox.moe/9kfwnx.mp3",
        "annId": 21908,
        "songDifficulty": 37.98334666361974,
        "vintage": "Spring 2019"
    },
    {
        "animeEng": "Attack on Titan",
        "animeRomaji": "Shingeki no Kyojin",
        "songName": "Vogel im K\u00e4fig",
        "artist": "Cyua",
        "type": "Insert Song",
        "correctCount": 58,
        "startTime": 1,
        "songDuration": 33.12,
        "songNumber": 12,
        "activePlayerCount": 131,
        "LinkVideo": "https://files.catbox.moe/97m4b0.webm",
        "LinkMp3": "https://files.catbox.moe/u5kyd4.mp3",
        "annId": 14950,
        "songDifficulty": 33.401207372241004,
        "vintage": "Spring 2013"
    },
    {
        "animeEng": "FLCL",
        "animeRomaji": "Furi Kuri",
        "songName": "Advice",
        "artist": "the pillows",
        "type": "Insert Song",
        "correctCount": 36,
        "startTime": 1,
        "songDuration": 61.961384,
        "songNumber": 13,
        "activePlayerCount": 131,
        "LinkVideo": "https://files.catbox.moe/wzj1lj.webm",
        "LinkMp3": "https://files.catbox.moe/zwo69i.mp3",
        "annId": 277,
        "songDifficulty": 32.23030078259374,
        "vintage": "Spring 2000"
    },
    {
        "animeEng": "Sakura Wars the Animation",
        "animeRomaji": "Shin Sakura Taisen the Animation",
        "songName": "Geki! Teikoku Kageki-dan <Shinshou>",
        "artist": "Teikoku Kageki-dan\u30fbHana-gumi",
        "type": "Opening 1",
        "correctCount": 6,
        "startTime": 4,
        "songDuration": 89.064,
        "songNumber": 14,
        "activePlayerCount": 132,
        "LinkVideo": "https://files.catbox.moe/k6n8p1.webm",
        "LinkMp3": "https://files.catbox.moe/sy8vi7.mp3",
        "annId": 22510,
        "songDifficulty": 23.330372980827295,
        "vintage": "Spring 2020"
    },
    {
        "animeEng": "Magical Angel Creamy Mami: Forever Once More",
        "animeRomaji": "Mahou no Tenshi Creamy Mami: Eien no Once More",
        "songName": "Delicate ni Sukishite",
        "artist": "Takako Ohta",
        "type": "Opening 1",
        "correctCount": 19,
        "startTime": 15,
        "songDuration": 80.328,
        "songNumber": 15,
        "activePlayerCount": 133,
        "LinkVideo": "https://files.catbox.moe/1x7ny3.webm",
        "LinkMp3": "https://files.catbox.moe/mdqu8p.mp3",
        "annId": 4954,
        "songDifficulty": 17.07589834962036,
        "vintage": "Fall 1984"
    },
    {
        "animeEng": "Tenchi Muyo! Ryo Ohki",
        "animeRomaji": "Tenchi Muyo! Ryo Ohki",
        "songName": "Tenchi Muyou! Ryo-Ohki Theme",
        "artist": "Kazuto Yoshida",
        "type": "Opening 1",
        "correctCount": 9,
        "startTime": 13,
        "songDuration": 87.984,
        "songNumber": 16,
        "activePlayerCount": 133,
        "LinkVideo": "https://files.catbox.moe/ss22hy.webm",
        "LinkMp3": "https://files.catbox.moe/paaazf.mp3",
        "annId": 22324,
        "songDifficulty": 11.627026290972944,
        "vintage": "Winter 2020"
    },
    {
        "animeEng": "PriPara Mi~nna no Akogare\u266a Let's Go\u2606PriPari",
        "animeRomaji": "PriPara Mi~nna no Akogare\u266a Let's Go\u2606PriPari",
        "songName": "Triangle Star",
        "artist": "SoLaMi\u2661SMILE",
        "type": "Insert Song",
        "correctCount": 65,
        "startTime": 92,
        "songDuration": 139.464,
        "songNumber": 17,
        "activePlayerCount": 133,
        "LinkVideo": "https://files.catbox.moe/mi5iqr.webm",
        "LinkMp3": "https://files.catbox.moe/b28yxc.mp3",
        "annId": 18074,
        "songDifficulty": 34.29166341145833,
        "vintage": "Winter 2016"
    },
    {
        "animeEng": "Black Bullet",
        "animeRomaji": "Black Bullet",
        "songName": "black bullet",
        "artist": "fripSide",
        "type": "Opening 1",
        "correctCount": 87,
        "startTime": 24,
        "songDuration": 89.568,
        "songNumber": 18,
        "activePlayerCount": 135,
        "LinkVideo": "https://files.catbox.moe/3ndohy.webm",
        "LinkMp3": "https://files.catbox.moe/5d95gf.mp3",
        "annId": 15769,
        "songDifficulty": 36.76186282436282,
        "vintage": "Spring 2014"
    },
    {
        "animeEng": "Inazuma Eleven GO vs. Danball Senki W",
        "animeRomaji": "Inazuma Eleven GO vs. Danball Senki W",
        "songName": "Issho ni Arukou",
        "artist": "Little Blue boX with TPK",
        "type": "Insert Song",
        "correctCount": 5,
        "startTime": 53,
        "songDuration": 87.744,
        "songNumber": 19,
        "activePlayerCount": 133,
        "LinkVideo": "https://files.catbox.moe/5s1ur3.webm",
        "LinkMp3": "https://files.catbox.moe/3oi49v.mp3",
        "annId": 14487,
        "songDifficulty": 6.908474857511691,
        "vintage": "Fall 2012",
        "correctPlayers": [
            "revel_",
            "Gianlu310",
            "Chatmonchy",
            "peepiss",
            "Eiko_Syg"
        ]
    },
    {
        "animeEng": "Angel Beats!",
        "animeRomaji": "Angel Beats!",
        "songName": "Thousand Enemies",
        "artist": "Girls Dead Monster (LiSA)",
        "type": "Insert Song",
        "correctCount": 82,
        "startTime": 172,
        "songDuration": 233.04,
        "songNumber": 20,
        "activePlayerCount": 136,
        "LinkVideo": "https://files.catbox.moe/gfogq8.webm",
        "LinkMp3": "https://files.catbox.moe/pbiffx.mp3",
        "annId": 10885,
        "songDifficulty": 33.33194553291536,
        "vintage": "Spring 2010"
    },
    {
        "animeEng": "Tenkai Knights",
        "animeRomaji": "Tenkai Knights",
        "songName": "Tokenai CANDY",
        "artist": "Gacha Gacha Dancers",
        "type": "Ending 4",
        "correctCount": 3,
        "startTime": 23,
        "songDuration": 59.376,
        "songNumber": 21,
        "activePlayerCount": 136,
        "LinkVideo": "https://files.catbox.moe/fdgqmi.webm",
        "LinkMp3": "https://files.catbox.moe/4mazri.mp3",
        "annId": 15885,
        "songDifficulty": 9.756945292154947,
        "vintage": "Spring 2014",
        "correctPlayers": [
            "revel_",
            "gaaw",
            "channina"
        ]
    },
    {
        "animeEng": "Koyomimonogatari",
        "animeRomaji": "Koyomimonogatari",
        "songName": "Renai Circulation",
        "artist": "Kana Hanazawa",
        "type": "Opening 5",
        "correctCount": 125,
        "startTime": 15,
        "songDuration": 88.632,
        "songNumber": 22,
        "activePlayerCount": 138,
        "LinkVideo": "https://files.catbox.moe/v21sk1.webm",
        "LinkMp3": "https://files.catbox.moe/g5eand.mp3",
        "annId": 17938,
        "songDifficulty": 69.67808244163425,
        "vintage": "Winter 2016"
    },
    {
        "animeEng": "Rascal Does Not Dream of Bunny Girl Senpai",
        "animeRomaji": "Seishun Buta Yarou wa Bunny Girl Senpai no Yume o Minai",
        "songName": "BABY!",
        "artist": "Sweet Bullet",
        "type": "Insert Song",
        "correctCount": 57,
        "startTime": 40,
        "songDuration": 68.809725,
        "songNumber": 23,
        "activePlayerCount": 138,
        "LinkVideo": "https://files.catbox.moe/5ty5ef.webm",
        "LinkMp3": "https://files.catbox.moe/zp3w8z.mp3",
        "annId": 20848,
        "songDifficulty": 19.967406484626384,
        "vintage": "Fall 2018"
    },
    {
        "animeEng": "K-On!",
        "animeRomaji": "K-On!",
        "songName": "Cagayake! GIRLS",
        "artist": "Sakurakou K-On-bu",
        "type": "Opening 1",
        "correctCount": 119,
        "startTime": 1,
        "songDuration": 89.064,
        "songNumber": 24,
        "activePlayerCount": 138,
        "LinkVideo": "https://files.catbox.moe/ugu8wv.webm",
        "LinkMp3": "https://files.catbox.moe/945c88.mp3",
        "annId": 10562,
        "songDifficulty": 51.947991236731674,
        "vintage": "Spring 2009"
    },
    {
        "animeEng": "Tales of the Abyss",
        "animeRomaji": "Tales of the Abyss",
        "songName": "Fuka",
        "artist": "Yukana",
        "type": "Insert Song",
        "correctCount": 18,
        "startTime": 39,
        "songDuration": 87.456,
        "songNumber": 25,
        "activePlayerCount": 138,
        "LinkVideo": "https://files.catbox.moe/7fd85h.webm",
        "LinkMp3": "https://files.catbox.moe/5sf5kt.mp3",
        "annId": 10149,
        "songDifficulty": 13.091759650461585,
        "vintage": "Fall 2008"
    },
    {
        "animeEng": "Space Battleship Yamato: The New Voyage",
        "animeRomaji": "Uchuu Senkan Yamato: Aratanaru Tabidachi",
        "songName": "Sasha My Love",
        "artist": "Chiyoko Shimakura",
        "type": "Ending 1",
        "correctCount": 0,
        "startTime": 57,
        "songDuration": 99.812162,
        "songNumber": 26,
        "activePlayerCount": 138,
        "LinkVideo": "https://files.catbox.moe/l9ivic.webm",
        "LinkMp3": "https://files.catbox.moe/eihq7c.mp3",
        "annId": 3752,
        "songDifficulty": 7.072647485977564,
        "vintage": "Summer 1979"
    },
    {
        "animeEng": "Kandagawa Jet Girls",
        "animeRomaji": "Kandagawa Jet Girls",
        "songName": "BULLET MERMAID",
        "artist": "Yuu Sasahara & Riko Kohara",
        "type": "Opening 1",
        "correctCount": 23,
        "startTime": 48,
        "songDuration": 88.728,
        "songNumber": 27,
        "activePlayerCount": 139,
        "LinkVideo": "https://files.catbox.moe/gorncb.webm",
        "LinkMp3": "https://files.catbox.moe/20giol.mp3",
        "annId": 22385,
        "songDifficulty": 17.64676533182766,
        "vintage": "Fall 2019"
    },
    {
        "animeEng": "MegaMan NT Warrior",
        "animeRomaji": "Rockman.EXE",
        "songName": "begin the TRY",
        "artist": "Showtaro Morikubo",
        "type": "Ending 2",
        "correctCount": 6,
        "startTime": 20,
        "songDuration": 90.147022,
        "songNumber": 28,
        "activePlayerCount": 138,
        "LinkVideo": "https://files.catbox.moe/gf2xb5.webm",
        "LinkMp3": "https://files.catbox.moe/fm55ll.mp3",
        "annId": 2259,
        "songDifficulty": 9.884555899657048,
        "vintage": "Winter 2002"
    },
    {
        "animeEng": "Tweeny Witches The Adventures",
        "animeRomaji": "Mahou Shoujo Tai Arusu: The Adventure",
        "songName": "Arusu ~Main Theme~",
        "artist": "Tamiya Terashima (Rentrak Japan)",
        "type": "Opening 1",
        "correctCount": 3,
        "startTime": 32,
        "songDuration": 88.656,
        "songNumber": 29,
        "activePlayerCount": 139,
        "LinkVideo": "https://files.catbox.moe/itauj6.webm",
        "LinkMp3": "https://files.catbox.moe/utds1f.mp3",
        "annId": 6191,
        "songDifficulty": 18.641974878058864,
        "vintage": "Fall 2007",
        "correctPlayers": [
            "Tvaz",
            "SakuraFujima",
            "HDNC"
        ]
    },
    {
        "animeEng": "Polyphonica Crimson S",
        "animeRomaji": "Shinkyoku Soukai Polyphonica Crimson S",
        "songName": "Koi no Uta",
        "artist": "Haruka Tomatsu",
        "type": "Ending 1",
        "correctCount": 7,
        "startTime": 20,
        "songDuration": 88.92,
        "songNumber": 30,
        "activePlayerCount": 140,
        "LinkVideo": "https://files.catbox.moe/dwp507.webm",
        "LinkMp3": "https://files.catbox.moe/ll06fa.mp3",
        "annId": 10415,
        "songDifficulty": 10.70910298582996,
        "vintage": "Spring 2009"
    },
    {
        "animeEng": "Sing \"Yesterday\" For Me",
        "animeRomaji": "Yesterday o Utatte",
        "songName": "Yesterday o Utatte",
        "artist": "agehasprings feat. Annyyy (TaNaBaTa)",
        "type": "Ending 3",
        "correctCount": 121,
        "startTime": 36,
        "songDuration": 89.616,
        "songNumber": 31,
        "activePlayerCount": 140,
        "LinkVideo": "https://files.catbox.moe/g55znm.webm",
        "LinkMp3": "https://files.catbox.moe/g0s4uo.mp3",
        "annId": 22975,
        "songDifficulty": 40.102574956859364,
        "vintage": "Spring 2020"
    },
    {
        "animeEng": "Hamtaro: Ham-Hams Ahoy!",
        "animeRomaji": "Tottoko Hamtarou: Ham-chans no Takara Sagashi Daisaku",
        "songName": "Te o Tsunagou",
        "artist": "Ham-chans",
        "type": "Insert Song",
        "correctCount": 52,
        "startTime": 45,
        "songDuration": 75.696,
        "songNumber": 32,
        "activePlayerCount": 140,
        "LinkVideo": "https://files.catbox.moe/rxuct2.webm",
        "LinkMp3": "https://files.catbox.moe/6d60uq.mp3",
        "annId": 5154,
        "songDifficulty": 18.333333333333332,
        "vintage": "Winter 2003"
    },
    {
        "animeEng": "Spice and Wolf II",
        "animeRomaji": "Ookami to Koushinryou II",
        "songName": "Mitsu no Yoake",
        "artist": "Akino Arai",
        "type": "Opening 1",
        "correctCount": 50,
        "startTime": 23,
        "songDuration": 89.256,
        "songNumber": 33,
        "activePlayerCount": 140,
        "LinkVideo": "https://files.catbox.moe/sa1kdt.webm",
        "LinkMp3": "https://files.catbox.moe/ejsdir.mp3",
        "annId": 10269,
        "songDifficulty": 25.44856505102041,
        "vintage": "Summer 2009"
    },
    {
        "animeEng": "Hamtaro: The Captive Princess",
        "animeRomaji": "Tottoko Hamtarou: Ham-Ham Hamuuja! Maboroshi no Princess",
        "songName": "Hamtarou Tottoko no Uta",
        "artist": "Ham-chans",
        "type": "Opening 1",
        "correctCount": 108,
        "startTime": 5,
        "songDuration": 64.632,
        "songNumber": 34,
        "activePlayerCount": 139,
        "LinkVideo": "https://files.catbox.moe/ibt7fl.webm",
        "LinkMp3": "https://files.catbox.moe/d8lymu.mp3",
        "annId": 5153,
        "songDifficulty": 54.52034392337032,
        "vintage": "Fall 2002"
    },
    {
        "animeEng": "Dusk maiden of Amnesia",
        "animeRomaji": "Tasogare Otome \u00d7 Amnesia",
        "songName": "CHOIR JAIL",
        "artist": "Konomi Suzuki",
        "type": "Opening 1",
        "correctCount": 61,
        "startTime": 33,
        "songDuration": 88.584,
        "songNumber": 35,
        "activePlayerCount": 139,
        "LinkVideo": "https://files.catbox.moe/f0uo2g.webm",
        "LinkMp3": "https://files.catbox.moe/cz9lyb.mp3",
        "annId": 13892,
        "songDifficulty": 30.181312177157068,
        "vintage": "Spring 2012"
    },
    {
        "animeEng": "Don't Lose, Makendo!",
        "animeRomaji": "Makeruna! Makendo",
        "songName": "Kokoro ni Anata ga Irukara",
        "artist": "Mika Kanai",
        "type": "Opening 1",
        "correctCount": 0,
        "startTime": 10,
        "songDuration": 88.368,
        "songNumber": 36,
        "activePlayerCount": 139,
        "LinkVideo": "https://files.catbox.moe/h1vu4z.webm",
        "LinkMp3": "https://files.catbox.moe/yym35s.mp3",
        "annId": 7148,
        "songDifficulty": 10.948053747517026,
        "vintage": "Winter 1995"
    },
    {
        "animeEng": "Isekai Quartet",
        "animeRomaji": "Isekai Quartet",
        "songName": "Isekai Girls\u2661Talk",
        "artist": "Yumi Hara, Sora Amamiya, Rie Takahashi, Aoi Yuuki",
        "type": "Ending 1",
        "correctCount": 97,
        "startTime": 4,
        "songDuration": 89.808,
        "songNumber": 37,
        "activePlayerCount": 138,
        "LinkVideo": "https://files.catbox.moe/2srinv.webm",
        "LinkMp3": "https://files.catbox.moe/vo2zpf.mp3",
        "annId": 21992,
        "songDifficulty": 44.03184446465696,
        "vintage": "Spring 2019"
    },
    {
        "animeEng": "Moribito: Guardian of the Spirit",
        "animeRomaji": "Seirei no Moribito",
        "songName": "Itoshii Hito e",
        "artist": "Sachi Tainaka",
        "type": "Ending 1",
        "correctCount": 4,
        "startTime": 13,
        "songDuration": 93.39175,
        "songNumber": 38,
        "activePlayerCount": 138,
        "LinkVideo": "https://files.catbox.moe/w2k5r9.webm",
        "LinkMp3": "https://files.catbox.moe/q5uwi2.mp3",
        "annId": 6634,
        "songDifficulty": 12.274120026019764,
        "vintage": "Spring 2007",
        "correctPlayers": [
            "MissMcPhisto",
            "VineRosy",
            "Ariafandesu",
            "tomokarin"
        ]
    },
    {
        "animeEng": "Laid-Back Camp Season 2",
        "animeRomaji": "Yuru Camp\u25b3 Season 2",
        "songName": "Seize The Day",
        "artist": "Asaka",
        "type": "Opening 1",
        "correctCount": 84,
        "startTime": 13,
        "songDuration": 88.56,
        "songNumber": 39,
        "activePlayerCount": 138,
        "LinkVideo": "https://files.catbox.moe/0bl6rq.webm",
        "LinkMp3": "https://files.catbox.moe/bjp3hm.mp3",
        "annId": 23780,
        "songDifficulty": 36.81917782371858,
        "vintage": "Winter 2021"
    },
    {
        "animeEng": "He Is My Master",
        "animeRomaji": "Kore ga Watashi no Goshujin-sama",
        "songName": "TRUST",
        "artist": "Masami Okui",
        "type": "Opening 1",
        "correctCount": 12,
        "startTime": 44,
        "songDuration": 90.048,
        "songNumber": 40,
        "activePlayerCount": 138,
        "LinkVideo": "https://files.catbox.moe/td3z25.webm",
        "LinkMp3": "https://files.catbox.moe/k8yn0e.mp3",
        "annId": 4672,
        "songDifficulty": 15.225103539156626,
        "vintage": "Spring 2005"
    },
    {
        "animeEng": "I Can't Understand What My Husband Is Saying",
        "animeRomaji": "Danna ga Nani o Itteiru ka Wakaranai Ken",
        "songName": "Ii Kagen ni Shite, Anata",
        "artist": "Kaoru to Hajime",
        "type": "Ending 1",
        "correctCount": 100,
        "startTime": 0,
        "songDuration": 29.592,
        "songNumber": 41,
        "activePlayerCount": 139,
        "LinkVideo": "https://files.catbox.moe/09aqnj.webm",
        "LinkMp3": "https://files.catbox.moe/f0c744.mp3",
        "annId": 16247,
        "songDifficulty": 35.9064630044843,
        "vintage": "Fall 2014"
    },
    {
        "animeEng": "Time Bokan Series: Yattodetaman",
        "animeRomaji": "Time Bokan Series: Yattodetaman",
        "songName": "Yattodetaman Boogie Woogie Lady",
        "artist": "Hiromitsu Suzuki",
        "type": "Ending 1",
        "correctCount": 94,
        "startTime": 4,
        "songDuration": 45.096,
        "songNumber": 42,
        "activePlayerCount": 139,
        "LinkVideo": "https://files.catbox.moe/k772f4.webm",
        "LinkMp3": "https://files.catbox.moe/j9bd50.mp3",
        "annId": 1749,
        "songDifficulty": 35.002587419614144,
        "vintage": "Winter 1981"
    },
    {
        "animeEng": "Attack on Titan: Ilse's Notebook",
        "animeRomaji": "Shingeki no Kyojin: Ilse no Techou - Aru Chousa Heidan-in no Shuki",
        "songName": "Utsukushiki Zankoku na Sekai",
        "artist": "Yoko Hikasa",
        "type": "Ending 1",
        "correctCount": 88,
        "startTime": 40,
        "songDuration": 88.896,
        "songNumber": 43,
        "activePlayerCount": 139,
        "LinkVideo": "https://files.catbox.moe/jx06mk.webm",
        "LinkMp3": "https://files.catbox.moe/y2aynz.mp3",
        "annId": 17609,
        "songDifficulty": 38.679558404558406,
        "vintage": "Fall 2013"
    },
    {
        "animeEng": "Baki",
        "animeRomaji": "Baki: Dai Raitaisai-hen",
        "songName": "Jounetsu wa Oboete Iru",
        "artist": "GRANRODEO",
        "type": "Opening 1",
        "correctCount": 35,
        "startTime": 56,
        "songDuration": 88.8,
        "songNumber": 44,
        "activePlayerCount": 140,
        "LinkVideo": "https://files.catbox.moe/tkj4d6.webm",
        "LinkMp3": "https://files.catbox.moe/em1ckz.mp3",
        "annId": 21976,
        "songDifficulty": 25.323048718813215,
        "vintage": "Spring 2020"
    },
    {
        "animeEng": "DARLING in the FRANXX",
        "animeRomaji": "DARLING in the FRANXX",
        "songName": "Torikago",
        "artist": "XX:me",
        "type": "Ending 1",
        "correctCount": 65,
        "startTime": 33,
        "songDuration": 100.128,
        "songNumber": 45,
        "activePlayerCount": 140,
        "LinkVideo": "https://files.catbox.moe/76cx84.webm",
        "LinkMp3": "https://files.catbox.moe/0dn9b5.mp3",
        "annId": 19850,
        "songDifficulty": 30.833247773646896,
        "vintage": "Winter 2018"
    },
    {
        "animeEng": "Tatakae!! Ramenman",
        "animeRomaji": "Tatakae!! Ramenman",
        "songName": "Kagayake! Ramenman",
        "artist": "Junichirou Oda",
        "type": "Opening 1",
        "correctCount": 9,
        "startTime": 6,
        "songDuration": 87.6,
        "songNumber": 46,
        "activePlayerCount": 140,
        "LinkVideo": "https://files.catbox.moe/rr32y8.webm",
        "LinkMp3": "https://files.catbox.moe/0cgc13.mp3",
        "annId": 3843,
        "songDifficulty": 13.361462041798523,
        "vintage": "Summer 1988"
    },
    {
        "animeEng": "Science Fell in Love, So I Tried to Prove It",
        "animeRomaji": "Rikei ga Koi ni Ochita no de Shoumei Shitemita.",
        "songName": "Turing Love",
        "artist": "Akari Nanawo feat. Sou",
        "type": "Ending 1",
        "correctCount": 80,
        "startTime": 9,
        "songDuration": 88.55358,
        "songNumber": 47,
        "activePlayerCount": 140,
        "LinkVideo": "https://files.catbox.moe/k9xvfr.webm",
        "LinkMp3": "https://files.catbox.moe/gclmje.mp3",
        "annId": 22312,
        "songDifficulty": 33.21838610263411,
        "vintage": "Winter 2020"
    },
    {
        "animeEng": "Myself; Yourself",
        "animeRomaji": "Myself; Yourself",
        "songName": "Kimi to Yozora to Sakamichi to",
        "artist": "Kanako Itou",
        "type": "Ending 1",
        "correctCount": 32,
        "startTime": 44,
        "songDuration": 89.976,
        "songNumber": 48,
        "activePlayerCount": 140,
        "LinkVideo": "https://files.catbox.moe/0afou3.webm",
        "LinkMp3": "https://files.catbox.moe/5d1kp5.mp3",
        "annId": 8507,
        "songDifficulty": 19.872812685496637,
        "vintage": "Fall 2007"
    },
    {
        "animeEng": "TONIKAWA: Over The Moon For You",
        "animeRomaji": "Tonikaku Kawaii",
        "songName": "Koi no Uta (feat. Tsukasa Yuzaki)",
        "artist": "Yunomi feat. Akari Kitou",
        "type": "Opening 1",
        "correctCount": 112,
        "startTime": 7,
        "songDuration": 88.56,
        "songNumber": 49,
        "activePlayerCount": 140,
        "LinkVideo": "https://files.catbox.moe/8uqyus.webm",
        "LinkMp3": "https://files.catbox.moe/zr7dtb.mp3",
        "annId": 23503,
        "songDifficulty": 44.679214981762755,
        "vintage": "Fall 2020"
    },
    {
        "animeEng": "Himitsu Kessha Taka no Tsume The Movie II: Watashi o Aishita Kuro Oolong-cha",
        "animeRomaji": "Himitsu Kessha Taka no Tsume The Movie II: Watashi o Aishita Kuro Oolong-cha",
        "songName": "Kokuhaku Time",
        "artist": "manzo",
        "type": "Insert Song",
        "correctCount": 7,
        "startTime": 42,
        "songDuration": 70.056,
        "songNumber": 50,
        "activePlayerCount": 140,
        "LinkVideo": "https://files.catbox.moe/nwjzp5.webm",
        "LinkMp3": "https://files.catbox.moe/eq980n.mp3",
        "annId": 11035,
        "songDifficulty": 5.383730024226529,
        "vintage": "Spring 2008"
    },
    {
        "animeEng": "Oreshura",
        "animeRomaji": "Ore no Kanojo to Osananajimi ga Shuraba Sugiru",
        "songName": "W:Wonder tale",
        "artist": "Yukari Tamura",
        "type": "Ending 1",
        "correctCount": 47,
        "startTime": 35,
        "songDuration": 90.552,
        "songNumber": 51,
        "activePlayerCount": 140,
        "LinkVideo": "https://files.catbox.moe/01ni8a.webm",
        "LinkMp3": "https://files.catbox.moe/2rflj8.mp3",
        "annId": 14450,
        "songDifficulty": 18.693552335702886,
        "vintage": "Winter 2013"
    },
    {
        "animeEng": "The Magnificent Kotobuki",
        "animeRomaji": "Kouya no Kotobuki Hikoutai",
        "songName": "Sora no ne",
        "artist": "ZAQ",
        "type": "Opening 1",
        "correctCount": 18,
        "startTime": 36,
        "songDuration": 89.688,
        "songNumber": 52,
        "activePlayerCount": 140,
        "LinkVideo": "https://files.catbox.moe/4v05q9.webm",
        "LinkMp3": "https://files.catbox.moe/198uzd.mp3",
        "annId": 21371,
        "songDifficulty": 18.698759779923133,
        "vintage": "Winter 2019"
    },
    {
        "animeEng": "Bobobo-bo Bo-bobo",
        "animeRomaji": "Bobobo-bo Bo-bobo",
        "songName": "Baka Survivor",
        "artist": "Ulfuls",
        "type": "Opening 2",
        "correctCount": 66,
        "startTime": 5,
        "songDuration": 90.144,
        "songNumber": 53,
        "activePlayerCount": 140,
        "LinkVideo": "https://files.catbox.moe/6fs1uw.webm",
        "LinkMp3": "https://files.catbox.moe/p17d40.mp3",
        "annId": 3085,
        "songDifficulty": 39.143972225299066,
        "vintage": "Fall 2003"
    },
    {
        "animeEng": "Senki Zesshou Symphogear G",
        "animeRomaji": "Senki Zesshou Symphogear G",
        "songName": "Next Destination",
        "artist": "Ayahi Takagaki",
        "type": "Ending 2",
        "correctCount": 18,
        "startTime": 48,
        "songDuration": 89.856,
        "songNumber": 54,
        "activePlayerCount": 140,
        "LinkVideo": "https://files.catbox.moe/yztz70.webm",
        "LinkMp3": "https://files.catbox.moe/begylm.mp3",
        "annId": 15228,
        "songDifficulty": 28.523108653453207,
        "vintage": "Summer 2013"
    },
    {
        "animeEng": "Astra Lost in Space",
        "animeRomaji": "Kanata no Astra",
        "songName": "Astra-gou no Bouken",
        "artist": "Saori Hayami",
        "type": "Insert Song",
        "correctCount": 26,
        "startTime": 59,
        "songDuration": 220.272,
        "songNumber": 55,
        "activePlayerCount": 140,
        "LinkVideo": "https://files.catbox.moe/0p0817.webm",
        "LinkMp3": "https://files.catbox.moe/podrmg.mp3",
        "annId": 21779,
        "songDifficulty": 17.661676335376534,
        "vintage": "Summer 2019"
    },
    {
        "animeEng": ".hack//The Movie",
        "animeRomaji": ".hack//Sekai no Mukou ni",
        "songName": "Hikari o Atsumete",
        "artist": "KOKIA",
        "type": "Ending 1",
        "correctCount": 3,
        "startTime": 59,
        "songDuration": 286.0359,
        "songNumber": 56,
        "activePlayerCount": 140,
        "LinkVideo": "https://files.catbox.moe/b73ssx.webm",
        "LinkMp3": "https://files.catbox.moe/2irbql.mp3",
        "annId": 13373,
        "songDifficulty": 6.739037680595466,
        "vintage": "Winter 2012",
        "correctPlayers": [
            "Hejsan",
            "Sgtvp",
            "Immortal"
        ]
    },
    {
        "animeEng": "AKB0048",
        "animeRomaji": "AKB0048 First Stage",
        "songName": "Shoujo-tachi yo",
        "artist": "AKB48",
        "type": "Insert Song",
        "correctCount": 41,
        "startTime": 117,
        "songDuration": 166.008,
        "songNumber": 57,
        "activePlayerCount": 140,
        "LinkVideo": "https://files.catbox.moe/oah6xc.webm",
        "LinkMp3": "https://files.catbox.moe/cayywk.mp3",
        "annId": 13805,
        "songDifficulty": 34.417149114884396,
        "vintage": "Spring 2012"
    },
    {
        "animeEng": "Koi Koi Seven",
        "animeRomaji": "Koi Koi Seven",
        "songName": "lost days",
        "artist": "Nana Mizuki",
        "type": "Insert Song",
        "correctCount": 1,
        "startTime": 76,
        "songDuration": 154.08,
        "songNumber": 58,
        "activePlayerCount": 140,
        "LinkVideo": "https://files.catbox.moe/2hd3b8.webm",
        "LinkMp3": "https://files.catbox.moe/e2ycnx.mp3",
        "annId": 4862,
        "songDifficulty": 6.661697995730551,
        "vintage": "Spring 2005",
        "correctPlayers": [
            "ArukasFrost"
        ]
    },
    {
        "animeEng": "Naruto",
        "animeRomaji": "Naruto",
        "songName": "Mountain A Go Go Too",
        "artist": "Captain Straydum",
        "type": "Ending 7",
        "correctCount": 41,
        "startTime": 26,
        "songDuration": 89.676826,
        "songNumber": 59,
        "activePlayerCount": 140,
        "LinkVideo": "https://files.catbox.moe/5r8wt0.webm",
        "LinkMp3": "https://files.catbox.moe/gvdhaz.mp3",
        "annId": 1825,
        "songDifficulty": 26.499607181064455,
        "vintage": "Fall 2002"
    },
    {
        "animeEng": "Dragon Quest: The Adventure of Dai!: Disciple of Aban",
        "animeRomaji": "Dragon Quest: Dai no Daibouken Tachiagare!! Aban no Shito",
        "songName": "Yuusha yo Isoge!!",
        "artist": "Jirou Dan",
        "type": "Opening 1",
        "correctCount": 10,
        "startTime": 55,
        "songDuration": 95.832,
        "songNumber": 60,
        "activePlayerCount": 139,
        "LinkVideo": "https://files.catbox.moe/0fk0or.webm",
        "LinkMp3": "https://files.catbox.moe/bjsb5p.mp3",
        "annId": 3409,
        "songDifficulty": 11.949328926282051,
        "vintage": "Winter 1992"
    },
    {
        "animeEng": "Detective Opera Milky Holmes",
        "animeRomaji": "Tantei Opera Milky Holmes",
        "songName": "Honnou no Doubt",
        "artist": "Faylan",
        "type": "Ending 1",
        "correctCount": 19,
        "startTime": 17,
        "songDuration": 89.256,
        "songNumber": 61,
        "activePlayerCount": 139,
        "LinkVideo": "https://files.catbox.moe/0xj2e7.webm",
        "LinkMp3": "https://files.catbox.moe/kd4kfz.mp3",
        "annId": 11198,
        "songDifficulty": 16.157486427436442,
        "vintage": "Fall 2010"
    },
    {
        "animeEng": "Tales of Homeroom",
        "animeRomaji": "Tales of Homeroom",
        "songName": "Normin Dance",
        "artist": "Misato Fukuen",
        "type": "Ending 1",
        "correctCount": 8,
        "startTime": 0,
        "songDuration": 24.576,
        "songNumber": 62,
        "activePlayerCount": 139,
        "LinkVideo": "https://files.catbox.moe/a9tqmu.webm",
        "LinkMp3": "https://files.catbox.moe/myyjvf.mp3",
        "annId": 23797,
        "songDifficulty": 19.694486656967474,
        "vintage": "Spring 2018"
    },
    {
        "animeEng": "Mobile Suit Gundam Wing",
        "animeRomaji": "Shin Kidou Senki Gundam Wing",
        "songName": "RHYTHM EMOTION",
        "artist": "TWO-MIX",
        "type": "Opening 2",
        "correctCount": 45,
        "startTime": 37,
        "songDuration": 80.208,
        "songNumber": 63,
        "activePlayerCount": 141,
        "LinkVideo": "https://files.catbox.moe/edqzt4.webm",
        "LinkMp3": "https://files.catbox.moe/uu7lvz.mp3",
        "annId": 26,
        "songDifficulty": 36.03563158372685,
        "vintage": "Spring 1995"
    },
    {
        "animeEng": "Aikatsu Stars!",
        "animeRomaji": "Aikatsu Stars!",
        "songName": "Aikatsu\u2606Step!",
        "artist": "Sena\u30fbRie\u30fbMiki\u30fbKana from AIKATSU\u2606STARS!",
        "type": "Insert Song",
        "correctCount": 27,
        "startTime": 10,
        "songDuration": 177.912,
        "songNumber": 64,
        "activePlayerCount": 141,
        "LinkVideo": "https://files.catbox.moe/3n070b.webm",
        "LinkMp3": "https://files.catbox.moe/rq7s69.mp3",
        "annId": 18547,
        "songDifficulty": 25.044028737437184,
        "vintage": "Summer 2016"
    },
    {
        "animeEng": "Vividred Operation",
        "animeRomaji": "Vividred Operation",
        "songName": "Stray Sheep Story",
        "artist": "Ayane Sakura & Aya Uchida",
        "type": "Ending 3",
        "correctCount": 3,
        "startTime": 58,
        "songDuration": 90.072,
        "songNumber": 65,
        "activePlayerCount": 141,
        "LinkVideo": "https://files.catbox.moe/j73i0z.webm",
        "LinkMp3": "https://files.catbox.moe/a8i37q.mp3",
        "annId": 14723,
        "songDifficulty": 10.748912835826898,
        "vintage": "Winter 2013",
        "correctPlayers": [
            "Hejsan",
            "Bobocan",
            "ArukasFrost"
        ]
    },
    {
        "animeEng": "Ai-Mai-Mi Mousou Catastrophe",
        "animeRomaji": "Choboraunyopomi Gekijou Dainimaku Ai Mai Mi: Mousou Catastrophe",
        "songName": "Nee Mii-chan",
        "artist": "Aya Uchida",
        "type": "Insert Song",
        "correctCount": 5,
        "startTime": 0,
        "songDuration": 20.76,
        "songNumber": 66,
        "activePlayerCount": 141,
        "LinkVideo": "https://files.catbox.moe/oqhqxm.webm",
        "LinkMp3": "https://files.catbox.moe/5h0rgg.mp3",
        "annId": 16093,
        "songDifficulty": 13.202006022135416,
        "vintage": "Summer 2014",
        "correctPlayers": [
            "Hejsan",
            "Haibara_Ai",
            "Delete",
            "TeekyuOnly",
            "HDNC"
        ]
    },
    {
        "animeEng": "Muteki Choujin Zambot 3",
        "animeRomaji": "Muteki Choujin Zambot 3",
        "songName": "Ike! Zambot 3",
        "artist": "Ichiro Horimitsu, The Blessin' Four, The Chirps",
        "type": "Opening 1",
        "correctCount": 29,
        "startTime": 35,
        "songDuration": 89.064,
        "songNumber": 67,
        "activePlayerCount": 141,
        "LinkVideo": "https://files.catbox.moe/awikmr.webm",
        "LinkMp3": "https://files.catbox.moe/ew2npk.mp3",
        "annId": 1178,
        "songDifficulty": 28.8445636057499,
        "vintage": "Fall 1977"
    },
    {
        "animeEng": "Attack on Titan: Crimson Arrows",
        "animeRomaji": "Shingeki no Kyojin Zenpen: Guren no Yumiya",
        "songName": "\u0259t\u02c8\u00e6k 0N t\u03ac\u026atn",
        "artist": "Mika Kobayashi",
        "type": "Insert Song",
        "correctCount": 98,
        "startTime": 115,
        "songDuration": 144.336,
        "songNumber": 68,
        "activePlayerCount": 141,
        "LinkVideo": "https://files.catbox.moe/g5netv.webm",
        "LinkMp3": "https://files.catbox.moe/csti2m.mp3",
        "annId": 16233,
        "songDifficulty": 58.230696358267714,
        "vintage": "Fall 2014"
    },
    {
        "animeEng": "Koro Teacher Quest!",
        "animeRomaji": "Koro Sensei Quest!",
        "songName": "Seishun Satsubatsu-ron (8-bit Remix)",
        "artist": "3-nen E-gumi Utatan",
        "type": "Ending 1",
        "correctCount": 104,
        "startTime": 23,
        "songDuration": 58.12145,
        "songNumber": 69,
        "activePlayerCount": 141,
        "LinkVideo": "https://files.catbox.moe/tl6cxa.webm",
        "LinkMp3": "https://files.catbox.moe/ailhdq.mp3",
        "annId": 18899,
        "songDifficulty": 38.83741539009619,
        "vintage": "Fall 2016"
    },
    {
        "animeEng": "Star\u2606Twinkle Precure: Hoshi no Uta ni Omoi o Komete",
        "animeRomaji": "Star\u2606Twinkle Precure: Hoshi no Uta ni Omoi o Komete",
        "songName": "Star Color Pendant! Color Charge! (Quintet Version)",
        "artist": "Eimi Naruse, Kiyono Yasuno, Konomi Kohara, Mikako Komatsu, Sumire Uesaka",
        "type": "Insert Song",
        "correctCount": 45,
        "startTime": 18,
        "songDuration": 118.056,
        "songNumber": 70,
        "activePlayerCount": 141,
        "LinkVideo": "https://files.catbox.moe/rz7qaz.webm",
        "LinkMp3": "https://files.catbox.moe/oy6sub.mp3",
        "annId": 22254,
        "songDifficulty": 42.85031897597002,
        "vintage": "Fall 2019"
    },
    {
        "animeEng": "Fairy Tail",
        "animeRomaji": "Fairy Tail",
        "songName": "Happy Tale",
        "artist": "Aya Hirano, Sayaka Oohara, Satomi Satou",
        "type": "Ending 2",
        "correctCount": 10,
        "startTime": 49,
        "songDuration": 88.872,
        "songNumber": 71,
        "activePlayerCount": 140,
        "LinkVideo": "https://files.catbox.moe/fnc00y.webm",
        "LinkMp3": "https://files.catbox.moe/uuiknz.mp3",
        "annId": 12322,
        "songDifficulty": 16.23983252862966,
        "vintage": "Spring 2011"
    },
    {
        "animeEng": "The Disastrous Life of Saiki K.",
        "animeRomaji": "Saiki Kusuo no Psi-nan",
        "songName": "Duet\u2661Shitekuda-\u03a8",
        "artist": "Saiki-kku Lover feat. Hiroshi Kamiya, Ai Kayano, Eri Kitamura",
        "type": "Ending 1",
        "correctCount": 79,
        "startTime": 21,
        "songDuration": 89.88,
        "songNumber": 72,
        "activePlayerCount": 140,
        "LinkVideo": "https://files.catbox.moe/66vxwb.webm",
        "LinkMp3": "https://files.catbox.moe/fwuwvy.mp3",
        "annId": 21649,
        "songDifficulty": 45.43614783653846,
        "vintage": "Fall 2018"
    },
    {
        "animeEng": "Snow White with the Red Hair",
        "animeRomaji": "Akagami no Shirayuki-hime",
        "songName": "Kizuna ni Nosete",
        "artist": "eyelis",
        "type": "Ending 1",
        "correctCount": 48,
        "startTime": 6,
        "songDuration": 88.536,
        "songNumber": 73,
        "activePlayerCount": 140,
        "LinkVideo": "https://files.catbox.moe/poys46.webm",
        "LinkMp3": "https://files.catbox.moe/ss32l9.mp3",
        "annId": 16792,
        "songDifficulty": 17.353896402310923,
        "vintage": "Summer 2015"
    },
    {
        "animeEng": "Lovely Complex",
        "animeRomaji": "LoveCom",
        "songName": "Kimi+Boku=LOVE?",
        "artist": "Tegomass",
        "type": "Opening 1",
        "correctCount": 44,
        "startTime": 22,
        "songDuration": 73.872,
        "songNumber": 74,
        "activePlayerCount": 140,
        "LinkVideo": "https://files.catbox.moe/fr5976.webm",
        "LinkMp3": "https://files.catbox.moe/60d7ov.mp3",
        "annId": 7468,
        "songDifficulty": 24.401206707476756,
        "vintage": "Spring 2007"
    },
    {
        "animeEng": "Ultraman Kids: M7.8 Sei no Yukai na Nakama",
        "animeRomaji": "Ultraman Kids: M7.8 Sei no Yukai na Nakama",
        "songName": "Kids no Cha-cha-cha",
        "artist": "Kyoko Yamada",
        "type": "Opening 1",
        "correctCount": 5,
        "startTime": 15,
        "songDuration": 59.064,
        "songNumber": 75,
        "activePlayerCount": 140,
        "LinkVideo": "https://files.catbox.moe/2q624y.webm",
        "LinkMp3": "https://files.catbox.moe/zhcb1g.mp3",
        "annId": 11076,
        "songDifficulty": 14.957604145965819,
        "vintage": "Winter 1984",
        "correctPlayers": [
            "Hejsan",
            "Haibara_Ai",
            "Eiko_Syg",
            "RadenMas_Lyle",
            "Sonoko"
        ]
    },
    {
        "animeEng": "Muteki Choujin Zambot 3",
        "animeRomaji": "Muteki Choujin Zambot 3",
        "songName": "Uchuu no Hoshi yo Eien ni",
        "artist": "Ichiro Horimitsu, The Blessin' Four, The Chirps",
        "type": "Ending 1",
        "correctCount": 2,
        "startTime": 27,
        "songDuration": 59.04,
        "songNumber": 76,
        "activePlayerCount": 141,
        "LinkVideo": "https://files.catbox.moe/048b5a.webm",
        "LinkMp3": "https://files.catbox.moe/2dxuvd.mp3",
        "annId": 1178,
        "songDifficulty": 15.568379103535353,
        "vintage": "Fall 1977",
        "correctPlayers": [
            "Aki_s",
            "peepiss"
        ]
    },
    {
        "animeEng": "Food Wars! Shokugeki no Soma",
        "animeRomaji": "Shokugeki no Souma",
        "songName": "Kibou no Uta",
        "artist": "ULTRA TOWER",
        "type": "Opening 1",
        "correctCount": 121,
        "startTime": 48,
        "songDuration": 88.999167,
        "songNumber": 77,
        "activePlayerCount": 141,
        "LinkVideo": "https://files.catbox.moe/myu5fk.webm",
        "LinkMp3": "https://files.catbox.moe/dtbgrd.mp3",
        "annId": 16344,
        "songDifficulty": 48.68763063951713,
        "vintage": "Spring 2015"
    },
    {
        "animeEng": "Dagashi Kashi 2",
        "animeRomaji": "Dagashi Kashi 2",
        "songName": "Oh My Sugar Feeling!!",
        "artist": "Ayana Taketatsu",
        "type": "Opening 1",
        "correctCount": 35,
        "startTime": 36,
        "songDuration": 88.416,
        "songNumber": 78,
        "activePlayerCount": 141,
        "LinkVideo": "https://files.catbox.moe/diac5m.webm",
        "LinkMp3": "https://files.catbox.moe/fdfupq.mp3",
        "annId": 20012,
        "songDifficulty": 19.131282216494846,
        "vintage": "Winter 2018"
    },
    {
        "animeEng": "Haikyu!! 3rd Season",
        "animeRomaji": "Haikyu!! Karasuno Koukou VS Shiratorizawa Gakuen Koukou",
        "songName": "Hikari Are",
        "artist": "BURNOUT SYNDROMES",
        "type": "Opening 1",
        "correctCount": 116,
        "startTime": 27,
        "songDuration": 90.168,
        "songNumber": 79,
        "activePlayerCount": 141,
        "LinkVideo": "https://files.catbox.moe/uix5b9.webm",
        "LinkMp3": "https://files.catbox.moe/nt21ko.mp3",
        "annId": 18459,
        "songDifficulty": 43.74684996879226,
        "vintage": "Fall 2016"
    },
    {
        "animeEng": "Frame Arms Girl Movie: Kyakkya Ufufu na Wonderland",
        "animeRomaji": "Frame Arms Girl Movie: Kyakkya Ufufu na Wonderland",
        "songName": "Manjouicchi LOVE ENERGY",
        "artist": "FA Girls",
        "type": "Insert Song",
        "correctCount": 2,
        "startTime": 19,
        "songDuration": 123.888,
        "songNumber": 80,
        "activePlayerCount": 141,
        "LinkVideo": "https://files.catbox.moe/xz111b.webm",
        "LinkMp3": "https://files.catbox.moe/07ri42.mp3",
        "annId": 21511,
        "songDifficulty": 3.71675359923704,
        "vintage": "Spring 2019",
        "correctPlayers": [
            "ArukasFrost",
            "HDNC"
        ]
    },
    {
        "animeEng": "Josee, the Tiger and the Fish",
        "animeRomaji": "Josee to Tora to Sakana-tachi",
        "songName": "Take Me Far Away",
        "artist": "Ai Ichikawa",
        "type": "Opening 1",
        "correctCount": 53,
        "startTime": 48,
        "songDuration": 112.272,
        "songNumber": 81,
        "activePlayerCount": 140,
        "LinkVideo": "https://files.catbox.moe/erd28q.webm",
        "LinkMp3": "https://files.catbox.moe/5hfeu6.mp3",
        "annId": 22907,
        "songDifficulty": 15.572652794531564,
        "vintage": "Fall 2020"
    },
    {
        "animeEng": "Cardcaptor Sakura",
        "animeRomaji": "Cardcaptor Sakura",
        "songName": "Catch You Catch Me",
        "artist": "GUMI",
        "type": "Opening 1",
        "correctCount": 74,
        "startTime": 17,
        "songDuration": 78.048,
        "songNumber": 82,
        "activePlayerCount": 140,
        "LinkVideo": "https://files.catbox.moe/v2cubp.webm",
        "LinkMp3": "https://files.catbox.moe/2ltajm.mp3",
        "annId": 126,
        "songDifficulty": 44.606377988635145,
        "vintage": "Spring 1998"
    },
    {
        "animeEng": "7SEEDS",
        "animeRomaji": "7SEEDS",
        "songName": "Ark",
        "artist": "Amatsuki",
        "type": "Opening 1",
        "correctCount": 24,
        "startTime": 56,
        "songDuration": 87.552,
        "songNumber": 83,
        "activePlayerCount": 140,
        "LinkVideo": "https://files.catbox.moe/eco7y9.webm",
        "LinkMp3": "https://files.catbox.moe/0ijdr7.mp3",
        "annId": 21601,
        "songDifficulty": 17.942136363636365,
        "vintage": "Spring 2019"
    },
    {
        "animeEng": "The Vampire Dies in No Time",
        "animeRomaji": "Kyuuketsuki Sugu Shinu",
        "songName": "Strangers",
        "artist": "TRD",
        "type": "Ending 1",
        "correctCount": 15,
        "startTime": 53,
        "songDuration": 89.064,
        "songNumber": 84,
        "activePlayerCount": 140,
        "LinkVideo": "https://files.catbox.moe/hdmjwk.webm",
        "LinkMp3": "https://files.catbox.moe/2r78oh.mp3",
        "annId": 24198,
        "songDifficulty": 16.87105161516854,
        "vintage": "Fall 2021"
    },
    {
        "animeEng": "I'm Gonna Be An Angel",
        "animeRomaji": "Tenshi ni Narumon",
        "songName": "Ai wa Umi",
        "artist": "Shizuru Ootaka",
        "type": "Ending 1",
        "correctCount": 2,
        "startTime": 55,
        "songDuration": 84.336,
        "songNumber": 85,
        "activePlayerCount": 137,
        "LinkVideo": "https://files.catbox.moe/bq5l24.webm",
        "LinkMp3": "https://files.catbox.moe/x2e3z4.mp3",
        "annId": 278,
        "songDifficulty": 9.709626570991848,
        "vintage": "Spring 1999",
        "correctPlayers": [
            "ArukasFrost",
            "HDNC"
        ]
    }
]