[
    {
        "animeEng": "Cooking With Valkyries",
        "animeRomaji": "Valkyrie no Shokutaku",
        "songName": "Lil' Dash of Love",
        "artist": "Luna Safari",
        "type": "Ending 1",
        "correctCount": 19,
        "startTime": 3,
        "songDuration": 32.64,
        "songNumber": 1,
        "activePlayerCount": 174,
        "LinkVideo": "https://files.catbox.moe/ch6xke.webm",
        "LinkMp3": "https://files.catbox.moe/b6h2zh.mp3",
        "annId": 23483,
        "songDifficulty": 24.745198199472096,
        "vintage": "Spring 2019"
    },
    {
        "animeEng": "Digimon Adventure tri. Chapter 6: Our Future",
        "animeRomaji": "Digimon Adventure tri. Bokura no Mirai",
        "songName": "Butter-Fly~tri.Version~",
        "artist": "Erabareshi Kodomo-tachi, Digimon Sinkers, Ayumi Miyazaki, AiM with Kouji Wada",
        "type": "Ending 1",
        "correctCount": 47,
        "startTime": 150,
        "songDuration": 253.096058,
        "songNumber": 2,
        "activePlayerCount": 187,
        "LinkVideo": "https://files.catbox.moe/zu01e3.webm",
        "LinkMp3": "https://files.catbox.moe/f19lzv.mp3",
        "annId": 20474,
        "songDifficulty": 23.071719436310396,
        "vintage": "Spring 2018"
    },
    {
        "animeEng": "Case Closed: Countdown to Heaven",
        "animeRomaji": "Meitantei Conan: Tengoku e no Countdown",
        "songName": "always",
        "artist": "Mai Kuraki",
        "type": "Ending 1",
        "correctCount": 39,
        "startTime": 1,
        "songDuration": 187.248,
        "songNumber": 3,
        "activePlayerCount": 190,
        "LinkVideo": "https://files.catbox.moe/3rzhsu.webm",
        "LinkMp3": "https://files.catbox.moe/6qekjy.mp3",
        "annId": 2681,
        "songDifficulty": 30.361192553394357,
        "vintage": "Spring 2001"
    },
    {
        "animeEng": "That Time I Got Reincarnated as a Slime",
        "animeRomaji": "Tensei Shitara Slime Datta Ken",
        "songName": "Meguru Mono",
        "artist": "Takuma Terashima",
        "type": "Opening 2",
        "correctCount": 134,
        "startTime": 21,
        "songDuration": 89.064,
        "songNumber": 4,
        "activePlayerCount": 191,
        "LinkVideo": "https://files.catbox.moe/xrrpjz.webm",
        "LinkMp3": "https://files.catbox.moe/x2plwa.mp3",
        "annId": 23357,
        "songDifficulty": 44.959702317426434,
        "vintage": "Summer 2019"
    },
    {
        "animeEng": "Kiratto Pri\u2606Chan",
        "animeRomaji": "Kiratto Pri\u2606Chan",
        "songName": "Shiawasei Kawaii Sanka",
        "artist": "Himika Akaneya",
        "type": "Insert Song",
        "correctCount": 6,
        "startTime": 3,
        "songDuration": 121.704,
        "songNumber": 5,
        "activePlayerCount": 198,
        "LinkVideo": "https://files.catbox.moe/i2mm1i.webm",
        "LinkMp3": "https://files.catbox.moe/wqmwcj.mp3",
        "annId": 21793,
        "songDifficulty": 22.77642854221204,
        "vintage": "Spring 2019"
    },
    {
        "animeEng": "Witch Hunter Robin",
        "animeRomaji": "Witch Hunter Robin",
        "songName": "Half Pain",
        "artist": "Bana",
        "type": "Ending 1",
        "correctCount": 8,
        "startTime": 3,
        "songDuration": 86.777284,
        "songNumber": 6,
        "activePlayerCount": 198,
        "LinkVideo": "https://files.catbox.moe/3giz2u.webm",
        "LinkMp3": "https://files.catbox.moe/19v5f0.mp3",
        "annId": 913,
        "songDifficulty": 18.702649391698472,
        "vintage": "Summer 2002"
    },
    {
        "animeEng": "Free!: Iwatobi Swim Club",
        "animeRomaji": "Free!: Iwatobi Swim Club",
        "songName": "SPLASH FREE",
        "artist": "STYLE FIVE",
        "type": "Ending 1",
        "correctCount": 93,
        "startTime": 49,
        "songDuration": 88.584,
        "songNumber": 7,
        "activePlayerCount": 202,
        "LinkVideo": "https://files.catbox.moe/s8ai71.webm",
        "LinkMp3": "https://files.catbox.moe/etzlwc.mp3",
        "annId": 15291,
        "songDifficulty": 52.4289233622691,
        "vintage": "Summer 2013"
    },
    {
        "animeEng": "Lost Song",
        "animeRomaji": "Lost Song",
        "songName": "Iyashi no Uta",
        "artist": "Konomi Suzuki/Yukari Tamura",
        "type": "Insert Song",
        "correctCount": 24,
        "startTime": 55,
        "songDuration": 145.76076,
        "songNumber": 8,
        "activePlayerCount": 204,
        "LinkVideo": "https://files.catbox.moe/hods24.webm",
        "LinkMp3": "https://files.catbox.moe/xibh3n.mp3",
        "annId": 19988,
        "songDifficulty": 24.24092413152306,
        "vintage": "Winter 2018"
    },
    {
        "animeEng": "Towanoquon",
        "animeRomaji": "Towanoquon",
        "songName": "Chiisana Inochi no Uta",
        "artist": "Saori Hayami",
        "type": "Insert Song",
        "correctCount": 2,
        "startTime": 30,
        "songDuration": 79.296,
        "songNumber": 9,
        "activePlayerCount": 205,
        "LinkVideo": "https://files.catbox.moe/kjtjex.webm",
        "LinkMp3": "https://files.catbox.moe/09oaze.mp3",
        "annId": 12428,
        "songDifficulty": 8.437319835984564,
        "vintage": "Spring 2011",
        "correctPlayers": [
            "NicoIe",
            "peepiss"
        ]
    },
    {
        "animeEng": "Ninja Nonsense",
        "animeRomaji": "Ninin ga Shinobuden",
        "songName": "Shinobu Sanjou!",
        "artist": "Kiyomi Kumano",
        "type": "Opening 1",
        "correctCount": 10,
        "startTime": 33,
        "songDuration": 89.304,
        "songNumber": 10,
        "activePlayerCount": 203,
        "LinkVideo": "https://files.catbox.moe/hoqwxm.webm",
        "LinkMp3": "https://files.catbox.moe/ruj7eo.mp3",
        "annId": 4147,
        "songDifficulty": 16.864523611949306,
        "vintage": "Summer 2004"
    },
    {
        "animeEng": "Pandora in the Crimson Shell: Ghost Urn",
        "animeRomaji": "Koukaku no Pandora: Ghost Urn",
        "songName": "Ex-librist",
        "artist": "TECHNOBOYS PULCRAFT GREEN-FUND feat. Sayaka Sasaki",
        "type": "Insert Song",
        "correctCount": 7,
        "startTime": 30,
        "songDuration": 88.68,
        "songNumber": 11,
        "activePlayerCount": 202,
        "LinkVideo": "https://files.catbox.moe/xtuhmi.webm",
        "LinkMp3": "https://files.catbox.moe/otjogv.mp3",
        "annId": 17897,
        "songDifficulty": 12.796723253446116,
        "vintage": "Winter 2016"
    },
    {
        "animeEng": "Chaika: The Coffin Princess",
        "animeRomaji": "Hitsugi no Chaika",
        "songName": "DARAKENA",
        "artist": "Iori Nomizu",
        "type": "Opening 1",
        "correctCount": 58,
        "startTime": 43,
        "songDuration": 89.07602,
        "songNumber": 12,
        "activePlayerCount": 201,
        "LinkVideo": "https://files.catbox.moe/yc2n4i.webm",
        "LinkMp3": "https://files.catbox.moe/1wered.mp3",
        "annId": 15524,
        "songDifficulty": 23.63416323976399,
        "vintage": "Spring 2014"
    },
    {
        "animeEng": "Voltes V",
        "animeRomaji": "Chou Denji Machine Voltes V",
        "songName": "Voltes V no Uta",
        "artist": "Mitsuko Horie, Koorogi '73, Columbia Yurikago-kai",
        "type": "Opening 1",
        "correctCount": 10,
        "startTime": 12,
        "songDuration": 68.352,
        "songNumber": 13,
        "activePlayerCount": 199,
        "LinkVideo": "https://files.catbox.moe/kqaq48.webm",
        "LinkMp3": "https://files.catbox.moe/gpa3kv.mp3",
        "annId": 1272,
        "songDifficulty": 19.939493706712838,
        "vintage": "Spring 1977"
    },
    {
        "animeEng": "If My Favorite Pop Idol Made It to the Budokan, I Would Die",
        "animeRomaji": "Oshi ga Budoukan Ittekuretara Shinu",
        "songName": "Clover wish",
        "artist": "ChamJam",
        "type": "Opening 1",
        "correctCount": 21,
        "startTime": 11,
        "songDuration": 88.392,
        "songNumber": 14,
        "activePlayerCount": 197,
        "LinkVideo": "https://files.catbox.moe/84e5pk.webm",
        "LinkMp3": "https://files.catbox.moe/p4sswk.mp3",
        "annId": 22307,
        "songDifficulty": 22.144322340364223,
        "vintage": "Winter 2020"
    },
    {
        "animeEng": "Teekyuu",
        "animeRomaji": "Teekyuu",
        "songName": "Fattoshite Tougenkyou",
        "artist": "Suzuko Mimori",
        "type": "Opening 1",
        "correctCount": 128,
        "startTime": 0,
        "songDuration": 28.872,
        "songNumber": 15,
        "activePlayerCount": 195,
        "LinkVideo": "https://files.catbox.moe/op7c9o.webm",
        "LinkMp3": "https://files.catbox.moe/012qul.mp3",
        "annId": 16639,
        "songDifficulty": 43.546026278409094,
        "vintage": "Spring 2015"
    },
    {
        "animeEng": "Xuan Yuan Sword Luminary",
        "animeRomaji": "Ken En Ken: Aoki Kagayaki",
        "songName": "Nageki no Hana",
        "artist": "Nana Mizuki",
        "type": "Opening 1",
        "correctCount": 21,
        "startTime": 55,
        "songDuration": 88.579702,
        "songNumber": 16,
        "activePlayerCount": 196,
        "LinkVideo": "https://files.catbox.moe/7ushyi.webm",
        "LinkMp3": "https://files.catbox.moe/f2x200.mp3",
        "annId": 21250,
        "songDifficulty": 18.551839002122364,
        "vintage": "Fall 2018"
    },
    {
        "animeEng": "Kud Wafter",
        "animeRomaji": "Kud Wafter",
        "songName": "Hoshimori Uta",
        "artist": "Naomi Wakabayashi",
        "type": "Insert Song",
        "correctCount": 8,
        "startTime": 28,
        "songDuration": 120.048,
        "songNumber": 17,
        "activePlayerCount": 196,
        "LinkVideo": "https://files.catbox.moe/brs3w4.webm",
        "LinkMp3": "https://files.catbox.moe/vlp1dd.mp3",
        "annId": 23859,
        "songDifficulty": 13.278554726406872,
        "vintage": "Fall 2020"
    },
    {
        "animeEng": "Chiruran 1/2",
        "animeRomaji": "Chiruran Nibun no Ichi",
        "songName": "Boku no Te ni Fureru na",
        "artist": "Kamisama, Boku wa Kizuite Shimatta",
        "type": "Opening 1",
        "correctCount": 38,
        "startTime": 0,
        "songDuration": 29.568,
        "songNumber": 18,
        "activePlayerCount": 197,
        "LinkVideo": "https://files.catbox.moe/fsjo9b.webm",
        "LinkMp3": "https://files.catbox.moe/x7vcep.mp3",
        "annId": 18805,
        "songDifficulty": 16.501749760504758,
        "vintage": "Winter 2017"
    },
    {
        "animeEng": "Kamisama Kiss",
        "animeRomaji": "Kamisama Hajimemashita",
        "songName": "Kamisama Onegai",
        "artist": "Hanae",
        "type": "Ending 1",
        "correctCount": 90,
        "startTime": 25,
        "songDuration": 91.104,
        "songNumber": 19,
        "activePlayerCount": 198,
        "LinkVideo": "https://files.catbox.moe/91b5j9.webm",
        "LinkMp3": "https://files.catbox.moe/db3394.mp3",
        "annId": 16346,
        "songDifficulty": 43.358199174598454,
        "vintage": "Summer 2013"
    },
    {
        "animeEng": "Aria the Origination",
        "animeRomaji": "Aria the Origination",
        "songName": "Undine",
        "artist": "Yui Makino",
        "type": "Ending 3",
        "correctCount": 60,
        "startTime": 176,
        "songDuration": 216.055062,
        "songNumber": 20,
        "activePlayerCount": 199,
        "LinkVideo": "https://files.catbox.moe/k6xhfi.webm",
        "LinkMp3": "https://files.catbox.moe/94whmu.mp3",
        "annId": 8657,
        "songDifficulty": 35.5015774912778,
        "vintage": "Winter 2008"
    },
    {
        "animeEng": "Doraemon the Movie: Nobita in the New Haunts of Evil - Peko and the Five Explorers",
        "animeRomaji": "Doraemon Shin Nobita no Daimakyo: Peko to 5-nin no Tankentai",
        "songName": "Yume o Kanaete Doraemon",
        "artist": "Hibari Jidou Gasshou-dan",
        "type": "Insert Song",
        "correctCount": 108,
        "startTime": 62,
        "songDuration": 91.08,
        "songNumber": 21,
        "activePlayerCount": 200,
        "LinkVideo": "https://files.catbox.moe/ojf0jr.webm",
        "LinkMp3": "https://files.catbox.moe/6qi7ee.mp3",
        "annId": 15502,
        "songDifficulty": 41.13788683252427,
        "vintage": "Winter 2014"
    },
    {
        "animeEng": "Gintama'",
        "animeRomaji": "Gintama'",
        "songName": "Donten",
        "artist": "DOES",
        "type": "Insert Song",
        "correctCount": 133,
        "startTime": 45,
        "songDuration": 86.16,
        "songNumber": 22,
        "activePlayerCount": 199,
        "LinkVideo": "https://files.catbox.moe/mdl4u0.webm",
        "LinkMp3": "https://files.catbox.moe/ub05xs.mp3",
        "annId": 12835,
        "songDifficulty": 52.24909145039422,
        "vintage": "Spring 2011"
    },
    {
        "animeEng": "Nisekoi:",
        "animeRomaji": "Nisekoi:",
        "songName": "Rally Go Round",
        "artist": "LiSA",
        "type": "Opening 1",
        "correctCount": 101,
        "startTime": 38,
        "songDuration": 91.056,
        "songNumber": 23,
        "activePlayerCount": 202,
        "LinkVideo": "https://files.catbox.moe/x9m10f.webm",
        "LinkMp3": "https://files.catbox.moe/g9hk6w.mp3",
        "annId": 16645,
        "songDifficulty": 27.92862105607324,
        "vintage": "Spring 2015"
    },
    {
        "animeEng": "Monster Strike: Rain of Memories",
        "animeRomaji": "Monster Strike: Rain of Memories",
        "songName": "Aurora",
        "artist": "WHITE ASH",
        "type": "Ending 1",
        "correctCount": 6,
        "startTime": 122,
        "songDuration": 201.216,
        "songNumber": 24,
        "activePlayerCount": 202,
        "LinkVideo": "https://files.catbox.moe/52872u.webm",
        "LinkMp3": "https://files.catbox.moe/7qqvr2.mp3",
        "annId": 23065,
        "songDifficulty": 10.156895631999639,
        "vintage": "Fall 2016"
    },
    {
        "animeEng": "Soreike! Anpanman: Yakisobaman to Black Sabotenman",
        "animeRomaji": "Soreike! Anpanman: Yakisobaman to Black Sabotenman",
        "songName": "Hashire! S L Man",
        "artist": "Dreaming",
        "type": "Opening 1",
        "correctCount": 5,
        "startTime": 25,
        "songDuration": 82.41491,
        "songNumber": 25,
        "activePlayerCount": 202,
        "LinkVideo": "https://files.catbox.moe/cu0iwf.webm",
        "LinkMp3": "https://files.catbox.moe/5epbxo.mp3",
        "annId": 20529,
        "songDifficulty": 11.142227836277174,
        "vintage": "Summer 2000",
        "correctPlayers": [
            "Edwardd",
            "GoroShigenoSimp",
            "ozsauce",
            "kar72",
            "FUCK_AMQ"
        ]
    },
    {
        "animeEng": "Demon Slayer: Kimetsu no Yaiba Entertainment District Arc",
        "animeRomaji": "Kimetsu no Yaiba: Yuukaku-hen",
        "songName": "Zankyou Sanka",
        "artist": "Aimer",
        "type": "Opening 1",
        "correctCount": 144,
        "startTime": 35,
        "songDuration": 86.28,
        "songNumber": 26,
        "activePlayerCount": 203,
        "LinkVideo": "https://files.catbox.moe/rrljjp.webm",
        "LinkMp3": "https://files.catbox.moe/grz22a.mp3",
        "annId": 24043,
        "songDifficulty": 46.6004220545977,
        "vintage": "Fall 2021"
    },
    {
        "animeEng": "Anime-Gataris",
        "animeRomaji": "Animegataris",
        "songName": "Aikotoba",
        "artist": "GARNiDELiA",
        "type": "Opening 1",
        "correctCount": 60,
        "startTime": 46,
        "songDuration": 88.536,
        "songNumber": 27,
        "activePlayerCount": 204,
        "LinkVideo": "https://files.catbox.moe/c3bd5m.webm",
        "LinkMp3": "https://files.catbox.moe/y919rc.mp3",
        "annId": 19480,
        "songDifficulty": 27.207205155719706,
        "vintage": "Fall 2017"
    },
    {
        "animeEng": "Ninku",
        "animeRomaji": "Ninku",
        "songName": "Soredemo Ashita wa Yatte Kuru",
        "artist": "Yume Suzuki",
        "type": "Ending 1",
        "correctCount": 7,
        "startTime": 46,
        "songDuration": 86.064,
        "songNumber": 28,
        "activePlayerCount": 205,
        "LinkVideo": "https://files.catbox.moe/w7kdrp.webm",
        "LinkMp3": "https://files.catbox.moe/gqdvqa.mp3",
        "annId": 2603,
        "songDifficulty": 18.893805309734514,
        "vintage": "Winter 1995"
    },
    {
        "animeEng": "The Brave Police J-Decker",
        "animeRomaji": "Yuusha Keisatsu J-Decker",
        "songName": "Brave Up!! Fire J-Decker",
        "artist": "Tooru Furusawa & Toshiyuki Morikawa",
        "type": "Insert Song",
        "correctCount": 8,
        "startTime": 81,
        "songDuration": 141.312,
        "songNumber": 29,
        "activePlayerCount": 205,
        "LinkVideo": "https://files.catbox.moe/0j6owr.webm",
        "LinkMp3": "https://files.catbox.moe/yuoxm1.mp3",
        "annId": 1958,
        "songDifficulty": 13.813921040155012,
        "vintage": "Winter 1994"
    },
    {
        "animeEng": "Chobits",
        "animeRomaji": "Chobits",
        "songName": "Let Me Be With You ~Chii Ver.~",
        "artist": "ROUND TABLE featuring Rie Tanaka",
        "type": "Insert Song",
        "correctCount": 130,
        "startTime": 25,
        "songDuration": 61.608,
        "songNumber": 30,
        "activePlayerCount": 207,
        "LinkVideo": "https://files.catbox.moe/b6u6es.webm",
        "LinkMp3": "https://files.catbox.moe/awrmz0.mp3",
        "annId": 357,
        "songDifficulty": 50.045989372469634,
        "vintage": "Spring 2002"
    },
    {
        "animeEng": "Queen Emeraldas",
        "animeRomaji": "Queen Emeraldas",
        "songName": "A Sense of Revenge",
        "artist": "Lily",
        "type": "Insert Song",
        "correctCount": 3,
        "startTime": 42,
        "songDuration": 84.648,
        "songNumber": 31,
        "activePlayerCount": 207,
        "LinkVideo": "https://files.catbox.moe/ssqqym.webm",
        "LinkMp3": "https://files.catbox.moe/wlvop6.mp3",
        "annId": 199,
        "songDifficulty": 3.8327210648922643,
        "vintage": "Winter 1998",
        "correctPlayers": [
            "unsta",
            "Gianlu310",
            "Carlos1218"
        ]
    },
    {
        "animeEng": "The IDOLM@STER Cinderella Girls",
        "animeRomaji": "The IDOLM@STER Cinderella Girls: Anytime, Anywhere with Cinderella.",
        "songName": "Absolute NIne",
        "artist": "new generations",
        "type": "Insert Song",
        "correctCount": 16,
        "startTime": 24,
        "songDuration": 55.92,
        "songNumber": 32,
        "activePlayerCount": 206,
        "LinkVideo": "https://files.catbox.moe/3spegi.webm",
        "LinkMp3": "https://files.catbox.moe/vo0d3r.mp3",
        "annId": 23881,
        "songDifficulty": 15.870772832491582,
        "vintage": "Winter 2016"
    },
    {
        "animeEng": "Trinity Seven: Heavens Library & Crimson Lord",
        "animeRomaji": "Gekijouban Trinity Seven: Tenkuu Toshokan to Shinku no Maou",
        "songName": "Harmonized // Songline",
        "artist": "The-Light \u2135 Mare",
        "type": "Insert Song",
        "correctCount": 13,
        "startTime": 52,
        "songDuration": 102.384,
        "songNumber": 33,
        "activePlayerCount": 206,
        "LinkVideo": "https://files.catbox.moe/cd1ogr.webm",
        "LinkMp3": "https://files.catbox.moe/zccass.mp3",
        "annId": 21599,
        "songDifficulty": 17.193638898324274,
        "vintage": "Winter 2019"
    },
    {
        "animeEng": "Ame-iro Cocoa Series Ame-con!!",
        "animeRomaji": "Ame-con!!",
        "songName": "Rainy cocoa",
        "artist": "Hiro Shimono",
        "type": "Ending 1",
        "correctCount": 118,
        "startTime": 0,
        "songDuration": 29.4,
        "songNumber": 34,
        "activePlayerCount": 206,
        "LinkVideo": "https://files.catbox.moe/ns105q.webm",
        "LinkMp3": "https://files.catbox.moe/b7tjt0.mp3",
        "annId": 20054,
        "songDifficulty": 39.503808121980676,
        "vintage": "Fall 2017"
    },
    {
        "animeEng": "Lupin III: Voyage to Danger",
        "animeRomaji": "Lupin Sansei: Lupin Ansatsu Shirei",
        "songName": "Destiny Love",
        "artist": "Eri Ohno",
        "type": "Ending 1",
        "correctCount": 2,
        "startTime": 115,
        "songDuration": 167.208,
        "songNumber": 35,
        "activePlayerCount": 207,
        "LinkVideo": "https://files.catbox.moe/hwqu6l.webm",
        "LinkMp3": "https://files.catbox.moe/t4wsm9.mp3",
        "annId": 2063,
        "songDifficulty": 7.3640322612626905,
        "vintage": "Summer 1993",
        "correctPlayers": [
            "airsusuibu",
            "Hyonoka"
        ]
    },
    {
        "animeEng": "Chibi Maruko-chan",
        "animeRomaji": "Chibi Maruko-chan",
        "songName": "Odoru Ponpokorin",
        "artist": "B.B.Queens",
        "type": "Ending 1",
        "correctCount": 64,
        "startTime": 2,
        "songDuration": 83.976,
        "songNumber": 36,
        "activePlayerCount": 209,
        "LinkVideo": "https://files.catbox.moe/ek2utu.webm",
        "LinkMp3": "https://files.catbox.moe/djg1bm.mp3",
        "annId": 479,
        "songDifficulty": 31.154796092720684,
        "vintage": "Winter 1990"
    },
    {
        "animeEng": "Magical Warfare",
        "animeRomaji": "Mahou Sensou",
        "songName": "Senkou no PRISONER",
        "artist": "Yuuka Nanri",
        "type": "Opening 1",
        "correctCount": 29,
        "startTime": 43,
        "songDuration": 88.824,
        "songNumber": 37,
        "activePlayerCount": 209,
        "LinkVideo": "https://files.catbox.moe/t4pgxn.webm",
        "LinkMp3": "https://files.catbox.moe/ym4bez.mp3",
        "annId": 15687,
        "songDifficulty": 15.338407637886805,
        "vintage": "Winter 2014"
    },
    {
        "animeEng": "Dragoon",
        "animeRomaji": "Ryuuki Denshou",
        "songName": "Saisho no Yuki",
        "artist": "Yuka Imai",
        "type": "Opening 1",
        "correctCount": 3,
        "startTime": 63,
        "songDuration": 95.031836,
        "songNumber": 38,
        "activePlayerCount": 210,
        "LinkVideo": "https://files.catbox.moe/l4a5p4.webm",
        "LinkMp3": "https://files.catbox.moe/7vda38.mp3",
        "annId": 584,
        "songDifficulty": 4.9972161627435066,
        "vintage": "Winter 1997",
        "correctPlayers": [
            "vsai",
            "ozsauce",
            "FUCK_AMQ"
        ]
    },
    {
        "animeEng": "Vividred Operation",
        "animeRomaji": "Vividred Operation",
        "songName": "Energy",
        "artist": "earthmind",
        "type": "Opening 1",
        "correctCount": 19,
        "startTime": 24,
        "songDuration": 90.072,
        "songNumber": 39,
        "activePlayerCount": 210,
        "LinkVideo": "https://files.catbox.moe/alhfcv.webm",
        "LinkMp3": "https://files.catbox.moe/yl7ch0.mp3",
        "annId": 14723,
        "songDifficulty": 18.354637079095053,
        "vintage": "Winter 2013"
    },
    {
        "animeEng": "22/7 (Nanabun no Nijyuuni)",
        "animeRomaji": "22/7",
        "songName": "Kamisama ni Yubi o Sasareta Boku-tachi",
        "artist": "Moe Suzuhana & Urara Takatsuji & Aina Takeda",
        "type": "Ending 1",
        "correctCount": 10,
        "startTime": 34,
        "songDuration": 88.2,
        "songNumber": 40,
        "activePlayerCount": 211,
        "LinkVideo": "https://files.catbox.moe/v5jm81.webm",
        "LinkMp3": "https://files.catbox.moe/v8txxu.mp3",
        "annId": 23687,
        "songDifficulty": 16.981596553083392,
        "vintage": "Summer 2020"
    },
    {
        "animeEng": "Hyperdimension Neptunia",
        "animeRomaji": "Choujigen Game Neptune The Animation",
        "songName": "Hard beat\u00d7Break beat",
        "artist": "nao",
        "type": "Insert Song",
        "correctCount": 38,
        "startTime": 69,
        "songDuration": 126.312,
        "songNumber": 41,
        "activePlayerCount": 212,
        "LinkVideo": "https://files.catbox.moe/m96xsd.webm",
        "LinkMp3": "https://files.catbox.moe/r19edj.mp3",
        "annId": 15000,
        "songDifficulty": 21.99570529513889,
        "vintage": "Summer 2013"
    },
    {
        "animeEng": "Hayate the Combat Butler",
        "animeRomaji": "Hayate no Gotoku!",
        "songName": "Dame!",
        "artist": "Rie Kugimiya",
        "type": "Insert Song",
        "correctCount": 10,
        "startTime": 23,
        "songDuration": 54.048,
        "songNumber": 42,
        "activePlayerCount": 212,
        "LinkVideo": "https://files.catbox.moe/rwqzfp.webm",
        "LinkMp3": "https://files.catbox.moe/a1gtzf.mp3",
        "annId": 7490,
        "songDifficulty": 18.725346403301888,
        "vintage": "Spring 2007"
    },
    {
        "animeEng": "Beyblade Burst Turbo",
        "animeRomaji": "Beyblade Burst Chouzetsu",
        "songName": "Chouzetsu Muteki Blader!",
        "artist": "Ryousuke Sasaki [a flood of circle]",
        "type": "Opening 1",
        "correctCount": 17,
        "startTime": 27,
        "songDuration": 88.867044,
        "songNumber": 43,
        "activePlayerCount": 210,
        "LinkVideo": "https://files.catbox.moe/gi57yu.webm",
        "LinkMp3": "https://files.catbox.moe/dxkmeo.mp3",
        "annId": 20757,
        "songDifficulty": 15.607217865241891,
        "vintage": "Spring 2018"
    },
    {
        "animeEng": "Charlotte",
        "animeRomaji": "Charlotte",
        "songName": "Bravely You",
        "artist": "Lia",
        "type": "Opening 1",
        "correctCount": 159,
        "startTime": 58,
        "songDuration": 90.552,
        "songNumber": 44,
        "activePlayerCount": 210,
        "LinkVideo": "https://files.catbox.moe/6lz32i.webm",
        "LinkMp3": "https://files.catbox.moe/gdvka1.mp3",
        "annId": 16649,
        "songDifficulty": 44.93950438975572,
        "vintage": "Summer 2015"
    },
    {
        "animeEng": "Popee the Performer",
        "animeRomaji": "Popee the Performer",
        "songName": "Popee the Clown (Original Version)",
        "artist": "Tsuneo Aoyagi",
        "type": "Opening 1",
        "correctCount": 94,
        "startTime": 0,
        "songDuration": 30.096,
        "songNumber": 45,
        "activePlayerCount": 210,
        "LinkVideo": "https://files.catbox.moe/gcyldf.webm",
        "LinkMp3": "https://files.catbox.moe/17dci8.mp3",
        "annId": 22318,
        "songDifficulty": 31.215330070281123,
        "vintage": null
    },
    {
        "animeEng": "Comic Party Revolution",
        "animeRomaji": "Comic Party Revolution",
        "songName": "Issho ni Kurasou",
        "artist": "Emi Motoda",
        "type": "Ending 1",
        "correctCount": 7,
        "startTime": 58,
        "songDuration": 111.070744,
        "songNumber": 46,
        "activePlayerCount": 212,
        "LinkVideo": "https://files.catbox.moe/e5pj3s.webm",
        "LinkMp3": "https://files.catbox.moe/0cljp5.mp3",
        "annId": 2998,
        "songDifficulty": 6.654135338345864,
        "vintage": "Fall 2003"
    },
    {
        "animeEng": "Fruits Basket The Final Season",
        "animeRomaji": "Fruits Basket The Final Season",
        "songName": "Pleasure",
        "artist": "WARPs UP",
        "type": "Opening 1",
        "correctCount": 69,
        "startTime": 3,
        "songDuration": 83.568,
        "songNumber": 47,
        "activePlayerCount": 211,
        "LinkVideo": "https://files.catbox.moe/lhi465.webm",
        "LinkMp3": "https://files.catbox.moe/158mt7.mp3",
        "annId": 23980,
        "songDifficulty": 31.426180356411308,
        "vintage": "Spring 2021"
    },
    {
        "animeEng": "My Bride is a Mermaid",
        "animeRomaji": "Seto no Hanayome",
        "songName": "Kojin Senshi Oredam",
        "artist": "Kenta Harada",
        "type": "Insert Song",
        "correctCount": 2,
        "startTime": 18,
        "songDuration": 51.0752,
        "songNumber": 48,
        "activePlayerCount": 209,
        "LinkVideo": "https://files.catbox.moe/fe4pva.webm",
        "LinkMp3": "https://files.catbox.moe/p1ia4r.mp3",
        "annId": 7460,
        "songDifficulty": 5.028452429185457,
        "vintage": "Spring 2007",
        "correctPlayers": [
            "oh95",
            "Gianlu310"
        ]
    },
    {
        "animeEng": "Tama & Friends: Sagase! Mahou no Punipuni Stone",
        "animeRomaji": "Tama & Friends: Sagase! Mahou no Punipuni Stone",
        "songName": "WE ARE.",
        "artist": "PawPaw",
        "type": "Opening 1",
        "correctCount": 1,
        "startTime": 62,
        "songDuration": 95.544,
        "songNumber": 49,
        "activePlayerCount": 211,
        "LinkVideo": "https://files.catbox.moe/r2n8x5.webm",
        "LinkMp3": "https://files.catbox.moe/gm70jh.mp3",
        "annId": 18780,
        "songDifficulty": 3.468082967067631,
        "vintage": "Spring 2006",
        "correctPlayers": [
            "Nippah"
        ]
    },
    {
        "animeEng": "Panyo Panyo Di Gi Charat",
        "animeRomaji": "Panyo Panyo Di Gi Charat",
        "songName": "Happy! Smile! Hello!",
        "artist": "Atsuko Enomoto",
        "type": "Opening 1",
        "correctCount": 6,
        "startTime": 32,
        "songDuration": 89.808,
        "songNumber": 50,
        "activePlayerCount": 211,
        "LinkVideo": "https://files.catbox.moe/gugano.webm",
        "LinkMp3": "https://files.catbox.moe/9mols1.mp3",
        "annId": 838,
        "songDifficulty": 19.4092799664297,
        "vintage": "Winter 2002"
    },
    {
        "animeEng": "The Mysterious Cities of Gold",
        "animeRomaji": "Taiyou no Ko Esteban",
        "songName": "Boukensha-tachi",
        "artist": "PARU",
        "type": "Opening 1",
        "correctCount": 13,
        "startTime": 26,
        "songDuration": 85.968,
        "songNumber": 51,
        "activePlayerCount": 212,
        "LinkVideo": "https://files.catbox.moe/lwqw7b.webm",
        "LinkMp3": "https://files.catbox.moe/a64cqq.mp3",
        "annId": 385,
        "songDifficulty": 13.02505817819149,
        "vintage": "Spring 1982"
    },
    {
        "animeEng": "Strike The Blood Final",
        "animeRomaji": "Strike The Blood Final",
        "songName": "Akatsuki no Kaleido Blood",
        "artist": "Kishida Kyoudan &THE Akeboshi Rockets",
        "type": "Opening 1",
        "correctCount": 59,
        "startTime": 28,
        "songDuration": 89.304,
        "songNumber": 52,
        "activePlayerCount": 212,
        "LinkVideo": "https://files.catbox.moe/vmds9t.webm",
        "LinkMp3": "https://files.catbox.moe/yn0k2c.mp3",
        "annId": 24484,
        "songDifficulty": 30.552905815972224,
        "vintage": "Winter 2022"
    },
    {
        "animeEng": "Digimon Adventure 02",
        "animeRomaji": "Digimon Adventure 02",
        "songName": "Butter-Fly",
        "artist": "Kouji Wada",
        "type": "Insert Song",
        "correctCount": 149,
        "startTime": 16,
        "songDuration": 142.68,
        "songNumber": 53,
        "activePlayerCount": 213,
        "LinkVideo": "https://files.catbox.moe/dkqxzy.webm",
        "LinkMp3": "https://files.catbox.moe/091iqd.mp3",
        "annId": 2170,
        "songDifficulty": 50.56638585943326,
        "vintage": "Spring 2000"
    },
    {
        "animeEng": "Tomorrow's Joe 2",
        "animeRomaji": "Ashita no Joe 2",
        "songName": "MIDNIGHT BLUES",
        "artist": "Ichiro Araki",
        "type": "Opening 2",
        "correctCount": 13,
        "startTime": 3,
        "songDuration": 87.874408,
        "songNumber": 54,
        "activePlayerCount": 215,
        "LinkVideo": "https://files.catbox.moe/o0cdr9.webm",
        "LinkMp3": "https://files.catbox.moe/u5u5eh.mp3",
        "annId": 915,
        "songDifficulty": 24.669023241564066,
        "vintage": "Fall 1980"
    },
    {
        "animeEng": "Kemono Friends",
        "animeRomaji": "Kemono Friends",
        "songName": "Youkoso Japari Park e",
        "artist": "Doubutsu Biscuit x PPP",
        "type": "Opening 1",
        "correctCount": 115,
        "startTime": 21,
        "songDuration": 90.072,
        "songNumber": 55,
        "activePlayerCount": 216,
        "LinkVideo": "https://files.catbox.moe/q48058.webm",
        "LinkMp3": "https://files.catbox.moe/9ri0wg.mp3",
        "annId": 18799,
        "songDifficulty": 41.08044628280798,
        "vintage": "Winter 2017"
    },
    {
        "animeEng": "Baby Felix",
        "animeRomaji": "Baby Felix",
        "songName": "Baby Felix no Theme",
        "artist": "Taeko Onuki",
        "type": "Opening 1",
        "correctCount": 172,
        "startTime": 8,
        "songDuration": 40.728,
        "songNumber": 56,
        "activePlayerCount": 216,
        "LinkVideo": "https://files.catbox.moe/rr50ge.webm",
        "LinkMp3": "https://files.catbox.moe/nx0lu6.mp3",
        "annId": 1197,
        "songDifficulty": 43.43687691717791,
        "vintage": "Fall 2000"
    },
    {
        "animeEng": "Spooky Kitaro",
        "animeRomaji": "Gegege no Kitarou",
        "songName": "Karan Koron no Uta",
        "artist": "Ukadan",
        "type": "Ending 1",
        "correctCount": 84,
        "startTime": 2,
        "songDuration": 90.648,
        "songNumber": 57,
        "activePlayerCount": 219,
        "LinkVideo": "https://files.catbox.moe/5txqmf.webm",
        "LinkMp3": "https://files.catbox.moe/edu0gv.mp3",
        "annId": 2214,
        "songDifficulty": 54.03137033694344,
        "vintage": "Winter 1996"
    },
    {
        "animeEng": "Waiting in the Summer",
        "animeRomaji": "Ano Natsu de Matteru",
        "songName": "Vidro Moyou",
        "artist": "Nagi Yanagi",
        "type": "Ending 1",
        "correctCount": 33,
        "startTime": 18,
        "songDuration": 89.496,
        "songNumber": 58,
        "activePlayerCount": 221,
        "LinkVideo": "https://files.catbox.moe/7jijlh.webm",
        "LinkMp3": "https://files.catbox.moe/7nt62s.mp3",
        "annId": 13448,
        "songDifficulty": 23.321976220691322,
        "vintage": "Winter 2012"
    },
    {
        "animeEng": "Armored Dragon Legend Villgust",
        "animeRomaji": "Kouryuu Densetsu Villgust",
        "songName": "Mienai Tsubasa",
        "artist": "Aya Hisakawa",
        "type": "Ending 2",
        "correctCount": 1,
        "startTime": 184,
        "songDuration": 242.88,
        "songNumber": 59,
        "activePlayerCount": 221,
        "LinkVideo": "https://files.catbox.moe/yicnya.webm",
        "LinkMp3": "https://files.catbox.moe/xz4ypk.mp3",
        "annId": 4135,
        "songDifficulty": 5.758160944835681,
        "vintage": "Winter 1993",
        "correctPlayers": [
            "vsai"
        ]
    },
    {
        "animeEng": "Albegas",
        "animeRomaji": "Kousoku Denjin Albegas",
        "songName": "Kosoku Denjin Albegas",
        "artist": "MOJO",
        "type": "Opening 1",
        "correctCount": 13,
        "startTime": 21,
        "songDuration": 78.144,
        "songNumber": 60,
        "activePlayerCount": 221,
        "LinkVideo": "https://files.catbox.moe/eniefr.webm",
        "LinkMp3": "https://files.catbox.moe/5fjjkn.mp3",
        "annId": 1075,
        "songDifficulty": 9.573958061783108,
        "vintage": "Winter 1983"
    },
    {
        "animeEng": "Gintama: The Movie",
        "animeRomaji": "Gintama: Shinyaku Benizakura-hen",
        "songName": "Bakuchi Dancer",
        "artist": "DOES",
        "type": "Ending 1",
        "correctCount": 102,
        "startTime": 52,
        "songDuration": 173.064,
        "songNumber": 61,
        "activePlayerCount": 224,
        "LinkVideo": "https://files.catbox.moe/lgsky5.webm",
        "LinkMp3": "https://files.catbox.moe/7vtjrs.mp3",
        "annId": 11152,
        "songDifficulty": 38.46788261372398,
        "vintage": "Spring 2010"
    },
    {
        "animeEng": "Love After World Domination",
        "animeRomaji": "Koi wa Sekai Seifuku no Ato de",
        "songName": "Koi wa Explosion",
        "artist": "Masayoshi Ooishi (feat. Yukari Tamura)",
        "type": "Opening 1",
        "correctCount": 60,
        "startTime": 39,
        "songDuration": 88.2,
        "songNumber": 62,
        "activePlayerCount": 222,
        "LinkVideo": "https://files.catbox.moe/lypfsh.webm",
        "LinkMp3": "https://files.catbox.moe/4403s2.mp3",
        "annId": 24235,
        "songDifficulty": 30.606614682871477,
        "vintage": "Spring 2022"
    },
    {
        "animeEng": "Gurren Lagann the Movie: The Lights in the Sky Are Stars",
        "animeRomaji": "Tengen Toppa Gurren Lagann: Lagann-hen",
        "songName": "'Libera me' from hell",
        "artist": "Yuri Kasahara & Tarantula",
        "type": "Insert Song",
        "correctCount": 161,
        "startTime": 100,
        "songDuration": 184.316832,
        "songNumber": 63,
        "activePlayerCount": 223,
        "LinkVideo": "https://files.catbox.moe/n9nqiw.webm",
        "LinkMp3": "https://files.catbox.moe/14cevg.mp3",
        "annId": 10576,
        "songDifficulty": 53.95305884334103,
        "vintage": "Spring 2009"
    },
    {
        "animeEng": "Parasyte: The Maxim",
        "animeRomaji": "Kiseijuu: Sei no Kakuritsu",
        "songName": "Let Me Hear",
        "artist": "Fear, and Loathing in Las Vegas",
        "type": "Opening 1",
        "correctCount": 181,
        "startTime": 36,
        "songDuration": 89.496,
        "songNumber": 64,
        "activePlayerCount": 223,
        "LinkVideo": "https://files.catbox.moe/spq586.webm",
        "LinkMp3": "https://files.catbox.moe/v0eseu.mp3",
        "annId": 15855,
        "songDifficulty": 57.54913079854978,
        "vintage": "Fall 2014"
    },
    {
        "animeEng": "Kingdom",
        "animeRomaji": "Kingdom",
        "songName": "Genyou",
        "artist": "haku",
        "type": "Ending 1",
        "correctCount": 4,
        "startTime": 2,
        "songDuration": 87.096,
        "songNumber": 65,
        "activePlayerCount": 222,
        "LinkVideo": "https://files.catbox.moe/bedmcr.webm",
        "LinkMp3": "https://files.catbox.moe/o92kcy.mp3",
        "annId": 24876,
        "songDifficulty": 14.356550232438016,
        "vintage": "Spring 2022",
        "correctPlayers": [
            "airsusuibu",
            "untingman",
            "peepiss",
            "Nippah"
        ]
    },
    {
        "animeEng": "Kakegurui",
        "animeRomaji": "Kakegurui",
        "songName": "Deal with the devil",
        "artist": "Tia",
        "type": "Opening 1",
        "correctCount": 201,
        "startTime": 47,
        "songDuration": 95.064,
        "songNumber": 66,
        "activePlayerCount": 220,
        "LinkVideo": "https://files.catbox.moe/d8sqk8.webm",
        "LinkMp3": "https://files.catbox.moe/90t6bx.mp3",
        "annId": 19102,
        "songDifficulty": 64.42392504205215,
        "vintage": "Summer 2017"
    },
    {
        "animeEng": "King of Prism All Stars: Prism Show\u2605Best Ten",
        "animeRomaji": "King of Prism All Stars: Prism Show\u2605Best Ten",
        "songName": "FREEDOM",
        "artist": "Toshiki Masuda",
        "type": "Insert Song",
        "correctCount": 27,
        "startTime": 4,
        "songDuration": 33.528,
        "songNumber": 67,
        "activePlayerCount": 220,
        "LinkVideo": "https://files.catbox.moe/mps4ke.webm",
        "LinkMp3": "https://files.catbox.moe/4t3uwq.mp3",
        "annId": 22936,
        "songDifficulty": 25.49019809404025,
        "vintage": "Winter 2020"
    },
    {
        "animeEng": "Kono Oto Tomare!: Sounds of Life",
        "animeRomaji": "Kono Oto Tomare!",
        "songName": "Tone",
        "artist": "Shouta Aoi",
        "type": "Opening 1",
        "correctCount": 103,
        "startTime": 57,
        "songDuration": 90,
        "songNumber": 68,
        "activePlayerCount": 219,
        "LinkVideo": "https://files.catbox.moe/oyl42y.webm",
        "LinkMp3": "https://files.catbox.moe/4dtmn6.mp3",
        "annId": 21237,
        "songDifficulty": 26.8882007321708,
        "vintage": "Spring 2019"
    },
    {
        "animeEng": "Minami-ke: Seconds",
        "animeRomaji": "Minami-ke: Okawari",
        "songName": "Keikenchi Joushouchuu",
        "artist": "Rina Satou, Marina Inoue, Minori Chihara",
        "type": "Ending 2",
        "correctCount": 56,
        "startTime": 5,
        "songDuration": 117.048,
        "songNumber": 69,
        "activePlayerCount": 219,
        "LinkVideo": "https://files.catbox.moe/eejnmj.webm",
        "LinkMp3": "https://files.catbox.moe/jlpkp6.mp3",
        "annId": 8809,
        "songDifficulty": 25.67435458461934,
        "vintage": "Winter 2008"
    },
    {
        "animeEng": "Doraemon: Nobita's Genesis Diary",
        "animeRomaji": "Doraemon: Nobita no Sousei Nikki",
        "songName": "Sayonara ni Sayonara",
        "artist": "Kaientai",
        "type": "Ending 1",
        "correctCount": 0,
        "startTime": 19,
        "songDuration": 207.864,
        "songNumber": 70,
        "activePlayerCount": 219,
        "LinkVideo": "https://files.catbox.moe/tg724b.webm",
        "LinkMp3": "https://files.catbox.moe/ulu4v0.mp3",
        "annId": 1910,
        "songDifficulty": 6.890657846228665,
        "vintage": "Winter 1995"
    },
    {
        "animeEng": "Two Car",
        "animeRomaji": "Two Car",
        "songName": "Heart to Heart",
        "artist": "Sphere",
        "type": "Opening 1",
        "correctCount": 18,
        "startTime": 48,
        "songDuration": 89.064,
        "songNumber": 71,
        "activePlayerCount": 219,
        "LinkVideo": "https://files.catbox.moe/d1d2ps.webm",
        "LinkMp3": "https://files.catbox.moe/9krdjr.mp3",
        "annId": 19974,
        "songDifficulty": 18.827103394872424,
        "vintage": "Fall 2017"
    },
    {
        "animeEng": "Silver Spoon",
        "animeRomaji": "Gin no Saji",
        "songName": "kiss you",
        "artist": "miwa",
        "type": "Opening 1",
        "correctCount": 56,
        "startTime": 17,
        "songDuration": 89.064,
        "songNumber": 72,
        "activePlayerCount": 220,
        "LinkVideo": "https://files.catbox.moe/0dch62.webm",
        "LinkMp3": "https://files.catbox.moe/q6029g.mp3",
        "annId": 15017,
        "songDifficulty": 30.31117172883536,
        "vintage": "Summer 2013"
    },
    {
        "animeEng": "Shounan Bakusouzoku",
        "animeRomaji": "Shounan Bakusouzoku",
        "songName": "BOO-HOO LIKE A MONKEY",
        "artist": "Dangan BADS",
        "type": "Insert Song",
        "correctCount": 2,
        "startTime": 19,
        "songDuration": 76.848,
        "songNumber": 73,
        "activePlayerCount": 220,
        "LinkVideo": "https://files.catbox.moe/y5xtn4.webm",
        "LinkMp3": "https://files.catbox.moe/07re08.mp3",
        "annId": 731,
        "songDifficulty": 6.367040741309691,
        "vintage": "Summer 1986",
        "correctPlayers": [
            "Edwardd",
            "Kuterin"
        ]
    },
    {
        "animeEng": "Shugo Chara!",
        "animeRomaji": "Shugo Chara!",
        "songName": "Yume no Tsubomi",
        "artist": "Nana Mizuki",
        "type": "Insert Song",
        "correctCount": 20,
        "startTime": 5,
        "songDuration": 33.936,
        "songNumber": 74,
        "activePlayerCount": 220,
        "LinkVideo": "https://files.catbox.moe/41cyhi.webm",
        "LinkMp3": "https://files.catbox.moe/79hxwf.mp3",
        "annId": 8182,
        "songDifficulty": 17.51685562754065,
        "vintage": "Fall 2007"
    },
    {
        "animeEng": "Rozen Maiden",
        "animeRomaji": "Rozen Maiden",
        "songName": "Kinjirareta Asobi",
        "artist": "ALI PROJECT",
        "type": "Opening 1",
        "correctCount": 75,
        "startTime": 48,
        "songDuration": 90.878438,
        "songNumber": 75,
        "activePlayerCount": 220,
        "LinkVideo": "https://files.catbox.moe/tbhs94.webm",
        "LinkMp3": "https://files.catbox.moe/6n0tie.mp3",
        "annId": 4463,
        "songDifficulty": 34.460238236289776,
        "vintage": "Fall 2004"
    },
    {
        "animeEng": "Armored Dragon Legend Villgust",
        "animeRomaji": "Kouryuu Densetsu Villgust",
        "songName": "Neko no Te mo Karitai?",
        "artist": "Chisa Yokoyama",
        "type": "Ending 1",
        "correctCount": 1,
        "startTime": 56,
        "songDuration": 151.272,
        "songNumber": 76,
        "activePlayerCount": 220,
        "LinkVideo": "https://files.catbox.moe/391tw4.webm",
        "LinkMp3": "https://files.catbox.moe/q6j1zo.mp3",
        "annId": 4135,
        "songDifficulty": 9.35904151805933,
        "vintage": "Winter 1993",
        "correctPlayers": [
            "ozsauce"
        ]
    },
    {
        "animeEng": "Carnival Phantasm",
        "animeRomaji": "Carnival Phantasm",
        "songName": "Fellows",
        "artist": "Masaaki Endoh",
        "type": "Ending 1",
        "correctCount": 61,
        "startTime": 9,
        "songDuration": 88.968,
        "songNumber": 77,
        "activePlayerCount": 220,
        "LinkVideo": "https://files.catbox.moe/klr8y5.webm",
        "LinkMp3": "https://files.catbox.moe/xs2uwz.mp3",
        "annId": 12270,
        "songDifficulty": 23.9264038531775,
        "vintage": "Summer 2011"
    },
    {
        "animeEng": "Cross Ange: Rondo of Angel and Dragon",
        "animeRomaji": "Cross Ange: Tenshi to Ryuu no Rondo",
        "songName": "Towagatari ~Hikari no Uta~",
        "artist": "Toshihiko Seki",
        "type": "Insert Song",
        "correctCount": 36,
        "startTime": 0,
        "songDuration": 22.056,
        "songNumber": 78,
        "activePlayerCount": 219,
        "LinkVideo": "https://files.catbox.moe/54wxfq.webm",
        "LinkMp3": "https://files.catbox.moe/rrsxhz.mp3",
        "annId": 16177,
        "songDifficulty": 30.104765625,
        "vintage": "Fall 2014"
    },
    {
        "animeEng": "Yatterman",
        "animeRomaji": "Yatterman",
        "songName": "Gatchaman no Uta",
        "artist": "Masato Shimon",
        "type": "Insert Song",
        "correctCount": 175,
        "startTime": 16,
        "songDuration": 57.84,
        "songNumber": 79,
        "activePlayerCount": 219,
        "LinkVideo": "https://files.catbox.moe/135dk1.webm",
        "LinkMp3": "https://files.catbox.moe/hvizys.mp3",
        "annId": 8783,
        "songDifficulty": 48.12253890810277,
        "vintage": "Winter 2008"
    },
    {
        "animeEng": "Battle of the Planets",
        "animeRomaji": "Gatchaman",
        "songName": "Taose! Galactor",
        "artist": "Columbia Yurikago-kai",
        "type": "Ending 2",
        "correctCount": 2,
        "startTime": 0,
        "songDuration": 87.48,
        "songNumber": 80,
        "activePlayerCount": 219,
        "LinkVideo": "https://files.catbox.moe/2znwhz.webm",
        "LinkMp3": "https://files.catbox.moe/7eozh3.mp3",
        "annId": 4,
        "songDifficulty": 26.85935539523212,
        "vintage": "Fall 1972",
        "correctPlayers": [
            "Mcslider",
            "Thaleko"
        ]
    },
    {
        "animeEng": "Kuma Kuma Kuma Bear",
        "animeRomaji": "Kuma Kuma Kuma Bear",
        "songName": "Itsuka no Kioku",
        "artist": "Azumi Waki",
        "type": "Opening 1",
        "correctCount": 35,
        "startTime": 59,
        "songDuration": 89.616,
        "songNumber": 81,
        "activePlayerCount": 220,
        "LinkVideo": "https://files.catbox.moe/e8a3li.webm",
        "LinkMp3": "https://files.catbox.moe/nzn61i.mp3",
        "annId": 23127,
        "songDifficulty": 19.63447714035286,
        "vintage": "Fall 2020"
    },
    {
        "animeEng": "Dragon Ball Z Kai",
        "animeRomaji": "Dragon Ball Kai",
        "songName": "Kokoro no Hane",
        "artist": "Team Dragon from AKB48",
        "type": "Ending 2",
        "correctCount": 9,
        "startTime": 20,
        "songDuration": 55.056,
        "songNumber": 82,
        "activePlayerCount": 224,
        "LinkVideo": "https://files.catbox.moe/9he3pc.webm",
        "LinkMp3": "https://files.catbox.moe/rp6s0z.mp3",
        "annId": 10877,
        "songDifficulty": 9.763892816742082,
        "vintage": "Spring 2009"
    },
    {
        "animeEng": "Captain Tsubasa",
        "animeRomaji": "Captain Tsubasa",
        "songName": "Moete Hero (Chuugakusei-hen Arrange)",
        "artist": "Takuya Satou & Yuuichirou Umehara",
        "type": "Ending 15",
        "correctCount": 82,
        "startTime": 4,
        "songDuration": 88.896,
        "songNumber": 83,
        "activePlayerCount": 225,
        "LinkVideo": "https://files.catbox.moe/m3kqqp.webm",
        "LinkMp3": "https://files.catbox.moe/l6jboi.mp3",
        "annId": 20614,
        "songDifficulty": 44.01671971949328,
        "vintage": "Spring 2018"
    },
    {
        "animeEng": "Hell Teacher Nube: 0 a.m. Nube Dead",
        "animeRomaji": "Jigoku Sensei Nube: Gozen 0 Toki Nube Shisu",
        "songName": "Bari Bari Saikyou NO.1",
        "artist": "FEEL SO BAD",
        "type": "Ending 1",
        "correctCount": 38,
        "startTime": 22,
        "songDuration": 82.104,
        "songNumber": 84,
        "activePlayerCount": 225,
        "LinkVideo": "https://files.catbox.moe/7uugzx.webm",
        "LinkMp3": "https://files.catbox.moe/dq02mp.mp3",
        "annId": 3696,
        "songDifficulty": 20.793437750133403,
        "vintage": "Winter 1997"
    },
    {
        "animeEng": "Mermaid Forest",
        "animeRomaji": "Ningyo no Mori",
        "songName": "Mizu Tamari",
        "artist": "kayoko",
        "type": "Ending 1",
        "correctCount": 7,
        "startTime": 66,
        "songDuration": 110.04,
        "songNumber": 85,
        "activePlayerCount": 225,
        "LinkVideo": "https://files.catbox.moe/ksixv7.webm",
        "LinkMp3": "https://files.catbox.moe/m6tztz.mp3",
        "annId": 2976,
        "songDifficulty": 9.342431512802683,
        "vintage": "Fall 2003"
    }
]