[
    {
        "animeEng": "Mobile Suit Gundam Seed Special Edition",
        "animeRomaji": "Kidou Senshi Gundam Seed Special Edition",
        "songName": "INVOKE",
        "artist": "T.M.Revolution",
        "type": "Insert Song",
        "correctCount": 55,
        "startTime": 58,
        "songDuration": 98.064,
        "songNumber": 1,
        "activePlayerCount": 114,
        "LinkVideo": "https://files.catbox.moe/wfw0dd.webm",
        "LinkMp3": "https://files.catbox.moe/2nb5dc.mp3",
        "annId": 3565,
        "songDifficulty": 29.096204903455284,
        "vintage": "Winter 2004"
    },
    {
        "animeEng": "Revue Starlight",
        "animeRomaji": "Shoujo\u2606Kageki Revue Starlight",
        "songName": "Fly Me to the Star",
        "artist": "Hiro Tazunoki",
        "type": "Ending 5",
        "correctCount": 78,
        "startTime": 51,
        "songDuration": 89.472,
        "songNumber": 2,
        "activePlayerCount": 123,
        "LinkVideo": "https://files.catbox.moe/mx5273.webm",
        "LinkMp3": "https://files.catbox.moe/06twc6.mp3",
        "annId": 20891,
        "songDifficulty": 43.83640527256479,
        "vintage": "Summer 2018"
    },
    {
        "animeEng": "Extra Olympia Kyklos",
        "animeRomaji": "Bessatsu Olympia Kyklos",
        "songName": "Endless Summer",
        "artist": "Akihito Hayashi",
        "type": "Ending 8",
        "correctCount": 62,
        "startTime": 5,
        "songDuration": 41.472,
        "songNumber": 3,
        "activePlayerCount": 126,
        "LinkVideo": "https://files.catbox.moe/v2np97.webm",
        "LinkMp3": "https://files.catbox.moe/8elvqh.mp3",
        "annId": 23035,
        "songDifficulty": 42.87835037512101,
        "vintage": "Spring 2020"
    },
    {
        "animeEng": "Tales of Symphonia the Animation: Tethe'alla Episode",
        "animeRomaji": "Tales of Symphonia the Animation: Tethe'alla-hen",
        "songName": "Inori no Kanata",
        "artist": "Akiko Shikata",
        "type": "Ending 1",
        "correctCount": 4,
        "startTime": 68,
        "songDuration": 167.976,
        "songNumber": 4,
        "activePlayerCount": 126,
        "LinkVideo": "https://files.catbox.moe/u69920.webm",
        "LinkMp3": "https://files.catbox.moe/03fnqx.mp3",
        "annId": 11121,
        "songDifficulty": 18.090333976593627,
        "vintage": "Winter 2010",
        "correctPlayers": [
            "SayoPotato",
            "likejaxirl",
            "Grapheon",
            "gaaw"
        ]
    },
    {
        "animeEng": "Precure All Stars DX3: Mirai ni Todoke! Sekai o Tsunagu\u2606Niji-Iro no Hana",
        "animeRomaji": "Precure All Stars DX3: Mirai ni Todoke! Sekai o Tsunagu\u2606Niji-Iro no Hana",
        "songName": "DANZEN! Futari wa Precure! (Ver.Max Heart)",
        "artist": "Mayumi Gojou",
        "type": "Insert Song",
        "correctCount": 54,
        "startTime": 9,
        "songDuration": 38.232,
        "songNumber": 5,
        "activePlayerCount": 130,
        "LinkVideo": "https://files.catbox.moe/55z0yi.webm",
        "LinkMp3": "https://files.catbox.moe/0c1ako.mp3",
        "annId": 12127,
        "songDifficulty": 31.78630915317559,
        "vintage": "Winter 2011"
    },
    {
        "animeEng": "Rail Romanesque",
        "animeRomaji": "Rail Romanesque",
        "songName": "Bon Voy@ge!",
        "artist": "Masayo Shinkai",
        "type": "Ending 3",
        "correctCount": 22,
        "startTime": 1,
        "songDuration": 29.376,
        "songNumber": 6,
        "activePlayerCount": 131,
        "LinkVideo": "https://files.catbox.moe/4ahrsw.webm",
        "LinkMp3": "https://files.catbox.moe/2u8uer.mp3",
        "annId": 23523,
        "songDifficulty": 23.15052461246702,
        "vintage": "Fall 2020"
    },
    {
        "animeEng": "Baby I Love You Daze",
        "animeRomaji": "Baby I Love You Daze",
        "songName": "Shinsekai",
        "artist": "BUMP OF CHICKEN",
        "type": "Insert Song",
        "correctCount": 63,
        "startTime": 14,
        "songDuration": 157.097708,
        "songNumber": 7,
        "activePlayerCount": 132,
        "LinkVideo": "https://files.catbox.moe/zvopcd.webm",
        "LinkMp3": "https://files.catbox.moe/jl19uy.mp3",
        "annId": 22182,
        "songDifficulty": 36.236366769380474,
        "vintage": "Fall 2018"
    },
    {
        "animeEng": "Excel Saga",
        "animeRomaji": "Heppoko Jikken Animation Excel\u2665Saga",
        "songName": "Menchi Aishou no Bolero ~Gyakuna no ne",
        "artist": "Excel\u2665Girls",
        "type": "Ending 2",
        "correctCount": 48,
        "startTime": 1,
        "songDuration": 89.016,
        "songNumber": 8,
        "activePlayerCount": 132,
        "LinkVideo": "https://files.catbox.moe/q0mba9.webm",
        "LinkMp3": "https://files.catbox.moe/a4os2v.mp3",
        "annId": 398,
        "songDifficulty": 35.12781903190319,
        "vintage": "Fall 1999"
    },
    {
        "animeEng": "Submarine Super 99",
        "animeRomaji": "Sensuikan Super 99",
        "songName": "Sailing Mirai e",
        "artist": "Ichiro Mizuki",
        "type": "Opening 1",
        "correctCount": 6,
        "startTime": 23,
        "songDuration": 87.768,
        "songNumber": 9,
        "activePlayerCount": 133,
        "LinkVideo": "https://files.catbox.moe/hxm1j8.webm",
        "LinkMp3": "https://files.catbox.moe/s4vie0.mp3",
        "annId": 6039,
        "songDifficulty": 8.172982530065598,
        "vintage": "Winter 2003"
    },
    {
        "animeEng": "Strange Dawn",
        "animeRomaji": "Strange Dawn",
        "songName": "Moon Dance",
        "artist": "Eri Kawai",
        "type": "Insert Song",
        "correctCount": 2,
        "startTime": 53,
        "songDuration": 91.139658,
        "songNumber": 10,
        "activePlayerCount": 135,
        "LinkVideo": "https://files.catbox.moe/x6co0c.webm",
        "LinkMp3": "https://files.catbox.moe/js5apn.mp3",
        "annId": 285,
        "songDifficulty": 6.856373066804847,
        "vintage": "Summer 2000",
        "correctPlayers": [
            "Hejsan",
            "Rukawa11"
        ]
    },
    {
        "animeEng": "Overlord III",
        "animeRomaji": "Overlord III",
        "songName": "Silent Solitude",
        "artist": "OxT",
        "type": "Ending 1",
        "correctCount": 91,
        "startTime": 41,
        "songDuration": 89.616,
        "songNumber": 11,
        "activePlayerCount": 137,
        "LinkVideo": "https://files.catbox.moe/5w6ygu.webm",
        "LinkMp3": "https://files.catbox.moe/af3xla.mp3",
        "annId": 21105,
        "songDifficulty": 32.56748588212385,
        "vintage": "Summer 2018"
    },
    {
        "animeEng": "The Duke of Death and His Maid",
        "animeRomaji": "Shinigami Bocchan to Kuro Maid",
        "songName": "Araikko Ii naa",
        "artist": "Natsuki Hanae",
        "type": "Insert Song",
        "correctCount": 33,
        "startTime": 8,
        "songDuration": 36.336,
        "songNumber": 12,
        "activePlayerCount": 139,
        "LinkVideo": "https://files.catbox.moe/v2dzkr.webm",
        "LinkMp3": "https://files.catbox.moe/mk42ra.mp3",
        "annId": 24013,
        "songDifficulty": 25.514689108563406,
        "vintage": "Summer 2021"
    },
    {
        "animeEng": "M\u00c4R",
        "animeRomaji": "M\u00c4R",
        "songName": "Kaze to RAINBOW",
        "artist": "GARNET CROW",
        "type": "Opening 4",
        "correctCount": 16,
        "startTime": 55,
        "songDuration": 89.472,
        "songNumber": 13,
        "activePlayerCount": 140,
        "LinkVideo": "https://files.catbox.moe/s3irx5.webm",
        "LinkMp3": "https://files.catbox.moe/7b2d3q.mp3",
        "annId": 4882,
        "songDifficulty": 18.797200520833332,
        "vintage": "Spring 2005"
    },
    {
        "animeEng": "Spirited Away",
        "animeRomaji": "Sen to Chihiro no Kamikakushi",
        "songName": "Itsumo Nando demo",
        "artist": "Yumi Kimura",
        "type": "Ending 1",
        "correctCount": 107,
        "startTime": 112,
        "songDuration": 212.808,
        "songNumber": 14,
        "activePlayerCount": 140,
        "LinkVideo": "https://files.catbox.moe/5azbnv.webm",
        "LinkMp3": "https://files.catbox.moe/q2lwec.mp3",
        "annId": 377,
        "songDifficulty": 32.959706796063124,
        "vintage": "Summer 2001"
    },
    {
        "animeEng": "Maison Ikkoku",
        "animeRomaji": "Maison Ikkoku",
        "songName": "Fantasy",
        "artist": "Picasso",
        "type": "Ending 4",
        "correctCount": 15,
        "startTime": 3,
        "songDuration": 88.248,
        "songNumber": 15,
        "activePlayerCount": 142,
        "LinkVideo": "https://files.catbox.moe/5i4enw.webm",
        "LinkMp3": "https://files.catbox.moe/y04mbn.mp3",
        "annId": 376,
        "songDifficulty": 25.713409536439116,
        "vintage": "Winter 1986"
    },
    {
        "animeEng": "Macross Delta",
        "animeRomaji": "Macross \u0394",
        "songName": "Ikenai Borderline",
        "artist": "Walk\u00fcre",
        "type": "Insert Song",
        "correctCount": 92,
        "startTime": 30,
        "songDuration": 98.904,
        "songNumber": 16,
        "activePlayerCount": 146,
        "LinkVideo": "https://files.catbox.moe/jk67gx.webm",
        "LinkMp3": "https://files.catbox.moe/0fl5fz.mp3",
        "annId": 17762,
        "songDifficulty": 48.91673632544582,
        "vintage": "Spring 2016"
    },
    {
        "animeEng": "Land of the Lustrous",
        "animeRomaji": "Houseki no Kuni",
        "songName": "Kyoumen no Nami",
        "artist": "YURiKA",
        "type": "Opening 1",
        "correctCount": 91,
        "startTime": 54,
        "songDuration": 89.064,
        "songNumber": 17,
        "activePlayerCount": 146,
        "LinkVideo": "https://files.catbox.moe/xsz1st.webm",
        "LinkMp3": "https://files.catbox.moe/jh7et0.mp3",
        "annId": 19614,
        "songDifficulty": 40.04118695537365,
        "vintage": "Fall 2017"
    },
    {
        "animeEng": "3-choume no Tama: Onegai! Momo-chan o Sagashite!!",
        "animeRomaji": "3-choume no Tama: Onegai! Momo-chan o Sagashite!!",
        "songName": "Hitoribocchi no Yoru ni",
        "artist": "Hekiru Shiina",
        "type": "Insert Song",
        "correctCount": 2,
        "startTime": 4,
        "songDuration": 114.100896,
        "songNumber": 18,
        "activePlayerCount": 147,
        "LinkVideo": "https://files.catbox.moe/w6ofhj.webm",
        "LinkMp3": "https://files.catbox.moe/aa69qa.mp3",
        "annId": 1777,
        "songDifficulty": 2.061915113436465,
        "vintage": "Summer 1993",
        "correctPlayers": [
            "copula",
            "Sammeeeee"
        ]
    },
    {
        "animeEng": "I'm Quitting Heroing",
        "animeRomaji": "I'm Quitting Heroing",
        "songName": "BROKEN IDENTITY",
        "artist": "Minori Suzuki",
        "type": "Opening 1",
        "correctCount": 32,
        "startTime": 6,
        "songDuration": 88.68,
        "songNumber": 19,
        "activePlayerCount": 149,
        "LinkVideo": "https://files.catbox.moe/8vzqvh.webm",
        "LinkMp3": "https://files.catbox.moe/l0he5b.mp3",
        "annId": 24886,
        "songDifficulty": 21.549375418480082,
        "vintage": "Spring 2022"
    },
    {
        "animeEng": "Pok\u00e9mon the Series: XYZ",
        "animeRomaji": "Pok\u00e9mon XY&Z",
        "songName": "V (Volt)",
        "artist": "Yusuke",
        "type": "Ending 7",
        "correctCount": 107,
        "startTime": 44,
        "songDuration": 223.512,
        "songNumber": 20,
        "activePlayerCount": 148,
        "LinkVideo": "https://files.catbox.moe/gi888q.webm",
        "LinkMp3": "https://files.catbox.moe/92dnt1.mp3",
        "annId": 17650,
        "songDifficulty": 42.05647807298335,
        "vintage": "Fall 2015"
    },
    {
        "animeEng": "Saint Seiya",
        "animeRomaji": "Saint Seiya",
        "songName": "Nebula Chain",
        "artist": "MAKE UP PROJECT",
        "type": "Insert Song",
        "correctCount": 15,
        "startTime": 75,
        "songDuration": 207.84,
        "songNumber": 21,
        "activePlayerCount": 150,
        "LinkVideo": "https://files.catbox.moe/x0j6jw.webm",
        "LinkMp3": "https://files.catbox.moe/d8bzgi.mp3",
        "annId": 429,
        "songDifficulty": 19.831195414847162,
        "vintage": "Fall 1986"
    },
    {
        "animeEng": "Fate/stay night: Heaven's Feel III. spring song",
        "animeRomaji": "Fate/stay night: Heaven's Feel III. spring song",
        "songName": "Haru wa Yuku",
        "artist": "Aimer",
        "type": "Ending 1",
        "correctCount": 71,
        "startTime": 77,
        "songDuration": 296.064,
        "songNumber": 22,
        "activePlayerCount": 150,
        "LinkVideo": "https://files.catbox.moe/e51r9z.webm",
        "LinkMp3": "https://files.catbox.moe/05ibjn.mp3",
        "annId": 22382,
        "songDifficulty": 29.57261047303874,
        "vintage": "Summer 2020"
    },
    {
        "animeEng": "Love Live! Sunshine!!",
        "animeRomaji": "Love Live! School Idol Project Sunshine!!",
        "songName": "HAPPY PARTY TRAIN",
        "artist": "Aqours",
        "type": "Insert Song",
        "correctCount": 88,
        "startTime": 225,
        "songDuration": 273.096,
        "songNumber": 23,
        "activePlayerCount": 151,
        "LinkVideo": "https://files.catbox.moe/q67xmb.webm",
        "LinkMp3": "https://files.catbox.moe/ioi562.mp3",
        "annId": 22079,
        "songDifficulty": 38.6517333109319,
        "vintage": null
    },
    {
        "animeEng": "Night Raid 1931",
        "animeRomaji": "Senkou no Night Raid",
        "songName": "Mirai e...",
        "artist": "HIMEKA",
        "type": "Ending 1",
        "correctCount": 4,
        "startTime": 33,
        "songDuration": 89.736,
        "songNumber": 24,
        "activePlayerCount": 151,
        "LinkVideo": "https://files.catbox.moe/j2piut.webm",
        "LinkMp3": "https://files.catbox.moe/po1lv7.mp3",
        "annId": 11228,
        "songDifficulty": 7.678076742487479,
        "vintage": "Spring 2010",
        "correctPlayers": [
            "revel_",
            "Jlin2",
            "Leficios",
            "ArronChu"
        ]
    },
    {
        "animeEng": "Huckleberry Finn",
        "animeRomaji": "Huckleberry Finn Monogatari",
        "songName": "Paradice in your eyes",
        "artist": "Wotako",
        "type": "Ending 1",
        "correctCount": 1,
        "startTime": 27,
        "songDuration": 67.056,
        "songNumber": 25,
        "activePlayerCount": 151,
        "LinkVideo": "https://files.catbox.moe/qrl8k5.webm",
        "LinkMp3": "https://files.catbox.moe/naipuh.mp3",
        "annId": 2190,
        "songDifficulty": 7.715015146683673,
        "vintage": "Summer 1994",
        "correctPlayers": [
            "Hyonoka"
        ]
    },
    {
        "animeEng": "Transformers: Cybertron",
        "animeRomaji": "Transformers: Galaxy Force",
        "songName": "CALL YOU... Kimi to Boku no Mirai",
        "artist": "Shinji Kakijima",
        "type": "Opening 1",
        "correctCount": 5,
        "startTime": 25,
        "songDuration": 88.68,
        "songNumber": 26,
        "activePlayerCount": 151,
        "LinkVideo": "https://files.catbox.moe/i5d6hg.webm",
        "LinkMp3": "https://files.catbox.moe/q60wbx.mp3",
        "annId": 4833,
        "songDifficulty": 12.237647305015756,
        "vintage": "Winter 2005",
        "correctPlayers": [
            "Hejsan",
            "Kashikoi",
            "IzumiSakai",
            "Rukawa11",
            "peepiss"
        ]
    },
    {
        "animeEng": "Aria the Origination",
        "animeRomaji": "Aria the Origination",
        "songName": "Undine",
        "artist": "Yui Makino",
        "type": "Ending 3",
        "correctCount": 53,
        "startTime": 109,
        "songDuration": 216.055062,
        "songNumber": 27,
        "activePlayerCount": 152,
        "LinkVideo": "https://files.catbox.moe/k6xhfi.webm",
        "LinkMp3": "https://files.catbox.moe/94whmu.mp3",
        "annId": 8657,
        "songDifficulty": 34.23307555780933,
        "vintage": "Winter 2008"
    },
    {
        "animeEng": "Kamisama Kiss",
        "animeRomaji": "Kamisama Kiss",
        "songName": "Kamisama Onegai Datenshi\u2606Mix",
        "artist": "Daisuke Kishio featuring Hanae",
        "type": "Ending 2",
        "correctCount": 58,
        "startTime": 20,
        "songDuration": 91.296,
        "songNumber": 28,
        "activePlayerCount": 153,
        "LinkVideo": "https://files.catbox.moe/ojjijh.webm",
        "LinkMp3": "https://files.catbox.moe/dzoqo4.mp3",
        "annId": 14441,
        "songDifficulty": 26.850683274263904,
        "vintage": "Fall 2012"
    },
    {
        "animeEng": "And They're Off! Powerpuff Girls Z",
        "animeRomaji": "Demashitaa! Powerpuff Girls Z",
        "songName": "Flow",
        "artist": "Nami Miyahara",
        "type": "Insert Song",
        "correctCount": 4,
        "startTime": 3,
        "songDuration": 92.592,
        "songNumber": 29,
        "activePlayerCount": 153,
        "LinkVideo": "https://files.catbox.moe/f5qt9x.webm",
        "LinkMp3": "https://files.catbox.moe/1kkky4.mp3",
        "annId": 5371,
        "songDifficulty": 8.080447070710285,
        "vintage": "Summer 2006",
        "correctPlayers": [
            "Mika_tw",
            "Kakkeru",
            "HDNC",
            "kaghey"
        ]
    },
    {
        "animeEng": "Stitch!",
        "animeRomaji": "Stitch!",
        "songName": "Ichariba Ohana",
        "artist": "BEGIN",
        "type": "Opening 1",
        "correctCount": 17,
        "startTime": 16,
        "songDuration": 60.048,
        "songNumber": 30,
        "activePlayerCount": 153,
        "LinkVideo": "https://files.catbox.moe/ga1ath.webm",
        "LinkMp3": "https://files.catbox.moe/3j4dyj.mp3",
        "annId": 10252,
        "songDifficulty": 14.737267038749016,
        "vintage": "Fall 2008"
    },
    {
        "animeEng": "Gleipnir",
        "animeRomaji": "Gleipnir",
        "songName": "Altern-ate-",
        "artist": "H-el-ical//",
        "type": "Opening 1",
        "correctCount": 49,
        "startTime": 0,
        "songDuration": 89.064,
        "songNumber": 31,
        "activePlayerCount": 153,
        "LinkVideo": "https://files.catbox.moe/cy3lm1.webm",
        "LinkMp3": "https://files.catbox.moe/isz0wi.mp3",
        "annId": 21888,
        "songDifficulty": 24.09348607665958,
        "vintage": "Spring 2020"
    },
    {
        "animeEng": "Love and Lies",
        "animeRomaji": "Koi to Uso",
        "songName": "Kanashii Ureshii",
        "artist": "Frederic",
        "type": "Opening 1",
        "correctCount": 120,
        "startTime": 56,
        "songDuration": 89.064,
        "songNumber": 32,
        "activePlayerCount": 153,
        "LinkVideo": "https://files.catbox.moe/i98t5p.webm",
        "LinkMp3": "https://files.catbox.moe/dhf7sq.mp3",
        "annId": 19145,
        "songDifficulty": 44.78352422355056,
        "vintage": "Summer 2017"
    },
    {
        "animeEng": "SSSS.DYNAZENON",
        "animeRomaji": "SSSS.DYNAZENON",
        "songName": "all this metal",
        "artist": "Shiro SAGISU featuring Hazel Fernandes",
        "type": "Insert Song",
        "correctCount": 26,
        "startTime": 0,
        "songDuration": 82.464,
        "songNumber": 33,
        "activePlayerCount": 157,
        "LinkVideo": "https://files.catbox.moe/8p3fhq.webm",
        "LinkMp3": "https://files.catbox.moe/mpmjof.mp3",
        "annId": 23822,
        "songDifficulty": 15.09372498284538,
        "vintage": "Spring 2021"
    },
    {
        "animeEng": "Urusei Yatsura OVA",
        "animeRomaji": "Urusei Yatsura OVA",
        "songName": "Monotone no Natsu",
        "artist": "Kayoko Matsunaga",
        "type": "Opening 1",
        "correctCount": 2,
        "startTime": 32,
        "songDuration": 121.056,
        "songNumber": 34,
        "activePlayerCount": 157,
        "LinkVideo": "https://files.catbox.moe/1px394.webm",
        "LinkMp3": "https://files.catbox.moe/lrlei3.mp3",
        "annId": 653,
        "songDifficulty": 10.363602650316455,
        "vintage": "Summer 1985",
        "correctPlayers": [
            "Rukawa11",
            "Zylda"
        ]
    },
    {
        "animeEng": "Sakura Trick",
        "animeRomaji": "Sakura Trick",
        "songName": "Won\uff08*3*\uff09Chu KissMe!",
        "artist": "SAKURA*TRICK",
        "type": "Opening 1",
        "correctCount": 75,
        "startTime": 60,
        "songDuration": 88.872,
        "songNumber": 35,
        "activePlayerCount": 157,
        "LinkVideo": "https://files.catbox.moe/8h5py0.webm",
        "LinkMp3": "https://files.catbox.moe/pixefw.mp3",
        "annId": 15564,
        "songDifficulty": 27.731937208664657,
        "vintage": "Winter 2014"
    },
    {
        "animeEng": "Ms. Vampire who lives in my neighborhood.",
        "animeRomaji": "Tonari no Kyuuketsuki-san",
        "songName": "\u2020Kyuutie Ladies\u2020",
        "artist": "Miyu Tomita, Yuu Sasahara, Lynn, Azumi Waki",
        "type": "Opening 1",
        "correctCount": 66,
        "startTime": 40,
        "songDuration": 87.96,
        "songNumber": 36,
        "activePlayerCount": 157,
        "LinkVideo": "https://files.catbox.moe/crrpnb.webm",
        "LinkMp3": "https://files.catbox.moe/rapwom.mp3",
        "annId": 21135,
        "songDifficulty": 25.412236769300872,
        "vintage": "Fall 2018"
    },
    {
        "animeEng": "Kamiari Algorithm",
        "animeRomaji": "Kamiari Algorithm",
        "songName": "Kamiari Algorithm",
        "artist": "Masayoshi Ooishi (feat.Riria.)",
        "type": "Insert Song",
        "correctCount": 25,
        "startTime": 22,
        "songDuration": 214.944,
        "songNumber": 37,
        "activePlayerCount": 157,
        "LinkVideo": "https://files.catbox.moe/bfibwl.webm",
        "LinkMp3": "https://files.catbox.moe/vr0k18.mp3",
        "annId": 24579,
        "songDifficulty": 15.142025580412055,
        "vintage": "Winter 2021"
    },
    {
        "animeEng": "Aikatsu!",
        "animeRomaji": "Aikatsu!",
        "songName": "Move on now!",
        "artist": "Nanase from AIKATSU\u2606STARS!",
        "type": "Insert Song",
        "correctCount": 69,
        "startTime": 39,
        "songDuration": 107.688,
        "songNumber": 38,
        "activePlayerCount": 157,
        "LinkVideo": "https://files.catbox.moe/36b5aq.webm",
        "LinkMp3": "https://files.catbox.moe/q0biuk.mp3",
        "annId": 16824,
        "songDifficulty": 39.65137736002604,
        "vintage": "Fall 2015"
    },
    {
        "animeEng": "To Heart 2 adplus",
        "animeRomaji": "To Heart 2 adplus",
        "songName": "Niji no Kakehashi",
        "artist": "Rena Uehara",
        "type": "Opening 1",
        "correctCount": 25,
        "startTime": 41,
        "songDuration": 94.56,
        "songNumber": 39,
        "activePlayerCount": 157,
        "LinkVideo": "https://files.catbox.moe/9eqj00.webm",
        "LinkMp3": "https://files.catbox.moe/l8w2gx.mp3",
        "annId": 10129,
        "songDifficulty": 12.870098311927773,
        "vintage": "Spring 2009"
    },
    {
        "animeEng": "Sazae-san",
        "animeRomaji": "Sazae-san",
        "songName": "Sazae-san Ikka",
        "artist": "Yuuko Uno",
        "type": "Ending 1",
        "correctCount": 75,
        "startTime": 70,
        "songDuration": 101.88,
        "songNumber": 40,
        "activePlayerCount": 158,
        "LinkVideo": "https://files.catbox.moe/dm2oou.webm",
        "LinkMp3": "https://files.catbox.moe/lwstg9.mp3",
        "annId": 870,
        "songDifficulty": 18.497022224195074,
        "vintage": null
    },
    {
        "animeEng": "Pichi Pichi Pitch",
        "animeRomaji": "Mermaid Melody: Pichi Pichi Pitch",
        "songName": "Legend of Mermaid",
        "artist": "Asumi Nakata",
        "type": "Insert Song",
        "correctCount": 37,
        "startTime": 21,
        "songDuration": 106.872,
        "songNumber": 41,
        "activePlayerCount": 157,
        "LinkVideo": "https://files.catbox.moe/rgws7l.webm",
        "LinkMp3": "https://files.catbox.moe/r8p6ye.mp3",
        "annId": 2289,
        "songDifficulty": 35.29437901246224,
        "vintage": "Spring 2003"
    },
    {
        "animeEng": "Touken Ranbu: Hanamaru",
        "animeRomaji": "Touken Ranbu: Hanamaru",
        "songName": "Akatsuki no Hoshi",
        "artist": "Daiki Yamashita & Eiji Miyashita",
        "type": "Ending 9",
        "correctCount": 8,
        "startTime": 24,
        "songDuration": 88.296,
        "songNumber": 42,
        "activePlayerCount": 157,
        "LinkVideo": "https://files.catbox.moe/skajud.webm",
        "LinkMp3": "https://files.catbox.moe/68vdag.mp3",
        "annId": 18182,
        "songDifficulty": 15.196080824908089,
        "vintage": "Fall 2016"
    },
    {
        "animeEng": "BanG Dream! Film Live",
        "animeRomaji": "BanG Dream! Film Live",
        "songName": "Dreamers Go!",
        "artist": "Poppin'Party",
        "type": "Insert Song",
        "correctCount": 80,
        "startTime": 42,
        "songDuration": 102.528,
        "songNumber": 43,
        "activePlayerCount": 158,
        "LinkVideo": "https://files.catbox.moe/qrzef5.webm",
        "LinkMp3": "https://files.catbox.moe/9iq8b0.mp3",
        "annId": 22045,
        "songDifficulty": 43.30813353089081,
        "vintage": "Summer 2019"
    },
    {
        "animeEng": "Aikatsu!",
        "animeRomaji": "Aikatsu!",
        "songName": "Growing for a dream",
        "artist": "Waka\u30fbFuuri\u30fbSunao\u30fbRemi\u30fbMoe\u30fbEri from STAR\u2606ANIS",
        "type": "Insert Song",
        "correctCount": 35,
        "startTime": 19,
        "songDuration": 66.528,
        "songNumber": 44,
        "activePlayerCount": 156,
        "LinkVideo": "https://files.catbox.moe/ag7aog.webm",
        "LinkMp3": "https://files.catbox.moe/d5k8ut.mp3",
        "annId": 14566,
        "songDifficulty": 36.981480577256946,
        "vintage": "Fall 2012"
    },
    {
        "animeEng": "Mazinger Z tai Ankoku Daishougun",
        "animeRomaji": "Mazinger Z tai Ankoku Daishougun",
        "songName": "Soratobu Mazinger Z",
        "artist": "Ichiro Mizuki & Columbia Yurikago-kai",
        "type": "Opening 1",
        "correctCount": 132,
        "startTime": 64,
        "songDuration": 92.064,
        "songNumber": 45,
        "activePlayerCount": 157,
        "LinkVideo": "https://files.catbox.moe/l4gtyk.webm",
        "LinkMp3": "https://files.catbox.moe/s5eva0.mp3",
        "annId": 3593,
        "songDifficulty": 27.267955360085697,
        "vintage": "Summer 1974"
    },
    {
        "animeEng": "Yuri!!! on Ice",
        "animeRomaji": "Yuri!!! on Ice",
        "songName": "History Maker",
        "artist": "DEAN FUJIOKA",
        "type": "Opening 1",
        "correctCount": 139,
        "startTime": 28,
        "songDuration": 89.064,
        "songNumber": 46,
        "activePlayerCount": 156,
        "LinkVideo": "https://files.catbox.moe/z2zxcv.webm",
        "LinkMp3": "https://files.catbox.moe/o6i75g.mp3",
        "annId": 18191,
        "songDifficulty": 68.45382072364409,
        "vintage": "Fall 2016"
    },
    {
        "animeEng": "Genji Tsuushin Agedama",
        "animeRomaji": "Genji Tsuushin Agedama",
        "songName": "Chinsei Mada Mada Agedaman",
        "artist": "Kaori Honma",
        "type": "Opening 1",
        "correctCount": 3,
        "startTime": 16,
        "songDuration": 88.416,
        "songNumber": 47,
        "activePlayerCount": 156,
        "LinkVideo": "https://files.catbox.moe/rgdec9.webm",
        "LinkMp3": "https://files.catbox.moe/wy6bad.mp3",
        "annId": 1047,
        "songDifficulty": 9.091575270432692,
        "vintage": "Fall 1991",
        "correctPlayers": [
            "Aki_s",
            "Nippah",
            "hk9ian"
        ]
    },
    {
        "animeEng": "Rilu Rilu Fairilu: Mahou no Kagami",
        "animeRomaji": "Rilu Rilu Fairilu: Mahou no Kagami",
        "songName": "Sakura Saku Aoi Haru",
        "artist": "SILENT SIREN",
        "type": "Opening 2",
        "correctCount": 8,
        "startTime": 6,
        "songDuration": 88.579702,
        "songNumber": 48,
        "activePlayerCount": 156,
        "LinkVideo": "https://files.catbox.moe/sveupf.webm",
        "LinkMp3": "https://files.catbox.moe/ga8bkx.mp3",
        "annId": 19316,
        "songDifficulty": 12.325615506723107,
        "vintage": "Spring 2017"
    },
    {
        "animeEng": "I've Been Killing Slimes For 300 Years And Maxed Out My Level",
        "animeRomaji": "Slime Taoshite 300-nen, Shiranai Uchi ni Level Max ni Nattemashita",
        "songName": "Gudafuwa Everyday",
        "artist": "Aoi Yuuki",
        "type": "Opening 1",
        "correctCount": 100,
        "startTime": 36,
        "songDuration": 88.56,
        "songNumber": 49,
        "activePlayerCount": 156,
        "LinkVideo": "https://files.catbox.moe/f7cnjy.webm",
        "LinkMp3": "https://files.catbox.moe/08kt8e.mp3",
        "annId": 22583,
        "songDifficulty": 33.54405557509673,
        "vintage": "Spring 2021"
    },
    {
        "animeEng": "Koi-ken! Watashi-tachi Anime ni Natchatta!",
        "animeRomaji": "Koi-ken! Watashi-tachi Anime ni Natchatta!",
        "songName": "Domisofasolabu\u266a",
        "artist": "Kaori Nazuka",
        "type": "Insert Song",
        "correctCount": 6,
        "startTime": 16,
        "songDuration": 58.3053,
        "songNumber": 50,
        "activePlayerCount": 156,
        "LinkVideo": "https://files.catbox.moe/5x4onn.webm",
        "LinkMp3": "https://files.catbox.moe/2w74x6.mp3",
        "annId": 13832,
        "songDifficulty": 9.013094699894344,
        "vintage": "Winter 2012"
    },
    {
        "animeEng": "Nyaruko: Crawling with Love!",
        "animeRomaji": "Haiyore! Nyaruko-san",
        "songName": "Taiyou Iwaku Moeyo Chaos",
        "artist": "Ushiro kara Haiyori-tai G",
        "type": "Opening 1",
        "correctCount": 120,
        "startTime": 37,
        "songDuration": 89.88,
        "songNumber": 51,
        "activePlayerCount": 156,
        "LinkVideo": "https://files.catbox.moe/ps5txz.webm",
        "LinkMp3": "https://files.catbox.moe/8xbtfh.mp3",
        "annId": 13719,
        "songDifficulty": 39.06360727488317,
        "vintage": "Spring 2012"
    },
    {
        "animeEng": "Sparrow's Hotel",
        "animeRomaji": "Sparrow's Hotel",
        "songName": "Welcome to Sparrow's Hotel",
        "artist": "Minori Chihara & Haruka Nagashima",
        "type": "Opening 1",
        "correctCount": 52,
        "startTime": 0,
        "songDuration": 28.577468,
        "songNumber": 52,
        "activePlayerCount": 156,
        "LinkVideo": "https://files.catbox.moe/0uj0ba.webm",
        "LinkMp3": "https://files.catbox.moe/dfm5cm.mp3",
        "annId": 15153,
        "songDifficulty": 19.251058172688737,
        "vintage": "Spring 2013"
    },
    {
        "animeEng": "Lord El-Melloi II's Case Files {Rail Zeppelin} Grace Note Special",
        "animeRomaji": "Lord El-Melloi II-sei no Jikenbo: Rail Zeppelin Grace Note - Tokubetsu-hen",
        "songName": "Kimi ga Mita Yume no Monogatari",
        "artist": "ASCA",
        "type": "Ending 1",
        "correctCount": 40,
        "startTime": 10,
        "songDuration": 145.392,
        "songNumber": 53,
        "activePlayerCount": 156,
        "LinkVideo": "https://files.catbox.moe/1d628o.webm",
        "LinkMp3": "https://files.catbox.moe/55271k.mp3",
        "annId": 24975,
        "songDifficulty": 23.333739245951417,
        "vintage": "Fall 2021"
    },
    {
        "animeEng": "Sailor Moon SuperS the Movie: Black Dream Hole",
        "animeRomaji": "Bishoujo Senshi Sailor Moon SuperS: Sailor 9 Senshi Shuuketsu! Black-Dream-Hole no Kiseki",
        "songName": "Sanji no Yousei",
        "artist": "Mori no Ki Jidou Gasshou-dan to Sono Otomodachi",
        "type": "Insert Song",
        "correctCount": 4,
        "startTime": 40,
        "songDuration": 116.088,
        "songNumber": 54,
        "activePlayerCount": 155,
        "LinkVideo": "https://files.catbox.moe/4vddkb.webm",
        "LinkMp3": "https://files.catbox.moe/xhf169.mp3",
        "annId": 813,
        "songDifficulty": 11.186979267291346,
        "vintage": "Fall 1995",
        "correctPlayers": [
            "VineRosy",
            "revel_",
            "MKNono",
            "HDNC"
        ]
    },
    {
        "animeEng": "Fairy gone",
        "animeRomaji": "Fairy gone",
        "songName": "KNOCK on the CORE",
        "artist": "(K)NoW_NAME:Ayaka Tachibana & AIJ",
        "type": "Opening 1",
        "correctCount": 62,
        "startTime": 18,
        "songDuration": 90.144,
        "songNumber": 55,
        "activePlayerCount": 155,
        "LinkVideo": "https://files.catbox.moe/dacv4e.webm",
        "LinkMp3": "https://files.catbox.moe/skrdk0.mp3",
        "annId": 21766,
        "songDifficulty": 23.437480791183702,
        "vintage": "Spring 2019"
    },
    {
        "animeEng": "Tokyo Ghoul",
        "animeRomaji": "Tokyo Ghoul",
        "songName": "unravel",
        "artist": "TK from Ling Tosite Sigure",
        "type": "Opening 1",
        "correctCount": 145,
        "startTime": 54,
        "songDuration": 86.907894,
        "songNumber": 56,
        "activePlayerCount": 155,
        "LinkVideo": "https://files.catbox.moe/zzkjlg.webm",
        "LinkMp3": "https://files.catbox.moe/lkhvvb.mp3",
        "annId": 16087,
        "songDifficulty": 85.07636235955056,
        "vintage": "Summer 2014"
    },
    {
        "animeEng": "Aikatsu!",
        "animeRomaji": "Aikatsu!",
        "songName": "Chica\u00d7Chica",
        "artist": "Miho\u30fbNanase\u30fbKana from AIKATSU\u2606STARS!",
        "type": "Insert Song",
        "correctCount": 52,
        "startTime": 75,
        "songDuration": 112.56,
        "songNumber": 57,
        "activePlayerCount": 155,
        "LinkVideo": "https://files.catbox.moe/hij7wu.webm",
        "LinkMp3": "https://files.catbox.moe/r2q4gz.mp3",
        "annId": 16165,
        "songDifficulty": 42.602322945362715,
        "vintage": "Fall 2014"
    },
    {
        "animeEng": "Hunter x Hunter",
        "animeRomaji": "Hunter x Hunter",
        "songName": "Hotaru",
        "artist": "Masato Nagai",
        "type": "Ending 3",
        "correctCount": 13,
        "startTime": 17,
        "songDuration": 79.632,
        "songNumber": 58,
        "activePlayerCount": 155,
        "LinkVideo": "https://files.catbox.moe/2l0h9j.webm",
        "LinkMp3": "https://files.catbox.moe/zboj4q.mp3",
        "annId": 1134,
        "songDifficulty": 9.79985488660907,
        "vintage": "Fall 1999"
    },
    {
        "animeEng": "Ketsuekigata-kun! 4",
        "animeRomaji": "Ketsuekigata-kun! 4",
        "songName": "Sayonara Full Moon",
        "artist": "Kyouko Narumi",
        "type": "Opening 1",
        "correctCount": 16,
        "startTime": 0,
        "songDuration": 28.56,
        "songNumber": 59,
        "activePlayerCount": 155,
        "LinkVideo": "https://files.catbox.moe/atvvx7.webm",
        "LinkMp3": "https://files.catbox.moe/lv1dxk.mp3",
        "annId": 17920,
        "songDifficulty": 16.34906628383191,
        "vintage": "Winter 2016"
    },
    {
        "animeEng": "Space Emperor God Sigma",
        "animeRomaji": "Uchuu Taitei God Sigma",
        "songName": "Ganbare! Uchuu no Senshi",
        "artist": "Isao Sasaki, Koorogi '73, Columbia Yurikago-kai",
        "type": "Opening 1",
        "correctCount": 6,
        "startTime": 7,
        "songDuration": 79.392,
        "songNumber": 60,
        "activePlayerCount": 155,
        "LinkVideo": "https://files.catbox.moe/8g33je.webm",
        "LinkMp3": "https://files.catbox.moe/4sce8q.mp3",
        "annId": 2233,
        "songDifficulty": 7.958543661532056,
        "vintage": "Winter 1980"
    },
    {
        "animeEng": "Battle B-Daman: Fire Spirits",
        "animeRomaji": "B-Legend! Battle B-Daman: Fire Spirits!",
        "songName": "Teen's Hi",
        "artist": "Rockahula Goose",
        "type": "Ending 1",
        "correctCount": 1,
        "startTime": 3,
        "songDuration": 79.776588,
        "songNumber": 61,
        "activePlayerCount": 156,
        "LinkVideo": "https://files.catbox.moe/j53ut4.webm",
        "LinkMp3": "https://files.catbox.moe/ng0g2h.mp3",
        "annId": 4878,
        "songDifficulty": 5.102764280371391,
        "vintage": "Winter 2005",
        "correctPlayers": [
            "Jiinoo"
        ]
    },
    {
        "animeEng": "My Bride is a Mermaid",
        "animeRomaji": "Seto no Hanayome",
        "songName": "your gravitation",
        "artist": "LUNAR",
        "type": "Insert Song",
        "correctCount": 7,
        "startTime": 0,
        "songDuration": 20.5952,
        "songNumber": 62,
        "activePlayerCount": 156,
        "LinkVideo": "https://files.catbox.moe/1jva9l.webm",
        "LinkMp3": "https://files.catbox.moe/shdoak.mp3",
        "annId": 7460,
        "songDifficulty": 16.31340438179348,
        "vintage": "Spring 2007"
    },
    {
        "animeEng": "Spooky Kitaro",
        "animeRomaji": "Gegege no Kitarou",
        "songName": "Kitaro Nainai Ontou",
        "artist": "Kazuo Kumakura",
        "type": "Ending 2",
        "correctCount": 56,
        "startTime": 3,
        "songDuration": 58.92,
        "songNumber": 63,
        "activePlayerCount": 157,
        "LinkVideo": "https://files.catbox.moe/pn3bfk.webm",
        "LinkMp3": "https://files.catbox.moe/s0gc6u.mp3",
        "annId": 1328,
        "songDifficulty": 50.34604445840313,
        "vintage": "Winter 1968"
    },
    {
        "animeEng": "Lucky Star",
        "animeRomaji": "Lucky Star OVA",
        "songName": "Ai o Torimodose!!",
        "artist": "Uchoten",
        "type": "Ending 1",
        "correctCount": 58,
        "startTime": 18,
        "songDuration": 104.64,
        "songNumber": 64,
        "activePlayerCount": 159,
        "LinkVideo": "https://files.catbox.moe/xg07ds.webm",
        "LinkMp3": "https://files.catbox.moe/8temda.mp3",
        "annId": 9842,
        "songDifficulty": 47.258188182036214,
        "vintage": "Summer 2008"
    },
    {
        "animeEng": "Daigunder",
        "animeRomaji": "Bakuto Sengen Daigunder",
        "songName": "Bakuto Sengen Daigunder",
        "artist": "Masaaki Endoh",
        "type": "Opening 1",
        "correctCount": 9,
        "startTime": 29,
        "songDuration": 92.184,
        "songNumber": 65,
        "activePlayerCount": 159,
        "LinkVideo": "https://files.catbox.moe/u4y5x0.webm",
        "LinkMp3": "https://files.catbox.moe/elwu5l.mp3",
        "annId": 1205,
        "songDifficulty": 20.168381475800956,
        "vintage": "Spring 2002"
    },
    {
        "animeEng": "Mazinger Z tai Devilman",
        "animeRomaji": "Mazinger Z tai Devilman",
        "songName": "Z no Theme",
        "artist": "Ichiro Mizuki",
        "type": "Insert Song",
        "correctCount": 139,
        "startTime": 45,
        "songDuration": 96.048,
        "songNumber": 66,
        "activePlayerCount": 158,
        "LinkVideo": "https://files.catbox.moe/nm91nm.webm",
        "LinkMp3": "https://files.catbox.moe/iwucqw.mp3",
        "annId": 3556,
        "songDifficulty": 52.97320934734513,
        "vintage": "Summer 1973"
    },
    {
        "animeEng": "PriPara",
        "animeRomaji": "PriPara",
        "songName": "Love-Week-Old",
        "artist": "Chinatsu Akasaki",
        "type": "Insert Song",
        "correctCount": 39,
        "startTime": 24,
        "songDuration": 155.04,
        "songNumber": 67,
        "activePlayerCount": 158,
        "LinkVideo": "https://files.catbox.moe/hytp4o.webm",
        "LinkMp3": "https://files.catbox.moe/ep6izj.mp3",
        "annId": 16674,
        "songDifficulty": 26.875347258451587,
        "vintage": "Spring 2015"
    },
    {
        "animeEng": "Biohazard: Degeneration",
        "animeRomaji": "Resident Evil: Degeneration",
        "songName": "GUILTY",
        "artist": "Anna Tsuchiya",
        "type": "Ending 1",
        "correctCount": 12,
        "startTime": 87,
        "songDuration": 168.528,
        "songNumber": 68,
        "activePlayerCount": 157,
        "LinkVideo": "https://files.catbox.moe/na4cox.webm",
        "LinkMp3": "https://files.catbox.moe/ow1uwy.mp3",
        "annId": 9198,
        "songDifficulty": 13.254540055313917,
        "vintage": "Fall 2008"
    },
    {
        "animeEng": "Puella Magi Madoka Magica The Movie Part 3: Rebellion",
        "animeRomaji": "Gekijouban Mahou Shoujo Madoka\u2605Magica Shinpen: Hangyaku no Monogatari",
        "songName": "Noi!",
        "artist": "Suginami Jidou Gasshou-dan",
        "type": "Insert Song",
        "correctCount": 76,
        "startTime": 10,
        "songDuration": 50.04,
        "songNumber": 69,
        "activePlayerCount": 157,
        "LinkVideo": "https://files.catbox.moe/i5f9sa.webm",
        "LinkMp3": "https://files.catbox.moe/6o69e1.mp3",
        "annId": 14850,
        "songDifficulty": 30.582073614219315,
        "vintage": "Fall 2013"
    },
    {
        "animeEng": "Shakugan no Shana S",
        "animeRomaji": "Shakugan no Shana S",
        "songName": "portamento",
        "artist": "Mami Kawada",
        "type": "Insert Song",
        "correctCount": 26,
        "startTime": 123,
        "songDuration": 159.192,
        "songNumber": 70,
        "activePlayerCount": 157,
        "LinkVideo": "https://files.catbox.moe/tfhjdp.webm",
        "LinkMp3": "https://files.catbox.moe/2lupxs.mp3",
        "annId": 10956,
        "songDifficulty": 19.869251364149523,
        "vintage": "Fall 2009"
    },
    {
        "animeEng": "Shounen Ashibe GO! GO! Goma-chan",
        "animeRomaji": "Shounen Ashibe GO! GO! Goma-chan",
        "songName": "Gomamuu",
        "artist": "Charisma.com & RYO-Z Oni-san of RIP SLYME",
        "type": "Ending 1",
        "correctCount": 25,
        "startTime": 0,
        "songDuration": 27.610954,
        "songNumber": 71,
        "activePlayerCount": 157,
        "LinkVideo": "https://files.catbox.moe/s42e9t.webm",
        "LinkMp3": "https://files.catbox.moe/rr35p7.mp3",
        "annId": 18046,
        "songDifficulty": 16.570874591206394,
        "vintage": "Spring 2016"
    },
    {
        "animeEng": "Kannagi",
        "animeRomaji": "Kannagi",
        "songName": "Delicate ni Love\u30fbMe\u30fbPlease",
        "artist": "Kana Hanazawa",
        "type": "Insert Song",
        "correctCount": 3,
        "startTime": 11,
        "songDuration": 68.136,
        "songNumber": 72,
        "activePlayerCount": 158,
        "LinkVideo": "https://files.catbox.moe/fi2a83.webm",
        "LinkMp3": "https://files.catbox.moe/9ulmxr.mp3",
        "annId": 9295,
        "songDifficulty": 14.026488926998645,
        "vintage": "Fall 2008",
        "correctPlayers": [
            "ArukasFrost",
            "SakuraFujima",
            "ShiinaMahiru"
        ]
    },
    {
        "animeEng": "Aoharu x Machinegun",
        "animeRomaji": "Aoharu x Kikanjuu",
        "songName": "Trouble Shooting",
        "artist": "Mikako Komatsu",
        "type": "Insert Song",
        "correctCount": 14,
        "startTime": 17,
        "songDuration": 85.416,
        "songNumber": 73,
        "activePlayerCount": 158,
        "LinkVideo": "https://files.catbox.moe/wekcdg.webm",
        "LinkMp3": "https://files.catbox.moe/zqysl9.mp3",
        "annId": 16816,
        "songDifficulty": 17.340606932814993,
        "vintage": "Summer 2015"
    },
    {
        "animeEng": "Cosmic Fantasy",
        "animeRomaji": "Cosmic Fantasy",
        "songName": "Cosmic Fantasy",
        "artist": "Minami Takayama",
        "type": "Ending 1",
        "correctCount": 10,
        "startTime": 109,
        "songDuration": 177.792,
        "songNumber": 74,
        "activePlayerCount": 158,
        "LinkVideo": "https://files.catbox.moe/ec0wpj.webm",
        "LinkMp3": "https://files.catbox.moe/zxrp0o.mp3",
        "annId": 3325,
        "songDifficulty": 16.74869734154152,
        "vintage": "Summer 1994"
    },
    {
        "animeEng": "Fuusen Inu Tinny",
        "animeRomaji": "Fuusen Inu Tinny",
        "songName": "Tinny no Uta",
        "artist": "Sumire Morohoshi",
        "type": "Opening 1",
        "correctCount": 113,
        "startTime": 0,
        "songDuration": 24.192,
        "songNumber": 75,
        "activePlayerCount": 158,
        "LinkVideo": "https://files.catbox.moe/orntju.webm",
        "LinkMp3": "https://files.catbox.moe/4d259s.mp3",
        "annId": 23054,
        "songDifficulty": 39.9844946744854,
        "vintage": "Summer 2014"
    },
    {
        "animeEng": "Nadia: The Secret of Blue Water",
        "animeRomaji": "Fushigi no Umi no Nadia",
        "songName": "Yes! I will...",
        "artist": "Miho Morikawa",
        "type": "Ending 1",
        "correctCount": 14,
        "startTime": 38,
        "songDuration": 68.448,
        "songNumber": 76,
        "activePlayerCount": 157,
        "LinkVideo": "https://files.catbox.moe/anl83k.webm",
        "LinkMp3": "https://files.catbox.moe/xlo0ck.mp3",
        "annId": 48,
        "songDifficulty": 15.819169974284437,
        "vintage": "Spring 1990"
    },
    {
        "animeEng": "Teekyuu",
        "animeRomaji": "Teekyuu",
        "songName": "Tottemo Safari",
        "artist": "Earth Star Dream",
        "type": "Opening 1",
        "correctCount": 115,
        "startTime": 1,
        "songDuration": 30.048,
        "songNumber": 77,
        "activePlayerCount": 157,
        "LinkVideo": "https://files.catbox.moe/nqitgy.webm",
        "LinkMp3": "https://files.catbox.moe/b95ezr.mp3",
        "annId": 17543,
        "songDifficulty": 43.97990772280545,
        "vintage": "Fall 2015"
    },
    {
        "animeEng": "Legend of the Galactic Heroes",
        "animeRomaji": "Ginga Eiyuu Densetsu",
        "songName": "Tabidachi no Jokyoku",
        "artist": "Kei Ogura",
        "type": "Ending 2",
        "correctCount": 27,
        "startTime": 19,
        "songDuration": 88.056,
        "songNumber": 78,
        "activePlayerCount": 157,
        "LinkVideo": "https://files.catbox.moe/x55gvm.webm",
        "LinkMp3": "https://files.catbox.moe/2zgjky.mp3",
        "annId": 1786,
        "songDifficulty": 32.81644347453842,
        "vintage": "Fall 1988"
    },
    {
        "animeEng": "The Ones Within",
        "animeRomaji": "Naka no Hito Genome [Jikkyouchuu]",
        "songName": "Boku o Mitsukete",
        "artist": "fh\u00e1na",
        "type": "Ending 1",
        "correctCount": 24,
        "startTime": 15,
        "songDuration": 88.224,
        "songNumber": 79,
        "activePlayerCount": 157,
        "LinkVideo": "https://files.catbox.moe/8jisy4.webm",
        "LinkMp3": "https://files.catbox.moe/x3rpyx.mp3",
        "annId": 23076,
        "songDifficulty": 22.09264747509058,
        "vintage": "Winter 2020"
    },
    {
        "animeEng": "Alice in the Country of Hearts: Wonderful Wonder World",
        "animeRomaji": "Gekijouban Heart no Kuni no Alice: Wonderful Wonder World",
        "songName": "Meikyuu no Mangekyou",
        "artist": "QuinRose",
        "type": "Ending 1",
        "correctCount": 0,
        "startTime": 144,
        "songDuration": 300.096,
        "songNumber": 80,
        "activePlayerCount": 157,
        "LinkVideo": "https://files.catbox.moe/79g7kk.webm",
        "LinkMp3": "https://files.catbox.moe/huox9a.mp3",
        "annId": 12782,
        "songDifficulty": 6.43077984052835,
        "vintage": "Summer 2011"
    },
    {
        "animeEng": "Yuri!!! on Ice",
        "animeRomaji": "Yuri!!! on Ice",
        "songName": "Theme of King JJ",
        "artist": "Tarou Umebayashi feat. Linus Norda",
        "type": "Insert Song",
        "correctCount": 45,
        "startTime": 51,
        "songDuration": 114.768,
        "songNumber": 81,
        "activePlayerCount": 157,
        "LinkVideo": "https://files.catbox.moe/a5qlfy.webm",
        "LinkMp3": "https://files.catbox.moe/8nzodl.mp3",
        "annId": 18191,
        "songDifficulty": 30.606137284608646,
        "vintage": "Fall 2016"
    },
    {
        "animeEng": "Sgt. Frog",
        "animeRomaji": "Keroro Gunsou",
        "songName": "Kero! to March",
        "artist": "Nobuaki Kakuda & Juri Ihata",
        "type": "Opening 1",
        "correctCount": 73,
        "startTime": 17,
        "songDuration": 87.6,
        "songNumber": 82,
        "activePlayerCount": 157,
        "LinkVideo": "https://files.catbox.moe/sxdszo.webm",
        "LinkMp3": "https://files.catbox.moe/ud7tzu.mp3",
        "annId": 3711,
        "songDifficulty": 44.89381457420163,
        "vintage": "Spring 2004"
    },
    {
        "animeEng": "Kaiji: Against All Rules",
        "animeRomaji": "Gyakkyou Burai Kaiji: Hakairoku-hen",
        "songName": "Mirai wa Bokura no Te no Naka",
        "artist": "Masato Hagiwara with Red Bonchiris",
        "type": "Ending 2",
        "correctCount": 98,
        "startTime": 4,
        "songDuration": 68.016,
        "songNumber": 83,
        "activePlayerCount": 157,
        "LinkVideo": "https://files.catbox.moe/yq51bj.webm",
        "LinkMp3": "https://files.catbox.moe/j625ib.mp3",
        "annId": 12435,
        "songDifficulty": 44.61670513202303,
        "vintage": "Spring 2011"
    },
    {
        "animeEng": "Infinite Stratos 2: World Purge",
        "animeRomaji": "Infinite Stratos 2: World Purge-hen",
        "songName": "True Blue Traveler",
        "artist": "Minami Kuribayashi",
        "type": "Opening 1",
        "correctCount": 63,
        "startTime": 38,
        "songDuration": 89.064,
        "songNumber": 84,
        "activePlayerCount": 156,
        "LinkVideo": "https://files.catbox.moe/hyifl3.webm",
        "LinkMp3": "https://files.catbox.moe/c6wiv3.mp3",
        "annId": 17764,
        "songDifficulty": 25.51284799041298,
        "vintage": "Fall 2014"
    },
    {
        "animeEng": "Fate/stay night",
        "animeRomaji": "Fate/stay night",
        "songName": "disillusion",
        "artist": "Sachi Tainaka",
        "type": "Opening 1",
        "correctCount": 81,
        "startTime": 50,
        "songDuration": 90.048,
        "songNumber": 85,
        "activePlayerCount": 154,
        "LinkVideo": "https://files.catbox.moe/j7twby.webm",
        "LinkMp3": "https://files.catbox.moe/w5mz70.mp3",
        "annId": 5394,
        "songDifficulty": 36.4386419001218,
        "vintage": "Fall 2005"
    }
]