[
    {
        "animeEng": "Rascal Does Not Dream of Bunny Girl Senpai",
        "animeRomaji": "Seishun Buta Yarou wa Bunny Girl Senpai no Yume o Minai",
        "songName": "Kimi no Sei",
        "artist": "the peggies",
        "type": "Opening 1",
        "correctCount": 106,
        "startTime": 21,
        "songDuration": 88.848,
        "songNumber": 1,
        "activePlayerCount": 138,
        "LinkVideo": "https://files.catbox.moe/xsjxzk.webm",
        "LinkMp3": "https://files.catbox.moe/gyikfk.mp3",
        "annId": 20848,
        "songDifficulty": 52.13722122151864,
        "vintage": "Fall 2018"
    },
    {
        "animeEng": "Evangelion: 3.0+1.0 Thrice Upon a Time",
        "animeRomaji": "Evangelion: 3.0+1.0 Thrice Upon a Time",
        "songName": "One Last Kiss",
        "artist": "Hikaru Utada",
        "type": "Ending 1",
        "correctCount": 47,
        "startTime": 80,
        "songDuration": 251.88,
        "songNumber": 2,
        "activePlayerCount": 151,
        "LinkVideo": "https://files.catbox.moe/9mjfru.webm",
        "LinkMp3": "https://files.catbox.moe/jyv5vn.mp3",
        "annId": 8423,
        "songDifficulty": 34.03239044867128,
        "vintage": "Winter 2020"
    },
    {
        "animeEng": "Sound of the Sky",
        "animeRomaji": "So Ra No Wo To",
        "songName": "Amazing Grace",
        "artist": "Kanata Sorami",
        "type": "Insert Song",
        "correctCount": 54,
        "startTime": 7,
        "songDuration": 85.104,
        "songNumber": 3,
        "activePlayerCount": 158,
        "LinkVideo": "https://files.catbox.moe/x9uaui.webm",
        "LinkMp3": "https://files.catbox.moe/11moqi.mp3",
        "annId": 11023,
        "songDifficulty": 35.35424681047916,
        "vintage": "Winter 2010"
    },
    {
        "animeEng": "Saint Seiya: The Lost Canvas",
        "animeRomaji": "Saint Seiya: The Lost Canvas - Meiou Shinwa",
        "songName": "Hana no Kusari",
        "artist": "Maki Ikuno with Marina del ray",
        "type": "Ending 1",
        "correctCount": 19,
        "startTime": 37,
        "songDuration": 90.048,
        "songNumber": 4,
        "activePlayerCount": 164,
        "LinkVideo": "https://files.catbox.moe/2f3cam.webm",
        "LinkMp3": "https://files.catbox.moe/m4yam8.mp3",
        "annId": 10547,
        "songDifficulty": 19.155736522270505,
        "vintage": "Spring 2009"
    },
    {
        "animeEng": "To Heart",
        "animeRomaji": "To Heart",
        "songName": "Ichi-oku Ichi no Kiseki",
        "artist": "Chieko Higuchi",
        "type": "Insert Song",
        "correctCount": 7,
        "startTime": 0,
        "songDuration": 24.048,
        "songNumber": 5,
        "activePlayerCount": 164,
        "LinkVideo": "https://files.catbox.moe/n52ngx.webm",
        "LinkMp3": "https://files.catbox.moe/drhz85.mp3",
        "annId": 1089,
        "songDifficulty": 12.50359738372093,
        "vintage": "Spring 1999"
    },
    {
        "animeEng": "Kimi ni Todoke: From Me to You",
        "animeRomaji": "Kimi ni Todoke",
        "songName": "Kimi ni Todoke",
        "artist": "Tomofumi Tanizawa",
        "type": "Opening 1",
        "correctCount": 101,
        "startTime": 18,
        "songDuration": 58.752,
        "songNumber": 6,
        "activePlayerCount": 165,
        "LinkVideo": "https://files.catbox.moe/bzak9g.webm",
        "LinkMp3": "https://files.catbox.moe/54vgxm.mp3",
        "annId": 10625,
        "songDifficulty": 31.704805117867913,
        "vintage": "Fall 2009"
    },
    {
        "animeEng": "WorldEnd: What are you doing at the end of the world? Are you busy? Will you save us?",
        "animeRomaji": "Shuumatsu Nani Shitemasu ka? Isogashii Desu ka? Sukutte Moratte Ii Desu ka?",
        "songName": "I call you",
        "artist": "Tamaru Yamada",
        "type": "Insert Song",
        "correctCount": 48,
        "startTime": 26,
        "songDuration": 94.091444,
        "songNumber": 7,
        "activePlayerCount": 168,
        "LinkVideo": "https://files.catbox.moe/p3ils2.webm",
        "LinkMp3": "https://files.catbox.moe/3ht038.mp3",
        "annId": 18985,
        "songDifficulty": 31.841783702483138,
        "vintage": "Spring 2017"
    },
    {
        "animeEng": "Kiddy GIRL-AND Pilot",
        "animeRomaji": "Kiddy GIRL-AND Pilot",
        "songName": "Junpaku Sanctuary",
        "artist": "Minori Chihara",
        "type": "Ending 1",
        "correctCount": 5,
        "startTime": 46,
        "songDuration": 92.496,
        "songNumber": 8,
        "activePlayerCount": 169,
        "LinkVideo": "https://files.catbox.moe/677qs7.webm",
        "LinkMp3": "https://files.catbox.moe/3t3q4o.mp3",
        "annId": 22573,
        "songDifficulty": 8.864215646588946,
        "vintage": "Spring 2007",
        "correctPlayers": [
            "PoolNoodle",
            "thenoobster",
            "watashiii",
            "ozsauce",
            "XieYao"
        ]
    },
    {
        "animeEng": "No Matter How I Look at It, It\u2019s You Guys' Fault I\u2019m Not Popular!",
        "animeRomaji": "Watamote",
        "songName": "Dou Kangaete mo Watashi wa Warukunai",
        "artist": "Izumi Kitta",
        "type": "Ending 1",
        "correctCount": 85,
        "startTime": 52,
        "songDuration": 89.016,
        "songNumber": 9,
        "activePlayerCount": 169,
        "LinkVideo": "https://files.catbox.moe/kkums8.webm",
        "LinkMp3": "https://files.catbox.moe/kpcgkd.mp3",
        "annId": 15008,
        "songDifficulty": 35.12316656144781,
        "vintage": "Summer 2013"
    },
    {
        "animeEng": "Evangelion: 2.22 You Can (Not) Advance",
        "animeRomaji": "Evangelion: 2.22 You Can (Not) Advance",
        "songName": "Beautiful World -PLANiTb Acoustica Mix-",
        "artist": "Hikaru Utada",
        "type": "Ending 1",
        "correctCount": 32,
        "startTime": 71,
        "songDuration": 293.568,
        "songNumber": 10,
        "activePlayerCount": 168,
        "LinkVideo": "https://files.catbox.moe/h3l81l.webm",
        "LinkMp3": "https://files.catbox.moe/g90e8z.mp3",
        "annId": 8421,
        "songDifficulty": 19.64273765938644,
        "vintage": "Winter 2009"
    },
    {
        "animeEng": "Attack No. 1",
        "animeRomaji": "Attack No. 1",
        "songName": "Attack No.1",
        "artist": "Kurumi Kobato",
        "type": "Opening 1",
        "correctCount": 15,
        "startTime": 45,
        "songDuration": 85.392,
        "songNumber": 11,
        "activePlayerCount": 168,
        "LinkVideo": "https://files.catbox.moe/dhasju.webm",
        "LinkMp3": "https://files.catbox.moe/q4avnr.mp3",
        "annId": 1186,
        "songDifficulty": 19.921162434643687,
        "vintage": "Fall 1969"
    },
    {
        "animeEng": "SSSS.DYNAZENON",
        "animeRomaji": "SSSS.DYNAZENON",
        "songName": "Imperfect",
        "artist": "Masayoshi Ooishi",
        "type": "Opening 1",
        "correctCount": 80,
        "startTime": 33,
        "songDuration": 88.512,
        "songNumber": 12,
        "activePlayerCount": 168,
        "LinkVideo": "https://files.catbox.moe/1zktr6.webm",
        "LinkMp3": "https://files.catbox.moe/gaekby.mp3",
        "annId": 23822,
        "songDifficulty": 36.620280674102816,
        "vintage": "Spring 2021"
    },
    {
        "animeEng": "Romeo \u00d7 Juliet",
        "animeRomaji": "Romeo \u00d7 Juliet",
        "songName": "You Raise Me Up",
        "artist": "LENA PARK",
        "type": "Insert Song",
        "correctCount": 25,
        "startTime": 89,
        "songDuration": 173.112,
        "songNumber": 13,
        "activePlayerCount": 168,
        "LinkVideo": "https://files.catbox.moe/47hvr6.webm",
        "LinkMp3": "https://files.catbox.moe/tkc59w.mp3",
        "annId": 7087,
        "songDifficulty": 34.67638655203545,
        "vintage": "Spring 2017"
    },
    {
        "animeEng": "Encouragement of Climb Season 2",
        "animeRomaji": "Yama no Susume Second Season",
        "songName": "Staccato Days",
        "artist": "Yuka Iguchi & Kana Asumi",
        "type": "Ending 2",
        "correctCount": 67,
        "startTime": 51,
        "songDuration": 87.072,
        "songNumber": 14,
        "activePlayerCount": 169,
        "LinkVideo": "https://files.catbox.moe/r23amv.webm",
        "LinkMp3": "https://files.catbox.moe/pdi96x.mp3",
        "annId": 15813,
        "songDifficulty": 31.950090704906703,
        "vintage": "Summer 2014"
    },
    {
        "animeEng": "Little Goblin",
        "animeRomaji": "Kaibutsu-kun",
        "songName": "Ore wa Kaibutsu-kun Da",
        "artist": "Fuyumi Shiraishi",
        "type": "Opening 1",
        "correctCount": 58,
        "startTime": 8,
        "songDuration": 50.885656,
        "songNumber": 15,
        "activePlayerCount": 170,
        "LinkVideo": "https://files.catbox.moe/b09mxr.webm",
        "LinkMp3": "https://files.catbox.moe/f3leb8.mp3",
        "annId": 1850,
        "songDifficulty": 26.850568081926863,
        "vintage": "Spring 1968"
    },
    {
        "animeEng": "Dragon Age: Dawn of the Seeker",
        "animeRomaji": "Dragon Age: Blood Mage no Seisen",
        "songName": "Inside out",
        "artist": "Nothing's Carved In Stone",
        "type": "Insert Song",
        "correctCount": 13,
        "startTime": 0,
        "songDuration": 41.304,
        "songNumber": 16,
        "activePlayerCount": 170,
        "LinkVideo": "https://files.catbox.moe/ggorc1.webm",
        "LinkMp3": "https://files.catbox.moe/tmtty1.mp3",
        "annId": 13604,
        "songDifficulty": 8.626337861874386,
        "vintage": "Winter 2012"
    },
    {
        "animeEng": "Tottoko Hamtarou Anime Dechu!",
        "animeRomaji": "Tottoko Hamtarou Anime Dechu!",
        "songName": "Hamtarou Tottoko Uta",
        "artist": "Juri Ihata",
        "type": "Opening 1",
        "correctCount": 4,
        "startTime": 3,
        "songDuration": 66.062538,
        "songNumber": 17,
        "activePlayerCount": 170,
        "LinkVideo": "https://files.catbox.moe/hwuihp.webm",
        "LinkMp3": "https://files.catbox.moe/q92q79.mp3",
        "annId": 22536,
        "songDifficulty": 14.581321413821586,
        "vintage": "Summer 1999",
        "correctPlayers": [
            "ROGZA",
            "PoolNoodle",
            "thenoobster",
            "watashiii"
        ]
    },
    {
        "animeEng": "The Irregular at Magic High School",
        "animeRomaji": "Mahouka Koukou no Rettousei",
        "songName": "Rising Hope",
        "artist": "LiSA",
        "type": "Opening 1",
        "correctCount": 80,
        "startTime": 50,
        "songDuration": 89.976,
        "songNumber": 18,
        "activePlayerCount": 170,
        "LinkVideo": "https://files.catbox.moe/5p0wyp.webm",
        "LinkMp3": "https://files.catbox.moe/wh1q2x.mp3",
        "annId": 15763,
        "songDifficulty": 33.89807199382839,
        "vintage": "Spring 2014"
    },
    {
        "animeEng": "Interspecies Reviewers",
        "animeRomaji": "Ishuzoku Reviewers",
        "songName": "Ikouze\u2606Paradise",
        "artist": "Junji Majima, Yuusuke Kobayashi, Miyu Tomita",
        "type": "Opening 1",
        "correctCount": 133,
        "startTime": 25,
        "songDuration": 89.568,
        "songNumber": 19,
        "activePlayerCount": 173,
        "LinkVideo": "https://files.catbox.moe/8d12lc.webm",
        "LinkMp3": "https://files.catbox.moe/y1www2.mp3",
        "annId": 22612,
        "songDifficulty": 44.322184969403835,
        "vintage": "Winter 2020"
    },
    {
        "animeEng": "Kiratto Pri\u2606Chan",
        "animeRomaji": "Kiratto Pri\u2606Chan",
        "songName": "Pretty\u2606Channel",
        "artist": "Wa-suta",
        "type": "Ending 1",
        "correctCount": 49,
        "startTime": 0,
        "songDuration": 89.808,
        "songNumber": 20,
        "activePlayerCount": 174,
        "LinkVideo": "https://files.catbox.moe/s58s6g.webm",
        "LinkMp3": "https://files.catbox.moe/aehdq8.mp3",
        "annId": 20580,
        "songDifficulty": 17.768017847893645,
        "vintage": "Spring 2018"
    },
    {
        "animeEng": "That Time I Got Reincarnated as a Slime",
        "animeRomaji": "Tensei Shitara Slime Datta Ken",
        "songName": "Reincarnate",
        "artist": "Takuma Terashima",
        "type": "Ending 1",
        "correctCount": 56,
        "startTime": 12,
        "songDuration": 89.472,
        "songNumber": 21,
        "activePlayerCount": 175,
        "LinkVideo": "https://files.catbox.moe/sdbbx6.webm",
        "LinkMp3": "https://files.catbox.moe/t7rzq7.mp3",
        "annId": 24212,
        "songDifficulty": 30.29508155116405,
        "vintage": "Summer 2021"
    },
    {
        "animeEng": "Expelled from Paradise",
        "animeRomaji": "Rakuen Tsuihou: Expelled from Paradise",
        "songName": "EONIAN",
        "artist": "ALISE",
        "type": "Insert Song",
        "correctCount": 3,
        "startTime": 22,
        "songDuration": 74.304,
        "songNumber": 22,
        "activePlayerCount": 172,
        "LinkVideo": "https://files.catbox.moe/ht6b53.webm",
        "LinkMp3": "https://files.catbox.moe/rzek7y.mp3",
        "annId": 14817,
        "songDifficulty": 8.33904025979238,
        "vintage": "Fall 2014",
        "correctPlayers": [
            "Kameyn",
            "Ephemeral",
            "Celerrin"
        ]
    },
    {
        "animeEng": "Carole & Tuesday",
        "animeRomaji": "Carole & Tuesday",
        "songName": "Hold Me Now",
        "artist": "Nai Br.XX&Celeina Ann",
        "type": "Ending 1",
        "correctCount": 126,
        "startTime": 17,
        "songDuration": 86.736,
        "songNumber": 23,
        "activePlayerCount": 172,
        "LinkVideo": "https://files.catbox.moe/siprap.webm",
        "LinkMp3": "https://files.catbox.moe/0i49d1.mp3",
        "annId": 21557,
        "songDifficulty": 50.037362258953166,
        "vintage": "Spring 2019"
    },
    {
        "animeEng": "A Little Snow Fairy Sugar",
        "animeRomaji": "Chicchana Yukitsukai Sugar",
        "songName": "Sugar Baby Love",
        "artist": "Yoko Ishida",
        "type": "Opening 1",
        "correctCount": 25,
        "startTime": 55,
        "songDuration": 90.072,
        "songNumber": 24,
        "activePlayerCount": 171,
        "LinkVideo": "https://files.catbox.moe/hsw6dg.webm",
        "LinkMp3": "https://files.catbox.moe/jfwy34.mp3",
        "annId": 1018,
        "songDifficulty": 17.270292280733287,
        "vintage": "Fall 2001"
    },
    {
        "animeEng": "Cardfight!! Vanguard: Asia Circuit-hen",
        "animeRomaji": "Cardfight!! Vanguard: Asia Circuit-hen",
        "songName": "Believe in my existence",
        "artist": "JAM Project",
        "type": "Insert Song",
        "correctCount": 50,
        "startTime": 60,
        "songDuration": 188.088,
        "songNumber": 25,
        "activePlayerCount": 170,
        "LinkVideo": "https://files.catbox.moe/te7ii9.webm",
        "LinkMp3": "https://files.catbox.moe/nl5nsy.mp3",
        "annId": 14090,
        "songDifficulty": 29.942395104895105,
        "vintage": "Spring 2012"
    },
    {
        "animeEng": "Kakushigoto: Himegoto wa Nan Desu ka",
        "animeRomaji": "Kakushigoto: Himegoto wa Nan Desu ka",
        "songName": "Chiisana Hibi",
        "artist": "flumpool",
        "type": "Insert Song",
        "correctCount": 99,
        "startTime": 33,
        "songDuration": 93.552,
        "songNumber": 26,
        "activePlayerCount": 171,
        "LinkVideo": "https://files.catbox.moe/76gx2m.webm",
        "LinkMp3": "https://files.catbox.moe/0z0kg5.mp3",
        "annId": 24236,
        "songDifficulty": 41.10857145054134,
        "vintage": "Summer 2021"
    },
    {
        "animeEng": "Ro-Kyu-Bu! SS",
        "animeRomaji": "Ro-Kyu-Bu! SS",
        "songName": "SHOOT!",
        "artist": "RO-KYU-BU!",
        "type": "Insert Song",
        "correctCount": 85,
        "startTime": 3,
        "songDuration": 186.552,
        "songNumber": 27,
        "activePlayerCount": 172,
        "LinkVideo": "https://files.catbox.moe/sebacx.webm",
        "LinkMp3": "https://files.catbox.moe/we94t8.mp3",
        "annId": 14852,
        "songDifficulty": 43.190064201732675,
        "vintage": "Summer 2013"
    },
    {
        "animeEng": "Aikatsu Friends!: Kagayaki no Jewel",
        "animeRomaji": "Aikatsu Friends!: Kagayaki no Jewel",
        "songName": "Aikatsu Friends!",
        "artist": "Aine\u30fbMio from BEST FRIENDS!",
        "type": "Insert Song",
        "correctCount": 29,
        "startTime": 81,
        "songDuration": 110.976,
        "songNumber": 28,
        "activePlayerCount": 172,
        "LinkVideo": "https://files.catbox.moe/emzozf.webm",
        "LinkMp3": "https://files.catbox.moe/agya28.mp3",
        "annId": 22158,
        "songDifficulty": 20.950064923070236,
        "vintage": "Spring 2019"
    },
    {
        "animeEng": "DRAGON PILOT: Hisone & Masotan",
        "animeRomaji": "Hisone to Masotan",
        "songName": "Le temps de la rentr\u00e9e ~Koi no Ieji (Shingakki)~",
        "artist": "Patrice Maurice Gall",
        "type": "Ending 9",
        "correctCount": 102,
        "startTime": 51,
        "songDuration": 88.056,
        "songNumber": 29,
        "activePlayerCount": 172,
        "LinkVideo": "https://files.catbox.moe/snv0lz.webm",
        "LinkMp3": "https://files.catbox.moe/te0hrx.mp3",
        "annId": 20625,
        "songDifficulty": 39.261276826321776,
        "vintage": "Spring 2018"
    },
    {
        "animeEng": "City Hunter 3",
        "animeRomaji": "City Hunter 3",
        "songName": "MR. PRIVATE EYE",
        "artist": "Yuko Ohtaki",
        "type": "Insert Song",
        "correctCount": 46,
        "startTime": 58,
        "songDuration": 95.16,
        "songNumber": 30,
        "activePlayerCount": 173,
        "LinkVideo": "https://files.catbox.moe/3jwnhd.webm",
        "LinkMp3": "https://files.catbox.moe/26l28g.mp3",
        "annId": 546,
        "songDifficulty": 18.920406291226914,
        "vintage": "Fall 1989"
    },
    {
        "animeEng": "Muv-Luv Alternative",
        "animeRomaji": "Muv-Luv Alternative",
        "songName": "Not Yet Dead",
        "artist": "Evan Call",
        "type": "Ending 3",
        "correctCount": 2,
        "startTime": 31,
        "songDuration": 86.088,
        "songNumber": 31,
        "activePlayerCount": 174,
        "LinkVideo": "https://files.catbox.moe/j365di.webm",
        "LinkMp3": "https://files.catbox.moe/jhj7l3.mp3",
        "annId": 24354,
        "songDifficulty": 9.459601488474854,
        "vintage": "Fall 2021",
        "correctPlayers": [
            "Kameyn",
            "Shelia"
        ]
    },
    {
        "animeEng": "Shaman King",
        "animeRomaji": "Shaman King",
        "songName": "Over Soul",
        "artist": "Megumi Hayashibara",
        "type": "Ending 2",
        "correctCount": 100,
        "startTime": 123,
        "songDuration": 162.168,
        "songNumber": 32,
        "activePlayerCount": 175,
        "LinkVideo": "https://files.catbox.moe/9xqh2c.webm",
        "LinkMp3": "https://files.catbox.moe/kiim5l.mp3",
        "annId": 23413,
        "songDifficulty": 39.893936681669395,
        "vintage": "Spring 2021"
    },
    {
        "animeEng": "Wandering Son",
        "animeRomaji": "Hourou Musuko",
        "songName": "For You",
        "artist": "Rie fu",
        "type": "Ending 1",
        "correctCount": 15,
        "startTime": 27,
        "songDuration": 88.057262,
        "songNumber": 33,
        "activePlayerCount": 175,
        "LinkVideo": "https://files.catbox.moe/bqxe76.webm",
        "LinkMp3": "https://files.catbox.moe/62hz5r.mp3",
        "annId": 11875,
        "songDifficulty": 18.635738729767326,
        "vintage": "Winter 2011"
    },
    {
        "animeEng": "Deadman Wonderland",
        "animeRomaji": "Deadman Wonderland",
        "songName": "One Reason",
        "artist": "DWB feat. fade",
        "type": "Opening 1",
        "correctCount": 148,
        "startTime": 58,
        "songDuration": 89.736,
        "songNumber": 34,
        "activePlayerCount": 175,
        "LinkVideo": "https://files.catbox.moe/ooe835.webm",
        "LinkMp3": "https://files.catbox.moe/5hz692.mp3",
        "annId": 11826,
        "songDifficulty": 46.48113516621647,
        "vintage": "Spring 2011"
    },
    {
        "animeEng": "Pipopapo Patrol-kun",
        "animeRomaji": "Pipopapo Patrol-kun",
        "songName": "Pipopapo Patrol-kun",
        "artist": "Maki Ohashi",
        "type": "Opening 1",
        "correctCount": 22,
        "startTime": 0,
        "songDuration": 24.648,
        "songNumber": 35,
        "activePlayerCount": 176,
        "LinkVideo": "https://files.catbox.moe/dz8z6z.webm",
        "LinkMp3": "https://files.catbox.moe/w1mvkt.mp3",
        "annId": 3589,
        "songDifficulty": 18.09285743375326,
        "vintage": "Fall 2000"
    },
    {
        "animeEng": "Blend-S",
        "animeRomaji": "Blend-S",
        "songName": "Bon App\u00e9tit\u2661S -All Staff ver.-",
        "artist": "Anzu Haruno, Akari Kitou, Tomoaki Maeno, Tatsuhisa Suzuki, Atsumi Tanezaki, Sora Tokui, Azumi Waki",
        "type": "Ending 2",
        "correctCount": 142,
        "startTime": 22,
        "songDuration": 88.776,
        "songNumber": 36,
        "activePlayerCount": 175,
        "LinkVideo": "https://files.catbox.moe/hd68im.webm",
        "LinkMp3": "https://files.catbox.moe/0wexpm.mp3",
        "annId": 19669,
        "songDifficulty": 63.238214876447294,
        "vintage": "Fall 2017"
    },
    {
        "animeEng": "Silver Fang",
        "animeRomaji": "Ginga Nagareboshi Gin",
        "songName": "Otoko-tachi Nakama-tachi",
        "artist": "Takayuki Miyauchi",
        "type": "Insert Song",
        "correctCount": 6,
        "startTime": 29,
        "songDuration": 59.736,
        "songNumber": 37,
        "activePlayerCount": 174,
        "LinkVideo": "https://files.catbox.moe/0c06gs.webm",
        "LinkMp3": "https://files.catbox.moe/32njkd.mp3",
        "annId": 1469,
        "songDifficulty": 12.729877627212389,
        "vintage": "Spring 1986"
    },
    {
        "animeEng": "Full Dive: This Ultimate Next-Gen Full Dive RPG Is Even Shittier than Real Life!",
        "animeRomaji": "Kyuukyoku Shinka Shita Full Dive RPG ga Genjitsu Yori mo Kuso-Gee Dattara",
        "songName": "Kisuida!",
        "artist": "Ayana Taketatsu, Ai Fairouz, Shiori Izawa, Aoi Koga",
        "type": "Ending 1",
        "correctCount": 54,
        "startTime": 6,
        "songDuration": 88.776,
        "songNumber": 38,
        "activePlayerCount": 173,
        "LinkVideo": "https://files.catbox.moe/ffo5tl.webm",
        "LinkMp3": "https://files.catbox.moe/qff3vb.mp3",
        "annId": 23820,
        "songDifficulty": 27.215687533500088,
        "vintage": "Spring 2021"
    },
    {
        "animeEng": "Hi Score Girl",
        "animeRomaji": "High Score Girl",
        "songName": "Houkago Distraction",
        "artist": "Etsuko Yakushimaru",
        "type": "Ending 1",
        "correctCount": 77,
        "startTime": 49,
        "songDuration": 89.4,
        "songNumber": 39,
        "activePlayerCount": 173,
        "LinkVideo": "https://files.catbox.moe/gt4kps.webm",
        "LinkMp3": "https://files.catbox.moe/xn6rzt.mp3",
        "annId": 20797,
        "songDifficulty": 31.275147761569418,
        "vintage": "Summer 2018"
    },
    {
        "animeEng": "I Love Me",
        "animeRomaji": "I Love Me",
        "songName": "Sore de Ii Song ~Iyada tte Kimochi~",
        "artist": "Me to Humbert Humbert",
        "type": "Insert Song",
        "correctCount": 1,
        "startTime": 8,
        "songDuration": 90.192,
        "songNumber": 40,
        "activePlayerCount": 171,
        "LinkVideo": "https://files.catbox.moe/8mliqb.webm",
        "LinkMp3": "https://files.catbox.moe/x0lc98.mp3",
        "annId": 25405,
        "songDifficulty": 22.879465738932293,
        "vintage": "Winter 2022",
        "correctPlayers": [
            "Rukawa11"
        ]
    },
    {
        "animeEng": "Dorohedoro",
        "animeRomaji": "Dorohedoro",
        "songName": "Welcome to Chaos",
        "artist": "(K)NoW_NAME:Ayaka Tachibana",
        "type": "Opening 1",
        "correctCount": 81,
        "startTime": 26,
        "songDuration": 90.024,
        "songNumber": 41,
        "activePlayerCount": 169,
        "LinkVideo": "https://files.catbox.moe/eqzpzb.webm",
        "LinkMp3": "https://files.catbox.moe/3ibzo1.mp3",
        "annId": 22562,
        "songDifficulty": 41.05277155247686,
        "vintage": "Winter 2020"
    },
    {
        "animeEng": "Adventures on Rainbow Pond",
        "animeRomaji": "Kerokko Demetan",
        "songName": "Makeru na Demetan",
        "artist": "Mitsuko Horie",
        "type": "Ending 1",
        "correctCount": 17,
        "startTime": 12,
        "songDuration": 46.08,
        "songNumber": 42,
        "activePlayerCount": 169,
        "LinkVideo": "https://files.catbox.moe/66ywm9.webm",
        "LinkMp3": "https://files.catbox.moe/w5noaz.mp3",
        "annId": 1399,
        "songDifficulty": 28.997101739421932,
        "vintage": "Winter 1973"
    },
    {
        "animeEng": "Sorcery in the Big City",
        "animeRomaji": "Itazura Majo to Nemuranai Machi",
        "songName": "Wishing",
        "artist": "Haitoku Pistols",
        "type": "Ending 1",
        "correctCount": 3,
        "startTime": 23,
        "songDuration": 86.016,
        "songNumber": 43,
        "activePlayerCount": 171,
        "LinkVideo": "https://files.catbox.moe/jxxqvi.webm",
        "LinkMp3": "https://files.catbox.moe/vzc144.mp3",
        "annId": 22176,
        "songDifficulty": 14.295225600701944,
        "vintage": "Fall 2017",
        "correctPlayers": [
            "watashiii",
            "asleep",
            "Jlin2"
        ]
    },
    {
        "animeEng": "The Big O",
        "animeRomaji": "The Big O",
        "songName": "Big-O!",
        "artist": "Rui Nagai",
        "type": "Opening 1",
        "correctCount": 94,
        "startTime": 7,
        "songDuration": 66.297636,
        "songNumber": 44,
        "activePlayerCount": 171,
        "LinkVideo": "https://files.catbox.moe/q65joi.webm",
        "LinkMp3": "https://files.catbox.moe/3feya3.mp3",
        "annId": 231,
        "songDifficulty": 39.04843102692798,
        "vintage": "Fall 1999"
    },
    {
        "animeEng": "Music Girls",
        "animeRomaji": "Ongaku Shoujo",
        "songName": "Kagayake Make up! Shine\u2606",
        "artist": "Miyuri Shimabukuro",
        "type": "Insert Song",
        "correctCount": 6,
        "startTime": 21,
        "songDuration": 84.53545,
        "songNumber": 45,
        "activePlayerCount": 170,
        "LinkVideo": "https://files.catbox.moe/g7j002.webm",
        "LinkMp3": "https://files.catbox.moe/hsqdw2.mp3",
        "annId": 20918,
        "songDifficulty": 10.9030078125,
        "vintage": "Summer 2018"
    },
    {
        "animeEng": "Duel Masters King!",
        "animeRomaji": "Duel Masters King!",
        "songName": "Sinners",
        "artist": "NIGHTMARE",
        "type": "Opening 2",
        "correctCount": 3,
        "startTime": 28,
        "songDuration": 88.224,
        "songNumber": 46,
        "activePlayerCount": 171,
        "LinkVideo": "https://files.catbox.moe/mn5ibz.webm",
        "LinkMp3": "https://files.catbox.moe/3y37ia.mp3",
        "annId": 23962,
        "songDifficulty": 9.826342997419724,
        "vintage": "Spring 2021",
        "correctPlayers": [
            "Shag",
            "Erza_Asiaversal",
            "Rukawa11"
        ]
    },
    {
        "animeEng": "K-On! Season 2",
        "animeRomaji": "K-On!!",
        "songName": "Ame Furi",
        "artist": "Aki Toyosaki & Madoka Yonezawa",
        "type": "Insert Song",
        "correctCount": 61,
        "startTime": 2,
        "songDuration": 41.04,
        "songNumber": 47,
        "activePlayerCount": 169,
        "LinkVideo": "https://files.catbox.moe/ms6wwo.webm",
        "LinkMp3": "https://files.catbox.moe/61cfw7.mp3",
        "annId": 11262,
        "songDifficulty": 32.33411062906725,
        "vintage": "Spring 2010"
    },
    {
        "animeEng": "Ketsuekigata-kun! 2",
        "animeRomaji": "Ketsuekigata-kun! 2",
        "songName": "Happy \u221e Effect",
        "artist": "Earth Star Dream",
        "type": "Ending 1",
        "correctCount": 7,
        "startTime": 0,
        "songDuration": 28.420736,
        "songNumber": 48,
        "activePlayerCount": 171,
        "LinkVideo": "https://files.catbox.moe/vdcp8x.webm",
        "LinkMp3": "https://files.catbox.moe/angedh.mp3",
        "annId": 16358,
        "songDifficulty": 13.68007338440534,
        "vintage": "Winter 2015"
    },
    {
        "animeEng": "Chain Chronicle: The Light of Haecceitas",
        "animeRomaji": "Chain Chronicle: Haecceitas no Hikari",
        "songName": "MY LIBERATION",
        "artist": "nano",
        "type": "Opening 1",
        "correctCount": 15,
        "startTime": 32,
        "songDuration": 89.28,
        "songNumber": 49,
        "activePlayerCount": 170,
        "LinkVideo": "https://files.catbox.moe/cc7i46.webm",
        "LinkMp3": "https://files.catbox.moe/rfu6he.mp3",
        "annId": 16678,
        "songDifficulty": 19.575786540632055,
        "vintage": "Fall 2016"
    },
    {
        "animeEng": "Healin' Good Pretty Cure",
        "animeRomaji": "Healin' Good\u2661Precure",
        "songName": "Healin' Good\u2665Precure Touch!!",
        "artist": "Rie Kitagawa",
        "type": "Opening 1",
        "correctCount": 30,
        "startTime": 15,
        "songDuration": 88.992,
        "songNumber": 50,
        "activePlayerCount": 171,
        "LinkVideo": "https://files.catbox.moe/blh7au.webm",
        "LinkMp3": "https://files.catbox.moe/qq19za.mp3",
        "annId": 22964,
        "songDifficulty": 32.45595215934475,
        "vintage": "Winter 2020"
    },
    {
        "animeEng": "Ahiru no Sora",
        "animeRomaji": "Ahiru no Sora",
        "songName": "Hikari Sasu Hou e",
        "artist": "Mamoru Miyano",
        "type": "Ending 3",
        "correctCount": 14,
        "startTime": 6,
        "songDuration": 89.016,
        "songNumber": 51,
        "activePlayerCount": 171,
        "LinkVideo": "https://files.catbox.moe/z5esh9.webm",
        "LinkMp3": "https://files.catbox.moe/qem4e0.mp3",
        "annId": 22207,
        "songDifficulty": 15.85908547235723,
        "vintage": "Fall 2019"
    },
    {
        "animeEng": "Sengoku Majin Goushougun",
        "animeRomaji": "Sengoku Majin Goushougun",
        "songName": "GouShougun Hasshin Se yo!",
        "artist": "Ken Fujii",
        "type": "Opening 1",
        "correctCount": 21,
        "startTime": 43,
        "songDuration": 87.912,
        "songNumber": 52,
        "activePlayerCount": 170,
        "LinkVideo": "https://files.catbox.moe/xh4ifv.webm",
        "LinkMp3": "https://files.catbox.moe/0ur3rl.mp3",
        "annId": 1799,
        "songDifficulty": 18.638810300364078,
        "vintage": "Summer 1981"
    },
    {
        "animeEng": "City Hunter",
        "animeRomaji": "City Hunter",
        "songName": "Go Go Heaven",
        "artist": "Toshiyuki Ohsawa",
        "type": "Opening 2",
        "correctCount": 57,
        "startTime": 45,
        "songDuration": 88.416,
        "songNumber": 53,
        "activePlayerCount": 170,
        "LinkVideo": "https://files.catbox.moe/x4eulm.webm",
        "LinkMp3": "https://files.catbox.moe/fm4ejy.mp3",
        "annId": 384,
        "songDifficulty": 30.640509733606557,
        "vintage": "Spring 1987"
    },
    {
        "animeEng": "Pichi Pichi Pitch",
        "animeRomaji": "Mermaid Melody: Pichi Pichi Pitch",
        "songName": "Legend of Mermaid",
        "artist": "Asumi Nakata, Hitomi Terakado, Mayumi Asano",
        "type": "Insert Song",
        "correctCount": 19,
        "startTime": 20,
        "songDuration": 107.808,
        "songNumber": 54,
        "activePlayerCount": 170,
        "LinkVideo": "https://files.catbox.moe/bkb3a8.webm",
        "LinkMp3": "https://files.catbox.moe/we3msz.mp3",
        "annId": 2289,
        "songDifficulty": 29.36564193233367,
        "vintage": "Spring 2003"
    },
    {
        "animeEng": "Zoku Sayonara Zetsubou Sensei",
        "animeRomaji": "Zoku Sayonara Zetsubou Sensei",
        "songName": "Kuusou Rumba",
        "artist": "Kenji Ohtsuki to Zetsubou Shoujo-tachi",
        "type": "Opening 1",
        "correctCount": 61,
        "startTime": 21,
        "songDuration": 89.112,
        "songNumber": 55,
        "activePlayerCount": 169,
        "LinkVideo": "https://files.catbox.moe/h776ah.webm",
        "LinkMp3": "https://files.catbox.moe/3snp99.mp3",
        "annId": 8803,
        "songDifficulty": 26.448070255474452,
        "vintage": "Winter 2008"
    },
    {
        "animeEng": "Ojamajo Doremi #",
        "animeRomaji": "Ojamajo Doremi #",
        "songName": "Mimi o Sumashite",
        "artist": "Tomoko Akiya",
        "type": "Insert Song",
        "correctCount": 3,
        "startTime": 15,
        "songDuration": 88.056,
        "songNumber": 56,
        "activePlayerCount": 169,
        "LinkVideo": "https://files.catbox.moe/7cqa4f.webm",
        "LinkMp3": "https://files.catbox.moe/zagqjd.mp3",
        "annId": 1652,
        "songDifficulty": 21.49924326132968,
        "vintage": "Winter 2000",
        "correctPlayers": [
            "Kameyn",
            "watashiii",
            "sircurrie"
        ]
    },
    {
        "animeEng": "Haganai Next",
        "animeRomaji": "Boku wa Tomodachi ga Sukunai Next",
        "songName": "Be My Friend",
        "artist": "Rinjin-bu",
        "type": "Opening 1",
        "correctCount": 99,
        "startTime": 10,
        "songDuration": 89.904,
        "songNumber": 57,
        "activePlayerCount": 169,
        "LinkVideo": "https://files.catbox.moe/dbruze.webm",
        "LinkMp3": "https://files.catbox.moe/si7vim.mp3",
        "annId": 14827,
        "songDifficulty": 24.240604586665164,
        "vintage": "Winter 2013"
    },
    {
        "animeEng": "Hans Christian Andersen's The Little Mermaid",
        "animeRomaji": "Andersen Douwa: Ningyo Hime",
        "songName": "Akogare",
        "artist": "Kumiko Oosugi",
        "type": "Opening 1",
        "correctCount": 15,
        "startTime": 93,
        "songDuration": 127.08,
        "songNumber": 58,
        "activePlayerCount": 170,
        "LinkVideo": "https://files.catbox.moe/h5hiqc.webm",
        "LinkMp3": "https://files.catbox.moe/4oa60c.mp3",
        "annId": 3604,
        "songDifficulty": 12.538720278532608,
        "vintage": "Winter 1975"
    },
    {
        "animeEng": "BanG Dream! Film Live",
        "animeRomaji": "BanG Dream! Film Live",
        "songName": "Kizuna Music \u266a",
        "artist": "Poppin'Party",
        "type": "Insert Song",
        "correctCount": 66,
        "startTime": 99,
        "songDuration": 311.784,
        "songNumber": 59,
        "activePlayerCount": 170,
        "LinkVideo": "https://files.catbox.moe/x5b7j4.webm",
        "LinkMp3": "https://files.catbox.moe/1u1jy5.mp3",
        "annId": 22045,
        "songDifficulty": 39.73159012595057,
        "vintage": "Summer 2019"
    },
    {
        "animeEng": "Aikatsu!",
        "animeRomaji": "Aikatsu!",
        "songName": "Friend",
        "artist": "Waka\u30fbFuuri from STAR\u2606ANIS",
        "type": "Insert Song",
        "correctCount": 74,
        "startTime": 3,
        "songDuration": 103.656,
        "songNumber": 60,
        "activePlayerCount": 169,
        "LinkVideo": "https://files.catbox.moe/2durdp.webm",
        "LinkMp3": "https://files.catbox.moe/h8xmro.mp3",
        "annId": 15597,
        "songDifficulty": 44.03170275486464,
        "vintage": "Fall 2013"
    },
    {
        "animeEng": "Terror in Resonance",
        "animeRomaji": "Zankyou no Terror",
        "songName": "Trigger",
        "artist": "Yuuki Ozaki(from Galileo Galilei)",
        "type": "Opening 1",
        "correctCount": 114,
        "startTime": 57,
        "songDuration": 89.784,
        "songNumber": 61,
        "activePlayerCount": 169,
        "LinkVideo": "https://files.catbox.moe/heu2fw.webm",
        "LinkMp3": "https://files.catbox.moe/zhzj39.mp3",
        "annId": 15974,
        "songDifficulty": 40.32729675187392,
        "vintage": "Summer 2014"
    },
    {
        "animeEng": "Lucky Star",
        "animeRomaji": "Lucky Star",
        "songName": "Kaorin no Theme",
        "artist": "Minoru Shiraishi",
        "type": "Ending 18",
        "correctCount": 150,
        "startTime": 2,
        "songDuration": 89.352,
        "songNumber": 62,
        "activePlayerCount": 169,
        "LinkVideo": "https://files.catbox.moe/lhgo6g.webm",
        "LinkMp3": "https://files.catbox.moe/u1b3k1.mp3",
        "annId": 7222,
        "songDifficulty": 62.49519519197806,
        "vintage": "Spring 2007"
    },
    {
        "animeEng": "Saint Seiya: The Hades Chapter - Sanctuary",
        "animeRomaji": "Saint Seiya: Meiou Hades Juuni Kyuu-hen",
        "songName": "Eien Blue",
        "artist": "MAKE-UP",
        "type": "Insert Song",
        "correctCount": 70,
        "startTime": 3,
        "songDuration": 68.592,
        "songNumber": 63,
        "activePlayerCount": 169,
        "LinkVideo": "https://files.catbox.moe/pdf0tp.webm",
        "LinkMp3": "https://files.catbox.moe/vgahnc.mp3",
        "annId": 1797,
        "songDifficulty": 40.37800771182345,
        "vintage": "Fall 2002"
    },
    {
        "animeEng": "Haikyu!! Movie Concept no Tatakai",
        "animeRomaji": "Haikyu!! Movie Concept no Tatakai",
        "songName": "Hikari Are",
        "artist": "BURNOUT SYNDROMES",
        "type": "Ending 1",
        "correctCount": 52,
        "startTime": 114,
        "songDuration": 239.952,
        "songNumber": 64,
        "activePlayerCount": 169,
        "LinkVideo": "https://files.catbox.moe/tywqad.webm",
        "LinkMp3": "https://files.catbox.moe/gb071d.mp3",
        "annId": 19746,
        "songDifficulty": 44.0201556533006,
        "vintage": "Summer 2017"
    },
    {
        "animeEng": "Angelique: Twin Collection",
        "animeRomaji": "Angelique: Twin Collection",
        "songName": "Shiawase no Tapestry",
        "artist": "Nobuo Tobita",
        "type": "Insert Song",
        "correctCount": 3,
        "startTime": 75,
        "songDuration": 123.288,
        "songNumber": 65,
        "activePlayerCount": 168,
        "LinkVideo": "https://files.catbox.moe/xdt1kx.webm",
        "LinkMp3": "https://files.catbox.moe/4g3p4g.mp3",
        "annId": 4469,
        "songDifficulty": 4.071637069969847,
        "vintage": "Winter 2002",
        "correctPlayers": [
            "DjCharat",
            "Rukawa11",
            "asleep"
        ]
    },
    {
        "animeEng": "Tokimeki Restaurant\u2606\u2606\u2606 MIRACLE6",
        "animeRomaji": "Tokimeki Restaurant\u2606\u2606\u2606 MIRACLE6",
        "songName": "Pastel Sky",
        "artist": "3 Majesty",
        "type": "Insert Song",
        "correctCount": 5,
        "startTime": 13,
        "songDuration": 57.192,
        "songNumber": 66,
        "activePlayerCount": 169,
        "LinkVideo": "https://files.catbox.moe/7q7fgl.webm",
        "LinkMp3": "https://files.catbox.moe/wor7us.mp3",
        "annId": 20212,
        "songDifficulty": 8.054629316953855,
        "vintage": "Winter 2018",
        "correctPlayers": [
            "thenoobster",
            "ozsauce",
            "asleep",
            "ilovekuon",
            "pecku"
        ]
    },
    {
        "animeEng": "Chobits",
        "animeRomaji": "Chobits",
        "songName": "Let Me Be With You ~Chii Ver.~",
        "artist": "ROUND TABLE featuring Rie Tanaka",
        "type": "Insert Song",
        "correctCount": 123,
        "startTime": 22,
        "songDuration": 61.608,
        "songNumber": 67,
        "activePlayerCount": 168,
        "LinkVideo": "https://files.catbox.moe/b6u6es.webm",
        "LinkMp3": "https://files.catbox.moe/awrmz0.mp3",
        "annId": 357,
        "songDifficulty": 49.10170027464585,
        "vintage": "Spring 2002"
    },
    {
        "animeEng": "Transformers: Robots in Disguise",
        "animeRomaji": "Transformers: Robots in Disguise",
        "songName": "Marionette",
        "artist": "Mami Nishikaku",
        "type": "Ending 1",
        "correctCount": 0,
        "startTime": 9,
        "songDuration": 69.432,
        "songNumber": 68,
        "activePlayerCount": 168,
        "LinkVideo": "https://files.catbox.moe/p83tvs.webm",
        "LinkMp3": "https://files.catbox.moe/461us8.mp3",
        "annId": 1121,
        "songDifficulty": 6.623326110839844,
        "vintage": "Spring 2000"
    },
    {
        "animeEng": "Dash! Kappei",
        "animeRomaji": "Dash! Kappei",
        "songName": "Seishun Dash!",
        "artist": "KiKi",
        "type": "Ending 1",
        "correctCount": 5,
        "startTime": 18,
        "songDuration": 56.112,
        "songNumber": 69,
        "activePlayerCount": 171,
        "LinkVideo": "https://files.catbox.moe/owvrmr.webm",
        "LinkMp3": "https://files.catbox.moe/ljfoyn.mp3",
        "annId": 1300,
        "songDifficulty": 21.691044093058117,
        "vintage": "Fall 1981",
        "correctPlayers": [
            "Shag",
            "mrmartin",
            "Chatmonchy",
            "Rukawa11",
            "watashiii"
        ]
    },
    {
        "animeEng": "Mobile Suit Gundam",
        "animeRomaji": "Kidou Senshi Gundam",
        "songName": "Eien ni Amuro",
        "artist": "Koh Ikeda",
        "type": "Ending 1",
        "correctCount": 87,
        "startTime": 10,
        "songDuration": 57.936,
        "songNumber": 70,
        "activePlayerCount": 171,
        "LinkVideo": "https://files.catbox.moe/7g3jjl.webm",
        "LinkMp3": "https://files.catbox.moe/1qnh8t.mp3",
        "annId": 46,
        "songDifficulty": 39.89472287735849,
        "vintage": "Spring 1979"
    },
    {
        "animeEng": "The SoulTaker",
        "animeRomaji": "The SoulTaker",
        "songName": "As Time goes by",
        "artist": "Kosei Asami",
        "type": "Ending 2",
        "correctCount": 4,
        "startTime": 46,
        "songDuration": 89.904,
        "songNumber": 71,
        "activePlayerCount": 171,
        "LinkVideo": "https://files.catbox.moe/8pco7y.webm",
        "LinkMp3": "https://files.catbox.moe/809d9l.mp3",
        "annId": 288,
        "songDifficulty": 7.407150913292254,
        "vintage": "Spring 2001",
        "correctPlayers": [
            "Kameyn",
            "mochiii",
            "watashiii",
            "YuriMeguri"
        ]
    },
    {
        "animeEng": "Green Green",
        "animeRomaji": "Green Green",
        "songName": "Aozora",
        "artist": "YURIA",
        "type": "Ending 1",
        "correctCount": 19,
        "startTime": 26,
        "songDuration": 99.192,
        "songNumber": 72,
        "activePlayerCount": 171,
        "LinkVideo": "https://files.catbox.moe/i5akyj.webm",
        "LinkMp3": "https://files.catbox.moe/l3w4v2.mp3",
        "annId": 2291,
        "songDifficulty": 12.811526725589225,
        "vintage": "Summer 2003"
    },
    {
        "animeEng": "Jungle King Taa-chan",
        "animeRomaji": "Jungle no Ouja Taa-chan",
        "songName": "mama I Love You",
        "artist": "B\u2200G",
        "type": "Opening 2",
        "correctCount": 2,
        "startTime": 43,
        "songDuration": 79.92,
        "songNumber": 73,
        "activePlayerCount": 171,
        "LinkVideo": "https://files.catbox.moe/efe3ar.webm",
        "LinkMp3": "https://files.catbox.moe/zxy0ri.mp3",
        "annId": 119,
        "songDifficulty": 6.202157597177129,
        "vintage": "Fall 1993",
        "correctPlayers": [
            "Rukawa11",
            "watashiii"
        ]
    },
    {
        "animeEng": "Heartcatch Pretty Cure!",
        "animeRomaji": "Heartcatch Precure!",
        "songName": "Heartcatch\u2606Paradise!",
        "artist": "Mayu Kudou",
        "type": "Ending 1",
        "correctCount": 117,
        "startTime": 11,
        "songDuration": 89.616,
        "songNumber": 74,
        "activePlayerCount": 171,
        "LinkVideo": "https://files.catbox.moe/3hx9op.webm",
        "LinkMp3": "https://files.catbox.moe/q6p5lj.mp3",
        "annId": 11195,
        "songDifficulty": 34.2479436944834,
        "vintage": "Winter 2010"
    },
    {
        "animeEng": "Vivy: Fluorite Eye's Song",
        "animeRomaji": "Vivy: Fluorite Eye's Song",
        "songName": "Sing My Pleasure",
        "artist": "Kairi Yagi",
        "type": "Opening 3",
        "correctCount": 95,
        "startTime": 55,
        "songDuration": 89.952,
        "songNumber": 75,
        "activePlayerCount": 172,
        "LinkVideo": "https://files.catbox.moe/7wa4zi.webm",
        "LinkMp3": "https://files.catbox.moe/jqb1h7.mp3",
        "annId": 23935,
        "songDifficulty": 41.94479068673565,
        "vintage": "Spring 2021"
    },
    {
        "animeEng": "Battle of the Planets",
        "animeRomaji": "Gatchaman",
        "songName": "Gatchaman no Uta",
        "artist": "Masato Shimon",
        "type": "Opening 2",
        "correctCount": 149,
        "startTime": 22,
        "songDuration": 86.856,
        "songNumber": 76,
        "activePlayerCount": 173,
        "LinkVideo": "https://files.catbox.moe/98sxuk.webm",
        "LinkMp3": "https://files.catbox.moe/6drd1k.mp3",
        "annId": 4,
        "songDifficulty": 44.733762851731605,
        "vintage": "Fall 1972"
    },
    {
        "animeEng": "Crayon Shin-chan: Unkokusai no Yabou",
        "animeRomaji": "Crayon Shin-chan: Unkokusai no Yabou",
        "songName": "Tasuketekesuta",
        "artist": "Sachiko Sugimoto",
        "type": "Ending 1",
        "correctCount": 3,
        "startTime": 40,
        "songDuration": 155.808,
        "songNumber": 77,
        "activePlayerCount": 173,
        "LinkVideo": "https://files.catbox.moe/0hnso2.webm",
        "LinkMp3": "https://files.catbox.moe/umo84f.mp3",
        "annId": 6743,
        "songDifficulty": 7.300510166861206,
        "vintage": "Spring 1995",
        "correctPlayers": [
            "Anwonu",
            "asleep",
            "ilovekuon"
        ]
    },
    {
        "animeEng": "Tesla Note",
        "animeRomaji": "Tesla Note",
        "songName": "PUPPET'S",
        "artist": "TOKYO MONSTERS",
        "type": "Opening 1",
        "correctCount": 16,
        "startTime": 39,
        "songDuration": 88.032,
        "songNumber": 78,
        "activePlayerCount": 173,
        "LinkVideo": "https://files.catbox.moe/h03gpm.webm",
        "LinkMp3": "https://files.catbox.moe/uafj70.mp3",
        "annId": 24243,
        "songDifficulty": 19.780543122855917,
        "vintage": "Fall 2021"
    },
    {
        "animeEng": "Legend of Rolling Wheels",
        "animeRomaji": "Baribari Densetsu",
        "songName": "Shounen no Saigo no Natsu",
        "artist": "Yoko Oginome",
        "type": "Ending 1",
        "correctCount": 8,
        "startTime": 6,
        "songDuration": 236.808,
        "songNumber": 79,
        "activePlayerCount": 173,
        "LinkVideo": "https://files.catbox.moe/g30jp2.webm",
        "LinkMp3": "https://files.catbox.moe/p1r3x5.mp3",
        "annId": 10097,
        "songDifficulty": 8.620341990253714,
        "vintage": "Summer 1987"
    },
    {
        "animeEng": "Welcome to the NHK",
        "animeRomaji": "NHK ni Youkoso!",
        "songName": "Youkoso! Hitoribocchi",
        "artist": "Pearl Kyoudai",
        "type": "Insert Song",
        "correctCount": 40,
        "startTime": 84,
        "songDuration": 144.428538,
        "songNumber": 80,
        "activePlayerCount": 173,
        "LinkVideo": "https://files.catbox.moe/fscxwb.webm",
        "LinkMp3": "https://files.catbox.moe/17xseu.mp3",
        "annId": 6357,
        "songDifficulty": 23.074769857505643,
        "vintage": "Summer 2006"
    },
    {
        "animeEng": "Obey Me!",
        "animeRomaji": "Obey Me!",
        "songName": "Eternal",
        "artist": "Obey Me! Boys",
        "type": "Ending 2",
        "correctCount": 11,
        "startTime": 44,
        "songDuration": 90.264,
        "songNumber": 81,
        "activePlayerCount": 173,
        "LinkVideo": "https://files.catbox.moe/u4sy01.webm",
        "LinkMp3": "https://files.catbox.moe/79v7cz.mp3",
        "annId": 24499,
        "songDifficulty": 17.35739280045972,
        "vintage": "Summer 2021"
    },
    {
        "animeEng": "Gou-chan: Moco to Koori no Ue no Yakusoku",
        "animeRomaji": "Gou-chan: Moco to Koori no Ue no Yakusoku",
        "songName": "Let's! Gou-chan.",
        "artist": "Gou-chan.",
        "type": "Insert Song",
        "correctCount": 32,
        "startTime": 1,
        "songDuration": 32.088,
        "songNumber": 82,
        "activePlayerCount": 173,
        "LinkVideo": "https://files.catbox.moe/31qqg7.webm",
        "LinkMp3": "https://files.catbox.moe/zh15j9.mp3",
        "annId": 20637,
        "songDifficulty": 15.408680947012401,
        "vintage": "Winter 2018"
    },
    {
        "animeEng": "The Helpful Fox Senko-san",
        "animeRomaji": "Sewayaki Kitsune no Senko-san",
        "songName": "Koyoi mofumofu!!",
        "artist": "Azumi Waki & Maaya Uchida",
        "type": "Opening 1",
        "correctCount": 127,
        "startTime": 10,
        "songDuration": 89.064,
        "songNumber": 83,
        "activePlayerCount": 173,
        "LinkVideo": "https://files.catbox.moe/pn3pt0.webm",
        "LinkMp3": "https://files.catbox.moe/9kfwnx.mp3",
        "annId": 21908,
        "songDifficulty": 37.86292360914996,
        "vintage": "Spring 2019"
    },
    {
        "animeEng": "Mazinger Z",
        "animeRomaji": "Mazinger Z",
        "songName": "Waga Tomo Mazinger Z",
        "artist": "Ichiro Mizuki",
        "type": "Insert Song",
        "correctCount": 34,
        "startTime": 37,
        "songDuration": 142.208168,
        "songNumber": 84,
        "activePlayerCount": 173,
        "LinkVideo": "https://files.catbox.moe/rg9avn.webm",
        "LinkMp3": "https://files.catbox.moe/ae84hy.mp3",
        "annId": 1100,
        "songDifficulty": 44.630892108938546,
        "vintage": "Fall 1972"
    },
    {
        "animeEng": "Fena: Pirate Princess",
        "animeRomaji": "Kaizoku Oujo",
        "songName": "Umi to Shinju",
        "artist": "JUNNA",
        "type": "Opening 1",
        "correctCount": 80,
        "startTime": 40,
        "songDuration": 89.064,
        "songNumber": 85,
        "activePlayerCount": 170,
        "LinkVideo": "https://files.catbox.moe/2kx18r.webm",
        "LinkMp3": "https://files.catbox.moe/skgf9a.mp3",
        "annId": 24461,
        "songDifficulty": 24.6519432052162,
        "vintage": "Summer 2021"
    }
]