[
    {
        "animeEng": "Soreike! Anpanman: Yuureisen o Yattsukero!!",
        "animeRomaji": "Soreike! Anpanman: Yuureisen o Yattsukero!!",
        "songName": "Yuuki Rinrin",
        "artist": "Dreaming",
        "type": "Ending 1",
        "correctCount": 47,
        "startTime": 3,
        "songDuration": 79.254148,
        "songNumber": 1,
        "activePlayerCount": 150,
        "LinkVideo": "https://files.catbox.moe/ovi7m7.webm",
        "LinkMp3": "https://files.catbox.moe/xj7o17.mp3",
        "annId": 2516,
        "songDifficulty": 43.38006078417056,
        "vintage": "Summer 1995"
    },
    {
        "animeEng": "Don't Toy With Me, Miss Nagatoro",
        "animeRomaji": "Ijiranaide, Nagatoro-san",
        "songName": "EASY LOVE",
        "artist": "Sumire Uesaka",
        "type": "Opening 1",
        "correctCount": 84,
        "startTime": 4,
        "songDuration": 89.568,
        "songNumber": 2,
        "activePlayerCount": 162,
        "LinkVideo": "https://files.catbox.moe/i7260d.webm",
        "LinkMp3": "https://files.catbox.moe/2tztj1.mp3",
        "annId": 23755,
        "songDifficulty": 38.99449680005626,
        "vintage": "Spring 2021"
    },
    {
        "animeEng": "Danganronpa 3: The End of Hope's Peak High School - Despair Arc",
        "animeRomaji": "Danganronpa 3: The End of Kibougamine Gakuen - Zetsubou-hen",
        "songName": "Kami-iro Awase",
        "artist": "binaria",
        "type": "Opening 1",
        "correctCount": 92,
        "startTime": 32,
        "songDuration": 88.56,
        "songNumber": 3,
        "activePlayerCount": 171,
        "LinkVideo": "https://files.catbox.moe/r3qdtb.webm",
        "LinkMp3": "https://files.catbox.moe/fneg5a.mp3",
        "annId": 18272,
        "songDifficulty": 30.500705269197667,
        "vintage": "Summer 2016"
    },
    {
        "animeEng": "Saint Seiya: Warriors of the Final Holy Battle",
        "animeRomaji": "Saint Seiya: Saishuu Seisen no Senshi-tachi",
        "songName": "Soldier Dream",
        "artist": "Hironobu Kageyama & BROADWAY",
        "type": "Opening 1",
        "correctCount": 74,
        "startTime": 8,
        "songDuration": 78.264,
        "songNumber": 4,
        "activePlayerCount": 176,
        "LinkVideo": "https://files.catbox.moe/cjf78t.webm",
        "LinkMp3": "https://files.catbox.moe/n73gl6.mp3",
        "annId": 3332,
        "songDifficulty": 41.612968286350146,
        "vintage": "Winter 1989"
    },
    {
        "animeEng": "Sketchbook: Full Color's",
        "animeRomaji": "Sketchbook: Full Color's",
        "songName": "Natsu no Kioku",
        "artist": "Natsumi Kiyoura",
        "type": "Opening 2",
        "correctCount": 4,
        "startTime": 26,
        "songDuration": 89.064,
        "songNumber": 5,
        "activePlayerCount": 175,
        "LinkVideo": "https://files.catbox.moe/jn5si8.webm",
        "LinkMp3": "https://files.catbox.moe/zn3j14.mp3",
        "annId": 8031,
        "songDifficulty": 10.37749909942363,
        "vintage": "Fall 2007",
        "correctPlayers": [
            "Handre",
            "watashiii",
            "Lezzado",
            "Sovi"
        ]
    },
    {
        "animeEng": "Digimon: Data Squad",
        "animeRomaji": "Digimon Savers",
        "songName": "Gou-ing! Going! My Soul!!",
        "artist": "Dynamite SHU",
        "type": "Ending 3",
        "correctCount": 28,
        "startTime": 19,
        "songDuration": 60.12,
        "songNumber": 6,
        "activePlayerCount": 179,
        "LinkVideo": "https://files.catbox.moe/okyfoh.webm",
        "LinkMp3": "https://files.catbox.moe/jw7gy6.mp3",
        "annId": 6230,
        "songDifficulty": 28.571583764792898,
        "vintage": "Spring 2006"
    },
    {
        "animeEng": "Inu X Boku Secret Service",
        "animeRomaji": "Inu X Boku Secret Service",
        "songName": "sweets parade",
        "artist": "Kana Hanazawa",
        "type": "Ending 5",
        "correctCount": 70,
        "startTime": 8,
        "songDuration": 89.904,
        "songNumber": 7,
        "activePlayerCount": 181,
        "LinkVideo": "https://files.catbox.moe/6za0py.webm",
        "LinkMp3": "https://files.catbox.moe/2u42pb.mp3",
        "annId": 13250,
        "songDifficulty": 30.113035524837745,
        "vintage": "Winter 2012"
    },
    {
        "animeEng": "Yashahime: Princess Half-Demon",
        "animeRomaji": "Hanyou no Yashahime",
        "songName": "BURN",
        "artist": "NEWS",
        "type": "Opening 2",
        "correctCount": 15,
        "startTime": 3,
        "songDuration": 89.448,
        "songNumber": 8,
        "activePlayerCount": 182,
        "LinkVideo": "https://files.catbox.moe/knbgze.webm",
        "LinkMp3": "https://files.catbox.moe/qraxju.mp3",
        "annId": 23278,
        "songDifficulty": 14.329173629679145,
        "vintage": "Fall 2020"
    },
    {
        "animeEng": "City Hunter: Death of the Vicious Criminal Ryo Saeba",
        "animeRomaji": "City Hunter: Kinkyuu Namachuukei!? Kyouakuhan Saeba Ryou no Saigo",
        "songName": "Get Wild",
        "artist": "TM NETWORK",
        "type": "Ending 1",
        "correctCount": 72,
        "startTime": 58,
        "songDuration": 144.048,
        "songNumber": 9,
        "activePlayerCount": 184,
        "LinkVideo": "https://files.catbox.moe/hps5rq.webm",
        "LinkMp3": "https://files.catbox.moe/tcws2h.mp3",
        "annId": 554,
        "songDifficulty": 29.47706255381745,
        "vintage": "Spring 1999"
    },
    {
        "animeEng": "How Not to Summon a Demon Lord \u03a9",
        "animeRomaji": "Isekai Maou to Shoukan Shoujo no Dorei Majutsu \u03a9",
        "songName": "Ganbatteiru Kimi Dakara",
        "artist": "Yuu Serizawa, Azumi Waki, Miku Itou, Fumiko Uchimura",
        "type": "Insert Song",
        "correctCount": 6,
        "startTime": 4,
        "songDuration": 123.144,
        "songNumber": 10,
        "activePlayerCount": 186,
        "LinkVideo": "https://files.catbox.moe/qczuv4.webm",
        "LinkMp3": "https://files.catbox.moe/4nvqe9.mp3",
        "annId": 23505,
        "songDifficulty": 10.093729146178703,
        "vintage": "Spring 2021"
    },
    {
        "animeEng": "Licca-chan's Sunday",
        "animeRomaji": "Licca-chan no Nichiyoubi",
        "songName": "Lady Shikkaku",
        "artist": "Junko Iwao",
        "type": "Ending 1",
        "correctCount": 0,
        "startTime": 25,
        "songDuration": 89.472,
        "songNumber": 11,
        "activePlayerCount": 189,
        "LinkVideo": "https://files.catbox.moe/telld8.webm",
        "LinkMp3": "https://files.catbox.moe/1say7x.mp3",
        "annId": 7325,
        "songDifficulty": 6.214694747268982,
        "vintage": "Summer 1992"
    },
    {
        "animeEng": "Kamisama Kiss",
        "animeRomaji": "Kamisama Hajimemashita",
        "songName": "Kamisama no Kamisama",
        "artist": "Hanae",
        "type": "Opening 2",
        "correctCount": 74,
        "startTime": 41,
        "songDuration": 88.083384,
        "songNumber": 12,
        "activePlayerCount": 191,
        "LinkVideo": "https://files.catbox.moe/1sc3fi.webm",
        "LinkMp3": "https://files.catbox.moe/0juam4.mp3",
        "annId": 16346,
        "songDifficulty": 37.33327388452416,
        "vintage": "Summer 2013"
    },
    {
        "animeEng": "Welcome to Demon School! Iruma-kun",
        "animeRomaji": "Mairimashita! Iruma-kun",
        "songName": "Kokoro Showtime",
        "artist": "Amatsuki",
        "type": "Ending 1",
        "correctCount": 36,
        "startTime": 19,
        "songDuration": 88.992,
        "songNumber": 13,
        "activePlayerCount": 193,
        "LinkVideo": "https://files.catbox.moe/kw00ud.webm",
        "LinkMp3": "https://files.catbox.moe/lsmdhy.mp3",
        "annId": 24018,
        "songDifficulty": 33.413612119836586,
        "vintage": "Spring 2021"
    },
    {
        "animeEng": "Jaku-San-Sei Million Arthur",
        "animeRomaji": "Jaku-San-Sei Million Arthur",
        "songName": "Opperasucchon Corporation Shaka",
        "artist": "Daisuke Namikawa",
        "type": "Ending 10",
        "correctCount": 27,
        "startTime": 0,
        "songDuration": 27.768,
        "songNumber": 14,
        "activePlayerCount": 192,
        "LinkVideo": "https://files.catbox.moe/ew707l.webm",
        "LinkMp3": "https://files.catbox.moe/sh2mku.mp3",
        "annId": 17958,
        "songDifficulty": 25.348984771573605,
        "vintage": "Fall 2015"
    },
    {
        "animeEng": "Tsukimichi: Moonlit Fantasy",
        "animeRomaji": "Tsuki ga Michibiku Isekai Douchuu",
        "songName": "Ah Jinsei ni Namida Ari",
        "artist": "Ayane Sakura & Akari Kitou",
        "type": "Ending 3",
        "correctCount": 36,
        "startTime": 14,
        "songDuration": 85.392,
        "songNumber": 15,
        "activePlayerCount": 194,
        "LinkVideo": "https://files.catbox.moe/ynljr2.webm",
        "LinkMp3": "https://files.catbox.moe/ne75an.mp3",
        "annId": 24010,
        "songDifficulty": 17.068265561397556,
        "vintage": "Summer 2021"
    },
    {
        "animeEng": "Eiga Precure Miracle Leap: Minna to Fushigi na 1-nichi",
        "animeRomaji": "Eiga Precure Miracle Leap: Minna to Fushigi na 1-nichi",
        "songName": "Healin' Good\u2665Precure Touch!!",
        "artist": "Rie Kitagawa",
        "type": "Opening 1",
        "correctCount": 40,
        "startTime": 10,
        "songDuration": 173.136,
        "songNumber": 16,
        "activePlayerCount": 193,
        "LinkVideo": "https://files.catbox.moe/owoliu.webm",
        "LinkMp3": "https://files.catbox.moe/dxbtw8.mp3",
        "annId": 23265,
        "songDifficulty": 32.1513972135798,
        "vintage": "Fall 2020"
    },
    {
        "animeEng": "Duel Masters Flash",
        "animeRomaji": "Shinseiki Duel Masters Flash",
        "songName": "Kagayaku Toki",
        "artist": "Masanosuke",
        "type": "Opening 1",
        "correctCount": 66,
        "startTime": 0,
        "songDuration": 15.504,
        "songNumber": 17,
        "activePlayerCount": 194,
        "LinkVideo": "https://files.catbox.moe/zr37ac.webm",
        "LinkMp3": "https://files.catbox.moe/8e76dg.mp3",
        "annId": 7966,
        "songDifficulty": 24.345292373159833,
        "vintage": "Spring 2006"
    },
    {
        "animeEng": "Rescue Me!",
        "animeRomaji": "Rescue Me!",
        "songName": "Kyun\u2665Kyun everyday",
        "artist": "Aoki Haruko",
        "type": "Ending 1",
        "correctCount": 26,
        "startTime": 32,
        "songDuration": 71.064,
        "songNumber": 18,
        "activePlayerCount": 192,
        "LinkVideo": "https://files.catbox.moe/5x48ps.webm",
        "LinkMp3": "https://files.catbox.moe/9z3es4.mp3",
        "annId": 15128,
        "songDifficulty": 21.107536764705884,
        "vintage": "Spring 2013"
    },
    {
        "animeEng": "Fireworks",
        "animeRomaji": "Uchiage Hanabi, Shita kara Miru ka? Yoko kara Miru ka?",
        "songName": "Uchiage Hanabi",
        "artist": "DAOKO \u00d7 Kenshi Yonezu",
        "type": "Ending 1",
        "correctCount": 97,
        "startTime": 195,
        "songDuration": 279.1445,
        "songNumber": 19,
        "activePlayerCount": 192,
        "LinkVideo": "https://files.catbox.moe/98lgh8.webm",
        "LinkMp3": "https://files.catbox.moe/n0yrp7.mp3",
        "annId": 19481,
        "songDifficulty": 44.3386080380899,
        "vintage": "Summer 2017"
    },
    {
        "animeEng": "Cookin' Idol Ai! Mai! Main!",
        "animeRomaji": "Cookin' Idol Ai! Mai! Main!",
        "songName": "Saa Itameyou",
        "artist": "Haruka Fukuhara",
        "type": "Insert Song",
        "correctCount": 27,
        "startTime": 9,
        "songDuration": 50.54607,
        "songNumber": 20,
        "activePlayerCount": 191,
        "LinkVideo": "https://files.catbox.moe/517nmo.webm",
        "LinkMp3": "https://files.catbox.moe/r4ynt2.mp3",
        "annId": 10656,
        "songDifficulty": 25.880756161077237,
        "vintage": "Winter 2009"
    },
    {
        "animeEng": "Mobile Suit Gundam 0083: Stardust Memory - Mayfly of Space 2",
        "animeRomaji": "Kidou Senshi Gundam 0083: Stardust Memory - Sora no Kagerou 2",
        "songName": "STAR BRIGHT",
        "artist": "MIO",
        "type": "Ending 1",
        "correctCount": 6,
        "startTime": 41,
        "songDuration": 106.56,
        "songNumber": 21,
        "activePlayerCount": 191,
        "LinkVideo": "https://files.catbox.moe/34uct4.webm",
        "LinkMp3": "https://files.catbox.moe/9glfdn.mp3",
        "annId": 18747,
        "songDifficulty": 11.128824506487165,
        "vintage": "Winter 2016"
    },
    {
        "animeEng": "Ro-Kyu-Bu!",
        "animeRomaji": "Ro-Kyu-Bu!",
        "songName": "SHOOT!",
        "artist": "RO-KYU-BU!",
        "type": "Opening 1",
        "correctCount": 100,
        "startTime": 45,
        "songDuration": 88.752,
        "songNumber": 22,
        "activePlayerCount": 193,
        "LinkVideo": "https://files.catbox.moe/ydjfjc.webm",
        "LinkMp3": "https://files.catbox.moe/klvitc.mp3",
        "annId": 23020,
        "songDifficulty": 33.98390914585012,
        "vintage": "Spring 2013"
    },
    {
        "animeEng": "Sushi Ninja",
        "animeRomaji": "Sushi Ninja",
        "songName": "Go! Go! Sushi Ninja",
        "artist": "Hironobu Kageyama, Masaaki Endoh, Hiroshi Kitadani",
        "type": "Ending 1",
        "correctCount": 11,
        "startTime": 11,
        "songDuration": 47.28,
        "songNumber": 23,
        "activePlayerCount": 194,
        "LinkVideo": "https://files.catbox.moe/rm3ily.webm",
        "LinkMp3": "https://files.catbox.moe/ez7mwc.mp3",
        "annId": 23392,
        "songDifficulty": 8.965505915580035,
        "vintage": "Summer 2014"
    },
    {
        "animeEng": "Food Wars! The Fourth Plate",
        "animeRomaji": "Shokugeki no Souma: Shin no Sara",
        "songName": "Kibou no Uta",
        "artist": "ULTRA TOWER",
        "type": "Insert Song",
        "correctCount": 159,
        "startTime": 179,
        "songDuration": 231.552,
        "songNumber": 24,
        "activePlayerCount": 194,
        "LinkVideo": "https://files.catbox.moe/4of2ih.webm",
        "LinkMp3": "https://files.catbox.moe/7nqp51.mp3",
        "annId": 22395,
        "songDifficulty": 57.85920984455959,
        "vintage": "Fall 2019"
    },
    {
        "animeEng": "Over Drive",
        "animeRomaji": "Over Drive",
        "songName": "WINDER ~Boku wa Koko ni Iru~",
        "artist": "Shonen Kamikaze",
        "type": "Opening 1",
        "correctCount": 18,
        "startTime": 10,
        "songDuration": 91.975562,
        "songNumber": 25,
        "activePlayerCount": 194,
        "LinkVideo": "https://files.catbox.moe/53q2fx.webm",
        "LinkMp3": "https://files.catbox.moe/8j33fa.mp3",
        "annId": 7629,
        "songDifficulty": 16.11203019170295,
        "vintage": "Spring 2007"
    },
    {
        "animeEng": "Break Blade",
        "animeRomaji": "Broken Blade",
        "songName": "Junction Heart",
        "artist": "Sayaka Sasaki",
        "type": "Opening 1",
        "correctCount": 13,
        "startTime": 5,
        "songDuration": 88.368,
        "songNumber": 26,
        "activePlayerCount": 195,
        "LinkVideo": "https://files.catbox.moe/has32h.webm",
        "LinkMp3": "https://files.catbox.moe/9amk1r.mp3",
        "annId": 17090,
        "songDifficulty": 12.827719264863896,
        "vintage": "Spring 2014"
    },
    {
        "animeEng": "Desert Punk",
        "animeRomaji": "Sunabouzu",
        "songName": "Sand Mission",
        "artist": "Hideaki Takatori feat. ZETKI",
        "type": "Opening 1",
        "correctCount": 7,
        "startTime": 1,
        "songDuration": 89.592,
        "songNumber": 27,
        "activePlayerCount": 197,
        "LinkVideo": "https://files.catbox.moe/f0ibhs.webm",
        "LinkMp3": "https://files.catbox.moe/9ld5ix.mp3",
        "annId": 4128,
        "songDifficulty": 16.95871840066057,
        "vintage": "Fall 2004"
    },
    {
        "animeEng": "A Lull in the Sea",
        "animeRomaji": "Nagi no Asukara",
        "songName": "Aqua Terrarium",
        "artist": "Nagi Yanagi",
        "type": "Ending 1",
        "correctCount": 58,
        "startTime": 14,
        "songDuration": 89.04,
        "songNumber": 28,
        "activePlayerCount": 197,
        "LinkVideo": "https://files.catbox.moe/obd7ps.webm",
        "LinkMp3": "https://files.catbox.moe/7kprkk.mp3",
        "annId": 14858,
        "songDifficulty": 33.25485849326022,
        "vintage": "Fall 2013"
    },
    {
        "animeEng": "Robo to Shoujo (Kari)",
        "animeRomaji": "Robo to Shoujo (Kari)",
        "songName": "Shuuchakueki",
        "artist": "Yuka Ino",
        "type": "Ending 1",
        "correctCount": 6,
        "startTime": 40,
        "songDuration": 95.808,
        "songNumber": 29,
        "activePlayerCount": 197,
        "LinkVideo": "https://files.catbox.moe/urqsex.webm",
        "LinkMp3": "https://files.catbox.moe/2nkwr1.mp3",
        "annId": 23062,
        "songDifficulty": 5.7394330744553175,
        "vintage": "Spring 2010"
    },
    {
        "animeEng": "Mahoutsukai Precure!",
        "animeRomaji": "Mahoutsukai Precure!",
        "songName": "CURE UP\u2191RA\u2661PA\u2606PA ~Hohoemi ni Naru Mahou~",
        "artist": "Rie Takahashi & Yui Horie",
        "type": "Ending 1",
        "correctCount": 21,
        "startTime": 40,
        "songDuration": 87.936,
        "songNumber": 30,
        "activePlayerCount": 196,
        "LinkVideo": "https://files.catbox.moe/vw3kwr.webm",
        "LinkMp3": "https://files.catbox.moe/2vwb4d.mp3",
        "annId": 17962,
        "songDifficulty": 24.07425533298647,
        "vintage": "Winter 2016"
    },
    {
        "animeEng": "Children of the Whales",
        "animeRomaji": "Kujira no Kora wa Sajou ni Utau",
        "songName": "Kiroku no Uta",
        "artist": "Kujira Choir",
        "type": "Insert Song",
        "correctCount": 19,
        "startTime": 99,
        "songDuration": 142.536,
        "songNumber": 31,
        "activePlayerCount": 197,
        "LinkVideo": "https://files.catbox.moe/6h6qyq.webm",
        "LinkMp3": "https://files.catbox.moe/nxd584.mp3",
        "annId": 19359,
        "songDifficulty": 16.125404339437047,
        "vintage": "Fall 2017"
    },
    {
        "animeEng": "Dragonar Academy",
        "animeRomaji": "Seikoku no Dragonar",
        "songName": "Seiken Nante Iranai",
        "artist": "Yui Sakakibara",
        "type": "Opening 1",
        "correctCount": 23,
        "startTime": 17,
        "songDuration": 89.913475,
        "songNumber": 32,
        "activePlayerCount": 197,
        "LinkVideo": "https://files.catbox.moe/dlcjp5.webm",
        "LinkMp3": "https://files.catbox.moe/kkwtqw.mp3",
        "annId": 15707,
        "songDifficulty": 17.917349269541525,
        "vintage": "Spring 2014"
    },
    {
        "animeEng": "Ghost in the Shell",
        "animeRomaji": "Koukaku Kidoutai",
        "songName": "One Minute Warning",
        "artist": "Passengers",
        "type": "Ending 1",
        "correctCount": 30,
        "startTime": 246,
        "songDuration": 274.056,
        "songNumber": 33,
        "activePlayerCount": 200,
        "LinkVideo": "https://files.catbox.moe/ntdsso.webm",
        "LinkMp3": "https://files.catbox.moe/h2h3od.mp3",
        "annId": 465,
        "songDifficulty": 20.64230294480691,
        "vintage": "Fall 1995"
    },
    {
        "animeEng": "Hyperdimension Neptunia",
        "animeRomaji": "Choujigen Game Neptune The Animation",
        "songName": "Ryuusei no Bifrost",
        "artist": "nao",
        "type": "Insert Song",
        "correctCount": 23,
        "startTime": 67,
        "songDuration": 138.36,
        "songNumber": 34,
        "activePlayerCount": 199,
        "LinkVideo": "https://files.catbox.moe/waw7xv.webm",
        "LinkMp3": "https://files.catbox.moe/0wkir9.mp3",
        "annId": 15000,
        "songDifficulty": 20.887143436120308,
        "vintage": "Summer 2013"
    },
    {
        "animeEng": "Fatal Fury 2: The New Battle",
        "animeRomaji": "Battle Fighters Garou Densetsu 2",
        "songName": "CALLING",
        "artist": "ZI:KILL",
        "type": "Ending 1",
        "correctCount": 2,
        "startTime": 111,
        "songDuration": 159.528,
        "songNumber": 35,
        "activePlayerCount": 198,
        "LinkVideo": "https://files.catbox.moe/nzq6o6.webm",
        "LinkMp3": "https://files.catbox.moe/apyj5t.mp3",
        "annId": 823,
        "songDifficulty": 5.843536861359127,
        "vintage": "Summer 1993",
        "correctPlayers": [
            "ImTooCack",
            "Gimmicks"
        ]
    },
    {
        "animeEng": "Kupuu~!! Mamegoma!",
        "animeRomaji": "Kupuu~!! Mamegoma!",
        "songName": "Thank You! wa I LOVE YOU",
        "artist": "Kanako Miyamoto",
        "type": "Opening 1",
        "correctCount": 3,
        "startTime": 7,
        "songDuration": 58.56,
        "songNumber": 36,
        "activePlayerCount": 198,
        "LinkVideo": "https://files.catbox.moe/3bwe4c.webm",
        "LinkMp3": "https://files.catbox.moe/vik4e4.mp3",
        "annId": 10548,
        "songDifficulty": 7.412485455452128,
        "vintage": "Winter 2009",
        "correctPlayers": [
            "Hejsan",
            "Stunar",
            "watashiii"
        ]
    },
    {
        "animeEng": "Boarding School Juliet",
        "animeRomaji": "Kishuku Gakkou no Juliet",
        "songName": "Hush, Little Baby",
        "artist": "Ai Kayano",
        "type": "Insert Song",
        "correctCount": 99,
        "startTime": 2,
        "songDuration": 31.56,
        "songNumber": 37,
        "activePlayerCount": 197,
        "LinkVideo": "https://files.catbox.moe/wl0wti.webm",
        "LinkMp3": "https://files.catbox.moe/hoo0lg.mp3",
        "annId": 21013,
        "songDifficulty": 30.007026409955138,
        "vintage": "Fall 2018"
    },
    {
        "animeEng": "Is the Order a Rabbit?",
        "animeRomaji": "Gochuumon wa Usagi Desu ka?",
        "songName": "Daydream caf\u00e9",
        "artist": "Petit Rabbit's",
        "type": "Opening 1",
        "correctCount": 78,
        "startTime": 48,
        "songDuration": 90.096,
        "songNumber": 38,
        "activePlayerCount": 197,
        "LinkVideo": "https://files.catbox.moe/x0pm2g.webm",
        "LinkMp3": "https://files.catbox.moe/u6gpap.mp3",
        "annId": 15718,
        "songDifficulty": 39.029047892198804,
        "vintage": "Spring 2014"
    },
    {
        "animeEng": "Engaged to the Unidentified",
        "animeRomaji": "Mikakunin de Shinkoukei",
        "songName": "Masshiro World",
        "artist": "Mikakuning!",
        "type": "Ending 1",
        "correctCount": 88,
        "startTime": 8,
        "songDuration": 88.248,
        "songNumber": 39,
        "activePlayerCount": 198,
        "LinkVideo": "https://files.catbox.moe/hvpezc.webm",
        "LinkMp3": "https://files.catbox.moe/5x74kl.mp3",
        "annId": 15618,
        "songDifficulty": 35.15799947663425,
        "vintage": "Winter 2014"
    },
    {
        "animeEng": "Juusenshi Gulkeeva",
        "animeRomaji": "Juusenshi Gulkeeva",
        "songName": "Don't look back",
        "artist": "ZNK",
        "type": "Opening 1",
        "correctCount": 7,
        "startTime": 43,
        "songDuration": 88.464,
        "songNumber": 40,
        "activePlayerCount": 198,
        "LinkVideo": "https://files.catbox.moe/vne6r0.webm",
        "LinkMp3": "https://files.catbox.moe/thnu2p.mp3",
        "annId": 145,
        "songDifficulty": 7.030465474942836,
        "vintage": "Spring 1995"
    },
    {
        "animeEng": "Beast Wars II Chou Seimeitai Transformers: Lio Convoy Kiki Ippatsu! Movie",
        "animeRomaji": "Beast Wars II Chou Seimeitai Transformers: Lio Convoy Kiki Ippatsu! Movie",
        "songName": "My Shooting Star",
        "artist": "Current of Air",
        "type": "Ending 1",
        "correctCount": 1,
        "startTime": 16,
        "songDuration": 120.216,
        "songNumber": 41,
        "activePlayerCount": 197,
        "LinkVideo": "https://files.catbox.moe/eszlox.webm",
        "LinkMp3": "https://files.catbox.moe/v10le5.mp3",
        "annId": 2595,
        "songDifficulty": 7.94176804875753,
        "vintage": "Winter 1998",
        "correctPlayers": [
            "TakaNoTsume"
        ]
    },
    {
        "animeEng": "Attack on Titan: Chronicle",
        "animeRomaji": "Shingeki no Kyojin: Chronicle",
        "songName": "\u0259t\u02c8\u00e6k 0N t\u03ac\u026atn <WMId>",
        "artist": "Eliana",
        "type": "Insert Song",
        "correctCount": 64,
        "startTime": 61,
        "songDuration": 202.512,
        "songNumber": 42,
        "activePlayerCount": 197,
        "LinkVideo": "https://files.catbox.moe/fdtyp4.webm",
        "LinkMp3": "https://files.catbox.moe/fn1x3y.mp3",
        "annId": 23718,
        "songDifficulty": 21.722310812021988,
        "vintage": "Summer 2020"
    },
    {
        "animeEng": "The Future Diary",
        "animeRomaji": "Mirai Nikki",
        "songName": "The Creator",
        "artist": "Yousei Teikoku",
        "type": "Ending 1",
        "correctCount": 106,
        "startTime": 24,
        "songDuration": 87.24748,
        "songNumber": 43,
        "activePlayerCount": 196,
        "LinkVideo": "https://files.catbox.moe/18a065.webm",
        "LinkMp3": "https://files.catbox.moe/nd4m2m.mp3",
        "annId": 11373,
        "songDifficulty": 36.299600009667444,
        "vintage": "Fall 2010"
    },
    {
        "animeEng": "Bananya",
        "animeRomaji": "Bananya",
        "songName": "Lucky Holiday",
        "artist": "AXELL with Yuki Kaji",
        "type": "Ending 1",
        "correctCount": 142,
        "startTime": 0,
        "songDuration": 25.86078,
        "songNumber": 44,
        "activePlayerCount": 197,
        "LinkVideo": "https://files.catbox.moe/oriv84.webm",
        "LinkMp3": "https://files.catbox.moe/h3turi.mp3",
        "annId": 18457,
        "songDifficulty": 42.00338098918083,
        "vintage": "Summer 2016"
    },
    {
        "animeEng": "Dr. Stone",
        "animeRomaji": "Dr. Stone",
        "songName": "Good Morning World!",
        "artist": "BURNOUT SYNDROMES",
        "type": "Opening 1",
        "correctCount": 118,
        "startTime": 24,
        "songDuration": 89.568,
        "songNumber": 45,
        "activePlayerCount": 197,
        "LinkVideo": "https://files.catbox.moe/jjrvpb.webm",
        "LinkMp3": "https://files.catbox.moe/k5s86w.mp3",
        "annId": 21703,
        "songDifficulty": 50.612331294812314,
        "vintage": "Summer 2019"
    },
    {
        "animeEng": "Vivy: Fluorite Eye's Song",
        "animeRomaji": "Vivy: Fluorite Eye's Song",
        "songName": "Fluorite Eye's Song",
        "artist": "Kairi Yagi",
        "type": "Insert Song",
        "correctCount": 59,
        "startTime": 52,
        "songDuration": 321.288,
        "songNumber": 46,
        "activePlayerCount": 195,
        "LinkVideo": "https://files.catbox.moe/rukq4s.webm",
        "LinkMp3": "https://files.catbox.moe/6ql1s5.mp3",
        "annId": 23935,
        "songDifficulty": 40.02124742343934,
        "vintage": "Spring 2021"
    },
    {
        "animeEng": "Salad Juu Yuushi Tomatoman",
        "animeRomaji": "Salad Juu Yuushi Tomatoman",
        "songName": "Vegetable My Love",
        "artist": "Saori Hareyama",
        "type": "Opening 1",
        "correctCount": 6,
        "startTime": 20,
        "songDuration": 82.368,
        "songNumber": 47,
        "activePlayerCount": 196,
        "LinkVideo": "https://files.catbox.moe/2m6c0w.webm",
        "LinkMp3": "https://files.catbox.moe/3a1swl.mp3",
        "annId": 1727,
        "songDifficulty": 5.536418123550801,
        "vintage": "Spring 1992"
    },
    {
        "animeEng": "Fresh Precure! Omocha no Kuni wa Himitsu ga Ippai!?",
        "animeRomaji": "Fresh Precure! Omocha no Kuni wa Himitsu ga Ippai!?",
        "songName": "Let's! Fresh Precure! ~Hybrid Version~ for the Movie",
        "artist": "Mizuki Moie with Cure Fresh!",
        "type": "Opening 1",
        "correctCount": 63,
        "startTime": 22,
        "songDuration": 84.48,
        "songNumber": 48,
        "activePlayerCount": 195,
        "LinkVideo": "https://files.catbox.moe/b7nvp2.webm",
        "LinkMp3": "https://files.catbox.moe/a0ino7.mp3",
        "annId": 10866,
        "songDifficulty": 35.64432342980295,
        "vintage": "Fall 2009"
    },
    {
        "animeEng": "One Piece Movie 3",
        "animeRomaji": "One Piece: Chinjou Shima no Chopper Oukoku",
        "songName": "Mabushikute",
        "artist": "DASEIN",
        "type": "Ending 1",
        "correctCount": 16,
        "startTime": 79,
        "songDuration": 109.08,
        "songNumber": 49,
        "activePlayerCount": 194,
        "LinkVideo": "https://files.catbox.moe/1k54p8.webm",
        "LinkMp3": "https://files.catbox.moe/in2ct8.mp3",
        "annId": 3448,
        "songDifficulty": 11.482980260579938,
        "vintage": "Winter 2002"
    },
    {
        "animeEng": "Summer Days with Coo",
        "animeRomaji": "Kappa no Coo to Natsuyasumi",
        "songName": "Amagoi no Uta",
        "artist": "Kazato Tomizawa",
        "type": "Insert Song",
        "correctCount": 12,
        "startTime": 3,
        "songDuration": 39.984,
        "songNumber": 50,
        "activePlayerCount": 196,
        "LinkVideo": "https://files.catbox.moe/ntrex8.webm",
        "LinkMp3": "https://files.catbox.moe/gtcepd.mp3",
        "annId": 7764,
        "songDifficulty": 9.760195060303085,
        "vintage": "Summer 2007"
    },
    {
        "animeEng": "The Big O",
        "animeRomaji": "The Big O",
        "songName": "Big-O!",
        "artist": "Rui Nagai",
        "type": "Opening 1",
        "correctCount": 66,
        "startTime": 5,
        "songDuration": 66.297636,
        "songNumber": 51,
        "activePlayerCount": 196,
        "LinkVideo": "https://files.catbox.moe/q65joi.webm",
        "LinkMp3": "https://files.catbox.moe/3feya3.mp3",
        "annId": 231,
        "songDifficulty": 38.92670392901426,
        "vintage": "Fall 1999"
    },
    {
        "animeEng": "Gall Force: Eternal Story",
        "animeRomaji": "Gall Force: Eternal Story",
        "songName": "Tatakae!! Requiem",
        "artist": "Kiyomi Suzuki",
        "type": "Insert Song",
        "correctCount": 6,
        "startTime": 86,
        "songDuration": 117.552,
        "songNumber": 52,
        "activePlayerCount": 197,
        "LinkVideo": "https://files.catbox.moe/14ur4t.webm",
        "LinkMp3": "https://files.catbox.moe/9b1xru.mp3",
        "annId": 867,
        "songDifficulty": 8.314351353395502,
        "vintage": "Summer 1986"
    },
    {
        "animeEng": "Land of the Lustrous",
        "animeRomaji": "Houseki no Kuni",
        "songName": "Kirameku Hamabe",
        "artist": "Yuiko Ohara",
        "type": "Ending 1",
        "correctCount": 38,
        "startTime": 14,
        "songDuration": 89.04,
        "songNumber": 53,
        "activePlayerCount": 198,
        "LinkVideo": "https://files.catbox.moe/vsina2.webm",
        "LinkMp3": "https://files.catbox.moe/aca9v9.mp3",
        "annId": 19614,
        "songDifficulty": 20.41936773255814,
        "vintage": "Fall 2017"
    },
    {
        "animeEng": "City Hunter 2",
        "animeRomaji": "City Hunter 2",
        "songName": "LONELY LULLABY",
        "artist": "Akira Kamiya",
        "type": "Insert Song",
        "correctCount": 7,
        "startTime": 57,
        "songDuration": 108.144,
        "songNumber": 54,
        "activePlayerCount": 197,
        "LinkVideo": "https://files.catbox.moe/kuwwx2.webm",
        "LinkMp3": "https://files.catbox.moe/qivx2j.mp3",
        "annId": 484,
        "songDifficulty": 8.806818181818182,
        "vintage": "Spring 1988"
    },
    {
        "animeEng": "Humanoid Monster Bem",
        "animeRomaji": "Youkai Ningen Bem",
        "songName": "Hachigatsu no Eien",
        "artist": "Minako Yoshida",
        "type": "Ending 1",
        "correctCount": 2,
        "startTime": 46,
        "songDuration": 86.688,
        "songNumber": 55,
        "activePlayerCount": 196,
        "LinkVideo": "https://files.catbox.moe/drn093.webm",
        "LinkMp3": "https://files.catbox.moe/cfnk1v.mp3",
        "annId": 6541,
        "songDifficulty": 7.366771925205721,
        "vintage": "Spring 2006",
        "correctPlayers": [
            "kickbuttowski729",
            "Kameyn"
        ]
    },
    {
        "animeEng": "You're Under Arrest",
        "animeRomaji": "Taiho Shichau zo",
        "songName": "Go! Go! Patrol ~ Kimi no Heart o Taiho Suru",
        "artist": "Tokyo Policewoman Duo",
        "type": "Insert Song",
        "correctCount": 15,
        "startTime": 2,
        "songDuration": 35.064,
        "songNumber": 56,
        "activePlayerCount": 194,
        "LinkVideo": "https://files.catbox.moe/v3kc7r.webm",
        "LinkMp3": "https://files.catbox.moe/3ny3hu.mp3",
        "annId": 606,
        "songDifficulty": 13.538177490234375,
        "vintage": "Winter 1994"
    },
    {
        "animeEng": "Calimero",
        "animeRomaji": "Calimero",
        "songName": "Boku wa Calimero",
        "artist": "Rina Yamazaki",
        "type": "Opening 1",
        "correctCount": 17,
        "startTime": 19,
        "songDuration": 88.56,
        "songNumber": 57,
        "activePlayerCount": 195,
        "LinkVideo": "https://files.catbox.moe/trhaf3.webm",
        "LinkMp3": "https://files.catbox.moe/qya4mm.mp3",
        "annId": 1234,
        "songDifficulty": 17.87780453771443,
        "vintage": "Winter 1972"
    },
    {
        "animeEng": "Violinist of Hamelin",
        "animeRomaji": "Hamelin no Violin Hiki",
        "songName": "Ame Nochi Hallelujah ~Taiyou ni Nageru kiss~",
        "artist": "Yokoyama Hot Sisters",
        "type": "Ending 1",
        "correctCount": 5,
        "startTime": 8,
        "songDuration": 59.68877,
        "songNumber": 58,
        "activePlayerCount": 195,
        "LinkVideo": "https://files.catbox.moe/v08mwf.webm",
        "LinkMp3": "https://files.catbox.moe/tkzm92.mp3",
        "annId": 3234,
        "songDifficulty": 9.345120088180693,
        "vintage": "Winter 1996",
        "correctPlayers": [
            "ImTooCack",
            "watashiii",
            "TakaNoTsume",
            "Tvaz",
            "Baguett"
        ]
    },
    {
        "animeEng": "A Certain Scientific Railgun T",
        "animeRomaji": "Toaru Kagaku no Railgun T",
        "songName": "final phase",
        "artist": "fripSide",
        "type": "Opening 1",
        "correctCount": 89,
        "startTime": 8,
        "songDuration": 89.64,
        "songNumber": 59,
        "activePlayerCount": 195,
        "LinkVideo": "https://files.catbox.moe/lkdytn.webm",
        "LinkMp3": "https://files.catbox.moe/sjv4ux.mp3",
        "annId": 21484,
        "songDifficulty": 33.69794401194895,
        "vintage": "Winter 2020"
    },
    {
        "animeEng": "ef: a tale of memories.",
        "animeRomaji": "ef: a tale of memories.",
        "songName": "euphoric field (Japanese ver.)",
        "artist": "ELISA",
        "type": "Opening 3",
        "correctCount": 90,
        "startTime": 38,
        "songDuration": 87.456,
        "songNumber": 60,
        "activePlayerCount": 194,
        "LinkVideo": "https://files.catbox.moe/7x0qu5.webm",
        "LinkMp3": "https://files.catbox.moe/bzqluf.mp3",
        "annId": 8192,
        "songDifficulty": 33.29363101202405,
        "vintage": "Summer 2007"
    },
    {
        "animeEng": "Non Non Biyori",
        "animeRomaji": "Non Non Biyori",
        "songName": "Nana-iro Biyori",
        "artist": "nano.RIPE",
        "type": "Opening 1",
        "correctCount": 86,
        "startTime": 19,
        "songDuration": 90.096,
        "songNumber": 61,
        "activePlayerCount": 194,
        "LinkVideo": "https://files.catbox.moe/xw4dif.webm",
        "LinkMp3": "https://files.catbox.moe/ftc0wv.mp3",
        "annId": 15149,
        "songDifficulty": 32.316030466480946,
        "vintage": "Fall 2013"
    },
    {
        "animeEng": "Mini Van 2",
        "animeRomaji": "Mini Van 2",
        "songName": "Friends",
        "artist": "Rummy Labyrinth",
        "type": "Ending 1",
        "correctCount": 6,
        "startTime": 0,
        "songDuration": 25.224,
        "songNumber": 62,
        "activePlayerCount": 194,
        "LinkVideo": "https://files.catbox.moe/t9sllm.webm",
        "LinkMp3": "https://files.catbox.moe/c17dps.mp3",
        "annId": 22408,
        "songDifficulty": 8.874697653663079,
        "vintage": "Fall 2015"
    },
    {
        "animeEng": "Gatchaman Crowds",
        "animeRomaji": "Gatchaman Crowds",
        "songName": "Music goes on",
        "artist": "TAKUMI iwasky",
        "type": "Insert Song",
        "correctCount": 15,
        "startTime": 92,
        "songDuration": 202.44,
        "songNumber": 63,
        "activePlayerCount": 195,
        "LinkVideo": "https://files.catbox.moe/x41gzn.webm",
        "LinkMp3": "https://files.catbox.moe/eha66k.mp3",
        "annId": 15280,
        "songDifficulty": 17.295171020785876,
        "vintage": "Summer 2013"
    },
    {
        "animeEng": "Animentary Ketsudan",
        "animeRomaji": "Animentary Ketsudan",
        "songName": "Otoko Bushi",
        "artist": "Columbia Dansei Gasshou-dan",
        "type": "Ending 1",
        "correctCount": 6,
        "startTime": 7,
        "songDuration": 37.344,
        "songNumber": 64,
        "activePlayerCount": 195,
        "LinkVideo": "https://files.catbox.moe/9kc31a.webm",
        "LinkMp3": "https://files.catbox.moe/j63v3p.mp3",
        "annId": 1110,
        "songDifficulty": 7.743901522924484,
        "vintage": "Spring 1971"
    },
    {
        "animeEng": "Giovanni's Island",
        "animeRomaji": "Giovanni no Shima",
        "songName": "Katyusha",
        "artist": "Children Choir \"VESNA\"",
        "type": "Insert Song",
        "correctCount": 38,
        "startTime": 5,
        "songDuration": 44.328,
        "songNumber": 65,
        "activePlayerCount": 196,
        "LinkVideo": "https://files.catbox.moe/10nylc.webm",
        "LinkMp3": "https://files.catbox.moe/0kh8lq.mp3",
        "annId": 15681,
        "songDifficulty": 22.89041712353801,
        "vintage": "Winter 2014"
    },
    {
        "animeEng": "BanG Dream! 2nd Season",
        "animeRomaji": "BanG Dream! 2nd Season",
        "songName": "Returns",
        "artist": "Sae Otsuka",
        "type": "Insert Song",
        "correctCount": 29,
        "startTime": 79,
        "songDuration": 129.096,
        "songNumber": 66,
        "activePlayerCount": 196,
        "LinkVideo": "https://files.catbox.moe/9rlveb.webm",
        "LinkMp3": "https://files.catbox.moe/gqqmmf.mp3",
        "annId": 21289,
        "songDifficulty": 27.15951736812216,
        "vintage": "Winter 2019"
    },
    {
        "animeEng": "Love Live! Sunshine!!",
        "animeRomaji": "Love Live! School Idol Project Sunshine!!",
        "songName": "Kimi no Kokoro wa Kagayaiteru kai?",
        "artist": "Aqours",
        "type": "Insert Song",
        "correctCount": 80,
        "startTime": 163,
        "songDuration": 280.176,
        "songNumber": 67,
        "activePlayerCount": 196,
        "LinkVideo": "https://files.catbox.moe/sl8fu8.webm",
        "LinkMp3": "https://files.catbox.moe/hbwstu.mp3",
        "annId": 22079,
        "songDifficulty": 46.284,
        "vintage": null
    },
    {
        "animeEng": "Magia Record: Puella Magi Madoka Magica Side Story Season 2 - The Eve of Awakening",
        "animeRomaji": "Magia Record: Mahou Shoujo Madoka\u2606Magica Gaiden 2nd Season - Kakusei Zenya",
        "songName": "Credens justitiam",
        "artist": "Eri Itou",
        "type": "Insert Song",
        "correctCount": 138,
        "startTime": 0,
        "songDuration": 135.408,
        "songNumber": 68,
        "activePlayerCount": 195,
        "LinkVideo": "https://files.catbox.moe/mo8tpo.webm",
        "LinkMp3": "https://files.catbox.moe/4dqq10.mp3",
        "annId": 24441,
        "songDifficulty": 58.8140366307947,
        "vintage": "Summer 2021"
    },
    {
        "animeEng": "Love Live! School Idol Project",
        "animeRomaji": "Love Live! School Idol Project",
        "songName": "Aishiteru Banzai!(Piano Mix)",
        "artist": "\u03bc's",
        "type": "Insert Song",
        "correctCount": 88,
        "startTime": 3,
        "songDuration": 88.896,
        "songNumber": 69,
        "activePlayerCount": 196,
        "LinkVideo": "https://files.catbox.moe/h296au.webm",
        "LinkMp3": "https://files.catbox.moe/vtbi6m.mp3",
        "annId": 15812,
        "songDifficulty": 54.089077181208054,
        "vintage": "Spring 2014"
    },
    {
        "animeEng": "Cardcaptor Sakura",
        "animeRomaji": "Cardcaptor Sakura",
        "songName": "Ki ni Naru Aitsu",
        "artist": "Motoko Kumai",
        "type": "Insert Song",
        "correctCount": 24,
        "startTime": 138,
        "songDuration": 205.8,
        "songNumber": 70,
        "activePlayerCount": 198,
        "LinkVideo": "https://files.catbox.moe/r2omt9.webm",
        "LinkMp3": "https://files.catbox.moe/qnwwe1.mp3",
        "annId": 126,
        "songDifficulty": 19.216091436409307,
        "vintage": "Spring 1998"
    },
    {
        "animeEng": "Initial D: Second Stage",
        "animeRomaji": "Initial D: Second Stage",
        "songName": "SPEEDY SPEED BOY",
        "artist": "MARKO POLO",
        "type": "Insert Song",
        "correctCount": 9,
        "startTime": 170,
        "songDuration": 261.096,
        "songNumber": 71,
        "activePlayerCount": 199,
        "LinkVideo": "https://files.catbox.moe/wl87ht.webm",
        "LinkMp3": "https://files.catbox.moe/02cyqb.mp3",
        "annId": 1152,
        "songDifficulty": 23.949055687615957,
        "vintage": "Fall 1999"
    },
    {
        "animeEng": "Nasu: Summer in Andalusia",
        "animeRomaji": "Nasu: Andalusia no Natsu",
        "songName": "Campo",
        "artist": "Minoru Hirano",
        "type": "Insert Song",
        "correctCount": 67,
        "startTime": 18,
        "songDuration": 79.728,
        "songNumber": 72,
        "activePlayerCount": 199,
        "LinkVideo": "https://files.catbox.moe/z6ywqc.webm",
        "LinkMp3": "https://files.catbox.moe/xsm7hb.mp3",
        "annId": 3,
        "songDifficulty": 19.66341357210498,
        "vintage": "Summer 2003"
    },
    {
        "animeEng": "Nodame Cantabile: Paris",
        "animeRomaji": "Nodame Cantabile Pari-hen",
        "songName": "Sky High",
        "artist": "The Gospellers",
        "type": "Opening 1",
        "correctCount": 25,
        "startTime": 29,
        "songDuration": 79.464,
        "songNumber": 73,
        "activePlayerCount": 199,
        "LinkVideo": "https://files.catbox.moe/341n0b.webm",
        "LinkMp3": "https://files.catbox.moe/uqk11t.mp3",
        "annId": 9859,
        "songDifficulty": 19.095310435931307,
        "vintage": "Fall 2008"
    },
    {
        "animeEng": "God Eater",
        "animeRomaji": "God Eater",
        "songName": "Long Way",
        "artist": "GHOST ORACLE DRIVE",
        "type": "Insert Song",
        "correctCount": 43,
        "startTime": 25,
        "songDuration": 105.432,
        "songNumber": 74,
        "activePlayerCount": 198,
        "LinkVideo": "https://files.catbox.moe/qoa2n0.webm",
        "LinkMp3": "https://files.catbox.moe/yh773k.mp3",
        "annId": 16370,
        "songDifficulty": 20.54344893292683,
        "vintage": "Summer 2015"
    },
    {
        "animeEng": "One Room Second Season",
        "animeRomaji": "One Room Second Season",
        "songName": "Aozora Morning Glory",
        "artist": "M\u30fbA\u30fbO",
        "type": "Ending 1",
        "correctCount": 19,
        "startTime": 0,
        "songDuration": 29.568,
        "songNumber": 75,
        "activePlayerCount": 198,
        "LinkVideo": "https://files.catbox.moe/opfdwp.webm",
        "LinkMp3": "https://files.catbox.moe/4v47kt.mp3",
        "annId": 20897,
        "songDifficulty": 21.76253083881579,
        "vintage": "Summer 2018"
    },
    {
        "animeEng": "Welcome to Demon School! Iruma-kun",
        "animeRomaji": "Mairimashita! Iruma-kun",
        "songName": "Gaya Gaya Mori wa Supermarket",
        "artist": "Valac Ikka",
        "type": "Insert Song",
        "correctCount": 27,
        "startTime": 15,
        "songDuration": 86.664,
        "songNumber": 76,
        "activePlayerCount": 198,
        "LinkVideo": "https://files.catbox.moe/3d2meb.webm",
        "LinkMp3": "https://files.catbox.moe/ga0tcz.mp3",
        "annId": 24018,
        "songDifficulty": 28.981259441087612,
        "vintage": "Spring 2021"
    },
    {
        "animeEng": "Majo Minarai o Sagashite",
        "animeRomaji": "Majo Minarai o Sagashite",
        "songName": "Ojamajo Carnival!! (Majo Minarai o Sagashite Version)",
        "artist": "MAHO-dou",
        "type": "Opening 1",
        "correctCount": 16,
        "startTime": 0,
        "songDuration": 95.064,
        "songNumber": 77,
        "activePlayerCount": 200,
        "LinkVideo": "https://files.catbox.moe/o1bhkt.webm",
        "LinkMp3": "https://files.catbox.moe/pg5c0w.mp3",
        "annId": 22003,
        "songDifficulty": 15.461240096830986,
        "vintage": "Fall 2020"
    },
    {
        "animeEng": "The Jungle Book: The Adventures of Mowgli",
        "animeRomaji": "Jungle Book: Shounen Mowgli",
        "songName": "GET UP~Ai o Shinjite",
        "artist": "Toshiya Igarashi",
        "type": "Opening 1",
        "correctCount": 3,
        "startTime": 20,
        "songDuration": 82.632,
        "songNumber": 78,
        "activePlayerCount": 197,
        "LinkVideo": "https://files.catbox.moe/dn9dsu.webm",
        "LinkMp3": "https://files.catbox.moe/fzmi0y.mp3",
        "annId": 1722,
        "songDifficulty": 8.834625569951067,
        "vintage": "Fall 1989",
        "correctPlayers": [
            "Kirox",
            "wswsasd",
            "Baguett"
        ]
    },
    {
        "animeEng": "JoJo's Bizarre Adventure: Diamond Is Unbreakable",
        "animeRomaji": "JoJo no Kimyou na Bouken: Diamond wa Kudakenai",
        "songName": "I Want You",
        "artist": "Savage Garden",
        "type": "Ending 1",
        "correctCount": 108,
        "startTime": 25,
        "songDuration": 68.440792,
        "songNumber": 79,
        "activePlayerCount": 197,
        "LinkVideo": "https://files.catbox.moe/49gj2y.webm",
        "LinkMp3": "https://files.catbox.moe/8l9d04.mp3",
        "annId": 17832,
        "songDifficulty": 38.66156566977942,
        "vintage": "Spring 2016"
    },
    {
        "animeEng": "Attack on Titan Season 2",
        "animeRomaji": "Shingeki no Kyojin Season 2",
        "songName": "\u0259t\u02c8\u00e6k 0N t\u03ac\u026atn",
        "artist": "Mika Kobayashi",
        "type": "Insert Song",
        "correctCount": 149,
        "startTime": 25,
        "songDuration": 60.99487,
        "songNumber": 80,
        "activePlayerCount": 195,
        "LinkVideo": "https://files.catbox.moe/yfa23o.webm",
        "LinkMp3": "https://files.catbox.moe/c358mk.mp3",
        "annId": 16681,
        "songDifficulty": 61.39475978083681,
        "vintage": "Spring 2017"
    },
    {
        "animeEng": "Is the Order a Rabbit?",
        "animeRomaji": "Gochuumon wa Usagi Desu ka?",
        "songName": "Nichijou Decoration",
        "artist": "Petit Rabbit's",
        "type": "Ending 2",
        "correctCount": 21,
        "startTime": 5,
        "songDuration": 91.056,
        "songNumber": 81,
        "activePlayerCount": 194,
        "LinkVideo": "https://files.catbox.moe/f40xls.webm",
        "LinkMp3": "https://files.catbox.moe/valqfg.mp3",
        "annId": 15718,
        "songDifficulty": 20.27843476503044,
        "vintage": "Spring 2014"
    },
    {
        "animeEng": "DRAGON PILOT: Hisone & Masotan",
        "animeRomaji": "Hisone to Masotan",
        "songName": "Le temps de la rentr\u00e9e ~Koi no Ieji (Shingakki)~",
        "artist": "Misaki Kuno\u00d7Tomoyo Kurosawa\u00d7Maki Kawase\u00d7Kaori Nazuka\u00d7Satomi Arai",
        "type": "Ending 8",
        "correctCount": 96,
        "startTime": 52,
        "songDuration": 88.057262,
        "songNumber": 82,
        "activePlayerCount": 193,
        "LinkVideo": "https://files.catbox.moe/u52mom.webm",
        "LinkMp3": "https://files.catbox.moe/3n02ap.mp3",
        "annId": 20625,
        "songDifficulty": 41.20304419569951,
        "vintage": "Spring 2018"
    },
    {
        "animeEng": "Revolutionary Girl Utena",
        "animeRomaji": "Shoujo Kakumei Utena",
        "songName": "Fuuin Jubaku",
        "artist": "Suginami Jidou Gasshou-dan, Maki Kamiya, Kunihiko Ikuhara, Shinkichi Mitsumune",
        "type": "Insert Song",
        "correctCount": 65,
        "startTime": 68,
        "songDuration": 104.208,
        "songNumber": 83,
        "activePlayerCount": 192,
        "LinkVideo": "https://files.catbox.moe/g3n23g.webm",
        "LinkMp3": "https://files.catbox.moe/9nhmb2.mp3",
        "annId": 207,
        "songDifficulty": 41.98678578795379,
        "vintage": "Spring 1997"
    },
    {
        "animeEng": "Petit Seka",
        "animeRomaji": "Petit Seka",
        "songName": "Wah Wah World",
        "artist": "Yui Ogura, Akina, Hatsune Miku",
        "type": "Ending 1",
        "correctCount": 36,
        "startTime": 0,
        "songDuration": 27.264,
        "songNumber": 84,
        "activePlayerCount": 192,
        "LinkVideo": "https://files.catbox.moe/y8dr0f.webm",
        "LinkMp3": "https://files.catbox.moe/njcpp1.mp3",
        "annId": 24798,
        "songDifficulty": 26.464196081606218,
        "vintage": "Winter 2022"
    },
    {
        "animeEng": "Psycho-Pass 2",
        "animeRomaji": "Psycho-Pass 2",
        "songName": "Enigmatic Feeling",
        "artist": "Ling Tosite Sigure",
        "type": "Opening 1",
        "correctCount": 91,
        "startTime": 10,
        "songDuration": 90.118594,
        "songNumber": 85,
        "activePlayerCount": 187,
        "LinkVideo": "https://files.catbox.moe/phwfgw.webm",
        "LinkMp3": "https://files.catbox.moe/9vxasx.mp3",
        "annId": 15513,
        "songDifficulty": 31.635584827176388,
        "vintage": "Fall 2014"
    }
]