[
    {
        "animeEng": "Bokurano",
        "animeRomaji": "Bokurano",
        "songName": "Uninstall",
        "artist": "Chiaki Ishikawa",
        "type": "Opening 1",
        "correctCount": 78,
        "startTime": 29,
        "songDuration": 88.368,
        "songNumber": 1,
        "activePlayerCount": 153,
        "LinkVideo": "https://files.catbox.moe/6tvx3r.webm",
        "LinkMp3": "https://files.catbox.moe/g7p9nf.mp3",
        "annId": 7213,
        "songDifficulty": 39.52499746003793,
        "vintage": "Spring 2007"
    },
    {
        "animeEng": "Mon Colle Knights",
        "animeRomaji": "Rokumon Tengai Mon Colle Knight",
        "songName": "Samba da Bacchiguu",
        "artist": "Kyoko Hikami & Yuka Imai",
        "type": "Ending 2",
        "correctCount": 2,
        "startTime": 25,
        "songDuration": 80.064,
        "songNumber": 2,
        "activePlayerCount": 161,
        "LinkVideo": "https://files.catbox.moe/9h9hsa.webm",
        "LinkMp3": "https://files.catbox.moe/qdr2r3.mp3",
        "annId": 802,
        "songDifficulty": 13.707626084149894,
        "vintage": "Winter 2000",
        "correctPlayers": [
            "Hejsan",
            "EruisKawaii"
        ]
    },
    {
        "animeEng": "Sabikui Bisco",
        "animeRomaji": "Sabikui Bisco",
        "songName": "Houkou",
        "artist": "Natsuki Hanae",
        "type": "Ending 2",
        "correctCount": 20,
        "startTime": 17,
        "songDuration": 88.368,
        "songNumber": 3,
        "activePlayerCount": 163,
        "LinkVideo": "https://files.catbox.moe/me9w4o.webm",
        "LinkMp3": "https://files.catbox.moe/34n5mi.mp3",
        "annId": 24110,
        "songDifficulty": 27.826053287307975,
        "vintage": "Winter 2022"
    },
    {
        "animeEng": "Gegege no Kitarou",
        "animeRomaji": "Gegege no Kitarou",
        "songName": "Aru Wakenai no Sono Oku ni",
        "artist": "Maneki-kecak",
        "type": "Ending 7",
        "correctCount": 5,
        "startTime": 12,
        "songDuration": 58.2,
        "songNumber": 4,
        "activePlayerCount": 163,
        "LinkVideo": "https://files.catbox.moe/ihz66q.webm",
        "LinkMp3": "https://files.catbox.moe/f0syoa.mp3",
        "annId": 20562,
        "songDifficulty": 12.436444229658624,
        "vintage": "Spring 2018",
        "correctPlayers": [
            "Swords",
            "ZyxGremory",
            "Sorawooo",
            "hero7898",
            "Aquarius"
        ]
    },
    {
        "animeEng": "INTERSTELLA 5555: The 5tory of the 5ecret 5tar 5ystem",
        "animeRomaji": "INTERSTELLA 5555: The 5tory of the 5ecret 5tar 5ystem",
        "songName": "One More Time",
        "artist": "Daft Punk",
        "type": "Insert Song",
        "correctCount": 84,
        "startTime": 31,
        "songDuration": 288.96,
        "songNumber": 5,
        "activePlayerCount": 168,
        "LinkVideo": "https://files.catbox.moe/fqqrxk.webm",
        "LinkMp3": "https://files.catbox.moe/v6qzct.mp3",
        "annId": 2391,
        "songDifficulty": 49.20778335589651,
        "vintage": "Summer 2001"
    },
    {
        "animeEng": "Senki Zesshou Symphogear GX",
        "animeRomaji": "Senki Zesshou Symphogear GX",
        "songName": "Genocide Saw Heaven",
        "artist": "Yoshino Nanjou",
        "type": "Insert Song",
        "correctCount": 24,
        "startTime": 65,
        "songDuration": 98.568,
        "songNumber": 6,
        "activePlayerCount": 169,
        "LinkVideo": "https://files.catbox.moe/t5ncfb.webm",
        "LinkMp3": "https://files.catbox.moe/3ifdvj.mp3",
        "annId": 16312,
        "songDifficulty": 25.174920121571073,
        "vintage": "Summer 2015"
    },
    {
        "animeEng": "Kill la Kill",
        "animeRomaji": "Kill la Kill",
        "songName": "ambiguous",
        "artist": "GARNiDELiA",
        "type": "Opening 1",
        "correctCount": 98,
        "startTime": 57,
        "songDuration": 89.112,
        "songNumber": 7,
        "activePlayerCount": 169,
        "LinkVideo": "https://files.catbox.moe/ccs8dz.webm",
        "LinkMp3": "https://files.catbox.moe/vdoqai.mp3",
        "annId": 23879,
        "songDifficulty": 44.91733840012283,
        "vintage": "Summer 2014"
    },
    {
        "animeEng": "Arpeggio of Blue Steel: Ars Nova - DC",
        "animeRomaji": "Aoki Hagane no Arpeggio: Ars Nova DC",
        "songName": "Rock on.",
        "artist": "nano",
        "type": "Ending 1",
        "correctCount": 14,
        "startTime": 207,
        "songDuration": 250.718956,
        "songNumber": 8,
        "activePlayerCount": 169,
        "LinkVideo": "https://files.catbox.moe/63ujby.webm",
        "LinkMp3": "https://files.catbox.moe/4kg6uz.mp3",
        "annId": 16333,
        "songDifficulty": 16.331761615044247,
        "vintage": "Winter 2015"
    },
    {
        "animeEng": "Genesis Climber Mospeada",
        "animeRomaji": "Kiko Soseiki Mospeada",
        "songName": "Go Together",
        "artist": "Mine Matsuki",
        "type": "Insert Song",
        "correctCount": 1,
        "startTime": 39,
        "songDuration": 98.114232,
        "songNumber": 9,
        "activePlayerCount": 172,
        "LinkVideo": "https://files.catbox.moe/ma9ws2.webm",
        "LinkMp3": "https://files.catbox.moe/hnijgi.mp3",
        "annId": 449,
        "songDifficulty": 18.30078125,
        "vintage": "Fall 1983",
        "correctPlayers": [
            "PsCid"
        ]
    },
    {
        "animeEng": "Persona 3 the Movie #1 Spring of Birth",
        "animeRomaji": "Persona 3 the Movie #1 Spring of Birth",
        "songName": "Want To Be Close",
        "artist": "Yumi Kawamura",
        "type": "Insert Song",
        "correctCount": 35,
        "startTime": 5,
        "songDuration": 46.44,
        "songNumber": 10,
        "activePlayerCount": 173,
        "LinkVideo": "https://files.catbox.moe/99rx00.webm",
        "LinkMp3": "https://files.catbox.moe/jd2vvm.mp3",
        "annId": 14449,
        "songDifficulty": 30.005142176674365,
        "vintage": "Fall 2013"
    },
    {
        "animeEng": "Carole & Tuesday",
        "animeRomaji": "Carole & Tuesday",
        "songName": "Move Mountains",
        "artist": "Alisa",
        "type": "Insert Song",
        "correctCount": 132,
        "startTime": 39,
        "songDuration": 88.056,
        "songNumber": 11,
        "activePlayerCount": 175,
        "LinkVideo": "https://files.catbox.moe/7x3j5u.webm",
        "LinkMp3": "https://files.catbox.moe/f5c1tk.mp3",
        "annId": 21557,
        "songDifficulty": 57.38903954315886,
        "vintage": "Spring 2019"
    },
    {
        "animeEng": "Engaged to the Unidentified",
        "animeRomaji": "Mikakunin de Shinkoukei",
        "songName": "Masshiro World",
        "artist": "Mikakuning!",
        "type": "Ending 1",
        "correctCount": 90,
        "startTime": 7,
        "songDuration": 88.248,
        "songNumber": 12,
        "activePlayerCount": 176,
        "LinkVideo": "https://files.catbox.moe/hvpezc.webm",
        "LinkMp3": "https://files.catbox.moe/5x74kl.mp3",
        "annId": 15618,
        "songDifficulty": 35.42054113225762,
        "vintage": "Winter 2014"
    },
    {
        "animeEng": "Kaikan Phrase",
        "animeRomaji": "Kaikan Phrase",
        "songName": "Datenshi BLUE",
        "artist": "\u039bucifer",
        "type": "Opening 2",
        "correctCount": 9,
        "startTime": 28,
        "songDuration": 88.083384,
        "songNumber": 13,
        "activePlayerCount": 175,
        "LinkVideo": "https://files.catbox.moe/l9tblq.webm",
        "LinkMp3": "https://files.catbox.moe/rnjtw8.mp3",
        "annId": 2029,
        "songDifficulty": 7.355991998759706,
        "vintage": "Spring 1999"
    },
    {
        "animeEng": "Squid Girl",
        "animeRomaji": "Shinryaku! Ika Musume",
        "songName": "Shinryaku no Susume",
        "artist": "ULTRA-PRISM with Hisako Kanemoto",
        "type": "Opening 1",
        "correctCount": 75,
        "startTime": 26,
        "songDuration": 89.064,
        "songNumber": 14,
        "activePlayerCount": 177,
        "LinkVideo": "https://files.catbox.moe/t4exn3.webm",
        "LinkMp3": "https://files.catbox.moe/jj5la2.mp3",
        "annId": 11421,
        "songDifficulty": 32.26279384008236,
        "vintage": "Fall 2010"
    },
    {
        "animeEng": "The Great Jahy Will Not Be Defeated!",
        "animeRomaji": "Jahy-sama wa Kujikenai!",
        "songName": "Fightin\u2605Pose",
        "artist": "Yui Ogura",
        "type": "Opening 1",
        "correctCount": 41,
        "startTime": 29,
        "songDuration": 89.64,
        "songNumber": 15,
        "activePlayerCount": 177,
        "LinkVideo": "https://files.catbox.moe/5wma5p.webm",
        "LinkMp3": "https://files.catbox.moe/tdfch2.mp3",
        "annId": 24308,
        "songDifficulty": 28.93871139757025,
        "vintage": "Summer 2021"
    },
    {
        "animeEng": "Aikatsu Stars!",
        "animeRomaji": "Aikatsu Stars!",
        "songName": "Start Line!",
        "artist": "Sena\u30fbRie from AIKATSU\u2606STARS!",
        "type": "Ending 1",
        "correctCount": 29,
        "startTime": 153,
        "songDuration": 183.456,
        "songNumber": 16,
        "activePlayerCount": 177,
        "LinkVideo": "https://files.catbox.moe/3xjp42.webm",
        "LinkMp3": "https://files.catbox.moe/kbprcx.mp3",
        "annId": 18547,
        "songDifficulty": 22.734414407314,
        "vintage": "Summer 2016"
    },
    {
        "animeEng": "MFKZ",
        "animeRomaji": "Mutafukaz",
        "songName": "DE LA CALLE MUTAFUKA'",
        "artist": "Jon de Jon",
        "type": "Insert Song",
        "correctCount": 98,
        "startTime": 26,
        "songDuration": 57.168,
        "songNumber": 17,
        "activePlayerCount": 176,
        "LinkVideo": "https://files.catbox.moe/vwb02d.webm",
        "LinkMp3": "https://files.catbox.moe/3k677t.mp3",
        "annId": 22356,
        "songDifficulty": 40.72893591772152,
        "vintage": "Spring 2017"
    },
    {
        "animeEng": "K-On!",
        "animeRomaji": "K-On!",
        "songName": "Don't say \"lazy\"",
        "artist": "Sakurakou K-On-bu",
        "type": "Ending 1",
        "correctCount": 134,
        "startTime": 4,
        "songDuration": 89.256,
        "songNumber": 18,
        "activePlayerCount": 179,
        "LinkVideo": "https://files.catbox.moe/7bbw58.webm",
        "LinkMp3": "https://files.catbox.moe/n9d2ha.mp3",
        "annId": 10562,
        "songDifficulty": 49.815019885846134,
        "vintage": "Spring 2009"
    },
    {
        "animeEng": "Manga de Wakaru! Fate/Grand Order",
        "animeRomaji": "Manga de Wakaru! Fate/Grand Order",
        "songName": "Mawaseba Wakaru! FGO",
        "artist": "Tomoko Kaneda",
        "type": "Opening 1",
        "correctCount": 85,
        "startTime": 0,
        "songDuration": 28.464,
        "songNumber": 19,
        "activePlayerCount": 179,
        "LinkVideo": "https://files.catbox.moe/dh9unv.webm",
        "LinkMp3": "https://files.catbox.moe/tqoytk.mp3",
        "annId": 21942,
        "songDifficulty": 32.03668574289304,
        "vintage": "Fall 2018"
    },
    {
        "animeEng": "Crying Freeman",
        "animeRomaji": "Crying Freeman",
        "songName": "Senshi no Kyusoku",
        "artist": "Mariko Takahashi",
        "type": "Ending 1",
        "correctCount": 1,
        "startTime": 11,
        "songDuration": 217.272,
        "songNumber": 20,
        "activePlayerCount": 179,
        "LinkVideo": "https://files.catbox.moe/7ljoot.webm",
        "LinkMp3": "https://files.catbox.moe/2fmfyz.mp3",
        "annId": 1023,
        "songDifficulty": 12.800503768584802,
        "vintage": "Summer 1988",
        "correctPlayers": [
            "kar72"
        ]
    },
    {
        "animeEng": "Sakura Wars 2",
        "animeRomaji": "Sakura Taisen: Gouka Kenran",
        "songName": "Geki! Teikoku Kageki-dan (Kai)",
        "artist": "Urara Takano & Teikoku Kageki-dan",
        "type": "Opening 1",
        "correctCount": 29,
        "startTime": 16,
        "songDuration": 94.752,
        "songNumber": 21,
        "activePlayerCount": 180,
        "LinkVideo": "https://files.catbox.moe/3ducaq.webm",
        "LinkMp3": "https://files.catbox.moe/rfnhka.mp3",
        "annId": 1015,
        "songDifficulty": 26.65439503463273,
        "vintage": "Fall 1999"
    },
    {
        "animeEng": "BECK: Mongolian Chop Squad",
        "animeRomaji": "BECK: Mongolian Chop Squad",
        "songName": "brainstorm(BIG MUFF)",
        "artist": "Kazuya Hirabayashi & TATSUZO",
        "type": "Insert Song",
        "correctCount": 62,
        "startTime": 61,
        "songDuration": 182.958488,
        "songNumber": 22,
        "activePlayerCount": 180,
        "LinkVideo": "https://files.catbox.moe/hvza3e.webm",
        "LinkMp3": "https://files.catbox.moe/uom619.mp3",
        "annId": 4404,
        "songDifficulty": 29.014105300797503,
        "vintage": "Fall 2004"
    },
    {
        "animeEng": "Katte ni Kaizou",
        "animeRomaji": "Katte ni Kaizou",
        "songName": "Katte ni Kaizou Shitemo Iize",
        "artist": "Ichirou Mizuki to Tokusatsu",
        "type": "Opening 1",
        "correctCount": 15,
        "startTime": 22,
        "songDuration": 95.28,
        "songNumber": 23,
        "activePlayerCount": 181,
        "LinkVideo": "https://files.catbox.moe/15ms2l.webm",
        "LinkMp3": "https://files.catbox.moe/xnc3bo.mp3",
        "annId": 12413,
        "songDifficulty": 17.93003502310803,
        "vintage": "Spring 2011"
    },
    {
        "animeEng": "Ange Vierge",
        "animeRomaji": "Ange Vierge",
        "songName": "Love is MY RAIL",
        "artist": "Konomi Suzuki",
        "type": "Opening 1",
        "correctCount": 23,
        "startTime": 1,
        "songDuration": 88.464,
        "songNumber": 24,
        "activePlayerCount": 182,
        "LinkVideo": "https://files.catbox.moe/2pkd2e.webm",
        "LinkMp3": "https://files.catbox.moe/92afi7.mp3",
        "annId": 18170,
        "songDifficulty": 19.501252120856172,
        "vintage": "Summer 2016"
    },
    {
        "animeEng": "Starship Girl Yamamoto Yohko",
        "animeRomaji": "Soreyuke! Uchuu Senkan Yamamoto Yohko",
        "songName": "eternal promise",
        "artist": "Masami Okui",
        "type": "Insert Song",
        "correctCount": 4,
        "startTime": 26,
        "songDuration": 87.36,
        "songNumber": 25,
        "activePlayerCount": 183,
        "LinkVideo": "https://files.catbox.moe/54k270.webm",
        "LinkMp3": "https://files.catbox.moe/uer6oc.mp3",
        "annId": 96,
        "songDifficulty": 5.5549942961836285,
        "vintage": "Spring 1999",
        "correctPlayers": [
            "Bai",
            "DjCharat",
            "watashiii",
            "ozsauce"
        ]
    },
    {
        "animeEng": "Suppose a Kid From the Last Dungeon Boonies Moved to a Starter Town",
        "animeRomaji": "LasDan",
        "songName": "Tatoeba Sore wa Yuuki no Mahou",
        "artist": "Haruka Yamazaki",
        "type": "Opening 1",
        "correctCount": 39,
        "startTime": 47,
        "songDuration": 89.4,
        "songNumber": 26,
        "activePlayerCount": 183,
        "LinkVideo": "https://files.catbox.moe/wt4itl.webm",
        "LinkMp3": "https://files.catbox.moe/uc02lm.mp3",
        "annId": 22586,
        "songDifficulty": 15.471577427513559,
        "vintage": "Winter 2021"
    },
    {
        "animeEng": "Star Wars: Visions",
        "animeRomaji": "Star Wars: Visions",
        "songName": "MAGINA x FORCE",
        "artist": "Kevin Penkin [feat. Emi Evans]",
        "type": "Insert Song",
        "correctCount": 7,
        "startTime": 108,
        "songDuration": 137.64,
        "songNumber": 27,
        "activePlayerCount": 183,
        "LinkVideo": "https://files.catbox.moe/uiuke5.webm",
        "LinkMp3": "https://files.catbox.moe/fcajze.mp3",
        "annId": 23840,
        "songDifficulty": 15.326026444992554,
        "vintage": "Summer 2021"
    },
    {
        "animeEng": "Mr. Osomatsu The Movie",
        "animeRomaji": "Eiga no Osomatsu-san",
        "songName": "Kanzen-tai Osomatsu-san",
        "artist": "Luna Goami",
        "type": "Insert Song",
        "correctCount": 0,
        "startTime": 106,
        "songDuration": 250.584,
        "songNumber": 28,
        "activePlayerCount": 184,
        "LinkVideo": "https://files.catbox.moe/uc48jp.webm",
        "LinkMp3": "https://files.catbox.moe/27yzf1.mp3",
        "annId": 21718,
        "songDifficulty": 5.155078224853017,
        "vintage": "Winter 2019"
    },
    {
        "animeEng": "Magical Girl Site",
        "animeRomaji": "Mahou Shoujo Site",
        "songName": "Changing point",
        "artist": "Ryuusei Nakao",
        "type": "Opening 2",
        "correctCount": 57,
        "startTime": 19,
        "songDuration": 88.344,
        "songNumber": 29,
        "activePlayerCount": 185,
        "LinkVideo": "https://files.catbox.moe/khzme6.webm",
        "LinkMp3": "https://files.catbox.moe/vpspql.mp3",
        "annId": 20511,
        "songDifficulty": 28.031508400052502,
        "vintage": "Spring 2018"
    },
    {
        "animeEng": "Locke the Superman: Lord Leon",
        "animeRomaji": "Choujin Locke: Lord Leon",
        "songName": "Tooi Aurora",
        "artist": "Yukiko Nagao",
        "type": "Ending 1",
        "correctCount": 1,
        "startTime": 40,
        "songDuration": 71.88,
        "songNumber": 30,
        "activePlayerCount": 184,
        "LinkVideo": "https://files.catbox.moe/xs7cbe.webm",
        "LinkMp3": "https://files.catbox.moe/6az5re.mp3",
        "annId": 781,
        "songDifficulty": 4.343048046875,
        "vintage": "Fall 1989",
        "correctPlayers": [
            "EruisKawaii"
        ]
    },
    {
        "animeEng": "Beyblade Burst GT",
        "animeRomaji": "Beyblade Burst Gachi",
        "songName": "GATTI'N'ROLL",
        "artist": "Kei Iwasaki [Sekaiichi]",
        "type": "Opening 1",
        "correctCount": 88,
        "startTime": 8,
        "songDuration": 43.937204,
        "songNumber": 31,
        "activePlayerCount": 184,
        "LinkVideo": "https://files.catbox.moe/tktmni.webm",
        "LinkMp3": "https://files.catbox.moe/oy6xl1.mp3",
        "annId": 21818,
        "songDifficulty": 27.47085114117025,
        "vintage": "Spring 2019"
    },
    {
        "animeEng": "Detective Conan: The Miracle of Excalibur",
        "animeRomaji": "Meitantei Conan: Excalibur no Kiseki",
        "songName": "Overwrite",
        "artist": "BREAKERZ",
        "type": "Ending 1",
        "correctCount": 60,
        "startTime": 32,
        "songDuration": 80.616,
        "songNumber": 32,
        "activePlayerCount": 185,
        "LinkVideo": "https://files.catbox.moe/hdiugl.webm",
        "LinkMp3": "https://files.catbox.moe/slih3j.mp3",
        "annId": 23173,
        "songDifficulty": 27.601031281952967,
        "vintage": "Spring 2012"
    },
    {
        "animeEng": "Baccano!",
        "animeRomaji": "Baccano!",
        "songName": "Gun's&Roses",
        "artist": "Paradise Lunch",
        "type": "Opening 1",
        "correctCount": 125,
        "startTime": 36,
        "songDuration": 88.56,
        "songNumber": 33,
        "activePlayerCount": 185,
        "LinkVideo": "https://files.catbox.moe/cf0028.webm",
        "LinkMp3": "https://files.catbox.moe/mnc0no.mp3",
        "annId": 7492,
        "songDifficulty": 45.87990541275887,
        "vintage": "Summer 2007"
    },
    {
        "animeEng": "Love Live! School Idol Project",
        "animeRomaji": "Love Live! School Idol Project",
        "songName": "Wonderful Rush",
        "artist": "\u03bc's",
        "type": "Insert Song",
        "correctCount": 34,
        "startTime": 100,
        "songDuration": 274.056,
        "songNumber": 34,
        "activePlayerCount": 185,
        "LinkVideo": "https://files.catbox.moe/36qivx.webm",
        "LinkMp3": "https://files.catbox.moe/h2wznk.mp3",
        "annId": 22080,
        "songDifficulty": 34.06549036150148,
        "vintage": null
    },
    {
        "animeEng": "Nichijou: My Ordinary Life",
        "animeRomaji": "Nichijou",
        "songName": "Let's search for Tomorrow",
        "artist": "Mariko Honda, Mai Aizawa, Misuzu Togashi",
        "type": "Ending 15",
        "correctCount": 75,
        "startTime": 57,
        "songDuration": 89.496,
        "songNumber": 35,
        "activePlayerCount": 184,
        "LinkVideo": "https://files.catbox.moe/lfmoy5.webm",
        "LinkMp3": "https://files.catbox.moe/4jaxmn.mp3",
        "annId": 12142,
        "songDifficulty": 37.01053126145948,
        "vintage": "Spring 2011"
    },
    {
        "animeEng": "Daily Lives of High School Boys",
        "animeRomaji": "Danshi Koukousei no Nichijou",
        "songName": "Ohisama",
        "artist": "Amesaki Annainin",
        "type": "Ending 2",
        "correctCount": 106,
        "startTime": 45,
        "songDuration": 82.536,
        "songNumber": 36,
        "activePlayerCount": 183,
        "LinkVideo": "https://files.catbox.moe/g7hgrs.webm",
        "LinkMp3": "https://files.catbox.moe/gmmdjw.mp3",
        "annId": 13743,
        "songDifficulty": 38.74620855866447,
        "vintage": "Winter 2012"
    },
    {
        "animeEng": "Is It Wrong to Try to Pick Up Girls in a Dungeon?",
        "animeRomaji": "DanMachi",
        "songName": "Kimi to Boku no 1-nichi",
        "artist": "Inori Minase",
        "type": "Ending 1",
        "correctCount": 22,
        "startTime": 25,
        "songDuration": 89.568,
        "songNumber": 37,
        "activePlayerCount": 184,
        "LinkVideo": "https://files.catbox.moe/qr4ueg.webm",
        "LinkMp3": "https://files.catbox.moe/3ln76y.mp3",
        "annId": 19317,
        "songDifficulty": 9.566138377076706,
        "vintage": "Fall 2016"
    },
    {
        "animeEng": "Azumanga Daioh",
        "animeRomaji": "Azumanga Daioh",
        "songName": "Soramimi Cake",
        "artist": "Oranges & Lemons",
        "type": "Opening 1",
        "correctCount": 121,
        "startTime": 4,
        "songDuration": 88.944,
        "songNumber": 38,
        "activePlayerCount": 184,
        "LinkVideo": "https://files.catbox.moe/uhdwfr.webm",
        "LinkMp3": "https://files.catbox.moe/kfu0be.mp3",
        "annId": 799,
        "songDifficulty": 40.53480973407422,
        "vintage": "Spring 2002"
    },
    {
        "animeEng": "To Your Eternity",
        "animeRomaji": "Fumetsu no Anata e",
        "songName": "PINK BLOOD",
        "artist": "Hikaru Utada",
        "type": "Opening 1",
        "correctCount": 113,
        "startTime": 54,
        "songDuration": 87.6,
        "songNumber": 39,
        "activePlayerCount": 186,
        "LinkVideo": "https://files.catbox.moe/grzr0o.webm",
        "LinkMp3": "https://files.catbox.moe/2qh20p.mp3",
        "annId": 23600,
        "songDifficulty": 43.3248836926709,
        "vintage": "Spring 2021"
    },
    {
        "animeEng": "The 8th son? Are you kidding me?",
        "animeRomaji": "Hachi-nan tte, Sore wa Nai Deshou!",
        "songName": "Tsukiakari no Monologue",
        "artist": "AKINO arai\u00d7AKINO from bless4",
        "type": "Ending 1",
        "correctCount": 25,
        "startTime": 25,
        "songDuration": 88.896,
        "songNumber": 40,
        "activePlayerCount": 186,
        "LinkVideo": "https://files.catbox.moe/86y19q.webm",
        "LinkMp3": "https://files.catbox.moe/wg2gsu.mp3",
        "annId": 22285,
        "songDifficulty": 15.325187852400873,
        "vintage": "Spring 2020"
    },
    {
        "animeEng": "Mr. Osomatsu",
        "animeRomaji": "Osomatsu-san",
        "songName": "Kimishi Ayauku mo Chikau yore",
        "artist": "AOP",
        "type": "Opening 1",
        "correctCount": 27,
        "startTime": 58,
        "songDuration": 89.424,
        "songNumber": 41,
        "activePlayerCount": 187,
        "LinkVideo": "https://files.catbox.moe/um5p8l.webm",
        "LinkMp3": "https://files.catbox.moe/eftbmz.mp3",
        "annId": 19741,
        "songDifficulty": 25.34042827333065,
        "vintage": "Fall 2017"
    },
    {
        "animeEng": "Yu-Gi-Oh! Sevens",
        "animeRomaji": "Yu-Gi-Oh! Sevens",
        "songName": "Gouha Dai-7 Shougakkou Kouka",
        "artist": "Hiiro Ishibashi, Taku Yashiro, Natsuki Hanae",
        "type": "Ending 1",
        "correctCount": 57,
        "startTime": 53,
        "songDuration": 86.352,
        "songNumber": 42,
        "activePlayerCount": 186,
        "LinkVideo": "https://files.catbox.moe/ks15yg.webm",
        "LinkMp3": "https://files.catbox.moe/25f5tu.mp3",
        "annId": 23031,
        "songDifficulty": 29.651891025641024,
        "vintage": "Spring 2020"
    },
    {
        "animeEng": "Star of the Giants",
        "animeRomaji": "Kyojin no Hoshi",
        "songName": "Yuke Yuke Hyuuma",
        "artist": "Ensemble Bokka",
        "type": "Ending 1",
        "correctCount": 9,
        "startTime": 6,
        "songDuration": 69.264,
        "songNumber": 43,
        "activePlayerCount": 186,
        "LinkVideo": "https://files.catbox.moe/qfpd36.webm",
        "LinkMp3": "https://files.catbox.moe/m58ajx.mp3",
        "annId": 1446,
        "songDifficulty": 13.229821152998236,
        "vintage": "Winter 1968"
    },
    {
        "animeEng": "Majin Bone",
        "animeRomaji": "Majin Bone",
        "songName": "Legend Is Born",
        "artist": "Kazuki Katou",
        "type": "Opening 1",
        "correctCount": 2,
        "startTime": 43,
        "songDuration": 89.04,
        "songNumber": 44,
        "activePlayerCount": 185,
        "LinkVideo": "https://files.catbox.moe/20drxt.webm",
        "LinkMp3": "https://files.catbox.moe/6st3ck.mp3",
        "annId": 15785,
        "songDifficulty": 15.657386301841647,
        "vintage": "Spring 2014",
        "correctPlayers": [
            "Rukawa11",
            "mochiii"
        ]
    },
    {
        "animeEng": "Demon Slayer: Kimetsu no Yaiba",
        "animeRomaji": "Kimetsu no Yaiba",
        "songName": "to destroy the evil",
        "artist": "Chiaki Ishikawa feat. Tokyo Konsei",
        "type": "Ending 1",
        "correctCount": 77,
        "startTime": 5,
        "songDuration": 58.248,
        "songNumber": 45,
        "activePlayerCount": 185,
        "LinkVideo": "https://files.catbox.moe/awxlwx.webm",
        "LinkMp3": "https://files.catbox.moe/dooyju.mp3",
        "annId": 21101,
        "songDifficulty": 19.488837417812313,
        "vintage": "Spring 2019"
    },
    {
        "animeEng": "Futari wa Pretty Cure Max Heart",
        "animeRomaji": "Futari wa Precure Max Heart",
        "songName": "Murimuri?! Ariari!! IN Jaana~i?!",
        "artist": "Mayumi Gojou with Young Fresh",
        "type": "Ending 1",
        "correctCount": 18,
        "startTime": 39,
        "songDuration": 90.048,
        "songNumber": 46,
        "activePlayerCount": 186,
        "LinkVideo": "https://files.catbox.moe/jvyyk3.webm",
        "LinkMp3": "https://files.catbox.moe/d3z9tf.mp3",
        "annId": 4752,
        "songDifficulty": 17.849172472866076,
        "vintage": "Winter 2005"
    },
    {
        "animeEng": "Kuroko's Basketball",
        "animeRomaji": "Kuroko no Basuke",
        "songName": "The Other self",
        "artist": "GRANRODEO",
        "type": "Opening 1",
        "correctCount": 129,
        "startTime": 8,
        "songDuration": 89.064,
        "songNumber": 47,
        "activePlayerCount": 186,
        "LinkVideo": "https://files.catbox.moe/682aqo.webm",
        "LinkMp3": "https://files.catbox.moe/2bunp8.mp3",
        "annId": 15002,
        "songDifficulty": 44.970520883551735,
        "vintage": "Fall 2013"
    },
    {
        "animeEng": "Kabaneri of the Iron Fortress Recaps",
        "animeRomaji": "Koutetsujou no Kabaneri Soushuuhen",
        "songName": "ninelie <cry-v>",
        "artist": "SawanoHiroyuki[nZk]:Aimer",
        "type": "Ending 1",
        "correctCount": 22,
        "startTime": 246,
        "songDuration": 301.44,
        "songNumber": 48,
        "activePlayerCount": 187,
        "LinkVideo": "https://files.catbox.moe/vogjld.webm",
        "LinkMp3": "https://files.catbox.moe/0qkbne.mp3",
        "annId": 18964,
        "songDifficulty": 17.070188395182292,
        "vintage": "Fall 2016"
    },
    {
        "animeEng": "Re:Stage! Dream Days",
        "animeRomaji": "Re:Stage! Dream Days",
        "songName": "Yes, We Are!!",
        "artist": "ortensia",
        "type": "Opening 3",
        "correctCount": 9,
        "startTime": 39,
        "songDuration": 89.258874,
        "songNumber": 49,
        "activePlayerCount": 187,
        "LinkVideo": "https://files.catbox.moe/kt6xdd.webm",
        "LinkMp3": "https://files.catbox.moe/27c5fs.mp3",
        "annId": 21866,
        "songDifficulty": 14.061059888295947,
        "vintage": "Summer 2019"
    },
    {
        "animeEng": "TsukiPro the Animation",
        "animeRomaji": "TsukiPro the Animation",
        "songName": "Burny!!!",
        "artist": "SolidS",
        "type": "Insert Song",
        "correctCount": 8,
        "startTime": 14,
        "songDuration": 89.52,
        "songNumber": 50,
        "activePlayerCount": 187,
        "LinkVideo": "https://files.catbox.moe/07y1ah.webm",
        "LinkMp3": "https://files.catbox.moe/rdmrbn.mp3",
        "annId": 19898,
        "songDifficulty": 17.344594594594593,
        "vintage": "Fall 2017"
    },
    {
        "animeEng": "AKB0048",
        "animeRomaji": "AKB0048 First Stage",
        "songName": "Manatsu no Sounds Good!",
        "artist": "AKB48",
        "type": "Insert Song",
        "correctCount": 96,
        "startTime": 13,
        "songDuration": 55.968,
        "songNumber": 51,
        "activePlayerCount": 188,
        "LinkVideo": "https://files.catbox.moe/yllj2i.webm",
        "LinkMp3": "https://files.catbox.moe/rws1po.mp3",
        "annId": 13805,
        "songDifficulty": 43.34964412811388,
        "vintage": "Spring 2012"
    },
    {
        "animeEng": "Bottom-Tier Character Tomozaki",
        "animeRomaji": "Jaku-Chara Tomozaki-kun",
        "songName": "Ayafuwa Asterisk (for Hanabi Natsubayashi)",
        "artist": "Ryouko Maekawa",
        "type": "Ending 2",
        "correctCount": 96,
        "startTime": 18,
        "songDuration": 89.184,
        "songNumber": 52,
        "activePlayerCount": 188,
        "LinkVideo": "https://files.catbox.moe/tvf98n.webm",
        "LinkMp3": "https://files.catbox.moe/zvqn6i.mp3",
        "annId": 24450,
        "songDifficulty": 33.46228914359862,
        "vintage": "Spring 2021"
    },
    {
        "animeEng": "Kobato.",
        "animeRomaji": "Kobato.",
        "songName": "Ashita Kuru Hi",
        "artist": "Kana Hanazawa",
        "type": "Insert Song",
        "correctCount": 27,
        "startTime": 10,
        "songDuration": 108.199175,
        "songNumber": 53,
        "activePlayerCount": 189,
        "LinkVideo": "https://files.catbox.moe/zk66pv.webm",
        "LinkMp3": "https://files.catbox.moe/tcpref.mp3",
        "annId": 10542,
        "songDifficulty": 24.56158137628977,
        "vintage": "Fall 2009"
    },
    {
        "animeEng": "Valvrave the Liberator",
        "animeRomaji": "Kakumeiki Valvrave",
        "songName": "Soba ni Iru yo",
        "artist": "ELISA",
        "type": "Ending 2",
        "correctCount": 24,
        "startTime": 43,
        "songDuration": 88.632,
        "songNumber": 54,
        "activePlayerCount": 189,
        "LinkVideo": "https://files.catbox.moe/4xf14g.webm",
        "LinkMp3": "https://files.catbox.moe/jc64wp.mp3",
        "annId": 14983,
        "songDifficulty": 19.689701806151646,
        "vintage": "Spring 2013"
    },
    {
        "animeEng": "Fullmetal Alchemist: Brotherhood",
        "animeRomaji": "Hagane no Renkinjutsushi: Brotherhood",
        "songName": "Period",
        "artist": "CHEMISTRY",
        "type": "Opening 4",
        "correctCount": 105,
        "startTime": 22,
        "songDuration": 89.184,
        "songNumber": 55,
        "activePlayerCount": 189,
        "LinkVideo": "https://files.catbox.moe/rajrns.webm",
        "LinkMp3": "https://files.catbox.moe/0xn4tb.mp3",
        "annId": 10216,
        "songDifficulty": 40.82188534456816,
        "vintage": "Spring 2009"
    },
    {
        "animeEng": "Karuizawa Syndrome",
        "animeRomaji": "Karuizawa Syndrome",
        "songName": "Ballad ga Kikoenai",
        "artist": "Ryou Matsuda",
        "type": "Ending 1",
        "correctCount": 6,
        "startTime": 154,
        "songDuration": 216.912,
        "songNumber": 56,
        "activePlayerCount": 190,
        "LinkVideo": "https://files.catbox.moe/uvgvil.webm",
        "LinkMp3": "https://files.catbox.moe/7eg2it.mp3",
        "annId": 7088,
        "songDifficulty": 7.145978373865927,
        "vintage": "Summer 1985"
    },
    {
        "animeEng": "Silver Spoon",
        "animeRomaji": "Gin no Saji",
        "songName": "kiss you",
        "artist": "miwa",
        "type": "Opening 1",
        "correctCount": 84,
        "startTime": 23,
        "songDuration": 89.064,
        "songNumber": 57,
        "activePlayerCount": 189,
        "LinkVideo": "https://files.catbox.moe/0dch62.webm",
        "LinkMp3": "https://files.catbox.moe/q6029g.mp3",
        "annId": 15017,
        "songDifficulty": 29.935378525130773,
        "vintage": "Summer 2013"
    },
    {
        "animeEng": "Hello World",
        "animeRomaji": "Hello World",
        "songName": "Yesterday (Movie ver.)",
        "artist": "Official HiGE DANdism",
        "type": "Insert Song",
        "correctCount": 54,
        "startTime": 20,
        "songDuration": 81.432,
        "songNumber": 58,
        "activePlayerCount": 189,
        "LinkVideo": "https://files.catbox.moe/7ciam2.webm",
        "LinkMp3": "https://files.catbox.moe/tnaw4m.mp3",
        "annId": 22139,
        "songDifficulty": 27.645308626947593,
        "vintage": "Summer 2019"
    },
    {
        "animeEng": "Pok\u00e9mon: Mewtwo Returns",
        "animeRomaji": "Pocket Monsters: Mewtwo! Ware wa Koko ni Ari",
        "songName": "OK!",
        "artist": "Rica Matsumoto",
        "type": "Opening 1",
        "correctCount": 122,
        "startTime": 10,
        "songDuration": 87.648,
        "songNumber": 59,
        "activePlayerCount": 192,
        "LinkVideo": "https://files.catbox.moe/b0rnw2.webm",
        "LinkMp3": "https://files.catbox.moe/57ed40.mp3",
        "annId": 832,
        "songDifficulty": 33.251232095392794,
        "vintage": "Fall 2000"
    },
    {
        "animeEng": "Detective Conan: The Darkest Nightmare",
        "animeRomaji": "Meitantei Conan: Junkoku no Nightmare",
        "songName": "Sekai wa Anata no Iro ni Naru",
        "artist": "B'z",
        "type": "Ending 1",
        "correctCount": 88,
        "startTime": 61,
        "songDuration": 263.26525,
        "songNumber": 60,
        "activePlayerCount": 192,
        "LinkVideo": "https://files.catbox.moe/5e1otp.webm",
        "LinkMp3": "https://files.catbox.moe/1v7yd9.mp3",
        "annId": 17873,
        "songDifficulty": 25.4323220470288,
        "vintage": "Spring 2016"
    },
    {
        "animeEng": "Digimon Adventure: Born of Koromon",
        "animeRomaji": "Digimon Adventure: Born of Koromon",
        "songName": "Butter-Fly",
        "artist": "Kouji Wada",
        "type": "Ending 1",
        "correctCount": 119,
        "startTime": 7,
        "songDuration": 61.569554,
        "songNumber": 61,
        "activePlayerCount": 191,
        "LinkVideo": "https://files.catbox.moe/hnpd5k.webm",
        "LinkMp3": "https://files.catbox.moe/frsoce.mp3",
        "annId": 2523,
        "songDifficulty": 44.80865254132741,
        "vintage": "Winter 1999"
    },
    {
        "animeEng": "Boarding School Juliet",
        "animeRomaji": "Kishuku Gakkou no Juliet",
        "songName": "Hush, Little Baby",
        "artist": "Ai Kayano",
        "type": "Insert Song",
        "correctCount": 127,
        "startTime": 1,
        "songDuration": 31.56,
        "songNumber": 62,
        "activePlayerCount": 191,
        "LinkVideo": "https://files.catbox.moe/wl0wti.webm",
        "LinkMp3": "https://files.catbox.moe/hoo0lg.mp3",
        "annId": 21013,
        "songDifficulty": 29.98521101768945,
        "vintage": "Fall 2018"
    },
    {
        "animeEng": "Pompo: The Cin\u00e9phile",
        "animeRomaji": "Eiga Daisuki Pompo-san",
        "songName": "Tatoeba",
        "artist": "KAF",
        "type": "Insert Song",
        "correctCount": 23,
        "startTime": 38,
        "songDuration": 89.64,
        "songNumber": 63,
        "activePlayerCount": 190,
        "LinkVideo": "https://files.catbox.moe/60spi3.webm",
        "LinkMp3": "https://files.catbox.moe/feklp6.mp3",
        "annId": 23070,
        "songDifficulty": 21.52850865732999,
        "vintage": "Spring 2021"
    },
    {
        "animeEng": "Gakuen Handsome the Animation",
        "animeRomaji": "Gakuen Handsome the Animation",
        "songName": "Tokimeki\u2606BOYFRIEND",
        "artist": "Nekoroji",
        "type": "Opening 1",
        "correctCount": 15,
        "startTime": 30,
        "songDuration": 85.056,
        "songNumber": 64,
        "activePlayerCount": 192,
        "LinkVideo": "https://files.catbox.moe/kacyya.webm",
        "LinkMp3": "https://files.catbox.moe/2qs1ks.mp3",
        "annId": 17033,
        "songDifficulty": 11.776346363740808,
        "vintage": "Summer 2015"
    },
    {
        "animeEng": "Shounen Maid",
        "animeRomaji": "Shounen Maid",
        "songName": "innocent promise",
        "artist": "TRUSTRICK",
        "type": "Opening 1",
        "correctCount": 16,
        "startTime": 2,
        "songDuration": 87.024,
        "songNumber": 65,
        "activePlayerCount": 193,
        "LinkVideo": "https://files.catbox.moe/r0dqcq.webm",
        "LinkMp3": "https://files.catbox.moe/a2bstz.mp3",
        "annId": 17954,
        "songDifficulty": 16.203639690931272,
        "vintage": "Spring 2016"
    },
    {
        "animeEng": "Mushishi Zoku-Shou Tokubetsu-hen: Odoro no Michi",
        "animeRomaji": "Mushishi Zoku-Shou Tokubetsu-hen: Odoro no Michi",
        "songName": "SHIVER",
        "artist": "Lucy Rose",
        "type": "Opening 1",
        "correctCount": 98,
        "startTime": 30,
        "songDuration": 91.128,
        "songNumber": 66,
        "activePlayerCount": 195,
        "LinkVideo": "https://files.catbox.moe/3uq64m.webm",
        "LinkMp3": "https://files.catbox.moe/i78kh7.mp3",
        "annId": 17219,
        "songDifficulty": 41.71997705252422,
        "vintage": "Summer 2014"
    },
    {
        "animeEng": "Nekketsu Saikyou Gosaurer",
        "animeRomaji": "Nekketsu Saikyou Gosaurer",
        "songName": "KEEP ON DREAMING",
        "artist": "SAURERS",
        "type": "Opening 2",
        "correctCount": 20,
        "startTime": 52,
        "songDuration": 88.584,
        "songNumber": 67,
        "activePlayerCount": 195,
        "LinkVideo": "https://files.catbox.moe/zzhwaf.webm",
        "LinkMp3": "https://files.catbox.moe/p57ych.mp3",
        "annId": 2236,
        "songDifficulty": 8.39218818772007,
        "vintage": "Winter 1993"
    },
    {
        "animeEng": "Carol",
        "animeRomaji": "Carol",
        "songName": "Carol (Carol's Theme II)",
        "artist": "TM NETWORK",
        "type": "Insert Song",
        "correctCount": 8,
        "startTime": 30,
        "songDuration": 117.168,
        "songNumber": 68,
        "activePlayerCount": 195,
        "LinkVideo": "https://files.catbox.moe/wvooly.webm",
        "LinkMp3": "https://files.catbox.moe/8jj3un.mp3",
        "annId": 3225,
        "songDifficulty": 7.533844297496272,
        "vintage": "Winter 1990"
    },
    {
        "animeEng": "Sword Art Online: Alicization - War of Underworld",
        "animeRomaji": "Sword Art Online: Alicization - War of Underworld",
        "songName": "ANIMA",
        "artist": "ReoNa",
        "type": "Opening 1",
        "correctCount": 95,
        "startTime": 1,
        "songDuration": 89.568,
        "songNumber": 69,
        "activePlayerCount": 195,
        "LinkVideo": "https://files.catbox.moe/h0rqd7.webm",
        "LinkMp3": "https://files.catbox.moe/1yuwm1.mp3",
        "annId": 23030,
        "songDifficulty": 31.190625344200903,
        "vintage": "Summer 2020"
    },
    {
        "animeEng": "Kemeko DX",
        "animeRomaji": "Kemeko Deluxe!",
        "songName": "Kemeko Deluxe!",
        "artist": "Kemeko to Deluxe",
        "type": "Opening 1",
        "correctCount": 19,
        "startTime": 54,
        "songDuration": 89.664,
        "songNumber": 70,
        "activePlayerCount": 195,
        "LinkVideo": "https://files.catbox.moe/whbh3m.webm",
        "LinkMp3": "https://files.catbox.moe/8b38dy.mp3",
        "annId": 9011,
        "songDifficulty": 17.084098557692307,
        "vintage": "Fall 2008"
    },
    {
        "animeEng": "MOBILE SUIT GUNDAM THE ORIGIN Advent of the Red Comet",
        "animeRomaji": "Kidou Senshi Gundam: The Origin - Zenya Akai Suisei",
        "songName": "Mizu no Hoshi e Ai o Komete",
        "artist": "SUGIZO feat. KOM_I (Wednesday Campanella)",
        "type": "Ending 2",
        "correctCount": 10,
        "startTime": 27,
        "songDuration": 87.72,
        "songNumber": 71,
        "activePlayerCount": 195,
        "LinkVideo": "https://files.catbox.moe/4myxvi.webm",
        "LinkMp3": "https://files.catbox.moe/qk9gtw.mp3",
        "annId": 21826,
        "songDifficulty": 16.925264098650384,
        "vintage": "Spring 2019"
    },
    {
        "animeEng": "Aquarion Evol",
        "animeRomaji": "Aquarion Evol",
        "songName": "Genesis of Aquarion",
        "artist": "AKINO featuring bless4",
        "type": "Ending 4",
        "correctCount": 97,
        "startTime": 17,
        "songDuration": 155.04,
        "songNumber": 72,
        "activePlayerCount": 194,
        "LinkVideo": "https://files.catbox.moe/r2tdvq.webm",
        "LinkMp3": "https://files.catbox.moe/t8an6z.mp3",
        "annId": 12547,
        "songDifficulty": 40.81455301278564,
        "vintage": "Winter 2012"
    },
    {
        "animeEng": "Miss Monochrome: The Animation - 2",
        "animeRomaji": "Miss Monochrome: The Animation - 2",
        "songName": "Step by Step!",
        "artist": "Miss Monochrome",
        "type": "Ending 1",
        "correctCount": 88,
        "startTime": 32,
        "songDuration": 88.944,
        "songNumber": 73,
        "activePlayerCount": 195,
        "LinkVideo": "https://files.catbox.moe/mqxaim.webm",
        "LinkMp3": "https://files.catbox.moe/5q2l4v.mp3",
        "annId": 16894,
        "songDifficulty": 35.65188450529733,
        "vintage": "Summer 2015"
    },
    {
        "animeEng": "Dragon Ball: The Path to Power",
        "animeRomaji": "Dragon Ball: Saikyou e no Michi",
        "songName": "DAN DAN Kokoro Hikareteku",
        "artist": "FIELD OF VIEW",
        "type": "Ending 1",
        "correctCount": 105,
        "startTime": 27,
        "songDuration": 107.568,
        "songNumber": 74,
        "activePlayerCount": 195,
        "LinkVideo": "https://files.catbox.moe/76hrfg.webm",
        "LinkMp3": "https://files.catbox.moe/dfdocw.mp3",
        "annId": 2400,
        "songDifficulty": 43.63867608561749,
        "vintage": "Winter 1996"
    },
    {
        "animeEng": "Doraemon the Movie: Nobita in the New Haunts of Evil - Peko and the Five Explorers",
        "animeRomaji": "Doraemon Shin Nobita no Daimakyo: Peko to 5-nin no Tankentai",
        "songName": "Yume o Kanaete Doraemon",
        "artist": "Hibari Jidou Gasshou-dan",
        "type": "Insert Song",
        "correctCount": 62,
        "startTime": 1,
        "songDuration": 91.08,
        "songNumber": 75,
        "activePlayerCount": 195,
        "LinkVideo": "https://files.catbox.moe/ojf0jr.webm",
        "LinkMp3": "https://files.catbox.moe/6qi7ee.mp3",
        "annId": 15502,
        "songDifficulty": 40.625441225907664,
        "vintage": "Winter 2014"
    },
    {
        "animeEng": "Symphogear",
        "animeRomaji": "Senki Zesshou Symphogear",
        "songName": "Kimi to Iu Oto Kanade Tsukiru Made",
        "artist": "Minami Takayama",
        "type": "Insert Song",
        "correctCount": 39,
        "startTime": 37,
        "songDuration": 90.264,
        "songNumber": 76,
        "activePlayerCount": 195,
        "LinkVideo": "https://files.catbox.moe/2pdw1s.webm",
        "LinkMp3": "https://files.catbox.moe/ns8xq8.mp3",
        "annId": 13659,
        "songDifficulty": 32.681123798076925,
        "vintage": "Winter 2012"
    },
    {
        "animeEng": "Aikatsu!",
        "animeRomaji": "Aikatsu!",
        "songName": "Idol Katsudou! Ver. Rock",
        "artist": "Fuuri from STAR\u2606ANIS",
        "type": "Insert Song",
        "correctCount": 106,
        "startTime": 63,
        "songDuration": 99.408,
        "songNumber": 77,
        "activePlayerCount": 195,
        "LinkVideo": "https://files.catbox.moe/bj28hz.webm",
        "LinkMp3": "https://files.catbox.moe/e5lm91.mp3",
        "annId": 15597,
        "songDifficulty": 32.901262913886036,
        "vintage": "Fall 2013"
    },
    {
        "animeEng": "Beatless",
        "animeRomaji": "Beatless",
        "songName": "Error",
        "artist": "GARNiDELiA",
        "type": "Opening 1",
        "correctCount": 60,
        "startTime": 58,
        "songDuration": 89.784,
        "songNumber": 78,
        "activePlayerCount": 194,
        "LinkVideo": "https://files.catbox.moe/bs5r4l.webm",
        "LinkMp3": "https://files.catbox.moe/xg3ev3.mp3",
        "annId": 20316,
        "songDifficulty": 29.126201923076923,
        "vintage": "Winter 2018"
    },
    {
        "animeEng": "Spiritpact",
        "animeRomaji": "Spiritpact",
        "songName": "Endless Stories",
        "artist": "RiyO",
        "type": "Ending 1",
        "correctCount": 5,
        "startTime": 44,
        "songDuration": 88.584,
        "songNumber": 79,
        "activePlayerCount": 194,
        "LinkVideo": "https://files.catbox.moe/5i4be8.webm",
        "LinkMp3": "https://files.catbox.moe/lbt3cm.mp3",
        "annId": 18963,
        "songDifficulty": 12.786061703580097,
        "vintage": "Winter 2017",
        "correctPlayers": [
            "Bai",
            "Aileeeen",
            "ozsauce",
            "SakuraFujima",
            "sts2"
        ]
    },
    {
        "animeEng": "Those Who Hunt Elves",
        "animeRomaji": "Elf o Karu Mono-tachi",
        "songName": "Angel Blue",
        "artist": "Naoko Hamasaki",
        "type": "Opening 1",
        "correctCount": 13,
        "startTime": 50,
        "songDuration": 88.392,
        "songNumber": 80,
        "activePlayerCount": 194,
        "LinkVideo": "https://files.catbox.moe/ug1dm2.webm",
        "LinkMp3": "https://files.catbox.moe/xrpxi8.mp3",
        "annId": 233,
        "songDifficulty": 17.860025615592278,
        "vintage": "Fall 1996"
    },
    {
        "animeEng": "Chibi Devi!",
        "animeRomaji": "Chibi Devi!",
        "songName": "Chibi\u2606Devi! Aif!",
        "artist": "Noriko Shitaya",
        "type": "Opening 1",
        "correctCount": 175,
        "startTime": 0,
        "songDuration": 17.088,
        "songNumber": 81,
        "activePlayerCount": 197,
        "LinkVideo": "https://files.catbox.moe/x61k9p.webm",
        "LinkMp3": "https://files.catbox.moe/2m0fkh.mp3",
        "annId": 13489,
        "songDifficulty": 57.73243314105925,
        "vintage": "Fall 2011"
    },
    {
        "animeEng": "Hakuouki Shinkai: Kaze no Shou",
        "animeRomaji": "Hakuouki Shinkai: Kaze no Shou",
        "songName": "Tokiwabi",
        "artist": "Aika Yoshioka",
        "type": "Ending 1",
        "correctCount": 3,
        "startTime": 62,
        "songDuration": 119.784,
        "songNumber": 82,
        "activePlayerCount": 197,
        "LinkVideo": "https://files.catbox.moe/jvhoaz.webm",
        "LinkMp3": "https://files.catbox.moe/t94auy.mp3",
        "annId": 23042,
        "songDifficulty": 5.968522572357383,
        "vintage": "Summer 2015",
        "correctPlayers": [
            "Bai",
            "Erza_Asiaversal",
            "watashiii"
        ]
    },
    {
        "animeEng": "Magic Boy",
        "animeRomaji": "Shounen Sarutobi Sasuke",
        "songName": "Oyuu no Uta",
        "artist": "Keiko Kujou",
        "type": "Insert Song",
        "correctCount": 2,
        "startTime": 2,
        "songDuration": 50.184,
        "songNumber": 83,
        "activePlayerCount": 196,
        "LinkVideo": "https://files.catbox.moe/519d3i.webm",
        "LinkMp3": "https://files.catbox.moe/239o21.mp3",
        "annId": 1501,
        "songDifficulty": 5.2788673610409935,
        "vintage": "Fall 1959",
        "correctPlayers": [
            "Bai",
            "watashiii"
        ]
    },
    {
        "animeEng": "Bungo Stray Dogs: Dead Apple",
        "animeRomaji": "Bungo Stray Dogs: Dead Apple",
        "songName": "Reason Living",
        "artist": "SCREEN mode",
        "type": "Insert Song",
        "correctCount": 64,
        "startTime": 158,
        "songDuration": 214.056,
        "songNumber": 84,
        "activePlayerCount": 197,
        "LinkVideo": "https://files.catbox.moe/3fwsce.webm",
        "LinkMp3": "https://files.catbox.moe/llop6c.mp3",
        "annId": 19773,
        "songDifficulty": 43.84836343811718,
        "vintage": "Winter 2018"
    },
    {
        "animeEng": "Ojamajo Doremi Dokkaan",
        "animeRomaji": "Ojamajo Doremi Dokkaan",
        "songName": "Ojamajo Carnival!!",
        "artist": "MAHO-dou",
        "type": "Insert Song",
        "correctCount": 94,
        "startTime": 39,
        "songDuration": 89.232,
        "songNumber": 85,
        "activePlayerCount": 188,
        "LinkVideo": "https://files.catbox.moe/z3cr7g.webm",
        "LinkMp3": "https://files.catbox.moe/q1py9a.mp3",
        "annId": 1649,
        "songDifficulty": 38.033245311587855,
        "vintage": "Winter 2002"
    }
]