[
    {
        "animeEng": "The Gymnastics Samurai",
        "animeRomaji": "Taiso Samurai",
        "songName": "Otoko to Onna no Love Game",
        "artist": "Mika Hino & Shiro Aoi",
        "type": "Insert Song",
        "correctCount": 12,
        "startTime": 17,
        "songDuration": 48.048,
        "songNumber": 1,
        "activePlayerCount": 157,
        "LinkVideo": "https://files.catbox.moe/za92qi.webm",
        "LinkMp3": "https://files.catbox.moe/437ky5.mp3",
        "annId": 23566,
        "songDifficulty": 12.307036000089413,
        "vintage": "Fall 2020"
    },
    {
        "animeEng": "Sugar Sugar Rune",
        "animeRomaji": "Sugar Sugar Rune",
        "songName": "Chocolat ni Muchuu",
        "artist": "Karia Nomoto",
        "type": "Opening 1",
        "correctCount": 56,
        "startTime": 51,
        "songDuration": 86.136,
        "songNumber": 2,
        "activePlayerCount": 170,
        "LinkVideo": "https://files.catbox.moe/ni831z.webm",
        "LinkMp3": "https://files.catbox.moe/df1bmj.mp3",
        "annId": 5334,
        "songDifficulty": 34.5807615695263,
        "vintage": "Summer 2005"
    },
    {
        "animeEng": "Owarimonogatari",
        "animeRomaji": "Owarimonogatari",
        "songName": "SHIORI",
        "artist": "ClariS",
        "type": "Ending 1",
        "correctCount": 33,
        "startTime": 20,
        "songDuration": 88.872,
        "songNumber": 3,
        "activePlayerCount": 175,
        "LinkVideo": "https://files.catbox.moe/ew0dso.webm",
        "LinkMp3": "https://files.catbox.moe/k4nq6x.mp3",
        "annId": 19397,
        "songDifficulty": 21.99708512655531,
        "vintage": "Summer 2017"
    },
    {
        "animeEng": "Mobile Suit Gundam Unicorn RE:0096",
        "animeRomaji": "Kidou Senshi Gundam Unicorn RE:0096",
        "songName": "RE:I AM",
        "artist": "Aimer",
        "type": "Opening 2",
        "correctCount": 24,
        "startTime": 14,
        "songDuration": 115.992,
        "songNumber": 4,
        "activePlayerCount": 179,
        "LinkVideo": "https://files.catbox.moe/6gd1ul.webm",
        "LinkMp3": "https://files.catbox.moe/s8wcps.mp3",
        "annId": 18087,
        "songDifficulty": 28.712783850387034,
        "vintage": "Spring 2016"
    },
    {
        "animeEng": "Fruits Basket Season 2",
        "animeRomaji": "Fruits Basket 2nd Season",
        "songName": "Eden",
        "artist": "MONKEY MAJIK",
        "type": "Ending 3",
        "correctCount": 30,
        "startTime": 41,
        "songDuration": 90.048,
        "songNumber": 5,
        "activePlayerCount": 179,
        "LinkVideo": "https://files.catbox.moe/f9y7t6.webm",
        "LinkMp3": "https://files.catbox.moe/wntghj.mp3",
        "annId": 22588,
        "songDifficulty": 26.52611132672558,
        "vintage": "Spring 2020"
    },
    {
        "animeEng": "Keep Your Hands Off Eizouken!",
        "animeRomaji": "Eizouken ni wa Te o Dasu na!",
        "songName": "Easy Breezy",
        "artist": "chelmico",
        "type": "Opening 1",
        "correctCount": 131,
        "startTime": 25,
        "songDuration": 89.064,
        "songNumber": 6,
        "activePlayerCount": 179,
        "LinkVideo": "https://files.catbox.moe/cz5gj5.webm",
        "LinkMp3": "https://files.catbox.moe/0i4m3e.mp3",
        "annId": 22561,
        "songDifficulty": 46.20232546183638,
        "vintage": "Winter 2020"
    },
    {
        "animeEng": "BanG Dream! Girls Band Party!: 5th Anniversary Animation - CiRCLE THANKS PARTY!",
        "animeRomaji": "BanG Dream! Girls Band Party!: 5th Anniversary Animation - CiRCLE THANKS PARTY!",
        "songName": "SAKURA MEMORIES",
        "artist": "Poppin'Party",
        "type": "Ending 2",
        "correctCount": 5,
        "startTime": 34,
        "songDuration": 87.816,
        "songNumber": 7,
        "activePlayerCount": 181,
        "LinkVideo": "https://files.catbox.moe/y8mc2m.webm",
        "LinkMp3": "https://files.catbox.moe/85vrn6.mp3",
        "annId": 25436,
        "songDifficulty": 24.994489508572567,
        "vintage": "Winter 2022",
        "correctPlayers": [
            "Baguett",
            "thenoobster",
            "FUCK_AMQ",
            "Tapumomo_",
            "Noru"
        ]
    },
    {
        "animeEng": "Heart Cocktail",
        "animeRomaji": "Heart Cocktail",
        "songName": "Glass ni Yubiwa",
        "artist": "WISE",
        "type": "Insert Song",
        "correctCount": 1,
        "startTime": 93,
        "songDuration": 170.352,
        "songNumber": 8,
        "activePlayerCount": 182,
        "LinkVideo": "https://files.catbox.moe/incnpi.webm",
        "LinkMp3": "https://files.catbox.moe/7cdurk.mp3",
        "annId": 2251,
        "songDifficulty": 7.5,
        "vintage": "Fall 1986",
        "correctPlayers": [
            "SrueyaF"
        ]
    },
    {
        "animeEng": "Detective Conan: The Darkest Nightmare",
        "animeRomaji": "Meitantei Conan: Junkoku no Nightmare",
        "songName": "Sekai wa Anata no Iro ni Naru",
        "artist": "B'z",
        "type": "Ending 1",
        "correctCount": 57,
        "startTime": 56,
        "songDuration": 263.26525,
        "songNumber": 9,
        "activePlayerCount": 182,
        "LinkVideo": "https://files.catbox.moe/5e1otp.webm",
        "LinkMp3": "https://files.catbox.moe/1v7yd9.mp3",
        "annId": 17873,
        "songDifficulty": 25.32311397957402,
        "vintage": "Spring 2016"
    },
    {
        "animeEng": "AKB0048 Next Stage",
        "animeRomaji": "AKB0048 Next Stage",
        "songName": "Pioneer",
        "artist": "AKB48",
        "type": "Insert Song",
        "correctCount": 101,
        "startTime": 66,
        "songDuration": 174.672,
        "songNumber": 10,
        "activePlayerCount": 185,
        "LinkVideo": "https://files.catbox.moe/cuo0wn.webm",
        "LinkMp3": "https://files.catbox.moe/muzame.mp3",
        "annId": 14873,
        "songDifficulty": 38.581643562030074,
        "vintage": "Winter 2013"
    },
    {
        "animeEng": "Code Geass: Lelouch of the Re;surrection",
        "animeRomaji": "Code Geass: Fukkatsu no Lelouch",
        "songName": "Kono Sekai de",
        "artist": "Leo Ieiri",
        "type": "Opening 1",
        "correctCount": 40,
        "startTime": 16,
        "songDuration": 94.404908,
        "songNumber": 11,
        "activePlayerCount": 184,
        "LinkVideo": "https://files.catbox.moe/dr2d8b.webm",
        "LinkMp3": "https://files.catbox.moe/r4lxqu.mp3",
        "annId": 21251,
        "songDifficulty": 15.435503240783305,
        "vintage": "Winter 2019"
    },
    {
        "animeEng": "Chronos Ruler",
        "animeRomaji": "Jikan no Shihaisha",
        "songName": "RULER GAME",
        "artist": "Fo'xTails",
        "type": "Opening 1",
        "correctCount": 14,
        "startTime": 18,
        "songDuration": 88.944,
        "songNumber": 12,
        "activePlayerCount": 184,
        "LinkVideo": "https://files.catbox.moe/f8lwl1.webm",
        "LinkMp3": "https://files.catbox.moe/0br11j.mp3",
        "annId": 18936,
        "songDifficulty": 13.905489326964593,
        "vintage": "Summer 2017"
    },
    {
        "animeEng": "Macross 7",
        "animeRomaji": "Macross 7",
        "songName": "HOLY LONELY LIGHT",
        "artist": "Fire Bomber",
        "type": "Insert Song",
        "correctCount": 38,
        "startTime": 57,
        "songDuration": 97.872,
        "songNumber": 13,
        "activePlayerCount": 184,
        "LinkVideo": "https://files.catbox.moe/q2mue6.webm",
        "LinkMp3": "https://files.catbox.moe/7sxkau.mp3",
        "annId": 940,
        "songDifficulty": 27.77582394125683,
        "vintage": "Fall 1994"
    },
    {
        "animeEng": "Fanfare of Adolescence",
        "animeRomaji": "Gunjou no Fanfare",
        "songName": "Move the soul",
        "artist": "JO1",
        "type": "Opening 1",
        "correctCount": 42,
        "startTime": 52,
        "songDuration": 89.976,
        "songNumber": 14,
        "activePlayerCount": 185,
        "LinkVideo": "https://files.catbox.moe/3erpl8.webm",
        "LinkMp3": "https://files.catbox.moe/uoj7lz.mp3",
        "annId": 24671,
        "songDifficulty": 25.886676000341996,
        "vintage": "Spring 2022"
    },
    {
        "animeEng": "Tsuki wa Higashi ni Hi wa Nishi ni: Operation Sanctuary",
        "animeRomaji": "Tsuki wa Higashi ni Hi wa Nishi ni: Operation Sanctuary",
        "songName": "Amulet",
        "artist": "Mayumi Iizuka",
        "type": "Opening 1",
        "correctCount": 9,
        "startTime": 25,
        "songDuration": 84.062,
        "songNumber": 15,
        "activePlayerCount": 185,
        "LinkVideo": "https://files.catbox.moe/pvrj3b.webm",
        "LinkMp3": "https://files.catbox.moe/mmf01a.mp3",
        "annId": 2914,
        "songDifficulty": 12.144451360271672,
        "vintage": "Spring 2004"
    },
    {
        "animeEng": "Delpower X Bakuhatsu Miracle Genki!",
        "animeRomaji": "Delpower X Bakuhatsu Miracle Genki!",
        "songName": "Breakin' Me",
        "artist": "Mitsuko Horie & Koorogi '73",
        "type": "Opening 1",
        "correctCount": 10,
        "startTime": 88,
        "songDuration": 180.144,
        "songNumber": 16,
        "activePlayerCount": 185,
        "LinkVideo": "https://files.catbox.moe/l0xst3.webm",
        "LinkMp3": "https://files.catbox.moe/m5exzs.mp3",
        "annId": 3362,
        "songDifficulty": 13.594999477900972,
        "vintage": "Fall 1986"
    },
    {
        "animeEng": "Galaxy Express 999",
        "animeRomaji": "Ginga Tetsudou 999",
        "songName": "THE GALAXY EXPRESS 999",
        "artist": "Godiego",
        "type": "Ending 1",
        "correctCount": 95,
        "startTime": 96,
        "songDuration": 154.344,
        "songNumber": 17,
        "activePlayerCount": 186,
        "LinkVideo": "https://files.catbox.moe/ax2tz7.webm",
        "LinkMp3": "https://files.catbox.moe/i9mvqr.mp3",
        "annId": 1362,
        "songDifficulty": 32.66921655527866,
        "vintage": "Summer 1979"
    },
    {
        "animeEng": "Great Mazinger",
        "animeRomaji": "Great Mazinger",
        "songName": "Yuusha wa Mazinger",
        "artist": "Ichiro Mizuki & Columbia Yurikago-kai",
        "type": "Ending 1",
        "correctCount": 144,
        "startTime": 24,
        "songDuration": 68.496,
        "songNumber": 18,
        "activePlayerCount": 189,
        "LinkVideo": "https://files.catbox.moe/cj4sc9.webm",
        "LinkMp3": "https://files.catbox.moe/myputz.mp3",
        "annId": 1997,
        "songDifficulty": 35.034128982636545,
        "vintage": "Summer 1974"
    },
    {
        "animeEng": "Neo Angelique Abyss",
        "animeRomaji": "Neo Angelique Abyss",
        "songName": "JOY TO THE WORLD",
        "artist": "Orb Hunter 4",
        "type": "Opening 1",
        "correctCount": 5,
        "startTime": 0,
        "songDuration": 89.76,
        "songNumber": 19,
        "activePlayerCount": 188,
        "LinkVideo": "https://files.catbox.moe/obf4nr.webm",
        "LinkMp3": "https://files.catbox.moe/jcxcs7.mp3",
        "annId": 9068,
        "songDifficulty": 12.363955197056834,
        "vintage": "Spring 2008",
        "correctPlayers": [
            "Heyko",
            "SrueyaF",
            "bota",
            "Louebul",
            "FUCK_AMQ"
        ]
    },
    {
        "animeEng": "Aikatsu!",
        "animeRomaji": "Aikatsu!",
        "songName": "Idol Katsudou! Ver. Rock",
        "artist": "Fuuri from STAR\u2606ANIS",
        "type": "Insert Song",
        "correctCount": 58,
        "startTime": 42,
        "songDuration": 99.408,
        "songNumber": 20,
        "activePlayerCount": 186,
        "LinkVideo": "https://files.catbox.moe/bj28hz.webm",
        "LinkMp3": "https://files.catbox.moe/e5lm91.mp3",
        "annId": 15597,
        "songDifficulty": 33.494861552495294,
        "vintage": "Fall 2013"
    },
    {
        "animeEng": "Land of the Lustrous",
        "animeRomaji": "Houseki no Kuni",
        "songName": "Kirameku Hamabe",
        "artist": "Yuiko Ohara",
        "type": "Ending 1",
        "correctCount": 52,
        "startTime": 17,
        "songDuration": 89.04,
        "songNumber": 21,
        "activePlayerCount": 186,
        "LinkVideo": "https://files.catbox.moe/vsina2.webm",
        "LinkMp3": "https://files.catbox.moe/aca9v9.mp3",
        "annId": 19614,
        "songDifficulty": 20.17697313202686,
        "vintage": "Fall 2017"
    },
    {
        "animeEng": "Busou Shinki",
        "animeRomaji": "Busou Shinki",
        "songName": "sweet dream",
        "artist": "azusa",
        "type": "Insert Song",
        "correctCount": 7,
        "startTime": 85,
        "songDuration": 147.38605,
        "songNumber": 22,
        "activePlayerCount": 191,
        "LinkVideo": "https://files.catbox.moe/x7d4np.webm",
        "LinkMp3": "https://files.catbox.moe/i8tjm1.mp3",
        "annId": 14341,
        "songDifficulty": 8.919491525423728,
        "vintage": "Fall 2012"
    },
    {
        "animeEng": "How Not to Summon a Demon Lord",
        "animeRomaji": "Isekai Maou to Shoukan Shoujo no Dorei Majutsu",
        "songName": "Saiaku na Hi demo Anata ga Suki.",
        "artist": "Yuu Serizawa",
        "type": "Ending 1",
        "correctCount": 38,
        "startTime": 26,
        "songDuration": 89.568,
        "songNumber": 23,
        "activePlayerCount": 191,
        "LinkVideo": "https://files.catbox.moe/qt9y1p.webm",
        "LinkMp3": "https://files.catbox.moe/0wsfod.mp3",
        "annId": 20582,
        "songDifficulty": 16.863025417421692,
        "vintage": "Summer 2018"
    },
    {
        "animeEng": "Night World",
        "animeRomaji": "Yoru no Kuni",
        "songName": "Hoshi no Kieta Yoru ni ~rit. ver.~",
        "artist": "Aimer",
        "type": "Ending 3",
        "correctCount": 40,
        "startTime": 212,
        "songDuration": 251.64,
        "songNumber": 24,
        "activePlayerCount": 191,
        "LinkVideo": "https://files.catbox.moe/mpiixf.webm",
        "LinkMp3": "https://files.catbox.moe/2vkih7.mp3",
        "annId": 24298,
        "songDifficulty": 25.86393562180307,
        "vintage": "Spring 2021"
    },
    {
        "animeEng": "Aikatsu Planet!",
        "animeRomaji": "Aikatsu Planet!",
        "songName": "Kirari\u2606Party\u266aTime",
        "artist": "Mao\u30fbKyouko from STARRY PLANET\u2606",
        "type": "Insert Song",
        "correctCount": 27,
        "startTime": 62,
        "songDuration": 128.016,
        "songNumber": 25,
        "activePlayerCount": 191,
        "LinkVideo": "https://files.catbox.moe/267fzp.webm",
        "LinkMp3": "https://files.catbox.moe/ofefua.mp3",
        "annId": 23849,
        "songDifficulty": 28.602721192273535,
        "vintage": "Winter 2021"
    },
    {
        "animeEng": "Goldfish Warning!",
        "animeRomaji": "Kingyo Chuuihou!",
        "songName": "Super Kingyo",
        "artist": "Junko Uchida",
        "type": "Ending 1",
        "correctCount": 4,
        "startTime": 47,
        "songDuration": 83.303058,
        "songNumber": 26,
        "activePlayerCount": 195,
        "LinkVideo": "https://files.catbox.moe/y551ba.webm",
        "LinkMp3": "https://files.catbox.moe/eo8p1r.mp3",
        "annId": 1401,
        "songDifficulty": 15.656110942556634,
        "vintage": "Winter 1991",
        "correctPlayers": [
            "watashiii",
            "Nippah",
            "mochiii",
            "munyamunya"
        ]
    },
    {
        "animeEng": "Shoujo\u2606Conto All Starlight",
        "animeRomaji": "Shoujo\u2606Conto All Starlight",
        "songName": "Chou ni Natte Mimasen ka",
        "artist": "Rinmeikan Jogakkou",
        "type": "Insert Song",
        "correctCount": 29,
        "startTime": 0,
        "songDuration": 28.128,
        "songNumber": 27,
        "activePlayerCount": 196,
        "LinkVideo": "https://files.catbox.moe/kcwenx.webm",
        "LinkMp3": "https://files.catbox.moe/ly65vk.mp3",
        "annId": 22447,
        "songDifficulty": 19.356626067546586,
        "vintage": "Summer 2019"
    },
    {
        "animeEng": "Kayoko's Diary",
        "animeRomaji": "Ushiro no Shoumen Daare",
        "songName": "Ai wa Itsumo",
        "artist": "Emiko Shiratori",
        "type": "Ending 1",
        "correctCount": 7,
        "startTime": 125,
        "songDuration": 197.712,
        "songNumber": 28,
        "activePlayerCount": 195,
        "LinkVideo": "https://files.catbox.moe/n2p3jo.webm",
        "LinkMp3": "https://files.catbox.moe/t9qunm.mp3",
        "annId": 4735,
        "songDifficulty": 6.1287811337871885,
        "vintage": "Winter 1991"
    },
    {
        "animeEng": "Spirited Away",
        "animeRomaji": "Sen to Chihiro no Kamikakushi",
        "songName": "Itsumo Nando demo",
        "artist": "Yumi Kimura",
        "type": "Ending 1",
        "correctCount": 135,
        "startTime": 144,
        "songDuration": 212.808,
        "songNumber": 29,
        "activePlayerCount": 197,
        "LinkVideo": "https://files.catbox.moe/5azbnv.webm",
        "LinkMp3": "https://files.catbox.moe/q2lwec.mp3",
        "annId": 377,
        "songDifficulty": 33.02918401332223,
        "vintage": "Summer 2001"
    },
    {
        "animeEng": "Aihime Megohime",
        "animeRomaji": "Aihime Megohime",
        "songName": "My Angel",
        "artist": "Yoshikuni Douchin",
        "type": "Ending 1",
        "correctCount": 2,
        "startTime": 2,
        "songDuration": 62.064,
        "songNumber": 30,
        "activePlayerCount": 198,
        "LinkVideo": "https://files.catbox.moe/x8ctgv.webm",
        "LinkMp3": "https://files.catbox.moe/7654xz.mp3",
        "annId": 24074,
        "songDifficulty": 3.417877614045903,
        "vintage": "Winter 2019",
        "correctPlayers": [
            "SrueyaF",
            "Hejsan"
        ]
    },
    {
        "animeEng": "UFO Robo Grendizer",
        "animeRomaji": "UFO Robo Grendizer",
        "songName": "Tobe! Grendizer",
        "artist": "Isao Sasaki, Columbia Yurikago-kai, Koorogi '73",
        "type": "Opening 1",
        "correctCount": 74,
        "startTime": 20,
        "songDuration": 67.68,
        "songNumber": 31,
        "activePlayerCount": 200,
        "LinkVideo": "https://files.catbox.moe/1zixm4.webm",
        "LinkMp3": "https://files.catbox.moe/hsbzz5.mp3",
        "annId": 1198,
        "songDifficulty": 28.47421022299586,
        "vintage": "Fall 1975"
    },
    {
        "animeEng": "Given",
        "animeRomaji": "Given",
        "songName": "Fuyu no Hanashi",
        "artist": "Given",
        "type": "Insert Song",
        "correctCount": 54,
        "startTime": 117,
        "songDuration": 200.376,
        "songNumber": 32,
        "activePlayerCount": 203,
        "LinkVideo": "https://files.catbox.moe/98lvzn.webm",
        "LinkMp3": "https://files.catbox.moe/y9ug82.mp3",
        "annId": 21958,
        "songDifficulty": 41.21685606060606,
        "vintage": "Summer 2019"
    },
    {
        "animeEng": "Love Live! School Idol Project",
        "animeRomaji": "Love Live! School Idol Project",
        "songName": "Happy maker!",
        "artist": "\u03bc's",
        "type": "Insert Song",
        "correctCount": 43,
        "startTime": 12,
        "songDuration": 142.176,
        "songNumber": 33,
        "activePlayerCount": 202,
        "LinkVideo": "https://files.catbox.moe/i80nkl.webm",
        "LinkMp3": "https://files.catbox.moe/5m2qh4.mp3",
        "annId": 15812,
        "songDifficulty": 31.481969463113472,
        "vintage": "Spring 2014"
    },
    {
        "animeEng": "Himitsu Kessha Taka no Tsume The Movie 3: http://takanotsume.jp wa Eien ni",
        "animeRomaji": "Himitsu Kessha Taka no Tsume The Movie 3: http://takanotsume.jp wa Eien ni",
        "songName": "Yume Yaburete I Dreamed A Dream",
        "artist": "Susan Boyle",
        "type": "Ending 1",
        "correctCount": 7,
        "startTime": 73,
        "songDuration": 163.392,
        "songNumber": 34,
        "activePlayerCount": 200,
        "LinkVideo": "https://files.catbox.moe/fftloi.webm",
        "LinkMp3": "https://files.catbox.moe/xfn2ak.mp3",
        "annId": 11034,
        "songDifficulty": 10.37517386199422,
        "vintage": "Winter 2010"
    },
    {
        "animeEng": "Lupin the 3rd: Part 6",
        "animeRomaji": "Lupin Sansei: Part VI",
        "songName": "MILK TEA",
        "artist": "Yuji Ohno & Lupintic Six with Friends feat. Akari Dritschler",
        "type": "Ending 1",
        "correctCount": 8,
        "startTime": 29,
        "songDuration": 84.168,
        "songNumber": 35,
        "activePlayerCount": 203,
        "LinkVideo": "https://files.catbox.moe/x16mzq.webm",
        "LinkMp3": "https://files.catbox.moe/4lizqr.mp3",
        "annId": 24385,
        "songDifficulty": 19.318751514050387,
        "vintage": "Fall 2021"
    },
    {
        "animeEng": "The Misfit of Demon King Academy",
        "animeRomaji": "Maou Gakuin no Futekigousha",
        "songName": "Seikai Fuseikai",
        "artist": "CIVILIAN feat. Tatsuhisa Suzuki",
        "type": "Opening 2",
        "correctCount": 93,
        "startTime": 18,
        "songDuration": 89.353,
        "songNumber": 36,
        "activePlayerCount": 203,
        "LinkVideo": "https://files.catbox.moe/v868qq.webm",
        "annId": 22555,
        "songDifficulty": 29.320605448518748,
        "vintage": "Summer 2020"
    },
    {
        "animeEng": "Dragon Ball Z",
        "animeRomaji": "Dragon Ball Z",
        "songName": "Boku-tachi wa Tenshi datta",
        "artist": "Hironobu Kageyama",
        "type": "Ending 2",
        "correctCount": 78,
        "startTime": 65,
        "songDuration": 95.057958,
        "songNumber": 37,
        "activePlayerCount": 202,
        "LinkVideo": "https://files.catbox.moe/mly8uq.webm",
        "LinkMp3": "https://files.catbox.moe/tjq9bo.mp3",
        "annId": 244,
        "songDifficulty": 41.7399979452859,
        "vintage": "Spring 1989"
    },
    {
        "animeEng": "Cromartie High School",
        "animeRomaji": "Sakigake!! Cromartie Koukou",
        "songName": "Jun",
        "artist": "Takuro Yoshida",
        "type": "Opening 1",
        "correctCount": 44,
        "startTime": 34,
        "songDuration": 88.848,
        "songNumber": 38,
        "activePlayerCount": 200,
        "LinkVideo": "https://files.catbox.moe/me6qt4.webm",
        "LinkMp3": "https://files.catbox.moe/6wdill.mp3",
        "annId": 3102,
        "songDifficulty": 25.626324714531123,
        "vintage": "Fall 2003"
    },
    {
        "animeEng": "Mini Vanguard",
        "animeRomaji": "Mini Van",
        "songName": "Mirai SKETCH!",
        "artist": "Ultra Rare",
        "type": "Ending 1",
        "correctCount": 16,
        "startTime": 0,
        "songDuration": 26.544,
        "songNumber": 39,
        "activePlayerCount": 201,
        "LinkVideo": "https://files.catbox.moe/eim6ra.webm",
        "LinkMp3": "https://files.catbox.moe/9hcyeu.mp3",
        "annId": 22406,
        "songDifficulty": 10.946482583142203,
        "vintage": "Spring 2013"
    },
    {
        "animeEng": "Batman Ninja",
        "animeRomaji": "Ninja Batman",
        "songName": "GAT-TAI",
        "artist": "Daisuke Hasegawa",
        "type": "Insert Song",
        "correctCount": 80,
        "startTime": 4,
        "songDuration": 69.980838,
        "songNumber": 40,
        "activePlayerCount": 202,
        "LinkVideo": "https://files.catbox.moe/uy94hc.webm",
        "LinkMp3": "https://files.catbox.moe/z20u4z.mp3",
        "annId": 20384,
        "songDifficulty": 23.231765474965705,
        "vintage": "Spring 2018"
    },
    {
        "animeEng": "New Game!",
        "animeRomaji": "New Game!",
        "songName": "CONTINUE...?",
        "artist": "Yuuki Takada",
        "type": "Insert Song",
        "correctCount": 34,
        "startTime": 8,
        "songDuration": 174.792,
        "songNumber": 41,
        "activePlayerCount": 202,
        "LinkVideo": "https://files.catbox.moe/1p43s6.webm",
        "LinkMp3": "https://files.catbox.moe/hektmg.mp3",
        "annId": 17756,
        "songDifficulty": 13.750333337800171,
        "vintage": "Summer 2016"
    },
    {
        "animeEng": "DT Eightron",
        "animeRomaji": "DT Eightron",
        "songName": "Onaji Hoshii",
        "artist": "Jungle Smile",
        "type": "Ending 1",
        "correctCount": 3,
        "startTime": 17,
        "songDuration": 89.624582,
        "songNumber": 42,
        "activePlayerCount": 200,
        "LinkVideo": "https://files.catbox.moe/4ypn0u.webm",
        "LinkMp3": "https://files.catbox.moe/oyhs2c.mp3",
        "annId": 2186,
        "songDifficulty": 11.686991621808309,
        "vintage": "Spring 1998",
        "correctPlayers": [
            "Nippah",
            "ozsauce",
            "mochiii"
        ]
    },
    {
        "animeEng": "Magical Star Kanon 100%",
        "animeRomaji": "Magical Star Kanon 100%",
        "songName": "Happy Crescent",
        "artist": "Nao Touyama",
        "type": "Insert Song",
        "correctCount": 83,
        "startTime": 58,
        "songDuration": 90.48,
        "songNumber": 43,
        "activePlayerCount": 199,
        "LinkVideo": "https://files.catbox.moe/ac5n26.webm",
        "LinkMp3": "https://files.catbox.moe/gzrq7x.mp3",
        "annId": 15378,
        "songDifficulty": 37.042808162039506,
        "vintage": "Spring 2013"
    },
    {
        "animeEng": "Hulaing Babies Aratame: Staying Babies",
        "animeRomaji": "Hulaing Babies Aratame: Staying Babies",
        "songName": "Sekken WOW!",
        "artist": "AOP",
        "type": "Opening 1",
        "correctCount": 29,
        "startTime": 0,
        "songDuration": 29.448,
        "songNumber": 44,
        "activePlayerCount": 199,
        "LinkVideo": "https://files.catbox.moe/41zh29.webm",
        "LinkMp3": "https://files.catbox.moe/jf6xps.mp3",
        "annId": 23452,
        "songDifficulty": 17.431527886115443,
        "vintage": "Spring 2020"
    },
    {
        "animeEng": "Bloodivores",
        "animeRomaji": "Bloodivores",
        "songName": "Yogakyoumei -NENTEN- (Chinese Version)",
        "artist": "Mili",
        "type": "Opening 2",
        "correctCount": 61,
        "startTime": 42,
        "songDuration": 85.344,
        "songNumber": 45,
        "activePlayerCount": 200,
        "LinkVideo": "https://files.catbox.moe/b20o5r.webm",
        "LinkMp3": "https://files.catbox.moe/oexhs9.mp3",
        "annId": 18719,
        "songDifficulty": 26.3341908133026,
        "vintage": "Fall 2016"
    },
    {
        "animeEng": "Teekyuu",
        "animeRomaji": "Teekyuu",
        "songName": "Tottemo Safari",
        "artist": "Earth Star Dream",
        "type": "Opening 1",
        "correctCount": 136,
        "startTime": 1,
        "songDuration": 30.048,
        "songNumber": 46,
        "activePlayerCount": 199,
        "LinkVideo": "https://files.catbox.moe/nqitgy.webm",
        "LinkMp3": "https://files.catbox.moe/b95ezr.mp3",
        "annId": 17543,
        "songDifficulty": 44.076091549295775,
        "vintage": "Fall 2015"
    },
    {
        "animeEng": "Wandering Witch: The Journey of Elaina",
        "animeRomaji": "Majo no Tabitabi",
        "songName": "Hai-iro no Saga",
        "artist": "ChouCho",
        "type": "Ending 1",
        "correctCount": 66,
        "startTime": 47,
        "songDuration": 88.56,
        "songNumber": 47,
        "activePlayerCount": 199,
        "LinkVideo": "https://files.catbox.moe/c5buh5.webm",
        "LinkMp3": "https://files.catbox.moe/ru0ugl.mp3",
        "annId": 22581,
        "songDifficulty": 24.311415196830264,
        "vintage": "Fall 2020"
    },
    {
        "animeEng": "Glasslip",
        "animeRomaji": "Glasslip",
        "songName": "Natsu no Hi to Kimi no Koe",
        "artist": "ChouCho",
        "type": "Ending 2",
        "correctCount": 49,
        "startTime": 44,
        "songDuration": 84.552,
        "songNumber": 48,
        "activePlayerCount": 201,
        "LinkVideo": "https://files.catbox.moe/89of3y.webm",
        "LinkMp3": "https://files.catbox.moe/t1nij0.mp3",
        "annId": 15901,
        "songDifficulty": 26.469139670704397,
        "vintage": "Summer 2014"
    },
    {
        "animeEng": "Pop Team Epic",
        "animeRomaji": "Poputepipikku",
        "songName": "Popuko ni Sauce",
        "artist": "Aya Uchida & Yuka Ozaki",
        "type": "Insert Song",
        "correctCount": 78,
        "startTime": 16,
        "songDuration": 54.96,
        "songNumber": 49,
        "activePlayerCount": 201,
        "LinkVideo": "https://files.catbox.moe/c36it8.webm",
        "LinkMp3": "https://files.catbox.moe/qiluso.mp3",
        "annId": 22476,
        "songDifficulty": 25.650925499418154,
        "vintage": "Spring 2019"
    },
    {
        "animeEng": "Miss Monochrome: The Animation - 3",
        "animeRomaji": "Miss Monochrome: The Animation - 3",
        "songName": "Step by Step!",
        "artist": "Miss Monochrome",
        "type": "Ending 1",
        "correctCount": 108,
        "startTime": 53,
        "songDuration": 87.384,
        "songNumber": 50,
        "activePlayerCount": 201,
        "LinkVideo": "https://files.catbox.moe/mqxaim.webm",
        "LinkMp3": "https://files.catbox.moe/xd1fko.mp3",
        "annId": 17628,
        "songDifficulty": 35.40351247479839,
        "vintage": "Fall 2015"
    },
    {
        "animeEng": "Har\u00e9+Guu Deluxe",
        "animeRomaji": "Jungle wa Itsumo Hare Nochi Guu Deluxe",
        "songName": "LOVE\u2606Tropicana Deluxe",
        "artist": "Sister MAYO",
        "type": "Opening 1",
        "correctCount": 36,
        "startTime": 30,
        "songDuration": 81.264,
        "songNumber": 51,
        "activePlayerCount": 201,
        "LinkVideo": "https://files.catbox.moe/o8gv6p.webm",
        "LinkMp3": "https://files.catbox.moe/b556c3.mp3",
        "annId": 2024,
        "songDifficulty": 17.554340330259976,
        "vintage": "Summer 2002"
    },
    {
        "animeEng": "Shadow Skill 2",
        "animeRomaji": "Eigi: Shadow Skill",
        "songName": "I'M SHADOW SKILL",
        "artist": "KASUMI",
        "type": "Ending 1",
        "correctCount": 2,
        "startTime": 92,
        "songDuration": 141.168,
        "songNumber": 52,
        "activePlayerCount": 202,
        "LinkVideo": "https://files.catbox.moe/yakvaa.webm",
        "LinkMp3": "https://files.catbox.moe/449xct.mp3",
        "annId": 728,
        "songDifficulty": 15.517944914469787,
        "vintage": "Summer 1996",
        "correctPlayers": [
            "thenoobster",
            "Hyonoka"
        ]
    },
    {
        "animeEng": "CLAMP in Wonderland 2",
        "animeRomaji": "CLAMP in Wonderland 2",
        "songName": "Oh!Yeah!!",
        "artist": "ROUND TABLE featuring Nino",
        "type": "Ending 1",
        "correctCount": 18,
        "startTime": 21,
        "songDuration": 89.85968,
        "songNumber": 53,
        "activePlayerCount": 202,
        "LinkVideo": "https://files.catbox.moe/2m09m5.webm",
        "LinkMp3": "https://files.catbox.moe/4v6yll.mp3",
        "annId": 8772,
        "songDifficulty": 14.580525598883286,
        "vintage": "Fall 2007"
    },
    {
        "animeEng": "Fullmetal Alchemist: Brotherhood",
        "animeRomaji": "Hagane no Renkinjutsushi: Brotherhood",
        "songName": "Shunkan Sentimental",
        "artist": "SCANDAL",
        "type": "Ending 4",
        "correctCount": 65,
        "startTime": 33,
        "songDuration": 89.16,
        "songNumber": 54,
        "activePlayerCount": 202,
        "LinkVideo": "https://files.catbox.moe/0wfahg.webm",
        "LinkMp3": "https://files.catbox.moe/k58jjg.mp3",
        "annId": 10216,
        "songDifficulty": 26.37935823933667,
        "vintage": "Spring 2009"
    },
    {
        "animeEng": "Excel Saga",
        "animeRomaji": "Heppoko Jikken Animation Excel\u2665Saga",
        "songName": "Menchi Aishou no Bolero ~Shokusu no ne",
        "artist": "Excel\u2665Girls",
        "type": "Ending 1",
        "correctCount": 101,
        "startTime": 26,
        "songDuration": 88.2,
        "songNumber": 55,
        "activePlayerCount": 202,
        "LinkVideo": "https://files.catbox.moe/af829p.webm",
        "LinkMp3": "https://files.catbox.moe/45i16w.mp3",
        "annId": 398,
        "songDifficulty": 35.05540630203997,
        "vintage": "Fall 1999"
    },
    {
        "animeEng": "Show By Rock!! Stars!!",
        "animeRomaji": "Show By Rock!! Stars!!",
        "songName": "Made in Watashi\u266a",
        "artist": "GoGoShinGos!",
        "type": "Insert Song",
        "correctCount": 4,
        "startTime": 2,
        "songDuration": 33.552,
        "songNumber": 56,
        "activePlayerCount": 203,
        "LinkVideo": "https://files.catbox.moe/9rcni2.webm",
        "LinkMp3": "https://files.catbox.moe/90aiuz.mp3",
        "annId": 23132,
        "songDifficulty": 18.941993656015036,
        "vintage": "Winter 2021",
        "correctPlayers": [
            "Hasegawa_Mii",
            "Baguett",
            "Hejsan",
            "thenoobster"
        ]
    },
    {
        "animeEng": "Fireworks",
        "animeRomaji": "Uchiage Hanabi, Shita kara Miru ka? Yoko kara Miru ka?",
        "songName": "Uchiage Hanabi",
        "artist": "DAOKO \u00d7 Kenshi Yonezu",
        "type": "Ending 1",
        "correctCount": 116,
        "startTime": 188,
        "songDuration": 279.1445,
        "songNumber": 57,
        "activePlayerCount": 202,
        "LinkVideo": "https://files.catbox.moe/98lgh8.webm",
        "LinkMp3": "https://files.catbox.moe/n0yrp7.mp3",
        "annId": 19481,
        "songDifficulty": 44.18791894664842,
        "vintage": "Summer 2017"
    },
    {
        "animeEng": "Pokemon: The Mastermind of Mirage Pokemon",
        "animeRomaji": "Senritsu no Mirage Pok\u00e9mon",
        "songName": "Pok\u00e9mon Go!",
        "artist": "Pia Toscano, Melanie Charles, Horace Michael",
        "type": "Opening 1",
        "correctCount": 27,
        "startTime": 16,
        "songDuration": 45.048,
        "songNumber": 58,
        "activePlayerCount": 201,
        "LinkVideo": "https://files.catbox.moe/enxw3w.webm",
        "LinkMp3": "https://files.catbox.moe/v63f5i.mp3",
        "annId": 6258,
        "songDifficulty": 15.246043562633833,
        "vintage": "Spring 2006"
    },
    {
        "animeEng": "Code Geass: Lelouch of the Re;surrection",
        "animeRomaji": "Code Geass: Fukkatsu no Lelouch",
        "songName": "Utsukushiki Kemono-tachi no Tame no",
        "artist": "ALI PROJECT",
        "type": "Insert Song",
        "correctCount": 26,
        "startTime": 54,
        "songDuration": 171.726028,
        "songNumber": 59,
        "activePlayerCount": 200,
        "LinkVideo": "https://files.catbox.moe/gpy446.webm",
        "LinkMp3": "https://files.catbox.moe/n7ik2u.mp3",
        "annId": 21251,
        "songDifficulty": 11.155849792568542,
        "vintage": "Winter 2019"
    },
    {
        "animeEng": "Attack on Titan Season 3",
        "animeRomaji": "Shingeki no Kyojin Season 3",
        "songName": "Red Swan",
        "artist": "YOSHIKI feat. HYDE",
        "type": "Opening 1",
        "correctCount": 152,
        "startTime": 27,
        "songDuration": 89.568,
        "songNumber": 60,
        "activePlayerCount": 197,
        "LinkVideo": "https://files.catbox.moe/ze5gw7.webm",
        "LinkMp3": "https://files.catbox.moe/8o5s83.mp3",
        "annId": 19819,
        "songDifficulty": 51.24584803504076,
        "vintage": "Summer 2018"
    },
    {
        "animeEng": "City Hunter 3",
        "animeRomaji": "City Hunter 3",
        "songName": "HOLD ME TIGHT",
        "artist": "Red Monster",
        "type": "Insert Song",
        "correctCount": 4,
        "startTime": 73,
        "songDuration": 114.144,
        "songNumber": 61,
        "activePlayerCount": 198,
        "LinkVideo": "https://files.catbox.moe/270qhn.webm",
        "LinkMp3": "https://files.catbox.moe/183ma4.mp3",
        "annId": 546,
        "songDifficulty": 8.354977694424717,
        "vintage": "Fall 1989",
        "correctPlayers": [
            "anomanderbaked",
            "ozsauce",
            "Mayosy",
            "AndiXFail"
        ]
    },
    {
        "animeEng": "Dr. Slump",
        "animeRomaji": "Dr. Slump & Arale-chan",
        "songName": "Waiwai Koushinkyoku",
        "artist": "Mami Koyama",
        "type": "Opening 2",
        "correctCount": 9,
        "startTime": 32,
        "songDuration": 69.12,
        "songNumber": 62,
        "activePlayerCount": 198,
        "LinkVideo": "https://files.catbox.moe/qg9whk.webm",
        "LinkMp3": "https://files.catbox.moe/7uigt8.mp3",
        "annId": 971,
        "songDifficulty": 19.970985638525057,
        "vintage": "Spring 1981"
    },
    {
        "animeEng": "One Room",
        "animeRomaji": "One Room",
        "songName": "Harumachi Clover",
        "artist": "M\u30fbA\u30fbO",
        "type": "Ending 1",
        "correctCount": 94,
        "startTime": 0,
        "songDuration": 29.568,
        "songNumber": 63,
        "activePlayerCount": 198,
        "LinkVideo": "https://files.catbox.moe/l1itf2.webm",
        "LinkMp3": "https://files.catbox.moe/wb3kvj.mp3",
        "annId": 18889,
        "songDifficulty": 41.88080393010177,
        "vintage": "Winter 2017"
    },
    {
        "animeEng": "Time Bokan Series: Time Patrol-tai Otasukeman",
        "animeRomaji": "Time Bokan Series: Time Patrol-tai Otasukeman",
        "songName": "Otasukeman Kazoeuta",
        "artist": "Masayuki Yamamoto, Noriko Ohara, Jouji Yanami, Kazuya Tatekabe, Mizuumi Boys & Girls Chorus",
        "type": "Insert Song",
        "correctCount": 2,
        "startTime": 1,
        "songDuration": 33.912,
        "songNumber": 64,
        "activePlayerCount": 197,
        "LinkVideo": "https://files.catbox.moe/sl9rga.webm",
        "LinkMp3": "https://files.catbox.moe/tt4lki.mp3",
        "annId": 1748,
        "songDifficulty": 9.897139699835526,
        "vintage": "Winter 1980",
        "correctPlayers": [
            "SrueyaF",
            "Nippah"
        ]
    },
    {
        "animeEng": "Tenjho Tenge: Ultimate Fight",
        "animeRomaji": "Tenjou Tenge: Ultimate Fight",
        "songName": "Bomb A Head! V",
        "artist": "m.c.A\u00b7T",
        "type": "Opening 1",
        "correctCount": 138,
        "startTime": 59,
        "songDuration": 88.392,
        "songNumber": 65,
        "activePlayerCount": 199,
        "LinkVideo": "https://files.catbox.moe/tn1wok.webm",
        "LinkMp3": "https://files.catbox.moe/mgm6ju.mp3",
        "annId": 4817,
        "songDifficulty": 39.49967638279727,
        "vintage": "Winter 2005"
    },
    {
        "animeEng": "Rainbow",
        "animeRomaji": "Rainbow: Nisha Rokubou no Shichinin",
        "songName": "A FAR-OFF DISTANCE",
        "artist": "GALNERYUS",
        "type": "Ending 1",
        "correctCount": 48,
        "startTime": 34,
        "songDuration": 68.616,
        "songNumber": 66,
        "activePlayerCount": 199,
        "LinkVideo": "https://files.catbox.moe/8ymgxe.webm",
        "LinkMp3": "https://files.catbox.moe/pv5i2c.mp3",
        "annId": 9700,
        "songDifficulty": 21.402723281016442,
        "vintage": "Spring 2010"
    },
    {
        "animeEng": "Initial D: Fourth Stage",
        "animeRomaji": "Initial D: Fourth Stage",
        "songName": "Rage your dream",
        "artist": "move",
        "type": "Insert Song",
        "correctCount": 102,
        "startTime": 142,
        "songDuration": 197.976,
        "songNumber": 67,
        "activePlayerCount": 199,
        "LinkVideo": "https://files.catbox.moe/4pdvs2.webm",
        "LinkMp3": "https://files.catbox.moe/kynsk8.mp3",
        "annId": 3396,
        "songDifficulty": 41.30844328266616,
        "vintage": "Spring 2004"
    },
    {
        "animeEng": "Kamisama Kiss",
        "animeRomaji": "Kamisama Hajimemashita",
        "songName": "Kamisama Onegai",
        "artist": "Hanae",
        "type": "Ending 1",
        "correctCount": 111,
        "startTime": 44,
        "songDuration": 91.104,
        "songNumber": 68,
        "activePlayerCount": 200,
        "LinkVideo": "https://files.catbox.moe/91b5j9.webm",
        "LinkMp3": "https://files.catbox.moe/db3394.mp3",
        "annId": 16346,
        "songDifficulty": 42.444279474610354,
        "vintage": "Summer 2013"
    },
    {
        "animeEng": "Generation of Chaos Next: Chikai no Pendant",
        "animeRomaji": "Generation of Chaos Next: Chikai no Pendant",
        "songName": "LOVE&HISTORY",
        "artist": "Nana Mizuki",
        "type": "Opening 1",
        "correctCount": 21,
        "startTime": 1,
        "songDuration": 87.024,
        "songNumber": 69,
        "activePlayerCount": 201,
        "LinkVideo": "https://files.catbox.moe/zr2oko.webm",
        "LinkMp3": "https://files.catbox.moe/sk0qi5.mp3",
        "annId": 5722,
        "songDifficulty": 16.776539442274306,
        "vintage": "Spring 2002"
    },
    {
        "animeEng": "New Game!",
        "animeRomaji": "New Game!",
        "songName": "Now Loading!!!!",
        "artist": "fourfolium",
        "type": "Ending 1",
        "correctCount": 71,
        "startTime": 17,
        "songDuration": 89.184,
        "songNumber": 70,
        "activePlayerCount": 201,
        "LinkVideo": "https://files.catbox.moe/cyg6b0.webm",
        "LinkMp3": "https://files.catbox.moe/gb3tpb.mp3",
        "annId": 21896,
        "songDifficulty": 35.3521909027046,
        "vintage": "Winter 2017"
    },
    {
        "animeEng": "Pok\u00e9mon the Movie: White - Victini and Zekrom",
        "animeRomaji": "Gekijouban Pocket Monsters: Best Wishes! Victini to Kuroki Eiyuu Zekrom",
        "songName": "Best Wishes! (MOVIE EDIT)",
        "artist": "Rica Matsumoto",
        "type": "Opening 1",
        "correctCount": 10,
        "startTime": 129,
        "songDuration": 177.36,
        "songNumber": 71,
        "activePlayerCount": 201,
        "LinkVideo": "https://files.catbox.moe/wuja07.webm",
        "LinkMp3": "https://files.catbox.moe/1eyh2o.mp3",
        "annId": 11975,
        "songDifficulty": 10.425095778245192,
        "vintage": "Summer 2011"
    },
    {
        "animeEng": "Mahou Gakuen Lunar! Aoi Ryuu no Himitsu",
        "animeRomaji": "Mahou Gakuen Lunar! Aoi Ryuu no Himitsu",
        "songName": "Sekai wa Joushi Fushigi",
        "artist": "SALIA",
        "type": "Ending 1",
        "correctCount": 5,
        "startTime": 37,
        "songDuration": 88.109506,
        "songNumber": 72,
        "activePlayerCount": 200,
        "LinkVideo": "https://files.catbox.moe/ceop8d.webm",
        "LinkMp3": "https://files.catbox.moe/7sf661.mp3",
        "annId": 1530,
        "songDifficulty": 8.374719185890559,
        "vintage": "Winter 1997",
        "correctPlayers": [
            "DjCharat",
            "watashiii",
            "SrueyaF",
            "Nippah",
            "thenoobster"
        ]
    },
    {
        "animeEng": "Aikatsu!",
        "animeRomaji": "Aikatsu!",
        "songName": "Tarte Tatin",
        "artist": "Mona from AIKATSU\u2606STARS!",
        "type": "Insert Song",
        "correctCount": 43,
        "startTime": 80,
        "songDuration": 113.064,
        "songNumber": 73,
        "activePlayerCount": 199,
        "LinkVideo": "https://files.catbox.moe/2qbak2.webm",
        "LinkMp3": "https://files.catbox.moe/w8nsip.mp3",
        "annId": 16165,
        "songDifficulty": 29.372876516431205,
        "vintage": "Fall 2014"
    },
    {
        "animeEng": "Shakugan no Shana II (Second)",
        "animeRomaji": "Shakugan no Shana II (Second)",
        "songName": "BLAZE",
        "artist": "KOTOKO",
        "type": "Opening 2",
        "correctCount": 38,
        "startTime": 20,
        "songDuration": 90.024,
        "songNumber": 74,
        "activePlayerCount": 199,
        "LinkVideo": "https://files.catbox.moe/ygieyt.webm",
        "LinkMp3": "https://files.catbox.moe/qoj3xy.mp3",
        "annId": 7847,
        "songDifficulty": 19.69529833310085,
        "vintage": "Fall 2007"
    },
    {
        "animeEng": "Digimon Adventure 02",
        "animeRomaji": "Digimon Adventure 02",
        "songName": "Butter-Fly",
        "artist": "Kouji Wada",
        "type": "Insert Song",
        "correctCount": 150,
        "startTime": 30,
        "songDuration": 142.68,
        "songNumber": 75,
        "activePlayerCount": 199,
        "LinkVideo": "https://files.catbox.moe/dkqxzy.webm",
        "LinkMp3": "https://files.catbox.moe/091iqd.mp3",
        "annId": 2170,
        "songDifficulty": 49.68711071735395,
        "vintage": "Spring 2000"
    },
    {
        "animeEng": "The Quintessential Quintuplets 2",
        "animeRomaji": "Gotoubun no Hanayome \u222c",
        "songName": "Gotoubun no Katachi",
        "artist": "Nakano-ke no Itsutsugo",
        "type": "Opening 1",
        "correctCount": 100,
        "startTime": 30,
        "songDuration": 89.856,
        "songNumber": 76,
        "activePlayerCount": 199,
        "LinkVideo": "https://files.catbox.moe/9tgznj.webm",
        "LinkMp3": "https://files.catbox.moe/sohwqb.mp3",
        "annId": 22925,
        "songDifficulty": 40.32717241135003,
        "vintage": "Winter 2021"
    },
    {
        "animeEng": "Re:Zero: Starting Life in Another World",
        "animeRomaji": "Re:Zero kara Hajimeru Isekai Seikatsu",
        "songName": "Memento",
        "artist": "nonoc",
        "type": "Ending 1",
        "correctCount": 144,
        "startTime": 28,
        "songDuration": 88.56,
        "songNumber": 77,
        "activePlayerCount": 199,
        "LinkVideo": "https://files.catbox.moe/u8ve7b.webm",
        "LinkMp3": "https://files.catbox.moe/h4wlu9.mp3",
        "annId": 22005,
        "songDifficulty": 56.82490128331688,
        "vintage": "Summer 2020"
    },
    {
        "animeEng": "Yu-Gi-Oh! Sevens",
        "animeRomaji": "Yu-Gi-Oh! Sevens",
        "songName": "Gouha Dai-7 Shougakkou Kouka (Gakuto ver.)",
        "artist": "Natsuki Hanae",
        "type": "Ending 6",
        "correctCount": 41,
        "startTime": 45,
        "songDuration": 86.136,
        "songNumber": 78,
        "activePlayerCount": 200,
        "LinkVideo": "https://files.catbox.moe/ou96wd.webm",
        "LinkMp3": "https://files.catbox.moe/jz6dfa.mp3",
        "annId": 23031,
        "songDifficulty": 27.277055481283423,
        "vintage": "Spring 2020"
    },
    {
        "animeEng": "Chihayafuru",
        "animeRomaji": "Chihayafuru",
        "songName": "YOUTHFUL",
        "artist": "99RadioService",
        "type": "Opening 1",
        "correctCount": 112,
        "startTime": 41,
        "songDuration": 69.792,
        "songNumber": 79,
        "activePlayerCount": 200,
        "LinkVideo": "https://files.catbox.moe/g3dt77.webm",
        "LinkMp3": "https://files.catbox.moe/rt3mrf.mp3",
        "annId": 12991,
        "songDifficulty": 38.493670976464315,
        "vintage": "Fall 2011"
    },
    {
        "animeEng": "The Future Diary",
        "animeRomaji": "Mirai Nikki",
        "songName": "Filament",
        "artist": "Yousei Teikoku",
        "type": "Ending 2",
        "correctCount": 89,
        "startTime": 27,
        "songDuration": 88.656,
        "songNumber": 80,
        "activePlayerCount": 200,
        "LinkVideo": "https://files.catbox.moe/6vkmpb.webm",
        "LinkMp3": "https://files.catbox.moe/lq0pl1.mp3",
        "annId": 12896,
        "songDifficulty": 36.83425342719526,
        "vintage": "Fall 2011"
    },
    {
        "animeEng": "Love, Chunibyo & Other Delusions!: Take On Me",
        "animeRomaji": "Chuunibyou demo Koi ga Shitai! Movie: Take On Me",
        "songName": "Sparkling Daydream",
        "artist": "ZAQ",
        "type": "Insert Song",
        "correctCount": 139,
        "startTime": 42,
        "songDuration": 161.856,
        "songNumber": 81,
        "activePlayerCount": 200,
        "LinkVideo": "https://files.catbox.moe/y4hy7k.webm",
        "LinkMp3": "https://files.catbox.moe/4vbs40.mp3",
        "annId": 19920,
        "songDifficulty": 47.16389266304348,
        "vintage": "Winter 2018"
    },
    {
        "animeEng": "Hellsing",
        "animeRomaji": "Hellsing",
        "songName": "Sensousuru nara Yumi, Yari, Ken de Tatakae!",
        "artist": "Yasushi Ishii",
        "type": "Insert Song",
        "correctCount": 55,
        "startTime": 3,
        "songDuration": 111.175232,
        "songNumber": 82,
        "activePlayerCount": 201,
        "LinkVideo": "https://files.catbox.moe/0ht5a4.webm",
        "LinkMp3": "https://files.catbox.moe/kvzsif.mp3",
        "annId": 387,
        "songDifficulty": 33.721839162844034,
        "vintage": "Fall 2001"
    },
    {
        "animeEng": "Tokyo Revengers",
        "animeRomaji": "Tokyo Revengers",
        "songName": "Koko de Iki o Shite",
        "artist": "eill",
        "type": "Ending 1",
        "correctCount": 89,
        "startTime": 19,
        "songDuration": 88.272,
        "songNumber": 83,
        "activePlayerCount": 201,
        "LinkVideo": "https://files.catbox.moe/d5y65m.webm",
        "LinkMp3": "https://files.catbox.moe/i0lm2g.mp3",
        "annId": 23847,
        "songDifficulty": 31.94441703584374,
        "vintage": "Spring 2021"
    },
    {
        "animeEng": "Initial D: Fifth Stage",
        "animeRomaji": "Initial D: Fifth Stage",
        "songName": "A PERFECT HERO",
        "artist": "CHRIS STANTON",
        "type": "Insert Song",
        "correctCount": 23,
        "startTime": 17,
        "songDuration": 131.00183,
        "songNumber": 84,
        "activePlayerCount": 202,
        "LinkVideo": "https://files.catbox.moe/m1ur8h.webm",
        "LinkMp3": "https://files.catbox.moe/g58jv0.mp3",
        "annId": 14572,
        "songDifficulty": 21.397126793598233,
        "vintage": "Fall 2012"
    },
    {
        "animeEng": "Is the Order a Rabbit?",
        "animeRomaji": "Gochuumon wa Usagi Desu ka?",
        "songName": "Daydream caf\u00e9",
        "artist": "Petit Rabbit's",
        "type": "Opening 1",
        "correctCount": 108,
        "startTime": 50,
        "songDuration": 90.096,
        "songNumber": 85,
        "activePlayerCount": 196,
        "LinkVideo": "https://files.catbox.moe/x0pm2g.webm",
        "LinkMp3": "https://files.catbox.moe/u6gpap.mp3",
        "annId": 15718,
        "songDifficulty": 38.9137848315038,
        "vintage": "Spring 2014"
    }
]