[
    {
        "animeEng": "Peach Boy Riverside",
        "animeRomaji": "Peach Boy Riverside",
        "songName": "Dark spiral journey",
        "artist": "Q-MHz feat. Yuko Suzuhana",
        "type": "Opening 1",
        "correctCount": 22,
        "startTime": 3,
        "songDuration": 89.568,
        "songNumber": 1,
        "activePlayerCount": 118,
        "LinkVideo": "https://files.catbox.moe/7xuu6r.webm",
        "LinkMp3": "https://files.catbox.moe/jhpj1o.mp3",
        "annId": 23550,
        "songDifficulty": 19.73002881448957,
        "vintage": "Summer 2021"
    },
    {
        "animeEng": "Puella Magi Madoka Magica",
        "animeRomaji": "Mahou Shoujo Madoka\u2605Magica",
        "songName": "Magia",
        "artist": "Kalafina",
        "type": "Ending 2",
        "correctCount": 76,
        "startTime": 3,
        "songDuration": 89.04,
        "songNumber": 2,
        "activePlayerCount": 126,
        "LinkVideo": "https://files.catbox.moe/wumhq6.webm",
        "LinkMp3": "https://files.catbox.moe/oxxgq4.mp3",
        "annId": 12120,
        "songDifficulty": 46.26708155062881,
        "vintage": "Winter 2011"
    },
    {
        "animeEng": "Nya-men",
        "animeRomaji": "Nya-men",
        "songName": "Nya-men Paradise",
        "artist": "Nya-mens",
        "type": "Opening 1",
        "correctCount": 17,
        "startTime": 28,
        "songDuration": 58.272,
        "songNumber": 3,
        "activePlayerCount": 127,
        "LinkVideo": "https://files.catbox.moe/r13bx7.webm",
        "LinkMp3": "https://files.catbox.moe/stiq39.mp3",
        "annId": 22687,
        "songDifficulty": 13.789736731805188,
        "vintage": "Winter 2014"
    },
    {
        "animeEng": "Spooky Kitaro",
        "animeRomaji": "Gegege no Kitarou",
        "songName": "Karan Koron no Uta",
        "artist": "Midori Kato",
        "type": "Ending 1",
        "correctCount": 73,
        "startTime": 5,
        "songDuration": 58.968,
        "songNumber": 4,
        "activePlayerCount": 131,
        "LinkVideo": "https://files.catbox.moe/1eexw0.webm",
        "LinkMp3": "https://files.catbox.moe/7ga9nm.mp3",
        "annId": 1328,
        "songDifficulty": 55.30368762433687,
        "vintage": "Winter 1968"
    },
    {
        "animeEng": "Natsu no Arashi!",
        "animeRomaji": "Natsu no Arashi!",
        "songName": "Tokyo Boogie Woogie",
        "artist": "Yuuko Sanpei",
        "type": "Insert Song",
        "correctCount": 4,
        "startTime": 43,
        "songDuration": 90.528,
        "songNumber": 5,
        "activePlayerCount": 133,
        "LinkVideo": "https://files.catbox.moe/94rqgy.webm",
        "LinkMp3": "https://files.catbox.moe/tn79sg.mp3",
        "annId": 10464,
        "songDifficulty": 15.04451770942752,
        "vintage": "Spring 2009",
        "correctPlayers": [
            "Hejsan",
            "revel_",
            "bamboo",
            "Eryth"
        ]
    },
    {
        "animeEng": "Camp Pikachu",
        "animeRomaji": "Pika Pika Hoshizora Camp",
        "songName": "Pocketari Monstery",
        "artist": "Kana",
        "type": "Ending 1",
        "correctCount": 96,
        "startTime": 108,
        "songDuration": 203.208,
        "songNumber": 6,
        "activePlayerCount": 135,
        "LinkVideo": "https://files.catbox.moe/wupp6k.webm",
        "LinkMp3": "https://files.catbox.moe/nzptdc.mp3",
        "annId": 4617,
        "songDifficulty": 35.233075909961684,
        "vintage": "Summer 2002"
    },
    {
        "animeEng": "UFO Robo Grendizer",
        "animeRomaji": "UFO Robo Grendizer",
        "songName": "Uchuu no Ouja Grendizer",
        "artist": "Isao Sasaki",
        "type": "Ending 1",
        "correctCount": 93,
        "startTime": 24,
        "songDuration": 67.704,
        "songNumber": 7,
        "activePlayerCount": 138,
        "LinkVideo": "https://files.catbox.moe/iai90a.webm",
        "LinkMp3": "https://files.catbox.moe/09y3xr.mp3",
        "annId": 1198,
        "songDifficulty": 39.552024393764434,
        "vintage": "Fall 1975"
    },
    {
        "animeEng": "Attack on Titan: The Roar of Awakening",
        "animeRomaji": "Shingeki no Kyojin Season 2: Kakusei no Houkou",
        "songName": "Barricades",
        "artist": "yosh, Gemie, mpi",
        "type": "Insert Song",
        "correctCount": 80,
        "startTime": 25,
        "songDuration": 54.961625,
        "songNumber": 8,
        "activePlayerCount": 142,
        "LinkVideo": "https://files.catbox.moe/cupqo7.webm",
        "LinkMp3": "https://files.catbox.moe/gialqc.mp3",
        "annId": 20508,
        "songDifficulty": 38.5477215690319,
        "vintage": "Winter 2018"
    },
    {
        "animeEng": "Teasing Master Takagi-san",
        "animeRomaji": "Karakai Jouzu no Takagi-san",
        "songName": "Iwanai kedo ne.",
        "artist": "Yuiko Ohara",
        "type": "Opening 1",
        "correctCount": 75,
        "startTime": 10,
        "songDuration": 88.8,
        "songNumber": 9,
        "activePlayerCount": 143,
        "LinkVideo": "https://files.catbox.moe/zbl4xb.webm",
        "LinkMp3": "https://files.catbox.moe/i7pfq9.mp3",
        "annId": 21134,
        "songDifficulty": 41.47016135947862,
        "vintage": "Summer 2018"
    },
    {
        "animeEng": "Aikatsu!",
        "animeRomaji": "Aikatsu!",
        "songName": "Angel Snow",
        "artist": "Remi from STAR\u2606ANIS",
        "type": "Insert Song",
        "correctCount": 74,
        "startTime": 9,
        "songDuration": 105.072,
        "songNumber": 10,
        "activePlayerCount": 145,
        "LinkVideo": "https://files.catbox.moe/zn4ldn.webm",
        "LinkMp3": "https://files.catbox.moe/4cr2ff.mp3",
        "annId": 14566,
        "songDifficulty": 42.679927034198116,
        "vintage": "Fall 2012"
    },
    {
        "animeEng": "Ajin: Demi-Human",
        "animeRomaji": "Ajin: Shoudou",
        "songName": "Yoru wa Nemureru kai?",
        "artist": "flumpool",
        "type": "Ending 1",
        "correctCount": 92,
        "startTime": 97,
        "songDuration": 222.312,
        "songNumber": 11,
        "activePlayerCount": 145,
        "LinkVideo": "https://files.catbox.moe/hgiaaj.webm",
        "LinkMp3": "https://files.catbox.moe/0myo3t.mp3",
        "annId": 17176,
        "songDifficulty": 40.09057168635171,
        "vintage": "Fall 2015"
    },
    {
        "animeEng": "Wandering Witch: The Journey of Elaina",
        "animeRomaji": "Majo no Tabitabi",
        "songName": "Literature",
        "artist": "Reina Ueda",
        "type": "Opening 1",
        "correctCount": 73,
        "startTime": 0,
        "songDuration": 89.568,
        "songNumber": 12,
        "activePlayerCount": 144,
        "LinkVideo": "https://files.catbox.moe/12yk83.webm",
        "LinkMp3": "https://files.catbox.moe/phhi4l.mp3",
        "annId": 22581,
        "songDifficulty": 32.203144243558796,
        "vintage": "Fall 2020"
    },
    {
        "animeEng": "Black Butler: Book of Circus",
        "animeRomaji": "Kuroshitsuji: Book of Circus",
        "songName": "ENAMEL",
        "artist": "SID",
        "type": "Opening 1",
        "correctCount": 52,
        "startTime": 44,
        "songDuration": 87.576,
        "songNumber": 13,
        "activePlayerCount": 144,
        "LinkVideo": "https://files.catbox.moe/czw10c.webm",
        "LinkMp3": "https://files.catbox.moe/7rpbhf.mp3",
        "annId": 16030,
        "songDifficulty": 26.32563059091691,
        "vintage": "Summer 2014"
    },
    {
        "animeEng": "Star Driver",
        "animeRomaji": "Star Driver: Kagayaki no Takuto",
        "songName": "Aki-iro no Aria",
        "artist": "Ami Koshimizu",
        "type": "Insert Song",
        "correctCount": 4,
        "startTime": 2,
        "songDuration": 90,
        "songNumber": 14,
        "activePlayerCount": 144,
        "LinkVideo": "https://files.catbox.moe/y7i8h5.webm",
        "LinkMp3": "https://files.catbox.moe/mayjz3.mp3",
        "annId": 11607,
        "songDifficulty": 10.065907009819203,
        "vintage": "Fall 2010",
        "correctPlayers": [
            "coldfrog",
            "LazyHotz",
            "IzumiSakai",
            "Eiko_Syg"
        ]
    },
    {
        "animeEng": "Galactic Gale Baxingar",
        "animeRomaji": "Ginga Reppuu Baxinger",
        "songName": "Ginga Reppuu Baxinger",
        "artist": "Yukio Yamagata & Satoshi Sakabe",
        "type": "Opening 1",
        "correctCount": 6,
        "startTime": 22,
        "songDuration": 67.92,
        "songNumber": 15,
        "activePlayerCount": 146,
        "LinkVideo": "https://files.catbox.moe/sc9c9n.webm",
        "LinkMp3": "https://files.catbox.moe/8n3slx.mp3",
        "annId": 2224,
        "songDifficulty": 12.686397185773481,
        "vintage": "Summer 1982"
    },
    {
        "animeEng": "Trinity Blood",
        "animeRomaji": "Trinity Blood",
        "songName": "Broken Wings",
        "artist": "Tomoko Tane",
        "type": "Ending 1",
        "correctCount": 9,
        "startTime": 26,
        "songDuration": 109.752,
        "songNumber": 16,
        "activePlayerCount": 147,
        "LinkVideo": "https://files.catbox.moe/fj5wek.webm",
        "LinkMp3": "https://files.catbox.moe/f8fwnn.mp3",
        "annId": 4874,
        "songDifficulty": 15.349858710106384,
        "vintage": "Spring 2005"
    },
    {
        "animeEng": "Wataten!: An Angel Flew Down to Me",
        "animeRomaji": "Watashi ni Tenshi ga Maiorita!",
        "songName": "Tenshi no Manazashi Prologue",
        "artist": "Rika Nagae, Akari Kitou, Hitomi Ohwada, Naomi Oozora",
        "type": "Insert Song",
        "correctCount": 106,
        "startTime": 18,
        "songDuration": 59.064,
        "songNumber": 17,
        "activePlayerCount": 148,
        "LinkVideo": "https://files.catbox.moe/qlr3pa.webm",
        "LinkMp3": "https://files.catbox.moe/jvf98c.mp3",
        "annId": 21114,
        "songDifficulty": 43.68833705357143,
        "vintage": "Winter 2019"
    },
    {
        "animeEng": "Single Appartment Dokudamisou",
        "animeRomaji": "Dokushin Apart Dokudamiso",
        "songName": "Iyannatta",
        "artist": "Yukadan",
        "type": "Ending 1",
        "correctCount": 3,
        "startTime": 27,
        "songDuration": 64.56,
        "songNumber": 18,
        "activePlayerCount": 148,
        "LinkVideo": "https://files.catbox.moe/bxtv92.webm",
        "LinkMp3": "https://files.catbox.moe/ccbp4t.mp3",
        "annId": 3359,
        "songDifficulty": 6.682216099330357,
        "vintage": "Spring 1989",
        "correctPlayers": [
            "revel_",
            "Shag",
            "Chatmonchy"
        ]
    },
    {
        "animeEng": "Kenichi",
        "animeRomaji": "Shijou Saikyou no Deshi Kenichi",
        "songName": "Glory Days",
        "artist": "Iori Nomizu",
        "type": "Ending 1",
        "correctCount": 4,
        "startTime": 68,
        "songDuration": 97.128,
        "songNumber": 19,
        "activePlayerCount": 148,
        "LinkVideo": "https://files.catbox.moe/phtxeo.webm",
        "LinkMp3": "https://files.catbox.moe/8h9ugq.mp3",
        "annId": 13718,
        "songDifficulty": 11.297802734375,
        "vintage": "Winter 2012",
        "correctPlayers": [
            "Hejsan",
            "peepiss",
            "Chatmonchy",
            "konomi"
        ]
    },
    {
        "animeEng": "Attack on Titan: Crimson Arrows",
        "animeRomaji": "Shingeki no Kyojin Zenpen: Guren no Yumiya",
        "songName": "\u0259t\u02c8\u00e6k 0N t\u03ac\u026atn",
        "artist": "Mika Kobayashi",
        "type": "Insert Song",
        "correctCount": 52,
        "startTime": 44,
        "songDuration": 144.336,
        "songNumber": 20,
        "activePlayerCount": 148,
        "LinkVideo": "https://files.catbox.moe/g5netv.webm",
        "LinkMp3": "https://files.catbox.moe/csti2m.mp3",
        "annId": 16233,
        "songDifficulty": 59.16101742615274,
        "vintage": "Fall 2014"
    },
    {
        "animeEng": "BanG Dream! Girls Band Party!\u2606Pico: Ohmori",
        "animeRomaji": "BanG Dream! Garupa\u2606Pico: Oomori",
        "songName": "Ohmori Icchou! Garupa\u2606Pico",
        "artist": "Aimi\u00d7Ayane Sakura\u00d7Ami Maeshima\u00d7Aina Aiba\u00d7Miku Itou",
        "type": "Ending 1",
        "correctCount": 100,
        "startTime": 0,
        "songDuration": 28.752,
        "songNumber": 21,
        "activePlayerCount": 148,
        "LinkVideo": "https://files.catbox.moe/ukf2nn.webm",
        "LinkMp3": "https://files.catbox.moe/cutb2u.mp3",
        "annId": 23257,
        "songDifficulty": 34.95622859589041,
        "vintage": "Spring 2020"
    },
    {
        "animeEng": "Futatsu no Kurumi",
        "animeRomaji": "Futatsu no Kurumi",
        "songName": "Kokyou no Haika",
        "artist": "Rena Takahashi",
        "type": "Ending 1",
        "correctCount": 0,
        "startTime": 60,
        "songDuration": 105.12,
        "songNumber": 22,
        "activePlayerCount": 148,
        "LinkVideo": "https://files.catbox.moe/yz2f86.webm",
        "LinkMp3": "https://files.catbox.moe/q4tcu3.mp3",
        "annId": 10140,
        "songDifficulty": 4.878349484858834,
        "vintage": "Summer 2007"
    },
    {
        "animeEng": "Tokyo Pig",
        "animeRomaji": "Hare Tokidoki Buta",
        "songName": "Tadaima",
        "artist": "Ami Onuki (PUFFY)",
        "type": "Ending 1",
        "correctCount": 2,
        "startTime": 62,
        "songDuration": 99.456,
        "songNumber": 23,
        "activePlayerCount": 148,
        "LinkVideo": "https://files.catbox.moe/u0a3vp.webm",
        "LinkMp3": "https://files.catbox.moe/73z7u1.mp3",
        "annId": 2053,
        "songDifficulty": 2.9186229437169895,
        "vintage": "Summer 1997",
        "correctPlayers": [
            "peepiss",
            "gaaw"
        ]
    },
    {
        "animeEng": "Big X",
        "animeRomaji": "Big X",
        "songName": "Big X",
        "artist": "Kamitakada Shounen Gasshou-dan",
        "type": "Opening 1",
        "correctCount": 58,
        "startTime": 9,
        "songDuration": 69.552,
        "songNumber": 24,
        "activePlayerCount": 147,
        "LinkVideo": "https://files.catbox.moe/czmfor.webm",
        "LinkMp3": "https://files.catbox.moe/6qb6bq.mp3",
        "annId": 1217,
        "songDifficulty": 22.49737823761261,
        "vintage": "Summer 1964"
    },
    {
        "animeEng": "JoJo's Bizarre Adventure: Stone Ocean",
        "animeRomaji": "JoJo no Kimyou na Bouken: Stone Ocean",
        "songName": "Distant Dreamer",
        "artist": "Duffy",
        "type": "Ending 1",
        "correctCount": 62,
        "startTime": 10,
        "songDuration": 89.568,
        "songNumber": 25,
        "activePlayerCount": 149,
        "LinkVideo": "https://files.catbox.moe/a4ifnk.webm",
        "LinkMp3": "https://files.catbox.moe/p9cdbz.mp3",
        "annId": 24619,
        "songDifficulty": 26.588978662069763,
        "vintage": "Fall 2021"
    },
    {
        "animeEng": "Heaven's Lost Property",
        "animeRomaji": "Sora no Otoshimono",
        "songName": "Ring My Bell",
        "artist": "blue drops",
        "type": "Opening 1",
        "correctCount": 80,
        "startTime": 54,
        "songDuration": 90.336,
        "songNumber": 26,
        "activePlayerCount": 149,
        "LinkVideo": "https://files.catbox.moe/4x6kp7.webm",
        "LinkMp3": "https://files.catbox.moe/rgxqwz.mp3",
        "annId": 10764,
        "songDifficulty": 25.288793103448278,
        "vintage": "Fall 2009"
    },
    {
        "animeEng": "Digimon Xros Wars: Toki o Kakeru Shounen Hunter-tachi",
        "animeRomaji": "Digimon Xros Wars: Toki o Kakeru Shounen Hunter-tachi",
        "songName": "WE ARE Xros Heart! Ver.X7",
        "artist": "Kouji Wada & Takayoshi Tanimoto & Ayumi Miyazaki",
        "type": "Insert Song",
        "correctCount": 46,
        "startTime": 48,
        "songDuration": 102.072,
        "songNumber": 27,
        "activePlayerCount": 149,
        "LinkVideo": "https://files.catbox.moe/ag9qnx.webm",
        "LinkMp3": "https://files.catbox.moe/ns1xos.mp3",
        "annId": 13419,
        "songDifficulty": 24.118369105871885,
        "vintage": "Fall 2011"
    },
    {
        "animeEng": "Pok\u00e9mon",
        "animeRomaji": "Pocket Monsters",
        "songName": "Rival!",
        "artist": "Rica Matsumoto",
        "type": "Opening 2",
        "correctCount": 84,
        "startTime": 57,
        "songDuration": 86.472,
        "songNumber": 28,
        "activePlayerCount": 149,
        "LinkVideo": "https://files.catbox.moe/0zzjmd.webm",
        "LinkMp3": "https://files.catbox.moe/ea26fs.mp3",
        "annId": 270,
        "songDifficulty": 42.28964752218566,
        "vintage": "Spring 1997"
    },
    {
        "animeEng": "Idol Time PriPara",
        "animeRomaji": "Idol Time PriPara",
        "songName": "Panic Labyrinth",
        "artist": "Reina Ueda",
        "type": "Insert Song",
        "correctCount": 34,
        "startTime": 3,
        "songDuration": 36.408,
        "songNumber": 29,
        "activePlayerCount": 149,
        "LinkVideo": "https://files.catbox.moe/77rep8.webm",
        "LinkMp3": "https://files.catbox.moe/ikavji.mp3",
        "annId": 19329,
        "songDifficulty": 32.309125676501395,
        "vintage": "Spring 2017"
    },
    {
        "animeEng": "A Certain Magical Index",
        "animeRomaji": "Toaru Majutsu no Index",
        "songName": "Ame",
        "artist": "Mami Kawada",
        "type": "Insert Song",
        "correctCount": 39,
        "startTime": 61,
        "songDuration": 89.928,
        "songNumber": 30,
        "activePlayerCount": 149,
        "LinkVideo": "https://files.catbox.moe/su4p6f.webm",
        "LinkMp3": "https://files.catbox.moe/1n1t7s.mp3",
        "annId": 10044,
        "songDifficulty": 15.562001067922928,
        "vintage": "Fall 2008"
    },
    {
        "animeEng": "My Teen Romantic Comedy SNAFU Climax!",
        "animeRomaji": "Oregairu Kan",
        "songName": "Yukitoki",
        "artist": "Nagi Yanagi",
        "type": "Ending 4",
        "correctCount": 130,
        "startTime": 194,
        "songDuration": 265.112178,
        "songNumber": 31,
        "activePlayerCount": 150,
        "LinkVideo": "https://files.catbox.moe/r4f944.webm",
        "LinkMp3": "https://files.catbox.moe/sz9a1r.mp3",
        "annId": 21999,
        "songDifficulty": 47.85796018950103,
        "vintage": "Summer 2020"
    },
    {
        "animeEng": "Tenamonya Voyagers",
        "animeRomaji": "Tenamonya Voyagers",
        "songName": "Geba Geba 90-pun! no Theme",
        "artist": "Hiroshi Miyagawa",
        "type": "Opening 1",
        "correctCount": 10,
        "startTime": 29,
        "songDuration": 90.564974,
        "songNumber": 32,
        "activePlayerCount": 151,
        "LinkVideo": "https://files.catbox.moe/tw37j8.webm",
        "LinkMp3": "https://files.catbox.moe/2rw8ub.mp3",
        "annId": 229,
        "songDifficulty": 15.270481560819892,
        "vintage": "Spring 1999"
    },
    {
        "animeEng": "Kaiji: Against All Rules",
        "animeRomaji": "Gyakkyou Burai Kaiji: Hakairoku-hen",
        "songName": "Chase the Light!",
        "artist": "Fear, and Loathing in Las Vegas",
        "type": "Opening 1",
        "correctCount": 41,
        "startTime": 6,
        "songDuration": 69.144,
        "songNumber": 33,
        "activePlayerCount": 153,
        "LinkVideo": "https://files.catbox.moe/oexpn8.webm",
        "LinkMp3": "https://files.catbox.moe/yuynjj.mp3",
        "annId": 12435,
        "songDifficulty": 25.08102304136485,
        "vintage": "Spring 2011"
    },
    {
        "animeEng": "Boruto: Naruto the Movie",
        "animeRomaji": "Boruto: Naruto the Movie",
        "songName": "Diver",
        "artist": "KANA-BOON",
        "type": "Ending 1",
        "correctCount": 28,
        "startTime": 111,
        "songDuration": 269.568,
        "songNumber": 34,
        "activePlayerCount": 149,
        "LinkVideo": "https://files.catbox.moe/khwago.webm",
        "LinkMp3": "https://files.catbox.moe/of2xnw.mp3",
        "annId": 16924,
        "songDifficulty": 19.36775721553156,
        "vintage": "Summer 2015"
    },
    {
        "animeEng": "HappinessCharge Pretty Cure!",
        "animeRomaji": "HappinessCharge Precure!",
        "songName": "HappinessCharge Precure! WOW!",
        "artist": "Sayaka Nakaya",
        "type": "Opening 1",
        "correctCount": 24,
        "startTime": 23,
        "songDuration": 89.184,
        "songNumber": 35,
        "activePlayerCount": 149,
        "LinkVideo": "https://files.catbox.moe/5600ny.webm",
        "LinkMp3": "https://files.catbox.moe/huhzyy.mp3",
        "annId": 15754,
        "songDifficulty": 29.828192374390703,
        "vintage": "Winter 2014"
    },
    {
        "animeEng": "Baka & Test: Summon the Beasts OVA",
        "animeRomaji": "Baka to Test to Shoukanjuu: Matsuri",
        "songName": "Renai Koujou Committee",
        "artist": "Natsuko Aso",
        "type": "Opening 1",
        "correctCount": 35,
        "startTime": 39,
        "songDuration": 89.064,
        "songNumber": 36,
        "activePlayerCount": 150,
        "LinkVideo": "https://files.catbox.moe/9fqid1.webm",
        "LinkMp3": "https://files.catbox.moe/0igrzj.mp3",
        "annId": 11847,
        "songDifficulty": 19.246010894716544,
        "vintage": "Winter 2011"
    },
    {
        "animeEng": "The Prince of Tennis Best Games!!",
        "animeRomaji": "Tennis no Ouji-sama Best Games!!",
        "songName": "Eien",
        "artist": "Ryoutarou Okiayu & Junichi Suwabe",
        "type": "Insert Song",
        "correctCount": 1,
        "startTime": 216,
        "songDuration": 265.944,
        "songNumber": 37,
        "activePlayerCount": 150,
        "LinkVideo": "https://files.catbox.moe/dapemu.webm",
        "LinkMp3": "https://files.catbox.moe/4sjwik.mp3",
        "annId": 20816,
        "songDifficulty": 3.8517665009592874,
        "vintage": "Summer 2018",
        "correctPlayers": [
            "Keizan"
        ]
    },
    {
        "animeEng": "Lupin III: Record of Observations of the East - Another Page",
        "animeRomaji": "Lupin Sansei: Touhou Kenbunroku - Another Page",
        "songName": "Lupin III Ai no Theme",
        "artist": "Yuji Ohno & Lupintic Five with Friends Feat. DOUBLE",
        "type": "Ending 1",
        "correctCount": 0,
        "startTime": 101,
        "songDuration": 136.032,
        "songNumber": 38,
        "activePlayerCount": 152,
        "LinkVideo": "https://files.catbox.moe/ie7ir8.webm",
        "LinkMp3": "https://files.catbox.moe/c65wmg.mp3",
        "annId": 14828,
        "songDifficulty": 5.766154049454174,
        "vintage": "Fall 2012"
    },
    {
        "animeEng": "Fate/stay night: Heaven's Feel III. spring song",
        "animeRomaji": "Fate/stay night: Heaven's Feel III. spring song",
        "songName": "Haru wa Yuku",
        "artist": "Aimer",
        "type": "Ending 1",
        "correctCount": 63,
        "startTime": 107,
        "songDuration": 296.064,
        "songNumber": 39,
        "activePlayerCount": 152,
        "LinkVideo": "https://files.catbox.moe/e51r9z.webm",
        "LinkMp3": "https://files.catbox.moe/05ibjn.mp3",
        "annId": 22382,
        "songDifficulty": 29.629489660917287,
        "vintage": "Summer 2020"
    },
    {
        "animeEng": "Pok\u00e9mon: Advanced",
        "animeRomaji": "Pocket Monsters: Advanced Generation",
        "songName": "Nyarth no Uta",
        "artist": "Inuko Inuyama",
        "type": "Insert Song",
        "correctCount": 79,
        "startTime": 5,
        "songDuration": 43.248,
        "songNumber": 40,
        "activePlayerCount": 152,
        "LinkVideo": "https://files.catbox.moe/e6vwu2.webm",
        "LinkMp3": "https://files.catbox.moe/rv16jb.mp3",
        "annId": 1873,
        "songDifficulty": 39.08959249848301,
        "vintage": "Fall 2002"
    },
    {
        "animeEng": "High School Aurabuster",
        "animeRomaji": "High School Aurabuster",
        "songName": "Itsuki Uta",
        "artist": "Chihiro Yonekura",
        "type": "Opening 1",
        "correctCount": 3,
        "startTime": 48,
        "songDuration": 81.216,
        "songNumber": 41,
        "activePlayerCount": 151,
        "LinkVideo": "https://files.catbox.moe/4my38g.webm",
        "LinkMp3": "https://files.catbox.moe/ccx83o.mp3",
        "annId": 6672,
        "songDifficulty": 9.173624146036255,
        "vintage": "Winter 1999",
        "correctPlayers": [
            "Hejsan",
            "Rukawa11",
            "Shag"
        ]
    },
    {
        "animeEng": "The World God Only Knows",
        "animeRomaji": "Kami Nomi zo Shiru Sekai",
        "songName": "Happy Crescent",
        "artist": "Nao Touyama",
        "type": "Insert Song",
        "correctCount": 80,
        "startTime": 54,
        "songDuration": 215.688,
        "songNumber": 42,
        "activePlayerCount": 152,
        "LinkVideo": "https://files.catbox.moe/ttfi1x.webm",
        "LinkMp3": "https://files.catbox.moe/cymp38.mp3",
        "annId": 11571,
        "songDifficulty": 30.664316541834125,
        "vintage": "Fall 2010"
    },
    {
        "animeEng": "Student Council's Discretion",
        "animeRomaji": "Seitokai no Ichizon",
        "songName": "Ue Ue Shita Shita Hidari Migi Hidari Migi B A",
        "artist": "Hekiyou Gakuen Seitokai",
        "type": "Ending 2",
        "correctCount": 36,
        "startTime": 55,
        "songDuration": 90.528,
        "songNumber": 43,
        "activePlayerCount": 153,
        "LinkVideo": "https://files.catbox.moe/tu4gte.webm",
        "LinkMp3": "https://files.catbox.moe/txjfs5.mp3",
        "annId": 10587,
        "songDifficulty": 26.41238463158701,
        "vintage": "Fall 2009"
    },
    {
        "animeEng": "Harlock: Space Pirate",
        "animeRomaji": "Space Pirate Captain Harlock",
        "songName": "Be the light",
        "artist": "ONE OK ROCK",
        "type": "Ending 1",
        "correctCount": 26,
        "startTime": 176,
        "songDuration": 332.928,
        "songNumber": 44,
        "activePlayerCount": 152,
        "LinkVideo": "https://files.catbox.moe/52z0e9.webm",
        "LinkMp3": "https://files.catbox.moe/2v8yr3.mp3",
        "annId": 15170,
        "songDifficulty": 14.853257426924207,
        "vintage": "Summer 2013"
    },
    {
        "animeEng": "Xabungle",
        "animeRomaji": "Sentou Mecha Xabungle",
        "songName": "Wasuregusa",
        "artist": "MIO",
        "type": "Insert Song",
        "correctCount": 5,
        "startTime": 11,
        "songDuration": 60.912,
        "songNumber": 45,
        "activePlayerCount": 151,
        "LinkVideo": "https://files.catbox.moe/lobzfz.webm",
        "LinkMp3": "https://files.catbox.moe/4mduxi.mp3",
        "annId": 1992,
        "songDifficulty": 11.101044152170566,
        "vintage": "Winter 1982",
        "correctPlayers": [
            "Hejsan",
            "as20",
            "SakuraFujima",
            "konomi",
            "Lkyda"
        ]
    },
    {
        "animeEng": "Captain Kuppa! Desert Pirate",
        "animeRomaji": "Sabaku no Kaizoku! Captain Kuppa",
        "songName": "Realize",
        "artist": "Naomi Tamura",
        "type": "Opening 1",
        "correctCount": 7,
        "startTime": 22,
        "songDuration": 86.328,
        "songNumber": 46,
        "activePlayerCount": 154,
        "LinkVideo": "https://files.catbox.moe/t7jaz7.webm",
        "LinkMp3": "https://files.catbox.moe/qapz0j.mp3",
        "annId": 611,
        "songDifficulty": 7.379878959096674,
        "vintage": "Summer 2001"
    },
    {
        "animeEng": "Kiznaiver",
        "animeRomaji": "Kiznaiver",
        "songName": "LAY YOUR HANDS ON ME",
        "artist": "BOOM BOOM SATELLITES",
        "type": "Opening 1",
        "correctCount": 109,
        "startTime": 16,
        "songDuration": 89.965688,
        "songNumber": 47,
        "activePlayerCount": 154,
        "LinkVideo": "https://files.catbox.moe/y9vdhg.webm",
        "LinkMp3": "https://files.catbox.moe/ebpr7u.mp3",
        "annId": 17706,
        "songDifficulty": 44.63898010660575,
        "vintage": "Spring 2016"
    },
    {
        "animeEng": "Gall Force: Earth Chapter",
        "animeRomaji": "Gall Force: Chikyuu Shou",
        "songName": "BROKEN HEART",
        "artist": "Noriko Hamada",
        "type": "Ending 1",
        "correctCount": 1,
        "startTime": 77,
        "songDuration": 200.064,
        "songNumber": 48,
        "activePlayerCount": 153,
        "LinkVideo": "https://files.catbox.moe/2h79ph.webm",
        "LinkMp3": "https://files.catbox.moe/0h7cgb.mp3",
        "annId": 949,
        "songDifficulty": 9.617412072101622,
        "vintage": "Fall 1989",
        "correctPlayers": [
            "Lkyda"
        ]
    },
    {
        "animeEng": "Hundred",
        "animeRomaji": "Hundred",
        "songName": "SAND MIRAGE",
        "artist": "Mayu Yoshioka",
        "type": "Insert Song",
        "correctCount": 6,
        "startTime": 2,
        "songDuration": 30.696,
        "songNumber": 49,
        "activePlayerCount": 154,
        "LinkVideo": "https://files.catbox.moe/bcenb8.webm",
        "LinkMp3": "https://files.catbox.moe/05zhpo.mp3",
        "annId": 17063,
        "songDifficulty": 9.8525586823558,
        "vintage": "Spring 2016"
    },
    {
        "animeEng": "Food Wars! Shokugeki no Soma",
        "animeRomaji": "Shokugeki no Souma",
        "songName": "Spice",
        "artist": "Tokyo Karan Koron",
        "type": "Ending 1",
        "correctCount": 97,
        "startTime": 51,
        "songDuration": 89.568,
        "songNumber": 50,
        "activePlayerCount": 155,
        "LinkVideo": "https://files.catbox.moe/roo4h1.webm",
        "LinkMp3": "https://files.catbox.moe/0j2e4l.mp3",
        "annId": 16344,
        "songDifficulty": 36.50462431066177,
        "vintage": "Spring 2015"
    },
    {
        "animeEng": "Riki-Oh: Toukatsu Jigoku",
        "animeRomaji": "Riki-Oh: Toukatsu Jigoku",
        "songName": "NO MERCY",
        "artist": "Eizo Sakamoto",
        "type": "Opening 1",
        "correctCount": 2,
        "startTime": 5,
        "songDuration": 79.728,
        "songNumber": 51,
        "activePlayerCount": 156,
        "LinkVideo": "https://files.catbox.moe/qvhfir.webm",
        "LinkMp3": "https://files.catbox.moe/g3n6pi.mp3",
        "annId": 4191,
        "songDifficulty": 12.048247327302631,
        "vintage": "Spring 1989",
        "correctPlayers": [
            "Nippah",
            "Shag"
        ]
    },
    {
        "animeEng": "Panty & Stocking with Garterbelt",
        "animeRomaji": "Panty & Stocking with Garterbelt",
        "songName": "Fly Away",
        "artist": "TeddyLoid",
        "type": "Insert Song",
        "correctCount": 58,
        "startTime": 26,
        "songDuration": 71.4,
        "songNumber": 52,
        "activePlayerCount": 157,
        "LinkVideo": "https://files.catbox.moe/jx6602.webm",
        "LinkMp3": "https://files.catbox.moe/826lvn.mp3",
        "annId": 11605,
        "songDifficulty": 50.42676613885506,
        "vintage": "Fall 2010"
    },
    {
        "animeEng": "Gintama'",
        "animeRomaji": "Gintama'",
        "songName": "Tougenkyo Alien",
        "artist": "serial TV drama",
        "type": "Opening 1",
        "correctCount": 42,
        "startTime": 60,
        "songDuration": 89.952,
        "songNumber": 53,
        "activePlayerCount": 157,
        "LinkVideo": "https://files.catbox.moe/ffswol.webm",
        "LinkMp3": "https://files.catbox.moe/231omx.mp3",
        "annId": 12835,
        "songDifficulty": 27.759682055232904,
        "vintage": "Spring 2011"
    },
    {
        "animeEng": "Medabots Spirits",
        "animeRomaji": "Medarot Damashii",
        "songName": "SUPER GUYS!",
        "artist": "Yuusuke Nakamura",
        "type": "Opening 1",
        "correctCount": 4,
        "startTime": 42,
        "songDuration": 80.16,
        "songNumber": 54,
        "activePlayerCount": 158,
        "LinkVideo": "https://files.catbox.moe/wsgssr.webm",
        "LinkMp3": "https://files.catbox.moe/qubslx.mp3",
        "annId": 2617,
        "songDifficulty": 10.902455614302173,
        "vintage": "Summer 2000",
        "correctPlayers": [
            "Rukawa11",
            "as20",
            "Shag",
            "ShiroKuro"
        ]
    },
    {
        "animeEng": "Hinata no Aoshigure",
        "animeRomaji": "Hinata no Aoshigure",
        "songName": "Fushigi",
        "artist": "Spitz",
        "type": "Insert Song",
        "correctCount": 17,
        "startTime": 142,
        "songDuration": 278.408276,
        "songNumber": 55,
        "activePlayerCount": 158,
        "LinkVideo": "https://files.catbox.moe/yhn8tv.webm",
        "LinkMp3": "https://files.catbox.moe/e4f3cl.mp3",
        "annId": 19756,
        "songDifficulty": 11.87693897192029,
        "vintage": "Fall 2013"
    },
    {
        "animeEng": "BanG Dream! Episode of Roselia",
        "animeRomaji": "BanG Dream! Episode of Roselia",
        "songName": "Ameagari no Yume",
        "artist": "Aina Aiba",
        "type": "Insert Song",
        "correctCount": 62,
        "startTime": 0,
        "songDuration": 26.832,
        "songNumber": 56,
        "activePlayerCount": 158,
        "LinkVideo": "https://files.catbox.moe/0z9miv.webm",
        "LinkMp3": "https://files.catbox.moe/vn5okz.mp3",
        "annId": 23928,
        "songDifficulty": 32.69337066473989,
        "vintage": "Spring 2021"
    },
    {
        "animeEng": "Birdy the Mighty: Decode",
        "animeRomaji": "Tetsuwan Birdy Decode",
        "songName": "Marionette no Komoriuta",
        "artist": "KOCHO",
        "type": "Insert Song",
        "correctCount": 2,
        "startTime": 4,
        "songDuration": 32.808,
        "songNumber": 57,
        "activePlayerCount": 158,
        "LinkVideo": "https://files.catbox.moe/47kgnr.webm",
        "LinkMp3": "https://files.catbox.moe/goknne.mp3",
        "annId": 9287,
        "songDifficulty": 10.984848716042258,
        "vintage": "Summer 2008",
        "correctPlayers": [
            "TKN",
            "Lkyda"
        ]
    },
    {
        "animeEng": "Magic Kaito 1412",
        "animeRomaji": "Magic Kaito 1412",
        "songName": "Ai no Scenario",
        "artist": "CHiCO with HoneyWorks",
        "type": "Opening 2",
        "correctCount": 68,
        "startTime": 1,
        "songDuration": 89.184,
        "songNumber": 58,
        "activePlayerCount": 157,
        "LinkVideo": "https://files.catbox.moe/qinzxi.webm",
        "LinkMp3": "https://files.catbox.moe/0vtyoo.mp3",
        "annId": 16168,
        "songDifficulty": 28.104899215579145,
        "vintage": "Fall 2014"
    },
    {
        "animeEng": "BanG Dream! Episode of Roselia",
        "animeRomaji": "BanG Dream! Episode of Roselia",
        "songName": "Happy Happy Party!",
        "artist": "Poppin'Party",
        "type": "Insert Song",
        "correctCount": 71,
        "startTime": 1,
        "songDuration": 30.552,
        "songNumber": 59,
        "activePlayerCount": 157,
        "LinkVideo": "https://files.catbox.moe/qad170.webm",
        "LinkMp3": "https://files.catbox.moe/p7ce00.mp3",
        "annId": 23928,
        "songDifficulty": 39.33607520233813,
        "vintage": "Spring 2021"
    },
    {
        "animeEng": "Uma Musume: Pretty Derby Season 2",
        "animeRomaji": "Uma Musume: Pretty Derby Season 2",
        "songName": "Uma Pyoi Densetsu",
        "artist": "Uma Musume",
        "type": "Ending 5",
        "correctCount": 85,
        "startTime": 59,
        "songDuration": 99.816,
        "songNumber": 60,
        "activePlayerCount": 156,
        "LinkVideo": "https://files.catbox.moe/2qi9gk.webm",
        "LinkMp3": "https://files.catbox.moe/2xxepf.mp3",
        "annId": 23863,
        "songDifficulty": 43.013450361294375,
        "vintage": "Winter 2021"
    },
    {
        "animeEng": "Kimagure Orange\u2605Road",
        "animeRomaji": "Kimagure Orange\u2605Road",
        "songName": "Night Of Summer Side",
        "artist": "Masanori Ikeda",
        "type": "Opening 1",
        "correctCount": 24,
        "startTime": 21,
        "songDuration": 100.392,
        "songNumber": 61,
        "activePlayerCount": 157,
        "LinkVideo": "https://files.catbox.moe/4tbt0q.webm",
        "LinkMp3": "https://files.catbox.moe/9mrwyv.mp3",
        "annId": 327,
        "songDifficulty": 23.89936904169038,
        "vintage": "Spring 1987"
    },
    {
        "animeEng": "Space Battleship Yamato 2199: Voyage of Remembrance",
        "animeRomaji": "Uchuu Senkan Yamato 2199: Tsuioku no Koukai",
        "songName": "BLUE",
        "artist": "Nana Mizuki",
        "type": "Ending 1",
        "correctCount": 4,
        "startTime": 214,
        "songDuration": 244.68,
        "songNumber": 62,
        "activePlayerCount": 157,
        "LinkVideo": "https://files.catbox.moe/5mcw0e.webm",
        "LinkMp3": "https://files.catbox.moe/rldtpd.mp3",
        "annId": 16187,
        "songDifficulty": 7.7444236983492525,
        "vintage": "Fall 2014",
        "correctPlayers": [
            "revel_",
            "SakurabaRola",
            "Nippah",
            "ShiroKuro"
        ]
    },
    {
        "animeEng": "Eiga Precure All Stars: Minna de Utau\u266a Kiseki no Mahou!",
        "animeRomaji": "Eiga Precure All Stars: Minna de Utau\u266a Kiseki no Mahou!",
        "songName": "Miracle Go! Princess Precure",
        "artist": "Karin Isobe",
        "type": "Insert Song",
        "correctCount": 128,
        "startTime": 0,
        "songDuration": 28.21176,
        "songNumber": 63,
        "activePlayerCount": 159,
        "LinkVideo": "https://files.catbox.moe/es74d8.webm",
        "LinkMp3": "https://files.catbox.moe/msnrnr.mp3",
        "annId": 17996,
        "songDifficulty": 47.28143485915493,
        "vintage": "Winter 2016"
    },
    {
        "animeEng": "Eiga Suite Precure: Torimodose! Kokoro ga Tsunagu Kiseki no Melody",
        "animeRomaji": "Eiga Suite Precure: Torimodose! Kokoro ga Tsunagu Kiseki no Melody",
        "songName": "#Kibou Rainbow#",
        "artist": "Aya Ikeda",
        "type": "Ending 2",
        "correctCount": 23,
        "startTime": 11,
        "songDuration": 88.128,
        "songNumber": 64,
        "activePlayerCount": 159,
        "LinkVideo": "https://files.catbox.moe/o1xpks.webm",
        "LinkMp3": "https://files.catbox.moe/slrm70.mp3",
        "annId": 13226,
        "songDifficulty": 29.84417555894309,
        "vintage": "Fall 2011"
    },
    {
        "animeEng": "PriPara",
        "animeRomaji": "PriPara",
        "songName": "Dream Parade",
        "artist": "Yuu Serizawa",
        "type": "Insert Song",
        "correctCount": 62,
        "startTime": 93,
        "songDuration": 136.44,
        "songNumber": 65,
        "activePlayerCount": 158,
        "LinkVideo": "https://files.catbox.moe/6mtw3o.webm",
        "LinkMp3": "https://files.catbox.moe/6cr043.mp3",
        "annId": 16674,
        "songDifficulty": 35.82738909040179,
        "vintage": "Spring 2015"
    },
    {
        "animeEng": "Nisemonogatari",
        "animeRomaji": "Nisemonogatari",
        "songName": "marshmallow justice",
        "artist": "Eri Kitamura",
        "type": "Opening 2",
        "correctCount": 79,
        "startTime": 12,
        "songDuration": 88.56,
        "songNumber": 66,
        "activePlayerCount": 159,
        "LinkVideo": "https://files.catbox.moe/ka11j5.webm",
        "LinkMp3": "https://files.catbox.moe/jwgou5.mp3",
        "annId": 13556,
        "songDifficulty": 32.02993794149836,
        "vintage": "Winter 2012"
    },
    {
        "animeEng": "Brand New Animal",
        "animeRomaji": "BNA",
        "songName": "NIGHT RUNNING",
        "artist": "AAAMYYY",
        "type": "Ending 1",
        "correctCount": 71,
        "startTime": 17,
        "songDuration": 59.16,
        "songNumber": 67,
        "activePlayerCount": 159,
        "LinkVideo": "https://files.catbox.moe/6jqtwn.webm",
        "LinkMp3": "https://files.catbox.moe/v05sz1.mp3",
        "annId": 22924,
        "songDifficulty": 43.92712250600648,
        "vintage": "Spring 2020"
    },
    {
        "animeEng": "Odd Taxi",
        "animeRomaji": "Odd Taxi",
        "songName": "ODDTAXI",
        "artist": "Skirt to PUNPEE",
        "type": "Opening 1",
        "correctCount": 71,
        "startTime": 30,
        "songDuration": 89.472,
        "songNumber": 68,
        "activePlayerCount": 159,
        "LinkVideo": "https://files.catbox.moe/jj1det.webm",
        "LinkMp3": "https://files.catbox.moe/3ehm3l.mp3",
        "annId": 23921,
        "songDifficulty": 44.99447383678794,
        "vintage": "Spring 2021"
    },
    {
        "animeEng": "Legend of the Galactic Heroes Gaiden",
        "animeRomaji": "Ginga Eiyuu Densetsu Gaiden",
        "songName": "Boku-tachi no Kouseki",
        "artist": "Kei Ogura",
        "type": "Ending 1",
        "correctCount": 8,
        "startTime": 10,
        "songDuration": 119.064,
        "songNumber": 69,
        "activePlayerCount": 160,
        "LinkVideo": "https://files.catbox.moe/cztzv2.webm",
        "LinkMp3": "https://files.catbox.moe/xq75ll.mp3",
        "annId": 6488,
        "songDifficulty": 13.387138114677176,
        "vintage": "Fall 1999"
    },
    {
        "animeEng": "Chichibu de Buchichi",
        "animeRomaji": "Chichibu de Buchichi",
        "songName": "Chichibu Ondo 'Chichibu de Buchichi' ver.",
        "artist": "Tomoyo Kurosawa",
        "type": "Insert Song",
        "correctCount": 11,
        "startTime": 34,
        "songDuration": 72.096,
        "songNumber": 70,
        "activePlayerCount": 160,
        "LinkVideo": "https://files.catbox.moe/npoduz.webm",
        "LinkMp3": "https://files.catbox.moe/rkosf1.mp3",
        "annId": 23210,
        "songDifficulty": 10.678569878472222,
        "vintage": "Winter 2018"
    },
    {
        "animeEng": "High School Star Musical",
        "animeRomaji": "Starmyu",
        "songName": "Hoshi no Stride ~Otori duo Ver.~",
        "artist": "Natsuki Hanae & Junichi Suwabe",
        "type": "Insert Song",
        "correctCount": 69,
        "startTime": 82,
        "songDuration": 119.976,
        "songNumber": 71,
        "activePlayerCount": 161,
        "LinkVideo": "https://files.catbox.moe/7niela.webm",
        "LinkMp3": "https://files.catbox.moe/daizzg.mp3",
        "annId": 16892,
        "songDifficulty": 32.99819282863451,
        "vintage": "Fall 2015"
    },
    {
        "animeEng": "Kono Oto Tomare!: Sounds of Life",
        "animeRomaji": "Kono Oto Tomare!",
        "songName": "Tone",
        "artist": "Shouta Aoi",
        "type": "Ending 2",
        "correctCount": 94,
        "startTime": 59,
        "songDuration": 88.968,
        "songNumber": 72,
        "activePlayerCount": 161,
        "LinkVideo": "https://files.catbox.moe/icc163.webm",
        "LinkMp3": "https://files.catbox.moe/p595x3.mp3",
        "annId": 22389,
        "songDifficulty": 36.03149083964305,
        "vintage": "Fall 2019"
    },
    {
        "animeEng": "My Teen Romantic Comedy SNAFU Climax!",
        "animeRomaji": "Oregairu Kan",
        "songName": "Megumi no Ame",
        "artist": "Nagi Yanagi",
        "type": "Opening 1",
        "correctCount": 98,
        "startTime": 1,
        "songDuration": 89.568,
        "songNumber": 73,
        "activePlayerCount": 162,
        "LinkVideo": "https://files.catbox.moe/zzesvj.webm",
        "LinkMp3": "https://files.catbox.moe/1u6j9x.mp3",
        "annId": 21999,
        "songDifficulty": 26.933726685209425,
        "vintage": "Summer 2020"
    },
    {
        "animeEng": "Crayon Shin-chan: Bakuhatsu! Onsen Wakuwaku Daikessen",
        "animeRomaji": "Crayon Shin-chan: Bakuhatsu! Onsen Wakuwaku Daikessen",
        "songName": "Watashi no Sasayaka na Yorokobi",
        "artist": "Nohara Ie All Stars",
        "type": "Insert Song",
        "correctCount": 3,
        "startTime": 31,
        "songDuration": 164.112,
        "songNumber": 74,
        "activePlayerCount": 160,
        "LinkVideo": "https://files.catbox.moe/8hla04.webm",
        "LinkMp3": "https://files.catbox.moe/hi78pr.mp3",
        "annId": 6746,
        "songDifficulty": 6.745362151533516,
        "vintage": "Spring 1999",
        "correctPlayers": [
            "uy5gf",
            "revel_",
            "SakuraFujima"
        ]
    },
    {
        "animeEng": "Martian Successor Nadesico",
        "animeRomaji": "Kidou Senkan Nadesico",
        "songName": "Watashi Rashiku",
        "artist": "Houko Kuwashima",
        "type": "Ending 1",
        "correctCount": 9,
        "startTime": 15,
        "songDuration": 59.472,
        "songNumber": 75,
        "activePlayerCount": 160,
        "LinkVideo": "https://files.catbox.moe/8yhub0.webm",
        "LinkMp3": "https://files.catbox.moe/jrapce.mp3",
        "annId": 42,
        "songDifficulty": 15.131209763948497,
        "vintage": "Fall 1996"
    },
    {
        "animeEng": "All Purpose Cultural Cat Girl Nuku Nuku DASH!",
        "animeRomaji": "Bannou Bunka Neko-Musume DASH!",
        "songName": "A House Cat",
        "artist": "Megumi Hayashibara",
        "type": "Opening 1",
        "correctCount": 4,
        "startTime": 46,
        "songDuration": 92.184,
        "songNumber": 76,
        "activePlayerCount": 160,
        "LinkVideo": "https://files.catbox.moe/o6voab.webm",
        "LinkMp3": "https://files.catbox.moe/zh1h9y.mp3",
        "annId": 558,
        "songDifficulty": 9.806794592406284,
        "vintage": "Summer 1998",
        "correctPlayers": [
            "Rukawa11",
            "Aki_s",
            "Shag",
            "Delete"
        ]
    },
    {
        "animeEng": "Battle Angel",
        "animeRomaji": "Gunnm",
        "songName": "Cyborg Mermaid",
        "artist": "Kaori Akima",
        "type": "Ending 1",
        "correctCount": 9,
        "startTime": 121,
        "songDuration": 176.448,
        "songNumber": 77,
        "activePlayerCount": 162,
        "LinkVideo": "https://files.catbox.moe/tmth2i.webm",
        "LinkMp3": "https://files.catbox.moe/6cka26.mp3",
        "annId": 614,
        "songDifficulty": 9.421920762875773,
        "vintage": "Spring 1993"
    },
    {
        "animeEng": "Samurai Champloo",
        "animeRomaji": "Samurai Champloo",
        "songName": "Who's Theme",
        "artist": "MINMI",
        "type": "Ending 2",
        "correctCount": 45,
        "startTime": 7,
        "songDuration": 178.128,
        "songNumber": 78,
        "activePlayerCount": 162,
        "LinkVideo": "https://files.catbox.moe/zv7mhb.webm",
        "LinkMp3": "https://files.catbox.moe/72swc6.mp3",
        "annId": 2636,
        "songDifficulty": 35.29003891805946,
        "vintage": "Spring 2004"
    },
    {
        "animeEng": ".hack//Unison",
        "animeRomaji": ".hack//Unison",
        "songName": "The World",
        "artist": "Emily Bindiger",
        "type": "Insert Song",
        "correctCount": 13,
        "startTime": 82,
        "songDuration": 117.072,
        "songNumber": 79,
        "activePlayerCount": 162,
        "LinkVideo": "https://files.catbox.moe/pfa82u.webm",
        "LinkMp3": "https://files.catbox.moe/s5dzj1.mp3",
        "annId": 3770,
        "songDifficulty": 26.289195920303605,
        "vintage": "Winter 2003"
    },
    {
        "animeEng": "ClassicaLoid",
        "animeRomaji": "ClassicaLoid",
        "songName": "ClassicaLoid ~ClassicaLoid no Theme~",
        "artist": "Tomoyasu Hotei & Steve Lipson",
        "type": "Opening 1",
        "correctCount": 64,
        "startTime": 50,
        "songDuration": 88.104,
        "songNumber": 80,
        "activePlayerCount": 163,
        "LinkVideo": "https://files.catbox.moe/zwyofl.webm",
        "LinkMp3": "https://files.catbox.moe/6q1i3z.mp3",
        "annId": 17269,
        "songDifficulty": 30.364908152613147,
        "vintage": "Fall 2016"
    },
    {
        "animeEng": "Chio's School Road",
        "animeRomaji": "Chio-chan no Tsuugakuro",
        "songName": "Danger in my Tsuugakuro",
        "artist": "Naomi Oozora, Chiaki Omigawa, Kaede Hondo",
        "type": "Opening 1",
        "correctCount": 38,
        "startTime": 38,
        "songDuration": 88.848,
        "songNumber": 81,
        "activePlayerCount": 163,
        "LinkVideo": "https://files.catbox.moe/kos8ug.webm",
        "LinkMp3": "https://files.catbox.moe/8a5s2q.mp3",
        "annId": 20512,
        "songDifficulty": 18.815706524048267,
        "vintage": "Summer 2018"
    },
    {
        "animeEng": "Girlfriend, Girlfriend",
        "animeRomaji": "Kanojo mo Kanojo",
        "songName": "Fuzaketenai ze",
        "artist": "Necry Talkie",
        "type": "Opening 1",
        "correctCount": 96,
        "startTime": 45,
        "songDuration": 88.992,
        "songNumber": 82,
        "activePlayerCount": 163,
        "LinkVideo": "https://files.catbox.moe/yo27f9.webm",
        "LinkMp3": "https://files.catbox.moe/ad3wtn.mp3",
        "annId": 23918,
        "songDifficulty": 34.91915731694224,
        "vintage": "Summer 2021"
    },
    {
        "animeEng": "Beyblade: Shogun Steel",
        "animeRomaji": "Metal Fight Beyblade Zero-G",
        "songName": "ZEROG Bey! Go!",
        "artist": "YU+KI",
        "type": "Opening 1",
        "correctCount": 9,
        "startTime": 10,
        "songDuration": 58.225938,
        "songNumber": 83,
        "activePlayerCount": 162,
        "LinkVideo": "https://files.catbox.moe/lksv6r.webm",
        "LinkMp3": "https://files.catbox.moe/yzj4z5.mp3",
        "annId": 14053,
        "songDifficulty": 13.239670537657156,
        "vintage": "Spring 2012"
    },
    {
        "animeEng": "Senki Zesshou Symphogear AXZ",
        "animeRomaji": "Senki Zesshou Symphogear AXZ",
        "songName": "UNLIMITED BEAT",
        "artist": "Nana Mizuki",
        "type": "Insert Song",
        "correctCount": 27,
        "startTime": 74,
        "songDuration": 191.04,
        "songNumber": 84,
        "activePlayerCount": 161,
        "LinkVideo": "https://files.catbox.moe/qdrkzl.webm",
        "LinkMp3": "https://files.catbox.moe/hc5154.mp3",
        "annId": 19724,
        "songDifficulty": 25.16376953125,
        "vintage": "Summer 2017"
    },
    {
        "animeEng": "Pop Team Epic",
        "animeRomaji": "Poputepipikku",
        "songName": "POP TEAM EPIC",
        "artist": "Sumire Uesaka",
        "type": "Opening 2",
        "correctCount": 98,
        "startTime": 43,
        "songDuration": 90.552,
        "songNumber": 85,
        "activePlayerCount": 159,
        "LinkVideo": "https://files.catbox.moe/qu6ju2.webm",
        "LinkMp3": "https://files.catbox.moe/ewosy6.mp3",
        "annId": 20287,
        "songDifficulty": 38.41770659804855,
        "vintage": "Winter 2018"
    }
]