[
    {
        "animeEng": "Angel Heart",
        "animeRomaji": "Angel Heart",
        "songName": "More Than You Know",
        "artist": "TOKU",
        "type": "Insert Song",
        "correctCount": 0,
        "startTime": 10,
        "songDuration": 106.104,
        "songNumber": 1,
        "activePlayerCount": 126,
        "LinkVideo": "https://files.catbox.moe/xgke6p.webm",
        "LinkMp3": "https://files.catbox.moe/kmtfzj.mp3"
    },
    {
        "animeEng": "Aikatsu!",
        "animeRomaji": "Aikatsu!",
        "songName": "G Senjo no Shining Sky",
        "artist": "Waka\u30fbRisuko from STAR\u2606ANIS",
        "type": "Insert Song",
        "correctCount": 37,
        "startTime": 11,
        "songDuration": 109.584,
        "songNumber": 2,
        "activePlayerCount": 125,
        "LinkVideo": "https://files.catbox.moe/ue6z7w.webm",
        "LinkMp3": "https://files.catbox.moe/1gyrum.mp3"
    },
    {
        "animeEng": "Stardust Paradise",
        "animeRomaji": "Hoshikuzu Paradise",
        "songName": "Kanashimi Rondo",
        "artist": "Chieko Honda",
        "type": "Insert Song",
        "correctCount": 1,
        "startTime": 4,
        "songDuration": 67.008,
        "songNumber": 3,
        "activePlayerCount": 126,
        "LinkVideo": "https://files.catbox.moe/mkdae7.webm",
        "LinkMp3": "https://files.catbox.moe/rp9bne.mp3",
        "correctPlayers": [
            "Hooman"
        ]
    },
    {
        "animeEng": "Banner of the Stars",
        "animeRomaji": "Seikai no Senki",
        "songName": "Pink",
        "artist": "YUAMU",
        "type": "Ending 1",
        "correctCount": 1,
        "startTime": 36,
        "songDuration": 96.468546,
        "songNumber": 4,
        "activePlayerCount": 125,
        "LinkVideo": "https://files.catbox.moe/toapty.webm",
        "LinkMp3": "https://files.catbox.moe/bqwaoz.mp3",
        "correctPlayers": [
            "HaNaNa"
        ]
    },
    {
        "animeEng": "Amanchu! Advance",
        "animeRomaji": "Amanchu! Advance",
        "songName": "Hello, Hello",
        "artist": "Maaya Sakamoto",
        "type": "Ending 1",
        "correctCount": 16,
        "startTime": 26,
        "songDuration": 88.992,
        "songNumber": 5,
        "activePlayerCount": 126,
        "LinkVideo": "https://files.catbox.moe/bvstvb.webm",
        "LinkMp3": "https://files.catbox.moe/6n2km9.mp3"
    },
    {
        "animeEng": "Fireworks",
        "animeRomaji": "Uchiage Hanabi, Shita kara Miru ka? Yoko kara Miru ka?",
        "songName": "Forever Friends",
        "artist": "DAOKO",
        "type": "Insert Song",
        "correctCount": 18,
        "startTime": 175,
        "songDuration": 239.982814,
        "songNumber": 6,
        "activePlayerCount": 126,
        "LinkVideo": "https://files.catbox.moe/12ygpb.webm",
        "LinkMp3": "https://files.catbox.moe/zitivr.mp3"
    },
    {
        "animeEng": "Voice of Fox",
        "animeRomaji": "Kitsune no Koe",
        "songName": "COME:BACK Stage!",
        "artist": "Love Desire",
        "type": "Opening 1",
        "correctCount": 4,
        "startTime": 28,
        "songDuration": 89.284996,
        "songNumber": 7,
        "activePlayerCount": 125,
        "LinkVideo": "https://files.catbox.moe/1g687u.webm",
        "LinkMp3": "https://files.catbox.moe/92h3hi.mp3",
        "correctPlayers": [
            "Rukawa11",
            "Shuuka",
            "ryser",
            "Saiyuki"
        ]
    },
    {
        "animeEng": "One Piece Episode of Chopper: The Miracle Winter Cherry Blossom",
        "animeRomaji": "One Piece Episode of Chopper + Fuyu ni Saku, Kiseki no Sakura",
        "songName": "Mata ne",
        "artist": "DREAMS COME TRUE",
        "type": "Ending 1",
        "correctCount": 5,
        "startTime": 178,
        "songDuration": 217.368,
        "songNumber": 8,
        "activePlayerCount": 125,
        "LinkVideo": "https://files.catbox.moe/x88j08.webm",
        "LinkMp3": "https://files.catbox.moe/z0o9wy.mp3",
        "correctPlayers": [
            "AIsex",
            "Martinch",
            "revel_",
            "ShiroKuro",
            "Kirran58"
        ]
    },
    {
        "animeEng": "All Purpose Cultural Cat Girl Nuku Nuku",
        "animeRomaji": "Bann\u014d Bunka Neko-Musume",
        "songName": "Watashi ni Happy Birthday",
        "artist": "Megumi Hayashibara",
        "type": "Opening 1",
        "correctCount": 10,
        "startTime": 33,
        "songDuration": 85.056,
        "songNumber": 9,
        "activePlayerCount": 124,
        "LinkVideo": "https://files.catbox.moe/8dc7ia.webm",
        "LinkMp3": "https://files.catbox.moe/ldukz5.mp3"
    },
    {
        "animeEng": "Millennium Actress",
        "animeRomaji": "Sennen Joy\u016b",
        "songName": "Chiyoko no Theme Mode-1",
        "artist": "Susumu Hirasawa",
        "type": "Opening 1",
        "correctCount": 34,
        "startTime": 53,
        "songDuration": 87.984,
        "songNumber": 10,
        "activePlayerCount": 124,
        "LinkVideo": "https://files.catbox.moe/nhxvst.webm",
        "LinkMp3": "https://files.catbox.moe/nnsjd8.mp3"
    },
    {
        "animeEng": "STARMYU",
        "animeRomaji": "K\u014dk\u014d Hoshi Kageki",
        "songName": "SUREFIRE ~Hikari e Tsunage~",
        "artist": "Natsuki Hanae, Nobuhiko Okamoto, Daisuke Namikawa, Souma Saitou",
        "type": "Insert Song",
        "correctCount": 45,
        "startTime": 39,
        "songDuration": 89.688,
        "songNumber": 11,
        "activePlayerCount": 124,
        "LinkVideo": "https://files.catbox.moe/jz57cy.webm",
        "LinkMp3": "https://files.catbox.moe/2ojdrj.mp3"
    },
    {
        "animeEng": "Furusato Meguri Nippon no Mukashi Banashi",
        "animeRomaji": "Furusato Meguri Nippon no Mukashi Banashi",
        "songName": "Furusato Hokkori Mura",
        "artist": "Kaori Mizumori",
        "type": "Opening 1",
        "correctCount": 6,
        "startTime": 6,
        "songDuration": 88.368,
        "songNumber": 12,
        "activePlayerCount": 122,
        "LinkVideo": "https://files.catbox.moe/vlz4tw.webm",
        "LinkMp3": "https://files.catbox.moe/8fzaof.mp3"
    },
    {
        "animeEng": "K.O. Beast",
        "animeRomaji": "KO Seiki Beast Sanjushi",
        "songName": "Koi wa Maketerare Nation",
        "artist": "Rumi Shishido",
        "type": "Opening 1",
        "correctCount": 1,
        "startTime": 18,
        "songDuration": 89.904,
        "songNumber": 13,
        "activePlayerCount": 122,
        "LinkVideo": "https://files.catbox.moe/gbdzgy.webm",
        "LinkMp3": "https://files.catbox.moe/o1i9fb.mp3",
        "correctPlayers": [
            "ryser"
        ]
    },
    {
        "animeEng": "Ultraman Kids: M7.8 Sei no Yukai na Nakama",
        "animeRomaji": "Ultraman Kids: M7.8 Sei no Yukai na Nakama",
        "songName": "Kids no Cha-cha-cha",
        "artist": "Kyoko Yamada",
        "type": "Opening 1",
        "correctCount": 2,
        "startTime": 7,
        "songDuration": 59.064,
        "songNumber": 14,
        "activePlayerCount": 122,
        "LinkVideo": "https://files.catbox.moe/2q624y.webm",
        "LinkMp3": "https://files.catbox.moe/zhcb1g.mp3",
        "correctPlayers": [
            "Probius",
            "SiJontor"
        ]
    },
    {
        "animeEng": "11eyes",
        "animeRomaji": "11eyes",
        "songName": "Arrival of Tears",
        "artist": "Ayane",
        "type": "Opening 1",
        "correctCount": 68,
        "startTime": 47,
        "songDuration": 86.904,
        "songNumber": 15,
        "activePlayerCount": 122,
        "LinkVideo": "https://files.catbox.moe/t5tlxs.webm",
        "LinkMp3": "https://files.catbox.moe/wlwzb6.mp3"
    },
    {
        "animeEng": "When They Cry",
        "animeRomaji": "Higurashi no Naku Koro ni",
        "songName": "Higurashi no Naku Koro ni",
        "artist": "Eiko Shimamiya",
        "type": "Opening 1",
        "correctCount": 103,
        "startTime": 13,
        "songDuration": 90.12,
        "songNumber": 16,
        "activePlayerCount": 122,
        "LinkVideo": "https://files.catbox.moe/3czpgu.webm",
        "LinkMp3": "https://files.catbox.moe/50gq0p.mp3"
    },
    {
        "animeEng": "Reborn!",
        "animeRomaji": "Katekyo Hitman Reborn!",
        "songName": "Funny Sunny Day (Japanese Version)",
        "artist": "SxOxU",
        "type": "Opening 7",
        "correctCount": 43,
        "startTime": 34,
        "songDuration": 89.04,
        "songNumber": 17,
        "activePlayerCount": 122,
        "LinkVideo": "https://files.catbox.moe/c7drny.webm",
        "LinkMp3": "https://files.catbox.moe/opaqjl.mp3"
    },
    {
        "animeEng": "Naruto: Hidden Leaf Village Grand Sports Festival!",
        "animeRomaji": "Naruto: Konoha no Sato no Dai Und\u014dkai",
        "songName": "GYU-RU-RU",
        "artist": "Junko Takeuchi",
        "type": "Ending 1",
        "correctCount": 10,
        "startTime": 7,
        "songDuration": 59.568,
        "songNumber": 18,
        "activePlayerCount": 123,
        "LinkVideo": "https://files.catbox.moe/ditsub.webm",
        "LinkMp3": "https://files.catbox.moe/2mw0ut.mp3"
    },
    {
        "animeEng": "Mister Ajikko",
        "animeRomaji": "Mister Ajikko",
        "songName": "Renaissance Jounetsu",
        "artist": "Wataru Kuniyasu",
        "type": "Opening 1",
        "correctCount": 3,
        "startTime": 38,
        "songDuration": 89.016,
        "songNumber": 19,
        "activePlayerCount": 122,
        "LinkVideo": "https://files.catbox.moe/2p42w3.webm",
        "LinkMp3": "https://files.catbox.moe/z23vy6.mp3",
        "correctPlayers": [
            "Zylda",
            "Rukawa11",
            "ryser"
        ]
    },
    {
        "animeEng": "Kabaneri of the Iron Fortress Recaps",
        "animeRomaji": "K\u014dtetsuj\u014d no Kabaneri S\u014dsh\u016bhen",
        "songName": "Grenzlinie",
        "artist": "Cyua",
        "type": "Insert Song",
        "correctCount": 4,
        "startTime": 13,
        "songDuration": 229.608,
        "songNumber": 20,
        "activePlayerCount": 122,
        "LinkVideo": "https://files.catbox.moe/8o88ku.webm",
        "LinkMp3": "https://files.catbox.moe/5oirlw.mp3",
        "correctPlayers": [
            "Lkyda",
            "SalmonTohsaka",
            "ShiroKuro",
            "esteban9876"
        ]
    },
    {
        "animeEng": "Wonder Egg Priority",
        "animeRomaji": "Wonder Egg Priority",
        "songName": "Sudachi no Uta",
        "artist": "Anemoneria",
        "type": "Opening 1",
        "correctCount": 42,
        "startTime": 1,
        "songDuration": 88.776,
        "songNumber": 21,
        "activePlayerCount": 122,
        "LinkVideo": "https://files.catbox.moe/gq1khc.webm",
        "LinkMp3": "https://files.catbox.moe/j0c56t.mp3"
    },
    {
        "animeEng": "Akasaka Hardcore",
        "animeRomaji": "Akane-iro ni Somaru Saka Hardcore",
        "songName": "Hatsukoi Parachute",
        "artist": "Miyuki Hashimoto",
        "type": "Opening 1",
        "correctCount": 29,
        "startTime": 38,
        "songDuration": 89.04,
        "songNumber": 22,
        "activePlayerCount": 122,
        "LinkVideo": "https://files.catbox.moe/cvr3y2.webm",
        "LinkMp3": "https://files.catbox.moe/irox55.mp3"
    },
    {
        "animeEng": "Akiba's Trip: The Animation",
        "animeRomaji": "Akiba's Trip: The Animation",
        "songName": "Koi ni Shinzan!",
        "artist": "Shoko Nakagawa ft. Ladybeard",
        "type": "Ending 7",
        "correctCount": 7,
        "startTime": 41,
        "songDuration": 89.544,
        "songNumber": 23,
        "activePlayerCount": 121,
        "LinkVideo": "https://files.catbox.moe/ezh132.webm",
        "LinkMp3": "https://files.catbox.moe/9hizbz.mp3"
    },
    {
        "animeEng": ".hack//Liminality",
        "animeRomaji": ".hack//Liminality",
        "songName": "Obsession",
        "artist": "See-Saw",
        "type": "Insert Song",
        "correctCount": 79,
        "startTime": 49,
        "songDuration": 115.392,
        "songNumber": 24,
        "activePlayerCount": 121,
        "LinkVideo": "https://files.catbox.moe/n7x1dt.webm",
        "LinkMp3": "https://files.catbox.moe/qk5p8n.mp3"
    },
    {
        "animeEng": "Gegege no Kitar\u014d: Saiky\u014d Y\u014dkai Gundan! Nihon J\u014driku!!",
        "animeRomaji": "Gegege no Kitar\u014d: Saiky\u014d Y\u014dkai Gundan! Nihon J\u014driku!!",
        "songName": "Gegege no Kitaro",
        "artist": "Ikuzo Yoshi",
        "type": "Opening 1",
        "correctCount": 110,
        "startTime": 11,
        "songDuration": 87.504,
        "songNumber": 25,
        "activePlayerCount": 121,
        "LinkVideo": "https://files.catbox.moe/c145n1.webm",
        "LinkMp3": "https://files.catbox.moe/xxc15n.mp3"
    },
    {
        "animeEng": "Cencoroll",
        "animeRomaji": "Cencoroll",
        "songName": "LOVE & ROLL",
        "artist": "supercell",
        "type": "Ending 1",
        "correctCount": 32,
        "startTime": 53,
        "songDuration": 105.816,
        "songNumber": 26,
        "activePlayerCount": 120,
        "LinkVideo": "https://files.catbox.moe/1f167n.webm",
        "LinkMp3": "https://files.catbox.moe/w4mlq2.mp3"
    },
    {
        "animeEng": "Cardcaptor Sakura The Movie 2: The Sealed Card",
        "animeRomaji": "Cardcaptor Sakura: F\u016bin Sareta Card",
        "songName": "Arigat\u014d",
        "artist": "Sakura Tange",
        "type": "Insert Song",
        "correctCount": 7,
        "startTime": 7,
        "songDuration": 111.072,
        "songNumber": 27,
        "activePlayerCount": 122,
        "LinkVideo": "https://files.catbox.moe/p4dt1u.webm",
        "LinkMp3": "https://files.catbox.moe/gbtfdc.mp3"
    },
    {
        "animeEng": "Blazing Transfer Student",
        "animeRomaji": "Hon\u014d no Tenk\u014dsei",
        "songName": "Honoo no Tenkousei",
        "artist": "Toshihiko Seki",
        "type": "Opening 1",
        "correctCount": 20,
        "startTime": 31,
        "songDuration": 88.464,
        "songNumber": 28,
        "activePlayerCount": 120,
        "LinkVideo": "https://files.catbox.moe/e76yxc.webm",
        "LinkMp3": "https://files.catbox.moe/xotphg.mp3"
    },
    {
        "animeEng": "Hetalia The World Twinkle",
        "animeRomaji": "Hetalia The World Twinkle",
        "songName": "Ephemeral Flowers",
        "artist": "Saki",
        "type": "Insert Song",
        "correctCount": 3,
        "startTime": 41,
        "songDuration": 238.344,
        "songNumber": 29,
        "activePlayerCount": 121,
        "LinkVideo": "https://files.catbox.moe/x5ox7z.webm",
        "LinkMp3": "https://files.catbox.moe/4tbf40.mp3",
        "correctPlayers": [
            "ShirakamiFBK",
            "ryser",
            "asleep"
        ]
    },
    {
        "animeEng": "Phantasy Star Online 2: The Animation",
        "animeRomaji": "Phantasy Star Online 2: The Animation",
        "songName": "Zessei Stargate",
        "artist": "Sh\u014dta Aoi",
        "type": "Opening 1",
        "correctCount": 17,
        "startTime": 31,
        "songDuration": null,
        "songNumber": 30,
        "activePlayerCount": 121,
        "LinkVideo": "https://files.catbox.moe/njcyny.webm",
        "LinkMp3": "https://files.catbox.moe/2avyi6.mp3"
    },
    {
        "animeEng": "Akudama Drive",
        "animeRomaji": "Akudama Drive",
        "songName": "Ready",
        "artist": "UraShimaSakataSen",
        "type": "Ending 1",
        "correctCount": 37,
        "startTime": 39,
        "songDuration": 87.24,
        "songNumber": 31,
        "activePlayerCount": 121,
        "LinkVideo": "https://files.catbox.moe/rq4w0i.webm",
        "LinkMp3": "https://files.catbox.moe/vxt4as.mp3"
    },
    {
        "animeEng": "MIX",
        "animeRomaji": "Mix: Meisei Story",
        "songName": "VS",
        "artist": "Porno Graffitti",
        "type": "Opening 2",
        "correctCount": 19,
        "startTime": 44,
        "songDuration": 93.552,
        "songNumber": 32,
        "activePlayerCount": 121,
        "LinkVideo": "https://files.catbox.moe/mqnuoh.webm",
        "LinkMp3": "https://files.catbox.moe/3miezx.mp3"
    },
    {
        "animeEng": "Seitokai Yakuindomo Movie",
        "animeRomaji": "Seitokai Yakuindomo Movie",
        "songName": "Hana Saku\u2606Saikyou Legend Days",
        "artist": "Triple Booking",
        "type": "Opening 1",
        "correctCount": 63,
        "startTime": 2,
        "songDuration": 87.408,
        "songNumber": 33,
        "activePlayerCount": 121,
        "LinkVideo": "https://files.catbox.moe/i5jxc3.webm",
        "LinkMp3": "https://files.catbox.moe/qvf1b2.mp3"
    },
    {
        "animeEng": "The Case Files of Jeweler Richard",
        "animeRomaji": "H\u014dsekisho Richard-shi no Nazo Kantei",
        "songName": "H\u014dseki no Umareru Toki",
        "artist": "Nagi Yanagi",
        "type": "Opening 1",
        "correctCount": 26,
        "startTime": 54,
        "songDuration": 88.944,
        "songNumber": 34,
        "activePlayerCount": 120,
        "LinkVideo": "https://files.catbox.moe/l5b3w2.webm",
        "LinkMp3": "https://files.catbox.moe/i6208c.mp3"
    },
    {
        "animeEng": "Kaiji: Ultimate Survivor",
        "animeRomaji": "Kaiji: Ultimate Survivor",
        "songName": "Makeinutachi no Requiem",
        "artist": "Hakuryuu",
        "type": "Ending 1",
        "correctCount": 25,
        "startTime": 13,
        "songDuration": 69.792,
        "songNumber": 35,
        "activePlayerCount": 122,
        "LinkVideo": "https://files.catbox.moe/yhn0bk.webm",
        "LinkMp3": "https://files.catbox.moe/5kjksj.mp3"
    },
    {
        "animeEng": "Miru Tights",
        "animeRomaji": "Miru Tights",
        "songName": "True Days",
        "artist": "Haruka Tomatsu, Y\u014dko Hikasa, Aya Suzaki",
        "type": "Ending 4",
        "correctCount": 30,
        "startTime": 4,
        "songDuration": 76.224,
        "songNumber": 36,
        "activePlayerCount": 121,
        "LinkVideo": "https://files.catbox.moe/snaoh2.webm",
        "LinkMp3": "https://files.catbox.moe/pynhgy.mp3"
    },
    {
        "animeEng": "Beyblade",
        "animeRomaji": "Bakuten Shoot Beyblade",
        "songName": "Let's Beyblade",
        "artist": "Sick Kid featuring Lukas Rossi",
        "type": "Opening 1",
        "correctCount": 103,
        "startTime": 19,
        "songDuration": 59.928,
        "songNumber": 37,
        "activePlayerCount": 120,
        "LinkVideo": "https://files.catbox.moe/u3nle4.webm",
        "LinkMp3": "https://files.catbox.moe/ckm177.mp3"
    },
    {
        "animeEng": "The Perfect Insider",
        "animeRomaji": "Subete ga F ni Naru",
        "songName": "talking",
        "artist": "KANA-BOON",
        "type": "Opening 1",
        "correctCount": 64,
        "startTime": 42,
        "songDuration": 89.088,
        "songNumber": 38,
        "activePlayerCount": 120,
        "LinkVideo": "https://files.catbox.moe/743ltl.webm",
        "LinkMp3": "https://files.catbox.moe/i8qxvn.mp3"
    },
    {
        "animeEng": "Cardfight!! Vanguard Movie: Neon Messiah",
        "animeRomaji": "Cardfight!! Vanguard Movie: Neon Messiah",
        "songName": "Harmonia",
        "artist": "Suzuko Mimori",
        "type": "Ending 1",
        "correctCount": 11,
        "startTime": 75,
        "songDuration": 127.464,
        "songNumber": 39,
        "activePlayerCount": 120,
        "LinkVideo": "https://files.catbox.moe/jn3bx2.webm",
        "LinkMp3": "https://files.catbox.moe/6rdqcn.mp3"
    },
    {
        "animeEng": "In a Distant Time",
        "animeRomaji": "Harukanaru Toki no Naka de: Ajisai Yumegatari",
        "songName": "Sakura Fubuki",
        "artist": "DASEIN",
        "type": "Opening 1",
        "correctCount": 8,
        "startTime": 57,
        "songDuration": 98.035866,
        "songNumber": 40,
        "activePlayerCount": 119,
        "LinkVideo": "https://files.catbox.moe/nntezc.webm",
        "LinkMp3": "https://files.catbox.moe/qg8s51.mp3"
    },
    {
        "animeEng": "Doraemon: Nobita's Great Adventure in the World of Magic",
        "animeRomaji": "Doraemon: Nobita no Makai Daibouken",
        "songName": "Dakara Minna de",
        "artist": "Makoto Iwabuchi",
        "type": "Ending 1",
        "correctCount": 2,
        "startTime": 81,
        "songDuration": 136.853158,
        "songNumber": 41,
        "activePlayerCount": 119,
        "LinkVideo": "https://files.catbox.moe/sfl0my.webm",
        "LinkMp3": "https://files.catbox.moe/mk9syf.mp3",
        "correctPlayers": [
            "IzumiSakai",
            "asleep"
        ]
    },
    {
        "animeEng": "Shugo Chara! Party!",
        "animeRomaji": "Shugo Chara! Party!",
        "songName": "Kokoro no Tamago",
        "artist": "Buono!",
        "type": "Insert Song",
        "correctCount": 42,
        "startTime": 1,
        "songDuration": 58.944,
        "songNumber": 42,
        "activePlayerCount": 120,
        "LinkVideo": "https://files.catbox.moe/rm4m3t.webm",
        "LinkMp3": "https://files.catbox.moe/pq9b0x.mp3"
    },
    {
        "animeEng": "Shin Getter Robo vs. Neo Getter Robo",
        "animeRomaji": "Shin Getter Robo tai Neo Getter Robo",
        "songName": "RISING",
        "artist": "JAM Project featuring Ichiro Mizuki & Hironobu Kageyama",
        "type": "Ending 1",
        "correctCount": 5,
        "startTime": 26,
        "songDuration": 103.896,
        "songNumber": 43,
        "activePlayerCount": 119,
        "LinkVideo": "https://files.catbox.moe/3iuimf.webm",
        "LinkMp3": "https://files.catbox.moe/oj6fzj.mp3",
        "correctPlayers": [
            "Blacky_Doll",
            "AIsex",
            "Impognagrift",
            "AlterMang",
            "nyamu"
        ]
    },
    {
        "animeEng": "Kabaneri of the Iron Fortress",
        "animeRomaji": "K\u014dtetsuj\u014d no Kabaneri",
        "songName": "Icon",
        "artist": "Eliana",
        "type": "Insert Song",
        "correctCount": 51,
        "startTime": 25,
        "songDuration": 159.984,
        "songNumber": 44,
        "activePlayerCount": 119,
        "LinkVideo": "https://files.catbox.moe/p0tzzn.webm",
        "LinkMp3": "https://files.catbox.moe/6kthwl.mp3"
    },
    {
        "animeEng": "Keitai Sh\u014djo",
        "animeRomaji": "Keitai Sh\u014djo",
        "songName": "Mirai Angel",
        "artist": "Ami Koshimizu, Rina Satou, Mikako Takahashi, Kana Ueda, Kaori Nazuka",
        "type": "Ending 1",
        "correctCount": 1,
        "startTime": 31,
        "songDuration": 88.872,
        "songNumber": 45,
        "activePlayerCount": 119,
        "LinkVideo": "https://files.catbox.moe/mh2hq5.webm",
        "LinkMp3": "https://files.catbox.moe/zsvylh.mp3",
        "correctPlayers": [
            "Ufokoira"
        ]
    },
    {
        "animeEng": "Digimon Fusion",
        "animeRomaji": "Digimon Xros Wars",
        "songName": "Act as One!",
        "artist": "Noam Kaniel/Frederic Jaffre",
        "type": "Opening 1",
        "correctCount": 82,
        "startTime": 15,
        "songDuration": 48.192,
        "songNumber": 46,
        "activePlayerCount": 119,
        "LinkVideo": "https://files.catbox.moe/7b4zix.webm",
        "LinkMp3": "https://files.catbox.moe/9aqcoo.mp3"
    },
    {
        "animeEng": "FLCL",
        "animeRomaji": "Furi Kuri",
        "songName": "Blues Drive Monster",
        "artist": "the pillows",
        "type": "Insert Song",
        "correctCount": 28,
        "startTime": 6,
        "songDuration": 206.938484,
        "songNumber": 47,
        "activePlayerCount": 119,
        "LinkVideo": "https://files.catbox.moe/edrqvn.webm",
        "LinkMp3": "https://files.catbox.moe/cdl7ph.mp3"
    },
    {
        "animeEng": "Yo-kai Watch",
        "animeRomaji": "Yo-kai Watch",
        "songName": "Y\u016bgara o Tomodachi",
        "artist": "King Cream Soda",
        "type": "Opening 3",
        "correctCount": 19,
        "startTime": 18,
        "songDuration": 84.024,
        "songNumber": 48,
        "activePlayerCount": 119,
        "LinkVideo": "https://files.catbox.moe/zl5yzs.webm",
        "LinkMp3": "https://files.catbox.moe/je3j2o.mp3"
    },
    {
        "animeEng": "Nura: Rise of the Yokai Clan: Demon Capital",
        "animeRomaji": "Nurarihyon no Mago: Sennen Maky\u014d",
        "songName": "Hoshi no Arika",
        "artist": "LM.C",
        "type": "Opening 1",
        "correctCount": 24,
        "startTime": 17,
        "songDuration": 87.912,
        "songNumber": 49,
        "activePlayerCount": 119,
        "LinkVideo": "https://files.catbox.moe/8new2l.webm",
        "LinkMp3": "https://files.catbox.moe/kewfcd.mp3"
    },
    {
        "animeEng": "Dai-Guard",
        "animeRomaji": "Chiky\u016b B\u014dei Kigy\u014d Dai-Guard",
        "songName": "Rojiura no Uch\u016b Sh\u014dnen",
        "artist": "The Cobratwisters",
        "type": "Opening 1",
        "correctCount": 9,
        "startTime": 48,
        "songDuration": 84.713646,
        "songNumber": 50,
        "activePlayerCount": 118,
        "LinkVideo": "https://files.catbox.moe/ym7bx7.webm",
        "LinkMp3": "https://files.catbox.moe/pdmazn.mp3"
    },
    {
        "animeEng": "Aooni The Blue Monster",
        "animeRomaji": "Ao Oni: The Animation",
        "songName": "Kimi koso Ao Oni",
        "artist": "Machigerita (from Book of Magic)",
        "type": "Ending 1",
        "correctCount": 69,
        "startTime": 0,
        "songDuration": 25.704,
        "songNumber": 51,
        "activePlayerCount": 118,
        "LinkVideo": "https://files.catbox.moe/p6x6qr.webm",
        "LinkMp3": "https://files.catbox.moe/f3crso.mp3"
    },
    {
        "animeEng": "Ghost Stories",
        "animeRomaji": "Gakk\u014d no Kaidan",
        "songName": "Sexy Sexy",
        "artist": "Cascade",
        "type": "Ending 1",
        "correctCount": 31,
        "startTime": 46,
        "songDuration": 89.568,
        "songNumber": 52,
        "activePlayerCount": 117,
        "LinkVideo": "https://files.catbox.moe/b8ck8e.webm",
        "LinkMp3": "https://files.catbox.moe/inbwm6.mp3"
    },
    {
        "animeEng": "Battle Spirits: Heroes",
        "animeRomaji": "Battle Spirits: Heroes",
        "songName": "Wake Up! My Heart!!",
        "artist": "Wataru Hatano",
        "type": "Opening 2",
        "correctCount": 6,
        "startTime": 23,
        "songDuration": 88.605824,
        "songNumber": 53,
        "activePlayerCount": 117,
        "LinkVideo": "https://files.catbox.moe/1v4qqo.webm",
        "LinkMp3": "https://files.catbox.moe/igkjbm.mp3"
    },
    {
        "animeEng": "Fullmetal Alchemist",
        "animeRomaji": "Hagane no Renkinjutsushi",
        "songName": "READY STEADY GO",
        "artist": "L'Arc~en~Ciel",
        "type": "Opening 2",
        "correctCount": 56,
        "startTime": 50,
        "songDuration": 87.528,
        "songNumber": 54,
        "activePlayerCount": 119,
        "LinkVideo": "https://files.catbox.moe/68l30h.webm",
        "LinkMp3": "https://files.catbox.moe/ug4235.mp3"
    },
    {
        "animeEng": "Dream Festival!",
        "animeRomaji": "DreFes!!!!!!",
        "songName": "Shin Ai naru Yume e!",
        "artist": "DearDream",
        "type": "Ending 1",
        "correctCount": 7,
        "startTime": 20,
        "songDuration": 88.728,
        "songNumber": 55,
        "activePlayerCount": 119,
        "LinkVideo": "https://files.catbox.moe/5sm4tb.webm",
        "LinkMp3": "https://files.catbox.moe/kn4ihb.mp3"
    },
    {
        "animeEng": "Dream Festival! R",
        "animeRomaji": "Dream Festival! R",
        "songName": "Shin Ai naru Yume e!",
        "artist": "DearDream",
        "type": "Ending 4",
        "correctCount": 81,
        "startTime": 42,
        "songDuration": 88.867044,
        "songNumber": 56,
        "activePlayerCount": 118,
        "LinkVideo": "https://files.catbox.moe/5sm4tb.webm",
        "LinkMp3": "https://files.catbox.moe/h32vq0.mp3"
    },
    {
        "animeEng": "Berserk",
        "animeRomaji": "Berserk",
        "songName": "Sacrifice",
        "artist": "9mm Parabellum Bullet",
        "type": "Opening 1",
        "correctCount": 47,
        "startTime": 30,
        "songDuration": 89.64,
        "songNumber": 57,
        "activePlayerCount": 119,
        "LinkVideo": "https://files.catbox.moe/594v2e.webm",
        "LinkMp3": "https://files.catbox.moe/8p1e2j.mp3"
    },
    {
        "animeEng": "Le Chevalier D'Eon",
        "animeRomaji": "Le Chevalier D'Eon",
        "songName": "BORN",
        "artist": "Miwako Okuda",
        "type": "Opening 1",
        "correctCount": 15,
        "startTime": 54,
        "songDuration": 88.997654,
        "songNumber": 58,
        "activePlayerCount": 118,
        "LinkVideo": "https://files.catbox.moe/09r6ta.webm",
        "LinkMp3": "https://files.catbox.moe/ohvg63.mp3"
    },
    {
        "animeEng": "The Prince of Tennis",
        "animeRomaji": "Tennis no \u014cji-sama",
        "songName": "future",
        "artist": "HIRO-X",
        "type": "Opening 1",
        "correctCount": 18,
        "startTime": 31,
        "songDuration": 83.041838,
        "songNumber": 59,
        "activePlayerCount": 119,
        "LinkVideo": "https://files.catbox.moe/9la06s.webm",
        "LinkMp3": "https://files.catbox.moe/a9jerl.mp3"
    },
    {
        "animeEng": "Little Goblin",
        "animeRomaji": "Kaibutsu-kun",
        "songName": "Ore wa Kaibutsu-kun Da",
        "artist": "Fuyumi Shiraishi",
        "type": "Opening 1",
        "correctCount": 86,
        "startTime": 1,
        "songDuration": 50.885656,
        "songNumber": 60,
        "activePlayerCount": 117,
        "LinkVideo": "https://files.catbox.moe/b09mxr.webm",
        "LinkMp3": "https://files.catbox.moe/f3leb8.mp3"
    },
    {
        "animeEng": "City Hunter 2",
        "animeRomaji": "City Hunter 2",
        "songName": "SARA",
        "artist": "FENCE OF DEFENSE",
        "type": "Opening 2",
        "correctCount": 30,
        "startTime": 5,
        "songDuration": 89.448,
        "songNumber": 61,
        "activePlayerCount": 118,
        "LinkVideo": "https://files.catbox.moe/u6fd79.webm",
        "LinkMp3": "https://files.catbox.moe/6ig9li.mp3"
    },
    {
        "animeEng": "Eiga Dokidoki! Precure Mana Kekkon!!? Mirai ni Tsunagu Kib\u014d no Dress",
        "animeRomaji": "Eiga Dokidoki! Precure Mana Kekkon!!? Mirai ni Tsunagu Kib\u014d no Dress",
        "songName": "Happy Go Lucky! Dokidoki! Precure",
        "artist": "Tomoyo Kurosawa",
        "type": "Opening 1",
        "correctCount": 87,
        "startTime": 11,
        "songDuration": 85.224,
        "songNumber": 62,
        "activePlayerCount": 118,
        "LinkVideo": "https://files.catbox.moe/m6olnu.webm",
        "LinkMp3": "https://files.catbox.moe/y0twdt.mp3"
    },
    {
        "animeEng": "Futari wa Precure Max Heart 2: Yukizora no Tomodachi",
        "animeRomaji": "Futari wa Precure Max Heart 2: Yukizora no Tomodachi",
        "songName": "DANZEN! Futari wa Precure! (Ver.Max Heart)",
        "artist": "Mayumi Goj\u014d",
        "type": "Opening 1",
        "correctCount": 73,
        "startTime": 7,
        "songDuration": 80.064,
        "songNumber": 63,
        "activePlayerCount": 118,
        "LinkVideo": "https://files.catbox.moe/irvk62.webm",
        "LinkMp3": "https://files.catbox.moe/s8v34k.mp3"
    },
    {
        "animeEng": "You and Me.",
        "animeRomaji": "Kimi to Boku.",
        "songName": "K\u014dk\u014d Sentai Homare Rangers",
        "artist": "Homare Rangers",
        "type": "Insert Song",
        "correctCount": 16,
        "startTime": 0,
        "songDuration": 40.56,
        "songNumber": 64,
        "activePlayerCount": 118,
        "LinkVideo": "https://files.catbox.moe/fbj54s.webm",
        "LinkMp3": "https://files.catbox.moe/bhjdiu.mp3"
    },
    {
        "animeEng": "SD Gundam World Heroes",
        "animeRomaji": "SD Gundam World Heroes",
        "songName": "Ta ga Tame ni Ai wa Naru",
        "artist": "TrySail",
        "type": "Opening 1",
        "correctCount": 2,
        "startTime": 23,
        "songDuration": 82.512,
        "songNumber": 65,
        "activePlayerCount": 118,
        "LinkVideo": "https://files.catbox.moe/o6mda4.webm",
        "correctPlayers": [
            "Rejax",
            "babababababa"
        ]
    },
    {
        "animeEng": "Just Because!",
        "animeRomaji": "Just Because!",
        "songName": "over and over",
        "artist": "Nagi Yanagi",
        "type": "Opening 1",
        "correctCount": 70,
        "startTime": 47,
        "songDuration": 88.824,
        "songNumber": 66,
        "activePlayerCount": 118,
        "LinkVideo": "https://files.catbox.moe/smwk13.webm",
        "LinkMp3": "https://files.catbox.moe/1pnljc.mp3"
    },
    {
        "animeEng": "Negima!?",
        "animeRomaji": "Negima!?",
        "songName": "1000%SPARKING!",
        "artist": "Hazuki, Yui Horie, Junko Minagawa",
        "type": "Opening 3",
        "correctCount": 26,
        "startTime": 6,
        "songDuration": 88.992,
        "songNumber": 67,
        "activePlayerCount": 118,
        "LinkVideo": "https://files.catbox.moe/hkxx0f.webm",
        "LinkMp3": "https://files.catbox.moe/hfltu6.mp3"
    },
    {
        "animeEng": "Nyaruko: Crawling with Love!",
        "animeRomaji": "Haiyore! Nyaruko-san",
        "songName": "Taiyou Iwaku Moeyo Chaos",
        "artist": "Ushiro kara Haiyori-tai G",
        "type": "Opening 1",
        "correctCount": 84,
        "startTime": 7,
        "songDuration": 89.88,
        "songNumber": 68,
        "activePlayerCount": 118,
        "LinkVideo": "https://files.catbox.moe/ps5txz.webm",
        "LinkMp3": "https://files.catbox.moe/8xbtfh.mp3"
    },
    {
        "animeEng": "Devils' Line",
        "animeRomaji": "Devils' Line",
        "songName": "Eclipse",
        "artist": "Sh\u014dta Aoi",
        "type": "Opening 1",
        "correctCount": 21,
        "startTime": 6,
        "songDuration": 89.352,
        "songNumber": 69,
        "activePlayerCount": 119,
        "LinkVideo": "https://files.catbox.moe/klxjw8.webm",
        "LinkMp3": "https://files.catbox.moe/y5o64p.mp3"
    },
    {
        "animeEng": "Lupin III: Bye Bye, Lady Liberty",
        "animeRomaji": "Lupin Sansei: Bye Bye Liberty - Kiki Ippatsu!",
        "songName": "Endless Twilight ~Saigo no Shinju",
        "artist": "Akemi Yoshida",
        "type": "Ending 1",
        "correctCount": 0,
        "startTime": 57,
        "songDuration": 117.048,
        "songNumber": 70,
        "activePlayerCount": 119,
        "LinkVideo": "https://files.catbox.moe/41lufy.webm",
        "LinkMp3": "https://files.catbox.moe/i8odcd.mp3"
    },
    {
        "animeEng": "Kindaichi Sh\u014dnen no Jikenbo",
        "animeRomaji": "Kindaichi Sh\u014dnen no Jikenbo",
        "songName": "Mystery of Sound",
        "artist": "Y\u016bko Tsuburaya",
        "type": "Ending 1",
        "correctCount": 13,
        "startTime": 142,
        "songDuration": 187.379525,
        "songNumber": 71,
        "activePlayerCount": 119,
        "LinkVideo": "https://files.catbox.moe/7d681h.webm",
        "LinkMp3": "https://files.catbox.moe/r9wjfc.mp3"
    },
    {
        "animeEng": "Animal 1",
        "animeRomaji": "Animal 1",
        "songName": "Animal 1 no Uta",
        "artist": "Eiko Shuri",
        "type": "Opening 1",
        "correctCount": 68,
        "startTime": 29,
        "songDuration": 96.6514,
        "songNumber": 72,
        "activePlayerCount": 119,
        "LinkVideo": "https://files.catbox.moe/07z19u.webm",
        "LinkMp3": "https://files.catbox.moe/177qsk.mp3"
    },
    {
        "animeEng": "A Little Princess Sara",
        "animeRomaji": "Sh\u014dk\u014djo Sara",
        "songName": "Mizu-iro no Sora e",
        "artist": "Sumi Shimamoto",
        "type": "Insert Song",
        "correctCount": 6,
        "startTime": 11,
        "songDuration": 65.487854,
        "songNumber": 73,
        "activePlayerCount": 119,
        "LinkVideo": "https://files.catbox.moe/ujsjrz.webm",
        "LinkMp3": "https://files.catbox.moe/f9tm0t.mp3"
    },
    {
        "animeEng": "Ranma 1/2",
        "animeRomaji": "Ranma 1/2",
        "songName": "Lambada\u2606RANMA",
        "artist": "The Ranma 1/2 Operatic Troupe",
        "type": "Ending 4",
        "correctCount": 38,
        "startTime": 19,
        "songDuration": 87.864,
        "songNumber": 74,
        "activePlayerCount": 117,
        "LinkVideo": "https://files.catbox.moe/qpdvz2.webm",
        "LinkMp3": "https://files.catbox.moe/2sye4n.mp3"
    },
    {
        "animeEng": "Mah\u014d Sh\u014djo Lalabel",
        "animeRomaji": "Mah\u014d Sh\u014djo Lalabel",
        "songName": "Hello Lalabel",
        "artist": "Mitsuko Horie & Columbia Yurikago-kai",
        "type": "Opening 1",
        "correctCount": 61,
        "startTime": 29,
        "songDuration": 68.136,
        "songNumber": 75,
        "activePlayerCount": 115,
        "LinkVideo": "https://files.catbox.moe/g64y8p.webm",
        "LinkMp3": "https://files.catbox.moe/yr4im0.mp3"
    }
]