[
    {
        "animeEng": "Ebichu Minds the House",
        "animeRomaji": "Oruchuban Ebichu",
        "songName": "Nanda Kana",
        "artist": "Kotono Mitsuishi",
        "type": "Opening 1",
        "correctCount": 12,
        "startTime": 24,
        "songDuration": 89.328,
        "songNumber": 1,
        "activePlayerCount": 178,
        "LinkVideo": "https://files.catbox.moe/dvkh3r.webm",
        "LinkMp3": "https://files.catbox.moe/iam18r.mp3"
    },
    {
        "animeEng": "Umineko: When They Cry",
        "animeRomaji": "Umineko no Naku Koro ni",
        "songName": "Dokkyun Heart",
        "artist": "Marina Inoue",
        "type": "Insert Song",
        "correctCount": 60,
        "startTime": 5,
        "songDuration": 45.112694,
        "songNumber": 2,
        "activePlayerCount": 178,
        "LinkVideo": "https://files.catbox.moe/reixnc.webm",
        "LinkMp3": "https://files.catbox.moe/ftz58s.mp3"
    },
    {
        "animeEng": "Ride Your Wave",
        "animeRomaji": "Kimi to, Nami ni Noretara",
        "songName": "Brand New Story",
        "artist": "GENERATIONS from EXILE TRIBE",
        "type": "Ending 1",
        "correctCount": 18,
        "startTime": 96,
        "songDuration": 211.224,
        "songNumber": 3,
        "activePlayerCount": 178,
        "LinkVideo": "https://files.catbox.moe/vb335u.webm",
        "LinkMp3": "https://files.catbox.moe/nyzo0g.mp3"
    },
    {
        "animeEng": "Fate/stay night: Heaven's Feel II. lost butterfly",
        "animeRomaji": "Fate/stay night: Heaven's Feel II. lost butterfly",
        "songName": "I beg you",
        "artist": "Aimer",
        "type": "Ending 1",
        "correctCount": 60,
        "startTime": 209,
        "songDuration": 266.184,
        "songNumber": 4,
        "activePlayerCount": 178,
        "LinkVideo": "https://files.catbox.moe/txac2j.webm",
        "LinkMp3": "https://files.catbox.moe/psedav.mp3"
    },
    {
        "animeEng": "Yattodetaman",
        "animeRomaji": "Yattodetaman",
        "songName": "Disco Daigoron",
        "artist": "Yuusaku Yara, Pink Piggys",
        "type": "Insert Song",
        "correctCount": 2,
        "startTime": 22,
        "songDuration": 67.104,
        "songNumber": 5,
        "activePlayerCount": 178,
        "LinkVideo": "https://files.catbox.moe/zzkai4.webm",
        "LinkMp3": "https://files.catbox.moe/85om6g.mp3",
        "correctPlayers": [
            "Legend_",
            "Catisam"
        ]
    },
    {
        "animeEng": "With a Dog AND a Cat, Every Day is Fun",
        "animeRomaji": "Inu to Neko Docchi mo Katteru to Mainichi Tanoshii",
        "songName": "Nyander Wonder Days",
        "artist": "Ayaka Ohashi",
        "type": "Ending 1",
        "correctCount": 53,
        "startTime": 0,
        "songDuration": 9.984,
        "songNumber": 6,
        "activePlayerCount": 177,
        "LinkVideo": "https://files.catbox.moe/bgtmps.webm",
        "LinkMp3": "https://files.catbox.moe/rcvzc8.mp3"
    },
    {
        "animeEng": "Cardfight!! Vanguard: Asia Circuit-hen",
        "animeRomaji": "Cardfight!! Vanguard: Asia Circuit-hen",
        "songName": "Vanguard",
        "artist": "JAM Project",
        "type": "Insert Song",
        "correctCount": 67,
        "startTime": 149,
        "songDuration": 191.76,
        "songNumber": 7,
        "activePlayerCount": 176,
        "LinkVideo": "https://files.catbox.moe/30g2ip.webm",
        "LinkMp3": "https://files.catbox.moe/nf12ru.mp3"
    },
    {
        "animeEng": "Case Closed The Movie: The Time Bombed Skyscraper",
        "animeRomaji": "Meitantei Conan: Tokei Jikake no Matenr\u014d",
        "songName": "Kimi ga Ireba",
        "artist": "Iori",
        "type": "Insert Song",
        "correctCount": 103,
        "startTime": 14,
        "songDuration": 80.304,
        "songNumber": 8,
        "activePlayerCount": 176,
        "LinkVideo": "https://files.catbox.moe/o4diqh.webm",
        "LinkMp3": "https://files.catbox.moe/4ocyt0.mp3"
    },
    {
        "animeEng": "NAKAIMO - My Little Sister Is Among Them!",
        "animeRomaji": "Kono Naka ni Hitori, Im\u014dto ga Iru!",
        "songName": "Choose me Darling",
        "artist": "StylipS",
        "type": "Opening 1",
        "correctCount": 59,
        "startTime": 3,
        "songDuration": 89.184,
        "songNumber": 9,
        "activePlayerCount": 174,
        "LinkVideo": "https://files.catbox.moe/gq491q.webm",
        "LinkMp3": "https://files.catbox.moe/h9i2sz.mp3"
    },
    {
        "animeEng": "KONOSUBA -God\u2019s blessing on this wonderful world! 2",
        "animeRomaji": "Kono Subarashii Sekai ni Shukufuku o! 2",
        "songName": "TOMORROW",
        "artist": "Machico",
        "type": "Opening 1",
        "correctCount": 139,
        "startTime": 14,
        "songDuration": 89.904,
        "songNumber": 10,
        "activePlayerCount": 173,
        "LinkVideo": "https://files.catbox.moe/53e7o7.webm",
        "LinkMp3": "https://files.catbox.moe/eq212f.mp3"
    },
    {
        "animeEng": "Duel Masters",
        "animeRomaji": "Duel Masters",
        "songName": "Yume ga Kanau Toki",
        "artist": "Nao",
        "type": "Opening 1",
        "correctCount": 50,
        "startTime": 16,
        "songDuration": 55.056,
        "songNumber": 11,
        "activePlayerCount": 174,
        "LinkVideo": "https://files.catbox.moe/1e2a2f.webm",
        "LinkMp3": "https://files.catbox.moe/54lobw.mp3"
    },
    {
        "animeEng": "Berserk",
        "animeRomaji": "Berserk",
        "songName": "Sacrifice",
        "artist": "9mm Parabellum Bullet",
        "type": "Opening 1",
        "correctCount": 65,
        "startTime": 30,
        "songDuration": 89.64,
        "songNumber": 12,
        "activePlayerCount": 173,
        "LinkVideo": "https://files.catbox.moe/594v2e.webm",
        "LinkMp3": "https://files.catbox.moe/8p1e2j.mp3"
    },
    {
        "animeEng": "SK8 the Infinity",
        "animeRomaji": "SK\u221e",
        "songName": "Paradise",
        "artist": "Rude-\u03b1",
        "type": "Opening 1",
        "correctCount": 81,
        "startTime": 39,
        "songDuration": 86.4,
        "songNumber": 13,
        "activePlayerCount": 173,
        "LinkVideo": "https://files.catbox.moe/ml5ngg.webm",
        "LinkMp3": "https://files.catbox.moe/zhka64.mp3"
    },
    {
        "animeEng": "YU-NO: A Girl Who Chants Love at the Bound of This World",
        "animeRomaji": "Kono Yo no Hate de Koi o Utau Sh\u014djo YU-NO",
        "songName": "MOTHER",
        "artist": "Konomi Suzuki",
        "type": "Opening 2",
        "correctCount": 36,
        "startTime": 28,
        "songDuration": 89.64,
        "songNumber": 14,
        "activePlayerCount": 174,
        "LinkVideo": "https://files.catbox.moe/ad3jgp.webm",
        "LinkMp3": "https://files.catbox.moe/pvqbov.mp3"
    },
    {
        "animeEng": "Yowamushi Pedal Spare Bike",
        "animeRomaji": "Yowamushi Pedal Spare Bike",
        "songName": "Hajimari no Hibi",
        "artist": "MAGIC OF LiFE",
        "type": "Ending 1",
        "correctCount": 12,
        "startTime": 92,
        "songDuration": 210.24,
        "songNumber": 15,
        "activePlayerCount": 173,
        "LinkVideo": "https://files.catbox.moe/v7c25e.webm",
        "LinkMp3": "https://files.catbox.moe/eyitr3.mp3"
    },
    {
        "animeEng": "Violet Evergarden",
        "animeRomaji": "Violet Evergarden",
        "songName": "Believe in...",
        "artist": "Aira Yuuki",
        "type": "Ending 2",
        "correctCount": 65,
        "startTime": 9,
        "songDuration": 87.096,
        "songNumber": 16,
        "activePlayerCount": 173,
        "LinkVideo": "https://files.catbox.moe/a5ewpp.webm",
        "LinkMp3": "https://files.catbox.moe/i27u2b.mp3"
    },
    {
        "animeEng": "Ace of the Diamond",
        "animeRomaji": "Daiya no Ace",
        "songName": "Go EXCEED!!",
        "artist": "Tom-H@ck featuring Masayoshi \u014cishi",
        "type": "Opening 1",
        "correctCount": 82,
        "startTime": 31,
        "songDuration": 89.049898,
        "songNumber": 17,
        "activePlayerCount": 173,
        "LinkVideo": "https://files.catbox.moe/1hbf8g.webm",
        "LinkMp3": "https://files.catbox.moe/5jfisq.mp3"
    },
    {
        "animeEng": "Crayon Shin-chan: Action Kamen vs Haigure Mao",
        "animeRomaji": "Crayon Shin-chan: Action Kamen vs Haigure Mao",
        "songName": "Ora wa Ninkimono",
        "artist": "Akiko Yajima",
        "type": "Opening 1",
        "correctCount": 143,
        "startTime": 8,
        "songDuration": 62.064,
        "songNumber": 18,
        "activePlayerCount": 173,
        "LinkVideo": "https://files.catbox.moe/o74nie.webm",
        "LinkMp3": "https://files.catbox.moe/g5o0h6.mp3"
    },
    {
        "animeEng": "MIRAI",
        "animeRomaji": "Mirai no Mirai",
        "songName": "Uta no Kisha",
        "artist": "Tatsuro Yamashita",
        "type": "Ending 1",
        "correctCount": 61,
        "startTime": 118,
        "songDuration": 301.896,
        "songNumber": 19,
        "activePlayerCount": 172,
        "LinkVideo": "https://files.catbox.moe/fov6u8.webm",
        "LinkMp3": "https://files.catbox.moe/3r54zr.mp3"
    },
    {
        "animeEng": "The Misfit of Demon King Academy",
        "animeRomaji": "Ma\u014d Gakuin no Futekig\u014dsha",
        "songName": "Seikai Fuseikai",
        "artist": "CIVILIAN feat. Tatsuhisa Suzuki",
        "type": "Opening 2",
        "correctCount": 79,
        "startTime": 46,
        "songDuration": 88.968,
        "songNumber": 20,
        "activePlayerCount": 172,
        "LinkVideo": "https://files.catbox.moe/n3409u.webm",
        "LinkMp3": "https://files.catbox.moe/axyic5.mp3"
    },
    {
        "animeEng": "Furusato Meguri Nippon no Mukashi Banashi",
        "animeRomaji": "Furusato Meguri Nippon no Mukashi Banashi",
        "songName": "Furusato Hokkori Mura",
        "artist": "Kaori Mizumori",
        "type": "Opening 1",
        "correctCount": 9,
        "startTime": 34,
        "songDuration": 88.368,
        "songNumber": 21,
        "activePlayerCount": 172,
        "LinkVideo": "https://files.catbox.moe/vlz4tw.webm",
        "LinkMp3": "https://files.catbox.moe/8fzaof.mp3"
    },
    {
        "animeEng": "Atom The Beginning",
        "animeRomaji": "Atom The Beginning",
        "songName": "Kaidoku Fun\u014d",
        "artist": "After the Rain",
        "type": "Opening 1",
        "correctCount": 18,
        "startTime": 12,
        "songDuration": 88.536,
        "songNumber": 22,
        "activePlayerCount": 172,
        "LinkVideo": "https://files.catbox.moe/d4se73.webm",
        "LinkMp3": "https://files.catbox.moe/arcmym.mp3"
    },
    {
        "animeEng": "Joker Game",
        "animeRomaji": "Joker Game",
        "songName": "Reason Triangle",
        "artist": "QUADRANGLE",
        "type": "Opening 1",
        "correctCount": 72,
        "startTime": 29,
        "songDuration": 88.968,
        "songNumber": 23,
        "activePlayerCount": 172,
        "LinkVideo": "https://files.catbox.moe/onihda.webm",
        "LinkMp3": "https://files.catbox.moe/mpj360.mp3"
    },
    {
        "animeEng": "Super Zugan",
        "animeRomaji": "Super Zugan",
        "songName": "Jan\u30fbNight\u30fbJan",
        "artist": "Haruo Minami",
        "type": "Ending 1",
        "correctCount": 6,
        "startTime": 33,
        "songDuration": 109.32057,
        "songNumber": 24,
        "activePlayerCount": 172,
        "LinkVideo": "https://files.catbox.moe/93hza4.webm",
        "LinkMp3": "https://files.catbox.moe/6ry11t.mp3"
    },
    {
        "animeEng": "Encouragement of Climb",
        "animeRomaji": "Yama no Susume",
        "songName": "Staccato Days",
        "artist": "Yuka Iguchi & Kana Asumi",
        "type": "Ending 1",
        "correctCount": 78,
        "startTime": 18,
        "songDuration": 73.056,
        "songNumber": 25,
        "activePlayerCount": 171,
        "LinkVideo": "https://files.catbox.moe/cjx65u.webm",
        "LinkMp3": "https://files.catbox.moe/r48jfs.mp3"
    },
    {
        "animeEng": "Jewelpet the Movie: Sweets Dance Princess",
        "animeRomaji": "Eiga Jewelpet Sweets Dance Princess",
        "songName": "Zutto Zutto Tomodachi",
        "artist": "Mana Ashida",
        "type": "Ending 1",
        "correctCount": 9,
        "startTime": 28,
        "songDuration": 88.370726,
        "songNumber": 26,
        "activePlayerCount": 171,
        "LinkVideo": "https://files.catbox.moe/9iszrf.webm",
        "LinkMp3": "https://files.catbox.moe/xg2weg.mp3"
    },
    {
        "animeEng": "Crying Freeman",
        "animeRomaji": "Crying Freeman",
        "songName": "TRUE LOVE",
        "artist": "Mariko Tone",
        "type": "Ending 3",
        "correctCount": 0,
        "startTime": 4,
        "songDuration": 190.824,
        "songNumber": 27,
        "activePlayerCount": 172,
        "LinkVideo": "https://files.catbox.moe/hvwvet.webm",
        "LinkMp3": "https://files.catbox.moe/ywgc2p.mp3"
    },
    {
        "animeEng": "Extra Olympia Kyklos",
        "animeRomaji": "Bessatsu Olympia Kyklos",
        "songName": "Kokugai de wa Betsu no Kao",
        "artist": "Akihito Hayashi",
        "type": "Ending 11",
        "correctCount": 72,
        "startTime": 0,
        "songDuration": 38.568,
        "songNumber": 28,
        "activePlayerCount": 172,
        "LinkVideo": "https://files.catbox.moe/vqmqpd.webm",
        "LinkMp3": "https://files.catbox.moe/vfp5ip.mp3"
    },
    {
        "animeEng": "Hidamari Sketch \u00d7 365",
        "animeRomaji": "Hidamari Sketch \u00d7 365",
        "songName": "Sketch Switch",
        "artist": "Kana Asumi, Ryoko Shintani, Kaori Mizuhashi, Yuuko Gotou, Miyu Matsuki, Aoki Ume",
        "type": "Insert Song",
        "correctCount": 45,
        "startTime": 6,
        "songDuration": 55.056,
        "songNumber": 29,
        "activePlayerCount": 172,
        "LinkVideo": "https://files.catbox.moe/e5omp0.webm",
        "LinkMp3": "https://files.catbox.moe/8zx3fu.mp3"
    },
    {
        "animeEng": "ReLIFE",
        "animeRomaji": "ReLIFE",
        "songName": "Timing",
        "artist": "Black Biscuits",
        "type": "Ending 3",
        "correctCount": 19,
        "startTime": 28,
        "songDuration": 72.36,
        "songNumber": 30,
        "activePlayerCount": 172,
        "LinkVideo": "https://files.catbox.moe/hlgumk.webm",
        "LinkMp3": "https://files.catbox.moe/uaqd8f.mp3"
    },
    {
        "animeEng": "Kemono Friends",
        "animeRomaji": "Kemono Friends",
        "songName": "Y\u014dkoso Japari Park e",
        "artist": "D\u014dbutsu Biscuit x PPP",
        "type": "Opening 1",
        "correctCount": 98,
        "startTime": 29,
        "songDuration": 89.952,
        "songNumber": 31,
        "activePlayerCount": 172,
        "LinkVideo": "https://files.catbox.moe/mr4y70.webm",
        "LinkMp3": "https://files.catbox.moe/qcag9v.mp3"
    },
    {
        "animeEng": "Chrome Shelled Regios",
        "animeRomaji": "K\u014dkaku no Regios",
        "songName": "Brave your truth",
        "artist": "Daisy\u00d7Daisy",
        "type": "Opening 1",
        "correctCount": 21,
        "startTime": 45,
        "songDuration": 89.4,
        "songNumber": 32,
        "activePlayerCount": 172,
        "LinkVideo": "https://files.catbox.moe/n0avuk.webm",
        "LinkMp3": "https://files.catbox.moe/bturqy.mp3"
    },
    {
        "animeEng": "G-Best",
        "animeRomaji": "G-Taste",
        "songName": "JOKER",
        "artist": "Yui Sakakibara",
        "type": "Opening 1",
        "correctCount": 8,
        "startTime": 11,
        "songDuration": 89.520094,
        "songNumber": 33,
        "activePlayerCount": 172,
        "LinkVideo": "https://files.catbox.moe/w7y0ym.webm",
        "LinkMp3": "https://files.catbox.moe/ovtlrg.mp3"
    },
    {
        "animeEng": "Saint October",
        "animeRomaji": "Saint October",
        "songName": "Wheel of fortune",
        "artist": "Goth-Loli Sh\u014djo Tantei-dan",
        "type": "Opening 1",
        "correctCount": 5,
        "startTime": 16,
        "songDuration": 88.42297,
        "songNumber": 34,
        "activePlayerCount": 171,
        "LinkVideo": "https://files.catbox.moe/ebl7cp.webm",
        "LinkMp3": "https://files.catbox.moe/clco7t.mp3",
        "correctPlayers": [
            "Swords",
            "towana",
            "kimika",
            "Kamishiro",
            "shadowpandax"
        ]
    },
    {
        "animeEng": "Shining Hearts",
        "animeRomaji": "Shining Hearts: Shiawase no Pan",
        "songName": "Kokoro ni Todoku Uta",
        "artist": "Lia",
        "type": "Insert Song",
        "correctCount": 11,
        "startTime": 41,
        "songDuration": 168.22568,
        "songNumber": 35,
        "activePlayerCount": 171,
        "LinkVideo": "https://files.catbox.moe/5wy6l4.webm",
        "LinkMp3": "https://files.catbox.moe/m52390.mp3"
    },
    {
        "animeEng": "Dirty Pair: Project Eden",
        "animeRomaji": "Dirty Pair Gekij\u014dban",
        "songName": "Over The Top",
        "artist": "Miki Matsubara",
        "type": "Insert Song",
        "correctCount": 6,
        "startTime": 153,
        "songDuration": 214.056,
        "songNumber": 36,
        "activePlayerCount": 170,
        "LinkVideo": "https://files.catbox.moe/it4g62.webm",
        "LinkMp3": "https://files.catbox.moe/j4rs4b.mp3"
    },
    {
        "animeEng": "Mobile Suit Gundam ZZ",
        "animeRomaji": "Kid\u014d Senshi Gundam ZZ",
        "songName": "Jidai ga Naiteiru",
        "artist": "Masahito Arai",
        "type": "Ending 1",
        "correctCount": 4,
        "startTime": 25,
        "songDuration": 58.957354,
        "songNumber": 37,
        "activePlayerCount": 170,
        "LinkVideo": "https://files.catbox.moe/byx3uq.webm",
        "LinkMp3": "https://files.catbox.moe/qkftw2.mp3",
        "correctPlayers": [
            "lemxllion",
            "80s",
            "KyrielightDrezin",
            "anomanderbaked"
        ]
    },
    {
        "animeEng": "Brand New Animal",
        "animeRomaji": "BNA",
        "songName": "Ready to",
        "artist": "Sumire Morohoshi",
        "type": "Opening 1",
        "correctCount": 134,
        "startTime": 4,
        "songDuration": 60.024,
        "songNumber": 38,
        "activePlayerCount": 170,
        "LinkVideo": "https://files.catbox.moe/l31bti.webm",
        "LinkMp3": "https://files.catbox.moe/3rvq5p.mp3"
    },
    {
        "animeEng": "Shadow Star Narutaru",
        "animeRomaji": "Narutaru: Mukuro naru Hoshi Tama Taru Ko",
        "songName": "Nichiy\u014dbi no Taiy\u014d",
        "artist": "THE NEUTRAL",
        "type": "Opening 1",
        "correctCount": 29,
        "startTime": 31,
        "songDuration": 89.904,
        "songNumber": 39,
        "activePlayerCount": 170,
        "LinkVideo": "https://files.catbox.moe/kvrrn9.webm",
        "LinkMp3": "https://files.catbox.moe/arzxye.mp3"
    },
    {
        "animeEng": "PERSONA5 the Animation: Stars and Ours",
        "animeRomaji": "PERSONA5 the Animation: Stars and Ours",
        "songName": "Wake Up, Get Up, Get Out There",
        "artist": "Lyn",
        "type": "Insert Song",
        "correctCount": 40,
        "startTime": 34,
        "songDuration": 91.896,
        "songNumber": 40,
        "activePlayerCount": 170,
        "LinkVideo": "https://files.catbox.moe/qt6al0.webm",
        "LinkMp3": "https://files.catbox.moe/osm6xd.mp3"
    },
    {
        "animeEng": "Mushishi Zoku-Sh\u014d Tokubetsu-hen: Odoro no Michi",
        "animeRomaji": "Mushishi Zoku-Sh\u014d Tokubetsu-hen: Odoro no Michi",
        "songName": "SHIVER",
        "artist": "Lucy Rose",
        "type": "Opening 1",
        "correctCount": 113,
        "startTime": 0,
        "songDuration": 91.128,
        "songNumber": 41,
        "activePlayerCount": 170,
        "LinkVideo": "https://files.catbox.moe/3uq64m.webm",
        "LinkMp3": "https://files.catbox.moe/i78kh7.mp3"
    },
    {
        "animeEng": "Wakaba*Girl",
        "animeRomaji": "Wakaba*Girl",
        "songName": "Hajimete Girls!",
        "artist": "Ichinen Fuji-gumi",
        "type": "Opening 2",
        "correctCount": 48,
        "startTime": 45,
        "songDuration": 88.536,
        "songNumber": 42,
        "activePlayerCount": 167,
        "LinkVideo": "https://files.catbox.moe/x2aui0.webm",
        "LinkMp3": "https://files.catbox.moe/4w4f8k.mp3"
    },
    {
        "animeEng": "Release the Spyce",
        "animeRomaji": "Release the Spyce",
        "songName": "Spatto! Spy & Spyce",
        "artist": "Tsukikage",
        "type": "Opening 1",
        "correctCount": 88,
        "startTime": 34,
        "songDuration": 89.352,
        "songNumber": 43,
        "activePlayerCount": 167,
        "LinkVideo": "https://files.catbox.moe/knvm6e.webm",
        "LinkMp3": "https://files.catbox.moe/m0to4z.mp3"
    },
    {
        "animeEng": "That is the Bottleneck",
        "animeRomaji": "That is the Bottleneck",
        "songName": "Sore dake ga Neck",
        "artist": "Uchikubi Gokumon Doukoukai",
        "type": "Ending 1",
        "correctCount": 59,
        "startTime": 0,
        "songDuration": 29.184,
        "songNumber": 44,
        "activePlayerCount": 167,
        "LinkVideo": "https://files.catbox.moe/93cgpv.webm",
        "LinkMp3": "https://files.catbox.moe/uci32q.mp3"
    },
    {
        "animeEng": "Interspecies Reviewers",
        "animeRomaji": "Ishuzoku Reviewers",
        "songName": "Hanabira Ondo",
        "artist": "Junji Majima, Y\u016bsuke Kobayashi, Miyu Tomita",
        "type": "Ending 1",
        "correctCount": 97,
        "startTime": 40,
        "songDuration": 89.064,
        "songNumber": 45,
        "activePlayerCount": 167,
        "LinkVideo": "https://files.catbox.moe/wslkzv.webm",
        "LinkMp3": "https://files.catbox.moe/cqvsfn.mp3"
    },
    {
        "animeEng": "Inazuma Eleven: Saiky\u014d Gundan Ogre Sh\u016brai",
        "animeRomaji": "Inazuma Eleven: Saiky\u014d Gundan Ogre Sh\u016brai",
        "songName": "Super Tachiagariyo!",
        "artist": "T-Pistonz+KMC",
        "type": "Opening 1",
        "correctCount": 8,
        "startTime": 7,
        "songDuration": 86.045868,
        "songNumber": 46,
        "activePlayerCount": 166,
        "LinkVideo": "https://files.catbox.moe/1ortm3.webm",
        "LinkMp3": "https://files.catbox.moe/r9vn6f.mp3"
    },
    {
        "animeEng": "Virus Buster Serge",
        "animeRomaji": "Virus Buster Serge",
        "songName": "Rainy Day and Day",
        "artist": "Dragon Ash",
        "type": "Opening 1",
        "correctCount": 3,
        "startTime": 47,
        "songDuration": 89.4,
        "songNumber": 47,
        "activePlayerCount": 164,
        "LinkVideo": "https://files.catbox.moe/d1lm4v.webm",
        "LinkMp3": "https://files.catbox.moe/9p3n09.mp3",
        "correctPlayers": [
            "kimika",
            "PourLeKe",
            "80s"
        ]
    },
    {
        "animeEng": "Fullmetal Alchemist: The Sacred Star of Milos",
        "animeRomaji": "Hagane no Renkinjutsushi: Milos no Seinaru Hoshi",
        "songName": "GOOD LUCK MY WAY",
        "artist": "L'Arc~en~Ciel",
        "type": "Ending 1",
        "correctCount": 29,
        "startTime": 67,
        "songDuration": 250.944,
        "songNumber": 48,
        "activePlayerCount": 164,
        "LinkVideo": "https://files.catbox.moe/n64uq4.webm",
        "LinkMp3": "https://files.catbox.moe/oxeadd.mp3"
    },
    {
        "animeEng": "Pok\u00e9mon the Movie: Black - Victini and Reshiram",
        "animeRomaji": "Gekij\u014dban Pocket Monsters: Best Wishes! Victini to Shiroki Eiy\u016b Reshiram",
        "songName": "Black and White",
        "artist": "Erin Bowman and Joe Philips",
        "type": "Opening 1",
        "correctCount": 122,
        "startTime": 51,
        "songDuration": 177.168,
        "songNumber": 49,
        "activePlayerCount": 163,
        "LinkVideo": "https://files.catbox.moe/6lijem.webm",
        "LinkMp3": "https://files.catbox.moe/qrmjkk.mp3"
    },
    {
        "animeEng": "Glass no Kamen Desu ga Onna Spy no Koi! Murasaki no Bara wa Kiken na Kaori!?",
        "animeRomaji": "Glass no Kamen Desu ga Onna Spy no Koi! Murasaki no Bara wa Kiken na Kaori!?",
        "songName": "Kamen no Utage",
        "artist": "Toshihiko Takamizawa",
        "type": "Ending 1",
        "correctCount": 2,
        "startTime": 117,
        "songDuration": 198.216,
        "songNumber": 50,
        "activePlayerCount": 164,
        "LinkVideo": "https://files.catbox.moe/d74uzm.webm",
        "LinkMp3": "https://files.catbox.moe/b0d034.mp3",
        "correctPlayers": [
            "kneesoxluver",
            "Catisam"
        ]
    },
    {
        "animeEng": "Hyper Doll",
        "animeRomaji": "Rakush\u014d! Hyper Doll",
        "songName": "Hyper-Doll",
        "artist": "Yukana Nogami & Mayumi Iizuka",
        "type": "Opening 1",
        "correctCount": 2,
        "startTime": 1,
        "songDuration": 107.832,
        "songNumber": 51,
        "activePlayerCount": 163,
        "LinkVideo": "https://files.catbox.moe/7wpubb.webm",
        "LinkMp3": "https://files.catbox.moe/yt42hr.mp3",
        "correctPlayers": [
            "kimika",
            "Miki_Hoshii"
        ]
    },
    {
        "animeEng": "Penguin Highway",
        "animeRomaji": "Penguin Highway",
        "songName": "Good Night",
        "artist": "Hikaru Utada",
        "type": "Ending 1",
        "correctCount": 39,
        "startTime": 171,
        "songDuration": 249.84,
        "songNumber": 52,
        "activePlayerCount": 164,
        "LinkVideo": "https://files.catbox.moe/wcvbkw.webm",
        "LinkMp3": "https://files.catbox.moe/wbsft9.mp3"
    },
    {
        "animeEng": "Pretty Rhythm All Star Selection",
        "animeRomaji": "Pretty Rhythm All Star Selection",
        "songName": "We Will Win! -Kokoro no Baton de Po\u30fbPon no Po~n\u2606-",
        "artist": "TOKYO GIRLS' STYLE",
        "type": "Ending 5",
        "correctCount": 11,
        "startTime": 15,
        "songDuration": 87.216,
        "songNumber": 53,
        "activePlayerCount": 162,
        "LinkVideo": "https://files.catbox.moe/2yq9hx.webm",
        "LinkMp3": "https://files.catbox.moe/nyvtv3.mp3"
    },
    {
        "animeEng": "Golden Time",
        "animeRomaji": "Golden Time",
        "songName": "Golden Time",
        "artist": "Yui Horie",
        "type": "Ending 3",
        "correctCount": 78,
        "startTime": 101,
        "songDuration": 188.88,
        "songNumber": 54,
        "activePlayerCount": 162,
        "LinkVideo": "https://files.catbox.moe/scasp4.webm",
        "LinkMp3": "https://files.catbox.moe/wlgy59.mp3"
    },
    {
        "animeEng": "Durarara!! \u00d72 The First Arc",
        "animeRomaji": "Durarara!!\u00d72 Sh\u014d",
        "songName": "rain tears",
        "artist": "Saki Fujita",
        "type": "Insert Song",
        "correctCount": 79,
        "startTime": 5,
        "songDuration": 39.024,
        "songNumber": 55,
        "activePlayerCount": 162,
        "LinkVideo": "https://files.catbox.moe/5m8p59.webm",
        "LinkMp3": "https://files.catbox.moe/qibs3f.mp3"
    },
    {
        "animeEng": "Sailor Moon S the Movie: Hearts in Ice",
        "animeRomaji": "Bish\u014djo Senshi Sailor Moon S: The Movie",
        "songName": "Moonlight Densetsu",
        "artist": "Sakurakko Club Sakura-gumi",
        "type": "Opening 1",
        "correctCount": 102,
        "startTime": 34,
        "songDuration": 81.024,
        "songNumber": 56,
        "activePlayerCount": 163,
        "LinkVideo": "https://files.catbox.moe/1u6anj.webm",
        "LinkMp3": "https://files.catbox.moe/chqj1g.mp3"
    },
    {
        "animeEng": "His and Her Circumstances",
        "animeRomaji": "Kareshi Kanojo no Jijou",
        "songName": "Tenshi no Yubikiri",
        "artist": "Mai Fukuda",
        "type": "Opening 1",
        "correctCount": 29,
        "startTime": 53,
        "songDuration": 89.016,
        "songNumber": 57,
        "activePlayerCount": 163,
        "LinkVideo": "https://files.catbox.moe/iwbbds.webm",
        "LinkMp3": "https://files.catbox.moe/mvtcvz.mp3"
    },
    {
        "animeEng": "Nyanko Days",
        "animeRomaji": "Nyanko Days",
        "songName": "Nyanko is L\u2665VE",
        "artist": "every\u2665ing!",
        "type": "Ending 1",
        "correctCount": 105,
        "startTime": 0,
        "songDuration": 29.496,
        "songNumber": 58,
        "activePlayerCount": 163,
        "LinkVideo": "https://files.catbox.moe/q47ykg.webm",
        "LinkMp3": "https://files.catbox.moe/b5vp0v.mp3"
    },
    {
        "animeEng": "Ronin Warriors: Legend of the Inferno Armor",
        "animeRomaji": "Yoroiden Samurai Troopers: Kik\u014dtei Densetsu",
        "songName": "Stardust Eyes",
        "artist": "Mariko Uranishi",
        "type": "Opening 1",
        "correctCount": 9,
        "startTime": 32,
        "songDuration": 91.824,
        "songNumber": 59,
        "activePlayerCount": 162,
        "LinkVideo": "https://files.catbox.moe/68inh1.webm",
        "LinkMp3": "https://files.catbox.moe/pmhhtj.mp3"
    },
    {
        "animeEng": "The Garden of Sinners -recalled out summer-",
        "animeRomaji": "Kara no Ky\u014dkai: Mirai Fukuin",
        "songName": "Hallelujah",
        "artist": "Kalafina",
        "type": "Ending 1",
        "correctCount": 8,
        "startTime": 155,
        "songDuration": 296.064,
        "songNumber": 60,
        "activePlayerCount": 162,
        "LinkVideo": "https://files.catbox.moe/i1nh0d.webm",
        "LinkMp3": "https://files.catbox.moe/cp59ii.mp3"
    },
    {
        "animeEng": "Arata naru Sekai: World's/Start/Load/End",
        "animeRomaji": "Arata naru Sekai: World's/Start/Load/End",
        "songName": "Aratanaru Sekai",
        "artist": "Marina Kawano",
        "type": "Ending 1",
        "correctCount": 6,
        "startTime": 18,
        "songDuration": 104.256,
        "songNumber": 61,
        "activePlayerCount": 162,
        "LinkVideo": "https://files.catbox.moe/nhzop7.webm",
        "LinkMp3": "https://files.catbox.moe/qx76n4.mp3"
    },
    {
        "animeEng": "EUREKA SEVEN AO",
        "animeRomaji": "EUREKA SEVEN AO",
        "songName": "Bravelue",
        "artist": "FLOW",
        "type": "Opening 2",
        "correctCount": 20,
        "startTime": 36,
        "songDuration": 89.064,
        "songNumber": 62,
        "activePlayerCount": 162,
        "LinkVideo": "https://files.catbox.moe/x9zw7g.webm",
        "LinkMp3": "https://files.catbox.moe/u9sqnq.mp3"
    },
    {
        "animeEng": "T.P.Sakura: Time Paladin Sakura",
        "animeRomaji": "T.P.Sakura: Time Paladin Sakura",
        "songName": "fly away t.p.s",
        "artist": "Sayaka Sasaki",
        "type": "Opening 1",
        "correctCount": 15,
        "startTime": 2,
        "songDuration": 89.04,
        "songNumber": 63,
        "activePlayerCount": 162,
        "LinkVideo": "https://files.catbox.moe/euxklc.webm",
        "LinkMp3": "https://files.catbox.moe/c9drqg.mp3"
    },
    {
        "animeEng": "Hi-sCool! Seha Girls",
        "animeRomaji": "Hi-sCool! Seha Girls",
        "songName": "Geki! Teikoku Kageki-dan (Kai)",
        "artist": "Chisa Yokoyama & Teikoku Kageki-dan",
        "type": "Insert Song",
        "correctCount": 94,
        "startTime": 9,
        "songDuration": 72.84,
        "songNumber": 64,
        "activePlayerCount": 162,
        "LinkVideo": "https://files.catbox.moe/v6pwoq.webm",
        "LinkMp3": "https://files.catbox.moe/4e0rf6.mp3"
    },
    {
        "animeEng": "Galaxy Angel A",
        "animeRomaji": "Galaxy Angel A",
        "songName": "Anata wo Ai Shiteiru kara",
        "artist": "Mayumi Yamaguchi",
        "type": "Insert Song",
        "correctCount": 1,
        "startTime": 38,
        "songDuration": 72.552,
        "songNumber": 65,
        "activePlayerCount": 162,
        "LinkVideo": "https://files.catbox.moe/pqinvt.webm",
        "LinkMp3": "https://files.catbox.moe/l9g7mw.mp3",
        "correctPlayers": [
            "kimika"
        ]
    },
    {
        "animeEng": "Super Electromagnetic Machine Voltes V",
        "animeRomaji": "Ch\u014d Denji Machine Voltes V",
        "songName": "Chichi o Motomete",
        "artist": "Ichir\u014d Mizuki & Koorogi '73",
        "type": "Ending 1",
        "correctCount": 3,
        "startTime": 27,
        "songDuration": 68.04,
        "songNumber": 66,
        "activePlayerCount": 162,
        "LinkVideo": "https://files.catbox.moe/30hdrn.webm",
        "LinkMp3": "https://files.catbox.moe/8cmu21.mp3",
        "correctPlayers": [
            "Legend_",
            "WatsonAmelia",
            "anomanderbaked"
        ]
    },
    {
        "animeEng": "Akagi",
        "animeRomaji": "T\u014dhai Densetsu Akagi -Yami ni Maiorita Tensai-",
        "songName": "Nantoka Nare",
        "artist": "Furuido",
        "type": "Opening 1",
        "correctCount": 58,
        "startTime": 5,
        "songDuration": 68.376,
        "songNumber": 67,
        "activePlayerCount": 162,
        "LinkVideo": "https://files.catbox.moe/b8djjf.webm",
        "LinkMp3": "https://files.catbox.moe/7d0gwo.mp3"
    },
    {
        "animeEng": "Peter Grill and the Philosopher's Time",
        "animeRomaji": "Peter Grill to Kenja no Jikan",
        "songName": "Yoridokoro",
        "artist": "Hilcrhyme",
        "type": "Ending 1",
        "correctCount": 59,
        "startTime": 5,
        "songDuration": 58.992,
        "songNumber": 68,
        "activePlayerCount": 162,
        "LinkVideo": "https://files.catbox.moe/xlzlvz.webm",
        "LinkMp3": "https://files.catbox.moe/7z2cwe.mp3"
    },
    {
        "animeEng": "Katanagatari",
        "animeRomaji": "Katanagatari",
        "songName": "Bahasa Palus (jazz'n mix)",
        "artist": "Yutaka Fukuoka & Lotus Juice",
        "type": "Insert Song",
        "correctCount": 34,
        "startTime": 2,
        "songDuration": 286.845682,
        "songNumber": 69,
        "activePlayerCount": 162,
        "LinkVideo": "https://files.catbox.moe/23sgen.webm",
        "LinkMp3": "https://files.catbox.moe/x5byep.mp3"
    },
    {
        "animeEng": "Poyopoyo",
        "animeRomaji": "Poyopoyo",
        "songName": "Maru Kaite Poyon",
        "artist": "Suzuko Mimori",
        "type": "Opening 1",
        "correctCount": 100,
        "startTime": 0,
        "songDuration": 29.492225,
        "songNumber": 70,
        "activePlayerCount": 162,
        "LinkVideo": "https://files.catbox.moe/oe057v.webm",
        "LinkMp3": "https://files.catbox.moe/bqn7qw.mp3"
    },
    {
        "animeEng": "Hyouge Mono",
        "animeRomaji": "Hyouge Mono",
        "songName": "Naghol Jumping",
        "artist": "qusimode",
        "type": "Opening 2",
        "correctCount": 3,
        "startTime": 43,
        "songDuration": 85.758526,
        "songNumber": 71,
        "activePlayerCount": 162,
        "LinkVideo": "https://files.catbox.moe/orw99l.webm",
        "LinkMp3": "https://files.catbox.moe/bjjmlt.mp3",
        "correctPlayers": [
            "Kamishiro",
            "kneesoxluver",
            "Legend_"
        ]
    },
    {
        "animeEng": "Bartender",
        "animeRomaji": "Bartender",
        "songName": "If I knew",
        "artist": "Robert J. Walsh",
        "type": "Insert Song",
        "correctCount": 6,
        "startTime": 82,
        "songDuration": 125.184,
        "songNumber": 72,
        "activePlayerCount": 162,
        "LinkVideo": "https://files.catbox.moe/jauxw0.webm",
        "LinkMp3": "https://files.catbox.moe/1hvf3q.mp3"
    },
    {
        "animeEng": "No Game No Life Zero",
        "animeRomaji": "No Game No Life Zero",
        "songName": "Zutto Zutto Soba ni Isasete Kudasai",
        "artist": "Nataliya Gudziy",
        "type": "Insert Song",
        "correctCount": 34,
        "startTime": 28,
        "songDuration": 92.064,
        "songNumber": 73,
        "activePlayerCount": 162,
        "LinkVideo": "https://files.catbox.moe/e0yt80.webm",
        "LinkMp3": "https://files.catbox.moe/z6rzwb.mp3"
    },
    {
        "animeEng": "Chobits",
        "animeRomaji": "Chobits",
        "songName": "Let Me Be With You",
        "artist": "ROUND TABLE featuring Nino",
        "type": "Opening 1",
        "correctCount": 136,
        "startTime": 38,
        "songDuration": 89.784,
        "songNumber": 74,
        "activePlayerCount": 162,
        "LinkVideo": "https://files.catbox.moe/0dz49k.webm",
        "LinkMp3": "https://files.catbox.moe/waw6o3.mp3"
    },
    {
        "animeEng": "Attack on Titan Final Season",
        "animeRomaji": "Shingeki no Kyojin: The Final Season",
        "songName": "K21",
        "artist": "David Whitaker",
        "type": "Insert Song",
        "correctCount": 54,
        "startTime": 24,
        "songDuration": 137.064,
        "songNumber": 75,
        "activePlayerCount": 162,
        "LinkVideo": "https://files.catbox.moe/pso0sy.webm",
        "LinkMp3": "https://files.catbox.moe/erexjx.mp3"
    }
]