[
    {
        "animeEng": "Live On Cardliver Kakeru",
        "animeRomaji": "Live On Cardliver Kakeru",
        "songName": "Live Change Shiy\u014d!",
        "artist": "Akira Kushida",
        "type": "Ending 1",
        "correctCount": 12,
        "startTime": 42,
        "songDuration": 80.52,
        "songNumber": 1,
        "activePlayerCount": 139,
        "LinkVideo": "https://files.catbox.moe/gy81xp.webm",
        "LinkMp3": "https://files.catbox.moe/b7mxiy.mp3"
    },
    {
        "animeEng": "Dog Days",
        "animeRomaji": "Dog Days",
        "songName": "Miracle Colors",
        "artist": "Yui Horie",
        "type": "Ending 2",
        "correctCount": 38,
        "startTime": 203,
        "songDuration": 261.408,
        "songNumber": 2,
        "activePlayerCount": 138,
        "LinkVideo": "https://files.catbox.moe/l1v7gr.webm",
        "LinkMp3": "https://files.catbox.moe/booadi.mp3"
    },
    {
        "animeEng": "Umineko: When They Cry",
        "animeRomaji": "Umineko no Naku Koro ni",
        "songName": "Dokkyun Heart",
        "artist": "Marina Inoue",
        "type": "Insert Song",
        "correctCount": 32,
        "startTime": 1,
        "songDuration": 45.112694,
        "songNumber": 3,
        "activePlayerCount": 138,
        "LinkVideo": "https://files.catbox.moe/reixnc.webm",
        "LinkMp3": "https://files.catbox.moe/ftz58s.mp3"
    },
    {
        "animeEng": "Shironeko Project ZERO Chronicle",
        "animeRomaji": "Shironeko Project ZERO Chronicle",
        "songName": "Yasashiki Yami no Uta",
        "artist": "Yui Horie",
        "type": "Ending 2",
        "correctCount": 8,
        "startTime": 145,
        "songDuration": 250.584,
        "songNumber": 4,
        "activePlayerCount": 138,
        "LinkVideo": "https://files.catbox.moe/58saji.webm",
        "LinkMp3": "https://files.catbox.moe/rmdhz6.mp3"
    },
    {
        "animeEng": "Castle in the Sky",
        "animeRomaji": "Tenk\u016b no Shiro Laputa",
        "songName": "Kimi wo Nosete",
        "artist": "Azumi Inoue",
        "type": "Ending 1",
        "correctCount": 37,
        "startTime": 97,
        "songDuration": 180.792,
        "songNumber": 5,
        "activePlayerCount": 138,
        "LinkVideo": "https://files.catbox.moe/brhp9h.webm",
        "LinkMp3": "https://files.catbox.moe/iagyyj.mp3"
    },
    {
        "animeEng": "Akasaka Hardcore",
        "animeRomaji": "Akane-iro ni Somaru Saka Hardcore",
        "songName": "Hatsukoi Parachute",
        "artist": "Miyuki Hashimoto",
        "type": "Opening 1",
        "correctCount": 25,
        "startTime": 44,
        "songDuration": 89.04,
        "songNumber": 6,
        "activePlayerCount": 138,
        "LinkVideo": "https://files.catbox.moe/cvr3y2.webm",
        "LinkMp3": "https://files.catbox.moe/irox55.mp3"
    },
    {
        "animeEng": "Cardfight!! Vanguard G Z",
        "animeRomaji": "Cardfight!! Vanguard G Z",
        "songName": "BREAK IT!",
        "artist": "Mamoru Miyano",
        "type": "Insert Song",
        "correctCount": 30,
        "startTime": 30,
        "songDuration": 88.658068,
        "songNumber": 7,
        "activePlayerCount": 137,
        "LinkVideo": "https://files.catbox.moe/boudcm.webm",
        "LinkMp3": "https://files.catbox.moe/8l3idi.mp3"
    },
    {
        "animeEng": "Love Bullet: Yurikuma Arashi",
        "animeRomaji": "Yurikuma Arashi",
        "songName": "Yuri, Shounin!",
        "artist": "Nana Condo",
        "type": "Insert Song",
        "correctCount": 13,
        "startTime": 26,
        "songDuration": 129.12,
        "songNumber": 8,
        "activePlayerCount": 137,
        "LinkVideo": "https://files.catbox.moe/afpemz.webm",
        "LinkMp3": "https://files.catbox.moe/2je3r2.mp3"
    },
    {
        "animeEng": "The Disastrous Life of Saiki K.",
        "animeRomaji": "Saiki Kusuo no Psi Nan",
        "songName": "\u03a8 desu I LIKE YOU",
        "artist": "Dempagumi.inc",
        "type": "Ending 1",
        "correctCount": 51,
        "startTime": 37,
        "songDuration": 88.968,
        "songNumber": 9,
        "activePlayerCount": 135,
        "LinkVideo": "https://files.catbox.moe/3x2rfd.webm",
        "LinkMp3": "https://files.catbox.moe/oq3yfa.mp3"
    },
    {
        "animeEng": "Food Wars! The Fourth Plate",
        "animeRomaji": "Shokugeki no S\u014dma: Shin no Sara",
        "songName": "Emblem",
        "artist": "nano.RIPE",
        "type": "Ending 1",
        "correctCount": 39,
        "startTime": 27,
        "songDuration": 87.072,
        "songNumber": 10,
        "activePlayerCount": 136,
        "LinkVideo": "https://files.catbox.moe/3smgut.webm",
        "LinkMp3": "https://files.catbox.moe/00hyu9.mp3"
    },
    {
        "animeEng": "Wagnaria!!3",
        "animeRomaji": "Working!!!",
        "songName": "SOMEONE ELSE",
        "artist": "Kana Asumi, Saki Fujita, Eri Kitamura",
        "type": "Ending 3",
        "correctCount": 82,
        "startTime": 44,
        "songDuration": 89.664,
        "songNumber": 11,
        "activePlayerCount": 136,
        "LinkVideo": "https://files.catbox.moe/3xirai.webm",
        "LinkMp3": "https://files.catbox.moe/h2ru8l.mp3"
    },
    {
        "animeEng": "Hikaru No Go: New Year Special",
        "animeRomaji": "Hikaru no Go: Hokuto-hai e no Michi",
        "songName": "Get Over",
        "artist": "dream",
        "type": "Opening 1",
        "correctCount": 50,
        "startTime": 23,
        "songDuration": 88.056,
        "songNumber": 12,
        "activePlayerCount": 136,
        "LinkVideo": "https://files.catbox.moe/csie70.webm",
        "LinkMp3": "https://files.catbox.moe/cf34q8.mp3"
    },
    {
        "animeEng": "Basilisk: The K\u014dga Ninja Scrolls",
        "animeRomaji": "Basilisk",
        "songName": "WILD EYES",
        "artist": "Nana Mizuki",
        "type": "Ending 2",
        "correctCount": 7,
        "startTime": 52,
        "songDuration": 87.048,
        "songNumber": 13,
        "activePlayerCount": 136,
        "LinkVideo": "https://files.catbox.moe/j68y14.webm",
        "LinkMp3": "https://files.catbox.moe/n0vu2n.mp3"
    },
    {
        "animeEng": "Aikatsu!",
        "animeRomaji": "Aikatsu!",
        "songName": "Kagayaki no \u00c9tude",
        "artist": "Waka from STAR\u2606ANIS",
        "type": "Insert Song",
        "correctCount": 34,
        "startTime": 68,
        "songDuration": 115.968,
        "songNumber": 14,
        "activePlayerCount": 136,
        "LinkVideo": "https://files.catbox.moe/wim34x.webm",
        "LinkMp3": "https://files.catbox.moe/cy5x8x.mp3"
    },
    {
        "animeEng": "My Hero Academia",
        "animeRomaji": "Boku no Hero Academia",
        "songName": "Sora ni Utaeba",
        "artist": "amazarashi",
        "type": "Opening 2",
        "correctCount": 118,
        "startTime": 34,
        "songDuration": 87.976594,
        "songNumber": 15,
        "activePlayerCount": 136,
        "LinkVideo": "https://files.catbox.moe/k0myox.webm",
        "LinkMp3": "https://files.catbox.moe/u09jit.mp3"
    },
    {
        "animeEng": "Devidol",
        "animeRomaji": "Devidol",
        "songName": "Devil\u2606Idol",
        "artist": "Yuka Iguchi",
        "type": "Opening 3",
        "correctCount": 36,
        "startTime": 45,
        "songDuration": 88.896,
        "songNumber": 16,
        "activePlayerCount": 135,
        "LinkVideo": "https://files.catbox.moe/edbz4a.webm",
        "LinkMp3": "https://files.catbox.moe/uz5b1y.mp3"
    },
    {
        "animeEng": "New Theatrical Movie Initial D Legend 1: Awakening",
        "animeRomaji": "Shin Gekij\u014dban Initial D Legend 1 -Kakusei-",
        "songName": "Shinkaron",
        "artist": "Gekk\u014d Green",
        "type": "Insert Song",
        "correctCount": 9,
        "startTime": 40,
        "songDuration": 77.242754,
        "songNumber": 17,
        "activePlayerCount": 135,
        "LinkVideo": "https://files.catbox.moe/mt0wlt.webm",
        "LinkMp3": "https://files.catbox.moe/wctqmr.mp3"
    },
    {
        "animeEng": "Sailor Moon Crystal Season III",
        "animeRomaji": "Bish\u014djo Senshi Sailor Moon Crystal Season III",
        "songName": "New Moon ni Koishite",
        "artist": "Mitsuko Horie",
        "type": "Opening 2",
        "correctCount": 12,
        "startTime": 51,
        "songDuration": 89.112,
        "songNumber": 18,
        "activePlayerCount": 135,
        "LinkVideo": "https://files.catbox.moe/udffbn.webm",
        "LinkMp3": "https://files.catbox.moe/omxjt0.mp3"
    },
    {
        "animeEng": "Nisekoi",
        "animeRomaji": "Nisekoi",
        "songName": "CLICK",
        "artist": "ClariS",
        "type": "Opening 1",
        "correctCount": 103,
        "startTime": 36,
        "songDuration": 89.568,
        "songNumber": 19,
        "activePlayerCount": 135,
        "LinkVideo": "https://files.catbox.moe/388uyj.webm",
        "LinkMp3": "https://files.catbox.moe/sukbjo.mp3"
    },
    {
        "animeEng": "Magical Warfare",
        "animeRomaji": "Mah\u014d Sens\u014d",
        "songName": "Born to be",
        "artist": "nano",
        "type": "Ending 1",
        "correctCount": 40,
        "startTime": 22,
        "songDuration": 89.856,
        "songNumber": 20,
        "activePlayerCount": 135,
        "LinkVideo": "https://files.catbox.moe/oi3t2y.webm",
        "LinkMp3": "https://files.catbox.moe/ekm9h4.mp3"
    },
    {
        "animeEng": "RahXephon",
        "animeRomaji": "RahXephon",
        "songName": "Hemisphere",
        "artist": "Maaya Sakamoto",
        "type": "Opening 1",
        "correctCount": 47,
        "startTime": 49,
        "songDuration": 89.544,
        "songNumber": 21,
        "activePlayerCount": 135,
        "LinkVideo": "https://files.catbox.moe/jhexhu.webm",
        "LinkMp3": "https://files.catbox.moe/ibbuk3.mp3"
    },
    {
        "animeEng": "Ushio & Tora",
        "animeRomaji": "Ushio to Tora",
        "songName": "Dareka ga Omae o Neratteru",
        "artist": "Nozomu Sasaki",
        "type": "Ending 2",
        "correctCount": 1,
        "startTime": 20,
        "songDuration": 162.072,
        "songNumber": 22,
        "activePlayerCount": 135,
        "LinkVideo": "https://files.catbox.moe/a6uf66.webm",
        "LinkMp3": "https://files.catbox.moe/yxt0fb.mp3",
        "correctPlayers": [
            "Soundoom"
        ]
    },
    {
        "animeEng": "11eyes",
        "animeRomaji": "11eyes",
        "songName": "Arrival of Tears",
        "artist": "Ayane",
        "type": "Opening 1",
        "correctCount": 65,
        "startTime": 21,
        "songDuration": 87.672,
        "songNumber": 23,
        "activePlayerCount": 135,
        "LinkVideo": "https://files.catbox.moe/t5tlxs.webm",
        "LinkMp3": "https://files.catbox.moe/cn69f1.mp3"
    },
    {
        "animeEng": "The IDOLM@STER",
        "animeRomaji": "The IDOLM@STER",
        "songName": "My Wish",
        "artist": "Akiko Hasegawa & Mayako Nigo & Azumi Asakura & Hiromi Hirata & Rie Kugimiya & Naomi Wakabayashi",
        "type": "Insert Song",
        "correctCount": 17,
        "startTime": 13,
        "songDuration": 66.24,
        "songNumber": 24,
        "activePlayerCount": 131,
        "LinkVideo": "https://files.catbox.moe/k83djn.webm",
        "LinkMp3": "https://files.catbox.moe/lc1wcu.mp3"
    },
    {
        "animeEng": "Marvelous Melmo",
        "animeRomaji": "Fushigi na Melmo",
        "songName": "Fushigi na Melmo",
        "artist": "Y\u016bki Mashima",
        "type": "Opening 1",
        "correctCount": 33,
        "startTime": 28,
        "songDuration": 65.808,
        "songNumber": 25,
        "activePlayerCount": 132,
        "LinkVideo": "https://files.catbox.moe/7jo7zx.webm",
        "LinkMp3": "https://files.catbox.moe/8accmn.mp3"
    },
    {
        "animeEng": "The Life of Guskou Budori",
        "animeRomaji": "Gusk\u014d Budori no Denki",
        "songName": "Umarekuru Kodomo-tachi no Tame ni",
        "artist": "Kazumasa Oda",
        "type": "Ending 1",
        "correctCount": 2,
        "startTime": 76,
        "songDuration": 214.872,
        "songNumber": 26,
        "activePlayerCount": 130,
        "LinkVideo": "https://files.catbox.moe/87kaqc.webm",
        "LinkMp3": "https://files.catbox.moe/osp5q4.mp3",
        "correctPlayers": [
            "Blacky_Doll",
            "Diukes"
        ]
    },
    {
        "animeEng": "Triage X",
        "animeRomaji": "Triage X",
        "songName": "Soleil More",
        "artist": "Kazutomi Yamamoto",
        "type": "Ending 1",
        "correctCount": 7,
        "startTime": 52,
        "songDuration": 88.152,
        "songNumber": 27,
        "activePlayerCount": 129,
        "LinkVideo": "https://files.catbox.moe/uz7axu.webm",
        "LinkMp3": "https://files.catbox.moe/h9umfm.mp3"
    },
    {
        "animeEng": "Gegege no Kitar\u014d: Y\u014dkai Tokky\u016b! Maboroshi no Kisha",
        "animeRomaji": "Gegege no Kitar\u014d: Y\u014dkai Tokky\u016b! Maboroshi no Kisha",
        "songName": "Gegege no Kitar\u014d",
        "artist": "Ukadan",
        "type": "Opening 1",
        "correctCount": 118,
        "startTime": 7,
        "songDuration": 93.216,
        "songNumber": 28,
        "activePlayerCount": 128,
        "LinkVideo": "https://files.catbox.moe/6lun25.webm",
        "LinkMp3": "https://files.catbox.moe/rmnenj.mp3"
    },
    {
        "animeEng": "Pok\u00e9mon: Lucario and the Mystery of Mew",
        "animeRomaji": "Pocket Monsters: Advance Generation - Mew to Had\u014d no Y\u016bsha Lucario",
        "songName": "Battle Frontier",
        "artist": "Akina Takaya",
        "type": "Opening 1",
        "correctCount": 31,
        "startTime": 38,
        "songDuration": 132.648,
        "songNumber": 29,
        "activePlayerCount": 129,
        "LinkVideo": "https://files.catbox.moe/o3r3bj.webm",
        "LinkMp3": "https://files.catbox.moe/dohi1i.mp3"
    },
    {
        "animeEng": "Tactics",
        "animeRomaji": "Tactics",
        "songName": "Mienai Chikara",
        "artist": "Miki Akiyama",
        "type": "Ending 1",
        "correctCount": 2,
        "startTime": 3,
        "songDuration": 85.967502,
        "songNumber": 30,
        "activePlayerCount": 129,
        "LinkVideo": "https://files.catbox.moe/4pcny3.webm",
        "LinkMp3": "https://files.catbox.moe/bf1svx.mp3",
        "correctPlayers": [
            "IzumiSakai",
            "snowleaf"
        ]
    },
    {
        "animeEng": "Guilty Crown",
        "animeRomaji": "Guilty Crown",
        "songName": "Euterpe",
        "artist": "EGOIST",
        "type": "Opening 1",
        "correctCount": 83,
        "startTime": 53,
        "songDuration": 222.312,
        "songNumber": 31,
        "activePlayerCount": 129,
        "LinkVideo": "https://files.catbox.moe/bzyosv.webm",
        "LinkMp3": "https://files.catbox.moe/c69xm4.mp3"
    },
    {
        "animeEng": "Tezuka Osamu Story: I Am Son-Goku",
        "animeRomaji": "Tezuka Osamu Monogatari: Boku wa Son Goku",
        "songName": "Tetsuwan Atom",
        "artist": "Kamitakada Sh\u014dnen Gassh\u014d-dan",
        "type": "Insert Song",
        "correctCount": 78,
        "startTime": 0,
        "songDuration": 36.24,
        "songNumber": 32,
        "activePlayerCount": 129,
        "LinkVideo": "https://files.catbox.moe/lj84oo.webm",
        "LinkMp3": "https://files.catbox.moe/qpqc65.mp3"
    },
    {
        "animeEng": "BanG Dream!",
        "animeRomaji": "BanG Dream!",
        "songName": "Teardrops",
        "artist": "Poppin'Party",
        "type": "Ending 2",
        "correctCount": 38,
        "startTime": 141,
        "songDuration": 212.267372,
        "songNumber": 33,
        "activePlayerCount": 129,
        "LinkVideo": "https://files.catbox.moe/x2lpip.webm",
        "LinkMp3": "https://files.catbox.moe/6gi0us.mp3"
    },
    {
        "animeEng": "Soul Eater NOT!",
        "animeRomaji": "Soul Eater NOT!",
        "songName": "monochrome",
        "artist": "Dancing Dolls",
        "type": "Opening 1",
        "correctCount": 46,
        "startTime": 20,
        "songDuration": 88.056,
        "songNumber": 34,
        "activePlayerCount": 129,
        "LinkVideo": "https://files.catbox.moe/myx0zp.webm",
        "LinkMp3": "https://files.catbox.moe/oyue7t.mp3"
    },
    {
        "animeEng": "Song of the Ladybug",
        "animeRomaji": "Tent\u014d Mushi no Uta",
        "songName": "Hiyoko de Shura",
        "artist": "Mitsuko Horie",
        "type": "Ending 2",
        "correctCount": 4,
        "startTime": 21,
        "songDuration": 54.960688,
        "songNumber": 35,
        "activePlayerCount": 130,
        "LinkVideo": "https://files.catbox.moe/e1z9qb.webm",
        "LinkMp3": "https://files.catbox.moe/8ctxen.mp3",
        "correctPlayers": [
            "Hooman",
            "traintrain",
            "asleep",
            "Spitzell"
        ]
    },
    {
        "animeEng": "Mad\u014d King Granzort: The Final Magical Battle",
        "animeRomaji": "Mad\u014d King Granzort: The Final Magical Battle",
        "songName": "Hororechuchuparero",
        "artist": "Tomoko Tokugaki",
        "type": "Ending 1",
        "correctCount": 10,
        "startTime": 21,
        "songDuration": 69.048,
        "songNumber": 36,
        "activePlayerCount": 129,
        "LinkVideo": "https://files.catbox.moe/jorrfp.webm",
        "LinkMp3": "https://files.catbox.moe/6tbgt9.mp3"
    },
    {
        "animeEng": "ERASED",
        "animeRomaji": "Boku dake ga Inai Machi",
        "songName": "Re:Re:",
        "artist": "ASIAN KUNG-FU GENERATION",
        "type": "Opening 1",
        "correctCount": 122,
        "startTime": 21,
        "songDuration": 88.968,
        "songNumber": 37,
        "activePlayerCount": 129,
        "LinkVideo": "https://files.catbox.moe/gury3c.webm",
        "LinkMp3": "https://files.catbox.moe/zoq0ul.mp3"
    },
    {
        "animeEng": "Nazotokine",
        "animeRomaji": "Nazotokine",
        "songName": "Dragon\u2606Onsen\u2606Paradise",
        "artist": "SENGOKU Girls",
        "type": "Insert Song",
        "correctCount": 3,
        "startTime": 0,
        "songDuration": 34.9028,
        "songNumber": 38,
        "activePlayerCount": 129,
        "LinkVideo": "https://files.catbox.moe/370o6h.webm",
        "LinkMp3": "https://files.catbox.moe/roidpq.mp3",
        "correctPlayers": [
            "traintrain",
            "asleep",
            "anonimus_opinion"
        ]
    },
    {
        "animeEng": "Sword Art Online the Movie: Ordinal Scale",
        "animeRomaji": "Gekij\u014dban Sword Art Online -Ordinal Scale-",
        "songName": "Break Beat Bark!",
        "artist": "Sayaka Kanda",
        "type": "Insert Song",
        "correctCount": 48,
        "startTime": 125,
        "songDuration": 242.976,
        "songNumber": 39,
        "activePlayerCount": 130,
        "LinkVideo": "https://files.catbox.moe/bztn2l.webm",
        "LinkMp3": "https://files.catbox.moe/3h6f28.mp3"
    },
    {
        "animeEng": "Maho Girls Precure!",
        "animeRomaji": "Mah\u014dtsukai Precure!",
        "songName": "Dokkin\u2662Mah\u014dtsukai Precure!",
        "artist": "Rie Kitagawa",
        "type": "Opening 1",
        "correctCount": 87,
        "startTime": 18,
        "songDuration": 88.32,
        "songNumber": 40,
        "activePlayerCount": 130,
        "LinkVideo": "https://files.catbox.moe/4m7e0l.webm",
        "LinkMp3": "https://files.catbox.moe/3h2vgh.mp3"
    },
    {
        "animeEng": "Burst Angel",
        "animeRomaji": "Burst Angel",
        "songName": "Loosey",
        "artist": "THE STRiPES",
        "type": "Opening 1",
        "correctCount": 13,
        "startTime": 17,
        "songDuration": 86.568,
        "songNumber": 41,
        "activePlayerCount": 130,
        "LinkVideo": "https://files.catbox.moe/x532yz.webm",
        "LinkMp3": "https://files.catbox.moe/b7xp91.mp3"
    },
    {
        "animeEng": "The Twelve Kingdoms",
        "animeRomaji": "J\u016bni Kokuki",
        "songName": "J\u016bni Genmukyoku",
        "artist": "Kunihiko Ryo",
        "type": "Opening 1",
        "correctCount": 51,
        "startTime": 39,
        "songDuration": 90.552,
        "songNumber": 42,
        "activePlayerCount": 130,
        "LinkVideo": "https://files.catbox.moe/gqtv3w.webm",
        "LinkMp3": "https://files.catbox.moe/5zavmn.mp3"
    },
    {
        "animeEng": "Inuyasha the Movie 2: The Castle Beyond the Looking Glass",
        "animeRomaji": "InuYasha: Kagami no Naka no Mugenjo",
        "songName": "Ai no Uta",
        "artist": "Every Little Thing",
        "type": "Insert Song",
        "correctCount": 1,
        "startTime": 7,
        "songDuration": 82.989594,
        "songNumber": 43,
        "activePlayerCount": 130,
        "LinkVideo": "https://files.catbox.moe/k96th5.webm",
        "LinkMp3": "https://files.catbox.moe/mdbiam.mp3",
        "correctPlayers": [
            "MIssMcPhisto"
        ]
    },
    {
        "animeEng": "Those Who Hunt Elves 2",
        "animeRomaji": "Elf o Karu Mono-tachi II",
        "songName": "Round 11",
        "artist": "Naoko Hamasaki",
        "type": "Opening 1",
        "correctCount": 3,
        "startTime": 16,
        "songDuration": 87.796042,
        "songNumber": 44,
        "activePlayerCount": 131,
        "LinkVideo": "https://files.catbox.moe/yg58e8.webm",
        "LinkMp3": "https://files.catbox.moe/ilf9jm.mp3",
        "correctPlayers": [
            "traintrain",
            "KamiNoChikara",
            "TKN"
        ]
    },
    {
        "animeEng": "Candy Candy",
        "animeRomaji": "Candy Candy",
        "songName": "Candy Candy",
        "artist": "Mitsuko Horie & The Chirps",
        "type": "Opening 1",
        "correctCount": 103,
        "startTime": 30,
        "songDuration": 69.249422,
        "songNumber": 45,
        "activePlayerCount": 131,
        "LinkVideo": "https://files.catbox.moe/a2ja9f.webm",
        "LinkMp3": "https://files.catbox.moe/jen50t.mp3"
    },
    {
        "animeEng": "Kiss wa Me ni Shite",
        "animeRomaji": "Kiss wa Me ni Shite",
        "songName": "COME BACK MY LOVE",
        "artist": "The5 TEARDROPS",
        "type": "Insert Song",
        "correctCount": 6,
        "startTime": 28,
        "songDuration": 76.344,
        "songNumber": 46,
        "activePlayerCount": 131,
        "LinkVideo": "https://files.catbox.moe/51cmjf.webm",
        "LinkMp3": "https://files.catbox.moe/7w1hpw.mp3"
    },
    {
        "animeEng": "Seitokai Yakuindomo Movie",
        "animeRomaji": "Seitokai Yakuindomo Movie",
        "songName": "Hana Saku\u2606Saikyou Legend Days",
        "artist": "Triple Booking",
        "type": "Opening 1",
        "correctCount": 55,
        "startTime": 4,
        "songDuration": 87.408,
        "songNumber": 47,
        "activePlayerCount": 130,
        "LinkVideo": "https://files.catbox.moe/i5jxc3.webm",
        "LinkMp3": "https://files.catbox.moe/qvf1b2.mp3"
    },
    {
        "animeEng": "Metropolis",
        "animeRomaji": "Metropolis",
        "songName": "THERE'LL NEVER BE GOOD-BYE \u2011\u2011\u2011\u2011THE THEME OF METROPOLIS\u2011\u2011\u2011\u2011",
        "artist": "Minako\"mooki\"Obata",
        "type": "Ending 1",
        "correctCount": 8,
        "startTime": 65,
        "songDuration": 265.739106,
        "songNumber": 48,
        "activePlayerCount": 130,
        "LinkVideo": "https://files.catbox.moe/k2c81y.webm",
        "LinkMp3": "https://files.catbox.moe/xft0fl.mp3"
    },
    {
        "animeEng": "Good Luck Girl!",
        "animeRomaji": "Binb\u014dgami ga!",
        "songName": "Make My Day!",
        "artist": "Piko",
        "type": "Opening 1",
        "correctCount": 60,
        "startTime": 42,
        "songDuration": 89.712,
        "songNumber": 49,
        "activePlayerCount": 130,
        "LinkVideo": "https://files.catbox.moe/inthld.webm",
        "LinkMp3": "https://files.catbox.moe/atxcwq.mp3"
    },
    {
        "animeEng": "Aim for the Ace! 2",
        "animeRomaji": "Ace o Nerae! 2",
        "songName": "Tooku kara Miteite",
        "artist": "Hiroko Moriguchi",
        "type": "Ending 1",
        "correctCount": 1,
        "startTime": 25,
        "songDuration": 87.744,
        "songNumber": 50,
        "activePlayerCount": 130,
        "LinkVideo": "https://files.catbox.moe/130grv.webm",
        "LinkMp3": "https://files.catbox.moe/b87nac.mp3",
        "correctPlayers": [
            "Zylda"
        ]
    },
    {
        "animeEng": "Bakuman.",
        "animeRomaji": "Bakuman.",
        "songName": "23-ji 40-pun",
        "artist": "Hyadain feat. Base Ball Bear",
        "type": "Opening 2",
        "correctCount": 34,
        "startTime": 34,
        "songDuration": 92.568,
        "songNumber": 51,
        "activePlayerCount": 129,
        "LinkVideo": "https://files.catbox.moe/w9v1sg.webm",
        "LinkMp3": "https://files.catbox.moe/rthufu.mp3"
    },
    {
        "animeEng": "Lupin III: Prison of the Past",
        "animeRomaji": "Lupin Sansei: Prison of the Past",
        "songName": "Lupin III no Theme 2019",
        "artist": "Yuji Ohno & Lupintic Six with Friends feat. Shigeru Matsuzaki",
        "type": "Opening 1",
        "correctCount": 9,
        "startTime": 61,
        "songDuration": 122.808,
        "songNumber": 52,
        "activePlayerCount": 129,
        "LinkVideo": "https://files.catbox.moe/02vx7g.webm",
        "LinkMp3": "https://files.catbox.moe/suvb6j.mp3"
    },
    {
        "animeEng": "The Seven Deadly Sins the Movie: Prisoners of the Sky",
        "animeRomaji": "Nanatsu no Taizai: Tenk\u016b no Torawarebito",
        "songName": "Perfect Time",
        "artist": "Mika Kobayashi & mpi",
        "type": "Insert Song",
        "correctCount": 67,
        "startTime": 116,
        "songDuration": 160.824,
        "songNumber": 53,
        "activePlayerCount": 129,
        "LinkVideo": "https://files.catbox.moe/glxjsc.webm",
        "LinkMp3": "https://files.catbox.moe/e8lke4.mp3"
    },
    {
        "animeEng": "Hozuki's Coolheadedness",
        "animeRomaji": "H\u014dzuki no Reitetsu",
        "songName": "Jigoku no Sata mo Kimi Shidai",
        "artist": "Jigoku no Sata All Stars",
        "type": "Opening 1",
        "correctCount": 91,
        "startTime": 14,
        "songDuration": 86.07199,
        "songNumber": 54,
        "activePlayerCount": 129,
        "LinkVideo": "https://files.catbox.moe/gvxcfx.webm",
        "LinkMp3": "https://files.catbox.moe/nddm18.mp3"
    },
    {
        "animeEng": "If Her Flag Breaks",
        "animeRomaji": "Gaworare",
        "songName": "Cupid Review",
        "artist": "Aoi Y\u016bki",
        "type": "Opening 1",
        "correctCount": 60,
        "startTime": 0,
        "songDuration": 89.544,
        "songNumber": 55,
        "activePlayerCount": 129,
        "LinkVideo": "https://files.catbox.moe/869jcm.webm",
        "LinkMp3": "https://files.catbox.moe/jbhlnk.mp3"
    },
    {
        "animeEng": "This Ugly Yet Beautiful World",
        "animeRomaji": "Kono Minikuku mo Utsukushii Sekai",
        "songName": "Kimi ni Aete",
        "artist": "Ayako Kawasumi & Ai Shimizu",
        "type": "Ending 2",
        "correctCount": 0,
        "startTime": 52,
        "songDuration": 178.896,
        "songNumber": 56,
        "activePlayerCount": 129,
        "LinkVideo": "https://files.catbox.moe/1gyhkj.webm",
        "LinkMp3": "https://files.catbox.moe/ew24o1.mp3"
    },
    {
        "animeEng": "KADO - The Right Answer",
        "animeRomaji": "Seikai Suru Kado",
        "songName": "Tabiuta",
        "artist": "M\u30fbA\u30fbO",
        "type": "Opening 1",
        "correctCount": 26,
        "startTime": 52,
        "songDuration": 87.552,
        "songNumber": 57,
        "activePlayerCount": 128,
        "LinkVideo": "https://files.catbox.moe/ycuag4.webm",
        "LinkMp3": "https://files.catbox.moe/0sarmc.mp3"
    },
    {
        "animeEng": "Princess Mononoke",
        "animeRomaji": "Mononoke Hime",
        "songName": "Mononoke Hime",
        "artist": "Yoshikazu Mera",
        "type": "Ending 1",
        "correctCount": 43,
        "startTime": 35,
        "songDuration": 80.376,
        "songNumber": 58,
        "activePlayerCount": 128,
        "LinkVideo": "https://files.catbox.moe/pbjtbd.webm",
        "LinkMp3": "https://files.catbox.moe/d4pijw.mp3"
    },
    {
        "animeEng": "Ghost in the Shell",
        "animeRomaji": "K\u014dkaku Kid\u014dtai",
        "songName": "Making of Cyborg",
        "artist": "Kazumi Nishida, Taeko Shirai, Yoshiko Itoh",
        "type": "Opening 1",
        "correctCount": 42,
        "startTime": 158,
        "songDuration": 262.896,
        "songNumber": 59,
        "activePlayerCount": 127,
        "LinkVideo": "https://files.catbox.moe/zj2xa8.webm",
        "LinkMp3": "https://files.catbox.moe/3fwhld.mp3"
    },
    {
        "animeEng": "Nanana's Buried Treasure",
        "animeRomaji": "Ry\u016bgaj\u014d Nanana no Maiz\u014dkin",
        "songName": "Butterfly Effect",
        "artist": "Shiritsu Ebisu Chuugaku",
        "type": "Opening 1",
        "correctCount": 62,
        "startTime": 12,
        "songDuration": 88.08,
        "songNumber": 60,
        "activePlayerCount": 127,
        "LinkVideo": "https://files.catbox.moe/hqu78r.webm",
        "LinkMp3": "https://files.catbox.moe/mdvu5f.mp3"
    },
    {
        "animeEng": "Brave Witches",
        "animeRomaji": "World Witches Series: Dai 502 T\u014dg\u014d Sent\u014d K\u014dk\u016b-dan Brave Witches",
        "songName": "LITTLE WING ~Spirit of LINDBERG~",
        "artist": "Rie Suegara, Rie Murakawa, Natsumi Takamori, Kayo Ishida, Yumi Hara, Haruka Terui, Marin Mizutani, Hiromi Igarashi, Rina Satou",
        "type": "Ending 11",
        "correctCount": 12,
        "startTime": 14,
        "songDuration": 89.4,
        "songNumber": 61,
        "activePlayerCount": 125,
        "LinkVideo": "https://files.catbox.moe/w8gv1s.webm",
        "LinkMp3": "https://files.catbox.moe/gxeekr.mp3"
    },
    {
        "animeEng": "Mini Toji",
        "animeRomaji": "Mini Toji",
        "songName": "Kono Bangumi wa Ura Wakaki K\u014dmuin-tachi no Teiky\u014d de Okuri Itashimasu",
        "artist": "Kaede Hondo & Himika Akaneya",
        "type": "Opening 1",
        "correctCount": 25,
        "startTime": 26,
        "songDuration": 59.7159,
        "songNumber": 62,
        "activePlayerCount": 126,
        "LinkVideo": "https://files.catbox.moe/zpbq2s.webm",
        "LinkMp3": "https://files.catbox.moe/k0072j.mp3"
    },
    {
        "animeEng": "Kemono Jihen",
        "animeRomaji": "Kemono Jihen",
        "songName": "Kemono Michi",
        "artist": "Daisuke Ono",
        "type": "Opening 1",
        "correctCount": 46,
        "startTime": 33,
        "songDuration": 89.112,
        "songNumber": 63,
        "activePlayerCount": 126,
        "LinkVideo": "https://files.catbox.moe/ggb8tq.webm",
        "LinkMp3": "https://files.catbox.moe/ry8l4r.mp3"
    },
    {
        "animeEng": "Tsurune: Kazemai K\u014dk\u014d Ky\u016bd\u014d-bu",
        "animeRomaji": "Tsurune: Kazemai K\u014dk\u014d Ky\u016bd\u014d-bu",
        "songName": "Naru",
        "artist": "Luck Life",
        "type": "Opening 1",
        "correctCount": 36,
        "startTime": 10,
        "songDuration": 89.064,
        "songNumber": 64,
        "activePlayerCount": 126,
        "LinkVideo": "https://files.catbox.moe/tsm12k.webm",
        "LinkMp3": "https://files.catbox.moe/gxh7ti.mp3"
    },
    {
        "animeEng": "Jewel BEM Hunter Lime",
        "animeRomaji": "H\u014dma Hunter Lime",
        "songName": "Heart no Proportion",
        "artist": "Mika Kanai",
        "type": "Opening 1",
        "correctCount": 3,
        "startTime": 45,
        "songDuration": 96.625278,
        "songNumber": 65,
        "activePlayerCount": 126,
        "LinkVideo": "https://files.catbox.moe/23kc9h.webm",
        "LinkMp3": "https://files.catbox.moe/z38mwu.mp3",
        "correctPlayers": [
            "Hooman",
            "aryagamis",
            "traintrain"
        ]
    },
    {
        "animeEng": "Spooky Kitaro",
        "animeRomaji": "Gegege no Kitar\u014d",
        "songName": "Urameshi Ya",
        "artist": "Hidekazu Nagai",
        "type": "Ending 1",
        "correctCount": 66,
        "startTime": 19,
        "songDuration": 59.754,
        "songNumber": 66,
        "activePlayerCount": 126,
        "LinkVideo": "https://files.catbox.moe/bauy0p.webm"
    },
    {
        "animeEng": "Rent-a-Girlfriend",
        "animeRomaji": "Kanojo, Okarishimasu",
        "songName": "FIRST DROP",
        "artist": "halca",
        "type": "Ending 2",
        "correctCount": 57,
        "startTime": 54,
        "songDuration": 88.896,
        "songNumber": 67,
        "activePlayerCount": 125,
        "LinkVideo": "https://files.catbox.moe/mpj0xa.webm",
        "LinkMp3": "https://files.catbox.moe/9qpjc1.mp3"
    },
    {
        "animeEng": "Lupin III: Green vs Red",
        "animeRomaji": "Lupin Sansei: Green vs Red",
        "songName": "Honoo no Takaramono",
        "artist": "BOBBY",
        "type": "Insert Song",
        "correctCount": 41,
        "startTime": 3,
        "songDuration": 85.128,
        "songNumber": 68,
        "activePlayerCount": 125,
        "LinkVideo": "https://files.catbox.moe/hr15te.webm",
        "LinkMp3": "https://files.catbox.moe/1wvyi6.mp3"
    },
    {
        "animeEng": "Urusei Yatsura: Always My Darling",
        "animeRomaji": "Urusei Yatsura: Itsudatte My Darling",
        "songName": "BEGIN THE Kirei",
        "artist": "UL-SAYS",
        "type": "Ending 1",
        "correctCount": 1,
        "startTime": 147,
        "songDuration": 189.792,
        "songNumber": 69,
        "activePlayerCount": 126,
        "LinkVideo": "https://files.catbox.moe/zthrt6.webm",
        "LinkMp3": "https://files.catbox.moe/4ejv4d.mp3",
        "correctPlayers": [
            "anomanderbaked"
        ]
    },
    {
        "animeEng": "Aikatsu Stars!",
        "animeRomaji": "Aikatsu Stars!",
        "songName": "Aikatsu\u2606Step!",
        "artist": "Sena\u30fbRie from AIKATSU\u2606STARS!",
        "type": "Insert Song",
        "correctCount": 29,
        "startTime": 16,
        "songDuration": 125.064,
        "songNumber": 70,
        "activePlayerCount": 126,
        "LinkVideo": "https://files.catbox.moe/jd4ep5.webm",
        "LinkMp3": "https://files.catbox.moe/56wcbj.mp3"
    },
    {
        "animeEng": "Ebiten: Ebisugawa Public High School's Tenmonbu",
        "animeRomaji": "Ebiten: K\u014dritsu Ebisugawa K\u014dk\u014d Tenmon-Bu",
        "songName": "Himitsu Ku-da-sa-i",
        "artist": "Satomi Satou",
        "type": "Insert Song",
        "correctCount": 2,
        "startTime": 124,
        "songDuration": 291.456,
        "songNumber": 71,
        "activePlayerCount": 126,
        "LinkVideo": "https://files.catbox.moe/tbn8ep.webm",
        "LinkMp3": "https://files.catbox.moe/k6d073.mp3",
        "correctPlayers": [
            "nyamu",
            "Lever"
        ]
    },
    {
        "animeEng": "Cackling Kitarou",
        "animeRomaji": "Gegege no Kitar\u014d",
        "songName": "Gegege no Kitaro",
        "artist": "Kazuo Kumakura",
        "type": "Opening 1",
        "correctCount": 117,
        "startTime": 5,
        "songDuration": 89.736,
        "songNumber": 72,
        "activePlayerCount": 125,
        "LinkVideo": "https://files.catbox.moe/lyzjk1.webm",
        "LinkMp3": "https://files.catbox.moe/wumd58.mp3"
    },
    {
        "animeEng": "Eden of the East",
        "animeRomaji": "Higashi no Eden",
        "songName": "Falling Down",
        "artist": "Oasis",
        "type": "Opening 1",
        "correctCount": 60,
        "startTime": 46,
        "songDuration": 79.656,
        "songNumber": 73,
        "activePlayerCount": 125,
        "LinkVideo": "https://files.catbox.moe/y1ijra.webm",
        "LinkMp3": "https://files.catbox.moe/xftldk.mp3"
    },
    {
        "animeEng": "Go! Go! 575",
        "animeRomaji": "Go! Go! 575",
        "songName": "Kotoba Colorful",
        "artist": "Utayome 575",
        "type": "Opening 1",
        "correctCount": 45,
        "startTime": 0,
        "songDuration": 29.16,
        "songNumber": 74,
        "activePlayerCount": 125,
        "LinkVideo": "https://files.catbox.moe/h4ztcz.webm",
        "LinkMp3": "https://files.catbox.moe/dxhkr5.mp3"
    },
    {
        "animeEng": "Naruto",
        "animeRomaji": "Naruto",
        "songName": "wind",
        "artist": "Akeboshi",
        "type": "Ending 1",
        "correctCount": 53,
        "startTime": 33,
        "songDuration": 88.056,
        "songNumber": 75,
        "activePlayerCount": 125,
        "LinkVideo": "https://files.catbox.moe/lccbbk.webm",
        "LinkMp3": "https://files.catbox.moe/fywkve.mp3"
    }
]