[
    {
        "animeEng": "Teeky\u016b",
        "animeRomaji": "Teeky\u016b",
        "songName": "Menimenimanimani",
        "artist": "Ky\u014dko Narumi",
        "type": "Opening 1",
        "correctCount": 174,
        "startTime": 0,
        "songDuration": 29.808,
        "songNumber": 1,
        "activePlayerCount": 245,
        "LinkVideo": "https://files.catbox.moe/9nk4ex.webm",
        "LinkMp3": "https://files.catbox.moe/x9cs8e.mp3"
    },
    {
        "animeEng": "One Piece",
        "animeRomaji": "One Piece",
        "songName": "BRAND NEW WORLD",
        "artist": "D-51",
        "type": "Opening 6",
        "correctCount": 170,
        "startTime": 61,
        "songDuration": 109.08,
        "songNumber": 2,
        "activePlayerCount": 244,
        "LinkVideo": "https://files.catbox.moe/o9wk3f.webm",
        "LinkMp3": "https://files.catbox.moe/hqw7hi.mp3"
    },
    {
        "animeEng": "Digimon Adventure: Children's War Game",
        "animeRomaji": "Digimon Adventure: Bokura no War Game",
        "songName": "Butter-Fly",
        "artist": "Kouji Wada",
        "type": "Opening 1",
        "correctCount": 158,
        "startTime": 32,
        "songDuration": 93.672,
        "songNumber": 3,
        "activePlayerCount": 244,
        "LinkVideo": "https://files.catbox.moe/pfq79l.webm",
        "LinkMp3": "https://files.catbox.moe/b8t02u.mp3"
    },
    {
        "animeEng": "I Can't Understand What My Husband Is Saying",
        "animeRomaji": "Danna ga Nani o Itteiru ka Wakaranai Ken",
        "songName": "Ii Kagen ni Shite, Anata",
        "artist": "Mina Kitajima",
        "type": "Ending 2",
        "correctCount": 82,
        "startTime": 0,
        "songDuration": 29.184,
        "songNumber": 4,
        "activePlayerCount": 243,
        "LinkVideo": "https://files.catbox.moe/cio58k.webm",
        "LinkMp3": "https://files.catbox.moe/2yrkf8.mp3"
    },
    {
        "animeEng": "ABCiee Working Diary",
        "animeRomaji": "Abciee Sh\u016bgy\u014d Nikki",
        "songName": "Happy Boshuu-chuu (Abciee ver.)",
        "artist": "Fumiya Fujii",
        "type": "Opening 1",
        "correctCount": 80,
        "startTime": 0,
        "songDuration": 27.696,
        "songNumber": 5,
        "activePlayerCount": 242,
        "LinkVideo": "https://files.catbox.moe/injk28.webm",
        "LinkMp3": "https://files.catbox.moe/1u8dlt.mp3"
    },
    {
        "animeEng": "In/Spectre",
        "animeRomaji": "Kyok\u014d Suiri",
        "songName": "LAST DANCE",
        "artist": "Mamoru Miyano",
        "type": "Ending 1",
        "correctCount": 89,
        "startTime": 8,
        "songDuration": 88.944,
        "songNumber": 6,
        "activePlayerCount": 241,
        "LinkVideo": "https://files.catbox.moe/sv0ypp.webm",
        "LinkMp3": "https://files.catbox.moe/mmdhoi.mp3"
    },
    {
        "animeEng": "Jewelpet Happiness",
        "animeRomaji": "Jewelpet Happiness",
        "songName": "Run With U",
        "artist": "Fairies",
        "type": "Opening 2",
        "correctCount": 35,
        "startTime": 51,
        "songDuration": 89.12975,
        "songNumber": 7,
        "activePlayerCount": 241,
        "LinkVideo": "https://files.catbox.moe/jom8mf.webm",
        "LinkMp3": "https://files.catbox.moe/ripxs0.mp3"
    },
    {
        "animeEng": "The King of Braves GaoGaiGar",
        "animeRomaji": "Yuusha-Oh Gaogaigar",
        "songName": "Yuusha-Ou Tanjou!",
        "artist": "Masaaki Endoh",
        "type": "Opening 1",
        "correctCount": 38,
        "startTime": 24,
        "songDuration": 88.848,
        "songNumber": 8,
        "activePlayerCount": 241,
        "LinkVideo": "https://files.catbox.moe/edeawz.webm",
        "LinkMp3": "https://files.catbox.moe/0j1vv5.mp3"
    },
    {
        "animeEng": "Salad J\u016b Y\u016bshi Tomatoman",
        "animeRomaji": "Salad J\u016b Y\u016bshi Tomatoman",
        "songName": "Vegetable My Love",
        "artist": "Saori Hareyama",
        "type": "Opening 1",
        "correctCount": 18,
        "startTime": 42,
        "songDuration": 82.368,
        "songNumber": 9,
        "activePlayerCount": 240,
        "LinkVideo": "https://files.catbox.moe/2m6c0w.webm",
        "LinkMp3": "https://files.catbox.moe/3a1swl.mp3"
    },
    {
        "animeEng": "How NOT to Summon a Demon Lord Omega",
        "animeRomaji": "Isekai Ma\u014d to Sh\u014dkan Sh\u014djo no Dorei Majutsu \u03a9",
        "songName": "EVERYBODY! EVERYBODY!",
        "artist": "Yu Serizawa with DJ KOO & MOTSU",
        "type": "Opening 1",
        "correctCount": 56,
        "startTime": 50,
        "songDuration": 88.596,
        "songNumber": 10,
        "activePlayerCount": 240,
        "LinkVideo": "https://files.catbox.moe/dvlnsb.webm"
    },
    {
        "animeEng": "Mars Daybreak",
        "animeRomaji": "Kenran Butoh Sai: The Mars Daybreak",
        "songName": "Take\u2605Back",
        "artist": "G\u2605B Shelter",
        "type": "Opening 1",
        "correctCount": 7,
        "startTime": 14,
        "songDuration": 86.424,
        "songNumber": 11,
        "activePlayerCount": 239,
        "LinkVideo": "https://files.catbox.moe/warn1d.webm",
        "LinkMp3": "https://files.catbox.moe/j124i8.mp3"
    },
    {
        "animeEng": "One Piece: Stampede",
        "animeRomaji": "One Piece: Stampede",
        "songName": "We Go! We Are! ~STAMPEDE Ver.~",
        "artist": "Hiroshi Kitadani",
        "type": "Insert Song",
        "correctCount": 27,
        "startTime": 42,
        "songDuration": 76.728,
        "songNumber": 12,
        "activePlayerCount": 238,
        "LinkVideo": "https://files.catbox.moe/judlb1.webm",
        "LinkMp3": "https://files.catbox.moe/fyu2xp.mp3"
    },
    {
        "animeEng": "Pok\u00e9mon: Advanced",
        "animeRomaji": "Pocket Monsters: Advanced Generation",
        "songName": "Smile",
        "artist": "Toshiko Ezaki",
        "type": "Ending 3",
        "correctCount": 8,
        "startTime": 45,
        "songDuration": 80.88,
        "songNumber": 13,
        "activePlayerCount": 238,
        "LinkVideo": "https://files.catbox.moe/1deyp3.webm",
        "LinkMp3": "https://files.catbox.moe/ntzkls.mp3"
    },
    {
        "animeEng": "Beyblade Burst Sparking",
        "animeRomaji": "Beyblade Burst Super King",
        "songName": "Sparking Revolution",
        "artist": "Aska Tsuchiya\u30fbNaoki Endo",
        "type": "Opening 1",
        "correctCount": 59,
        "startTime": 1,
        "songDuration": 43.776,
        "songNumber": 14,
        "activePlayerCount": 239,
        "LinkVideo": "https://files.catbox.moe/0v0s6y.webm",
        "LinkMp3": "https://files.catbox.moe/4s1r75.mp3"
    },
    {
        "animeEng": "Star\u2606Twinkle Precure",
        "animeRomaji": "Star\u2606Twinkle Precure",
        "songName": "Kirari\u2606 \u5f61Star\u2606Twinkle Precure",
        "artist": "Rie Kitagawa",
        "type": "Opening 1",
        "correctCount": 27,
        "startTime": 16,
        "songDuration": 88.94541,
        "songNumber": 15,
        "activePlayerCount": 238,
        "LinkVideo": "https://files.catbox.moe/75ldjd.webm",
        "LinkMp3": "https://files.catbox.moe/ax4e73.mp3"
    },
    {
        "animeEng": "A Silent Voice",
        "animeRomaji": "Koe no Katachi",
        "songName": "MY GENERATION",
        "artist": "THE WHO",
        "type": "Opening 1",
        "correctCount": 217,
        "startTime": 3,
        "songDuration": 103.776,
        "songNumber": 16,
        "activePlayerCount": 238,
        "LinkVideo": "https://files.catbox.moe/9isn1r.webm",
        "LinkMp3": "https://files.catbox.moe/jgqnls.mp3"
    },
    {
        "animeEng": "Kids on the Slope",
        "animeRomaji": "Sakamichi no Apollon",
        "songName": "My Favorite Things",
        "artist": "Yuuka Nanri",
        "type": "Insert Song",
        "correctCount": 51,
        "startTime": 7,
        "songDuration": 65.232,
        "songNumber": 17,
        "activePlayerCount": 237,
        "LinkVideo": "https://files.catbox.moe/ymug2o.webm",
        "LinkMp3": "https://files.catbox.moe/yj6w3t.mp3"
    },
    {
        "animeEng": "Di Gi Charat Tsuyu Special",
        "animeRomaji": "Di Gi Charat Tsuyu Special",
        "songName": "Megami ni Naritai ~for a yours~",
        "artist": "Masami Okui",
        "type": "Opening 1",
        "correctCount": 22,
        "startTime": 25,
        "songDuration": 89.088,
        "songNumber": 18,
        "activePlayerCount": 238,
        "LinkVideo": "https://files.catbox.moe/hzg9y2.webm",
        "LinkMp3": "https://files.catbox.moe/1vnw31.mp3"
    },
    {
        "animeEng": "Yattodetaman",
        "animeRomaji": "Yattodetaman",
        "songName": "Yattodetaman no uta",
        "artist": "Tosshu",
        "type": "Opening 1",
        "correctCount": 2,
        "startTime": 20,
        "songDuration": 74.304,
        "songNumber": 19,
        "activePlayerCount": 238,
        "LinkVideo": "https://files.catbox.moe/6tu72t.webm",
        "LinkMp3": "https://files.catbox.moe/w0kjyj.mp3",
        "correctPlayers": [
            "winsuper",
            "Keizan"
        ]
    },
    {
        "animeEng": "Pok\u00e9mon: The First Movie - Mewtwo Strikes Back",
        "animeRomaji": "Pocket Monsters: Mewtwo no Gyakush\u016b",
        "songName": "We're a Miracle",
        "artist": "Christina Aguilera",
        "type": "Ending 1",
        "correctCount": 26,
        "startTime": 57,
        "songDuration": 92.784,
        "songNumber": 20,
        "activePlayerCount": 238,
        "LinkVideo": "https://files.catbox.moe/ib9w2t.webm",
        "LinkMp3": "https://files.catbox.moe/5hazjg.mp3"
    },
    {
        "animeEng": "March comes in like a lion",
        "animeRomaji": "3-gatsu no Lion",
        "songName": "Haru ga Kite Bokura",
        "artist": "UNISON SQUARE GARDEN",
        "type": "Opening 2",
        "correctCount": 77,
        "startTime": 53,
        "songDuration": 89.568,
        "songNumber": 21,
        "activePlayerCount": 238,
        "LinkVideo": "https://files.catbox.moe/uljxqo.webm",
        "LinkMp3": "https://files.catbox.moe/ny2p7h.mp3"
    },
    {
        "animeEng": "Hora, Mimi ga Mieteru yo!",
        "animeRomaji": "Hora, Mimi ga Mieteru yo!",
        "songName": "Mimimimi\u2606Puwappu",
        "artist": "Tsukino Amasato",
        "type": "Opening 1",
        "correctCount": 112,
        "startTime": 0,
        "songDuration": 9.92636,
        "songNumber": 22,
        "activePlayerCount": 238,
        "LinkVideo": "https://files.catbox.moe/2akzcu.webm",
        "LinkMp3": "https://files.catbox.moe/5hyr6o.mp3"
    },
    {
        "animeEng": "Detective Conan: Quarter of Silence",
        "animeRomaji": "Meitantei Conan: Chinmoku no Quarter",
        "songName": "Don't Wanna Lie",
        "artist": "B'z",
        "type": "Ending 1",
        "correctCount": 89,
        "startTime": 87,
        "songDuration": 240.792,
        "songNumber": 23,
        "activePlayerCount": 238,
        "LinkVideo": "https://files.catbox.moe/jc55re.webm",
        "LinkMp3": "https://files.catbox.moe/yaldq5.mp3"
    },
    {
        "animeEng": "revisions",
        "animeRomaji": "revisions",
        "songName": "Call My Name! <Theme of Daisuke>",
        "artist": "Daisuke Hasegawa",
        "type": "Insert Song",
        "correctCount": 4,
        "startTime": 9,
        "songDuration": 83.694888,
        "songNumber": 24,
        "activePlayerCount": 237,
        "LinkVideo": "https://files.catbox.moe/7vyibg.webm",
        "LinkMp3": "https://files.catbox.moe/zhq0w8.mp3",
        "correctPlayers": [
            "Serah",
            "Blacky_Doll",
            "TKN",
            "MKNono"
        ]
    },
    {
        "animeEng": "Steins;Gate",
        "animeRomaji": "Steins;Gate",
        "songName": "My White Ribbon",
        "artist": "Afilia Saga East",
        "type": "Insert Song",
        "correctCount": 52,
        "startTime": 21,
        "songDuration": 55.392,
        "songNumber": 25,
        "activePlayerCount": 235,
        "LinkVideo": "https://files.catbox.moe/cc7nzy.webm",
        "LinkMp3": "https://files.catbox.moe/08y1od.mp3"
    },
    {
        "animeEng": "Pichi Pichi Pitch",
        "animeRomaji": "Mermaid Melody: Pichi Pichi Pitch",
        "songName": "Legend of Mermaid",
        "artist": "Asumi Nakata",
        "type": "Insert Song",
        "correctCount": 29,
        "startTime": 36,
        "songDuration": 106.872,
        "songNumber": 26,
        "activePlayerCount": 236,
        "LinkVideo": "https://files.catbox.moe/rgws7l.webm",
        "LinkMp3": "https://files.catbox.moe/r8p6ye.mp3"
    },
    {
        "animeEng": "Ushio & Tora: Comically Deformed Theater",
        "animeRomaji": "Ushio to Tora: Comical D\u00e9former Gekij\u014d",
        "songName": "It's a JoKe",
        "artist": "Hosana",
        "type": "Ending 1",
        "correctCount": 1,
        "startTime": 79,
        "songDuration": 133.032,
        "songNumber": 27,
        "activePlayerCount": 235,
        "LinkVideo": "https://files.catbox.moe/qw1fzp.webm",
        "LinkMp3": "https://files.catbox.moe/pnb7ht.mp3",
        "correctPlayers": [
            "watashiii"
        ]
    },
    {
        "animeEng": "Tenk\u016b Senki Shurato Sousei e no Antou",
        "animeRomaji": "Tenk\u016b Senki Shurato Sousei e no Antou",
        "songName": "Keep Your Pure Love",
        "artist": "SATOKO",
        "type": "Opening 1",
        "correctCount": 4,
        "startTime": 5,
        "songDuration": 91.766586,
        "songNumber": 28,
        "activePlayerCount": 235,
        "LinkVideo": "https://files.catbox.moe/llu17k.webm",
        "LinkMp3": "https://files.catbox.moe/npwets.mp3",
        "correctPlayers": [
            "oh95",
            "Catisam",
            "watashiii",
            "80s"
        ]
    },
    {
        "animeEng": "Macross Delta Movie: Gekij\u014d no Walk\u00fcre",
        "animeRomaji": "Macross Delta Movie: Gekij\u014d no Walk\u00fcre",
        "songName": "Walk\u00fcre no Birthday Song",
        "artist": "Walk\u00fcre",
        "type": "Insert Song",
        "correctCount": 46,
        "startTime": 4,
        "songDuration": 38.064,
        "songNumber": 29,
        "activePlayerCount": 233,
        "LinkVideo": "https://files.catbox.moe/07cspt.webm",
        "LinkMp3": "https://files.catbox.moe/59ozft.mp3"
    },
    {
        "animeEng": "Happy Sugar Life",
        "animeRomaji": "Happy Sugar Life",
        "songName": "One Room Sugar Life",
        "artist": "Akari Nanawo",
        "type": "Opening 1",
        "correctCount": 122,
        "startTime": 23,
        "songDuration": 88.128,
        "songNumber": 30,
        "activePlayerCount": 233,
        "LinkVideo": "https://files.catbox.moe/1gb9f9.webm",
        "LinkMp3": "https://files.catbox.moe/iadtj0.mp3"
    },
    {
        "animeEng": "Summer Days with Coo",
        "animeRomaji": "Kappa no Coo to Natsuyasumi",
        "songName": "Amagoi no Uta",
        "artist": "Kazato Tomizawa",
        "type": "Insert Song",
        "correctCount": 12,
        "startTime": 4,
        "songDuration": 39.984,
        "songNumber": 31,
        "activePlayerCount": 231,
        "LinkVideo": "https://files.catbox.moe/ntrex8.webm",
        "LinkMp3": "https://files.catbox.moe/gtcepd.mp3"
    },
    {
        "animeEng": "Wave, Listen to Me!",
        "animeRomaji": "Nami yo Kiite Kure",
        "songName": "Pride",
        "artist": "Harumi",
        "type": "Ending 1",
        "correctCount": 42,
        "startTime": 40,
        "songDuration": 88.92,
        "songNumber": 32,
        "activePlayerCount": 231,
        "LinkVideo": "https://files.catbox.moe/8qfm5l.webm",
        "LinkMp3": "https://files.catbox.moe/gz4rwn.mp3"
    },
    {
        "animeEng": "Princess Connect! Re:Dive",
        "animeRomaji": "Princess Connect! Re:Dive",
        "songName": "Lost Princess",
        "artist": "M\u30fbA\u30fbO, Miku It\u014d, Rika Tachibana",
        "type": "Opening 1",
        "correctCount": 105,
        "startTime": 4,
        "songDuration": 89.064,
        "songNumber": 33,
        "activePlayerCount": 231,
        "LinkVideo": "https://files.catbox.moe/etv11o.webm",
        "LinkMp3": "https://files.catbox.moe/y51sjd.mp3"
    },
    {
        "animeEng": "Love Rice",
        "animeRomaji": "Love Kome -We Love Rice-",
        "songName": "Fine Dress",
        "artist": "LOVE RICE",
        "type": "Insert Song",
        "correctCount": 17,
        "startTime": 0,
        "songDuration": 31.2,
        "songNumber": 34,
        "activePlayerCount": 230,
        "LinkVideo": "https://files.catbox.moe/pf2yo1.webm",
        "LinkMp3": "https://files.catbox.moe/nx9r7w.mp3"
    },
    {
        "animeEng": "Ensemble Stars!",
        "animeRomaji": "EnStars",
        "songName": "Sunlit Smile!",
        "artist": "Eve",
        "type": "Insert Song",
        "correctCount": 7,
        "startTime": 36,
        "songDuration": 133.728,
        "songNumber": 35,
        "activePlayerCount": 232,
        "LinkVideo": "https://files.catbox.moe/5zx27c.webm",
        "LinkMp3": "https://files.catbox.moe/skr3fb.mp3"
    },
    {
        "animeEng": "AKB0048",
        "animeRomaji": "AKB0048 First Stage",
        "songName": "Yume wa Nando Demo Umarekawaru",
        "artist": "NO NAME",
        "type": "Ending 1",
        "correctCount": 58,
        "startTime": 13,
        "songDuration": 86.832,
        "songNumber": 36,
        "activePlayerCount": 232,
        "LinkVideo": "https://files.catbox.moe/essiof.webm",
        "LinkMp3": "https://files.catbox.moe/rj6il5.mp3"
    },
    {
        "animeEng": "D.Gray-man",
        "animeRomaji": "D.Gray-man",
        "songName": "regret",
        "artist": "Mai Hoshimura",
        "type": "Ending 7",
        "correctCount": 8,
        "startTime": 0,
        "songDuration": 88.992,
        "songNumber": 37,
        "activePlayerCount": 231,
        "LinkVideo": "https://files.catbox.moe/11zro8.webm",
        "LinkMp3": "https://files.catbox.moe/7gip12.mp3"
    },
    {
        "animeEng": "MoonPhase",
        "animeRomaji": "Tsukuyomi -Moon Phase-",
        "songName": "Tsuku Yomi Mode",
        "artist": "Dimitri From Paris Voice Chiwa Saito",
        "type": "Opening 2",
        "correctCount": 114,
        "startTime": 37,
        "songDuration": 88.824,
        "songNumber": 38,
        "activePlayerCount": 230,
        "LinkVideo": "https://files.catbox.moe/7jpr2w.webm",
        "LinkMp3": "https://files.catbox.moe/czckgb.mp3"
    },
    {
        "animeEng": "Cardfight!! Vanguard: Asia Circuit-hen",
        "animeRomaji": "Cardfight!! Vanguard: Asia Circuit-hen",
        "songName": "Vanguard",
        "artist": "JAM Project",
        "type": "Insert Song",
        "correctCount": 61,
        "startTime": 11,
        "songDuration": 191.76,
        "songNumber": 39,
        "activePlayerCount": 230,
        "LinkVideo": "https://files.catbox.moe/30g2ip.webm",
        "LinkMp3": "https://files.catbox.moe/nf12ru.mp3"
    },
    {
        "animeEng": "Sh\u014dnen Hollywood - Holly Stage for 50",
        "animeRomaji": "Sh\u014dnen Hollywood - Holly Stage for 50",
        "songName": "Maji de JIN JIN",
        "artist": "Ryota Osaka & Tetsuya Kakihara",
        "type": "Insert Song",
        "correctCount": 7,
        "startTime": 69,
        "songDuration": 103.512,
        "songNumber": 40,
        "activePlayerCount": 229,
        "LinkVideo": "https://files.catbox.moe/x0eb2b.webm",
        "LinkMp3": "https://files.catbox.moe/1pf2o3.mp3"
    },
    {
        "animeEng": "Mugyutto! Black Clover",
        "animeRomaji": "Mugyutto! Black Clover",
        "songName": "POSSIBLE",
        "artist": "Clover\u00d7Clover",
        "type": "Opening 1",
        "correctCount": 85,
        "startTime": 24,
        "songDuration": 62.712,
        "songNumber": 41,
        "activePlayerCount": 230,
        "LinkVideo": "https://files.catbox.moe/3s0alt.webm",
        "LinkMp3": "https://files.catbox.moe/nhxp75.mp3"
    },
    {
        "animeEng": "Bakuon!!",
        "animeRomaji": "Bakuon!!",
        "songName": "Bike-bu Kany\u016b no Uta ~M\u014d Konna Norimono Iya da~",
        "artist": "Reina Ueda, Yumi Uchiyama, Rikako Yamaguchi",
        "type": "Ending 1",
        "correctCount": 21,
        "startTime": 6,
        "songDuration": 92.064,
        "songNumber": 42,
        "activePlayerCount": 229,
        "LinkVideo": "https://files.catbox.moe/swt4gs.webm",
        "LinkMp3": "https://files.catbox.moe/v3u3o3.mp3"
    },
    {
        "animeEng": "To LOVE-Ru",
        "animeRomaji": "To LOVE-Ru",
        "songName": "Lucky Tune",
        "artist": "Anna",
        "type": "Ending 2",
        "correctCount": 55,
        "startTime": 39,
        "songDuration": 89.568,
        "songNumber": 43,
        "activePlayerCount": 230,
        "LinkVideo": "https://files.catbox.moe/ijq5to.webm",
        "LinkMp3": "https://files.catbox.moe/1jmdzi.mp3"
    },
    {
        "animeEng": "City Hunter: Million Dollar Conspiracy",
        "animeRomaji": "City Hunter: Hyakuman Dollar no Inbou",
        "songName": "ONLY IN MY DREAMS",
        "artist": "Yurie Kokubu",
        "type": "Insert Song",
        "correctCount": 4,
        "startTime": 17,
        "songDuration": 83.472,
        "songNumber": 44,
        "activePlayerCount": 230,
        "LinkVideo": "https://files.catbox.moe/9y25be.webm",
        "LinkMp3": "https://files.catbox.moe/xs7umf.mp3",
        "correctPlayers": [
            "SrueyaF",
            "Konsumenci",
            "Akaze",
            "Shuuka"
        ]
    },
    {
        "animeEng": "Conan, the Boy in Future",
        "animeRomaji": "Mirai Sh\u014dnen Conan",
        "songName": "Natsukashii Asa",
        "artist": "Naoko Ken",
        "type": "Ending 1",
        "correctCount": 1,
        "startTime": 41,
        "songDuration": 103.704,
        "songNumber": 45,
        "activePlayerCount": 230,
        "LinkVideo": "https://files.catbox.moe/e3gxcz.webm",
        "LinkMp3": "https://files.catbox.moe/fi3udq.mp3",
        "correctPlayers": [
            "Catisam"
        ]
    },
    {
        "animeEng": "Kenk\u014d Zenrakei Suiei-bu Umish\u014d",
        "animeRomaji": "Kenk\u014d Zenrakei Suiei-bu Umish\u014d",
        "songName": "Tamatsuka Gakuen Suiei-bu Ouenka",
        "artist": "Tomomi Natori, Satomi Hagiwara, Rumi Masuno, Saeko Nakano",
        "type": "Insert Song",
        "correctCount": 2,
        "startTime": 2,
        "songDuration": 75.96,
        "songNumber": 46,
        "activePlayerCount": 230,
        "LinkVideo": "https://files.catbox.moe/n8i27p.webm",
        "LinkMp3": "https://files.catbox.moe/6khr0c.mp3",
        "correctPlayers": [
            "uy5gf",
            "shadowpandax"
        ]
    },
    {
        "animeEng": "Inazuma Eleven",
        "animeRomaji": "Inazuma Eleven",
        "songName": "Maji Bomber!!",
        "artist": "Berryz Kobo",
        "type": "Ending 5",
        "correctCount": 29,
        "startTime": 38,
        "songDuration": 89.180508,
        "songNumber": 47,
        "activePlayerCount": 230,
        "LinkVideo": "https://files.catbox.moe/s3tkqe.webm",
        "LinkMp3": "https://files.catbox.moe/qno7ae.mp3"
    },
    {
        "animeEng": "Sailor Moon SuperS the Movie: Black Dream Hole",
        "animeRomaji": "Bish\u014djo Senshi Sailor Moon SuperS: Sailor 9 Senshi Sh\u016bketsu! Black-Dream-Hole no Kiseki",
        "songName": "Moonlight Densetsu",
        "artist": "Sakurakko Club Sakura-gumi",
        "type": "Opening 1",
        "correctCount": 148,
        "startTime": 15,
        "songDuration": 79.992,
        "songNumber": 48,
        "activePlayerCount": 230,
        "LinkVideo": "https://files.catbox.moe/smjqxl.webm",
        "LinkMp3": "https://files.catbox.moe/19pjkn.mp3"
    },
    {
        "animeEng": "Girls Bravo",
        "animeRomaji": "Girls Bravo",
        "songName": "Hana ga Saku Keshiki no Naka de",
        "artist": "Kurumi Miruku",
        "type": "Insert Song",
        "correctCount": 2,
        "startTime": 34,
        "songDuration": 67.632,
        "songNumber": 49,
        "activePlayerCount": 230,
        "LinkVideo": "https://files.catbox.moe/aw2dt1.webm",
        "LinkMp3": "https://files.catbox.moe/kco99d.mp3",
        "correctPlayers": [
            "oh95",
            "watashiii"
        ]
    },
    {
        "animeEng": "Do You Love Your Mom and Her Two-Hit Multi-Target Attacks?",
        "animeRomaji": "Ts\u016bj\u014d K\u014dgeki ga Zentai K\u014dgeki de Ni-kai K\u014dgeki no Okaa-san wa Suki desu ka?",
        "songName": "Iyayo Iyayo mo Suki no Uchi!",
        "artist": "Spira Spica",
        "type": "Opening 1",
        "correctCount": 92,
        "startTime": 21,
        "songDuration": 88.848,
        "songNumber": 50,
        "activePlayerCount": 230,
        "LinkVideo": "https://files.catbox.moe/04y0jf.webm",
        "LinkMp3": "https://files.catbox.moe/jqkso9.mp3"
    },
    {
        "animeEng": "Nisekoi",
        "animeRomaji": "Nisekoi",
        "songName": "STEP",
        "artist": "ClariS",
        "type": "Opening 2",
        "correctCount": 117,
        "startTime": 24,
        "songDuration": 89.064,
        "songNumber": 51,
        "activePlayerCount": 230,
        "LinkVideo": "https://files.catbox.moe/7ns2te.webm",
        "LinkMp3": "https://files.catbox.moe/z7wdww.mp3"
    },
    {
        "animeEng": "With a Dog AND a Cat, Every Day is Fun",
        "animeRomaji": "Inu to Neko Docchimo Katteru to Mainichi Tanoshii",
        "songName": "Nyander Wonder Days",
        "artist": "Ayaka Ohashi",
        "type": "Ending 1",
        "correctCount": 55,
        "startTime": 0,
        "songDuration": 9.984,
        "songNumber": 52,
        "activePlayerCount": 230,
        "LinkVideo": "https://files.catbox.moe/bgtmps.webm",
        "LinkMp3": "https://files.catbox.moe/rcvzc8.mp3"
    },
    {
        "animeEng": "The Last: Naruto The Movie",
        "animeRomaji": "The Last: Naruto The Movie",
        "songName": "Hoshi no Utsuwa",
        "artist": "Sukima Switch",
        "type": "Ending 1",
        "correctCount": 23,
        "startTime": 58,
        "songDuration": 310.056,
        "songNumber": 53,
        "activePlayerCount": 230,
        "LinkVideo": "https://files.catbox.moe/8l6fvj.webm",
        "LinkMp3": "https://files.catbox.moe/adkd19.mp3"
    },
    {
        "animeEng": "Samurai Giants",
        "animeRomaji": "Samurai Giants",
        "songName": "Samurai Giants",
        "artist": "Shigeyuki Matsumoto",
        "type": "Opening 1",
        "correctCount": 15,
        "startTime": 49,
        "songDuration": 89.568,
        "songNumber": 54,
        "activePlayerCount": 230,
        "LinkVideo": "https://files.catbox.moe/fxkr6d.webm",
        "LinkMp3": "https://files.catbox.moe/sdlgoi.mp3"
    },
    {
        "animeEng": "Ace of the Diamond",
        "animeRomaji": "Daiya no Ace",
        "songName": "Go EXCEED!!",
        "artist": "Tom-H@ck featuring Masayoshi \u014cishi",
        "type": "Opening 1",
        "correctCount": 91,
        "startTime": 14,
        "songDuration": 89.049898,
        "songNumber": 55,
        "activePlayerCount": 230,
        "LinkVideo": "https://files.catbox.moe/1hbf8g.webm",
        "LinkMp3": "https://files.catbox.moe/5jfisq.mp3"
    },
    {
        "animeEng": "Stratos 4 Advance: Kanketsu-hen",
        "animeRomaji": "Stratos 4 Advance: Kanketsu-hen",
        "songName": "1st Priority",
        "artist": "Melocure",
        "type": "Opening 1",
        "correctCount": 17,
        "startTime": 6,
        "songDuration": 91.056,
        "songNumber": 56,
        "activePlayerCount": 229,
        "LinkVideo": "https://files.catbox.moe/fp15wv.webm",
        "LinkMp3": "https://files.catbox.moe/7vg970.mp3"
    },
    {
        "animeEng": "Colorful",
        "animeRomaji": "Colorful",
        "songName": "Boku no Taion wa 37.5C",
        "artist": "Yuko Miyamura",
        "type": "Opening 1",
        "correctCount": 59,
        "startTime": 24,
        "songDuration": 59.256,
        "songNumber": 57,
        "activePlayerCount": 229,
        "LinkVideo": "https://files.catbox.moe/hwffzg.webm",
        "LinkMp3": "https://files.catbox.moe/qzqin3.mp3"
    },
    {
        "animeEng": "Nyan Koi!",
        "animeRomaji": "Nyan Koi!",
        "songName": "Neko Neko Ondo",
        "artist": "Asami Imai, Yui Sakakibara, Yukari Fukui",
        "type": "Insert Song",
        "correctCount": 50,
        "startTime": 0,
        "songDuration": 26.928,
        "songNumber": 58,
        "activePlayerCount": 229,
        "LinkVideo": "https://files.catbox.moe/2x9g76.webm",
        "LinkMp3": "https://files.catbox.moe/18zdhg.mp3"
    },
    {
        "animeEng": "Ky\u014ds\u014dgiga",
        "animeRomaji": "Ky\u014ds\u014dgiga",
        "songName": "Shissou Ginga",
        "artist": "TEPPAN",
        "type": "Ending 1",
        "correctCount": 27,
        "startTime": 40,
        "songDuration": 90.504,
        "songNumber": 59,
        "activePlayerCount": 228,
        "LinkVideo": "https://files.catbox.moe/cllmth.webm",
        "LinkMp3": "https://files.catbox.moe/lmieww.mp3"
    },
    {
        "animeEng": "Ah! My Goddess: Flights of Fancy",
        "animeRomaji": "Aa Megami-sama: Sorezore no Tsubasa",
        "songName": "Bokura no Kiseki",
        "artist": "Yoko Ishida",
        "type": "Ending 1",
        "correctCount": 2,
        "startTime": 35,
        "songDuration": 88.944,
        "songNumber": 60,
        "activePlayerCount": 228,
        "LinkVideo": "https://files.catbox.moe/1w8c2x.webm",
        "LinkMp3": "https://files.catbox.moe/seh7zm.mp3",
        "correctPlayers": [
            "Hadarios",
            "NijinoYume721"
        ]
    },
    {
        "animeEng": "I'm Standing on A Million Lives",
        "animeRomaji": "100-man no Inochi no Ue ni Ore wa Tatteiru",
        "songName": "Anti world",
        "artist": "Kanako Takatsuki",
        "type": "Opening 1",
        "correctCount": 77,
        "startTime": 38,
        "songDuration": 88.656,
        "songNumber": 61,
        "activePlayerCount": 228,
        "LinkVideo": "https://files.catbox.moe/tnd9ve.webm",
        "LinkMp3": "https://files.catbox.moe/wfcak5.mp3"
    },
    {
        "animeEng": "Encouragement of Climb",
        "animeRomaji": "Yama no Susume",
        "songName": "Staccato Days",
        "artist": "Yuka Iguchi & Kana Asumi",
        "type": "Ending 1",
        "correctCount": 64,
        "startTime": 16,
        "songDuration": 73.056,
        "songNumber": 62,
        "activePlayerCount": 228,
        "LinkVideo": "https://files.catbox.moe/cjx65u.webm",
        "LinkMp3": "https://files.catbox.moe/r48jfs.mp3"
    },
    {
        "animeEng": "Arakawa Under the Bridge \u00d7 Bridge",
        "animeRomaji": "Arakawa Under the Bridge \u00d7 Bridge",
        "songName": "Akai Coat",
        "artist": "Suneohair",
        "type": "Ending 1",
        "correctCount": 25,
        "startTime": 33,
        "songDuration": 91.272,
        "songNumber": 63,
        "activePlayerCount": 228,
        "LinkVideo": "https://files.catbox.moe/qx8av2.webm",
        "LinkMp3": "https://files.catbox.moe/u9a6vx.mp3"
    },
    {
        "animeEng": "Tonari no Seki-kun: The Master of Killing Time",
        "animeRomaji": "Tonari no Seki-kun",
        "songName": "Set Them Free",
        "artist": "Akira Jimbo feat. Ai Ikegami",
        "type": "Ending 1",
        "correctCount": 77,
        "startTime": 6,
        "songDuration": 44.112,
        "songNumber": 64,
        "activePlayerCount": 228,
        "LinkVideo": "https://files.catbox.moe/tl4wmo.webm",
        "LinkMp3": "https://files.catbox.moe/p5gby9.mp3"
    },
    {
        "animeEng": "Scar-red Rider XechS",
        "animeRomaji": "Scar-red Rider XechS",
        "songName": "Ao to Kurenai no Forzato",
        "artist": "Tatsuhisa Suzuki & Mamoru Miyano",
        "type": "Opening 1",
        "correctCount": 9,
        "startTime": 36,
        "songDuration": 89.676826,
        "songNumber": 65,
        "activePlayerCount": 228,
        "LinkVideo": "https://files.catbox.moe/cwb6yz.webm",
        "LinkMp3": "https://files.catbox.moe/slkdkw.mp3"
    },
    {
        "animeEng": "Happy Sugar Life",
        "animeRomaji": "Happy Sugar Life",
        "songName": "Canaria",
        "artist": "ReoNa",
        "type": "Ending 2",
        "correctCount": 72,
        "startTime": 105,
        "songDuration": 181.584,
        "songNumber": 66,
        "activePlayerCount": 227,
        "LinkVideo": "https://files.catbox.moe/3pvit1.webm",
        "LinkMp3": "https://files.catbox.moe/55jk6r.mp3"
    },
    {
        "animeEng": "Kakegurui",
        "animeRomaji": "Kakegurui",
        "songName": "Deal with the devil",
        "artist": "Tia",
        "type": "Opening 1",
        "correctCount": 212,
        "startTime": 6,
        "songDuration": 95.064,
        "songNumber": 67,
        "activePlayerCount": 227,
        "LinkVideo": "https://files.catbox.moe/d8sqk8.webm",
        "LinkMp3": "https://files.catbox.moe/90t6bx.mp3"
    },
    {
        "animeEng": "Noblesse",
        "animeRomaji": "Noblesse",
        "songName": "BREAKING DAWN (Japanese Ver.) Produced by HYDE",
        "artist": "J-JUN",
        "type": "Opening 1",
        "correctCount": 52,
        "startTime": 52,
        "songDuration": 88.056,
        "songNumber": 68,
        "activePlayerCount": 227,
        "LinkVideo": "https://files.catbox.moe/4q2o7a.webm",
        "LinkMp3": "https://files.catbox.moe/jopawj.mp3"
    },
    {
        "animeEng": "Galaxy Railway 999: Can You Love Like a Mother!!",
        "animeRomaji": "Ginga Tetsud\u014d 999: Kimi wa Haha no You ni Aiseru ka!!",
        "songName": "THE GALAXY EXPRESS 999",
        "artist": "Godiego",
        "type": "Opening 1",
        "correctCount": 47,
        "startTime": 8,
        "songDuration": 154.608,
        "songNumber": 69,
        "activePlayerCount": 227,
        "LinkVideo": "https://files.catbox.moe/xgk83c.webm",
        "LinkMp3": "https://files.catbox.moe/s588d4.mp3"
    },
    {
        "animeEng": "Psycho-Pass",
        "animeRomaji": "Psycho-Pass",
        "songName": "abnormalize",
        "artist": "Ling Tosite Sigure",
        "type": "Opening 1",
        "correctCount": 138,
        "startTime": 26,
        "songDuration": 88.512,
        "songNumber": 70,
        "activePlayerCount": 227,
        "LinkVideo": "https://files.catbox.moe/1mssd4.webm",
        "LinkMp3": "https://files.catbox.moe/llryl3.mp3"
    },
    {
        "animeEng": "Your Lie in April: Moments",
        "animeRomaji": "Shigatsu wa Kimi no Uso: Moments",
        "songName": "Hikaru Nara",
        "artist": "Goose house",
        "type": "Opening 1",
        "correctCount": 205,
        "startTime": 26,
        "songDuration": 88.992,
        "songNumber": 71,
        "activePlayerCount": 227,
        "LinkVideo": "https://files.catbox.moe/mw0lqu.webm",
        "LinkMp3": "https://files.catbox.moe/49l3fd.mp3"
    },
    {
        "animeEng": "Rocket Girls",
        "animeRomaji": "Rocket Girls",
        "songName": "RISE",
        "artist": "ICHIKO",
        "type": "Opening 1",
        "correctCount": 12,
        "startTime": 44,
        "songDuration": 88.55358,
        "songNumber": 72,
        "activePlayerCount": 226,
        "LinkVideo": "https://files.catbox.moe/27g4o3.webm",
        "LinkMp3": "https://files.catbox.moe/70rwft.mp3"
    },
    {
        "animeEng": "Etotama",
        "animeRomaji": "Etotama",
        "songName": "Retry\u2606Rendezvous",
        "artist": "Rie Murakawa",
        "type": "Opening 1",
        "correctCount": 42,
        "startTime": 49,
        "songDuration": 89.112,
        "songNumber": 73,
        "activePlayerCount": 227,
        "LinkVideo": "https://files.catbox.moe/2ll6if.webm",
        "LinkMp3": "https://files.catbox.moe/1ourzz.mp3"
    },
    {
        "animeEng": "Case Closed: Countdown to Heaven",
        "animeRomaji": "Meitantei Conan: Tengoku e no Countdown",
        "songName": "always",
        "artist": "Mai Kuraki",
        "type": "Ending 1",
        "correctCount": 75,
        "startTime": 6,
        "songDuration": 185.064,
        "songNumber": 74,
        "activePlayerCount": 226,
        "LinkVideo": "https://files.catbox.moe/es6a5n.webm",
        "LinkMp3": "https://files.catbox.moe/i0d32z.mp3"
    },
    {
        "animeEng": "Cosmo Warrior Zero",
        "animeRomaji": "Cosmo Warrior Zero",
        "songName": "Jidai",
        "artist": "Geminiart High Quality",
        "type": "Opening 1",
        "correctCount": 2,
        "startTime": 51,
        "songDuration": 88.92,
        "songNumber": 75,
        "activePlayerCount": 224,
        "LinkVideo": "https://files.catbox.moe/cqv36v.webm",
        "LinkMp3": "https://files.catbox.moe/r993qo.mp3",
        "correctPlayers": [
            "aryagamis",
            "watashiii"
        ]
    }
]