[
    {
        "animeEng": "Agriculture Angel Baraki",
        "animeRomaji": "Agukaru",
        "songName": "Asa Gohan desu ka!? Baraki-chan!!",
        "artist": "Sayuri meets Desen Risotto",
        "type": "Opening 1",
        "correctCount": 12,
        "startTime": 17,
        "songDuration": 75.7538,
        "songNumber": 1,
        "activePlayerCount": 258,
        "LinkVideo": "https://files.catbox.moe/xqowj6.webm",
        "LinkMp3": "https://files.catbox.moe/zpe0js.mp3"
    },
    {
        "animeEng": "Youngest Princess Connection",
        "animeRomaji": "Otohime Connection",
        "songName": "Kiss Me Once Again",
        "artist": "Pli:z",
        "type": "Insert Song",
        "correctCount": 0,
        "startTime": 55,
        "songDuration": 164.952,
        "songNumber": 2,
        "activePlayerCount": 256,
        "LinkVideo": "https://files.catbox.moe/43k7dh.webm",
        "LinkMp3": "https://files.catbox.moe/8x7z2s.mp3"
    },
    {
        "animeEng": "Uzaki-chan Wants to Hang Out!",
        "animeRomaji": "Uzaki-chan wa Asobitai!",
        "songName": "Nadamesukashi Negotiation",
        "artist": "Kano to Uzaki-chan",
        "type": "Opening 1",
        "correctCount": 94,
        "startTime": 31,
        "songDuration": 87.792,
        "songNumber": 3,
        "activePlayerCount": 257,
        "LinkVideo": "https://files.catbox.moe/w7dtuf.webm",
        "LinkMp3": "https://files.catbox.moe/6z9bu6.mp3"
    },
    {
        "animeEng": "Durarara!! \u00d72 The Second Arc",
        "animeRomaji": "Durarara!!\u00d72 Ten",
        "songName": "EXIT",
        "artist": "REVALCY",
        "type": "Ending 1",
        "correctCount": 28,
        "startTime": 12,
        "songDuration": 88.848,
        "songNumber": 4,
        "activePlayerCount": 255,
        "LinkVideo": "https://files.catbox.moe/ww1acx.webm",
        "LinkMp3": "https://files.catbox.moe/ronblv.mp3"
    },
    {
        "animeEng": "Wakaba*Girl",
        "animeRomaji": "Wakaba*Girl",
        "songName": "Hajimete Girls!",
        "artist": "Ray",
        "type": "Opening 1",
        "correctCount": 67,
        "startTime": 49,
        "songDuration": 88.224,
        "songNumber": 5,
        "activePlayerCount": 256,
        "LinkVideo": "https://files.catbox.moe/d5qk6u.webm",
        "LinkMp3": "https://files.catbox.moe/9uyntm.mp3"
    },
    {
        "animeEng": "B'T X Neo",
        "animeRomaji": "B'T X Neo",
        "songName": "Hitomi wa Ikusen Mado",
        "artist": "Aki Hata",
        "type": "Insert Song",
        "correctCount": 3,
        "startTime": 111,
        "songDuration": 194.138704,
        "songNumber": 6,
        "activePlayerCount": 253,
        "LinkVideo": "https://files.catbox.moe/ppftro.webm",
        "LinkMp3": "https://files.catbox.moe/zmo9k8.mp3",
        "correctPlayers": [
            "Rent_A_Chizuru",
            "watashiii",
            "sarawut25451"
        ]
    },
    {
        "animeEng": "Fushigi Dagashiya Zenitend\u014d",
        "animeRomaji": "Fushigi Dagashiya Zenitend\u014d",
        "songName": "Kis\u014dtengai Fushigi o D\u014dzo",
        "artist": "Emi Noda",
        "type": "Opening 1",
        "correctCount": 22,
        "startTime": 5,
        "songDuration": 59.664,
        "songNumber": 7,
        "activePlayerCount": 253,
        "LinkVideo": "https://files.catbox.moe/e0sdxw.webm",
        "LinkMp3": "https://files.catbox.moe/6z5ze7.mp3"
    },
    {
        "animeEng": "Kigy\u014d Senshi Yamazaki: Long Distance Call",
        "animeRomaji": "Kigy\u014d Senshi Yamazaki: Long Distance Call",
        "songName": "Ring a Ding-Rinko no Theme",
        "artist": "Aoi Mizuno",
        "type": "Ending 1",
        "correctCount": 2,
        "startTime": 58,
        "songDuration": 267.048,
        "songNumber": 8,
        "activePlayerCount": 252,
        "LinkVideo": "https://files.catbox.moe/s32xwe.webm",
        "LinkMp3": "https://files.catbox.moe/ex2foo.mp3",
        "correctPlayers": [
            "Konsumenci",
            "BigDip123"
        ]
    },
    {
        "animeEng": "Baccano!",
        "animeRomaji": "Baccano!",
        "songName": "Calling",
        "artist": "Kaori Oda",
        "type": "Ending 1",
        "correctCount": 65,
        "startTime": 20,
        "songDuration": 88.057262,
        "songNumber": 9,
        "activePlayerCount": 251,
        "LinkVideo": "https://files.catbox.moe/f4ufs6.webm",
        "LinkMp3": "https://files.catbox.moe/5fe8bj.mp3"
    },
    {
        "animeEng": "Teenage Mutant Ninja Turtles: Superman Legend",
        "animeRomaji": "Mutant Turtles: Ch\u014djin Densetsu-hen",
        "songName": "Chiky\u016b wa Ogenki",
        "artist": "MOKKUN",
        "type": "Ending 1",
        "correctCount": 1,
        "startTime": 42,
        "songDuration": 97.848,
        "songNumber": 10,
        "activePlayerCount": 251,
        "LinkVideo": "https://files.catbox.moe/hh261g.webm",
        "LinkMp3": "https://files.catbox.moe/evank4.mp3",
        "correctPlayers": [
            "Legend_"
        ]
    },
    {
        "animeEng": "Ro-Kyu-Bu!",
        "animeRomaji": "Ro-Kyu-Bu!",
        "songName": "SHOOT!",
        "artist": "RO-KYU-BU!",
        "type": "Opening 1",
        "correctCount": 112,
        "startTime": 48,
        "songDuration": 88.752,
        "songNumber": 11,
        "activePlayerCount": 250,
        "LinkVideo": "https://files.catbox.moe/ydjfjc.webm",
        "LinkMp3": "https://files.catbox.moe/klvitc.mp3"
    },
    {
        "animeEng": "Him\u014dto! Umaru-chan R",
        "animeRomaji": "Him\u014dto! Umaru-chan R",
        "songName": "Nimensei\u2606Uraomote Life!",
        "artist": "Aimi Tanaka",
        "type": "Opening 1",
        "correctCount": 190,
        "startTime": 16,
        "songDuration": 88.944,
        "songNumber": 12,
        "activePlayerCount": 250,
        "LinkVideo": "https://files.catbox.moe/2uy24t.webm",
        "LinkMp3": "https://files.catbox.moe/xx9vki.mp3"
    },
    {
        "animeEng": "Hotori - The Simple Wish for Joy",
        "animeRomaji": "Hotori - Tada Saiwai o Koinegau",
        "songName": "Yakusoku",
        "artist": "Sachiko Muratani",
        "type": "Ending 1",
        "correctCount": 2,
        "startTime": 40,
        "songDuration": 148.296,
        "songNumber": 13,
        "activePlayerCount": 249,
        "LinkVideo": "https://files.catbox.moe/1xpizf.webm",
        "LinkMp3": "https://files.catbox.moe/o5jmqx.mp3",
        "correctPlayers": [
            "asleep",
            "watashiii"
        ]
    },
    {
        "animeEng": "Pretty Rhythm All Star Selection",
        "animeRomaji": "Pretty Rhythm All Star Selection",
        "songName": "Never Let me Down ~Ganbari ya!~",
        "artist": "Serenon",
        "type": "Insert Song",
        "correctCount": 15,
        "startTime": 5,
        "songDuration": 99.6,
        "songNumber": 14,
        "activePlayerCount": 250,
        "LinkVideo": "https://files.catbox.moe/322t1v.webm",
        "LinkMp3": "https://files.catbox.moe/x8v0yg.mp3"
    },
    {
        "animeEng": "Sakura Quest",
        "animeRomaji": "Sakura Quest",
        "songName": "Ryuu no Uta",
        "artist": "Chiemi Tanaka",
        "type": "Insert Song",
        "correctCount": 10,
        "startTime": 5,
        "songDuration": 81.317786,
        "songNumber": 15,
        "activePlayerCount": 248,
        "LinkVideo": "https://files.catbox.moe/x8cp3v.webm",
        "LinkMp3": "https://files.catbox.moe/20q02i.mp3"
    },
    {
        "animeEng": "Yowamushi Pedal Glory Line",
        "animeRomaji": "Yowamushi Pedal Glory Line",
        "songName": "Dancing",
        "artist": "Yusuke Saeki",
        "type": "Opening 2",
        "correctCount": 61,
        "startTime": 0,
        "songDuration": 88.392,
        "songNumber": 16,
        "activePlayerCount": 248,
        "LinkVideo": "https://files.catbox.moe/mk6zrz.webm",
        "LinkMp3": "https://files.catbox.moe/wjgmvb.mp3"
    },
    {
        "animeEng": "Mr. Osomatsu",
        "animeRomaji": "Osomatsu-san",
        "songName": "Zenryoku Batanky\u016b",
        "artist": "A\u014cP",
        "type": "Opening 2",
        "correctCount": 59,
        "startTime": 29,
        "songDuration": 88.971532,
        "songNumber": 17,
        "activePlayerCount": 245,
        "LinkVideo": "https://files.catbox.moe/cdn3u6.webm",
        "LinkMp3": "https://files.catbox.moe/huzpc4.mp3"
    },
    {
        "animeEng": "Stellvia",
        "animeRomaji": "Uch\u016b no Stellvia",
        "songName": "Asu e no brilliant road ~second genesis~",
        "artist": "angela",
        "type": "Insert Song",
        "correctCount": 8,
        "startTime": 18,
        "songDuration": 134.352,
        "songNumber": 18,
        "activePlayerCount": 245,
        "LinkVideo": "https://files.catbox.moe/7evihu.webm",
        "LinkMp3": "https://files.catbox.moe/m0wz37.mp3"
    },
    {
        "animeEng": "I Give My All",
        "animeRomaji": "Minna Agechau",
        "songName": "Minna Agechau\u2665",
        "artist": "Irene & Erika",
        "type": "Ending 1",
        "correctCount": 2,
        "startTime": 4,
        "songDuration": 191.064,
        "songNumber": 19,
        "activePlayerCount": 245,
        "LinkVideo": "https://files.catbox.moe/jp451h.webm",
        "LinkMp3": "https://files.catbox.moe/7qaroi.mp3",
        "correctPlayers": [
            "BigDip123",
            "uy5gf"
        ]
    },
    {
        "animeEng": "Noragami",
        "animeRomaji": "Noragami",
        "songName": "Heart Realize",
        "artist": "Tia",
        "type": "Ending 1",
        "correctCount": 116,
        "startTime": 52,
        "songDuration": 93.12,
        "songNumber": 20,
        "activePlayerCount": 244,
        "LinkVideo": "https://files.catbox.moe/x8u24s.webm",
        "LinkMp3": "https://files.catbox.moe/5m0a9l.mp3"
    },
    {
        "animeEng": "Kaiba",
        "animeRomaji": "Kaiba",
        "songName": "the tree song",
        "artist": "Minako \"mooki\" Obata",
        "type": "Insert Song",
        "correctCount": 25,
        "startTime": 46,
        "songDuration": 206.064,
        "songNumber": 21,
        "activePlayerCount": 243,
        "LinkVideo": "https://files.catbox.moe/r397tx.webm",
        "LinkMp3": "https://files.catbox.moe/h4yosb.mp3"
    },
    {
        "animeEng": "Yurumates3Dei Plus",
        "animeRomaji": "Yurumates3Dei Plus",
        "songName": "Kyapi Natsu\u2606HIGH Tension!",
        "artist": "Haruko Momoi",
        "type": "Opening 1",
        "correctCount": 13,
        "startTime": 0,
        "songDuration": 29.448,
        "songNumber": 22,
        "activePlayerCount": 242,
        "LinkVideo": "https://files.catbox.moe/uqjlpw.webm",
        "LinkMp3": "https://files.catbox.moe/esquoy.mp3"
    },
    {
        "animeEng": "SHOW BY ROCK!! Mashumairesh!!",
        "animeRomaji": "SHOW BY ROCK!! Mashumairesh!!",
        "songName": "Neon Tetra no Sora",
        "artist": "REIJINGSIGNAL",
        "type": "Insert Song",
        "correctCount": 12,
        "startTime": 46,
        "songDuration": 85.056,
        "songNumber": 23,
        "activePlayerCount": 243,
        "LinkVideo": "https://files.catbox.moe/032b2r.webm",
        "LinkMp3": "https://files.catbox.moe/2nlpkt.mp3"
    },
    {
        "animeEng": "Problem children are coming from another world, aren't they?",
        "animeRomaji": "Mondaiji-tachi ga Isekai kara Kurus\u014d desu yo?",
        "songName": "To Be Continued?",
        "artist": "Kaori Sadohara",
        "type": "Ending 1",
        "correctCount": 67,
        "startTime": 28,
        "songDuration": 89.568,
        "songNumber": 24,
        "activePlayerCount": 241,
        "LinkVideo": "https://files.catbox.moe/ysh93j.webm",
        "LinkMp3": "https://files.catbox.moe/j5ati6.mp3"
    },
    {
        "animeEng": "Mirmo Zibang!",
        "animeRomaji": "Wagamama Fairy Mirumo de Pon!",
        "songName": "Boku no Tonari",
        "artist": "Sana",
        "type": "Ending 9",
        "correctCount": 0,
        "startTime": 51,
        "songDuration": 89.112,
        "songNumber": 25,
        "activePlayerCount": 239,
        "LinkVideo": "https://files.catbox.moe/utfai5.webm",
        "LinkMp3": "https://files.catbox.moe/voa7ug.mp3"
    },
    {
        "animeEng": "Minami-ke",
        "animeRomaji": "Minami-ke",
        "songName": "Keikenchi J\u014dsh\u014dch\u016b",
        "artist": "Rina Satou, Marina Inoue, Minori Chihara",
        "type": "Opening 1",
        "correctCount": 57,
        "startTime": 12,
        "songDuration": 89.304,
        "songNumber": 26,
        "activePlayerCount": 240,
        "LinkVideo": "https://files.catbox.moe/qunpva.webm",
        "LinkMp3": "https://files.catbox.moe/ij13dd.mp3"
    },
    {
        "animeEng": "Uma Musume: Pretty Derby Season 2",
        "animeRomaji": "Uma Musume: Pretty Derby Season 2",
        "songName": "Uma Pyoi Densetsu",
        "artist": "Uma Musume",
        "type": "Ending 5",
        "correctCount": 30,
        "startTime": 61,
        "songDuration": 99.816,
        "songNumber": 27,
        "activePlayerCount": 240,
        "LinkVideo": "https://files.catbox.moe/2qi9gk.webm",
        "LinkMp3": "https://files.catbox.moe/2xxepf.mp3"
    },
    {
        "animeEng": "In This Corner of the World",
        "animeRomaji": "Kono Sekai no Katasumi ni",
        "songName": "Migite no Uta",
        "artist": "kotringo",
        "type": "Insert Song",
        "correctCount": 23,
        "startTime": 73,
        "songDuration": 182.409926,
        "songNumber": 28,
        "activePlayerCount": 239,
        "LinkVideo": "https://files.catbox.moe/uek8au.webm",
        "LinkMp3": "https://files.catbox.moe/wv6hab.mp3"
    },
    {
        "animeEng": "Encouragement of Climb",
        "animeRomaji": "Yama no Susume",
        "songName": "Staccato Days",
        "artist": "Yuka Iguchi & Kana Asumi",
        "type": "Ending 1",
        "correctCount": 73,
        "startTime": 12,
        "songDuration": 73.056,
        "songNumber": 29,
        "activePlayerCount": 237,
        "LinkVideo": "https://files.catbox.moe/cjx65u.webm",
        "LinkMp3": "https://files.catbox.moe/r48jfs.mp3"
    },
    {
        "animeEng": "Cutey Honey",
        "animeRomaji": "Cutey Honey",
        "songName": "Cutey Honey",
        "artist": "Yoko Maekawa",
        "type": "Opening 1",
        "correctCount": 53,
        "startTime": 35,
        "songDuration": 88.8,
        "songNumber": 30,
        "activePlayerCount": 237,
        "LinkVideo": "https://files.catbox.moe/o3qdvi.webm",
        "LinkMp3": "https://files.catbox.moe/hy5o4d.mp3"
    },
    {
        "animeEng": "Blinky the Wonderful Koala",
        "animeRomaji": "Fushigi na Koala Blinky",
        "songName": "Fushigi Ufufu",
        "artist": "TARAKO",
        "type": "Opening 1",
        "correctCount": 0,
        "startTime": 40,
        "songDuration": 78.048,
        "songNumber": 31,
        "activePlayerCount": 236,
        "LinkVideo": "https://files.catbox.moe/huvk1p.webm",
        "LinkMp3": "https://files.catbox.moe/aqlmvz.mp3"
    },
    {
        "animeEng": "Suite Precure\u266a",
        "animeRomaji": "Suite Precure\u266a",
        "songName": "Wonderful\u2191Powerful\u2191Music!!",
        "artist": "Aya Ikeda",
        "type": "Ending 1",
        "correctCount": 20,
        "startTime": 37,
        "songDuration": 88.416,
        "songNumber": 32,
        "activePlayerCount": 237,
        "LinkVideo": "https://files.catbox.moe/91n750.webm",
        "LinkMp3": "https://files.catbox.moe/tv7vw2.mp3"
    },
    {
        "animeEng": "Inazuma Eleven: Orion no Kokuin",
        "animeRomaji": "Inazuma Eleven: Orion no Kokuin",
        "songName": "Chikyuu wo Kick!",
        "artist": "pugcat's",
        "type": "Opening 2",
        "correctCount": 34,
        "startTime": 48,
        "songDuration": 84.24,
        "songNumber": 33,
        "activePlayerCount": 235,
        "LinkVideo": "https://files.catbox.moe/m7fuq2.webm",
        "LinkMp3": "https://files.catbox.moe/sq85d0.mp3"
    },
    {
        "animeEng": "The Eden of Grisaia",
        "animeRomaji": "Grisaia no Rakuen",
        "songName": "Setsuna no Kajitsu",
        "artist": "Maon Kurosaki",
        "type": "Opening 1",
        "correctCount": 94,
        "startTime": 21,
        "songDuration": 88.92,
        "songNumber": 34,
        "activePlayerCount": 234,
        "LinkVideo": "https://files.catbox.moe/ol000u.webm",
        "LinkMp3": "https://files.catbox.moe/tfjhr2.mp3"
    },
    {
        "animeEng": "Hai Step Jun",
        "animeRomaji": "Hai Step Jun",
        "songName": "Rival 360 Do",
        "artist": "Akiko & Naoko Kobayashi",
        "type": "Ending 1",
        "correctCount": 3,
        "startTime": 9,
        "songDuration": 78.768,
        "songNumber": 35,
        "activePlayerCount": 234,
        "LinkVideo": "https://files.catbox.moe/2pn0aw.webm",
        "LinkMp3": "https://files.catbox.moe/397jsv.mp3",
        "correctPlayers": [
            "theyingster",
            "80s",
            "klusty"
        ]
    },
    {
        "animeEng": "Zatch Bell!",
        "animeRomaji": "Konjiki no Gash Bell!!",
        "songName": "Kasabuta",
        "artist": "Hidenori Chiwata",
        "type": "Opening 1",
        "correctCount": 17,
        "startTime": 12,
        "songDuration": 89.064,
        "songNumber": 36,
        "activePlayerCount": 236,
        "LinkVideo": "https://files.catbox.moe/h1tjrb.webm",
        "LinkMp3": "https://files.catbox.moe/yn6p89.mp3"
    },
    {
        "animeEng": "Giant Killing",
        "animeRomaji": "Giant Killing",
        "songName": "My story ~Mada Minu Ashita e~",
        "artist": "THE CHERRY COKE$",
        "type": "Opening 1",
        "correctCount": 26,
        "startTime": 0,
        "songDuration": 90.852316,
        "songNumber": 37,
        "activePlayerCount": 237,
        "LinkVideo": "https://files.catbox.moe/rkvitq.webm",
        "LinkMp3": "https://files.catbox.moe/v2t7ef.mp3"
    },
    {
        "animeEng": "My Roommate is a Cat",
        "animeRomaji": "D\u014dkyonin wa Hiza, Tokidoki, Atama no Ue.",
        "songName": "Unknown World",
        "artist": "Schr\u00f6dinger's Cat adding kotringo",
        "type": "Opening 1",
        "correctCount": 114,
        "startTime": 45,
        "songDuration": 89.52,
        "songNumber": 38,
        "activePlayerCount": 237,
        "LinkVideo": "https://files.catbox.moe/10vupz.webm",
        "LinkMp3": "https://files.catbox.moe/2j48zs.mp3"
    },
    {
        "animeEng": "Sky Girls",
        "animeRomaji": "Sky Girls",
        "songName": "Baby Tears",
        "artist": "Riyu Kosaka",
        "type": "Opening 1",
        "correctCount": 6,
        "startTime": 11,
        "songDuration": 95.112,
        "songNumber": 39,
        "activePlayerCount": 237,
        "LinkVideo": "https://files.catbox.moe/7cs1w6.webm",
        "LinkMp3": "https://files.catbox.moe/tclc8n.mp3"
    },
    {
        "animeEng": "Battle Spirits: Brave",
        "animeRomaji": "Battle Spirits: Brave",
        "songName": "free",
        "artist": "Karasu",
        "type": "Opening 1",
        "correctCount": 7,
        "startTime": 15,
        "songDuration": 88.55358,
        "songNumber": 40,
        "activePlayerCount": 238,
        "LinkVideo": "https://files.catbox.moe/fsorbj.webm",
        "LinkMp3": "https://files.catbox.moe/6m28x5.mp3"
    },
    {
        "animeEng": "Senki Zessh\u014d Symphogear AXZ",
        "animeRomaji": "Senki Zessh\u014d Symphogear AXZ",
        "songName": "UNLIMITED BEAT",
        "artist": "Nana Mizuki",
        "type": "Insert Song",
        "correctCount": 17,
        "startTime": 3,
        "songDuration": 191.04,
        "songNumber": 41,
        "activePlayerCount": 237,
        "LinkVideo": "https://files.catbox.moe/qdrkzl.webm",
        "LinkMp3": "https://files.catbox.moe/hc5154.mp3"
    },
    {
        "animeEng": "Great Mazinger tai Getter Robo",
        "animeRomaji": "Great Mazinger tai Getter Robo",
        "songName": "Y\u016bsha wa Mazinger",
        "artist": "Ichiro Mizuki & Columbia Yurikago-kai",
        "type": "Insert Song",
        "correctCount": 92,
        "startTime": 9,
        "songDuration": 56.04,
        "songNumber": 42,
        "activePlayerCount": 235,
        "LinkVideo": "https://files.catbox.moe/3cnxwf.webm",
        "LinkMp3": "https://files.catbox.moe/ip30gh.mp3"
    },
    {
        "animeEng": "Usuzumizakura -Garo-",
        "animeRomaji": "Usuzumizakura -Garo-",
        "songName": "Hitohira",
        "artist": "JAM Project",
        "type": "Ending 1",
        "correctCount": 1,
        "startTime": 56,
        "songDuration": 348.384,
        "songNumber": 43,
        "activePlayerCount": 234,
        "LinkVideo": "https://files.catbox.moe/f9tter.webm",
        "LinkMp3": "https://files.catbox.moe/0dbbvx.mp3",
        "correctPlayers": [
            "theyingster"
        ]
    },
    {
        "animeEng": "Fantastic Children",
        "animeRomaji": "Fantastic Children",
        "songName": "Mizu no Madoromi",
        "artist": "ORIGA",
        "type": "Ending 1",
        "correctCount": 2,
        "startTime": 36,
        "songDuration": 87.978896,
        "songNumber": 44,
        "activePlayerCount": 233,
        "LinkVideo": "https://files.catbox.moe/0bbm7a.webm",
        "LinkMp3": "https://files.catbox.moe/bf42pn.mp3",
        "correctPlayers": [
            "AnbuKakashi",
            "klusty"
        ]
    },
    {
        "animeEng": "The Rose of Versailles",
        "animeRomaji": "Versailles no Bara",
        "songName": "Bara wa Utsukushiku Chiru",
        "artist": "Hiroko Suzuki",
        "type": "Opening 1",
        "correctCount": 76,
        "startTime": 48,
        "songDuration": 89.04,
        "songNumber": 45,
        "activePlayerCount": 233,
        "LinkVideo": "https://files.catbox.moe/vbnswi.webm",
        "LinkMp3": "https://files.catbox.moe/u5lc45.mp3"
    },
    {
        "animeEng": "Drifters",
        "animeRomaji": "Drifters",
        "songName": "Gospel of the Throttle (Kyouhon REMIX ver.)",
        "artist": "Minutes Til Midnight",
        "type": "Opening 1",
        "correctCount": 151,
        "startTime": 41,
        "songDuration": 90.024,
        "songNumber": 46,
        "activePlayerCount": 233,
        "LinkVideo": "https://files.catbox.moe/ge98d6.webm",
        "LinkMp3": "https://files.catbox.moe/rghtcc.mp3"
    },
    {
        "animeEng": "Monthly Girls' Nozaki-kun",
        "animeRomaji": "Gekkan Sh\u014djo Nozaki-kun",
        "songName": "Uraomote Fortune",
        "artist": "Ari Ozawa",
        "type": "Ending 1",
        "correctCount": 116,
        "startTime": 43,
        "songDuration": 87.528,
        "songNumber": 47,
        "activePlayerCount": 233,
        "LinkVideo": "https://files.catbox.moe/qra34z.webm",
        "LinkMp3": "https://files.catbox.moe/8l8rzw.mp3"
    },
    {
        "animeEng": "Gravion",
        "animeRomaji": "Ch\u014dj\u016bshin Gravion",
        "songName": "Nageki no Rosario",
        "artist": "JAM Project featuring Masaaki Endoh",
        "type": "Opening 1",
        "correctCount": 14,
        "startTime": 39,
        "songDuration": 89.051425,
        "songNumber": 48,
        "activePlayerCount": 233,
        "LinkVideo": "https://files.catbox.moe/dykqxj.webm",
        "LinkMp3": "https://files.catbox.moe/8yxj5v.mp3"
    },
    {
        "animeEng": "DARLING in the FRANXX",
        "animeRomaji": "DARLING in the FRANXX",
        "songName": "Torikago",
        "artist": "XX:me",
        "type": "Ending 1",
        "correctCount": 124,
        "startTime": 59,
        "songDuration": 100.1552,
        "songNumber": 49,
        "activePlayerCount": 232,
        "LinkVideo": "https://files.catbox.moe/dwko3q.webm",
        "LinkMp3": "https://files.catbox.moe/ewru2k.mp3"
    },
    {
        "animeEng": "Dies irae",
        "animeRomaji": "Dies irae",
        "songName": "Chi no Refrain",
        "artist": "Yui Sakakibara",
        "type": "Insert Song",
        "correctCount": 57,
        "startTime": 0,
        "songDuration": 34.056,
        "songNumber": 50,
        "activePlayerCount": 232,
        "LinkVideo": "https://files.catbox.moe/a1sta8.webm",
        "LinkMp3": "https://files.catbox.moe/z9aqi6.mp3"
    },
    {
        "animeEng": "Pikachu and Pichu",
        "animeRomaji": "Pichu to Pikachu",
        "songName": "Pichu Pika\u266aSwing!",
        "artist": "Neo\u2605Pockets",
        "type": "Opening 1",
        "correctCount": 56,
        "startTime": 35,
        "songDuration": 97.056,
        "songNumber": 51,
        "activePlayerCount": 232,
        "LinkVideo": "https://files.catbox.moe/0c8qak.webm",
        "LinkMp3": "https://files.catbox.moe/mho240.mp3"
    },
    {
        "animeEng": "Hakumei and Mikochi: Tiny Little Life in the Woods",
        "animeRomaji": "Hakumei to Mikochi",
        "songName": "Minasoko no Rhythm",
        "artist": "Aoi Y\u016bki",
        "type": "Ending 2",
        "correctCount": 11,
        "startTime": 35,
        "songDuration": 77.064,
        "songNumber": 52,
        "activePlayerCount": 233,
        "LinkVideo": "https://files.catbox.moe/1m59qd.webm",
        "LinkMp3": "https://files.catbox.moe/yl5eix.mp3"
    },
    {
        "animeEng": "Kamigami no Ki",
        "animeRomaji": "Kamigami no Ki",
        "songName": "Kamigami wo Tataeru Uta",
        "artist": "Toshiyuki Morikawa",
        "type": "Opening 1",
        "correctCount": 19,
        "startTime": 0,
        "songDuration": 29.424,
        "songNumber": 53,
        "activePlayerCount": 233,
        "LinkVideo": "https://files.catbox.moe/q58cpa.webm",
        "LinkMp3": "https://files.catbox.moe/iqsrdj.mp3"
    },
    {
        "animeEng": "Ai Monogatari",
        "animeRomaji": "Ai Monogatari",
        "songName": "Uragiri no Machikado",
        "artist": "Kai Band",
        "type": "Insert Song",
        "correctCount": 1,
        "startTime": 5,
        "songDuration": 76.176,
        "songNumber": 54,
        "activePlayerCount": 232,
        "LinkVideo": "https://files.catbox.moe/pwz00o.webm",
        "LinkMp3": "https://files.catbox.moe/0mfuwo.mp3",
        "correctPlayers": [
            "BigDip123"
        ]
    },
    {
        "animeEng": "Prefectural Earth Defense Force",
        "animeRomaji": "Kenritsu Chiky\u016b B\u014deigun",
        "songName": "Kakurenbo",
        "artist": "Kiyoshir\u014d Imawano+CHAR",
        "type": "Ending 1",
        "correctCount": 1,
        "startTime": 31,
        "songDuration": 144.506904,
        "songNumber": 55,
        "activePlayerCount": 232,
        "LinkVideo": "https://files.catbox.moe/zpey7y.webm",
        "LinkMp3": "https://files.catbox.moe/5ahdn4.mp3",
        "correctPlayers": [
            "theyingster"
        ]
    },
    {
        "animeEng": "Dororon Enma-kun",
        "animeRomaji": "Dororon Enma-kun",
        "songName": "Be Careful of Ghosts",
        "artist": "Chika Nakayama",
        "type": "Ending 1",
        "correctCount": 11,
        "startTime": 6,
        "songDuration": 58.512,
        "songNumber": 56,
        "activePlayerCount": 233,
        "LinkVideo": "https://files.catbox.moe/xr68ai.webm",
        "LinkMp3": "https://files.catbox.moe/fscymx.mp3"
    },
    {
        "animeEng": "Blue Exorcist",
        "animeRomaji": "Ao no Exorcist",
        "songName": "IN MY WORLD",
        "artist": "ROOKiEZ is PUNK'D",
        "type": "Opening 2",
        "correctCount": 142,
        "startTime": 6,
        "songDuration": 89.472,
        "songNumber": 57,
        "activePlayerCount": 233,
        "LinkVideo": "https://files.catbox.moe/l0yogp.webm",
        "LinkMp3": "https://files.catbox.moe/r37jt9.mp3"
    },
    {
        "animeEng": "Dororon Enma-kun",
        "animeRomaji": "Dororon Enma-kun",
        "songName": "Dororon Enma-kun",
        "artist": "Chika Nakayama",
        "type": "Opening 1",
        "correctCount": 78,
        "startTime": 15,
        "songDuration": 63.216,
        "songNumber": 58,
        "activePlayerCount": 233,
        "LinkVideo": "https://files.catbox.moe/bc7q3p.webm",
        "LinkMp3": "https://files.catbox.moe/6c9kr3.mp3"
    },
    {
        "animeEng": "Meteor Team Musumet",
        "animeRomaji": "Ryusei Sentai Musumet",
        "songName": "Ai no Senkou",
        "artist": "Ayano Matsumoto, Chiaki Osawa & Akiko Kawase",
        "type": "Opening 1",
        "correctCount": 5,
        "startTime": 36,
        "songDuration": 73.512,
        "songNumber": 59,
        "activePlayerCount": 230,
        "LinkVideo": "https://files.catbox.moe/b1l09f.webm",
        "LinkMp3": "https://files.catbox.moe/svnt72.mp3",
        "correctPlayers": [
            "Rent_A_Chizuru",
            "theyingster",
            "Rukawa11",
            "hokuto",
            "klusty"
        ]
    },
    {
        "animeEng": "Asura Cryin'",
        "animeRomaji": "Asura Cryin'",
        "songName": "Spiral",
        "artist": "angela",
        "type": "Opening 1",
        "correctCount": 63,
        "startTime": 26,
        "songDuration": 88.848,
        "songNumber": 60,
        "activePlayerCount": 230,
        "LinkVideo": "https://files.catbox.moe/nahpna.webm",
        "LinkMp3": "https://files.catbox.moe/76q1y5.mp3"
    },
    {
        "animeEng": "Mobile Suit Gundam: Iron-Blooded Orphans",
        "animeRomaji": "G-Tekketsu",
        "songName": "Survivor",
        "artist": "BLUE ENCOUNT",
        "type": "Opening 2",
        "correctCount": 64,
        "startTime": 25,
        "songDuration": 90.12,
        "songNumber": 61,
        "activePlayerCount": 229,
        "LinkVideo": "https://files.catbox.moe/741tx6.webm",
        "LinkMp3": "https://files.catbox.moe/skclfj.mp3"
    },
    {
        "animeEng": "Tonkatsu DJ Agetar\u014d",
        "animeRomaji": "Tonkatsu DJ Agetar\u014d",
        "songName": "Check the Back Up",
        "artist": "Daisuke Fujiwara",
        "type": "Ending 1",
        "correctCount": 36,
        "startTime": 7,
        "songDuration": 67.473126,
        "songNumber": 62,
        "activePlayerCount": 229,
        "LinkVideo": "https://files.catbox.moe/0112hj.webm",
        "LinkMp3": "https://files.catbox.moe/ivaak9.mp3"
    },
    {
        "animeEng": "Tantei Opera Milky Holmes: Fun Fun Party Night - Ken to Janet no Okurimono",
        "animeRomaji": "Tantei Opera Milky Holmes: Fun Fun Party Night - Ken to Janet no Okurimono",
        "songName": "Fun Fun Party Night\u266a",
        "artist": "Milky Holmes",
        "type": "Ending 1",
        "correctCount": 6,
        "startTime": 43,
        "songDuration": 102.408,
        "songNumber": 63,
        "activePlayerCount": 229,
        "LinkVideo": "https://files.catbox.moe/vptdvk.webm",
        "LinkMp3": "https://files.catbox.moe/n8rkm8.mp3"
    },
    {
        "animeEng": "Heaven's Lost Property Final: Eternal My Master",
        "animeRomaji": "Sora no Otoshimono Final: Eternal My Master",
        "songName": "ERASE",
        "artist": "blue drops",
        "type": "Insert Song",
        "correctCount": 6,
        "startTime": 21,
        "songDuration": 105.428392,
        "songNumber": 64,
        "activePlayerCount": 227,
        "LinkVideo": "https://files.catbox.moe/sgbayb.webm",
        "LinkMp3": "https://files.catbox.moe/mb02vn.mp3"
    },
    {
        "animeEng": "Ghost Slayers Ayashi",
        "animeRomaji": "Tenp\u014d Ibun Ayakashi Ayashi",
        "songName": "LONE STAR",
        "artist": "Captain Straydum",
        "type": "Opening 2",
        "correctCount": 4,
        "startTime": 34,
        "songDuration": 97.069352,
        "songNumber": 65,
        "activePlayerCount": 227,
        "LinkVideo": "https://files.catbox.moe/4butfp.webm",
        "LinkMp3": "https://files.catbox.moe/qylrjm.mp3",
        "correctPlayers": [
            "vovoxpertz",
            "GundamOnly",
            "Rukawa11",
            "klusty"
        ]
    },
    {
        "animeEng": "Hakata Tonkotsu Ramens",
        "animeRomaji": "Hakata Tonkotsu Ramens",
        "songName": "Stray",
        "artist": "Kishida Ky\u014ddan &THE Akeboshi Rockets",
        "type": "Opening 1",
        "correctCount": 79,
        "startTime": 51,
        "songDuration": 90.072,
        "songNumber": 66,
        "activePlayerCount": 227,
        "LinkVideo": "https://files.catbox.moe/u3bbgl.webm",
        "LinkMp3": "https://files.catbox.moe/crobdq.mp3"
    },
    {
        "animeEng": "School Rumble: 2nd Semester",
        "animeRomaji": "School Rumble Ni Gakki",
        "songName": "Kimi e ~Kaze ni Nosete~",
        "artist": "Hiroki Takahashi",
        "type": "Insert Song",
        "correctCount": 11,
        "startTime": 4,
        "songDuration": 54.141,
        "songNumber": 67,
        "activePlayerCount": 227,
        "LinkVideo": "https://files.catbox.moe/dfvspd.webm"
    },
    {
        "animeEng": "Starship Girl Yamamoto Yohko",
        "animeRomaji": "Soreyuke! Uch\u016b Senkan Yamamoto Yohko",
        "songName": "Shake it",
        "artist": "Masami Okui",
        "type": "Ending 1",
        "correctCount": 4,
        "startTime": 76,
        "songDuration": 147.072,
        "songNumber": 68,
        "activePlayerCount": 227,
        "LinkVideo": "https://files.catbox.moe/qgopsn.webm",
        "LinkMp3": "https://files.catbox.moe/qz1ns4.mp3",
        "correctPlayers": [
            "asleep",
            "Beokros",
            "Shuuka",
            "Legend_"
        ]
    },
    {
        "animeEng": "Go! Go! 575",
        "animeRomaji": "Go! Go! 575",
        "songName": "Kotoba Colorful",
        "artist": "Utayome 575",
        "type": "Opening 1",
        "correctCount": 54,
        "startTime": 0,
        "songDuration": 29.16,
        "songNumber": 69,
        "activePlayerCount": 227,
        "LinkVideo": "https://files.catbox.moe/h4ztcz.webm",
        "LinkMp3": "https://files.catbox.moe/dxhkr5.mp3"
    },
    {
        "animeEng": "Revolutionary Girl Utena",
        "animeRomaji": "Sh\u014djo Kakumei Utena",
        "songName": "when where who which",
        "artist": "Suginami Jidou Gasshou-dan, Maki Kamiya, Kunihiko Ikuhara, Shinkichi Mitsumune",
        "type": "Insert Song",
        "correctCount": 53,
        "startTime": 53,
        "songDuration": 94.32,
        "songNumber": 70,
        "activePlayerCount": 225,
        "LinkVideo": "https://files.catbox.moe/co6qlt.webm",
        "LinkMp3": "https://files.catbox.moe/936ew6.mp3"
    },
    {
        "animeEng": "Aikatsu!",
        "animeRomaji": "Aikatsu!",
        "songName": "Arabian Romance",
        "artist": "Eri\u30fbWaka from STAR\u2606ANIS",
        "type": "Insert Song",
        "correctCount": 67,
        "startTime": 26,
        "songDuration": 120.264,
        "songNumber": 71,
        "activePlayerCount": 224,
        "LinkVideo": "https://files.catbox.moe/42dge9.webm",
        "LinkMp3": "https://files.catbox.moe/l9cejr.mp3"
    },
    {
        "animeEng": "Saint October",
        "animeRomaji": "Saint October",
        "songName": "Wheel of fortune",
        "artist": "Goth-Loli Sh\u014djo Tantei-dan",
        "type": "Opening 1",
        "correctCount": 6,
        "startTime": 53,
        "songDuration": 88.42297,
        "songNumber": 72,
        "activePlayerCount": 224,
        "LinkVideo": "https://files.catbox.moe/ebl7cp.webm",
        "LinkMp3": "https://files.catbox.moe/clco7t.mp3"
    },
    {
        "animeEng": "The Big O",
        "animeRomaji": "The Big O",
        "songName": "Big-O!",
        "artist": "Rui Nagai",
        "type": "Opening 2",
        "correctCount": 71,
        "startTime": 32,
        "songDuration": 66.297636,
        "songNumber": 73,
        "activePlayerCount": 222,
        "LinkVideo": "https://files.catbox.moe/q65joi.webm",
        "LinkMp3": "https://files.catbox.moe/3feya3.mp3"
    },
    {
        "animeEng": "Re:ZERO -Starting Life in Another World-",
        "animeRomaji": "Re:Zero kara Hajimeru Isekai Seikatsu",
        "songName": "Believe in you",
        "artist": "nonoc",
        "type": "Ending 3",
        "correctCount": 67,
        "startTime": 54,
        "songDuration": 89.064,
        "songNumber": 74,
        "activePlayerCount": 221,
        "LinkVideo": "https://files.catbox.moe/e52qsw.webm",
        "LinkMp3": "https://files.catbox.moe/s7qxe4.mp3"
    },
    {
        "animeEng": "A3! Season Autumn & Winter",
        "animeRomaji": "A3! Season Autumn & Winter",
        "songName": "Thawing",
        "artist": "Fuyu-gumi",
        "type": "Ending 2",
        "correctCount": 10,
        "startTime": 24,
        "songDuration": 89.904,
        "songNumber": 75,
        "activePlayerCount": 219,
        "LinkVideo": "https://files.catbox.moe/zp8mj0.webm",
        "LinkMp3": "https://files.catbox.moe/jre6m1.mp3"
    }
]