[
    {
        "anime": "M.U.S.C.L.E.",
        "name": "Kinnikuman GO FIGHT!",
        "artist": "Akira Kushida",
        "type": "Opening 1",
        "correctCount": 70
    },
    {
        "anime": "Re:Stage! Dream Days",
        "name": "Brilliant Wings",
        "artist": "Stellamaris",
        "type": "Opening 1",
        "correctCount": 15
    },
    {
        "anime": "Vexille - 2077 Isolation of Japan",
        "name": "Close Your Eyes",
        "artist": "Basement Jaxx",
        "type": "Opening 1",
        "correctCount": 3
    },
    {
        "anime": "Chihayafuru 2",
        "name": "YOUTHFUL ~from Studio Yamato~",
        "artist": "99RadioService",
        "type": "Ending 2",
        "correctCount": 146
    },
    {
        "anime": "Real Drive",
        "name": "Katahiza no Yogore",
        "artist": "LAST ALLIANCE",
        "type": "Ending 1",
        "correctCount": 15
    },
    {
        "anime": "Noragami Aragoto",
        "name": "Nirvana",
        "artist": "Tia",
        "type": "Ending 1",
        "correctCount": 104
    },
    {
        "anime": "Dragon Ball Z: Super Android 13!",
        "name": "CHA-LA HEAD-CHA-LA",
        "artist": "Hironobu Kageyama",
        "type": "Opening 1",
        "correctCount": 173
    },
    {
        "anime": "Haven't You Heard? I'm Sakamoto",
        "name": "COOLEST",
        "artist": "CustomiZ",
        "type": "Opening 1",
        "correctCount": 144
    },
    {
        "anime": "Macross Frontier",
        "name": "Triangler",
        "artist": "Maaya Sakamoto",
        "type": "Opening 1",
        "correctCount": 62
    },
    {
        "anime": "Mezzo",
        "name": "Suki Mami Mai Tai",
        "artist": "BARNABYS",
        "type": "Opening 1",
        "correctCount": 2
    },
    {
        "anime": "Kirakira \u2606 Precure a la Mode",
        "name": "Petit*Party\u221eScience",
        "artist": "Haruka Fukuhara",
        "type": "Insert Song",
        "correctCount": 2
    },
    {
        "anime": "Happy Lucky Bikkuriman",
        "name": "Obahan no Hitorigoto",
        "artist": "Mayumi Tanaka",
        "type": "Ending 2",
        "correctCount": 0
    },
    {
        "anime": "Stars Align",
        "name": "Kago no Naka no Bokura wa",
        "artist": "AIKI from bless4",
        "type": "Ending 1",
        "correctCount": 66
    },
    {
        "anime": "THE IDOLM@STER Cinderella Girls",
        "name": "Yume-iro Harmony",
        "artist": "CINDERELLA PROJECT",
        "type": "Ending 1",
        "correctCount": 25
    },
    {
        "anime": "Show By Rock!!",
        "name": "Seishun wa Non-Stop!",
        "artist": "Plasmagica",
        "type": "Opening 2",
        "correctCount": 41
    },
    {
        "anime": "Seiren",
        "name": "Shunkan Happening",
        "artist": "Ayane Sakura",
        "type": "Ending 1",
        "correctCount": 15
    },
    {
        "anime": "Gintama",
        "name": "Chome Kou Nanza Kuso Kurae!",
        "artist": "Mikako Takahashi",
        "type": "Insert Song",
        "correctCount": 62
    },
    {
        "anime": "Aria the Avvenire",
        "name": "Lumis Eterne",
        "artist": "Eri Kawai",
        "type": "Insert Song",
        "correctCount": 5
    },
    {
        "anime": "Orange",
        "name": "Mirai",
        "artist": "Kobukuro",
        "type": "Ending 1",
        "correctCount": 77
    },
    {
        "anime": "Neon Genesis Evangelion",
        "name": "Fly Me to the Moon (Yoko Takahashi Acid Bossa Version)",
        "artist": "Yoko Takahashi",
        "type": "Ending 6",
        "correctCount": 152
    },
    {
        "anime": "Grandizer, Getter Robot G, Great Mazinger Decisive Battle! The Great Sea Monster",
        "name": "Tobe! Grendizer",
        "artist": "Isao Sasaki, Columbia Yurikago-kai and Koorogi '73",
        "type": "Insert Song",
        "correctCount": 16
    },
    {
        "anime": "A Silent Voice",
        "name": "Koi wo Shita no wa",
        "artist": "aiko",
        "type": "Ending 1",
        "correctCount": 106
    },
    {
        "anime": "Tayutama - Kiss on My Deity",
        "name": "Towa no Koi",
        "artist": "UMA",
        "type": "Insert Song",
        "correctCount": 8
    },
    {
        "anime": "Granblue Fantasy the Animation",
        "name": "GO",
        "artist": "BUMP OF CHICKEN",
        "type": "Opening 1",
        "correctCount": 86
    },
    {
        "anime": "Cautious Hero: The Hero Is Overpowered But Overly Cautious",
        "name": "be perfect, plz!",
        "artist": "Riko Azuna",
        "type": "Ending 1",
        "correctCount": 70
    },
    {
        "anime": "Arakawa Under the Bridge \u00d7 Bridge",
        "name": "Sakasama Bridge",
        "artist": "Suneohair",
        "type": "Ending 2",
        "correctCount": 65
    },
    {
        "anime": "Kaleido Star: Legend of Phoenix - Layla Hamilton Story",
        "name": "Ray of Light",
        "artist": "Sayaka Ohara",
        "type": "Opening 1",
        "correctCount": 13
    },
    {
        "anime": "RS Project",
        "name": "Crush",
        "artist": "Pendulum",
        "type": "Ending 1",
        "correctCount": 5
    },
    {
        "anime": "Natsume's Book of Friends",
        "name": "Issei no Sei",
        "artist": "Sh\u016bhei Kita",
        "type": "Opening 1",
        "correctCount": 72
    },
    {
        "anime": "Ushio & Tora",
        "name": "Sh\u016bgawari no Kiseki no Shinwa",
        "artist": "Kinniku Sh\u014djo Tai",
        "type": "Opening 1",
        "correctCount": 52
    },
    {
        "anime": "Blade of the Immortal",
        "name": "SURVIVE OF VISION",
        "artist": "Kiyoharu",
        "type": "Opening 1",
        "correctCount": 36
    },
    {
        "anime": "My Neighbor Totoro",
        "name": "Sanpo",
        "artist": "Azumi Inoue",
        "type": "Opening 1",
        "correctCount": 104
    },
    {
        "anime": "Gall Force 3 - Stardust War",
        "name": "Bottom Line",
        "artist": "PEARL",
        "type": "Ending 1",
        "correctCount": 0
    },
    {
        "anime": "Drifters",
        "name": "Gospel of the Throttle (Kyouhon REMIX ver.)",
        "artist": "Minutes Til Midnight",
        "type": "Opening 1",
        "correctCount": 137
    },
    {
        "anime": "Put it all in the Ring",
        "name": "Asu e no T\u014dshi",
        "artist": "Marina del ray",
        "type": "Opening 1",
        "correctCount": 23
    },
    {
        "anime": "Inazuma Eleven GO Galaxy",
        "name": "Supernova!",
        "artist": "T-Pistonz+KMC",
        "type": "Opening 3",
        "correctCount": 21
    },
    {
        "anime": "Gatchaman Crowds Insight",
        "name": "Insight",
        "artist": "WHITE ASH",
        "type": "Opening 1",
        "correctCount": 56
    },
    {
        "anime": "Goku Sayonara Zetsub\u014d Sensei",
        "name": "Kuusou Rumba Rap",
        "artist": "Kenji \u014ctsuki to Zetsub\u014d Sh\u014djo-tachi feat. Rap-bit",
        "type": "Opening 2",
        "correctCount": 34
    },
    {
        "anime": "Tekkaman Blade",
        "name": "Reason",
        "artist": "Yumiko Kosaka",
        "type": "Opening 1",
        "correctCount": 17
    },
    {
        "anime": "Girls & Panzer",
        "name": "DreamRiser",
        "artist": "ChouCho",
        "type": "Opening 1",
        "correctCount": 58
    },
    {
        "anime": "Gugure! Kokkuri-san",
        "name": "Welcome!! DISCO Kemokemoke",
        "artist": "Daisuke Ono, Takahiro Sakurai, Jouji Nakata",
        "type": "Ending 2",
        "correctCount": 87
    },
    {
        "anime": "Scorching Ping Pong Girls",
        "name": "V Ji Joushou Victory",
        "artist": "Suzumegahara Ch\u016bgaku Takky\u016b-bu",
        "type": "Insert Song",
        "correctCount": 27
    },
    {
        "anime": "Digimon: Data Squad",
        "name": "One Star",
        "artist": "Ito Yousuke",
        "type": "Ending 1",
        "correctCount": 21
    },
    {
        "anime": "Frame Arms Girl Movie: Kyakkya Ufufu na Wonderland",
        "name": "GIRL-MIND",
        "artist": "Minami Kabayama & Hibiku Yamamura",
        "type": "Insert Song",
        "correctCount": 9
    },
    {
        "anime": "Zoku T\u014dken Ranbu: Hanamaru.",
        "name": "Hanamaru In no Hi no Moto de",
        "artist": "Mitsuhiro Ichiki & Toshiki Masuda",
        "type": "Ending 12",
        "correctCount": 15
    },
    {
        "anime": "MIX",
        "name": "Equal",
        "artist": "sumika",
        "type": "Opening 1",
        "correctCount": 41
    },
    {
        "anime": "Fastest Finger First",
        "name": "On My MiND",
        "artist": "Mrs. Green Apple",
        "type": "Opening 1",
        "correctCount": 80
    },
    {
        "anime": "Good Luck Girl!",
        "name": "Make my Day!",
        "artist": "Piko",
        "type": "Ending 2",
        "correctCount": 120
    },
    {
        "anime": "Cuticle Detective Inaba",
        "name": "Prima Stella",
        "artist": "Toru Ohkawa",
        "type": "Ending 1",
        "correctCount": 6
    },
    {
        "anime": "Akame ga KILL!",
        "name": "Skyreach",
        "artist": "Sora Amamiya",
        "type": "Opening 1",
        "correctCount": 121
    },
    {
        "anime": "Saekano: How to Raise a Boring Girlfriend",
        "name": "Kimi-iro Signal",
        "artist": "Luna Haruna",
        "type": "Opening 1",
        "correctCount": 91
    },
    {
        "anime": "Transformers: Zone",
        "name": "Transformers Zone Theme",
        "artist": "Ichiro Mizuki",
        "type": "Opening 1",
        "correctCount": 95
    },
    {
        "anime": "Non Non Biyori Repeat",
        "name": "Okaeri",
        "artist": "Ayane Sakura, Kana Asumi, Kotori Koiwai, Rie Murakawa",
        "type": "Ending 1",
        "correctCount": 53
    },
    {
        "anime": "Death Parade",
        "name": "Last Theater",
        "artist": "NoisyCell",
        "type": "Ending 1",
        "correctCount": 114
    },
    {
        "anime": "Suzakinishi THE ANIMATION",
        "name": "Smile\u2606Revolution",
        "artist": "SuzakiNishi",
        "type": "Opening 1",
        "correctCount": 12
    },
    {
        "anime": "I Give My All",
        "name": "Minna Agechau\u2665",
        "artist": "Irene & Erika",
        "type": "Ending 1",
        "correctCount": 0
    },
    {
        "anime": "Dragon Ball Super: Broly",
        "name": "Blizzard",
        "artist": "Daichi Miura",
        "type": "Ending 1",
        "correctCount": 69
    },
    {
        "anime": "The Asterisk War",
        "name": "Hold you in the wind",
        "artist": "Rasmus Faber feat.Emily McEwan",
        "type": "Insert Song",
        "correctCount": 50
    },
    {
        "anime": "Legendz: Tale of the Dragon Kings",
        "name": "Dounimo Tomaranai ~Nonstop~",
        "artist": "Brenda Vaughn",
        "type": "Ending 1",
        "correctCount": 0
    },
    {
        "anime": "Futari wa Pretty Cure Max Heart",
        "name": "DANZEN! Futari wa Precure! (Ver.Max Heart)",
        "artist": "Mayumi Gojo",
        "type": "Opening 1",
        "correctCount": 45
    },
    {
        "anime": "Transformers: Beast Wars II: The Movie",
        "name": "My Shooting Star",
        "artist": "Current of Air",
        "type": "Ending 1",
        "correctCount": 1
    },
    {
        "anime": "Gravion",
        "name": "Nageki no Rosario",
        "artist": "JAM Project featuring Masaaki Endoh",
        "type": "Ending 1",
        "correctCount": 8
    },
    {
        "anime": "The Disappearance of Nagato Yuki-chan",
        "name": "giragira shake",
        "artist": "Tomokazu Sugita",
        "type": "Insert Song",
        "correctCount": 10
    },
    {
        "anime": "The Royal Tutor",
        "name": "Shoppai Namida",
        "artist": "Sh\u014dgo Sakamoto",
        "type": "Opening 1",
        "correctCount": 39
    },
    {
        "anime": "Maria Holic",
        "name": "HANAJI",
        "artist": "Yu Kobayashi",
        "type": "Opening 1",
        "correctCount": 95
    },
    {
        "anime": "Koyomimonogatari",
        "name": "perfect slumbers",
        "artist": "Yui Horie",
        "type": "Opening 1",
        "correctCount": 143
    },
    {
        "anime": "My Little Monster",
        "name": "Q&A Recital!",
        "artist": "Haruka Tomatsu",
        "type": "Opening 1",
        "correctCount": 128
    },
    {
        "anime": "Sgt. Frog",
        "name": "Kero! to March <Shoutai Ver.>",
        "artist": "Keroro Shoutai",
        "type": "Opening 10",
        "correctCount": 114
    },
    {
        "anime": "Digimon Adventure tri.- Chapter 4: Loss",
        "name": "Butter-Fly~tri.Version~",
        "artist": "Kouji Wada",
        "type": "Opening 1",
        "correctCount": 120
    },
    {
        "anime": "This Boy is a Professional Wizard",
        "name": "Kimi no Kotoba",
        "artist": "Shouta Aoi",
        "type": "Opening 1",
        "correctCount": 6
    },
    {
        "anime": "Bakuman.",
        "name": "Blue Bird",
        "artist": "Kobukuro",
        "type": "Opening 1",
        "correctCount": 112
    },
    {
        "anime": "Namuamidabutsu! -Utena-",
        "name": "Sorauta",
        "artist": "Masaaki Mizunaka",
        "type": "Opening 1",
        "correctCount": 6
    },
    {
        "anime": "Cheer Boys!!",
        "name": "Cheer to the Sky",
        "artist": "Pon",
        "type": "Insert Song",
        "correctCount": 22
    },
    {
        "anime": "Dream Festival!",
        "name": "2032",
        "artist": "Souma Ishihara, Takuya Mizoguchi",
        "type": "Insert Song",
        "correctCount": 4
    },
    {
        "anime": "Dropkick on My Devil!!",
        "name": "Home Sweet Home!",
        "artist": "Yutaro Miura",
        "type": "Ending 1",
        "correctCount": 33
    }
]