[
    {
        "anime": "Tsurune: Kazemai K\u014dk\u014d Ky\u016bd\u014d-bu",
        "name": "Naru",
        "artist": "Luck Life",
        "type": "Opening 1",
        "correctCount": 34
    },
    {
        "anime": "Love Hina X'mas Special - Silent Eve",
        "name": "Sakura Saku",
        "artist": "Megumi Hayashibara",
        "type": "Opening 1",
        "correctCount": 78
    },
    {
        "anime": "Rurouni Kenshin",
        "name": "Sobakasu",
        "artist": "Judy & Mary",
        "type": "Opening 1",
        "correctCount": 80
    },
    {
        "anime": "Samurai Jam -Bakumatsu Rock-",
        "name": "Rolling Thunder",
        "artist": "Kish\u014d Taniyama, Tatsuhisa Suzuki, Showtaro Morikubo",
        "type": "Insert Song",
        "correctCount": 4
    },
    {
        "anime": "Mr. Osomatsu",
        "name": "Let's Go! Muttsu Go! ~6-Shoku no Niji~",
        "artist": "ROOTS66 Party with Matsuno 6 Kyoudai",
        "type": "Ending 1",
        "correctCount": 73
    },
    {
        "anime": "Amazing Nuts!",
        "name": "Here by my side",
        "artist": "mink for Joe and Marilyn",
        "type": "Opening 3",
        "correctCount": 0
    },
    {
        "anime": "Beyond the Boundary -I'LL BE HERE- Past",
        "name": "Daisy",
        "artist": "STEREO DIVE FOUNDATION",
        "type": "Ending 1",
        "correctCount": 87
    },
    {
        "anime": "Sands of Destruction",
        "name": "ZERO",
        "artist": "AAA",
        "type": "Opening 1",
        "correctCount": 15
    },
    {
        "anime": "Zoku Owarimonogatari",
        "name": "07734",
        "artist": "Satoru Kosaki, mito feat. Hiroshi Kamiya",
        "type": "Opening 1",
        "correctCount": 69
    },
    {
        "anime": "Kaikan Phrase",
        "name": "Datenshi BLUE",
        "artist": "\u039bucifer",
        "type": "Opening 2",
        "correctCount": 7
    },
    {
        "anime": "New Game!",
        "name": "Now Loading!!!!",
        "artist": "fourfolium",
        "type": "Ending 1",
        "correctCount": 80
    },
    {
        "anime": "Hellsing",
        "name": "Daiseidou no Bosatsu",
        "artist": "Yasushi Ishii Featuring Tatsuo Tabei",
        "type": "Insert Song",
        "correctCount": 21
    },
    {
        "anime": "Sarazanmai",
        "name": "Kawauso Iya",
        "artist": "Mamoru Miyano & Yoshimasa Hosoya",
        "type": "Insert Song",
        "correctCount": 54
    },
    {
        "anime": "Lemon Angel Project",
        "name": "Evolution",
        "artist": "Dai-II-Ki Lemon Angel",
        "type": "Insert Song",
        "correctCount": 5
    },
    {
        "anime": "Kirakira \u2606 Precure a la Mode",
        "name": "Soul Believer",
        "artist": "Machico",
        "type": "Insert Song",
        "correctCount": 11
    },
    {
        "anime": "Midnight occult civil servants",
        "name": "Yakusoku no Overture",
        "artist": "Shun'ichi Toki",
        "type": "Ending 1",
        "correctCount": 3
    },
    {
        "anime": "Tribe Cool Crew",
        "name": "HEARTBEAT",
        "artist": "lol",
        "type": "Opening 1",
        "correctCount": 2
    },
    {
        "anime": "The World's Greatest First Love",
        "name": "Sekai de Ichiban Koishiteru",
        "artist": "Shuhei Kita",
        "type": "Opening 1",
        "correctCount": 20
    },
    {
        "anime": "Gunbuster",
        "name": "Otoko to Onna no Love Game",
        "artist": "Norio Wakamoto & Rei Sakuma",
        "type": "Insert Song",
        "correctCount": 19
    },
    {
        "anime": "Chivalry of a Failed Knight",
        "name": "Identity",
        "artist": "Mikio Sakai",
        "type": "Opening 1",
        "correctCount": 100
    },
    {
        "anime": "Neppu Kairiku Bushi Road",
        "name": "Neppuu Kairiku Bushi Road ~Atsuki Houkou~",
        "artist": "Masatoshi Ono",
        "type": "Ending 1",
        "correctCount": 4
    },
    {
        "anime": "Dance with Devils: Fortuna",
        "name": "KING & QUEEN",
        "artist": "Wataru Hatano",
        "type": "Ending 1",
        "correctCount": 1
    },
    {
        "anime": "Attack on Titan Season 3",
        "name": "Red Swan",
        "artist": "YOSHIKI feat. HYDE",
        "type": "Opening 1",
        "correctCount": 115
    },
    {
        "anime": "Pok\u00e9mon 4Ever",
        "name": "Ashita Tenki Shite o Kure",
        "artist": "Fuuji Fumiya",
        "type": "Ending 1",
        "correctCount": 6
    },
    {
        "anime": "The Demon Girl Next Door",
        "name": "Yoimachi Cantare",
        "artist": "K\u014dro Machikado",
        "type": "Ending 1",
        "correctCount": 39
    },
    {
        "anime": "Code Geass: Lelouch of the Rebellion Movies",
        "name": "WORLD END",
        "artist": "FLOW",
        "type": "Opening 3",
        "correctCount": 105
    },
    {
        "anime": "Durarara!! \u00d72 The First Arc",
        "name": "rain tears",
        "artist": "Saki Fujita",
        "type": "Insert Song",
        "correctCount": 68
    },
    {
        "anime": "Pok\u00e9mon Sun & Moon",
        "name": "Kimi no B\u014dken",
        "artist": "Taiiku Okazaki",
        "type": "Opening 4",
        "correctCount": 35
    },
    {
        "anime": "The Irregular at Magic High School",
        "name": "grilletto",
        "artist": "GARNiDELiA",
        "type": "Opening 2",
        "correctCount": 76
    },
    {
        "anime": "Bus Gamer",
        "name": "NO NAME",
        "artist": "Team 'AAA'",
        "type": "Opening 1",
        "correctCount": 9
    },
    {
        "anime": "The Super Dimension Century Orguss",
        "name": "Hyouryuu Sky Hurricane",
        "artist": "Casey Rankin",
        "type": "Opening 1",
        "correctCount": 7
    },
    {
        "anime": "Dan Detective School Q",
        "name": "100% Pure",
        "artist": "Pipo\u2606Angels",
        "type": "Opening 3",
        "correctCount": 9
    },
    {
        "anime": "Tales from Earthsea",
        "name": "Toki no Uta",
        "artist": "Aoi Teshima",
        "type": "Ending 1",
        "correctCount": 5
    },
    {
        "anime": "Strawberry Eggs",
        "name": "White Station",
        "artist": "Ace File",
        "type": "Ending 1",
        "correctCount": 2
    },
    {
        "anime": "Descendants of Darkness",
        "name": "EDEN",
        "artist": "TO DESTINATION",
        "type": "Opening 1",
        "correctCount": 9
    },
    {
        "anime": "And you thought there is never a girl online?",
        "name": "Zero Ichi Kiseki",
        "artist": "Yoshino Nanjou",
        "type": "Ending 1",
        "correctCount": 29
    },
    {
        "anime": "Magical Girl Spec-Ops Asuka",
        "name": "REBEL FLAG",
        "artist": "GARNiDELiA",
        "type": "Ending 1",
        "correctCount": 14
    },
    {
        "anime": "Occultic;Nine",
        "name": "Seis\u016b 3 no Nij\u014d",
        "artist": "Kanako It\u014d",
        "type": "Opening 1",
        "correctCount": 60
    },
    {
        "anime": "Slam Dunk",
        "name": "Kimi ga Suki da to Sakebitai",
        "artist": "BAAD",
        "type": "Opening 1",
        "correctCount": 54
    },
    {
        "anime": "The Hunter of the Witch",
        "name": "cazador del amor",
        "artist": "FictionJunction YUUKA",
        "type": "Insert Song",
        "correctCount": 4
    },
    {
        "anime": "Him\u014dto! Umaru-chan R",
        "name": "Umarun Tais\u014d",
        "artist": "SisterS",
        "type": "Ending 1",
        "correctCount": 86
    },
    {
        "anime": "School Days",
        "name": "Innocent Blue",
        "artist": "DeviceHigh",
        "type": "Opening 1",
        "correctCount": 55
    },
    {
        "anime": "Sora no Manimani",
        "name": "Super Noisy Nova",
        "artist": "Sphere",
        "type": "Ending 3",
        "correctCount": 4
    },
    {
        "anime": "The Melancholy of Haruhi Suzumiya",
        "name": "Hare Hare Yukai",
        "artist": "Aya Hirano, Minori Chihara, Yuko Goto",
        "type": "Ending 1",
        "correctCount": 118
    },
    {
        "anime": "Tobidasu PriPara ~Miina de Mezase! Idol Grand Prix",
        "name": "Marble Make up a-ha-ha!",
        "artist": "Himika Akaneya & Y\u016b Serizawa",
        "type": "Insert Song",
        "correctCount": 27
    },
    {
        "anime": "Iria: Zeiram the Animation",
        "name": "Yume wa Toi Keredo",
        "artist": "SAEKO",
        "type": "Ending 1",
        "correctCount": 1
    },
    {
        "anime": "Revolutionary Girl Utena: The Movie",
        "name": "Rondo -revolution",
        "artist": "Masami Okui",
        "type": "Insert Song",
        "correctCount": 62
    },
    {
        "anime": "Mekakucity Actors",
        "name": "Kagerou Daze",
        "artist": "Jin ft. Sh\u014dichi Taguchi from Sentimental Vector",
        "type": "Insert Song",
        "correctCount": 82
    },
    {
        "anime": "Tales of Zestiria the X",
        "name": "Kaze no Uta",
        "artist": "FLOW",
        "type": "Insert Song",
        "correctCount": 85
    },
    {
        "anime": "Binan K\u014dk\u014d Chiky\u016b B\u014dei-bu Happy Kiss!",
        "name": "HAPPY READY?????",
        "artist": "Chikyuu Bouei-bu HK",
        "type": "Insert Song",
        "correctCount": 21
    },
    {
        "anime": "Pok\u00e9mon: The Rise of Darkrai",
        "name": "Living in the Shadow",
        "artist": "Chris \"Breeze\" Barczynski",
        "type": "Ending 2",
        "correctCount": 5
    },
    {
        "anime": "My Hero Academia",
        "name": "THE DAY",
        "artist": "Porno Graffitti",
        "type": "Opening 1",
        "correctCount": 132
    },
    {
        "anime": "W~Wish",
        "name": "KIZUNA",
        "artist": "Ayane",
        "type": "Opening 1",
        "correctCount": 5
    },
    {
        "anime": "Infinite Stratos 2: World Purge",
        "name": "BEAUTIFUL SKY",
        "artist": "Y\u014dko Hikasa, Yukana, Asami Shimoda, Kana Hanazawa, Marina Inoue, Suzuko Mimori and Chiwa Saito",
        "type": "Ending 1",
        "correctCount": 29
    },
    {
        "anime": "Hand Maid Mai",
        "name": "Hand Maid de Ne!",
        "artist": "Sanae Kobayashi\u30fbKiyomi Asai\u30fbMiyu Matsuki",
        "type": "Ending 1",
        "correctCount": 2
    },
    {
        "anime": "Digimon Adventure: Born of Koromon",
        "name": "Butter-Fly",
        "artist": "Kouji Wada",
        "type": "Ending 1",
        "correctCount": 89
    },
    {
        "anime": "Doraemon",
        "name": "Doraemon no Uta",
        "artist": "Kumiko Oosugi, Nobuyo Oyama",
        "type": "Opening 1",
        "correctCount": 124
    },
    {
        "anime": "Sengoku Basara - Samurai Kings",
        "name": "JAP",
        "artist": "abingdon boys school",
        "type": "Opening 1",
        "correctCount": 33
    },
    {
        "anime": "Hikaru No Go: New Year Special",
        "name": "Get Over",
        "artist": "dream",
        "type": "Opening 1",
        "correctCount": 23
    },
    {
        "anime": "Oreimo 2",
        "name": "reunion",
        "artist": "ClariS",
        "type": "Ending 10",
        "correctCount": 60
    },
    {
        "anime": "Viper's Creed",
        "name": "R.O.C.K.",
        "artist": "iLL",
        "type": "Opening 1",
        "correctCount": 9
    },
    {
        "anime": "Pok\u00e9mon the Series: XYZ",
        "name": "XY&Z",
        "artist": "Rica Matsumoto",
        "type": "Opening 1",
        "correctCount": 70
    },
    {
        "anime": "JoJo's Bizarre Adventure: Stardust Crusaders",
        "name": "STAND PROUD",
        "artist": "Jin Hashimoto",
        "type": "Opening 1",
        "correctCount": 120
    },
    {
        "anime": "Assassination Classroom Second Season",
        "name": "QUESTION",
        "artist": "3-nen E-gumi Utatan",
        "type": "Opening 1",
        "correctCount": 85
    },
    {
        "anime": "Gangsta.",
        "name": "Renegade",
        "artist": "STEREO DIVE FOUNDATION",
        "type": "Opening 1",
        "correctCount": 81
    },
    {
        "anime": "The Asterisk War",
        "name": "The Asterisk War",
        "artist": "Shiena Nishizawa",
        "type": "Opening 1",
        "correctCount": 89
    },
    {
        "anime": "One Room",
        "name": "Harumachi Clover",
        "artist": "M\u30fbA\u30fbO",
        "type": "Ending 1",
        "correctCount": 51
    },
    {
        "anime": "ToHeart2 adnext",
        "name": "Tokimeki",
        "artist": "Rena Uehara",
        "type": "Opening 1",
        "correctCount": 2
    },
    {
        "anime": "Boruto: Naruto the Movie",
        "name": "Diver",
        "artist": "KANA-BOON",
        "type": "Ending 1",
        "correctCount": 39
    },
    {
        "anime": "My Sister, My Writer",
        "name": "Secret Story",
        "artist": "Purely Monster",
        "type": "Opening 1",
        "correctCount": 10
    },
    {
        "anime": "Kamisama Kiss",
        "name": "Kamisama Hajimemashita",
        "artist": "Hanae",
        "type": "Opening 1",
        "correctCount": 74
    },
    {
        "anime": "Hanasaku Iroha",
        "name": "Nagai Tabiji no Tochuu",
        "artist": "Rey",
        "type": "Insert Song",
        "correctCount": 8
    },
    {
        "anime": "Sister Princess",
        "name": "Tsubasa",
        "artist": "Yui Horie",
        "type": "Ending 1",
        "correctCount": 2
    },
    {
        "anime": "Sakura Diaries",
        "name": "Kimi no Mado Kara",
        "artist": "Takako Kuwata",
        "type": "Opening 1",
        "correctCount": 0
    },
    {
        "anime": "Asobi Asobase - workshop of fun -",
        "name": "Three-Piece",
        "artist": "Hina Kino, Rika Nagae, Konomi Kohara",
        "type": "Opening 1",
        "correctCount": 99
    }
]