[
    {
        "anime": "Pok\u00e9mon: Mega Evolution Special III",
        "name": "Mega V (Volt)",
        "artist": "Yusuke",
        "type": "Ending 1",
        "correctCount": 89,
        "link": "https://files.catbox.moe/5mf9s2.mp3"
    },
    {
        "anime": "Trinity Seven: Heavens Library & Crimson Lord",
        "name": "ConTrast\u21d4Trust",
        "artist": "Lightning Shadows",
        "type": "Insert Song",
        "correctCount": 6,
        "link": "https://files.catbox.moe/tt8915.mp3"
    },
    {
        "anime": "Yamada-kun and the Seven Witches",
        "name": "Kuchizuke Diamond",
        "artist": "WEAVER",
        "type": "Opening 1",
        "correctCount": 126,
        "link": "https://files.catbox.moe/1poilz.mp3"
    },
    {
        "anime": "Rental Magica",
        "name": "Faith",
        "artist": "Lisa Komine",
        "type": "Opening 2",
        "correctCount": 19,
        "link": "https://files.catbox.moe/y2wwxb.mp3"
    },
    {
        "anime": "Planet With",
        "name": "One Unit",
        "artist": "Minami",
        "type": "Opening 1",
        "correctCount": 24,
        "link": "https://files.catbox.moe/19cke7.mp3"
    },
    {
        "anime": "The Brave Fighter Exkizer",
        "name": "Gatherway",
        "artist": "Hidemi Miura",
        "type": "Opening 1",
        "correctCount": 9,
        "link": "https://files.catbox.moe/2v94b6.mp3"
    },
    {
        "anime": "Place to Place",
        "name": "Acchi de Kocchi de",
        "artist": "Acchi\u21d4Kocchi",
        "type": "Opening 1",
        "correctCount": 97,
        "link": "https://files.catbox.moe/pk59qb.mp3"
    },
    {
        "anime": "The Royal Tutor",
        "name": "Shoppai Namida",
        "artist": "Sh\u014dgo Sakamoto",
        "type": "Opening 1",
        "correctCount": 34,
        "link": "https://files.catbox.moe/411qoy.mp3"
    },
    {
        "anime": "The Vision of Escaflowne",
        "name": "Yakusoku wa Iranai",
        "artist": "Maaya Sakamoto",
        "type": "Opening 1",
        "correctCount": 35,
        "link": "https://files.catbox.moe/alpp3r.mp3"
    },
    {
        "anime": "Saga of Tanya the Evil",
        "name": "Los! Los! Los!",
        "artist": "Aoi Y\u016bki",
        "type": "Ending 1",
        "correctCount": 128,
        "link": "https://files.catbox.moe/8tjvdz.mp3"
    },
    {
        "anime": "Arjuna",
        "name": "Teresa",
        "artist": "Yoko Kanno",
        "type": "Ending 4",
        "correctCount": 2,
        "link": "https://files.catbox.moe/ouo154.mp3"
    },
    {
        "anime": "Ping Pong",
        "name": "Tenohira o Taiy\u014d ni",
        "artist": "Sh\u014dnen Sh\u014djo Gassh\u014d-dan",
        "type": "Insert Song",
        "correctCount": 17,
        "link": "https://files.catbox.moe/6evqv6.webm"
    },
    {
        "anime": "Anima Yell!",
        "name": "Stress Free",
        "artist": "Yuiko Ohara",
        "type": "Insert Song",
        "correctCount": 33,
        "link": "https://files.catbox.moe/i0j3mm.mp3"
    },
    {
        "anime": "Murder Princess",
        "name": "Hikari Sasuhou (FK Metal ver.)",
        "artist": "BACK-ON",
        "type": "Opening 1",
        "correctCount": 13,
        "link": "https://files.catbox.moe/8la86c.mp3"
    },
    {
        "anime": "Grenadier",
        "name": "Akatsuki no Sora wo Kakeru",
        "artist": "Hiromi Satou",
        "type": "Opening 2",
        "correctCount": 7,
        "link": "https://files.catbox.moe/j3391t.mp3"
    },
    {
        "anime": "STARMYU",
        "name": "C\u2606ngratulations! ~team \u014ctori Ver.~",
        "artist": "team \u014ctori",
        "type": "Ending 2",
        "correctCount": 72,
        "link": "https://files.catbox.moe/4l9tdo.mp3"
    },
    {
        "anime": "March comes in like a lion",
        "name": "Say\u014dnara Bystander",
        "artist": "YUKI",
        "type": "Opening 2",
        "correctCount": 113,
        "link": "https://files.catbox.moe/vftz6x.mp3"
    },
    {
        "anime": "Shaman King",
        "name": "Over Soul",
        "artist": "Megumi Hayashibara",
        "type": "Opening 1",
        "correctCount": 80,
        "link": "https://files.catbox.moe/600awe.mp3"
    },
    {
        "anime": "Magical Girl Lyrical Nanoha A's",
        "name": "ETERNAL BLAZE",
        "artist": "Nana Mizuki",
        "type": "Opening 1",
        "correctCount": 47,
        "link": "https://files.catbox.moe/7bq8yk.mp3"
    },
    {
        "anime": "Granblue Fantasy the Animation",
        "name": "Sora no Parade",
        "artist": "HARUHI",
        "type": "Ending 1",
        "correctCount": 44,
        "link": "https://files.catbox.moe/0f1ob0.mp3"
    },
    {
        "anime": "Futakoi",
        "name": "Yawarakai Kaze no Naka de",
        "artist": "eufonius",
        "type": "Ending 1",
        "correctCount": 1,
        "link": "https://files.catbox.moe/e376e4.mp3"
    },
    {
        "anime": "Rainbow Days",
        "name": "ONE-SIDED LOVE",
        "artist": "Sonar Pocket",
        "type": "Opening 2",
        "correctCount": 12,
        "link": "https://files.catbox.moe/ku1cet.mp3"
    },
    {
        "anime": "The Animatrix",
        "name": "HANDS AROUND MY THROAT",
        "artist": "DEATH IN VEGAS",
        "type": "Insert Song",
        "correctCount": 1,
        "link": "https://files.catbox.moe/8fc51z.mp3"
    },
    {
        "anime": "Stop! Hibari-kun",
        "name": "Stop! Hibari-kun!",
        "artist": "Yuki Yukino",
        "type": "Opening 1",
        "correctCount": 104,
        "link": "https://files.catbox.moe/rbo9xk.mp3"
    },
    {
        "anime": "Gakuen Utopia Manabi Straight!",
        "name": "Lucky & Happy",
        "artist": "Megumi Hayashibara",
        "type": "Ending 1",
        "correctCount": 4,
        "link": "https://files.catbox.moe/osmu3d.mp3"
    },
    {
        "anime": "Zakuro",
        "name": "MOON SIGNAL",
        "artist": "Sphere",
        "type": "Opening 1",
        "correctCount": 9,
        "link": "https://files.catbox.moe/7wweep.mp3"
    },
    {
        "anime": "Hyperdimension Neptunia",
        "name": "Dimension tripper!!!",
        "artist": "nao",
        "type": "Opening 1",
        "correctCount": 83,
        "link": "https://files.catbox.moe/hcdihu.mp3"
    },
    {
        "anime": "Redline",
        "name": "REDLINE DAY",
        "artist": "James Shimoji feat.Rob Laufer",
        "type": "Ending 1",
        "correctCount": 70,
        "link": "https://files.catbox.moe/g1fdog.mp3"
    },
    {
        "anime": "The Galaxy Railways",
        "name": "Ginga Tetsudou wa Harukanari",
        "artist": "Isao Sasaki",
        "type": "Opening 1",
        "correctCount": 9,
        "link": "https://files.catbox.moe/52edft.mp3"
    },
    {
        "anime": "K-ON! The Movie",
        "name": "Gohan wa Okazu",
        "artist": "Ho-Kago Tea Time - HTT",
        "type": "Insert Song",
        "correctCount": 69,
        "link": "https://files.catbox.moe/lxcpdj.mp3"
    },
    {
        "anime": "Nurse Witch Komugi",
        "name": "Reverse",
        "artist": "Mitsuki Saiga",
        "type": "Insert Song",
        "correctCount": 3,
        "link": "https://files.catbox.moe/1un6ks.mp3"
    },
    {
        "anime": "Dirty Pair Flash 3",
        "name": "Honki ni Shinaide",
        "artist": "Mariko Kouda",
        "type": "Opening 1",
        "correctCount": 3,
        "link": "https://files.catbox.moe/c2yg28.mp3"
    },
    {
        "anime": "Little Witch Academia",
        "name": "Toumei na Tsubasa",
        "artist": "Yuiko Ohara",
        "type": "Ending 2",
        "correctCount": 47,
        "link": "https://files.catbox.moe/ldaale.mp3"
    },
    {
        "anime": "The Super Dimension Cavalry Southern Cross",
        "name": "Hoshi no Deja Vu",
        "artist": "Yoko Katori",
        "type": "Opening 1",
        "correctCount": 1,
        "link": "https://files.catbox.moe/34seke.mp3"
    },
    {
        "anime": "Bothersome Witch Doremi Se-cr-et",
        "name": "Suteki\u221e",
        "artist": "MAHO-dou",
        "type": "Ending 1",
        "correctCount": 1,
        "link": "https://files.catbox.moe/vbxk7m.mp3"
    },
    {
        "anime": "Saiyuki Gaiden",
        "name": "Sakura no Kinoshita",
        "artist": "KOKIA",
        "type": "Opening 1",
        "correctCount": 6,
        "link": "https://files.catbox.moe/lhvzmn.mp3"
    },
    {
        "anime": "Hidamari Sketch",
        "name": "Sketch Switch",
        "artist": "Kana Asumi, Kaori Mizuhashi, Ryoko Shintani & Yuko Goto",
        "type": "Opening 1",
        "correctCount": 62,
        "link": "https://files.catbox.moe/sesyd0.mp3"
    },
    {
        "anime": "Gallery Fake",
        "name": "Dakara, Watashi wa Utau",
        "artist": "Natural High",
        "type": "Ending 2",
        "correctCount": 1,
        "link": "https://files.catbox.moe/zpf3le.mp3"
    },
    {
        "anime": "Aikatsu!",
        "name": "Idol Katsud\u014d! Ver. Rock",
        "artist": "Waka from STAR\u2606ANIS",
        "type": "Insert Song",
        "correctCount": 54,
        "link": "https://files.catbox.moe/mbv5ta.mp3"
    },
    {
        "anime": "Taish\u014d Mebiusline Chicchai-san",
        "name": "Yoi ni Utaeba",
        "artist": "Ryo Hayakawa",
        "type": "Ending 3",
        "correctCount": 0,
        "link": "https://files.catbox.moe/m0pz0a.mp3"
    },
    {
        "anime": "Sword Art Online",
        "name": "crossing field",
        "artist": "LiSA",
        "type": "Opening 1",
        "correctCount": 151,
        "link": "https://files.catbox.moe/1t8c97.mp3"
    },
    {
        "anime": "Magical Fairy Persia",
        "name": "Mishiranu Kuni no Tripper",
        "artist": "Maiko Okamoto",
        "type": "Opening 1",
        "correctCount": 0,
        "link": "https://files.catbox.moe/l45xx2.mp3"
    },
    {
        "anime": "Galaxy Angel A",
        "name": "Anata wo Ai Shiteiru kara",
        "artist": "Mayumi Yamaguchi",
        "type": "Insert Song",
        "correctCount": 0,
        "link": "https://files.catbox.moe/l9g7mw.mp3"
    },
    {
        "anime": "Destiny of the Shrine Maiden",
        "name": "Agony",
        "artist": "KOTOKO",
        "type": "Ending 1",
        "correctCount": 28,
        "link": "https://files.catbox.moe/0el79n.mp3"
    },
    {
        "anime": "Cowboy Bebop: The Movie",
        "name": "Ask DNA",
        "artist": "Seatbelts featuring Raj Ramayya",
        "type": "Opening 1",
        "correctCount": 73,
        "link": "https://files.catbox.moe/quo9dj.mp3"
    },
    {
        "anime": "Sword Gai: The Animation Part II",
        "name": "Sadamegoto",
        "artist": "Y\u016bto Uemura",
        "type": "Opening 1",
        "correctCount": 15,
        "link": "https://files.catbox.moe/dv4mik.mp3"
    },
    {
        "anime": "That Time I Got Reincarnated as a Slime",
        "name": "Nameless Story",
        "artist": "Takuma Terashima",
        "type": "Opening 1",
        "correctCount": 103,
        "link": "https://files.catbox.moe/3x978e.mp3"
    },
    {
        "anime": "Nanatsu no Taizai",
        "name": "Seven Deadly Sins",
        "artist": "MAN WITH A MISSION",
        "type": "Opening 1",
        "correctCount": 128,
        "link": "https://files.catbox.moe/wuk6kl.mp3"
    },
    {
        "anime": "Baby Steps",
        "name": "Believe in yourself",
        "artist": "Mao Abe",
        "type": "Opening 1",
        "correctCount": 80,
        "link": "https://files.catbox.moe/hz5fcp.mp3"
    },
    {
        "anime": "BanG Dream! Girls Band Party! Pico",
        "name": "Egao no Orchestra!",
        "artist": "Hello, Happy World!",
        "type": "Insert Song",
        "correctCount": 62,
        "link": "https://files.catbox.moe/104ucm.mp3"
    },
    {
        "anime": "Kik\u014d Sen'nyo Rouran",
        "name": "Iroha Uta",
        "artist": "Toshimune Suzuki",
        "type": "Ending 2",
        "correctCount": 1,
        "link": "https://files.catbox.moe/d79w96.mp3"
    },
    {
        "anime": "Miss Monochrome - The Animation - 3",
        "name": "Step by Step!",
        "artist": "Miss Monochrome",
        "type": "Ending 1",
        "correctCount": 52,
        "link": "https://files.catbox.moe/2n75od.mp3"
    },
    {
        "anime": "Release the Spyce",
        "name": "Sugar & Spice",
        "artist": "Yuri Noguchi",
        "type": "Insert Song",
        "correctCount": 34,
        "link": "https://files.catbox.moe/ibgo2a.mp3"
    },
    {
        "anime": "Wagnaria!!",
        "name": "SOMEONE ELSE",
        "artist": "Kana Asumi, Saki Fujita, Eri Kitamura",
        "type": "Ending 1",
        "correctCount": 118,
        "link": "https://files.catbox.moe/7h1lrq.mp3"
    },
    {
        "anime": "Concrete Revolutio",
        "name": "Katararezu Tomo",
        "artist": "ZAQ",
        "type": "Opening 1",
        "correctCount": 28,
        "link": "https://files.catbox.moe/d1w64g.mp3"
    },
    {
        "anime": "Sketchbook ~full color'S~",
        "name": "Natsu no Kioku",
        "artist": "Natsumi Kiyoura",
        "type": "Opening 2",
        "correctCount": 9,
        "link": "https://files.catbox.moe/zn3j14.mp3"
    },
    {
        "anime": "Dragon Ball Z: Broly - The Legendary Super Saiyan",
        "name": "CHA-LA HEAD-CHA-LA",
        "artist": "Hironobu Kageyama",
        "type": "Opening 1",
        "correctCount": 147,
        "link": "https://files.catbox.moe/7mv5um.mp3"
    },
    {
        "anime": "Petite Princess Yucie",
        "name": "Egao no Tensai",
        "artist": "Puchipurizu",
        "type": "Opening 1",
        "correctCount": 1,
        "link": "https://files.catbox.moe/2ofkp5.mp3"
    },
    {
        "anime": "Golden Boy",
        "name": "Opening",
        "artist": "Joyo Katayanagi",
        "type": "Opening 1",
        "correctCount": 75,
        "link": "https://files.catbox.moe/58as26.mp3"
    },
    {
        "anime": "Stella Women's Academy, High School Division Class C3",
        "name": "Shape My Story",
        "artist": "Anna Yano",
        "type": "Opening 1",
        "correctCount": 20,
        "link": "https://files.catbox.moe/e2n4kx.mp3"
    },
    {
        "anime": "Vividred Operation",
        "name": "Arifureta Shiawase",
        "artist": "Maaya Uchida",
        "type": "Ending 5",
        "correctCount": 8,
        "link": "https://files.catbox.moe/7gx8i8.mp3"
    },
    {
        "anime": "Cute High Earth Defense Club LOVE!",
        "name": "Zettai Muteki Fallin' LOVE",
        "artist": "Chiky\u016b B\u014deibu",
        "type": "Opening 1",
        "correctCount": 23,
        "link": "https://files.catbox.moe/q7mv8f.mp3"
    },
    {
        "anime": "Qualidea Code",
        "name": "Good night, Canary",
        "artist": "Yui Ishikawa",
        "type": "Insert Song",
        "correctCount": 8,
        "link": "https://files.catbox.moe/mr3ngy.mp3"
    },
    {
        "anime": "Noragami Aragoto",
        "name": "Nirvana",
        "artist": "Tia",
        "type": "Ending 1",
        "correctCount": 84,
        "link": "https://files.catbox.moe/ggs04u.mp3"
    },
    {
        "anime": "Hello!! KINMOZA!",
        "name": "Yume-iro Parade",
        "artist": "Rhodanthe*",
        "type": "Opening 1",
        "correctCount": 22,
        "link": "https://files.catbox.moe/wa1557.mp3"
    },
    {
        "anime": "Ramen Fighter Miki",
        "name": "Muteki na smile",
        "artist": "Naozumi Takahashi",
        "type": "Ending 1",
        "correctCount": 0,
        "link": "https://files.catbox.moe/fbcrxt.mp3"
    },
    {
        "anime": "Assassination Classroom",
        "name": "Jiriki Hongan Revolution",
        "artist": "3-nen E-gumi Utatan",
        "type": "Opening 3",
        "correctCount": 126,
        "link": "https://files.catbox.moe/9yxci0.mp3"
    },
    {
        "anime": "The Melancholy of Haruhi Suzumiya",
        "name": "Lost my music",
        "artist": "Aya Hirano",
        "type": "Insert Song",
        "correctCount": 98,
        "link": "https://files.catbox.moe/fl0p57.mp3"
    },
    {
        "anime": "Macross 7 Plus",
        "name": "1\u30fb2\u30fb3\u30fb4\u30fb5\u30fb6\u30fb7 NIGHTS",
        "artist": "FIRE BOMBER",
        "type": "Insert Song",
        "correctCount": 1,
        "link": "https://files.catbox.moe/xoi76n.mp3"
    },
    {
        "anime": "A Certain Magical Index III",
        "name": "Gravitation",
        "artist": "Maon Kurosaki",
        "type": "Opening 1",
        "correctCount": 80,
        "link": "https://files.catbox.moe/qi2auc.mp3"
    },
    {
        "anime": "Potemayo",
        "name": "Katamichi Catchball",
        "artist": "MOSAIC.WAV",
        "type": "Opening 1",
        "correctCount": 7,
        "link": "https://files.catbox.moe/6r9vqh.mp3"
    },
    {
        "anime": "Kaleido Star",
        "name": "Tattoo Kiss",
        "artist": "r.o.r/s",
        "type": "Opening 3",
        "correctCount": 31,
        "link": "https://files.catbox.moe/gbbydz.mp3"
    },
    {
        "anime": "Back Street Girls",
        "name": "Gokudoll Music",
        "artist": "Gokudolls Kan-gumi",
        "type": "Opening 2",
        "correctCount": 49,
        "link": "https://files.catbox.moe/aks5yg.mp3"
    },
    {
        "anime": "Initial D: Final Stage",
        "name": "Rage your dream",
        "artist": "move",
        "type": "Ending 2",
        "correctCount": 77,
        "link": "https://files.catbox.moe/dh7h7h.mp3"
    },
    {
        "anime": "Overlord II",
        "name": "GO CRY GO",
        "artist": "OxT",
        "type": "Opening 1",
        "correctCount": 108,
        "link": "https://files.catbox.moe/4pd16o.mp3"
    }
]