[
    {
        "animeEng": "Saint Seiya: The Lost Canvas",
        "animeRomaji": "Saint Seiya: The Lost Canvas - Mei\u014d Shinwa",
        "songName": "The Realm of Athena",
        "artist": "EUROX",
        "type": "Opening 1",
        "correctCount": 105,
        "startTime": 38,
        "songDuration": 88.0849,
        "songNumber": 1,
        "activePlayerCount": 276,
        "LinkVideo": "https://files.catbox.moe/mpsc3u.webm",
        "LinkMp3": "https://files.catbox.moe/v6bgrl.mp3"
    },
    {
        "animeEng": "NATSU NO ARASHI! Season 2",
        "animeRomaji": "NATSU NO ARASHI! Season 2",
        "songName": "Romantic ga Tomaranai",
        "artist": "Yui Horie",
        "type": "Insert Song",
        "correctCount": 8,
        "startTime": 23,
        "songDuration": 67.296,
        "songNumber": 2,
        "activePlayerCount": 281,
        "LinkVideo": "https://files.catbox.moe/ctj3l7.webm",
        "LinkMp3": "https://files.catbox.moe/mp0son.mp3"
    },
    {
        "animeEng": "Super Robot Wars OG: The Inspector",
        "animeRomaji": "Super Robot Taisen OG: The Inspector",
        "songName": "MAXON",
        "artist": "JAM Project",
        "type": "Opening 1",
        "correctCount": 8,
        "startTime": 43,
        "songDuration": 88.658068,
        "songNumber": 3,
        "activePlayerCount": 283,
        "LinkVideo": "https://files.catbox.moe/72wn0q.webm",
        "LinkMp3": "https://files.catbox.moe/qdxw48.mp3"
    },
    {
        "animeEng": "Lalabel the Magic Girl",
        "animeRomaji": "Mah\u014d Sh\u014djo Lalabel",
        "songName": "Hello Lalabel",
        "artist": "Mitsuko Horie & Columbia Yurikago-kai",
        "type": "Opening 1",
        "correctCount": 85,
        "startTime": 5,
        "songDuration": 67.995566,
        "songNumber": 4,
        "activePlayerCount": 283,
        "LinkVideo": "https://files.catbox.moe/086oy2.webm",
        "LinkMp3": "https://files.catbox.moe/49bvqr.mp3"
    },
    {
        "animeEng": "Speed Grapher",
        "animeRomaji": "Speed Grapher",
        "songName": "Gravure no Bishoujo",
        "artist": "Duran Duran",
        "type": "Opening 1",
        "correctCount": 36,
        "startTime": 34,
        "songDuration": 92.680856,
        "songNumber": 5,
        "activePlayerCount": 280,
        "LinkVideo": "https://files.catbox.moe/b4rfvd.webm",
        "LinkMp3": "https://files.catbox.moe/39c2qg.mp3"
    },
    {
        "animeEng": "Fist of the Blue Sky",
        "animeRomaji": "Souten no Ken",
        "songName": "Bara ga Saku Bara ga Chiru",
        "artist": "Rina Aiuchi",
        "type": "Opening 1",
        "correctCount": 7,
        "startTime": 2,
        "songDuration": 89.284996,
        "songNumber": 6,
        "activePlayerCount": 282,
        "LinkVideo": "https://files.catbox.moe/tf9mfj.webm",
        "LinkMp3": "https://files.catbox.moe/owy2ng.mp3"
    },
    {
        "animeEng": "Doraemon",
        "animeRomaji": "Doraemon",
        "songName": "Maru-gao no Uta",
        "artist": "Nobuyo Oyama",
        "type": "Ending 5",
        "correctCount": 141,
        "startTime": 23,
        "songDuration": 58.095328,
        "songNumber": 7,
        "activePlayerCount": 282,
        "LinkVideo": "https://files.catbox.moe/7in3nf.webm",
        "LinkMp3": "https://files.catbox.moe/35up4o.mp3"
    },
    {
        "animeEng": "Bloom Into You",
        "animeRomaji": "Yagate Kimi ni Naru",
        "songName": "hectopascal",
        "artist": "Y\u016bki Takada & Minako Kotobuki",
        "type": "Ending 1",
        "correctCount": 57,
        "startTime": 45,
        "songDuration": 87.717676,
        "songNumber": 8,
        "activePlayerCount": 281,
        "LinkVideo": "https://files.catbox.moe/syueyw.webm",
        "LinkMp3": "https://files.catbox.moe/owfz8q.mp3"
    },
    {
        "animeEng": "Tokyo Ghoul:re",
        "animeRomaji": "Tokyo Ghoul:re",
        "songName": "unravel",
        "artist": "TK from Ling Tosite Sigure",
        "type": "Insert Song",
        "correctCount": 265,
        "startTime": 42,
        "songDuration": 156.792,
        "songNumber": 9,
        "activePlayerCount": 281,
        "LinkVideo": "https://files.catbox.moe/n90el9.webm",
        "LinkMp3": "https://files.catbox.moe/cazrg7.mp3"
    },
    {
        "animeEng": "Monster",
        "animeRomaji": "Monster",
        "songName": "GRAIN",
        "artist": "Kuniaki Haishima",
        "type": "Opening 1",
        "correctCount": 151,
        "startTime": 16,
        "songDuration": 83.64,
        "songNumber": 10,
        "activePlayerCount": 279,
        "LinkVideo": "https://files.catbox.moe/kwe1b1.webm",
        "LinkMp3": "https://files.catbox.moe/2qiwmr.mp3"
    },
    {
        "animeEng": "Hello! Sandybell",
        "animeRomaji": "Hello! Sandybell",
        "songName": "Hello! Sandybell",
        "artist": "Mitsuko Horie & The Chirps",
        "type": "Opening 1",
        "correctCount": 48,
        "startTime": 34,
        "songDuration": 72.816,
        "songNumber": 11,
        "activePlayerCount": 278,
        "LinkVideo": "https://files.catbox.moe/ku40x1.webm",
        "LinkMp3": "https://files.catbox.moe/llbd05.mp3"
    },
    {
        "animeEng": "Kakushigoto",
        "animeRomaji": "Kakushigoto",
        "songName": "Chiisana Hibi",
        "artist": "flumpool",
        "type": "Opening 1",
        "correctCount": 122,
        "startTime": 2,
        "songDuration": 89.064,
        "songNumber": 12,
        "activePlayerCount": 280,
        "LinkVideo": "https://files.catbox.moe/oouzwx.webm",
        "LinkMp3": "https://files.catbox.moe/9i55sl.mp3"
    },
    {
        "animeEng": "Crayon Shin-chan: Buriburi \u014ckoku no Hih\u014d",
        "animeRomaji": "Crayon Shin-chan: Buriburi \u014ckoku no Hih\u014d",
        "songName": "Ora wa Ninkimono",
        "artist": "Akiko Yajima",
        "type": "Opening 1",
        "correctCount": 219,
        "startTime": 2,
        "songDuration": 62.448,
        "songNumber": 13,
        "activePlayerCount": 280,
        "LinkVideo": "https://files.catbox.moe/wdi0ob.webm",
        "LinkMp3": "https://files.catbox.moe/3var2k.mp3"
    },
    {
        "animeEng": "DD Fist of the North Star II",
        "animeRomaji": "DD Hokuto no Ken 2 Ichigo Aji+",
        "songName": "Sekimatsu School Wars",
        "artist": "Ars Magna",
        "type": "Opening 1",
        "correctCount": 6,
        "startTime": 28,
        "songDuration": 88.368,
        "songNumber": 14,
        "activePlayerCount": 280,
        "LinkVideo": "https://files.catbox.moe/a03nnw.webm",
        "LinkMp3": "https://files.catbox.moe/ara78h.mp3"
    },
    {
        "animeEng": "Overlord II",
        "animeRomaji": "Overlord II",
        "songName": "GO CRY GO",
        "artist": "OxT",
        "type": "Opening 1",
        "correctCount": 211,
        "startTime": 15,
        "songDuration": 88.2,
        "songNumber": 15,
        "activePlayerCount": 281,
        "LinkVideo": "https://files.catbox.moe/v1psxw.webm",
        "LinkMp3": "https://files.catbox.moe/4pd16o.mp3"
    },
    {
        "animeEng": "Hikaru No Go: New Year Special",
        "animeRomaji": "Hikaru no Go: Hokuto-hai e no Michi",
        "songName": "Get Over",
        "artist": "dream",
        "type": "Opening 1",
        "correctCount": 70,
        "startTime": 37,
        "songDuration": 88.056,
        "songNumber": 16,
        "activePlayerCount": 280,
        "LinkVideo": "https://files.catbox.moe/csie70.webm",
        "LinkMp3": "https://files.catbox.moe/cf34q8.mp3"
    },
    {
        "animeEng": "Beyblade Burst GT",
        "animeRomaji": "Beyblade Burst Gachi",
        "songName": "GATTI'N'ROLL",
        "artist": "Kei Iwasaki [Sekaiichi]",
        "type": "Opening 1",
        "correctCount": 108,
        "startTime": 7,
        "songDuration": 43.937204,
        "songNumber": 17,
        "activePlayerCount": 280,
        "LinkVideo": "https://files.catbox.moe/tktmni.webm",
        "LinkMp3": "https://files.catbox.moe/oy6xl1.mp3"
    },
    {
        "animeEng": "Undersea Super Train: Marine Express",
        "animeRomaji": "Kaitei Ch\u014d Tokky\u016b Marine Express",
        "songName": "The Marine Express",
        "artist": "Tommy Snyder",
        "type": "Opening 1",
        "correctCount": 137,
        "startTime": 8,
        "songDuration": 74.496,
        "songNumber": 18,
        "activePlayerCount": 280,
        "LinkVideo": "https://files.catbox.moe/3pqro5.webm",
        "LinkMp3": "https://files.catbox.moe/wzt6yz.mp3"
    },
    {
        "animeEng": "Science Fell in Love, So I Tried to Prove it",
        "animeRomaji": "Rikei ga Koi ni Ochita no de Sh\u014dmei Shite Mita",
        "songName": "Turing Love",
        "artist": "Akari Nanawo feat. Sou",
        "type": "Ending 1",
        "correctCount": 129,
        "startTime": 38,
        "songDuration": 88.55358,
        "songNumber": 19,
        "activePlayerCount": 279,
        "LinkVideo": "https://files.catbox.moe/k9xvfr.webm",
        "LinkMp3": "https://files.catbox.moe/gclmje.mp3"
    },
    {
        "animeEng": "Grey: Digital Target",
        "animeRomaji": "Grey: Digital Target",
        "songName": "WITHOUT YOU",
        "artist": "YOURI with the CASH",
        "type": "Insert Song",
        "correctCount": 0,
        "startTime": 60,
        "songDuration": 139.909432,
        "songNumber": 20,
        "activePlayerCount": 280,
        "LinkVideo": "https://files.catbox.moe/dlz1g0.webm",
        "LinkMp3": "https://files.catbox.moe/8o3wcn.mp3"
    },
    {
        "animeEng": "WWW.WAGNARIA!!",
        "animeRomaji": "WWW.WORKING!!",
        "songName": "Eyecatch! Too much!",
        "artist": "Haruka Tomatsu, Y\u014dko Hikasa, Sora Amamiya",
        "type": "Opening 1",
        "correctCount": 86,
        "startTime": 53,
        "songDuration": 89.016,
        "songNumber": 21,
        "activePlayerCount": 280,
        "LinkVideo": "https://files.catbox.moe/6tqgqb.webm",
        "LinkMp3": "https://files.catbox.moe/scg64t.mp3"
    },
    {
        "animeEng": "All Purpose Cultural Cat Girl Nuku Nuku DASH!",
        "animeRomaji": "Bann\u014d Bunka Neko-Musume DASH!",
        "songName": "Shiawase wa Chiisana Tsumikasane",
        "artist": "Megumi Hayashibara",
        "type": "Ending 1",
        "correctCount": 6,
        "startTime": 25,
        "songDuration": 74.4,
        "songNumber": 22,
        "activePlayerCount": 279,
        "LinkVideo": "https://files.catbox.moe/wdnrai.webm",
        "LinkMp3": "https://files.catbox.moe/nt5pta.mp3"
    },
    {
        "animeEng": "Star\u2606Twinkle Precure",
        "animeRomaji": "Star\u2606Twinkle Precure",
        "songName": "Oshiete...! Twinkle\u2606",
        "artist": "Chihaya Yoshitake",
        "type": "Ending 3",
        "correctCount": 129,
        "startTime": 52,
        "songDuration": 88.728,
        "songNumber": 23,
        "activePlayerCount": 279,
        "LinkVideo": "https://files.catbox.moe/ae4l5v.webm",
        "LinkMp3": "https://files.catbox.moe/vtj3u2.mp3"
    },
    {
        "animeEng": "Assassination Classroom the Movie: 365 Days' Time",
        "animeRomaji": "Ansatsu Ky\u014dshitsu: 365-nichi no Jikan",
        "songName": "Tabidachi no Uta",
        "artist": "3-nen E-gumi",
        "type": "Insert Song",
        "correctCount": 195,
        "startTime": 107,
        "songDuration": 243.096,
        "songNumber": 24,
        "activePlayerCount": 279,
        "LinkVideo": "https://files.catbox.moe/b1m2ia.webm",
        "LinkMp3": "https://files.catbox.moe/6nt1wj.mp3"
    },
    {
        "animeEng": "B'T X Neo",
        "animeRomaji": "B'T X Neo",
        "songName": "Hitomi wa Ikusen Mado",
        "artist": "Aki Hata",
        "type": "Insert Song",
        "correctCount": 3,
        "startTime": 149,
        "songDuration": 194.138704,
        "songNumber": 25,
        "activePlayerCount": 279,
        "LinkVideo": "https://files.catbox.moe/ppftro.webm",
        "LinkMp3": "https://files.catbox.moe/zmo9k8.mp3",
        "correctPlayers": [
            "EmperorPenguin",
            "Shinxx",
            "Jokobo"
        ]
    },
    {
        "animeEng": "Aikatsu!",
        "animeRomaji": "Aikatsu!",
        "songName": "Magical Time",
        "artist": "Yuna from STAR\u2606ANIS",
        "type": "Insert Song",
        "correctCount": 82,
        "startTime": 3,
        "songDuration": 39.768,
        "songNumber": 26,
        "activePlayerCount": 279,
        "LinkVideo": "https://files.catbox.moe/isnfls.webm",
        "LinkMp3": "https://files.catbox.moe/js496v.mp3"
    },
    {
        "animeEng": "Batman Ninja",
        "animeRomaji": "Ninja Batman",
        "songName": "GAT-TAI",
        "artist": "Daisuke Hasegawa",
        "type": "Insert Song",
        "correctCount": 36,
        "startTime": 18,
        "songDuration": 69.980838,
        "songNumber": 27,
        "activePlayerCount": 277,
        "LinkVideo": "https://files.catbox.moe/uy94hc.webm",
        "LinkMp3": "https://files.catbox.moe/z20u4z.mp3"
    },
    {
        "animeEng": "Dogtanian and the Three Muskehounds",
        "animeRomaji": "Wanwan Sanj\u016bshi",
        "songName": "Sou Iu Onushi wa?",
        "artist": "Maron Kusaka",
        "type": "Ending 1",
        "correctCount": 3,
        "startTime": 5,
        "songDuration": 79.128,
        "songNumber": 28,
        "activePlayerCount": 277,
        "LinkVideo": "https://files.catbox.moe/fgjnon.webm",
        "LinkMp3": "https://files.catbox.moe/9cmehu.mp3",
        "correctPlayers": [
            "Anwonu",
            "xxxTuMyPxxx",
            "Moegi"
        ]
    },
    {
        "animeEng": "Sailor Moon SuperS the Movie: Black Dream Hole",
        "animeRomaji": "Bish\u014djo Senshi Sailor Moon Super S Sailor 9 Senshi Sh\u016bketsu! Black-Dream-Hole no Kiseki",
        "songName": "Moonlight Densetsu",
        "artist": "Sakurakko Club Sakura-gumi",
        "type": "Opening 1",
        "correctCount": 190,
        "startTime": 2,
        "songDuration": 79.992,
        "songNumber": 29,
        "activePlayerCount": 278,
        "LinkVideo": "https://files.catbox.moe/smjqxl.webm",
        "LinkMp3": "https://files.catbox.moe/19pjkn.mp3"
    },
    {
        "animeEng": "Slam Dunk: Sh\u014dhoku Saidai no Kiki! Moero Sakuragi Hanamichi",
        "animeRomaji": "Slam Dunk: Sh\u014dhoku Saidai no Kiki! Moero Sakuragi Hanamichi",
        "songName": "Kimi ga Suki da to Sakebitai",
        "artist": "BAAD",
        "type": "Opening 1",
        "correctCount": 145,
        "startTime": 53,
        "songDuration": 92.053928,
        "songNumber": 30,
        "activePlayerCount": 277,
        "LinkVideo": "https://files.catbox.moe/bkmx2n.webm",
        "LinkMp3": "https://files.catbox.moe/na7n8r.mp3"
    },
    {
        "animeEng": "Bob in the Bottle",
        "animeRomaji": "Hakushon Daima\u014d",
        "songName": "Hakushon Daima\u014d no Uta",
        "artist": "Yuri Shimazaki",
        "type": "Opening 1",
        "correctCount": 78,
        "startTime": 10,
        "songDuration": 80.88,
        "songNumber": 31,
        "activePlayerCount": 275,
        "LinkVideo": "https://files.catbox.moe/kyp7z2.webm",
        "LinkMp3": "https://files.catbox.moe/80r4qm.mp3"
    },
    {
        "animeEng": "Aikatsu on Parade!",
        "animeRomaji": "Aikatsu on Parade!",
        "songName": "Aikatsu\u2606Step!",
        "artist": "Sena\u30fbRie\u30fbMiki\u30fbKana\u30fbNanase from AIKATSU\u2606STARS!",
        "type": "Insert Song",
        "correctCount": 47,
        "startTime": 0,
        "songDuration": 124.416,
        "songNumber": 32,
        "activePlayerCount": 276,
        "LinkVideo": "https://files.catbox.moe/2zteuz.webm",
        "LinkMp3": "https://files.catbox.moe/bm24zi.mp3"
    },
    {
        "animeEng": "Toki no Tabibito -Time Stranger-",
        "animeRomaji": "Toki no Tabibito -Time Stranger-",
        "songName": "Time Stranger",
        "artist": "Mariya Takeuchi",
        "type": "Ending 1",
        "correctCount": 1,
        "startTime": 99,
        "songDuration": 201,
        "songNumber": 33,
        "activePlayerCount": 274,
        "LinkVideo": "https://files.catbox.moe/xg6hwv.webm",
        "LinkMp3": "https://files.catbox.moe/zguj9u.mp3",
        "correctPlayers": [
            "SrueyaF"
        ]
    },
    {
        "animeEng": "Treasure Island",
        "animeRomaji": "Takarajima",
        "songName": "Takarajima",
        "artist": "Yoshito Machida",
        "type": "Opening 1",
        "correctCount": 26,
        "startTime": 13,
        "songDuration": 89.07602,
        "songNumber": 34,
        "activePlayerCount": 273,
        "LinkVideo": "https://files.catbox.moe/udqqlx.webm",
        "LinkMp3": "https://files.catbox.moe/ipz1sd.mp3"
    },
    {
        "animeEng": "Medabots Spirits",
        "animeRomaji": "Medarot Damashii",
        "songName": "SUPER GUYS!",
        "artist": "Yuusuke Nakamura",
        "type": "Opening 1",
        "correctCount": 5,
        "startTime": 25,
        "songDuration": 80.16,
        "songNumber": 35,
        "activePlayerCount": 272,
        "LinkVideo": "https://files.catbox.moe/wsgssr.webm",
        "LinkMp3": "https://files.catbox.moe/qubslx.mp3",
        "correctPlayers": [
            "aryagamis",
            "AsaShigure",
            "ATP",
            "Achird",
            "Fushimi"
        ]
    },
    {
        "animeEng": "Code: Realize ~Guardian Of Rebirth~",
        "animeRomaji": "Code:Realize: S\u014dsei no Himegimi",
        "songName": "kalmia",
        "artist": "Mia REGINA",
        "type": "Opening 1",
        "correctCount": 35,
        "startTime": 17,
        "songDuration": 87.984,
        "songNumber": 36,
        "activePlayerCount": 271,
        "LinkVideo": "https://files.catbox.moe/8wy9r7.webm",
        "LinkMp3": "https://files.catbox.moe/x6hdi7.mp3"
    },
    {
        "animeEng": "Saekano: How to Raise a Boring Girlfriend",
        "animeRomaji": "Saenai Heroine no Sodate-kata",
        "songName": "M\u266d",
        "artist": "Kiyono Yasuno",
        "type": "Insert Song",
        "correctCount": 28,
        "startTime": 43,
        "songDuration": 85.008,
        "songNumber": 37,
        "activePlayerCount": 269,
        "LinkVideo": "https://files.catbox.moe/491jhc.webm",
        "LinkMp3": "https://files.catbox.moe/9jijbv.mp3"
    },
    {
        "animeEng": "Ghost in the Shell: Stand Alone Complex - Individual Eleven",
        "animeRomaji": "K\u014dkaku Kid\u014dtai S.A.C. 2nd GIG Individual Eleven",
        "songName": "I Do",
        "artist": "Ilaria Graziano",
        "type": "Insert Song",
        "correctCount": 30,
        "startTime": 61,
        "songDuration": 254.088694,
        "songNumber": 38,
        "activePlayerCount": 271,
        "LinkVideo": "https://files.catbox.moe/785gjf.webm",
        "LinkMp3": "https://files.catbox.moe/yldnt1.mp3"
    },
    {
        "animeEng": "Gamers!",
        "animeRomaji": "Gamers!",
        "songName": "GAMERS!",
        "artist": "Hisako Kanemoto, Manaka Iwami, Rumi Ookubo",
        "type": "Opening 1",
        "correctCount": 199,
        "startTime": 38,
        "songDuration": 89.83125,
        "songNumber": 39,
        "activePlayerCount": 272,
        "LinkVideo": "https://files.catbox.moe/jruegx.webm",
        "LinkMp3": "https://files.catbox.moe/tednuz.mp3"
    },
    {
        "animeEng": "THE IDOLM@STER MOVIE: Beyond the Brilliant Future!",
        "animeRomaji": "THE IDOLM@STER MOVIE: Kagayaki no Muk\u014dgawa e!",
        "songName": "The iDOLM@STER",
        "artist": "765PRO ALLSTARS",
        "type": "Opening 1",
        "correctCount": 83,
        "startTime": 90,
        "songDuration": 160.2,
        "songNumber": 40,
        "activePlayerCount": 271,
        "LinkVideo": "https://files.catbox.moe/hkgibf.webm",
        "LinkMp3": "https://files.catbox.moe/9ys2n3.mp3"
    },
    {
        "animeEng": "Senki Zessh\u014d Symphogear G",
        "animeRomaji": "Senki Zessh\u014d Symphogear G",
        "songName": "Apple",
        "artist": "Y\u014dko Hikasa & Yui Horie",
        "type": "Opening 1",
        "correctCount": 71,
        "startTime": 19,
        "songDuration": 82.704,
        "songNumber": 41,
        "activePlayerCount": 271,
        "LinkVideo": "https://files.catbox.moe/y1a861.webm",
        "LinkMp3": "https://files.catbox.moe/nl72st.mp3"
    },
    {
        "animeEng": "Hell Girl: Two Mirrors",
        "animeRomaji": "Jigoku Sh\u014djo Futakomori",
        "songName": "NightmaRe",
        "artist": "SNoW",
        "type": "Opening 1",
        "correctCount": 50,
        "startTime": 50,
        "songDuration": 89.472,
        "songNumber": 42,
        "activePlayerCount": 271,
        "LinkVideo": "https://files.catbox.moe/mdnted.webm",
        "LinkMp3": "https://files.catbox.moe/j82fcs.mp3"
    },
    {
        "animeEng": "Food Wars! The Fourth Plate",
        "animeRomaji": "Shokugeki no S\u014dma: Shin no Sara",
        "songName": "Chronos",
        "artist": "STEREO DIVE FOUNDATION",
        "type": "Opening 1",
        "correctCount": 142,
        "startTime": 9,
        "songDuration": 89.304,
        "songNumber": 43,
        "activePlayerCount": 268,
        "LinkVideo": "https://files.catbox.moe/lnnt5z.webm",
        "LinkMp3": "https://files.catbox.moe/kztetp.mp3"
    },
    {
        "animeEng": "Adachi and Shimamura",
        "animeRomaji": "Adachi to Shimamura",
        "songName": "Kimi ni Aeta Hi",
        "artist": "Adachi to Shimamura",
        "type": "Opening 1",
        "correctCount": 110,
        "startTime": 40,
        "songDuration": 87.648,
        "songNumber": 44,
        "activePlayerCount": 267,
        "LinkVideo": "https://files.catbox.moe/dnjl2d.webm",
        "LinkMp3": "https://files.catbox.moe/1vu70l.mp3"
    },
    {
        "animeEng": "Gunslinger Girl",
        "animeRomaji": "Gunslinger Girl",
        "songName": "WOKE FROM DREAMING",
        "artist": "The Delgados",
        "type": "Insert Song",
        "correctCount": 23,
        "startTime": 18,
        "songDuration": 67.92,
        "songNumber": 45,
        "activePlayerCount": 265,
        "LinkVideo": "https://files.catbox.moe/1jufdt.webm",
        "LinkMp3": "https://files.catbox.moe/itp9jb.mp3"
    },
    {
        "animeEng": "xxxHOLiC: Kei",
        "animeRomaji": "xxxHOLiC: Kei",
        "songName": "Honey Honey",
        "artist": "SEAMO feat. AYUSE KOZUE",
        "type": "Ending 1",
        "correctCount": 8,
        "startTime": 2,
        "songDuration": 87.624,
        "songNumber": 46,
        "activePlayerCount": 264,
        "LinkVideo": "https://files.catbox.moe/fp9j18.webm",
        "LinkMp3": "https://files.catbox.moe/6zj3qe.mp3"
    },
    {
        "animeEng": "Koyomimonogatari",
        "animeRomaji": "Koyomimonogatari",
        "songName": "perfect slumbers",
        "artist": "Yui Horie",
        "type": "Opening 1",
        "correctCount": 164,
        "startTime": 2,
        "songDuration": 88.032,
        "songNumber": 47,
        "activePlayerCount": 264,
        "LinkVideo": "https://files.catbox.moe/4civpo.webm",
        "LinkMp3": "https://files.catbox.moe/pky99k.mp3"
    },
    {
        "animeEng": "Love Live! Sunshine!!",
        "animeRomaji": "Love Live! School idol project Sunshine!!",
        "songName": "Yuuki wa Doko ni? Kimi no Mune ni!",
        "artist": "Rikako Aida & Aika Kobayashi",
        "type": "Ending 4",
        "correctCount": 107,
        "startTime": 35,
        "songDuration": 99.185234,
        "songNumber": 48,
        "activePlayerCount": 265,
        "LinkVideo": "https://files.catbox.moe/6dudr1.webm",
        "LinkMp3": "https://files.catbox.moe/h5ke2l.mp3"
    },
    {
        "animeEng": "Ecchan the Ninja",
        "animeRomaji": "Sarutobi Ecchan",
        "songName": "Ecchan",
        "artist": "Eiko Masuyama",
        "type": "Opening 1",
        "correctCount": 4,
        "startTime": 12,
        "songDuration": 48.864,
        "songNumber": 49,
        "activePlayerCount": 264,
        "LinkVideo": "https://files.catbox.moe/n5qxkd.webm",
        "LinkMp3": "https://files.catbox.moe/gzvn20.mp3",
        "correctPlayers": [
            "EmperorPenguin",
            "Hoomanity001",
            "deoxysz",
            "Moegi"
        ]
    },
    {
        "animeEng": "Fairy Musketeers",
        "animeRomaji": "Fairy Musketeers",
        "songName": "Happy Loop!",
        "artist": "Yukari Tamura",
        "type": "Insert Song",
        "correctCount": 4,
        "startTime": 6,
        "songDuration": 111.044622,
        "songNumber": 50,
        "activePlayerCount": 263,
        "LinkVideo": "https://files.catbox.moe/37yq7n.webm",
        "LinkMp3": "https://files.catbox.moe/gfygql.mp3",
        "correctPlayers": [
            "heyhey",
            "Huntson",
            "watashiii",
            "ArukasFrost"
        ]
    },
    {
        "animeEng": "Forest of Piano",
        "animeRomaji": "Piano no Mori",
        "songName": "Umi e",
        "artist": "Kai Ichinose",
        "type": "Opening 1",
        "correctCount": 157,
        "startTime": 3,
        "songDuration": 89.544,
        "songNumber": 51,
        "activePlayerCount": 263,
        "LinkVideo": "https://files.catbox.moe/lczge7.webm",
        "LinkMp3": "https://files.catbox.moe/1jhtu6.mp3"
    },
    {
        "animeEng": "Psycho-Pass Movie",
        "animeRomaji": "Gekij\u014dban Psycho-Pass",
        "songName": "Namae no Nai Kaibutsu",
        "artist": "EGOIST",
        "type": "Ending 1",
        "correctCount": 157,
        "startTime": 62,
        "songDuration": 306.071474,
        "songNumber": 52,
        "activePlayerCount": 263,
        "LinkVideo": "https://files.catbox.moe/tbrtsa.webm",
        "LinkMp3": "https://files.catbox.moe/eep87v.mp3"
    },
    {
        "animeEng": "Joe vs. Joe",
        "animeRomaji": "Futari no Joe",
        "songName": "Tomo yo",
        "artist": "Yuji Ohya",
        "type": "Opening 1",
        "correctCount": 3,
        "startTime": 16,
        "songDuration": 88.512,
        "songNumber": 53,
        "activePlayerCount": 262,
        "LinkVideo": "https://files.catbox.moe/94qd0k.webm",
        "LinkMp3": "https://files.catbox.moe/qqq3pa.mp3",
        "correctPlayers": [
            "KamiNoChikara",
            "mkby",
            "junninbr"
        ]
    },
    {
        "animeEng": "Tokyo Majin",
        "animeRomaji": "Tokyo Majin Gakuen Kenpucho: Tou",
        "songName": "Hanafubuki",
        "artist": "ACID",
        "type": "Ending 1",
        "correctCount": 6,
        "startTime": 50,
        "songDuration": 84.552,
        "songNumber": 54,
        "activePlayerCount": 262,
        "LinkVideo": "https://files.catbox.moe/xnit3u.webm",
        "LinkMp3": "https://files.catbox.moe/twneai.mp3"
    },
    {
        "animeEng": "Idol Time PriPara",
        "animeRomaji": "Idol Time PriPara",
        "songName": "Ticktock Magical Idol Time!",
        "artist": "Arisa Date",
        "type": "Insert Song",
        "correctCount": 21,
        "startTime": 65,
        "songDuration": 178.073674,
        "songNumber": 55,
        "activePlayerCount": 260,
        "LinkVideo": "https://files.catbox.moe/oy4245.webm",
        "LinkMp3": "https://files.catbox.moe/xyh9z5.mp3"
    },
    {
        "animeEng": "Senki Zessh\u014d Symphogear AXZ",
        "animeRomaji": "Senki Zessh\u014d Symphogear AXZ",
        "songName": "Shit\u014d -Ewigkeit-",
        "artist": "Minako Kotobuki, Sh\u014dta Aoi, Rina Hidaka",
        "type": "Insert Song",
        "correctCount": 2,
        "startTime": 128,
        "songDuration": 230.64,
        "songNumber": 56,
        "activePlayerCount": 261,
        "LinkVideo": "https://files.catbox.moe/ghma0t.webm",
        "LinkMp3": "https://files.catbox.moe/1ihi4c.mp3",
        "correctPlayers": [
            "blissfulyoshi",
            "94hrss"
        ]
    },
    {
        "animeEng": "Dash Machine Hayabusa",
        "animeRomaji": "Machine Hayabusa",
        "songName": "Dash! Machine Hayabusa",
        "artist": "Ichiro Mizuki",
        "type": "Opening 1",
        "correctCount": 18,
        "startTime": 25,
        "songDuration": 64.968,
        "songNumber": 57,
        "activePlayerCount": 259,
        "LinkVideo": "https://files.catbox.moe/8u8mf2.webm",
        "LinkMp3": "https://files.catbox.moe/knlltu.mp3"
    },
    {
        "animeEng": "Crayon Shin-chan: Henderland no Daib\u014dken",
        "animeRomaji": "Crayon Shin-chan: Henderland no Daib\u014dken",
        "songName": "SIX COLORS BOY",
        "artist": "Akiko Hinagata",
        "type": "Ending 1",
        "correctCount": 1,
        "startTime": 81,
        "songDuration": 148.056,
        "songNumber": 58,
        "activePlayerCount": 258,
        "LinkVideo": "https://files.catbox.moe/3hm5cu.webm",
        "LinkMp3": "https://files.catbox.moe/bo86ug.mp3",
        "correctPlayers": [
            "e56123"
        ]
    },
    {
        "animeEng": "Natsume's Book of Friends Season 4",
        "animeRomaji": "Natsume Y\u016bjinch\u014d Shi",
        "songName": "Ima, Kono Toki",
        "artist": "Hiiragi",
        "type": "Opening 1",
        "correctCount": 38,
        "startTime": 28,
        "songDuration": 88.824,
        "songNumber": 59,
        "activePlayerCount": 259,
        "LinkVideo": "https://files.catbox.moe/s1gg2q.webm",
        "LinkMp3": "https://files.catbox.moe/bint3u.mp3"
    },
    {
        "animeEng": "Babel II - Beyond Infinity",
        "animeRomaji": "Babel Nisei",
        "songName": "landscape",
        "artist": "etre",
        "type": "Ending 1",
        "correctCount": 0,
        "startTime": 55,
        "songDuration": 88.68,
        "songNumber": 60,
        "activePlayerCount": 258,
        "LinkVideo": "https://files.catbox.moe/ipfj02.webm",
        "LinkMp3": "https://files.catbox.moe/ouki6a.mp3"
    },
    {
        "animeEng": "Hetalia World Series",
        "animeRomaji": "Hetalia World Series",
        "songName": "Marukaite Chikyuu",
        "artist": "Hiroki Takahashi",
        "type": "Ending 2",
        "correctCount": 202,
        "startTime": 0,
        "songDuration": 29.52,
        "songNumber": 61,
        "activePlayerCount": 257,
        "LinkVideo": "https://files.catbox.moe/i0fvyy.webm",
        "LinkMp3": "https://files.catbox.moe/f5t2i4.mp3"
    },
    {
        "animeEng": "Monster Rancher",
        "animeRomaji": "Monster Farm - Enbanseki no Himitsu",
        "songName": "Kaze ga Soyogu Basho",
        "artist": "Miho Komatsu",
        "type": "Opening 1",
        "correctCount": 16,
        "startTime": 2,
        "songDuration": 88.704,
        "songNumber": 62,
        "activePlayerCount": 256,
        "LinkVideo": "https://files.catbox.moe/sremtu.webm",
        "LinkMp3": "https://files.catbox.moe/lfobb4.mp3"
    },
    {
        "animeEng": "Mitsudomoe",
        "animeRomaji": "Mitsudomoe",
        "songName": "Yume-iro no Koi (Hikigatari)",
        "artist": "Saori Atsumi",
        "type": "Ending 2",
        "correctCount": 12,
        "startTime": 19,
        "songDuration": 88.94541,
        "songNumber": 63,
        "activePlayerCount": 256,
        "LinkVideo": "https://files.catbox.moe/8adz1q.webm",
        "LinkMp3": "https://files.catbox.moe/yum9ms.mp3"
    },
    {
        "animeEng": "Eiga Crayon Shin-chan Sh\u016brai! Uch\u016bjin Shiriri",
        "animeRomaji": "Eiga Crayon Shin-chan Sh\u016brai! Uch\u016bjin Shiriri",
        "songName": "Kimi ni 100 Percent",
        "artist": "Kyary Pamyu Pamyu",
        "type": "Opening 1",
        "correctCount": 175,
        "startTime": 7,
        "songDuration": 64.968,
        "songNumber": 64,
        "activePlayerCount": 256,
        "LinkVideo": "https://files.catbox.moe/u5o5ht.webm",
        "LinkMp3": "https://files.catbox.moe/10kzyd.mp3"
    },
    {
        "animeEng": "Pok\u00e9mon the Movie: White - Victini and Zekrom",
        "animeRomaji": "Gekij\u014dban Pocket Monsters: Best Wishes! Victini to Kuroki Eiy\u016b Zekrom",
        "songName": "Best Wishes! (MOVIE EDIT)",
        "artist": "Rica Matsumoto",
        "type": "Opening 1",
        "correctCount": 12,
        "startTime": 46,
        "songDuration": 177.264,
        "songNumber": 65,
        "activePlayerCount": 256,
        "LinkVideo": "https://files.catbox.moe/84nltu.webm",
        "LinkMp3": "https://files.catbox.moe/zhfza0.mp3"
    },
    {
        "animeEng": "The Pilot's Love Song",
        "animeRomaji": "Toaru Hik\u016bshi e no Koiuta",
        "songName": "Kaze ga Shitteru",
        "artist": "Akai K\u014d-en",
        "type": "Ending 1",
        "correctCount": 10,
        "startTime": 39,
        "songDuration": 88.752,
        "songNumber": 66,
        "activePlayerCount": 256,
        "LinkVideo": "https://files.catbox.moe/eg76s1.webm",
        "LinkMp3": "https://files.catbox.moe/v05fsb.mp3"
    },
    {
        "animeEng": "Glass Mask",
        "animeRomaji": "Glass Mask",
        "songName": "Promise",
        "artist": "Candy",
        "type": "Opening 1",
        "correctCount": 6,
        "startTime": 43,
        "songDuration": 89.976,
        "songNumber": 67,
        "activePlayerCount": 256,
        "LinkVideo": "https://files.catbox.moe/unopbk.webm",
        "LinkMp3": "https://files.catbox.moe/xrydem.mp3"
    },
    {
        "animeEng": "Kiddy Grade: Ignition",
        "animeRomaji": "Kiddy Grade: Ignition",
        "songName": "Mirai no Kioku",
        "artist": "YUKA",
        "type": "Insert Song",
        "correctCount": 10,
        "startTime": 22,
        "songDuration": 287.352,
        "songNumber": 68,
        "activePlayerCount": 256,
        "LinkVideo": "https://files.catbox.moe/mq174t.webm",
        "LinkMp3": "https://files.catbox.moe/5iqahi.mp3"
    },
    {
        "animeEng": "Eiga Mah\u014dtsukai Precure! Kiseki no Henshin! Cure Mofurun!",
        "animeRomaji": "Eiga Mah\u014dtsukai Precure! Kiseki no Henshin! Cure Mofurun!",
        "songName": "Mah\u014d a la D\u014dmo",
        "artist": "Rie Takahashi, Yui Horie, Saori Hayami",
        "type": "Ending 1",
        "correctCount": 138,
        "startTime": 73,
        "songDuration": 119.63876,
        "songNumber": 69,
        "activePlayerCount": 257,
        "LinkVideo": "https://files.catbox.moe/dfsl7i.webm",
        "LinkMp3": "https://files.catbox.moe/cwek8z.mp3"
    },
    {
        "animeEng": "Case Closed: The Phantom of Baker Street",
        "animeRomaji": "Meitantei Conan: Baker Street no B\u014drei",
        "songName": "Everlasting",
        "artist": "B'z",
        "type": "Ending 1",
        "correctCount": 6,
        "startTime": 69,
        "songDuration": 217.056,
        "songNumber": 70,
        "activePlayerCount": 258,
        "LinkVideo": "https://files.catbox.moe/503i1q.webm",
        "LinkMp3": "https://files.catbox.moe/kf51cm.mp3"
    },
    {
        "animeEng": "Christmas in January",
        "animeRomaji": "Ichigatsu ni wa Christmas",
        "songName": "Fuyu no nai Calendar",
        "artist": "Ritsuko Okazaki",
        "type": "Ending 1",
        "correctCount": 0,
        "startTime": 57,
        "songDuration": 184.447442,
        "songNumber": 71,
        "activePlayerCount": 258,
        "LinkVideo": "https://files.catbox.moe/fjgox0.webm",
        "LinkMp3": "https://files.catbox.moe/aid5yk.mp3"
    },
    {
        "animeEng": "The Guyver: Bio-Booster Armor",
        "animeRomaji": "Ky\u014dshoku S\u014dk\u014d Guyver",
        "songName": "GUYVER!! ~Mou Hitori no Ore~",
        "artist": "Katsumi Yamaura",
        "type": "Ending 2",
        "correctCount": 2,
        "startTime": 17,
        "songDuration": 110.544,
        "songNumber": 72,
        "activePlayerCount": 258,
        "LinkVideo": "https://files.catbox.moe/9njijg.webm",
        "LinkMp3": "https://files.catbox.moe/ffbt38.mp3",
        "correctPlayers": [
            "Zurex",
            "junninbr"
        ]
    },
    {
        "animeEng": "Berserk: The Golden Age Arc II - The Battle for Doldrey",
        "animeRomaji": "Berserk \u014cgon Jidai-Hen II: Doldrey K\u014dryaku",
        "songName": "Aria",
        "artist": "Susumu Hirasawa",
        "type": "Opening 1",
        "correctCount": 175,
        "startTime": 5,
        "songDuration": 91.752,
        "songNumber": 73,
        "activePlayerCount": 258,
        "LinkVideo": "https://files.catbox.moe/5agv0h.webm",
        "LinkMp3": "https://files.catbox.moe/00tgk2.mp3"
    },
    {
        "animeEng": "Assemble Insert",
        "animeRomaji": "Assemble Insert",
        "songName": "Love & Power",
        "artist": "Hiroko Kasahara",
        "type": "Insert Song",
        "correctCount": 3,
        "startTime": 38,
        "songDuration": 118.176,
        "songNumber": 74,
        "activePlayerCount": 256,
        "LinkVideo": "https://files.catbox.moe/585bof.webm",
        "LinkMp3": "https://files.catbox.moe/o4jni0.mp3",
        "correctPlayers": [
            "NMapper",
            "ElDonte",
            "vovoxpertz"
        ]
    },
    {
        "animeEng": "Phantasy Star Online 2 Comic",
        "animeRomaji": "Puso ni Comi",
        "songName": "Ni Co\u2606mmunication",
        "artist": "Amane + Beat Mario (COOL&CREATE)",
        "type": "Opening 1",
        "correctCount": 34,
        "startTime": 0,
        "songDuration": 20.016,
        "songNumber": 75,
        "activePlayerCount": 256,
        "LinkVideo": "https://files.catbox.moe/73h03v.webm",
        "LinkMp3": "https://files.catbox.moe/tqzwxx.mp3"
    }
]