[
    {
        "animeEng": "From the New World",
        "animeRomaji": "Shin Sekai Yori",
        "songName": "Wareta Ringo",
        "artist": "Risa Taneda",
        "type": "Ending 1",
        "correctCount": 117,
        "startTime": 38,
        "songDuration": 89.04,
        "songNumber": 1,
        "activePlayerCount": 252,
        "LinkVideo": "https://files.catbox.moe/tmas1a.webm",
        "LinkMp3": "https://files.catbox.moe/7zsh0h.mp3"
    },
    {
        "animeEng": "Re:CREATORS",
        "animeRomaji": "Re:CREATORS",
        "songName": "gravityWall",
        "artist": "SawanoHiroyuki[nZk]:Tielle & Gemie",
        "type": "Opening 1",
        "correctCount": 168,
        "startTime": 37,
        "songDuration": 87.696,
        "songNumber": 2,
        "activePlayerCount": 256,
        "LinkVideo": "https://files.catbox.moe/4c0d3l.webm",
        "LinkMp3": "https://files.catbox.moe/omvp1h.mp3"
    },
    {
        "animeEng": "Love Lab",
        "animeRomaji": "Love Lab",
        "songName": "Love Shitai!",
        "artist": "Fuji-Jo Seitokai Shikkou-bu",
        "type": "Opening 1",
        "correctCount": 70,
        "startTime": 29,
        "songDuration": 90.984,
        "songNumber": 3,
        "activePlayerCount": 257,
        "LinkVideo": "https://files.catbox.moe/9twgjj.webm",
        "LinkMp3": "https://files.catbox.moe/3iyai3.mp3"
    },
    {
        "animeEng": "If It's for My Daughter, I'd Even Defeat a Demon Lord",
        "animeRomaji": "Uchi no Ko no Tame naraba, Ore wa Moshikashitara Ma\u014d mo Taoseru kamo Shirenai.",
        "songName": "I'm with you",
        "artist": "Kanon Takao",
        "type": "Opening 1",
        "correctCount": 76,
        "startTime": 30,
        "songDuration": 89.112,
        "songNumber": 4,
        "activePlayerCount": 257,
        "LinkVideo": "https://files.catbox.moe/9mas7i.webm",
        "LinkMp3": "https://files.catbox.moe/ww7vxx.mp3"
    },
    {
        "animeEng": "Inazuma Eleven GO",
        "animeRomaji": "Inazuma Eleven GO",
        "songName": "Ohayou! Shining Day",
        "artist": "T-Pistonz+KMC",
        "type": "Ending 4",
        "correctCount": 63,
        "startTime": 1,
        "songDuration": 83.015716,
        "songNumber": 5,
        "activePlayerCount": 256,
        "LinkVideo": "https://files.catbox.moe/k0xuho.webm",
        "LinkMp3": "https://files.catbox.moe/nj8lej.mp3"
    },
    {
        "animeEng": "Fate/Extra Last Encore",
        "animeRomaji": "Fate/Extra Last Encore",
        "songName": "Bright Burning Shout",
        "artist": "Takanori Nishikawa",
        "type": "Opening 1",
        "correctCount": 104,
        "startTime": 12,
        "songDuration": 89.352,
        "songNumber": 6,
        "activePlayerCount": 256,
        "LinkVideo": "https://files.catbox.moe/fnodl4.webm",
        "LinkMp3": "https://files.catbox.moe/j9febd.mp3"
    },
    {
        "animeEng": "Day Break Illusion",
        "animeRomaji": "Genei o Kakeru Taiy\u014d",
        "songName": "tr\u00e4umerei",
        "artist": "LiSA",
        "type": "Opening 1",
        "correctCount": 99,
        "startTime": 56,
        "songDuration": 89.736,
        "songNumber": 7,
        "activePlayerCount": 258,
        "LinkVideo": "https://files.catbox.moe/jil0vz.webm",
        "LinkMp3": "https://files.catbox.moe/s97ii2.mp3"
    },
    {
        "animeEng": "To",
        "animeRomaji": "To",
        "songName": "Humanity",
        "artist": "Tetsuya Takahashi",
        "type": "Opening 1",
        "correctCount": 19,
        "startTime": 15,
        "songDuration": 62.472,
        "songNumber": 8,
        "activePlayerCount": 258,
        "LinkVideo": "https://files.catbox.moe/1sz019.webm",
        "LinkMp3": "https://files.catbox.moe/qoj6k3.mp3"
    },
    {
        "animeEng": "Cinderella Nine",
        "animeRomaji": "Hachigatsu no Cinderella Nine",
        "songName": "\u00c9tude",
        "artist": "Mewhan",
        "type": "Opening 1",
        "correctCount": 39,
        "startTime": 19,
        "songDuration": 86.16,
        "songNumber": 9,
        "activePlayerCount": 257,
        "LinkVideo": "https://files.catbox.moe/k6mi9v.webm",
        "LinkMp3": "https://files.catbox.moe/16a0r8.mp3"
    },
    {
        "animeEng": "Magical Project S",
        "animeRomaji": "Mah\u014d Sh\u014djo Pretty Sammy",
        "songName": "Pretty Coquettish Bomber!",
        "artist": "Chisa Yokoyama",
        "type": "Insert Song",
        "correctCount": 2,
        "startTime": 14,
        "songDuration": 102.999046,
        "songNumber": 10,
        "activePlayerCount": 257,
        "LinkVideo": "https://files.catbox.moe/tp7zco.webm",
        "LinkMp3": "https://files.catbox.moe/med2rx.mp3",
        "correctPlayers": [
            "watashiii",
            "zukkyun"
        ]
    },
    {
        "animeEng": "Haruchika: Haruta & Chika",
        "animeRomaji": "HaruChika: Haruta to Chika wa Seishun Suru",
        "songName": "Niji o Ametara",
        "artist": "fh\u00e1na",
        "type": "Opening 1",
        "correctCount": 100,
        "startTime": 55,
        "songDuration": 89.568,
        "songNumber": 11,
        "activePlayerCount": 255,
        "LinkVideo": "https://files.catbox.moe/hd7ael.webm",
        "LinkMp3": "https://files.catbox.moe/3gruid.mp3"
    },
    {
        "animeEng": "Friends: Naki of Monster Island",
        "animeRomaji": "Friends: Mononoke Shima no Naki",
        "songName": "SMILE",
        "artist": "MISIA",
        "type": "Ending 1",
        "correctCount": 1,
        "startTime": 180,
        "songDuration": 219.072,
        "songNumber": 12,
        "activePlayerCount": 254,
        "LinkVideo": "https://files.catbox.moe/elpjiv.webm",
        "LinkMp3": "https://files.catbox.moe/8vb4mg.mp3",
        "correctPlayers": [
            "Steelrocket"
        ]
    },
    {
        "animeEng": "Akahori Ged\u014d Hour Rabuge",
        "animeRomaji": "Akahori Ged\u014d Hour Rabuge",
        "songName": "Gedou dayo! Zenin Shuugou!",
        "artist": "Gedou Otometai",
        "type": "Insert Song",
        "correctCount": 5,
        "startTime": 32,
        "songDuration": 116.060046,
        "songNumber": 13,
        "activePlayerCount": 253,
        "LinkVideo": "https://files.catbox.moe/5zi6o4.webm",
        "LinkMp3": "https://files.catbox.moe/dtrneb.mp3",
        "correctPlayers": [
            "Keiko",
            "OnlyLittleBuster",
            "sukisho",
            "nyamu",
            "Moegi"
        ]
    },
    {
        "animeEng": "Planzet",
        "animeRomaji": "Planzet",
        "songName": "Ry\u016bg\u016b no Tsukai",
        "artist": "Chitose Hajime",
        "type": "Ending 1",
        "correctCount": 1,
        "startTime": 69,
        "songDuration": 323.328,
        "songNumber": 14,
        "activePlayerCount": 253,
        "LinkVideo": "https://files.catbox.moe/ojeghj.webm",
        "LinkMp3": "https://files.catbox.moe/qe7wva.mp3",
        "correctPlayers": [
            "aaronxps"
        ]
    },
    {
        "animeEng": "Phi Brain - Puzzle of God",
        "animeRomaji": "Phi-Brain - Kami no Puzzle",
        "songName": "Brain Diver",
        "artist": "May'n",
        "type": "Opening 1",
        "correctCount": 75,
        "startTime": 13,
        "songDuration": 88.992,
        "songNumber": 15,
        "activePlayerCount": 254,
        "LinkVideo": "https://files.catbox.moe/1fonmd.webm",
        "LinkMp3": "https://files.catbox.moe/jlssml.mp3"
    },
    {
        "animeEng": "The Troubled Life of Miss Kotoura",
        "animeRomaji": "Kotoura-san",
        "songName": "Sonna Koto Ura no Mata Urabanashi Desho?",
        "artist": "Megumi Nakajima",
        "type": "Opening 1",
        "correctCount": 116,
        "startTime": 42,
        "songDuration": 86.047325,
        "songNumber": 16,
        "activePlayerCount": 254,
        "LinkVideo": "https://files.catbox.moe/d668ji.webm",
        "LinkMp3": "https://files.catbox.moe/gxe1vj.mp3"
    },
    {
        "animeEng": "A Place Further Than the Universe",
        "animeRomaji": "Sora yori mo T\u014di Basho",
        "songName": "Mata ne",
        "artist": "saya",
        "type": "Ending 2",
        "correctCount": 98,
        "startTime": 129,
        "songDuration": 192.414652,
        "songNumber": 17,
        "activePlayerCount": 253,
        "LinkVideo": "https://files.catbox.moe/4b7tjq.webm",
        "LinkMp3": "https://files.catbox.moe/7jsh40.mp3"
    },
    {
        "animeEng": "Altair: A Record of Battles",
        "animeRomaji": "Sh\u014dkoku no Altair",
        "songName": "Windy",
        "artist": "CHEMISTRY",
        "type": "Ending 2",
        "correctCount": 21,
        "startTime": 31,
        "songDuration": 87.72,
        "songNumber": 18,
        "activePlayerCount": 254,
        "LinkVideo": "https://files.catbox.moe/4w68ij.webm",
        "LinkMp3": "https://files.catbox.moe/cgbwad.mp3"
    },
    {
        "animeEng": "Samurai Gun",
        "animeRomaji": "Samurai Gun",
        "songName": "Zutto... Issho",
        "artist": "Minori Chihara",
        "type": "Ending 2",
        "correctCount": 4,
        "startTime": 20,
        "songDuration": 91.248,
        "songNumber": 19,
        "activePlayerCount": 252,
        "LinkVideo": "https://files.catbox.moe/dmik1c.webm",
        "LinkMp3": "https://files.catbox.moe/vehhmi.mp3",
        "correctPlayers": [
            "shizume",
            "asleep",
            "SuperstarPearl",
            "shadowpandax"
        ]
    },
    {
        "animeEng": "Negima!",
        "animeRomaji": "Mahou Sensei Negima!",
        "songName": "Happy\u2606Material (Acoustic Version)",
        "artist": "Shigenobu Ookawa",
        "type": "Ending 3",
        "correctCount": 54,
        "startTime": 2,
        "songDuration": 100.584,
        "songNumber": 20,
        "activePlayerCount": 251,
        "LinkVideo": "https://files.catbox.moe/u6v62m.webm",
        "LinkMp3": "https://files.catbox.moe/l6dkuk.mp3"
    },
    {
        "animeEng": "Medabots",
        "animeRomaji": "Medarot",
        "songName": "Chie to Yuuki da! Medarot",
        "artist": "Junko Takeuchi",
        "type": "Opening 1",
        "correctCount": 64,
        "startTime": 36,
        "songDuration": 85.008,
        "songNumber": 21,
        "activePlayerCount": 251,
        "LinkVideo": "https://files.catbox.moe/8dgqc8.webm",
        "LinkMp3": "https://files.catbox.moe/0o55wu.mp3"
    },
    {
        "animeEng": "I've Had Enough of Being a Magical Girl.",
        "animeRomaji": "Mah\u014d Sh\u014djo Nante m\u014d ii desu kara.",
        "songName": "Yume-iro Toridori Parade\u266b",
        "artist": "Earth Star Dream",
        "type": "Opening 1",
        "correctCount": 91,
        "startTime": 5,
        "songDuration": 45.096,
        "songNumber": 22,
        "activePlayerCount": 251,
        "LinkVideo": "https://files.catbox.moe/jqmzps.webm",
        "LinkMp3": "https://files.catbox.moe/53hvhy.mp3"
    },
    {
        "animeEng": "Bakuman.",
        "animeRomaji": "Bakuman.",
        "songName": "Pride on Everyday",
        "artist": "Sphere",
        "type": "Ending 1",
        "correctCount": 25,
        "startTime": 18,
        "songDuration": 102.744,
        "songNumber": 23,
        "activePlayerCount": 250,
        "LinkVideo": "https://files.catbox.moe/ub8mpt.webm",
        "LinkMp3": "https://files.catbox.moe/i3qleb.mp3"
    },
    {
        "animeEng": "Sasuke",
        "animeRomaji": "Sasuke",
        "songName": "Sasuke",
        "artist": "Honey Nights",
        "type": "Opening 1",
        "correctCount": 178,
        "startTime": 2,
        "songDuration": 75.216,
        "songNumber": 24,
        "activePlayerCount": 250,
        "LinkVideo": "https://files.catbox.moe/l0ghtj.webm",
        "LinkMp3": "https://files.catbox.moe/8jvjqg.mp3"
    },
    {
        "animeEng": "The Legend of the Legendary Heroes",
        "animeRomaji": "Densetsu no Y\u016bsha no Densetsu",
        "songName": "LAMENT~Yagate Yorokobi o~",
        "artist": "Aira Yuuki",
        "type": "Opening 1",
        "correctCount": 50,
        "startTime": 44,
        "songDuration": 87.84,
        "songNumber": 25,
        "activePlayerCount": 250,
        "LinkVideo": "https://files.catbox.moe/lc0ydq.webm",
        "LinkMp3": "https://files.catbox.moe/7hpxfk.mp3"
    },
    {
        "animeEng": "Strike Witches",
        "animeRomaji": "Strike Witches",
        "songName": "Bookmark A Head",
        "artist": "Saeko Chiba & Miyuki Sawashiro",
        "type": "Ending 10",
        "correctCount": 47,
        "startTime": 16,
        "songDuration": 89.52,
        "songNumber": 26,
        "activePlayerCount": 249,
        "LinkVideo": "https://files.catbox.moe/3s9mzs.webm",
        "LinkMp3": "https://files.catbox.moe/ichvlq.mp3"
    },
    {
        "animeEng": "Harbor Light Story - Fashion Lala yori",
        "animeRomaji": "Harbor Light Story - Fashion Lala yori",
        "songName": "Destiny Light",
        "artist": "Naomi Masuda",
        "type": "Opening 1",
        "correctCount": 6,
        "startTime": 19,
        "songDuration": 117.864,
        "songNumber": 27,
        "activePlayerCount": 248,
        "LinkVideo": "https://files.catbox.moe/4n2lm2.webm",
        "LinkMp3": "https://files.catbox.moe/x7ydxu.mp3"
    },
    {
        "animeEng": "Alice in Borderland",
        "animeRomaji": "Imawa no Kuni no Alice",
        "songName": "NEXTAGE",
        "artist": "i\u2606Ris",
        "type": "Opening 1",
        "correctCount": 53,
        "startTime": 0,
        "songDuration": 38.808,
        "songNumber": 28,
        "activePlayerCount": 247,
        "LinkVideo": "https://files.catbox.moe/cvceyn.webm",
        "LinkMp3": "https://files.catbox.moe/utkpxc.mp3"
    },
    {
        "animeEng": "PERSONA5 the Animation",
        "animeRomaji": "PERSONA5 the Animation",
        "songName": "IT'S TOO LATE",
        "artist": "Lyn",
        "type": "Insert Song",
        "correctCount": 132,
        "startTime": 35,
        "songDuration": 116.088,
        "songNumber": 29,
        "activePlayerCount": 247,
        "LinkVideo": "https://files.catbox.moe/723qxw.webm",
        "LinkMp3": "https://files.catbox.moe/tz9okq.mp3"
    },
    {
        "animeEng": "Seven Senses of the Re'Union",
        "animeRomaji": "Shichisei no Subaru",
        "songName": "360\u00b0 Hoshi no Orchestra",
        "artist": "petit milady",
        "type": "Opening 1",
        "correctCount": 54,
        "startTime": 10,
        "songDuration": 88.872,
        "songNumber": 30,
        "activePlayerCount": 247,
        "LinkVideo": "https://files.catbox.moe/b8kqn0.webm",
        "LinkMp3": "https://files.catbox.moe/ufarce.mp3"
    },
    {
        "animeEng": "Outburst Dreamer Boys",
        "animeRomaji": "Ch\u016bby\u014d Gekihatsu Boy",
        "songName": "KISS FOR LOVE",
        "artist": "Rikuya Yasuda",
        "type": "Insert Song",
        "correctCount": 29,
        "startTime": 4,
        "songDuration": 39.696,
        "songNumber": 31,
        "activePlayerCount": 247,
        "LinkVideo": "https://files.catbox.moe/zgklzj.webm",
        "LinkMp3": "https://files.catbox.moe/eq67vh.mp3"
    },
    {
        "animeEng": "Saber Marionette R",
        "animeRomaji": "Saber Marionette R",
        "songName": "Dakishimete Lovin' you",
        "artist": "Megumi Hayashibara, Yuri Shiratori, & Akiko Hiramatsu",
        "type": "Ending 1",
        "correctCount": 4,
        "startTime": 29,
        "songDuration": 79.056,
        "songNumber": 32,
        "activePlayerCount": 247,
        "LinkVideo": "https://files.catbox.moe/50dett.webm",
        "LinkMp3": "https://files.catbox.moe/qqb6t9.mp3",
        "correctPlayers": [
            "ensorcell",
            "zukkyun",
            "yeims",
            "GGius"
        ]
    },
    {
        "animeEng": "Fastest Finger First",
        "animeRomaji": "Nana Maru San Batsu",
        "songName": "On My MiND",
        "artist": "Mrs. Green Apple",
        "type": "Opening 1",
        "correctCount": 106,
        "startTime": 39,
        "songDuration": 88.872,
        "songNumber": 33,
        "activePlayerCount": 248,
        "LinkVideo": "https://files.catbox.moe/fc43iy.webm",
        "LinkMp3": "https://files.catbox.moe/f5japh.mp3"
    },
    {
        "animeEng": "Is It Wrong to Try to Pick Up Girls in a Dungeon? III",
        "animeRomaji": "Dungeon ni Deai o Motomeru no wa Machigatteiru Dar\u014d ka III",
        "songName": "over and over",
        "artist": "Yuka Iguchi",
        "type": "Opening 1",
        "correctCount": 84,
        "startTime": 42,
        "songDuration": 89.232,
        "songNumber": 34,
        "activePlayerCount": 248,
        "LinkVideo": "https://files.catbox.moe/ntfdh6.webm",
        "LinkMp3": "https://files.catbox.moe/u7klol.mp3"
    },
    {
        "animeEng": "BONJOUR Sweet Love Patisserie",
        "animeRomaji": "BONJOUR Sweet Love Patisserie",
        "songName": "Bonjour\u266aMagic",
        "artist": "Les*Fleurirs",
        "type": "Opening 1",
        "correctCount": 191,
        "startTime": 0,
        "songDuration": 29.52,
        "songNumber": 35,
        "activePlayerCount": 248,
        "LinkVideo": "https://files.catbox.moe/8oloz0.webm",
        "LinkMp3": "https://files.catbox.moe/959z9v.mp3"
    },
    {
        "animeEng": "A Certain Scientific Railgun OVA",
        "animeRomaji": "Toaru Kagaku no Railgun OVA",
        "songName": "future gazer",
        "artist": "fripSide",
        "type": "Opening 1",
        "correctCount": 169,
        "startTime": 60,
        "songDuration": 95.064,
        "songNumber": 36,
        "activePlayerCount": 246,
        "LinkVideo": "https://files.catbox.moe/ho58px.webm",
        "LinkMp3": "https://files.catbox.moe/op3ni7.mp3"
    },
    {
        "animeEng": "Penguindrum",
        "animeRomaji": "Mawaru Penguindrum",
        "songName": "HEROES ~Eiy\u016b-tachi",
        "artist": "Triple H",
        "type": "Ending 10",
        "correctCount": 21,
        "startTime": 55,
        "songDuration": 95.04,
        "songNumber": 37,
        "activePlayerCount": 246,
        "LinkVideo": "https://files.catbox.moe/oshvyf.webm",
        "LinkMp3": "https://files.catbox.moe/hsir2i.mp3"
    },
    {
        "animeEng": "Crayon Shin-chan: Action Kamen vs Haigure Mao",
        "animeRomaji": "Crayon Shin-chan: Action Kamen vs Haigure Mao",
        "songName": "Boku wa Eien no Okosama",
        "artist": "Mew",
        "type": "Ending 1",
        "correctCount": 2,
        "startTime": 101,
        "songDuration": 146.88,
        "songNumber": 38,
        "activePlayerCount": 245,
        "LinkVideo": "https://files.catbox.moe/nmfluy.webm",
        "LinkMp3": "https://files.catbox.moe/i8xpwr.mp3",
        "correctPlayers": [
            "hitoshiki",
            "angelofeternity"
        ]
    },
    {
        "animeEng": "Barrier Master",
        "animeRomaji": "Kekkaishi",
        "songName": "Sha la la - Ayakashi NIGHT",
        "artist": "Saeka Uura",
        "type": "Opening 1",
        "correctCount": 43,
        "startTime": 13,
        "songDuration": 85.079354,
        "songNumber": 39,
        "activePlayerCount": 245,
        "LinkVideo": "https://files.catbox.moe/5u8gpi.webm",
        "LinkMp3": "https://files.catbox.moe/8w5rp5.mp3"
    },
    {
        "animeEng": "To LOVE-Ru",
        "animeRomaji": "To LOVE-Ru",
        "songName": "Lucky Tune",
        "artist": "Anna",
        "type": "Ending 2",
        "correctCount": 96,
        "startTime": 44,
        "songDuration": 89.568,
        "songNumber": 40,
        "activePlayerCount": 246,
        "LinkVideo": "https://files.catbox.moe/ijq5to.webm",
        "LinkMp3": "https://files.catbox.moe/1jmdzi.mp3"
    },
    {
        "animeEng": "Mecha-Ude",
        "animeRomaji": "Mecha-Ude",
        "songName": "Ambivalent",
        "artist": "Eve",
        "type": "Ending 1",
        "correctCount": 21,
        "startTime": 47,
        "songDuration": 90.36,
        "songNumber": 41,
        "activePlayerCount": 244,
        "LinkVideo": "https://files.catbox.moe/ihbkkj.webm",
        "LinkMp3": "https://files.catbox.moe/b4ypez.mp3"
    },
    {
        "animeEng": "Morita-san wa Mukuchi.",
        "animeRomaji": "Morita-san wa Mukuchi.",
        "songName": "Motto Aishiaimasho",
        "artist": "Iori Nomizu",
        "type": "Opening 1",
        "correctCount": 44,
        "startTime": 0,
        "songDuration": 28.848,
        "songNumber": 42,
        "activePlayerCount": 245,
        "LinkVideo": "https://files.catbox.moe/uwdjhp.webm",
        "LinkMp3": "https://files.catbox.moe/ad8iti.mp3"
    },
    {
        "animeEng": "Neo Ranga",
        "animeRomaji": "Neo Ranga",
        "songName": "Kami to Nare",
        "artist": "Kuniaki Haishima",
        "type": "Opening 2",
        "correctCount": 16,
        "startTime": 7,
        "songDuration": 87.48,
        "songNumber": 43,
        "activePlayerCount": 244,
        "LinkVideo": "https://files.catbox.moe/b02389.webm",
        "LinkMp3": "https://files.catbox.moe/t5x1ix.mp3"
    },
    {
        "animeEng": "Healin' Good Pretty Cure",
        "animeRomaji": "Healin' Good Precure",
        "songName": "Everybody\u2606Healin' Good Day!",
        "artist": "Kanako Miyamoto",
        "type": "Ending 2",
        "correctCount": 30,
        "startTime": 26,
        "songDuration": 88.992,
        "songNumber": 44,
        "activePlayerCount": 242,
        "LinkVideo": "https://files.catbox.moe/0g5kex.webm",
        "LinkMp3": "https://files.catbox.moe/3kwnjk.mp3"
    },
    {
        "animeEng": "KINMOZA!",
        "animeRomaji": "kin-iro mosaic",
        "songName": "Your Voice",
        "artist": "Rhodanthe*",
        "type": "Ending 1",
        "correctCount": 88,
        "startTime": 35,
        "songDuration": 89.04,
        "songNumber": 45,
        "activePlayerCount": 243,
        "LinkVideo": "https://files.catbox.moe/87tida.webm",
        "LinkMp3": "https://files.catbox.moe/g88687.mp3"
    },
    {
        "animeEng": "Love Hina Spring Special - I Wish Your Dream",
        "animeRomaji": "Love Hina Haru Special ~Kimi Sakura Chiru Nakare!!~",
        "songName": "Sakura Saku",
        "artist": "Megumi Hayashibara",
        "type": "Ending 1",
        "correctCount": 163,
        "startTime": 39,
        "songDuration": 88.608,
        "songNumber": 46,
        "activePlayerCount": 242,
        "LinkVideo": "https://files.catbox.moe/iexv4g.webm",
        "LinkMp3": "https://files.catbox.moe/kny4t9.mp3"
    },
    {
        "animeEng": "Welcome to the Ballroom",
        "animeRomaji": "Ballroom e Y\u014dkoso",
        "songName": "It's like a symphony",
        "artist": "Akira Wada",
        "type": "Insert Song",
        "correctCount": 55,
        "startTime": 30,
        "songDuration": 69.048,
        "songNumber": 47,
        "activePlayerCount": 242,
        "LinkVideo": "https://files.catbox.moe/ad89py.webm",
        "LinkMp3": "https://files.catbox.moe/d26ptf.mp3"
    },
    {
        "animeEng": "Cara to Otamajakushi Shima",
        "animeRomaji": "Cara to Otamajakushi Shima",
        "songName": "Oh!AIWO",
        "artist": "HY",
        "type": "Opening 1",
        "correctCount": 12,
        "startTime": 11,
        "songDuration": 59.832,
        "songNumber": 48,
        "activePlayerCount": 242,
        "LinkVideo": "https://files.catbox.moe/a7c2a4.webm",
        "LinkMp3": "https://files.catbox.moe/4ay1bg.mp3"
    },
    {
        "animeEng": "Candy Candy",
        "animeRomaji": "Candy Candy",
        "songName": "Candy Candy",
        "artist": "Mitsuko Horie and The Chirps",
        "type": "Opening 1",
        "correctCount": 148,
        "startTime": 19,
        "songDuration": 68.16,
        "songNumber": 49,
        "activePlayerCount": 241,
        "LinkVideo": "https://files.catbox.moe/msls6d.webm",
        "LinkMp3": "https://files.catbox.moe/rolnck.mp3"
    },
    {
        "animeEng": "Star Driver",
        "animeRomaji": "Star Driver Kagayaki no Takuto",
        "songName": "SHINING\u2606STAR",
        "artist": "9nine",
        "type": "Opening 2",
        "correctCount": 58,
        "startTime": 50,
        "songDuration": 90.096,
        "songNumber": 50,
        "activePlayerCount": 241,
        "LinkVideo": "https://files.catbox.moe/n9yq5c.webm",
        "LinkMp3": "https://files.catbox.moe/f2k9mj.mp3"
    },
    {
        "animeEng": "Ajin: Demi-Human",
        "animeRomaji": "Ajin",
        "songName": "Yoru wa Nemureru kai?",
        "artist": "flumpool",
        "type": "Opening 1",
        "correctCount": 145,
        "startTime": 3,
        "songDuration": 89.496,
        "songNumber": 51,
        "activePlayerCount": 240,
        "LinkVideo": "https://files.catbox.moe/2l81zn.webm",
        "LinkMp3": "https://files.catbox.moe/i84lok.mp3"
    },
    {
        "animeEng": "Kingsglaive: Final Fantasy XV",
        "animeRomaji": "Kingsglaive: Final Fantasy XV",
        "songName": "Calling For Rain",
        "artist": "Hiroo Nakano, Neo Liu, Tu Hua Bing",
        "type": "Insert Song",
        "correctCount": 60,
        "startTime": 78,
        "songDuration": 118.224,
        "songNumber": 52,
        "activePlayerCount": 241,
        "LinkVideo": "https://files.catbox.moe/gbgeef.webm",
        "LinkMp3": "https://files.catbox.moe/hmjo05.mp3"
    },
    {
        "animeEng": "Crayon Shin-chan: Arashi o Yobu M\u014dretsu! Otona Teikoku no Gyakush\u016b",
        "animeRomaji": "Crayon Shin-chan: Arashi o Yobu M\u014dretsu! Otona Teikoku no Gyakush\u016b",
        "songName": "Shiroi Iro wa Koibito no Iro",
        "artist": "Betsy & Chris",
        "type": "Insert Song",
        "correctCount": 3,
        "startTime": 53,
        "songDuration": 114.72,
        "songNumber": 53,
        "activePlayerCount": 241,
        "LinkVideo": "https://files.catbox.moe/pwaw9n.webm",
        "LinkMp3": "https://files.catbox.moe/w76li4.mp3",
        "correctPlayers": [
            "hitoshiki",
            "Aleister_Crowley",
            "Nasya"
        ]
    },
    {
        "animeEng": ".hack//GIFT",
        "animeRomaji": ".hack//GIFT",
        "songName": "Obsession",
        "artist": "See-Saw",
        "type": "Opening 1",
        "correctCount": 147,
        "startTime": 25,
        "songDuration": 94.008,
        "songNumber": 54,
        "activePlayerCount": 238,
        "LinkVideo": "https://files.catbox.moe/1a8ot1.webm",
        "LinkMp3": "https://files.catbox.moe/11ici8.mp3"
    },
    {
        "animeEng": "Ushio & Tora",
        "animeRomaji": "Ushio & Tora",
        "songName": "Mazeru na Kiken",
        "artist": "Kinniku Sh\u014djo Tai",
        "type": "Opening 1",
        "correctCount": 114,
        "startTime": 29,
        "songDuration": 88.488,
        "songNumber": 55,
        "activePlayerCount": 238,
        "LinkVideo": "https://files.catbox.moe/wsm83t.webm",
        "LinkMp3": "https://files.catbox.moe/4dbck5.mp3"
    },
    {
        "animeEng": "Ai-Mai-Mi Surgical Friends",
        "animeRomaji": "Ai-Mai-Mi Surgical Friends",
        "songName": "Zenin Sh\u016bg\u014d Ai Mai Mii!!!",
        "artist": "Aya Uchida, Maaya Uchida, Yuka \u014ctsubo",
        "type": "Opening 1",
        "correctCount": 37,
        "startTime": 0,
        "songDuration": 29.570104,
        "songNumber": 56,
        "activePlayerCount": 238,
        "LinkVideo": "https://files.catbox.moe/nhmvic.webm",
        "LinkMp3": "https://files.catbox.moe/dkt14c.mp3"
    },
    {
        "animeEng": "Tokyo Mew Mew",
        "animeRomaji": "Tokyo Mew Mew",
        "songName": "Team up",
        "artist": "Bree Sharp",
        "type": "Opening 1",
        "correctCount": 135,
        "startTime": 18,
        "songDuration": 62.064,
        "songNumber": 57,
        "activePlayerCount": 238,
        "LinkVideo": "https://files.catbox.moe/6ixqj8.webm",
        "LinkMp3": "https://files.catbox.moe/1a1uxj.mp3"
    },
    {
        "animeEng": "Samurai Jam -Bakumatsu Rock-",
        "animeRomaji": "Bakumatsu Rock",
        "songName": "INTERSECT -Tenka Version",
        "artist": "Toshiyuki Morikawa & Kensho Ono",
        "type": "Insert Song",
        "correctCount": 3,
        "startTime": 13,
        "songDuration": 195.836634,
        "songNumber": 58,
        "activePlayerCount": 237,
        "LinkVideo": "https://files.catbox.moe/8iwjd7.webm",
        "LinkMp3": "https://files.catbox.moe/4ijcdn.mp3",
        "correctPlayers": [
            "illogicalsailboa",
            "sukisho",
            "Woonoo"
        ]
    },
    {
        "animeEng": "Lupin III: Island of Assassins",
        "animeRomaji": "Lupin Sansei: Walther P38",
        "songName": "Hiromi wo Wasurenaide",
        "artist": "Emi Shinohara",
        "type": "Ending 1",
        "correctCount": 2,
        "startTime": 42,
        "songDuration": 180.96,
        "songNumber": 59,
        "activePlayerCount": 237,
        "LinkVideo": "https://files.catbox.moe/lpxply.webm",
        "LinkMp3": "https://files.catbox.moe/rmia3v.mp3",
        "correctPlayers": [
            "Matthias",
            "CookieNami"
        ]
    },
    {
        "animeEng": "Hypnosis Mic -Division Rap Battle- Rhyme Anima",
        "animeRomaji": "Hypnosis Mic -Division Rap Battle- Rhyme Anima",
        "songName": "Kizuna -SHIBUYA ver.-",
        "artist": "Fling Posse",
        "type": "Ending 3",
        "correctCount": 89,
        "startTime": 25,
        "songDuration": 88.272,
        "songNumber": 60,
        "activePlayerCount": 237,
        "LinkVideo": "https://files.catbox.moe/kvbjb0.webm",
        "LinkMp3": "https://files.catbox.moe/z69bfy.mp3"
    },
    {
        "animeEng": "Yu-Gi-Oh! Arc-V",
        "animeRomaji": "Yu-Gi-Oh! Arc-V",
        "songName": "Speaking",
        "artist": "Mrs. GREEN APPLE",
        "type": "Ending 4",
        "correctCount": 27,
        "startTime": 50,
        "songDuration": 88.872,
        "songNumber": 61,
        "activePlayerCount": 236,
        "LinkVideo": "https://files.catbox.moe/yu2ri1.webm",
        "LinkMp3": "https://files.catbox.moe/we3dd3.mp3"
    },
    {
        "animeEng": "Elf-ban Kaky\u016bsei",
        "animeRomaji": "Elf-ban Kaky\u016bsei",
        "songName": "Suki to Ietara...",
        "artist": "Riko Sayama",
        "type": "Ending 1",
        "correctCount": 4,
        "startTime": 0,
        "songDuration": 104.16,
        "songNumber": 62,
        "activePlayerCount": 236,
        "LinkVideo": "https://files.catbox.moe/rkkh7d.webm",
        "LinkMp3": "https://files.catbox.moe/tgy1kt.mp3",
        "correctPlayers": [
            "watashiii",
            "SuperstarPearl",
            "redeyes",
            "scrotesque"
        ]
    },
    {
        "animeEng": "Umayon",
        "animeRomaji": "Umayon",
        "songName": "Ring Ring Diary",
        "artist": "Machico, Azusa Tadokoro, Ruriko Aoki, Eriko Matsui, Yuiko Tatsumi",
        "type": "Ending 2",
        "correctCount": 43,
        "startTime": 0,
        "songDuration": 28.704,
        "songNumber": 63,
        "activePlayerCount": 235,
        "LinkVideo": "https://files.catbox.moe/i5mlym.webm",
        "LinkMp3": "https://files.catbox.moe/6p1nil.mp3"
    },
    {
        "animeEng": "Strawberry Marshmallow",
        "animeRomaji": "Ichigo Mashimaro",
        "songName": "Ichigo Complete",
        "artist": "Saeko Chiba, Fumiko Orikasa, Ayako Kawasumi and Mamiko Noto",
        "type": "Opening 1",
        "correctCount": 60,
        "startTime": 13,
        "songDuration": 89.049898,
        "songNumber": 64,
        "activePlayerCount": 235,
        "LinkVideo": "https://files.catbox.moe/lrjkav.webm",
        "LinkMp3": "https://files.catbox.moe/krz6gp.mp3"
    },
    {
        "animeEng": "Wolverine",
        "animeRomaji": "Wolverine",
        "songName": "Another Day of Battles",
        "artist": "Shogo \u014cnishi & Tetsuya Takahashi",
        "type": "Ending 1",
        "correctCount": 14,
        "startTime": 18,
        "songDuration": 87.816,
        "songNumber": 65,
        "activePlayerCount": 235,
        "LinkVideo": "https://files.catbox.moe/tq372f.webm",
        "LinkMp3": "https://files.catbox.moe/86xjts.mp3"
    },
    {
        "animeEng": "Hellsing",
        "animeRomaji": "Hellsing",
        "songName": "Hisshou Myouhourenge Kyoku",
        "artist": "Yasushi Ishii",
        "type": "Insert Song",
        "correctCount": 85,
        "startTime": 26,
        "songDuration": 61.465066,
        "songNumber": 66,
        "activePlayerCount": 234,
        "LinkVideo": "https://files.catbox.moe/sywnjd.webm",
        "LinkMp3": "https://files.catbox.moe/wdx55k.mp3"
    },
    {
        "animeEng": "The Day I Became a God",
        "animeRomaji": "Kami-sama ni Natta Hi",
        "songName": "Goodbye Seven Seas",
        "artist": "Jun Maeda \u00d7 Nagi Yanagi",
        "type": "Ending 1",
        "correctCount": 90,
        "startTime": 34,
        "songDuration": 99.048,
        "songNumber": 67,
        "activePlayerCount": 235,
        "LinkVideo": "https://files.catbox.moe/qb8lyg.webm",
        "LinkMp3": "https://files.catbox.moe/fz6api.mp3"
    },
    {
        "animeEng": "Magical Somera-chan",
        "animeRomaji": "Fushigi na Somera-chan",
        "songName": "Prism MAX~Heisi Ishin Full HD Remaster-ban",
        "artist": "Sayaka Nakaya, Kaede Hondo, Maria Naganawa, & Rika Momokawa",
        "type": "Opening 1",
        "correctCount": 34,
        "startTime": 0,
        "songDuration": 28.992,
        "songNumber": 68,
        "activePlayerCount": 235,
        "LinkVideo": "https://files.catbox.moe/62cj53.webm",
        "LinkMp3": "https://files.catbox.moe/qyd6ec.mp3"
    },
    {
        "animeEng": "BBK/BRNK",
        "animeRomaji": "Bubuki Buranki",
        "songName": "Beat your Heart",
        "artist": "Konomi Suzuki",
        "type": "Opening 1",
        "correctCount": 85,
        "startTime": 40,
        "songDuration": 89.04,
        "songNumber": 69,
        "activePlayerCount": 234,
        "LinkVideo": "https://files.catbox.moe/85mwhy.webm",
        "LinkMp3": "https://files.catbox.moe/fsik97.mp3"
    },
    {
        "animeEng": "Ani Ni Tsukeru Kusuri wa Nai!",
        "animeRomaji": "Ani Ni Tsukeru Kusuri wa Nai!",
        "songName": "Sunny side up",
        "artist": "Brian the Sun",
        "type": "Opening 1",
        "correctCount": 129,
        "startTime": 0,
        "songDuration": 24.816,
        "songNumber": 70,
        "activePlayerCount": 233,
        "LinkVideo": "https://files.catbox.moe/j2uh2b.webm",
        "LinkMp3": "https://files.catbox.moe/u0diyc.mp3"
    },
    {
        "animeEng": "The Eden of Grisaia",
        "animeRomaji": "Grisaia no Rakuen",
        "songName": "Kimi o Sagashi ni",
        "artist": "Yoshino Nanj\u014d",
        "type": "Ending 2",
        "correctCount": 35,
        "startTime": 15,
        "songDuration": 90.072,
        "songNumber": 71,
        "activePlayerCount": 233,
        "LinkVideo": "https://files.catbox.moe/vcahcs.webm",
        "LinkMp3": "https://files.catbox.moe/nypn4i.mp3"
    },
    {
        "animeEng": "Trinity Blood",
        "animeRomaji": "Trinity Blood",
        "songName": "Dress (BLOODY TRINITY MIX)",
        "artist": "BUCK-TICK",
        "type": "Opening 1",
        "correctCount": 37,
        "startTime": 24,
        "songDuration": 89.016,
        "songNumber": 72,
        "activePlayerCount": 233,
        "LinkVideo": "https://files.catbox.moe/iz5kzj.webm",
        "LinkMp3": "https://files.catbox.moe/zw7nzh.mp3"
    },
    {
        "animeEng": "Dragon Ball Z: Broly - The Legendary Super Saiyan",
        "animeRomaji": "Dragon Ball Z: Moetsukiro!! Nessen, Ressen, Ch\u014dgekisen",
        "songName": "CHA-LA HEAD-CHA-LA",
        "artist": "Hironobu Kageyama",
        "type": "Opening 1",
        "correctCount": 220,
        "startTime": 9,
        "songDuration": 107.074078,
        "songNumber": 73,
        "activePlayerCount": 233,
        "LinkVideo": "https://files.catbox.moe/al9o96.webm",
        "LinkMp3": "https://files.catbox.moe/ewehoa.mp3"
    },
    {
        "animeEng": "Cardcaptor Sakura Video Diary",
        "animeRomaji": "Suteki desu wa, Sakura-chan! Tomoyo no Cardcaptor Sakura Katsuyaku Video Nikki!",
        "songName": "Catch You Catch Me (Sakura Version)",
        "artist": "Sakura Tange",
        "type": "Insert Song",
        "correctCount": 39,
        "startTime": 17,
        "songDuration": 80.328,
        "songNumber": 74,
        "activePlayerCount": 233,
        "LinkVideo": "https://files.catbox.moe/p6qedu.webm",
        "LinkMp3": "https://files.catbox.moe/ol4m1m.mp3"
    },
    {
        "animeEng": "Tantei Kageki Milky Holmes TD",
        "animeRomaji": "Tantei Kageki Milky Holmes TD",
        "songName": "Mi Taiken World!",
        "artist": "Milky Holmes",
        "type": "Insert Song",
        "correctCount": 12,
        "startTime": 108,
        "songDuration": 233.304,
        "songNumber": 75,
        "activePlayerCount": 230,
        "LinkVideo": "https://files.catbox.moe/zheo6y.webm",
        "LinkMp3": "https://files.catbox.moe/tisccq.mp3"
    }
]