[
    {
        "animeEng": "Rurouni Kenshin: The Motion Picture",
        "animeRomaji": "Rurouni Kenshin: Ishin Shishi no Requiem",
        "songName": "Niji",
        "artist": "L'Arc~en~Ciel",
        "type": "Opening 1",
        "correctCount": 9,
        "startTime": 15,
        "songDuration": 133.013224,
        "songNumber": 1,
        "activePlayerCount": 275,
        "LinkVideo": "https://files.catbox.moe/szo2yc.webm",
        "LinkMp3": "https://files.catbox.moe/tntfq8.mp3"
    },
    {
        "animeEng": "World War Blue",
        "animeRomaji": "Aoi Sekai no Ch\u016bshin de",
        "songName": "retrospective world",
        "artist": "Hiro Shimono & Nobuhiko Okamoto",
        "type": "Opening 1",
        "correctCount": 7,
        "startTime": 8,
        "songDuration": 89.352,
        "songNumber": 2,
        "activePlayerCount": 280,
        "LinkVideo": "https://files.catbox.moe/blizwk.webm",
        "LinkMp3": "https://files.catbox.moe/jixh2k.mp3"
    },
    {
        "animeEng": "Ichigo 100%",
        "animeRomaji": "Ichigo 100%",
        "songName": "Kimi-iro 100%",
        "artist": "Nana Mizuki, Megumi Toyoguchi, Sanae Kobayashi, Mamiko Noto",
        "type": "Opening 1",
        "correctCount": 30,
        "startTime": 14,
        "songDuration": 101.136,
        "songNumber": 3,
        "activePlayerCount": 280,
        "LinkVideo": "https://files.catbox.moe/7fvnlj.webm",
        "LinkMp3": "https://files.catbox.moe/zllviv.mp3"
    },
    {
        "animeEng": "Shuffle! Memories",
        "animeRomaji": "Shuffle! Memories",
        "songName": "wish",
        "artist": "Miki Itou",
        "type": "Ending 3",
        "correctCount": 5,
        "startTime": 66,
        "songDuration": 121.032,
        "songNumber": 4,
        "activePlayerCount": 280,
        "LinkVideo": "https://files.catbox.moe/8bh44g.webm",
        "LinkMp3": "https://files.catbox.moe/89fcoi.mp3",
        "correctPlayers": [
            "Kaani",
            "watashiii",
            "Martinch",
            "Nefyro",
            "EruisKawaii"
        ]
    },
    {
        "animeEng": "Nyan Koi!",
        "animeRomaji": "Nyan Koi!",
        "songName": "Neko Neko Ondo",
        "artist": "Asami Imai, Yui Sakakibara, Yukari Fukui",
        "type": "Insert Song",
        "correctCount": 58,
        "startTime": 0,
        "songDuration": 26.928,
        "songNumber": 5,
        "activePlayerCount": 280,
        "LinkVideo": "https://files.catbox.moe/2x9g76.webm",
        "LinkMp3": "https://files.catbox.moe/18zdhg.mp3"
    },
    {
        "animeEng": "Nekomonogatari (Black)",
        "animeRomaji": "Nekomonogatari (Black)",
        "songName": "perfect slumbers",
        "artist": "Yui Horie",
        "type": "Opening 1",
        "correctCount": 177,
        "startTime": 27,
        "songDuration": 88.056,
        "songNumber": 6,
        "activePlayerCount": 279,
        "LinkVideo": "https://files.catbox.moe/hgkt35.webm",
        "LinkMp3": "https://files.catbox.moe/8aie0n.mp3"
    },
    {
        "animeEng": "Minami-ke: Betsubara",
        "animeRomaji": "Minami-ke: Betsubara",
        "songName": "Shunkash\u016bt\u014d Festival \u266a",
        "artist": "Minami-ke 3 Shimai",
        "type": "Opening 1",
        "correctCount": 18,
        "startTime": 19,
        "songDuration": 89.472,
        "songNumber": 7,
        "activePlayerCount": 278,
        "LinkVideo": "https://files.catbox.moe/ibcpgf.webm",
        "LinkMp3": "https://files.catbox.moe/y9ybxk.mp3"
    },
    {
        "animeEng": "Zambot 3",
        "animeRomaji": "Muteki Ch\u014djin Zambot 3",
        "songName": "Ike! Zambot 3",
        "artist": "Ichiro Horimitsu, The Blessin' Four, The Chirps",
        "type": "Opening 1",
        "correctCount": 94,
        "startTime": 2,
        "songDuration": 89.064,
        "songNumber": 8,
        "activePlayerCount": 276,
        "LinkVideo": "https://files.catbox.moe/awikmr.webm",
        "LinkMp3": "https://files.catbox.moe/ew2npk.mp3"
    },
    {
        "animeEng": "Pure Hearted Romantica 2",
        "animeRomaji": "Junj\u014d Romantica 2",
        "songName": "Sh\u014dd\u014d",
        "artist": "Pigstar",
        "type": "Opening 1",
        "correctCount": 33,
        "startTime": 32,
        "songDuration": 88.32,
        "songNumber": 9,
        "activePlayerCount": 275,
        "LinkVideo": "https://files.catbox.moe/27kgmx.webm",
        "LinkMp3": "https://files.catbox.moe/i119eo.mp3"
    },
    {
        "animeEng": "Mobile Suit Gundam Seed C.E.73: Stargazer",
        "animeRomaji": "Kid\u014d Senshi Gundam Seed C.E. 73: Stargazer",
        "songName": "Stargazer ~Hoshi no Tobira~",
        "artist": "Satori Negishi",
        "type": "Ending 1",
        "correctCount": 22,
        "startTime": 80,
        "songDuration": 135.44257,
        "songNumber": 10,
        "activePlayerCount": 273,
        "LinkVideo": "https://files.catbox.moe/t2yc5k.webm",
        "LinkMp3": "https://files.catbox.moe/39mg76.mp3"
    },
    {
        "animeEng": "The Numbers",
        "animeRomaji": "Nanbaka",
        "songName": "Nanbaka Datsugoku Riron\u266a!",
        "artist": "Y\u016bto Uemura, Tetsuya Kakihara, Airu Shiozaki, Daiki Kobayashi, Tomokazu Seki",
        "type": "Ending 1",
        "correctCount": 92,
        "startTime": 51,
        "songDuration": 91.104,
        "songNumber": 11,
        "activePlayerCount": 271,
        "LinkVideo": "https://files.catbox.moe/y4mbzg.webm",
        "LinkMp3": "https://files.catbox.moe/01v2vi.mp3"
    },
    {
        "animeEng": "Slam Dunk",
        "animeRomaji": "Slam Dunk",
        "songName": "Kimi ga Suki da to Sakebitai",
        "artist": "BAAD",
        "type": "Opening 1",
        "correctCount": 108,
        "startTime": 23,
        "songDuration": 92.053928,
        "songNumber": 12,
        "activePlayerCount": 271,
        "LinkVideo": "https://files.catbox.moe/8bfxe4.webm",
        "LinkMp3": "https://files.catbox.moe/na7n8r.mp3"
    },
    {
        "animeEng": "Armitage III",
        "animeRomaji": "Armitage III",
        "songName": "Main Theme",
        "artist": "Hiroyuki Namba",
        "type": "Opening 1",
        "correctCount": 22,
        "startTime": 3,
        "songDuration": 68.832,
        "songNumber": 13,
        "activePlayerCount": 271,
        "LinkVideo": "https://files.catbox.moe/do8ufr.webm",
        "LinkMp3": "https://files.catbox.moe/uc9g8y.mp3"
    },
    {
        "animeEng": "Luna Varga",
        "animeRomaji": "Maj\u016b Senshi Luna Varga",
        "songName": "Maju Senshi Luna Varga",
        "artist": "Masato Shimon",
        "type": "Opening 1",
        "correctCount": 2,
        "startTime": 7,
        "songDuration": 90.552,
        "songNumber": 14,
        "activePlayerCount": 271,
        "LinkVideo": "https://files.catbox.moe/o6zi0k.webm",
        "LinkMp3": "https://files.catbox.moe/79whkt.mp3",
        "correctPlayers": [
            "Rukawa11",
            "theyingster"
        ]
    },
    {
        "animeEng": "Anne of Green Gables",
        "animeRomaji": "Akage no Anne",
        "songName": "Kikoeru kashira",
        "artist": "Ritsuko Ohwada",
        "type": "Opening 1",
        "correctCount": 34,
        "startTime": 6,
        "songDuration": 78.072,
        "songNumber": 15,
        "activePlayerCount": 269,
        "LinkVideo": "https://files.catbox.moe/er46bd.webm",
        "LinkMp3": "https://files.catbox.moe/rn5lec.mp3"
    },
    {
        "animeEng": "Little Battlers eXperience W",
        "animeRomaji": "Danball Senki W",
        "songName": "BRAVE HERO",
        "artist": "Little Blue boX",
        "type": "Opening 1",
        "correctCount": 6,
        "startTime": 0,
        "songDuration": 96.144,
        "songNumber": 16,
        "activePlayerCount": 270,
        "LinkVideo": "https://files.catbox.moe/w4q9pe.webm",
        "LinkMp3": "https://files.catbox.moe/a0t7rh.mp3"
    },
    {
        "animeEng": "One Punch Man",
        "animeRomaji": "One Punch Man",
        "songName": "Minna no One-Punch Ondo",
        "artist": "Makoto Furukawa, Kaito Ishikawa, Y\u016bki Kaji, Aoi Y\u016bki, Saori Hayami, Hiroki Yasumoto, Y\u016bichi Nakamura",
        "type": "Ending 5",
        "correctCount": 176,
        "startTime": 57,
        "songDuration": 94.896,
        "songNumber": 17,
        "activePlayerCount": 268,
        "LinkVideo": "https://files.catbox.moe/2hf87r.webm",
        "LinkMp3": "https://files.catbox.moe/myioek.mp3"
    },
    {
        "animeEng": "Warlords of Sigrdrifa",
        "animeRomaji": "Senyoku no Sigrdrifa",
        "songName": "Claudia no Komoriuta",
        "artist": "Hibiku Yamamura",
        "type": "Insert Song",
        "correctCount": 21,
        "startTime": 7,
        "songDuration": 46.632,
        "songNumber": 18,
        "activePlayerCount": 266,
        "LinkVideo": "https://files.catbox.moe/336kvt.webm",
        "LinkMp3": "https://files.catbox.moe/jkqmno.mp3"
    },
    {
        "animeEng": "Kingsglaive: Final Fantasy XV",
        "animeRomaji": "Kingsglaive: Final Fantasy XV",
        "songName": "Calling For Rain",
        "artist": "Hiroo Nakano, Neo Liu, Tu Hua Bing",
        "type": "Insert Song",
        "correctCount": 39,
        "startTime": 0,
        "songDuration": 118.224,
        "songNumber": 19,
        "activePlayerCount": 266,
        "LinkVideo": "https://files.catbox.moe/gbgeef.webm",
        "LinkMp3": "https://files.catbox.moe/hmjo05.mp3"
    },
    {
        "animeEng": "Sonic X",
        "animeRomaji": "Sonic X",
        "songName": "Natsu no Hi",
        "artist": "OFF COURSE",
        "type": "Insert Song",
        "correctCount": 6,
        "startTime": 173,
        "songDuration": 280.262938,
        "songNumber": 20,
        "activePlayerCount": 264,
        "LinkVideo": "https://files.catbox.moe/cf3dag.webm",
        "LinkMp3": "https://files.catbox.moe/4860tu.mp3"
    },
    {
        "animeEng": "Haibane Renmei",
        "animeRomaji": "Haibane Renmei",
        "songName": "Free Bird",
        "artist": "Kou Otani",
        "type": "Opening 1",
        "correctCount": 90,
        "startTime": 26,
        "songDuration": 70.896,
        "songNumber": 21,
        "activePlayerCount": 264,
        "LinkVideo": "https://files.catbox.moe/tx3k0j.webm",
        "LinkMp3": "https://files.catbox.moe/ex5cei.mp3"
    },
    {
        "animeEng": "Pac-World",
        "animeRomaji": "Pac-World",
        "songName": "PAC THIS WORLD!!!",
        "artist": "Hyadain",
        "type": "Opening 1",
        "correctCount": 140,
        "startTime": 14,
        "songDuration": 57.336,
        "songNumber": 22,
        "activePlayerCount": 263,
        "LinkVideo": "https://files.catbox.moe/srtx9x.webm",
        "LinkMp3": "https://files.catbox.moe/ftalm4.mp3"
    },
    {
        "animeEng": "Natsume's Book of Friends Season 2",
        "animeRomaji": "Zoku Natsume Y\u016bjinch\u014d",
        "songName": "Ano Hi Time Machine",
        "artist": "LONG SHOT PARTY",
        "type": "Opening 1",
        "correctCount": 62,
        "startTime": 13,
        "songDuration": 89.016,
        "songNumber": 23,
        "activePlayerCount": 265,
        "LinkVideo": "https://files.catbox.moe/azfn0a.webm",
        "LinkMp3": "https://files.catbox.moe/frkq34.mp3"
    },
    {
        "animeEng": "Be-Bop-Highschool",
        "animeRomaji": "Be-Bop-Highschool",
        "songName": "BE A GOOD BOY (I AIN'T GONNA BE GOOD)",
        "artist": "COOLS",
        "type": "Opening 1",
        "correctCount": 11,
        "startTime": 45,
        "songDuration": 119.52,
        "songNumber": 24,
        "activePlayerCount": 266,
        "LinkVideo": "https://files.catbox.moe/as54di.webm",
        "LinkMp3": "https://files.catbox.moe/p6wvzy.mp3"
    },
    {
        "animeEng": "The Pet Girl of Sakurasou",
        "animeRomaji": "Sakura-s\u014d no Pet na Kanojo",
        "songName": "DAYS of DASH",
        "artist": "Konomi Suzuki",
        "type": "Ending 1",
        "correctCount": 142,
        "startTime": 41,
        "songDuration": 85.2,
        "songNumber": 25,
        "activePlayerCount": 266,
        "LinkVideo": "https://files.catbox.moe/k4m1h5.webm",
        "LinkMp3": "https://files.catbox.moe/625otn.mp3"
    },
    {
        "animeEng": "Lemon Angel Project",
        "animeRomaji": "Lemon Angel Project",
        "songName": "Angel addict",
        "artist": "Minori Chihara",
        "type": "Opening 5",
        "correctCount": 20,
        "startTime": 45,
        "songDuration": 89.016,
        "songNumber": 26,
        "activePlayerCount": 266,
        "LinkVideo": "https://files.catbox.moe/wos4gd.webm",
        "LinkMp3": "https://files.catbox.moe/2ec6xu.mp3"
    },
    {
        "animeEng": "Seitokai Yakuindomo",
        "animeRomaji": "Seitokai Yakuindomo",
        "songName": "Yamato Nadeshiko Education",
        "artist": "Triple Booking",
        "type": "Opening 1",
        "correctCount": 134,
        "startTime": 17,
        "songDuration": 74.809375,
        "songNumber": 27,
        "activePlayerCount": 266,
        "LinkVideo": "https://files.catbox.moe/zlhsny.webm",
        "LinkMp3": "https://files.catbox.moe/p5pei8.mp3"
    },
    {
        "animeEng": "The Seven Deadly Sins: Imperial Wrath of the Gods",
        "animeRomaji": "Nanatsu no Taizai: Kamigami no Gekirin",
        "songName": "ROB THE FRONTIER",
        "artist": "UVERworld",
        "type": "Opening 1",
        "correctCount": 116,
        "startTime": 47,
        "songDuration": 88.44,
        "songNumber": 28,
        "activePlayerCount": 266,
        "LinkVideo": "https://files.catbox.moe/6sq47n.webm",
        "LinkMp3": "https://files.catbox.moe/23eod0.mp3"
    },
    {
        "animeEng": "Natsume Yujin-cho the Movie: Ephemeral Bond",
        "animeRomaji": "Natsume Y\u016bjinch\u014d: Utsusemi ni Musubu",
        "songName": "remember",
        "artist": "Uru",
        "type": "Ending 1",
        "correctCount": 20,
        "startTime": 132,
        "songDuration": 341.496,
        "songNumber": 29,
        "activePlayerCount": 266,
        "LinkVideo": "https://files.catbox.moe/kosl62.webm",
        "LinkMp3": "https://files.catbox.moe/vjvdpa.mp3"
    },
    {
        "animeEng": "Animentary: The Decision",
        "animeRomaji": "Animentari Ketsudan",
        "songName": "Otoko Bushi",
        "artist": "Columbia Dansei Gasshou-dan",
        "type": "Ending 1",
        "correctCount": 8,
        "startTime": 3,
        "songDuration": 37.344,
        "songNumber": 30,
        "activePlayerCount": 265,
        "LinkVideo": "https://files.catbox.moe/9kc31a.webm",
        "LinkMp3": "https://files.catbox.moe/j63v3p.mp3"
    },
    {
        "animeEng": "NieA_7",
        "animeRomaji": "NieA_7",
        "songName": "KA MOA'E",
        "artist": "Yoshio Owa",
        "type": "Ending 2",
        "correctCount": 6,
        "startTime": 18,
        "songDuration": 86.784,
        "songNumber": 31,
        "activePlayerCount": 264,
        "LinkVideo": "https://files.catbox.moe/72zqor.webm",
        "LinkMp3": "https://files.catbox.moe/cf7dtv.mp3"
    },
    {
        "animeEng": "Recorder and Randsell Re\u266a",
        "animeRomaji": "Recorder to Randoseru Re\u266a",
        "songName": "Stare",
        "artist": "Paprika G",
        "type": "Ending 2",
        "correctCount": 4,
        "startTime": 0,
        "songDuration": 29.52,
        "songNumber": 32,
        "activePlayerCount": 263,
        "LinkVideo": "https://files.catbox.moe/6tb2ne.webm",
        "LinkMp3": "https://files.catbox.moe/tl5yuf.mp3",
        "correctPlayers": [
            "watashiii",
            "Diukes",
            "EruisKawaii",
            "theyingster"
        ]
    },
    {
        "animeEng": "Magical Girl Lyrical Nanoha",
        "animeRomaji": "Mah\u014d Sh\u014djo Lyrical Nanoha",
        "songName": "innocent starter",
        "artist": "Nana Mizuki",
        "type": "Opening 1",
        "correctCount": 95,
        "startTime": 25,
        "songDuration": 103.944,
        "songNumber": 33,
        "activePlayerCount": 263,
        "LinkVideo": "https://files.catbox.moe/j64ogd.webm",
        "LinkMp3": "https://files.catbox.moe/nrk43d.mp3"
    },
    {
        "animeEng": "Quartet of Cherry Blossoms in the Night",
        "animeRomaji": "Yozakura Quartet",
        "songName": "DON'T HAVE ANSWERS",
        "artist": "Ivan Kral",
        "type": "Insert Song",
        "correctCount": 9,
        "startTime": 48,
        "songDuration": 126.624,
        "songNumber": 34,
        "activePlayerCount": 262,
        "LinkVideo": "https://files.catbox.moe/hj2wwh.webm",
        "LinkMp3": "https://files.catbox.moe/488yh8.mp3"
    },
    {
        "animeEng": "Yowamushi Pedal Spare Bike",
        "animeRomaji": "Yowamushi Pedal Spare Bike",
        "songName": "Hajimari no Hibi",
        "artist": "MAGIC OF LiFE",
        "type": "Ending 1",
        "correctCount": 10,
        "startTime": 1,
        "songDuration": 210.24,
        "songNumber": 35,
        "activePlayerCount": 264,
        "LinkVideo": "https://files.catbox.moe/v7c25e.webm",
        "LinkMp3": "https://files.catbox.moe/eyitr3.mp3"
    },
    {
        "animeEng": "Kokkoku",
        "animeRomaji": "Kokkoku",
        "songName": "Flashback",
        "artist": "MIYAVI vs KenKen",
        "type": "Opening 1",
        "correctCount": 173,
        "startTime": 12,
        "songDuration": 87.624,
        "songNumber": 36,
        "activePlayerCount": 264,
        "LinkVideo": "https://files.catbox.moe/4gdbgv.webm",
        "LinkMp3": "https://files.catbox.moe/axdce1.mp3"
    },
    {
        "animeEng": "One Piece",
        "animeRomaji": "One Piece",
        "songName": "memories",
        "artist": "Maki Otsuki",
        "type": "Ending 1",
        "correctCount": 71,
        "startTime": 37,
        "songDuration": 71.075313,
        "songNumber": 37,
        "activePlayerCount": 263,
        "LinkVideo": "https://files.catbox.moe/mornw7.webm",
        "LinkMp3": "https://files.catbox.moe/desef0.mp3"
    },
    {
        "animeEng": "Attack on Titan Season 3",
        "animeRomaji": "Shingeki no Kyojin Season 3",
        "songName": "Red Swan",
        "artist": "YOSHIKI feat. HYDE",
        "type": "Opening 1",
        "correctCount": 219,
        "startTime": 48,
        "songDuration": 89.688,
        "songNumber": 38,
        "activePlayerCount": 262,
        "LinkVideo": "https://files.catbox.moe/6wdqnf.webm",
        "LinkMp3": "https://files.catbox.moe/ras209.mp3"
    },
    {
        "animeEng": "Zatch Bell!",
        "animeRomaji": "Konjiki no Gash Bell!!",
        "songName": "Chichi o Moge!",
        "artist": "Hiroki Takahashi",
        "type": "Insert Song",
        "correctCount": 43,
        "startTime": 6,
        "songDuration": 59.112,
        "songNumber": 39,
        "activePlayerCount": 262,
        "LinkVideo": "https://files.catbox.moe/11n596.webm",
        "LinkMp3": "https://files.catbox.moe/3tm6jz.mp3"
    },
    {
        "animeEng": "Mobile Suit Gundam Seed MSV Astray",
        "animeRomaji": "Kid\u014d Senshi Gundam Seed MSV Astray",
        "songName": "Zips",
        "artist": "T.M.Revolution",
        "type": "Insert Song",
        "correctCount": 19,
        "startTime": 4,
        "songDuration": 49.104,
        "songNumber": 40,
        "activePlayerCount": 262,
        "LinkVideo": "https://files.catbox.moe/fglcw4.webm",
        "LinkMp3": "https://files.catbox.moe/5463hs.mp3"
    },
    {
        "animeEng": "SUPER HXEROS",
        "animeRomaji": "Doky\u016b Hentai HxEros",
        "songName": "Lost emotion",
        "artist": "Ai Kakuma",
        "type": "Ending 1",
        "correctCount": 43,
        "startTime": 2,
        "songDuration": 89.424,
        "songNumber": 41,
        "activePlayerCount": 262,
        "LinkVideo": "https://files.catbox.moe/o2f68r.webm",
        "LinkMp3": "https://files.catbox.moe/ooafzi.mp3"
    },
    {
        "animeEng": "Animal 1",
        "animeRomaji": "Animal 1",
        "songName": "Animal 1 no Uta",
        "artist": "Eiko Shuri",
        "type": "Opening 1",
        "correctCount": 148,
        "startTime": 56,
        "songDuration": 96.6514,
        "songNumber": 42,
        "activePlayerCount": 262,
        "LinkVideo": "https://files.catbox.moe/07z19u.webm",
        "LinkMp3": "https://files.catbox.moe/177qsk.mp3"
    },
    {
        "animeEng": "Hundred",
        "animeRomaji": "Hundred",
        "songName": "BLOODRED",
        "artist": "D-selections",
        "type": "Opening 1",
        "correctCount": 121,
        "startTime": 46,
        "songDuration": 88.848,
        "songNumber": 43,
        "activePlayerCount": 262,
        "LinkVideo": "https://files.catbox.moe/tkmxxy.webm",
        "LinkMp3": "https://files.catbox.moe/i4kjz1.mp3"
    },
    {
        "animeEng": "Penguin's Memory: Shiawase Monogatari",
        "animeRomaji": "Penguin's Memory: Shiawase Monogatari",
        "songName": "SWEET MEMORIES (Cinema Version)",
        "artist": "Seiko Matsuda",
        "type": "Insert Song",
        "correctCount": 5,
        "startTime": 33,
        "songDuration": 184.8,
        "songNumber": 44,
        "activePlayerCount": 260,
        "LinkVideo": "https://files.catbox.moe/wz68vv.webm",
        "LinkMp3": "https://files.catbox.moe/knuagb.mp3",
        "correctPlayers": [
            "watashiii",
            "MexCZE",
            "MyNameWasStolen",
            "HentaiKun",
            "Delciak"
        ]
    },
    {
        "animeEng": "Love Live! The School Idol Movie",
        "animeRomaji": "Love Live! The School Idol Movie",
        "songName": "Bokutachi wa Hitotsu no Hikari",
        "artist": "\u03bc's",
        "type": "Ending 1",
        "correctCount": 68,
        "startTime": 38,
        "songDuration": 288.072,
        "songNumber": 45,
        "activePlayerCount": 260,
        "LinkVideo": "https://files.catbox.moe/6ed4ik.webm",
        "LinkMp3": "https://files.catbox.moe/iibptq.mp3"
    },
    {
        "animeEng": "Liz and the Blue Bird",
        "animeRomaji": "Liz to Aoi Tori",
        "songName": "girls,dance,staircase",
        "artist": "Yutaka Ono",
        "type": "Ending 1",
        "correctCount": 36,
        "startTime": 67,
        "songDuration": 146.256,
        "songNumber": 46,
        "activePlayerCount": 260,
        "LinkVideo": "https://files.catbox.moe/0u8gu1.webm",
        "LinkMp3": "https://files.catbox.moe/1dkagn.mp3"
    },
    {
        "animeEng": "Hakugei: Legend of the Moby Dick",
        "animeRomaji": "Hakugei Densetsu",
        "songName": "Kaze to Yuku",
        "artist": "Hirohito Ochiai",
        "type": "Opening 1",
        "correctCount": 7,
        "startTime": 38,
        "songDuration": 79.6721,
        "songNumber": 47,
        "activePlayerCount": 260,
        "LinkVideo": "https://files.catbox.moe/08fe04.webm",
        "LinkMp3": "https://files.catbox.moe/qidf45.mp3"
    },
    {
        "animeEng": "Chocotto Sister",
        "animeRomaji": "Chocotto Sister",
        "songName": "Neko-nyan Dance",
        "artist": "Harenchi\u2606Punch",
        "type": "Ending 1",
        "correctCount": 15,
        "startTime": 37,
        "songDuration": 88.94541,
        "songNumber": 48,
        "activePlayerCount": 259,
        "LinkVideo": "https://files.catbox.moe/yy8cbf.webm",
        "LinkMp3": "https://files.catbox.moe/zeyuaf.mp3"
    },
    {
        "animeEng": "Case Closed",
        "animeRomaji": "Meitantei Conan",
        "songName": "Your Best Friend",
        "artist": "Mai Kuraki",
        "type": "Ending 40",
        "correctCount": 62,
        "startTime": 27,
        "songDuration": 78.528,
        "songNumber": 49,
        "activePlayerCount": 260,
        "LinkVideo": "https://files.catbox.moe/52egmp.webm",
        "LinkMp3": "https://files.catbox.moe/jguavg.mp3"
    },
    {
        "animeEng": "11eyes",
        "animeRomaji": "11eyes",
        "songName": "Arrival of Tears",
        "artist": "Ayane",
        "type": "Opening 1",
        "correctCount": 109,
        "startTime": 37,
        "songDuration": 87.672,
        "songNumber": 50,
        "activePlayerCount": 260,
        "LinkVideo": "https://files.catbox.moe/t5tlxs.webm",
        "LinkMp3": "https://files.catbox.moe/cn69f1.mp3"
    },
    {
        "animeEng": "Doraemon: Nobita's Monstrous Underwater Castle",
        "animeRomaji": "Doraemon: Nobita no Kaitei Kiganjou",
        "songName": "Doraemon no Uta",
        "artist": "Kumiko \u014csugi, Nobuyo Oyama",
        "type": "Opening 1",
        "correctCount": 174,
        "startTime": 7,
        "songDuration": 71.592,
        "songNumber": 51,
        "activePlayerCount": 259,
        "LinkVideo": "https://files.catbox.moe/fd2umy.webm",
        "LinkMp3": "https://files.catbox.moe/4rf8u0.mp3"
    },
    {
        "animeEng": "BOFURI: I Don\u2019t Want to Get Hurt, so I\u2019ll Max Out My Defense",
        "animeRomaji": "Itai no wa Iya nano de B\u014dgyoryoku ni Kyokufuri Shitai to Omoimasu.",
        "songName": "Ky\u016bkyoku Unbalance!",
        "artist": "Junjou no Afilia",
        "type": "Opening 1",
        "correctCount": 132,
        "startTime": 53,
        "songDuration": 90.024,
        "songNumber": 52,
        "activePlayerCount": 257,
        "LinkVideo": "https://files.catbox.moe/773h0d.webm",
        "LinkMp3": "https://files.catbox.moe/otqenr.mp3"
    },
    {
        "animeEng": "AD Police",
        "animeRomaji": "AD Police",
        "songName": "ROCKI'N THE BEAT",
        "artist": "RAY MAGTOTO",
        "type": "Insert Song",
        "correctCount": 1,
        "startTime": 4,
        "songDuration": 101.4,
        "songNumber": 53,
        "activePlayerCount": 257,
        "LinkVideo": "https://files.catbox.moe/vtxy2v.webm",
        "LinkMp3": "https://files.catbox.moe/7kv7f3.mp3",
        "correctPlayers": [
            "Dr_Woland"
        ]
    },
    {
        "animeEng": "Mobile Fighter G Gundam",
        "animeRomaji": "Kid\u014d But\u014dden G Gundam",
        "songName": "Trust You Forever",
        "artist": "Yoshifumi Ushima",
        "type": "Opening 2",
        "correctCount": 35,
        "startTime": 15,
        "songDuration": 78.888,
        "songNumber": 54,
        "activePlayerCount": 257,
        "LinkVideo": "https://files.catbox.moe/jjd7kn.webm",
        "LinkMp3": "https://files.catbox.moe/ivu33b.mp3"
    },
    {
        "animeEng": "Case Closed",
        "animeRomaji": "Meitantei Conan",
        "songName": "Hane",
        "artist": "Koshi Inaba",
        "type": "Opening 42",
        "correctCount": 60,
        "startTime": 69,
        "songDuration": 108.6,
        "songNumber": 55,
        "activePlayerCount": 255,
        "LinkVideo": "https://files.catbox.moe/suv9jg.webm",
        "LinkMp3": "https://files.catbox.moe/kzcitr.mp3"
    },
    {
        "animeEng": "Re:Stage! Dream Days",
        "animeRomaji": "Re:Stage! Dream Days",
        "songName": "Canaria",
        "artist": "Tetrarkhia",
        "type": "Insert Song",
        "correctCount": 13,
        "startTime": 2,
        "songDuration": 38.064,
        "songNumber": 56,
        "activePlayerCount": 258,
        "LinkVideo": "https://files.catbox.moe/tie4i2.webm",
        "LinkMp3": "https://files.catbox.moe/pmopgs.mp3"
    },
    {
        "animeEng": "Ch\u014d Gekij\u014dban Keroro Guns\u014d 2: Shinkai no Princess de Arimasu!",
        "animeRomaji": "Ch\u014d Gekij\u014dban Keroro Guns\u014d 2: Shinkai no Princess de Arimasu!",
        "songName": "KERO'T MARCH~Soramimin Gurishuu de arimasu!",
        "artist": "Nobuaki Kakuda",
        "type": "Opening 1",
        "correctCount": 15,
        "startTime": 41,
        "songDuration": 136.330718,
        "songNumber": 57,
        "activePlayerCount": 257,
        "LinkVideo": "https://files.catbox.moe/p00yzh.webm",
        "LinkMp3": "https://files.catbox.moe/f9hl5b.mp3"
    },
    {
        "animeEng": "Whisper of the Heart",
        "animeRomaji": "Mimi o Sumaseba",
        "songName": "Take Me Home, Country Roads",
        "artist": "Olivia Newton-John",
        "type": "Opening 1",
        "correctCount": 145,
        "startTime": 4,
        "songDuration": 120.056712,
        "songNumber": 58,
        "activePlayerCount": 256,
        "LinkVideo": "https://files.catbox.moe/618bxv.webm",
        "LinkMp3": "https://files.catbox.moe/kipqj6.mp3"
    },
    {
        "animeEng": "Dragon Ball Z: The Tree of Might",
        "animeRomaji": "Dragon Ball Z: Chiky\u016b Marugoto Ch\u014dkessen",
        "songName": "CHA-LA HEAD-CHA-LA",
        "artist": "Hironobu Kageyama",
        "type": "Opening 1",
        "correctCount": 239,
        "startTime": 11,
        "songDuration": 107.074078,
        "songNumber": 59,
        "activePlayerCount": 257,
        "LinkVideo": "https://files.catbox.moe/xbexc9.webm",
        "LinkMp3": "https://files.catbox.moe/ewehoa.mp3"
    },
    {
        "animeEng": "PriPara",
        "animeRomaji": "PriPara",
        "songName": "Omuomurice",
        "artist": "Cosmic Omurice da Vinci",
        "type": "Insert Song",
        "correctCount": 32,
        "startTime": 41,
        "songDuration": 122.112,
        "songNumber": 60,
        "activePlayerCount": 258,
        "LinkVideo": "https://files.catbox.moe/8xkj7s.webm",
        "LinkMp3": "https://files.catbox.moe/z1xubk.mp3"
    },
    {
        "animeEng": "Digimon Adventure: Born of Koromon",
        "animeRomaji": "Digimon Adventure: Born of Koromon",
        "songName": "Butter-Fly",
        "artist": "Kouji Wada",
        "type": "Ending 1",
        "correctCount": 132,
        "startTime": 20,
        "songDuration": 61.569554,
        "songNumber": 61,
        "activePlayerCount": 258,
        "LinkVideo": "https://files.catbox.moe/hnpd5k.webm",
        "LinkMp3": "https://files.catbox.moe/frsoce.mp3"
    },
    {
        "animeEng": "ATASHIn'CHI",
        "animeRomaji": "ATASHIn'CHI",
        "songName": "SUGAR! SUGAR!! SUGAR!!!",
        "artist": "Yoko Yazawa",
        "type": "Ending 1",
        "correctCount": 2,
        "startTime": 145,
        "songDuration": 191.496,
        "songNumber": 62,
        "activePlayerCount": 258,
        "LinkVideo": "https://files.catbox.moe/jaqr11.webm",
        "LinkMp3": "https://files.catbox.moe/53ppzv.mp3",
        "correctPlayers": [
            "Moegi",
            "theyingster"
        ]
    },
    {
        "animeEng": "Yu-Gi-Oh! Arc-V",
        "animeRomaji": "Yu-Gi-Oh! Arc-V",
        "songName": "Kirifuda",
        "artist": "cinema staff",
        "type": "Opening 4",
        "correctCount": 26,
        "startTime": 21,
        "songDuration": 88.68,
        "songNumber": 63,
        "activePlayerCount": 257,
        "LinkVideo": "https://files.catbox.moe/rovw1a.webm",
        "LinkMp3": "https://files.catbox.moe/1aod8e.mp3"
    },
    {
        "animeEng": "22/7 (nanabun no nijy\u016bni)",
        "animeRomaji": "22/7",
        "songName": "Muzui",
        "artist": "22/7",
        "type": "Opening 1",
        "correctCount": 118,
        "startTime": 49,
        "songDuration": 90.648,
        "songNumber": 64,
        "activePlayerCount": 257,
        "LinkVideo": "https://files.catbox.moe/f8h4wx.webm",
        "LinkMp3": "https://files.catbox.moe/arrpgj.mp3"
    },
    {
        "animeEng": "Chibi Maruko-chan",
        "animeRomaji": "Chibi Maruko-chan",
        "songName": "Yume Ippai",
        "artist": "Yumiko Seki",
        "type": "Opening 1",
        "correctCount": 24,
        "startTime": 11,
        "songDuration": 89.976,
        "songNumber": 65,
        "activePlayerCount": 257,
        "LinkVideo": "https://files.catbox.moe/7dexys.webm",
        "LinkMp3": "https://files.catbox.moe/cy11ce.mp3"
    },
    {
        "animeEng": "Darkness Boy Santa",
        "animeRomaji": "Kurayami Santa",
        "songName": "Kurayami Santa no Theme",
        "artist": "Yasuhiko Fukuda",
        "type": "Opening 1",
        "correctCount": 48,
        "startTime": 0,
        "songDuration": 15.48,
        "songNumber": 66,
        "activePlayerCount": 257,
        "LinkVideo": "https://files.catbox.moe/h5wi8y.webm",
        "LinkMp3": "https://files.catbox.moe/dt9wda.mp3"
    },
    {
        "animeEng": "Revolutionary Girl Utena: The Movie",
        "animeRomaji": "Shoujo Kakumei Utena: Adolescence Mokushiroku",
        "songName": "Fianc\u00e9 ni Naritai (Adolescence MiX)",
        "artist": "Mitsuhiro Oikawa",
        "type": "Ending 1",
        "correctCount": 12,
        "startTime": 181,
        "songDuration": 257.064,
        "songNumber": 67,
        "activePlayerCount": 256,
        "LinkVideo": "https://files.catbox.moe/ogfgpe.webm",
        "LinkMp3": "https://files.catbox.moe/cp22sg.mp3"
    },
    {
        "animeEng": "Locke the Superman",
        "animeRomaji": "Ch\u014djin Locke",
        "songName": "Hoshi no Stranger",
        "artist": "STRIX",
        "type": "Ending 1",
        "correctCount": 1,
        "startTime": 43,
        "songDuration": 177.264,
        "songNumber": 68,
        "activePlayerCount": 256,
        "LinkVideo": "https://files.catbox.moe/25zd2q.webm",
        "LinkMp3": "https://files.catbox.moe/bd6m83.mp3",
        "correctPlayers": [
            "Catisam"
        ]
    },
    {
        "animeEng": "Microid S",
        "animeRomaji": "Microid S",
        "songName": "Microid S",
        "artist": "Youngsters",
        "type": "Opening 1",
        "correctCount": 6,
        "startTime": 1,
        "songDuration": 88.896,
        "songNumber": 69,
        "activePlayerCount": 256,
        "LinkVideo": "https://files.catbox.moe/ld521e.webm",
        "LinkMp3": "https://files.catbox.moe/subrrs.mp3"
    },
    {
        "animeEng": "Battle Spirits: Sword Eyes Gekit\u014dden",
        "animeRomaji": "Battle Spirits: Sword Eyes Gekit\u014dden",
        "songName": "Billy Billy",
        "artist": "CLUTCHO",
        "type": "Opening 1",
        "correctCount": 16,
        "startTime": 28,
        "songDuration": 89.415606,
        "songNumber": 70,
        "activePlayerCount": 256,
        "LinkVideo": "https://files.catbox.moe/ce1sp4.webm",
        "LinkMp3": "https://files.catbox.moe/zue4uk.mp3"
    },
    {
        "animeEng": "Infinite Stratos 2: Long Vacation Edition",
        "animeRomaji": "Infinite Stratos 2: Long Vacation Edition",
        "songName": "BEAUTIFUL SKY",
        "artist": "Y\u014dko Hikasa, Yukana, Asami Shimoda, Kana Hanazawa, Marina Inoue",
        "type": "Ending 1",
        "correctCount": 77,
        "startTime": 131,
        "songDuration": 232.56,
        "songNumber": 71,
        "activePlayerCount": 256,
        "LinkVideo": "https://files.catbox.moe/8iivkm.webm",
        "LinkMp3": "https://files.catbox.moe/glfgbp.mp3"
    },
    {
        "animeEng": "Kashimashi: Girl Meets Girl",
        "animeRomaji": "Kashimashi: Girl Meets Girl",
        "songName": "Koisuru Kokoro",
        "artist": "eufonius",
        "type": "Opening 1",
        "correctCount": 23,
        "startTime": 66,
        "songDuration": 277.464,
        "songNumber": 72,
        "activePlayerCount": 256,
        "LinkVideo": "https://files.catbox.moe/mwc55k.webm",
        "LinkMp3": "https://files.catbox.moe/uageqk.mp3"
    },
    {
        "animeEng": "F\u016bsen Inu Tinny",
        "animeRomaji": "F\u016bsen Inu Tinny",
        "songName": "Tinny no Uta",
        "artist": "Sumire Morohoshi",
        "type": "Opening 1",
        "correctCount": 214,
        "startTime": 0,
        "songDuration": 24.048,
        "songNumber": 73,
        "activePlayerCount": 256,
        "LinkVideo": "https://files.catbox.moe/foe7sz.webm",
        "LinkMp3": "https://files.catbox.moe/aeazq6.mp3"
    },
    {
        "animeEng": "One Piece Film Z",
        "animeRomaji": "One Piece Film Z",
        "songName": "Bad Reputation",
        "artist": "AVRIL LAVIGNE",
        "type": "Ending 2",
        "correctCount": 113,
        "startTime": 79,
        "songDuration": 159.912,
        "songNumber": 74,
        "activePlayerCount": 254,
        "LinkVideo": "https://files.catbox.moe/39rcfy.webm",
        "LinkMp3": "https://files.catbox.moe/stv3dt.mp3"
    },
    {
        "animeEng": "Concrete Revolutio",
        "animeRomaji": "Concrete Revolutio: Ch\u014djin Gens\u014d",
        "songName": "Bang Bang Bang",
        "artist": "Keiichi Sogabe",
        "type": "Insert Song",
        "correctCount": 6,
        "startTime": 15,
        "songDuration": 54.048,
        "songNumber": 75,
        "activePlayerCount": 253,
        "LinkVideo": "https://files.catbox.moe/i9jqa1.webm",
        "LinkMp3": "https://files.catbox.moe/emscc1.mp3"
    }
]