[
    {
        "animeEng": "Food Wars! The Third Plate",
        "animeRomaji": "Shokugeki no S\u014dma: San no Sara",
        "songName": "BRAVER",
        "artist": "ZAQ",
        "type": "Opening 1",
        "correctCount": 142,
        "startTime": 50,
        "songDuration": 89.5712,
        "songNumber": 1,
        "activePlayerCount": 242,
        "LinkVideo": "https://files.catbox.moe/9v7vej.webm",
        "LinkMp3": "https://files.catbox.moe/4fo170.mp3"
    },
    {
        "animeEng": "Tomorrow's Joe 2",
        "animeRomaji": "Ashita no Joe 2",
        "songName": "MIDNIGHT BLUES",
        "artist": "Ichiro Araki",
        "type": "Opening 2",
        "correctCount": 61,
        "startTime": 49,
        "songDuration": 88.08,
        "songNumber": 2,
        "activePlayerCount": 244,
        "LinkVideo": "https://files.catbox.moe/57ma8s.webm",
        "LinkMp3": "https://files.catbox.moe/z51zfz.mp3"
    },
    {
        "animeEng": "Pok\u00e9mon: Advanced",
        "animeRomaji": "Pok\u00e9mon: Advance Generation",
        "songName": "Mezase Pokemon Master 2001",
        "artist": "Rica Matsumoto",
        "type": "Insert Song",
        "correctCount": 42,
        "startTime": 27,
        "songDuration": 98.064,
        "songNumber": 3,
        "activePlayerCount": 247,
        "LinkVideo": "https://files.catbox.moe/0sceh7.webm",
        "LinkMp3": "https://files.catbox.moe/qy6558.mp3"
    },
    {
        "animeEng": "Yamishibai: Japanese Ghost Stories",
        "animeRomaji": "Yami Shibai",
        "songName": "Shij\u016bkunichi-me",
        "artist": "Nashimoto Ui feat. Hatsune Miku",
        "type": "Ending 1",
        "correctCount": 128,
        "startTime": 0,
        "songDuration": 29.52,
        "songNumber": 4,
        "activePlayerCount": 246,
        "LinkVideo": "https://files.catbox.moe/ry35fc.webm",
        "LinkMp3": "https://files.catbox.moe/b6v60u.mp3"
    },
    {
        "animeEng": "Chaos Dragon",
        "animeRomaji": "Chaos Dragon: Sekiry\u016b Sen'eki",
        "songName": "Sleep without a memory",
        "artist": "Natsumi Kon",
        "type": "Ending 2",
        "correctCount": 12,
        "startTime": 23,
        "songDuration": 141.624,
        "songNumber": 5,
        "activePlayerCount": 246,
        "LinkVideo": "https://files.catbox.moe/fqepgj.webm",
        "LinkMp3": "https://files.catbox.moe/t7i1q1.mp3"
    },
    {
        "animeEng": "WWW.WAGNARIA!!",
        "animeRomaji": "WWW.WORKING!!",
        "songName": "Eyecatch! Too much!",
        "artist": "Haruka Tomatsu, Y\u014dko Hikasa, Sora Amamiya",
        "type": "Opening 1",
        "correctCount": 84,
        "startTime": 52,
        "songDuration": 89.016,
        "songNumber": 6,
        "activePlayerCount": 246,
        "LinkVideo": "https://files.catbox.moe/6tqgqb.webm",
        "LinkMp3": "https://files.catbox.moe/scg64t.mp3"
    },
    {
        "animeEng": "Gabriel DropOut",
        "animeRomaji": "Gabriel DropOut",
        "songName": "Gabriel no Kazoeuta",
        "artist": "Saori \u014cnishi",
        "type": "Ending 2",
        "correctCount": 200,
        "startTime": 32,
        "songDuration": 87.408,
        "songNumber": 7,
        "activePlayerCount": 245,
        "LinkVideo": "https://files.catbox.moe/x28uwp.webm",
        "LinkMp3": "https://files.catbox.moe/w6hucx.mp3"
    },
    {
        "animeEng": "Crayon Kingdom of Dreams",
        "animeRomaji": "Yume no Crayon Oukoku",
        "songName": "Ari no Mama ni",
        "artist": "Kana Sugiyama",
        "type": "Ending 1",
        "correctCount": 4,
        "startTime": 38,
        "songDuration": 98.88,
        "songNumber": 8,
        "activePlayerCount": 244,
        "LinkVideo": "https://files.catbox.moe/h7yfzt.webm",
        "LinkMp3": "https://files.catbox.moe/h54myc.mp3",
        "correctPlayers": [
            "SrKristiano",
            "ozsauce",
            "Moegi",
            "ikueimage"
        ]
    },
    {
        "animeEng": "Overlord",
        "animeRomaji": "Overlord",
        "songName": "Clattanoia",
        "artist": "OxT",
        "type": "Opening 1",
        "correctCount": 203,
        "startTime": 45,
        "songDuration": 89.016,
        "songNumber": 9,
        "activePlayerCount": 243,
        "LinkVideo": "https://files.catbox.moe/gmip23.webm",
        "LinkMp3": "https://files.catbox.moe/3efzdr.mp3"
    },
    {
        "animeEng": "Majestic Prince Special",
        "animeRomaji": "Ginga Kik\u014dtai Majestic Prince: Mirai e no Tsubasa",
        "songName": "PROMPT",
        "artist": "Natsumi Kon",
        "type": "Opening 1",
        "correctCount": 11,
        "startTime": 10,
        "songDuration": 88.584,
        "songNumber": 10,
        "activePlayerCount": 243,
        "LinkVideo": "https://files.catbox.moe/6nyzn3.webm",
        "LinkMp3": "https://files.catbox.moe/6jvol8.mp3"
    },
    {
        "animeEng": "Sword Art Online: Alicization - War of Underworld",
        "animeRomaji": "Sword Art Online: Alicization - War of Underworld",
        "songName": "I will...",
        "artist": "Eir Aoi",
        "type": "Ending 1",
        "correctCount": 74,
        "startTime": 6,
        "songDuration": 88.056,
        "songNumber": 11,
        "activePlayerCount": 242,
        "LinkVideo": "https://files.catbox.moe/hsd6ey.webm",
        "LinkMp3": "https://files.catbox.moe/ydyrb0.mp3"
    },
    {
        "animeEng": "Pandora Hearts",
        "animeRomaji": "Pandora Hearts",
        "songName": "A Shadow",
        "artist": "Yuriko Kaida",
        "type": "Insert Song",
        "correctCount": 21,
        "startTime": 28,
        "songDuration": 173.808,
        "songNumber": 12,
        "activePlayerCount": 240,
        "LinkVideo": "https://files.catbox.moe/ddqzqp.webm",
        "LinkMp3": "https://files.catbox.moe/66m5dy.mp3"
    },
    {
        "animeEng": "Gravitation: Lyrics of Love",
        "animeRomaji": "Gravitation: Lyrics of Love",
        "songName": "in the moonlight",
        "artist": "BAD LUCK",
        "type": "Insert Song",
        "correctCount": 15,
        "startTime": 27,
        "songDuration": 171.72,
        "songNumber": 13,
        "activePlayerCount": 241,
        "LinkVideo": "https://files.catbox.moe/zossd3.webm",
        "LinkMp3": "https://files.catbox.moe/j8pe8r.mp3"
    },
    {
        "animeEng": "I''s Pure",
        "animeRomaji": "I''s Pure",
        "songName": "Futari no I''s ~i will follow you~",
        "artist": "Mizuho",
        "type": "Opening 1",
        "correctCount": 11,
        "startTime": 55,
        "songDuration": 89.952,
        "songNumber": 14,
        "activePlayerCount": 240,
        "LinkVideo": "https://files.catbox.moe/zq7gmv.webm",
        "LinkMp3": "https://files.catbox.moe/kkgn7i.mp3"
    },
    {
        "animeEng": "KAIJU GIRLS",
        "animeRomaji": "Kaij\u016b Girls: Ultra Kaij\u016b Gijinka Keikaku",
        "songName": "KAIJU Heart",
        "artist": "Capsule Girls",
        "type": "Ending 1",
        "correctCount": 60,
        "startTime": 0,
        "songDuration": 27.12,
        "songNumber": 15,
        "activePlayerCount": 241,
        "LinkVideo": "https://files.catbox.moe/v8vhze.webm",
        "LinkMp3": "https://files.catbox.moe/dciuon.mp3"
    },
    {
        "animeEng": "Digimon Adventure tri. Chapter 1: Reunion",
        "animeRomaji": "Digimon Adventure tri. Saikai",
        "songName": "Butter-Fly~tri.Version~",
        "artist": "Kouji Wada",
        "type": "Opening 1",
        "correctCount": 156,
        "startTime": 18,
        "songDuration": 89.049898,
        "songNumber": 16,
        "activePlayerCount": 240,
        "LinkVideo": "https://files.catbox.moe/vkzdkj.webm",
        "LinkMp3": "https://files.catbox.moe/1h70yn.mp3"
    },
    {
        "animeEng": "Code Geass: Lelouch of the Rebellion R2 Special Edition 'Zero Requiem'",
        "animeRomaji": "Code Geass: Lelouch of the Rebellion R2 Special Edition 'Zero Requiem'",
        "songName": "Continued Story",
        "artist": "Hitomi",
        "type": "Ending 1",
        "correctCount": 114,
        "startTime": 118,
        "songDuration": 173.784,
        "songNumber": 17,
        "activePlayerCount": 240,
        "LinkVideo": "https://files.catbox.moe/8nnztk.webm",
        "LinkMp3": "https://files.catbox.moe/ylkpyc.mp3"
    },
    {
        "animeEng": "Ghost In the Shell: The New Movie",
        "animeRomaji": "K\u014dkaku Kid\u014dtai Shin Gekij\u014dban",
        "songName": "Mada Ugoku",
        "artist": "Maaya Sakamoto & Cornelius",
        "type": "Ending 1",
        "correctCount": 7,
        "startTime": 30,
        "songDuration": 342.48,
        "songNumber": 18,
        "activePlayerCount": 238,
        "LinkVideo": "https://files.catbox.moe/pypd1d.webm",
        "LinkMp3": "https://files.catbox.moe/kggy7d.mp3"
    },
    {
        "animeEng": "Tsukiuta. THE ANIMATION 2",
        "animeRomaji": "Tsukiuta. THE ANIMATION 2",
        "songName": "Paint It Black",
        "artist": "Six Gravity",
        "type": "Opening 1",
        "correctCount": 7,
        "startTime": 46,
        "songDuration": 89.376,
        "songNumber": 19,
        "activePlayerCount": 237,
        "LinkVideo": "https://files.catbox.moe/2sc4a2.webm",
        "LinkMp3": "https://files.catbox.moe/z1auoc.mp3"
    },
    {
        "animeEng": "Zendarman",
        "animeRomaji": "Zendarman",
        "songName": "Zendaman no Uta",
        "artist": "Ken Fujii",
        "type": "Opening 1",
        "correctCount": 99,
        "startTime": 24,
        "songDuration": 73.056,
        "songNumber": 20,
        "activePlayerCount": 237,
        "LinkVideo": "https://files.catbox.moe/vyoitx.webm",
        "LinkMp3": "https://files.catbox.moe/1iqo0v.mp3"
    },
    {
        "animeEng": "Martian Successor Nadesico: The Motion Picture - Prince of Darkness",
        "animeRomaji": "Kid\u014d Senkan Nadeshiko: Prince of Darkness",
        "songName": "Dearest",
        "artist": "Yumi Matsuzawa",
        "type": "Ending 1",
        "correctCount": 5,
        "startTime": 146,
        "songDuration": 304.992,
        "songNumber": 21,
        "activePlayerCount": 236,
        "LinkVideo": "https://files.catbox.moe/nzdv3l.webm",
        "LinkMp3": "https://files.catbox.moe/if0nfj.mp3",
        "correctPlayers": [
            "80s",
            "kimika",
            "ozsauce",
            "SuperstarPearl",
            "Lana_chan"
        ]
    },
    {
        "animeEng": "Doraemon",
        "animeRomaji": "Doraemon",
        "songName": "Doraemon no Uta",
        "artist": "AJI",
        "type": "Opening 6",
        "correctCount": 153,
        "startTime": 8,
        "songDuration": 66.245392,
        "songNumber": 22,
        "activePlayerCount": 237,
        "LinkVideo": "https://files.catbox.moe/5sejl4.webm",
        "LinkMp3": "https://files.catbox.moe/73xmjn.mp3"
    },
    {
        "animeEng": "Hundred",
        "animeRomaji": "Hundred",
        "songName": "TABOOLESS",
        "artist": "M\u30fbA\u30fbO, Rika Kinugawa, Yui Makino",
        "type": "Ending 2",
        "correctCount": 21,
        "startTime": 53,
        "songDuration": 88.992,
        "songNumber": 23,
        "activePlayerCount": 237,
        "LinkVideo": "https://files.catbox.moe/f0sc8o.webm",
        "LinkMp3": "https://files.catbox.moe/b57ko6.mp3"
    },
    {
        "animeEng": "GUNxSWORD",
        "animeRomaji": "GUNxSWORD",
        "songName": "GUN\u00d7SWORD",
        "artist": "Kotaro Nakagawa",
        "type": "Opening 1",
        "correctCount": 40,
        "startTime": 25,
        "songDuration": 89.064,
        "songNumber": 24,
        "activePlayerCount": 236,
        "LinkVideo": "https://files.catbox.moe/1ne4v4.webm",
        "LinkMp3": "https://files.catbox.moe/bshvuc.mp3"
    },
    {
        "animeEng": "PriPara",
        "animeRomaji": "PriPara",
        "songName": "CHANGE! MY WORLD",
        "artist": "DressingPaf\u00e9",
        "type": "Insert Song",
        "correctCount": 53,
        "startTime": 47,
        "songDuration": 148.392,
        "songNumber": 25,
        "activePlayerCount": 234,
        "LinkVideo": "https://files.catbox.moe/ttlwsn.webm",
        "LinkMp3": "https://files.catbox.moe/seqxib.mp3"
    },
    {
        "animeEng": "New Theatrical Movie Initial D Legend 3: Dream",
        "animeRomaji": "Shin Gekij\u014dban Initial D Legend 3 -Mugen-",
        "songName": "Crank It Up",
        "artist": "BACKDRAFT SMITHS",
        "type": "Insert Song",
        "correctCount": 12,
        "startTime": 73,
        "songDuration": 116.3755,
        "songNumber": 26,
        "activePlayerCount": 234,
        "LinkVideo": "https://files.catbox.moe/2dexqe.webm",
        "LinkMp3": "https://files.catbox.moe/5htnbk.mp3"
    },
    {
        "animeEng": "Natsuiro Kiseki",
        "animeRomaji": "Natsu-iro Kiseki",
        "songName": "Yume-iro Graffiti",
        "artist": "Ayahi Takagaki & Minako Kotobuki",
        "type": "Insert Song",
        "correctCount": 10,
        "startTime": 22,
        "songDuration": 85.28833,
        "songNumber": 27,
        "activePlayerCount": 234,
        "LinkVideo": "https://files.catbox.moe/wsck69.webm",
        "LinkMp3": "https://files.catbox.moe/lgjdl7.mp3"
    },
    {
        "animeEng": "Tesagure! Bukatsu-mono",
        "animeRomaji": "Tesagure! Bukatsu-mono",
        "songName": "12-kagetsu",
        "artist": "Asuka Nishi, Satomi Akesaka, Karin Ogino, Ayaka Ohashi",
        "type": "Ending 1",
        "correctCount": 18,
        "startTime": 1,
        "songDuration": 42.216,
        "songNumber": 28,
        "activePlayerCount": 234,
        "LinkVideo": "https://files.catbox.moe/quo6p3.webm",
        "LinkMp3": "https://files.catbox.moe/3sw6j0.mp3"
    },
    {
        "animeEng": "Princess Resurrection",
        "animeRomaji": "Kaibutsu \u014cjo",
        "songName": "Hizamazuite Ashi o Oname",
        "artist": "ALI PROJECT",
        "type": "Ending 1",
        "correctCount": 32,
        "startTime": 41,
        "songDuration": 89.128264,
        "songNumber": 29,
        "activePlayerCount": 233,
        "LinkVideo": "https://files.catbox.moe/6j24th.webm",
        "LinkMp3": "https://files.catbox.moe/lgzog8.mp3"
    },
    {
        "animeEng": "Ano Hi no Kokoro o Toraete",
        "animeRomaji": "Ano Hi no Kokoro o Toraete",
        "songName": "Little Miss Sunshine",
        "artist": "Tokyo Karan Koron",
        "type": "Ending 1",
        "correctCount": 6,
        "startTime": 62,
        "songDuration": 127.488,
        "songNumber": 30,
        "activePlayerCount": 230,
        "LinkVideo": "https://files.catbox.moe/3tqjgj.webm",
        "LinkMp3": "https://files.catbox.moe/31r8ob.mp3"
    },
    {
        "animeEng": "How Heavy Are the Dumbbells You Lift?",
        "animeRomaji": "Dumbbell Nan-Kilo Moteru?",
        "songName": "Ikusa",
        "artist": "Yusuke Saeki",
        "type": "Insert Song",
        "correctCount": 100,
        "startTime": 0,
        "songDuration": 26.496,
        "songNumber": 31,
        "activePlayerCount": 231,
        "LinkVideo": "https://files.catbox.moe/igz924.webm",
        "LinkMp3": "https://files.catbox.moe/igpald.mp3"
    },
    {
        "animeEng": "Phantasy Star Online 2: Episode Oracle",
        "animeRomaji": "Phantasy Star Online 2: Episode Oracle",
        "songName": "UniVerse",
        "artist": "Aimee Blackschleger",
        "type": "Opening 2",
        "correctCount": 32,
        "startTime": 15,
        "songDuration": 88.872,
        "songNumber": 32,
        "activePlayerCount": 231,
        "LinkVideo": "https://files.catbox.moe/9g6i4z.webm",
        "LinkMp3": "https://files.catbox.moe/zkcv4l.mp3"
    },
    {
        "animeEng": "Aoi Bungaku Series",
        "animeRomaji": "Aoi Bungaku Series",
        "songName": "Sakura no Yuuwaku",
        "artist": "Nana Mizuki",
        "type": "Opening 1",
        "correctCount": 49,
        "startTime": 4,
        "songDuration": 78.96,
        "songNumber": 33,
        "activePlayerCount": 229,
        "LinkVideo": "https://files.catbox.moe/4w6krc.webm",
        "LinkMp3": "https://files.catbox.moe/o8byr3.mp3"
    },
    {
        "animeEng": "Fate/kaleid liner Prisma\u2606Illya",
        "animeRomaji": "Fate/kaleid liner Prisma\u2606Illya",
        "songName": "starlog",
        "artist": "ChouCho",
        "type": "Opening 1",
        "correctCount": 123,
        "startTime": 54,
        "songDuration": 89.568,
        "songNumber": 34,
        "activePlayerCount": 229,
        "LinkVideo": "https://files.catbox.moe/3r2had.webm",
        "LinkMp3": "https://files.catbox.moe/8y53cz.mp3"
    },
    {
        "animeEng": "Kaguya-sama: Love is War Season 2",
        "animeRomaji": "Kaguya-sama wa Kokurasetai?: Tensai-tachi no Renai Zun\u014dsen",
        "songName": "Kaze ni Fukarete",
        "artist": "Haruka Fukuhara",
        "type": "Ending 1",
        "correctCount": 112,
        "startTime": 14,
        "songDuration": 88.728,
        "songNumber": 35,
        "activePlayerCount": 228,
        "LinkVideo": "https://files.catbox.moe/4yo23m.webm",
        "LinkMp3": "https://files.catbox.moe/4a2i1g.mp3"
    },
    {
        "animeEng": "Ramen Fighter Miki",
        "animeRomaji": "Muteki Kanban Musume",
        "songName": "Muteki na smile",
        "artist": "Naozumi Takahashi",
        "type": "Ending 1",
        "correctCount": 2,
        "startTime": 38,
        "songDuration": 86.568,
        "songNumber": 36,
        "activePlayerCount": 227,
        "LinkVideo": "https://files.catbox.moe/vp27g8.webm",
        "LinkMp3": "https://files.catbox.moe/fbcrxt.mp3",
        "correctPlayers": [
            "Minifridge",
            "SuperstarPearl"
        ]
    },
    {
        "animeEng": "Parasyte -the maxim-",
        "animeRomaji": "Kiseij\u016b: Sei no Kakuritsu",
        "songName": "It's the Right Time",
        "artist": "Daichi Miura",
        "type": "Ending 1",
        "correctCount": 133,
        "startTime": 34,
        "songDuration": 68.928,
        "songNumber": 37,
        "activePlayerCount": 227,
        "LinkVideo": "https://files.catbox.moe/yc1csc.webm",
        "LinkMp3": "https://files.catbox.moe/o12z87.mp3"
    },
    {
        "animeEng": "Bobby's Girl",
        "animeRomaji": "Bobby ni Kubittake",
        "songName": "Bobby's Girl",
        "artist": "Mayumi Shimizu",
        "type": "Ending 1",
        "correctCount": 120,
        "startTime": 82,
        "songDuration": 132.048,
        "songNumber": 38,
        "activePlayerCount": 227,
        "LinkVideo": "https://files.catbox.moe/24jasz.webm",
        "LinkMp3": "https://files.catbox.moe/ivqubi.mp3"
    },
    {
        "animeEng": "BanG Dream! 3rd Season",
        "animeRomaji": "BanG Dream! 3rd Season",
        "songName": "Poppin' Shuffle",
        "artist": "Poppin'Party",
        "type": "Insert Song",
        "correctCount": 50,
        "startTime": 45,
        "songDuration": 121.176,
        "songNumber": 39,
        "activePlayerCount": 226,
        "LinkVideo": "https://files.catbox.moe/1okkif.webm",
        "LinkMp3": "https://files.catbox.moe/c0yol5.mp3"
    },
    {
        "animeEng": "\u0113lDLIVE",
        "animeRomaji": "\u0113lDLIVE",
        "songName": "Our sympathy",
        "artist": "+\u03b1/Alfakyun.",
        "type": "Opening 1",
        "correctCount": 18,
        "startTime": 51,
        "songDuration": 89.064,
        "songNumber": 40,
        "activePlayerCount": 226,
        "LinkVideo": "https://files.catbox.moe/fsftw0.webm",
        "LinkMp3": "https://files.catbox.moe/sjqr01.mp3"
    },
    {
        "animeEng": "Ai no Gakko Cuore Monogatari",
        "animeRomaji": "Ai no Gakko Cuore Monogatari",
        "songName": "Cuore Monogatari",
        "artist": "Eri Takeda & Tokyo Housou Jidou Gasshou-dan",
        "type": "Opening 1",
        "correctCount": 8,
        "startTime": 17,
        "songDuration": 77.04,
        "songNumber": 41,
        "activePlayerCount": 226,
        "LinkVideo": "https://files.catbox.moe/rejhwt.webm",
        "LinkMp3": "https://files.catbox.moe/l343e6.mp3"
    },
    {
        "animeEng": "Kobayashi ga Kawai Sugite Tsurai!!",
        "animeRomaji": "Kobayashi ga Kawai Sugite Tsurai!!",
        "songName": "You are My Miracle",
        "artist": "palet",
        "type": "Ending 1",
        "correctCount": 2,
        "startTime": 11,
        "songDuration": 88.104,
        "songNumber": 42,
        "activePlayerCount": 226,
        "LinkVideo": "https://files.catbox.moe/aea01y.webm",
        "LinkMp3": "https://files.catbox.moe/sbrkht.mp3",
        "correctPlayers": [
            "Moegi",
            "Steelrocket"
        ]
    },
    {
        "animeEng": "BanG Dream! 2nd Season",
        "animeRomaji": "BanG Dream! 2nd Season",
        "songName": "PasPaRevolutions\u2606",
        "artist": "Pastel*Palettes",
        "type": "Insert Song",
        "correctCount": 68,
        "startTime": 17,
        "songDuration": 62.30097,
        "songNumber": 43,
        "activePlayerCount": 225,
        "LinkVideo": "https://files.catbox.moe/d5zcb3.webm",
        "LinkMp3": "https://files.catbox.moe/b7hna6.mp3"
    },
    {
        "animeEng": "Cardfight!! Vanguard: Asia Circuit-hen",
        "animeRomaji": "Cardfight!! Vanguard: Asia Circuit-hen",
        "songName": "Believe in my existence",
        "artist": "JAM Project",
        "type": "Insert Song",
        "correctCount": 43,
        "startTime": 18,
        "songDuration": 188.088,
        "songNumber": 44,
        "activePlayerCount": 225,
        "LinkVideo": "https://files.catbox.moe/te7ii9.webm",
        "LinkMp3": "https://files.catbox.moe/nl5nsy.mp3"
    },
    {
        "animeEng": "Uzaki-chan Wants to Hang Out!",
        "animeRomaji": "Uzaki-chan wa Asobitai!",
        "songName": "Nadamesukashi Negotiation",
        "artist": "Kano to Uzaki-chan",
        "type": "Opening 1",
        "correctCount": 113,
        "startTime": 34,
        "songDuration": 87.792,
        "songNumber": 45,
        "activePlayerCount": 224,
        "LinkVideo": "https://files.catbox.moe/w7dtuf.webm",
        "LinkMp3": "https://files.catbox.moe/6z9bu6.mp3"
    },
    {
        "animeEng": "Pok\u00e9mon XY",
        "animeRomaji": "Pocket Monsters XY",
        "songName": "Getter Banban",
        "artist": "Tomohisa Sak\u014d",
        "type": "Opening 3",
        "correctCount": 56,
        "startTime": 6,
        "songDuration": 86.568,
        "songNumber": 46,
        "activePlayerCount": 223,
        "LinkVideo": "https://files.catbox.moe/l2syqp.webm",
        "LinkMp3": "https://files.catbox.moe/hlwc9t.mp3"
    },
    {
        "animeEng": "Shokugeki no S\u014dma: San no Sara: Erina no Shin Seikatsu",
        "animeRomaji": "Shokugeki no S\u014dma: San no Sara: Erina no Shin Seikatsu",
        "songName": "BRAVER",
        "artist": "ZAQ",
        "type": "Opening 1",
        "correctCount": 158,
        "startTime": 32,
        "songDuration": 89.04,
        "songNumber": 47,
        "activePlayerCount": 224,
        "LinkVideo": "https://files.catbox.moe/5h4ptm.webm",
        "LinkMp3": "https://files.catbox.moe/gsj42q.mp3"
    },
    {
        "animeEng": "Dragon Ball Z: Broly - The Legendary Super Saiyan",
        "animeRomaji": "Dragon Ball Z: Moetsukiro!! Nessen, Ressen, Ch\u014dgekisen",
        "songName": "CHA-LA HEAD-CHA-LA",
        "artist": "Hironobu Kageyama",
        "type": "Opening 1",
        "correctCount": 214,
        "startTime": 39,
        "songDuration": 107.074078,
        "songNumber": 48,
        "activePlayerCount": 224,
        "LinkVideo": "https://files.catbox.moe/al9o96.webm",
        "LinkMp3": "https://files.catbox.moe/ewehoa.mp3"
    },
    {
        "animeEng": "Go! Machinerobo Rescue",
        "animeRomaji": "Shutsugeki! Machine Robo Rescue",
        "songName": "Go! Go! Rescue",
        "artist": "JAM Project",
        "type": "Opening 1",
        "correctCount": 9,
        "startTime": 47,
        "songDuration": 87.984,
        "songNumber": 49,
        "activePlayerCount": 224,
        "LinkVideo": "https://files.catbox.moe/h7kgo2.webm",
        "LinkMp3": "https://files.catbox.moe/5f3viy.mp3"
    },
    {
        "animeEng": "Kashimashi: Girl Meets Girl",
        "animeRomaji": "Kashimashi: Girl Meets Girl",
        "songName": "Koisuru Kokoro",
        "artist": "eufonius",
        "type": "Opening 1",
        "correctCount": 25,
        "startTime": 3,
        "songDuration": 89.856,
        "songNumber": 50,
        "activePlayerCount": 223,
        "LinkVideo": "https://files.catbox.moe/9pl924.webm",
        "LinkMp3": "https://files.catbox.moe/sld2ye.mp3"
    },
    {
        "animeEng": "Bloom Into You",
        "animeRomaji": "Yagate Kimi ni Naru",
        "songName": "Kimi ni Furete",
        "artist": "Riko Azuna",
        "type": "Opening 1",
        "correctCount": 100,
        "startTime": 17,
        "songDuration": 89.781314,
        "songNumber": 51,
        "activePlayerCount": 222,
        "LinkVideo": "https://files.catbox.moe/istzrn.webm",
        "LinkMp3": "https://files.catbox.moe/uzi553.mp3"
    },
    {
        "animeEng": "Sankarea: Undying Love",
        "animeRomaji": "Sankarea",
        "songName": "Esoragoto",
        "artist": "nano.RIPE",
        "type": "Opening 1",
        "correctCount": 119,
        "startTime": 6,
        "songDuration": 88.752,
        "songNumber": 52,
        "activePlayerCount": 221,
        "LinkVideo": "https://files.catbox.moe/ag7r05.webm",
        "LinkMp3": "https://files.catbox.moe/15yh2t.mp3"
    },
    {
        "animeEng": "Love in Rock 'n Roll",
        "animeRomaji": "Ai Shite Knight",
        "songName": "Koi wa Totsuzen",
        "artist": "Mitsuko Horie",
        "type": "Opening 1",
        "correctCount": 6,
        "startTime": 10,
        "songDuration": 78.168,
        "songNumber": 53,
        "activePlayerCount": 222,
        "LinkVideo": "https://files.catbox.moe/u4wllv.webm",
        "LinkMp3": "https://files.catbox.moe/bdz205.mp3"
    },
    {
        "animeEng": "Blood-C: The Last Dark",
        "animeRomaji": "Blood-C: The Last Dark",
        "songName": "METRO BAROQUE",
        "artist": "Nana Mizuki",
        "type": "Ending 1",
        "correctCount": 5,
        "startTime": 111,
        "songDuration": 265.634618,
        "songNumber": 54,
        "activePlayerCount": 221,
        "LinkVideo": "https://files.catbox.moe/dqv8j1.webm",
        "LinkMp3": "https://files.catbox.moe/zidyal.mp3",
        "correctPlayers": [
            "MilkJiang",
            "kimika",
            "Minifridge",
            "Lana_chan",
            "asleep"
        ]
    },
    {
        "animeEng": "Senki Zessh\u014d Symphogear XV",
        "animeRomaji": "Senki Zessh\u014d Symphogear XV",
        "songName": "Mata Au Hi made",
        "artist": "Misaki Kuno",
        "type": "Insert Song",
        "correctCount": 13,
        "startTime": 26,
        "songDuration": 83.064,
        "songNumber": 55,
        "activePlayerCount": 220,
        "LinkVideo": "https://files.catbox.moe/t7qt7q.webm",
        "LinkMp3": "https://files.catbox.moe/fibetm.mp3"
    },
    {
        "animeEng": "Kashimashi: Girl Meets Girl",
        "animeRomaji": "Kashimashi: Girl Meets Girl",
        "songName": "Koisuru Kokoro",
        "artist": "eufonius",
        "type": "Opening 1",
        "correctCount": 28,
        "startTime": 90,
        "songDuration": 277.464,
        "songNumber": 56,
        "activePlayerCount": 219,
        "LinkVideo": "https://files.catbox.moe/mwc55k.webm",
        "LinkMp3": "https://files.catbox.moe/uageqk.mp3"
    },
    {
        "animeEng": "Welcome to Demon School! Iruma-kun",
        "animeRomaji": "Mairimashita! Iruma-kun",
        "songName": "Akuma Gakkou Babyls Kouka",
        "artist": "Akuma Gakkou Babyls Seito no Mina-san",
        "type": "Ending 2",
        "correctCount": 80,
        "startTime": 51,
        "songDuration": 88.152,
        "songNumber": 57,
        "activePlayerCount": 221,
        "LinkVideo": "https://files.catbox.moe/bhn25d.webm",
        "LinkMp3": "https://files.catbox.moe/mn5yrw.mp3"
    },
    {
        "animeEng": "Forest of Piano",
        "animeRomaji": "Piano no Mori",
        "songName": "\u00c9tude Op. 10, No. 1",
        "artist": "Kai Ichinose",
        "type": "Opening 1",
        "correctCount": 181,
        "startTime": 6,
        "songDuration": 119.808,
        "songNumber": 58,
        "activePlayerCount": 221,
        "LinkVideo": "https://files.catbox.moe/pv4k3o.webm",
        "LinkMp3": "https://files.catbox.moe/jcjigh.mp3"
    },
    {
        "animeEng": "Riddle Story of Devil",
        "animeRomaji": "Akuma no Riddle",
        "songName": "S\u014dsh\u014d Innocence",
        "artist": "Maaya Uchida",
        "type": "Opening 1",
        "correctCount": 93,
        "startTime": 19,
        "songDuration": 87.576,
        "songNumber": 59,
        "activePlayerCount": 222,
        "LinkVideo": "https://files.catbox.moe/a2c1us.webm",
        "LinkMp3": "https://files.catbox.moe/wk56a5.mp3"
    },
    {
        "animeEng": "Mobile Suit Gundam Narrative",
        "animeRomaji": "Kid\u014d Senshi Gundam NT",
        "songName": "narrative",
        "artist": "SawanoHiroyuki[nZk]:LiSA",
        "type": "Ending 1",
        "correctCount": 49,
        "startTime": 71,
        "songDuration": 255.408,
        "songNumber": 60,
        "activePlayerCount": 221,
        "LinkVideo": "https://files.catbox.moe/dng7dm.webm",
        "LinkMp3": "https://files.catbox.moe/qjy3v2.mp3"
    },
    {
        "animeEng": "Hinamatsuri",
        "animeRomaji": "Hinamatsuri",
        "songName": "Angel ~Tsubasa wa Kudaketemo mata Haeru~",
        "artist": "CENTRAL PARK",
        "type": "Insert Song",
        "correctCount": 70,
        "startTime": 1,
        "songDuration": 41.564025,
        "songNumber": 61,
        "activePlayerCount": 221,
        "LinkVideo": "https://files.catbox.moe/8gpqyv.webm",
        "LinkMp3": "https://files.catbox.moe/4c7fsk.mp3"
    },
    {
        "animeEng": "Cromartie High School",
        "animeRomaji": "Sakigake!! Cromartie Koukou",
        "songName": "Jun",
        "artist": "Takuro Yoshida",
        "type": "Opening 1",
        "correctCount": 47,
        "startTime": 12,
        "songDuration": 88.848,
        "songNumber": 62,
        "activePlayerCount": 221,
        "LinkVideo": "https://files.catbox.moe/me6qt4.webm",
        "LinkMp3": "https://files.catbox.moe/6wdill.mp3"
    },
    {
        "animeEng": "Lord of Vermilion",
        "animeRomaji": "Lord of Vermilion: Guren no \u014c",
        "songName": "Tenshi yo Kokyou o Kike",
        "artist": "May'n",
        "type": "Opening 1",
        "correctCount": 22,
        "startTime": 37,
        "songDuration": 87.744,
        "songNumber": 63,
        "activePlayerCount": 220,
        "LinkVideo": "https://files.catbox.moe/f0hvq6.webm",
        "LinkMp3": "https://files.catbox.moe/5cls54.mp3"
    },
    {
        "animeEng": "The Seven Deadly Sins",
        "animeRomaji": "Nanatsu no Taizai",
        "songName": "Perfect Time",
        "artist": "Mika Kobayashi & mpi",
        "type": "Insert Song",
        "correctCount": 157,
        "startTime": 86,
        "songDuration": 196.2,
        "songNumber": 64,
        "activePlayerCount": 219,
        "LinkVideo": "https://files.catbox.moe/u90ef2.webm",
        "LinkMp3": "https://files.catbox.moe/pmr8ax.mp3"
    },
    {
        "animeEng": "Tobidasu PriPara Mi~nna de Mezase! Idol\u2606Grand Prix",
        "animeRomaji": "Tobidasu PriPara Mi~nna de Mezase! Idol\u2606Grand Prix",
        "songName": "CHANGE! MY WORLD",
        "artist": "DressingPaf\u00e9",
        "type": "Insert Song",
        "correctCount": 67,
        "startTime": 64,
        "songDuration": 148.08,
        "songNumber": 65,
        "activePlayerCount": 218,
        "LinkVideo": "https://files.catbox.moe/1j32vf.webm",
        "LinkMp3": "https://files.catbox.moe/9p0b0z.mp3"
    },
    {
        "animeEng": "Phi Brain - Puzzle of God: The Orpheus Order",
        "animeRomaji": "Phi-Brain - Kami no Puzzle: Orpheus Order-hen",
        "songName": "Now or Never",
        "artist": "nano",
        "type": "Opening 1",
        "correctCount": 55,
        "startTime": 9,
        "songDuration": 88.56,
        "songNumber": 66,
        "activePlayerCount": 219,
        "LinkVideo": "https://files.catbox.moe/doxeb4.webm",
        "LinkMp3": "https://files.catbox.moe/95x6ba.mp3"
    },
    {
        "animeEng": "Natsu no Arashi!",
        "animeRomaji": "Natsu no Arashi!",
        "songName": "Koi no Dial 6700",
        "artist": "Chiaki Omigawa",
        "type": "Insert Song",
        "correctCount": 3,
        "startTime": 30,
        "songDuration": 91.416,
        "songNumber": 67,
        "activePlayerCount": 219,
        "LinkVideo": "https://files.catbox.moe/c2cop8.webm",
        "LinkMp3": "https://files.catbox.moe/8lhl4n.mp3",
        "correctPlayers": [
            "SrKristiano",
            "Cherryboyhunter",
            "KawaiiTendou"
        ]
    },
    {
        "animeEng": "TsukiPro the Animation",
        "animeRomaji": "TsukiPro the Animation",
        "songName": "Dear Dreamer,",
        "artist": "SOARA, Growth, SolidS, QUELL",
        "type": "Insert Song",
        "correctCount": 9,
        "startTime": 77,
        "songDuration": 169.776,
        "songNumber": 68,
        "activePlayerCount": 219,
        "LinkVideo": "https://files.catbox.moe/8zjdmn.webm",
        "LinkMp3": "https://files.catbox.moe/2yd1ed.mp3"
    },
    {
        "animeEng": "Star Blazers: The Comet Empire",
        "animeRomaji": "Uch\u016b Senkan Yamato 2",
        "songName": "Teresa yo Towani",
        "artist": "Isao Sasaki and Feeling Free",
        "type": "Ending 1",
        "correctCount": 3,
        "startTime": 35,
        "songDuration": 81.096,
        "songNumber": 69,
        "activePlayerCount": 219,
        "LinkVideo": "https://files.catbox.moe/1zhtha.webm",
        "LinkMp3": "https://files.catbox.moe/8qe00e.mp3",
        "correctPlayers": [
            "Rukawa11",
            "theyingster",
            "SuperstarPearl"
        ]
    },
    {
        "animeEng": "Sister Princess",
        "animeRomaji": "Sister Princess",
        "songName": "Love Destiny",
        "artist": "Yui Horie",
        "type": "Opening 1",
        "correctCount": 22,
        "startTime": 12,
        "songDuration": 89.363362,
        "songNumber": 70,
        "activePlayerCount": 218,
        "LinkVideo": "https://files.catbox.moe/gte0pe.webm",
        "LinkMp3": "https://files.catbox.moe/bh7w3y.mp3"
    },
    {
        "animeEng": "Super Dragon Ball Heroes",
        "animeRomaji": "Super Dragon Ball Heroes",
        "songName": "Super Dragon Ball Heroes Fight Song",
        "artist": "Dragon Soul",
        "type": "Opening 3",
        "correctCount": 20,
        "startTime": 49,
        "songDuration": 90.048,
        "songNumber": 71,
        "activePlayerCount": 215,
        "LinkVideo": "https://files.catbox.moe/olf7bn.webm",
        "LinkMp3": "https://files.catbox.moe/3gmulc.mp3"
    },
    {
        "animeEng": "Today In Class 5-2",
        "animeRomaji": "Ky\u014d no Go no Ni",
        "songName": "Kitakaze",
        "artist": "Friends",
        "type": "Opening 1",
        "correctCount": 5,
        "startTime": 23,
        "songDuration": 86.592,
        "songNumber": 72,
        "activePlayerCount": 215,
        "LinkVideo": "https://files.catbox.moe/gh09cz.webm",
        "LinkMp3": "https://files.catbox.moe/vul0cc.mp3",
        "correctPlayers": [
            "bluethree",
            "speedfreek16",
            "amehaneyuki",
            "kimika",
            "ozsauce"
        ]
    },
    {
        "animeEng": "In The Beginning - The Bible Stories",
        "animeRomaji": "Seisho Monogatari",
        "songName": "Rainbow Blue",
        "artist": "Reimy",
        "type": "Ending 1",
        "correctCount": 2,
        "startTime": 27,
        "songDuration": 65.592,
        "songNumber": 73,
        "activePlayerCount": 215,
        "LinkVideo": "https://files.catbox.moe/4324wt.webm",
        "LinkMp3": "https://files.catbox.moe/0msyea.mp3",
        "correctPlayers": [
            "theyingster",
            "SuperstarPearl"
        ]
    },
    {
        "animeEng": "The iDOLM@STER Shiny Festa",
        "animeRomaji": "The iDOLM@STER Shiny Festa",
        "songName": "Vault That Borderline!",
        "artist": "Asami Imai, Eriko Nakamura, Chiaki Takahashi, Naomi Wakabayashi",
        "type": "Insert Song",
        "correctCount": 8,
        "startTime": 58,
        "songDuration": 120.384,
        "songNumber": 74,
        "activePlayerCount": 216,
        "LinkVideo": "https://files.catbox.moe/fkgcek.webm",
        "LinkMp3": "https://files.catbox.moe/emggcx.mp3"
    },
    {
        "animeEng": "Kodomo no Jikan: Anata ga Watashi ni Kureta Mono",
        "animeRomaji": "Kodomo no Jikan: Anata ga Watashi ni Kureta Mono",
        "songName": "Otome Chikku Shoshinsha desu",
        "artist": "Eri Kitamura, Kei Shindou, Mai Kadowaki",
        "type": "Opening 1",
        "correctCount": 25,
        "startTime": 1,
        "songDuration": 89.52,
        "songNumber": 75,
        "activePlayerCount": 212,
        "LinkVideo": "https://files.catbox.moe/v6w8uf.webm",
        "LinkMp3": "https://files.catbox.moe/eyb5y0.mp3"
    }
]