[
    {
        "animeEng": "Belle and Sebastian",
        "animeRomaji": "Meiken Jolie",
        "songName": "Hashire! Jolie",
        "artist": "Mitsuko Horie & Tea Tea Ne & Children's Chorus",
        "type": "Opening 1",
        "correctCount": 9,
        "startTime": 45,
        "songDuration": 91.766586,
        "songNumber": 1,
        "activePlayerCount": 296,
        "LinkVideo": "https://files.catbox.moe/g1t12o.webm",
        "LinkMp3": "https://files.catbox.moe/245wd2.mp3"
    },
    {
        "animeEng": "Kingsglaive: Final Fantasy XV",
        "animeRomaji": "Kingsglaive: Final Fantasy XV",
        "songName": "Calling For Rain",
        "artist": "Hiroo Nakano, Neo Liu, Tu Hua Bing",
        "type": "Insert Song",
        "correctCount": 27,
        "startTime": 65,
        "songDuration": 118.224,
        "songNumber": 2,
        "activePlayerCount": 306,
        "LinkVideo": "https://files.catbox.moe/gbgeef.webm",
        "LinkMp3": "https://files.catbox.moe/hmjo05.mp3"
    },
    {
        "animeEng": "STARMYU",
        "animeRomaji": "K\u014dk\u014d Hoshi Kageki",
        "songName": "SILENT FEVER",
        "artist": "Ryota Ohsaka",
        "type": "Insert Song",
        "correctCount": 117,
        "startTime": 45,
        "songDuration": 97.488,
        "songNumber": 3,
        "activePlayerCount": 309,
        "LinkVideo": "https://files.catbox.moe/kt9y6r.webm",
        "LinkMp3": "https://files.catbox.moe/b9e2hy.mp3"
    },
    {
        "animeEng": "NANA",
        "animeRomaji": "NANA",
        "songName": "zero",
        "artist": "ANNA inspi' NANA(BLACK STONES)",
        "type": "Insert Song",
        "correctCount": 81,
        "startTime": 25,
        "songDuration": 69.954716,
        "songNumber": 4,
        "activePlayerCount": 308,
        "LinkVideo": "https://files.catbox.moe/0t7dn2.webm",
        "LinkMp3": "https://files.catbox.moe/5r88bd.mp3"
    },
    {
        "animeEng": "Non Non Biyori",
        "animeRomaji": "Non Non Biyori",
        "songName": "Non Non Biyori",
        "artist": "Ayane Sakura, Kana Asumi, Kotori Koiwai, Rie Murakawa",
        "type": "Ending 1",
        "correctCount": 94,
        "startTime": 11,
        "songDuration": 88.776,
        "songNumber": 5,
        "activePlayerCount": 308,
        "LinkVideo": "https://files.catbox.moe/hyruzj.webm",
        "LinkMp3": "https://files.catbox.moe/ov8lso.mp3"
    },
    {
        "animeEng": "Captain Tsubasa: The Most Powerful Opponent! Holland Youth",
        "animeRomaji": "Captain Tsubasa: Saiky\u014d no Teki! Holland Youth",
        "songName": "Try!",
        "artist": "FACE FREE",
        "type": "Insert Song",
        "correctCount": 2,
        "startTime": 30,
        "songDuration": 88.92,
        "songNumber": 6,
        "activePlayerCount": 307,
        "LinkVideo": "https://files.catbox.moe/un65yv.webm",
        "LinkMp3": "https://files.catbox.moe/6c0m6i.mp3",
        "correctPlayers": [
            "Kaani",
            "theyingster"
        ]
    },
    {
        "animeEng": "UFO Ultramaiden Valkyrie 2: December Nocturne",
        "animeRomaji": "UFO Princess Walk\u00fcre: J\u016bnigatsu no Yas\u014dkyoku",
        "songName": "PASSION",
        "artist": "Saeko Chiba",
        "type": "Insert Song",
        "correctCount": 1,
        "startTime": 0,
        "songDuration": 35.232,
        "songNumber": 7,
        "activePlayerCount": 307,
        "LinkVideo": "https://files.catbox.moe/19aa5z.webm",
        "LinkMp3": "https://files.catbox.moe/d950d0.mp3",
        "correctPlayers": [
            "Anwonu"
        ]
    },
    {
        "animeEng": "Pichu Bros. in Party Panic!",
        "animeRomaji": "Boku-tachi Pichu Brothers: Party wa \u014csawagi! no Maki",
        "songName": "Side by Side - Pichu & Pichu",
        "artist": "Peter Thom",
        "type": "Opening 1",
        "correctCount": 33,
        "startTime": 28,
        "songDuration": 105.950832,
        "songNumber": 8,
        "activePlayerCount": 305,
        "LinkVideo": "https://files.catbox.moe/6dfqv2.webm",
        "LinkMp3": "https://files.catbox.moe/hzoh2i.mp3"
    },
    {
        "animeEng": "God Eater",
        "animeRomaji": "God Eater",
        "songName": "Long Way",
        "artist": "GHOST ORACLE DRIVE",
        "type": "Insert Song",
        "correctCount": 50,
        "startTime": 63,
        "songDuration": 105.432,
        "songNumber": 9,
        "activePlayerCount": 306,
        "LinkVideo": "https://files.catbox.moe/qoa2n0.webm",
        "LinkMp3": "https://files.catbox.moe/yh773k.mp3"
    },
    {
        "animeEng": "The Morose Mononokean",
        "animeRomaji": "Fukigen na Mononokean",
        "songName": "Tomodachi Meter",
        "artist": "The Super Ball",
        "type": "Opening 1",
        "correctCount": 36,
        "startTime": 49,
        "songDuration": 89.304,
        "songNumber": 10,
        "activePlayerCount": 303,
        "LinkVideo": "https://files.catbox.moe/7d4x0k.webm",
        "LinkMp3": "https://files.catbox.moe/jiw6jb.mp3"
    },
    {
        "animeEng": "Yuruyuri Nachu Yachumi!",
        "animeRomaji": "Yuruyuri Nachu Yachumi!",
        "songName": "After School Days",
        "artist": "Nanamori Ch\u016b\u2606Goraku-bu",
        "type": "Ending 1",
        "correctCount": 31,
        "startTime": 48,
        "songDuration": 91.128,
        "songNumber": 11,
        "activePlayerCount": 302,
        "LinkVideo": "https://files.catbox.moe/k3qlc5.webm",
        "LinkMp3": "https://files.catbox.moe/kfbd72.mp3"
    },
    {
        "animeEng": "Kinnikuman",
        "animeRomaji": "Kinnikuman",
        "songName": "Kinnikuman Senp\u016b",
        "artist": "Akira Kushida",
        "type": "Opening 3",
        "correctCount": 15,
        "startTime": 19,
        "songDuration": 89.832,
        "songNumber": 12,
        "activePlayerCount": 302,
        "LinkVideo": "https://files.catbox.moe/molpl7.webm",
        "LinkMp3": "https://files.catbox.moe/ws95a2.mp3"
    },
    {
        "animeEng": "Lostorage incited WIXOSS",
        "animeRomaji": "Lostorage incited WIXOSS",
        "songName": "Lostorage",
        "artist": "Yuka Iguchi",
        "type": "Opening 1",
        "correctCount": 83,
        "startTime": 15,
        "songDuration": 89.064,
        "songNumber": 13,
        "activePlayerCount": 300,
        "LinkVideo": "https://files.catbox.moe/1qsy26.webm",
        "LinkMp3": "https://files.catbox.moe/58347z.mp3"
    },
    {
        "animeEng": "Chikkun Takkun",
        "animeRomaji": "Chikkun Takkun",
        "songName": "Sukishite Chikkun",
        "artist": "Fumi Hirano",
        "type": "Opening 1",
        "correctCount": 7,
        "startTime": 26,
        "songDuration": 83.064,
        "songNumber": 14,
        "activePlayerCount": 300,
        "LinkVideo": "https://files.catbox.moe/5i2706.webm",
        "LinkMp3": "https://files.catbox.moe/pl0zo2.mp3"
    },
    {
        "animeEng": "Saint Seiya: The Hades Chapter - Inferno",
        "animeRomaji": "Saint Seiya: The Hades Chapter - Inferno",
        "songName": "Megami no Senshi ~PegasusForever~",
        "artist": "Marina del ray",
        "type": "Opening 1",
        "correctCount": 26,
        "startTime": 31,
        "songDuration": 86.33321,
        "songNumber": 15,
        "activePlayerCount": 299,
        "LinkVideo": "https://files.catbox.moe/s3p05u.webm",
        "LinkMp3": "https://files.catbox.moe/x4yr00.mp3"
    },
    {
        "animeEng": "Akindo Sei no Little Peso",
        "animeRomaji": "Akindo Sei no Little Peso",
        "songName": "Pretty Penny",
        "artist": "Leo",
        "type": "Opening 1",
        "correctCount": 26,
        "startTime": 0,
        "songDuration": 22.752,
        "songNumber": 16,
        "activePlayerCount": 299,
        "LinkVideo": "https://files.catbox.moe/3mfllg.webm",
        "LinkMp3": "https://files.catbox.moe/sn3jyy.mp3"
    },
    {
        "animeEng": "Chance Triangle Session",
        "animeRomaji": "Chance Pop Session",
        "songName": "Ieji",
        "artist": "Y\u016b Daiki",
        "type": "Insert Song",
        "correctCount": 1,
        "startTime": 0,
        "songDuration": 36.152848,
        "songNumber": 17,
        "activePlayerCount": 300,
        "LinkVideo": "https://files.catbox.moe/bs27o9.webm",
        "LinkMp3": "https://files.catbox.moe/1g6y7l.mp3",
        "correctPlayers": [
            "heyhey"
        ]
    },
    {
        "animeEng": "Great Pretender",
        "animeRomaji": "Great Pretender",
        "songName": "Our Love",
        "artist": "YVY ft. Quincy",
        "type": "Insert Song",
        "correctCount": 52,
        "startTime": 148,
        "songDuration": 201.264,
        "songNumber": 18,
        "activePlayerCount": 300,
        "LinkVideo": "https://files.catbox.moe/po8p1p.webm",
        "LinkMp3": "https://files.catbox.moe/3guxpb.mp3"
    },
    {
        "animeEng": "Di Gi Charat Nyo",
        "animeRomaji": "Di Gi Charat Nyo",
        "songName": "Shippo no Waltz",
        "artist": "Miyuki Sawashiro",
        "type": "Insert Song",
        "correctCount": 1,
        "startTime": 91,
        "songDuration": 186.096,
        "songNumber": 19,
        "activePlayerCount": 299,
        "LinkVideo": "https://files.catbox.moe/we21o4.webm",
        "LinkMp3": "https://files.catbox.moe/sguu24.mp3",
        "correctPlayers": [
            "watashiii"
        ]
    },
    {
        "animeEng": "Grandeek - Gaiden",
        "animeRomaji": "Grandeek - Gaiden",
        "songName": "Umi no Mieru Oka de",
        "artist": "Rie Tanaka",
        "type": "Ending 1",
        "correctCount": 2,
        "startTime": 31,
        "songDuration": 95.592,
        "songNumber": 20,
        "activePlayerCount": 298,
        "LinkVideo": "https://files.catbox.moe/yuusax.webm",
        "LinkMp3": "https://files.catbox.moe/ptc7m3.mp3",
        "correctPlayers": [
            "Precure",
            "ryser"
        ]
    },
    {
        "animeEng": "The Prince of Tennis Another Story II - Ano Toki no Bokura",
        "animeRomaji": "The Prince of Tennis Another Story II - Ano Toki no Bokura",
        "songName": "Aozora STAGE",
        "artist": "Tachikiri-tai",
        "type": "Opening 1",
        "correctCount": 1,
        "startTime": 1,
        "songDuration": 73.104,
        "songNumber": 21,
        "activePlayerCount": 297,
        "LinkVideo": "https://files.catbox.moe/wg5gdi.webm",
        "LinkMp3": "https://files.catbox.moe/7veqqb.mp3",
        "correctPlayers": [
            "theyingster"
        ]
    },
    {
        "animeEng": "Darkness Boy Santa",
        "animeRomaji": "Kurayami Santa",
        "songName": "Kurayami Santa no Theme",
        "artist": "Yasuhiko Fukuda",
        "type": "Opening 1",
        "correctCount": 33,
        "startTime": 0,
        "songDuration": 15.48,
        "songNumber": 22,
        "activePlayerCount": 296,
        "LinkVideo": "https://files.catbox.moe/h5wi8y.webm",
        "LinkMp3": "https://files.catbox.moe/dt9wda.mp3"
    },
    {
        "animeEng": "Case Closed",
        "animeRomaji": "Meitantei Conan",
        "songName": "destiny",
        "artist": "Miki Matsuhashi",
        "type": "Opening 9",
        "correctCount": 52,
        "startTime": 9,
        "songDuration": 114.432,
        "songNumber": 23,
        "activePlayerCount": 297,
        "LinkVideo": "https://files.catbox.moe/mdpkcp.webm",
        "LinkMp3": "https://files.catbox.moe/h2knen.mp3"
    },
    {
        "animeEng": "Kiss\u00d7sis",
        "animeRomaji": "Kiss\u00d7sis",
        "songName": "Balance KISS",
        "artist": "Ayana Taketatsu & Yuiko Tatsumi",
        "type": "Opening 1",
        "correctCount": 152,
        "startTime": 34,
        "songDuration": 90.072,
        "songNumber": 24,
        "activePlayerCount": 296,
        "LinkVideo": "https://files.catbox.moe/fql2il.webm",
        "LinkMp3": "https://files.catbox.moe/zc3equ.mp3"
    },
    {
        "animeEng": "Mobile Suit Gundam MS IGLOO: Apocalypse 0079",
        "animeRomaji": "Kid\u014d Senshi Gundam MS IGLOO: Mokushiroku 0079",
        "songName": "Yume Wadachi",
        "artist": "Taja",
        "type": "Opening 1",
        "correctCount": 27,
        "startTime": 37,
        "songDuration": 88.058775,
        "songNumber": 25,
        "activePlayerCount": 295,
        "LinkVideo": "https://files.catbox.moe/o6jti1.webm",
        "LinkMp3": "https://files.catbox.moe/9hqp37.mp3"
    },
    {
        "animeEng": "The Seven Deadly Sins: Revival of The Commandments",
        "animeRomaji": "Nanatsu no Taizai: Imashime no Fukkatsu",
        "songName": "Howling",
        "artist": "FLOW\u00d7GRANRODEO",
        "type": "Opening 1",
        "correctCount": 157,
        "startTime": 38,
        "songDuration": 88.896,
        "songNumber": 26,
        "activePlayerCount": 291,
        "LinkVideo": "https://files.catbox.moe/0t3z3i.webm",
        "LinkMp3": "https://files.catbox.moe/c1jpq0.mp3"
    },
    {
        "animeEng": "Tenchi Muyo! Ryo Ohki",
        "animeRomaji": "Tenchi Muyo! Ryo Ohki",
        "songName": "Boku wa Motto Pioneer",
        "artist": "Chisa Yokoyama",
        "type": "Opening 1",
        "correctCount": 13,
        "startTime": 0,
        "songDuration": 89.52,
        "songNumber": 27,
        "activePlayerCount": 290,
        "LinkVideo": "https://files.catbox.moe/fwdzk1.webm",
        "LinkMp3": "https://files.catbox.moe/qj6sst.mp3"
    },
    {
        "animeEng": "Legendz: Tale of the Dragon Kings",
        "animeRomaji": "Legendz: Yomigaeru Ry\u016b\u014d Densetsu",
        "songName": "Sora-iro no Yubisaki",
        "artist": "Yurie Kokubu",
        "type": "Ending 3",
        "correctCount": 5,
        "startTime": 46,
        "songDuration": 101.088,
        "songNumber": 28,
        "activePlayerCount": 290,
        "LinkVideo": "https://files.catbox.moe/0x5bev.webm",
        "LinkMp3": "https://files.catbox.moe/l4uhde.mp3",
        "correctPlayers": [
            "Kaani",
            "WrednyFok",
            "Kisidy",
            "Sorari",
            "ryser"
        ]
    },
    {
        "animeEng": "The Piano Forest",
        "animeRomaji": "Piano no Mori",
        "songName": "Moonshine ~Tsukiakari~",
        "artist": "Nao Matsushita",
        "type": "Ending 1",
        "correctCount": 4,
        "startTime": 150,
        "songDuration": 257.952,
        "songNumber": 29,
        "activePlayerCount": 288,
        "LinkVideo": "https://files.catbox.moe/0f8c8e.webm",
        "LinkMp3": "https://files.catbox.moe/46g1i0.mp3",
        "correctPlayers": [
            "TraceofLife",
            "shadowpandax",
            "Kisidy",
            "DDBOT"
        ]
    },
    {
        "animeEng": "Dragon Ball",
        "animeRomaji": "Dragon Ball",
        "songName": "Mezase Tenkaichi",
        "artist": "Hiroki Takahashi",
        "type": "Insert Song",
        "correctCount": 67,
        "startTime": 6,
        "songDuration": 123.816,
        "songNumber": 30,
        "activePlayerCount": 291,
        "LinkVideo": "https://files.catbox.moe/tupr7p.webm",
        "LinkMp3": "https://files.catbox.moe/bjca4y.mp3"
    },
    {
        "animeEng": "Hora, Mimi ga Mieteru yo!",
        "animeRomaji": "Hora, Mimi ga Mieteru yo!",
        "songName": "Mimimimi\u2606Puwappu",
        "artist": "Tsukino Amasato",
        "type": "Opening 1",
        "correctCount": 148,
        "startTime": 0,
        "songDuration": 9.92636,
        "songNumber": 31,
        "activePlayerCount": 290,
        "LinkVideo": "https://files.catbox.moe/2akzcu.webm",
        "LinkMp3": "https://files.catbox.moe/5hyr6o.mp3"
    },
    {
        "animeEng": "Crayon Shin-chan: Buriburi \u014ckoku no Hih\u014d",
        "animeRomaji": "Crayon Shin-chan: Buriburi \u014ckoku no Hih\u014d",
        "songName": "Ora wa Ninkimono",
        "artist": "Akiko Yajima",
        "type": "Opening 1",
        "correctCount": 239,
        "startTime": 5,
        "songDuration": 62.448,
        "songNumber": 32,
        "activePlayerCount": 290,
        "LinkVideo": "https://files.catbox.moe/wdi0ob.webm",
        "LinkMp3": "https://files.catbox.moe/3var2k.mp3"
    },
    {
        "animeEng": "Girls' Last Tour",
        "animeRomaji": "Sh\u014djo Sh\u016bmatsu Ryok\u014d",
        "songName": "Ugoku, Ugoku",
        "artist": "Inori Minase & Yurika Kubo",
        "type": "Opening 2",
        "correctCount": 150,
        "startTime": 21,
        "songDuration": 88.488,
        "songNumber": 33,
        "activePlayerCount": 288,
        "LinkVideo": "https://files.catbox.moe/1jbzjm.webm",
        "LinkMp3": "https://files.catbox.moe/18u5n8.mp3"
    },
    {
        "animeEng": "Dragon Ball Z: Broly - The Legendary Super Saiyan",
        "animeRomaji": "Dragon Ball Z: Moetsukiro!! Nessen, Ressen, Ch\u014dgekisen",
        "songName": "CHA-LA HEAD-CHA-LA",
        "artist": "Hironobu Kageyama",
        "type": "Opening 1",
        "correctCount": 279,
        "startTime": 48,
        "songDuration": 107.074078,
        "songNumber": 34,
        "activePlayerCount": 289,
        "LinkVideo": "https://files.catbox.moe/al9o96.webm",
        "LinkMp3": "https://files.catbox.moe/ewehoa.mp3"
    },
    {
        "animeEng": "Bloom Into You",
        "animeRomaji": "Yagate Kimi ni Naru",
        "songName": "Kimi ni Furete",
        "artist": "Riko Azuna",
        "type": "Opening 1",
        "correctCount": 97,
        "startTime": 31,
        "songDuration": 89.781314,
        "songNumber": 35,
        "activePlayerCount": 289,
        "LinkVideo": "https://files.catbox.moe/istzrn.webm",
        "LinkMp3": "https://files.catbox.moe/uzi553.mp3"
    },
    {
        "animeEng": "That Time I Got Reincarnated as a Slime",
        "animeRomaji": "Tensei Shitara Slime Datta Ken",
        "songName": "Meguru Mono",
        "artist": "Takuma Terashima",
        "type": "Opening 2",
        "correctCount": 207,
        "startTime": 52,
        "songDuration": 88.736434,
        "songNumber": 36,
        "activePlayerCount": 289,
        "LinkVideo": "https://files.catbox.moe/jakj3o.webm",
        "LinkMp3": "https://files.catbox.moe/wuqxqp.mp3"
    },
    {
        "animeEng": "Tokyo Ghoul:re",
        "animeRomaji": "Tokyo Ghoul:re",
        "songName": "HALF",
        "artist": "Ziyoou-vachi",
        "type": "Ending 1",
        "correctCount": 134,
        "startTime": 19,
        "songDuration": 88.057262,
        "songNumber": 37,
        "activePlayerCount": 288,
        "LinkVideo": "https://files.catbox.moe/nnd8cq.webm",
        "LinkMp3": "https://files.catbox.moe/q84g83.mp3"
    },
    {
        "animeEng": "When Supernatural Battles Became Commonplace",
        "animeRomaji": "In\u014d-Battle wa Nichij\u014d-kei no Naka de",
        "songName": "OVERLAPPERS",
        "artist": "Qverktett:||",
        "type": "Opening 1",
        "correctCount": 131,
        "startTime": 25,
        "songDuration": 88.008,
        "songNumber": 38,
        "activePlayerCount": 288,
        "LinkVideo": "https://files.catbox.moe/johctj.webm",
        "LinkMp3": "https://files.catbox.moe/sz0fqj.mp3"
    },
    {
        "animeEng": "BORUTO: NARUTO NEXT GENERATIONS",
        "animeRomaji": "BORUTO: NARUTO NEXT GENERATIONS",
        "songName": "Hajimatte Iku Takamatte Iku",
        "artist": "Sambomaster",
        "type": "Opening 7",
        "correctCount": 48,
        "startTime": 41,
        "songDuration": 89.016,
        "songNumber": 39,
        "activePlayerCount": 289,
        "LinkVideo": "https://files.catbox.moe/drjlsj.webm",
        "LinkMp3": "https://files.catbox.moe/muuru4.mp3"
    },
    {
        "animeEng": "gdgd Fairies",
        "animeRomaji": "gdgd Fairies",
        "songName": "Kitto mata Aeru",
        "artist": "gdgd Fairies",
        "type": "Ending 1",
        "correctCount": 14,
        "startTime": 6,
        "songDuration": 53.568,
        "songNumber": 40,
        "activePlayerCount": 287,
        "LinkVideo": "https://files.catbox.moe/zhcete.webm",
        "LinkMp3": "https://files.catbox.moe/zavcd8.mp3"
    },
    {
        "animeEng": "Ani Ni Tsukeru Kusuri wa Nai!",
        "animeRomaji": "Ani Ni Tsukeru Kusuri wa Nai!",
        "songName": "Sunny side up",
        "artist": "Brian the Sun",
        "type": "Opening 1",
        "correctCount": 117,
        "startTime": 0,
        "songDuration": 24.816,
        "songNumber": 41,
        "activePlayerCount": 287,
        "LinkVideo": "https://files.catbox.moe/j2uh2b.webm",
        "LinkMp3": "https://files.catbox.moe/u0diyc.mp3"
    },
    {
        "animeEng": "Corpse Princess: Kuro",
        "animeRomaji": "Shikabane Hime: Kuro",
        "songName": "My story",
        "artist": "angela",
        "type": "Ending 2",
        "correctCount": 22,
        "startTime": 40,
        "songDuration": 89.064,
        "songNumber": 42,
        "activePlayerCount": 283,
        "LinkVideo": "https://files.catbox.moe/rk13oh.webm",
        "LinkMp3": "https://files.catbox.moe/vdhhwo.mp3"
    },
    {
        "animeEng": "Sarazanmai",
        "animeRomaji": "Sarazanmai",
        "songName": "Sarazanmai no Uta",
        "artist": "Ayumu Murase, Kouki Uchiyama, Shun Horie, Junichi Suwabe",
        "type": "Insert Song",
        "correctCount": 90,
        "startTime": 29,
        "songDuration": 91.032,
        "songNumber": 43,
        "activePlayerCount": 284,
        "LinkVideo": "https://files.catbox.moe/7ht2q7.webm",
        "LinkMp3": "https://files.catbox.moe/ota1x2.mp3"
    },
    {
        "animeEng": "Darker than Black: Gemini of the Meteor",
        "animeRomaji": "Darker than Black: Gemini of the Meteor",
        "songName": "Tsukiakari no Michishirube",
        "artist": "Stereopony",
        "type": "Opening 1",
        "correctCount": 164,
        "startTime": 43,
        "songDuration": 91.056,
        "songNumber": 44,
        "activePlayerCount": 284,
        "LinkVideo": "https://files.catbox.moe/8kezdj.webm",
        "LinkMp3": "https://files.catbox.moe/kkg29g.mp3"
    },
    {
        "animeEng": "Urara Meirocho",
        "animeRomaji": "Urara Meirocho",
        "songName": "Yumeji Labyrinth",
        "artist": "Labyrinths",
        "type": "Opening 1",
        "correctCount": 82,
        "startTime": 48,
        "songDuration": 89.088,
        "songNumber": 45,
        "activePlayerCount": 284,
        "LinkVideo": "https://files.catbox.moe/6snykt.webm",
        "LinkMp3": "https://files.catbox.moe/xoevdz.mp3"
    },
    {
        "animeEng": "Rainy Cocoa",
        "animeRomaji": "Ame-iro Cocoa",
        "songName": "Rainy cocoa",
        "artist": "Hiro Shimono",
        "type": "Opening 1",
        "correctCount": 172,
        "startTime": 0,
        "songDuration": 29.4,
        "songNumber": 46,
        "activePlayerCount": 283,
        "LinkVideo": "https://files.catbox.moe/np1p5l.webm",
        "LinkMp3": "https://files.catbox.moe/cf8b8q.mp3"
    },
    {
        "animeEng": "Fate/stay night: Heaven's Feel I. presage flower",
        "animeRomaji": "Fate/stay night: Heaven's Feel I. presage flower",
        "songName": "she did not answer",
        "artist": "Yuri Kasahara",
        "type": "Insert Song",
        "correctCount": 100,
        "startTime": 11,
        "songDuration": 113.04,
        "songNumber": 47,
        "activePlayerCount": 283,
        "LinkVideo": "https://files.catbox.moe/iryoob.webm",
        "LinkMp3": "https://files.catbox.moe/g55jdx.mp3"
    },
    {
        "animeEng": "Celestial Method",
        "animeRomaji": "Sora no Method",
        "songName": "Hoshikuzu no Interlude",
        "artist": "fh\u00e1na",
        "type": "Ending 1",
        "correctCount": 55,
        "startTime": 6,
        "songDuration": 89.136,
        "songNumber": 48,
        "activePlayerCount": 283,
        "LinkVideo": "https://files.catbox.moe/5fydbr.webm",
        "LinkMp3": "https://files.catbox.moe/xz3ejf.mp3"
    },
    {
        "animeEng": "Sorcerer Hunters",
        "animeRomaji": "Bakuretsu Hunter",
        "songName": "What's Up Guys?",
        "artist": "Shinnosuke Furumoto & Megumi Hayashibara",
        "type": "Opening 1",
        "correctCount": 11,
        "startTime": 29,
        "songDuration": 90.094778,
        "songNumber": 49,
        "activePlayerCount": 283,
        "LinkVideo": "https://openings.moe/video/TheSorcererHunters-OP01-NCDVD.webm",
        "LinkMp3": "https://files.catbox.moe/iot06s.mp3"
    },
    {
        "animeEng": "Senki Zessh\u014d Symphogear GX",
        "animeRomaji": "Senki Zessh\u014d Symphogear GX",
        "songName": "BAYONET CHARGE",
        "artist": "Nana Mizuki\u00d7Ayahi Takagaki",
        "type": "Ending 3",
        "correctCount": 49,
        "startTime": 33,
        "songDuration": 99.080746,
        "songNumber": 50,
        "activePlayerCount": 283,
        "LinkVideo": "https://files.catbox.moe/3b7vgn.webm",
        "LinkMp3": "https://files.catbox.moe/c0nb19.mp3"
    },
    {
        "animeEng": "Starlight Promises",
        "animeRomaji": "Yakusoku no Nanaya Matsuri",
        "songName": "Awai",
        "artist": "Anri Kumaki",
        "type": "Ending 1",
        "correctCount": 4,
        "startTime": 164,
        "songDuration": 249.48,
        "songNumber": 51,
        "activePlayerCount": 284,
        "LinkVideo": "https://files.catbox.moe/v6a9f0.webm",
        "LinkMp3": "https://files.catbox.moe/82tc1z.mp3",
        "correctPlayers": [
            "Jokobo",
            "Goblerino",
            "Rukawa11",
            "ryser"
        ]
    },
    {
        "animeEng": "Aria the Scarlet Ammo",
        "animeRomaji": "Hidan no Aria",
        "songName": "Scarlet Ballet",
        "artist": "May'n",
        "type": "Opening 1",
        "correctCount": 136,
        "startTime": 23,
        "songDuration": 89.28,
        "songNumber": 52,
        "activePlayerCount": 284,
        "LinkVideo": "https://files.catbox.moe/v5ufgv.webm",
        "LinkMp3": "https://files.catbox.moe/gr3k52.mp3"
    },
    {
        "animeEng": "Yowamushi Pedal Glory Line",
        "animeRomaji": "Yowamushi Pedal Glory Line",
        "songName": "Boku no Koe",
        "artist": "Rhythmic Toy World",
        "type": "Opening 1",
        "correctCount": 20,
        "startTime": 5,
        "songDuration": 88.776,
        "songNumber": 53,
        "activePlayerCount": 283,
        "LinkVideo": "https://files.catbox.moe/x50zlw.webm",
        "LinkMp3": "https://files.catbox.moe/u9saje.mp3"
    },
    {
        "animeEng": "Boarding School Juliet",
        "animeRomaji": "Kishuku Gakk\u014d no Juliet",
        "songName": "Love with You",
        "artist": "fripSide",
        "type": "Opening 1",
        "correctCount": 113,
        "startTime": 38,
        "songDuration": 88.057262,
        "songNumber": 54,
        "activePlayerCount": 283,
        "LinkVideo": "https://files.catbox.moe/3s2s0i.webm",
        "LinkMp3": "https://files.catbox.moe/yu1jt5.mp3"
    },
    {
        "animeEng": "Battle Spirits: Saga Brave",
        "animeRomaji": "Battle Spirits: Saga Brave",
        "songName": "Returner ~Fukkatsu no Legend~",
        "artist": "JAM Project",
        "type": "Opening 1",
        "correctCount": 4,
        "startTime": 50,
        "songDuration": 89.04,
        "songNumber": 55,
        "activePlayerCount": 281,
        "LinkVideo": "https://files.catbox.moe/gztm2y.webm",
        "LinkMp3": "https://files.catbox.moe/6ookzj.mp3",
        "correctPlayers": [
            "Kaani",
            "neulztan",
            "Goblerino",
            "Rukawa11"
        ]
    },
    {
        "animeEng": "Motto! Ojamajo Doremi Kaeru Seki no Himitsu",
        "animeRomaji": "Motto! Ojamajo Doremi Kaeru Seki no Himitsu",
        "songName": "Ojamajo de BAN\u00b2",
        "artist": "MAHO-dou",
        "type": "Opening 1",
        "correctCount": 40,
        "startTime": 22,
        "songDuration": 89.064,
        "songNumber": 56,
        "activePlayerCount": 280,
        "LinkVideo": "https://files.catbox.moe/t9f4ux.webm",
        "LinkMp3": "https://files.catbox.moe/mw9i36.mp3"
    },
    {
        "animeEng": "The World God Only Knows: Goddesses Arc",
        "animeRomaji": "Kami nomi zo Shiru Sekai: Megami-Hen",
        "songName": "God only knows -Secrets of the Goddess-",
        "artist": "Oratorio The World God Only Knows",
        "type": "Opening 1",
        "correctCount": 111,
        "startTime": 13,
        "songDuration": 88.704,
        "songNumber": 57,
        "activePlayerCount": 280,
        "LinkVideo": "https://files.catbox.moe/sb4mov.webm",
        "LinkMp3": "https://files.catbox.moe/2ebv4x.mp3"
    },
    {
        "animeEng": "Haganai",
        "animeRomaji": "Boku wa Tomodachi ga Sukunai",
        "songName": "Zannenkei Rinjinbu (Hoshi Futatsu Han)",
        "artist": "Tomodachi Tsukuritai",
        "type": "Opening 1",
        "correctCount": 164,
        "startTime": 52,
        "songDuration": 89.664,
        "songNumber": 58,
        "activePlayerCount": 280,
        "LinkVideo": "https://files.catbox.moe/qwe01n.webm",
        "LinkMp3": "https://files.catbox.moe/4wzz6n.mp3"
    },
    {
        "animeEng": "Saber Marionette J to X",
        "animeRomaji": "Saber Marionette J to X",
        "songName": "Lively Motion",
        "artist": "Megumi Hayashibara",
        "type": "Ending 1",
        "correctCount": 11,
        "startTime": 27,
        "songDuration": 89.352,
        "songNumber": 59,
        "activePlayerCount": 280,
        "LinkVideo": "https://files.catbox.moe/8nzjcl.webm",
        "LinkMp3": "https://files.catbox.moe/akhfkh.mp3"
    },
    {
        "animeEng": "High School of the Dead",
        "animeRomaji": "Gakuen Mokushiroku - Highschool of the Dead",
        "songName": "HIGHSCHOOL OF THE DEAD",
        "artist": "Kishida Ky\u014ddan &THE Akeboshi Rockets",
        "type": "Opening 1",
        "correctCount": 228,
        "startTime": 29,
        "songDuration": 88.344604,
        "songNumber": 60,
        "activePlayerCount": 280,
        "LinkVideo": "https://files.catbox.moe/lfamyx.webm",
        "LinkMp3": "https://files.catbox.moe/ug07g3.mp3"
    },
    {
        "animeEng": "Five Numbers!",
        "animeRomaji": "Norageki!",
        "songName": "Volevo un Gatto Nero",
        "artist": "MEG",
        "type": "Ending 1",
        "correctCount": 20,
        "startTime": 91,
        "songDuration": 149.256,
        "songNumber": 61,
        "activePlayerCount": 280,
        "LinkVideo": "https://files.catbox.moe/wxkq1k.webm",
        "LinkMp3": "https://files.catbox.moe/yiw8bb.mp3"
    },
    {
        "animeEng": "Cinderella Express",
        "animeRomaji": "Cinderella Express",
        "songName": "Cinderella wa Aisenai",
        "artist": "Toshie Sakaue",
        "type": "Ending 1",
        "correctCount": 2,
        "startTime": 156,
        "songDuration": 250.176,
        "songNumber": 62,
        "activePlayerCount": 277,
        "LinkVideo": "https://files.catbox.moe/duk69q.webm",
        "LinkMp3": "https://files.catbox.moe/sbd099.mp3",
        "correctPlayers": [
            "Dr_Woland",
            "ryser"
        ]
    },
    {
        "animeEng": "The Disappearance of Haruhi Suzumiya",
        "animeRomaji": "Suzumiya Haruhi no Sh\u014dshitsu",
        "songName": "Bouken Desho Desho?",
        "artist": "Aya Hirano",
        "type": "Opening 1",
        "correctCount": 202,
        "startTime": 41,
        "songDuration": 90.552,
        "songNumber": 63,
        "activePlayerCount": 280,
        "LinkVideo": "https://files.catbox.moe/1ogrky.webm",
        "LinkMp3": "https://files.catbox.moe/pp1tnm.mp3"
    },
    {
        "animeEng": "The IDOLM@STER",
        "animeRomaji": "The IDOLM@STER",
        "songName": "READY!!",
        "artist": "765PRO ALLSTARS",
        "type": "Opening 1",
        "correctCount": 107,
        "startTime": 21,
        "songDuration": 88.867044,
        "songNumber": 64,
        "activePlayerCount": 278,
        "LinkVideo": "https://files.catbox.moe/xrck3j.webm",
        "LinkMp3": "https://files.catbox.moe/kcburl.mp3"
    },
    {
        "animeEng": "Deep Blue Town e Oide yo",
        "animeRomaji": "Deep Blue Town e Oide yo",
        "songName": "DEEP BLUE TOWN e Oide yo",
        "artist": "team Umifure",
        "type": "Insert Song",
        "correctCount": 15,
        "startTime": 136,
        "songDuration": 194.112,
        "songNumber": 65,
        "activePlayerCount": 278,
        "LinkVideo": "https://files.catbox.moe/69r4te.webm",
        "LinkMp3": "https://files.catbox.moe/da202p.mp3"
    },
    {
        "animeEng": "JoJo's Bizarre Adventure: Diamond Is Unbreakable",
        "animeRomaji": "JoJo no Kimy\u014d na B\u014dken: Diamond wa Kudakenai",
        "songName": "FAITH",
        "artist": "Karen Aoki",
        "type": "Insert Song",
        "correctCount": 63,
        "startTime": 2,
        "songDuration": 45.168,
        "songNumber": 66,
        "activePlayerCount": 278,
        "LinkVideo": "https://files.catbox.moe/p6xgw6.webm",
        "LinkMp3": "https://files.catbox.moe/ask9tq.mp3"
    },
    {
        "animeEng": "African Salaryman",
        "animeRomaji": "Africa no Salaryman",
        "songName": "Soul Flag",
        "artist": "Hiro Shimono",
        "type": "Opening 1",
        "correctCount": 37,
        "startTime": 3,
        "songDuration": 87.456,
        "songNumber": 67,
        "activePlayerCount": 277,
        "LinkVideo": "https://files.catbox.moe/a21ju0.webm",
        "LinkMp3": "https://files.catbox.moe/dhblzk.mp3"
    },
    {
        "animeEng": "Do You Love Your Mom and Her Two-Hit Multi-Target Attacks?",
        "animeRomaji": "Ts\u016bj\u014d K\u014dgeki ga Zentai K\u014dgeki de Ni-kai K\u014dgeki no Okaa-san wa Suki desu ka?",
        "songName": "Ts\u016bj\u014d K\u014dgeki ga Zentai K\u014dgeki de Ni-kai K\u014dgeki Mama",
        "artist": "Ai Kayano",
        "type": "Ending 1",
        "correctCount": 109,
        "startTime": 23,
        "songDuration": 88.776,
        "songNumber": 68,
        "activePlayerCount": 277,
        "LinkVideo": "https://files.catbox.moe/myyzfw.webm",
        "LinkMp3": "https://files.catbox.moe/a8shfi.mp3"
    },
    {
        "animeEng": "Cop Craft",
        "animeRomaji": "Cop Craft",
        "songName": "Rakuen Toshi",
        "artist": "Masayoshi \u014cishi",
        "type": "Opening 1",
        "correctCount": 126,
        "startTime": 20,
        "songDuration": 88.848,
        "songNumber": 69,
        "activePlayerCount": 277,
        "LinkVideo": "https://files.catbox.moe/q8s3pg.webm",
        "LinkMp3": "https://files.catbox.moe/s0vhlm.mp3"
    },
    {
        "animeEng": "Igano Kabamaru",
        "animeRomaji": "Igano Kabamaru",
        "songName": "Suimasen My Love",
        "artist": "Sugar",
        "type": "Ending 1",
        "correctCount": 8,
        "startTime": 15,
        "songDuration": 68.976,
        "songNumber": 70,
        "activePlayerCount": 277,
        "LinkVideo": "https://files.catbox.moe/mguv0w.webm",
        "LinkMp3": "https://files.catbox.moe/cjd63x.mp3"
    },
    {
        "animeEng": "Please Twins!",
        "animeRomaji": "Please Twins!",
        "songName": "Asu e no Namida",
        "artist": "Mami Kawada",
        "type": "Ending 1",
        "correctCount": 34,
        "startTime": 27,
        "songDuration": 80.232,
        "songNumber": 71,
        "activePlayerCount": 276,
        "LinkVideo": "https://files.catbox.moe/amtjak.webm",
        "LinkMp3": "https://files.catbox.moe/lmbf44.mp3"
    },
    {
        "animeEng": "One Piece: Stampede",
        "animeRomaji": "One Piece: Stampede",
        "songName": "GONG",
        "artist": "WANIMA",
        "type": "Ending 1",
        "correctCount": 33,
        "startTime": 7,
        "songDuration": 209.904,
        "songNumber": 72,
        "activePlayerCount": 276,
        "LinkVideo": "https://files.catbox.moe/1ojcjz.webm",
        "LinkMp3": "https://files.catbox.moe/8kvoih.mp3"
    },
    {
        "animeEng": "In Search of the Lost Future",
        "animeRomaji": "Ushinawareta Mirai o Motomete",
        "songName": "Le jour",
        "artist": "Satomi Satou",
        "type": "Opening 1",
        "correctCount": 32,
        "startTime": 7,
        "songDuration": 88.512,
        "songNumber": 73,
        "activePlayerCount": 276,
        "LinkVideo": "https://files.catbox.moe/6n229y.webm",
        "LinkMp3": "https://files.catbox.moe/oskow0.mp3"
    },
    {
        "animeEng": "Space\u2606Dandy",
        "animeRomaji": "Space\u2606Dandy",
        "songName": "Space Fun Club",
        "artist": "ZEN-LA-ROCK feat. Roboch\u016b",
        "type": "Ending 7",
        "correctCount": 31,
        "startTime": 29,
        "songDuration": 91.55761,
        "songNumber": 74,
        "activePlayerCount": 276,
        "LinkVideo": "https://files.catbox.moe/gtc792.webm",
        "LinkMp3": "https://files.catbox.moe/wz8n6f.mp3"
    },
    {
        "animeEng": "Magical Sempai",
        "animeRomaji": "Tejina Senpai",
        "songName": "Dame wa Dame",
        "artist": "Minori Suzuki",
        "type": "Ending 1",
        "correctCount": 92,
        "startTime": 11,
        "songDuration": 59.088,
        "songNumber": 75,
        "activePlayerCount": 275,
        "LinkVideo": "https://files.catbox.moe/5nbhdz.webm",
        "LinkMp3": "https://files.catbox.moe/p5p20j.mp3"
    }
]