[
    {
        "animeEng": "Major: Message",
        "animeRomaji": "Major: Message",
        "songName": "Kokoro E",
        "artist": "Showtaro Morikubo",
        "type": "Ending 1",
        "correctCount": 7,
        "startTime": 92,
        "songDuration": 134.352,
        "songNumber": 1,
        "activePlayerCount": 302,
        "LinkVideo": "https://files.catbox.moe/n3mp9r.webm",
        "LinkMp3": "https://files.catbox.moe/zhgxq4.mp3"
    },
    {
        "animeEng": "Vampire Knight",
        "animeRomaji": "Vampire Knight",
        "songName": "Futatsu no Kodou to Akai Tsumi",
        "artist": "ON/OFF",
        "type": "Opening 1",
        "correctCount": 123,
        "startTime": 55,
        "songDuration": 94.152,
        "songNumber": 2,
        "activePlayerCount": 300,
        "LinkVideo": "https://files.catbox.moe/rayr81.webm",
        "LinkMp3": "https://files.catbox.moe/3i3f2w.mp3"
    },
    {
        "animeEng": "22/7",
        "animeRomaji": "22/7 (nanabun no nijy\u016bni)",
        "songName": "Kodoku wa Kirai ja Nai",
        "artist": "Uta Kawase",
        "type": "Ending 9",
        "correctCount": 44,
        "startTime": 51,
        "songDuration": 88.56,
        "songNumber": 3,
        "activePlayerCount": 300,
        "LinkVideo": "https://files.catbox.moe/xxwxwf.webm",
        "LinkMp3": "https://files.catbox.moe/ikqxfa.mp3"
    },
    {
        "animeEng": "Little Witch Academia",
        "animeRomaji": "Little Witch Academia",
        "songName": "Shiny Ray",
        "artist": "YURiKA",
        "type": "Opening 1",
        "correctCount": 190,
        "startTime": 19,
        "songDuration": 87.624,
        "songNumber": 4,
        "activePlayerCount": 297,
        "LinkVideo": "https://files.catbox.moe/k4vlir.webm",
        "LinkMp3": "https://files.catbox.moe/ak65nl.mp3"
    },
    {
        "animeEng": "Saki",
        "animeRomaji": "Saki",
        "songName": "Glossy:MMM",
        "artist": "Miyuki Hashimoto",
        "type": "Opening 1",
        "correctCount": 77,
        "startTime": 14,
        "songDuration": 90,
        "songNumber": 5,
        "activePlayerCount": 296,
        "LinkVideo": "https://files.catbox.moe/tpc7el.webm",
        "LinkMp3": "https://files.catbox.moe/znqbdx.mp3"
    },
    {
        "animeEng": "Myself; Yourself",
        "animeRomaji": "Myself; Yourself",
        "songName": "Kimi to Yozora to Sakamichi to",
        "artist": "Kanako It\u014d",
        "type": "Ending 1",
        "correctCount": 62,
        "startTime": 47,
        "songDuration": 89.376,
        "songNumber": 6,
        "activePlayerCount": 296,
        "LinkVideo": "https://files.catbox.moe/usf929.webm",
        "LinkMp3": "https://files.catbox.moe/uv6t8o.mp3"
    },
    {
        "animeEng": "The Legend of the Dog Warriors: The Hakkenden",
        "animeRomaji": "The Legend of the Dog Warriors: The Hakkenden",
        "songName": "FRIENDS",
        "artist": "THE TOPS",
        "type": "Ending 2",
        "correctCount": 0,
        "startTime": 75,
        "songDuration": 184.021,
        "songNumber": 7,
        "activePlayerCount": 296,
        "LinkVideo": "https://files.catbox.moe/gm0kph.webm"
    },
    {
        "animeEng": "Death Parade",
        "animeRomaji": "Death Parade",
        "songName": "Flyers",
        "artist": "BRADIO",
        "type": "Opening 1",
        "correctCount": 272,
        "startTime": 43,
        "songDuration": 78.984,
        "songNumber": 8,
        "activePlayerCount": 296,
        "LinkVideo": "https://files.catbox.moe/h5fzzr.webm",
        "LinkMp3": "https://files.catbox.moe/3rr4oz.mp3"
    },
    {
        "animeEng": "Spider Riders: Oracle no Y\u016bsha-tachi",
        "animeRomaji": "Spider Riders: Oracle no Y\u016bsha-tachi",
        "songName": "ALRIGHT",
        "artist": "Japanese Geronimo & Love Guerilla Experience",
        "type": "Opening 1",
        "correctCount": 3,
        "startTime": 5,
        "songDuration": 79.968,
        "songNumber": 9,
        "activePlayerCount": 296,
        "LinkVideo": "https://files.catbox.moe/g7hvic.webm",
        "LinkMp3": "https://files.catbox.moe/jr2n19.mp3",
        "correctPlayers": [
            "KirbySage18",
            "AsemuAsuno",
            "zodd"
        ]
    },
    {
        "animeEng": "Jewelpet",
        "animeRomaji": "Jewelpet",
        "songName": "Maji? Maji! Magical\u2606Jewel",
        "artist": "Yui Asaka",
        "type": "Opening 1",
        "correctCount": 32,
        "startTime": 50,
        "songDuration": 88.368,
        "songNumber": 10,
        "activePlayerCount": 296,
        "LinkVideo": "https://files.catbox.moe/ouv93y.webm",
        "LinkMp3": "https://files.catbox.moe/48sz0z.mp3"
    },
    {
        "animeEng": "Bakemonogatari",
        "animeRomaji": "Bakemonogatari",
        "songName": "Kaerimichi",
        "artist": "Emiri Kat\u014d",
        "type": "Opening 2",
        "correctCount": 179,
        "startTime": 55,
        "songDuration": 88.8,
        "songNumber": 11,
        "activePlayerCount": 296,
        "LinkVideo": "https://files.catbox.moe/skz47e.webm",
        "LinkMp3": "https://files.catbox.moe/xq4w3j.mp3"
    },
    {
        "animeEng": "Tears to Tiara",
        "animeRomaji": "Tears to Tiara",
        "songName": "Until",
        "artist": "Rena Uehara",
        "type": "Insert Song",
        "correctCount": 7,
        "startTime": 91,
        "songDuration": 212.496,
        "songNumber": 12,
        "activePlayerCount": 295,
        "LinkVideo": "https://files.catbox.moe/gr3li7.webm",
        "LinkMp3": "https://files.catbox.moe/0t7q8n.mp3"
    },
    {
        "animeEng": "Tactical Roar",
        "animeRomaji": "Tactical Roar",
        "songName": "Tatta Hitotsu Dake",
        "artist": "yozuca*",
        "type": "Opening 1",
        "correctCount": 10,
        "startTime": 24,
        "songDuration": 88.92,
        "songNumber": 13,
        "activePlayerCount": 292,
        "LinkVideo": "https://files.catbox.moe/796qvi.webm",
        "LinkMp3": "https://files.catbox.moe/z7pgll.mp3"
    },
    {
        "animeEng": "Pocket Monsters Side Story",
        "animeRomaji": "Pocket Monsters Side Story",
        "songName": "Maemuki Rocket-dan!",
        "artist": "Rocket-dan",
        "type": "Ending 3",
        "correctCount": 172,
        "startTime": 35,
        "songDuration": 79.567612,
        "songNumber": 14,
        "activePlayerCount": 291,
        "LinkVideo": "https://files.catbox.moe/krqezx.webm",
        "LinkMp3": "https://files.catbox.moe/jfvqdi.mp3"
    },
    {
        "animeEng": "Gakuen Handsome the Animation",
        "animeRomaji": "Gakuen Handsome the Animation",
        "songName": "Tokimeki\u2606BOYFRIEND",
        "artist": "Nekoroji",
        "type": "Opening 1",
        "correctCount": 3,
        "startTime": 2,
        "songDuration": 85.056,
        "songNumber": 15,
        "activePlayerCount": 290,
        "LinkVideo": "https://files.catbox.moe/kacyya.webm",
        "LinkMp3": "https://files.catbox.moe/2qs1ks.mp3",
        "correctPlayers": [
            "aryagamis",
            "Merikato",
            "LuciaKonohana"
        ]
    },
    {
        "animeEng": "Detective Conan: Conan vs Kid vs Yaiba",
        "animeRomaji": "Detective Conan: Conan vs Kid vs Yaiba",
        "songName": "Natsu no Maboroshi",
        "artist": "GARNET CROW",
        "type": "Ending 1",
        "correctCount": 79,
        "startTime": 7,
        "songDuration": 83.064,
        "songNumber": 16,
        "activePlayerCount": 288,
        "LinkVideo": "https://files.catbox.moe/bdrxh3.webm",
        "LinkMp3": "https://files.catbox.moe/v9126z.mp3"
    },
    {
        "animeEng": "Yuki Yuna Is a Hero",
        "animeRomaji": "Y\u016bki Y\u016bna wa Y\u016bsha de Aru",
        "songName": "Ifuu Doudou",
        "artist": "Nami Nakagawa",
        "type": "Insert Song",
        "correctCount": 135,
        "startTime": 33,
        "songDuration": 76.40685,
        "songNumber": 17,
        "activePlayerCount": 287,
        "LinkVideo": "https://files.catbox.moe/nd55xz.webm",
        "LinkMp3": "https://files.catbox.moe/aar0th.mp3"
    },
    {
        "animeEng": "Showa Monogatari",
        "animeRomaji": "Showa Monogatari",
        "songName": "Nagaiki Chonpa (Funabashi Health Center)",
        "artist": "Toshie Kusunoki",
        "type": "Ending 3",
        "correctCount": 0,
        "startTime": 24,
        "songDuration": 60.096,
        "songNumber": 18,
        "activePlayerCount": 286,
        "LinkVideo": "https://files.catbox.moe/ivgzea.webm",
        "LinkMp3": "https://files.catbox.moe/v12ztn.mp3"
    },
    {
        "animeEng": "NEEDLESS",
        "animeRomaji": "NEEDLESS",
        "songName": "modern strange cowboy",
        "artist": "GRANRODEO",
        "type": "Opening 1",
        "correctCount": 60,
        "startTime": 26,
        "songDuration": 88.584,
        "songNumber": 19,
        "activePlayerCount": 287,
        "LinkVideo": "https://files.catbox.moe/64nngc.webm",
        "LinkMp3": "https://files.catbox.moe/xyxm5c.mp3"
    },
    {
        "animeEng": "Hyouge Mono",
        "animeRomaji": "Hyouge Mono",
        "songName": "Bowl Man",
        "artist": "IKZO",
        "type": "Opening 1",
        "correctCount": 9,
        "startTime": 30,
        "songDuration": 87.064626,
        "songNumber": 20,
        "activePlayerCount": 287,
        "LinkVideo": "https://files.catbox.moe/jmou24.webm",
        "LinkMp3": "https://files.catbox.moe/mukk6r.mp3"
    },
    {
        "animeEng": "Ojamajo Doremi Dokkaan",
        "animeRomaji": "Ojamajo Doremi Dokkaan",
        "songName": "DANCE! Ojamajo",
        "artist": "MAHO-dou",
        "type": "Opening 1",
        "correctCount": 19,
        "startTime": 0,
        "songDuration": 89.568,
        "songNumber": 21,
        "activePlayerCount": 286,
        "LinkVideo": "https://files.catbox.moe/4ezb9a.webm",
        "LinkMp3": "https://files.catbox.moe/dlnvph.mp3"
    },
    {
        "animeEng": "Bludgeoning Angel Dokuro-chan",
        "animeRomaji": "Bokusatsu Tenshi Dokuro-chan",
        "songName": "Bokusatsu Tenshi Dokuro-chan",
        "artist": "Saeko Chiba",
        "type": "Opening 1",
        "correctCount": 125,
        "startTime": 13,
        "songDuration": 89.712,
        "songNumber": 22,
        "activePlayerCount": 286,
        "LinkVideo": "https://files.catbox.moe/9rjm94.webm",
        "LinkMp3": "https://files.catbox.moe/fuy28e.mp3"
    },
    {
        "animeEng": "My Hero Academia",
        "animeRomaji": "Boku no Hero Academia",
        "songName": "THE DAY",
        "artist": "Porno Graffitti",
        "type": "Opening 1",
        "correctCount": 252,
        "startTime": 39,
        "songDuration": 89.83125,
        "songNumber": 23,
        "activePlayerCount": 285,
        "LinkVideo": "https://files.catbox.moe/uffjdg.webm",
        "LinkMp3": "https://files.catbox.moe/015hgp.mp3"
    },
    {
        "animeEng": "Nogizaka Haruka no Himitsu: Purezza",
        "animeRomaji": "Nogizaka Haruka no Himitsu: Purezza",
        "songName": "Le Secret",
        "artist": "Mamiko Noto",
        "type": "Insert Song",
        "correctCount": 58,
        "startTime": 0,
        "songDuration": 24.624,
        "songNumber": 24,
        "activePlayerCount": 284,
        "LinkVideo": "https://files.catbox.moe/i5knk3.webm",
        "LinkMp3": "https://files.catbox.moe/uo8acb.mp3"
    },
    {
        "animeEng": "Squid Girl",
        "animeRomaji": "Shinryaku! Ika Musume",
        "songName": "Shinryaku no Susume",
        "artist": "ULTRA-PRISM with Hisako Kanemoto",
        "type": "Opening 1",
        "correctCount": 129,
        "startTime": 27,
        "songDuration": 89.064,
        "songNumber": 25,
        "activePlayerCount": 284,
        "LinkVideo": "https://files.catbox.moe/t4exn3.webm",
        "LinkMp3": "https://files.catbox.moe/jj5la2.mp3"
    },
    {
        "animeEng": "Fairy Tail x Rave",
        "animeRomaji": "Fairy Tail x Rave",
        "songName": "BLOW AWAY",
        "artist": "Tetsuya Kakihara & Yuuichi Nakamura",
        "type": "Opening 1",
        "correctCount": 51,
        "startTime": 55,
        "songDuration": 88.8,
        "songNumber": 26,
        "activePlayerCount": 282,
        "LinkVideo": "https://files.catbox.moe/knyf5w.webm",
        "LinkMp3": "https://files.catbox.moe/8kkbie.mp3"
    },
    {
        "animeEng": "Tokimeki Tonight",
        "animeRomaji": "Tokimeki Tonight",
        "songName": "Super Love Lotion",
        "artist": "Harumi Kamo",
        "type": "Ending 1",
        "correctCount": 13,
        "startTime": 2,
        "songDuration": 72.528,
        "songNumber": 27,
        "activePlayerCount": 284,
        "LinkVideo": "https://files.catbox.moe/qgghma.webm",
        "LinkMp3": "https://files.catbox.moe/6mfjdo.mp3"
    },
    {
        "animeEng": "Babylon",
        "animeRomaji": "Babylon",
        "songName": "Echoing",
        "artist": "Yutaka Yamada ft. Sysha",
        "type": "Opening 1",
        "correctCount": 118,
        "startTime": 0,
        "songDuration": 28.68,
        "songNumber": 28,
        "activePlayerCount": 283,
        "LinkVideo": "https://files.catbox.moe/2e5cmj.webm",
        "LinkMp3": "https://files.catbox.moe/car51s.mp3"
    },
    {
        "animeEng": "Graduation",
        "animeRomaji": "Sotsugy\u014d: Graduation",
        "songName": "Sotsugy\u014d -Graduation-",
        "artist": "Aya Hisakawa, Hinako Kanamaru, Hiromi Tsuru, Junko Shimakata, Yumi Touma",
        "type": "Ending 1",
        "correctCount": 4,
        "startTime": 61,
        "songDuration": 112.656,
        "songNumber": 29,
        "activePlayerCount": 283,
        "LinkVideo": "https://files.catbox.moe/quz9t5.webm",
        "LinkMp3": "https://files.catbox.moe/8gx728.mp3",
        "correctPlayers": [
            "bigshow",
            "damso",
            "watashiii",
            "LuciaKonohana"
        ]
    },
    {
        "animeEng": "Trickster",
        "animeRomaji": "Trickster: Edogawa Rampo 'Sh\u014dnen Tantei-dan' yori",
        "songName": "Kimi dake no Boku de Iru kara",
        "artist": "GACKT",
        "type": "Opening 1",
        "correctCount": 38,
        "startTime": 36,
        "songDuration": 88.68419,
        "songNumber": 30,
        "activePlayerCount": 283,
        "LinkVideo": "https://files.catbox.moe/45bmu6.webm",
        "LinkMp3": "https://files.catbox.moe/3elshk.mp3"
    },
    {
        "animeEng": "Zatch Bell!",
        "animeRomaji": "Konjiki no Gash Bell!!",
        "songName": "Kasabuta",
        "artist": "Hidenori Chiwata",
        "type": "Opening 1",
        "correctCount": 44,
        "startTime": 26,
        "songDuration": 90.0441,
        "songNumber": 31,
        "activePlayerCount": 282,
        "LinkVideo": "https://files.catbox.moe/uwzeqr.webm",
        "LinkMp3": "https://files.catbox.moe/xip5rj.mp3"
    },
    {
        "animeEng": "Futari wa Pretty Cure Max Heart",
        "animeRomaji": "Futari wa Precure Max Heart",
        "songName": "DANZEN! Futari wa Precure! (Ver.Max Heart)",
        "artist": "Mayumi Goj\u014d",
        "type": "Opening 1",
        "correctCount": 73,
        "startTime": 33,
        "songDuration": 79.368,
        "songNumber": 32,
        "activePlayerCount": 282,
        "LinkVideo": "https://files.catbox.moe/lii43r.webm",
        "LinkMp3": "https://files.catbox.moe/uttkvt.mp3"
    },
    {
        "animeEng": "Geisters - Fractions of the Earth",
        "animeRomaji": "Geisters - Fractions of the Earth",
        "songName": "HOLD ON",
        "artist": "WILD PEACH",
        "type": "Opening 1",
        "correctCount": 1,
        "startTime": 16,
        "songDuration": 94.536,
        "songNumber": 33,
        "activePlayerCount": 282,
        "LinkVideo": "https://files.catbox.moe/18rxlf.webm",
        "LinkMp3": "https://files.catbox.moe/8cpt8m.mp3",
        "correctPlayers": [
            "AsemuAsuno"
        ]
    },
    {
        "animeEng": "Love Tyrant",
        "animeRomaji": "Renai B\u014dkun",
        "songName": "Koi? de Ai? de B\u014dkun Desu!",
        "artist": "Wake Up, Girls!",
        "type": "Opening 1",
        "correctCount": 156,
        "startTime": 23,
        "songDuration": 88.992,
        "songNumber": 34,
        "activePlayerCount": 282,
        "LinkVideo": "https://files.catbox.moe/xxphms.webm",
        "LinkMp3": "https://files.catbox.moe/o2tdzs.mp3"
    },
    {
        "animeEng": "EUREKA SEVEN AO",
        "animeRomaji": "EUREKA SEVEN AO",
        "songName": "Escape",
        "artist": "Hemenway",
        "type": "Opening 1",
        "correctCount": 54,
        "startTime": 9,
        "songDuration": 87.816,
        "songNumber": 35,
        "activePlayerCount": 282,
        "LinkVideo": "https://openings.moe/video/EurekaSevenAO-OP01a-NCBD.webm",
        "LinkMp3": "https://files.catbox.moe/07lhee.mp3"
    },
    {
        "animeEng": "Har\u00e9+Guu Deluxe",
        "animeRomaji": "Jungle Wa Itsumo Hale Nochi Guu Deluxe",
        "songName": "LOVE\u2606Tropicana Deluxe",
        "artist": "Sister MAYO",
        "type": "Opening 1",
        "correctCount": 43,
        "startTime": 21,
        "songDuration": 81.264,
        "songNumber": 36,
        "activePlayerCount": 282,
        "LinkVideo": "https://files.catbox.moe/o8gv6p.webm",
        "LinkMp3": "https://files.catbox.moe/b556c3.mp3"
    },
    {
        "animeEng": "Dragon's Heaven",
        "animeRomaji": "Dragon's Heaven",
        "songName": "Ashita o Dakishimete",
        "artist": "Yuiko Tsubokura",
        "type": "Insert Song",
        "correctCount": 0,
        "startTime": 152,
        "songDuration": 271.368,
        "songNumber": 37,
        "activePlayerCount": 281,
        "LinkVideo": "https://files.catbox.moe/93z8rw.webm",
        "LinkMp3": "https://files.catbox.moe/ig6kul.mp3"
    },
    {
        "animeEng": "Case Closed",
        "animeRomaji": "Meitantei Conan",
        "songName": "Free Magic",
        "artist": "WAG",
        "type": "Ending 8",
        "correctCount": 43,
        "startTime": 30,
        "songDuration": 84.36,
        "songNumber": 38,
        "activePlayerCount": 281,
        "LinkVideo": "https://files.catbox.moe/jzyyda.webm",
        "LinkMp3": "https://files.catbox.moe/8jurl1.mp3"
    },
    {
        "animeEng": "Pop Team Epic",
        "animeRomaji": "Poputepipikku",
        "songName": "Koishite \u2665 Pop Team Epic",
        "artist": "Yui Makino & Yui Watanabe",
        "type": "Insert Song",
        "correctCount": 55,
        "startTime": 26,
        "songDuration": 86.208,
        "songNumber": 39,
        "activePlayerCount": 281,
        "LinkVideo": "https://files.catbox.moe/0oc0oo.webm",
        "LinkMp3": "https://files.catbox.moe/u772d6.mp3"
    },
    {
        "animeEng": "Galaxy Express 999: Eternal Fantasy",
        "animeRomaji": "Ginga Tetsud\u014d 999: Eternal Fantasy",
        "songName": "Brave Love ~ Galaxy Express 999",
        "artist": "THE ALFEE",
        "type": "Ending 1",
        "correctCount": 2,
        "startTime": 70,
        "songDuration": 196.896,
        "songNumber": 40,
        "activePlayerCount": 280,
        "LinkVideo": "https://files.catbox.moe/dttzfv.webm",
        "LinkMp3": "https://files.catbox.moe/eh3nd5.mp3",
        "correctPlayers": [
            "watashiii",
            "asleep"
        ]
    },
    {
        "animeEng": "Haikyu!! Movie Sh\u014dsha to Haisha",
        "animeRomaji": "Haikyu!! Movie Sh\u014dsha to Haisha",
        "songName": "Ah Yeah!!",
        "artist": "Sukima Switch",
        "type": "Ending 1",
        "correctCount": 185,
        "startTime": 245,
        "songDuration": 297.384,
        "songNumber": 41,
        "activePlayerCount": 280,
        "LinkVideo": "https://files.catbox.moe/y083ch.webm",
        "LinkMp3": "https://files.catbox.moe/hn1h3c.mp3"
    },
    {
        "animeEng": "The Gutsy Frog",
        "animeRomaji": "Dokonjo Gaeru",
        "songName": "Dokonjo Gaeru",
        "artist": "Susumu Ishikawa, Arakawa Shounen Shoujo Gasshou-tai",
        "type": "Opening 1",
        "correctCount": 10,
        "startTime": 13,
        "songDuration": 74.04,
        "songNumber": 42,
        "activePlayerCount": 280,
        "LinkVideo": "https://files.catbox.moe/wsor5c.webm",
        "LinkMp3": "https://files.catbox.moe/2jnznr.mp3"
    },
    {
        "animeEng": "Fruits Basket",
        "animeRomaji": "Fruits Basket",
        "songName": "For Fruits Basket",
        "artist": "Ritsuko Okazaki",
        "type": "Opening 1",
        "correctCount": 152,
        "startTime": 34,
        "songDuration": 78.672,
        "songNumber": 43,
        "activePlayerCount": 280,
        "LinkVideo": "https://files.catbox.moe/u4b397.webm",
        "LinkMp3": "https://files.catbox.moe/jdf7xr.mp3"
    },
    {
        "animeEng": "Carole & Tuesday",
        "animeRomaji": "Carole & Tuesday",
        "songName": "Unbreakable",
        "artist": "Lauren Dyson",
        "type": "Insert Song",
        "correctCount": 188,
        "startTime": 46,
        "songDuration": 100.056,
        "songNumber": 44,
        "activePlayerCount": 280,
        "LinkVideo": "https://files.catbox.moe/ey4gbr.webm",
        "LinkMp3": "https://files.catbox.moe/bjq9d6.mp3"
    },
    {
        "animeEng": "Aikatsu Stars!",
        "animeRomaji": "Aikatsu Stars!",
        "songName": "episode Solo",
        "artist": "Ruka \u00b7 Nanase \u00b7 Kana \u00b7 Miho from AIKATSU\u2606STARS!",
        "type": "Insert Song",
        "correctCount": 112,
        "startTime": 57,
        "songDuration": 100.92,
        "songNumber": 45,
        "activePlayerCount": 280,
        "LinkVideo": "https://files.catbox.moe/ahxe7j.webm",
        "LinkMp3": "https://files.catbox.moe/o8b2rw.mp3"
    },
    {
        "animeEng": "Arakawa Under the Bridge",
        "animeRomaji": "Arakawa Under the Bridge",
        "songName": "Venus to Jesus",
        "artist": "Etsuko Yakushimaru",
        "type": "Opening 1",
        "correctCount": 134,
        "startTime": 19,
        "songDuration": 87.864,
        "songNumber": 46,
        "activePlayerCount": 280,
        "LinkVideo": "https://files.catbox.moe/qopbq6.webm",
        "LinkMp3": "https://files.catbox.moe/ie7ec7.mp3"
    },
    {
        "animeEng": "Doraemon the Movie: Nobita's Chronicle of the Moon Exploration",
        "animeRomaji": "Doraemon the Movie: Nobita's Chronicle of the Moon Exploration",
        "songName": "Yume o Kanaete Doraemon",
        "artist": "mao feat. Himawari Kids",
        "type": "Opening 1",
        "correctCount": 182,
        "startTime": 34,
        "songDuration": 89.064,
        "songNumber": 47,
        "activePlayerCount": 280,
        "LinkVideo": "https://files.catbox.moe/b8ch9b.webm",
        "LinkMp3": "https://files.catbox.moe/jjj0xh.mp3"
    },
    {
        "animeEng": "Rail Wars!",
        "animeRomaji": "Rail Wars!",
        "songName": "Borderless journey",
        "artist": "Minori Chihara",
        "type": "Insert Song",
        "correctCount": 14,
        "startTime": 0,
        "songDuration": 107.701006,
        "songNumber": 48,
        "activePlayerCount": 280,
        "LinkVideo": "https://files.catbox.moe/wkq8uo.webm",
        "LinkMp3": "https://files.catbox.moe/je4hu2.mp3"
    },
    {
        "animeEng": "Mobile Suit Gundam 00",
        "animeRomaji": "Kid\u014d Senshi Gundam 00",
        "songName": "Namida no Mukou",
        "artist": "Stereopony",
        "type": "Opening 2",
        "correctCount": 71,
        "startTime": 9,
        "songDuration": 90.024,
        "songNumber": 49,
        "activePlayerCount": 279,
        "LinkVideo": "https://files.catbox.moe/fu4fa5.webm",
        "LinkMp3": "https://files.catbox.moe/9kuhl5.mp3"
    },
    {
        "animeEng": "Shokugeki no S\u014dma: San no Sara: Erina no Shin Seikatsu",
        "animeRomaji": "Shokugeki no S\u014dma: San no Sara: Erina no Shin Seikatsu",
        "songName": "Kyokyojitsujitsu",
        "artist": "nano.RIPE",
        "type": "Ending 1",
        "correctCount": 155,
        "startTime": 30,
        "songDuration": 86.976,
        "songNumber": 50,
        "activePlayerCount": 280,
        "LinkVideo": "https://files.catbox.moe/yq3p0s.webm",
        "LinkMp3": "https://files.catbox.moe/lzbrdq.mp3"
    },
    {
        "animeEng": "Elfen Lied",
        "animeRomaji": "Elfen Lied",
        "songName": "Lilium",
        "artist": "Kumiko Noma",
        "type": "Opening 1",
        "correctCount": 229,
        "startTime": 41,
        "songDuration": 89.570031,
        "songNumber": 51,
        "activePlayerCount": 279,
        "LinkVideo": "https://files.catbox.moe/7sxgan.webm",
        "LinkMp3": "https://files.catbox.moe/h44u8k.mp3"
    },
    {
        "animeEng": "Go Astro Boy Go!",
        "animeRomaji": "Go Astro Boy Go!",
        "songName": "ASTRO BOY ~GO! GO! Atom~",
        "artist": "DOBERMAN INFINITY",
        "type": "Opening 1",
        "correctCount": 7,
        "startTime": 0,
        "songDuration": 40.728,
        "songNumber": 52,
        "activePlayerCount": 280,
        "LinkVideo": "https://files.catbox.moe/yuts2i.webm",
        "LinkMp3": "https://files.catbox.moe/gl22vo.mp3"
    },
    {
        "animeEng": "Chaos Dragon",
        "animeRomaji": "Chaos Dragon: Sekiry\u016b Sen'eki",
        "songName": "Delta Decision",
        "artist": "Miyuki Sawashiro, Haruka Terui, Maaya Uchida",
        "type": "Ending 1",
        "correctCount": 48,
        "startTime": 0,
        "songDuration": 88.344604,
        "songNumber": 53,
        "activePlayerCount": 280,
        "LinkVideo": "https://files.catbox.moe/xfhpl0.webm",
        "LinkMp3": "https://files.catbox.moe/yn2ff2.mp3"
    },
    {
        "animeEng": "Mushibugy\u014d",
        "animeRomaji": "Mushibugy\u014d",
        "songName": "Ichizu",
        "artist": "i\u2606Ris",
        "type": "Ending 1",
        "correctCount": 13,
        "startTime": 1,
        "songDuration": 88.944,
        "songNumber": 54,
        "activePlayerCount": 279,
        "LinkVideo": "https://files.catbox.moe/1cru3x.webm",
        "LinkMp3": "https://files.catbox.moe/6x6inj.mp3"
    },
    {
        "animeEng": "The Fruit of Grisaia",
        "animeRomaji": "Grisaia no Kajitsu",
        "songName": "Eden's Song",
        "artist": "Hana",
        "type": "Ending 1",
        "correctCount": 21,
        "startTime": 35,
        "songDuration": 101.688,
        "songNumber": 55,
        "activePlayerCount": 279,
        "LinkVideo": "https://files.catbox.moe/ldpomh.webm",
        "LinkMp3": "https://files.catbox.moe/f1j6c0.mp3"
    },
    {
        "animeEng": "Rozen Maiden: Introduction",
        "animeRomaji": "Rozen Maiden: Ouvert\u00fcre",
        "songName": "Bara Goku Otome",
        "artist": "ALI PROJECT",
        "type": "Opening 1",
        "correctCount": 47,
        "startTime": 42,
        "songDuration": 89.352,
        "songNumber": 56,
        "activePlayerCount": 279,
        "LinkVideo": "https://files.catbox.moe/89pvs6.webm",
        "LinkMp3": "https://files.catbox.moe/g42lbd.mp3"
    },
    {
        "animeEng": "Corpse Princess: Kuro",
        "animeRomaji": "Shikabane Hime: Kuro",
        "songName": "Beginning",
        "artist": "angela",
        "type": "Ending 1",
        "correctCount": 3,
        "startTime": 4,
        "songDuration": 113.064,
        "songNumber": 57,
        "activePlayerCount": 277,
        "LinkVideo": "https://files.catbox.moe/zgtq9g.webm",
        "LinkMp3": "https://files.catbox.moe/zwc01y.mp3",
        "correctPlayers": [
            "Brean2010",
            "NotJulie",
            "AsemuAsuno"
        ]
    },
    {
        "animeEng": "Puella Magi Madoka Magica The Movie Part 3: Rebellion",
        "animeRomaji": "Gekij\u014dban Mah\u014d Sh\u014djo Madoka\u2605Magica: Hangyaku no Monogatari",
        "songName": "Mada dame yo",
        "artist": "FictionJunction ASUKA",
        "type": "Insert Song",
        "correctCount": 111,
        "startTime": 1,
        "songDuration": 50.856,
        "songNumber": 58,
        "activePlayerCount": 280,
        "LinkVideo": "https://files.catbox.moe/6mqtd5.webm",
        "LinkMp3": "https://files.catbox.moe/1cfrmy.mp3"
    },
    {
        "animeEng": "Kuromukuro",
        "animeRomaji": "Kuromukuro",
        "songName": "Deathtopia",
        "artist": "GLAY",
        "type": "Opening 1",
        "correctCount": 37,
        "startTime": 10,
        "songDuration": 89.064,
        "songNumber": 59,
        "activePlayerCount": 280,
        "LinkVideo": "https://files.catbox.moe/qzbo20.webm",
        "LinkMp3": "https://files.catbox.moe/azwayz.mp3"
    },
    {
        "animeEng": "Yu-Gi-Oh! Zexal",
        "animeRomaji": "Yu-Gi-Oh! Zexal",
        "songName": "Masterpiece",
        "artist": "mihimaru GT",
        "type": "Opening 1",
        "correctCount": 51,
        "startTime": 18,
        "songDuration": 89.088,
        "songNumber": 60,
        "activePlayerCount": 279,
        "LinkVideo": "https://files.catbox.moe/ejpepf.webm",
        "LinkMp3": "https://files.catbox.moe/2b3lq9.mp3"
    },
    {
        "animeEng": "Harukana Receive",
        "animeRomaji": "Harukana Receive",
        "songName": "FLY two BLUE",
        "artist": "Kana Y\u016bki & Saki Miyashita",
        "type": "Opening 1",
        "correctCount": 95,
        "startTime": 30,
        "songDuration": 88.848,
        "songNumber": 61,
        "activePlayerCount": 279,
        "LinkVideo": "https://files.catbox.moe/l6u7pd.webm",
        "LinkMp3": "https://files.catbox.moe/5ukaqt.mp3"
    },
    {
        "animeEng": "Ark Nine",
        "animeRomaji": "Ark IX",
        "songName": "Nevereverland",
        "artist": "nano",
        "type": "Ending 1",
        "correctCount": 123,
        "startTime": 59,
        "songDuration": 167.592,
        "songNumber": 62,
        "activePlayerCount": 279,
        "LinkVideo": "https://files.catbox.moe/dyamar.webm",
        "LinkMp3": "https://files.catbox.moe/uxvgll.mp3"
    },
    {
        "animeEng": "Heavy Metal L-Gaim",
        "animeRomaji": "Juusenki L-Gaim",
        "songName": "Kizutsuita Jealousy",
        "artist": "Mami Ayukawa",
        "type": "Insert Song",
        "correctCount": 1,
        "startTime": 10,
        "songDuration": 55.535372,
        "songNumber": 63,
        "activePlayerCount": 279,
        "LinkVideo": "https://files.catbox.moe/3c0a0u.webm",
        "LinkMp3": "https://files.catbox.moe/bujqkb.mp3",
        "correctPlayers": [
            "vinnyscariot"
        ]
    },
    {
        "animeEng": "Chaos Dragon",
        "animeRomaji": "Chaos Dragon: Sekiry\u016b Sen'eki",
        "songName": "ISOtone",
        "artist": "Natsumi Kon",
        "type": "Opening 1",
        "correctCount": 67,
        "startTime": 33,
        "songDuration": 89.964168,
        "songNumber": 64,
        "activePlayerCount": 279,
        "LinkVideo": "https://files.catbox.moe/v132u2.webm",
        "LinkMp3": "https://files.catbox.moe/lb7bps.mp3"
    },
    {
        "animeEng": "Seraphim Call",
        "animeRomaji": "Seraphim Call",
        "songName": "Yumemite mo Ii ja Nai",
        "artist": "Hiroko Kasahara",
        "type": "Ending 1",
        "correctCount": 3,
        "startTime": 16,
        "songDuration": 88.92,
        "songNumber": 65,
        "activePlayerCount": 278,
        "LinkVideo": "https://files.catbox.moe/6a1bsc.webm",
        "LinkMp3": "https://files.catbox.moe/3mnnzf.mp3",
        "correctPlayers": [
            "Rukawa11",
            "ActiveAnonymous",
            "zodd"
        ]
    },
    {
        "animeEng": "My Little Sister Can't Be This Cute!",
        "animeRomaji": "Oreimo",
        "songName": "irony",
        "artist": "ClariS",
        "type": "Opening 1",
        "correctCount": 192,
        "startTime": 13,
        "songDuration": 88.992,
        "songNumber": 66,
        "activePlayerCount": 279,
        "LinkVideo": "https://files.catbox.moe/fw9jxq.webm",
        "LinkMp3": "https://files.catbox.moe/7u2kmb.mp3"
    },
    {
        "animeEng": "The Thousand Musketeers",
        "animeRomaji": "Senj\u016bshi: The Thousand Noble Musketeers",
        "songName": "vaincre ou mourir ~Hokori Takaki Nightmare~",
        "artist": "Wataru Hatano",
        "type": "Insert Song",
        "correctCount": 4,
        "startTime": 39,
        "songDuration": 85.32,
        "songNumber": 67,
        "activePlayerCount": 279,
        "LinkVideo": "https://files.catbox.moe/obtzkh.webm",
        "LinkMp3": "https://files.catbox.moe/3of2ih.mp3",
        "correctPlayers": [
            "anstazz",
            "Kraznov",
            "watashiii",
            "asleep"
        ]
    },
    {
        "animeEng": "Record of Grancrest War",
        "animeRomaji": "Grancrest Senki",
        "songName": "Rin",
        "artist": "ASCA",
        "type": "Opening 2",
        "correctCount": 57,
        "startTime": 8,
        "songDuration": 86.688,
        "songNumber": 68,
        "activePlayerCount": 278,
        "LinkVideo": "https://files.catbox.moe/1t6tvg.webm",
        "LinkMp3": "https://files.catbox.moe/sqb55x.mp3"
    },
    {
        "animeEng": "Gall Force - Eternal Story",
        "animeRomaji": "Gall Force - Eternal Story",
        "songName": "Tatakae!! Requiem",
        "artist": "Kiyomi Suzuki",
        "type": "Insert Song",
        "correctCount": 0,
        "startTime": 9,
        "songDuration": 117.552,
        "songNumber": 69,
        "activePlayerCount": 279,
        "LinkVideo": "https://files.catbox.moe/14ur4t.webm",
        "LinkMp3": "https://files.catbox.moe/9b1xru.mp3"
    },
    {
        "animeEng": "NAKAIMO - My Little Sister Is Among Them!",
        "animeRomaji": "Kono Naka ni Hitori, Im\u014dto ga Iru!",
        "songName": "Choose me Darling",
        "artist": "StylipS",
        "type": "Opening 1",
        "correctCount": 73,
        "startTime": 3,
        "songDuration": 89.184,
        "songNumber": 70,
        "activePlayerCount": 280,
        "LinkVideo": "https://files.catbox.moe/vhchhj.webm",
        "LinkMp3": "https://files.catbox.moe/h9i2sz.mp3"
    },
    {
        "animeEng": "Samurai Champloo",
        "animeRomaji": "Samurai Champloo",
        "songName": "FLY",
        "artist": "[SMALL CIRCLE OF FRIENDS] feat.AZUMA RIKI",
        "type": "Ending 4",
        "correctCount": 102,
        "startTime": 70,
        "songDuration": 152.088,
        "songNumber": 71,
        "activePlayerCount": 280,
        "LinkVideo": "https://files.catbox.moe/fx56pf.webm",
        "LinkMp3": "https://files.catbox.moe/b5wf1h.mp3"
    },
    {
        "animeEng": "No. 6",
        "animeRomaji": "No. 6",
        "songName": "Spell",
        "artist": "Lama",
        "type": "Opening 1",
        "correctCount": 69,
        "startTime": 49,
        "songDuration": 88.997654,
        "songNumber": 72,
        "activePlayerCount": 280,
        "LinkVideo": "https://files.catbox.moe/3sowfr.webm",
        "LinkMp3": "https://files.catbox.moe/kh9log.mp3"
    },
    {
        "animeEng": "Place to Place",
        "animeRomaji": "Acchi Kocchi",
        "songName": "Acchi de Kocchi de",
        "artist": "Acchi\u21d4Kocchi",
        "type": "Opening 1",
        "correctCount": 166,
        "startTime": 46,
        "songDuration": 88.632,
        "songNumber": 73,
        "activePlayerCount": 280,
        "LinkVideo": "https://files.catbox.moe/a9bg41.webm",
        "LinkMp3": "https://files.catbox.moe/pk59qb.mp3"
    },
    {
        "animeEng": "Isekai Cheat Magician",
        "animeRomaji": "Isekai Cheat Magician",
        "songName": "PANTA RHEI",
        "artist": "MYTH & ROID",
        "type": "Opening 1",
        "correctCount": 135,
        "startTime": 36,
        "songDuration": 89.52,
        "songNumber": 74,
        "activePlayerCount": 280,
        "LinkVideo": "https://files.catbox.moe/aysvui.webm",
        "LinkMp3": "https://files.catbox.moe/3fizpn.mp3"
    },
    {
        "animeEng": "Bleach",
        "animeRomaji": "Bleach",
        "songName": "After Dark",
        "artist": "ASIAN KUNG-FU GENERATION",
        "type": "Opening 7",
        "correctCount": 149,
        "startTime": 1,
        "songDuration": 88.488,
        "songNumber": 75,
        "activePlayerCount": 280,
        "LinkVideo": "https://files.catbox.moe/whhreo.webm",
        "LinkMp3": "https://files.catbox.moe/htasnc.mp3"
    }
]