[
    {
        "animeEng": "AOKANA: Four Rhythm Across the Blue",
        "animeRomaji": "Ao no Kanata no Four Rhythm",
        "songName": "a-gain",
        "artist": "Ray",
        "type": "Ending 1",
        "correctCount": 28,
        "startTime": 21,
        "songDuration": 88.824,
        "songNumber": 1,
        "activePlayerCount": 140,
        "LinkVideo": "https://files.catbox.moe/kme01z.webm",
        "LinkMp3": "https://files.catbox.moe/1nvh1s.mp3",
        "annId": 16555,
        "songDifficulty": 25.74841830145211,
        "vintage": "Winter 2016"
    },
    {
        "animeEng": "LBX: Little Battlers eXperience",
        "animeRomaji": "Danball Senki",
        "songName": "1 Dream",
        "artist": "Little Blue boX",
        "type": "Opening 1",
        "correctCount": 7,
        "startTime": 20,
        "songDuration": 83.76,
        "songNumber": 2,
        "activePlayerCount": 152,
        "LinkVideo": "https://files.catbox.moe/ythz6k.webm",
        "LinkMp3": "https://files.catbox.moe/im6ymg.mp3",
        "annId": 11038,
        "songDifficulty": 16.794268034014127,
        "vintage": "Winter 2011"
    },
    {
        "animeEng": "Theatre of Darkness: Yamishibai",
        "animeRomaji": "Yami Shibai",
        "songName": "Naa? Naa? Naa?",
        "artist": "The Mirraz",
        "type": "Ending 1",
        "correctCount": 36,
        "startTime": 0,
        "songDuration": 29.088,
        "songNumber": 3,
        "activePlayerCount": 155,
        "LinkVideo": "https://files.catbox.moe/vmbwtx.webm",
        "LinkMp3": "https://files.catbox.moe/7g92eu.mp3",
        "annId": 17778,
        "songDifficulty": 24.841509868421053,
        "vintage": "Winter 2016"
    },
    {
        "animeEng": "Saint Seiya: Evil Goddess Eris",
        "animeRomaji": "Saint Seiya: Jashin Eris",
        "songName": "Pegasus Fantasy",
        "artist": "MAKE-UP",
        "type": "Opening 1",
        "correctCount": 138,
        "startTime": 51,
        "songDuration": 82.968,
        "songNumber": 4,
        "activePlayerCount": 156,
        "LinkVideo": "https://files.catbox.moe/w7t8yo.webm",
        "LinkMp3": "https://files.catbox.moe/pqfrcp.mp3",
        "annId": 3329,
        "songDifficulty": 49.23439181011297,
        "vintage": "Summer 1987"
    },
    {
        "animeEng": "Natsume's Book of Friends Season 5",
        "animeRomaji": "Natsume Yuujinchou Go",
        "songName": "Takarabako",
        "artist": "sasanomaly",
        "type": "Opening 1",
        "correctCount": 27,
        "startTime": 42,
        "songDuration": 89.064,
        "songNumber": 5,
        "activePlayerCount": 155,
        "LinkVideo": "https://files.catbox.moe/205es9.webm",
        "LinkMp3": "https://files.catbox.moe/jxweuz.mp3",
        "annId": 18168,
        "songDifficulty": 16.449289772727273,
        "vintage": "Fall 2016"
    },
    {
        "animeEng": "AKB0048 Next Stage",
        "animeRomaji": "AKB0048 Next Stage",
        "songName": "Niji no Ressha",
        "artist": "NO NAME",
        "type": "Insert Song",
        "correctCount": 71,
        "startTime": 41,
        "songDuration": 82.2,
        "songNumber": 6,
        "activePlayerCount": 155,
        "LinkVideo": "https://files.catbox.moe/o2pin9.webm",
        "LinkMp3": "https://files.catbox.moe/8gu920.mp3",
        "annId": 14873,
        "songDifficulty": 39.319294119962215,
        "vintage": "Winter 2013"
    },
    {
        "animeEng": "Baoh",
        "animeRomaji": "Baoh Raihousha",
        "songName": "Eien no Soldier",
        "artist": "Yoshito Machida",
        "type": "Ending 1",
        "correctCount": 5,
        "startTime": 56,
        "songDuration": 113.976,
        "songNumber": 7,
        "activePlayerCount": 155,
        "LinkVideo": "https://files.catbox.moe/np7rwe.webm",
        "LinkMp3": "https://files.catbox.moe/cfwzbx.mp3",
        "annId": 259,
        "songDifficulty": 7.835956534692796,
        "vintage": "Fall 1989",
        "correctPlayers": [
            "BrosephWin",
            "EruisKawaii",
            "AKl",
            "Renegado",
            "Rukawa11"
        ]
    },
    {
        "animeEng": "Classroom of the Elite",
        "animeRomaji": "Youkoso Jitsuryoku Shijou Shugi no Kyoushitsu e",
        "songName": "Caste Room",
        "artist": "ZAQ",
        "type": "Opening 1",
        "correctCount": 94,
        "startTime": 36,
        "songDuration": 89.472,
        "songNumber": 8,
        "activePlayerCount": 158,
        "LinkVideo": "https://files.catbox.moe/fsvory.webm",
        "LinkMp3": "https://files.catbox.moe/frq074.mp3",
        "annId": 19544,
        "songDifficulty": 31.20055472433165,
        "vintage": "Summer 2017"
    },
    {
        "animeEng": "Lord of Vermilion: The Crimson King",
        "animeRomaji": "Lord of Vermilion: Guren no Ou",
        "songName": "Akaku, Zetsubou no Hana.",
        "artist": "JUNNA",
        "type": "Ending 1",
        "correctCount": 12,
        "startTime": 40,
        "songDuration": 88.944,
        "songNumber": 9,
        "activePlayerCount": 160,
        "LinkVideo": "https://files.catbox.moe/2ni95j.webm",
        "LinkMp3": "https://files.catbox.moe/h4b31e.mp3",
        "annId": 20807,
        "songDifficulty": 12.428851168337646,
        "vintage": "Summer 2018"
    },
    {
        "animeEng": "Fireworks",
        "animeRomaji": "Uchiage Hanabi, Shita kara Miru ka? Yoko kara Miru ka?",
        "songName": "Uchiage Hanabi",
        "artist": "DAOKO \u00d7 Kenshi Yonezu",
        "type": "Ending 1",
        "correctCount": 116,
        "startTime": 135,
        "songDuration": 279.1445,
        "songNumber": 10,
        "activePlayerCount": 161,
        "LinkVideo": "https://files.catbox.moe/98lgh8.webm",
        "LinkMp3": "https://files.catbox.moe/n0yrp7.mp3",
        "annId": 19481,
        "songDifficulty": 44.324957577339774,
        "vintage": "Summer 2017"
    },
    {
        "animeEng": "Tomoe ga Yuku!",
        "animeRomaji": "Tomoe ga Yuku!",
        "songName": "ACTION",
        "artist": "Mie Yamamoto",
        "type": "Insert Song",
        "correctCount": 0,
        "startTime": 71,
        "songDuration": 244.104,
        "songNumber": 11,
        "activePlayerCount": 163,
        "LinkVideo": "https://files.catbox.moe/peefy0.webm",
        "LinkMp3": "https://files.catbox.moe/8535br.mp3",
        "annId": 7199,
        "songDifficulty": 3.8823527018229167,
        "vintage": "Fall 1991"
    },
    {
        "animeEng": "Odd Taxi",
        "animeRomaji": "Odd Taxi",
        "songName": "Sugarless Kiss",
        "artist": "Suzuko Mimori",
        "type": "Ending 1",
        "correctCount": 72,
        "startTime": 2,
        "songDuration": 59.16,
        "songNumber": 12,
        "activePlayerCount": 163,
        "LinkVideo": "https://files.catbox.moe/20b0y7.webm",
        "LinkMp3": "https://files.catbox.moe/ewimwt.mp3",
        "annId": 23921,
        "songDifficulty": 33.617472195929956,
        "vintage": "Spring 2021"
    },
    {
        "animeEng": "High School DxD BorN",
        "animeRomaji": "High School DxD BorN",
        "songName": "Oppai Dragon no Uta",
        "artist": "Yuki Kaji",
        "type": "Ending 2",
        "correctCount": 114,
        "startTime": 39,
        "songDuration": 169.44,
        "songNumber": 13,
        "activePlayerCount": 162,
        "LinkVideo": "https://files.catbox.moe/ztleuy.webm",
        "LinkMp3": "https://files.catbox.moe/cxqy3n.mp3",
        "annId": 16620,
        "songDifficulty": 32.62507676560901,
        "vintage": "Spring 2015"
    },
    {
        "animeEng": "Carole & Tuesday",
        "animeRomaji": "Carole & Tuesday",
        "songName": "La ballade",
        "artist": "Maika Loubt\u00e9",
        "type": "Insert Song",
        "correctCount": 25,
        "startTime": 31,
        "songDuration": 94.536,
        "songNumber": 14,
        "activePlayerCount": 164,
        "LinkVideo": "https://files.catbox.moe/vffwlm.webm",
        "LinkMp3": "https://files.catbox.moe/lcms5a.mp3",
        "annId": 21557,
        "songDifficulty": 34.2885614131984,
        "vintage": "Spring 2019"
    },
    {
        "animeEng": "Mahou Shoujo Lalabel",
        "animeRomaji": "Mahou Shoujo Lalabel",
        "songName": "Hello Lalabel",
        "artist": "Mitsuko Horie & Columbia Yurikago-kai",
        "type": "Opening 1",
        "correctCount": 118,
        "startTime": 16,
        "songDuration": 68.136,
        "songNumber": 15,
        "activePlayerCount": 164,
        "LinkVideo": "https://files.catbox.moe/g64y8p.webm",
        "LinkMp3": "https://files.catbox.moe/yr4im0.mp3",
        "annId": 1486,
        "songDifficulty": 38.037268693353475,
        "vintage": "Winter 1980"
    },
    {
        "animeEng": "Pipopapo Patrol-kun",
        "animeRomaji": "Pipopapo Patrol-kun",
        "songName": "Himawari Town wa Utau Town",
        "artist": "Mami Kingetsu, Chika Sakamoto, Eriko Kawasaki, Kumiko Nishihara, Keiichi Sonobe, Takumi Yamazaki, Tomohiro Nishimura, Masaya Onosaka, Yasuhiko Tokuyama, Yasuhiko Kawazu, Akiko Nakagawa, Keiko Yamamoto, Miwa Matsumoto, Taiki Matsuno",
        "type": "Insert Song",
        "correctCount": 3,
        "startTime": 54,
        "songDuration": 172.056,
        "songNumber": 16,
        "activePlayerCount": 165,
        "LinkVideo": "https://files.catbox.moe/ih4yu6.webm",
        "LinkMp3": "https://files.catbox.moe/ltuo48.mp3",
        "annId": 3589,
        "songDifficulty": 4.308004003213653,
        "vintage": "Fall 2000",
        "correctPlayers": [
            "Renegado",
            "BlitznBurst",
            "kaghey"
        ]
    },
    {
        "animeEng": "Kizuna",
        "animeRomaji": "Kizuna",
        "songName": "BURST",
        "artist": "Minori Ida",
        "type": "Ending 1",
        "correctCount": 2,
        "startTime": 46,
        "songDuration": 159.648,
        "songNumber": 17,
        "activePlayerCount": 166,
        "LinkVideo": "https://files.catbox.moe/b8g9qb.webm",
        "LinkMp3": "https://files.catbox.moe/ucwq24.mp3",
        "annId": 1061,
        "songDifficulty": 7.584255098271848,
        "vintage": "Summer 1994",
        "correctPlayers": [
            "AKl",
            "Renegado"
        ]
    },
    {
        "animeEng": "On Your Mark",
        "animeRomaji": "On Your Mark",
        "songName": "On Your Mark",
        "artist": "Chage & Aska",
        "type": "Insert Song",
        "correctCount": 47,
        "startTime": 276,
        "songDuration": 386.631722,
        "songNumber": 18,
        "activePlayerCount": 167,
        "LinkVideo": "https://files.catbox.moe/9bb12z.webm",
        "LinkMp3": "https://files.catbox.moe/brhy86.mp3",
        "annId": 879,
        "songDifficulty": 16.531011402027026,
        "vintage": "Summer 1995"
    },
    {
        "animeEng": "Run",
        "animeRomaji": "5-tou ni Naritai.",
        "songName": "Shoujo yo",
        "artist": "Gorou Noguchi",
        "type": "Ending 1",
        "correctCount": 5,
        "startTime": 123,
        "songDuration": 190.944,
        "songNumber": 19,
        "activePlayerCount": 168,
        "LinkVideo": "https://files.catbox.moe/c4bb0s.webm",
        "LinkMp3": "https://files.catbox.moe/gsxnoe.mp3",
        "annId": 15061,
        "songDifficulty": 6.1581969012528965,
        "vintage": "Spring 1995",
        "correctPlayers": [
            "AKl",
            "Renegado",
            "ROBK34c",
            "Momopi",
            "Rukawa11"
        ]
    },
    {
        "animeEng": "Gravion Zwei",
        "animeRomaji": "Choujuushin Gravion Zwei",
        "songName": "Kurenai no Kiba",
        "artist": "JAM Project",
        "type": "Opening 1",
        "correctCount": 7,
        "startTime": 31,
        "songDuration": 89.99029,
        "songNumber": 20,
        "activePlayerCount": 168,
        "LinkVideo": "https://files.catbox.moe/k4gvy5.webm",
        "LinkMp3": "https://files.catbox.moe/fkaidi.mp3",
        "annId": 2853,
        "songDifficulty": 13.6682562357739,
        "vintage": "Winter 2004"
    },
    {
        "animeEng": "Murder Princess",
        "animeRomaji": "Murder Princess",
        "songName": "Hikari Sasuhou (FK Metal ver.)",
        "artist": "BACK-ON",
        "type": "Opening 1",
        "correctCount": 23,
        "startTime": 24,
        "songDuration": 89.88,
        "songNumber": 21,
        "activePlayerCount": 168,
        "LinkVideo": "https://files.catbox.moe/o25poq.webm",
        "LinkMp3": "https://files.catbox.moe/8la86c.mp3",
        "annId": 7216,
        "songDifficulty": 18.72202385391806,
        "vintage": "Winter 2007"
    },
    {
        "animeEng": "Digimon Adventure tri. Chapter 1: Reunion",
        "animeRomaji": "Digimon Adventure tri. Saikai",
        "songName": "Butter-Fly~tri.Version~",
        "artist": "Kouji Wada",
        "type": "Opening 1",
        "correctCount": 86,
        "startTime": 114,
        "songDuration": 222.089244,
        "songNumber": 22,
        "activePlayerCount": 173,
        "LinkVideo": "https://files.catbox.moe/554n8i.webm",
        "LinkMp3": "https://files.catbox.moe/v1s7qc.mp3",
        "annId": 16310,
        "songDifficulty": 39.727922068441956,
        "vintage": "Fall 2015"
    },
    {
        "animeEng": "To Your Eternity",
        "animeRomaji": "Fumetsu no Anata e",
        "songName": "PINK BLOOD",
        "artist": "Hikaru Utada",
        "type": "Opening 1",
        "correctCount": 125,
        "startTime": 49,
        "songDuration": 87.6,
        "songNumber": 23,
        "activePlayerCount": 173,
        "LinkVideo": "https://files.catbox.moe/grzr0o.webm",
        "LinkMp3": "https://files.catbox.moe/2qh20p.mp3",
        "annId": 23600,
        "songDifficulty": 42.894388022111016,
        "vintage": "Spring 2021"
    },
    {
        "animeEng": "Rudolf the Black Cat",
        "animeRomaji": "Rudolf to Ippaiattena",
        "songName": "Kuroi Neko no Uta",
        "artist": "back number",
        "type": "Ending 1",
        "correctCount": 0,
        "startTime": 63,
        "songDuration": 247.056,
        "songNumber": 24,
        "activePlayerCount": 171,
        "LinkVideo": "https://files.catbox.moe/bhvjko.webm",
        "LinkMp3": "https://files.catbox.moe/8lo0n4.mp3",
        "annId": 19417,
        "songDifficulty": 3.8858818453175026,
        "vintage": "Summer 2016"
    },
    {
        "animeEng": "Code Geass: Lelouch of the Rebellion",
        "animeRomaji": "Code Geass: Hangyaku no Lelouch",
        "songName": "COLORS",
        "artist": "FLOW",
        "type": "Opening 1",
        "correctCount": 131,
        "startTime": 47,
        "songDuration": 90,
        "songNumber": 25,
        "activePlayerCount": 176,
        "LinkVideo": "https://files.catbox.moe/w9hgpy.webm",
        "LinkMp3": "https://files.catbox.moe/ap6khk.mp3",
        "annId": 6704,
        "songDifficulty": 45.150181409813406,
        "vintage": "Fall 2006"
    },
    {
        "animeEng": "The Case Study of Vanitas",
        "animeRomaji": "Vanitas no Karte",
        "songName": "why did you kill our father?",
        "artist": "Hanae Tomaru",
        "type": "Insert Song",
        "correctCount": 13,
        "startTime": 6,
        "songDuration": 149.328,
        "songNumber": 26,
        "activePlayerCount": 175,
        "LinkVideo": "https://files.catbox.moe/18p0h2.webm",
        "LinkMp3": "https://files.catbox.moe/21tf0u.mp3",
        "annId": 24741,
        "songDifficulty": 16.976842537100456,
        "vintage": "Winter 2022"
    },
    {
        "animeEng": "Phi Brain: Puzzle of God - The Orpheus Order",
        "animeRomaji": "Phi-Brain: Kami no Puzzle - Orpheus Order-hen",
        "songName": "Now or Never",
        "artist": "nano",
        "type": "Opening 1",
        "correctCount": 30,
        "startTime": 59,
        "songDuration": 88.56,
        "songNumber": 27,
        "activePlayerCount": 175,
        "LinkVideo": "https://files.catbox.moe/doxeb4.webm",
        "LinkMp3": "https://files.catbox.moe/95x6ba.mp3",
        "annId": 14121,
        "songDifficulty": 19.164127309577676,
        "vintage": "Spring 2012"
    },
    {
        "animeEng": "Kyomu Senshi Miroku",
        "animeRomaji": "Kyomu Senshi Miroku",
        "songName": "STOP THAT!",
        "artist": "K-Chan",
        "type": "Opening 1",
        "correctCount": 3,
        "startTime": 56,
        "songDuration": 99.072,
        "songNumber": 28,
        "activePlayerCount": 175,
        "LinkVideo": "https://files.catbox.moe/tnab94.webm",
        "LinkMp3": "https://files.catbox.moe/9llmor.mp3",
        "annId": 7422,
        "songDifficulty": 7.0775615985576925,
        "vintage": "Winter 1989",
        "correctPlayers": [
            "DjCharat",
            "AKl",
            "Shag"
        ]
    },
    {
        "animeEng": "Tenchi Muyo! Ryo Ohki",
        "animeRomaji": "Tenchi Muyo! Ryo Ohki",
        "songName": "Boku wa Motto Pioneer",
        "artist": "Chisa Yokoyama",
        "type": "Opening 1",
        "correctCount": 9,
        "startTime": 21,
        "songDuration": 89.52,
        "songNumber": 29,
        "activePlayerCount": 176,
        "LinkVideo": "https://files.catbox.moe/fwdzk1.webm",
        "LinkMp3": "https://files.catbox.moe/qj6sst.mp3",
        "annId": 921,
        "songDifficulty": 10.614921669947506,
        "vintage": "Summer 1994"
    },
    {
        "animeEng": "Hypnosis Mic: Division Rap Battle - Rhyme Anima",
        "animeRomaji": "Hypnosis Mic: Division Rap Battle - Rhyme Anima",
        "songName": "Bayside-Suicide",
        "artist": "MAD TRIGGER CREW",
        "type": "Insert Song",
        "correctCount": 114,
        "startTime": 14,
        "songDuration": 109.872,
        "songNumber": 30,
        "activePlayerCount": 174,
        "LinkVideo": "https://files.catbox.moe/s9trpr.webm",
        "LinkMp3": "https://files.catbox.moe/fl3zer.mp3",
        "annId": 22902,
        "songDifficulty": 57.70915090052875,
        "vintage": "Fall 2020"
    },
    {
        "animeEng": "The King of Braves GaoGaiGar",
        "animeRomaji": "Yuusha-Oh GaoGaiGar",
        "songName": "Saikyou Yuusha Robo Gundan",
        "artist": "Takayuki Miyauchi",
        "type": "Insert Song",
        "correctCount": 1,
        "startTime": 121,
        "songDuration": 179.904,
        "songNumber": 31,
        "activePlayerCount": 176,
        "LinkVideo": "https://files.catbox.moe/saplru.webm",
        "LinkMp3": "https://files.catbox.moe/svbn19.mp3",
        "annId": 1170,
        "songDifficulty": 15.87188672492101,
        "vintage": "Winter 1997",
        "correctPlayers": [
            "kaghey"
        ]
    },
    {
        "animeEng": "Gurren Lagann the Movie: The Lights in the Sky Are Stars",
        "animeRomaji": "Tengen Toppa Gurren Lagann: Lagann-hen",
        "songName": "'Libera me' from hell",
        "artist": "Yuri Kasahara & Tarantula",
        "type": "Insert Song",
        "correctCount": 141,
        "startTime": 146,
        "songDuration": 184.316832,
        "songNumber": 32,
        "activePlayerCount": 175,
        "LinkVideo": "https://files.catbox.moe/n9nqiw.webm",
        "LinkMp3": "https://files.catbox.moe/14cevg.mp3",
        "annId": 10576,
        "songDifficulty": 52.98487987175216,
        "vintage": "Spring 2009"
    },
    {
        "animeEng": "Tesagure! Bukatsu-mono Encore",
        "animeRomaji": "Tesagure! Bukatsu-mono Encore",
        "songName": "Fuusenkazura",
        "artist": "Satomi Akesaka",
        "type": "Ending 8",
        "correctCount": 8,
        "startTime": 17,
        "songDuration": 51.12,
        "songNumber": 33,
        "activePlayerCount": 176,
        "LinkVideo": "https://files.catbox.moe/8cixbr.webm",
        "LinkMp3": "https://files.catbox.moe/4s2g5u.mp3",
        "annId": 15792,
        "songDifficulty": 16.688357550896924,
        "vintage": "Winter 2014"
    },
    {
        "animeEng": "Takt Op.Destiny",
        "animeRomaji": "Takt Op.Destiny",
        "songName": "Takt",
        "artist": "ryo (supercell) feat. Mafumafu, gaku",
        "type": "Opening 1",
        "correctCount": 109,
        "startTime": 34,
        "songDuration": 89.568,
        "songNumber": 34,
        "activePlayerCount": 176,
        "LinkVideo": "https://files.catbox.moe/a3tco2.webm",
        "LinkMp3": "https://files.catbox.moe/iv6d68.mp3",
        "annId": 24192,
        "songDifficulty": 39.69318777708919,
        "vintage": "Fall 2021"
    },
    {
        "animeEng": "Mother of the Goddess' Dormitory",
        "animeRomaji": "Megami-ryou no Ryoubo-kun",
        "songName": "Zettai! Kimi Sengen\u2661",
        "artist": "Megami-ryousei+\u03b1",
        "type": "Ending 1",
        "correctCount": 39,
        "startTime": 1,
        "songDuration": 89.568,
        "songNumber": 35,
        "activePlayerCount": 175,
        "LinkVideo": "https://files.catbox.moe/buv3gu.webm",
        "LinkMp3": "https://files.catbox.moe/mq701o.mp3",
        "annId": 23959,
        "songDifficulty": 19.069405190133608,
        "vintage": "Summer 2021"
    },
    {
        "animeEng": "xxxHOLiC: Shunmuki",
        "animeRomaji": "xxxHOLiC: Shunmuki",
        "songName": "sofa",
        "artist": "Shikao Suga",
        "type": "Opening 1",
        "correctCount": 16,
        "startTime": 40,
        "songDuration": 92.28,
        "songNumber": 36,
        "activePlayerCount": 175,
        "LinkVideo": "https://files.catbox.moe/zqd1r5.webm",
        "LinkMp3": "https://files.catbox.moe/9oe91w.mp3",
        "annId": 10583,
        "songDifficulty": 16.3383306835186,
        "vintage": "Winter 2009"
    },
    {
        "animeEng": "Kaguya-sama: Love is War - Ultra Romantic",
        "animeRomaji": "Kaguya-sama: Love is War - Ultra Romantic",
        "songName": "GIRI GIRI",
        "artist": "Masayuki Suzuki feat. Suu",
        "type": "Opening 1",
        "correctCount": 146,
        "startTime": 20,
        "songDuration": 87.36,
        "songNumber": 37,
        "activePlayerCount": 177,
        "LinkVideo": "https://files.catbox.moe/jmj6dz.webm",
        "LinkMp3": "https://files.catbox.moe/wcssgi.mp3",
        "annId": 24889,
        "songDifficulty": 59.95956826449818,
        "vintage": "Spring 2022"
    },
    {
        "animeEng": "Horizon in the Middle of Nowhere II",
        "animeRomaji": "Kyoukaisenjou no Horizon II",
        "songName": "Hoshimatsuri",
        "artist": "Chiwa Saito",
        "type": "Insert Song",
        "correctCount": 8,
        "startTime": 7,
        "songDuration": 96.024472,
        "songNumber": 38,
        "activePlayerCount": 179,
        "LinkVideo": "https://files.catbox.moe/x3ijot.webm",
        "LinkMp3": "https://files.catbox.moe/jb8frx.mp3",
        "annId": 14205,
        "songDifficulty": 6.632062639508929,
        "vintage": "Summer 2012"
    },
    {
        "animeEng": "Fate/Zero",
        "animeRomaji": "Fate/Zero",
        "songName": "MEMORIA",
        "artist": "Eir Aoi",
        "type": "Ending 1",
        "correctCount": 98,
        "startTime": 25,
        "songDuration": 88.176,
        "songNumber": 39,
        "activePlayerCount": 179,
        "LinkVideo": "https://files.catbox.moe/s4m2wc.webm",
        "LinkMp3": "https://files.catbox.moe/tm88oe.mp3",
        "annId": 12376,
        "songDifficulty": 35.52719718721106,
        "vintage": "Fall 2011"
    },
    {
        "animeEng": "Cardfight!! Vanguard: Asia Circuit-hen",
        "animeRomaji": "Cardfight!! Vanguard: Asia Circuit-hen",
        "songName": "Vanguard",
        "artist": "JAM Project",
        "type": "Insert Song",
        "correctCount": 75,
        "startTime": 73,
        "songDuration": 191.76,
        "songNumber": 40,
        "activePlayerCount": 178,
        "LinkVideo": "https://files.catbox.moe/30g2ip.webm",
        "LinkMp3": "https://files.catbox.moe/nf12ru.mp3",
        "annId": 14090,
        "songDifficulty": 32.36254915495314,
        "vintage": "Spring 2012"
    },
    {
        "animeEng": "Lucky Star",
        "animeRomaji": "Lucky Star OVA",
        "songName": "Ai o Torimodose!!",
        "artist": "Uchoten",
        "type": "Ending 1",
        "correctCount": 88,
        "startTime": 62,
        "songDuration": 104.64,
        "songNumber": 41,
        "activePlayerCount": 178,
        "LinkVideo": "https://files.catbox.moe/xg07ds.webm",
        "LinkMp3": "https://files.catbox.moe/8temda.mp3",
        "annId": 9842,
        "songDifficulty": 44.969403839629045,
        "vintage": "Summer 2008"
    },
    {
        "animeEng": "Given",
        "animeRomaji": "Given",
        "songName": "Kizuato",
        "artist": "centimillimental",
        "type": "Opening 1",
        "correctCount": 64,
        "startTime": 13,
        "songDuration": 89.4,
        "songNumber": 42,
        "activePlayerCount": 177,
        "LinkVideo": "https://files.catbox.moe/k87jxj.webm",
        "LinkMp3": "https://files.catbox.moe/b5tmmx.mp3",
        "annId": 21958,
        "songDifficulty": 31.949998389382813,
        "vintage": "Summer 2019"
    },
    {
        "animeEng": "Naruto",
        "animeRomaji": "Naruto",
        "songName": "Hajimete Kimi to Shabetta",
        "artist": "GagagaSP",
        "type": "Ending 8",
        "correctCount": 77,
        "startTime": 10,
        "songDuration": 88.056,
        "songNumber": 43,
        "activePlayerCount": 177,
        "LinkVideo": "https://files.catbox.moe/01azm1.webm",
        "LinkMp3": "https://files.catbox.moe/ss3gyv.mp3",
        "annId": 1825,
        "songDifficulty": 41.33381774722788,
        "vintage": "Fall 2002"
    },
    {
        "animeEng": "The Strongest Sage With the Weakest Crest",
        "animeRomaji": "Shikkakumon no Saikyou Kenja",
        "songName": "Day of Bright Sunshine",
        "artist": "Yuki Nakashima",
        "type": "Ending 1",
        "correctCount": 16,
        "startTime": 15,
        "songDuration": 89.016,
        "songNumber": 44,
        "activePlayerCount": 177,
        "LinkVideo": "https://files.catbox.moe/j7ilip.webm",
        "LinkMp3": "https://files.catbox.moe/3q4p6g.mp3",
        "annId": 24000,
        "songDifficulty": 13.17680269129136,
        "vintage": "Winter 2022"
    },
    {
        "animeEng": "Kobato.",
        "animeRomaji": "Kobato.",
        "songName": "Kiiroi Himawari",
        "artist": "Kana Hanazawa with Yomogi Hoikuen-ji",
        "type": "Insert Song",
        "correctCount": 26,
        "startTime": 8,
        "songDuration": 39.744,
        "songNumber": 45,
        "activePlayerCount": 177,
        "LinkVideo": "https://files.catbox.moe/8og73w.webm",
        "LinkMp3": "https://files.catbox.moe/mdrleg.mp3",
        "annId": 10542,
        "songDifficulty": 15.297398222477064,
        "vintage": "Fall 2009"
    },
    {
        "animeEng": "Flying Burin",
        "animeRomaji": "Ai to Yuuki no Pig Girl Tonde Buurin",
        "songName": "Buurin a la Mode",
        "artist": "PARQUETS",
        "type": "Ending 1",
        "correctCount": 13,
        "startTime": 35,
        "songDuration": 83.856,
        "songNumber": 46,
        "activePlayerCount": 177,
        "LinkVideo": "https://files.catbox.moe/bgzvhw.webm",
        "LinkMp3": "https://files.catbox.moe/hpapgb.mp3",
        "annId": 1067,
        "songDifficulty": 15.320528538107014,
        "vintage": "Summer 1994"
    },
    {
        "animeEng": "Dragon Ball Super",
        "animeRomaji": "Dragon Ball Super",
        "songName": "Kyuukyoku no Battle",
        "artist": "Akira Kushida",
        "type": "Insert Song",
        "correctCount": 77,
        "startTime": 17,
        "songDuration": 122.856,
        "songNumber": 47,
        "activePlayerCount": 177,
        "LinkVideo": "https://files.catbox.moe/kriq9x.webm",
        "LinkMp3": "https://files.catbox.moe/z7ullf.mp3",
        "annId": 17006,
        "songDifficulty": 48.69706504439605,
        "vintage": "Summer 2015"
    },
    {
        "animeEng": "Kiba",
        "animeRomaji": "Kiba",
        "songName": "Sanctuary",
        "artist": "Nami Tamaki",
        "type": "Opening 1",
        "correctCount": 8,
        "startTime": 47,
        "songDuration": 89.472,
        "songNumber": 48,
        "activePlayerCount": 179,
        "LinkVideo": "https://files.catbox.moe/3yu4y2.webm",
        "LinkMp3": "https://files.catbox.moe/llhszg.mp3",
        "annId": 6312,
        "songDifficulty": 19.82056837815505,
        "vintage": "Spring 2006"
    },
    {
        "animeEng": "Great Dangaioh",
        "animeRomaji": "Hajakyosei G Dangaioh",
        "songName": "Fighting Chance",
        "artist": "Gou Takahashi",
        "type": "Opening 1",
        "correctCount": 2,
        "startTime": 46,
        "songDuration": 89.616,
        "songNumber": 49,
        "activePlayerCount": 179,
        "LinkVideo": "https://files.catbox.moe/116jdz.webm",
        "LinkMp3": "https://files.catbox.moe/uz3qik.mp3",
        "annId": 572,
        "songDifficulty": 6.631982546119593,
        "vintage": "Spring 2001",
        "correctPlayers": [
            "AKl",
            "Rukawa11"
        ]
    },
    {
        "animeEng": "Sasami-san@Ganbaranai",
        "animeRomaji": "Sasami-san@Ganbaranai",
        "songName": "Ribbon ga Fuwari",
        "artist": "Mayako Nigo",
        "type": "Insert Song",
        "correctCount": 5,
        "startTime": 23,
        "songDuration": 67.296,
        "songNumber": 50,
        "activePlayerCount": 179,
        "LinkVideo": "https://files.catbox.moe/sp5251.webm",
        "LinkMp3": "https://files.catbox.moe/auhufz.mp3",
        "annId": 14400,
        "songDifficulty": 7.077360625794155,
        "vintage": "Winter 2013",
        "correctPlayers": [
            "Hejsan",
            "EruisKawaii",
            "lythrum",
            "PoolNoodle",
            "AKl"
        ]
    },
    {
        "animeEng": "Revue Starlight",
        "animeRomaji": "Shoujo\u2606Kageki Revue Starlight",
        "songName": "Fly Me to the Star",
        "artist": "Momoyo Koyama",
        "type": "Ending 6",
        "correctCount": 116,
        "startTime": 56,
        "songDuration": 89.184,
        "songNumber": 51,
        "activePlayerCount": 177,
        "LinkVideo": "https://files.catbox.moe/qwfi12.webm",
        "LinkMp3": "https://files.catbox.moe/61ujht.mp3",
        "annId": 20891,
        "songDifficulty": 47.655057972008784,
        "vintage": "Summer 2018"
    },
    {
        "animeEng": "FLCL",
        "animeRomaji": "Furi Kuri",
        "songName": "Instant Music",
        "artist": "the pillows",
        "type": "Insert Song",
        "correctCount": 107,
        "startTime": 16,
        "songDuration": 195.65378,
        "songNumber": 52,
        "activePlayerCount": 178,
        "LinkVideo": "https://files.catbox.moe/2b7iis.webm",
        "LinkMp3": "https://files.catbox.moe/5e6noq.mp3",
        "annId": 277,
        "songDifficulty": 44.27953962371722,
        "vintage": "Spring 2000"
    },
    {
        "animeEng": "Go! Princess Precure",
        "animeRomaji": "Go! Princess Precure",
        "songName": "Yume wa Mirai e no Michi",
        "artist": "Rie Kitagawa",
        "type": "Ending 2",
        "correctCount": 94,
        "startTime": 2,
        "songDuration": 88.968,
        "songNumber": 53,
        "activePlayerCount": 179,
        "LinkVideo": "https://files.catbox.moe/cpvl18.webm",
        "LinkMp3": "https://files.catbox.moe/wzdtdk.mp3",
        "annId": 16590,
        "songDifficulty": 32.93365526574803,
        "vintage": "Winter 2015"
    },
    {
        "animeEng": "Shin Chan",
        "animeRomaji": "Crayon Shin-chan",
        "songName": "T.W.L",
        "artist": "Kanjani\u221e",
        "type": "Opening 13",
        "correctCount": 2,
        "startTime": 39,
        "songDuration": 67.536,
        "songNumber": 54,
        "activePlayerCount": 179,
        "LinkVideo": "https://files.catbox.moe/odf0ed.webm",
        "LinkMp3": "https://files.catbox.moe/6adojh.mp3",
        "annId": 540,
        "songDifficulty": 9.504968104300996,
        "vintage": "Spring 1992",
        "correctPlayers": [
            "RikCuyo",
            "kar72"
        ]
    },
    {
        "animeEng": "Thermae Romae",
        "animeRomaji": "Thermae Romae",
        "songName": "Thermae Roman",
        "artist": "Chatmonchy",
        "type": "Ending 1",
        "correctCount": 17,
        "startTime": 6,
        "songDuration": 89.023776,
        "songNumber": 55,
        "activePlayerCount": 180,
        "LinkVideo": "https://files.catbox.moe/iko954.webm",
        "LinkMp3": "https://files.catbox.moe/28cnmc.mp3",
        "annId": 13856,
        "songDifficulty": 13.087388320006527,
        "vintage": "Winter 2012"
    },
    {
        "animeEng": "Polar Bear's Caf\u00e9",
        "animeRomaji": "Shirokuma Caf\u00e9",
        "songName": "Michinoku Shiiku Blues",
        "artist": "Wataru Hatano",
        "type": "Ending 5",
        "correctCount": 2,
        "startTime": 39,
        "songDuration": 88.536,
        "songNumber": 56,
        "activePlayerCount": 179,
        "LinkVideo": "https://files.catbox.moe/idowh0.webm",
        "LinkMp3": "https://files.catbox.moe/j9ny3e.mp3",
        "annId": 13985,
        "songDifficulty": 16.79765175093157,
        "vintage": "Spring 2012",
        "correctPlayers": [
            "Renegado",
            "Cirquit"
        ]
    },
    {
        "animeEng": "Touch",
        "animeRomaji": "Touch",
        "songName": "Eien no Runner",
        "artist": "Hiroaki Serizawa",
        "type": "Insert Song",
        "correctCount": 7,
        "startTime": 2,
        "songDuration": 154.276532,
        "songNumber": 57,
        "activePlayerCount": 178,
        "LinkVideo": "https://files.catbox.moe/acfgqm.webm",
        "LinkMp3": "https://files.catbox.moe/a2nr56.mp3",
        "annId": 619,
        "songDifficulty": 19.177308427526597,
        "vintage": "Winter 1985"
    },
    {
        "animeEng": "Beet the Vandel Buster Excellion",
        "animeRomaji": "Bouken Ou Beet Excellion",
        "songName": "HERO",
        "artist": "Mayumi Gojou",
        "type": "Insert Song",
        "correctCount": 0,
        "startTime": 0,
        "songDuration": 124.344,
        "songNumber": 58,
        "activePlayerCount": 176,
        "LinkVideo": "https://files.catbox.moe/btlej7.webm",
        "LinkMp3": "https://files.catbox.moe/aduh9w.mp3",
        "annId": 6209,
        "songDifficulty": 2.1999276051552332,
        "vintage": "Fall 2005"
    },
    {
        "animeEng": "Persona 3 the Movie #1 Spring of Birth",
        "animeRomaji": "Persona 3 the Movie #1 Spring of Birth",
        "songName": "Deep Breath Deep Breath",
        "artist": "Lotus Juice",
        "type": "Insert Song",
        "correctCount": 53,
        "startTime": 55,
        "songDuration": 99.072,
        "songNumber": 59,
        "activePlayerCount": 175,
        "LinkVideo": "https://files.catbox.moe/g7dl8m.webm",
        "LinkMp3": "https://files.catbox.moe/nf6wbi.mp3",
        "annId": 14449,
        "songDifficulty": 35.01405631800198,
        "vintage": "Fall 2013"
    },
    {
        "animeEng": "Chibi Maruko-chan",
        "animeRomaji": "Chibi Maruko-chan",
        "songName": "Odoru Ponpokorin",
        "artist": "B.B.Queens",
        "type": "Ending 1",
        "correctCount": 77,
        "startTime": 15,
        "songDuration": 83.976,
        "songNumber": 60,
        "activePlayerCount": 177,
        "LinkVideo": "https://files.catbox.moe/ek2utu.webm",
        "LinkMp3": "https://files.catbox.moe/djg1bm.mp3",
        "annId": 479,
        "songDifficulty": 29.4608145916762,
        "vintage": "Winter 1990"
    },
    {
        "animeEng": "IRODUKU: The World in Colors",
        "animeRomaji": "Irozuku Sekai no Ashita kara.",
        "songName": "color capsule",
        "artist": "Nagi Yanagi",
        "type": "Insert Song",
        "correctCount": 27,
        "startTime": 156,
        "songDuration": 205.704,
        "songNumber": 61,
        "activePlayerCount": 177,
        "LinkVideo": "https://files.catbox.moe/0hkaf2.webm",
        "LinkMp3": "https://files.catbox.moe/m41rxy.mp3",
        "annId": 20794,
        "songDifficulty": 16.241176345367847,
        "vintage": "Fall 2018"
    },
    {
        "animeEng": "Haikyu!! Second Season",
        "animeRomaji": "Haikyu!! Second Season",
        "songName": "Hatsunetsu",
        "artist": "tacica",
        "type": "Ending 2",
        "correctCount": 56,
        "startTime": 19,
        "songDuration": 89.568,
        "songNumber": 62,
        "activePlayerCount": 178,
        "LinkVideo": "https://files.catbox.moe/2n0kmp.webm",
        "LinkMp3": "https://files.catbox.moe/yz69hp.mp3",
        "annId": 16660,
        "songDifficulty": 17.489142402355547,
        "vintage": "Fall 2015"
    },
    {
        "animeEng": "Seitokai Yakuindomo*",
        "animeRomaji": "Seitokai Yakuindomo*",
        "songName": "Idol no Susume",
        "artist": "Yoko Hikasa",
        "type": "Insert Song",
        "correctCount": 21,
        "startTime": 2,
        "songDuration": 35.52,
        "songNumber": 63,
        "activePlayerCount": 178,
        "LinkVideo": "https://files.catbox.moe/t33o18.webm",
        "LinkMp3": "https://files.catbox.moe/6s97un.mp3",
        "annId": 15694,
        "songDifficulty": 13.706695197610294,
        "vintage": "Winter 2014"
    },
    {
        "animeEng": "Mushi-Shi",
        "animeRomaji": "Mushishi",
        "songName": "The Sore Feet Song",
        "artist": "Ally Kerr",
        "type": "Opening 1",
        "correctCount": 117,
        "startTime": 49,
        "songDuration": 97.056,
        "songNumber": 64,
        "activePlayerCount": 177,
        "LinkVideo": "https://files.catbox.moe/hi322l.webm",
        "LinkMp3": "https://files.catbox.moe/ws88l8.mp3",
        "annId": 5923,
        "songDifficulty": 39.66920988578918,
        "vintage": "Fall 2005"
    },
    {
        "animeEng": "Ojamajo Doremi #",
        "animeRomaji": "Ojamajo Doremi #",
        "songName": "10-byou Kazoete",
        "artist": "Mayumi Gojou",
        "type": "Insert Song",
        "correctCount": 15,
        "startTime": 11,
        "songDuration": 113.064,
        "songNumber": 65,
        "activePlayerCount": 176,
        "LinkVideo": "https://files.catbox.moe/0gxysy.webm",
        "LinkMp3": "https://files.catbox.moe/ai9dn6.mp3",
        "annId": 1652,
        "songDifficulty": 16.311687043425323,
        "vintage": "Winter 2000"
    },
    {
        "animeEng": "Initial D: Fourth Stage",
        "animeRomaji": "Initial D: Fourth Stage",
        "songName": "MIDNIGHT LOVER",
        "artist": "DUSTY",
        "type": "Insert Song",
        "correctCount": 37,
        "startTime": 30,
        "songDuration": 127.152,
        "songNumber": 66,
        "activePlayerCount": 176,
        "LinkVideo": "https://files.catbox.moe/q9pty0.webm",
        "LinkMp3": "https://files.catbox.moe/nf88d9.mp3",
        "annId": 3396,
        "songDifficulty": 25.163725066489363,
        "vintage": "Spring 2004"
    },
    {
        "animeEng": "Cowboy Bebop",
        "animeRomaji": "Cowboy Bebop",
        "songName": "ADIEU",
        "artist": "Emily Bindiger",
        "type": "Insert Song",
        "correctCount": 32,
        "startTime": 13,
        "songDuration": 51,
        "songNumber": 67,
        "activePlayerCount": 177,
        "LinkVideo": "https://files.catbox.moe/137aja.webm",
        "LinkMp3": "https://files.catbox.moe/6jje6u.mp3",
        "annId": 13,
        "songDifficulty": 18.844502220640088,
        "vintage": "Spring 1998"
    },
    {
        "animeEng": "Sleepy Princess in the Demon Castle",
        "animeRomaji": "Maou-jou de Oyasumi",
        "songName": "Kaimin! Anmin! Syalist Seikatsu",
        "artist": "Inori Minase",
        "type": "Opening 1",
        "correctCount": 109,
        "startTime": 22,
        "songDuration": 88.56,
        "songNumber": 68,
        "activePlayerCount": 177,
        "LinkVideo": "https://files.catbox.moe/dm0c1i.webm",
        "LinkMp3": "https://files.catbox.moe/ywsp3z.mp3",
        "annId": 23362,
        "songDifficulty": 40.11502717573643,
        "vintage": "Fall 2020"
    },
    {
        "animeEng": "The Adventures of Gamba",
        "animeRomaji": "Gamba no Bouken",
        "songName": "Boukensha-tachi no Ballad",
        "artist": "Yoshihiro Sugiura",
        "type": "Ending 1",
        "correctCount": 4,
        "startTime": 16,
        "songDuration": 78.6,
        "songNumber": 69,
        "activePlayerCount": 177,
        "LinkVideo": "https://files.catbox.moe/klux6r.webm",
        "LinkMp3": "https://files.catbox.moe/q3v5jt.mp3",
        "annId": 1434,
        "songDifficulty": 12.55060711260699,
        "vintage": "Spring 1975",
        "correctPlayers": [
            "AKl",
            "Renegado",
            "Rukawa11",
            "tertium"
        ]
    },
    {
        "animeEng": "The IDOLM@STER Cinderella Girls",
        "animeRomaji": "The IDOLM@STER Cinderella Girls: Anytime, Anywhere with Cinderella.",
        "songName": "Shine!!",
        "artist": "CINDERELLA PROJECT",
        "type": "Opening 1",
        "correctCount": 34,
        "startTime": 33,
        "songDuration": 88.92,
        "songNumber": 70,
        "activePlayerCount": 177,
        "LinkVideo": "https://files.catbox.moe/o8ut6e.webm",
        "LinkMp3": "https://files.catbox.moe/emts9l.mp3",
        "annId": 23881,
        "songDifficulty": 27.774067237127046,
        "vintage": "Winter 2016"
    },
    {
        "animeEng": "Food Wars! Shokugeki no Soma",
        "animeRomaji": "Shokugeki no Souma",
        "songName": "Kibou no Uta",
        "artist": "ULTRA TOWER",
        "type": "Opening 1",
        "correctCount": 153,
        "startTime": 1,
        "songDuration": 88.999167,
        "songNumber": 71,
        "activePlayerCount": 178,
        "LinkVideo": "https://files.catbox.moe/myu5fk.webm",
        "LinkMp3": "https://files.catbox.moe/dtbgrd.mp3",
        "annId": 16344,
        "songDifficulty": 48.14242398083605,
        "vintage": "Spring 2015"
    },
    {
        "animeEng": "Starmyu",
        "animeRomaji": "Koukou Hoshi Kageki",
        "songName": "GLORY+HOLLY+STORY",
        "artist": "team Hiiragi",
        "type": "Insert Song",
        "correctCount": 74,
        "startTime": 66,
        "songDuration": 99.48,
        "songNumber": 72,
        "activePlayerCount": 178,
        "LinkVideo": "https://files.catbox.moe/pzcqcq.webm",
        "LinkMp3": "https://files.catbox.moe/yl4agp.mp3",
        "annId": 21981,
        "songDifficulty": 37.06416165446304,
        "vintage": "Summer 2019"
    },
    {
        "animeEng": "Aikatsu on Parade!",
        "animeRomaji": "Aikatsu on Parade!",
        "songName": "Tsuyoku Yasashiku Utsukushiku",
        "artist": "Karen from BEST FRIENDS!",
        "type": "Insert Song",
        "correctCount": 14,
        "startTime": 88,
        "songDuration": 128.04,
        "songNumber": 73,
        "activePlayerCount": 179,
        "LinkVideo": "https://files.catbox.moe/wu69xt.webm",
        "LinkMp3": "https://files.catbox.moe/1bq9tq.mp3",
        "annId": 22441,
        "songDifficulty": 26.802720424107143,
        "vintage": "Fall 2019"
    },
    {
        "animeEng": "Meiji Tokyo Renka Movie: Yumihari no Serenade",
        "animeRomaji": "Gekijouban Meiji Tokyo Renka: Yumihari no Serenade",
        "songName": "Dance in the Light",
        "artist": "KENN",
        "type": "Ending 1",
        "correctCount": 6,
        "startTime": 17,
        "songDuration": 87.36,
        "songNumber": 74,
        "activePlayerCount": 179,
        "LinkVideo": "https://files.catbox.moe/jogk5b.webm",
        "LinkMp3": "https://files.catbox.moe/i2dho3.mp3",
        "annId": 16753,
        "songDifficulty": 13.249686705301253,
        "vintage": "Summer 2015"
    },
    {
        "animeEng": "Ojamajo Doremi Dokkaan",
        "animeRomaji": "Ojamajo Doremi Dokkaan",
        "songName": "Ojamajo Carnival!!",
        "artist": "MAHO-dou",
        "type": "Insert Song",
        "correctCount": 83,
        "startTime": 30,
        "songDuration": 89.232,
        "songNumber": 75,
        "activePlayerCount": 179,
        "LinkVideo": "https://files.catbox.moe/z3cr7g.webm",
        "LinkMp3": "https://files.catbox.moe/q1py9a.mp3",
        "annId": 1649,
        "songDifficulty": 37.932067495807715,
        "vintage": "Winter 2002"
    },
    {
        "animeEng": "Princess Lover!",
        "animeRomaji": "Princess Lover!",
        "songName": "Princess Primp!",
        "artist": "Miyuki Hashimoto",
        "type": "Opening 1",
        "correctCount": 24,
        "startTime": 40,
        "songDuration": 88.824,
        "songNumber": 76,
        "activePlayerCount": 179,
        "LinkVideo": "https://files.catbox.moe/4se355.webm",
        "LinkMp3": "https://files.catbox.moe/alkvyz.mp3",
        "annId": 10699,
        "songDifficulty": 16.793679589801638,
        "vintage": "Summer 2009"
    },
    {
        "animeEng": "Lost Song",
        "animeRomaji": "Lost Song",
        "songName": "Golt, Eikou no Jiyo!",
        "artist": "Chiaki Takahashi/Konomi Suzuki",
        "type": "Insert Song",
        "correctCount": 16,
        "startTime": 62,
        "songDuration": 107.805494,
        "songNumber": 77,
        "activePlayerCount": 179,
        "LinkVideo": "https://files.catbox.moe/6k98mb.webm",
        "LinkMp3": "https://files.catbox.moe/m151nf.mp3",
        "annId": 19988,
        "songDifficulty": 14.595390873805732,
        "vintage": "Winter 2018"
    },
    {
        "animeEng": "Love Live! Sunshine!!",
        "animeRomaji": "Love Live! School Idol Project Sunshine!!",
        "songName": "Yume Kataru yori Yume Utaou",
        "artist": "Kanako Takatsuki & Ai Furihata",
        "type": "Ending 3",
        "correctCount": 82,
        "startTime": 25,
        "songDuration": 98.112,
        "songNumber": 78,
        "activePlayerCount": 179,
        "LinkVideo": "https://files.catbox.moe/4yqefj.webm",
        "LinkMp3": "https://files.catbox.moe/xpzn00.mp3",
        "annId": 17985,
        "songDifficulty": 44.110150121899515,
        "vintage": "Summer 2016"
    },
    {
        "animeEng": "Sacred Seven",
        "animeRomaji": "Sacred Seven",
        "songName": "-kiseki-",
        "artist": "Yuuka Nanri",
        "type": "Opening 2",
        "correctCount": 6,
        "startTime": 32,
        "songDuration": 87.072,
        "songNumber": 79,
        "activePlayerCount": 180,
        "LinkVideo": "https://files.catbox.moe/i3vdem.webm",
        "LinkMp3": "https://files.catbox.moe/5neeoi.mp3",
        "annId": 12393,
        "songDifficulty": 14.03058580597643,
        "vintage": "Summer 2011"
    },
    {
        "animeEng": "Noragami",
        "animeRomaji": "Noragami",
        "songName": "Goya no Machiawase",
        "artist": "Hello Sleepwalkers",
        "type": "Opening 1",
        "correctCount": 149,
        "startTime": 26,
        "songDuration": 89.568,
        "songNumber": 80,
        "activePlayerCount": 180,
        "LinkVideo": "https://files.catbox.moe/cnduhh.webm",
        "LinkMp3": "https://files.catbox.moe/4xappz.mp3",
        "annId": 15585,
        "songDifficulty": 56.740010327295835,
        "vintage": "Winter 2014"
    },
    {
        "animeEng": "Hellsing",
        "animeRomaji": "Hellsing",
        "songName": "SOUL Kyuumeitai",
        "artist": "Yasushi Ishii",
        "type": "Insert Song",
        "correctCount": 24,
        "startTime": 10,
        "songDuration": 111.122988,
        "songNumber": 81,
        "activePlayerCount": 180,
        "LinkVideo": "https://files.catbox.moe/tk1xne.webm",
        "LinkMp3": "https://files.catbox.moe/m80mw9.mp3",
        "annId": 387,
        "songDifficulty": 25.440587232996066,
        "vintage": "Fall 2001"
    },
    {
        "animeEng": "Bodacious Space Pirates The Movie: Abyss of Hyperspace",
        "animeRomaji": "Mouretsu Pirates: Abyss of Hyperspace - Akuu no Shinen",
        "songName": "Mouretsu Uchuu Koukyoukyoku\u30fbDainana Gakushou 'Mugen no Ai'",
        "artist": "Momoiro Clover Z",
        "type": "Opening 1",
        "correctCount": 60,
        "startTime": 35,
        "songDuration": 88.872,
        "songNumber": 82,
        "activePlayerCount": 181,
        "LinkVideo": "https://files.catbox.moe/phvcsq.webm",
        "LinkMp3": "https://files.catbox.moe/ku9luw.mp3",
        "annId": 14432,
        "songDifficulty": 23.63778164184953,
        "vintage": "Winter 2014"
    },
    {
        "animeEng": "Ergo Proxy",
        "animeRomaji": "Ergo Proxy",
        "songName": "PARANOID ANDROID",
        "artist": "RADIOHEAD",
        "type": "Ending 1",
        "correctCount": 58,
        "startTime": 44,
        "songDuration": 88.728,
        "songNumber": 83,
        "activePlayerCount": 180,
        "LinkVideo": "https://files.catbox.moe/ne6kma.webm",
        "LinkMp3": "https://files.catbox.moe/630sa3.mp3",
        "annId": 5115,
        "songDifficulty": 31.559128896636587,
        "vintage": "Winter 2006"
    },
    {
        "animeEng": "Aikatsu!",
        "animeRomaji": "Aikatsu!",
        "songName": "Diamond Happy",
        "artist": "Waka\u30fbFuuri\u30fbSunao from STAR\u2606ANIS",
        "type": "Opening 2",
        "correctCount": 86,
        "startTime": 30,
        "songDuration": 89.736,
        "songNumber": 84,
        "activePlayerCount": 180,
        "LinkVideo": "https://files.catbox.moe/s7y3t6.webm",
        "LinkMp3": "https://files.catbox.moe/41w5fn.mp3",
        "annId": 14566,
        "songDifficulty": 30.62411396941701,
        "vintage": "Fall 2012"
    },
    {
        "animeEng": "The Millionaire Detective: Balance: Unlimited",
        "animeRomaji": "Fugou Keiji Balance: Unlimited",
        "songName": "Welcome My Friend",
        "artist": "OKAMOTO'S",
        "type": "Ending 1",
        "correctCount": 61,
        "startTime": 48,
        "songDuration": 89.256,
        "songNumber": 85,
        "activePlayerCount": 177,
        "LinkVideo": "https://files.catbox.moe/qj12cw.webm",
        "LinkMp3": "https://files.catbox.moe/mwd2jp.mp3",
        "annId": 22980,
        "songDifficulty": 34.28370402095148,
        "vintage": "Spring 2020"
    }
]