[
    {
        "animeEng": "Etotama",
        "animeRomaji": "Etotama",
        "songName": "Retry\u2606Rendezvous",
        "artist": "Rie Murakawa",
        "type": "Opening 1",
        "correctCount": 26,
        "startTime": 25,
        "songDuration": 89.112,
        "songNumber": 1,
        "activePlayerCount": 179,
        "LinkVideo": "https://files.catbox.moe/2ll6if.webm",
        "LinkMp3": "https://files.catbox.moe/1ourzz.mp3",
        "annId": 16520,
        "songDifficulty": 19.86489392201835,
        "vintage": "Spring 2015"
    },
    {
        "animeEng": "Hetalia Axis Powers: Paint it, White!",
        "animeRomaji": "Hetalia Axis Powers: Paint it, White!",
        "songName": "WA! Wa!! World Ondo",
        "artist": "World 8",
        "type": "Ending 1",
        "correctCount": 29,
        "startTime": 42,
        "songDuration": 129.072,
        "songNumber": 2,
        "activePlayerCount": 188,
        "LinkVideo": "https://files.catbox.moe/kazz8i.webm",
        "LinkMp3": "https://files.catbox.moe/ga1w0a.mp3",
        "annId": 11097,
        "songDifficulty": 14.860470787666483,
        "vintage": "Spring 2010"
    },
    {
        "animeEng": "Diebuster (Gunbuster 2)",
        "animeRomaji": "Top o Nerae 2!: Diebuster",
        "songName": "Hoshikuzu Namida",
        "artist": "ACKO",
        "type": "Ending 1",
        "correctCount": 19,
        "startTime": 11,
        "songDuration": 98.064,
        "songNumber": 3,
        "activePlayerCount": 193,
        "LinkVideo": "https://files.catbox.moe/fjjd6r.webm",
        "LinkMp3": "https://files.catbox.moe/u1fzos.mp3",
        "annId": 3920,
        "songDifficulty": 19.933639640441438,
        "vintage": "Fall 2004"
    },
    {
        "animeEng": "March comes in like a lion",
        "animeRomaji": "3-gatsu no Lion",
        "songName": "Nyaa Shougi Ondo",
        "artist": "Kana Hanazawa, Ai Kayano, Misaki Kuno",
        "type": "Insert Song",
        "correctCount": 91,
        "startTime": 36,
        "songDuration": 89.04,
        "songNumber": 4,
        "activePlayerCount": 201,
        "LinkVideo": "https://files.catbox.moe/gxgiax.webm",
        "LinkMp3": "https://files.catbox.moe/3kjcic.mp3",
        "annId": 18166,
        "songDifficulty": 42.8860294117647,
        "vintage": "Fall 2016"
    },
    {
        "animeEng": "xxxHOLiC",
        "animeRomaji": "xxxHOLiC",
        "songName": "19sai",
        "artist": "Shikao Suga",
        "type": "Opening 1",
        "correctCount": 83,
        "startTime": 59,
        "songDuration": 88.488,
        "songNumber": 5,
        "activePlayerCount": 201,
        "LinkVideo": "https://files.catbox.moe/7lbvc8.webm",
        "LinkMp3": "https://files.catbox.moe/pl9ybn.mp3",
        "annId": 6052,
        "songDifficulty": 31.886326133838715,
        "vintage": "Spring 2006"
    },
    {
        "animeEng": "Once Upon a Time... Space",
        "animeRomaji": "Ginga Patrol PJ",
        "songName": "Ginga no Joou",
        "artist": "Tatsuya Matsuno",
        "type": "Opening 1",
        "correctCount": 4,
        "startTime": 3,
        "songDuration": 73.611796,
        "songNumber": 6,
        "activePlayerCount": 203,
        "LinkVideo": "https://files.catbox.moe/oqnvsu.webm",
        "LinkMp3": "https://files.catbox.moe/foyfqg.mp3",
        "annId": 11505,
        "songDifficulty": 11.734131158200734,
        "vintage": "Fall 1982",
        "correctPlayers": [
            "Saftladen27",
            "PulseVorteX",
            "AyameNakiriFan",
            "Rukawa11"
        ]
    },
    {
        "animeEng": "Needless+: Saint Lily Gakuen no Himitsu",
        "animeRomaji": "Needless+: Saint Lily Gakuen no Himitsu",
        "songName": "WANTED! for the love",
        "artist": "Needless\u2605Girls+",
        "type": "Ending 5",
        "correctCount": 11,
        "startTime": 0,
        "songDuration": 12.072,
        "songNumber": 7,
        "activePlayerCount": 206,
        "LinkVideo": "https://files.catbox.moe/e1g2w3.webm",
        "LinkMp3": "https://files.catbox.moe/8bymwt.mp3",
        "annId": 24779,
        "songDifficulty": 18.707482162786988,
        "vintage": "Fall 2009"
    },
    {
        "animeEng": "Cardfight!! Vanguard: Asia Circuit-hen",
        "animeRomaji": "Cardfight!! Vanguard: Asia Circuit-hen",
        "songName": "Vanguard",
        "artist": "JAM Project",
        "type": "Insert Song",
        "correctCount": 61,
        "startTime": 94,
        "songDuration": 191.76,
        "songNumber": 8,
        "activePlayerCount": 208,
        "LinkVideo": "https://files.catbox.moe/30g2ip.webm",
        "LinkMp3": "https://files.catbox.moe/nf12ru.mp3",
        "annId": 14090,
        "songDifficulty": 32.81664079253038,
        "vintage": "Spring 2012"
    },
    {
        "animeEng": "Mobile Suit Gundam Wing",
        "animeRomaji": "Shin Kidou Senki Gundam Wing",
        "songName": "It's Just Love",
        "artist": "Rumi Ohishi",
        "type": "Ending 1",
        "correctCount": 39,
        "startTime": 40,
        "songDuration": 70.368,
        "songNumber": 9,
        "activePlayerCount": 211,
        "LinkVideo": "https://files.catbox.moe/636m1i.webm",
        "LinkMp3": "https://files.catbox.moe/refeiq.mp3",
        "annId": 26,
        "songDifficulty": 23.963060591603053,
        "vintage": "Spring 1995"
    },
    {
        "animeEng": "Magical Girl Lyrical Nanoha",
        "animeRomaji": "Mahou Shoujo Lyrical Nanoha",
        "songName": "innocent starter",
        "artist": "Nana Mizuki",
        "type": "Opening 1",
        "correctCount": 55,
        "startTime": 5,
        "songDuration": 103.944,
        "songNumber": 10,
        "activePlayerCount": 211,
        "LinkVideo": "https://files.catbox.moe/j64ogd.webm",
        "LinkMp3": "https://files.catbox.moe/nrk43d.mp3",
        "annId": 4576,
        "songDifficulty": 29.119137600309728,
        "vintage": "Fall 2004"
    },
    {
        "animeEng": "I'm Standing on A Million Lives",
        "animeRomaji": "100-man no Inochi no Ue ni Ore wa Tatteiru",
        "songName": "Anti world",
        "artist": "Kanako Takatsuki",
        "type": "Opening 1",
        "correctCount": 36,
        "startTime": 49,
        "songDuration": 88.656,
        "songNumber": 11,
        "activePlayerCount": 209,
        "LinkVideo": "https://files.catbox.moe/tnd9ve.webm",
        "LinkMp3": "https://files.catbox.moe/wfcak5.mp3",
        "annId": 23492,
        "songDifficulty": 18.80155132154213,
        "vintage": "Fall 2020"
    },
    {
        "animeEng": "Glasslip",
        "animeRomaji": "Glasslip",
        "songName": "Natsu no Hi to Kimi no Koe",
        "artist": "ChouCho",
        "type": "Opening 1",
        "correctCount": 50,
        "startTime": 19,
        "songDuration": 88.296,
        "songNumber": 12,
        "activePlayerCount": 211,
        "LinkVideo": "https://files.catbox.moe/1fdgdp.webm",
        "LinkMp3": "https://files.catbox.moe/qsqnwj.mp3",
        "annId": 15901,
        "songDifficulty": 22.010667747128437,
        "vintage": "Summer 2014"
    },
    {
        "animeEng": "Wonder Egg Priority",
        "animeRomaji": "Wonder Egg Priority",
        "songName": "Life is Cider",
        "artist": "Anemoneria",
        "type": "Ending 1",
        "correctCount": 80,
        "startTime": 56,
        "songDuration": 89.232,
        "songNumber": 13,
        "activePlayerCount": 214,
        "LinkVideo": "https://files.catbox.moe/vy9c3f.webm",
        "LinkMp3": "https://files.catbox.moe/zlsc3q.mp3",
        "annId": 24211,
        "songDifficulty": 39.94767775229358,
        "vintage": "Spring 2021"
    },
    {
        "animeEng": "Mekakucity Actors",
        "animeRomaji": "Mekakucity Actors",
        "songName": "Kagerou Days",
        "artist": "Jin ft. Shouichi Taguchi from Sentimental Vector",
        "type": "Insert Song",
        "correctCount": 86,
        "startTime": 9,
        "songDuration": 89.976,
        "songNumber": 14,
        "activePlayerCount": 214,
        "LinkVideo": "https://files.catbox.moe/ebc7uw.webm",
        "LinkMp3": "https://files.catbox.moe/qbhpej.mp3",
        "annId": 15797,
        "songDifficulty": 40.63950416666667,
        "vintage": "Spring 2014"
    },
    {
        "animeEng": "Encouragement of Climb Season 3",
        "animeRomaji": "Yama no Susume Third Season",
        "songName": "Teppen Mezashi-tai",
        "artist": "Kana Asumi",
        "type": "Insert Song",
        "correctCount": 8,
        "startTime": 18,
        "songDuration": 59.04,
        "songNumber": 15,
        "activePlayerCount": 214,
        "LinkVideo": "https://files.catbox.moe/s1ydgt.webm",
        "LinkMp3": "https://files.catbox.moe/oeflxx.mp3",
        "annId": 20513,
        "songDifficulty": 15.778427586410984,
        "vintage": "Summer 2018"
    },
    {
        "animeEng": "Armored Trooper Votoms: Phantom Arc",
        "animeRomaji": "Soukou Kihei VOTOMS: Genei-hen",
        "songName": "Honoo no Sadame",
        "artist": "TETSU",
        "type": "Opening 1",
        "correctCount": 32,
        "startTime": 13,
        "songDuration": 87.822164,
        "songNumber": 16,
        "activePlayerCount": 211,
        "LinkVideo": "https://files.catbox.moe/fuf5k1.webm",
        "LinkMp3": "https://files.catbox.moe/gus0yw.mp3",
        "annId": 11487,
        "songDifficulty": 21.35442868271315,
        "vintage": "Winter 2010"
    },
    {
        "animeEng": "Onegai Patron-sama!",
        "animeRomaji": "Onegai Patron-sama!",
        "songName": "HERO READY GO Patraiser!",
        "artist": "Masaya Imamura\u30fbMasato Toyoshima",
        "type": "Ending 1",
        "correctCount": 8,
        "startTime": 28,
        "songDuration": 72.216,
        "songNumber": 17,
        "activePlayerCount": 211,
        "LinkVideo": "https://files.catbox.moe/j47grz.webm",
        "LinkMp3": "https://files.catbox.moe/xls9em.mp3",
        "annId": 23711,
        "songDifficulty": 8.13720785884534,
        "vintage": "Fall 2020"
    },
    {
        "animeEng": "Sakura Wars: The Movie",
        "animeRomaji": "Sakura Taisen: Katsudou Shashin",
        "songName": "Gekijouban\u30fbKiseki no Kane",
        "artist": "Chisa Yokoyama, Michie Tomizawa, Urara Takano, Kumiko Nishihara, Yuriko Fuchizaki, Mayumi Tanaka, Maya Okamoto, Kazue Ikura",
        "type": "Opening 1",
        "correctCount": 3,
        "startTime": 121,
        "songDuration": 171.36,
        "songNumber": 18,
        "activePlayerCount": 208,
        "LinkVideo": "https://files.catbox.moe/svwbk9.webm",
        "LinkMp3": "https://files.catbox.moe/nk0xlm.mp3",
        "annId": 296,
        "songDifficulty": 11.17171359505125,
        "vintage": "Fall 2001",
        "correctPlayers": [
            "Zurex",
            "Nocty",
            "Rukawa11"
        ]
    },
    {
        "animeEng": "The IDOLM@STER Movie: Beyond the Brilliant Future!",
        "animeRomaji": "The IDOLM@STER Movie: Kagayaki no Mukougawa e!",
        "songName": "M@STERPIECE",
        "artist": "Eriko Nakamura, Akiko Hasegawa, Asami Imai, Mayako Nigo, Azumi Asakura, Hiromi Hirata, Asami Shimoda, Rie Kugimiya, Chiaki Takahashi, Yumi Hara, Manami Numakura",
        "type": "Insert Song",
        "correctCount": 14,
        "startTime": 80,
        "songDuration": 327.792,
        "songNumber": 19,
        "activePlayerCount": 209,
        "LinkVideo": "https://files.catbox.moe/27hsrr.webm",
        "LinkMp3": "https://files.catbox.moe/b6m7nu.mp3",
        "annId": 15129,
        "songDifficulty": 18.490985051974143,
        "vintage": "Winter 2014"
    },
    {
        "animeEng": "91 Days",
        "animeRomaji": "91 Days",
        "songName": "Signal",
        "artist": "TK from Ling Tosite Sigure",
        "type": "Opening 1",
        "correctCount": 121,
        "startTime": 26,
        "songDuration": 89.448,
        "songNumber": 20,
        "activePlayerCount": 209,
        "LinkVideo": "https://files.catbox.moe/5do44c.webm",
        "LinkMp3": "https://files.catbox.moe/cxj0xx.mp3",
        "annId": 18169,
        "songDifficulty": 39.36479521886529,
        "vintage": "Summer 2016"
    },
    {
        "animeEng": "SpoGomi: World Cup Exhibition Match Arc",
        "animeRomaji": "Spo-Gomi: World Cup Exhibition Match Hen",
        "songName": "Necessary",
        "artist": "Toshiyuki Toyonaga",
        "type": "Ending 1",
        "correctCount": 4,
        "startTime": 7,
        "songDuration": 88.92,
        "songNumber": 21,
        "activePlayerCount": 210,
        "LinkVideo": "https://files.catbox.moe/z0n0jd.webm",
        "LinkMp3": "https://files.catbox.moe/fwsi1f.mp3",
        "annId": 25428,
        "songDifficulty": 11.624164852288251,
        "vintage": "Spring 2022",
        "correctPlayers": [
            "Noru",
            "chaabdu92",
            "Thaleko",
            "Rukawa11"
        ]
    },
    {
        "animeEng": "Mazinger Z tai Devilman",
        "animeRomaji": "Mazinger Z tai Devilman",
        "songName": "Devilman no Uta",
        "artist": "Keizo Toda",
        "type": "Insert Song",
        "correctCount": 176,
        "startTime": 2,
        "songDuration": 41.328,
        "songNumber": 22,
        "activePlayerCount": 210,
        "LinkVideo": "https://files.catbox.moe/zdudu6.webm",
        "LinkMp3": "https://files.catbox.moe/zppy3i.mp3",
        "annId": 3556,
        "songDifficulty": 55.96171495752427,
        "vintage": "Summer 1973"
    },
    {
        "animeEng": "Hakata Mentai! Pirikarako-chan",
        "animeRomaji": "Hakata Mentai! Pirikarako-chan",
        "songName": "Pippi Pirikara, Pirikarako",
        "artist": "mathru@KanimisoP feat. Meika Hime & Mikoto",
        "type": "Ending 1",
        "correctCount": 65,
        "startTime": 0,
        "songDuration": 14.304,
        "songNumber": 23,
        "activePlayerCount": 210,
        "LinkVideo": "https://files.catbox.moe/qj21di.webm",
        "LinkMp3": "https://files.catbox.moe/pbw7vl.mp3",
        "annId": 22257,
        "songDifficulty": 28.82328064477082,
        "vintage": "Summer 2019"
    },
    {
        "animeEng": "Aikatsu!",
        "animeRomaji": "Aikatsu!",
        "songName": "Original Star\u2606\u5f61",
        "artist": "Remi\u30fbEri from STAR\u2606ANIS",
        "type": "Insert Song",
        "correctCount": 120,
        "startTime": 58,
        "songDuration": 103.824,
        "songNumber": 24,
        "activePlayerCount": 211,
        "LinkVideo": "https://files.catbox.moe/767shz.webm",
        "LinkMp3": "https://files.catbox.moe/6rlqq6.mp3",
        "annId": 15597,
        "songDifficulty": 43.183634638869506,
        "vintage": "Fall 2013"
    },
    {
        "animeEng": "Dream Festival! R",
        "animeRomaji": "Dream Festival! R",
        "songName": "Word!!",
        "artist": "ACE",
        "type": "Insert Song",
        "correctCount": 2,
        "startTime": 9,
        "songDuration": 100.728,
        "songNumber": 25,
        "activePlayerCount": 210,
        "LinkVideo": "https://files.catbox.moe/iaw8i5.webm",
        "LinkMp3": "https://files.catbox.moe/yx0kp1.mp3",
        "annId": 19878,
        "songDifficulty": 7.084533867300072,
        "vintage": "Summer 2017",
        "correctPlayers": [
            "pecku",
            "worrywdym"
        ]
    },
    {
        "animeEng": "Urahara",
        "animeRomaji": "Urahara",
        "songName": "Antithesis Escape",
        "artist": "Sumire Uesaka",
        "type": "Opening 1",
        "correctCount": 17,
        "startTime": 47,
        "songDuration": 90.042534,
        "songNumber": 26,
        "activePlayerCount": 210,
        "LinkVideo": "https://files.catbox.moe/ei9y0f.webm",
        "LinkMp3": "https://files.catbox.moe/l26ra1.mp3",
        "annId": 19876,
        "songDifficulty": 17.79914985440932,
        "vintage": "Fall 2017"
    },
    {
        "animeEng": "Gekijouban PriPara Mi~nna de Kagayake! Kirarin\u2606Star Live!",
        "animeRomaji": "Gekijouban PriPara Mi~nna de Kagayake! Kirarin\u2606Star Live!",
        "songName": "Sugarless\u00d7Friend",
        "artist": "NonSugar",
        "type": "Insert Song",
        "correctCount": 74,
        "startTime": 22,
        "songDuration": 91.824,
        "songNumber": 27,
        "activePlayerCount": 211,
        "LinkVideo": "https://files.catbox.moe/x3vfqs.webm",
        "LinkMp3": "https://files.catbox.moe/yj0ab6.mp3",
        "annId": 19018,
        "songDifficulty": 31.168269814604923,
        "vintage": "Winter 2017"
    },
    {
        "animeEng": "Shoujo\u2606Kageki Revue Starlight: Rondo Rondo Rondo",
        "animeRomaji": "Shoujo\u2606Kageki Revue Starlight: Rondo Rondo Rondo",
        "songName": "Hoshiboshi no Kizuna (movie ver.)",
        "artist": "Moeka Koizumi & Momoyo Koyama",
        "type": "Insert Song",
        "correctCount": 16,
        "startTime": 93,
        "songDuration": 192.696,
        "songNumber": 28,
        "activePlayerCount": 211,
        "LinkVideo": "https://files.catbox.moe/eg532i.webm",
        "LinkMp3": "https://files.catbox.moe/24oc8m.mp3",
        "annId": 22992,
        "songDifficulty": 29.059987027481448,
        "vintage": "Spring 2020"
    },
    {
        "animeEng": "A Couple of Cuckoos",
        "animeRomaji": "Kakkou no Iinazuke",
        "songName": "Dekoboko",
        "artist": "Kiyoe Yoshioka",
        "type": "Opening 1",
        "correctCount": 45,
        "startTime": 21,
        "songDuration": 88.104,
        "songNumber": 29,
        "activePlayerCount": 211,
        "LinkVideo": "https://files.catbox.moe/kxgfeg.webm",
        "LinkMp3": "https://files.catbox.moe/xbh5kh.mp3",
        "annId": 24241,
        "songDifficulty": 30.57559821813092,
        "vintage": "Spring 2022"
    },
    {
        "animeEng": "Sgt. Frog",
        "animeRomaji": "Keroro Gunsou",
        "songName": "Kero Neko no Tango",
        "artist": "Osamu Minagawa to Hibari Jidou Gasshou-dan",
        "type": "Ending 11",
        "correctCount": 15,
        "startTime": 15,
        "songDuration": 88.608,
        "songNumber": 30,
        "activePlayerCount": 211,
        "LinkVideo": "https://files.catbox.moe/kv1aum.webm",
        "LinkMp3": "https://files.catbox.moe/msa40f.mp3",
        "annId": 3711,
        "songDifficulty": 39.53917050691244,
        "vintage": "Spring 2004"
    },
    {
        "animeEng": "New Theatrical Movie Initial D Battle Digest",
        "animeRomaji": "Shin Gekijouban Initial D Battle Digest",
        "songName": "PEOPLE FOR PEOPLE",
        "artist": "MATT LAND",
        "type": "Insert Song",
        "correctCount": 7,
        "startTime": 96,
        "songDuration": 173.568,
        "songNumber": 31,
        "activePlayerCount": 211,
        "LinkVideo": "https://files.catbox.moe/29ik0p.webm",
        "LinkMp3": "https://files.catbox.moe/i3x9k8.mp3",
        "annId": 25314,
        "songDifficulty": 41.7089645463198,
        "vintage": "Winter 2022"
    },
    {
        "animeEng": "Wolf Children",
        "animeRomaji": "Ookami Kodomo no Ame to Yuki",
        "songName": "Okaa-san no Uta",
        "artist": "Ann Sally",
        "type": "Ending 1",
        "correctCount": 63,
        "startTime": 125,
        "songDuration": 307.848,
        "songNumber": 32,
        "activePlayerCount": 209,
        "LinkVideo": "https://files.catbox.moe/9b8q0l.webm",
        "LinkMp3": "https://files.catbox.moe/1x81tg.mp3",
        "annId": 13862,
        "songDifficulty": 19.939992246344705,
        "vintage": "Spring 2012"
    },
    {
        "animeEng": "The World's Finest Assassin Gets Reincarnated in a Different World as an Aristocrat",
        "animeRomaji": "Ansatsu Kizoku",
        "songName": "Dark seeks light",
        "artist": "Yui Ninomiya",
        "type": "Opening 1",
        "correctCount": 112,
        "startTime": 40,
        "songDuration": 89.28,
        "songNumber": 33,
        "activePlayerCount": 211,
        "LinkVideo": "https://files.catbox.moe/efib5r.webm",
        "LinkMp3": "https://files.catbox.moe/2m9xxx.mp3",
        "annId": 24046,
        "songDifficulty": 37.06834381551363,
        "vintage": "Fall 2021"
    },
    {
        "animeEng": "Raccoon Rascal",
        "animeRomaji": "Araiguma Rascal",
        "songName": "Rock River e",
        "artist": "Kumiko Oosugi",
        "type": "Opening 1",
        "correctCount": 46,
        "startTime": 24,
        "songDuration": 75.074628,
        "songNumber": 34,
        "activePlayerCount": 211,
        "LinkVideo": "https://files.catbox.moe/ysidjo.webm",
        "LinkMp3": "https://files.catbox.moe/26h44p.mp3",
        "annId": 437,
        "songDifficulty": 26.958908795824847,
        "vintage": "Winter 1977"
    },
    {
        "animeEng": "One Punch Man",
        "animeRomaji": "One Punch Man",
        "songName": "Hoshi yori Saki ni Mitsukete Ageru",
        "artist": "Hiroko Moriguchi",
        "type": "Ending 1",
        "correctCount": 136,
        "startTime": 42,
        "songDuration": 87.552,
        "songNumber": 35,
        "activePlayerCount": 211,
        "LinkVideo": "https://files.catbox.moe/36ew18.webm",
        "LinkMp3": "https://files.catbox.moe/3sv0wd.mp3",
        "annId": 17989,
        "songDifficulty": 40.68988804437141,
        "vintage": "Fall 2015"
    },
    {
        "animeEng": "Real Girl",
        "animeRomaji": "3D Kanojo Real Girl",
        "songName": "Daiji na Koto",
        "artist": "Quruli",
        "type": "Ending 2",
        "correctCount": 78,
        "startTime": 35,
        "songDuration": 88.968,
        "songNumber": 36,
        "activePlayerCount": 209,
        "LinkVideo": "https://files.catbox.moe/zu3yc9.webm",
        "LinkMp3": "https://files.catbox.moe/g8p7gk.mp3",
        "annId": 21480,
        "songDifficulty": 26.47724980221519,
        "vintage": "Winter 2019"
    },
    {
        "animeEng": "Shin Chan",
        "animeRomaji": "Crayon Shin-chan",
        "songName": "Giga Aishiteru",
        "artist": "Rekishi",
        "type": "Ending 30",
        "correctCount": 6,
        "startTime": 11,
        "songDuration": 49.512,
        "songNumber": 37,
        "activePlayerCount": 210,
        "LinkVideo": "https://files.catbox.moe/k2exab.webm",
        "LinkMp3": "https://files.catbox.moe/e6bddo.mp3",
        "annId": 540,
        "songDifficulty": 6.539948453608248,
        "vintage": "Spring 1992"
    },
    {
        "animeEng": "PriPara",
        "animeRomaji": "PriPara",
        "songName": "Love friend style",
        "artist": "SoLaMiDressing",
        "type": "Insert Song",
        "correctCount": 65,
        "startTime": 94,
        "songDuration": 173.976,
        "songNumber": 38,
        "activePlayerCount": 209,
        "LinkVideo": "https://files.catbox.moe/ir45sj.webm",
        "LinkMp3": "https://files.catbox.moe/ppjj7w.mp3",
        "annId": 15916,
        "songDifficulty": 38.127488820272575,
        "vintage": "Summer 2014"
    },
    {
        "animeEng": "Ponyo on the Cliff by the Sea",
        "animeRomaji": "Gake no Ue no Ponyo",
        "songName": "Gake no Ue no Ponyo",
        "artist": "Fujioka Fujimaki & Nozomi Oohashi",
        "type": "Ending 1",
        "correctCount": 80,
        "startTime": 21,
        "songDuration": 91.968,
        "songNumber": 39,
        "activePlayerCount": 209,
        "LinkVideo": "https://files.catbox.moe/klxepk.webm",
        "LinkMp3": "https://files.catbox.moe/y6ewfp.mp3",
        "annId": 7814,
        "songDifficulty": 46.56503762246238,
        "vintage": "Summer 2008"
    },
    {
        "animeEng": "A Certain Magical Index: The Miracle of Endymion",
        "animeRomaji": "Toaru Majutsu no Index: Endymion no Kiseki",
        "songName": "Brand New Bright Step",
        "artist": "Sachika Misawa",
        "type": "Insert Song",
        "correctCount": 4,
        "startTime": 9,
        "songDuration": 115.392,
        "songNumber": 40,
        "activePlayerCount": 208,
        "LinkVideo": "https://files.catbox.moe/klgctc.webm",
        "LinkMp3": "https://files.catbox.moe/j6ti9g.mp3",
        "annId": 13635,
        "songDifficulty": 12.82509588733604,
        "vintage": "Winter 2013",
        "correctPlayers": [
            "Zurex",
            "Hejsan",
            "GrollenKette951",
            "Rukawa11"
        ]
    },
    {
        "animeEng": "Pastel Life",
        "animeRomaji": "Pastel Life",
        "songName": "Shuwarin\u2606Drea~min",
        "artist": "Pastel*Palettes",
        "type": "Opening 1",
        "correctCount": 105,
        "startTime": 1,
        "songDuration": 29.664,
        "songNumber": 41,
        "activePlayerCount": 210,
        "LinkVideo": "https://files.catbox.moe/9e8yfh.webm",
        "LinkMp3": "https://files.catbox.moe/s0ksh1.mp3",
        "annId": 21291,
        "songDifficulty": 35.95654101849905,
        "vintage": "Spring 2018"
    },
    {
        "animeEng": "Detective Conan: Conan vs Kid vs Yaiba",
        "animeRomaji": "Meitantei Conan: Conan VS Kid VS Yaiba",
        "songName": "Natsu no Maboroshi",
        "artist": "GARNET CROW",
        "type": "Ending 1",
        "correctCount": 96,
        "startTime": 42,
        "songDuration": 83.064,
        "songNumber": 42,
        "activePlayerCount": 210,
        "LinkVideo": "https://files.catbox.moe/bdrxh3.webm",
        "LinkMp3": "https://files.catbox.moe/v9126z.mp3",
        "annId": 5140,
        "songDifficulty": 29.944634298312884,
        "vintage": "Fall 2000"
    },
    {
        "animeEng": "Senki Zesshou Symphogear G",
        "animeRomaji": "Senki Zesshou Symphogear G",
        "songName": "Gekkou no Tsurugi",
        "artist": "Nana Mizuki",
        "type": "Insert Song",
        "correctCount": 45,
        "startTime": 54,
        "songDuration": 83.352,
        "songNumber": 43,
        "activePlayerCount": 211,
        "LinkVideo": "https://files.catbox.moe/ovdhh3.webm",
        "LinkMp3": "https://files.catbox.moe/w1y3zg.mp3",
        "annId": 15228,
        "songDifficulty": 25.74980805942895,
        "vintage": "Summer 2013"
    },
    {
        "animeEng": "Doraemon: Nobita's Space Story",
        "animeRomaji": "Doraemon: Nobita no Uchuu Kaitakushi",
        "songName": "Doraemon no Uta",
        "artist": "Kumiko Oosugi & Nobuyo Oyama",
        "type": "Insert Song",
        "correctCount": 188,
        "startTime": 35,
        "songDuration": 68.04,
        "songNumber": 44,
        "activePlayerCount": 211,
        "LinkVideo": "https://files.catbox.moe/47cfhh.webm",
        "LinkMp3": "https://files.catbox.moe/wybbta.mp3",
        "annId": 1894,
        "songDifficulty": 67.46596262562814,
        "vintage": "Winter 1981"
    },
    {
        "animeEng": "Trinity Seven",
        "animeRomaji": "Trinity Seven",
        "songName": "BEAUTIFUL\u2252SENTENCE",
        "artist": "Magus Two",
        "type": "Ending 1",
        "correctCount": 97,
        "startTime": 39,
        "songDuration": 89.857375,
        "songNumber": 45,
        "activePlayerCount": 212,
        "LinkVideo": "https://files.catbox.moe/cft5km.webm",
        "LinkMp3": "https://files.catbox.moe/4x3jeg.mp3",
        "annId": 16174,
        "songDifficulty": 25.698556122775575,
        "vintage": "Fall 2014"
    },
    {
        "animeEng": "Gurren Lagann the Movie: Childhood's End",
        "animeRomaji": "Tengen Toppa Gurren Lagann: Gurren-hen",
        "songName": "happily ever after",
        "artist": "Shoko Nakagawa",
        "type": "Insert Song",
        "correctCount": 84,
        "startTime": 110,
        "songDuration": 168.096,
        "songNumber": 46,
        "activePlayerCount": 210,
        "LinkVideo": "https://files.catbox.moe/5b9xqf.webm",
        "LinkMp3": "https://files.catbox.moe/ukoe82.mp3",
        "annId": 9601,
        "songDifficulty": 39.31836219336219,
        "vintage": "Summer 2008"
    },
    {
        "animeEng": "Fireworks",
        "animeRomaji": "Uchiage Hanabi, Shita kara Miru ka? Yoko kara Miru ka?",
        "songName": "Ruri-iro no Chikyuu",
        "artist": "Suzu Hirose",
        "type": "Insert Song",
        "correctCount": 19,
        "startTime": 49,
        "songDuration": 117.052682,
        "songNumber": 47,
        "activePlayerCount": 209,
        "LinkVideo": "https://files.catbox.moe/juhyx5.webm",
        "LinkMp3": "https://files.catbox.moe/ij5x72.mp3",
        "annId": 19481,
        "songDifficulty": 14.448964716094771,
        "vintage": "Summer 2017"
    },
    {
        "animeEng": "Kirarin Revolution",
        "animeRomaji": "Kirarin Revolution",
        "songName": "Balalaika",
        "artist": "Koharu Kusumi",
        "type": "Opening 2",
        "correctCount": 18,
        "startTime": 31,
        "songDuration": 86.803406,
        "songNumber": 48,
        "activePlayerCount": 209,
        "LinkVideo": "https://files.catbox.moe/uy2wlo.webm",
        "LinkMp3": "https://files.catbox.moe/yp06qb.mp3",
        "annId": 6178,
        "songDifficulty": 28.10324357588857,
        "vintage": "Spring 2006"
    },
    {
        "animeEng": "Jujutsu Kaisen",
        "animeRomaji": "Jujutsu Kaisen",
        "songName": "Gray Eyes",
        "artist": "Che Lingo",
        "type": "Insert Song",
        "correctCount": 68,
        "startTime": 6,
        "songDuration": 101.304,
        "songNumber": 49,
        "activePlayerCount": 207,
        "LinkVideo": "https://files.catbox.moe/86kaxj.webm",
        "LinkMp3": "https://files.catbox.moe/48v7d2.mp3",
        "annId": 22944,
        "songDifficulty": 22.834125083770804,
        "vintage": "Fall 2020"
    },
    {
        "animeEng": "Fastest Finger First",
        "animeRomaji": "Nana Maru San Batsu",
        "songName": "\u25cb\u25cb\u25cb\u25cb\u25cb",
        "artist": "Babyraids JAPAN",
        "type": "Ending 1",
        "correctCount": 11,
        "startTime": 41,
        "songDuration": 88.608,
        "songNumber": 50,
        "activePlayerCount": 207,
        "LinkVideo": "https://files.catbox.moe/iok33y.webm",
        "LinkMp3": "https://files.catbox.moe/r50p0c.mp3",
        "annId": 18946,
        "songDifficulty": 10.365706440267529,
        "vintage": "Summer 2017"
    },
    {
        "animeEng": "Yamada-kun and the Seven Witches",
        "animeRomaji": "Yamada-kun to 7-nin no Majo",
        "songName": "Kuchizuke Diamond",
        "artist": "WEAVER",
        "type": "Opening 1",
        "correctCount": 165,
        "startTime": 20,
        "songDuration": 88.56,
        "songNumber": 51,
        "activePlayerCount": 207,
        "LinkVideo": "https://files.catbox.moe/cn4qdl.webm",
        "LinkMp3": "https://files.catbox.moe/tjuiyh.mp3",
        "annId": 16583,
        "songDifficulty": 44.82578745530475,
        "vintage": "Spring 2015"
    },
    {
        "animeEng": "Legend of the Condor Hero",
        "animeRomaji": "Shin Chou Kyou Ryo: Condor Hero",
        "songName": "Yuu",
        "artist": "NoR",
        "type": "Opening 1",
        "correctCount": 1,
        "startTime": 34,
        "songDuration": 90.168,
        "songNumber": 52,
        "activePlayerCount": 204,
        "LinkVideo": "https://files.catbox.moe/bvkl2m.webm",
        "LinkMp3": "https://files.catbox.moe/txtisy.mp3",
        "annId": 2274,
        "songDifficulty": 13.444322163698871,
        "vintage": "Fall 2001",
        "correctPlayers": [
            "HiHi"
        ]
    },
    {
        "animeEng": "Welcome to Demon School! Iruma-kun",
        "animeRomaji": "Mairimashita! Iruma-kun",
        "songName": "Akuma Gakkou Babyls Kouka",
        "artist": "Akuma Gakkou Babyls Seito no Mina-san",
        "type": "Ending 2",
        "correctCount": 78,
        "startTime": 58,
        "songDuration": 88.152,
        "songNumber": 53,
        "activePlayerCount": 204,
        "LinkVideo": "https://files.catbox.moe/bhn25d.webm",
        "LinkMp3": "https://files.catbox.moe/mn5yrw.mp3",
        "annId": 21927,
        "songDifficulty": 37.524998682546375,
        "vintage": "Fall 2019"
    },
    {
        "animeEng": "Food Wars! Shokugeki no Soma",
        "animeRomaji": "Shokugeki no Souma",
        "songName": "Karaage Mozuya no Uta",
        "artist": "Sayaka Sasaki",
        "type": "Insert Song",
        "correctCount": 92,
        "startTime": 28,
        "songDuration": 67.512,
        "songNumber": 54,
        "activePlayerCount": 204,
        "LinkVideo": "https://files.catbox.moe/kiici8.webm",
        "LinkMp3": "https://files.catbox.moe/c72fen.mp3",
        "annId": 16344,
        "songDifficulty": 22.368713359564804,
        "vintage": "Spring 2015"
    },
    {
        "animeEng": "Twilight",
        "animeRomaji": "Hakubo",
        "songName": "Tooku",
        "artist": "AZUMA HITOMI",
        "type": "Ending 1",
        "correctCount": 3,
        "startTime": 97,
        "songDuration": 388.56,
        "songNumber": 55,
        "activePlayerCount": 204,
        "LinkVideo": "https://files.catbox.moe/v0n5ld.webm",
        "LinkMp3": "https://files.catbox.moe/ljlz0o.mp3",
        "annId": 19431,
        "songDifficulty": 9.994776261359739,
        "vintage": "Spring 2019",
        "correctPlayers": [
            "movie",
            "Delete",
            "DKing20"
        ]
    },
    {
        "animeEng": "Hakuoki: Demon of the Fleeting Blossom - A Memory of Snow Flowers",
        "animeRomaji": "Hakuouki: Sekkaroku",
        "songName": "Hikari -I promise you-",
        "artist": "Maon Kurosaki",
        "type": "Ending 4",
        "correctCount": 2,
        "startTime": 36,
        "songDuration": 88.848,
        "songNumber": 56,
        "activePlayerCount": 205,
        "LinkVideo": "https://files.catbox.moe/d2sav0.webm",
        "LinkMp3": "https://files.catbox.moe/icw2rr.mp3",
        "annId": 12620,
        "songDifficulty": 9.368620372953869,
        "vintage": "Summer 2011",
        "correctPlayers": [
            "worrywdym",
            "Rukawa11"
        ]
    },
    {
        "animeEng": "The Numbers",
        "animeRomaji": "Nanbaka",
        "songName": "Rin! Rin! Hi! Hi!",
        "artist": "Hashiguchikanaderiya",
        "type": "Opening 1",
        "correctCount": 128,
        "startTime": 5,
        "songDuration": 86.76,
        "songNumber": 57,
        "activePlayerCount": 205,
        "LinkVideo": "https://files.catbox.moe/hg0ij6.webm",
        "LinkMp3": "https://files.catbox.moe/jsgekx.mp3",
        "annId": 18956,
        "songDifficulty": 41.52509408384591,
        "vintage": "Winter 2017"
    },
    {
        "animeEng": "Black Butler II",
        "animeRomaji": "Kuroshitsuji II",
        "songName": "SHIVER",
        "artist": "the GazettE",
        "type": "Opening 1",
        "correctCount": 66,
        "startTime": 16,
        "songDuration": 89.808,
        "songNumber": 58,
        "activePlayerCount": 205,
        "LinkVideo": "https://files.catbox.moe/cfjktu.webm",
        "LinkMp3": "https://files.catbox.moe/vsahln.mp3",
        "annId": 13411,
        "songDifficulty": 28.837907700067248,
        "vintage": "Fall 2010"
    },
    {
        "animeEng": "Tiger & Bunny 2",
        "animeRomaji": "Tiger & Bunny 2",
        "songName": "AIDA",
        "artist": "ano",
        "type": "Ending 1",
        "correctCount": 2,
        "startTime": 4,
        "songDuration": 88.608,
        "songNumber": 59,
        "activePlayerCount": 206,
        "LinkVideo": "https://files.catbox.moe/sw3u8l.webm",
        "LinkMp3": "https://files.catbox.moe/311y7o.mp3",
        "annId": 24222,
        "songDifficulty": 13.378879431522254,
        "vintage": "Spring 2022",
        "correctPlayers": [
            "JinAxel",
            "Rukawa11"
        ]
    },
    {
        "animeEng": "Tamagotchi!",
        "animeRomaji": "Tamagotchi!",
        "songName": "GO-GO Tamagotchi!",
        "artist": "Ryouka Yuzuki, Akemi Okamura, Asami Yaguchi feat. Young Fresh",
        "type": "Opening 3",
        "correctCount": 189,
        "startTime": 9,
        "songDuration": 87.576,
        "songNumber": 60,
        "activePlayerCount": 207,
        "LinkVideo": "https://files.catbox.moe/m4capr.webm",
        "LinkMp3": "https://files.catbox.moe/vp6kei.mp3",
        "annId": 10958,
        "songDifficulty": 30.034062873803826,
        "vintage": "Fall 2009"
    },
    {
        "animeEng": "JoJo's Bizarre Adventure: Golden Wind",
        "animeRomaji": "JoJo no Kimyou na Bouken: Ougon no Kaze",
        "songName": "canzoni preferite",
        "artist": "Daisuke Hasegawa",
        "type": "Insert Song",
        "correctCount": 122,
        "startTime": 6,
        "songDuration": 60.681406,
        "songNumber": 61,
        "activePlayerCount": 207,
        "LinkVideo": "https://files.catbox.moe/c46enc.webm",
        "LinkMp3": "https://files.catbox.moe/r5wuzn.mp3",
        "annId": 21131,
        "songDifficulty": 61.148986861584014,
        "vintage": "Fall 2018"
    },
    {
        "animeEng": "Crayon Shin-chan: Densetsu o Yobu Odore! Amigo!",
        "animeRomaji": "Crayon Shin-chan: Densetsu o Yobu Odore! Amigo!",
        "songName": "Yuru Yuru DE-O!",
        "artist": "Akiko Yajima",
        "type": "Opening 1",
        "correctCount": 179,
        "startTime": 30,
        "songDuration": 60.576,
        "songNumber": 62,
        "activePlayerCount": 207,
        "LinkVideo": "https://files.catbox.moe/y4st9i.webm",
        "LinkMp3": "https://files.catbox.moe/hblu4o.mp3",
        "annId": 6750,
        "songDifficulty": 44.975359437539495,
        "vintage": "Spring 2006"
    },
    {
        "animeEng": "Go! Princess Precure",
        "animeRomaji": "Go! Princess Precure",
        "songName": "Joyful! Precure Christmas",
        "artist": "Yuu Shimamura, Masumi Asano, Hibiku Yamamura, Miyuki Sawashiro",
        "type": "Insert Song",
        "correctCount": 4,
        "startTime": 9,
        "songDuration": 51.216,
        "songNumber": 63,
        "activePlayerCount": 207,
        "LinkVideo": "https://files.catbox.moe/9cmtl5.webm",
        "LinkMp3": "https://files.catbox.moe/gokar7.mp3",
        "annId": 16590,
        "songDifficulty": 11.830846686112253,
        "vintage": "Winter 2015",
        "correctPlayers": [
            "kar72",
            "Hejsan",
            "shadismith",
            "Carlos1218"
        ]
    },
    {
        "animeEng": "Origin: Spirits of the Past",
        "animeRomaji": "Gin-iro no Kami no Agito",
        "songName": "Chouwa oto~with reflection~",
        "artist": "KOKIA",
        "type": "Opening 1",
        "correctCount": 13,
        "startTime": 87,
        "songDuration": 162.08701,
        "songNumber": 64,
        "activePlayerCount": 206,
        "LinkVideo": "https://files.catbox.moe/scsaeh.webm",
        "LinkMp3": "https://files.catbox.moe/s5c2vr.mp3",
        "annId": 5488,
        "songDifficulty": 19.162226257588898,
        "vintage": "Winter 2006"
    },
    {
        "animeEng": "Weiss Kreuz Verbrechen & Strafe",
        "animeRomaji": "Weiss Kreuz Verbrechen & Strafe",
        "songName": "No Reason",
        "artist": "Wei\u00df",
        "type": "Opening 1",
        "correctCount": 7,
        "startTime": 39,
        "songDuration": 70.056,
        "songNumber": 65,
        "activePlayerCount": 206,
        "LinkVideo": "https://files.catbox.moe/uug0pu.webm",
        "LinkMp3": "https://files.catbox.moe/orf7vr.mp3",
        "annId": 2859,
        "songDifficulty": 11.804119017964975,
        "vintage": "Fall 1999"
    },
    {
        "animeEng": "Aiura",
        "animeRomaji": "Aiura",
        "songName": "Kani\u2606Do-Luck!",
        "artist": "Aiu\u2665Love",
        "type": "Opening 1",
        "correctCount": 69,
        "startTime": 10,
        "songDuration": 59.112,
        "songNumber": 66,
        "activePlayerCount": 205,
        "LinkVideo": "https://files.catbox.moe/ogxg34.webm",
        "LinkMp3": "https://files.catbox.moe/outlry.mp3",
        "annId": 15125,
        "songDifficulty": 30.57335417649835,
        "vintage": "Spring 2013"
    },
    {
        "animeEng": "Mahoutsukai Sally",
        "animeRomaji": "Mahoutsukai Sally",
        "songName": "Fushigi na Sally",
        "artist": "Hiroko Asakawa",
        "type": "Ending 1",
        "correctCount": 0,
        "startTime": 13,
        "songDuration": 73.728,
        "songNumber": 67,
        "activePlayerCount": 204,
        "LinkVideo": "https://files.catbox.moe/ci0hio.webm",
        "LinkMp3": "https://files.catbox.moe/l3iltu.mp3",
        "annId": 1695,
        "songDifficulty": 6.469857982878989,
        "vintage": "Fall 1989"
    },
    {
        "animeEng": "Ghost in the Shell",
        "animeRomaji": "Koukaku Kidoutai",
        "songName": "Making of Cyborg",
        "artist": "Kazumi Nishida, Taeko Shirai, Yoshiko Itoh",
        "type": "Opening 1",
        "correctCount": 118,
        "startTime": 75,
        "songDuration": 262.896,
        "songNumber": 68,
        "activePlayerCount": 204,
        "LinkVideo": "https://files.catbox.moe/zj2xa8.webm",
        "LinkMp3": "https://files.catbox.moe/3fwhld.mp3",
        "annId": 465,
        "songDifficulty": 34.53250522019742,
        "vintage": "Fall 1995"
    },
    {
        "animeEng": "Btooom!",
        "animeRomaji": "Btooom!",
        "songName": "Exist",
        "artist": "nano",
        "type": "Opening 2",
        "correctCount": 126,
        "startTime": 32,
        "songDuration": 89.064,
        "songNumber": 69,
        "activePlayerCount": 202,
        "LinkVideo": "https://files.catbox.moe/blqlbi.webm",
        "LinkMp3": "https://files.catbox.moe/vejjbq.mp3",
        "annId": 14418,
        "songDifficulty": 26.76180912596401,
        "vintage": "Fall 2012"
    },
    {
        "animeEng": "Fafner in the Azure",
        "animeRomaji": "Soukyuu no Fafner: Dead Aggressor",
        "songName": "Shangri-La",
        "artist": "angela",
        "type": "Opening 1",
        "correctCount": 40,
        "startTime": 26,
        "songDuration": 90.696,
        "songNumber": 70,
        "activePlayerCount": 201,
        "LinkVideo": "https://files.catbox.moe/5j32d5.webm",
        "LinkMp3": "https://files.catbox.moe/wpw3dy.mp3",
        "annId": 3870,
        "songDifficulty": 25.24455285341422,
        "vintage": "Summer 2004"
    },
    {
        "animeEng": "Ceres, Celestial Legend",
        "animeRomaji": "Ayashi no Ceres",
        "songName": "Scarlet Ver.II",
        "artist": "Junko Iwao",
        "type": "Ending 3",
        "correctCount": 7,
        "startTime": 100,
        "songDuration": 242.424,
        "songNumber": 71,
        "activePlayerCount": 198,
        "LinkVideo": "https://files.catbox.moe/pi1jp7.webm",
        "LinkMp3": "https://files.catbox.moe/66n840.mp3",
        "annId": 12,
        "songDifficulty": 10.92884151514384,
        "vintage": "Spring 2000"
    },
    {
        "animeEng": "Kuroko's Basketball",
        "animeRomaji": "Kuroko no Basuke",
        "songName": "RIMFIRE",
        "artist": "GRANRODEO",
        "type": "Opening 2",
        "correctCount": 139,
        "startTime": 13,
        "songDuration": 88.752,
        "songNumber": 72,
        "activePlayerCount": 199,
        "LinkVideo": "https://files.catbox.moe/6gfond.webm",
        "LinkMp3": "https://files.catbox.moe/2tfmna.mp3",
        "annId": 13616,
        "songDifficulty": 38.68597468134163,
        "vintage": "Spring 2012"
    },
    {
        "animeEng": "Sukisho",
        "animeRomaji": "Sukisho",
        "songName": "Daydreamin'",
        "artist": "Kishou Taniyama",
        "type": "Ending 1",
        "correctCount": 4,
        "startTime": 17,
        "songDuration": 99.048,
        "songNumber": 73,
        "activePlayerCount": 199,
        "LinkVideo": "https://files.catbox.moe/jve1cy.webm",
        "LinkMp3": "https://files.catbox.moe/qkyq3g.mp3",
        "annId": 4633,
        "songDifficulty": 10.470446134868421,
        "vintage": "Winter 2005",
        "correctPlayers": [
            "NicoIe",
            "pecku",
            "worrywdym",
            "Thaleko"
        ]
    },
    {
        "animeEng": "The Demon Girl Next Door Season 2",
        "animeRomaji": "Machikado Mazoku 2-choume",
        "songName": "Machikado Tangent",
        "artist": "shami momo",
        "type": "Insert Song",
        "correctCount": 85,
        "startTime": 53,
        "songDuration": 186.288,
        "songNumber": 74,
        "activePlayerCount": 201,
        "LinkVideo": "https://files.catbox.moe/cf5b7u.webm",
        "LinkMp3": "https://files.catbox.moe/4iaw35.mp3",
        "annId": 24476,
        "songDifficulty": 42.323425172583825,
        "vintage": "Spring 2022"
    },
    {
        "animeEng": "Air",
        "animeRomaji": "Air",
        "songName": "Tori no Uta",
        "artist": "Lia",
        "type": "Opening 1",
        "correctCount": 124,
        "startTime": 60,
        "songDuration": 117.192,
        "songNumber": 75,
        "activePlayerCount": 201,
        "LinkVideo": "https://files.catbox.moe/2ip6uc.webm",
        "LinkMp3": "https://files.catbox.moe/tcaj6a.mp3",
        "annId": 4093,
        "songDifficulty": 42.71365748539982,
        "vintage": "Winter 2005"
    },
    {
        "animeEng": "Galaxy Express 999",
        "animeRomaji": "Ginga Tetsudou 999",
        "songName": "Ginga Tetsudou 999",
        "artist": "Isao Sasaki & Suginami Jidou Gasshou-dan",
        "type": "Opening 1",
        "correctCount": 19,
        "startTime": 13,
        "songDuration": 65.592,
        "songNumber": 76,
        "activePlayerCount": 201,
        "LinkVideo": "https://files.catbox.moe/2recbd.webm",
        "LinkMp3": "https://files.catbox.moe/qkglm9.mp3",
        "annId": 1361,
        "songDifficulty": 22.330960993436754,
        "vintage": "Summer 1978"
    },
    {
        "animeEng": "Black\u2605\u2605Rock Shooter: Dawn Fall",
        "animeRomaji": "Black\u2605\u2605Rock Shooter: Dawn Fall",
        "songName": "ASEED",
        "artist": "ZAQ",
        "type": "Opening 1",
        "correctCount": 17,
        "startTime": 19,
        "songDuration": 89.688,
        "songNumber": 77,
        "activePlayerCount": 201,
        "LinkVideo": "https://files.catbox.moe/h21aoi.webm",
        "LinkMp3": "https://files.catbox.moe/8ydot9.mp3",
        "annId": 24731,
        "songDifficulty": 18.604645819083448,
        "vintage": "Spring 2022"
    },
    {
        "animeEng": "Alice in Wonderland",
        "animeRomaji": "Fushigi no Kuni no Alice",
        "songName": "Nazo Nazo Yume no Kuni",
        "artist": "TARAKO",
        "type": "Ending 1",
        "correctCount": 2,
        "startTime": 3,
        "songDuration": 58.133333,
        "songNumber": 78,
        "activePlayerCount": 201,
        "LinkVideo": "https://files.catbox.moe/95hwit.webm",
        "LinkMp3": "https://files.catbox.moe/scwhtb.mp3",
        "annId": 476,
        "songDifficulty": 13.791837332589285,
        "vintage": "Fall 1983",
        "correctPlayers": [
            "Janoxx",
            "Thaleko"
        ]
    },
    {
        "animeEng": "UFO Princess Walk\u00fcre",
        "animeRomaji": "UFO Ultramaiden Valkyrie",
        "songName": "Agape (Special Version)",
        "artist": "Melocure",
        "type": "Insert Song",
        "correctCount": 12,
        "startTime": 72,
        "songDuration": 102.72,
        "songNumber": 79,
        "activePlayerCount": 200,
        "LinkVideo": "https://files.catbox.moe/bl4yp4.webm",
        "LinkMp3": "https://files.catbox.moe/b040ju.mp3",
        "annId": 6237,
        "songDifficulty": 6.193181818181818,
        "vintage": "Fall 2006"
    },
    {
        "animeEng": "You and Me.",
        "animeRomaji": "Kimi to Boku.",
        "songName": "Koukou Sentai Homare Rangers",
        "artist": "Homare Rangers",
        "type": "Insert Song",
        "correctCount": 18,
        "startTime": 6,
        "songDuration": 40.56,
        "songNumber": 80,
        "activePlayerCount": 201,
        "LinkVideo": "https://files.catbox.moe/fbj54s.webm",
        "LinkMp3": "https://files.catbox.moe/bhjdiu.mp3",
        "annId": 12727,
        "songDifficulty": 13.482864989045764,
        "vintage": "Fall 2011"
    },
    {
        "animeEng": "WorldEnd: What are you doing at the end of the world? Are you busy? Will you save us?",
        "animeRomaji": "Shuumatsu Nani Shitemasu ka? Isogashii Desu ka? Sukutte Moratte Ii Desu ka?",
        "songName": "From",
        "artist": "TRUE",
        "type": "Ending 1",
        "correctCount": 28,
        "startTime": 13,
        "songDuration": 89.064,
        "songNumber": 81,
        "activePlayerCount": 202,
        "LinkVideo": "https://files.catbox.moe/vokei6.webm",
        "LinkMp3": "https://files.catbox.moe/v8ayvo.mp3",
        "annId": 18985,
        "songDifficulty": 16.6306747808689,
        "vintage": "Spring 2017"
    },
    {
        "animeEng": "Mobile Suit Gundam Narrative",
        "animeRomaji": "Kidou Senshi Gundam NT",
        "songName": "Vigilante <ver0.5+@>",
        "artist": "mpi,Gemie",
        "type": "Insert Song",
        "correctCount": 16,
        "startTime": 24,
        "songDuration": 89.832,
        "songNumber": 82,
        "activePlayerCount": 202,
        "LinkVideo": "https://files.catbox.moe/1qr9uw.webm",
        "LinkMp3": "https://files.catbox.moe/41r0lg.mp3",
        "annId": 20852,
        "songDifficulty": 21.308861634975063,
        "vintage": "Fall 2018"
    },
    {
        "animeEng": "Galaxy Express 999: Eternal Fantasy",
        "animeRomaji": "Ginga Tetsudou 999: Eternal Fantasy",
        "songName": "Galaxy Express 999 MOTHER",
        "artist": "Sakoto Yoshioka",
        "type": "Insert Song",
        "correctCount": 1,
        "startTime": 49,
        "songDuration": 89.16,
        "songNumber": 83,
        "activePlayerCount": 202,
        "LinkVideo": "https://files.catbox.moe/bmpf99.webm",
        "LinkMp3": "https://files.catbox.moe/33gkzz.mp3",
        "annId": 147,
        "songDifficulty": 4.182518668796705,
        "vintage": "Winter 1998",
        "correctPlayers": [
            "mrmartin"
        ]
    },
    {
        "animeEng": "Beastars",
        "animeRomaji": "Beastars",
        "songName": "Yasashii Suisei",
        "artist": "YOASOBI",
        "type": "Ending 1",
        "correctCount": 121,
        "startTime": 0,
        "songDuration": 86.976,
        "songNumber": 84,
        "activePlayerCount": 202,
        "LinkVideo": "https://files.catbox.moe/c1eusr.webm",
        "LinkMp3": "https://files.catbox.moe/v17ka9.mp3",
        "annId": 23749,
        "songDifficulty": 46.893470167295234,
        "vintage": "Winter 2021"
    },
    {
        "animeEng": "DAYS",
        "animeRomaji": "DAYS",
        "songName": "Wake We Up",
        "artist": "HOWL BE QUIET",
        "type": "Opening 1",
        "correctCount": 28,
        "startTime": 7,
        "songDuration": 88.896,
        "songNumber": 85,
        "activePlayerCount": 194,
        "LinkVideo": "https://files.catbox.moe/3s1q1b.webm",
        "LinkMp3": "https://files.catbox.moe/gt2ozy.mp3",
        "annId": 17986,
        "songDifficulty": 19.356553436317782,
        "vintage": "Summer 2016"
    }
]