[
    {
        "animeEng": "22/7 (Nanabun no Nijyuuni)",
        "animeRomaji": "22/7",
        "songName": "Kamisama ni Yubi o Sasareta Boku-tachi",
        "artist": "Moe Suzuhana & Urara Takatsuji & Aina Takeda",
        "type": "Ending 1",
        "correctCount": 12,
        "startTime": 1,
        "songDuration": 88.2,
        "songNumber": 1,
        "activePlayerCount": 152,
        "LinkVideo": "https://files.catbox.moe/v5jm81.webm",
        "LinkMp3": "https://files.catbox.moe/v8txxu.mp3",
        "annId": 23687,
        "songDifficulty": 15.671544812201315,
        "vintage": "Summer 2020"
    },
    {
        "animeEng": "Ms. Vampire who lives in my neighborhood.",
        "animeRomaji": "Tonari no Kyuuketsuki-san",
        "songName": "\u2020Kyuutie Ladies\u2020",
        "artist": "Miyu Tomita, Yuu Sasahara, Lynn, Azumi Waki",
        "type": "Opening 1",
        "correctCount": 53,
        "startTime": 1,
        "songDuration": 87.96,
        "songNumber": 2,
        "activePlayerCount": 159,
        "LinkVideo": "https://files.catbox.moe/crrpnb.webm",
        "LinkMp3": "https://files.catbox.moe/rapwom.mp3",
        "annId": 21135,
        "songDifficulty": 24.623497192725498,
        "vintage": "Fall 2018"
    },
    {
        "animeEng": "Gegege no Kitarou",
        "animeRomaji": "Gegege no Kitarou",
        "songName": "Gegege no Kitarou",
        "artist": "Kiyoshi Hikawa",
        "type": "Opening 1",
        "correctCount": 127,
        "startTime": 22,
        "songDuration": 82.392,
        "songNumber": 3,
        "activePlayerCount": 160,
        "LinkVideo": "https://files.catbox.moe/gmv8p1.webm",
        "LinkMp3": "https://files.catbox.moe/o676zs.mp3",
        "annId": 20562,
        "songDifficulty": 51.41819715142429,
        "vintage": "Spring 2018"
    },
    {
        "animeEng": "Overlord II",
        "animeRomaji": "Overlord II",
        "songName": "HYDRA",
        "artist": "MYTH & ROID",
        "type": "Ending 1",
        "correctCount": 64,
        "startTime": 24,
        "songDuration": 88.272,
        "songNumber": 4,
        "activePlayerCount": 160,
        "LinkVideo": "https://files.catbox.moe/ri49y6.webm",
        "LinkMp3": "https://files.catbox.moe/bksgmd.mp3",
        "annId": 20397,
        "songDifficulty": 28.816823311140972,
        "vintage": "Winter 2018"
    },
    {
        "animeEng": "Date A Live IV",
        "animeRomaji": "Date A Live IV",
        "songName": "S.O.S.",
        "artist": "sweet ARMS",
        "type": "Ending 1",
        "correctCount": 30,
        "startTime": 14,
        "songDuration": 89.184,
        "songNumber": 5,
        "activePlayerCount": 165,
        "LinkVideo": "https://files.catbox.moe/c7taak.webm",
        "LinkMp3": "https://files.catbox.moe/04zvoh.mp3",
        "annId": 24112,
        "songDifficulty": 28.278216756442756,
        "vintage": "Spring 2022"
    },
    {
        "animeEng": "Ame-iro Cocoa Series Ame-con!!",
        "animeRomaji": "Ame-con!!",
        "songName": "Rainy cocoa",
        "artist": "Hiro Shimono",
        "type": "Ending 1",
        "correctCount": 117,
        "startTime": 0,
        "songDuration": 29.4,
        "songNumber": 6,
        "activePlayerCount": 168,
        "LinkVideo": "https://files.catbox.moe/ns105q.webm",
        "LinkMp3": "https://files.catbox.moe/b7tjt0.mp3",
        "annId": 20054,
        "songDifficulty": 37.117595851904376,
        "vintage": "Fall 2017"
    },
    {
        "animeEng": "Himouto! Umaru-chan",
        "animeRomaji": "Himouto! Umaru-chan",
        "songName": "Kakushinteki\u2606Metamorphose!",
        "artist": "Aimi Tanaka",
        "type": "Opening 1",
        "correctCount": 140,
        "startTime": 17,
        "songDuration": 88.032,
        "songNumber": 7,
        "activePlayerCount": 171,
        "LinkVideo": "https://files.catbox.moe/k8gn13.webm",
        "LinkMp3": "https://files.catbox.moe/cqvs1w.mp3",
        "annId": 16845,
        "songDifficulty": 51.54435168275502,
        "vintage": "Summer 2015"
    },
    {
        "animeEng": "Death March to The Parallel World Rhapsody",
        "animeRomaji": "Death March kara Hajimaru Isekai Kyousoukyoku",
        "songName": "Slide Ride",
        "artist": "Run Girls, Run!",
        "type": "Opening 1",
        "correctCount": 66,
        "startTime": 54,
        "songDuration": 88.344,
        "songNumber": 8,
        "activePlayerCount": 173,
        "LinkVideo": "https://files.catbox.moe/da8s5g.webm",
        "LinkMp3": "https://files.catbox.moe/8z4t2k.mp3",
        "annId": 19996,
        "songDifficulty": 19.645991582439386,
        "vintage": "Winter 2018"
    },
    {
        "animeEng": "Gleipnir",
        "animeRomaji": "Gleipnir",
        "songName": "Ame to Taieki to Nioi",
        "artist": "Mili",
        "type": "Ending 1",
        "correctCount": 37,
        "startTime": 45,
        "songDuration": 86.928,
        "songNumber": 9,
        "activePlayerCount": 174,
        "LinkVideo": "https://files.catbox.moe/85wuh2.webm",
        "LinkMp3": "https://files.catbox.moe/39mk0l.mp3",
        "annId": 21888,
        "songDifficulty": 20.212915403862418,
        "vintage": "Spring 2020"
    },
    {
        "animeEng": "Onsen Yousei Hakone-chan",
        "animeRomaji": "Onsen Yousei Hakone-chan",
        "songName": "Hakone Hakoiri Musume",
        "artist": "petit milady",
        "type": "Opening 1",
        "correctCount": 48,
        "startTime": 0,
        "songDuration": 28.752,
        "songNumber": 10,
        "activePlayerCount": 174,
        "LinkVideo": "https://files.catbox.moe/75xxy4.webm",
        "LinkMp3": "https://files.catbox.moe/usyhc7.mp3",
        "annId": 17255,
        "songDifficulty": 20.498361583859456,
        "vintage": "Fall 2015"
    },
    {
        "animeEng": "Sarazanmai",
        "animeRomaji": "Sarazanmai",
        "songName": "Sarazanmai no Uta",
        "artist": "Ayumu Murase, Kouki Uchiyama, Shun Horie, Junichi Suwabe",
        "type": "Insert Song",
        "correctCount": 32,
        "startTime": 15,
        "songDuration": 92.256,
        "songNumber": 11,
        "activePlayerCount": 176,
        "LinkVideo": "https://files.catbox.moe/ivfct1.webm",
        "LinkMp3": "https://files.catbox.moe/hsyu8u.mp3",
        "annId": 21544,
        "songDifficulty": 29.07026348334942,
        "vintage": "Spring 2019"
    },
    {
        "animeEng": "Magical Idol Pastel Yumi",
        "animeRomaji": "Mahou no Idol Pastel Yumi",
        "songName": "Freesia no Shounen",
        "artist": "Mariko Shiga",
        "type": "Ending 1",
        "correctCount": 2,
        "startTime": 26,
        "songDuration": 93.048,
        "songNumber": 12,
        "activePlayerCount": 176,
        "LinkVideo": "https://files.catbox.moe/wd6dcu.webm",
        "LinkMp3": "https://files.catbox.moe/r121y5.mp3",
        "annId": 1691,
        "songDifficulty": 6.502473112824675,
        "vintage": "Winter 1986",
        "correctPlayers": [
            "AKl",
            "munyamunya"
        ]
    },
    {
        "animeEng": "The Seven Deadly Sins",
        "animeRomaji": "Nanatsu no Taizai",
        "songName": "Seven Deadly Sins",
        "artist": "MAN WITH A MISSION",
        "type": "Opening 1",
        "correctCount": 135,
        "startTime": 9,
        "songDuration": 89.424,
        "songNumber": 13,
        "activePlayerCount": 176,
        "LinkVideo": "https://files.catbox.moe/5nha2a.webm",
        "LinkMp3": "https://files.catbox.moe/wuk6kl.mp3",
        "annId": 16867,
        "songDifficulty": 44.52649979023913,
        "vintage": "Spring 2015"
    },
    {
        "animeEng": "Noragami",
        "animeRomaji": "Noragami",
        "songName": "Goya no Machiawase",
        "artist": "Hello Sleepwalkers",
        "type": "Opening 1",
        "correctCount": 155,
        "startTime": 17,
        "songDuration": 89.568,
        "songNumber": 14,
        "activePlayerCount": 177,
        "LinkVideo": "https://files.catbox.moe/cnduhh.webm",
        "LinkMp3": "https://files.catbox.moe/4xappz.mp3",
        "annId": 15837,
        "songDifficulty": 58.662411586129195,
        "vintage": "Winter 2014"
    },
    {
        "animeEng": "In the Heart of Kunoichi Tsubaki",
        "animeRomaji": "Kunoichi Tsubaki no Mune no Uchi",
        "songName": "Akane-gumi Katsudou Nisshi ~Inoshishi-han~",
        "artist": "Natsumi Kawaida, Makoto Koichi, Rio Tsuchiya",
        "type": "Ending 8",
        "correctCount": 5,
        "startTime": 17,
        "songDuration": 87.74,
        "songNumber": 15,
        "activePlayerCount": 177,
        "LinkVideo": "https://files.catbox.moe/tnqhlu.webm",
        "annId": 24956,
        "songDifficulty": 23.211380525914635,
        "vintage": "Spring 2022",
        "correctPlayers": [
            "revel_",
            "UImoetard",
            "Lumint",
            "thenoobster",
            "Tyoshi99"
        ]
    },
    {
        "animeEng": "That Time I Got Reincarnated as a Slime",
        "animeRomaji": "Tensei Shitara Slime Datta Ken",
        "songName": "Nameless Story",
        "artist": "Takuma Terashima",
        "type": "Opening 1",
        "correctCount": 124,
        "startTime": 36,
        "songDuration": 89.568,
        "songNumber": 16,
        "activePlayerCount": 177,
        "LinkVideo": "https://files.catbox.moe/f8ybbl.webm",
        "LinkMp3": "https://files.catbox.moe/nd0l6m.mp3",
        "annId": 20736,
        "songDifficulty": 42.6960675158101,
        "vintage": "Fall 2018"
    },
    {
        "animeEng": "The Princess and the Moon",
        "animeRomaji": "Otsuki-sama to Oujo",
        "songName": "Otsuki-sama no Negai",
        "artist": "Kazuko Kawashima",
        "type": "Ending 1",
        "correctCount": 0,
        "startTime": 26,
        "songDuration": 86.544,
        "songNumber": 17,
        "activePlayerCount": 178,
        "LinkVideo": "https://files.catbox.moe/jeymwx.webm",
        "LinkMp3": "https://files.catbox.moe/9lk5pd.mp3",
        "annId": 19955,
        "songDifficulty": 17.916668701171876,
        "vintage": "Summer 1983"
    },
    {
        "animeEng": "Gintama'",
        "animeRomaji": "Gintama'",
        "songName": "Tobe! Gundam",
        "artist": "Koh Ikeda",
        "type": "Insert Song",
        "correctCount": 87,
        "startTime": 20,
        "songDuration": 49.152,
        "songNumber": 18,
        "activePlayerCount": 179,
        "LinkVideo": "https://files.catbox.moe/odnrrh.webm",
        "LinkMp3": "https://files.catbox.moe/x1ytqd.mp3",
        "annId": 12835,
        "songDifficulty": 34.73206566488267,
        "vintage": "Spring 2011"
    },
    {
        "animeEng": "Gegege no Kitarou: Youkai Tokkyuu! Maboroshi no Kisha",
        "animeRomaji": "Gegege no Kitarou: Youkai Tokkyuu! Maboroshi no Kisha",
        "songName": "Gegege no Kitarou",
        "artist": "Ukadan",
        "type": "Opening 1",
        "correctCount": 166,
        "startTime": 28,
        "songDuration": 93.216,
        "songNumber": 19,
        "activePlayerCount": 179,
        "LinkVideo": "https://files.catbox.moe/6lun25.webm",
        "LinkMp3": "https://files.catbox.moe/rmnenj.mp3",
        "annId": 3700,
        "songDifficulty": 59.64031398745132,
        "vintage": "Summer 1997"
    },
    {
        "animeEng": "Afro Samurai",
        "animeRomaji": "Afro Samurai",
        "songName": "THE WALK",
        "artist": "Stone Mecca",
        "type": "Insert Song",
        "correctCount": 13,
        "startTime": 51,
        "songDuration": 88.224,
        "songNumber": 20,
        "activePlayerCount": 179,
        "LinkVideo": "https://files.catbox.moe/ry6zfb.webm",
        "LinkMp3": "https://files.catbox.moe/s711s6.mp3",
        "annId": 5275,
        "songDifficulty": 17.96433927311221,
        "vintage": "Winter 2007"
    },
    {
        "animeEng": "Persona 4 The Animation",
        "animeRomaji": "Persona 4 The Animation",
        "songName": "Reach Out To The Truth",
        "artist": "Shihoko Hirata",
        "type": "Insert Song",
        "correctCount": 80,
        "startTime": 42,
        "songDuration": 89.256,
        "songNumber": 21,
        "activePlayerCount": 180,
        "LinkVideo": "https://files.catbox.moe/40kxus.webm",
        "LinkMp3": "https://files.catbox.moe/l65w8l.mp3",
        "annId": 12870,
        "songDifficulty": 54.491990605310534,
        "vintage": "Fall 2011"
    },
    {
        "animeEng": "Kamiari Algorithm",
        "animeRomaji": "Kamiari Algorithm",
        "songName": "Kamiari Algorithm",
        "artist": "Masayoshi Ooishi (feat.Riria.)",
        "type": "Insert Song",
        "correctCount": 24,
        "startTime": 100,
        "songDuration": 214.944,
        "songNumber": 22,
        "activePlayerCount": 182,
        "LinkVideo": "https://files.catbox.moe/bfibwl.webm",
        "LinkMp3": "https://files.catbox.moe/vr0k18.mp3",
        "annId": 24579,
        "songDifficulty": 15.699540643328445,
        "vintage": "Winter 2021"
    },
    {
        "animeEng": "Kirby: Right Back At Ya!",
        "animeRomaji": "Hoshi no Kirby",
        "songName": "Kihon wa Maru",
        "artist": "Shanchii",
        "type": "Ending 1",
        "correctCount": 18,
        "startTime": 25,
        "songDuration": 89.52,
        "songNumber": 23,
        "activePlayerCount": 182,
        "LinkVideo": "https://files.catbox.moe/lqbsxt.webm",
        "LinkMp3": "https://files.catbox.moe/85o24u.mp3",
        "annId": 1394,
        "songDifficulty": 21.33819611900417,
        "vintage": "Fall 2001"
    },
    {
        "animeEng": "The Thousand Musketeers",
        "animeRomaji": "Senjuushi",
        "songName": "Star\u2605\u2606Light",
        "artist": "Yuusuke Shirai",
        "type": "Insert Song",
        "correctCount": 1,
        "startTime": 43,
        "songDuration": 77.76,
        "songNumber": 24,
        "activePlayerCount": 181,
        "LinkVideo": "https://files.catbox.moe/5jyg1l.webm",
        "LinkMp3": "https://files.catbox.moe/a5tchu.mp3",
        "annId": 20803,
        "songDifficulty": 10.161616654829546,
        "vintage": "Summer 2018",
        "correctPlayers": [
            "bamboo"
        ]
    },
    {
        "animeEng": "Welcome to Irabu's Office",
        "animeRomaji": "Kuuchuu Buranko",
        "songName": "Upside Down",
        "artist": "Denki Groove",
        "type": "Opening 1",
        "correctCount": 42,
        "startTime": 33,
        "songDuration": 78.24,
        "songNumber": 25,
        "activePlayerCount": 183,
        "LinkVideo": "https://files.catbox.moe/kvmli6.webm",
        "LinkMp3": "https://files.catbox.moe/o6dnwo.mp3",
        "annId": 10953,
        "songDifficulty": 21.48436885487677,
        "vintage": "Fall 2009"
    },
    {
        "animeEng": "Log Horizon",
        "animeRomaji": "Log Horizon",
        "songName": "Your song*",
        "artist": "Yun*chi",
        "type": "Ending 1",
        "correctCount": 107,
        "startTime": 14,
        "songDuration": 90.24,
        "songNumber": 26,
        "activePlayerCount": 183,
        "LinkVideo": "https://files.catbox.moe/w9h0is.webm",
        "LinkMp3": "https://files.catbox.moe/3v791x.mp3",
        "annId": 15118,
        "songDifficulty": 33.26263952182815,
        "vintage": "Fall 2013"
    },
    {
        "animeEng": "TsukiPro the Animation 2",
        "animeRomaji": "TsukiPro the Animation 2",
        "songName": "Gonna Be Alright",
        "artist": "SOARA",
        "type": "Opening 2",
        "correctCount": 4,
        "startTime": 35,
        "songDuration": 89.112,
        "songNumber": 27,
        "activePlayerCount": 182,
        "LinkVideo": "https://files.catbox.moe/d972sh.webm",
        "LinkMp3": "https://files.catbox.moe/6n62ku.mp3",
        "annId": 23476,
        "songDifficulty": 19.727768331614847,
        "vintage": "Summer 2021",
        "correctPlayers": [
            "Rukawa11",
            "UImoetard",
            "Ataraxia",
            "ArronChu"
        ]
    },
    {
        "animeEng": "The Voyages of Doctor Dolittle",
        "animeRomaji": "Dolittle-sensei Monogatari",
        "songName": "Dolittle-sensei no Uta",
        "artist": "Jun Ichikawa\u30fbAiko Saitou",
        "type": "Opening 1",
        "correctCount": 19,
        "startTime": 35,
        "songDuration": 120.696,
        "songNumber": 28,
        "activePlayerCount": 183,
        "LinkVideo": "https://files.catbox.moe/twcb15.webm",
        "LinkMp3": "https://files.catbox.moe/uv06rm.mp3",
        "annId": 23100,
        "songDifficulty": 14.493795389524648,
        "vintage": "Fall 1997"
    },
    {
        "animeEng": "Devilman",
        "animeRomaji": "Devilman",
        "songName": "Devilman no Uta",
        "artist": "Keizo Toda",
        "type": "Opening 1",
        "correctCount": 145,
        "startTime": 16,
        "songDuration": 87.816,
        "songNumber": 29,
        "activePlayerCount": 184,
        "LinkVideo": "https://files.catbox.moe/l42gim.webm",
        "LinkMp3": "https://files.catbox.moe/adydk1.mp3",
        "annId": 578,
        "songDifficulty": 45.002918956043956,
        "vintage": "Summer 1972"
    },
    {
        "animeEng": "Vividred Operation",
        "animeRomaji": "Vividred Operation",
        "songName": "Energy",
        "artist": "earthmind",
        "type": "Opening 1",
        "correctCount": 17,
        "startTime": 27,
        "songDuration": 90.072,
        "songNumber": 30,
        "activePlayerCount": 184,
        "LinkVideo": "https://files.catbox.moe/alhfcv.webm",
        "LinkMp3": "https://files.catbox.moe/yl7ch0.mp3",
        "annId": 14723,
        "songDifficulty": 17.060638584898516,
        "vintage": "Winter 2013"
    },
    {
        "animeEng": "Mikan Enikki",
        "animeRomaji": "Mikan Enikki",
        "songName": "Ojii-san e no Otegami",
        "artist": "TARAKO",
        "type": "Ending 1",
        "correctCount": 1,
        "startTime": 11,
        "songDuration": 81.336,
        "songNumber": 31,
        "activePlayerCount": 185,
        "LinkVideo": "https://files.catbox.moe/lz4wxe.webm",
        "LinkMp3": "https://files.catbox.moe/6dm4w3.mp3",
        "annId": 1946,
        "songDifficulty": 3.7512148902529763,
        "vintage": "Fall 1992",
        "correctPlayers": [
            "Anwonu"
        ]
    },
    {
        "animeEng": "Love Live! Sunshine!!",
        "animeRomaji": "Love Live! School Idol Project Sunshine!!",
        "songName": "Yuuki wa Doko ni? Kimi no Mune ni!",
        "artist": "Nanaka Suwa, Arisa Komiya, Aina Suzuki",
        "type": "Ending 6",
        "correctCount": 88,
        "startTime": 29,
        "songDuration": 99.185234,
        "songNumber": 32,
        "activePlayerCount": 185,
        "LinkVideo": "https://files.catbox.moe/h79hfa.webm",
        "LinkMp3": "https://files.catbox.moe/bitujy.mp3",
        "annId": 20000,
        "songDifficulty": 46.07054394098437,
        "vintage": "Fall 2017"
    },
    {
        "animeEng": "Steins;Gate",
        "animeRomaji": "Steins;Gate",
        "songName": "Sky Clad no Kansokusha",
        "artist": "Kanako Itou",
        "type": "Ending 2",
        "correctCount": 132,
        "startTime": 37,
        "songDuration": 173.664,
        "songNumber": 33,
        "activePlayerCount": 186,
        "LinkVideo": "https://files.catbox.moe/etwejy.webm",
        "LinkMp3": "https://files.catbox.moe/omqt8m.mp3",
        "annId": 11770,
        "songDifficulty": 54.360601214244966,
        "vintage": "Spring 2011"
    },
    {
        "animeEng": "All Purpose Cultural Cat Girl Nuku Nuku DASH!",
        "animeRomaji": "Bannou Bunka Neko-Musume DASH!",
        "songName": "A House Cat",
        "artist": "Megumi Hayashibara",
        "type": "Opening 1",
        "correctCount": 6,
        "startTime": 16,
        "songDuration": 92.184,
        "songNumber": 34,
        "activePlayerCount": 186,
        "LinkVideo": "https://files.catbox.moe/o6voab.webm",
        "LinkMp3": "https://files.catbox.moe/zh1h9y.mp3",
        "annId": 558,
        "songDifficulty": 8.87758420548349,
        "vintage": "Summer 1998"
    },
    {
        "animeEng": "Naruto",
        "animeRomaji": "Naruto",
        "songName": "R\u2605O\u2605C\u2605K\u2605S",
        "artist": "HOUND DOG",
        "type": "Opening 1",
        "correctCount": 85,
        "startTime": 8,
        "songDuration": 88.104,
        "songNumber": 35,
        "activePlayerCount": 187,
        "LinkVideo": "https://files.catbox.moe/v65efq.webm",
        "LinkMp3": "https://files.catbox.moe/rn7ptl.mp3",
        "annId": 1825,
        "songDifficulty": 45.84553535757092,
        "vintage": "Fall 2002"
    },
    {
        "animeEng": "Tonagura!",
        "animeRomaji": "Tona-Gura!",
        "songName": "Aitai Kimochi kara ~Placid time~",
        "artist": "Akemi Kanda\u30fbSayaka Ohara",
        "type": "Ending 1",
        "correctCount": 4,
        "startTime": 38,
        "songDuration": 83.952,
        "songNumber": 36,
        "activePlayerCount": 185,
        "LinkVideo": "https://files.catbox.moe/73hp81.webm",
        "LinkMp3": "https://files.catbox.moe/vv4wl4.mp3",
        "annId": 6676,
        "songDifficulty": 5.836093119438121,
        "vintage": "Summer 2006",
        "correctPlayers": [
            "EruisKawaii",
            "AKl",
            "asleep",
            "thenoobster"
        ]
    },
    {
        "animeEng": "Shimajirou to Fufu no Daibouken: Sukue! Nana-iro no Hana",
        "animeRomaji": "Shimajirou to Fufu no Daibouken: Sukue! Nana-iro no Hana",
        "songName": "Ayumi",
        "artist": "Kimaguren",
        "type": "Insert Song",
        "correctCount": 5,
        "startTime": 99,
        "songDuration": 290.976,
        "songNumber": 37,
        "activePlayerCount": 184,
        "LinkVideo": "https://files.catbox.moe/zogsvn.webm",
        "LinkMp3": "https://files.catbox.moe/u4ap7a.mp3",
        "annId": 14872,
        "songDifficulty": 2.6040585266811913,
        "vintage": "Winter 2013",
        "correctPlayers": [
            "Renegado",
            "PoolNoodle",
            "Nippah",
            "asleep",
            "thenoobster"
        ]
    },
    {
        "animeEng": "Kabaneri of the Iron Fortress: The Battle of Unato",
        "animeRomaji": "Koutetsujou no Kabaneri: Unato Kessen",
        "songName": "ninelie",
        "artist": "Aimer with chelly(EGOIST)",
        "type": "Ending 1",
        "correctCount": 82,
        "startTime": 1,
        "songDuration": 89.064,
        "songNumber": 38,
        "activePlayerCount": 184,
        "LinkVideo": "https://files.catbox.moe/ufe6xx.webm",
        "LinkMp3": "https://files.catbox.moe/co2r4r.mp3",
        "annId": 21512,
        "songDifficulty": 43.597216796875,
        "vintage": "Spring 2019"
    },
    {
        "animeEng": "One Piece",
        "animeRomaji": "One Piece",
        "songName": "Jungle P",
        "artist": "5050",
        "type": "Opening 9",
        "correctCount": 124,
        "startTime": 115,
        "songDuration": 150,
        "songNumber": 39,
        "activePlayerCount": 185,
        "LinkVideo": "https://files.catbox.moe/dh2ojv.webm",
        "LinkMp3": "https://files.catbox.moe/xczzev.mp3",
        "annId": 836,
        "songDifficulty": 45.026091869972745,
        "vintage": "Fall 1999"
    },
    {
        "animeEng": "Duel Masters Cross",
        "animeRomaji": "Duel Masters Cross",
        "songName": "Kokoro Cross!",
        "artist": "lovebites",
        "type": "Opening 1",
        "correctCount": 78,
        "startTime": 0,
        "songDuration": 39.96,
        "songNumber": 40,
        "activePlayerCount": 185,
        "LinkVideo": "https://files.catbox.moe/j7mfxp.webm",
        "LinkMp3": "https://files.catbox.moe/msoffe.mp3",
        "annId": 11492,
        "songDifficulty": 24.439245890516183,
        "vintage": "Spring 2008"
    },
    {
        "animeEng": "Cobra The Animation: The Psychogun",
        "animeRomaji": "Cobra The Animation: The Psychogun",
        "songName": "Wanderer",
        "artist": "Shigeru Matsuzaki",
        "type": "Ending 1",
        "correctCount": 5,
        "startTime": 7,
        "songDuration": 89.304,
        "songNumber": 41,
        "activePlayerCount": 184,
        "LinkVideo": "https://files.catbox.moe/cpwoze.webm",
        "LinkMp3": "https://files.catbox.moe/ljuxd2.mp3",
        "annId": 9202,
        "songDifficulty": 4.840020552089893,
        "vintage": "Summer 2008",
        "correctPlayers": [
            "AKl",
            "Renegado",
            "asleep",
            "bamboo",
            "thenoobster"
        ]
    },
    {
        "animeEng": "Shoujo\u2606Kageki Revue Starlight: Rondo Rondo Rondo",
        "animeRomaji": "Shoujo\u2606Kageki Revue Starlight: Rondo Rondo Rondo",
        "songName": "Sekai o Hai ni Suru made (movie ver.)",
        "artist": "Momoyo Koyama, Suzuko Mimori, Hinata Satou",
        "type": "Insert Song",
        "correctCount": 37,
        "startTime": 169,
        "songDuration": 204.672,
        "songNumber": 42,
        "activePlayerCount": 185,
        "LinkVideo": "https://files.catbox.moe/ha2612.webm",
        "LinkMp3": "https://files.catbox.moe/o67p4q.mp3",
        "annId": 22992,
        "songDifficulty": 31.15662507896399,
        "vintage": "Spring 2020"
    },
    {
        "animeEng": "Initial D: Fourth Stage",
        "animeRomaji": "Initial D: Fourth Stage",
        "songName": "LET'S GO, COME ON",
        "artist": "MANUEL",
        "type": "Insert Song",
        "correctCount": 44,
        "startTime": 70,
        "songDuration": 139.944,
        "songNumber": 43,
        "activePlayerCount": 186,
        "LinkVideo": "https://files.catbox.moe/tlh59w.webm",
        "LinkMp3": "https://files.catbox.moe/sjrz04.mp3",
        "annId": 3396,
        "songDifficulty": 23.92139474843383,
        "vintage": "Spring 2004"
    },
    {
        "animeEng": "Daitarn 3",
        "animeRomaji": "Muteki Koujin Daitarn 3",
        "songName": "Come Here! Daitarn 3",
        "artist": "Makoto Fujiwara",
        "type": "Opening 1",
        "correctCount": 119,
        "startTime": 2,
        "songDuration": 87.456456,
        "songNumber": 44,
        "activePlayerCount": 187,
        "LinkVideo": "https://files.catbox.moe/v5963j.webm",
        "LinkMp3": "https://files.catbox.moe/sd8nbk.mp3",
        "annId": 1297,
        "songDifficulty": 29.601993548706442,
        "vintage": "Spring 1978"
    },
    {
        "animeEng": "Piacevole",
        "animeRomaji": "Piace: Watashi no Italian",
        "songName": "Honjitsu no Tobikiri Buono",
        "artist": "Honjitsu no Chef",
        "type": "Ending 1",
        "correctCount": 38,
        "startTime": 0,
        "songDuration": 29.472,
        "songNumber": 45,
        "activePlayerCount": 187,
        "LinkVideo": "https://files.catbox.moe/emz47u.webm",
        "LinkMp3": "https://files.catbox.moe/d2ni9d.mp3",
        "annId": 18791,
        "songDifficulty": 16.742595869632858,
        "vintage": "Winter 2017"
    },
    {
        "animeEng": "Rozen Maiden",
        "animeRomaji": "Rozen Maiden",
        "songName": "Kinjirareta Asobi",
        "artist": "ALI PROJECT",
        "type": "Opening 1",
        "correctCount": 67,
        "startTime": 22,
        "songDuration": 90.878438,
        "songNumber": 46,
        "activePlayerCount": 189,
        "LinkVideo": "https://files.catbox.moe/tbhs94.webm",
        "LinkMp3": "https://files.catbox.moe/6n0tie.mp3",
        "annId": 4463,
        "songDifficulty": 33.811255977286315,
        "vintage": "Fall 2004"
    },
    {
        "animeEng": "From Up On Poppy Hill",
        "animeRomaji": "Coquelicot-zaka kara",
        "songName": "Sayonara no Natsu ~Coquelicot-zaka kara~",
        "artist": "Aoi Teshima",
        "type": "Ending 1",
        "correctCount": 12,
        "startTime": 61,
        "songDuration": 234.384,
        "songNumber": 47,
        "activePlayerCount": 192,
        "LinkVideo": "https://files.catbox.moe/w0t9yb.webm",
        "LinkMp3": "https://files.catbox.moe/959oo1.mp3",
        "annId": 12307,
        "songDifficulty": 14.57693142361111,
        "vintage": "Summer 2011"
    },
    {
        "animeEng": "Nodame Cantabile: Paris",
        "animeRomaji": "Nodame Cantabile Pari-hen",
        "songName": "Sky High",
        "artist": "The Gospellers",
        "type": "Opening 1",
        "correctCount": 42,
        "startTime": 19,
        "songDuration": 79.464,
        "songNumber": 48,
        "activePlayerCount": 192,
        "LinkVideo": "https://files.catbox.moe/341n0b.webm",
        "LinkMp3": "https://files.catbox.moe/uqk11t.mp3",
        "annId": 9859,
        "songDifficulty": 18.366991234756096,
        "vintage": "Fall 2008"
    },
    {
        "animeEng": "MFKZ",
        "animeRomaji": "Mutafukaz",
        "songName": "DE LA CALLE MUTAFUKA'",
        "artist": "Jon de Jon",
        "type": "Insert Song",
        "correctCount": 108,
        "startTime": 17,
        "songDuration": 57.168,
        "songNumber": 49,
        "activePlayerCount": 191,
        "LinkVideo": "https://files.catbox.moe/vwb02d.webm",
        "LinkMp3": "https://files.catbox.moe/3k677t.mp3",
        "annId": 22356,
        "songDifficulty": 38.98178292698658,
        "vintage": "Spring 2017"
    },
    {
        "animeEng": "Dragon Ball Z: Battle of Gods",
        "animeRomaji": "Dragon Ball Z: Kami to Kami",
        "songName": "CHA-LA HEAD-CHA-LA",
        "artist": "FLOW",
        "type": "Ending 1",
        "correctCount": 92,
        "startTime": 42,
        "songDuration": 196.071732,
        "songNumber": 50,
        "activePlayerCount": 190,
        "LinkVideo": "https://files.catbox.moe/ak3326.webm",
        "LinkMp3": "https://files.catbox.moe/w4eh31.mp3",
        "annId": 14887,
        "songDifficulty": 25.844386873920552,
        "vintage": "Winter 2013"
    },
    {
        "animeEng": "Triangle Heart: Sweet Songs Forever",
        "animeRomaji": "Triangle Heart: Sweet Songs Forever",
        "songName": "My Gentle Days",
        "artist": "KOTOKO",
        "type": "Insert Song",
        "correctCount": 15,
        "startTime": 45,
        "songDuration": 75.36,
        "songNumber": 51,
        "activePlayerCount": 191,
        "LinkVideo": "https://files.catbox.moe/c0kw6w.webm",
        "LinkMp3": "https://files.catbox.moe/e1o6gl.mp3",
        "annId": 2648,
        "songDifficulty": 13.78897025142508,
        "vintage": "Summer 2003"
    },
    {
        "animeEng": "Atashin'chi",
        "animeRomaji": "Atashin'chi",
        "songName": "Saraba",
        "artist": "Kumiko Watanabe & Fumiko Orikasa",
        "type": "Opening 1",
        "correctCount": 18,
        "startTime": 10,
        "songDuration": 68.232,
        "songNumber": 52,
        "activePlayerCount": 192,
        "LinkVideo": "https://files.catbox.moe/ladww0.webm",
        "LinkMp3": "https://files.catbox.moe/dr3xjn.mp3",
        "annId": 4950,
        "songDifficulty": 15.956429194478156,
        "vintage": "Fall 2003"
    },
    {
        "animeEng": "Kakushigoto: Himegoto wa Nan Desu ka",
        "animeRomaji": "Kakushigoto: Himegoto wa Nan Desu ka",
        "songName": "Chiisana Hibi",
        "artist": "flumpool",
        "type": "Insert Song",
        "correctCount": 110,
        "startTime": 30,
        "songDuration": 93.552,
        "songNumber": 53,
        "activePlayerCount": 193,
        "LinkVideo": "https://files.catbox.moe/76gx2m.webm",
        "LinkMp3": "https://files.catbox.moe/0z0kg5.mp3",
        "annId": 24236,
        "songDifficulty": 40.34758884275237,
        "vintage": "Summer 2021"
    },
    {
        "animeEng": "Encouragement of Climb Season 2",
        "animeRomaji": "Yama no Susume Second Season",
        "songName": "Staccato Days",
        "artist": "Yuka Iguchi & Kana Asumi",
        "type": "Ending 2",
        "correctCount": 82,
        "startTime": 30,
        "songDuration": 87.072,
        "songNumber": 54,
        "activePlayerCount": 191,
        "LinkVideo": "https://files.catbox.moe/r23amv.webm",
        "LinkMp3": "https://files.catbox.moe/pdi96x.mp3",
        "annId": 15813,
        "songDifficulty": 30.050415504218837,
        "vintage": "Summer 2014"
    },
    {
        "animeEng": "Trinity Seven: Heavens Library & Crimson Lord",
        "animeRomaji": "Gekijouban Trinity Seven: Tenkuu Toshokan to Shinku no Maou",
        "songName": "ConTrast\u21d4Trust",
        "artist": "Lightning Shadows",
        "type": "Insert Song",
        "correctCount": 20,
        "startTime": 4,
        "songDuration": 81.816,
        "songNumber": 55,
        "activePlayerCount": 191,
        "LinkVideo": "https://files.catbox.moe/5h6pko.webm",
        "LinkMp3": "https://files.catbox.moe/tt8915.mp3",
        "annId": 21599,
        "songDifficulty": 18.45517376077586,
        "vintage": "Winter 2019"
    },
    {
        "animeEng": "Knight's & Magic",
        "animeRomaji": "Knight's & Magic",
        "songName": "Hello!My World!!",
        "artist": "fh\u00e1na",
        "type": "Opening 1",
        "correctCount": 81,
        "startTime": 52,
        "songDuration": 88.92,
        "songNumber": 56,
        "activePlayerCount": 191,
        "LinkVideo": "https://files.catbox.moe/cnjl5t.webm",
        "LinkMp3": "https://files.catbox.moe/8ixdoz.mp3",
        "annId": 19362,
        "songDifficulty": 22.92830009101403,
        "vintage": "Summer 2017"
    },
    {
        "animeEng": "Two Car",
        "animeRomaji": "Two Car",
        "songName": "Feel your breath",
        "artist": "Void_Chords ft. Aimi Tanaka & Aoi Koga",
        "type": "Insert Song",
        "correctCount": 17,
        "startTime": 64,
        "songDuration": 181.391168,
        "songNumber": 57,
        "activePlayerCount": 192,
        "LinkVideo": "https://files.catbox.moe/jeegcb.webm",
        "LinkMp3": "https://files.catbox.moe/w0buf2.mp3",
        "annId": 19974,
        "songDifficulty": 13.194357548841632,
        "vintage": "Fall 2017"
    },
    {
        "animeEng": "Earthian",
        "animeRomaji": "Earthian",
        "songName": "Mother~for the Earthian",
        "artist": "MILK",
        "type": "Ending 1",
        "correctCount": 1,
        "startTime": 105,
        "songDuration": 136.147864,
        "songNumber": 58,
        "activePlayerCount": 191,
        "LinkVideo": "https://files.catbox.moe/8m9k4t.webm",
        "LinkMp3": "https://files.catbox.moe/0uqgx4.mp3",
        "annId": 142,
        "songDifficulty": 5.342018748727606,
        "vintage": "Summer 1989",
        "correctPlayers": [
            "Jlin2"
        ]
    },
    {
        "animeEng": "Fate/stay night: Unlimited Blade Works",
        "animeRomaji": "Fate/stay night: Unlimited Blade Works",
        "songName": "LAST STARDUST",
        "artist": "Aimer",
        "type": "Insert Song",
        "correctCount": 74,
        "startTime": 163,
        "songDuration": 245.856,
        "songNumber": 59,
        "activePlayerCount": 191,
        "LinkVideo": "https://files.catbox.moe/4qbawa.webm",
        "LinkMp3": "https://files.catbox.moe/4uj8yl.mp3",
        "annId": 16825,
        "songDifficulty": 36.468098958333336,
        "vintage": "Spring 2015"
    },
    {
        "animeEng": "Dirty Pair: Flight 005 Conspiracy",
        "animeRomaji": "Dirty Pair: Bouryaku no 005-bin",
        "songName": "Jealous Eyes",
        "artist": "Youko Yamauchi",
        "type": "Insert Song",
        "correctCount": 15,
        "startTime": 9,
        "songDuration": 151.08,
        "songNumber": 60,
        "activePlayerCount": 191,
        "LinkVideo": "https://files.catbox.moe/imqfl3.webm",
        "LinkMp3": "https://files.catbox.moe/d3l0wu.mp3",
        "annId": 594,
        "songDifficulty": 5.1152890771851505,
        "vintage": "Winter 1990"
    },
    {
        "animeEng": "Re:Zero: Starting Life in Another World",
        "animeRomaji": "Re:Zero kara Hajimeru Isekai Seikatsu",
        "songName": "Realize",
        "artist": "Konomi Suzuki",
        "type": "Opening 1",
        "correctCount": 143,
        "startTime": 16,
        "songDuration": 88.056,
        "songNumber": 61,
        "activePlayerCount": 190,
        "LinkVideo": "https://files.catbox.moe/b3o2ky.webm",
        "LinkMp3": "https://files.catbox.moe/k5vt7c.mp3",
        "annId": 22005,
        "songDifficulty": 42.5938762285344,
        "vintage": "Summer 2020"
    },
    {
        "animeEng": "Bobby's Girl",
        "animeRomaji": "Bobby ni Kubittake",
        "songName": "Bobby's Girl",
        "artist": "Mayumi Shimizu",
        "type": "Ending 1",
        "correctCount": 32,
        "startTime": 13,
        "songDuration": 132.048,
        "songNumber": 62,
        "activePlayerCount": 189,
        "LinkVideo": "https://files.catbox.moe/24jasz.webm",
        "LinkMp3": "https://files.catbox.moe/ivqubi.mp3",
        "annId": 5339,
        "songDifficulty": 25.706708812584573,
        "vintage": "Winter 1985"
    },
    {
        "animeEng": "pet",
        "animeRomaji": "pet",
        "songName": "Chou no Tobu Suisou",
        "artist": "TK from Ling Tosite Sigure",
        "type": "Opening 1",
        "correctCount": 61,
        "startTime": 53,
        "songDuration": 89.112,
        "songNumber": 63,
        "activePlayerCount": 189,
        "LinkVideo": "https://files.catbox.moe/xp9bhw.webm",
        "LinkMp3": "https://files.catbox.moe/78b9xw.mp3",
        "annId": 20777,
        "songDifficulty": 31.86899883875249,
        "vintage": "Winter 2020"
    },
    {
        "animeEng": "Fishing Ball",
        "animeRomaji": "tsuritama",
        "songName": "Sora mo Toberu Hazu",
        "artist": "Sayonara Ponytail",
        "type": "Ending 1",
        "correctCount": 17,
        "startTime": 47,
        "songDuration": 93.464516,
        "songNumber": 64,
        "activePlayerCount": 190,
        "LinkVideo": "https://files.catbox.moe/je6kcm.webm",
        "LinkMp3": "https://files.catbox.moe/1bqzdo.mp3",
        "annId": 13993,
        "songDifficulty": 15.74248433857809,
        "vintage": "Spring 2012"
    },
    {
        "animeEng": "FLCL",
        "animeRomaji": "Furi Kuri",
        "songName": "Happy Bivouac",
        "artist": "the pillows",
        "type": "Insert Song",
        "correctCount": 63,
        "startTime": 132,
        "songDuration": 171.528,
        "songNumber": 65,
        "activePlayerCount": 190,
        "LinkVideo": "https://files.catbox.moe/ownz4e.webm",
        "LinkMp3": "https://files.catbox.moe/aa8so6.mp3",
        "annId": 277,
        "songDifficulty": 42.28621822612974,
        "vintage": "Spring 2000"
    },
    {
        "animeEng": "How Heavy Are the Dumbbells You Lift?",
        "animeRomaji": "Dumbbell Nan-Kilo Moteru?",
        "songName": "Macho A Name?",
        "artist": "Kaito Ishikawa",
        "type": "Ending 1",
        "correctCount": 169,
        "startTime": 46,
        "songDuration": 88.56,
        "songNumber": 66,
        "activePlayerCount": 190,
        "LinkVideo": "https://files.catbox.moe/xrm5i6.webm",
        "LinkMp3": "https://files.catbox.moe/r835b5.mp3",
        "annId": 21764,
        "songDifficulty": 56.305172903500676,
        "vintage": "Summer 2019"
    },
    {
        "animeEng": "Sarazanmai",
        "animeRomaji": "Sarazanmai",
        "songName": "Kawauso Iya",
        "artist": "Mamoru Miyano & Yoshimasa Hosoya",
        "type": "Insert Song",
        "correctCount": 47,
        "startTime": 22,
        "songDuration": 60.648,
        "songNumber": 67,
        "activePlayerCount": 190,
        "LinkVideo": "https://files.catbox.moe/3cbz37.webm",
        "LinkMp3": "https://files.catbox.moe/67f0e7.mp3",
        "annId": 21544,
        "songDifficulty": 28.805560500657318,
        "vintage": "Spring 2019"
    },
    {
        "animeEng": "BECK: Mongolian Chop Squad",
        "animeRomaji": "BECK: Mongolian Chop Squad",
        "songName": "JOURNEY",
        "artist": "miya38",
        "type": "Insert Song",
        "correctCount": 61,
        "startTime": 6,
        "songDuration": 48.769774,
        "songNumber": 68,
        "activePlayerCount": 190,
        "LinkVideo": "https://files.catbox.moe/p94rfr.webm",
        "LinkMp3": "https://files.catbox.moe/5unqd6.mp3",
        "annId": 4404,
        "songDifficulty": 33.30585794762485,
        "vintage": "Fall 2004"
    },
    {
        "animeEng": "Le Chevalier D'Eon",
        "animeRomaji": "Le Chevalier D'Eon",
        "songName": "OVER NIGHT",
        "artist": "Aya",
        "type": "Ending 1",
        "correctCount": 5,
        "startTime": 9,
        "songDuration": 88.94541,
        "songNumber": 69,
        "activePlayerCount": 188,
        "LinkVideo": "https://files.catbox.moe/vaei1u.webm",
        "LinkMp3": "https://files.catbox.moe/dn0ozw.mp3",
        "annId": 6536,
        "songDifficulty": 12.884022177419356,
        "vintage": "Summer 2006",
        "correctPlayers": [
            "chibikaidoh",
            "AKl",
            "Renegado",
            "Chatmonchy",
            "kar72"
        ]
    },
    {
        "animeEng": "Vandread: The Second Stage",
        "animeRomaji": "Vandread: The Second Stage",
        "songName": "JUSTICE",
        "artist": "Aki Kudou",
        "type": "Opening 1",
        "correctCount": 32,
        "startTime": 7,
        "songDuration": 86.448,
        "songNumber": 70,
        "activePlayerCount": 188,
        "LinkVideo": "https://files.catbox.moe/japuiv.webm",
        "LinkMp3": "https://files.catbox.moe/9c3yxi.mp3",
        "annId": 601,
        "songDifficulty": 19.79120893771331,
        "vintage": "Fall 2001"
    },
    {
        "animeEng": "Attack on Titan Final Season",
        "animeRomaji": "Shingeki no Kyojin: The Final Season",
        "songName": "K21",
        "artist": "David Whitaker",
        "type": "Insert Song",
        "correctCount": 57,
        "startTime": 28,
        "songDuration": 137.064,
        "songNumber": 71,
        "activePlayerCount": 188,
        "LinkVideo": "https://files.catbox.moe/pso0sy.webm",
        "LinkMp3": "https://files.catbox.moe/erexjx.mp3",
        "annId": 22277,
        "songDifficulty": 28.503063198624247,
        "vintage": "Fall 2020"
    },
    {
        "animeEng": "City Hunter: Million Dollar Conspiracy",
        "animeRomaji": "City Hunter: Hyakuman Dollar no Inbou",
        "songName": "ONLY IN MY DREAMS",
        "artist": "Yurie Kokubu",
        "type": "Insert Song",
        "correctCount": 3,
        "startTime": 22,
        "songDuration": 83.472,
        "songNumber": 72,
        "activePlayerCount": 188,
        "LinkVideo": "https://files.catbox.moe/9y25be.webm",
        "LinkMp3": "https://files.catbox.moe/xs7umf.mp3",
        "annId": 550,
        "songDifficulty": 3.4924471291162633,
        "vintage": "Summer 1990",
        "correctPlayers": [
            "AKl",
            "Nippah",
            "thenoobster"
        ]
    },
    {
        "animeEng": "One Piece Second Movie",
        "animeRomaji": "One Piece: Nejimaki Shima no Bouken",
        "songName": "Believe",
        "artist": "Folder5",
        "type": "Ending 1",
        "correctCount": 93,
        "startTime": 0,
        "songDuration": 103.128,
        "songNumber": 73,
        "activePlayerCount": 188,
        "LinkVideo": "https://files.catbox.moe/qe3id5.webm",
        "LinkMp3": "https://files.catbox.moe/yow5jd.mp3",
        "annId": 3206,
        "songDifficulty": 44.96021724903255,
        "vintage": "Winter 2001"
    },
    {
        "animeEng": "Doraemon: Nobita's South Sea Adventure",
        "animeRomaji": "Doraemon: Nobita no Nankai Daibouken",
        "songName": "Doraemon no Uta",
        "artist": "Hinano Yoshikawa",
        "type": "Opening 1",
        "correctCount": 5,
        "startTime": 0,
        "songDuration": 66.096,
        "songNumber": 74,
        "activePlayerCount": 188,
        "LinkVideo": "https://files.catbox.moe/0lty94.webm",
        "LinkMp3": "https://files.catbox.moe/qqv2w2.mp3",
        "annId": 1914,
        "songDifficulty": 7.389606015902039,
        "vintage": "Winter 1998",
        "correctPlayers": [
            "revel_",
            "AKl",
            "Hejsan",
            "PoolNoodle",
            "Jlin2"
        ]
    },
    {
        "animeEng": "Chibi Devi!",
        "animeRomaji": "Chibi Devi!",
        "songName": "Chibi\u2606Devi! Aif!",
        "artist": "Noriko Shitaya",
        "type": "Opening 1",
        "correctCount": 174,
        "startTime": 0,
        "songDuration": 17.088,
        "songNumber": 75,
        "activePlayerCount": 186,
        "LinkVideo": "https://files.catbox.moe/x61k9p.webm",
        "LinkMp3": "https://files.catbox.moe/2m0fkh.mp3",
        "annId": 13489,
        "songDifficulty": 57.694823274424806,
        "vintage": "Fall 2011"
    },
    {
        "animeEng": "Belle",
        "animeRomaji": "Ryuu to Sobakasu no Hime",
        "songName": "Hanare Banare no Kimi e",
        "artist": "Kaho Nakamura",
        "type": "Insert Song",
        "correctCount": 34,
        "startTime": 157,
        "songDuration": 552.048,
        "songNumber": 76,
        "activePlayerCount": 186,
        "LinkVideo": "https://files.catbox.moe/xcd189.webm",
        "LinkMp3": "https://files.catbox.moe/by5275.mp3",
        "annId": 24058,
        "songDifficulty": 30.41604275173611,
        "vintage": "Summer 2021"
    },
    {
        "animeEng": "One Piece: Romance Dawn Story",
        "animeRomaji": "One Piece: Romance Dawn Story",
        "songName": "We Are!",
        "artist": "Hiroshi Kitadani",
        "type": "Insert Song",
        "correctCount": 165,
        "startTime": 22,
        "songDuration": 89.664,
        "songNumber": 77,
        "activePlayerCount": 186,
        "LinkVideo": "https://files.catbox.moe/u17lqt.webm",
        "LinkMp3": "https://files.catbox.moe/7egb4d.mp3",
        "annId": 14938,
        "songDifficulty": 76.10698172407476,
        "vintage": "Summer 2008"
    },
    {
        "animeEng": "Digimon Adventure tri. Chapter 3: Confession",
        "animeRomaji": "Digimon Adventure tri. Kokuhaku",
        "songName": "Butter-Fly~tri.Version~",
        "artist": "Kouji Wada",
        "type": "Opening 1",
        "correctCount": 100,
        "startTime": 7,
        "songDuration": 89.049898,
        "songNumber": 78,
        "activePlayerCount": 186,
        "LinkVideo": "https://files.catbox.moe/u4apn4.webm",
        "LinkMp3": "https://files.catbox.moe/1h70yn.mp3",
        "annId": 18176,
        "songDifficulty": 41.786048689138575,
        "vintage": "Summer 2016"
    },
    {
        "animeEng": "Seitokai Yakuindomo",
        "animeRomaji": "Seitokai Yakuindomo",
        "songName": "Jounetsu no Hana",
        "artist": "Triple Booking",
        "type": "Insert Song",
        "correctCount": 49,
        "startTime": 5,
        "songDuration": 35.736,
        "songNumber": 79,
        "activePlayerCount": 185,
        "LinkVideo": "https://files.catbox.moe/nhjj11.webm",
        "LinkMp3": "https://files.catbox.moe/40t8j9.mp3",
        "annId": 11476,
        "songDifficulty": 19.642274408284024,
        "vintage": "Summer 2010"
    },
    {
        "animeEng": "11eyes",
        "animeRomaji": "11eyes",
        "songName": "Sequentia",
        "artist": "Asriel",
        "type": "Ending 1",
        "correctCount": 41,
        "startTime": 52,
        "songDuration": 84.96,
        "songNumber": 80,
        "activePlayerCount": 183,
        "LinkVideo": "https://files.catbox.moe/y8c11b.webm",
        "LinkMp3": "https://files.catbox.moe/1ljdcr.mp3",
        "annId": 11226,
        "songDifficulty": 26.426766255403457,
        "vintage": "Spring 2010"
    },
    {
        "animeEng": "Aikatsu Stars!",
        "animeRomaji": "Aikatsu Stars!",
        "songName": "episode Solo",
        "artist": "Ruka\u30fbNanase\u30fbKana\u30fbMiho from AIKATSU\u2606STARS!",
        "type": "Insert Song",
        "correctCount": 34,
        "startTime": 73,
        "songDuration": 101.064,
        "songNumber": 81,
        "activePlayerCount": 185,
        "LinkVideo": "https://files.catbox.moe/wjifei.webm",
        "LinkMp3": "https://files.catbox.moe/wyn07v.mp3",
        "annId": 18547,
        "songDifficulty": 27.51900710088149,
        "vintage": "Summer 2016"
    },
    {
        "animeEng": "Welcome to Demon School! Iruma-kun",
        "animeRomaji": "Mairimashita! Iruma-kun",
        "songName": "May May Teacher",
        "artist": "Valac Ikka",
        "type": "Insert Song",
        "correctCount": 35,
        "startTime": 5,
        "songDuration": 76.296,
        "songNumber": 82,
        "activePlayerCount": 185,
        "LinkVideo": "https://files.catbox.moe/5ijt9n.webm",
        "LinkMp3": "https://files.catbox.moe/s0zjhq.mp3",
        "annId": 24018,
        "songDifficulty": 27.32217003644568,
        "vintage": "Spring 2021"
    },
    {
        "animeEng": "Grendizer, Getter Robo G, Great Mazinger: Kessen! Daikaijuu",
        "animeRomaji": "Grendizer, Getter Robo G, Great Mazinger: Kessen! Daikaijuu",
        "songName": "Tobe! Grendizer",
        "artist": "Isao Sasaki, Columbia Yurikago-kai, Koorogi '73",
        "type": "Insert Song",
        "correctCount": 61,
        "startTime": 16,
        "songDuration": 66.6,
        "songNumber": 83,
        "activePlayerCount": 185,
        "LinkVideo": "https://files.catbox.moe/tys08l.webm",
        "LinkMp3": "https://files.catbox.moe/k7fmud.mp3",
        "annId": 3616,
        "songDifficulty": 28.07023449980032,
        "vintage": "Summer 1976"
    },
    {
        "animeEng": "Record of Lodoss War",
        "animeRomaji": "Lodoss-tou Senki",
        "songName": "Ad\u00e8sso e Fortrna ~Honoo to Eien~",
        "artist": "Sherry",
        "type": "Opening 1",
        "correctCount": 25,
        "startTime": 29,
        "songDuration": 80.208,
        "songNumber": 84,
        "activePlayerCount": 186,
        "LinkVideo": "https://files.catbox.moe/swl17v.webm",
        "LinkMp3": "https://files.catbox.moe/zba5db.mp3",
        "annId": 394,
        "songDifficulty": 19.741623745730145,
        "vintage": "Spring 1990"
    },
    {
        "animeEng": "Sound! Euphonium 2",
        "animeRomaji": "Hibike! Euphonium 2",
        "songName": "Takarajima",
        "artist": "Freshman Wind Ensemble",
        "type": "Insert Song",
        "correctCount": 59,
        "startTime": 69,
        "songDuration": 157.128,
        "songNumber": 85,
        "activePlayerCount": 183,
        "LinkVideo": "https://files.catbox.moe/pdku1m.webm",
        "LinkMp3": "https://files.catbox.moe/xrf022.mp3",
        "annId": 18558,
        "songDifficulty": 34.759857669504406,
        "vintage": "Fall 2016"
    }
]