[
    {
        "animeEng": "The Relative Worlds",
        "animeRomaji": "Soutai Sekai",
        "songName": "VIP KID",
        "artist": "REOL",
        "type": "Opening 1",
        "correctCount": 51,
        "startTime": 39,
        "songDuration": 93.816,
        "songNumber": 1,
        "activePlayerCount": 123,
        "LinkVideo": "https://files.catbox.moe/fnoh0e.webm",
        "LinkMp3": "https://files.catbox.moe/nygcrv.mp3",
        "annId": 19419,
        "songDifficulty": 24.877202039784223,
        "vintage": "Spring 2017"
    },
    {
        "animeEng": "City Hunter: Shinjuku Private Eyes",
        "animeRomaji": "City Hunter: Shinjuku Private Eyes",
        "songName": "Mr.Cool",
        "artist": "AMAZONS, Lotus Juice",
        "type": "Opening 1",
        "correctCount": 11,
        "startTime": 21,
        "songDuration": 63.912,
        "songNumber": 2,
        "activePlayerCount": 135,
        "LinkVideo": "https://files.catbox.moe/5twvrx.webm",
        "LinkMp3": "https://files.catbox.moe/0xkdpe.mp3",
        "annId": 21247,
        "songDifficulty": 17.635216144082044,
        "vintage": "Winter 2019"
    },
    {
        "animeEng": "Akashic Records of Bastard Magical Instructor",
        "animeRomaji": "Rokudenashi Majutsu Koushi to Akashic Records",
        "songName": "Precious You\u2606",
        "artist": "Akane Fujita, Yume Miyamoto, Ari Ozawa",
        "type": "Ending 1",
        "correctCount": 56,
        "startTime": 2,
        "songDuration": 89.688,
        "songNumber": 3,
        "activePlayerCount": 140,
        "LinkVideo": "https://files.catbox.moe/cxilvp.webm",
        "LinkMp3": "https://files.catbox.moe/0fxow3.mp3",
        "annId": 18795,
        "songDifficulty": 18.778164278866637,
        "vintage": "Spring 2017"
    },
    {
        "animeEng": "D4DJ First Mix",
        "animeRomaji": "D4DJ First Mix",
        "songName": "WOW WAR TONIGHT ~Toki Niwa Okoseyo Movement~",
        "artist": "Nana Mizuki & Raychell",
        "type": "Insert Song",
        "correctCount": 49,
        "startTime": 79,
        "songDuration": 113.328,
        "songNumber": 4,
        "activePlayerCount": 142,
        "LinkVideo": "https://files.catbox.moe/f3i0ng.webm",
        "LinkMp3": "https://files.catbox.moe/xh46d4.mp3",
        "annId": 23530,
        "songDifficulty": 42.727554219789354,
        "vintage": "Fall 2020"
    },
    {
        "animeEng": "Petit Eva: Evangelion@School",
        "animeRomaji": "Petit Eva: Evangelion@School",
        "songName": "Curriculumachine no Theme",
        "artist": "Kunio Suma",
        "type": "Opening 1",
        "correctCount": 21,
        "startTime": 7,
        "songDuration": 50.064,
        "songNumber": 5,
        "activePlayerCount": 143,
        "LinkVideo": "https://files.catbox.moe/6u31vo.webm",
        "LinkMp3": "https://files.catbox.moe/psv4b9.mp3",
        "annId": 8539,
        "songDifficulty": 12.577825697894875,
        "vintage": "Winter 2009"
    },
    {
        "animeEng": "Nyani ga Nyandaa Nyandaa Kamen",
        "animeRomaji": "Nyani ga Nyandaa Nyandaa Kamen",
        "songName": "Dance DE Nyan\u00b2",
        "artist": "Kiyomi Kumano",
        "type": "Ending 2",
        "correctCount": 11,
        "startTime": 9,
        "songDuration": 89.616,
        "songNumber": 6,
        "activePlayerCount": 147,
        "LinkVideo": "https://files.catbox.moe/m2l648.webm",
        "LinkMp3": "https://files.catbox.moe/p1pv30.mp3",
        "annId": 22412,
        "songDifficulty": 10.072750999813987,
        "vintage": "Winter 2000"
    },
    {
        "animeEng": "REC",
        "animeRomaji": "REC",
        "songName": "Cheer~Makka na kimochi~",
        "artist": "Kanako Sakai",
        "type": "Opening 1",
        "correctCount": 39,
        "startTime": 25,
        "songDuration": 89.568,
        "songNumber": 7,
        "activePlayerCount": 146,
        "LinkVideo": "https://files.catbox.moe/d7ke04.webm",
        "LinkMp3": "https://files.catbox.moe/czg9g3.mp3",
        "annId": 6008,
        "songDifficulty": 21.345235540129515,
        "vintage": "Winter 2006"
    },
    {
        "animeEng": "Hugtto! Precure",
        "animeRomaji": "Hugtto! Precure",
        "songName": "DANZEN! Futari wa Precure",
        "artist": "Mayumi Gojou",
        "type": "Insert Song",
        "correctCount": 40,
        "startTime": 136,
        "songDuration": 207.648,
        "songNumber": 8,
        "activePlayerCount": 147,
        "LinkVideo": "https://files.catbox.moe/hf8tki.webm",
        "LinkMp3": "https://files.catbox.moe/fid3km.mp3",
        "annId": 20473,
        "songDifficulty": 41.53577953407623,
        "vintage": "Winter 2018"
    },
    {
        "animeEng": "Great Pretender",
        "animeRomaji": "Great Pretender",
        "songName": "G.P.",
        "artist": "Yutaka Yamada",
        "type": "Opening 1",
        "correctCount": 68,
        "startTime": 17,
        "songDuration": 63.96,
        "songNumber": 9,
        "activePlayerCount": 148,
        "LinkVideo": "https://files.catbox.moe/z9hw89.webm",
        "LinkMp3": "https://files.catbox.moe/j433hj.mp3",
        "annId": 22317,
        "songDifficulty": 42.54626959990521,
        "vintage": "Spring 2020"
    },
    {
        "animeEng": "Mai Mai Miracle",
        "animeRomaji": "Mai Mai Shinko to Sennen no Mahou",
        "songName": "Kodomo no Sekai",
        "artist": "kotringo",
        "type": "Ending 1",
        "correctCount": 8,
        "startTime": 57,
        "songDuration": 240.36,
        "songNumber": 10,
        "activePlayerCount": 149,
        "LinkVideo": "https://files.catbox.moe/dq2lig.webm",
        "LinkMp3": "https://files.catbox.moe/8xyp6j.mp3",
        "annId": 10975,
        "songDifficulty": 6.813982262925028,
        "vintage": "Summer 2009"
    },
    {
        "animeEng": "Kiddy Grade: Maelstrom",
        "animeRomaji": "Kiddy Grade: Maelstrom",
        "songName": "Hoshizora no Yurikago",
        "artist": "Ikuko",
        "type": "Insert Song",
        "correctCount": 6,
        "startTime": 2,
        "songDuration": 31.128,
        "songNumber": 11,
        "activePlayerCount": 150,
        "LinkVideo": "https://files.catbox.moe/sj5ge5.webm",
        "LinkMp3": "https://files.catbox.moe/ssbep2.mp3",
        "annId": 9066,
        "songDifficulty": 7.51606956460916,
        "vintage": "Spring 2007"
    },
    {
        "animeEng": "YuruYuri Season 3",
        "animeRomaji": "Yuru Yuri San\u2606Hai!",
        "songName": "Acchu~ma Seishun!",
        "artist": "Nanamori Chuu\u2606Goraku-bu",
        "type": "Ending 1",
        "correctCount": 37,
        "startTime": 50,
        "songDuration": 89.496,
        "songNumber": 12,
        "activePlayerCount": 149,
        "LinkVideo": "https://files.catbox.moe/zerekn.webm",
        "LinkMp3": "https://files.catbox.moe/g0tlde.mp3",
        "annId": 16843,
        "songDifficulty": 26.125526158590798,
        "vintage": "Fall 2015"
    },
    {
        "animeEng": "Girls und Panzer: Daikon War!",
        "animeRomaji": "Girls und Panzer: Daikon War!",
        "songName": "Oarai no Onna",
        "artist": "Saori Oonishi",
        "type": "Insert Song",
        "correctCount": 25,
        "startTime": 20,
        "songDuration": 48.696,
        "songNumber": 13,
        "activePlayerCount": 152,
        "LinkVideo": "https://files.catbox.moe/xkd29k.webm",
        "LinkMp3": "https://files.catbox.moe/divapn.mp3",
        "annId": 24670,
        "songDifficulty": 13.814072452229299,
        "vintage": "Fall 2021"
    },
    {
        "animeEng": "New Theatrical Movie Initial D Battle Digest",
        "animeRomaji": "Shin Gekijouban Initial D Battle Digest",
        "songName": "SURRENDER MY SOUL",
        "artist": "LOLITA",
        "type": "Insert Song",
        "correctCount": 4,
        "startTime": 73,
        "songDuration": 136.992,
        "songNumber": 14,
        "activePlayerCount": 152,
        "LinkVideo": "https://files.catbox.moe/cuodwo.webm",
        "LinkMp3": "https://files.catbox.moe/0c9eso.mp3",
        "annId": 25314,
        "songDifficulty": 44.68571707589286,
        "vintage": "Winter 2022",
        "correctPlayers": [
            "ChikaTakami",
            "Rukawa11",
            "peepiss",
            "ZyxGremory"
        ]
    },
    {
        "animeEng": "Nandaka Velonica",
        "animeRomaji": "Nandaka Velonica",
        "songName": "Space Velonibics",
        "artist": "Maiko",
        "type": "Ending 1",
        "correctCount": 3,
        "startTime": 36,
        "songDuration": 73.056,
        "songNumber": 15,
        "activePlayerCount": 153,
        "LinkVideo": "https://files.catbox.moe/yh509c.webm",
        "LinkMp3": "https://files.catbox.moe/rq81v6.mp3",
        "annId": 15847,
        "songDifficulty": 6.2593176800271735,
        "vintage": "Winter 2014",
        "correctPlayers": [
            "sts2",
            "Keizan",
            "Zurex"
        ]
    },
    {
        "animeEng": "Gekijouban Date A Live: Mayuri Judgement",
        "animeRomaji": "Gekijouban Date A Live: Mayuri Judgement",
        "songName": "Date A Live",
        "artist": "sweet ARMS",
        "type": "Insert Song",
        "correctCount": 98,
        "startTime": 65,
        "songDuration": 209.712,
        "songNumber": 16,
        "activePlayerCount": 152,
        "LinkVideo": "https://files.catbox.moe/kwfnvu.webm",
        "LinkMp3": "https://files.catbox.moe/ki8h1q.mp3",
        "annId": 16866,
        "songDifficulty": 50.49929361345447,
        "vintage": "Summer 2015"
    },
    {
        "animeEng": "Aria the Origination",
        "animeRomaji": "Aria the Origination",
        "songName": "Undine",
        "artist": "Yui Makino",
        "type": "Ending 3",
        "correctCount": 75,
        "startTime": 176,
        "songDuration": 216.055062,
        "songNumber": 17,
        "activePlayerCount": 152,
        "LinkVideo": "https://files.catbox.moe/k6xhfi.webm",
        "LinkMp3": "https://files.catbox.moe/94whmu.mp3",
        "annId": 8657,
        "songDifficulty": 33.892202171361504,
        "vintage": "Winter 2008"
    },
    {
        "animeEng": "Mukamuka Paradise",
        "animeRomaji": "Mukamuka Paradise",
        "songName": "Honki ja Nai no ni...",
        "artist": "KUKO",
        "type": "Insert Song",
        "correctCount": 1,
        "startTime": 10,
        "songDuration": 116.472,
        "songNumber": 18,
        "activePlayerCount": 153,
        "LinkVideo": "https://files.catbox.moe/nv5ld8.webm",
        "LinkMp3": "https://files.catbox.moe/6zjcr4.mp3",
        "annId": 1397,
        "songDifficulty": 0.9874660833095147,
        "vintage": "Summer 1993",
        "correctPlayers": [
            "asleep"
        ]
    },
    {
        "animeEng": "Urusei Yatsura Movie 2: Beautiful Dreamer",
        "animeRomaji": "Urusei Yatsura Movie 2: Beautiful Dreamer",
        "songName": "Futatabi no",
        "artist": "Eijiro Yasu",
        "type": "Insert Song",
        "correctCount": 2,
        "startTime": 0,
        "songDuration": 37.104,
        "songNumber": 19,
        "activePlayerCount": 154,
        "LinkVideo": "https://files.catbox.moe/d10jkz.webm",
        "LinkMp3": "https://files.catbox.moe/zwrdxo.mp3",
        "annId": 647,
        "songDifficulty": 5.3529939625921585,
        "vintage": "Winter 1984",
        "correctPlayers": [
            "ShiroKuro",
            "Hejsan"
        ]
    },
    {
        "animeEng": "Mieruko-chan",
        "animeRomaji": "Mieruko-chan",
        "songName": "Mita na? Mita yo ne?? Miteru yo ne???",
        "artist": "Sora Amamiya",
        "type": "Ending 1",
        "correctCount": 94,
        "startTime": 27,
        "songDuration": 90.072,
        "songNumber": 20,
        "activePlayerCount": 154,
        "LinkVideo": "https://files.catbox.moe/v34zkh.webm",
        "LinkMp3": "https://files.catbox.moe/dxzf19.mp3",
        "annId": 24156,
        "songDifficulty": 38.72392057136673,
        "vintage": "Fall 2021"
    },
    {
        "animeEng": "The iDOLM@STER SideM Wake Atte Mini!",
        "animeRomaji": "The iDOLM@STER SideM Wake Atte Mini!",
        "songName": "Caf\u00e9 Parade!",
        "artist": "Caf\u00e9 Parade!",
        "type": "Insert Song",
        "correctCount": 12,
        "startTime": 0,
        "songDuration": 24.384,
        "songNumber": 21,
        "activePlayerCount": 154,
        "LinkVideo": "https://files.catbox.moe/gzim34.webm",
        "LinkMp3": "https://files.catbox.moe/a40yq0.mp3",
        "annId": 21309,
        "songDifficulty": 14.774847352851943,
        "vintage": "Fall 2018"
    },
    {
        "animeEng": "City Hunter: Death of the Vicious Criminal Ryo Saeba",
        "animeRomaji": "City Hunter: Kinkyuu Namachuukei!? Kyouakuhan Saeba Ryou no Saigo",
        "songName": "Get Wild",
        "artist": "TM NETWORK",
        "type": "Ending 1",
        "correctCount": 63,
        "startTime": 104,
        "songDuration": 144.048,
        "songNumber": 22,
        "activePlayerCount": 155,
        "LinkVideo": "https://files.catbox.moe/hps5rq.webm",
        "LinkMp3": "https://files.catbox.moe/tcws2h.mp3",
        "annId": 554,
        "songDifficulty": 29.520466727346278,
        "vintage": "Spring 1999"
    },
    {
        "animeEng": "Love Live! School Idol Project",
        "animeRomaji": "Love Live! School Idol Project",
        "songName": "Kitto Seishun ga Kikoeru",
        "artist": "Aina Kusuda & Yoshino Nanjou",
        "type": "Ending 7",
        "correctCount": 81,
        "startTime": 44,
        "songDuration": 98.064,
        "songNumber": 23,
        "activePlayerCount": 156,
        "LinkVideo": "https://files.catbox.moe/qzs90j.webm",
        "LinkMp3": "https://files.catbox.moe/uflexo.mp3",
        "annId": 14062,
        "songDifficulty": 45.00806667380137,
        "vintage": "Winter 2013"
    },
    {
        "animeEng": "Detective Conan",
        "animeRomaji": "Meitantei Conan",
        "songName": "As the Dew",
        "artist": "GARNET CROW",
        "type": "Opening 28",
        "correctCount": 59,
        "startTime": 49,
        "songDuration": 114.312,
        "songNumber": 24,
        "activePlayerCount": 156,
        "LinkVideo": "https://files.catbox.moe/ql7s86.webm",
        "LinkMp3": "https://files.catbox.moe/shvb9a.mp3",
        "annId": 454,
        "songDifficulty": 27.60003369608626,
        "vintage": "Winter 1996"
    },
    {
        "animeEng": "A Certain Scientific Railgun",
        "animeRomaji": "Toaru Kagaku no Railgun",
        "songName": "LEVEL5-judgelight-",
        "artist": "fripSide",
        "type": "Opening 2",
        "correctCount": 127,
        "startTime": 13,
        "songDuration": 89.064,
        "songNumber": 25,
        "activePlayerCount": 156,
        "LinkVideo": "https://files.catbox.moe/9jfadg.webm",
        "LinkMp3": "https://files.catbox.moe/om1b8b.mp3",
        "annId": 10706,
        "songDifficulty": 44.499088031928416,
        "vintage": "Fall 2009"
    },
    {
        "animeEng": "Digimon Tamers",
        "animeRomaji": "Digimon Tamers",
        "songName": "The Biggest Dreamer",
        "artist": "Kouji Wada",
        "type": "Opening 1",
        "correctCount": 81,
        "startTime": 37,
        "songDuration": 89.688,
        "songNumber": 26,
        "activePlayerCount": 156,
        "LinkVideo": "https://files.catbox.moe/11r92o.webm",
        "LinkMp3": "https://files.catbox.moe/w7zr4v.mp3",
        "annId": 2171,
        "songDifficulty": 42.32575546116505,
        "vintage": "Spring 2001"
    },
    {
        "animeEng": "Needless",
        "animeRomaji": "Needless",
        "songName": "modern strange cowboy",
        "artist": "GRANRODEO",
        "type": "Opening 1",
        "correctCount": 22,
        "startTime": 49,
        "songDuration": 88.584,
        "songNumber": 27,
        "activePlayerCount": 155,
        "LinkVideo": "https://files.catbox.moe/64nngc.webm",
        "LinkMp3": "https://files.catbox.moe/xyxm5c.mp3",
        "annId": 10709,
        "songDifficulty": 21.465167439258312,
        "vintage": "Summer 2009"
    },
    {
        "animeEng": "The Disastrous Life of Saiki K.",
        "animeRomaji": "Saiki Kusuo no Psi-nan",
        "songName": "\u03a8-lent Prisoner",
        "artist": "Saiki-kku Lover feat. Hiroshi Kamiya, Daisuke Ono, Nobunaga Shimazaki",
        "type": "Opening 1",
        "correctCount": 118,
        "startTime": 28,
        "songDuration": 89.208,
        "songNumber": 28,
        "activePlayerCount": 154,
        "LinkVideo": "https://files.catbox.moe/5y8raz.webm",
        "LinkMp3": "https://files.catbox.moe/q7ouuj.mp3",
        "annId": 20177,
        "songDifficulty": 41.80280370961798,
        "vintage": "Winter 2018"
    },
    {
        "animeEng": "Di Gi Charat Summer Special",
        "animeRomaji": "Di Gi Charat Summer Special",
        "songName": "Powerful Summer",
        "artist": "Asami Sanada, Miyuki Sawashiro, Kyoko Hikami",
        "type": "Ending 1",
        "correctCount": 8,
        "startTime": 46,
        "songDuration": 91.08,
        "songNumber": 29,
        "activePlayerCount": 154,
        "LinkVideo": "https://files.catbox.moe/4bg688.webm",
        "LinkMp3": "https://files.catbox.moe/pkj3h9.mp3",
        "annId": 2932,
        "songDifficulty": 15.399395533970424,
        "vintage": "Summer 2000"
    },
    {
        "animeEng": "Captain Tsubasa",
        "animeRomaji": "Captain Tsubasa",
        "songName": "Moete Hero",
        "artist": "Takuya Satou",
        "type": "Ending 3",
        "correctCount": 108,
        "startTime": 23,
        "songDuration": 88.008,
        "songNumber": 30,
        "activePlayerCount": 156,
        "LinkVideo": "https://files.catbox.moe/qp98w4.webm",
        "LinkMp3": "https://files.catbox.moe/7iswhj.mp3",
        "annId": 20614,
        "songDifficulty": 44.398130114032035,
        "vintage": "Spring 2018"
    },
    {
        "animeEng": "Gekijouban Rokumon Tengai Mon Colle Knight: Densetsu no Fire Dragon",
        "animeRomaji": "Gekijouban Rokumon Tengai Mon Colle Knight: Densetsu no Fire Dragon",
        "songName": "Tooku e",
        "artist": "Chihiro Yonekura",
        "type": "Ending 1",
        "correctCount": 3,
        "startTime": 121,
        "songDuration": 187.536,
        "songNumber": 31,
        "activePlayerCount": 158,
        "LinkVideo": "https://files.catbox.moe/wik4xy.webm",
        "LinkMp3": "https://files.catbox.moe/xqzgbm.mp3",
        "annId": 19700,
        "songDifficulty": 5.959268196883609,
        "vintage": "Summer 2000",
        "correctPlayers": [
            "ArronChu",
            "Hejsan",
            "channina"
        ]
    },
    {
        "animeEng": "Pok\u00e9mon: Mega Evolution Special I",
        "animeRomaji": "Pocket Monsters XY Tokubetsu-hen: Saikyou Mega Shinka Act I",
        "songName": "Mega V (Volt)",
        "artist": "Yusuke",
        "type": "Ending 1",
        "correctCount": 116,
        "startTime": 15,
        "songDuration": 55.104,
        "songNumber": 32,
        "activePlayerCount": 157,
        "LinkVideo": "https://files.catbox.moe/2nsuyo.webm",
        "LinkMp3": "https://files.catbox.moe/1rkgfc.mp3",
        "annId": 17651,
        "songDifficulty": 43.309254921027815,
        "vintage": "Spring 2014"
    },
    {
        "animeEng": "Kaleido Star: Legend of Phoenix - Layla Hamilton Story",
        "animeRomaji": "Kaleido Star: Layla Hamilton Monogatari",
        "songName": "Ray of Light",
        "artist": "Sayaka Ohara",
        "type": "Opening 1",
        "correctCount": 9,
        "startTime": 82,
        "songDuration": 120.24,
        "songNumber": 33,
        "activePlayerCount": 158,
        "LinkVideo": "https://files.catbox.moe/w8o11a.webm",
        "LinkMp3": "https://files.catbox.moe/vfrdzb.mp3",
        "annId": 6075,
        "songDifficulty": 11.677500718941717,
        "vintage": "Fall 2005"
    },
    {
        "animeEng": "Spooky Kitaro",
        "animeRomaji": "Gegege no Kitarou",
        "songName": "Iyan Nacchau Bushi",
        "artist": "Ukadan",
        "type": "Ending 2",
        "correctCount": 114,
        "startTime": 50,
        "songDuration": 91.416,
        "songNumber": 34,
        "activePlayerCount": 159,
        "LinkVideo": "https://files.catbox.moe/iwnrb3.webm",
        "LinkMp3": "https://files.catbox.moe/j3ym8b.mp3",
        "annId": 2214,
        "songDifficulty": 50.49418252042901,
        "vintage": "Winter 1996"
    },
    {
        "animeEng": "Casshan",
        "animeRomaji": "Shinzou Ningen Casshern",
        "songName": "Tatakae! Casshern",
        "artist": "Isao Sasaki",
        "type": "Opening 1",
        "correctCount": 68,
        "startTime": 8,
        "songDuration": 63.552,
        "songNumber": 35,
        "activePlayerCount": 160,
        "LinkVideo": "https://files.catbox.moe/wyggwj.webm",
        "LinkMp3": "https://files.catbox.moe/g8l90g.mp3",
        "annId": 2174,
        "songDifficulty": 22.54926890432099,
        "vintage": "Fall 1973"
    },
    {
        "animeEng": "Lupin III: The Legend of the Gold of Babylon",
        "animeRomaji": "Lupin Sansei: Babylon no Ougon Densetsu",
        "songName": "MANHATTAN JOKE",
        "artist": "Naoko Kawai",
        "type": "Ending 1",
        "correctCount": 12,
        "startTime": 0,
        "songDuration": 101.04,
        "songNumber": 36,
        "activePlayerCount": 161,
        "LinkVideo": "https://files.catbox.moe/riqkw9.webm",
        "LinkMp3": "https://files.catbox.moe/xv9jmt.mp3",
        "annId": 642,
        "songDifficulty": 18.28316333490978,
        "vintage": "Summer 1985"
    },
    {
        "animeEng": "Pollyanna",
        "animeRomaji": "Ai Shoujo Pollyanna Monogatari",
        "songName": "Ai ni Naritai",
        "artist": "Youki Kudoh",
        "type": "Ending 1",
        "correctCount": 1,
        "startTime": 40,
        "songDuration": 79.608,
        "songNumber": 37,
        "activePlayerCount": 162,
        "LinkVideo": "https://files.catbox.moe/lejgjx.webm",
        "LinkMp3": "https://files.catbox.moe/g4x9vo.mp3",
        "annId": 1057,
        "songDifficulty": 15.360619974415204,
        "vintage": "Winter 1986",
        "correctPlayers": [
            "Zurex"
        ]
    },
    {
        "animeEng": "Kuroko's Basketball",
        "animeRomaji": "Kuroko no Basuke",
        "songName": "Can Do",
        "artist": "GRANRODEO",
        "type": "Opening 1",
        "correctCount": 128,
        "startTime": 33,
        "songDuration": 89.568,
        "songNumber": 38,
        "activePlayerCount": 162,
        "LinkVideo": "https://files.catbox.moe/69357b.webm",
        "LinkMp3": "https://files.catbox.moe/e18ebk.mp3",
        "annId": 13616,
        "songDifficulty": 44.89969019548759,
        "vintage": "Spring 2012"
    },
    {
        "animeEng": "Motto! Ojamajo Doremi",
        "animeRomaji": "Motto! Ojamajo Doremi",
        "songName": "Sora made Jumping",
        "artist": "MAHO-dou",
        "type": "Insert Song",
        "correctCount": 25,
        "startTime": 44,
        "songDuration": 75.312,
        "songNumber": 39,
        "activePlayerCount": 163,
        "LinkVideo": "https://files.catbox.moe/7l95al.webm",
        "LinkMp3": "https://files.catbox.moe/8rlxm3.mp3",
        "annId": 1650,
        "songDifficulty": 17.510781701589597,
        "vintage": "Winter 2001"
    },
    {
        "animeEng": "Moshi Moshi, Terumi desu",
        "animeRomaji": "Moshi Moshi, Terumi desu",
        "songName": "Kimi to,",
        "artist": "Aya Uchida",
        "type": "Opening 1",
        "correctCount": 41,
        "startTime": 0,
        "songDuration": 15.02015,
        "songNumber": 40,
        "activePlayerCount": 162,
        "LinkVideo": "https://files.catbox.moe/wohri8.webm",
        "LinkMp3": "https://files.catbox.moe/ncmi9n.mp3",
        "annId": 21100,
        "songDifficulty": 15.394028980679547,
        "vintage": "Spring 2018"
    },
    {
        "animeEng": "Gintama",
        "animeRomaji": "Gintama",
        "songName": "Pray",
        "artist": "Tommy heavenly\u2076",
        "type": "Opening 1",
        "correctCount": 113,
        "startTime": 50,
        "songDuration": 88.056,
        "songNumber": 41,
        "activePlayerCount": 163,
        "LinkVideo": "https://files.catbox.moe/ee6j24.webm",
        "LinkMp3": "https://files.catbox.moe/ftvkr9.mp3",
        "annId": 6236,
        "songDifficulty": 44.62994372793252,
        "vintage": "Spring 2006"
    },
    {
        "animeEng": "Code Geass: Lelouch of the Rebellion R2",
        "animeRomaji": "Code Geass: Hangyaku no Lelouch R2",
        "songName": "Continued Story",
        "artist": "Hitomi",
        "type": "Insert Song",
        "correctCount": 104,
        "startTime": 105,
        "songDuration": 178.848,
        "songNumber": 42,
        "activePlayerCount": 164,
        "LinkVideo": "https://files.catbox.moe/s44tut.webm",
        "LinkMp3": "https://files.catbox.moe/yu4vcq.mp3",
        "annId": 9173,
        "songDifficulty": 31.13283563443885,
        "vintage": "Spring 2008"
    },
    {
        "animeEng": "King's Game The Animation",
        "animeRomaji": "Ousama Game The Animation",
        "songName": "FEED THE FIRE",
        "artist": "coldrain",
        "type": "Opening 1",
        "correctCount": 53,
        "startTime": 1,
        "songDuration": 89.016,
        "songNumber": 43,
        "activePlayerCount": 164,
        "LinkVideo": "https://files.catbox.moe/cjk8bn.webm",
        "LinkMp3": "https://files.catbox.moe/6nifv2.mp3",
        "annId": 19973,
        "songDifficulty": 26.89247439685881,
        "vintage": "Fall 2017"
    },
    {
        "animeEng": "Re-Kan!",
        "animeRomaji": "Re-Kan!",
        "songName": "Colorful Story",
        "artist": "every\u2665ing!",
        "type": "Opening 1",
        "correctCount": 14,
        "startTime": 6,
        "songDuration": 88.536,
        "songNumber": 44,
        "activePlayerCount": 166,
        "LinkVideo": "https://files.catbox.moe/ri27wl.webm",
        "LinkMp3": "https://files.catbox.moe/w479j7.mp3",
        "annId": 16597,
        "songDifficulty": 12.802355135211412,
        "vintage": "Spring 2015"
    },
    {
        "animeEng": "Sailor Moon",
        "animeRomaji": "Bishoujo Senshi Sailor Moon",
        "songName": "Tsuki ni Kawatte Oshioki yo",
        "artist": "Kotono Mitsuishi, Aya Hisakawa, Michie Tomizawa",
        "type": "Insert Song",
        "correctCount": 24,
        "startTime": 71,
        "songDuration": 149.41784,
        "songNumber": 45,
        "activePlayerCount": 165,
        "LinkVideo": "https://files.catbox.moe/6xf3zj.webm",
        "LinkMp3": "https://files.catbox.moe/jju8bh.mp3",
        "annId": 363,
        "songDifficulty": 31.049097553699283,
        "vintage": "Winter 1992"
    },
    {
        "animeEng": "Big Order",
        "animeRomaji": "Big Order",
        "songName": "Geki",
        "artist": "Yousei Teikoku",
        "type": "Ending 1",
        "correctCount": 14,
        "startTime": 228,
        "songDuration": 271.56,
        "songNumber": 46,
        "activePlayerCount": 165,
        "LinkVideo": "https://files.catbox.moe/20x43f.webm",
        "LinkMp3": "https://files.catbox.moe/z82ocw.mp3",
        "annId": 16796,
        "songDifficulty": 12.269295193501655,
        "vintage": "Fall 2015"
    },
    {
        "animeEng": "Tamayura: Hitotose",
        "animeRomaji": "Tamayura: Hitotose",
        "songName": "Hoshizora",
        "artist": "Megumi Nakajima",
        "type": "Ending 4",
        "correctCount": 13,
        "startTime": 207,
        "songDuration": 243.888,
        "songNumber": 47,
        "activePlayerCount": 164,
        "LinkVideo": "https://files.catbox.moe/fhgekf.webm",
        "LinkMp3": "https://files.catbox.moe/zskwvs.mp3",
        "annId": 12427,
        "songDifficulty": 16.189693263319672,
        "vintage": "Fall 2011"
    },
    {
        "animeEng": "Mama wa Shougaku 4 Nensei",
        "animeRomaji": "Mama wa Shougaku 4 Nensei",
        "songName": "Kono Ai o Mirai e",
        "artist": "Yumi Masuda",
        "type": "Ending 1",
        "correctCount": 2,
        "startTime": 30,
        "songDuration": 88.92,
        "songNumber": 48,
        "activePlayerCount": 163,
        "LinkVideo": "https://files.catbox.moe/bpt9ta.webm",
        "LinkMp3": "https://files.catbox.moe/z1ogxo.mp3",
        "annId": 1952,
        "songDifficulty": 5.401430514078498,
        "vintage": "Winter 1992",
        "correctPlayers": [
            "gaaw",
            "Zylda"
        ]
    },
    {
        "animeEng": "Wangan Midnight",
        "animeRomaji": "Wangan Midnight",
        "songName": "Knock Down",
        "artist": "Kurubusi",
        "type": "Insert Song",
        "correctCount": 0,
        "startTime": 77,
        "songDuration": 139.334748,
        "songNumber": 49,
        "activePlayerCount": 165,
        "LinkVideo": "https://files.catbox.moe/tu5paj.webm",
        "LinkMp3": "https://files.catbox.moe/kwzbp6.mp3",
        "annId": 7646,
        "songDifficulty": 11.403508771929825,
        "vintage": "Spring 2007"
    },
    {
        "animeEng": "Visual Prison",
        "animeRomaji": "Visual Prison",
        "songName": "K or K",
        "artist": "Takuya Eguchi",
        "type": "Insert Song",
        "correctCount": 33,
        "startTime": 26,
        "songDuration": 80.304,
        "songNumber": 50,
        "activePlayerCount": 166,
        "LinkVideo": "https://files.catbox.moe/0l8mni.webm",
        "LinkMp3": "https://files.catbox.moe/8xzcy4.mp3",
        "annId": 24196,
        "songDifficulty": 29.337101063829788,
        "vintage": "Fall 2021"
    },
    {
        "animeEng": "Go! Machinerobo Rescue",
        "animeRomaji": "Shutsugeki! Machine Robo Rescue",
        "songName": "Go! Go! Rescue",
        "artist": "JAM Project",
        "type": "Opening 1",
        "correctCount": 13,
        "startTime": 18,
        "songDuration": 87.984,
        "songNumber": 51,
        "activePlayerCount": 166,
        "LinkVideo": "https://files.catbox.moe/h7kgo2.webm",
        "LinkMp3": "https://files.catbox.moe/5f3viy.mp3",
        "annId": 1966,
        "songDifficulty": 12.035666253626692,
        "vintage": "Winter 2003"
    },
    {
        "animeEng": "Vividred Operation",
        "animeRomaji": "Vividred Operation",
        "songName": "Energy",
        "artist": "earthmind",
        "type": "Opening 1",
        "correctCount": 13,
        "startTime": 22,
        "songDuration": 90.072,
        "songNumber": 52,
        "activePlayerCount": 168,
        "LinkVideo": "https://files.catbox.moe/alhfcv.webm",
        "LinkMp3": "https://files.catbox.moe/yl7ch0.mp3",
        "annId": 14723,
        "songDifficulty": 17.64676949356913,
        "vintage": "Winter 2013"
    },
    {
        "animeEng": "Shin Chan",
        "animeRomaji": "Crayon Shin-chan",
        "songName": "Dame Dame no Uta",
        "artist": "Lady Q, Akiko Yajima, Miki Narahashi",
        "type": "Opening 7",
        "correctCount": 140,
        "startTime": 25,
        "songDuration": 63.84,
        "songNumber": 53,
        "activePlayerCount": 168,
        "LinkVideo": "https://files.catbox.moe/4ybhi2.webm",
        "LinkMp3": "https://files.catbox.moe/geqcjx.mp3",
        "annId": 540,
        "songDifficulty": 44.959327411167514,
        "vintage": "Spring 1992"
    },
    {
        "animeEng": "Code Geass: Lelouch of the Rebellion R2",
        "animeRomaji": "Code Geass: Hangyaku no Lelouch R2",
        "songName": "Boku wa, Tori ni Naru.",
        "artist": "Hitomi",
        "type": "Insert Song",
        "correctCount": 78,
        "startTime": 68,
        "songDuration": 114.0538,
        "songNumber": 54,
        "activePlayerCount": 169,
        "LinkVideo": "https://files.catbox.moe/6tjxua.webm",
        "LinkMp3": "https://files.catbox.moe/hkcyhx.mp3",
        "annId": 9173,
        "songDifficulty": 27.47685722305389,
        "vintage": "Spring 2008"
    },
    {
        "animeEng": "Steins;Gate",
        "animeRomaji": "Steins;Gate",
        "songName": "Hacking to the Gate",
        "artist": "Kanako Itou",
        "type": "Opening 1",
        "correctCount": 145,
        "startTime": 22,
        "songDuration": 89.448,
        "songNumber": 55,
        "activePlayerCount": 169,
        "LinkVideo": "https://files.catbox.moe/kqcr2z.webm",
        "LinkMp3": "https://files.catbox.moe/8yqtn1.mp3",
        "annId": 11770,
        "songDifficulty": 59.59517170642759,
        "vintage": "Spring 2011"
    },
    {
        "animeEng": "Sword Art Online the Movie: Ordinal Scale",
        "animeRomaji": "Gekijouban Sword Art Online: Ordinal Scale",
        "songName": "Ubiquitous dB",
        "artist": "Sayaka Kanda",
        "type": "Insert Song",
        "correctCount": 71,
        "startTime": 8,
        "songDuration": 69.8253,
        "songNumber": 56,
        "activePlayerCount": 169,
        "LinkVideo": "https://files.catbox.moe/adzowt.webm",
        "LinkMp3": "https://files.catbox.moe/8gv2i8.mp3",
        "annId": 18141,
        "songDifficulty": 25.47255744097808,
        "vintage": "Winter 2017"
    },
    {
        "animeEng": "Senki Zesshou Symphogear XV",
        "animeRomaji": "Senki Zesshou Symphogear XV",
        "songName": "METANOIA -Aufwachen Form-",
        "artist": "Nana Mizuki",
        "type": "Insert Song",
        "correctCount": 39,
        "startTime": 25,
        "songDuration": 145.872,
        "songNumber": 57,
        "activePlayerCount": 171,
        "LinkVideo": "https://files.catbox.moe/ditavi.webm",
        "LinkMp3": "https://files.catbox.moe/wyulva.mp3",
        "annId": 22019,
        "songDifficulty": 36.6116026289181,
        "vintage": "Summer 2019"
    },
    {
        "animeEng": "Skeleton Knight in Another World",
        "animeRomaji": "Gaikotsu Kishi-sama, Tadaima Isekai e Odekakechuu",
        "songName": "Bokura ga Oroka da Nante Dare ga Itta",
        "artist": "DIALOGUE+",
        "type": "Ending 1",
        "correctCount": 50,
        "startTime": 3,
        "songDuration": 89.304,
        "songNumber": 58,
        "activePlayerCount": 170,
        "LinkVideo": "https://files.catbox.moe/bncc2g.webm",
        "LinkMp3": "https://files.catbox.moe/vxcz6h.mp3",
        "annId": 24313,
        "songDifficulty": 27.05756518121302,
        "vintage": "Spring 2022"
    },
    {
        "animeEng": "Fate/Extra Last Encore",
        "animeRomaji": "Fate/Extra Last Encore",
        "songName": "Tsuki to Hanataba",
        "artist": "Sayuri",
        "type": "Ending 1",
        "correctCount": 77,
        "startTime": 12,
        "songDuration": 86.568,
        "songNumber": 59,
        "activePlayerCount": 167,
        "LinkVideo": "https://files.catbox.moe/oxtemd.webm",
        "LinkMp3": "https://files.catbox.moe/5gjxj7.mp3",
        "annId": 18984,
        "songDifficulty": 31.465563798774106,
        "vintage": "Winter 2018"
    },
    {
        "animeEng": "Ginpei the Penguin",
        "animeRomaji": "Bucket de Gohan",
        "songName": "Samishikunai yo ne",
        "artist": "Aya Yamamoto",
        "type": "Ending 1",
        "correctCount": 2,
        "startTime": 15,
        "songDuration": 80.06393,
        "songNumber": 60,
        "activePlayerCount": 168,
        "LinkVideo": "https://files.catbox.moe/2fdlsl.webm",
        "LinkMp3": "https://files.catbox.moe/f2r1l8.mp3",
        "annId": 1230,
        "songDifficulty": 16.59722222222222,
        "vintage": "Winter 1996",
        "correctPlayers": [
            "Eryth",
            "gaaw"
        ]
    },
    {
        "animeEng": "Land of the Lustrous",
        "animeRomaji": "Houseki no Kuni",
        "songName": "Kyoumen no Nami [Orchestra Ver.]",
        "artist": "YURiKA",
        "type": "Ending 3",
        "correctCount": 95,
        "startTime": 24,
        "songDuration": 85.608,
        "songNumber": 61,
        "activePlayerCount": 169,
        "LinkVideo": "https://files.catbox.moe/tcp07s.webm",
        "LinkMp3": "https://files.catbox.moe/pik4jx.mp3",
        "annId": 19614,
        "songDifficulty": 43.45739199059173,
        "vintage": "Fall 2017"
    },
    {
        "animeEng": "Idol Angel Welcome Yoko",
        "animeRomaji": "Idol Tenshi Youkoso Youko",
        "songName": "Hitori ni Sasenai",
        "artist": "Mika Kanai",
        "type": "Insert Song",
        "correctCount": 10,
        "startTime": 13,
        "songDuration": 50.808,
        "songNumber": 62,
        "activePlayerCount": 170,
        "LinkVideo": "https://files.catbox.moe/503xba.webm",
        "LinkMp3": "https://files.catbox.moe/5zomt9.mp3",
        "annId": 1779,
        "songDifficulty": 17.852733470775462,
        "vintage": "Spring 1990"
    },
    {
        "animeEng": "Monster",
        "animeRomaji": "Monster",
        "songName": "for the love of life",
        "artist": "David Sylvian",
        "type": "Ending 1",
        "correctCount": 38,
        "startTime": 4,
        "songDuration": 68.904,
        "songNumber": 63,
        "activePlayerCount": 170,
        "LinkVideo": "https://files.catbox.moe/ob14h0.webm",
        "LinkMp3": "https://files.catbox.moe/3o4r28.mp3",
        "annId": 3750,
        "songDifficulty": 36.0002832326284,
        "vintage": "Spring 2004"
    },
    {
        "animeEng": "Durarara!!\u00d72 Shou: Watashi no Kokoro wa Nabe Moyou",
        "animeRomaji": "Durarara!!\u00d72 Shou: Watashi no Kokoro wa Nabe Moyou",
        "songName": "HEADHUNT",
        "artist": "OKAMOTO'S",
        "type": "Opening 1",
        "correctCount": 60,
        "startTime": 41,
        "songDuration": 88.392,
        "songNumber": 64,
        "activePlayerCount": 169,
        "LinkVideo": "https://files.catbox.moe/kvglpu.webm",
        "LinkMp3": "https://files.catbox.moe/a7na6y.mp3",
        "annId": 22239,
        "songDifficulty": 32.04407545105395,
        "vintage": "Spring 2015"
    },
    {
        "animeEng": "Love Live! School Idol Project",
        "animeRomaji": "Love Live! School Idol Project",
        "songName": "Kitto Seishun ga Kikoeru",
        "artist": "Pile, Yurika Kubo, Riho Iida",
        "type": "Ending 4",
        "correctCount": 118,
        "startTime": 67,
        "songDuration": 98.064,
        "songNumber": 65,
        "activePlayerCount": 168,
        "LinkVideo": "https://files.catbox.moe/wtqb3v.webm",
        "LinkMp3": "https://files.catbox.moe/wd54d1.mp3",
        "annId": 14062,
        "songDifficulty": 46.545977641385356,
        "vintage": "Winter 2013"
    },
    {
        "animeEng": "Clannad",
        "animeRomaji": "Clannad",
        "songName": "Dango Daikazoku",
        "artist": "Chata",
        "type": "Ending 1",
        "correctCount": 142,
        "startTime": 22,
        "songDuration": 87.552,
        "songNumber": 66,
        "activePlayerCount": 169,
        "LinkVideo": "https://files.catbox.moe/pw94j1.webm",
        "LinkMp3": "https://files.catbox.moe/tmsgjy.mp3",
        "annId": 7809,
        "songDifficulty": 61.13798752124519,
        "vintage": "Fall 2007"
    },
    {
        "animeEng": "Black Jack 21",
        "animeRomaji": "Black Jack 21",
        "songName": "Silence whispers",
        "artist": "TRF",
        "type": "Ending 2",
        "correctCount": 15,
        "startTime": 25,
        "songDuration": 81.024,
        "songNumber": 67,
        "activePlayerCount": 169,
        "LinkVideo": "https://files.catbox.moe/plo8q4.webm",
        "LinkMp3": "https://files.catbox.moe/evphxh.mp3",
        "annId": 6412,
        "songDifficulty": 17.838079446752264,
        "vintage": "Spring 2006"
    },
    {
        "animeEng": "Metropolis",
        "animeRomaji": "Metropolis",
        "songName": "I CAN'T STOP LOVING YOU",
        "artist": "Ray Charles",
        "type": "Insert Song",
        "correctCount": 17,
        "startTime": 191,
        "songDuration": 253.12218,
        "songNumber": 68,
        "activePlayerCount": 169,
        "LinkVideo": "https://files.catbox.moe/6nr9ld.webm",
        "LinkMp3": "https://files.catbox.moe/0s689d.mp3",
        "annId": 176,
        "songDifficulty": 16.458373840423537,
        "vintage": "Spring 2001"
    },
    {
        "animeEng": "Kageki Shoujo!!",
        "animeRomaji": "Kageki Shoujo!!",
        "songName": "Shiren no Toki",
        "artist": "Rico Sasaki",
        "type": "Insert Song",
        "correctCount": 17,
        "startTime": 41,
        "songDuration": 82.872,
        "songNumber": 69,
        "activePlayerCount": 170,
        "LinkVideo": "https://files.catbox.moe/qey7bq.webm",
        "LinkMp3": "https://files.catbox.moe/a1898o.mp3",
        "annId": 24087,
        "songDifficulty": 22.625168302640724,
        "vintage": "Summer 2021"
    },
    {
        "animeEng": "One Punch Man",
        "animeRomaji": "One Punch Man",
        "songName": "Sonic no One-Punch Ondo",
        "artist": "Yuki Kaji",
        "type": "Ending 3",
        "correctCount": 82,
        "startTime": 37,
        "songDuration": 92.928,
        "songNumber": 70,
        "activePlayerCount": 170,
        "LinkVideo": "https://files.catbox.moe/jguh3g.webm",
        "LinkMp3": "https://files.catbox.moe/cmgmb8.mp3",
        "annId": 17988,
        "songDifficulty": 44.20001901622718,
        "vintage": "Fall 2015"
    },
    {
        "animeEng": "Teekyuu",
        "animeRomaji": "Teekyuu",
        "songName": "Tottemo Safari",
        "artist": "Earth Star Dream",
        "type": "Opening 1",
        "correctCount": 109,
        "startTime": 1,
        "songDuration": 30.048,
        "songNumber": 71,
        "activePlayerCount": 171,
        "LinkVideo": "https://files.catbox.moe/nqitgy.webm",
        "LinkMp3": "https://files.catbox.moe/b95ezr.mp3",
        "annId": 17543,
        "songDifficulty": 43.933638216943955,
        "vintage": "Fall 2015"
    },
    {
        "animeEng": "Strike Witches: Road to Berlin",
        "animeRomaji": "Dai-501 Tougou Sentou Koukuu-dan Strike Witches: Road to Berlin",
        "songName": "Kimi no Tsubasa ni Akogarete",
        "artist": "Aya Uchida",
        "type": "Ending 10",
        "correctCount": 18,
        "startTime": 56,
        "songDuration": 88.464,
        "songNumber": 72,
        "activePlayerCount": 171,
        "LinkVideo": "https://files.catbox.moe/d0hl6j.webm",
        "LinkMp3": "https://files.catbox.moe/exglsy.mp3",
        "annId": 21189,
        "songDifficulty": 17.271178723620128,
        "vintage": "Fall 2020"
    },
    {
        "animeEng": "Getter Robo",
        "animeRomaji": "Getter Robo",
        "songName": "Getter Robo!",
        "artist": "Isao Sasaki",
        "type": "Opening 1",
        "correctCount": 115,
        "startTime": 16,
        "songDuration": 65.592,
        "songNumber": 73,
        "activePlayerCount": 171,
        "LinkVideo": "https://files.catbox.moe/z4l3c4.webm",
        "LinkMp3": "https://files.catbox.moe/0ujbre.mp3",
        "annId": 19,
        "songDifficulty": 41.733790271525045,
        "vintage": "Spring 1974"
    },
    {
        "animeEng": "Dream Warrior Wingman",
        "animeRomaji": "Yume Senshi Wingman",
        "songName": "Afternoon Samba",
        "artist": "Norimasa Yamanaka",
        "type": "Insert Song",
        "correctCount": 4,
        "startTime": 13,
        "songDuration": 89.964168,
        "songNumber": 74,
        "activePlayerCount": 171,
        "LinkVideo": "https://files.catbox.moe/5tn4aj.webm",
        "LinkMp3": "https://files.catbox.moe/6qpggz.mp3",
        "annId": 1709,
        "songDifficulty": 10.897108532133556,
        "vintage": "Winter 1984",
        "correctPlayers": [
            "gaaw",
            "Noru",
            "Zylda",
            "Shakira_"
        ]
    },
    {
        "animeEng": "Mahoromatic: Something More Beautiful",
        "animeRomaji": "Mahoromatic: Motto Utsukushii Mono",
        "songName": "Soleil",
        "artist": "Ayako Kawasumi",
        "type": "Opening 1",
        "correctCount": 5,
        "startTime": 26,
        "songDuration": 91.152,
        "songNumber": 75,
        "activePlayerCount": 171,
        "LinkVideo": "https://files.catbox.moe/4owel0.webm",
        "LinkMp3": "https://files.catbox.moe/vi4q4e.mp3",
        "annId": 786,
        "songDifficulty": 12.562820919832156,
        "vintage": "Summer 2002",
        "correctPlayers": [
            "Nippah",
            "Linlinlin",
            "Rukawa11",
            "Eryth",
            "Yokipi"
        ]
    },
    {
        "animeEng": "Those Snow White Notes",
        "animeRomaji": "Mashiro no Oto",
        "songName": "Kono Yume ga Sameru made",
        "artist": "Miliyah Kato feat. Yoshida Brothers",
        "type": "Ending 1",
        "correctCount": 58,
        "startTime": 21,
        "songDuration": 88.512,
        "songNumber": 76,
        "activePlayerCount": 171,
        "LinkVideo": "https://files.catbox.moe/uckk84.webm",
        "LinkMp3": "https://files.catbox.moe/y84m39.mp3",
        "annId": 23554,
        "songDifficulty": 32.712192770750114,
        "vintage": "Spring 2021"
    },
    {
        "animeEng": "The iDOLM@STER SideM",
        "animeRomaji": "The iDOLM@STER SideM",
        "songName": "Natsujikan Graffiti",
        "artist": "Beit, High\u00d7Joker, W",
        "type": "Insert Song",
        "correctCount": 13,
        "startTime": 54,
        "songDuration": 84.6,
        "songNumber": 77,
        "activePlayerCount": 171,
        "LinkVideo": "https://files.catbox.moe/7tus0g.webm",
        "LinkMp3": "https://files.catbox.moe/i2sw6w.mp3",
        "annId": 19884,
        "songDifficulty": 26.801669973544975,
        "vintage": "Summer 2017"
    },
    {
        "animeEng": "Pok\u00e9mon: Mewtwo Returns",
        "animeRomaji": "Pocket Monsters: Mewtwo! Ware wa Koko ni Ari",
        "songName": "OK!",
        "artist": "Rica Matsumoto",
        "type": "Opening 1",
        "correctCount": 103,
        "startTime": 14,
        "songDuration": 87.648,
        "songNumber": 78,
        "activePlayerCount": 171,
        "LinkVideo": "https://files.catbox.moe/b0rnw2.webm",
        "LinkMp3": "https://files.catbox.moe/57ed40.mp3",
        "annId": 832,
        "songDifficulty": 33.59854282753466,
        "vintage": "Fall 2000"
    },
    {
        "animeEng": "Ninja Girl & Samurai Master 2nd",
        "animeRomaji": "Nobunaga no Shinobi: Ise Kanegasaki-hen",
        "songName": "Hana no Kage",
        "artist": "Lily's Blow",
        "type": "Opening 2",
        "correctCount": 12,
        "startTime": 6,
        "songDuration": 39.36,
        "songNumber": 79,
        "activePlayerCount": 171,
        "LinkVideo": "https://files.catbox.moe/g85qtg.webm",
        "LinkMp3": "https://files.catbox.moe/kjjbzi.mp3",
        "annId": 19927,
        "songDifficulty": 19.675170684654116,
        "vintage": "Spring 2017"
    },
    {
        "animeEng": "Infinite Ryvius",
        "animeRomaji": "Mugen no Ryvius",
        "songName": "dis- (Song Bird Mix)",
        "artist": "Mika Arisaka",
        "type": "Insert Song",
        "correctCount": 8,
        "startTime": 79,
        "songDuration": 120.213444,
        "songNumber": 80,
        "activePlayerCount": 172,
        "LinkVideo": "https://files.catbox.moe/el4v3d.webm",
        "LinkMp3": "https://files.catbox.moe/pmmyrd.mp3",
        "annId": 411,
        "songDifficulty": 17.69956156904187,
        "vintage": "Fall 1999"
    },
    {
        "animeEng": "Fate/kaleid liner Prisma\u2606Illya",
        "animeRomaji": "Fate/kaleid liner Prisma\u2606Illya",
        "songName": "starlog",
        "artist": "ChouCho",
        "type": "Opening 1",
        "correctCount": 108,
        "startTime": 49,
        "songDuration": 89.568,
        "songNumber": 81,
        "activePlayerCount": 173,
        "LinkVideo": "https://files.catbox.moe/3r2had.webm",
        "LinkMp3": "https://files.catbox.moe/khidi5.mp3",
        "annId": 15635,
        "songDifficulty": 34.566946195407475,
        "vintage": "Winter 2014"
    },
    {
        "animeEng": "Persona 5 the Animation: Dark Sun",
        "animeRomaji": "Persona 5 the Animation: Dark Sun",
        "songName": "Dark Sun...",
        "artist": "Lyn",
        "type": "Opening 1",
        "correctCount": 133,
        "startTime": 45,
        "songDuration": 87.613188,
        "songNumber": 82,
        "activePlayerCount": 173,
        "LinkVideo": "https://files.catbox.moe/ekxxf7.webm",
        "LinkMp3": "https://files.catbox.moe/ewf3kz.mp3",
        "annId": 21597,
        "songDifficulty": 47.973047293676316,
        "vintage": "Fall 2018"
    },
    {
        "animeEng": "Texhnolyze",
        "animeRomaji": "Texhnolyze",
        "songName": "GUARDIAN ANGEL(XAVIER'S EDIT)",
        "artist": "JUNO REACTOR",
        "type": "Opening 1",
        "correctCount": 56,
        "startTime": 4,
        "songDuration": 79.368,
        "songNumber": 83,
        "activePlayerCount": 173,
        "LinkVideo": "https://files.catbox.moe/j2mvov.webm",
        "LinkMp3": "https://files.catbox.moe/pb7y5l.mp3",
        "annId": 2304,
        "songDifficulty": 31.086471512883815,
        "vintage": "Spring 2003"
    },
    {
        "animeEng": "In/Spectre",
        "animeRomaji": "Kyokou Suiri",
        "songName": "LAST DANCE",
        "artist": "Mamoru Miyano",
        "type": "Ending 1",
        "correctCount": 84,
        "startTime": 23,
        "songDuration": 89.568,
        "songNumber": 84,
        "activePlayerCount": 173,
        "LinkVideo": "https://files.catbox.moe/azll8p.webm",
        "LinkMp3": "https://files.catbox.moe/r3dh8q.mp3",
        "annId": 22256,
        "songDifficulty": 26.19079254987531,
        "vintage": "Winter 2020"
    },
    {
        "animeEng": "The Bush Baby",
        "animeRomaji": "Daisougen no Chiisana Tenshi: Bush Baby",
        "songName": "Tori ni Naru",
        "artist": "Maya Okamoto",
        "type": "Ending 1",
        "correctCount": 0,
        "startTime": 44,
        "songDuration": 76.248,
        "songNumber": 85,
        "activePlayerCount": 172,
        "LinkVideo": "https://files.catbox.moe/kpklox.webm",
        "LinkMp3": "https://files.catbox.moe/gxuza2.mp3",
        "annId": 2075,
        "songDifficulty": 3.6854100869902484,
        "vintage": "Winter 1992"
    }
]