[
    {
        "animeEng": "Itoshi no Betty Mamonogatari",
        "animeRomaji": "Itoshi no Betty Mamonogatari",
        "songName": "Ai ni Kite",
        "artist": "Kazue Itou",
        "type": "Ending 1",
        "correctCount": 0,
        "startTime": 31,
        "songDuration": 215.952,
        "songNumber": 1,
        "activePlayerCount": 189,
        "LinkVideo": "https://files.catbox.moe/wr48w2.webm",
        "LinkMp3": "https://files.catbox.moe/ql0c5g.mp3",
        "annId": 22351,
        "songDifficulty": 6.770833333333333,
        "vintage": "Summer 1986"
    },
    {
        "animeEng": "Nintama Rantaro",
        "animeRomaji": "Nintama Rantaro",
        "songName": "Kono Aozora wa Wasurenai",
        "artist": "Johnny Jr.",
        "type": "Ending 27",
        "correctCount": 2,
        "startTime": 5,
        "songDuration": 60.288,
        "songNumber": 2,
        "activePlayerCount": 194,
        "LinkVideo": "https://files.catbox.moe/uivuo3.webm",
        "LinkMp3": "https://files.catbox.moe/kuc8do.mp3",
        "annId": 3465,
        "songDifficulty": 20,
        "vintage": "Spring 1993",
        "correctPlayers": [
            "Bai",
            "shadowpandax"
        ]
    },
    {
        "animeEng": "Hi-sCool! Seha Girls",
        "animeRomaji": "Hi\u2606sCoool! SeHa Girls",
        "songName": "Gekitei (Geki! Teikoku Kageki-dan)",
        "artist": "Chisa Yokoyama & Teikoku Kageki-dan",
        "type": "Insert Song",
        "correctCount": 99,
        "startTime": 1,
        "songDuration": 70.056,
        "songNumber": 3,
        "activePlayerCount": 200,
        "LinkVideo": "https://files.catbox.moe/jegxnl.webm",
        "LinkMp3": "https://files.catbox.moe/xxjdiw.mp3",
        "annId": 16122,
        "songDifficulty": 43.06315661172622,
        "vintage": "Fall 2014"
    },
    {
        "animeEng": "Dragon Ball Z: Bojack Unbound",
        "animeRomaji": "Dragon Ball Z: Ginga Girigiri!! Bucchigiri no Sugoi Yatsu",
        "songName": "Ginga o Koete Rising High",
        "artist": "Hironobu Kageyama",
        "type": "Ending 1",
        "correctCount": 11,
        "startTime": 50,
        "songDuration": 94.848,
        "songNumber": 4,
        "activePlayerCount": 204,
        "LinkVideo": "https://files.catbox.moe/jb9cmz.webm",
        "LinkMp3": "https://files.catbox.moe/zdkiph.mp3",
        "annId": 987,
        "songDifficulty": 9.022661833485145,
        "vintage": "Summer 1993"
    },
    {
        "animeEng": "Wake Up, Girls! New Chapter",
        "animeRomaji": "Wake Up, Girls! Shin Shou",
        "songName": "Wug Zoo Zoo",
        "artist": "Wake Up, Girls!",
        "type": "Insert Song",
        "correctCount": 20,
        "startTime": 10,
        "songDuration": 48.144,
        "songNumber": 5,
        "activePlayerCount": 205,
        "LinkVideo": "https://files.catbox.moe/mlzejy.webm",
        "LinkMp3": "https://files.catbox.moe/tgdims.mp3",
        "annId": 19921,
        "songDifficulty": 18.6461920820718,
        "vintage": "Fall 2017"
    },
    {
        "animeEng": "Aikatsu!",
        "animeRomaji": "Aikatsu!",
        "songName": "Chica\u00d7Chica",
        "artist": "Miho from AIKATSU\u2606STARS!",
        "type": "Insert Song",
        "correctCount": 95,
        "startTime": 52,
        "songDuration": 112.632,
        "songNumber": 6,
        "activePlayerCount": 206,
        "LinkVideo": "https://files.catbox.moe/o26t6z.webm",
        "LinkMp3": "https://files.catbox.moe/8n5nqm.mp3",
        "annId": 16824,
        "songDifficulty": 41.16305344242557,
        "vintage": "Fall 2015"
    },
    {
        "animeEng": "Crayon Shin-chan: Arashi o Yobu Eikou no Yakiniku Road",
        "animeRomaji": "Crayon Shin-chan: Arashi o Yobu Eikou no Yakiniku Road",
        "songName": "Konna Toki Koso Yakiniku ga Aru",
        "artist": "Nohara Ie All Stars",
        "type": "Ending 1",
        "correctCount": 94,
        "startTime": 84,
        "songDuration": 171.552,
        "songNumber": 7,
        "activePlayerCount": 206,
        "LinkVideo": "https://files.catbox.moe/ypuqre.webm",
        "LinkMp3": "https://files.catbox.moe/f1zo8h.mp3",
        "annId": 6749,
        "songDifficulty": 31.07473371584372,
        "vintage": "Spring 2003"
    },
    {
        "animeEng": "Fate/Grand Order Absolute Demonic Front: Babylonia",
        "animeRomaji": "Fate/Grand Order: Zettai Majuu Sensen Babylonia",
        "songName": "Shikisai",
        "artist": "Maaya Sakamoto",
        "type": "Insert Song",
        "correctCount": 82,
        "startTime": 19,
        "songDuration": 209.616,
        "songNumber": 8,
        "activePlayerCount": 208,
        "LinkVideo": "https://files.catbox.moe/6fhzra.webm",
        "LinkMp3": "https://files.catbox.moe/nzld9g.mp3",
        "annId": 23547,
        "songDifficulty": 27.955630401831787,
        "vintage": "Summer 2019"
    },
    {
        "animeEng": "Toradora!",
        "animeRomaji": "Toradora!",
        "songName": "Orange",
        "artist": "Rie Kugimiya, Yui Horie, Eri Kitamura",
        "type": "Ending 2",
        "correctCount": 91,
        "startTime": 17,
        "songDuration": 104.064,
        "songNumber": 9,
        "activePlayerCount": 212,
        "LinkVideo": "https://files.catbox.moe/jsn9j9.webm",
        "LinkMp3": "https://files.catbox.moe/iuoup2.mp3",
        "annId": 10050,
        "songDifficulty": 34.86579301075269,
        "vintage": "Fall 2008"
    },
    {
        "animeEng": "Teekyuu",
        "animeRomaji": "Teekyuu",
        "songName": "Gluten Elegy",
        "artist": "Kaori Ishihara",
        "type": "Opening 1",
        "correctCount": 125,
        "startTime": 0,
        "songDuration": 29.016,
        "songNumber": 10,
        "activePlayerCount": 212,
        "LinkVideo": "https://files.catbox.moe/80mchm.webm",
        "LinkMp3": "https://files.catbox.moe/z0ahd2.mp3",
        "annId": 18687,
        "songDifficulty": 41.195514649923894,
        "vintage": "Fall 2016"
    },
    {
        "animeEng": "Freezing Vibration",
        "animeRomaji": "Freezing Vibration",
        "songName": "AVENGE WORLD",
        "artist": "Konomi Suzuki",
        "type": "Opening 1",
        "correctCount": 32,
        "startTime": 36,
        "songDuration": 88.44,
        "songNumber": 11,
        "activePlayerCount": 215,
        "LinkVideo": "https://files.catbox.moe/jufo6o.webm",
        "LinkMp3": "https://files.catbox.moe/xxojy5.mp3",
        "annId": 15226,
        "songDifficulty": 16.30621290900342,
        "vintage": "Fall 2013"
    },
    {
        "animeEng": "Sgt. Frog",
        "animeRomaji": "Keroro Gunsou",
        "songName": "Cycling Recycle",
        "artist": "Kirin",
        "type": "Ending 7",
        "correctCount": 5,
        "startTime": 11,
        "songDuration": 89.472,
        "songNumber": 12,
        "activePlayerCount": 214,
        "LinkVideo": "https://files.catbox.moe/pn92h7.webm",
        "LinkMp3": "https://files.catbox.moe/bp3ppf.mp3",
        "annId": 3711,
        "songDifficulty": 19.63885325538358,
        "vintage": "Spring 2004",
        "correctPlayers": [
            "kar72",
            "ponytailsud2",
            "SunChunLam",
            "Bai",
            "ozsauce"
        ]
    },
    {
        "animeEng": "Pichu Bros. in Party Panic!",
        "animeRomaji": "Boku-tachi Pichu Brothers: Party wa Oosawagi! no Maki",
        "songName": "Bokura Pichu Pichu Brothers!",
        "artist": "Kumiko Endo",
        "type": "Opening 1",
        "correctCount": 49,
        "startTime": 41,
        "songDuration": 106.296,
        "songNumber": 13,
        "activePlayerCount": 217,
        "LinkVideo": "https://files.catbox.moe/vqcf94.webm",
        "LinkMp3": "https://files.catbox.moe/v4ugi7.mp3",
        "annId": 15664,
        "songDifficulty": 21.4826972775343,
        "vintage": "Summer 2003"
    },
    {
        "animeEng": "PuraOre! Pride of Orange",
        "animeRomaji": "PuraOre! Pride of Orange",
        "songName": "Victory Sunrise",
        "artist": "SMILE PRINCESS",
        "type": "Ending 3",
        "correctCount": 7,
        "startTime": 57,
        "songDuration": 300.144,
        "songNumber": 14,
        "activePlayerCount": 219,
        "LinkVideo": "https://files.catbox.moe/2qmetu.webm",
        "LinkMp3": "https://files.catbox.moe/wmup17.mp3",
        "annId": 23837,
        "songDifficulty": 16.80456972361809,
        "vintage": "Fall 2021"
    },
    {
        "animeEng": "Tsubasa RESERVoir CHRoNiCLE the Movie: The Princess in the Birdcage Kingdom",
        "animeRomaji": "Tsubasa Chronicle: Torikago no Kuni no Himegimi",
        "songName": "Amrita",
        "artist": "Yui Makino",
        "type": "Ending 1",
        "correctCount": 7,
        "startTime": 65,
        "songDuration": 200.784,
        "songNumber": 15,
        "activePlayerCount": 223,
        "LinkVideo": "https://files.catbox.moe/y7smfz.webm",
        "LinkMp3": "https://files.catbox.moe/lcgxvt.mp3",
        "annId": 5148,
        "songDifficulty": 14.704466488486842,
        "vintage": "Summer 2005"
    },
    {
        "animeEng": "Hi Score Girl",
        "animeRomaji": "High Score Girl",
        "songName": "Houkago Distraction",
        "artist": "Etsuko Yakushimaru",
        "type": "Ending 1",
        "correctCount": 76,
        "startTime": 1,
        "songDuration": 89.4,
        "songNumber": 16,
        "activePlayerCount": 222,
        "LinkVideo": "https://files.catbox.moe/gt4kps.webm",
        "LinkMp3": "https://files.catbox.moe/xn6rzt.mp3",
        "annId": 20797,
        "songDifficulty": 30.66227919587043,
        "vintage": "Summer 2018"
    },
    {
        "animeEng": "Pok\u00e9mon the Series: XYZ",
        "animeRomaji": "Pok\u00e9mon XY&Z",
        "songName": "V (Volt)",
        "artist": "Yusuke",
        "type": "Ending 7",
        "correctCount": 143,
        "startTime": 105,
        "songDuration": 223.512,
        "songNumber": 17,
        "activePlayerCount": 224,
        "LinkVideo": "https://files.catbox.moe/gi888q.webm",
        "LinkMp3": "https://files.catbox.moe/92dnt1.mp3",
        "annId": 17650,
        "songDifficulty": 42.40521027674129,
        "vintage": "Fall 2015"
    },
    {
        "animeEng": "Crest of the Stars",
        "animeRomaji": "Seikai no Monshou",
        "songName": "Seikai no Monshou",
        "artist": "Katsuhisa Hattori",
        "type": "Opening 1",
        "correctCount": 46,
        "startTime": 69,
        "songDuration": 98.448,
        "songNumber": 18,
        "activePlayerCount": 225,
        "LinkVideo": "https://files.catbox.moe/9jwqss.webm",
        "LinkMp3": "https://files.catbox.moe/y42643.mp3",
        "annId": 14,
        "songDifficulty": 19.946990536971832,
        "vintage": "Winter 1999"
    },
    {
        "animeEng": "Lucky Star",
        "animeRomaji": "Lucky Star",
        "songName": "Doraemon no Uta",
        "artist": "Aya Endo & Kaori Fukuhara",
        "type": "Ending 11",
        "correctCount": 89,
        "startTime": 44,
        "songDuration": 89.568,
        "songNumber": 19,
        "activePlayerCount": 222,
        "LinkVideo": "https://files.catbox.moe/qq300z.webm",
        "LinkMp3": "https://files.catbox.moe/9s7ujj.mp3",
        "annId": 7222,
        "songDifficulty": 49.353125,
        "vintage": "Spring 2007"
    },
    {
        "animeEng": "Uma Musume: Pretty Derby Season 2",
        "animeRomaji": "Uma Musume: Pretty Derby Season 2",
        "songName": "Koi wa Derby\u2606",
        "artist": "Machico",
        "type": "Insert Song",
        "correctCount": 50,
        "startTime": 23,
        "songDuration": 71.616,
        "songNumber": 20,
        "activePlayerCount": 222,
        "LinkVideo": "https://files.catbox.moe/kw1ei5.webm",
        "LinkMp3": "https://files.catbox.moe/8wa1ya.mp3",
        "annId": 23863,
        "songDifficulty": 25.61125312255094,
        "vintage": "Winter 2021"
    },
    {
        "animeEng": "Aikatsu Friends!",
        "animeRomaji": "Aikatsu Friends!",
        "songName": "Guuzen, Hitsuzen.",
        "artist": "Kaguya from BEST FRIENDS!",
        "type": "Insert Song",
        "correctCount": 11,
        "startTime": 86,
        "songDuration": 121.008,
        "songNumber": 21,
        "activePlayerCount": 221,
        "LinkVideo": "https://files.catbox.moe/xfbpm8.webm",
        "LinkMp3": "https://files.catbox.moe/1rdikb.mp3",
        "annId": 20586,
        "songDifficulty": 16.538436556027044,
        "vintage": "Spring 2018"
    },
    {
        "animeEng": "Teasing Master Takagi-san",
        "animeRomaji": "Karakai Jouzu no Takagi-san",
        "songName": "Iwanai kedo ne.",
        "artist": "Yuiko Ohara",
        "type": "Opening 1",
        "correctCount": 104,
        "startTime": 19,
        "songDuration": 88.8,
        "songNumber": 22,
        "activePlayerCount": 220,
        "LinkVideo": "https://files.catbox.moe/zbl4xb.webm",
        "LinkMp3": "https://files.catbox.moe/i7pfq9.mp3",
        "annId": 21134,
        "songDifficulty": 41.50779359185918,
        "vintage": "Summer 2018"
    },
    {
        "animeEng": "Beastars",
        "animeRomaji": "Beastars",
        "songName": "Many Stories-epilogue-",
        "artist": "Chica",
        "type": "Insert Song",
        "correctCount": 74,
        "startTime": 43,
        "songDuration": 76.608,
        "songNumber": 23,
        "activePlayerCount": 220,
        "LinkVideo": "https://files.catbox.moe/crnj5w.webm",
        "LinkMp3": "https://files.catbox.moe/a9cq5c.mp3",
        "annId": 23749,
        "songDifficulty": 21.8826772576457,
        "vintage": "Winter 2021"
    },
    {
        "animeEng": "YuruYuri Season 1",
        "animeRomaji": "Yuru Yuri",
        "songName": "Majokko Mirakurun\u266a",
        "artist": "Ayana Taketatsu",
        "type": "Insert Song",
        "correctCount": 65,
        "startTime": 2,
        "songDuration": 42.432,
        "songNumber": 24,
        "activePlayerCount": 220,
        "LinkVideo": "https://files.catbox.moe/uksyhs.webm",
        "LinkMp3": "https://files.catbox.moe/51zwic.mp3",
        "annId": 12828,
        "songDifficulty": 38.11647843942505,
        "vintage": "Summer 2011"
    },
    {
        "animeEng": "Minami-ke: Betsubara",
        "animeRomaji": "Minami-ke: Betsubara",
        "songName": "Arigatou Thank You",
        "artist": "Rina Satou, Marina Inoue, Minori Chihara",
        "type": "Ending 1",
        "correctCount": 8,
        "startTime": 54,
        "songDuration": 83.544,
        "songNumber": 25,
        "activePlayerCount": 222,
        "LinkVideo": "https://files.catbox.moe/qb2gyy.webm",
        "LinkMp3": "https://files.catbox.moe/4uoqxj.mp3",
        "annId": 10960,
        "songDifficulty": 12.005585273010327,
        "vintage": "Spring 2009"
    },
    {
        "animeEng": "Dr. Stone",
        "animeRomaji": "Dr. Stone",
        "songName": "Good Morning World!",
        "artist": "BURNOUT SYNDROMES",
        "type": "Opening 1",
        "correctCount": 158,
        "startTime": 38,
        "songDuration": 89.568,
        "songNumber": 26,
        "activePlayerCount": 222,
        "LinkVideo": "https://files.catbox.moe/jjrvpb.webm",
        "LinkMp3": "https://files.catbox.moe/k5s86w.mp3",
        "annId": 21703,
        "songDifficulty": 50.397941742405635,
        "vintage": "Summer 2019"
    },
    {
        "animeEng": "Sasami: Magical Girls Club Season 2",
        "animeRomaji": "Sasami: Mahou Shoujo Club Season 2",
        "songName": "Sweet MAGIC",
        "artist": "Magical Sweets",
        "type": "Opening 1",
        "correctCount": 19,
        "startTime": 24,
        "songDuration": 89.52,
        "songNumber": 27,
        "activePlayerCount": 223,
        "LinkVideo": "https://files.catbox.moe/dqul08.webm",
        "LinkMp3": "https://files.catbox.moe/mudmv8.mp3",
        "annId": 7659,
        "songDifficulty": 19.831993000305996,
        "vintage": "Fall 2006"
    },
    {
        "animeEng": "Gakkou no Kowai Uwasa: Hanako-san ga Kita!!",
        "animeRomaji": "Gakkou no Kowai Uwasa: Hanako-san ga Kita!!",
        "songName": "Hanako-san ga Kita!!",
        "artist": "Mayutan",
        "type": "Opening 1",
        "correctCount": 25,
        "startTime": 7,
        "songDuration": 44.976,
        "songNumber": 28,
        "activePlayerCount": 223,
        "LinkVideo": "https://files.catbox.moe/lrjtgp.webm",
        "LinkMp3": "https://files.catbox.moe/obf44s.mp3",
        "annId": 2204,
        "songDifficulty": 12.829780873081141,
        "vintage": "Summer 1994"
    },
    {
        "animeEng": "The Seven Deadly Sins",
        "animeRomaji": "Nanatsu no Taizai",
        "songName": "Seven Deadly Sins",
        "artist": "MAN WITH A MISSION",
        "type": "Opening 2",
        "correctCount": 148,
        "startTime": 29,
        "songDuration": 88.92,
        "songNumber": 29,
        "activePlayerCount": 224,
        "LinkVideo": "https://files.catbox.moe/5nha2a.webm",
        "LinkMp3": "https://files.catbox.moe/n28uhv.mp3",
        "annId": 16167,
        "songDifficulty": 40.04492296722962,
        "vintage": "Fall 2014"
    },
    {
        "animeEng": "Wasteful Days of High School Girls",
        "animeRomaji": "Joshikousei no Mudazukai",
        "songName": "Wa! Moon! dass! cry!",
        "artist": "Chinatsu Akasaki, Haruka Tomatsu, Aki Toyosaki",
        "type": "Opening 1",
        "correctCount": 71,
        "startTime": 1,
        "songDuration": 89.28,
        "songNumber": 30,
        "activePlayerCount": 224,
        "LinkVideo": "https://files.catbox.moe/0ms4ih.webm",
        "LinkMp3": "https://files.catbox.moe/p9e5np.mp3",
        "annId": 21762,
        "songDifficulty": 30.176664541661147,
        "vintage": "Summer 2019"
    },
    {
        "animeEng": "Chihayafuru",
        "animeRomaji": "Chihayafuru",
        "songName": "YOUTHFUL",
        "artist": "99RadioService",
        "type": "Opening 1",
        "correctCount": 130,
        "startTime": 9,
        "songDuration": 69.792,
        "songNumber": 31,
        "activePlayerCount": 223,
        "LinkVideo": "https://files.catbox.moe/g3dt77.webm",
        "LinkMp3": "https://files.catbox.moe/rt3mrf.mp3",
        "annId": 12991,
        "songDifficulty": 38.17244588222189,
        "vintage": "Fall 2011"
    },
    {
        "animeEng": "Moomin",
        "animeRomaji": "Muumin",
        "songName": "Nee! Moomin",
        "artist": "Toshiko Fujita",
        "type": "Opening 1",
        "correctCount": 49,
        "startTime": 1,
        "songDuration": 67.824,
        "songNumber": 32,
        "activePlayerCount": 224,
        "LinkVideo": "https://files.catbox.moe/kbeo7r.webm",
        "LinkMp3": "https://files.catbox.moe/5roe1z.mp3",
        "annId": 431,
        "songDifficulty": 18.0438904494382,
        "vintage": "Fall 1969"
    },
    {
        "animeEng": "Starmyu",
        "animeRomaji": "Koukou Hoshi Kageki",
        "songName": "Magic Time Maker",
        "artist": "team Ootori & team Hiiragi & team Yuzuriha & team Sazanami",
        "type": "Insert Song",
        "correctCount": 113,
        "startTime": 54,
        "songDuration": 110.544,
        "songNumber": 33,
        "activePlayerCount": 224,
        "LinkVideo": "https://files.catbox.moe/bquyhp.webm",
        "LinkMp3": "https://files.catbox.moe/9swss6.mp3",
        "annId": 21981,
        "songDifficulty": 38.82272190126051,
        "vintage": "Summer 2019"
    },
    {
        "animeEng": "Little Akane",
        "animeRomaji": "Akane-chan",
        "songName": "Hidebaro Song",
        "artist": "Kazue Takahashi",
        "type": "Ending 1",
        "correctCount": 1,
        "startTime": 31,
        "songDuration": 60.144,
        "songNumber": 34,
        "activePlayerCount": 224,
        "LinkVideo": "https://files.catbox.moe/anyj0o.webm",
        "LinkMp3": "https://files.catbox.moe/zhdyy0.mp3",
        "annId": 1071,
        "songDifficulty": 15.952382877173013,
        "vintage": "Spring 1968",
        "correctPlayers": [
            "Nippah"
        ]
    },
    {
        "animeEng": "Sayonara Zetsubou Sensei",
        "animeRomaji": "Sayonara Zetsubou Sensei",
        "songName": "Zessei Bijin",
        "artist": "Zetsubou Shoujo-tachi",
        "type": "Ending 1",
        "correctCount": 32,
        "startTime": 21,
        "songDuration": 88.368,
        "songNumber": 35,
        "activePlayerCount": 225,
        "LinkVideo": "https://files.catbox.moe/g9mkaz.webm",
        "LinkMp3": "https://files.catbox.moe/18bb4y.mp3",
        "annId": 7767,
        "songDifficulty": 22.622293709150327,
        "vintage": "Summer 2007"
    },
    {
        "animeEng": "Captain Tsubasa",
        "animeRomaji": "Captain Tsubasa",
        "songName": "Moete Hero",
        "artist": "Hiroyuki Okita",
        "type": "Opening 1",
        "correctCount": 168,
        "startTime": 22,
        "songDuration": 83.45979,
        "songNumber": 36,
        "activePlayerCount": 226,
        "LinkVideo": "https://files.catbox.moe/xd2kic.webm",
        "LinkMp3": "https://files.catbox.moe/febdvz.mp3",
        "annId": 916,
        "songDifficulty": 42.7427497955289,
        "vintage": "Fall 1983"
    },
    {
        "animeEng": "Kakushigoto: Himegoto wa Nan Desu ka",
        "animeRomaji": "Kakushigoto: Himegoto wa Nan Desu ka",
        "songName": "Chiisana Hibi",
        "artist": "flumpool",
        "type": "Insert Song",
        "correctCount": 121,
        "startTime": 46,
        "songDuration": 93.552,
        "songNumber": 37,
        "activePlayerCount": 226,
        "LinkVideo": "https://files.catbox.moe/76gx2m.webm",
        "LinkMp3": "https://files.catbox.moe/0z0kg5.mp3",
        "annId": 24236,
        "songDifficulty": 41.04761664746544,
        "vintage": "Summer 2021"
    },
    {
        "animeEng": "Let's Make a Mug Too 2",
        "animeRomaji": "Yakunara Mug Cup mo: Niban Kama",
        "songName": "Let's try it!!",
        "artist": "MUG-MO",
        "type": "Insert Song",
        "correctCount": 11,
        "startTime": 4,
        "songDuration": 37.8,
        "songNumber": 38,
        "activePlayerCount": 227,
        "LinkVideo": "https://files.catbox.moe/1a9s2e.webm",
        "LinkMp3": "https://files.catbox.moe/qqgw7a.mp3",
        "annId": 24472,
        "songDifficulty": 18.023979642292044,
        "vintage": "Fall 2021"
    },
    {
        "animeEng": "Pikachu to Eevee Friends",
        "animeRomaji": "Pikachu to Eevee Friends",
        "songName": "Te o Tsunago",
        "artist": "Shiritsu Ebisu Chuugaku",
        "type": "Ending 1",
        "correctCount": 5,
        "startTime": 18,
        "songDuration": 169.704,
        "songNumber": 39,
        "activePlayerCount": 227,
        "LinkVideo": "https://files.catbox.moe/l6aur3.webm",
        "LinkMp3": "https://files.catbox.moe/upeo41.mp3",
        "annId": 15662,
        "songDifficulty": 10.781620077417987,
        "vintage": "Summer 2013",
        "correctPlayers": [
            "kar72",
            "peepiss",
            "Carlos1218",
            "YYYYYYYYYYYYYYYY",
            "ozsauce"
        ]
    },
    {
        "animeEng": "Toriko 3D: Kaimaku Gourmet Adventure!!",
        "animeRomaji": "Toriko 3D: Kaimaku Gourmet Adventure!!",
        "songName": "The Sharing Song ~Toriko no Theme~",
        "artist": "Tokyo Ska Paradise Orchestra",
        "type": "Ending 1",
        "correctCount": 3,
        "startTime": 44,
        "songDuration": 88.8,
        "songNumber": 40,
        "activePlayerCount": 227,
        "LinkVideo": "https://files.catbox.moe/kaesxr.webm",
        "LinkMp3": "https://files.catbox.moe/anx9l8.mp3",
        "annId": 12042,
        "songDifficulty": 5.0588235294117645,
        "vintage": "Winter 2011",
        "correctPlayers": [
            "Thaleko",
            "konomi",
            "shadowpandax"
        ]
    },
    {
        "animeEng": "The Demon Girl Next Door Season 2",
        "animeRomaji": "Machikado Mazoku 2-choume",
        "songName": "Machikado Tangent",
        "artist": "shami momo",
        "type": "Insert Song",
        "correctCount": 68,
        "startTime": 128,
        "songDuration": 186.288,
        "songNumber": 41,
        "activePlayerCount": 227,
        "LinkVideo": "https://files.catbox.moe/cf5b7u.webm",
        "LinkMp3": "https://files.catbox.moe/4iaw35.mp3",
        "annId": 24476,
        "songDifficulty": 45.07696933567604,
        "vintage": "Spring 2022"
    },
    {
        "animeEng": "Saint Seiya: The Heated Battle of the Gods",
        "animeRomaji": "Saint Seiya: Kamigami no Atsuki Tatakai",
        "songName": "Pegasus Fantasy",
        "artist": "MAKE-UP",
        "type": "Opening 1",
        "correctCount": 163,
        "startTime": 26,
        "songDuration": 82.968,
        "songNumber": 42,
        "activePlayerCount": 226,
        "LinkVideo": "https://files.catbox.moe/w7t8yo.webm",
        "LinkMp3": "https://files.catbox.moe/pqfrcp.mp3",
        "annId": 3330,
        "songDifficulty": 51.024592812823165,
        "vintage": "Winter 1988"
    },
    {
        "animeEng": "BanG Dream! Film Live",
        "animeRomaji": "BanG Dream! Film Live",
        "songName": "Shuwarin\u2606Drea~min",
        "artist": "Pastel*Palettes",
        "type": "Insert Song",
        "correctCount": 71,
        "startTime": 44,
        "songDuration": 99.696,
        "songNumber": 43,
        "activePlayerCount": 226,
        "LinkVideo": "https://files.catbox.moe/wavi9z.webm",
        "LinkMp3": "https://files.catbox.moe/czd7on.mp3",
        "annId": 22045,
        "songDifficulty": 44.52041343463886,
        "vintage": "Summer 2019"
    },
    {
        "animeEng": "Kaguya-sama: Love is War Season 2",
        "animeRomaji": "Kaguya-sama wa Kokurasetai?: Tensai-tachi no Renai Zunousen",
        "songName": "DADDY! DADDY! DO!",
        "artist": "Masayuki Suzuki feat. Airi Suzuki",
        "type": "Opening 1",
        "correctCount": 151,
        "startTime": 26,
        "songDuration": 88.704,
        "songNumber": 44,
        "activePlayerCount": 224,
        "LinkVideo": "https://files.catbox.moe/peucdp.webm",
        "LinkMp3": "https://files.catbox.moe/zhhdh4.mp3",
        "annId": 22587,
        "songDifficulty": 54.11068562485432,
        "vintage": "Spring 2020"
    },
    {
        "animeEng": "Black Lagoon",
        "animeRomaji": "Black Lagoon",
        "songName": "Don't Look Behind",
        "artist": "EDISON",
        "type": "Ending 1",
        "correctCount": 129,
        "startTime": 13,
        "songDuration": 88.99425,
        "songNumber": 45,
        "activePlayerCount": 224,
        "LinkVideo": "https://files.catbox.moe/scc3hw.webm",
        "LinkMp3": "https://files.catbox.moe/79oct4.mp3",
        "annId": 6159,
        "songDifficulty": 30.669573818768097,
        "vintage": "Spring 2006"
    },
    {
        "animeEng": "Barakamon",
        "animeRomaji": "Barakamon",
        "songName": "Rashisa",
        "artist": "SUPER BEAVER",
        "type": "Opening 1",
        "correctCount": 124,
        "startTime": 44,
        "songDuration": 90.072,
        "songNumber": 46,
        "activePlayerCount": 225,
        "LinkVideo": "https://files.catbox.moe/dyxtxj.webm",
        "LinkMp3": "https://files.catbox.moe/0rkce2.mp3",
        "annId": 16083,
        "songDifficulty": 38.678904267131976,
        "vintage": "Summer 2014"
    },
    {
        "animeEng": "BanG Dream! Girls Band Party! Pico",
        "animeRomaji": "BanG Dream! Garupa\u2606Pico",
        "songName": "Egao no Orchestra!",
        "artist": "Hello, Happy World!",
        "type": "Insert Song",
        "correctCount": 59,
        "startTime": 0,
        "songDuration": 22.008,
        "songNumber": 47,
        "activePlayerCount": 224,
        "LinkVideo": "https://files.catbox.moe/onybvx.webm",
        "LinkMp3": "https://files.catbox.moe/sn95pk.mp3",
        "annId": 21290,
        "songDifficulty": 43.42568738957597,
        "vintage": "Summer 2018"
    },
    {
        "animeEng": "Eiga Healin' Good\u2661Precure: Yume no Machi de Kyun! tto GoGo! Dai Henshin!!",
        "animeRomaji": "Eiga Healin' Good\u2661Precure: Yume no Machi de Kyun! tto GoGo! Dai Henshin!!",
        "songName": "Grace Flowers",
        "artist": "Rie Kitagawa",
        "type": "Insert Song",
        "correctCount": 5,
        "startTime": 45,
        "songDuration": 81.936,
        "songNumber": 48,
        "activePlayerCount": 223,
        "LinkVideo": "https://files.catbox.moe/kqol7m.webm",
        "LinkMp3": "https://files.catbox.moe/a02gxu.mp3",
        "annId": 23978,
        "songDifficulty": 10.832832690532701,
        "vintage": "Winter 2021",
        "correctPlayers": [
            "Baguett",
            "Hejsan",
            "Bai",
            "Carlos1218",
            "MammyKezzy"
        ]
    },
    {
        "animeEng": "Mobile Suit Gundam 00",
        "animeRomaji": "Kidou Senshi Gundam 00",
        "songName": "DAYBREAK'S BELL",
        "artist": "L'Arc~en~Ciel",
        "type": "Ending 4",
        "correctCount": 76,
        "startTime": 3,
        "songDuration": 69.24,
        "songNumber": 49,
        "activePlayerCount": 223,
        "LinkVideo": "https://files.catbox.moe/r8rby4.webm",
        "LinkMp3": "https://files.catbox.moe/pgzeoy.mp3",
        "annId": 10157,
        "songDifficulty": 38.79988710132656,
        "vintage": "Fall 2008"
    },
    {
        "animeEng": "Non Non Biyori Vacation",
        "animeRomaji": "Non Non Biyori Vacation",
        "songName": "Ao no Rakugaki",
        "artist": "nano.RIPE",
        "type": "Opening 1",
        "correctCount": 71,
        "startTime": 56,
        "songDuration": 100.224,
        "songNumber": 50,
        "activePlayerCount": 224,
        "LinkVideo": "https://files.catbox.moe/sj57yq.webm",
        "LinkMp3": "https://files.catbox.moe/5xm928.mp3",
        "annId": 20464,
        "songDifficulty": 26.013105418223628,
        "vintage": "Summer 2018"
    },
    {
        "animeEng": "Gegege no Kitarou: Daikaijuu",
        "animeRomaji": "Gegege no Kitarou: Daikaijuu",
        "songName": "Gegege no Kitarou",
        "artist": "Ukadan",
        "type": "Opening 1",
        "correctCount": 187,
        "startTime": 50,
        "songDuration": 93.144,
        "songNumber": 51,
        "activePlayerCount": 226,
        "LinkVideo": "https://files.catbox.moe/0whl6d.webm",
        "LinkMp3": "https://files.catbox.moe/83f6ze.mp3",
        "annId": 3698,
        "songDifficulty": 58.27902597092022,
        "vintage": "Summer 1996"
    },
    {
        "animeEng": "Yona of the Dawn",
        "animeRomaji": "Akatsuki no Yona",
        "songName": "Akatsuki no Yona",
        "artist": "Ryo Kunihiko",
        "type": "Opening 1",
        "correctCount": 128,
        "startTime": 9,
        "songDuration": 89.856,
        "songNumber": 52,
        "activePlayerCount": 228,
        "LinkVideo": "https://files.catbox.moe/2bhtae.webm",
        "LinkMp3": "https://files.catbox.moe/eippz0.mp3",
        "annId": 16154,
        "songDifficulty": 41.721235258542485,
        "vintage": "Fall 2014"
    },
    {
        "animeEng": "Yona of the Dawn",
        "animeRomaji": "Akatsuki no Yona",
        "songName": "Akatsuki",
        "artist": "Akiko Shikata",
        "type": "Ending 2",
        "correctCount": 98,
        "startTime": 1,
        "songDuration": 89.568,
        "songNumber": 53,
        "activePlayerCount": 228,
        "LinkVideo": "https://files.catbox.moe/vsqg0z.webm",
        "LinkMp3": "https://files.catbox.moe/tgjic8.mp3",
        "annId": 23375,
        "songDifficulty": 39.70629006410256,
        "vintage": "Summer 2015"
    },
    {
        "animeEng": "Samurai Champloo",
        "animeRomaji": "Samurai Champloo",
        "songName": "Shiki no Uta",
        "artist": "MINMI",
        "type": "Ending 1",
        "correctCount": 96,
        "startTime": 42,
        "songDuration": 104.544,
        "songNumber": 54,
        "activePlayerCount": 228,
        "LinkVideo": "https://files.catbox.moe/agr31q.webm",
        "LinkMp3": "https://files.catbox.moe/u3o41v.mp3",
        "annId": 2636,
        "songDifficulty": 43.420558845940704,
        "vintage": "Spring 2004"
    },
    {
        "animeEng": "Hanaukyo Maid Team: La Verite",
        "animeRomaji": "Hanaukyo Maid-tai: La Verite",
        "songName": "Voice of heart",
        "artist": "Rie Tanaka",
        "type": "Opening 1",
        "correctCount": 7,
        "startTime": 44,
        "songDuration": 89.184,
        "songNumber": 55,
        "activePlayerCount": 226,
        "LinkVideo": "https://files.catbox.moe/486wiu.webm",
        "LinkMp3": "https://files.catbox.moe/6pgdz5.mp3",
        "annId": 3126,
        "songDifficulty": 10.52905871439031,
        "vintage": "Spring 2004"
    },
    {
        "animeEng": "Buddy Complex",
        "animeRomaji": "Buddy Complex",
        "songName": "UNISONIA",
        "artist": "TRUE",
        "type": "Opening 1",
        "correctCount": 35,
        "startTime": 57,
        "songDuration": 89.568,
        "songNumber": 56,
        "activePlayerCount": 227,
        "LinkVideo": "https://files.catbox.moe/6bid0m.webm",
        "LinkMp3": "https://files.catbox.moe/fn32wd.mp3",
        "annId": 15749,
        "songDifficulty": 19.69716768373574,
        "vintage": "Fall 2013"
    },
    {
        "animeEng": "Eyedrops",
        "animeRomaji": "Eyedrops",
        "songName": "Me ga Megasukashon",
        "artist": "Eri Kitamura",
        "type": "Insert Song",
        "correctCount": 4,
        "startTime": 25,
        "songDuration": 87.336,
        "songNumber": 57,
        "activePlayerCount": 225,
        "LinkVideo": "https://files.catbox.moe/uzszls.webm",
        "LinkMp3": "https://files.catbox.moe/kfz9yx.mp3",
        "annId": 24586,
        "songDifficulty": 6.166037148732682,
        "vintage": "Summer 2016",
        "correctPlayers": [
            "peepiss",
            "konomi",
            "Bai",
            "MammyKezzy"
        ]
    },
    {
        "animeEng": "Baby Steps",
        "animeRomaji": "Baby Steps",
        "songName": "Believe in yourself",
        "artist": "Mao Abe",
        "type": "Opening 1",
        "correctCount": 92,
        "startTime": 19,
        "songDuration": 86.712,
        "songNumber": 58,
        "activePlayerCount": 225,
        "LinkVideo": "https://files.catbox.moe/cis2hm.webm",
        "LinkMp3": "https://files.catbox.moe/wbjpp4.mp3",
        "annId": 15714,
        "songDifficulty": 33.34972351866883,
        "vintage": "Spring 2014"
    },
    {
        "animeEng": "Galaxy Express 999",
        "animeRomaji": "Ginga Tetsudou 999",
        "songName": "THE GALAXY EXPRESS 999",
        "artist": "Godiego",
        "type": "Ending 1",
        "correctCount": 132,
        "startTime": 80,
        "songDuration": 154.344,
        "songNumber": 59,
        "activePlayerCount": 226,
        "LinkVideo": "https://files.catbox.moe/ax2tz7.webm",
        "LinkMp3": "https://files.catbox.moe/i9mvqr.mp3",
        "annId": 1362,
        "songDifficulty": 32.49280480893783,
        "vintage": "Summer 1979"
    },
    {
        "animeEng": "Lupin III: Stolen Lupin",
        "animeRomaji": "Lupin III: Swallowtail Tatoo",
        "songName": "A ROSE TATOO",
        "artist": "Salina Jones",
        "type": "Ending 1",
        "correctCount": 6,
        "startTime": 32,
        "songDuration": 170.088,
        "songNumber": 60,
        "activePlayerCount": 227,
        "LinkVideo": "https://files.catbox.moe/wdus5j.webm",
        "LinkMp3": "https://files.catbox.moe/8gm4zg.mp3",
        "annId": 4195,
        "songDifficulty": 10.951652701574428,
        "vintage": "Summer 2004"
    },
    {
        "animeEng": "Tokyo Pig",
        "animeRomaji": "Hare Tokidoki Buta",
        "songName": "Tadaima",
        "artist": "Ami Onuki (PUFFY)",
        "type": "Ending 1",
        "correctCount": 2,
        "startTime": 56,
        "songDuration": 99.456,
        "songNumber": 61,
        "activePlayerCount": 227,
        "LinkVideo": "https://files.catbox.moe/u0a3vp.webm",
        "LinkMp3": "https://files.catbox.moe/73z7u1.mp3",
        "annId": 2053,
        "songDifficulty": 2.0494865182401085,
        "vintage": "Summer 1997",
        "correctPlayers": [
            "DjCharat",
            "gaaw"
        ]
    },
    {
        "animeEng": "Graduation",
        "animeRomaji": "Sotsugyou: Graduation",
        "songName": "Sailor V~Hanafubuki no Ran~",
        "artist": "Aya Hisakawa, Hinako Kanamaru, Junko Shimakata, Yumi Touma, Hiromi Tsuru",
        "type": "Insert Song",
        "correctCount": 9,
        "startTime": 2,
        "songDuration": 31.56,
        "songNumber": 62,
        "activePlayerCount": 226,
        "LinkVideo": "https://files.catbox.moe/m5o7vx.webm",
        "LinkMp3": "https://files.catbox.moe/20fv12.mp3",
        "annId": 7002,
        "songDifficulty": 9.116517618892315,
        "vintage": "Winter 1995"
    },
    {
        "animeEng": "Durarara!!",
        "animeRomaji": "Durarara!!",
        "songName": "Uragiri no Yuuyake",
        "artist": "THEATRE BROOK",
        "type": "Opening 1",
        "correctCount": 171,
        "startTime": 47,
        "songDuration": 89.04,
        "songNumber": 63,
        "activePlayerCount": 224,
        "LinkVideo": "https://files.catbox.moe/d260zn.webm",
        "LinkMp3": "https://files.catbox.moe/fz36my.mp3",
        "annId": 10947,
        "songDifficulty": 49.614410454232825,
        "vintage": "Winter 2010"
    },
    {
        "animeEng": "ACTORS",
        "animeRomaji": "ACTORS",
        "songName": "Guuzou Paradigm",
        "artist": "Wataru Urata & Yuuya Hozumi",
        "type": "Insert Song",
        "correctCount": 12,
        "startTime": 13,
        "songDuration": 68.496,
        "songNumber": 64,
        "activePlayerCount": 225,
        "LinkVideo": "https://files.catbox.moe/g37cq5.webm",
        "LinkMp3": "https://files.catbox.moe/5o9gkw.mp3",
        "annId": 21769,
        "songDifficulty": 18.77110115181846,
        "vintage": "Fall 2019"
    },
    {
        "animeEng": "City Hunter: Shinjuku Private Eyes",
        "animeRomaji": "City Hunter: Shinjuku Private Eyes",
        "songName": "Go Go Heaven",
        "artist": "Toshiyuki Ohsawa",
        "type": "Insert Song",
        "correctCount": 78,
        "startTime": 0,
        "songDuration": 20.424,
        "songNumber": 65,
        "activePlayerCount": 225,
        "LinkVideo": "https://files.catbox.moe/b41g4v.webm",
        "LinkMp3": "https://files.catbox.moe/qihwm3.mp3",
        "annId": 21247,
        "songDifficulty": 31.34028892455859,
        "vintage": "Winter 2019"
    },
    {
        "animeEng": "Unbreakable Machine-Doll",
        "animeRomaji": "Kikou Shoujo wa Kizutsukanai",
        "songName": "Anicca",
        "artist": "Hitomi Harada",
        "type": "Opening 1",
        "correctCount": 54,
        "startTime": 11,
        "songDuration": 90.552,
        "songNumber": 66,
        "activePlayerCount": 223,
        "LinkVideo": "https://files.catbox.moe/6qngs9.webm",
        "LinkMp3": "https://files.catbox.moe/xaby8r.mp3",
        "annId": 15107,
        "songDifficulty": 21.03253331038393,
        "vintage": "Fall 2013"
    },
    {
        "animeEng": "Jaku-San-Sei Million Arthur",
        "animeRomaji": "Jaku-San-Sei Million Arthur",
        "songName": "Opperasucchon Corporation Shaka",
        "artist": "Rie Kugimiya",
        "type": "Ending 7",
        "correctCount": 43,
        "startTime": 0,
        "songDuration": 27.96,
        "songNumber": 67,
        "activePlayerCount": 223,
        "LinkVideo": "https://files.catbox.moe/wp94ad.webm",
        "LinkMp3": "https://files.catbox.moe/ug6iaa.mp3",
        "annId": 17958,
        "songDifficulty": 29.936763955860535,
        "vintage": "Fall 2015"
    },
    {
        "animeEng": "Re:Stage! Dream Days",
        "animeRomaji": "Re:Stage! Dream Days",
        "songName": "Kirameki Future",
        "artist": "KiRaRe",
        "type": "Insert Song",
        "correctCount": 5,
        "startTime": 6,
        "songDuration": 91.224,
        "songNumber": 68,
        "activePlayerCount": 223,
        "LinkVideo": "https://files.catbox.moe/2rx6vt.webm",
        "LinkMp3": "https://files.catbox.moe/ea2yz8.mp3",
        "annId": 21866,
        "songDifficulty": 22.531083170572916,
        "vintage": "Summer 2019",
        "correctPlayers": [
            "Nippah",
            "konomi",
            "Hejsan",
            "MammyKezzy",
            "Edwardd"
        ]
    },
    {
        "animeEng": "SOS TV Walpurgis Night Fever",
        "animeRomaji": "SOS TV Walpurgis Night Fever",
        "songName": "Warunai Fever",
        "artist": "Tomoko Kaneda",
        "type": "Opening 1",
        "correctCount": 81,
        "startTime": 1,
        "songDuration": 32.704744,
        "songNumber": 69,
        "activePlayerCount": 222,
        "LinkVideo": "https://files.catbox.moe/tx1845.webm",
        "LinkMp3": "https://files.catbox.moe/1fawth.mp3",
        "annId": 23052,
        "songDifficulty": 25.610051419602698,
        "vintage": "Winter 2010"
    },
    {
        "animeEng": "Persona 4 The Animation",
        "animeRomaji": "Persona 4 The Animation",
        "songName": "Ain't Nobody Can Hold Me Down",
        "artist": "Shihoko Hirata & Lotus Juice",
        "type": "Insert Song",
        "correctCount": 70,
        "startTime": 20,
        "songDuration": 53.04,
        "songNumber": 70,
        "activePlayerCount": 222,
        "LinkVideo": "https://files.catbox.moe/tro77n.webm",
        "LinkMp3": "https://files.catbox.moe/24nhto.mp3",
        "annId": 12870,
        "songDifficulty": 34.12907020592865,
        "vintage": "Fall 2011"
    },
    {
        "animeEng": "Magical Taruruuto-kun",
        "animeRomaji": "Magical Taruruuto-kun",
        "songName": "Kimi to Sekai Seifuku!?",
        "artist": "Midori Akiyama",
        "type": "Ending 1",
        "correctCount": 1,
        "startTime": 44,
        "songDuration": 76.896,
        "songNumber": 71,
        "activePlayerCount": 220,
        "LinkVideo": "https://files.catbox.moe/24i27u.webm",
        "LinkMp3": "https://files.catbox.moe/0gq6kv.mp3",
        "annId": 1529,
        "songDifficulty": 7.676348547717843,
        "vintage": "Summer 1990",
        "correctPlayers": [
            "Bai"
        ]
    },
    {
        "animeEng": "Sakura Wars",
        "animeRomaji": "Sakura Wars",
        "songName": "Hanafubuki Shiranami Benten",
        "artist": "Chisa Yokoyama & Mayumi Tanaka",
        "type": "Insert Song",
        "correctCount": 8,
        "startTime": 7,
        "songDuration": 36.168,
        "songNumber": 72,
        "activePlayerCount": 220,
        "LinkVideo": "https://files.catbox.moe/l8ejac.webm",
        "LinkMp3": "https://files.catbox.moe/b0i0ss.mp3",
        "annId": 582,
        "songDifficulty": 17.61864909935631,
        "vintage": "Spring 2000"
    },
    {
        "animeEng": "Mighty Space Miners",
        "animeRomaji": "Oira Uchuu no Tankoufu",
        "songName": "Oira Uchuu no Tankoufu Bushi",
        "artist": "Fumihiko Tachiki",
        "type": "Opening 1",
        "correctCount": 9,
        "startTime": 83,
        "songDuration": 120.024,
        "songNumber": 73,
        "activePlayerCount": 219,
        "LinkVideo": "https://files.catbox.moe/ds26iq.webm",
        "LinkMp3": "https://files.catbox.moe/t8jq9i.mp3",
        "annId": 698,
        "songDifficulty": 12.265459054776004,
        "vintage": "Fall 1994"
    },
    {
        "animeEng": "Fairy Tail",
        "animeRomaji": "Fairy Tail",
        "songName": "Fiesta",
        "artist": "+Plus",
        "type": "Opening 6",
        "correctCount": 95,
        "startTime": 6,
        "songDuration": 89.064,
        "songNumber": 74,
        "activePlayerCount": 220,
        "LinkVideo": "https://files.catbox.moe/jxwv3s.webm",
        "LinkMp3": "https://files.catbox.moe/zuelz0.mp3",
        "annId": 10942,
        "songDifficulty": 43.67363563811723,
        "vintage": "Fall 2009"
    },
    {
        "animeEng": "Bottom-Tier Character Tomozaki",
        "animeRomaji": "Jaku-Chara Tomozaki-kun",
        "songName": "Ayafuwa Asterisk (for Hanabi Natsubayashi)",
        "artist": "Ryouko Maekawa",
        "type": "Ending 2",
        "correctCount": 78,
        "startTime": 53,
        "songDuration": 89.184,
        "songNumber": 75,
        "activePlayerCount": 220,
        "LinkVideo": "https://files.catbox.moe/tvf98n.webm",
        "LinkMp3": "https://files.catbox.moe/zvqn6i.mp3",
        "annId": 24450,
        "songDifficulty": 33.32390882297904,
        "vintage": "Spring 2021"
    },
    {
        "animeEng": "Welcome to Demon School! Iruma-kun",
        "animeRomaji": "Mairimashita! Iruma-kun",
        "songName": "Magical Babyrinth",
        "artist": "DA PUMP",
        "type": "Opening 1",
        "correctCount": 121,
        "startTime": 0,
        "songDuration": 89.016,
        "songNumber": 76,
        "activePlayerCount": 221,
        "LinkVideo": "https://files.catbox.moe/dclacz.webm",
        "LinkMp3": "https://files.catbox.moe/hmodj8.mp3",
        "annId": 21927,
        "songDifficulty": 43.284461214118174,
        "vintage": "Fall 2019"
    },
    {
        "animeEng": "Detective Conan",
        "animeRomaji": "Meitantei Conan",
        "songName": "Yume o Tomenaide Ite",
        "artist": "VELVET GARDEN",
        "type": "Insert Song",
        "correctCount": 13,
        "startTime": 16,
        "songDuration": 93.096,
        "songNumber": 77,
        "activePlayerCount": 221,
        "LinkVideo": "https://files.catbox.moe/7lmhug.webm",
        "LinkMp3": "https://files.catbox.moe/cqdifj.mp3",
        "annId": 454,
        "songDifficulty": 12.98527234980327,
        "vintage": "Winter 1996"
    },
    {
        "animeEng": "Kiss \u00d7 Sis",
        "animeRomaji": "Kiss \u00d7 Sis",
        "songName": "Balance KISS",
        "artist": "AkoRiko",
        "type": "Opening 1",
        "correctCount": 88,
        "startTime": 24,
        "songDuration": 90.144,
        "songNumber": 78,
        "activePlayerCount": 221,
        "LinkVideo": "https://files.catbox.moe/qjnzwm.webm",
        "LinkMp3": "https://files.catbox.moe/qu4x7y.mp3",
        "annId": 11169,
        "songDifficulty": 32.42130598434613,
        "vintage": "Spring 2010"
    },
    {
        "animeEng": "The File of Young Kindaichi Returns",
        "animeRomaji": "Kindaichi Shounen no Jikenbo Returns",
        "songName": "Passcode 4854",
        "artist": "Rei Yasuda",
        "type": "Ending 1",
        "correctCount": 19,
        "startTime": 38,
        "songDuration": 88.56,
        "songNumber": 79,
        "activePlayerCount": 222,
        "LinkVideo": "https://files.catbox.moe/i4trwi.webm",
        "LinkMp3": "https://files.catbox.moe/n40bum.mp3",
        "annId": 15889,
        "songDifficulty": 15.395763063375146,
        "vintage": "Spring 2014"
    },
    {
        "animeEng": "Kannagi",
        "animeRomaji": "Kannagi",
        "songName": "motto\u2606Hade ni ne!",
        "artist": "Haruka Tomatsu",
        "type": "Opening 1",
        "correctCount": 53,
        "startTime": 52,
        "songDuration": 90.144,
        "songNumber": 80,
        "activePlayerCount": 222,
        "LinkVideo": "https://files.catbox.moe/ofdt8j.webm",
        "LinkMp3": "https://files.catbox.moe/icjnmu.mp3",
        "annId": 9295,
        "songDifficulty": 24.229233726752504,
        "vintage": "Fall 2008"
    },
    {
        "animeEng": "Gintama: The Final Chapter - Be Forever Yorozuya",
        "animeRomaji": "Gekijouban Gintama Kanketsu-hen: Yorozuya yo Eien Nare",
        "songName": "Pray",
        "artist": "Tommy heavenly\u2076",
        "type": "Ending 2",
        "correctCount": 156,
        "startTime": 12,
        "songDuration": 89.064,
        "songNumber": 81,
        "activePlayerCount": 221,
        "LinkVideo": "https://files.catbox.moe/i6u58c.webm",
        "LinkMp3": "https://files.catbox.moe/2vrwmj.mp3",
        "annId": 14996,
        "songDifficulty": 45.00977777777778,
        "vintage": "Summer 2013"
    },
    {
        "animeEng": "Bleach",
        "animeRomaji": "Bleach",
        "songName": "Shoujo S",
        "artist": "SCANDAL",
        "type": "Opening 10",
        "correctCount": 101,
        "startTime": 18,
        "songDuration": 89.232,
        "songNumber": 82,
        "activePlayerCount": 222,
        "LinkVideo": "https://files.catbox.moe/eb5ili.webm",
        "LinkMp3": "https://files.catbox.moe/ezhsbg.mp3",
        "annId": 4240,
        "songDifficulty": 41.117654411764704,
        "vintage": "Fall 2004"
    },
    {
        "animeEng": "Another",
        "animeRomaji": "Another",
        "songName": "anamnesis",
        "artist": "Annabel",
        "type": "Ending 1",
        "correctCount": 85,
        "startTime": 39,
        "songDuration": 87.96,
        "songNumber": 83,
        "activePlayerCount": 222,
        "LinkVideo": "https://files.catbox.moe/92rrlo.webm",
        "LinkMp3": "https://files.catbox.moe/6k7jgm.mp3",
        "annId": 13258,
        "songDifficulty": 18.97641483912855,
        "vintage": "Winter 2012"
    },
    {
        "animeEng": "School Babysitters",
        "animeRomaji": "Gakuen Babysitters",
        "songName": "Endless happy world",
        "artist": "Daisuke Ono",
        "type": "Opening 1",
        "correctCount": 28,
        "startTime": 7,
        "songDuration": 87.432,
        "songNumber": 84,
        "activePlayerCount": 223,
        "LinkVideo": "https://files.catbox.moe/6s6ko3.webm",
        "LinkMp3": "https://files.catbox.moe/lbt6uc.mp3",
        "annId": 19400,
        "songDifficulty": 18.124055279204107,
        "vintage": "Winter 2018"
    },
    {
        "animeEng": "Cutey Honey",
        "animeRomaji": "Cutey Honey",
        "songName": "Cutey Honey",
        "artist": "Yoko Maekawa",
        "type": "Opening 1",
        "correctCount": 84,
        "startTime": 7,
        "songDuration": 88.8,
        "songNumber": 85,
        "activePlayerCount": 219,
        "LinkVideo": "https://files.catbox.moe/o3qdvi.webm",
        "LinkMp3": "https://files.catbox.moe/hy5o4d.mp3",
        "annId": 564,
        "songDifficulty": 30.65415519753886,
        "vintage": "Fall 1973"
    }
]