[
    {
        "animeEng": "Mirai Shounen Conan II: Taiga Adventure",
        "animeRomaji": "Mirai Shounen Conan II: Taiga Adventure",
        "songName": "Birthday",
        "artist": "Yukie Nakama",
        "type": "Opening 2",
        "correctCount": 0,
        "startTime": 30,
        "songDuration": 88.872,
        "songNumber": 1,
        "activePlayerCount": 151,
        "LinkVideo": "https://files.catbox.moe/ei7w10.webm",
        "LinkMp3": "https://files.catbox.moe/8r64si.mp3",
        "annId": 2622,
        "songDifficulty": 5.83765091179566,
        "vintage": "Fall 1999"
    },
    {
        "animeEng": "Life Lessons with Uramichi Oniisan",
        "animeRomaji": "Uramichi Onii-san",
        "songName": "Endless Mousho",
        "artist": "Mamoru Miyano & Nana Mizuki",
        "type": "Insert Song",
        "correctCount": 67,
        "startTime": 42,
        "songDuration": 112.848,
        "songNumber": 2,
        "activePlayerCount": 161,
        "LinkVideo": "https://files.catbox.moe/zbr5lh.webm",
        "LinkMp3": "https://files.catbox.moe/wp51o7.mp3",
        "annId": 22938,
        "songDifficulty": 41.81935915213946,
        "vintage": "Summer 2021"
    },
    {
        "animeEng": "_summer",
        "animeRomaji": "_summer",
        "songName": "Sodasui to Hikoukigumo",
        "artist": "Yuma Kosaka",
        "type": "Opening 1",
        "correctCount": 19,
        "startTime": 67,
        "songDuration": 97.104,
        "songNumber": 3,
        "activePlayerCount": 164,
        "LinkVideo": "https://files.catbox.moe/7lucv2.webm",
        "LinkMp3": "https://files.catbox.moe/u70jc6.mp3",
        "annId": 6868,
        "songDifficulty": 14.295163202224712,
        "vintage": "Fall 2006"
    },
    {
        "animeEng": "Rascal Does Not Dream of a Dreaming Girl",
        "animeRomaji": "Seishun Buta Yarou wa Yumemiru Shoujo no Yume o Minai",
        "songName": "Fukashigi no Karte movie ver.",
        "artist": "Asami Seto, Nao Touyama, Atsumi Tanezaki, Maaya Uchida, Yurika Kubo, Inori Minase",
        "type": "Ending 1",
        "correctCount": 152,
        "startTime": 114,
        "songDuration": 232.776,
        "songNumber": 4,
        "activePlayerCount": 165,
        "LinkVideo": "https://files.catbox.moe/begtqe.webm",
        "LinkMp3": "https://files.catbox.moe/nrwyt0.mp3",
        "annId": 21406,
        "songDifficulty": 67.80955779538569,
        "vintage": "Spring 2019"
    },
    {
        "animeEng": "Kill la Kill",
        "animeRomaji": "Kill la Kill",
        "songName": "ambiguous",
        "artist": "GARNiDELiA",
        "type": "Opening 2",
        "correctCount": 108,
        "startTime": 20,
        "songDuration": 89.112,
        "songNumber": 5,
        "activePlayerCount": 168,
        "LinkVideo": "https://files.catbox.moe/l8ct39.webm",
        "LinkMp3": "https://files.catbox.moe/vdoqai.mp3",
        "annId": 15336,
        "songDifficulty": 37.52224937747856,
        "vintage": "Fall 2013"
    },
    {
        "animeEng": "Black\u2605Rock Shooter",
        "animeRomaji": "Black\u2605Rock Shooter",
        "songName": "Black\u2605Rock Shooter",
        "artist": "supercell feat. Hatsune Miku",
        "type": "Opening 1",
        "correctCount": 126,
        "startTime": 54,
        "songDuration": 88.896,
        "songNumber": 6,
        "activePlayerCount": 169,
        "LinkVideo": "https://files.catbox.moe/m8jvtj.webm",
        "LinkMp3": "https://files.catbox.moe/306802.mp3",
        "annId": 13310,
        "songDifficulty": 44.928859188732986,
        "vintage": "Winter 2012"
    },
    {
        "animeEng": "Welcome to Demon School! Iruma-kun",
        "animeRomaji": "Mairimashita! Iruma-kun",
        "songName": "Kokoro Showtime",
        "artist": "Amatsuki",
        "type": "Ending 1",
        "correctCount": 38,
        "startTime": 52,
        "songDuration": 88.992,
        "songNumber": 7,
        "activePlayerCount": 170,
        "LinkVideo": "https://files.catbox.moe/kw00ud.webm",
        "LinkMp3": "https://files.catbox.moe/lsmdhy.mp3",
        "annId": 24018,
        "songDifficulty": 32.64080947079536,
        "vintage": "Spring 2021"
    },
    {
        "animeEng": "The Eccentric Family 2",
        "animeRomaji": "Uchouten Kazoku 2",
        "songName": "Moon River",
        "artist": "fh\u00e1na",
        "type": "Ending 1",
        "correctCount": 30,
        "startTime": 41,
        "songDuration": 88.728,
        "songNumber": 8,
        "activePlayerCount": 171,
        "LinkVideo": "https://files.catbox.moe/vr6at8.webm",
        "LinkMp3": "https://files.catbox.moe/7karcu.mp3",
        "annId": 18812,
        "songDifficulty": 16.990456456218276,
        "vintage": "Spring 2017"
    },
    {
        "animeEng": "Sengoku Night Blood",
        "animeRomaji": "Sengoku Night Blood",
        "songName": "HEN-GEN-JI-ZAI",
        "artist": "Natsuki Hanae",
        "type": "Ending 1",
        "correctCount": 1,
        "startTime": 18,
        "songDuration": 89.208,
        "songNumber": 9,
        "activePlayerCount": 171,
        "LinkVideo": "https://files.catbox.moe/w7exso.webm",
        "LinkMp3": "https://files.catbox.moe/chcjxx.mp3",
        "annId": 20057,
        "songDifficulty": 10.4454026997383,
        "vintage": "Fall 2017",
        "correctPlayers": [
            "kneesoxluver"
        ]
    },
    {
        "animeEng": "Asobi Asobase: Workshop of Fun",
        "animeRomaji": "Asobi Asobase",
        "songName": "Three-Piece",
        "artist": "Hina Kino, Rika Nagae, Konomi Kohara",
        "type": "Opening 1",
        "correctCount": 92,
        "startTime": 19,
        "songDuration": 89.496,
        "songNumber": 10,
        "activePlayerCount": 172,
        "LinkVideo": "https://files.catbox.moe/di8e0y.webm",
        "LinkMp3": "https://files.catbox.moe/cu59md.mp3",
        "annId": 20583,
        "songDifficulty": 32.36564312239292,
        "vintage": "Summer 2018"
    },
    {
        "animeEng": "Cooking Master Boy",
        "animeRomaji": "Chuuka Ichiban!",
        "songName": "Sora",
        "artist": "Maki Ohguro",
        "type": "Opening 1",
        "correctCount": 11,
        "startTime": 32,
        "songDuration": 88.296,
        "songNumber": 11,
        "activePlayerCount": 170,
        "LinkVideo": "https://files.catbox.moe/xk27sq.webm",
        "LinkMp3": "https://files.catbox.moe/sap308.mp3",
        "annId": 1151,
        "songDifficulty": 13.087970657149084,
        "vintage": "Spring 1997"
    },
    {
        "animeEng": "Boruto: Naruto Next Generations",
        "animeRomaji": "Boruto: Naruto Next Generations",
        "songName": "Baton Road",
        "artist": "KANA-BOON",
        "type": "Opening 1",
        "correctCount": 106,
        "startTime": 53,
        "songDuration": 89.232,
        "songNumber": 12,
        "activePlayerCount": 170,
        "LinkVideo": "https://files.catbox.moe/zbbptu.webm",
        "LinkMp3": "https://files.catbox.moe/6z3ild.mp3",
        "annId": 18934,
        "songDifficulty": 40.562721767972846,
        "vintage": "Spring 2017"
    },
    {
        "animeEng": "Gegege no Kitarou: Youkai Tokkyuu! Maboroshi no Kisha",
        "animeRomaji": "Gegege no Kitarou: Youkai Tokkyuu! Maboroshi no Kisha",
        "songName": "Iyan Nacchau Bushi",
        "artist": "Ukadan",
        "type": "Ending 1",
        "correctCount": 116,
        "startTime": 42,
        "songDuration": 92.16,
        "songNumber": 13,
        "activePlayerCount": 170,
        "LinkVideo": "https://files.catbox.moe/n4q7c3.webm",
        "LinkMp3": "https://files.catbox.moe/zn15j5.mp3",
        "annId": 3700,
        "songDifficulty": 47.705257956365095,
        "vintage": "Summer 1997"
    },
    {
        "animeEng": "Phi Brain: Puzzle of God - The Orpheus Order",
        "animeRomaji": "Phi-Brain: Kami no Puzzle - Orpheus Order-hen",
        "songName": "Now or Never",
        "artist": "nano",
        "type": "Opening 1",
        "correctCount": 43,
        "startTime": 6,
        "songDuration": 88.56,
        "songNumber": 14,
        "activePlayerCount": 171,
        "LinkVideo": "https://files.catbox.moe/doxeb4.webm",
        "LinkMp3": "https://files.catbox.moe/95x6ba.mp3",
        "annId": 14121,
        "songDifficulty": 18.91607900073746,
        "vintage": "Spring 2012"
    },
    {
        "animeEng": "After War Gundam X",
        "animeRomaji": "Kidou Shinseiki Gundam X",
        "songName": "HUMAN TOUCH",
        "artist": "Warren Wiebe",
        "type": "Ending 1",
        "correctCount": 8,
        "startTime": 9,
        "songDuration": 71.064,
        "songNumber": 15,
        "activePlayerCount": 171,
        "LinkVideo": "https://files.catbox.moe/2jktys.webm",
        "LinkMp3": "https://files.catbox.moe/uogqut.mp3",
        "annId": 1241,
        "songDifficulty": 20.795818014705883,
        "vintage": "Spring 1996"
    },
    {
        "animeEng": "Fuuka",
        "animeRomaji": "Fuuka",
        "songName": "Climber's High!",
        "artist": "Lynn",
        "type": "Insert Song",
        "correctCount": 53,
        "startTime": 61,
        "songDuration": 167.112,
        "songNumber": 16,
        "activePlayerCount": 173,
        "LinkVideo": "https://files.catbox.moe/i1j0q8.webm",
        "LinkMp3": "https://files.catbox.moe/nfz0ed.mp3",
        "annId": 18879,
        "songDifficulty": 33.51418914693129,
        "vintage": "Winter 2017"
    },
    {
        "animeEng": "Drifters",
        "animeRomaji": "Drifters",
        "songName": "Chakra Destiny",
        "artist": "YASUSHI ISHII",
        "type": "Insert Song",
        "correctCount": 5,
        "startTime": 71,
        "songDuration": 101.196628,
        "songNumber": 17,
        "activePlayerCount": 174,
        "LinkVideo": "https://files.catbox.moe/15100a.webm",
        "LinkMp3": "https://files.catbox.moe/vyx8xd.mp3",
        "annId": 23664,
        "songDifficulty": 9.18640201996992,
        "vintage": "Fall 2017",
        "correctPlayers": [
            "Goomba90",
            "AnimeroD",
            "kneesoxluver",
            "shadowpandax",
            "Steelrocket"
        ]
    },
    {
        "animeEng": "Detective Conan",
        "animeRomaji": "Meitantei Conan",
        "songName": "START",
        "artist": "Rina Aiuchi",
        "type": "Opening 14",
        "correctCount": 37,
        "startTime": 57,
        "songDuration": 113.88,
        "songNumber": 18,
        "activePlayerCount": 172,
        "LinkVideo": "https://files.catbox.moe/0wvv8s.webm",
        "LinkMp3": "https://files.catbox.moe/0fsies.mp3",
        "annId": 454,
        "songDifficulty": 26.374771601775958,
        "vintage": "Winter 1996"
    },
    {
        "animeEng": "Di Gi Charat: Winter Garden",
        "animeRomaji": "Winter Garden",
        "songName": "Forget-me-not",
        "artist": "Hiromi Satou",
        "type": "Opening 1",
        "correctCount": 13,
        "startTime": 33,
        "songDuration": 88.704,
        "songNumber": 19,
        "activePlayerCount": 174,
        "LinkVideo": "https://files.catbox.moe/qbrvym.webm",
        "LinkMp3": "https://files.catbox.moe/fxhlyu.mp3",
        "annId": 7030,
        "songDifficulty": 14.9947386749031,
        "vintage": "Fall 2006"
    },
    {
        "animeEng": "Darker than Black: Gemini of the Meteor",
        "animeRomaji": "Darker than Black: Gemini of the Meteor",
        "songName": "Tsukiakari no Michishirube",
        "artist": "Stereopony",
        "type": "Opening 1",
        "correctCount": 97,
        "startTime": 52,
        "songDuration": 89.448,
        "songNumber": 20,
        "activePlayerCount": 176,
        "LinkVideo": "https://files.catbox.moe/mn3gm7.webm",
        "LinkMp3": "https://files.catbox.moe/sb4ie5.mp3",
        "annId": 10984,
        "songDifficulty": 29.28753300057751,
        "vintage": "Fall 2009"
    },
    {
        "animeEng": "March comes in like a lion",
        "animeRomaji": "3-gatsu no Lion",
        "songName": "Nyaa Shougi Ondo",
        "artist": "Kana Hanazawa, Ai Kayano, Misaki Kuno",
        "type": "Insert Song",
        "correctCount": 96,
        "startTime": 54,
        "songDuration": 89.04,
        "songNumber": 21,
        "activePlayerCount": 177,
        "LinkVideo": "https://files.catbox.moe/gxgiax.webm",
        "LinkMp3": "https://files.catbox.moe/3kjcic.mp3",
        "annId": 18166,
        "songDifficulty": 42.47396374740125,
        "vintage": "Fall 2016"
    },
    {
        "animeEng": "Classroom of the Elite",
        "animeRomaji": "Youkoso Jitsuryoku Shijou Shugi no Kyoushitsu e",
        "songName": "Beautiful Soldier",
        "artist": "Minami",
        "type": "Ending 1",
        "correctCount": 61,
        "startTime": 51,
        "songDuration": 88.968,
        "songNumber": 22,
        "activePlayerCount": 176,
        "LinkVideo": "https://files.catbox.moe/hckoiq.webm",
        "LinkMp3": "https://files.catbox.moe/rqtski.mp3",
        "annId": 19544,
        "songDifficulty": 16.681734330903105,
        "vintage": "Summer 2017"
    },
    {
        "animeEng": "Day Break Illusion",
        "animeRomaji": "Genei o Kakeru Taiyou",
        "songName": "-Mirage-",
        "artist": "Natsumi Okamoto",
        "type": "Ending 1",
        "correctCount": 18,
        "startTime": 54,
        "songDuration": 88.848,
        "songNumber": 23,
        "activePlayerCount": 176,
        "LinkVideo": "https://files.catbox.moe/qbdskc.webm",
        "LinkMp3": "https://files.catbox.moe/appzgh.mp3",
        "annId": 15178,
        "songDifficulty": 11.959673819124424,
        "vintage": "Summer 2013"
    },
    {
        "animeEng": "Fire Force Season 2",
        "animeRomaji": "Enen no Shouboutai: Ni no Shou",
        "songName": "SPARK-AGAIN",
        "artist": "Aimer",
        "type": "Opening 1",
        "correctCount": 76,
        "startTime": 39,
        "songDuration": 89.064,
        "songNumber": 24,
        "activePlayerCount": 177,
        "LinkVideo": "https://files.catbox.moe/qnmfeb.webm",
        "LinkMp3": "https://files.catbox.moe/2ewndw.mp3",
        "annId": 22952,
        "songDifficulty": 31.26049453709028,
        "vintage": "Summer 2020"
    },
    {
        "animeEng": "Hiatari Ryoukou!: Yume no Naka ni Kimi ga Ita",
        "animeRomaji": "Hiatari Ryoukou!: Yume no Naka ni Kimi ga Ita",
        "songName": "Kagami no Naka no Actress",
        "artist": "Meiko Nakahara",
        "type": "Insert Song",
        "correctCount": 15,
        "startTime": 0,
        "songDuration": 29.064,
        "songNumber": 25,
        "activePlayerCount": 177,
        "LinkVideo": "https://files.catbox.moe/3p9gxn.webm",
        "LinkMp3": "https://files.catbox.moe/fka2cq.mp3",
        "annId": 3271,
        "songDifficulty": 13.471581072492988,
        "vintage": "Fall 1988"
    },
    {
        "animeEng": "ABCiee Working Diary",
        "animeRomaji": "Abciee Shuugyou Nikki",
        "songName": "Happy Boshuu-chuu (Abciee ver.)",
        "artist": "Fumiya Fujii",
        "type": "Opening 1",
        "correctCount": 73,
        "startTime": 0,
        "songDuration": 27.696,
        "songNumber": 26,
        "activePlayerCount": 177,
        "LinkVideo": "https://files.catbox.moe/injk28.webm",
        "LinkMp3": "https://files.catbox.moe/1u8dlt.mp3",
        "annId": 23908,
        "songDifficulty": 19.232095603377264,
        "vintage": "Winter 2021"
    },
    {
        "animeEng": "The Slayers Evolution-R",
        "animeRomaji": "The Slayers Evolution-R",
        "songName": "Give a reason",
        "artist": "Megumi Hayashibara",
        "type": "Insert Song",
        "correctCount": 41,
        "startTime": 3,
        "songDuration": 104.0672,
        "songNumber": 27,
        "activePlayerCount": 177,
        "LinkVideo": "https://files.catbox.moe/185b0s.webm",
        "LinkMp3": "https://files.catbox.moe/h9umh3.mp3",
        "annId": 10305,
        "songDifficulty": 22.024788735415235,
        "vintage": "Winter 2009"
    },
    {
        "animeEng": "Aikatsu!",
        "animeRomaji": "Aikatsu!",
        "songName": "Chica\u00d7Chica",
        "artist": "Miho\u30fbMiki from AIKATSU\u2606STARS!",
        "type": "Insert Song",
        "correctCount": 99,
        "startTime": 49,
        "songDuration": 112.584,
        "songNumber": 28,
        "activePlayerCount": 176,
        "LinkVideo": "https://files.catbox.moe/nxo49i.webm",
        "LinkMp3": "https://files.catbox.moe/8lwrd8.mp3",
        "annId": 16165,
        "songDifficulty": 42.78896200363535,
        "vintage": "Fall 2014"
    },
    {
        "animeEng": "Slam Dunk",
        "animeRomaji": "Slam Dunk",
        "songName": "Kimi ga Suki da to Sakebitai",
        "artist": "BAAD",
        "type": "Opening 1",
        "correctCount": 94,
        "startTime": 10,
        "songDuration": 91.968,
        "songNumber": 29,
        "activePlayerCount": 176,
        "LinkVideo": "https://files.catbox.moe/0t2b3p.webm",
        "LinkMp3": "https://files.catbox.moe/5d975q.mp3",
        "annId": 659,
        "songDifficulty": 41.80268741971004,
        "vintage": "Fall 1993"
    },
    {
        "animeEng": "Laid-Back Camp",
        "animeRomaji": "Yuru Camp\u25b3",
        "songName": "Fuyu Biyori",
        "artist": "Eri Sasaki",
        "type": "Ending 1",
        "correctCount": 86,
        "startTime": 14,
        "songDuration": 88.512,
        "songNumber": 30,
        "activePlayerCount": 175,
        "LinkVideo": "https://files.catbox.moe/0n1yhg.webm",
        "LinkMp3": "https://files.catbox.moe/xtzsny.mp3",
        "annId": 20010,
        "songDifficulty": 39.921487504769175,
        "vintage": "Winter 2018"
    },
    {
        "animeEng": "Idol Project",
        "animeRomaji": "Idol Project",
        "songName": "Don't Stop ~Suteki ni Meguri Aitai~",
        "artist": "IDOL\u2661PROJECT",
        "type": "Opening 1",
        "correctCount": 7,
        "startTime": 41,
        "songDuration": 91.368,
        "songNumber": 31,
        "activePlayerCount": 175,
        "LinkVideo": "https://files.catbox.moe/ke6ajl.webm",
        "LinkMp3": "https://files.catbox.moe/9lery8.mp3",
        "annId": 1000,
        "songDifficulty": 14.29750572421981,
        "vintage": "Summer 1995"
    },
    {
        "animeEng": "Eternity: Shinya Nurekoi Channel",
        "animeRomaji": "Eternity: Shinya Nurekoi Channel",
        "songName": "Everlasting Story",
        "artist": "Ryota Iwasaki",
        "type": "Ending 1",
        "correctCount": 9,
        "startTime": 37,
        "songDuration": 69,
        "songNumber": 32,
        "activePlayerCount": 176,
        "LinkVideo": "https://files.catbox.moe/5uiyri.webm",
        "LinkMp3": "https://files.catbox.moe/5oo7op.mp3",
        "annId": 23576,
        "songDifficulty": 8.680236256450687,
        "vintage": "Fall 2020"
    },
    {
        "animeEng": "Taisho Baseball Girls",
        "animeRomaji": "Taishou Yakyuu Musume",
        "songName": "Painopainopai (Tokyo Bushi)",
        "artist": "Kanae Ito",
        "type": "Insert Song",
        "correctCount": 19,
        "startTime": 49,
        "songDuration": 86.496,
        "songNumber": 33,
        "activePlayerCount": 176,
        "LinkVideo": "https://files.catbox.moe/9itd7q.webm",
        "LinkMp3": "https://files.catbox.moe/as4a5d.mp3",
        "annId": 10206,
        "songDifficulty": 12.626341047655513,
        "vintage": "Summer 2009"
    },
    {
        "animeEng": "The Disastrous Life of Saiki K.",
        "animeRomaji": "Saiki Kusuo no Psi-nan",
        "songName": "Oteage Psychics",
        "artist": "Shiggy Jr.",
        "type": "Opening 1",
        "correctCount": 101,
        "startTime": 40,
        "songDuration": 87.744,
        "songNumber": 34,
        "activePlayerCount": 176,
        "LinkVideo": "https://files.catbox.moe/rmhlw0.webm",
        "LinkMp3": "https://files.catbox.moe/ht2oo4.mp3",
        "annId": 21649,
        "songDifficulty": 43.70661627363997,
        "vintage": "Fall 2018"
    },
    {
        "animeEng": "Fate/stay night",
        "animeRomaji": "Fate/stay night",
        "songName": "disillusion",
        "artist": "Sachi Tainaka",
        "type": "Opening 1",
        "correctCount": 101,
        "startTime": 56,
        "songDuration": 90.048,
        "songNumber": 35,
        "activePlayerCount": 175,
        "LinkVideo": "https://files.catbox.moe/j7twby.webm",
        "LinkMp3": "https://files.catbox.moe/w5mz70.mp3",
        "annId": 5394,
        "songDifficulty": 36.03128079137064,
        "vintage": "Fall 2005"
    },
    {
        "animeEng": "Saki",
        "animeRomaji": "Saki",
        "songName": "Netsuretsu Kangei Wonderland",
        "artist": "Kana Ueda, Ami Koshimizu, Rie Kugimiya, Ryoko Shiraishi, Shizuka Itou",
        "type": "Ending 1",
        "correctCount": 25,
        "startTime": 23,
        "songDuration": 89.544,
        "songNumber": 36,
        "activePlayerCount": 175,
        "LinkVideo": "https://files.catbox.moe/6u3fol.webm",
        "LinkMp3": "https://files.catbox.moe/ls9pdk.mp3",
        "annId": 10527,
        "songDifficulty": 29.214421409628724,
        "vintage": "Spring 2009"
    },
    {
        "animeEng": "Sakugan",
        "animeRomaji": "Sakugan",
        "songName": "Shine",
        "artist": "MindaRyn",
        "type": "Ending 1",
        "correctCount": 26,
        "startTime": 58,
        "songDuration": 89.16,
        "songNumber": 37,
        "activePlayerCount": 175,
        "LinkVideo": "https://files.catbox.moe/f8fneg.webm",
        "LinkMp3": "https://files.catbox.moe/crz7pj.mp3",
        "annId": 22383,
        "songDifficulty": 21.33122306034483,
        "vintage": "Fall 2021"
    },
    {
        "animeEng": "UFO Robo Grendizer tai Great Mazinger",
        "animeRomaji": "UFO Robo Grendizer tai Great Mazinger",
        "songName": "Tobe! Grendizer",
        "artist": "Isao Sasaki, Columbia Yurikago-kai, Koorogi '73",
        "type": "Insert Song",
        "correctCount": 117,
        "startTime": 8,
        "songDuration": 59.04,
        "songNumber": 38,
        "activePlayerCount": 176,
        "LinkVideo": "https://files.catbox.moe/m5kq6r.webm",
        "LinkMp3": "https://files.catbox.moe/mvp6k0.mp3",
        "annId": 3609,
        "songDifficulty": 36.56582601127321,
        "vintage": "Winter 1976"
    },
    {
        "animeEng": "Aikatsu Stars!",
        "animeRomaji": "Aikatsu Stars!",
        "songName": "episode Solo",
        "artist": "Ruka\u30fbNanase\u30fbKana\u30fbMiho from AIKATSU\u2606STARS!",
        "type": "Insert Song",
        "correctCount": 38,
        "startTime": 14,
        "songDuration": 101.064,
        "songNumber": 39,
        "activePlayerCount": 176,
        "LinkVideo": "https://files.catbox.moe/wjifei.webm",
        "LinkMp3": "https://files.catbox.moe/wyn07v.mp3",
        "annId": 18547,
        "songDifficulty": 25.574558049492946,
        "vintage": "Summer 2016"
    },
    {
        "animeEng": "Orient",
        "animeRomaji": "Orient",
        "songName": "Naniiro",
        "artist": "Wataru Hatano",
        "type": "Ending 1",
        "correctCount": 13,
        "startTime": 42,
        "songDuration": 89.496,
        "songNumber": 40,
        "activePlayerCount": 176,
        "LinkVideo": "https://files.catbox.moe/4onlcj.webm",
        "LinkMp3": "https://files.catbox.moe/98uhkx.mp3",
        "annId": 24572,
        "songDifficulty": 18.61801171875,
        "vintage": "Winter 2022"
    },
    {
        "animeEng": "High School Aurabuster",
        "animeRomaji": "High School Aurabuster",
        "songName": "Itsuki Uta",
        "artist": "Chihiro Yonekura",
        "type": "Opening 1",
        "correctCount": 3,
        "startTime": 6,
        "songDuration": 81.216,
        "songNumber": 41,
        "activePlayerCount": 176,
        "LinkVideo": "https://files.catbox.moe/4my38g.webm",
        "LinkMp3": "https://files.catbox.moe/ccx83o.mp3",
        "annId": 6672,
        "songDifficulty": 7.464508524542164,
        "vintage": "Winter 1999",
        "correctPlayers": [
            "Rukawa11",
            "Zurex",
            "AKl"
        ]
    },
    {
        "animeEng": "Detroit Metal City",
        "animeRomaji": "Detroit Metal City",
        "songName": "MIKE ALWAY'S DIARY",
        "artist": "Kahimi Karie",
        "type": "Insert Song",
        "correctCount": 9,
        "startTime": 0,
        "songDuration": 21.048,
        "songNumber": 42,
        "activePlayerCount": 176,
        "LinkVideo": "https://files.catbox.moe/bood67.webm",
        "LinkMp3": "https://files.catbox.moe/5i9xqq.mp3",
        "annId": 10172,
        "songDifficulty": 11.70725251906318,
        "vintage": "Summer 2008"
    },
    {
        "animeEng": "Natsume's Book of Friends Season 6",
        "animeRomaji": "Natsume Yuujinchou Roku",
        "songName": "Kimi no Uta",
        "artist": "Rei Yasuda",
        "type": "Ending 1",
        "correctCount": 23,
        "startTime": 54,
        "songDuration": 98.424,
        "songNumber": 43,
        "activePlayerCount": 176,
        "LinkVideo": "https://files.catbox.moe/op8eph.webm",
        "LinkMp3": "https://files.catbox.moe/iw46pu.mp3",
        "annId": 18942,
        "songDifficulty": 15.703739502253175,
        "vintage": "Spring 2017"
    },
    {
        "animeEng": "Jinki:Extend",
        "animeRomaji": "Jinki:Extend",
        "songName": "FLY AWAY",
        "artist": "unicorn table",
        "type": "Opening 1",
        "correctCount": 11,
        "startTime": 21,
        "songDuration": 89.976,
        "songNumber": 44,
        "activePlayerCount": 174,
        "LinkVideo": "https://files.catbox.moe/s3f1r1.webm",
        "LinkMp3": "https://files.catbox.moe/rtzbut.mp3",
        "annId": 4658,
        "songDifficulty": 12.96935402199074,
        "vintage": "Winter 2005"
    },
    {
        "animeEng": "Di Gi Charat Natsuyasumi Special",
        "animeRomaji": "Di Gi Charat Natsuyasumi Special",
        "songName": "see you see you",
        "artist": "Asami Sanada, Miyuki Sawashiro, Kyoko Hikami",
        "type": "Ending 1",
        "correctCount": 8,
        "startTime": 8,
        "songDuration": 87.792,
        "songNumber": 45,
        "activePlayerCount": 175,
        "LinkVideo": "https://files.catbox.moe/dnmry9.webm",
        "LinkMp3": "https://files.catbox.moe/mrxp1u.mp3",
        "annId": 2934,
        "songDifficulty": 14.917104577188104,
        "vintage": "Summer 2001"
    },
    {
        "animeEng": "Weathering With You",
        "animeRomaji": "Tenki no Ko",
        "songName": "Grand Escape (Movie edit)",
        "artist": "RADWIMPS feat. Touko Miura",
        "type": "Insert Song",
        "correctCount": 84,
        "startTime": 110,
        "songDuration": 181.488,
        "songNumber": 46,
        "activePlayerCount": 177,
        "LinkVideo": "https://files.catbox.moe/i54nyf.webm",
        "LinkMp3": "https://files.catbox.moe/78549r.mp3",
        "annId": 22137,
        "songDifficulty": 44.10615993107769,
        "vintage": "Summer 2019"
    },
    {
        "animeEng": "Poupelle of Chimney Town",
        "animeRomaji": "Eiga Entotsu Machi no Poupelle",
        "songName": "Dreamer",
        "artist": "ALONE",
        "type": "Insert Song",
        "correctCount": 1,
        "startTime": 21,
        "songDuration": 82.44,
        "songNumber": 47,
        "activePlayerCount": 176,
        "LinkVideo": "https://files.catbox.moe/187ypy.webm",
        "LinkMp3": "https://files.catbox.moe/1awhir.mp3",
        "annId": 22930,
        "songDifficulty": 12.282608695652174,
        "vintage": "Fall 2020",
        "correctPlayers": [
            "tomokarin"
        ]
    },
    {
        "animeEng": "Knight Hunters",
        "animeRomaji": "Wei\u00df Kreuz",
        "songName": "Oh Mercy",
        "artist": "Wei\u00df",
        "type": "Insert Song",
        "correctCount": 9,
        "startTime": 14,
        "songDuration": 57.408,
        "songNumber": 48,
        "activePlayerCount": 176,
        "LinkVideo": "https://files.catbox.moe/z68ll1.webm",
        "LinkMp3": "https://files.catbox.moe/zbbadr.mp3",
        "annId": 254,
        "songDifficulty": 12.43939351663961,
        "vintage": "Spring 1998"
    },
    {
        "animeEng": "Pok\u00e9mon 3: The Movie",
        "animeRomaji": "Pocket Monsters: Kesshoutou no Teiou Entei",
        "songName": "OK! 2000",
        "artist": "Rica Matsumoto",
        "type": "Opening 1",
        "correctCount": 12,
        "startTime": 104,
        "songDuration": 199.848,
        "songNumber": 49,
        "activePlayerCount": 176,
        "LinkVideo": "https://files.catbox.moe/mmgav5.webm",
        "LinkMp3": "https://files.catbox.moe/p5t4ho.mp3",
        "annId": 831,
        "songDifficulty": 9.181077472000903,
        "vintage": "Summer 2000"
    },
    {
        "animeEng": "Vivy: Fluorite Eye's Song",
        "animeRomaji": "Vivy: Fluorite Eye's Song",
        "songName": "My Code",
        "artist": "Kairi Yagi",
        "type": "Insert Song",
        "correctCount": 43,
        "startTime": 42,
        "songDuration": 76.08,
        "songNumber": 50,
        "activePlayerCount": 177,
        "LinkVideo": "https://files.catbox.moe/basvjk.webm",
        "LinkMp3": "https://files.catbox.moe/3ursel.mp3",
        "annId": 23935,
        "songDifficulty": 31.926682009655433,
        "vintage": "Spring 2021"
    },
    {
        "animeEng": "Fate/Zero",
        "animeRomaji": "Fate/Zero",
        "songName": "oath sign",
        "artist": "LiSA",
        "type": "Opening 1",
        "correctCount": 127,
        "startTime": 14,
        "songDuration": 90.072,
        "songNumber": 51,
        "activePlayerCount": 176,
        "LinkVideo": "https://files.catbox.moe/qgy2zu.webm",
        "LinkMp3": "https://files.catbox.moe/txss3m.mp3",
        "annId": 12376,
        "songDifficulty": 43.223152674727984,
        "vintage": "Fall 2011"
    },
    {
        "animeEng": "Heartcatch Pretty Cure!",
        "animeRomaji": "Heartcatch Precure!",
        "songName": "Tsu.Bo.Mi ~Future Flower~",
        "artist": "Nana Mizuki",
        "type": "Insert Song",
        "correctCount": 13,
        "startTime": 1,
        "songDuration": 121.416,
        "songNumber": 52,
        "activePlayerCount": 176,
        "LinkVideo": "https://files.catbox.moe/uagiaq.webm",
        "LinkMp3": "https://files.catbox.moe/w8gx3h.mp3",
        "annId": 11195,
        "songDifficulty": 18.071602504638218,
        "vintage": "Winter 2010"
    },
    {
        "animeEng": "Princess Princess",
        "animeRomaji": "Princess Princess",
        "songName": "Cutey Honey",
        "artist": "Jun Fukuyama, Romi Park, Tetsuya Kakihara",
        "type": "Insert Song",
        "correctCount": 22,
        "startTime": 3,
        "songDuration": 40.296,
        "songNumber": 53,
        "activePlayerCount": 177,
        "LinkVideo": "https://files.catbox.moe/1hpd7t.webm",
        "LinkMp3": "https://files.catbox.moe/m3dys8.mp3",
        "annId": 6467,
        "songDifficulty": 17.004195450990615,
        "vintage": "Spring 2006"
    },
    {
        "animeEng": "Eromanga Sensei",
        "animeRomaji": "Eromanga Sensei",
        "songName": "adrenaline!!!",
        "artist": "TrySail",
        "type": "Ending 1",
        "correctCount": 111,
        "startTime": 43,
        "songDuration": 87.384,
        "songNumber": 54,
        "activePlayerCount": 177,
        "LinkVideo": "https://files.catbox.moe/w2y5s2.webm",
        "LinkMp3": "https://files.catbox.moe/6j2hkp.mp3",
        "annId": 23239,
        "songDifficulty": 44.480356689515105,
        "vintage": "Winter 2019"
    },
    {
        "animeEng": "Shadowverse",
        "animeRomaji": "Shadowverse",
        "songName": "Shinsekai",
        "artist": "FLOW",
        "type": "Opening 2",
        "correctCount": 25,
        "startTime": 51,
        "songDuration": 89.568,
        "songNumber": 55,
        "activePlayerCount": 176,
        "LinkVideo": "https://files.catbox.moe/pqzl9d.webm",
        "LinkMp3": "https://files.catbox.moe/regcvc.mp3",
        "annId": 22550,
        "songDifficulty": 19.30439320521244,
        "vintage": "Spring 2020"
    },
    {
        "animeEng": "Fist of the North Star 2",
        "animeRomaji": "Hokuto no Ken 2",
        "songName": "Ai o Torimodose!!",
        "artist": "Crystal King",
        "type": "Insert Song",
        "correctCount": 99,
        "startTime": 45,
        "songDuration": 81.056566,
        "songNumber": 56,
        "activePlayerCount": 176,
        "LinkVideo": "https://files.catbox.moe/r4381p.webm",
        "LinkMp3": "https://files.catbox.moe/4n3eoh.mp3",
        "annId": 2199,
        "songDifficulty": 47.526743621741545,
        "vintage": "Winter 1987"
    },
    {
        "animeEng": "Shin Hakkenden",
        "animeRomaji": "Shin Hakkenden",
        "songName": "memories",
        "artist": "ANGELA",
        "type": "Opening 1",
        "correctCount": 7,
        "startTime": 6,
        "songDuration": 89.59846,
        "songNumber": 57,
        "activePlayerCount": 175,
        "LinkVideo": "https://files.catbox.moe/z1keyg.webm",
        "LinkMp3": "https://files.catbox.moe/uoa6zn.mp3",
        "annId": 1988,
        "songDifficulty": 13.532128820511414,
        "vintage": "Spring 1999"
    },
    {
        "animeEng": "Senki Zesshou Symphogear GX",
        "animeRomaji": "Senki Zesshou Symphogear GX",
        "songName": "Niji-iro no Fl\u00fcgel",
        "artist": "Aoi Yuuki \u00d7 Nana Mizuki \u00d7 Ayahi Takagaki \u00d7 Yoshino Nanjou \u00d7 Ai Kayano \u00d7 Yoko Hikasa \u00d7 Minami Takayama",
        "type": "Ending 4",
        "correctCount": 63,
        "startTime": 17,
        "songDuration": 104.136,
        "songNumber": 58,
        "activePlayerCount": 174,
        "LinkVideo": "https://files.catbox.moe/c8mvjy.webm",
        "LinkMp3": "https://files.catbox.moe/k9pkwk.mp3",
        "annId": 16312,
        "songDifficulty": 36.09637101220229,
        "vintage": "Summer 2015"
    },
    {
        "animeEng": "Angel Heart",
        "animeRomaji": "Angel Heart",
        "songName": "Battlefield of love",
        "artist": "Isawa Asami",
        "type": "Opening 3",
        "correctCount": 7,
        "startTime": 39,
        "songDuration": 91.480813,
        "songNumber": 59,
        "activePlayerCount": 173,
        "LinkVideo": "https://files.catbox.moe/4esyds.webm",
        "LinkMp3": "https://files.catbox.moe/rb62h0.mp3",
        "annId": 5487,
        "songDifficulty": 16.036934497610662,
        "vintage": "Fall 2005"
    },
    {
        "animeEng": "Castle Town Dandelion",
        "animeRomaji": "Joukamachi no Dandelion",
        "songName": "Honey\u2665Come!!",
        "artist": "Yui Ogura",
        "type": "Ending 1",
        "correctCount": 65,
        "startTime": 3,
        "songDuration": 88.608,
        "songNumber": 60,
        "activePlayerCount": 173,
        "LinkVideo": "https://files.catbox.moe/sp33fp.webm",
        "LinkMp3": "https://files.catbox.moe/31n521.mp3",
        "annId": 16857,
        "songDifficulty": 26.054832242108876,
        "vintage": "Summer 2015"
    },
    {
        "animeEng": "Yotsunoha",
        "animeRomaji": "Yotsunoha",
        "songName": "Negai",
        "artist": "Chata",
        "type": "Ending 1",
        "correctCount": 13,
        "startTime": 37,
        "songDuration": 105.12,
        "songNumber": 61,
        "activePlayerCount": 171,
        "LinkVideo": "https://files.catbox.moe/1xpcgk.webm",
        "LinkMp3": "https://files.catbox.moe/rwkzym.mp3",
        "annId": 8194,
        "songDifficulty": 12.131079966040904,
        "vintage": "Winter 2008"
    },
    {
        "animeEng": "Ground Control to Psychoelectric Girl",
        "animeRomaji": "Denpa Onna to Seishun Otoko",
        "songName": "Os-Uchuujin",
        "artist": "Erio o Kamatte-chan",
        "type": "Opening 1",
        "correctCount": 92,
        "startTime": 17,
        "songDuration": 88.92,
        "songNumber": 62,
        "activePlayerCount": 171,
        "LinkVideo": "https://files.catbox.moe/rf79nn.webm",
        "LinkMp3": "https://files.catbox.moe/zlzdrw.mp3",
        "annId": 11808,
        "songDifficulty": 33.35033123320671,
        "vintage": "Spring 2011"
    },
    {
        "animeEng": "BanG Dream! Girls Band Party! Pico Fever!",
        "animeRomaji": "BanG Dream! Garupa\u2606Pico: Fever",
        "songName": "Pico Taru Mono, Fever!",
        "artist": "Aimi\u00d7Ayane Sakura\u00d7Ami Maeshima\u00d7Aina Aiba\u00d7Miku Itou\u00d7Raychell\u00d7Amane Shindou",
        "type": "Ending 1",
        "correctCount": 96,
        "startTime": 0,
        "songDuration": 28.752,
        "songNumber": 63,
        "activePlayerCount": 171,
        "LinkVideo": "https://files.catbox.moe/w84aie.webm",
        "LinkMp3": "https://files.catbox.moe/9rto7e.mp3",
        "annId": 24418,
        "songDifficulty": 40.60612259695061,
        "vintage": "Fall 2021"
    },
    {
        "animeEng": "Aquarion Evol",
        "animeRomaji": "Aquarion Evol",
        "songName": "Shouten Shouka",
        "artist": "Seitenshi Gakuen Danshi-bu Yuushi",
        "type": "Insert Song",
        "correctCount": 9,
        "startTime": 0,
        "songDuration": 24.048,
        "songNumber": 64,
        "activePlayerCount": 170,
        "LinkVideo": "https://files.catbox.moe/xki22e.webm",
        "LinkMp3": "https://files.catbox.moe/iqr80n.mp3",
        "annId": 12547,
        "songDifficulty": 19.003668670438472,
        "vintage": "Winter 2012"
    },
    {
        "animeEng": "Kabaneri of the Iron Fortress",
        "animeRomaji": "Koutetsujou no Kabaneri",
        "songName": "Through My Blood <AM>",
        "artist": "Aimer",
        "type": "Ending 2",
        "correctCount": 65,
        "startTime": 94,
        "songDuration": 163.464,
        "songNumber": 65,
        "activePlayerCount": 170,
        "LinkVideo": "https://files.catbox.moe/6w78z6.webm",
        "LinkMp3": "https://files.catbox.moe/8k0na8.mp3",
        "annId": 16595,
        "songDifficulty": 30.08347185677713,
        "vintage": "Spring 2016"
    },
    {
        "animeEng": "Ooya-san wa Shishunki!",
        "animeRomaji": "Ooya-san wa Shishunki!",
        "songName": "Shining Sky",
        "artist": "every\u2665ing!",
        "type": "Opening 1",
        "correctCount": 53,
        "startTime": 1,
        "songDuration": 29.592,
        "songNumber": 66,
        "activePlayerCount": 170,
        "LinkVideo": "https://files.catbox.moe/vw57q3.webm",
        "LinkMp3": "https://files.catbox.moe/0vyn47.mp3",
        "annId": 17795,
        "songDifficulty": 17.20095167386609,
        "vintage": "Winter 2016"
    },
    {
        "animeEng": "Dog Days''",
        "animeRomaji": "Dog Days''",
        "songName": "Stay With Me",
        "artist": "Yui Horie",
        "type": "Ending 1",
        "correctCount": 23,
        "startTime": 17,
        "songDuration": 89.472,
        "songNumber": 67,
        "activePlayerCount": 170,
        "LinkVideo": "https://files.catbox.moe/oniyyd.webm",
        "LinkMp3": "https://files.catbox.moe/t6c3un.mp3",
        "annId": 16193,
        "songDifficulty": 16.130097822016975,
        "vintage": "Winter 2015"
    },
    {
        "animeEng": "The Eccentric Family",
        "animeRomaji": "Uchouten Kazoku",
        "songName": "Qu\u00e9 ser\u00e1, ser\u00e1",
        "artist": "fh\u00e1na",
        "type": "Ending 1",
        "correctCount": 46,
        "startTime": 51,
        "songDuration": 89.784,
        "songNumber": 68,
        "activePlayerCount": 171,
        "LinkVideo": "https://files.catbox.moe/65yx7l.webm",
        "LinkMp3": "https://files.catbox.moe/q7rl2z.mp3",
        "annId": 15205,
        "songDifficulty": 18.84874320652174,
        "vintage": "Summer 2013"
    },
    {
        "animeEng": "Angel Beats!",
        "animeRomaji": "Angel Beats!",
        "songName": "My Soul,Your Beats!",
        "artist": "LiSA",
        "type": "Opening 2",
        "correctCount": 123,
        "startTime": 4,
        "songDuration": 91.776,
        "songNumber": 69,
        "activePlayerCount": 171,
        "LinkVideo": "https://files.catbox.moe/swjb4r.webm",
        "LinkMp3": "https://files.catbox.moe/dntpj0.mp3",
        "annId": 10885,
        "songDifficulty": 46.825620596205965,
        "vintage": "Spring 2010"
    },
    {
        "animeEng": "Gurren Lagann",
        "animeRomaji": "Tengen Toppa Gurren Lagann",
        "songName": "'Libera me' from hell",
        "artist": "Yuri Kasahara & Tarantula",
        "type": "Insert Song",
        "correctCount": 143,
        "startTime": 74,
        "songDuration": 128.064,
        "songNumber": 70,
        "activePlayerCount": 171,
        "LinkVideo": "https://files.catbox.moe/1sghgp.webm",
        "LinkMp3": "https://files.catbox.moe/l7a6do.mp3",
        "annId": 6698,
        "songDifficulty": 55.821193265007324,
        "vintage": "Spring 2007"
    },
    {
        "animeEng": "Drifters",
        "animeRomaji": "Drifters",
        "songName": "Gospel of the Throttle (Kyouhon REMIX ver.)",
        "artist": "Minutes Til Midnight",
        "type": "Opening 1",
        "correctCount": 125,
        "startTime": 55,
        "songDuration": 90.024,
        "songNumber": 71,
        "activePlayerCount": 171,
        "LinkVideo": "https://files.catbox.moe/ge98d6.webm",
        "LinkMp3": "https://files.catbox.moe/rghtcc.mp3",
        "annId": 23664,
        "songDifficulty": 44.815830145265025,
        "vintage": "Fall 2017"
    },
    {
        "animeEng": "Zombie Land Saga",
        "animeRomaji": "Zombie Land Saga",
        "songName": "Mezame RETURNER",
        "artist": "FranChouChou",
        "type": "Ending 2",
        "correctCount": 63,
        "startTime": 54,
        "songDuration": 99.384,
        "songNumber": 72,
        "activePlayerCount": 171,
        "LinkVideo": "https://files.catbox.moe/mern0v.webm",
        "LinkMp3": "https://files.catbox.moe/ivgkcw.mp3",
        "annId": 21363,
        "songDifficulty": 31.735359251968504,
        "vintage": "Fall 2018"
    },
    {
        "animeEng": "K-On!",
        "animeRomaji": "K-On!",
        "songName": "Watashi no Koi wa Hotch Kiss",
        "artist": "Ho-Kago Tea Time - HTT",
        "type": "Insert Song",
        "correctCount": 55,
        "startTime": 6,
        "songDuration": 126.576,
        "songNumber": 73,
        "activePlayerCount": 171,
        "LinkVideo": "https://files.catbox.moe/o6m009.webm",
        "LinkMp3": "https://files.catbox.moe/1yybyp.mp3",
        "annId": 10562,
        "songDifficulty": 30.395635011817227,
        "vintage": "Spring 2009"
    },
    {
        "animeEng": "High School Fleet",
        "animeRomaji": "Haifuri",
        "songName": "High Free Spirits",
        "artist": "TrySail",
        "type": "Opening 1",
        "correctCount": 94,
        "startTime": 30,
        "songDuration": 89.064,
        "songNumber": 74,
        "activePlayerCount": 170,
        "LinkVideo": "https://files.catbox.moe/dpi2ef.webm",
        "LinkMp3": "https://files.catbox.moe/xdiqav.mp3",
        "annId": 17584,
        "songDifficulty": 33.453125,
        "vintage": "Spring 2016"
    },
    {
        "animeEng": "Hypnosis Mic: Division Rap Battle - Rhyme Anima",
        "animeRomaji": "Hypnosis Mic: Division Rap Battle - Rhyme Anima",
        "songName": "D.R.B Rhyme Anima -2nd Battle- Fling Posse vs Matenro",
        "artist": "Fling Posse\u30fbMatenro",
        "type": "Insert Song",
        "correctCount": 97,
        "startTime": 224,
        "songDuration": 305.568,
        "songNumber": 75,
        "activePlayerCount": 170,
        "LinkVideo": "https://files.catbox.moe/4ydvo4.webm",
        "LinkMp3": "https://files.catbox.moe/tvpn1y.mp3",
        "annId": 22902,
        "songDifficulty": 51.15229178892801,
        "vintage": "Fall 2020"
    },
    {
        "animeEng": "Lord Marksman and Vanadis",
        "animeRomaji": "Madan no Ou to Vanadis",
        "songName": "Ginsen no Kaze",
        "artist": "Konomi Suzuki",
        "type": "Opening 1",
        "correctCount": 64,
        "startTime": 21,
        "songDuration": 89.232,
        "songNumber": 76,
        "activePlayerCount": 168,
        "LinkVideo": "https://files.catbox.moe/5vn0yz.webm",
        "LinkMp3": "https://files.catbox.moe/d1clkd.mp3",
        "annId": 16170,
        "songDifficulty": 23.385129291226825,
        "vintage": "Fall 2014"
    },
    {
        "animeEng": "Assault Lily Bouquet",
        "animeRomaji": "Assault Lily Bouquet",
        "songName": "Edel Lilie",
        "artist": "Hitotsuyanagi-tai",
        "type": "Ending 1",
        "correctCount": 35,
        "startTime": 35,
        "songDuration": 99.456,
        "songNumber": 77,
        "activePlayerCount": 168,
        "LinkVideo": "https://files.catbox.moe/sjnx78.webm",
        "LinkMp3": "https://files.catbox.moe/4fy3lf.mp3",
        "annId": 22905,
        "songDifficulty": 24.814088351794727,
        "vintage": "Fall 2020"
    },
    {
        "animeEng": "Digimon Adventure: Born of Koromon",
        "animeRomaji": "Digimon Adventure: Born of Koromon",
        "songName": "Butter-Fly",
        "artist": "Kouji Wada",
        "type": "Ending 1",
        "correctCount": 113,
        "startTime": 31,
        "songDuration": 61.569554,
        "songNumber": 78,
        "activePlayerCount": 168,
        "LinkVideo": "https://files.catbox.moe/hnpd5k.webm",
        "LinkMp3": "https://files.catbox.moe/frsoce.mp3",
        "annId": 2523,
        "songDifficulty": 44.73221298462567,
        "vintage": "Winter 1999"
    },
    {
        "animeEng": "Shoujo\u2606Kageki Revue Starlight: Rondo Rondo Rondo",
        "animeRomaji": "Shoujo\u2606Kageki Revue Starlight: Rondo Rondo Rondo",
        "songName": "Sekai o Hai ni Suru made (movie ver.)",
        "artist": "Momoyo Koyama, Suzuko Mimori, Hinata Satou",
        "type": "Insert Song",
        "correctCount": 50,
        "startTime": 37,
        "songDuration": 204.672,
        "songNumber": 79,
        "activePlayerCount": 168,
        "LinkVideo": "https://files.catbox.moe/ha2612.webm",
        "LinkMp3": "https://files.catbox.moe/o67p4q.mp3",
        "annId": 22992,
        "songDifficulty": 30.182839620127893,
        "vintage": "Spring 2020"
    },
    {
        "animeEng": "Memories Off 2nd",
        "animeRomaji": "Memories Off 2nd",
        "songName": "Replay Machine",
        "artist": "Nana Mizuki",
        "type": "Insert Song",
        "correctCount": 24,
        "startTime": 0,
        "songDuration": 54.072,
        "songNumber": 80,
        "activePlayerCount": 168,
        "LinkVideo": "https://files.catbox.moe/do4h0u.webm",
        "LinkMp3": "https://files.catbox.moe/hewnqy.mp3",
        "annId": 2616,
        "songDifficulty": 16.05962073284647,
        "vintage": "Winter 2003"
    },
    {
        "animeEng": "Treasure Island",
        "animeRomaji": "Takarajima",
        "songName": "Chiisana Funanori",
        "artist": "Yoshito Machida",
        "type": "Ending 1",
        "correctCount": 45,
        "startTime": 34,
        "songDuration": 69.562886,
        "songNumber": 81,
        "activePlayerCount": 169,
        "LinkVideo": "https://files.catbox.moe/wult2s.webm",
        "LinkMp3": "https://files.catbox.moe/x6oy3v.mp3",
        "annId": 20357,
        "songDifficulty": 15.143848560474536,
        "vintage": "Spring 1987"
    },
    {
        "animeEng": "RUNNIN' AWAY Gel\u00e9e",
        "animeRomaji": "Nineko Gel\u00e9e",
        "songName": "Pink Methuselah",
        "artist": "Seiko Oomori",
        "type": "Opening 1",
        "correctCount": 44,
        "startTime": 41,
        "songDuration": 87.648,
        "songNumber": 82,
        "activePlayerCount": 168,
        "LinkVideo": "https://files.catbox.moe/o7onzr.webm",
        "LinkMp3": "https://files.catbox.moe/b3cgl7.mp3",
        "annId": 23222,
        "songDifficulty": 17.84147377980626,
        "vintage": "Fall 2016"
    },
    {
        "animeEng": "Gintama: The Very Final",
        "animeRomaji": "Gintama: The Final",
        "songName": "Douraku Shinjou",
        "artist": "DOES",
        "type": "Insert Song",
        "correctCount": 31,
        "startTime": 157,
        "songDuration": 202.92,
        "songNumber": 83,
        "activePlayerCount": 168,
        "LinkVideo": "https://files.catbox.moe/hxs5xx.webm",
        "LinkMp3": "https://files.catbox.moe/3ufw4e.mp3",
        "annId": 23828,
        "songDifficulty": 24.368400207492147,
        "vintage": "Winter 2021"
    },
    {
        "animeEng": "Persona 3 the Movie #1 Spring of Birth",
        "animeRomaji": "Persona 3 the Movie #1 Spring of Birth",
        "songName": "Deep Breath Deep Breath",
        "artist": "Lotus Juice",
        "type": "Insert Song",
        "correctCount": 61,
        "startTime": 52,
        "songDuration": 99.072,
        "songNumber": 84,
        "activePlayerCount": 168,
        "LinkVideo": "https://files.catbox.moe/g7dl8m.webm",
        "LinkMp3": "https://files.catbox.moe/nf6wbi.mp3",
        "annId": 14449,
        "songDifficulty": 33.73724761274735,
        "vintage": "Fall 2013"
    },
    {
        "animeEng": "The Morose Mononokean II",
        "animeRomaji": "Fukigen na Mononokean Tsuzuki",
        "songName": "1%",
        "artist": "Wolpis Carter",
        "type": "Ending 1",
        "correctCount": 16,
        "startTime": 37,
        "songDuration": 86.232,
        "songNumber": 85,
        "activePlayerCount": 164,
        "LinkVideo": "https://files.catbox.moe/i2vevg.webm",
        "LinkMp3": "https://files.catbox.moe/wh3s89.mp3",
        "annId": 21128,
        "songDifficulty": 18.320724028010034,
        "vintage": "Winter 2019"
    }
]