[
    {
        "animeEng": "Free!: Iwatobi Swim Club",
        "animeRomaji": "Free!: Iwatobi Swim Club",
        "songName": "SPLASH FREE",
        "artist": "STYLE FIVE",
        "type": "Ending 1",
        "correctCount": 103,
        "startTime": 1,
        "songDuration": 88.584,
        "songNumber": 1,
        "activePlayerCount": 142,
        "LinkVideo": "https://files.catbox.moe/s8ai71.webm",
        "LinkMp3": "https://files.catbox.moe/etzlwc.mp3",
        "annId": 15291,
        "songDifficulty": 51.26296979865772,
        "vintage": "Summer 2013"
    },
    {
        "animeEng": "Blue Comet SPT Layzner",
        "animeRomaji": "Aoki Ryuusei SPT Layzner",
        "songName": "LA ROSE ROUGE",
        "artist": "Seiko Tomizawa",
        "type": "Ending 1",
        "correctCount": 5,
        "startTime": 0,
        "songDuration": 55.944,
        "songNumber": 2,
        "activePlayerCount": 155,
        "LinkVideo": "https://files.catbox.moe/ybc5e7.webm",
        "LinkMp3": "https://files.catbox.moe/c21mx0.mp3",
        "annId": 9168,
        "songDifficulty": 6.951515699340398,
        "vintage": "Summer 1986",
        "correctPlayers": [
            "watashiii",
            "Hejsan",
            "munyamunya",
            "anomanderbaked",
            "kaghey"
        ]
    },
    {
        "animeEng": "High School Fleet",
        "animeRomaji": "Haifuri",
        "songName": "High Free Spirits",
        "artist": "TrySail",
        "type": "Opening 1",
        "correctCount": 81,
        "startTime": 39,
        "songDuration": 89.064,
        "songNumber": 3,
        "activePlayerCount": 159,
        "LinkVideo": "https://files.catbox.moe/ulhub6.webm",
        "LinkMp3": "https://files.catbox.moe/zlafhw.mp3",
        "annId": 19321,
        "songDifficulty": 38.599324266712145,
        "vintage": "Winter 2017"
    },
    {
        "animeEng": "Violet Evergarden: The Movie",
        "animeRomaji": "Gekijouban Violet Evergarden",
        "songName": "Michishirube",
        "artist": "Minori Chihara",
        "type": "Insert Song",
        "correctCount": 71,
        "startTime": 167,
        "songDuration": 246.072,
        "songNumber": 4,
        "activePlayerCount": 163,
        "LinkVideo": "https://files.catbox.moe/jga6p5.webm",
        "LinkMp3": "https://files.catbox.moe/wu4hzh.mp3",
        "annId": 22376,
        "songDifficulty": 43.07135892061134,
        "vintage": "Summer 2020"
    },
    {
        "animeEng": "Golden Time",
        "animeRomaji": "Golden Time",
        "songName": "Golden Time",
        "artist": "Yui Horie",
        "type": "Opening 1",
        "correctCount": 77,
        "startTime": 37,
        "songDuration": 89.136,
        "songNumber": 5,
        "activePlayerCount": 164,
        "LinkVideo": "https://files.catbox.moe/d97n16.webm",
        "LinkMp3": "https://files.catbox.moe/get2gp.mp3",
        "annId": 15548,
        "songDifficulty": 29.493853561437486,
        "vintage": "Fall 2013"
    },
    {
        "animeEng": "Mobile Suit Gundam: Iron-Blooded Orphans",
        "animeRomaji": "G-Tekketsu",
        "songName": "Raise your flag",
        "artist": "MAN WITH A MISSION",
        "type": "Opening 1",
        "correctCount": 100,
        "startTime": 14,
        "songDuration": 88.056,
        "songNumber": 6,
        "activePlayerCount": 164,
        "LinkVideo": "https://files.catbox.moe/0v5iae.webm",
        "LinkMp3": "https://files.catbox.moe/lkbe1x.mp3",
        "annId": 17329,
        "songDifficulty": 42.92714597982975,
        "vintage": "Fall 2015"
    },
    {
        "animeEng": "My Next Life as a Villainess: All Routes Lead to Doom! X",
        "animeRomaji": "Hamefura X",
        "songName": "Anata ga Kureta Hikari",
        "artist": "angela",
        "type": "Insert Song",
        "correctCount": 43,
        "startTime": 13,
        "songDuration": 176.496,
        "songNumber": 7,
        "activePlayerCount": 169,
        "LinkVideo": "https://files.catbox.moe/eucmt9.webm",
        "LinkMp3": "https://files.catbox.moe/593npy.mp3",
        "annId": 23895,
        "songDifficulty": 24.869601176697532,
        "vintage": "Summer 2021"
    },
    {
        "animeEng": "The Rolling Girls",
        "animeRomaji": "Rolling\u2606Girls",
        "songName": "TRAIN-TRAIN",
        "artist": "THE ROLLING GIRLS",
        "type": "Insert Song",
        "correctCount": 33,
        "startTime": 214,
        "songDuration": 251.232,
        "songNumber": 8,
        "activePlayerCount": 168,
        "LinkVideo": "https://files.catbox.moe/co4zq7.webm",
        "LinkMp3": "https://files.catbox.moe/4s7jrd.mp3",
        "annId": 16251,
        "songDifficulty": 25.08199834303766,
        "vintage": "Winter 2015"
    },
    {
        "animeEng": "Love Live! The School Idol Movie",
        "animeRomaji": "Love Live! The School Idol Movie",
        "songName": "Boku-tachi wa Hitotsu no Hikari",
        "artist": "\u03bc's",
        "type": "Ending 1",
        "correctCount": 24,
        "startTime": 200,
        "songDuration": 288.072,
        "songNumber": 9,
        "activePlayerCount": 169,
        "LinkVideo": "https://files.catbox.moe/6ed4ik.webm",
        "LinkMp3": "https://files.catbox.moe/iibptq.mp3",
        "annId": 16742,
        "songDifficulty": 26.175907258064516,
        "vintage": "Spring 2015"
    },
    {
        "animeEng": "Initial D: Battle Stage",
        "animeRomaji": "Initial D: Battle Stage",
        "songName": "GET READY FOR LOVING",
        "artist": "BLACK POWER",
        "type": "Insert Song",
        "correctCount": 16,
        "startTime": 52,
        "songDuration": 122.592,
        "songNumber": 10,
        "activePlayerCount": 172,
        "LinkVideo": "https://files.catbox.moe/i0fqng.webm",
        "LinkMp3": "https://files.catbox.moe/xi2zgw.mp3",
        "annId": 1155,
        "songDifficulty": 18.254732907973175,
        "vintage": "Spring 2002"
    },
    {
        "animeEng": "AKB0048 Next Stage",
        "animeRomaji": "AKB0048 Next Stage",
        "songName": "Kaze wa Fuiteiru",
        "artist": "AKB48",
        "type": "Insert Song",
        "correctCount": 57,
        "startTime": 11,
        "songDuration": 151.32,
        "songNumber": 11,
        "activePlayerCount": 174,
        "LinkVideo": "https://files.catbox.moe/iosnsc.webm",
        "LinkMp3": "https://files.catbox.moe/706icq.mp3",
        "annId": 14873,
        "songDifficulty": 44.66147569444445,
        "vintage": "Winter 2013"
    },
    {
        "animeEng": "Cooking With Valkyries",
        "animeRomaji": "Valkyrie no Shokutaku",
        "songName": "Lil' Dash of Love",
        "artist": "Luna Safari",
        "type": "Ending 1",
        "correctCount": 41,
        "startTime": 2,
        "songDuration": 32.64,
        "songNumber": 12,
        "activePlayerCount": 176,
        "LinkVideo": "https://files.catbox.moe/ch6xke.webm",
        "LinkMp3": "https://files.catbox.moe/b6h2zh.mp3",
        "annId": 23483,
        "songDifficulty": 23.079936481204257,
        "vintage": "Spring 2019"
    },
    {
        "animeEng": "Akuei to Gacchinpo: Tenkomori",
        "animeRomaji": "Akuei to Gacchinpo: Tenkomori",
        "songName": "Ura Gacchinpo no Theme",
        "artist": "UNCO\u2605STAR",
        "type": "Opening 1",
        "correctCount": 16,
        "startTime": 33,
        "songDuration": 79.704,
        "songNumber": 13,
        "activePlayerCount": 177,
        "LinkVideo": "https://files.catbox.moe/k0l19a.webm",
        "LinkMp3": "https://files.catbox.moe/jbkf2q.mp3",
        "annId": 23202,
        "songDifficulty": 11.297956994348853,
        "vintage": "Winter 2005"
    },
    {
        "animeEng": "Megalobox 2: Nomad",
        "animeRomaji": "Megalobox 2: Nomad",
        "songName": "El Canto del Colibr\u00ed",
        "artist": "mabanua",
        "type": "Ending 1",
        "correctCount": 44,
        "startTime": 34,
        "songDuration": 83.4,
        "songNumber": 14,
        "activePlayerCount": 179,
        "LinkVideo": "https://files.catbox.moe/79uvft.webm",
        "LinkMp3": "https://files.catbox.moe/d18sk5.mp3",
        "annId": 23970,
        "songDifficulty": 37.32098287953795,
        "vintage": "Spring 2021"
    },
    {
        "animeEng": "Submarine Super 99",
        "animeRomaji": "Sensuikan Super 99",
        "songName": "Sailing Mirai e",
        "artist": "Ichiro Mizuki",
        "type": "Opening 1",
        "correctCount": 11,
        "startTime": 26,
        "songDuration": 87.768,
        "songNumber": 15,
        "activePlayerCount": 179,
        "LinkVideo": "https://files.catbox.moe/hxm1j8.webm",
        "LinkMp3": "https://files.catbox.moe/s4vie0.mp3",
        "annId": 6039,
        "songDifficulty": 7.602311429604092,
        "vintage": "Spring 2003"
    },
    {
        "animeEng": "Sound of the Sky",
        "animeRomaji": "So Ra No Wo To",
        "songName": "Amazing Grace",
        "artist": "Kanata Sorami",
        "type": "Insert Song",
        "correctCount": 74,
        "startTime": 17,
        "songDuration": 85.104,
        "songNumber": 16,
        "activePlayerCount": 182,
        "LinkVideo": "https://files.catbox.moe/x9uaui.webm",
        "LinkMp3": "https://files.catbox.moe/11moqi.mp3",
        "annId": 11023,
        "songDifficulty": 34.72283662726265,
        "vintage": "Winter 2010"
    },
    {
        "animeEng": "One Piece Episode of Sorajima",
        "animeRomaji": "One Piece Episode of Sorajima",
        "songName": "Hope",
        "artist": "Namie Amuro",
        "type": "Ending 1",
        "correctCount": 97,
        "startTime": 69,
        "songDuration": 117.731854,
        "songNumber": 17,
        "activePlayerCount": 184,
        "LinkVideo": "https://files.catbox.moe/7n5a0z.webm",
        "LinkMp3": "https://files.catbox.moe/iwgcm7.mp3",
        "annId": 20960,
        "songDifficulty": 40.550071151066135,
        "vintage": "Summer 2018"
    },
    {
        "animeEng": "Yumedamaya Kidan",
        "animeRomaji": "Yumedamaya Kidan",
        "songName": "Niji no Wa",
        "artist": "Tatsuya Ishii",
        "type": "Insert Song",
        "correctCount": 9,
        "startTime": 6,
        "songDuration": 60.096,
        "songNumber": 18,
        "activePlayerCount": 186,
        "LinkVideo": "https://files.catbox.moe/0zcnsc.webm",
        "LinkMp3": "https://files.catbox.moe/9ewkty.mp3",
        "annId": 8849,
        "songDifficulty": 6.700792643229167,
        "vintage": "Fall 2007"
    },
    {
        "animeEng": "Tomodachi Game",
        "animeRomaji": "Tomodachi Game",
        "songName": "Double Shuffle",
        "artist": "Nana Mizuki",
        "type": "Opening 1",
        "correctCount": 82,
        "startTime": 0,
        "songDuration": 89.184,
        "songNumber": 19,
        "activePlayerCount": 186,
        "LinkVideo": "https://files.catbox.moe/kn8db8.webm",
        "LinkMp3": "https://files.catbox.moe/85ru3w.mp3",
        "annId": 24923,
        "songDifficulty": 37.86808928234628,
        "vintage": "Spring 2022"
    },
    {
        "animeEng": "Scar-red Rider XechS",
        "animeRomaji": "Scar-red Rider XechS",
        "songName": "STARDUST LOVERS",
        "artist": "Mamoru Miyano & KENN",
        "type": "Ending 4",
        "correctCount": 6,
        "startTime": 70,
        "songDuration": 143.616,
        "songNumber": 20,
        "activePlayerCount": 187,
        "LinkVideo": "https://files.catbox.moe/ru8ay4.webm",
        "LinkMp3": "https://files.catbox.moe/kdqknr.mp3",
        "annId": 18214,
        "songDifficulty": 6.591241065492022,
        "vintage": "Summer 2016"
    },
    {
        "animeEng": "Matchless Raijin-Oh",
        "animeRomaji": "Zettai Muteki Raijin-Oh",
        "songName": "Dream Shift",
        "artist": "SILK",
        "type": "Opening 1",
        "correctCount": 4,
        "startTime": 45,
        "songDuration": 88.56,
        "songNumber": 21,
        "activePlayerCount": 187,
        "LinkVideo": "https://files.catbox.moe/pixhrq.webm",
        "LinkMp3": "https://files.catbox.moe/gsw9y9.mp3",
        "annId": 2459,
        "songDifficulty": 15.83770562751148,
        "vintage": "Spring 1991",
        "correctPlayers": [
            "watashiii",
            "Shag",
            "Zurex",
            "kaghey"
        ]
    },
    {
        "animeEng": "Yu-Gi-Oh! GX",
        "animeRomaji": "Yu-Gi-Oh! Duel Monsters GX",
        "songName": "Precious Time, Glory Days",
        "artist": "Psychic Lover",
        "type": "Opening 4",
        "correctCount": 40,
        "startTime": 41,
        "songDuration": 90.048,
        "songNumber": 22,
        "activePlayerCount": 188,
        "LinkVideo": "https://files.catbox.moe/pwej26.webm",
        "LinkMp3": "https://files.catbox.moe/wslwli.mp3",
        "annId": 4481,
        "songDifficulty": 25.097092479334226,
        "vintage": "Fall 2004"
    },
    {
        "animeEng": "Lapis Re:LiGHTs",
        "animeRomaji": "Lapis Re:LiGHTs",
        "songName": "Karakure*Night Fever",
        "artist": "Konohana wa Otome",
        "type": "Insert Song",
        "correctCount": 13,
        "startTime": 17,
        "songDuration": 97.461182,
        "songNumber": 23,
        "activePlayerCount": 188,
        "LinkVideo": "https://files.catbox.moe/yftblj.webm",
        "LinkMp3": "https://files.catbox.moe/bxhmy6.mp3",
        "annId": 22935,
        "songDifficulty": 26.92218265214797,
        "vintage": "Summer 2020"
    },
    {
        "animeEng": "Cybuster",
        "animeRomaji": "Masou Kishin Cybuster",
        "songName": "Senshi yo, Tachiagare!",
        "artist": "Masaaki Endoh",
        "type": "Opening 1",
        "correctCount": 7,
        "startTime": 30,
        "songDuration": 89.544,
        "songNumber": 24,
        "activePlayerCount": 186,
        "LinkVideo": "https://files.catbox.moe/82wkyt.webm",
        "LinkMp3": "https://files.catbox.moe/h1jk7s.mp3",
        "annId": 4197,
        "songDifficulty": 12.105644166747668,
        "vintage": "Spring 1999"
    },
    {
        "animeEng": "Nobunaga The Fool",
        "animeRomaji": "Nobunaga The Fool",
        "songName": "FOOL THE WORLD",
        "artist": "Minori Chihara",
        "type": "Opening 1",
        "correctCount": 13,
        "startTime": 43,
        "songDuration": 89.4,
        "songNumber": 25,
        "activePlayerCount": 189,
        "LinkVideo": "https://files.catbox.moe/r5b6nh.webm",
        "LinkMp3": "https://files.catbox.moe/co7gcq.mp3",
        "annId": 15712,
        "songDifficulty": 17.689746144798747,
        "vintage": "Winter 2014"
    },
    {
        "animeEng": "Insufficient Direction",
        "animeRomaji": "Kantoku Fuyuki Todoki",
        "songName": "Aoi Chikyuu",
        "artist": "AOP",
        "type": "Ending 4",
        "correctCount": 12,
        "startTime": 1,
        "songDuration": 33.984722,
        "songNumber": 26,
        "activePlayerCount": 191,
        "LinkVideo": "https://files.catbox.moe/tscv8a.webm",
        "LinkMp3": "https://files.catbox.moe/hyxqgv.mp3",
        "annId": 15898,
        "songDifficulty": 20.208331768329327,
        "vintage": "Spring 2014"
    },
    {
        "animeEng": "Aria the OVA: Arietta",
        "animeRomaji": "Aria the OVA: Arietta",
        "songName": "Nana-iro no Sora o",
        "artist": "SONOROUS",
        "type": "Opening 1",
        "correctCount": 16,
        "startTime": 97,
        "songDuration": 134.184,
        "songNumber": 27,
        "activePlayerCount": 191,
        "LinkVideo": "https://files.catbox.moe/9ajsre.webm",
        "LinkMp3": "https://files.catbox.moe/otydo5.mp3",
        "annId": 7818,
        "songDifficulty": 13.020443884029346,
        "vintage": "Summer 2007"
    },
    {
        "animeEng": "Doraemon the Movie: Nobita's Chronicle of the Moon Exploration",
        "animeRomaji": "Doraemon the Movie: Nobita's Chronicle of the Moon Exploration",
        "songName": "THE GIFT",
        "artist": "Dai Hirai",
        "type": "Ending 1",
        "correctCount": 6,
        "startTime": 34,
        "songDuration": 200.064,
        "songNumber": 28,
        "activePlayerCount": 190,
        "LinkVideo": "https://files.catbox.moe/o4txkx.webm",
        "LinkMp3": "https://files.catbox.moe/ivyj0j.mp3",
        "annId": 22155,
        "songDifficulty": 14.16283947172619,
        "vintage": "Winter 2019"
    },
    {
        "animeEng": "Spectral Force Chronicle Divergence",
        "animeRomaji": "Spectral Force Chronicle Divergence",
        "songName": "Suki dake o Tsutaetakute",
        "artist": "Yuuki Kitamura",
        "type": "Ending 1",
        "correctCount": 2,
        "startTime": 156,
        "songDuration": 203.592,
        "songNumber": 29,
        "activePlayerCount": 190,
        "LinkVideo": "https://files.catbox.moe/j0grcq.webm",
        "LinkMp3": "https://files.catbox.moe/92ujlf.mp3",
        "annId": 23196,
        "songDifficulty": 7.070327374113708,
        "vintage": "Spring 1995",
        "correctPlayers": [
            "watashiii",
            "EruisKawaii"
        ]
    },
    {
        "animeEng": "Science Fell in Love, So I Tried to Prove It r=1-sin\u0398",
        "animeRomaji": "Rikei ga Koi ni Ochita no de Shoumei Shitemita. Heart",
        "songName": "Oh my love",
        "artist": "Emiri Takahashi",
        "type": "Insert Song",
        "correctCount": 13,
        "startTime": 70,
        "songDuration": 98.064,
        "songNumber": 30,
        "activePlayerCount": 189,
        "LinkVideo": "https://files.catbox.moe/4r8whq.webm",
        "LinkMp3": "https://files.catbox.moe/0lv79j.mp3",
        "annId": 24167,
        "songDifficulty": 39.27765237020316,
        "vintage": "Spring 2022"
    },
    {
        "animeEng": "Natsume's Book of Friends Season 4",
        "animeRomaji": "Natsume Yuujinchou Shi",
        "songName": "Ima, Kono Toki",
        "artist": "Hiiragi",
        "type": "Opening 1",
        "correctCount": 31,
        "startTime": 52,
        "songDuration": 89.568,
        "songNumber": 31,
        "activePlayerCount": 189,
        "LinkVideo": "https://files.catbox.moe/cz3e1g.webm",
        "LinkMp3": "https://files.catbox.moe/4pydql.mp3",
        "annId": 13600,
        "songDifficulty": 15.312841027195566,
        "vintage": "Winter 2012"
    },
    {
        "animeEng": "Elf Princess Rane",
        "animeRomaji": "Yosei Hime Ren",
        "songName": "Danzen! Vector Power",
        "artist": "AKKO",
        "type": "Ending 1",
        "correctCount": 0,
        "startTime": 33,
        "songDuration": 80.424,
        "songNumber": 32,
        "activePlayerCount": 188,
        "LinkVideo": "https://files.catbox.moe/fwv5uv.webm",
        "LinkMp3": "https://files.catbox.moe/t73uyi.mp3",
        "annId": 632,
        "songDifficulty": 10.28286011751033,
        "vintage": "Fall 1995"
    },
    {
        "animeEng": "Sword Art Online II",
        "animeRomaji": "Sword Art Online II",
        "songName": "IGNITE",
        "artist": "Eir Aoi",
        "type": "Opening 1",
        "correctCount": 124,
        "startTime": 3,
        "songDuration": 90.048,
        "songNumber": 33,
        "activePlayerCount": 188,
        "LinkVideo": "https://files.catbox.moe/n8h0fu.webm",
        "LinkMp3": "https://files.catbox.moe/2u2ii0.mp3",
        "annId": 15804,
        "songDifficulty": 46.53292991416103,
        "vintage": "Summer 2014"
    },
    {
        "animeEng": "The Duke of Death and His Maid",
        "animeRomaji": "Shinigami Bocchan to Kuro Maid",
        "songName": "Mangetsu to Silhouette no Yoru",
        "artist": "Natsuki Hanae & Ayumi Mano",
        "type": "Opening 1",
        "correctCount": 68,
        "startTime": 53,
        "songDuration": 88.656,
        "songNumber": 34,
        "activePlayerCount": 188,
        "LinkVideo": "https://files.catbox.moe/f0r651.webm",
        "LinkMp3": "https://files.catbox.moe/7owvwv.mp3",
        "annId": 24013,
        "songDifficulty": 24.979738025604238,
        "vintage": "Summer 2021"
    },
    {
        "animeEng": "Bottom-Tier Character Tomozaki",
        "animeRomaji": "Jaku-Chara Tomozaki-kun",
        "songName": "Ayafuwa Asterisk (for Hanabi Natsubayashi)",
        "artist": "Ryouko Maekawa",
        "type": "Ending 2",
        "correctCount": 87,
        "startTime": 0,
        "songDuration": 89.184,
        "songNumber": 35,
        "activePlayerCount": 186,
        "LinkVideo": "https://files.catbox.moe/tvf98n.webm",
        "LinkMp3": "https://files.catbox.moe/zvqn6i.mp3",
        "annId": 24450,
        "songDifficulty": 32.441573377447426,
        "vintage": "Spring 2021"
    },
    {
        "animeEng": "Sylvanian Families",
        "animeRomaji": "Sylvanian Families",
        "songName": "Sylvanian Families",
        "artist": "Hitomi Yoshida",
        "type": "Opening 1",
        "correctCount": 7,
        "startTime": 1,
        "songDuration": 90.072,
        "songNumber": 36,
        "activePlayerCount": 187,
        "LinkVideo": "https://files.catbox.moe/e11sf2.webm",
        "LinkMp3": "https://files.catbox.moe/puo49d.mp3",
        "annId": 15384,
        "songDifficulty": 10.17517235744522,
        "vintage": "Spring 2007"
    },
    {
        "animeEng": "The iDOLM@STER SideM",
        "animeRomaji": "The iDOLM@STER SideM",
        "songName": "DRIVE A LIVE",
        "artist": "DRAMATIC STARS",
        "type": "Ending 1",
        "correctCount": 22,
        "startTime": 73,
        "songDuration": 113.4,
        "songNumber": 37,
        "activePlayerCount": 189,
        "LinkVideo": "https://files.catbox.moe/qne1vr.webm",
        "LinkMp3": "https://files.catbox.moe/hze54s.mp3",
        "annId": 19884,
        "songDifficulty": 34.6802718687249,
        "vintage": "Summer 2017"
    },
    {
        "animeEng": "Hamtaro",
        "animeRomaji": "Tottoko Hamtarou",
        "songName": "Hamtarou Tottoko no Uta Tsuzuki Dechu",
        "artist": "Ham-chans",
        "type": "Opening 2",
        "correctCount": 162,
        "startTime": 46,
        "songDuration": 85.2,
        "songNumber": 38,
        "activePlayerCount": 190,
        "LinkVideo": "https://files.catbox.moe/vxquom.webm",
        "LinkMp3": "https://files.catbox.moe/c6w5nl.mp3",
        "annId": 793,
        "songDifficulty": 53.494669026840114,
        "vintage": "Summer 2000"
    },
    {
        "animeEng": "GTO: The Animation",
        "animeRomaji": "GTO: The Animation",
        "songName": "Driver's High",
        "artist": "L'Arc~en~Ciel",
        "type": "Opening 1",
        "correctCount": 91,
        "startTime": 61,
        "songDuration": 97.56,
        "songNumber": 39,
        "activePlayerCount": 192,
        "LinkVideo": "https://files.catbox.moe/l3yi36.webm",
        "LinkMp3": "https://files.catbox.moe/9wpiyn.mp3",
        "annId": 153,
        "songDifficulty": 40.53133660508083,
        "vintage": "Spring 1999"
    },
    {
        "animeEng": "Shoujo\u2606Kageki Revue Starlight: Rondo Rondo Rondo",
        "animeRomaji": "Shoujo\u2606Kageki Revue Starlight: Rondo Rondo Rondo",
        "songName": "Hoshitsumi no Uta",
        "artist": "Maho Tomita & Aina Aiba",
        "type": "Insert Song",
        "correctCount": 13,
        "startTime": 12,
        "songDuration": 185.592,
        "songNumber": 40,
        "activePlayerCount": 193,
        "LinkVideo": "https://files.catbox.moe/wlmiry.webm",
        "LinkMp3": "https://files.catbox.moe/r3q72g.mp3",
        "annId": 22992,
        "songDifficulty": 26.897395672184405,
        "vintage": "Spring 2020"
    },
    {
        "animeEng": "Eiga Crayon Shin-chan: Shuurai! Uchuujin Shiriri",
        "animeRomaji": "Eiga Crayon Shin-chan: Shuurai! Uchuujin Shiriri",
        "songName": "Road Movie",
        "artist": "Yuu Takahashi",
        "type": "Ending 1",
        "correctCount": 5,
        "startTime": 167,
        "songDuration": 199.344,
        "songNumber": 41,
        "activePlayerCount": 193,
        "LinkVideo": "https://files.catbox.moe/so8nnc.webm",
        "LinkMp3": "https://files.catbox.moe/yztqsi.mp3",
        "annId": 19582,
        "songDifficulty": 5.21209005707676,
        "vintage": "Spring 2017",
        "correctPlayers": [
            "revel_",
            "kneesoxluver",
            "Delete",
            "Emdiel",
            "Haibara_Ai"
        ]
    },
    {
        "animeEng": "Motto! Ojamajo Doremi Kaeru Seki no Himitsu",
        "animeRomaji": "Motto! Ojamajo Doremi Kaeru Seki no Himitsu",
        "songName": "Ojamajo de BAN\u00b2",
        "artist": "MAHO-dou",
        "type": "Opening 1",
        "correctCount": 20,
        "startTime": 25,
        "songDuration": 89.064,
        "songNumber": 42,
        "activePlayerCount": 194,
        "LinkVideo": "https://files.catbox.moe/t9f4ux.webm",
        "LinkMp3": "https://files.catbox.moe/mw9i36.mp3",
        "annId": 3590,
        "songDifficulty": 20.95052815473616,
        "vintage": "Summer 2001"
    },
    {
        "animeEng": "Kaiji: Against All Rules",
        "animeRomaji": "Gyakkyou Burai Kaiji: Hakairoku-hen",
        "songName": "Mirai wa Bokura no Te no Naka",
        "artist": "Masato Hagiwara with Red Bonchiris",
        "type": "Ending 2",
        "correctCount": 109,
        "startTime": 0,
        "songDuration": 68.016,
        "songNumber": 43,
        "activePlayerCount": 193,
        "LinkVideo": "https://files.catbox.moe/yq51bj.webm",
        "LinkMp3": "https://files.catbox.moe/j625ib.mp3",
        "annId": 12435,
        "songDifficulty": 44.60270719976681,
        "vintage": "Spring 2011"
    },
    {
        "animeEng": "Aikatsu!",
        "animeRomaji": "Aikatsu!",
        "songName": "CHU-CHU\u2661RAINBOW",
        "artist": "Remi from STAR\u2606ANIS",
        "type": "Insert Song",
        "correctCount": 42,
        "startTime": 8,
        "songDuration": 108.936,
        "songNumber": 44,
        "activePlayerCount": 193,
        "LinkVideo": "https://files.catbox.moe/bddic7.webm",
        "LinkMp3": "https://files.catbox.moe/voi1t5.mp3",
        "annId": 15597,
        "songDifficulty": 42.71548734267734,
        "vintage": "Fall 2013"
    },
    {
        "animeEng": "Code Geass: Lelouch of the Rebellion Remake Movies",
        "animeRomaji": "Code Geass: Hangyaku no Lelouch Remake Movies",
        "songName": "Masquerade",
        "artist": "Hitomi",
        "type": "Insert Song",
        "correctCount": 78,
        "startTime": 59,
        "songDuration": 180.192,
        "songNumber": 45,
        "activePlayerCount": 192,
        "LinkVideo": "https://files.catbox.moe/ohu1y4.webm",
        "LinkMp3": "https://files.catbox.moe/c4bmok.mp3",
        "annId": 20158,
        "songDifficulty": 38.70377063134811,
        "vintage": "Fall 2017"
    },
    {
        "animeEng": "Extra Olympia Kyklos",
        "animeRomaji": "Bessatsu Olympia Kyklos",
        "songName": "Kimi wa Nan Thlon",
        "artist": "Akihito Hayashi",
        "type": "Ending 14",
        "correctCount": 71,
        "startTime": 9,
        "songDuration": 51.984,
        "songNumber": 46,
        "activePlayerCount": 191,
        "LinkVideo": "https://files.catbox.moe/xfwlyz.webm",
        "LinkMp3": "https://files.catbox.moe/1gk1ac.mp3",
        "annId": 23035,
        "songDifficulty": 40.417438375538794,
        "vintage": "Spring 2020"
    },
    {
        "animeEng": "My Dress-Up Darling",
        "animeRomaji": "Sono Bisque Doll wa Koi o Suru",
        "songName": "Koi no Yukue",
        "artist": "Akari Akase",
        "type": "Ending 1",
        "correctCount": 128,
        "startTime": 47,
        "songDuration": 89.952,
        "songNumber": 47,
        "activePlayerCount": 192,
        "LinkVideo": "https://files.catbox.moe/hs3357.webm",
        "LinkMp3": "https://files.catbox.moe/o37j3s.mp3",
        "annId": 24306,
        "songDifficulty": 44.918034483530256,
        "vintage": "Winter 2022"
    },
    {
        "animeEng": "Future Card Buddyfight Battsu",
        "animeRomaji": "Future Card Buddyfight Battsu",
        "songName": "B.O.F",
        "artist": "Poppin'Party",
        "type": "Ending 2",
        "correctCount": 11,
        "startTime": 35,
        "songDuration": 88.919288,
        "songNumber": 48,
        "activePlayerCount": 193,
        "LinkVideo": "https://files.catbox.moe/m6phg6.webm",
        "LinkMp3": "https://files.catbox.moe/ujnk98.mp3",
        "annId": 19092,
        "songDifficulty": 18.647718832526408,
        "vintage": "Spring 2017"
    },
    {
        "animeEng": "My Hero Academia",
        "animeRomaji": "Boku no Hero Academia",
        "songName": "HEROES",
        "artist": "Brian The Sun",
        "type": "Ending 1",
        "correctCount": 132,
        "startTime": 11,
        "songDuration": 89.568,
        "songNumber": 49,
        "activePlayerCount": 194,
        "LinkVideo": "https://files.catbox.moe/54efex.webm",
        "LinkMp3": "https://files.catbox.moe/szti5q.mp3",
        "annId": 17786,
        "songDifficulty": 43.95428868480333,
        "vintage": "Spring 2016"
    },
    {
        "animeEng": "Atashin'chi",
        "animeRomaji": "Atashin'chi",
        "songName": "Atashin'chi no Uta",
        "artist": "Kyoko Koizumi",
        "type": "Opening 2",
        "correctCount": 6,
        "startTime": 16,
        "songDuration": 60.002234,
        "songNumber": 50,
        "activePlayerCount": 194,
        "LinkVideo": "https://files.catbox.moe/c036b9.webm",
        "LinkMp3": "https://files.catbox.moe/o7rs4z.mp3",
        "annId": 1185,
        "songDifficulty": 18.082830916563275,
        "vintage": "Spring 2002"
    },
    {
        "animeEng": "Senki Zesshou Symphogear XV",
        "animeRomaji": "Senki Zesshou Symphogear XV",
        "songName": "Rikka Ryouran",
        "artist": "Aoi Yuuki \u00d7 Nana Mizuki \u00d7 Ayahi Takagaki \u00d7 Yoshino Nanjou \u00d7 Ai Kayano \u00d7 Yoko Hikasa",
        "type": "Insert Song",
        "correctCount": 22,
        "startTime": 63,
        "songDuration": 128.712,
        "songNumber": 51,
        "activePlayerCount": 194,
        "LinkVideo": "https://files.catbox.moe/vb87vb.webm",
        "LinkMp3": "https://files.catbox.moe/hrjw49.mp3",
        "annId": 22019,
        "songDifficulty": 23.58018613191244,
        "vintage": "Summer 2019"
    },
    {
        "animeEng": "Black\u2605Rock Shooter",
        "animeRomaji": "Black\u2605Rock Shooter",
        "songName": "Black\u2605Rock Shooter",
        "artist": "supercell feat. Hatsune Miku",
        "type": "Opening 1",
        "correctCount": 151,
        "startTime": 15,
        "songDuration": 88.896,
        "songNumber": 52,
        "activePlayerCount": 194,
        "LinkVideo": "https://files.catbox.moe/m8jvtj.webm",
        "LinkMp3": "https://files.catbox.moe/306802.mp3",
        "annId": 13310,
        "songDifficulty": 44.89354962040527,
        "vintage": "Winter 2012"
    },
    {
        "animeEng": "Weathering With You",
        "animeRomaji": "Tenki no Ko",
        "songName": "Shukusai (Movie edit)",
        "artist": "RADWIMPS feat. Touko Miura",
        "type": "Insert Song",
        "correctCount": 82,
        "startTime": 109,
        "songDuration": 150.912,
        "songNumber": 53,
        "activePlayerCount": 193,
        "LinkVideo": "https://files.catbox.moe/u3w0cr.webm",
        "LinkMp3": "https://files.catbox.moe/y8hbai.mp3",
        "annId": 22137,
        "songDifficulty": 33.088336202861726,
        "vintage": "Summer 2019"
    },
    {
        "animeEng": "Zan Sayonara Zetsubou Sensei",
        "animeRomaji": "Zan Sayonara Zetsubou Sensei",
        "songName": "Private Lesson",
        "artist": "Yu Kobayashi",
        "type": "Insert Song",
        "correctCount": 12,
        "startTime": 22,
        "songDuration": 88.896,
        "songNumber": 54,
        "activePlayerCount": 192,
        "LinkVideo": "https://files.catbox.moe/qny0m1.webm",
        "LinkMp3": "https://files.catbox.moe/3xhu7r.mp3",
        "annId": 10805,
        "songDifficulty": 8.780594147680624,
        "vintage": "Summer 2009"
    },
    {
        "animeEng": "Mugyutto! Black Clover",
        "animeRomaji": "Mugyutto! Black Clover",
        "songName": "POSSIBLE",
        "artist": "Clover\u00d7Clover",
        "type": "Opening 1",
        "correctCount": 58,
        "startTime": 13,
        "songDuration": 62.712,
        "songNumber": 55,
        "activePlayerCount": 192,
        "LinkVideo": "https://files.catbox.moe/3s0alt.webm",
        "LinkMp3": "https://files.catbox.moe/nhxp75.mp3",
        "annId": 22967,
        "songDifficulty": 25.127568191992836,
        "vintage": "Summer 2019"
    },
    {
        "animeEng": "Time Fighters",
        "animeRomaji": "Time Bokan",
        "songName": "Ushirosugata",
        "artist": "Mari Okamoto",
        "type": "Insert Song",
        "correctCount": 0,
        "startTime": 49,
        "songDuration": 86.496,
        "songNumber": 56,
        "activePlayerCount": 192,
        "LinkVideo": "https://files.catbox.moe/xb37vq.webm",
        "LinkMp3": "https://files.catbox.moe/uj7v5b.mp3",
        "annId": 1472,
        "songDifficulty": 2.4425447088410954,
        "vintage": "Fall 1975"
    },
    {
        "animeEng": "KONOSUBA: God\u2019s Blessing on This Wonderful World! - Legend of Crimson",
        "animeRomaji": "Kono Subarashii Sekai ni Shukufuku o!: Kurenai Densetsu",
        "songName": "1 Milli Symphony",
        "artist": "Machico",
        "type": "Ending 2",
        "correctCount": 73,
        "startTime": 32,
        "songDuration": 89.568,
        "songNumber": 57,
        "activePlayerCount": 192,
        "LinkVideo": "https://files.catbox.moe/5s3z60.webm",
        "LinkMp3": "https://files.catbox.moe/dcmkk9.mp3",
        "annId": 21138,
        "songDifficulty": 19.953726602792102,
        "vintage": "Summer 2019"
    },
    {
        "animeEng": "Pok\u00e9mon Chronicles",
        "animeRomaji": "Pocket Monsters Side Story",
        "songName": "Pocketari Monstery",
        "artist": "Kana",
        "type": "Ending 5",
        "correctCount": 126,
        "startTime": 51,
        "songDuration": 80.403516,
        "songNumber": 58,
        "activePlayerCount": 191,
        "LinkVideo": "https://files.catbox.moe/wewoy1.webm",
        "LinkMp3": "https://files.catbox.moe/u0o805.mp3",
        "annId": 15668,
        "songDifficulty": 40.16758164414414,
        "vintage": "Fall 2002"
    },
    {
        "animeEng": "Ayakashi: Samurai Horror Tales",
        "animeRomaji": "Ayakashi: Samurai Horror Tales",
        "songName": "Haru no Katami",
        "artist": "Chitose Hajime",
        "type": "Ending 1",
        "correctCount": 4,
        "startTime": 46,
        "songDuration": 78.048,
        "songNumber": 59,
        "activePlayerCount": 192,
        "LinkVideo": "https://files.catbox.moe/3yazui.webm",
        "LinkMp3": "https://files.catbox.moe/kmx6do.mp3",
        "annId": 6202,
        "songDifficulty": 13.31738182106599,
        "vintage": "Winter 2006",
        "correctPlayers": [
            "watashiii",
            "asleep",
            "Emdiel",
            "Deafness"
        ]
    },
    {
        "animeEng": "Aikatsu on Parade!",
        "animeRomaji": "Aikatsu on Parade!",
        "songName": "8-gatsu no Marina",
        "artist": "Miki from AIKATSU\u2606STARS!",
        "type": "Insert Song",
        "correctCount": 14,
        "startTime": 29,
        "songDuration": 109.056,
        "songNumber": 60,
        "activePlayerCount": 192,
        "LinkVideo": "https://files.catbox.moe/qb3klz.webm",
        "LinkMp3": "https://files.catbox.moe/d2lwo9.mp3",
        "annId": 22441,
        "songDifficulty": 29.805726969900306,
        "vintage": "Fall 2019"
    },
    {
        "animeEng": "Fighter Gordian",
        "animeRomaji": "Toushi Gordian",
        "songName": "Toushi Gordian",
        "artist": "Daijirou Shiomi",
        "type": "Opening 1",
        "correctCount": 8,
        "startTime": 14,
        "songDuration": 78.072,
        "songNumber": 61,
        "activePlayerCount": 192,
        "LinkVideo": "https://files.catbox.moe/70zmwd.webm",
        "LinkMp3": "https://files.catbox.moe/t4sdfp.mp3",
        "annId": 2234,
        "songDifficulty": 10.443970398509174,
        "vintage": "Fall 1979"
    },
    {
        "animeEng": "Mayo Chiki!",
        "animeRomaji": "Mayo Chiki!",
        "songName": "HAPPY HAPPY BIRTHDAY",
        "artist": "Yuka Iguchi, Eri Kitamura, Mariya Ise, Kana Asumi, Natsuko Kuwatani, Kaori Ishihara, Yui Ogura",
        "type": "Insert Song",
        "correctCount": 40,
        "startTime": 14,
        "songDuration": 93.552,
        "songNumber": 62,
        "activePlayerCount": 192,
        "LinkVideo": "https://files.catbox.moe/nw99ry.webm",
        "LinkMp3": "https://files.catbox.moe/dp7lu2.mp3",
        "annId": 12364,
        "songDifficulty": 18.005573971990465,
        "vintage": "Summer 2011"
    },
    {
        "animeEng": "Rainbow",
        "animeRomaji": "Rainbow: Nisha Rokubou no Shichinin",
        "songName": "Dear Night Rainbow",
        "artist": "Hiroaki Takeuchi",
        "type": "Insert Song",
        "correctCount": 8,
        "startTime": 8,
        "songDuration": 108.672,
        "songNumber": 63,
        "activePlayerCount": 192,
        "LinkVideo": "https://files.catbox.moe/j8javn.webm",
        "LinkMp3": "https://files.catbox.moe/zltbwz.mp3",
        "annId": 9700,
        "songDifficulty": 15.867223512066161,
        "vintage": "Spring 2010"
    },
    {
        "animeEng": "Love Live! Superstar!!",
        "animeRomaji": "Love Live! Superstar!!",
        "songName": "Watashi no Symphony ~Shibuya Kanon Ver.~",
        "artist": "Sayuri Date",
        "type": "Insert Song",
        "correctCount": 35,
        "startTime": 22,
        "songDuration": 92.064,
        "songNumber": 64,
        "activePlayerCount": 193,
        "LinkVideo": "https://files.catbox.moe/nta2ft.webm",
        "LinkMp3": "https://files.catbox.moe/f56eqx.mp3",
        "annId": 23844,
        "songDifficulty": 30.64602988760218,
        "vintage": "Summer 2021"
    },
    {
        "animeEng": "Cardfight!! Vanguard: Link Joker-hen",
        "animeRomaji": "Cardfight!! Vanguard: Link Joker-hen",
        "songName": "Vanguard Fight",
        "artist": "Psychic Lover",
        "type": "Opening 1",
        "correctCount": 14,
        "startTime": 33,
        "songDuration": 89.184,
        "songNumber": 65,
        "activePlayerCount": 192,
        "LinkVideo": "https://files.catbox.moe/58hztd.webm",
        "LinkMp3": "https://files.catbox.moe/x0k0rr.mp3",
        "annId": 14949,
        "songDifficulty": 21.110278671186833,
        "vintage": "Winter 2013"
    },
    {
        "animeEng": "One Outs",
        "animeRomaji": "One Outs",
        "songName": "Bury",
        "artist": "Pay money To my Pain",
        "type": "Opening 1",
        "correctCount": 94,
        "startTime": 3,
        "songDuration": 78.504,
        "songNumber": 66,
        "activePlayerCount": 192,
        "LinkVideo": "https://files.catbox.moe/mbrc5k.webm",
        "LinkMp3": "https://files.catbox.moe/7w95zt.mp3",
        "annId": 10199,
        "songDifficulty": 31.77857364361989,
        "vintage": "Fall 2008"
    },
    {
        "animeEng": "Basilisk: The Ouka Ninja Scrolls",
        "animeRomaji": "Basilisk: Ouka Ninpouchou",
        "songName": "Suiren",
        "artist": "Nana Mizuki",
        "type": "Ending 2",
        "correctCount": 6,
        "startTime": 46,
        "songDuration": 88.848,
        "songNumber": 67,
        "activePlayerCount": 190,
        "LinkVideo": "https://files.catbox.moe/f2j2s6.webm",
        "LinkMp3": "https://files.catbox.moe/nab248.mp3",
        "annId": 20185,
        "songDifficulty": 14.153749861807194,
        "vintage": "Winter 2018"
    },
    {
        "animeEng": "Senki Zesshou Symphogear G",
        "animeRomaji": "Senki Zesshou Symphogear G",
        "songName": "Fushichou no Flamme",
        "artist": "Yoko Hikasa\u00d7Nana Mizuki",
        "type": "Insert Song",
        "correctCount": 46,
        "startTime": 56,
        "songDuration": 126.143138,
        "songNumber": 68,
        "activePlayerCount": 190,
        "LinkVideo": "https://files.catbox.moe/r3t94q.webm",
        "LinkMp3": "https://files.catbox.moe/13de2c.mp3",
        "annId": 15228,
        "songDifficulty": 35.6844400388666,
        "vintage": "Summer 2013"
    },
    {
        "animeEng": "Love Live! School Idol Project",
        "animeRomaji": "Love Live! School Idol Project",
        "songName": "Music S.T.A.R.T!!",
        "artist": "\u03bc's",
        "type": "Insert Song",
        "correctCount": 75,
        "startTime": 131,
        "songDuration": 290.04,
        "songNumber": 69,
        "activePlayerCount": 190,
        "LinkVideo": "https://files.catbox.moe/m4mdcr.webm",
        "LinkMp3": "https://files.catbox.moe/bsrnbw.mp3",
        "annId": 21894,
        "songDifficulty": 38.8690246778647,
        "vintage": "Fall 2013"
    },
    {
        "animeEng": "Arpeggio of Blue Steel: Ars Nova - DC",
        "animeRomaji": "Aoki Hagane no Arpeggio: Ars Nova DC",
        "songName": "Silver Sky",
        "artist": "nano",
        "type": "Insert Song",
        "correctCount": 55,
        "startTime": 119,
        "songDuration": 193.968,
        "songNumber": 70,
        "activePlayerCount": 190,
        "LinkVideo": "https://files.catbox.moe/g073jc.webm",
        "LinkMp3": "https://files.catbox.moe/u5px2t.mp3",
        "annId": 16333,
        "songDifficulty": 25.192447741773,
        "vintage": "Winter 2015"
    },
    {
        "animeEng": "I Can't Understand What My Husband Is Saying",
        "animeRomaji": "Danna ga Nani o Itteiru ka Wakaranai Ken",
        "songName": "Ii Kagen ni Shite, Anata",
        "artist": "Kaoru to Hajime",
        "type": "Ending 1",
        "correctCount": 138,
        "startTime": 0,
        "songDuration": 29.592,
        "songNumber": 71,
        "activePlayerCount": 190,
        "LinkVideo": "https://files.catbox.moe/09aqnj.webm",
        "LinkMp3": "https://files.catbox.moe/f0c744.mp3",
        "annId": 16247,
        "songDifficulty": 35.38113220620843,
        "vintage": "Fall 2014"
    },
    {
        "animeEng": "The Promised Neverland",
        "animeRomaji": "Yakusoku no Neverland",
        "songName": "Identity",
        "artist": "Kiro Akiyama",
        "type": "Opening 1",
        "correctCount": 94,
        "startTime": 46,
        "songDuration": 87.264,
        "songNumber": 72,
        "activePlayerCount": 190,
        "LinkVideo": "https://files.catbox.moe/w57rau.webm",
        "LinkMp3": "https://files.catbox.moe/j7lw2w.mp3",
        "annId": 23263,
        "songDifficulty": 32.40402567094516,
        "vintage": "Winter 2021"
    },
    {
        "animeEng": "Space Battleship Yamato",
        "animeRomaji": "Uchuu Senkan Yamato",
        "songName": "Makka na Scarf",
        "artist": "Isao Sasaki",
        "type": "Insert Song",
        "correctCount": 32,
        "startTime": 16,
        "songDuration": 73.128,
        "songNumber": 73,
        "activePlayerCount": 191,
        "LinkVideo": "https://files.catbox.moe/5yq7rr.webm",
        "LinkMp3": "https://files.catbox.moe/htjzi2.mp3",
        "annId": 3751,
        "songDifficulty": 13.989081855292794,
        "vintage": "Summer 1977"
    },
    {
        "animeEng": "Pac-World",
        "animeRomaji": "Pac-World",
        "songName": "PAC THIS WORLD!!!",
        "artist": "Hyadain",
        "type": "Opening 1",
        "correctCount": 103,
        "startTime": 15,
        "songDuration": 57.336,
        "songNumber": 74,
        "activePlayerCount": 192,
        "LinkVideo": "https://files.catbox.moe/srtx9x.webm",
        "LinkMp3": "https://files.catbox.moe/ftalm4.mp3",
        "annId": 15998,
        "songDifficulty": 26.576866989812686,
        "vintage": "Spring 2014"
    },
    {
        "animeEng": "Doraemon",
        "animeRomaji": "Doraemon",
        "songName": "Kimi no Naka no Nobita",
        "artist": "Mitsuko Horie",
        "type": "Insert Song",
        "correctCount": 3,
        "startTime": 7,
        "songDuration": 61.56,
        "songNumber": 75,
        "activePlayerCount": 193,
        "LinkVideo": "https://files.catbox.moe/50wsn6.webm",
        "LinkMp3": "https://files.catbox.moe/fr4jti.mp3",
        "annId": 14223,
        "songDifficulty": 22.857142857142858,
        "vintage": "Spring 2005",
        "correctPlayers": [
            "Shag",
            "kneesoxluver",
            "LazerButthole"
        ]
    },
    {
        "animeEng": "Detective Conan",
        "animeRomaji": "Meitantei Conan",
        "songName": "BREAK",
        "artist": "TWO-MIX",
        "type": "Insert Song",
        "correctCount": 19,
        "startTime": 68,
        "songDuration": 113.304,
        "songNumber": 76,
        "activePlayerCount": 193,
        "LinkVideo": "https://files.catbox.moe/30jsx6.webm",
        "LinkMp3": "https://files.catbox.moe/2nean0.mp3",
        "annId": 454,
        "songDifficulty": 21.672051644398767,
        "vintage": "Winter 1996"
    },
    {
        "animeEng": "Sekirei",
        "animeRomaji": "Sekirei",
        "songName": "Sekirei",
        "artist": "Saori Hayami, Marina Inoue, Kana Hanazawa, Aya Endo",
        "type": "Opening 1",
        "correctCount": 38,
        "startTime": 42,
        "songDuration": 89.28,
        "songNumber": 77,
        "activePlayerCount": 193,
        "LinkVideo": "https://files.catbox.moe/m29xws.webm",
        "LinkMp3": "https://files.catbox.moe/r45zub.mp3",
        "annId": 9561,
        "songDifficulty": 16.849729645956742,
        "vintage": "Summer 2008"
    },
    {
        "animeEng": "Kabaneri of the Iron Fortress: The Battle of Unato",
        "animeRomaji": "Koutetsujou no Kabaneri: Unato Kessen",
        "songName": "ninelie (Lv)",
        "artist": "Laco",
        "type": "Insert Song",
        "correctCount": 23,
        "startTime": 165,
        "songDuration": 220.44,
        "songNumber": 78,
        "activePlayerCount": 194,
        "LinkVideo": "https://files.catbox.moe/po5oxb.webm",
        "LinkMp3": "https://files.catbox.moe/8a6fdm.mp3",
        "annId": 21512,
        "songDifficulty": 18.98831954656863,
        "vintage": "Spring 2019"
    },
    {
        "animeEng": "Kashimashi: Girl Meets Girl",
        "animeRomaji": "Kashimashi: Girl Meets Girl",
        "songName": "Michishirube",
        "artist": "Yuumao",
        "type": "Ending 1",
        "correctCount": 14,
        "startTime": 14,
        "songDuration": 85.079354,
        "songNumber": 79,
        "activePlayerCount": 194,
        "LinkVideo": "https://files.catbox.moe/ckfzno.webm",
        "LinkMp3": "https://files.catbox.moe/4gdk8i.mp3",
        "annId": 6700,
        "songDifficulty": 19.698280923799583,
        "vintage": "Fall 2006"
    },
    {
        "animeEng": "Parasyte: The Maxim",
        "animeRomaji": "Kiseijuu: Sei no Kakuritsu",
        "songName": "Let Me Hear",
        "artist": "Fear, and Loathing in Las Vegas",
        "type": "Opening 1",
        "correctCount": 163,
        "startTime": 31,
        "songDuration": 89.496,
        "songNumber": 80,
        "activePlayerCount": 195,
        "LinkVideo": "https://files.catbox.moe/spq586.webm",
        "LinkMp3": "https://files.catbox.moe/v0eseu.mp3",
        "annId": 15855,
        "songDifficulty": 56.98752391720299,
        "vintage": "Fall 2014"
    },
    {
        "animeEng": "Chikkun Takkun",
        "animeRomaji": "Chikkun Takkun",
        "songName": "Dr. Bell no Theme",
        "artist": "Shigeru Chiba",
        "type": "Ending 1",
        "correctCount": 0,
        "startTime": 7,
        "songDuration": 75.048,
        "songNumber": 81,
        "activePlayerCount": 195,
        "LinkVideo": "https://files.catbox.moe/r2837c.webm",
        "LinkMp3": "https://files.catbox.moe/hvrmah.mp3",
        "annId": 1247,
        "songDifficulty": 6.73400632299558,
        "vintage": "Spring 1984"
    },
    {
        "animeEng": "Battle Spirits: Mirage",
        "animeRomaji": "Battle Spirits: Mirage",
        "songName": "Open the GATE",
        "artist": "Nami Tamaki feat. Hiroshi Kitadani",
        "type": "Opening 1",
        "correctCount": 9,
        "startTime": 23,
        "songDuration": 89.184,
        "songNumber": 82,
        "activePlayerCount": 195,
        "LinkVideo": "https://files.catbox.moe/oarsdu.webm",
        "LinkMp3": "https://files.catbox.moe/yi5lru.mp3",
        "annId": 24935,
        "songDifficulty": 15.678444920474911,
        "vintage": "Fall 2021"
    },
    {
        "animeEng": "Baked Fresh!! Ja-Pan",
        "animeRomaji": "Yakitate!! Japan",
        "songName": "Promise",
        "artist": "TiA",
        "type": "Opening 2",
        "correctCount": 16,
        "startTime": 50,
        "songDuration": 90.264,
        "songNumber": 83,
        "activePlayerCount": 196,
        "LinkVideo": "https://files.catbox.moe/pvqtb2.webm",
        "LinkMp3": "https://files.catbox.moe/rddgrh.mp3",
        "annId": 4454,
        "songDifficulty": 18.818371364717617,
        "vintage": "Fall 2004"
    },
    {
        "animeEng": "Kuro no Su: Chronus",
        "animeRomaji": "Kuro no Su: Chronus",
        "songName": "I came, I saw, I conquered",
        "artist": "KANDO BANDO",
        "type": "Ending 1",
        "correctCount": 18,
        "startTime": 32,
        "songDuration": 72.552,
        "songNumber": 84,
        "activePlayerCount": 196,
        "LinkVideo": "https://files.catbox.moe/hvvwkc.webm",
        "LinkMp3": "https://files.catbox.moe/ldjfdg.mp3",
        "annId": 15691,
        "songDifficulty": 13.001171712375104,
        "vintage": "Winter 2014"
    },
    {
        "animeEng": "Encouragement of Climb Season 2",
        "animeRomaji": "Yama no Susume Second Season",
        "songName": "Staccato Days",
        "artist": "Yuka Iguchi & Kana Asumi",
        "type": "Ending 2",
        "correctCount": 69,
        "startTime": 49,
        "songDuration": 87.072,
        "songNumber": 85,
        "activePlayerCount": 195,
        "LinkVideo": "https://files.catbox.moe/r23amv.webm",
        "LinkMp3": "https://files.catbox.moe/pdi96x.mp3",
        "annId": 15813,
        "songDifficulty": 31.665715052115267,
        "vintage": "Summer 2014"
    }
]