[
    {
        "animeEng": "Love Live! School Idol Project",
        "animeRomaji": "Love Live! School Idol Project",
        "songName": "Donna Toki mo Zutto",
        "artist": "Sora Tokui",
        "type": "Ending 3",
        "correctCount": 64,
        "startTime": 33,
        "songDuration": 89.904,
        "songNumber": 1,
        "activePlayerCount": 110,
        "LinkVideo": "https://files.catbox.moe/ycamfe.webm",
        "LinkMp3": "https://files.catbox.moe/6848by.mp3",
        "annId": 15812,
        "songDifficulty": 45.51538520903158,
        "vintage": "Spring 2014"
    },
    {
        "animeEng": "Biohazard: Degeneration",
        "animeRomaji": "Resident Evil: Degeneration",
        "songName": "GUILTY",
        "artist": "Anna Tsuchiya",
        "type": "Ending 1",
        "correctCount": 11,
        "startTime": 75,
        "songDuration": 168.528,
        "songNumber": 2,
        "activePlayerCount": 122,
        "LinkVideo": "https://files.catbox.moe/na4cox.webm",
        "LinkMp3": "https://files.catbox.moe/ow1uwy.mp3",
        "annId": 9198,
        "songDifficulty": 12.572092770034843,
        "vintage": "Fall 2008"
    },
    {
        "animeEng": "Fate/kaleid liner Prisma\u2606Illya 3rei!!",
        "animeRomaji": "Fate/kaleid liner Prisma\u2606Illya 3rei!!",
        "songName": "WHIMSICAL WAYWARD WISH",
        "artist": "TECHNOBOYS PULCRAFT GREEN-FUND feat. Yumeha Kouda",
        "type": "Ending 1",
        "correctCount": 24,
        "startTime": 0,
        "songDuration": 20.064,
        "songNumber": 3,
        "activePlayerCount": 131,
        "LinkVideo": "https://files.catbox.moe/vfup6q.webm",
        "LinkMp3": "https://files.catbox.moe/9vrehm.mp3",
        "annId": 23762,
        "songDifficulty": 21.099384799651567,
        "vintage": "Summer 2016"
    },
    {
        "animeEng": "Prince Mackaroo",
        "animeRomaji": "Ojarumaru",
        "songName": "Utabito",
        "artist": "Saburo Kitajima",
        "type": "Opening 1",
        "correctCount": 15,
        "startTime": 17,
        "songDuration": 85.608,
        "songNumber": 4,
        "activePlayerCount": 134,
        "LinkVideo": "https://files.catbox.moe/r174m4.webm",
        "LinkMp3": "https://files.catbox.moe/8djwuj.mp3",
        "annId": 1765,
        "songDifficulty": 16.18872726925428,
        "vintage": "Fall 1998"
    },
    {
        "animeEng": "Yamato Takeru",
        "animeRomaji": "Yamato Takeru",
        "songName": "Rain",
        "artist": "GLAY",
        "type": "Ending 1",
        "correctCount": 1,
        "startTime": 33,
        "songDuration": 74.808,
        "songNumber": 5,
        "activePlayerCount": 137,
        "LinkVideo": "https://files.catbox.moe/8hwoab.webm",
        "LinkMp3": "https://files.catbox.moe/k00coy.mp3",
        "annId": 3170,
        "songDifficulty": 3.7433155080213902,
        "vintage": "Spring 1994",
        "correctPlayers": [
            "Keizan"
        ]
    },
    {
        "animeEng": "Arcadia of My Youth: Endless Orbit SSX",
        "animeRomaji": "Waga Seishun no Arcadia: Mugen Kidou SSX",
        "songName": "Uchuu no Funanori",
        "artist": "Koorogi '73",
        "type": "Insert Song",
        "correctCount": 1,
        "startTime": 61,
        "songDuration": 115.632,
        "songNumber": 6,
        "activePlayerCount": 139,
        "LinkVideo": "https://files.catbox.moe/jy7unt.webm",
        "LinkMp3": "https://files.catbox.moe/mn484i.mp3",
        "annId": 3452,
        "songDifficulty": 3.6816942558913937,
        "vintage": "Fall 1982",
        "correctPlayers": [
            "Eryth"
        ]
    },
    {
        "animeEng": "My Neighbor Totoro",
        "animeRomaji": "Tonari no Totoro",
        "songName": "Tonari no Totoro",
        "artist": "Azumi Inoue",
        "type": "Ending 1",
        "correctCount": 124,
        "startTime": 1,
        "songDuration": 174.648,
        "songNumber": 7,
        "activePlayerCount": 140,
        "LinkVideo": "https://files.catbox.moe/nj67fv.webm",
        "LinkMp3": "https://files.catbox.moe/5exv3y.mp3",
        "annId": 534,
        "songDifficulty": 51.42326774302052,
        "vintage": "Spring 1988"
    },
    {
        "animeEng": "Mobile Fighter G Gundam",
        "animeRomaji": "Kidou Butouden G Gundam",
        "songName": "Zoi Ngo Dik Mung Leoi",
        "artist": "Zung Wai-ling",
        "type": "Insert Song",
        "correctCount": 20,
        "startTime": 9,
        "songDuration": 66.6,
        "songNumber": 8,
        "activePlayerCount": 143,
        "LinkVideo": "https://files.catbox.moe/kq8zqu.webm",
        "LinkMp3": "https://files.catbox.moe/0m3rrv.mp3",
        "annId": 299,
        "songDifficulty": 17.075127047936892,
        "vintage": "Spring 1994"
    },
    {
        "animeEng": "Ashita Sekai ga Owaru Toshitemo",
        "animeRomaji": "Ashita Sekai ga Owaru Toshitemo",
        "songName": "Ra, no Hanashi",
        "artist": "Aimyon",
        "type": "Insert Song",
        "correctCount": 12,
        "startTime": 119,
        "songDuration": 166.68,
        "songNumber": 9,
        "activePlayerCount": 142,
        "LinkVideo": "https://files.catbox.moe/pyh7ln.webm",
        "LinkMp3": "https://files.catbox.moe/35jw0h.mp3",
        "annId": 21491,
        "songDifficulty": 11.090492076730609,
        "vintage": "Winter 2019"
    },
    {
        "animeEng": "Graveyard Kitaro",
        "animeRomaji": "Hakaba Kitarou",
        "songName": "Mononoke Dance",
        "artist": "Denki Groove",
        "type": "Opening 1",
        "correctCount": 17,
        "startTime": 44,
        "songDuration": 78.864,
        "songNumber": 10,
        "activePlayerCount": 144,
        "LinkVideo": "https://files.catbox.moe/g3re0l.webm",
        "LinkMp3": "https://files.catbox.moe/kp53zs.mp3",
        "annId": 8955,
        "songDifficulty": 15.630324895378457,
        "vintage": "Winter 2008"
    },
    {
        "animeEng": "Rental Magica",
        "animeRomaji": "Rental Magica",
        "songName": "Sora ni Saku ~Hikigatari Version~",
        "artist": "Lisa Komine",
        "type": "Opening 3",
        "correctCount": 8,
        "startTime": 26,
        "songDuration": 99.504,
        "songNumber": 11,
        "activePlayerCount": 145,
        "LinkVideo": "https://files.catbox.moe/bm1dgf.webm",
        "LinkMp3": "https://files.catbox.moe/j1h59o.mp3",
        "annId": 8033,
        "songDifficulty": 17.70253007162096,
        "vintage": "Fall 2007"
    },
    {
        "animeEng": "Reborn!",
        "animeRomaji": "Katekyo Hitman Reborn!",
        "songName": "friend",
        "artist": "Idoling!!!",
        "type": "Ending 4",
        "correctCount": 23,
        "startTime": 6,
        "songDuration": 89.112,
        "songNumber": 12,
        "activePlayerCount": 146,
        "LinkVideo": "https://files.catbox.moe/0vcf83.webm",
        "LinkMp3": "https://files.catbox.moe/wpwze9.mp3",
        "annId": 6843,
        "songDifficulty": 16.432268124130736,
        "vintage": "Fall 2006"
    },
    {
        "animeEng": "Aikatsu!",
        "animeRomaji": "Aikatsu!",
        "songName": "Aurora Princess",
        "artist": "Eri from STAR\u2606ANIS",
        "type": "Insert Song",
        "correctCount": 40,
        "startTime": 2,
        "songDuration": 43.728,
        "songNumber": 13,
        "activePlayerCount": 146,
        "LinkVideo": "https://files.catbox.moe/p4jsl9.webm",
        "LinkMp3": "https://files.catbox.moe/j5kh9u.mp3",
        "annId": 16824,
        "songDifficulty": 41.676926185344826,
        "vintage": "Fall 2015"
    },
    {
        "animeEng": "Hanayaka Nari, Waga Ichizoku",
        "animeRomaji": "Hanayaka Nari, Waga Ichizoku",
        "songName": "Phantasmagoria",
        "artist": "Annabel",
        "type": "Opening 1",
        "correctCount": 9,
        "startTime": 7,
        "songDuration": 88.632,
        "songNumber": 14,
        "activePlayerCount": 146,
        "LinkVideo": "https://files.catbox.moe/oz8ric.webm",
        "LinkMp3": "https://files.catbox.moe/vdml9i.mp3",
        "annId": 16550,
        "songDifficulty": 14.356008077235039,
        "vintage": "Fall 2012"
    },
    {
        "animeEng": "Pretty Rhythm Rainbow Live",
        "animeRomaji": "Pretty Rhythm Rainbow Live",
        "songName": "BOY MEETS GIRL",
        "artist": "Over The Rainbow",
        "type": "Insert Song",
        "correctCount": 21,
        "startTime": 31,
        "songDuration": 117.552,
        "songNumber": 15,
        "activePlayerCount": 146,
        "LinkVideo": "https://files.catbox.moe/fra0v5.webm",
        "LinkMp3": "https://files.catbox.moe/9t2h3z.mp3",
        "annId": 15094,
        "songDifficulty": 26.742310351146056,
        "vintage": "Spring 2013"
    },
    {
        "animeEng": "Jewelpet Sunshine",
        "animeRomaji": "Jewelpet Sunshine",
        "songName": "Ai o Torimodose!!",
        "artist": "Crystal King",
        "type": "Insert Song",
        "correctCount": 108,
        "startTime": 1,
        "songDuration": 31.8,
        "songNumber": 16,
        "activePlayerCount": 148,
        "LinkVideo": "https://files.catbox.moe/jijeav.webm",
        "LinkMp3": "https://files.catbox.moe/z4fpz1.mp3",
        "annId": 12527,
        "songDifficulty": 46.36966224057892,
        "vintage": "Spring 2011"
    },
    {
        "animeEng": "Kemono to Chat",
        "animeRomaji": "Kemono to Chat",
        "songName": "Kemono to Chat! (short version)",
        "artist": "Neko Kujou",
        "type": "Opening 1",
        "correctCount": 73,
        "startTime": 1,
        "songDuration": 29.304,
        "songNumber": 17,
        "activePlayerCount": 150,
        "LinkVideo": "https://files.catbox.moe/9v6pj0.webm",
        "LinkMp3": "https://files.catbox.moe/s3qybj.mp3",
        "annId": 10971,
        "songDifficulty": 25.111044965363682,
        "vintage": "Fall 2009"
    },
    {
        "animeEng": "Armored Dragon Legend Villgust",
        "animeRomaji": "Kouryuu Densetsu Villgust",
        "songName": "Neko no Te mo Karitai?",
        "artist": "Chisa Yokoyama",
        "type": "Ending 1",
        "correctCount": 2,
        "startTime": 67,
        "songDuration": 151.272,
        "songNumber": 18,
        "activePlayerCount": 149,
        "LinkVideo": "https://files.catbox.moe/391tw4.webm",
        "LinkMp3": "https://files.catbox.moe/q6j1zo.mp3",
        "annId": 4135,
        "songDifficulty": 5.361005710281488,
        "vintage": "Winter 1993",
        "correctPlayers": [
            "Diukes",
            "copula"
        ]
    },
    {
        "animeEng": "Slam Dunk",
        "animeRomaji": "Slam Dunk",
        "songName": "Kimi ga Suki da to Sakebitai",
        "artist": "BAAD",
        "type": "Opening 1",
        "correctCount": 76,
        "startTime": 16,
        "songDuration": 92.053928,
        "songNumber": 19,
        "activePlayerCount": 151,
        "LinkVideo": "https://files.catbox.moe/8bfxe4.webm",
        "LinkMp3": "https://files.catbox.moe/na7n8r.mp3",
        "annId": 1141,
        "songDifficulty": 41.20550252161383,
        "vintage": "Winter 1994"
    },
    {
        "animeEng": "Space Patrol Luluco",
        "animeRomaji": "Uchuu Patrol Luluco",
        "songName": "Before my body is dry",
        "artist": "Mika Kobayashi & David Whitaker",
        "type": "Insert Song",
        "correctCount": 51,
        "startTime": 2,
        "songDuration": 100.176,
        "songNumber": 20,
        "activePlayerCount": 151,
        "LinkVideo": "https://files.catbox.moe/f9mwfq.webm",
        "LinkMp3": "https://files.catbox.moe/xkndlf.mp3",
        "annId": 18054,
        "songDifficulty": 50.3928043152414,
        "vintage": "Spring 2016"
    },
    {
        "animeEng": "Sword Art Online: Alicization - War of Underworld",
        "animeRomaji": "Sword Art Online: Alicization - War of Underworld",
        "songName": "ANIMA",
        "artist": "ReoNa",
        "type": "Opening 1",
        "correctCount": 91,
        "startTime": 57,
        "songDuration": 89.568,
        "songNumber": 21,
        "activePlayerCount": 151,
        "LinkVideo": "https://files.catbox.moe/h0rqd7.webm",
        "LinkMp3": "https://files.catbox.moe/1yuwm1.mp3",
        "annId": 23030,
        "songDifficulty": 30.773165579345527,
        "vintage": "Summer 2020"
    },
    {
        "animeEng": "Seitokai Yakuindomo",
        "animeRomaji": "Seitokai Yakuindomo",
        "songName": "Yamato Nadeshiko Education",
        "artist": "Triple Booking",
        "type": "Opening 1",
        "correctCount": 73,
        "startTime": 11,
        "songDuration": 75.168,
        "songNumber": 22,
        "activePlayerCount": 150,
        "LinkVideo": "https://files.catbox.moe/pz4s3r.webm",
        "LinkMp3": "https://files.catbox.moe/xv4o2u.mp3",
        "annId": 11476,
        "songDifficulty": 25.85162790274441,
        "vintage": "Summer 2010"
    },
    {
        "animeEng": "Valkyrie Drive: Mermaid",
        "animeRomaji": "Valkyrie Drive: Mermaid",
        "songName": "Super Ultra Hyper Miracle Romantic",
        "artist": "Mikako Izawa & Yuka Iguchi",
        "type": "Ending 1",
        "correctCount": 34,
        "startTime": 48,
        "songDuration": 89.544,
        "songNumber": 23,
        "activePlayerCount": 151,
        "LinkVideo": "https://files.catbox.moe/f2njcd.webm",
        "LinkMp3": "https://files.catbox.moe/gooia0.mp3",
        "annId": 16893,
        "songDifficulty": 25.853423275405788,
        "vintage": "Fall 2015"
    },
    {
        "animeEng": "Ranking of Kings",
        "animeRomaji": "Ousama Ranking",
        "songName": "Oz.",
        "artist": "yama",
        "type": "Ending 1",
        "correctCount": 47,
        "startTime": 61,
        "songDuration": 89.112,
        "songNumber": 24,
        "activePlayerCount": 153,
        "LinkVideo": "https://files.catbox.moe/i8p2fw.webm",
        "LinkMp3": "https://files.catbox.moe/mv2ibf.mp3",
        "annId": 24246,
        "songDifficulty": 29.75518436286495,
        "vintage": "Fall 2021"
    },
    {
        "animeEng": "Line Offline Salaryman",
        "animeRomaji": "Line Offline Salaryman",
        "songName": "Aiueongaku\u266c",
        "artist": "GReeeeN",
        "type": "Opening 1",
        "correctCount": 28,
        "startTime": 0,
        "songDuration": 28.446858,
        "songNumber": 25,
        "activePlayerCount": 154,
        "LinkVideo": "https://files.catbox.moe/oh3f4x.webm",
        "LinkMp3": "https://files.catbox.moe/vbpkct.mp3",
        "annId": 14982,
        "songDifficulty": 17.318737266692956,
        "vintage": "Winter 2013"
    },
    {
        "animeEng": "Makura no Danshi",
        "animeRomaji": "Makura no Danshi",
        "songName": "Makura no Danshi",
        "artist": "Natsuki Hanae",
        "type": "Opening 1",
        "correctCount": 34,
        "startTime": 13,
        "songDuration": 59.4,
        "songNumber": 26,
        "activePlayerCount": 155,
        "LinkVideo": "https://files.catbox.moe/ob8l9j.webm",
        "LinkMp3": "https://files.catbox.moe/nbgnzz.mp3",
        "annId": 17031,
        "songDifficulty": 20.707835477941178,
        "vintage": "Summer 2015"
    },
    {
        "animeEng": "Vexille: 2077 Isolation of Japan",
        "animeRomaji": "Vexille: 2077 Nippon Sakoku",
        "songName": "EASY ACTION",
        "artist": "BOOM BOOM SATELLITES",
        "type": "Insert Song",
        "correctCount": 12,
        "startTime": 74,
        "songDuration": 135.552,
        "songNumber": 27,
        "activePlayerCount": 155,
        "LinkVideo": "https://files.catbox.moe/awyf1c.webm",
        "LinkMp3": "https://files.catbox.moe/43jjat.mp3",
        "annId": 7812,
        "songDifficulty": 13.020355167137476,
        "vintage": "Summer 2007"
    },
    {
        "animeEng": "Junji Ito Collection",
        "animeRomaji": "Ito Junji: Collection",
        "songName": "Shichitenbattou no Blues",
        "artist": "THE PINBALLS",
        "type": "Opening 1",
        "correctCount": 34,
        "startTime": 59,
        "songDuration": 89.688,
        "songNumber": 28,
        "activePlayerCount": 156,
        "LinkVideo": "https://files.catbox.moe/c4nun2.webm",
        "LinkMp3": "https://files.catbox.moe/8mwx1f.mp3",
        "annId": 20207,
        "songDifficulty": 23.54162676218204,
        "vintage": "Winter 2018"
    },
    {
        "animeEng": "So I'm a Spider, So What?",
        "animeRomaji": "Kumo desu ga, Nani ka?",
        "songName": "Bursty Greedy Spider",
        "artist": "Konomi Suzuki",
        "type": "Opening 2",
        "correctCount": 79,
        "startTime": 45,
        "songDuration": 89.784,
        "songNumber": 29,
        "activePlayerCount": 157,
        "LinkVideo": "https://files.catbox.moe/0dr6di.webm",
        "LinkMp3": "https://files.catbox.moe/5iu0in.mp3",
        "annId": 21180,
        "songDifficulty": 32.57910638225948,
        "vintage": "Winter 2021"
    },
    {
        "animeEng": "Stratos 4",
        "animeRomaji": "Stratos 4",
        "songName": "So far, so near",
        "artist": "Melocure",
        "type": "Ending 2",
        "correctCount": 10,
        "startTime": 27,
        "songDuration": 182.064,
        "songNumber": 30,
        "activePlayerCount": 156,
        "LinkVideo": "https://files.catbox.moe/trz6dj.webm",
        "LinkMp3": "https://files.catbox.moe/aq541r.mp3",
        "annId": 1969,
        "songDifficulty": 15.211444000699627,
        "vintage": "Winter 2003"
    },
    {
        "animeEng": "Dorohedoro",
        "animeRomaji": "Dorohedoro",
        "songName": "Who am I?",
        "artist": "(K)NoW_NAME:Ayaka Tachibana & NIKIIE",
        "type": "Ending 1",
        "correctCount": 41,
        "startTime": 22,
        "songDuration": 89.784,
        "songNumber": 31,
        "activePlayerCount": 156,
        "LinkVideo": "https://files.catbox.moe/i7swn3.webm",
        "LinkMp3": "https://files.catbox.moe/yp1qrw.mp3",
        "annId": 22562,
        "songDifficulty": 40.02113122693727,
        "vintage": "Winter 2020"
    },
    {
        "animeEng": "Initial D: Extra Stage 2",
        "animeRomaji": "Initial D: Extra Stage 2",
        "songName": "WINGS OF FIRE",
        "artist": "Michiko Neya & Yumi Kakazu",
        "type": "Insert Song",
        "correctCount": 79,
        "startTime": 11,
        "songDuration": 167.592,
        "songNumber": 32,
        "activePlayerCount": 155,
        "LinkVideo": "https://files.catbox.moe/3topq8.webm",
        "LinkMp3": "https://files.catbox.moe/ndrpz4.mp3",
        "annId": 10222,
        "songDifficulty": 37.19744791666667,
        "vintage": "Fall 2008"
    },
    {
        "animeEng": "Natsume's Book of Friends Season 6",
        "animeRomaji": "Natsume Yuujinchou Roku",
        "songName": "Kimi no Uta",
        "artist": "Rei Yasuda",
        "type": "Ending 1",
        "correctCount": 20,
        "startTime": 58,
        "songDuration": 98.424,
        "songNumber": 33,
        "activePlayerCount": 155,
        "LinkVideo": "https://files.catbox.moe/op8eph.webm",
        "LinkMp3": "https://files.catbox.moe/iw46pu.mp3",
        "annId": 18942,
        "songDifficulty": 17.187920281206335,
        "vintage": "Spring 2017"
    },
    {
        "animeEng": "Legend of Crystania: The Motion Picture",
        "animeRomaji": "Hajimari no Boukensha-tachi: Legend of Crystania",
        "songName": "Hajimari no Boukensha-tachi ~Kou no Chizu~",
        "artist": "Hitomi Mieno",
        "type": "Ending 1",
        "correctCount": 4,
        "startTime": 6,
        "songDuration": 202.056,
        "songNumber": 34,
        "activePlayerCount": 157,
        "LinkVideo": "https://files.catbox.moe/3qoji4.webm",
        "LinkMp3": "https://files.catbox.moe/cql5sy.mp3",
        "annId": 482,
        "songDifficulty": 10.421346943030196,
        "vintage": "Summer 1995",
        "correctPlayers": [
            "uy5gf",
            "Janoxx",
            "Chatmonchy",
            "munyamunya"
        ]
    },
    {
        "animeEng": "New Game!",
        "animeRomaji": "New Game!",
        "songName": "Little Bitter Duet",
        "artist": "Yoko Hikasa & Ai Kayano",
        "type": "Insert Song",
        "correctCount": 17,
        "startTime": 0,
        "songDuration": 22.68,
        "songNumber": 35,
        "activePlayerCount": 156,
        "LinkVideo": "https://files.catbox.moe/bq8x8t.webm",
        "LinkMp3": "https://files.catbox.moe/ubb4mi.mp3",
        "annId": 21896,
        "songDifficulty": 12.93222168714977,
        "vintage": "Winter 2017"
    },
    {
        "animeEng": "Sister Princess: Re Pure",
        "animeRomaji": "Sister Princess: Re Pure",
        "songName": "A Girl in Love",
        "artist": "Chiro Kanzaki",
        "type": "Opening 7",
        "correctCount": 41,
        "startTime": 6,
        "songDuration": 90.12,
        "songNumber": 36,
        "activePlayerCount": 156,
        "LinkVideo": "https://files.catbox.moe/xqsfzy.webm",
        "LinkMp3": "https://files.catbox.moe/qcjqb4.mp3",
        "annId": 1824,
        "songDifficulty": 26.697375222466498,
        "vintage": "Fall 2002"
    },
    {
        "animeEng": "Durarara!!",
        "animeRomaji": "Durarara!!",
        "songName": "rain tears",
        "artist": "Saki Fujita",
        "type": "Insert Song",
        "correctCount": 76,
        "startTime": 3,
        "songDuration": 35.064,
        "songNumber": 37,
        "activePlayerCount": 156,
        "LinkVideo": "https://files.catbox.moe/7dgogz.webm",
        "LinkMp3": "https://files.catbox.moe/rdrist.mp3",
        "annId": 10947,
        "songDifficulty": 24.563263342560216,
        "vintage": "Winter 2010"
    },
    {
        "animeEng": "Cardfight!! Vanguard overDress",
        "animeRomaji": "Cardfight!! Vanguard overDress",
        "songName": "ZEAL of proud",
        "artist": "Roselia",
        "type": "Opening 1",
        "correctCount": 29,
        "startTime": 51,
        "songDuration": 89.64,
        "songNumber": 38,
        "activePlayerCount": 156,
        "LinkVideo": "https://files.catbox.moe/mnhjjf.webm",
        "LinkMp3": "https://files.catbox.moe/nu356g.mp3",
        "annId": 23938,
        "songDifficulty": 22.476264087830334,
        "vintage": "Spring 2021"
    },
    {
        "animeEng": "The Asterisk War",
        "animeRomaji": "Gakusen Toshi Asterisk",
        "songName": "The Asterisk War",
        "artist": "Shiena Nishizawa",
        "type": "Opening 1",
        "correctCount": 100,
        "startTime": 35,
        "songDuration": 86.568,
        "songNumber": 39,
        "activePlayerCount": 157,
        "LinkVideo": "https://files.catbox.moe/taknfj.webm",
        "LinkMp3": "https://files.catbox.moe/3tjwhp.mp3",
        "annId": 18068,
        "songDifficulty": 35.04202834428901,
        "vintage": "Spring 2016"
    },
    {
        "animeEng": "Why the Hell Are You Here, Teacher!?",
        "animeRomaji": "Nande Koko ni Sensei ga!?",
        "songName": "Ringo-iro Memories",
        "artist": "Shizuka Ishigami & Yuuko Gotou",
        "type": "Ending 4",
        "correctCount": 68,
        "startTime": 16,
        "songDuration": 60.312,
        "songNumber": 40,
        "activePlayerCount": 157,
        "LinkVideo": "https://files.catbox.moe/htwwqe.webm",
        "LinkMp3": "https://files.catbox.moe/ftg4ve.mp3",
        "annId": 21469,
        "songDifficulty": 27.417932285589266,
        "vintage": "Spring 2019"
    },
    {
        "animeEng": "Zombie Land Saga Revenge",
        "animeRomaji": "Zombie Land Saga Revenge",
        "songName": "Gekkou Survive",
        "artist": "FranChouChou",
        "type": "Insert Song",
        "correctCount": 36,
        "startTime": 94,
        "songDuration": 126.048,
        "songNumber": 41,
        "activePlayerCount": 157,
        "LinkVideo": "https://files.catbox.moe/fcciet.webm",
        "LinkMp3": "https://files.catbox.moe/jg8q0u.mp3",
        "annId": 24019,
        "songDifficulty": 28.92234840287396,
        "vintage": "Spring 2021"
    },
    {
        "animeEng": "Mazinger Z tai Devilman",
        "animeRomaji": "Mazinger Z tai Devilman",
        "songName": "Devilman no Uta",
        "artist": "Keizo Toda",
        "type": "Insert Song",
        "correctCount": 134,
        "startTime": 0,
        "songDuration": 41.328,
        "songNumber": 42,
        "activePlayerCount": 158,
        "LinkVideo": "https://files.catbox.moe/zdudu6.webm",
        "LinkMp3": "https://files.catbox.moe/zppy3i.mp3",
        "annId": 3556,
        "songDifficulty": 55.81092328370554,
        "vintage": "Summer 1973"
    },
    {
        "animeEng": "Galaxy Angel",
        "animeRomaji": "Galaxy Angel",
        "songName": "Koisuru Recipe",
        "artist": "Miyuki Sawashiro",
        "type": "Insert Song",
        "correctCount": 3,
        "startTime": 67,
        "songDuration": 144.36,
        "songNumber": 43,
        "activePlayerCount": 157,
        "LinkVideo": "https://files.catbox.moe/x99h7w.webm",
        "LinkMp3": "https://files.catbox.moe/qq7vsi.mp3",
        "annId": 837,
        "songDifficulty": 15.287557539245892,
        "vintage": "Spring 2001",
        "correctPlayers": [
            "Hejsan",
            "Janoxx",
            "gaaw"
        ]
    },
    {
        "animeEng": "Tokyo Ghoul:re",
        "animeRomaji": "Tokyo Ghoul:re",
        "songName": "Rakuen no Kimi",
        "artist": "\u00f6sterreich",
        "type": "Ending 1",
        "correctCount": 11,
        "startTime": 42,
        "songDuration": 89.28,
        "songNumber": 44,
        "activePlayerCount": 157,
        "LinkVideo": "https://files.catbox.moe/uncx3x.webm",
        "LinkMp3": "https://files.catbox.moe/21hyza.mp3",
        "annId": 21116,
        "songDifficulty": 12.91154551213145,
        "vintage": "Fall 2018"
    },
    {
        "animeEng": "Takt Op.Destiny",
        "animeRomaji": "Takt Op.Destiny",
        "songName": "Takt",
        "artist": "ryo (supercell) feat. Mafumafu, gaku",
        "type": "Opening 1",
        "correctCount": 90,
        "startTime": 56,
        "songDuration": 89.568,
        "songNumber": 45,
        "activePlayerCount": 158,
        "LinkVideo": "https://files.catbox.moe/a3tco2.webm",
        "LinkMp3": "https://files.catbox.moe/iv6d68.mp3",
        "annId": 24192,
        "songDifficulty": 39.90842966420646,
        "vintage": "Fall 2021"
    },
    {
        "animeEng": "Grimgar, Ashes and Illusions",
        "animeRomaji": "Hai to Gensou no Grimgar",
        "songName": "Knew day",
        "artist": "(K)NoW_NAME:Ayaka Tachibana",
        "type": "Opening 1",
        "correctCount": 75,
        "startTime": 45,
        "songDuration": 86.064,
        "songNumber": 46,
        "activePlayerCount": 157,
        "LinkVideo": "https://files.catbox.moe/jbykqo.webm",
        "LinkMp3": "https://files.catbox.moe/nsocqp.mp3",
        "annId": 17732,
        "songDifficulty": 28.368388162707895,
        "vintage": "Winter 2016"
    },
    {
        "animeEng": "25-Year-Old High School Girl",
        "animeRomaji": "25-sai no Joshikousei: Kodomo ni wa Oshierarenai Koto Shite Yaru yo",
        "songName": "Reunion",
        "artist": "Saki Hazuki",
        "type": "Ending 1",
        "correctCount": 15,
        "startTime": 65,
        "songDuration": 94.92,
        "songNumber": 47,
        "activePlayerCount": 158,
        "LinkVideo": "https://files.catbox.moe/laf9k8.webm",
        "LinkMp3": "https://files.catbox.moe/95zwg5.mp3",
        "annId": 20391,
        "songDifficulty": 10.835774394019817,
        "vintage": "Winter 2018"
    },
    {
        "animeEng": "The IDOLM@STER Cinderella Girls",
        "animeRomaji": "The IDOLM@STER Cinderella Girls",
        "songName": "\u00d8\u03c9\u00d8ver!! -Heart Beat Version-",
        "artist": "* with IMAJO",
        "type": "Insert Song",
        "correctCount": 17,
        "startTime": 7,
        "songDuration": 56.352,
        "songNumber": 48,
        "activePlayerCount": 160,
        "LinkVideo": "https://files.catbox.moe/ub3k8a.webm",
        "LinkMp3": "https://files.catbox.moe/gqha1l.mp3",
        "annId": 16946,
        "songDifficulty": 22.423590648263026,
        "vintage": "Summer 2015"
    },
    {
        "animeEng": "Kakushigoto",
        "animeRomaji": "Kakushigoto",
        "songName": "Chiisana Hibi",
        "artist": "flumpool",
        "type": "Opening 1",
        "correctCount": 85,
        "startTime": 24,
        "songDuration": 89.568,
        "songNumber": 49,
        "activePlayerCount": 159,
        "LinkVideo": "https://files.catbox.moe/c41myn.webm",
        "LinkMp3": "https://files.catbox.moe/pw3ts8.mp3",
        "annId": 22900,
        "songDifficulty": 30.821410139647845,
        "vintage": "Spring 2020"
    },
    {
        "animeEng": "The Greatest Demon Lord is Reborn as a Typical Nobody",
        "animeRomaji": "Shijou Saikyou no Daimaou, Murabito A ni Tensei Suru",
        "songName": "reincarnation",
        "artist": "ChouCho",
        "type": "Ending 1",
        "correctCount": 17,
        "startTime": 49,
        "songDuration": 89.472,
        "songNumber": 50,
        "activePlayerCount": 157,
        "LinkVideo": "https://files.catbox.moe/bbfqno.webm",
        "LinkMp3": "https://files.catbox.moe/2og5i6.mp3",
        "annId": 24746,
        "songDifficulty": 15.675397751954822,
        "vintage": "Spring 2022"
    },
    {
        "animeEng": "Devilman Crybaby",
        "animeRomaji": "Devilman Crybaby",
        "songName": "Devilman no Uta",
        "artist": "Avu-chan",
        "type": "Insert Song",
        "correctCount": 98,
        "startTime": 20,
        "songDuration": 64.488,
        "songNumber": 51,
        "activePlayerCount": 156,
        "LinkVideo": "https://files.catbox.moe/bsf6oo.webm",
        "LinkMp3": "https://files.catbox.moe/7ahzeg.mp3",
        "annId": 19982,
        "songDifficulty": 50.487802905540526,
        "vintage": "Winter 2018"
    },
    {
        "animeEng": "Higurashi: When They Cry - Gou",
        "animeRomaji": "Higurashi no Naku Koro ni Gou",
        "songName": "Higurashi no Naku Koro ni",
        "artist": "Eiko Shimamiya",
        "type": "Ending 1",
        "correctCount": 114,
        "startTime": 48,
        "songDuration": 90.12,
        "songNumber": 52,
        "activePlayerCount": 156,
        "LinkVideo": "https://files.catbox.moe/qdyctu.webm",
        "LinkMp3": "https://files.catbox.moe/50gq0p.mp3",
        "annId": 23297,
        "songDifficulty": 47.73302235837046,
        "vintage": "Fall 2020"
    },
    {
        "animeEng": "Infinite Stratos 2",
        "animeRomaji": "IS: Infinite Stratos 2",
        "songName": "BEAUTIFUL SKY",
        "artist": "Yoko Hikasa, Yukana, Asami Shimoda, Kana Hanazawa, Marina Inoue, Suzuko Mimori, Chiwa Saito",
        "type": "Ending 3",
        "correctCount": 71,
        "startTime": 59,
        "songDuration": 89.064,
        "songNumber": 53,
        "activePlayerCount": 157,
        "LinkVideo": "https://files.catbox.moe/orrspz.webm",
        "LinkMp3": "https://files.catbox.moe/0nkzu4.mp3",
        "annId": 15285,
        "songDifficulty": 25.83279779905914,
        "vintage": "Fall 2013"
    },
    {
        "animeEng": "Basquash!",
        "animeRomaji": "Basquash!",
        "songName": "nO limiT",
        "artist": "Saori Hayami (from Eclipse)",
        "type": "Opening 2",
        "correctCount": 31,
        "startTime": 22,
        "songDuration": 88.704,
        "songNumber": 54,
        "activePlayerCount": 156,
        "LinkVideo": "https://files.catbox.moe/azldli.webm",
        "LinkMp3": "https://files.catbox.moe/77bu6h.mp3",
        "annId": 10545,
        "songDifficulty": 20.89677516852286,
        "vintage": "Spring 2009"
    },
    {
        "animeEng": "In This Corner (and Other Corners) of the World",
        "animeRomaji": "Kono Sekai no (Sara ni Ikutsumono) Katasumi ni",
        "songName": "Watashi no Ibasho",
        "artist": "kotringo",
        "type": "Ending 2",
        "correctCount": 20,
        "startTime": 118,
        "songDuration": 190.008,
        "songNumber": 55,
        "activePlayerCount": 157,
        "LinkVideo": "https://files.catbox.moe/bf71ox.webm",
        "LinkMp3": "https://files.catbox.moe/iwq6u1.mp3",
        "annId": 22258,
        "songDifficulty": 6.358750531462585,
        "vintage": "Fall 2019"
    },
    {
        "animeEng": "The Wind Rises",
        "animeRomaji": "Kaze Tachinu",
        "songName": "Das gibt's nur einmal",
        "artist": "Hideaki Anno & Morio Kazama & Stephen Alpert",
        "type": "Insert Song",
        "correctCount": 71,
        "startTime": 11,
        "songDuration": 53.088,
        "songNumber": 56,
        "activePlayerCount": 157,
        "LinkVideo": "https://files.catbox.moe/umt4s9.webm",
        "LinkMp3": "https://files.catbox.moe/q4c23n.mp3",
        "annId": 14975,
        "songDifficulty": 28.802070691747574,
        "vintage": "Spring 2013"
    },
    {
        "animeEng": "Interspecies Reviewers",
        "animeRomaji": "Ishuzoku Reviewers",
        "songName": "Hanabira Ondo",
        "artist": "Junji Majima, Yuusuke Kobayashi, Miyu Tomita",
        "type": "Ending 1",
        "correctCount": 85,
        "startTime": 41,
        "songDuration": 89.064,
        "songNumber": 57,
        "activePlayerCount": 157,
        "LinkVideo": "https://files.catbox.moe/wslkzv.webm",
        "LinkMp3": "https://files.catbox.moe/cqvsfn.mp3",
        "annId": 22612,
        "songDifficulty": 39.01821013289037,
        "vintage": "Winter 2020"
    },
    {
        "animeEng": "Brigadoon",
        "animeRomaji": "Brigadoon",
        "songName": "Kaze no Ao, Umi no Midori (Acapella Version)",
        "artist": "EPO, Ikuko, Youko Ueno",
        "type": "Insert Song",
        "correctCount": 3,
        "startTime": 127,
        "songDuration": 187.128,
        "songNumber": 58,
        "activePlayerCount": 157,
        "LinkVideo": "https://files.catbox.moe/f0l7ue.webm",
        "LinkMp3": "https://files.catbox.moe/uysjjg.mp3",
        "annId": 980,
        "songDifficulty": 7.680650886656746,
        "vintage": "Summer 2000",
        "correctPlayers": [
            "Hejsan",
            "munyamunya",
            "Loppa"
        ]
    },
    {
        "animeEng": "The Irresponsible Captain Tylor",
        "animeRomaji": "Musekinin Kanchou Tylor",
        "songName": "just think Of tomorrow",
        "artist": "Mari Sasaki",
        "type": "Opening 1",
        "correctCount": 5,
        "startTime": 24,
        "songDuration": 68.976,
        "songNumber": 59,
        "activePlayerCount": 157,
        "LinkVideo": "https://files.catbox.moe/iry4x5.webm",
        "LinkMp3": "https://files.catbox.moe/je03h9.mp3",
        "annId": 160,
        "songDifficulty": 16.877695862676056,
        "vintage": "Winter 1993",
        "correctPlayers": [
            "Hejsan",
            "channina",
            "Nippah",
            "Janoxx",
            "uhhuhher"
        ]
    },
    {
        "animeEng": "Starship Operators",
        "animeRomaji": "Starship Operators",
        "songName": "Chi ni Kaeru ~on the Earth~",
        "artist": "KOTOKO",
        "type": "Ending 1",
        "correctCount": 4,
        "startTime": 57,
        "songDuration": 91.032,
        "songNumber": 60,
        "activePlayerCount": 157,
        "LinkVideo": "https://files.catbox.moe/0vyq2l.webm",
        "LinkMp3": "https://files.catbox.moe/wqruxj.mp3",
        "annId": 4811,
        "songDifficulty": 12.80011047979798,
        "vintage": "Winter 2005",
        "correctPlayers": [
            "uy5gf",
            "Janoxx",
            "weavedheart",
            "lythrum"
        ]
    },
    {
        "animeEng": "Moriarty the Patriot",
        "animeRomaji": "Yuukoku no Moriarty",
        "songName": "DYING WISH",
        "artist": "Tasuku Hatanaka",
        "type": "Opening 1",
        "correctCount": 78,
        "startTime": 24,
        "songDuration": 87.264,
        "songNumber": 61,
        "activePlayerCount": 157,
        "LinkVideo": "https://files.catbox.moe/itqhc1.webm",
        "LinkMp3": "https://files.catbox.moe/7rl5d4.mp3",
        "annId": 23515,
        "songDifficulty": 37.56050294899216,
        "vintage": "Fall 2020"
    },
    {
        "animeEng": "The World of GOLDEN EGGS",
        "animeRomaji": "The World of GOLDEN EGGS",
        "songName": "I'm O.K....,And You? (Jessica no Kimochi wa Shogyou Mujou)",
        "artist": "Jessica",
        "type": "Insert Song",
        "correctCount": 5,
        "startTime": 47,
        "songDuration": 133.656,
        "songNumber": 62,
        "activePlayerCount": 157,
        "LinkVideo": "https://files.catbox.moe/ogr84k.webm",
        "LinkMp3": "https://files.catbox.moe/gu368m.mp3",
        "annId": 8035,
        "songDifficulty": 28.968252999441965,
        "vintage": "Winter 2005",
        "correctPlayers": [
            "channina",
            "Nippah",
            "hk9ian",
            "Rukawa11",
            "NMapper"
        ]
    },
    {
        "animeEng": "Kaasan: Mom's Life",
        "animeRomaji": "Mainichi Kaa-san",
        "songName": "Kaze ga Fukuoka",
        "artist": "Billyken",
        "type": "Opening 3",
        "correctCount": 2,
        "startTime": 50,
        "songDuration": 79.071294,
        "songNumber": 63,
        "activePlayerCount": 157,
        "LinkVideo": "https://files.catbox.moe/1jsfih.webm",
        "LinkMp3": "https://files.catbox.moe/wit8vf.mp3",
        "annId": 10604,
        "songDifficulty": 5.611052453297971,
        "vintage": "Spring 2009",
        "correctPlayers": [
            "Keizan",
            "Rukawa11"
        ]
    },
    {
        "animeEng": "Welcome to Demon School! Iruma-kun",
        "animeRomaji": "Mairimashita! Iruma-kun",
        "songName": "Devi-kyuu",
        "artist": "Yuu Serizawa",
        "type": "Ending 1",
        "correctCount": 33,
        "startTime": 19,
        "songDuration": 88.512,
        "songNumber": 64,
        "activePlayerCount": 157,
        "LinkVideo": "https://files.catbox.moe/16pllq.webm",
        "LinkMp3": "https://files.catbox.moe/77ck3c.mp3",
        "annId": 21927,
        "songDifficulty": 32.14639022290685,
        "vintage": "Fall 2019"
    },
    {
        "animeEng": "Yona of the Dawn",
        "animeRomaji": "Akatsuki no Yona",
        "songName": "Akatsuki no Yona",
        "artist": "Ryo Kunihiko",
        "type": "Opening 1",
        "correctCount": 76,
        "startTime": 12,
        "songDuration": 89.856,
        "songNumber": 65,
        "activePlayerCount": 159,
        "LinkVideo": "https://files.catbox.moe/2bhtae.webm",
        "LinkMp3": "https://files.catbox.moe/eippz0.mp3",
        "annId": 16154,
        "songDifficulty": 41.463166666666666,
        "vintage": "Fall 2014"
    },
    {
        "animeEng": "Girlfriend, Girlfriend",
        "animeRomaji": "Kanojo mo Kanojo",
        "songName": "Fuzaketenai ze",
        "artist": "Necry Talkie",
        "type": "Opening 1",
        "correctCount": 89,
        "startTime": 37,
        "songDuration": 88.992,
        "songNumber": 66,
        "activePlayerCount": 159,
        "LinkVideo": "https://files.catbox.moe/yo27f9.webm",
        "LinkMp3": "https://files.catbox.moe/ad3wtn.mp3",
        "annId": 23918,
        "songDifficulty": 34.736941619042625,
        "vintage": "Summer 2021"
    },
    {
        "animeEng": "Saint Seiya: The Hades Chapter - Sanctuary",
        "animeRomaji": "Saint Seiya: Meiou Hades Juuni Kyuu-hen",
        "songName": "Eien Blue",
        "artist": "MAKE-UP",
        "type": "Insert Song",
        "correctCount": 80,
        "startTime": 8,
        "songDuration": 68.592,
        "songNumber": 67,
        "activePlayerCount": 158,
        "LinkVideo": "https://files.catbox.moe/pdf0tp.webm",
        "LinkMp3": "https://files.catbox.moe/vgahnc.mp3",
        "annId": 1797,
        "songDifficulty": 35.93319194061506,
        "vintage": "Fall 2002"
    },
    {
        "animeEng": "Is It Wrong to Try to Pick Up Girls in a Dungeon?",
        "animeRomaji": "DanMachi",
        "songName": "Hey World",
        "artist": "Yuka Iguchi",
        "type": "Opening 1",
        "correctCount": 111,
        "startTime": 60,
        "songDuration": 88.896,
        "songNumber": 68,
        "activePlayerCount": 158,
        "LinkVideo": "https://files.catbox.moe/vgsmaz.webm",
        "LinkMp3": "https://files.catbox.moe/pf42wo.mp3",
        "annId": 16443,
        "songDifficulty": 30.949580423158594,
        "vintage": "Spring 2015"
    },
    {
        "animeEng": "Date A Live",
        "animeRomaji": "Date A Live",
        "songName": "Date A Live",
        "artist": "sweet ARMS",
        "type": "Opening 1",
        "correctCount": 102,
        "startTime": 7,
        "songDuration": 102.552,
        "songNumber": 69,
        "activePlayerCount": 158,
        "LinkVideo": "https://files.catbox.moe/u70n6p.webm",
        "LinkMp3": "https://files.catbox.moe/rlf0y6.mp3",
        "annId": 14953,
        "songDifficulty": 40.04508425540554,
        "vintage": "Winter 2013"
    },
    {
        "animeEng": "Overlord III",
        "animeRomaji": "Overlord III",
        "songName": "VORACITY",
        "artist": "MYTH & ROID",
        "type": "Opening 1",
        "correctCount": 112,
        "startTime": 6,
        "songDuration": 88.416,
        "songNumber": 70,
        "activePlayerCount": 159,
        "LinkVideo": "https://files.catbox.moe/r9jtdv.webm",
        "LinkMp3": "https://files.catbox.moe/cz3rsw.mp3",
        "annId": 21105,
        "songDifficulty": 48.86035849377364,
        "vintage": "Summer 2018"
    },
    {
        "animeEng": "Encouragement of Climb Season 2",
        "animeRomaji": "Yama no Susume Second Season",
        "songName": "Staccato Days",
        "artist": "Yuka Iguchi & Kana Asumi",
        "type": "Ending 2",
        "correctCount": 57,
        "startTime": 14,
        "songDuration": 87.072,
        "songNumber": 71,
        "activePlayerCount": 160,
        "LinkVideo": "https://files.catbox.moe/r23amv.webm",
        "LinkMp3": "https://files.catbox.moe/pdi96x.mp3",
        "annId": 15813,
        "songDifficulty": 30.68212749421631,
        "vintage": "Summer 2014"
    },
    {
        "animeEng": "Initial D: Battle Stage",
        "animeRomaji": "Initial D: Battle Stage",
        "songName": "GENERATION",
        "artist": "DAVE SIMON",
        "type": "Insert Song",
        "correctCount": 8,
        "startTime": 34,
        "songDuration": 108.528,
        "songNumber": 72,
        "activePlayerCount": 160,
        "LinkVideo": "https://files.catbox.moe/eq2mm8.webm",
        "LinkMp3": "https://files.catbox.moe/4zvhq5.mp3",
        "annId": 1155,
        "songDifficulty": 14.390616942553631,
        "vintage": "Spring 2002"
    },
    {
        "animeEng": "Fire Force Season 2",
        "animeRomaji": "Enen no Shouboutai: Ni no Shou",
        "songName": "Torch of Liberty",
        "artist": "KANA-BOON",
        "type": "Opening 2",
        "correctCount": 57,
        "startTime": 24,
        "songDuration": 89.568,
        "songNumber": 73,
        "activePlayerCount": 159,
        "LinkVideo": "https://files.catbox.moe/2utlr0.webm",
        "LinkMp3": "https://files.catbox.moe/gac1dl.mp3",
        "annId": 22952,
        "songDifficulty": 30.870566453658295,
        "vintage": "Summer 2020"
    },
    {
        "animeEng": "Nurse Witch Komugi",
        "animeRomaji": "Nurse Witch Komugi-chan Magikarte",
        "songName": "Komugi Kibun de Rock 'n' Roll",
        "artist": "Haruko Momoi",
        "type": "Insert Song",
        "correctCount": 74,
        "startTime": 2,
        "songDuration": 42.6,
        "songNumber": 74,
        "activePlayerCount": 160,
        "LinkVideo": "https://files.catbox.moe/c2gpsx.webm",
        "LinkMp3": "https://files.catbox.moe/mu621b.mp3",
        "annId": 2660,
        "songDifficulty": 34.78771337262707,
        "vintage": "Summer 2002"
    },
    {
        "animeEng": "Anima Yell!",
        "animeRomaji": "Anima Yell!",
        "songName": "The Journey",
        "artist": "Astha Shrestha",
        "type": "Insert Song",
        "correctCount": 19,
        "startTime": 2,
        "songDuration": 61.056,
        "songNumber": 75,
        "activePlayerCount": 159,
        "LinkVideo": "https://files.catbox.moe/oqjiox.webm",
        "LinkMp3": "https://files.catbox.moe/7d8ngb.mp3",
        "annId": 21227,
        "songDifficulty": 21.189847489664928,
        "vintage": "Fall 2018"
    },
    {
        "animeEng": "Cardfight!! Vanguard: Asia Circuit-hen",
        "animeRomaji": "Cardfight!! Vanguard: Asia Circuit-hen",
        "songName": "Believe in my existence",
        "artist": "JAM Project",
        "type": "Insert Song",
        "correctCount": 73,
        "startTime": 78,
        "songDuration": 188.088,
        "songNumber": 76,
        "activePlayerCount": 160,
        "LinkVideo": "https://files.catbox.moe/te7ii9.webm",
        "LinkMp3": "https://files.catbox.moe/nl5nsy.mp3",
        "annId": 14090,
        "songDifficulty": 29.3850123742929,
        "vintage": "Spring 2012"
    },
    {
        "animeEng": "YuruYuri Season 3",
        "animeRomaji": "Yuru Yuri San\u2606Hai!",
        "songName": "Chochocho! Yuruyuri Kapuriccho!!",
        "artist": "Nanamori Chuu\u2606Goraku-bu",
        "type": "Opening 1",
        "correctCount": 46,
        "startTime": 39,
        "songDuration": 89.544,
        "songNumber": 77,
        "activePlayerCount": 160,
        "LinkVideo": "https://files.catbox.moe/lycewl.webm",
        "LinkMp3": "https://files.catbox.moe/bb1gtm.mp3",
        "annId": 16843,
        "songDifficulty": 35.722365912557194,
        "vintage": "Fall 2015"
    },
    {
        "animeEng": "Asobi Asobase: Workshop of Fun",
        "animeRomaji": "Asobi Asobase",
        "songName": "Three-Piece",
        "artist": "Hina Kino, Rika Nagae, Konomi Kohara",
        "type": "Opening 1",
        "correctCount": 94,
        "startTime": 47,
        "songDuration": 89.496,
        "songNumber": 78,
        "activePlayerCount": 160,
        "LinkVideo": "https://files.catbox.moe/di8e0y.webm",
        "LinkMp3": "https://files.catbox.moe/cu59md.mp3",
        "annId": 20583,
        "songDifficulty": 32.6544212962963,
        "vintage": "Summer 2018"
    },
    {
        "animeEng": "Agatha Christie's Great Detectives Poirot and Marple",
        "animeRomaji": "Agatha Christie no Meitantei Poirot to Marple",
        "songName": "Lucky Girl ni Hanataba wo",
        "artist": "Tatsuro Yamashita",
        "type": "Opening 1",
        "correctCount": 22,
        "startTime": 14,
        "songDuration": 59.636526,
        "songNumber": 79,
        "activePlayerCount": 160,
        "LinkVideo": "https://files.catbox.moe/rj68u7.webm",
        "LinkMp3": "https://files.catbox.moe/nive3w.mp3",
        "annId": 4119,
        "songDifficulty": 17.92474970356487,
        "vintage": "Summer 2004"
    },
    {
        "animeEng": "Joshiraku",
        "animeRomaji": "Joshiraku",
        "songName": "Oato ga Yoroshikutte... Yo!",
        "artist": "Goku\u2668Rakujokai",
        "type": "Opening 1",
        "correctCount": 34,
        "startTime": 15,
        "songDuration": 87.936,
        "songNumber": 80,
        "activePlayerCount": 159,
        "LinkVideo": "https://files.catbox.moe/br7lzu.webm",
        "LinkMp3": "https://files.catbox.moe/3k0fnz.mp3",
        "annId": 14207,
        "songDifficulty": 25.44488411531939,
        "vintage": "Summer 2012"
    },
    {
        "animeEng": "Tropical-Rouge! Pretty Cure",
        "animeRomaji": "Tropical-Rouge! Precure",
        "songName": "Tropical I\u30fbN\u30fbG",
        "artist": "Chihaya Yoshitake",
        "type": "Ending 1",
        "correctCount": 81,
        "startTime": 31,
        "songDuration": 86.52,
        "songNumber": 81,
        "activePlayerCount": 158,
        "LinkVideo": "https://files.catbox.moe/th21cd.webm",
        "LinkMp3": "https://files.catbox.moe/jil5ne.mp3",
        "annId": 23900,
        "songDifficulty": 33.03180609020918,
        "vintage": "Winter 2021"
    },
    {
        "animeEng": "Dr. Dokkiri",
        "animeRomaji": "Dokkiri Doctor",
        "songName": "I wish",
        "artist": "electric combat",
        "type": "Ending 1",
        "correctCount": 2,
        "startTime": 5,
        "songDuration": 90.312,
        "songNumber": 82,
        "activePlayerCount": 158,
        "LinkVideo": "https://files.catbox.moe/2r0z62.webm",
        "LinkMp3": "https://files.catbox.moe/q1yh0s.mp3",
        "annId": 1310,
        "songDifficulty": 15.880721897754855,
        "vintage": "Fall 1998",
        "correctPlayers": [
            "channina",
            "Eryth"
        ]
    },
    {
        "animeEng": "BanG Dream! 2nd Season",
        "animeRomaji": "BanG Dream! 2nd Season",
        "songName": "Returns",
        "artist": "Sae Otsuka",
        "type": "Insert Song",
        "correctCount": 34,
        "startTime": 12,
        "songDuration": 129.096,
        "songNumber": 83,
        "activePlayerCount": 156,
        "LinkVideo": "https://files.catbox.moe/9rlveb.webm",
        "LinkMp3": "https://files.catbox.moe/gqqmmf.mp3",
        "annId": 21289,
        "songDifficulty": 26.326946169165886,
        "vintage": "Winter 2019"
    },
    {
        "animeEng": "City Hunter 3",
        "animeRomaji": "City Hunter 3",
        "songName": "HOLD ME TIGHT",
        "artist": "Red Monster",
        "type": "Insert Song",
        "correctCount": 3,
        "startTime": 40,
        "songDuration": 114.144,
        "songNumber": 84,
        "activePlayerCount": 155,
        "LinkVideo": "https://files.catbox.moe/270qhn.webm",
        "LinkMp3": "https://files.catbox.moe/183ma4.mp3",
        "annId": 546,
        "songDifficulty": 4.35280816513404,
        "vintage": "Fall 1989",
        "correctPlayers": [
            "Hyonoka",
            "Nippah",
            "MKNono"
        ]
    },
    {
        "animeEng": "Hypnosis Mic: Division Rap Battle - Rhyme Anima",
        "animeRomaji": "Hypnosis Mic: Division Rap Battle - Rhyme Anima",
        "songName": "D.R.B Rhyme Anima -EX- The Dirty Dawg vs Secret Aliens",
        "artist": "The Dirty Dawg \u30fbSecret Aliens",
        "type": "Insert Song",
        "correctCount": 98,
        "startTime": 68,
        "songDuration": 156.672,
        "songNumber": 85,
        "activePlayerCount": 155,
        "LinkVideo": "https://files.catbox.moe/j8ep2p.webm",
        "LinkMp3": "https://files.catbox.moe/8m55ph.mp3",
        "annId": 22902,
        "songDifficulty": 50.17670845329494,
        "vintage": "Fall 2020"
    }
]