[
    {
        "animeEng": "DRAGON PILOT: Hisone & Masotan",
        "animeRomaji": "Hisone to Masotan",
        "songName": "Le temps de la rentr\u00e9e ~Koi no Ieji (Shingakki)~",
        "artist": "Misaki Kuno\u00d7Maki Kawase\u00d7Satomi Arai\u00d7Kaori Nazuka feat. Tomoyo Kurosawa",
        "type": "Ending 4",
        "correctCount": 61,
        "startTime": 16,
        "songDuration": 88.272,
        "songNumber": 1,
        "activePlayerCount": 81,
        "LinkVideo": "https://files.catbox.moe/vh1x9j.webm",
        "LinkMp3": "https://files.catbox.moe/1wgv5c.mp3",
        "annId": 20625,
        "songDifficulty": 42.40129282994924,
        "vintage": "Spring 2018"
    },
    {
        "animeEng": "Irina: The Vampire Cosmonaut",
        "animeRomaji": "Tsuki to Laika to Nosferatu",
        "songName": "Hi no Tsuki",
        "artist": "ALI PROJECT",
        "type": "Opening 1",
        "correctCount": 22,
        "startTime": 17,
        "songDuration": 90.072,
        "songNumber": 2,
        "activePlayerCount": 83,
        "LinkVideo": "https://files.catbox.moe/sdeq73.webm",
        "LinkMp3": "https://files.catbox.moe/2ah76u.mp3",
        "annId": 24154,
        "songDifficulty": 23.46346568565267,
        "vintage": "Fall 2021"
    },
    {
        "animeEng": "Cooking With Valkyries II",
        "animeRomaji": "Valkyrie no Shokutaku II",
        "songName": "Anata to no Yakusoku",
        "artist": "Yukari Tamura",
        "type": "Ending 1",
        "correctCount": 14,
        "startTime": 5,
        "songDuration": 55.848,
        "songNumber": 3,
        "activePlayerCount": 83,
        "LinkVideo": "https://files.catbox.moe/qtf4vk.webm",
        "LinkMp3": "https://files.catbox.moe/oy5gkd.mp3",
        "annId": 24474,
        "songDifficulty": 3,
        "vintage": "Summer 2020"
    },
    {
        "animeEng": "Senki Zesshou Symphogear GX",
        "animeRomaji": "Senki Zesshou Symphogear GX",
        "songName": "Beyond the BLADE(IGNITED arrangement)",
        "artist": "Nana Mizuki",
        "type": "Insert Song",
        "correctCount": 28,
        "startTime": 14,
        "songDuration": 148.728,
        "songNumber": 4,
        "activePlayerCount": 83,
        "LinkVideo": "https://files.catbox.moe/rsd3hx.webm",
        "LinkMp3": "https://files.catbox.moe/0gz4uq.mp3",
        "annId": 16312,
        "songDifficulty": 32.72414198692552,
        "vintage": "Summer 2015"
    },
    {
        "animeEng": "Zombie Land Saga Revenge",
        "animeRomaji": "Zombie Land Saga Revenge",
        "songName": "Death Metal Shock",
        "artist": "Dougen Kubota",
        "type": "Opening 3",
        "correctCount": 50,
        "startTime": 5,
        "songDuration": 33.936,
        "songNumber": 5,
        "activePlayerCount": 83,
        "LinkVideo": "https://files.catbox.moe/8xceh0.webm",
        "LinkMp3": "https://files.catbox.moe/gue9v9.mp3",
        "annId": 24019,
        "songDifficulty": 41.35198172861934,
        "vintage": "Spring 2021"
    },
    {
        "animeEng": "Cool Couple",
        "animeRomaji": "Iketeru Futari",
        "songName": "Fall In YOU",
        "artist": "Yuki Kimura",
        "type": "Opening 1",
        "correctCount": 23,
        "startTime": 0,
        "songDuration": 61.512,
        "songNumber": 6,
        "activePlayerCount": 83,
        "LinkVideo": "https://files.catbox.moe/inrisr.webm",
        "LinkMp3": "https://files.catbox.moe/3bjwzv.mp3",
        "annId": 1098,
        "songDifficulty": 17.291711798370407,
        "vintage": "Winter 1999"
    },
    {
        "animeEng": "Tsukiuta. The Animation 2",
        "animeRomaji": "Tsukiuta. The Animation 2",
        "songName": "Kinpika Complete",
        "artist": "Yuki Kaji",
        "type": "Ending 1",
        "correctCount": 7,
        "startTime": 37,
        "songDuration": 88.032,
        "songNumber": 7,
        "activePlayerCount": 84,
        "LinkVideo": "https://files.catbox.moe/8y53zb.webm",
        "LinkMp3": "https://files.catbox.moe/6with0.mp3",
        "annId": 21735,
        "songDifficulty": 12.254791891163793,
        "vintage": "Fall 2020"
    },
    {
        "animeEng": "New Game!",
        "animeRomaji": "New Game!",
        "songName": "Now Loading!!!!",
        "artist": "fourfolium",
        "type": "Ending 1",
        "correctCount": 58,
        "startTime": 33,
        "songDuration": 89.544,
        "songNumber": 8,
        "activePlayerCount": 85,
        "LinkVideo": "https://files.catbox.moe/cyg6b0.webm",
        "LinkMp3": "https://files.catbox.moe/zi481o.mp3",
        "annId": 17756,
        "songDifficulty": 26.82814044888274,
        "vintage": "Summer 2016"
    },
    {
        "animeEng": "Kakyuusei",
        "animeRomaji": "Kakyuusei",
        "songName": "One thing I know",
        "artist": "Yuko Chizawa, Taro Todoroki, Yasumasa Awano",
        "type": "Insert Song",
        "correctCount": 5,
        "startTime": 34,
        "songDuration": 88.824,
        "songNumber": 9,
        "activePlayerCount": 85,
        "LinkVideo": "https://files.catbox.moe/ssxqh4.webm",
        "LinkMp3": "https://files.catbox.moe/ejdkhn.mp3",
        "annId": 179,
        "songDifficulty": 10.36547210960277,
        "vintage": "Summer 1999",
        "correctPlayers": [
            "NicoIe",
            "Nippah",
            "SrueyaF",
            "SakurabaRola",
            "gaaw"
        ]
    },
    {
        "animeEng": "Chihayafuru 2",
        "animeRomaji": "Chihayafuru 2",
        "songName": "YOUTHFUL ~from Studio Yamato~",
        "artist": "99RadioService",
        "type": "Ending 2",
        "correctCount": 73,
        "startTime": 8,
        "songDuration": 87.912,
        "songNumber": 10,
        "activePlayerCount": 86,
        "LinkVideo": "https://files.catbox.moe/bojcfy.webm",
        "LinkMp3": "https://files.catbox.moe/y3ps2h.mp3",
        "annId": 14781,
        "songDifficulty": 44.48594006568145,
        "vintage": "Winter 2013"
    },
    {
        "animeEng": "eX-Driver the Movie",
        "animeRomaji": "eX-Driver the Movie",
        "songName": "LET ME GO!",
        "artist": "Masaaki Endoh",
        "type": "Insert Song",
        "correctCount": 4,
        "startTime": 11,
        "songDuration": 48.096,
        "songNumber": 11,
        "activePlayerCount": 86,
        "LinkVideo": "https://files.catbox.moe/wphv6h.webm",
        "LinkMp3": "https://files.catbox.moe/y2ghpc.mp3",
        "annId": 877,
        "songDifficulty": 4.988865028433248,
        "vintage": "Spring 2002",
        "correctPlayers": [
            "Shakira_",
            "ShiroKuro",
            "SrueyaF",
            "Chemist"
        ]
    },
    {
        "animeEng": "Mobile Suit Gundam: Iron-Blooded Orphans",
        "animeRomaji": "G-Tekketsu",
        "songName": "Raise your flag",
        "artist": "MAN WITH A MISSION",
        "type": "Opening 1",
        "correctCount": 73,
        "startTime": 59,
        "songDuration": 88.056,
        "songNumber": 12,
        "activePlayerCount": 86,
        "LinkVideo": "https://files.catbox.moe/0v5iae.webm",
        "LinkMp3": "https://files.catbox.moe/lkbe1x.mp3",
        "annId": 17329,
        "songDifficulty": 42.37450118400281,
        "vintage": "Fall 2015"
    },
    {
        "animeEng": "Medabots",
        "animeRomaji": "Medarot",
        "songName": "Chie to Yuuki da! Medarot",
        "artist": "Junko Takeuchi",
        "type": "Opening 1",
        "correctCount": 20,
        "startTime": 43,
        "songDuration": 85.008,
        "songNumber": 13,
        "activePlayerCount": 86,
        "LinkVideo": "https://files.catbox.moe/8dgqc8.webm",
        "LinkMp3": "https://files.catbox.moe/0o55wu.mp3",
        "annId": 371,
        "songDifficulty": 19.67679586038961,
        "vintage": "Summer 1999"
    },
    {
        "animeEng": "Arpeggio of Blue Steel",
        "animeRomaji": "Aoki Hagane no Arpeggio: Ars Nova",
        "songName": "SAVIOR OF SONG",
        "artist": "nano feat. MY FIRST STORY",
        "type": "Opening 1",
        "correctCount": 52,
        "startTime": 21,
        "songDuration": 86.76,
        "songNumber": 14,
        "activePlayerCount": 86,
        "LinkVideo": "https://files.catbox.moe/0zkcn5.webm",
        "LinkMp3": "https://files.catbox.moe/w3ff4q.mp3",
        "annId": 15359,
        "songDifficulty": 31.709309466746554,
        "vintage": "Fall 2013"
    },
    {
        "animeEng": "Yurikuma Arashi",
        "animeRomaji": "Yuri Kuma Arashi",
        "songName": "Ano Mori de Matteru",
        "artist": "Bonjour Suzuki",
        "type": "Opening 1",
        "correctCount": 59,
        "startTime": 21,
        "songDuration": 88.824,
        "songNumber": 15,
        "activePlayerCount": 87,
        "LinkVideo": "https://files.catbox.moe/2banng.webm",
        "LinkMp3": "https://files.catbox.moe/hewjbo.mp3",
        "annId": 16301,
        "songDifficulty": 28.156163359112796,
        "vintage": "Winter 2015"
    },
    {
        "animeEng": "Good Morning Althea",
        "animeRomaji": "Good Morning Althea",
        "songName": "COME THEE HOME",
        "artist": "Kazuko Kawashima",
        "type": "Insert Song",
        "correctCount": 2,
        "startTime": 80,
        "songDuration": 123.072,
        "songNumber": 16,
        "activePlayerCount": 87,
        "LinkVideo": "https://files.catbox.moe/42rvs0.webm",
        "LinkMp3": "https://files.catbox.moe/asz4qe.mp3",
        "annId": 6211,
        "songDifficulty": 5.263593792397793,
        "vintage": "Fall 1987",
        "correctPlayers": [
            "Nippah",
            "kaghey"
        ]
    },
    {
        "animeEng": "Land of the Lustrous",
        "animeRomaji": "Houseki no Kuni",
        "songName": "Kyoumen no Nami [Orchestra Ver.]",
        "artist": "YURiKA",
        "type": "Ending 3",
        "correctCount": 76,
        "startTime": 8,
        "songDuration": 85.608,
        "songNumber": 17,
        "activePlayerCount": 87,
        "LinkVideo": "https://files.catbox.moe/tcp07s.webm",
        "LinkMp3": "https://files.catbox.moe/pik4jx.mp3",
        "annId": 19614,
        "songDifficulty": 43.09875235404896,
        "vintage": "Fall 2017"
    },
    {
        "animeEng": "A Couple of Cuckoos",
        "animeRomaji": "Kakkou no Iinazuke",
        "songName": "Shikaku Unmei",
        "artist": "Sangatsu no Phantasia",
        "type": "Ending 1",
        "correctCount": 39,
        "startTime": 28,
        "songDuration": 89.112,
        "songNumber": 18,
        "activePlayerCount": 87,
        "LinkVideo": "https://files.catbox.moe/pufl75.webm",
        "LinkMp3": "https://files.catbox.moe/kj17sw.mp3",
        "annId": 24241,
        "songDifficulty": 30.315578480735553,
        "vintage": "Spring 2022"
    },
    {
        "animeEng": "Castle in the Sky",
        "animeRomaji": "Tenkuu no Shiro Laputa",
        "songName": "Kimi o Nosete",
        "artist": "Azumi Inoue",
        "type": "Ending 1",
        "correctCount": 49,
        "startTime": 94,
        "songDuration": 180.792,
        "songNumber": 19,
        "activePlayerCount": 87,
        "LinkVideo": "https://files.catbox.moe/brhp9h.webm",
        "LinkMp3": "https://files.catbox.moe/iagyyj.mp3",
        "annId": 481,
        "songDifficulty": 29.538337688644237,
        "vintage": "Summer 1986"
    },
    {
        "animeEng": "Speed Racer X",
        "animeRomaji": "Mach Go Go Go",
        "songName": "Junbaku no Energy",
        "artist": "Kentaro Hayami",
        "type": "Opening 1",
        "correctCount": 3,
        "startTime": 52,
        "songDuration": 87.456,
        "songNumber": 20,
        "activePlayerCount": 87,
        "LinkVideo": "https://files.catbox.moe/81s8fb.webm",
        "LinkMp3": "https://files.catbox.moe/ynbm47.mp3",
        "annId": 1445,
        "songDifficulty": 12.969555958207831,
        "vintage": "Winter 1997",
        "correctPlayers": [
            "Shakira_",
            "Nippah",
            "Hejsan"
        ]
    },
    {
        "animeEng": "I Give My All",
        "animeRomaji": "Minna Agechau",
        "songName": "Minna Agechau\u2665",
        "artist": "Irene & Erika",
        "type": "Ending 1",
        "correctCount": 4,
        "startTime": 109,
        "songDuration": 191.064,
        "songNumber": 21,
        "activePlayerCount": 87,
        "LinkVideo": "https://files.catbox.moe/jp451h.webm",
        "LinkMp3": "https://files.catbox.moe/7qaroi.mp3",
        "annId": 5360,
        "songDifficulty": 6.843149132597118,
        "vintage": "Winter 1987",
        "correctPlayers": [
            "Hikaru56",
            "uy5gf",
            "SrueyaF",
            "Orfey"
        ]
    },
    {
        "animeEng": "MM!",
        "animeRomaji": "MM!",
        "songName": "Hallelujah\u2661Study",
        "artist": "Ayana Taketatsu & Saori Hayami",
        "type": "Insert Song",
        "correctCount": 15,
        "startTime": 73,
        "songDuration": 114.192,
        "songNumber": 22,
        "activePlayerCount": 87,
        "LinkVideo": "https://files.catbox.moe/ld1v24.webm",
        "LinkMp3": "https://files.catbox.moe/0fgevg.mp3",
        "annId": 11368,
        "songDifficulty": 15.334819700906678,
        "vintage": "Summer 2010"
    },
    {
        "animeEng": "Starmyu",
        "animeRomaji": "Koukou Hoshi Kageki",
        "songName": "Koukou-boshi Kageki -On Stage-",
        "artist": "team Hoshitani",
        "type": "Insert Song",
        "correctCount": 60,
        "startTime": 112,
        "songDuration": 168.336,
        "songNumber": 23,
        "activePlayerCount": 87,
        "LinkVideo": "https://files.catbox.moe/ewot3l.webm",
        "LinkMp3": "https://files.catbox.moe/w6jp0e.mp3",
        "annId": 21981,
        "songDifficulty": 42.048875762195124,
        "vintage": "Summer 2019"
    },
    {
        "animeEng": "Black Cat",
        "animeRomaji": "Black Cat",
        "songName": "Daia no Hana",
        "artist": "Yoriko",
        "type": "Opening 1",
        "correctCount": 36,
        "startTime": 9,
        "songDuration": 89.4,
        "songNumber": 24,
        "activePlayerCount": 87,
        "LinkVideo": "https://files.catbox.moe/d04ner.webm",
        "LinkMp3": "https://files.catbox.moe/spqyin.mp3",
        "annId": 5245,
        "songDifficulty": 24.189669471993295,
        "vintage": "Fall 2005"
    },
    {
        "animeEng": "Inazuma Eleven GO: Chrono Stone",
        "animeRomaji": "Inazuma Eleven GO: Chrono Stone",
        "songName": "Jounetsu de Mune Atsu!",
        "artist": "T-Pistonz+KMC",
        "type": "Opening 1",
        "correctCount": 19,
        "startTime": 1,
        "songDuration": 83.976,
        "songNumber": 25,
        "activePlayerCount": 87,
        "LinkVideo": "https://files.catbox.moe/qr2hbj.webm",
        "LinkMp3": "https://files.catbox.moe/ik5dz5.mp3",
        "annId": 14151,
        "songDifficulty": 29.22320198156244,
        "vintage": "Spring 2012"
    },
    {
        "animeEng": "Scrapped Princess",
        "animeRomaji": "Scrapped Princess",
        "songName": "Daichi no la-li-la",
        "artist": "Yoko Ueno & Masumi Itou",
        "type": "Ending 1",
        "correctCount": 13,
        "startTime": 18,
        "songDuration": 91.056,
        "songNumber": 26,
        "activePlayerCount": 87,
        "LinkVideo": "https://files.catbox.moe/mp2jfk.webm",
        "LinkMp3": "https://files.catbox.moe/y3rd3h.mp3",
        "annId": 2083,
        "songDifficulty": 16.268760958127064,
        "vintage": "Spring 2003"
    },
    {
        "animeEng": "Sword Art Online: Alicization",
        "animeRomaji": "Sword Art Online: Alicization",
        "songName": "RESISTER",
        "artist": "ASCA",
        "type": "Opening 2",
        "correctCount": 51,
        "startTime": 13,
        "songDuration": 90.048,
        "songNumber": 27,
        "activePlayerCount": 86,
        "LinkVideo": "https://files.catbox.moe/ndlgin.webm",
        "LinkMp3": "https://files.catbox.moe/19mrns.mp3",
        "annId": 20665,
        "songDifficulty": 36.13376027883997,
        "vintage": "Fall 2018"
    },
    {
        "animeEng": "BanG Dream! Girls Band Party!: 5th Anniversary Animation - CiRCLE THANKS PARTY!",
        "animeRomaji": "BanG Dream! Girls Band Party!: 5th Anniversary Animation - CiRCLE THANKS PARTY!",
        "songName": "Shuwarin\u2606Drea~min",
        "artist": "Pastel*Palettes",
        "type": "Insert Song",
        "correctCount": 71,
        "startTime": 12,
        "songDuration": 43.176,
        "songNumber": 28,
        "activePlayerCount": 88,
        "LinkVideo": "https://files.catbox.moe/1tnrxf.webm",
        "LinkMp3": "https://files.catbox.moe/agftkz.mp3",
        "annId": 25436,
        "songDifficulty": 44.50279674369748,
        "vintage": "Winter 2022"
    },
    {
        "animeEng": "Magical Doremi",
        "animeRomaji": "Ojamajo Doremi",
        "songName": "Onnanoko wa Benkyouchuu!",
        "artist": "MAHO-dou",
        "type": "Insert Song",
        "correctCount": 35,
        "startTime": 1,
        "songDuration": 74.448,
        "songNumber": 29,
        "activePlayerCount": 88,
        "LinkVideo": "https://files.catbox.moe/gfwxrt.webm",
        "LinkMp3": "https://files.catbox.moe/pqheyc.mp3",
        "annId": 1190,
        "songDifficulty": 33.39022214548803,
        "vintage": "Winter 1999"
    },
    {
        "animeEng": "Hakuoki: Demon of the Fleeting Blossom",
        "animeRomaji": "Hakuouki",
        "songName": "Izayoi Namida",
        "artist": "Aika Yoshioka",
        "type": "Opening 1",
        "correctCount": 19,
        "startTime": 24,
        "songDuration": 87,
        "songNumber": 30,
        "activePlayerCount": 88,
        "LinkVideo": "https://files.catbox.moe/vmptwq.webm",
        "LinkMp3": "https://files.catbox.moe/k4y6m7.mp3",
        "annId": 11286,
        "songDifficulty": 19.858682533342595,
        "vintage": "Spring 2010"
    },
    {
        "animeEng": "Fate/kaleid liner Prisma\u2606Illya 2wei!",
        "animeRomaji": "Fate/kaleid liner Prisma\u2606Illya 2wei!",
        "songName": "TWO BY TWO",
        "artist": "Yumeha Kouda",
        "type": "Ending 1",
        "correctCount": 35,
        "startTime": 0,
        "songDuration": 25.032,
        "songNumber": 31,
        "activePlayerCount": 88,
        "LinkVideo": "https://files.catbox.moe/ohmt7u.webm",
        "LinkMp3": "https://files.catbox.moe/fyq9p1.mp3",
        "annId": 23760,
        "songDifficulty": 24.3822521772541,
        "vintage": "Summer 2014"
    },
    {
        "animeEng": "Yu-Gi-Oh! GX",
        "animeRomaji": "Yu-Gi-Oh! Duel Monsters GX",
        "songName": "Teardrop",
        "artist": "BOWL",
        "type": "Opening 3",
        "correctCount": 17,
        "startTime": 27,
        "songDuration": 90.048,
        "songNumber": 32,
        "activePlayerCount": 88,
        "LinkVideo": "https://files.catbox.moe/8l147k.webm",
        "LinkMp3": "https://files.catbox.moe/hhz0e7.mp3",
        "annId": 4481,
        "songDifficulty": 18.455287542019242,
        "vintage": "Fall 2004"
    },
    {
        "animeEng": "Saint Seiya",
        "animeRomaji": "Saint Seiya",
        "songName": "Sayonara no Kawari ni -CAN'T SAY GOOD-BYE-",
        "artist": "MAKE-UP",
        "type": "Insert Song",
        "correctCount": 30,
        "startTime": 56,
        "songDuration": 115.056,
        "songNumber": 33,
        "activePlayerCount": 88,
        "LinkVideo": "https://files.catbox.moe/o3w76f.webm",
        "LinkMp3": "https://files.catbox.moe/e37hp5.mp3",
        "annId": 429,
        "songDifficulty": 23.737415941455698,
        "vintage": "Fall 1986"
    },
    {
        "animeEng": "Tactics",
        "animeRomaji": "Tactics",
        "songName": "Mienai Chikara",
        "artist": "Miki Akiyama",
        "type": "Ending 1",
        "correctCount": 4,
        "startTime": 16,
        "songDuration": 85.967502,
        "songNumber": 34,
        "activePlayerCount": 89,
        "LinkVideo": "https://files.catbox.moe/4pcny3.webm",
        "LinkMp3": "https://files.catbox.moe/bf1svx.mp3",
        "annId": 4100,
        "songDifficulty": 7.502480061848958,
        "vintage": "Fall 2004",
        "correctPlayers": [
            "IzumiSakai",
            "SrueyaF",
            "asleep",
            "Eryth"
        ]
    },
    {
        "animeEng": "Daily Lives of High School Boys",
        "animeRomaji": "Danshi Koukousei no Nichijou",
        "songName": "Ohisama",
        "artist": "Amesaki Annainin",
        "type": "Ending 2",
        "correctCount": 69,
        "startTime": 23,
        "songDuration": 82.536,
        "songNumber": 35,
        "activePlayerCount": 90,
        "LinkVideo": "https://files.catbox.moe/g7hgrs.webm",
        "LinkMp3": "https://files.catbox.moe/gmmdjw.mp3",
        "annId": 13743,
        "songDifficulty": 37.893913781309195,
        "vintage": "Winter 2012"
    },
    {
        "animeEng": "Gintama",
        "animeRomaji": "Gintama",
        "songName": "Yorozuya Blues",
        "artist": "Hashio Hideo",
        "type": "Insert Song",
        "correctCount": 30,
        "startTime": 90,
        "songDuration": 129.816,
        "songNumber": 36,
        "activePlayerCount": 90,
        "LinkVideo": "https://files.catbox.moe/3mcwx9.webm",
        "LinkMp3": "https://files.catbox.moe/4elv25.mp3",
        "annId": 6236,
        "songDifficulty": 25.205835142679902,
        "vintage": "Spring 2006"
    },
    {
        "animeEng": "We Rent Tsukumogami",
        "animeRomaji": "Tsukumogami Kashimasu",
        "songName": "Get Into My Heart",
        "artist": "MIYAVI vs SHISHIDO KAVKA",
        "type": "Opening 1",
        "correctCount": 28,
        "startTime": 29,
        "songDuration": 86.448,
        "songNumber": 37,
        "activePlayerCount": 89,
        "LinkVideo": "https://files.catbox.moe/1byru2.webm",
        "LinkMp3": "https://files.catbox.moe/9nq43s.mp3",
        "annId": 20758,
        "songDifficulty": 15.98711100034674,
        "vintage": "Summer 2018"
    },
    {
        "animeEng": "Castle Town Dandelion",
        "animeRomaji": "Joukamachi no Dandelion",
        "songName": "Honey\u2665Come!!",
        "artist": "Yui Ogura",
        "type": "Ending 1",
        "correctCount": 50,
        "startTime": 12,
        "songDuration": 88.608,
        "songNumber": 38,
        "activePlayerCount": 89,
        "LinkVideo": "https://files.catbox.moe/sp33fp.webm",
        "LinkMp3": "https://files.catbox.moe/31n521.mp3",
        "annId": 16857,
        "songDifficulty": 25.870586238116793,
        "vintage": "Summer 2015"
    },
    {
        "animeEng": "Black Lagoon: The Second Barrage",
        "animeRomaji": "Black Lagoon: The Second Barrage",
        "songName": "Don't Look Behind",
        "artist": "EDISON",
        "type": "Ending 1",
        "correctCount": 55,
        "startTime": 9,
        "songDuration": 87.024,
        "songNumber": 39,
        "activePlayerCount": 89,
        "LinkVideo": "https://files.catbox.moe/yi453l.webm",
        "LinkMp3": "https://files.catbox.moe/yf3qfs.mp3",
        "annId": 6832,
        "songDifficulty": 36.00428468110872,
        "vintage": "Fall 2006"
    },
    {
        "animeEng": "Detroit Metal City",
        "animeRomaji": "Detroit Metal City",
        "songName": "Death Penis",
        "artist": "Yuji Ueda",
        "type": "Insert Song",
        "correctCount": 34,
        "startTime": 0,
        "songDuration": 27.528,
        "songNumber": 40,
        "activePlayerCount": 89,
        "LinkVideo": "https://files.catbox.moe/n90li0.webm",
        "LinkMp3": "https://files.catbox.moe/3ib4ny.mp3",
        "annId": 10172,
        "songDifficulty": 41.46439591616965,
        "vintage": "Summer 2008"
    },
    {
        "animeEng": "Hand Shakers",
        "animeRomaji": "Hand Shakers",
        "songName": "One Hand Message",
        "artist": "OxT",
        "type": "Opening 1",
        "correctCount": 33,
        "startTime": 43,
        "songDuration": 89.568,
        "songNumber": 41,
        "activePlayerCount": 89,
        "LinkVideo": "https://files.catbox.moe/nlpehr.webm",
        "LinkMp3": "https://files.catbox.moe/hoixwb.mp3",
        "annId": 18690,
        "songDifficulty": 19.98334184169584,
        "vintage": "Winter 2017"
    },
    {
        "animeEng": "Gravitation: Lyrics of Love",
        "animeRomaji": "Gravitation: Lyrics of Love",
        "songName": "Spicy Marmalade",
        "artist": "BAD LUCK",
        "type": "Insert Song",
        "correctCount": 9,
        "startTime": 11,
        "songDuration": 114.192,
        "songNumber": 42,
        "activePlayerCount": 89,
        "LinkVideo": "https://files.catbox.moe/hrjfyc.webm",
        "LinkMp3": "https://files.catbox.moe/vsb3km.mp3",
        "annId": 625,
        "songDifficulty": 16.777689387289325,
        "vintage": "Summer 1999"
    },
    {
        "animeEng": "ACCA: 13-Territory Inspection Dept.",
        "animeRomaji": "ACCA 13-ku Kansatsu-ka",
        "songName": "Shadow and Truth",
        "artist": "ONE III NOTES",
        "type": "Opening 1",
        "correctCount": 48,
        "startTime": 19,
        "songDuration": 89.064,
        "songNumber": 43,
        "activePlayerCount": 89,
        "LinkVideo": "https://files.catbox.moe/ie1fus.webm",
        "LinkMp3": "https://files.catbox.moe/0iik48.mp3",
        "annId": 18461,
        "songDifficulty": 30.360753527954326,
        "vintage": "Winter 2017"
    },
    {
        "animeEng": "Durarara!!\u00d72 Shou: Watashi no Kokoro wa Nabe Moyou",
        "animeRomaji": "Durarara!!\u00d72 Shou: Watashi no Kokoro wa Nabe Moyou",
        "songName": "HEADHUNT",
        "artist": "OKAMOTO'S",
        "type": "Opening 1",
        "correctCount": 54,
        "startTime": 50,
        "songDuration": 88.392,
        "songNumber": 44,
        "activePlayerCount": 89,
        "LinkVideo": "https://files.catbox.moe/kvglpu.webm",
        "LinkMp3": "https://files.catbox.moe/a7na6y.mp3",
        "annId": 22239,
        "songDifficulty": 31.326961096938774,
        "vintage": "Spring 2015"
    },
    {
        "animeEng": "The Prince of Tennis",
        "animeRomaji": "Tennis no Ouji-sama",
        "songName": "LITTLE SKY",
        "artist": "Kentaro Fukushi",
        "type": "Ending 8",
        "correctCount": 1,
        "startTime": 35,
        "songDuration": 74.904,
        "songNumber": 45,
        "activePlayerCount": 89,
        "LinkVideo": "https://files.catbox.moe/fpsrkf.webm",
        "LinkMp3": "https://files.catbox.moe/g1yroq.mp3",
        "annId": 876,
        "songDifficulty": 12.642825770035886,
        "vintage": "Fall 2001",
        "correctPlayers": [
            "Keizan"
        ]
    },
    {
        "animeEng": "Lapis Re:LiGHTs",
        "animeRomaji": "Lapis Re:LiGHTs",
        "songName": "Planetarium",
        "artist": "LiGHTs",
        "type": "Ending 1",
        "correctCount": 25,
        "startTime": 57,
        "songDuration": 88.68,
        "songNumber": 46,
        "activePlayerCount": 89,
        "LinkVideo": "https://files.catbox.moe/0ev5gn.webm",
        "LinkMp3": "https://files.catbox.moe/0tlgf7.mp3",
        "annId": 22935,
        "songDifficulty": 22.435780001762218,
        "vintage": "Summer 2020"
    },
    {
        "animeEng": "City Hunter: The Secret Service",
        "animeRomaji": "City Hunter: The Secret Service",
        "songName": "We Can Make It",
        "artist": "F.E.N.",
        "type": "Insert Song",
        "correctCount": 1,
        "startTime": 68,
        "songDuration": 137.136,
        "songNumber": 47,
        "activePlayerCount": 89,
        "LinkVideo": "https://files.catbox.moe/ftvo9g.webm",
        "LinkMp3": "https://files.catbox.moe/uh1sfn.mp3",
        "annId": 551,
        "songDifficulty": 12.06274984484521,
        "vintage": "Winter 1996",
        "correctPlayers": [
            "SrueyaF"
        ]
    },
    {
        "animeEng": "Great Pretender",
        "animeRomaji": "Great Pretender",
        "songName": "G.P.",
        "artist": "Yutaka Yamada",
        "type": "Opening 1",
        "correctCount": 62,
        "startTime": 4,
        "songDuration": 63.96,
        "songNumber": 48,
        "activePlayerCount": 88,
        "LinkVideo": "https://files.catbox.moe/z9hw89.webm",
        "LinkMp3": "https://files.catbox.moe/j433hj.mp3",
        "annId": 22317,
        "songDifficulty": 42.20303459957369,
        "vintage": "Spring 2020"
    },
    {
        "animeEng": "Accel World",
        "animeRomaji": "Accel World",
        "songName": "Chase the world",
        "artist": "May'n",
        "type": "Opening 1",
        "correctCount": 56,
        "startTime": 14,
        "songDuration": 89.064,
        "songNumber": 49,
        "activePlayerCount": 88,
        "LinkVideo": "https://files.catbox.moe/cg9t4q.webm",
        "LinkMp3": "https://files.catbox.moe/45cd9t.mp3",
        "annId": 13857,
        "songDifficulty": 36.62806886669818,
        "vintage": "Spring 2012"
    },
    {
        "animeEng": "Kiku-chan to Ookami",
        "animeRomaji": "Kiku-chan to Ookami",
        "songName": "Ryoshuu",
        "artist": "Rena Takahashi",
        "type": "Ending 1",
        "correctCount": 2,
        "startTime": 30,
        "songDuration": 101.232,
        "songNumber": 50,
        "activePlayerCount": 87,
        "LinkVideo": "https://files.catbox.moe/w8ig82.webm",
        "LinkMp3": "https://files.catbox.moe/w13js2.mp3",
        "annId": 10141,
        "songDifficulty": 12.436247278432377,
        "vintage": "Summer 2008",
        "correctPlayers": [
            "Shakira_",
            "SrueyaF"
        ]
    },
    {
        "animeEng": "TsukiPro the Animation",
        "animeRomaji": "TsukiPro the Animation",
        "songName": "Parallel Lineage",
        "artist": "Growth",
        "type": "Ending 8",
        "correctCount": 7,
        "startTime": 30,
        "songDuration": 86.4,
        "songNumber": 51,
        "activePlayerCount": 87,
        "LinkVideo": "https://files.catbox.moe/juztga.webm",
        "LinkMp3": "https://files.catbox.moe/a98vq5.mp3",
        "annId": 19898,
        "songDifficulty": 15.720194065824469,
        "vintage": "Fall 2017"
    },
    {
        "animeEng": "Neon Genesis Evangelion",
        "animeRomaji": "Shinseiki Evangelion",
        "songName": "Ryoute Ippai no Yume",
        "artist": "Masami Okui",
        "type": "Insert Song",
        "correctCount": 26,
        "startTime": 7,
        "songDuration": 44.976,
        "songNumber": 52,
        "activePlayerCount": 87,
        "LinkVideo": "https://files.catbox.moe/lt1xmu.webm",
        "LinkMp3": "https://files.catbox.moe/2kg33c.mp3",
        "annId": 49,
        "songDifficulty": 18.041710182105774,
        "vintage": "Fall 1995"
    },
    {
        "animeEng": "Air in Summer",
        "animeRomaji": "Air in Summer",
        "songName": "Tori no Uta",
        "artist": "Lia",
        "type": "Opening 1",
        "correctCount": 77,
        "startTime": 56,
        "songDuration": 90.096,
        "songNumber": 53,
        "activePlayerCount": 87,
        "LinkVideo": "https://files.catbox.moe/kjwjmg.webm",
        "LinkMp3": "https://files.catbox.moe/66ngz3.mp3",
        "annId": 5428,
        "songDifficulty": 44.26218246981891,
        "vintage": "Summer 2005"
    },
    {
        "animeEng": "Amagami SS",
        "animeRomaji": "Amagami SS",
        "songName": "i Love",
        "artist": "azusa",
        "type": "Opening 1",
        "correctCount": 27,
        "startTime": 16,
        "songDuration": 89.52,
        "songNumber": 54,
        "activePlayerCount": 87,
        "LinkVideo": "https://files.catbox.moe/26yvsn.webm",
        "LinkMp3": "https://files.catbox.moe/rbpq8w.mp3",
        "annId": 11474,
        "songDifficulty": 23.45520608524742,
        "vintage": "Summer 2010"
    },
    {
        "animeEng": "Karura Mau Movie",
        "animeRomaji": "Hengen Taima Yakou Karura Mau! Nara Onryou Emaki",
        "songName": "COME A-RUNNIN",
        "artist": "Charito Vergard",
        "type": "Insert Song",
        "correctCount": 1,
        "startTime": 66,
        "songDuration": 156.024,
        "songNumber": 55,
        "activePlayerCount": 87,
        "LinkVideo": "https://files.catbox.moe/e5493a.webm",
        "LinkMp3": "https://files.catbox.moe/ol0xys.mp3",
        "annId": 1354,
        "songDifficulty": 5.225371189726658,
        "vintage": "Spring 1989",
        "correctPlayers": [
            "revel_"
        ]
    },
    {
        "animeEng": "Maria\u2020Holic",
        "animeRomaji": "Maria\u2020Holic",
        "songName": "HANAJI",
        "artist": "Yu Kobayashi",
        "type": "Opening 1",
        "correctCount": 64,
        "startTime": 44,
        "songDuration": 86.856,
        "songNumber": 56,
        "activePlayerCount": 87,
        "LinkVideo": "https://files.catbox.moe/fme10u.webm",
        "LinkMp3": "https://files.catbox.moe/bw2xch.mp3",
        "annId": 10200,
        "songDifficulty": 36.73579762034415,
        "vintage": "Fall 2008"
    },
    {
        "animeEng": "Hidamari Sketch",
        "animeRomaji": "Hidamari Sketch",
        "songName": "Okashi Koujou",
        "artist": "Yuuko Gotou",
        "type": "Insert Song",
        "correctCount": 24,
        "startTime": 0,
        "songDuration": 28.992,
        "songNumber": 57,
        "activePlayerCount": 87,
        "LinkVideo": "https://files.catbox.moe/yqhme5.webm",
        "LinkMp3": "https://files.catbox.moe/uxne87.mp3",
        "annId": 6811,
        "songDifficulty": 23.96261199929726,
        "vintage": "Winter 2007"
    },
    {
        "animeEng": "Ark Nine",
        "animeRomaji": "Ark IX",
        "songName": "Nevereverland",
        "artist": "nano",
        "type": "Ending 1",
        "correctCount": 48,
        "startTime": 134,
        "songDuration": 167.592,
        "songNumber": 58,
        "activePlayerCount": 87,
        "LinkVideo": "https://files.catbox.moe/dyamar.webm",
        "LinkMp3": "https://files.catbox.moe/uxvgll.mp3",
        "annId": 22449,
        "songDifficulty": 27.226600904143258,
        "vintage": "Summer 2013"
    },
    {
        "animeEng": "Akira",
        "animeRomaji": "Akira",
        "songName": "Kaneda",
        "artist": "Geinoh Yamashiro-gumi",
        "type": "Ending 1",
        "correctCount": 82,
        "startTime": 80,
        "songDuration": 219.085214,
        "songNumber": 59,
        "activePlayerCount": 87,
        "LinkVideo": "https://files.catbox.moe/0s9f8v.webm",
        "LinkMp3": "https://files.catbox.moe/ps4so0.mp3",
        "annId": 375,
        "songDifficulty": 36.16909746053535,
        "vintage": "Summer 1988"
    },
    {
        "animeEng": "Macross Frontier",
        "animeRomaji": "Macross Frontier",
        "songName": "Ai Oboete Imasu ka",
        "artist": "Megumi Nakajima",
        "type": "Ending 6",
        "correctCount": 51,
        "startTime": 41,
        "songDuration": 89.328,
        "songNumber": 60,
        "activePlayerCount": 87,
        "LinkVideo": "https://files.catbox.moe/qqqxvd.webm",
        "LinkMp3": "https://files.catbox.moe/xd69t2.mp3",
        "annId": 8586,
        "songDifficulty": 34.09897709534102,
        "vintage": "Fall 2007"
    },
    {
        "animeEng": "Eureka Seven",
        "animeRomaji": "Koukyoushihen Eureka Seven",
        "songName": "Shounen Heart",
        "artist": "HOME MADE Kazoku",
        "type": "Opening 2",
        "correctCount": 28,
        "startTime": 1,
        "songDuration": 89.856,
        "songNumber": 61,
        "activePlayerCount": 87,
        "LinkVideo": "https://files.catbox.moe/hccohi.webm",
        "LinkMp3": "https://files.catbox.moe/2e5j7t.mp3",
        "annId": 4797,
        "songDifficulty": 32.465236813061345,
        "vintage": "Spring 2005"
    },
    {
        "animeEng": "Birth",
        "animeRomaji": "Birth",
        "songName": "Zacks no Senshi",
        "artist": "Shabana",
        "type": "Ending 1",
        "correctCount": 9,
        "startTime": 87,
        "songDuration": 210,
        "songNumber": 62,
        "activePlayerCount": 87,
        "LinkVideo": "https://files.catbox.moe/q6tm52.webm",
        "LinkMp3": "https://files.catbox.moe/94xns6.mp3",
        "annId": 2662,
        "songDifficulty": 9.414602201642733,
        "vintage": "Summer 1984"
    },
    {
        "animeEng": "Tweeny Witches The Adventures",
        "animeRomaji": "Mahou Shoujo Tai Arusu: The Adventure",
        "songName": "DuDiDuWa*lalala",
        "artist": "KOTOKO",
        "type": "Ending 1",
        "correctCount": 18,
        "startTime": 52,
        "songDuration": 88.512,
        "songNumber": 63,
        "activePlayerCount": 87,
        "LinkVideo": "https://files.catbox.moe/sfezm1.webm",
        "LinkMp3": "https://files.catbox.moe/g87xbk.mp3",
        "annId": 6191,
        "songDifficulty": 13.621031469228317,
        "vintage": "Fall 2007"
    },
    {
        "animeEng": "Maoyu",
        "animeRomaji": "Maoyuu Maou Yuusha",
        "songName": "Mukaikaze",
        "artist": "YOHKO",
        "type": "Opening 1",
        "correctCount": 39,
        "startTime": 34,
        "songDuration": 88.944,
        "songNumber": 64,
        "activePlayerCount": 87,
        "LinkVideo": "https://files.catbox.moe/jhpckx.webm",
        "LinkMp3": "https://files.catbox.moe/q7o399.mp3",
        "annId": 14425,
        "songDifficulty": 19.18027187618957,
        "vintage": "Winter 2013"
    },
    {
        "animeEng": "Ensemble Stars!",
        "animeRomaji": "EnStars",
        "songName": "Melody in the Dark",
        "artist": "UNDEAD",
        "type": "Insert Song",
        "correctCount": 15,
        "startTime": 16,
        "songDuration": 93.192,
        "songNumber": 65,
        "activePlayerCount": 87,
        "LinkVideo": "https://files.catbox.moe/qk5uxq.webm",
        "LinkMp3": "https://files.catbox.moe/owf8zr.mp3",
        "annId": 22259,
        "songDifficulty": 25.089162567515434,
        "vintage": "Summer 2019"
    },
    {
        "animeEng": "Anime De Training! Xx",
        "animeRomaji": "Ani Tore!! XX: Hitotsu Yane no Shita de",
        "songName": "Anitore Cadence ~2 Shuume~",
        "artist": "Miku Itou, Azumi Waki, Miyu Komaki, Maria Naganawa, Kanon Takao, Eri Suzuki",
        "type": "Insert Song",
        "correctCount": 10,
        "startTime": 18,
        "songDuration": 47.064,
        "songNumber": 66,
        "activePlayerCount": 86,
        "LinkVideo": "https://files.catbox.moe/u986sc.webm",
        "LinkMp3": "https://files.catbox.moe/k5xkfw.mp3",
        "annId": 18673,
        "songDifficulty": 17.75894492628884,
        "vintage": "Fall 2016"
    },
    {
        "animeEng": "Initial D: Final Stage",
        "animeRomaji": "Initial D: Final Stage",
        "songName": "Gamble Rumble",
        "artist": "move",
        "type": "Ending 1",
        "correctCount": 32,
        "startTime": 76,
        "songDuration": 117.792,
        "songNumber": 67,
        "activePlayerCount": 86,
        "LinkVideo": "https://files.catbox.moe/c34w7m.webm",
        "LinkMp3": "https://files.catbox.moe/ub5mhk.mp3",
        "annId": 16073,
        "songDifficulty": 28.86086330066262,
        "vintage": "Spring 2014"
    },
    {
        "animeEng": "Pok\u00e9mon the Series: XYZ",
        "animeRomaji": "Pok\u00e9mon XY&Z",
        "songName": "V (Volt)",
        "artist": "Yusuke",
        "type": "Insert Song",
        "correctCount": 46,
        "startTime": 80,
        "songDuration": 125.064,
        "songNumber": 68,
        "activePlayerCount": 86,
        "LinkVideo": "https://files.catbox.moe/dgwunt.webm",
        "LinkMp3": "https://files.catbox.moe/lsrddy.mp3",
        "annId": 17650,
        "songDifficulty": 41.05667744685118,
        "vintage": "Fall 2015"
    },
    {
        "animeEng": "Papillon Rose",
        "animeRomaji": "Papillon Rose",
        "songName": "Hikari no Kizuna",
        "artist": "Kidokaworu",
        "type": "Opening 1",
        "correctCount": 5,
        "startTime": 43,
        "songDuration": 89.568,
        "songNumber": 69,
        "activePlayerCount": 85,
        "LinkVideo": "https://files.catbox.moe/pfqy5d.webm",
        "LinkMp3": "https://files.catbox.moe/tyakkx.mp3",
        "annId": 6010,
        "songDifficulty": 8.717879340277777,
        "vintage": "Winter 2006",
        "correctPlayers": [
            "Hejsan",
            "SrueyaF",
            "Eryth",
            "gaaw",
            "SakuraFujima"
        ]
    },
    {
        "animeEng": "Black\u2605Rock Shooter",
        "animeRomaji": "Black\u2605Rock Shooter",
        "songName": "Braveheart",
        "artist": "THE GOMBAND",
        "type": "Ending 1",
        "correctCount": 1,
        "startTime": 150,
        "songDuration": 236.904,
        "songNumber": 70,
        "activePlayerCount": 86,
        "LinkVideo": "https://files.catbox.moe/bxu5qo.webm",
        "LinkMp3": "https://files.catbox.moe/v0593q.mp3",
        "annId": 11318,
        "songDifficulty": 8.960029007687927,
        "vintage": "Summer 2010",
        "correctPlayers": [
            "SrueyaF"
        ]
    },
    {
        "animeEng": "Astro Boy",
        "animeRomaji": "Tetsuwan Atom",
        "songName": "Tetsuwan Atom",
        "artist": "Atoms",
        "type": "Opening 1",
        "correctCount": 79,
        "startTime": 29,
        "songDuration": 72.864,
        "songNumber": 71,
        "activePlayerCount": 86,
        "LinkVideo": "https://files.catbox.moe/b4koyr.webm",
        "LinkMp3": "https://files.catbox.moe/pl1tjm.mp3",
        "annId": 388,
        "songDifficulty": 39.09184382512019,
        "vintage": "Fall 1980"
    },
    {
        "animeEng": "Danganronpa 3: The End of Hope's Peak High School - Despair Arc",
        "animeRomaji": "Danganronpa 3: The End of Kibougamine Gakuen - Zetsubou-hen",
        "songName": "Tsubasa o Kudasai",
        "artist": "Megumi Toyoguchi",
        "type": "Insert Song",
        "correctCount": 38,
        "startTime": 135,
        "songDuration": 216,
        "songNumber": 72,
        "activePlayerCount": 86,
        "LinkVideo": "https://files.catbox.moe/yd9ls4.webm",
        "LinkMp3": "https://files.catbox.moe/aemx7q.mp3",
        "annId": 18272,
        "songDifficulty": 17.07379885570693,
        "vintage": "Summer 2016"
    },
    {
        "animeEng": "Code Geass: Lelouch of the Rebellion R2 Special Edition 'Zero Requiem'",
        "animeRomaji": "Code Geass: Lelouch of the Rebellion R2 Special Edition 'Zero Requiem'",
        "songName": "Continued Story",
        "artist": "Hitomi",
        "type": "Ending 1",
        "correctCount": 74,
        "startTime": 88,
        "songDuration": 173.784,
        "songNumber": 73,
        "activePlayerCount": 86,
        "LinkVideo": "https://files.catbox.moe/8nnztk.webm",
        "LinkMp3": "https://files.catbox.moe/ylkpyc.mp3",
        "annId": 15381,
        "songDifficulty": 36.30708497165325,
        "vintage": "Summer 2009"
    },
    {
        "animeEng": "Perman",
        "animeRomaji": "Perman",
        "songName": "Perman wa Soko ni Iru",
        "artist": "Yoshiaki Furuta",
        "type": "Ending 2",
        "correctCount": 34,
        "startTime": 41,
        "songDuration": 73.648,
        "songNumber": 74,
        "activePlayerCount": 86,
        "LinkVideo": "https://files.catbox.moe/lq9l02.webm",
        "annId": 2008,
        "songDifficulty": 27.272727272727273,
        "vintage": "Spring 1983"
    },
    {
        "animeEng": "Jing: King of Bandits - Seventh Heaven",
        "animeRomaji": "Ou Dorobou Jing in Seventh Heaven",
        "songName": "Guiding Light",
        "artist": "GARY NEWBY",
        "type": "Ending 1",
        "correctCount": 2,
        "startTime": 28,
        "songDuration": 178.848,
        "songNumber": 75,
        "activePlayerCount": 86,
        "LinkVideo": "https://files.catbox.moe/v4j2xa.webm",
        "LinkMp3": "https://files.catbox.moe/yp4ejw.mp3",
        "annId": 2387,
        "songDifficulty": 10.009893913371315,
        "vintage": "Winter 2004",
        "correctPlayers": [
            "channina",
            "IzumiSakai"
        ]
    },
    {
        "animeEng": "Mushishi Zoku-Shou: Suzu no Shizuku",
        "animeRomaji": "Mushishi Zoku-Shou: Suzu no Shizuku",
        "songName": "SHIVER",
        "artist": "Lucy Rose",
        "type": "Opening 1",
        "correctCount": 64,
        "startTime": 5,
        "songDuration": 91.128,
        "songNumber": 76,
        "activePlayerCount": 86,
        "LinkVideo": "https://files.catbox.moe/3uq64m.webm",
        "LinkMp3": "https://files.catbox.moe/i78kh7.mp3",
        "annId": 17020,
        "songDifficulty": 38.616177630457024,
        "vintage": "Spring 2015"
    },
    {
        "animeEng": "D4DJ First Mix",
        "animeRomaji": "D4DJ First Mix",
        "songName": "HONEST-happy a word-",
        "artist": "Happy Around!",
        "type": "Insert Song",
        "correctCount": 42,
        "startTime": 34,
        "songDuration": 94.368,
        "songNumber": 77,
        "activePlayerCount": 86,
        "LinkVideo": "https://files.catbox.moe/im3dkc.webm",
        "LinkMp3": "https://files.catbox.moe/gugf7u.mp3",
        "annId": 23530,
        "songDifficulty": 38.33622116111952,
        "vintage": "Fall 2020"
    },
    {
        "animeEng": "Medaka no Gakkou",
        "animeRomaji": "Medaka no Gakkou",
        "songName": "Soratobu Penguin",
        "artist": "Nami Harada",
        "type": "Ending 1",
        "correctCount": 2,
        "startTime": 21,
        "songDuration": 88.68,
        "songNumber": 78,
        "activePlayerCount": 87,
        "LinkVideo": "https://files.catbox.moe/yeztne.webm",
        "LinkMp3": "https://files.catbox.moe/84jtzr.mp3",
        "annId": 9417,
        "songDifficulty": 6.1048849851800355,
        "vintage": "Spring 2004",
        "correctPlayers": [
            "Nippah",
            "ArukasFrost"
        ]
    },
    {
        "animeEng": "Uta no\u2606Prince-sama\u266aMaji LOVE 1000%",
        "animeRomaji": "Uta no\u2606Prince-sama\u266aMaji LOVE 1000%",
        "songName": "Maji LOVE1000\uff05",
        "artist": "ST\u2606RISH",
        "type": "Ending 1",
        "correctCount": 60,
        "startTime": 12,
        "songDuration": 101.4,
        "songNumber": 79,
        "activePlayerCount": 87,
        "LinkVideo": "https://files.catbox.moe/psw9ah.webm",
        "LinkMp3": "https://files.catbox.moe/sg5k4l.mp3",
        "annId": 12509,
        "songDifficulty": 39.21851141467066,
        "vintage": "Summer 2011"
    },
    {
        "animeEng": "Monochrome Factor",
        "animeRomaji": "Monochrome Factor",
        "songName": "Metamorphose",
        "artist": "Asriel",
        "type": "Opening 1",
        "correctCount": 14,
        "startTime": 50,
        "songDuration": 89.938046,
        "songNumber": 80,
        "activePlayerCount": 87,
        "LinkVideo": "https://files.catbox.moe/i9htan.webm",
        "LinkMp3": "https://files.catbox.moe/rgjvli.mp3",
        "annId": 8844,
        "songDifficulty": 15.130597429310878,
        "vintage": "Spring 2008"
    },
    {
        "animeEng": "Transformers: Super God Masterforce",
        "animeRomaji": "Transformers: Choujin Master Force",
        "songName": "Kiseki no Transformer",
        "artist": "Toshiya Igarashi",
        "type": "Insert Song",
        "correctCount": 4,
        "startTime": 84,
        "songDuration": 124.848,
        "songNumber": 81,
        "activePlayerCount": 87,
        "LinkVideo": "https://files.catbox.moe/8h9t7j.webm",
        "LinkMp3": "https://files.catbox.moe/fe0wzx.mp3",
        "annId": 2476,
        "songDifficulty": 12.900120924526174,
        "vintage": "Spring 1988",
        "correctPlayers": [
            "Nippah",
            "IzumiSakai",
            "SrueyaF",
            "SakuraFujima"
        ]
    },
    {
        "animeEng": "Initial D",
        "animeRomaji": "Initial D",
        "songName": "SPACE BOY",
        "artist": "DAVE RODGERS",
        "type": "Insert Song",
        "correctCount": 47,
        "startTime": 32,
        "songDuration": 85.512,
        "songNumber": 82,
        "activePlayerCount": 87,
        "LinkVideo": "https://files.catbox.moe/p22rs7.webm",
        "LinkMp3": "https://files.catbox.moe/pu403a.mp3",
        "annId": 395,
        "songDifficulty": 57.53853831186259,
        "vintage": "Spring 1998"
    },
    {
        "animeEng": "Samurai Giants",
        "animeRomaji": "Samurai Giants",
        "songName": "Yuke! Banba Ban",
        "artist": "Royal Knights",
        "type": "Ending 2",
        "correctCount": 2,
        "startTime": 8,
        "songDuration": 57.072,
        "songNumber": 83,
        "activePlayerCount": 86,
        "LinkVideo": "https://files.catbox.moe/k7zqw5.webm",
        "LinkMp3": "https://files.catbox.moe/m2iay3.mp3",
        "annId": 2602,
        "songDifficulty": 23.076923076923077,
        "vintage": "Fall 1973",
        "correctPlayers": [
            "Nippah",
            "Bobocan"
        ]
    },
    {
        "animeEng": "Beyond the Boundary: I'll Be Here - Past",
        "animeRomaji": "Gekijouban Kyoukai no Kanata: I'll Be Here - Kako-hen",
        "songName": "Kyoukai no Kanata",
        "artist": "Minori Chihara",
        "type": "Insert Song",
        "correctCount": 83,
        "startTime": 23,
        "songDuration": 87.984,
        "songNumber": 84,
        "activePlayerCount": 88,
        "LinkVideo": "https://files.catbox.moe/tyh8r1.webm",
        "LinkMp3": "https://files.catbox.moe/adil6e.mp3",
        "annId": 16980,
        "songDifficulty": 48.80324537268634,
        "vintage": "Winter 2015"
    },
    {
        "animeEng": "Wonder Momo",
        "animeRomaji": "Wonder Momo",
        "songName": "Picogram",
        "artist": "Yuka Fujiwara, Misaki Komatsu feat. Tommy Pedrini",
        "type": "Ending 1",
        "correctCount": 11,
        "startTime": 31,
        "songDuration": 61.152,
        "songNumber": 85,
        "activePlayerCount": 86,
        "LinkVideo": "https://files.catbox.moe/k7k9in.webm",
        "LinkMp3": "https://files.catbox.moe/znw10g.mp3",
        "annId": 15841,
        "songDifficulty": 16.595513956436257,
        "vintage": "Winter 2014"
    }
]