[
    {
        "animeEng": "Moriarty the Patriot",
        "animeRomaji": "Yuukoku no Moriarty",
        "songName": "OMEGA",
        "artist": "STEREO DIVE FOUNDATION",
        "type": "Ending 1",
        "correctCount": 45,
        "startTime": 7,
        "songDuration": 89.4,
        "songNumber": 1,
        "activePlayerCount": 143,
        "LinkVideo": "https://files.catbox.moe/zmh4sh.webm",
        "LinkMp3": "https://files.catbox.moe/viamwb.mp3",
        "annId": 23976,
        "songDifficulty": 32.25824607329843,
        "vintage": "Spring 2021"
    },
    {
        "animeEng": "Interspecies Reviewers",
        "animeRomaji": "Ishuzoku Reviewers",
        "songName": "Ikouze\u2606Paradise",
        "artist": "Junji Majima, Yuusuke Kobayashi, Miyu Tomita",
        "type": "Opening 1",
        "correctCount": 106,
        "startTime": 8,
        "songDuration": 89.568,
        "songNumber": 2,
        "activePlayerCount": 150,
        "LinkVideo": "https://files.catbox.moe/8d12lc.webm",
        "LinkMp3": "https://files.catbox.moe/y1www2.mp3",
        "annId": 22612,
        "songDifficulty": 44.15649219708925,
        "vintage": "Winter 2020"
    },
    {
        "animeEng": "W'z",
        "animeRomaji": "W'z",
        "songName": "Kami-sama wa Kitto",
        "artist": "Fuki",
        "type": "Ending 1",
        "correctCount": 5,
        "startTime": 25,
        "songDuration": 88.997654,
        "songNumber": 3,
        "activePlayerCount": 153,
        "LinkVideo": "https://files.catbox.moe/peqcbo.webm",
        "LinkMp3": "https://files.catbox.moe/6k2fyy.mp3",
        "annId": 20759,
        "songDifficulty": 10.333389336917563,
        "vintage": "Winter 2019",
        "correctPlayers": [
            "Chatmonchy",
            "Deafness",
            "watashiii",
            "channina",
            "kneesoxluver"
        ]
    },
    {
        "animeEng": "Violet Evergarden",
        "animeRomaji": "Violet Evergarden",
        "songName": "Michishirube",
        "artist": "Minori Chihara",
        "type": "Ending 1",
        "correctCount": 98,
        "startTime": 44,
        "songDuration": 87.768,
        "songNumber": 4,
        "activePlayerCount": 154,
        "LinkVideo": "https://files.catbox.moe/cbrrdr.webm",
        "LinkMp3": "https://files.catbox.moe/ftgqmf.mp3",
        "annId": 19665,
        "songDifficulty": 44.12065510331007,
        "vintage": "Winter 2018"
    },
    {
        "animeEng": "Yu Yu Hakusho: Ghost Files",
        "animeRomaji": "Yuu\u2606Yuu\u2606Hakusho",
        "songName": "Homework ga Owaranai",
        "artist": "Matsuko Mawatari",
        "type": "Ending 1",
        "correctCount": 91,
        "startTime": 35,
        "songDuration": 83.952,
        "songNumber": 5,
        "activePlayerCount": 157,
        "LinkVideo": "https://files.catbox.moe/8m6ik3.webm",
        "LinkMp3": "https://files.catbox.moe/eki0t3.mp3",
        "annId": 311,
        "songDifficulty": 41.40597670589506,
        "vintage": "Fall 1992"
    },
    {
        "animeEng": "Hamatora",
        "animeRomaji": "Hamatora",
        "songName": "FLAT",
        "artist": "livetune adding Yuuki Ozaki",
        "type": "Opening 1",
        "correctCount": 49,
        "startTime": 47,
        "songDuration": 88.944,
        "songNumber": 6,
        "activePlayerCount": 158,
        "LinkVideo": "https://files.catbox.moe/mmfxj1.webm",
        "LinkMp3": "https://files.catbox.moe/yfli89.mp3",
        "annId": 15752,
        "songDifficulty": 22.17968198172347,
        "vintage": "Winter 2014"
    },
    {
        "animeEng": "Happy-Go-Lucky Days",
        "animeRomaji": "Dounika Naru Hibi",
        "songName": "Monomane",
        "artist": "CreepHyp",
        "type": "Ending 1",
        "correctCount": 11,
        "startTime": 0,
        "songDuration": 218.952,
        "songNumber": 7,
        "activePlayerCount": 160,
        "LinkVideo": "https://files.catbox.moe/cyl5j3.webm",
        "LinkMp3": "https://files.catbox.moe/kiic0l.mp3",
        "annId": 23098,
        "songDifficulty": 12.169407223159844,
        "vintage": "Fall 2020"
    },
    {
        "animeEng": "The Promised Neverland",
        "animeRomaji": "Yakusoku no Neverland",
        "songName": "Zettai Zetsumei",
        "artist": "C\u00f6 shu Nie",
        "type": "Ending 1",
        "correctCount": 89,
        "startTime": 40,
        "songDuration": 89.568,
        "songNumber": 8,
        "activePlayerCount": 161,
        "LinkVideo": "https://files.catbox.moe/i85j22.webm",
        "LinkMp3": "https://files.catbox.moe/yabqli.mp3",
        "annId": 21552,
        "songDifficulty": 30.54959493567823,
        "vintage": "Winter 2019"
    },
    {
        "animeEng": "Orange: Mirai",
        "animeRomaji": "Orange: Mirai",
        "songName": "Hikari no Hahen",
        "artist": "Yuu Takahashi",
        "type": "Ending 1",
        "correctCount": 103,
        "startTime": 119,
        "songDuration": 249.36,
        "songNumber": 9,
        "activePlayerCount": 160,
        "LinkVideo": "https://files.catbox.moe/wbuail.webm",
        "LinkMp3": "https://files.catbox.moe/sbpicn.mp3",
        "annId": 18756,
        "songDifficulty": 38.81141646210494,
        "vintage": "Fall 2016"
    },
    {
        "animeEng": "CLAMP in Wonderland 2",
        "animeRomaji": "CLAMP in Wonderland 2",
        "songName": "action!",
        "artist": "Maaya Sakamoto",
        "type": "Opening 1",
        "correctCount": 23,
        "startTime": 119,
        "songDuration": 240.672,
        "songNumber": 10,
        "activePlayerCount": 161,
        "LinkVideo": "https://files.catbox.moe/dzj6i0.webm",
        "LinkMp3": "https://files.catbox.moe/2n9vs2.mp3",
        "annId": 8772,
        "songDifficulty": 20.04092145310993,
        "vintage": "Fall 2007"
    },
    {
        "animeEng": "Onegai My Melody Kuru Kuru Shuffle!",
        "animeRomaji": "Onegai My Melody Kuru Kuru Shuffle!",
        "songName": "Romii no Yume",
        "artist": "Junko Takeuchi",
        "type": "Ending 5",
        "correctCount": 3,
        "startTime": 42,
        "songDuration": 88.475214,
        "songNumber": 11,
        "activePlayerCount": 163,
        "LinkVideo": "https://files.catbox.moe/o7x4ko.webm",
        "LinkMp3": "https://files.catbox.moe/fapqau.mp3",
        "annId": 6254,
        "songDifficulty": 7.377542791616945,
        "vintage": "Spring 2006",
        "correctPlayers": [
            "Hejsan",
            "Zurex",
            "HDNC"
        ]
    },
    {
        "animeEng": "Re:Stage! Dream Days",
        "animeRomaji": "Re:Stage! Dream Days",
        "songName": "OvertuRe:",
        "artist": "KiRaRe",
        "type": "Insert Song",
        "correctCount": 10,
        "startTime": 149,
        "songDuration": 286.218754,
        "songNumber": 12,
        "activePlayerCount": 163,
        "LinkVideo": "https://files.catbox.moe/lei9qs.webm",
        "LinkMp3": "https://files.catbox.moe/s119wc.mp3",
        "annId": 21866,
        "songDifficulty": 16.422164668726534,
        "vintage": "Summer 2019"
    },
    {
        "animeEng": "Mobile Suit Gundam: Iron-Blooded Orphans",
        "animeRomaji": "G-Tekketsu",
        "songName": "Raise your flag",
        "artist": "MAN WITH A MISSION",
        "type": "Opening 1",
        "correctCount": 102,
        "startTime": 6,
        "songDuration": 88.056,
        "songNumber": 13,
        "activePlayerCount": 165,
        "LinkVideo": "https://files.catbox.moe/0v5iae.webm",
        "LinkMp3": "https://files.catbox.moe/lkbe1x.mp3",
        "annId": 17329,
        "songDifficulty": 42.67678983964486,
        "vintage": "Fall 2015"
    },
    {
        "animeEng": "Student Council's Discretion",
        "animeRomaji": "Seitokai no Ichizon",
        "songName": "Mousou Fetish!",
        "artist": "Hekiyou Gakuen Seitokai",
        "type": "Ending 1",
        "correctCount": 34,
        "startTime": 12,
        "songDuration": 89.88,
        "songNumber": 14,
        "activePlayerCount": 165,
        "LinkVideo": "https://files.catbox.moe/fgc5op.webm",
        "LinkMp3": "https://files.catbox.moe/y85q55.mp3",
        "annId": 10587,
        "songDifficulty": 28.42758431497599,
        "vintage": "Fall 2009"
    },
    {
        "animeEng": "Kurokan",
        "animeRomaji": "Kurokan",
        "songName": "OAOA",
        "artist": "Mayday",
        "type": "Opening 1",
        "correctCount": 23,
        "startTime": 0,
        "songDuration": 23.808,
        "songNumber": 15,
        "activePlayerCount": 165,
        "LinkVideo": "https://files.catbox.moe/0ku0b4.webm",
        "LinkMp3": "https://files.catbox.moe/ro0om3.mp3",
        "annId": 22989,
        "songDifficulty": 10.558671156227884,
        "vintage": "Winter 2013"
    },
    {
        "animeEng": "Sword Art Online: Alicization",
        "animeRomaji": "Sword Art Online: Alicization",
        "songName": "Niji no Kanata ni",
        "artist": "ReoNa",
        "type": "Insert Song",
        "correctCount": 74,
        "startTime": 40,
        "songDuration": 108.048,
        "songNumber": 16,
        "activePlayerCount": 164,
        "LinkVideo": "https://files.catbox.moe/d39udt.webm",
        "LinkMp3": "https://files.catbox.moe/761kqv.mp3",
        "annId": 20665,
        "songDifficulty": 31.64141191665526,
        "vintage": "Fall 2018"
    },
    {
        "animeEng": "Astro Boy",
        "animeRomaji": "Tetsuwan Atom",
        "songName": "Tetsuwan Atom",
        "artist": "Atoms",
        "type": "Opening 1",
        "correctCount": 110,
        "startTime": 29,
        "songDuration": 72.864,
        "songNumber": 17,
        "activePlayerCount": 162,
        "LinkVideo": "https://files.catbox.moe/b4koyr.webm",
        "LinkMp3": "https://files.catbox.moe/pl1tjm.mp3",
        "annId": 388,
        "songDifficulty": 39.21409845711297,
        "vintage": "Fall 1980"
    },
    {
        "animeEng": "Brynhildr in the Darkness",
        "animeRomaji": "Gokukoku no Brynhildr",
        "songName": "Virtue and Vice",
        "artist": "Fear, and Loathing in Las Vegas",
        "type": "Opening 2",
        "correctCount": 76,
        "startTime": 35,
        "songDuration": 91.056,
        "songNumber": 18,
        "activePlayerCount": 163,
        "LinkVideo": "https://files.catbox.moe/oofz6h.webm",
        "LinkMp3": "https://files.catbox.moe/2w277f.mp3",
        "annId": 15757,
        "songDifficulty": 24.382726459251103,
        "vintage": "Spring 2014"
    },
    {
        "animeEng": "Dororo",
        "animeRomaji": "Dororo",
        "songName": "Yamiyo",
        "artist": "Eve",
        "type": "Ending 2",
        "correctCount": 51,
        "startTime": 23,
        "songDuration": 89.568,
        "songNumber": 19,
        "activePlayerCount": 163,
        "LinkVideo": "https://files.catbox.moe/12t1uz.webm",
        "LinkMp3": "https://files.catbox.moe/ck16s6.mp3",
        "annId": 20779,
        "songDifficulty": 27.813850965117517,
        "vintage": "Winter 2019"
    },
    {
        "animeEng": "Clannad: The Motion Picture",
        "animeRomaji": "Clannad Film",
        "songName": "Dango Dango Dango",
        "artist": "Fukuchi Kousaka Koutou Gakkou Zaikousei",
        "type": "Ending 3",
        "correctCount": 121,
        "startTime": 1,
        "songDuration": 31.464,
        "songNumber": 20,
        "activePlayerCount": 166,
        "LinkVideo": "https://files.catbox.moe/4h91d8.webm",
        "LinkMp3": "https://files.catbox.moe/geafjg.mp3",
        "annId": 6436,
        "songDifficulty": 40.77554288321168,
        "vintage": "Summer 2007"
    },
    {
        "animeEng": "Argonavis from BanG Dream!",
        "animeRomaji": "Argonavis from BanG Dream!",
        "songName": "Pray",
        "artist": "Argonavis",
        "type": "Insert Song",
        "correctCount": 18,
        "startTime": 40,
        "songDuration": 94.872,
        "songNumber": 21,
        "activePlayerCount": 169,
        "LinkVideo": "https://files.catbox.moe/mzeag0.webm",
        "LinkMp3": "https://files.catbox.moe/pypzlo.mp3",
        "annId": 23027,
        "songDifficulty": 16.65208127470356,
        "vintage": "Spring 2020"
    },
    {
        "animeEng": "Mobile Suit SD Gundam's Counterattack",
        "animeRomaji": "Kidou Senshi SD Gundam no Gyakushuu",
        "songName": "Namida no Single Rain",
        "artist": "Chieko Honda & Maria Kawamura",
        "type": "Insert Song",
        "correctCount": 2,
        "startTime": 21,
        "songDuration": 67.824,
        "songNumber": 22,
        "activePlayerCount": 169,
        "LinkVideo": "https://files.catbox.moe/xahnyd.webm",
        "LinkMp3": "https://files.catbox.moe/bg6omw.mp3",
        "annId": 2929,
        "songDifficulty": 4.5935259893631075,
        "vintage": "Summer 1989",
        "correctPlayers": [
            "EruisKawaii",
            "asleep"
        ]
    },
    {
        "animeEng": "Saint Seiya: The Hades Chapter - Sanctuary",
        "animeRomaji": "Saint Seiya: Meiou Hades Juuni Kyuu-hen",
        "songName": "Eien Blue",
        "artist": "MAKE-UP",
        "type": "Insert Song",
        "correctCount": 74,
        "startTime": 34,
        "songDuration": 68.592,
        "songNumber": 23,
        "activePlayerCount": 170,
        "LinkVideo": "https://files.catbox.moe/pdf0tp.webm",
        "LinkMp3": "https://files.catbox.moe/vgahnc.mp3",
        "annId": 1797,
        "songDifficulty": 35.67449681007227,
        "vintage": "Fall 2002"
    },
    {
        "animeEng": "Chaika: The Coffin Princess - Avenging Battle",
        "animeRomaji": "Hitsugi no Chaika: Avenging Battle",
        "songName": "Watashi wa Omae no Naka ni Iru",
        "artist": "coffin princess",
        "type": "Ending 1",
        "correctCount": 16,
        "startTime": 22,
        "songDuration": 90.096,
        "songNumber": 24,
        "activePlayerCount": 171,
        "LinkVideo": "https://files.catbox.moe/ych9ba.webm",
        "LinkMp3": "https://files.catbox.moe/21hiya.mp3",
        "annId": 16117,
        "songDifficulty": 13.366169949200533,
        "vintage": "Fall 2014"
    },
    {
        "animeEng": "Fullmetal Alchemist",
        "animeRomaji": "Hagane no Renkinjutsushi",
        "songName": "Melissa",
        "artist": "Porno Graffitti",
        "type": "Opening 1",
        "correctCount": 107,
        "startTime": 58,
        "songDuration": 100.992,
        "songNumber": 25,
        "activePlayerCount": 171,
        "LinkVideo": "https://files.catbox.moe/x4cvb9.webm",
        "LinkMp3": "https://files.catbox.moe/glyfko.mp3",
        "annId": 2960,
        "songDifficulty": 41.455866523143165,
        "vintage": "Fall 2003"
    },
    {
        "animeEng": "Sankarea",
        "animeRomaji": "Sankarea",
        "songName": "Esoragoto",
        "artist": "nano.RIPE",
        "type": "Opening 1",
        "correctCount": 78,
        "startTime": 50,
        "songDuration": 88.752,
        "songNumber": 26,
        "activePlayerCount": 170,
        "LinkVideo": "https://files.catbox.moe/ag7r05.webm",
        "LinkMp3": "https://files.catbox.moe/15yh2t.mp3",
        "annId": 13507,
        "songDifficulty": 25.931220685809073,
        "vintage": "Spring 2012"
    },
    {
        "animeEng": "Uta no\u2606Prince-sama\u266aMaji LOVE 2000%",
        "animeRomaji": "Uta no\u2606Prince-sama\u266aMaji LOVE 2000%",
        "songName": "Sirius e no Chikai",
        "artist": "Kishou Taniyama",
        "type": "Insert Song",
        "correctCount": 7,
        "startTime": 43,
        "songDuration": 122.28,
        "songNumber": 27,
        "activePlayerCount": 173,
        "LinkVideo": "https://files.catbox.moe/p4oqfo.webm",
        "LinkMp3": "https://files.catbox.moe/6kkjm5.mp3",
        "annId": 14884,
        "songDifficulty": 14.89735273881392,
        "vintage": "Spring 2013"
    },
    {
        "animeEng": "A Certain Scientific Railgun T",
        "animeRomaji": "Toaru Kagaku no Railgun T",
        "songName": "final phase",
        "artist": "fripSide",
        "type": "Opening 1",
        "correctCount": 69,
        "startTime": 16,
        "songDuration": 89.64,
        "songNumber": 28,
        "activePlayerCount": 173,
        "LinkVideo": "https://files.catbox.moe/lkdytn.webm",
        "LinkMp3": "https://files.catbox.moe/sjv4ux.mp3",
        "annId": 21484,
        "songDifficulty": 33.28260950695215,
        "vintage": "Winter 2020"
    },
    {
        "animeEng": "Saru Getchu: On Air 2nd",
        "animeRomaji": "Saru Getchu: On Air 2nd",
        "songName": "Onajimi Saru Getchu!",
        "artist": "Oha Girl Candy Mint",
        "type": "Opening 1",
        "correctCount": 43,
        "startTime": 0,
        "songDuration": 19.944,
        "songNumber": 29,
        "activePlayerCount": 176,
        "LinkVideo": "https://files.catbox.moe/92lm3e.webm",
        "LinkMp3": "https://files.catbox.moe/vyv3oc.mp3",
        "annId": 7961,
        "songDifficulty": 15.755227945903748,
        "vintage": "Fall 2006"
    },
    {
        "animeEng": "Tari Tari",
        "animeRomaji": "Tari Tari",
        "songName": "Dreamer",
        "artist": "AiRI",
        "type": "Opening 1",
        "correctCount": 30,
        "startTime": 29,
        "songDuration": 89.064,
        "songNumber": 30,
        "activePlayerCount": 174,
        "LinkVideo": "https://files.catbox.moe/58jwca.webm",
        "LinkMp3": "https://files.catbox.moe/h0smn8.mp3",
        "annId": 14167,
        "songDifficulty": 19.814948743386243,
        "vintage": "Summer 2012"
    },
    {
        "animeEng": "My Little Monster",
        "animeRomaji": "Tonari no Kaibutsu-kun",
        "songName": "Q&A Recital!",
        "artist": "Haruka Tomatsu",
        "type": "Opening 1",
        "correctCount": 122,
        "startTime": 19,
        "songDuration": 90.072,
        "songNumber": 31,
        "activePlayerCount": 174,
        "LinkVideo": "https://files.catbox.moe/wu4hgp.webm",
        "LinkMp3": "https://files.catbox.moe/qahkeq.mp3",
        "annId": 14419,
        "songDifficulty": 27.48140498031331,
        "vintage": "Fall 2012"
    },
    {
        "animeEng": "Broken Blade",
        "animeRomaji": "Broken Blade",
        "songName": "Omoi",
        "artist": "KOKIA",
        "type": "Insert Song",
        "correctCount": 14,
        "startTime": 42,
        "songDuration": 213.96,
        "songNumber": 32,
        "activePlayerCount": 175,
        "LinkVideo": "https://files.catbox.moe/rsnh3f.webm",
        "LinkMp3": "https://files.catbox.moe/zeuz9j.mp3",
        "annId": 10952,
        "songDifficulty": 19.3585734817217,
        "vintage": "Spring 2010"
    },
    {
        "animeEng": "Macross Delta Movie: Gekijou no Walk\u00fcre",
        "animeRomaji": "Macross Delta Movie: Gekijou no Walk\u00fcre",
        "songName": "Koi! Halation THE WAR",
        "artist": "Walk\u00fcre",
        "type": "Insert Song",
        "correctCount": 43,
        "startTime": 79,
        "songDuration": 146.064,
        "songNumber": 33,
        "activePlayerCount": 175,
        "LinkVideo": "https://files.catbox.moe/wvsjb9.webm",
        "LinkMp3": "https://files.catbox.moe/8i7amm.mp3",
        "annId": 20180,
        "songDifficulty": 33.90749601275917,
        "vintage": "Winter 2018"
    },
    {
        "animeEng": "The World of GOLDEN EGGS",
        "animeRomaji": "The World of GOLDEN EGGS",
        "songName": "I don't care",
        "artist": "Brenda",
        "type": "Insert Song",
        "correctCount": 1,
        "startTime": 57,
        "songDuration": 129.528,
        "songNumber": 34,
        "activePlayerCount": 174,
        "LinkVideo": "https://files.catbox.moe/34z8ax.webm",
        "LinkMp3": "https://files.catbox.moe/o6a1qq.mp3",
        "annId": 8035,
        "songDifficulty": 14.516129032258064,
        "vintage": "Winter 2005",
        "correctPlayers": [
            "PoolNoodle"
        ]
    },
    {
        "animeEng": "Magical Girl Lyrical Nanoha Detonation",
        "animeRomaji": "Mahou Shoujo Lyrical Nanoha Detonation",
        "songName": "Daylight on Brave",
        "artist": "Satomi Sato",
        "type": "Insert Song",
        "correctCount": 5,
        "startTime": 8,
        "songDuration": 86.568,
        "songNumber": 35,
        "activePlayerCount": 172,
        "LinkVideo": "https://files.catbox.moe/gwnt7o.webm",
        "LinkMp3": "https://files.catbox.moe/p965qn.mp3",
        "annId": 20480,
        "songDifficulty": 14.775094615670788,
        "vintage": "Fall 2018",
        "correctPlayers": [
            "Lailaps",
            "KaedeTakagaki",
            "kaghey",
            "kneesoxluver",
            "doomchicken"
        ]
    },
    {
        "animeEng": "Real Girl",
        "animeRomaji": "3D Kanojo Real Girl",
        "songName": "Daiji na Koto",
        "artist": "Quruli",
        "type": "Ending 2",
        "correctCount": 67,
        "startTime": 12,
        "songDuration": 88.968,
        "songNumber": 36,
        "activePlayerCount": 174,
        "LinkVideo": "https://files.catbox.moe/zu3yc9.webm",
        "LinkMp3": "https://files.catbox.moe/g8p7gk.mp3",
        "annId": 21480,
        "songDifficulty": 26.37079401001541,
        "vintage": "Winter 2019"
    },
    {
        "animeEng": "Shugo Chara! Party!",
        "animeRomaji": "Shugo Chara! Party!",
        "songName": "Kokoro no Tamago",
        "artist": "Buono!",
        "type": "Insert Song",
        "correctCount": 63,
        "startTime": 15,
        "songDuration": 58.944,
        "songNumber": 37,
        "activePlayerCount": 174,
        "LinkVideo": "https://files.catbox.moe/rm4m3t.webm",
        "LinkMp3": "https://files.catbox.moe/pq9b0x.mp3",
        "annId": 11104,
        "songDifficulty": 30.107862571334504,
        "vintage": "Fall 2009"
    },
    {
        "animeEng": "Backwasher!: Her and I, in the Women's Bath!?",
        "animeRomaji": "Araiya-san! Ore to Aitsu ga Onnayu de!?",
        "songName": "Renai\u2606Sensation",
        "artist": "Ringo Aoba & Ayaka Igasaki",
        "type": "Ending 1",
        "correctCount": 58,
        "startTime": 55,
        "songDuration": 90.048,
        "songNumber": 38,
        "activePlayerCount": 175,
        "LinkVideo": "https://files.catbox.moe/1bsern.webm",
        "LinkMp3": "https://files.catbox.moe/5bvmv7.mp3",
        "annId": 21829,
        "songDifficulty": 17.596813490541923,
        "vintage": "Spring 2019"
    },
    {
        "animeEng": "Hidamari Sketch \u00d7 Hoshimittsu",
        "animeRomaji": "Hidamari Sketch \u00d7 Hoshimittsu",
        "songName": "Sakura Sakura Saku ~Ano Hi Kimi o Matsu Sora to Onaji de~",
        "artist": "marble",
        "type": "Ending 1",
        "correctCount": 28,
        "startTime": 40,
        "songDuration": 89.448,
        "songNumber": 39,
        "activePlayerCount": 176,
        "LinkVideo": "https://files.catbox.moe/zjvpa6.webm",
        "LinkMp3": "https://files.catbox.moe/n6epx4.mp3",
        "annId": 13330,
        "songDifficulty": 15.067942559280457,
        "vintage": "Fall 2010"
    },
    {
        "animeEng": "Macross 7",
        "animeRomaji": "Macross 7",
        "songName": "SEVENTH MOON",
        "artist": "Fire Bomber",
        "type": "Opening 1",
        "correctCount": 86,
        "startTime": 49,
        "songDuration": 87.816,
        "songNumber": 40,
        "activePlayerCount": 176,
        "LinkVideo": "https://files.catbox.moe/gnaty4.webm",
        "LinkMp3": "https://files.catbox.moe/f45721.mp3",
        "annId": 940,
        "songDifficulty": 34.73413021423178,
        "vintage": "Fall 1994"
    },
    {
        "animeEng": "Sakura Taisen: New York NY.",
        "animeRomaji": "Sakura Taisen: New York NY.",
        "songName": "Poisson ~Cleopatra yori~",
        "artist": "Junko Minagawa & Mie Sonozaki",
        "type": "Ending 3",
        "correctCount": 4,
        "startTime": 20,
        "songDuration": 111.528,
        "songNumber": 41,
        "activePlayerCount": 177,
        "LinkVideo": "https://files.catbox.moe/t8st7v.webm",
        "LinkMp3": "https://files.catbox.moe/mhsqb3.mp3",
        "annId": 7539,
        "songDifficulty": 4.8205697285760305,
        "vintage": "Spring 2007",
        "correctPlayers": [
            "ROBK34c",
            "Zurex",
            "watashiii",
            "PearI"
        ]
    },
    {
        "animeEng": "One Piece Episode of Sorajima",
        "animeRomaji": "One Piece Episode of Sorajima",
        "songName": "Hope",
        "artist": "Namie Amuro",
        "type": "Ending 1",
        "correctCount": 115,
        "startTime": 55,
        "songDuration": 117.731854,
        "songNumber": 42,
        "activePlayerCount": 177,
        "LinkVideo": "https://files.catbox.moe/7n5a0z.webm",
        "LinkMp3": "https://files.catbox.moe/iwgcm7.mp3",
        "annId": 20960,
        "songDifficulty": 40.40041217672414,
        "vintage": "Summer 2018"
    },
    {
        "animeEng": "Star\u2606Twinkle Precure",
        "animeRomaji": "Star\u2606Twinkle Precure",
        "songName": "Star Color Pendant! Color Charge! (Cure Milky Version)",
        "artist": "Konomi Kohara",
        "type": "Insert Song",
        "correctCount": 85,
        "startTime": 20,
        "songDuration": 78.984,
        "songNumber": 43,
        "activePlayerCount": 176,
        "LinkVideo": "https://files.catbox.moe/6aa6p4.webm",
        "LinkMp3": "https://files.catbox.moe/t0uw95.mp3",
        "annId": 21719,
        "songDifficulty": 45.62833370938628,
        "vintage": "Winter 2019"
    },
    {
        "animeEng": "BanG Dream! Girls Band Party! Pico",
        "animeRomaji": "BanG Dream! Garupa\u2606Pico",
        "songName": "Picotto! Papitto!! Garupa\u2606Pico!!!",
        "artist": "Aimi\u00d7Ayane Sakura\u00d7Ami Maeshima\u00d7Aina Aiba\u00d7Miku Itou",
        "type": "Ending 1",
        "correctCount": 112,
        "startTime": 0,
        "songDuration": 29.256,
        "songNumber": 44,
        "activePlayerCount": 175,
        "LinkVideo": "https://files.catbox.moe/bjqzq5.webm",
        "LinkMp3": "https://files.catbox.moe/g8obqg.mp3",
        "annId": 21290,
        "songDifficulty": 43.429351806640625,
        "vintage": "Summer 2018"
    },
    {
        "animeEng": "BanG Dream! 3rd Season",
        "animeRomaji": "BanG Dream! 3rd Season",
        "songName": "Step\u00d7Step",
        "artist": "Poppin'Party",
        "type": "Insert Song",
        "correctCount": 20,
        "startTime": 20,
        "songDuration": 184.824,
        "songNumber": 45,
        "activePlayerCount": 174,
        "LinkVideo": "https://files.catbox.moe/m6gvc5.webm",
        "LinkMp3": "https://files.catbox.moe/8tlcp5.mp3",
        "annId": 22909,
        "songDifficulty": 24.965391387533273,
        "vintage": "Winter 2020"
    },
    {
        "animeEng": "One Stormy Night: Secret Friends",
        "animeRomaji": "Arashi no Yoru ni: Himitsu no Tomodachi",
        "songName": "Dear My Friend",
        "artist": "U-KISS",
        "type": "Ending 1",
        "correctCount": 9,
        "startTime": 31,
        "songDuration": 81.216,
        "songNumber": 46,
        "activePlayerCount": 174,
        "LinkVideo": "https://files.catbox.moe/d3qjte.webm",
        "LinkMp3": "https://files.catbox.moe/lfqghl.mp3",
        "annId": 14045,
        "songDifficulty": 5.0610322112484925,
        "vintage": "Spring 2012"
    },
    {
        "animeEng": "Sakura Wars the Animation",
        "animeRomaji": "Shin Sakura Taisen the Animation",
        "songName": "Star Tanjou Hana-gumi ver.",
        "artist": "Teikoku Kageki-dan\u30fbHana-gumi & Misaki Watada",
        "type": "Ending 2",
        "correctCount": 31,
        "startTime": 16,
        "songDuration": 137.976,
        "songNumber": 47,
        "activePlayerCount": 174,
        "LinkVideo": "https://files.catbox.moe/xfrcrq.webm",
        "LinkMp3": "https://files.catbox.moe/jxzuk7.mp3",
        "annId": 22510,
        "songDifficulty": 17.885682508680556,
        "vintage": "Spring 2020"
    },
    {
        "animeEng": "Persona 4 The Animation",
        "animeRomaji": "Persona 4 The Animation",
        "songName": "Never More",
        "artist": "Shihoko Hirata",
        "type": "Ending 5",
        "correctCount": 89,
        "startTime": 0,
        "songDuration": 82.056,
        "songNumber": 48,
        "activePlayerCount": 174,
        "LinkVideo": "https://files.catbox.moe/4qvxzn.webm",
        "LinkMp3": "https://files.catbox.moe/q1nxf3.mp3",
        "annId": 12870,
        "songDifficulty": 44.89847022479754,
        "vintage": "Fall 2011"
    },
    {
        "animeEng": "Nurse Witch Komugi Z",
        "animeRomaji": "Nurse Witch Komugi-chan Magikarte Z",
        "songName": "Oyasumi",
        "artist": "Haruko Momoi",
        "type": "Ending 1",
        "correctCount": 13,
        "startTime": 63,
        "songDuration": 95.064,
        "songNumber": 49,
        "activePlayerCount": 172,
        "LinkVideo": "https://files.catbox.moe/pdy6w4.webm",
        "LinkMp3": "https://files.catbox.moe/ixf7nd.mp3",
        "annId": 5824,
        "songDifficulty": 13.257230213200934,
        "vintage": "Summer 2004"
    },
    {
        "animeEng": "Ouran High School Host Club",
        "animeRomaji": "Ouran Koukou Host Club",
        "songName": "little wing",
        "artist": "Chieko Kawabe",
        "type": "Insert Song",
        "correctCount": 31,
        "startTime": 0,
        "songDuration": 40.224,
        "songNumber": 50,
        "activePlayerCount": 173,
        "LinkVideo": "https://files.catbox.moe/zui58c.webm",
        "LinkMp3": "https://files.catbox.moe/gqh896.mp3",
        "annId": 6122,
        "songDifficulty": 10.695089204269035,
        "vintage": "Spring 2006"
    },
    {
        "animeEng": "Comic Party Revolution",
        "animeRomaji": "Comic Party Revolution",
        "songName": "Heart to Heart",
        "artist": "Arisa Nakayama",
        "type": "Insert Song",
        "correctCount": 14,
        "startTime": 9,
        "songDuration": 46.08,
        "songNumber": 51,
        "activePlayerCount": 173,
        "LinkVideo": "https://files.catbox.moe/6jw653.webm",
        "LinkMp3": "https://files.catbox.moe/og5aeh.mp3",
        "annId": 5043,
        "songDifficulty": 9.229483876329788,
        "vintage": "Spring 2005"
    },
    {
        "animeEng": "Ace of the Diamond Act II",
        "animeRomaji": "Diamond no Ace Act II",
        "songName": "Ryuusei no Howl",
        "artist": "GLAY",
        "type": "Opening 2",
        "correctCount": 10,
        "startTime": 4,
        "songDuration": 88.464,
        "songNumber": 52,
        "activePlayerCount": 172,
        "LinkVideo": "https://files.catbox.moe/ni9cve.webm",
        "LinkMp3": "https://files.catbox.moe/3ky5pu.mp3",
        "annId": 21598,
        "songDifficulty": 17.835585241174414,
        "vintage": "Spring 2019"
    },
    {
        "animeEng": "King of Thorn",
        "animeRomaji": "Ibara no Ou",
        "songName": "EDGE OF THIS WORLD",
        "artist": "MISIA",
        "type": "Ending 1",
        "correctCount": 13,
        "startTime": 42,
        "songDuration": 263.064,
        "songNumber": 53,
        "activePlayerCount": 170,
        "LinkVideo": "https://files.catbox.moe/0l8a64.webm",
        "LinkMp3": "https://files.catbox.moe/r7vajs.mp3",
        "annId": 10915,
        "songDifficulty": 10.974898196187258,
        "vintage": "Fall 2009"
    },
    {
        "animeEng": "Cautious Hero: The Hero Is Overpowered But Overly Cautious",
        "animeRomaji": "Shinchou Yuusha: Kono Yuusha ga Ore TUEEE Kuse ni Shinchou Sugiru",
        "songName": "TIT FOR TAT",
        "artist": "MYTH & ROID",
        "type": "Opening 1",
        "correctCount": 123,
        "startTime": 46,
        "songDuration": 89.572338,
        "songNumber": 54,
        "activePlayerCount": 171,
        "LinkVideo": "https://files.catbox.moe/4hdh5n.webm",
        "LinkMp3": "https://files.catbox.moe/bopkad.mp3",
        "annId": 22213,
        "songDifficulty": 34.900106099987816,
        "vintage": "Fall 2019"
    },
    {
        "animeEng": "Pandalian",
        "animeRomaji": "Madou Kiden Pandalian",
        "songName": "Friends",
        "artist": "EPO",
        "type": "Ending 1",
        "correctCount": 3,
        "startTime": 11,
        "songDuration": 86.064,
        "songNumber": 55,
        "activePlayerCount": 170,
        "LinkVideo": "https://files.catbox.moe/59l2wq.webm",
        "LinkMp3": "https://files.catbox.moe/rgt5eb.mp3",
        "annId": 6948,
        "songDifficulty": 5.426874173510579,
        "vintage": "Winter 2005",
        "correctPlayers": [
            "Rajado",
            "AyameNakiriFan",
            "Stunar"
        ]
    },
    {
        "animeEng": "Ladies versus Butlers!",
        "animeRomaji": "Ladies versus Butlers!",
        "songName": "LOVE x HEAVEN",
        "artist": "Ayako Kawasumi, Mai Nakahara, Rie Kugimiya, Ami Koshimizu",
        "type": "Opening 1",
        "correctCount": 35,
        "startTime": 51,
        "songDuration": 88.896,
        "songNumber": 56,
        "activePlayerCount": 171,
        "LinkVideo": "https://files.catbox.moe/ara9a6.webm",
        "LinkMp3": "https://files.catbox.moe/f9t6wg.mp3",
        "annId": 11059,
        "songDifficulty": 16.401922306979095,
        "vintage": "Fall 2009"
    },
    {
        "animeEng": "Kimba the White Lion",
        "animeRomaji": "Jungle Emperor Leo",
        "songName": "Jungle Taitei no Theme",
        "artist": "Tadahiko Hirano",
        "type": "Opening 1",
        "correctCount": 11,
        "startTime": 9,
        "songDuration": 109.056,
        "songNumber": 57,
        "activePlayerCount": 171,
        "LinkVideo": "https://files.catbox.moe/n408a6.webm",
        "LinkMp3": "https://files.catbox.moe/i9lc15.mp3",
        "annId": 627,
        "songDifficulty": 15.177198938862928,
        "vintage": "Fall 1965"
    },
    {
        "animeEng": "Yu-Gi-Oh! 5D's",
        "animeRomaji": "Yu-Gi-Oh! 5D's",
        "songName": "Clear Mind",
        "artist": "Masaaki Endoh",
        "type": "Insert Song",
        "correctCount": 25,
        "startTime": 19,
        "songDuration": 223.296,
        "songNumber": 58,
        "activePlayerCount": 171,
        "LinkVideo": "https://files.catbox.moe/qric21.webm",
        "LinkMp3": "https://files.catbox.moe/huhyoq.mp3",
        "annId": 9404,
        "songDifficulty": 25.860372686148086,
        "vintage": "Spring 2008"
    },
    {
        "animeEng": "Fullmetal Alchemist: Brotherhood",
        "animeRomaji": "Hagane no Renkinjutsushi: Brotherhood",
        "songName": "Rain",
        "artist": "SID",
        "type": "Opening 5",
        "correctCount": 127,
        "startTime": 34,
        "songDuration": 89.16,
        "songNumber": 59,
        "activePlayerCount": 172,
        "LinkVideo": "https://files.catbox.moe/lasmre.webm",
        "LinkMp3": "https://files.catbox.moe/0ch17i.mp3",
        "annId": 10216,
        "songDifficulty": 41.5617077790754,
        "vintage": "Spring 2009"
    },
    {
        "animeEng": "Eiga Precure All Stars New Stage 3: Eien no Tomodachi",
        "animeRomaji": "Eiga Precure All Stars New Stage 3: Eien no Tomodachi",
        "songName": "Precure ~Eien no Tomodachi~ (2014Version)",
        "artist": "Mayu Kudou, Hitomi Nabatame, Megumi Nakajima",
        "type": "Opening 1",
        "correctCount": 27,
        "startTime": 34,
        "songDuration": 123.624,
        "songNumber": 60,
        "activePlayerCount": 172,
        "LinkVideo": "https://files.catbox.moe/rn4k02.webm",
        "LinkMp3": "https://files.catbox.moe/6nsh9u.mp3",
        "annId": 15706,
        "songDifficulty": 16.15977929586979,
        "vintage": "Winter 2014"
    },
    {
        "animeEng": "PriPara",
        "animeRomaji": "PriPara",
        "songName": "Realize!",
        "artist": "SoLaMiDressing",
        "type": "Insert Song",
        "correctCount": 59,
        "startTime": 59,
        "songDuration": 160.8,
        "songNumber": 61,
        "activePlayerCount": 172,
        "LinkVideo": "https://files.catbox.moe/66cz0y.webm",
        "LinkMp3": "https://files.catbox.moe/kkthc4.mp3",
        "annId": 15916,
        "songDifficulty": 34.99547012992527,
        "vintage": "Summer 2014"
    },
    {
        "animeEng": "The Case Study of Vanitas",
        "animeRomaji": "Vanitas no Karte",
        "songName": "Your Name",
        "artist": "Little Glee Monster",
        "type": "Opening 1",
        "correctCount": 51,
        "startTime": 50,
        "songDuration": 89.184,
        "songNumber": 62,
        "activePlayerCount": 172,
        "LinkVideo": "https://files.catbox.moe/nyej0e.webm",
        "LinkMp3": "https://files.catbox.moe/y6jw2h.mp3",
        "annId": 24741,
        "songDifficulty": 32.16267654560682,
        "vintage": "Winter 2022"
    },
    {
        "animeEng": "Kyousougiga",
        "animeRomaji": "Kyousougiga",
        "songName": "Shissou Ginga",
        "artist": "TEPPAN",
        "type": "Ending 1",
        "correctCount": 22,
        "startTime": 1,
        "songDuration": 162.528,
        "songNumber": 63,
        "activePlayerCount": 171,
        "LinkVideo": "https://files.catbox.moe/6lzk8r.webm",
        "LinkMp3": "https://files.catbox.moe/3g3sc3.mp3",
        "annId": 13434,
        "songDifficulty": 18.039653260030864,
        "vintage": "Fall 2011"
    },
    {
        "animeEng": "Mobile Suit Gundam Thunderbolt",
        "animeRomaji": "Kidou Senshi Gundam Thunderbolt",
        "songName": "Tada Futari dake ~We're the only ones here in this world~",
        "artist": "Nobuyoshi Nakazawa",
        "type": "Insert Song",
        "correctCount": 34,
        "startTime": 88,
        "songDuration": 121.56,
        "songNumber": 64,
        "activePlayerCount": 171,
        "LinkVideo": "https://files.catbox.moe/dpdqrd.webm",
        "LinkMp3": "https://files.catbox.moe/xbg72q.mp3",
        "annId": 17825,
        "songDifficulty": 25.026009627214567,
        "vintage": "Fall 2015"
    },
    {
        "animeEng": "Given",
        "animeRomaji": "Given",
        "songName": "Fuyu no Hanashi",
        "artist": "Given",
        "type": "Insert Song",
        "correctCount": 56,
        "startTime": 125,
        "songDuration": 200.376,
        "songNumber": 65,
        "activePlayerCount": 171,
        "LinkVideo": "https://files.catbox.moe/98lvzn.webm",
        "LinkMp3": "https://files.catbox.moe/y9ug82.mp3",
        "annId": 21958,
        "songDifficulty": 39.621430736345076,
        "vintage": "Summer 2019"
    },
    {
        "animeEng": "Darker than Black: Gemini of the Meteor",
        "animeRomaji": "Darker than Black: Gemini of the Meteor",
        "songName": "Tsukiakari no Michishirube",
        "artist": "Stereopony",
        "type": "Opening 1",
        "correctCount": 80,
        "startTime": 12,
        "songDuration": 89.448,
        "songNumber": 66,
        "activePlayerCount": 171,
        "LinkVideo": "https://files.catbox.moe/mn3gm7.webm",
        "LinkMp3": "https://files.catbox.moe/sb4ie5.mp3",
        "annId": 10984,
        "songDifficulty": 29.50622504672103,
        "vintage": "Fall 2009"
    },
    {
        "animeEng": "Singles",
        "animeRomaji": "Singles",
        "songName": "Kokuhaku Motion",
        "artist": "Romi Narita",
        "type": "Insert Song",
        "correctCount": 7,
        "startTime": 43,
        "songDuration": 82.056,
        "songNumber": 67,
        "activePlayerCount": 171,
        "LinkVideo": "https://files.catbox.moe/q78st3.webm",
        "LinkMp3": "https://files.catbox.moe/872y06.mp3",
        "annId": 7171,
        "songDifficulty": 7.0813526087064185,
        "vintage": "Spring 1993"
    },
    {
        "animeEng": "Burning-Eyed Shana",
        "animeRomaji": "Shakugan no Shana",
        "songName": "Hishoku no Sora",
        "artist": "Mami Kawada",
        "type": "Opening 1",
        "correctCount": 112,
        "startTime": 32,
        "songDuration": 90.072,
        "songNumber": 68,
        "activePlayerCount": 171,
        "LinkVideo": "https://files.catbox.moe/s6zs5u.webm",
        "LinkMp3": "https://files.catbox.moe/ghttaz.mp3",
        "annId": 5943,
        "songDifficulty": 37.30015336366143,
        "vintage": "Summer 2005"
    },
    {
        "animeEng": "Pok\u00e9mon: Advanced",
        "animeRomaji": "Pocket Monsters: Advanced Generation",
        "songName": "Nyarth no Uta",
        "artist": "Inuko Inuyama",
        "type": "Insert Song",
        "correctCount": 145,
        "startTime": 15,
        "songDuration": 43.248,
        "songNumber": 69,
        "activePlayerCount": 170,
        "LinkVideo": "https://files.catbox.moe/e6vwu2.webm",
        "LinkMp3": "https://files.catbox.moe/rv16jb.mp3",
        "annId": 1873,
        "songDifficulty": 39.42449111238532,
        "vintage": "Fall 2002"
    },
    {
        "animeEng": "Teasing Master Takagi-san",
        "animeRomaji": "Karakai Jouzu no Takagi-san",
        "songName": "Iwanai kedo ne.",
        "artist": "Yuiko Ohara",
        "type": "Opening 1",
        "correctCount": 103,
        "startTime": 50,
        "songDuration": 88.8,
        "songNumber": 70,
        "activePlayerCount": 171,
        "LinkVideo": "https://files.catbox.moe/zbl4xb.webm",
        "LinkMp3": "https://files.catbox.moe/i7pfq9.mp3",
        "annId": 21134,
        "songDifficulty": 40.71340276364006,
        "vintage": "Summer 2018"
    },
    {
        "animeEng": "Shin Koihime\u2020Musou: Otome Tairan",
        "animeRomaji": "Shin Koihime\u2020Musou: Otome Tairan",
        "songName": "Yuuki Rinrin",
        "artist": "Touen no San Shimai",
        "type": "Ending 1",
        "correctCount": 16,
        "startTime": 12,
        "songDuration": 89.07602,
        "songNumber": 71,
        "activePlayerCount": 170,
        "LinkVideo": "https://files.catbox.moe/6w89f7.webm",
        "LinkMp3": "https://files.catbox.moe/7stzle.mp3",
        "annId": 11215,
        "songDifficulty": 13.143989722302784,
        "vintage": "Winter 2010"
    },
    {
        "animeEng": "Hatena Illusion",
        "animeRomaji": "Hatena Illusion",
        "songName": "Magic Words",
        "artist": "Liyuu",
        "type": "Opening 1",
        "correctCount": 27,
        "startTime": 43,
        "songDuration": 89.808,
        "songNumber": 72,
        "activePlayerCount": 171,
        "LinkVideo": "https://files.catbox.moe/tzweol.webm",
        "LinkMp3": "https://files.catbox.moe/h3z4zo.mp3",
        "annId": 22390,
        "songDifficulty": 19.24128022956052,
        "vintage": "Winter 2020"
    },
    {
        "animeEng": "White Album",
        "animeRomaji": "White Album",
        "songName": "POWDER SNOW (YUKI&RINA Ver.)",
        "artist": "Nana Mizuki & Aya Hirano",
        "type": "Insert Song",
        "correctCount": 48,
        "startTime": 5,
        "songDuration": 60.072,
        "songNumber": 73,
        "activePlayerCount": 173,
        "LinkVideo": "https://files.catbox.moe/1eaivz.webm",
        "LinkMp3": "https://files.catbox.moe/o9ktox.mp3",
        "annId": 10134,
        "songDifficulty": 26.323839065074136,
        "vintage": "Winter 2009"
    },
    {
        "animeEng": "Haganai",
        "animeRomaji": "Boku wa Tomodachi ga Sukunai",
        "songName": "Egao no Dessan",
        "artist": "Marina Inoue & Kanae Itou",
        "type": "Ending 1",
        "correctCount": 21,
        "startTime": 6,
        "songDuration": 80.568,
        "songNumber": 74,
        "activePlayerCount": 172,
        "LinkVideo": "https://files.catbox.moe/phgegx.webm",
        "LinkMp3": "https://files.catbox.moe/d4s6ry.mp3",
        "annId": 13249,
        "songDifficulty": 11.202520553121914,
        "vintage": "Summer 2011"
    },
    {
        "animeEng": "Actors: Songs Connection",
        "animeRomaji": "Actors: Songs Connection",
        "songName": "START!!",
        "artist": "Sakutasuke",
        "type": "Insert Song",
        "correctCount": 2,
        "startTime": 20,
        "songDuration": 52.512,
        "songNumber": 75,
        "activePlayerCount": 172,
        "LinkVideo": "https://files.catbox.moe/7b6g9o.webm",
        "LinkMp3": "https://files.catbox.moe/0ybmda.mp3",
        "annId": 21769,
        "songDifficulty": 17.853564575501252,
        "vintage": "Fall 2019",
        "correctPlayers": [
            "EruisKawaii",
            "kneesoxluver"
        ]
    },
    {
        "animeEng": "Neo Ranga",
        "animeRomaji": "Neo Ranga",
        "songName": "Kami to Nare",
        "artist": "Kuniaki Haishima",
        "type": "Opening 2",
        "correctCount": 17,
        "startTime": 38,
        "songDuration": 89.592,
        "songNumber": 76,
        "activePlayerCount": 172,
        "LinkVideo": "https://files.catbox.moe/ekgx3r.webm",
        "LinkMp3": "https://files.catbox.moe/yyd3lv.mp3",
        "annId": 1052,
        "songDifficulty": 16.012297453703702,
        "vintage": "Spring 1998"
    },
    {
        "animeEng": "xxxHOLiC: Rou",
        "animeRomaji": "xxxHOLiC: Rou",
        "songName": "Adayume",
        "artist": "Shikao Suga",
        "type": "Opening 1",
        "correctCount": 25,
        "startTime": 75,
        "songDuration": 112.92,
        "songNumber": 77,
        "activePlayerCount": 172,
        "LinkVideo": "https://files.catbox.moe/gz7qy8.webm",
        "LinkMp3": "https://files.catbox.moe/z4n0kg.mp3",
        "annId": 11396,
        "songDifficulty": 16.91033372924858,
        "vintage": "Spring 2010"
    },
    {
        "animeEng": "FLCL",
        "animeRomaji": "Furi Kuri",
        "songName": "I think I can",
        "artist": "the pillows",
        "type": "Insert Song",
        "correctCount": 85,
        "startTime": 121,
        "songDuration": 161.232,
        "songNumber": 78,
        "activePlayerCount": 172,
        "LinkVideo": "https://files.catbox.moe/vr81uj.webm",
        "LinkMp3": "https://files.catbox.moe/27a320.mp3",
        "annId": 277,
        "songDifficulty": 47.11762238048461,
        "vintage": "Spring 2000"
    },
    {
        "animeEng": "Fortune Arterial: Akai Yakusoku",
        "animeRomaji": "Fortune Arterial: Akai Yakusoku",
        "songName": "kizunairo",
        "artist": "Lia",
        "type": "Opening 1",
        "correctCount": 51,
        "startTime": 19,
        "songDuration": 89.76,
        "songNumber": 79,
        "activePlayerCount": 172,
        "LinkVideo": "https://openings.moe/video/FORTUNEARTERIALAkaiYakusoku-OP01-NCBD.webm",
        "LinkMp3": "https://files.catbox.moe/ubyuf6.mp3",
        "annId": 15173,
        "songDifficulty": 27.714538792461262,
        "vintage": "Winter 2011"
    },
    {
        "animeEng": "Shounen Ashibe GO! GO! Goma-chan",
        "animeRomaji": "Shounen Ashibe GO! GO! Goma-chan",
        "songName": "Smile! Smile! Smile!",
        "artist": "Yuka Ozaki",
        "type": "Opening 1",
        "correctCount": 10,
        "startTime": 4,
        "songDuration": 42.918446,
        "songNumber": 80,
        "activePlayerCount": 172,
        "LinkVideo": "https://files.catbox.moe/msxh07.webm",
        "LinkMp3": "https://files.catbox.moe/6lci5k.mp3",
        "annId": 21889,
        "songDifficulty": 6.571031238477139,
        "vintage": "Spring 2019"
    },
    {
        "animeEng": "Tales of Homeroom",
        "animeRomaji": "Tales of Homeroom",
        "songName": "Normin Dance",
        "artist": "Misato Fukuen",
        "type": "Ending 1",
        "correctCount": 16,
        "startTime": 0,
        "songDuration": 24.576,
        "songNumber": 81,
        "activePlayerCount": 173,
        "LinkVideo": "https://files.catbox.moe/a9tqmu.webm",
        "LinkMp3": "https://files.catbox.moe/myyjvf.mp3",
        "annId": 23797,
        "songDifficulty": 17.506850431934136,
        "vintage": "Spring 2018"
    },
    {
        "animeEng": "Heaven\u2019s Lost Property the Movie: The Angeloid of Clockwork",
        "animeRomaji": "Sora no Otoshimono: Tokei-jikake no Angeloid",
        "songName": "Chou\u2606Ai Gattai!! Ange Robo!!",
        "artist": "Takayuki Miyauchi & Soichiro Hoshi & Mina",
        "type": "Opening 1",
        "correctCount": 14,
        "startTime": 9,
        "songDuration": 92.419636,
        "songNumber": 82,
        "activePlayerCount": 173,
        "LinkVideo": "https://files.catbox.moe/po8sb6.webm",
        "LinkMp3": "https://files.catbox.moe/iezyri.mp3",
        "annId": 12147,
        "songDifficulty": 13.227723009188361,
        "vintage": "Spring 2011"
    },
    {
        "animeEng": "Phantasy Star Online 2 Comic: Okawari",
        "animeRomaji": "Puso Ni Comi: Okawari",
        "songName": "Ni Co\u2606mmunication (Mitarashi & Tetra ver.)",
        "artist": "Rui Tanabe & Rie Hikisaka",
        "type": "Ending 1",
        "correctCount": 1,
        "startTime": 5,
        "songDuration": 95.04,
        "songNumber": 83,
        "activePlayerCount": 174,
        "LinkVideo": "https://files.catbox.moe/mee5q2.webm",
        "annId": 23177,
        "songDifficulty": 38.888888888888886,
        "vintage": "Spring 2020",
        "correctPlayers": [
            "ROBK34c"
        ]
    },
    {
        "animeEng": "Attack on Titan: Chronicle",
        "animeRomaji": "Shingeki no Kyojin: Chronicle",
        "songName": "\u0259t\u02c8\u00e6k 0N t\u03ac\u026atn <WMId>",
        "artist": "Eliana",
        "type": "Insert Song",
        "correctCount": 52,
        "startTime": 118,
        "songDuration": 202.512,
        "songNumber": 84,
        "activePlayerCount": 173,
        "LinkVideo": "https://files.catbox.moe/fdtyp4.webm",
        "LinkMp3": "https://files.catbox.moe/fn1x3y.mp3",
        "annId": 23718,
        "songDifficulty": 22.651755136986303,
        "vintage": "Summer 2020"
    },
    {
        "animeEng": "Yume Ippai!!",
        "animeRomaji": "Yume Ippai!!",
        "songName": "Shiroi Sneaker",
        "artist": "Cherish",
        "type": "Ending 1",
        "correctCount": 1,
        "startTime": 58,
        "songDuration": 99.864,
        "songNumber": 85,
        "activePlayerCount": 170,
        "LinkVideo": "https://files.catbox.moe/eckdx4.webm",
        "LinkMp3": "https://files.catbox.moe/ztx08d.mp3",
        "annId": 11515,
        "songDifficulty": 3.4574468085106385,
        "vintage": "Summer 1991",
        "correctPlayers": [
            "asleep"
        ]
    }
]