[
    {
        "anime": "Nanako Kaitai Shinsho",
        "name": "Nanako no Sentaku",
        "artist": "Maria Yamamoto",
        "type": "Ending 1",
        "correctCount": 2,
        "video": "https://files.catbox.moe/qysyfa.webm",
        "audio": "https://files.catbox.moe/he5it9.mp3"
    },
    {
        "anime": "Beast Saga",
        "name": "Beast Saga",
        "artist": "Takayoshi Tanimoto",
        "type": "Opening 1",
        "correctCount": 5,
        "video": "https://files.catbox.moe/5hmt21.webm",
        "audio": "https://files.catbox.moe/45482w.mp3"
    },
    {
        "anime": "Kid\u014d Senkan Nadesico",
        "name": "Watashi Rashiku",
        "artist": "H\u014dko Kuwashima",
        "type": "Insert Song",
        "correctCount": 10,
        "video": "https://files.catbox.moe/6oiqea.webm",
        "audio": "https://files.catbox.moe/4rcapq.mp3"
    },
    {
        "anime": "Idol Densetsu Eriko",
        "name": "Unchained Heart",
        "artist": "Maiko Hashimoto",
        "type": "Ending 1",
        "correctCount": 11,
        "video": "https://files.catbox.moe/o6bnb6.webm",
        "audio": null
    },
    {
        "anime": "K\u014dkaku Kid\u014dtai: Stand Alone Complex",
        "name": "inner universe",
        "artist": "Origa",
        "type": "Opening 1",
        "correctCount": 56,
        "video": "https://files.catbox.moe/22r7sb.webm",
        "audio": "https://files.catbox.moe/pqy753.mp3"
    },
    {
        "anime": "Senki Zessh\u014d Symphogear",
        "name": "Kimi to Iu Oto Kanade Tsukiru Made",
        "artist": "Minami Takayama",
        "type": "Insert Song",
        "correctCount": 23,
        "video": "https://files.catbox.moe/2pdw1s.webm",
        "audio": "https://files.catbox.moe/ns8xq8.mp3"
    },
    {
        "anime": "Hyouge Mono",
        "name": "Naghol Jumping",
        "artist": "qusimode",
        "type": "Opening 2",
        "correctCount": 11,
        "video": "https://files.catbox.moe/orw99l.webm",
        "audio": "https://files.catbox.moe/bjjmlt.mp3"
    },
    {
        "anime": "Aikatsu!",
        "name": "Take Me Higher",
        "artist": "Waka\u30fbFuuri\u30fbSunao from STAR\u2606ANIS",
        "type": "Insert Song",
        "correctCount": 49,
        "video": "https://files.catbox.moe/w4n2g9.webm",
        "audio": "https://files.catbox.moe/z4iemk.mp3"
    },
    {
        "anime": "Bakuman.",
        "name": "Crow's Sky",
        "artist": "Shuhei Kita",
        "type": "Insert Song",
        "correctCount": 33,
        "video": "https://files.catbox.moe/cnankf.webm",
        "audio": "https://files.catbox.moe/8djy4u.mp3"
    },
    {
        "anime": "Gamers!",
        "name": "GAMERS!",
        "artist": "Hisako Kanemoto, Manaka Iwami, Rumi Ookubo",
        "type": "Opening 1",
        "correctCount": 165,
        "video": "https://files.catbox.moe/jruegx.webm",
        "audio": "https://files.catbox.moe/tednuz.mp3"
    },
    {
        "anime": "Bobobo-bo Bo-bobo",
        "name": "Baka Survivor",
        "artist": "Ulfuls",
        "type": "Opening 2",
        "correctCount": 56,
        "video": "https://files.catbox.moe/evnwmg.webm",
        "audio": "https://files.catbox.moe/pinsuj.mp3"
    },
    {
        "anime": "DIVE!!",
        "name": "NEW WORLD",
        "artist": "Y\u016bta Hashimoto",
        "type": "Ending 1",
        "correctCount": 8,
        "video": "https://files.catbox.moe/ergfr6.webm",
        "audio": "https://files.catbox.moe/4nk0v0.mp3"
    },
    {
        "anime": "One Piece Film Z",
        "name": "How You Remind Me",
        "artist": "AVRIL LAVIGNE",
        "type": "Ending 1",
        "correctCount": 62,
        "video": "https://files.catbox.moe/2z02bp.webm",
        "audio": "https://files.catbox.moe/8wfr5g.mp3"
    },
    {
        "anime": "Pazudora Cross",
        "name": "Montage",
        "artist": "Porno Graffitti",
        "type": "Opening 3",
        "correctCount": 10,
        "video": "https://files.catbox.moe/2dmn50.webm",
        "audio": "https://files.catbox.moe/dzd2o2.mp3"
    },
    {
        "anime": "Monogatari Series Second Season",
        "name": "Kimi no Shiranai Monogatari",
        "artist": "supercell",
        "type": "Ending 2",
        "correctCount": 141,
        "video": "https://files.catbox.moe/20opkd.webm",
        "audio": "https://files.catbox.moe/tcm8dv.mp3"
    },
    {
        "anime": "Onegai Twins",
        "name": "Asu e no Namida",
        "artist": "Mami Kawada",
        "type": "Ending 1",
        "correctCount": 23,
        "video": "https://files.catbox.moe/amtjak.webm",
        "audio": "https://files.catbox.moe/6at1bm.mp3"
    },
    {
        "anime": "Eiga Precure Super Stars",
        "name": "Ashita Egao ni Naare!",
        "artist": "Rie Kitagawa",
        "type": "Opening 1",
        "correctCount": 9,
        "video": "https://files.catbox.moe/lkuiho.webm",
        "audio": "https://files.catbox.moe/wbivhv.mp3"
    },
    {
        "anime": "Kotodama Sh\u014djo the Animation: Microphone soul spinners",
        "name": "Microphone soul spinners!",
        "artist": "Microphone soul spinners",
        "type": "Opening 1",
        "correctCount": 4,
        "video": "https://files.catbox.moe/a2h1rj.webm",
        "audio": null
    },
    {
        "anime": "Kazoku Robinson Hy\u014dry\u016bki - Fushigina Shima no Flone",
        "name": "Flone no Yume",
        "artist": "Keiko Han",
        "type": "Ending 1",
        "correctCount": 5,
        "video": "https://files.catbox.moe/5hn2aw.webm",
        "audio": "https://files.catbox.moe/m9x3o2.mp3"
    },
    {
        "anime": "Gekij\u014dban Hagane no Renkinjutsushi - Shanbara wo Yuku Mono",
        "name": "LOST HEAVEN",
        "artist": "L'Arc~en~Ciel",
        "type": "Ending 1",
        "correctCount": 45,
        "video": "https://files.catbox.moe/0yjhc4.webm",
        "audio": "https://files.catbox.moe/n1a7wj.mp3"
    },
    {
        "anime": "Taish\u014d Yaky\u016b Musume",
        "name": "Romantic Strike",
        "artist": "Kanae Ito, Mai Nakahara, Kana Ueda and Mamiko Noto",
        "type": "Opening 1",
        "correctCount": 12,
        "video": "https://files.catbox.moe/a7sher.webm",
        "audio": "https://files.catbox.moe/4jqh3y.mp3"
    },
    {
        "anime": "Utakata",
        "name": "Omoi wo Kanadete",
        "artist": "savage genius",
        "type": "Opening 1",
        "correctCount": 25,
        "video": "https://files.catbox.moe/knvsfn.webm",
        "audio": "https://files.catbox.moe/exjr9v.mp3"
    },
    {
        "anime": "Renkin 3-ky\u016b Magical? Pok\u0101n",
        "name": "Shichaimash\u014d sensous",
        "artist": "nomico",
        "type": "Ending 5",
        "correctCount": 7,
        "video": "https://files.catbox.moe/x635pv.webm",
        "audio": "https://files.catbox.moe/5p0ybf.mp3"
    },
    {
        "anime": "Pok\u00e9mon the Movie XY: Hakai no Mayu to Diancie",
        "name": "Mega V (Volt)",
        "artist": "Yusuke",
        "type": "Opening 1",
        "correctCount": 112,
        "video": "https://files.catbox.moe/tcv8cy.webm",
        "audio": "https://files.catbox.moe/0z164e.mp3"
    },
    {
        "anime": "Ky\u014ds\u014dgiga",
        "name": "Shissou Ginga",
        "artist": "TEPPAN",
        "type": "Ending 1",
        "correctCount": 31,
        "video": "https://files.catbox.moe/cllmth.webm",
        "audio": "https://files.catbox.moe/lmieww.mp3"
    },
    {
        "anime": "Dragon Ball: Ossu! Kaette Kita Son Goku to Nakamatachi!!",
        "name": "Orange Hero",
        "artist": "jealkb",
        "type": "Ending 1",
        "correctCount": 1,
        "video": "https://files.catbox.moe/xzts5g.webm",
        "audio": "https://files.catbox.moe/a15n3z.mp3"
    },
    {
        "anime": "D.C.: Da Capo",
        "name": "Pittanko\u2606 (instrumental version)",
        "artist": "Y\u016bmao",
        "type": "Ending 5",
        "correctCount": 4,
        "video": "https://files.catbox.moe/q6wzsj.webm",
        "audio": "https://files.catbox.moe/hvg1na.mp3"
    },
    {
        "anime": "Working!!",
        "name": "SOMEONE ELSE",
        "artist": "Kana Asumi, Saki Fujita, Eri Kitamura",
        "type": "Ending 1",
        "correctCount": 119,
        "video": null,
        "audio": "https://files.catbox.moe/7h1lrq.mp3"
    },
    {
        "anime": "Gintama",
        "name": "Gin-iro no Sora",
        "artist": "redballoon",
        "type": "Opening 3",
        "correctCount": 59,
        "video": "https://files.catbox.moe/f355mi.webm",
        "audio": "https://files.catbox.moe/zzdh1t.mp3"
    },
    {
        "anime": "Him\u014dto! Umaru-chan R",
        "name": "Nimensei \u2606 Uraomote Life!",
        "artist": "Aimi Tanaka",
        "type": "Opening 1",
        "correctCount": 124,
        "video": "https://files.catbox.moe/2uy24t.webm",
        "audio": "https://files.catbox.moe/xx9vki.mp3"
    },
    {
        "anime": "Osake wa F\u016bfu ni Natte kara",
        "name": "Don't Let Me Down",
        "artist": "Cellchrome",
        "type": "Ending 1",
        "correctCount": 48,
        "video": "https://files.catbox.moe/8hvcg2.webm",
        "audio": "https://files.catbox.moe/kle99d.mp3"
    },
    {
        "anime": "Majutsushi Orphen: Revenge",
        "name": "Sonde Motte KISS",
        "artist": "7 HOUSE",
        "type": "Opening 1",
        "correctCount": 6,
        "video": "https://files.catbox.moe/14zynk.webm",
        "audio": "https://files.catbox.moe/ltou3i.mp3"
    },
    {
        "anime": "Shin ATASHIn'CHI",
        "name": "Let's Go! ATASHIn'CHI",
        "artist": "The Tachibanas",
        "type": "Opening 1",
        "correctCount": 2,
        "video": "https://files.catbox.moe/9a9xq4.webm",
        "audio": "https://files.catbox.moe/88kerl.mp3"
    },
    {
        "anime": "Pretty Rhythm Dear My Future",
        "name": "Dream Goes On",
        "artist": "Kana Asumi",
        "type": "Insert Song",
        "correctCount": 23,
        "video": "https://files.catbox.moe/0af8ph.webm",
        "audio": "https://files.catbox.moe/lp6rmx.mp3"
    },
    {
        "anime": "Boku wa Tomodachi ga Sukunai",
        "name": "Zannenkei Rinjinbu (Hoshi Futatsu Han)",
        "artist": "Tomodachi Tsukuritai",
        "type": "Opening 1",
        "correctCount": 115,
        "video": "https://files.catbox.moe/jvvudq.webm",
        "audio": "https://files.catbox.moe/hnb7t6.mp3"
    },
    {
        "anime": "Durarara!!\u00d72 Ketsu Gaiden!?: Dufufufu!!",
        "name": "Steppin' Out",
        "artist": "FLOW",
        "type": "Opening 1",
        "correctCount": 88,
        "video": "https://files.catbox.moe/hctamt.webm",
        "audio": "https://files.catbox.moe/wyjr5v.mp3"
    },
    {
        "anime": "K\u014dtetsuj\u014d no Kabaneri S\u014dsh\u016bhen",
        "name": "KABANERI OF THE IRON FORTRESS",
        "artist": "EGOIST",
        "type": "Opening 1",
        "correctCount": 158,
        "video": "https://files.catbox.moe/xi7t1s.webm",
        "audio": "https://files.catbox.moe/tetu6c.mp3"
    },
    {
        "anime": "Aikatsu!",
        "name": "Poppin' Bubbles",
        "artist": "Miki\u30fbMiho from AIKATSU\u2606STARS!",
        "type": "Insert Song",
        "correctCount": 66,
        "video": "https://files.catbox.moe/ey02nx.webm",
        "audio": "https://files.catbox.moe/wcgl3k.mp3"
    },
    {
        "anime": "Gantz",
        "name": "Super Shooter",
        "artist": "RIP SLYME",
        "type": "Opening 1",
        "correctCount": 102,
        "video": "https://files.catbox.moe/b6xkry.webm",
        "audio": "https://files.catbox.moe/0rnmai.mp3"
    },
    {
        "anime": "Kannazuki no Miko",
        "name": "Re-sublimity",
        "artist": "KOTOKO",
        "type": "Opening 1",
        "correctCount": 53,
        "video": "https://files.catbox.moe/k0k74t.webm",
        "audio": "https://files.catbox.moe/n9dpla.mp3"
    },
    {
        "anime": "Isekai Izakaya: Koto Aitheria no Izakaya Nobu",
        "name": "Prosit!",
        "artist": "Clammbon",
        "type": "Ending 1",
        "correctCount": 6,
        "video": "https://files.catbox.moe/orqzsi.webm",
        "audio": "https://files.catbox.moe/okjt2y.mp3"
    },
    {
        "anime": "Wellber no Monogatari Dainimaku",
        "name": "End Of The Dream",
        "artist": "E. O. D",
        "type": "Ending 1",
        "correctCount": 1,
        "video": "https://files.catbox.moe/pu9bba.webm",
        "audio": "https://files.catbox.moe/q9xylc.mp3"
    },
    {
        "anime": "Granblue Fantasy the Animation Season 2",
        "name": "Stay With Me",
        "artist": "Seven Billion Dots",
        "type": "Opening 1",
        "correctCount": 75,
        "video": "https://files.catbox.moe/8rn0b2.webm",
        "audio": "https://files.catbox.moe/q3j5kc.mp3"
    },
    {
        "anime": "Rikei ga Koi ni Ochita no de Sh\u014dmei Shite Mita",
        "name": "PARADOX",
        "artist": "Sora Amamiya",
        "type": "Opening 1",
        "correctCount": 9,
        "video": "https://files.catbox.moe/baaa5i.webm",
        "audio": "https://files.catbox.moe/u5959l.mp3"
    },
    {
        "anime": "Mikakunin de Shink\u014dkei",
        "name": "Honto no Kimochi",
        "artist": "Haruka Terui",
        "type": "Insert Song",
        "correctCount": 19,
        "video": "https://files.catbox.moe/yp79cw.webm",
        "audio": "https://files.catbox.moe/kq1dnu.mp3"
    },
    {
        "anime": "Poputepipikku",
        "name": "POPPY PAPPY DAY (Route66 Mix)",
        "artist": "Yui Makino & Yui Watanabe",
        "type": "Ending 3",
        "correctCount": 58,
        "video": "https://files.catbox.moe/6elcs2.webm",
        "audio": "https://files.catbox.moe/hz9xer.mp3"
    },
    {
        "anime": "Fudanshi K\u014dk\u014d Seikatsu",
        "name": "SEKAI wa Boy Meets Boy\u2642",
        "artist": "Wataru Hatano",
        "type": "Ending 1",
        "correctCount": 84,
        "video": "https://files.catbox.moe/30841p.webm",
        "audio": "https://files.catbox.moe/kmda0k.mp3"
    },
    {
        "anime": "Densetsu no Y\u016bsha no Densetsu",
        "name": "Truth Of My Destiny",
        "artist": "Ceui",
        "type": "Insert Song",
        "correctCount": 18,
        "video": "https://files.catbox.moe/iy2gb4.webm",
        "audio": "https://files.catbox.moe/94a19d.mp3"
    },
    {
        "anime": "Etotama",
        "name": "Retry\u2606Rendezvous",
        "artist": "Rie Murakawa",
        "type": "Opening 1",
        "correctCount": 41,
        "video": "https://openings.moe/video/Etotama-OP01-NCBD.webm",
        "audio": "https://files.catbox.moe/77npe2.mp3"
    },
    {
        "anime": "ToHeart2ad",
        "name": "Niji no Kakehashi",
        "artist": "Rena Uehara",
        "type": "Opening 1",
        "correctCount": 7,
        "video": "https://files.catbox.moe/v325md.webm",
        "audio": "https://files.catbox.moe/i594ns.mp3"
    },
    {
        "anime": "Eiga Mah\u014dtsukai Precure! Kiseki no Henshin! Cure Mofurun!",
        "name": "Dokkin\u2662Mah\u014dtsukai Precure! Part2",
        "artist": "Rie Kitagawa",
        "type": "Opening 1",
        "correctCount": 14,
        "video": "https://files.catbox.moe/twm3gy.webm",
        "audio": "https://files.catbox.moe/li6viy.mp3"
    },
    {
        "anime": "Katanagatari",
        "name": "Mayoigo Sagashi",
        "artist": "Mai Nakahara",
        "type": "Ending 7",
        "correctCount": 19,
        "video": "https://files.catbox.moe/46227w.webm",
        "audio": "https://files.catbox.moe/tv4x24.mp3"
    },
    {
        "anime": "Orange: Mirai",
        "name": "Mirai",
        "artist": "Kobukuro",
        "type": "Opening 1",
        "correctCount": 72,
        "video": "https://files.catbox.moe/sacu74.webm",
        "audio": "https://files.catbox.moe/2w00z7.mp3"
    },
    {
        "anime": "Soukou Kihei VOTOMS: Red Shoulder Document - Yabou no Roots",
        "name": "Hon\u014d no Sadame",
        "artist": "Tetsuro Oda",
        "type": "Opening 1",
        "correctCount": 39,
        "video": "https://files.catbox.moe/cqui8i.webm",
        "audio": "https://files.catbox.moe/81d2kg.mp3"
    },
    {
        "anime": "Haiyore! Nyaruko-san",
        "name": "Taiyou Iwaku Moe yo Chaos",
        "artist": "Ushiro Kara Hai Yori Tai G",
        "type": "Opening 1",
        "correctCount": 101,
        "video": "https://files.catbox.moe/ps5txz.webm",
        "audio": "https://files.catbox.moe/8xbtfh.mp3"
    },
    {
        "anime": "Glass Maiden",
        "name": "Never looking back - Sukit\u014dru Kokoro de",
        "artist": "Rie",
        "type": "Opening 1",
        "correctCount": 5,
        "video": "https://files.catbox.moe/gvk57j.webm",
        "audio": "https://files.catbox.moe/v4gucn.mp3"
    },
    {
        "anime": "Fate/stay night",
        "name": "disillusion",
        "artist": "Sachi Tainaka",
        "type": "Opening 1",
        "correctCount": 132,
        "video": "https://files.catbox.moe/j7twby.webm",
        "audio": "https://files.catbox.moe/w5mz70.mp3"
    },
    {
        "anime": "Jitsu wa Watashi wa",
        "name": "Himitsu o Ch\u014ddai",
        "artist": "Ars Magna",
        "type": "Opening 1",
        "correctCount": 53,
        "video": "https://files.catbox.moe/5kntui.webm",
        "audio": "https://files.catbox.moe/4hjgb8.mp3"
    },
    {
        "anime": "Sora yori mo T\u014di Basho",
        "name": "Matane",
        "artist": "saya",
        "type": "Insert Song",
        "correctCount": 68,
        "video": "https://files.catbox.moe/3slf9x.webm",
        "audio": "https://files.catbox.moe/mqzgdm.mp3"
    },
    {
        "anime": "Clockwork Planet",
        "name": "clockwork planet",
        "artist": "fripSide",
        "type": "Opening 1",
        "correctCount": 69,
        "video": "https://files.catbox.moe/vkj29h.webm",
        "audio": "https://files.catbox.moe/qxip6g.mp3"
    },
    {
        "anime": "Zero no Tsukaima",
        "name": "Honto no Kimochi",
        "artist": "Rie Kugimiya",
        "type": "Ending 1",
        "correctCount": 64,
        "video": "https://openings.moe/video/ZeroNoTsukaima-ED01-NCBD.webm",
        "audio": "https://files.catbox.moe/gdnc2y.mp3"
    },
    {
        "anime": "Kemono no S\u014dja Erin",
        "name": "Shizuku",
        "artist": "Hajime Chitose",
        "type": "Opening 2",
        "correctCount": 26,
        "video": "https://files.catbox.moe/fl43gb.webm",
        "audio": "https://files.catbox.moe/qf96xk.mp3"
    },
    {
        "anime": "Kono Bijutsu-bu ni wa Mondai ga Aru!",
        "name": "STARTING NOW!",
        "artist": "Nana Mizuki",
        "type": "Opening 1",
        "correctCount": 78,
        "video": "https://openings.moe/video/KonoBijutsubuNiWaMondaiGaAru!-OP01-NCBD.webm",
        "audio": "https://files.catbox.moe/67chv8.mp3"
    },
    {
        "anime": "One Piece",
        "name": "Super Powers",
        "artist": "V6",
        "type": "Opening 21",
        "correctCount": 52,
        "video": "https://files.catbox.moe/3hsdb7.webm",
        "audio": "https://files.catbox.moe/yez6s4.mp3"
    },
    {
        "anime": "Lovely Complex",
        "name": "BON BON",
        "artist": "Hey! Say! 7",
        "type": "Ending 2",
        "correctCount": 31,
        "video": "https://files.catbox.moe/wgobub.webm",
        "audio": "https://files.catbox.moe/we0jl6.mp3"
    },
    {
        "anime": "Aikatsu!",
        "name": "Otona Mode",
        "artist": "Risuko\u30fbMona from STAR\u2606ANIS",
        "type": "Insert Song",
        "correctCount": 59,
        "video": "https://files.catbox.moe/s00nfd.webm",
        "audio": "https://files.catbox.moe/hkj48q.mp3"
    },
    {
        "anime": "Kimi no Suiz\u014d o Tabetai",
        "name": "Himitsu",
        "artist": "sumika",
        "type": "Insert Song",
        "correctCount": 71,
        "video": "https://files.catbox.moe/9znujd.webm",
        "audio": "https://files.catbox.moe/gaawy8.mp3"
    },
    {
        "anime": "Danganronpa 3: The End of Kib\u014dgamine Gakuen: Zetsub\u014d-hen",
        "name": "Zettai Kib\u014d Birthday",
        "artist": "Megumi Ogata",
        "type": "Ending 1",
        "correctCount": 59,
        "video": "https://files.catbox.moe/2l9ivd.webm",
        "audio": "https://files.catbox.moe/bbx87n.mp3"
    },
    {
        "anime": "Full Metal Panic!",
        "name": "Take Me Out Mariana Trench",
        "artist": "Yukana & Satsuki Yokino",
        "type": "Insert Song",
        "correctCount": 18,
        "video": "https://files.catbox.moe/6uh9yo.webm",
        "audio": "https://files.catbox.moe/z4ur40.mp3"
    },
    {
        "anime": "Bungo Stray Dogs: Dead Apple",
        "name": "Reason Living",
        "artist": "SCREEN mode",
        "type": "Insert Song",
        "correctCount": 115,
        "video": "https://files.catbox.moe/3fwsce.webm",
        "audio": "https://files.catbox.moe/llop6c.mp3"
    },
    {
        "anime": "Aikatsu!: Nerawareta Mah\u014d no Aikatsu! Card",
        "name": "START DASH SENSATION",
        "artist": "Ruka\u30fbMona\u30fbMiki from AIKATSU\u2606STARS!",
        "type": "Ending 1",
        "correctCount": 51,
        "video": "https://files.catbox.moe/227bjj.webm",
        "audio": "https://files.catbox.moe/lfaaed.mp3"
    },
    {
        "anime": "Sukisho",
        "name": "Daydreamin'",
        "artist": "Kish\u014d Taniyama",
        "type": "Ending 1",
        "correctCount": 3,
        "video": "https://files.catbox.moe/jve1cy.webm",
        "audio": "https://files.catbox.moe/qkyq3g.mp3"
    },
    {
        "anime": "Hataraku Oniisan!",
        "name": "Hataraku Onii-san",
        "artist": "DearDream",
        "type": "Opening 1",
        "correctCount": 127,
        "video": "https://files.catbox.moe/ul6oce.webm",
        "audio": "https://files.catbox.moe/xghk5u.mp3"
    },
    {
        "anime": "Miss Monochrome - The Animation - 3",
        "name": "Step by Step!",
        "artist": "Miss Monochrome",
        "type": "Ending 1",
        "correctCount": 82,
        "video": "https://animethemes.moe/video/MissMonochromeS2-ED1-NCBD1080.webm",
        "audio": "https://files.catbox.moe/2n75od.mp3"
    },
    {
        "anime": "Kotoura-san",
        "name": "Sonna Koto Ura no Mata Urabanashi Desho?",
        "artist": "Megumi Nakajima",
        "type": "Opening 1",
        "correctCount": 64,
        "video": "https://files.catbox.moe/d668ji.webm",
        "audio": "https://files.catbox.moe/gxe1vj.mp3"
    }
]