[
    {
        "anime": "TeniPuri",
        "name": "LITTLE SKY",
        "artist": "Kentaro Fukushi",
        "type": "Ending 8",
        "correctCount": 14,
        "video": "https://files.catbox.moe/fpsrkf.webm",
        "audio": "https://files.catbox.moe/g1yroq.mp3"
    },
    {
        "anime": "Yu-Gi-Oh!",
        "name": "Kawaita Sakebi",
        "artist": "FIELD OF VIEW",
        "type": "Opening 1",
        "correctCount": 79,
        "video": "https://files.catbox.moe/zdganq.webm",
        "audio": "https://files.catbox.moe/vppcbk.mp3"
    },
    {
        "anime": "Otogi Story Tenshi no Shippo",
        "name": "One Drop",
        "artist": "Sakura Nogawa",
        "type": "Ending 1",
        "correctCount": 0,
        "video": "https://files.catbox.moe/79pv2n.webm",
        "audio": "https://files.catbox.moe/f2aaxk.mp3"
    },
    {
        "anime": "Yoru wa Mijikashi Aruke yo Otome",
        "name": "K\u014dya o Aruke",
        "artist": "ASIAN KUNG-FU GENERATION",
        "type": "Ending 1",
        "correctCount": 21,
        "video": "https://files.catbox.moe/rvuxbb.webm",
        "audio": "https://files.catbox.moe/rscvug.mp3"
    },
    {
        "anime": "Ueno-san wa Bukiy\u014d",
        "name": "Hirameki Heartbeat",
        "artist": "Miku It\u014d",
        "type": "Opening 1",
        "correctCount": 37,
        "video": "https://files.catbox.moe/lf4zjo.webm",
        "audio": "https://files.catbox.moe/cxsfit.mp3"
    },
    {
        "anime": "Gugure! Kokkuri-san",
        "name": "Welcome!! DISCO Kemokemoke",
        "artist": "Daisuke Ono, Takahiro Sakurai, Jouji Nakata",
        "type": "Opening 1",
        "correctCount": 90,
        "video": "https://files.catbox.moe/tr3d4j.webm",
        "audio": "https://files.catbox.moe/kb281d.mp3"
    },
    {
        "anime": "GochiUsa??",
        "name": "Tokimeki Poporon",
        "artist": "Chimame-tai",
        "type": "Ending 1",
        "correctCount": 67,
        "video": "https://files.catbox.moe/yh2c97.webm",
        "audio": "https://files.catbox.moe/2wrve2.mp3"
    },
    {
        "anime": "Gegege no Kitar\u014d",
        "name": "Gegege no Kitaro",
        "artist": "Kazuo Kumakura",
        "type": "Opening 1",
        "correctCount": 175,
        "video": "https://files.catbox.moe/lyzjk1.webm",
        "audio": "https://files.catbox.moe/wumd58.mp3"
    },
    {
        "anime": "Onegai My Melody Sukkiri",
        "name": "Kirikiris\u016b",
        "artist": "Marina Kuroki",
        "type": "Opening 1",
        "correctCount": 3,
        "video": "https://files.catbox.moe/n8ef6t.webm",
        "audio": "https://files.catbox.moe/m4q52j.mp3"
    },
    {
        "anime": "Ghost Sweeper Mikami",
        "name": "GHOST SWEEPER",
        "artist": "Chie Harada",
        "type": "Opening 1",
        "correctCount": 32,
        "video": "https://files.catbox.moe/dlz9zu.webm",
        "audio": "https://files.catbox.moe/wfi1am.mp3"
    },
    {
        "anime": "Yume Tsukai",
        "name": "Yume Meikyuu ~Hikari to Yami no Dance~",
        "artist": "Yoko",
        "type": "Opening 1",
        "correctCount": 4,
        "video": "https://files.catbox.moe/rj7qpv.webm",
        "audio": "https://files.catbox.moe/poxbri.mp3"
    },
    {
        "anime": "BanG Dream! Garupa\u2606Pico",
        "name": "Egao no Orchestra!",
        "artist": "Hello, Happy World!",
        "type": "Insert Song",
        "correctCount": 64,
        "video": "https://files.catbox.moe/h4xocu.webm",
        "audio": "https://files.catbox.moe/104ucm.mp3"
    },
    {
        "anime": "Ginga Hy\u014dry\u016b Vifam 13",
        "name": "Omega no Tobira -HELLO, VIFAM-",
        "artist": "KATSUMI",
        "type": "Opening 1",
        "correctCount": 0,
        "video": "https://files.catbox.moe/rtl05o.webm",
        "audio": "https://files.catbox.moe/myyk1c.mp3"
    },
    {
        "anime": "Memories Off 2nd",
        "name": "Nocturne",
        "artist": "Nana Mizuki",
        "type": "Opening 1",
        "correctCount": 2,
        "video": "https://files.catbox.moe/fkmkc1.webm",
        "audio": "https://files.catbox.moe/xdbolc.mp3"
    },
    {
        "anime": "Groizer X",
        "name": "Go Go Groizer X",
        "artist": "Kou Ikeda",
        "type": "Ending 1",
        "correctCount": 64,
        "video": "https://files.catbox.moe/qik638.webm",
        "audio": "https://files.catbox.moe/b7i1wv.mp3"
    },
    {
        "anime": ".hack//GIFT",
        "name": "Obsession",
        "artist": "See-Saw",
        "type": "Opening 1",
        "correctCount": 68,
        "video": "https://files.catbox.moe/1a8ot1.webm",
        "audio": "https://files.catbox.moe/11ici8.mp3"
    },
    {
        "anime": "Hungry Heart - Wild Striker",
        "name": "2nd Stage",
        "artist": "Kids Alive",
        "type": "Opening 1",
        "correctCount": 6,
        "video": "https://files.catbox.moe/s2aeo4.webm",
        "audio": "https://files.catbox.moe/ikzcjm.mp3"
    },
    {
        "anime": "JoJo no Kimy\u014d na B\u014dken: \u014cgon no Kaze",
        "name": "Modern Crusaders",
        "artist": "Enigma",
        "type": "Ending 2",
        "correctCount": 81,
        "video": "https://files.catbox.moe/m48oia.webm",
        "audio": "https://files.catbox.moe/vr9rli.mp3"
    },
    {
        "anime": "Tantei Opera Milky Holmes",
        "name": "Honn\u014d no Doubt",
        "artist": "Faylan",
        "type": "Ending 1",
        "correctCount": 23,
        "video": "https://files.catbox.moe/syhub3.webm",
        "audio": "https://files.catbox.moe/kd4kfz.mp3"
    },
    {
        "anime": "Mah\u014d no Mako-chan",
        "name": "Mah\u014d no Mako-chan",
        "artist": "Mitsuko Horie",
        "type": "Opening 1",
        "correctCount": 102,
        "video": "https://files.catbox.moe/eb5xfr.webm",
        "audio": "https://files.catbox.moe/0587if.mp3"
    },
    {
        "anime": "Dragon Ball Kai",
        "name": "Tatta Hitori no Senshi",
        "artist": "Takeshi Kusao",
        "type": "Insert Song",
        "correctCount": 2,
        "video": "https://files.catbox.moe/skqbr5.webm",
        "audio": "https://files.catbox.moe/jra4pt.mp3"
    },
    {
        "anime": "Azumanga Daioh",
        "name": "Raspberry Heaven",
        "artist": "Oranges & Lemons",
        "type": "Ending 1",
        "correctCount": 46,
        "video": "https://animethemes.moe/video/AzumangaDaioh-ED1.webm",
        "audio": "https://files.catbox.moe/lock3l.mp3"
    },
    {
        "anime": "Kirakira \u2606 Precure a la Mode",
        "name": "Hara Peko\u2606Heppy Deco\u2661Donuts",
        "artist": "Karen Miyama & Mika Kanai",
        "type": "Insert Song",
        "correctCount": 15,
        "video": "https://files.catbox.moe/3azuy9.webm",
        "audio": "https://files.catbox.moe/y31xfd.mp3"
    },
    {
        "anime": "Sidonia no Kishi",
        "name": "Sidonia",
        "artist": "angela",
        "type": "Opening 1",
        "correctCount": 121,
        "video": "https://files.catbox.moe/rzexx0.webm",
        "audio": "https://files.catbox.moe/jj7f49.mp3"
    },
    {
        "anime": "Birthday Wonderland",
        "name": "Wonderland",
        "artist": "milet",
        "type": "Insert Song",
        "correctCount": 4,
        "video": "https://files.catbox.moe/91vzgm.webm",
        "audio": "https://files.catbox.moe/mx8d4i.mp3"
    },
    {
        "anime": "Beyblade: Metal Fusion",
        "name": "Metal Fight Beyblade",
        "artist": "YU+KI",
        "type": "Opening 1",
        "correctCount": 22,
        "video": "https://files.catbox.moe/2a6f6q.webm",
        "audio": "https://files.catbox.moe/fm8qog.mp3"
    },
    {
        "anime": "Mah\u014d Sh\u014djo Tai Arusu",
        "name": "ARS~Main Theme~",
        "artist": "Rentrak Entertainment",
        "type": "Opening 1",
        "correctCount": 5,
        "video": "https://files.catbox.moe/gkye8n.webm",
        "audio": "https://files.catbox.moe/wctk3l.mp3"
    },
    {
        "anime": "The IDOLM@STER CINDERELLA GIRLS Theater",
        "name": "lilac time",
        "artist": "Juri Kimura",
        "type": "Insert Song",
        "correctCount": 10,
        "video": "https://files.catbox.moe/n3sxsz.webm",
        "audio": "https://files.catbox.moe/sdjqyo.mp3"
    },
    {
        "anime": "Katsugeki/Touken Ranbu",
        "name": "Hikari Tatsu Ame",
        "artist": "S\u014dma Sait\u014d",
        "type": "Opening 1",
        "correctCount": 33,
        "video": "https://animethemes.moe/video/KatsugekiToukenRanbu-OP1.webm",
        "audio": "https://files.catbox.moe/z5yxgm.mp3"
    },
    {
        "anime": "Occultic;Nine",
        "name": "Seis\u016b 3 no Nij\u014d",
        "artist": "Kanako It\u014d",
        "type": "Opening 1",
        "correctCount": 94,
        "video": "https://files.catbox.moe/u6s3o2.webm",
        "audio": "https://files.catbox.moe/ehyjo6.mp3"
    },
    {
        "anime": "Kizumonogatari I: Tekketsu-hen",
        "name": "Tekketsu-hen End Roll",
        "artist": "Satoru Kosaki",
        "type": "Ending 1",
        "correctCount": 32,
        "video": "https://files.catbox.moe/0l9y6i.webm",
        "audio": "https://files.catbox.moe/vdmti9.mp3"
    },
    {
        "anime": "Digimon Adventure tri. S\u014dshitsu",
        "name": "brave heart~tri.Version~",
        "artist": "Ayumi Miyazaki",
        "type": "Insert Song",
        "correctCount": 84,
        "video": "https://files.catbox.moe/4kqlm3.webm",
        "audio": "https://files.catbox.moe/s4jri7.mp3"
    },
    {
        "anime": "Tamagotchi! Miracle Friends",
        "name": "Miracle\u2606Travel",
        "artist": "Emiri Kat\u014d & Chiwa Saito",
        "type": "Opening 1",
        "correctCount": 2,
        "video": "https://files.catbox.moe/g93j9z.webm",
        "audio": "https://files.catbox.moe/2pizz8.mp3"
    },
    {
        "anime": "Konjiki no Gash Bell!!",
        "name": "Zatch Bell Theme",
        "artist": "Thorsten Laewe & Greg Prestopino",
        "type": "Opening 1",
        "correctCount": 55,
        "video": "https://files.catbox.moe/bz5c3r.webm",
        "audio": "https://files.catbox.moe/h3zsuq.mp3"
    },
    {
        "anime": "The Slayers Next",
        "name": "Give a reason",
        "artist": "Megumi Hayashibara",
        "type": "Opening 1",
        "correctCount": 41,
        "video": "https://files.catbox.moe/6tk8xr.webm",
        "audio": "https://files.catbox.moe/nksmqz.mp3"
    },
    {
        "anime": "Captain Tsubasa: Road to 2002",
        "name": "Dragon Screamer",
        "artist": "DA PUMP",
        "type": "Opening 1",
        "correctCount": 50,
        "video": "https://files.catbox.moe/qznkje.webm",
        "audio": "https://files.catbox.moe/4fq01n.mp3"
    },
    {
        "anime": "Otaku no Video",
        "name": "Tatakae! Otaking",
        "artist": "Tsujiya Kooji",
        "type": "Opening 1",
        "correctCount": 9,
        "video": "https://files.catbox.moe/fi613m.webm",
        "audio": "https://files.catbox.moe/4k3x2c.mp3"
    },
    {
        "anime": "Crusher Joe: The OVA's",
        "name": "Innocent Dreamer",
        "artist": "Carlos Toshiki & Omega Tribe",
        "type": "Ending 1",
        "correctCount": 0,
        "video": "https://files.catbox.moe/6n8ow6.webm",
        "audio": "https://files.catbox.moe/buy4xq.mp3"
    },
    {
        "anime": "Love Live! School idol project Sunshine!!",
        "name": "Yume Kataru yori Yume Utaou",
        "artist": "Anju Inami, Rikako Aida, Shuka Saitou",
        "type": "Ending 1",
        "correctCount": 109,
        "video": "https://files.catbox.moe/8d36tf.webm",
        "audio": "https://files.catbox.moe/oj3wm6.mp3"
    },
    {
        "anime": "Chikkun Takkun",
        "name": "Sukishite Chikkun",
        "artist": "Fumi Hirano",
        "type": "Opening 1",
        "correctCount": 4,
        "video": "https://files.catbox.moe/5i2706.webm",
        "audio": "https://files.catbox.moe/pl0zo2.mp3"
    },
    {
        "anime": "Pretty Rhythm All Star Selection",
        "name": "BOY MEETS GIRL",
        "artist": "Prizmmy\u2606",
        "type": "Opening 3",
        "correctCount": 31,
        "video": "https://files.catbox.moe/wrh8xi.webm",
        "audio": "https://files.catbox.moe/d3osbc.mp3"
    },
    {
        "anime": "Junkers Come Here",
        "name": "Real You, Another You",
        "artist": "Naoto Kine",
        "type": "Opening 1",
        "correctCount": 1,
        "video": "https://files.catbox.moe/0e4g9c.webm",
        "audio": "https://files.catbox.moe/bcbsm4.mp3"
    },
    {
        "anime": "Dungeon ni Deai o Motomeru no wa Machigatteiru Dar\u014d ka",
        "name": "Hey World",
        "artist": "Yuka Iguchi",
        "type": "Opening 1",
        "correctCount": 134,
        "video": "https://files.catbox.moe/7xtxig.webm",
        "audio": "https://files.catbox.moe/gklgzg.mp3"
    },
    {
        "anime": "Hundred",
        "name": "BLOODRED",
        "artist": "D-selections",
        "type": "Opening 1",
        "correctCount": 68,
        "video": "https://files.catbox.moe/tkmxxy.webm",
        "audio": "https://files.catbox.moe/i4kjz1.mp3"
    },
    {
        "anime": "Monster Strike The Movie: Sora no Kanata",
        "name": "Kizunami",
        "artist": "Kyary Pamyu Pamyu",
        "type": "Ending 1",
        "correctCount": 1,
        "video": "https://files.catbox.moe/5oabkq.webm",
        "audio": "https://files.catbox.moe/t4dtnz.mp3"
    },
    {
        "anime": "Overlord III",
        "name": "VORACITY",
        "artist": "MYTH & ROID",
        "type": "Opening 1",
        "correctCount": 154,
        "video": "https://files.catbox.moe/f5c8cn.webm",
        "audio": "https://files.catbox.moe/qkfu5c.mp3"
    },
    {
        "anime": "Mah\u014dtsukai Chappy",
        "name": "Mahoutsukai Chappy",
        "artist": "Singers Three",
        "type": "Opening 1",
        "correctCount": 140,
        "video": "https://files.catbox.moe/ro7emz.webm",
        "audio": "https://files.catbox.moe/x156wa.mp3"
    },
    {
        "anime": "Druaga no T\u014d ~the Aegis of URUK~",
        "name": "Swinging",
        "artist": "Muramasa\u2606",
        "type": "Opening 1",
        "correctCount": 22,
        "video": "https://files.catbox.moe/kgqld9.webm",
        "audio": "https://files.catbox.moe/ri588w.mp3"
    },
    {
        "anime": "Reikenzan: Eichi e no Shikaku",
        "name": "Genkai Kentobashite",
        "artist": "Merry\u2605Go\u2605Lands",
        "type": "Opening 1",
        "correctCount": 8,
        "video": "https://files.catbox.moe/vzwk73.webm",
        "audio": "https://files.catbox.moe/3pgrte.mp3"
    },
    {
        "anime": "Carole & Tuesday",
        "name": "Beautiful Breakdown",
        "artist": "Nai Br.XX&Celeina Ann",
        "type": "Insert Song",
        "correctCount": 101,
        "video": "https://files.catbox.moe/d4qb5d.webm",
        "audio": "https://files.catbox.moe/ntyoh1.mp3"
    },
    {
        "anime": "Wake Up, Girl Zoo!",
        "name": "Wug Zoo Zoo",
        "artist": "Wake Up, Girls!",
        "type": "Ending 1",
        "correctCount": 11,
        "video": "https://files.catbox.moe/tn62vy.webm",
        "audio": "https://files.catbox.moe/j8ep6a.mp3"
    },
    {
        "anime": "Time Travel Sh\u014djo: Mari Waka to 8-nin no Kagakusha-tachi",
        "name": "Nazo no Hon",
        "artist": "Hitomi Kuroishi",
        "type": "Insert Song",
        "correctCount": 3,
        "video": "https://files.catbox.moe/b84502.webm",
        "audio": "https://files.catbox.moe/177vo1.mp3"
    },
    {
        "anime": "Shin Sekai Yori",
        "name": "Wareta Ringo",
        "artist": "Risa Taneda",
        "type": "Ending 1",
        "correctCount": 108,
        "video": "https://files.catbox.moe/tmas1a.webm",
        "audio": "https://files.catbox.moe/7zsh0h.mp3"
    },
    {
        "anime": "Fate/stay night: Unlimited Blade Works",
        "name": "ideal white",
        "artist": "Mashiro Ayano",
        "type": "Ending 1",
        "correctCount": 112,
        "video": "https://files.catbox.moe/w6waoz.webm",
        "audio": "https://files.catbox.moe/r78sdn.mp3"
    },
    {
        "anime": "Gamers!",
        "name": "GAMERS!",
        "artist": "Hisako Kanemoto, Manaka Iwami, Rumi Ookubo",
        "type": "Opening 1",
        "correctCount": 148,
        "video": "https://files.catbox.moe/jruegx.webm",
        "audio": "https://files.catbox.moe/tednuz.mp3"
    },
    {
        "anime": "CANAAN",
        "name": "mind as Judgment",
        "artist": "Faylan",
        "type": "Opening 1",
        "correctCount": 43,
        "video": "https://openings.moe/video/Canaan-OP01-NCBD.webm",
        "audio": "https://files.catbox.moe/2fms9h.mp3"
    },
    {
        "anime": "Kishibe Rohan wa Ugokanai",
        "name": "Kishibe Rohan wa Ugokanai no Theme",
        "artist": "Yugo Kanno",
        "type": "Opening 1",
        "correctCount": 47,
        "video": "https://files.catbox.moe/goz6x6.webm",
        "audio": "https://files.catbox.moe/m3r52b.mp3"
    },
    {
        "anime": "Outbreak Company - Moeru Shinryakusha",
        "name": "Magical Lucky LOVE",
        "artist": "Chiyoko",
        "type": "Insert Song",
        "correctCount": 38,
        "video": "https://files.catbox.moe/y8tfgr.webm",
        "audio": "https://files.catbox.moe/25i9d1.mp3"
    },
    {
        "anime": "Getbackers",
        "name": "Bara-iro no Sekai",
        "artist": "PIERROT",
        "type": "Opening 2",
        "correctCount": 23,
        "video": "https://files.catbox.moe/bwwkz4.webm",
        "audio": "https://files.catbox.moe/3j09ud.mp3"
    },
    {
        "anime": "Hajime no Ippo - Mashiba vs. Kimura",
        "name": "360\u00b0",
        "artist": "Mori Naoya",
        "type": "Ending 1",
        "correctCount": 33,
        "video": "https://files.catbox.moe/j8bkbq.webm",
        "audio": "https://files.catbox.moe/35je3h.mp3"
    },
    {
        "anime": "STARMYU",
        "name": "Ayanagi Showtime",
        "artist": "team \u014ctori",
        "type": "Insert Song",
        "correctCount": 56,
        "video": "https://files.catbox.moe/snwptn.webm",
        "audio": "https://files.catbox.moe/joskmi.mp3"
    },
    {
        "anime": "King of Prism: PRIDE the HERO",
        "name": "CRAZY GONNA CRAZY",
        "artist": "Junta Terashima & Shouta Aoi",
        "type": "Insert Song",
        "correctCount": 9,
        "video": "https://files.catbox.moe/fsbcko.webm",
        "audio": "https://files.catbox.moe/tc6er9.mp3"
    },
    {
        "anime": "Morita-san wa Mukuchi.",
        "name": "Motto Aishiaimasho",
        "artist": "Iori Nomizu",
        "type": "Opening 1",
        "correctCount": 29,
        "video": "https://files.catbox.moe/uwdjhp.webm",
        "audio": "https://files.catbox.moe/ad8iti.mp3"
    },
    {
        "anime": "Love Live! School idol project",
        "name": "Donna Toki mo Zutto",
        "artist": "\u03bc's",
        "type": "Ending 2",
        "correctCount": 111,
        "video": "https://files.catbox.moe/xpbkbz.webm",
        "audio": "https://files.catbox.moe/kjmy0a.mp3"
    },
    {
        "anime": "Getta Robo",
        "name": "Gattai! Getter Robo",
        "artist": "Isao Sasaki",
        "type": "Ending 1",
        "correctCount": 76,
        "video": "https://files.catbox.moe/97rntw.webm",
        "audio": "https://files.catbox.moe/dd5e5b.mp3"
    },
    {
        "anime": "Higurashi no Naku Koro ni",
        "name": "why, or why not",
        "artist": "Hiroyuki Oshima feat. Rekka Katakiri",
        "type": "Ending 1",
        "correctCount": 79,
        "video": "https://files.catbox.moe/69phlq.webm",
        "audio": "https://files.catbox.moe/6f66qv.mp3"
    },
    {
        "anime": "Yu-Gi-Oh! Duel Monsters",
        "name": "No Matter What",
        "artist": "Mike Pasternack",
        "type": "Insert Song",
        "correctCount": 51,
        "video": "https://files.catbox.moe/lhug29.webm",
        "audio": "https://files.catbox.moe/uk4a34.mp3"
    },
    {
        "anime": "Sparrow's Hotel",
        "name": "Welcome to Sparrow's Hotel",
        "artist": "Minori Chihara & Haruka Nagashima",
        "type": "Opening 1",
        "correctCount": 16,
        "video": "https://files.catbox.moe/0uj0ba.webm",
        "audio": "https://files.catbox.moe/dfm5cm.mp3"
    },
    {
        "anime": "Re:\u2423Hamatora",
        "name": "Sen no Tsubasa",
        "artist": "livetune adding Takuro Sugawara from 9mm Parabellum Bullet",
        "type": "Opening 1",
        "correctCount": 95,
        "video": "https://files.catbox.moe/gezn6r.webm",
        "audio": "https://files.catbox.moe/d4ixb8.mp3"
    },
    {
        "anime": "Gakk\u014d no Kaidan",
        "name": "Sexy Sexy",
        "artist": "Cascade",
        "type": "Ending 1",
        "correctCount": 46,
        "video": "https://files.catbox.moe/py2aty.webm",
        "audio": "https://files.catbox.moe/g1rm1n.mp3"
    },
    {
        "anime": "Initial D: Fourth Stage",
        "name": "BACK ON THE ROCKS",
        "artist": "MEGA NRG MAN",
        "type": "Insert Song",
        "correctCount": 135,
        "video": "https://files.catbox.moe/ja0354.webm",
        "audio": "https://files.catbox.moe/qdzbxl.mp3"
    },
    {
        "anime": "Cobra The Animation: Time Drive",
        "name": "TIME DRIVE",
        "artist": "Sasja Antheunis",
        "type": "Opening 1",
        "correctCount": 5,
        "video": "https://files.catbox.moe/gb0f6t.webm",
        "audio": "https://files.catbox.moe/qupovy.mp3"
    },
    {
        "anime": "Dragon Ball: Saikyou e no Michi",
        "name": "DAN DAN Kokoro Hikarete ku",
        "artist": "FIELD OF VIEW",
        "type": "Ending 1",
        "correctCount": 111,
        "video": "https://files.catbox.moe/3usnfr.webm",
        "audio": "https://files.catbox.moe/0dhn2l.mp3"
    },
    {
        "anime": "Akkun to Kanojo",
        "name": "Koi no Balloon",
        "artist": "Haruna \u014cshima",
        "type": "Opening 1",
        "correctCount": 28,
        "video": "https://files.catbox.moe/066ma5.webm",
        "audio": "https://files.catbox.moe/0xbcfb.mp3"
    },
    {
        "anime": "D.Gray-man",
        "name": "Lala no Komori Uta",
        "artist": "Eri Kawai",
        "type": "Insert Song",
        "correctCount": 11,
        "video": "https://files.catbox.moe/mgef8w.webm",
        "audio": "https://files.catbox.moe/cb5vxh.mp3"
    }
]