[
    {
        "anime": "Snow White with the Red Hair",
        "name": "Sono Koe ga Chizu ni Naru",
        "artist": "Saori Hayami",
        "type": "Opening 1",
        "correctCount": 67,
        "link": "https://files.catbox.moe/z7w0t2.mp3"
    },
    {
        "anime": "Alice & Zoroku",
        "name": "Wonder Drive",
        "artist": "ORESAMA",
        "type": "Opening 1",
        "correctCount": 42,
        "link": "https://files.catbox.moe/p4orxg.mp3"
    },
    {
        "anime": "Cardfight!! Vanguard G NEXT",
        "name": "\u2192Next Generation",
        "artist": "Psychic Lover",
        "type": "Opening 2",
        "correctCount": 7,
        "link": "https://files.catbox.moe/an18pu.mp3"
    },
    {
        "anime": "New Fist of the North Star",
        "name": "OASIS",
        "artist": "Gackt",
        "type": "Ending 1",
        "correctCount": 2,
        "link": "https://files.catbox.moe/4zyvxr.mp3"
    },
    {
        "anime": "Nanako SOS",
        "name": "Orange no Dancing",
        "artist": "Miyuki Takahashi",
        "type": "Opening 1",
        "correctCount": 1,
        "link": "https://files.catbox.moe/l4o8pa.mp3"
    },
    {
        "anime": "Absolute Duo",
        "name": "Absolute Soul",
        "artist": "Konomi Suzuki",
        "type": "Opening 1",
        "correctCount": 110,
        "link": "https://files.catbox.moe/47821n.mp3"
    },
    {
        "anime": "Y\u016bna and the Haunted Hot Springs",
        "name": "Momo-iro Typhoon",
        "artist": "Luna Haruna",
        "type": "Opening 1",
        "correctCount": 72,
        "link": "https://files.catbox.moe/e1walm.mp3"
    },
    {
        "anime": "Hozuki's Coolheadedness",
        "name": "Dai! Jigoku Jigobushi",
        "artist": "Jigoku no Sata All Stars",
        "type": "Opening 1",
        "correctCount": 86,
        "link": "https://files.catbox.moe/e7kw1o.mp3"
    },
    {
        "anime": "The Garden of Sinners/recalled out summer",
        "name": "Hallelujah",
        "artist": "Kalafina",
        "type": "Ending 1",
        "correctCount": 12,
        "link": "https://files.catbox.moe/cp59ii.mp3"
    },
    {
        "anime": "Hakumei and Mikochi: Tiny Little Life in the Woods",
        "name": "Kikori no Uta",
        "artist": "Risae Matsuda, Shino Shimoji, Aoi Y\u016bki, Chika Anzai",
        "type": "Insert Song",
        "correctCount": 29,
        "link": "https://files.catbox.moe/wgbdak.mp3"
    },
    {
        "anime": "Seitokai Yakuindomo Movie",
        "name": "Hana Saku\u2606Saikyou Legend Days",
        "artist": "Triple Booking",
        "type": "Opening 1",
        "correctCount": 51,
        "link": "https://files.catbox.moe/qvf1b2.mp3"
    },
    {
        "anime": "Puella Magi Madoka Magica the Movie Part 2: Eternal",
        "name": "Credens justitiam",
        "artist": "Eri Itou",
        "type": "Insert Song",
        "correctCount": 120,
        "link": "https://files.catbox.moe/spc2rs.mp3"
    },
    {
        "anime": "Blend S",
        "name": "Instant Mermaid",
        "artist": "Akari Kitou",
        "type": "Insert Song",
        "correctCount": 27,
        "link": "https://files.catbox.moe/ws7zho.mp3"
    },
    {
        "anime": "A.I.C.O. -Incarnation-",
        "name": "A.I.C.O.",
        "artist": "TRUE",
        "type": "Opening 1",
        "correctCount": 22,
        "link": "https://files.catbox.moe/0ypmlg.mp3"
    },
    {
        "anime": "Joshikausei",
        "name": "silent days",
        "artist": "amatsuuni",
        "type": "Ending 1",
        "correctCount": 30,
        "link": "https://files.catbox.moe/6u19ny.mp3"
    },
    {
        "anime": "The Future Diary",
        "name": "Filament",
        "artist": "Yousei Teikoku",
        "type": "Ending 2",
        "correctCount": 97,
        "link": "https://files.catbox.moe/lq0pl1.mp3"
    },
    {
        "anime": "Mama Loves the Poyopoyo-Saurus",
        "name": "Beeper Love (Saurus Version)",
        "artist": "NOW",
        "type": "Opening 1",
        "correctCount": 6,
        "link": "https://files.catbox.moe/ny1t1d.mp3"
    },
    {
        "anime": "Mitchiri Neko",
        "name": "Mitchiri Neko March 2",
        "artist": "Tetsuya Kobayashi",
        "type": "Ending 1",
        "correctCount": 16,
        "link": "https://files.catbox.moe/ybbarp.mp3"
    },
    {
        "anime": "Black Clover",
        "name": "New Page",
        "artist": "INTERSECTION",
        "type": "Ending 11",
        "correctCount": 14,
        "link": "https://files.catbox.moe/vbered.webm"
    },
    {
        "anime": "Berserk",
        "name": "Forces",
        "artist": "Susumu Hirasawa",
        "type": "Ending 1",
        "correctCount": 72,
        "link": "https://files.catbox.moe/domkyp.mp3"
    },
    {
        "anime": "Rozen Maiden: Tr\u00e4umend",
        "name": "Arcana",
        "artist": "kukui",
        "type": "Insert Song",
        "correctCount": 12,
        "link": "https://files.catbox.moe/dtuqb9.mp3"
    },
    {
        "anime": "Girls und Panzer: This is the Real Anzio Battle!",
        "name": "DreamRiser",
        "artist": "ChouCho",
        "type": "Opening 1",
        "correctCount": 68,
        "link": "https://files.catbox.moe/dclay4.mp3"
    },
    {
        "anime": "Hybrid x Heart Magias Academy Ataraxia",
        "name": "Chi",
        "artist": "Iori Nomizu",
        "type": "Ending 1",
        "correctCount": 18,
        "link": "https://files.catbox.moe/77k8xd.mp3"
    },
    {
        "anime": "Mobile Suit Gundam",
        "name": "Char ga Kuru",
        "artist": "Kouichiro Hori",
        "type": "Insert Song",
        "correctCount": 18,
        "link": "https://files.catbox.moe/euqyxr.mp3"
    },
    {
        "anime": "Meine Liebe",
        "name": "Shirushi",
        "artist": "can/goo",
        "type": "Opening 1",
        "correctCount": 2,
        "link": "https://files.catbox.moe/f6mv2f.mp3"
    },
    {
        "anime": "Yumeiro P\u00e2tissi\u00e8re SP Professional",
        "name": "Sweet Romance",
        "artist": "Mayumi Gojo",
        "type": "Opening 1",
        "correctCount": 20,
        "link": "https://files.catbox.moe/mbnan9.mp3"
    },
    {
        "anime": "Laid-Back Camp",
        "name": "Fuyu Biyori",
        "artist": "Eri Sasaki",
        "type": "Ending 1",
        "correctCount": 79,
        "link": "https://files.catbox.moe/xtzsny.mp3"
    },
    {
        "anime": "Haikyu!!",
        "name": "Ah Yeah!!",
        "artist": "Sukima Switch",
        "type": "Opening 2",
        "correctCount": 85,
        "link": "https://files.catbox.moe/rqgcpr.mp3"
    },
    {
        "anime": "Valvrave the Liberator",
        "name": "Kakumei Dualism",
        "artist": "Nana Mizuki\u00d7T.M.Revolution",
        "type": "Opening 1",
        "correctCount": 82,
        "link": "https://files.catbox.moe/pnusoz.mp3"
    },
    {
        "anime": "She, The Ultimate Weapon",
        "name": "Koisuru Kimochi",
        "artist": "Yuria Yato",
        "type": "Opening 1",
        "correctCount": 13,
        "link": "https://files.catbox.moe/ogwkf4.mp3"
    },
    {
        "anime": "Durarara!! \u00d72 The Third Arc: Dufufufu!!",
        "name": "Steppin' Out",
        "artist": "FLOW",
        "type": "Opening 1",
        "correctCount": 93,
        "link": "https://files.catbox.moe/wyjr5v.mp3"
    },
    {
        "anime": "Fate/Zero",
        "name": "oath sign",
        "artist": "LiSA",
        "type": "Opening 1",
        "correctCount": 137,
        "link": "https://files.catbox.moe/txss3m.mp3"
    },
    {
        "anime": "Teeky\u016b",
        "name": "Gluten Elegy",
        "artist": "Kaori Ishihara",
        "type": "Opening 1",
        "correctCount": 76,
        "link": "https://files.catbox.moe/064ys6.mp3"
    },
    {
        "anime": "Shinkansen Henkei Robo Shinkalion the Animation",
        "name": "Zankoku na Tenshi no Thesis",
        "artist": "Yoko Takahashi",
        "type": "Insert Song",
        "correctCount": 151,
        "link": "https://files.catbox.moe/pabdd9.mp3"
    },
    {
        "anime": "Boarding School Juliet",
        "name": "Hush, Little Baby",
        "artist": "Ai Kayano",
        "type": "Insert Song",
        "correctCount": 66,
        "link": "https://files.catbox.moe/hoo0lg.mp3"
    },
    {
        "anime": "CROSS ANGE Rondo of Angel and Dragon",
        "name": "Towagatari ~Hikari no Uta~",
        "artist": "Toshihiko Seki",
        "type": "Insert Song",
        "correctCount": 20,
        "link": "https://files.catbox.moe/rrsxhz.mp3"
    },
    {
        "anime": "Yuri!!! on ICE",
        "name": "History Maker",
        "artist": "Dean Fujioka",
        "type": "Opening 1",
        "correctCount": 138,
        "link": "https://files.catbox.moe/cxta3p.mp3"
    },
    {
        "anime": "PERSONA5 the Animation: Stars and Ours",
        "name": "Dark Sun...",
        "artist": "Lyn",
        "type": "Opening 1",
        "correctCount": 113,
        "link": "https://files.catbox.moe/ewf3kz.mp3"
    },
    {
        "anime": "Back Street Girls",
        "name": "Gokudoll Music",
        "artist": "Gokudolls Kan-gumi",
        "type": "Opening 2",
        "correctCount": 66,
        "link": "https://files.catbox.moe/aks5yg.mp3"
    },
    {
        "anime": "Tamayura - Hitotose",
        "name": "Yasashisa ni Tsutsumareta Nara",
        "artist": "marble",
        "type": "Insert Song",
        "correctCount": 4,
        "link": "https://files.catbox.moe/2lebcw.mp3"
    },
    {
        "anime": "Mobile Suit Gundam: Iron-Blooded Orphans",
        "name": "Raise your flag",
        "artist": "MAN WITH A MISSION",
        "type": "Opening 1",
        "correctCount": 99,
        "link": "https://files.catbox.moe/xyafdx.mp3"
    },
    {
        "anime": "Sakura Wars",
        "name": "Geki! Teikoku Kageki-dan (Kai)",
        "artist": "Chisa Yokoyama & Teikoku Kageki-dan",
        "type": "Opening 1",
        "correctCount": 58,
        "link": "https://files.catbox.moe/c1bvrx.mp3"
    },
    {
        "anime": "Genki, The Boy Champ",
        "name": "Kaze ni Nare!",
        "artist": "Kinya Hori",
        "type": "Opening 1",
        "correctCount": 1,
        "link": "https://files.catbox.moe/41uuga.mp3"
    },
    {
        "anime": "Hidamari Sketch: Sae/Hiro Sotsugy\u014d-hen",
        "name": "Open Canvas",
        "artist": "Kana Asumi, Kaori Mizuhashi, Yuko Goto, Ryoko Shintani, Chiaki Omigawa, and Hitomi Harada",
        "type": "Opening 1",
        "correctCount": 17,
        "link": "https://files.catbox.moe/z4a2yj.mp3"
    },
    {
        "anime": "Tales of Zestiria the X",
        "name": "Kaze no Uta",
        "artist": "FLOW",
        "type": "Opening 1",
        "correctCount": 82,
        "link": "https://files.catbox.moe/ehnpcq.mp3"
    },
    {
        "anime": "Convenience Store Boy Friends",
        "name": "Milestone",
        "artist": "ORANGE POST REASON",
        "type": "Ending 1",
        "correctCount": 14,
        "link": "https://files.catbox.moe/plx7vk.mp3"
    },
    {
        "anime": "Senki Zessh\u014d Symphogear XV",
        "name": "Shiritsu Lydian Ongakuin Kouka",
        "artist": "Aoi Y\u016bki",
        "type": "Insert Song",
        "correctCount": 20,
        "link": "https://files.catbox.moe/j90dx9.mp3"
    },
    {
        "anime": "Yume \u014ckoku to Nemureru 100-Nin no \u014cji-sama Short Stories",
        "name": "Aru Hi no Ouji-sama",
        "artist": "Daiki Yamashita",
        "type": "Opening 1",
        "correctCount": 2,
        "link": "https://files.catbox.moe/w0ushx.mp3"
    },
    {
        "anime": "Hurricane Polymar",
        "name": "Tatakae! Polymar",
        "artist": "Isao Sasaki, Columbia Yurikago-kai",
        "type": "Opening 1",
        "correctCount": 61,
        "link": "https://files.catbox.moe/af1duy.mp3"
    },
    {
        "anime": "Non Non Biyori Vacation",
        "name": "Ao no Rakugaki",
        "artist": "nano.RIPE",
        "type": "Opening 1",
        "correctCount": 81,
        "link": "https://files.catbox.moe/5xm928.mp3"
    },
    {
        "anime": "Kurenai",
        "name": "Love Jump",
        "artist": "Minami Kuribayashi",
        "type": "Opening 1",
        "correctCount": 10,
        "link": "https://files.catbox.moe/y6u70s.mp3"
    },
    {
        "anime": "Your Light: Kase-san and Morning Glories",
        "name": "Kimi no Egao (album ver.)",
        "artist": "Hanako Oku",
        "type": "Insert Song",
        "correctCount": 6,
        "link": "https://files.catbox.moe/bp7hrr.mp3"
    },
    {
        "anime": "Wise Man's Grandchild",
        "name": "Ultimate\u2606MAGIC",
        "artist": "i\u2606Ris",
        "type": "Opening 1",
        "correctCount": 55,
        "link": "https://files.catbox.moe/nyxin2.mp3"
    },
    {
        "anime": "Chi's Sweet Adventure",
        "name": "Nee",
        "artist": "Perfume",
        "type": "Opening 1",
        "correctCount": 3,
        "link": "https://files.catbox.moe/y0cr6j.mp3"
    },
    {
        "anime": "In This Corner of the World",
        "name": "Kanashikute Yarikirenai",
        "artist": "kotringo",
        "type": "Opening 1",
        "correctCount": 17,
        "link": "https://files.catbox.moe/2hldk3.mp3"
    },
    {
        "anime": "Overlord II",
        "name": "HYDRA",
        "artist": "MYTH & ROID",
        "type": "Ending 1",
        "correctCount": 91,
        "link": "https://files.catbox.moe/umrxs2.mp3"
    },
    {
        "anime": "Master Keaton",
        "name": "Railtown",
        "artist": "Kuniaki Haishima",
        "type": "Opening 1",
        "correctCount": 8,
        "link": "https://files.catbox.moe/0njd17.mp3"
    },
    {
        "anime": "Dragonar Academy",
        "name": "MOST Ij\u014d no 'MOSTEST'",
        "artist": "Mariya Ise & Ayane Sakura & Marina Inoue",
        "type": "Ending 1",
        "correctCount": 14,
        "link": "https://files.catbox.moe/0hxhpc.mp3"
    },
    {
        "anime": "SHIMONETA: A Boring World Where the Concept of Dirty Jokes Doesn\u2019t Exist",
        "name": "B Chiku Sentai SOX",
        "artist": "SOX",
        "type": "Opening 1",
        "correctCount": 103,
        "link": "https://files.catbox.moe/xqn7nw.mp3"
    },
    {
        "anime": "Yu-Gi-Oh! Arc-V",
        "name": "ARC of Smile!",
        "artist": "BOYS AND MEN",
        "type": "Ending 3",
        "correctCount": 13,
        "link": "https://files.catbox.moe/6gby8p.mp3"
    },
    {
        "anime": "Kanon",
        "name": "Last regrets",
        "artist": "Ayana",
        "type": "Opening 1",
        "correctCount": 57,
        "link": "https://files.catbox.moe/f0kvx8.mp3"
    },
    {
        "anime": ".hack//Quantum",
        "name": "Shizuku",
        "artist": "Yuuka Nanri",
        "type": "Ending 1",
        "correctCount": 8,
        "link": "https://files.catbox.moe/2947ns.mp3"
    },
    {
        "anime": "Mobile Suit Gundam Thunderbolt: Bandit Flower",
        "name": "Sens\u014d",
        "artist": "Sara Yoshida",
        "type": "Insert Song",
        "correctCount": 3,
        "link": "https://files.catbox.moe/f1zlps.mp3"
    },
    {
        "anime": "Magical Girl Raising Project",
        "name": "DREAMCATCHER",
        "artist": "nano",
        "type": "Ending 1",
        "correctCount": 51,
        "link": "https://files.catbox.moe/bccop7.mp3"
    },
    {
        "anime": "High School Star Musical",
        "name": "Bow-Wow Again!",
        "artist": "team Ootori",
        "type": "Insert Song",
        "correctCount": 16,
        "link": "https://files.catbox.moe/caad9i.mp3"
    },
    {
        "anime": "Vexille - 2077 Isolation of Japan",
        "name": "Close Your Eyes",
        "artist": "Basement Jaxx",
        "type": "Opening 1",
        "correctCount": 3,
        "link": "https://files.catbox.moe/xrjmck.mp3"
    },
    {
        "anime": "Yuki Yuna is a Hero: Washio Sumi Chapter",
        "name": "Kami e no D\u014dkei",
        "artist": "Nami Nakagawa, Natsuki Nakamoto, Mao Takeda",
        "type": "Insert Song",
        "correctCount": 15,
        "link": "https://files.catbox.moe/bpgte3.mp3"
    },
    {
        "anime": "Tenchi Muyo! War on Geminar",
        "name": "Destino",
        "artist": "Alchemy+",
        "type": "Ending 1",
        "correctCount": 7,
        "link": "https://files.catbox.moe/r8fy72.mp3"
    },
    {
        "anime": "Aikatsu!",
        "name": "Diamond Happy",
        "artist": "Waka\u30fbFuuri\u30fbSunao from STAR\u2606ANIS",
        "type": "Insert Song",
        "correctCount": 76,
        "link": "https://files.catbox.moe/5khy6j.mp3"
    },
    {
        "anime": "Heaven's Lost Property Forte",
        "name": "Ring My Bell",
        "artist": "Souichiro Hoshi",
        "type": "Opening 1",
        "correctCount": 60,
        "link": "https://files.catbox.moe/4munu1.mp3"
    },
    {
        "anime": "Nobunagun",
        "name": "Respect for the dead man",
        "artist": "Pay money To my Pain",
        "type": "Opening 1",
        "correctCount": 32,
        "link": "https://files.catbox.moe/2p79qg.mp3"
    },
    {
        "anime": "Potemayo",
        "name": "Katamichi Catchball",
        "artist": "MOSAIC.WAV",
        "type": "Opening 1",
        "correctCount": 5,
        "link": "https://files.catbox.moe/6r9vqh.mp3"
    },
    {
        "anime": "Mahou Sensei Negima! OVA Natsu",
        "name": "Love\u2606Sensation",
        "artist": "Rina Satou, Akemi Kanda, Ai Nonaka",
        "type": "Opening 1",
        "correctCount": 4,
        "link": "https://files.catbox.moe/m924xi.mp3"
    },
    {
        "anime": "Eureka Seven",
        "name": "Days",
        "artist": "FLOW",
        "type": "Opening 1",
        "correctCount": 80,
        "link": "https://files.catbox.moe/q2qf6i.mp3"
    },
    {
        "anime": "Lovely Complex",
        "name": "Shouganeeze",
        "artist": "Umib\u014dzu BAND",
        "type": "Insert Song",
        "correctCount": 10,
        "link": "https://files.catbox.moe/kzhft6.mp3"
    }
]