[
    {
        "anime": "Ueki no H\u014dsoku",
        "name": "No regret",
        "artist": "Kumi Koda",
        "type": "Opening 2",
        "correctCount": 31,
        "video": "https://files.catbox.moe/0342nl.webm",
        "audio": "https://files.catbox.moe/snod3v.mp3"
    },
    {
        "anime": "Occultic;Nine",
        "name": "Seis\u016b 3 no Nij\u014d",
        "artist": "Kanako It\u014d",
        "type": "Opening 1",
        "correctCount": 107,
        "video": "https://files.catbox.moe/u6s3o2.webm",
        "audio": "https://files.catbox.moe/ehyjo6.mp3"
    },
    {
        "anime": "Bish\u014djo Senshi Sailor Moon S",
        "name": "Moonlight Densetsu",
        "artist": "Sakurakko Club Sakura-gumi",
        "type": "Opening 1",
        "correctCount": 73,
        "video": "https://animethemes.moe/video/SailorMoonS-OP1.webm",
        "audio": "https://files.catbox.moe/0o86z0.mp3"
    },
    {
        "anime": "Jy\u016bshin Enbu - Hero Tales",
        "name": "Kakegae no nai Hito e",
        "artist": "Mai Hoshimura",
        "type": "Ending 1",
        "correctCount": 0,
        "video": "https://files.catbox.moe/n3i9sc.webm",
        "audio": "https://files.catbox.moe/n9eo0c.mp3"
    },
    {
        "anime": "Tokyo Ghoul \u221aA",
        "name": "Kisetsu wa Tsugitsugi Shindeiku",
        "artist": "amazarashi",
        "type": "Ending 1",
        "correctCount": 93,
        "video": "https://files.catbox.moe/r12ypx.webm",
        "audio": "https://files.catbox.moe/n5cxfx.mp3"
    },
    {
        "anime": "Haibane Renmei",
        "name": "Free Bird",
        "artist": "Kou Otani",
        "type": "Opening 1",
        "correctCount": 63,
        "video": "https://openings.moe/video/HaibaneRenmei-OP01-NCBD.webm",
        "audio": "https://files.catbox.moe/ex5cei.mp3"
    },
    {
        "anime": "Ginga Eiy\u016b Densetsu: Die Neue These Kaik\u014d",
        "name": "Binary Star",
        "artist": "SawanoHiroyuki[nZk]:Uru",
        "type": "Opening 1",
        "correctCount": 46,
        "video": "https://files.catbox.moe/o2pwjj.webm",
        "audio": "https://files.catbox.moe/wmrris.mp3"
    },
    {
        "anime": "PERSONA5 the Animation",
        "name": "Dark Sun...",
        "artist": "Lyn",
        "type": "Opening 2",
        "correctCount": 133,
        "video": "https://files.catbox.moe/2pew9a.webm",
        "audio": "https://files.catbox.moe/nhdbbd.mp3"
    },
    {
        "anime": "Witchblade",
        "name": "kodou ~get closer~",
        "artist": "PSYCHIC LOVER",
        "type": "Ending 3",
        "correctCount": 4,
        "video": "https://files.catbox.moe/6jrbu8.webm",
        "audio": "https://files.catbox.moe/8dz2x8.mp3"
    },
    {
        "anime": "Palme no Ki",
        "name": "Sora no Aosa",
        "artist": "Akino Arai",
        "type": "Ending 1",
        "correctCount": 5,
        "video": "https://files.catbox.moe/prvijc.webm",
        "audio": "https://files.catbox.moe/83reao.mp3"
    },
    {
        "anime": "One Piece",
        "name": "We Are!",
        "artist": "Hiroshi Kitadani",
        "type": "Opening 1",
        "correctCount": 192,
        "video": "https://files.catbox.moe/sw7g2h.webm",
        "audio": "https://files.catbox.moe/rs18z4.mp3"
    },
    {
        "anime": "Initial D: Final Stage",
        "name": "CRAZY LITTLE LOVE",
        "artist": "NUAGE",
        "type": "Insert Song",
        "correctCount": 10,
        "video": "https://files.catbox.moe/vctc5y.webm",
        "audio": "https://files.catbox.moe/ry6s00.mp3"
    },
    {
        "anime": "Mah\u014dtsukai Chappy",
        "name": "Mahoutsukai Chappy",
        "artist": "Singers Three",
        "type": "Opening 1",
        "correctCount": 134,
        "video": "https://files.catbox.moe/ro7emz.webm",
        "audio": "https://files.catbox.moe/x156wa.mp3"
    },
    {
        "anime": "Yuyushiki",
        "name": "Kirameki! no Hi",
        "artist": "J\u014dh\u014dshori-bu",
        "type": "Opening 1",
        "correctCount": 17,
        "video": "https://files.catbox.moe/8tstk7.webm",
        "audio": "https://files.catbox.moe/bsnwsv.mp3"
    },
    {
        "anime": "Yuruyuri San Hai!",
        "name": "Acchu~ma Seishun!",
        "artist": "Nanamori Ch\u016b\u2606Goraku-Bu",
        "type": "Ending 1",
        "correctCount": 50,
        "video": "https://files.catbox.moe/zerekn.webm",
        "audio": "https://files.catbox.moe/g0tlde.mp3"
    },
    {
        "anime": "ViVid Strike!",
        "name": "Future Strike",
        "artist": "Yui Ogura",
        "type": "Opening 1",
        "correctCount": 59,
        "video": "https://files.catbox.moe/mw5xd6.webm",
        "audio": "https://files.catbox.moe/uew7nb.mp3"
    },
    {
        "anime": "King of Bandit Jing",
        "name": "Shout It Loud",
        "artist": "Scudelia Electro",
        "type": "Opening 1",
        "correctCount": 25,
        "video": "https://files.catbox.moe/jnlcpd.webm",
        "audio": "https://files.catbox.moe/bwl3rm.mp3"
    },
    {
        "anime": "El Cazador de la Bruja",
        "name": "Maxwell's witch",
        "artist": "Tokyo Philharmonic Chorus",
        "type": "Insert Song",
        "correctCount": 3,
        "video": "https://files.catbox.moe/x2guqe.webm",
        "audio": "https://files.catbox.moe/zfjait.mp3"
    },
    {
        "anime": "Natsume Y\u016bjinch\u014d Roku",
        "name": "Floria",
        "artist": "Tomohisa Sak\u014d",
        "type": "Opening 1",
        "correctCount": 80,
        "video": "https://files.catbox.moe/7ok3v1.webm",
        "audio": "https://files.catbox.moe/y7dyqt.mp3"
    },
    {
        "anime": "Digimon Adventure: Born of Koromon",
        "name": "Butter-Fly",
        "artist": "Kouji Wada",
        "type": "Ending 1",
        "correctCount": 104,
        "video": "https://files.catbox.moe/hnpd5k.webm",
        "audio": "https://files.catbox.moe/frsoce.mp3"
    },
    {
        "anime": "Star\u2606Twinkle Precure",
        "name": "Kirari\u2606 \u5f61Star\u2606Twinkle Precure",
        "artist": "Rie Kitagawa",
        "type": "Opening 1",
        "correctCount": 61,
        "video": "https://files.catbox.moe/75ldjd.webm",
        "audio": "https://files.catbox.moe/ax4e73.mp3"
    },
    {
        "anime": "Kid\u014d Shinsengumi Moeyo Ken",
        "name": "Moeyo Ken",
        "artist": "Haruna Ikezawa, Ai Orikasa, Naoko Matsui",
        "type": "Opening 1",
        "correctCount": 22,
        "video": "https://files.catbox.moe/hvk505.webm",
        "audio": "https://files.catbox.moe/03e7lv.mp3"
    },
    {
        "anime": "Future Card Buddyfight 100",
        "name": "GO GO BUDDY!!",
        "artist": "Hideyuki Takahashi",
        "type": "Insert Song",
        "correctCount": 0,
        "video": "https://files.catbox.moe/jb2b01.webm",
        "audio": "https://files.catbox.moe/mbmbhk.mp3"
    },
    {
        "anime": "Kashimashi: Girl Meets Girl",
        "name": "Koisuru Kokoro",
        "artist": "eufonius",
        "type": "Opening 1",
        "correctCount": 5,
        "video": "https://files.catbox.moe/oynitw.webm",
        "audio": "https://files.catbox.moe/wy0tgx.mp3"
    },
    {
        "anime": "Kekkai Sensen & Beyond",
        "name": "GILL BREATHING BLUES",
        "artist": "Ashwin Shenoy",
        "type": "Insert Song",
        "correctCount": 21,
        "video": "https://files.catbox.moe/ffae0h.webm",
        "audio": "https://files.catbox.moe/8u7hzd.mp3"
    },
    {
        "anime": "Beelzebub: Hirotta Akachan wa Daima\u014d!?",
        "name": "Appare\u2606Banch\u014dsanj\u014d! Beelzebub!",
        "artist": "Hiroaki Takeuchi",
        "type": "Opening 1",
        "correctCount": 15,
        "video": "https://files.catbox.moe/bo427a.webm",
        "audio": "https://files.catbox.moe/yqgw3i.mp3"
    },
    {
        "anime": "Show By Rock!!#",
        "name": "Kizuna Eternal",
        "artist": "Plasmagica",
        "type": "Insert Song",
        "correctCount": 3,
        "video": "https://files.catbox.moe/brkxfp.webm",
        "audio": "https://files.catbox.moe/kg94na.mp3"
    },
    {
        "anime": "Dr. Slump",
        "name": "Ara Ara Arale-chan",
        "artist": "Ado Mizumori and Koorogi '73",
        "type": "Ending 1",
        "correctCount": 20,
        "video": "https://files.catbox.moe/zt18p1.webm",
        "audio": "https://files.catbox.moe/ywm9fk.mp3"
    },
    {
        "anime": "Shin Sekai Yori",
        "name": "Wareta Ringo",
        "artist": "Risa Taneda",
        "type": "Ending 1",
        "correctCount": 114,
        "video": "https://files.catbox.moe/tmas1a.webm",
        "audio": "https://files.catbox.moe/7zsh0h.mp3"
    },
    {
        "anime": "Anima Yell!",
        "name": "Jump Up \u2191 Yell!!",
        "artist": "Kaminoki K\u014dk\u014d Cheerleading-bu",
        "type": "Opening 1",
        "correctCount": 97,
        "video": "https://files.catbox.moe/sex8ek.webm",
        "audio": "https://files.catbox.moe/0qzoxr.mp3"
    },
    {
        "anime": "Furi Kuri",
        "name": "Another Morning",
        "artist": "the pillows",
        "type": "Insert Song",
        "correctCount": 67,
        "video": "https://files.catbox.moe/t062ql.webm",
        "audio": "https://files.catbox.moe/ju157t.mp3"
    },
    {
        "anime": "Himitsu no Akko-chan",
        "name": "Sukisuki Song",
        "artist": "Ado Mizumori",
        "type": "Ending 1",
        "correctCount": 32,
        "video": "https://files.catbox.moe/5cslwv.webm",
        "audio": "https://files.catbox.moe/bcg8xl.mp3"
    },
    {
        "anime": "Ichigo Mashimaro",
        "name": "Ichigo Complete",
        "artist": "Saeko Chiba, Fumiko Orikasa, Ayako Kawasumi and Mamiko Noto",
        "type": "Opening 1",
        "correctCount": 37,
        "video": "https://files.catbox.moe/lrjkav.webm",
        "audio": "https://files.catbox.moe/krz6gp.mp3"
    },
    {
        "anime": "Amnesia",
        "name": "Zoetrope",
        "artist": "Nagi Yanagi",
        "type": "Opening 1",
        "correctCount": 88,
        "video": "https://files.catbox.moe/m0vc8t.webm",
        "audio": "https://files.catbox.moe/2vjjy1.mp3"
    },
    {
        "anime": "Shiba Inuko-san",
        "name": "Shiba Inuko-san no Uta",
        "artist": "Misaki Suzuki & Mikuru Sugimoto",
        "type": "Ending 1",
        "correctCount": 138,
        "video": "https://files.catbox.moe/dgcxh6.webm",
        "audio": "https://files.catbox.moe/mhh7vt.mp3"
    },
    {
        "anime": "Y\u014djo Senki Movie",
        "name": "Los! Los! Los!",
        "artist": "Aoi Y\u016bki",
        "type": "Ending 1",
        "correctCount": 161,
        "video": "https://files.catbox.moe/l2tasp.webm",
        "audio": "https://files.catbox.moe/09qyq2.mp3"
    },
    {
        "anime": "Kore ga Hont\u014d no Anzio-sen Desu!",
        "name": "Enter Enter MISSION!",
        "artist": "Ankou Team",
        "type": "Ending 1",
        "correctCount": 52,
        "video": "https://files.catbox.moe/s1czpj.webm",
        "audio": "https://files.catbox.moe/eezr2m.mp3"
    },
    {
        "anime": "Rewrite 2nd Season",
        "name": "Rewrite",
        "artist": "Psychic Lover",
        "type": "Insert Song",
        "correctCount": 30,
        "video": "https://files.catbox.moe/aodyym.webm",
        "audio": "https://files.catbox.moe/zn9l8t.mp3"
    },
    {
        "anime": "Shin Koihime\u2020Mus\u014d",
        "name": "Ima o Shinjite",
        "artist": "Asami Imai, Eriko Nakamura, Chiaki Takahashi",
        "type": "Insert Song",
        "correctCount": 6,
        "video": "https://files.catbox.moe/iafjfc.webm",
        "audio": "https://files.catbox.moe/kfa5s9.mp3"
    },
    {
        "anime": "Kengan Ashura",
        "name": "Born This Way",
        "artist": "BAD HOP",
        "type": "Ending 1",
        "correctCount": 49,
        "video": "https://files.catbox.moe/edk7l4.webm",
        "audio": "https://files.catbox.moe/xevjs8.mp3"
    },
    {
        "anime": "The Idolm@ster SideM Wake Atte Mini!",
        "name": "Moffu In the Box\u266a",
        "artist": "Mofumofuen",
        "type": "Insert Song",
        "correctCount": 2,
        "video": "https://files.catbox.moe/uq1cfj.webm",
        "audio": "https://files.catbox.moe/4qckuo.mp3"
    },
    {
        "anime": "Zoku Sayonara Zetsub\u014d Sensei",
        "name": "Lyricure GO! GO!",
        "artist": "Iyabon Senshi Lyricure",
        "type": "Opening 2",
        "correctCount": 12,
        "video": "https://animethemes.moe/video/ZokuSayonaraZetsubouSensei-OP2.webm",
        "audio": "https://files.catbox.moe/8rdf7d.mp3"
    },
    {
        "anime": "Lag-Rin",
        "name": "Hello!",
        "artist": "Megumi Nakajima",
        "type": "Ending 1",
        "correctCount": 15,
        "video": "https://files.catbox.moe/h3tl7d.webm",
        "audio": "https://files.catbox.moe/qlu8ls.mp3"
    },
    {
        "anime": "Alps no Sh\u014djo Heidi",
        "name": "Oshiete",
        "artist": "Kayoko Ish\u016b",
        "type": "Opening 1",
        "correctCount": 110,
        "video": "https://files.catbox.moe/7d30dm.webm",
        "audio": "https://files.catbox.moe/bcvp1a.mp3"
    },
    {
        "anime": "Ch\u014dshinki Dangaizer 3",
        "name": "Alive~Watashi wa Koko ni Iru~",
        "artist": "Haruna Ikezawa",
        "type": "Ending 1",
        "correctCount": 2,
        "video": "https://files.catbox.moe/34m25r.webm",
        "audio": "https://files.catbox.moe/xvkurh.mp3"
    },
    {
        "anime": "Mekakucity Actors",
        "name": "Y\u016bkei Yesterday",
        "artist": "Jin ft. LiSA",
        "type": "Ending 2",
        "correctCount": 78,
        "video": "https://files.catbox.moe/3et639.webm",
        "audio": "https://files.catbox.moe/kh065r.mp3"
    },
    {
        "anime": "Shokugeki no S\u014dma: San no Sara",
        "name": "Symbol",
        "artist": "Luck Life",
        "type": "Opening 1",
        "correctCount": 117,
        "video": "https://files.catbox.moe/f1l8l8.webm",
        "audio": "https://files.catbox.moe/z7eldw.mp3"
    },
    {
        "anime": "EnStars",
        "name": "Magic of my \"Switch\"",
        "artist": "Switch",
        "type": "Ending 8",
        "correctCount": 13,
        "video": "https://files.catbox.moe/1tgvky.webm",
        "audio": "https://files.catbox.moe/mpng8e.mp3"
    },
    {
        "anime": "Log Horizon",
        "name": "Wonderful Wonder World*",
        "artist": "Yun*chi",
        "type": "Ending 1",
        "correctCount": 109,
        "video": "https://openings.moe/video/LogHorizon2-ED01-NCBD.webm",
        "audio": "https://files.catbox.moe/fcevst.mp3"
    },
    {
        "anime": "Riding Bean",
        "name": "ROAD BUSTER",
        "artist": "Phil Perry",
        "type": "Opening 1",
        "correctCount": 20,
        "video": "https://files.catbox.moe/86zdg0.webm",
        "audio": "https://files.catbox.moe/vax325.mp3"
    },
    {
        "anime": "Hataraku Oniisan! no 2!",
        "name": "Hataraku Onii-san",
        "artist": "DearDream",
        "type": "Opening 1",
        "correctCount": 151,
        "video": "https://files.catbox.moe/ias0ei.webm",
        "audio": "https://files.catbox.moe/7w70er.mp3"
    },
    {
        "anime": "Yu-Gi-Oh! Duel Monsters",
        "name": "WILD DRIVE",
        "artist": "Masato Nagai",
        "type": "Opening 3",
        "correctCount": 50,
        "video": "https://files.catbox.moe/2bdur0.webm",
        "audio": "https://files.catbox.moe/hb6gky.mp3"
    },
    {
        "anime": "Ichigo 100%",
        "name": "Platonic Scandal",
        "artist": "Sanae Kobayashi",
        "type": "Ending 4",
        "correctCount": 7,
        "video": "https://files.catbox.moe/jpuje4.webm",
        "audio": "https://files.catbox.moe/9isqq9.mp3"
    },
    {
        "anime": "Mahoraba ~Heartful days~",
        "name": "Daiji Da\u30fbI\u30fbJi",
        "artist": "Saiki Mia and Shiraishi Ryoko",
        "type": "Opening 1",
        "correctCount": 2,
        "video": "https://files.catbox.moe/i5eyhf.webm",
        "audio": "https://files.catbox.moe/qqvwc8.mp3"
    },
    {
        "anime": "Dragon Half",
        "name": "Taosu zo! Red Dragon",
        "artist": "Yasunori Matsumoto",
        "type": "Insert Song",
        "correctCount": 0,
        "video": "https://files.catbox.moe/373kmr.webm",
        "audio": "https://files.catbox.moe/dojxp4.mp3"
    },
    {
        "anime": "Kid\u014d Senshi Z Gundam -Hoshi wo Tsugu Mono-",
        "name": "Metamorphoze",
        "artist": "GACKT",
        "type": "Opening 1",
        "correctCount": 8,
        "video": "https://files.catbox.moe/xjowme.webm",
        "audio": "https://files.catbox.moe/8be22y.mp3"
    },
    {
        "anime": "Sakamichi no Apollon",
        "name": "But not for me",
        "artist": "Junichi Suwabe",
        "type": "Insert Song",
        "correctCount": 40,
        "video": "https://files.catbox.moe/p2e7y3.webm",
        "audio": "https://files.catbox.moe/02d98v.mp3"
    },
    {
        "anime": "3-gatsu no Lion",
        "name": "Answer",
        "artist": "BUMP OF CHICKEN",
        "type": "Opening 1",
        "correctCount": 119,
        "video": "https://files.catbox.moe/2w2sef.webm",
        "audio": "https://files.catbox.moe/h6yv1m.mp3"
    },
    {
        "anime": "Ky\u014dkai no Rinne",
        "name": "Shiny",
        "artist": "Yoru no Honki Dance",
        "type": "Opening 1",
        "correctCount": 5,
        "video": "https://animethemes.moe/video/KyoukaiNoRinneS3-OP1.webm",
        "audio": "https://files.catbox.moe/pcl8gm.mp3"
    },
    {
        "anime": "Kiznaiver",
        "name": "LAY YOUR HANDS ON ME",
        "artist": "BOOM BOOM SATELLITES",
        "type": "Opening 1",
        "correctCount": 175,
        "video": "https://files.catbox.moe/y9vdhg.webm",
        "audio": "https://files.catbox.moe/ebpr7u.mp3"
    },
    {
        "anime": "Akakichi no Eleven",
        "name": "Akakichi no Eleven",
        "artist": "For Mates",
        "type": "Opening 1",
        "correctCount": 5,
        "video": "https://files.catbox.moe/0vz535.webm",
        "audio": "https://files.catbox.moe/ni3e8p.mp3"
    },
    {
        "anime": "Pretty Rhythm All Star Selection",
        "name": "CRAZY GONNA CRAZY",
        "artist": "Prizmmy\u2606",
        "type": "Opening 6",
        "correctCount": 15,
        "video": "https://files.catbox.moe/i0qnq2.webm",
        "audio": "https://files.catbox.moe/qq6k1c.mp3"
    },
    {
        "anime": "Eiga Kirakira \u2606 Precure a la Mode: Paris to! Omoide no Mille-Feuille!",
        "name": "Tres Bien-semble!!",
        "artist": "Kanako Miyamoto",
        "type": "Ending 1",
        "correctCount": 5,
        "video": "https://files.catbox.moe/3h59jq.webm",
        "audio": "https://files.catbox.moe/5hqnm5.mp3"
    },
    {
        "anime": "Future War 198X Nen",
        "name": "Ai yue ni Kanashiku",
        "artist": "Poplar",
        "type": "Ending 1",
        "correctCount": 0,
        "video": "https://files.catbox.moe/07dc9f.webm",
        "audio": "https://files.catbox.moe/nf2hzi.mp3"
    },
    {
        "anime": "Chu-2 Byo demo Koi ga Shitai! Ren",
        "name": "VOICE",
        "artist": "ZAQ",
        "type": "Opening 1",
        "correctCount": 105,
        "video": "https://files.catbox.moe/gvwozu.webm",
        "audio": "https://files.catbox.moe/ugd4pb.mp3"
    },
    {
        "anime": "Digimon: Diaboromon Strikes Back",
        "name": "Target ~Akai Sh\u014dgeki~",
        "artist": "Kouji Wada",
        "type": "Insert Song",
        "correctCount": 84,
        "video": "https://files.catbox.moe/qa29y6.webm",
        "audio": "https://files.catbox.moe/ijaxfo.mp3"
    },
    {
        "anime": "\u014cshitsu Ky\u014dshi Heine",
        "name": "Shoppai Namida",
        "artist": "Sh\u014dgo Sakamoto",
        "type": "Opening 1",
        "correctCount": 46,
        "video": "https://files.catbox.moe/n2a8i7.webm",
        "audio": "https://files.catbox.moe/411qoy.mp3"
    },
    {
        "anime": "Rewrite 2nd Season",
        "name": "Tabi",
        "artist": "Jun Maeda",
        "type": "Opening 1",
        "correctCount": 46,
        "video": "https://files.catbox.moe/s4fkfs.webm",
        "audio": "https://files.catbox.moe/y4ql4x.mp3"
    },
    {
        "anime": "Gekij\u014dban Psycho-Pass",
        "name": "Who What Who What",
        "artist": "Ling Tosite Sigure",
        "type": "Opening 1",
        "correctCount": 90,
        "video": "https://files.catbox.moe/4ecrxv.webm",
        "audio": "https://files.catbox.moe/ihic5n.mp3"
    },
    {
        "anime": "Yu-Gi-Oh!",
        "name": "Ashita Moshi Kimi ga Kowaretemo",
        "artist": "WANDS",
        "type": "Ending 1",
        "correctCount": 35,
        "video": "https://files.catbox.moe/7dzzy0.webm",
        "audio": "https://files.catbox.moe/t8zox3.mp3"
    },
    {
        "anime": "Kono Subarashii Sekai ni Shukufuku o! 2",
        "name": "TOMORROW",
        "artist": "Machico",
        "type": "Opening 1",
        "correctCount": 165,
        "video": "https://files.catbox.moe/1ld37o.webm",
        "audio": "https://files.catbox.moe/pd68tx.mp3"
    },
    {
        "anime": "Aikatsu!",
        "name": "MY SHOW TIME!",
        "artist": "Nanase from AIKATSU\u2606STARS!",
        "type": "Insert Song",
        "correctCount": 61,
        "video": "https://files.catbox.moe/pwvu91.webm",
        "audio": "https://files.catbox.moe/6m6qam.mp3"
    },
    {
        "anime": "Panda Kopanda",
        "name": "Mimi-chan to Panda Kopanda",
        "artist": "Ado Mizumori",
        "type": "Opening 1",
        "correctCount": 140,
        "video": "https://files.catbox.moe/4q40ng.webm",
        "audio": "https://files.catbox.moe/2f02hs.mp3"
    },
    {
        "anime": "Kid\u014d Tenshi Angelic Layer",
        "name": "The Starry Sky",
        "artist": "HAL",
        "type": "Ending 1",
        "correctCount": 6,
        "video": "https://files.catbox.moe/m3xju7.webm",
        "audio": "https://files.catbox.moe/sc66ov.mp3"
    },
    {
        "anime": "Gin-iro no Olynssis",
        "name": "destiny",
        "artist": "CHiYO",
        "type": "Opening 1",
        "correctCount": 1,
        "video": "https://files.catbox.moe/eofs30.webm",
        "audio": "https://files.catbox.moe/ixvik4.mp3"
    }
]