[
    {
        "anime": "The Slayers",
        "name": "Get Along",
        "artist": "Masami Okui and Megumi Hayashibara",
        "type": "Opening 1",
        "correctCount": 47,
        "video": "https://files.catbox.moe/v1qyby.webm",
        "audio": "https://files.catbox.moe/qs62ay.mp3"
    },
    {
        "anime": "Pika Pika Hoshizora Camp",
        "name": "Pok\u00e9mon Hoedown",
        "artist": "Jim Malone",
        "type": "Opening 1",
        "correctCount": 74,
        "video": "https://files.catbox.moe/sbk21d.webm",
        "audio": "https://files.catbox.moe/nrsn3l.mp3"
    },
    {
        "anime": "DanMachi",
        "name": "Hey World",
        "artist": "Yuka Iguchi",
        "type": "Opening 1",
        "correctCount": 131,
        "video": "https://files.catbox.moe/vgsmaz.webm",
        "audio": "https://files.catbox.moe/tymwnu.mp3"
    },
    {
        "anime": "Uch\u016b Ky\u014ddai #0",
        "name": "Raiu Kekk\u014d",
        "artist": "The Cro-Magnons",
        "type": "Insert Song",
        "correctCount": 4,
        "video": "https://files.catbox.moe/hon154.webm",
        "audio": "https://files.catbox.moe/jsdbye.mp3"
    },
    {
        "anime": "Joshiraku",
        "name": "Oato ga Yoroshikutte... Yo!",
        "artist": "Ayane Sakura, Kotori Koiwai, Nozomi Yamamoto, Saori Goto, Yoshino Nanjou",
        "type": "Opening 1",
        "correctCount": 62,
        "video": "https://files.catbox.moe/br7lzu.webm",
        "audio": "https://files.catbox.moe/3k0fnz.mp3"
    },
    {
        "anime": "Oregairu",
        "name": "Yukitoki",
        "artist": "Nagi Yanagi",
        "type": "Opening 1",
        "correctCount": 120,
        "video": "https://files.catbox.moe/b5g7em.webm",
        "audio": "https://files.catbox.moe/i48cex.mp3"
    },
    {
        "anime": "Sekai Ichi Hatsukoi - The World's Greatest First Love",
        "name": "Ashita, Boku wa Kimi ni Ai ni Yuku",
        "artist": "Wakaba",
        "type": "Ending 1",
        "correctCount": 11,
        "video": "https://files.catbox.moe/zdx19h.webm",
        "audio": "https://files.catbox.moe/wba989.mp3"
    },
    {
        "anime": "Digimon Adventure tri. Bokura no Mirai",
        "name": "brave heart~tri.Version~",
        "artist": "Ayumi Miyazaki",
        "type": "Insert Song",
        "correctCount": 86,
        "video": "https://files.catbox.moe/7sg7s9.webm",
        "audio": "https://files.catbox.moe/9ztlz7.mp3"
    },
    {
        "anime": "Aikatsu!",
        "name": "MY SHOW TIME!",
        "artist": "Nanase from AIKATSU\u2606STARS!",
        "type": "Insert Song",
        "correctCount": 53,
        "video": "https://files.catbox.moe/3wlf72.webm",
        "audio": "https://files.catbox.moe/xkljje.mp3"
    },
    {
        "anime": "Jin-Roh - The Wolf Brigade",
        "name": "Jinroh-Main Theme- opening ver.",
        "artist": "Members of the Czech Philharmonic Orchestra",
        "type": "Opening 1",
        "correctCount": 13,
        "video": "https://files.catbox.moe/02c3bh.webm",
        "audio": "https://files.catbox.moe/2cl18q.mp3"
    },
    {
        "anime": "Naikaku Kenryoku Hanzai Kyosei Torishimarikan Zaizen Jotaro",
        "name": "Zero no Kimochi",
        "artist": "doa",
        "type": "Opening 1",
        "correctCount": 0,
        "video": "https://files.catbox.moe/bhj4sj.webm",
        "audio": "https://files.catbox.moe/39ogoj.mp3"
    },
    {
        "anime": "Re-Kan!",
        "name": "Colorful Story",
        "artist": "every\u2665ing!",
        "type": "Opening 1",
        "correctCount": 20,
        "video": "https://animethemes.moe/video/ReKan-OP1.webm",
        "audio": null
    },
    {
        "anime": "Lucky Star OVA",
        "name": "Ai o Torimodose!!",
        "artist": "Uchoten",
        "type": "Ending 1",
        "correctCount": 129,
        "video": "https://files.catbox.moe/9g7uwj.webm",
        "audio": "https://files.catbox.moe/lomjyq.mp3"
    },
    {
        "anime": "Danshi K\u014dk\u014dsei no Nichij\u014d",
        "name": "Ohisama",
        "artist": "Amesaki Annainin",
        "type": "Ending 2",
        "correctCount": 88,
        "video": "https://files.catbox.moe/g7hgrs.webm",
        "audio": "https://files.catbox.moe/gmmdjw.mp3"
    },
    {
        "anime": "K\u016bsen Mad\u014dshi K\u014dhosei no Ky\u014dkan",
        "name": "D.O.B",
        "artist": "Iori Nomizu",
        "type": "Opening 1",
        "correctCount": 35,
        "video": "https://files.catbox.moe/uxgcd6.webm",
        "audio": "https://files.catbox.moe/tsarpf.mp3"
    },
    {
        "anime": "Happy Lesson The Final",
        "name": "Hikari Hitotsu Hirari",
        "artist": "Sleepin' JohnnyFish",
        "type": "Opening 1",
        "correctCount": 1,
        "video": "https://files.catbox.moe/66pmsq.webm",
        "audio": "https://files.catbox.moe/mo33le.mp3"
    },
    {
        "anime": "Nodame Cantabile",
        "name": "Sagittarius",
        "artist": "SUEMITSU & THE SUEMITH",
        "type": "Ending 2",
        "correctCount": 33,
        "video": "https://files.catbox.moe/fhtk74.webm",
        "audio": "https://files.catbox.moe/jua3am.mp3"
    },
    {
        "anime": "K\u014dtetsuj\u014d no Kabaneri S\u014dsh\u016bhen",
        "name": "KABANERI OF THE IRON FORTRESS",
        "artist": "EGOIST",
        "type": "Opening 1",
        "correctCount": 134,
        "video": "https://files.catbox.moe/xi7t1s.webm",
        "audio": "https://files.catbox.moe/tetu6c.mp3"
    },
    {
        "anime": "S\u014dky\u016b no Fafner Exodus",
        "name": "Exist",
        "artist": "angela",
        "type": "Opening 1",
        "correctCount": 30,
        "video": "https://files.catbox.moe/9r6iyr.webm",
        "audio": "https://files.catbox.moe/4ymvhc.mp3"
    },
    {
        "anime": "Hyakka Ry\u014dran Samurai Bride",
        "name": "AI DO.",
        "artist": "Miyuki Hashimoto",
        "type": "Opening 1",
        "correctCount": 19,
        "video": null,
        "audio": "https://files.catbox.moe/03nhj7.mp3"
    },
    {
        "anime": "11eyes",
        "name": "Arrival of Tears",
        "artist": "Ayane",
        "type": "Opening 1",
        "correctCount": 61,
        "video": "https://files.catbox.moe/0v3sl3.webm",
        "audio": "https://files.catbox.moe/wlwzb6.mp3"
    },
    {
        "anime": "The Humanoid - Ai no Wakusei Lazeria",
        "name": "Dancing in the Rain",
        "artist": "Megumi Hayakawa",
        "type": "Opening 1",
        "correctCount": 0,
        "video": "https://files.catbox.moe/9pvti0.webm",
        "audio": "https://files.catbox.moe/5iapx7.mp3"
    },
    {
        "anime": "Skip Beat!",
        "name": "Renaissance",
        "artist": "the generous",
        "type": "Opening 2",
        "correctCount": 15,
        "video": "https://files.catbox.moe/m6qiop.webm",
        "audio": "https://files.catbox.moe/h1tmj0.mp3"
    },
    {
        "anime": "Shokugeki no S\u014dma: Ni no Sara",
        "name": "Snow Drop",
        "artist": "nano.RIPE",
        "type": "Ending 1",
        "correctCount": 76,
        "video": "https://files.catbox.moe/llx58b.webm",
        "audio": "https://files.catbox.moe/o7nos2.mp3"
    },
    {
        "anime": "Chobits",
        "name": "Raison d'\u00catre",
        "artist": "Rie Tanaka",
        "type": "Ending 1",
        "correctCount": 38,
        "video": "https://animethemes.moe/video/Chobits-ED1.webm",
        "audio": "https://files.catbox.moe/1lzv6p.mp3"
    },
    {
        "anime": "One Piece",
        "name": "Sogeking (Hero) no Uta",
        "artist": "Sogeking to Shounen Shoujo Gasshou-dan",
        "type": "Insert Song",
        "correctCount": 48,
        "video": "https://files.catbox.moe/zrul09.webm",
        "audio": "https://files.catbox.moe/5ubwoi.mp3"
    },
    {
        "anime": "Gyakuten Saiban ~Sono \"Shinjitsu\", Igiari!~ Season 2",
        "name": "Beautiful Days",
        "artist": "Coalamode.",
        "type": "Ending 2",
        "correctCount": 7,
        "video": "https://files.catbox.moe/43myaz.webm",
        "audio": "https://files.catbox.moe/ikww2g.mp3"
    },
    {
        "anime": "Assassins Pride",
        "name": "Share the light",
        "artist": "Run Girls, Run!",
        "type": "Opening 1",
        "correctCount": 90,
        "video": "https://files.catbox.moe/nhotok.webm",
        "audio": "https://files.catbox.moe/dse1d8.mp3"
    },
    {
        "anime": "Kobato.",
        "name": "Ashita Kuru Hi ~Sakura Saku Koro",
        "artist": "Kana Hanazawa",
        "type": "Ending 3",
        "correctCount": 7,
        "video": "https://files.catbox.moe/hy4asi.webm",
        "audio": "https://files.catbox.moe/u5bzbx.mp3"
    },
    {
        "anime": "Duel Masters",
        "name": "Mirai wa Joe! Joe!",
        "artist": "Hayabusa",
        "type": "Opening 1",
        "correctCount": 6,
        "video": "https://files.catbox.moe/9lfvsk.webm",
        "audio": "https://files.catbox.moe/0rnp2y.mp3"
    },
    {
        "anime": "Seny\u016b.",
        "name": "Believe -Eien no Link-",
        "artist": "JAM Project",
        "type": "Ending 1",
        "correctCount": 46,
        "video": "https://files.catbox.moe/27b3vb.webm",
        "audio": "https://files.catbox.moe/pgz92y.mp3"
    },
    {
        "anime": "Lucky Star",
        "name": "Sakura Saku Mirai Koi Yume",
        "artist": "yozuca*",
        "type": "Insert Song",
        "correctCount": 52,
        "video": "https://files.catbox.moe/c9b6tg.webm",
        "audio": "https://files.catbox.moe/b7j4zp.mp3"
    },
    {
        "anime": "Orange",
        "name": "Mirai",
        "artist": "Kobukuro",
        "type": "Ending 1",
        "correctCount": 62,
        "video": "https://files.catbox.moe/0p8uhf.webm",
        "audio": "https://files.catbox.moe/uy9n3q.mp3"
    },
    {
        "anime": "Shinpi no Sekai El Hazard",
        "name": "BOYS BE FREE!",
        "artist": "Etsuko Kozakura",
        "type": "Ending 1",
        "correctCount": 1,
        "video": "https://files.catbox.moe/ma92xo.webm",
        "audio": "https://files.catbox.moe/d63z42.mp3"
    },
    {
        "anime": "GUNxSWORD",
        "name": "GUN\u00d7SWORD (starting again)",
        "artist": "Kotaro Nakagawa feat. Ondekoza",
        "type": "Ending 6",
        "correctCount": 12,
        "video": "https://files.catbox.moe/j4g8r7.webm",
        "audio": "https://files.catbox.moe/ulx564.mp3"
    },
    {
        "anime": "Kuroko no Basuke Winter Cup S\u014dsh\u016b-hen",
        "name": "The Experience",
        "artist": "OLDCODEX",
        "type": "Opening 1",
        "correctCount": 31,
        "video": "https://files.catbox.moe/qm06vt.webm",
        "audio": "https://files.catbox.moe/rebxlk.mp3"
    },
    {
        "anime": "Kenritsu Chiky\u016b B\u014deigun",
        "name": "S.F.",
        "artist": "Kiyoshir\u014d Imawano+CHAR",
        "type": "Opening 1",
        "correctCount": 0,
        "video": "https://files.catbox.moe/vabumj.webm",
        "audio": "https://files.catbox.moe/sqwerg.mp3"
    },
    {
        "anime": "JoJo no Kimy\u014d na B\u014dken: Diamond wa Kudakenai",
        "name": "I Want You",
        "artist": "Savage Garden",
        "type": "Ending 1",
        "correctCount": 71,
        "video": "https://files.catbox.moe/49gj2y.webm",
        "audio": "https://files.catbox.moe/8l9d04.mp3"
    },
    {
        "anime": "ImoCho.",
        "name": "Charming Do!",
        "artist": "Yui Ogura",
        "type": "Ending 1",
        "correctCount": 8,
        "video": "https://files.catbox.moe/j542xd.webm",
        "audio": "https://files.catbox.moe/pz0jvi.mp3"
    },
    {
        "anime": "Utawarerumono OVA",
        "name": "adamant faith",
        "artist": "Suara",
        "type": "Opening 1",
        "correctCount": 19,
        "video": "https://files.catbox.moe/028uaf.webm",
        "audio": "https://files.catbox.moe/zrpwrf.mp3"
    },
    {
        "anime": "Sound! Euphonium 2",
        "name": "Starting the project",
        "artist": "Kitauji Koukou Suisougaku-bu",
        "type": "Insert Song",
        "correctCount": 30,
        "video": "https://files.catbox.moe/e9kphr.webm",
        "audio": "https://files.catbox.moe/uk92tg.mp3"
    },
    {
        "anime": "Joshiraku",
        "name": "Nippon Egao Hyakkei",
        "artist": "Momokurotei Ichimon",
        "type": "Ending 1",
        "correctCount": 90,
        "video": "https://openings.moe/video/Joshiraku-ED01-NCOLD.webm",
        "audio": "https://files.catbox.moe/6d8zoc.mp3"
    },
    {
        "anime": "Lupin Sansei vs Meitantei Conan THE MOVIE",
        "name": "THEME FROM LUPIN III ~2013 WITH CONAN ver.",
        "artist": "Yuji Ohno",
        "type": "Opening 1",
        "correctCount": 4,
        "video": "https://files.catbox.moe/tackfh.webm",
        "audio": "https://files.catbox.moe/azozax.mp3"
    },
    {
        "anime": "Gantz",
        "name": "Super Shooter",
        "artist": "RIP SLYME",
        "type": "Opening 1",
        "correctCount": 71,
        "video": "https://files.catbox.moe/b6xkry.webm",
        "audio": "https://files.catbox.moe/0rnmai.mp3"
    },
    {
        "anime": "Nanatsu no Taizai",
        "name": "7-seven-",
        "artist": "FLOW\u00d7GRANRODEO",
        "type": "Ending 2",
        "correctCount": 89,
        "video": "https://files.catbox.moe/f85nsu.webm",
        "audio": "https://files.catbox.moe/7vytm3.mp3"
    },
    {
        "anime": "Karakai J\u014dzu no Takagi-san",
        "name": "Iwanai kedo ne.",
        "artist": "Yuiko Ohara",
        "type": "Opening 1",
        "correctCount": 95,
        "video": "https://files.catbox.moe/pplm79.webm",
        "audio": "https://files.catbox.moe/ck63a6.mp3"
    },
    {
        "anime": "Overlord",
        "name": "L.L.L.",
        "artist": "MYTH & ROID",
        "type": "Ending 1",
        "correctCount": 124,
        "video": "https://files.catbox.moe/qkzic0.webm",
        "audio": "https://files.catbox.moe/ysl2pf.mp3"
    },
    {
        "anime": "PriPara & Kiratto Pri\u2606Chan: Kira Kira Memorial Live",
        "name": "Devi & An\u2606Reversible-Ring",
        "artist": "Aromageddon",
        "type": "Insert Song",
        "correctCount": 22,
        "video": "https://files.catbox.moe/ajpq4v.webm",
        "audio": "https://files.catbox.moe/l2cuh5.mp3"
    },
    {
        "anime": "Rupan Sansei: Harimao no Zaih\u014d o oe!!",
        "name": "Lupin Sansei no Theme 1989",
        "artist": "Y\u016bji \u014cno",
        "type": "Opening 1",
        "correctCount": 2,
        "video": "https://files.catbox.moe/0sjotd.webm",
        "audio": null
    },
    {
        "anime": "Ring ni Kakero 1: Shadow",
        "name": "Asu e no Hish\u014d\uff5eflap your wings\uff5e",
        "artist": "Marina del ray",
        "type": "Ending 1",
        "correctCount": 0,
        "video": "https://files.catbox.moe/6ivkxo.webm",
        "audio": "https://files.catbox.moe/r3orxs.mp3"
    },
    {
        "anime": "Yawara! A Fashionable Judo Girl",
        "name": "Miracle Girl",
        "artist": "Nagai Mariko",
        "type": "Opening 1",
        "correctCount": 1,
        "video": "https://files.catbox.moe/d45gnf.webm",
        "audio": "https://files.catbox.moe/s30hhe.mp3"
    },
    {
        "anime": "Fate/Apocrypha",
        "name": "ASH",
        "artist": "LiSA",
        "type": "Opening 2",
        "correctCount": 79,
        "video": "https://files.catbox.moe/ryd3ml.webm",
        "audio": "https://files.catbox.moe/e4e36k.mp3"
    },
    {
        "anime": "Kid\u014d Keisatsu Patlabor",
        "name": "Miraiha Lovers",
        "artist": "Hiroko Kasahara",
        "type": "Opening 1",
        "correctCount": 9,
        "video": "https://files.catbox.moe/wslza7.webm",
        "audio": "https://files.catbox.moe/kknl1l.mp3"
    },
    {
        "anime": "Detective Conan: 16 Suspects",
        "name": "Winter Bells",
        "artist": "Mai Kuraki",
        "type": "Ending 1",
        "correctCount": 45,
        "video": "https://files.catbox.moe/mhb4e5.webm",
        "audio": "https://files.catbox.moe/80wbgl.mp3"
    },
    {
        "anime": "K\u014dtetsuj\u014d no Kabaneri: Unato Kessen",
        "name": "1coma",
        "artist": "Mika Kobayashi",
        "type": "Insert Song",
        "correctCount": 55,
        "video": "https://files.catbox.moe/ml4phr.webm",
        "audio": "https://files.catbox.moe/2nv3cj.mp3"
    },
    {
        "anime": "Ry\u016bgaj\u014d Nanana no Maiz\u014dkin",
        "name": "Butterfly Effect",
        "artist": "Shiritsu Ebisu Chuugaku",
        "type": "Opening 1",
        "correctCount": 55,
        "video": "https://files.catbox.moe/hqu78r.webm",
        "audio": "https://files.catbox.moe/mdvu5f.mp3"
    },
    {
        "anime": "Hataraku Oniisan! no 2!",
        "name": "Hataraku Onii-san",
        "artist": "DearDream",
        "type": "Opening 1",
        "correctCount": 118,
        "video": "https://files.catbox.moe/ias0ei.webm",
        "audio": "https://files.catbox.moe/7w70er.mp3"
    },
    {
        "anime": "Ai Tenshi Densetsu Wedding Peach",
        "name": "Yume Miru Ai Tenshi",
        "artist": "FURIL",
        "type": "Opening 1",
        "correctCount": 4,
        "video": "https://files.catbox.moe/ij9q7i.webm",
        "audio": "https://files.catbox.moe/ogb51w.mp3"
    },
    {
        "anime": "Glass no Kantai",
        "name": "Namida Drop",
        "artist": "Plastic Tree",
        "type": "Ending 1",
        "correctCount": 1,
        "video": "https://files.catbox.moe/bno8ml.webm",
        "audio": "https://files.catbox.moe/ps6k6k.mp3"
    },
    {
        "anime": "Mononoke",
        "name": "Kagen no Tsuki",
        "artist": "Ryouta Komatsu and Charlie Kosei",
        "type": "Opening 1",
        "correctCount": 70,
        "video": "https://files.catbox.moe/dvbx5s.webm",
        "audio": "https://files.catbox.moe/zvfvuk.mp3"
    },
    {
        "anime": "Tengen Toppa Gurren Lagann: Ragan-hen",
        "name": "Sora-iro Days -Tengen Toppa EDITION-",
        "artist": "Shoko Nakagawa",
        "type": "Insert Song",
        "correctCount": 10,
        "video": "https://files.catbox.moe/5hbnps.webm",
        "audio": "https://files.catbox.moe/231bg3.mp3"
    },
    {
        "anime": "Kono Naka ni Hitori, Im\u014dto ga Iru!",
        "name": "Choose me Darling",
        "artist": "StylipS",
        "type": "Opening 1",
        "correctCount": 34,
        "video": "https://files.catbox.moe/vhchhj.webm",
        "audio": "https://files.catbox.moe/h9i2sz.mp3"
    },
    {
        "anime": "Hakata Mentai! Pirikarako-chan",
        "name": "Pippi Pirikara, Pirikarako",
        "artist": "mathru@KanimisoP feat. Meika Hime & Mikoto",
        "type": "Ending 1",
        "correctCount": 41,
        "video": "https://files.catbox.moe/qj21di.webm",
        "audio": "https://files.catbox.moe/pbw7vl.mp3"
    },
    {
        "anime": "Rosario to Vampire",
        "name": "Yukidoke no Koigokoro",
        "artist": "Rie Kugimiya",
        "type": "Insert Song",
        "correctCount": 6,
        "video": "https://files.catbox.moe/sjzs34.webm",
        "audio": "https://files.catbox.moe/3einr6.mp3"
    },
    {
        "anime": "Shugo Chara!! Doki",
        "name": "Meikyuu Butterfly",
        "artist": "Nana Mizuki",
        "type": "Insert Song",
        "correctCount": 12,
        "video": "https://files.catbox.moe/df0bj6.webm",
        "audio": "https://files.catbox.moe/jxbvpz.mp3"
    },
    {
        "anime": "Suzumiya Haruhi no Y\u016butsu",
        "name": "Tomare!",
        "artist": "Yuko Goto, Minori Chihara, Aya Hirano",
        "type": "Ending 1",
        "correctCount": 72,
        "video": "https://files.catbox.moe/2mmw7m.webm",
        "audio": "https://files.catbox.moe/6fn3ot.mp3"
    },
    {
        "anime": "Di Gi Charat Nyo",
        "name": "PARTY\u2606NIGHT -Cyber Trance Version-",
        "artist": "Asami Sanada, Miyuki Sawashiro, Kyoko Hikami, and Yuka Iguchi",
        "type": "Ending 3",
        "correctCount": 2,
        "video": "https://files.catbox.moe/ukwzuz.webm",
        "audio": "https://files.catbox.moe/n27ikz.mp3"
    },
    {
        "anime": "Wake Up, Girls! Beyond the Bottom",
        "name": "Tomaranai Mirai",
        "artist": "I-1 club",
        "type": "Insert Song",
        "correctCount": 4,
        "video": "https://files.catbox.moe/ruiu8q.webm",
        "audio": "https://files.catbox.moe/vgz2gf.mp3"
    },
    {
        "anime": "B-PROJECT-Kodo Ambitious-",
        "name": "Color of Heart",
        "artist": "Yuuto Uemura",
        "type": "Insert Song",
        "correctCount": 6,
        "video": "https://files.catbox.moe/nlfxe0.webm",
        "audio": "https://files.catbox.moe/5kn9jk.mp3"
    },
    {
        "anime": "Seitokai Yakuindomo*",
        "name": "Sakura no Sora",
        "artist": "Suginami Jid\u014d Gassh\u014d-dan",
        "type": "Ending 2",
        "correctCount": 6,
        "video": "https://files.catbox.moe/dggp25.webm",
        "audio": "https://files.catbox.moe/btm6wg.mp3"
    },
    {
        "anime": "Koe no Katachi",
        "name": "Koi wo Shita no wa",
        "artist": "aiko",
        "type": "Ending 1",
        "correctCount": 79,
        "video": "https://files.catbox.moe/xcihar.webm",
        "audio": "https://files.catbox.moe/zu430p.mp3"
    },
    {
        "anime": "Dagashi Kashi 2",
        "name": "Oh My Sugar Feeling!!",
        "artist": "Ayana Taketatsu",
        "type": "Opening 1",
        "correctCount": 47,
        "video": "https://files.catbox.moe/diac5m.webm",
        "audio": "https://files.catbox.moe/fdfupq.mp3"
    },
    {
        "anime": "Mnemosyne - Mnemosyne no Musume-tachi",
        "name": "Cause Disarray",
        "artist": "GALNERYUS",
        "type": "Ending 1",
        "correctCount": 22,
        "video": "https://files.catbox.moe/eidn7s.webm",
        "audio": "https://files.catbox.moe/c5mez1.mp3"
    },
    {
        "anime": "Gallery Fake",
        "name": "Dakara, Watashi wa Utau",
        "artist": "Natural High",
        "type": "Ending 2",
        "correctCount": 1,
        "video": "https://files.catbox.moe/uj99n1.webm",
        "audio": "https://files.catbox.moe/zpf3le.mp3"
    },
    {
        "anime": "Fate/stay night TV reproduction",
        "name": "Kumo no Kakera",
        "artist": "Jyukai feat. Sachi Tainaka",
        "type": "Ending 2",
        "correctCount": 4,
        "video": "https://files.catbox.moe/k47hpc.webm",
        "audio": "https://files.catbox.moe/gbhxxl.mp3"
    }
]