[
    {
        "anime": "Yozakura Quartet ~Hana no Uta~",
        "name": "Sakura no Ato (all quartets lead to the?)",
        "artist": "UNISON SQUARE GARDEN",
        "type": "Opening 1",
        "correctCount": 44,
        "video": null,
        "audio": "https://files.catbox.moe/k4mjxz.mp3"
    },
    {
        "anime": "Vampire Knight",
        "name": "Futatsu no Kodou to Akai Tsumi",
        "artist": "ON/OFF",
        "type": "Opening 1",
        "correctCount": 76,
        "video": "https://files.catbox.moe/rayr81.webm",
        "audio": "https://files.catbox.moe/3i3f2w.mp3"
    },
    {
        "anime": "Tari Tari",
        "name": "goin' my way! (Chorus Club Version)",
        "artist": "Shirahamazaka Koukou Gasshou-bu",
        "type": "Insert Song",
        "correctCount": 35,
        "video": "https://files.catbox.moe/i5tnju.webm",
        "audio": "https://files.catbox.moe/uhtaj4.mp3"
    },
    {
        "anime": "Dragon Ball Z: Fukkatsu no Fusion!! Goku to Vegita",
        "name": "WE GOTTA POWER",
        "artist": "Hironobu Kageyama",
        "type": "Opening 1",
        "correctCount": 154,
        "video": "https://files.catbox.moe/oe09sf.webm",
        "audio": "https://files.catbox.moe/wjwl8l.mp3"
    },
    {
        "anime": "Tokyo Ghoul: Pinto",
        "name": "Mun\u014d",
        "artist": "\u00f6sterreich",
        "type": "Ending 1",
        "correctCount": 111,
        "video": "https://files.catbox.moe/lnsjkg.webm",
        "audio": "https://files.catbox.moe/sq9yg6.mp3"
    },
    {
        "anime": "RahXephon",
        "name": "Hemisphere",
        "artist": "Maaya Sakamoto",
        "type": "Opening 1",
        "correctCount": 23,
        "video": "https://files.catbox.moe/yms1pb.webm",
        "audio": "https://files.catbox.moe/fl2fcv.mp3"
    },
    {
        "anime": "Majin Tantei N\u014dgami Neuro",
        "name": "DIRTY",
        "artist": "Nightmare",
        "type": "Opening 1",
        "correctCount": 12,
        "video": "https://files.catbox.moe/24jv5j.webm",
        "audio": "https://files.catbox.moe/hkk2dg.mp3"
    },
    {
        "anime": "Bucky - The Incredible Kid",
        "name": "LAST TEARS",
        "artist": "TWO-MIX",
        "type": "Ending 1",
        "correctCount": 2,
        "video": "https://files.catbox.moe/kkb50u.webm",
        "audio": "https://files.catbox.moe/ob6v5x.mp3"
    },
    {
        "anime": "T\u014dhai Densetsu Akagi -Yami ni Maiorita Tensai-",
        "name": "Akagi",
        "artist": "MAXIMUM THE HORMONE",
        "type": "Ending 1",
        "correctCount": 24,
        "video": "https://files.catbox.moe/ds2pp2.webm",
        "audio": "https://files.catbox.moe/05ezcp.mp3"
    },
    {
        "anime": "Gekij\u014dban PriPara Mi~nna Atsumare! Prism Tours",
        "name": "You May Dream",
        "artist": "LISP",
        "type": "Insert Song",
        "correctCount": 21,
        "video": "https://files.catbox.moe/8k9d5h.webm",
        "audio": "https://files.catbox.moe/qtazsp.mp3"
    },
    {
        "anime": "Pingu in the City",
        "name": "PINGU A GO! GO!",
        "artist": "Ken Arai",
        "type": "Opening 1",
        "correctCount": 139,
        "video": "https://files.catbox.moe/rmjchp.webm",
        "audio": "https://files.catbox.moe/8hw5iu.mp3"
    },
    {
        "anime": "Eiga Precure All Stars: Haru no Carnival",
        "name": "39 Fairies",
        "artist": "Yuka Uchiyae",
        "type": "Insert Song",
        "correctCount": 3,
        "video": "https://files.catbox.moe/565ygq.webm",
        "audio": "https://files.catbox.moe/brusvg.mp3"
    },
    {
        "anime": "Utawarerumono: Itsuwari no Kamen",
        "name": "Hoshi Furu Sora Aogimite",
        "artist": "Suara",
        "type": "Ending 2",
        "correctCount": 22,
        "video": "https://files.catbox.moe/o4nx06.webm",
        "audio": "https://files.catbox.moe/34gtgq.mp3"
    },
    {
        "anime": "Shokugeki no S\u014dma: San no Sara",
        "name": "Symbol",
        "artist": "Luck Life",
        "type": "Opening 1",
        "correctCount": 106,
        "video": "https://files.catbox.moe/f1l8l8.webm",
        "audio": "https://files.catbox.moe/z7eldw.mp3"
    },
    {
        "anime": "Carnival Phantasm",
        "name": "Fellows",
        "artist": "Masaaki Endoh",
        "type": "Ending 1",
        "correctCount": 56,
        "video": "https://files.catbox.moe/klr8y5.webm",
        "audio": "https://files.catbox.moe/xs2uwz.mp3"
    },
    {
        "anime": "Wake Up, Girls!: The Movie",
        "name": "Tachiagare!",
        "artist": "Wake Up, Girls!",
        "type": "Ending 1",
        "correctCount": 41,
        "video": "https://files.catbox.moe/8z3gon.webm",
        "audio": "https://files.catbox.moe/39buca.mp3"
    },
    {
        "anime": "Ky\u014ds\u014dgiga",
        "name": "The Secret of My Life",
        "artist": "Aimee Blackschleger",
        "type": "Insert Song",
        "correctCount": 2,
        "video": "https://files.catbox.moe/937f6r.webm",
        "audio": "https://files.catbox.moe/o7o650.mp3"
    },
    {
        "anime": "Aikatsu!",
        "name": "Hirari/Hitori/Kirari",
        "artist": "Waka\u30fbFuuri\u30fbSunao\u30fb Remi\u30fbMoe\u30fbEri\u30fbYuna\u30fbRisuko from STAR\u2606ANIS",
        "type": "Insert Song",
        "correctCount": 82,
        "video": "https://files.catbox.moe/a7fi8j.webm",
        "audio": "https://files.catbox.moe/3lduwy.mp3"
    },
    {
        "anime": "Aa Megami-sama",
        "name": "My Heart iidasenai, Your Heart tashikametai",
        "artist": "the Goddess Family Club",
        "type": "Opening 1",
        "correctCount": 16,
        "video": "https://files.catbox.moe/88pktn.webm",
        "audio": "https://files.catbox.moe/o606ye.mp3"
    },
    {
        "anime": "The Slayers",
        "name": "Get Along",
        "artist": "Masami Okui and Megumi Hayashibara",
        "type": "Opening 1",
        "correctCount": 64,
        "video": "https://files.catbox.moe/v1qyby.webm",
        "audio": "https://files.catbox.moe/qs62ay.mp3"
    },
    {
        "anime": "Y\u016bki Y\u016bna wa Y\u016bsha de Aru: Y\u016bsha no Sh\u014d",
        "name": "Ifuu Doudou",
        "artist": "Nami Nakagawa",
        "type": "Insert Song",
        "correctCount": 100,
        "video": "https://files.catbox.moe/hvmsab.webm",
        "audio": "https://files.catbox.moe/1q8zv7.mp3"
    },
    {
        "anime": "Akiba's Trip: The Animation",
        "name": "Ikken Rakuchaku Go Y\u014djin",
        "artist": "Earphones",
        "type": "Opening 1",
        "correctCount": 80,
        "video": "https://files.catbox.moe/erqmuv.webm",
        "audio": "https://files.catbox.moe/96m078.mp3"
    },
    {
        "anime": "Gatchaman",
        "name": "Gatchaman no Uta",
        "artist": "Masato Shimon",
        "type": "Opening 2",
        "correctCount": 121,
        "video": "https://files.catbox.moe/98sxuk.webm",
        "audio": "https://files.catbox.moe/6drd1k.mp3"
    },
    {
        "anime": "Riding Bean",
        "name": "RUNNIN' THE ROAD",
        "artist": "Phil Perry",
        "type": "Ending 1",
        "correctCount": 3,
        "video": "https://files.catbox.moe/0ucg3k.webm",
        "audio": "https://files.catbox.moe/aq8aa2.mp3"
    },
    {
        "anime": "Aikatsu Stars!",
        "name": "Summer Tears Diary",
        "artist": "Kana from AIKATSU\u2606STARS!",
        "type": "Insert Song",
        "correctCount": 20,
        "video": "https://files.catbox.moe/cse192.webm",
        "audio": "https://files.catbox.moe/1iixmo.mp3"
    },
    {
        "anime": "Jaku-San-Sei Million Arthur",
        "name": "Bakuny\u016b Ondo",
        "artist": "Satomi Akesaka, Aoi Y\u016bki, Satomi Arai, & Dansei no Minasama",
        "type": "Ending 13",
        "correctCount": 13,
        "video": "https://files.catbox.moe/1qfjsp.webm",
        "audio": "https://files.catbox.moe/5hh4oe.mp3"
    },
    {
        "anime": "Master of Mosquiton '99",
        "name": "GOOD VIBRATION",
        "artist": "Cyber Nation Network",
        "type": "Opening 2",
        "correctCount": 2,
        "video": "https://files.catbox.moe/rfzr25.webm",
        "audio": "https://files.catbox.moe/w7gdlb.mp3"
    },
    {
        "anime": "Oda Nobuna no Yab\u014d",
        "name": "Link",
        "artist": "Aimi",
        "type": "Opening 1",
        "correctCount": 37,
        "video": "https://files.catbox.moe/8hu22s.webm",
        "audio": "https://files.catbox.moe/nkb4xr.mp3"
    },
    {
        "anime": "Hora, Mimi ga Mieteru yo!",
        "name": "Mimimimi\u2606Puwappu",
        "artist": "Tsukino Amasato",
        "type": "Opening 1",
        "correctCount": 61,
        "video": "https://files.catbox.moe/2akzcu.webm",
        "audio": "https://files.catbox.moe/5hyr6o.mp3"
    },
    {
        "anime": "Go Astro Boy Go!",
        "name": "ASTRO BOY ~GO! GO! Atom~",
        "artist": "DOBERMAN INFINITY",
        "type": "Opening 1",
        "correctCount": 9,
        "video": "https://files.catbox.moe/yuts2i.webm",
        "audio": "https://files.catbox.moe/gl22vo.mp3"
    },
    {
        "anime": "Monster Strike the Animation",
        "name": "Let's Dance!!",
        "artist": "Tomotaka Oosumi",
        "type": "Ending 3",
        "correctCount": 4,
        "video": "https://files.catbox.moe/gluia6.webm",
        "audio": "https://files.catbox.moe/8v6jtz.mp3"
    },
    {
        "anime": "Glass Maiden",
        "name": "Never looking back - Sukit\u014dru Kokoro de",
        "artist": "Rie",
        "type": "Opening 1",
        "correctCount": 3,
        "video": "https://files.catbox.moe/gvk57j.webm",
        "audio": "https://files.catbox.moe/v4gucn.mp3"
    },
    {
        "anime": "PriPara & Kiratto Pri\u2606Chan: Kira Kira Memorial Live",
        "name": "One Two Sweets",
        "artist": "Koko Hayashi",
        "type": "Insert Song",
        "correctCount": 14,
        "video": "https://files.catbox.moe/k4ddqj.webm",
        "audio": "https://files.catbox.moe/azk7un.mp3"
    },
    {
        "anime": "Meitantei Conan: Tokei Jikake no Matenr\u014d",
        "name": "Kimi ga Ireba",
        "artist": "Iori",
        "type": "Insert Song",
        "correctCount": 97,
        "video": "https://files.catbox.moe/o4diqh.webm",
        "audio": "https://files.catbox.moe/4ocyt0.mp3"
    },
    {
        "anime": "Time Bokan \u014cd\u014d Fukko",
        "name": "-Sanaku 18-nen- Kimi o Hanasanai Chu\u2606",
        "artist": "Noriko Ohara, J\u014dji Yanami, Kazuya Tatekabe",
        "type": "Ending 1",
        "correctCount": 0,
        "video": "https://files.catbox.moe/0atpg6.webm",
        "audio": "https://files.catbox.moe/f12s79.mp3"
    },
    {
        "anime": "Kid\u014d Senshi Gundam 0080 - Pocket no Naka no Sens\u014d",
        "name": "Itsuka Sora ni Todoite",
        "artist": "Megumi Shiina",
        "type": "Opening 1",
        "correctCount": 30,
        "video": "https://files.catbox.moe/1xg17z.webm",
        "audio": "https://files.catbox.moe/u3y2mq.mp3"
    },
    {
        "anime": "Kiseij\u016b: Sei no Kakuritsu",
        "name": "It's the Right Time",
        "artist": "Daichi Miura",
        "type": "Ending 1",
        "correctCount": 107,
        "video": "https://files.catbox.moe/yc1csc.webm",
        "audio": "https://files.catbox.moe/o12z87.mp3"
    },
    {
        "anime": "K-ON!!",
        "name": "NO,Thank You!",
        "artist": "Ho-Kago Tea Time - HTT",
        "type": "Ending 2",
        "correctCount": 86,
        "video": "https://files.catbox.moe/n8ec8p.webm",
        "audio": "https://files.catbox.moe/ea4g1q.mp3"
    },
    {
        "anime": "Chocotto Sister",
        "name": "Doki! Doki! My Sister Soul",
        "artist": "Harenchi Punch",
        "type": "Opening 1",
        "correctCount": 2,
        "video": "https://files.catbox.moe/p03i2d.webm",
        "audio": "https://files.catbox.moe/pypyje.mp3"
    },
    {
        "anime": "Digimon Adventure tri. Ketsui",
        "name": "Butter-Fly~tri.Version~",
        "artist": "Kouji Wada",
        "type": "Opening 1",
        "correctCount": 96,
        "video": "https://files.catbox.moe/vkzdkj.webm",
        "audio": "https://files.catbox.moe/ecegxx.mp3"
    },
    {
        "anime": "Uch\u016b Show e Y\u014dkoso",
        "name": "Who I Was Born to Be",
        "artist": "Susan Boyle",
        "type": "Ending 1",
        "correctCount": 1,
        "video": "https://files.catbox.moe/lncuzj.webm",
        "audio": "https://files.catbox.moe/x3ftky.mp3"
    },
    {
        "anime": "Hetalia The Beautiful World",
        "name": "Mawaru Chiky\u016b Rondo",
        "artist": "Daisuke Namikawa",
        "type": "Ending 1",
        "correctCount": 4,
        "video": "https://files.catbox.moe/fjvdad.webm",
        "audio": "https://files.catbox.moe/sh2qit.mp3"
    },
    {
        "anime": "Basilisk",
        "name": "K\u014dga Ninp\u014dch\u014d",
        "artist": "Onmyouza",
        "type": "Opening 1",
        "correctCount": 39,
        "video": "https://files.catbox.moe/3uqhp1.webm",
        "audio": "https://files.catbox.moe/lxal5f.mp3"
    },
    {
        "anime": "Nogizaka Haruka no Himitsu",
        "name": "Hishoku no Sora",
        "artist": "Mami Kawada",
        "type": "Insert Song",
        "correctCount": 115,
        "video": "https://files.catbox.moe/1nhabo.webm",
        "audio": "https://files.catbox.moe/sytgga.mp3"
    },
    {
        "anime": "Kodomo no Jikan",
        "name": "Yasashii",
        "artist": "Chata",
        "type": "Ending 2",
        "correctCount": 5,
        "video": "https://files.catbox.moe/z9p8hy.webm",
        "audio": "https://files.catbox.moe/dv71js.mp3"
    },
    {
        "anime": "JoJo no Kimy\u014d na B\u014dken: \u014cgon no Kaze",
        "name": "Uragirimono no Requiem",
        "artist": "Daisuke Hasegawa",
        "type": "Opening 2",
        "correctCount": 126,
        "video": "https://files.catbox.moe/uet2rn.webm",
        "audio": "https://files.catbox.moe/ck2vzc.mp3"
    },
    {
        "anime": "Ginga Nagareboshi Gin",
        "name": "Tomorrow",
        "artist": "Takayuki Miyauchi",
        "type": "Ending 1",
        "correctCount": 2,
        "video": "https://files.catbox.moe/x6rbf1.webm",
        "audio": "https://files.catbox.moe/l5siu0.mp3"
    },
    {
        "anime": "Yuru Yuri",
        "name": "Majokko Mirakurun\u266a",
        "artist": "Ayana Taketatsu",
        "type": "Insert Song",
        "correctCount": 97,
        "video": "https://files.catbox.moe/uksyhs.webm",
        "audio": "https://files.catbox.moe/51zwic.mp3"
    },
    {
        "anime": "Shingeki no Kyojin Season 2",
        "name": "Shinz\u014d wo Sasageyo!",
        "artist": "Linked Horizon",
        "type": "Opening 1",
        "correctCount": 118,
        "video": "https://files.catbox.moe/ixq69m.webm",
        "audio": "https://files.catbox.moe/4qpohs.mp3"
    },
    {
        "anime": "Noragami",
        "name": "Goya no Machiawase",
        "artist": "Hello Sleepwalkers",
        "type": "Opening 1",
        "correctCount": 157,
        "video": "https://files.catbox.moe/kdb9qr.webm",
        "audio": "https://files.catbox.moe/r4qw4o.mp3"
    },
    {
        "anime": "Ch\u014djigen Game Neptune The Animation",
        "name": "Dimension tripper!!!",
        "artist": "nao",
        "type": "Opening 1",
        "correctCount": 80,
        "video": "https://files.catbox.moe/vmipot.webm",
        "audio": "https://files.catbox.moe/hcdihu.mp3"
    },
    {
        "anime": "Grendizer - Getter Robo G - Great Mazinger Kessen! Daikaijuu",
        "name": "Tobe! Grendizer",
        "artist": "Isao Sasaki, Columbia Yurikago-kai and Koorogi '73",
        "type": "Insert Song",
        "correctCount": 14,
        "video": "https://files.catbox.moe/t4r0ml.webm",
        "audio": "https://files.catbox.moe/k7fmud.mp3"
    },
    {
        "anime": "Dotto Koni-chan",
        "name": "Sailing Dream",
        "artist": "Shinohara Tomoe",
        "type": "Ending 1",
        "correctCount": 3,
        "video": "https://files.catbox.moe/epwouk.webm",
        "audio": "https://files.catbox.moe/nrn0qo.mp3"
    },
    {
        "anime": "Lucky Star",
        "name": "Motteke! Sailor Fuku",
        "artist": "Aya Hirano, Emiri Katou, Kaori Fukuhara, Aya Endou",
        "type": "Opening 1",
        "correctCount": 160,
        "video": "https://files.catbox.moe/d99rig.webm",
        "audio": "https://files.catbox.moe/3ka154.mp3"
    },
    {
        "anime": "Kiba",
        "name": "Sanctuary",
        "artist": "Nami Tamaki",
        "type": "Opening 1",
        "correctCount": 7,
        "video": "https://files.catbox.moe/3yu4y2.webm",
        "audio": "https://files.catbox.moe/llhszg.mp3"
    },
    {
        "anime": "Gekij\u014dban Gintama Kanketsu-hen: Yorozuya yo Eien Nare",
        "name": "Pray",
        "artist": "Tommy Heavenly6",
        "type": "Ending 2",
        "correctCount": 125,
        "video": "https://files.catbox.moe/i6u58c.webm",
        "audio": "https://files.catbox.moe/2vrwmj.mp3"
    },
    {
        "anime": "Valkyrie Drive: Mermaid",
        "name": "Overdrive",
        "artist": "Hitomi Harada",
        "type": "Opening 1",
        "correctCount": 69,
        "video": "https://files.catbox.moe/63rwe2.webm",
        "audio": "https://files.catbox.moe/a0k3y7.mp3"
    },
    {
        "anime": "Ninja Batman",
        "name": "GAT-TAI",
        "artist": "Daisuke Hasegawa",
        "type": "Insert Song",
        "correctCount": 25,
        "video": "https://files.catbox.moe/uy94hc.webm",
        "audio": "https://files.catbox.moe/z20u4z.mp3"
    },
    {
        "anime": "Precure All-Stars DX3 Mirai ni Todoke! Sekai o Tsunagu Niji-Iro no Hana",
        "name": "Kirakira kawaii! Precure Daishuugou\u266a~Inochi no Hana~",
        "artist": "Mayu Kudou feat. Mayumi Gojo, Yuka Uchiyae",
        "type": "Opening 1",
        "correctCount": 13,
        "video": "https://files.catbox.moe/sm53v8.webm",
        "audio": "https://files.catbox.moe/43p4m6.mp3"
    },
    {
        "anime": "Natsume Y\u016bjinch\u014d",
        "name": "Issei no Sei",
        "artist": "Sh\u016bhei Kita",
        "type": "Opening 1",
        "correctCount": 81,
        "video": "https://files.catbox.moe/s43jie.webm",
        "audio": "https://files.catbox.moe/urphyn.mp3"
    },
    {
        "anime": "Darwin's Game",
        "name": "CHAIN",
        "artist": "ASCA",
        "type": "Opening 1",
        "correctCount": 29,
        "video": "https://files.catbox.moe/xiz5o8.webm",
        "audio": "https://files.catbox.moe/j448uq.mp3"
    },
    {
        "anime": "Speed Grapher",
        "name": "Gravure no Bishoujo",
        "artist": "Duran Duran",
        "type": "Opening 1",
        "correctCount": 27,
        "video": "https://files.catbox.moe/b4rfvd.webm",
        "audio": "https://files.catbox.moe/39c2qg.mp3"
    },
    {
        "anime": "Ballroom e Y\u014dkoso",
        "name": "10% roll, 10% romance",
        "artist": "UNISON SQUARE GARDEN",
        "type": "Opening 1",
        "correctCount": 85,
        "video": "https://files.catbox.moe/asfmpp.webm",
        "audio": "https://files.catbox.moe/siq9ay.mp3"
    },
    {
        "anime": "Machine Hayabusa",
        "name": "Dash! Machine Hayabusa",
        "artist": "Ichiro Mizuki",
        "type": "Opening 1",
        "correctCount": 5,
        "video": "https://files.catbox.moe/8u8mf2.webm",
        "audio": "https://files.catbox.moe/knlltu.mp3"
    },
    {
        "anime": "One Punch Man",
        "name": "Minna no One-Punch Ondo",
        "artist": "Makoto Furukawa, Kaito Ishikawa, Yuuki Kaji, Aoi Y\u016bki, Saori Hayami, Hiroki Yasumoto, Yuuichi Nakamura",
        "type": "Ending 5",
        "correctCount": 49,
        "video": "https://files.catbox.moe/2hf87r.webm",
        "audio": "https://files.catbox.moe/myioek.mp3"
    },
    {
        "anime": "Masou Kishin Cybuster",
        "name": "Senshi yo, Tachiagare!",
        "artist": "Masaaki Endoh",
        "type": "Opening 1",
        "correctCount": 0,
        "video": "https://files.catbox.moe/82wkyt.webm",
        "audio": "https://files.catbox.moe/h1jk7s.mp3"
    },
    {
        "anime": "Okoshiyasu, Chitose-chan",
        "name": "Itsuka Dokoka de",
        "artist": "Maneki-kecak",
        "type": "Ending 2",
        "correctCount": 2,
        "video": "https://files.catbox.moe/x15dlh.webm",
        "audio": "https://files.catbox.moe/q5bw6l.mp3"
    },
    {
        "anime": "PriPara",
        "name": "Amazing Castle",
        "artist": "Gaarmageddon",
        "type": "Insert Song",
        "correctCount": 30,
        "video": "https://files.catbox.moe/bf5u9e.webm",
        "audio": "https://files.catbox.moe/lgzpuj.mp3"
    },
    {
        "anime": "Turn A Gundam I: Chiky\u016b K\u014d",
        "name": "AFTER ALL",
        "artist": "Donna Burke",
        "type": "Ending 1",
        "correctCount": 0,
        "video": "https://files.catbox.moe/t4t8bz.webm",
        "audio": "https://files.catbox.moe/lvjy8b.mp3"
    },
    {
        "anime": "PERSONA5 the Animation: Stars and Ours",
        "name": "Dark Sun...",
        "artist": "Lyn",
        "type": "Opening 1",
        "correctCount": 134,
        "video": "https://files.catbox.moe/ekxxf7.webm",
        "audio": "https://files.catbox.moe/ewf3kz.mp3"
    },
    {
        "anime": "Ahiru no Quack",
        "name": "Yakusoku da yo \"KWAK'S SONG\"",
        "artist": "Megumi Hayashibara",
        "type": "Opening 1",
        "correctCount": 12,
        "video": "https://files.catbox.moe/2p062c.webm",
        "audio": "https://files.catbox.moe/u1s4oc.mp3"
    },
    {
        "anime": "Nisekoi - False Love",
        "name": "CLICK",
        "artist": "ClariS",
        "type": "Opening 1",
        "correctCount": 122,
        "video": "https://files.catbox.moe/ljdrmd.webm",
        "audio": "https://files.catbox.moe/3jspnf.mp3"
    },
    {
        "anime": "Red Data Girl",
        "name": "Yokan",
        "artist": "Masumi Itou",
        "type": "Ending 1",
        "correctCount": 9,
        "video": "https://files.catbox.moe/21wc3h.webm",
        "audio": "https://files.catbox.moe/mf9nly.mp3"
    },
    {
        "anime": "Yozakura Quartet",
        "name": "TELL ME I\u2019M ALIVE",
        "artist": "Ivan Kral",
        "type": "Insert Song",
        "correctCount": 7,
        "video": "https://files.catbox.moe/hy6htd.webm",
        "audio": "https://files.catbox.moe/pb1aas.mp3"
    },
    {
        "anime": "Big Order",
        "name": "DISORDER",
        "artist": "Yousei Teikoku",
        "type": "Opening 1",
        "correctCount": 81,
        "video": "https://files.catbox.moe/nndepb.webm",
        "audio": "https://files.catbox.moe/r7eyze.mp3"
    }
]