[
    {
        "animeEng": "Paranoia Agent",
        "animeRomaji": "Mousou Dairinin",
        "songName": "Yume no Shima Shinen Kouen",
        "artist": "Susumu Hirasawa",
        "type": "Opening 1",
        "correctCount": 89,
        "LinkVideo": "https://files.catbox.moe/77zyip.webm",
        "LinkMp3": "https://files.catbox.moe/3l61ee.mp3"
    },
    {
        "animeEng": "Ajin: Demi-Human",
        "animeRomaji": "Ajin: Sh\u014dd\u014d",
        "songName": "Yoru wa Nemureru kai?",
        "artist": "flumpool",
        "type": "Ending 1",
        "correctCount": 107,
        "LinkVideo": "https://files.catbox.moe/hgiaaj.webm",
        "LinkMp3": "https://files.catbox.moe/0myo3t.mp3"
    },
    {
        "animeEng": "Dragon Half",
        "animeRomaji": "Dragon Half",
        "songName": "Taosu zo! Red Dragon",
        "artist": "Yasunori Matsumoto",
        "type": "Insert Song",
        "correctCount": 1,
        "LinkVideo": "https://files.catbox.moe/373kmr.webm",
        "LinkMp3": "https://files.catbox.moe/dojxp4.mp3"
    },
    {
        "animeEng": "Angolmois - Record of Mongol Invasion",
        "animeRomaji": "Angolmois - Genk\u014d Kassen-ki",
        "songName": "Upside Down",
        "artist": "SHE'S",
        "type": "Ending 1",
        "correctCount": 10,
        "LinkVideo": "https://files.catbox.moe/kjuei5.webm",
        "LinkMp3": "https://files.catbox.moe/50a2rd.mp3"
    },
    {
        "animeEng": "Yuri!!! on ICE",
        "animeRomaji": "Yuri!!! on ICE",
        "songName": "Duet 'Hanarezu ni Soba ni Ite'",
        "artist": "Kazuma Kudou & Rinko Matsubara",
        "type": "Ending 3",
        "correctCount": 64,
        "LinkVideo": "https://files.catbox.moe/5t53jh.webm",
        "LinkMp3": "https://files.catbox.moe/p1h621.mp3"
    },
    {
        "animeEng": "ef: a tale of melodies",
        "animeRomaji": "ef: a tale of melodies",
        "songName": "A moon filled sky.",
        "artist": "Mai Goto",
        "type": "Insert Song",
        "correctCount": 2,
        "LinkVideo": "https://files.catbox.moe/3ktsdl.webm",
        "LinkMp3": "https://files.catbox.moe/n71u4m.mp3"
    },
    {
        "animeEng": "Dragon Ball GT: A Hero's Legacy",
        "animeRomaji": "Dragon Ball GT: Goku Gaiden! Y\u00fbki no Akashi wa S\u00fbshinch\u00fb",
        "songName": "DAN DAN Kokoro Hikarete ku",
        "artist": "FIELD OF VIEW",
        "type": "Opening 1",
        "correctCount": 122,
        "LinkVideo": "https://files.catbox.moe/vl9gkr.webm",
        "LinkMp3": "https://files.catbox.moe/12k5k0.mp3"
    },
    {
        "animeEng": "Gunslinger Stratos: The Animation",
        "animeRomaji": "Gunslinger Stratos: The Animation",
        "songName": "vanilla sky",
        "artist": "Mashiro Ayano",
        "type": "Opening 1",
        "correctCount": 25,
        "LinkVideo": "https://files.catbox.moe/9y2vda.webm",
        "LinkMp3": "https://files.catbox.moe/v051o4.mp3"
    },
    {
        "animeEng": "Love Stage!!",
        "animeRomaji": "Love Stage!!",
        "songName": "CLICK YOUR HEART!!",
        "artist": "Kazutomi Yamamoto",
        "type": "Ending 1",
        "correctCount": 28,
        "LinkVideo": "https://files.catbox.moe/fqjqrm.webm",
        "LinkMp3": "https://files.catbox.moe/mzggm9.mp3"
    },
    {
        "animeEng": "Baka and Test - Summon the Beasts 2",
        "animeRomaji": "Baka to Test to Sh\u014dkanj\u016b Ni!",
        "songName": "Kimi + Nazo + Watashi de JUMP!!",
        "artist": "Larval Stage Planning",
        "type": "Opening 1",
        "correctCount": 55,
        "LinkVideo": "https://files.catbox.moe/aocsk1.webm",
        "LinkMp3": "https://files.catbox.moe/goh686.mp3"
    },
    {
        "animeEng": "Hellsing",
        "animeRomaji": "Hellsing",
        "songName": "Secret Karma Serenade",
        "artist": "Yasushi Ishii",
        "type": "Insert Song",
        "correctCount": 13,
        "LinkVideo": "https://files.catbox.moe/tsnl0x.webm",
        "LinkMp3": "https://files.catbox.moe/i6rjfs.mp3"
    },
    {
        "animeEng": "Shomin Sample",
        "animeRomaji": "Ore ga Oj\u014dsama Gakk\u014d ni \"Shomin Sample\" Toshite Gets-Sareta Ken",
        "songName": "Ichizu Recipe",
        "artist": "Idol College",
        "type": "Opening 1",
        "correctCount": 63,
        "LinkVideo": "https://animethemes.moe/video/ShominSample-OP1.webm",
        "LinkMp3": "https://files.catbox.moe/lbbilk.mp3"
    },
    {
        "animeEng": "BanG Dream! 3rd Season",
        "animeRomaji": "BanG Dream! 3rd Season",
        "songName": "Yume wo Uchinuku Shunkan ni!",
        "artist": "Poppin'Party",
        "type": "Ending 1",
        "correctCount": 52,
        "LinkVideo": "https://files.catbox.moe/21bm1q.webm",
        "LinkMp3": "https://files.catbox.moe/ty5ijx.mp3"
    },
    {
        "animeEng": "Fruits Basket",
        "animeRomaji": "Fruits Basket",
        "songName": "Serenade",
        "artist": "Ritsuko Okazaki",
        "type": "Insert Song",
        "correctCount": 46,
        "LinkVideo": "https://files.catbox.moe/xs2enx.webm",
        "LinkMp3": "https://files.catbox.moe/zk63r2.mp3"
    },
    {
        "animeEng": "given",
        "animeRomaji": "given",
        "songName": "Fuyu no Hanashi",
        "artist": "Given",
        "type": "Insert Song",
        "correctCount": 43,
        "LinkVideo": "https://files.catbox.moe/98lvzn.webm",
        "LinkMp3": "https://files.catbox.moe/y9ug82.mp3"
    },
    {
        "animeEng": "Gargantia on the Verdurous Planet",
        "animeRomaji": "Suisei no Gargantia",
        "songName": "Kono Sekai wa Bokura o Matte Ita",
        "artist": "Minori Chihara",
        "type": "Opening 1",
        "correctCount": 63,
        "LinkVideo": "https://files.catbox.moe/fvp0hj.webm",
        "LinkMp3": "https://files.catbox.moe/l91u7y.mp3"
    },
    {
        "animeEng": "Penguindrum",
        "animeRomaji": "Mawaru Penguindrum",
        "songName": "ROCK OVER JAPAN",
        "artist": "Triple H",
        "type": "Insert Song",
        "correctCount": 42,
        "LinkVideo": "https://files.catbox.moe/k6ro5r.webm",
        "LinkMp3": "https://files.catbox.moe/rnlipf.mp3"
    },
    {
        "animeEng": "Papillon Rose - New Season",
        "animeRomaji": "Papillon Rose",
        "songName": "Hikari no kizuna",
        "artist": "Kaoru Kido",
        "type": "Opening 1",
        "correctCount": 2,
        "LinkVideo": "https://files.catbox.moe/pfqy5d.webm",
        "LinkMp3": "https://files.catbox.moe/tyakkx.mp3"
    },
    {
        "animeEng": "MUSHI-SHI The Next Passage",
        "animeRomaji": "Mushishi Zoku-Sh\u014d",
        "songName": "SHIVER",
        "artist": "Lucy Rose",
        "type": "Opening 1",
        "correctCount": 53,
        "LinkVideo": "https://files.catbox.moe/3mxn1z.webm",
        "LinkMp3": "https://files.catbox.moe/dtrszt.mp3"
    },
    {
        "animeEng": "LOST SONG",
        "animeRomaji": "LOST SONG",
        "songName": "Iyashi no Uta",
        "artist": "Konomi Suzuki/Yukari Tamura",
        "type": "Insert Song",
        "correctCount": 13,
        "LinkVideo": "https://files.catbox.moe/hods24.webm",
        "LinkMp3": "https://files.catbox.moe/xibh3n.mp3"
    },
    {
        "animeEng": "The Girl in Twilight",
        "animeRomaji": "Akanesasu Sh\u014djo",
        "songName": "Soranetarium",
        "artist": "MICHI",
        "type": "Opening 1",
        "correctCount": 16,
        "LinkVideo": "https://files.catbox.moe/u4oyiw.webm",
        "LinkMp3": "https://files.catbox.moe/vwc4a1.mp3"
    },
    {
        "animeEng": "Snow White with the Red Hair",
        "animeRomaji": "Akagami no Shirayuki-hime",
        "songName": "Yasashii Kib\u014d",
        "artist": "Saori Hayami",
        "type": "Ending 1",
        "correctCount": 90,
        "LinkVideo": "https://files.catbox.moe/udz5q6.webm",
        "LinkMp3": "https://files.catbox.moe/uasvku.mp3"
    },
    {
        "animeEng": "Dororo and Hyakkimaru",
        "animeRomaji": "Dororo",
        "songName": "Dororo no Uta",
        "artist": "Toshiko Fujita",
        "type": "Opening 1",
        "correctCount": 97,
        "LinkVideo": "https://files.catbox.moe/4aqi1r.webm",
        "LinkMp3": "https://files.catbox.moe/b1rh0e.mp3"
    },
    {
        "animeEng": "Hidamari Sketch: Sae/Hiro Sotsugy\u014d-hen",
        "animeRomaji": "Hidamari Sketch: Sae/Hiro Sotsugy\u014d-hen",
        "songName": "Yume Gumo",
        "artist": "marble",
        "type": "Ending 1",
        "correctCount": 7,
        "LinkVideo": "https://files.catbox.moe/oouia2.webm",
        "LinkMp3": "https://files.catbox.moe/lhyc72.mp3"
    },
    {
        "animeEng": "Gall Force: The Revolution",
        "animeRomaji": "Gall Force: The Revolution",
        "songName": "Namida Yorimo Toiki Yorimo",
        "artist": "Kihara Satomi",
        "type": "Opening 1",
        "correctCount": 1,
        "LinkVideo": "https://files.catbox.moe/8xdubf.webm",
        "LinkMp3": "https://files.catbox.moe/u2llno.mp3"
    },
    {
        "animeEng": "Switch",
        "animeRomaji": "Switch",
        "songName": "Find out",
        "artist": "MIRANOSAND",
        "type": "Opening 1",
        "correctCount": 1,
        "LinkVideo": "https://files.catbox.moe/efqvcg.webm",
        "LinkMp3": "https://files.catbox.moe/xx4fgd.mp3"
    },
    {
        "animeEng": "Dragon Ball: Mystical Adventure",
        "animeRomaji": "Dragon Ball: Makafushigi Daib\u014dken",
        "songName": "Makafushigi Adventure!",
        "artist": "Hiroki Takahashi",
        "type": "Opening 1",
        "correctCount": 148,
        "LinkVideo": "https://files.catbox.moe/cw29xd.webm",
        "LinkMp3": "https://files.catbox.moe/i66y68.mp3"
    },
    {
        "animeEng": "Code Geass: Lelouch of the Rebellion",
        "animeRomaji": "Code Geass: Hangyaku no Lelouch",
        "songName": "COLORS",
        "artist": "FLOW",
        "type": "Opening 1",
        "correctCount": 128,
        "LinkVideo": "https://animethemes.moe/video/CodeGeass-OP1.webm",
        "LinkMp3": "https://files.catbox.moe/ap6khk.mp3"
    },
    {
        "animeEng": "Love Hina",
        "animeRomaji": "Love Hina",
        "songName": "Sakura Saku",
        "artist": "Megumi Hayashibara",
        "type": "Opening 1",
        "correctCount": 110,
        "LinkVideo": "https://files.catbox.moe/9240x9.webm",
        "LinkMp3": "https://files.catbox.moe/jz9jlw.mp3"
    },
    {
        "animeEng": "Gekij\u014dban Date A Live: Mayuri Judgment",
        "animeRomaji": "Gekij\u014dban Date A Live: Mayuri Judgment",
        "songName": "Go\u2606Summer Girl",
        "artist": "Minori Chihara",
        "type": "Insert Song",
        "correctCount": 36,
        "LinkVideo": "https://files.catbox.moe/wmtxsp.webm",
        "LinkMp3": "https://files.catbox.moe/pl4qo8.mp3"
    },
    {
        "animeEng": "Star Cat Fullhouse",
        "animeRomaji": "Hoshi Neko Fullhouse",
        "songName": "GALACTIC ECSTASY",
        "artist": "LISP",
        "type": "Opening 1",
        "correctCount": 0,
        "LinkVideo": "https://files.catbox.moe/fomdyg.webm",
        "LinkMp3": "https://files.catbox.moe/4yqc1l.mp3"
    },
    {
        "animeEng": "Hi Score Girl II",
        "animeRomaji": "High Score Girl II",
        "songName": "Unknown World Map",
        "artist": "Etsuko Yakushimaru",
        "type": "Ending 1",
        "correctCount": 50,
        "LinkVideo": "https://files.catbox.moe/0dqbrb.webm",
        "LinkMp3": "https://files.catbox.moe/e38v6m.mp3"
    },
    {
        "animeEng": "Inuyasha the Movie: Affections Touching Across Time",
        "animeRomaji": "Inuyasha: Toki o Koeru Omoi",
        "songName": "No More Words",
        "artist": "Ayumi Hamasaki",
        "type": "Ending 1",
        "correctCount": 1,
        "LinkVideo": "https://files.catbox.moe/fnm9ij.webm",
        "LinkMp3": "https://files.catbox.moe/vuaj3g.mp3"
    },
    {
        "animeEng": "YAT Anshin! Uchu Ryokou 2",
        "animeRomaji": "YAT Anshin! Uchu Ryokou 2",
        "songName": "Jun",
        "artist": "Hekiru Shiina",
        "type": "Ending 1",
        "correctCount": 1,
        "LinkVideo": "https://files.catbox.moe/t5aa8i.webm",
        "LinkMp3": "https://files.catbox.moe/c3ahng.mp3"
    },
    {
        "animeEng": "Tomorrow's Joe 2 Movie",
        "animeRomaji": "Ashita no Joe 2 Movie",
        "songName": "Ashita he no Sakebi",
        "artist": "Joe Yamanaka",
        "type": "Opening 1",
        "correctCount": 0,
        "LinkVideo": "https://files.catbox.moe/s2eflj.webm",
        "LinkMp3": "https://files.catbox.moe/mgmykv.mp3"
    },
    {
        "animeEng": "Saiyuki Reload: Burial",
        "animeRomaji": "Saiyuki Reload: Burial",
        "songName": "Late-show",
        "artist": "GARDEN",
        "type": "Opening 1",
        "correctCount": 4,
        "LinkVideo": "https://files.catbox.moe/p6t8rc.webm"
    },
    {
        "animeEng": "Naruto: Konoha Sports Festival",
        "animeRomaji": "Naruto: Konoha no Sato no Dai Undoukai",
        "songName": "GYU-RU-RU",
        "artist": "Junko Takeuchi",
        "type": "Ending 1",
        "correctCount": 13,
        "LinkVideo": "https://files.catbox.moe/ditsub.webm",
        "LinkMp3": "https://files.catbox.moe/2mw0ut.mp3"
    },
    {
        "animeEng": "I Can't Understand What My Husband Is Saying",
        "animeRomaji": "Danna ga Nani o Itteiru ka Wakaranai Ken",
        "songName": "Okusama no Blues",
        "artist": "Yukari Tamura, Rie Kugimiya, Ryouko Shintani",
        "type": "Ending 3",
        "correctCount": 97,
        "LinkVideo": "https://files.catbox.moe/w19yxc.webm",
        "LinkMp3": "https://files.catbox.moe/hpyb50.mp3"
    },
    {
        "animeEng": "Fate/stay night: Unlimited Blade Works",
        "animeRomaji": "Fate/stay night: Unlimited Blade Works",
        "songName": "ideal white",
        "artist": "Mashiro Ayano",
        "type": "Opening 1",
        "correctCount": 104,
        "LinkVideo": "https://files.catbox.moe/w6waoz.webm",
        "LinkMp3": "https://files.catbox.moe/r78sdn.mp3"
    },
    {
        "animeEng": "Neon Genesis Evangelion",
        "animeRomaji": "Shinseiki Evangelion",
        "songName": "Zankoku na Tenshi no Thesis",
        "artist": "Yoko Takahashi",
        "type": "Opening 1",
        "correctCount": 154,
        "LinkVideo": "https://files.catbox.moe/71u5bi.webm",
        "LinkMp3": "https://files.catbox.moe/4pdfza.mp3"
    },
    {
        "animeEng": "Final Yamato",
        "animeRomaji": "Uch\u016b Senkan Yamato: Kanketsuhen",
        "songName": "Uch\u016b Senkan Yamato '83",
        "artist": "Isao Sasaki",
        "type": "Ending 1",
        "correctCount": 0,
        "LinkVideo": "https://files.catbox.moe/bkx240.webm",
        "LinkMp3": "https://files.catbox.moe/td4xql.mp3"
    },
    {
        "animeEng": "Papillon Rose - New Season",
        "animeRomaji": "Papillon Rose",
        "songName": "SUSANOO San Shimai Ai no TEEMA",
        "artist": "Susanoo San Shimai",
        "type": "Ending 1",
        "correctCount": 0,
        "LinkVideo": "https://files.catbox.moe/uci5w1.webm",
        "LinkMp3": "https://files.catbox.moe/g2hlc2.mp3"
    },
    {
        "animeEng": "Ojamajo Doremi Dokkaan",
        "animeRomaji": "Ojamajo Doremi Dokkaan",
        "songName": "DANCE! Ojamajo",
        "artist": "MAHO-dou",
        "type": "Opening 1",
        "correctCount": 32,
        "LinkVideo": "https://files.catbox.moe/4ezb9a.webm",
        "LinkMp3": "https://files.catbox.moe/dlnvph.mp3"
    },
    {
        "animeEng": "Science Fiction Saiyuki Starzinger",
        "animeRomaji": "Science Fiction Saiyuki Starzinger",
        "songName": "Uch\u016b no Senshi Starzinger",
        "artist": "Isao Sasaki & Shindai Youth Chorus",
        "type": "Opening 1",
        "correctCount": 0,
        "LinkVideo": "https://files.catbox.moe/5rj7zg.webm",
        "LinkMp3": "https://files.catbox.moe/w7jhdt.mp3"
    },
    {
        "animeEng": "Genshiken: Second Generation",
        "animeRomaji": "Genshiken Nidaime",
        "songName": "Aoku Yureteiru",
        "artist": "Nozomi Yamamoto, Sumire Uesaka, Yumi Uchiyama & Ai Kakuma",
        "type": "Ending 1",
        "correctCount": 3,
        "LinkVideo": "https://files.catbox.moe/9i9xqm.webm",
        "LinkMp3": "https://files.catbox.moe/4lg0q4.mp3"
    },
    {
        "animeEng": "Natsume's Book of Friends",
        "animeRomaji": "Natsume Y\u016bjinch\u014d",
        "songName": "Boku ni Dekiru Koto",
        "artist": "HOW MERRY MARRY",
        "type": "Opening 1",
        "correctCount": 53,
        "LinkVideo": "https://files.catbox.moe/6b6rr5.webm",
        "LinkMp3": "https://files.catbox.moe/gr115w.mp3"
    },
    {
        "animeEng": "Zenki",
        "animeRomaji": "Kishin D\u014dji Zenki",
        "songName": "Chou Kishin ZENKI, Raigou Shourin!",
        "artist": "Hironobu Kageyama",
        "type": "Opening 2",
        "correctCount": 3,
        "LinkVideo": "https://files.catbox.moe/6eysgv.webm",
        "LinkMp3": "https://files.catbox.moe/0ajzqi.mp3"
    },
    {
        "animeEng": "B: The Beginning",
        "animeRomaji": "B: The Beginning",
        "songName": "The Perfect World",
        "artist": "Marty Friedman feat. Jean-Ken Johnny, KenKen",
        "type": "Ending 1",
        "correctCount": 51,
        "LinkVideo": "https://files.catbox.moe/54wod0.webm",
        "LinkMp3": "https://files.catbox.moe/8uje2j.mp3"
    },
    {
        "animeEng": "Ghost in the Shell: Stand Alone Complex - The Laughing Man",
        "animeRomaji": "Ghost in the Shell: Stand Alone Complex - The Laughing Man",
        "songName": "inner universe",
        "artist": "Origa",
        "type": "Ending 1",
        "correctCount": 65,
        "LinkVideo": "https://files.catbox.moe/2mr9zv.webm",
        "LinkMp3": "https://files.catbox.moe/q08ob8.mp3"
    },
    {
        "animeEng": "ID: INVADED",
        "animeRomaji": "ID: INVADED",
        "songName": "Mr. Fixer",
        "artist": "Sou",
        "type": "Opening 1",
        "correctCount": 42,
        "LinkVideo": "https://files.catbox.moe/jtb9av.webm",
        "LinkMp3": "https://files.catbox.moe/thn1q8.mp3"
    },
    {
        "animeEng": "22/7",
        "animeRomaji": "22/7 (nanabun no nijy\u016bni)",
        "songName": "Muzui",
        "artist": "22/7",
        "type": "Opening 1",
        "correctCount": 48,
        "LinkVideo": "https://files.catbox.moe/p2o0tz.webm",
        "LinkMp3": "https://files.catbox.moe/h3pzv6.mp3"
    },
    {
        "animeEng": "The Snow Queen",
        "animeRomaji": "Yuki no Jo-Oh",
        "songName": "Daisuki na Kimi ni",
        "artist": "Kazumasa Oda",
        "type": "Ending 1",
        "correctCount": 2,
        "LinkVideo": "https://files.catbox.moe/t2ikjk.webm",
        "LinkMp3": "https://files.catbox.moe/f0jloe.mp3"
    },
    {
        "animeEng": "Daitan",
        "animeRomaji": "Muteki K\u014djin Daitarn 3",
        "songName": "Toppo de Tango",
        "artist": "Koorogi '73",
        "type": "Ending 1",
        "correctCount": 76,
        "LinkVideo": "https://files.catbox.moe/116zq7.webm",
        "LinkMp3": "https://files.catbox.moe/0rmjfv.mp3"
    },
    {
        "animeEng": "Love Live! School idol project",
        "animeRomaji": "Love Live! School idol project",
        "songName": "Music S.T.A.R.T!!",
        "artist": "\u03bc's",
        "type": "Insert Song",
        "correctCount": 70,
        "LinkVideo": "https://files.catbox.moe/m4mdcr.webm",
        "LinkMp3": "https://files.catbox.moe/bsrnbw.mp3"
    },
    {
        "animeEng": "Touch, Ace Without A Number On His Back",
        "animeRomaji": "Touch: Sebangou no Nai Ace",
        "songName": "Sebang\u014d no Nai Ace",
        "artist": "Rough & Ready",
        "type": "Opening 1",
        "correctCount": 13,
        "LinkVideo": "https://files.catbox.moe/udoeu5.webm",
        "LinkMp3": "https://files.catbox.moe/6sf8vb.mp3"
    },
    {
        "animeEng": "Uma Musume: Pretty Derby - BNW no Chikai",
        "animeRomaji": "Uma Musume: Pretty Derby - BNW no Chikai",
        "songName": "Make debut!",
        "artist": "Azumi Waki, Marika K\u014dno, Machico, Ayaka Ohashi, Chisa Kimura, Hitomi Ueda, Saori \u014cnishi",
        "type": "Opening 1",
        "correctCount": 43,
        "LinkVideo": "https://files.catbox.moe/xfaucu.webm",
        "LinkMp3": "https://files.catbox.moe/i0tb1b.mp3"
    },
    {
        "animeEng": "The Familiar of Zero",
        "animeRomaji": "Zero no Tsukaima",
        "songName": "First kiss",
        "artist": "ICHIKO",
        "type": "Opening 1",
        "correctCount": 110,
        "LinkVideo": "https://openings.moe/video/ZeroNoTsukaima-OP01-NCBD.webm",
        "LinkMp3": "https://files.catbox.moe/55lo2g.mp3"
    },
    {
        "animeEng": "Taboo Tattoo",
        "animeRomaji": "Taboo Tattoo",
        "songName": "Belief",
        "artist": "May'n",
        "type": "Opening 1",
        "correctCount": 71,
        "LinkVideo": "https://files.catbox.moe/ahz1qh.webm",
        "LinkMp3": "https://files.catbox.moe/mi1wxt.mp3"
    },
    {
        "animeEng": "Durarara!! \u00d72 The First Arc",
        "animeRomaji": "Durarara!!\u00d72 Sh\u014d",
        "songName": "rain tears",
        "artist": "Saki Fujita",
        "type": "Insert Song",
        "correctCount": 72,
        "LinkVideo": "https://files.catbox.moe/5m8p59.webm",
        "LinkMp3": "https://files.catbox.moe/qibs3f.mp3"
    },
    {
        "animeEng": "Kuroko's Basketball",
        "animeRomaji": "Kuroko no Basuke",
        "songName": "RIMFIRE",
        "artist": "GRANRODEO",
        "type": "Opening 2",
        "correctCount": 102,
        "LinkVideo": "https://animethemes.moe/video/KurokoNoBasket-OP2.webm",
        "LinkMp3": "https://files.catbox.moe/hmvk3x.mp3"
    },
    {
        "animeEng": "Horus - Prince of the Sun",
        "animeRomaji": "Taiy\u014d no \u014cji - Hols no Daib\u014dken",
        "songName": "Kodomo no Uta",
        "artist": "Ch\u014dfu Sh\u014dnen Sh\u014djo Gassh\u014d-tai",
        "type": "Insert Song",
        "correctCount": 2,
        "LinkVideo": "https://files.catbox.moe/bcviv8.webm",
        "LinkMp3": "https://files.catbox.moe/iveogq.mp3"
    },
    {
        "animeEng": "Blood+",
        "animeRomaji": "Blood+",
        "songName": "Diva",
        "artist": "Elin Carlson",
        "type": "Insert Song",
        "correctCount": 4,
        "LinkVideo": "https://files.catbox.moe/ur67mk.webm",
        "LinkMp3": "https://files.catbox.moe/1kezmm.mp3"
    },
    {
        "animeEng": "New Cutey Honey",
        "animeRomaji": "New Cutey Honey",
        "songName": "Sayonara no Densetsu",
        "artist": "Mayuki Hiramatsu",
        "type": "Ending 3",
        "correctCount": 0,
        "LinkVideo": "https://files.catbox.moe/qxm5pr.webm",
        "LinkMp3": "https://files.catbox.moe/t2jhok.mp3"
    },
    {
        "animeEng": "Shokugeki no S\u014dma: San no Sara: Erina no Shin Seikatsu",
        "animeRomaji": "Shokugeki no S\u014dma: San no Sara: Erina no Shin Seikatsu",
        "songName": "BRAVER",
        "artist": "ZAQ",
        "type": "Opening 1",
        "correctCount": 102,
        "LinkVideo": "https://files.catbox.moe/5h4ptm.webm",
        "LinkMp3": "https://files.catbox.moe/gsj42q.mp3"
    },
    {
        "animeEng": "The Ones Within",
        "animeRomaji": "Naka no Hito Genome [Jikky\u014dch\u016b]",
        "songName": "24hours precious",
        "artist": "RIRIKO",
        "type": "Insert Song",
        "correctCount": 13,
        "LinkVideo": "https://files.catbox.moe/21g0wm.webm",
        "LinkMp3": "https://files.catbox.moe/5nhn0f.mp3"
    },
    {
        "animeEng": "The Glass Mask Year 3 Class D",
        "animeRomaji": "3-Nen D-Gumi Glass no Kamen",
        "songName": "Tasogare no End",
        "artist": "Kana Asumi & Rumi Ookubo feat. Yuki Kaji",
        "type": "Ending 1",
        "correctCount": 2,
        "LinkVideo": "https://files.catbox.moe/wa0i46.webm",
        "LinkMp3": "https://files.catbox.moe/opv1t6.mp3"
    },
    {
        "animeEng": "Yu Yu Hakusho The Movie",
        "animeRomaji": "Yu Yu Hakusho The Movie",
        "songName": "Hohoemi no Bakudan",
        "artist": "Matsuko Mawatari",
        "type": "Opening 1",
        "correctCount": 129,
        "LinkVideo": "https://files.catbox.moe/rgjhkr.webm",
        "LinkMp3": "https://files.catbox.moe/88qfzp.mp3"
    },
    {
        "animeEng": "Noein - to your other self",
        "animeRomaji": "Noein - Mou Hitori no Kimi e",
        "songName": "Idea",
        "artist": "eufonius",
        "type": "Opening 1",
        "correctCount": 14,
        "LinkVideo": "https://files.catbox.moe/s70w0z.webm",
        "LinkMp3": "https://files.catbox.moe/cve9y4.mp3"
    },
    {
        "animeEng": "Baby and Me",
        "animeRomaji": "Akachan to Boku",
        "songName": "Love Affair",
        "artist": "Platinum Peppers Family",
        "type": "Opening 2",
        "correctCount": 1,
        "LinkVideo": "https://files.catbox.moe/nj8w5y.webm",
        "LinkMp3": "https://files.catbox.moe/qyhbz6.mp3"
    },
    {
        "animeEng": "Convenience Store Boy Friends",
        "animeRomaji": "Konbini Kareshi",
        "songName": "Stand Up Now",
        "artist": "Cellchrome",
        "type": "Opening 1",
        "correctCount": 19,
        "LinkVideo": "https://files.catbox.moe/77c4dy.webm",
        "LinkMp3": "https://files.catbox.moe/mied7v.mp3"
    },
    {
        "animeEng": "Kamisama Kiss",
        "animeRomaji": "Kamisama Hajimemashita",
        "songName": "Kamisama no Kamisama",
        "artist": "Hanae",
        "type": "Opening 2",
        "correctCount": 76,
        "LinkVideo": "https://animethemes.moe/video/KamisamaHajimemashitaS2-OP1.webm",
        "LinkMp3": "https://files.catbox.moe/ichm7m.mp3"
    },
    {
        "animeEng": "Skilled Teaser Takagi-san",
        "animeRomaji": "Karakai J\u014dzu no Takagi-san",
        "songName": "AM11:00",
        "artist": "Rie Takahashi",
        "type": "Ending 2",
        "correctCount": 33,
        "LinkVideo": "https://files.catbox.moe/zou5cc.webm",
        "LinkMp3": "https://files.catbox.moe/i5pr56.mp3"
    },
    {
        "animeEng": "Yu-Gi-Oh!",
        "animeRomaji": "Yu-Gi-Oh! Yami no Games",
        "songName": "Kawaita Sakebi",
        "artist": "FIELD OF VIEW",
        "type": "Opening 1",
        "correctCount": 104,
        "LinkVideo": "https://files.catbox.moe/ydvo2p.webm",
        "LinkMp3": "https://files.catbox.moe/mq5zxi.mp3"
    },
    {
        "animeEng": "Denshin Mamotte Shugogetten",
        "animeRomaji": "Denshin Mamotte Shugogetten",
        "songName": "Mukae ni Iku yo",
        "artist": "Susumu Mameda",
        "type": "Insert Song",
        "correctCount": 0,
        "LinkVideo": "https://files.catbox.moe/q392hk.webm",
        "LinkMp3": "https://files.catbox.moe/63bfr6.mp3"
    },
    {
        "animeEng": "LOST SONG",
        "animeRomaji": "LOST SONG",
        "songName": "Aoku Kiyoki Mizu no Uta",
        "artist": "Yukari Tamura",
        "type": "Insert Song",
        "correctCount": 15,
        "LinkVideo": "https://files.catbox.moe/kzzm44.webm",
        "LinkMp3": "https://files.catbox.moe/hk2yj0.mp3"
    }
]