[
    {
        "anime": "Natsuyuki Rendezvous",
        "name": "See You",
        "artist": "Y\u016bya Matsushita",
        "type": "Opening 1",
        "correctCount": 16,
        "link": "https://files.catbox.moe/njaug0.mp3"
    },
    {
        "anime": "PriPara",
        "name": "Lucky! Surprise\u2606Birthday",
        "artist": "SoLamageddon Mi",
        "type": "Insert Song",
        "correctCount": 24,
        "link": "https://files.catbox.moe/ewnw20.mp3"
    },
    {
        "anime": "Please tell me! Galko-chan",
        "name": "YPMA\u2606GIRLS",
        "artist": "Azumi Waki, Minami Takahashi, Miyu Tomita",
        "type": "Opening 1",
        "correctCount": 36,
        "link": "https://files.catbox.moe/rspt2u.mp3"
    },
    {
        "anime": "Hanayamata",
        "name": "Hanaha Odore ya Iroha ni Ho",
        "artist": "Team 'Hanayamata'",
        "type": "Opening 1",
        "correctCount": 82,
        "link": "https://files.catbox.moe/dd7acs.mp3"
    },
    {
        "anime": "Detective Conan: Conan and Kid and Crystal Mother",
        "name": "Nemuru Kimi no Yokogao ni Hohoemi wo",
        "artist": "U-ka saegusa IN db",
        "type": "Ending 1",
        "correctCount": 22,
        "link": "https://files.catbox.moe/rmf31s.mp3"
    },
    {
        "anime": "Atelier Escha & Logy: Alchemists of the Dusk Sky",
        "name": "Asuiro",
        "artist": "Rie Murakawa",
        "type": "Opening 1",
        "correctCount": 8,
        "link": "https://files.catbox.moe/pmc3sa.mp3"
    },
    {
        "anime": "Star Driver",
        "name": "SHINING\u2606STAR",
        "artist": "9nine",
        "type": "Opening 2",
        "correctCount": 35,
        "link": "https://files.catbox.moe/f2k9mj.mp3"
    },
    {
        "anime": "Broken Blade",
        "name": "SERIOUS-AGE",
        "artist": "Faylan",
        "type": "Ending 1",
        "correctCount": 8,
        "link": "https://files.catbox.moe/1mmjyz.mp3"
    },
    {
        "anime": "Duel Masters Flash",
        "name": "Kagayaku Toki",
        "artist": "Masanosuke",
        "type": "Opening 1",
        "correctCount": 11,
        "link": "https://files.catbox.moe/8e76dg.mp3"
    },
    {
        "anime": "Kemono Michi: Rise Up",
        "name": "Anecdote",
        "artist": "Momosumomosu",
        "type": "Ending 1",
        "correctCount": 46,
        "link": "https://files.catbox.moe/7pp6c6.mp3"
    },
    {
        "anime": "Princess Lover!",
        "name": "Princess Lover!",
        "artist": "Miyuki Hashimoto",
        "type": "Insert Song",
        "correctCount": 6,
        "link": "https://files.catbox.moe/857yiv.mp3"
    },
    {
        "anime": "Sailor Moon R: The Movie",
        "name": "Moonlight Densetsu",
        "artist": "DALI",
        "type": "Opening 1",
        "correctCount": 150,
        "link": "https://files.catbox.moe/2l2ggb.mp3"
    },
    {
        "anime": "Super Dragon Ball Heroes",
        "name": "Universe Mission Series Theme Song",
        "artist": "Dragon Soul",
        "type": "Opening 1",
        "correctCount": 32,
        "link": "https://files.catbox.moe/2rwvow.mp3"
    },
    {
        "anime": "Reideen",
        "name": "manacles",
        "artist": "Tomiko Van",
        "type": "Opening 1",
        "correctCount": 6,
        "link": "https://files.catbox.moe/dyrdql.mp3"
    },
    {
        "anime": "Pan de Peace!",
        "name": "Seishun wa Tabemono desu",
        "artist": "petit milady",
        "type": "Opening 1",
        "correctCount": 50,
        "link": "https://files.catbox.moe/19plv3.mp3"
    },
    {
        "anime": "Armored Trooper Votoms Case;Irvine",
        "name": "Hoshi wo Motomete",
        "artist": "Aira Yuuki",
        "type": "Ending 1",
        "correctCount": 3,
        "link": "https://files.catbox.moe/ndtiu4.mp3"
    },
    {
        "anime": "Teeky\u016b",
        "name": "Menimenimanimani",
        "artist": "Ky\u014dko Narumi",
        "type": "Opening 1",
        "correctCount": 113,
        "link": "https://files.catbox.moe/x9cs8e.mp3"
    },
    {
        "anime": "Galaxy Express 999",
        "name": "Ginga Tetsud\u014d 999",
        "artist": "Isao Sasaki & Suginami Jidou Gasshoudan",
        "type": "Opening 1",
        "correctCount": 27,
        "link": "https://files.catbox.moe/cu0wx2.mp3"
    },
    {
        "anime": "Nodame Cantabile",
        "name": "Allegro Cantabile",
        "artist": "SUEMITSU & THE SUEMITH",
        "type": "Opening 1",
        "correctCount": 47,
        "link": "https://files.catbox.moe/m63cch.mp3"
    },
    {
        "anime": "HIP WHIP GIRL",
        "name": "Fantas/HIP Girlfriends!",
        "artist": "Lynn, M.A.O, Kaede Hondo, Saori \u014cnishi",
        "type": "Ending 1",
        "correctCount": 81,
        "link": "https://files.catbox.moe/624bsz.mp3"
    },
    {
        "anime": "Tokyo ESP",
        "name": "Tokyo Zero Hearts",
        "artist": "Faylan",
        "type": "Opening 1",
        "correctCount": 59,
        "link": "https://files.catbox.moe/gcko7n.mp3"
    },
    {
        "anime": "Student Council's Discretion",
        "name": "Yurupa Wonderful",
        "artist": "Hekiy\u014d Gakuen Seitokai",
        "type": "Ending 9",
        "correctCount": 27,
        "link": "https://files.catbox.moe/g210ah.mp3"
    },
    {
        "anime": "Trigun",
        "name": "Kaze wa Mirai ni Fuku",
        "artist": "AKIMA & NEOS",
        "type": "Ending 1",
        "correctCount": 56,
        "link": "https://files.catbox.moe/tbr0gy.mp3"
    },
    {
        "anime": "Puberty syndrome: Abnormal experience during adolescence due to sensitivity and instability.",
        "name": "Fukashigi no Karte",
        "artist": "Asami Seto, Nao T\u014dyama, Atsumi Tanezaki, Maaya Uchida, Yurika Kubo, Inori Minase",
        "type": "Ending 1",
        "correctCount": 135,
        "link": "https://files.catbox.moe/nrwyt0.mp3"
    },
    {
        "anime": "B: The Beginning",
        "name": "The Perfect World",
        "artist": "Marty Friedman feat. Jean-Ken Johnny, KenKen",
        "type": "Ending 1",
        "correctCount": 49,
        "link": "https://files.catbox.moe/8uje2j.mp3"
    },
    {
        "anime": "The Future Diary",
        "name": "The Creator",
        "artist": "Yousei Teikoku",
        "type": "Ending 1",
        "correctCount": 114,
        "link": "https://files.catbox.moe/nd4m2m.mp3"
    },
    {
        "anime": "Fate/kaleid liner Prisma\u2606Illya 3rei!!",
        "name": "Asterism",
        "artist": "ChouCho",
        "type": "Opening 1",
        "correctCount": 55,
        "link": "https://files.catbox.moe/n5rcdi.mp3"
    },
    {
        "anime": "Tomorrow's Joe 2",
        "name": "MIDNIGHT BLUES",
        "artist": "Ichiro Araki",
        "type": "Opening 2",
        "correctCount": 19,
        "link": "https://files.catbox.moe/z51zfz.mp3"
    },
    {
        "anime": "Love, Chunibyo & Other Delusions! - Take On Me",
        "name": "JOURNEY",
        "artist": "ZAQ",
        "type": "Opening 1",
        "correctCount": 36,
        "link": "https://files.catbox.moe/wkhzus.mp3"
    },
    {
        "anime": "Gintama",
        "name": "Chome Kou Nanza Kuso Kurae!",
        "artist": "Mikako Takahashi",
        "type": "Insert Song",
        "correctCount": 21,
        "link": "https://files.catbox.moe/9mdl2w.mp3"
    },
    {
        "anime": "Love Live! School idol project",
        "name": "No Brand Girls",
        "artist": "\u03bc's",
        "type": "Insert Song",
        "correctCount": 94,
        "link": "https://files.catbox.moe/6easzl.mp3"
    },
    {
        "anime": "Wanna-Be's",
        "name": "Adam no Ringo",
        "artist": "Seikima-II",
        "type": "Insert Song",
        "correctCount": 4,
        "link": "https://files.catbox.moe/srjht2.mp3"
    },
    {
        "anime": "Hell Girl",
        "name": "Sakasama no Ch\u014d",
        "artist": "SNoW",
        "type": "Opening 1",
        "correctCount": 65,
        "link": "https://files.catbox.moe/xse0sx.mp3"
    },
    {
        "anime": "Burst Angel",
        "name": "Under the Sky",
        "artist": "cloudica",
        "type": "Ending 1",
        "correctCount": 4,
        "link": "https://files.catbox.moe/ci8s2x.mp3"
    },
    {
        "anime": "Revue Starlight",
        "name": "Hanasaka Uta",
        "artist": "Teru Ikuta & Ayasa Itou",
        "type": "Insert Song",
        "correctCount": 35,
        "link": "https://files.catbox.moe/zkyczl.mp3"
    },
    {
        "anime": "Air In Summer",
        "name": "Farewell song",
        "artist": "Lia",
        "type": "Ending 1",
        "correctCount": 66,
        "link": "https://files.catbox.moe/c7n3qb.mp3"
    },
    {
        "anime": "Mobile Suit Gundam Unicorn",
        "name": "EGO",
        "artist": "Mika Kobayashi",
        "type": "Insert Song",
        "correctCount": 9,
        "link": "https://files.catbox.moe/g47mp7.mp3"
    },
    {
        "anime": "Ninja Scroll",
        "name": "Jubei's Theme",
        "artist": "Kitaro and Peter McEvilley",
        "type": "Opening 1",
        "correctCount": 9,
        "link": "https://files.catbox.moe/5gkkxa.mp3"
    },
    {
        "anime": "So I Can't Play H",
        "name": "Reason why XXX",
        "artist": "Sayaka Sasaki",
        "type": "Opening 1",
        "correctCount": 44,
        "link": "https://files.catbox.moe/lsym20.mp3"
    },
    {
        "anime": "Reborn!",
        "name": "BOYS & GIRLS",
        "artist": "LM.C",
        "type": "Opening 2",
        "correctCount": 76,
        "link": "https://files.catbox.moe/8hunqs.mp3"
    },
    {
        "anime": "Tsurune: Kazemai K\u014dk\u014d Ky\u016bd\u014d-bu",
        "name": "Naru",
        "artist": "Luck Life",
        "type": "Opening 1",
        "correctCount": 55,
        "link": "https://files.catbox.moe/gxh7ti.mp3"
    },
    {
        "anime": "Is the order a rabbit?",
        "name": "Daydream caf\u00e9",
        "artist": "Petit Rabbit\u2019s",
        "type": "Opening 1",
        "correctCount": 105,
        "link": "https://files.catbox.moe/u6gpap.mp3"
    },
    {
        "anime": "Inferno Cop",
        "name": "Die Hollen Polizei",
        "artist": "Juriano Hagiwara feat. Tsukasa Matsubara",
        "type": "Ending 1",
        "correctCount": 70,
        "link": "https://files.catbox.moe/wiqozk.mp3"
    },
    {
        "anime": "The Disappearance of Nagato Yuki-chan",
        "name": "giragira shake",
        "artist": "Tomokazu Sugita",
        "type": "Insert Song",
        "correctCount": 4,
        "link": "https://files.catbox.moe/sadw00.mp3"
    },
    {
        "anime": "Girl Friend BETA",
        "name": "Tanoshiki Tokimeki",
        "artist": "Neuron\u2605Cream Soft",
        "type": "Opening 1",
        "correctCount": 15,
        "link": "https://files.catbox.moe/qvvhcw.mp3"
    },
    {
        "anime": "Saint Seiya",
        "name": "Eien Blue",
        "artist": "MAKE-UP",
        "type": "Ending 1",
        "correctCount": 57,
        "link": "https://files.catbox.moe/btu4j5.mp3"
    },
    {
        "anime": "Wolf and the Amber-colored Melancholy",
        "name": "Perfect World",
        "artist": "ROCKY CHACK",
        "type": "Ending 1",
        "correctCount": 63,
        "link": "https://files.catbox.moe/y2asux.mp3"
    },
    {
        "anime": "The Racing Brothers, Lets & Go",
        "name": "FLESH & BLOOD ~Futatsu no omoi~",
        "artist": "G-CRISIS",
        "type": "Opening 2",
        "correctCount": 3,
        "link": "https://files.catbox.moe/twu6hk.mp3"
    },
    {
        "anime": "A Silent Voice",
        "name": "MY GENERATION",
        "artist": "THE WHO",
        "type": "Opening 1",
        "correctCount": 142,
        "link": "https://files.catbox.moe/jgqnls.mp3"
    },
    {
        "anime": "Gintama'",
        "name": "Samurai Heart (Some Like It Hot!!)",
        "artist": "SPYAIR",
        "type": "Ending 1",
        "correctCount": 55,
        "link": "https://files.catbox.moe/v3gnhm.mp3"
    },
    {
        "anime": "Everyday Life with Monster Girls",
        "name": "Saik\u014dsoku Fall in Love",
        "artist": "Ari Ozawa, Natsuki Aikawa, Sora Amamiya, Haruka Yamazaki, & Mayuka Nomura",
        "type": "Opening 1",
        "correctCount": 79,
        "link": "https://files.catbox.moe/g2x3xp.mp3"
    },
    {
        "anime": "Food Wars! Shokugeki no Soma",
        "name": "Spice",
        "artist": "Tokyo Karan Koron",
        "type": "Ending 1",
        "correctCount": 104,
        "link": "https://files.catbox.moe/ysstkp.mp3"
    },
    {
        "anime": "Circlet Princess",
        "name": "UPRIGHT",
        "artist": "Hitomi Nabatame & Juri Nagatsuma",
        "type": "Insert Song",
        "correctCount": 17,
        "link": "https://files.catbox.moe/hywl3c.mp3"
    },
    {
        "anime": "The Light of a Firefly Forest",
        "name": "Natsu o Miteita",
        "artist": "Shizuru \u014ctaka",
        "type": "Ending 1",
        "correctCount": 23,
        "link": "https://files.catbox.moe/9xvl8r.mp3"
    },
    {
        "anime": "Comic Girls",
        "name": "Memories",
        "artist": "Comic Girls",
        "type": "Opening 1",
        "correctCount": 63,
        "link": "https://files.catbox.moe/4ye573.mp3"
    },
    {
        "anime": "Room Mate",
        "name": "Kimi-iro Smile",
        "artist": "Kousuke Toriumi",
        "type": "Ending 1",
        "correctCount": 49,
        "link": "https://files.catbox.moe/efv676.mp3"
    },
    {
        "anime": "Mezzo",
        "name": "Mitsu",
        "artist": "BARNABYS",
        "type": "Ending 1",
        "correctCount": 3,
        "link": "https://files.catbox.moe/zqvild.mp3"
    },
    {
        "anime": "Honey and Clover II",
        "name": "Fugainaiya",
        "artist": "YUKI",
        "type": "Opening 1",
        "correctCount": 36,
        "link": "https://files.catbox.moe/lk7yde.mp3"
    },
    {
        "anime": "Drifters",
        "name": "Gospel of the Throttle (Kyouhon REMIX ver.)",
        "artist": "Minutes Til Midnight",
        "type": "Opening 1",
        "correctCount": 116,
        "link": "https://files.catbox.moe/rghtcc.mp3"
    },
    {
        "anime": "Pok\u00e9mon Sun & Moon",
        "name": "Pose",
        "artist": "Taiiku Okazaki",
        "type": "Insert Song",
        "correctCount": 42,
        "link": "https://files.catbox.moe/u33qfg.mp3"
    },
    {
        "anime": "Cardfight!! Vanguard: Link Joker-hen",
        "name": "Ride on Fight!",
        "artist": "Izumi Kitta & Suzuko Mimori",
        "type": "Ending 3",
        "correctCount": 4,
        "link": "https://files.catbox.moe/szv38q.mp3"
    },
    {
        "anime": "The Quintessential Quintuplets",
        "name": "Sign",
        "artist": "Aya Uchida",
        "type": "Ending 1",
        "correctCount": 66,
        "link": "https://files.catbox.moe/n5cd3n.mp3"
    },
    {
        "anime": "Miracle Train - \u014cedo-sen e Y\u014dkoso",
        "name": "montage",
        "artist": "KENN, Ryotaro Okiayu, Yuki Kaji, Masakazu Morita",
        "type": "Opening 1",
        "correctCount": 5,
        "link": "https://files.catbox.moe/30ztag.mp3"
    },
    {
        "anime": "Berserk: The Golden Age Arc III - The Advent",
        "name": "Aria",
        "artist": "Susumu Hirasawa",
        "type": "Opening 1",
        "correctCount": 85,
        "link": "https://files.catbox.moe/00tgk2.mp3"
    },
    {
        "anime": "The Magic Lamp and the Moving Islands",
        "name": "Pocket",
        "artist": "whiteeeen",
        "type": "Ending 1",
        "correctCount": 0,
        "link": "https://files.catbox.moe/8wva13.mp3"
    },
    {
        "anime": "I like what I like, so there!",
        "name": "Just a Survivor",
        "artist": "Tatsuhisa Suzuki",
        "type": "Opening 1",
        "correctCount": 10,
        "link": "https://files.catbox.moe/9an2en.mp3"
    },
    {
        "anime": "Aikatsu Stars!",
        "name": "POPCORN DREAMING\u266a",
        "artist": "Sena \u00b7 Rie from AIKATSU\u2606STARS!",
        "type": "Insert Song",
        "correctCount": 22,
        "link": "https://files.catbox.moe/zdc1gq.mp3"
    },
    {
        "anime": "Meow Meow Japanese History",
        "name": "Fu Nya Nyan Hero",
        "artist": "elfin'",
        "type": "Opening 7",
        "correctCount": 0,
        "link": "https://files.catbox.moe/958tib.mp3"
    },
    {
        "anime": "Sword Art Online",
        "name": "INNOCENCE",
        "artist": "Eir Aoi",
        "type": "Opening 2",
        "correctCount": 130,
        "link": "https://files.catbox.moe/arzo91.mp3"
    },
    {
        "anime": "Initial D",
        "name": "DO NOT STOP THE MUSIC",
        "artist": "LOU GRANT",
        "type": "Insert Song",
        "correctCount": 119,
        "link": "https://files.catbox.moe/bzvi8o.mp3"
    },
    {
        "anime": "Fate/stay night: Unlimited Blade Works",
        "name": "believe",
        "artist": "Kalafina",
        "type": "Ending 2",
        "correctCount": 62,
        "link": "https://files.catbox.moe/1fxcrv.mp3"
    },
    {
        "anime": "Dream Warrior Wingman",
        "name": "Wing Love",
        "artist": "Norimasa Yamanaka",
        "type": "Ending 1",
        "correctCount": 1,
        "link": "https://files.catbox.moe/s7gh91.mp3"
    },
    {
        "anime": "D.Gray-man",
        "name": "INNOCENT SORROW",
        "artist": "abingdon boys school",
        "type": "Opening 1",
        "correctCount": 49,
        "link": "https://files.catbox.moe/2p2txk.mp3"
    },
    {
        "anime": "\u014ckami-san & Her Seven Companions",
        "name": "Ready Go!",
        "artist": "May'n",
        "type": "Opening 1",
        "correctCount": 26,
        "link": "https://files.catbox.moe/wfh70o.mp3"
    },
    {
        "anime": "Martian Successor Nadesico",
        "name": "Seigi no Robot Gekiganger 3",
        "artist": "Meron Kaneda",
        "type": "Insert Song",
        "correctCount": 5,
        "link": "https://files.catbox.moe/3hzptz.mp3"
    }
]