[
    {
        "songNumber": 1,
        "animeEnglish": "Orphen",
        "animeRomaji": "Majutsushi Orphen",
        "songName": "Kimi wa Majutsushi",
        "artist": "Sharan Q",
        "type": "Opening 2",
        "correctCount": 5,
        "activePlayers": 247,
        "startSample": 21,
        "videoLength": 88.78,
        "linkWebm": "https://files.catbox.moe/g6rfsg.webm",
        "linkMP3": "https://files.catbox.moe/lss53w.mp3"
    },
    {
        "songNumber": 2,
        "animeEnglish": "Vampire Holmes",
        "animeRomaji": "Vampire Holmes",
        "songName": "Everlasting Love",
        "artist": "Nami Tamaki",
        "type": "Opening 1",
        "correctCount": 46,
        "activePlayers": 248,
        "startSample": 0,
        "videoLength": 30.98,
        "linkWebm": "https://files.catbox.moe/gr4tq3.webm",
        "linkMP3": "https://files.catbox.moe/q2cvwj.mp3"
    },
    {
        "songNumber": 3,
        "animeEnglish": "Shin Getter Robo vs. Neo Getter Robo",
        "animeRomaji": "Shin Getter Robo tai Neo Getter Robo",
        "songName": "STORM",
        "artist": "JAM Project featuring Ichiro Mizuki",
        "type": "Opening 1",
        "correctCount": 26,
        "activePlayers": 247,
        "startSample": 46,
        "videoLength": 83.02,
        "linkWebm": "https://files.catbox.moe/wczmn8.webm",
        "linkMP3": "https://files.catbox.moe/oe3yjq.mp3"
    },
    {
        "songNumber": 4,
        "animeEnglish": "Sister Princess",
        "animeRomaji": "Sister Princess",
        "songName": "Sono Kiseki wa Eikyuu ni",
        "artist": "Sister Princess +1",
        "type": "Insert Song",
        "correctCount": 11,
        "activePlayers": 245,
        "startSample": 98,
        "videoLength": 137.04,
        "linkWebm": "https://files.catbox.moe/lpad5k.webm",
        "linkMP3": "https://files.catbox.moe/pybmmv.mp3"
    },
    {
        "songNumber": 5,
        "animeEnglish": "Tokyo ESP",
        "animeRomaji": "Tokyo ESP",
        "songName": "Tokyo Zero Hearts",
        "artist": "Faylan",
        "type": "Opening 1",
        "correctCount": 89,
        "activePlayers": 245,
        "startSample": 53,
        "videoLength": 89.09,
        "linkWebm": "https://openings.moe/video/TokyoESP-OP01-NCBD.webm",
        "linkMP3": "https://files.catbox.moe/gcko7n.mp3"
    },
    {
        "songNumber": 6,
        "animeEnglish": "Eiga Dokidoki! Precure Mana Kekkon!!? Mirai ni Tsunagu Kib\u014d no Dress",
        "animeRomaji": "Eiga Dokidoki! Precure Mana Kekkon!!? Mirai ni Tsunagu Kib\u014d no Dress",
        "songName": "Love Link",
        "artist": "Hitomi Yoshida",
        "type": "Ending 1",
        "correctCount": 18,
        "activePlayers": 244,
        "startSample": 34,
        "videoLength": 122.4,
        "linkWebm": "https://files.catbox.moe/z5nu1n.webm",
        "linkMP3": "https://files.catbox.moe/rrmsns.mp3"
    },
    {
        "songNumber": 7,
        "animeEnglish": "Love and Lies",
        "animeRomaji": "Koi to Uso",
        "songName": "Kanashii Ureshii",
        "artist": "Frederic",
        "type": "Opening 1",
        "correctCount": 195,
        "activePlayers": 245,
        "startSample": 41,
        "videoLength": 88.82,
        "linkWebm": "https://files.catbox.moe/yiu3do.webm",
        "linkMP3": "https://files.catbox.moe/fdivlt.mp3"
    },
    {
        "songNumber": 8,
        "animeEnglish": "Fleet Girls Collection: KanColle Movie Sequence",
        "animeRomaji": "Kantai Collection: KanColle Movie",
        "songName": "Kikan",
        "artist": "Shiena Nishizawa",
        "type": "Ending 1",
        "correctCount": 42,
        "activePlayers": 245,
        "startSample": 206,
        "videoLength": 294.43,
        "linkWebm": "https://files.catbox.moe/4z56mv.webm",
        "linkMP3": "https://files.catbox.moe/7omrta.mp3"
    },
    {
        "songNumber": 9,
        "animeEnglish": "Dragon Ball Z: Bardock - The Father of Goku",
        "animeRomaji": "Dragon Ball Z: Tatta Hitori no Saish\u016b Kessen - Freeza ni Idonda Z Senshi Son Goku no Chichi",
        "songName": "CHA-LA HEAD-CHA-LA",
        "artist": "Hironobu Kageyama",
        "type": "Opening 1",
        "correctCount": 215,
        "activePlayers": 244,
        "startSample": 5,
        "videoLength": 106.95,
        "linkWebm": "https://files.catbox.moe/626uka.webm",
        "linkMP3": "https://files.catbox.moe/dxt8hz.mp3"
    },
    {
        "songNumber": 10,
        "animeEnglish": "Gekij\u014dban PriPara Mi~nna Atsumare! Prism\u2606Tours",
        "animeRomaji": "Gekij\u014dban PriPara Mi~nna Atsumare! Prism\u2606Tours",
        "songName": "Itoshi no Tinkerbell",
        "artist": "Callings",
        "type": "Insert Song",
        "correctCount": 2,
        "activePlayers": 245,
        "startSample": 54,
        "videoLength": 89.86,
        "linkWebm": "https://files.catbox.moe/xgzjdp.webm",
        "linkMP3": "https://files.catbox.moe/q8j71f.mp3"
    },
    {
        "songNumber": 11,
        "animeEnglish": "Pok\u00e9mon: Lucario and the Mystery of Mew",
        "animeRomaji": "Pocket Monsters Advance Generation - Mew to Had\u014d no Y\u016bsha Lucario",
        "songName": "Unbeatable",
        "artist": "David Rolfe",
        "type": "Opening 1",
        "correctCount": 136,
        "activePlayers": 244,
        "startSample": 68,
        "videoLength": 135.12,
        "linkWebm": "https://files.catbox.moe/jpp2ib.webm",
        "linkMP3": "https://files.catbox.moe/cdr6zv.mp3"
    },
    {
        "songNumber": 12,
        "animeEnglish": "Embracing Love: A Cicada in Winter",
        "animeRomaji": "Fuyu no Semi",
        "songName": "Hana Hyakkei",
        "artist": "N\u039bT ALLstars",
        "type": "Opening 1",
        "correctCount": 2,
        "activePlayers": 244,
        "startSample": 2,
        "videoLength": 64.99,
        "linkWebm": "https://files.catbox.moe/1hpj2j.webm",
        "linkMP3": "https://files.catbox.moe/j280bx.mp3"
    },
    {
        "songNumber": 13,
        "animeEnglish": "Ear of the Golden Dragon",
        "animeRomaji": "K\u014dry\u016b no Mimi",
        "songName": "Tensh\u014d",
        "artist": "Toshiyuki Morikawa",
        "type": "Opening 1",
        "correctCount": 4,
        "activePlayers": 244,
        "startSample": 2,
        "videoLength": 90.04,
        "linkWebm": "https://files.catbox.moe/jforsb.webm",
        "linkMP3": "https://files.catbox.moe/xnvxea.mp3"
    },
    {
        "songNumber": 14,
        "animeEnglish": "Pok\u00e9mon Heroes - Latias & Latios",
        "animeRomaji": "Pocket Monsters: Mizu no Miyako no Mamorigami - Latias to Latios",
        "songName": "I Believe",
        "artist": "David Rolfe",
        "type": "Opening 1",
        "correctCount": 127,
        "activePlayers": 244,
        "startSample": 30,
        "videoLength": 158.76,
        "linkWebm": "https://files.catbox.moe/xwzn0m.webm",
        "linkMP3": "https://files.catbox.moe/03gll3.mp3"
    },
    {
        "songNumber": 15,
        "animeEnglish": "My Teen Romantic Comedy SNAFU TOO!",
        "animeRomaji": "Oregairu Zoku",
        "songName": "Bitter Bitter Sweet",
        "artist": "Saori Hayami & Nao T\u014dyama",
        "type": "Insert Song",
        "correctCount": 113,
        "activePlayers": 244,
        "startSample": 7,
        "videoLength": 57.22,
        "linkWebm": "https://files.catbox.moe/6rp3eg.webm",
        "linkMP3": "https://files.catbox.moe/xry9xi.mp3"
    },
    {
        "songNumber": 16,
        "animeEnglish": "Baccano!",
        "animeRomaji": "Baccano!",
        "songName": "Calling",
        "artist": "Kaori Oda",
        "type": "Ending 1",
        "correctCount": 85,
        "activePlayers": 244,
        "startSample": 42,
        "videoLength": 88.03,
        "linkWebm": "https://files.catbox.moe/f4ufs6.webm",
        "linkMP3": "https://files.catbox.moe/5fe8bj.mp3"
    },
    {
        "songNumber": 17,
        "animeEnglish": "Birthday Wonderland",
        "animeRomaji": "Birthday Wonderland",
        "songName": "Wonderland",
        "artist": "milet",
        "type": "Insert Song",
        "correctCount": 16,
        "activePlayers": 244,
        "startSample": 56,
        "videoLength": 112.15,
        "linkWebm": "https://files.catbox.moe/91vzgm.webm",
        "linkMP3": "https://files.catbox.moe/mx8d4i.mp3"
    },
    {
        "songNumber": 18,
        "animeEnglish": "You're Under Arrest Specials",
        "animeRomaji": "Taiho Shichauzo Specials",
        "songName": "BRAND NEW DAY",
        "artist": "Mariko Fukui",
        "type": "Opening 1",
        "correctCount": 1,
        "activePlayers": 245,
        "startSample": 35,
        "videoLength": 89.23,
        "linkWebm": "https://files.catbox.moe/urr0mi.webm",
        "linkMP3": "https://files.catbox.moe/scedd7.mp3"
    },
    {
        "songNumber": 19,
        "animeEnglish": "Free! Eternal Summer",
        "animeRomaji": "Free! Eternal Summer",
        "songName": "FUTURE FISH",
        "artist": "STYLE FIVE",
        "type": "Ending 1",
        "correctCount": 70,
        "activePlayers": 244,
        "startSample": 7,
        "videoLength": 88.34,
        "linkWebm": "https://files.catbox.moe/kf8xc0.webm",
        "linkMP3": "https://files.catbox.moe/wp9n7p.mp3"
    },
    {
        "songNumber": 20,
        "animeEnglish": "Be a Man! Samurai School",
        "animeRomaji": "Sakigake!! Otoko Juku",
        "songName": "Yogorechimatta Kanashimi ni...",
        "artist": "SEPIA",
        "type": "Opening 1",
        "correctCount": 9,
        "activePlayers": 243,
        "startSample": 32,
        "videoLength": 94.06,
        "linkWebm": "https://files.catbox.moe/dkynu1.webm",
        "linkMP3": null
    },
    {
        "songNumber": 21,
        "animeEnglish": "Atelier Escha & Logy: Alchemists of the Dusk Sky",
        "animeRomaji": "Escha & Logy no Atelier: Tasogare no Sora no Renkinjutsushi",
        "songName": "Asuiro",
        "artist": "Rie Murakawa",
        "type": "Insert Song",
        "correctCount": 17,
        "activePlayers": 243,
        "startSample": 144,
        "videoLength": 193.36,
        "linkWebm": "https://files.catbox.moe/2ep32s.webm",
        "linkMP3": "https://files.catbox.moe/g9nsh3.mp3"
    },
    {
        "songNumber": 22,
        "animeEnglish": "Kokoro Library",
        "animeRomaji": "Kokoro Toshokan",
        "songName": "Tsuki wa Miteru",
        "artist": "Yasuko Yamano",
        "type": "Ending 1",
        "correctCount": 13,
        "activePlayers": 242,
        "startSample": 43,
        "videoLength": 87.34,
        "linkWebm": "https://files.catbox.moe/bd0zgu.webm",
        "linkMP3": "https://files.catbox.moe/yft0s2.mp3"
    },
    {
        "songNumber": 23,
        "animeEnglish": "ToHeart2",
        "animeRomaji": "ToHeart2",
        "songName": "Hello",
        "artist": "Haruna Ikeda",
        "type": "Opening 1",
        "correctCount": 23,
        "activePlayers": 242,
        "startSample": 25,
        "videoLength": 91.92,
        "linkWebm": "https://files.catbox.moe/mgqowm.webm",
        "linkMP3": "https://files.catbox.moe/dkgjz0.mp3"
    },
    {
        "songNumber": 24,
        "animeEnglish": "Afro Samurai",
        "animeRomaji": "Afro Samurai",
        "songName": "SERIES OUTRO",
        "artist": "THE RZA",
        "type": "Ending 1",
        "correctCount": 124,
        "activePlayers": 241,
        "startSample": 54,
        "videoLength": 88.68,
        "linkWebm": "https://files.catbox.moe/fvtd5r.webm",
        "linkMP3": "https://files.catbox.moe/vgfqb9.mp3"
    },
    {
        "songNumber": 25,
        "animeEnglish": "Wagnaria!!3",
        "animeRomaji": "Working!!!",
        "songName": "NOW!!!GAMBLE",
        "artist": "Kana Asumi, Saki Fujita, Eri Kitamura",
        "type": "Opening 1",
        "correctCount": 136,
        "activePlayers": 241,
        "startSample": 37,
        "videoLength": 89.16,
        "linkWebm": "https://files.catbox.moe/x6um1r.webm",
        "linkMP3": "https://files.catbox.moe/xn5hj4.mp3"
    },
    {
        "songNumber": 26,
        "animeEnglish": "Yamishibai: Japanese Ghost Stories",
        "animeRomaji": "Yami Shibai",
        "songName": "Kaifuu Emaki",
        "artist": "AVtechNO! and Teniwoha feat. Hatsune Miku",
        "type": "Ending 1",
        "correctCount": 148,
        "activePlayers": 241,
        "startSample": 0,
        "videoLength": 24.84,
        "linkWebm": "https://files.catbox.moe/2albpr.webm",
        "linkMP3": "https://files.catbox.moe/m60vkf.mp3"
    },
    {
        "songNumber": 27,
        "animeEnglish": "Prison School",
        "animeRomaji": "Prison School",
        "songName": "Tsumibukaki Oretachi no Sanka",
        "artist": "Kangoku Danshi",
        "type": "Ending 1",
        "correctCount": 118,
        "activePlayers": 241,
        "startSample": 33,
        "videoLength": 88.73,
        "linkWebm": "https://files.catbox.moe/j62vfm.webm",
        "linkMP3": "https://files.catbox.moe/345n39.mp3"
    },
    {
        "songNumber": 28,
        "animeEnglish": "This Art Club Has a Problem!",
        "animeRomaji": "Kono Bijutsu-bu ni wa Mondai ga Aru!",
        "songName": "Aozora Canvas",
        "artist": "Ari Ozawa, Sumire Uesaka, Nana Mizuki",
        "type": "Insert Song",
        "correctCount": 26,
        "activePlayers": 240,
        "startSample": 66,
        "videoLength": 135.82,
        "linkWebm": "https://files.catbox.moe/6rttaj.webm",
        "linkMP3": "https://files.catbox.moe/vx28i2.mp3"
    },
    {
        "songNumber": 29,
        "animeEnglish": "Candy Candy",
        "animeRomaji": "Candy Candy",
        "songName": "Candy Candy",
        "artist": "Mitsuko Horie and The Chirps",
        "type": "Opening 1",
        "correctCount": 49,
        "activePlayers": 240,
        "startSample": 11,
        "videoLength": 68.14,
        "linkWebm": "https://files.catbox.moe/msls6d.webm",
        "linkMP3": "https://files.catbox.moe/rolnck.mp3"
    },
    {
        "songNumber": 30,
        "animeEnglish": "Fate/Zero",
        "animeRomaji": "Fate/Zero",
        "songName": "to the beginning",
        "artist": "Kalafina",
        "type": "Ending 3",
        "correctCount": 175,
        "activePlayers": 239,
        "startSample": 67,
        "videoLength": 119.86,
        "linkWebm": "https://files.catbox.moe/45zxs4.webm",
        "linkMP3": "https://files.catbox.moe/k1yex7.mp3"
    },
    {
        "songNumber": 31,
        "animeEnglish": "Yuri!!! on ICE",
        "animeRomaji": "Yuri!!! on ICE",
        "songName": "Theme of King JJ",
        "artist": "Tarou Umebayashi feat. Linus Norda",
        "type": "Insert Song",
        "correctCount": 46,
        "activePlayers": 239,
        "startSample": 19,
        "videoLength": 116.06,
        "linkWebm": "https://files.catbox.moe/pnt2u4.webm",
        "linkMP3": "https://files.catbox.moe/o3fdu8.mp3"
    },
    {
        "songNumber": 32,
        "animeEnglish": "Yuri Seijin Naoko-san",
        "animeRomaji": "Yuri Seijin Naoko-san",
        "songName": "Yuri Seijin Naoko-san",
        "artist": "MOSAIC.WAV",
        "type": "Opening 1",
        "correctCount": 82,
        "activePlayers": 239,
        "startSample": 7,
        "videoLength": 110.16,
        "linkWebm": "https://files.catbox.moe/r02f4e.webm",
        "linkMP3": "https://files.catbox.moe/if7f8z.mp3"
    },
    {
        "songNumber": 33,
        "animeEnglish": "Sh\u014dwa Genroku Rakugo Shinj\u016b",
        "animeRomaji": "Sh\u014dwa Genroku Rakugo Shinj\u016b",
        "songName": "Usurahi Shinj\u016b",
        "artist": "Megumi Hayashibara",
        "type": "Opening 1",
        "correctCount": 117,
        "activePlayers": 239,
        "startSample": 33,
        "videoLength": 89.54,
        "linkWebm": "https://files.catbox.moe/rpijyo.webm",
        "linkMP3": "https://files.catbox.moe/1oqw51.mp3"
    },
    {
        "songNumber": 34,
        "animeEnglish": "Sound! Euphonium",
        "animeRomaji": "Hibike! Euphonium",
        "songName": "Mikazuki no Mai",
        "artist": "Freshman Wind Ensemble",
        "type": "Insert Song",
        "correctCount": 129,
        "activePlayers": 238,
        "startSample": 268,
        "videoLength": 411.14,
        "linkWebm": "https://files.catbox.moe/b84k7d.webm",
        "linkMP3": "https://files.catbox.moe/5m1bqt.mp3"
    },
    {
        "songNumber": 35,
        "animeEnglish": "Digimon Adventure tri.- Chapter 5: Coexistence",
        "animeRomaji": "Digimon Adventure tri. Ky\u014dsei",
        "songName": "Butter-Fly~tri.Version~",
        "artist": "Kouji Wada",
        "type": "Opening 1",
        "correctCount": 161,
        "activePlayers": 236,
        "startSample": 7,
        "videoLength": 89.03,
        "linkWebm": "https://files.catbox.moe/u4apn4.webm",
        "linkMP3": "https://files.catbox.moe/1h70yn.mp3"
    },
    {
        "songNumber": 36,
        "animeEnglish": "Welcome to THE SPACE SHOW",
        "animeRomaji": "Uch\u016b Show e Y\u014dkoso",
        "songName": "True Friends",
        "artist": "Sasja Antheunis",
        "type": "Insert Song",
        "correctCount": 5,
        "activePlayers": 235,
        "startSample": 50,
        "videoLength": 99.7,
        "linkWebm": "https://files.catbox.moe/26ta0p.webm",
        "linkMP3": "https://files.catbox.moe/1kakq9.mp3"
    },
    {
        "songNumber": 37,
        "animeEnglish": "High School Fleet",
        "animeRomaji": "Haifuri",
        "songName": "High Free Spirits",
        "artist": "TrySail",
        "type": "Opening 1",
        "correctCount": 137,
        "activePlayers": 237,
        "startSample": 39,
        "videoLength": 89.04,
        "linkWebm": "https://files.catbox.moe/ulhub6.webm",
        "linkMP3": "https://files.catbox.moe/zlafhw.mp3"
    },
    {
        "songNumber": 38,
        "animeEnglish": "Rampo Kitan: Game of Laplace",
        "animeRomaji": "Rampo Kitan: Game of Laplace",
        "songName": "Speed to Masatsu",
        "artist": "amazarashi",
        "type": "Opening 1",
        "correctCount": 107,
        "activePlayers": 237,
        "startSample": 54,
        "videoLength": 88.03,
        "linkWebm": "https://files.catbox.moe/ukd37e.webm",
        "linkMP3": "https://files.catbox.moe/knt0bv.mp3"
    },
    {
        "songNumber": 39,
        "animeEnglish": "THE IDOLM@STER MOVIE: Beyond the Brilliant Future!",
        "animeRomaji": "THE IDOLM@STER MOVIE: Kagayaki no Muk\u014dgawa e!",
        "songName": "Nemuri Hime",
        "artist": "Asami Imai",
        "type": "Insert Song",
        "correctCount": 48,
        "activePlayers": 237,
        "startSample": 5,
        "videoLength": 41.83,
        "linkWebm": "https://files.catbox.moe/u77wci.webm",
        "linkMP3": "https://files.catbox.moe/ruhq6o.mp3"
    },
    {
        "songNumber": 40,
        "animeEnglish": "Hero Mask",
        "animeRomaji": "Hero Mask",
        "songName": "Hero Mask",
        "artist": "Hisaki Kat\u014d",
        "type": "Opening 1",
        "correctCount": 11,
        "activePlayers": 237,
        "startSample": 18,
        "videoLength": 86.02,
        "linkWebm": "https://files.catbox.moe/0iinlp.webm",
        "linkMP3": "https://files.catbox.moe/sv7tl0.mp3"
    },
    {
        "songNumber": 41,
        "animeEnglish": "Ghost in the Shell",
        "animeRomaji": "K\u014dkaku Kid\u014dtai",
        "songName": "Making of Cyborg",
        "artist": "Kazumi Nishida, Taeko Shirai, Yoshiko Itoh",
        "type": "Opening 1",
        "correctCount": 121,
        "activePlayers": 237,
        "startSample": 25,
        "videoLength": 262.87,
        "linkWebm": "https://files.catbox.moe/zj2xa8.webm",
        "linkMP3": "https://files.catbox.moe/3fwhld.mp3"
    },
    {
        "songNumber": 42,
        "animeEnglish": "Ghost Slayers Ayashi",
        "animeRomaji": "Tenp\u014d Ibun Ayakashi Ayashi",
        "songName": "Winding Road",
        "artist": "Porno Graffitti",
        "type": "Ending 1",
        "correctCount": 5,
        "activePlayers": 236,
        "startSample": 4,
        "videoLength": 97.59,
        "linkWebm": "https://files.catbox.moe/p894yi.webm",
        "linkMP3": "https://files.catbox.moe/sy8r7p.mp3"
    },
    {
        "songNumber": 43,
        "animeEnglish": "Nobunagun",
        "animeRomaji": "Nobunagun",
        "songName": "Respect for the dead man",
        "artist": "Pay money To my Pain",
        "type": "Opening 1",
        "correctCount": 49,
        "activePlayers": 236,
        "startSample": 41,
        "videoLength": 88.25,
        "linkWebm": "https://files.catbox.moe/j6fep3.webm",
        "linkMP3": "https://files.catbox.moe/2p79qg.mp3"
    },
    {
        "songNumber": 44,
        "animeEnglish": "Battle Girl High School",
        "animeRomaji": "Battle Girl High School",
        "songName": "Gravity",
        "artist": "f*f",
        "type": "Ending 2",
        "correctCount": 6,
        "activePlayers": 234,
        "startSample": 31,
        "videoLength": 90.04,
        "linkWebm": "https://files.catbox.moe/5ap45b.webm",
        "linkMP3": "https://files.catbox.moe/8d00y8.mp3"
    },
    {
        "songNumber": 45,
        "animeEnglish": "Zetman",
        "animeRomaji": "Zetman",
        "songName": "Tomeru",
        "artist": "You Hitoto",
        "type": "Ending 1",
        "correctCount": 15,
        "activePlayers": 234,
        "startSample": 50,
        "videoLength": 87.62,
        "linkWebm": "https://files.catbox.moe/bss57t.webm",
        "linkMP3": "https://files.catbox.moe/2ih2zr.mp3"
    },
    {
        "songNumber": 46,
        "animeEnglish": "The Brave Fighter of Legend Da-Garn",
        "animeRomaji": "Densetsu no Y\u016bsha Da-Garn",
        "songName": "Kaze no Mirai e",
        "artist": "the Cast of Legendary Brave Da Garn",
        "type": "Ending 2",
        "correctCount": 7,
        "activePlayers": 233,
        "startSample": 23,
        "videoLength": 58.03,
        "linkWebm": "https://files.catbox.moe/ai4u0w.webm",
        "linkMP3": "https://files.catbox.moe/f2886r.mp3"
    },
    {
        "songNumber": 47,
        "animeEnglish": "Seny\u016b.",
        "animeRomaji": "Seny\u016b.",
        "songName": "Believe -Eien no Link-",
        "artist": "JAM Project",
        "type": "Ending 1",
        "correctCount": 34,
        "activePlayers": 233,
        "startSample": 8,
        "videoLength": 57.82,
        "linkWebm": "https://files.catbox.moe/27b3vb.webm",
        "linkMP3": "https://files.catbox.moe/pgz92y.mp3"
    },
    {
        "songNumber": 48,
        "animeEnglish": "Kemono Friends",
        "animeRomaji": "Kemono Friends",
        "songName": "Boku no Friend",
        "artist": "Mewhan",
        "type": "Ending 1",
        "correctCount": 74,
        "activePlayers": 232,
        "startSample": 54,
        "videoLength": 89.78,
        "linkWebm": "https://files.catbox.moe/js7i75.webm",
        "linkMP3": "https://files.catbox.moe/2gz3so.mp3"
    },
    {
        "songNumber": 49,
        "animeEnglish": "DearS",
        "animeRomaji": "DearS",
        "songName": "Happy Cosmos",
        "artist": "PoppinS",
        "type": "Ending 1",
        "correctCount": 35,
        "activePlayers": 232,
        "startSample": 26,
        "videoLength": 84.05,
        "linkWebm": "https://files.catbox.moe/0yhsq0.webm",
        "linkMP3": "https://files.catbox.moe/avlzad.mp3"
    },
    {
        "songNumber": 50,
        "animeEnglish": "Pop Team Epic",
        "animeRomaji": "Poputepipikku",
        "songName": "Pretty candle star (Josei ver.)",
        "artist": "Dropstars",
        "type": "Opening 2",
        "correctCount": 27,
        "activePlayers": 231,
        "startSample": 22,
        "videoLength": 61.18,
        "linkWebm": "https://files.catbox.moe/k6v5aj.webm",
        "linkMP3": "https://files.catbox.moe/clchkm.mp3"
    },
    {
        "songNumber": 51,
        "animeEnglish": "GATE",
        "animeRomaji": "Gate: Jieitai Kanochi nite, Kaku Tatakaeri",
        "songName": "GATE ~Sore wa Akatsuki no Y\u014d ni",
        "artist": "Kishida Ky\u014ddan &THE Akeboshi Rockets",
        "type": "Opening 1",
        "correctCount": 175,
        "activePlayers": 230,
        "startSample": 56,
        "videoLength": 90.02,
        "linkWebm": "https://files.catbox.moe/0uknlu.webm",
        "linkMP3": "https://files.catbox.moe/ndr8fr.mp3"
    },
    {
        "songNumber": 52,
        "animeEnglish": "Ro-Kyu-Bu!",
        "animeRomaji": "Ro-Kyu-Bu!",
        "songName": "SHOOT!",
        "artist": "RO-KYU-BU!",
        "type": "Opening 1",
        "correctCount": 93,
        "activePlayers": 230,
        "startSample": 17,
        "videoLength": 88.73,
        "linkWebm": "https://files.catbox.moe/ydjfjc.webm",
        "linkMP3": "https://files.catbox.moe/klvitc.mp3"
    },
    {
        "songNumber": 53,
        "animeEnglish": "Locodol",
        "animeRomaji": "Futs\u016b no Joshik\u014dsei ga Locodol Yattemita",
        "songName": "Ah Nagarekawa",
        "artist": "Miku It\u014d, Sachika Misawa, Maya Yoshioka, & Inori Minase",
        "type": "Insert Song",
        "correctCount": 18,
        "activePlayers": 229,
        "startSample": 4,
        "videoLength": 64.03,
        "linkWebm": "https://files.catbox.moe/75j1ta.webm",
        "linkMP3": "https://files.catbox.moe/8c4s1w.mp3"
    },
    {
        "songNumber": 54,
        "animeEnglish": "New Game!!",
        "animeRomaji": "New Game!!",
        "songName": "Miracle\u2606Magical\u2606Moonranger -Special Edition.-",
        "artist": "Hibiku Yamamura & Akane Fujita",
        "type": "Insert Song",
        "correctCount": 80,
        "activePlayers": 228,
        "startSample": 0,
        "videoLength": 23.42,
        "linkWebm": "https://files.catbox.moe/ovgn6f.webm",
        "linkMP3": "https://files.catbox.moe/e9epqu.mp3"
    },
    {
        "songNumber": 55,
        "animeEnglish": "Ninja Slayer",
        "animeRomaji": "Ninja Slayer From Animation",
        "songName": "Ninja Slayer",
        "artist": "ELECTRIC EEL SHOCK",
        "type": "Ending 6",
        "correctCount": 154,
        "activePlayers": 228,
        "startSample": 42,
        "videoLength": 90.1,
        "linkWebm": "https://files.catbox.moe/03vpje.webm",
        "linkMP3": "https://files.catbox.moe/zg9skn.mp3"
    },
    {
        "songNumber": 56,
        "animeEnglish": "Him\u014dto! Umaru-chan",
        "animeRomaji": "Him\u014dto! Umaru-chan",
        "songName": "Kakushinteki \u2606 Metamorphose!",
        "artist": "Aimi Tanaka",
        "type": "Opening 1",
        "correctCount": 198,
        "activePlayers": 228,
        "startSample": 49,
        "videoLength": 88.01,
        "linkWebm": "https://files.catbox.moe/k8gn13.webm",
        "linkMP3": "https://files.catbox.moe/cqvs1w.mp3"
    },
    {
        "songNumber": 57,
        "animeEnglish": "Colorful Pastrale: from Bermuda Triangle",
        "animeRomaji": "Colorful Pastrale: from Bermuda Triangle",
        "songName": "Shabon -Serena ver.-",
        "artist": "Hikaru Toono",
        "type": "Ending 4",
        "correctCount": 11,
        "activePlayers": 227,
        "startSample": 35,
        "videoLength": 89.16,
        "linkWebm": "https://files.catbox.moe/57agfd.webm",
        "linkMP3": "https://files.catbox.moe/5wnl3a.mp3"
    },
    {
        "songNumber": 58,
        "animeEnglish": "Vicke the Little Viking",
        "animeRomaji": "Chiisana Viking Vicke",
        "songName": "Vicke wa Chiisana Viking",
        "artist": "Y\u014dko Kuri and The Viking",
        "type": "Opening 1",
        "correctCount": 66,
        "activePlayers": 225,
        "startSample": 3,
        "videoLength": 68.18,
        "linkWebm": "https://files.catbox.moe/05zpe4.webm",
        "linkMP3": "https://files.catbox.moe/18t3py.mp3"
    },
    {
        "songNumber": 59,
        "animeEnglish": "Mushi-Shi",
        "animeRomaji": "Mushishi",
        "songName": "Ganpuku Ganka",
        "artist": "Toshio Masuda",
        "type": "Ending 25",
        "correctCount": 88,
        "activePlayers": 224,
        "startSample": 29,
        "videoLength": 67.53,
        "linkWebm": "https://files.catbox.moe/rl6m9f.webm",
        "linkMP3": "https://files.catbox.moe/l6u8s0.mp3"
    },
    {
        "songNumber": 60,
        "animeEnglish": "Umineko - When They Cry",
        "animeRomaji": "Umineko no Naku Koro ni",
        "songName": "Katayoku no Tori",
        "artist": "Akiko Shikata",
        "type": "Opening 1",
        "correctCount": 107,
        "activePlayers": 224,
        "startSample": 20,
        "videoLength": 89.38,
        "linkWebm": "https://openings.moe/video/UminekoNoNakuKoroNi-OP01-NCBD.webm",
        "linkMP3": "https://files.catbox.moe/2ugoad.mp3"
    },
    {
        "songNumber": 61,
        "animeEnglish": "Gegege no Kitar\u014d: Daikaij\u016b",
        "animeRomaji": "Gegege no Kitar\u014d: Daikaij\u016b",
        "songName": "Gegege no Kitar\u014d",
        "artist": "Ukadan",
        "type": "Opening 1",
        "correctCount": 214,
        "activePlayers": 223,
        "startSample": 39,
        "videoLength": 93.14,
        "linkWebm": "https://files.catbox.moe/0whl6d.webm",
        "linkMP3": "https://files.catbox.moe/83f6ze.mp3"
    },
    {
        "songNumber": 62,
        "animeEnglish": "Wandering Son",
        "animeRomaji": "Hourou Musuko",
        "songName": "For You",
        "artist": "Rie fu",
        "type": "Ending 1",
        "correctCount": 29,
        "activePlayers": 224,
        "startSample": 24,
        "videoLength": 88.03,
        "linkWebm": "https://files.catbox.moe/bqxe76.webm",
        "linkMP3": "https://files.catbox.moe/62hz5r.mp3"
    },
    {
        "songNumber": 63,
        "animeEnglish": "Level E",
        "animeRomaji": "Level E",
        "songName": "Yume ~Mugen no Kanata~",
        "artist": "ViViD",
        "type": "Ending 1",
        "correctCount": 15,
        "activePlayers": 224,
        "startSample": 23,
        "videoLength": 88.54,
        "linkWebm": "https://files.catbox.moe/l79u5d.webm",
        "linkMP3": "https://files.catbox.moe/r8gv5o.mp3"
    },
    {
        "songNumber": 64,
        "animeEnglish": "Gegege no Kitar\u014d: Jigoku-hen",
        "animeRomaji": "Gegege no Kitar\u014d: Jigoku-hen",
        "songName": "Gegege no Kitaro",
        "artist": "Ikuzo Yoshi",
        "type": "Opening 1",
        "correctCount": 214,
        "activePlayers": 224,
        "startSample": 21,
        "videoLength": 90.72,
        "linkWebm": null,
        "linkMP3": "https://files.catbox.moe/hun160.mp3"
    },
    {
        "songNumber": 65,
        "animeEnglish": "MD Geist II - Death Force",
        "animeRomaji": "Sokihei M.D. Geist 2",
        "songName": "The Moon is Crying",
        "artist": "Yoshiaki Ohuchi",
        "type": "Opening 1",
        "correctCount": 5,
        "activePlayers": 223,
        "startSample": 67,
        "videoLength": 118.9,
        "linkWebm": "https://files.catbox.moe/p5xqp2.webm",
        "linkMP3": "https://files.catbox.moe/f1sx03.mp3"
    },
    {
        "songNumber": 66,
        "animeEnglish": "Digimon Frontier",
        "animeRomaji": "Digimon Frontier",
        "songName": "A World For Us All",
        "artist": "Chris Horvath",
        "type": "Opening 1",
        "correctCount": 48,
        "activePlayers": 223,
        "startSample": 22,
        "videoLength": 60.05,
        "linkWebm": "https://files.catbox.moe/1b8pps.webm",
        "linkMP3": "https://files.catbox.moe/so81e4.mp3"
    },
    {
        "songNumber": 67,
        "animeEnglish": "Attack on Titan: Lost Girls",
        "animeRomaji": "Shingeki no Kyojin: Lost Girls",
        "songName": "Utsukushiki Zankoku na Sekai",
        "artist": "Y\u014dko Hikasa",
        "type": "Ending 2",
        "correctCount": 132,
        "activePlayers": 222,
        "startSample": 67,
        "videoLength": null,
        "linkWebm": "https://files.catbox.moe/fbg0d0.webm",
        "linkMP3": "https://files.catbox.moe/p6rxj3.mp3"
    },
    {
        "songNumber": 68,
        "animeEnglish": "WWW.WAGNARIA!!",
        "animeRomaji": "WWW.WORKING!!",
        "songName": "Eyecatch! Too much!",
        "artist": "Haruka Tomatsu, Yoko Hikasa, Sora Amamiya",
        "type": "Opening 1",
        "correctCount": 101,
        "activePlayers": 223,
        "startSample": 6,
        "videoLength": 88.99,
        "linkWebm": "https://files.catbox.moe/6tqgqb.webm",
        "linkMP3": "https://files.catbox.moe/scg64t.mp3"
    },
    {
        "songNumber": 69,
        "animeEnglish": ".hack//Liminality",
        "animeRomaji": ".hack//Liminality",
        "songName": "Obsession",
        "artist": "See-Saw",
        "type": "Insert Song",
        "correctCount": 118,
        "activePlayers": 223,
        "startSample": 34,
        "videoLength": 115.39,
        "linkWebm": "https://files.catbox.moe/n7x1dt.webm",
        "linkMP3": "https://files.catbox.moe/qk5p8n.mp3"
    },
    {
        "songNumber": 70,
        "animeEnglish": "Nyani ga Nyandaa Nyandaa Kamen",
        "animeRomaji": "Nyani ga Nyandaa Nyandaa Kamen",
        "songName": "Yume no Manto",
        "artist": "Reiko Oomori",
        "type": "Opening 1",
        "correctCount": 6,
        "activePlayers": 223,
        "startSample": 21,
        "videoLength": 67.51,
        "linkWebm": "https://files.catbox.moe/r8ezbs.webm",
        "linkMP3": "https://files.catbox.moe/nnnw0d.mp3"
    },
    {
        "songNumber": 71,
        "animeEnglish": "Aikatsu!",
        "animeRomaji": "Aikatsu!",
        "songName": "Miel Miere",
        "artist": "Kana from AIKATSU\u2606STARS!",
        "type": "Insert Song",
        "correctCount": 81,
        "activePlayers": 223,
        "startSample": 39,
        "videoLength": 114.07,
        "linkWebm": "https://files.catbox.moe/es2p7b.webm",
        "linkMP3": "https://files.catbox.moe/njakq1.mp3"
    },
    {
        "songNumber": 72,
        "animeEnglish": "Ch\u014djigen Kakumei Anime: Dimension High School",
        "animeRomaji": "Ch\u014djigen Kakumei Anime: Dimension High School",
        "songName": "My Home",
        "artist": "SAMURAI TUNES",
        "type": "Ending 1",
        "correctCount": 4,
        "activePlayers": 223,
        "startSample": 33,
        "videoLength": 85.97,
        "linkWebm": "https://files.catbox.moe/1rhpl7.webm",
        "linkMP3": "https://files.catbox.moe/e8ch3w.mp3"
    },
    {
        "songNumber": 73,
        "animeEnglish": "Psycho-Pass: Sinners of the System",
        "animeRomaji": "Psycho-Pass: Sinners of the System",
        "songName": "Namae no Nai Kaibutsu \u2015 Remixed by MASAYUKI NAKANO",
        "artist": "EGOIST",
        "type": "Ending 3",
        "correctCount": 82,
        "activePlayers": 223,
        "startSample": 46,
        "videoLength": 119.06,
        "linkWebm": "https://files.catbox.moe/pkw1js.webm",
        "linkMP3": "https://files.catbox.moe/pzsxbc.mp3"
    },
    {
        "songNumber": 74,
        "animeEnglish": "Fate/Zero",
        "animeRomaji": "Fate/Zero",
        "songName": "to the beginning",
        "artist": "Kalafina",
        "type": "Opening 1",
        "correctCount": 182,
        "activePlayers": 223,
        "startSample": 20,
        "videoLength": 90.05,
        "linkWebm": "https://openings.moe/video/Fate%EF%BC%8FZero-OP02-NCBD.webm",
        "linkMP3": "https://files.catbox.moe/ttwpy9.mp3"
    },
    {
        "songNumber": 75,
        "animeEnglish": "Is It Wrong to Try to Pick Up Girls in a Dungeon? II",
        "animeRomaji": "DanMachi II",
        "songName": "HELLO to DREAM",
        "artist": "Yuka Iguchi",
        "type": "Opening 1",
        "correctCount": 115,
        "activePlayers": 224,
        "startSample": 28,
        "videoLength": 88.5,
        "linkWebm": "https://files.catbox.moe/yx4gqh.webm",
        "linkMP3": null
    }
]