[
    {
        "animeEng": "The Thousand Musketeers",
        "animeRomaji": "Senj\u016bshi: The Thousand Noble Musketeers",
        "songName": "antique memory",
        "artist": "Taku Yashiro, Shinnosuke Tachibana, Shouta Aoi, Yuki Kaji",
        "type": "Opening 1",
        "correctCount": 4,
        "startTime": 10,
        "songDuration": 89.33724,
        "songNumber": 1,
        "activePlayerCount": 170,
        "LinkVideo": "https://files.catbox.moe/57vhhd.webm",
        "LinkMp3": "https://files.catbox.moe/qezv7t.mp3",
        "correctPlayers": [
            "Kolea",
            "Kazso",
            "nf1",
            "shadowpandax"
        ]
    },
    {
        "animeEng": "Fullmetal Alchemist: Brotherhood",
        "animeRomaji": "Hagane no Renkinjutsushi: Brotherhood",
        "songName": "Rain",
        "artist": "SID",
        "type": "Opening 5",
        "correctCount": 108,
        "startTime": 10,
        "songDuration": 90.12,
        "songNumber": 2,
        "activePlayerCount": 170,
        "LinkVideo": "https://animethemes.moe/video/FullmetalAlchemistBrotherhood-OP5.webm",
        "LinkMp3": "https://files.catbox.moe/shhfg5.mp3"
    },
    {
        "animeEng": "Aria the Animation",
        "animeRomaji": "Aria the Animation",
        "songName": "Undine",
        "artist": "Yui Makino",
        "type": "Opening 1",
        "correctCount": 51,
        "startTime": 0,
        "songDuration": 103.608,
        "songNumber": 3,
        "activePlayerCount": 167,
        "LinkVideo": "https://files.catbox.moe/qfqhzq.webm",
        "LinkMp3": "https://files.catbox.moe/xtcff4.mp3"
    },
    {
        "animeEng": "Martian Successor Nadesico",
        "animeRomaji": "Kid\u014d Senkan Nadesico",
        "songName": "YOU GET TO BURNING",
        "artist": "Yumi Matsuzawa",
        "type": "Opening 1",
        "correctCount": 34,
        "startTime": 16,
        "songDuration": 89.952,
        "songNumber": 4,
        "activePlayerCount": 163,
        "LinkVideo": "https://animethemes.moe/video/KidouSenkanNadesico-OP1.webm",
        "LinkMp3": "https://files.catbox.moe/wp6vuu.mp3"
    },
    {
        "animeEng": "Dinosaur King",
        "animeRomaji": "Kodai \u014cja Ky\u014dry\u016b King D-Kids Adventure",
        "songName": "Kyouryuu Dadanba",
        "artist": "Hiromichi Sato",
        "type": "Ending 2",
        "correctCount": 14,
        "startTime": 9,
        "songDuration": 88.728,
        "songNumber": 5,
        "activePlayerCount": 163,
        "LinkVideo": "https://files.catbox.moe/m2ae7c.webm",
        "LinkMp3": "https://files.catbox.moe/o1ojyw.mp3"
    },
    {
        "animeEng": "Digimon 02: Revenge of Diaboromon",
        "animeRomaji": "Digimon: Diaboromon Strikes Back",
        "songName": "Target ~Akai Sh\u014dgeki~",
        "artist": "Kouji Wada",
        "type": "Insert Song",
        "correctCount": 74,
        "startTime": 49,
        "songDuration": 94.56,
        "songNumber": 6,
        "activePlayerCount": 163,
        "LinkVideo": "https://files.catbox.moe/qa29y6.webm",
        "LinkMp3": "https://files.catbox.moe/ijaxfo.mp3"
    },
    {
        "animeEng": "Har\u00e9+Guu",
        "animeRomaji": "Jungle Wa Itsumo Hale Nochi Guu",
        "songName": "LOVE\u2606Tropicana",
        "artist": "Sister MAYO",
        "type": "Opening 1",
        "correctCount": 42,
        "startTime": 21,
        "songDuration": 80.712,
        "songNumber": 7,
        "activePlayerCount": 163,
        "LinkVideo": "https://files.catbox.moe/wxa806.webm",
        "LinkMp3": "https://files.catbox.moe/0f1irc.mp3"
    },
    {
        "animeEng": "Shugo Chara!! Doki",
        "animeRomaji": "Shugo Chara!! Doki",
        "songName": "Heartful song",
        "artist": "Nana Mizuki",
        "type": "Insert Song",
        "correctCount": 7,
        "startTime": 11,
        "songDuration": 151.848,
        "songNumber": 8,
        "activePlayerCount": 162,
        "LinkVideo": "https://files.catbox.moe/dp8j3x.webm",
        "LinkMp3": "https://files.catbox.moe/brajdz.mp3"
    },
    {
        "animeEng": "Hanasaku Iroha",
        "animeRomaji": "Hanasaku Iroha - Blossoms for Tomorrow",
        "songName": "Nagai Tabiji no Tochuu",
        "artist": "Rey",
        "type": "Insert Song",
        "correctCount": 5,
        "startTime": 18,
        "songDuration": 78.936,
        "songNumber": 9,
        "activePlayerCount": 162,
        "LinkVideo": "https://files.catbox.moe/yl8h5y.webm",
        "LinkMp3": "https://files.catbox.moe/vzrhm5.mp3",
        "correctPlayers": [
            "anonimus_opinion",
            "raisinmuffins",
            "eggsdee",
            "vbssoloww",
            "shadowpandax"
        ]
    },
    {
        "animeEng": "Strike The Blood: Kieta Seis\u014d-hen",
        "animeRomaji": "Strike The Blood: Kieta Seis\u014d-hen",
        "songName": "Akatsuki no Kaleido Blood",
        "artist": "Kishida Ky\u014ddan &THE Akeboshi Rockets",
        "type": "Ending 2",
        "correctCount": 3,
        "startTime": 51,
        "songDuration": 89.016,
        "songNumber": 10,
        "activePlayerCount": 161,
        "LinkVideo": "https://files.catbox.moe/2okyou.webm",
        "LinkMp3": "https://files.catbox.moe/i5yy7v.mp3",
        "correctPlayers": [
            "anonimus_opinion",
            "AquaHaze",
            "kneesoxluver"
        ]
    },
    {
        "animeEng": "Gintama",
        "animeRomaji": "Gintama",
        "songName": "Donten",
        "artist": "DOES",
        "type": "Opening 5",
        "correctCount": 70,
        "startTime": 3,
        "songDuration": 89.424,
        "songNumber": 11,
        "activePlayerCount": 162,
        "LinkVideo": "https://files.catbox.moe/t5v9hq.webm",
        "LinkMp3": "https://files.catbox.moe/rgrwxc.mp3"
    },
    {
        "animeEng": "Association Robot Goku",
        "animeRomaji": "Asobotto Senki Goku",
        "songName": "\u00a1WAKE YOUR LOVE!",
        "artist": "move",
        "type": "Ending 1",
        "correctCount": 0,
        "startTime": 2,
        "songDuration": 89.304,
        "songNumber": 12,
        "activePlayerCount": 160,
        "LinkVideo": "https://files.catbox.moe/hq2xua.webm",
        "LinkMp3": "https://files.catbox.moe/n1nwva.mp3"
    },
    {
        "animeEng": "Sword Art Online Alternative: Gun Gale Online",
        "animeRomaji": "Sword Art Online Alternative: Gun Gale Online",
        "songName": "Disorder",
        "artist": "ReoNa",
        "type": "Insert Song",
        "correctCount": 31,
        "startTime": 28,
        "songDuration": 224.884298,
        "songNumber": 13,
        "activePlayerCount": 158,
        "LinkVideo": "https://files.catbox.moe/rgd4s1.webm",
        "LinkMp3": "https://files.catbox.moe/njch70.mp3"
    },
    {
        "animeEng": "Sengoku Basara - End of Judgement",
        "animeRomaji": "Sengoku Basara: Judge End",
        "songName": "Hokkyokusei ~Polaris~",
        "artist": "Chiaki Ishikawa",
        "type": "Ending 1",
        "correctCount": 13,
        "startTime": 30,
        "songDuration": 78.888,
        "songNumber": 14,
        "activePlayerCount": 159,
        "LinkVideo": "https://files.catbox.moe/hpysv7.webm",
        "LinkMp3": "https://files.catbox.moe/faguwh.mp3"
    },
    {
        "animeEng": "Onegai My Melody Kirara",
        "animeRomaji": "Onegai My Melody Kirara",
        "songName": "Kirakira Kirara\u2605\u5f61",
        "artist": "Yuka Uchiyae",
        "type": "Opening 1",
        "correctCount": 2,
        "startTime": 5,
        "songDuration": 90.1209,
        "songNumber": 15,
        "activePlayerCount": 159,
        "LinkVideo": "https://files.catbox.moe/xta2vt.webm",
        "LinkMp3": "https://files.catbox.moe/j58kup.mp3",
        "correctPlayers": [
            "Cirquit",
            "evergreen"
        ]
    },
    {
        "animeEng": "The Brave Police J-Decker",
        "animeRomaji": "Y\u016bsha Keisatsu J-Decker",
        "songName": "HEART TO HEART",
        "artist": "Ayako",
        "type": "Opening 1",
        "correctCount": 7,
        "startTime": 33,
        "songDuration": 88.32,
        "songNumber": 16,
        "activePlayerCount": 159,
        "LinkVideo": "https://files.catbox.moe/j64ke3.webm",
        "LinkMp3": "https://files.catbox.moe/5xbo57.mp3"
    },
    {
        "animeEng": "The Legend of the Galactic Heroes: Die Neue These Second",
        "animeRomaji": "Ginga Eiy\u016b Densetsu: Die Neue These Seiran",
        "songName": "Binary Star",
        "artist": "SawanoHiroyuki[nZk]:Uru",
        "type": "Opening 1",
        "correctCount": 34,
        "startTime": 27,
        "songDuration": 88.968,
        "songNumber": 17,
        "activePlayerCount": 158,
        "LinkVideo": "https://files.catbox.moe/o2pwjj.webm",
        "LinkMp3": "https://files.catbox.moe/xw283v.mp3"
    },
    {
        "animeEng": "Okko's Inn",
        "animeRomaji": "Wakaokami wa Sh\u014dgakusei!",
        "songName": "Mata Ashita",
        "artist": "Sakura Fujiwara",
        "type": "Ending 1",
        "correctCount": 5,
        "startTime": 65,
        "songDuration": 225.576,
        "songNumber": 18,
        "activePlayerCount": 158,
        "LinkVideo": "https://files.catbox.moe/96xvnr.webm",
        "LinkMp3": "https://files.catbox.moe/chx46c.mp3",
        "correctPlayers": [
            "anonimus_opinion",
            "romraisin",
            "Luiseiti",
            "nf1",
            "Celia_Chan"
        ]
    },
    {
        "animeEng": "Inugami-san to Nekoyama-san",
        "animeRomaji": "Inugami-san to Nekoyama-san",
        "songName": "Zettai Fukuj\u016b Sengen",
        "artist": "Nao T\u014dyama & Sumire Uesaka",
        "type": "Ending 1",
        "correctCount": 68,
        "startTime": 0,
        "songDuration": 24,
        "songNumber": 19,
        "activePlayerCount": 157,
        "LinkVideo": "https://files.catbox.moe/xjjsc8.webm",
        "LinkMp3": "https://files.catbox.moe/qntoth.mp3"
    },
    {
        "animeEng": "Martian Successor Nadesico: The Motion Picture - Prince of Darkness",
        "animeRomaji": "Kid\u014d Senkan Nadeshiko: Prince of Darkness",
        "songName": "Dearest",
        "artist": "Yumi Matsuzawa",
        "type": "Ending 1",
        "correctCount": 9,
        "startTime": 84,
        "songDuration": 304.992,
        "songNumber": 20,
        "activePlayerCount": 157,
        "LinkVideo": "https://files.catbox.moe/nzdv3l.webm",
        "LinkMp3": "https://files.catbox.moe/if0nfj.mp3"
    },
    {
        "animeEng": "Last Exile: Fam, The Silver Wing",
        "animeRomaji": "Last Exile: Ginyoku no Fam",
        "songName": "I've Got Friends",
        "artist": "Hitomi",
        "type": "Insert Song",
        "correctCount": 3,
        "startTime": 134,
        "songDuration": 260.184,
        "songNumber": 21,
        "activePlayerCount": 157,
        "LinkVideo": "https://files.catbox.moe/rq7p6z.webm",
        "LinkMp3": "https://files.catbox.moe/4wwwz2.mp3",
        "correctPlayers": [
            "romraisin",
            "asleep",
            "watashiii"
        ]
    },
    {
        "animeEng": "Super Shiro",
        "animeRomaji": "Super Shiro",
        "songName": "SUPER SHIRO",
        "artist": "Mewhan",
        "type": "Ending 1",
        "correctCount": 26,
        "startTime": 1,
        "songDuration": 34.56,
        "songNumber": 22,
        "activePlayerCount": 157,
        "LinkVideo": "https://files.catbox.moe/v8hhyw.webm",
        "LinkMp3": "https://files.catbox.moe/08nxwe.mp3"
    },
    {
        "animeEng": "Three Leaves, Three Colors",
        "animeRomaji": "Sansha Sany\u014d",
        "songName": "Clover\u2663Kakumation",
        "artist": "Triple\u2663Feeling",
        "type": "Opening 1",
        "correctCount": 29,
        "startTime": 59,
        "songDuration": 99.528,
        "songNumber": 23,
        "activePlayerCount": 157,
        "LinkVideo": "https://files.catbox.moe/302ydk.webm",
        "LinkMp3": "https://files.catbox.moe/4iuuic.mp3"
    },
    {
        "animeEng": "Little Busters! EX",
        "animeRomaji": "Little Busters! EX",
        "songName": "Alicemagic ~TV animation ver.~",
        "artist": "Rita",
        "type": "Ending 4",
        "correctCount": 67,
        "startTime": 25,
        "songDuration": 86.76,
        "songNumber": 24,
        "activePlayerCount": 157,
        "LinkVideo": "https://files.catbox.moe/xms3mw.webm",
        "LinkMp3": "https://files.catbox.moe/h37o0p.mp3"
    },
    {
        "animeEng": "TsukiPro the Animation",
        "animeRomaji": "TsukiPro the Animation",
        "songName": "Parallel Lineage",
        "artist": "Growth",
        "type": "Insert Song",
        "correctCount": 7,
        "startTime": 0,
        "songDuration": 28.896,
        "songNumber": 25,
        "activePlayerCount": 157,
        "LinkVideo": "https://files.catbox.moe/hgpp94.webm",
        "LinkMp3": "https://files.catbox.moe/vzobik.mp3"
    },
    {
        "animeEng": "Denpa-teki na Kanojo",
        "animeRomaji": "Denpa-teki na Kanojo",
        "songName": "door",
        "artist": "Rumika",
        "type": "Ending 2",
        "correctCount": 7,
        "startTime": 35,
        "songDuration": 146.616,
        "songNumber": 26,
        "activePlayerCount": 157,
        "LinkVideo": "https://files.catbox.moe/yrn19f.webm",
        "LinkMp3": "https://files.catbox.moe/je05fj.mp3"
    },
    {
        "animeEng": "Sgt. Frog",
        "animeRomaji": "Keroro Guns\u014d",
        "songName": "Kero! to March <Shoutai Ver.>",
        "artist": "Keroro Shoutai",
        "type": "Opening 10",
        "correctCount": 57,
        "startTime": 25,
        "songDuration": 87.48,
        "songNumber": 27,
        "activePlayerCount": 156,
        "LinkVideo": "https://files.catbox.moe/keg9ej.webm",
        "LinkMp3": "https://files.catbox.moe/7kbgo5.mp3"
    },
    {
        "animeEng": "RIN - Daughters of Mnemosyne",
        "animeRomaji": "Mnemosyne - Mnemosyne no Musume-tachi",
        "songName": "Alsatia",
        "artist": "GALNERYUS",
        "type": "Opening 1",
        "correctCount": 35,
        "startTime": 35,
        "songDuration": 88.872,
        "songNumber": 28,
        "activePlayerCount": 155,
        "LinkVideo": "https://files.catbox.moe/r08bx3.webm",
        "LinkMp3": "https://files.catbox.moe/k3s2z1.mp3"
    },
    {
        "animeEng": "MoonPhase",
        "animeRomaji": "Tsukuyomi -Moon Phase-",
        "songName": "Neko Mimi Mode",
        "artist": "Dimitri From Paris Voice Chiwa Saito",
        "type": "Ending 5",
        "correctCount": 59,
        "startTime": 38,
        "songDuration": 87.12,
        "songNumber": 29,
        "activePlayerCount": 156,
        "LinkVideo": "https://files.catbox.moe/isnabz.webm",
        "LinkMp3": "https://files.catbox.moe/rm2t59.mp3"
    },
    {
        "animeEng": "The Reflection",
        "animeRomaji": "The Reflection",
        "songName": "SKY SHOW (Unplugged)",
        "artist": "Trevor Horn",
        "type": "Insert Song",
        "correctCount": 17,
        "startTime": 2,
        "songDuration": 46.896,
        "songNumber": 30,
        "activePlayerCount": 154,
        "LinkVideo": "https://files.catbox.moe/uqh32a.webm",
        "LinkMp3": "https://files.catbox.moe/dwdhx3.mp3"
    },
    {
        "animeEng": "Mysterious Girlfriend X",
        "animeRomaji": "Nazo no Kanojo X",
        "songName": "Koi no Orchestra",
        "artist": "Ayako Yoshitani",
        "type": "Opening 1",
        "correctCount": 30,
        "startTime": 34,
        "songDuration": 88.752,
        "songNumber": 31,
        "activePlayerCount": 155,
        "LinkVideo": "https://openings.moe/video/NazoNoKanojoX-OP01-NCBD.webm",
        "LinkMp3": "https://files.catbox.moe/st2pcx.mp3"
    },
    {
        "animeEng": "Attack on Titan: Ilse's Notebook",
        "animeRomaji": "Shingeki no Kyojin: Ilse no Tech\u014d - Aru Ch\u014dsa Heidan-in no Shuki",
        "songName": "Guren no Yumiya",
        "artist": "Linked Horizon",
        "type": "Opening 1",
        "correctCount": 147,
        "startTime": 35,
        "songDuration": 90.072,
        "songNumber": 32,
        "activePlayerCount": 154,
        "LinkVideo": "https://files.catbox.moe/iqxsmc.webm",
        "LinkMp3": "https://files.catbox.moe/ywp1d3.mp3"
    },
    {
        "animeEng": "DNA\u00b2",
        "animeRomaji": "DNA\u00b2 - Dokoka de Nakushita Aitsu no Aitsu",
        "songName": "Blurry Eyes",
        "artist": "L'Arc~en~Ciel",
        "type": "Opening 1",
        "correctCount": 35,
        "startTime": 4,
        "songDuration": 92.664,
        "songNumber": 33,
        "activePlayerCount": 154,
        "LinkVideo": "https://files.catbox.moe/9ltbv1.webm",
        "LinkMp3": "https://files.catbox.moe/jhf88i.mp3"
    },
    {
        "animeEng": "The Disastrous Life of Saiki K.",
        "animeRomaji": "Saiki Kusuo no Psi Nan",
        "songName": "\u03a8 desu I LIKE YOU",
        "artist": "Dempagumi.inc",
        "type": "Ending 1",
        "correctCount": 99,
        "startTime": 22,
        "songDuration": 89.448,
        "songNumber": 34,
        "activePlayerCount": 154,
        "LinkVideo": "https://animethemes.moe/video/SaikiKusuoNoPsiNanTV-ED1.webm",
        "LinkMp3": "https://files.catbox.moe/c9z320.mp3"
    },
    {
        "animeEng": "Eden of the East",
        "animeRomaji": "Higashi no Eden",
        "songName": "Falling Down",
        "artist": "Oasis",
        "type": "Opening 1",
        "correctCount": 76,
        "startTime": 16,
        "songDuration": 79.656,
        "songNumber": 35,
        "activePlayerCount": 154,
        "LinkVideo": "https://files.catbox.moe/y1ijra.webm",
        "LinkMp3": "https://files.catbox.moe/xftldk.mp3"
    },
    {
        "animeEng": "Persona3 the Movie #3 Falling Down",
        "animeRomaji": "Persona3 the Movie #3 Falling Down",
        "songName": "One Determination",
        "artist": "Yumi Kawamura & Lotus Juice",
        "type": "Insert Song",
        "correctCount": 34,
        "startTime": 144,
        "songDuration": 412.68,
        "songNumber": 36,
        "activePlayerCount": 154,
        "LinkVideo": "https://files.catbox.moe/hbklyy.webm",
        "LinkMp3": "https://files.catbox.moe/j33cdz.mp3"
    },
    {
        "animeEng": "Alderamin on the Sky",
        "animeRomaji": "Nejimaki Seirei Senki: Tenky\u014d no Alderamin",
        "songName": "Tenky\u014d no Alderamin",
        "artist": "Kishida Ky\u014ddan &THE Akeboshi Rockets",
        "type": "Opening 1",
        "correctCount": 67,
        "startTime": 23,
        "songDuration": 89.52,
        "songNumber": 37,
        "activePlayerCount": 155,
        "LinkVideo": "https://files.catbox.moe/iet45e.webm",
        "LinkMp3": "https://files.catbox.moe/f59yz4.mp3"
    },
    {
        "animeEng": "Aldnoah.Zero",
        "animeRomaji": "Aldnoah.Zero",
        "songName": "heavenly blue",
        "artist": "Kalafina",
        "type": "Opening 1",
        "correctCount": 86,
        "startTime": 45,
        "songDuration": 88.8,
        "songNumber": 38,
        "activePlayerCount": 154,
        "LinkVideo": "https://files.catbox.moe/tkzyuz.webm",
        "LinkMp3": "https://files.catbox.moe/52x76t.mp3"
    },
    {
        "animeEng": "Speed Grapher",
        "animeRomaji": "Speed Grapher",
        "songName": "Shutter Speed",
        "artist": "Shinkichi Mitsumune",
        "type": "Opening 1",
        "correctCount": 10,
        "startTime": 49,
        "songDuration": 91.792708,
        "songNumber": 39,
        "activePlayerCount": 155,
        "LinkVideo": "https://files.catbox.moe/xxqr2t.webm",
        "LinkMp3": "https://files.catbox.moe/p7472b.mp3"
    },
    {
        "animeEng": "My mental choices are completely interfering with my school romantic comedy",
        "animeRomaji": "NouCome",
        "songName": "S\u30fbM\u30fbL\u2606",
        "artist": "Afilia Saga",
        "type": "Opening 1",
        "correctCount": 92,
        "startTime": 6,
        "songDuration": 89.049898,
        "songNumber": 40,
        "activePlayerCount": 154,
        "LinkVideo": "https://files.catbox.moe/uw7q6x.webm",
        "LinkMp3": "https://files.catbox.moe/6yv6lq.mp3"
    },
    {
        "animeEng": "Encouragement of Climb Season 2",
        "animeRomaji": "Yama no Susume Second Season",
        "songName": "Staccato Days",
        "artist": "Yuka Iguchi and Kana Asumi",
        "type": "Insert Song",
        "correctCount": 71,
        "startTime": 13,
        "songDuration": 101.88,
        "songNumber": 41,
        "activePlayerCount": 154,
        "LinkVideo": "https://files.catbox.moe/2dgibv.webm",
        "LinkMp3": "https://files.catbox.moe/tbezsx.mp3"
    },
    {
        "animeEng": "Generation of Chaos III: Toki no F\u016bin",
        "animeRomaji": "Generation of Chaos III: Toki no F\u016bin",
        "songName": "DISCOVER",
        "artist": "Sae",
        "type": "Ending 1",
        "correctCount": 0,
        "startTime": 1,
        "songDuration": 97.08,
        "songNumber": 42,
        "activePlayerCount": 154,
        "LinkVideo": "https://files.catbox.moe/c1kukj.webm",
        "LinkMp3": "https://files.catbox.moe/fmvjkp.mp3"
    },
    {
        "animeEng": "DYNAMIC CHORD",
        "animeRomaji": "DYNAMIC CHORD",
        "songName": "p.s.i hate you\u2661xxx",
        "artist": "[r\u00eave parfait]",
        "type": "Opening 1",
        "correctCount": 11,
        "startTime": 18,
        "songDuration": 87.984,
        "songNumber": 43,
        "activePlayerCount": 154,
        "LinkVideo": "https://files.catbox.moe/ecz9te.webm",
        "LinkMp3": "https://files.catbox.moe/4suiwa.mp3"
    },
    {
        "animeEng": "Mitsuboshi Colors",
        "animeRomaji": "Mitsuboshi Colors",
        "songName": "Colorful Days",
        "artist": "Yuuki Takada, Kouno Marika, Natsumi Hioka",
        "type": "Insert Song",
        "correctCount": 27,
        "startTime": 135,
        "songDuration": 168.774242,
        "songNumber": 44,
        "activePlayerCount": 153,
        "LinkVideo": "https://files.catbox.moe/hs31b7.webm",
        "LinkMp3": "https://files.catbox.moe/cv6p9v.mp3"
    },
    {
        "animeEng": "Hataraku Oniisan! no 2!",
        "animeRomaji": "Hataraku Oniisan! no 2!",
        "songName": "Hataraku Onii-san",
        "artist": "DearDream",
        "type": "Opening 1",
        "correctCount": 118,
        "startTime": 0,
        "songDuration": 14.136,
        "songNumber": 45,
        "activePlayerCount": 153,
        "LinkVideo": "https://files.catbox.moe/ias0ei.webm",
        "LinkMp3": "https://files.catbox.moe/7w70er.mp3"
    },
    {
        "animeEng": "Gegege no Kitar\u014d: Saiky\u014d Y\u014dkai Gundan! Nihon J\u014driku!!",
        "animeRomaji": "Gegege no Kitar\u014d: Saiky\u014d Y\u014dkai Gundan! Nihon J\u014driku!!",
        "songName": "Gegege no Kitaro",
        "artist": "Ikuzo Yoshi",
        "type": "Opening 1",
        "correctCount": 140,
        "startTime": 47,
        "songDuration": 87.504,
        "songNumber": 46,
        "activePlayerCount": 153,
        "LinkVideo": "https://files.catbox.moe/c145n1.webm",
        "LinkMp3": "https://files.catbox.moe/xxc15n.mp3"
    },
    {
        "animeEng": "Natsuyuki Rendezvous",
        "animeRomaji": "Natsuyuki Rendezvous",
        "songName": "See You",
        "artist": "Y\u016bya Matsushita",
        "type": "Opening 1",
        "correctCount": 17,
        "startTime": 36,
        "songDuration": 87.072,
        "songNumber": 47,
        "activePlayerCount": 153,
        "LinkVideo": "https://files.catbox.moe/r770ln.webm",
        "LinkMp3": "https://files.catbox.moe/njaug0.mp3"
    },
    {
        "animeEng": "Senki Zessh\u014d Symphogear G",
        "animeRomaji": "Senki Zessh\u014d Symphogear G",
        "songName": "Kyoushitsu Monochrome",
        "artist": "Ayahi Takagaki",
        "type": "Ending 3",
        "correctCount": 39,
        "startTime": 83,
        "songDuration": 149.4,
        "songNumber": 48,
        "activePlayerCount": 153,
        "LinkVideo": "https://files.catbox.moe/c6psov.webm",
        "LinkMp3": "https://files.catbox.moe/ue1ml7.mp3"
    },
    {
        "animeEng": "Tokyo ESP",
        "animeRomaji": "Tokyo ESP",
        "songName": "Kyuusei \u0386\u03c1\u03b3\u03c5\u03c1\u00f3\u03db",
        "artist": "Yousei Teikoku",
        "type": "Ending 1",
        "correctCount": 18,
        "startTime": 46,
        "songDuration": 88.992,
        "songNumber": 49,
        "activePlayerCount": 153,
        "LinkVideo": "https://openings.moe/video/TokyoESP-ED01-NCBD.webm",
        "LinkMp3": "https://files.catbox.moe/aoqx25.mp3"
    },
    {
        "animeEng": "Lupin the 3rd: The Hemingway Papers",
        "animeRomaji": "Rupan Sansei: Hemmingway Paper no Nazo",
        "songName": "HE'S GONE",
        "artist": "Michiko Kihara",
        "type": "Ending 1",
        "correctCount": 0,
        "startTime": 30,
        "songDuration": 128.904,
        "songNumber": 50,
        "activePlayerCount": 153,
        "LinkVideo": "https://files.catbox.moe/f82qft.webm",
        "LinkMp3": "https://files.catbox.moe/umbrk6.mp3"
    },
    {
        "animeEng": "Polyphonica Crimson S",
        "animeRomaji": "Shinkyoku S\u014dkai Polyphonica crimson S",
        "songName": "phosphorus",
        "artist": "eufonius",
        "type": "Opening 1",
        "correctCount": 10,
        "startTime": 5,
        "songDuration": 90.094778,
        "songNumber": 51,
        "activePlayerCount": 153,
        "LinkVideo": "https://files.catbox.moe/4m7mjd.webm",
        "LinkMp3": "https://files.catbox.moe/6z9y4y.mp3"
    },
    {
        "animeEng": "Seitokai Yakuindomo",
        "animeRomaji": "Seitokai Yakuindomo",
        "songName": "Yamato Nadeshiko Education",
        "artist": "Triple Booking",
        "type": "Opening 1",
        "correctCount": 97,
        "startTime": 10,
        "songDuration": 74.809375,
        "songNumber": 52,
        "activePlayerCount": 153,
        "LinkVideo": "https://files.catbox.moe/zlhsny.webm",
        "LinkMp3": "https://files.catbox.moe/p5pei8.mp3"
    },
    {
        "animeEng": "Cybersix",
        "animeRomaji": "Cybersix",
        "songName": "Deep In My Heart",
        "artist": "Coral Egan",
        "type": "Opening 1",
        "correctCount": 41,
        "startTime": 10,
        "songDuration": 59.114086,
        "songNumber": 53,
        "activePlayerCount": 153,
        "LinkVideo": "https://files.catbox.moe/cj5os5.webm",
        "LinkMp3": "https://files.catbox.moe/eapyui.mp3"
    },
    {
        "animeEng": "PriPara",
        "animeRomaji": "PriPara",
        "songName": "Ready Smile!!",
        "artist": "SoLaMi\u2661SMILE",
        "type": "Insert Song",
        "correctCount": 53,
        "startTime": 5,
        "songDuration": 149.064,
        "songNumber": 54,
        "activePlayerCount": 154,
        "LinkVideo": "https://files.catbox.moe/cvbrqy.webm",
        "LinkMp3": "https://files.catbox.moe/o5uqly.mp3"
    },
    {
        "animeEng": "Manga de Wakaru! Fate/Grand Order",
        "animeRomaji": "Manga de Wakaru! Fate/Grand Order",
        "songName": "Mawaseba Wakaru! FGO",
        "artist": "Tomoko Kaneda",
        "type": "Opening 1",
        "correctCount": 108,
        "startTime": 0,
        "songDuration": 28.464,
        "songNumber": 55,
        "activePlayerCount": 153,
        "LinkVideo": "https://files.catbox.moe/dh9unv.webm",
        "LinkMp3": "https://files.catbox.moe/tqoytk.mp3"
    },
    {
        "animeEng": "And They're Off! Powerpuff Girls Z",
        "animeRomaji": "Demashitaa! Powerpuff Girls Z",
        "songName": "Touch me!",
        "artist": "Emiri Katou, Machico Kawana, Nami Miyahara",
        "type": "Insert Song",
        "correctCount": 18,
        "startTime": 0,
        "songDuration": 29.352,
        "songNumber": 56,
        "activePlayerCount": 152,
        "LinkVideo": "https://files.catbox.moe/3e21ft.webm",
        "LinkMp3": "https://files.catbox.moe/ke07tu.mp3"
    },
    {
        "animeEng": "Tenjho Tenge: Ultimate Fight",
        "animeRomaji": "Tenjho Tenge: Ultimate Fight",
        "songName": "Bomb A Head! V",
        "artist": "m.c.A\u00b7T",
        "type": "Opening 1",
        "correctCount": 117,
        "startTime": 48,
        "songDuration": 88.392,
        "songNumber": 57,
        "activePlayerCount": 152,
        "LinkVideo": "https://files.catbox.moe/tn1wok.webm",
        "LinkMp3": "https://files.catbox.moe/mgm6ju.mp3"
    },
    {
        "animeEng": "Forest of Piano",
        "animeRomaji": "Piano no Mori",
        "songName": "Umi e",
        "artist": "Kai Ichinose",
        "type": "Opening 1",
        "correctCount": 109,
        "startTime": 29,
        "songDuration": 89.544,
        "songNumber": 58,
        "activePlayerCount": 153,
        "LinkVideo": "https://files.catbox.moe/lczge7.webm",
        "LinkMp3": "https://files.catbox.moe/1jhtu6.mp3"
    },
    {
        "animeEng": "Saki - The Nationals",
        "animeRomaji": "Saki Zenkoku-hen",
        "songName": "New SPARKS!",
        "artist": "Miyuki Hashimoto",
        "type": "Ending 1",
        "correctCount": 32,
        "startTime": 46,
        "songDuration": 98.064,
        "songNumber": 59,
        "activePlayerCount": 153,
        "LinkVideo": "https://files.catbox.moe/b006ge.webm",
        "LinkMp3": "https://files.catbox.moe/wcji0v.mp3"
    },
    {
        "animeEng": "Folktales from Japan",
        "animeRomaji": "Furusato Saisei Nippon no Mukashi Banashi",
        "songName": "Furusato Hokkori Mura",
        "artist": "Kaori Mizumori",
        "type": "Opening 2",
        "correctCount": 3,
        "startTime": 17,
        "songDuration": 88.368,
        "songNumber": 60,
        "activePlayerCount": 153,
        "LinkVideo": "https://files.catbox.moe/vlz4tw.webm",
        "LinkMp3": "https://files.catbox.moe/8fzaof.mp3",
        "correctPlayers": [
            "asleep",
            "Kirivert",
            "kmishimaru"
        ]
    },
    {
        "animeEng": "Crayon Shin-chan: Unkokusai no Yab\u014d",
        "animeRomaji": "Crayon Shin-chan: Unkokusai no Yab\u014d",
        "songName": "Ora wa Ninkimono",
        "artist": "Akiko Yajima",
        "type": "Opening 1",
        "correctCount": 63,
        "startTime": 2,
        "songDuration": 62.52,
        "songNumber": 61,
        "activePlayerCount": 153,
        "LinkVideo": "https://files.catbox.moe/cr0oxo.webm",
        "LinkMp3": "https://files.catbox.moe/ybif6y.mp3"
    },
    {
        "animeEng": "Lucky Star",
        "animeRomaji": "Lucky Star",
        "songName": "Makenaide",
        "artist": "Aya Hirano, Emiri Kat\u014d, Kaori Fukuhara, Aya Endo",
        "type": "Ending 12",
        "correctCount": 125,
        "startTime": 47,
        "songDuration": 89.376,
        "songNumber": 62,
        "activePlayerCount": 153,
        "LinkVideo": "https://files.catbox.moe/h6tnm3.webm",
        "LinkMp3": "https://files.catbox.moe/eag2tu.mp3"
    },
    {
        "animeEng": "Dies irae",
        "animeRomaji": "Dies irae",
        "songName": "Chi no Refrain",
        "artist": "Yui Sakakibara",
        "type": "Insert Song",
        "correctCount": 24,
        "startTime": 0,
        "songDuration": 34.056,
        "songNumber": 63,
        "activePlayerCount": 153,
        "LinkVideo": "https://files.catbox.moe/a1sta8.webm",
        "LinkMp3": "https://files.catbox.moe/z9aqi6.mp3"
    },
    {
        "animeEng": "Magi: The Labyrinth of Magic",
        "animeRomaji": "Magi: The Labyrinth of Magic",
        "songName": "V.I.P",
        "artist": "SID",
        "type": "Opening 1",
        "correctCount": 92,
        "startTime": 40,
        "songDuration": 90.12,
        "songNumber": 64,
        "activePlayerCount": 153,
        "LinkVideo": "https://files.catbox.moe/rmz4tq.webm",
        "LinkMp3": "https://files.catbox.moe/ttswr8.mp3"
    },
    {
        "animeEng": "Blue Exorcist Movie",
        "animeRomaji": "Ao no Exorcist Movie",
        "songName": "REVERSI",
        "artist": "UVERworld",
        "type": "Ending 1",
        "correctCount": 11,
        "startTime": 160,
        "songDuration": 280.132328,
        "songNumber": 65,
        "activePlayerCount": 153,
        "LinkVideo": "https://files.catbox.moe/m2c3zi.webm",
        "LinkMp3": "https://files.catbox.moe/hs0i5w.mp3"
    },
    {
        "animeEng": "Fairytale Book",
        "animeRomaji": "Otogi Zoshi",
        "songName": "ZEN",
        "artist": "ATTACK HAUS",
        "type": "Opening 1",
        "correctCount": 6,
        "startTime": 44,
        "songDuration": 79.384758,
        "songNumber": 66,
        "activePlayerCount": 153,
        "LinkVideo": "https://files.catbox.moe/3y7w4z.webm",
        "LinkMp3": "https://files.catbox.moe/19suyr.mp3"
    },
    {
        "animeEng": "Nyanbo!",
        "animeRomaji": "Nyanbo!",
        "songName": "Uch\u016b kara Yattekita Nyanbo",
        "artist": "\u014chashiTrio",
        "type": "Opening 1",
        "correctCount": 120,
        "startTime": 0,
        "songDuration": 23.37919,
        "songNumber": 67,
        "activePlayerCount": 153,
        "LinkVideo": "https://files.catbox.moe/rbl30y.webm",
        "LinkMp3": "https://files.catbox.moe/4p7bdu.mp3"
    },
    {
        "animeEng": "Techno Police 21C",
        "animeRomaji": "Techno Police 21C",
        "songName": "Itsuka Kurofune",
        "artist": "Makoto Fujiwara",
        "type": "Opening 1",
        "correctCount": 2,
        "startTime": 53,
        "songDuration": 98.616,
        "songNumber": 68,
        "activePlayerCount": 153,
        "LinkVideo": "https://files.catbox.moe/qgjihp.webm",
        "LinkMp3": "https://files.catbox.moe/3akapp.mp3",
        "correctPlayers": [
            "romraisin",
            "Celia_Chan"
        ]
    },
    {
        "animeEng": "Spirited Away",
        "animeRomaji": "Sen to Chihiro no Kamikakushi",
        "songName": "Itsumo Nando de mo",
        "artist": "Yumi Kimura",
        "type": "Ending 1",
        "correctCount": 117,
        "startTime": 154,
        "songDuration": 208.992,
        "songNumber": 69,
        "activePlayerCount": 153,
        "LinkVideo": "https://files.catbox.moe/q1bp5n.webm",
        "LinkMp3": "https://files.catbox.moe/lx3fvx.mp3"
    },
    {
        "animeEng": "Iga no Kabamaru",
        "animeRomaji": "Iga no Kabamaru",
        "songName": "CIRCUS GAME",
        "artist": "Sugar",
        "type": "Opening 1",
        "correctCount": 2,
        "startTime": 6,
        "songDuration": 100.70031,
        "songNumber": 70,
        "activePlayerCount": 153,
        "LinkVideo": "https://files.catbox.moe/idj0l5.webm",
        "LinkMp3": "https://files.catbox.moe/3rxx28.mp3",
        "correctPlayers": [
            "nf1",
            "yeims"
        ]
    },
    {
        "animeEng": "Kashimashi: Girl Meets Girl",
        "animeRomaji": "Kashimashi: Girl Meets Girl",
        "songName": "Michishirube",
        "artist": "Kana Ueda",
        "type": "Ending 4",
        "correctCount": 11,
        "startTime": 29,
        "songDuration": 86.304,
        "songNumber": 71,
        "activePlayerCount": 153,
        "LinkVideo": "https://files.catbox.moe/og77vh.webm",
        "LinkMp3": "https://files.catbox.moe/hmce9x.mp3"
    },
    {
        "animeEng": "Akindo Sei no Little Peso",
        "animeRomaji": "Akindo Sei no Little Peso",
        "songName": "Pretty Penny",
        "artist": "Leo",
        "type": "Opening 1",
        "correctCount": 6,
        "startTime": 0,
        "songDuration": 22.752,
        "songNumber": 72,
        "activePlayerCount": 153,
        "LinkVideo": "https://files.catbox.moe/3mfllg.webm",
        "LinkMp3": "https://files.catbox.moe/sn3jyy.mp3"
    },
    {
        "animeEng": "Blood-C",
        "animeRomaji": "Blood-C",
        "songName": "spiral",
        "artist": "DUSTZ",
        "type": "Opening 1",
        "correctCount": 52,
        "startTime": 55,
        "songDuration": 88.656,
        "songNumber": 73,
        "activePlayerCount": 153,
        "LinkVideo": "https://files.catbox.moe/89ciqs.webm",
        "LinkMp3": "https://files.catbox.moe/anohcb.mp3"
    },
    {
        "animeEng": "Attack on Titan: Lost Girls",
        "animeRomaji": "Shingeki no Kyojin: Lost Girls",
        "songName": "Utsukushiki Zankoku na Sekai",
        "artist": "Y\u014dko Hikasa",
        "type": "Ending 2",
        "correctCount": 115,
        "startTime": 19,
        "songDuration": 88.896,
        "songNumber": 74,
        "activePlayerCount": 153,
        "LinkVideo": "https://files.catbox.moe/fbg0d0.webm",
        "LinkMp3": "https://files.catbox.moe/p6rxj3.mp3"
    },
    {
        "animeEng": "Psycho Diver: Soul Siren",
        "animeRomaji": "Psycho Diver: Mash\u014d Bosatsu",
        "songName": "WARFARE-BEWARE",
        "artist": "Junko Iwao",
        "type": "Insert Song",
        "correctCount": 4,
        "startTime": 0,
        "songDuration": 30.192,
        "songNumber": 75,
        "activePlayerCount": 153,
        "LinkVideo": "https://files.catbox.moe/bgen8a.webm",
        "LinkMp3": "https://files.catbox.moe/ge5w84.mp3",
        "correctPlayers": [
            "romraisin",
            "eggsdee",
            "asleep",
            "nf1"
        ]
    }
]