[
    {
        "songNumber": 1,
        "animeEnglish": "Sirius the Jaeger",
        "animeRomaji": "Tenr\u014d - Sirius the Jaeger",
        "songName": "Hoshie",
        "artist": "sajou no hana",
        "type": "Ending 1",
        "correctCount": 33,
        "activePlayers": 257,
        "startSample": 12,
        "videoLength": 88.56,
        "linkWebm": "https://files.catbox.moe/tb189a.webm",
        "linkMP3": "https://files.catbox.moe/647lsg.mp3"
    },
    {
        "songNumber": 2,
        "animeEnglish": "African Salaryman",
        "animeRomaji": "Africa no Salaryman",
        "songName": "Soul Flag",
        "artist": "Hiro Shimono",
        "type": "Opening 1",
        "correctCount": 55,
        "activePlayers": 259,
        "startSample": 11,
        "videoLength": 87.43,
        "linkWebm": "https://files.catbox.moe/a21ju0.webm",
        "linkMP3": "https://files.catbox.moe/dhblzk.mp3"
    },
    {
        "songNumber": 3,
        "animeEnglish": "Haganai NEXT",
        "animeRomaji": "Boku wa Tomodachi ga Sukunai NEXT",
        "songName": "Be My Friend",
        "artist": "Rinjin-bu",
        "type": "Opening 1",
        "correctCount": 113,
        "activePlayers": 260,
        "startSample": 39,
        "videoLength": 89.88,
        "linkWebm": "https://files.catbox.moe/dbruze.webm",
        "linkMP3": "https://files.catbox.moe/si7vim.mp3"
    },
    {
        "songNumber": 4,
        "animeEnglish": "Gall Force 2 - Destruction",
        "animeRomaji": "Gall Force 2 - Destruction",
        "songName": "COSMIC CHILD",
        "artist": "Shirai Takako &CRAZY BOYS",
        "type": "Ending 1",
        "correctCount": 1,
        "activePlayers": 257,
        "startSample": 225,
        "videoLength": 261.22,
        "linkWebm": "https://files.catbox.moe/244cyo.webm",
        "linkMP3": "https://files.catbox.moe/je36gx.mp3"
    },
    {
        "songNumber": 5,
        "animeEnglish": "Eiga Dokidoki! Precure Mana Kekkon!!? Mirai ni Tsunagu Kib\u014d no Dress",
        "animeRomaji": "Eiga Dokidoki! Precure Mana Kekkon!!? Mirai ni Tsunagu Kib\u014d no Dress",
        "songName": "Happy Go Lucky! Dokidoki! Precure",
        "artist": "Tomoyo Kurosawa",
        "type": "Opening 1",
        "correctCount": 74,
        "activePlayers": 259,
        "startSample": 46,
        "videoLength": 85.2,
        "linkWebm": "https://files.catbox.moe/m6olnu.webm",
        "linkMP3": "https://files.catbox.moe/y0twdt.mp3"
    },
    {
        "songNumber": 6,
        "animeEnglish": "Tayutama - Kiss on My Deity",
        "animeRomaji": "Tayutama - Kiss on My Deity",
        "songName": "The fine every day",
        "artist": "Kicco",
        "type": "Opening 1",
        "correctCount": 24,
        "activePlayers": 260,
        "startSample": 14,
        "videoLength": 89.54,
        "linkWebm": "https://files.catbox.moe/ut5lz5.webm",
        "linkMP3": "https://files.catbox.moe/ahdwi0.mp3"
    },
    {
        "songNumber": 7,
        "animeEnglish": "KING OF PRISM by PrettyRhythm",
        "animeRomaji": "KING OF PRISM by PrettyRhythm",
        "songName": "Dramatic LOVE",
        "artist": "Junta Terashima, Souma Saitou, Tasuku Hatanaka, Taku Yashiro, Masashi Igarashi, Takuma Nagatsuka, Yuuma Uchida",
        "type": "Ending 1",
        "correctCount": 14,
        "activePlayers": 259,
        "startSample": 26,
        "videoLength": 239.3,
        "linkWebm": "https://files.catbox.moe/06pfv3.webm",
        "linkMP3": "https://files.catbox.moe/tnt5v1.mp3"
    },
    {
        "songNumber": 8,
        "animeEnglish": "This Boy Caught a Merman",
        "animeRomaji": "Kono Danshi, Ningyo Hiroimashita.",
        "songName": "Umi yori Aoku",
        "artist": "Hikaru Midorikawa",
        "type": "Ending 1",
        "correctCount": 2,
        "activePlayers": 257,
        "startSample": 157,
        "videoLength": 218.14,
        "linkWebm": "https://files.catbox.moe/98yl1l.webm",
        "linkMP3": "https://files.catbox.moe/3w66a0.mp3"
    },
    {
        "songNumber": 9,
        "animeEnglish": "Space\u2606Dandy",
        "animeRomaji": "Space\u2606Dandy",
        "songName": "lick tonight",
        "artist": "LUVRAW & BTB",
        "type": "Insert Song",
        "correctCount": 53,
        "activePlayers": 257,
        "startSample": 21,
        "videoLength": 67.01,
        "linkWebm": "https://files.catbox.moe/uyb7at.webm",
        "linkMP3": "https://files.catbox.moe/vxk53g.mp3"
    },
    {
        "songNumber": 10,
        "animeEnglish": "Uta no Prince-sama Legend Star",
        "animeRomaji": "Uta no\u2606Prince-sama\u266aMaji LOVE Legend Star",
        "songName": "Mighty Aura",
        "artist": "Miyano Mamoru & Y\u016bma Uchida",
        "type": "Insert Song",
        "correctCount": 17,
        "activePlayers": 256,
        "startSample": 15,
        "videoLength": 84.77,
        "linkWebm": "https://files.catbox.moe/2wllmc.webm",
        "linkMP3": "https://files.catbox.moe/ljff4p.mp3"
    },
    {
        "songNumber": 11,
        "animeEnglish": "Durarara!! \u00d72 The Second Arc: Onoroke Chakapoko",
        "animeRomaji": "Durarara!!\u00d72 Ten: Onoroke Chakapoko",
        "songName": "Day you laugh",
        "artist": "Toshiyuki Toyonaga",
        "type": "Opening 1",
        "correctCount": 112,
        "activePlayers": 257,
        "startSample": 18,
        "videoLength": 87.41,
        "linkWebm": "https://files.catbox.moe/t45l0f.webm",
        "linkMP3": "https://files.catbox.moe/qk0pq6.mp3"
    },
    {
        "songNumber": 12,
        "animeEnglish": "Alps Stories: My Annette",
        "animeRomaji": "Alps Monogatari Watashi no Annette",
        "songName": "Annette no Aoi Sora",
        "artist": "Keiko Han",
        "type": "Opening 1",
        "correctCount": 4,
        "activePlayers": 257,
        "startSample": 26,
        "videoLength": 85.42,
        "linkWebm": "https://files.catbox.moe/wny1u1.webm",
        "linkMP3": "https://files.catbox.moe/yrgm1h.mp3"
    },
    {
        "songNumber": 13,
        "animeEnglish": "Yuki Yuna is a Hero: Washio Sumi Chapter",
        "animeRomaji": "Y\u016bki Y\u016bna wa Y\u016bsha de Aru: Washio Sumi no Sh\u014d",
        "songName": "Ifuu Doudou",
        "artist": "Nami Nakagawa",
        "type": "Insert Song",
        "correctCount": 164,
        "activePlayers": 257,
        "startSample": 0,
        "videoLength": 31.32,
        "linkWebm": "https://files.catbox.moe/enpxxo.webm",
        "linkMP3": "https://files.catbox.moe/994rti.mp3"
    },
    {
        "songNumber": 14,
        "animeEnglish": "Infinite Dendrogram",
        "animeRomaji": "Infinite Dendrogram",
        "songName": "Reverb",
        "artist": "Aya Uchida",
        "type": "Ending 1",
        "correctCount": 25,
        "activePlayers": 254,
        "startSample": 6,
        "videoLength": 88.97,
        "linkWebm": "https://files.catbox.moe/jn62tf.webm",
        "linkMP3": "https://files.catbox.moe/2x3mdo.mp3"
    },
    {
        "songNumber": 15,
        "animeEnglish": "Le Portrait de Petite Cossette",
        "animeRomaji": "Cossette no Sh\u014dz\u014d",
        "songName": "silent ceremony",
        "artist": "Kaori Nishikawa",
        "type": "Insert Song",
        "correctCount": 9,
        "activePlayers": 254,
        "startSample": 124,
        "videoLength": 189.02,
        "linkWebm": "https://files.catbox.moe/5sg1zx.webm",
        "linkMP3": "https://files.catbox.moe/j86awg.mp3"
    },
    {
        "songNumber": 16,
        "animeEnglish": "Dragon Ball GT",
        "animeRomaji": "Dragon Ball GT",
        "songName": "DAN DAN Kokoro Hikarete ku",
        "artist": "FIELD OF VIEW",
        "type": "Opening 1",
        "correctCount": 164,
        "activePlayers": 251,
        "startSample": 27,
        "videoLength": 106.51,
        "linkWebm": "https://files.catbox.moe/cfl3nm.webm",
        "linkMP3": "https://files.catbox.moe/4zgyfg.mp3"
    },
    {
        "songNumber": 17,
        "animeEnglish": "Destiny of the Shrine Maiden",
        "animeRomaji": "Kannazuki no Miko",
        "songName": "Re-sublimity",
        "artist": "KOTOKO",
        "type": "Opening 1",
        "correctCount": 64,
        "activePlayers": 248,
        "startSample": 32,
        "videoLength": 89.44,
        "linkWebm": "https://files.catbox.moe/k0k74t.webm",
        "linkMP3": "https://files.catbox.moe/n9dpla.mp3"
    },
    {
        "songNumber": 18,
        "animeEnglish": "The Sacred Blacksmith",
        "animeRomaji": "Seiken no Blacksmith",
        "songName": "Miracle Happy Day",
        "artist": "Aki Toyosaki",
        "type": "Ending 1",
        "correctCount": 31,
        "activePlayers": 247,
        "startSample": 10,
        "videoLength": 88.66,
        "linkWebm": "https://files.catbox.moe/184erc.webm",
        "linkMP3": "https://files.catbox.moe/5ocv73.mp3"
    },
    {
        "songNumber": 19,
        "animeEnglish": "Furusato Meguri Nippon no Mukashi Banashi",
        "animeRomaji": "Furusato Meguri Nippon no Mukashi Banashi",
        "songName": "Furusato Hokkori Mura",
        "artist": "Kaori Mizumori",
        "type": "Opening 1",
        "correctCount": 1,
        "activePlayers": 247,
        "startSample": 26,
        "videoLength": 88.34,
        "linkWebm": "https://files.catbox.moe/vlz4tw.webm",
        "linkMP3": "https://files.catbox.moe/8fzaof.mp3"
    },
    {
        "songNumber": 20,
        "animeEnglish": "The Case Files of Jeweler Richard",
        "animeRomaji": "H\u014dsekisho Richard-shi no Nazo Kantei",
        "songName": "Only for you",
        "artist": "Da-iCE",
        "type": "Ending 1",
        "correctCount": 17,
        "activePlayers": 247,
        "startSample": 39,
        "videoLength": 84.84,
        "linkWebm": "https://files.catbox.moe/6otiqa.webm",
        "linkMP3": "https://files.catbox.moe/bccyk1.mp3"
    },
    {
        "songNumber": 21,
        "animeEnglish": "Ergo Proxy",
        "animeRomaji": "Ergo Proxy",
        "songName": "PARANOID ANDROID",
        "artist": "RADIOHEAD",
        "type": "Ending 1",
        "correctCount": 90,
        "activePlayers": 246,
        "startSample": 35,
        "videoLength": 88.7,
        "linkWebm": "https://files.catbox.moe/ne6kma.webm",
        "linkMP3": "https://files.catbox.moe/630sa3.mp3"
    },
    {
        "songNumber": 22,
        "animeEnglish": "Coji-Coji",
        "animeRomaji": "Sakura Momoko Gekij\u014d: Cojicoji",
        "songName": "Coji-Coji Ginza",
        "artist": "Hoff Dylan",
        "type": "Opening 1",
        "correctCount": 0,
        "activePlayers": 246,
        "startSample": 45,
        "videoLength": 88.42,
        "linkWebm": "https://files.catbox.moe/ppnjnf.webm",
        "linkMP3": "https://files.catbox.moe/kaizph.mp3"
    },
    {
        "songNumber": 23,
        "animeEnglish": "Black Butler: Book of Circus",
        "animeRomaji": "Black Butler: Book of Circus",
        "songName": "ENAMEL",
        "artist": "SID",
        "type": "Opening 1",
        "correctCount": 90,
        "activePlayers": 245,
        "startSample": 17,
        "videoLength": 87.55,
        "linkWebm": "https://files.catbox.moe/czw10c.webm",
        "linkMP3": "https://files.catbox.moe/7rpbhf.mp3"
    },
    {
        "songNumber": 24,
        "animeEnglish": "Is It Wrong to Try to Pick Up Girls in a Dungeon?",
        "animeRomaji": "DanMachi",
        "songName": "Kimi to Boku no 1-nichi",
        "artist": "Inori Minase",
        "type": "Ending 1",
        "correctCount": 13,
        "activePlayers": 244,
        "startSample": 41,
        "videoLength": 86.81,
        "linkWebm": "https://files.catbox.moe/veqbfn.webm",
        "linkMP3": "https://files.catbox.moe/gcdu6z.mp3"
    },
    {
        "songNumber": 25,
        "animeEnglish": "Sailor Moon",
        "animeRomaji": "Bish\u014djo Senshi Sailor Moon",
        "songName": "Tsuki ni Kawatte Oshioki Yo",
        "artist": "Kotono Mitsuishi, Aya Hisakawa, Michie Tomizawa",
        "type": "Insert Song",
        "correctCount": 65,
        "activePlayers": 244,
        "startSample": 24,
        "videoLength": null,
        "linkWebm": "https://files.catbox.moe/6xf3zj.webm",
        "linkMP3": "https://files.catbox.moe/jju8bh.mp3"
    },
    {
        "songNumber": 26,
        "animeEnglish": "CLAMP School Detectives",
        "animeRomaji": "CLAMP Gakuen Tanteidan",
        "songName": "Peony Pink",
        "artist": "ALI PROJECT",
        "type": "Opening 1",
        "correctCount": 17,
        "activePlayers": 244,
        "startSample": 13,
        "videoLength": 90.07,
        "linkWebm": "https://files.catbox.moe/oopoin.webm",
        "linkMP3": "https://files.catbox.moe/ncgzbn.mp3"
    },
    {
        "songNumber": 27,
        "animeEnglish": "Ichigo 100%",
        "animeRomaji": "Ichigo 100%",
        "songName": "Shine of Voice",
        "artist": "dream",
        "type": "Opening 1",
        "correctCount": 39,
        "activePlayers": 242,
        "startSample": 32,
        "videoLength": 86.66,
        "linkWebm": "https://files.catbox.moe/nixw8a.webm",
        "linkMP3": "https://files.catbox.moe/a9dof5.mp3"
    },
    {
        "songNumber": 28,
        "animeEnglish": ".hack//GIFT",
        "animeRomaji": ".hack//GIFT",
        "songName": "Obsession",
        "artist": "See-Saw",
        "type": "Opening 1",
        "correctCount": 142,
        "activePlayers": 242,
        "startSample": 46,
        "videoLength": 93.98,
        "linkWebm": "https://files.catbox.moe/1a8ot1.webm",
        "linkMP3": "https://files.catbox.moe/11ici8.mp3"
    },
    {
        "songNumber": 29,
        "animeEnglish": "Treasure Island",
        "animeRomaji": "Takarajima",
        "songName": "Takarajima",
        "artist": "Yoshito Machida",
        "type": "Opening 1",
        "correctCount": 9,
        "activePlayers": 241,
        "startSample": 16,
        "videoLength": 89.05,
        "linkWebm": "https://files.catbox.moe/udqqlx.webm",
        "linkMP3": "https://files.catbox.moe/ipz1sd.mp3"
    },
    {
        "songNumber": 30,
        "animeEnglish": "AKB0048 next stage",
        "animeRomaji": "AKB0048 Second Stage",
        "songName": "Kibou ni Tsuite",
        "artist": "NO NAME",
        "type": "Insert Song",
        "correctCount": 78,
        "activePlayers": 240,
        "startSample": 13,
        "videoLength": 164.5,
        "linkWebm": "https://files.catbox.moe/syt7fn.webm",
        "linkMP3": "https://files.catbox.moe/hjew10.mp3"
    },
    {
        "songNumber": 31,
        "animeEnglish": "Koyomimonogatari",
        "animeRomaji": "Koyomimonogatari",
        "songName": "decent black",
        "artist": "Kaori Mizuhashi",
        "type": "Opening 8",
        "correctCount": 154,
        "activePlayers": 240,
        "startSample": 21,
        "videoLength": 89.3,
        "linkWebm": "https://files.catbox.moe/t695nw.webm",
        "linkMP3": "https://files.catbox.moe/92p3w2.mp3"
    },
    {
        "songNumber": 32,
        "animeEnglish": "Steins;Gate: The Movie - Load Region of D\u00e9j\u00e0 Vu",
        "animeRomaji": "Steins;Gate Fuka Ry\u014diki no D\u00e9j\u00e0 vu",
        "songName": "Anata no Eranda Kono Toki wo",
        "artist": "Kanako It\u014d",
        "type": "Opening 1",
        "correctCount": 147,
        "activePlayers": 240,
        "startSample": 38,
        "videoLength": 119.9,
        "linkWebm": "https://files.catbox.moe/zbrp25.webm",
        "linkMP3": "https://files.catbox.moe/lz06xg.mp3"
    },
    {
        "songNumber": 33,
        "animeEnglish": "Sakura Quest",
        "animeRomaji": "Sakura Quest",
        "songName": "Morning Glory",
        "artist": "(K)NoW_NAME:NIKIIE",
        "type": "Opening 1",
        "correctCount": 78,
        "activePlayers": 239,
        "startSample": 19,
        "videoLength": 88.2,
        "linkWebm": "https://animethemes.moe/video/SakuraQuest-OP1.webm",
        "linkMP3": "https://files.catbox.moe/da4lgq.mp3"
    },
    {
        "songNumber": 34,
        "animeEnglish": "Super Electromagnetic Machine Voltes V",
        "animeRomaji": "Ch\u014d Denji Machine Voltes V",
        "songName": "Voltes V no Uta",
        "artist": "Mitsuko Horie, Koorogi '73, Columbia Yurikago-kai",
        "type": "Opening 1",
        "correctCount": 7,
        "activePlayers": 239,
        "startSample": 24,
        "videoLength": 70.03,
        "linkWebm": "https://files.catbox.moe/s6m11t.webm",
        "linkMP3": "https://files.catbox.moe/xhj4k6.mp3"
    },
    {
        "songNumber": 35,
        "animeEnglish": "Orphen",
        "animeRomaji": "Majutsushi Orphen",
        "songName": "Kimi wa Majutsushi",
        "artist": "Sharan Q",
        "type": "Opening 2",
        "correctCount": 20,
        "activePlayers": 239,
        "startSample": 40,
        "videoLength": 88.78,
        "linkWebm": "https://files.catbox.moe/g6rfsg.webm",
        "linkMP3": "https://files.catbox.moe/lss53w.mp3"
    },
    {
        "songNumber": 36,
        "animeEnglish": "Beyblade: Shogun Steel",
        "animeRomaji": "Beyblade: Shogun Steel",
        "songName": "ZEROG Bey! Go!",
        "artist": "YU+KI",
        "type": "Opening 1",
        "correctCount": 8,
        "activePlayers": 239,
        "startSample": 9,
        "videoLength": 58.2,
        "linkWebm": "https://files.catbox.moe/lksv6r.webm",
        "linkMP3": "https://files.catbox.moe/yzj4z5.mp3"
    },
    {
        "songNumber": 37,
        "animeEnglish": "Sky Girls",
        "animeRomaji": "Sky Girls",
        "songName": "Virgin's high",
        "artist": "MELL",
        "type": "Opening 1",
        "correctCount": 41,
        "activePlayers": 239,
        "startSample": 49,
        "videoLength": 90.05,
        "linkWebm": "https://files.catbox.moe/pjgfxu.webm",
        "linkMP3": "https://files.catbox.moe/cq5q7v.mp3"
    },
    {
        "songNumber": 38,
        "animeEnglish": "DAKAICHI! - I'm being harassed by the sexiest man of the year!",
        "animeRomaji": "Dakaretai Otoko 1-i ni Odosarete Imasu.",
        "songName": "Fukanzen Monoclogue",
        "artist": "Tomohisa Sako",
        "type": "Opening 1",
        "correctCount": 27,
        "activePlayers": 239,
        "startSample": 12,
        "videoLength": 88.66,
        "linkWebm": "https://files.catbox.moe/mz9kxp.webm",
        "linkMP3": "https://files.catbox.moe/oaq24k.mp3"
    },
    {
        "songNumber": 39,
        "animeEnglish": "Teeky\u016b",
        "animeRomaji": "Teeky\u016b",
        "songName": "Gluten Elegy",
        "artist": "Kaori Ishihara",
        "type": "Opening 1",
        "correctCount": 148,
        "activePlayers": 238,
        "startSample": 0,
        "videoLength": 29.9,
        "linkWebm": "https://files.catbox.moe/dsilom.webm",
        "linkMP3": "https://files.catbox.moe/064ys6.mp3"
    },
    {
        "songNumber": 40,
        "animeEnglish": "PERSONA5 the Animation",
        "animeRomaji": "PERSONA5 the Animation",
        "songName": "Jiy\u016b to Anshin",
        "artist": "Sh\u014dji Meguro",
        "type": "Ending 4",
        "correctCount": 82,
        "activePlayers": 239,
        "startSample": 3,
        "videoLength": 95.47,
        "linkWebm": "https://files.catbox.moe/2vw6e1.webm",
        "linkMP3": "https://files.catbox.moe/znt8km.mp3"
    },
    {
        "songNumber": 41,
        "animeEnglish": "Wish Upon the Pleiades",
        "animeRomaji": "H\u014dkago no Pleiades",
        "songName": "Stella-rium",
        "artist": "Kano",
        "type": "Opening 1",
        "correctCount": 41,
        "activePlayers": 239,
        "startSample": 45,
        "videoLength": 87.5,
        "linkWebm": "https://files.catbox.moe/moxns1.webm",
        "linkMP3": "https://files.catbox.moe/vv70o9.mp3"
    },
    {
        "songNumber": 42,
        "animeEnglish": "Maho Girls Precure!",
        "animeRomaji": "Mah\u014dtsukai Precure!",
        "songName": "Mah\u014d a la D\u014dmo",
        "artist": "Rie Takahashi, Yui Horie, Saori Hayami",
        "type": "Ending 2",
        "correctCount": 20,
        "activePlayers": 240,
        "startSample": 36,
        "videoLength": 88.01,
        "linkWebm": "https://files.catbox.moe/y4o4to.webm",
        "linkMP3": "https://files.catbox.moe/3mcwh4.mp3"
    },
    {
        "songNumber": 43,
        "animeEnglish": "Aikatsu Stars!",
        "animeRomaji": "Aikatsu Stars!",
        "songName": "We wish you a merry Christmas AIKATSU\u2606STARS! Ver.",
        "artist": "Sena \u00b7 Rie \u00b7 Miki \u00b7 Kana \u00b7 Nanase from AIKATSU\u2606STARS!",
        "type": "Insert Song",
        "correctCount": 38,
        "activePlayers": 240,
        "startSample": 68,
        "videoLength": 119.04,
        "linkWebm": "https://files.catbox.moe/6bvcns.webm",
        "linkMP3": "https://files.catbox.moe/mmcl8s.mp3"
    },
    {
        "songNumber": 44,
        "animeEnglish": "Initial D: Extra Stage",
        "animeRomaji": "Initial D: Extra Stage",
        "songName": "Aoi Kaze no Naka de",
        "artist": "Michiko Neya",
        "type": "Insert Song",
        "correctCount": 5,
        "activePlayers": 240,
        "startSample": 48,
        "videoLength": 129.84,
        "linkWebm": "https://files.catbox.moe/g2v8x9.webm",
        "linkMP3": "https://files.catbox.moe/kmjpk5.mp3"
    },
    {
        "songNumber": 45,
        "animeEnglish": "Bartender",
        "animeRomaji": "Bartender",
        "songName": "Hajimari no Hito",
        "artist": "Natural High",
        "type": "Ending 1",
        "correctCount": 11,
        "activePlayers": 240,
        "startSample": 54,
        "videoLength": 90.57,
        "linkWebm": "https://files.catbox.moe/6m17mo.webm",
        "linkMP3": "https://files.catbox.moe/6yvt02.mp3"
    },
    {
        "songNumber": 46,
        "animeEnglish": "Dororo and Hyakkimaru",
        "animeRomaji": "Dororo",
        "songName": "Dororo no Uta",
        "artist": "Toshiko Fujita",
        "type": "Opening 1",
        "correctCount": 143,
        "activePlayers": 240,
        "startSample": 7,
        "videoLength": 98.14,
        "linkWebm": "https://files.catbox.moe/4aqi1r.webm",
        "linkMP3": "https://files.catbox.moe/b1rh0e.mp3"
    },
    {
        "songNumber": 47,
        "animeEnglish": "Uta no Prince-sama 1000%",
        "animeRomaji": "Uta no\u2606Prince-sama\u266aMaji LOVE 1000%",
        "songName": "Orpheus",
        "artist": "Mamoru Miyano",
        "type": "Opening 1",
        "correctCount": 49,
        "activePlayers": 239,
        "startSample": 36,
        "videoLength": 89.42,
        "linkWebm": "https://files.catbox.moe/to24xo.webm",
        "linkMP3": "https://files.catbox.moe/3qau20.mp3"
    },
    {
        "songNumber": 48,
        "animeEnglish": "Summer Storm! Open for Business",
        "animeRomaji": "Natsu no Arashi! Akinai-ch\u016b",
        "songName": "Radarman",
        "artist": "Y\u016b Kobayashi",
        "type": "Insert Song",
        "correctCount": 2,
        "activePlayers": 238,
        "startSample": 7,
        "videoLength": null,
        "linkWebm": "https://files.catbox.moe/7thvjn.webm",
        "linkMP3": "https://files.catbox.moe/cybcl9.mp3"
    },
    {
        "songNumber": 49,
        "animeEnglish": "Kannagi",
        "animeRomaji": "Kannagi",
        "songName": "Motto Hade ni ne!",
        "artist": "Haruka Tomatsu",
        "type": "Ending 3",
        "correctCount": 77,
        "activePlayers": 238,
        "startSample": 53,
        "videoLength": 190.94,
        "linkWebm": "https://files.catbox.moe/egl3xq.webm",
        "linkMP3": "https://files.catbox.moe/8at7nl.mp3"
    },
    {
        "songNumber": 50,
        "animeEnglish": "GJ Club",
        "animeRomaji": "GJ-bu",
        "songName": "M\u014ds\u014d\u2605K\u014dkan Nikki",
        "artist": "Otome Shint\u014d",
        "type": "Opening 1",
        "correctCount": 102,
        "activePlayers": 238,
        "startSample": 12,
        "videoLength": 88.75,
        "linkWebm": "https://openings.moe/video/GJ-Bu-OP01b-NCBD.webm",
        "linkMP3": "https://files.catbox.moe/t22hrm.mp3"
    },
    {
        "songNumber": 51,
        "animeEnglish": "Rewrite 2nd Season",
        "animeRomaji": "Rewrite 2nd Season",
        "songName": "Philosophyz",
        "artist": "Runa Mizutani (NanosizeMir)",
        "type": "Insert Song",
        "correctCount": 76,
        "activePlayers": 238,
        "startSample": 5,
        "videoLength": 159.31,
        "linkWebm": "https://files.catbox.moe/bncsgi.webm",
        "linkMP3": "https://files.catbox.moe/428xl1.mp3"
    },
    {
        "songNumber": 52,
        "animeEnglish": "Today's Menu for Emiya Family",
        "animeRomaji": "Emiya-sanchi no Ky\u014d no Gohan",
        "songName": "Collage",
        "artist": "Sangatsu no Phantasia",
        "type": "Ending 1",
        "correctCount": 71,
        "activePlayers": 239,
        "startSample": 33,
        "videoLength": 88.42,
        "linkWebm": "https://files.catbox.moe/ix4lbm.webm",
        "linkMP3": "https://files.catbox.moe/ztf4do.mp3"
    },
    {
        "songNumber": 53,
        "animeEnglish": "Radiant",
        "animeRomaji": "Radiant",
        "songName": "Naraku",
        "artist": "Halo at Yojohan",
        "type": "Opening 1",
        "correctCount": 31,
        "activePlayers": 237,
        "startSample": 32,
        "videoLength": 88.18,
        "linkWebm": "https://files.catbox.moe/mfu0tz.webm",
        "linkMP3": "https://files.catbox.moe/1vak9p.mp3"
    },
    {
        "songNumber": 54,
        "animeEnglish": "Jubei-Chan The Ninja Girl - Secret of the Lovely Eyepatch",
        "animeRomaji": "Jubei-chan - Lovely Gantai no Himitsu",
        "songName": "Forever",
        "artist": "1999 Shoujo-tai",
        "type": "Ending 1",
        "correctCount": 9,
        "activePlayers": 234,
        "startSample": 92,
        "videoLength": 163.81,
        "linkWebm": "https://files.catbox.moe/g2j3zu.webm",
        "linkMP3": "https://files.catbox.moe/9z3xoq.mp3"
    },
    {
        "songNumber": 55,
        "animeEnglish": "Aikatsu Stars!",
        "animeRomaji": "Aikatsu Stars!",
        "songName": "1,2,Sing for You!",
        "artist": "Rie from AIKATSU\u2606STARS!",
        "type": "Insert Song",
        "correctCount": 34,
        "activePlayers": 235,
        "startSample": 74,
        "videoLength": 107.86,
        "linkWebm": "https://files.catbox.moe/0ciava.webm",
        "linkMP3": "https://files.catbox.moe/bo46d3.mp3"
    },
    {
        "songNumber": 56,
        "animeEnglish": "Infinite Stratos 2",
        "animeRomaji": "IS: Infinite Stratos 2",
        "songName": "True Blue Traveler",
        "artist": "Minami Kuribayashi",
        "type": "Opening 1",
        "correctCount": 85,
        "activePlayers": 235,
        "startSample": 23,
        "videoLength": 89.14,
        "linkWebm": "https://files.catbox.moe/73ox52.webm",
        "linkMP3": "https://files.catbox.moe/ik351a.mp3"
    },
    {
        "songNumber": 57,
        "animeEnglish": "Show By Rock!!",
        "animeRomaji": "Show By Rock!!",
        "songName": "Have a nice MUSIC!!",
        "artist": "Plasmagica",
        "type": "Ending 1",
        "correctCount": 39,
        "activePlayers": 235,
        "startSample": 27,
        "videoLength": 88.8,
        "linkWebm": "https://files.catbox.moe/4v669q.webm",
        "linkMP3": "https://files.catbox.moe/2v6spc.mp3"
    },
    {
        "songNumber": 58,
        "animeEnglish": "Mobile Suit Gundam 00 the Movie: A Wakening of the Trailblazer",
        "animeRomaji": "Gekij\u014dban Kid\u014d Senshi Gundam Double O - A Wakening of the Trailblazer",
        "songName": "Tozasareta Sekai",
        "artist": "THE BACK HORN",
        "type": "Opening 1",
        "correctCount": 37,
        "activePlayers": 235,
        "startSample": 50,
        "videoLength": 102.07,
        "linkWebm": "https://files.catbox.moe/87ucx5.webm",
        "linkMP3": "https://files.catbox.moe/h0r1cz.mp3"
    },
    {
        "songNumber": 59,
        "animeEnglish": "Koro Teacher Quest!",
        "animeRomaji": "Koro Sensei Quest!",
        "songName": "Seishun Satsubatsu-ron (8-bit Remix)",
        "artist": "3-nen E-gumi Utatan",
        "type": "Ending 1",
        "correctCount": 142,
        "activePlayers": 235,
        "startSample": 27,
        "videoLength": null,
        "linkWebm": "https://files.catbox.moe/tl6cxa.webm",
        "linkMP3": "https://files.catbox.moe/ailhdq.mp3"
    },
    {
        "songNumber": 60,
        "animeEnglish": "Digimon Adventure",
        "animeRomaji": "Digimon Adventure",
        "songName": "Change Into Power",
        "artist": "Paul Gordon",
        "type": "Insert Song",
        "correctCount": 75,
        "activePlayers": 235,
        "startSample": 0,
        "videoLength": 20.78,
        "linkWebm": "https://files.catbox.moe/mxe8sp.webm",
        "linkMP3": "https://files.catbox.moe/exx0nt.mp3"
    },
    {
        "songNumber": 61,
        "animeEnglish": "My Love Story!!",
        "animeRomaji": "Ore Monogatari!!",
        "songName": "Miraikei Answer",
        "artist": "TRUSTRICK",
        "type": "Opening 1",
        "correctCount": 91,
        "activePlayers": 236,
        "startSample": 28,
        "videoLength": 89.05,
        "linkWebm": "https://files.catbox.moe/yft9yu.webm",
        "linkMP3": "https://files.catbox.moe/plkykx.mp3"
    },
    {
        "songNumber": 62,
        "animeEnglish": "Aiura",
        "animeRomaji": "Aiura",
        "songName": "Kani Do-Luck!",
        "artist": "Aiu\u2665rabu",
        "type": "Opening 1",
        "correctCount": 86,
        "activePlayers": 236,
        "startSample": 22,
        "videoLength": 59.04,
        "linkWebm": "https://files.catbox.moe/nmrzyh.webm",
        "linkMP3": "https://files.catbox.moe/bsqwmx.mp3"
    },
    {
        "songNumber": 63,
        "animeEnglish": "Buso Renkin",
        "animeRomaji": "Buso Renkin",
        "songName": "Makka na Chikai",
        "artist": "Yoshiki Fukuyama",
        "type": "Opening 1",
        "correctCount": 72,
        "activePlayers": 236,
        "startSample": 28,
        "videoLength": null,
        "linkWebm": "https://files.catbox.moe/idc2sp.webm",
        "linkMP3": "https://files.catbox.moe/qwyxzb.mp3"
    },
    {
        "songNumber": 64,
        "animeEnglish": "Cagaster of an Insect Cage",
        "animeRomaji": "Mushikago no Cagaster",
        "songName": "Be ZERO",
        "artist": "Hilchryme",
        "type": "Opening 1",
        "correctCount": 15,
        "activePlayers": 237,
        "startSample": 46,
        "videoLength": 83.57,
        "linkWebm": "https://files.catbox.moe/2ortpc.webm",
        "linkMP3": "https://files.catbox.moe/jcfgv8.mp3"
    },
    {
        "songNumber": 65,
        "animeEnglish": "Spooky Kitaro",
        "animeRomaji": "Gegege no Kitar\u014d",
        "songName": "Gegege no Kitaro",
        "artist": "Shigeru Izumiya",
        "type": "Opening 1",
        "correctCount": 206,
        "activePlayers": 237,
        "startSample": 28,
        "videoLength": 61.49,
        "linkWebm": "https://files.catbox.moe/6atpi1.webm",
        "linkMP3": "https://files.catbox.moe/p6b51s.mp3"
    },
    {
        "songNumber": 66,
        "animeEnglish": "Stratos 4 Advance",
        "animeRomaji": "Stratos 4 Advance",
        "songName": "1st Priority",
        "artist": "Melocure",
        "type": "Opening 1",
        "correctCount": 19,
        "activePlayers": 237,
        "startSample": 17,
        "videoLength": 91.03,
        "linkWebm": "https://files.catbox.moe/edrq7h.webm",
        "linkMP3": "https://files.catbox.moe/b14e3v.mp3"
    },
    {
        "songNumber": 67,
        "animeEnglish": "Earl and Fairy",
        "animeRomaji": "Hakushaku to Y\u014dsei",
        "songName": "FEELING",
        "artist": "AciD FLavoR",
        "type": "Opening 1",
        "correctCount": 15,
        "activePlayers": 236,
        "startSample": 13,
        "videoLength": 88.7,
        "linkWebm": "https://files.catbox.moe/35313k.webm",
        "linkMP3": "https://files.catbox.moe/askkmi.mp3"
    },
    {
        "songNumber": 68,
        "animeEnglish": "Magical Girl Lyrical Nanoha the Movie 2nd A's",
        "animeRomaji": "Mah\u014d Sh\u014djo Lyrical Nanoha The Movie 2nd A's",
        "songName": "Hohoemi no Plumage",
        "artist": "Yukari Tamura",
        "type": "Ending 1",
        "correctCount": 11,
        "activePlayers": 236,
        "startSample": 43,
        "videoLength": 154.34,
        "linkWebm": "https://files.catbox.moe/9hog4m.webm",
        "linkMP3": "https://files.catbox.moe/4jwkla.mp3"
    },
    {
        "songNumber": 69,
        "animeEnglish": "ef: a tale of memories",
        "animeRomaji": "ef: a tale of memories",
        "songName": "euphoric field (Japanese ver.)",
        "artist": "ELISA",
        "type": "Opening 3",
        "correctCount": 124,
        "activePlayers": 236,
        "startSample": 21,
        "videoLength": 87.46,
        "linkWebm": "https://files.catbox.moe/7x0qu5.webm",
        "linkMP3": "https://files.catbox.moe/bzqluf.mp3"
    },
    {
        "songNumber": 70,
        "animeEnglish": "Please, My Melody",
        "animeRomaji": "Onegai My Melody",
        "songName": "Yumemiru Chikara",
        "artist": "My Melodies",
        "type": "Ending 2",
        "correctCount": 6,
        "activePlayers": 234,
        "startSample": 53,
        "videoLength": 87.55,
        "linkWebm": "https://files.catbox.moe/orqrah.webm",
        "linkMP3": "https://files.catbox.moe/oxw6pv.mp3"
    },
    {
        "songNumber": 71,
        "animeEnglish": "The IDOLM@STER",
        "animeRomaji": "The IDOLM@STER",
        "songName": "READY!!",
        "artist": "765PRO ALLSTARS",
        "type": "Opening 1",
        "correctCount": 133,
        "activePlayers": 235,
        "startSample": 48,
        "videoLength": 88.84,
        "linkWebm": "https://files.catbox.moe/xrck3j.webm",
        "linkMP3": "https://files.catbox.moe/kcburl.mp3"
    },
    {
        "songNumber": 72,
        "animeEnglish": "The IDOLM@STER",
        "animeRomaji": "The IDOLM@STER",
        "songName": "GO MY WAY!!",
        "artist": "765PRO&876PRO ALLSTARS",
        "type": "Ending 10",
        "correctCount": 53,
        "activePlayers": 235,
        "startSample": 18,
        "videoLength": 92.04,
        "linkWebm": "https://files.catbox.moe/34zbw0.webm",
        "linkMP3": "https://files.catbox.moe/s0gvdf.mp3"
    },
    {
        "songNumber": 73,
        "animeEnglish": "Xuan Yuan Sword Luminary",
        "animeRomaji": "Ken En Ken: Aoki Kagayaki",
        "songName": "Negai no Hana",
        "artist": "9nine",
        "type": "Ending 1",
        "correctCount": 20,
        "activePlayers": 235,
        "startSample": 34,
        "videoLength": 88.97,
        "linkWebm": "https://files.catbox.moe/38c255.webm",
        "linkMP3": "https://files.catbox.moe/pd3uld.mp3"
    },
    {
        "songNumber": 74,
        "animeEnglish": "Alice or Alice",
        "animeRomaji": "Alice or Alice - Siscon Nii-san to Futago no Im\u014dto",
        "songName": "A or A!?",
        "artist": "petit milady",
        "type": "Opening 1",
        "correctCount": 89,
        "activePlayers": 235,
        "startSample": 0,
        "videoLength": 28.9,
        "linkWebm": "https://animethemes.moe/video/AliceOrAlice-OP1.webm",
        "linkMP3": "https://files.catbox.moe/4d2atb.mp3"
    },
    {
        "songNumber": 75,
        "animeEnglish": "Magical Sisters Yoyo & Nene",
        "animeRomaji": "Majokko Shimai no Yoyo to Nene",
        "songName": "Yoyo no Uta",
        "artist": "Sumire Morohoshi",
        "type": "Insert Song",
        "correctCount": 16,
        "activePlayers": 231,
        "startSample": 8,
        "videoLength": 67.85,
        "linkWebm": "https://files.catbox.moe/hjh6af.webm",
        "linkMP3": "https://files.catbox.moe/ktj8ly.mp3"
    }
]