[
    {
        "animeEng": "Gintama",
        "animeRomaji": "Gintama",
        "songName": "Pray",
        "artist": "Tommy heavenly\u2076",
        "type": "Opening 1",
        "correctCount": 106,
        "startTime": 32,
        "songDuration": 88.056,
        "songNumber": 1,
        "activePlayerCount": 179,
        "LinkVideo": "https://files.catbox.moe/ee6j24.webm",
        "LinkMp3": "https://files.catbox.moe/ftvkr9.mp3"
    },
    {
        "animeEng": "Galaxy Express 999: Glass no Clair",
        "animeRomaji": "Galaxy Express 999: Glass no Clair",
        "songName": "Ginga Tetsud\u014d 999",
        "artist": "Isao Sasaki & Suginami Jidou Gasshoudan",
        "type": "Opening 1",
        "correctCount": 36,
        "startTime": 13,
        "songDuration": 55.056,
        "songNumber": 2,
        "activePlayerCount": 179,
        "LinkVideo": "https://files.catbox.moe/ro3o6q.webm",
        "LinkMp3": "https://files.catbox.moe/wp1qzk.mp3"
    },
    {
        "animeEng": "Mitsuboshi Colors",
        "animeRomaji": "Mitsuboshi Colors",
        "songName": "Miracle Colors\u2606Honjitsu mo Ij\u014d Nashi!",
        "artist": "Colors\u2606Slash",
        "type": "Ending 1",
        "correctCount": 29,
        "startTime": 13,
        "songDuration": 90.024,
        "songNumber": 3,
        "activePlayerCount": 179,
        "LinkVideo": "https://files.catbox.moe/yqknon.webm",
        "LinkMp3": "https://files.catbox.moe/tworko.mp3"
    },
    {
        "animeEng": "Sands of Destruction",
        "animeRomaji": "World Destruction: Sekai Bokumetsu no Rokunin",
        "songName": "ZERO",
        "artist": "AAA",
        "type": "Opening 1",
        "correctCount": 23,
        "startTime": 55,
        "songDuration": 89.928,
        "songNumber": 4,
        "activePlayerCount": 179,
        "LinkVideo": "https://files.catbox.moe/saiwwn.webm",
        "LinkMp3": "https://files.catbox.moe/srmjd2.mp3"
    },
    {
        "animeEng": "Tokyo Ghoul",
        "animeRomaji": "Tokyo Ghoul",
        "songName": "Seijatachi",
        "artist": "People in the Box",
        "type": "Ending 1",
        "correctCount": 100,
        "startTime": 39,
        "songDuration": 90.068656,
        "songNumber": 5,
        "activePlayerCount": 179,
        "LinkVideo": "https://animethemes.moe/video/TokyoGhoul-ED1.webm",
        "LinkMp3": "https://files.catbox.moe/473uhu.mp3"
    },
    {
        "animeEng": "Wagnaria!!2",
        "animeRomaji": "Working'!!",
        "songName": "COOLISH WALK",
        "artist": "Kana Asumi, Eri Kitamura, Saki Fujita",
        "type": "Opening 1",
        "correctCount": 72,
        "startTime": 44,
        "songDuration": 89.136,
        "songNumber": 6,
        "activePlayerCount": 179,
        "LinkVideo": "https://files.catbox.moe/9583ep.webm",
        "LinkMp3": "https://files.catbox.moe/pky40y.mp3"
    },
    {
        "animeEng": "Is It Wrong to Try to Pick Up Girls in a Dungeon? II",
        "animeRomaji": "DanMachi II",
        "songName": "HELLO to DREAM",
        "artist": "Yuka Iguchi",
        "type": "Opening 1",
        "correctCount": 88,
        "startTime": 3,
        "songDuration": 88.344,
        "songNumber": 7,
        "activePlayerCount": 179,
        "LinkVideo": "https://files.catbox.moe/yx4gqh.webm",
        "LinkMp3": "https://files.catbox.moe/hc8mi1.mp3"
    },
    {
        "animeEng": "Kamen no Maid Guy",
        "animeRomaji": "Kamen no Maid Guy",
        "songName": "Special Life!",
        "artist": "KOTOKO",
        "type": "Opening 1",
        "correctCount": 35,
        "startTime": 44,
        "songDuration": 87.168,
        "songNumber": 8,
        "activePlayerCount": 178,
        "LinkVideo": "https://files.catbox.moe/59yq28.webm",
        "LinkMp3": "https://files.catbox.moe/ycyuv1.mp3"
    },
    {
        "animeEng": "Martian Successor Nadesico",
        "animeRomaji": "Kid\u014d Senkan Nadesico",
        "songName": "Sh\u014dri no V da! Gekiganger 3 (HIKARU Version)",
        "artist": "Shiho Kikuchi",
        "type": "Insert Song",
        "correctCount": 8,
        "startTime": 5,
        "songDuration": 40.7249,
        "songNumber": 9,
        "activePlayerCount": 177,
        "LinkVideo": "https://files.catbox.moe/95acxm.webm",
        "LinkMp3": "https://files.catbox.moe/ia7bgg.mp3"
    },
    {
        "animeEng": "Music Girls",
        "animeRomaji": "Ongaku Sh\u014djo",
        "songName": "Good Answer (Karaoke ver.)",
        "artist": "Manami Numakura & Asami Seto",
        "type": "Insert Song",
        "correctCount": 6,
        "startTime": 0,
        "songDuration": 38.568,
        "songNumber": 10,
        "activePlayerCount": 176,
        "LinkVideo": "https://files.catbox.moe/qjml80.webm",
        "LinkMp3": "https://files.catbox.moe/bhkij2.mp3"
    },
    {
        "animeEng": "Fight, Pyuta!",
        "animeRomaji": "Fight Da!! Pyuta",
        "songName": "Fight Da!! Pyuta (Instrumental ver.)",
        "artist": "Hiroaki Hagiwara",
        "type": "Ending 1",
        "correctCount": 2,
        "startTime": 33,
        "songDuration": 73.92,
        "songNumber": 11,
        "activePlayerCount": 175,
        "LinkVideo": "https://files.catbox.moe/25pm1x.webm",
        "LinkMp3": "https://files.catbox.moe/hn44un.mp3",
        "correctPlayers": [
            "HitoriBocchi",
            "klusty"
        ]
    },
    {
        "animeEng": "IDOLiSH7",
        "animeRomaji": "IDOLiSH7",
        "songName": "Nanatsu-iro REALiZE",
        "artist": "IDOLiSH7",
        "type": "Insert Song",
        "correctCount": 48,
        "startTime": 108,
        "songDuration": 190.728,
        "songNumber": 12,
        "activePlayerCount": 175,
        "LinkVideo": "https://files.catbox.moe/60zd0p.webm",
        "LinkMp3": "https://files.catbox.moe/ej8xsx.mp3"
    },
    {
        "animeEng": "Nisemonogatari",
        "animeRomaji": "Nisemonogatari",
        "songName": "Platinum Disco",
        "artist": "Yuka Iguchi",
        "type": "Opening 3",
        "correctCount": 154,
        "startTime": 1,
        "songDuration": 89.064,
        "songNumber": 13,
        "activePlayerCount": 175,
        "LinkVideo": "https://files.catbox.moe/fz83qp.webm",
        "LinkMp3": "https://files.catbox.moe/04gcvo.mp3"
    },
    {
        "animeEng": "Hinamatsuri",
        "animeRomaji": "Hinamatsuri",
        "songName": "Distance",
        "artist": "Rie Murakawa",
        "type": "Opening 1",
        "correctCount": 84,
        "startTime": 17,
        "songDuration": 87.978896,
        "songNumber": 14,
        "activePlayerCount": 175,
        "LinkVideo": "https://files.catbox.moe/er4kx7.webm",
        "LinkMp3": "https://files.catbox.moe/i7ox0m.mp3"
    },
    {
        "animeEng": "DYNAMIC CHORD",
        "animeRomaji": "DYNAMIC CHORD",
        "songName": "RISE'n SHINE",
        "artist": "Liar-S",
        "type": "Insert Song",
        "correctCount": 8,
        "startTime": 37,
        "songDuration": 134.064,
        "songNumber": 15,
        "activePlayerCount": 175,
        "LinkVideo": "https://files.catbox.moe/xe3lu0.webm",
        "LinkMp3": "https://files.catbox.moe/u8pg03.mp3"
    },
    {
        "animeEng": "Saint Seiya",
        "animeRomaji": "Saint Seiya",
        "songName": "Yume Tabibito",
        "artist": "Hironobu Kageyama & BROADWAY",
        "type": "Ending 2",
        "correctCount": 37,
        "startTime": 18,
        "songDuration": 71.16,
        "songNumber": 16,
        "activePlayerCount": 175,
        "LinkVideo": "https://files.catbox.moe/no084w.webm",
        "LinkMp3": "https://files.catbox.moe/o1rpoc.mp3"
    },
    {
        "animeEng": "Jormungand",
        "animeRomaji": "Jormungand",
        "songName": "Borderland",
        "artist": "Mami Kawada",
        "type": "Opening 1",
        "correctCount": 91,
        "startTime": 6,
        "songDuration": 90.072,
        "songNumber": 17,
        "activePlayerCount": 174,
        "LinkVideo": "https://files.catbox.moe/dw93qi.webm",
        "LinkMp3": "https://files.catbox.moe/r2tcw3.mp3"
    },
    {
        "animeEng": "Sound! Euphonium 2",
        "animeRomaji": "Sound! Euphonium 2",
        "songName": "Soundscape",
        "artist": "TRUE",
        "type": "Opening 1",
        "correctCount": 108,
        "startTime": 30,
        "songDuration": 89.04,
        "songNumber": 18,
        "activePlayerCount": 174,
        "LinkVideo": "https://files.catbox.moe/94yyyi.webm",
        "LinkMp3": "https://files.catbox.moe/mnrg2b.mp3"
    },
    {
        "animeEng": "Fairy Tail",
        "animeRomaji": "Fairy Tail",
        "songName": "R.P.G. ~Rockin' Playing Game",
        "artist": "SuG",
        "type": "Opening 4",
        "correctCount": 66,
        "startTime": 39,
        "songDuration": 90.528,
        "songNumber": 19,
        "activePlayerCount": 174,
        "LinkVideo": "https://files.catbox.moe/cdsg26.webm",
        "LinkMp3": "https://files.catbox.moe/jnp22k.mp3"
    },
    {
        "animeEng": "Cyber City Oedo 808",
        "animeRomaji": "Cyber City Oedo 808",
        "songName": "Burning World ~Tsuioku no Command~",
        "artist": "Hidemi Miura",
        "type": "Opening 1",
        "correctCount": 4,
        "startTime": 71,
        "songDuration": 108.552,
        "songNumber": 20,
        "activePlayerCount": 174,
        "LinkVideo": "https://files.catbox.moe/ecoa33.webm",
        "LinkMp3": "https://files.catbox.moe/n4f8m4.mp3",
        "correctPlayers": [
            "Goatonaspork",
            "Laihsb",
            "Celia_Chan",
            "SuperstarPearl"
        ]
    },
    {
        "animeEng": "Mon Colle Knights",
        "animeRomaji": "Rokumon Tengai Monkore Knight",
        "songName": "Sweet True Love",
        "artist": "Chihiro Yonekura",
        "type": "Ending 1",
        "correctCount": 1,
        "startTime": 36,
        "songDuration": 78.048,
        "songNumber": 21,
        "activePlayerCount": 174,
        "LinkVideo": "https://files.catbox.moe/0f5zkb.webm",
        "LinkMp3": "https://files.catbox.moe/50yeia.mp3",
        "correctPlayers": [
            "Celia_Chan"
        ]
    },
    {
        "animeEng": "Yu-Gi-Oh! Zexal",
        "animeRomaji": "Yu-Gi-Oh! Zexal",
        "songName": "Take a Chance",
        "artist": "Micheal Brody",
        "type": "Opening 1",
        "correctCount": 37,
        "startTime": 10,
        "songDuration": 60.158966,
        "songNumber": 22,
        "activePlayerCount": 174,
        "LinkVideo": "https://files.catbox.moe/0a9794.webm",
        "LinkMp3": "https://files.catbox.moe/zmjstw.mp3"
    },
    {
        "animeEng": "Teeky\u016b",
        "animeRomaji": "Teeky\u016b",
        "songName": "Qunka!",
        "artist": "Kana Hanazawa",
        "type": "Opening 1",
        "correctCount": 146,
        "startTime": 0,
        "songDuration": 29.76,
        "songNumber": 23,
        "activePlayerCount": 174,
        "LinkVideo": "https://files.catbox.moe/h94x1s.webm",
        "LinkMp3": "https://files.catbox.moe/ufuwjb.mp3"
    },
    {
        "animeEng": "Skull-face Bookseller Honda-san",
        "animeRomaji": "Gaikotsu Shotenin Honda-san",
        "songName": "ISBN ~Inner Sound & Book's Narrative~",
        "artist": "TECHNOBOYS PULCRAFT GREEN-FUND feat. Souma Saitou",
        "type": "Opening 1",
        "correctCount": 84,
        "startTime": 7,
        "songDuration": 58.800622,
        "songNumber": 24,
        "activePlayerCount": 174,
        "LinkVideo": "https://files.catbox.moe/7wlrjk.webm",
        "LinkMp3": "https://files.catbox.moe/04w6j4.mp3"
    },
    {
        "animeEng": "Nyan Koi!",
        "animeRomaji": "Nyan Koi!",
        "songName": "Nyandaful!",
        "artist": "Yui Sakakibara",
        "type": "Opening 1",
        "correctCount": 42,
        "startTime": 8,
        "songDuration": 89.088,
        "songNumber": 25,
        "activePlayerCount": 174,
        "LinkVideo": "https://files.catbox.moe/2gmg2t.webm",
        "LinkMp3": "https://files.catbox.moe/ohwr2y.mp3"
    },
    {
        "animeEng": "Planetes",
        "animeRomaji": "Planetes",
        "songName": "A Secret Of The Moon",
        "artist": "Hitomi Kuroishi",
        "type": "Insert Song",
        "correctCount": 13,
        "startTime": 20,
        "songDuration": 53.28975,
        "songNumber": 26,
        "activePlayerCount": 174,
        "LinkVideo": "https://files.catbox.moe/i9ehi7.webm",
        "LinkMp3": "https://files.catbox.moe/mse6l4.mp3"
    },
    {
        "animeEng": "Blue Spring Ride",
        "animeRomaji": "Ao Haru Ride",
        "songName": "Sekai wa Koi ni Ochiteiru",
        "artist": "CHiCO with HoneyWorks",
        "type": "Opening 1",
        "correctCount": 113,
        "startTime": 21,
        "songDuration": 88.944,
        "songNumber": 27,
        "activePlayerCount": 173,
        "LinkVideo": "https://animethemes.moe/video/AoHaruRide-OP1.webm",
        "LinkMp3": "https://files.catbox.moe/anpnj2.mp3"
    },
    {
        "animeEng": "Gosick",
        "animeRomaji": "Gosick",
        "songName": "unity",
        "artist": "Lisa Komine",
        "type": "Ending 2",
        "correctCount": 62,
        "startTime": 43,
        "songDuration": 88.370726,
        "songNumber": 28,
        "activePlayerCount": 172,
        "LinkVideo": "https://animethemes.moe/video/Gosick-ED2.webm",
        "LinkMp3": "https://files.catbox.moe/xokmft.mp3"
    },
    {
        "animeEng": "Idol Time PriPara",
        "animeRomaji": "Idol Time PriPara",
        "songName": "Miss. Prionaire",
        "artist": "Madoka Asahina",
        "type": "Insert Song",
        "correctCount": 5,
        "startTime": 115,
        "songDuration": 150.576,
        "songNumber": 29,
        "activePlayerCount": 173,
        "LinkVideo": "https://files.catbox.moe/wp793s.webm",
        "LinkMp3": "https://files.catbox.moe/p33n50.mp3",
        "correctPlayers": [
            "Cirquit",
            "Orbii",
            "Sniparook",
            "anstazz",
            "SkyVortex"
        ]
    },
    {
        "animeEng": "Alice & Zoroku",
        "animeRomaji": "Alice to Zouroku",
        "songName": "Chant",
        "artist": "toi toy toi (kotringo edition)",
        "type": "Ending 1",
        "correctCount": 22,
        "startTime": 55,
        "songDuration": 89.184,
        "songNumber": 30,
        "activePlayerCount": 173,
        "LinkVideo": "https://files.catbox.moe/1ynq5x.webm",
        "LinkMp3": "https://files.catbox.moe/tm6zre.mp3"
    },
    {
        "animeEng": "Berserk: The Golden Age Arc II - The Battle for Doldrey",
        "animeRomaji": "Berserk \u014cgon Jidai-Hen II: Doldrey K\u014dryaku",
        "songName": "Aria",
        "artist": "Susumu Hirasawa",
        "type": "Opening 1",
        "correctCount": 130,
        "startTime": 56,
        "songDuration": 91.752,
        "songNumber": 31,
        "activePlayerCount": 173,
        "LinkVideo": "https://files.catbox.moe/5agv0h.webm",
        "LinkMp3": "https://files.catbox.moe/00tgk2.mp3"
    },
    {
        "animeEng": "Canvas: Sepia-iro no Motif",
        "animeRomaji": "Canvas: Sepia-iro no Motif",
        "songName": "Omoide",
        "artist": "Miyuki Kunitake",
        "type": "Ending 1",
        "correctCount": 5,
        "startTime": 56,
        "songDuration": 106.056,
        "songNumber": 32,
        "activePlayerCount": 173,
        "LinkVideo": "https://files.catbox.moe/twqlwp.webm",
        "LinkMp3": "https://files.catbox.moe/et5cui.mp3",
        "correctPlayers": [
            "zelda101",
            "Nisepanda",
            "oh95",
            "watashiii",
            "SuperstarPearl"
        ]
    },
    {
        "animeEng": "JoJo's Bizarre Adventure: Stardust Crusaders",
        "animeRomaji": "JoJo no Kimy\u014d na B\u014dken: Stardust Crusaders",
        "songName": "Akuyaku Ky\u014ds\u014dkyoku ~Oingo to Boingo~",
        "artist": "Makoto Yasumura & Motoko Kumai",
        "type": "Ending 2",
        "correctCount": 122,
        "startTime": 19,
        "songDuration": 89.568,
        "songNumber": 33,
        "activePlayerCount": 173,
        "LinkVideo": "https://files.catbox.moe/eq9erc.webm",
        "LinkMp3": "https://files.catbox.moe/68jmec.mp3"
    },
    {
        "animeEng": "Kubikiri Cycle: Aoiro Savant to Zaregoto Tsukai",
        "animeRomaji": "Kubikiri Cycle: Aoiro Savant to Zaregoto Tsukai",
        "songName": "M\u00e4rchen",
        "artist": "Kalafina",
        "type": "Ending 1",
        "correctCount": 39,
        "startTime": 11,
        "songDuration": 87.432,
        "songNumber": 34,
        "activePlayerCount": 172,
        "LinkVideo": "https://files.catbox.moe/qlqrz9.webm",
        "LinkMp3": "https://files.catbox.moe/1vzeum.mp3"
    },
    {
        "animeEng": "Case Closed: The Phantom of Baker Street",
        "animeRomaji": "Meitantei Conan: Baker Street no B\u014drei",
        "songName": "Everlasting",
        "artist": "B'z",
        "type": "Ending 1",
        "correctCount": 8,
        "startTime": 44,
        "songDuration": 217.056,
        "songNumber": 35,
        "activePlayerCount": 172,
        "LinkVideo": "https://files.catbox.moe/503i1q.webm",
        "LinkMp3": "https://files.catbox.moe/kf51cm.mp3"
    },
    {
        "animeEng": "Angel Links",
        "animeRomaji": "Seih\u014d Tenshi Angel Links",
        "songName": "All My Soul",
        "artist": "NAW NAW",
        "type": "Opening 1",
        "correctCount": 4,
        "startTime": 26,
        "songDuration": 89.016,
        "songNumber": 36,
        "activePlayerCount": 171,
        "LinkVideo": "https://files.catbox.moe/ll526i.webm",
        "LinkMp3": "https://files.catbox.moe/q2hkle.mp3",
        "correctPlayers": [
            "Zynei",
            "Zwegers",
            "klusty",
            "Celia_Chan"
        ]
    },
    {
        "animeEng": "Case Closed",
        "animeRomaji": "Meitantei Conan",
        "songName": "Start In My Life",
        "artist": "Mai Kuraki",
        "type": "Ending 11",
        "correctCount": 46,
        "startTime": 26,
        "songDuration": 84,
        "songNumber": 37,
        "activePlayerCount": 170,
        "LinkVideo": "https://files.catbox.moe/xki6wl.webm",
        "LinkMp3": "https://files.catbox.moe/nn28o0.mp3"
    },
    {
        "animeEng": "Fate/stay night: Unlimited Blade Works",
        "animeRomaji": "Fate/stay night: Unlimited Blade Works",
        "songName": "ideal white",
        "artist": "Mashiro Ayano",
        "type": "Opening 1",
        "correctCount": 121,
        "startTime": 27,
        "songDuration": 90.014094,
        "songNumber": 38,
        "activePlayerCount": 171,
        "LinkVideo": "https://files.catbox.moe/w6waoz.webm",
        "LinkMp3": "https://files.catbox.moe/r78sdn.mp3"
    },
    {
        "animeEng": "Code Geass: Lelouch of the Rebellion R2",
        "animeRomaji": "Code Geass: Hangyaku no Lelouch R2",
        "songName": "WORLD END",
        "artist": "FLOW",
        "type": "Opening 2",
        "correctCount": 113,
        "startTime": 16,
        "songDuration": 89.088,
        "songNumber": 39,
        "activePlayerCount": 170,
        "LinkVideo": "https://files.catbox.moe/gpelh2.webm",
        "LinkMp3": "https://files.catbox.moe/ambwc6.mp3"
    },
    {
        "animeEng": "Strange+",
        "animeRomaji": "Strange+",
        "songName": "Beauty Boy",
        "artist": "Jun Fukuyama",
        "type": "Opening 1",
        "correctCount": 31,
        "startTime": 0,
        "songDuration": 24.912,
        "songNumber": 40,
        "activePlayerCount": 169,
        "LinkVideo": "https://files.catbox.moe/bhzyit.webm",
        "LinkMp3": "https://files.catbox.moe/wazrpp.mp3"
    },
    {
        "animeEng": "New Theatrical Movie Initial D Legend 1: Awakening",
        "animeRomaji": "Shin Gekij\u014dban Initial D Legend 1 -Kakusei-",
        "songName": "Candle Flames",
        "artist": "BACKDRAFT SMITHS",
        "type": "Insert Song",
        "correctCount": 3,
        "startTime": 43,
        "songDuration": 144.06283,
        "songNumber": 41,
        "activePlayerCount": 170,
        "LinkVideo": "https://files.catbox.moe/2ytcja.webm",
        "LinkMp3": "https://files.catbox.moe/yos2tg.mp3",
        "correctPlayers": [
            "klusty",
            "asleep",
            "Lone"
        ]
    },
    {
        "animeEng": "Phi Brain - Puzzle of God: Nemesis! Raetsel Arc",
        "animeRomaji": "Phi-Brain - Kami no Puzzle: Shukuteki! Raetsel-hen",
        "songName": "Hologram",
        "artist": "Natsumi Kiyoura",
        "type": "Ending 3",
        "correctCount": 8,
        "startTime": 105,
        "songDuration": 240.217912,
        "songNumber": 42,
        "activePlayerCount": 170,
        "LinkVideo": "https://files.catbox.moe/zvl8j8.webm",
        "LinkMp3": "https://files.catbox.moe/r2ugjy.mp3"
    },
    {
        "animeEng": "Rascal Does Not Dream of Bunny Girl Senpai",
        "animeRomaji": "Seishun Buta Yar\u014d wa Bunny Girl-senpai no Yume wo Minai",
        "songName": "Fukashigi no Karte",
        "artist": "Asami Seto",
        "type": "Ending 2",
        "correctCount": 149,
        "startTime": 22,
        "songDuration": 59.636526,
        "songNumber": 43,
        "activePlayerCount": 171,
        "LinkVideo": "https://files.catbox.moe/jacr7b.webm",
        "LinkMp3": "https://files.catbox.moe/m49m2s.mp3"
    },
    {
        "animeEng": "Ixion Saga DT",
        "animeRomaji": "Ixion Saga DT",
        "songName": "DT Suteru (Kon ver.)",
        "artist": "Golden Ixion Bomber DT",
        "type": "Opening 2",
        "correctCount": 18,
        "startTime": 30,
        "songDuration": 89.472,
        "songNumber": 44,
        "activePlayerCount": 171,
        "LinkVideo": "https://files.catbox.moe/if19gj.webm",
        "LinkMp3": "https://files.catbox.moe/8hobdz.mp3"
    },
    {
        "animeEng": "Neon Genesis Evangelion",
        "animeRomaji": "Shinseiki Evangelion",
        "songName": "Fly Me to the Moon -4 Beat Version-",
        "artist": "Yoko Takahashi",
        "type": "Ending 4",
        "correctCount": 150,
        "startTime": 0,
        "songDuration": 65.56622,
        "songNumber": 45,
        "activePlayerCount": 171,
        "LinkVideo": "https://files.catbox.moe/g4taps.webm",
        "LinkMp3": "https://files.catbox.moe/kozj7f.mp3"
    },
    {
        "animeEng": "D-Frag!",
        "animeRomaji": "D-Frag!",
        "songName": "Stalemate!",
        "artist": "IOSYS jk Girls",
        "type": "Opening 1",
        "correctCount": 123,
        "startTime": 4,
        "songDuration": 89.16,
        "songNumber": 46,
        "activePlayerCount": 171,
        "LinkVideo": "https://files.catbox.moe/g0uohs.webm",
        "LinkMp3": "https://files.catbox.moe/m94wdh.mp3"
    },
    {
        "animeEng": "Serial Experiments Lain",
        "animeRomaji": "Serial Experiments Lain",
        "songName": "DUVET",
        "artist": "BOA",
        "type": "Opening 1",
        "correctCount": 130,
        "startTime": 67,
        "songDuration": 101.184,
        "songNumber": 47,
        "activePlayerCount": 172,
        "LinkVideo": "https://files.catbox.moe/flk2by.webm",
        "LinkMp3": "https://files.catbox.moe/o0cxhv.mp3"
    },
    {
        "animeEng": "Little Women II Jo's Boys",
        "animeRomaji": "Wakakusa Monogatari Nan to Jou Sensei",
        "songName": "Ashita mo Otenki",
        "artist": "Akiko Kosaka",
        "type": "Opening 1",
        "correctCount": 2,
        "startTime": 24,
        "songDuration": 84.125,
        "songNumber": 48,
        "activePlayerCount": 172,
        "LinkVideo": "https://files.catbox.moe/2glllb.webm",
        "correctPlayers": [
            "Cirquit",
            "Celia_Chan"
        ]
    },
    {
        "animeEng": "Dragon Ball Z: Bardock - The Father of Goku",
        "animeRomaji": "Dragon Ball Z: Tatta Hitori no Saish\u016b Kessen - Freeza ni Idonda Z Senshi Son Goku no Chichi",
        "songName": "CHA-LA HEAD-CHA-LA",
        "artist": "Hironobu Kageyama",
        "type": "Opening 1",
        "correctCount": 163,
        "startTime": 19,
        "songDuration": 106.96959,
        "songNumber": 49,
        "activePlayerCount": 172,
        "LinkVideo": "https://files.catbox.moe/626uka.webm",
        "LinkMp3": "https://files.catbox.moe/dxt8hz.mp3"
    },
    {
        "animeEng": "Xabungle",
        "animeRomaji": "Sent\u014d Mecha Xabungle",
        "songName": "Shippu Xabungle",
        "artist": "Akira Kushida",
        "type": "Opening 1",
        "correctCount": 55,
        "startTime": 10,
        "songDuration": 90.672,
        "songNumber": 50,
        "activePlayerCount": 172,
        "LinkVideo": "",
        "LinkMp3": "https://files.catbox.moe/8qukno.mp3"
    },
    {
        "animeEng": "Ponyo on the Cliff by the Sea",
        "animeRomaji": "Gake no Ue no Ponyo",
        "songName": "Gake no Ue no Ponyo",
        "artist": "Fujioka Fujimaki & Nozomi \u014chashi",
        "type": "Ending 1",
        "correctCount": 61,
        "startTime": 20,
        "songDuration": 91.968,
        "songNumber": 51,
        "activePlayerCount": 172,
        "LinkVideo": "https://files.catbox.moe/klxepk.webm",
        "LinkMp3": "https://files.catbox.moe/y6ewfp.mp3"
    },
    {
        "animeEng": "Dagashi Kashi 2",
        "animeRomaji": "Dagashi Kashi 2",
        "songName": "Oh My Sugar Feeling!!",
        "artist": "Ayana Taketatsu",
        "type": "Opening 1",
        "correctCount": 61,
        "startTime": 42,
        "songDuration": 88.416,
        "songNumber": 52,
        "activePlayerCount": 172,
        "LinkVideo": "https://files.catbox.moe/diac5m.webm",
        "LinkMp3": "https://files.catbox.moe/fdfupq.mp3"
    },
    {
        "animeEng": "The Racing Brothers, Lets & Go",
        "animeRomaji": "Bakus\u014d Ky\u014ddai Let's & Go!!",
        "songName": "Winning Run! -Kaze ni Naritai-",
        "artist": "Yukio Yamagata",
        "type": "Opening 1",
        "correctCount": 18,
        "startTime": 36,
        "songDuration": 89.4,
        "songNumber": 53,
        "activePlayerCount": 172,
        "LinkVideo": "https://files.catbox.moe/sa4f5o.webm",
        "LinkMp3": "https://files.catbox.moe/pe5kcw.mp3"
    },
    {
        "animeEng": "STARMYU",
        "animeRomaji": "K\u014dk\u014d Hoshi Kageki",
        "songName": "SILENT FEVER",
        "artist": "Ryota Ohsaka",
        "type": "Insert Song",
        "correctCount": 58,
        "startTime": 44,
        "songDuration": 97.488,
        "songNumber": 54,
        "activePlayerCount": 172,
        "LinkVideo": "https://files.catbox.moe/kt9y6r.webm",
        "LinkMp3": "https://files.catbox.moe/b9e2hy.mp3"
    },
    {
        "animeEng": "Aikatsu on Parade!",
        "animeRomaji": "Aikatsu on Parade!",
        "songName": "Happy Crescendo",
        "artist": "Fuuri\u30fbYuna\u30fbSunao\u30fbEri from STAR\u2606ANIS",
        "type": "Insert Song",
        "correctCount": 80,
        "startTime": 24,
        "songDuration": 112.776,
        "songNumber": 55,
        "activePlayerCount": 172,
        "LinkVideo": "https://files.catbox.moe/55m8qj.webm",
        "LinkMp3": "https://files.catbox.moe/8puogj.mp3"
    },
    {
        "animeEng": "How to keep a mummy",
        "animeRomaji": "Miira no Kaikata",
        "songName": "Fushigi na Tabi wa Tsuzuku no sa",
        "artist": "Tsuribitto",
        "type": "Opening 1",
        "correctCount": 37,
        "startTime": 50,
        "songDuration": 88.368,
        "songNumber": 56,
        "activePlayerCount": 170,
        "LinkVideo": "https://files.catbox.moe/djswlj.webm",
        "LinkMp3": "https://files.catbox.moe/ayqecv.mp3"
    },
    {
        "animeEng": "Di Gi Charat: Winter Garden",
        "animeRomaji": "Winter Garden",
        "songName": "Winter Garden",
        "artist": "Asami Sanada",
        "type": "Ending 1",
        "correctCount": 7,
        "startTime": 30,
        "songDuration": 127.56,
        "songNumber": 57,
        "activePlayerCount": 170,
        "LinkVideo": "https://files.catbox.moe/61zh7q.webm",
        "LinkMp3": "https://files.catbox.moe/hophva.mp3"
    },
    {
        "animeEng": "That Time I Got Reincarnated as a Slime",
        "animeRomaji": "Tensei Shitara Slime Datta Ken",
        "songName": "Nameless Story",
        "artist": "Takuma Terashima",
        "type": "Opening 1",
        "correctCount": 127,
        "startTime": 20,
        "songDuration": 89.782875,
        "songNumber": 58,
        "activePlayerCount": 170,
        "LinkVideo": "https://files.catbox.moe/pj6or3.webm",
        "LinkMp3": "https://files.catbox.moe/3x978e.mp3"
    },
    {
        "animeEng": "Date A Live",
        "animeRomaji": "Date A Live",
        "songName": "Date A Live",
        "artist": "sweet ARMS",
        "type": "Opening 1",
        "correctCount": 129,
        "startTime": 61,
        "songDuration": 101.76,
        "songNumber": 59,
        "activePlayerCount": 170,
        "LinkVideo": "https://files.catbox.moe/zy4d2d.webm",
        "LinkMp3": "https://files.catbox.moe/5ad18s.mp3"
    },
    {
        "animeEng": "Little Battlers eXperience W",
        "animeRomaji": "Danball Senki W",
        "songName": "Telepathy",
        "artist": "Little Blue boX",
        "type": "Opening 4",
        "correctCount": 5,
        "startTime": 2,
        "songDuration": 84.84,
        "songNumber": 60,
        "activePlayerCount": 170,
        "LinkVideo": "https://files.catbox.moe/ufvi4y.webm",
        "LinkMp3": "https://files.catbox.moe/pl00ng.mp3",
        "correctPlayers": [
            "oh95",
            "anstazz",
            "Zwegers",
            "klusty",
            "The_Daytona_500"
        ]
    },
    {
        "animeEng": "Saint Seiya: The Heated Battle of the Gods",
        "animeRomaji": "Saint Seiya: Kamigami no Atsuki Tatakai",
        "songName": "Pegasus Fantasy",
        "artist": "MAKE-UP",
        "type": "Opening 1",
        "correctCount": 137,
        "startTime": 14,
        "songDuration": 82.968,
        "songNumber": 61,
        "activePlayerCount": 170,
        "LinkVideo": "https://files.catbox.moe/w7t8yo.webm",
        "LinkMp3": "https://files.catbox.moe/pqfrcp.mp3"
    },
    {
        "animeEng": "Case Closed",
        "animeRomaji": "Meitantei Conan",
        "songName": "Mysterious",
        "artist": "Naifu",
        "type": "Opening 24",
        "correctCount": 33,
        "startTime": 31,
        "songDuration": 109.368,
        "songNumber": 62,
        "activePlayerCount": 170,
        "LinkVideo": "https://files.catbox.moe/6cbwnn.webm",
        "LinkMp3": "https://files.catbox.moe/ck20mc.mp3"
    },
    {
        "animeEng": "Mobile Suit Gundam",
        "animeRomaji": "Kid\u014d Senshi Gundam",
        "songName": "Tobe! Gundam",
        "artist": "Koh Ikeda",
        "type": "Opening 1",
        "correctCount": 105,
        "startTime": 54,
        "songDuration": 89.064,
        "songNumber": 63,
        "activePlayerCount": 171,
        "LinkVideo": "https://files.catbox.moe/7dyr7q.webm",
        "LinkMp3": "https://files.catbox.moe/aavikc.mp3"
    },
    {
        "animeEng": "Duel Masters!!",
        "animeRomaji": "Duel Masters!!",
        "songName": "Chouten Fever!",
        "artist": "Hayabusa",
        "type": "Opening 1",
        "correctCount": 5,
        "startTime": 39,
        "songDuration": 87.744,
        "songNumber": 64,
        "activePlayerCount": 171,
        "LinkVideo": "https://files.catbox.moe/hl1d0v.webm",
        "LinkMp3": "https://files.catbox.moe/4urul8.mp3",
        "correctPlayers": [
            "anonimus_opinion",
            "Kazso",
            "shadowpandax",
            "klusty",
            "watashiii"
        ]
    },
    {
        "animeEng": "K",
        "animeRomaji": "K",
        "songName": "Neko no Uta",
        "artist": "Mikako Komatsu",
        "type": "Insert Song",
        "correctCount": 17,
        "startTime": 10,
        "songDuration": 59.184,
        "songNumber": 65,
        "activePlayerCount": 171,
        "LinkVideo": "https://files.catbox.moe/duopu4.webm",
        "LinkMp3": "https://files.catbox.moe/wvfzyu.mp3"
    },
    {
        "animeEng": "Grand Blue",
        "animeRomaji": "Grand Blue",
        "songName": "Grand Blue",
        "artist": "Sh\u014dnan no Kaze",
        "type": "Opening 1",
        "correctCount": 145,
        "startTime": 33,
        "songDuration": 89.616,
        "songNumber": 66,
        "activePlayerCount": 171,
        "LinkVideo": "https://files.catbox.moe/5fc4ht.webm",
        "LinkMp3": "https://files.catbox.moe/8p0b0a.mp3"
    },
    {
        "animeEng": "Mobile Suit Gundam Narrative",
        "animeRomaji": "Kid\u014d Senshi Gundam NT",
        "songName": "Cage <NTv>",
        "artist": "SawanoHiroyuki[nZk]:Tielle",
        "type": "Insert Song",
        "correctCount": 7,
        "startTime": 165,
        "songDuration": 229.464,
        "songNumber": 67,
        "activePlayerCount": 171,
        "LinkVideo": "https://files.catbox.moe/mt9qf0.webm",
        "LinkMp3": "https://files.catbox.moe/89lqon.mp3"
    },
    {
        "animeEng": "Encouragement of Climb",
        "animeRomaji": "Yama no Susume",
        "songName": "Staccato Days",
        "artist": "Yuka Iguchi and Kana Asumi",
        "type": "Ending 1",
        "correctCount": 91,
        "startTime": 25,
        "songDuration": 73.056,
        "songNumber": 68,
        "activePlayerCount": 170,
        "LinkVideo": "https://files.catbox.moe/cjx65u.webm",
        "LinkMp3": "https://files.catbox.moe/r48jfs.mp3"
    },
    {
        "animeEng": "Aikatsu on Parade!",
        "animeRomaji": "Aikatsu on Parade!",
        "songName": "Idol Katsud\u014d!",
        "artist": "Waka\u30fbFuuri\u30fbSunao from STAR\u2606ANIS",
        "type": "Insert Song",
        "correctCount": 84,
        "startTime": 11,
        "songDuration": 81.528,
        "songNumber": 69,
        "activePlayerCount": 169,
        "LinkVideo": "https://files.catbox.moe/lw9xp8.webm",
        "LinkMp3": "https://files.catbox.moe/517lhk.mp3"
    },
    {
        "animeEng": "Hugtto! Precure",
        "animeRomaji": "Hugtto! Precure",
        "songName": "DANZEN! Futari wa Precure",
        "artist": "Mayumi Goj\u014d",
        "type": "Insert Song",
        "correctCount": 85,
        "startTime": 36,
        "songDuration": 207.648,
        "songNumber": 70,
        "activePlayerCount": 170,
        "LinkVideo": "https://files.catbox.moe/hf8tki.webm",
        "LinkMp3": "https://files.catbox.moe/fid3km.mp3"
    },
    {
        "animeEng": "The Legend of Heroes: Trails in the Sky",
        "animeRomaji": "Eiy\u016b Densetsu: Sora no Kiseki The Animation",
        "songName": "Harmonia",
        "artist": "ChouCho",
        "type": "Ending 1",
        "correctCount": 10,
        "startTime": 52,
        "songDuration": 86.307088,
        "songNumber": 71,
        "activePlayerCount": 170,
        "LinkVideo": "https://files.catbox.moe/5jaq0z.webm",
        "LinkMp3": "https://files.catbox.moe/yzsah6.mp3"
    },
    {
        "animeEng": "Haikyu!!",
        "animeRomaji": "Haikyu!!",
        "songName": "Imagination",
        "artist": "SPYAIR",
        "type": "Opening 1",
        "correctCount": 131,
        "startTime": 38,
        "songDuration": 88.944,
        "songNumber": 72,
        "activePlayerCount": 171,
        "LinkVideo": "https://files.catbox.moe/muea1a.webm",
        "LinkMp3": "https://files.catbox.moe/odm846.mp3"
    },
    {
        "animeEng": "My Three Daughters",
        "animeRomaji": "Uchi no 3 Shimai",
        "songName": "Shode! Shode! Dancing!",
        "artist": "Mayu Kud\u014d",
        "type": "Opening 1",
        "correctCount": 4,
        "startTime": 19,
        "songDuration": 90.303754,
        "songNumber": 73,
        "activePlayerCount": 171,
        "LinkVideo": "https://files.catbox.moe/3kezbg.webm",
        "LinkMp3": "https://files.catbox.moe/uzg5ks.mp3",
        "correctPlayers": [
            "Financier",
            "AquaHaze",
            "Kirivert",
            "BlitzKuon"
        ]
    },
    {
        "animeEng": "Full Metal Panic? Fumoffu",
        "animeRomaji": "Full Metal Panic? Fumoffu",
        "songName": "Sore ga, Ai Deshou",
        "artist": "Mikuni Shimokawa",
        "type": "Opening 1",
        "correctCount": 66,
        "startTime": 50,
        "songDuration": 89.448,
        "songNumber": 74,
        "activePlayerCount": 171,
        "LinkVideo": "https://files.catbox.moe/jg7mrt.webm",
        "LinkMp3": "https://files.catbox.moe/d4hzxc.mp3"
    },
    {
        "animeEng": "Gabriel DropOut",
        "animeRomaji": "Gabriel DropOut",
        "songName": "Gabriel Drop Kick",
        "artist": "Kana Hanazawa, Miyu Tomita, Naomi \u014czora, & Saori \u014cnishi",
        "type": "Opening 1",
        "correctCount": 155,
        "startTime": 42,
        "songDuration": 89.909875,
        "songNumber": 75,
        "activePlayerCount": 170,
        "LinkVideo": "https://files.catbox.moe/i3da26.webm",
        "LinkMp3": "https://files.catbox.moe/6dhe30.mp3"
    }
]