[
    {
        "animeEng": "Otherside Picnic",
        "animeRomaji": "Urasekai Picnic",
        "songName": "You & Me",
        "artist": "satomiki",
        "type": "Ending 1",
        "correctCount": 26,
        "startTime": 33,
        "songDuration": 89.4,
        "songNumber": 1,
        "activePlayerCount": 180,
        "LinkVideo": "https://files.catbox.moe/cjcjcs.webm",
        "LinkMp3": "https://files.catbox.moe/heb3uw.mp3",
        "annId": 23073
    },
    {
        "animeEng": "Gunsmith Cats",
        "animeRomaji": "Gunsmith Cats",
        "songName": "The Cats",
        "artist": "Peter Erskine",
        "type": "Ending 1",
        "correctCount": 11,
        "startTime": 67,
        "songDuration": 150.384,
        "songNumber": 2,
        "activePlayerCount": 178,
        "LinkVideo": "https://files.catbox.moe/5o9qsx.webm",
        "LinkMp3": "https://files.catbox.moe/mid69r.mp3",
        "annId": 156
    },
    {
        "animeEng": "Sailor Moon Crystal",
        "animeRomaji": "Bish\u014djo Senshi Sailor Moon Crystal",
        "songName": "MOON PRIDE!",
        "artist": "Momoiro Clover Z",
        "type": "Opening 1",
        "correctCount": 89,
        "startTime": 47,
        "songDuration": 87.48,
        "songNumber": 3,
        "activePlayerCount": 178,
        "LinkVideo": "https://files.catbox.moe/xtsqly.webm",
        "LinkMp3": "https://files.catbox.moe/ggzsvq.mp3",
        "annId": 16591
    },
    {
        "animeEng": "Crayon Shin-chan: Bakuhatsu! Onsen Wakuwaku Daikessen",
        "animeRomaji": "Crayon Shin-chan: Bakuhatsu! Onsen Wakuwaku Daikessen",
        "songName": "Ii Yu Dana",
        "artist": "Nohara Ikka & Wakuwaku Onsen '99",
        "type": "Ending 1",
        "correctCount": 3,
        "startTime": 50,
        "songDuration": 154.056,
        "songNumber": 4,
        "activePlayerCount": 177,
        "LinkVideo": "https://files.catbox.moe/ygnb3a.webm",
        "LinkMp3": "https://files.catbox.moe/fxdr0x.mp3",
        "annId": 6746,
        "correctPlayers": [
            "MyBaconIsOnFire",
            "revel_",
            "Hyorittai"
        ]
    },
    {
        "animeEng": "The Idaten Deities Know Only Peace",
        "animeRomaji": "Heion Sedai no Idaten-tachi",
        "songName": "Seija no Koushin",
        "artist": "Tatsuya Kitani",
        "type": "Opening 1",
        "correctCount": 34,
        "startTime": 58,
        "songDuration": 89.808,
        "songNumber": 5,
        "activePlayerCount": 177,
        "LinkVideo": "https://files.catbox.moe/gmnoki.webm",
        "LinkMp3": "https://files.catbox.moe/uz4g1e.mp3",
        "annId": 24400
    },
    {
        "animeEng": "Haikyu!! Movie Sain\u014d to Sense",
        "animeRomaji": "Haikyu!! Movie Sain\u014d to Sense",
        "songName": "I'm a Believer",
        "artist": "SPYAIR",
        "type": "Ending 1",
        "correctCount": 108,
        "startTime": 130,
        "songDuration": 212.016,
        "songNumber": 6,
        "activePlayerCount": 177,
        "LinkVideo": "https://files.catbox.moe/7hnvvc.webm",
        "LinkMp3": "https://files.catbox.moe/ubew1t.mp3",
        "annId": 19745
    },
    {
        "animeEng": "Mitsudomoe",
        "animeRomaji": "Mitsudomoe",
        "songName": "ABCyori DEFsu!!",
        "artist": "Satomi Akesaka",
        "type": "Insert Song",
        "correctCount": 7,
        "startTime": 58,
        "songDuration": 97.931378,
        "songNumber": 7,
        "activePlayerCount": 176,
        "LinkVideo": "https://files.catbox.moe/8s09fh.webm",
        "LinkMp3": "https://files.catbox.moe/u3q9ol.mp3",
        "annId": 11180
    },
    {
        "animeEng": "Your Lie in April",
        "animeRomaji": "KimiUso",
        "songName": "Orange (Acoustic Ver.)",
        "artist": "7!!",
        "type": "Ending 3",
        "correctCount": 90,
        "startTime": 37,
        "songDuration": 87.048,
        "songNumber": 8,
        "activePlayerCount": 176,
        "LinkVideo": "https://files.catbox.moe/5s1uop.webm",
        "LinkMp3": "https://files.catbox.moe/50y47n.mp3",
        "annId": 16108
    },
    {
        "animeEng": "Himitsu no Akko-chan",
        "animeRomaji": "Himitsu no Akko-chan",
        "songName": "Nippon Hare da yo! Akko-chan",
        "artist": "The Akko-chans",
        "type": "Ending 2",
        "correctCount": 1,
        "startTime": 39,
        "songDuration": 93.12,
        "songNumber": 9,
        "activePlayerCount": 177,
        "LinkVideo": "https://files.catbox.moe/f251y3.webm",
        "LinkMp3": "https://files.catbox.moe/ic6ozo.mp3",
        "annId": 2005,
        "correctPlayers": [
            "DannyKno"
        ]
    },
    {
        "animeEng": "Crayon Shin-chan: Arashi o Yobu! Yuuhi no Kasukabe Boys",
        "animeRomaji": "Crayon Shin-chan: Arashi o Yobu! Yuuhi no Kasukabe Boys",
        "songName": "\u25cbAgey\u014d",
        "artist": "NO PLAN",
        "type": "Ending 1",
        "correctCount": 0,
        "startTime": 93,
        "songDuration": 165.048,
        "songNumber": 10,
        "activePlayerCount": 177,
        "LinkVideo": "https://files.catbox.moe/wdyk29.webm",
        "LinkMp3": "https://files.catbox.moe/jx7odt.mp3",
        "annId": 4384
    },
    {
        "animeEng": "AFTERLOST",
        "animeRomaji": "Sh\u014dmetsu Toshi",
        "songName": "Kotae",
        "artist": "Mao Abe",
        "type": "Opening 1",
        "correctCount": 19,
        "startTime": 2,
        "songDuration": 89.184,
        "songNumber": 11,
        "activePlayerCount": 176,
        "LinkVideo": "https://files.catbox.moe/2calg1.webm",
        "LinkMp3": "https://files.catbox.moe/54ldbz.mp3",
        "annId": 21032
    },
    {
        "animeEng": "FLCL Alternative",
        "animeRomaji": "FLCL Alternative",
        "songName": "Freebee Honey (Fool on cool version)",
        "artist": "the pillows",
        "type": "Insert Song",
        "correctCount": 19,
        "startTime": 46,
        "songDuration": 183.96,
        "songNumber": 12,
        "activePlayerCount": 175,
        "LinkVideo": "https://files.catbox.moe/y5k97a.webm",
        "LinkMp3": "https://files.catbox.moe/wfo3p1.mp3",
        "annId": 20792
    },
    {
        "animeEng": "Puella Magi Madoka Magica The Movie Part 3: Rebellion",
        "animeRomaji": "Gekij\u014dban Mah\u014d Sh\u014djo Madoka\u2605Magica Shinpen: Hangyaku no Monogatari",
        "songName": "Mada dame yo",
        "artist": "FictionJunction ASUKA",
        "type": "Insert Song",
        "correctCount": 60,
        "startTime": 9,
        "songDuration": 50.856,
        "songNumber": 13,
        "activePlayerCount": 176,
        "LinkVideo": "https://files.catbox.moe/6mqtd5.webm",
        "LinkMp3": "https://files.catbox.moe/1cfrmy.mp3",
        "annId": 14850
    },
    {
        "animeEng": "Hoop Days",
        "animeRomaji": "Dear Boys",
        "songName": "GREAT BALLS OF FIRE",
        "artist": "POWERFUL T.",
        "type": "Insert Song",
        "correctCount": 10,
        "startTime": 87,
        "songDuration": 133.248,
        "songNumber": 14,
        "activePlayerCount": 176,
        "LinkVideo": "https://files.catbox.moe/9aa4lr.webm",
        "LinkMp3": "https://files.catbox.moe/vuy87b.mp3",
        "annId": 2467
    },
    {
        "animeEng": "Gegege no Kitar\u014d",
        "animeRomaji": "Gegege no Kitar\u014d",
        "songName": "Obake ga Ikuzo",
        "artist": "Ikuzo Yoshi",
        "type": "Ending 1",
        "correctCount": 164,
        "startTime": 26,
        "songDuration": 64.776,
        "songNumber": 15,
        "activePlayerCount": 176,
        "LinkVideo": "https://files.catbox.moe/4rijfr.webm",
        "LinkMp3": "https://files.catbox.moe/4ui4sb.mp3",
        "annId": 3666
    },
    {
        "animeEng": "Fate/stay night: Heaven's Feel I. presage flower",
        "animeRomaji": "Fate/stay night: Heaven's Feel I. presage flower",
        "songName": "the flower will bloom",
        "artist": "Yuri Kasahara",
        "type": "Opening 1",
        "correctCount": 61,
        "startTime": 135,
        "songDuration": 193.248,
        "songNumber": 16,
        "activePlayerCount": 175,
        "LinkVideo": "https://files.catbox.moe/eqo2vh.webm",
        "LinkMp3": "https://files.catbox.moe/s90adh.mp3",
        "annId": 16166
    },
    {
        "animeEng": "Wakaba*Girl",
        "animeRomaji": "Wakaba*Girl",
        "songName": "Hajimete Girls!",
        "artist": "Ichinen Fuji-gumi",
        "type": "Opening 2",
        "correctCount": 63,
        "startTime": 35,
        "songDuration": 88.536,
        "songNumber": 17,
        "activePlayerCount": 175,
        "LinkVideo": "https://files.catbox.moe/x2aui0.webm",
        "LinkMp3": "https://files.catbox.moe/4w4f8k.mp3",
        "annId": 16870
    },
    {
        "animeEng": "DRAGON PILOT: Hisone & Masotan",
        "animeRomaji": "Hisone to Masotan",
        "songName": "Sh\u014djo wa Ano Sora o Wataru",
        "artist": "Riko Fukumoto",
        "type": "Opening 1",
        "correctCount": 30,
        "startTime": 50,
        "songDuration": 90.552,
        "songNumber": 18,
        "activePlayerCount": 175,
        "LinkVideo": "https://files.catbox.moe/7z1jk3.webm",
        "LinkMp3": "https://files.catbox.moe/tbvpyf.mp3",
        "annId": 20625
    },
    {
        "animeEng": "The IDOLM@STER",
        "animeRomaji": "The IDOLM@STER",
        "songName": "READY!!&CHANGE!!!! SPECIAL EDITION",
        "artist": "765PRO ALLSTARS",
        "type": "Insert Song",
        "correctCount": 41,
        "startTime": 36,
        "songDuration": 141.888,
        "songNumber": 19,
        "activePlayerCount": 175,
        "LinkVideo": "https://files.catbox.moe/67i7gt.webm",
        "LinkMp3": "https://files.catbox.moe/bxod3m.mp3",
        "annId": 12436
    },
    {
        "animeEng": "The Four Seasons",
        "animeRomaji": "The Four Seasons",
        "songName": "Harukaze",
        "artist": "Shibuya",
        "type": "Ending 1",
        "correctCount": 4,
        "startTime": 14,
        "songDuration": 45.06045,
        "songNumber": 20,
        "activePlayerCount": 175,
        "LinkVideo": "https://files.catbox.moe/8qzyvp.webm",
        "LinkMp3": "https://files.catbox.moe/aels7s.mp3",
        "annId": 14182,
        "correctPlayers": [
            "ranny",
            "touhoubanzai",
            "Catisam",
            "Stunar"
        ]
    },
    {
        "animeEng": "Dream Festival!",
        "animeRomaji": "DreFes!!!!!!",
        "songName": "PLEASURE FLAG",
        "artist": "DearDream",
        "type": "Opening 1",
        "correctCount": 6,
        "startTime": 48,
        "songDuration": 87.456,
        "songNumber": 21,
        "activePlayerCount": 174,
        "LinkVideo": "https://files.catbox.moe/osn9b5.webm",
        "LinkMp3": "https://files.catbox.moe/fsx51d.mp3",
        "annId": 18665
    },
    {
        "animeEng": "Project A-Ko",
        "animeRomaji": "Project A-Ko",
        "songName": "Follow Your Dream",
        "artist": "Valerie Stevenson",
        "type": "Ending 1",
        "correctCount": 9,
        "startTime": 37,
        "songDuration": 250.344,
        "songNumber": 22,
        "activePlayerCount": 174,
        "LinkVideo": "https://files.catbox.moe/mkgxgo.webm",
        "LinkMp3": "https://files.catbox.moe/bgh4xh.mp3",
        "annId": 61
    },
    {
        "animeEng": "One Piece 3D2Y: Overcome Ace\u2019s Death! Luffy\u2019s Vow to his Friends",
        "animeRomaji": "One Piece \"3D2Y\" Ace no Shi o Koete! Luffy Nakama to no Chikai",
        "songName": "Next Stage",
        "artist": "AAA",
        "type": "Ending 1",
        "correctCount": 4,
        "startTime": 30,
        "songDuration": 88.056,
        "songNumber": 23,
        "activePlayerCount": 173,
        "LinkVideo": "https://files.catbox.moe/v22zg6.webm",
        "LinkMp3": "https://files.catbox.moe/zk8p85.mp3",
        "annId": 16232,
        "correctPlayers": [
            "RulessR",
            "watashiii",
            "IzumiSakai",
            "Vikacocoa"
        ]
    },
    {
        "animeEng": "MapleStory",
        "animeRomaji": "MapleStory",
        "songName": "Scratch On The Heart",
        "artist": "Younha",
        "type": "Opening 1",
        "correctCount": 19,
        "startTime": 59,
        "songDuration": 88.848,
        "songNumber": 24,
        "activePlayerCount": 173,
        "LinkVideo": "https://files.catbox.moe/vpulvc.webm",
        "LinkMp3": "https://files.catbox.moe/07gcvk.mp3",
        "annId": 8553
    },
    {
        "animeEng": "Lord Marksman and Vanadis",
        "animeRomaji": "Madan no \u014c to Vanadis",
        "songName": "Ginsen no Kaze",
        "artist": "Konomi Suzuki",
        "type": "Opening 1",
        "correctCount": 73,
        "startTime": 28,
        "songDuration": 89.232,
        "songNumber": 25,
        "activePlayerCount": 173,
        "LinkVideo": "https://files.catbox.moe/5vn0yz.webm",
        "LinkMp3": "https://files.catbox.moe/d1clkd.mp3",
        "annId": 16170
    },
    {
        "animeEng": "Hell Target",
        "animeRomaji": "Hell Target",
        "songName": "Saraba Itoshiki Hito yo ~Adios Amor~",
        "artist": "Rosa Bianca",
        "type": "Ending 1",
        "correctCount": 8,
        "startTime": 218,
        "songDuration": 273.048,
        "songNumber": 26,
        "activePlayerCount": 172,
        "LinkVideo": "https://files.catbox.moe/aq362s.webm",
        "LinkMp3": "https://files.catbox.moe/p2066x.mp3",
        "annId": 22504
    },
    {
        "animeEng": "NAKAIMO: My Little Sister Is Among Them!",
        "animeRomaji": "Kono Naka ni Hitori, Im\u014dto ga Iru!",
        "songName": "Choose me Darling",
        "artist": "StylipS",
        "type": "Opening 1",
        "correctCount": 53,
        "startTime": 7,
        "songDuration": 89.184,
        "songNumber": 27,
        "activePlayerCount": 172,
        "LinkVideo": "https://files.catbox.moe/gq491q.webm",
        "LinkMp3": "https://files.catbox.moe/h9i2sz.mp3",
        "annId": 14812
    },
    {
        "animeEng": "The iDOLM@STER SideM",
        "animeRomaji": "The iDOLM@STER SideM",
        "songName": "GLORIOUS RO@D",
        "artist": "315 STARS",
        "type": "Insert Song",
        "correctCount": 9,
        "startTime": 20,
        "songDuration": 105.912,
        "songNumber": 28,
        "activePlayerCount": 171,
        "LinkVideo": "https://files.catbox.moe/oe4avx.webm",
        "LinkMp3": "https://files.catbox.moe/hqtual.mp3",
        "annId": 19884
    },
    {
        "animeEng": ".hack//Roots",
        "animeRomaji": ".hack//Roots",
        "songName": "Junkyousha no Yubi",
        "artist": "ALI PROJECT",
        "type": "Insert Song",
        "correctCount": 3,
        "startTime": 162,
        "songDuration": 256.282942,
        "songNumber": 29,
        "activePlayerCount": 171,
        "LinkVideo": "https://files.catbox.moe/56k6hs.webm",
        "LinkMp3": "https://files.catbox.moe/qc83m0.mp3",
        "annId": 6248,
        "correctPlayers": [
            "YoshiNuber",
            "TheOnlyOne",
            "goldenpanic"
        ]
    },
    {
        "animeEng": "Prison School",
        "animeRomaji": "Prison School",
        "songName": "Tsumibukaki Oretachi no Sanka",
        "artist": "Kangoku Danshi",
        "type": "Ending 1",
        "correctCount": 77,
        "startTime": 49,
        "songDuration": 90.072,
        "songNumber": 30,
        "activePlayerCount": 170,
        "LinkVideo": "https://files.catbox.moe/o6fzg2.webm",
        "LinkMp3": "https://files.catbox.moe/q6dv42.mp3",
        "annId": 16838
    },
    {
        "animeEng": "Arjuna",
        "animeRomaji": "Chikyuu Sh\u014djo Arjuna",
        "songName": "Early Bird",
        "artist": "Chinatsu Yamamoto",
        "type": "Ending 6",
        "correctCount": 0,
        "startTime": 38,
        "songDuration": 73.656,
        "songNumber": 31,
        "activePlayerCount": 171,
        "LinkVideo": "https://files.catbox.moe/49l1ze.webm",
        "LinkMp3": "https://files.catbox.moe/2qpg79.mp3",
        "annId": 602
    },
    {
        "animeEng": "Haikyu!!",
        "animeRomaji": "Haikyu!!",
        "songName": "Ah Yeah!!",
        "artist": "Sukima Switch",
        "type": "Opening 2",
        "correctCount": 104,
        "startTime": 13,
        "songDuration": 89.568,
        "songNumber": 32,
        "activePlayerCount": 171,
        "LinkVideo": "https://files.catbox.moe/o8puqg.webm",
        "LinkMp3": "https://files.catbox.moe/udif74.mp3",
        "annId": 15683
    },
    {
        "animeEng": "Saint Seiya: The Lost Canvas",
        "animeRomaji": "Saint Seiya: The Lost Canvas - Mei\u014d Shinwa",
        "songName": "Hana no Kusari",
        "artist": "Maki Ikuno with Marina del Ray",
        "type": "Ending 1",
        "correctCount": 8,
        "startTime": 10,
        "songDuration": 90.014,
        "songNumber": 33,
        "activePlayerCount": 170,
        "LinkVideo": "https://files.catbox.moe/2f3cam.webm",
        "annId": 10547
    },
    {
        "animeEng": "Super Lovers",
        "animeRomaji": "Super Lovers",
        "songName": "Happiness YOU&ME",
        "artist": "Tomoaki Maeno & Takuma Terashima",
        "type": "Ending 6",
        "correctCount": 13,
        "startTime": 57,
        "songDuration": 88.344,
        "songNumber": 34,
        "activePlayerCount": 171,
        "LinkVideo": "https://files.catbox.moe/yu1sgb.webm",
        "LinkMp3": "https://files.catbox.moe/niii8n.mp3",
        "annId": 17681
    },
    {
        "animeEng": "Danganronpa The Animation",
        "animeRomaji": "Danganronpa Kib\u014d no Gakuen to Zetsub\u014d no K\u014dk\u014dsei The Animation",
        "songName": "Negaigoto Ensemble",
        "artist": "Makiko Ohmoto",
        "type": "Insert Song",
        "correctCount": 58,
        "startTime": 1,
        "songDuration": 39.072,
        "songNumber": 35,
        "activePlayerCount": 171,
        "LinkVideo": "https://files.catbox.moe/a4a20r.webm",
        "LinkMp3": "https://files.catbox.moe/vdos3o.mp3",
        "annId": 14960
    },
    {
        "animeEng": "Revolutionary Girl Utena",
        "animeRomaji": "Sh\u014djo Kakumei Utena",
        "songName": "Ensuikei Zettairan Arushibura",
        "artist": "Suginami Jidou Gasshou-dan, Maki Kamiya, Kunihiko Ikuhara, Shinkichi Mitsumune, Toshimichi Otsuki, Shingo Kaneko",
        "type": "Insert Song",
        "correctCount": 64,
        "startTime": 60,
        "songDuration": 92.52,
        "songNumber": 36,
        "activePlayerCount": 170,
        "LinkVideo": "https://files.catbox.moe/t6e3lr.webm",
        "LinkMp3": "https://files.catbox.moe/p64u8r.mp3",
        "annId": 207
    },
    {
        "animeEng": "Chikatetsu ni Noru",
        "animeRomaji": "Chikatetsu ni Noru",
        "songName": "Natsu wa Maboroshi",
        "artist": "Harumi Ooki",
        "type": "Insert Song",
        "correctCount": 5,
        "startTime": 4,
        "songDuration": 70.104,
        "songNumber": 37,
        "activePlayerCount": 169,
        "LinkVideo": "https://files.catbox.moe/pyruaj.webm",
        "LinkMp3": "https://files.catbox.moe/rbw38m.mp3",
        "annId": 23178,
        "correctPlayers": [
            "watashiii",
            "90s",
            "revel_",
            "shadowpandax",
            "yotsuyaiba"
        ]
    },
    {
        "animeEng": "Please! Psammea-don",
        "animeRomaji": "Onegai! Samia Don",
        "songName": "Toki wa Fantasy",
        "artist": "Yoko Nagayama",
        "type": "Opening 1",
        "correctCount": 2,
        "startTime": 23,
        "songDuration": 89.064,
        "songNumber": 38,
        "activePlayerCount": 169,
        "LinkVideo": "https://files.catbox.moe/2xriso.webm",
        "LinkMp3": "https://files.catbox.moe/df9vin.mp3",
        "annId": 1427,
        "correctPlayers": [
            "watashiii",
            "Catisam"
        ]
    },
    {
        "animeEng": "Wicked City",
        "animeRomaji": "Y\u014djuu Toshi",
        "songName": "HOLD ME IN THE SHADOW",
        "artist": "Hitomi T\u014dyama",
        "type": "Ending 1",
        "correctCount": 9,
        "startTime": 113,
        "songDuration": 163.008,
        "songNumber": 39,
        "activePlayerCount": 170,
        "LinkVideo": "https://files.catbox.moe/gjruxw.webm",
        "LinkMp3": "https://files.catbox.moe/vtd4k6.mp3",
        "annId": 959
    },
    {
        "animeEng": "Pok\u00e9mon the Movie: Diancie and the Cocoon of Destruction",
        "animeRomaji": "Gekij\u014dban Pocket Monsters XY: Hakai no Mayu to Diancie",
        "songName": "Mega V (Volt)",
        "artist": "Yusuke",
        "type": "Opening 1",
        "correctCount": 117,
        "startTime": 108,
        "songDuration": 151.848,
        "songNumber": 40,
        "activePlayerCount": 170,
        "LinkVideo": "https://files.catbox.moe/tcv8cy.webm",
        "LinkMp3": "https://files.catbox.moe/0z164e.mp3",
        "annId": 15765
    },
    {
        "animeEng": "Your Lie in April: Moments",
        "animeRomaji": "Shigatsu wa Kimi no Uso: Moments",
        "songName": "Kirameki",
        "artist": "wacci",
        "type": "Ending 1",
        "correctCount": 94,
        "startTime": 44,
        "songDuration": 85.344,
        "songNumber": 41,
        "activePlayerCount": 170,
        "LinkVideo": "https://files.catbox.moe/gumw14.webm",
        "LinkMp3": "https://files.catbox.moe/n8jd2a.mp3",
        "annId": 21943
    },
    {
        "animeEng": "Kimi ni Todoke - From Me to You",
        "animeRomaji": "Kimi ni Todoke",
        "songName": "Kataomoi",
        "artist": "Chara",
        "type": "Ending 1",
        "correctCount": 51,
        "startTime": 16,
        "songDuration": 66.576,
        "songNumber": 42,
        "activePlayerCount": 168,
        "LinkVideo": "https://files.catbox.moe/ts5u6p.webm",
        "LinkMp3": "https://files.catbox.moe/wcyw0b.mp3",
        "annId": 10625
    },
    {
        "animeEng": "BURN THE WITCH",
        "animeRomaji": "BURN THE WITCH",
        "songName": "Blowing",
        "artist": "NiL",
        "type": "Ending 1",
        "correctCount": 82,
        "startTime": 30,
        "songDuration": 88.896,
        "songNumber": 43,
        "activePlayerCount": 168,
        "LinkVideo": "https://files.catbox.moe/7r3cpl.webm",
        "LinkMp3": "https://files.catbox.moe/w7l1oq.mp3",
        "annId": 23124
    },
    {
        "animeEng": "Two Car",
        "animeRomaji": "Two Car",
        "songName": "Angelica Wind",
        "artist": "Void_Chords ft. Aimi Tanaka & Aoi Koga",
        "type": "Ending 1",
        "correctCount": 7,
        "startTime": 55,
        "songDuration": 88.968,
        "songNumber": 44,
        "activePlayerCount": 168,
        "LinkVideo": "https://files.catbox.moe/czqu7i.webm",
        "LinkMp3": "https://files.catbox.moe/no8yjq.mp3",
        "annId": 19974
    },
    {
        "animeEng": "Digimon Xros Wars: Toki o Kakeru Sh\u014dnen Hunter-tachi",
        "animeRomaji": "Digimon Xros Wars: Toki o Kakeru Sh\u014dnen Hunter-tachi",
        "songName": "WE ARE Xros Heart! Ver.X7",
        "artist": "Kouji Wada & Takayoshi Tanimoto & Ayumi Miyazaki",
        "type": "Insert Song",
        "correctCount": 52,
        "startTime": 43,
        "songDuration": 102.072,
        "songNumber": 45,
        "activePlayerCount": 168,
        "LinkVideo": "https://files.catbox.moe/ag9qnx.webm",
        "LinkMp3": "https://files.catbox.moe/ns1xos.mp3",
        "annId": 13419
    },
    {
        "animeEng": "New Game!",
        "animeRomaji": "New Game!",
        "songName": "Haru-iro Runway",
        "artist": "Y\u016bki Takada",
        "type": "Insert Song",
        "correctCount": 18,
        "startTime": 13,
        "songDuration": 64.776,
        "songNumber": 46,
        "activePlayerCount": 168,
        "LinkVideo": "https://files.catbox.moe/zivhlk.webm",
        "LinkMp3": "https://files.catbox.moe/uw4zob.mp3",
        "annId": 21896
    },
    {
        "animeEng": "Sailor Moon",
        "animeRomaji": "Bish\u014djo Senshi Sailor Moon",
        "songName": "Maboroshi no Gunzuish\u014d ~Silver Crystal",
        "artist": "Apple Pie",
        "type": "Insert Song",
        "correctCount": 3,
        "startTime": 45,
        "songDuration": 134.293202,
        "songNumber": 47,
        "activePlayerCount": 168,
        "LinkVideo": "https://files.catbox.moe/hxkfwu.webm",
        "LinkMp3": "https://files.catbox.moe/yv7vqu.mp3",
        "annId": 363,
        "correctPlayers": [
            "ROGZA",
            "revel_",
            "VineRosy"
        ]
    },
    {
        "animeEng": "Beelzebub",
        "animeRomaji": "Beelzebub",
        "songName": "Papepipu\u266a Papipepu\u266a Papepipupo\u266a",
        "artist": "Nozomi Sasaki",
        "type": "Ending 4",
        "correctCount": 41,
        "startTime": 8,
        "songDuration": 89.352,
        "songNumber": 48,
        "activePlayerCount": 168,
        "LinkVideo": "https://files.catbox.moe/t8zcbt.webm",
        "LinkMp3": "https://files.catbox.moe/hlwon3.mp3",
        "annId": 11858
    },
    {
        "animeEng": "Teasing Master Takagi-san",
        "animeRomaji": "Karakai J\u014dzu no Takagi-san",
        "songName": "Kimagure Romantic",
        "artist": "Rie Takahashi",
        "type": "Ending 1",
        "correctCount": 53,
        "startTime": 56,
        "songDuration": 88.56,
        "songNumber": 49,
        "activePlayerCount": 168,
        "LinkVideo": "https://files.catbox.moe/8ico4w.webm",
        "LinkMp3": "https://files.catbox.moe/6i6bx9.mp3",
        "annId": 20176
    },
    {
        "animeEng": "Toriko 3D: Kaimaku Gourmet Adventure!!",
        "animeRomaji": "Toriko 3D: Kaimaku Gourmet Adventure!!",
        "songName": "The Sharing Song ~Toriko no Theme~",
        "artist": "Tokyo Ska Paradise Orchestra",
        "type": "Ending 1",
        "correctCount": 6,
        "startTime": 57,
        "songDuration": 88.8,
        "songNumber": 50,
        "activePlayerCount": 168,
        "LinkVideo": "https://files.catbox.moe/kaesxr.webm",
        "LinkMp3": "https://files.catbox.moe/anx9l8.mp3",
        "annId": 12042
    },
    {
        "animeEng": "Case Closed",
        "animeRomaji": "Meitantei Conan",
        "songName": "Koi wa Thrill, Shock, Suspense",
        "artist": "Rina Aiuchi",
        "type": "Opening 8",
        "correctCount": 52,
        "startTime": 0,
        "songDuration": 108.552,
        "songNumber": 51,
        "activePlayerCount": 167,
        "LinkVideo": "https://files.catbox.moe/4meq6f.webm",
        "LinkMp3": "https://files.catbox.moe/2r9qaq.mp3",
        "annId": 454
    },
    {
        "animeEng": "Shadows House",
        "animeRomaji": "Shadows House",
        "songName": "Nainai",
        "artist": "ReoNa",
        "type": "Ending 1",
        "correctCount": 96,
        "startTime": 42,
        "songDuration": 88.896,
        "songNumber": 52,
        "activePlayerCount": 167,
        "LinkVideo": "https://files.catbox.moe/ljuywp.webm",
        "LinkMp3": "https://files.catbox.moe/h3oyx4.mp3",
        "annId": 23751
    },
    {
        "animeEng": "Nichijou: My Ordinary Life",
        "animeRomaji": "Nichij\u014d",
        "songName": "Green Green",
        "artist": "Sayaka Sasaki",
        "type": "Ending 8",
        "correctCount": 64,
        "startTime": 49,
        "songDuration": 89.256,
        "songNumber": 53,
        "activePlayerCount": 167,
        "LinkVideo": "https://files.catbox.moe/9i78sb.webm",
        "LinkMp3": "https://files.catbox.moe/j26l7o.mp3",
        "annId": 12142
    },
    {
        "animeEng": "Code:Breaker",
        "animeRomaji": "Code:Breaker",
        "songName": "DARK SHAME",
        "artist": "GRANRODEO",
        "type": "Opening 1",
        "correctCount": 70,
        "startTime": 21,
        "songDuration": 88.248,
        "songNumber": 54,
        "activePlayerCount": 167,
        "LinkVideo": "https://files.catbox.moe/fy6qpy.webm",
        "LinkMp3": "https://files.catbox.moe/fpenu0.mp3",
        "annId": 13618
    },
    {
        "animeEng": "Aikatsu Stars!",
        "animeRomaji": "Aikatsu Stars!",
        "songName": "Aikatsu\u2606Step!",
        "artist": "Sena\u30fbRie\u30fbMiki\u30fbKana from AIKATSU\u2606STARS!",
        "type": "Insert Song",
        "correctCount": 33,
        "startTime": 103,
        "songDuration": 177.912,
        "songNumber": 55,
        "activePlayerCount": 166,
        "LinkVideo": "https://files.catbox.moe/3n070b.webm",
        "LinkMp3": "https://files.catbox.moe/rq7s69.mp3",
        "annId": 18547
    },
    {
        "animeEng": "Teekyuu",
        "animeRomaji": "Teekyuu",
        "songName": "Qunka!",
        "artist": "Kana Hanazawa",
        "type": "Opening 1",
        "correctCount": 109,
        "startTime": 0,
        "songDuration": 29.76,
        "songNumber": 56,
        "activePlayerCount": 165,
        "LinkVideo": "https://files.catbox.moe/h94x1s.webm",
        "LinkMp3": "https://files.catbox.moe/ufuwjb.mp3",
        "annId": 16926
    },
    {
        "animeEng": "UFO Ultramaiden Valkyrie 2: December Nocturne",
        "animeRomaji": "UFO Princess Walk\u00fcre: Juunigatsu no Yas\u014dkyoku",
        "songName": "Shining",
        "artist": "Mayumi Iizuka",
        "type": "Insert Song",
        "correctCount": 2,
        "startTime": 12,
        "songDuration": 48.12,
        "songNumber": 57,
        "activePlayerCount": 165,
        "LinkVideo": "https://files.catbox.moe/oldjb5.webm",
        "LinkMp3": "https://files.catbox.moe/efyaka.mp3",
        "annId": 3132,
        "correctPlayers": [
            "towana",
            "watashiii"
        ]
    },
    {
        "animeEng": "Tokyo Godfathers",
        "animeRomaji": "Tokyo Godfathers",
        "songName": "Mauvais Garcon",
        "artist": "Yoshiaki Umegaki",
        "type": "Insert Song",
        "correctCount": 15,
        "startTime": 35,
        "songDuration": 69.797984,
        "songNumber": 58,
        "activePlayerCount": 165,
        "LinkVideo": "https://files.catbox.moe/m0kalq.webm",
        "LinkMp3": "https://files.catbox.moe/04yxgl.mp3",
        "annId": 2018
    },
    {
        "animeEng": "Evangelion: 1.11 You Are (Not) Alone",
        "animeRomaji": "Evangelion: 1.11 You Are (Not) Alone",
        "songName": "Beautiful World",
        "artist": "Hikaru Utada",
        "type": "Ending 1",
        "correctCount": 35,
        "startTime": 233,
        "songDuration": 296.376,
        "songNumber": 59,
        "activePlayerCount": 166,
        "LinkVideo": "https://files.catbox.moe/6e81wt.webm",
        "LinkMp3": "https://files.catbox.moe/7q5el2.mp3",
        "annId": 8420
    },
    {
        "animeEng": ".hack//Intermezzo",
        "animeRomaji": ".hack//Intermezzo",
        "songName": "Yasashii Yoake",
        "artist": "See-Saw",
        "type": "Ending 1",
        "correctCount": 77,
        "startTime": 4,
        "songDuration": 88.56,
        "songNumber": 60,
        "activePlayerCount": 166,
        "LinkVideo": "https://files.catbox.moe/rgfgad.webm",
        "LinkMp3": "https://files.catbox.moe/hy6npj.mp3",
        "annId": 3532
    },
    {
        "animeEng": "Pupa",
        "animeRomaji": "Pupa",
        "songName": "Dare yori Suki na no ni",
        "artist": "Kusuma San Shimai",
        "type": "Ending 1",
        "correctCount": 49,
        "startTime": 0,
        "songDuration": 28.896,
        "songNumber": 61,
        "activePlayerCount": 166,
        "LinkVideo": "https://files.catbox.moe/lbxasi.webm",
        "LinkMp3": "https://files.catbox.moe/i3bitc.mp3",
        "annId": 15248
    },
    {
        "animeEng": "Cardfight!! Vanguard G GIRS Crisis-hen",
        "animeRomaji": "Cardfight!! Vanguard G GIRS Crisis-hen",
        "songName": "YAIBA",
        "artist": "BREAKERZ",
        "type": "Opening 1",
        "correctCount": 7,
        "startTime": 60,
        "songDuration": 89.424,
        "songNumber": 62,
        "activePlayerCount": 165,
        "LinkVideo": "https://files.catbox.moe/2hwpgn.webm",
        "LinkMp3": "https://files.catbox.moe/ti9skb.mp3",
        "annId": 17600
    },
    {
        "animeEng": "Code Geass: Lelouch of the Rebellion R2",
        "animeRomaji": "Code Geass: Hangyaku no Lelouch R2",
        "songName": "O2",
        "artist": "ORANGE RANGE",
        "type": "Opening 1",
        "correctCount": 94,
        "startTime": 4,
        "songDuration": 88.55358,
        "songNumber": 63,
        "activePlayerCount": 165,
        "LinkVideo": "https://files.catbox.moe/c6vhnz.webm",
        "LinkMp3": "https://files.catbox.moe/fi44mn.mp3",
        "annId": 9173
    },
    {
        "animeEng": "Sonny Boy",
        "animeRomaji": "Sonny Boy",
        "songName": "Shounen Shoujo",
        "artist": "Ging Nang BOYZ",
        "type": "Ending 1",
        "correctCount": 35,
        "startTime": 27,
        "songDuration": 87.936,
        "songNumber": 64,
        "activePlayerCount": 165,
        "LinkVideo": "https://files.catbox.moe/ollhgs.webm",
        "LinkMp3": "https://files.catbox.moe/vhqmcx.mp3",
        "annId": 24346
    },
    {
        "animeEng": "Seitokai Yakuindomo Movie 2",
        "animeRomaji": "Seitokai Yakuindomo Movie 2",
        "songName": "Hana Saku\u2606Saikyou Legend Days",
        "artist": "Triple Booking",
        "type": "Opening 1",
        "correctCount": 63,
        "startTime": 7,
        "songDuration": 87.456,
        "songNumber": 65,
        "activePlayerCount": 165,
        "LinkVideo": "https://files.catbox.moe/gohdbw.webm",
        "LinkMp3": "https://files.catbox.moe/qh2q2d.mp3",
        "annId": 23501
    },
    {
        "animeEng": "The Ryuo's Work is Never Done!",
        "animeRomaji": "Ryuu\u014d no Oshigoto!",
        "songName": "Kore Kara",
        "artist": "Machico",
        "type": "Opening 1",
        "correctCount": 63,
        "startTime": 34,
        "songDuration": 87.816,
        "songNumber": 66,
        "activePlayerCount": 166,
        "LinkVideo": "https://files.catbox.moe/vrpmuf.webm",
        "LinkMp3": "https://files.catbox.moe/wzdbhd.mp3",
        "annId": 19872
    },
    {
        "animeEng": "The 8th son? Are you kidding me?",
        "animeRomaji": "Hachi-nan tte, Sore wa Nai Desh\u014d!",
        "songName": "Jik\u016b no Mayoibito",
        "artist": "Demon Kakka\u00d7Arika Takarano (ALI PROJECT)",
        "type": "Opening 1",
        "correctCount": 67,
        "startTime": 0,
        "songDuration": 86.976,
        "songNumber": 67,
        "activePlayerCount": 165,
        "LinkVideo": "https://files.catbox.moe/2t1pzu.webm",
        "LinkMp3": "https://files.catbox.moe/8jrtn4.mp3",
        "annId": 22285
    },
    {
        "animeEng": "Kemono Friends",
        "animeRomaji": "Kemono Friends",
        "songName": "Oozora Dreamer",
        "artist": "PPP",
        "type": "Insert Song",
        "correctCount": 31,
        "startTime": 18,
        "songDuration": 88.08,
        "songNumber": 68,
        "activePlayerCount": 166,
        "LinkVideo": "https://files.catbox.moe/r5eu11.webm",
        "LinkMp3": "https://files.catbox.moe/6y7g48.mp3",
        "annId": 18799
    },
    {
        "animeEng": "Magic User's Club!",
        "animeRomaji": "Mah\u014dtsukai Tai!",
        "songName": "Senobi wo Shite Follow You",
        "artist": "Mah\u014d Tsukai-tai",
        "type": "Opening 1",
        "correctCount": 10,
        "startTime": 20,
        "songDuration": 95.208,
        "songNumber": 69,
        "activePlayerCount": 166,
        "LinkVideo": "https://files.catbox.moe/weh9g1.webm",
        "LinkMp3": "https://files.catbox.moe/zrqo89.mp3",
        "annId": 345
    },
    {
        "animeEng": "Baby Steps",
        "animeRomaji": "Baby Steps",
        "songName": "Believe in yourself",
        "artist": "Mao Abe",
        "type": "Opening 1",
        "correctCount": 99,
        "startTime": 33,
        "songDuration": 87.528,
        "songNumber": 70,
        "activePlayerCount": 166,
        "LinkVideo": "https://files.catbox.moe/cis2hm.webm",
        "LinkMp3": "https://files.catbox.moe/hz5fcp.mp3",
        "annId": 16309
    },
    {
        "animeEng": "Sue Cat",
        "animeRomaji": "Sue Cat",
        "songName": "Yumemiru Sue Cat",
        "artist": "Yayoi Tsuruoka",
        "type": "Opening 1",
        "correctCount": 13,
        "startTime": 38,
        "songDuration": 118.728,
        "songNumber": 71,
        "activePlayerCount": 166,
        "LinkVideo": "https://files.catbox.moe/vugb5g.webm",
        "LinkMp3": "https://files.catbox.moe/xy35s8.mp3",
        "annId": 1435
    },
    {
        "animeEng": "The Prince of Tennis: The National Tournament Semifinals",
        "animeRomaji": "Tennis no \u014cji-sama: Zenkoku Taikai-hen Semifinal",
        "songName": "Koi no Gekidasa Ecstasy!",
        "artist": "Tachikiri-tai",
        "type": "Opening 2",
        "correctCount": 3,
        "startTime": 13,
        "songDuration": 73.056,
        "songNumber": 72,
        "activePlayerCount": 165,
        "LinkVideo": "https://files.catbox.moe/zx3hie.webm",
        "LinkMp3": "https://files.catbox.moe/izifnw.mp3",
        "annId": 7952,
        "correctPlayers": [
            "watashiii",
            "TowaSamaTenshi",
            "oh95"
        ]
    },
    {
        "animeEng": "Fairy Tail",
        "animeRomaji": "Fairy Tail",
        "songName": "BLOW AWAY",
        "artist": "Tetsuya Kakihara & Yuuichi Nakamura",
        "type": "Opening 2",
        "correctCount": 31,
        "startTime": 27,
        "songDuration": 88.728,
        "songNumber": 73,
        "activePlayerCount": 164,
        "LinkVideo": "https://files.catbox.moe/knyf5w.webm",
        "LinkMp3": "https://files.catbox.moe/ffk833.mp3",
        "annId": 12322
    },
    {
        "animeEng": "Pichu Bros. in Party Panic!",
        "animeRomaji": "Boku-tachi Pichu Brothers: Party wa \u014csawagi! no Maki",
        "songName": "Bokura Pichu Pichu Brothers!",
        "artist": "Kumiko Endo",
        "type": "Opening 1",
        "correctCount": 56,
        "startTime": 55,
        "songDuration": 106.296,
        "songNumber": 74,
        "activePlayerCount": 164,
        "LinkVideo": "https://files.catbox.moe/vqcf94.webm",
        "LinkMp3": "https://files.catbox.moe/v4ugi7.mp3",
        "annId": 15664
    },
    {
        "animeEng": "Dropkick on My Devil!! Dash",
        "animeRomaji": "Jashin-chan Dropkick'",
        "songName": "Love Satisfaction",
        "artist": "ZAMB",
        "type": "Ending 1",
        "correctCount": 21,
        "startTime": 54,
        "songDuration": 88.632,
        "songNumber": 75,
        "activePlayerCount": 165,
        "LinkVideo": "https://files.catbox.moe/nm5cvk.webm",
        "LinkMp3": "https://files.catbox.moe/ntevp7.mp3",
        "annId": 22563
    },
    {
        "animeEng": "Attack on Titan: Junior High",
        "animeRomaji": "Shingeki! Kyojin Chuugakk\u014d",
        "songName": "Call your name",
        "artist": "mpi & CASG",
        "type": "Insert Song",
        "correctCount": 48,
        "startTime": 3,
        "songDuration": 68.544,
        "songNumber": 76,
        "activePlayerCount": 165,
        "LinkVideo": "https://files.catbox.moe/tcrjhy.webm",
        "LinkMp3": "https://files.catbox.moe/16lo7x.mp3",
        "annId": 17449
    },
    {
        "animeEng": "Black Clover",
        "animeRomaji": "Black Clover",
        "songName": "RiGHT NOW",
        "artist": "EMPiRE",
        "type": "Opening 9",
        "correctCount": 56,
        "startTime": 44,
        "songDuration": 87.144,
        "songNumber": 77,
        "activePlayerCount": 165,
        "LinkVideo": "https://files.catbox.moe/kapfqp.webm",
        "LinkMp3": "https://files.catbox.moe/2qp425.mp3",
        "annId": 19743
    },
    {
        "animeEng": "Cestvs: The Roman Fighter",
        "animeRomaji": "Cestvs: The Roman Fighter",
        "songName": "Endeavour",
        "artist": "Dragon Ash",
        "type": "Opening 1",
        "correctCount": 16,
        "startTime": 32,
        "songDuration": 86.448,
        "songNumber": 78,
        "activePlayerCount": 165,
        "LinkVideo": "https://files.catbox.moe/5hegye.webm",
        "LinkMp3": "https://files.catbox.moe/88w696.mp3",
        "annId": 24017
    },
    {
        "animeEng": "Vicky the Viking",
        "animeRomaji": "Chiisana Viking Vicke",
        "songName": "Vicke wa Chiisana Viking",
        "artist": "Y\u014dko Kuri and The Viking",
        "type": "Opening 1",
        "correctCount": 88,
        "startTime": 2,
        "songDuration": 68.208,
        "songNumber": 79,
        "activePlayerCount": 165,
        "LinkVideo": "https://files.catbox.moe/05zpe4.webm",
        "LinkMp3": "https://files.catbox.moe/18t3py.mp3",
        "annId": 1246
    },
    {
        "animeEng": "Idoly Pride",
        "animeRomaji": "Idoly Pride",
        "songName": "Hoshi no Umi no Kioku",
        "artist": "Sayaka Kanda",
        "type": "Insert Song",
        "correctCount": 16,
        "startTime": 2,
        "songDuration": 45.072,
        "songNumber": 80,
        "activePlayerCount": 165,
        "LinkVideo": "https://files.catbox.moe/59gtyf.webm",
        "LinkMp3": "https://files.catbox.moe/zwj5tc.mp3",
        "annId": 22923
    },
    {
        "animeEng": "Niji-iro Hotaru: Eien no Natsuyasumi",
        "animeRomaji": "Niji-iro Hotaru: Eien no Natsuyasumi",
        "songName": "Mizu no Kage",
        "artist": "Mia Inoue",
        "type": "Insert Song",
        "correctCount": 0,
        "startTime": 34,
        "songDuration": 126.552,
        "songNumber": 81,
        "activePlayerCount": 165,
        "LinkVideo": "https://files.catbox.moe/3n26vk.webm",
        "LinkMp3": "https://files.catbox.moe/iepzjh.mp3",
        "annId": 13983
    },
    {
        "animeEng": "Manyuu Hiken-ch\u014d",
        "animeRomaji": "Manyuu Hiken-ch\u014d",
        "songName": "Sadame",
        "artist": "AiRI",
        "type": "Opening 1",
        "correctCount": 12,
        "startTime": 23,
        "songDuration": 87.552,
        "songNumber": 82,
        "activePlayerCount": 164,
        "LinkVideo": "https://files.catbox.moe/ndddk2.webm",
        "LinkMp3": "https://files.catbox.moe/uf9gxp.mp3",
        "annId": 12728
    },
    {
        "animeEng": "Yatterman",
        "animeRomaji": "Yatterman",
        "songName": "Mach Go Go Go",
        "artist": "Vocal Shop",
        "type": "Insert Song",
        "correctCount": 105,
        "startTime": 13,
        "songDuration": 63.216,
        "songNumber": 83,
        "activePlayerCount": 164,
        "LinkVideo": "https://files.catbox.moe/teq10m.webm",
        "LinkMp3": "https://files.catbox.moe/ew873c.mp3",
        "annId": 8783
    },
    {
        "animeEng": "Gegege no Kitar\u014d: Y\u014dkai Daisens\u014d",
        "animeRomaji": "Gegege no Kitar\u014d: Y\u014dkai Daisens\u014d",
        "songName": "Gegege no Kitaro",
        "artist": "Ikuzo Yoshi",
        "type": "Opening 1",
        "correctCount": 162,
        "startTime": 58,
        "songDuration": 87.984,
        "songNumber": 84,
        "activePlayerCount": 164,
        "LinkVideo": "https://files.catbox.moe/jt1a2u.webm",
        "LinkMp3": "https://files.catbox.moe/t0ob8y.mp3",
        "annId": 3857
    },
    {
        "animeEng": "Tamako Market",
        "animeRomaji": "Tamako Market",
        "songName": "Dramatic Market Ride",
        "artist": "Aya Suzaki",
        "type": "Opening 1",
        "correctCount": 57,
        "startTime": 45,
        "songDuration": 88.896,
        "songNumber": 85,
        "activePlayerCount": 161,
        "LinkVideo": "https://files.catbox.moe/5c96gd.webm",
        "LinkMp3": "https://files.catbox.moe/ku9y6h.mp3",
        "annId": 14908
    }
]