[
    {
        "animeEng": "Black Clover",
        "animeRomaji": "Black Clover",
        "songName": "JUSTadICE",
        "artist": "Seiko Oomori",
        "type": "Opening 7",
        "correctCount": 45,
        "startTime": 10,
        "songDuration": 88.94541,
        "songNumber": 1,
        "activePlayerCount": 92,
        "LinkVideo": "https://files.catbox.moe/259rx3.webm",
        "LinkMp3": "https://files.catbox.moe/tify0j.mp3",
        "annId": 19743
    },
    {
        "animeEng": "Digimon Adventure: Children's War Game",
        "animeRomaji": "Digimon Adventure: Bokura no War Game",
        "songName": "Butter-Fly",
        "artist": "Kouji Wada",
        "type": "Opening 1",
        "correctCount": 78,
        "startTime": 11,
        "songDuration": 93.672,
        "songNumber": 2,
        "activePlayerCount": 95,
        "LinkVideo": "https://files.catbox.moe/pfq79l.webm",
        "LinkMp3": "https://files.catbox.moe/b8t02u.mp3",
        "annId": 2524
    },
    {
        "animeEng": "Azur Lane",
        "animeRomaji": "Azur Lane",
        "songName": "Hikari no Michishirube",
        "artist": "Kano",
        "type": "Ending 1",
        "correctCount": 40,
        "startTime": 35,
        "songDuration": 88.512,
        "songNumber": 3,
        "activePlayerCount": 96,
        "LinkVideo": "https://files.catbox.moe/k6wd6t.webm",
        "LinkMp3": "https://files.catbox.moe/7du781.mp3",
        "annId": 21760
    },
    {
        "animeEng": "Mobile Suit Gundam: The 08th MS Team",
        "animeRomaji": "Kid\u014d Senshi Gundam: Dai 08 MS Sh\u014dtai",
        "songName": "Arashi no Naka de Kagayaite",
        "artist": "Chihiro Yonekura",
        "type": "Opening 1",
        "correctCount": 28,
        "startTime": 13,
        "songDuration": 89.808,
        "songNumber": 4,
        "activePlayerCount": 96,
        "LinkVideo": "https://files.catbox.moe/5tixyn.webm",
        "LinkMp3": "https://files.catbox.moe/loi7wy.mp3",
        "annId": 24
    },
    {
        "animeEng": "Grendizer, Getter Robo G, Great Mazinger: Kessen! Daikaijuu",
        "animeRomaji": "Grendizer, Getter Robo G, Great Mazinger: Kessen! Daikaijuu",
        "songName": "Tobe! Grendizer",
        "artist": "Isao Sasaki, Columbia Yurikago-kai, Koorogi '73",
        "type": "Insert Song",
        "correctCount": 31,
        "startTime": 23,
        "songDuration": 66.6,
        "songNumber": 5,
        "activePlayerCount": 95,
        "LinkVideo": "https://files.catbox.moe/tys08l.webm",
        "LinkMp3": "https://files.catbox.moe/k7fmud.mp3",
        "annId": 3616
    },
    {
        "animeEng": "Nyan Koi!",
        "animeRomaji": "Nyan Koi!",
        "songName": "Neko Neko Ondo",
        "artist": "Asami Imai, Yui Sakakibara, Yukari Fukui",
        "type": "Insert Song",
        "correctCount": 58,
        "startTime": 0,
        "songDuration": 26.928,
        "songNumber": 6,
        "activePlayerCount": 96,
        "LinkVideo": "https://files.catbox.moe/2x9g76.webm",
        "LinkMp3": "https://files.catbox.moe/18zdhg.mp3",
        "annId": 10686
    },
    {
        "animeEng": "The IDOLM@STER",
        "animeRomaji": "The IDOLM@STER",
        "songName": "Kami SUMMER!!",
        "artist": "Eriko Nakamura & Mayako Nigo & Asami Shimoda & Azumi Asakura & Rie Kugimiya & Yumi Hara",
        "type": "Insert Song",
        "correctCount": 18,
        "startTime": 38,
        "songDuration": 112.968,
        "songNumber": 7,
        "activePlayerCount": 97,
        "LinkVideo": "https://files.catbox.moe/07s1vu.webm",
        "LinkMp3": "https://files.catbox.moe/yymdj6.mp3",
        "annId": 12436
    },
    {
        "animeEng": "Ascendance of a Bookworm",
        "animeRomaji": "Honzuki no Gekokuj\u014d",
        "songName": "Tsumujikaze",
        "artist": "Sumire Morohoshi",
        "type": "Opening 1",
        "correctCount": 64,
        "startTime": 45,
        "songDuration": 89.568,
        "songNumber": 8,
        "activePlayerCount": 96,
        "LinkVideo": "https://files.catbox.moe/wzyb1l.webm",
        "LinkMp3": "https://files.catbox.moe/w07y3l.mp3",
        "annId": 23026
    },
    {
        "animeEng": "Mobile Suit Gundam Seed Destiny Special Edition",
        "animeRomaji": "Kid\u014d Senshi Gundam Seed Destiny Special Edition",
        "songName": "Kimi wa Boku ni Niteiru",
        "artist": "See-Saw",
        "type": "Ending 4",
        "correctCount": 16,
        "startTime": 62,
        "songDuration": 110.688,
        "songNumber": 9,
        "activePlayerCount": 96,
        "LinkVideo": "https://files.catbox.moe/389hcz.webm",
        "LinkMp3": "https://files.catbox.moe/fd331l.mp3",
        "annId": 6303
    },
    {
        "animeEng": "Mission Outer Space Srungle",
        "animeRomaji": "Akuu Daisakusen Srungle",
        "songName": "Aku Daisakusen no Theme",
        "artist": "Keiichi Katagiri",
        "type": "Opening 1",
        "correctCount": 13,
        "startTime": 43,
        "songDuration": 76.992,
        "songNumber": 10,
        "activePlayerCount": 96,
        "LinkVideo": "https://files.catbox.moe/3vjq45.webm",
        "LinkMp3": "https://files.catbox.moe/hggs4r.mp3",
        "annId": 1073
    },
    {
        "animeEng": "The Quintessential Quintuplets",
        "animeRomaji": "Got\u014dbun no Hanayome",
        "songName": "Got\u014dbun no Kimochi",
        "artist": "Nakano-ke no Itsutsugo",
        "type": "Opening 1",
        "correctCount": 77,
        "startTime": 32,
        "songDuration": 89.064,
        "songNumber": 11,
        "activePlayerCount": 96,
        "LinkVideo": "https://files.catbox.moe/uctz6h.webm",
        "LinkMp3": "https://files.catbox.moe/p6wnbe.mp3",
        "annId": 21514
    },
    {
        "animeEng": "22/7 (Nanabun no Nijyuuni)",
        "animeRomaji": "22/7",
        "songName": "Y\u016bt\u014dsei ja Tsumaranai",
        "artist": "Chiharu Hokaze",
        "type": "Ending 5",
        "correctCount": 14,
        "startTime": 5,
        "songDuration": 88.896,
        "songNumber": 12,
        "activePlayerCount": 96,
        "LinkVideo": "https://files.catbox.moe/yzv10n.webm",
        "LinkMp3": "https://files.catbox.moe/5nn6vg.mp3",
        "annId": 22353
    },
    {
        "animeEng": "Pok\u00e9mon: Advanced",
        "animeRomaji": "Pocket Monsters: Advanced Generation",
        "songName": "OK!",
        "artist": "Rica Matsumoto",
        "type": "Insert Song",
        "correctCount": 79,
        "startTime": 2,
        "songDuration": 59.424,
        "songNumber": 13,
        "activePlayerCount": 96,
        "LinkVideo": "https://files.catbox.moe/b0dj36.webm",
        "LinkMp3": "https://files.catbox.moe/o4ry76.mp3",
        "annId": 1873
    },
    {
        "animeEng": "Hello Spank!",
        "animeRomaji": "Ohay\u014d! Spank",
        "songName": "Ohay\u014d! Spank",
        "artist": "Nozomu Inoue",
        "type": "Opening 1",
        "correctCount": 87,
        "startTime": 29,
        "songDuration": 76.176,
        "songNumber": 14,
        "activePlayerCount": 96,
        "LinkVideo": "https://files.catbox.moe/bggqgp.webm",
        "LinkMp3": "https://files.catbox.moe/xz6qkt.mp3",
        "annId": 1418
    },
    {
        "animeEng": "Urusei Yatsura Movie 1: Only You",
        "animeRomaji": "Urusei Yatsura Movie 1: Only You",
        "songName": "I, I, You & Ai",
        "artist": "Izumi Kobayashi",
        "type": "Opening 1",
        "correctCount": 52,
        "startTime": 27,
        "songDuration": 141.111044,
        "songNumber": 15,
        "activePlayerCount": 96,
        "LinkVideo": "https://files.catbox.moe/pdlt6a.webm",
        "LinkMp3": "https://files.catbox.moe/qsgvpi.mp3",
        "annId": 648
    },
    {
        "animeEng": "Gekij\u014dban selector destructed WIXOSS",
        "animeRomaji": "Gekij\u014dban selector destructed WIXOSS",
        "songName": "Love your enemies",
        "artist": "Kanon Wakeshima",
        "type": "Ending 1",
        "correctCount": 39,
        "startTime": 43,
        "songDuration": 247.08,
        "songNumber": 16,
        "activePlayerCount": 97,
        "LinkVideo": "https://files.catbox.moe/dop9br.webm",
        "LinkMp3": "https://files.catbox.moe/z4b63s.mp3",
        "annId": 17349
    },
    {
        "animeEng": ".hack//Roots",
        "animeRomaji": ".hack//Roots",
        "songName": "Hakua By\u014dt\u014d",
        "artist": "ALI PROJECT",
        "type": "Insert Song",
        "correctCount": 5,
        "startTime": 97,
        "songDuration": 297.947532,
        "songNumber": 17,
        "activePlayerCount": 97,
        "LinkVideo": "https://files.catbox.moe/ub1ob7.webm",
        "LinkMp3": "https://files.catbox.moe/zg4xvy.mp3",
        "annId": 6248,
        "correctPlayers": [
            "TheOnlyOne",
            "theyingster",
            "Rukawa11",
            "YoshiNuber",
            "ozsauce"
        ]
    },
    {
        "animeEng": "Dropkick on My Devil!",
        "animeRomaji": "Jashin-chan Dropkick",
        "songName": "Ano Ko ni Dropkick",
        "artist": "Jashin\u2605Girls",
        "type": "Opening 1",
        "correctCount": 44,
        "startTime": 13,
        "songDuration": 87.744,
        "songNumber": 18,
        "activePlayerCount": 97,
        "LinkVideo": "https://files.catbox.moe/wy4ypm.webm",
        "LinkMp3": "https://files.catbox.moe/iuenqw.mp3",
        "annId": 20484
    },
    {
        "animeEng": "Paradise Kiss",
        "animeRomaji": "Paradise Kiss",
        "songName": "Kimi no Yoru, Boku ni Dake Kurenai ka",
        "artist": "THE BABYS",
        "type": "Insert Song",
        "correctCount": 1,
        "startTime": 55,
        "songDuration": 95.448,
        "songNumber": 19,
        "activePlayerCount": 97,
        "LinkVideo": "https://files.catbox.moe/v4u7xr.webm",
        "LinkMp3": "https://files.catbox.moe/jx6dqv.mp3",
        "annId": 5081,
        "correctPlayers": [
            "konomi"
        ]
    },
    {
        "animeEng": "Gokujyo.",
        "animeRomaji": "Gokujo. Gokurakuin Joshik\u014d Ry\u014d Monogatari",
        "songName": "Gokujo. no Jouken?",
        "artist": "Y\u014dko Hikasa, Maaya Uchida, Ayana Taketatsu, Satomi Akesaka",
        "type": "Opening 1",
        "correctCount": 47,
        "startTime": 1,
        "songDuration": 29.928,
        "songNumber": 20,
        "activePlayerCount": 96,
        "LinkVideo": "https://files.catbox.moe/a45u1m.webm",
        "LinkMp3": "https://files.catbox.moe/otmpo0.mp3",
        "annId": 13614
    },
    {
        "animeEng": "Macross Delta Movie: Gekij\u014d no Walk\u00fcre",
        "animeRomaji": "Macross Delta Movie: Gekij\u014d no Walk\u00fcre",
        "songName": "Hear the Universe",
        "artist": "Walk\u00fcre",
        "type": "Insert Song",
        "correctCount": 43,
        "startTime": 31,
        "songDuration": 78.048,
        "songNumber": 21,
        "activePlayerCount": 97,
        "LinkVideo": "https://files.catbox.moe/4342yc.webm",
        "LinkMp3": "https://files.catbox.moe/1pr441.mp3",
        "annId": 20180
    },
    {
        "animeEng": "The Misfit of Demon King Academy",
        "animeRomaji": "Ma\u014d Gakuin no Futekig\u014dsha",
        "songName": "Seikai Fuseikai",
        "artist": "CIVILIAN",
        "type": "Opening 1",
        "correctCount": 75,
        "startTime": 4,
        "songDuration": 90.068656,
        "songNumber": 22,
        "activePlayerCount": 97,
        "LinkVideo": "https://files.catbox.moe/66vc3r.webm",
        "LinkMp3": "https://files.catbox.moe/bn86yj.mp3",
        "annId": 22555
    },
    {
        "animeEng": "The Lost Village",
        "animeRomaji": "Mayoiga",
        "songName": "Gens\u014d Drive",
        "artist": "Ami Wajima",
        "type": "Opening 1",
        "correctCount": 54,
        "startTime": 12,
        "songDuration": 89.568,
        "songNumber": 23,
        "activePlayerCount": 98,
        "LinkVideo": "https://files.catbox.moe/8qwo6t.webm",
        "LinkMp3": "https://files.catbox.moe/pk7dca.mp3",
        "annId": 18052
    },
    {
        "animeEng": "Princess Principal: Crown Handler",
        "animeRomaji": "Princess Principal: Crown Handler",
        "songName": "Nowhere Land",
        "artist": "Akira Sekine, Aoi Koga, Akari Kageyama, Nozomi Furuki, Y\u014d Taichi",
        "type": "Ending 1",
        "correctCount": 19,
        "startTime": 98,
        "songDuration": 158.136,
        "songNumber": 24,
        "activePlayerCount": 98,
        "LinkVideo": "https://files.catbox.moe/g7vh9n.webm",
        "LinkMp3": "https://files.catbox.moe/u5t3os.mp3",
        "annId": 23071
    },
    {
        "animeEng": "Magical Girl Ore",
        "animeRomaji": "Mah\u014d Sh\u014djo Ore",
        "songName": "NOISY LOVE POWER\u2606",
        "artist": "Ayaka Ohashi",
        "type": "Opening 1",
        "correctCount": 50,
        "startTime": 12,
        "songDuration": 89.568,
        "songNumber": 25,
        "activePlayerCount": 98,
        "LinkVideo": "https://files.catbox.moe/ngwt6b.webm",
        "LinkMp3": "https://files.catbox.moe/ki76nx.mp3",
        "annId": 20403
    },
    {
        "animeEng": "Pretty Rhythm Rainbow Live",
        "animeRomaji": "Pretty Rhythm Rainbow Live",
        "songName": "To\u30fbKi\u30fbMe\u30fbKi Days",
        "artist": "Satomi Akesaka",
        "type": "Insert Song",
        "correctCount": 2,
        "startTime": 1,
        "songDuration": 57.048,
        "songNumber": 26,
        "activePlayerCount": 98,
        "LinkVideo": "https://files.catbox.moe/ar3r6f.webm",
        "LinkMp3": "https://files.catbox.moe/0ahc4l.mp3",
        "annId": 15094,
        "correctPlayers": [
            "towana",
            "kneesoxluver"
        ]
    },
    {
        "animeEng": "Bakugan: Gundalian Invaders",
        "animeRomaji": "Bakugan Battle Brawlers: Gundalian Invaders",
        "songName": "Ai\u00d7GO! Yu\u00d7GO!",
        "artist": "TAKUYA",
        "type": "Ending 3",
        "correctCount": 3,
        "startTime": 31,
        "songDuration": 69.024,
        "songNumber": 27,
        "activePlayerCount": 98,
        "LinkVideo": "https://files.catbox.moe/y0ketq.webm",
        "LinkMp3": "https://files.catbox.moe/539gd0.mp3",
        "annId": 11457,
        "correctPlayers": [
            "Shuuka",
            "ozsauce",
            "konomi"
        ]
    },
    {
        "animeEng": "Dragoon",
        "animeRomaji": "Ryuuki Densh\u014d",
        "songName": "Saisho no Yuki",
        "artist": "Yuka Imai",
        "type": "Opening 1",
        "correctCount": 8,
        "startTime": 48,
        "songDuration": 95.031836,
        "songNumber": 28,
        "activePlayerCount": 97,
        "LinkVideo": "https://files.catbox.moe/l4a5p4.webm",
        "LinkMp3": "https://files.catbox.moe/7vda38.mp3",
        "annId": 584
    },
    {
        "animeEng": "My Next Life as a Villainess: All Routes Lead to Doom! X",
        "animeRomaji": "Hamefura X",
        "songName": "give me \u2661 me",
        "artist": "Sh\u014dta Aoi",
        "type": "Ending 1",
        "correctCount": 50,
        "startTime": 55,
        "songDuration": 87.528,
        "songNumber": 29,
        "activePlayerCount": 97,
        "LinkVideo": "https://files.catbox.moe/7jsq2z.webm",
        "LinkMp3": "https://files.catbox.moe/2awm8x.mp3",
        "annId": 23895
    },
    {
        "animeEng": "Master of Martial Hearts",
        "animeRomaji": "Zettai Sh\u014dgeki: Platonic Heart",
        "songName": "Tatsumaki WAVE",
        "artist": "Little Non",
        "type": "Opening 1",
        "correctCount": 8,
        "startTime": 9,
        "songDuration": 86.856,
        "songNumber": 30,
        "activePlayerCount": 97,
        "LinkVideo": "https://files.catbox.moe/elqrrl.webm",
        "LinkMp3": "https://files.catbox.moe/d7r56t.mp3",
        "annId": 10150
    },
    {
        "animeEng": "PriPara",
        "animeRomaji": "PriPara",
        "songName": "Brand New Dreamer",
        "artist": "Himika Akaneya & Minami Tanaka",
        "type": "Ending 3",
        "correctCount": 54,
        "startTime": 44,
        "songDuration": 90.264,
        "songNumber": 31,
        "activePlayerCount": 97,
        "LinkVideo": "https://files.catbox.moe/8hh22o.webm",
        "LinkMp3": "https://files.catbox.moe/bqz3mc.mp3",
        "annId": 18090
    },
    {
        "animeEng": "To Heart 2 OVA",
        "animeRomaji": "To Heart 2 OVA",
        "songName": "Ichiban Boshi",
        "artist": "Suara",
        "type": "Opening 1",
        "correctCount": 7,
        "startTime": 32,
        "songDuration": 87.552,
        "songNumber": 32,
        "activePlayerCount": 96,
        "LinkVideo": "https://files.catbox.moe/gte6g3.webm",
        "LinkMp3": "https://files.catbox.moe/qkuq8f.mp3",
        "annId": 7058
    },
    {
        "animeEng": "Drifters",
        "animeRomaji": "Drifters",
        "songName": "VERMILLION",
        "artist": "Maon Kurosaki",
        "type": "Ending 1",
        "correctCount": 48,
        "startTime": 49,
        "songDuration": 88.152,
        "songNumber": 33,
        "activePlayerCount": 96,
        "LinkVideo": "https://files.catbox.moe/6ttwtc.webm",
        "LinkMp3": "https://files.catbox.moe/xhcs6d.mp3",
        "annId": 23664
    },
    {
        "animeEng": "Yu Yu Hakusho: Ghost Files",
        "animeRomaji": "Yuu\u2606Yuu\u2606Hakusho",
        "songName": "Homework ga Owaranai",
        "artist": "Matsuko Mawatari",
        "type": "Ending 1",
        "correctCount": 69,
        "startTime": 44,
        "songDuration": 83.952,
        "songNumber": 34,
        "activePlayerCount": 96,
        "LinkVideo": "https://files.catbox.moe/8m6ik3.webm",
        "LinkMp3": "https://files.catbox.moe/eki0t3.mp3",
        "annId": 311
    },
    {
        "animeEng": "The Promised Neverland",
        "animeRomaji": "Yakusoku no Neverland",
        "songName": "Touch off",
        "artist": "UVERworld",
        "type": "Opening 1",
        "correctCount": 93,
        "startTime": 27,
        "songDuration": 89.568,
        "songNumber": 35,
        "activePlayerCount": 97,
        "LinkVideo": "https://files.catbox.moe/dpymb3.webm",
        "LinkMp3": "https://files.catbox.moe/bij29k.mp3",
        "annId": 21552
    },
    {
        "animeEng": "ACTORS",
        "animeRomaji": "ACTORS",
        "songName": "Answer",
        "artist": "Gakuto Kajiwara & Soichiro Hoshi",
        "type": "Insert Song",
        "correctCount": 6,
        "startTime": 92,
        "songDuration": 168.744,
        "songNumber": 36,
        "activePlayerCount": 97,
        "LinkVideo": "https://files.catbox.moe/41lj39.webm",
        "LinkMp3": "https://files.catbox.moe/wmzi11.mp3",
        "annId": 21769
    },
    {
        "animeEng": "Kaguya-sama: Love is War",
        "animeRomaji": "Kaguya-sama wa Kokurasetai: Tensai-tachi no Renai Zun\u014dsen",
        "songName": "Love Dramatic",
        "artist": "Masayuki Suzuki feat. Rikka Ihara",
        "type": "Opening 1",
        "correctCount": 87,
        "startTime": 30,
        "songDuration": 91.272,
        "songNumber": 37,
        "activePlayerCount": 96,
        "LinkVideo": "https://files.catbox.moe/2f1f2y.webm",
        "LinkMp3": "https://files.catbox.moe/9czxwm.mp3",
        "annId": 21401
    },
    {
        "animeEng": "Hoop Days",
        "animeRomaji": "Dear Boys",
        "songName": "BABYFACE",
        "artist": "PAMSY",
        "type": "Insert Song",
        "correctCount": 19,
        "startTime": 155,
        "songDuration": 191.904,
        "songNumber": 38,
        "activePlayerCount": 96,
        "LinkVideo": "https://files.catbox.moe/i8i2qu.webm",
        "LinkMp3": "https://files.catbox.moe/a5rk4x.mp3",
        "annId": 2467
    },
    {
        "animeEng": "The Slayers Revolution",
        "animeRomaji": "The Slayers Revolution",
        "songName": "Plenty of grit",
        "artist": "Megumi Hayashibara",
        "type": "Opening 1",
        "correctCount": 14,
        "startTime": 52,
        "songDuration": 88.056,
        "songNumber": 39,
        "activePlayerCount": 94,
        "LinkVideo": "https://files.catbox.moe/bd5txf.webm",
        "LinkMp3": "https://files.catbox.moe/pcp185.mp3",
        "annId": 9500
    },
    {
        "animeEng": "Beelzebub",
        "animeRomaji": "Beelzebub",
        "songName": "Dadada",
        "artist": "Group Tamashii",
        "type": "Opening 1",
        "correctCount": 57,
        "startTime": 47,
        "songDuration": 88.728,
        "songNumber": 40,
        "activePlayerCount": 95,
        "LinkVideo": "https://files.catbox.moe/y5550z.webm",
        "LinkMp3": "https://files.catbox.moe/uxy39g.mp3",
        "annId": 11858
    },
    {
        "animeEng": "BECK: Mongolian Chop Squad",
        "animeRomaji": "BECK: Mongolian Chop Squad",
        "songName": "My World Down",
        "artist": "meister",
        "type": "Insert Song",
        "correctCount": 18,
        "startTime": 50,
        "songDuration": 149.02601,
        "songNumber": 41,
        "activePlayerCount": 97,
        "LinkVideo": "https://files.catbox.moe/mplvr8.webm",
        "LinkMp3": "https://files.catbox.moe/tkf1sd.mp3",
        "annId": 4404
    },
    {
        "animeEng": "Oshiete Mah\u014d no Pendulum: Rilu Rilu Fairilu",
        "animeRomaji": "Oshiete Mah\u014d no Pendulum: Rilu Rilu Fairilu",
        "songName": "\"Suki\" no Katachi",
        "artist": "Yumiri Hanamori",
        "type": "Ending 1",
        "correctCount": 9,
        "startTime": 4,
        "songDuration": 58.90511,
        "songNumber": 42,
        "activePlayerCount": 97,
        "LinkVideo": "https://files.catbox.moe/bwwvav.webm",
        "LinkMp3": "https://files.catbox.moe/046v6t.mp3",
        "annId": 21079
    },
    {
        "animeEng": "Chocolate Underground",
        "animeRomaji": "Chocolate Underground",
        "songName": "Kirari",
        "artist": "Kana Nishino",
        "type": "Insert Song",
        "correctCount": 5,
        "startTime": 198,
        "songDuration": 241.288914,
        "songNumber": 43,
        "activePlayerCount": 97,
        "LinkVideo": "https://files.catbox.moe/njgcj0.webm",
        "LinkMp3": "https://files.catbox.moe/s4pjsb.mp3",
        "annId": 23063,
        "correctPlayers": [
            "Carmanher",
            "revel_",
            "asleep",
            "ozsauce",
            "konomi"
        ]
    },
    {
        "animeEng": "Doamayger-D",
        "animeRomaji": "Doamayger-D",
        "songName": "Ike! Bikkuri Doamaiger D",
        "artist": "Yasuhiko Fukuda",
        "type": "Opening 1",
        "correctCount": 48,
        "startTime": 1,
        "songDuration": 29.52,
        "songNumber": 44,
        "activePlayerCount": 97,
        "LinkVideo": "https://files.catbox.moe/ckoq6q.webm",
        "LinkMp3": "https://files.catbox.moe/u2zpmk.mp3",
        "annId": 16308
    },
    {
        "animeEng": "Kodocha",
        "animeRomaji": "Kodocha",
        "songName": "Panic!",
        "artist": "Still Small Voice",
        "type": "Ending 1",
        "correctCount": 8,
        "startTime": 53,
        "songDuration": 109.416,
        "songNumber": 45,
        "activePlayerCount": 96,
        "LinkVideo": "https://files.catbox.moe/tg9hyi.webm",
        "LinkMp3": "https://files.catbox.moe/97jmm4.mp3",
        "annId": 165
    },
    {
        "animeEng": "Riding Bean",
        "animeRomaji": "Riding Bean",
        "songName": "RUNNIN' THE ROAD",
        "artist": "Phil Perry",
        "type": "Ending 1",
        "correctCount": 32,
        "startTime": 47,
        "songDuration": 218.327676,
        "songNumber": 46,
        "activePlayerCount": 97,
        "LinkVideo": "https://files.catbox.moe/0ucg3k.webm",
        "LinkMp3": "https://files.catbox.moe/aq8aa2.mp3",
        "annId": 360
    },
    {
        "animeEng": "Kengan Ashura",
        "animeRomaji": "Kengan Ashura",
        "songName": "KING & ASHLEY",
        "artist": "MY FIRST STORY",
        "type": "Opening 1",
        "correctCount": 22,
        "startTime": 37,
        "songDuration": 88.656,
        "songNumber": 47,
        "activePlayerCount": 96,
        "LinkVideo": "https://files.catbox.moe/55m1qm.webm",
        "LinkMp3": "https://files.catbox.moe/46o8x3.mp3",
        "annId": 20427
    },
    {
        "animeEng": "Anime Tench\u014d",
        "animeRomaji": "Anime Tench\u014d",
        "songName": "Anime Tench\u014d",
        "artist": "Tomokazu Seki",
        "type": "Opening 1",
        "correctCount": 23,
        "startTime": 1,
        "songDuration": 38.736,
        "songNumber": 48,
        "activePlayerCount": 97,
        "LinkVideo": "https://files.catbox.moe/iwrao9.webm",
        "LinkMp3": "https://files.catbox.moe/5rzojq.mp3",
        "annId": 358
    },
    {
        "animeEng": "Sword Art Online Alternative: Gun Gale Online",
        "animeRomaji": "Sword Art Online Alternative: Gun Gale Online",
        "songName": "Disorder",
        "artist": "ReoNa",
        "type": "Insert Song",
        "correctCount": 42,
        "startTime": 33,
        "songDuration": 224.884298,
        "songNumber": 49,
        "activePlayerCount": 97,
        "LinkVideo": "https://files.catbox.moe/rgd4s1.webm",
        "LinkMp3": "https://files.catbox.moe/njch70.mp3",
        "annId": 20514
    },
    {
        "animeEng": "Dragon Ball GT",
        "animeRomaji": "Dragon Ball GT",
        "songName": "Blue Velvet",
        "artist": "Shizuka Kudou",
        "type": "Ending 3",
        "correctCount": 16,
        "startTime": 10,
        "songDuration": 94.728,
        "songNumber": 50,
        "activePlayerCount": 96,
        "LinkVideo": "https://files.catbox.moe/vj00fb.webm",
        "LinkMp3": "https://files.catbox.moe/8y1z06.mp3",
        "annId": 616
    },
    {
        "animeEng": "Haiyoru! Nyaruani: Remember My Mr. Lovecraft",
        "animeRomaji": "Haiyoru! Nyaruani: Remember My Love (Craft-sensei)",
        "songName": "Koisuru Otome no Catharsis",
        "artist": "LISP",
        "type": "Ending 1",
        "correctCount": 19,
        "startTime": 32,
        "songDuration": 89.688,
        "songNumber": 51,
        "activePlayerCount": 96,
        "LinkVideo": "https://files.catbox.moe/mi8x8h.webm",
        "LinkMp3": "https://files.catbox.moe/er7ese.mp3",
        "annId": 11791
    },
    {
        "animeEng": "Touch: Miss Lonely Yesterday",
        "animeRomaji": "Touch: Are kara, Kimi wa... - Miss Lonely Yesterday",
        "songName": "Hi Hi High",
        "artist": "Sachiko Kumagai",
        "type": "Ending 1",
        "correctCount": 2,
        "startTime": 14,
        "songDuration": 190.42938,
        "songNumber": 52,
        "activePlayerCount": 96,
        "LinkVideo": "https://files.catbox.moe/dmmywv.webm",
        "LinkMp3": "https://files.catbox.moe/pbvydq.mp3",
        "annId": 3288,
        "correctPlayers": [
            "theyingster",
            "gro42"
        ]
    },
    {
        "animeEng": "Digimon Tamers: The Adventurers' Battle",
        "animeRomaji": "Digimon Tamers: B\u014dkensha-tachi no Tatakai",
        "songName": "The Biggest Dreamer",
        "artist": "Kouji Wada",
        "type": "Opening 1",
        "correctCount": 58,
        "startTime": 45,
        "songDuration": 88.872,
        "songNumber": 53,
        "activePlayerCount": 96,
        "LinkVideo": "https://files.catbox.moe/2ox4k5.webm",
        "LinkMp3": "https://files.catbox.moe/p83v6i.mp3",
        "annId": 2271
    },
    {
        "animeEng": "Utawarerumono",
        "animeRomaji": "Utawarerumono",
        "songName": "Musouka",
        "artist": "Suara",
        "type": "Opening 1",
        "correctCount": 65,
        "startTime": 32,
        "songDuration": 89.544,
        "songNumber": 54,
        "activePlayerCount": 96,
        "LinkVideo": "https://files.catbox.moe/t5bzh7.webm",
        "LinkMp3": "https://files.catbox.moe/kksj9x.mp3",
        "annId": 5746
    },
    {
        "animeEng": "Magia Record: Puella Magi Madoka Magica Side Story",
        "animeRomaji": "Magia Record: Mah\u014d Sh\u014djo Madoka\u2606Magica Gaiden",
        "songName": "Nigredo",
        "artist": "Shito (from ReReGRAPHICS)",
        "type": "Ending 2",
        "correctCount": 21,
        "startTime": 43,
        "songDuration": 88.056,
        "songNumber": 55,
        "activePlayerCount": 96,
        "LinkVideo": "https://files.catbox.moe/r6u4j3.webm",
        "LinkMp3": "https://files.catbox.moe/oq06fp.mp3",
        "annId": 22009
    },
    {
        "animeEng": "Senki Zessh\u014d Symphogear GX",
        "animeRomaji": "Senki Zessh\u014d Symphogear GX",
        "songName": "Arigat\u014d o Utainagara",
        "artist": "Y\u014dko Hikasa, Yoshino Nanj\u014d & Ai Kayano",
        "type": "Insert Song",
        "correctCount": 14,
        "startTime": 40,
        "songDuration": 222.408,
        "songNumber": 56,
        "activePlayerCount": 96,
        "LinkVideo": "https://files.catbox.moe/w4qpde.webm",
        "LinkMp3": "https://files.catbox.moe/fsa6aa.mp3",
        "annId": 16312
    },
    {
        "animeEng": "Berserk",
        "animeRomaji": "Berserk",
        "songName": "Ash Crow",
        "artist": "Susumu Hirasawa",
        "type": "Ending 3",
        "correctCount": 59,
        "startTime": 96,
        "songDuration": 320.177354,
        "songNumber": 57,
        "activePlayerCount": 96,
        "LinkVideo": "https://files.catbox.moe/0c8zrx.webm",
        "LinkMp3": "https://files.catbox.moe/0i0n6e.mp3",
        "annId": 18160
    },
    {
        "animeEng": "Chihayafuru 3",
        "animeRomaji": "Chihayafuru 3",
        "songName": "COLORFUL",
        "artist": "99RadioService",
        "type": "Opening 1",
        "correctCount": 60,
        "startTime": 22,
        "songDuration": 70.08,
        "songNumber": 58,
        "activePlayerCount": 96,
        "LinkVideo": "https://files.catbox.moe/1lu0yr.webm",
        "LinkMp3": "https://files.catbox.moe/4lkgwy.mp3",
        "annId": 21851
    },
    {
        "animeEng": "Pico: Boku no Chiisana Natsu Monogatari",
        "animeRomaji": "Pico: Boku no Chiisana Natsu Monogatari",
        "songName": "Koi o Shiy\u014d yo",
        "artist": "Pico",
        "type": "Ending 1",
        "correctCount": 44,
        "startTime": 136,
        "songDuration": 300.576,
        "songNumber": 59,
        "activePlayerCount": 96,
        "LinkVideo": "https://files.catbox.moe/0u05j5.webm",
        "LinkMp3": "https://files.catbox.moe/tlo1ni.mp3",
        "annId": 22683
    },
    {
        "animeEng": "God Eater Resonantoka Gekij\u014d",
        "animeRomaji": "God Eater Resonantoka Gekij\u014d",
        "songName": "Singularity",
        "artist": "Itowokashi",
        "type": "Opening 1",
        "correctCount": 12,
        "startTime": 48,
        "songDuration": 88.224,
        "songNumber": 60,
        "activePlayerCount": 96,
        "LinkVideo": "https://files.catbox.moe/kk3k9a.webm",
        "LinkMp3": "https://files.catbox.moe/fsxg37.mp3",
        "annId": 23110
    },
    {
        "animeEng": "Magical Girl Lalabel: The Sea Calls for a Summer Vacation",
        "animeRomaji": "Mah\u014d Sh\u014djo Lalabel: Umi ga Yobu Natsuyatsumi",
        "songName": "Hello Lalabel",
        "artist": "Mitsuko Horie & Columbia Yurikago-kai",
        "type": "Opening 1",
        "correctCount": 73,
        "startTime": 20,
        "songDuration": 68.136,
        "songNumber": 61,
        "activePlayerCount": 96,
        "LinkVideo": "https://files.catbox.moe/g64y8p.webm",
        "LinkMp3": "https://files.catbox.moe/yr4im0.mp3",
        "annId": 3856
    },
    {
        "animeEng": "Sword Art Online: Extra Edition",
        "animeRomaji": "Sword Art Online: Extra Edition",
        "songName": "Overfly",
        "artist": "Luna Haruna",
        "type": "Insert Song",
        "correctCount": 50,
        "startTime": 30,
        "songDuration": 103.848,
        "songNumber": 62,
        "activePlayerCount": 96,
        "LinkVideo": "https://files.catbox.moe/20f5gj.webm",
        "LinkMp3": "https://files.catbox.moe/1feodj.mp3",
        "annId": 15743
    },
    {
        "animeEng": "Pichi Pichi Pitch",
        "animeRomaji": "Mermaid Melody: Pichi Pichi Pitch",
        "songName": "Star MeroMero Heart",
        "artist": "Masayo Kurata",
        "type": "Insert Song",
        "correctCount": 2,
        "startTime": 15,
        "songDuration": 67.248,
        "songNumber": 63,
        "activePlayerCount": 97,
        "LinkVideo": "https://files.catbox.moe/gbw549.webm",
        "LinkMp3": "https://files.catbox.moe/bwnzyk.mp3",
        "annId": 2289,
        "correctPlayers": [
            "doomchicken",
            "Cirquit"
        ]
    },
    {
        "animeEng": "Black Butler II",
        "animeRomaji": "Kuroshitsuji II",
        "songName": "La gardenia",
        "artist": "Kazuhiro Komiya",
        "type": "Insert Song",
        "correctCount": 21,
        "startTime": 28,
        "songDuration": 93.38615,
        "songNumber": 64,
        "activePlayerCount": 96,
        "LinkVideo": "https://files.catbox.moe/3x6iyt.webm",
        "LinkMp3": "https://files.catbox.moe/aj94lb.mp3",
        "annId": 11265
    },
    {
        "animeEng": "We Without Wings",
        "animeRomaji": "Ore-tachi ni Tsubasa wa Nai: Under the Innocent Sky.",
        "songName": "Spread Wings.",
        "artist": "Aki Misato",
        "type": "Ending 4",
        "correctCount": 44,
        "startTime": 50,
        "songDuration": 85.536,
        "songNumber": 65,
        "activePlayerCount": 96,
        "LinkVideo": "https://files.catbox.moe/jvo0y5.webm",
        "LinkMp3": "https://files.catbox.moe/d1wnb3.mp3",
        "annId": 12217
    },
    {
        "animeEng": "Now and Then, Here and There",
        "animeRomaji": "Ima, Soko ni Iru Boku",
        "songName": "Ima, Soko ni Iru Boku",
        "artist": "Toshio Masuda",
        "type": "Opening 1",
        "correctCount": 42,
        "startTime": 42,
        "songDuration": 83.112,
        "songNumber": 66,
        "activePlayerCount": 96,
        "LinkVideo": "https://files.catbox.moe/2g9urm.webm",
        "LinkMp3": "https://files.catbox.moe/lzl16t.mp3",
        "annId": 287
    },
    {
        "animeEng": "Cardcaptor Sakura The Movie",
        "animeRomaji": "Gekij\u014dban Cardcaptor Sakura",
        "songName": "Chunxiao Qingge (Ch\u016bgokugo Version)",
        "artist": "Uyontana",
        "type": "Insert Song",
        "correctCount": 18,
        "startTime": 26,
        "songDuration": 60.648,
        "songNumber": 67,
        "activePlayerCount": 97,
        "LinkVideo": "https://files.catbox.moe/1b5mip.webm",
        "LinkMp3": "https://files.catbox.moe/ej4285.mp3",
        "annId": 966
    },
    {
        "animeEng": "PriPara",
        "animeRomaji": "PriPara",
        "songName": "Kono Uta to Marei Hi",
        "artist": "Azusa Satou & Mitsuki Saiga",
        "type": "Insert Song",
        "correctCount": 38,
        "startTime": 10,
        "songDuration": 122.016,
        "songNumber": 68,
        "activePlayerCount": 97,
        "LinkVideo": "https://files.catbox.moe/8dqyrf.webm",
        "LinkMp3": "https://files.catbox.moe/puyt7v.mp3",
        "annId": 18090
    },
    {
        "animeEng": "Getter Robo: Armageddon",
        "animeRomaji": "Change!! Getter Robo: Sekai Saishuu no Hi",
        "songName": "HEATS",
        "artist": "Hironobu Kageyama",
        "type": "Opening 2",
        "correctCount": 8,
        "startTime": 29,
        "songDuration": 90.456,
        "songNumber": 69,
        "activePlayerCount": 97,
        "LinkVideo": "https://files.catbox.moe/doxq2t.webm",
        "LinkMp3": "https://files.catbox.moe/uspp41.mp3",
        "annId": 20
    },
    {
        "animeEng": "Rozen Maiden: Tr\u00e4umend",
        "animeRomaji": "Rozen Maiden: Tr\u00e4umend",
        "songName": "Sei Sh\u014djo Ry\u014diki",
        "artist": "ALI PROJECT",
        "type": "Opening 1",
        "correctCount": 31,
        "startTime": 54,
        "songDuration": 89.616,
        "songNumber": 70,
        "activePlayerCount": 96,
        "LinkVideo": "https://files.catbox.moe/lloqzo.webm",
        "LinkMp3": "https://files.catbox.moe/cmnaha.mp3",
        "annId": 5087
    },
    {
        "animeEng": "Battle Spirits: Sword Eyes Gekit\u014dden",
        "animeRomaji": "Battle Spirits: Sword Eyes Gekit\u014dden",
        "songName": "Billy Billy",
        "artist": "CLUTCHO",
        "type": "Opening 1",
        "correctCount": 13,
        "startTime": 38,
        "songDuration": 89.415606,
        "songNumber": 71,
        "activePlayerCount": 97,
        "LinkVideo": "https://files.catbox.moe/ce1sp4.webm",
        "LinkMp3": "https://files.catbox.moe/zue4uk.mp3",
        "annId": 15185
    },
    {
        "animeEng": "The Kawai Complex Guide to Manors and Hostel Behavior",
        "animeRomaji": "Bokura wa Minna Kawai-s\u014d",
        "songName": "Itsuka no, Iku Tsuka no Kimi to no Sekai",
        "artist": "fh\u00e1na",
        "type": "Opening 1",
        "correctCount": 59,
        "startTime": 14,
        "songDuration": 90.096,
        "songNumber": 72,
        "activePlayerCount": 97,
        "LinkVideo": "https://files.catbox.moe/azla00.webm",
        "LinkMp3": "https://files.catbox.moe/jppedj.mp3",
        "annId": 15734
    },
    {
        "animeEng": "Maoyu",
        "animeRomaji": "Maoyuu Ma\u014d Yuusha",
        "songName": "Unknown Vision",
        "artist": "Akino Arai",
        "type": "Ending 1",
        "correctCount": 20,
        "startTime": 59,
        "songDuration": 89.064,
        "songNumber": 73,
        "activePlayerCount": 97,
        "LinkVideo": "https://files.catbox.moe/5soyaa.webm",
        "LinkMp3": "https://files.catbox.moe/1qhvjp.mp3",
        "annId": 14425
    },
    {
        "animeEng": "Guilty Crown",
        "animeRomaji": "Guilty Crown",
        "songName": "Departures~Anata ni Okuru Ai no Uta~ -BOOM BOOM SATELLITES Remix-meteoric rain-",
        "artist": "EGOIST",
        "type": "Insert Song",
        "correctCount": 50,
        "startTime": 33,
        "songDuration": 139.224,
        "songNumber": 74,
        "activePlayerCount": 97,
        "LinkVideo": "https://files.catbox.moe/o65jqt.webm",
        "LinkMp3": "https://files.catbox.moe/wpn4ny.mp3",
        "annId": 13001
    },
    {
        "animeEng": "Phantasy Star Online 2: Episode Oracle",
        "animeRomaji": "Phantasy Star Online 2: Episode Oracle",
        "songName": "Our Fighting",
        "artist": "Eri Kitamura",
        "type": "Insert Song",
        "correctCount": 7,
        "startTime": 46,
        "songDuration": 81.288,
        "songNumber": 75,
        "activePlayerCount": 97,
        "LinkVideo": "https://files.catbox.moe/jlky4w.webm",
        "LinkMp3": "https://files.catbox.moe/epqsfx.mp3",
        "annId": 22344
    },
    {
        "animeEng": "Moriarty the Patriot",
        "animeRomaji": "Yuukoku no Moriarty",
        "songName": "DYING WISH",
        "artist": "Tasuku Hatanaka",
        "type": "Opening 1",
        "correctCount": 54,
        "startTime": 26,
        "songDuration": 87.264,
        "songNumber": 76,
        "activePlayerCount": 97,
        "LinkVideo": "https://files.catbox.moe/itqhc1.webm",
        "LinkMp3": "https://files.catbox.moe/7rl5d4.mp3",
        "annId": 23515
    },
    {
        "animeEng": "To LOVE-Ru",
        "animeRomaji": "To LOVE-Ru",
        "songName": "Lucky Tune",
        "artist": "Anna",
        "type": "Ending 2",
        "correctCount": 45,
        "startTime": 37,
        "songDuration": 89.568,
        "songNumber": 77,
        "activePlayerCount": 97,
        "LinkVideo": "https://files.catbox.moe/ijq5to.webm",
        "LinkMp3": "https://files.catbox.moe/1jmdzi.mp3",
        "annId": 10556
    },
    {
        "animeEng": "Sword Art Online: Alicization - War of Underworld",
        "animeRomaji": "Sword Art Online: Alicization - War of Underworld",
        "songName": "Meaning the start",
        "artist": "Ai Kayano",
        "type": "Ending 1",
        "correctCount": 7,
        "startTime": 33,
        "songDuration": 87.6,
        "songNumber": 78,
        "activePlayerCount": 97,
        "LinkVideo": "https://files.catbox.moe/lfs4pb.webm",
        "LinkMp3": "https://files.catbox.moe/ge3f0n.mp3",
        "annId": 23721
    },
    {
        "animeEng": "Those Who Hunt Elves",
        "animeRomaji": "Elf o Karu Mono-tachi",
        "songName": "Angel Blue",
        "artist": "Naoko Hamasaki",
        "type": "Opening 1",
        "correctCount": 13,
        "startTime": 4,
        "songDuration": 88.392,
        "songNumber": 79,
        "activePlayerCount": 97,
        "LinkVideo": "https://files.catbox.moe/ug1dm2.webm",
        "LinkMp3": "https://files.catbox.moe/xrpxi8.mp3",
        "annId": 233
    },
    {
        "animeEng": "The Great Passage",
        "animeRomaji": "Fune o Amu",
        "songName": "Shiokaze",
        "artist": "Taiiku Okazaki",
        "type": "Opening 1",
        "correctCount": 51,
        "startTime": 11,
        "songDuration": 88.776,
        "songNumber": 80,
        "activePlayerCount": 97,
        "LinkVideo": "https://files.catbox.moe/ctvhwb.webm",
        "LinkMp3": "https://files.catbox.moe/s3uzuy.mp3",
        "annId": 18698
    },
    {
        "animeEng": "Fuuka",
        "animeRomaji": "Fuuka",
        "songName": "fair wind",
        "artist": "Lynn",
        "type": "Ending 3",
        "correctCount": 38,
        "startTime": 119,
        "songDuration": 163.896,
        "songNumber": 81,
        "activePlayerCount": 97,
        "LinkVideo": "https://files.catbox.moe/5btkvb.webm",
        "LinkMp3": "https://files.catbox.moe/bqfl5s.mp3",
        "annId": 18879
    },
    {
        "animeEng": "Re:ZERO -Starting Life in Another World-",
        "animeRomaji": "Re:Zero kara Hajimeru Isekai Seikatsu",
        "songName": "Realize",
        "artist": "Konomi Suzuki",
        "type": "Opening 1",
        "correctCount": 72,
        "startTime": 48,
        "songDuration": 88.056,
        "songNumber": 82,
        "activePlayerCount": 97,
        "LinkVideo": "https://files.catbox.moe/b3o2ky.webm",
        "LinkMp3": "https://files.catbox.moe/k5vt7c.mp3",
        "annId": 22005
    },
    {
        "animeEng": "Galilei Donna",
        "animeRomaji": "Galilei Donna",
        "songName": "Synchromanica",
        "artist": "Negoto",
        "type": "Opening 1",
        "correctCount": 31,
        "startTime": 39,
        "songDuration": 88.896,
        "songNumber": 83,
        "activePlayerCount": 97,
        "LinkVideo": "https://files.catbox.moe/tfgjzw.webm",
        "LinkMp3": "https://files.catbox.moe/5iea51.mp3",
        "annId": 15497
    },
    {
        "animeEng": "A Town Where You Live",
        "animeRomaji": "Kimi no Iru Machi",
        "songName": "Am I Ready?",
        "artist": "MimimemeMIMI",
        "type": "Insert Song",
        "correctCount": 29,
        "startTime": 59,
        "songDuration": 146.136,
        "songNumber": 84,
        "activePlayerCount": 97,
        "LinkVideo": "https://files.catbox.moe/alof53.webm",
        "LinkMp3": "https://files.catbox.moe/mx6bjt.mp3",
        "annId": 15195
    },
    {
        "animeEng": "Ensemble Stars!",
        "animeRomaji": "EnStars",
        "songName": "CHERRY HAPPY STREAM",
        "artist": "Trickstar",
        "type": "Insert Song",
        "correctCount": 18,
        "startTime": 5,
        "songDuration": 34.44,
        "songNumber": 85,
        "activePlayerCount": 95,
        "LinkVideo": "https://files.catbox.moe/szwjt8.webm",
        "LinkMp3": "https://files.catbox.moe/a4etvb.mp3",
        "annId": 22259
    }
]