[
    {
        "animeEng": "Cardfight!! Vanguard: Shinemon-hen",
        "animeRomaji": "Cardfight!! Vanguard: Shinemon-hen",
        "songName": "Gift",
        "artist": "Argonavis",
        "type": "Ending 1",
        "correctCount": 1,
        "startTime": 3,
        "songDuration": 89.064,
        "songNumber": 1,
        "activePlayerCount": 203,
        "LinkVideo": "https://files.catbox.moe/rdgm6a.webm",
        "LinkMp3": "https://files.catbox.moe/l699nt.mp3",
        "annId": 22336,
        "correctPlayers": [
            "Kiriverter"
        ]
    },
    {
        "animeEng": "Black Clover",
        "animeRomaji": "Black Clover",
        "songName": "Dream on",
        "artist": "angela",
        "type": "Ending 1",
        "correctCount": 16,
        "startTime": 3,
        "songDuration": 90.068656,
        "songNumber": 2,
        "activePlayerCount": 202,
        "LinkVideo": "https://files.catbox.moe/o3g3zw.webm",
        "LinkMp3": "https://files.catbox.moe/ewopgs.mp3",
        "annId": 18802
    },
    {
        "animeEng": "Robot King Daioja",
        "animeRomaji": "Saiky\u014d Robo Dai\u014dja",
        "songName": "Saikyo Robo Daiohja",
        "artist": "Isao Taira",
        "type": "Opening 1",
        "correctCount": 2,
        "startTime": 7,
        "songDuration": 87.888,
        "songNumber": 3,
        "activePlayerCount": 202,
        "LinkVideo": "https://files.catbox.moe/sj2pe8.webm",
        "LinkMp3": "https://files.catbox.moe/6hlc4a.mp3",
        "annId": 2461,
        "correctPlayers": [
            "SalmonTohsaka",
            "TKN"
        ]
    },
    {
        "animeEng": "Doraemon the Movie: Nobita's Chronicle of the Moon Exploration",
        "animeRomaji": "Doraemon the Movie: Nobita's Chronicle of the Moon Exploration",
        "songName": "THE GIFT",
        "artist": "Dai Hirai",
        "type": "Ending 1",
        "correctCount": 6,
        "startTime": 110,
        "songDuration": 200.064,
        "songNumber": 4,
        "activePlayerCount": 202,
        "LinkVideo": "https://files.catbox.moe/o4txkx.webm",
        "LinkMp3": "https://files.catbox.moe/ivyj0j.mp3",
        "annId": 22155
    },
    {
        "animeEng": "Pok\u00e9mon the Movie: Volcanion and the Mechanical Marvel",
        "animeRomaji": "Gekij\u014dban Pocket Monsters XY&Z: Volcanion to Karakuri no Magearna",
        "songName": "XY&Z -movie ver.-",
        "artist": "Rica Matsumoto",
        "type": "Opening 1",
        "correctCount": 40,
        "startTime": 44,
        "songDuration": 115.056,
        "songNumber": 5,
        "activePlayerCount": 202,
        "LinkVideo": "https://files.catbox.moe/0rsa9h.webm",
        "LinkMp3": "https://files.catbox.moe/f0axzk.mp3",
        "annId": 18227
    },
    {
        "animeEng": "Wagnaria!!2",
        "animeRomaji": "Working'!!",
        "songName": "COOLISH WALK",
        "artist": "Kana Asumi, Eri Kitamura, Saki Fujita",
        "type": "Opening 1",
        "correctCount": 46,
        "startTime": 49,
        "songDuration": 89.04,
        "songNumber": 6,
        "activePlayerCount": 202,
        "LinkVideo": "https://files.catbox.moe/doyuoi.webm",
        "LinkMp3": "https://files.catbox.moe/zqtnu2.mp3",
        "annId": 12841
    },
    {
        "animeEng": "Inazuma Eleven GO: Kyuukyoku no Kizuna Gryphon",
        "animeRomaji": "Inazuma Eleven GO: Kyuukyoku no Kizuna Gryphon",
        "songName": "Niji o Koete Ten made Todoke",
        "artist": "T-Pistonz+KMC",
        "type": "Opening 1",
        "correctCount": 14,
        "startTime": 97,
        "songDuration": 129.068802,
        "songNumber": 7,
        "activePlayerCount": 200,
        "LinkVideo": "https://files.catbox.moe/4mln97.webm",
        "LinkMp3": "https://files.catbox.moe/bgrk0b.mp3",
        "annId": 13199
    },
    {
        "animeEng": "Cowboy Bebop",
        "animeRomaji": "Cowboy Bebop",
        "songName": "Papa Plastic",
        "artist": "Gabriela Robin",
        "type": "Insert Song",
        "correctCount": 29,
        "startTime": 20,
        "songDuration": 49.104,
        "songNumber": 8,
        "activePlayerCount": 200,
        "LinkVideo": "https://files.catbox.moe/rmfmgt.webm",
        "LinkMp3": "https://files.catbox.moe/fm0gos.mp3",
        "annId": 13
    },
    {
        "animeEng": "Love Live! School Idol Project",
        "animeRomaji": "Love Live! School Idol Project",
        "songName": "Mogyutto \"love\" de Sekkinchuu!",
        "artist": "\u03bc's",
        "type": "Insert Song",
        "correctCount": 23,
        "startTime": 245,
        "songDuration": 334.8,
        "songNumber": 9,
        "activePlayerCount": 199,
        "LinkVideo": "https://files.catbox.moe/opwgqs.webm",
        "LinkMp3": "https://files.catbox.moe/jykhzt.mp3",
        "annId": 22080
    },
    {
        "animeEng": "Beelzebub",
        "animeRomaji": "Beelzebub",
        "songName": "Tsuyogari",
        "artist": "Shoko Nakagawa",
        "type": "Ending 2",
        "correctCount": 7,
        "startTime": 59,
        "songDuration": 89.568,
        "songNumber": 10,
        "activePlayerCount": 199,
        "LinkVideo": "https://files.catbox.moe/00cq97.webm",
        "LinkMp3": "https://files.catbox.moe/cceezd.mp3",
        "annId": 11858
    },
    {
        "animeEng": "Haikara-San: Here Comes Miss Modern Part 2",
        "animeRomaji": "Haikara-san ga T\u014dru K\u014dhen: Hana no T\u014dky\u014d Dai Roman",
        "songName": "Gondola no Uta",
        "artist": "Saori Hayami & Asami Seto",
        "type": "Insert Song",
        "correctCount": 8,
        "startTime": 41,
        "songDuration": 77.016,
        "songNumber": 11,
        "activePlayerCount": 199,
        "LinkVideo": "https://files.catbox.moe/auql80.webm",
        "LinkMp3": "https://files.catbox.moe/m3fdqh.mp3",
        "annId": 21021
    },
    {
        "animeEng": "Hyperdimension Neptunia",
        "animeRomaji": "Ch\u014djigen Game Neptune The Animation",
        "songName": "Hard beat\u00d7Break beat",
        "artist": "nao",
        "type": "Insert Song",
        "correctCount": 28,
        "startTime": 50,
        "songDuration": 126.312,
        "songNumber": 12,
        "activePlayerCount": 198,
        "LinkVideo": "https://files.catbox.moe/m96xsd.webm",
        "LinkMp3": "https://files.catbox.moe/r19edj.mp3",
        "annId": 15000
    },
    {
        "animeEng": "Hidamari Sketch \u00d7 Hoshimittsu",
        "animeRomaji": "Hidamari Sketch \u00d7 \u2606\u2606\u2606",
        "songName": "Dekiru Kanatte\u2606\u2606\u2606",
        "artist": "Kana Asumi, Kaori Mizuhashi, Yuko Goto, Ryoko Shintani",
        "type": "Opening 1",
        "correctCount": 20,
        "startTime": 61,
        "songDuration": 89.424,
        "songNumber": 13,
        "activePlayerCount": 197,
        "LinkVideo": "https://files.catbox.moe/16v9tb.webm",
        "LinkMp3": "https://files.catbox.moe/a8kbsa.mp3",
        "annId": 11047
    },
    {
        "animeEng": "Nanatsu-iro\u2605Drops",
        "animeRomaji": "Nanatsu-iro\u2605Drops",
        "songName": "mo.o!",
        "artist": "LOVERIN TAMBURIN",
        "type": "Ending 1",
        "correctCount": 8,
        "startTime": 58,
        "songDuration": 89.064,
        "songNumber": 14,
        "activePlayerCount": 197,
        "LinkVideo": "https://files.catbox.moe/wkmw0v.webm",
        "LinkMp3": "https://files.catbox.moe/8e0w0n.mp3",
        "annId": 7645
    },
    {
        "animeEng": "Genocidal Organ",
        "animeRomaji": "Gyakusatsu Kikan",
        "songName": "Reloaded",
        "artist": "EGOIST",
        "type": "Ending 1",
        "correctCount": 30,
        "startTime": 62,
        "songDuration": 301.896,
        "songNumber": 15,
        "activePlayerCount": 198,
        "LinkVideo": "https://files.catbox.moe/6plv2c.webm",
        "LinkMp3": "https://files.catbox.moe/g4jpvd.mp3",
        "annId": 16581
    },
    {
        "animeEng": "Chiruran 1/2",
        "animeRomaji": "Chiruran Nibun no Ichi",
        "songName": "Boku no Te ni Fureru na",
        "artist": "Kamisama, Boku wa Kizuite Shimatta",
        "type": "Opening 1",
        "correctCount": 27,
        "startTime": 0,
        "songDuration": 29.568,
        "songNumber": 16,
        "activePlayerCount": 197,
        "LinkVideo": "https://files.catbox.moe/fsjo9b.webm",
        "LinkMp3": "https://files.catbox.moe/x7vcep.mp3",
        "annId": 18805
    },
    {
        "animeEng": "DRAMAtical Murder",
        "animeRomaji": "DRAMAtical Murder",
        "songName": "Tenshi-tachi",
        "artist": "GOATBED",
        "type": "Ending 6",
        "correctCount": 26,
        "startTime": 62,
        "songDuration": 91.087414,
        "songNumber": 17,
        "activePlayerCount": 197,
        "LinkVideo": "https://files.catbox.moe/9w63mx.webm",
        "LinkMp3": "https://files.catbox.moe/ppeudu.mp3",
        "annId": 16101
    },
    {
        "animeEng": "Ai-Mai-Mi Surgical Friends",
        "animeRomaji": "Choboraunyopomi Gekij\u014d Daisanmaku Ai Mai Mi: Surgical Friends",
        "songName": "Lucky Chance o Nigasanaide",
        "artist": "Aya Uchida, Maaya Uchida, Yuka \u014ctsubo",
        "type": "Ending 1",
        "correctCount": 8,
        "startTime": 11,
        "songDuration": 44.856,
        "songNumber": 18,
        "activePlayerCount": 195,
        "LinkVideo": "https://files.catbox.moe/d67m4p.webm",
        "LinkMp3": "https://files.catbox.moe/q7ql25.mp3",
        "annId": 18869
    },
    {
        "animeEng": "The iDOLM@STER SideM: 315 Variety Pack! Made In Passion!",
        "animeRomaji": "The iDOLM@STER SideM: 315 Variety Pack! Made In Passion!",
        "songName": "Reason!!",
        "artist": "315 STARS",
        "type": "Ending 1",
        "correctCount": 26,
        "startTime": 32,
        "songDuration": 101.376,
        "songNumber": 19,
        "activePlayerCount": 196,
        "LinkVideo": "https://files.catbox.moe/gdc8x6.webm",
        "LinkMp3": "https://files.catbox.moe/wams7d.mp3",
        "annId": 22443
    },
    {
        "animeEng": "Gourmet Girl Graffiti",
        "animeRomaji": "K\u014dfuku Graffiti",
        "songName": "Shiawase ni Tsuite Watashi ga Shitteiru Itsutsu no H\u014dh\u014d",
        "artist": "Maaya Sakamoto",
        "type": "Opening 1",
        "correctCount": 43,
        "startTime": 38,
        "songDuration": 90.01795,
        "songNumber": 20,
        "activePlayerCount": 196,
        "LinkVideo": "https://files.catbox.moe/gb8vz4.webm",
        "LinkMp3": "https://files.catbox.moe/hjkg6f.mp3",
        "annId": 16131
    },
    {
        "animeEng": "Idoly Pride",
        "animeRomaji": "Idoly Pride",
        "songName": "Aile to Yell",
        "artist": "TRINITYAiLE",
        "type": "Insert Song",
        "correctCount": 28,
        "startTime": 0,
        "songDuration": 33.768,
        "songNumber": 21,
        "activePlayerCount": 196,
        "LinkVideo": "https://files.catbox.moe/fnfkoi.webm",
        "LinkMp3": "https://files.catbox.moe/y7iov4.mp3",
        "annId": 22923
    },
    {
        "animeEng": ".hack//G.U. Trilogy",
        "animeRomaji": ".hack//G.U. Trilogy",
        "songName": "Liar's Smile",
        "artist": "Tomoyo Mitani (LieN)",
        "type": "Insert Song",
        "correctCount": 5,
        "startTime": 108,
        "songDuration": 174.144,
        "songNumber": 22,
        "activePlayerCount": 195,
        "LinkVideo": "https://files.catbox.moe/sala8m.webm",
        "LinkMp3": "https://files.catbox.moe/ws89r4.mp3",
        "annId": 8719,
        "correctPlayers": [
            "Kiriverter",
            "bang463",
            "Alphecca",
            "theyingster",
            "watashiii"
        ]
    },
    {
        "animeEng": "KING OF PRISM by PrettyRhythm",
        "animeRomaji": "KING OF PRISM by PrettyRhythm",
        "songName": "Flavor",
        "artist": "Over The Rainbow",
        "type": "Insert Song",
        "correctCount": 4,
        "startTime": 51,
        "songDuration": 201.264,
        "songNumber": 23,
        "activePlayerCount": 194,
        "LinkVideo": "https://files.catbox.moe/27te0h.webm",
        "LinkMp3": "https://files.catbox.moe/w4vayc.mp3",
        "annId": 17699,
        "correctPlayers": [
            "TrueFortune",
            "EruisKawaii",
            "AoiKiriya",
            "Alphecca"
        ]
    },
    {
        "animeEng": "Full Metal Panic!",
        "animeRomaji": "Full Metal Panic!",
        "songName": "tomorrow",
        "artist": "Mikuni Shimokawa",
        "type": "Opening 1",
        "correctCount": 65,
        "startTime": 29,
        "songDuration": 90.072,
        "songNumber": 24,
        "activePlayerCount": 195,
        "LinkVideo": "https://files.catbox.moe/3ngrsr.webm",
        "LinkMp3": "https://files.catbox.moe/u2kngn.mp3",
        "annId": 844
    },
    {
        "animeEng": "Kamisama Kazoku",
        "animeRomaji": "Kamisama Kazoku",
        "songName": "Brand New Morning",
        "artist": "Mai Mizuhashi",
        "type": "Opening 1",
        "correctCount": 15,
        "startTime": 30,
        "songDuration": 86.52,
        "songNumber": 25,
        "activePlayerCount": 194,
        "LinkVideo": "https://files.catbox.moe/j2jbzd.webm",
        "LinkMp3": "https://files.catbox.moe/pdkhfl.mp3",
        "annId": 6548
    },
    {
        "animeEng": "Yokohama Shopping Log",
        "animeRomaji": "Yokohama Kaidashi Kikou",
        "songName": "T\u014di Machi",
        "artist": "GONTITI feat. Hekiru Shiina",
        "type": "Insert Song",
        "correctCount": 17,
        "startTime": 18,
        "songDuration": 102.216,
        "songNumber": 26,
        "activePlayerCount": 195,
        "LinkVideo": "https://files.catbox.moe/qgzowx.webm",
        "LinkMp3": "https://files.catbox.moe/98sbm1.mp3",
        "annId": 1156
    },
    {
        "animeEng": "Mobile Suit Gundam 0080: War in the Pocket",
        "animeRomaji": "Kid\u014d Senshi Gundam 0080: Pocket no Naka no Sens\u014d",
        "songName": "Itsuka Sora ni Todoite",
        "artist": "Megumi Shiina",
        "type": "Opening 1",
        "correctCount": 29,
        "startTime": 4,
        "songDuration": 100.512,
        "songNumber": 27,
        "activePlayerCount": 194,
        "LinkVideo": "https://files.catbox.moe/hva6fj.webm",
        "LinkMp3": "https://files.catbox.moe/u3y2mq.mp3",
        "annId": 22
    },
    {
        "animeEng": "Aikatsu!",
        "animeRomaji": "Aikatsu!",
        "songName": "Lovely Party Collection",
        "artist": "Ruka\u30fbMona\u30fbMiki from AIKATSU\u2606STARS!",
        "type": "Opening 2",
        "correctCount": 70,
        "startTime": 18,
        "songDuration": 89.184,
        "songNumber": 28,
        "activePlayerCount": 192,
        "LinkVideo": "https://files.catbox.moe/m0nv66.webm",
        "LinkMp3": "https://files.catbox.moe/ti7pok.mp3",
        "annId": 16165
    },
    {
        "animeEng": "Kiratto Pri\u2606Chan",
        "animeRomaji": "Kiratto Pri\u2606Chan",
        "songName": "Miracle Coaster",
        "artist": "Miracle\u2606Kiratts",
        "type": "Insert Song",
        "correctCount": 16,
        "startTime": 76,
        "songDuration": 132.768,
        "songNumber": 29,
        "activePlayerCount": 191,
        "LinkVideo": "https://files.catbox.moe/ottgz7.webm",
        "LinkMp3": "https://files.catbox.moe/rwmbnp.mp3",
        "annId": 23131
    },
    {
        "animeEng": "BanG Dream! 3rd Season",
        "animeRomaji": "BanG Dream! 3rd Season",
        "songName": "Poppin' Shuffle",
        "artist": "Poppin'Party",
        "type": "Insert Song",
        "correctCount": 23,
        "startTime": 64,
        "songDuration": 121.176,
        "songNumber": 30,
        "activePlayerCount": 190,
        "LinkVideo": "https://files.catbox.moe/1okkif.webm",
        "LinkMp3": "https://files.catbox.moe/c0yol5.mp3",
        "annId": 22909
    },
    {
        "animeEng": "Onegai My Melody",
        "animeRomaji": "Onegai My Melody",
        "songName": "Oto Melody",
        "artist": "Mikako Takahashi",
        "type": "Opening 1",
        "correctCount": 79,
        "startTime": 7,
        "songDuration": 89.16,
        "songNumber": 31,
        "activePlayerCount": 189,
        "LinkVideo": "https://files.catbox.moe/l9h3vx.webm",
        "LinkMp3": "https://files.catbox.moe/on2an9.mp3",
        "annId": 5103
    },
    {
        "animeEng": "Avenger",
        "animeRomaji": "Avenger",
        "songName": "Mirai no Eve",
        "artist": "ALI PROJECT",
        "type": "Ending 1",
        "correctCount": 27,
        "startTime": 25,
        "songDuration": 89.184,
        "songNumber": 32,
        "activePlayerCount": 190,
        "LinkVideo": "https://files.catbox.moe/fyf6o6.webm",
        "LinkMp3": "https://files.catbox.moe/2c3apk.mp3",
        "annId": 2655
    },
    {
        "animeEng": "Inuyasha the Movie: Affections Touching Across Time",
        "animeRomaji": "InuYasha: Toki o Koeru Omoi",
        "songName": "no more words",
        "artist": "Ayumi Hamasaki",
        "type": "Ending 1",
        "correctCount": 12,
        "startTime": 89,
        "songDuration": 219.215824,
        "songNumber": 33,
        "activePlayerCount": 190,
        "LinkVideo": "https://files.catbox.moe/xm6cid.webm",
        "LinkMp3": "https://files.catbox.moe/nu9c45.mp3",
        "annId": 294
    },
    {
        "animeEng": "ORESUKI Are You the Only One Who Loves Me?",
        "animeRomaji": "Ore o Suki nano wa Omae Dake ka yo",
        "songName": "Hanakotoba",
        "artist": "Haruka Tomatsu, Haruka Shiraishi, Sachika Misawa",
        "type": "Ending 1",
        "correctCount": 34,
        "startTime": 105,
        "songDuration": 235.608,
        "songNumber": 34,
        "activePlayerCount": 189,
        "LinkVideo": "https://files.catbox.moe/ai876i.webm",
        "LinkMp3": "https://files.catbox.moe/xb8now.mp3",
        "annId": 22950
    },
    {
        "animeEng": "The Pet Girl of Sakurasou",
        "animeRomaji": "Sakura-s\u014d no Pet na Kanojo",
        "songName": "Kyou no Hi wa Sayounara",
        "artist": "Suimei Koukou Seito Ichidou",
        "type": "Ending 3",
        "correctCount": 76,
        "startTime": 51,
        "songDuration": 133.704,
        "songNumber": 35,
        "activePlayerCount": 189,
        "LinkVideo": "https://files.catbox.moe/ylxhpv.webm",
        "LinkMp3": "https://files.catbox.moe/v3l3et.mp3",
        "annId": 14238
    },
    {
        "animeEng": "Today in Class 5-2",
        "animeRomaji": "Ky\u014d no 5 no 2",
        "songName": "Nisemono",
        "artist": "Friends",
        "type": "Opening 1",
        "correctCount": 12,
        "startTime": 53,
        "songDuration": 90,
        "songNumber": 36,
        "activePlayerCount": 189,
        "LinkVideo": "https://files.catbox.moe/nh2suw.webm",
        "LinkMp3": "https://files.catbox.moe/k6nu9p.mp3",
        "annId": 10167
    },
    {
        "animeEng": "Aqua Age",
        "animeRomaji": "Mizu-iro Jidai",
        "songName": "Tenshi kara For You",
        "artist": "Masami Suzuki",
        "type": "Insert Song",
        "correctCount": 0,
        "startTime": 64,
        "songDuration": 118.646124,
        "songNumber": 37,
        "activePlayerCount": 189,
        "LinkVideo": "https://files.catbox.moe/mtzv7n.webm",
        "LinkMp3": "https://files.catbox.moe/btettb.mp3",
        "annId": 1162
    },
    {
        "animeEng": "Tsugumomo",
        "animeRomaji": "Tsugumomo",
        "songName": "METAMORISER",
        "artist": "Band Ja Naimon!",
        "type": "Opening 1",
        "correctCount": 38,
        "startTime": 54,
        "songDuration": 89.04,
        "songNumber": 38,
        "activePlayerCount": 189,
        "LinkVideo": "https://files.catbox.moe/t29h7x.webm",
        "LinkMp3": "https://files.catbox.moe/h1fa24.mp3",
        "annId": 18895
    },
    {
        "animeEng": "Zoids Wild Zero",
        "animeRomaji": "Zoids Wild Zero",
        "songName": "Na mo Naki Tabi",
        "artist": "Hazuki Senda",
        "type": "Ending 4",
        "correctCount": 2,
        "startTime": 38,
        "songDuration": 88.176,
        "songNumber": 39,
        "activePlayerCount": 189,
        "LinkVideo": "https://files.catbox.moe/7jnbgl.webm",
        "LinkMp3": "https://files.catbox.moe/mjth5n.mp3",
        "annId": 22468,
        "correctPlayers": [
            "angelofeternity",
            "shadowpandax"
        ]
    },
    {
        "animeEng": "keroro",
        "animeRomaji": "keroro",
        "songName": "Keroro\u2606Popstar",
        "artist": "Mayumi Goj\u014d",
        "type": "Opening 1",
        "correctCount": 85,
        "startTime": 0,
        "songDuration": 24.984,
        "songNumber": 40,
        "activePlayerCount": 187,
        "LinkVideo": "https://files.catbox.moe/w2gxvl.webm",
        "LinkMp3": "https://files.catbox.moe/heke2l.mp3",
        "annId": 15768
    },
    {
        "animeEng": "Kemono Friends 2",
        "animeRomaji": "Kemono Friends 2",
        "songName": "Notteke! Japaribeat",
        "artist": "D\u014dbutsu Biscuits\u00d7PPP",
        "type": "Opening 1",
        "correctCount": 40,
        "startTime": 12,
        "songDuration": 90.072,
        "songNumber": 41,
        "activePlayerCount": 186,
        "LinkVideo": "https://files.catbox.moe/cfm4vw.webm",
        "LinkMp3": "https://files.catbox.moe/1eo9z2.mp3",
        "annId": 21589
    },
    {
        "animeEng": "Isekai Cheat Magician",
        "animeRomaji": "Isekai Cheat Magician",
        "songName": "PANTA RHEI",
        "artist": "MYTH & ROID",
        "type": "Opening 1",
        "correctCount": 83,
        "startTime": 14,
        "songDuration": 89.52,
        "songNumber": 42,
        "activePlayerCount": 185,
        "LinkVideo": "https://files.catbox.moe/aysvui.webm",
        "LinkMp3": "https://files.catbox.moe/3fizpn.mp3",
        "annId": 21891
    },
    {
        "animeEng": "Wake Up, Girls!",
        "animeRomaji": "Wake Up, Girls!",
        "songName": "Taiyou Iwaku Moeyo Chaos",
        "artist": "Miyu Takagi",
        "type": "Insert Song",
        "correctCount": 42,
        "startTime": 3,
        "songDuration": 31.776,
        "songNumber": 43,
        "activePlayerCount": 183,
        "LinkVideo": "https://files.catbox.moe/j3ndfr.webm",
        "LinkMp3": "https://files.catbox.moe/dhkebh.mp3",
        "annId": 15510
    },
    {
        "animeEng": "Is the Order a Rabbit?? Season 2",
        "animeRomaji": "Gochuumon wa Usagi Desu ka??",
        "songName": "Nantonaku Mirai",
        "artist": "Petit Rabbit's",
        "type": "Ending 2",
        "correctCount": 22,
        "startTime": 50,
        "songDuration": 87.552,
        "songNumber": 44,
        "activePlayerCount": 183,
        "LinkVideo": "https://files.catbox.moe/uah1iz.webm",
        "LinkMp3": "https://files.catbox.moe/5e2q2j.mp3",
        "annId": 16737
    },
    {
        "animeEng": "Saint Seiya: The Heated Battle of the Gods",
        "animeRomaji": "Saint Seiya: Kamigami no Atsuki Tatakai",
        "songName": "Pegasus Fantasy",
        "artist": "MAKE-UP",
        "type": "Opening 1",
        "correctCount": 155,
        "startTime": 53,
        "songDuration": 82.968,
        "songNumber": 45,
        "activePlayerCount": 183,
        "LinkVideo": "https://files.catbox.moe/w7t8yo.webm",
        "LinkMp3": "https://files.catbox.moe/pqfrcp.mp3",
        "annId": 3330
    },
    {
        "animeEng": "Aqua Kids",
        "animeRomaji": "Aqua Kids",
        "songName": "Boukensha-tachi",
        "artist": "Kohei Dojima",
        "type": "Ending 1",
        "correctCount": 1,
        "startTime": 4,
        "songDuration": 84.552,
        "songNumber": 46,
        "activePlayerCount": 183,
        "LinkVideo": "https://files.catbox.moe/wr5uz0.webm",
        "LinkMp3": "https://files.catbox.moe/r4od6h.mp3",
        "annId": 4499,
        "correctPlayers": [
            "TheChump"
        ]
    },
    {
        "animeEng": "Love Hina",
        "animeRomaji": "Love Hina",
        "songName": "Hajimari wa Kokokara",
        "artist": "Megumi Hayashibara",
        "type": "Ending 2",
        "correctCount": 21,
        "startTime": 8,
        "songDuration": 74.16,
        "songNumber": 47,
        "activePlayerCount": 180,
        "LinkVideo": "https://files.catbox.moe/hgv1fo.webm",
        "LinkMp3": "https://files.catbox.moe/u62yfi.mp3",
        "annId": 168
    },
    {
        "animeEng": "Digimon Savers the Movie: Ultimate Power! Burst Mode Invoke!!",
        "animeRomaji": "Digimon Savers the Movie Kyuukyoku Power! Burst Mode Hatsudou!!",
        "songName": "Hirari",
        "artist": "Kouji Wada",
        "type": "Ending 1",
        "correctCount": 42,
        "startTime": 9,
        "songDuration": 59.088,
        "songNumber": 48,
        "activePlayerCount": 180,
        "LinkVideo": "https://files.catbox.moe/j9i5uf.webm",
        "LinkMp3": "https://files.catbox.moe/1ofymx.mp3",
        "annId": 6866
    },
    {
        "animeEng": "Saint Seiya: Legend of Crimson Youth",
        "animeRomaji": "Saint Seiya: Shinku no Sh\u014dnen Densetsu",
        "songName": "YOU ARE MY REASON TO BE ~Ai wa Hitomi no Naka ni~",
        "artist": "Hitomi Toyama & Oren Waters",
        "type": "Ending 1",
        "correctCount": 1,
        "startTime": 110,
        "songDuration": 152.68309,
        "songNumber": 49,
        "activePlayerCount": 181,
        "LinkVideo": "https://files.catbox.moe/j2x9ou.webm",
        "LinkMp3": "https://files.catbox.moe/kmol15.mp3",
        "annId": 3331,
        "correctPlayers": [
            "TheChump"
        ]
    },
    {
        "animeEng": "Love Live! Nijigasaki High School Idol Club",
        "animeRomaji": "Love Live! Nijigasaki Gakuen School Idol D\u014dk\u014dkai",
        "songName": "Poppin' Up",
        "artist": "Mayu Sagara",
        "type": "Insert Song",
        "correctCount": 31,
        "startTime": 39,
        "songDuration": 90.048,
        "songNumber": 50,
        "activePlayerCount": 180,
        "LinkVideo": "https://files.catbox.moe/i87h38.webm",
        "LinkMp3": "https://files.catbox.moe/iw2jks.mp3",
        "annId": 22934
    },
    {
        "animeEng": "Fire Force Season 2",
        "animeRomaji": "Enen no Sh\u014db\u014dtai: Ni no Sh\u014d",
        "songName": "Torch of Liberty",
        "artist": "KANA-BOON",
        "type": "Opening 2",
        "correctCount": 79,
        "startTime": 52,
        "songDuration": 89.568,
        "songNumber": 51,
        "activePlayerCount": 179,
        "LinkVideo": "https://files.catbox.moe/2utlr0.webm",
        "LinkMp3": "https://files.catbox.moe/gac1dl.mp3",
        "annId": 22952
    },
    {
        "animeEng": "Tokimeki Tonight",
        "animeRomaji": "Tokimeki Tonight",
        "songName": "Super Love Lotion",
        "artist": "Harumi Kamo",
        "type": "Ending 1",
        "correctCount": 12,
        "startTime": 6,
        "songDuration": 72.336,
        "songNumber": 52,
        "activePlayerCount": 179,
        "LinkVideo": "https://files.catbox.moe/onrb6h.webm",
        "LinkMp3": "https://files.catbox.moe/q3ghjv.mp3",
        "annId": 1375
    },
    {
        "animeEng": "Bleach",
        "animeRomaji": "Bleach",
        "songName": "Hanabi",
        "artist": "Ikimono-gakari",
        "type": "Ending 7",
        "correctCount": 35,
        "startTime": 21,
        "songDuration": 88.584,
        "songNumber": 53,
        "activePlayerCount": 177,
        "LinkVideo": "https://files.catbox.moe/hetg5s.webm",
        "LinkMp3": "https://files.catbox.moe/1m949z.mp3",
        "annId": 4240
    },
    {
        "animeEng": "Night World",
        "animeRomaji": "Yoru no Kuni",
        "songName": "Trill",
        "artist": "Aimer",
        "type": "Ending 1",
        "correctCount": 29,
        "startTime": 55,
        "songDuration": 154.416,
        "songNumber": 54,
        "activePlayerCount": 177,
        "LinkVideo": "https://files.catbox.moe/khtshu.webm",
        "LinkMp3": "https://files.catbox.moe/kplzu0.mp3",
        "annId": 24298
    },
    {
        "animeEng": "Code Geass: Lelouch of the Re;surrection",
        "animeRomaji": "Code Geass: Fukkatsu no Lelouch",
        "songName": "Revive",
        "artist": "UNIONE",
        "type": "Ending 1",
        "correctCount": 78,
        "startTime": 149,
        "songDuration": 187.056,
        "songNumber": 55,
        "activePlayerCount": 177,
        "LinkVideo": "https://files.catbox.moe/cjlh6g.webm",
        "LinkMp3": "https://files.catbox.moe/vne9cv.mp3",
        "annId": 21251
    },
    {
        "animeEng": "Beyblade Burst Turbo",
        "animeRomaji": "Beyblade Burst Ch\u014dzetsu",
        "songName": "BEY-POP SWING",
        "artist": "Shun Kusakawa",
        "type": "Ending 2",
        "correctCount": 5,
        "startTime": 13,
        "songDuration": 88.710312,
        "songNumber": 56,
        "activePlayerCount": 177,
        "LinkVideo": "https://files.catbox.moe/061dty.webm",
        "LinkMp3": "https://files.catbox.moe/j3yuut.mp3",
        "annId": 20757,
        "correctPlayers": [
            "EruisKawaii",
            "shadowpandax",
            "theyingster",
            "Bai",
            "watashiii"
        ]
    },
    {
        "animeEng": "Maria Watches Over Us 3rd Season",
        "animeRomaji": "Maria-sama ga Miteru 3rd Season",
        "songName": "Maria-sama no Kokoro",
        "artist": "Kana Ueda",
        "type": "Insert Song",
        "correctCount": 10,
        "startTime": 24,
        "songDuration": 84.48,
        "songNumber": 57,
        "activePlayerCount": 177,
        "LinkVideo": "https://files.catbox.moe/egn4zj.webm",
        "LinkMp3": "https://files.catbox.moe/x93ox1.mp3",
        "annId": 6113
    },
    {
        "animeEng": "Duel Masters!!",
        "animeRomaji": "Duel Masters!!",
        "songName": "Curtain Call\u200b o Yurashite",
        "artist": "Rico Sasaki",
        "type": "Ending 3",
        "correctCount": 3,
        "startTime": 37,
        "songDuration": 88.752,
        "songNumber": 58,
        "activePlayerCount": 177,
        "LinkVideo": "https://files.catbox.moe/rk4kbl.webm",
        "LinkMp3": "https://files.catbox.moe/n1rtjm.mp3",
        "annId": 22321,
        "correctPlayers": [
            "Mami",
            "shadowpandax",
            "Bai"
        ]
    },
    {
        "animeEng": "Shaman King",
        "animeRomaji": "Shaman King",
        "songName": "#Boku no Yubisaki",
        "artist": "Megumi Hayashibara",
        "type": "Ending 1",
        "correctCount": 42,
        "startTime": 24,
        "songDuration": 87.408,
        "songNumber": 59,
        "activePlayerCount": 177,
        "LinkVideo": "https://files.catbox.moe/oj9g7e.webm",
        "LinkMp3": "https://files.catbox.moe/fj5et8.mp3",
        "annId": 23413
    },
    {
        "animeEng": "Battle Game in 5 Seconds",
        "animeRomaji": "Deatte 5-by\u014d de Battle",
        "songName": "Make Eve Jikkyou Play",
        "artist": "15-sai to Seiko Oomori",
        "type": "Ending 1",
        "correctCount": 26,
        "startTime": 10,
        "songDuration": 88.512,
        "songNumber": 60,
        "activePlayerCount": 178,
        "LinkVideo": "https://files.catbox.moe/1p13pp.webm",
        "LinkMp3": "https://files.catbox.moe/l4v0zu.mp3",
        "annId": 24129
    },
    {
        "animeEng": "White Album",
        "animeRomaji": "White Album",
        "songName": "Mugen",
        "artist": "Nana Mizuki",
        "type": "Ending 4",
        "correctCount": 20,
        "startTime": 63,
        "songDuration": 118.776,
        "songNumber": 61,
        "activePlayerCount": 176,
        "LinkVideo": "https://files.catbox.moe/f94vfs.webm",
        "LinkMp3": "https://files.catbox.moe/deqjk9.mp3",
        "annId": 10134
    },
    {
        "animeEng": "Love Live! School Idol Project",
        "animeRomaji": "Love Live! School Idol Project",
        "songName": "Music S.T.A.R.T!!",
        "artist": "\u03bc's",
        "type": "Insert Song",
        "correctCount": 67,
        "startTime": 248,
        "songDuration": 290.04,
        "songNumber": 62,
        "activePlayerCount": 176,
        "LinkVideo": "https://files.catbox.moe/m4mdcr.webm",
        "LinkMp3": "https://files.catbox.moe/bsrnbw.mp3",
        "annId": 21894
    },
    {
        "animeEng": "Overflow",
        "animeRomaji": "Overflow",
        "songName": "Renai\u2606Sensation",
        "artist": "Ringo Aoba & Ayaka Igasaki",
        "type": "Insert Song",
        "correctCount": 36,
        "startTime": 0,
        "songDuration": 27.168,
        "songNumber": 63,
        "activePlayerCount": 176,
        "LinkVideo": "https://files.catbox.moe/ian3hu.webm",
        "LinkMp3": "https://files.catbox.moe/7lnc56.mp3",
        "annId": 22921
    },
    {
        "animeEng": "Future GPX Cyber Formula Zero",
        "animeRomaji": "Future GPX Cyber Formula Zero",
        "songName": "Kaze no Okurimono",
        "artist": "Lisa \u014cki",
        "type": "Insert Song",
        "correctCount": 2,
        "startTime": 65,
        "songDuration": 104.616,
        "songNumber": 64,
        "activePlayerCount": 176,
        "LinkVideo": "https://files.catbox.moe/8pnbfb.webm",
        "LinkMp3": "https://files.catbox.moe/xmvrka.mp3",
        "annId": 4230,
        "correctPlayers": [
            "AleisterCrowley",
            "theyingster"
        ]
    },
    {
        "animeEng": "2112: The Birth of Doraemon",
        "animeRomaji": "2112-nen Doraemon Tanj\u014d",
        "songName": "Itoshi no Nyaao",
        "artist": "Chisa Yokoyama",
        "type": "Insert Song",
        "correctCount": 3,
        "startTime": 35,
        "songDuration": 80.472,
        "songNumber": 65,
        "activePlayerCount": 175,
        "LinkVideo": "https://files.catbox.moe/4da6mc.webm",
        "LinkMp3": "https://files.catbox.moe/0gwkdd.mp3",
        "annId": 1548,
        "correctPlayers": [
            "angelofeternity",
            "TowaSamaTenshi",
            "watashiii"
        ]
    },
    {
        "animeEng": "Haiyoru! Nyaruani",
        "animeRomaji": "Haiyoru! Nyaruani",
        "songName": "Suki, Suki, Daisuki.",
        "artist": "Kana Asumi",
        "type": "Ending 1",
        "correctCount": 8,
        "startTime": 2,
        "songDuration": 30.768,
        "songNumber": 66,
        "activePlayerCount": 175,
        "LinkVideo": "https://files.catbox.moe/8ezwm0.webm",
        "LinkMp3": "https://files.catbox.moe/2a4moo.mp3",
        "annId": 11256
    },
    {
        "animeEng": "Gangsta.",
        "animeRomaji": "Gangsta.",
        "songName": "Renegade",
        "artist": "STEREO DIVE FOUNDATION",
        "type": "Opening 1",
        "correctCount": 91,
        "startTime": 58,
        "songDuration": 88.608,
        "songNumber": 67,
        "activePlayerCount": 175,
        "LinkVideo": "https://files.catbox.moe/ijulld.webm",
        "LinkMp3": "https://files.catbox.moe/6dms3q.mp3",
        "annId": 16623
    },
    {
        "animeEng": "Graveyard Kitaro",
        "animeRomaji": "Hakaba Kitar\u014d",
        "songName": "Kimi ni Meroron",
        "artist": "Shoko Nakagawa",
        "type": "Insert Song",
        "correctCount": 6,
        "startTime": 95,
        "songDuration": 167.05019,
        "songNumber": 68,
        "activePlayerCount": 174,
        "LinkVideo": "https://files.catbox.moe/h0049a.webm",
        "LinkMp3": "https://files.catbox.moe/myj7mp.mp3",
        "annId": 8955
    },
    {
        "animeEng": "Mobile Suit Gundam 0080: War in the Pocket",
        "animeRomaji": "Kid\u014d Senshi Gundam 0080: Pocket no Naka no Sens\u014d",
        "songName": "Tooi Kioku",
        "artist": "Megumi Shiina",
        "type": "Ending 1",
        "correctCount": 13,
        "startTime": 23,
        "songDuration": 114.96,
        "songNumber": 69,
        "activePlayerCount": 174,
        "LinkVideo": "https://files.catbox.moe/z6qbu0.webm",
        "LinkMp3": "https://files.catbox.moe/yyc9ao.mp3",
        "annId": 22
    },
    {
        "animeEng": "Black Cat",
        "animeRomaji": "Black Cat",
        "songName": "Daia no Hana",
        "artist": "Yoriko",
        "type": "Opening 1",
        "correctCount": 57,
        "startTime": 51,
        "songDuration": 89.4,
        "songNumber": 70,
        "activePlayerCount": 175,
        "LinkVideo": "https://files.catbox.moe/d04ner.webm",
        "LinkMp3": "https://files.catbox.moe/spqyin.mp3",
        "annId": 5245
    },
    {
        "animeEng": "UFO Ultramaiden Valkyrie 2: December Nocturne",
        "animeRomaji": "UFO Princess Walk\u00fcre: Juunigatsu no Yas\u014dkyoku",
        "songName": "Meguriai",
        "artist": "Melocure",
        "type": "Opening 1",
        "correctCount": 13,
        "startTime": 42,
        "songDuration": 89.424,
        "songNumber": 71,
        "activePlayerCount": 173,
        "LinkVideo": "https://files.catbox.moe/6u66jp.webm",
        "LinkMp3": "https://files.catbox.moe/f8aphg.mp3",
        "annId": 3132
    },
    {
        "animeEng": "Moriarty the Patriot",
        "animeRomaji": "Yuukoku no Moriarty",
        "songName": "DYING WISH",
        "artist": "Tasuku Hatanaka",
        "type": "Opening 1",
        "correctCount": 97,
        "startTime": 34,
        "songDuration": 87.264,
        "songNumber": 72,
        "activePlayerCount": 171,
        "LinkVideo": "https://files.catbox.moe/itqhc1.webm",
        "LinkMp3": "https://files.catbox.moe/7rl5d4.mp3",
        "annId": 23515
    },
    {
        "animeEng": "Ojamajo Doremi #",
        "animeRomaji": "Ojamajo Doremi #",
        "songName": "Jingle Bell",
        "artist": "MAHO-dou",
        "type": "Insert Song",
        "correctCount": 45,
        "startTime": 4,
        "songDuration": 43.536,
        "songNumber": 73,
        "activePlayerCount": 174,
        "LinkVideo": "https://files.catbox.moe/n6u08z.webm",
        "LinkMp3": "https://files.catbox.moe/n66xo6.mp3",
        "annId": 1652
    },
    {
        "animeEng": "Zoids Genesis",
        "animeRomaji": "Zoids Genesis",
        "songName": "Nigirishimeta Sono Te ni",
        "artist": "Shizuka It\u014d\u00d7Kimiko Koyama",
        "type": "Ending 3",
        "correctCount": 1,
        "startTime": 30,
        "songDuration": 89.448,
        "songNumber": 74,
        "activePlayerCount": 175,
        "LinkVideo": "https://files.catbox.moe/5bo8ir.webm",
        "LinkMp3": "https://files.catbox.moe/lcvsk8.mp3",
        "annId": 5055,
        "correctPlayers": [
            "Bai"
        ]
    },
    {
        "animeEng": "Ninja Nonsense",
        "animeRomaji": "Ninin ga Shinobuden",
        "songName": "Shinobu Sanjou!",
        "artist": "Kiyomi Kumano",
        "type": "Opening 1",
        "correctCount": 13,
        "startTime": 26,
        "songDuration": 89.304,
        "songNumber": 75,
        "activePlayerCount": 173,
        "LinkVideo": "https://files.catbox.moe/hoqwxm.webm",
        "LinkMp3": "https://files.catbox.moe/ruj7eo.mp3",
        "annId": 4147
    },
    {
        "animeEng": "BanG Dream! 2nd Season",
        "animeRomaji": "BanG Dream! 2nd Season",
        "songName": "Dreamers Go!",
        "artist": "Poppin'Party",
        "type": "Insert Song",
        "correctCount": 69,
        "startTime": 58,
        "songDuration": 101.666824,
        "songNumber": 76,
        "activePlayerCount": 174,
        "LinkVideo": "https://files.catbox.moe/ehxoa6.webm",
        "LinkMp3": "https://files.catbox.moe/c666ei.mp3",
        "annId": 21289
    },
    {
        "animeEng": "Dororo",
        "animeRomaji": "Dororo",
        "songName": "Yamiyo",
        "artist": "Eve",
        "type": "Ending 2",
        "correctCount": 75,
        "startTime": 30,
        "songDuration": 89.568,
        "songNumber": 77,
        "activePlayerCount": 173,
        "LinkVideo": "https://files.catbox.moe/12t1uz.webm",
        "LinkMp3": "https://files.catbox.moe/ck16s6.mp3",
        "annId": 20779
    },
    {
        "animeEng": "Eiga HappinessCharge Precure! Ningy\u014d no Kuni no Ballerina",
        "animeRomaji": "Eiga HappinessCharge Precure! Ningy\u014d no Kuni no Ballerina",
        "songName": "Y\u016bki ga Umareru Basho",
        "artist": "Megumi Nakajima, Megumi Han, Rina Kitagawa, Haruka Tomatsu",
        "type": "Insert Song",
        "correctCount": 7,
        "startTime": 63,
        "songDuration": 227.966694,
        "songNumber": 78,
        "activePlayerCount": 174,
        "LinkVideo": "https://files.catbox.moe/6xsqtn.webm",
        "LinkMp3": "https://files.catbox.moe/a5mc3b.mp3",
        "annId": 16253
    },
    {
        "animeEng": "Shuffle! Memories",
        "animeRomaji": "Shuffle! Memories",
        "songName": "only one, only love",
        "artist": "Yuko Goto",
        "type": "Ending 2",
        "correctCount": 4,
        "startTime": 22,
        "songDuration": 152.688,
        "songNumber": 79,
        "activePlayerCount": 173,
        "LinkVideo": "https://files.catbox.moe/cx7p5x.webm",
        "LinkMp3": "https://files.catbox.moe/g7no7w.mp3",
        "annId": 7059,
        "correctPlayers": [
            "Kiriverter",
            "gaaw",
            "watashiii",
            "TheChump"
        ]
    },
    {
        "animeEng": "Basquash!",
        "animeRomaji": "Basquash!",
        "songName": "Hoshiwatari",
        "artist": "Megumi Nakajima (from Eclipse)",
        "type": "Ending 4",
        "correctCount": 1,
        "startTime": 5,
        "songDuration": 111.744,
        "songNumber": 80,
        "activePlayerCount": 173,
        "LinkVideo": "https://files.catbox.moe/5qmpd7.webm",
        "LinkMp3": "https://files.catbox.moe/ozv4zq.mp3",
        "annId": 10545,
        "correctPlayers": [
            "AleisterCrowley"
        ]
    },
    {
        "animeEng": "Ao-chan Can't Study!",
        "animeRomaji": "Midara na Ao-chan wa Benky\u014d ga Dekinai",
        "songName": "WONDERFUL WONDER",
        "artist": "EDOGA-SULLIVAN",
        "type": "Opening 1",
        "correctCount": 92,
        "startTime": 14,
        "songDuration": 58.56,
        "songNumber": 81,
        "activePlayerCount": 173,
        "LinkVideo": "https://files.catbox.moe/8tuk2e.webm",
        "LinkMp3": "https://files.catbox.moe/mpxpza.mp3",
        "annId": 21814
    },
    {
        "animeEng": "Love is Like a Cocktail",
        "animeRomaji": "Osake wa Fuufu ni Natte kara",
        "songName": "Don't Let Me Down",
        "artist": "Cellchrome",
        "type": "Ending 1",
        "correctCount": 69,
        "startTime": 0,
        "songDuration": 27.576,
        "songNumber": 82,
        "activePlayerCount": 173,
        "LinkVideo": "https://files.catbox.moe/8hvcg2.webm",
        "LinkMp3": "https://files.catbox.moe/kle99d.mp3",
        "annId": 20009
    },
    {
        "animeEng": "Professor Layton and the Eternal Diva",
        "animeRomaji": "Layton Ky\u014dju to Eien no Utahime",
        "songName": "Eien no Utahime",
        "artist": "Nana Mizuki",
        "type": "Ending 1",
        "correctCount": 22,
        "startTime": 137,
        "songDuration": 371.784,
        "songNumber": 83,
        "activePlayerCount": 173,
        "LinkVideo": "https://files.catbox.moe/bu1e1k.webm",
        "LinkMp3": "https://files.catbox.moe/d7z4a2.mp3",
        "annId": 10673
    },
    {
        "animeEng": "Beyblade Burst Dynamite Battle",
        "animeRomaji": "Beyblade Burst DB",
        "songName": "Butsukare! Dynamite Battle",
        "artist": "NORISTRY",
        "type": "Opening 1",
        "correctCount": 14,
        "startTime": 7,
        "songDuration": 42.792,
        "songNumber": 84,
        "activePlayerCount": 173,
        "LinkVideo": "https://files.catbox.moe/cv7kvs.webm",
        "LinkMp3": "https://files.catbox.moe/1i68e6.mp3",
        "annId": 24144
    },
    {
        "animeEng": "Eiga Smile Precure: Ehon no Naka wa Minna Chiguhagu!",
        "animeRomaji": "Eiga Smile Precure: Ehon no Naka wa Minna Chiguhagu!",
        "songName": "Let's go! Smile Precure!",
        "artist": "Aya Ikeda",
        "type": "Opening 1",
        "correctCount": 33,
        "startTime": 41,
        "songDuration": 83.544,
        "songNumber": 85,
        "activePlayerCount": 169,
        "LinkVideo": "https://files.catbox.moe/f6wxc0.webm",
        "LinkMp3": "https://files.catbox.moe/cazq55.mp3",
        "annId": 14431
    }
]