[
    {
        "animeEng": "Tonari no Seki-kun: The Master of Killing Time",
        "animeRomaji": "Tonari no Seki-kun",
        "songName": "Set Them Free",
        "artist": "Akira Jimbo feat. Ai Ikegami",
        "type": "Ending 1",
        "correctCount": 62,
        "startTime": 9,
        "songDuration": 44.112,
        "songNumber": 1,
        "activePlayerCount": 153,
        "LinkVideo": "https://files.catbox.moe/tl4wmo.webm",
        "LinkMp3": "https://files.catbox.moe/p5gby9.mp3",
        "annId": 15587
    },
    {
        "animeEng": "High School Star Musical",
        "animeRomaji": "STARMYU",
        "songName": "Angel Lost",
        "artist": "Yoshimasa Hosoya",
        "type": "Insert Song",
        "correctCount": 17,
        "startTime": 0,
        "songDuration": 27.576,
        "songNumber": 2,
        "activePlayerCount": 154,
        "LinkVideo": "https://files.catbox.moe/b60lvm.webm",
        "LinkMp3": "https://files.catbox.moe/6ply4i.mp3",
        "annId": 16892
    },
    {
        "animeEng": "Love Live! School Idol Project",
        "animeRomaji": "Love Live! School Idol Project",
        "songName": "Bokura wa Ima no Naka de",
        "artist": "\u03bc's",
        "type": "Insert Song",
        "correctCount": 101,
        "startTime": 17,
        "songDuration": 88.704,
        "songNumber": 3,
        "activePlayerCount": 153,
        "LinkVideo": "https://files.catbox.moe/muz9fm.webm",
        "LinkMp3": "https://files.catbox.moe/6a3nry.mp3",
        "annId": 15812
    },
    {
        "animeEng": "Hakuoki: Demon of the Fleeting Blossom: Warrior Spirit of the Blue Sky",
        "animeRomaji": "Haku\u014dki Dai-nish\u014d Shikon S\u014dkyuu",
        "songName": "Soukyuu no Hata",
        "artist": "Aika Yoshioka",
        "type": "Ending 1",
        "correctCount": 1,
        "startTime": 100,
        "songDuration": 375.024,
        "songNumber": 4,
        "activePlayerCount": 152,
        "LinkVideo": "https://files.catbox.moe/w8t0rs.webm",
        "LinkMp3": "https://files.catbox.moe/5ail95.mp3",
        "annId": 15827,
        "correctPlayers": [
            "yahallonyanpasu"
        ]
    },
    {
        "animeEng": "Puni Puni\u2605Poemy",
        "animeRomaji": "Puni Puni\u2605Poemy",
        "songName": "Kyou mo Watanabe Poemi-chan",
        "artist": "Yumiko Kobayashi",
        "type": "Insert Song",
        "correctCount": 24,
        "startTime": 13,
        "songDuration": 51.288,
        "songNumber": 5,
        "activePlayerCount": 152,
        "LinkVideo": "https://files.catbox.moe/c1di5k.webm",
        "LinkMp3": "https://files.catbox.moe/uuicpv.mp3",
        "annId": 865
    },
    {
        "animeEng": "B'T X Neo",
        "animeRomaji": "B'T X Neo",
        "songName": "Towa no Sono Saki ~YOU ARE THE BEST BUDDIES~",
        "artist": "Masaaki Endoh",
        "type": "Ending 1",
        "correctCount": 2,
        "startTime": 10,
        "songDuration": 88.536,
        "songNumber": 6,
        "activePlayerCount": 152,
        "LinkVideo": "https://files.catbox.moe/h6rq0z.webm",
        "LinkMp3": "https://files.catbox.moe/gt4xf7.mp3",
        "annId": 3279,
        "correctPlayers": [
            "IzumiSakai",
            "oh95"
        ]
    },
    {
        "animeEng": "Artiswitch",
        "animeRomaji": "Artiswitch",
        "songName": "color",
        "artist": "Hakubi",
        "type": "Insert Song",
        "correctCount": 3,
        "startTime": 86,
        "songDuration": 121.128,
        "songNumber": 7,
        "activePlayerCount": 151,
        "LinkVideo": "https://files.catbox.moe/w7pcnc.webm",
        "LinkMp3": "https://files.catbox.moe/by1a8x.mp3",
        "annId": 24373,
        "correctPlayers": [
            "iQuestGod",
            "yotsuyaiba",
            "SakurabaRola"
        ]
    },
    {
        "animeEng": "K",
        "animeRomaji": "K",
        "songName": "To be with U!",
        "artist": "angela",
        "type": "Ending 3",
        "correctCount": 25,
        "startTime": 37,
        "songDuration": 88.536,
        "songNumber": 8,
        "activePlayerCount": 151,
        "LinkVideo": "https://files.catbox.moe/aomotx.webm",
        "LinkMp3": "https://files.catbox.moe/sgmzxy.mp3",
        "annId": 14732
    },
    {
        "animeEng": "Slam Dunk: Zenkoku Seiha da! Sakuragi Hanamichi",
        "animeRomaji": "Slam Dunk: Zenkoku Seiha da! Sakuragi Hanamichi",
        "songName": "Sekai ga Owaru made wa",
        "artist": "WANDS",
        "type": "Ending 1",
        "correctCount": 24,
        "startTime": 22,
        "songDuration": 148.608,
        "songNumber": 9,
        "activePlayerCount": 151,
        "LinkVideo": "https://files.catbox.moe/ocvzjd.webm",
        "LinkMp3": "https://files.catbox.moe/dwl7hn.mp3",
        "annId": 1142
    },
    {
        "animeEng": "Wotakoi: Love is Hard for Otaku",
        "animeRomaji": "Otaku ni Koi wa Muzukashii",
        "songName": "Kimi no Tonari",
        "artist": "halca",
        "type": "Ending 1",
        "correctCount": 59,
        "startTime": 3,
        "songDuration": 90.048,
        "songNumber": 10,
        "activePlayerCount": 151,
        "LinkVideo": "https://files.catbox.moe/p8rw84.webm",
        "LinkMp3": "https://files.catbox.moe/meag6s.mp3",
        "annId": 24089
    },
    {
        "animeEng": "Canaan",
        "animeRomaji": "Canaan",
        "songName": "mind as Judgment",
        "artist": "Faylan",
        "type": "Opening 1",
        "correctCount": 30,
        "startTime": 25,
        "songDuration": 89.232,
        "songNumber": 11,
        "activePlayerCount": 151,
        "LinkVideo": "https://files.catbox.moe/c4ex1d.webm",
        "LinkMp3": "https://files.catbox.moe/2fms9h.mp3",
        "annId": 10270
    },
    {
        "animeEng": "Attack on Titan: Lost Girls",
        "animeRomaji": "Shingeki no Kyojin: Lost Girls",
        "songName": "Call your name <Gv>",
        "artist": "Gemie",
        "type": "Ending 1",
        "correctCount": 19,
        "startTime": 34,
        "songDuration": 89.572338,
        "songNumber": 12,
        "activePlayerCount": 150,
        "LinkVideo": "https://files.catbox.moe/pm7asz.webm",
        "LinkMp3": "https://files.catbox.moe/p1laqd.mp3",
        "annId": 20810
    },
    {
        "animeEng": "Soul Eater",
        "animeRomaji": "Soul Eater",
        "songName": "Bang! Bang! Bang! Bang! Have a Nice Dream",
        "artist": "Lotus Juice",
        "type": "Insert Song",
        "correctCount": 57,
        "startTime": 3,
        "songDuration": 38.765048,
        "songNumber": 13,
        "activePlayerCount": 150,
        "LinkVideo": "https://files.catbox.moe/l5rv4r.webm",
        "LinkMp3": "https://files.catbox.moe/t9qgia.mp3",
        "annId": 9070
    },
    {
        "animeEng": "Kochira Katsushika-ku Kamearikouen-mae Hashutsujo The Movie 2: UFO Shuurai! Tornado Daisakusen!!",
        "animeRomaji": "Kochira Katsushika-ku Kamearikouen-mae Hashutsujo The Movie 2: UFO Shuurai! Tornado Daisakusen!!",
        "songName": "Katare! Namida!",
        "artist": "SEX MACHINEGUN",
        "type": "Ending 1",
        "correctCount": 2,
        "startTime": 111,
        "songDuration": 155.03407,
        "songNumber": 14,
        "activePlayerCount": 150,
        "LinkVideo": "https://files.catbox.moe/3i2rlz.webm",
        "LinkMp3": "https://files.catbox.moe/8qit3a.mp3",
        "annId": 9704,
        "correctPlayers": [
            "revel_",
            "90s"
        ]
    },
    {
        "animeEng": "High-Rise Invasion",
        "animeRomaji": "Tenkuu Shinpan",
        "songName": "HON-NO",
        "artist": "EMPiRE",
        "type": "Opening 1",
        "correctCount": 26,
        "startTime": 0,
        "songDuration": 88.44,
        "songNumber": 15,
        "activePlayerCount": 150,
        "LinkVideo": "https://files.catbox.moe/r3k4e1.webm",
        "LinkMp3": "https://files.catbox.moe/t767cg.mp3",
        "annId": 23916
    },
    {
        "animeEng": "D4DJ First Mix",
        "animeRomaji": "D4DJ First Mix",
        "songName": "ABSOLUTE",
        "artist": "Peaky P-key",
        "type": "Insert Song",
        "correctCount": 32,
        "startTime": 35,
        "songDuration": 107.712,
        "songNumber": 16,
        "activePlayerCount": 150,
        "LinkVideo": "https://files.catbox.moe/fh81zc.webm",
        "LinkMp3": "https://files.catbox.moe/77fw00.mp3",
        "annId": 23530
    },
    {
        "animeEng": "King Arthur and the Knights of the Round Table",
        "animeRomaji": "Entaku no Kishi Monogatari: Moero Arthur",
        "songName": "Kibou yo Sore wa",
        "artist": "Isao Sasaki & Koorogi '73",
        "type": "Opening 1",
        "correctCount": 6,
        "startTime": 20,
        "songDuration": 69.048,
        "songNumber": 17,
        "activePlayerCount": 149,
        "LinkVideo": "https://files.catbox.moe/yf6hq6.webm",
        "LinkMp3": "https://files.catbox.moe/a9xro5.mp3",
        "annId": 2194
    },
    {
        "animeEng": "Gravitation: Lyrics of Love",
        "animeRomaji": "Gravitation: Lyrics of Love",
        "songName": "Blind Game Again",
        "artist": "BAD LUCK",
        "type": "Opening 1",
        "correctCount": 30,
        "startTime": 18,
        "songDuration": 94.848,
        "songNumber": 18,
        "activePlayerCount": 149,
        "LinkVideo": "https://files.catbox.moe/a5u092.webm",
        "LinkMp3": "https://files.catbox.moe/e4xblj.mp3",
        "annId": 625
    },
    {
        "animeEng": "Initial D: Fifth Stage",
        "animeRomaji": "Initial D: Fifth Stage",
        "songName": "I WON'T FALL APART",
        "artist": "JAGER",
        "type": "Insert Song",
        "correctCount": 22,
        "startTime": 140,
        "songDuration": 234.026998,
        "songNumber": 19,
        "activePlayerCount": 148,
        "LinkVideo": "https://files.catbox.moe/5eld1h.webm",
        "LinkMp3": "https://files.catbox.moe/l8b513.mp3",
        "annId": 14572
    },
    {
        "animeEng": "Guardian Hearts Power Up!",
        "animeRomaji": "Guardian Hearts Power Up!",
        "songName": "KISS BEAT!!",
        "artist": "Ryoko Shintani",
        "type": "Opening 1",
        "correctCount": 5,
        "startTime": 42,
        "songDuration": 90.096,
        "songNumber": 20,
        "activePlayerCount": 148,
        "LinkVideo": "https://files.catbox.moe/045fxg.webm",
        "LinkMp3": "https://files.catbox.moe/jfhl12.mp3",
        "annId": 8897,
        "correctPlayers": [
            "yahallonyanpasu",
            "Aquarius",
            "ChizuruSawamura",
            "Rukawa11",
            "watashiii"
        ]
    },
    {
        "animeEng": "Yurumates",
        "animeRomaji": "Yurumates",
        "songName": "Loosey Goosey",
        "artist": "Haruko Momoi",
        "type": "Ending 1",
        "correctCount": 33,
        "startTime": 34,
        "songDuration": 84.6,
        "songNumber": 21,
        "activePlayerCount": 148,
        "LinkVideo": "https://files.catbox.moe/aq7v82.webm",
        "LinkMp3": "https://files.catbox.moe/bc1bgo.mp3",
        "annId": 10567
    },
    {
        "animeEng": "GJ Club",
        "animeRomaji": "GJ-bu",
        "songName": "M\u014ds\u014d\u2605K\u014dkan Nikki",
        "artist": "Otome Shint\u014d",
        "type": "Opening 1",
        "correctCount": 68,
        "startTime": 59,
        "songDuration": 88.776,
        "songNumber": 22,
        "activePlayerCount": 149,
        "LinkVideo": "https://files.catbox.moe/ist8v0.webm",
        "LinkMp3": "https://files.catbox.moe/t22hrm.mp3",
        "annId": 14671
    },
    {
        "animeEng": "Nadia - The Secret of Blue Water",
        "animeRomaji": "Fushigi no Umi no Nadia",
        "songName": "Doushite sou na no?",
        "artist": "Yuko Mizutani",
        "type": "Insert Song",
        "correctCount": 3,
        "startTime": 26,
        "songDuration": 111.912,
        "songNumber": 23,
        "activePlayerCount": 149,
        "LinkVideo": "https://files.catbox.moe/ew2xvs.webm",
        "LinkMp3": "https://files.catbox.moe/odwk9d.mp3",
        "annId": 48,
        "correctPlayers": [
            "yahallonyanpasu",
            "watashiii",
            "MrDunwich"
        ]
    },
    {
        "animeEng": "The Seven Deadly Sins",
        "animeRomaji": "Nanatsu no Taizai",
        "songName": "Seven Deadly Sins",
        "artist": "MAN WITH A MISSION",
        "type": "Opening 2",
        "correctCount": 108,
        "startTime": 37,
        "songDuration": 88.92,
        "songNumber": 24,
        "activePlayerCount": 149,
        "LinkVideo": "https://files.catbox.moe/5nha2a.webm",
        "LinkMp3": "https://files.catbox.moe/n28uhv.mp3",
        "annId": 16167
    },
    {
        "animeEng": "Fushigi Yuugi",
        "animeRomaji": "Fushigi Yuugi",
        "songName": "Star",
        "artist": "Akemi Satou",
        "type": "Opening 1",
        "correctCount": 13,
        "startTime": 76,
        "songDuration": 121.536,
        "songNumber": 25,
        "activePlayerCount": 147,
        "LinkVideo": "https://files.catbox.moe/24ugn9.webm",
        "LinkMp3": "https://files.catbox.moe/bbyti7.mp3",
        "annId": 5541
    },
    {
        "animeEng": "Initial D: Battle Stage 2",
        "animeRomaji": "Initial D: Battle Stage 2",
        "songName": "CRAZY & READY",
        "artist": "PHIL",
        "type": "Insert Song",
        "correctCount": 3,
        "startTime": 38,
        "songDuration": 85.488,
        "songNumber": 26,
        "activePlayerCount": 147,
        "LinkVideo": "https://files.catbox.moe/rudrci.webm",
        "LinkMp3": "https://files.catbox.moe/eunp8w.mp3",
        "annId": 7986,
        "correctPlayers": [
            "Carlos1218",
            "junninbr",
            "Fyrworks"
        ]
    },
    {
        "animeEng": "Mobile Suit Gundam: The 08th MS Team",
        "animeRomaji": "Kid\u014d Senshi Gundam: Dai 08 MS Sh\u014dtai",
        "songName": "Arashi no Naka de Kagayaite",
        "artist": "Chihiro Yonekura",
        "type": "Opening 1",
        "correctCount": 26,
        "startTime": 17,
        "songDuration": 89.808,
        "songNumber": 27,
        "activePlayerCount": 147,
        "LinkVideo": "https://files.catbox.moe/5tixyn.webm",
        "LinkMp3": "https://files.catbox.moe/loi7wy.mp3",
        "annId": 24
    },
    {
        "animeEng": "Artiswitch",
        "animeRomaji": "Artiswitch",
        "songName": "Tobu, Saihate.",
        "artist": "yonkey feat. Kana Adachi",
        "type": "Ending 1",
        "correctCount": 9,
        "startTime": 0,
        "songDuration": 24.072,
        "songNumber": 28,
        "activePlayerCount": 147,
        "LinkVideo": "https://files.catbox.moe/p4dopj.webm",
        "LinkMp3": "https://files.catbox.moe/f5gjsx.mp3",
        "annId": 24373
    },
    {
        "animeEng": "Iria: Zeiram the Animation",
        "animeRomaji": "Iria: Zeiram the Animation",
        "songName": "Tokete Iku Yume no Hate ni",
        "artist": "Yayoi Goto",
        "type": "Opening 1",
        "correctCount": 11,
        "startTime": 34,
        "songDuration": 98.08811,
        "songNumber": 29,
        "activePlayerCount": 148,
        "LinkVideo": "https://files.catbox.moe/o9tnvk.webm",
        "LinkMp3": "https://files.catbox.moe/f0wgbv.mp3",
        "annId": 615
    },
    {
        "animeEng": "Himitsu no Akko-chan",
        "animeRomaji": "Himitsu no Akko-chan",
        "songName": "DON'T YOU",
        "artist": "Mitsuko Horie/Time Five",
        "type": "Ending 1",
        "correctCount": 3,
        "startTime": 23,
        "songDuration": 78.653342,
        "songNumber": 30,
        "activePlayerCount": 148,
        "LinkVideo": "https://files.catbox.moe/tj0e2m.webm",
        "LinkMp3": "https://files.catbox.moe/z6sxyq.mp3",
        "annId": 2004,
        "correctPlayers": [
            "Goatonaspork",
            "watashiii",
            "SakurabaRola"
        ]
    },
    {
        "animeEng": "Minori Scramble!",
        "animeRomaji": "Minori Scramble!",
        "songName": "Minna de Happy",
        "artist": "Kana Atsuku, Hiromi Igarashi, Maika Takai",
        "type": "Opening 1",
        "correctCount": 7,
        "startTime": 15,
        "songDuration": 98.064,
        "songNumber": 31,
        "activePlayerCount": 147,
        "LinkVideo": "https://files.catbox.moe/vx4f40.webm",
        "LinkMp3": "https://files.catbox.moe/z2pfyv.mp3",
        "annId": 13362
    },
    {
        "animeEng": "Hortensia Saga",
        "animeRomaji": "Hortensia Saga",
        "songName": "LEADER",
        "artist": "MY FIRST STORY",
        "type": "Opening 1",
        "correctCount": 38,
        "startTime": 18,
        "songDuration": 88.032,
        "songNumber": 32,
        "activePlayerCount": 147,
        "LinkVideo": "https://files.catbox.moe/wbamwq.webm",
        "LinkMp3": "https://files.catbox.moe/ud6hsx.mp3",
        "annId": 22958
    },
    {
        "animeEng": "Higurashi: When They Cry - Gou",
        "animeRomaji": "Higurashi no Naku Koro ni G\u014d",
        "songName": "Fukisokusei Entropy",
        "artist": "Ayane",
        "type": "Ending 3",
        "correctCount": 39,
        "startTime": 40,
        "songDuration": 89.568,
        "songNumber": 33,
        "activePlayerCount": 147,
        "LinkVideo": "https://files.catbox.moe/1q7tpk.webm",
        "LinkMp3": "https://files.catbox.moe/cf5xex.mp3",
        "annId": 23297
    },
    {
        "animeEng": "Active Raid Second",
        "animeRomaji": "Active Raid: Kid\u014d Ky\u014dshuushitsu Dai-Hakkei 2nd",
        "songName": "Field Trip!!",
        "artist": "Tomoyo Kurosawa",
        "type": "Ending 1",
        "correctCount": 5,
        "startTime": 45,
        "songDuration": 88.152,
        "songNumber": 34,
        "activePlayerCount": 147,
        "LinkVideo": "https://files.catbox.moe/b0r98x.webm",
        "LinkMp3": "https://files.catbox.moe/dxlvv2.mp3",
        "annId": 18458,
        "correctPlayers": [
            "towana",
            "yahallonyanpasu",
            "revel_",
            "IzumiSakai",
            "watashiii"
        ]
    },
    {
        "animeEng": "Deadman Wonderland",
        "animeRomaji": "Deadman Wonderland",
        "songName": "One Reason",
        "artist": "DWB feat. fade",
        "type": "Opening 1",
        "correctCount": 106,
        "startTime": 3,
        "songDuration": 89.736,
        "songNumber": 35,
        "activePlayerCount": 147,
        "LinkVideo": "https://files.catbox.moe/ooe835.webm",
        "LinkMp3": "https://files.catbox.moe/5hz692.mp3",
        "annId": 11826
    },
    {
        "animeEng": "Spice and Wolf",
        "animeRomaji": "\u014ckami to K\u014dshinry\u014d",
        "songName": "Ringo Biyori",
        "artist": "ROCKY CHACK",
        "type": "Ending 1",
        "correctCount": 67,
        "startTime": 51,
        "songDuration": 89.088,
        "songNumber": 36,
        "activePlayerCount": 147,
        "LinkVideo": "https://files.catbox.moe/tp65p5.webm",
        "LinkMp3": "https://files.catbox.moe/psfu0x.mp3",
        "annId": 8537
    },
    {
        "animeEng": "Spice and Wolf II",
        "animeRomaji": "\u014ckami to K\u014dshinry\u014d II",
        "songName": "Mitsu no Yoake",
        "artist": "Akino Arai",
        "type": "Opening 1",
        "correctCount": 73,
        "startTime": 2,
        "songDuration": 89.256,
        "songNumber": 37,
        "activePlayerCount": 147,
        "LinkVideo": "https://files.catbox.moe/sa1kdt.webm",
        "LinkMp3": "https://files.catbox.moe/ejsdir.mp3",
        "annId": 10269
    },
    {
        "animeEng": "Miss Monochrome: The Animation - 2",
        "animeRomaji": "Miss Monochrome: The Animation - 2",
        "songName": "M-WAVE",
        "artist": "Miss Monochrome",
        "type": "Insert Song",
        "correctCount": 43,
        "startTime": 3,
        "songDuration": 31.368,
        "songNumber": 38,
        "activePlayerCount": 147,
        "LinkVideo": "https://files.catbox.moe/h9q6ax.webm",
        "LinkMp3": "https://files.catbox.moe/dc21s0.mp3",
        "annId": 16894
    },
    {
        "animeEng": "Himitsu Kessha Taka no Tsume The Movie II: Watashi o Aishita Kuro Oolong-cha",
        "animeRomaji": "Himitsu Kessha Taka no Tsume The Movie II: Watashi o Aishita Kuro Oolong-cha",
        "songName": "Kokuhaku Time",
        "artist": "manzo",
        "type": "Insert Song",
        "correctCount": 2,
        "startTime": 2,
        "songDuration": 70.056,
        "songNumber": 39,
        "activePlayerCount": 147,
        "LinkVideo": "https://files.catbox.moe/nwjzp5.webm",
        "LinkMp3": "https://files.catbox.moe/eq980n.mp3",
        "annId": 11035,
        "correctPlayers": [
            "revel_",
            "IzumiSakai"
        ]
    },
    {
        "animeEng": "Code Geass: Lelouch of the Rebellion Remake Movies",
        "animeRomaji": "Code Geass: Hangyaku no Lelouch Remake Movies",
        "songName": "Y\u016bky\u014d Seishunka",
        "artist": "ALI PROJECT",
        "type": "Opening 2",
        "correctCount": 74,
        "startTime": 9,
        "songDuration": 90.225388,
        "songNumber": 40,
        "activePlayerCount": 147,
        "LinkVideo": "https://files.catbox.moe/xl4ncw.webm",
        "LinkMp3": "https://files.catbox.moe/jdytby.mp3",
        "annId": 20158
    },
    {
        "animeEng": "Meiji Tokyo Renka",
        "animeRomaji": "Meiji Tokyo Renka",
        "songName": "Tsukiakari no Rhapsody",
        "artist": "KENN",
        "type": "Opening 1",
        "correctCount": 24,
        "startTime": 27,
        "songDuration": 89.33724,
        "songNumber": 41,
        "activePlayerCount": 145,
        "LinkVideo": "https://files.catbox.moe/fe63kk.webm",
        "LinkMp3": "https://files.catbox.moe/lulg2c.mp3",
        "annId": 20572
    },
    {
        "animeEng": "Kaiba",
        "animeRomaji": "Kaiba",
        "songName": "Never",
        "artist": "Seira Kagami",
        "type": "Opening 1",
        "correctCount": 42,
        "startTime": 1,
        "songDuration": 88.344,
        "songNumber": 42,
        "activePlayerCount": 145,
        "LinkVideo": "https://files.catbox.moe/idgww8.webm",
        "LinkMp3": "https://files.catbox.moe/xw3d8l.mp3",
        "annId": 9178
    },
    {
        "animeEng": "Hunter x Hunter",
        "animeRomaji": "Hunter x Hunter",
        "songName": "Ohay\u014d",
        "artist": "Keno",
        "type": "Opening 1",
        "correctCount": 69,
        "startTime": 29,
        "songDuration": 64.872,
        "songNumber": 43,
        "activePlayerCount": 145,
        "LinkVideo": "https://files.catbox.moe/0ywzpj.webm",
        "LinkMp3": "https://files.catbox.moe/o015cm.mp3",
        "annId": 1134
    },
    {
        "animeEng": "Mobile Suit Gundam: The 08th MS Team",
        "animeRomaji": "Kid\u014d Senshi Gundam: Dai 08 MS Sh\u014dtai",
        "songName": "Mirai no Futari ni",
        "artist": "Chihiro Yonekura",
        "type": "Insert Song",
        "correctCount": 9,
        "startTime": 45,
        "songDuration": 118.056,
        "songNumber": 44,
        "activePlayerCount": 145,
        "LinkVideo": "https://files.catbox.moe/kw26cg.webm",
        "LinkMp3": "https://files.catbox.moe/ff8ejb.mp3",
        "annId": 24
    },
    {
        "animeEng": "Reborn!",
        "animeRomaji": "Katekyo Hitman Reborn!",
        "songName": "DIVE TO WORLD",
        "artist": "CHERRYBLOSSOM",
        "type": "Opening 3",
        "correctCount": 39,
        "startTime": 3,
        "songDuration": 89.4,
        "songNumber": 45,
        "activePlayerCount": 144,
        "LinkVideo": "https://files.catbox.moe/ttukln.webm",
        "LinkMp3": "https://files.catbox.moe/ydhugv.mp3",
        "annId": 6843
    },
    {
        "animeEng": "Ky\u014d Kara Ore wa!!",
        "animeRomaji": "Ky\u014d Kara Ore wa!!",
        "songName": "Bokura wa Family",
        "artist": "Kera",
        "type": "Ending 1",
        "correctCount": 8,
        "startTime": 99,
        "songDuration": 132.408,
        "songNumber": 46,
        "activePlayerCount": 144,
        "LinkVideo": "https://files.catbox.moe/njitic.webm",
        "LinkMp3": "https://files.catbox.moe/pk6hxa.mp3",
        "annId": 2995
    },
    {
        "animeEng": "The Island of Giant Insects",
        "animeRomaji": "Kyochuu Rett\u014d",
        "songName": "Stellar",
        "artist": "Haruka T\u014dj\u014d",
        "type": "Ending 1",
        "correctCount": 11,
        "startTime": 166,
        "songDuration": 249.48,
        "songNumber": 47,
        "activePlayerCount": 144,
        "LinkVideo": "https://files.catbox.moe/tkfwff.webm",
        "LinkMp3": "https://files.catbox.moe/tlzjsw.mp3",
        "annId": 22484
    },
    {
        "animeEng": "TsukiPro the Animation",
        "animeRomaji": "TsukiPro the Animation",
        "songName": "Shall We Dance?",
        "artist": "Natsuki Hanae & Y\u016bichir\u014d Umehara",
        "type": "Insert Song",
        "correctCount": 6,
        "startTime": 0,
        "songDuration": 22.728,
        "songNumber": 48,
        "activePlayerCount": 144,
        "LinkVideo": "https://files.catbox.moe/uqqux5.webm",
        "LinkMp3": "https://files.catbox.moe/cbisib.mp3",
        "annId": 19898
    },
    {
        "animeEng": "xxxHOLiC: R\u014d",
        "animeRomaji": "xxxHOLiC: R\u014d",
        "songName": "Kaza Nagi",
        "artist": "Shikao Suga",
        "type": "Ending 1",
        "correctCount": 12,
        "startTime": 32,
        "songDuration": 128.328,
        "songNumber": 49,
        "activePlayerCount": 144,
        "LinkVideo": "https://files.catbox.moe/idom51.webm",
        "LinkMp3": "https://files.catbox.moe/mq83zq.mp3",
        "annId": 11396
    },
    {
        "animeEng": "Psycho-Pass 3",
        "animeRomaji": "Psycho-Pass 3",
        "songName": "Q-vism",
        "artist": "Who-ya Extended",
        "type": "Opening 1",
        "correctCount": 37,
        "startTime": 1,
        "songDuration": 89.4,
        "songNumber": 50,
        "activePlayerCount": 144,
        "LinkVideo": "https://files.catbox.moe/igw05l.webm",
        "LinkMp3": "https://files.catbox.moe/jimj4k.mp3",
        "annId": 21952
    },
    {
        "animeEng": "Tokyo Ghoul:re",
        "animeRomaji": "Tokyo Ghoul:re",
        "songName": "katharsis",
        "artist": "TK from Ling Tosite Sigure",
        "type": "Opening 1",
        "correctCount": 69,
        "startTime": 54,
        "songDuration": 89.52,
        "songNumber": 51,
        "activePlayerCount": 144,
        "LinkVideo": "https://files.catbox.moe/g2ldjm.webm",
        "LinkMp3": "https://files.catbox.moe/1lexo5.mp3",
        "annId": 21116
    },
    {
        "animeEng": "Battle Spirits: Sh\u014dnen Gekiha Dan",
        "animeRomaji": "Battle Spirits: Sh\u014dnen Gekiha Dan",
        "songName": "Battle! Galaxy\u2606Step",
        "artist": "Junichi Suwabe",
        "type": "Ending 2",
        "correctCount": 3,
        "startTime": 28,
        "songDuration": 89.07602,
        "songNumber": 52,
        "activePlayerCount": 144,
        "LinkVideo": "https://files.catbox.moe/4bb4l0.webm",
        "LinkMp3": "https://files.catbox.moe/bgmh4n.mp3",
        "annId": 10969,
        "correctPlayers": [
            "revel_",
            "IzumiSakai",
            "Shuuka"
        ]
    },
    {
        "animeEng": "Japan Animator Expo",
        "animeRomaji": "Nihon Animator Mihonichi",
        "songName": "HILL CLIMB GIRL",
        "artist": "Satomi Kawasaki",
        "type": "Insert Song",
        "correctCount": 1,
        "startTime": 28,
        "songDuration": 100.804798,
        "songNumber": 53,
        "activePlayerCount": 143,
        "LinkVideo": "https://files.catbox.moe/jjwthg.webm",
        "LinkMp3": "https://files.catbox.moe/1h23er.mp3",
        "annId": 16839,
        "correctPlayers": [
            "revel_"
        ]
    },
    {
        "animeEng": "Tono to Issho",
        "animeRomaji": "Tono to Issho",
        "songName": "Itsudemo Kokoro ni Gantai o",
        "artist": "Tatsuhisa Suzuki",
        "type": "Opening 1",
        "correctCount": 10,
        "startTime": 1,
        "songDuration": 30.336,
        "songNumber": 54,
        "activePlayerCount": 143,
        "LinkVideo": "https://files.catbox.moe/jowwej.webm",
        "LinkMp3": "https://files.catbox.moe/89s8a4.mp3",
        "annId": 11220
    },
    {
        "animeEng": "Valkyrie Drive: Mermaid",
        "animeRomaji": "Valkyrie Drive: Mermaid",
        "songName": "Overdrive",
        "artist": "Hitomi Harada",
        "type": "Opening 1",
        "correctCount": 62,
        "startTime": 16,
        "songDuration": 90.576,
        "songNumber": 55,
        "activePlayerCount": 143,
        "LinkVideo": "https://files.catbox.moe/63rwe2.webm",
        "LinkMp3": "https://files.catbox.moe/a0k3y7.mp3",
        "annId": 16893
    },
    {
        "animeEng": "Go! Princess Precure",
        "animeRomaji": "Go! Princess Precure",
        "songName": "Joyful! Precure Christmas",
        "artist": "Y\u016b Shimamura, Masumi Asano, Hibiku Yamamura, Miyuki Sawashiro",
        "type": "Insert Song",
        "correctCount": 16,
        "startTime": 4,
        "songDuration": 51.216,
        "songNumber": 56,
        "activePlayerCount": 143,
        "LinkVideo": "https://files.catbox.moe/9cmtl5.webm",
        "LinkMp3": "https://files.catbox.moe/gokar7.mp3",
        "annId": 16590
    },
    {
        "animeEng": "Cardfight!! Vanguard G Stride Gate-hen",
        "animeRomaji": "Cardfight!! Vanguard G Stride Gate-hen",
        "songName": "Promise You!!",
        "artist": "YuiKaori",
        "type": "Ending 2",
        "correctCount": 3,
        "startTime": 52,
        "songDuration": 87.192,
        "songNumber": 57,
        "activePlayerCount": 143,
        "LinkVideo": "https://files.catbox.moe/xbh1nm.webm",
        "LinkMp3": "https://files.catbox.moe/i55jc5.mp3",
        "annId": 18086,
        "correctPlayers": [
            "yahallonyanpasu",
            "revel_",
            "Shuuka"
        ]
    },
    {
        "animeEng": "Clockwork Planet",
        "animeRomaji": "Clockwork Planet",
        "songName": "clockwork planet",
        "artist": "fripSide",
        "type": "Opening 1",
        "correctCount": 69,
        "startTime": 15,
        "songDuration": 89.184,
        "songNumber": 58,
        "activePlayerCount": 143,
        "LinkVideo": "https://files.catbox.moe/vkj29h.webm",
        "LinkMp3": "https://files.catbox.moe/qxip6g.mp3",
        "annId": 18959
    },
    {
        "animeEng": "Lemon Angel Project",
        "animeRomaji": "Lemon Angel Project",
        "songName": "Watashi o Sagashite",
        "artist": "Ryou Shihono",
        "type": "Insert Song",
        "correctCount": 2,
        "startTime": 114,
        "songDuration": 198.553322,
        "songNumber": 59,
        "activePlayerCount": 143,
        "LinkVideo": "https://files.catbox.moe/qjpaem.webm",
        "LinkMp3": "https://files.catbox.moe/qwkrzr.mp3",
        "annId": 6095,
        "correctPlayers": [
            "towana",
            "likejaxirl"
        ]
    },
    {
        "animeEng": "Domestic Girlfriend",
        "animeRomaji": "Domestic na Kanojo",
        "songName": "Wagamama",
        "artist": "Alisa Takigawa",
        "type": "Ending 1",
        "correctCount": 45,
        "startTime": 10,
        "songDuration": 88.997654,
        "songNumber": 60,
        "activePlayerCount": 143,
        "LinkVideo": "https://files.catbox.moe/86mleo.webm",
        "LinkMp3": "https://files.catbox.moe/15732t.mp3",
        "annId": 21205
    },
    {
        "animeEng": "Pok\u00e9mon: Diamond and Pearl",
        "animeRomaji": "Pocket Monsters Diamond & Pearl",
        "songName": "Takeshi no Paradise",
        "artist": "Yuji Ueda",
        "type": "Insert Song",
        "correctCount": 32,
        "startTime": 33,
        "songDuration": 67.08,
        "songNumber": 61,
        "activePlayerCount": 142,
        "LinkVideo": "https://files.catbox.moe/90i3we.webm",
        "LinkMp3": "https://files.catbox.moe/e58jrd.mp3",
        "annId": 6836
    },
    {
        "animeEng": "Fancy Lala",
        "animeRomaji": "Mah\u014d no Stage Fancy Lala",
        "songName": "Shiawase na Ki\u00b7bu\u00b7n",
        "artist": "Reiko Omori",
        "type": "Ending 1",
        "correctCount": 0,
        "startTime": 58,
        "songDuration": 89.4,
        "songNumber": 62,
        "activePlayerCount": 142,
        "LinkVideo": "https://files.catbox.moe/pq1k9n.webm",
        "LinkMp3": "https://files.catbox.moe/jk9b6s.mp3",
        "annId": 491
    },
    {
        "animeEng": "Chibi Maruko-chan",
        "animeRomaji": "Chibi Maruko-chan",
        "songName": "Odoru Ponpokorin",
        "artist": "Momoiro Clover Z",
        "type": "Opening 12",
        "correctCount": 43,
        "startTime": 38,
        "songDuration": 81.672,
        "songNumber": 63,
        "activePlayerCount": 142,
        "LinkVideo": "https://files.catbox.moe/k2t6c6.webm",
        "LinkMp3": "https://files.catbox.moe/n1gizu.mp3",
        "annId": 909
    },
    {
        "animeEng": "Motto! Ojamajo Doremi Kaeru Seki no Himitsu",
        "animeRomaji": "Motto! Ojamajo Doremi Kaeru Seki no Himitsu",
        "songName": "Natsu no Mahou",
        "artist": "MAHO-dou",
        "type": "Ending 1",
        "correctCount": 2,
        "startTime": 58,
        "songDuration": 98.064,
        "songNumber": 64,
        "activePlayerCount": 141,
        "LinkVideo": "https://files.catbox.moe/07iatc.webm",
        "LinkMp3": "https://files.catbox.moe/k9xt3w.mp3",
        "annId": 3590,
        "correctPlayers": [
            "yahallonyanpasu",
            "Rukawa11"
        ]
    },
    {
        "animeEng": "Accel World: Infinite Burst",
        "animeRomaji": "Accel World: Infinite Burst",
        "songName": "PLASMIC FIRE",
        "artist": "KOTOKO\u00d7ALTIMA",
        "type": "Ending 1",
        "correctCount": 42,
        "startTime": 42,
        "songDuration": 101.616,
        "songNumber": 65,
        "activePlayerCount": 141,
        "LinkVideo": "https://files.catbox.moe/f5te8g.webm",
        "LinkMp3": "https://files.catbox.moe/mayrdt.mp3",
        "annId": 18063
    },
    {
        "animeEng": "Coo of the Far Seas",
        "animeRomaji": "Coo: T\u014di Umi kara Kita Coo",
        "songName": "Zutto Soba ni",
        "artist": "Yumi Matsutoya",
        "type": "Ending 1",
        "correctCount": 0,
        "startTime": 41,
        "songDuration": 200.064,
        "songNumber": 66,
        "activePlayerCount": 141,
        "LinkVideo": "https://files.catbox.moe/cgg5oz.webm",
        "LinkMp3": "https://files.catbox.moe/9rd7ac.mp3",
        "annId": 1943
    },
    {
        "animeEng": "Pucchimiku\u266a D4DJ Petit Mix",
        "animeRomaji": "Pucchimiku\u266a D4DJ Petit Mix",
        "songName": "Pucchimiku Parchy Ni!",
        "artist": "Photon Maiden",
        "type": "Ending 3",
        "correctCount": 92,
        "startTime": 0,
        "songDuration": 29.616,
        "songNumber": 67,
        "activePlayerCount": 141,
        "LinkVideo": "https://files.catbox.moe/owb7gy.webm",
        "LinkMp3": "https://files.catbox.moe/72whg1.mp3",
        "annId": 23993
    },
    {
        "animeEng": "Aria the Natural",
        "animeRomaji": "Aria the Natural",
        "songName": "Shiosai",
        "artist": "ROUND TABLE feat. Nino",
        "type": "Insert Song",
        "correctCount": 17,
        "startTime": 36,
        "songDuration": 271.392,
        "songNumber": 68,
        "activePlayerCount": 141,
        "LinkVideo": "https://files.catbox.moe/5sisbx.webm",
        "LinkMp3": "https://files.catbox.moe/63usxa.mp3",
        "annId": 6425
    },
    {
        "animeEng": "Batman Ninja",
        "animeRomaji": "Ninja Batman",
        "songName": "GAT-TAI",
        "artist": "Daisuke Hasegawa",
        "type": "Insert Song",
        "correctCount": 39,
        "startTime": 11,
        "songDuration": 69.980838,
        "songNumber": 69,
        "activePlayerCount": 138,
        "LinkVideo": "https://files.catbox.moe/uy94hc.webm",
        "LinkMp3": "https://files.catbox.moe/z20u4z.mp3",
        "annId": 20384
    },
    {
        "animeEng": "****ed by My Best Friend",
        "animeRomaji": "Kuro-Gal ni Natta kara Shinyuu to Shitemita.",
        "songName": "HOT\u2661SUMMER",
        "artist": "Kazutomi Yamamoto",
        "type": "Ending 1",
        "correctCount": 16,
        "startTime": 26,
        "songDuration": 67.488,
        "songNumber": 70,
        "activePlayerCount": 138,
        "LinkVideo": "https://files.catbox.moe/gtu9lz.webm",
        "LinkMp3": "https://files.catbox.moe/uvzw7h.mp3",
        "annId": 24037
    },
    {
        "animeEng": "Digimon: The Golden Digimentals",
        "animeRomaji": "Digimon: The Golden Digimentals",
        "songName": "Break Up!",
        "artist": "Ayumi Miyazaki",
        "type": "Insert Song",
        "correctCount": 37,
        "startTime": 26,
        "songDuration": 71.952,
        "songNumber": 71,
        "activePlayerCount": 139,
        "LinkVideo": "https://files.catbox.moe/ymi8rd.webm",
        "LinkMp3": "https://files.catbox.moe/i8ru27.mp3",
        "annId": 2525
    },
    {
        "animeEng": "Infinite Stratos",
        "animeRomaji": "IS: Infinite Stratos",
        "songName": "SUPER\u221eSTREAM",
        "artist": "Y\u014dko Hikasa",
        "type": "Ending 1",
        "correctCount": 45,
        "startTime": 1,
        "songDuration": 89.064,
        "songNumber": 72,
        "activePlayerCount": 139,
        "LinkVideo": "https://files.catbox.moe/583h9p.webm",
        "LinkMp3": "https://files.catbox.moe/bccn44.mp3",
        "annId": 11769
    },
    {
        "animeEng": "Zetsumetsu Kigu-shun.",
        "animeRomaji": "Zetsumetsu Kigu-shun.",
        "songName": "Boku-tachi, Zetsumetsu Kigu-shun.",
        "artist": "AlisaMarina",
        "type": "Opening 1",
        "correctCount": 4,
        "startTime": 0,
        "songDuration": 89.664,
        "songNumber": 73,
        "activePlayerCount": 138,
        "LinkVideo": "https://files.catbox.moe/98u1yy.webm",
        "LinkMp3": "https://files.catbox.moe/v7u09w.mp3",
        "annId": 23855,
        "correctPlayers": [
            "redruner",
            "Rukawa11",
            "watashiii",
            "junninbr"
        ]
    },
    {
        "animeEng": "GIBIATE",
        "animeRomaji": "GIBIATE",
        "songName": "ENDLESS~Toki o Koete~",
        "artist": "SUGIZO feat. Maki Ohguro",
        "type": "Ending 1",
        "correctCount": 8,
        "startTime": 36,
        "songDuration": 88.536,
        "songNumber": 74,
        "activePlayerCount": 138,
        "LinkVideo": "https://files.catbox.moe/nz23xv.webm",
        "LinkMp3": "https://files.catbox.moe/27ocgf.mp3",
        "annId": 22314
    },
    {
        "animeEng": "Armitage III",
        "animeRomaji": "Armitage III",
        "songName": "Cheat! Cheat!",
        "artist": "Linda Hennrick",
        "type": "Insert Song",
        "correctCount": 2,
        "startTime": 22,
        "songDuration": 68.4,
        "songNumber": 75,
        "activePlayerCount": 139,
        "LinkVideo": "https://files.catbox.moe/ktfn9b.webm",
        "LinkMp3": "https://files.catbox.moe/2di0z3.mp3",
        "annId": 378,
        "correctPlayers": [
            "Goatonaspork",
            "90s"
        ]
    },
    {
        "animeEng": "Space Adventure Cobra",
        "animeRomaji": "Space Adventure Cobra",
        "songName": "Cobra",
        "artist": "Yoko Maeno",
        "type": "Opening 1",
        "correctCount": 60,
        "startTime": 45,
        "songDuration": 79.728,
        "songNumber": 76,
        "activePlayerCount": 139,
        "LinkVideo": "https://files.catbox.moe/uqkmps.webm",
        "LinkMp3": "https://files.catbox.moe/d9kywk.mp3",
        "annId": 612
    },
    {
        "animeEng": "Hanamonogatari",
        "animeRomaji": "Hanamonogatari",
        "songName": "the last day of my adolescence",
        "artist": "Miyuki Sawashiro",
        "type": "Opening 1",
        "correctCount": 78,
        "startTime": 51,
        "songDuration": 90.192,
        "songNumber": 77,
        "activePlayerCount": 139,
        "LinkVideo": "https://files.catbox.moe/grmsvm.webm",
        "LinkMp3": "https://files.catbox.moe/5vgfa6.mp3",
        "annId": 15973
    },
    {
        "animeEng": "Giovanni's Island",
        "animeRomaji": "Giovanni no Shima",
        "songName": "Dorogoi Dlinnoyu",
        "artist": "Children Choir \"VESNA\"",
        "type": "Insert Song",
        "correctCount": 10,
        "startTime": 17,
        "songDuration": 70.608,
        "songNumber": 78,
        "activePlayerCount": 139,
        "LinkVideo": "https://files.catbox.moe/rw0awc.webm",
        "LinkMp3": "https://files.catbox.moe/ocj3c1.mp3",
        "annId": 15681
    },
    {
        "animeEng": "How Not to Summon a Demon Lord \u03a9",
        "animeRomaji": "Isekai Ma\u014d to Sh\u014dkan Sh\u014djo no Dorei Majutsu \u03a9",
        "songName": "EVERYBODY! EVERYBODY!",
        "artist": "Y\u016b Serizawa with DJ KOO & MOTSU",
        "type": "Opening 1",
        "correctCount": 76,
        "startTime": 24,
        "songDuration": 88.656,
        "songNumber": 79,
        "activePlayerCount": 139,
        "LinkVideo": "https://files.catbox.moe/dvlnsb.webm",
        "LinkMp3": "https://files.catbox.moe/9a9bz3.mp3",
        "annId": 23505
    },
    {
        "animeEng": "PriPara",
        "animeRomaji": "PriPara",
        "songName": "Make it!",
        "artist": "SoLaMi\u2661SMILE",
        "type": "Insert Song",
        "correctCount": 23,
        "startTime": 171,
        "songDuration": 237.504,
        "songNumber": 80,
        "activePlayerCount": 139,
        "LinkVideo": "https://files.catbox.moe/myp16n.webm",
        "LinkMp3": "https://files.catbox.moe/d89xc2.mp3",
        "annId": 18090
    },
    {
        "animeEng": "Aqua Kids",
        "animeRomaji": "Aqua Kids",
        "songName": "PRAISE",
        "artist": "FAKE?",
        "type": "Opening 1",
        "correctCount": 8,
        "startTime": 9,
        "songDuration": 79.464,
        "songNumber": 81,
        "activePlayerCount": 139,
        "LinkVideo": "https://files.catbox.moe/kiw9k3.webm",
        "LinkMp3": "https://files.catbox.moe/g052qd.mp3",
        "annId": 4499
    },
    {
        "animeEng": "Cockroach Girls",
        "animeRomaji": "Gokicha!!",
        "songName": "Gokkyun! Days",
        "artist": "Mamiko Noto",
        "type": "Opening 1",
        "correctCount": 78,
        "startTime": 0,
        "songDuration": 29.592,
        "songNumber": 82,
        "activePlayerCount": 139,
        "LinkVideo": "https://files.catbox.moe/jzo84l.webm",
        "LinkMp3": "https://files.catbox.moe/v2p3cd.mp3",
        "annId": 15571
    },
    {
        "animeEng": "Magical Shopping Arcade Abenobashi",
        "animeRomaji": "Abenobashi Mah\u014d\u2606Sh\u014dtengai",
        "songName": "Treat or Gobline",
        "artist": "Megumi Hayashibara",
        "type": "Opening 1",
        "correctCount": 35,
        "startTime": 58,
        "songDuration": 87.576,
        "songNumber": 83,
        "activePlayerCount": 139,
        "LinkVideo": "https://files.catbox.moe/d8opmk.webm",
        "LinkMp3": "https://files.catbox.moe/vr9njx.mp3",
        "annId": 820
    },
    {
        "animeEng": "Green Makibao, The Incredible Race Horse",
        "animeRomaji": "Midori no Makibao",
        "songName": "Hashire Makibao",
        "artist": "F\u30fbMAP",
        "type": "Opening 1",
        "correctCount": 8,
        "startTime": 6,
        "songDuration": 88.056,
        "songNumber": 84,
        "activePlayerCount": 139,
        "LinkVideo": "https://files.catbox.moe/vjyfcy.webm",
        "LinkMp3": "https://files.catbox.moe/ypom5d.mp3",
        "annId": 2070
    },
    {
        "animeEng": "RobiHachi",
        "animeRomaji": "RobiHachi",
        "songName": "Dancing to Night ~Kimi e no Saitan Warp K\u014dro~",
        "artist": "Subaru Kimura & Shinosuke Tokudome feat. Tomokazu Sugita",
        "type": "Ending 1",
        "correctCount": 11,
        "startTime": 14,
        "songDuration": 89.928,
        "songNumber": 85,
        "activePlayerCount": 139,
        "LinkVideo": "https://files.catbox.moe/1ewa57.webm",
        "LinkMp3": "https://files.catbox.moe/sfbbgj.mp3",
        "annId": 21590
    }
]