[
    {
        "animeEng": "Strawberry Marshmallow",
        "animeRomaji": "Ichigo Mashimaro",
        "songName": "Ichigo Complete",
        "artist": "Saeko Chiba, Fumiko Orikasa, Ayako Kawasumi, Mamiko Noto",
        "type": "Opening 1",
        "correctCount": 30,
        "startTime": 23,
        "songDuration": 89.049898,
        "songNumber": 1,
        "activePlayerCount": 225,
        "LinkVideo": "https://files.catbox.moe/lrjkav.webm",
        "LinkMp3": "https://files.catbox.moe/krz6gp.mp3",
        "annId": 4823
    },
    {
        "animeEng": "DAKAICHI! - I'm being harassed by the sexiest man of the year!",
        "animeRomaji": "Dakaretai Otoko 1-i ni Odosarete Imasu.",
        "songName": "Chuntaka!",
        "artist": "Yuuki Ono & Hiroki Takahashi",
        "type": "Ending 1",
        "correctCount": 14,
        "startTime": 23,
        "songDuration": 89.128264,
        "songNumber": 2,
        "activePlayerCount": 223,
        "LinkVideo": "https://files.catbox.moe/mhwqlj.webm",
        "LinkMp3": "https://files.catbox.moe/6mfppz.mp3",
        "annId": 20808
    },
    {
        "animeEng": "Little Busters!",
        "animeRomaji": "Little Busters!",
        "songName": "Little Busters! ~TV animation ver.~",
        "artist": "Rita",
        "type": "Opening 1",
        "correctCount": 107,
        "startTime": 37,
        "songDuration": 89.064,
        "songNumber": 3,
        "activePlayerCount": 225,
        "LinkVideo": "https://files.catbox.moe/7qpvgz.webm",
        "LinkMp3": "https://files.catbox.moe/lydnyx.mp3",
        "annId": 14231
    },
    {
        "animeEng": "Speed Grapher",
        "animeRomaji": "Speed Grapher",
        "songName": "Gravure no Bishoujo",
        "artist": "Duran Duran",
        "type": "Opening 1",
        "correctCount": 26,
        "startTime": 51,
        "songDuration": 92.680856,
        "songNumber": 4,
        "activePlayerCount": 224,
        "LinkVideo": "https://files.catbox.moe/b4rfvd.webm",
        "LinkMp3": "https://files.catbox.moe/39c2qg.mp3",
        "annId": 4579
    },
    {
        "animeEng": "Arakawa Under the Bridge \u00d7 Bridge",
        "animeRomaji": "Arakawa Under the Bridge \u00d7 Bridge",
        "songName": "COSMOS vs ALIEN",
        "artist": "Etsuko Yakushimaru",
        "type": "Opening 1",
        "correctCount": 48,
        "startTime": 21,
        "songDuration": 88.584,
        "songNumber": 5,
        "activePlayerCount": 225,
        "LinkVideo": "https://files.catbox.moe/6vbdzd.webm",
        "LinkMp3": "https://files.catbox.moe/fdzai3.mp3",
        "annId": 11827
    },
    {
        "animeEng": "Wakako-zake",
        "animeRomaji": "Wakako-zake",
        "songName": "Shiawase no Kaerimichi",
        "artist": "Y\u016bka Ueno",
        "type": "Opening 1",
        "correctCount": 70,
        "startTime": 0,
        "songDuration": 29.232,
        "songNumber": 6,
        "activePlayerCount": 224,
        "LinkVideo": "https://files.catbox.moe/7nuxy6.webm",
        "LinkMp3": "https://files.catbox.moe/4u5iph.mp3",
        "annId": 16900
    },
    {
        "animeEng": "Shigurui: Death Frenzy",
        "animeRomaji": "Shigurui",
        "songName": "Torako ~Ending Theme",
        "artist": "Kiyoshi Yoshida",
        "type": "Ending 1",
        "correctCount": 25,
        "startTime": 19,
        "songDuration": 84.048,
        "songNumber": 7,
        "activePlayerCount": 223,
        "LinkVideo": "https://files.catbox.moe/zya8ti.webm",
        "LinkMp3": "https://files.catbox.moe/4sdxy0.mp3",
        "annId": 7811
    },
    {
        "animeEng": "Yo-kai Watch",
        "animeRomaji": "Yo-kai Watch",
        "songName": "Chiky\u016bjin",
        "artist": "Cotori with Stitchbird",
        "type": "Ending 2",
        "correctCount": 13,
        "startTime": 14,
        "songDuration": 83.16,
        "songNumber": 8,
        "activePlayerCount": 223,
        "LinkVideo": "https://files.catbox.moe/xni08w.webm",
        "LinkMp3": "https://files.catbox.moe/7wab82.mp3",
        "annId": 16937
    },
    {
        "animeEng": "The Empire of Corpses",
        "animeRomaji": "Shisha no Teikoku",
        "songName": "DOOR",
        "artist": "EGOIST",
        "type": "Ending 1",
        "correctCount": 21,
        "startTime": 235,
        "songDuration": 322.21487,
        "songNumber": 9,
        "activePlayerCount": 223,
        "LinkVideo": "https://files.catbox.moe/65lrsd.webm",
        "LinkMp3": "https://files.catbox.moe/yuzsyn.mp3",
        "annId": 16585
    },
    {
        "animeEng": "Stratos 4",
        "animeRomaji": "Stratos 4",
        "songName": "1st Priority",
        "artist": "Melocure",
        "type": "Opening 1",
        "correctCount": 18,
        "startTime": 5,
        "songDuration": 89.52,
        "songNumber": 10,
        "activePlayerCount": 222,
        "LinkVideo": "https://files.catbox.moe/r3w1ns.webm",
        "LinkMp3": "https://files.catbox.moe/ul1pfs.mp3",
        "annId": 1969
    },
    {
        "animeEng": "Shiohi Girls: Vongole Bianco",
        "animeRomaji": "Shiohi Girls: Vongole Bianco",
        "songName": "Kimi wa Shiohi Girl",
        "artist": "ONIGAWARA",
        "type": "Opening 1",
        "correctCount": 24,
        "startTime": 0,
        "songDuration": 31.704,
        "songNumber": 11,
        "activePlayerCount": 220,
        "LinkVideo": "https://files.catbox.moe/x8x0st.webm",
        "LinkMp3": "https://files.catbox.moe/iw8sk9.mp3",
        "annId": 22971
    },
    {
        "animeEng": "A Whisker Away",
        "animeRomaji": "Nakitai Watashi wa Neko o Kaburu",
        "songName": "Yako",
        "artist": "Yorushika",
        "type": "Insert Song",
        "correctCount": 91,
        "startTime": 8,
        "songDuration": 88.416,
        "songNumber": 12,
        "activePlayerCount": 219,
        "LinkVideo": "https://files.catbox.moe/kc5chr.webm",
        "LinkMp3": "https://files.catbox.moe/zy2i9w.mp3",
        "annId": 23007
    },
    {
        "animeEng": "Pandora in the Crimson Shell",
        "animeRomaji": "Pandora in the Crimson Shell: Ghost Urn",
        "songName": "LoSe\u00b1CoNtRoL",
        "artist": "Sanae Fuku & Manami Numakura",
        "type": "Ending 1",
        "correctCount": 25,
        "startTime": 26,
        "songDuration": 88.296,
        "songNumber": 13,
        "activePlayerCount": 219,
        "LinkVideo": "https://files.catbox.moe/5jkd1m.webm",
        "LinkMp3": "https://files.catbox.moe/80gn4b.mp3",
        "annId": 17897
    },
    {
        "animeEng": "Ring ni Kakero 1: Shadow",
        "animeRomaji": "Ring ni Kakero 1: Shadow",
        "songName": "Ibara no Senritsu ~Melody~",
        "artist": "Hiroshi Kamiya",
        "type": "Insert Song",
        "correctCount": 1,
        "startTime": 38,
        "songDuration": 112.44,
        "songNumber": 14,
        "activePlayerCount": 218,
        "LinkVideo": "https://files.catbox.moe/kqfjdp.webm",
        "LinkMp3": "https://files.catbox.moe/cegxtk.mp3",
        "annId": 11218,
        "correctPlayers": [
            "Thaleko"
        ]
    },
    {
        "animeEng": "The Prince of Tennis Best Games!!",
        "animeRomaji": "Tennis no \u014cji-sama BEST GAMES!!",
        "songName": "BEST GAMES!!",
        "artist": "Ayasa",
        "type": "Opening 1",
        "correctCount": 10,
        "startTime": 27,
        "songDuration": 88.392,
        "songNumber": 15,
        "activePlayerCount": 218,
        "LinkVideo": "https://files.catbox.moe/n5w6mh.webm",
        "LinkMp3": "https://files.catbox.moe/dvn5ae.mp3",
        "annId": 20816
    },
    {
        "animeEng": "Show By Rock!! Mashumairesh!!",
        "animeRomaji": "Show By Rock!! Mashumairesh!!",
        "songName": "Meikyu DESTINY",
        "artist": "Plasmagica",
        "type": "Insert Song",
        "correctCount": 24,
        "startTime": 12,
        "songDuration": 113.808,
        "songNumber": 16,
        "activePlayerCount": 218,
        "LinkVideo": "https://files.catbox.moe/ew2h6f.webm",
        "LinkMp3": "https://files.catbox.moe/qsl66v.mp3",
        "annId": 22906
    },
    {
        "animeEng": "Tekkonkinkreet",
        "animeRomaji": "Tekkonkinkreet",
        "songName": "Aru Machi no Gunj\u014d",
        "artist": "ASIAN KUNG-FU GENERATION",
        "type": "Ending 1",
        "correctCount": 19,
        "startTime": 17,
        "songDuration": 245.088,
        "songNumber": 17,
        "activePlayerCount": 217,
        "LinkVideo": "https://files.catbox.moe/s3cwf9.webm",
        "LinkMp3": "https://files.catbox.moe/5bkboj.mp3",
        "annId": 6531
    },
    {
        "animeEng": "Locodol",
        "animeRomaji": "Futsuu no Joshik\u014dsei ga Locodol Yattemita",
        "songName": "Mirai Fanfare",
        "artist": "Nagarekawa Girls",
        "type": "Opening 1",
        "correctCount": 15,
        "startTime": 6,
        "songDuration": 89.664,
        "songNumber": 18,
        "activePlayerCount": 218,
        "LinkVideo": "https://files.catbox.moe/wjcvkm.webm",
        "LinkMp3": "https://files.catbox.moe/6vks23.mp3",
        "annId": 15915
    },
    {
        "animeEng": "Tsubasa RESERVoir CHRoNiCLE the Movie: The Princess in the Birdcage Kingdom",
        "animeRomaji": "Tsubasa Chronicle: Torikago no Kuni no Himegimi",
        "songName": "a song of storm and fire",
        "artist": "Eri It\u014d",
        "type": "Insert Song",
        "correctCount": 44,
        "startTime": 26,
        "songDuration": 94.776,
        "songNumber": 19,
        "activePlayerCount": 218,
        "LinkVideo": "https://files.catbox.moe/oql1sw.webm",
        "LinkMp3": "https://files.catbox.moe/2rchch.mp3",
        "annId": 5148
    },
    {
        "animeEng": "Kamisama Kiss",
        "animeRomaji": "Kamisama Hajimemashita",
        "songName": "Kamisama no Kamisama",
        "artist": "Hanae",
        "type": "Opening 2",
        "correctCount": 114,
        "startTime": 33,
        "songDuration": 88.083384,
        "songNumber": 20,
        "activePlayerCount": 217,
        "LinkVideo": "https://files.catbox.moe/1sc3fi.webm",
        "LinkMp3": "https://files.catbox.moe/0juam4.mp3",
        "annId": 16346
    },
    {
        "animeEng": "One Room",
        "animeRomaji": "One Room",
        "songName": "Natsuzora Yell",
        "artist": "Rie Murakawa",
        "type": "Ending 2",
        "correctCount": 54,
        "startTime": 0,
        "songDuration": 29.568,
        "songNumber": 21,
        "activePlayerCount": 216,
        "LinkVideo": "https://files.catbox.moe/nkw9kq.webm",
        "LinkMp3": "https://files.catbox.moe/go4tjx.mp3",
        "annId": 18889
    },
    {
        "animeEng": "Naruto Shippuuden",
        "animeRomaji": "Naruto Shippuuden",
        "songName": "Niwaka Ame Nimo Makezu",
        "artist": "NICO Touches the Walls",
        "type": "Opening 13",
        "correctCount": 104,
        "startTime": 32,
        "songDuration": 89.04,
        "songNumber": 22,
        "activePlayerCount": 216,
        "LinkVideo": "https://files.catbox.moe/o55mk8.webm",
        "LinkMp3": "https://files.catbox.moe/oufkwn.mp3",
        "annId": 7293
    },
    {
        "animeEng": "Kanojo ga Kanji o Suki na Riyuu.",
        "animeRomaji": "Kanojo ga Kanji o Suki na Riyuu.",
        "songName": "Suki",
        "artist": "Tuttii",
        "type": "Ending 1",
        "correctCount": 10,
        "startTime": 0,
        "songDuration": 31.032,
        "songNumber": 23,
        "activePlayerCount": 216,
        "LinkVideo": "https://files.catbox.moe/h3y74b.webm",
        "LinkMp3": "https://files.catbox.moe/lci54s.mp3",
        "annId": 23247
    },
    {
        "animeEng": "Ah! My Goddess: The Movie",
        "animeRomaji": "Gekij\u014dban Aa Megami-sama!",
        "songName": "coro di dea",
        "artist": "Kikuko Inoue, Yumi T\u014dma, Aya Hisakawa",
        "type": "Insert Song",
        "correctCount": 4,
        "startTime": 61,
        "songDuration": 117.648,
        "songNumber": 24,
        "activePlayerCount": 215,
        "LinkVideo": "https://files.catbox.moe/v0z422.webm",
        "LinkMp3": "https://files.catbox.moe/4p5f7q.mp3",
        "annId": 258,
        "correctPlayers": [
            "Rejax",
            "Janoxx",
            "MKNono",
            "TKN"
        ]
    },
    {
        "animeEng": "Yuki Yuna Is a Hero",
        "animeRomaji": "Yuuki Yuuna wa Yuusha de Aru",
        "songName": "Aurora Days",
        "artist": "Haruka Terui",
        "type": "Ending 5",
        "correctCount": 33,
        "startTime": 44,
        "songDuration": 90.072,
        "songNumber": 25,
        "activePlayerCount": 216,
        "LinkVideo": "https://files.catbox.moe/4i8zys.webm",
        "LinkMp3": "https://files.catbox.moe/vpefqu.mp3",
        "annId": 16171
    },
    {
        "animeEng": "Little Busters! Refrain",
        "animeRomaji": "Little Busters! Refrain",
        "songName": "Kimi to no Nakushi Mono",
        "artist": "Ayaka Kitazawa",
        "type": "Ending 1",
        "correctCount": 17,
        "startTime": 26,
        "songDuration": 88.944,
        "songNumber": 26,
        "activePlayerCount": 216,
        "LinkVideo": "https://files.catbox.moe/2cq3ke.webm",
        "LinkMp3": "https://files.catbox.moe/j6dels.mp3",
        "annId": 15512
    },
    {
        "animeEng": "The Mysterious Cities of Gold",
        "animeRomaji": "Taiyo no Ko Esteban",
        "songName": "Itsuka doko de Anata ni Atta",
        "artist": "PARU",
        "type": "Ending 1",
        "correctCount": 9,
        "startTime": 15,
        "songDuration": 85.848,
        "songNumber": 27,
        "activePlayerCount": 216,
        "LinkVideo": "https://files.catbox.moe/vjengi.webm",
        "LinkMp3": "https://files.catbox.moe/471iwb.mp3",
        "annId": 385
    },
    {
        "animeEng": "Shironeko Project ZERO Chronicle",
        "animeRomaji": "Shironeko Project ZERO Chronicle",
        "songName": "White fang",
        "artist": "Luna Goami",
        "type": "Insert Song",
        "correctCount": 13,
        "startTime": 71,
        "songDuration": 110.313206,
        "songNumber": 28,
        "activePlayerCount": 216,
        "LinkVideo": "https://files.catbox.moe/hxvim3.webm",
        "LinkMp3": "https://files.catbox.moe/4oymcr.mp3",
        "annId": 22323
    },
    {
        "animeEng": "Cheeky Angel",
        "animeRomaji": "Tenshi na Konamaiki",
        "songName": "Secret & Lies",
        "artist": "U-ka saegusa IN db",
        "type": "Ending 4",
        "correctCount": 2,
        "startTime": 46,
        "songDuration": 89.136,
        "songNumber": 29,
        "activePlayerCount": 216,
        "LinkVideo": "https://files.catbox.moe/npi7l4.webm",
        "LinkMp3": "https://files.catbox.moe/gqjdq2.mp3",
        "annId": 882,
        "correctPlayers": [
            "Cirquit",
            "ranny"
        ]
    },
    {
        "animeEng": "Tweeny Witches",
        "animeRomaji": "Mah\u014d Sh\u014djo Tai Arusu",
        "songName": "Arusu ~Main Theme~",
        "artist": "Tamiya Terashima (Rentrak Japan)",
        "type": "Opening 1",
        "correctCount": 11,
        "startTime": 51,
        "songDuration": 88.762556,
        "songNumber": 30,
        "activePlayerCount": 215,
        "LinkVideo": "https://files.catbox.moe/gkye8n.webm",
        "LinkMp3": "https://files.catbox.moe/wctk3l.mp3",
        "annId": 2342
    },
    {
        "animeEng": "Kanamemo",
        "animeRomaji": "Kanamemo",
        "songName": "YAHHO!! Kanamemo Saish\u016bkai Ver.",
        "artist": "Yui Horie",
        "type": "Ending 2",
        "correctCount": 16,
        "startTime": 161,
        "songDuration": 234.653926,
        "songNumber": 31,
        "activePlayerCount": 215,
        "LinkVideo": "https://files.catbox.moe/xrlz1z.webm",
        "LinkMp3": "https://files.catbox.moe/7qyvlx.mp3",
        "annId": 10644
    },
    {
        "animeEng": "Inazuma Eleven GO vs. Danball Senki W",
        "animeRomaji": "Inazuma Eleven GO vs. Danball Senki W",
        "songName": "Issho ni Arukou",
        "artist": "Little Blue boX with TPK",
        "type": "Insert Song",
        "correctCount": 6,
        "startTime": 44,
        "songDuration": 87.744,
        "songNumber": 32,
        "activePlayerCount": 211,
        "LinkVideo": "https://files.catbox.moe/5s1ur3.webm",
        "LinkMp3": "https://files.catbox.moe/3oi49v.mp3",
        "annId": 14487
    },
    {
        "animeEng": "Detective Conan: Full Score of Fear",
        "animeRomaji": "Meitantei Conan: Senritsu no Full Score",
        "songName": "Teitan Sh\u014dgakk\u014d K\u014dka",
        "artist": "Sh\u014dnen Tantei-dan",
        "type": "Insert Song",
        "correctCount": 22,
        "startTime": 18,
        "songDuration": 52.056,
        "songNumber": 33,
        "activePlayerCount": 209,
        "LinkVideo": "https://files.catbox.moe/yzr2h0.webm",
        "LinkMp3": "https://files.catbox.moe/0r9xtj.mp3",
        "annId": 9028
    },
    {
        "animeEng": "Megumi",
        "animeRomaji": "Megumi",
        "songName": "A Song for Megumi",
        "artist": "N. Paul Stookey",
        "type": "Ending 1",
        "correctCount": 6,
        "startTime": 4,
        "songDuration": 70.992,
        "songNumber": 34,
        "activePlayerCount": 210,
        "LinkVideo": "https://files.catbox.moe/y2ek21.webm",
        "LinkMp3": "https://files.catbox.moe/1rxevu.mp3",
        "annId": 9707
    },
    {
        "animeEng": "Children of the Sea",
        "animeRomaji": "Kaijuu no Kodomo",
        "songName": "Umi no Y\u016brei",
        "artist": "Kenshi Yonezu",
        "type": "Ending 1",
        "correctCount": 39,
        "startTime": 150,
        "songDuration": 231.672,
        "songNumber": 35,
        "activePlayerCount": 210,
        "LinkVideo": "https://files.catbox.moe/5xd1l3.webm",
        "LinkMp3": "https://files.catbox.moe/o8e3qo.mp3",
        "annId": 21872
    },
    {
        "animeEng": "Brain Powered",
        "animeRomaji": "Brain Powerd",
        "songName": "IN MY DREAM",
        "artist": "Eri Shingyoji",
        "type": "Opening 1",
        "correctCount": 8,
        "startTime": 3,
        "songDuration": 104.22678,
        "songNumber": 36,
        "activePlayerCount": 210,
        "LinkVideo": "https://files.catbox.moe/8mhozo.webm",
        "LinkMp3": "https://files.catbox.moe/acluor.mp3",
        "annId": 122
    },
    {
        "animeEng": "Kirby: Right Back At Ya!",
        "animeRomaji": "Hoshi no Kirby",
        "songName": "Kirby!",
        "artist": "Hiroko Asakawa",
        "type": "Opening 2",
        "correctCount": 4,
        "startTime": 1,
        "songDuration": 89.650704,
        "songNumber": 37,
        "activePlayerCount": 210,
        "LinkVideo": "https://files.catbox.moe/p39elz.webm",
        "LinkMp3": "https://files.catbox.moe/to6g5e.mp3",
        "annId": 1394,
        "correctPlayers": [
            "PiggyGaming",
            "gaaw",
            "Cirquit",
            "theyingster"
        ]
    },
    {
        "animeEng": "Crayon Shin-chan: Arashi o Yobu M\u014dretsu! Otona Teikoku no Gyakushuu",
        "animeRomaji": "Crayon Shin-chan: Arashi o Yobu M\u014dretsu! Otona Teikoku no Gyakushuu",
        "songName": "Dame Dame no Uta",
        "artist": "Lady Q, Akiko Yajima, Miki Narahashi",
        "type": "Opening 1",
        "correctCount": 170,
        "startTime": 30,
        "songDuration": 63.888,
        "songNumber": 38,
        "activePlayerCount": 210,
        "LinkVideo": "https://files.catbox.moe/4bgr2c.webm",
        "LinkMp3": "https://files.catbox.moe/hgnapn.mp3",
        "annId": 2684
    },
    {
        "animeEng": "Doraemon",
        "animeRomaji": "Doraemon",
        "songName": "Dorami-chan Ekaki-uta",
        "artist": "Keiko Yokozawa",
        "type": "Insert Song",
        "correctCount": 33,
        "startTime": 10,
        "songDuration": 58.487158,
        "songNumber": 39,
        "activePlayerCount": 208,
        "LinkVideo": "https://files.catbox.moe/462sd8.webm",
        "LinkMp3": "https://files.catbox.moe/t32wag.mp3",
        "annId": 1318
    },
    {
        "animeEng": "Rilu Rilu Fairilu: Mah\u014d no Kagami",
        "animeRomaji": "Rilu Rilu Fairilu: Mah\u014d no Kagami",
        "songName": "Papipupe PON!",
        "artist": "Apink",
        "type": "Opening 1",
        "correctCount": 6,
        "startTime": 8,
        "songDuration": 87.63931,
        "songNumber": 40,
        "activePlayerCount": 208,
        "LinkVideo": "https://files.catbox.moe/ncnj3z.webm",
        "LinkMp3": "https://files.catbox.moe/59w34p.mp3",
        "annId": 19316
    },
    {
        "animeEng": "C3 Anime",
        "animeRomaji": "C\u00b3",
        "songName": "Shirushi",
        "artist": "Eri Kitamura",
        "type": "Opening 2",
        "correctCount": 38,
        "startTime": 56,
        "songDuration": 89.568,
        "songNumber": 41,
        "activePlayerCount": 208,
        "LinkVideo": "https://files.catbox.moe/vc0no2.webm",
        "LinkMp3": "https://files.catbox.moe/6qb3u6.mp3",
        "annId": 12992
    },
    {
        "animeEng": "Stray Cats Overrun!",
        "animeRomaji": "Mayoi Neko Overrun!",
        "songName": "Ichalove Come Home!",
        "artist": "Kanae Ito, Yuka Iguchi, Ayana Taketatsu",
        "type": "Ending 1",
        "correctCount": 8,
        "startTime": 41,
        "songDuration": 89.208,
        "songNumber": 42,
        "activePlayerCount": 208,
        "LinkVideo": "https://files.catbox.moe/fi9y9l.webm",
        "LinkMp3": "https://files.catbox.moe/n0mc6r.mp3",
        "annId": 11175
    },
    {
        "animeEng": "Aware! Meisaku-kun",
        "animeRomaji": "Aware! Meisaku-kun",
        "songName": "Arara Rerere Rururira",
        "artist": "Naoto Inti Raymi",
        "type": "Ending 1",
        "correctCount": 31,
        "startTime": 3,
        "songDuration": 33.36,
        "songNumber": 43,
        "activePlayerCount": 207,
        "LinkVideo": "https://files.catbox.moe/2yd21h.webm",
        "LinkMp3": "https://files.catbox.moe/dot3ha.mp3",
        "annId": 24136
    },
    {
        "animeEng": "Geisters: Fractions of the Earth",
        "animeRomaji": "Geisters: Fractions of the Earth",
        "songName": "HOLD ON",
        "artist": "WILD PEACH",
        "type": "Opening 1",
        "correctCount": 2,
        "startTime": 19,
        "songDuration": 94.536,
        "songNumber": 44,
        "activePlayerCount": 208,
        "LinkVideo": "https://files.catbox.moe/18rxlf.webm",
        "LinkMp3": "https://files.catbox.moe/8cpt8m.mp3",
        "annId": 3919,
        "correctPlayers": [
            "watashiii",
            "Akaze"
        ]
    },
    {
        "animeEng": "Motto! Ojamajo Doremi",
        "animeRomaji": "Motto! Ojamajo Doremi",
        "songName": "Honjama Ojamajo Daishuugou!!",
        "artist": "MAHO-dou",
        "type": "Insert Song",
        "correctCount": 13,
        "startTime": 58,
        "songDuration": 111.12,
        "songNumber": 45,
        "activePlayerCount": 207,
        "LinkVideo": "https://files.catbox.moe/mhaxmw.webm",
        "LinkMp3": "https://files.catbox.moe/n6ybuo.mp3",
        "annId": 1650
    },
    {
        "animeEng": "Bunny Drop",
        "animeRomaji": "Usagi Drop",
        "songName": "Sweet Drops",
        "artist": "PUFFY",
        "type": "Opening 1",
        "correctCount": 100,
        "startTime": 0,
        "songDuration": 88.752,
        "songNumber": 46,
        "activePlayerCount": 207,
        "LinkVideo": "https://files.catbox.moe/8fyp2q.webm",
        "LinkMp3": "https://files.catbox.moe/cgj9z5.mp3",
        "annId": 12398
    },
    {
        "animeEng": "True Tears",
        "animeRomaji": "True Tears",
        "songName": "Reflectia",
        "artist": "eufonius",
        "type": "Opening 1",
        "correctCount": 65,
        "startTime": 6,
        "songDuration": 89.28,
        "songNumber": 47,
        "activePlayerCount": 207,
        "LinkVideo": "https://files.catbox.moe/4qadpg.webm",
        "LinkMp3": "https://files.catbox.moe/18d6ul.mp3",
        "annId": 6257
    },
    {
        "animeEng": "Dragon Ball Z",
        "animeRomaji": "Dragon Ball Z",
        "songName": "Unmei no Hi ~Tamashii vs Tamashii~",
        "artist": "Hironobu Kageyama feat. Chiho Kiy\u014dka",
        "type": "Insert Song",
        "correctCount": 37,
        "startTime": 6,
        "songDuration": 96.504,
        "songNumber": 48,
        "activePlayerCount": 207,
        "LinkVideo": "https://files.catbox.moe/hduq9e.webm",
        "LinkMp3": "https://files.catbox.moe/h6qvfo.mp3",
        "annId": 244
    },
    {
        "animeEng": "Blue Exorcist Movie",
        "animeRomaji": "Ao no Exorcist Movie",
        "songName": "Battle Scars",
        "artist": "David Whitaker",
        "type": "Insert Song",
        "correctCount": 12,
        "startTime": 3,
        "songDuration": 77.112,
        "songNumber": 49,
        "activePlayerCount": 207,
        "LinkVideo": "https://files.catbox.moe/52z3zw.webm",
        "LinkMp3": "https://files.catbox.moe/u7ejqo.mp3",
        "annId": 13631
    },
    {
        "animeEng": "Dream Eater Merry",
        "animeRomaji": "Yumekui Merry",
        "songName": "FB Guriccho Sanka",
        "artist": "Naoto F\u016bga",
        "type": "Insert Song",
        "correctCount": 31,
        "startTime": 8,
        "songDuration": 40.464,
        "songNumber": 50,
        "activePlayerCount": 207,
        "LinkVideo": "https://files.catbox.moe/98vmmc.webm",
        "LinkMp3": "https://files.catbox.moe/0bia9b.mp3",
        "annId": 11765
    },
    {
        "animeEng": "Kurau: Phantom Memory",
        "animeRomaji": "Kurau: Phantom Memory",
        "songName": "Natsukashii Umi",
        "artist": "Akino Arai",
        "type": "Opening 1",
        "correctCount": 9,
        "startTime": 52,
        "songDuration": 88.867044,
        "songNumber": 51,
        "activePlayerCount": 207,
        "LinkVideo": "https://files.catbox.moe/kn0lmn.webm",
        "LinkMp3": "https://files.catbox.moe/pf2nhq.mp3",
        "annId": 4079
    },
    {
        "animeEng": "Steel Angel Kurumi",
        "animeRomaji": "K\u014dtetsu Tenshi Kurumi",
        "songName": "Kiss kara Hajimaru Miracle",
        "artist": "STEEL ANGELS",
        "type": "Ending 2",
        "correctCount": 21,
        "startTime": 101,
        "songDuration": 179.352,
        "songNumber": 52,
        "activePlayerCount": 207,
        "LinkVideo": "https://files.catbox.moe/a5npy8.webm",
        "LinkMp3": "https://files.catbox.moe/ovhsv4.mp3",
        "annId": 326
    },
    {
        "animeEng": "Free! -Road to the World- Yume",
        "animeRomaji": "Free! -Road to the World- Yume",
        "songName": "Blue Destination",
        "artist": "Megumi Matsumoto, Satsuki Yukino, Mamoru Miyano, Toshiyuki Toyonaga, Kouki Uchiyama, Tsubasa Yonaga, Daisuke Hirakawa",
        "type": "Opening 1",
        "correctCount": 8,
        "startTime": 72,
        "songDuration": 230.04,
        "songNumber": 53,
        "activePlayerCount": 207,
        "LinkVideo": "https://files.catbox.moe/oj9vq6.webm",
        "LinkMp3": "https://files.catbox.moe/zdhenr.mp3",
        "annId": 22313
    },
    {
        "animeEng": "Dragon Ball Super",
        "animeRomaji": "Dragon Ball Super",
        "songName": "Kyuukyoku no Battle",
        "artist": "Akira Kushida",
        "type": "Insert Song",
        "correctCount": 81,
        "startTime": 55,
        "songDuration": 122.856,
        "songNumber": 54,
        "activePlayerCount": 207,
        "LinkVideo": "https://files.catbox.moe/kriq9x.webm",
        "LinkMp3": "https://files.catbox.moe/z7ullf.mp3",
        "annId": 17006
    },
    {
        "animeEng": "The Disappearance of Haruhi Suzumiya",
        "animeRomaji": "Suzumiya Haruhi no Sh\u014dshitsu",
        "songName": "Yasashii B\u014dkyaku",
        "artist": "Minori Chihara",
        "type": "Ending 1",
        "correctCount": 62,
        "startTime": 217,
        "songDuration": 267.528,
        "songNumber": 55,
        "activePlayerCount": 207,
        "LinkVideo": "https://files.catbox.moe/77nkoj.webm",
        "LinkMp3": "https://files.catbox.moe/q2mrlg.mp3",
        "annId": 11120
    },
    {
        "animeEng": "Bananya",
        "animeRomaji": "Bananya",
        "songName": "Lucky Holiday",
        "artist": "AXELL with Y\u016bki Kaji",
        "type": "Ending 1",
        "correctCount": 118,
        "startTime": 0,
        "songDuration": 25.86078,
        "songNumber": 56,
        "activePlayerCount": 207,
        "LinkVideo": "https://files.catbox.moe/oriv84.webm",
        "LinkMp3": "https://files.catbox.moe/h3turi.mp3",
        "annId": 18457
    },
    {
        "animeEng": "Why the Hell Are You Here, Teacher!?",
        "animeRomaji": "Nande Koko ni Sensei ga!?",
        "songName": "Ringo-iro Memories",
        "artist": "Shizuka Ishigami & Yuko Goto",
        "type": "Ending 4",
        "correctCount": 55,
        "startTime": 5,
        "songDuration": 60.312,
        "songNumber": 57,
        "activePlayerCount": 207,
        "LinkVideo": "https://files.catbox.moe/htwwqe.webm",
        "LinkMp3": "https://files.catbox.moe/ftg4ve.mp3",
        "annId": 21469
    },
    {
        "animeEng": "Roujin Z",
        "animeRomaji": "Roujin Z",
        "songName": "Hashire Jitensha",
        "artist": "Mishio Ogawa",
        "type": "Ending 1",
        "correctCount": 3,
        "startTime": 166,
        "songDuration": 269.352,
        "songNumber": 58,
        "activePlayerCount": 207,
        "LinkVideo": "https://files.catbox.moe/gsb8qa.webm",
        "LinkMp3": "https://files.catbox.moe/k6763f.mp3",
        "annId": 329,
        "correctPlayers": [
            "90s",
            "watashiii",
            "noukine"
        ]
    },
    {
        "animeEng": "RahXephon",
        "animeRomaji": "RahXephon",
        "songName": "Hemisphere",
        "artist": "Maaya Sakamoto",
        "type": "Opening 1",
        "correctCount": 63,
        "startTime": 15,
        "songDuration": 89.544,
        "songNumber": 59,
        "activePlayerCount": 207,
        "LinkVideo": "https://files.catbox.moe/jhexhu.webm",
        "LinkMp3": "https://files.catbox.moe/uhgs28.mp3",
        "annId": 3064
    },
    {
        "animeEng": "Please Teacher!",
        "animeRomaji": "Onegai\u2606Teacher",
        "songName": "Sora wa Kataranai",
        "artist": "Kikuko Inoue",
        "type": "Insert Song",
        "correctCount": 5,
        "startTime": 107,
        "songDuration": 289.824,
        "songNumber": 60,
        "activePlayerCount": 206,
        "LinkVideo": "https://files.catbox.moe/8pvy10.webm",
        "LinkMp3": "https://files.catbox.moe/63s1ik.mp3",
        "annId": 386,
        "correctPlayers": [
            "Kakkeru",
            "Heyko",
            "Janoxx",
            "watashiii",
            "theyingster"
        ]
    },
    {
        "animeEng": "Case Closed",
        "animeRomaji": "Meitantei Conan",
        "songName": "Overwrite",
        "artist": "BREAKERZ",
        "type": "Ending 42",
        "correctCount": 52,
        "startTime": 27,
        "songDuration": 79.416,
        "songNumber": 61,
        "activePlayerCount": 205,
        "LinkVideo": "https://files.catbox.moe/un62tv.webm",
        "LinkMp3": "https://files.catbox.moe/6vt4r1.mp3",
        "annId": 454
    },
    {
        "animeEng": "Fist of the North Star: Legend of Raoh",
        "animeRomaji": "Shin Kyuuseishu Densetsu Hokuto no Ken: Raoh-den Junai no Sh\u014d",
        "songName": "Ai o Torimodose!! (MOVIE ver.)",
        "artist": "Crystal King",
        "type": "Insert Song",
        "correctCount": 6,
        "startTime": 13,
        "songDuration": 77.04,
        "songNumber": 62,
        "activePlayerCount": 206,
        "LinkVideo": "https://files.catbox.moe/f6wlv9.webm",
        "LinkMp3": "https://files.catbox.moe/dd8bam.mp3",
        "annId": 5025
    },
    {
        "animeEng": "Digimon Tamers: The Runaway Digimon Express",
        "animeRomaji": "Digimon Tamers: B\u014ds\u014d Digimon Tokkyuu",
        "songName": "Yuuhi no Yakusoku",
        "artist": "AiM",
        "type": "Ending 1",
        "correctCount": 2,
        "startTime": 42,
        "songDuration": 102.816,
        "songNumber": 63,
        "activePlayerCount": 204,
        "LinkVideo": "https://files.catbox.moe/dy5370.webm",
        "LinkMp3": "https://files.catbox.moe/nzwg7b.mp3",
        "annId": 2946,
        "correctPlayers": [
            "watashiii",
            "theyingster"
        ]
    },
    {
        "animeEng": "Camp Pikachu",
        "animeRomaji": "Pika Pika Hoshizora Camp",
        "songName": "Ano Oka o Mezashite",
        "artist": "Pokemon 5",
        "type": "Opening 1",
        "correctCount": 53,
        "startTime": 6,
        "songDuration": 82.968,
        "songNumber": 64,
        "activePlayerCount": 204,
        "LinkVideo": "https://files.catbox.moe/q13owr.webm",
        "LinkMp3": "https://files.catbox.moe/j61mmo.mp3",
        "annId": 4617
    },
    {
        "animeEng": "Strike Witches",
        "animeRomaji": "Strike Witches",
        "songName": "Bookmark A Head",
        "artist": "Chiwa Saito & Ami Koshimizu",
        "type": "Ending 4",
        "correctCount": 32,
        "startTime": 24,
        "songDuration": 90.144,
        "songNumber": 65,
        "activePlayerCount": 204,
        "LinkVideo": "https://files.catbox.moe/i7q73f.webm",
        "LinkMp3": "https://files.catbox.moe/3egvch.mp3",
        "annId": 9139
    },
    {
        "animeEng": "Tottemo! Luckyman",
        "animeRomaji": "Tottemo! Luckyman",
        "songName": "Koi no Booga",
        "artist": "Aki Yashiro",
        "type": "Ending 1",
        "correctCount": 40,
        "startTime": 31,
        "songDuration": 89.208,
        "songNumber": 66,
        "activePlayerCount": 204,
        "LinkVideo": "https://files.catbox.moe/5iw70p.webm",
        "LinkMp3": "https://files.catbox.moe/6o2jk0.mp3",
        "annId": 4625
    },
    {
        "animeEng": "Mini Van Large",
        "animeRomaji": "Mini Vanguard Large",
        "songName": "Yume Juu Yah!",
        "artist": "Lyrical Lily",
        "type": "Opening 1",
        "correctCount": 15,
        "startTime": 0,
        "songDuration": 28.824,
        "songNumber": 67,
        "activePlayerCount": 205,
        "LinkVideo": "https://files.catbox.moe/kwdkg3.webm",
        "LinkMp3": "https://files.catbox.moe/xjiwoa.mp3",
        "annId": 24500
    },
    {
        "animeEng": "That is the Bottleneck",
        "animeRomaji": "That is the Bottleneck",
        "songName": "Tsukiakari no Selenite",
        "artist": "MoeMi",
        "type": "Insert Song",
        "correctCount": 8,
        "startTime": 16,
        "songDuration": 48.048,
        "songNumber": 68,
        "activePlayerCount": 205,
        "LinkVideo": "https://files.catbox.moe/6wnx1s.webm",
        "LinkMp3": "https://files.catbox.moe/n1c12r.mp3",
        "annId": 23699
    },
    {
        "animeEng": "Zatch Bell!",
        "animeRomaji": "Konjiki no Gash Bell!!",
        "songName": "Coral Q no Henkei Tais\u014d",
        "artist": "Chie K\u014djiro",
        "type": "Insert Song",
        "correctCount": 4,
        "startTime": 11,
        "songDuration": 72.096,
        "songNumber": 69,
        "activePlayerCount": 204,
        "LinkVideo": "https://files.catbox.moe/9k4bqc.webm",
        "LinkMp3": "https://files.catbox.moe/s0rst6.mp3",
        "annId": 2290,
        "correctPlayers": [
            "PiggyGaming",
            "Alphecca",
            "AngryRabbit72",
            "asleep"
        ]
    },
    {
        "animeEng": "Bakuon!!",
        "animeRomaji": "Bakuon!!",
        "songName": "Voon! Voon! Ride On",
        "artist": "Reina Ueda, Nao T\u014dyama, Yumi Uchiyama, Rikako Yamaguchi, Ibuki Kido",
        "type": "Ending 2",
        "correctCount": 35,
        "startTime": 11,
        "songDuration": 88.056,
        "songNumber": 70,
        "activePlayerCount": 203,
        "LinkVideo": "https://files.catbox.moe/mz12pe.webm",
        "LinkMp3": "https://files.catbox.moe/64n7hq.mp3",
        "annId": 17959
    },
    {
        "animeEng": "Farewell, My Dear Cramer",
        "animeRomaji": "Sayonara Watashi no Cramer",
        "songName": "AMBITIOUS GOAL",
        "artist": "Aika Kobayashi",
        "type": "Opening 1",
        "correctCount": 53,
        "startTime": 20,
        "songDuration": 88.032,
        "songNumber": 71,
        "activePlayerCount": 203,
        "LinkVideo": "https://files.catbox.moe/6h87hk.webm",
        "LinkMp3": "https://files.catbox.moe/f03ooe.mp3",
        "annId": 23925
    },
    {
        "animeEng": "Motto! Ojamajo Doremi",
        "animeRomaji": "Motto! Ojamajo Doremi",
        "songName": "Nichiyoubi wa Mahou no Ko",
        "artist": "MAHO-dou",
        "type": "Insert Song",
        "correctCount": 5,
        "startTime": 2,
        "songDuration": 97.056,
        "songNumber": 72,
        "activePlayerCount": 203,
        "LinkVideo": "https://files.catbox.moe/m230i9.webm",
        "LinkMp3": "https://files.catbox.moe/8n3yvr.mp3",
        "annId": 1650,
        "correctPlayers": [
            "eclairJoss",
            "Thaleko",
            "klusty",
            "AleisterCrowley",
            "Cirquit"
        ]
    },
    {
        "animeEng": "Macross Delta",
        "animeRomaji": "Macross \u0394",
        "songName": "Bokura no Senj\u014d",
        "artist": "Walk\u00fcre",
        "type": "Insert Song",
        "correctCount": 46,
        "startTime": 106,
        "songDuration": 162.552,
        "songNumber": 73,
        "activePlayerCount": 203,
        "LinkVideo": "https://files.catbox.moe/az2hm5.webm",
        "LinkMp3": "https://files.catbox.moe/rrqo6t.mp3",
        "annId": 17762
    },
    {
        "animeEng": "Megazone 23 Part II",
        "animeRomaji": "Megazone 23 Part II",
        "songName": "Lonely Sunset",
        "artist": "Kumi Miyasato",
        "type": "Insert Song",
        "correctCount": 11,
        "startTime": 15,
        "songDuration": 44.928,
        "songNumber": 74,
        "activePlayerCount": 202,
        "LinkVideo": "https://files.catbox.moe/pjdret.webm",
        "LinkMp3": "https://files.catbox.moe/5v3dx4.mp3",
        "annId": 2402
    },
    {
        "animeEng": "Slam Dunk",
        "animeRomaji": "Slam Dunk",
        "songName": "ENDLESS CHAIN",
        "artist": "BAAD",
        "type": "Insert Song",
        "correctCount": 36,
        "startTime": 9,
        "songDuration": 122.616668,
        "songNumber": 75,
        "activePlayerCount": 202,
        "LinkVideo": "https://files.catbox.moe/260x72.webm",
        "LinkMp3": "https://files.catbox.moe/z03xk0.mp3",
        "annId": 659
    },
    {
        "animeEng": "Glasslip",
        "animeRomaji": "Glasslip",
        "songName": "Lucent Eyes",
        "artist": "ChouCho",
        "type": "Insert Song",
        "correctCount": 21,
        "startTime": 11,
        "songDuration": 95.328,
        "songNumber": 76,
        "activePlayerCount": 202,
        "LinkVideo": "https://files.catbox.moe/2y9ef6.webm",
        "LinkMp3": "https://files.catbox.moe/mk65fy.mp3",
        "annId": 15901
    },
    {
        "animeEng": "Saint Young Men",
        "animeRomaji": "Saint\u2606Oniisan",
        "songName": "Dare mo Inai ne",
        "artist": "Keiichi Suzuki & Ryoumei Shirai",
        "type": "Insert Song",
        "correctCount": 12,
        "startTime": 88,
        "songDuration": 132.072,
        "songNumber": 77,
        "activePlayerCount": 202,
        "LinkVideo": "https://files.catbox.moe/o6fy8h.webm",
        "LinkMp3": "https://files.catbox.moe/sfyt65.mp3",
        "annId": 14826
    },
    {
        "animeEng": "Nodame Cantabile",
        "animeRomaji": "Nodame Cantabile",
        "songName": "Allegro Cantabile",
        "artist": "SUEMITSU & THE SUEMITH",
        "type": "Opening 1",
        "correctCount": 82,
        "startTime": 37,
        "songDuration": 78.984,
        "songNumber": 78,
        "activePlayerCount": 202,
        "LinkVideo": "https://files.catbox.moe/yw2qo5.webm",
        "LinkMp3": "https://files.catbox.moe/ln2e5p.mp3",
        "annId": 7010
    },
    {
        "animeEng": "Yuuna and the Haunted Hot Springs",
        "animeRomaji": "Yuragi-s\u014d no Yuuna-san",
        "songName": "JIRIRIN ~Wagamama na Kajitsu~",
        "artist": "Anzu Haruno, Mikako Komatsu, Miyuri Shimabukuro, Eri Suzuki",
        "type": "Insert Song",
        "correctCount": 13,
        "startTime": 7,
        "songDuration": 39.552,
        "songNumber": 79,
        "activePlayerCount": 202,
        "LinkVideo": "https://files.catbox.moe/osf8xh.webm",
        "LinkMp3": "https://files.catbox.moe/x8ffnf.mp3",
        "annId": 23396
    },
    {
        "animeEng": "Shiki",
        "animeRomaji": "Shiki",
        "songName": "Gekka Reijin",
        "artist": "BUCK-TICK",
        "type": "Ending 2",
        "correctCount": 28,
        "startTime": 34,
        "songDuration": 88.488,
        "songNumber": 80,
        "activePlayerCount": 202,
        "LinkVideo": "https://files.catbox.moe/0p27dz.webm",
        "LinkMp3": "https://files.catbox.moe/ahjce4.mp3",
        "annId": 11302
    },
    {
        "animeEng": "If It's for My Daughter, I'd Even Defeat a Demon Lord",
        "animeRomaji": "Uchi no Ko no Tame naraba, Ore wa Moshikashitara Ma\u014d mo Taoseru kamo Shirenai.",
        "songName": "This is Y\u016bsha, but Zannen!?",
        "artist": "Nobuhiko Okamoto",
        "type": "Ending 1",
        "correctCount": 29,
        "startTime": 26,
        "songDuration": 88.824,
        "songNumber": 81,
        "activePlayerCount": 201,
        "LinkVideo": "https://files.catbox.moe/g793ul.webm",
        "LinkMp3": "https://files.catbox.moe/tl0xb6.mp3",
        "annId": 22006
    },
    {
        "animeEng": "New Getter Robo",
        "animeRomaji": "Shin Getter Robo",
        "songName": "DRAGON",
        "artist": "JAM Project",
        "type": "Opening 1",
        "correctCount": 5,
        "startTime": 48,
        "songDuration": 89.736,
        "songNumber": 82,
        "activePlayerCount": 201,
        "LinkVideo": "https://files.catbox.moe/ve78wu.webm",
        "LinkMp3": "https://files.catbox.moe/jy4rgw.mp3",
        "annId": 3868,
        "correctPlayers": [
            "chaabdu92",
            "Anaruwaifu",
            "shamanlord",
            "GGius",
            "theyingster"
        ]
    },
    {
        "animeEng": "Samurai Girls",
        "animeRomaji": "Hyakka Ry\u014dran Samurai Girls",
        "songName": "Koi ni Sesse Tooryanse",
        "artist": "Aoi Y\u016bki, Minako Kotobuki, Rie Kugimiya",
        "type": "Ending 1",
        "correctCount": 10,
        "startTime": 57,
        "songDuration": 89.592,
        "songNumber": 83,
        "activePlayerCount": 200,
        "LinkVideo": "https://files.catbox.moe/dhhrva.webm",
        "LinkMp3": "https://files.catbox.moe/2bn9yn.mp3",
        "annId": 11312
    },
    {
        "animeEng": "Futari wa Pretty Cure Max Heart 2: Yukizora no Tomodachi",
        "animeRomaji": "Futari wa Precure Max Heart 2: Yukizora no Tomodachi",
        "songName": "DANZEN! Futari wa Precure! (Ver.Max Heart)",
        "artist": "Mayumi Goj\u014d",
        "type": "Opening 1",
        "correctCount": 74,
        "startTime": 2,
        "songDuration": 80.064,
        "songNumber": 84,
        "activePlayerCount": 200,
        "LinkVideo": "https://files.catbox.moe/irvk62.webm",
        "LinkMp3": "https://files.catbox.moe/s8v34k.mp3",
        "annId": 5797
    },
    {
        "animeEng": "Dream Festival! R",
        "animeRomaji": "Dream Festival! R",
        "songName": "Shin Ai naru Yume e!",
        "artist": "DearDream",
        "type": "Ending 4",
        "correctCount": 6,
        "startTime": 23,
        "songDuration": 88.867044,
        "songNumber": 85,
        "activePlayerCount": 197,
        "LinkVideo": "https://files.catbox.moe/5sm4tb.webm",
        "LinkMp3": "https://files.catbox.moe/h32vq0.mp3",
        "annId": 19878
    }
]