[
    {
        "animeEng": "Celestial Method",
        "animeRomaji": "Sora no Method",
        "songName": "North method",
        "artist": "Larval Stage Planning",
        "type": "Insert Song",
        "correctCount": 12,
        "startTime": 19,
        "songDuration": 168.144,
        "songNumber": 1,
        "activePlayerCount": 105,
        "LinkVideo": "https://files.catbox.moe/cjnw2r.webm",
        "LinkMp3": "https://files.catbox.moe/ug9yu6.mp3",
        "annId": 16038,
        "songDifficulty": 15.72981282796102,
        "vintage": "Fall 2014"
    },
    {
        "animeEng": "Mewkledreamy",
        "animeRomaji": "Mewkledreamy",
        "songName": "Yukai Hajimare",
        "artist": "Rie Kugimiya",
        "type": "Insert Song",
        "correctCount": 11,
        "startTime": 2,
        "songDuration": 45.504,
        "songNumber": 2,
        "activePlayerCount": 109,
        "LinkVideo": "https://files.catbox.moe/vh89da.webm",
        "LinkMp3": "https://files.catbox.moe/7ab7rx.mp3",
        "annId": 22485,
        "songDifficulty": 20.289114169973544,
        "vintage": "Spring 2020"
    },
    {
        "animeEng": "Locke the Superman",
        "animeRomaji": "Choujin Locke",
        "songName": "RAINBOW BRIDGE",
        "artist": "Mitsuko Horie & STR!X",
        "type": "Insert Song",
        "correctCount": 3,
        "startTime": 1,
        "songDuration": 32.064,
        "songNumber": 3,
        "activePlayerCount": 116,
        "LinkVideo": "https://files.catbox.moe/pqeniq.webm",
        "LinkMp3": "https://files.catbox.moe/h07oed.mp3",
        "annId": 780,
        "songDifficulty": 4.314251925421099,
        "vintage": "Winter 1984",
        "correctPlayers": [
            "Delete",
            "Orfey",
            "Grapheon"
        ]
    },
    {
        "animeEng": "I Can't Understand What My Husband is Saying: 2nd Thread",
        "animeRomaji": "Danna ga Nani o Itteiru ka Wakaranai Ken 2-sure-me",
        "songName": "Yuruganu Futari ~Ai no Sanka~",
        "artist": "Kaoru to Hajime",
        "type": "Ending 1",
        "correctCount": 61,
        "startTime": 2,
        "songDuration": 32.016,
        "songNumber": 4,
        "activePlayerCount": 117,
        "LinkVideo": "https://files.catbox.moe/jpzosf.webm",
        "LinkMp3": "https://files.catbox.moe/o7pn8e.mp3",
        "annId": 16654,
        "songDifficulty": 27.156928843297436,
        "vintage": "Spring 2015"
    },
    {
        "animeEng": "Holy Knight",
        "animeRomaji": "Holy Knight",
        "songName": "Holy Knight",
        "artist": "Maaya Uchida",
        "type": "Opening 1",
        "correctCount": 10,
        "startTime": 18,
        "songDuration": 90.044075,
        "songNumber": 5,
        "activePlayerCount": 121,
        "LinkVideo": "https://files.catbox.moe/ehyljh.webm",
        "LinkMp3": "https://files.catbox.moe/45by9e.mp3",
        "annId": 13225,
        "songDifficulty": 14.43528888646076,
        "vintage": "Winter 2012"
    },
    {
        "animeEng": "Flip Flappers",
        "animeRomaji": "Flip Flappers",
        "songName": "FLIP FLAP FLIP FLAP",
        "artist": "TO-MAS feat. Chima",
        "type": "Ending 1",
        "correctCount": 88,
        "startTime": 40,
        "songDuration": 89.712,
        "songNumber": 6,
        "activePlayerCount": 123,
        "LinkVideo": "https://files.catbox.moe/rupzst.webm",
        "LinkMp3": "https://files.catbox.moe/83i0cx.mp3",
        "annId": 18177,
        "songDifficulty": 44.24057375048809,
        "vintage": "Fall 2016"
    },
    {
        "animeEng": "ARP Backstage Pass",
        "animeRomaji": "ARP Backstage Pass",
        "songName": "THE KISS",
        "artist": "REBEL CROSS",
        "type": "Insert Song",
        "correctCount": 7,
        "startTime": 19,
        "songDuration": 52.944,
        "songNumber": 7,
        "activePlayerCount": 126,
        "LinkVideo": "https://files.catbox.moe/f9rotd.webm",
        "LinkMp3": "https://files.catbox.moe/rmolp3.mp3",
        "annId": 22347,
        "songDifficulty": 21.316138857886905,
        "vintage": "Winter 2020"
    },
    {
        "animeEng": "Aikatsu on Parade!",
        "animeRomaji": "Aikatsu on Parade!",
        "songName": "lucky train!",
        "artist": "Miho\u30fbNanase from AIKATSU\u2606STARS!",
        "type": "Insert Song",
        "correctCount": 73,
        "startTime": 7,
        "songDuration": 107.472,
        "songNumber": 8,
        "activePlayerCount": 126,
        "LinkVideo": "https://files.catbox.moe/iq7pn5.webm",
        "LinkMp3": "https://files.catbox.moe/7shg6s.mp3",
        "annId": 22441,
        "songDifficulty": 47.03196569991438,
        "vintage": "Fall 2019"
    },
    {
        "animeEng": "Kaiju Girls Season 2",
        "animeRomaji": "Kaijuu Girls: Ultra Kaijuu Gijinka Keikaku 2",
        "songName": "Joujou \u2191\u2191 GAO !!",
        "artist": "Capsule Girls",
        "type": "Opening 1",
        "correctCount": 72,
        "startTime": 0,
        "songDuration": 14.064,
        "songNumber": 9,
        "activePlayerCount": 126,
        "LinkVideo": "https://files.catbox.moe/7r9u9b.webm",
        "LinkMp3": "https://files.catbox.moe/yz9trr.mp3",
        "annId": 20504,
        "songDifficulty": 33.52326890544989,
        "vintage": "Winter 2018"
    },
    {
        "animeEng": "Lemon Angel",
        "animeRomaji": "Lemon Angel",
        "songName": "Tokai no Angel",
        "artist": "Miki Emoto",
        "type": "Insert Song",
        "correctCount": 8,
        "startTime": 69,
        "songDuration": 178.056,
        "songNumber": 10,
        "activePlayerCount": 126,
        "LinkVideo": "https://files.catbox.moe/wdtzw7.webm",
        "LinkMp3": "https://files.catbox.moe/wm7l3j.mp3",
        "annId": 381,
        "songDifficulty": 9.370277041480655,
        "vintage": "Fall 1987"
    },
    {
        "animeEng": "Digimon Adventure: Born of Koromon",
        "animeRomaji": "Digimon Adventure: Born of Koromon",
        "songName": "Butter-Fly",
        "artist": "Kouji Wada",
        "type": "Ending 1",
        "correctCount": 97,
        "startTime": 21,
        "songDuration": 61.569554,
        "songNumber": 11,
        "activePlayerCount": 127,
        "LinkVideo": "https://files.catbox.moe/hnpd5k.webm",
        "LinkMp3": "https://files.catbox.moe/frsoce.mp3",
        "annId": 2523,
        "songDifficulty": 45.003968043785314,
        "vintage": "Winter 1999"
    },
    {
        "animeEng": "Futsal Boys!!!!!",
        "animeRomaji": "Futsal Boys!!!!!",
        "songName": "Pianissimo",
        "artist": "STEREO DIVE FOUNDATION",
        "type": "Ending 1",
        "correctCount": 28,
        "startTime": 21,
        "songDuration": 88.392,
        "songNumber": 12,
        "activePlayerCount": 127,
        "LinkVideo": "https://files.catbox.moe/40au1p.webm",
        "LinkMp3": "https://files.catbox.moe/xclhwy.mp3",
        "annId": 24044,
        "songDifficulty": 25.233190070694086,
        "vintage": "Winter 2022"
    },
    {
        "animeEng": "Crayon Shin-chan: Arashi o Yobu Mouretsu! Otona Teikoku no Gyakushuu",
        "animeRomaji": "Crayon Shin-chan: Arashi o Yobu Mouretsu! Otona Teikoku no Gyakushuu",
        "songName": "Dame Dame no Uta",
        "artist": "Lady Q, Akiko Yajima, Miki Narahashi",
        "type": "Opening 1",
        "correctCount": 111,
        "startTime": 31,
        "songDuration": 63.888,
        "songNumber": 13,
        "activePlayerCount": 127,
        "LinkVideo": "https://files.catbox.moe/4bgr2c.webm",
        "LinkMp3": "https://files.catbox.moe/hgnapn.mp3",
        "annId": 2684,
        "songDifficulty": 44.152068221610804,
        "vintage": "Spring 2001"
    },
    {
        "animeEng": "Lapis Re:LiGHTs",
        "animeRomaji": "Lapis Re:LiGHTs",
        "songName": "RISE",
        "artist": "supernova",
        "type": "Insert Song",
        "correctCount": 24,
        "startTime": 50,
        "songDuration": 99.12,
        "songNumber": 14,
        "activePlayerCount": 129,
        "LinkVideo": "https://files.catbox.moe/fkgu1c.webm",
        "LinkMp3": "https://files.catbox.moe/8xrl32.mp3",
        "annId": 22935,
        "songDifficulty": 25.752975260416665,
        "vintage": "Summer 2020"
    },
    {
        "animeEng": "The Rolling Girls",
        "animeRomaji": "Rolling\u2606Girls",
        "songName": "Eiyuu ni Akogarete",
        "artist": "THE ROLLING GIRLS",
        "type": "Insert Song",
        "correctCount": 28,
        "startTime": 29,
        "songDuration": 224.1392,
        "songNumber": 15,
        "activePlayerCount": 130,
        "LinkVideo": "https://files.catbox.moe/vffkcy.webm",
        "LinkMp3": "https://files.catbox.moe/51v18j.mp3",
        "annId": 16251,
        "songDifficulty": 22.084508070054945,
        "vintage": "Winter 2015"
    },
    {
        "animeEng": "Dragon Knight",
        "animeRomaji": "Dragon Knight",
        "songName": "SHOOTING LOVER",
        "artist": "Yuko Mizutani",
        "type": "Ending 1",
        "correctCount": 3,
        "startTime": 127,
        "songDuration": 197.976,
        "songNumber": 16,
        "activePlayerCount": 130,
        "LinkVideo": "https://files.catbox.moe/0shbiv.webm",
        "LinkMp3": "https://files.catbox.moe/sb2x62.mp3",
        "annId": 586,
        "songDifficulty": 3.817541671125856,
        "vintage": "Winter 1991",
        "correctPlayers": [
            "Delete",
            "Lone",
            "CedropGlash"
        ]
    },
    {
        "animeEng": "X OVA",
        "animeRomaji": "X OVA",
        "songName": "STRENGTH",
        "artist": "Kohei Koizumi",
        "type": "Ending 1",
        "correctCount": 3,
        "startTime": 82,
        "songDuration": 185.784,
        "songNumber": 17,
        "activePlayerCount": 130,
        "LinkVideo": "https://files.catbox.moe/2hzzjr.webm",
        "LinkMp3": "https://files.catbox.moe/hyb28m.mp3",
        "annId": 608,
        "songDifficulty": 4.4615727237977545,
        "vintage": "Summer 2001",
        "correctPlayers": [
            "Lone",
            "LDPix",
            "tomokarin"
        ]
    },
    {
        "animeEng": "A.I.C.O.: Incarnation",
        "animeRomaji": "A.I.C.O.: Incarnation",
        "songName": "A.I.C.O.",
        "artist": "TRUE",
        "type": "Opening 1",
        "correctCount": 36,
        "startTime": 4,
        "songDuration": 89.304,
        "songNumber": 18,
        "activePlayerCount": 131,
        "LinkVideo": "https://files.catbox.moe/4eiai5.webm",
        "LinkMp3": "https://files.catbox.moe/fgx79d.mp3",
        "annId": 19989,
        "songDifficulty": 18.95604827425373,
        "vintage": "Winter 2018"
    },
    {
        "animeEng": "Human Crossing",
        "animeRomaji": "Ningen Kousaten",
        "songName": "Believing",
        "artist": "Aki Asahina",
        "type": "Ending 1",
        "correctCount": 2,
        "startTime": 10,
        "songDuration": 98.04,
        "songNumber": 19,
        "activePlayerCount": 133,
        "LinkVideo": "https://files.catbox.moe/17tvc2.webm",
        "LinkMp3": "https://files.catbox.moe/wh10pw.mp3",
        "annId": 2978,
        "songDifficulty": 5.472065236308787,
        "vintage": "Spring 2003",
        "correctPlayers": [
            "Rukawa11",
            "Jlin2"
        ]
    },
    {
        "animeEng": "LITTLE GHOSTLY Adventures Of The TOFU BOY",
        "animeRomaji": "Toufu Kozou",
        "songName": "My Dear",
        "artist": "Crystal Kay",
        "type": "Insert Song",
        "correctCount": 7,
        "startTime": 42,
        "songDuration": 107.52,
        "songNumber": 20,
        "activePlayerCount": 133,
        "LinkVideo": "https://files.catbox.moe/0w9c2f.webm",
        "LinkMp3": "https://files.catbox.moe/wpdpvm.mp3",
        "annId": 12184,
        "songDifficulty": 6.83883278803816,
        "vintage": "Spring 2011"
    },
    {
        "animeEng": "Rent-a-Girlfriend",
        "animeRomaji": "Kanojo, Okarishimasu",
        "songName": "Centimeter",
        "artist": "the peggies",
        "type": "Opening 1",
        "correctCount": 102,
        "startTime": 35,
        "songDuration": 89.568,
        "songNumber": 21,
        "activePlayerCount": 133,
        "LinkVideo": "https://files.catbox.moe/6u5u7g.webm",
        "LinkMp3": "https://files.catbox.moe/3vfvwm.mp3",
        "annId": 22933,
        "songDifficulty": 51.7990231831206,
        "vintage": "Summer 2020"
    },
    {
        "animeEng": "The Legend of the Legendary Heroes",
        "animeRomaji": "Densetsu no Yuusha no Densetsu",
        "songName": "Energy",
        "artist": "Ceui",
        "type": "Insert Song",
        "correctCount": 22,
        "startTime": 171,
        "songDuration": 222.432,
        "songNumber": 22,
        "activePlayerCount": 132,
        "LinkVideo": "https://files.catbox.moe/7btbmt.webm",
        "LinkMp3": "https://files.catbox.moe/i60zmw.mp3",
        "annId": 11250,
        "songDifficulty": 15.309178748497596,
        "vintage": "Spring 2010"
    },
    {
        "animeEng": "Freedom",
        "animeRomaji": "Freedom",
        "songName": "This Is Love",
        "artist": "Hikaru Utada",
        "type": "Opening 1",
        "correctCount": 22,
        "startTime": 42,
        "songDuration": 88.848,
        "songNumber": 23,
        "activePlayerCount": 131,
        "LinkVideo": "https://files.catbox.moe/fr5hh8.webm",
        "LinkMp3": "https://files.catbox.moe/azuvld.mp3",
        "annId": 6769,
        "songDifficulty": 19.61764294974964,
        "vintage": "Fall 2006"
    },
    {
        "animeEng": "The Way of the Househusband",
        "animeRomaji": "Gokushufudou",
        "songName": "Shufu no Michi",
        "artist": "Uchikubi Gokumon Doukoukai",
        "type": "Opening 1",
        "correctCount": 98,
        "startTime": 3,
        "songDuration": 88.512,
        "songNumber": 24,
        "activePlayerCount": 132,
        "LinkVideo": "https://files.catbox.moe/mnupvm.webm",
        "LinkMp3": "https://files.catbox.moe/5rofy3.mp3",
        "annId": 24020,
        "songDifficulty": 35.43430476660904,
        "vintage": "Spring 2021"
    },
    {
        "animeEng": "Galaxy Express 999",
        "animeRomaji": "Ginga Tetsudou 999",
        "songName": "TAKING OFF",
        "artist": "Godiego",
        "type": "Insert Song",
        "correctCount": 61,
        "startTime": 29,
        "songDuration": 138.984,
        "songNumber": 25,
        "activePlayerCount": 133,
        "LinkVideo": "https://files.catbox.moe/q0n0du.webm",
        "LinkMp3": "https://files.catbox.moe/cut3df.mp3",
        "annId": 1362,
        "songDifficulty": 28.52850107046274,
        "vintage": "Summer 1979"
    },
    {
        "animeEng": "GTO: The Animation",
        "animeRomaji": "GTO: The Animation",
        "songName": "Hitori no Yoru",
        "artist": "Porno Graffitti",
        "type": "Opening 2",
        "correctCount": 77,
        "startTime": 32,
        "songDuration": 97.392,
        "songNumber": 26,
        "activePlayerCount": 132,
        "LinkVideo": "https://files.catbox.moe/0lj4ne.webm",
        "LinkMp3": "https://files.catbox.moe/0fgxzg.mp3",
        "annId": 153,
        "songDifficulty": 40.31326234446948,
        "vintage": "Spring 1999"
    },
    {
        "animeEng": "Gungrave",
        "animeRomaji": "Gungrave",
        "songName": "Akane-iro ga Moeru Toki",
        "artist": "Scoobie Do",
        "type": "Ending 1",
        "correctCount": 5,
        "startTime": 49,
        "songDuration": 89.328,
        "songNumber": 27,
        "activePlayerCount": 131,
        "LinkVideo": "https://files.catbox.moe/u43rr8.webm",
        "LinkMp3": "https://files.catbox.moe/eejcqv.mp3",
        "annId": 2635,
        "songDifficulty": 17.959665960395245,
        "vintage": "Fall 2003",
        "correctPlayers": [
            "Tetoy",
            "JoJoe",
            "MikelOyarzabal",
            "MashiroShiina87",
            "Coolpop"
        ]
    },
    {
        "animeEng": "Manga: Aesop's Tale",
        "animeRomaji": "Manga Aesop Monogatari",
        "songName": "Ai to Pokopoko",
        "artist": "Katsue Miwa & Koorogi '73",
        "type": "Insert Song",
        "correctCount": 2,
        "startTime": 5,
        "songDuration": 47.544,
        "songNumber": 28,
        "activePlayerCount": 131,
        "LinkVideo": "https://files.catbox.moe/g75et3.webm",
        "LinkMp3": "https://files.catbox.moe/sjqy7z.mp3",
        "annId": 3646,
        "songDifficulty": 7.893145161290323,
        "vintage": "Winter 1983",
        "correctPlayers": [
            "Mika_tw",
            "Sonoko"
        ]
    },
    {
        "animeEng": "Re-Birthday",
        "animeRomaji": "Happy Birthday: Inochi Kagayaku Toki",
        "songName": "TRUE SONG",
        "artist": "Izumi Katou",
        "type": "Ending 1",
        "correctCount": 0,
        "startTime": 39,
        "songDuration": 236.688,
        "songNumber": 29,
        "activePlayerCount": 130,
        "LinkVideo": "https://files.catbox.moe/08mqva.webm",
        "LinkMp3": "https://files.catbox.moe/9d1zuy.mp3",
        "annId": 15063,
        "songDifficulty": 6.832081106085527,
        "vintage": "Summer 1999"
    },
    {
        "animeEng": "My Teen Romantic Comedy SNAFU TOO!",
        "animeRomaji": "Oregairu Zoku",
        "songName": "Yukitoki",
        "artist": "Nagi Yanagi",
        "type": "Insert Song",
        "correctCount": 118,
        "startTime": 5,
        "songDuration": 162.12,
        "songNumber": 30,
        "activePlayerCount": 131,
        "LinkVideo": "https://files.catbox.moe/ax756s.webm",
        "LinkMp3": "https://files.catbox.moe/z8t7ci.mp3",
        "annId": 16329,
        "songDifficulty": 55.0168428552492,
        "vintage": "Spring 2015"
    },
    {
        "animeEng": "IDOLiSH7",
        "animeRomaji": "IDOLiSH7",
        "songName": "Dancing\u221eBEAT!!",
        "artist": "IDOLiSH7",
        "type": "Insert Song",
        "correctCount": 24,
        "startTime": 45,
        "songDuration": 142.752,
        "songNumber": 31,
        "activePlayerCount": 132,
        "LinkVideo": "https://files.catbox.moe/34nn0o.webm",
        "LinkMp3": "https://files.catbox.moe/c6efla.mp3",
        "annId": 20122,
        "songDifficulty": 40.64920489076872,
        "vintage": "Winter 2018"
    },
    {
        "animeEng": "Sword Art Online II",
        "animeRomaji": "Sword Art Online II",
        "songName": "IGNITE",
        "artist": "Eir Aoi",
        "type": "Opening 1",
        "correctCount": 87,
        "startTime": 16,
        "songDuration": 90.048,
        "songNumber": 32,
        "activePlayerCount": 132,
        "LinkVideo": "https://files.catbox.moe/n8h0fu.webm",
        "LinkMp3": "https://files.catbox.moe/2u2ii0.mp3",
        "annId": 15804,
        "songDifficulty": 48.58128871273147,
        "vintage": "Summer 2014"
    },
    {
        "animeEng": "AKB0048 Next Stage",
        "animeRomaji": "AKB0048 Next Stage",
        "songName": "Ponytail to Shushu",
        "artist": "AKB48",
        "type": "Insert Song",
        "correctCount": 77,
        "startTime": 71,
        "songDuration": 157.32,
        "songNumber": 33,
        "activePlayerCount": 132,
        "LinkVideo": "https://files.catbox.moe/ew7soa.webm",
        "LinkMp3": "https://files.catbox.moe/55lfw4.mp3",
        "annId": 14873,
        "songDifficulty": 39.1823215309633,
        "vintage": "Winter 2013"
    },
    {
        "animeEng": "Pita-Ten",
        "animeRomaji": "Pita-Ten",
        "songName": "Wake Up Angel ~Negaimashite ha Mugen Nari~",
        "artist": "Funta",
        "type": "Opening 1",
        "correctCount": 10,
        "startTime": 43,
        "songDuration": 88.968,
        "songNumber": 34,
        "activePlayerCount": 133,
        "LinkVideo": "https://files.catbox.moe/riq6tl.webm",
        "LinkMp3": "https://files.catbox.moe/iytnmu.mp3",
        "annId": 1103,
        "songDifficulty": 16.977912154227557,
        "vintage": "Spring 2002"
    },
    {
        "animeEng": "Love Live! Superstar!!",
        "animeRomaji": "Love Live! Superstar!!",
        "songName": "Mirai wa Kaze no You ni",
        "artist": "Sayuri Date",
        "type": "Ending 2",
        "correctCount": 53,
        "startTime": 64,
        "songDuration": 101.352,
        "songNumber": 35,
        "activePlayerCount": 132,
        "LinkVideo": "https://files.catbox.moe/bs9fc8.webm",
        "LinkMp3": "https://files.catbox.moe/x728lb.mp3",
        "annId": 23844,
        "songDifficulty": 38.06202482110913,
        "vintage": "Summer 2021"
    },
    {
        "animeEng": "Be-Bop-Highschool",
        "animeRomaji": "Be-Bop-Highschool",
        "songName": "BE A GOOD BOY (I AIN'T GONNA BE GOOD)",
        "artist": "COOLS",
        "type": "Opening 1",
        "correctCount": 8,
        "startTime": 79,
        "songDuration": 119.52,
        "songNumber": 36,
        "activePlayerCount": 131,
        "LinkVideo": "https://files.catbox.moe/as54di.webm",
        "LinkMp3": "https://files.catbox.moe/p6wvzy.mp3",
        "annId": 3294,
        "songDifficulty": 17.690648632117437,
        "vintage": "Winter 1990"
    },
    {
        "animeEng": "Nyaruko: Crawling with Love! F",
        "animeRomaji": "Haiyore! Nyaruko-san F",
        "songName": "Taiyou Iwaku Moeyo Chaos",
        "artist": "Ushiro kara Haiyori-tai G",
        "type": "Insert Song",
        "correctCount": 105,
        "startTime": 27,
        "songDuration": 66.144,
        "songNumber": 37,
        "activePlayerCount": 131,
        "LinkVideo": "https://files.catbox.moe/gi662c.webm",
        "LinkMp3": "https://files.catbox.moe/wq10yw.mp3",
        "annId": 16604,
        "songDifficulty": 48.176532176858295,
        "vintage": "Spring 2015"
    },
    {
        "animeEng": "Buzzer Beater",
        "animeRomaji": "Buzzer Beater",
        "songName": "Hideyoshi no Theme \"SC\"",
        "artist": "Koichiro Kameyama",
        "type": "Opening 1",
        "correctCount": 26,
        "startTime": 0,
        "songDuration": 29.208,
        "songNumber": 38,
        "activePlayerCount": 131,
        "LinkVideo": "https://files.catbox.moe/hr56cb.webm",
        "LinkMp3": "https://files.catbox.moe/uyn0ds.mp3",
        "annId": 8137,
        "songDifficulty": 18.792471724787937,
        "vintage": "Summer 2007"
    },
    {
        "animeEng": "Detective Conan Episode One: The Great Detective Turned Small",
        "animeRomaji": "Meitantei Conan Episode One: Chiisaku Natta Meitantei",
        "songName": "Unmei no Roulette Mawashite",
        "artist": "ZARD",
        "type": "Insert Song",
        "correctCount": 58,
        "startTime": 14,
        "songDuration": 95.064,
        "songNumber": 39,
        "activePlayerCount": 131,
        "LinkVideo": "https://files.catbox.moe/j8l9l1.webm",
        "LinkMp3": "https://files.catbox.moe/jqom8f.mp3",
        "annId": 22487,
        "songDifficulty": 33.77995660881175,
        "vintage": "Fall 2016"
    },
    {
        "animeEng": "Vivy: Fluorite Eye's Song",
        "animeRomaji": "Vivy: Fluorite Eye's Song",
        "songName": "Sing My Pleasure",
        "artist": "Kairi Yagi",
        "type": "Opening 3",
        "correctCount": 72,
        "startTime": 33,
        "songDuration": 89.952,
        "songNumber": 40,
        "activePlayerCount": 131,
        "LinkVideo": "https://files.catbox.moe/7wa4zi.webm",
        "LinkMp3": "https://files.catbox.moe/jqb1h7.mp3",
        "annId": 23935,
        "songDifficulty": 43.15166290037335,
        "vintage": "Spring 2021"
    },
    {
        "animeEng": "Otherside Picnic",
        "animeRomaji": "Urasekai Picnic",
        "songName": "Minikui Ikimono",
        "artist": "CHiCO with HoneyWorks",
        "type": "Opening 1",
        "correctCount": 40,
        "startTime": 1,
        "songDuration": 89.448,
        "songNumber": 41,
        "activePlayerCount": 131,
        "LinkVideo": "https://files.catbox.moe/wcneac.webm",
        "LinkMp3": "https://files.catbox.moe/5im9l6.mp3",
        "annId": 23073,
        "songDifficulty": 27.457308810729547,
        "vintage": "Winter 2021"
    },
    {
        "animeEng": "Capricorn",
        "animeRomaji": "Capricorn",
        "songName": "Sayonara STRANGER DAYS",
        "artist": "Yumi Hiroki",
        "type": "Ending 1",
        "correctCount": 5,
        "startTime": 47,
        "songDuration": 131.054074,
        "songNumber": 42,
        "activePlayerCount": 131,
        "LinkVideo": "https://files.catbox.moe/me9sot.webm",
        "LinkMp3": "https://files.catbox.moe/knzdk8.mp3",
        "annId": 555,
        "songDifficulty": 7.81884765625,
        "vintage": "Spring 1991",
        "correctPlayers": [
            "Rukawa11",
            "Hyonoka",
            "IzumiSakai",
            "Rubikson",
            "Black_Flame"
        ]
    },
    {
        "animeEng": "Idol Defense Force Hummingbird",
        "animeRomaji": "Idol Bouei-tai Hummingbird",
        "songName": "Setsunai Omoi",
        "artist": "Hummingbird",
        "type": "Insert Song",
        "correctCount": 2,
        "startTime": 9,
        "songDuration": 272.904,
        "songNumber": 43,
        "activePlayerCount": 132,
        "LinkVideo": "https://files.catbox.moe/wuentv.webm",
        "LinkMp3": "https://files.catbox.moe/zw7rnt.mp3",
        "annId": 2042,
        "songDifficulty": 16.441440341708898,
        "vintage": "Winter 1993",
        "correctPlayers": [
            "Delete",
            "Hyonoka"
        ]
    },
    {
        "animeEng": "Toriko",
        "animeRomaji": "Toriko",
        "songName": "One day",
        "artist": "The ROOTLESS",
        "type": "Ending 1",
        "correctCount": 55,
        "startTime": 104,
        "songDuration": 142.056,
        "songNumber": 44,
        "activePlayerCount": 134,
        "LinkVideo": "https://files.catbox.moe/fe29iz.webm",
        "LinkMp3": "https://files.catbox.moe/mm18z4.mp3",
        "annId": 12306,
        "songDifficulty": 33.50102669404517,
        "vintage": "Spring 2011"
    },
    {
        "animeEng": "Haganai Next",
        "animeRomaji": "Boku wa Tomodachi ga Sukunai Next",
        "songName": "Bokura no Tsubasa",
        "artist": "Rinjin-bu",
        "type": "Ending 1",
        "correctCount": 45,
        "startTime": 28,
        "songDuration": 89.472,
        "songNumber": 45,
        "activePlayerCount": 134,
        "LinkVideo": "https://files.catbox.moe/djmcip.webm",
        "LinkMp3": "https://files.catbox.moe/jmdg75.mp3",
        "annId": 14827,
        "songDifficulty": 11.932692586534893,
        "vintage": "Winter 2013"
    },
    {
        "animeEng": "Pok\u00e9mon",
        "animeRomaji": "Pocket Monsters",
        "songName": "Mezase Pokemon Master",
        "artist": "Whiteberry",
        "type": "Opening 4",
        "correctCount": 107,
        "startTime": 17,
        "songDuration": 85.056,
        "songNumber": 46,
        "activePlayerCount": 131,
        "LinkVideo": "https://files.catbox.moe/7v2qxk.webm",
        "LinkMp3": "https://files.catbox.moe/hogu2y.mp3",
        "annId": 270,
        "songDifficulty": 37.745849269819196,
        "vintage": "Spring 1997"
    },
    {
        "animeEng": "Fairy Tail",
        "animeRomaji": "Fairy Tail",
        "songName": "Snow Fairy",
        "artist": "FUNKIST",
        "type": "Opening 1",
        "correctCount": 111,
        "startTime": 5,
        "songDuration": 87.984,
        "songNumber": 47,
        "activePlayerCount": 131,
        "LinkVideo": "https://files.catbox.moe/yi1987.webm",
        "LinkMp3": "https://files.catbox.moe/sxt22q.mp3",
        "annId": 10942,
        "songDifficulty": 56.10905674413832,
        "vintage": "Fall 2009"
    },
    {
        "animeEng": "Crayon Shin-chan: Densetsu o Yobu Odore! Amigo!",
        "animeRomaji": "Crayon Shin-chan: Densetsu o Yobu Odore! Amigo!",
        "songName": "Yuru Yuru DE-O!",
        "artist": "Akiko Yajima",
        "type": "Opening 1",
        "correctCount": 115,
        "startTime": 24,
        "songDuration": 60.576,
        "songNumber": 48,
        "activePlayerCount": 132,
        "LinkVideo": "https://files.catbox.moe/y4st9i.webm",
        "LinkMp3": "https://files.catbox.moe/hblu4o.mp3",
        "annId": 6750,
        "songDifficulty": 47.291592208720516,
        "vintage": "Spring 2006"
    },
    {
        "animeEng": "Nisekoi",
        "animeRomaji": "Nisekoi",
        "songName": "STEP",
        "artist": "ClariS",
        "type": "Opening 2",
        "correctCount": 95,
        "startTime": 18,
        "songDuration": 89.064,
        "songNumber": 49,
        "activePlayerCount": 131,
        "LinkVideo": "https://files.catbox.moe/7ns2te.webm",
        "LinkMp3": "https://files.catbox.moe/z7wdww.mp3",
        "annId": 15349,
        "songDifficulty": 25.991454722177224,
        "vintage": "Winter 2014"
    },
    {
        "animeEng": "Senki Zesshou Symphogear XV",
        "animeRomaji": "Senki Zesshou Symphogear XV",
        "songName": "Apple",
        "artist": "Yoko Hikasa & Yui Horie",
        "type": "Insert Song",
        "correctCount": 52,
        "startTime": 2,
        "songDuration": 35.304,
        "songNumber": 50,
        "activePlayerCount": 131,
        "LinkVideo": "https://files.catbox.moe/yhnvlu.webm",
        "LinkMp3": "https://files.catbox.moe/sc7kjv.mp3",
        "annId": 22019,
        "songDifficulty": 43.19889468890135,
        "vintage": "Summer 2019"
    },
    {
        "animeEng": "Love Live! Sunshine!!",
        "animeRomaji": "Love Live! School Idol Project Sunshine!!",
        "songName": "WATER BLUE NEW WORLD",
        "artist": "Aqours",
        "type": "Insert Song",
        "correctCount": 32,
        "startTime": 23,
        "songDuration": 126.072,
        "songNumber": 51,
        "activePlayerCount": 131,
        "LinkVideo": "https://files.catbox.moe/ya6nio.webm",
        "LinkMp3": "https://files.catbox.moe/9eo5kk.mp3",
        "annId": 20000,
        "songDifficulty": 35.56860680592992,
        "vintage": "Fall 2017"
    },
    {
        "animeEng": "Steam Detectives",
        "animeRomaji": "Kaiketsu Jouki Tanteidan",
        "songName": "Okubyou Emotion",
        "artist": "Elika",
        "type": "Ending 1",
        "correctCount": 1,
        "startTime": 52,
        "songDuration": 89.424,
        "songNumber": 52,
        "activePlayerCount": 132,
        "LinkVideo": "https://files.catbox.moe/qs7rcc.webm",
        "LinkMp3": "https://files.catbox.moe/ef4lqa.mp3",
        "annId": 863,
        "songDifficulty": 18.027209223533163,
        "vintage": "Fall 1998",
        "correctPlayers": [
            "qwertykiller99"
        ]
    },
    {
        "animeEng": "Star Driver",
        "animeRomaji": "Star Driver: Kagayaki no Takuto",
        "songName": "Monochrome ~ version de l'apprivoiser",
        "artist": "Haruka Tomatsu",
        "type": "Insert Song",
        "correctCount": 15,
        "startTime": 12,
        "songDuration": 126.48,
        "songNumber": 53,
        "activePlayerCount": 132,
        "LinkVideo": "https://files.catbox.moe/gvs2zd.webm",
        "LinkMp3": "https://files.catbox.moe/f79h9d.mp3",
        "annId": 11607,
        "songDifficulty": 27.72347475614162,
        "vintage": "Fall 2010"
    },
    {
        "animeEng": "One Stormy Night: Secret Friends",
        "animeRomaji": "Arashi no Yoru ni: Himitsu no Tomodachi",
        "songName": "Dear My Friend",
        "artist": "U-KISS",
        "type": "Ending 1",
        "correctCount": 7,
        "startTime": 29,
        "songDuration": 81.216,
        "songNumber": 54,
        "activePlayerCount": 132,
        "LinkVideo": "https://files.catbox.moe/d3qjte.webm",
        "LinkMp3": "https://files.catbox.moe/lfqghl.mp3",
        "annId": 14045,
        "songDifficulty": 5.125701443306269,
        "vintage": "Spring 2012"
    },
    {
        "animeEng": "The Future Diary",
        "animeRomaji": "Mirai Nikki",
        "songName": "The Creator",
        "artist": "Yousei Teikoku",
        "type": "Ending 1",
        "correctCount": 63,
        "startTime": 45,
        "songDuration": 87.24748,
        "songNumber": 55,
        "activePlayerCount": 132,
        "LinkVideo": "https://files.catbox.moe/18a065.webm",
        "LinkMp3": "https://files.catbox.moe/nd4m2m.mp3",
        "annId": 11373,
        "songDifficulty": 37.592458974064726,
        "vintage": "Fall 2010"
    },
    {
        "animeEng": "Mushoku Tensei: Jobless Reincarnation",
        "animeRomaji": "Mushoku Tensei: Isekai Ittara Honki Dasu",
        "songName": "Only",
        "artist": "Yuiko Ohara",
        "type": "Ending 1",
        "correctCount": 88,
        "startTime": 8,
        "songDuration": 89.472,
        "songNumber": 56,
        "activePlayerCount": 133,
        "LinkVideo": "https://files.catbox.moe/myezzx.webm",
        "LinkMp3": "https://files.catbox.moe/b8so3r.mp3",
        "annId": 22589,
        "songDifficulty": 32.94532746991646,
        "vintage": "Winter 2021"
    },
    {
        "animeEng": "Fate/Grand Carnival",
        "animeRomaji": "Fate/Grand Carnival",
        "songName": "Super\u2606Affection",
        "artist": "Rie Takahashi, Minami Tanaka, Rumi Ookubo, Aoi Yuuki, Nao Touyama, Ayane Sakura, Saori Hayami, Ayako Kawasumi, Kana Ueda, Sakura Tange, Mai Kadowaki",
        "type": "Opening 1",
        "correctCount": 71,
        "startTime": 3,
        "songDuration": 88.512,
        "songNumber": 57,
        "activePlayerCount": 134,
        "LinkVideo": "https://files.catbox.moe/56p6k7.webm",
        "LinkMp3": "https://files.catbox.moe/edd243.mp3",
        "annId": 24414,
        "songDifficulty": 33.66511590909091,
        "vintage": "Spring 2021"
    },
    {
        "animeEng": "BOFURI: I Don\u2019t Want to Get Hurt, so I\u2019ll Max Out My Defense.",
        "animeRomaji": "Itai no wa Iya nano de Bougyoryoku ni Kyokufuri Shitai to Omoimasu.",
        "songName": "Good Night",
        "artist": "Rico Sasaki",
        "type": "Insert Song",
        "correctCount": 101,
        "startTime": 3,
        "songDuration": 47.184,
        "songNumber": 58,
        "activePlayerCount": 135,
        "LinkVideo": "https://files.catbox.moe/5xzv7g.webm",
        "LinkMp3": "https://files.catbox.moe/mn9hbe.mp3",
        "annId": 22565,
        "songDifficulty": 37.57924727872239,
        "vintage": "Winter 2020"
    },
    {
        "animeEng": "A Certain Scientific Railgun S",
        "animeRomaji": "Toaru Kagaku no Railgun S",
        "songName": "eternal reality",
        "artist": "fripSide",
        "type": "Opening 2",
        "correctCount": 78,
        "startTime": 32,
        "songDuration": 88.536,
        "songNumber": 59,
        "activePlayerCount": 136,
        "LinkVideo": "https://files.catbox.moe/g2oa3p.webm",
        "LinkMp3": "https://files.catbox.moe/gfsp2i.mp3",
        "annId": 14853,
        "songDifficulty": 32.06690944378092,
        "vintage": "Spring 2013"
    },
    {
        "animeEng": "Banner of the Stars II",
        "animeRomaji": "Seikai no Senki II",
        "songName": "Main Theme (Seikai no Senki II Version)",
        "artist": "Katsuhisa Hattori",
        "type": "Opening 1",
        "correctCount": 41,
        "startTime": 19,
        "songDuration": 96.048,
        "songNumber": 60,
        "activePlayerCount": 137,
        "LinkVideo": "https://files.catbox.moe/idnrea.webm",
        "LinkMp3": "https://files.catbox.moe/kc0r5e.mp3",
        "annId": 448,
        "songDifficulty": 22.152917091363975,
        "vintage": "Summer 2001"
    },
    {
        "animeEng": "Digimon Adventure",
        "animeRomaji": "Digimon Adventure",
        "songName": "Butter-Fly~Piano Version~",
        "artist": "Kouji Wada",
        "type": "Insert Song",
        "correctCount": 79,
        "startTime": 65,
        "songDuration": 124.848,
        "songNumber": 61,
        "activePlayerCount": 136,
        "LinkVideo": "https://files.catbox.moe/j1pmst.webm",
        "LinkMp3": "https://files.catbox.moe/8uw15i.mp3",
        "annId": 794,
        "songDifficulty": 41.68327503922594,
        "vintage": "Winter 1999"
    },
    {
        "animeEng": "Nekopara",
        "animeRomaji": "Nekopara",
        "songName": "Hidamari no Kaori ~Cacao mo Issho ver~",
        "artist": "Yuki Yagi, Iori Saeki, Yuka Morishima",
        "type": "Ending 3",
        "correctCount": 48,
        "startTime": 12,
        "songDuration": 87.648,
        "songNumber": 62,
        "activePlayerCount": 136,
        "LinkVideo": "https://files.catbox.moe/mon5q6.webm",
        "LinkMp3": "https://files.catbox.moe/4b5bmw.mp3",
        "annId": 22247,
        "songDifficulty": 25.582782101167314,
        "vintage": "Winter 2020"
    },
    {
        "animeEng": "Fate/Grand Order Absolute Demonic Front: Babylonia",
        "animeRomaji": "Fate/Grand Order: Zettai Majuu Sensen Babylonia",
        "songName": "Shikisai",
        "artist": "Maaya Sakamoto",
        "type": "Insert Song",
        "correctCount": 72,
        "startTime": 23,
        "songDuration": 209.616,
        "songNumber": 63,
        "activePlayerCount": 136,
        "LinkVideo": "https://files.catbox.moe/6fhzra.webm",
        "LinkMp3": "https://files.catbox.moe/nzld9g.mp3",
        "annId": 23547,
        "songDifficulty": 29.96259919835643,
        "vintage": "Summer 2019"
    },
    {
        "animeEng": "Katana Maidens: Tomoshibi",
        "animeRomaji": "Toji no Miko: Kizamishi Issen no Tomoshibi",
        "songName": "blurry shadow",
        "artist": "Himika Akaneya, Kaori Ishihara, Hiromi Igarashi, Akane Fujita, Manami Numakura, Sumire Uesaka",
        "type": "Ending 1",
        "correctCount": 12,
        "startTime": 52,
        "songDuration": 89.472,
        "songNumber": 64,
        "activePlayerCount": 138,
        "LinkVideo": "https://files.catbox.moe/y7ghi3.webm",
        "LinkMp3": "https://files.catbox.moe/4pmo3b.mp3",
        "annId": 23091,
        "songDifficulty": 11.471033375990753,
        "vintage": "Winter 2020"
    },
    {
        "animeEng": "Yume Oukoku to Nemureru 100-Nin no Ouji-sama Short Stories",
        "animeRomaji": "Yume Oukoku to Nemureru 100-Nin no Ouji-sama Short Stories",
        "songName": "Aru Hi no Ouji-sama",
        "artist": "Daiki Yamashita",
        "type": "Opening 1",
        "correctCount": 6,
        "startTime": 12,
        "songDuration": 60.144,
        "songNumber": 65,
        "activePlayerCount": 137,
        "LinkVideo": "https://files.catbox.moe/kvp08l.webm",
        "LinkMp3": "https://files.catbox.moe/w0ushx.mp3",
        "annId": 19766,
        "songDifficulty": 7.756783134992733,
        "vintage": "Winter 2017"
    },
    {
        "animeEng": "Kabaneri of the Iron Fortress",
        "animeRomaji": "Koutetsujou no Kabaneri",
        "songName": "Through My Blood",
        "artist": "Mika Kobayashi",
        "type": "Insert Song",
        "correctCount": 63,
        "startTime": 54,
        "songDuration": 189.528,
        "songNumber": 66,
        "activePlayerCount": 136,
        "LinkVideo": "https://files.catbox.moe/0mkggf.webm",
        "LinkMp3": "https://files.catbox.moe/qvzeyi.mp3",
        "annId": 16595,
        "songDifficulty": 33.96408899909146,
        "vintage": "Spring 2016"
    },
    {
        "animeEng": "Under the Dog",
        "animeRomaji": "Under the Dog",
        "songName": "Shoujo-tachi no Melody",
        "artist": "Asami Seto",
        "type": "Ending 1",
        "correctCount": 5,
        "startTime": 196,
        "songDuration": 253.32,
        "songNumber": 67,
        "activePlayerCount": 136,
        "LinkVideo": "https://files.catbox.moe/yh6x7s.webm",
        "LinkMp3": "https://files.catbox.moe/w5rnd0.mp3",
        "annId": 18675,
        "songDifficulty": 5.640582966354658,
        "vintage": "Summer 2016",
        "correctPlayers": [
            "Delete",
            "Chimera",
            "revel_",
            "Hyonoka",
            "HDNC"
        ]
    },
    {
        "animeEng": "Bonjour Sweet Love Patisserie",
        "animeRomaji": "Bonjour Sweet Love Patisserie",
        "songName": "Bonjour\u266aMagic",
        "artist": "Les*Fleurirs",
        "type": "Opening 1",
        "correctCount": 80,
        "startTime": 0,
        "songDuration": 29.52,
        "songNumber": 68,
        "activePlayerCount": 136,
        "LinkVideo": "https://files.catbox.moe/8oloz0.webm",
        "LinkMp3": "https://files.catbox.moe/959z9v.mp3",
        "annId": 16245,
        "songDifficulty": 35.71860294117647,
        "vintage": "Fall 2014"
    },
    {
        "animeEng": "Revolutionary Girl Utena",
        "animeRomaji": "Shoujo Kakumei Utena",
        "songName": "Spira Mirabilis Gekijou",
        "artist": "Suginami Jidou Gasshou-dan, Maki Kamiya, Kunihiko Ikuhara, Shinkichi Mitsumune",
        "type": "Insert Song",
        "correctCount": 66,
        "startTime": 58,
        "songDuration": 115.848,
        "songNumber": 69,
        "activePlayerCount": 136,
        "LinkVideo": "https://files.catbox.moe/mykaxb.webm",
        "LinkMp3": "https://files.catbox.moe/snl2iw.mp3",
        "annId": 207,
        "songDifficulty": 43.525547191295544,
        "vintage": "Spring 1997"
    },
    {
        "animeEng": "Attack No. 1",
        "animeRomaji": "Attack No. 1",
        "songName": "Attack No.1",
        "artist": "Kurumi Kobato",
        "type": "Opening 1",
        "correctCount": 14,
        "startTime": 16,
        "songDuration": 85.392,
        "songNumber": 70,
        "activePlayerCount": 137,
        "LinkVideo": "https://files.catbox.moe/dhasju.webm",
        "LinkMp3": "https://files.catbox.moe/q4avnr.mp3",
        "annId": 1186,
        "songDifficulty": 22.28377746695269,
        "vintage": "Fall 1969"
    },
    {
        "animeEng": "Princess Jellyfish",
        "animeRomaji": "Kuragehime",
        "songName": "Koko dake no Hanashi",
        "artist": "Chatmonchy",
        "type": "Opening 1",
        "correctCount": 27,
        "startTime": 1,
        "songDuration": 90.072,
        "songNumber": 71,
        "activePlayerCount": 138,
        "LinkVideo": "https://files.catbox.moe/nnum19.webm",
        "LinkMp3": "https://files.catbox.moe/94ped6.mp3",
        "annId": 11282,
        "songDifficulty": 26.25000477633992,
        "vintage": "Fall 2010"
    },
    {
        "animeEng": "Otoboku: Maidens Are Falling for Me!",
        "animeRomaji": "Otome wa Boku ni Koishiteru",
        "songName": "Love Power",
        "artist": "Aice\u2075",
        "type": "Opening 1",
        "correctCount": 22,
        "startTime": 40,
        "songDuration": 89.952,
        "songNumber": 72,
        "activePlayerCount": 138,
        "LinkVideo": "https://files.catbox.moe/u0iacb.webm",
        "LinkMp3": "https://files.catbox.moe/jacqsx.mp3",
        "annId": 6619,
        "songDifficulty": 16.780966075615474,
        "vintage": "Fall 2006"
    },
    {
        "animeEng": "Fairy Tail",
        "animeRomaji": "Fairy Tail",
        "songName": "R.P.G. ~Rockin' Playing Game",
        "artist": "SuG",
        "type": "Opening 4",
        "correctCount": 43,
        "startTime": 4,
        "songDuration": 89.448,
        "songNumber": 73,
        "activePlayerCount": 138,
        "LinkVideo": "https://files.catbox.moe/dnhfnb.webm",
        "LinkMp3": "https://files.catbox.moe/c4geq4.mp3",
        "annId": 10942,
        "songDifficulty": 31.971643221137377,
        "vintage": "Fall 2009"
    },
    {
        "animeEng": "Wish",
        "animeRomaji": "Wish",
        "songName": "Wish",
        "artist": "ALI PROJECT",
        "type": "Opening 1",
        "correctCount": 47,
        "startTime": 34,
        "songDuration": 124.728,
        "songNumber": 74,
        "activePlayerCount": 138,
        "LinkVideo": "https://files.catbox.moe/3ko15x.webm",
        "LinkMp3": "https://files.catbox.moe/6pps4j.mp3",
        "annId": 1175,
        "songDifficulty": 25.205815675378602,
        "vintage": "Winter 1997"
    },
    {
        "animeEng": "Your Light: Kase-san and Morning Glories",
        "animeRomaji": "Kimi no Hikari: Asagao to Kase-san.",
        "songName": "Kimi no Egao (album ver.)",
        "artist": "Hanako Oku",
        "type": "Insert Song",
        "correctCount": 23,
        "startTime": 21,
        "songDuration": 300.552,
        "songNumber": 75,
        "activePlayerCount": 138,
        "LinkVideo": "https://files.catbox.moe/q3ipev.webm",
        "LinkMp3": "https://files.catbox.moe/rebmn8.mp3",
        "annId": 19779,
        "songDifficulty": 14.303600645901865,
        "vintage": "Spring 2017"
    },
    {
        "animeEng": "Symphogear",
        "animeRomaji": "Senki Zesshou Symphogear",
        "songName": "Gyakkou no Fl\u00fcgel",
        "artist": "Zwei Wing",
        "type": "Insert Song",
        "correctCount": 29,
        "startTime": 5,
        "songDuration": 124.728,
        "songNumber": 76,
        "activePlayerCount": 139,
        "LinkVideo": "https://files.catbox.moe/pbzefz.webm",
        "LinkMp3": "https://files.catbox.moe/j8h992.mp3",
        "annId": 13659,
        "songDifficulty": 39.96342976888021,
        "vintage": "Winter 2012"
    },
    {
        "animeEng": "Higurashi: When They Cry - Gou",
        "animeRomaji": "Higurashi no Naku Koro ni Gou",
        "songName": "Higurashi no Naku Koro ni",
        "artist": "Eiko Shimamiya",
        "type": "Ending 1",
        "correctCount": 127,
        "startTime": 6,
        "songDuration": 90.12,
        "songNumber": 77,
        "activePlayerCount": 139,
        "LinkVideo": "https://files.catbox.moe/qdyctu.webm",
        "LinkMp3": "https://files.catbox.moe/50gq0p.mp3",
        "annId": 23297,
        "songDifficulty": 51.71378989552025,
        "vintage": "Fall 2020"
    },
    {
        "animeEng": "Honey and Clover II",
        "animeRomaji": "Hachikuro II",
        "songName": "Kaza Nagi",
        "artist": "Shikao Suga",
        "type": "Insert Song",
        "correctCount": 2,
        "startTime": 2,
        "songDuration": 115.746582,
        "songNumber": 78,
        "activePlayerCount": 139,
        "LinkVideo": "https://files.catbox.moe/4etbih.webm",
        "LinkMp3": "https://files.catbox.moe/vdwo4r.mp3",
        "annId": 6440,
        "songDifficulty": 16.39929628037178,
        "vintage": "Spring 2006",
        "correctPlayers": [
            "Shuuka",
            "HDNC"
        ]
    },
    {
        "animeEng": "B-PROJECT: Zecchou*Emotion",
        "animeRomaji": "B-PROJECT: Zecchou*Emotion",
        "songName": "Aishuu\u2192Serenade",
        "artist": "Kitakore",
        "type": "Insert Song",
        "correctCount": 2,
        "startTime": 35,
        "songDuration": 81.144,
        "songNumber": 79,
        "activePlayerCount": 138,
        "LinkVideo": "https://files.catbox.moe/khw5pv.webm",
        "LinkMp3": "https://files.catbox.moe/ag1hpx.mp3",
        "annId": 21202,
        "songDifficulty": 10.090579710144928,
        "vintage": "Winter 2019",
        "correctPlayers": [
            "VineRosy",
            "Shuuka"
        ]
    },
    {
        "animeEng": "Chou Hatsumei Boy Kanipan",
        "animeRomaji": "Chou Hatsumei Boy Kanipan",
        "songName": "Itsuka",
        "artist": "Whoops!!",
        "type": "Ending 1",
        "correctCount": 7,
        "startTime": 38,
        "songDuration": 89.04,
        "songNumber": 80,
        "activePlayerCount": 137,
        "LinkVideo": "https://files.catbox.moe/cf77cf.webm",
        "LinkMp3": "https://files.catbox.moe/cl2y48.mp3",
        "annId": 2014,
        "songDifficulty": 5.794194230828033,
        "vintage": "Winter 1999"
    },
    {
        "animeEng": "Transformers: Robots in Disguise",
        "animeRomaji": "Transformers: Robots in Disguise",
        "songName": "Marionette",
        "artist": "Mami Nishikaku",
        "type": "Ending 1",
        "correctCount": 2,
        "startTime": 18,
        "songDuration": 69.432,
        "songNumber": 81,
        "activePlayerCount": 139,
        "LinkVideo": "https://files.catbox.moe/p83tvs.webm",
        "LinkMp3": "https://files.catbox.moe/461us8.mp3",
        "annId": 1121,
        "songDifficulty": 8.601048519736842,
        "vintage": "Spring 2000",
        "correctPlayers": [
            "Lone",
            "IzumiSakai"
        ]
    },
    {
        "animeEng": "Mobile Suit Gundam Thunderbolt: December Sky",
        "animeRomaji": "Kidou Senshi Gundam Thunderbolt: December Sky",
        "songName": "Toshiyori ni Nareba ~I'm 60~",
        "artist": "Ayumu Yahaba",
        "type": "Insert Song",
        "correctCount": 52,
        "startTime": 15,
        "songDuration": 48.36,
        "songNumber": 82,
        "activePlayerCount": 140,
        "LinkVideo": "https://files.catbox.moe/zqeqv1.webm",
        "LinkMp3": "https://files.catbox.moe/z5qv1l.mp3",
        "annId": 18494,
        "songDifficulty": 36.066516404555315,
        "vintage": "Spring 2016"
    },
    {
        "animeEng": "Seven Days War",
        "animeRomaji": "Bokura no Nanokakan Sensou",
        "songName": "Spirit",
        "artist": "Sano ibuki",
        "type": "Ending 1",
        "correctCount": 14,
        "startTime": 29,
        "songDuration": 240.672,
        "songNumber": 83,
        "activePlayerCount": 140,
        "LinkVideo": "https://files.catbox.moe/0ulql7.webm",
        "LinkMp3": "https://files.catbox.moe/xsh42m.mp3",
        "annId": 22539,
        "songDifficulty": 15.443184279690389,
        "vintage": "Fall 2019"
    },
    {
        "animeEng": "Maburaho",
        "animeRomaji": "Maburaho",
        "songName": "Koi no Mahou",
        "artist": "ICHIKO",
        "type": "Opening 1",
        "correctCount": 24,
        "startTime": 9,
        "songDuration": 87.72,
        "songNumber": 84,
        "activePlayerCount": 140,
        "LinkVideo": "https://files.catbox.moe/nfujkk.webm",
        "LinkMp3": "https://files.catbox.moe/iats05.mp3",
        "annId": 3078,
        "songDifficulty": 19.28257491635902,
        "vintage": "Fall 2003"
    },
    {
        "animeEng": "The Adventure of Gamba and the Otter",
        "animeRomaji": "Gamba to Kawauso no Bouken",
        "songName": "Ganbare Gamba",
        "artist": "Dreaming",
        "type": "Opening 1",
        "correctCount": 14,
        "startTime": 2,
        "songDuration": 62.064,
        "songNumber": 85,
        "activePlayerCount": 140,
        "LinkVideo": "https://files.catbox.moe/6bulia.webm",
        "LinkMp3": "https://files.catbox.moe/xntbf1.mp3",
        "annId": 7269,
        "songDifficulty": 6.467757607933292,
        "vintage": "Summer 1991"
    }
]