[
    {
        "animeEng": "Great Mazinger",
        "animeRomaji": "Great Mazinger",
        "songName": "Yuusha wa Mazinger",
        "artist": "Ichiro Mizuki & Columbia Yurikago-kai",
        "type": "Ending 1",
        "correctCount": 51,
        "startTime": 10,
        "songDuration": 68.496,
        "songNumber": 1,
        "activePlayerCount": 138,
        "LinkVideo": "https://files.catbox.moe/cj4sc9.webm",
        "LinkMp3": "https://files.catbox.moe/myputz.mp3",
        "annId": 1997,
        "songDifficulty": 36.92613342638544,
        "vintage": "Summer 1974"
    },
    {
        "animeEng": "Bleach the Movie: Memories of Nobody",
        "animeRomaji": "Gekijouban Bleach: Memories of Nobody",
        "songName": "Number One",
        "artist": "Hazel Fernandes",
        "type": "Insert Song",
        "correctCount": 67,
        "startTime": 14,
        "songDuration": 82.152,
        "songNumber": 2,
        "activePlayerCount": 152,
        "LinkVideo": "https://files.catbox.moe/pydh6d.webm",
        "LinkMp3": "https://files.catbox.moe/bdo605.mp3",
        "annId": 6600,
        "songDifficulty": 42.24482459455745,
        "vintage": "Fall 2006"
    },
    {
        "animeEng": "Forest of Piano",
        "animeRomaji": "Piano no Mori",
        "songName": "Kaeru Basho ga Aru to Iu Koto",
        "artist": "Aoi Yuuki",
        "type": "Ending 1",
        "correctCount": 5,
        "startTime": 22,
        "songDuration": 88.704,
        "songNumber": 3,
        "activePlayerCount": 155,
        "LinkVideo": "https://files.catbox.moe/r67yd1.webm",
        "LinkMp3": "https://files.catbox.moe/7z01lq.mp3",
        "annId": 20596,
        "songDifficulty": 8.57739733852716,
        "vintage": "Spring 2018",
        "correctPlayers": [
            "Deafness",
            "sircurrie",
            "ozsauce",
            "Rukawa11",
            "Kazso"
        ]
    },
    {
        "animeEng": "Dashing Warrior Muteking",
        "animeRomaji": "Tondemo Senshi Muteking",
        "songName": "Monster Party",
        "artist": "Koorogi '73",
        "type": "Insert Song",
        "correctCount": 3,
        "startTime": 33,
        "songDuration": 68.592,
        "songNumber": 4,
        "activePlayerCount": 159,
        "LinkVideo": "https://files.catbox.moe/syra9h.webm",
        "LinkMp3": "https://files.catbox.moe/lx5fh5.mp3",
        "annId": 3054,
        "songDifficulty": 6.682027649769585,
        "vintage": "Summer 1980",
        "correctPlayers": [
            "revel_",
            "Rukawa11",
            "Penguinfangirl"
        ]
    },
    {
        "animeEng": "New Aim for the Ace!",
        "animeRomaji": "Shin Ace o Nerae!",
        "songName": "Ashita ni Mukatte",
        "artist": "VIP",
        "type": "Ending 1",
        "correctCount": 5,
        "startTime": 13,
        "songDuration": 69.118812,
        "songNumber": 5,
        "activePlayerCount": 160,
        "LinkVideo": "https://files.catbox.moe/sjnfcl.webm",
        "LinkMp3": "https://files.catbox.moe/2qgujc.mp3",
        "annId": 785,
        "songDifficulty": 9.171790116670115,
        "vintage": "Fall 1978",
        "correctPlayers": [
            "YoshiNuber",
            "Woonoo",
            "Deafness",
            "ozsauce",
            "Rukawa11"
        ]
    },
    {
        "animeEng": "Paradise Kiss",
        "animeRomaji": "Paradise Kiss",
        "songName": "je t'aime \u2605 je t'aime",
        "artist": "Tommy february\u2076",
        "type": "Insert Song",
        "correctCount": 28,
        "startTime": 3,
        "songDuration": 95.784,
        "songNumber": 6,
        "activePlayerCount": 161,
        "LinkVideo": "https://files.catbox.moe/0aym5q.webm",
        "LinkMp3": "https://files.catbox.moe/7ujjf3.mp3",
        "annId": 5081,
        "songDifficulty": 24.483414368372756,
        "vintage": "Fall 2005"
    },
    {
        "animeEng": "BECK: Mongolian Chop Squad",
        "animeRomaji": "BECK: Mongolian Chop Squad",
        "songName": "I've Got A Feeling",
        "artist": "BEAT CRUSADERS",
        "type": "Insert Song",
        "correctCount": 55,
        "startTime": 81,
        "songDuration": 151.76882,
        "songNumber": 7,
        "activePlayerCount": 163,
        "LinkVideo": "https://files.catbox.moe/byonqt.webm",
        "LinkMp3": "https://files.catbox.moe/orcgww.mp3",
        "annId": 4404,
        "songDifficulty": 33.08277095084609,
        "vintage": "Fall 2004"
    },
    {
        "animeEng": "Star Blazers: Space Battleship Yamato 2199",
        "animeRomaji": "Uchuu Senkan Yamato 2199",
        "songName": "Uchuu Senkan Yamato 2199",
        "artist": "PROJECT YAMATO 2199",
        "type": "Opening 1",
        "correctCount": 58,
        "startTime": 32,
        "songDuration": 88.44,
        "songNumber": 8,
        "activePlayerCount": 163,
        "LinkVideo": "https://files.catbox.moe/28h8yc.webm",
        "LinkMp3": "https://files.catbox.moe/6u1tq0.mp3",
        "annId": 13776,
        "songDifficulty": 27.530344736222325,
        "vintage": "Spring 2012"
    },
    {
        "animeEng": "GJ Club",
        "animeRomaji": "GJ-bu",
        "songName": "Mousou\u2605Koukan Nikki",
        "artist": "Otome Shintou",
        "type": "Opening 1",
        "correctCount": 50,
        "startTime": 1,
        "songDuration": 88.776,
        "songNumber": 9,
        "activePlayerCount": 164,
        "LinkVideo": "https://files.catbox.moe/ist8v0.webm",
        "LinkMp3": "https://files.catbox.moe/t22hrm.mp3",
        "annId": 14671,
        "songDifficulty": 25.890839998280015,
        "vintage": "Winter 2013"
    },
    {
        "animeEng": "The Great Passage",
        "animeRomaji": "Fune o Amu",
        "songName": "Shiokaze",
        "artist": "Taiiku Okazaki",
        "type": "Opening 1",
        "correctCount": 52,
        "startTime": 20,
        "songDuration": 88.776,
        "songNumber": 10,
        "activePlayerCount": 163,
        "LinkVideo": "https://files.catbox.moe/ctvhwb.webm",
        "LinkMp3": "https://files.catbox.moe/s3uzuy.mp3",
        "annId": 18698,
        "songDifficulty": 20.64435825398583,
        "vintage": "Fall 2016"
    },
    {
        "animeEng": "Kirarin Revolution",
        "animeRomaji": "Kirarin Revolution",
        "songName": "Tan Tan Taan!",
        "artist": "MilkyWay",
        "type": "Opening 7",
        "correctCount": 1,
        "startTime": 52,
        "songDuration": 89.311118,
        "songNumber": 11,
        "activePlayerCount": 164,
        "LinkVideo": "https://files.catbox.moe/u05zof.webm",
        "LinkMp3": "https://files.catbox.moe/5qd8rb.mp3",
        "annId": 6178,
        "songDifficulty": 16.882214302624458,
        "vintage": "Spring 2006",
        "correctPlayers": [
            "ozsauce"
        ]
    },
    {
        "animeEng": "Bobobo-bo Bo-bobo",
        "animeRomaji": "Bobobo-bo Bo-bobo",
        "songName": "WILD CHALLENGER",
        "artist": "JINDOU",
        "type": "Opening 1",
        "correctCount": 80,
        "startTime": 26,
        "songDuration": 60.168,
        "songNumber": 12,
        "activePlayerCount": 165,
        "LinkVideo": "https://files.catbox.moe/f18l9b.webm",
        "LinkMp3": "https://files.catbox.moe/eizeki.mp3",
        "annId": 3085,
        "songDifficulty": 44.40311242008051,
        "vintage": "Fall 2003"
    },
    {
        "animeEng": "Dragon Ball Super",
        "animeRomaji": "Dragon Ball Super",
        "songName": "Waiwai World",
        "artist": "Ado Mizumori feat. Koorogi '73",
        "type": "Insert Song",
        "correctCount": 69,
        "startTime": 10,
        "songDuration": 57.504,
        "songNumber": 13,
        "activePlayerCount": 167,
        "LinkVideo": "https://files.catbox.moe/s0ceqy.webm",
        "LinkMp3": "https://files.catbox.moe/lz1xab.mp3",
        "annId": 17006,
        "songDifficulty": 18.02251883953442,
        "vintage": "Summer 2015"
    },
    {
        "animeEng": "Guilstein",
        "animeRomaji": "Guilstein",
        "songName": "BIO BLOOD SOCIETY",
        "artist": "NICOTINE",
        "type": "Ending 1",
        "correctCount": 3,
        "startTime": 62,
        "songDuration": 266.496,
        "songNumber": 14,
        "activePlayerCount": 167,
        "LinkVideo": "https://files.catbox.moe/f7jpj9.webm",
        "LinkMp3": "https://files.catbox.moe/j1p7de.mp3",
        "annId": 1985,
        "songDifficulty": 13.661144134963768,
        "vintage": "Winter 2002",
        "correctPlayers": [
            "Woonoo",
            "ozsauce",
            "LacusClyne"
        ]
    },
    {
        "animeEng": "Jujutsu Kaisen",
        "animeRomaji": "Jujutsu Kaisen",
        "songName": "REMEMBER",
        "artist": "Masato(coldrain)",
        "type": "Insert Song",
        "correctCount": 35,
        "startTime": 168,
        "songDuration": 207.24,
        "songNumber": 15,
        "activePlayerCount": 167,
        "LinkVideo": "https://files.catbox.moe/atmgma.webm",
        "LinkMp3": "https://files.catbox.moe/f2ybo8.mp3",
        "annId": 22944,
        "songDifficulty": 17.24177592781884,
        "vintage": "Fall 2020"
    },
    {
        "animeEng": "My Hero Academia",
        "animeRomaji": "Boku no Hero Academia",
        "songName": "Might",
        "artist": "Makayla Phillips",
        "type": "Insert Song",
        "correctCount": 57,
        "startTime": 64,
        "songDuration": 98.88,
        "songNumber": 16,
        "activePlayerCount": 169,
        "LinkVideo": "https://files.catbox.moe/f527w3.webm",
        "LinkMp3": "https://files.catbox.moe/ktgne8.mp3",
        "annId": 22265,
        "songDifficulty": 27.59809210526316,
        "vintage": "Fall 2019"
    },
    {
        "animeEng": "Naruto: The Cross Roads",
        "animeRomaji": "Naruto: The Cross Roads",
        "songName": "Haruka Kanata",
        "artist": "ASIAN KUNG-FU GENERATION",
        "type": "Ending 1",
        "correctCount": 144,
        "startTime": 42,
        "songDuration": 86.856,
        "songNumber": 17,
        "activePlayerCount": 169,
        "LinkVideo": "https://files.catbox.moe/37gdb0.webm",
        "LinkMp3": "https://files.catbox.moe/lv3xbm.mp3",
        "annId": 14834,
        "songDifficulty": 59.791908158716005,
        "vintage": "Fall 2009"
    },
    {
        "animeEng": "Another",
        "animeRomaji": "Another",
        "songName": "anamnesis",
        "artist": "Annabel",
        "type": "Ending 1",
        "correctCount": 67,
        "startTime": 37,
        "songDuration": 87.96,
        "songNumber": 18,
        "activePlayerCount": 168,
        "LinkVideo": "https://files.catbox.moe/92rrlo.webm",
        "LinkMp3": "https://files.catbox.moe/6k7jgm.mp3",
        "annId": 13258,
        "songDifficulty": 19.511303385416667,
        "vintage": "Winter 2012"
    },
    {
        "animeEng": "City Hunter: Shinjuku Private Eyes",
        "animeRomaji": "City Hunter: Shinjuku Private Eyes",
        "songName": "SARA",
        "artist": "FENCE OF DEFENSE",
        "type": "Insert Song",
        "correctCount": 3,
        "startTime": 27,
        "songDuration": 58.176,
        "songNumber": 19,
        "activePlayerCount": 168,
        "LinkVideo": "https://files.catbox.moe/oynczz.webm",
        "LinkMp3": "https://files.catbox.moe/6sh466.mp3",
        "annId": 21247,
        "songDifficulty": 12.49284723381175,
        "vintage": "Winter 2019",
        "correctPlayers": [
            "90s",
            "XieYao",
            "Rukawa11"
        ]
    },
    {
        "animeEng": "Lagrange: The Flower of Rin-ne",
        "animeRomaji": "Rinne no Lagrange",
        "songName": "Flower in Green",
        "artist": "Megumi Nakajima",
        "type": "Insert Song",
        "correctCount": 37,
        "startTime": 68,
        "songDuration": 154.015312,
        "songNumber": 20,
        "activePlayerCount": 169,
        "LinkVideo": "https://files.catbox.moe/1vdyh5.webm",
        "LinkMp3": "https://files.catbox.moe/z6s3km.mp3",
        "annId": 14456,
        "songDifficulty": 22.258915374638033,
        "vintage": "Summer 2012"
    },
    {
        "animeEng": "Domestic Girlfriend",
        "animeRomaji": "Domestic na Kanojo",
        "songName": "Lilac",
        "artist": "Minami",
        "type": "Insert Song",
        "correctCount": 74,
        "startTime": 21,
        "songDuration": 93.699614,
        "songNumber": 21,
        "activePlayerCount": 168,
        "LinkVideo": "https://files.catbox.moe/y00j5j.webm",
        "LinkMp3": "https://files.catbox.moe/qtp7mn.mp3",
        "annId": 21205,
        "songDifficulty": 37.83646801738076,
        "vintage": "Winter 2019"
    },
    {
        "animeEng": "Duel Masters Charge",
        "animeRomaji": "Duel Masters Charge",
        "songName": "Yume ga Kanau Toki",
        "artist": "Nao",
        "type": "Opening 1",
        "correctCount": 13,
        "startTime": 20,
        "songDuration": 60.048,
        "songNumber": 22,
        "activePlayerCount": 169,
        "LinkVideo": "https://files.catbox.moe/fcciia.webm",
        "LinkMp3": "https://files.catbox.moe/r8zrv6.mp3",
        "annId": 7965,
        "songDifficulty": 13.503150629242082,
        "vintage": "Spring 2004"
    },
    {
        "animeEng": "Doraemon: Nobita's Space Story",
        "animeRomaji": "Doraemon: Nobita no Uchuu Kaitakushi",
        "songName": "Doraemon no Uta",
        "artist": "Kumiko Oosugi & Nobuyo Oyama",
        "type": "Insert Song",
        "correctCount": 148,
        "startTime": 12,
        "songDuration": 68.04,
        "songNumber": 23,
        "activePlayerCount": 168,
        "LinkVideo": "https://files.catbox.moe/47cfhh.webm",
        "LinkMp3": "https://files.catbox.moe/wybbta.mp3",
        "annId": 1894,
        "songDifficulty": 68.31906545741325,
        "vintage": "Winter 1981"
    },
    {
        "animeEng": "Zan Sayonara Zetsubou Sensei",
        "animeRomaji": "Zan Sayonara Zetsubou Sensei",
        "songName": "Zetsubou Sensei Ekaki Uta",
        "artist": "Yui Horie, Michiko Neya",
        "type": "Insert Song",
        "correctCount": 90,
        "startTime": 0,
        "songDuration": 41.256,
        "songNumber": 24,
        "activePlayerCount": 168,
        "LinkVideo": "https://files.catbox.moe/hnsnxe.webm",
        "LinkMp3": "https://files.catbox.moe/h2qiek.mp3",
        "annId": 10805,
        "songDifficulty": 37.5381853221792,
        "vintage": "Summer 2009"
    },
    {
        "animeEng": "Demon Slayer: Kimetsu no Yaiba",
        "animeRomaji": "Kimetsu no Yaiba",
        "songName": "from the edge",
        "artist": "FictionJunction feat. LiSA",
        "type": "Ending 2",
        "correctCount": 96,
        "startTime": 44,
        "songDuration": 88.056,
        "songNumber": 25,
        "activePlayerCount": 170,
        "LinkVideo": "https://files.catbox.moe/z53lx5.webm",
        "LinkMp3": "https://files.catbox.moe/rkmr61.mp3",
        "annId": 21101,
        "songDifficulty": 33.21184900488619,
        "vintage": "Spring 2019"
    },
    {
        "animeEng": "Scorching Ping Pong Girls",
        "animeRomaji": "Shakunetsu no Takkyuu Musume",
        "songName": "Shakunetsu Switch",
        "artist": "Suzumegahara Chuugaku Takkyuu-bu",
        "type": "Opening 1",
        "correctCount": 62,
        "startTime": 15,
        "songDuration": 90.048,
        "songNumber": 26,
        "activePlayerCount": 169,
        "LinkVideo": "https://files.catbox.moe/f7c66n.webm",
        "LinkMp3": "https://files.catbox.moe/uflupl.mp3",
        "annId": 18557,
        "songDifficulty": 26.401784303917438,
        "vintage": "Fall 2016"
    },
    {
        "animeEng": "Mysterious Joker Season 3",
        "animeRomaji": "Kaitou Joker 3rd Season",
        "songName": "Kagayaku Yoru e Youkoso!",
        "artist": "Fuki Commune",
        "type": "Ending 1",
        "correctCount": 4,
        "startTime": 3,
        "songDuration": 89.232,
        "songNumber": 27,
        "activePlayerCount": 169,
        "LinkVideo": "https://files.catbox.moe/4abyn5.webm",
        "LinkMp3": "https://files.catbox.moe/khb2ma.mp3",
        "annId": 17998,
        "songDifficulty": 16.03972459876019,
        "vintage": "Spring 2016",
        "correctPlayers": [
            "KaitouSpade",
            "Hanagasakumichi",
            "ozsauce",
            "LacusClyne"
        ]
    },
    {
        "animeEng": "Assault Lily Bouquet",
        "animeRomaji": "Assault Lily Bouquet",
        "songName": "Sacred world",
        "artist": "RAISE A SUILEN",
        "type": "Opening 1",
        "correctCount": 50,
        "startTime": 52,
        "songDuration": 89.184,
        "songNumber": 28,
        "activePlayerCount": 169,
        "LinkVideo": "https://files.catbox.moe/hvlxfm.webm",
        "LinkMp3": "https://files.catbox.moe/zrtgxa.mp3",
        "annId": 22905,
        "songDifficulty": 27.757957259698898,
        "vintage": "Fall 2020"
    },
    {
        "animeEng": "Prince Mackaroo",
        "animeRomaji": "Ojarumaru",
        "songName": "Oja Fuwa Babun",
        "artist": "Fuwa-chan & Team Ojarumaru",
        "type": "Ending 24",
        "correctCount": 9,
        "startTime": 15,
        "songDuration": 59.76,
        "songNumber": 29,
        "activePlayerCount": 169,
        "LinkVideo": "https://files.catbox.moe/92c7t3.webm",
        "LinkMp3": "https://files.catbox.moe/kafzu4.mp3",
        "annId": 1765,
        "songDifficulty": 13.979686212629472,
        "vintage": "Fall 1998"
    },
    {
        "animeEng": "Shoujo\u2606Kageki Revue Starlight Movie",
        "animeRomaji": "Shoujo\u2606Kageki Revue Starlight Movie",
        "songName": "Super Star Spectacle",
        "artist": "Momoyo Koyama & Suzuko Mimori",
        "type": "Insert Song",
        "correctCount": 3,
        "startTime": 34,
        "songDuration": 524.616,
        "songNumber": 30,
        "activePlayerCount": 167,
        "LinkVideo": "https://files.catbox.moe/n83jl9.webm",
        "LinkMp3": "https://files.catbox.moe/h1mx75.mp3",
        "annId": 23563,
        "songDifficulty": 23.936575411414566,
        "vintage": "Winter 2021",
        "correctPlayers": [
            "MageFlameFreeze",
            "BlitznBurst",
            "ok1na"
        ]
    },
    {
        "animeEng": "My Teen Romantic Comedy SNAFU Climax!",
        "animeRomaji": "Oregairu Kan",
        "songName": "Diamond no Jundo ~Yui Ballade~",
        "artist": "Nao Touyama",
        "type": "Ending 2",
        "correctCount": 64,
        "startTime": 119,
        "songDuration": 156.096,
        "songNumber": 31,
        "activePlayerCount": 169,
        "LinkVideo": "https://files.catbox.moe/fms1du.webm",
        "LinkMp3": "https://files.catbox.moe/e7rpcy.mp3",
        "annId": 21999,
        "songDifficulty": 24.33454740202103,
        "vintage": "Summer 2020"
    },
    {
        "animeEng": "Tonari no Seki-kun: The Master of Killing Time",
        "animeRomaji": "Tonari no Seki-kun",
        "songName": "Set Them Free",
        "artist": "Akira Jimbo feat. Ai Ikegami",
        "type": "Ending 1",
        "correctCount": 93,
        "startTime": 15,
        "songDuration": 44.112,
        "songNumber": 32,
        "activePlayerCount": 170,
        "LinkVideo": "https://files.catbox.moe/tl4wmo.webm",
        "LinkMp3": "https://files.catbox.moe/p5gby9.mp3",
        "annId": 15587,
        "songDifficulty": 36.603265557117304,
        "vintage": "Winter 2014"
    },
    {
        "animeEng": "Rosario + Vampire Capu2",
        "animeRomaji": "Rosario to Vampire Capu2",
        "songName": "COSMIC LOVE",
        "artist": "Nana Mizuki",
        "type": "Insert Song",
        "correctCount": 97,
        "startTime": 48,
        "songDuration": 91.056,
        "songNumber": 33,
        "activePlayerCount": 171,
        "LinkVideo": "https://files.catbox.moe/oee0yi.webm",
        "LinkMp3": "https://files.catbox.moe/q0nyo1.mp3",
        "annId": 9727,
        "songDifficulty": 36.23878648546007,
        "vintage": "Fall 2008"
    },
    {
        "animeEng": "BECK: Mongolian Chop Squad",
        "animeRomaji": "BECK: Mongolian Chop Squad",
        "songName": "slip out(LITTLE MORE THAN BEFORE)",
        "artist": "Kazuya Hirabayashi",
        "type": "Insert Song",
        "correctCount": 81,
        "startTime": 10,
        "songDuration": 118.567758,
        "songNumber": 34,
        "activePlayerCount": 173,
        "LinkVideo": "https://files.catbox.moe/i23jdx.webm",
        "LinkMp3": "https://files.catbox.moe/qlxyvs.mp3",
        "annId": 4404,
        "songDifficulty": 40.85585828285182,
        "vintage": "Fall 2004"
    },
    {
        "animeEng": "Ayakashi",
        "animeRomaji": "Ayakashi",
        "songName": "Yoru no Namida, Ashita no Omoi",
        "artist": "Suzuka Nakahara",
        "type": "Insert Song",
        "correctCount": 3,
        "startTime": 23,
        "songDuration": 91.009048,
        "songNumber": 35,
        "activePlayerCount": 176,
        "LinkVideo": "https://files.catbox.moe/sasv2x.webm",
        "LinkMp3": "https://files.catbox.moe/uum3pb.mp3",
        "annId": 8567,
        "songDifficulty": 7.664557218102637,
        "vintage": "Fall 2007",
        "correctPlayers": [
            "Delete",
            "PearI",
            "watashiii"
        ]
    },
    {
        "animeEng": "The Asterisk War",
        "animeRomaji": "Gakusen Toshi Asterisk",
        "songName": "Lonely Feather",
        "artist": "Haruka Chisuga",
        "type": "Insert Song",
        "correctCount": 38,
        "startTime": 54,
        "songDuration": 89.184,
        "songNumber": 36,
        "activePlayerCount": 176,
        "LinkVideo": "https://files.catbox.moe/x8a0gh.webm",
        "LinkMp3": "https://files.catbox.moe/s0kco2.mp3",
        "annId": 18068,
        "songDifficulty": 22.105372667514843,
        "vintage": "Spring 2016"
    },
    {
        "animeEng": "Dragonar Academy",
        "animeRomaji": "Seikoku no Dragonar",
        "songName": "Seiken Nante Iranai",
        "artist": "Yui Sakakibara",
        "type": "Opening 1",
        "correctCount": 42,
        "startTime": 47,
        "songDuration": 89.913475,
        "songNumber": 37,
        "activePlayerCount": 176,
        "LinkVideo": "https://files.catbox.moe/dlcjp5.webm",
        "LinkMp3": "https://files.catbox.moe/kkwtqw.mp3",
        "annId": 15707,
        "songDifficulty": 18.951916707224747,
        "vintage": "Spring 2014"
    },
    {
        "animeEng": "Jetter Mars",
        "animeRomaji": "Jetter Mars",
        "songName": "Mars 2015-nen",
        "artist": "Stephen Toto & Koorogi '73",
        "type": "Opening 1",
        "correctCount": 111,
        "startTime": 38,
        "songDuration": 68.648616,
        "songNumber": 38,
        "activePlayerCount": 177,
        "LinkVideo": "https://files.catbox.moe/qeyxrl.webm",
        "LinkMp3": "https://files.catbox.moe/tdfh96.mp3",
        "annId": 1086,
        "songDifficulty": 30.261115129339686,
        "vintage": "Winter 1977"
    },
    {
        "animeEng": "Dragon Ball: Mystical Adventure",
        "animeRomaji": "Dragon Ball: Makafushigi Daibouken",
        "songName": "Dragon Ball Densetsu",
        "artist": "Hiroki Takahashi",
        "type": "Ending 1",
        "correctCount": 59,
        "startTime": 45,
        "songDuration": 106.056,
        "songNumber": 39,
        "activePlayerCount": 177,
        "LinkVideo": "https://files.catbox.moe/mwuc8n.webm",
        "LinkMp3": "https://files.catbox.moe/ai3s69.mp3",
        "annId": 2138,
        "songDifficulty": 33.551521943306014,
        "vintage": "Summer 1988"
    },
    {
        "animeEng": "Haruka Nogizaka's Secret Finale",
        "animeRomaji": "Nogizaka Haruka no Himitsu: Finale",
        "songName": "Bye Bye Daisakusen",
        "artist": "N's",
        "type": "Ending 1",
        "correctCount": 5,
        "startTime": 26,
        "songDuration": 89.064,
        "songNumber": 40,
        "activePlayerCount": 176,
        "LinkVideo": "https://files.catbox.moe/4crvvm.webm",
        "LinkMp3": "https://files.catbox.moe/6panso.mp3",
        "annId": 14247,
        "songDifficulty": 10.40982948291539,
        "vintage": "Summer 2012",
        "correctPlayers": [
            "doomchicken",
            "Delete",
            "MaJFissh",
            "kaghey",
            "watashiii"
        ]
    },
    {
        "animeEng": "Strike The Blood III",
        "animeRomaji": "Strike The Blood III",
        "songName": "Save Our Sanctuary",
        "artist": "Asami Seto",
        "type": "Insert Song",
        "correctCount": 16,
        "startTime": 1,
        "songDuration": 41.424,
        "songNumber": 41,
        "activePlayerCount": 177,
        "LinkVideo": "https://files.catbox.moe/3q57ot.webm",
        "LinkMp3": "https://files.catbox.moe/0z936e.mp3",
        "annId": 21273,
        "songDifficulty": 18.057760434109177,
        "vintage": "Fall 2018"
    },
    {
        "animeEng": "Sengoku Majin Goushougun",
        "animeRomaji": "Sengoku Majin Goushougun",
        "songName": "GouShougun Hasshin Se yo!",
        "artist": "Ken Fujii",
        "type": "Opening 1",
        "correctCount": 9,
        "startTime": 11,
        "songDuration": 87.912,
        "songNumber": 42,
        "activePlayerCount": 177,
        "LinkVideo": "https://files.catbox.moe/xh4ifv.webm",
        "LinkMp3": "https://files.catbox.moe/0ur3rl.mp3",
        "annId": 1799,
        "songDifficulty": 20.78702789493865,
        "vintage": "Summer 1981"
    },
    {
        "animeEng": "Angel Heart",
        "animeRomaji": "Angel Heart",
        "songName": "Finally",
        "artist": "Sowelu",
        "type": "Opening 1",
        "correctCount": 10,
        "startTime": 58,
        "songDuration": 89.389484,
        "songNumber": 43,
        "activePlayerCount": 177,
        "LinkVideo": "https://files.catbox.moe/r8vw52.webm",
        "LinkMp3": "https://files.catbox.moe/i9e3d1.mp3",
        "annId": 5487,
        "songDifficulty": 14.507632159189896,
        "vintage": "Fall 2005"
    },
    {
        "animeEng": "Murder Princess",
        "animeRomaji": "Murder Princess",
        "songName": "Naked Flower",
        "artist": "Romi Park",
        "type": "Ending 1",
        "correctCount": 8,
        "startTime": 21,
        "songDuration": 89.928,
        "songNumber": 44,
        "activePlayerCount": 178,
        "LinkVideo": "https://files.catbox.moe/8irrz0.webm",
        "LinkMp3": "https://files.catbox.moe/n08xfc.mp3",
        "annId": 7216,
        "songDifficulty": 11.992222291538697,
        "vintage": "Winter 2007"
    },
    {
        "animeEng": "Little Norakuro",
        "animeRomaji": "Norakuro-kun",
        "songName": "YOU!YOU!YOU!",
        "artist": "BaBe",
        "type": "Opening 1",
        "correctCount": 5,
        "startTime": 3,
        "songDuration": 96.744,
        "songNumber": 45,
        "activePlayerCount": 178,
        "LinkVideo": "https://files.catbox.moe/jbbecq.webm",
        "LinkMp3": "https://files.catbox.moe/bmzgwe.mp3",
        "annId": 1500,
        "songDifficulty": 10.69755722153103,
        "vintage": "Fall 1987",
        "correctPlayers": [
            "YoshiNuber",
            "tingy",
            "ozsauce",
            "Rukawa11",
            "watashiii"
        ]
    },
    {
        "animeEng": "CUE!",
        "animeRomaji": "CUE!",
        "songName": "Hajimari no Kane no Ne ga Narihibiku Sora",
        "artist": "AiRBLUE",
        "type": "Ending 1",
        "correctCount": 17,
        "startTime": 42,
        "songDuration": 89.64,
        "songNumber": 46,
        "activePlayerCount": 178,
        "LinkVideo": "https://files.catbox.moe/34qowy.webm",
        "LinkMp3": "https://files.catbox.moe/4x7j9d.mp3",
        "annId": 24629,
        "songDifficulty": 26.52373662725225,
        "vintage": "Winter 2022"
    },
    {
        "animeEng": "Elfen Lied",
        "animeRomaji": "Elfen Lied",
        "songName": "LILIUM",
        "artist": "Kumiko Noma",
        "type": "Opening 1",
        "correctCount": 154,
        "startTime": 21,
        "songDuration": 90.068656,
        "songNumber": 47,
        "activePlayerCount": 178,
        "LinkVideo": "https://files.catbox.moe/t0vii7.webm",
        "LinkMp3": "https://files.catbox.moe/q255eo.mp3",
        "annId": 4148,
        "songDifficulty": 63.085910652920965,
        "vintage": "Summer 2004"
    },
    {
        "animeEng": "Turn A Gundam",
        "animeRomaji": "Turn A Gundam",
        "songName": "Turn A Turn",
        "artist": "Hideki Saijou",
        "type": "Opening 1",
        "correctCount": 39,
        "startTime": 26,
        "songDuration": 79.824,
        "songNumber": 48,
        "activePlayerCount": 177,
        "LinkVideo": "https://files.catbox.moe/p8mxyo.webm",
        "LinkMp3": "https://files.catbox.moe/aqf4n8.mp3",
        "annId": 917,
        "songDifficulty": 33.000436493844695,
        "vintage": "Spring 1999"
    },
    {
        "animeEng": "One Room Second Season",
        "animeRomaji": "One Room Second Season",
        "songName": "Poplar to Bokura no History",
        "artist": "Rie Takahashi",
        "type": "Ending 2",
        "correctCount": 34,
        "startTime": 0,
        "songDuration": 29.568,
        "songNumber": 49,
        "activePlayerCount": 177,
        "LinkVideo": "https://files.catbox.moe/86p6hs.webm",
        "LinkMp3": "https://files.catbox.moe/jszw1q.mp3",
        "annId": 20897,
        "songDifficulty": 25.073623971193417,
        "vintage": "Summer 2018"
    },
    {
        "animeEng": "The Familiar of Zero",
        "animeRomaji": "Zero no Tsukaima",
        "songName": "First kiss",
        "artist": "ICHIKO",
        "type": "Opening 1",
        "correctCount": 133,
        "startTime": 49,
        "songDuration": 89.304,
        "songNumber": 50,
        "activePlayerCount": 177,
        "LinkVideo": "https://files.catbox.moe/7cyhnq.webm",
        "LinkMp3": "https://files.catbox.moe/55lo2g.mp3",
        "annId": 6660,
        "songDifficulty": 34.309796085259045,
        "vintage": "Summer 2006"
    },
    {
        "animeEng": "Inazuma Eleven GO",
        "animeRomaji": "Inazuma Eleven GO",
        "songName": "Uchi Kudark!",
        "artist": "T-Pistonz+KMC",
        "type": "Opening 4",
        "correctCount": 48,
        "startTime": 58,
        "songDuration": 89.99029,
        "songNumber": 51,
        "activePlayerCount": 178,
        "LinkVideo": "https://files.catbox.moe/fsg5gu.webm",
        "LinkMp3": "https://files.catbox.moe/fvuoa4.mp3",
        "annId": 12877,
        "songDifficulty": 31.65135175015397,
        "vintage": "Spring 2011"
    },
    {
        "animeEng": "Abnormal Physiology Seminar",
        "animeRomaji": "Abnormal Physiology Seminar",
        "songName": "Hen Zemi Hajimaru yo!",
        "artist": "Masaru Yokoyama",
        "type": "Opening 1",
        "correctCount": 32,
        "startTime": 0,
        "songDuration": 29.232,
        "songNumber": 52,
        "activePlayerCount": 178,
        "LinkVideo": "https://files.catbox.moe/9u5bc6.webm",
        "LinkMp3": "https://files.catbox.moe/yx2ihn.mp3",
        "annId": 12333,
        "songDifficulty": 17.45002063542632,
        "vintage": "Spring 2011"
    },
    {
        "animeEng": "Day Break Illusion",
        "animeRomaji": "Genei o Kakeru Taiyou",
        "songName": "-Mirage-",
        "artist": "Natsumi Okamoto",
        "type": "Ending 1",
        "correctCount": 15,
        "startTime": 43,
        "songDuration": 88.848,
        "songNumber": 53,
        "activePlayerCount": 178,
        "LinkVideo": "https://files.catbox.moe/qbdskc.webm",
        "LinkMp3": "https://files.catbox.moe/appzgh.mp3",
        "annId": 15178,
        "songDifficulty": 12.553796162798777,
        "vintage": "Summer 2013"
    },
    {
        "animeEng": "Two Car",
        "animeRomaji": "Two Car",
        "songName": "Feel your breath",
        "artist": "Void_Chords ft. Aimi Tanaka & Aoi Koga",
        "type": "Insert Song",
        "correctCount": 20,
        "startTime": 26,
        "songDuration": 181.391168,
        "songNumber": 54,
        "activePlayerCount": 179,
        "LinkVideo": "https://files.catbox.moe/jeegcb.webm",
        "LinkMp3": "https://files.catbox.moe/w0buf2.mp3",
        "annId": 19974,
        "songDifficulty": 15.307020547945205,
        "vintage": "Fall 2017"
    },
    {
        "animeEng": "True Tears",
        "animeRomaji": "True Tears",
        "songName": "Reflectia",
        "artist": "eufonius",
        "type": "Ending 2",
        "correctCount": 78,
        "startTime": 53,
        "songDuration": 89.28,
        "songNumber": 55,
        "activePlayerCount": 179,
        "LinkVideo": "https://files.catbox.moe/4qadpg.webm",
        "LinkMp3": "https://files.catbox.moe/18d6ul.mp3",
        "annId": 6257,
        "songDifficulty": 35.766338985088986,
        "vintage": "Winter 2008"
    },
    {
        "animeEng": "Inazuma Eleven",
        "animeRomaji": "Inazuma Eleven",
        "songName": "Maji de Kansha!~INAZUMA MESSAGE from KMC~",
        "artist": "KMC",
        "type": "Insert Song",
        "correctCount": 52,
        "startTime": 69,
        "songDuration": 121.493422,
        "songNumber": 56,
        "activePlayerCount": 179,
        "LinkVideo": "https://files.catbox.moe/atmowv.webm",
        "LinkMp3": "https://files.catbox.moe/o4hvhu.mp3",
        "annId": 10236,
        "songDifficulty": 32.57500605620155,
        "vintage": "Fall 2008"
    },
    {
        "animeEng": "Love Live! Nijigasaki High School Idol Club",
        "animeRomaji": "Love Live! School Idol Project Nijigasaki Gakuen School Idol Doukoukai",
        "songName": "Dream with You",
        "artist": "Aguri Oonishi",
        "type": "Insert Song",
        "correctCount": 42,
        "startTime": 54,
        "songDuration": 106.296,
        "songNumber": 57,
        "activePlayerCount": 178,
        "LinkVideo": "https://files.catbox.moe/l39wt9.webm",
        "LinkMp3": "https://files.catbox.moe/a2doll.mp3",
        "annId": 22934,
        "songDifficulty": 33.14585637905605,
        "vintage": "Fall 2020"
    },
    {
        "animeEng": "Shimajirou to Niji no Oasis",
        "animeRomaji": "Shimajirou to Niji no Oasis",
        "songName": "Bouken no Dadada",
        "artist": "PUFFY",
        "type": "Insert Song",
        "correctCount": 1,
        "startTime": 20,
        "songDuration": 235.392,
        "songNumber": 58,
        "activePlayerCount": 178,
        "LinkVideo": "https://files.catbox.moe/c7e3bt.webm",
        "LinkMp3": "https://files.catbox.moe/4gus6o.mp3",
        "annId": 23115,
        "songDifficulty": 4.471225106643021,
        "vintage": "Winter 2017",
        "correctPlayers": [
            "tekohina"
        ]
    },
    {
        "animeEng": "Aquarion",
        "animeRomaji": "Aquarion",
        "songName": "Sousei no Aquarion",
        "artist": "AKINO",
        "type": "Ending 1",
        "correctCount": 112,
        "startTime": 57,
        "songDuration": 193.56,
        "songNumber": 59,
        "activePlayerCount": 178,
        "LinkVideo": "https://files.catbox.moe/h31880.webm",
        "LinkMp3": "https://files.catbox.moe/z3oukq.mp3",
        "annId": 8370,
        "songDifficulty": 40.03942957126077,
        "vintage": "Summer 2007"
    },
    {
        "animeEng": "Dream Warrior Wingman",
        "animeRomaji": "Yume Senshi Wingman",
        "songName": "Aku! Retsu! Wingman",
        "artist": "Takayuki Miyauchi",
        "type": "Insert Song",
        "correctCount": 0,
        "startTime": 5,
        "songDuration": 58.670012,
        "songNumber": 60,
        "activePlayerCount": 177,
        "LinkVideo": "https://files.catbox.moe/6u6vo0.webm",
        "LinkMp3": "https://files.catbox.moe/vs9yf4.mp3",
        "annId": 1709,
        "songDifficulty": 7.153565098999669,
        "vintage": "Winter 1984"
    },
    {
        "animeEng": "Xabungle Graffiti",
        "animeRomaji": "Xabungle Graffiti",
        "songName": "Shippu Xabungle",
        "artist": "Akira Kushida",
        "type": "Opening 1",
        "correctCount": 68,
        "startTime": 89,
        "songDuration": 134.064,
        "songNumber": 61,
        "activePlayerCount": 177,
        "LinkVideo": "https://files.catbox.moe/0rcuap.webm",
        "LinkMp3": "https://files.catbox.moe/jlgdtt.mp3",
        "annId": 3886,
        "songDifficulty": 23.714605067064085,
        "vintage": "Summer 1983"
    },
    {
        "animeEng": "JoJo's Bizarre Adventure: Stardust Crusaders",
        "animeRomaji": "JoJo no Kimyou na Bouken: Stardust Crusaders",
        "songName": "LAST TRAIN HOME",
        "artist": "Pat Metheny Group",
        "type": "Ending 1",
        "correctCount": 92,
        "startTime": 6,
        "songDuration": 89.496,
        "songNumber": 62,
        "activePlayerCount": 177,
        "LinkVideo": "https://files.catbox.moe/juitg0.webm",
        "LinkMp3": "https://files.catbox.moe/nrlq5b.mp3",
        "annId": 16303,
        "songDifficulty": 47.99690820414562,
        "vintage": "Winter 2015"
    },
    {
        "animeEng": "Ame-iro Cocoa Series Ame-con!!",
        "animeRomaji": "Ame-con!!",
        "songName": "Rainy cocoa",
        "artist": "Hiro Shimono",
        "type": "Ending 1",
        "correctCount": 138,
        "startTime": 0,
        "songDuration": 29.4,
        "songNumber": 63,
        "activePlayerCount": 177,
        "LinkVideo": "https://files.catbox.moe/ns105q.webm",
        "LinkMp3": "https://files.catbox.moe/b7tjt0.mp3",
        "annId": 20054,
        "songDifficulty": 40.87066701680672,
        "vintage": "Fall 2017"
    },
    {
        "animeEng": "Dash! Yonkurou",
        "animeRomaji": "Dash! Yonkurou",
        "songName": "Be Top",
        "artist": "Taku Kitahara",
        "type": "Opening 1",
        "correctCount": 7,
        "startTime": 23,
        "songDuration": 64.656,
        "songNumber": 64,
        "activePlayerCount": 177,
        "LinkVideo": "https://files.catbox.moe/fwh7eu.webm",
        "LinkMp3": "https://files.catbox.moe/84qtwp.mp3",
        "annId": 2177,
        "songDifficulty": 9.09753746275214,
        "vintage": "Fall 1989"
    },
    {
        "animeEng": "Bob in the Bottle",
        "animeRomaji": "Hakushon Daimaou",
        "songName": "Hakushon Daimaou no Uta",
        "artist": "Yuri Shimazaki",
        "type": "Opening 1",
        "correctCount": 58,
        "startTime": 49,
        "songDuration": 84.768,
        "songNumber": 65,
        "activePlayerCount": 179,
        "LinkVideo": "https://files.catbox.moe/fx6r2g.webm",
        "LinkMp3": "https://files.catbox.moe/wgiz8w.mp3",
        "annId": 1755,
        "songDifficulty": 26.034325168557363,
        "vintage": "Fall 1969"
    },
    {
        "animeEng": "Kuroko's Basketball",
        "animeRomaji": "Kuroko no Basuke",
        "songName": "Can Do",
        "artist": "GRANRODEO",
        "type": "Opening 1",
        "correctCount": 132,
        "startTime": 37,
        "songDuration": 89.568,
        "songNumber": 66,
        "activePlayerCount": 180,
        "LinkVideo": "https://files.catbox.moe/69357b.webm",
        "LinkMp3": "https://files.catbox.moe/e18ebk.mp3",
        "annId": 13616,
        "songDifficulty": 45.98694546051397,
        "vintage": "Spring 2012"
    },
    {
        "animeEng": ".hack//GIFT",
        "animeRomaji": ".hack//GIFT",
        "songName": "Obsession",
        "artist": "See-Saw",
        "type": "Opening 1",
        "correctCount": 120,
        "startTime": 11,
        "songDuration": 94.008,
        "songNumber": 67,
        "activePlayerCount": 180,
        "LinkVideo": "https://files.catbox.moe/1a8ot1.webm",
        "LinkMp3": "https://files.catbox.moe/11ici8.mp3",
        "annId": 3613,
        "songDifficulty": 43.21097371089223,
        "vintage": "Fall 2003"
    },
    {
        "animeEng": "Boogiepop Phantom",
        "animeRomaji": "Boogiepop wa Warawanai",
        "songName": "Yuudachi",
        "artist": "Shikao Suga",
        "type": "Opening 1",
        "correctCount": 47,
        "startTime": 9,
        "songDuration": 88.475214,
        "songNumber": 68,
        "activePlayerCount": 181,
        "LinkVideo": "https://files.catbox.moe/a1x5qo.webm",
        "LinkMp3": "https://files.catbox.moe/377qwp.mp3",
        "annId": 247,
        "songDifficulty": 20.862758992917495,
        "vintage": "Winter 2000"
    },
    {
        "animeEng": "Beelzebub: Hirotta Akachan wa Daimaou!?",
        "animeRomaji": "Beelzebub: Hirotta Akachan wa Daimaou!?",
        "songName": "Appare\u2606Banchousanjou! Beelzebub!",
        "artist": "Hiroaki Takeuchi",
        "type": "Opening 1",
        "correctCount": 9,
        "startTime": 25,
        "songDuration": 89.023776,
        "songNumber": 69,
        "activePlayerCount": 179,
        "LinkVideo": "https://files.catbox.moe/bo427a.webm",
        "LinkMp3": "https://files.catbox.moe/yqgw3i.mp3",
        "annId": 15514,
        "songDifficulty": 14.786656924460432,
        "vintage": "Fall 2010"
    },
    {
        "animeEng": "Tekkaman Blade II",
        "animeRomaji": "Uchuu no Kishi Tekkaman Blade 2",
        "songName": "It's DESTINY~Yatto Meguriaeta",
        "artist": "Masami Okui",
        "type": "Ending 1",
        "correctCount": 6,
        "startTime": 52,
        "songDuration": 150.792,
        "songNumber": 70,
        "activePlayerCount": 180,
        "LinkVideo": "https://files.catbox.moe/kxov7r.webm",
        "LinkMp3": "https://files.catbox.moe/jzg4uc.mp3",
        "annId": 756,
        "songDifficulty": 8.488505747126437,
        "vintage": "Summer 1994"
    },
    {
        "animeEng": "Neko Ramen",
        "animeRomaji": "Neko Ramen",
        "songName": "Kimi wa Taishou!!",
        "artist": "Katsumi Tanaka",
        "type": "Opening 1",
        "correctCount": 69,
        "startTime": 0,
        "songDuration": 20.064,
        "songNumber": 71,
        "activePlayerCount": 179,
        "LinkVideo": "https://files.catbox.moe/66c1ko.webm",
        "LinkMp3": "https://files.catbox.moe/ky6gkc.mp3",
        "annId": 11317,
        "songDifficulty": 23.6391710702138,
        "vintage": "Fall 2006"
    },
    {
        "animeEng": "Wild 7",
        "animeRomaji": "Wild 7",
        "songName": "Wild",
        "artist": "Kahoru Kohiruimaki",
        "type": "Opening 1",
        "correctCount": 23,
        "startTime": 22,
        "songDuration": 180.792,
        "songNumber": 72,
        "activePlayerCount": 180,
        "LinkVideo": "https://files.catbox.moe/bw7rzw.webm",
        "LinkMp3": "https://files.catbox.moe/wjhder.mp3",
        "annId": 3011,
        "songDifficulty": 12.311324093319953,
        "vintage": "Fall 1994"
    },
    {
        "animeEng": "Urara Meirocho",
        "animeRomaji": "Urara Meirocho",
        "songName": "Yumeji Labyrinth",
        "artist": "Labyrinths",
        "type": "Opening 1",
        "correctCount": 57,
        "startTime": 10,
        "songDuration": 89.088,
        "songNumber": 73,
        "activePlayerCount": 180,
        "LinkVideo": "https://files.catbox.moe/6snykt.webm",
        "LinkMp3": "https://files.catbox.moe/xoevdz.mp3",
        "annId": 18880,
        "songDifficulty": 26.063048766018035,
        "vintage": "Winter 2017"
    },
    {
        "animeEng": "When They Cry Extra: Cat Killing Chapter",
        "animeRomaji": "Higurashi no Naku Koro ni Gaiden: Nekogoroshi-hen",
        "songName": "why, or why not",
        "artist": "Rekka Katakiri",
        "type": "Ending 1",
        "correctCount": 95,
        "startTime": 49,
        "songDuration": 113.256,
        "songNumber": 74,
        "activePlayerCount": 180,
        "LinkVideo": "https://files.catbox.moe/h1aueg.webm",
        "LinkMp3": "https://files.catbox.moe/ozq3l7.mp3",
        "annId": 8766,
        "songDifficulty": 35.68120977585442,
        "vintage": "Summer 2007"
    },
    {
        "animeEng": "Dotto Koni-chan",
        "animeRomaji": "Dotto Koni-chan",
        "songName": "Kyaradamon",
        "artist": "Tomoe Shinohara & Ryudo Uzaki",
        "type": "Opening 1",
        "correctCount": 10,
        "startTime": 9,
        "songDuration": 89.991813,
        "songNumber": 75,
        "activePlayerCount": 179,
        "LinkVideo": "https://files.catbox.moe/tx7c3z.webm",
        "LinkMp3": "https://files.catbox.moe/616sts.mp3",
        "annId": 1738,
        "songDifficulty": 14.259688472334958,
        "vintage": "Fall 2000"
    },
    {
        "animeEng": "Dragon Ball Z",
        "animeRomaji": "Dragon Ball Z",
        "songName": "Shura-iro no Senshi",
        "artist": "Kouji Kaya",
        "type": "Insert Song",
        "correctCount": 17,
        "startTime": 109,
        "songDuration": 206.904,
        "songNumber": 76,
        "activePlayerCount": 178,
        "LinkVideo": "https://files.catbox.moe/teb8sa.webm",
        "LinkMp3": "https://files.catbox.moe/pikpf7.mp3",
        "annId": 244,
        "songDifficulty": 23.78963659334126,
        "vintage": "Spring 1989"
    },
    {
        "animeEng": "Dirty Pair",
        "animeRomaji": "Dirty Pair",
        "songName": "Aki Kara no Summer Time",
        "artist": "Yuuko Nitou",
        "type": "Ending 1",
        "correctCount": 6,
        "startTime": 27,
        "songDuration": 84.556914,
        "songNumber": 77,
        "activePlayerCount": 178,
        "LinkVideo": "https://files.catbox.moe/af6i6x.webm",
        "LinkMp3": "https://files.catbox.moe/qj64t9.mp3",
        "annId": 262,
        "songDifficulty": 18.673927909996593,
        "vintage": "Fall 1987"
    },
    {
        "animeEng": "Monster Strike the Animation",
        "animeRomaji": "Monster Strike the Animation",
        "songName": "Born Free",
        "artist": "Nana Mizuki",
        "type": "Ending 7",
        "correctCount": 11,
        "startTime": 26,
        "songDuration": 76.872,
        "songNumber": 78,
        "activePlayerCount": 178,
        "LinkVideo": "https://files.catbox.moe/f52icy.webm",
        "LinkMp3": "https://files.catbox.moe/hv9fj7.mp3",
        "annId": 22264,
        "songDifficulty": 15.810136942603869,
        "vintage": "Spring 2018"
    },
    {
        "animeEng": "Ascendance of a Bookworm",
        "animeRomaji": "Honzuki no Gekokujou",
        "songName": "Kami-kazari no Tenshi",
        "artist": "Megumi Nakajima",
        "type": "Ending 1",
        "correctCount": 48,
        "startTime": 44,
        "songDuration": 88.992,
        "songNumber": 79,
        "activePlayerCount": 177,
        "LinkVideo": "https://files.catbox.moe/tn5jrr.webm",
        "LinkMp3": "https://files.catbox.moe/nogjnt.mp3",
        "annId": 22255,
        "songDifficulty": 23.58377149663026,
        "vintage": "Fall 2019"
    },
    {
        "animeEng": "Beastars",
        "animeRomaji": "Beastars",
        "songName": "Yasashii Suisei",
        "artist": "YOASOBI",
        "type": "Ending 1",
        "correctCount": 88,
        "startTime": 8,
        "songDuration": 86.976,
        "songNumber": 80,
        "activePlayerCount": 177,
        "LinkVideo": "https://files.catbox.moe/c1eusr.webm",
        "LinkMp3": "https://files.catbox.moe/v17ka9.mp3",
        "annId": 23749,
        "songDifficulty": 49.608392571085304,
        "vintage": "Winter 2021"
    },
    {
        "animeEng": "Sakura Wars",
        "animeRomaji": "Sakura Taisen",
        "songName": "Geki! Teikoku Kageki-dan",
        "artist": "Chisa Yokoyama & Teikoku Kageki-dan",
        "type": "Opening 1",
        "correctCount": 111,
        "startTime": 11,
        "songDuration": 84.552,
        "songNumber": 81,
        "activePlayerCount": 177,
        "LinkVideo": "https://files.catbox.moe/shequl.webm",
        "LinkMp3": "https://files.catbox.moe/c1bvrx.mp3",
        "annId": 216,
        "songDifficulty": 41.54949111238532,
        "vintage": "Fall 1997"
    },
    {
        "animeEng": "Goblin Slayer",
        "animeRomaji": "Goblin Slayer",
        "songName": "Rightfully",
        "artist": "Mili",
        "type": "Opening 1",
        "correctCount": 138,
        "startTime": 28,
        "songDuration": 89.568,
        "songNumber": 82,
        "activePlayerCount": 177,
        "LinkVideo": "https://files.catbox.moe/p6o0c6.webm",
        "LinkMp3": "https://files.catbox.moe/oh4tbs.mp3",
        "annId": 20672,
        "songDifficulty": 46.94419467236147,
        "vintage": "Fall 2018"
    },
    {
        "animeEng": "Magister Negi Magi: Ala Alba",
        "animeRomaji": "Mahou Sensei Negima!: Shiroki Tsubasa Ala Alba",
        "songName": "Kagayaku Kimi e",
        "artist": "Mahora Gakuen Chuutoubu 3-A",
        "type": "Ending 1",
        "correctCount": 3,
        "startTime": 14,
        "songDuration": 89.04,
        "songNumber": 83,
        "activePlayerCount": 177,
        "LinkVideo": "https://files.catbox.moe/kv62rw.webm",
        "LinkMp3": "https://files.catbox.moe/lmtydq.mp3",
        "annId": 9721,
        "songDifficulty": 9.458630725387533,
        "vintage": "Summer 2008",
        "correctPlayers": [
            "Kiishua",
            "watashiii",
            "FUCK_AMQ"
        ]
    },
    {
        "animeEng": "Naruto Shippuuden: The Will of Fire",
        "animeRomaji": "Naruto Shippuuden: Hi no Ishi o Tsugumono",
        "songName": "Dare ka ga",
        "artist": "PUFFY",
        "type": "Ending 1",
        "correctCount": 6,
        "startTime": 146,
        "songDuration": 261.048,
        "songNumber": 84,
        "activePlayerCount": 177,
        "LinkVideo": "https://files.catbox.moe/5he2ak.webm",
        "LinkMp3": "https://files.catbox.moe/nwy7qk.mp3",
        "annId": 10757,
        "songDifficulty": 8.527845953729633,
        "vintage": "Summer 2009"
    },
    {
        "animeEng": "Megane na Kanojo",
        "animeRomaji": "Megane na Kanojo",
        "songName": "Blind Willie Thunder",
        "artist": "Dale Herr",
        "type": "Insert Song",
        "correctCount": 19,
        "startTime": 4,
        "songDuration": 46.224,
        "songNumber": 85,
        "activePlayerCount": 176,
        "LinkVideo": "https://files.catbox.moe/ssnzfk.webm",
        "LinkMp3": "https://files.catbox.moe/meo051.mp3",
        "annId": 11811,
        "songDifficulty": 11.056083984375,
        "vintage": "Fall 2010"
    }
]