[
    {
        "animeEng": "Macross Delta Movie: Gekijou no Walk\u00fcre",
        "animeRomaji": "Macross Delta Movie: Gekijou no Walk\u00fcre",
        "songName": "God Bless You",
        "artist": "Walk\u00fcre",
        "type": "Insert Song",
        "correctCount": 10,
        "startTime": 6,
        "songDuration": 197.064,
        "songNumber": 1,
        "activePlayerCount": 131,
        "LinkVideo": "https://files.catbox.moe/ualsr5.webm",
        "LinkMp3": "https://files.catbox.moe/dxwm94.mp3",
        "annId": 20180,
        "songDifficulty": 24.759639377376427,
        "vintage": "Winter 2018"
    },
    {
        "animeEng": "Mobile Suit Gundam Thunderbolt: Bandit Flower",
        "animeRomaji": "Kidou Senshi Gundam Thunderbolt: Bandit Flower",
        "songName": "Hone Kudakete mo",
        "artist": "Yasuhiko Tsujimura aka Ornithology",
        "type": "Insert Song",
        "correctCount": 18,
        "startTime": 1,
        "songDuration": 63,
        "songNumber": 2,
        "activePlayerCount": 138,
        "LinkVideo": "https://files.catbox.moe/f6rq00.webm",
        "LinkMp3": "https://files.catbox.moe/ydutp8.mp3",
        "annId": 19893,
        "songDifficulty": 21.47172019991812,
        "vintage": "Fall 2017"
    },
    {
        "animeEng": "BanG Dream! 3rd Season",
        "animeRomaji": "BanG Dream! 3rd Season",
        "songName": "FIRE BIRD",
        "artist": "Roselia",
        "type": "Insert Song",
        "correctCount": 63,
        "startTime": 11,
        "songDuration": 95.232,
        "songNumber": 3,
        "activePlayerCount": 142,
        "LinkVideo": "https://files.catbox.moe/zltkt7.webm",
        "LinkMp3": "https://files.catbox.moe/3rkvvw.mp3",
        "annId": 22909,
        "songDifficulty": 53.3333286199095,
        "vintage": "Winter 2020"
    },
    {
        "animeEng": "Bakegyamon",
        "animeRomaji": "Bakegyamon",
        "songName": "Mebius",
        "artist": "Janne Da Arc",
        "type": "Opening 1",
        "correctCount": 1,
        "startTime": 40,
        "songDuration": 90.90456,
        "songNumber": 4,
        "activePlayerCount": 144,
        "LinkVideo": "https://files.catbox.moe/16i7us.webm",
        "LinkMp3": "https://files.catbox.moe/jz51wt.mp3",
        "annId": 6665,
        "songDifficulty": 17.776274751183184,
        "vintage": "Spring 2006",
        "correctPlayers": [
            "Rukawa11"
        ]
    },
    {
        "animeEng": "Mazinger Z: Infinity",
        "animeRomaji": "Mazinger Z: Infinity",
        "songName": "The Last Letter",
        "artist": "Kouji Kikkawa",
        "type": "Ending 1",
        "correctCount": 1,
        "startTime": 141,
        "songDuration": 188.544,
        "songNumber": 5,
        "activePlayerCount": 148,
        "LinkVideo": "https://files.catbox.moe/sa3bam.webm",
        "LinkMp3": "https://files.catbox.moe/qxzwi9.mp3",
        "annId": 20056,
        "songDifficulty": 11.298280164930556,
        "vintage": "Winter 2018",
        "correctPlayers": [
            "noearstheotaku"
        ]
    },
    {
        "animeEng": "Cells at Work! Kaze Shoukougun",
        "animeRomaji": "Cells at Work! Kaze Shoukougun",
        "songName": "CheerS",
        "artist": "ClariS",
        "type": "Ending 1",
        "correctCount": 97,
        "startTime": 24,
        "songDuration": 88.32,
        "songNumber": 6,
        "activePlayerCount": 149,
        "LinkVideo": "https://files.catbox.moe/aaku3k.webm",
        "LinkMp3": "https://files.catbox.moe/vnnuc2.mp3",
        "annId": 21586,
        "songDifficulty": 43.865927150106835,
        "vintage": "Fall 2018"
    },
    {
        "animeEng": "Heaven\u2019s Lost Property the Movie: The Angeloid of Clockwork",
        "animeRomaji": "Sora no Otoshimono: Tokei-jikake no Angeloid",
        "songName": "fallen down",
        "artist": "Saori Hayami",
        "type": "Insert Song",
        "correctCount": 21,
        "startTime": 37,
        "songDuration": 82.127568,
        "songNumber": 7,
        "activePlayerCount": 151,
        "LinkVideo": "https://files.catbox.moe/m8os9q.webm",
        "LinkMp3": "https://files.catbox.moe/36ljgw.mp3",
        "annId": 12147,
        "songDifficulty": 21.56652081097997,
        "vintage": "Spring 2011"
    },
    {
        "animeEng": "Teenage Mutant Ninja Turtles: Superman Legend",
        "animeRomaji": "Mutant Turtles: Choujin Densetsu-hen",
        "songName": "Chikyuu wa Ogenki",
        "artist": "MOKKUN",
        "type": "Ending 1",
        "correctCount": 3,
        "startTime": 39,
        "songDuration": 97.848,
        "songNumber": 8,
        "activePlayerCount": 152,
        "LinkVideo": "https://files.catbox.moe/hh261g.webm",
        "LinkMp3": "https://files.catbox.moe/evank4.mp3",
        "annId": 4107,
        "songDifficulty": 7.286815401211406,
        "vintage": "Spring 1996",
        "correctPlayers": [
            "Empoleon1999",
            "anomanderbaked",
            "Torradinhas"
        ]
    },
    {
        "animeEng": "Captain Tsubasa: Run Towards Tomorrow!",
        "animeRomaji": "Captain Tsubasa: Asu ni Mukatte Hashire!",
        "songName": "Longest Dream",
        "artist": "Takayuki Takemoto",
        "type": "Ending 1",
        "correctCount": 5,
        "startTime": 2,
        "songDuration": 119.064,
        "songNumber": 9,
        "activePlayerCount": 153,
        "LinkVideo": "https://files.catbox.moe/8sjbi4.webm",
        "LinkMp3": "https://files.catbox.moe/rt4c05.mp3",
        "annId": 6344,
        "songDifficulty": 12.26892774013643,
        "vintage": "Winter 1986",
        "correctPlayers": [
            "PoolNoodle",
            "oh95",
            "Rukawa11",
            "Edwardd",
            "AnCarVa"
        ]
    },
    {
        "animeEng": "Girl Friend Note",
        "animeRomaji": "Girl Friend Note",
        "songName": "Now On Stage!!",
        "artist": "nonet",
        "type": "Opening 1",
        "correctCount": 7,
        "startTime": 24,
        "songDuration": 93.576,
        "songNumber": 10,
        "activePlayerCount": 152,
        "LinkVideo": "https://files.catbox.moe/r8unfi.webm",
        "LinkMp3": "https://files.catbox.moe/etrzxo.mp3",
        "annId": 22917,
        "songDifficulty": 11.324766425256081,
        "vintage": "Fall 2016"
    },
    {
        "animeEng": "Vandread: The Second Stage",
        "animeRomaji": "Vandread: The Second Stage",
        "songName": "TRUST",
        "artist": "Salia",
        "type": "Ending 2",
        "correctCount": 54,
        "startTime": 36,
        "songDuration": 119.037954,
        "songNumber": 11,
        "activePlayerCount": 153,
        "LinkVideo": "https://files.catbox.moe/fmi25b.webm",
        "LinkMp3": "https://files.catbox.moe/y6hf4d.mp3",
        "annId": 601,
        "songDifficulty": 26.993299305867804,
        "vintage": "Fall 2001"
    },
    {
        "animeEng": "Lensman",
        "animeRomaji": "SF Shinseiki Lensman",
        "songName": "Ai no Kodou",
        "artist": "ALFEE",
        "type": "Insert Song",
        "correctCount": 3,
        "startTime": 23,
        "songDuration": 72.792,
        "songNumber": 12,
        "activePlayerCount": 159,
        "LinkVideo": "https://files.catbox.moe/ykif0n.webm",
        "LinkMp3": "https://files.catbox.moe/m719pq.mp3",
        "annId": 2043,
        "songDifficulty": 4.735029405554451,
        "vintage": "Summer 1984",
        "correctPlayers": [
            "Shuuka",
            "Rukawa11",
            "revel_"
        ]
    },
    {
        "animeEng": "Papillon Rose",
        "animeRomaji": "Lingerie Senshi Papillon Rose",
        "songName": "Rosetta",
        "artist": "Yuki Masuda",
        "type": "Opening 1",
        "correctCount": 7,
        "startTime": 13,
        "songDuration": 87.888,
        "songNumber": 13,
        "activePlayerCount": 160,
        "LinkVideo": "https://files.catbox.moe/y6equj.webm",
        "LinkMp3": "https://files.catbox.moe/06tehz.mp3",
        "annId": 904,
        "songDifficulty": 14.463842334861527,
        "vintage": "Spring 2003"
    },
    {
        "animeEng": "Beyond the Boundary: I'll Be Here - Past",
        "animeRomaji": "Gekijouban Kyoukai no Kanata: I'll Be Here - Kako-hen",
        "songName": "Kyoukai no Kanata",
        "artist": "Minori Chihara",
        "type": "Insert Song",
        "correctCount": 119,
        "startTime": 51,
        "songDuration": 87.984,
        "songNumber": 14,
        "activePlayerCount": 159,
        "LinkVideo": "https://files.catbox.moe/tyh8r1.webm",
        "LinkMp3": "https://files.catbox.moe/adil6e.mp3",
        "annId": 16980,
        "songDifficulty": 52.95006082445832,
        "vintage": "Winter 2015"
    },
    {
        "animeEng": "Battle Spirits: Double Drive",
        "animeRomaji": "Battle Spirits: Double Drive",
        "songName": "FRONTIER DRIVE",
        "artist": "Kosuke Oki",
        "type": "Opening 1",
        "correctCount": 9,
        "startTime": 29,
        "songDuration": 88.083384,
        "songNumber": 15,
        "activePlayerCount": 160,
        "LinkVideo": "https://files.catbox.moe/6ryju9.webm",
        "LinkMp3": "https://files.catbox.moe/0zt173.mp3",
        "annId": 18073,
        "songDifficulty": 8.706206403459822,
        "vintage": "Spring 2016"
    },
    {
        "animeEng": "Convenience Store Boy Friends",
        "animeRomaji": "Konbini Kareshi",
        "songName": "Stand Up Now",
        "artist": "Cellchrome",
        "type": "Opening 1",
        "correctCount": 34,
        "startTime": 32,
        "songDuration": 89.136,
        "songNumber": 16,
        "activePlayerCount": 160,
        "LinkVideo": "https://files.catbox.moe/77c4dy.webm",
        "LinkMp3": "https://files.catbox.moe/mied7v.mp3",
        "annId": 19475,
        "songDifficulty": 18.628799487540192,
        "vintage": "Summer 2017"
    },
    {
        "animeEng": "Fantasista Doll",
        "animeRomaji": "Fantasista Doll",
        "songName": "DAY by DAY",
        "artist": "Ayaka Ohashi, Minami Tsuda, Sora Tokui, Chinatsu Akasaki, Akiko Hasegawa, Sayaka Ohara",
        "type": "Ending 1",
        "correctCount": 2,
        "startTime": 44,
        "songDuration": 87.912,
        "songNumber": 17,
        "activePlayerCount": 161,
        "LinkVideo": "https://files.catbox.moe/wvwcck.webm",
        "LinkMp3": "https://files.catbox.moe/2y5gfe.mp3",
        "annId": 15198,
        "songDifficulty": 12.476088519874477,
        "vintage": "Summer 2013",
        "correctPlayers": [
            "Shuuka",
            "weavedheart"
        ]
    },
    {
        "animeEng": "STARMYU",
        "animeRomaji": "Koukou Hoshi Kageki",
        "songName": "Warera, Ayanagi Gakuen Kaou-kai ~Ancient Ver.~",
        "artist": "Ancient",
        "type": "Insert Song",
        "correctCount": 56,
        "startTime": 65,
        "songDuration": 108.4063,
        "songNumber": 18,
        "activePlayerCount": 163,
        "LinkVideo": "https://files.catbox.moe/kvhyf0.webm",
        "LinkMp3": "https://files.catbox.moe/wgv9g6.mp3",
        "annId": 19260,
        "songDifficulty": 38.143458267405066,
        "vintage": "Spring 2017"
    },
    {
        "animeEng": "Seizei Gambare Mahou Shoujo Kurumi",
        "animeRomaji": "Seizei Gambare Mahou Shoujo Kurumi",
        "songName": "Mahou Shoujo wa Tomaranai",
        "artist": "Mia REGINA",
        "type": "Opening 1",
        "correctCount": 12,
        "startTime": 19,
        "songDuration": 50.28,
        "songNumber": 19,
        "activePlayerCount": 162,
        "LinkVideo": "https://files.catbox.moe/r9xxip.webm",
        "LinkMp3": "https://files.catbox.moe/x4sm99.mp3",
        "annId": 21369,
        "songDifficulty": 13.013518776160579,
        "vintage": "Fall 2018"
    },
    {
        "animeEng": "Mankatsu",
        "animeRomaji": "Mankatsu",
        "songName": "Last Dance wa Watashi ni",
        "artist": "Fubuki Koshiji",
        "type": "Ending 1",
        "correctCount": 1,
        "startTime": 113,
        "songDuration": 141.764094,
        "songNumber": 20,
        "activePlayerCount": 162,
        "LinkVideo": "https://files.catbox.moe/encnpj.webm",
        "LinkMp3": "https://files.catbox.moe/f552k9.mp3",
        "annId": 4196,
        "songDifficulty": 8.27943956529772,
        "vintage": "Summer 2004",
        "correctPlayers": [
            "Stunar"
        ]
    },
    {
        "animeEng": "Carnival Phantasm",
        "animeRomaji": "Carnival Phantasm",
        "songName": "Super Affection",
        "artist": "Minami Kuribayashi, Miyuki Hashimoto, Faylan, Aki Misato, yozuca*, rino",
        "type": "Opening 1",
        "correctCount": 106,
        "startTime": 4,
        "songDuration": 94.992,
        "songNumber": 21,
        "activePlayerCount": 163,
        "LinkVideo": "https://files.catbox.moe/tdhmrm.webm",
        "LinkMp3": "https://files.catbox.moe/bhg3zx.mp3",
        "annId": 12270,
        "songDifficulty": 44.265920781893,
        "vintage": "Summer 2011"
    },
    {
        "animeEng": "The World's Finest Assassin Gets Reincarnated in a Different World as an Aristocrat",
        "animeRomaji": "Ansatsu Kizoku",
        "songName": "Dark seeks light",
        "artist": "Yui Ninomiya",
        "type": "Opening 1",
        "correctCount": 79,
        "startTime": 59,
        "songDuration": 89.28,
        "songNumber": 22,
        "activePlayerCount": 166,
        "LinkVideo": "https://files.catbox.moe/efib5r.webm",
        "LinkMp3": "https://files.catbox.moe/2m9xxx.mp3",
        "annId": 24046,
        "songDifficulty": 38.832063652073735,
        "vintage": "Fall 2021"
    },
    {
        "animeEng": "Neo Angelique Abyss: Second Age",
        "animeRomaji": "Neo Angelique Abyss: Second Age",
        "songName": "Kataomoi no Chiisana Koi",
        "artist": "Tegomass",
        "type": "Ending 1",
        "correctCount": 0,
        "startTime": 39,
        "songDuration": 90.168,
        "songNumber": 23,
        "activePlayerCount": 166,
        "LinkVideo": "https://files.catbox.moe/l98q3i.webm",
        "LinkMp3": "https://files.catbox.moe/6sf5me.mp3",
        "annId": 10054,
        "songDifficulty": 6.145731327451508,
        "vintage": "Summer 2008"
    },
    {
        "animeEng": "Dragonaut: The Resonance",
        "animeRomaji": "Dragonaut: The Resonance",
        "songName": "FIGHT OR FLIGHT",
        "artist": "Yu Kobayashi",
        "type": "Ending 2",
        "correctCount": 2,
        "startTime": 44,
        "songDuration": 99.237478,
        "songNumber": 24,
        "activePlayerCount": 165,
        "LinkVideo": "https://files.catbox.moe/vqrrvl.webm",
        "LinkMp3": "https://files.catbox.moe/yxxgby.mp3",
        "annId": 7819,
        "songDifficulty": 5.3976573577934115,
        "vintage": "Fall 2007",
        "correctPlayers": [
            "Hejsan",
            "Jlin2"
        ]
    },
    {
        "animeEng": "Futari Daka",
        "animeRomaji": "Futari Daka",
        "songName": "Heartbreak Crossin'",
        "artist": "Takanori Jinnai",
        "type": "Opening 1",
        "correctCount": 6,
        "startTime": 127,
        "songDuration": 185.76,
        "songNumber": 25,
        "activePlayerCount": 168,
        "LinkVideo": "https://files.catbox.moe/hfyygm.webm",
        "LinkMp3": "https://files.catbox.moe/71x66s.mp3",
        "annId": 1947,
        "songDifficulty": 8.978584966715976,
        "vintage": "Summer 1984"
    },
    {
        "animeEng": "Blue Seed",
        "animeRomaji": "Blue Seed",
        "songName": "Hoshi o Tobikoete",
        "artist": "Megumi Hayashibara & Sakiko Tamagawa",
        "type": "Insert Song",
        "correctCount": 4,
        "startTime": 26,
        "songDuration": 122.068106,
        "songNumber": 26,
        "activePlayerCount": 170,
        "LinkVideo": "https://files.catbox.moe/ujvxqt.webm",
        "LinkMp3": "https://files.catbox.moe/mds4ps.mp3",
        "annId": 8,
        "songDifficulty": 5.103378226645234,
        "vintage": "Fall 1994",
        "correctPlayers": [
            "SakuraFujima",
            "Torradinhas",
            "Stunar",
            "GyroInmobile"
        ]
    },
    {
        "animeEng": "No Matter How I Look at It, It\u2019s You Guys' Fault I\u2019m Not Popular!",
        "animeRomaji": "Watamote",
        "songName": "Dou Kangaete mo Watashi wa Warukunai",
        "artist": "Izumi Kitta",
        "type": "Ending 1",
        "correctCount": 80,
        "startTime": 24,
        "songDuration": 89.016,
        "songNumber": 27,
        "activePlayerCount": 170,
        "LinkVideo": "https://files.catbox.moe/kkums8.webm",
        "LinkMp3": "https://files.catbox.moe/kpcgkd.mp3",
        "annId": 15008,
        "songDifficulty": 35.61116338351484,
        "vintage": "Summer 2013"
    },
    {
        "animeEng": "Mobile Suit Gundam Unicorn RE:0096",
        "animeRomaji": "Kidou Senshi Gundam Unicorn RE:0096",
        "songName": "StarRingChild",
        "artist": "Aimer",
        "type": "Ending 4",
        "correctCount": 58,
        "startTime": 73,
        "songDuration": 194.568,
        "songNumber": 28,
        "activePlayerCount": 172,
        "LinkVideo": "https://files.catbox.moe/ywyhy1.webm",
        "LinkMp3": "https://files.catbox.moe/r1rzl8.mp3",
        "annId": 18087,
        "songDifficulty": 32.514402415530526,
        "vintage": "Spring 2016"
    },
    {
        "animeEng": "Afro Samurai",
        "animeRomaji": "Afro Samurai",
        "songName": "AFRO THEME",
        "artist": "THE RZA",
        "type": "Opening 1",
        "correctCount": 105,
        "startTime": 0,
        "songDuration": 29.568,
        "songNumber": 29,
        "activePlayerCount": 172,
        "LinkVideo": "https://files.catbox.moe/9o3hj5.webm",
        "LinkMp3": "https://files.catbox.moe/6nloxy.mp3",
        "annId": 5275,
        "songDifficulty": 42.886789416347554,
        "vintage": "Winter 2007"
    },
    {
        "animeEng": "Gintama",
        "animeRomaji": "Gintama",
        "songName": "Donten",
        "artist": "DOES",
        "type": "Opening 5",
        "correctCount": 110,
        "startTime": 6,
        "songDuration": 89.424,
        "songNumber": 30,
        "activePlayerCount": 172,
        "LinkVideo": "https://files.catbox.moe/t5v9hq.webm",
        "LinkMp3": "https://files.catbox.moe/rgrwxc.mp3",
        "annId": 6236,
        "songDifficulty": 45.77710475578406,
        "vintage": "Spring 2006"
    },
    {
        "animeEng": "Japan Animator Expo",
        "animeRomaji": "Nihon Animator Mihonichi",
        "songName": "ME!ME!ME!",
        "artist": "TeddyLoid feat. daoko",
        "type": "Insert Song",
        "correctCount": 61,
        "startTime": 104,
        "songDuration": 327.491514,
        "songNumber": 31,
        "activePlayerCount": 172,
        "LinkVideo": "https://files.catbox.moe/0bbbe0.webm",
        "LinkMp3": "https://files.catbox.moe/ua0m5e.mp3",
        "annId": 16839,
        "songDifficulty": 25.105632797060277,
        "vintage": "Fall 2014"
    },
    {
        "animeEng": "Haikyu!! Movie Concept no Tatakai",
        "animeRomaji": "Haikyu!! Movie Concept no Tatakai",
        "songName": "Hikari Are",
        "artist": "BURNOUT SYNDROMES",
        "type": "Ending 1",
        "correctCount": 139,
        "startTime": 21,
        "songDuration": 239.952,
        "songNumber": 32,
        "activePlayerCount": 172,
        "LinkVideo": "https://files.catbox.moe/tywqad.webm",
        "LinkMp3": "https://files.catbox.moe/gb071d.mp3",
        "annId": 19746,
        "songDifficulty": 46.21944630639793,
        "vintage": "Summer 2017"
    },
    {
        "animeEng": "Mazinger Z tai Devilman",
        "animeRomaji": "Mazinger Z tai Devilman",
        "songName": "Z no Theme",
        "artist": "Ichiro Mizuki",
        "type": "Insert Song",
        "correctCount": 58,
        "startTime": 2,
        "songDuration": 96.048,
        "songNumber": 33,
        "activePlayerCount": 173,
        "LinkVideo": "https://files.catbox.moe/nm91nm.webm",
        "LinkMp3": "https://files.catbox.moe/iwucqw.mp3",
        "annId": 3556,
        "songDifficulty": 56.19150371880998,
        "vintage": "Summer 1973"
    },
    {
        "animeEng": "Kono Oto Tomare!: Sounds of Life",
        "animeRomaji": "Kono Oto Tomare!",
        "songName": "Tone",
        "artist": "Shouta Aoi",
        "type": "Ending 2",
        "correctCount": 104,
        "startTime": 55,
        "songDuration": 88.968,
        "songNumber": 34,
        "activePlayerCount": 174,
        "LinkVideo": "https://files.catbox.moe/icc163.webm",
        "LinkMp3": "https://files.catbox.moe/p595x3.mp3",
        "annId": 22389,
        "songDifficulty": 38.106328880236305,
        "vintage": "Fall 2019"
    },
    {
        "animeEng": "Lily C.A.T.",
        "animeRomaji": "Lily C.A.T.",
        "songName": "LISTENING TO THE ANGELS",
        "artist": "Teressa Jonette",
        "type": "Ending 1",
        "correctCount": 2,
        "startTime": 75,
        "songDuration": 140.472,
        "songNumber": 35,
        "activePlayerCount": 172,
        "LinkVideo": "https://files.catbox.moe/z6lbvc.webm",
        "LinkMp3": "https://files.catbox.moe/9qsqi6.mp3",
        "annId": 2009,
        "songDifficulty": 7.333960282175164,
        "vintage": "Summer 1987",
        "correctPlayers": [
            "Delete",
            "Chemist"
        ]
    },
    {
        "animeEng": "Spice and Wolf II",
        "animeRomaji": "Ookami to Koushinryou II",
        "songName": "Mitsu no Yoake",
        "artist": "Akino Arai",
        "type": "Opening 1",
        "correctCount": 76,
        "startTime": 39,
        "songDuration": 89.256,
        "songNumber": 36,
        "activePlayerCount": 173,
        "LinkVideo": "https://files.catbox.moe/sa1kdt.webm",
        "LinkMp3": "https://files.catbox.moe/ejsdir.mp3",
        "annId": 10269,
        "songDifficulty": 27.023758879894267,
        "vintage": "Summer 2009"
    },
    {
        "animeEng": "Black Butler II",
        "animeRomaji": "Kuroshitsuji II",
        "songName": "Wie sch\u00f6n!",
        "artist": "Yuri Kasahara",
        "type": "Insert Song",
        "correctCount": 34,
        "startTime": 6,
        "songDuration": 96,
        "songNumber": 37,
        "activePlayerCount": 173,
        "LinkVideo": "https://files.catbox.moe/8e7klk.webm",
        "LinkMp3": "https://files.catbox.moe/rk7mj4.mp3",
        "annId": 11265,
        "songDifficulty": 25.400575024084777,
        "vintage": "Summer 2010"
    },
    {
        "animeEng": "Doraemon",
        "animeRomaji": "Doraemon",
        "songName": "Doraemon no Uta",
        "artist": "Twelve Girls Band",
        "type": "Opening 1",
        "correctCount": 121,
        "startTime": 33,
        "songDuration": 67.896,
        "songNumber": 38,
        "activePlayerCount": 174,
        "LinkVideo": "https://files.catbox.moe/3ehmtm.webm",
        "LinkMp3": "https://files.catbox.moe/t5wwd7.mp3",
        "annId": 14223,
        "songDifficulty": 50.798582589285715,
        "vintage": "Spring 2005"
    },
    {
        "animeEng": "Aikatsu!",
        "animeRomaji": "Aikatsu!",
        "songName": "Wake up my music",
        "artist": "Risa\u30fbEimi",
        "type": "Insert Song",
        "correctCount": 37,
        "startTime": 65,
        "songDuration": 108.312,
        "songNumber": 39,
        "activePlayerCount": 175,
        "LinkVideo": "https://files.catbox.moe/la4x6b.webm",
        "LinkMp3": "https://files.catbox.moe/0yr96h.mp3",
        "annId": 14566,
        "songDifficulty": 27.866619369573083,
        "vintage": "Fall 2012"
    },
    {
        "animeEng": "Redo of Healer",
        "animeRomaji": "Kaifuku Jutsushi no Yarinaoshi",
        "songName": "Zankoku na Yume to Nemure",
        "artist": "Minami Kuribayashi",
        "type": "Opening 1",
        "correctCount": 77,
        "startTime": 35,
        "songDuration": 89.568,
        "songNumber": 40,
        "activePlayerCount": 176,
        "LinkVideo": "https://files.catbox.moe/k693yl.webm",
        "LinkMp3": "https://files.catbox.moe/dxveoe.mp3",
        "annId": 23465,
        "songDifficulty": 26.809124218170254,
        "vintage": "Winter 2021"
    },
    {
        "animeEng": "Love Live! Superstar!!",
        "animeRomaji": "Love Live! Superstar!!",
        "songName": "Mirai wa Kaze no You ni",
        "artist": "Sayuri Date",
        "type": "Ending 2",
        "correctCount": 71,
        "startTime": 41,
        "songDuration": 101.352,
        "songNumber": 41,
        "activePlayerCount": 174,
        "LinkVideo": "https://files.catbox.moe/bs9fc8.webm",
        "LinkMp3": "https://files.catbox.moe/x728lb.mp3",
        "annId": 23844,
        "songDifficulty": 40.05095829930584,
        "vintage": "Summer 2021"
    },
    {
        "animeEng": "Tabechattatte Ii no ni na!",
        "animeRomaji": "Tabechattatte Ii no ni na!",
        "songName": "Tabechattatte Ii no ni na!",
        "artist": "Suu (SILENT SIREN)",
        "type": "Opening 1",
        "correctCount": 17,
        "startTime": 16,
        "songDuration": 78.648,
        "songNumber": 42,
        "activePlayerCount": 174,
        "LinkVideo": "https://files.catbox.moe/421kui.webm",
        "LinkMp3": "https://files.catbox.moe/zoflea.mp3",
        "annId": 23195,
        "songDifficulty": 12.132115464049681,
        "vintage": "Winter 2018"
    },
    {
        "animeEng": "Naruto: The Cross Roads",
        "animeRomaji": "Naruto: The Cross Roads",
        "songName": "Haruka Kanata",
        "artist": "ASIAN KUNG-FU GENERATION",
        "type": "Ending 1",
        "correctCount": 152,
        "startTime": 33,
        "songDuration": 86.856,
        "songNumber": 43,
        "activePlayerCount": 173,
        "LinkVideo": "https://files.catbox.moe/37gdb0.webm",
        "LinkMp3": "https://files.catbox.moe/lv3xbm.mp3",
        "annId": 14834,
        "songDifficulty": 59.73075054651445,
        "vintage": "Fall 2009"
    },
    {
        "animeEng": "Akuei to Gacchinpo",
        "animeRomaji": "Akuei to Gacchinpo",
        "songName": "Ura Gacchinpo no Theme",
        "artist": "UNCO\u2605STAR",
        "type": "Opening 1",
        "correctCount": 11,
        "startTime": 20,
        "songDuration": 79.92,
        "songNumber": 44,
        "activePlayerCount": 174,
        "LinkVideo": "https://files.catbox.moe/54jrvm.webm",
        "LinkMp3": "https://files.catbox.moe/53r8b9.mp3",
        "annId": 23201,
        "songDifficulty": 17.297615131578947,
        "vintage": "Fall 2004"
    },
    {
        "animeEng": "Carole & Tuesday",
        "animeRomaji": "Carole & Tuesday",
        "songName": "Give You The World C&T ver.",
        "artist": "Nai Br.XX&Celeina Ann",
        "type": "Insert Song",
        "correctCount": 115,
        "startTime": 101,
        "songDuration": 130.536,
        "songNumber": 45,
        "activePlayerCount": 173,
        "LinkVideo": "https://files.catbox.moe/ybk0fj.webm",
        "LinkMp3": "https://files.catbox.moe/27dtke.mp3",
        "annId": 21557,
        "songDifficulty": 50.20063856238698,
        "vintage": "Spring 2019"
    },
    {
        "animeEng": "Cardfight!! Vanguard",
        "animeRomaji": "Cardfight!! Vanguard",
        "songName": "Vanguard",
        "artist": "JAM Project",
        "type": "Opening 1",
        "correctCount": 53,
        "startTime": 9,
        "songDuration": 89.016,
        "songNumber": 46,
        "activePlayerCount": 172,
        "LinkVideo": "https://files.catbox.moe/hvotss.webm",
        "LinkMp3": "https://files.catbox.moe/sb8p2m.mp3",
        "annId": 11763,
        "songDifficulty": 35.52164313563327,
        "vintage": "Winter 2011"
    },
    {
        "animeEng": "Saber Marionette J to X",
        "animeRomaji": "Saber Marionette J to X",
        "songName": "Issho ni",
        "artist": "Megumi Hayashibara, Yuri Shiratori, Akiko Hiramatsu",
        "type": "Ending 3",
        "correctCount": 2,
        "startTime": 73,
        "songDuration": 299.712,
        "songNumber": 47,
        "activePlayerCount": 175,
        "LinkVideo": "https://files.catbox.moe/a9b91f.webm",
        "LinkMp3": "https://files.catbox.moe/hmmr15.mp3",
        "annId": 334,
        "songDifficulty": 10.026454897280093,
        "vintage": "Fall 1998",
        "correctPlayers": [
            "Jlin2",
            "Chemist"
        ]
    },
    {
        "animeEng": "Clannad After Story",
        "animeRomaji": "Clannad After Story",
        "songName": "Toki o Kizamu Uta",
        "artist": "Lia",
        "type": "Opening 1",
        "correctCount": 99,
        "startTime": 32,
        "songDuration": 89.472,
        "songNumber": 48,
        "activePlayerCount": 174,
        "LinkVideo": "https://files.catbox.moe/1dhitq.webm",
        "LinkMp3": "https://files.catbox.moe/689oww.mp3",
        "annId": 9701,
        "songDifficulty": 36.36050797046929,
        "vintage": "Fall 2008"
    },
    {
        "animeEng": "After War Gundam X",
        "animeRomaji": "Kidou Shinseiki Gundam X",
        "songName": "DREAMS",
        "artist": "ROmantic Mode",
        "type": "Opening 1",
        "correctCount": 18,
        "startTime": 31,
        "songDuration": 75.576,
        "songNumber": 49,
        "activePlayerCount": 174,
        "LinkVideo": "https://files.catbox.moe/hcy1r4.webm",
        "LinkMp3": "https://files.catbox.moe/bemxqp.mp3",
        "annId": 1241,
        "songDifficulty": 28.997895885286784,
        "vintage": "Spring 1996"
    },
    {
        "animeEng": "STARMYU",
        "animeRomaji": "Koukou Hoshi Kageki",
        "songName": "Magic Time Maker",
        "artist": "team Ootori & team Hiiragi & team Yuzuriha & team Sazanami",
        "type": "Insert Song",
        "correctCount": 88,
        "startTime": 45,
        "songDuration": 110.544,
        "songNumber": 50,
        "activePlayerCount": 173,
        "LinkVideo": "https://files.catbox.moe/bquyhp.webm",
        "LinkMp3": "https://files.catbox.moe/9swss6.mp3",
        "annId": 21981,
        "songDifficulty": 40.59913241814461,
        "vintage": "Summer 2019"
    },
    {
        "animeEng": "Odoru Mowai-kun",
        "animeRomaji": "Odoru Mowai-kun",
        "songName": "Mowai-kun Juke!!",
        "artist": "Paisley Parks",
        "type": "Ending 1",
        "correctCount": 68,
        "startTime": 0,
        "songDuration": 27.528,
        "songNumber": 51,
        "activePlayerCount": 174,
        "LinkVideo": "https://files.catbox.moe/u65jzw.webm",
        "LinkMp3": "https://files.catbox.moe/swpc9v.mp3",
        "annId": 22286,
        "songDifficulty": 30.909865205511085,
        "vintage": "Summer 2019"
    },
    {
        "animeEng": "Uta no\u2606Prince-sama\u266aMaji LOVE Revolutions",
        "animeRomaji": "Uta no\u2606Prince-sama\u266aMaji LOVE Revolutions",
        "songName": "Maji LOVE Revolutions",
        "artist": "ST\u2606RISH",
        "type": "Ending 1",
        "correctCount": 84,
        "startTime": 7,
        "songDuration": 88.68,
        "songNumber": 52,
        "activePlayerCount": 172,
        "LinkVideo": "https://files.catbox.moe/e638ls.webm",
        "LinkMp3": "https://files.catbox.moe/zizmua.mp3",
        "annId": 16143,
        "songDifficulty": 30.03553508890086,
        "vintage": "Spring 2015"
    },
    {
        "animeEng": "My Dress-Up Darling",
        "animeRomaji": "Sono Bisque Doll wa Koi wo Suru",
        "songName": "Sunsun Days",
        "artist": "Spira Spica",
        "type": "Opening 1",
        "correctCount": 122,
        "startTime": 4,
        "songDuration": 88.224,
        "songNumber": 53,
        "activePlayerCount": 174,
        "LinkVideo": "https://files.catbox.moe/rr4lpc.webm",
        "LinkMp3": "https://files.catbox.moe/phuq3n.mp3",
        "annId": 24306,
        "songDifficulty": 31.852286569562512,
        "vintage": "Winter 2022"
    },
    {
        "animeEng": "Isekai Quartet 2",
        "animeRomaji": "Isekai Quartet 2",
        "songName": "Isekai Showtime",
        "artist": "Satoshi Hino, Jun Fukushima, Yuusuke Kobayashi, Aoi Yuuki",
        "type": "Opening 1",
        "correctCount": 109,
        "startTime": 12,
        "songDuration": 88.944,
        "songNumber": 54,
        "activePlayerCount": 176,
        "LinkVideo": "https://files.catbox.moe/fugt3h.webm",
        "LinkMp3": "https://files.catbox.moe/rydfz0.mp3",
        "annId": 22549,
        "songDifficulty": 44.73855867978223,
        "vintage": "Winter 2020"
    },
    {
        "animeEng": "Ghost Hunt",
        "animeRomaji": "Ghost Hunt",
        "songName": "Main Theme",
        "artist": "Toshio Masuda",
        "type": "Opening 1",
        "correctCount": 52,
        "startTime": 14,
        "songDuration": 87.090748,
        "songNumber": 55,
        "activePlayerCount": 177,
        "LinkVideo": "https://files.catbox.moe/xh3pgc.webm",
        "LinkMp3": "https://files.catbox.moe/ito09x.mp3",
        "annId": 6817,
        "songDifficulty": 24.237503423719527,
        "vintage": "Fall 2006"
    },
    {
        "animeEng": "I Dream of Mimi",
        "animeRomaji": "Buttobi!! CPU",
        "songName": "Access wa Anata kara",
        "artist": "Mifuyu Hiiragi",
        "type": "Ending 1",
        "correctCount": 8,
        "startTime": 12,
        "songDuration": 125.4661,
        "songNumber": 56,
        "activePlayerCount": 177,
        "LinkVideo": "https://files.catbox.moe/k9avgs.webm",
        "LinkMp3": "https://files.catbox.moe/mreq7h.mp3",
        "annId": 125,
        "songDifficulty": 17.81540009469697,
        "vintage": "Spring 1997"
    },
    {
        "animeEng": "The Future Diary Redial",
        "animeRomaji": "Mirai Nikki Redial",
        "songName": "Kyouki Chinden",
        "artist": "Yousei Teikoku",
        "type": "Opening 1",
        "correctCount": 78,
        "startTime": 36,
        "songDuration": 95.256,
        "songNumber": 57,
        "activePlayerCount": 177,
        "LinkVideo": "https://files.catbox.moe/b4vr9z.webm",
        "LinkMp3": "https://files.catbox.moe/81cwv6.mp3",
        "annId": 15406,
        "songDifficulty": 26.63101775634995,
        "vintage": "Summer 2013"
    },
    {
        "animeEng": "Dayan to Tama to Tobi Neko to: 3-tsu no Neko no Monogatari",
        "animeRomaji": "Dayan to Tama to Tobi Neko to: 3-tsu no Neko no Monogatari",
        "songName": "Boku ni Tsuite Oide",
        "artist": "Masayuki Suzuki",
        "type": "Ending 2",
        "correctCount": 2,
        "startTime": 198,
        "songDuration": 276.048,
        "songNumber": 58,
        "activePlayerCount": 176,
        "LinkVideo": "https://files.catbox.moe/63ib94.webm",
        "LinkMp3": "https://files.catbox.moe/9w9d7l.mp3",
        "annId": 23965,
        "songDifficulty": 6.228600447271526,
        "vintage": "Spring 2019",
        "correctPlayers": [
            "oh95",
            "kneesoxluver"
        ]
    },
    {
        "animeEng": "Beastars",
        "animeRomaji": "Beastars",
        "songName": "Wild Side",
        "artist": "ALI",
        "type": "Opening 1",
        "correctCount": 157,
        "startTime": 38,
        "songDuration": 89.064,
        "songNumber": 59,
        "activePlayerCount": 175,
        "LinkVideo": "https://files.catbox.moe/gfllcw.webm",
        "LinkMp3": "https://files.catbox.moe/f71cx8.mp3",
        "annId": 21880,
        "songDifficulty": 59.08505258087822,
        "vintage": "Fall 2019"
    },
    {
        "animeEng": "Arifureta: From Commonplace to World's Strongest Season 2",
        "animeRomaji": "Arifureta Shokugyou de Sekai Saikyou 2nd Season",
        "songName": "Daylight",
        "artist": "MindaRyn",
        "type": "Opening 1",
        "correctCount": 52,
        "startTime": 56,
        "songDuration": 87.72,
        "songNumber": 60,
        "activePlayerCount": 176,
        "LinkVideo": "https://files.catbox.moe/6oghqb.webm",
        "LinkMp3": "https://files.catbox.moe/g3e8wh.mp3",
        "annId": 24311,
        "songDifficulty": 30.27095886499685,
        "vintage": "Winter 2022"
    },
    {
        "animeEng": "Gunbuster",
        "animeRomaji": "Gunbuster",
        "songName": "Active Heart",
        "artist": "Noriko Sakai",
        "type": "Opening 1",
        "correctCount": 47,
        "startTime": 42,
        "songDuration": 81.264,
        "songNumber": 61,
        "activePlayerCount": 178,
        "LinkVideo": "https://files.catbox.moe/y1q4ol.webm",
        "LinkMp3": "https://files.catbox.moe/w0ablj.mp3",
        "annId": 466,
        "songDifficulty": 32.614534198113205,
        "vintage": "Fall 1988"
    },
    {
        "animeEng": "Precure All Stars DX: 3D Theatre",
        "animeRomaji": "Precure All Stars DX: the DANCE LIVE\u2665 Miracle Dance Stage e Youkoso",
        "songName": "Precure All Stars DX Medley for 3D theatre",
        "artist": "Mayu Kudou, Aya Ikeda, Mayumi Gojou, Yuka Uchiyae",
        "type": "Insert Song",
        "correctCount": 7,
        "startTime": 158,
        "songDuration": 445.014392,
        "songNumber": 62,
        "activePlayerCount": 177,
        "LinkVideo": "https://files.catbox.moe/kfxvs2.webm",
        "LinkMp3": "https://files.catbox.moe/j7bu2o.mp3",
        "annId": 24776,
        "songDifficulty": 7.137826470542002,
        "vintage": "Summer 2011"
    },
    {
        "animeEng": "Omishi Magical Theater Risky Safety",
        "animeRomaji": "Omishi Mahou Gekijou: Risky/Safety",
        "songName": "Koko ni Iru kara",
        "artist": "Rie Iwatsubo",
        "type": "Insert Song",
        "correctCount": 0,
        "startTime": 206,
        "songDuration": 378.047275,
        "songNumber": 63,
        "activePlayerCount": 178,
        "LinkVideo": "https://files.catbox.moe/hlo3yt.webm",
        "LinkMp3": "https://files.catbox.moe/h19h58.mp3",
        "annId": 1168,
        "songDifficulty": 2.3992674737913995,
        "vintage": "Fall 1999"
    },
    {
        "animeEng": "I've Been Killing Slimes For 300 Years And Maxed Out My Level",
        "animeRomaji": "Slime Taoshite 300-nen, Shiranai Uchi ni Level Max ni Nattemashita",
        "songName": "Nohara",
        "artist": "Sayaka Senbongi & Minami Tanaka",
        "type": "Insert Song",
        "correctCount": 32,
        "startTime": 5,
        "songDuration": 52.368,
        "songNumber": 64,
        "activePlayerCount": 177,
        "LinkVideo": "https://files.catbox.moe/jiy4q1.webm",
        "LinkMp3": "https://files.catbox.moe/njxzgh.mp3",
        "annId": 22583,
        "songDifficulty": 17.06295695754717,
        "vintage": "Spring 2021"
    },
    {
        "animeEng": "Gakuen Handsome the Animation",
        "animeRomaji": "Gakuen Handsome the Animation",
        "songName": "Handsome Taisou de Zundokohoi",
        "artist": "10Re;",
        "type": "Ending 1",
        "correctCount": 8,
        "startTime": 15,
        "songDuration": 71.544,
        "songNumber": 65,
        "activePlayerCount": 177,
        "LinkVideo": "https://files.catbox.moe/vn4j9s.webm",
        "LinkMp3": "https://files.catbox.moe/dpoktv.mp3",
        "annId": 17033,
        "songDifficulty": 9.98191876139125,
        "vintage": "Summer 2015"
    },
    {
        "animeEng": "One Punch Man",
        "animeRomaji": "One Punch Man",
        "songName": "THE HERO !! ~Ikareru Ken ni Honoo o Tsukeru~",
        "artist": "JAM Project",
        "type": "Opening 1",
        "correctCount": 175,
        "startTime": 7,
        "songDuration": 89.832,
        "songNumber": 66,
        "activePlayerCount": 176,
        "LinkVideo": "https://files.catbox.moe/p5bjvw.webm",
        "LinkMp3": "https://files.catbox.moe/cz0ubn.mp3",
        "annId": 16840,
        "songDifficulty": 85.39201806748173,
        "vintage": "Fall 2015"
    },
    {
        "animeEng": "Guardian Hearts Power Up!",
        "animeRomaji": "Guardian Hearts Power Up!",
        "songName": "KISS BEAT!!",
        "artist": "Ryoko Shintani",
        "type": "Opening 1",
        "correctCount": 5,
        "startTime": 39,
        "songDuration": 90.096,
        "songNumber": 67,
        "activePlayerCount": 177,
        "LinkVideo": "https://files.catbox.moe/045fxg.webm",
        "LinkMp3": "https://files.catbox.moe/jfhl12.mp3",
        "annId": 8897,
        "songDifficulty": 13.879335137243919,
        "vintage": "Winter 2005",
        "correctPlayers": [
            "Shag",
            "Rukawa11",
            "Aquarius",
            "Fyrworks",
            "watashiii"
        ]
    },
    {
        "animeEng": "Santa Company: Christmas no Himitsu",
        "animeRomaji": "Santa Company: Christmas no Himitsu",
        "songName": "Santa Company The Musical",
        "artist": "Minori Chihara",
        "type": "Insert Song",
        "correctCount": 4,
        "startTime": 16,
        "songDuration": 194.784,
        "songNumber": 68,
        "activePlayerCount": 177,
        "LinkVideo": "https://files.catbox.moe/dasptj.webm",
        "LinkMp3": "https://files.catbox.moe/gl4qpz.mp3",
        "annId": 22542,
        "songDifficulty": 20.180706458177394,
        "vintage": "Fall 2019",
        "correctPlayers": [
            "Delete",
            "Shuuka",
            "asd4321",
            "kneesoxluver"
        ]
    },
    {
        "animeEng": "Love Live! Sunshine!!",
        "animeRomaji": "Love Live! School Idol Project Sunshine!!",
        "songName": "Kimi no Kokoro wa Kagayaiteru kai?",
        "artist": "Aqours",
        "type": "Insert Song",
        "correctCount": 61,
        "startTime": 196,
        "songDuration": 280.176,
        "songNumber": 69,
        "activePlayerCount": 175,
        "LinkVideo": "https://files.catbox.moe/sl8fu8.webm",
        "LinkMp3": "https://files.catbox.moe/hbwstu.mp3",
        "annId": 22079,
        "songDifficulty": 48.42922197020609,
        "vintage": null
    },
    {
        "animeEng": "Rumble Garanndoll",
        "animeRomaji": "Gyakuten Sekai no Denchi Shoujo",
        "songName": "Kibou no Nami Kaitei Zaburn",
        "artist": "Hiroshi Kitadani",
        "type": "Insert Song",
        "correctCount": 12,
        "startTime": 0,
        "songDuration": 36.888,
        "songNumber": 70,
        "activePlayerCount": 176,
        "LinkVideo": "https://files.catbox.moe/f7zrl7.webm",
        "LinkMp3": "https://files.catbox.moe/o3fy1s.mp3",
        "annId": 24215,
        "songDifficulty": 28.628658979366985,
        "vintage": "Fall 2021"
    },
    {
        "animeEng": "Kamui the Ninja: Stories Other Than the Legend",
        "animeRomaji": "Ninpu Kamui Gaiden",
        "songName": "Shinobi no Theme (Instrumental)",
        "artist": "Tatsuya Jo",
        "type": "Opening 1",
        "correctCount": 4,
        "startTime": 13,
        "songDuration": 57.264,
        "songNumber": 71,
        "activePlayerCount": 180,
        "LinkVideo": "https://files.catbox.moe/jed217.webm",
        "LinkMp3": "https://files.catbox.moe/c8zomw.mp3",
        "annId": 2375,
        "songDifficulty": 9.288640657018442,
        "vintage": "Spring 1969",
        "correctPlayers": [
            "Shag",
            "DarkyNep",
            "Rukawa11",
            "Stunar"
        ]
    },
    {
        "animeEng": "The Gutsy Frog",
        "animeRomaji": "Dokonjou Gaeru",
        "songName": "Dokonjo Gaeru Ondo",
        "artist": "Susumu Ishikawa, Arakawa Shounen Shoujo Gasshou-tai, Sachiko Chijimatsu",
        "type": "Ending 2",
        "correctCount": 30,
        "startTime": 19,
        "songDuration": 78.552,
        "songNumber": 72,
        "activePlayerCount": 180,
        "LinkVideo": "https://files.catbox.moe/goc6dk.webm",
        "LinkMp3": "https://files.catbox.moe/upbuh7.mp3",
        "annId": 1311,
        "songDifficulty": 23.591549295774648,
        "vintage": "Fall 1972"
    },
    {
        "animeEng": "School Days",
        "animeRomaji": "School Days",
        "songName": "Kioku no Umi",
        "artist": "yozuca*",
        "type": "Ending 4",
        "correctCount": 39,
        "startTime": 9,
        "songDuration": 89.928,
        "songNumber": 73,
        "activePlayerCount": 178,
        "LinkVideo": "https://files.catbox.moe/x5f0hr.webm",
        "LinkMp3": "https://files.catbox.moe/nt6f9d.mp3",
        "annId": 7815,
        "songDifficulty": 13.290002231325522,
        "vintage": "Summer 2007"
    },
    {
        "animeEng": "Beyblade Burst GT",
        "animeRomaji": "Beyblade Burst Gachi",
        "songName": "GATTI'N'ROLL",
        "artist": "Kei Iwasaki [Sekaiichi]",
        "type": "Opening 1",
        "correctCount": 93,
        "startTime": 1,
        "songDuration": 43.937204,
        "songNumber": 74,
        "activePlayerCount": 178,
        "LinkVideo": "https://files.catbox.moe/tktmni.webm",
        "LinkMp3": "https://files.catbox.moe/oy6xl1.mp3",
        "annId": 21818,
        "songDifficulty": 31.15764126712329,
        "vintage": "Spring 2019"
    },
    {
        "animeEng": "Please Save My Earth Music Image Video: Kin-iro no Toki Nagarete",
        "animeRomaji": "Boku no Chikyuu o Mamotte Music Image Video: Kin-iro no Toki Nasarete",
        "songName": "Mikazuki no Shindai",
        "artist": "Akino Arai",
        "type": "Insert Song",
        "correctCount": 0,
        "startTime": 25,
        "songDuration": 243.72,
        "songNumber": 75,
        "activePlayerCount": 177,
        "LinkVideo": "https://files.catbox.moe/vwkrc6.webm",
        "LinkMp3": "https://files.catbox.moe/c2tvvm.mp3",
        "annId": 10144,
        "songDifficulty": 3.9385205359555115,
        "vintage": "Fall 2001"
    },
    {
        "animeEng": "Noragami Aragoto",
        "animeRomaji": "Noragami Aragoto",
        "songName": "Nirvana",
        "artist": "Tia",
        "type": "Ending 1",
        "correctCount": 94,
        "startTime": 22,
        "songDuration": 89.616,
        "songNumber": 76,
        "activePlayerCount": 177,
        "LinkVideo": "https://files.catbox.moe/8pj63d.webm",
        "LinkMp3": "https://files.catbox.moe/lpudo6.mp3",
        "annId": 16906,
        "songDifficulty": 20.18132410215758,
        "vintage": "Fall 2015"
    },
    {
        "animeEng": "Medaka no Gakkou",
        "animeRomaji": "Medaka no Gakkou",
        "songName": "Soratobu Penguin",
        "artist": "Nami Harada",
        "type": "Ending 1",
        "correctCount": 0,
        "startTime": 20,
        "songDuration": 88.68,
        "songNumber": 77,
        "activePlayerCount": 176,
        "LinkVideo": "https://files.catbox.moe/yeztne.webm",
        "LinkMp3": "https://files.catbox.moe/84jtzr.mp3",
        "annId": 9417,
        "songDifficulty": 19.836067574923156,
        "vintage": "Spring 2004"
    },
    {
        "animeEng": "Voltron",
        "animeRomaji": "Hyakujuu Ou Golion",
        "songName": "Golion Sanka",
        "artist": "Columbia Yurikago Kai & Koorogi '73",
        "type": "Insert Song",
        "correctCount": 7,
        "startTime": 59,
        "songDuration": 239.496,
        "songNumber": 78,
        "activePlayerCount": 173,
        "LinkVideo": "https://files.catbox.moe/egukgr.webm",
        "LinkMp3": "https://files.catbox.moe/157xo4.mp3",
        "annId": 1452,
        "songDifficulty": 14.4921875,
        "vintage": "Winter 1981"
    },
    {
        "animeEng": "Biohazard: Degeneration",
        "animeRomaji": "Resident Evil: Degeneration",
        "songName": "GUILTY",
        "artist": "Anna Tsuchiya",
        "type": "Ending 1",
        "correctCount": 23,
        "startTime": 120,
        "songDuration": 168.528,
        "songNumber": 79,
        "activePlayerCount": 174,
        "LinkVideo": "https://files.catbox.moe/na4cox.webm",
        "LinkMp3": "https://files.catbox.moe/ow1uwy.mp3",
        "annId": 9198,
        "songDifficulty": 14.117400551556647,
        "vintage": "Fall 2008"
    },
    {
        "animeEng": "Spelunker Sensei",
        "animeRomaji": "Spelunker Sensei",
        "songName": "Risk my life -theme of SPELUNKER is a teacher-",
        "artist": "Takenobu Mitsuyoshi",
        "type": "Opening 1",
        "correctCount": 21,
        "startTime": 55,
        "songDuration": 94.32,
        "songNumber": 80,
        "activePlayerCount": 174,
        "LinkVideo": "https://files.catbox.moe/xzrsd3.webm",
        "LinkMp3": "https://files.catbox.moe/5jpnwo.mp3",
        "annId": 12363,
        "songDifficulty": 17.934816679331306,
        "vintage": "Winter 2011"
    },
    {
        "animeEng": "Bayonetta: Bloody Fate",
        "animeRomaji": "Bayonetta: Bloody Fate",
        "songName": "Theme Of Bayonetta Mysterious Destiny",
        "artist": "Helena Noguerra",
        "type": "Insert Song",
        "correctCount": 11,
        "startTime": 8,
        "songDuration": 62.222604,
        "songNumber": 81,
        "activePlayerCount": 174,
        "LinkVideo": "https://files.catbox.moe/2oqji0.webm",
        "LinkMp3": "https://files.catbox.moe/uhjno9.mp3",
        "annId": 15609,
        "songDifficulty": 24.743149012735444,
        "vintage": "Fall 2013"
    },
    {
        "animeEng": "The King of Braves GaoGaiGar",
        "animeRomaji": "Yuusha-Oh GaoGaiGar",
        "songName": "Yuusha-Ou Tanjou!",
        "artist": "Masaaki Endoh",
        "type": "Opening 1",
        "correctCount": 106,
        "startTime": 4,
        "songDuration": 88.848,
        "songNumber": 82,
        "activePlayerCount": 173,
        "LinkVideo": "https://files.catbox.moe/edeawz.webm",
        "LinkMp3": "https://files.catbox.moe/0j1vv5.mp3",
        "annId": 1170,
        "songDifficulty": 32.644675925925924,
        "vintage": "Winter 1997"
    },
    {
        "animeEng": "Umineko: When They Cry",
        "animeRomaji": "Umineko no Naku Koro ni",
        "songName": "Katayoku no Tori",
        "artist": "Akiko Shikata",
        "type": "Opening 1",
        "correctCount": 68,
        "startTime": 29,
        "songDuration": 89.4,
        "songNumber": 83,
        "activePlayerCount": 173,
        "LinkVideo": "https://files.catbox.moe/w6wlyz.webm",
        "LinkMp3": "https://files.catbox.moe/2ugoad.mp3",
        "annId": 10168,
        "songDifficulty": 39.89569049565983,
        "vintage": "Summer 2009"
    },
    {
        "animeEng": "Ayatsuri Sakon",
        "animeRomaji": "Karakurizoushi Ayatsuri Sakon",
        "songName": "Hikari Naki Yoru o Yuke",
        "artist": "HUMMING BIRD",
        "type": "Opening 1",
        "correctCount": 9,
        "startTime": 14,
        "songDuration": 89.256,
        "songNumber": 84,
        "activePlayerCount": 172,
        "LinkVideo": "https://files.catbox.moe/1ivzlz.webm",
        "LinkMp3": "https://files.catbox.moe/4mq8n2.mp3",
        "annId": 937,
        "songDifficulty": 13.907503423002577,
        "vintage": "Fall 1999"
    },
    {
        "animeEng": "Ghost Stories",
        "animeRomaji": "Gakkou no Kaidan",
        "songName": "Sexy Sexy",
        "artist": "Cascade",
        "type": "Ending 1",
        "correctCount": 65,
        "startTime": 30,
        "songDuration": 89.568,
        "songNumber": 85,
        "activePlayerCount": 171,
        "LinkVideo": "https://files.catbox.moe/b8ck8e.webm",
        "LinkMp3": "https://files.catbox.moe/inbwm6.mp3",
        "annId": 1736,
        "songDifficulty": 31.456825427410315,
        "vintage": "Fall 2000"
    }
]