[
    {
        "animeEng": "Rilakkuma and Kaoru",
        "animeRomaji": "Rilakkuma to Kaoru-san",
        "songName": "SAMPO",
        "artist": "Quruli",
        "type": "Ending 1",
        "correctCount": 5,
        "startTime": 38,
        "songDuration": 93.96,
        "songNumber": 1,
        "activePlayerCount": 95,
        "LinkVideo": "https://files.catbox.moe/6xpgkr.webm",
        "LinkMp3": "https://files.catbox.moe/07kh97.mp3",
        "annId": 21600,
        "songDifficulty": 11.773008129712878,
        "vintage": "Spring 2019",
        "correctPlayers": [
            "IzumiSakai",
            "Chatmonchy",
            "channina",
            "tomokarin",
            "Shuuka"
        ]
    },
    {
        "animeEng": "Glitter Force",
        "animeRomaji": "Smile Precure!",
        "songName": "Saikou no Smile",
        "artist": "Misato Fukuen, Asami Tano, Hisako Kanemoto, Marina Inoue and Chinami Nishimura",
        "type": "Insert Song",
        "correctCount": 21,
        "startTime": 26,
        "songDuration": 73.536,
        "songNumber": 2,
        "activePlayerCount": 98,
        "LinkVideo": "https://files.catbox.moe/5rw7ix.webm",
        "LinkMp3": "https://files.catbox.moe/c6odo9.mp3",
        "annId": 13809,
        "songDifficulty": 19.354500116288904,
        "vintage": "Winter 2012"
    },
    {
        "animeEng": "Tamala on Parade",
        "animeRomaji": "Tamala on Parade",
        "songName": "Kogoeru Yoru ni",
        "artist": "trees asylum",
        "type": "Insert Song",
        "correctCount": 2,
        "startTime": 41,
        "songDuration": 162.672,
        "songNumber": 3,
        "activePlayerCount": 105,
        "LinkVideo": "https://files.catbox.moe/pny26f.webm",
        "LinkMp3": "https://files.catbox.moe/zlehd4.mp3",
        "annId": 24783,
        "songDifficulty": 3.2576207117056746,
        "vintage": "Summer 2007",
        "correctPlayers": [
            "NicoIe",
            "asleep"
        ]
    },
    {
        "animeEng": "Fist of the North Star 2",
        "animeRomaji": "Hokuto no Ken 2",
        "songName": "Ai o Torimodose!!",
        "artist": "Crystal King",
        "type": "Insert Song",
        "correctCount": 81,
        "startTime": 12,
        "songDuration": 81.056566,
        "songNumber": 4,
        "activePlayerCount": 107,
        "LinkVideo": "https://files.catbox.moe/r4381p.webm",
        "LinkMp3": "https://files.catbox.moe/4n3eoh.mp3",
        "annId": 2199,
        "songDifficulty": 54.44444444444444,
        "vintage": "Winter 1987"
    },
    {
        "animeEng": "Teekyuu",
        "animeRomaji": "Teekyuu",
        "songName": "Kaiun! Shoufuku! Entenka",
        "artist": "Earth Star Dream",
        "type": "Ending 1",
        "correctCount": 76,
        "startTime": 0,
        "songDuration": 29.568,
        "songNumber": 5,
        "activePlayerCount": 109,
        "LinkVideo": "https://files.catbox.moe/xitfh9.webm",
        "LinkMp3": "https://files.catbox.moe/5px9vv.mp3",
        "annId": 19543,
        "songDifficulty": 41.882916962115075,
        "vintage": "Summer 2017"
    },
    {
        "animeEng": "Sing \"Yesterday\" For Me",
        "animeRomaji": "Yesterday o Utatte",
        "songName": "Yesterday o Utatte",
        "artist": "agehasprings feat. Annyyy (TaNaBaTa)",
        "type": "Ending 3",
        "correctCount": 95,
        "startTime": 16,
        "songDuration": 89.616,
        "songNumber": 6,
        "activePlayerCount": 112,
        "LinkVideo": "https://files.catbox.moe/g55znm.webm",
        "LinkMp3": "https://files.catbox.moe/g0s4uo.mp3",
        "annId": 22975,
        "songDifficulty": 43.44838086961477,
        "vintage": "Spring 2020"
    },
    {
        "animeEng": "Master of Martial Hearts",
        "animeRomaji": "Zettai Shougeki: Platonic Heart",
        "songName": "Tatsumaki WAVE",
        "artist": "Little Non",
        "type": "Opening 1",
        "correctCount": 2,
        "startTime": 4,
        "songDuration": 86.856,
        "songNumber": 7,
        "activePlayerCount": 116,
        "LinkVideo": "https://files.catbox.moe/elqrrl.webm",
        "LinkMp3": "https://files.catbox.moe/d7r56t.mp3",
        "annId": 10150,
        "songDifficulty": 15.97981384458457,
        "vintage": "Fall 2008",
        "correctPlayers": [
            "Hejsan",
            "Lone"
        ]
    },
    {
        "animeEng": "Cockroach Girls",
        "animeRomaji": "Gokicha!!",
        "songName": "Gokkyun! Days",
        "artist": "Mamiko Noto",
        "type": "Opening 1",
        "correctCount": 51,
        "startTime": 0,
        "songDuration": 29.592,
        "songNumber": 8,
        "activePlayerCount": 118,
        "LinkVideo": "https://files.catbox.moe/jzo84l.webm",
        "LinkMp3": "https://files.catbox.moe/v2p3cd.mp3",
        "annId": 15571,
        "songDifficulty": 28.60935896449097,
        "vintage": "Summer 2012"
    },
    {
        "animeEng": "Bladedance of the Elementalers",
        "animeRomaji": "Seirei Tsukai no Blade Dance",
        "songName": "Blade Dance",
        "artist": "Ni-Sokkususu",
        "type": "Ending 1",
        "correctCount": 62,
        "startTime": 30,
        "songDuration": 88.32,
        "songNumber": 9,
        "activePlayerCount": 119,
        "LinkVideo": "https://files.catbox.moe/9wjtyz.webm",
        "LinkMp3": "https://files.catbox.moe/ul5gon.mp3",
        "annId": 16040,
        "songDifficulty": 33.9065885220422,
        "vintage": "Summer 2014"
    },
    {
        "animeEng": "Mukamuka Paradise",
        "animeRomaji": "Mukamuka Paradise",
        "songName": "Kitera Mitera",
        "artist": "K\u016aKO",
        "type": "Ending 1",
        "correctCount": 0,
        "startTime": 51,
        "songDuration": 89.904,
        "songNumber": 10,
        "activePlayerCount": 120,
        "LinkVideo": "https://files.catbox.moe/h7uu1m.webm",
        "LinkMp3": "https://files.catbox.moe/y6xw1k.mp3",
        "annId": 1397,
        "songDifficulty": 15.148808942522322,
        "vintage": "Summer 1993"
    },
    {
        "animeEng": "Koyomimonogatari",
        "animeRomaji": "Koyomimonogatari",
        "songName": "mein schatz",
        "artist": "mito",
        "type": "Opening 9",
        "correctCount": 68,
        "startTime": 19,
        "songDuration": 59.496,
        "songNumber": 11,
        "activePlayerCount": 121,
        "LinkVideo": "https://files.catbox.moe/f4wxb1.webm",
        "LinkMp3": "https://files.catbox.moe/lhtzpi.mp3",
        "annId": 17938,
        "songDifficulty": 38.834236773634,
        "vintage": "Winter 2016"
    },
    {
        "animeEng": "Pani Poni Dash!",
        "animeRomaji": "Pani Poni Dash!",
        "songName": "Kiiroi Vacances",
        "artist": "Momotsuki Gakuen 1-nen C-gumi",
        "type": "Opening 5",
        "correctCount": 26,
        "startTime": 3,
        "songDuration": 89.568,
        "songNumber": 12,
        "activePlayerCount": 126,
        "LinkVideo": "https://files.catbox.moe/c9nt4o.webm",
        "LinkMp3": "https://files.catbox.moe/a10230.mp3",
        "annId": 5556,
        "songDifficulty": 33.56026567731585,
        "vintage": "Summer 2005"
    },
    {
        "animeEng": "Marginal #4 the Animation",
        "animeRomaji": "Marginal#4 Kiss kara Tsukuru Big Bang",
        "songName": "REAL?",
        "artist": "UNICORN Jr.",
        "type": "Ending 6",
        "correctCount": 4,
        "startTime": 45,
        "songDuration": 89.232,
        "songNumber": 13,
        "activePlayerCount": 125,
        "LinkVideo": "https://files.catbox.moe/l3hgnu.webm",
        "LinkMp3": "https://files.catbox.moe/k1dy6q.mp3",
        "annId": 18677,
        "songDifficulty": 12.81397452638102,
        "vintage": "Winter 2017",
        "correctPlayers": [
            "syuka",
            "asleep",
            "Shuuka",
            "VanityClock"
        ]
    },
    {
        "animeEng": "Time Bokan Series: Yatterman",
        "animeRomaji": "Time Bokan Series: Yatterman",
        "songName": "Odate Buta",
        "artist": "Hiroshi Tsutsui & Schoolmates Brothers",
        "type": "Insert Song",
        "correctCount": 1,
        "startTime": 49,
        "songDuration": 105.648,
        "songNumber": 14,
        "activePlayerCount": 128,
        "LinkVideo": "https://files.catbox.moe/30v70m.webm",
        "LinkMp3": "https://files.catbox.moe/20x4p0.mp3",
        "annId": 1746,
        "songDifficulty": 6.3552188552188555,
        "vintage": "Winter 1977",
        "correctPlayers": [
            "ArukasFrost"
        ]
    },
    {
        "animeEng": "Show By Rock!! Mashumairesh!!",
        "animeRomaji": "Show By Rock!! Mashumairesh!!",
        "songName": "Kaban ni wa Teppan Desu",
        "artist": "DOKONJOFINGER",
        "type": "Insert Song",
        "correctCount": 8,
        "startTime": 54,
        "songDuration": 86.04,
        "songNumber": 15,
        "activePlayerCount": 128,
        "LinkVideo": "https://files.catbox.moe/16gqhf.webm",
        "LinkMp3": "https://files.catbox.moe/c9wkrv.mp3",
        "annId": 22906,
        "songDifficulty": 18.353607177734375,
        "vintage": "Winter 2020"
    },
    {
        "animeEng": "Ochamegami Monogatari: Korokoro Pollon",
        "animeRomaji": "Ochamegami Monogatari: Korokoro Pollon",
        "songName": "Minna Genki de Doo-Wop",
        "artist": "Masako Miura, Keiko Yamamoto, Akio Nojima",
        "type": "Insert Song",
        "correctCount": 1,
        "startTime": 8,
        "songDuration": 39.528,
        "songNumber": 16,
        "activePlayerCount": 128,
        "LinkVideo": "https://files.catbox.moe/4r5l0e.webm",
        "LinkMp3": "https://files.catbox.moe/zvw3fh.mp3",
        "annId": 1680,
        "songDifficulty": 20.512820512820515,
        "vintage": "Spring 1982",
        "correctPlayers": [
            "ShiroKuro"
        ]
    },
    {
        "animeEng": "Polyphonica Crimson S",
        "animeRomaji": "Shinkyoku Soukai Polyphonica crimson S",
        "songName": "phosphorus",
        "artist": "eufonius",
        "type": "Opening 1",
        "correctCount": 13,
        "startTime": 57,
        "songDuration": 90.094778,
        "songNumber": 17,
        "activePlayerCount": 129,
        "LinkVideo": "https://files.catbox.moe/4m7mjd.webm",
        "LinkMp3": "https://files.catbox.moe/6z9y4y.mp3",
        "annId": 10415,
        "songDifficulty": 15.699206442974164,
        "vintage": "Spring 2009"
    },
    {
        "animeEng": "Princess Sara",
        "animeRomaji": "Shoukoujo Sara",
        "songName": "Hana no Sasayaki",
        "artist": "Satoko Shimonari",
        "type": "Opening 1",
        "correctCount": 8,
        "startTime": 9,
        "songDuration": 76.32,
        "songNumber": 18,
        "activePlayerCount": 129,
        "LinkVideo": "https://files.catbox.moe/07g3fp.webm",
        "LinkMp3": "https://files.catbox.moe/warmid.mp3",
        "annId": 444,
        "songDifficulty": 16.872992099859776,
        "vintage": "Winter 1985"
    },
    {
        "animeEng": "Heaven's Lost Property: Project Pink",
        "animeRomaji": "Sora no Otoshimono",
        "songName": "Ring My Bell",
        "artist": "blue drops",
        "type": "Opening 1",
        "correctCount": 46,
        "startTime": 10,
        "songDuration": 88.56,
        "songNumber": 19,
        "activePlayerCount": 130,
        "LinkVideo": "https://files.catbox.moe/ztv4br.webm",
        "LinkMp3": "https://files.catbox.moe/ooen19.mp3",
        "annId": 12146,
        "songDifficulty": 36.06864522594752,
        "vintage": "Summer 2010"
    },
    {
        "animeEng": "Love Stage!!",
        "animeRomaji": "Love Stage!!",
        "songName": "L\u03a6VEST",
        "artist": "SCREEN mode",
        "type": "Opening 1",
        "correctCount": 47,
        "startTime": 0,
        "songDuration": 86.568,
        "songNumber": 20,
        "activePlayerCount": 131,
        "LinkVideo": "https://files.catbox.moe/5b0g02.webm",
        "LinkMp3": "https://files.catbox.moe/7pvivw.mp3",
        "annId": 15846,
        "songDifficulty": 24.713918958787218,
        "vintage": "Summer 2014"
    },
    {
        "animeEng": "Senki Zesshou Symphogear AXZ",
        "animeRomaji": "Senki Zesshou Symphogear AXZ",
        "songName": "Hitsuai Duo Shout",
        "artist": "Aoi Yuuki & Ai Kayano",
        "type": "Insert Song",
        "correctCount": 24,
        "startTime": 53,
        "songDuration": 167.904,
        "songNumber": 21,
        "activePlayerCount": 133,
        "LinkVideo": "https://files.catbox.moe/htoojf.webm",
        "LinkMp3": "https://files.catbox.moe/0qlqza.mp3",
        "annId": 19724,
        "songDifficulty": 26.67602029337653,
        "vintage": "Summer 2017"
    },
    {
        "animeEng": "Devil Boy",
        "animeRomaji": "Akuma-kun",
        "songName": "Akuma-kun",
        "artist": "Koorogi '73 & WILD CATS",
        "type": "Opening 1",
        "correctCount": 73,
        "startTime": 16,
        "songDuration": 88.944,
        "songNumber": 22,
        "activePlayerCount": 133,
        "LinkVideo": "https://files.catbox.moe/miu3p8.webm",
        "LinkMp3": "https://files.catbox.moe/1ohnfk.mp3",
        "annId": 1074,
        "songDifficulty": 13.06483300589391,
        "vintage": "Spring 1989"
    },
    {
        "animeEng": "Zombie Land Saga Revenge",
        "animeRomaji": "Zombie Land Saga Revenge",
        "songName": "Yume o Te ni, Modoreru Basho mo Nai Hibi o",
        "artist": "FranChouChou",
        "type": "Ending 3",
        "correctCount": 25,
        "startTime": 55,
        "songDuration": 89.112,
        "songNumber": 23,
        "activePlayerCount": 133,
        "LinkVideo": "https://files.catbox.moe/efuc6o.webm",
        "LinkMp3": "https://files.catbox.moe/czf40n.mp3",
        "annId": 24019,
        "songDifficulty": 19.34099052626908,
        "vintage": "Spring 2021"
    },
    {
        "animeEng": "Saga of Tanya the Evil",
        "animeRomaji": "Youjo Senki",
        "songName": "JINGO JUNGLE",
        "artist": "MYTH & ROID",
        "type": "Opening 1",
        "correctCount": 89,
        "startTime": 33,
        "songDuration": 89.256,
        "songNumber": 24,
        "activePlayerCount": 132,
        "LinkVideo": "https://files.catbox.moe/m8falc.webm",
        "LinkMp3": "https://files.catbox.moe/zuy7tt.mp3",
        "annId": 18692,
        "songDifficulty": 46.77926810477658,
        "vintage": "Winter 2017"
    },
    {
        "animeEng": "Jewelpet Sunshine",
        "animeRomaji": "Jewelpet Sunshine",
        "songName": "Scarborough Fair",
        "artist": "Simon & Garfunkel",
        "type": "Insert Song",
        "correctCount": 27,
        "startTime": 28,
        "songDuration": 60.315698,
        "songNumber": 25,
        "activePlayerCount": 133,
        "LinkVideo": "https://files.catbox.moe/42dy79.webm",
        "LinkMp3": "https://files.catbox.moe/vtytca.mp3",
        "annId": 12527,
        "songDifficulty": 27.074798307055353,
        "vintage": "Spring 2011"
    },
    {
        "animeEng": "Cardcaptor Sakura Video Diary",
        "animeRomaji": "Suteki desu wa, Sakura-chan! Tomoyo no Cardcaptor Sakura Katsuyaku Video Nikki!",
        "songName": "Catch You Catch Me (Sakura Version)",
        "artist": "Sakura Tange",
        "type": "Insert Song",
        "correctCount": 43,
        "startTime": 29,
        "songDuration": 80.328,
        "songNumber": 26,
        "activePlayerCount": 133,
        "LinkVideo": "https://files.catbox.moe/p6qedu.webm",
        "LinkMp3": "https://files.catbox.moe/ol4m1m.mp3",
        "annId": 8498,
        "songDifficulty": 20.54861164562808,
        "vintage": "Winter 2000"
    },
    {
        "animeEng": "Liz and the Blue Bird",
        "animeRomaji": "Liz to Aoi Tori",
        "songName": "Liz to Aoi Tori",
        "artist": "Freshman Wind Ensemble",
        "type": "Insert Song",
        "correctCount": 54,
        "startTime": 156,
        "songDuration": 203.904,
        "songNumber": 27,
        "activePlayerCount": 133,
        "LinkVideo": "https://files.catbox.moe/0etykm.webm",
        "LinkMp3": "https://files.catbox.moe/ax9kol.mp3",
        "annId": 20444,
        "songDifficulty": 36.852225395053246,
        "vintage": "Spring 2018"
    },
    {
        "animeEng": "Hitoribocchi no Marumaruseikatsu",
        "animeRomaji": "Hitoribocchi no Marumaruseikatsu",
        "songName": "Bakushou Bocchi Juku Kouka",
        "artist": "Chisaki Morishita, Minami Tanaka, Akari Kito, Yuuko Kurose",
        "type": "Ending 2",
        "correctCount": 87,
        "startTime": 42,
        "songDuration": 114.989044,
        "songNumber": 28,
        "activePlayerCount": 131,
        "LinkVideo": "https://files.catbox.moe/d4owth.webm",
        "LinkMp3": "https://files.catbox.moe/henfj2.mp3",
        "annId": 20806,
        "songDifficulty": 43.02752758387751,
        "vintage": "Spring 2019"
    },
    {
        "animeEng": "Goulart Knights",
        "animeRomaji": "Goulart Knights",
        "songName": "prism",
        "artist": "G.Addict",
        "type": "Ending 1",
        "correctCount": 6,
        "startTime": 27,
        "songDuration": 86.098112,
        "songNumber": 29,
        "activePlayerCount": 131,
        "LinkVideo": "https://files.catbox.moe/c1zmyh.webm",
        "LinkMp3": "https://files.catbox.moe/9nrwko.mp3",
        "annId": 15372,
        "songDifficulty": 15.21433637956533,
        "vintage": "Fall 2010"
    },
    {
        "animeEng": "Black Clover",
        "animeRomaji": "Black Clover",
        "songName": "Dream on",
        "artist": "angela",
        "type": "Ending 1",
        "correctCount": 10,
        "startTime": 26,
        "songDuration": 143.904,
        "songNumber": 30,
        "activePlayerCount": 132,
        "LinkVideo": "https://files.catbox.moe/9jfheu.webm",
        "LinkMp3": "https://files.catbox.moe/66aobk.mp3",
        "annId": 18802,
        "songDifficulty": 14.03048840408805,
        "vintage": "Fall 2016"
    },
    {
        "animeEng": "Fena: Pirate Princess",
        "animeRomaji": "Kaizoku Oujo",
        "songName": "Umi to Shinju",
        "artist": "JUNNA",
        "type": "Opening 1",
        "correctCount": 38,
        "startTime": 35,
        "songDuration": 87.72,
        "songNumber": 31,
        "activePlayerCount": 131,
        "LinkVideo": "https://files.catbox.moe/crf0ol.webm",
        "LinkMp3": "https://files.catbox.moe/sbuq00.mp3",
        "annId": 24461,
        "songDifficulty": 25.895937553446213,
        "vintage": "Summer 2021"
    },
    {
        "animeEng": "Love Live! Nijigasaki High School Idol Club",
        "animeRomaji": "Love Live! School Idol Project Nijigasaki Gakuen School Idol Doukoukai",
        "songName": "Poppin' Up",
        "artist": "Mayu Sagara",
        "type": "Insert Song",
        "correctCount": 34,
        "startTime": 19,
        "songDuration": 90.048,
        "songNumber": 32,
        "activePlayerCount": 130,
        "LinkVideo": "https://files.catbox.moe/i87h38.webm",
        "LinkMp3": "https://files.catbox.moe/iw2jks.mp3",
        "annId": 22934,
        "songDifficulty": 38.581172069825435,
        "vintage": "Fall 2020"
    },
    {
        "animeEng": "07-Ghost",
        "animeRomaji": "07-Ghost",
        "songName": "Aka no Kakera",
        "artist": "Yuki Suzuki",
        "type": "Opening 1",
        "correctCount": 12,
        "startTime": 53,
        "songDuration": 89.76,
        "songNumber": 33,
        "activePlayerCount": 131,
        "LinkVideo": "https://files.catbox.moe/s70nqc.webm",
        "LinkMp3": "https://files.catbox.moe/rs49br.mp3",
        "annId": 10468,
        "songDifficulty": 18.263002081458147,
        "vintage": "Spring 2009"
    },
    {
        "animeEng": "Hayate the Combat Butler",
        "animeRomaji": "Hayate no Gotoku!",
        "songName": "Hayate no Gotoku!",
        "artist": "KOTOKO",
        "type": "Ending 1",
        "correctCount": 70,
        "startTime": 20,
        "songDuration": 94.92,
        "songNumber": 34,
        "activePlayerCount": 135,
        "LinkVideo": "https://files.catbox.moe/bk4qpb.webm",
        "LinkMp3": "https://files.catbox.moe/8geuku.mp3",
        "annId": 17119,
        "songDifficulty": 29.719237071635014,
        "vintage": "Spring 2014"
    },
    {
        "animeEng": "Ushio & Tora: Comically Deformed Theater",
        "animeRomaji": "Ushio to Tora: Comical D\u00e9former Gekijou",
        "songName": "Yuuki no Fighter",
        "artist": "Yasu",
        "type": "Opening 1",
        "correctCount": 1,
        "startTime": 43,
        "songDuration": 72.024,
        "songNumber": 35,
        "activePlayerCount": 135,
        "LinkVideo": "https://files.catbox.moe/yyx2d0.webm",
        "LinkMp3": "https://files.catbox.moe/5kf88n.mp3",
        "annId": 3519,
        "songDifficulty": 11.037558456205986,
        "vintage": "Winter 1993",
        "correctPlayers": [
            "Orfey"
        ]
    },
    {
        "animeEng": "Violet Evergarden: The Movie",
        "animeRomaji": "Gekijouban Violet Evergarden",
        "songName": "Michishirube",
        "artist": "Minori Chihara",
        "type": "Insert Song",
        "correctCount": 91,
        "startTime": 13,
        "songDuration": 246.072,
        "songNumber": 36,
        "activePlayerCount": 134,
        "LinkVideo": "https://files.catbox.moe/jga6p5.webm",
        "LinkMp3": "https://files.catbox.moe/wu4hzh.mp3",
        "annId": 22376,
        "songDifficulty": 44.873891741893885,
        "vintage": "Summer 2020"
    },
    {
        "animeEng": "Hakuouki: Otogisoushi",
        "animeRomaji": "Hakuouki: Otogisoushi",
        "songName": "Don't Cry",
        "artist": "Renka",
        "type": "Ending 1",
        "correctCount": 22,
        "startTime": 0,
        "songDuration": 28.44,
        "songNumber": 37,
        "activePlayerCount": 133,
        "LinkVideo": "https://files.catbox.moe/26pnlu.webm",
        "LinkMp3": "https://files.catbox.moe/no3np1.mp3",
        "annId": 17909,
        "songDifficulty": 14.69565777000523,
        "vintage": "Spring 2016"
    },
    {
        "animeEng": "The Big O",
        "animeRomaji": "The Big O",
        "songName": "Respect",
        "artist": "Toshihiko Sahashi",
        "type": "Opening 3",
        "correctCount": 14,
        "startTime": 33,
        "songDuration": 64.939292,
        "songNumber": 38,
        "activePlayerCount": 134,
        "LinkVideo": "https://files.catbox.moe/a56nhk.webm",
        "LinkMp3": "https://files.catbox.moe/ycgmg4.mp3",
        "annId": 231,
        "songDifficulty": 22.340724859022558,
        "vintage": "Fall 1999"
    },
    {
        "animeEng": "Mr. Osomatsu The Movie",
        "animeRomaji": "Eiga no Osomatsu-san",
        "songName": "Good Goodbye",
        "artist": "Dream Ami",
        "type": "Ending 1",
        "correctCount": 4,
        "startTime": 81,
        "songDuration": 187.056,
        "songNumber": 39,
        "activePlayerCount": 134,
        "LinkVideo": "https://files.catbox.moe/xgre5d.webm",
        "LinkMp3": "https://files.catbox.moe/hpqyx9.mp3",
        "annId": 21718,
        "songDifficulty": 10.801551601818927,
        "vintage": "Winter 2019",
        "correctPlayers": [
            "Chimera",
            "IzumiSakai",
            "ArronChu",
            "Hejsan"
        ]
    },
    {
        "animeEng": "Wonder Egg Priority",
        "animeRomaji": "Wonder Egg Priority",
        "songName": "Colorful",
        "artist": "mito",
        "type": "Insert Song",
        "correctCount": 40,
        "startTime": 17,
        "songDuration": 99.168,
        "songNumber": 40,
        "activePlayerCount": 135,
        "LinkVideo": "https://files.catbox.moe/41ar5r.webm",
        "LinkMp3": "https://files.catbox.moe/mhwpz8.mp3",
        "annId": 23787,
        "songDifficulty": 9.91123043735937,
        "vintage": "Winter 2021"
    },
    {
        "animeEng": "One Punch Man",
        "animeRomaji": "One Punch Man",
        "songName": "Sonic no One-Punch Ondo",
        "artist": "Yuki Kaji",
        "type": "Ending 3",
        "correctCount": 67,
        "startTime": 36,
        "songDuration": 92.928,
        "songNumber": 41,
        "activePlayerCount": 135,
        "LinkVideo": "https://files.catbox.moe/jguh3g.webm",
        "LinkMp3": "https://files.catbox.moe/cmgmb8.mp3",
        "annId": 17988,
        "songDifficulty": 45.70104146565033,
        "vintage": "Fall 2015"
    },
    {
        "animeEng": "Fate/kaleid liner Prisma\u2606Illya 2wei Herz!",
        "animeRomaji": "Fate/kaleid liner Prisma\u2606Illya 2wei Herz!",
        "songName": "moving soul",
        "artist": "Minami Kuribayashi",
        "type": "Insert Song",
        "correctCount": 76,
        "startTime": 12,
        "songDuration": 46.992,
        "songNumber": 42,
        "activePlayerCount": 135,
        "LinkVideo": "https://files.catbox.moe/f3892a.webm",
        "LinkMp3": "https://files.catbox.moe/vqqdw2.mp3",
        "annId": 16275,
        "songDifficulty": 35.9382315537337,
        "vintage": "Summer 2015"
    },
    {
        "animeEng": "The Disappearance of Nagato Yuki-chan",
        "animeRomaji": "Nagato Yuki-chan no Shoushitsu",
        "songName": "Mitsukete Happy Life",
        "artist": "Yuuko Gotou",
        "type": "Insert Song",
        "correctCount": 22,
        "startTime": 9,
        "songDuration": 40.536,
        "songNumber": 43,
        "activePlayerCount": 136,
        "LinkVideo": "https://files.catbox.moe/43gqfu.webm",
        "LinkMp3": "https://files.catbox.moe/oy85eg.mp3",
        "annId": 16250,
        "songDifficulty": 19.756779385151837,
        "vintage": "Spring 2015"
    },
    {
        "animeEng": "Gundam Build Fighters",
        "animeRomaji": "Gundam Build Fighters",
        "songName": "wimp feat. Lil' Fang (from FAKY)",
        "artist": "BACK-ON & Lil' Fang (from FAKY)",
        "type": "Opening 2",
        "correctCount": 39,
        "startTime": 41,
        "songDuration": 89.448,
        "songNumber": 44,
        "activePlayerCount": 136,
        "LinkVideo": "https://files.catbox.moe/lfe6nf.webm",
        "LinkMp3": "https://files.catbox.moe/4jmip8.mp3",
        "annId": 15492,
        "songDifficulty": 30.623730214977556,
        "vintage": "Fall 2013"
    },
    {
        "animeEng": "Juni Taisen: Zodiac War",
        "animeRomaji": "Juuni Taisen",
        "songName": "Rapture",
        "artist": "Panorama Panama Town",
        "type": "Opening 1",
        "correctCount": 74,
        "startTime": 10,
        "songDuration": 88.704,
        "songNumber": 45,
        "activePlayerCount": 136,
        "LinkVideo": "https://files.catbox.moe/pjiqao.webm",
        "LinkMp3": "https://files.catbox.moe/ipktc0.mp3",
        "annId": 19335,
        "songDifficulty": 31.404669097027483,
        "vintage": "Fall 2017"
    },
    {
        "animeEng": "Tsubasa RESERVoir CHRoNiCLE",
        "animeRomaji": "Tsubasa RESERVoir CHRoNiCLE",
        "songName": "endlessly",
        "artist": "Eri Itou",
        "type": "Insert Song",
        "correctCount": 19,
        "startTime": 40,
        "songDuration": 87.72,
        "songNumber": 46,
        "activePlayerCount": 137,
        "LinkVideo": "https://files.catbox.moe/sv0mef.webm",
        "LinkMp3": "https://files.catbox.moe/dv1kvt.mp3",
        "annId": 4591,
        "songDifficulty": 12.478165183911484,
        "vintage": "Spring 2005"
    },
    {
        "animeEng": "Re:Zero: Starting Life in Another World - Memory Snow",
        "animeRomaji": "Re:Zero kara Hajimeru Isekai Seikatsu: Memory Snow",
        "songName": "Memories",
        "artist": "Riko Azuna",
        "type": "Insert Song",
        "correctCount": 33,
        "startTime": 200,
        "songDuration": 251.04,
        "songNumber": 47,
        "activePlayerCount": 137,
        "LinkVideo": "https://files.catbox.moe/60uzfj.webm",
        "LinkMp3": "https://files.catbox.moe/pq5doe.mp3",
        "annId": 20773,
        "songDifficulty": 17.98730717239186,
        "vintage": "Fall 2018"
    },
    {
        "animeEng": "Hand Shakers",
        "animeRomaji": "Hand Shakers",
        "songName": "One Hand Message",
        "artist": "OxT",
        "type": "Opening 1",
        "correctCount": 43,
        "startTime": 9,
        "songDuration": 89.568,
        "songNumber": 48,
        "activePlayerCount": 137,
        "LinkVideo": "https://files.catbox.moe/nlpehr.webm",
        "LinkMp3": "https://files.catbox.moe/hoixwb.mp3",
        "annId": 18690,
        "songDifficulty": 22.154363124840604,
        "vintage": "Winter 2017"
    },
    {
        "animeEng": "Haikyu!!",
        "animeRomaji": "Haikyu!!",
        "songName": "Tenchi Gaeshi",
        "artist": "NICO Touches the Walls",
        "type": "Ending 1",
        "correctCount": 53,
        "startTime": 20,
        "songDuration": 89.568,
        "songNumber": 49,
        "activePlayerCount": 137,
        "LinkVideo": "https://files.catbox.moe/bb27f3.webm",
        "LinkMp3": "https://files.catbox.moe/4unama.mp3",
        "annId": 15683,
        "songDifficulty": 27.21272872712729,
        "vintage": "Spring 2014"
    },
    {
        "animeEng": "K: Return of Kings",
        "animeRomaji": "K: Return of Kings",
        "songName": "Circle of Friends",
        "artist": "Yuki Kaji",
        "type": "Insert Song",
        "correctCount": 87,
        "startTime": 0,
        "songDuration": 29.592,
        "songNumber": 50,
        "activePlayerCount": 137,
        "LinkVideo": "https://files.catbox.moe/diuvbr.webm",
        "LinkMp3": "https://files.catbox.moe/2bgjpx.mp3",
        "annId": 16771,
        "songDifficulty": 35.821420793927324,
        "vintage": "Fall 2015"
    },
    {
        "animeEng": "COLOURS",
        "animeRomaji": "COLOURS",
        "songName": "Grey Butterfly",
        "artist": "Miyu Kumagawa",
        "type": "Insert Song",
        "correctCount": 10,
        "startTime": 124,
        "songDuration": 200.784,
        "songNumber": 51,
        "activePlayerCount": 135,
        "LinkVideo": "https://files.catbox.moe/g7u30w.webm",
        "LinkMp3": "https://files.catbox.moe/vzrqcw.mp3",
        "annId": 24936,
        "songDifficulty": 10.98560198892894,
        "vintage": "Summer 2021"
    },
    {
        "animeEng": "Alfred J. Quack",
        "animeRomaji": "Chiisana Ahiru no Ooki na Ai no Monogatari: Ahiru no Quack",
        "songName": "Happy Happy \"ALFRED'S WALK\"",
        "artist": "Megumi Hayashibara",
        "type": "Ending 1",
        "correctCount": 14,
        "startTime": 23,
        "songDuration": 59.112,
        "songNumber": 52,
        "activePlayerCount": 134,
        "LinkVideo": "https://files.catbox.moe/p43vyp.webm",
        "LinkMp3": "https://files.catbox.moe/mfpe65.mp3",
        "annId": 1049,
        "songDifficulty": 17.993910220054445,
        "vintage": "Spring 1989"
    },
    {
        "animeEng": "Kotodama Shoujo the Animation: Microphone soul spinners",
        "animeRomaji": "Kotodama Shoujo the Animation: Microphone soul spinners",
        "songName": "Kurokami Liberation",
        "artist": "Marina Tanoue",
        "type": "Ending 3",
        "correctCount": 30,
        "startTime": 133,
        "songDuration": 173.064,
        "songNumber": 53,
        "activePlayerCount": 135,
        "LinkVideo": "https://files.catbox.moe/wir224.webm",
        "LinkMp3": "https://files.catbox.moe/vr386a.mp3",
        "annId": 22949,
        "songDifficulty": 26.105104518581083,
        "vintage": "Winter 2020"
    },
    {
        "animeEng": "The Kindly Lion",
        "animeRomaji": "Yasashii Lion",
        "songName": "Ima de wa Rippa na Lion~Hashire Buruburu",
        "artist": "Bonny Jacks",
        "type": "Insert Song",
        "correctCount": 19,
        "startTime": 6,
        "songDuration": 71.064,
        "songNumber": 54,
        "activePlayerCount": 134,
        "LinkVideo": "https://files.catbox.moe/m5d292.webm",
        "LinkMp3": "https://files.catbox.moe/g7vflj.mp3",
        "annId": 1720,
        "songDifficulty": 21.54255319148936,
        "vintage": "Winter 1970"
    },
    {
        "animeEng": "Rascal Does Not Dream of a Dreaming Girl",
        "animeRomaji": "Seishun Buta Yarou wa Yumemiru Shoujo no Yume o Minai",
        "songName": "Fukashigi no Karte movie ver.",
        "artist": "Asami Seto, Nao Touyama, Atsumi Tanezaki, Maaya Uchida, Yurika Kubo, Inori Minase",
        "type": "Ending 1",
        "correctCount": 127,
        "startTime": 98,
        "songDuration": 232.776,
        "songNumber": 55,
        "activePlayerCount": 134,
        "LinkVideo": "https://files.catbox.moe/begtqe.webm",
        "LinkMp3": "https://files.catbox.moe/nrwyt0.mp3",
        "annId": 21406,
        "songDifficulty": 68.69497573692634,
        "vintage": "Spring 2019"
    },
    {
        "animeEng": "Fairy Tail: Final Season",
        "animeRomaji": "Fairy Tail: Final Season",
        "songName": "Snow Fairy",
        "artist": "FUNKIST",
        "type": "Insert Song",
        "correctCount": 96,
        "startTime": 39,
        "songDuration": 87.691554,
        "songNumber": 56,
        "activePlayerCount": 135,
        "LinkVideo": "https://files.catbox.moe/tjbfez.webm",
        "LinkMp3": "https://files.catbox.moe/gh17f8.mp3",
        "annId": 20846,
        "songDifficulty": 60.53768446943078,
        "vintage": "Fall 2018"
    },
    {
        "animeEng": "Popee the Performer",
        "animeRomaji": "Popee the Performer",
        "songName": "Popee the Clown (Instrumental Version)",
        "artist": "Osamu Tezuka",
        "type": "Ending 1",
        "correctCount": 27,
        "startTime": 1,
        "songDuration": 30.048,
        "songNumber": 57,
        "activePlayerCount": 136,
        "LinkVideo": "https://files.catbox.moe/foy9rp.webm",
        "LinkMp3": "https://files.catbox.moe/nr38y7.mp3",
        "annId": 22318,
        "songDifficulty": 25.829333538528388,
        "vintage": null
    },
    {
        "animeEng": "New Getter Robo",
        "animeRomaji": "Shin Getter Robo",
        "songName": "DRAGON",
        "artist": "JAM Project",
        "type": "Opening 1",
        "correctCount": 12,
        "startTime": 43,
        "songDuration": 89.736,
        "songNumber": 58,
        "activePlayerCount": 136,
        "LinkVideo": "https://files.catbox.moe/ve78wu.webm",
        "LinkMp3": "https://files.catbox.moe/jy4rgw.mp3",
        "annId": 3868,
        "songDifficulty": 18.4217848095177,
        "vintage": "Spring 2004"
    },
    {
        "animeEng": "The iDOLM@STER SideM",
        "animeRomaji": "The iDOLM@STER SideM",
        "songName": "Reason!!",
        "artist": "315 STARS",
        "type": "Insert Song",
        "correctCount": 47,
        "startTime": 48,
        "songDuration": 92.664,
        "songNumber": 59,
        "activePlayerCount": 137,
        "LinkVideo": "https://files.catbox.moe/r1l10x.webm",
        "LinkMp3": "https://files.catbox.moe/awm1xh.mp3",
        "annId": 19884,
        "songDifficulty": 29.197125708150583,
        "vintage": "Summer 2017"
    },
    {
        "animeEng": "In Search of the Lost Future",
        "animeRomaji": "Ushinawareta Mirai o Motomete",
        "songName": "Ashita Mata Aeru yo ne",
        "artist": "Akane Tomonaga",
        "type": "Ending 2",
        "correctCount": 18,
        "startTime": 50,
        "songDuration": 89.064,
        "songNumber": 60,
        "activePlayerCount": 137,
        "LinkVideo": "https://files.catbox.moe/q742sa.webm",
        "LinkMp3": "https://files.catbox.moe/csi6kl.mp3",
        "annId": 16169,
        "songDifficulty": 17.608192914292896,
        "vintage": "Fall 2014"
    },
    {
        "animeEng": "Digimon Adventure tri. Chapter 1: Reunion",
        "animeRomaji": "Digimon Adventure tri. Saikai",
        "songName": "brave heart~tri.Version~",
        "artist": "Ayumi Miyazaki",
        "type": "Insert Song",
        "correctCount": 42,
        "startTime": 3,
        "songDuration": 106.056,
        "songNumber": 61,
        "activePlayerCount": 138,
        "LinkVideo": "https://files.catbox.moe/097507.webm",
        "LinkMp3": "https://files.catbox.moe/8tzl9w.mp3",
        "annId": 16310,
        "songDifficulty": 34.57490124295491,
        "vintage": "Fall 2015"
    },
    {
        "animeEng": "Norimono Man Mobile Land no Car-kun",
        "animeRomaji": "Norimono Man Mobile Land no Car-kun",
        "songName": "Kattobi Mobile Land",
        "artist": "Ayahi Takagaki",
        "type": "Opening 1",
        "correctCount": 66,
        "startTime": 0,
        "songDuration": 29.04,
        "songNumber": 62,
        "activePlayerCount": 138,
        "LinkVideo": "https://files.catbox.moe/5ojy4i.webm",
        "LinkMp3": "https://files.catbox.moe/aaad3f.mp3",
        "annId": 23161,
        "songDifficulty": 31.88552310084407,
        "vintage": "Spring 2020"
    },
    {
        "animeEng": "No Game No Life Zero",
        "animeRomaji": "No Game No Life Zero",
        "songName": "THERE IS A REASON",
        "artist": "Konomi Suzuki",
        "type": "Ending 1",
        "correctCount": 101,
        "startTime": 68,
        "songDuration": 289.656,
        "songNumber": 63,
        "activePlayerCount": 138,
        "LinkVideo": "https://files.catbox.moe/450jyl.webm",
        "LinkMp3": "https://files.catbox.moe/n8cq75.mp3",
        "annId": 19405,
        "songDifficulty": 31.32569644887606,
        "vintage": "Summer 2017"
    },
    {
        "animeEng": "Pia Carrot Movie",
        "animeRomaji": "Pia Carrot e Youkoso!!: Sayaka no Koi Monogatari",
        "songName": "Nagisa no Waitress -full chorus version-",
        "artist": "Yuka Imai, Yumi Kakazu, Miwa Kouzuki, Junko Kusayanagi, Hisayo Mochizuki, Michiko Neya",
        "type": "Insert Song",
        "correctCount": 2,
        "startTime": 24,
        "songDuration": 102.768,
        "songNumber": 64,
        "activePlayerCount": 138,
        "LinkVideo": "https://files.catbox.moe/1u3fck.webm",
        "LinkMp3": "https://files.catbox.moe/hodep2.mp3",
        "annId": 1837,
        "songDifficulty": 5.457300409994835,
        "vintage": "Fall 2002",
        "correctPlayers": [
            "NicoIe",
            "ilovekuon"
        ]
    },
    {
        "animeEng": "IDOLiSH7 Third Beat!",
        "animeRomaji": "IDOLiSH7 Third Beat!",
        "songName": "RESTART POiNTER",
        "artist": "IDOLiSH7",
        "type": "Insert Song",
        "correctCount": 39,
        "startTime": 0,
        "songDuration": 23.496,
        "songNumber": 65,
        "activePlayerCount": 138,
        "LinkVideo": "https://files.catbox.moe/xwn5y9.webm",
        "LinkMp3": "https://files.catbox.moe/w7ddc5.mp3",
        "annId": 24195,
        "songDifficulty": 30.944650265639922,
        "vintage": "Summer 2021"
    },
    {
        "animeEng": "Touch 3: Don't Pass Me By",
        "animeRomaji": "Touch 3: Kimi ga Toorisugita Ato ni",
        "songName": "Kimi ga Toori Sugita Ato ni -DON'T PASS ME BY-",
        "artist": "THE ALFEE",
        "type": "Opening 1",
        "correctCount": 7,
        "startTime": 77,
        "songDuration": 142.182046,
        "songNumber": 66,
        "activePlayerCount": 140,
        "LinkVideo": "https://files.catbox.moe/5uouev.webm",
        "LinkMp3": "https://files.catbox.moe/wea718.mp3",
        "annId": 3269,
        "songDifficulty": 9.023419356215847,
        "vintage": "Spring 1987"
    },
    {
        "animeEng": "Crayon Shin-chan: Serious Battle! Robot Dad Strikes Back!",
        "animeRomaji": "Eiga Crayon Shin-chan: Gachinko! Gyakushuu no Robo Tou-chan",
        "songName": "Kimi ni 100 Percent",
        "artist": "Kyary Pamyu Pamyu",
        "type": "Opening 1",
        "correctCount": 75,
        "startTime": 22,
        "songDuration": 64.056,
        "songNumber": 67,
        "activePlayerCount": 140,
        "LinkVideo": "https://files.catbox.moe/1pwmp3.webm",
        "LinkMp3": "https://files.catbox.moe/yhmuut.mp3",
        "annId": 15762,
        "songDifficulty": 43.2516349688914,
        "vintage": "Spring 2014"
    },
    {
        "animeEng": "Tokyo Revengers",
        "animeRomaji": "Tokyo Revengers",
        "songName": "Cry Baby",
        "artist": "Official HIGE DANdism",
        "type": "Opening 1",
        "correctCount": 89,
        "startTime": 41,
        "songDuration": 89.472,
        "songNumber": 68,
        "activePlayerCount": 141,
        "LinkVideo": "https://files.catbox.moe/fbfhbw.webm",
        "LinkMp3": "https://files.catbox.moe/fu1jxl.mp3",
        "annId": 23847,
        "songDifficulty": 53.03579225764857,
        "vintage": "Spring 2021"
    },
    {
        "animeEng": "Digimon Adventure tri. Chapter 4: Loss",
        "animeRomaji": "Digimon Adventure tri. Soushitsu",
        "songName": "keep on ~tri.version~",
        "artist": "AiM",
        "type": "Ending 1",
        "correctCount": 5,
        "startTime": 70,
        "songDuration": 301.003806,
        "songNumber": 69,
        "activePlayerCount": 141,
        "LinkVideo": "https://files.catbox.moe/ia1u6k.webm",
        "LinkMp3": "https://files.catbox.moe/1042tx.mp3",
        "annId": 18898,
        "songDifficulty": 9.0949352686002,
        "vintage": "Winter 2017",
        "correctPlayers": [
            "Sidirodromos",
            "Grapheon",
            "MissMcPhisto",
            "SakuraFujima",
            "weavedheart"
        ]
    },
    {
        "animeEng": "Dororo",
        "animeRomaji": "Dororo",
        "songName": "Dororo",
        "artist": "ASIAN KUNG-FU GENERATION",
        "type": "Opening 2",
        "correctCount": 61,
        "startTime": 0,
        "songDuration": 89.016,
        "songNumber": 70,
        "activePlayerCount": 141,
        "LinkVideo": "https://files.catbox.moe/s6ri20.webm",
        "LinkMp3": "https://files.catbox.moe/30s6tu.mp3",
        "annId": 20779,
        "songDifficulty": 26.65907136991223,
        "vintage": "Winter 2019"
    },
    {
        "animeEng": "TsukiPro the Animation 2",
        "animeRomaji": "TsukiPro the Animation 2",
        "songName": "Summer Session",
        "artist": "SOARA",
        "type": "Insert Song",
        "correctCount": 14,
        "startTime": 20,
        "songDuration": 55.272,
        "songNumber": 71,
        "activePlayerCount": 139,
        "LinkVideo": "https://files.catbox.moe/q83x49.webm",
        "LinkMp3": "https://files.catbox.moe/6xwjvu.mp3",
        "annId": 23476,
        "songDifficulty": 13.611110802852746,
        "vintage": "Summer 2021"
    },
    {
        "animeEng": "Galactic Patrol Lensman",
        "animeRomaji": "Galactic Patrol Lensman",
        "songName": "Paradise",
        "artist": "Yudai Suzuki",
        "type": "Ending 1",
        "correctCount": 2,
        "startTime": 3,
        "songDuration": 58.536,
        "songNumber": 72,
        "activePlayerCount": 140,
        "LinkVideo": "https://files.catbox.moe/ttqtsb.webm",
        "LinkMp3": "https://files.catbox.moe/cwwb5v.mp3",
        "annId": 2140,
        "songDifficulty": 5.439371954534471,
        "vintage": "Fall 1984",
        "correctPlayers": [
            "asleep",
            "gaaw"
        ]
    },
    {
        "animeEng": "Sword Art Online II",
        "animeRomaji": "Sword Art Online II",
        "songName": "courage",
        "artist": "Haruka Tomatsu",
        "type": "Opening 2",
        "correctCount": 104,
        "startTime": 13,
        "songDuration": 89.472,
        "songNumber": 73,
        "activePlayerCount": 140,
        "LinkVideo": "https://files.catbox.moe/40c8b7.webm",
        "LinkMp3": "https://files.catbox.moe/y0y28n.mp3",
        "annId": 15804,
        "songDifficulty": 37.753980529092495,
        "vintage": "Summer 2014"
    },
    {
        "animeEng": "True Tokyo Boy: Gatten Tarou",
        "animeRomaji": "Edokko Boy: Gatten Taro",
        "songName": "Gatten Roru",
        "artist": "Chiruru",
        "type": "Opening 1",
        "correctCount": 1,
        "startTime": 42,
        "songDuration": 93.96,
        "songNumber": 74,
        "activePlayerCount": 140,
        "LinkVideo": "https://files.catbox.moe/eidz78.webm",
        "LinkMp3": "https://files.catbox.moe/5yj00o.mp3",
        "annId": 2188,
        "songDifficulty": 9.061876491158309,
        "vintage": "Fall 1990",
        "correctPlayers": [
            "Edwardd"
        ]
    },
    {
        "animeEng": "Puella Magi Madoka Magica",
        "animeRomaji": "Mahou Shoujo Madoka\u2605Magica",
        "songName": "Connect",
        "artist": "ClariS",
        "type": "Opening 1",
        "correctCount": 116,
        "startTime": 37,
        "songDuration": 90.144719,
        "songNumber": 75,
        "activePlayerCount": 141,
        "LinkVideo": "https://files.catbox.moe/kcqnzb.webm",
        "LinkMp3": "https://files.catbox.moe/mj7ouz.mp3",
        "annId": 12120,
        "songDifficulty": 47.84167718025548,
        "vintage": "Winter 2011"
    },
    {
        "animeEng": "Child of Kamiari Month",
        "animeRomaji": "Kamiarizuki no Kodomo",
        "songName": "KANNA",
        "artist": "miwa",
        "type": "Insert Song",
        "correctCount": 9,
        "startTime": 53,
        "songDuration": 170.088,
        "songNumber": 76,
        "activePlayerCount": 140,
        "LinkVideo": "https://files.catbox.moe/277lpo.webm",
        "LinkMp3": "https://files.catbox.moe/qvxpkm.mp3",
        "annId": 22343,
        "songDifficulty": 22.708333333333332,
        "vintage": "Fall 2021"
    },
    {
        "animeEng": "Love, Chunibyo, & Other Delusions: Rikka Takanashi Version",
        "animeRomaji": "Takanashi Rikka Kai: Gekijouban Chuunibyou demo Koi ga Shitai!",
        "songName": "\uff0dAcross the line\uff0d",
        "artist": "Maaya Uchida",
        "type": "Opening 1",
        "correctCount": 17,
        "startTime": 19,
        "songDuration": 99.216,
        "songNumber": 77,
        "activePlayerCount": 142,
        "LinkVideo": "https://files.catbox.moe/ldrelv.webm",
        "LinkMp3": "https://files.catbox.moe/3ruonl.mp3",
        "annId": 15391,
        "songDifficulty": 10.430872602061715,
        "vintage": "Summer 2013"
    },
    {
        "animeEng": "Date A Live",
        "animeRomaji": "Date A Live",
        "songName": "Date A Live",
        "artist": "sweet ARMS",
        "type": "Opening 1",
        "correctCount": 100,
        "startTime": 1,
        "songDuration": 101.76,
        "songNumber": 78,
        "activePlayerCount": 141,
        "LinkVideo": "https://files.catbox.moe/zy4d2d.webm",
        "LinkMp3": "https://files.catbox.moe/5ad18s.mp3",
        "annId": 14953,
        "songDifficulty": 41.298364328071855,
        "vintage": "Winter 2013"
    },
    {
        "animeEng": "Lemon Angel Project",
        "animeRomaji": "Lemon Angel Project",
        "songName": "Angel addict",
        "artist": "Miki Maruyama",
        "type": "Opening 7",
        "correctCount": 36,
        "startTime": 55,
        "songDuration": 88.848,
        "songNumber": 79,
        "activePlayerCount": 141,
        "LinkVideo": "https://files.catbox.moe/avhqg9.webm",
        "LinkMp3": "https://files.catbox.moe/hq2cvr.mp3",
        "annId": 6095,
        "songDifficulty": 24.74746253842213,
        "vintage": "Winter 2006"
    },
    {
        "animeEng": "Digimon Frontier",
        "animeRomaji": "Digimon Frontier",
        "songName": "With The Will",
        "artist": "Kouji Wada",
        "type": "Insert Song",
        "correctCount": 31,
        "startTime": 39,
        "songDuration": 92.088,
        "songNumber": 80,
        "activePlayerCount": 142,
        "LinkVideo": "https://files.catbox.moe/lpaczj.webm",
        "LinkMp3": "https://files.catbox.moe/cg817m.mp3",
        "annId": 2172,
        "songDifficulty": 26.08156343562874,
        "vintage": "Spring 2002"
    },
    {
        "animeEng": "The Burning Wild Man",
        "animeRomaji": "Moeru! Oniisan",
        "songName": "Dreamy Dreamer",
        "artist": "Yuko Ishikawa",
        "type": "Opening 1",
        "correctCount": 3,
        "startTime": 46,
        "songDuration": 87.936,
        "songNumber": 81,
        "activePlayerCount": 141,
        "LinkVideo": "https://files.catbox.moe/cmhecb.webm",
        "LinkMp3": "https://files.catbox.moe/snyje7.mp3",
        "annId": 2626,
        "songDifficulty": 8.878932045990567,
        "vintage": "Winter 1988",
        "correctPlayers": [
            "kirkirs",
            "Orfey",
            "PearI"
        ]
    },
    {
        "animeEng": "D.Gray-man",
        "animeRomaji": "D.Gray-man",
        "songName": "regret",
        "artist": "Mai Hoshimura",
        "type": "Ending 7",
        "correctCount": 8,
        "startTime": 16,
        "songDuration": 88.992,
        "songNumber": 82,
        "activePlayerCount": 141,
        "LinkVideo": "https://files.catbox.moe/11zro8.webm",
        "LinkMp3": "https://files.catbox.moe/7gip12.mp3",
        "annId": 6764,
        "songDifficulty": 9.870851321441094,
        "vintage": "Fall 2006"
    },
    {
        "animeEng": "The Millionaire Detective: Balance: Unlimited",
        "animeRomaji": "Fugou Keiji Balance: Unlimited",
        "songName": "Welcome My Friend",
        "artist": "OKAMOTO'S",
        "type": "Ending 1",
        "correctCount": 54,
        "startTime": 37,
        "songDuration": 89.256,
        "songNumber": 83,
        "activePlayerCount": 142,
        "LinkVideo": "https://files.catbox.moe/qj12cw.webm",
        "LinkMp3": "https://files.catbox.moe/mwd2jp.mp3",
        "annId": 22980,
        "songDifficulty": 36.9970513322884,
        "vintage": "Spring 2020"
    },
    {
        "animeEng": "Rockman.EXE Beast",
        "animeRomaji": "Rockman.EXE Beast",
        "songName": "Ashiato",
        "artist": "Clair",
        "type": "Ending 1",
        "correctCount": 1,
        "startTime": 24,
        "songDuration": 90.12,
        "songNumber": 84,
        "activePlayerCount": 142,
        "LinkVideo": "https://files.catbox.moe/xnziga.webm",
        "LinkMp3": "https://files.catbox.moe/8dy86d.mp3",
        "annId": 6313,
        "songDifficulty": 10.864795644489957,
        "vintage": "Fall 2005",
        "correctPlayers": [
            "hk9ian"
        ]
    },
    {
        "animeEng": "Knights of Sidonia",
        "animeRomaji": "Sidonia no Kishi",
        "songName": "Ai, Hito Kakera",
        "artist": "angela",
        "type": "Ending 1",
        "correctCount": 8,
        "startTime": 140,
        "songDuration": 303,
        "songNumber": 85,
        "activePlayerCount": 142,
        "LinkVideo": "https://files.catbox.moe/rl0c7h.webm",
        "LinkMp3": "https://files.catbox.moe/x2lud2.mp3",
        "annId": 16675,
        "songDifficulty": 13.362013813686056,
        "vintage": "Winter 2015"
    }
]