[
    {
        "animeEng": "The Garden of Sinners",
        "animeRomaji": "Kara no Kyoukai",
        "songName": "snow is falling",
        "artist": "Kalafina",
        "type": "Ending 1",
        "correctCount": 77,
        "startTime": 91,
        "songDuration": 161.256,
        "songNumber": 1,
        "activePlayerCount": 196,
        "LinkVideo": "https://files.catbox.moe/8wohdc.webm",
        "LinkMp3": "https://files.catbox.moe/fiisdu.mp3",
        "annId": 23255,
        "songDifficulty": 27.611950589540044,
        "vintage": "Winter 2011"
    },
    {
        "animeEng": "Idol Time PriPara",
        "animeRomaji": "Idol Time PriPara",
        "songName": "Zettai Seimei final show-jo",
        "artist": "Saki Yamakita",
        "type": "Insert Song",
        "correctCount": 10,
        "startTime": 45,
        "songDuration": 93.36,
        "songNumber": 2,
        "activePlayerCount": 205,
        "LinkVideo": "https://files.catbox.moe/fllu77.webm",
        "LinkMp3": "https://files.catbox.moe/zb6vi7.mp3",
        "annId": 19329,
        "songDifficulty": 10.819650233477011,
        "vintage": "Spring 2017"
    },
    {
        "animeEng": "Pikachu's Winter Vacation 2001",
        "animeRomaji": "Pocket Monsters: Pikachu no Fuyuyasumi 2001",
        "songName": "White Dance",
        "artist": "Rikako Aikawa",
        "type": "Opening 1",
        "correctCount": 3,
        "startTime": 43,
        "songDuration": 95.064,
        "songNumber": 3,
        "activePlayerCount": 208,
        "LinkVideo": "https://files.catbox.moe/wuxou7.webm",
        "LinkMp3": "https://files.catbox.moe/s9e4r7.mp3",
        "annId": 2755,
        "songDifficulty": 7.4299375353684605,
        "vintage": "Fall 2000",
        "correctPlayers": [
            "NanashiMumei",
            "watashiii",
            "Hanagasakumichi"
        ]
    },
    {
        "animeEng": "Aquarion",
        "animeRomaji": "Sousei no Aquarion",
        "songName": "Sousei no Aquarion",
        "artist": "AKINO",
        "type": "Opening 1",
        "correctCount": 115,
        "startTime": 31,
        "songDuration": 89.304,
        "songNumber": 4,
        "activePlayerCount": 214,
        "LinkVideo": "https://files.catbox.moe/gzn49c.webm",
        "LinkMp3": "https://files.catbox.moe/80qjax.mp3",
        "annId": 4796,
        "songDifficulty": 41.113196090047396,
        "vintage": "Spring 2005"
    },
    {
        "animeEng": "keroro",
        "animeRomaji": "keroro",
        "songName": "Keroro\u2606Popstar",
        "artist": "Mayumi Gojou",
        "type": "Opening 1",
        "correctCount": 117,
        "startTime": 0,
        "songDuration": 24.984,
        "songNumber": 5,
        "activePlayerCount": 219,
        "LinkVideo": "https://files.catbox.moe/w2gxvl.webm",
        "LinkMp3": "https://files.catbox.moe/heke2l.mp3",
        "annId": 15768,
        "songDifficulty": 31.595372596153847,
        "vintage": "Winter 2014"
    },
    {
        "animeEng": "Detective Conan",
        "animeRomaji": "Meitantei Conan",
        "songName": "Ima Aitakute...",
        "artist": "DAIGO",
        "type": "Ending 46",
        "correctCount": 27,
        "startTime": 18,
        "songDuration": 79.128,
        "songNumber": 6,
        "activePlayerCount": 220,
        "LinkVideo": "https://files.catbox.moe/njzncf.webm",
        "LinkMp3": "https://files.catbox.moe/3n6t2f.mp3",
        "annId": 454,
        "songDifficulty": 25.614278185848402,
        "vintage": "Winter 1996"
    },
    {
        "animeEng": "Rage of Bahamut: Virgin Soul",
        "animeRomaji": "Shingeki no Bahamut VIRGIN SOUL",
        "songName": "LET iT END",
        "artist": "SiM",
        "type": "Opening 1",
        "correctCount": 52,
        "startTime": 31,
        "songDuration": 89.304,
        "songNumber": 7,
        "activePlayerCount": 222,
        "LinkVideo": "https://files.catbox.moe/ld9one.webm",
        "LinkMp3": "https://files.catbox.moe/pb5yg7.mp3",
        "annId": 18190,
        "songDifficulty": 22.466428520524516,
        "vintage": "Spring 2017"
    },
    {
        "animeEng": "School Babysitters",
        "animeRomaji": "Gakuen Babysitters",
        "songName": "Endless happy world",
        "artist": "Daisuke Ono",
        "type": "Opening 1",
        "correctCount": 9,
        "startTime": 8,
        "songDuration": 87.432,
        "songNumber": 8,
        "activePlayerCount": 225,
        "LinkVideo": "https://files.catbox.moe/6s6ko3.webm",
        "LinkMp3": "https://files.catbox.moe/lbt6uc.mp3",
        "annId": 19400,
        "songDifficulty": 18.858082950503853,
        "vintage": "Winter 2018"
    },
    {
        "animeEng": "Attack on Titan Final Season",
        "animeRomaji": "Shingeki no Kyojin: The Final Season",
        "songName": "Shougeki",
        "artist": "Yuko Ando",
        "type": "Ending 1",
        "correctCount": 124,
        "startTime": 2,
        "songDuration": 87.984,
        "songNumber": 9,
        "activePlayerCount": 224,
        "LinkVideo": "https://files.catbox.moe/cfpv1x.webm",
        "LinkMp3": "https://files.catbox.moe/jzlp70.mp3",
        "annId": 22277,
        "songDifficulty": 38.6448583910409,
        "vintage": "Fall 2020"
    },
    {
        "animeEng": "Pretty Rhythm Aurora Dream",
        "animeRomaji": "Pretty Rhythm Aurora Dream",
        "songName": "Switch On My Heart",
        "artist": "Azusa Enoki",
        "type": "Insert Song",
        "correctCount": 15,
        "startTime": 3,
        "songDuration": 90.826194,
        "songNumber": 10,
        "activePlayerCount": 224,
        "LinkVideo": "https://files.catbox.moe/bujbmi.webm",
        "LinkMp3": "https://files.catbox.moe/1fh90w.mp3",
        "annId": 12432,
        "songDifficulty": 27.081375623532864,
        "vintage": "Spring 2011"
    },
    {
        "animeEng": "Kimagure Orange\u2605Road The Movie: I Want to Return to That Day",
        "animeRomaji": "Kimagure Orange\u2605Road: Ano Hi ni Kaeritai",
        "songName": "Tori no You ni",
        "artist": "Kanako Wada",
        "type": "Insert Song",
        "correctCount": 3,
        "startTime": 1,
        "songDuration": 91.344,
        "songNumber": 11,
        "activePlayerCount": 225,
        "LinkVideo": "https://files.catbox.moe/4pptdk.webm",
        "LinkMp3": "https://files.catbox.moe/y11cvm.mp3",
        "annId": 493,
        "songDifficulty": 10.029911564086294,
        "vintage": "Fall 1988",
        "correctPlayers": [
            "Delete",
            "qwertykiller99",
            "Cobblestone"
        ]
    },
    {
        "animeEng": "STARMYU",
        "animeRomaji": "Koukou Hoshi Kageki",
        "songName": "straightforward",
        "artist": "Natsuki Hanae, Arthur Lounsbery, Toshiyuki Morikawa",
        "type": "Insert Song",
        "correctCount": 136,
        "startTime": 56,
        "songDuration": 89.72907,
        "songNumber": 12,
        "activePlayerCount": 227,
        "LinkVideo": "https://files.catbox.moe/egtzun.webm",
        "LinkMp3": "https://files.catbox.moe/lv5kgm.mp3",
        "annId": 19260,
        "songDifficulty": 35.95897057199647,
        "vintage": "Spring 2017"
    },
    {
        "animeEng": "Chougattai Majutsu Robot Ginguiser",
        "animeRomaji": "Chougattai Majutsu Robot Ginguiser",
        "songName": "Chougattai Majutsu Robot Ginguiser",
        "artist": "Isao Sasaki & Tokyo Arakawa Shounen Shoujo Gasshou-tai",
        "type": "Opening 1",
        "correctCount": 18,
        "startTime": 9,
        "songDuration": 72.192,
        "songNumber": 13,
        "activePlayerCount": 227,
        "LinkVideo": "https://files.catbox.moe/ecm03v.webm",
        "LinkMp3": "https://files.catbox.moe/cnejjq.mp3",
        "annId": 1273,
        "songDifficulty": 10.545885517158213,
        "vintage": "Spring 1977"
    },
    {
        "animeEng": "Carole & Tuesday",
        "animeRomaji": "Carole & Tuesday",
        "songName": "Whispering My Love",
        "artist": "Nai Br.XX&Celeina Ann",
        "type": "Insert Song",
        "correctCount": 193,
        "startTime": 64,
        "songDuration": 120.072,
        "songNumber": 14,
        "activePlayerCount": 227,
        "LinkVideo": "https://files.catbox.moe/ze3mu0.webm",
        "LinkMp3": "https://files.catbox.moe/p0qmyo.mp3",
        "annId": 21557,
        "songDifficulty": 62.049404443254815,
        "vintage": "Spring 2019"
    },
    {
        "animeEng": "Idol Time PriPara",
        "animeRomaji": "Idol Time PriPara",
        "songName": "Ring Ring\u266a GaraFaLand",
        "artist": "Asuza Satou & Tomoyo Kurosawa",
        "type": "Insert Song",
        "correctCount": 10,
        "startTime": 70,
        "songDuration": 140.66697,
        "songNumber": 15,
        "activePlayerCount": 229,
        "LinkVideo": "https://files.catbox.moe/ooeng8.webm",
        "LinkMp3": "https://files.catbox.moe/mhrx44.mp3",
        "annId": 19329,
        "songDifficulty": 26.442073232119846,
        "vintage": "Spring 2017"
    },
    {
        "animeEng": "Shin Koihime\u2020Musou: Otome Tairan",
        "animeRomaji": "Shin Koihime\u2020Musou: Otome Tairan",
        "songName": "Yuuki Rinrin",
        "artist": "Touen no San Shimai",
        "type": "Ending 1",
        "correctCount": 8,
        "startTime": 40,
        "songDuration": 89.07602,
        "songNumber": 16,
        "activePlayerCount": 228,
        "LinkVideo": "https://files.catbox.moe/91tgcl.webm",
        "LinkMp3": "https://files.catbox.moe/xy03hu.mp3",
        "annId": 15899,
        "songDifficulty": 13.059366684293122,
        "vintage": "Winter 2011"
    },
    {
        "animeEng": "Fate/stay night: Unlimited Blade Works",
        "animeRomaji": "Fate/stay night: Unlimited Blade Works",
        "songName": "THIS ILLUSION",
        "artist": "LiSA",
        "type": "Ending 2",
        "correctCount": 101,
        "startTime": 52,
        "songDuration": 236.090636,
        "songNumber": 17,
        "activePlayerCount": 229,
        "LinkVideo": "https://files.catbox.moe/3bk1mq.webm",
        "LinkMp3": "https://files.catbox.moe/0r0rax.mp3",
        "annId": 15843,
        "songDifficulty": 25.576987000338754,
        "vintage": "Fall 2014"
    },
    {
        "animeEng": "Anonymous Noise",
        "animeRomaji": "Fukumenkei Noise",
        "songName": "Allegro",
        "artist": "in NO hurry to shout;",
        "type": "Ending 1",
        "correctCount": 55,
        "startTime": 39,
        "songDuration": 89.376,
        "songNumber": 18,
        "activePlayerCount": 229,
        "LinkVideo": "https://files.catbox.moe/ux4i05.webm",
        "LinkMp3": "https://files.catbox.moe/54bt0t.mp3",
        "annId": 18232,
        "songDifficulty": 27.922336813668224,
        "vintage": "Spring 2017"
    },
    {
        "animeEng": "Pikachu's Winter Vacation 2",
        "animeRomaji": "Pocket Monsters: Pikachu no Fuyuyasumi 2000",
        "songName": "Asobism Sengen",
        "artist": "Maki Kanzaki",
        "type": "Opening 1",
        "correctCount": 3,
        "startTime": 18,
        "songDuration": 100.056,
        "songNumber": 19,
        "activePlayerCount": 231,
        "LinkVideo": "https://files.catbox.moe/w57ruc.webm",
        "LinkMp3": "https://files.catbox.moe/8bmae7.mp3",
        "annId": 2736,
        "songDifficulty": 13.35980205314805,
        "vintage": "Fall 1999",
        "correctPlayers": [
            "NanashiMumei",
            "Premieressai",
            "Hanagasakumichi"
        ]
    },
    {
        "animeEng": "RobiHachi",
        "animeRomaji": "RobiHachi",
        "songName": "Ginga Douchuu Hizakuriger!",
        "artist": "Akira Kushida",
        "type": "Opening 2",
        "correctCount": 18,
        "startTime": 5,
        "songDuration": 66.384,
        "songNumber": 20,
        "activePlayerCount": 231,
        "LinkVideo": "https://files.catbox.moe/p3aek8.webm",
        "LinkMp3": "https://files.catbox.moe/8zz9w2.mp3",
        "annId": 21590,
        "songDifficulty": 19.89442590904067,
        "vintage": "Spring 2019"
    },
    {
        "animeEng": "Stitch!",
        "animeRomaji": "Stitch!",
        "songName": "Ichariba Ohana",
        "artist": "BEGIN",
        "type": "Opening 1",
        "correctCount": 22,
        "startTime": 14,
        "songDuration": 60.048,
        "songNumber": 21,
        "activePlayerCount": 232,
        "LinkVideo": "https://files.catbox.moe/ga1ath.webm",
        "LinkMp3": "https://files.catbox.moe/3j4dyj.mp3",
        "annId": 10252,
        "songDifficulty": 16.02782136121228,
        "vintage": "Fall 2008"
    },
    {
        "animeEng": "Idol Angel Welcome Yoko",
        "animeRomaji": "Idol Tenshi Youkoso Youko",
        "songName": "Yuuhi no Crescendo",
        "artist": "Mika Kanai",
        "type": "Insert Song",
        "correctCount": 4,
        "startTime": 10,
        "songDuration": 47.28,
        "songNumber": 22,
        "activePlayerCount": 233,
        "LinkVideo": "https://files.catbox.moe/uowoyr.webm",
        "LinkMp3": "https://files.catbox.moe/bv5de8.mp3",
        "annId": 1779,
        "songDifficulty": 4.333333333333333,
        "vintage": "Spring 1990",
        "correctPlayers": [
            "Delete",
            "90s",
            "kaghey",
            "Kawada6"
        ]
    },
    {
        "animeEng": "Gatchaman",
        "animeRomaji": "Gatchaman",
        "songName": "GATCHAMAN '94",
        "artist": "Ichirou Mizuki",
        "type": "Insert Song",
        "correctCount": 135,
        "startTime": 0,
        "songDuration": 29.424,
        "songNumber": 23,
        "activePlayerCount": 234,
        "LinkVideo": "https://files.catbox.moe/ou6pd6.webm",
        "LinkMp3": "https://files.catbox.moe/orqdro.mp3",
        "annId": 318,
        "songDifficulty": 40.7890625,
        "vintage": "Fall 1994"
    },
    {
        "animeEng": "Cookin' Idol Ai! Mai! Main!",
        "animeRomaji": "Cookin' Idol Ai! Mai! Main!",
        "songName": "Sweets Princess",
        "artist": "Haruka Fukuhara",
        "type": "Insert Song",
        "correctCount": 29,
        "startTime": 2,
        "songDuration": 54.07254,
        "songNumber": 24,
        "activePlayerCount": 234,
        "LinkVideo": "https://files.catbox.moe/l5ftr7.webm",
        "LinkMp3": "https://files.catbox.moe/rerml1.mp3",
        "annId": 10656,
        "songDifficulty": 19.390506485133496,
        "vintage": "Winter 2009"
    },
    {
        "animeEng": "Senki Zesshou Symphogear AXZ",
        "animeRomaji": "Senki Zesshou Symphogear AXZ",
        "songName": "TESTAMENT",
        "artist": "Nana Mizuki",
        "type": "Opening 1",
        "correctCount": 64,
        "startTime": 5,
        "songDuration": 99.648,
        "songNumber": 25,
        "activePlayerCount": 235,
        "LinkVideo": "https://files.catbox.moe/mkh87b.webm",
        "LinkMp3": "https://files.catbox.moe/txa4ww.mp3",
        "annId": 19724,
        "songDifficulty": 28.089855375744047,
        "vintage": "Summer 2017"
    },
    {
        "animeEng": "Galaxy Railway 999: Eternal Traveller Emeraldas",
        "animeRomaji": "Ginga Tetsudou 999: Eien no Tabibito Emeraldas",
        "songName": "THE GALAXY EXPRESS 999",
        "artist": "Godiego",
        "type": "Opening 1",
        "correctCount": 144,
        "startTime": 116,
        "songDuration": 154.608,
        "songNumber": 26,
        "activePlayerCount": 236,
        "LinkVideo": "https://files.catbox.moe/xgk83c.webm",
        "LinkMp3": "https://files.catbox.moe/s588d4.mp3",
        "annId": 3808,
        "songDifficulty": 32.64523429395747,
        "vintage": "Spring 1980"
    },
    {
        "animeEng": "Green Green",
        "animeRomaji": "Green Green",
        "songName": "Aozora",
        "artist": "YURIA",
        "type": "Ending 1",
        "correctCount": 16,
        "startTime": 46,
        "songDuration": 99.192,
        "songNumber": 27,
        "activePlayerCount": 234,
        "LinkVideo": "https://files.catbox.moe/i5akyj.webm",
        "LinkMp3": "https://files.catbox.moe/l3w4v2.mp3",
        "annId": 2291,
        "songDifficulty": 15.017226161297852,
        "vintage": "Summer 2003"
    },
    {
        "animeEng": "Monogatari Series Second Season",
        "animeRomaji": "Monogatari Series Second Season",
        "songName": "fast love",
        "artist": "Chiwa Saito",
        "type": "Opening 5",
        "correctCount": 115,
        "startTime": 47,
        "songDuration": 89.568,
        "songNumber": 28,
        "activePlayerCount": 235,
        "LinkVideo": "https://files.catbox.moe/9c7836.webm",
        "LinkMp3": "https://files.catbox.moe/0qv0wr.mp3",
        "annId": 15054,
        "songDifficulty": 34.831631452769315,
        "vintage": "Summer 2013"
    },
    {
        "animeEng": "Persona 5 the Animation: Stars and Ours",
        "animeRomaji": "Persona 5 the Animation: Stars and Ours",
        "songName": "Wake Up, Get Up, Get Out There",
        "artist": "Lyn",
        "type": "Insert Song",
        "correctCount": 65,
        "startTime": 0,
        "songDuration": 91.896,
        "songNumber": 29,
        "activePlayerCount": 234,
        "LinkVideo": "https://files.catbox.moe/qt6al0.webm",
        "LinkMp3": "https://files.catbox.moe/osm6xd.mp3",
        "annId": 21797,
        "songDifficulty": 21.30774283737283,
        "vintage": "Winter 2019"
    },
    {
        "animeEng": "To LOVE-Ru",
        "animeRomaji": "To LOVE-Ru",
        "songName": "Lucky Tune",
        "artist": "Anna (BON-BON BLANCO)",
        "type": "Ending 2",
        "correctCount": 51,
        "startTime": 57,
        "songDuration": 89.568,
        "songNumber": 30,
        "activePlayerCount": 236,
        "LinkVideo": "https://files.catbox.moe/ijq5to.webm",
        "LinkMp3": "https://files.catbox.moe/1jmdzi.mp3",
        "annId": 10556,
        "songDifficulty": 28.731862628796094,
        "vintage": "Spring 2009"
    },
    {
        "animeEng": "INTERSTELLA 5555: The 5tory of the 5ecret 5tar 5ystem",
        "animeRomaji": "INTERSTELLA 5555: The 5tory of the 5ecret 5tar 5ystem",
        "songName": "Too Long",
        "artist": "Daft Punk feat. Romanthony",
        "type": "Insert Song",
        "correctCount": 115,
        "startTime": 119,
        "songDuration": 571.32,
        "songNumber": 31,
        "activePlayerCount": 238,
        "LinkVideo": "https://files.catbox.moe/cs9qqv.webm",
        "LinkMp3": "https://files.catbox.moe/b1ad2p.mp3",
        "annId": 2391,
        "songDifficulty": 40.02286646992238,
        "vintage": "Summer 2001"
    },
    {
        "animeEng": "Binbou Shimai Monogatari",
        "animeRomaji": "Binbou Shimai Monogatari",
        "songName": "Shinkokyuu",
        "artist": "Splash Candy",
        "type": "Opening 1",
        "correctCount": 16,
        "startTime": 23,
        "songDuration": 87.456456,
        "songNumber": 32,
        "activePlayerCount": 237,
        "LinkVideo": "https://files.catbox.moe/39plhq.webm",
        "LinkMp3": "https://files.catbox.moe/qr2a6s.mp3",
        "annId": 6603,
        "songDifficulty": 13.538665315998134,
        "vintage": "Spring 2006"
    },
    {
        "animeEng": "Chrono Crusade",
        "animeRomaji": "Chrno Crusade",
        "songName": "Sayonara Solitaire",
        "artist": "Saeko Chiba",
        "type": "Ending 1",
        "correctCount": 20,
        "startTime": 40,
        "songDuration": 87.552,
        "songNumber": 33,
        "activePlayerCount": 237,
        "LinkVideo": "https://files.catbox.moe/qvk33x.webm",
        "LinkMp3": "https://files.catbox.moe/x8eyp8.mp3",
        "annId": 2884,
        "songDifficulty": 16.23615031159682,
        "vintage": "Fall 2003"
    },
    {
        "animeEng": "Spice and Wolf",
        "animeRomaji": "Ookami to Koushinryou",
        "songName": "Ringo Biyori",
        "artist": "ROCKY CHACK",
        "type": "Ending 1",
        "correctCount": 106,
        "startTime": 59,
        "songDuration": 89.088,
        "songNumber": 34,
        "activePlayerCount": 239,
        "LinkVideo": "https://files.catbox.moe/tp65p5.webm",
        "LinkMp3": "https://files.catbox.moe/psfu0x.mp3",
        "annId": 8537,
        "songDifficulty": 35.347280546223715,
        "vintage": "Winter 2008"
    },
    {
        "animeEng": "Tiger Mask W",
        "animeRomaji": "Tiger Mask W",
        "songName": "KING OF THE WILD",
        "artist": "Shonan no Kaze",
        "type": "Ending 1",
        "correctCount": 17,
        "startTime": 48,
        "songDuration": 86.328,
        "songNumber": 35,
        "activePlayerCount": 238,
        "LinkVideo": "https://files.catbox.moe/687dn0.webm",
        "LinkMp3": "https://files.catbox.moe/qi7aju.mp3",
        "annId": 18637,
        "songDifficulty": 22.266192793715845,
        "vintage": "Fall 2016"
    },
    {
        "animeEng": "Sword Art Online: Extra Edition",
        "animeRomaji": "Sword Art Online: Extra Edition",
        "songName": "Yume Sekai",
        "artist": "Haruka Tomatsu",
        "type": "Insert Song",
        "correctCount": 113,
        "startTime": 62,
        "songDuration": 111.93277,
        "songNumber": 36,
        "activePlayerCount": 239,
        "LinkVideo": "https://files.catbox.moe/phv7kp.webm",
        "LinkMp3": "https://files.catbox.moe/nl7kkk.mp3",
        "annId": 15743,
        "songDifficulty": 37.30435513447433,
        "vintage": "Fall 2013"
    },
    {
        "animeEng": "Howl's Moving Castle",
        "animeRomaji": "Howl no Ugoku Shiro",
        "songName": "Sekai no Yakusoku",
        "artist": "Chieko Baisho",
        "type": "Ending 1",
        "correctCount": 59,
        "startTime": 18,
        "songDuration": 253.887275,
        "songNumber": 37,
        "activePlayerCount": 239,
        "LinkVideo": "https://files.catbox.moe/do2atn.webm",
        "LinkMp3": "https://files.catbox.moe/42izbr.mp3",
        "annId": 889,
        "songDifficulty": 23.899161493908068,
        "vintage": "Summer 2004"
    },
    {
        "animeEng": "Domestic Girlfriend",
        "animeRomaji": "Domestic na Kanojo",
        "songName": "Kawaki o Ameku",
        "artist": "Minami",
        "type": "Opening 1",
        "correctCount": 182,
        "startTime": 6,
        "songDuration": 89.568,
        "songNumber": 38,
        "activePlayerCount": 239,
        "LinkVideo": "https://files.catbox.moe/txcl05.webm",
        "LinkMp3": "https://files.catbox.moe/8sv7so.mp3",
        "annId": 21205,
        "songDifficulty": 59.267416631601094,
        "vintage": "Winter 2019"
    },
    {
        "animeEng": "Love of Kill",
        "animeRomaji": "Koroshi Ai",
        "songName": "Midnight Dancer",
        "artist": "Toshiki Masuda",
        "type": "Opening 1",
        "correctCount": 38,
        "startTime": 28,
        "songDuration": 88.368,
        "songNumber": 39,
        "activePlayerCount": 240,
        "LinkVideo": "https://files.catbox.moe/u7kty9.webm",
        "LinkMp3": "https://files.catbox.moe/qc9o55.mp3",
        "annId": 24514,
        "songDifficulty": 24.513932686836114,
        "vintage": "Winter 2022"
    },
    {
        "animeEng": "Kill Me Baby",
        "animeRomaji": "Kill Me Baby",
        "songName": "Futari no Kimochi no Honto no Himitsu",
        "artist": "Mutsumi Tamura & Chinatsu Akasaki",
        "type": "Ending 1",
        "correctCount": 115,
        "startTime": 21,
        "songDuration": 88.512,
        "songNumber": 40,
        "activePlayerCount": 238,
        "LinkVideo": "https://files.catbox.moe/hlyfax.webm",
        "LinkMp3": "https://files.catbox.moe/a5p2bj.mp3",
        "annId": 13289,
        "songDifficulty": 44.84574100889009,
        "vintage": "Winter 2012"
    },
    {
        "animeEng": "The Future Diary Redial",
        "animeRomaji": "Mirai Nikki Redial",
        "songName": "Kyouki Chinden",
        "artist": "Yousei Teikoku",
        "type": "Opening 1",
        "correctCount": 137,
        "startTime": 32,
        "songDuration": 95.256,
        "songNumber": 41,
        "activePlayerCount": 237,
        "LinkVideo": "https://files.catbox.moe/b4vr9z.webm",
        "LinkMp3": "https://files.catbox.moe/81cwv6.mp3",
        "annId": 15406,
        "songDifficulty": 26.084905607933827,
        "vintage": "Summer 2013"
    },
    {
        "animeEng": "BanG Dream! Girls Band Party!: 5th Anniversary Animation - CiRCLE THANKS PARTY!",
        "animeRomaji": "BanG Dream! Girls Band Party!: 5th Anniversary Animation - CiRCLE THANKS PARTY!",
        "songName": "DEATH GALAXY",
        "artist": "DEATH GALAXY",
        "type": "Insert Song",
        "correctCount": 1,
        "startTime": 7,
        "songDuration": 47.736,
        "songNumber": 42,
        "activePlayerCount": 238,
        "LinkVideo": "https://files.catbox.moe/sa2fh8.webm",
        "LinkMp3": "https://files.catbox.moe/7p33b9.mp3",
        "annId": 25436,
        "songDifficulty": 15.217391304347826,
        "vintage": "Winter 2022",
        "correctPlayers": [
            "GrollenKette951"
        ]
    },
    {
        "animeEng": "MAESETSU: opening act",
        "animeRomaji": "Maesetsu!",
        "songName": "Yappari Kimi ja Nakya",
        "artist": "Hiromi Igarashi & Sakura Nakamura",
        "type": "Insert Song",
        "correctCount": 4,
        "startTime": 27,
        "songDuration": 66.216,
        "songNumber": 43,
        "activePlayerCount": 238,
        "LinkVideo": "https://files.catbox.moe/4seua7.webm",
        "LinkMp3": "https://files.catbox.moe/pvjxqg.mp3",
        "annId": 22611,
        "songDifficulty": 7.130324835526316,
        "vintage": "Fall 2020",
        "correctPlayers": [
            "Rukawa11",
            "Hasegawa_Mii",
            "watashiii",
            "Ullei"
        ]
    },
    {
        "animeEng": "Puella Magi Madoka Magica The Movie Part 3: Rebellion",
        "animeRomaji": "Gekijouban Mahou Shoujo Madoka\u2605Magica Shinpen: Hangyaku no Monogatari",
        "songName": "Noi!",
        "artist": "Suginami Jidou Gasshou-dan",
        "type": "Insert Song",
        "correctCount": 113,
        "startTime": 9,
        "songDuration": 50.04,
        "songNumber": 44,
        "activePlayerCount": 238,
        "LinkVideo": "https://files.catbox.moe/i5f9sa.webm",
        "LinkMp3": "https://files.catbox.moe/6o69e1.mp3",
        "annId": 14850,
        "songDifficulty": 31.929657936666004,
        "vintage": "Fall 2013"
    },
    {
        "animeEng": "Future Card Buddyfight Triple D",
        "animeRomaji": "Future Card Buddyfight DDD",
        "songName": "Chronograph",
        "artist": "Takaaki Natsushiro",
        "type": "Opening 1",
        "correctCount": 2,
        "startTime": 46,
        "songDuration": 88.867044,
        "songNumber": 45,
        "activePlayerCount": 238,
        "LinkVideo": "https://files.catbox.moe/cwwckv.webm",
        "LinkMp3": "https://files.catbox.moe/xm4jxb.mp3",
        "annId": 18111,
        "songDifficulty": 11.74208589234104,
        "vintage": "Spring 2016",
        "correctPlayers": [
            "Rukawa11",
            "DKing20"
        ]
    },
    {
        "animeEng": "Blood Blockade Battlefront & Beyond",
        "animeRomaji": "Kekkai Sensen & Beyond",
        "songName": "It's Magic",
        "artist": "Shira Z.Carmel",
        "type": "Insert Song",
        "correctCount": 73,
        "startTime": 21,
        "songDuration": 117.216,
        "songNumber": 46,
        "activePlayerCount": 237,
        "LinkVideo": "https://files.catbox.moe/430634.webm",
        "LinkMp3": "https://files.catbox.moe/j5mh7y.mp3",
        "annId": 18900,
        "songDifficulty": 33.9791842520552,
        "vintage": "Summer 2017"
    },
    {
        "animeEng": "The Gymnastics Samurai",
        "animeRomaji": "Taiso Samurai",
        "songName": "Shanghai Honey",
        "artist": "Daisuke Namikawa, Kensho Ono, Yuki Kaji",
        "type": "Opening 1",
        "correctCount": 56,
        "startTime": 30,
        "songDuration": 88.488,
        "songNumber": 47,
        "activePlayerCount": 237,
        "LinkVideo": "https://files.catbox.moe/0ujmrz.webm",
        "LinkMp3": "https://files.catbox.moe/vodox0.mp3",
        "annId": 23566,
        "songDifficulty": 25.164238043013054,
        "vintage": "Fall 2020"
    },
    {
        "animeEng": "PriPara",
        "animeRomaji": "PriPara",
        "songName": "PriPara\u2606Dancing!!!",
        "artist": "Asami Sanada & Himika Akaneya",
        "type": "Ending 1",
        "correctCount": 87,
        "startTime": 29,
        "songDuration": 89.064,
        "songNumber": 48,
        "activePlayerCount": 237,
        "LinkVideo": "https://files.catbox.moe/w5zpm5.webm",
        "LinkMp3": "https://files.catbox.moe/xz72oz.mp3",
        "annId": 18090,
        "songDifficulty": 44.30747265122265,
        "vintage": "Spring 2016"
    },
    {
        "animeEng": "Gintama: The Semi-Final",
        "animeRomaji": "Gintama: The Semi-Final",
        "songName": "Wadachi",
        "artist": "SPYAIR",
        "type": "Ending 1",
        "correctCount": 73,
        "startTime": 39,
        "songDuration": 88.152,
        "songNumber": 49,
        "activePlayerCount": 238,
        "LinkVideo": "https://files.catbox.moe/0ala9w.webm",
        "LinkMp3": "https://files.catbox.moe/e4cqrs.mp3",
        "annId": 23827,
        "songDifficulty": 26.93137220946802,
        "vintage": "Winter 2021"
    },
    {
        "animeEng": "Prison School",
        "animeRomaji": "Prison School",
        "songName": "Tsumibukaki Ore-tachi no Sanka",
        "artist": "Kangoku Danshi",
        "type": "Ending 1",
        "correctCount": 89,
        "startTime": 60,
        "songDuration": 90.072,
        "songNumber": 50,
        "activePlayerCount": 237,
        "LinkVideo": "https://files.catbox.moe/o6fzg2.webm",
        "LinkMp3": "https://files.catbox.moe/q6dv42.mp3",
        "annId": 17891,
        "songDifficulty": 31.64827545032751,
        "vintage": "Winter 2016"
    },
    {
        "animeEng": "Zan Sayonara Zetsubou Sensei Bangai-chi",
        "animeRomaji": "Zan Sayonara Zetsubou Sensei Bangai-chi",
        "songName": "Kurayami Shinchuu Soushisouai",
        "artist": "Hiroshi Kamiya",
        "type": "Ending 2",
        "correctCount": 10,
        "startTime": 58,
        "songDuration": 87.96,
        "songNumber": 51,
        "activePlayerCount": 236,
        "LinkVideo": "https://files.catbox.moe/3meg86.webm",
        "LinkMp3": "https://files.catbox.moe/q9yrae.mp3",
        "annId": 11478,
        "songDifficulty": 20.70487740859684,
        "vintage": "Fall 2009"
    },
    {
        "animeEng": "22/7 (Nanabun no Nijyuuni)",
        "animeRomaji": "22/7",
        "songName": "Moonlight",
        "artist": "Reina Miyase",
        "type": "Ending 8",
        "correctCount": 9,
        "startTime": 58,
        "songDuration": 88.68,
        "songNumber": 52,
        "activePlayerCount": 237,
        "LinkVideo": "https://files.catbox.moe/xbef44.webm",
        "LinkMp3": "https://files.catbox.moe/dnvov2.mp3",
        "annId": 22353,
        "songDifficulty": 24.84586875524769,
        "vintage": "Winter 2020"
    },
    {
        "animeEng": "Fullmetal Alchemist: Brotherhood",
        "animeRomaji": "Hagane no Renkinjutsushi: Brotherhood",
        "songName": "Uso",
        "artist": "SID",
        "type": "Ending 1",
        "correctCount": 139,
        "startTime": 14,
        "songDuration": 89.28,
        "songNumber": 53,
        "activePlayerCount": 236,
        "LinkVideo": "https://files.catbox.moe/h1m5i4.webm",
        "LinkMp3": "https://files.catbox.moe/qhq239.mp3",
        "annId": 10216,
        "songDifficulty": 43.36642314624099,
        "vintage": "Spring 2009"
    },
    {
        "animeEng": "Glass no Kamen Desu ga",
        "animeRomaji": "Glass no Kamen Desu ga",
        "songName": "Glass Masquerade",
        "artist": "Mayumi Gojou",
        "type": "Ending 2",
        "correctCount": 0,
        "startTime": 23,
        "songDuration": 59.376,
        "songNumber": 54,
        "activePlayerCount": 237,
        "LinkVideo": "https://files.catbox.moe/lc33dp.webm",
        "LinkMp3": "https://files.catbox.moe/7kx2jo.mp3",
        "annId": 15135,
        "songDifficulty": 15.485074626865671,
        "vintage": "Spring 2013"
    },
    {
        "animeEng": "My Teen Romantic Comedy SNAFU TOO!",
        "animeRomaji": "Oregairu Zoku",
        "songName": "Yukitoki",
        "artist": "Nagi Yanagi",
        "type": "Insert Song",
        "correctCount": 175,
        "startTime": 91,
        "songDuration": 162.12,
        "songNumber": 55,
        "activePlayerCount": 237,
        "LinkVideo": "https://files.catbox.moe/ax756s.webm",
        "LinkMp3": "https://files.catbox.moe/z8t7ci.mp3",
        "annId": 16329,
        "songDifficulty": 55.030736378931024,
        "vintage": "Spring 2015"
    },
    {
        "animeEng": "Odd Taxi",
        "animeRomaji": "Odd Taxi",
        "songName": "Choujou Koi Genshou",
        "artist": "Mystery Kiss",
        "type": "Insert Song",
        "correctCount": 24,
        "startTime": 8,
        "songDuration": 99.696,
        "songNumber": 56,
        "activePlayerCount": 237,
        "LinkVideo": "https://files.catbox.moe/oa52et.webm",
        "LinkMp3": "https://files.catbox.moe/hans08.mp3",
        "annId": 23921,
        "songDifficulty": 19.379447547990402,
        "vintage": "Spring 2021"
    },
    {
        "animeEng": "Parappa the Rapper",
        "animeRomaji": "PaRappa Rappa",
        "songName": "SCHOOL GIRL",
        "artist": "BENNIE K",
        "type": "Ending 1",
        "correctCount": 9,
        "startTime": 16,
        "songDuration": 88.128,
        "songNumber": 57,
        "activePlayerCount": 237,
        "LinkVideo": "https://files.catbox.moe/cei61x.webm",
        "LinkMp3": "https://files.catbox.moe/kxs565.mp3",
        "annId": 1950,
        "songDifficulty": 12.133715660743464,
        "vintage": "Spring 2001"
    },
    {
        "animeEng": "A Whisker Away",
        "animeRomaji": "Nakitai Watashi wa Neko o Kaburu",
        "songName": "Yako",
        "artist": "Yorushika",
        "type": "Insert Song",
        "correctCount": 72,
        "startTime": 53,
        "songDuration": 88.416,
        "songNumber": 58,
        "activePlayerCount": 238,
        "LinkVideo": "https://files.catbox.moe/kc5chr.webm",
        "LinkMp3": "https://files.catbox.moe/zy2i9w.mp3",
        "annId": 23007,
        "songDifficulty": 30.856292170777106,
        "vintage": "Spring 2020"
    },
    {
        "animeEng": "Princess Comet",
        "animeRomaji": "Cosmic Baton Girl Comet-san",
        "songName": "Hoshi no Parade\u2606",
        "artist": "Sayuri Tanaka",
        "type": "Ending 2",
        "correctCount": 2,
        "startTime": 35,
        "songDuration": 89.52,
        "songNumber": 59,
        "activePlayerCount": 239,
        "LinkVideo": "https://files.catbox.moe/3owjdl.webm",
        "LinkMp3": "https://files.catbox.moe/c3z8wc.mp3",
        "annId": 1195,
        "songDifficulty": 7.6362770482113485,
        "vintage": "Spring 2001",
        "correctPlayers": [
            "BlitznBurst",
            "kaghey"
        ]
    },
    {
        "animeEng": "Gekijouban selector destructed WIXOSS",
        "animeRomaji": "Gekijouban selector destructed WIXOSS",
        "songName": "Love your enemies",
        "artist": "Kanon Wakeshima",
        "type": "Ending 1",
        "correctCount": 23,
        "startTime": 123,
        "songDuration": 248.208,
        "songNumber": 60,
        "activePlayerCount": 239,
        "LinkVideo": "https://files.catbox.moe/8zr9s2.webm",
        "LinkMp3": "https://files.catbox.moe/7sbuz2.mp3",
        "annId": 17349,
        "songDifficulty": 21.786217821125266,
        "vintage": "Winter 2016"
    },
    {
        "animeEng": "World Trigger",
        "animeRomaji": "World Trigger",
        "songName": "Force",
        "artist": "TOMORROW X TOGETHER",
        "type": "Opening 1",
        "correctCount": 73,
        "startTime": 6,
        "songDuration": 89.64,
        "songNumber": 61,
        "activePlayerCount": 238,
        "LinkVideo": "https://files.catbox.moe/v0arh8.webm",
        "LinkMp3": "https://files.catbox.moe/cd0l7x.mp3",
        "annId": 23782,
        "songDifficulty": 27.580043682252064,
        "vintage": "Winter 2021"
    },
    {
        "animeEng": "Parasyte: The Maxim",
        "animeRomaji": "Kiseijuu: Sei no Kakuritsu",
        "songName": "Let Me Hear",
        "artist": "Fear, and Loathing in Las Vegas",
        "type": "Opening 1",
        "correctCount": 207,
        "startTime": 9,
        "songDuration": 89.496,
        "songNumber": 62,
        "activePlayerCount": 237,
        "LinkVideo": "https://files.catbox.moe/spq586.webm",
        "LinkMp3": "https://files.catbox.moe/v0eseu.mp3",
        "annId": 15855,
        "songDifficulty": 58.48701671891327,
        "vintage": "Fall 2014"
    },
    {
        "animeEng": "One Punch Man",
        "animeRomaji": "One Punch Man",
        "songName": "Saitama no One-Punch Ondo",
        "artist": "Makoto Furukawa",
        "type": "Ending 1",
        "correctCount": 106,
        "startTime": 49,
        "songDuration": 93.696,
        "songNumber": 63,
        "activePlayerCount": 236,
        "LinkVideo": "https://files.catbox.moe/da575n.webm",
        "LinkMp3": "https://files.catbox.moe/69psex.mp3",
        "annId": 17988,
        "songDifficulty": 43.91597427375677,
        "vintage": "Fall 2015"
    },
    {
        "animeEng": "Ponyo on the Cliff by the Sea",
        "animeRomaji": "Gake no Ue no Ponyo",
        "songName": "Gake no Ue no Ponyo",
        "artist": "Fujioka Fujimaki & Nozomi Oohashi",
        "type": "Ending 1",
        "correctCount": 203,
        "startTime": 57,
        "songDuration": 91.968,
        "songNumber": 64,
        "activePlayerCount": 235,
        "LinkVideo": "https://files.catbox.moe/klxepk.webm",
        "LinkMp3": "https://files.catbox.moe/y6ewfp.mp3",
        "annId": 7814,
        "songDifficulty": 48.921672413793104,
        "vintage": "Summer 2008"
    },
    {
        "animeEng": "Star Ocean EX",
        "animeRomaji": "Star Ocean EX",
        "songName": "Hearts",
        "artist": "Saori Nishihata",
        "type": "Ending 1",
        "correctCount": 8,
        "startTime": 58,
        "songDuration": 91.061292,
        "songNumber": 65,
        "activePlayerCount": 235,
        "LinkVideo": "https://files.catbox.moe/i6arfs.webm",
        "LinkMp3": "https://files.catbox.moe/4z2zkp.mp3",
        "annId": 796,
        "songDifficulty": 9.79921750066631,
        "vintage": "Spring 2001"
    },
    {
        "animeEng": "Shakugan no Shana Movie",
        "animeRomaji": "Shakugan no Shana Movie",
        "songName": "Akai Namida",
        "artist": "Mami Kawada",
        "type": "Insert Song",
        "correctCount": 41,
        "startTime": 112,
        "songDuration": 150.528,
        "songNumber": 66,
        "activePlayerCount": 235,
        "LinkVideo": "https://files.catbox.moe/fqejst.webm",
        "LinkMp3": "https://files.catbox.moe/teebd2.mp3",
        "annId": 6428,
        "songDifficulty": 24.21576922472334,
        "vintage": "Spring 2007"
    },
    {
        "animeEng": "Little Goblin",
        "animeRomaji": "Kaibutsu-kun",
        "songName": "Ore wa Kaibutsu-kun Da",
        "artist": "Fuyumi Shiraishi",
        "type": "Opening 1",
        "correctCount": 47,
        "startTime": 7,
        "songDuration": 50.885656,
        "songNumber": 67,
        "activePlayerCount": 234,
        "LinkVideo": "https://files.catbox.moe/b09mxr.webm",
        "LinkMp3": "https://files.catbox.moe/f3leb8.mp3",
        "annId": 1850,
        "songDifficulty": 29.967134683098593,
        "vintage": "Spring 1968"
    },
    {
        "animeEng": "Pipopapo Patrol-kun",
        "animeRomaji": "Pipopapo Patrol-kun",
        "songName": "Himawari Town wa Utau Town",
        "artist": "Mami Kingetsu, Chika Sakamoto, Eriko Kawasaki, Kumiko Nishihara, Keiichi Sonobe, Takumi Yamazaki, Tomohiro Nishimura, Masaya Onosaka, Yasuhiko Tokuyama, Yasuhiko Kawazu, Akiko Nakagawa, Keiko Yamamoto, Miwa Matsumoto, Taiki Matsuno",
        "type": "Insert Song",
        "correctCount": 3,
        "startTime": 54,
        "songDuration": 172.056,
        "songNumber": 68,
        "activePlayerCount": 235,
        "LinkVideo": "https://files.catbox.moe/ih4yu6.webm",
        "LinkMp3": "https://files.catbox.moe/ltuo48.mp3",
        "annId": 3589,
        "songDifficulty": 4.30212603282536,
        "vintage": "Fall 2000",
        "correctPlayers": [
            "90s",
            "qwertykiller99",
            "Bai"
        ]
    },
    {
        "animeEng": "Gu-Gu Ganmo",
        "animeRomaji": "Gu-Gu Ganmo",
        "songName": "Ganmo Doki!",
        "artist": "Suzie Matsubara",
        "type": "Opening 1",
        "correctCount": 8,
        "startTime": 17,
        "songDuration": 85.392,
        "songNumber": 69,
        "activePlayerCount": 234,
        "LinkVideo": "https://files.catbox.moe/rt3307.webm",
        "LinkMp3": "https://files.catbox.moe/dezlwi.mp3",
        "annId": 1489,
        "songDifficulty": 7.9771460874832885,
        "vintage": "Winter 1984"
    },
    {
        "animeEng": "Komi Can't Communicate",
        "animeRomaji": "Komi-san wa Comyushou desu.",
        "songName": "Cinderella",
        "artist": "Cidergirl",
        "type": "Opening 1",
        "correctCount": 151,
        "startTime": 1,
        "songDuration": 88.824,
        "songNumber": 70,
        "activePlayerCount": 234,
        "LinkVideo": "https://files.catbox.moe/3bt996.webm",
        "LinkMp3": "https://files.catbox.moe/a3ec1i.mp3",
        "annId": 24369,
        "songDifficulty": 42.44236072633859,
        "vintage": "Fall 2021"
    },
    {
        "animeEng": "Cardfight!! Vanguard: Link Joker-hen",
        "animeRomaji": "Cardfight!! Vanguard: Link Joker-hen",
        "songName": "Yume Yume Express",
        "artist": "Milky Holmes",
        "type": "Ending 2",
        "correctCount": 3,
        "startTime": 12,
        "songDuration": 88.032,
        "songNumber": 71,
        "activePlayerCount": 235,
        "LinkVideo": "https://files.catbox.moe/8ru3t4.webm",
        "LinkMp3": "https://files.catbox.moe/5j3m52.mp3",
        "annId": 14949,
        "songDifficulty": 8.070668152503794,
        "vintage": "Winter 2013",
        "correctPlayers": [
            "FUCK_AMQ",
            "YouBestWaifu",
            "Noru"
        ]
    },
    {
        "animeEng": "Pretty Rhythm All Star Selection: Prism Show Best Ten",
        "animeRomaji": "Pretty Rhythm All Star Selection: Prism Show Best Ten",
        "songName": "You May Dream ~Mission Successful Mix 2014~",
        "artist": "LISP",
        "type": "Ending 1",
        "correctCount": 4,
        "startTime": 143,
        "songDuration": 224.136,
        "songNumber": 72,
        "activePlayerCount": 235,
        "LinkVideo": "https://files.catbox.moe/r342nv.webm",
        "LinkMp3": "https://files.catbox.moe/ot79zw.mp3",
        "annId": 15887,
        "songDifficulty": 13.1693854414468,
        "vintage": "Winter 2014",
        "correctPlayers": [
            "90s",
            "kaghey",
            "Bai",
            "theyingster"
        ]
    },
    {
        "animeEng": "The iDOLM@STER SideM Wake Atte Mini!",
        "animeRomaji": "The iDOLM@STER SideM Wake Atte Mini!",
        "songName": "LET'S GO!!",
        "artist": "315 STARS (Physical Ver.)",
        "type": "Ending 2",
        "correctCount": 6,
        "startTime": 0,
        "songDuration": 29.622348,
        "songNumber": 73,
        "activePlayerCount": 235,
        "LinkVideo": "https://files.catbox.moe/irjx9g.webm",
        "LinkMp3": "https://files.catbox.moe/rbgv60.mp3",
        "annId": 21309,
        "songDifficulty": 12.236082578574855,
        "vintage": "Fall 2018"
    },
    {
        "animeEng": "The Fantastic Adventures of Unico",
        "animeRomaji": "The Fantastic Adventures of Unico",
        "songName": "Unico's Theme",
        "artist": "Iruka",
        "type": "Insert Song",
        "correctCount": 40,
        "startTime": 34,
        "songDuration": 63.888,
        "songNumber": 74,
        "activePlayerCount": 235,
        "LinkVideo": "https://files.catbox.moe/oikg4p.webm",
        "LinkMp3": "https://files.catbox.moe/aa1zvp.mp3",
        "annId": 628,
        "songDifficulty": 30.77651649664256,
        "vintage": "Winter 1981"
    },
    {
        "animeEng": "Senki Zesshou Symphogear AXZ",
        "animeRomaji": "Senki Zesshou Symphogear AXZ",
        "songName": "Senritsu Sorority",
        "artist": "Yoko Hikasa, Yoshino Nanjou, Ai Kayano",
        "type": "Insert Song",
        "correctCount": 43,
        "startTime": 29,
        "songDuration": 235.896,
        "songNumber": 75,
        "activePlayerCount": 235,
        "LinkVideo": "https://files.catbox.moe/16xczx.webm",
        "LinkMp3": "https://files.catbox.moe/gfgdox.mp3",
        "annId": 19724,
        "songDifficulty": 29.832399764150942,
        "vintage": "Summer 2017"
    },
    {
        "animeEng": "The Slayers",
        "animeRomaji": "The Slayers",
        "songName": "Get along",
        "artist": "Masami Okui & Megumi Hayashibara",
        "type": "Opening 1",
        "correctCount": 43,
        "startTime": 2,
        "songDuration": 94.56,
        "songNumber": 76,
        "activePlayerCount": 235,
        "LinkVideo": "https://files.catbox.moe/a8zdlz.webm",
        "LinkMp3": "https://files.catbox.moe/e8h56c.mp3",
        "annId": 657,
        "songDifficulty": 33.98797677701506,
        "vintage": "Spring 1995"
    },
    {
        "animeEng": "Re:Creators",
        "animeRomaji": "Re:Creators",
        "songName": "oldToday",
        "artist": "SawanoHiroyuki[nZk]:mizuki",
        "type": "Insert Song",
        "correctCount": 13,
        "startTime": 6,
        "songDuration": 59.76,
        "songNumber": 77,
        "activePlayerCount": 235,
        "LinkVideo": "https://files.catbox.moe/je8b5j.webm",
        "LinkMp3": "https://files.catbox.moe/uu1r49.mp3",
        "annId": 18943,
        "songDifficulty": 18.64034683022145,
        "vintage": "Spring 2017"
    },
    {
        "animeEng": "Liz and the Blue Bird",
        "animeRomaji": "Liz to Aoi Tori",
        "songName": "Liz to Aoi Tori",
        "artist": "Freshman Wind Ensemble",
        "type": "Insert Song",
        "correctCount": 63,
        "startTime": 35,
        "songDuration": 203.904,
        "songNumber": 78,
        "activePlayerCount": 235,
        "LinkVideo": "https://files.catbox.moe/0etykm.webm",
        "LinkMp3": "https://files.catbox.moe/ax9kol.mp3",
        "annId": 20444,
        "songDifficulty": 36.517489231144346,
        "vintage": "Spring 2018"
    },
    {
        "animeEng": "Dragon Age: Dawn of the Seeker",
        "animeRomaji": "Dragon Age: Blood Mage no Seisen",
        "songName": "Inside out",
        "artist": "Nothing's Carved In Stone",
        "type": "Insert Song",
        "correctCount": 20,
        "startTime": 9,
        "songDuration": 41.304,
        "songNumber": 79,
        "activePlayerCount": 236,
        "LinkVideo": "https://files.catbox.moe/ggorc1.webm",
        "LinkMp3": "https://files.catbox.moe/tmtty1.mp3",
        "annId": 13604,
        "songDifficulty": 9.257507712977707,
        "vintage": "Winter 2012"
    },
    {
        "animeEng": "Over Drive",
        "animeRomaji": "Over Drive",
        "songName": "WINDER ~Boku wa Koko ni Iru~",
        "artist": "Shonen Kamikaze",
        "type": "Opening 1",
        "correctCount": 22,
        "startTime": 22,
        "songDuration": 91.975562,
        "songNumber": 80,
        "activePlayerCount": 236,
        "LinkVideo": "https://files.catbox.moe/53q2fx.webm",
        "LinkMp3": "https://files.catbox.moe/8j33fa.mp3",
        "annId": 7629,
        "songDifficulty": 16.77458356662934,
        "vintage": "Spring 2007"
    },
    {
        "animeEng": "Kud Wafter",
        "animeRomaji": "Kud Wafter",
        "songName": "Hoshimori Uta",
        "artist": "Naomi Wakabayashi",
        "type": "Insert Song",
        "correctCount": 11,
        "startTime": 23,
        "songDuration": 120.048,
        "songNumber": 81,
        "activePlayerCount": 236,
        "LinkVideo": "https://files.catbox.moe/brs3w4.webm",
        "LinkMp3": "https://files.catbox.moe/vlp1dd.mp3",
        "annId": 23859,
        "songDifficulty": 16.236665364583335,
        "vintage": "Fall 2020"
    },
    {
        "animeEng": "Island",
        "animeRomaji": "Island",
        "songName": "Eien no Hitotsu",
        "artist": "Yukari Tamura",
        "type": "Opening 1",
        "correctCount": 45,
        "startTime": 34,
        "songDuration": 89.064,
        "songNumber": 82,
        "activePlayerCount": 236,
        "LinkVideo": "https://files.catbox.moe/vdvhdd.webm",
        "LinkMp3": "https://files.catbox.moe/atjfsd.mp3",
        "annId": 18175,
        "songDifficulty": 26.279093626114964,
        "vintage": "Summer 2018"
    },
    {
        "animeEng": "At The Mercy of The Sky",
        "animeRomaji": "Sora no Manimani",
        "songName": "Hoshikuzu no Surround",
        "artist": "CooRie",
        "type": "Ending 1",
        "correctCount": 5,
        "startTime": 54,
        "songDuration": 89.064,
        "songNumber": 83,
        "activePlayerCount": 236,
        "LinkVideo": "https://files.catbox.moe/idbfzk.webm",
        "LinkMp3": "https://files.catbox.moe/abacdg.mp3",
        "annId": 10652,
        "songDifficulty": 14.81395792478492,
        "vintage": "Summer 2009",
        "correctPlayers": [
            "Gianlu310",
            "watashiii",
            "Hejsan",
            "yamagucci",
            "Bai"
        ]
    },
    {
        "animeEng": "Himitsu no Akko-chan",
        "animeRomaji": "Himitsu no Akko-chan",
        "songName": "Himitsu no Akko-chan",
        "artist": "Mitsuko Horie",
        "type": "Opening 1",
        "correctCount": 101,
        "startTime": 0,
        "songDuration": 63.398094,
        "songNumber": 84,
        "activePlayerCount": 236,
        "LinkVideo": "https://files.catbox.moe/7r9lnh.webm",
        "LinkMp3": "https://files.catbox.moe/tt1dtg.mp3",
        "annId": 2004,
        "songDifficulty": 36.19016413643533,
        "vintage": "Fall 1988"
    },
    {
        "animeEng": "House of Five Leaves",
        "animeRomaji": "Sarai-ya Goyou",
        "songName": "all I need is...",
        "artist": "Rake",
        "type": "Ending 1",
        "correctCount": 14,
        "startTime": 40,
        "songDuration": 88.824,
        "songNumber": 85,
        "activePlayerCount": 231,
        "LinkVideo": "https://files.catbox.moe/zx58ff.webm",
        "LinkMp3": "https://files.catbox.moe/6hq371.mp3",
        "annId": 11176,
        "songDifficulty": 13.980940132627504,
        "vintage": "Spring 2010"
    }
]