[
    {
        "animeEng": "The Millionaire Detective: Balance: Unlimited",
        "animeRomaji": "Fugou Keiji Balance: Unlimited",
        "songName": "Welcome My Friend",
        "artist": "OKAMOTO'S",
        "type": "Ending 1",
        "correctCount": 49,
        "startTime": 26,
        "songDuration": 89.256,
        "songNumber": 1,
        "activePlayerCount": 112,
        "LinkVideo": "https://files.catbox.moe/qj12cw.webm",
        "LinkMp3": "https://files.catbox.moe/mwd2jp.mp3",
        "annId": 22980,
        "songDifficulty": 36.53786844978166,
        "vintage": "Spring 2020"
    },
    {
        "animeEng": "Yuki Yuna is a Hero: The Hero Chapter",
        "animeRomaji": "Yuuki Yuuna wa Yuusha de Aru: Yuusha no Shou",
        "songName": "Yuusha-tachi no Lullaby",
        "artist": "Sanshuu Chuugaku Yuusha-bu",
        "type": "Ending 1",
        "correctCount": 17,
        "startTime": 26,
        "songDuration": 88.56,
        "songNumber": 2,
        "activePlayerCount": 120,
        "LinkVideo": "https://files.catbox.moe/9c4a9j.webm",
        "LinkMp3": "https://files.catbox.moe/12ejvo.mp3",
        "annId": 20285,
        "songDifficulty": 19.928411285871963,
        "vintage": "Fall 2017"
    },
    {
        "animeEng": "Code Geass: Akito the Exiled",
        "animeRomaji": "Code Geass: Boukoku no Akito",
        "songName": "More Than Words",
        "artist": "Maaya Sakamoto",
        "type": "Ending 1",
        "correctCount": 7,
        "startTime": 68,
        "songDuration": 236.544,
        "songNumber": 3,
        "activePlayerCount": 122,
        "LinkVideo": "https://files.catbox.moe/uezn4o.webm",
        "LinkMp3": "https://files.catbox.moe/efq7p0.mp3",
        "annId": 13450,
        "songDifficulty": 15.60389606910151,
        "vintage": "Summer 2012"
    },
    {
        "animeEng": "Someone's Gaze",
        "animeRomaji": "Dareka no Manazashi",
        "songName": "Sore de Ii yo",
        "artist": "Kazusa",
        "type": "Ending 1",
        "correctCount": 14,
        "startTime": 72,
        "songDuration": 113.928,
        "songNumber": 4,
        "activePlayerCount": 127,
        "LinkVideo": "https://files.catbox.moe/fdixvi.webm",
        "LinkMp3": "https://files.catbox.moe/usf6h9.mp3",
        "annId": 15115,
        "songDifficulty": 12.066588146053501,
        "vintage": "Winter 2013"
    },
    {
        "animeEng": "Okami-san and Her Seven Companions",
        "animeRomaji": "Ookami-san to Shichinin no Nakama-tachi",
        "songName": "Akazukin-chan Goyoujin",
        "artist": "OToGi8",
        "type": "Ending 1",
        "correctCount": 6,
        "startTime": 17,
        "songDuration": 88.848,
        "songNumber": 5,
        "activePlayerCount": 128,
        "LinkVideo": "https://files.catbox.moe/bqvaqa.webm",
        "LinkMp3": "https://files.catbox.moe/i20tq0.mp3",
        "annId": 11221,
        "songDifficulty": 15.712213530339278,
        "vintage": "Summer 2010"
    },
    {
        "animeEng": "The Ones Within",
        "animeRomaji": "Naka no Hito Genome [Jikkyouchuu]",
        "songName": "not GAME",
        "artist": "Tasuku Hatanaka",
        "type": "Opening 1",
        "correctCount": 26,
        "startTime": 3,
        "songDuration": 89.04,
        "songNumber": 6,
        "activePlayerCount": 130,
        "LinkVideo": "https://files.catbox.moe/940u2o.webm",
        "LinkMp3": "https://files.catbox.moe/4yzd13.mp3",
        "annId": 23076,
        "songDifficulty": 25.198207720588236,
        "vintage": "Winter 2020"
    },
    {
        "animeEng": "Crayon Shin-chan: Densetsu o Yobu Odore! Amigo!",
        "animeRomaji": "Crayon Shin-chan: Densetsu o Yobu Odore! Amigo!",
        "songName": "Yuru Yuru DE-O!",
        "artist": "Akiko Yajima",
        "type": "Opening 1",
        "correctCount": 112,
        "startTime": 32,
        "songDuration": 60.576,
        "songNumber": 7,
        "activePlayerCount": 130,
        "LinkVideo": "https://files.catbox.moe/y4st9i.webm",
        "LinkMp3": "https://files.catbox.moe/hblu4o.mp3",
        "annId": 6750,
        "songDifficulty": 47.07216352681602,
        "vintage": "Spring 2006"
    },
    {
        "animeEng": "Ajin: Demi-Human",
        "animeRomaji": "Ajin",
        "songName": "Boku wa Boku de Atte",
        "artist": "angela x fripSide",
        "type": "Opening 1",
        "correctCount": 50,
        "startTime": 42,
        "songDuration": 89.04,
        "songNumber": 8,
        "activePlayerCount": 130,
        "LinkVideo": "https://files.catbox.moe/61fsj7.webm",
        "LinkMp3": "https://files.catbox.moe/gma1m7.mp3",
        "annId": 18466,
        "songDifficulty": 19.9608442358412,
        "vintage": "Fall 2016"
    },
    {
        "animeEng": "Ultimate Otaku Teacher",
        "animeRomaji": "Denpa Kyoushi: He Is an Ultimate Teacher",
        "songName": "MY ONLY ONE",
        "artist": "9nine",
        "type": "Ending 2",
        "correctCount": 5,
        "startTime": 4,
        "songDuration": 88.056,
        "songNumber": 9,
        "activePlayerCount": 132,
        "LinkVideo": "https://files.catbox.moe/w1ylza.webm",
        "LinkMp3": "https://files.catbox.moe/9opina.mp3",
        "annId": 16723,
        "songDifficulty": 10.951286659205694,
        "vintage": "Spring 2015",
        "correctPlayers": [
            "IzumiSakai",
            "Bobocan",
            "Rukawa11",
            "Chimera",
            "Gianlu310"
        ]
    },
    {
        "animeEng": "Kuruneko",
        "animeRomaji": "Kuruneko",
        "songName": "Beautiful Day",
        "artist": "Vivian Hsu",
        "type": "Opening 1",
        "correctCount": 18,
        "startTime": 0,
        "songDuration": 19.44,
        "songNumber": 10,
        "activePlayerCount": 132,
        "LinkVideo": "https://files.catbox.moe/nikqma.webm",
        "LinkMp3": "https://files.catbox.moe/nt2rur.mp3",
        "annId": 10914,
        "songDifficulty": 13.805051061665276,
        "vintage": "Summer 2009"
    },
    {
        "animeEng": "BECK: Mongolian Chop Squad",
        "animeRomaji": "BECK: Mongolian Chop Squad",
        "songName": "SPICE OF LIFE",
        "artist": "Kazuya Hirabayashi & TATSUZO",
        "type": "Insert Song",
        "correctCount": 22,
        "startTime": 16,
        "songDuration": 83.616522,
        "songNumber": 11,
        "activePlayerCount": 133,
        "LinkVideo": "https://files.catbox.moe/us5ba4.webm",
        "LinkMp3": "https://files.catbox.moe/3flaxp.mp3",
        "annId": 4404,
        "songDifficulty": 31.620619963952503,
        "vintage": "Fall 2004"
    },
    {
        "animeEng": "Aooni The Blue Monster",
        "animeRomaji": "Ao Oni: The Animation",
        "songName": "Kimi koso Ao Oni",
        "artist": "Machigerita (from Book of Magic)",
        "type": "Ending 1",
        "correctCount": 105,
        "startTime": 0,
        "songDuration": 25.704,
        "songNumber": 12,
        "activePlayerCount": 134,
        "LinkVideo": "https://files.catbox.moe/p6x6qr.webm",
        "LinkMp3": "https://files.catbox.moe/f3crso.mp3",
        "annId": 18694,
        "songDifficulty": 39.85958556282204,
        "vintage": "Fall 2016"
    },
    {
        "animeEng": "School Rumble: 2nd Semester",
        "animeRomaji": "School Rumble Ni Gakki",
        "songName": "Kono Namida ga Arukara Tsugi no Ippo to Naru",
        "artist": "Ami Tokito",
        "type": "Ending 1",
        "correctCount": 4,
        "startTime": 33,
        "songDuration": 89.088,
        "songNumber": 13,
        "activePlayerCount": 135,
        "LinkVideo": "https://files.catbox.moe/7c0pm9.webm",
        "LinkMp3": "https://files.catbox.moe/3pyqua.mp3",
        "annId": 6375,
        "songDifficulty": 14.728182462832551,
        "vintage": "Spring 2006",
        "correctPlayers": [
            "weavedheart",
            "koroshiya",
            "ArronChu",
            "Momiko"
        ]
    },
    {
        "animeEng": "Bottom-Tier Character Tomozaki",
        "animeRomaji": "Jaku-Chara Tomozaki-kun",
        "songName": "Ayafuwa Asterisk",
        "artist": "DIALOGUE+",
        "type": "Ending 1",
        "correctCount": 79,
        "startTime": 20,
        "songDuration": 89.112,
        "songNumber": 14,
        "activePlayerCount": 136,
        "LinkVideo": "https://files.catbox.moe/bpi050.webm",
        "LinkMp3": "https://files.catbox.moe/epa0ad.mp3",
        "annId": 23783,
        "songDifficulty": 32.81686797108102,
        "vintage": "Winter 2021"
    },
    {
        "animeEng": "Dirty Pair: Affair on Nolandia",
        "animeRomaji": "Dirty Pair no Ooshoubu: Nolandia no Nazo",
        "songName": "Ai everlasting",
        "artist": "Yasuko Maki",
        "type": "Ending 1",
        "correctCount": 2,
        "startTime": 25,
        "songDuration": 156.24,
        "songNumber": 15,
        "activePlayerCount": 137,
        "LinkVideo": "https://files.catbox.moe/8j34rr.webm",
        "LinkMp3": "https://files.catbox.moe/thvl1j.mp3",
        "annId": 592,
        "songDifficulty": 5.727989054069244,
        "vintage": "Fall 1985",
        "correctPlayers": [
            "MammyKezzy",
            "scrambled"
        ]
    },
    {
        "animeEng": "One Piece Episode of Merry: Mou Hitori no Nakama no Monogatari",
        "animeRomaji": "One Piece Episode of Merry: Mou Hitori no Nakama no Monogatari",
        "songName": "Horizon Knot~Kimi to Miteta Yume",
        "artist": "TRIPLANE",
        "type": "Insert Song",
        "correctCount": 1,
        "startTime": 174,
        "songDuration": 243.06521,
        "songNumber": 16,
        "activePlayerCount": 138,
        "LinkVideo": "https://files.catbox.moe/sb9aky.webm",
        "LinkMp3": "https://files.catbox.moe/dyglr1.mp3",
        "annId": 15396,
        "songDifficulty": 5.809189776985013,
        "vintage": "Summer 2013",
        "correctPlayers": [
            "Sinanju"
        ]
    },
    {
        "animeEng": "No Game No Life",
        "animeRomaji": "No Game No Life",
        "songName": "Onegai\u2606Snyaiper",
        "artist": "Miyuki Sawashiro",
        "type": "Opening 2",
        "correctCount": 102,
        "startTime": 3,
        "songDuration": 88.68,
        "songNumber": 17,
        "activePlayerCount": 138,
        "LinkVideo": "https://files.catbox.moe/pm2xg1.webm",
        "LinkMp3": "https://files.catbox.moe/0fa9oc.mp3",
        "annId": 15784,
        "songDifficulty": 33.470112302195,
        "vintage": "Spring 2014"
    },
    {
        "animeEng": "Fate/stay night",
        "animeRomaji": "Fate/stay night",
        "songName": "Anata ga Ita Mori",
        "artist": "Jyukai",
        "type": "Ending 1",
        "correctCount": 26,
        "startTime": 59,
        "songDuration": 89.136,
        "songNumber": 18,
        "activePlayerCount": 138,
        "LinkVideo": "https://files.catbox.moe/0mr1fc.webm",
        "LinkMp3": "https://files.catbox.moe/7j4hao.mp3",
        "annId": 5394,
        "songDifficulty": 15.89393994450317,
        "vintage": "Fall 2005"
    },
    {
        "animeEng": "The Magic of Chocolate",
        "animeRomaji": "Chocolat no Mahou",
        "songName": "HOLD!",
        "artist": "Rina Isaku",
        "type": "Insert Song",
        "correctCount": 2,
        "startTime": 0,
        "songDuration": 21.528,
        "songNumber": 19,
        "activePlayerCount": 139,
        "LinkVideo": "https://files.catbox.moe/o6dksc.webm",
        "LinkMp3": "https://files.catbox.moe/587xre.mp3",
        "annId": 12566,
        "songDifficulty": 9.462796783447265,
        "vintage": "Winter 2011",
        "correctPlayers": [
            "Ullei",
            "gaaw"
        ]
    },
    {
        "animeEng": "Strike Witches 2",
        "animeRomaji": "Strike Witches 2",
        "songName": "Over Sky",
        "artist": "Misato Fukuen, Chiwa Saito, Ami Koshimizu",
        "type": "Ending 5",
        "correctCount": 28,
        "startTime": 51,
        "songDuration": 89.976,
        "songNumber": 20,
        "activePlayerCount": 139,
        "LinkVideo": "https://files.catbox.moe/vrtwbb.webm",
        "LinkMp3": "https://files.catbox.moe/nrnliq.mp3",
        "annId": 11313,
        "songDifficulty": 30.92490985576923,
        "vintage": "Summer 2010"
    },
    {
        "animeEng": "The Promised Neverland",
        "animeRomaji": "Yakusoku no Neverland",
        "songName": "Touch off",
        "artist": "UVERworld",
        "type": "Opening 1",
        "correctCount": 112,
        "startTime": 5,
        "songDuration": 89.568,
        "songNumber": 21,
        "activePlayerCount": 139,
        "LinkVideo": "https://files.catbox.moe/dpymb3.webm",
        "LinkMp3": "https://files.catbox.moe/bij29k.mp3",
        "annId": 21552,
        "songDifficulty": 57.653468278740924,
        "vintage": "Winter 2019"
    },
    {
        "animeEng": "Azumanga Daioh",
        "animeRomaji": "Azumanga Daioh",
        "songName": "Soramimi Cake",
        "artist": "Oranges & Lemons",
        "type": "Opening 1",
        "correctCount": 80,
        "startTime": 41,
        "songDuration": 88.944,
        "songNumber": 22,
        "activePlayerCount": 138,
        "LinkVideo": "https://files.catbox.moe/uhdwfr.webm",
        "LinkMp3": "https://files.catbox.moe/kfu0be.mp3",
        "annId": 799,
        "songDifficulty": 41.75985923685435,
        "vintage": "Spring 2002"
    },
    {
        "animeEng": "To LOVE-Ru Darkness",
        "animeRomaji": "To LOVE-Ru Darkness",
        "songName": "Rakuen PROJECT",
        "artist": "Ray",
        "type": "Opening 1",
        "correctCount": 71,
        "startTime": 30,
        "songDuration": 90.121438,
        "songNumber": 23,
        "activePlayerCount": 139,
        "LinkVideo": "https://files.catbox.moe/r706tc.webm",
        "LinkMp3": "https://files.catbox.moe/jwvtnc.mp3",
        "annId": 14209,
        "songDifficulty": 28.203260156693137,
        "vintage": "Fall 2012"
    },
    {
        "animeEng": "Beyond the Boundary: I'll Be Here - Past",
        "animeRomaji": "Gekijouban Kyoukai no Kanata: I'll Be Here - Kako-hen",
        "songName": "Kyoukai no Kanata",
        "artist": "Minori Chihara",
        "type": "Insert Song",
        "correctCount": 127,
        "startTime": 40,
        "songDuration": 87.984,
        "songNumber": 24,
        "activePlayerCount": 140,
        "LinkVideo": "https://files.catbox.moe/tyh8r1.webm",
        "LinkMp3": "https://files.catbox.moe/adil6e.mp3",
        "annId": 16980,
        "songDifficulty": 52.11657065217391,
        "vintage": "Winter 2015"
    },
    {
        "animeEng": "Sound! Euphonium",
        "animeRomaji": "Hibike! Euphonium",
        "songName": "Jigoku no Orph\u00e9e",
        "artist": "Freshman Wind Ensemble",
        "type": "Insert Song",
        "correctCount": 80,
        "startTime": 12,
        "songDuration": 49.056,
        "songNumber": 25,
        "activePlayerCount": 140,
        "LinkVideo": "https://files.catbox.moe/5y99vj.webm",
        "LinkMp3": "https://files.catbox.moe/pg8tix.mp3",
        "annId": 16657,
        "songDifficulty": 55.821918521041475,
        "vintage": "Spring 2015"
    },
    {
        "animeEng": "The World God Only Knows: Goddesses Arc",
        "animeRomaji": "Kami nomi zo Shiru Sekai: Megami-hen",
        "songName": "With...You...",
        "artist": "Saori Hayami",
        "type": "Ending 8",
        "correctCount": 8,
        "startTime": 5,
        "songDuration": 86.04,
        "songNumber": 26,
        "activePlayerCount": 140,
        "LinkVideo": "https://files.catbox.moe/slmlzs.webm",
        "LinkMp3": "https://files.catbox.moe/z9gr2b.mp3",
        "annId": 15334,
        "songDifficulty": 6.39638671875,
        "vintage": "Summer 2013"
    },
    {
        "animeEng": "Freedom",
        "animeRomaji": "Freedom",
        "songName": "This Is Love",
        "artist": "Hikaru Utada",
        "type": "Opening 1",
        "correctCount": 32,
        "startTime": 26,
        "songDuration": 88.848,
        "songNumber": 27,
        "activePlayerCount": 138,
        "LinkVideo": "https://files.catbox.moe/fr5hh8.webm",
        "LinkMp3": "https://files.catbox.moe/azuvld.mp3",
        "annId": 6769,
        "songDifficulty": 18.836865234375,
        "vintage": "Fall 2006"
    },
    {
        "animeEng": "Ensemble Stars!",
        "animeRomaji": "EnStars",
        "songName": "Kiseki",
        "artist": "Trickstar & Eden",
        "type": "Opening 4",
        "correctCount": 28,
        "startTime": 41,
        "songDuration": 89.04,
        "songNumber": 28,
        "activePlayerCount": 139,
        "LinkVideo": "https://files.catbox.moe/3mv5e6.webm",
        "LinkMp3": "https://files.catbox.moe/tvbdil.mp3",
        "annId": 22259,
        "songDifficulty": 32.36854014967638,
        "vintage": "Summer 2019"
    },
    {
        "animeEng": "Haikyu!! To the Top",
        "animeRomaji": "Haikyu!! To the Top",
        "songName": "Toppakou",
        "artist": "SUPER BEAVER",
        "type": "Opening 1",
        "correctCount": 63,
        "startTime": 35,
        "songDuration": 88.728,
        "songNumber": 29,
        "activePlayerCount": 137,
        "LinkVideo": "https://files.catbox.moe/0fwzia.webm",
        "LinkMp3": "https://files.catbox.moe/jddxqj.mp3",
        "annId": 23165,
        "songDifficulty": 32.12107633025934,
        "vintage": "Fall 2020"
    },
    {
        "animeEng": "Yu-Gi-Oh! 5D's",
        "animeRomaji": "Yu-Gi-Oh! 5D's",
        "songName": "Close to you",
        "artist": "ALvino ~ALchemy vision normal~",
        "type": "Ending 4",
        "correctCount": 3,
        "startTime": 13,
        "songDuration": 88.92,
        "songNumber": 30,
        "activePlayerCount": 137,
        "LinkVideo": "https://files.catbox.moe/x65h4h.webm",
        "LinkMp3": "https://files.catbox.moe/zyjix2.mp3",
        "annId": 9404,
        "songDifficulty": 16.199286811605475,
        "vintage": "Spring 2008",
        "correctPlayers": [
            "Ullei",
            "Martinch",
            "YouBestWaifu"
        ]
    },
    {
        "animeEng": "Lupin III: Island of Assassins",
        "animeRomaji": "Lupin Sansei: Walther P38",
        "songName": "Hanasakisen~Lupin no Omimai",
        "artist": "Takashi Miyagawa",
        "type": "Insert Song",
        "correctCount": 2,
        "startTime": 51,
        "songDuration": 95.232,
        "songNumber": 31,
        "activePlayerCount": 137,
        "LinkVideo": "https://files.catbox.moe/41hico.webm",
        "LinkMp3": "https://files.catbox.moe/nnt3ca.mp3",
        "annId": 2100,
        "songDifficulty": 6.217690498283845,
        "vintage": "Summer 1997",
        "correctPlayers": [
            "MikelOyarzabal",
            "Chatmonchy"
        ]
    },
    {
        "animeEng": "Crayon Shin-chan: Ankoku Tamatama Daitsuiseki",
        "animeRomaji": "Crayon Shin-chan: Ankoku Tamatama Daitsuiseki",
        "songName": "Swing Ball Show",
        "artist": "Daisuke Gouri, Kaneto Shiozawa, Shinya Otaki",
        "type": "Insert Song",
        "correctCount": 4,
        "startTime": 14,
        "songDuration": 46.656,
        "songNumber": 32,
        "activePlayerCount": 137,
        "LinkVideo": "https://files.catbox.moe/pg4vbl.webm",
        "LinkMp3": "https://files.catbox.moe/artaan.mp3",
        "annId": 6741,
        "songDifficulty": 12.25294627958131,
        "vintage": "Spring 1997",
        "correctPlayers": [
            "tmvltm",
            "Sinanju",
            "amehaneyuki",
            "SakuraFujima"
        ]
    },
    {
        "animeEng": "Is the Order a Rabbit?? Sing For You",
        "animeRomaji": "Gochuumon wa Usagi Desu ka?? Sing For You",
        "songName": "Hi Hi High\u2606",
        "artist": "Maaya Uchida",
        "type": "Insert Song",
        "correctCount": 15,
        "startTime": 0,
        "songDuration": 44.136,
        "songNumber": 33,
        "activePlayerCount": 137,
        "LinkVideo": "https://files.catbox.moe/qwarkg.webm",
        "LinkMp3": "https://files.catbox.moe/10i0rd.mp3",
        "annId": 21985,
        "songDifficulty": 18.424514075067023,
        "vintage": "Summer 2019"
    },
    {
        "animeEng": "Grave of the Fireflies",
        "animeRomaji": "Hotaru no Haka",
        "songName": "Hanyuu no Yado",
        "artist": "Amelita Galli-Curci",
        "type": "Insert Song",
        "correctCount": 46,
        "startTime": 0,
        "songDuration": 158.64,
        "songNumber": 34,
        "activePlayerCount": 136,
        "LinkVideo": "https://files.catbox.moe/7yda6w.webm",
        "LinkMp3": "https://files.catbox.moe/73sw70.mp3",
        "annId": 152,
        "songDifficulty": 28.884585084033613,
        "vintage": "Spring 1988"
    },
    {
        "animeEng": "Demon Slayer: Kimetsu no Yaiba The Movie - Mugen Train",
        "animeRomaji": "Gekijouban Kimetsu no Yaiba: Mugen Ressha-hen",
        "songName": "Homura",
        "artist": "LiSA",
        "type": "Ending 1",
        "correctCount": 78,
        "startTime": 120,
        "songDuration": 269.232,
        "songNumber": 35,
        "activePlayerCount": 138,
        "LinkVideo": "https://files.catbox.moe/w0f6i5.webm",
        "LinkMp3": "https://files.catbox.moe/ebodlo.mp3",
        "annId": 23040,
        "songDifficulty": 30.851320513600683,
        "vintage": "Fall 2020"
    },
    {
        "animeEng": "Is This a Zombie?",
        "animeRomaji": "Kore wa Zombie Desu ka?",
        "songName": "Ma\u30fbKa\u30fbSe\u30fbTe Tonight",
        "artist": "Iori Nomizu",
        "type": "Opening 1",
        "correctCount": 90,
        "startTime": 20,
        "songDuration": 89.568,
        "songNumber": 36,
        "activePlayerCount": 137,
        "LinkVideo": "https://files.catbox.moe/2yf9vl.webm",
        "LinkMp3": "https://files.catbox.moe/12efls.mp3",
        "annId": 11752,
        "songDifficulty": 30.048767910498437,
        "vintage": "Winter 2011"
    },
    {
        "animeEng": "Vampire Holmes",
        "animeRomaji": "Vampire Holmes",
        "songName": "Everlasting Love",
        "artist": "Nami Tamaki",
        "type": "Opening 1",
        "correctCount": 43,
        "startTime": 0,
        "songDuration": 31.006814,
        "songNumber": 37,
        "activePlayerCount": 137,
        "LinkVideo": "https://files.catbox.moe/gr4tq3.webm",
        "LinkMp3": "https://files.catbox.moe/q2cvwj.mp3",
        "annId": 16676,
        "songDifficulty": 28.90841256234414,
        "vintage": "Spring 2015"
    },
    {
        "animeEng": "My-Otome",
        "animeRomaji": "Mai-Otome",
        "songName": "Otome no Komoriuta",
        "artist": "Yuriko Kaida",
        "type": "Insert Song",
        "correctCount": 7,
        "startTime": 21,
        "songDuration": 60.054478,
        "songNumber": 38,
        "activePlayerCount": 137,
        "LinkVideo": "https://files.catbox.moe/rnifhw.webm",
        "LinkMp3": "https://files.catbox.moe/xsw7dx.mp3",
        "annId": 5378,
        "songDifficulty": 19.83969391640343,
        "vintage": "Fall 2005"
    },
    {
        "animeEng": "Gekijouban Aikatsu!",
        "animeRomaji": "Gekijouban Aikatsu!",
        "songName": "Let's Aikatsu!",
        "artist": "Waka\u30fbRisuko\u30fbRuka from STAR\u2606ANIS",
        "type": "Insert Song",
        "correctCount": 1,
        "startTime": 42,
        "songDuration": 110.496,
        "songNumber": 39,
        "activePlayerCount": 136,
        "LinkVideo": "https://files.catbox.moe/hl55hn.webm",
        "LinkMp3": "https://files.catbox.moe/6nzl97.mp3",
        "annId": 15991,
        "songDifficulty": 10.244067137855351,
        "vintage": "Fall 2014",
        "correctPlayers": [
            "Martinch"
        ]
    },
    {
        "animeEng": "Denshin Mamotte Shugogetten!",
        "animeRomaji": "Denshin Mamotte Shugogetten!",
        "songName": "Magic",
        "artist": "Mariko Kouda",
        "type": "Opening 2",
        "correctCount": 4,
        "startTime": 26,
        "songDuration": 92.064,
        "songNumber": 40,
        "activePlayerCount": 136,
        "LinkVideo": "https://files.catbox.moe/3k9fve.webm",
        "LinkMp3": "https://files.catbox.moe/of2aqr.mp3",
        "annId": 1656,
        "songDifficulty": 12.136044203423024,
        "vintage": "Spring 2000",
        "correctPlayers": [
            "Rukawa11",
            "fossil",
            "gaaw",
            "amehaneyuki"
        ]
    },
    {
        "animeEng": "Sound! Euphonium: The Movie - Our Promise: A Brand New Day",
        "animeRomaji": "Gekijouban Hibike! Euphonium: Chikai no Finale",
        "songName": "Kitauji Shijuusou Dai-4-ban Trumpet yori",
        "artist": "Freshman Wind Ensemble",
        "type": "Insert Song",
        "correctCount": 13,
        "startTime": 0,
        "songDuration": 21.072,
        "songNumber": 41,
        "activePlayerCount": 136,
        "LinkVideo": "https://files.catbox.moe/43roav.webm",
        "LinkMp3": "https://files.catbox.moe/hhmn7o.mp3",
        "annId": 21102,
        "songDifficulty": 19.428614853533094,
        "vintage": "Spring 2019"
    },
    {
        "animeEng": "Fuse: Memoirs of the Hunter Girl",
        "animeRomaji": "Fuse: Teppou Musume no Torimonochou",
        "songName": "Chouchou Musubi",
        "artist": "Chara",
        "type": "Ending 1",
        "correctCount": 6,
        "startTime": 90,
        "songDuration": 339.288,
        "songNumber": 42,
        "activePlayerCount": 136,
        "LinkVideo": "https://files.catbox.moe/m804y8.webm",
        "LinkMp3": "https://files.catbox.moe/uiyoy6.mp3",
        "annId": 14165,
        "songDifficulty": 16.487750875538794,
        "vintage": "Fall 2012"
    },
    {
        "animeEng": "Megu the Little Witch",
        "animeRomaji": "Majokko Megu-chan",
        "songName": "Hitoribocchi no Megu",
        "artist": "Yoko Maekawa",
        "type": "Ending 1",
        "correctCount": 40,
        "startTime": 6,
        "songDuration": 58.296,
        "songNumber": 43,
        "activePlayerCount": 138,
        "LinkVideo": "https://files.catbox.moe/x8m3zf.webm",
        "LinkMp3": "https://files.catbox.moe/x85kw0.mp3",
        "annId": 1384,
        "songDifficulty": 20.36885986328125,
        "vintage": "Spring 1974"
    },
    {
        "animeEng": "Photo Kano",
        "animeRomaji": "Photo Kano",
        "songName": "Smile F",
        "artist": "Mai Nakahara",
        "type": "Ending 4",
        "correctCount": 14,
        "startTime": 3,
        "songDuration": 88.968,
        "songNumber": 44,
        "activePlayerCount": 138,
        "LinkVideo": "https://files.catbox.moe/q32sr1.webm",
        "LinkMp3": "https://files.catbox.moe/5ub5h9.mp3",
        "annId": 14902,
        "songDifficulty": 16.446642118699305,
        "vintage": "Spring 2013"
    },
    {
        "animeEng": "Sumiko",
        "animeRomaji": "Sumiko",
        "songName": "Sumiko Forever (New version)",
        "artist": "Ayumi Aizawa",
        "type": "Ending 1",
        "correctCount": 106,
        "startTime": 28,
        "songDuration": 84.336,
        "songNumber": 45,
        "activePlayerCount": 137,
        "LinkVideo": "https://files.catbox.moe/yb8nv2.webm",
        "LinkMp3": "https://files.catbox.moe/ppqt8f.mp3",
        "annId": 23275,
        "songDifficulty": 30.63883288530466,
        "vintage": "Summer 2014"
    },
    {
        "animeEng": "The Melancholy of Haruhi Suzumiya",
        "animeRomaji": "Suzumiya Haruhi no Yuuutsu",
        "songName": "Super Driver",
        "artist": "Aya Hirano",
        "type": "Opening 1",
        "correctCount": 97,
        "startTime": 16,
        "songDuration": 89.064,
        "songNumber": 46,
        "activePlayerCount": 139,
        "LinkVideo": "https://files.catbox.moe/4n7ki9.webm",
        "LinkMp3": "https://files.catbox.moe/zvwxy0.mp3",
        "annId": 10924,
        "songDifficulty": 42.84948653825689,
        "vintage": "Spring 2009"
    },
    {
        "animeEng": "Air in Summer",
        "animeRomaji": "Air in Summer",
        "songName": "Tori no Uta",
        "artist": "Lia",
        "type": "Opening 1",
        "correctCount": 90,
        "startTime": 3,
        "songDuration": 90.096,
        "songNumber": 47,
        "activePlayerCount": 138,
        "LinkVideo": "https://files.catbox.moe/kjwjmg.webm",
        "LinkMp3": "https://files.catbox.moe/66ngz3.mp3",
        "annId": 5428,
        "songDifficulty": 44.88115798414496,
        "vintage": "Summer 2005"
    },
    {
        "animeEng": "Chaika: The Coffin Princess",
        "animeRomaji": "Hitsugi no Chaika",
        "songName": "Kairaku Genri",
        "artist": "coffin princess",
        "type": "Ending 1",
        "correctCount": 26,
        "startTime": 50,
        "songDuration": 89.208,
        "songNumber": 48,
        "activePlayerCount": 139,
        "LinkVideo": "https://files.catbox.moe/dysmwc.webm",
        "LinkMp3": "https://files.catbox.moe/dtuxvp.mp3",
        "annId": 15524,
        "songDifficulty": 16.028308983468676,
        "vintage": "Spring 2014"
    },
    {
        "animeEng": "The Everyday Tales of a Cat God",
        "animeRomaji": "Nekogami Yaoyorozu",
        "songName": "Omamori Mitai ni Kikoeteru",
        "artist": "Yui Horie",
        "type": "Insert Song",
        "correctCount": 6,
        "startTime": 41,
        "songDuration": 80.116174,
        "songNumber": 49,
        "activePlayerCount": 140,
        "LinkVideo": "https://files.catbox.moe/2g5rqu.webm",
        "LinkMp3": "https://files.catbox.moe/zgev0s.mp3",
        "annId": 12223,
        "songDifficulty": 7.908005782693418,
        "vintage": "Summer 2011"
    },
    {
        "animeEng": "Your Lie in April",
        "animeRomaji": "KimiUso",
        "songName": "\u00c9tude R\u00e9volutionnaire Op. 10 No.12",
        "artist": "Fr\u00e9d\u00e9ric Chopin",
        "type": "Insert Song",
        "correctCount": 106,
        "startTime": 163,
        "songDuration": 213.390618,
        "songNumber": 50,
        "activePlayerCount": 140,
        "LinkVideo": "https://files.catbox.moe/9whjvf.webm",
        "LinkMp3": "https://files.catbox.moe/piqf60.mp3",
        "annId": 16108,
        "songDifficulty": 70.45409111661884,
        "vintage": "Fall 2014"
    },
    {
        "animeEng": "The Slayers Revolution",
        "animeRomaji": "The Slayers Revolution",
        "songName": "Revolution",
        "artist": "Megumi Hayashibara",
        "type": "Ending 1",
        "correctCount": 9,
        "startTime": 1,
        "songDuration": 88.032,
        "songNumber": 51,
        "activePlayerCount": 140,
        "LinkVideo": "https://files.catbox.moe/b9t3zy.webm",
        "LinkMp3": "https://files.catbox.moe/jyi2wg.mp3",
        "annId": 9500,
        "songDifficulty": 14.395840575600117,
        "vintage": "Summer 2008"
    },
    {
        "animeEng": "Love Hina",
        "animeRomaji": "Love Hina",
        "songName": "Mainichi ga Otenki",
        "artist": "Yui Horie",
        "type": "Insert Song",
        "correctCount": 6,
        "startTime": 16,
        "songDuration": 68.784,
        "songNumber": 52,
        "activePlayerCount": 140,
        "LinkVideo": "https://files.catbox.moe/7a1tpq.webm",
        "LinkMp3": "https://files.catbox.moe/7b6f8i.mp3",
        "annId": 168,
        "songDifficulty": 15.45500447775264,
        "vintage": "Spring 2000"
    },
    {
        "animeEng": "Fireworks",
        "animeRomaji": "Uchiage Hanabi, Shita kara Miru ka? Yoko kara Miru ka?",
        "songName": "Ruri-iro no Chikyuu",
        "artist": "Suzu Hirose",
        "type": "Insert Song",
        "correctCount": 27,
        "startTime": 31,
        "songDuration": 117.052682,
        "songNumber": 53,
        "activePlayerCount": 141,
        "LinkVideo": "https://files.catbox.moe/juhyx5.webm",
        "LinkMp3": "https://files.catbox.moe/ij5x72.mp3",
        "annId": 19481,
        "songDifficulty": 15.143201493754662,
        "vintage": "Summer 2017"
    },
    {
        "animeEng": "Tegami Bachi Letter Bee: Reverse",
        "animeRomaji": "Tegami Bachi: Reverse",
        "songName": "Yakusoku",
        "artist": "Shikao Suga",
        "type": "Opening 2",
        "correctCount": 12,
        "startTime": 36,
        "songDuration": 89.064,
        "songNumber": 54,
        "activePlayerCount": 141,
        "LinkVideo": "https://files.catbox.moe/wrxp1e.webm",
        "LinkMp3": "https://files.catbox.moe/m1v9fu.mp3",
        "annId": 11600,
        "songDifficulty": 16.52141662305622,
        "vintage": "Fall 2010"
    },
    {
        "animeEng": "Dance with Devils: Fortuna",
        "animeRomaji": "Dance with Devils: Fortuna",
        "songName": "Waga na wa Rem Arlond",
        "artist": "Souma Saitou",
        "type": "Insert Song",
        "correctCount": 14,
        "startTime": 14,
        "songDuration": 89.376,
        "songNumber": 55,
        "activePlayerCount": 141,
        "LinkVideo": "https://files.catbox.moe/qdphkl.webm",
        "LinkMp3": "https://files.catbox.moe/a67xgk.mp3",
        "annId": 19742,
        "songDifficulty": 17.532050030048076,
        "vintage": "Fall 2017"
    },
    {
        "animeEng": "Ontama!",
        "animeRomaji": "Ontama!",
        "songName": "BAKA\u2252Aishiteru",
        "artist": "Haruko Momoi",
        "type": "Ending 1",
        "correctCount": 20,
        "startTime": 29,
        "songDuration": 59.064,
        "songNumber": 56,
        "activePlayerCount": 141,
        "LinkVideo": "https://files.catbox.moe/if3g7r.webm",
        "LinkMp3": "https://files.catbox.moe/0sve2m.mp3",
        "annId": 10936,
        "songDifficulty": 15.3378564453125,
        "vintage": "Summer 2009"
    },
    {
        "animeEng": "Code:Breaker",
        "animeRomaji": "Code:Breaker",
        "songName": "DARK SHAME",
        "artist": "GRANRODEO",
        "type": "Insert Song",
        "correctCount": 37,
        "startTime": 7,
        "songDuration": 88.449092,
        "songNumber": 57,
        "activePlayerCount": 141,
        "LinkVideo": "https://files.catbox.moe/78j2ui.webm",
        "LinkMp3": "https://files.catbox.moe/6d84ub.mp3",
        "annId": 13618,
        "songDifficulty": 31.366048966416102,
        "vintage": "Fall 2012"
    },
    {
        "animeEng": "Cells at Work!!",
        "animeRomaji": "Hataraku Saibou!!",
        "songName": "Fight!!",
        "artist": "ClariS",
        "type": "Ending 1",
        "correctCount": 71,
        "startTime": 26,
        "songDuration": 89.016,
        "songNumber": 58,
        "activePlayerCount": 140,
        "LinkVideo": "https://files.catbox.moe/35ddni.webm",
        "LinkMp3": "https://files.catbox.moe/1m34al.mp3",
        "annId": 22007,
        "songDifficulty": 26.539113289412583,
        "vintage": "Winter 2021"
    },
    {
        "animeEng": "Judo Boy",
        "animeRomaji": "Kurenai Sanshiro",
        "songName": "Kurenai Sanshirou",
        "artist": "Mitsuko Horie, Columbia Yurikago-kai",
        "type": "Opening 2",
        "correctCount": 8,
        "startTime": 5,
        "songDuration": 92.304,
        "songNumber": 59,
        "activePlayerCount": 140,
        "LinkVideo": "https://files.catbox.moe/r1a2g7.webm",
        "LinkMp3": "https://files.catbox.moe/eyu1wq.mp3",
        "annId": 291,
        "songDifficulty": 18.278424142420977,
        "vintage": "Spring 1969"
    },
    {
        "animeEng": "Muhyo & Roji's Bureau of Supernatural Investigation",
        "animeRomaji": "Muhyo to Roji no Mahouritsu Soudan Jimusho",
        "songName": "Unforgettable",
        "artist": "SCREEN mode",
        "type": "Insert Song",
        "correctCount": 5,
        "startTime": 44,
        "songDuration": 79.848,
        "songNumber": 60,
        "activePlayerCount": 141,
        "LinkVideo": "https://files.catbox.moe/mbdps0.webm",
        "LinkMp3": "https://files.catbox.moe/081omr.mp3",
        "annId": 22979,
        "songDifficulty": 10.96300205848029,
        "vintage": "Summer 2020",
        "correctPlayers": [
            "Martinch",
            "Rukawa11",
            "martii",
            "channina",
            "Aishia"
        ]
    },
    {
        "animeEng": "Naruto Shippuuden the Movie 1",
        "animeRomaji": "Naruto Shippuuden the Movie 1",
        "songName": "Lie-Lie-Lie",
        "artist": "DJ OZMA",
        "type": "Ending 1",
        "correctCount": 10,
        "startTime": 86,
        "songDuration": 224.064,
        "songNumber": 61,
        "activePlayerCount": 141,
        "LinkVideo": "https://files.catbox.moe/3oe4r4.webm",
        "LinkMp3": "https://files.catbox.moe/6e2gpx.mp3",
        "annId": 8017,
        "songDifficulty": 13.05546066059339,
        "vintage": "Summer 2007"
    },
    {
        "animeEng": "Hellsing",
        "animeRomaji": "Hellsing",
        "songName": "COOL\u2020 ~Logos Naki World~",
        "artist": "Yasushi Ishii",
        "type": "Opening 1",
        "correctCount": 67,
        "startTime": 6,
        "songDuration": 76.92929,
        "songNumber": 62,
        "activePlayerCount": 141,
        "LinkVideo": "https://files.catbox.moe/3ia1d0.webm",
        "LinkMp3": "https://files.catbox.moe/znsnsa.mp3",
        "annId": 387,
        "songDifficulty": 40.26691838344469,
        "vintage": "Fall 2001"
    },
    {
        "animeEng": "Danganronpa The Animation",
        "animeRomaji": "Danganronpa Kibou no Gakuen to Zetsubou no Koukousei The Animation",
        "songName": "Negaigoto Ensemble",
        "artist": "Makiko Ohmoto",
        "type": "Insert Song",
        "correctCount": 46,
        "startTime": 3,
        "songDuration": 39.072,
        "songNumber": 63,
        "activePlayerCount": 142,
        "LinkVideo": "https://files.catbox.moe/a4a20r.webm",
        "LinkMp3": "https://files.catbox.moe/vdos3o.mp3",
        "annId": 14960,
        "songDifficulty": 18.422864198243992,
        "vintage": "Summer 2013"
    },
    {
        "animeEng": "Ixion Saga DT",
        "animeRomaji": "Ixion Saga DT",
        "songName": "DT Suteru (Kon ver.)",
        "artist": "Golden Ixion Bomber DT",
        "type": "Opening 2",
        "correctCount": 42,
        "startTime": 4,
        "songDuration": 89.472,
        "songNumber": 64,
        "activePlayerCount": 141,
        "LinkVideo": "https://files.catbox.moe/sh2pwm.webm",
        "LinkMp3": "https://files.catbox.moe/c1lifz.mp3",
        "annId": 14401,
        "songDifficulty": 25.526771822257384,
        "vintage": "Fall 2012"
    },
    {
        "animeEng": "Digimon Adventure",
        "animeRomaji": "Digimon Adventure",
        "songName": "Butter-Fly~Piano Version~",
        "artist": "Kouji Wada",
        "type": "Insert Song",
        "correctCount": 93,
        "startTime": 70,
        "songDuration": 124.848,
        "songNumber": 65,
        "activePlayerCount": 140,
        "LinkVideo": "https://files.catbox.moe/j1pmst.webm",
        "LinkMp3": "https://files.catbox.moe/8uw15i.mp3",
        "annId": 794,
        "songDifficulty": 41.538829449152544,
        "vintage": "Winter 1999"
    },
    {
        "animeEng": "I Give My All",
        "animeRomaji": "Minna Agechau",
        "songName": "Ai wa Nice Feeling",
        "artist": "Irene & Erika",
        "type": "Insert Song",
        "correctCount": 1,
        "startTime": 27,
        "songDuration": 76.872,
        "songNumber": 66,
        "activePlayerCount": 141,
        "LinkVideo": "https://files.catbox.moe/778wwq.webm",
        "LinkMp3": "https://files.catbox.moe/b7zu9m.mp3",
        "annId": 5360,
        "songDifficulty": 13.423423148490286,
        "vintage": "Winter 1987",
        "correctPlayers": [
            "Orfey"
        ]
    },
    {
        "animeEng": "JoJo's Bizarre Adventure: Stardust Crusaders",
        "animeRomaji": "JoJo no Kimyou na Bouken: Stardust Crusaders",
        "songName": "STAND PROUD",
        "artist": "Jin Hashimoto",
        "type": "Insert Song",
        "correctCount": 105,
        "startTime": 3,
        "songDuration": 114.456,
        "songNumber": 67,
        "activePlayerCount": 141,
        "LinkVideo": "https://files.catbox.moe/ak782h.webm",
        "LinkMp3": "https://files.catbox.moe/z89nwt.mp3",
        "annId": 16303,
        "songDifficulty": 69.55660198716807,
        "vintage": "Winter 2015"
    },
    {
        "animeEng": "Amagi Brilliant Park",
        "animeRomaji": "Amagi Brilliant Park",
        "songName": "Extra Magic Hour",
        "artist": "AKINO with bless4",
        "type": "Opening 1",
        "correctCount": 102,
        "startTime": 39,
        "songDuration": 89.64,
        "songNumber": 68,
        "activePlayerCount": 140,
        "LinkVideo": "https://files.catbox.moe/72njb6.webm",
        "LinkMp3": "https://files.catbox.moe/f9rxa2.mp3",
        "annId": 16133,
        "songDifficulty": 40.39880211384495,
        "vintage": "Fall 2014"
    },
    {
        "animeEng": "Zoku Owarimonogatari",
        "animeRomaji": "Zoku Owarimonogatari",
        "songName": "07734",
        "artist": "Satoru Kosaki, mito feat. Hiroshi Kamiya",
        "type": "Opening 1",
        "correctCount": 89,
        "startTime": 17,
        "songDuration": 59.544,
        "songNumber": 69,
        "activePlayerCount": 140,
        "LinkVideo": "https://files.catbox.moe/wdwjfb.webm",
        "LinkMp3": "https://files.catbox.moe/ytpeb9.mp3",
        "annId": 21553,
        "songDifficulty": 33.6985288325193,
        "vintage": "Fall 2018"
    },
    {
        "animeEng": "Magical Angel Creamy Mami: Forever Once More",
        "animeRomaji": "Mahou no Tenshi Creamy Mami: Eien no Once More",
        "songName": "Delicate ni Sukishite",
        "artist": "Takako Ohta",
        "type": "Opening 1",
        "correctCount": 19,
        "startTime": 19,
        "songDuration": 80.328,
        "songNumber": 70,
        "activePlayerCount": 140,
        "LinkVideo": "https://files.catbox.moe/1x7ny3.webm",
        "LinkMp3": "https://files.catbox.moe/mdqu8p.mp3",
        "annId": 4954,
        "songDifficulty": 18.736672638229308,
        "vintage": "Fall 1984"
    },
    {
        "animeEng": "Detective Conan: The Crimson Love Letter",
        "animeRomaji": "Meitantei Conan: Kara Kurenai no Love Letter",
        "songName": "Togetsukyou ~Kimi Omou~",
        "artist": "Mai Kuraki",
        "type": "Ending 1",
        "correctCount": 63,
        "startTime": 148,
        "songDuration": 223.271775,
        "songNumber": 71,
        "activePlayerCount": 141,
        "LinkVideo": "https://files.catbox.moe/zrtpny.webm",
        "LinkMp3": "https://files.catbox.moe/fk99ik.mp3",
        "annId": 19005,
        "songDifficulty": 27.64215400242047,
        "vintage": "Spring 2017"
    },
    {
        "animeEng": "Buzzer Beater",
        "animeRomaji": "Buzzer Beater",
        "songName": "Hideyoshi no Theme (Opening ~ver)",
        "artist": "Koichiro Kameyama",
        "type": "Opening 1",
        "correctCount": 28,
        "startTime": 2,
        "songDuration": 88.32,
        "songNumber": 72,
        "activePlayerCount": 141,
        "LinkVideo": "https://files.catbox.moe/5warhv.webm",
        "LinkMp3": "https://files.catbox.moe/s7d6l8.mp3",
        "annId": 4923,
        "songDifficulty": 18.833081227836878,
        "vintage": "Winter 2005"
    },
    {
        "animeEng": "Isekai Quartet",
        "animeRomaji": "Isekai Quartet",
        "songName": "Isekai Quartet",
        "artist": "Satoshi Hino, Jun Fukushima, Yuusuke Kobayashi, Aoi Yuuki",
        "type": "Opening 1",
        "correctCount": 118,
        "startTime": 39,
        "songDuration": 89.304,
        "songNumber": 73,
        "activePlayerCount": 141,
        "LinkVideo": "https://files.catbox.moe/tylwfd.webm",
        "LinkMp3": "https://files.catbox.moe/x4hnjm.mp3",
        "annId": 21992,
        "songDifficulty": 48.918867593242894,
        "vintage": "Spring 2019"
    },
    {
        "animeEng": "Hunter x Hunter: OVA",
        "animeRomaji": "Hunter x Hunter: OVA",
        "songName": "Pale Ale",
        "artist": "Kenichi Kurosawa",
        "type": "Opening 1",
        "correctCount": 21,
        "startTime": 31,
        "songDuration": 64.92,
        "songNumber": 74,
        "activePlayerCount": 141,
        "LinkVideo": "https://files.catbox.moe/1lzgwl.webm",
        "LinkMp3": "https://files.catbox.moe/w7gpuq.mp3",
        "annId": 1135,
        "songDifficulty": 17.260112023020422,
        "vintage": "Winter 2002"
    },
    {
        "animeEng": "Log Horizon",
        "animeRomaji": "Log Horizon",
        "songName": "Wonderful Wonder World*",
        "artist": "Yun*chi",
        "type": "Ending 1",
        "correctCount": 82,
        "startTime": 29,
        "songDuration": 89.544,
        "songNumber": 75,
        "activePlayerCount": 140,
        "LinkVideo": "https://files.catbox.moe/zpr9it.webm",
        "LinkMp3": "https://files.catbox.moe/fcevst.mp3",
        "annId": 16134,
        "songDifficulty": 34.78473975237409,
        "vintage": "Fall 2014"
    },
    {
        "animeEng": "Gungrave",
        "animeRomaji": "Gungrave",
        "songName": "Akane-iro ga Moeru Toki",
        "artist": "Scoobie Do",
        "type": "Ending 1",
        "correctCount": 5,
        "startTime": 46,
        "songDuration": 89.328,
        "songNumber": 76,
        "activePlayerCount": 141,
        "LinkVideo": "https://files.catbox.moe/u43rr8.webm",
        "LinkMp3": "https://files.catbox.moe/eejcqv.mp3",
        "annId": 2635,
        "songDifficulty": 16.02389082599273,
        "vintage": "Fall 2003",
        "correctPlayers": [
            "Tetoy",
            "martii",
            "MikelOyarzabal",
            "peepis",
            "Coolpop"
        ]
    },
    {
        "animeEng": "Lime-iro Senkitan: Nankoku Yume Roman",
        "animeRomaji": "Lime-iro Senkitan: Nankoku Yume Roman",
        "songName": "Rinka",
        "artist": "Lime-tai",
        "type": "Opening 1",
        "correctCount": 11,
        "startTime": 51,
        "songDuration": 85.56,
        "songNumber": 77,
        "activePlayerCount": 142,
        "LinkVideo": "https://files.catbox.moe/nk38hd.webm",
        "LinkMp3": "https://files.catbox.moe/a5pwre.mp3",
        "annId": 4001,
        "songDifficulty": 19.884965326544943,
        "vintage": "Spring 2004"
    },
    {
        "animeEng": "City Hunter 3",
        "animeRomaji": "City Hunter 3",
        "songName": "Get Wild",
        "artist": "TM NETWORK",
        "type": "Insert Song",
        "correctCount": 54,
        "startTime": 31,
        "songDuration": 92.184,
        "songNumber": 78,
        "activePlayerCount": 142,
        "LinkVideo": "https://files.catbox.moe/8d4k16.webm",
        "LinkMp3": "https://files.catbox.moe/5rl2hn.mp3",
        "annId": 546,
        "songDifficulty": 30.94248487603919,
        "vintage": "Fall 1989"
    },
    {
        "animeEng": "Inu X Boku Secret Service",
        "animeRomaji": "Inu X Boku Secret Service",
        "songName": "sweets parade",
        "artist": "Kana Hanazawa",
        "type": "Ending 5",
        "correctCount": 67,
        "startTime": 8,
        "songDuration": 89.904,
        "songNumber": 79,
        "activePlayerCount": 142,
        "LinkVideo": "https://files.catbox.moe/6za0py.webm",
        "LinkMp3": "https://files.catbox.moe/2u42pb.mp3",
        "annId": 13250,
        "songDifficulty": 31.285510037348274,
        "vintage": "Winter 2012"
    },
    {
        "animeEng": "Doraemon: Nobita and the Dragon Rider",
        "animeRomaji": "Doraemon: Nobita to Ryuu no Kishi",
        "songName": "Tomodachi Dakara",
        "artist": "Nobuyo Oyama",
        "type": "Ending 1",
        "correctCount": 4,
        "startTime": 30,
        "songDuration": 96.768,
        "songNumber": 80,
        "activePlayerCount": 143,
        "LinkVideo": "https://files.catbox.moe/ipn9r7.webm",
        "LinkMp3": "https://files.catbox.moe/8czst8.mp3",
        "annId": 1890,
        "songDifficulty": 4.774848447796541,
        "vintage": "Winter 1987",
        "correctPlayers": [
            "HakoHoka",
            "Orfey",
            "gaaw",
            "channina"
        ]
    },
    {
        "animeEng": "Shadow Skill 2",
        "animeRomaji": "Eigi: Shadow Skill",
        "songName": "Solid desire",
        "artist": "KASUMI",
        "type": "Opening 1",
        "correctCount": 10,
        "startTime": 74,
        "songDuration": 107.856,
        "songNumber": 81,
        "activePlayerCount": 143,
        "LinkVideo": "https://files.catbox.moe/syxrzk.webm",
        "LinkMp3": "https://files.catbox.moe/43vn5o.mp3",
        "annId": 728,
        "songDifficulty": 7.894484343352141,
        "vintage": "Summer 1996"
    },
    {
        "animeEng": "Naruto: The Cross Roads",
        "animeRomaji": "Naruto: The Cross Roads",
        "songName": "Haruka Kanata",
        "artist": "ASIAN KUNG-FU GENERATION",
        "type": "Ending 1",
        "correctCount": 100,
        "startTime": 39,
        "songDuration": 86.856,
        "songNumber": 82,
        "activePlayerCount": 143,
        "LinkVideo": "https://files.catbox.moe/37gdb0.webm",
        "LinkMp3": "https://files.catbox.moe/lv3xbm.mp3",
        "annId": 14834,
        "songDifficulty": 59.81206333107956,
        "vintage": "Fall 2009"
    },
    {
        "animeEng": "City Hunter",
        "animeRomaji": "City Hunter",
        "songName": "MR. PRIVATE EYE",
        "artist": "Yuko Ohtaki",
        "type": "Insert Song",
        "correctCount": 28,
        "startTime": 16,
        "songDuration": 90.094778,
        "songNumber": 83,
        "activePlayerCount": 143,
        "LinkVideo": "https://files.catbox.moe/cmru3o.webm",
        "LinkMp3": "https://files.catbox.moe/0gnuvi.mp3",
        "annId": 384,
        "songDifficulty": 32.161801123176396,
        "vintage": "Spring 1987"
    },
    {
        "animeEng": "A Certain Scientific Railgun T",
        "animeRomaji": "Toaru Kagaku no Railgun T",
        "songName": "final phase",
        "artist": "fripSide",
        "type": "Opening 1",
        "correctCount": 64,
        "startTime": 41,
        "songDuration": 89.64,
        "songNumber": 84,
        "activePlayerCount": 145,
        "LinkVideo": "https://files.catbox.moe/lkdytn.webm",
        "LinkMp3": "https://files.catbox.moe/sjv4ux.mp3",
        "annId": 21484,
        "songDifficulty": 34.68223464528137,
        "vintage": "Winter 2020"
    },
    {
        "animeEng": "Aldnoah.Zero",
        "animeRomaji": "Aldnoah.Zero",
        "songName": "&Z -English ver.-",
        "artist": "SawanoHiroyuki[nZk]:mizuki",
        "type": "Ending 1",
        "correctCount": 89,
        "startTime": 16,
        "songDuration": 88.128,
        "songNumber": 85,
        "activePlayerCount": 141,
        "LinkVideo": "https://files.catbox.moe/8ck8zm.webm",
        "LinkMp3": "https://files.catbox.moe/q9c9ra.mp3",
        "annId": 16305,
        "songDifficulty": 44.64502186009539,
        "vintage": "Winter 2015"
    }
]