[
    {
        "animeEng": "Kamen no Maid Guy",
        "animeRomaji": "Kamen no Maid Guy",
        "songName": "Work Guy!!",
        "artist": "Yoshiki Fukuyama",
        "type": "Ending 1",
        "correctCount": 13,
        "startTime": 37,
        "songDuration": 84.072,
        "songNumber": 1,
        "activePlayerCount": 184,
        "LinkVideo": "https://files.catbox.moe/mm54ft.webm",
        "LinkMp3": "https://files.catbox.moe/l4sibw.mp3",
        "annId": 8193,
        "songDifficulty": 16.90954631888634,
        "vintage": "Spring 2008"
    },
    {
        "animeEng": "Astro Boy",
        "animeRomaji": "Tetsuwan Atom",
        "songName": "Tetsuwan Atom",
        "artist": "Kamitakada Shounen Gasshou-dan",
        "type": "Opening 1",
        "correctCount": 134,
        "startTime": 30,
        "songDuration": 73.089356,
        "songNumber": 2,
        "activePlayerCount": 199,
        "LinkVideo": "https://files.catbox.moe/9qvinm.webm",
        "LinkMp3": "https://files.catbox.moe/cjvk0z.mp3",
        "annId": 422,
        "songDifficulty": 44.903767179319374,
        "vintage": "Winter 1963"
    },
    {
        "animeEng": "ClassicaLoid",
        "animeRomaji": "ClassicaLoid",
        "songName": "Houjou no Yume ~Elise no Tame ni yori~",
        "artist": "Tomoyasu Hotei feat. Ayako Tanaka",
        "type": "Ending 22",
        "correctCount": 17,
        "startTime": 59,
        "songDuration": 89.833558,
        "songNumber": 3,
        "activePlayerCount": 203,
        "LinkVideo": "https://files.catbox.moe/v0uzdg.webm",
        "LinkMp3": "https://files.catbox.moe/p7hmyg.mp3",
        "annId": 17269,
        "songDifficulty": 32.111110026041665,
        "vintage": "Fall 2016"
    },
    {
        "animeEng": "Zetman",
        "animeRomaji": "Zetman",
        "songName": "dots and lines",
        "artist": "You Hitoto & Mummy-D",
        "type": "Opening 1",
        "correctCount": 37,
        "startTime": 24,
        "songDuration": 89.016,
        "songNumber": 4,
        "activePlayerCount": 200,
        "LinkVideo": "https://files.catbox.moe/hwmsw2.webm",
        "LinkMp3": "https://files.catbox.moe/i20ibl.mp3",
        "annId": 13736,
        "songDifficulty": 23.583075108495528,
        "vintage": "Spring 2012"
    },
    {
        "animeEng": "Hakuoki: Demon of the Fleeting Blossom",
        "animeRomaji": "Hakuouki",
        "songName": "Taion -I'll be by my side forever-",
        "artist": "Maon Kurosaki",
        "type": "Ending 3",
        "correctCount": 3,
        "startTime": 10,
        "songDuration": 94.272,
        "songNumber": 5,
        "activePlayerCount": 202,
        "LinkVideo": "https://files.catbox.moe/pvfk17.webm",
        "LinkMp3": "https://files.catbox.moe/n0yv90.mp3",
        "annId": 24738,
        "songDifficulty": 17.95334447995581,
        "vintage": "Fall 2021",
        "correctPlayers": [
            "Rukawa11",
            "Gianlu310",
            "nachoneko"
        ]
    },
    {
        "animeEng": "Pichu Bros. in Party Panic!",
        "animeRomaji": "Boku-tachi Pichu Brothers: Party wa Oosawagi! no Maki",
        "songName": "Nyarth no Party",
        "artist": "Inuko Inuyama feat. Musashi to Kojirou",
        "type": "Insert Song",
        "correctCount": 135,
        "startTime": 15,
        "songDuration": 80.112,
        "songNumber": 6,
        "activePlayerCount": 203,
        "LinkVideo": "https://files.catbox.moe/486a9s.webm",
        "LinkMp3": "https://files.catbox.moe/gqtxyn.mp3",
        "annId": 15664,
        "songDifficulty": 44.04761904761905,
        "vintage": "Summer 2003"
    },
    {
        "animeEng": "Senki Zesshou Symphogear XV",
        "animeRomaji": "Senki Zesshou Symphogear XV",
        "songName": "Defender'Z Brand!",
        "artist": "Nana Mizuki",
        "type": "Insert Song",
        "correctCount": 30,
        "startTime": 143,
        "songDuration": 171.36,
        "songNumber": 7,
        "activePlayerCount": 206,
        "LinkVideo": "https://files.catbox.moe/kand77.webm",
        "LinkMp3": "https://files.catbox.moe/ap3mzs.mp3",
        "annId": 22019,
        "songDifficulty": 26.445233585858585,
        "vintage": "Summer 2019"
    },
    {
        "animeEng": "Rent-a-Girlfriend",
        "animeRomaji": "Kanojo, Okarishimasu",
        "songName": "FIRST DROP",
        "artist": "halca",
        "type": "Ending 2",
        "correctCount": 96,
        "startTime": 32,
        "songDuration": 89.064,
        "songNumber": 8,
        "activePlayerCount": 208,
        "LinkVideo": "https://files.catbox.moe/rsue65.webm",
        "LinkMp3": "https://files.catbox.moe/mfx7bo.mp3",
        "annId": 22933,
        "songDifficulty": 26.614508827523768,
        "vintage": "Summer 2020"
    },
    {
        "animeEng": "Bungo Stray Dogs",
        "animeRomaji": "Bungo Stray Dogs",
        "songName": "Eye Of The Tiger",
        "artist": "Lotus Juice",
        "type": "Insert Song",
        "correctCount": 43,
        "startTime": 115,
        "songDuration": 241.488,
        "songNumber": 9,
        "activePlayerCount": 211,
        "LinkVideo": "https://files.catbox.moe/la96q1.webm",
        "LinkMp3": "https://files.catbox.moe/tmnip8.mp3",
        "annId": 18709,
        "songDifficulty": 18.940093708165996,
        "vintage": "Fall 2016"
    },
    {
        "animeEng": "K",
        "animeRomaji": "K",
        "songName": "Heart in Blue",
        "artist": "Miyuki Sawashiro",
        "type": "Insert Song",
        "correctCount": 7,
        "startTime": 17,
        "songDuration": 59.064,
        "songNumber": 10,
        "activePlayerCount": 212,
        "LinkVideo": "https://files.catbox.moe/r2fqh3.webm",
        "LinkMp3": "https://files.catbox.moe/8p6zab.mp3",
        "annId": 14732,
        "songDifficulty": 9.660051033768955,
        "vintage": "Fall 2012"
    },
    {
        "animeEng": "Digimon Adventure tri. Chapter 3: Confession",
        "animeRomaji": "Digimon Adventure tri. Kokuhaku",
        "songName": "Boku ni Totte",
        "artist": "KNIFE OF DAY",
        "type": "Ending 1",
        "correctCount": 6,
        "startTime": 104,
        "songDuration": 237.031028,
        "songNumber": 11,
        "activePlayerCount": 211,
        "LinkVideo": "https://files.catbox.moe/0wjboo.webm",
        "LinkMp3": "https://files.catbox.moe/5ga5nd.mp3",
        "annId": 18176,
        "songDifficulty": 8.334707211677252,
        "vintage": "Summer 2016"
    },
    {
        "animeEng": "Fist of the North Star 2",
        "animeRomaji": "Hokuto no Ken 2",
        "songName": "Ai o Torimodose!!",
        "artist": "Crystal King",
        "type": "Insert Song",
        "correctCount": 137,
        "startTime": 30,
        "songDuration": 81.056566,
        "songNumber": 12,
        "activePlayerCount": 212,
        "LinkVideo": "https://files.catbox.moe/r4381p.webm",
        "LinkMp3": "https://files.catbox.moe/4n3eoh.mp3",
        "annId": 2199,
        "songDifficulty": 53.350810295519544,
        "vintage": "Winter 1987"
    },
    {
        "animeEng": "Urusei Yatsura OVA",
        "animeRomaji": "Urusei Yatsura OVA",
        "songName": "Triangle Love Letter",
        "artist": "Maruko Matsushita",
        "type": "Insert Song",
        "correctCount": 2,
        "startTime": 58,
        "songDuration": 94.128,
        "songNumber": 13,
        "activePlayerCount": 213,
        "LinkVideo": "https://files.catbox.moe/rll8ph.webm",
        "LinkMp3": "https://files.catbox.moe/zmx7d9.mp3",
        "annId": 653,
        "songDifficulty": 3.641703467011977,
        "vintage": "Summer 1985",
        "correctPlayers": [
            "GinkoSimp",
            "asleep"
        ]
    },
    {
        "animeEng": "Knights of Sidonia",
        "animeRomaji": "Sidonia no Kishi",
        "songName": "Sidonia",
        "artist": "angela",
        "type": "Opening 1",
        "correctCount": 137,
        "startTime": 58,
        "songDuration": 88.776,
        "songNumber": 14,
        "activePlayerCount": 213,
        "LinkVideo": "https://files.catbox.moe/k3vunz.webm",
        "LinkMp3": "https://files.catbox.moe/j0wdmy.mp3",
        "annId": 15496,
        "songDifficulty": 39.3580976007109,
        "vintage": "Spring 2014"
    },
    {
        "animeEng": "Aria the Avvenire",
        "animeRomaji": "Aria the Avvenire",
        "songName": "Euforia",
        "artist": "Yui Makino",
        "type": "Opening 2",
        "correctCount": 43,
        "startTime": 40,
        "songDuration": 93.024,
        "songNumber": 15,
        "activePlayerCount": 213,
        "LinkVideo": "https://files.catbox.moe/yyeuvq.webm",
        "LinkMp3": "https://files.catbox.moe/u72cf5.mp3",
        "annId": 16769,
        "songDifficulty": 27.07174172530155,
        "vintage": "Summer 2015"
    },
    {
        "animeEng": "Future Card Buddyfight 100",
        "animeRomaji": "Future Card Buddyfight 100",
        "songName": "Luminize",
        "artist": "fripSide",
        "type": "Opening 1",
        "correctCount": 8,
        "startTime": 4,
        "songDuration": 88.710312,
        "songNumber": 16,
        "activePlayerCount": 213,
        "LinkVideo": "https://files.catbox.moe/sc7flb.webm",
        "LinkMp3": "https://files.catbox.moe/bssehh.mp3",
        "annId": 16828,
        "songDifficulty": 19.22223472595215,
        "vintage": "Spring 2015"
    },
    {
        "animeEng": "Senki Zesshou Symphogear XV",
        "animeRomaji": "Senki Zesshou Symphogear XV",
        "songName": "PERFECT SYMPHONY",
        "artist": "Aoi Yuuki \u00d7 Nana Mizuki \u00d7 Ayahi Takagaki \u00d7 Yoshino Nanjou \u00d7 Ai Kayano \u00d7 Yoko Hikasa \u00d7 Inori Minase",
        "type": "Insert Song",
        "correctCount": 7,
        "startTime": 208,
        "songDuration": 260.064,
        "songNumber": 17,
        "activePlayerCount": 213,
        "LinkVideo": "https://files.catbox.moe/y8ff54.webm",
        "LinkMp3": "https://files.catbox.moe/yqo0z1.mp3",
        "annId": 22019,
        "songDifficulty": 28.731774129746835,
        "vintage": "Summer 2019"
    },
    {
        "animeEng": "Island",
        "animeRomaji": "Island",
        "songName": "Lasting Memories",
        "artist": "Yukari Tamura",
        "type": "Insert Song",
        "correctCount": 38,
        "startTime": 27,
        "songDuration": 56.736,
        "songNumber": 18,
        "activePlayerCount": 215,
        "LinkVideo": "https://files.catbox.moe/u0egok.webm",
        "LinkMp3": "https://files.catbox.moe/3sb7wy.mp3",
        "annId": 18175,
        "songDifficulty": 30.18200839272318,
        "vintage": "Summer 2018"
    },
    {
        "animeEng": "Futari H: The One And Only Step Up Love Story",
        "animeRomaji": "Futari Ecchi",
        "songName": "Hana Hirari",
        "artist": "The Zig Zags",
        "type": "Ending 1",
        "correctCount": 3,
        "startTime": 35,
        "songDuration": 127.56,
        "songNumber": 19,
        "activePlayerCount": 214,
        "LinkVideo": "https://files.catbox.moe/y0v9ao.webm",
        "LinkMp3": "https://files.catbox.moe/969cap.mp3",
        "annId": 16212,
        "songDifficulty": 9.489270622347608,
        "vintage": "Fall 2014",
        "correctPlayers": [
            "Hejsan",
            "gaaw",
            "asleep"
        ]
    },
    {
        "animeEng": "Love Live! Sunshine!!",
        "animeRomaji": "Love Live! School Idol Project Sunshine!!",
        "songName": "MIRAI TICKET",
        "artist": "Aqours",
        "type": "Insert Song",
        "correctCount": 85,
        "startTime": 86,
        "songDuration": 183.072,
        "songNumber": 20,
        "activePlayerCount": 215,
        "LinkVideo": "https://files.catbox.moe/a1rz0k.webm",
        "LinkMp3": "https://files.catbox.moe/4x9rr8.mp3",
        "annId": 17985,
        "songDifficulty": 46.76136905359294,
        "vintage": "Summer 2016"
    },
    {
        "animeEng": "Kannagi",
        "animeRomaji": "Kannagi",
        "songName": "Musuhi no Toki",
        "artist": "Haruka Tomatsu",
        "type": "Ending 1",
        "correctCount": 5,
        "startTime": 0,
        "songDuration": 89.112,
        "songNumber": 21,
        "activePlayerCount": 214,
        "LinkVideo": "https://files.catbox.moe/fpv24b.webm",
        "LinkMp3": "https://files.catbox.moe/ceht18.mp3",
        "annId": 9295,
        "songDifficulty": 12.250099283854167,
        "vintage": "Fall 2008",
        "correctPlayers": [
            "Heyko",
            "Kirox",
            "Akaze",
            "kitcody1990",
            "Gianlu310"
        ]
    },
    {
        "animeEng": "Gin-iro no Olynssis",
        "animeRomaji": "Gin-iro no Olynssis",
        "songName": "Saraba Seishun no Hibi",
        "artist": "THE Inazuma Sentai",
        "type": "Ending 1",
        "correctCount": 4,
        "startTime": 26,
        "songDuration": 89.112,
        "songNumber": 22,
        "activePlayerCount": 214,
        "LinkVideo": "https://files.catbox.moe/qn732n.webm",
        "LinkMp3": "https://files.catbox.moe/y9910q.mp3",
        "annId": 6814,
        "songDifficulty": 7.904814004376368,
        "vintage": "Fall 2006",
        "correctPlayers": [
            "Baguett",
            "Gimmicks",
            "ShiroKuro",
            "asleep"
        ]
    },
    {
        "animeEng": "Sakura Wars: Ecole de Paris",
        "animeRomaji": "Sakura Taisen: Ecole de Paris",
        "songName": "Mihata no Moto ni",
        "artist": "Noriko Hidaka, Saeko Shimazu, Etsuko Kozakura, Kikuko Inoue, Yoshino Takamori",
        "type": "Insert Song",
        "correctCount": 23,
        "startTime": 35,
        "songDuration": 63.48,
        "songNumber": 23,
        "activePlayerCount": 213,
        "LinkVideo": "https://files.catbox.moe/vrbj7i.webm",
        "LinkMp3": "https://files.catbox.moe/s05o65.mp3",
        "annId": 2605,
        "songDifficulty": 13.245964411831713,
        "vintage": "Winter 2003"
    },
    {
        "animeEng": "Kiss\u00d7sis",
        "animeRomaji": "Kiss\u00d7sis",
        "songName": "Balance KISS",
        "artist": "AkoRiko",
        "type": "Opening 1",
        "correctCount": 80,
        "startTime": 42,
        "songDuration": 90.144,
        "songNumber": 24,
        "activePlayerCount": 213,
        "LinkVideo": "https://files.catbox.moe/qjnzwm.webm",
        "LinkMp3": "https://files.catbox.moe/qu4x7y.mp3",
        "annId": 11169,
        "songDifficulty": 33.56910532953884,
        "vintage": "Spring 2010"
    },
    {
        "animeEng": "Himouto! Umaru-chan R",
        "animeRomaji": "Himouto! Umaru-chan R",
        "songName": "Nimensei\u2606Uraomote Life!",
        "artist": "Aimi Tanaka",
        "type": "Opening 1",
        "correctCount": 102,
        "startTime": 44,
        "songDuration": 88.944,
        "songNumber": 25,
        "activePlayerCount": 212,
        "LinkVideo": "https://files.catbox.moe/2uy24t.webm",
        "LinkMp3": "https://files.catbox.moe/xx9vki.mp3",
        "annId": 20017,
        "songDifficulty": 44.50175321872977,
        "vintage": "Fall 2017"
    },
    {
        "animeEng": "Miyuki",
        "animeRomaji": "Miyuki",
        "songName": "Shiroi Urei",
        "artist": "Takao Kisugi",
        "type": "Insert Song",
        "correctCount": 5,
        "startTime": 48,
        "songDuration": 85.272,
        "songNumber": 26,
        "activePlayerCount": 212,
        "LinkVideo": "https://files.catbox.moe/yyr4fg.webm",
        "LinkMp3": "https://files.catbox.moe/btfqmn.mp3",
        "annId": 1485,
        "songDifficulty": 14.285714285714286,
        "vintage": "Winter 1983",
        "correctPlayers": [
            "Hejsan",
            "Hyonoka",
            "Kawada6",
            "Rukawa11",
            "Rejax"
        ]
    },
    {
        "animeEng": "Nekopara",
        "animeRomaji": "Nekopara",
        "songName": "Shiny Happy Days",
        "artist": "Yuki Yagi, Iori Saeki, Shiori Izawa, Miku Itou, Yuri Noguchi, Marin Mizutani",
        "type": "Opening 1",
        "correctCount": 73,
        "startTime": 46,
        "songDuration": 89.304,
        "songNumber": 27,
        "activePlayerCount": 212,
        "LinkVideo": "https://files.catbox.moe/uo7vd0.webm",
        "LinkMp3": "https://files.catbox.moe/ltfhqm.mp3",
        "annId": 22247,
        "songDifficulty": 33.76699681107792,
        "vintage": "Winter 2020"
    },
    {
        "animeEng": "Pok\u00e9mon Chronicles",
        "animeRomaji": "Pocket Monsters Side Story",
        "songName": "Hyakugojyuuichi",
        "artist": "Unsho Ishizuka to Pokemon Kids",
        "type": "Ending 4",
        "correctCount": 28,
        "startTime": 13,
        "songDuration": 79.332514,
        "songNumber": 28,
        "activePlayerCount": 213,
        "LinkVideo": "https://files.catbox.moe/nfknbr.webm",
        "LinkMp3": "https://files.catbox.moe/ak43e0.mp3",
        "annId": 15668,
        "songDifficulty": 21.808689203477442,
        "vintage": "Fall 2002"
    },
    {
        "animeEng": "Aikatsu!",
        "animeRomaji": "Aikatsu!",
        "songName": "We wish you a merry Christmas AIKATSU! Ver.",
        "artist": "Sunao from STAR\u2606ANIS",
        "type": "Insert Song",
        "correctCount": 106,
        "startTime": 18,
        "songDuration": 118.488,
        "songNumber": 29,
        "activePlayerCount": 214,
        "LinkVideo": "https://files.catbox.moe/jucz04.webm",
        "LinkMp3": "https://files.catbox.moe/52ehgh.mp3",
        "annId": 15597,
        "songDifficulty": 42.41128717237903,
        "vintage": "Fall 2013"
    },
    {
        "animeEng": "Yadamon: Magical Dreamer",
        "animeRomaji": "Yadamon",
        "songName": "Nantettatte Yadamon",
        "artist": "Issei Futamata, Mami Suzuki, Rie Iwatsubo",
        "type": "Insert Song",
        "correctCount": 148,
        "startTime": 9,
        "songDuration": 78.49661,
        "songNumber": 30,
        "activePlayerCount": 215,
        "LinkVideo": "https://files.catbox.moe/kwyozr.webm",
        "LinkMp3": "https://files.catbox.moe/7p6uf0.mp3",
        "annId": 1389,
        "songDifficulty": 43.430214739860375,
        "vintage": "Summer 1992"
    },
    {
        "animeEng": "Kingdom",
        "animeRomaji": "Kingdom",
        "songName": "Pride",
        "artist": "Nothing's Carved in Stone",
        "type": "Opening 1",
        "correctCount": 44,
        "startTime": 30,
        "songDuration": 88.44,
        "songNumber": 31,
        "activePlayerCount": 214,
        "LinkVideo": "https://files.catbox.moe/f32e7u.webm",
        "LinkMp3": "https://files.catbox.moe/5laee7.mp3",
        "annId": 13783,
        "songDifficulty": 19.976564795094006,
        "vintage": "Spring 2012"
    },
    {
        "animeEng": "Detective Conan",
        "animeRomaji": "Meitantei Conan",
        "songName": "Nazo",
        "artist": "Miho Komatsu",
        "type": "Opening 3",
        "correctCount": 45,
        "startTime": 52,
        "songDuration": 93.24,
        "songNumber": 32,
        "activePlayerCount": 214,
        "LinkVideo": "https://files.catbox.moe/66tme3.webm",
        "LinkMp3": "https://files.catbox.moe/dz3gxj.mp3",
        "annId": 454,
        "songDifficulty": 32.88997053437265,
        "vintage": "Winter 1996"
    },
    {
        "animeEng": "Yu-Gi-Oh! VRAINS",
        "animeRomaji": "Yu-Gi-Oh! VRAINS",
        "songName": "With The Wind",
        "artist": "Hiroaki TOMMY Tominaga",
        "type": "Opening 1",
        "correctCount": 57,
        "startTime": 30,
        "songDuration": 88.368,
        "songNumber": 33,
        "activePlayerCount": 214,
        "LinkVideo": "https://files.catbox.moe/79zo3o.webm",
        "LinkMp3": "https://files.catbox.moe/5uwxp6.mp3",
        "annId": 19180,
        "songDifficulty": 29.62926479468599,
        "vintage": "Spring 2017"
    },
    {
        "animeEng": "Pico: Boku no Chiisana Natsu Monogatari",
        "animeRomaji": "Pico: Boku no Chiisana Natsu Monogatari",
        "songName": "Suki ~Natsu o Mitsuketakute~",
        "artist": "Pico",
        "type": "Opening 1",
        "correctCount": 10,
        "startTime": 4,
        "songDuration": 269.592,
        "songNumber": 34,
        "activePlayerCount": 214,
        "LinkVideo": "https://files.catbox.moe/8478u1.webm",
        "LinkMp3": "https://files.catbox.moe/xd0w11.mp3",
        "annId": 22683,
        "songDifficulty": 20.545484469045572,
        "vintage": "Fall 2007"
    },
    {
        "animeEng": "Amazing Nuts!",
        "animeRomaji": "Amazing Nuts!",
        "songName": "Here by my side (original short edit)",
        "artist": "mink",
        "type": "Insert Song",
        "correctCount": 5,
        "startTime": 100,
        "songDuration": 153.440628,
        "songNumber": 35,
        "activePlayerCount": 215,
        "LinkVideo": "https://files.catbox.moe/v8ewvh.webm",
        "LinkMp3": "https://files.catbox.moe/l5w3lh.mp3",
        "annId": 7246,
        "songDifficulty": 10.390744092987806,
        "vintage": "Fall 2006",
        "correctPlayers": [
            "GinkoSimp",
            "DjCharat",
            "Kakkeru",
            "Delete",
            "Rukawa11"
        ]
    },
    {
        "animeEng": "The King of Braves GaoGaiGar",
        "animeRomaji": "Yuusha-Oh GaoGaiGar",
        "songName": "Yuusha-Ou Tanjou!",
        "artist": "Masaaki Endoh",
        "type": "Opening 1",
        "correctCount": 32,
        "startTime": 57,
        "songDuration": 88.848,
        "songNumber": 36,
        "activePlayerCount": 215,
        "LinkVideo": "https://files.catbox.moe/edeawz.webm",
        "LinkMp3": "https://files.catbox.moe/0j1vv5.mp3",
        "annId": 1170,
        "songDifficulty": 32.09112311078218,
        "vintage": "Winter 1997"
    },
    {
        "animeEng": "Canvas 2: Niji-iro no Sketch",
        "animeRomaji": "Canvas 2: Niji-iro no Sketch",
        "songName": "Akihabara no Yoru",
        "artist": "Yuka Inokuchi, Hideyuki Umezu",
        "type": "Insert Song",
        "correctCount": 3,
        "startTime": 21,
        "songDuration": 56.28,
        "songNumber": 37,
        "activePlayerCount": 214,
        "LinkVideo": "https://files.catbox.moe/6z908f.webm",
        "LinkMp3": "https://files.catbox.moe/a763rn.mp3",
        "annId": 5976,
        "songDifficulty": 15.654274862320698,
        "vintage": "Fall 2005",
        "correctPlayers": [
            "kaghey",
            "Heyko",
            "gaaw"
        ]
    },
    {
        "animeEng": "Angel's 3Piece!",
        "animeRomaji": "Tenshi no 3P!",
        "songName": "HOWLING",
        "artist": "Yuuko Oono, Yurika Endou, Aoi Koga",
        "type": "Ending 2",
        "correctCount": 15,
        "startTime": 24,
        "songDuration": 95.52,
        "songNumber": 38,
        "activePlayerCount": 214,
        "LinkVideo": "https://files.catbox.moe/93imof.webm",
        "LinkMp3": "https://files.catbox.moe/7v98k0.mp3",
        "annId": 18908,
        "songDifficulty": 21.97456701807229,
        "vintage": "Summer 2017"
    },
    {
        "animeEng": "Land of the Lustrous",
        "animeRomaji": "Houseki no Kuni",
        "songName": "Kyoumen no Nami [Orchestra Ver.]",
        "artist": "YURiKA",
        "type": "Ending 3",
        "correctCount": 123,
        "startTime": 18,
        "songDuration": 85.608,
        "songNumber": 39,
        "activePlayerCount": 213,
        "LinkVideo": "https://files.catbox.moe/tcp07s.webm",
        "LinkMp3": "https://files.catbox.moe/pik4jx.mp3",
        "annId": 19614,
        "songDifficulty": 44.635556667170036,
        "vintage": "Fall 2017"
    },
    {
        "animeEng": "Naruto: The Cross Roads",
        "animeRomaji": "Naruto: The Cross Roads",
        "songName": "Haruka Kanata",
        "artist": "ASIAN KUNG-FU GENERATION",
        "type": "Ending 1",
        "correctCount": 177,
        "startTime": 14,
        "songDuration": 86.856,
        "songNumber": 40,
        "activePlayerCount": 215,
        "LinkVideo": "https://files.catbox.moe/37gdb0.webm",
        "LinkMp3": "https://files.catbox.moe/lv3xbm.mp3",
        "annId": 14834,
        "songDifficulty": 59.864455100021985,
        "vintage": "Fall 2009"
    },
    {
        "animeEng": "Handsome Girl",
        "animeRomaji": "Handsome na Kanojo",
        "songName": "Egao wa Poker Face",
        "artist": "Erika Haneda",
        "type": "Insert Song",
        "correctCount": 9,
        "startTime": 28,
        "songDuration": 83.064,
        "songNumber": 41,
        "activePlayerCount": 215,
        "LinkVideo": "https://files.catbox.moe/z8zfm9.webm",
        "LinkMp3": "https://files.catbox.moe/zfagy0.mp3",
        "annId": 3610,
        "songDifficulty": 10.011666839700997,
        "vintage": "Summer 1991"
    },
    {
        "animeEng": "Gintama",
        "animeRomaji": "Gintama",
        "songName": "Kabukichou Aika",
        "artist": "Hashio Hideo",
        "type": "Insert Song",
        "correctCount": 30,
        "startTime": 9,
        "songDuration": 65.1152,
        "songNumber": 42,
        "activePlayerCount": 215,
        "LinkVideo": "https://files.catbox.moe/2ic59e.webm",
        "LinkMp3": "https://files.catbox.moe/zssz3l.mp3",
        "annId": 6236,
        "songDifficulty": 22.517177584335336,
        "vintage": "Spring 2006"
    },
    {
        "animeEng": "Majo demo Steady",
        "animeRomaji": "Majo demo Steady",
        "songName": "Morning Date",
        "artist": "Miki Takahashi",
        "type": "Opening 1",
        "correctCount": 8,
        "startTime": 31,
        "songDuration": 126.072,
        "songNumber": 43,
        "activePlayerCount": 215,
        "LinkVideo": "https://files.catbox.moe/0bm6nx.webm",
        "LinkMp3": "https://files.catbox.moe/g6tjpz.mp3",
        "annId": 7079,
        "songDifficulty": 14.38267155283505,
        "vintage": "Summer 1986"
    },
    {
        "animeEng": "Miss Kobayashi's Dragon Maid S",
        "animeRomaji": "Kobayashi-san Chi no Maid Dragon S",
        "songName": "Maid With Dragons\u2665",
        "artist": "Super Chorogons",
        "type": "Ending 1",
        "correctCount": 61,
        "startTime": 31,
        "songDuration": 90.072,
        "songNumber": 44,
        "activePlayerCount": 215,
        "LinkVideo": "https://files.catbox.moe/9zymfx.webm",
        "LinkMp3": "https://files.catbox.moe/wpkp4k.mp3",
        "annId": 23562,
        "songDifficulty": 36.05591852704937,
        "vintage": "Summer 2021"
    },
    {
        "animeEng": "Hunter x Hunter: Phantom Rouge",
        "animeRomaji": "Hunter x Hunter: Phantom Rouge",
        "songName": "REASON",
        "artist": "Yuzu",
        "type": "Ending 1",
        "correctCount": 111,
        "startTime": 236,
        "songDuration": 299.904,
        "songNumber": 45,
        "activePlayerCount": 214,
        "LinkVideo": "https://files.catbox.moe/3j20al.webm",
        "LinkMp3": "https://files.catbox.moe/aco76u.mp3",
        "annId": 14152,
        "songDifficulty": 44.33355596474796,
        "vintage": "Winter 2013"
    },
    {
        "animeEng": "The Princess and the Pilot",
        "animeRomaji": "Toaru Hikuushi e no Tsuioku",
        "songName": "Toki no Tsubasa",
        "artist": "Seiko Niizuma",
        "type": "Ending 1",
        "correctCount": 2,
        "startTime": 93,
        "songDuration": 262.996296,
        "songNumber": 46,
        "activePlayerCount": 213,
        "LinkVideo": "https://files.catbox.moe/gko95x.webm",
        "LinkMp3": "https://files.catbox.moe/65byhs.mp3",
        "annId": 11419,
        "songDifficulty": 6.2210205299467365,
        "vintage": "Fall 2011",
        "correctPlayers": [
            "Kakkeru",
            "Rukawa11"
        ]
    },
    {
        "animeEng": "One Piece Film Z",
        "animeRomaji": "One Piece Film Z",
        "songName": "Kaidou",
        "artist": "Osamu Suzuki & Umishirube Gasshou-dan",
        "type": "Insert Song",
        "correctCount": 28,
        "startTime": 163,
        "songDuration": 211.224,
        "songNumber": 47,
        "activePlayerCount": 214,
        "LinkVideo": "https://files.catbox.moe/mj0rk0.webm",
        "LinkMp3": "https://files.catbox.moe/st5fnv.mp3",
        "annId": 14258,
        "songDifficulty": 15.975611457425957,
        "vintage": "Fall 2012"
    },
    {
        "animeEng": "Simple yet sexy",
        "animeRomaji": "JimiHen!!: Jimiko o Kaechauu Jun Isei Kouyuu",
        "songName": "After Five Cinderella",
        "artist": "Saki Hazuki",
        "type": "Ending 1",
        "correctCount": 10,
        "startTime": 26,
        "songDuration": 84.888,
        "songNumber": 48,
        "activePlayerCount": 212,
        "LinkVideo": "https://files.catbox.moe/pfbm4q.webm",
        "LinkMp3": "https://files.catbox.moe/2glrtu.mp3",
        "annId": 23771,
        "songDifficulty": 13.636661704624478,
        "vintage": "Winter 2021"
    },
    {
        "animeEng": "Hans Christian Andersen Stories",
        "animeRomaji": "Andersen Monogatari",
        "songName": "Chianti no Uta",
        "artist": "Eiko Masuyama with Young Fresh",
        "type": "Ending 1",
        "correctCount": 1,
        "startTime": 11,
        "songDuration": 75.072,
        "songNumber": 49,
        "activePlayerCount": 212,
        "LinkVideo": "https://files.catbox.moe/7zhyv7.webm",
        "LinkMp3": "https://files.catbox.moe/ifpa3e.mp3",
        "annId": 434,
        "songDifficulty": 6.690821550894475,
        "vintage": "Winter 1971",
        "correctPlayers": [
            "Akaze"
        ]
    },
    {
        "animeEng": "Dr. Slump",
        "animeRomaji": "Dr. Slump",
        "songName": "Let me go!",
        "artist": "Favorite Blue",
        "type": "Ending 2",
        "correctCount": 0,
        "startTime": 56,
        "songDuration": 99.192,
        "songNumber": 50,
        "activePlayerCount": 213,
        "LinkVideo": "https://files.catbox.moe/2ewi4v.webm",
        "LinkMp3": "https://files.catbox.moe/cqi517.mp3",
        "annId": 972,
        "songDifficulty": 4.33467774750084,
        "vintage": "Fall 1997"
    },
    {
        "animeEng": "Warlords of Sigrdrifa",
        "animeRomaji": "Senyoku no Sigrdrifa",
        "songName": "Claudia no Komoriuta",
        "artist": "Hibiku Yamamura",
        "type": "Insert Song",
        "correctCount": 8,
        "startTime": 67,
        "songDuration": 114.072,
        "songNumber": 51,
        "activePlayerCount": 214,
        "LinkVideo": "https://files.catbox.moe/yvic4a.webm",
        "LinkMp3": "https://files.catbox.moe/yo9qe0.mp3",
        "annId": 23067,
        "songDifficulty": 13.381066953502415,
        "vintage": "Fall 2020"
    },
    {
        "animeEng": "Yuki Yuna is a Hero: Washio Sumi Chapter",
        "animeRomaji": "Yuuki Yuuna wa Yuusha de Aru: Washio Sumi no Shou",
        "songName": "Tomodachi",
        "artist": "Suzuko Mimori & Kana Hanazawa",
        "type": "Ending 3",
        "correctCount": 18,
        "startTime": 45,
        "songDuration": 88.056,
        "songNumber": 52,
        "activePlayerCount": 215,
        "LinkVideo": "https://files.catbox.moe/ur7130.webm",
        "LinkMp3": "https://files.catbox.moe/odkbpl.mp3",
        "annId": 20071,
        "songDifficulty": 19.847926082703722,
        "vintage": "Fall 2017"
    },
    {
        "animeEng": "Kinnikuman",
        "animeRomaji": "Kinnikuman",
        "songName": "Kanashimi no Bear Claw",
        "artist": "Woo",
        "type": "Insert Song",
        "correctCount": 2,
        "startTime": 0,
        "songDuration": 47.592,
        "songNumber": 53,
        "activePlayerCount": 214,
        "LinkVideo": "https://files.catbox.moe/wrqwxs.webm",
        "LinkMp3": "https://files.catbox.moe/8pvrbw.mp3",
        "annId": 3640,
        "songDifficulty": 5.487804878048781,
        "vintage": "Summer 1984",
        "correctPlayers": [
            "Gimmicks",
            "Zylda"
        ]
    },
    {
        "animeEng": "Magical Star Kanon 100%",
        "animeRomaji": "Magical Star Kanon 100%",
        "songName": "Kanon 100%",
        "artist": "Nao Touyama",
        "type": "Opening 1",
        "correctCount": 81,
        "startTime": 42,
        "songDuration": 88.464,
        "songNumber": 54,
        "activePlayerCount": 213,
        "LinkVideo": "https://files.catbox.moe/vutcl1.webm",
        "LinkMp3": "https://files.catbox.moe/djjsrc.mp3",
        "annId": 15378,
        "songDifficulty": 31.835165622794637,
        "vintage": "Spring 2013"
    },
    {
        "animeEng": "Ginpei the Penguin",
        "animeRomaji": "Bucket de Gohan",
        "songName": "Shiawase no Ou-sama",
        "artist": "Papa Lunch Mama",
        "type": "Opening 1",
        "correctCount": 4,
        "startTime": 31,
        "songDuration": 85.131598,
        "songNumber": 55,
        "activePlayerCount": 213,
        "LinkVideo": "https://files.catbox.moe/gwn8nr.webm",
        "LinkMp3": "https://files.catbox.moe/aar7iu.mp3",
        "annId": 1230,
        "songDifficulty": 10.075187969924812,
        "vintage": "Winter 1996",
        "correctPlayers": [
            "DrRodneyMcKay",
            "gaaw",
            "Rukawa11",
            "munyamunya"
        ]
    },
    {
        "animeEng": "High School DxD BorN",
        "animeRomaji": "High School DxD BorN",
        "songName": "Oppai Dragon no Uta",
        "artist": "Yuki Kaji",
        "type": "Ending 2",
        "correctCount": 144,
        "startTime": 90,
        "songDuration": 169.44,
        "songNumber": 56,
        "activePlayerCount": 213,
        "LinkVideo": "https://files.catbox.moe/ztleuy.webm",
        "LinkMp3": "https://files.catbox.moe/cxqy3n.mp3",
        "annId": 16620,
        "songDifficulty": 34.35023934070272,
        "vintage": "Spring 2015"
    },
    {
        "animeEng": "Touch",
        "animeRomaji": "Touch",
        "songName": "Hoshi no Silhouette",
        "artist": "Hiroaki Serizawa",
        "type": "Insert Song",
        "correctCount": 14,
        "startTime": 10,
        "songDuration": 102.972924,
        "songNumber": 57,
        "activePlayerCount": 213,
        "LinkVideo": "https://files.catbox.moe/tzbgxu.webm",
        "LinkMp3": "https://files.catbox.moe/1n4rzl.mp3",
        "annId": 619,
        "songDifficulty": 24.973753280839894,
        "vintage": "Winter 1985"
    },
    {
        "animeEng": "Bludgeoning Angel Dokuro-chan",
        "animeRomaji": "Bokusatsu Tenshi Dokuro-chan",
        "songName": "Bokusatsu Tenshi Dokuro-chan",
        "artist": "Saeko Chiba",
        "type": "Opening 1",
        "correctCount": 99,
        "startTime": 10,
        "songDuration": 89.712,
        "songNumber": 58,
        "activePlayerCount": 213,
        "LinkVideo": "https://files.catbox.moe/9rjm94.webm",
        "LinkMp3": "https://files.catbox.moe/fuy28e.mp3",
        "annId": 5094,
        "songDifficulty": 43.325025624020256,
        "vintage": "Winter 2005"
    },
    {
        "animeEng": "Kakegurui",
        "animeRomaji": "Kakegurui",
        "songName": "Deal with the devil",
        "artist": "Tia",
        "type": "Opening 1",
        "correctCount": 195,
        "startTime": 26,
        "songDuration": 95.064,
        "songNumber": 59,
        "activePlayerCount": 213,
        "LinkVideo": "https://files.catbox.moe/d8sqk8.webm",
        "LinkMp3": "https://files.catbox.moe/90t6bx.mp3",
        "annId": 19102,
        "songDifficulty": 65.03072228562586,
        "vintage": "Summer 2017"
    },
    {
        "animeEng": "Tiger Mask W",
        "animeRomaji": "Tiger Mask W",
        "songName": "Ike! Tiger Mask",
        "artist": "Shonan no Kaze",
        "type": "Opening 1",
        "correctCount": 40,
        "startTime": 3,
        "songDuration": 58.392,
        "songNumber": 60,
        "activePlayerCount": 214,
        "LinkVideo": "https://files.catbox.moe/avuvit.webm",
        "LinkMp3": "https://files.catbox.moe/1xbtw8.mp3",
        "annId": 18637,
        "songDifficulty": 27.051919883519446,
        "vintage": "Fall 2016"
    },
    {
        "animeEng": "Shaman King",
        "animeRomaji": "Shaman King",
        "songName": "Ryuuro",
        "artist": "Romi Park",
        "type": "Insert Song",
        "correctCount": 27,
        "startTime": 35,
        "songDuration": 118.228172,
        "songNumber": 61,
        "activePlayerCount": 214,
        "LinkVideo": "https://files.catbox.moe/nmwkga.webm",
        "LinkMp3": "https://files.catbox.moe/b00fzx.mp3",
        "annId": 3557,
        "songDifficulty": 13.960140337959265,
        "vintage": "Winter 2002"
    },
    {
        "animeEng": "Dream Festival!",
        "animeRomaji": "DreFes!!!!!!",
        "songName": "Shin Ai naru Yume e!",
        "artist": "DearDream",
        "type": "Ending 1",
        "correctCount": 5,
        "startTime": 44,
        "songDuration": 88.728,
        "songNumber": 62,
        "activePlayerCount": 213,
        "LinkVideo": "https://files.catbox.moe/5sm4tb.webm",
        "LinkMp3": "https://files.catbox.moe/kn4ihb.mp3",
        "annId": 18665,
        "songDifficulty": 15.529782016177652,
        "vintage": "Summer 2016",
        "correctPlayers": [
            "Hyonoka",
            "ShiroKuro",
            "Exordium",
            "Shirokane",
            "NanashiMumei"
        ]
    },
    {
        "animeEng": "Aria the Origination",
        "animeRomaji": "Aria the Origination",
        "songName": "Undine",
        "artist": "Yui Makino",
        "type": "Ending 3",
        "correctCount": 83,
        "startTime": 152,
        "songDuration": 216.055062,
        "songNumber": 63,
        "activePlayerCount": 213,
        "LinkVideo": "https://files.catbox.moe/k6xhfi.webm",
        "LinkMp3": "https://files.catbox.moe/94whmu.mp3",
        "annId": 8657,
        "songDifficulty": 37.27015663965087,
        "vintage": "Winter 2008"
    },
    {
        "animeEng": "Miracle Girl Limit-chan",
        "animeRomaji": "Miracle Shoujo Limit-chan",
        "songName": "Shiawase o Yobu Limit-chan",
        "artist": "Kumiko Oosugi",
        "type": "Opening 1",
        "correctCount": 122,
        "startTime": 3,
        "songDuration": 89.781314,
        "songNumber": 64,
        "activePlayerCount": 213,
        "LinkVideo": "https://files.catbox.moe/8a54sw.webm",
        "LinkMp3": "https://files.catbox.moe/73kn6x.mp3",
        "annId": 1479,
        "songDifficulty": 27.898198810223267,
        "vintage": "Fall 1973"
    },
    {
        "animeEng": "BanG Dream! 2nd Season",
        "animeRomaji": "BanG Dream! 2nd Season",
        "songName": "Egao Sing A Song",
        "artist": "Hello, Happy World!",
        "type": "Insert Song",
        "correctCount": 39,
        "startTime": 57,
        "songDuration": 101.405604,
        "songNumber": 65,
        "activePlayerCount": 213,
        "LinkVideo": "https://files.catbox.moe/cj3a5b.webm",
        "LinkMp3": "https://files.catbox.moe/id0i6n.mp3",
        "annId": 21289,
        "songDifficulty": 40.08048302442024,
        "vintage": "Winter 2019"
    },
    {
        "animeEng": "The Legend of Zorro",
        "animeRomaji": "Kaiketsu Zorro",
        "songName": "ZORRO",
        "artist": "Masaaki Endoh",
        "type": "Opening 1",
        "correctCount": 62,
        "startTime": 35,
        "songDuration": 88.488,
        "songNumber": 66,
        "activePlayerCount": 213,
        "LinkVideo": "https://files.catbox.moe/ehsj2u.webm",
        "LinkMp3": "https://files.catbox.moe/xvom78.mp3",
        "annId": 1744,
        "songDifficulty": 20.94439624777316,
        "vintage": "Spring 1996"
    },
    {
        "animeEng": "Hidamari Sketch",
        "animeRomaji": "Hidamari Sketch",
        "songName": "Sketch Switch",
        "artist": "Kana Asumi, Kaori Mizuhashi, Ryoko Shintani, Yuuko Gotou",
        "type": "Opening 1",
        "correctCount": 42,
        "startTime": 18,
        "songDuration": 89.328,
        "songNumber": 67,
        "activePlayerCount": 213,
        "LinkVideo": "https://files.catbox.moe/ptax4u.webm",
        "LinkMp3": "https://files.catbox.moe/hyvtzz.mp3",
        "annId": 8695,
        "songDifficulty": 32.120160810005956,
        "vintage": "Fall 2007"
    },
    {
        "animeEng": "Teekyuu",
        "animeRomaji": "Teekyuu",
        "songName": "Tsuppari-kun vs. Sekitori-man",
        "artist": "Yui Watanabe, Suzuko Mimori, Kyouko Narumi, Kana Hanazawa",
        "type": "Opening 1",
        "correctCount": 132,
        "startTime": 1,
        "songDuration": 29.976,
        "songNumber": 68,
        "activePlayerCount": 213,
        "LinkVideo": "https://files.catbox.moe/6nrrs5.webm",
        "LinkMp3": "https://files.catbox.moe/up8521.mp3",
        "annId": 17896,
        "songDifficulty": 43.976233741392505,
        "vintage": "Winter 2016"
    },
    {
        "animeEng": "Don't Toy With Me, Miss Nagatoro",
        "animeRomaji": "Ijiranaide, Nagatoro-san",
        "songName": "Colorful Canvas",
        "artist": "Gin (BUSTED ROSE)",
        "type": "Ending 2",
        "correctCount": 102,
        "startTime": 15,
        "songDuration": 89.568,
        "songNumber": 69,
        "activePlayerCount": 213,
        "LinkVideo": "https://files.catbox.moe/zlur2t.webm",
        "LinkMp3": "https://files.catbox.moe/pcbnnu.mp3",
        "annId": 23755,
        "songDifficulty": 30.313363378424853,
        "vintage": "Spring 2021"
    },
    {
        "animeEng": "Beyblade: Metal Masters",
        "animeRomaji": "Metal Fight Beyblade Baku",
        "songName": "SPINNING THE WORLD",
        "artist": "Noa",
        "type": "Opening 2",
        "correctCount": 19,
        "startTime": 6,
        "songDuration": 87.456456,
        "songNumber": 70,
        "activePlayerCount": 213,
        "LinkVideo": "https://files.catbox.moe/432ml5.webm",
        "LinkMp3": "https://files.catbox.moe/zegq65.mp3",
        "annId": 12917,
        "songDifficulty": 15.644777220764619,
        "vintage": "Spring 2010"
    },
    {
        "animeEng": "Yasuke",
        "animeRomaji": "Yasuke",
        "songName": "between memories",
        "artist": "Flying Lotus, Niki Randa, Thundercat",
        "type": "Ending 1",
        "correctCount": 12,
        "startTime": 20,
        "songDuration": 91.392,
        "songNumber": 71,
        "activePlayerCount": 213,
        "LinkVideo": "https://files.catbox.moe/kuhq5g.webm",
        "LinkMp3": "https://files.catbox.moe/t7anag.mp3",
        "annId": 24121,
        "songDifficulty": 15.680812810430464,
        "vintage": "Spring 2021"
    },
    {
        "animeEng": "2.43: Seiin High School Boys Volleyball Team",
        "animeRomaji": "2.43: Seiin Koukou Danshi Volley-bu",
        "songName": "Mahi",
        "artist": "yama",
        "type": "Opening 1",
        "correctCount": 69,
        "startTime": 52,
        "songDuration": 89.304,
        "songNumber": 72,
        "activePlayerCount": 214,
        "LinkVideo": "https://files.catbox.moe/24bjow.webm",
        "LinkMp3": "https://files.catbox.moe/e2kgt9.mp3",
        "annId": 23487,
        "songDifficulty": 30.27873983114575,
        "vintage": "Winter 2021"
    },
    {
        "animeEng": "Little Goblin",
        "animeRomaji": "Kaibutsu-kun",
        "songName": "Ore wa Kaibutsu-kun Da",
        "artist": "Fuyumi Shiraishi",
        "type": "Opening 1",
        "correctCount": 127,
        "startTime": 5,
        "songDuration": 50.885656,
        "songNumber": 73,
        "activePlayerCount": 215,
        "LinkVideo": "https://files.catbox.moe/b09mxr.webm",
        "LinkMp3": "https://files.catbox.moe/f3leb8.mp3",
        "annId": 1850,
        "songDifficulty": 27.9357082560911,
        "vintage": "Spring 1968"
    },
    {
        "animeEng": "Fate/Extra Last Encore: Illustrias Tendousetsu",
        "animeRomaji": "Fate/Extra Last Encore: Illustrias Tendousetsu",
        "songName": "Tsuki to Hanataba",
        "artist": "Sayuri",
        "type": "Ending 1",
        "correctCount": 94,
        "startTime": 57,
        "songDuration": 86.808,
        "songNumber": 74,
        "activePlayerCount": 216,
        "LinkVideo": "https://files.catbox.moe/x5apke.webm",
        "LinkMp3": "https://files.catbox.moe/d4b97z.mp3",
        "annId": 21106,
        "songDifficulty": 38.528866133146806,
        "vintage": "Summer 2018"
    },
    {
        "animeEng": "Chibi Maruko-chan",
        "animeRomaji": "Chibi Maruko-chan",
        "songName": "Odoru Ponpokorin",
        "artist": "ManaKana",
        "type": "Opening 5",
        "correctCount": 31,
        "startTime": 19,
        "songDuration": 86.688,
        "songNumber": 75,
        "activePlayerCount": 216,
        "LinkVideo": "https://files.catbox.moe/wjrtvf.webm",
        "LinkMp3": "https://files.catbox.moe/l8ll2r.mp3",
        "annId": 909,
        "songDifficulty": 30.236387735637344,
        "vintage": "Winter 1995"
    },
    {
        "animeEng": "Wake Up, Girls!: The Movie",
        "animeRomaji": "Wake Up, Girls!: The Movie",
        "songName": "Tachiagare!",
        "artist": "Wake Up, Girls!",
        "type": "Ending 1",
        "correctCount": 38,
        "startTime": 192,
        "songDuration": 288.072,
        "songNumber": 76,
        "activePlayerCount": 218,
        "LinkVideo": "https://files.catbox.moe/8z3gon.webm",
        "LinkMp3": "https://files.catbox.moe/39buca.mp3",
        "annId": 15713,
        "songDifficulty": 31.49797555543335,
        "vintage": "Winter 2014"
    },
    {
        "animeEng": "Rampo Kitan: Game of Laplace",
        "animeRomaji": "Rampo Kitan: Game of Laplace",
        "songName": "Speed to Masatsu",
        "artist": "amazarashi",
        "type": "Opening 1",
        "correctCount": 73,
        "startTime": 55,
        "songDuration": 88.056,
        "songNumber": 77,
        "activePlayerCount": 218,
        "LinkVideo": "https://files.catbox.moe/pmtla0.webm",
        "LinkMp3": "https://files.catbox.moe/knt0bv.mp3",
        "annId": 16593,
        "songDifficulty": 29.246828561072853,
        "vintage": "Summer 2015"
    },
    {
        "animeEng": "Saint Beast: Seijuu Kourin-hen",
        "animeRomaji": "Saint Beast: Seijuu Kourin-hen",
        "songName": "birdcage",
        "artist": "Tomokazu Sugita",
        "type": "Ending 5",
        "correctCount": 1,
        "startTime": 27,
        "songDuration": 68.518006,
        "songNumber": 78,
        "activePlayerCount": 219,
        "LinkVideo": "https://files.catbox.moe/9uoete.webm",
        "LinkMp3": "https://files.catbox.moe/cs1zsv.mp3",
        "annId": 81,
        "songDifficulty": 5.686274360207951,
        "vintage": "Spring 2003",
        "correctPlayers": [
            "chaabdu92"
        ]
    },
    {
        "animeEng": "Crusher Joe: The Movie",
        "animeRomaji": "Crusher Joe: The Movie",
        "songName": "Hishou <NEVER END>",
        "artist": "Kazuhiro Nishimatsu",
        "type": "Ending 1",
        "correctCount": 7,
        "startTime": 103,
        "songDuration": 187.104,
        "songNumber": 79,
        "activePlayerCount": 219,
        "LinkVideo": "https://files.catbox.moe/3ezrcz.webm",
        "LinkMp3": "https://files.catbox.moe/i5ms3m.mp3",
        "annId": 561,
        "songDifficulty": 10.08212842039801,
        "vintage": "Winter 1983"
    },
    {
        "animeEng": "Fairy Ranmaru: Anata no Kokoro Otasuke Shimasu",
        "animeRomaji": "Fairy Ranmaru: Anata no Kokoro Otasuke Shimasu",
        "songName": "Otokogi de Tango",
        "artist": "Taichi Kusano",
        "type": "Insert Song",
        "correctCount": 8,
        "startTime": 21,
        "songDuration": 74.376,
        "songNumber": 80,
        "activePlayerCount": 220,
        "LinkVideo": "https://files.catbox.moe/wcsmou.webm",
        "LinkMp3": "https://files.catbox.moe/37z3np.mp3",
        "annId": 23933,
        "songDifficulty": 16.75351623919025,
        "vintage": "Spring 2021"
    },
    {
        "animeEng": "Is This a Zombie? of the Dead",
        "animeRomaji": "Kore wa Zombie Desu ka? of the Dead",
        "songName": "*** Passionate",
        "artist": "Iori Nomizu",
        "type": "Opening 1",
        "correctCount": 81,
        "startTime": 27,
        "songDuration": 107.904,
        "songNumber": 81,
        "activePlayerCount": 220,
        "LinkVideo": "https://files.catbox.moe/i4xvab.webm",
        "LinkMp3": "https://files.catbox.moe/bsnxjh.mp3",
        "annId": 13782,
        "songDifficulty": 21.829527429140423,
        "vintage": "Spring 2012"
    },
    {
        "animeEng": "The Heroic Legend of Arslan",
        "animeRomaji": "Arslan Senki",
        "songName": "Lapis Lazuli",
        "artist": "Eir Aoi",
        "type": "Ending 1",
        "correctCount": 63,
        "startTime": 16,
        "songDuration": 89.568,
        "songNumber": 82,
        "activePlayerCount": 221,
        "LinkVideo": "https://files.catbox.moe/0zbazc.webm",
        "LinkMp3": "https://files.catbox.moe/mzn05e.mp3",
        "annId": 16687,
        "songDifficulty": 27.896449221562275,
        "vintage": "Spring 2015"
    },
    {
        "animeEng": "Flowers of Evil",
        "animeRomaji": "Aku no Hana",
        "songName": "Hana -a last flower-",
        "artist": "ASA-CHANG & Junray",
        "type": "Ending 1",
        "correctCount": 95,
        "startTime": 40,
        "songDuration": 121.824,
        "songNumber": 83,
        "activePlayerCount": 220,
        "LinkVideo": "https://files.catbox.moe/sj5i6m.webm",
        "LinkMp3": "https://files.catbox.moe/s222d1.mp3",
        "annId": 14570,
        "songDifficulty": 44.200582035840185,
        "vintage": "Spring 2013"
    },
    {
        "animeEng": "Doraemon",
        "animeRomaji": "Doraemon",
        "songName": "Doraemon no Uta",
        "artist": "Tokyo Purin",
        "type": "Opening 4",
        "correctCount": 190,
        "startTime": 35,
        "songDuration": 68.909836,
        "songNumber": 84,
        "activePlayerCount": 220,
        "LinkVideo": "https://files.catbox.moe/dcaxz3.webm",
        "LinkMp3": "https://files.catbox.moe/g2rp1b.mp3",
        "annId": 1318,
        "songDifficulty": 54.338478007397875,
        "vintage": "Spring 1979"
    },
    {
        "animeEng": "Fuuka",
        "animeRomaji": "Fuuka",
        "songName": "Climber's High!",
        "artist": "Lynn",
        "type": "Insert Song",
        "correctCount": 83,
        "startTime": 57,
        "songDuration": 167.112,
        "songNumber": 85,
        "activePlayerCount": 213,
        "LinkVideo": "https://files.catbox.moe/i1j0q8.webm",
        "LinkMp3": "https://files.catbox.moe/nfz0ed.mp3",
        "annId": 18879,
        "songDifficulty": 35.93614868535419,
        "vintage": "Winter 2017"
    }
]