[
    {
        "animeEng": "I've Been Killing Slimes For 300 Years And Maxed Out My Level",
        "animeRomaji": "Slime Taoshite 300-nen, Shiranai Uchi ni Level Max ni Nattemashita",
        "songName": "Gudafuwa Everyday",
        "artist": "Aoi Yuuki",
        "type": "Opening 1",
        "correctCount": 94,
        "startTime": 11,
        "songDuration": 88.56,
        "songNumber": 1,
        "activePlayerCount": 187,
        "LinkVideo": "https://files.catbox.moe/f7cnjy.webm",
        "LinkMp3": "https://files.catbox.moe/08kt8e.mp3",
        "annId": 22583,
        "songDifficulty": 34.91478297550474,
        "vintage": "Spring 2021"
    },
    {
        "animeEng": "Fate/stay night TV reproduction",
        "animeRomaji": "Fate/stay night TV reproduction",
        "songName": "disillusion -2010-",
        "artist": "Sachi Tainaka",
        "type": "Opening 1",
        "correctCount": 44,
        "startTime": 16,
        "songDuration": 115.464,
        "songNumber": 2,
        "activePlayerCount": 196,
        "LinkVideo": "https://files.catbox.moe/sr2j36.webm",
        "LinkMp3": "https://files.catbox.moe/e6bmsu.mp3",
        "annId": 15401,
        "songDifficulty": 26.437745907199712,
        "vintage": "Winter 2010"
    },
    {
        "animeEng": "AIKa R-16: Virgin Mission",
        "animeRomaji": "AIKa R-16: Virgin Mission",
        "songName": "Sailing To The Future",
        "artist": "Ami Koshimizu",
        "type": "Opening 1",
        "correctCount": 7,
        "startTime": 19,
        "songDuration": 91.344,
        "songNumber": 3,
        "activePlayerCount": 198,
        "LinkVideo": "https://files.catbox.moe/jvkyp7.webm",
        "LinkMp3": "https://files.catbox.moe/cblibi.mp3",
        "annId": 7170,
        "songDifficulty": 13.825224195643486,
        "vintage": "Spring 2007"
    },
    {
        "animeEng": "Web Diver",
        "animeRomaji": "Dennou Boukenki Webdiver",
        "songName": "Tomo yo, Yume no Kanata ni: Gladion no Theme",
        "artist": "Tomokazu Sugita",
        "type": "Insert Song",
        "correctCount": 2,
        "startTime": 78,
        "songDuration": 108.589154,
        "songNumber": 4,
        "activePlayerCount": 200,
        "LinkVideo": "https://files.catbox.moe/uzadp3.webm",
        "LinkMp3": "https://files.catbox.moe/u3psk1.mp3",
        "annId": 1301,
        "songDifficulty": 8.378812297006672,
        "vintage": "Spring 2001",
        "correctPlayers": [
            "Tetsh",
            "kaghey"
        ]
    },
    {
        "animeEng": "Hacka Doll the Animation",
        "animeRomaji": "Hacka Doll the Animation",
        "songName": "Cabbage Kentei",
        "artist": "Hacka Doll",
        "type": "Insert Song",
        "correctCount": 3,
        "startTime": 20,
        "songDuration": 61.728,
        "songNumber": 5,
        "activePlayerCount": 201,
        "LinkVideo": "https://files.catbox.moe/o4dniv.webm",
        "LinkMp3": "https://files.catbox.moe/hfpbyq.mp3",
        "annId": 17034,
        "songDifficulty": 18.423792788856908,
        "vintage": "Fall 2015",
        "correctPlayers": [
            "Ephemeral",
            "watashiii",
            "SrueyaF"
        ]
    },
    {
        "animeEng": "Augmented Reality Girls Trinary",
        "animeRomaji": "Kakuchou Shoujo-kei Trinary",
        "songName": "Epyllion ~Shi wa Kibou o Utau Zetsubou no Ji de no Tanshi~",
        "artist": "FreyMENOW",
        "type": "Insert Song",
        "correctCount": 3,
        "startTime": 55,
        "songDuration": 92.0587,
        "songNumber": 6,
        "activePlayerCount": 204,
        "LinkVideo": "https://files.catbox.moe/hevjf5.webm",
        "LinkMp3": "https://files.catbox.moe/x3wvgi.mp3",
        "annId": 19772,
        "songDifficulty": 16.26821449154713,
        "vintage": "Spring 2017",
        "correctPlayers": [
            "Ullei",
            "Szafa",
            "SrueyaF"
        ]
    },
    {
        "animeEng": "Meiji Tokyo Renka",
        "animeRomaji": "Meiji Tokyo Renka",
        "songName": "Yoiya Yoiya",
        "artist": "Kousuke Toriumi & Jun Fukuyama",
        "type": "Ending 3",
        "correctCount": 4,
        "startTime": 20,
        "songDuration": 111.288,
        "songNumber": 7,
        "activePlayerCount": 209,
        "LinkVideo": "https://files.catbox.moe/kusvmq.webm",
        "LinkMp3": "https://files.catbox.moe/ji970t.mp3",
        "annId": 20572,
        "songDifficulty": 17.68721760372151,
        "vintage": "Winter 2019",
        "correctPlayers": [
            "Baguett",
            "Nalyssia",
            "Rukawa11",
            "SrueyaF"
        ]
    },
    {
        "animeEng": "Hellsing",
        "animeRomaji": "Hellsing",
        "songName": "COOL\u2020 ~Logos Naki World~",
        "artist": "Yasushi Ishii",
        "type": "Opening 1",
        "correctCount": 131,
        "startTime": 28,
        "songDuration": 76.92929,
        "songNumber": 8,
        "activePlayerCount": 211,
        "LinkVideo": "https://files.catbox.moe/3ia1d0.webm",
        "LinkMp3": "https://files.catbox.moe/znsnsa.mp3",
        "annId": 387,
        "songDifficulty": 40.12034550045914,
        "vintage": "Fall 2001"
    },
    {
        "animeEng": "Glass no Kamen Desu ga Onna Spy no Koi! Murasaki no Bara wa Kiken na Kaori!?",
        "animeRomaji": "Glass no Kamen Desu ga Onna Spy no Koi! Murasaki no Bara wa Kiken na Kaori!?",
        "songName": "Kamen no Utage",
        "artist": "Toshihiko Takamizawa",
        "type": "Ending 1",
        "correctCount": 1,
        "startTime": 119,
        "songDuration": 198.216,
        "songNumber": 9,
        "activePlayerCount": 214,
        "LinkVideo": "https://files.catbox.moe/d74uzm.webm",
        "LinkMp3": "https://files.catbox.moe/b0d034.mp3",
        "annId": 15216,
        "songDifficulty": 8.959628340126812,
        "vintage": "Spring 2013",
        "correctPlayers": [
            "Rukawa11"
        ]
    },
    {
        "animeEng": "Re-Main",
        "animeRomaji": "Re-Main",
        "songName": "Forget Me Not",
        "artist": "ENHYPEN",
        "type": "Opening 1",
        "correctCount": 63,
        "startTime": 27,
        "songDuration": 89.64,
        "songNumber": 10,
        "activePlayerCount": 216,
        "LinkVideo": "https://files.catbox.moe/yjrqrw.webm",
        "LinkMp3": "https://files.catbox.moe/s82k8a.mp3",
        "annId": 24104,
        "songDifficulty": 24.562576650066895,
        "vintage": "Summer 2021"
    },
    {
        "animeEng": "Theatre of Darkness: Yamishibai",
        "animeRomaji": "Yami Shibai",
        "songName": "Kekkai",
        "artist": "betcover!!",
        "type": "Ending 1",
        "correctCount": 44,
        "startTime": 0,
        "songDuration": 29.136,
        "songNumber": 11,
        "activePlayerCount": 217,
        "LinkVideo": "https://files.catbox.moe/pzwd4z.webm",
        "LinkMp3": "https://files.catbox.moe/a9zv2n.mp3",
        "annId": 22234,
        "songDifficulty": 18.00666947032436,
        "vintage": "Summer 2019"
    },
    {
        "animeEng": "Black Magic M-66",
        "animeRomaji": "Black Magic M-66",
        "songName": "FINALLY",
        "artist": "Yuki Kitahara",
        "type": "Ending 1",
        "correctCount": 7,
        "startTime": 65,
        "songDuration": 121.728,
        "songNumber": 12,
        "activePlayerCount": 217,
        "LinkVideo": "https://files.catbox.moe/tqosbu.webm",
        "LinkMp3": "https://files.catbox.moe/l6zn8d.mp3",
        "annId": 260,
        "songDifficulty": 7.518305226619249,
        "vintage": "Spring 1987"
    },
    {
        "animeEng": "Mobile Suit Gundam Seed Destiny",
        "animeRomaji": "Kidou Senshi Gundam Seed Destiny",
        "songName": "ignited",
        "artist": "T.M.Revolution",
        "type": "Opening 1",
        "correctCount": 35,
        "startTime": 8,
        "songDuration": 89.964168,
        "songNumber": 13,
        "activePlayerCount": 215,
        "LinkVideo": "https://files.catbox.moe/yobl39.webm",
        "LinkMp3": "https://files.catbox.moe/ubf91l.mp3",
        "annId": 2669,
        "songDifficulty": 32.77073846193205,
        "vintage": "Fall 2004"
    },
    {
        "animeEng": "Dream Festival! R",
        "animeRomaji": "Dream Festival! R",
        "songName": "Word!!",
        "artist": "ACE",
        "type": "Insert Song",
        "correctCount": 1,
        "startTime": 27,
        "songDuration": 100.728,
        "songNumber": 14,
        "activePlayerCount": 217,
        "LinkVideo": "https://files.catbox.moe/iaw8i5.webm",
        "LinkMp3": "https://files.catbox.moe/yx0kp1.mp3",
        "annId": 19878,
        "songDifficulty": 17.891666259765625,
        "vintage": "Summer 2017",
        "correctPlayers": [
            "Shirokane"
        ]
    },
    {
        "animeEng": "Juden Chan",
        "animeRomaji": "Fight Ippatsu! Juuden-chan!!",
        "songName": "CHARGE!",
        "artist": "Kaori Fukuhara & Ayahi Takagaki",
        "type": "Opening 1",
        "correctCount": 6,
        "startTime": 12,
        "songDuration": 88.56,
        "songNumber": 15,
        "activePlayerCount": 219,
        "LinkVideo": "https://files.catbox.moe/8bwj0y.webm",
        "LinkMp3": "https://files.catbox.moe/pmaf9z.mp3",
        "annId": 10463,
        "songDifficulty": 14.266909018143009,
        "vintage": "Spring 2009"
    },
    {
        "animeEng": "Time Bokan 24",
        "animeRomaji": "Time Bokan 24",
        "songName": "Geki Yaba\u221eBokk\u0101n!!",
        "artist": "Moso Calibration",
        "type": "Ending 2",
        "correctCount": 4,
        "startTime": 34,
        "songDuration": 90.048,
        "songNumber": 16,
        "activePlayerCount": 221,
        "LinkVideo": "https://files.catbox.moe/0tvilb.webm",
        "LinkMp3": "https://files.catbox.moe/gpxd4t.mp3",
        "annId": 18180,
        "songDifficulty": 12.866852636423715,
        "vintage": "Fall 2016",
        "correctPlayers": [
            "Karinara",
            "Rukawa11",
            "kiiro127",
            "SrueyaF"
        ]
    },
    {
        "animeEng": "Death Note",
        "animeRomaji": "Death Note",
        "songName": "Zetsubou Billy",
        "artist": "Maximum the Hormone",
        "type": "Ending 2",
        "correctCount": 151,
        "startTime": 22,
        "songDuration": 69.048,
        "songNumber": 17,
        "activePlayerCount": 222,
        "LinkVideo": "https://files.catbox.moe/i4yqwe.webm",
        "LinkMp3": "https://files.catbox.moe/vht1w4.mp3",
        "annId": 6592,
        "songDifficulty": 44.82403551238874,
        "vintage": "Fall 2006"
    },
    {
        "animeEng": "Kimagure Orange\u2605Road: Pilot",
        "animeRomaji": "Kimagure Orange\u2605Road: Shounen Jump Special",
        "songName": "Mogitate no Koi",
        "artist": "Rie Kouchi",
        "type": "Opening 1",
        "correctCount": 6,
        "startTime": 17,
        "songDuration": 91.656,
        "songNumber": 18,
        "activePlayerCount": 222,
        "LinkVideo": "https://files.catbox.moe/c54sv3.webm",
        "LinkMp3": "https://files.catbox.moe/i6pj72.mp3",
        "annId": 7163,
        "songDifficulty": 11.714931033435882,
        "vintage": "Fall 1985"
    },
    {
        "animeEng": "ef: a tale of memories.",
        "animeRomaji": "ef: a tale of memories.",
        "songName": "euphoric field (Japanese ver.)",
        "artist": "ELISA",
        "type": "Opening 3",
        "correctCount": 99,
        "startTime": 22,
        "songDuration": 87.456,
        "songNumber": 19,
        "activePlayerCount": 222,
        "LinkVideo": "https://files.catbox.moe/7x0qu5.webm",
        "LinkMp3": "https://files.catbox.moe/bzqluf.mp3",
        "annId": 8192,
        "songDifficulty": 34.03974664548023,
        "vintage": "Summer 2007"
    },
    {
        "animeEng": "Love Live! Nijigasaki High School Idol Club",
        "animeRomaji": "Love Live! School Idol Project Nijigasaki Gakuen School Idol Doukoukai",
        "songName": "Poppin' Up",
        "artist": "Mayu Sagara",
        "type": "Insert Song",
        "correctCount": 52,
        "startTime": 11,
        "songDuration": 90.048,
        "songNumber": 20,
        "activePlayerCount": 222,
        "LinkVideo": "https://files.catbox.moe/i87h38.webm",
        "LinkMp3": "https://files.catbox.moe/iw2jks.mp3",
        "annId": 22934,
        "songDifficulty": 37.27357456140351,
        "vintage": "Fall 2020"
    },
    {
        "animeEng": "Zombie Land Saga",
        "animeRomaji": "Zombie Land Saga",
        "songName": "Jellyfish",
        "artist": "Iron Frill",
        "type": "Insert Song",
        "correctCount": 25,
        "startTime": 15,
        "songDuration": 79.536,
        "songNumber": 21,
        "activePlayerCount": 221,
        "LinkVideo": "https://files.catbox.moe/ri4eqa.webm",
        "LinkMp3": "https://files.catbox.moe/ucyeyu.mp3",
        "annId": 21363,
        "songDifficulty": 16.155482522035257,
        "vintage": "Fall 2018"
    },
    {
        "animeEng": "Toriko 3D: Kaimaku Gourmet Adventure!!",
        "animeRomaji": "Toriko 3D: Kaimaku Gourmet Adventure!!",
        "songName": "The Sharing Song ~Toriko no Theme~",
        "artist": "Tokyo Ska Paradise Orchestra",
        "type": "Ending 1",
        "correctCount": 5,
        "startTime": 34,
        "songDuration": 88.8,
        "songNumber": 22,
        "activePlayerCount": 221,
        "LinkVideo": "https://files.catbox.moe/kaesxr.webm",
        "LinkMp3": "https://files.catbox.moe/anx9l8.mp3",
        "annId": 12042,
        "songDifficulty": 6.52630009211547,
        "vintage": "Winter 2011",
        "correctPlayers": [
            "Zylda",
            "Orfey",
            "watashiii",
            "SrueyaF",
            "Jube"
        ]
    },
    {
        "animeEng": "Queen's Blade: The Wandering Warrior",
        "animeRomaji": "Queen's Blade: Rurou no Senshi",
        "songName": "Omoide to Yakusoku",
        "artist": "Ayako Kawasumi, Mamiko Noto, Aya Hirano",
        "type": "Ending 1",
        "correctCount": 3,
        "startTime": 48,
        "songDuration": 88.992,
        "songNumber": 23,
        "activePlayerCount": 221,
        "LinkVideo": "https://files.catbox.moe/9pqzv1.webm",
        "LinkMp3": "https://files.catbox.moe/bgevri.mp3",
        "annId": 10086,
        "songDifficulty": 7.093652494920666,
        "vintage": "Spring 2009",
        "correctPlayers": [
            "NicoIe",
            "MammyKezzy",
            "Janoxx"
        ]
    },
    {
        "animeEng": "Zetsumetsu Kigu Shoujo Amazing Twins",
        "animeRomaji": "Zetsumetsu Kigu Shoujo Amazing Twins",
        "songName": "Zetsumetsu Kigu Shoujo!",
        "artist": "Haruka Chisuga",
        "type": "Opening 1",
        "correctCount": 18,
        "startTime": 44,
        "songDuration": 89.256,
        "songNumber": 24,
        "activePlayerCount": 223,
        "LinkVideo": "https://files.catbox.moe/f1japq.webm",
        "LinkMp3": "https://files.catbox.moe/bm2fgm.mp3",
        "annId": 15550,
        "songDifficulty": 16.304970745400432,
        "vintage": "Fall 2013"
    },
    {
        "animeEng": "Fireworks",
        "animeRomaji": "Uchiage Hanabi, Shita kara Miru ka? Yoko kara Miru ka?",
        "songName": "Uchiage Hanabi",
        "artist": "DAOKO \u00d7 Kenshi Yonezu",
        "type": "Ending 1",
        "correctCount": 110,
        "startTime": 35,
        "songDuration": 279.1445,
        "songNumber": 25,
        "activePlayerCount": 223,
        "LinkVideo": "https://files.catbox.moe/98lgh8.webm",
        "LinkMp3": "https://files.catbox.moe/n0yrp7.mp3",
        "annId": 19481,
        "songDifficulty": 45.137875970245794,
        "vintage": "Summer 2017"
    },
    {
        "animeEng": "Wotakoi: Love is Hard for Otaku",
        "animeRomaji": "Otaku ni Koi wa Muzukashii",
        "songName": "Fiction",
        "artist": "sumika",
        "type": "Opening 1",
        "correctCount": 151,
        "startTime": 4,
        "songDuration": 87.072,
        "songNumber": 26,
        "activePlayerCount": 223,
        "LinkVideo": "https://files.catbox.moe/rehox3.webm",
        "LinkMp3": "https://files.catbox.moe/l37nxf.mp3",
        "annId": 20478,
        "songDifficulty": 47.471126653489435,
        "vintage": "Spring 2018"
    },
    {
        "animeEng": "Saint Seiya: Soul of Gold",
        "animeRomaji": "Saint Seiya: Soul of Gold",
        "songName": "Soldier Dream",
        "artist": "ROOT FIVE",
        "type": "Opening 1",
        "correctCount": 33,
        "startTime": 12,
        "songDuration": 88.896,
        "songNumber": 27,
        "activePlayerCount": 223,
        "LinkVideo": "https://files.catbox.moe/5q5yd5.webm",
        "LinkMp3": "https://files.catbox.moe/hamdzw.mp3",
        "annId": 16592,
        "songDifficulty": 23.75801221481583,
        "vintage": "Spring 2015"
    },
    {
        "animeEng": "Macross Delta",
        "animeRomaji": "Macross \u0394",
        "songName": "Rune ga Pikatto Hikattara",
        "artist": "Walk\u00fcre",
        "type": "Ending 2",
        "correctCount": 72,
        "startTime": 12,
        "songDuration": 89.904,
        "songNumber": 28,
        "activePlayerCount": 223,
        "LinkVideo": "https://files.catbox.moe/k28snr.webm",
        "LinkMp3": "https://files.catbox.moe/gzl8h7.mp3",
        "annId": 17762,
        "songDifficulty": 37.44631187430478,
        "vintage": "Spring 2016"
    },
    {
        "animeEng": "Stand By Me Doraemon",
        "animeRomaji": "Stand By Me Doraemon",
        "songName": "Himawari no Yakusoku",
        "artist": "Motohiro Hata",
        "type": "Ending 1",
        "correctCount": 35,
        "startTime": 180,
        "songDuration": 253.56,
        "songNumber": 29,
        "activePlayerCount": 223,
        "LinkVideo": "https://files.catbox.moe/6axxma.webm",
        "LinkMp3": "https://files.catbox.moe/l104zn.mp3",
        "annId": 15716,
        "songDifficulty": 27.295062219311376,
        "vintage": "Summer 2014"
    },
    {
        "animeEng": "Oreimo Season 2",
        "animeRomaji": "Oreimo Season 2",
        "songName": "Meteor\u2606Impact",
        "artist": "Yukari Tamura",
        "type": "Insert Song",
        "correctCount": 80,
        "startTime": 0,
        "songDuration": 22.152,
        "songNumber": 30,
        "activePlayerCount": 222,
        "LinkVideo": "https://files.catbox.moe/03pus8.webm",
        "LinkMp3": "https://files.catbox.moe/jtp358.mp3",
        "annId": 14208,
        "songDifficulty": 39.55302908270853,
        "vintage": "Spring 2013"
    },
    {
        "animeEng": "Crayon Shin-chan Gaiden: Alien vs. Shinnosuke",
        "animeRomaji": "Crayon Shin-chan Gaiden: Alien vs. Shinnosuke",
        "songName": "Ora wa Ninkimono 25thMIX",
        "artist": "Akiko Yajima",
        "type": "Ending 1",
        "correctCount": 154,
        "startTime": 0,
        "songDuration": 34.608,
        "songNumber": 31,
        "activePlayerCount": 223,
        "LinkVideo": "https://files.catbox.moe/lax4a9.webm",
        "LinkMp3": "https://files.catbox.moe/5px2n8.mp3",
        "annId": 19418,
        "songDifficulty": 49.01130433929693,
        "vintage": "Summer 2016"
    },
    {
        "animeEng": "Bamboo Bears",
        "animeRomaji": "Bamboo Bears",
        "songName": "Kimi ni Aete Ureshii",
        "artist": "Parquets",
        "type": "Ending 1",
        "correctCount": 3,
        "startTime": 14,
        "songDuration": 58.776,
        "songNumber": 32,
        "activePlayerCount": 226,
        "LinkVideo": "https://files.catbox.moe/dyvkof.webm",
        "LinkMp3": "https://files.catbox.moe/sjuyl0.mp3",
        "annId": 3285,
        "songDifficulty": 4.278355613186396,
        "vintage": "Summer 1995",
        "correctPlayers": [
            "watashiii",
            "kiiro127",
            "kaghey"
        ]
    },
    {
        "animeEng": "Bonobono",
        "animeRomaji": "Bonobono",
        "songName": "bonobono Suru",
        "artist": "Monobright",
        "type": "Ending 1",
        "correctCount": 86,
        "startTime": 26,
        "songDuration": 58.983476,
        "songNumber": 33,
        "activePlayerCount": 226,
        "LinkVideo": "https://files.catbox.moe/fmuhqv.webm",
        "LinkMp3": "https://files.catbox.moe/1lc2wh.mp3",
        "annId": 18045,
        "songDifficulty": 38.94876607941834,
        "vintage": "Spring 2016"
    },
    {
        "animeEng": "Hakuoki: Demon of the Fleeting Blossom - Wild Dance of Kyoto",
        "animeRomaji": "Hakuouki Dai-Isshou: Kyoto Ranbu",
        "songName": "Kurenai no Ito",
        "artist": "Aika Yoshioka",
        "type": "Ending 1",
        "correctCount": 4,
        "startTime": 165,
        "songDuration": 304.632,
        "songNumber": 34,
        "activePlayerCount": 228,
        "LinkVideo": "https://files.catbox.moe/nequ8r.webm",
        "LinkMp3": "https://files.catbox.moe/4g7637.mp3",
        "annId": 15102,
        "songDifficulty": 5.731889796401515,
        "vintage": "Summer 2013",
        "correctPlayers": [
            "kar72",
            "watashiii",
            "kiiro127",
            "Szafa"
        ]
    },
    {
        "animeEng": "Overlord: Fushisha no Ou",
        "animeRomaji": "Overlord: Fushisha no Ou",
        "songName": "Crazy Scary Holy Fantasy",
        "artist": "MYTH & ROID",
        "type": "Ending 1",
        "correctCount": 88,
        "startTime": 88,
        "songDuration": 194.28,
        "songNumber": 35,
        "activePlayerCount": 227,
        "LinkVideo": "https://files.catbox.moe/b26irx.webm",
        "LinkMp3": "https://files.catbox.moe/3s6nlk.mp3",
        "annId": 18967,
        "songDifficulty": 30.55810198233747,
        "vintage": "Winter 2017"
    },
    {
        "animeEng": "Magical Princess Minky Momo: La Ronde in my Dream",
        "animeRomaji": "Mahou no Princess Minky Momo: Yume no Naka no Rondo",
        "songName": "Orgel o Tomenai de",
        "artist": "Mariko Shiga",
        "type": "Insert Song",
        "correctCount": 0,
        "startTime": 87,
        "songDuration": 149.952,
        "songNumber": 36,
        "activePlayerCount": 227,
        "LinkVideo": "https://files.catbox.moe/0vlpfz.webm",
        "LinkMp3": "https://files.catbox.moe/jc1e36.mp3",
        "annId": 2796,
        "songDifficulty": 5.672906396223262,
        "vintage": "Summer 1985"
    },
    {
        "animeEng": "Rainbow",
        "animeRomaji": "Rainbow: Nisha Rokubou no Shichinin",
        "songName": "A FAR-OFF DISTANCE",
        "artist": "GALNERYUS",
        "type": "Ending 1",
        "correctCount": 46,
        "startTime": 15,
        "songDuration": 68.616,
        "songNumber": 37,
        "activePlayerCount": 227,
        "LinkVideo": "https://files.catbox.moe/8ymgxe.webm",
        "LinkMp3": "https://files.catbox.moe/pv5i2c.mp3",
        "annId": 9700,
        "songDifficulty": 22.88228958781087,
        "vintage": "Spring 2010"
    },
    {
        "animeEng": "Ro-Kyu-Bu!",
        "animeRomaji": "Ro-Kyu-Bu!",
        "songName": "SHOOT!",
        "artist": "RO-KYU-BU!",
        "type": "Opening 1",
        "correctCount": 87,
        "startTime": 29,
        "songDuration": 88.752,
        "songNumber": 38,
        "activePlayerCount": 227,
        "LinkVideo": "https://files.catbox.moe/ydjfjc.webm",
        "LinkMp3": "https://files.catbox.moe/klvitc.mp3",
        "annId": 23020,
        "songDifficulty": 36.063737922705315,
        "vintage": "Spring 2013"
    },
    {
        "animeEng": "Inuyasha",
        "animeRomaji": "Inuyasha",
        "songName": "Brand-New World",
        "artist": "V6",
        "type": "Ending 8",
        "correctCount": 24,
        "startTime": 44,
        "songDuration": 93.960834,
        "songNumber": 39,
        "activePlayerCount": 229,
        "LinkVideo": "https://files.catbox.moe/j1v1ff.webm",
        "LinkMp3": "https://files.catbox.moe/e7j1iv.mp3",
        "annId": 159,
        "songDifficulty": 17.665462314073228,
        "vintage": "Fall 2000"
    },
    {
        "animeEng": "Dance with Devils",
        "animeRomaji": "Dance with Devils",
        "songName": "Crazy about you",
        "artist": "Grimoire all star cast",
        "type": "Insert Song",
        "correctCount": 20,
        "startTime": 24,
        "songDuration": 122.208,
        "songNumber": 40,
        "activePlayerCount": 228,
        "LinkVideo": "https://files.catbox.moe/0nhyum.webm",
        "LinkMp3": "https://files.catbox.moe/zonr3u.mp3",
        "annId": 16781,
        "songDifficulty": 30.040231007543102,
        "vintage": "Fall 2015"
    },
    {
        "animeEng": "Detective Conan: Full Score of Fear",
        "animeRomaji": "Meitantei Conan: Senritsu no Full Score",
        "songName": "Teitan Shougakkou Kouka",
        "artist": "Shounen Tantei-dan",
        "type": "Insert Song",
        "correctCount": 17,
        "startTime": 8,
        "songDuration": 52.056,
        "songNumber": 41,
        "activePlayerCount": 228,
        "LinkVideo": "https://files.catbox.moe/yzr2h0.webm",
        "LinkMp3": "https://files.catbox.moe/0r9xtj.mp3",
        "annId": 9028,
        "songDifficulty": 17.070624213695183,
        "vintage": "Spring 2008"
    },
    {
        "animeEng": "Fate/stay night: Unlimited Blade Works",
        "animeRomaji": "Fate/stay night: Unlimited Blade Works",
        "songName": "LAST STARDUST",
        "artist": "Aimer",
        "type": "Insert Song",
        "correctCount": 122,
        "startTime": 60,
        "songDuration": 245.856,
        "songNumber": 42,
        "activePlayerCount": 228,
        "LinkVideo": "https://files.catbox.moe/4qbawa.webm",
        "LinkMp3": "https://files.catbox.moe/4uj8yl.mp3",
        "annId": 16825,
        "songDifficulty": 37.28390614938828,
        "vintage": "Spring 2015"
    },
    {
        "animeEng": "This Boy Suffers from Crystallization",
        "animeRomaji": "Kono Danshi, Sekika ni Nayandemasu.",
        "songName": "glitter wish",
        "artist": "Shouta Aoi",
        "type": "Ending 1",
        "correctCount": 10,
        "startTime": 97,
        "songDuration": 260.69756,
        "songNumber": 43,
        "activePlayerCount": 228,
        "LinkVideo": "https://files.catbox.moe/ennvqh.webm",
        "LinkMp3": "https://files.catbox.moe/q0x28s.mp3",
        "annId": 16547,
        "songDifficulty": 10.877179560770514,
        "vintage": "Fall 2014"
    },
    {
        "animeEng": "Precure All Stars DX3: Mirai ni Todoke! Sekai o Tsunagu\u2606Niji-Iro no Hana",
        "animeRomaji": "Precure All Stars DX3: Mirai ni Todoke! Sekai o Tsunagu\u2606Niji-Iro no Hana",
        "songName": "Precure 5, Full Throttle GO GO!",
        "artist": "Mayu Kudou with Precure 5",
        "type": "Insert Song",
        "correctCount": 79,
        "startTime": 5,
        "songDuration": 44.088,
        "songNumber": 44,
        "activePlayerCount": 228,
        "LinkVideo": "https://files.catbox.moe/527j4m.webm",
        "LinkMp3": "https://files.catbox.moe/x8epr0.mp3",
        "annId": 12127,
        "songDifficulty": 48.47149355417755,
        "vintage": "Winter 2011"
    },
    {
        "animeEng": "PriPara Mi~nna no Akogare\u266a Let's Go\u2606PriPari",
        "animeRomaji": "PriPara Mi~nna no Akogare\u266a Let's Go\u2606PriPari",
        "songName": "Triangle Star",
        "artist": "SoLaMi\u2661SMILE",
        "type": "Insert Song",
        "correctCount": 72,
        "startTime": 54,
        "songDuration": 139.464,
        "songNumber": 45,
        "activePlayerCount": 229,
        "LinkVideo": "https://files.catbox.moe/mi5iqr.webm",
        "LinkMp3": "https://files.catbox.moe/b28yxc.mp3",
        "annId": 18074,
        "songDifficulty": 37.5567656888624,
        "vintage": "Winter 2016"
    },
    {
        "animeEng": "Massugu ni Ikou",
        "animeRomaji": "Massugu ni Ikou",
        "songName": "Hanabi",
        "artist": "aiko",
        "type": "Ending 1",
        "correctCount": 8,
        "startTime": 6,
        "songDuration": 90.147022,
        "songNumber": 46,
        "activePlayerCount": 231,
        "LinkVideo": "https://files.catbox.moe/0veu7o.webm",
        "LinkMp3": "https://files.catbox.moe/gfjxrn.mp3",
        "annId": 2931,
        "songDifficulty": 10.406603040710548,
        "vintage": "Summer 2003"
    },
    {
        "animeEng": "Katana Maidens: Toji no Miko",
        "animeRomaji": "Toji no Miko",
        "songName": "Ima Kono Mi ga Hateyou tomo",
        "artist": "Kaede Hondo, Saori Oonishi",
        "type": "Ending 2",
        "correctCount": 9,
        "startTime": 69,
        "songDuration": 167.808,
        "songNumber": 47,
        "activePlayerCount": 231,
        "LinkVideo": "https://files.catbox.moe/2dqkw5.webm",
        "LinkMp3": "https://files.catbox.moe/zrw3cn.mp3",
        "annId": 20019,
        "songDifficulty": 14.86843875125125,
        "vintage": "Winter 2018"
    },
    {
        "animeEng": "Lucky Star",
        "animeRomaji": "Lucky Star",
        "songName": "Shouri da! Akumaizer 3",
        "artist": "Aya Hirano",
        "type": "Ending 2",
        "correctCount": 188,
        "startTime": 3,
        "songDuration": 89.568,
        "songNumber": 48,
        "activePlayerCount": 229,
        "LinkVideo": "https://files.catbox.moe/v1228e.webm",
        "LinkMp3": "https://files.catbox.moe/l2x937.mp3",
        "annId": 7222,
        "songDifficulty": 66.59883267470882,
        "vintage": "Spring 2007"
    },
    {
        "animeEng": "Saint Seiya Omega",
        "animeRomaji": "Saint Seiya Omega",
        "songName": "Pegasus Fantasy ver.\u03a9",
        "artist": "MAKE-UP feat. Shoko Nakagawa",
        "type": "Opening 1",
        "correctCount": 46,
        "startTime": 52,
        "songDuration": 100.392,
        "songNumber": 49,
        "activePlayerCount": 228,
        "LinkVideo": "https://files.catbox.moe/ata8vf.webm",
        "LinkMp3": "https://files.catbox.moe/mu0gjq.mp3",
        "annId": 14016,
        "songDifficulty": 28.63407228828306,
        "vintage": "Winter 2012"
    },
    {
        "animeEng": "Macross Delta",
        "animeRomaji": "Macross \u0394",
        "songName": "Ikenai Borderline",
        "artist": "Walk\u00fcre",
        "type": "Insert Song",
        "correctCount": 115,
        "startTime": 2,
        "songDuration": 98.904,
        "songNumber": 50,
        "activePlayerCount": 228,
        "LinkVideo": "https://files.catbox.moe/jk67gx.webm",
        "LinkMp3": "https://files.catbox.moe/0fl5fz.mp3",
        "annId": 17762,
        "songDifficulty": 52.764911810704355,
        "vintage": "Spring 2016"
    },
    {
        "animeEng": "Pretty Rhythm Rainbow Live",
        "animeRomaji": "Pretty Rhythm Rainbow Live",
        "songName": "EZ DO DANCE",
        "artist": "Prizmmy\u2606",
        "type": "Opening 2",
        "correctCount": 33,
        "startTime": 56,
        "songDuration": 87.672,
        "songNumber": 51,
        "activePlayerCount": 230,
        "LinkVideo": "https://files.catbox.moe/tjer5b.webm",
        "LinkMp3": "https://files.catbox.moe/02zgbv.mp3",
        "annId": 15094,
        "songDifficulty": 21.516312912141196,
        "vintage": "Spring 2013"
    },
    {
        "animeEng": "Happiness!",
        "animeRomaji": "Happiness!",
        "songName": "Happiness!",
        "artist": "Ayumi Murata",
        "type": "Opening 1",
        "correctCount": 15,
        "startTime": 39,
        "songDuration": 89.664,
        "songNumber": 52,
        "activePlayerCount": 231,
        "LinkVideo": "https://files.catbox.moe/oewinb.webm",
        "LinkMp3": "https://files.catbox.moe/3vhqaq.mp3",
        "annId": 6800,
        "songDifficulty": 17.264772947536184,
        "vintage": "Fall 2006"
    },
    {
        "animeEng": "Oh My Goddess!",
        "animeRomaji": "Aa Megami-sama",
        "songName": "My Heart iidasenai, Your Heart tashikametai",
        "artist": "the Goddess Family Club",
        "type": "Opening 1",
        "correctCount": 17,
        "startTime": 63,
        "songDuration": 92.616,
        "songNumber": 53,
        "activePlayerCount": 232,
        "LinkVideo": "https://files.catbox.moe/88pktn.webm",
        "LinkMp3": "https://files.catbox.moe/o606ye.mp3",
        "annId": 53,
        "songDifficulty": 14.547639202407826,
        "vintage": "Winter 1993"
    },
    {
        "animeEng": "M.D. Geist II: Death Force",
        "animeRomaji": "Soukihei M.D. Geist 2",
        "songName": "Tsuki ga Naiteru",
        "artist": "Yoshiaki Ohuchi",
        "type": "Opening 1",
        "correctCount": 13,
        "startTime": 17,
        "songDuration": 118.92,
        "songNumber": 54,
        "activePlayerCount": 233,
        "LinkVideo": "https://files.catbox.moe/p5xqp2.webm",
        "LinkMp3": "https://files.catbox.moe/f1sx03.mp3",
        "annId": 957,
        "songDifficulty": 11.922634096121769,
        "vintage": "Winter 1996"
    },
    {
        "animeEng": "The File of Young Kindaichi",
        "animeRomaji": "Kindaichi Shounen no Jikenbo",
        "songName": "Kimi ga Iru kara..",
        "artist": "Yui Nishiwaki",
        "type": "Opening 3",
        "correctCount": 5,
        "startTime": 20,
        "songDuration": 99.264,
        "songNumber": 55,
        "activePlayerCount": 233,
        "LinkVideo": "https://files.catbox.moe/kpcq2n.webm",
        "LinkMp3": "https://files.catbox.moe/6wywod.mp3",
        "annId": 1859,
        "songDifficulty": 19.53763388356855,
        "vintage": "Spring 1997",
        "correctPlayers": [
            "gael",
            "Ullei",
            "Rukawa11",
            "Chatmonchy",
            "Ufokoira"
        ]
    },
    {
        "animeEng": "Mister Ajikko",
        "animeRomaji": "Mister Ajikko",
        "songName": "Renaissance Jounetsu",
        "artist": "Wataru Kuniyasu",
        "type": "Opening 1",
        "correctCount": 7,
        "startTime": 49,
        "songDuration": 89.016,
        "songNumber": 56,
        "activePlayerCount": 233,
        "LinkVideo": "https://files.catbox.moe/2p42w3.webm",
        "LinkMp3": "https://files.catbox.moe/z23vy6.mp3",
        "annId": 2623,
        "songDifficulty": 7.355766643603936,
        "vintage": "Fall 1987"
    },
    {
        "animeEng": "Aikatsu! Music Award: Minna de Shou o Moracchaima SHOW!",
        "animeRomaji": "Aikatsu! Music Award: Minna de Shou o Moracchaima SHOW!",
        "songName": "Lovely Party Collection",
        "artist": "Ruka\u30fbMona\u30fbMiki from AIKATSU\u2606STARS!",
        "type": "Ending 1",
        "correctCount": 108,
        "startTime": 1,
        "songDuration": 108.456,
        "songNumber": 57,
        "activePlayerCount": 235,
        "LinkVideo": "https://files.catbox.moe/qlriw3.webm",
        "LinkMp3": "https://files.catbox.moe/a0lgtg.mp3",
        "annId": 17125,
        "songDifficulty": 36.76430418165467,
        "vintage": "Summer 2015"
    },
    {
        "animeEng": "Mazinkaiser SKL",
        "animeRomaji": "Mazinkaiser SKL",
        "songName": "THE DANGER ZONE",
        "artist": "LOUDNESS",
        "type": "Insert Song",
        "correctCount": 13,
        "startTime": 67,
        "songDuration": 232.488,
        "songNumber": 58,
        "activePlayerCount": 233,
        "LinkVideo": "https://files.catbox.moe/592lpu.webm",
        "LinkMp3": "https://files.catbox.moe/9ffwlz.mp3",
        "annId": 11479,
        "songDifficulty": 15.510787086925287,
        "vintage": "Fall 2010"
    },
    {
        "animeEng": "The Heike Story",
        "animeRomaji": "Heike Monogatari",
        "songName": "Hikaru Toki",
        "artist": "Hitsujibungaku",
        "type": "Opening 1",
        "correctCount": 43,
        "startTime": 8,
        "songDuration": 89.064,
        "songNumber": 59,
        "activePlayerCount": 232,
        "LinkVideo": "https://files.catbox.moe/79gb1c.webm",
        "LinkMp3": "https://files.catbox.moe/l9vaoc.mp3",
        "annId": 24700,
        "songDifficulty": 25.342133441450432,
        "vintage": "Summer 2021"
    },
    {
        "animeEng": "Sakura Wars",
        "animeRomaji": "Sakura Wars",
        "songName": "Hanasaku Otome",
        "artist": "Teikoku Kageki-dan",
        "type": "Insert Song",
        "correctCount": 22,
        "startTime": 13,
        "songDuration": 48.528,
        "songNumber": 60,
        "activePlayerCount": 232,
        "LinkVideo": "https://files.catbox.moe/3mrfks.webm",
        "LinkMp3": "https://files.catbox.moe/e5swpa.mp3",
        "annId": 582,
        "songDifficulty": 18.787252923162583,
        "vintage": "Spring 2000"
    },
    {
        "animeEng": "Mushi-Shi: The Next Passage",
        "animeRomaji": "Mushishi Zoku-Shou",
        "songName": "SHIVER",
        "artist": "Lucy Rose",
        "type": "Opening 1",
        "correctCount": 108,
        "startTime": 59,
        "songDuration": 91.128,
        "songNumber": 61,
        "activePlayerCount": 233,
        "LinkVideo": "https://files.catbox.moe/3uq64m.webm",
        "LinkMp3": "https://files.catbox.moe/i78kh7.mp3",
        "annId": 15895,
        "songDifficulty": 33.615705601826974,
        "vintage": "Spring 2014"
    },
    {
        "animeEng": "Miss Monochrome: The Animation - 2",
        "animeRomaji": "Miss Monochrome: The Animation - 2",
        "songName": "Watashi dake no Monogatari",
        "artist": "Miss Monochrome",
        "type": "Insert Song",
        "correctCount": 60,
        "startTime": 2,
        "songDuration": 30.936,
        "songNumber": 62,
        "activePlayerCount": 233,
        "LinkVideo": "https://files.catbox.moe/eubuc4.webm",
        "LinkMp3": "https://files.catbox.moe/dn9xkh.mp3",
        "annId": 16894,
        "songDifficulty": 31.906552891042782,
        "vintage": "Summer 2015"
    },
    {
        "animeEng": "Pichi Pichi Pitch",
        "animeRomaji": "Mermaid Melody: Pichi Pichi Pitch",
        "songName": "Ever Blue",
        "artist": "Hitomi Terakado",
        "type": "Insert Song",
        "correctCount": 35,
        "startTime": 67,
        "songDuration": 115.104,
        "songNumber": 63,
        "activePlayerCount": 233,
        "LinkVideo": "https://files.catbox.moe/ddfv8i.webm",
        "LinkMp3": "https://files.catbox.moe/wprtag.mp3",
        "annId": 2289,
        "songDifficulty": 24.689461229253112,
        "vintage": "Spring 2003"
    },
    {
        "animeEng": "Ghost in the Shell: Stand Alone Complex - Individual Eleven",
        "animeRomaji": "Koukaku Kidoutai S.A.C. 2nd GIG Individual Eleven",
        "songName": "Cyber Bird",
        "artist": "Gabriela Robin",
        "type": "Insert Song",
        "correctCount": 15,
        "startTime": 3,
        "songDuration": 45.72,
        "songNumber": 64,
        "activePlayerCount": 234,
        "LinkVideo": "https://files.catbox.moe/7qy7fa.webm",
        "LinkMp3": "https://files.catbox.moe/w6e64u.mp3",
        "annId": 6243,
        "songDifficulty": 20.33517715059963,
        "vintage": "Winter 2006"
    },
    {
        "animeEng": "Heybot!",
        "animeRomaji": "Heybot!",
        "songName": "Houkago Nejimaki Dance",
        "artist": "Misokkasu",
        "type": "Opening 1",
        "correctCount": 6,
        "startTime": 32,
        "songDuration": 89.352,
        "songNumber": 65,
        "activePlayerCount": 234,
        "LinkVideo": "https://files.catbox.moe/z372ve.webm",
        "LinkMp3": "https://files.catbox.moe/nje4sq.mp3",
        "annId": 18695,
        "songDifficulty": 15.003350250912408,
        "vintage": "Summer 2016"
    },
    {
        "animeEng": "Puella Magi Madoka Magica The Movie Part 3: Rebellion",
        "animeRomaji": "Gekijouban Mahou Shoujo Madoka\u2605Magica Shinpen: Hangyaku no Monogatari",
        "songName": "Noi!",
        "artist": "Suginami Jidou Gasshou-dan",
        "type": "Insert Song",
        "correctCount": 89,
        "startTime": 19,
        "songDuration": 50.04,
        "songNumber": 66,
        "activePlayerCount": 234,
        "LinkVideo": "https://files.catbox.moe/i5f9sa.webm",
        "LinkMp3": "https://files.catbox.moe/6o69e1.mp3",
        "annId": 14850,
        "songDifficulty": 32.117716355897855,
        "vintage": "Fall 2013"
    },
    {
        "animeEng": "The Super Milk Chan Show",
        "animeRomaji": "Oh! Super Milk-chan",
        "songName": "Tsuppari Rock'nRoll~Daitouryou-hen",
        "artist": "Yuuichi Nagashima",
        "type": "Ending 1",
        "correctCount": 12,
        "startTime": 10,
        "songDuration": 61.032,
        "songNumber": 67,
        "activePlayerCount": 233,
        "LinkVideo": "https://files.catbox.moe/24id0y.webm",
        "LinkMp3": "https://files.catbox.moe/a8tgpf.mp3",
        "annId": 1020,
        "songDifficulty": 17.599206584069865,
        "vintage": "Winter 2000"
    },
    {
        "animeEng": "Captain Tsubasa: Europe Daikessen",
        "animeRomaji": "Captain Tsubasa: Europe Daikessen",
        "songName": "Moete Hero",
        "artist": "Takayuki Takemoto",
        "type": "Insert Song",
        "correctCount": 172,
        "startTime": 7,
        "songDuration": 53.064,
        "songNumber": 68,
        "activePlayerCount": 231,
        "LinkVideo": "https://files.catbox.moe/n8hork.webm",
        "LinkMp3": "https://files.catbox.moe/18ieda.mp3",
        "annId": 6341,
        "songDifficulty": 45.51650539340101,
        "vintage": "Winter 1985"
    },
    {
        "animeEng": "Remake Our Life!",
        "animeRomaji": "Boku-tachi no Remake",
        "songName": "God knows...",
        "artist": "Aimi",
        "type": "Insert Song",
        "correctCount": 80,
        "startTime": 120,
        "songDuration": 159.336,
        "songNumber": 69,
        "activePlayerCount": 232,
        "LinkVideo": "https://files.catbox.moe/q7l5xb.webm",
        "LinkMp3": "https://files.catbox.moe/8w5n37.mp3",
        "annId": 24090,
        "songDifficulty": 27.194183011705157,
        "vintage": "Summer 2021"
    },
    {
        "animeEng": "Wotakoi: Love is Hard for Otaku",
        "animeRomaji": "Otaku ni Koi wa Muzukashii",
        "songName": "Kimi no Tonari",
        "artist": "halca",
        "type": "Ending 1",
        "correctCount": 60,
        "startTime": 47,
        "songDuration": 90.048,
        "songNumber": 70,
        "activePlayerCount": 233,
        "LinkVideo": "https://files.catbox.moe/p8rw84.webm",
        "LinkMp3": "https://files.catbox.moe/meag6s.mp3",
        "annId": 24089,
        "songDifficulty": 29.48162291558103,
        "vintage": "Winter 2019"
    },
    {
        "animeEng": "That Time I Got Reincarnated as a Slime",
        "animeRomaji": "Tensei Shitara Slime Datta Ken",
        "songName": "Another colony",
        "artist": "TRUE",
        "type": "Ending 1",
        "correctCount": 73,
        "startTime": 2,
        "songDuration": 89.064,
        "songNumber": 71,
        "activePlayerCount": 235,
        "LinkVideo": "https://files.catbox.moe/htsw44.webm",
        "LinkMp3": "https://files.catbox.moe/pxmt50.mp3",
        "annId": 23357,
        "songDifficulty": 40.714298297918475,
        "vintage": "Summer 2019"
    },
    {
        "animeEng": "Chobits",
        "animeRomaji": "Chobits",
        "songName": "Let Me Be With You",
        "artist": "ROUND TABLE featuring Nino",
        "type": "Opening 1",
        "correctCount": 176,
        "startTime": 1,
        "songDuration": 89.592,
        "songNumber": 72,
        "activePlayerCount": 234,
        "LinkVideo": "https://files.catbox.moe/e1b477.webm",
        "LinkMp3": "https://files.catbox.moe/yq3kpb.mp3",
        "annId": 6098,
        "songDifficulty": 45.20074808372642,
        "vintage": "Winter 2003"
    },
    {
        "animeEng": "Aikatsu on Parade!",
        "animeRomaji": "Aikatsu on Parade!",
        "songName": "Kira\u30fbpata\u30fbshining",
        "artist": "Sunao from STAR\u2606ANIS",
        "type": "Insert Song",
        "correctCount": 82,
        "startTime": 11,
        "songDuration": 121.728,
        "songNumber": 73,
        "activePlayerCount": 234,
        "LinkVideo": "https://files.catbox.moe/bvwatc.webm",
        "LinkMp3": "https://files.catbox.moe/h4l4g7.mp3",
        "annId": 22441,
        "songDifficulty": 44.39448909622302,
        "vintage": "Fall 2019"
    },
    {
        "animeEng": "Nozo \u00d7 Kimi",
        "animeRomaji": "Nozo \u00d7 Kimi",
        "songName": "Tentekomai",
        "artist": "MimimemeMIMI",
        "type": "Opening 1",
        "correctCount": 30,
        "startTime": 2,
        "songDuration": 39.209122,
        "songNumber": 74,
        "activePlayerCount": 233,
        "LinkVideo": "https://files.catbox.moe/64o9qp.webm",
        "LinkMp3": "https://files.catbox.moe/57z738.mp3",
        "annId": 16241,
        "songDifficulty": 17.534510639337853,
        "vintage": "Summer 2014"
    },
    {
        "animeEng": "Hyperdimension Neptunia: Nep no Natsuyasumi",
        "animeRomaji": "Choujigen Game Neptune The Animation: Nep no Natsuyasumi",
        "songName": "Neptune\u2606Sagashite",
        "artist": "Afilia Saga",
        "type": "Insert Song",
        "correctCount": 101,
        "startTime": 35,
        "songDuration": 77.184,
        "songNumber": 75,
        "activePlayerCount": 232,
        "LinkVideo": "https://files.catbox.moe/t2bkk3.webm",
        "LinkMp3": "https://files.catbox.moe/n3xuu1.mp3",
        "annId": 22316,
        "songDifficulty": 39.16015115378343,
        "vintage": null
    },
    {
        "animeEng": "Yakeato no, Okashi no Ki",
        "animeRomaji": "Yakeato no, Okashi no Ki",
        "songName": "Omoide no Album",
        "artist": "Rena Takahashi",
        "type": "Ending 1",
        "correctCount": 7,
        "startTime": 13,
        "songDuration": 88.032,
        "songNumber": 76,
        "activePlayerCount": 232,
        "LinkVideo": "https://files.catbox.moe/4n95np.webm",
        "LinkMp3": "https://files.catbox.moe/dz4wao.mp3",
        "annId": 23448,
        "songDifficulty": 4.500066398077929,
        "vintage": "Summer 2006"
    },
    {
        "animeEng": "Digimon: The Golden Digimentals",
        "animeRomaji": "Digimon: The Golden Digimentals",
        "songName": "brave heart",
        "artist": "Ayumi Miyazaki",
        "type": "Insert Song",
        "correctCount": 83,
        "startTime": 7,
        "songDuration": 43.416,
        "songNumber": 77,
        "activePlayerCount": 234,
        "LinkVideo": "https://files.catbox.moe/2iwvct.webm",
        "LinkMp3": "https://files.catbox.moe/8akf42.mp3",
        "annId": 2525,
        "songDifficulty": 43.72279538390457,
        "vintage": "Summer 2000"
    },
    {
        "animeEng": "Boku no Imouto wa \"Osaka Okan\"",
        "animeRomaji": "Boku no Imouto wa \"Osaka Okan\"",
        "songName": "Osaka Beautiful Name",
        "artist": "Kana Asumi",
        "type": "Ending 1",
        "correctCount": 69,
        "startTime": 0,
        "songDuration": 25.032,
        "songNumber": 78,
        "activePlayerCount": 233,
        "LinkVideo": "https://files.catbox.moe/ijsl78.webm",
        "LinkMp3": "https://files.catbox.moe/jjq4yp.mp3",
        "annId": 14906,
        "songDifficulty": 27.153953422934322,
        "vintage": "Fall 2012"
    },
    {
        "animeEng": "Lupin III: Episode 0 First Contact",
        "animeRomaji": "Lupin Sansei: EPISODE:0 'First Contact'",
        "songName": "LOVE SQUALL(Po do mor)",
        "artist": "Sonia Rosa",
        "type": "Insert Song",
        "correctCount": 9,
        "startTime": 97,
        "songDuration": 128.448,
        "songNumber": 79,
        "activePlayerCount": 234,
        "LinkVideo": "https://files.catbox.moe/upewpb.webm",
        "LinkMp3": "https://files.catbox.moe/4xujiw.mp3",
        "annId": 2727,
        "songDifficulty": 15.796189453125,
        "vintage": "Summer 2002"
    },
    {
        "animeEng": "Professor Layton and the Eternal Diva",
        "animeRomaji": "Layton Kyouju to Eien no Utahime",
        "songName": "Omoide no Record",
        "artist": "Nana Mizuki",
        "type": "Insert Song",
        "correctCount": 33,
        "startTime": 17,
        "songDuration": 71.184,
        "songNumber": 80,
        "activePlayerCount": 235,
        "LinkVideo": "https://files.catbox.moe/lz4lzi.webm",
        "LinkMp3": "https://files.catbox.moe/xui9k0.mp3",
        "annId": 10673,
        "songDifficulty": 31.537769784172664,
        "vintage": "Fall 2009"
    },
    {
        "animeEng": "Yotsunoha",
        "animeRomaji": "Yotsunoha",
        "songName": "Negai",
        "artist": "Chata",
        "type": "Ending 1",
        "correctCount": 9,
        "startTime": 33,
        "songDuration": 105.12,
        "songNumber": 81,
        "activePlayerCount": 234,
        "LinkVideo": "https://files.catbox.moe/1xpcgk.webm",
        "LinkMp3": "https://files.catbox.moe/rwkzym.mp3",
        "annId": 8194,
        "songDifficulty": 15.884911070478724,
        "vintage": "Winter 2008"
    },
    {
        "animeEng": "One Piece",
        "animeRomaji": "One Piece",
        "songName": "Crazy Rainbow",
        "artist": "Tackey & Tsubasa",
        "type": "Opening 8",
        "correctCount": 121,
        "startTime": 120,
        "songDuration": 149.664,
        "songNumber": 82,
        "activePlayerCount": 235,
        "LinkVideo": "https://files.catbox.moe/9rrce3.webm",
        "LinkMp3": "https://files.catbox.moe/hgope3.mp3",
        "annId": 836,
        "songDifficulty": 44.5403364557446,
        "vintage": "Fall 1999"
    },
    {
        "animeEng": "Isekai Quartet",
        "animeRomaji": "Isekai Quartet",
        "songName": "Isekai Quartet",
        "artist": "Satoshi Hino, Jun Fukushima, Yuusuke Kobayashi, Aoi Yuuki",
        "type": "Opening 1",
        "correctCount": 136,
        "startTime": 57,
        "songDuration": 89.304,
        "songNumber": 83,
        "activePlayerCount": 234,
        "LinkVideo": "https://files.catbox.moe/tylwfd.webm",
        "LinkMp3": "https://files.catbox.moe/x4hnjm.mp3",
        "annId": 21992,
        "songDifficulty": 48.90179357798165,
        "vintage": "Spring 2019"
    },
    {
        "animeEng": "Tokimeki Memorial: Forever With You",
        "animeRomaji": "Tokimeki Memorial: Forever With You",
        "songName": "Motto! Motto! Tokimeki",
        "artist": "Mami Kingetsu",
        "type": "Opening 1",
        "correctCount": 6,
        "startTime": 95,
        "songDuration": 132.72,
        "songNumber": 84,
        "activePlayerCount": 235,
        "LinkVideo": "https://files.catbox.moe/1785wx.webm",
        "LinkMp3": "https://files.catbox.moe/daiz87.mp3",
        "annId": 1550,
        "songDifficulty": 12.666060202693737,
        "vintage": "Spring 1999"
    },
    {
        "animeEng": "Gintama",
        "animeRomaji": "Gintama",
        "songName": "Omae no Tou-chan\u00d7\u00d7",
        "artist": "Mikako Takahashi",
        "type": "Insert Song",
        "correctCount": 63,
        "startTime": 17,
        "songDuration": 71.784,
        "songNumber": 85,
        "activePlayerCount": 225,
        "LinkVideo": "https://files.catbox.moe/4n13ay.webm",
        "LinkMp3": "https://files.catbox.moe/t1ge6z.mp3",
        "annId": 6236,
        "songDifficulty": 36.36512776776519,
        "vintage": "Spring 2006"
    }
]