[
    {
        "animeEng": "Fantastic Children",
        "animeRomaji": "Fantastic Children",
        "songName": "Voyage... Meguru Toki no Naka de",
        "artist": "Inori",
        "type": "Insert Song",
        "correctCount": 5,
        "startTime": 120,
        "songDuration": 226.344,
        "songNumber": 1,
        "activePlayerCount": 211,
        "LinkVideo": "https://files.catbox.moe/a1om2g.webm",
        "LinkMp3": "https://files.catbox.moe/2u69yh.mp3",
        "annId": 4241,
        "songDifficulty": 20.328971105677482,
        "vintage": "Fall 2004",
        "correctPlayers": [
            "AKl",
            "Janoxx",
            "ShiroKuro",
            "Kawada6",
            "Szafa"
        ]
    },
    {
        "animeEng": "Yu Yu Hakusho: Ghost Files",
        "animeRomaji": "Yuu\u2606Yuu\u2606Hakusho",
        "songName": "Homework ga Owaranai",
        "artist": "Matsuko Mawatari",
        "type": "Ending 1",
        "correctCount": 56,
        "startTime": 34,
        "songDuration": 83.952,
        "songNumber": 2,
        "activePlayerCount": 219,
        "LinkVideo": "https://files.catbox.moe/8m6ik3.webm",
        "LinkMp3": "https://files.catbox.moe/eki0t3.mp3",
        "annId": 311,
        "songDifficulty": 44.49543452032758,
        "vintage": "Fall 1992"
    },
    {
        "animeEng": "Haven't You Heard? I'm Sakamoto",
        "animeRomaji": "Sakamoto desu ga?",
        "songName": "COOLEST",
        "artist": "CustomiZ",
        "type": "Opening 1",
        "correctCount": 158,
        "startTime": 20,
        "songDuration": 88.776,
        "songNumber": 3,
        "activePlayerCount": 219,
        "LinkVideo": "https://files.catbox.moe/3260bi.webm",
        "LinkMp3": "https://files.catbox.moe/lhds3m.mp3",
        "annId": 17991,
        "songDifficulty": 43.936424608850174,
        "vintage": "Spring 2016"
    },
    {
        "animeEng": "Teekyuu",
        "animeRomaji": "Teekyuu",
        "songName": "Koyoi Festival",
        "artist": "Kyouko Narumi",
        "type": "Opening 1",
        "correctCount": 129,
        "startTime": 0,
        "songDuration": 29.016,
        "songNumber": 4,
        "activePlayerCount": 224,
        "LinkVideo": "https://files.catbox.moe/804znu.webm",
        "LinkMp3": "https://files.catbox.moe/ryz14q.mp3",
        "annId": 14613,
        "songDifficulty": 35.64838209219858,
        "vintage": "Fall 2012"
    },
    {
        "animeEng": "Macross 7 the Movie: The Galaxy's Calling Me!",
        "animeRomaji": "Gekijouban Macross 7: Ginga ga Ore o Yondeiru!",
        "songName": "SEVENTH MOON",
        "artist": "Fire Bomber",
        "type": "Opening 1",
        "correctCount": 44,
        "startTime": 12,
        "songDuration": 87.768,
        "songNumber": 5,
        "activePlayerCount": 224,
        "LinkVideo": "https://files.catbox.moe/vbro53.webm",
        "LinkMp3": "https://files.catbox.moe/ifu0g0.mp3",
        "annId": 941,
        "songDifficulty": 37.124390768348626,
        "vintage": "Summer 1995"
    },
    {
        "animeEng": "Akame ga Kill!",
        "animeRomaji": "Akame ga Kill!",
        "songName": "Liar Mask",
        "artist": "Rika Mayama",
        "type": "Opening 2",
        "correctCount": 154,
        "startTime": 28,
        "songDuration": 90.014406,
        "songNumber": 6,
        "activePlayerCount": 222,
        "LinkVideo": "https://files.catbox.moe/wpylb5.webm",
        "LinkMp3": "https://files.catbox.moe/qvf0y9.mp3",
        "annId": 15919,
        "songDifficulty": 44.534134582092655,
        "vintage": "Summer 2014"
    },
    {
        "animeEng": "Azumanga Daioh",
        "animeRomaji": "Azumanga Daioh",
        "songName": "Soramimi Cake",
        "artist": "Oranges & Lemons",
        "type": "Opening 1",
        "correctCount": 108,
        "startTime": 11,
        "songDuration": 88.944,
        "songNumber": 7,
        "activePlayerCount": 224,
        "LinkVideo": "https://files.catbox.moe/uhdwfr.webm",
        "LinkMp3": "https://files.catbox.moe/kfu0be.mp3",
        "annId": 799,
        "songDifficulty": 41.93609106631679,
        "vintage": "Spring 2002"
    },
    {
        "animeEng": "Ghost in the Shell: Stand Alone Complex - Solid State Society",
        "animeRomaji": "Koukaku Kidoutai S.A.C. Solid State Society",
        "songName": "run rabbit junk",
        "artist": "HIDE",
        "type": "Insert Song",
        "correctCount": 17,
        "startTime": 105,
        "songDuration": 171.984,
        "songNumber": 8,
        "activePlayerCount": 227,
        "LinkVideo": "https://files.catbox.moe/z617n7.webm",
        "LinkMp3": "https://files.catbox.moe/6bc42u.mp3",
        "annId": 6717,
        "songDifficulty": 12.87534733408505,
        "vintage": "Summer 2006"
    },
    {
        "animeEng": "Someday's Dreamers II Sora",
        "animeRomaji": "Mahoutsukai ni Taisetsu na Koto: Natsu no Sora",
        "songName": "Fly Away",
        "artist": "THYME",
        "type": "Opening 1",
        "correctCount": 22,
        "startTime": 59,
        "songDuration": 91.056,
        "songNumber": 9,
        "activePlayerCount": 227,
        "LinkVideo": "https://files.catbox.moe/bj4tzl.webm",
        "LinkMp3": "https://files.catbox.moe/kr3wre.mp3",
        "annId": 9696,
        "songDifficulty": 15.065712498153074,
        "vintage": "Summer 2008"
    },
    {
        "animeEng": "KY Kei JC Kuuki-chan",
        "animeRomaji": "KY Kei JC Kuuki-chan",
        "songName": "Main Theme",
        "artist": "Chinoji",
        "type": "Opening 1",
        "correctCount": 3,
        "startTime": 10,
        "songDuration": 52.609708,
        "songNumber": 10,
        "activePlayerCount": 230,
        "LinkVideo": "https://files.catbox.moe/k5fc9k.webm",
        "LinkMp3": "https://files.catbox.moe/el51w3.mp3",
        "annId": 24581,
        "songDifficulty": 9.670768229166667,
        "vintage": "Summer 2013",
        "correctPlayers": [
            "Hejsan",
            "AKl",
            "Torradinhas"
        ]
    },
    {
        "animeEng": "Shirobako",
        "animeRomaji": "Shirobako",
        "songName": "I'm Sorry EXODUS",
        "artist": "TRACY",
        "type": "Opening 1",
        "correctCount": 50,
        "startTime": 50,
        "songDuration": 88.272,
        "songNumber": 11,
        "activePlayerCount": 231,
        "LinkVideo": "https://files.catbox.moe/a692yj.webm",
        "LinkMp3": "https://files.catbox.moe/pztmyh.mp3",
        "annId": 23402,
        "songDifficulty": 23.61564859816838,
        "vintage": "Winter 2015"
    },
    {
        "animeEng": "Animal 1",
        "animeRomaji": "Animal 1",
        "songName": "Animal 1 no Uta",
        "artist": "Eiko Shuri",
        "type": "Opening 1",
        "correctCount": 109,
        "startTime": 22,
        "songDuration": 96.6514,
        "songNumber": 12,
        "activePlayerCount": 231,
        "LinkVideo": "https://files.catbox.moe/07z19u.webm",
        "LinkMp3": "https://files.catbox.moe/177qsk.mp3",
        "annId": 1080,
        "songDifficulty": 38.91549981454006,
        "vintage": "Spring 1968"
    },
    {
        "animeEng": "Re:Zero: Starting Life in Another World",
        "animeRomaji": "Re:Zero kara Hajimeru Isekai Seikatsu",
        "songName": "Long shot",
        "artist": "Mayu Maeshima",
        "type": "Opening 1",
        "correctCount": 156,
        "startTime": 27,
        "songDuration": 89.568,
        "songNumber": 13,
        "activePlayerCount": 231,
        "LinkVideo": "https://files.catbox.moe/un3lza.webm",
        "LinkMp3": "https://files.catbox.moe/5z9fug.mp3",
        "annId": 23779,
        "songDifficulty": 40.731133688492136,
        "vintage": "Winter 2021"
    },
    {
        "animeEng": "Galaxy Angel A",
        "animeRomaji": "Galaxy Angel A",
        "songName": "In the Chaos",
        "artist": "JAM Project Featuring Masami Okui",
        "type": "Ending 3",
        "correctCount": 1,
        "startTime": 125,
        "songDuration": 206.76,
        "songNumber": 14,
        "activePlayerCount": 231,
        "LinkVideo": "https://files.catbox.moe/zqpwam.webm",
        "LinkMp3": "https://files.catbox.moe/6e4gmp.mp3",
        "annId": 2142,
        "songDifficulty": 8.340315564287023,
        "vintage": "Fall 2002",
        "correctPlayers": [
            "gaaw"
        ]
    },
    {
        "animeEng": "God Eater",
        "animeRomaji": "God Eater",
        "songName": "NO WAY",
        "artist": "GHOST ORACLE DRIVE",
        "type": "Insert Song",
        "correctCount": 39,
        "startTime": 10,
        "songDuration": 71.136,
        "songNumber": 15,
        "activePlayerCount": 231,
        "LinkVideo": "https://files.catbox.moe/oketw3.webm",
        "LinkMp3": "https://files.catbox.moe/e1l8nm.mp3",
        "annId": 16370,
        "songDifficulty": 25.000898144136336,
        "vintage": "Summer 2015"
    },
    {
        "animeEng": "Aikatsu Stars!",
        "animeRomaji": "Aikatsu Stars!",
        "songName": "Message of a Rainbow",
        "artist": "Sena\u30fbNanase from AIKATSU\u2606STARS!",
        "type": "Insert Song",
        "correctCount": 18,
        "startTime": 52,
        "songDuration": 122.088,
        "songNumber": 16,
        "activePlayerCount": 232,
        "LinkVideo": "https://files.catbox.moe/p8gzrd.webm",
        "LinkMp3": "https://files.catbox.moe/grzw2g.mp3",
        "annId": 18088,
        "songDifficulty": 40.87771299463758,
        "vintage": "Spring 2016"
    },
    {
        "animeEng": "Aqua Kids",
        "animeRomaji": "Aqua Kids",
        "songName": "Boukensha-tachi",
        "artist": "Kohei Dojima",
        "type": "Ending 1",
        "correctCount": 0,
        "startTime": 27,
        "songDuration": 84.552,
        "songNumber": 17,
        "activePlayerCount": 233,
        "LinkVideo": "https://files.catbox.moe/wr5uz0.webm",
        "LinkMp3": "https://files.catbox.moe/r4od6h.mp3",
        "annId": 4499,
        "songDifficulty": 3.6866970486111112,
        "vintage": "Spring 2004"
    },
    {
        "animeEng": "Strike Witches: Road to Berlin",
        "animeRomaji": "Dai-501 Tougou Sentou Koukuu-dan Strike Witches: Road to Berlin",
        "songName": "Fly away",
        "artist": "Rie Tanaka, Sakura Nogawa, Mie Sonozaki",
        "type": "Insert Song",
        "correctCount": 6,
        "startTime": 26,
        "songDuration": 164.928,
        "songNumber": 18,
        "activePlayerCount": 234,
        "LinkVideo": "https://files.catbox.moe/1qvdrb.webm",
        "LinkMp3": "https://files.catbox.moe/1mc8is.mp3",
        "annId": 21189,
        "songDifficulty": 13.32098705150463,
        "vintage": "Fall 2020"
    },
    {
        "animeEng": "Star of the Giants",
        "animeRomaji": "Kyojin no Hoshi",
        "songName": "Yuke Yuke Hyuuma",
        "artist": "Ensemble Bokka",
        "type": "Opening 1",
        "correctCount": 22,
        "startTime": 32,
        "songDuration": 65.136,
        "songNumber": 19,
        "activePlayerCount": 233,
        "LinkVideo": "https://files.catbox.moe/04wf4b.webm",
        "LinkMp3": "https://files.catbox.moe/3dex0b.mp3",
        "annId": 1446,
        "songDifficulty": 16.326888510338346,
        "vintage": "Winter 1968"
    },
    {
        "animeEng": "Lunar Legend Tsukihime",
        "animeRomaji": "Shingetsutan Tsukihime",
        "songName": "The Sacred Moon",
        "artist": "Toshiyuki Omori",
        "type": "Opening 1",
        "correctCount": 58,
        "startTime": 39,
        "songDuration": 88.968,
        "songNumber": 20,
        "activePlayerCount": 233,
        "LinkVideo": "https://files.catbox.moe/yqc0yf.webm",
        "LinkMp3": "https://files.catbox.moe/ifr7qh.mp3",
        "annId": 2938,
        "songDifficulty": 26.367066941322157,
        "vintage": "Fall 2003"
    },
    {
        "animeEng": "Zan Sayonara Zetsubou Sensei",
        "animeRomaji": "Zan Sayonara Zetsubou Sensei",
        "songName": "Zetsubou Sensei Ekaki Uta",
        "artist": "Yu Kobayashi, Kenji Ohtsuki",
        "type": "Insert Song",
        "correctCount": 90,
        "startTime": 0,
        "songDuration": 41.4,
        "songNumber": 21,
        "activePlayerCount": 233,
        "LinkVideo": "https://files.catbox.moe/6e2pf8.webm",
        "LinkMp3": "https://files.catbox.moe/ydv1c0.mp3",
        "annId": 10805,
        "songDifficulty": 44.11170760918004,
        "vintage": "Summer 2009"
    },
    {
        "animeEng": "Yu-Gi-Oh! 3D: Bonds Beyond Time",
        "animeRomaji": "Gekijouban Yu-Gi-Oh!: Chou Yuugou! Jikuu o Koeta Kizuna",
        "songName": "makemagic",
        "artist": "jealkb",
        "type": "Ending 1",
        "correctCount": 13,
        "startTime": 24,
        "songDuration": 217.224,
        "songNumber": 22,
        "activePlayerCount": 232,
        "LinkVideo": "https://files.catbox.moe/exbf21.webm",
        "LinkMp3": "https://files.catbox.moe/tms34l.mp3",
        "annId": 11395,
        "songDifficulty": 15.086337739696623,
        "vintage": "Winter 2010"
    },
    {
        "animeEng": "Kingsglaive: Final Fantasy XV",
        "animeRomaji": "Kingsglaive: Final Fantasy XV",
        "songName": "Calling for Rain",
        "artist": "Hiroo Nakano, Neo Liu, Tu Hua Bing",
        "type": "Insert Song",
        "correctCount": 66,
        "startTime": 34,
        "songDuration": 118.224,
        "songNumber": 23,
        "activePlayerCount": 232,
        "LinkVideo": "https://files.catbox.moe/gbgeef.webm",
        "LinkMp3": "https://files.catbox.moe/hmjo05.mp3",
        "annId": 18201,
        "songDifficulty": 22.11391052431611,
        "vintage": "Summer 2016"
    },
    {
        "animeEng": "Aikatsu!",
        "animeRomaji": "Aikatsu!",
        "songName": "Moonlight destiny",
        "artist": "Risuko\u30fbWaka from STAR\u2606ANIS",
        "type": "Insert Song",
        "correctCount": 23,
        "startTime": 53,
        "songDuration": 115.752,
        "songNumber": 24,
        "activePlayerCount": 231,
        "LinkVideo": "https://files.catbox.moe/gj96m2.webm",
        "LinkMp3": "https://files.catbox.moe/x6fd87.mp3",
        "annId": 14566,
        "songDifficulty": 23.98148201337827,
        "vintage": "Fall 2012"
    },
    {
        "animeEng": "Go-Go Tamagotchi!",
        "animeRomaji": "Go-Go Tamagotchi!",
        "songName": "Baby I",
        "artist": "Ariana Grande feat. Taro Hakase",
        "type": "Ending 2",
        "correctCount": 6,
        "startTime": 1,
        "songDuration": 89.023776,
        "songNumber": 25,
        "activePlayerCount": 230,
        "LinkVideo": "https://files.catbox.moe/qqtfbo.webm",
        "LinkMp3": "https://files.catbox.moe/pndpvq.mp3",
        "annId": 16860,
        "songDifficulty": 8.222624995282306,
        "vintage": "Spring 2014"
    },
    {
        "animeEng": "K: Seven Stories - The Idol K",
        "animeRomaji": "K: Seven Stories - The Idol K",
        "songName": "Kiss! Kiss! Kiss!",
        "artist": "Daisuke Namikawa, Daisuke Ono, Kazuyuki Okitsu, Masakazu Morita, Jun Fukuyama, Mamoru Miyano",
        "type": "Ending 1",
        "correctCount": 8,
        "startTime": 57,
        "songDuration": 88.368,
        "songNumber": 26,
        "activePlayerCount": 230,
        "LinkVideo": "https://files.catbox.moe/1e5k0o.webm",
        "LinkMp3": "https://files.catbox.moe/iq5bap.mp3",
        "annId": 22689,
        "songDifficulty": 12.14831223412958,
        "vintage": "Summer 2018"
    },
    {
        "animeEng": "Code Geass: Lelouch of the Rebellion Remake Movies",
        "animeRomaji": "Code Geass: Hangyaku no Lelouch Remake Movies",
        "songName": "Innocent Days",
        "artist": "Hitomi",
        "type": "Insert Song",
        "correctCount": 75,
        "startTime": 79,
        "songDuration": 148.32,
        "songNumber": 27,
        "activePlayerCount": 230,
        "LinkVideo": "https://files.catbox.moe/sp74p4.webm",
        "LinkMp3": "https://files.catbox.moe/2rz5ea.mp3",
        "annId": 20158,
        "songDifficulty": 44.987782579787236,
        "vintage": "Fall 2017"
    },
    {
        "animeEng": "Rascal Does Not Dream of Bunny Girl Senpai",
        "animeRomaji": "Seishun Buta Yarou wa Bunny Girl Senpai no Yume o Minai",
        "songName": "Fukashigi no Karte",
        "artist": "Asami Seto",
        "type": "Ending 2",
        "correctCount": 212,
        "startTime": 16,
        "songDuration": 59.448,
        "songNumber": 28,
        "activePlayerCount": 233,
        "LinkVideo": "https://files.catbox.moe/65fywa.webm",
        "LinkMp3": "https://files.catbox.moe/qa3huz.mp3",
        "annId": 20848,
        "songDifficulty": 71.32425306148619,
        "vintage": "Fall 2018"
    },
    {
        "animeEng": "The Future Diary Redial",
        "animeRomaji": "Mirai Nikki Redial",
        "songName": "Kyouki Chinden",
        "artist": "Yousei Teikoku",
        "type": "Opening 1",
        "correctCount": 80,
        "startTime": 58,
        "songDuration": 95.256,
        "songNumber": 29,
        "activePlayerCount": 234,
        "LinkVideo": "https://files.catbox.moe/b4vr9z.webm",
        "LinkMp3": "https://files.catbox.moe/81cwv6.mp3",
        "annId": 15406,
        "songDifficulty": 26.358148581657947,
        "vintage": "Summer 2013"
    },
    {
        "animeEng": "Black Clover",
        "animeRomaji": "Black Clover",
        "songName": "Guess Who Is Back",
        "artist": "Kumi Koda",
        "type": "Opening 4",
        "correctCount": 105,
        "startTime": 1,
        "songDuration": 87.816,
        "songNumber": 30,
        "activePlayerCount": 236,
        "LinkVideo": "https://files.catbox.moe/mtqu6t.webm",
        "LinkMp3": "https://files.catbox.moe/h265mx.mp3",
        "annId": 19743,
        "songDifficulty": 48.40739098300074,
        "vintage": "Fall 2017"
    },
    {
        "animeEng": "The Seven Deadly Sins",
        "animeRomaji": "Nanatsu no Taizai",
        "songName": "7-seven-",
        "artist": "FLOW\u00d7GRANRODEO",
        "type": "Ending 2",
        "correctCount": 129,
        "startTime": 46,
        "songDuration": 88.896,
        "songNumber": 31,
        "activePlayerCount": 236,
        "LinkVideo": "https://files.catbox.moe/f85nsu.webm",
        "LinkMp3": "https://files.catbox.moe/7vytm3.mp3",
        "annId": 16867,
        "songDifficulty": 41.18742206057007,
        "vintage": "Spring 2015"
    },
    {
        "animeEng": "A3! Season Spring & Summer",
        "animeRomaji": "A3! Season Spring & Summer",
        "songName": "Act! Addict! Actors!",
        "artist": "A3ders!",
        "type": "Opening 1",
        "correctCount": 30,
        "startTime": 7,
        "songDuration": 88.176,
        "songNumber": 32,
        "activePlayerCount": 236,
        "LinkVideo": "https://files.catbox.moe/6e8nbu.webm",
        "LinkMp3": "https://files.catbox.moe/nc3kuf.mp3",
        "annId": 22440,
        "songDifficulty": 20.0599365234375,
        "vintage": "Winter 2020"
    },
    {
        "animeEng": "I've Been Killing Slimes For 300 Years And Maxed Out My Level",
        "animeRomaji": "Slime Taoshite 300-nen, Shiranai Uchi ni Level Max ni Nattemashita",
        "songName": "Gudafuwa Everyday",
        "artist": "Aoi Yuuki",
        "type": "Opening 1",
        "correctCount": 124,
        "startTime": 20,
        "songDuration": 88.56,
        "songNumber": 33,
        "activePlayerCount": 238,
        "LinkVideo": "https://files.catbox.moe/f7cnjy.webm",
        "LinkMp3": "https://files.catbox.moe/08kt8e.mp3",
        "annId": 22583,
        "songDifficulty": 35.2028412156087,
        "vintage": "Spring 2021"
    },
    {
        "animeEng": "Aikatsu Friends!: Kagayaki no Jewel",
        "animeRomaji": "Aikatsu Friends!: Kagayaki no Jewel",
        "songName": "Kono Sekai wa Subarashii",
        "artist": "Wakaba from BEST FRIENDS!",
        "type": "Insert Song",
        "correctCount": 11,
        "startTime": 41,
        "songDuration": 119.544,
        "songNumber": 34,
        "activePlayerCount": 239,
        "LinkVideo": "https://files.catbox.moe/gnv952.webm",
        "LinkMp3": "https://files.catbox.moe/ahmx9d.mp3",
        "annId": 22158,
        "songDifficulty": 28.750001808449074,
        "vintage": "Spring 2019"
    },
    {
        "animeEng": "High School of the Dead",
        "animeRomaji": "Gakuen Mokushiroku: Highschool of the Dead",
        "songName": "HIGHSCHOOL OF THE DEAD",
        "artist": "Kishida Kyoudan &THE Akeboshi Rockets",
        "type": "Opening 1",
        "correctCount": 178,
        "startTime": 59,
        "songDuration": 89.76,
        "songNumber": 35,
        "activePlayerCount": 238,
        "LinkVideo": "https://files.catbox.moe/63q21z.webm",
        "LinkMp3": "https://files.catbox.moe/b43um0.mp3",
        "annId": 11271,
        "songDifficulty": 37.729118734593264,
        "vintage": "Summer 2010"
    },
    {
        "animeEng": "Girl-gaku.: Sei Girls Square Gakuin",
        "animeRomaji": "Girl-gaku.: Sei Girls Square Gakuin",
        "songName": "All OK!",
        "artist": "east\u00b2",
        "type": "Ending 5",
        "correctCount": 18,
        "startTime": 0,
        "songDuration": 23.376,
        "songNumber": 36,
        "activePlayerCount": 237,
        "LinkVideo": "https://files.catbox.moe/ui6274.webm",
        "LinkMp3": "https://files.catbox.moe/38t77s.mp3",
        "annId": 23213,
        "songDifficulty": 18.281361307123657,
        "vintage": "Spring 2020"
    },
    {
        "animeEng": "Aikatsu!",
        "animeRomaji": "Aikatsu!",
        "songName": "Magical Time",
        "artist": "Yuna from STAR\u2606ANIS",
        "type": "Insert Song",
        "correctCount": 74,
        "startTime": 26,
        "songDuration": 109.032,
        "songNumber": 37,
        "activePlayerCount": 236,
        "LinkVideo": "https://files.catbox.moe/wvm2n1.webm",
        "LinkMp3": "https://files.catbox.moe/p7qkwm.mp3",
        "annId": 15597,
        "songDifficulty": 33.16001992076211,
        "vintage": "Fall 2013"
    },
    {
        "animeEng": "Maison Ikkoku",
        "animeRomaji": "Maison Ikkoku",
        "songName": "Haru no Arashi no Yoru no Tejinashi",
        "artist": "Morio Agata",
        "type": "Insert Song",
        "correctCount": 3,
        "startTime": 18,
        "songDuration": 54.48,
        "songNumber": 38,
        "activePlayerCount": 238,
        "LinkVideo": "https://files.catbox.moe/h4dj81.webm",
        "LinkMp3": "https://files.catbox.moe/6jguez.mp3",
        "annId": 376,
        "songDifficulty": 5.014262229714242,
        "vintage": "Winter 1986",
        "correctPlayers": [
            "Baguett",
            "eclairJoss",
            "gro"
        ]
    },
    {
        "animeEng": "Your Light: Kase-san and Morning Glories",
        "animeRomaji": "Kimi no Hikari: Asagao to Kase-san.",
        "songName": "Kimi no Egao (album ver.)",
        "artist": "Hanako Oku",
        "type": "Insert Song",
        "correctCount": 29,
        "startTime": 201,
        "songDuration": 300.552,
        "songNumber": 39,
        "activePlayerCount": 239,
        "LinkVideo": "https://files.catbox.moe/q3ipev.webm",
        "LinkMp3": "https://files.catbox.moe/rebmn8.mp3",
        "annId": 19779,
        "songDifficulty": 14.958169434731936,
        "vintage": "Spring 2017"
    },
    {
        "animeEng": "Vandread: The Second Stage",
        "animeRomaji": "Vandread: The Second Stage",
        "songName": "TRUST",
        "artist": "Salia",
        "type": "Ending 2",
        "correctCount": 60,
        "startTime": 48,
        "songDuration": 119.037954,
        "songNumber": 40,
        "activePlayerCount": 239,
        "LinkVideo": "https://files.catbox.moe/fmi25b.webm",
        "LinkMp3": "https://files.catbox.moe/y6hf4d.mp3",
        "annId": 601,
        "songDifficulty": 27.031289792020374,
        "vintage": "Fall 2001"
    },
    {
        "animeEng": "Bakuman.",
        "animeRomaji": "Bakuman.",
        "songName": "Yoake Sunzen no Symphony",
        "artist": "Saori Hayami to SeiVi-tai",
        "type": "Insert Song",
        "correctCount": 18,
        "startTime": 23,
        "songDuration": 56.04,
        "songNumber": 41,
        "activePlayerCount": 239,
        "LinkVideo": "https://files.catbox.moe/jqbtb2.webm",
        "LinkMp3": "https://files.catbox.moe/agxzwt.mp3",
        "annId": 11197,
        "songDifficulty": 10.494737073685858,
        "vintage": "Fall 2010"
    },
    {
        "animeEng": "Fighting Spirit",
        "animeRomaji": "Hajime no Ippo",
        "songName": "Yuuzora no Kamihikouki",
        "artist": "Naoya Mori",
        "type": "Ending 1",
        "correctCount": 34,
        "startTime": 17,
        "songDuration": 69.458398,
        "songNumber": 42,
        "activePlayerCount": 239,
        "LinkVideo": "https://files.catbox.moe/fz79fu.webm",
        "LinkMp3": "https://files.catbox.moe/fnr6h8.mp3",
        "annId": 1139,
        "songDifficulty": 28.04674065806878,
        "vintage": "Fall 2000"
    },
    {
        "animeEng": "Inazuma Eleven GO",
        "animeRomaji": "Inazuma Eleven GO",
        "songName": "Uchi Kudark!",
        "artist": "T-Pistonz+KMC",
        "type": "Opening 4",
        "correctCount": 57,
        "startTime": 34,
        "songDuration": 89.99029,
        "songNumber": 43,
        "activePlayerCount": 238,
        "LinkVideo": "https://files.catbox.moe/fsg5gu.webm",
        "LinkMp3": "https://files.catbox.moe/fvuoa4.mp3",
        "annId": 12877,
        "songDifficulty": 32.23353818842151,
        "vintage": "Spring 2011"
    },
    {
        "animeEng": "Transformers: Cybertron",
        "animeRomaji": "Transformers: Galaxy Force",
        "songName": "IGNITION!",
        "artist": "CHINO",
        "type": "Opening 2",
        "correctCount": 5,
        "startTime": 19,
        "songDuration": 86.33321,
        "songNumber": 44,
        "activePlayerCount": 235,
        "LinkVideo": "https://files.catbox.moe/nv1w0s.webm",
        "LinkMp3": "https://files.catbox.moe/ffgrzw.mp3",
        "annId": 4833,
        "songDifficulty": 15.056338028169014,
        "vintage": "Winter 2005",
        "correctPlayers": [
            "Hejsan",
            "MashiroShiina87",
            "AKl",
            "MikelOyarzabal",
            "ShiroKuro"
        ]
    },
    {
        "animeEng": "Fullmetal Alchemist: The Sacred Star of Milos",
        "animeRomaji": "Hagane no Renkinjutsushi: Milos no Seinaru Hoshi",
        "songName": "GOOD LUCK MY WAY",
        "artist": "L'Arc~en~Ciel",
        "type": "Ending 1",
        "correctCount": 12,
        "startTime": 99,
        "songDuration": 260.016,
        "songNumber": 45,
        "activePlayerCount": 236,
        "LinkVideo": "https://files.catbox.moe/tf0sj2.webm",
        "LinkMp3": "https://files.catbox.moe/hlqcwd.mp3",
        "annId": 12180,
        "songDifficulty": 14.580432245033576,
        "vintage": "Summer 2011"
    },
    {
        "animeEng": "Omamori Himari",
        "animeRomaji": "Omamori Himari",
        "songName": "BEAM my BEAM",
        "artist": "Yuki Matsuoka",
        "type": "Ending 6",
        "correctCount": 55,
        "startTime": 12,
        "songDuration": 89.52,
        "songNumber": 46,
        "activePlayerCount": 236,
        "LinkVideo": "https://files.catbox.moe/22zyh8.webm",
        "LinkMp3": "https://files.catbox.moe/sl0rvl.mp3",
        "annId": 10767,
        "songDifficulty": 30.294902884255798,
        "vintage": "Winter 2010"
    },
    {
        "animeEng": "Ouran High School Host Club",
        "animeRomaji": "Ouran Koukou Host Club",
        "songName": "Sakura kiss",
        "artist": "Chieko Kawabe",
        "type": "Opening 1",
        "correctCount": 148,
        "startTime": 11,
        "songDuration": 75.648,
        "songNumber": 47,
        "activePlayerCount": 236,
        "LinkVideo": "https://files.catbox.moe/wru9uk.webm",
        "LinkMp3": "https://files.catbox.moe/snszth.mp3",
        "annId": 6122,
        "songDifficulty": 44.99580674194076,
        "vintage": "Spring 2006"
    },
    {
        "animeEng": "Wagnaria!!",
        "animeRomaji": "Working!!",
        "songName": "SOMEONE ELSE",
        "artist": "Kana Asumi, Saki Fujita, Eri Kitamura",
        "type": "Opening 1",
        "correctCount": 122,
        "startTime": 27,
        "songDuration": 88.656,
        "songNumber": 48,
        "activePlayerCount": 236,
        "LinkVideo": "https://files.catbox.moe/wgwi8d.webm",
        "LinkMp3": "https://files.catbox.moe/1vomvz.mp3",
        "annId": 11017,
        "songDifficulty": 40.19711195361285,
        "vintage": "Winter 2010"
    },
    {
        "animeEng": "Bleach the Movie: Memories of Nobody",
        "animeRomaji": "Gekijouban Bleach: Memories of Nobody",
        "songName": "Sen no Yoru o Koete",
        "artist": "Aqua Timez",
        "type": "Ending 1",
        "correctCount": 15,
        "startTime": 30,
        "songDuration": 285.048,
        "songNumber": 49,
        "activePlayerCount": 237,
        "LinkVideo": "https://files.catbox.moe/88ovf3.webm",
        "LinkMp3": "https://files.catbox.moe/taj1kn.mp3",
        "annId": 6600,
        "songDifficulty": 16.966992843855017,
        "vintage": "Fall 2006"
    },
    {
        "animeEng": "Adachi and Shimamura",
        "animeRomaji": "Adachi to Shimamura",
        "songName": "Merry-Go-Round",
        "artist": "Adachi to Shimamura",
        "type": "Insert Song",
        "correctCount": 40,
        "startTime": 76,
        "songDuration": 112.128,
        "songNumber": 50,
        "activePlayerCount": 236,
        "LinkVideo": "https://files.catbox.moe/fejvh0.webm",
        "LinkMp3": "https://files.catbox.moe/0d63by.mp3",
        "annId": 22954,
        "songDifficulty": 20.564054812097048,
        "vintage": "Fall 2020"
    },
    {
        "animeEng": "Mix",
        "animeRomaji": "Mix: Meisei Story",
        "songName": "Equal",
        "artist": "sumika",
        "type": "Opening 1",
        "correctCount": 31,
        "startTime": 38,
        "songDuration": 112.056,
        "songNumber": 51,
        "activePlayerCount": 238,
        "LinkVideo": "https://files.catbox.moe/wfjh24.webm",
        "LinkMp3": "https://files.catbox.moe/v2zl6w.mp3",
        "annId": 21648,
        "songDifficulty": 19.752345401691333,
        "vintage": "Spring 2019"
    },
    {
        "animeEng": "Flying Witch",
        "animeRomaji": "Flying Witch",
        "songName": "Nichijou no Mahou",
        "artist": "Minami Shinoda & Eri Suzuki",
        "type": "Ending 1",
        "correctCount": 16,
        "startTime": 26,
        "songDuration": 89.088,
        "songNumber": 52,
        "activePlayerCount": 238,
        "LinkVideo": "https://files.catbox.moe/a0v0u5.webm",
        "LinkMp3": "https://files.catbox.moe/dwj2t5.mp3",
        "annId": 17448,
        "songDifficulty": 11.895462143657912,
        "vintage": "Spring 2016"
    },
    {
        "animeEng": "Hozuki's Coolheadedness",
        "animeRomaji": "Hoozuki no Reitetsu",
        "songName": "Haikei, Jigoku yori",
        "artist": "Jigoku no Sata All Stars",
        "type": "Opening 1",
        "correctCount": 114,
        "startTime": 32,
        "songDuration": 89.16,
        "songNumber": 53,
        "activePlayerCount": 238,
        "LinkVideo": "https://files.catbox.moe/bk0tm4.webm",
        "LinkMp3": "https://files.catbox.moe/sm9rwp.mp3",
        "annId": 20677,
        "songDifficulty": 34.83950995206336,
        "vintage": "Spring 2018"
    },
    {
        "animeEng": "Doraemon: Nobita to Midori no Kyojin Den",
        "animeRomaji": "Doraemon: Nobita to Midori no Kyojin Den",
        "songName": "Te o Tsunagou",
        "artist": "Ayaka",
        "type": "Ending 1",
        "correctCount": 2,
        "startTime": 129,
        "songDuration": 230.88,
        "songNumber": 54,
        "activePlayerCount": 237,
        "LinkVideo": "https://files.catbox.moe/f9vu0t.webm",
        "LinkMp3": "https://files.catbox.moe/o8lhq0.mp3",
        "annId": 8394,
        "songDifficulty": 8.998084178888131,
        "vintage": "Winter 2008",
        "correctPlayers": [
            "Bai",
            "amehaneyuki"
        ]
    },
    {
        "animeEng": "Nono-chan",
        "animeRomaji": "Nono-chan",
        "songName": "Nono-chan Ikka no Uta",
        "artist": "Nono-chan Ikka",
        "type": "Ending 1",
        "correctCount": 2,
        "startTime": 12,
        "songDuration": 89.064,
        "songNumber": 55,
        "activePlayerCount": 236,
        "LinkVideo": "https://files.catbox.moe/t2bb8k.webm",
        "LinkMp3": "https://files.catbox.moe/vlhg8t.mp3",
        "annId": 1854,
        "songDifficulty": 6.421072892316683,
        "vintage": "Summer 2001",
        "correctPlayers": [
            "Orfey",
            "mofro"
        ]
    },
    {
        "animeEng": "The World God Only Knows",
        "animeRomaji": "Kami Nomi zo Shiru Sekai",
        "songName": "God only knows Daisanmaku",
        "artist": "Oratorio The World God Only Knows",
        "type": "Insert Song",
        "correctCount": 178,
        "startTime": 75,
        "songDuration": 250.37937,
        "songNumber": 56,
        "activePlayerCount": 236,
        "LinkVideo": "https://files.catbox.moe/ao513o.webm",
        "LinkMp3": "https://files.catbox.moe/mdmbgh.mp3",
        "annId": 11571,
        "songDifficulty": 48.81953244548585,
        "vintage": "Fall 2010"
    },
    {
        "animeEng": "Machine Robo: The Running Battlehackers",
        "animeRomaji": "Machine Robo: Butchigiri Battlehackers",
        "songName": "Butchigiri Battle Hackers",
        "artist": "Toshiya Igarashi",
        "type": "Opening 1",
        "correctCount": 7,
        "startTime": 59,
        "songDuration": 88.104,
        "songNumber": 57,
        "activePlayerCount": 236,
        "LinkVideo": "https://files.catbox.moe/6k6dg3.webm",
        "LinkMp3": "https://files.catbox.moe/jx153t.mp3",
        "annId": 445,
        "songDifficulty": 16.92406401763091,
        "vintage": "Spring 1987"
    },
    {
        "animeEng": "Food Wars! The Second Plate",
        "animeRomaji": "Shokugeki no Souma: Ni no Sara",
        "songName": "ROUGH DIAMONDS",
        "artist": "SCREEN mode",
        "type": "Opening 1",
        "correctCount": 142,
        "startTime": 45,
        "songDuration": 88.44,
        "songNumber": 58,
        "activePlayerCount": 236,
        "LinkVideo": "https://files.catbox.moe/i4kugr.webm",
        "LinkMp3": "https://files.catbox.moe/mlctpn.mp3",
        "annId": 18112,
        "songDifficulty": 25.39296126958884,
        "vintage": "Summer 2016"
    },
    {
        "animeEng": "Jormungand Perfect Order",
        "animeRomaji": "Jormungand Perfect Order",
        "songName": "Time to attack",
        "artist": "SANTA",
        "type": "Insert Song",
        "correctCount": 42,
        "startTime": 66,
        "songDuration": 164.184,
        "songNumber": 59,
        "activePlayerCount": 235,
        "LinkVideo": "https://files.catbox.moe/7rdf4p.webm",
        "LinkMp3": "https://files.catbox.moe/b0qbjy.mp3",
        "annId": 14729,
        "songDifficulty": 26.234881630957837,
        "vintage": "Fall 2012"
    },
    {
        "animeEng": "Guru Guru Town Hanamaru-kun",
        "animeRomaji": "Guru Guru Town Hanamaru-kun",
        "songName": "Sekaijuu no Takaramono",
        "artist": "Hitomi Ishikawa",
        "type": "Opening 1",
        "correctCount": 5,
        "startTime": 49,
        "songDuration": 99.672,
        "songNumber": 60,
        "activePlayerCount": 237,
        "LinkVideo": "https://files.catbox.moe/jekkh4.webm",
        "LinkMp3": "https://files.catbox.moe/g98lq9.mp3",
        "annId": 1425,
        "songDifficulty": 4.307857161902731,
        "vintage": "Fall 1999",
        "correctPlayers": [
            "Orfey",
            "Lord_Binary",
            "Delete",
            "AKl",
            "amehaneyuki"
        ]
    },
    {
        "animeEng": "Monsuno",
        "animeRomaji": "Juusen Battle Monsuno",
        "songName": "Jounetsu ELEMENT",
        "artist": "SV Tribe",
        "type": "Ending 1",
        "correctCount": 1,
        "startTime": 16,
        "songDuration": 59.856,
        "songNumber": 61,
        "activePlayerCount": 237,
        "LinkVideo": "https://files.catbox.moe/ho1zk0.webm",
        "LinkMp3": "https://files.catbox.moe/p4mq56.mp3",
        "annId": 14731,
        "songDifficulty": 17.72598732123941,
        "vintage": "Winter 2012",
        "correctPlayers": [
            "TheChump"
        ]
    },
    {
        "animeEng": "Tamako Market",
        "animeRomaji": "Tamako Market",
        "songName": "Dramatic Market Ride",
        "artist": "Aya Suzaki",
        "type": "Opening 1",
        "correctCount": 73,
        "startTime": 13,
        "songDuration": 88.872,
        "songNumber": 62,
        "activePlayerCount": 238,
        "LinkVideo": "https://files.catbox.moe/wuje6l.webm",
        "LinkMp3": "https://files.catbox.moe/f1myqe.mp3",
        "annId": 14908,
        "songDifficulty": 28.559807304971507,
        "vintage": "Winter 2013"
    },
    {
        "animeEng": "Miami Guns",
        "animeRomaji": "Miami Guns",
        "songName": "Kiseki no Shiro",
        "artist": "epidemic",
        "type": "Ending 1",
        "correctCount": 3,
        "startTime": 26,
        "songDuration": 89.064,
        "songNumber": 63,
        "activePlayerCount": 237,
        "LinkVideo": "https://files.catbox.moe/9a22z8.webm",
        "LinkMp3": "https://files.catbox.moe/81bbz9.mp3",
        "annId": 2596,
        "songDifficulty": 19.141000740590147,
        "vintage": "Winter 2000",
        "correctPlayers": [
            "Torradinhas",
            "TheChump",
            "Zylda"
        ]
    },
    {
        "animeEng": "Shuffle! Memories",
        "animeRomaji": "Shuffle! Memories",
        "songName": "High Tension Dreamer",
        "artist": "Miki Itou",
        "type": "Opening 3",
        "correctCount": 4,
        "startTime": 9,
        "songDuration": 122.136,
        "songNumber": 64,
        "activePlayerCount": 240,
        "LinkVideo": "https://files.catbox.moe/uuw27z.webm",
        "LinkMp3": "https://files.catbox.moe/c3i34o.mp3",
        "annId": 7059,
        "songDifficulty": 9.506096976143974,
        "vintage": "Winter 2007",
        "correctPlayers": [
            "Heyko",
            "AKl",
            "gaaw",
            "kaghey"
        ]
    },
    {
        "animeEng": "SUPER HXEROS",
        "animeRomaji": "Dokyuu Hentai HxEros",
        "songName": "Wake Up H\u00d7ERO!",
        "artist": "HXEROS SYNDROMES feat. Yoshitsugu Matsuoka",
        "type": "Opening 1",
        "correctCount": 75,
        "startTime": 29,
        "songDuration": 88.56,
        "songNumber": 65,
        "activePlayerCount": 239,
        "LinkVideo": "https://files.catbox.moe/affc43.webm",
        "LinkMp3": "https://files.catbox.moe/i4yvhz.mp3",
        "annId": 22606,
        "songDifficulty": 28.55992607732274,
        "vintage": "Summer 2020"
    },
    {
        "animeEng": "Nakoruru: Ano Hito kara no Okurimono",
        "animeRomaji": "Nakoruru: Ano Hito kara no Okurimono",
        "songName": "Fujo no Denshoubai",
        "artist": "Harumi Ikoma",
        "type": "Ending 1",
        "correctCount": 3,
        "startTime": 31,
        "songDuration": 123.288,
        "songNumber": 66,
        "activePlayerCount": 238,
        "LinkVideo": "https://files.catbox.moe/fx2zac.webm",
        "LinkMp3": "https://files.catbox.moe/xya74o.mp3",
        "annId": 2147,
        "songDifficulty": 5.116375384553109,
        "vintage": "Spring 2002",
        "correctPlayers": [
            "AKl",
            "Amipsy",
            "Bai"
        ]
    },
    {
        "animeEng": "The Wonderful World of Puss 'N Boots",
        "animeRomaji": "Nagagutsu o Haita Neko",
        "songName": "Shiawase wa Doko Ni",
        "artist": "Rumi Sakakibara",
        "type": "Insert Song",
        "correctCount": 3,
        "startTime": 96,
        "songDuration": 164.616,
        "songNumber": 67,
        "activePlayerCount": 237,
        "LinkVideo": "https://files.catbox.moe/3y25ht.webm",
        "LinkMp3": "https://files.catbox.moe/u3bv5p.mp3",
        "annId": 3799,
        "songDifficulty": 5.596051261745444,
        "vintage": "Winter 1969",
        "correctPlayers": [
            "Anwonu",
            "Hooman",
            "gaaw"
        ]
    },
    {
        "animeEng": "The Wonderful Wizard of Oz",
        "animeRomaji": "Oz no Mahoutsukai",
        "songName": "Mahou no Crayon",
        "artist": "Kumiko Oosugi & Ema Oosugi",
        "type": "Ending 1",
        "correctCount": 2,
        "startTime": 9,
        "songDuration": 65.064,
        "songNumber": 68,
        "activePlayerCount": 237,
        "LinkVideo": "https://files.catbox.moe/x3kked.webm",
        "LinkMp3": "https://files.catbox.moe/zk6tb8.mp3",
        "annId": 1499,
        "songDifficulty": 6.340256400730299,
        "vintage": "Fall 1986",
        "correctPlayers": [
            "Orfey",
            "AKl"
        ]
    },
    {
        "animeEng": "Squid Girl",
        "animeRomaji": "Shinryaku! Ika Musume",
        "songName": "Metamerism",
        "artist": "Kanae Ito",
        "type": "Ending 1",
        "correctCount": 25,
        "startTime": 42,
        "songDuration": 90.048,
        "songNumber": 69,
        "activePlayerCount": 237,
        "LinkVideo": "https://files.catbox.moe/08syq6.webm",
        "LinkMp3": "https://files.catbox.moe/y46bss.mp3",
        "annId": 11421,
        "songDifficulty": 15.987278163580246,
        "vintage": "Fall 2010"
    },
    {
        "animeEng": "His and Her Circumstances",
        "animeRomaji": "Kareshi Kanojo no Jijou",
        "songName": "Yume no Naka e",
        "artist": "Atsuko Enomoto & Chihiro Suzuki",
        "type": "Ending 1",
        "correctCount": 42,
        "startTime": 23,
        "songDuration": 59.952,
        "songNumber": 70,
        "activePlayerCount": 237,
        "LinkVideo": "https://files.catbox.moe/n1jw9d.webm",
        "LinkMp3": "https://files.catbox.moe/hssk9z.mp3",
        "annId": 392,
        "songDifficulty": 25.20715195985309,
        "vintage": "Fall 1998"
    },
    {
        "animeEng": "Love, Chunibyo & Other Delusions!: Take On Me",
        "animeRomaji": "Chuunibyou demo Koi ga Shitai! Movie: Take On Me",
        "songName": "Sparkling Daydream",
        "artist": "ZAQ",
        "type": "Insert Song",
        "correctCount": 179,
        "startTime": 44,
        "songDuration": 161.856,
        "songNumber": 71,
        "activePlayerCount": 238,
        "LinkVideo": "https://files.catbox.moe/y4hy7k.webm",
        "LinkMp3": "https://files.catbox.moe/4vbs40.mp3",
        "annId": 19920,
        "songDifficulty": 50.49063115503658,
        "vintage": "Winter 2018"
    },
    {
        "animeEng": "22/7 (Nanabun no Nijyuuni)",
        "animeRomaji": "22/7",
        "songName": "Shampoo no Nioi ga Shita",
        "artist": "22/7",
        "type": "Insert Song",
        "correctCount": 26,
        "startTime": 59,
        "songDuration": 103.8,
        "songNumber": 72,
        "activePlayerCount": 239,
        "LinkVideo": "https://files.catbox.moe/a2ukn4.webm",
        "LinkMp3": "https://files.catbox.moe/vzezf2.mp3",
        "annId": 22353,
        "songDifficulty": 25.802178471227315,
        "vintage": "Winter 2020"
    },
    {
        "animeEng": "Pok\u00e9mon: Mega Evolution Special III",
        "animeRomaji": "Pocket Monsters XY Tokubetsu-hen: Saikyou Mega Shinka Act III",
        "songName": "Mega V (Volt)",
        "artist": "Yusuke",
        "type": "Ending 1",
        "correctCount": 154,
        "startTime": 57,
        "songDuration": 87.048,
        "songNumber": 73,
        "activePlayerCount": 240,
        "LinkVideo": "https://files.catbox.moe/6fzuga.webm",
        "LinkMp3": "https://files.catbox.moe/5mf9s2.mp3",
        "annId": 17653,
        "songDifficulty": 45.25453549947699,
        "vintage": "Winter 2015"
    },
    {
        "animeEng": "Hozuki's Coolheadedness",
        "animeRomaji": "Hoozuki no Reitetsu",
        "songName": "Dai! Jigoku Jigobushi",
        "artist": "Jigoku no Sata All Stars",
        "type": "Opening 1",
        "correctCount": 144,
        "startTime": 51,
        "songDuration": 89.016,
        "songNumber": 74,
        "activePlayerCount": 240,
        "LinkVideo": "https://files.catbox.moe/hygy55.webm",
        "LinkMp3": "https://files.catbox.moe/e9b9ep.mp3",
        "annId": 19364,
        "songDifficulty": 31.261994022651006,
        "vintage": "Fall 2017"
    },
    {
        "animeEng": "Sing \"Yesterday\" For Me",
        "animeRomaji": "Yesterday o Utatte",
        "songName": "Yesterday o Utatte",
        "artist": "agehasprings feat. Annyyy (TaNaBaTa)",
        "type": "Ending 3",
        "correctCount": 150,
        "startTime": 0,
        "songDuration": 89.616,
        "songNumber": 75,
        "activePlayerCount": 240,
        "LinkVideo": "https://files.catbox.moe/g55znm.webm",
        "LinkMp3": "https://files.catbox.moe/g0s4uo.mp3",
        "annId": 22975,
        "songDifficulty": 42.894392945811745,
        "vintage": "Spring 2020"
    },
    {
        "animeEng": "Golden Kamuy",
        "animeRomaji": "Golden Kamuy",
        "songName": "Reimei",
        "artist": "Sayuri\u00d7MY FIRST STORY",
        "type": "Opening 1",
        "correctCount": 120,
        "startTime": 32,
        "songDuration": 89.064,
        "songNumber": 76,
        "activePlayerCount": 240,
        "LinkVideo": "https://files.catbox.moe/vwuwju.webm",
        "LinkMp3": "https://files.catbox.moe/r74ii3.mp3",
        "annId": 21137,
        "songDifficulty": 33.17163329432119,
        "vintage": "Fall 2018"
    },
    {
        "animeEng": "New Captain Tsubasa",
        "animeRomaji": "Shin Captain Tsubasa",
        "songName": "So Long Dear Friend",
        "artist": "JETZT",
        "type": "Opening 1",
        "correctCount": 3,
        "startTime": 81,
        "songDuration": 129.384,
        "songNumber": 77,
        "activePlayerCount": 240,
        "LinkVideo": "https://files.catbox.moe/dg80k5.webm",
        "LinkMp3": "https://files.catbox.moe/exfiy2.mp3",
        "annId": 6198,
        "songDifficulty": 10.118184644122456,
        "vintage": "Winter 1989",
        "correctPlayers": [
            "Edwardd",
            "Linlinlin",
            "DrLolipantsu"
        ]
    },
    {
        "animeEng": "Spice and Wolf",
        "animeRomaji": "Ookami to Koushinryou",
        "songName": "Ringo Biyori",
        "artist": "ROCKY CHACK",
        "type": "Ending 1",
        "correctCount": 112,
        "startTime": 29,
        "songDuration": 89.088,
        "songNumber": 78,
        "activePlayerCount": 240,
        "LinkVideo": "https://files.catbox.moe/tp65p5.webm",
        "LinkMp3": "https://files.catbox.moe/psfu0x.mp3",
        "annId": 8537,
        "songDifficulty": 35.640487512939956,
        "vintage": "Winter 2008"
    },
    {
        "animeEng": "Aquarion",
        "animeRomaji": "Sousei no Aquarion",
        "songName": "Genesis of Aquarion",
        "artist": "AKINO featuring bless4",
        "type": "Insert Song",
        "correctCount": 128,
        "startTime": 82,
        "songDuration": 119.904,
        "songNumber": 79,
        "activePlayerCount": 241,
        "LinkVideo": "https://files.catbox.moe/5c1dyx.webm",
        "LinkMp3": "https://files.catbox.moe/47aepu.mp3",
        "annId": 4796,
        "songDifficulty": 40.91577271533613,
        "vintage": "Spring 2005"
    },
    {
        "animeEng": "Detective Conan: Sunflowers of Inferno",
        "animeRomaji": "Meitantei Conan: Gouka no Himawari",
        "songName": "Oh! Rival",
        "artist": "Porno Graffitti",
        "type": "Ending 1",
        "correctCount": 40,
        "startTime": 134,
        "songDuration": 245.52,
        "songNumber": 80,
        "activePlayerCount": 239,
        "LinkVideo": "https://files.catbox.moe/cx864q.webm",
        "LinkMp3": "https://files.catbox.moe/9ndhud.mp3",
        "annId": 16837,
        "songDifficulty": 20.97280170565899,
        "vintage": "Spring 2015"
    },
    {
        "animeEng": "My Bride is a Mermaid",
        "animeRomaji": "Seto no Hanayome",
        "songName": "Namida Ichirin",
        "artist": "Makiko Nabei",
        "type": "Insert Song",
        "correctCount": 3,
        "startTime": 38,
        "songDuration": 78.648,
        "songNumber": 81,
        "activePlayerCount": 239,
        "LinkVideo": "https://files.catbox.moe/fulrae.webm",
        "LinkMp3": "https://files.catbox.moe/dmtxlg.mp3",
        "annId": 7460,
        "songDifficulty": 15.21624580602372,
        "vintage": "Spring 2007",
        "correctPlayers": [
            "Zabr",
            "Torradinhas",
            "channina"
        ]
    },
    {
        "animeEng": "God Mars",
        "animeRomaji": "Rokushin Gattai God Mars",
        "songName": "Uchuu no Ouja God Mars",
        "artist": "Ippo Hiura",
        "type": "Insert Song",
        "correctCount": 23,
        "startTime": 12,
        "songDuration": 89.88,
        "songNumber": 82,
        "activePlayerCount": 239,
        "LinkVideo": "https://files.catbox.moe/87pzzz.webm",
        "LinkMp3": "https://files.catbox.moe/9ky0nk.mp3",
        "annId": 3756,
        "songDifficulty": "Unrated",
        "vintage": "Fall 1982"
    },
    {
        "animeEng": "Gundam Build Divers",
        "animeRomaji": "Gundam Build Divers",
        "songName": "Infinity",
        "artist": "SWANKY DANK",
        "type": "Opening 2",
        "correctCount": 13,
        "startTime": 47,
        "songDuration": 89.051425,
        "songNumber": 83,
        "activePlayerCount": 239,
        "LinkVideo": "https://files.catbox.moe/rv5obx.webm",
        "LinkMp3": "https://files.catbox.moe/94x4bx.mp3",
        "annId": 20601,
        "songDifficulty": 18.357209901183563,
        "vintage": "Spring 2018"
    },
    {
        "animeEng": "Magical Angel Creamy Mami",
        "animeRomaji": "Mahou no Tenshi Creamy Mami",
        "songName": "Pajama no Mama de",
        "artist": "Takako Ohta",
        "type": "Ending 1",
        "correctCount": 18,
        "startTime": 25,
        "songDuration": 68.664,
        "songNumber": 84,
        "activePlayerCount": 239,
        "LinkVideo": "https://files.catbox.moe/k925tk.webm",
        "LinkMp3": "https://files.catbox.moe/hxxwn9.mp3",
        "annId": 1284,
        "songDifficulty": 13.866529561705509,
        "vintage": "Summer 1983"
    },
    {
        "animeEng": "Mini Vanguard",
        "animeRomaji": "Mini Van",
        "songName": "Mirai SKETCH!",
        "artist": "Ultra Rare",
        "type": "Ending 1",
        "correctCount": 12,
        "startTime": 0,
        "songDuration": 26.544,
        "songNumber": 85,
        "activePlayerCount": 233,
        "LinkVideo": "https://files.catbox.moe/eim6ra.webm",
        "LinkMp3": "https://files.catbox.moe/9hcyeu.mp3",
        "annId": 22406,
        "songDifficulty": 17.224626270544984,
        "vintage": "Spring 2013"
    }
]